experiment_id,scope,horizon_bucket,n,MAE,RMSE,nMAE,nMAE_pct,Bias,R2,turbine_id,lead_hours
HistoricalMean__Baseline__global__default,horizon_bucket,D1,5776,0.3182755152739543,0.3603878325463492,0.3182755152739543,31.827551527395432,0.0003940425818521747,0.013983925157120436,,
HistoricalMean__Baseline__global__default,horizon_bucket,D2,5776,0.3182755152739543,0.3603878325463492,0.3182755152739543,31.827551527395432,0.0003940425818521747,0.013983925157120436,,
HistoricalMean__Baseline__global__default,turbine_id,,5782,0.3195077614638791,0.3616594709592174,0.3195077614638791,31.95077614638791,0.0019147058932398298,0.010641891925411873,turbine_1,
HistoricalMean__Baseline__global__default,turbine_id,,5770,0.3170407063536519,0.35910903245977766,0.3170407063536519,31.704070635365188,-0.001129783287548776,0.01713078584760197,turbine_2,
HistoricalMean__Baseline__global__default,turbine_id+horizon_bucket,D1,2891,0.3195077614638791,0.3616594709592174,0.3195077614638791,31.95077614638791,0.0019147058932398346,0.010641891925411873,turbine_1,
HistoricalMean__Baseline__global__default,turbine_id+horizon_bucket,D2,2891,0.3195077614638791,0.3616594709592174,0.3195077614638791,31.95077614638791,0.0019147058932398346,0.010641891925411873,turbine_1,
HistoricalMean__Baseline__global__default,turbine_id+horizon_bucket,D1,2885,0.3170407063536519,0.35910903245977766,0.3170407063536519,31.704070635365188,-0.001129783287548771,0.017130785847602192,turbine_2,
HistoricalMean__Baseline__global__default,turbine_id+horizon_bucket,D2,2885,0.3170407063536519,0.35910903245977766,0.3170407063536519,31.704070635365188,-0.001129783287548771,0.017130785847602192,turbine_2,
HistoricalMean__Baseline__global__default,lead_hours,,242,0.28298955731366515,0.3249960631072101,0.28298955731366515,28.298955731366515,0.04882373644987119,-0.026402039947177824,,1.0
HistoricalMean__Baseline__global__default,lead_hours,,242,0.28174519135170306,0.3271835169435575,0.28174519135170306,28.174519135170307,0.03329845983714352,-0.013706848194344534,,2.0
HistoricalMean__Baseline__global__default,lead_hours,,242,0.29678729519888963,0.33823528310491074,0.29678729519888963,29.678729519888964,0.03452689057834035,-0.013906962597914907,,3.0
HistoricalMean__Baseline__global__default,lead_hours,,242,0.2980059321157489,0.3406032529502752,0.2980059321157489,29.80059321157489,0.027190412638378635,-0.009228744076257955,,4.0
HistoricalMean__Baseline__global__default,lead_hours,,242,0.30192198050027175,0.3466626079292124,0.30192198050027175,30.192198050027173,0.022239743821973357,-0.006247420264922088,,5.0
HistoricalMean__Baseline__global__default,lead_hours,,241,0.30305154410018603,0.34145542318938227,0.30305154410018603,30.305154410018602,0.0420450985336922,-0.017020337318917056,,6.0
HistoricalMean__Baseline__global__default,lead_hours,,239,0.29415804856674943,0.33403572739455245,0.29415804856674943,29.415804856674942,0.03428039515418218,-0.01254172973480272,,7.0
HistoricalMean__Baseline__global__default,lead_hours,,239,0.30678395153603,0.3472326208067185,0.30678395153603,30.678395153603,0.019951366396039703,-0.005190516959589164,,8.0
HistoricalMean__Baseline__global__default,lead_hours,,239,0.3253693542308883,0.3621558188571168,0.3253693542308883,32.53693542308883,0.0370427274192516,-0.012551126304637839,,9.0
HistoricalMean__Baseline__global__default,lead_hours,,236,0.3516541826350948,0.38344289911924373,0.3516541826350948,35.16541826350948,0.03547942137663258,-0.009954041575868766,,10.0
HistoricalMean__Baseline__global__default,lead_hours,,240,0.3636561083108238,0.39613057831589105,0.3636561083108238,36.36561083108238,0.025990120753005053,-0.006421131173712569,,11.0
HistoricalMean__Baseline__global__default,lead_hours,,240,0.35783158112713515,0.39402886819024285,0.35783158112713515,35.783158112713515,-0.019740831352723007,-0.006722770544631107,,12.0
HistoricalMean__Baseline__global__default,lead_hours,,240,0.35972196329170836,0.39852596098339105,0.35972196329170836,35.972196329170835,-0.06111145257493937,-0.027906104110878127,,13.0
HistoricalMean__Baseline__global__default,lead_hours,,240,0.3565672720311698,0.39354998220894216,0.3565672720311698,35.65672720311698,-0.07056504667108449,-0.037031051380254754,,14.0
HistoricalMean__Baseline__global__default,lead_hours,,239,0.3484373986384736,0.38914649457516093,0.3484373986384736,34.84373986384736,-0.05917982873518169,-0.026862831250111574,,15.0
HistoricalMean__Baseline__global__default,lead_hours,,241,0.33847534806038854,0.38081440894652246,0.33847534806038854,33.84753480603885,-0.05221326413003765,-0.020663715563450147,,16.0
HistoricalMean__Baseline__global__default,lead_hours,,242,0.3382245539063776,0.383708161535107,0.3382245539063776,33.822455390637764,-0.04912833414114179,-0.017686311948780453,,17.0
HistoricalMean__Baseline__global__default,lead_hours,,242,0.3197122158210258,0.3647138331504268,0.3197122158210258,31.971221582102583,-0.03651386703570705,-0.011374881871215603,,18.0
HistoricalMean__Baseline__global__default,lead_hours,,240,0.3252412080987464,0.36381704835856477,0.3252412080987464,32.52412080987464,-0.03185433340018172,-0.00918809641702123,,19.0
HistoricalMean__Baseline__global__default,lead_hours,,242,0.3167948339017304,0.35721766163926827,0.3167948339017304,31.67948339017304,-0.022119288512320413,-0.005057983757751572,,20.0
HistoricalMean__Baseline__global__default,lead_hours,,242,0.2961921273495538,0.34560927678070424,0.2961921273495538,29.61921273495538,-0.008205152447091201,-0.0022077208293815875,,21.0
HistoricalMean__Baseline__global__default,lead_hours,,240,0.2981735660675501,0.3462701707949683,0.2981735660675501,29.81735660675501,0.007936240616847631,-0.001673681028512508,,22.0
HistoricalMean__Baseline__global__default,lead_hours,,242,0.29086457758833173,0.3399026626090666,0.29086457758833173,29.086457758833173,0.01724973490059626,-0.005157528208977968,,23.0
HistoricalMean__Baseline__global__default,lead_hours,,242,0.2883735052292533,0.3326757274471705,0.2883735052292533,28.83735052292533,0.0339832145363811,-0.01365673545693058,,24.0
HistoricalMean__Baseline__global__default,lead_hours,,242,0.28298955731366515,0.3249960631072101,0.28298955731366515,28.298955731366515,0.04882373644987119,-0.026402039947177824,,25.0
HistoricalMean__Baseline__global__default,lead_hours,,242,0.28174519135170306,0.3271835169435575,0.28174519135170306,28.174519135170307,0.03329845983714352,-0.013706848194344534,,26.0
HistoricalMean__Baseline__global__default,lead_hours,,242,0.29678729519888963,0.33823528310491074,0.29678729519888963,29.678729519888964,0.03452689057834035,-0.013906962597914907,,27.0
HistoricalMean__Baseline__global__default,lead_hours,,242,0.2980059321157489,0.3406032529502752,0.2980059321157489,29.80059321157489,0.027190412638378635,-0.009228744076257955,,28.0
HistoricalMean__Baseline__global__default,lead_hours,,242,0.30192198050027175,0.3466626079292124,0.30192198050027175,30.192198050027173,0.022239743821973357,-0.006247420264922088,,29.0
HistoricalMean__Baseline__global__default,lead_hours,,241,0.30305154410018603,0.34145542318938227,0.30305154410018603,30.305154410018602,0.0420450985336922,-0.017020337318917056,,30.0
HistoricalMean__Baseline__global__default,lead_hours,,239,0.29415804856674943,0.33403572739455245,0.29415804856674943,29.415804856674942,0.03428039515418218,-0.01254172973480272,,31.0
HistoricalMean__Baseline__global__default,lead_hours,,239,0.30678395153603,0.3472326208067185,0.30678395153603,30.678395153603,0.019951366396039703,-0.005190516959589164,,32.0
HistoricalMean__Baseline__global__default,lead_hours,,239,0.3253693542308883,0.3621558188571168,0.3253693542308883,32.53693542308883,0.0370427274192516,-0.012551126304637839,,33.0
HistoricalMean__Baseline__global__default,lead_hours,,236,0.3516541826350948,0.38344289911924373,0.3516541826350948,35.16541826350948,0.03547942137663258,-0.009954041575868766,,34.0
HistoricalMean__Baseline__global__default,lead_hours,,240,0.3636561083108238,0.39613057831589105,0.3636561083108238,36.36561083108238,0.025990120753005053,-0.006421131173712569,,35.0
HistoricalMean__Baseline__global__default,lead_hours,,240,0.35783158112713515,0.39402886819024285,0.35783158112713515,35.783158112713515,-0.019740831352723007,-0.006722770544631107,,36.0
HistoricalMean__Baseline__global__default,lead_hours,,240,0.35972196329170836,0.39852596098339105,0.35972196329170836,35.972196329170835,-0.06111145257493937,-0.027906104110878127,,37.0
HistoricalMean__Baseline__global__default,lead_hours,,240,0.3565672720311698,0.39354998220894216,0.3565672720311698,35.65672720311698,-0.07056504667108449,-0.037031051380254754,,38.0
HistoricalMean__Baseline__global__default,lead_hours,,239,0.3484373986384736,0.38914649457516093,0.3484373986384736,34.84373986384736,-0.05917982873518169,-0.026862831250111574,,39.0
HistoricalMean__Baseline__global__default,lead_hours,,241,0.33847534806038854,0.38081440894652246,0.33847534806038854,33.84753480603885,-0.05221326413003765,-0.020663715563450147,,40.0
HistoricalMean__Baseline__global__default,lead_hours,,242,0.3382245539063776,0.383708161535107,0.3382245539063776,33.822455390637764,-0.04912833414114179,-0.017686311948780453,,41.0
HistoricalMean__Baseline__global__default,lead_hours,,242,0.3197122158210258,0.3647138331504268,0.3197122158210258,31.971221582102583,-0.03651386703570705,-0.011374881871215603,,42.0
HistoricalMean__Baseline__global__default,lead_hours,,240,0.3252412080987464,0.36381704835856477,0.3252412080987464,32.52412080987464,-0.03185433340018172,-0.00918809641702123,,43.0
HistoricalMean__Baseline__global__default,lead_hours,,242,0.3167948339017304,0.35721766163926827,0.3167948339017304,31.67948339017304,-0.022119288512320413,-0.005057983757751572,,44.0
HistoricalMean__Baseline__global__default,lead_hours,,242,0.2961921273495538,0.34560927678070424,0.2961921273495538,29.61921273495538,-0.008205152447091201,-0.0022077208293815875,,45.0
HistoricalMean__Baseline__global__default,lead_hours,,240,0.2981735660675501,0.3462701707949683,0.2981735660675501,29.81735660675501,0.007936240616847631,-0.001673681028512508,,46.0
HistoricalMean__Baseline__global__default,lead_hours,,242,0.29086457758833173,0.3399026626090666,0.29086457758833173,29.086457758833173,0.01724973490059626,-0.005157528208977968,,47.0
HistoricalMean__Baseline__global__default,lead_hours,,242,0.2883735052292533,0.3326757274471705,0.2883735052292533,28.83735052292533,0.0339832145363811,-0.01365673545693058,,48.0
HistoricalMedian__Baseline__global__default,horizon_bucket,D1,5776,0.300859735687904,0.3848757654432443,0.300859735687904,30.085973568790397,-0.13607326292705446,-0.12456583901123142,,
HistoricalMedian__Baseline__global__default,horizon_bucket,D2,5776,0.300859735687904,0.3848757654432443,0.300859735687904,30.085973568790397,-0.13607326292705446,-0.12456583901123142,,
HistoricalMedian__Baseline__global__default,turbine_id,,5782,0.3024674276490257,0.3844903889053839,0.3024674276490257,30.246742764902567,-0.1316142050040355,-0.11821369899304868,turbine_1,
HistoricalMedian__Baseline__global__default,turbine_id,,5770,0.29924870017331023,0.38526155676267376,0.29924870017331023,29.924870017331024,-0.1405415944540728,-0.13123914499301104,turbine_2,
HistoricalMedian__Baseline__global__default,turbine_id+horizon_bucket,D1,2891,0.3024674276490257,0.38449038890538395,0.3024674276490257,30.246742764902567,-0.1316142050040355,-0.1182136989930489,turbine_1,
HistoricalMedian__Baseline__global__default,turbine_id+horizon_bucket,D2,2891,0.3024674276490257,0.38449038890538395,0.3024674276490257,30.246742764902567,-0.1316142050040355,-0.1182136989930489,turbine_1,
HistoricalMedian__Baseline__global__default,turbine_id+horizon_bucket,D1,2885,0.29924870017331023,0.38526155676267376,0.29924870017331023,29.924870017331024,-0.14054159445407277,-0.13123914499301104,turbine_2,
HistoricalMedian__Baseline__global__default,turbine_id+horizon_bucket,D2,2885,0.29924870017331023,0.38526155676267376,0.29924870017331023,29.924870017331024,-0.14054159445407277,-0.13123914499301104,turbine_2,
HistoricalMedian__Baseline__global__default,lead_hours,,242,0.24954201101928375,0.3388203647283281,0.24954201101928375,24.954201101928376,-0.10715220385674931,-0.11557896701148995,,1.0
HistoricalMedian__Baseline__global__default,lead_hours,,242,0.25835743801652894,0.34529255488917165,0.25835743801652894,25.835743801652892,-0.11439049586776859,-0.1290260857102219,,2.0
HistoricalMedian__Baseline__global__default,lead_hours,,242,0.2606990358126722,0.35909629918598795,0.2606990358126722,26.06990358126722,-0.12381198347107437,-0.14283135100227495,,3.0
HistoricalMedian__Baseline__global__default,lead_hours,,242,0.2719593663911846,0.3616825708059394,0.2719593663911846,27.19593663911846,-0.12287534435261709,-0.13801291397612592,,4.0
HistoricalMedian__Baseline__global__default,lead_hours,,242,0.27673553719008265,0.369461518416262,0.27673553719008265,27.673553719008265,-0.12811294765840223,-0.14295518397900597,,5.0
HistoricalMedian__Baseline__global__default,lead_hours,,241,0.2654529737206086,0.3562144363198837,0.2654529737206086,26.545297372060862,-0.10711964038727524,-0.10683947643730751,,6.0
HistoricalMedian__Baseline__global__default,lead_hours,,239,0.2622175732217573,0.3577954511229265,0.2622175732217573,26.221757322175733,-0.13173640167364017,-0.16170730504821118,,7.0
HistoricalMedian__Baseline__global__default,lead_hours,,239,0.2797803347280335,0.37108198455436897,0.2797803347280335,27.97803347280335,-0.1319002789400279,-0.1480137436911393,,8.0
HistoricalMedian__Baseline__global__default,lead_hours,,239,0.28675034867503485,0.38133514436667026,0.28675034867503485,28.675034867503484,-0.12338912133891214,-0.12263787623122058,,9.0
HistoricalMedian__Baseline__global__default,lead_hours,,236,0.3104978813559322,0.4035354257149773,0.3104978813559322,31.04978813559322,-0.1296151129943503,-0.11857097449730114,,10.0
HistoricalMedian__Baseline__global__default,lead_hours,,240,0.32819097222222215,0.4133237041049061,0.32819097222222215,32.81909722222222,-0.12163541666666668,-0.0956797529011586,,11.0
HistoricalMedian__Baseline__global__default,lead_hours,,240,0.3489375,0.4240911783405737,0.3489375,34.893750000000004,-0.1561597222222222,-0.16619798499878446,,12.0
HistoricalMedian__Baseline__global__default,lead_hours,,240,0.3629791666666667,0.43987767265246386,0.3629791666666667,36.297916666666666,-0.1946388888888889,-0.2522875036672274,,13.0
HistoricalMedian__Baseline__global__default,lead_hours,,240,0.36337500000000006,0.4485415795788737,0.36337500000000006,36.337500000000006,-0.225875,-0.34709238940560394,,14.0
HistoricalMedian__Baseline__global__default,lead_hours,,239,0.35170153417015343,0.4285646988136914,0.35170153417015343,35.17015341701534,-0.18832635983263596,-0.24542901378605886,,15.0
HistoricalMedian__Baseline__global__default,lead_hours,,241,0.34172890733056704,0.4157352868387693,0.34172890733056704,34.172890733056704,-0.17500691562932225,-0.21643724036020884,,16.0
HistoricalMedian__Baseline__global__default,lead_hours,,242,0.335633608815427,0.4155453230621476,0.335633608815427,33.5633608815427,-0.16702479338842977,-0.1935720959053182,,17.0
HistoricalMedian__Baseline__global__default,lead_hours,,242,0.3192561983471074,0.38900079640682267,0.3192561983471074,31.925619834710737,-0.13960743801652892,-0.15055841362826583,,18.0
HistoricalMedian__Baseline__global__default,lead_hours,,240,0.326,0.3848954959779005,0.326,32.6,-0.13036805555555556,-0.12951417395703224,,19.0
HistoricalMedian__Baseline__global__default,lead_hours,,242,0.31465909090909083,0.3758396744073008,0.31465909090909083,31.465909090909083,-0.11919077134986225,-0.11257812734294648,,20.0
HistoricalMedian__Baseline__global__default,lead_hours,,242,0.2886983471074381,0.3641863738198246,0.2886983471074381,28.86983471074381,-0.11557162534435261,-0.11284414869454817,,21.0
HistoricalMedian__Baseline__global__default,lead_hours,,240,0.2789409722222222,0.36555356218850293,0.2789409722222222,27.894097222222218,-0.11732986111111109,-0.11634425345068466,,22.0
HistoricalMedian__Baseline__global__default,lead_hours,,242,0.27484159779614326,0.3533180482945765,0.27484159779614326,27.484159779614327,-0.09862947658402203,-0.0860670601409732,,23.0
HistoricalMedian__Baseline__global__default,lead_hours,,242,0.2653546831955923,0.3451492412527858,0.2653546831955923,26.53546831955923,-0.09762741046831952,-0.09109490073758209,,24.0
HistoricalMedian__Baseline__global__default,lead_hours,,242,0.24954201101928375,0.3388203647283281,0.24954201101928375,24.954201101928376,-0.10715220385674931,-0.11557896701148995,,25.0
HistoricalMedian__Baseline__global__default,lead_hours,,242,0.25835743801652894,0.34529255488917165,0.25835743801652894,25.835743801652892,-0.11439049586776859,-0.1290260857102219,,26.0
HistoricalMedian__Baseline__global__default,lead_hours,,242,0.2606990358126722,0.35909629918598795,0.2606990358126722,26.06990358126722,-0.12381198347107437,-0.14283135100227495,,27.0
HistoricalMedian__Baseline__global__default,lead_hours,,242,0.2719593663911846,0.3616825708059394,0.2719593663911846,27.19593663911846,-0.12287534435261709,-0.13801291397612592,,28.0
HistoricalMedian__Baseline__global__default,lead_hours,,242,0.27673553719008265,0.369461518416262,0.27673553719008265,27.673553719008265,-0.12811294765840223,-0.14295518397900597,,29.0
HistoricalMedian__Baseline__global__default,lead_hours,,241,0.2654529737206086,0.3562144363198837,0.2654529737206086,26.545297372060862,-0.10711964038727524,-0.10683947643730751,,30.0
HistoricalMedian__Baseline__global__default,lead_hours,,239,0.2622175732217573,0.3577954511229265,0.2622175732217573,26.221757322175733,-0.13173640167364017,-0.16170730504821118,,31.0
HistoricalMedian__Baseline__global__default,lead_hours,,239,0.2797803347280335,0.37108198455436897,0.2797803347280335,27.97803347280335,-0.1319002789400279,-0.1480137436911393,,32.0
HistoricalMedian__Baseline__global__default,lead_hours,,239,0.28675034867503485,0.38133514436667026,0.28675034867503485,28.675034867503484,-0.12338912133891214,-0.12263787623122058,,33.0
HistoricalMedian__Baseline__global__default,lead_hours,,236,0.3104978813559322,0.4035354257149773,0.3104978813559322,31.04978813559322,-0.1296151129943503,-0.11857097449730114,,34.0
HistoricalMedian__Baseline__global__default,lead_hours,,240,0.32819097222222215,0.4133237041049061,0.32819097222222215,32.81909722222222,-0.12163541666666668,-0.0956797529011586,,35.0
HistoricalMedian__Baseline__global__default,lead_hours,,240,0.3489375,0.4240911783405737,0.3489375,34.893750000000004,-0.1561597222222222,-0.16619798499878446,,36.0
HistoricalMedian__Baseline__global__default,lead_hours,,240,0.3629791666666667,0.43987767265246386,0.3629791666666667,36.297916666666666,-0.1946388888888889,-0.2522875036672274,,37.0
HistoricalMedian__Baseline__global__default,lead_hours,,240,0.36337500000000006,0.4485415795788737,0.36337500000000006,36.337500000000006,-0.225875,-0.34709238940560394,,38.0
HistoricalMedian__Baseline__global__default,lead_hours,,239,0.35170153417015343,0.4285646988136914,0.35170153417015343,35.17015341701534,-0.18832635983263596,-0.24542901378605886,,39.0
HistoricalMedian__Baseline__global__default,lead_hours,,241,0.34172890733056704,0.4157352868387693,0.34172890733056704,34.172890733056704,-0.17500691562932225,-0.21643724036020884,,40.0
HistoricalMedian__Baseline__global__default,lead_hours,,242,0.335633608815427,0.4155453230621476,0.335633608815427,33.5633608815427,-0.16702479338842977,-0.1935720959053182,,41.0
HistoricalMedian__Baseline__global__default,lead_hours,,242,0.3192561983471074,0.38900079640682267,0.3192561983471074,31.925619834710737,-0.13960743801652892,-0.15055841362826583,,42.0
HistoricalMedian__Baseline__global__default,lead_hours,,240,0.326,0.3848954959779005,0.326,32.6,-0.13036805555555556,-0.12951417395703224,,43.0
HistoricalMedian__Baseline__global__default,lead_hours,,242,0.31465909090909083,0.3758396744073008,0.31465909090909083,31.465909090909083,-0.11919077134986225,-0.11257812734294648,,44.0
HistoricalMedian__Baseline__global__default,lead_hours,,242,0.2886983471074381,0.3641863738198246,0.2886983471074381,28.86983471074381,-0.11557162534435261,-0.11284414869454817,,45.0
HistoricalMedian__Baseline__global__default,lead_hours,,240,0.2789409722222222,0.36555356218850293,0.2789409722222222,27.894097222222218,-0.11732986111111109,-0.11634425345068466,,46.0
HistoricalMedian__Baseline__global__default,lead_hours,,242,0.27484159779614326,0.3533180482945765,0.27484159779614326,27.484159779614327,-0.09862947658402203,-0.0860670601409732,,47.0
HistoricalMedian__Baseline__global__default,lead_hours,,242,0.2653546831955923,0.3451492412527858,0.2653546831955923,26.53546831955923,-0.09762741046831952,-0.09109490073758209,,48.0
Persistence__Baseline__global__default,horizon_bucket,D1,5776,0.34660866805170826,0.4527882656049393,0.34660866805170826,34.660866805170826,-0.18683546860572484,-0.5564460869263179,,
Persistence__Baseline__global__default,horizon_bucket,D2,5776,0.3511772853185596,0.4573625211178759,0.3511772853185596,35.11772853185596,-0.182856648199446,-0.5880526683156022,,
Persistence__Baseline__global__default,turbine_id,,5782,0.350430070333218,0.4570807449144365,0.350430070333218,35.0430070333218,-0.1889767093277989,-0.5803005269695845,turbine_1,
Persistence__Baseline__global__default,turbine_id,,5770,0.3473526863084922,0.4530685251532028,0.3473526863084922,34.73526863084922,-0.18070681686886195,-0.5644830409020243,turbine_2,
Persistence__Baseline__global__default,turbine_id+horizon_bucket,D1,2891,0.348298743226104,0.4550917558953023,0.348298743226104,34.8298743226104,-0.1909022252968984,-0.5665770804919461,turbine_1,
Persistence__Baseline__global__default,turbine_id+horizon_bucket,D2,2891,0.35256139744033205,0.4590611162570871,0.35256139744033205,35.256139744033206,-0.1870511933586994,-0.5940239734472226,turbine_1,
Persistence__Baseline__global__default,turbine_id+horizon_bucket,D1,2885,0.34491507798960136,0.45046816907084875,0.34491507798960136,34.491507798960136,-0.1827602541883304,-0.5465760879815695,turbine_2,
Persistence__Baseline__global__default,turbine_id+horizon_bucket,D2,2885,0.34979029462738304,0.45565404159620265,0.34979029462738304,34.9790294627383,-0.1786533795493934,-0.5823899938224795,turbine_2,
Persistence__Baseline__global__default,lead_hours,,242,0.30998622589531677,0.40643486822863684,0.30998622589531677,30.998622589531678,-0.12049586776859506,-0.6052520184489558,,1.0
Persistence__Baseline__global__default,lead_hours,,242,0.32292011019283745,0.41533561500861227,0.32292011019283745,32.29201101928375,-0.13169421487603306,-0.6335329329246662,,2.0
Persistence__Baseline__global__default,lead_hours,,242,0.32392561983471074,0.42010944068035455,0.32392561983471074,32.392561983471076,-0.12210743801652893,-0.5641743838158337,,3.0
Persistence__Baseline__global__default,lead_hours,,242,0.318168044077135,0.4167775059187493,0.318168044077135,31.8168044077135,-0.1228374655647383,-0.5111256288346449,,4.0
Persistence__Baseline__global__default,lead_hours,,242,0.31856060606060604,0.4183575745064547,0.31856060606060604,31.856060606060606,-0.12284435261707988,-0.46550077723503325,,5.0
Persistence__Baseline__global__default,lead_hours,,241,0.3027385892116183,0.3986118143199533,0.3027385892116183,30.27385892116183,-0.10546334716459199,-0.3859958849902847,,6.0
Persistence__Baseline__global__default,lead_hours,,239,0.29825662482566245,0.3871672624006954,0.29825662482566245,29.825662482566244,-0.10997210599721058,-0.3602675756287044,,7.0
Persistence__Baseline__global__default,lead_hours,,239,0.3194909344490935,0.40854934086809686,0.3194909344490935,31.949093444909348,-0.1343723849372385,-0.3915421784328643,,8.0
Persistence__Baseline__global__default,lead_hours,,239,0.330718270571827,0.4270578886525151,0.330718270571827,33.0718270571827,-0.14933751743375173,-0.4079898474018775,,9.0
Persistence__Baseline__global__default,lead_hours,,236,0.34686440677966096,0.4535554768950199,0.34686440677966096,34.6864406779661,-0.1744491525423729,-0.4130614338464935,,10.0
Persistence__Baseline__global__default,lead_hours,,240,0.3465972222222222,0.46561267383635196,0.3465972222222222,34.65972222222222,-0.19624999999999998,-0.39044110185206105,,11.0
Persistence__Baseline__global__default,lead_hours,,240,0.3723472222222223,0.4874529891863077,0.3723472222222223,37.234722222222224,-0.24531944444444448,-0.5407042667034301,,12.0
Persistence__Baseline__global__default,lead_hours,,240,0.40352777777777776,0.5091254756933697,0.40352777777777776,40.352777777777774,-0.2753055555555555,-0.6776056010368081,,13.0
Persistence__Baseline__global__default,lead_hours,,240,0.40031944444444445,0.5042431989662366,0.40031944444444445,40.03194444444445,-0.2782777777777778,-0.7024409806317902,,14.0
Persistence__Baseline__global__default,lead_hours,,239,0.3913179916317992,0.5028075176586364,0.3913179916317992,39.13179916317992,-0.27487447698744766,-0.7143114016632544,,15.0
Persistence__Baseline__global__default,lead_hours,,241,0.3800207468879668,0.49649315385120435,0.3800207468879668,38.002074688796675,-0.25913554633471647,-0.734932008962969,,16.0
Persistence__Baseline__global__default,lead_hours,,242,0.3859917355371901,0.5037219369010398,0.3859917355371901,38.599173553719005,-0.253801652892562,-0.7538546109198778,,17.0
Persistence__Baseline__global__default,lead_hours,,242,0.38530303030303026,0.49149322243051646,0.38530303030303026,38.530303030303024,-0.24531680440771347,-0.8367191686880882,,18.0
Persistence__Baseline__global__default,lead_hours,,240,0.3810833333333334,0.489121638094096,0.3810833333333334,38.10833333333334,-0.24466666666666667,-0.8240627678889185,,19.0
Persistence__Baseline__global__default,lead_hours,,242,0.37287878787878787,0.4800342666449466,0.37287878787878787,37.28787878787879,-0.23931129476584026,-0.8149712558705846,,20.0
Persistence__Baseline__global__default,lead_hours,,242,0.34219008264462814,0.453326066422067,0.34219008264462814,34.219008264462815,-0.21101928374655646,-0.7242822020780733,,21.0
Persistence__Baseline__global__default,lead_hours,,240,0.33170833333333327,0.4380093859978599,0.33170833333333327,33.17083333333333,-0.17670833333333333,-0.6027394783250433,,22.0
Persistence__Baseline__global__default,lead_hours,,242,0.3157162534435261,0.42998574516701354,0.3157162534435261,31.57162534435261,-0.15692837465564735,-0.608544621032924,,23.0
Persistence__Baseline__global__default,lead_hours,,242,0.31865013774104683,0.42407897284186535,0.31865013774104683,31.865013774104682,-0.13468319559228648,-0.6471841654454646,,24.0
Persistence__Baseline__global__default,lead_hours,,242,0.3126239669421488,0.40884365423571806,0.3126239669421488,31.26239669421488,-0.11660468319559227,-0.6243358479330916,,25.0
Persistence__Baseline__global__default,lead_hours,,242,0.3204889807162535,0.41373296407796456,0.3204889807162535,32.048898071625345,-0.12780303030303033,-0.6209506645631402,,26.0
Persistence__Baseline__global__default,lead_hours,,242,0.31948347107438013,0.4124373648080483,0.31948347107438013,31.948347107438014,-0.11821625344352615,-0.5075658593474164,,27.0
Persistence__Baseline__global__default,lead_hours,,242,0.31464876033057854,0.4119352159386168,0.31464876033057854,31.464876033057855,-0.11894628099173554,-0.4762158716617193,,28.0
Persistence__Baseline__global__default,lead_hours,,242,0.31516528925619836,0.413232542363198,0.31516528925619836,31.516528925619834,-0.11895316804407711,-0.4298148740402885,,29.0
Persistence__Baseline__global__default,lead_hours,,241,0.29914937759336097,0.3950905931093342,0.29914937759336097,29.914937759336098,-0.10155601659751037,-0.3616170686959639,,30.0
Persistence__Baseline__global__default,lead_hours,,239,0.294023709902371,0.38560817643933143,0.294023709902371,29.4023709902371,-0.1060320781032078,-0.3493342958396082,,31.0
Persistence__Baseline__global__default,lead_hours,,239,0.31852161785216176,0.410686513494589,0.31852161785216176,31.852161785216175,-0.13043235704323572,-0.4061389193769027,,32.0
Persistence__Baseline__global__default,lead_hours,,239,0.3330543933054393,0.4311698756241514,0.3330543933054393,33.305439330543926,-0.14539748953974896,-0.43523443988121535,,33.0
Persistence__Baseline__global__default,lead_hours,,236,0.3511228813559322,0.4590287867056729,0.3511228813559322,35.112288135593225,-0.17045903954802258,-0.4473716314653191,,34.0
Persistence__Baseline__global__default,lead_hours,,240,0.3543541666666667,0.4738820054534595,0.3543541666666667,35.43541666666667,-0.1923263888888889,-0.4402684465351596,,35.0
Persistence__Baseline__global__default,lead_hours,,240,0.3815208333333333,0.4967699953104462,0.3815208333333333,38.15208333333333,-0.2413958333333333,-0.6001641008137997,,36.0
Persistence__Baseline__global__default,lead_hours,,240,0.4128680555555555,0.5183456031952541,0.4128680555555555,41.28680555555555,-0.2713819444444444,-0.7389177788765189,,37.0
Persistence__Baseline__global__default,lead_hours,,240,0.4099097222222222,0.5139217744732926,0.4099097222222222,40.99097222222222,-0.2743541666666667,-0.7684223859673893,,38.0
Persistence__Baseline__global__default,lead_hours,,239,0.4013249651324965,0.511880018121547,0.4013249651324965,40.13249651324965,-0.2709344490934449,-0.7767345276955613,,39.0
Persistence__Baseline__global__default,lead_hours,,241,0.3905117565698479,0.504122447565306,0.3905117565698479,39.05117565698479,-0.2552282157676348,-0.7886608578025041,,40.0
Persistence__Baseline__global__default,lead_hours,,242,0.3941804407713498,0.510063543728578,0.3941804407713498,39.41804407713498,-0.24991046831955918,-0.7982928907446734,,41.0
Persistence__Baseline__global__default,lead_hours,,242,0.393202479338843,0.4979040205524327,0.393202479338843,39.3202479338843,-0.2414256198347107,-0.8849461954984776,,42.0
Persistence__Baseline__global__default,lead_hours,,240,0.3916319444444445,0.49731411705130435,0.3916319444444445,39.16319444444445,-0.24074305555555556,-0.885678294873645,,43.0
Persistence__Baseline__global__default,lead_hours,,242,0.38090220385674933,0.4864457945334544,0.38090220385674933,38.09022038567493,-0.23542011019283748,-0.8637779852453022,,44.0
Persistence__Baseline__global__default,lead_hours,,242,0.350392561983471,0.46021218955206394,0.350392561983471,35.039256198347104,-0.2071280991735537,-0.7770645232064191,,45.0
Persistence__Baseline__global__default,lead_hours,,240,0.3379375,0.44489853972355103,0.3379375,33.79375,-0.17278472222222221,-0.6535527772994734,,46.0
Persistence__Baseline__global__default,lead_hours,,242,0.3222107438016529,0.43722288875769894,0.3222107438016529,32.22107438016529,-0.1530371900826446,-0.6631475298268386,,47.0
Persistence__Baseline__global__default,lead_hours,,242,0.32975206611570246,0.4346058345270558,0.32975206611570246,32.97520661157024,-0.12921487603305784,-0.7299748313595296,,48.0
CatBoost__CORE__global__default,horizon_bucket,D1,5776,0.14851795087416428,0.2241215108380803,0.14851795087416428,14.851795087416427,0.030028476312028318,0.6186613380117689,,
CatBoost__CORE__global__default,horizon_bucket,D2,5776,0.1656351189406623,0.24789154991169662,0.1656351189406623,16.56351189406623,0.028365033451069565,0.5334832931985531,,
CatBoost__CORE__global__default,turbine_id,,5782,0.15606274728074496,0.2340066794920966,0.15606274728074496,15.606274728074496,0.026767914300270534,0.5857997657745131,turbine_1,
CatBoost__CORE__global__default,turbine_id,,5770,0.15809243093122544,0.23858707992697423,0.15809243093122544,15.809243093122543,0.03163064677772775,0.566152680817954,turbine_2,
CatBoost__CORE__global__default,turbine_id+horizon_bucket,D1,2891,0.14758907846453423,0.22162603167625503,0.14758907846453423,14.758907846453424,0.027694865808479248,0.6284687296813265,turbine_1,
CatBoost__CORE__global__default,turbine_id+horizon_bucket,D2,2891,0.16453641609695574,0.24576442821789576,0.16453641609695574,16.453641609695573,0.025840962792061824,0.5431308018676999,turbine_1,
CatBoost__CORE__global__default,turbine_id+horizon_bucket,D1,2885,0.14944875508083344,0.22659461315612803,0.14944875508083344,14.944875508083344,0.03236694007832307,0.6086708164792816,turbine_2,
CatBoost__CORE__global__default,turbine_id+horizon_bucket,D2,2885,0.1667361067816175,0.2500049413607368,0.1667361067816175,16.673610678161747,0.030894353477132444,0.5236345451566264,turbine_2,
CatBoost__CORE__global__default,lead_hours,,242,0.14692517232015176,0.21122203463993613,0.14692517232015176,14.692517232015176,0.046395876065184125,0.5664494417533015,,1.0
CatBoost__CORE__global__default,lead_hours,,242,0.14272141648903167,0.20710849465148695,0.14272141648903167,14.272141648903167,0.030894448951838464,0.5938136060346915,,2.0
CatBoost__CORE__global__default,lead_hours,,242,0.15998525502124228,0.22906600060657992,0.15998525502124228,15.998525502124227,0.040020277670963174,0.5349693760863043,,3.0
CatBoost__CORE__global__default,lead_hours,,242,0.13074773801711082,0.2062350138832368,0.13074773801711082,13.074773801711082,0.04232015268378895,0.6299871310523265,,4.0
CatBoost__CORE__global__default,lead_hours,,242,0.1358935065945957,0.21251689808476093,0.1358935065945957,13.589350659459571,0.0460960930760781,0.621838147491111,,5.0
CatBoost__CORE__global__default,lead_hours,,241,0.13894156037820593,0.218579483176599,0.13894156037820593,13.894156037820593,0.0673724439281076,0.5832454044930347,,6.0
CatBoost__CORE__global__default,lead_hours,,239,0.15605369904152314,0.23400389786447812,0.15605369904152314,15.605369904152314,0.07090620704315921,0.5030951062122166,,7.0
CatBoost__CORE__global__default,lead_hours,,239,0.17390848288477617,0.25844753473278836,0.17390848288477617,17.390848288477617,0.06687300744658685,0.44313216433637503,,8.0
CatBoost__CORE__global__default,lead_hours,,239,0.17714954214166412,0.26708113186414445,0.17714954214166412,17.71495421416641,0.07868125321050952,0.44930334038887565,,9.0
CatBoost__CORE__global__default,lead_hours,,236,0.15597044368528962,0.24508765440805586,0.15597044368528962,15.597044368528962,0.07602870803614896,0.5873868325678513,,10.0
CatBoost__CORE__global__default,lead_hours,,240,0.14150406748733863,0.22289112533358513,0.14150406748733863,14.150406748733863,0.06136843172322697,0.6813686052445381,,11.0
CatBoost__CORE__global__default,lead_hours,,240,0.13665118494495174,0.21348439392512883,0.13665118494495174,13.665118494495173,0.020102692853328278,0.7044805464110406,,12.0
CatBoost__CORE__global__default,lead_hours,,240,0.13310670464409974,0.207325223997741,0.13310670464409974,13.310670464409974,-0.012803992460388738,0.7218080900172449,,13.0
CatBoost__CORE__global__default,lead_hours,,240,0.13893316814077997,0.22114650392463758,0.13893316814077997,13.893316814077997,-0.012840489963199976,0.6725446258554703,,14.0
CatBoost__CORE__global__default,lead_hours,,239,0.12998167996234053,0.2104979278119418,0.12998167996234053,12.998167996234052,-0.011256159443878843,0.69954333755519,,15.0
CatBoost__CORE__global__default,lead_hours,,241,0.14256668623285149,0.22878379582362363,0.14256668623285149,14.25666862328515,0.003514921455650864,0.6316111699877704,,16.0
CatBoost__CORE__global__default,lead_hours,,242,0.16232366480772006,0.25170097257399815,0.16232366480772006,16.232366480772008,0.01211549760415871,0.5620932425647462,,17.0
CatBoost__CORE__global__default,lead_hours,,242,0.17172438252783268,0.24549413397309244,0.17172438252783268,17.172438252783266,0.012665775419002497,0.5417632352266561,,18.0
CatBoost__CORE__global__default,lead_hours,,240,0.16122931720442424,0.2397443239105303,0.16122931720442424,16.122931720442423,-0.011297177761221664,0.5617694048608965,,19.0
CatBoost__CORE__global__default,lead_hours,,242,0.15701912136938687,0.21485722819187236,0.15701912136938687,15.701912136938686,-0.012052837517494246,0.6363988829691567,,20.0
CatBoost__CORE__global__default,lead_hours,,242,0.1548712991678783,0.2104217368954573,0.1548712991678783,15.487129916787831,0.006724942516751758,0.6284920054040806,,21.0
CatBoost__CORE__global__default,lead_hours,,240,0.14785495811506671,0.20896042996620895,0.14785495811506671,14.78549581150667,0.030941934074189312,0.6352257216448455,,22.0
CatBoost__CORE__global__default,lead_hours,,242,0.13660016086989504,0.20481136896942523,0.13660016086989504,13.660016086989504,0.028452419892106416,0.6350502106552214,,23.0
CatBoost__CORE__global__default,lead_hours,,242,0.13215849940250368,0.19172939910934908,0.13215849940250368,13.215849940250369,0.04083381528704494,0.6633131903464118,,24.0
CatBoost__CORE__global__default,lead_hours,,242,0.15467424170477398,0.22228243521642468,0.15467424170477398,15.467424170477399,0.0624521822343827,0.5198558980460144,,25.0
CatBoost__CORE__global__default,lead_hours,,242,0.16135169681205108,0.23222384100853183,0.16135169681205108,16.13516968120511,0.049265615475473416,0.4893266953734349,,26.0
CatBoost__CORE__global__default,lead_hours,,242,0.16437571757210545,0.24448489928900258,0.16437571757210545,16.437571757210545,0.05048726350022825,0.47025804875034105,,27.0
CatBoost__CORE__global__default,lead_hours,,242,0.149818883084298,0.22558619416707504,0.149818883084298,14.9818883084298,0.043076938932625645,0.5572923127257297,,28.0
CatBoost__CORE__global__default,lead_hours,,242,0.15575296965249927,0.24188462838845684,0.15575296965249927,15.575296965249926,0.04305707942987906,0.5101001342651048,,29.0
CatBoost__CORE__global__default,lead_hours,,241,0.15868418730349734,0.2435539271530808,0.15868418730349734,15.868418730349735,0.06176905440445846,0.48256967080148494,,30.0
CatBoost__CORE__global__default,lead_hours,,239,0.17005605151040087,0.25044480398661934,0.17005605151040087,17.005605151040086,0.07002816246578626,0.4308180198922261,,31.0
CatBoost__CORE__global__default,lead_hours,,239,0.19217827562673195,0.28202187009596374,0.19217827562673195,19.217827562673197,0.07025590029439832,0.3369093220770345,,32.0
CatBoost__CORE__global__default,lead_hours,,239,0.18582090155630276,0.2851035810351033,0.18582090155630276,18.582090155630276,0.07364719780108364,0.37247451127270015,,33.0
CatBoost__CORE__global__default,lead_hours,,236,0.17207135515450234,0.2669226888471814,0.17207135515450234,17.207135515450233,0.0703189895730034,0.5105918532294615,,34.0
CatBoost__CORE__global__default,lead_hours,,240,0.16292475655834635,0.2551174511249919,0.16292475655834635,16.292475655834636,0.06116713836379017,0.5825703004487672,,35.0
CatBoost__CORE__global__default,lead_hours,,240,0.15836981046053827,0.23952849924719588,0.15836981046053827,15.836981046053827,0.014462501870669801,0.6279783657032048,,36.0
CatBoost__CORE__global__default,lead_hours,,240,0.14473130316671182,0.22667984640002056,0.14473130316671182,14.473130316671181,-0.019294104630379828,0.6674430495148365,,37.0
CatBoost__CORE__global__default,lead_hours,,240,0.15380961096084428,0.23973136869412615,0.15380961096084428,15.380961096084429,-0.024243327682861575,0.615194123133882,,38.0
CatBoost__CORE__global__default,lead_hours,,239,0.1545240010442057,0.2363472423695841,0.1545240010442057,15.452400104420569,-0.034490352986088706,0.6212198010974881,,39.0
CatBoost__CORE__global__default,lead_hours,,241,0.15908077993744607,0.23985120384311118,0.15908077993744607,15.908077993744607,-0.021059634020201196,0.5951074963761285,,40.0
CatBoost__CORE__global__default,lead_hours,,242,0.16594918251335503,0.25380705120225217,0.16594918251335503,16.594918251335503,0.0050601679545143954,0.55473431557637,,41.0
CatBoost__CORE__global__default,lead_hours,,242,0.18051499284430014,0.2723638969349865,0.18051499284430014,18.051499284430015,0.0017729645909474033,0.43596406963716616,,42.0
CatBoost__CORE__global__default,lead_hours,,240,0.1955131158491028,0.27770036810431536,0.1955131158491028,19.55131158491028,-0.018438966114390377,0.4120248955816902,,43.0
CatBoost__CORE__global__default,lead_hours,,242,0.18428222231118482,0.2593153850422234,0.18428222231118482,18.428222231118482,-0.013798285024434474,0.47035870436446714,,44.0
CatBoost__CORE__global__default,lead_hours,,242,0.17604999982207226,0.2439521155322206,0.17604999982207226,17.604999982207225,0.009691078942601362,0.5006602505987959,,45.0
CatBoost__CORE__global__default,lead_hours,,240,0.15610040804958575,0.23136221406578886,0.15610040804958575,15.610040804958574,0.03422398147546283,0.5528214494640163,,46.0
CatBoost__CORE__global__default,lead_hours,,242,0.16424844187261303,0.23672715571754674,0.16424844187261303,16.424844187261304,0.03913832599157856,0.5124477594310536,,47.0
CatBoost__CORE__global__default,lead_hours,,242,0.15477525909011958,0.22808331012717087,0.15477525909011958,15.477525909011957,0.052992002118175945,0.5235298539837362,,48.0
LightGBM__CORE__global__default,horizon_bucket,D1,5776,0.14790249996174307,0.22286928442103515,0.14790249996174307,14.790249996174307,0.026054753859431692,0.6229107143657133,,
LightGBM__CORE__global__default,horizon_bucket,D2,5776,0.16447412879415454,0.24530363871408972,0.16447412879415454,16.447412879415456,0.023412322111084977,0.5431730294597268,,
LightGBM__CORE__global__default,turbine_id,,5782,0.15497797683344275,0.23221580227792318,0.15497797683344275,15.497797683344276,0.02185871590772721,0.592115340159669,turbine_1,
LightGBM__CORE__global__default,turbine_id,,5770,0.1574011690889252,0.23647936503050437,0.1574011690889252,15.74011690889252,0.02761433889553303,0.5737841700490529,turbine_2,
LightGBM__CORE__global__default,turbine_id+horizon_bucket,D1,2891,0.14670920162625511,0.22058968935938147,0.14670920162625511,14.670920162625512,0.023121635796120327,0.6319352299797378,turbine_1,
LightGBM__CORE__global__default,turbine_id+horizon_bucket,D2,2891,0.16324675204063038,0.24328696348857373,0.16324675204063038,16.324675204063038,0.02059579601933409,0.5522954503396005,turbine_1,
LightGBM__CORE__global__default,turbine_id+horizon_bucket,D1,2885,0.1490982800268715,0.22513046713189125,0.1490982800268715,14.909828002687151,0.02899397199497178,0.6137116420628881,turbine_2,
LightGBM__CORE__global__default,turbine_id+horizon_bucket,D2,2885,0.16570405815097894,0.24730801228313956,0.16570405815097894,16.570405815097892,0.02623470579609429,0.5338566980352177,turbine_2,
LightGBM__CORE__global__default,lead_hours,,242,0.14536181367898485,0.2105962871535415,0.14536181367898485,14.536181367898484,0.041245250585055404,0.5690144328356009,,1.0
LightGBM__CORE__global__default,lead_hours,,242,0.14743380834400713,0.21161971267276627,0.14743380834400713,14.743380834400712,0.02048731905033029,0.575925861578015,,2.0
LightGBM__CORE__global__default,lead_hours,,242,0.16133613224784032,0.22990752792105917,0.16133613224784032,16.133613224784032,0.030686394542347884,0.5315463032340924,,3.0
LightGBM__CORE__global__default,lead_hours,,242,0.13038672130373674,0.20269148135817747,0.13038672130373674,13.038672130373675,0.03442037140935435,0.642593026540557,,4.0
LightGBM__CORE__global__default,lead_hours,,242,0.13577466808359032,0.20926169429220096,0.13577466808359032,13.577466808359032,0.043667447123681966,0.6333343259306143,,5.0
LightGBM__CORE__global__default,lead_hours,,241,0.1379928342496618,0.21591014581775367,0.1379928342496618,13.79928342496618,0.06360392571837958,0.5933622353056249,,6.0
LightGBM__CORE__global__default,lead_hours,,239,0.1514002855249185,0.23207545232490426,0.1514002855249185,15.140028552491849,0.06383098164293502,0.511251427617587,,7.0
LightGBM__CORE__global__default,lead_hours,,239,0.16862623861962284,0.25216828875376435,0.16862623861962284,16.862623861962284,0.05845363614050317,0.4698627892221616,,8.0
LightGBM__CORE__global__default,lead_hours,,239,0.17492823812894695,0.2623596094647389,0.17492823812894695,17.492823812894695,0.06935124364500846,0.46860192411119894,,9.0
LightGBM__CORE__global__default,lead_hours,,236,0.14888397106944012,0.23279544689799347,0.14888397106944012,14.888397106944012,0.06277447483899674,0.6277375972037266,,10.0
LightGBM__CORE__global__default,lead_hours,,240,0.13698759537175445,0.21767236372465895,0.13698759537175445,13.698759537175444,0.05267233466034739,0.6961147662910108,,11.0
LightGBM__CORE__global__default,lead_hours,,240,0.14764168486848087,0.22410008301507156,0.14764168486848087,14.764168486848087,0.020446428652370993,0.6743599264068026,,12.0
LightGBM__CORE__global__default,lead_hours,,240,0.13406650725963334,0.2081801341624049,0.13406650725963334,13.406650725963335,-0.008498407058071467,0.7195090987633483,,13.0
LightGBM__CORE__global__default,lead_hours,,240,0.1439324315632969,0.22882372299524464,0.1439324315632969,14.39324315632969,-0.004056902968051253,0.6494144103794264,,14.0
LightGBM__CORE__global__default,lead_hours,,239,0.1290590395844405,0.21335704278696013,0.1290590395844405,12.905903958444052,-0.007535004113459605,0.6913259250311812,,15.0
LightGBM__CORE__global__default,lead_hours,,241,0.14435382792993745,0.2311132572347353,0.14435382792993745,14.435382792993746,0.006658772425271113,0.6240711572745692,,16.0
LightGBM__CORE__global__default,lead_hours,,242,0.15992131513533825,0.24874292222684719,0.15992131513533825,15.992131513533824,0.009168609167949987,0.5723255320070411,,17.0
LightGBM__CORE__global__default,lead_hours,,242,0.1699190606629498,0.2450230788273553,0.1699190606629498,16.99190606629498,0.0069515532690951395,0.5435200812335272,,18.0
LightGBM__CORE__global__default,lead_hours,,240,0.15990020603637303,0.24004007191618912,0.15990020603637303,15.990020603637303,-0.014464211421302506,0.5606875376189265,,19.0
LightGBM__CORE__global__default,lead_hours,,242,0.1595278698623309,0.2166417024821156,0.1595278698623309,15.95278698623309,-0.010245840668579054,0.6303340996329195,,20.0
LightGBM__CORE__global__default,lead_hours,,242,0.15464596226794408,0.21032420820645173,0.15464596226794408,15.464596226794407,0.008531897443478624,0.6288363071994261,,21.0
LightGBM__CORE__global__default,lead_hours,,240,0.14687871420441312,0.20651777226630677,0.14687871420441312,14.687871420441311,0.02666576503999663,0.6437039860405764,,22.0
LightGBM__CORE__global__default,lead_hours,,242,0.13394972506595193,0.19925531123403903,0.13394972506595193,13.394972506595193,0.019811968645928053,0.6545821238721393,,23.0
LightGBM__CORE__global__default,lead_hours,,242,0.12697294377857868,0.18259923180689067,0.12697294377857868,12.697294377857867,0.03197116753839436,0.6946157939486568,,24.0
LightGBM__CORE__global__default,lead_hours,,242,0.15499863648799966,0.22199010345640163,0.15499863648799966,15.499863648799966,0.0586141366004291,0.5211179777336563,,25.0
LightGBM__CORE__global__default,lead_hours,,242,0.15871084709366692,0.228020091745125,0.15871084709366692,15.871084709366693,0.03971226183700796,0.5076479168157912,,26.0
LightGBM__CORE__global__default,lead_hours,,242,0.16674262889497307,0.2444777387036841,0.16674262889497307,16.674262889497307,0.03963697789270907,0.4702890789440285,,27.0
LightGBM__CORE__global__default,lead_hours,,242,0.15226748506387427,0.22691455640869787,0.15226748506387427,15.226748506387427,0.03491558389123913,0.5520632017987853,,28.0
LightGBM__CORE__global__default,lead_hours,,242,0.15592084441373502,0.2365534195342413,0.15592084441373502,15.592084441373503,0.03626090913259976,0.5314572296176351,,29.0
LightGBM__CORE__global__default,lead_hours,,241,0.15956081411584747,0.2379840197447146,0.15956081411584747,15.956081411584746,0.05166484598630331,0.5059655893330965,,30.0
LightGBM__CORE__global__default,lead_hours,,239,0.16792054848051718,0.244907979854502,0.16792054848051718,16.79205484805172,0.06077370596086491,0.4557067322085534,,31.0
LightGBM__CORE__global__default,lead_hours,,239,0.19092137164832243,0.2819608933766259,0.19092137164832243,19.09213716483224,0.0581224291689635,0.33719602837449003,,32.0
LightGBM__CORE__global__default,lead_hours,,239,0.1824065969092084,0.2804791358337854,0.1824065969092084,18.24065969092084,0.060051770648658846,0.39266662545115494,,33.0
LightGBM__CORE__global__default,lead_hours,,236,0.1683892767395219,0.2637869586135915,0.1683892767395219,16.83892767395219,0.05942740369602897,0.5220231602226875,,34.0
LightGBM__CORE__global__default,lead_hours,,240,0.15868835855707702,0.24913099024727803,0.15868835855707702,15.868835855707703,0.04994507021054188,0.6019308519328287,,35.0
LightGBM__CORE__global__default,lead_hours,,240,0.16177108188820022,0.24171990496056617,0.16177108188820022,16.17710818882002,0.009526120451050375,0.6211401011028799,,36.0
LightGBM__CORE__global__default,lead_hours,,240,0.14684336588151553,0.22903003798602795,0.14684336588151553,14.684336588151552,-0.021454691264757977,0.6605114745358208,,37.0
LightGBM__CORE__global__default,lead_hours,,240,0.15152958422946805,0.23900127363857698,0.15152958422946805,15.152958422946805,-0.02277347794588141,0.6175343847757125,,38.0
LightGBM__CORE__global__default,lead_hours,,239,0.15060680828716447,0.23120957130670441,0.15060680828716447,15.060680828716446,-0.02830112334463376,0.6375085179686142,,39.0
LightGBM__CORE__global__default,lead_hours,,241,0.1588673055798008,0.2391706547460086,0.1588673055798008,15.88673055798008,-0.021653111652139224,0.5974019047790993,,40.0
LightGBM__CORE__global__default,lead_hours,,242,0.17415013129192514,0.26235532356223457,0.17415013129192514,17.415013129192513,0.0027015328195234573,0.5242359508098224,,41.0
LightGBM__CORE__global__default,lead_hours,,242,0.18108571264313764,0.2746157760578214,0.18108571264313764,18.108571264313763,0.002855962716788089,0.42659872090607176,,42.0
LightGBM__CORE__global__default,lead_hours,,240,0.192386239397664,0.27620590441178094,0.192386239397664,19.2386239397664,-0.017833565171995698,0.4183363242576714,,43.0
LightGBM__CORE__global__default,lead_hours,,242,0.18182152249843236,0.2571894731152611,0.18182152249843236,18.182152249843238,-0.009593526395957142,0.47900728722222474,,44.0
LightGBM__CORE__global__default,lead_hours,,242,0.17305465087593289,0.2386782091358198,0.17305465087593289,17.305465087593287,0.00992342421041,0.5220169426388803,,45.0
LightGBM__CORE__global__default,lead_hours,,240,0.15341307538623675,0.22372671686221857,0.15341307538623675,15.341307538623674,0.03185738011163678,0.5818502903751772,,46.0
LightGBM__CORE__global__default,lead_hours,,242,0.1591360673958278,0.22634504179370513,0.1591360673958278,15.91360673958278,0.033832095814334155,0.5542750269135355,,47.0
LightGBM__CORE__global__default,lead_hours,,242,0.1464771333549318,0.21494013595803785,0.1464771333549318,14.64771333549318,0.044294589957763315,0.5768603538200426,,48.0
XGBoost__CORE__global__default,horizon_bucket,D1,5776,0.15252230444785345,0.22095018461950058,0.15252230444785345,15.252230444785345,0.03897673117778039,0.6293768925134379,,
XGBoost__CORE__global__default,horizon_bucket,D2,5776,0.16944035594623116,0.2430474695238705,0.16944035594623116,16.944035594623116,0.03680860351300081,0.5515376760665189,,
XGBoost__CORE__global__default,turbine_id,,5782,0.15929752892149637,0.2299314474222268,0.15929752892149637,15.929752892149637,0.034619373995045395,0.6001007603527566,turbine_1,
XGBoost__CORE__global__default,turbine_id,,5770,0.16266863331232936,0.23457371121487938,0.16266863331232936,16.266863331232937,0.04117276823823219,0.5806257582088835,turbine_2,
XGBoost__CORE__global__default,turbine_id+horizon_bucket,D1,2891,0.15070032721004958,0.21837675718780045,0.15070032721004958,15.070032721004958,0.03576301603857386,0.639282961170806,turbine_1,
XGBoost__CORE__global__default,turbine_id+horizon_bucket,D2,2891,0.16789473063294325,0.2409326315539282,0.16789473063294325,16.789473063294324,0.03347573195151693,0.5609185595347073,turbine_1,
XGBoost__CORE__global__default,turbine_id+horizon_bucket,D1,2885,0.15434807089308425,0.22349924244056388,0.15434807089308425,15.434807089308425,0.04219712995332496,0.619289210290987,turbine_2,
XGBoost__CORE__global__default,turbine_id+horizon_bucket,D2,2885,0.17098919573157448,0.24514840528695525,0.17098919573157448,17.09891957315745,0.040148406523139425,0.5419623061267802,turbine_2,
XGBoost__CORE__global__default,lead_hours,,242,0.15162283263124973,0.2129684189108224,0.15162283263124973,15.162283263124973,0.06432662493875764,0.5592506102603934,,1.0
XGBoost__CORE__global__default,lead_hours,,242,0.1528575075006551,0.211785716111337,0.1528575075006551,15.28575075006551,0.04717914941889354,0.5752602773015094,,2.0
XGBoost__CORE__global__default,lead_hours,,242,0.1670363405163172,0.2296961167199119,0.1670363405163172,16.70363405163172,0.05178183869779438,0.5324074392327764,,3.0
XGBoost__CORE__global__default,lead_hours,,242,0.1380252397406754,0.20479586615800272,0.1380252397406754,13.80252397406754,0.051965788214547004,0.6351331556161612,,4.0
XGBoost__CORE__global__default,lead_hours,,242,0.13992867154841498,0.20563930913070386,0.13992867154841498,13.992867154841498,0.05645881247360352,0.6459186499390905,,5.0
XGBoost__CORE__global__default,lead_hours,,241,0.14258768591025064,0.21053003888796992,0.14258768591025064,14.258768591025065,0.07600717613908924,0.6133751635437191,,6.0
XGBoost__CORE__global__default,lead_hours,,239,0.1570377317519866,0.2297889286537213,0.1570377317519866,15.70377317519866,0.07770816668369282,0.5208347757099532,,7.0
XGBoost__CORE__global__default,lead_hours,,239,0.17399333223266036,0.24979662440178035,0.17399333223266036,17.399333223266037,0.0718612401045903,0.47978786733704626,,8.0
XGBoost__CORE__global__default,lead_hours,,239,0.17760845032883638,0.2574967609265572,0.17760845032883638,17.760845032883637,0.08413519951307724,0.4881183433699816,,9.0
XGBoost__CORE__global__default,lead_hours,,236,0.15644188088980518,0.23335540383107972,0.15644188088980518,15.644188088980519,0.08201192546330686,0.6259445929509972,,10.0
XGBoost__CORE__global__default,lead_hours,,240,0.14455664906837046,0.217195491562497,0.14455664906837046,14.455664906837045,0.06609215317480267,0.6974447988979064,,11.0
XGBoost__CORE__global__default,lead_hours,,240,0.14590905357090136,0.21493615152054227,0.14590905357090136,14.590905357090136,0.02932739359161092,0.7004476394211934,,12.0
XGBoost__CORE__global__default,lead_hours,,240,0.13661799514886097,0.20334987390607334,0.13661799514886097,13.661799514886097,-0.002777353870966977,0.7323741716122448,,13.0
XGBoost__CORE__global__default,lead_hours,,240,0.1460721852423416,0.22514323177364487,0.1460721852423416,14.607218524234161,0.00046235526808435047,0.6606016256033469,,14.0
XGBoost__CORE__global__default,lead_hours,,239,0.13217947015873932,0.2070972200453877,0.13217947015873932,13.217947015873932,-0.0005401102691951174,0.709172997388074,,15.0
XGBoost__CORE__global__default,lead_hours,,241,0.14453106337738317,0.22620859472812896,0.14453106337738317,14.453106337738317,0.008231281000775593,0.6398576994096932,,16.0
XGBoost__CORE__global__default,lead_hours,,242,0.16397850724814594,0.24581089840219636,0.16397850724814594,16.397850724814596,0.014463587791117597,0.5823484208940903,,17.0
XGBoost__CORE__global__default,lead_hours,,242,0.17371313359023943,0.24182407002855805,0.17371313359023943,17.371313359023944,0.014571081045040084,0.5553618276651283,,18.0
XGBoost__CORE__global__default,lead_hours,,240,0.165028618867923,0.23696344147502052,0.165028618867923,16.5028618867923,-0.00468496691011305,0.5718768381259958,,19.0
XGBoost__CORE__global__default,lead_hours,,242,0.16205846006651062,0.2144105905166966,0.16205846006651062,16.20584600665106,0.0010591350674382953,0.6379089942684237,,20.0
XGBoost__CORE__global__default,lead_hours,,242,0.16275257719039257,0.21422974785362933,0.16275257719039257,16.275257719039256,0.020006367485795797,0.6149239440720067,,21.0
XGBoost__CORE__global__default,lead_hours,,240,0.1545352426285131,0.21188774620336748,0.1545352426285131,15.453524262851309,0.041776389454181,0.6249339251139892,,22.0
XGBoost__CORE__global__default,lead_hours,,242,0.13908561782834447,0.2008211828682908,0.13908561782834447,13.908561782834447,0.037061627996526146,0.6491317764154494,,23.0
XGBoost__CORE__global__default,lead_hours,,242,0.1325958726645419,0.18164696654244136,0.1325958726645419,13.25958726645419,0.04815065290891763,0.6977926800946526,,24.0
XGBoost__CORE__global__default,lead_hours,,242,0.16394942298223658,0.22648242865042842,0.16394942298223658,16.394942298223658,0.08128433506494548,0.5015399769413763,,25.0
XGBoost__CORE__global__default,lead_hours,,242,0.16919621627156936,0.23138013066623525,0.16919621627156936,16.919621627156936,0.06338636996306622,0.4930306876147432,,26.0
XGBoost__CORE__global__default,lead_hours,,242,0.1713890494789015,0.24248512636387443,0.1713890494789015,17.13890494789015,0.06299561586128369,0.4788886927150353,,27.0
XGBoost__CORE__global__default,lead_hours,,242,0.15455857909754042,0.22236090018979823,0.15455857909754042,15.455857909754043,0.0561921329791183,0.5698609460949402,,28.0
XGBoost__CORE__global__default,lead_hours,,242,0.15980300739317743,0.23279448925930674,0.15980300739317743,15.980300739317743,0.05385011836247565,0.5462295914745403,,29.0
XGBoost__CORE__global__default,lead_hours,,241,0.1661747881294554,0.23548279045096332,0.1661747881294554,16.617478812945542,0.07233549974328048,0.5162956924057609,,30.0
XGBoost__CORE__global__default,lead_hours,,239,0.17138767650836723,0.2399727351764792,0.17138767650836723,17.138767650836723,0.0764179678044621,0.4774222750858119,,31.0
XGBoost__CORE__global__default,lead_hours,,239,0.19418346810620926,0.27563407975384757,0.19418346810620926,19.418346810620925,0.07467733663975715,0.36660712629864667,,32.0
XGBoost__CORE__global__default,lead_hours,,239,0.1869443291607034,0.2762309903188068,0.1869443291607034,18.69443291607034,0.07868232977008931,0.41092468131172744,,33.0
XGBoost__CORE__global__default,lead_hours,,236,0.17755609182840854,0.2644806363335114,0.17755609182840854,17.755609182840853,0.07647659473731525,0.5195059938055776,,34.0
XGBoost__CORE__global__default,lead_hours,,240,0.166715439559064,0.2503173835365337,0.166715439559064,16.6715439559064,0.06656669772726793,0.5981305133075956,,35.0
XGBoost__CORE__global__default,lead_hours,,240,0.16262318945655393,0.2350364792383665,0.16262318945655393,16.262318945655394,0.01939925922846629,0.6418010114181223,,36.0
XGBoost__CORE__global__default,lead_hours,,240,0.14935053862144965,0.22260822447336837,0.14935053862144965,14.935053862144965,-0.018492562006434624,0.6792825271614346,,37.0
XGBoost__CORE__global__default,lead_hours,,240,0.15869899661238826,0.23554296141447068,0.15869899661238826,15.869899661238826,-0.020393620177896477,0.6285227444856127,,38.0
XGBoost__CORE__global__default,lead_hours,,239,0.15464540488706224,0.22898846834862732,0.15464540488706224,15.464540488706223,-0.025392923521883323,0.6444395777340461,,39.0
XGBoost__CORE__global__default,lead_hours,,241,0.16085285494534265,0.23300412571651463,0.16085285494534265,16.085285494534265,-0.01675326430549224,0.6178946196905404,,40.0
XGBoost__CORE__global__default,lead_hours,,242,0.17602112546994172,0.2576091991759571,0.17602112546994172,17.60211254699417,0.004101511064106118,0.5412938164105375,,41.0
XGBoost__CORE__global__default,lead_hours,,242,0.183183977138405,0.26652984239070654,0.183183977138405,18.3183977138405,0.008536833667968587,0.4598686605011004,,42.0
XGBoost__CORE__global__default,lead_hours,,240,0.19765545687369174,0.27358885602304683,0.19765545687369174,19.765545687369173,-0.0067510671979851096,0.4293066210313736,,43.0
XGBoost__CORE__global__default,lead_hours,,242,0.184609906132392,0.25662150819400786,0.184609906132392,18.4609906132392,-0.00011113955708574232,0.4813058171709138,,44.0
XGBoost__CORE__global__default,lead_hours,,242,0.17757090437120807,0.2417929735645883,0.17757090437120807,17.757090437120805,0.023903159173846902,0.5094601271402011,,45.0
XGBoost__CORE__global__default,lead_hours,,240,0.15971074877017075,0.22647155461026244,0.15971074877017075,15.971074877017074,0.0405563881273071,0.5715270366543922,,46.0
XGBoost__CORE__global__default,lead_hours,,242,0.1663694320978294,0.2276648048764342,0.1663694320978294,16.636943209782938,0.048041315360543825,0.5490620446858273,,47.0
XGBoost__CORE__global__default,lead_hours,,242,0.1537537412122713,0.2153028959067601,0.1537537412122713,15.37537412122713,0.06435830165029147,0.5754308613987364,,48.0
CatBoost__ECMWF__global__default,horizon_bucket,D1,5776,0.15880696168426525,0.23938691752203084,0.15880696168426525,15.880696168426525,-0.009270124325546915,0.5649445829270612,,
CatBoost__ECMWF__global__default,horizon_bucket,D2,5776,0.17275717657045656,0.2568159288348665,0.17275717657045656,17.275717657045657,-0.005685169020276296,0.4992883806398438,,
CatBoost__ECMWF__global__default,turbine_id,,5782,0.16545342601920043,0.24737010110453928,0.16545342601920043,16.545342601920044,-0.010029179697391581,0.5371414983967958,turbine_1,
CatBoost__ECMWF__global__default,turbine_id,,5770,0.16611139572205477,0.24913743634608762,0.16611139572205477,16.611139572205477,-0.004920807167271545,0.5269347394721345,turbine_2,
CatBoost__ECMWF__global__default,turbine_id+horizon_bucket,D1,2891,0.15830955231196436,0.23798852288020034,0.15830955231196436,15.830955231196436,-0.011815926785915929,0.5715838254815978,turbine_1,
CatBoost__ECMWF__global__default,turbine_id+horizon_bucket,D2,2891,0.17259729972643648,0.2564086519956772,0.17259729972643648,17.259729972643647,-0.008242432608867234,0.5026991713119939,turbine_1,
CatBoost__ECMWF__global__default,turbine_id+horizon_bucket,D1,2885,0.1593054055301307,0.24078007367065166,0.1593054055301307,15.93054055301307,-0.0067190273020020985,0.5581405369333177,turbine_2,
CatBoost__ECMWF__global__default,turbine_id+horizon_bucket,D2,2885,0.1729173859139789,0.2572234058194497,0.1729173859139789,17.29173859139789,-0.0031225870325409808,0.4957289420109513,turbine_2,
CatBoost__ECMWF__global__default,lead_hours,,242,0.15436881038254507,0.22840435517535862,0.15436881038254507,15.436881038254507,0.003093557769763221,0.4930442331649567,,1.0
CatBoost__ECMWF__global__default,lead_hours,,242,0.15222334055674916,0.22616093179971386,0.15222334055674916,15.222334055674915,-0.014686522672982871,0.5156439628642906,,2.0
CatBoost__ECMWF__global__default,lead_hours,,242,0.15077308877981285,0.22528056602652638,0.15077308877981285,15.077308877981284,-0.010452626672442757,0.5502121245422611,,3.0
CatBoost__ECMWF__global__default,lead_hours,,242,0.13400779420018027,0.2069965408286598,0.13400779420018027,13.400779420018027,-0.013149033844447506,0.6272495260836071,,4.0
CatBoost__ECMWF__global__default,lead_hours,,242,0.14303705059444108,0.22537641231413644,0.14303705059444108,14.303705059444107,-0.003454372142359492,0.5746879350136314,,5.0
CatBoost__ECMWF__global__default,lead_hours,,241,0.12410361429560494,0.19553147106512958,0.12410361429560494,12.410361429560494,0.01869084638227327,0.6665006872686704,,6.0
CatBoost__ECMWF__global__default,lead_hours,,239,0.1473955387720596,0.21637113369704694,0.1473955387720596,14.73955387720596,0.02988092022990863,0.5751596754900232,,7.0
CatBoost__ECMWF__global__default,lead_hours,,239,0.17387484111401588,0.2571676393641786,0.17387484111401588,17.387484111401587,0.030956078932440626,0.44863399859908715,,8.0
CatBoost__ECMWF__global__default,lead_hours,,239,0.18266655962103295,0.2740771724039398,0.18266655962103295,18.266655962103297,0.05505649088283875,0.42007509999140946,,9.0
CatBoost__ECMWF__global__default,lead_hours,,236,0.16489052609971677,0.2555799306039099,0.16489052609971677,16.489052609971676,0.051284245753919294,0.5513024398159421,,10.0
CatBoost__ECMWF__global__default,lead_hours,,240,0.14278451345390233,0.23538802173492848,0.14278451345390233,14.278451345390234,0.02736404340588561,0.6446373917426047,,11.0
CatBoost__ECMWF__global__default,lead_hours,,240,0.14864507184516268,0.23341889110112987,0.14864507184516268,14.864507184516269,-0.020970200642564392,0.6467145003798787,,12.0
CatBoost__ECMWF__global__default,lead_hours,,240,0.15695453477289306,0.2476396403255946,0.15695453477289306,15.695453477289306,-0.041802536924880555,0.6031005118459142,,13.0
CatBoost__ECMWF__global__default,lead_hours,,240,0.16629942406000212,0.2519700853915313,0.16629942406000212,16.62994240600021,-0.029676553310430284,0.5749011475444227,,14.0
CatBoost__ECMWF__global__default,lead_hours,,239,0.14459096067122934,0.22086188253369285,0.14459096067122934,14.459096067122934,-0.029569584384776106,0.6692287701318597,,15.0
CatBoost__ECMWF__global__default,lead_hours,,241,0.14976937446255345,0.23171447593765981,0.14976937446255345,14.976937446255345,-0.030598080683395236,0.622112728471732,,16.0
CatBoost__ECMWF__global__default,lead_hours,,242,0.16448937677620012,0.25461337094760644,0.16448937677620012,16.448937677620012,-0.02990059656083372,0.5519006921027187,,17.0
CatBoost__ECMWF__global__default,lead_hours,,242,0.17878791676119535,0.2576729690341567,0.17878791676119535,17.878791676119533,-0.030482932872974024,0.49516969822852697,,18.0
CatBoost__ECMWF__global__default,lead_hours,,240,0.1825121475373087,0.26728299986768533,0.1825121475373087,18.25121475373087,-0.06640723742952166,0.4553108792821774,,19.0
CatBoost__ECMWF__global__default,lead_hours,,242,0.18513877376774407,0.25399051307844356,0.18513877376774407,18.513877376774406,-0.061778051436847184,0.4918870518895926,,20.0
CatBoost__ECMWF__global__default,lead_hours,,242,0.1735669623661339,0.24829985611521393,0.1735669623661339,17.356696236613388,-0.04134294551683891,0.4827030741893006,,21.0
CatBoost__ECMWF__global__default,lead_hours,,240,0.16918831618610047,0.24496722809866125,0.16918831618610047,16.918831618610046,-0.010516986655100797,0.4986834104294705,,22.0
CatBoost__ECMWF__global__default,lead_hours,,242,0.16889700594532953,0.24489928364013305,0.16889700594532953,16.889700594532954,-0.0019063576603843945,0.4782048645511454,,23.0
CatBoost__ECMWF__global__default,lead_hours,,242,0.15264841792816145,0.22451277410584236,0.15264841792816145,15.264841792816144,0.00023005964768190682,0.5383309164354201,,24.0
CatBoost__ECMWF__global__default,lead_hours,,242,0.1651354530933777,0.23895645757614287,0.1651354530933777,16.513545309337772,0.02807048232478065,0.44512028406272564,,25.0
CatBoost__ECMWF__global__default,lead_hours,,242,0.17362688528683717,0.24594119024185315,0.17362688528683717,17.362688528683716,-0.0003530667317737854,0.427214403327695,,26.0
CatBoost__ECMWF__global__default,lead_hours,,242,0.17073500237235725,0.25298798326557553,0.17073500237235725,17.073500237235724,-0.014779681591102265,0.4327688492233539,,27.0
CatBoost__ECMWF__global__default,lead_hours,,242,0.146614133454387,0.2232641992346225,0.146614133454387,14.661413345438701,-0.012788742306315262,0.5663591308944405,,28.0
CatBoost__ECMWF__global__default,lead_hours,,242,0.15101799482021747,0.23608251910570593,0.15101799482021747,15.101799482021747,-0.00946775973990248,0.5333208034672903,,29.0
CatBoost__ECMWF__global__default,lead_hours,,241,0.1397991845866741,0.20953021078964523,0.1397991845866741,13.97991845866741,0.010469058632862169,0.6170386832480539,,30.0
CatBoost__ECMWF__global__default,lead_hours,,239,0.16291502712278047,0.23197530185514018,0.16291502712278047,16.291502712278046,0.023611778661474982,0.5116731683658475,,31.0
CatBoost__ECMWF__global__default,lead_hours,,239,0.1961787471052606,0.29052523028086874,0.1961787471052606,19.61787471052606,0.020551348950545622,0.2963202482950503,,32.0
CatBoost__ECMWF__global__default,lead_hours,,239,0.19541171305093,0.2966401548159281,0.19541171305093,19.541171305093,0.04311019515200305,0.32066200631010655,,33.0
CatBoost__ECMWF__global__default,lead_hours,,236,0.18271148579497545,0.2790093606648701,0.18271148579497545,18.271148579497545,0.03607300434321294,0.4652660474851702,,34.0
CatBoost__ECMWF__global__default,lead_hours,,240,0.163443149956118,0.2552281990718152,0.163443149956118,16.3443149956118,0.019622830857345865,0.5822078045379153,,35.0
CatBoost__ECMWF__global__default,lead_hours,,240,0.1562782559423306,0.243168659516772,0.1562782559423306,15.62782559423306,-0.0278797973321291,0.6165850781881527,,36.0
CatBoost__ECMWF__global__default,lead_hours,,240,0.15347021345974962,0.2423544453611198,0.15347021345974962,15.347021345974962,-0.045221220565009004,0.61986120827935,,37.0
CatBoost__ECMWF__global__default,lead_hours,,240,0.16497182326603044,0.25372778094958504,0.16497182326603044,16.497182326603046,-0.031227254115630244,0.5689496433675408,,38.0
CatBoost__ECMWF__global__default,lead_hours,,239,0.15375665282258852,0.23617882556337458,0.15375665282258852,15.375665282258852,-0.02667857188730712,0.6217594327162765,,39.0
CatBoost__ECMWF__global__default,lead_hours,,241,0.15977809815935096,0.24101225292314668,0.15977809815935096,15.977809815935096,-0.02170083349429589,0.5911780778922751,,40.0
CatBoost__ECMWF__global__default,lead_hours,,242,0.18121596654953656,0.2691116276495388,0.18121596654953656,18.121596654953656,-0.01538755515242812,0.499416206042957,,41.0
CatBoost__ECMWF__global__default,lead_hours,,242,0.19321577373708015,0.28194081024021195,0.19321577373708015,19.321577373708017,-0.0211617216370922,0.395601220531544,,42.0
CatBoost__ECMWF__global__default,lead_hours,,240,0.19864954283436287,0.2869198859727721,0.19864954283436287,19.864954283436287,-0.05556935793017887,0.3723358467872062,,43.0
CatBoost__ECMWF__global__default,lead_hours,,242,0.1983722025587992,0.2741475195141283,0.1983722025587992,19.83722025587992,-0.05067829151189552,0.40803788554623865,,44.0
CatBoost__ECMWF__global__default,lead_hours,,242,0.1976140898461776,0.2697212779934959,0.1976140898461776,19.76140898461776,-0.026063776062001397,0.3895959882244018,,45.0
CatBoost__ECMWF__global__default,lead_hours,,240,0.186955802355915,0.2657805666384809,0.186955802355915,18.6955802355915,0.004819216199190483,0.4098769932897143,,46.0
CatBoost__ECMWF__global__default,lead_hours,,242,0.18495117342699363,0.2699188908187932,0.18495117342699363,18.495117342699363,0.01640357978658821,0.3661426105709865,,47.0
CatBoost__ECMWF__global__default,lead_hours,,242,0.16951890965504812,0.24762256499048133,0.16951890965504812,16.951890965504813,0.021013503235583184,0.43839739204131467,,48.0
CatBoost__GFS__global__default,horizon_bucket,D1,5776,0.1634381156918928,0.2392573434777353,0.1634381156918928,16.343811569189278,-0.01258543833273136,0.565415424309136,,
CatBoost__GFS__global__default,horizon_bucket,D2,5776,0.18186731005860257,0.26425908661743935,0.18186731005860257,18.186731005860256,-0.01342038293979191,0.46984408084263574,,
CatBoost__GFS__global__default,turbine_id,,5782,0.17233617372646826,0.2510557644904239,0.17233617372646826,17.233617372646826,-0.014383727412516277,0.5232461297879526,turbine_1,
CatBoost__GFS__global__default,turbine_id,,5770,0.17296991033768142,0.25307904683746557,0.17296991033768142,17.29699103376814,-0.011619222144007856,0.511847570920196,turbine_2,
CatBoost__GFS__global__default,turbine_id+horizon_bucket,D1,2891,0.16307397770902696,0.23828377128272812,0.16307397770902696,16.307397770902696,-0.013915197021675006,0.5705201804720411,turbine_1,
CatBoost__GFS__global__default,turbine_id+horizon_bucket,D2,2891,0.18159836974390955,0.26320873486839846,0.18159836974390955,18.159836974390956,-0.014852257803357534,0.4759720791038642,turbine_1,
CatBoost__GFS__global__default,turbine_id+horizon_bucket,D1,2885,0.16380301098078884,0.24022898256781677,0.16380301098078884,16.380301098078885,-0.011252914114451954,0.560160854905462,turbine_2,
CatBoost__GFS__global__default,turbine_id+horizon_bucket,D2,2885,0.182136809694574,0.26530745151757756,0.182136809694574,18.2136809694574,-0.011985530173563753,0.4635342869349298,turbine_2,
CatBoost__GFS__global__default,lead_hours,,242,0.14553176305779625,0.20561957139055076,0.14553176305779625,14.553176305779624,-0.003327693443824067,0.589143459134768,,1.0
CatBoost__GFS__global__default,lead_hours,,242,0.13976308623368724,0.21089982591443351,0.13976308623368724,13.976308623368725,-0.025573157024473388,0.5788061801829321,,2.0
CatBoost__GFS__global__default,lead_hours,,242,0.16926968862603783,0.25260719936951087,0.16926968862603783,16.926968862603783,-0.02676004592798699,0.43447509577817045,,3.0
CatBoost__GFS__global__default,lead_hours,,242,0.14886244179922986,0.2232902562612287,0.14886244179922986,14.886244179922986,-0.02843866654804963,0.5662579050725213,,4.0
CatBoost__GFS__global__default,lead_hours,,242,0.13623679751405207,0.20074806386343133,0.13623679751405207,13.623679751405207,-0.010051815395333102,0.6625623709087131,,5.0
CatBoost__GFS__global__default,lead_hours,,241,0.12440541075657563,0.1847521657168556,0.12440541075657563,12.440541075657563,0.003007224577921111,0.7022576005289108,,6.0
CatBoost__GFS__global__default,lead_hours,,239,0.14428132447590555,0.21184830158889165,0.14428132447590555,14.428132447590555,-0.002898046483325301,0.5927350234375894,,7.0
CatBoost__GFS__global__default,lead_hours,,239,0.17147425512896422,0.25651965313436254,0.17147425512896422,17.147425512896422,-0.017000361456015755,0.45140905583862734,,8.0
CatBoost__GFS__global__default,lead_hours,,239,0.17803118367863888,0.26310730948500066,0.17803118367863888,17.80311836786389,0.0059210967364285985,0.46556873981775415,,9.0
CatBoost__GFS__global__default,lead_hours,,236,0.1686691295243151,0.25095529732197625,0.1686691295243151,16.86691295243151,0.02332420908474365,0.567393592923074,,10.0
CatBoost__GFS__global__default,lead_hours,,240,0.15904601775566832,0.24509660684068077,0.15904601775566832,15.904601775566832,0.04631026391382882,0.6147189857446917,,11.0
CatBoost__GFS__global__default,lead_hours,,240,0.16795875846892824,0.24527239841438347,0.16795875846892824,16.795875846892823,0.014194708388159371,0.6099222623468326,,12.0
CatBoost__GFS__global__default,lead_hours,,240,0.16306522393853118,0.24154468415207594,0.16306522393853118,16.30652239385312,-0.010085771134714058,0.6223972244529745,,13.0
CatBoost__GFS__global__default,lead_hours,,240,0.1691356431006787,0.25880801598241066,0.1691356431006787,16.91356431006787,-0.010131536435124051,0.5515155256358671,,14.0
CatBoost__GFS__global__default,lead_hours,,239,0.16543660765422066,0.2507955019207727,0.16543660765422066,16.543660765422068,-0.02454449172696311,0.5734934796460656,,15.0
CatBoost__GFS__global__default,lead_hours,,241,0.1743696669579369,0.26520179213829903,0.1743696669579369,17.43696669579369,-0.018954064135703372,0.5049958499349396,,16.0
CatBoost__GFS__global__default,lead_hours,,242,0.1883904897120827,0.2789997222467603,0.1883904897120827,18.839048971208268,-0.01798888238111908,0.46195400696739797,,17.0
CatBoost__GFS__global__default,lead_hours,,242,0.18829401498098844,0.26235745355215434,0.18829401498098844,18.829401498098843,-0.027915749507933574,0.4766472559132059,,18.0
CatBoost__GFS__global__default,lead_hours,,240,0.20691905122204432,0.2774654200922759,0.20691905122204432,20.69190512220443,-0.055561370981760186,0.4130193857565593,,19.0
CatBoost__GFS__global__default,lead_hours,,242,0.1884936787011134,0.24931908604252503,0.1884936787011134,18.84936787011134,-0.04560053360412789,0.5104057330548422,,20.0
CatBoost__GFS__global__default,lead_hours,,242,0.16509398324442326,0.2251630757661241,0.16509398324442326,16.509398324442326,-0.028451263668555132,0.574615847080761,,21.0
CatBoost__GFS__global__default,lead_hours,,240,0.1591181269133858,0.22470020072344507,0.1591181269133858,15.91181269133858,-0.015470458896212843,0.5782034518796588,,22.0
CatBoost__GFS__global__default,lead_hours,,242,0.15158473676902376,0.21983395345677081,0.15158473676902376,15.158473676902377,-0.015335964166166295,0.579549825601045,,23.0
CatBoost__GFS__global__default,lead_hours,,242,0.14953380345041956,0.20617111968388596,0.14953380345041956,14.953380345041955,-0.009273196453061216,0.6106821295730578,,24.0
CatBoost__GFS__global__default,lead_hours,,242,0.1572316420674385,0.22063004812942197,0.1572316420674385,15.723164206743851,0.0027739333544459428,0.5269678861185452,,25.0
CatBoost__GFS__global__default,lead_hours,,242,0.17014812389406828,0.24236216583002562,0.17014812389406828,17.014812389406828,-0.01765960732290318,0.4437638667534737,,26.0
CatBoost__GFS__global__default,lead_hours,,242,0.18565490589300465,0.2695757197502302,0.18565490589300465,18.565490589300467,-0.010361942363426182,0.35594666426087584,,27.0
CatBoost__GFS__global__default,lead_hours,,242,0.1963959989293493,0.2793194860418811,0.1963959989293493,19.639599892934932,0.0025218054282251036,0.32127398294908516,,28.0
CatBoost__GFS__global__default,lead_hours,,242,0.1738102350593507,0.24820434281716053,0.1738102350593507,17.38102350593507,-0.0026236272596111073,0.48416651302312597,,29.0
CatBoost__GFS__global__default,lead_hours,,241,0.16043016359924506,0.2268278208988353,0.16043016359924506,16.043016359924504,0.022000555830913298,0.5511985523191498,,30.0
CatBoost__GFS__global__default,lead_hours,,239,0.1615230320967408,0.22476485926767745,0.1615230320967408,16.15230320967408,0.015641510331384785,0.5415585092961321,,31.0
CatBoost__GFS__global__default,lead_hours,,239,0.1879118427095465,0.27920259704786654,0.1879118427095465,18.79118427095465,-0.0013238887825623377,0.3501004241849166,,32.0
CatBoost__GFS__global__default,lead_hours,,239,0.1896087787243827,0.2856316417181494,0.1896087787243827,18.96087787243827,0.007235323194657796,0.3701477890657344,,33.0
CatBoost__GFS__global__default,lead_hours,,236,0.18611434188953296,0.2810732076349533,0.18611434188953296,18.611434188953297,0.02211357984706889,0.45732587822165804,,34.0
CatBoost__GFS__global__default,lead_hours,,240,0.18365985460213402,0.27325890370746225,0.18365985460213402,18.365985460213402,0.03179175669317622,0.5210924826839065,,35.0
CatBoost__GFS__global__default,lead_hours,,240,0.17538081662666996,0.26789159602847734,0.17538081662666996,17.538081662666997,-0.004192746081430902,0.5346582821874049,,36.0
CatBoost__GFS__global__default,lead_hours,,240,0.17443776366720753,0.2660037243696655,0.17443776366720753,17.443776366720755,-0.0262199956721885,0.542052550777375,,37.0
CatBoost__GFS__global__default,lead_hours,,240,0.18414987920318052,0.2775354158161355,0.18414987920318052,18.41498792031805,-0.026737927490679523,0.4842624089248676,,38.0
CatBoost__GFS__global__default,lead_hours,,239,0.19032467314812287,0.28523240293787977,0.19032467314812287,19.032467314812287,-0.0468550449540854,0.44832422958370965,,39.0
CatBoost__GFS__global__default,lead_hours,,241,0.19182183179301596,0.28785388060182193,0.19182183179301596,19.182183179301596,-0.04616913331466227,0.41682337501097044,,40.0
CatBoost__GFS__global__default,lead_hours,,242,0.20720649748921938,0.29836173607239974,0.20720649748921938,20.720649748921936,-0.03951534028221141,0.3846841381832845,,41.0
CatBoost__GFS__global__default,lead_hours,,242,0.20180159616518384,0.28572454445444706,0.20180159616518384,20.180159616518385,-0.047587528398963415,0.37926992254052316,,42.0
CatBoost__GFS__global__default,lead_hours,,240,0.21264875555127533,0.29758319815220174,0.21264875555127533,21.26487555512753,-0.06065595031967641,0.3248149138789229,,43.0
CatBoost__GFS__global__default,lead_hours,,242,0.19390547190578955,0.27282119256332804,0.19390547190578955,19.390547190578957,-0.04663623314738393,0.41375186073407255,,44.0
CatBoost__GFS__global__default,lead_hours,,242,0.18221538459583572,0.25206168175758803,0.18221538459583572,18.221538459583574,-0.023178992731579036,0.46690989572898745,,45.0
CatBoost__GFS__global__default,lead_hours,,240,0.17129961311223604,0.23852793615317128,0.17129961311223604,17.129961311223603,-0.004864174508088633,0.5246925719041355,,46.0
CatBoost__GFS__global__default,lead_hours,,242,0.1643323121781782,0.2305242823403824,0.1643323121781782,16.43323121781782,-0.01583229899922132,0.5376633160197265,,47.0
CatBoost__GFS__global__default,lead_hours,,242,0.16296904415210023,0.22502192642705646,0.16296904415210023,16.296904415210022,-0.00459495591908688,0.5362345865312526,,48.0
CatBoost__ICON__global__default,horizon_bucket,D1,5776,0.17933296758856926,0.26324790170936113,0.17933296758856926,17.933296758856926,0.05804971040816916,0.4738935915546737,,
CatBoost__ICON__global__default,horizon_bucket,D2,5776,0.19853822356145026,0.2880023803242151,0.19853822356145026,19.853822356145027,0.05543969704093059,0.37029678606231975,,
CatBoost__ICON__global__default,turbine_id,,5782,0.18797280700134458,0.2737285142373158,0.18797280700134458,18.797280700134458,0.05364714444516898,0.43324688967983926,turbine_1,
CatBoost__ICON__global__default,turbine_id,,5770,0.1899003864819304,0.27806476732558566,0.1899003864819304,18.99003864819304,0.059848705068289966,0.41070195119284203,turbine_2,
CatBoost__ICON__global__default,turbine_id+horizon_bucket,D1,2891,0.17838157166908342,0.2612604134490277,0.17838157166908342,17.838157166908342,0.05494690026843531,0.4837012762191554,turbine_1,
CatBoost__ICON__global__default,turbine_id+horizon_bucket,D2,2891,0.19756404233360575,0.2856529281796003,0.19756404233360575,19.756404233360573,0.05234738862190268,0.3827925031405234,turbine_1,
CatBoost__ICON__global__default,turbine_id+horizon_bucket,D1,2885,0.18028634214774897,0.2652245838694152,0.18028634214774897,18.028634214774897,0.06115897353259572,0.4638693601410595,turbine_2,
CatBoost__ICON__global__default,turbine_id+horizon_bucket,D2,2885,0.19951443081611184,0.29033764786358607,0.19951443081611184,19.951443081611185,0.05853843660398421,0.35753454224462455,turbine_2,
CatBoost__ICON__global__default,lead_hours,,242,0.18469027735599178,0.27537319286973616,0.18469027735599178,18.469027735599177,0.08527916274253093,0.2631066682825536,,1.0
CatBoost__ICON__global__default,lead_hours,,242,0.1773305596839418,0.2527346426579966,0.1773305596839418,17.73305596839418,0.05967786399888867,0.39513410434756235,,2.0
CatBoost__ICON__global__default,lead_hours,,242,0.17999735034335676,0.25520407069815604,0.17999735034335676,17.999735034335675,0.07393554641350114,0.42278782641293255,,3.0
CatBoost__ICON__global__default,lead_hours,,242,0.17010045629475573,0.2562896961261413,0.17010045629475573,17.010045629475574,0.08420599138929075,0.42858146846593614,,4.0
CatBoost__ICON__global__default,lead_hours,,242,0.16691043867170138,0.2490136491505505,0.16691043867170138,16.691043867170137,0.07386766984644542,0.48079712867106483,,5.0
CatBoost__ICON__global__default,lead_hours,,241,0.16333445563715795,0.25745859806412075,0.16333445563715795,16.333445563715795,0.09057152821277337,0.4218022356958814,,6.0
CatBoost__ICON__global__default,lead_hours,,239,0.19627356679447905,0.2901345170951595,0.19627356679447905,19.627356679447907,0.11972090736028917,0.23611868010274406,,7.0
CatBoost__ICON__global__default,lead_hours,,239,0.2097959007433614,0.2968211202272301,0.2097959007433614,20.97959007433614,0.11864827449477033,0.2654912972087544,,8.0
CatBoost__ICON__global__default,lead_hours,,239,0.2084066177854085,0.30221608298584174,0.2084066177854085,20.840661778540852,0.13452973510105184,0.2948830236661414,,9.0
CatBoost__ICON__global__default,lead_hours,,236,0.19176228563822847,0.29505190800802716,0.19176228563822847,19.176228563822846,0.12124232681071839,0.4020056686532313,,10.0
CatBoost__ICON__global__default,lead_hours,,240,0.17345760428423546,0.2655147023611115,0.17345760428423546,17.345760428423546,0.07231648232847912,0.5478524734190677,,11.0
CatBoost__ICON__global__default,lead_hours,,240,0.15582995027865879,0.23913847656206644,0.15582995027865879,15.582995027865879,0.027141077402986317,0.6291889001243172,,12.0
CatBoost__ICON__global__default,lead_hours,,240,0.16031292313219922,0.23349667513624195,0.16031292313219922,16.03129231321992,-0.007747460934629898,0.6471406649568154,,13.0
CatBoost__ICON__global__default,lead_hours,,240,0.15569689622234115,0.23439013910982265,0.15569689622234115,15.569689622234115,-0.015628808034117574,0.6321501020935407,,14.0
CatBoost__ICON__global__default,lead_hours,,239,0.15896566160199402,0.2346641540875845,0.15896566160199402,15.896566160199402,-0.009533670800381528,0.6265953708373839,,15.0
CatBoost__ICON__global__default,lead_hours,,241,0.17272664989874967,0.2593936516047429,0.17272664989874967,17.27266498987497,0.009316311920668693,0.526440430744116,,16.0
CatBoost__ICON__global__default,lead_hours,,242,0.20081209881060946,0.2900740092871615,0.20081209881060946,20.081209881060946,0.03127882069558043,0.4183931741061202,,17.0
CatBoost__ICON__global__default,lead_hours,,242,0.21552296428987783,0.29938754060888334,0.21552296428987783,21.552296428987784,0.03871028762454279,0.31848544250108834,,18.0
CatBoost__ICON__global__default,lead_hours,,240,0.19283451122395193,0.2747121860116495,0.19283451122395193,19.283451122395192,0.018492546119846145,0.42461057385318435,,19.0
CatBoost__ICON__global__default,lead_hours,,242,0.17411238966000864,0.24497920062219353,0.17411238966000864,17.411238966000862,0.018376289786559037,0.5273020730515564,,20.0
CatBoost__ICON__global__default,lead_hours,,242,0.17957150298947241,0.24558263882927975,0.17957150298947241,17.95715029894724,0.039182715570806895,0.49396298534653627,,21.0
CatBoost__ICON__global__default,lead_hours,,240,0.17819028835853748,0.2515446569197509,0.17819028835853748,17.819028835853747,0.07245662639126914,0.4714010522587322,,22.0
CatBoost__ICON__global__default,lead_hours,,242,0.1677386870734492,0.24132027924948238,0.1677386870734492,16.773868707344917,0.05862826143354322,0.4933446477519633,,23.0
CatBoost__ICON__global__default,lead_hours,,242,0.17003433181727104,0.2524538389116248,0.17003433181727104,17.003433181727104,0.08015228182540413,0.41626916063033337,,24.0
CatBoost__ICON__global__default,lead_hours,,242,0.1855046160435869,0.2747395603903937,0.1855046160435869,18.550461604358688,0.0921867099783813,0.2664939432313965,,25.0
CatBoost__ICON__global__default,lead_hours,,242,0.18655047532878638,0.27430543179268285,0.18655047532878638,18.655047532878637,0.08199371138232091,0.2874778612991963,,26.0
CatBoost__ICON__global__default,lead_hours,,242,0.1832139538984103,0.270238623666669,0.1832139538984103,18.32139538984103,0.0917897939733496,0.3527752330788946,,27.0
CatBoost__ICON__global__default,lead_hours,,242,0.17161071737471864,0.2551371418551314,0.17161071737471864,17.161071737471865,0.08540518525316189,0.43370933753248575,,28.0
CatBoost__ICON__global__default,lead_hours,,242,0.17717381199508675,0.2664014016786258,0.17717381199508675,17.717381199508676,0.08042629577601992,0.40575738755695834,,29.0
CatBoost__ICON__global__default,lead_hours,,241,0.1991813809292539,0.29485653490430813,0.1991813809292539,19.91813809292539,0.10443563589082788,0.24162654547415108,,30.0
CatBoost__ICON__global__default,lead_hours,,239,0.2153236889554351,0.3214402144798833,0.2153236889554351,21.53236889554351,0.12236772861114414,0.062378604209505695,,31.0
CatBoost__ICON__global__default,lead_hours,,239,0.2339261033865991,0.33538825280051215,0.2339261033865991,23.39261033865991,0.1275653724250993,0.06221552137586761,,32.0
CatBoost__ICON__global__default,lead_hours,,239,0.23205266290155163,0.3348818659245877,0.23205266290155163,23.205266290155162,0.139409428642564,0.1342165340875987,,33.0
CatBoost__ICON__global__default,lead_hours,,236,0.22650026906606843,0.3301354547646493,0.22650026906606843,22.650026906606843,0.12483186354360053,0.25134014171293784,,34.0
CatBoost__ICON__global__default,lead_hours,,240,0.20246080884210324,0.2993676054766395,0.20246080884210324,20.246080884210325,0.08386084877169499,0.4252054812375302,,35.0
CatBoost__ICON__global__default,lead_hours,,240,0.19157817056509513,0.276627226766194,0.19157817056509513,19.15781705650951,0.02856757596000866,0.5038149725287072,,36.0
CatBoost__ICON__global__default,lead_hours,,240,0.1772815257284473,0.25951540005250734,0.1772815257284473,17.72815257284473,-0.01284263182629596,0.5641204648788809,,37.0
CatBoost__ICON__global__default,lead_hours,,240,0.18955431332430278,0.2721211359866279,0.18955431332430278,18.95543133243028,-0.016062652070892035,0.5041885900312857,,38.0
CatBoost__ICON__global__default,lead_hours,,239,0.18222555877696286,0.27313990168804053,0.18222555877696286,18.222555877696287,-0.029500918040681213,0.49410954378516536,,39.0
CatBoost__ICON__global__default,lead_hours,,241,0.18856546238304064,0.2771509723002247,0.18856546238304064,18.856546238304066,-0.010014424356675851,0.45938418784070456,,40.0
CatBoost__ICON__global__default,lead_hours,,242,0.18853956175825295,0.2753433164925354,0.18853956175825295,18.853956175825296,0.0044064244554301735,0.4759642233065181,,41.0
CatBoost__ICON__global__default,lead_hours,,242,0.22631006593367278,0.312123001800837,0.22631006593367278,22.631006593367278,0.01551135650955166,0.25927118102296787,,42.0
CatBoost__ICON__global__default,lead_hours,,240,0.230129343762703,0.3129644228587989,0.230129343762703,23.0129343762703,-0.0022903852464015956,0.2532143426216593,,43.0
CatBoost__ICON__global__default,lead_hours,,242,0.2120367463605858,0.28719441682203123,0.2120367463605858,21.20367463605858,-0.0015346720334574516,0.3503532698331048,,44.0
CatBoost__ICON__global__default,lead_hours,,242,0.20554956420511214,0.27592693545207697,0.20554956420511214,20.554956420511214,0.029354380150857836,0.361184924193818,,45.0
CatBoost__ICON__global__default,lead_hours,,240,0.1886967402320358,0.2706826886062117,0.1886967402320358,18.86967402320358,0.047473946495308374,0.3879074922461325,,46.0
CatBoost__ICON__global__default,lead_hours,,242,0.18926050381455536,0.26885072259145,0.18926050381455536,18.926050381455536,0.06134298434706031,0.3711494970611876,,47.0
CatBoost__ICON__global__default,lead_hours,,242,0.18311078747337037,0.2720953594688337,0.18311078747337037,18.311078747337035,0.08354801471501459,0.3219043628419632,,48.0
CatBoost__Simple__global__default,horizon_bucket,D1,5776,0.14972441620297766,0.22329767032716058,0.14972441620297766,14.972441620297767,0.02513226420889421,0.6214596845685092,,
CatBoost__Simple__global__default,horizon_bucket,D2,5776,0.16456565562334877,0.24393036704837495,0.16456565562334877,16.456565562334877,0.023140484745180885,0.5482735776061725,,
CatBoost__Simple__global__default,turbine_id,,5782,0.1565571631573767,0.23220437252600779,0.1565571631573767,15.655716315737669,0.023043485281947076,0.5921554916540386,turbine_1,
CatBoost__Simple__global__default,turbine_id,,5770,0.1577341312812668,0.23547099585234124,0.1577341312812668,15.773413128126679,0.025231536578599608,0.5774112652903057,turbine_2,
CatBoost__Simple__global__default,turbine_id+horizon_bucket,D1,2891,0.14919497432693404,0.22160648513314368,0.14919497432693404,14.919497432693404,0.024047439962162284,0.628534261980858,turbine_1,
CatBoost__Simple__global__default,turbine_id+horizon_bucket,D2,2891,0.1639193519878194,0.24233923947088667,0.1639193519878194,16.39193519878194,0.022039530601731874,0.5557767213272193,turbine_1,
CatBoost__Simple__global__default,turbine_id+horizon_bucket,D1,2885,0.1502549591713112,0.2249796206531447,0.1502549591713112,15.02549591713112,0.02621934458924153,0.6142291261476904,turbine_2,
CatBoost__Simple__global__default,turbine_id+horizon_bucket,D2,2885,0.1652133033912224,0.2455144599940169,0.1652133033912224,16.52133033912224,0.024243728567957704,0.540593404432921,turbine_2,
CatBoost__Simple__global__default,lead_hours,,242,0.1442275812975829,0.20609602522321224,0.1442275812975829,14.42275812975829,0.037526055354442284,0.5872372109182353,,1.0
CatBoost__Simple__global__default,lead_hours,,242,0.14028510876945127,0.2016272450477542,0.14028510876945127,14.028510876945127,0.01887013809445909,0.6150290312612308,,2.0
CatBoost__Simple__global__default,lead_hours,,242,0.16027923747256864,0.22254367971736347,0.16027923747256864,16.027923747256864,0.02423653765365865,0.5610744959275507,,3.0
CatBoost__Simple__global__default,lead_hours,,242,0.12498406454812647,0.20004124249277264,0.12498406454812647,12.498406454812647,0.027314462898181652,0.651878284346191,,4.0
CatBoost__Simple__global__default,lead_hours,,242,0.1284938001132095,0.19964317763218928,0.1284938001132095,12.84938001132095,0.03497336981115511,0.6662665579712206,,5.0
CatBoost__Simple__global__default,lead_hours,,241,0.13183175918348655,0.2052105461304975,0.13183175918348655,13.183175918348656,0.05557483457431838,0.6326661418531245,,6.0
CatBoost__Simple__global__default,lead_hours,,239,0.14601095731972172,0.2219495695320689,0.14601095731972172,14.601095731972173,0.055894511380762735,0.5529709929349189,,7.0
CatBoost__Simple__global__default,lead_hours,,239,0.16857472792902511,0.2514883769456001,0.16857472792902511,16.857472792902513,0.0508947996166266,0.4727177129886887,,8.0
CatBoost__Simple__global__default,lead_hours,,239,0.17542279061661897,0.26270447137907044,0.17542279061661897,17.542279061661898,0.0712507588731258,0.46720400008145047,,9.0
CatBoost__Simple__global__default,lead_hours,,236,0.16358544978243864,0.2478098760409767,0.16358544978243864,16.358544978243863,0.06923409345290225,0.5781700289218834,,10.0
CatBoost__Simple__global__default,lead_hours,,240,0.14396379661675104,0.22528332403350954,0.14396379661675104,14.396379661675104,0.055114966368502036,0.6744924233825866,,11.0
CatBoost__Simple__global__default,lead_hours,,240,0.14647769078168574,0.2199521161091383,0.14647769078168574,14.647769078168574,0.012304512075815106,0.6863031927465515,,12.0
CatBoost__Simple__global__default,lead_hours,,240,0.14371086194316465,0.21379515260394752,0.14371086194316465,14.371086194316465,-0.015272816537099025,0.7041742882597488,,13.0
CatBoost__Simple__global__default,lead_hours,,240,0.1533644808537792,0.23157760263395974,0.1533644808537792,15.33644808537792,-0.008945281478578945,0.6409250789958698,,14.0
CatBoost__Simple__global__default,lead_hours,,239,0.13607004168786446,0.21740449930699077,0.13607004168786446,13.607004168786446,-0.011729930162720401,0.6795035344306197,,15.0
CatBoost__Simple__global__default,lead_hours,,241,0.15223124635983049,0.24272194353569354,0.15223124635983049,15.223124635983048,0.0019154479102736451,0.5853573104536608,,16.0
CatBoost__Simple__global__default,lead_hours,,242,0.16709630723930055,0.25541281960013706,0.16709630723930055,16.709630723930054,0.01155250546264814,0.5490823421853563,,17.0
CatBoost__Simple__global__default,lead_hours,,242,0.17147439618952823,0.24462782470925346,0.17147439618952823,17.147439618952824,0.012105443739086258,0.5449916164344044,,18.0
CatBoost__Simple__global__default,lead_hours,,240,0.16563736082752017,0.23997970241396518,0.16563736082752017,16.56373608275202,-0.006630631936172343,0.5609084818926864,,19.0
CatBoost__Simple__global__default,lead_hours,,242,0.15672553846925993,0.21197716819055243,0.15672553846925993,15.672553846925993,-0.004803256564136897,0.6460813542317827,,20.0
CatBoost__Simple__global__default,lead_hours,,242,0.15698157024122786,0.2109290113332091,0.15698157024122786,15.698157024122786,0.014372449902341789,0.6266986196756584,,21.0
CatBoost__Simple__global__default,lead_hours,,240,0.14632930858873544,0.20837286654127846,0.14632930858873544,14.632930858873545,0.03540698962168764,0.6372742118420482,,22.0
CatBoost__Simple__global__default,lead_hours,,242,0.1370806925092583,0.20793867575667208,0.1370806925092583,13.708069250925831,0.0267301443158137,0.6238201367891686,,23.0
CatBoost__Simple__global__default,lead_hours,,242,0.13317365315788068,0.19071519512658316,0.13317365315788068,13.317365315788068,0.03657162618913263,0.666865759318731,,24.0
CatBoost__Simple__global__default,lead_hours,,242,0.1541821662253275,0.2166635476650971,0.1541821662253275,15.418216622532748,0.054036612560136164,0.5438233974878788,,25.0
CatBoost__Simple__global__default,lead_hours,,242,0.16096793685135205,0.22588707869462196,0.16096793685135205,16.096793685135204,0.03929835704631606,0.5168162440081296,,26.0
CatBoost__Simple__global__default,lead_hours,,242,0.1627917653043466,0.23748381877335573,0.1627917653043466,16.27917653043466,0.03929944739215149,0.5001630765743141,,27.0
CatBoost__Simple__global__default,lead_hours,,242,0.14917751101552268,0.22467621700578047,0.14917751101552268,14.917751101552268,0.026346316201821277,0.5608567273236477,,28.0
CatBoost__Simple__global__default,lead_hours,,242,0.15029649202550954,0.23267478258756663,0.15029649202550954,15.029649202550955,0.02668732588031317,0.5466961435786806,,29.0
CatBoost__Simple__global__default,lead_hours,,241,0.14942862735171786,0.22827434977514283,0.14942862735171786,14.942862735171786,0.045024439508129316,0.5454560970288329,,30.0
CatBoost__Simple__global__default,lead_hours,,239,0.15833241520150407,0.23536113501213163,0.15833241520150407,15.833241520150407,0.04998496383277137,0.4973142314542405,,31.0
CatBoost__Simple__global__default,lead_hours,,239,0.18562359117818003,0.275860343180996,0.18562359117818003,18.562359117818,0.05366136398707167,0.3655668161573564,,32.0
CatBoost__Simple__global__default,lead_hours,,239,0.18321204494471702,0.28135036031559435,0.18321204494471702,18.3212044944717,0.07107705675815139,0.38888776692639515,,33.0
CatBoost__Simple__global__default,lead_hours,,236,0.17464923394074106,0.2673816819010162,0.17464923394074106,17.464923394074106,0.067725973668798,0.5089072599944715,,34.0
CatBoost__Simple__global__default,lead_hours,,240,0.16103176573466155,0.25205576672933305,0.16103176573466155,16.103176573466154,0.055055441407839065,0.5925293924280735,,35.0
CatBoost__Simple__global__default,lead_hours,,240,0.1581229402713977,0.23674515558068343,0.1581229402713977,15.81229402713977,0.005191460119757722,0.6365739855816767,,36.0
CatBoost__Simple__global__default,lead_hours,,240,0.14696549705692197,0.22539574565225107,0.14696549705692197,14.696549705692197,-0.01669444176740128,0.6712001288717477,,37.0
CatBoost__Simple__global__default,lead_hours,,240,0.15792061400144916,0.23537542248366627,0.15792061400144916,15.792061400144917,-0.017555330176446567,0.6290510113261596,,38.0
CatBoost__Simple__global__default,lead_hours,,239,0.1557385696135212,0.2348511125022396,0.1557385696135212,15.57385696135212,-0.030803258317038184,0.6260001461661775,,39.0
CatBoost__Simple__global__default,lead_hours,,241,0.16409285874708435,0.2448270535191786,0.16409285874708435,16.409285874708434,-0.02005775017078796,0.5781337886300683,,40.0
CatBoost__Simple__global__default,lead_hours,,242,0.16947911913797978,0.2600889673758042,0.16947911913797978,16.947911913797977,0.001786654968982399,0.5324202220294976,,41.0
CatBoost__Simple__global__default,lead_hours,,242,0.17936595013546627,0.2698046260573486,0.17936595013546627,17.936595013546626,0.0028930562441714025,0.4465142102107652,,42.0
CatBoost__Simple__global__default,lead_hours,,240,0.19518851079048163,0.2761861026748356,0.19518851079048163,19.518851079048165,-0.015506033107692375,0.41841972246199377,,43.0
CatBoost__Simple__global__default,lead_hours,,242,0.1801184844739004,0.2530641865329721,0.1801184844739004,18.01184844739004,-0.008934863099338802,0.49558656178487837,,44.0
CatBoost__Simple__global__default,lead_hours,,242,0.17649541032364277,0.23986477268516082,0.17649541032364277,17.649541032364276,0.015615398439152214,0.5172526446628272,,45.0
CatBoost__Simple__global__default,lead_hours,,240,0.15751075043419657,0.23175075495625372,0.15751075043419657,15.751075043419657,0.03461049032793563,0.5513182390534557,,46.0
CatBoost__Simple__global__default,lead_hours,,242,0.16410375989762702,0.23263370459678648,0.16410375989762702,16.410375989762702,0.03151122764766387,0.5291633404395466,,47.0
CatBoost__Simple__global__default,lead_hours,,242,0.1551826786881959,0.22002362835047842,0.1551826786881959,15.51826786881959,0.045997024415748725,0.5566085395147191,,48.0
CatBoost__Weighted__global__default,horizon_bucket,D1,5776,0.1516518956920561,0.22705476456051385,0.1516518956920561,15.165189569205609,0.021658438617890925,0.6086142630936529,,
CatBoost__Weighted__global__default,horizon_bucket,D2,5776,0.16886655173047924,0.24915846349182033,0.16886655173047924,16.886655173047924,0.02716360390656739,0.5287026004066967,,
CatBoost__Weighted__global__default,turbine_id,,5782,0.15931575622313285,0.23640734360809137,0.15931575622313285,15.931575622313284,0.022516647373177722,0.577257649229405,turbine_1,
CatBoost__Weighted__global__default,turbine_id,,5770,0.1612046533501577,0.24030668923154747,0.1612046533501577,16.120465335015773,0.026309334923666834,0.559876260099188,turbine_2,
CatBoost__Weighted__global__default,turbine_id+horizon_bucket,D1,2891,0.15070218896202536,0.22494081269248048,0.15070218896202536,15.070218896202537,0.0199407944835303,0.6172718979805811,turbine_1,
CatBoost__Weighted__global__default,turbine_id+horizon_bucket,D2,2891,0.1679293234842403,0.24734286933104577,0.1679293234842403,16.79293234842403,0.025092500262825133,0.5372434004782287,turbine_1,
CatBoost__Weighted__global__default,turbine_id+horizon_bucket,D1,2885,0.15260357754873508,0.22915355151752004,0.15260357754873508,15.260357754873507,0.023379654975754564,0.5997823297610898,turbine_2,
CatBoost__Weighted__global__default,turbine_id+horizon_bucket,D2,2885,0.16980572915158035,0.2509646580810979,0.16980572915158035,16.980572915158035,0.029239014871579108,0.519970190437286,turbine_2,
CatBoost__Weighted__global__default,lead_hours,,242,0.14767998749037295,0.21172210718302828,0.14767998749037295,14.767998749037295,0.03615466230798028,0.5643941317776708,,1.0
CatBoost__Weighted__global__default,lead_hours,,242,0.14502606125333886,0.2116408935852427,0.14502606125333886,14.502606125333886,0.021143979825869724,0.5758409665877342,,2.0
CatBoost__Weighted__global__default,lead_hours,,242,0.162613646400122,0.23106445183924457,0.162613646400122,16.2613646400122,0.023709318048339104,0.5268198037550571,,3.0
CatBoost__Weighted__global__default,lead_hours,,242,0.1263875334215163,0.2025890858914516,0.1263875334215163,12.63875334215163,0.027513497635449753,0.6429540442768078,,4.0
CatBoost__Weighted__global__default,lead_hours,,242,0.13114383464378487,0.20768041154879696,0.13114383464378487,13.114383464378488,0.03252935190258099,0.6388547960975434,,5.0
CatBoost__Weighted__global__default,lead_hours,,241,0.13442920764916585,0.21101366895786558,0.13442920764916585,13.442920764916586,0.053738777054943156,0.6115968124162197,,6.0
CatBoost__Weighted__global__default,lead_hours,,239,0.14971767127120775,0.22870746314345478,0.14971767127120775,14.971767127120774,0.057405695311813734,0.5253343941362252,,7.0
CatBoost__Weighted__global__default,lead_hours,,239,0.1700957435005866,0.2543271794094357,0.1700957435005866,17.00957435005866,0.056661335266107865,0.46074659526481176,,8.0
CatBoost__Weighted__global__default,lead_hours,,239,0.17659820156305225,0.26471506643004433,0.17659820156305225,17.659820156305226,0.06788227428305815,0.4590173382907985,,9.0
CatBoost__Weighted__global__default,lead_hours,,236,0.166125409514677,0.2519627477570282,0.166125409514677,16.6125409514677,0.06760288151369802,0.5639132573563432,,10.0
CatBoost__Weighted__global__default,lead_hours,,240,0.14703666423904344,0.2287788697823815,0.14703666423904344,14.703666423904343,0.055367761717568346,0.6643127617050686,,11.0
CatBoost__Weighted__global__default,lead_hours,,240,0.14568208381219616,0.21777939230474624,0.14568208381219616,14.568208381219616,0.007987534587602303,0.6924700818770104,,12.0
CatBoost__Weighted__global__default,lead_hours,,240,0.14601418683048722,0.21501874907928506,0.14601418683048722,14.601418683048722,-0.024475416162475266,0.7007784477621468,,13.0
CatBoost__Weighted__global__default,lead_hours,,240,0.15202386422799974,0.23357715452934172,0.15202386422799974,15.202386422799973,-0.017691392217006854,0.6346974588736813,,14.0
CatBoost__Weighted__global__default,lead_hours,,239,0.13779362263583445,0.21859155523272833,0.13779362263583445,13.779362263583444,-0.01868445540963389,0.675994077407226,,15.0
CatBoost__Weighted__global__default,lead_hours,,241,0.15129554981226911,0.24197484134739963,0.15129554981226911,15.129554981226912,-0.001943615880212807,0.5879059362721883,,16.0
CatBoost__Weighted__global__default,lead_hours,,242,0.16375548300994383,0.25514178049816305,0.16375548300994383,16.37554830099438,0.007018206110820439,0.5500388444505417,,17.0
CatBoost__Weighted__global__default,lead_hours,,242,0.17272802714551838,0.24736021802471522,0.17272802714551838,17.272802714551837,0.0062161053361745,0.5347703324743188,,18.0
CatBoost__Weighted__global__default,lead_hours,,240,0.16427906900671008,0.24157774596034656,0.16427906900671008,16.427906900671008,-0.014525472079469344,0.555041121818991,,19.0
CatBoost__Weighted__global__default,lead_hours,,242,0.16039201352116159,0.21956437929421818,0.16039201352116159,16.03920135211616,-0.012548938621062605,0.6202926183821229,,20.0
CatBoost__Weighted__global__default,lead_hours,,242,0.1583594134231555,0.21243373938655002,0.1583594134231555,15.835941342315548,0.005430685734583128,0.621353497656653,,21.0
CatBoost__Weighted__global__default,lead_hours,,240,0.15067777126630366,0.21250269427900306,0.15067777126630366,15.067777126630366,0.028712538789727467,0.6227537060137367,,22.0
CatBoost__Weighted__global__default,lead_hours,,242,0.14350108175787432,0.21586059700466956,0.14350108175787432,14.350108175787431,0.02237122909231438,0.59461120164941,,23.0
CatBoost__Weighted__global__default,lead_hours,,242,0.13688300370922774,0.19752235495026518,0.13688300370922774,13.688300370922773,0.033568495375282635,0.642660364814446,,24.0
CatBoost__Weighted__global__default,lead_hours,,242,0.1627633697473133,0.22761753888615885,0.1627633697473133,16.276336974731333,0.0629333568083915,0.4965309794171009,,25.0
CatBoost__Weighted__global__default,lead_hours,,242,0.17285918460089755,0.2380883159808371,0.17285918460089755,17.285918460089754,0.0508919735376058,0.4632083963511623,,26.0
CatBoost__Weighted__global__default,lead_hours,,242,0.17164911615260825,0.24778187471295793,0.17164911615260825,17.164911615260824,0.04566289268734623,0.45587415320482505,,27.0
CatBoost__Weighted__global__default,lead_hours,,242,0.15488439796544895,0.23284283363836572,0.15488439796544895,15.488439796544895,0.0375790783731431,0.52835223557015,,28.0
CatBoost__Weighted__global__default,lead_hours,,242,0.15549629217226174,0.23757474888350302,0.15549629217226174,15.549629217226174,0.032600893211673435,0.5274025891526857,,29.0
CatBoost__Weighted__global__default,lead_hours,,241,0.1549068941692627,0.23409243660090023,0.1549068941692627,15.490689416926271,0.05222048783219641,0.521990671431515,,30.0
CatBoost__Weighted__global__default,lead_hours,,239,0.16573523124962036,0.24360966930344374,0.16573523124962036,16.573523124962037,0.05876347870744318,0.461462270342331,,31.0
CatBoost__Weighted__global__default,lead_hours,,239,0.1932715156079378,0.281259738885469,0.1932715156079378,19.32715156079378,0.06571093941016246,0.34048833004399626,,32.0
CatBoost__Weighted__global__default,lead_hours,,239,0.18775698202159763,0.285703493378024,0.18775698202159763,18.775698202159763,0.07461910279361957,0.3698308660616577,,33.0
CatBoost__Weighted__global__default,lead_hours,,236,0.17827883570684988,0.27273156043569324,0.17827883570684988,17.82788357068499,0.0715157190954416,0.48905870205541946,,34.0
CatBoost__Weighted__global__default,lead_hours,,240,0.16595315162369031,0.2581654204649919,0.16595315162369031,16.595315162369033,0.060320063337714634,0.5725363863922119,,35.0
CatBoost__Weighted__global__default,lead_hours,,240,0.16229457362610458,0.2390324554560128,0.16229457362610458,16.229457362610457,0.007275567952573669,0.6295176225340327,,36.0
CatBoost__Weighted__global__default,lead_hours,,240,0.1511808483922792,0.2297776583641783,0.1511808483922792,15.118084839227919,-0.01877860692808138,0.6582914793394434,,37.0
CatBoost__Weighted__global__default,lead_hours,,240,0.16189520742657326,0.24266012095884168,0.16189520742657326,16.189520742657326,-0.020228635640437715,0.6057344911480481,,38.0
CatBoost__Weighted__global__default,lead_hours,,239,0.1580518603765744,0.23558686472122023,0.1580518603765744,15.80518603765744,-0.03454870353647092,0.6236531080460312,,39.0
CatBoost__Weighted__global__default,lead_hours,,241,0.16270378911382896,0.2431228301188071,0.16270378911382896,16.270378911382895,-0.0187932697040634,0.583986507638259,,40.0
CatBoost__Weighted__global__default,lead_hours,,242,0.17135342099563727,0.2593347981839123,0.17135342099563727,17.135342099563726,0.002302964651704366,0.5351279339895678,,41.0
CatBoost__Weighted__global__default,lead_hours,,242,0.18179715085718043,0.27323876597568547,0.18179715085718043,18.179715085718044,0.0026239240421800395,0.4323347332637538,,42.0
CatBoost__Weighted__global__default,lead_hours,,240,0.19439964302184945,0.2786991457767708,0.19439964302184945,19.439964302184944,-0.013230608817453757,0.4077878650438993,,43.0
CatBoost__Weighted__global__default,lead_hours,,242,0.18223741760603798,0.25869990325109876,0.18223741760603798,18.223741760603797,-0.006382854379834232,0.47286991451194527,,44.0
CatBoost__Weighted__global__default,lead_hours,,242,0.17784056432575318,0.2457587416241959,0.17784056432575318,17.78405643257532,0.01619663317131054,0.49323698546126027,,45.0
CatBoost__Weighted__global__default,lead_hours,,240,0.15783310790764532,0.23372946762525346,0.15783310790764532,15.783310790764531,0.03758417419035632,0.5436237450018457,,46.0
CatBoost__Weighted__global__default,lead_hours,,242,0.16840339782766997,0.24056286629832804,0.16840339782766997,16.840339782766996,0.03472804031831383,0.49652005520636266,,47.0
CatBoost__Weighted__global__default,lead_hours,,242,0.15960299925965735,0.2262353999971244,0.15960299925965735,15.960299925965735,0.05115659573370856,0.5312192131834772,,48.0
CatBoost__All__global__default,horizon_bucket,D1,5776,0.14950509798420766,0.22290937927977253,0.14950509798420766,14.950509798420766,0.029660976256455678,0.6227750231538369,,
CatBoost__All__global__default,horizon_bucket,D2,5776,0.16629023168194498,0.24515855266467995,0.16629023168194498,16.629023168194497,0.026687787994489235,0.5437132547917327,,
CatBoost__All__global__default,turbine_id,,5782,0.15735509547411802,0.23256652565227684,0.15735509547411802,15.735509547411802,0.0266025290224505,0.5908823257566513,turbine_1,
CatBoost__All__global__default,turbine_id,,5770,0.15844136258584873,0.23602076146849993,0.15844136258584873,15.844136258584873,0.029749504247079558,0.5754356846864537,turbine_2,
CatBoost__All__global__default,turbine_id+horizon_bucket,D1,2891,0.1488974931245819,0.221003991640299,0.1488974931245819,14.88974931245819,0.028105753305252484,0.6305513640845462,turbine_1,
CatBoost__All__global__default,turbine_id+horizon_bucket,D2,2891,0.16581269782365415,0.24358081489927919,0.16581269782365415,16.581269782365414,0.025099304739648515,0.5512132874287565,turbine_1,
CatBoost__All__global__default,turbine_id+horizon_bucket,D1,2885,0.15011396649345488,0.2248025300270456,0.15011396649345488,15.011396649345487,0.031219433640139717,0.6148361990734059,turbine_2,
CatBoost__All__global__default,turbine_id+horizon_bucket,D2,2885,0.16676875867824262,0.24672945138710206,0.16676875867824262,16.67687586782426,0.028279574854019406,0.5360351702995013,turbine_2,
CatBoost__All__global__default,lead_hours,,242,0.1464222544797333,0.21038370496195485,0.1464222544797333,14.642225447973331,0.04324157298058272,0.5698840931295781,,1.0
CatBoost__All__global__default,lead_hours,,242,0.14315392097360602,0.20436285775614296,0.14315392097360602,14.315392097360602,0.022174991449165155,0.604511843999199,,2.0
CatBoost__All__global__default,lead_hours,,242,0.15360607605840862,0.21764708537815983,0.15360607605840862,15.360607605840862,0.03168999940074105,0.5801772216598988,,3.0
CatBoost__All__global__default,lead_hours,,242,0.13224099251710741,0.20522152058426354,0.13224099251710741,13.224099251710742,0.03139266157825702,0.6336148770689114,,4.0
CatBoost__All__global__default,lead_hours,,242,0.13485297187993067,0.20532277899690043,0.13485297187993067,13.485297187993067,0.03672956559515695,0.6470078498595769,,5.0
CatBoost__All__global__default,lead_hours,,241,0.13785190473342523,0.2104508859489039,0.13785190473342523,13.785190473342524,0.056166634240628135,0.6136658274269013,,6.0
CatBoost__All__global__default,lead_hours,,239,0.15450296776855882,0.23098889416550275,0.15450296776855882,15.450296776855883,0.06568825428090365,0.5158172752240108,,7.0
CatBoost__All__global__default,lead_hours,,239,0.17338339551014573,0.25872546166066607,0.17338339551014573,17.338339551014574,0.06509930873816633,0.4419338415606716,,8.0
CatBoost__All__global__default,lead_hours,,239,0.1755668356723829,0.26372025364735246,0.1755668356723829,17.55668356723829,0.0805396626020928,0.4630757791416231,,9.0
CatBoost__All__global__default,lead_hours,,236,0.1611862620233901,0.245052473420801,0.1611862620233901,16.11862620233901,0.07574807468824166,0.5875052807758092,,10.0
CatBoost__All__global__default,lead_hours,,240,0.14508530326543226,0.22628806615834665,0.14508530326543226,14.508530326543227,0.06028829405487709,0.6715824833406467,,11.0
CatBoost__All__global__default,lead_hours,,240,0.13805815014207992,0.2107061471521678,0.13805815014207992,13.805815014207992,0.018915547522199944,0.7121221694126187,,12.0
CatBoost__All__global__default,lead_hours,,240,0.1367160230629179,0.20913106141009324,0.1367160230629179,13.671602306291792,-0.009545354416659702,0.7169407882027932,,13.0
CatBoost__All__global__default,lead_hours,,240,0.14591406561504097,0.2248412247461266,0.14591406561504097,14.591406561504098,-0.006588668915722529,0.6615115525524903,,14.0
CatBoost__All__global__default,lead_hours,,239,0.129074934792052,0.20896380449056345,0.129074934792052,12.9074934792052,-0.004021011223717377,0.7039068760031577,,15.0
CatBoost__All__global__default,lead_hours,,241,0.14168092599332816,0.2284616606036324,0.14168092599332816,14.168092599332816,0.008112464485473371,0.6326478471702193,,16.0
CatBoost__All__global__default,lead_hours,,242,0.16970237806669458,0.2532388636543868,0.16970237806669458,16.97023780666946,0.017060472529065923,0.556725680528726,,17.0
CatBoost__All__global__default,lead_hours,,242,0.16949550067667643,0.24186140442696868,0.16949550067667643,16.949550067667644,0.01778008941077602,0.5552245247067876,,18.0
CatBoost__All__global__default,lead_hours,,240,0.16305494804073234,0.2423563994448898,0.16305494804073234,16.305494804073234,-0.00893649513573964,0.5521681158742655,,19.0
CatBoost__All__global__default,lead_hours,,242,0.1608717150648727,0.21772567458284137,0.1608717150648727,16.08717150648727,-0.005199908951281345,0.6266255800545519,,20.0
CatBoost__All__global__default,lead_hours,,242,0.15830329403734925,0.21438238473504648,0.15830329403734925,15.830329403734925,0.010536869023547581,0.6143750217317298,,21.0
CatBoost__All__global__default,lead_hours,,240,0.1508958350749768,0.21235996608459917,0.1508958350749768,15.08958350749768,0.0381729516707209,0.6232602934753022,,22.0
CatBoost__All__global__default,lead_hours,,242,0.13440570939741772,0.19819178949822772,0.13440570939741772,13.440570939741772,0.030040717005481936,0.6582596070940012,,23.0
CatBoost__All__global__default,lead_hours,,242,0.13258987239044434,0.19093267736984412,0.13258987239044434,13.258987239044433,0.03833106605189876,0.6661055462525485,,24.0
CatBoost__All__global__default,lead_hours,,242,0.15691461446861427,0.22113376405408658,0.15691461446861427,15.691461446861426,0.05817535867183714,0.5248054806830389,,25.0
CatBoost__All__global__default,lead_hours,,242,0.1624678611415085,0.2310633999319942,0.1624678611415085,16.24678611415085,0.03955452036242498,0.4944176940096119,,26.0
CatBoost__All__global__default,lead_hours,,242,0.16474702587802728,0.23714794505193512,0.16474702587802728,16.474702587802728,0.044103042014031694,0.5015759169985308,,27.0
CatBoost__All__global__default,lead_hours,,242,0.14541919212359272,0.2164488252680484,0.14541919212359272,14.541919212359272,0.037095618838922734,0.5924297322728361,,28.0
CatBoost__All__global__default,lead_hours,,242,0.14970649936356933,0.22904761356802056,0.14970649936356933,14.970649936356933,0.036313392823666406,0.5607190977406131,,29.0
CatBoost__All__global__default,lead_hours,,241,0.1584140732943542,0.2380490545739879,0.1584140732943542,15.84140732943542,0.05914147098353574,0.5056955389855391,,30.0
CatBoost__All__global__default,lead_hours,,239,0.16853635846194603,0.24388066417177579,0.16853635846194603,16.853635846194603,0.06950458727039593,0.46026344982785317,,31.0
CatBoost__All__global__default,lead_hours,,239,0.19559770188599054,0.2808422501951522,0.19559770188599054,19.559770188599053,0.0633243921518813,0.3424447729715645,,32.0
CatBoost__All__global__default,lead_hours,,239,0.19220530019790547,0.2859988008931476,0.19220530019790547,19.220530019790548,0.07474702563737472,0.3685274878390692,,33.0
CatBoost__All__global__default,lead_hours,,236,0.1825640044153002,0.2711949207699583,0.1825640044153002,18.256400441530023,0.06624304187205948,0.49480003132790795,,34.0
CatBoost__All__global__default,lead_hours,,240,0.16759989773503545,0.2531419006040257,0.16759989773503545,16.759989773503545,0.05635767662742418,0.5890101619816333,,35.0
CatBoost__All__global__default,lead_hours,,240,0.157658568156342,0.23524395497397352,0.157658568156342,15.7658568156342,0.007578097823683061,0.6411683402651908,,36.0
CatBoost__All__global__default,lead_hours,,240,0.14687287283059305,0.22777908930906748,0.14687287283059305,14.687287283059305,-0.02030655009494624,0.6642098795956859,,37.0
CatBoost__All__global__default,lead_hours,,240,0.15514099498714523,0.2390472762646182,0.15514099498714523,15.514099498714524,-0.018916832889526707,0.6173871377282165,,38.0
CatBoost__All__global__default,lead_hours,,239,0.15020072608247687,0.23142851142561455,0.15020072608247687,15.020072608247686,-0.027714070074064873,0.6368216821778857,,39.0
CatBoost__All__global__default,lead_hours,,241,0.16101572826710067,0.23868812743084364,0.16101572826710067,16.10157282671007,-0.015486957233956865,0.599024751140244,,40.0
CatBoost__All__global__default,lead_hours,,242,0.17121844291404784,0.25583485911924914,0.17121844291404784,17.121844291404784,0.007185576624104552,0.547590934666432,,41.0
CatBoost__All__global__default,lead_hours,,242,0.18346418226967687,0.27018312972152725,0.18346418226967687,18.346418226967685,0.004647764163571142,0.44496017200332294,,42.0
CatBoost__All__global__default,lead_hours,,240,0.1947925940769424,0.27579516677457877,0.1947925940769424,19.47925940769424,-0.014786416688195103,0.42006498770144374,,43.0
CatBoost__All__global__default,lead_hours,,242,0.18159906821020802,0.25744325221337777,0.18159906821020802,18.1599068210208,-0.011220258523319331,0.4779786114285218,,44.0
CatBoost__All__global__default,lead_hours,,242,0.17394819087847999,0.2425749734037828,0.17394819087847999,17.394819087848,0.00925176912421553,0.5062820164330146,,45.0
CatBoost__All__global__default,lead_hours,,240,0.1573213418510188,0.23271300634423722,0.1573213418510188,15.732134185101879,0.030288755387783625,0.5475845643136972,,46.0
CatBoost__All__global__default,lead_hours,,242,0.1632699755365188,0.2337333474460323,0.1632699755365188,16.326997553651882,0.038324971352907605,0.524701597843487,,47.0
CatBoost__All__global__default,lead_hours,,242,0.15100075531297122,0.2181002651019848,0.15100075531297122,15.100075531297122,0.047956798511548805,0.5643265778581487,,48.0
CatBoost__All_Disagreement__global__default,horizon_bucket,D1,5776,0.15116225525820048,0.22522605378452903,0.15116225525820048,15.116225525820049,0.03191865653729829,0.6148933565764872,,
CatBoost__All_Disagreement__global__default,horizon_bucket,D2,5776,0.16763660247511578,0.24794393625395567,0.16763660247511578,16.763660247511577,0.02803442082582064,0.5332860965921329,,
CatBoost__All_Disagreement__global__default,turbine_id,,5782,0.15877195982950523,0.2351853934520301,0.15877195982950523,15.877195982950523,0.028310513090910643,0.5816165243921483,turbine_1,
CatBoost__All_Disagreement__global__default,turbine_id,,5770,0.16002820286541342,0.2385213682124272,0.16002820286541342,16.002820286541343,0.03164602914345401,0.566391628587014,turbine_2,
CatBoost__All_Disagreement__global__default,turbine_id+horizon_bucket,D1,2891,0.15052211443756378,0.22340635249921748,0.15052211443756378,15.052211443756377,0.03025557975745137,0.6224757374001473,turbine_1,
CatBoost__All_Disagreement__global__default,turbine_id+horizon_bucket,D2,2891,0.1670218052214467,0.24640198913435704,0.1670218052214467,16.70218052214467,0.026365446424369915,0.5407573113841491,turbine_1,
CatBoost__All_Disagreement__global__default,turbine_id+horizon_bucket,D1,2885,0.15180372739423537,0.2270349094465654,0.15180372739423537,15.180372739423536,0.03358519205568217,0.6071485544591443,turbine_2,
CatBoost__All_Disagreement__global__default,turbine_id+horizon_bucket,D2,2885,0.16825267833659144,0.2494795303836497,0.16825267833659144,16.825267833659144,0.029706866231225846,0.5256347027148836,turbine_2,
CatBoost__All_Disagreement__global__default,lead_hours,,242,0.15064429139029026,0.21377242274226924,0.15064429139029026,15.064429139029025,0.046635950992296685,0.5559164717785096,,1.0
CatBoost__All_Disagreement__global__default,lead_hours,,242,0.14718776860606084,0.2077287468020242,0.14718776860606084,14.718776860606084,0.028377321768383947,0.5913770547097768,,2.0
CatBoost__All_Disagreement__global__default,lead_hours,,242,0.15930574472614356,0.2243698024550029,0.15930574472614356,15.930574472614357,0.03467625561332782,0.553841575163637,,3.0
CatBoost__All_Disagreement__global__default,lead_hours,,242,0.13683649915251758,0.21098875172480566,0.13683649915251758,13.683649915251758,0.032148930255932066,0.6127328727796777,,4.0
CatBoost__All_Disagreement__global__default,lead_hours,,242,0.13658633165613837,0.20789278310730494,0.13658633165613837,13.658633165613837,0.042409184810197995,0.6381158127342105,,5.0
CatBoost__All_Disagreement__global__default,lead_hours,,241,0.13771450302689858,0.2127239899757624,0.13771450302689858,13.771450302689859,0.06065686338788405,0.6052750771717117,,6.0
CatBoost__All_Disagreement__global__default,lead_hours,,239,0.1593276947597754,0.23910616706136767,0.1593276947597754,15.93276947597754,0.06890902034017155,0.48118963265214054,,7.0
CatBoost__All_Disagreement__global__default,lead_hours,,239,0.17412894272076612,0.25962890424005886,0.17412894272076612,17.412894272076613,0.06572749748252311,0.43802961814240216,,8.0
CatBoost__All_Disagreement__global__default,lead_hours,,239,0.17735424742731537,0.2672639228757092,0.17735424742731537,17.73542474273154,0.08171132392581397,0.44854928602663013,,9.0
CatBoost__All_Disagreement__global__default,lead_hours,,236,0.16081254638240822,0.2467072388164591,0.16081254638240822,16.08125463824082,0.07674164900694494,0.5819155667624724,,10.0
CatBoost__All_Disagreement__global__default,lead_hours,,240,0.1430045407873321,0.2247034710882949,0.1430045407873321,14.30045407873321,0.06016244447840741,0.6761659038503486,,11.0
CatBoost__All_Disagreement__global__default,lead_hours,,240,0.13894206451482075,0.21210735002539147,0.13894206451482075,13.894206451482075,0.018753939070988712,0.7082806443483917,,12.0
CatBoost__All_Disagreement__global__default,lead_hours,,240,0.13703855970625795,0.20790621774700457,0.13703855970625795,13.703855970625794,-0.004687535442553947,0.7202467341449844,,13.0
CatBoost__All_Disagreement__global__default,lead_hours,,240,0.14550653129219848,0.22534510814611688,0.14550653129219848,14.550653129219848,-0.0026974863369739793,0.6599927045176066,,14.0
CatBoost__All_Disagreement__global__default,lead_hours,,239,0.13142781538522788,0.21115682294195107,0.13142781538522788,13.142781538522788,0.00012953457763314303,0.6976594304488005,,15.0
CatBoost__All_Disagreement__global__default,lead_hours,,241,0.1444337710003148,0.23297066205487105,0.1444337710003148,14.44337710003148,0.010993364462320673,0.6180043664765364,,16.0
CatBoost__All_Disagreement__global__default,lead_hours,,242,0.17037581936482263,0.2560596402934513,0.17037581936482263,17.037581936482262,0.020968195292035943,0.5467955957047592,,17.0
CatBoost__All_Disagreement__global__default,lead_hours,,242,0.17027960487655186,0.24149207411969292,0.17027960487655186,17.027960487655186,0.01814635408507564,0.5565818610806568,,18.0
CatBoost__All_Disagreement__global__default,lead_hours,,240,0.16294165538663663,0.2412442944474874,0.16294165538663663,16.294165538663663,-0.008987185088269302,0.5562686339880547,,19.0
CatBoost__All_Disagreement__global__default,lead_hours,,242,0.1604239136440504,0.2190332032207026,0.1604239136440504,16.04239136440504,-0.005463617764595667,0.6221275927797775,,20.0
CatBoost__All_Disagreement__global__default,lead_hours,,242,0.16055630465562096,0.21562346860683884,0.16055630465562096,16.055630465562096,0.01317484377031536,0.6098972447351304,,21.0
CatBoost__All_Disagreement__global__default,lead_hours,,240,0.15436131949566784,0.21647704812976606,0.15436131949566784,15.436131949566784,0.039966460395119405,0.6085107735204838,,22.0
CatBoost__All_Disagreement__global__default,lead_hours,,242,0.13715013647612642,0.20243917772134823,0.13715013647612642,13.715013647612642,0.03170428242343866,0.6434551846047435,,23.0
CatBoost__All_Disagreement__global__default,lead_hours,,242,0.13196730830544814,0.19045739820685506,0.13196730830544814,13.196730830544814,0.03739907661117978,0.6677657708439436,,24.0
CatBoost__All_Disagreement__global__default,lead_hours,,242,0.15551990529920448,0.22252434320158188,0.15551990529920448,15.551990529920449,0.05666758383204995,0.5188102563149872,,25.0
CatBoost__All_Disagreement__global__default,lead_hours,,242,0.16285421829240473,0.23453384352427178,0.16285421829240473,16.285421829240473,0.044133984567922564,0.47911651352262086,,26.0
CatBoost__All_Disagreement__global__default,lead_hours,,242,0.16362564125914203,0.23908767216418966,0.16362564125914203,16.362564125914204,0.048532061330070236,0.49338895459607723,,27.0
CatBoost__All_Disagreement__global__default,lead_hours,,242,0.14732360398829303,0.22020568026908707,0.14732360398829303,14.732360398829304,0.04154966932886457,0.5781587322250346,,28.0
CatBoost__All_Disagreement__global__default,lead_hours,,242,0.1515359491214398,0.23176495957824075,0.1515359491214398,15.15359491214398,0.03822880445294703,0.5502343003447394,,29.0
CatBoost__All_Disagreement__global__default,lead_hours,,241,0.15791331972370876,0.23933227922882386,0.15791331972370876,15.791331972370875,0.05939738137759684,0.5003519907176652,,30.0
CatBoost__All_Disagreement__global__default,lead_hours,,239,0.17098329283158148,0.24948406587473487,0.17098329283158148,17.098329283158147,0.06958372322914974,0.4351765527765048,,31.0
CatBoost__All_Disagreement__global__default,lead_hours,,239,0.19373060980830825,0.281554034705669,0.19373060980830825,19.373060980830825,0.06245296233875277,0.3391074493510141,,32.0
CatBoost__All_Disagreement__global__default,lead_hours,,239,0.19623786344144245,0.29175492196420416,0.19623786344144245,19.623786344144246,0.07399144420723763,0.34285318268610465,,33.0
CatBoost__All_Disagreement__global__default,lead_hours,,236,0.1819414305735677,0.27238796186910036,0.1819414305735677,18.194143057356772,0.0680598930560415,0.49034530129777343,,34.0
CatBoost__All_Disagreement__global__default,lead_hours,,240,0.1695041564518289,0.2576925984660992,0.1695041564518289,16.95041564518289,0.05715017881847888,0.5741007253878578,,35.0
CatBoost__All_Disagreement__global__default,lead_hours,,240,0.15941264837428465,0.23614877878874788,0.15941264837428465,15.941264837428465,0.005913264481340371,0.6384026679914757,,36.0
CatBoost__All_Disagreement__global__default,lead_hours,,240,0.14889464024793828,0.23087794047141433,0.14889464024793828,14.889464024793828,-0.020379364241535993,0.6550111260872661,,37.0
CatBoost__All_Disagreement__global__default,lead_hours,,240,0.15854435855285326,0.24208944802192556,0.15854435855285326,15.854435855285326,-0.014794751099932288,0.6075867286596965,,38.0
CatBoost__All_Disagreement__global__default,lead_hours,,239,0.1555904450166124,0.2360011739732233,0.1555904450166124,15.55904450166124,-0.027381680831001697,0.6223282370222976,,39.0
CatBoost__All_Disagreement__global__default,lead_hours,,241,0.16218377883370738,0.24111748794760338,0.16218377883370738,16.21837788337074,-0.015703650547228127,0.5908209858602632,,40.0
CatBoost__All_Disagreement__global__default,lead_hours,,242,0.1749083531281034,0.25922512816272425,0.1749083531281034,17.49083531281034,0.010551802375199024,0.5355210300930768,,41.0
CatBoost__All_Disagreement__global__default,lead_hours,,242,0.18703563072139232,0.2745827486935804,0.18703563072139232,18.703563072139232,0.008533875559537918,0.42673663573648246,,42.0
CatBoost__All_Disagreement__global__default,lead_hours,,240,0.19475870043207016,0.27725999540723034,0.19475870043207016,19.475870043207017,-0.012607647235546944,0.4138882195828889,,43.0
CatBoost__All_Disagreement__global__default,lead_hours,,242,0.1851252058845705,0.26382322368232436,0.1851252058845705,18.51252058845705,-0.0076656780020135425,0.45178449201696425,,44.0
CatBoost__All_Disagreement__global__default,lead_hours,,242,0.17728748215207568,0.24859622941297374,0.17728748215207568,17.728748215207567,0.010574433011380877,0.4814674351823437,,45.0
CatBoost__All_Disagreement__global__default,lead_hours,,240,0.15692937176349825,0.2325625452165114,0.15692937176349825,15.692937176349824,0.03335132739089871,0.5481693956646634,,46.0
CatBoost__All_Disagreement__global__default,lead_hours,,242,0.16363172430484224,0.23393286680142436,0.16363172430484224,16.363172430484223,0.03863752984079368,0.523889803491075,,47.0
CatBoost__All_Disagreement__global__default,lead_hours,,242,0.14852137212442862,0.21571565765255807,0.14852137212442862,14.852137212442862,0.04482646078447748,0.5738013999654747,,48.0
CatBoost__Full__global__default,horizon_bucket,D1,5776,0.14939466809442725,0.22342638411208943,0.14939466809442725,14.939466809442726,0.030718178923551314,0.6210231605394525,,
CatBoost__Full__global__default,horizon_bucket,D2,5776,0.16637653471659725,0.2482313553943481,0.16637653471659725,16.637653471659725,0.029422355265863218,0.5322034304004367,,
CatBoost__Full__global__default,turbine_id,,5782,0.15696593675617287,0.23427072873630517,0.15696593675617287,15.696593675617287,0.028278275469579756,0.5848644850871255,turbine_1,
CatBoost__Full__global__default,turbine_id,,5770,0.15880717870230257,0.23802777955606844,0.15880717870230257,15.880717870230256,0.031865985565502276,0.5681843629451135,turbine_2,
CatBoost__Full__global__default,turbine_id+horizon_bucket,D1,2891,0.14849282902226288,0.22134883767169045,0.14849282902226288,14.849282902226287,0.028781892075685593,0.6293975180185682,turbine_1,
CatBoost__Full__global__default,turbine_id+horizon_bucket,D2,2891,0.16543904449008284,0.246516207878246,0.16543904449008284,16.543904449008284,0.027774658863473915,0.5403314521556828,turbine_1,
CatBoost__Full__global__default,turbine_id+horizon_bucket,D1,2885,0.15029838274178503,0.22548905083310836,0.15029838274178503,15.029838274178504,0.03265849271113528,0.6124801159675001,turbine_2,
CatBoost__Full__global__default,turbine_id+horizon_bucket,D2,2885,0.1673159746628201,0.24993826364758262,0.1673159746628201,16.73159746628201,0.031073478419869262,0.5238886099227268,turbine_2,
CatBoost__Full__global__default,lead_hours,,242,0.1478479354846398,0.21133366236533815,0.1478479354846398,14.784793548463979,0.04486312292995576,0.5659910705317444,,1.0
CatBoost__Full__global__default,lead_hours,,242,0.14454828895989108,0.20484745334758836,0.14454828895989108,14.454828895989108,0.027511213018582146,0.6026340170179522,,2.0
CatBoost__Full__global__default,lead_hours,,242,0.1602677018039281,0.22566395513603577,0.1602677018039281,16.02677018039281,0.03494912343290089,0.5486798973197122,,3.0
CatBoost__Full__global__default,lead_hours,,242,0.1312333977010001,0.20419935410590806,0.1312333977010001,13.12333977010001,0.039667657703453395,0.6372555665964621,,4.0
CatBoost__Full__global__default,lead_hours,,242,0.13474766918078968,0.20764832309534467,0.13474766918078968,13.474766918078968,0.045365090998596626,0.6389663877080262,,5.0
CatBoost__Full__global__default,lead_hours,,241,0.137675697336288,0.21306785485123864,0.137675697336288,13.7675697336288,0.06417302895547063,0.6039979128916735,,6.0
CatBoost__Full__global__default,lead_hours,,239,0.15619785667685382,0.23291199608299062,0.15619785667685382,15.619785667685381,0.06884241559024683,0.5077215716588279,,7.0
CatBoost__Full__global__default,lead_hours,,239,0.17580618450229848,0.2582440110559781,0.17580618450229848,17.58061845022985,0.06837338029692266,0.4440088696559704,,8.0
CatBoost__Full__global__default,lead_hours,,239,0.1782485741177768,0.2666012543002618,0.1782485741177768,17.824857411777682,0.08172512734328867,0.4512804891226454,,9.0
CatBoost__Full__global__default,lead_hours,,236,0.15651267238286368,0.24213105410569877,0.15651267238286368,15.651267238286367,0.07593987882443234,0.5972818550548142,,10.0
CatBoost__Full__global__default,lead_hours,,240,0.13899003085805978,0.2205001201658373,0.13899003085805978,13.899003085805978,0.06086300001607761,0.6881680060064006,,11.0
CatBoost__Full__global__default,lead_hours,,240,0.13819874120304554,0.21347688733150877,0.13819874120304554,13.819874120304554,0.01909933028931116,0.7045013283089876,,12.0
CatBoost__Full__global__default,lead_hours,,240,0.1339893625798763,0.207134473145578,0.1339893625798763,13.398936257987629,-0.011405651711531259,0.7223197588949886,,13.0
CatBoost__Full__global__default,lead_hours,,240,0.14454549328116906,0.22314956774435762,0.14454549328116906,14.454549328116906,-0.003976859061975254,0.6665858201320787,,14.0
CatBoost__Full__global__default,lead_hours,,239,0.13081049205791234,0.2100204272704441,0.13081049205791234,13.081049205791235,-0.0036932989541948566,0.7009049233574807,,15.0
CatBoost__Full__global__default,lead_hours,,241,0.14309663678445136,0.23145528820380293,0.14309663678445136,14.309663678445137,0.01113060754512064,0.6229576387168534,,16.0
CatBoost__Full__global__default,lead_hours,,242,0.16405187658870526,0.25281228758028546,0.16405187658870526,16.405187658870528,0.016860025505659973,0.5582177971555001,,17.0
CatBoost__Full__global__default,lead_hours,,242,0.17178482526931738,0.2439178659635514,0.17178482526931738,17.178482526931738,0.014157654580415506,0.5476288341956607,,18.0
CatBoost__Full__global__default,lead_hours,,240,0.1629711819765229,0.24263137289742964,0.1629711819765229,16.297118197652292,-0.011206783060660966,0.5511513344980807,,19.0
CatBoost__Full__global__default,lead_hours,,242,0.15848149810970322,0.2168321928278597,0.15848149810970322,15.848149810970321,-0.010135207260081096,0.629683728599979,,20.0
CatBoost__Full__global__default,lead_hours,,242,0.15969506766349115,0.21577099878371814,0.15969506766349115,15.969506766349115,0.009824021522635005,0.6093632433348927,,21.0
CatBoost__Full__global__default,lead_hours,,240,0.15058121131548677,0.2093173401620379,0.15058121131548677,15.058121131548678,0.03563232772329394,0.6339785683477344,,22.0
CatBoost__Full__global__default,lead_hours,,242,0.13633214687570672,0.2025503996365483,0.13633214687570672,13.633214687570671,0.026284789003178648,0.6430632990888934,,23.0
CatBoost__Full__global__default,lead_hours,,242,0.12927468310147305,0.1870188338654882,0.12927468310147305,12.927468310147304,0.033928310442857,0.6796539528797958,,24.0
CatBoost__Full__global__default,lead_hours,,242,0.15495339771022287,0.22240228880327345,0.15495339771022287,15.495339771022287,0.062031607675762934,0.5193379758152814,,25.0
CatBoost__Full__global__default,lead_hours,,242,0.16327177968037387,0.2344663766567978,0.16327177968037387,16.327177968037386,0.0496989790872842,0.4794161489358377,,26.0
CatBoost__Full__global__default,lead_hours,,242,0.1650687597034258,0.24289551756390373,0.1650687597034258,16.50687597034258,0.04723853651300789,0.4771233022352772,,27.0
CatBoost__Full__global__default,lead_hours,,242,0.1519198928154126,0.22826039934249856,0.1519198928154126,15.19198928154126,0.0412101973392396,0.546733968096039,,28.0
CatBoost__Full__global__default,lead_hours,,242,0.15480450430247283,0.23836624067624038,0.15480450430247283,15.480450430247284,0.04207053325805321,0.5242483813239249,,29.0
CatBoost__Full__global__default,lead_hours,,241,0.15854818246044183,0.24067283134988104,0.15854818246044183,15.854818246044184,0.0580243772302106,0.4947390407198825,,30.0
CatBoost__Full__global__default,lead_hours,,239,0.172516172128983,0.25090578876273134,0.172516172128983,17.2516172128983,0.06770696926817182,0.428720745729543,,31.0
CatBoost__Full__global__default,lead_hours,,239,0.19522625590289422,0.28638475265508645,0.19522625590289422,19.522625590289422,0.07316433435282363,0.3162345848514071,,32.0
CatBoost__Full__global__default,lead_hours,,239,0.18925503966351861,0.28956913847380417,0.18925503966351861,18.92550396635186,0.07780632017305643,0.35266278645704396,,33.0
CatBoost__Full__global__default,lead_hours,,236,0.17368791026698358,0.2681461975258893,0.17368791026698358,17.368791026698357,0.0717815569931321,0.5060949145602645,,34.0
CatBoost__Full__global__default,lead_hours,,240,0.15982447127189517,0.25238773450336177,0.15982447127189517,15.982447127189516,0.05823859598551085,0.5914553746541651,,35.0
CatBoost__Full__global__default,lead_hours,,240,0.15840062642602398,0.23866443487597908,0.15840062642602398,15.840062642602398,0.010493543115175566,0.6306575529165196,,36.0
CatBoost__Full__global__default,lead_hours,,240,0.14464115030778385,0.22719851766478585,0.14464115030778385,14.464115030778386,-0.01772537526594329,0.6659194463062335,,37.0
CatBoost__Full__global__default,lead_hours,,240,0.15481640612301986,0.24004404200022297,0.15481640612301986,15.481640612301986,-0.018853775468060018,0.614189690630783,,38.0
CatBoost__Full__global__default,lead_hours,,239,0.15477996822056125,0.2348922858141928,0.15477996822056125,15.477996822056125,-0.02955110966232176,0.6258689978627061,,39.0
CatBoost__Full__global__default,lead_hours,,241,0.16206794112201178,0.24226402685680815,0.16206794112201178,16.206794112201177,-0.014591890030146767,0.5869203557678112,,40.0
CatBoost__Full__global__default,lead_hours,,242,0.1723179823373932,0.25761204652319974,0.1723179823373932,17.23179823373932,0.009004836691271046,0.5412836762213725,,41.0
CatBoost__Full__global__default,lead_hours,,242,0.18168003576172817,0.273241794426493,0.18168003576172817,18.16800357617282,0.005662654173883332,0.4323221497208848,,42.0
CatBoost__Full__global__default,lead_hours,,240,0.194938112690563,0.2776899516979037,0.194938112690563,19.493811269056298,-0.013435973900457424,0.41206900407765057,,43.0
CatBoost__Full__global__default,lead_hours,,242,0.181808802887866,0.2585400394972197,0.181808802887866,18.1808802887866,-0.011573385175478042,0.4735211938990136,,44.0
CatBoost__Full__global__default,lead_hours,,242,0.17595653938762928,0.24396531579326694,0.17595653938762928,17.59565393876293,0.013773366590381832,0.5006062105396686,,45.0
CatBoost__Full__global__default,lead_hours,,240,0.15678638236364692,0.23302857086900117,0.15678638236364692,15.678638236364693,0.03651979557125538,0.5463567596329626,,46.0
CatBoost__Full__global__default,lead_hours,,242,0.16406974759781082,0.2368103556916083,0.16406974759781082,16.406974759781082,0.04130220394015514,0.5121049896123282,,47.0
CatBoost__Full__global__default,lead_hours,,242,0.15216305752173281,0.22321465982188557,0.15216305752173281,15.216305752173282,0.047009295788886886,0.5436541474625164,,48.0
LightGBM__ECMWF__global__default,horizon_bucket,D1,5776,0.16143075873666396,0.24001016838255457,0.16143075873666396,16.143075873666398,-0.009482230085959135,0.5626762748872994,,
LightGBM__ECMWF__global__default,horizon_bucket,D2,5776,0.17608620444434095,0.2587086382071573,0.17608620444434095,17.608620444434095,-0.0064741309614253706,0.49188078863360696,,
LightGBM__ECMWF__global__default,turbine_id,,5782,0.1683992221344591,0.24864814270521954,0.1683992221344591,16.83992221344591,-0.01031265526253337,0.5323464116003741,turbine_1,
LightGBM__ECMWF__global__default,turbine_id,,5770,0.16911848820659306,0.25041976756874457,0.16911848820659306,16.911848820659305,-0.005638850724735692,0.5220523938789559,turbine_2,
LightGBM__ECMWF__global__default,turbine_id+horizon_bucket,D1,2891,0.16079840330758913,0.2385767419690858,0.16079840330758913,16.079840330758913,-0.011817916227003965,0.5694634375142493,turbine_1,
LightGBM__ECMWF__global__default,turbine_id+horizon_bucket,D2,2891,0.17600004096132907,0.2583271877540703,0.17600004096132907,17.600004096132906,-0.008807394298062779,0.4952293856864989,turbine_1,
LightGBM__ECMWF__global__default,turbine_id+horizon_bucket,D1,2885,0.16206442928968143,0.24143803920467127,0.16206442928968143,16.206442928968144,-0.007141686365418199,0.5557223507338303,turbine_2,
LightGBM__ECMWF__global__default,turbine_id+horizon_bucket,D2,2885,0.17617254712350472,0.259090318621464,0.17617254712350472,17.617254712350473,-0.004136015084053188,0.48838243702408124,turbine_2,
LightGBM__ECMWF__global__default,lead_hours,,242,0.15497901004702622,0.22642043328319272,0.15497901004702622,15.497901004702621,-0.003301789803226113,0.5018128279780949,,1.0
LightGBM__ECMWF__global__default,lead_hours,,242,0.15258622108510322,0.22605901671106501,0.15258622108510322,15.258622108510323,-0.013437338540389409,0.5160803960340892,,2.0
LightGBM__ECMWF__global__default,lead_hours,,242,0.15271859538724522,0.22847641019901677,0.15271859538724522,15.271859538724522,-0.00454030493343562,0.5373601695086405,,3.0
LightGBM__ECMWF__global__default,lead_hours,,242,0.14095417987259592,0.21274860233961174,0.14095417987259592,14.095417987259593,-0.006779088505077412,0.6062455638007741,,4.0
LightGBM__ECMWF__global__default,lead_hours,,242,0.14678742664313066,0.22748430418439805,0.14678742664313066,14.678742664313067,0.0022756226778741094,0.5666950464440914,,5.0
LightGBM__ECMWF__global__default,lead_hours,,241,0.12918617487591724,0.19696908513315284,0.12918617487591724,12.918617487591725,0.028540046927559553,0.661578657925906,,6.0
LightGBM__ECMWF__global__default,lead_hours,,239,0.14810130354059123,0.2193203668813323,0.14810130354059123,14.810130354059122,0.025970658833667563,0.5634992260441944,,7.0
LightGBM__ECMWF__global__default,lead_hours,,239,0.17482400829603623,0.25861187754825865,0.17482400829603623,17.482400829603623,0.01629989804117747,0.44242373176995997,,8.0
LightGBM__ECMWF__global__default,lead_hours,,239,0.180724371702173,0.2678230467783129,0.180724371702173,18.072437170217302,0.04821321395625248,0.446239570679518,,9.0
LightGBM__ECMWF__global__default,lead_hours,,236,0.16560525406673315,0.2528761695301585,0.16560525406673315,16.560525406673314,0.04120386020345116,0.5607457006494116,,10.0
LightGBM__ECMWF__global__default,lead_hours,,240,0.1477048471257461,0.23977905595870058,0.1477048471257461,14.77048471257461,0.024595975336788967,0.6312555411887948,,11.0
LightGBM__ECMWF__global__default,lead_hours,,240,0.15094710157092112,0.23772151082121365,0.15094710157092112,15.094710157092111,-0.01522550372132931,0.6335702107257114,,12.0
LightGBM__ECMWF__global__default,lead_hours,,240,0.1658945590871199,0.2571361491795504,0.1658945590871199,16.58945590871199,-0.03819472339531618,0.5720761609403832,,13.0
LightGBM__ECMWF__global__default,lead_hours,,240,0.17270491000878335,0.25743388659300065,0.17270491000878335,17.270491000878334,-0.02602254886148819,0.5562652985568756,,14.0
LightGBM__ECMWF__global__default,lead_hours,,239,0.14965334093827323,0.22411035092175427,0.14965334093827323,14.965334093827323,-0.02268377094595289,0.6594271527496477,,15.0
LightGBM__ECMWF__global__default,lead_hours,,241,0.15242384102318576,0.22988465085463677,0.15242384102318576,15.242384102318576,-0.015513301988176966,0.6280574359084952,,16.0
LightGBM__ECMWF__global__default,lead_hours,,242,0.1700301267852396,0.25667746938748404,0.1700301267852396,17.00301267852396,-0.024898974915134705,0.5446059443700648,,17.0
LightGBM__ECMWF__global__default,lead_hours,,242,0.1834252457652207,0.25907335675125553,0.1834252457652207,18.34252457652207,-0.02567001325091071,0.48966753611760605,,18.0
LightGBM__ECMWF__global__default,lead_hours,,240,0.18851884148167095,0.2750449013232294,0.18851884148167095,18.851884148167095,-0.060523839423998894,0.42321597388317367,,19.0
LightGBM__ECMWF__global__default,lead_hours,,242,0.1868638113420229,0.25708780380629664,0.1868638113420229,18.68638113420229,-0.05549554620395082,0.4794191120056229,,20.0
LightGBM__ECMWF__global__default,lead_hours,,242,0.17252141095287588,0.24729365034823725,0.17252141095287588,17.252141095287588,-0.04160054671160142,0.48688714832707747,,21.0
LightGBM__ECMWF__global__default,lead_hours,,240,0.16914842228166532,0.23747390955783582,0.16914842228166532,16.91484222816653,-0.026783286373895543,0.5288839448557858,,22.0
LightGBM__ECMWF__global__default,lead_hours,,242,0.16307358730112714,0.23107412645019357,0.16307358730112714,16.307358730112714,-0.01867815256160797,0.5354551644699617,,23.0
LightGBM__ECMWF__global__default,lead_hours,,242,0.15520626187667708,0.21618295314562405,0.15520626187667708,15.520626187667707,-0.013329136434514322,0.5719528887938437,,24.0
LightGBM__ECMWF__global__default,lead_hours,,242,0.16665581907124488,0.2365138047244093,0.16665581907124488,16.665581907124487,0.024283135522002407,0.4564064495950151,,25.0
LightGBM__ECMWF__global__default,lead_hours,,242,0.1782154301255836,0.24583631851183402,0.1782154301255836,17.82154301255836,0.0024272368635063855,0.4277027819468747,,26.0
LightGBM__ECMWF__global__default,lead_hours,,242,0.1727387145898974,0.25256521253002034,0.1727387145898974,17.27387145898974,-0.009846098526346147,0.43466307640658175,,27.0
LightGBM__ECMWF__global__default,lead_hours,,242,0.14976134909009228,0.22493146251765905,0.14976134909009228,14.976134909009229,-0.004609286980223336,0.5598583749302133,,28.0
LightGBM__ECMWF__global__default,lead_hours,,242,0.15753627349018276,0.23789808291916714,0.15753627349018276,15.753627349018275,-0.0002162846540706723,0.5261153243049923,,29.0
LightGBM__ECMWF__global__default,lead_hours,,241,0.14148488401971054,0.21061282849660873,0.14148488401971054,14.148488401971054,0.017768245172556204,0.6130710282037615,,30.0
LightGBM__ECMWF__global__default,lead_hours,,239,0.1588629413667276,0.22893976848498201,0.1588629413667276,15.88629413667276,0.017240797148050505,0.5243696389404795,,31.0
LightGBM__ECMWF__global__default,lead_hours,,239,0.19807565818269926,0.29201488641739776,0.19807565818269926,19.807565818269925,0.010386268348652044,0.2890855701560643,,32.0
LightGBM__ECMWF__global__default,lead_hours,,239,0.20136852714692835,0.3039819573059638,0.20136852714692835,20.136852714692836,0.03553803727460464,0.28661883268291544,,33.0
LightGBM__ECMWF__global__default,lead_hours,,236,0.1826845404581421,0.2803861142745641,0.1826845404581421,18.26845404581421,0.024601106228894085,0.4599758073617686,,34.0
LightGBM__ECMWF__global__default,lead_hours,,240,0.1669730045089476,0.2575855486618027,0.1669730045089476,16.69730045089476,0.020650550915173992,0.574454503217254,,35.0
LightGBM__ECMWF__global__default,lead_hours,,240,0.16098492861318647,0.24764975366376477,0.16098492861318647,16.098492861318647,-0.02375182250353663,0.602323791024256,,36.0
LightGBM__ECMWF__global__default,lead_hours,,240,0.15779384841649352,0.24570938683699303,0.15779384841649352,15.779384841649351,-0.043846292957287515,0.6092637483287814,,37.0
LightGBM__ECMWF__global__default,lead_hours,,240,0.1725120812727175,0.25973703990830416,0.1725120812727175,17.25120812727175,-0.036310838011069387,0.5482899638670775,,38.0
LightGBM__ECMWF__global__default,lead_hours,,239,0.15835012755035247,0.24053743105159472,0.15835012755035247,15.835012755035246,-0.025148751169220124,0.6076699933505831,,39.0
LightGBM__ECMWF__global__default,lead_hours,,241,0.16877654869513628,0.2483214631869777,0.16877654869513628,16.877654869513627,-0.00817654052405968,0.5660052777996619,,40.0
LightGBM__ECMWF__global__default,lead_hours,,242,0.193607534076781,0.27512703397634014,0.193607534076781,19.3607534076781,-0.012859785030209271,0.4767871614735705,,41.0
LightGBM__ECMWF__global__default,lead_hours,,242,0.20249847075999158,0.288426653861242,0.20249847075999158,20.24984707599916,-0.015049242178124736,0.3674738646120973,,42.0
LightGBM__ECMWF__global__default,lead_hours,,240,0.20542090928350756,0.2939325754631856,0.20542090928350756,20.542090928350756,-0.05171386990666491,0.34127906356616866,,43.0
LightGBM__ECMWF__global__default,lead_hours,,242,0.20126845260581097,0.2791607440624403,0.20126845260581097,20.126845260581096,-0.04459037397906523,0.38618999128230125,,44.0
LightGBM__ECMWF__global__default,lead_hours,,242,0.19592801947423633,0.26853651475919416,0.19592801947423633,19.59280194742363,-0.024614768097730125,0.39494666672063905,,45.0
LightGBM__ECMWF__global__default,lead_hours,,240,0.18824388703177256,0.26197187841741776,0.18824388703177256,18.824388703177256,-0.013502002818612331,0.4266689682268672,,46.0
LightGBM__ECMWF__global__default,lead_hours,,242,0.17653297415811878,0.2599255786301696,0.17653297415811878,17.653297415811878,-0.00262565644040522,0.4122088602167544,,47.0
LightGBM__ECMWF__global__default,lead_hours,,242,0.16989910339591435,0.2446460319274876,0.16989910339591435,16.989910339591436,0.009336973547280957,0.45181767037113896,,48.0
LightGBM__GFS__global__default,horizon_bucket,D1,5776,0.1675726701792506,0.23979519603083438,0.1675726701792506,16.75726701792506,-0.0048698346805506765,0.5634593284363456,,
LightGBM__GFS__global__default,horizon_bucket,D2,5776,0.183839836060815,0.26202052703200235,0.183839836060815,18.3839836060815,-0.008558248686768789,0.47878802258113795,,
LightGBM__GFS__global__default,turbine_id,,5782,0.17505673560993365,0.2499784258879005,0.17505673560993365,17.505673560993365,-0.009354488186090741,0.5273290737226044,turbine_1,
LightGBM__GFS__global__default,turbine_id,,5770,0.17635712144644405,0.25232618619815184,0.17635712144644405,17.635712144644405,-0.004068103784689878,0.5147475669344368,turbine_2,
LightGBM__GFS__global__default,turbine_id+horizon_bucket,D1,2891,0.1669874521839734,0.23867474643346004,0.1669874521839734,16.69874521839734,-0.0074436933142920615,0.5691096463496121,turbine_1,
LightGBM__GFS__global__default,turbine_id+horizon_bucket,D2,2891,0.18312601903589387,0.2607926230431158,0.18312601903589387,18.31260190358939,-0.011265283057889418,0.4855485010955968,turbine_1,
LightGBM__GFS__global__default,turbine_id+horizon_bucket,D1,2885,0.16815910526567912,0.24091274859629633,0.16815910526567912,16.81591052656791,-0.002290623134572746,0.5576534549089893,turbine_2,
LightGBM__GFS__global__default,turbine_id+horizon_bucket,D2,2885,0.18455513762720901,0.2632452393612969,0.18455513762720901,18.4555137627209,-0.005845584434807004,0.4718416789598844,turbine_2,
LightGBM__GFS__global__default,lead_hours,,242,0.15391172067571784,0.21452522662885137,0.15391172067571784,15.391172067571784,0.007098244329261804,0.5527832664983539,,1.0
LightGBM__GFS__global__default,lead_hours,,242,0.15015962838969718,0.21932091281927657,0.15015962838969718,15.015962838969719,-0.015172299428780041,0.5444986828253788,,2.0
LightGBM__GFS__global__default,lead_hours,,242,0.17946091192291,0.2590303218788245,0.17946091192291,17.946091192291,-0.018876835907508004,0.40534989829626,,3.0
LightGBM__GFS__global__default,lead_hours,,242,0.157488716069559,0.22423473800896598,0.157488716069559,15.7488716069559,-0.01988697070043457,0.5625808266387693,,4.0
LightGBM__GFS__global__default,lead_hours,,242,0.13435900033059772,0.19912095519247283,0.13435900033059772,13.435900033059772,0.0007041662116540378,0.6680102203527307,,5.0
LightGBM__GFS__global__default,lead_hours,,241,0.12469020884123908,0.18577277687246177,0.12469020884123908,12.469020884123907,0.014828113175085575,0.6989589267552216,,6.0
LightGBM__GFS__global__default,lead_hours,,239,0.1469642445171405,0.21318139756641163,0.1469642445171405,14.69642445171405,0.008040007376088947,0.5875933109731339,,7.0
LightGBM__GFS__global__default,lead_hours,,239,0.177926050848808,0.2581614448702668,0.177926050848808,17.7926050848808,-0.00483580672956461,0.4443643375574624,,8.0
LightGBM__GFS__global__default,lead_hours,,239,0.1770306062056652,0.25472964986944296,0.1770306062056652,17.703060620566518,0.009914445039098394,0.499060793678202,,9.0
LightGBM__GFS__global__default,lead_hours,,236,0.1667375185209852,0.240946933590668,0.1667375185209852,16.67375185209852,0.03594505022304524,0.6012111385699348,,10.0
LightGBM__GFS__global__default,lead_hours,,240,0.1656440913776477,0.24574167393846946,0.1656440913776477,16.56440913776477,0.055496009686365005,0.6126882831300654,,11.0
LightGBM__GFS__global__default,lead_hours,,240,0.17500919130075973,0.24814304910493684,0.17500919130075973,17.500919130075975,0.02382181877267779,0.600737944592661,,12.0
LightGBM__GFS__global__default,lead_hours,,240,0.16536062939107185,0.23920482076749433,0.16536062939107185,16.536062939107186,-0.003795229047729324,0.6296775291648784,,13.0
LightGBM__GFS__global__default,lead_hours,,240,0.1673671543292629,0.2526383826366813,0.1673671543292629,16.736715432926292,-0.005041462888349128,0.5726431879219702,,14.0
LightGBM__GFS__global__default,lead_hours,,239,0.16553265950695298,0.24642158201231443,0.16553265950695298,16.553265950695298,-0.020433309071820144,0.5882404584966036,,15.0
LightGBM__GFS__global__default,lead_hours,,241,0.17752146649046768,0.26293513455595985,0.17752146649046768,17.752146649046768,-0.02090638468744417,0.5134212082997336,,16.0
LightGBM__GFS__global__default,lead_hours,,242,0.1970303316474416,0.28032624589505356,0.1970303316474416,19.70303316474416,-0.019064582670981295,0.456825489496808,,17.0
LightGBM__GFS__global__default,lead_hours,,242,0.19434621650323342,0.2623256164391973,0.19434621650323342,19.43462165032334,-0.023473756677967663,0.47677426606087925,,18.0
LightGBM__GFS__global__default,lead_hours,,240,0.21010727992628234,0.2800892142626763,0.21010727992628234,21.010727992628233,-0.04438254728748147,0.4018655763308856,,19.0
LightGBM__GFS__global__default,lead_hours,,242,0.19274641155341504,0.25246840516644065,0.19274641155341504,19.274641155341506,-0.03272117193043289,0.4979588166574611,,20.0
LightGBM__GFS__global__default,lead_hours,,242,0.16128652747373115,0.2163920823212619,0.16128652747373115,16.128652747373113,-0.018642977482681313,0.607111159035638,,21.0
LightGBM__GFS__global__default,lead_hours,,240,0.16300903277276088,0.2276131917729571,0.16300903277276088,16.30090327727609,-0.005219170403425832,0.5671963066249305,,22.0
LightGBM__GFS__global__default,lead_hours,,242,0.15727426676285425,0.22611049764211094,0.15727426676285425,15.727426676285425,-0.014587061478791732,0.555198290089711,,23.0
LightGBM__GFS__global__default,lead_hours,,242,0.16092760234113856,0.2177733569445753,0.16092760234113856,16.092760234113857,-0.004092413368352706,0.565631651520448,,24.0
LightGBM__GFS__global__default,lead_hours,,242,0.16524083542113882,0.22318759835041624,0.16524083542113882,16.524083542113882,0.00858786365443741,0.5159375170774951,,25.0
LightGBM__GFS__global__default,lead_hours,,242,0.1708302410747207,0.23904514585909423,0.1708302410747207,17.08302410747207,-0.013698432151354783,0.45888520806074007,,26.0
LightGBM__GFS__global__default,lead_hours,,242,0.19476566717441374,0.2742120179202048,0.19476566717441374,19.476566717441372,-0.004356678971222797,0.33360265741653305,,27.0
LightGBM__GFS__global__default,lead_hours,,242,0.20129513428874865,0.2807909736050717,0.20129513428874865,20.129513428874866,0.002736636178318864,0.31410393091875266,,28.0
LightGBM__GFS__global__default,lead_hours,,242,0.17713032303218149,0.24872790908437212,0.17713032303218149,17.71303230321815,0.0006071819338557514,0.48198800270047537,,29.0
LightGBM__GFS__global__default,lead_hours,,241,0.16316203612329438,0.2258355030549213,0.16316203612329438,16.31620361232944,0.02688074389327336,0.5551167623945112,,30.0
LightGBM__GFS__global__default,lead_hours,,239,0.15962810058999838,0.22335176798560114,0.15962810058999838,15.962810058999837,0.02005150680377093,0.5473048102310727,,31.0
LightGBM__GFS__global__default,lead_hours,,239,0.18700039311615255,0.2731346500310962,0.18700039311615255,18.700039311615253,0.005741137760922708,0.37804216483506203,,32.0
LightGBM__GFS__global__default,lead_hours,,239,0.18856502108989528,0.2774662696460098,0.18856502108989528,18.856502108989527,0.012261713935754603,0.40564432080944546,,33.0
LightGBM__GFS__global__default,lead_hours,,236,0.18525258733936986,0.27795355431673785,0.18525258733936986,18.525258733936987,0.025323424828125874,0.4693053907394418,,34.0
LightGBM__GFS__global__default,lead_hours,,240,0.18379786785582308,0.2697848060211591,0.18379786785582308,18.379786785582308,0.0460203745939958,0.5331923281652915,,35.0
LightGBM__GFS__global__default,lead_hours,,240,0.1791304847260818,0.26146183760858355,0.1791304847260818,17.913048472608182,0.005196023898458346,0.5567278688641599,,36.0
LightGBM__GFS__global__default,lead_hours,,240,0.18013267815144493,0.26495538432258153,0.18013267815144493,18.01326781514449,-0.022865867088523523,0.5456550463990638,,37.0
LightGBM__GFS__global__default,lead_hours,,240,0.1841010101336152,0.27452923621400194,0.1841010101336152,18.410101013361523,-0.023400899163032816,0.49537452656964587,,38.0
LightGBM__GFS__global__default,lead_hours,,239,0.191469868863454,0.2803133829252329,0.191469868863454,19.1469868863454,-0.04172871571208233,0.467188175774652,,39.0
LightGBM__GFS__global__default,lead_hours,,241,0.19612072968736513,0.2882878512550321,0.19612072968736513,19.612072968736513,-0.04396167253491984,0.4150636466782389,,40.0
LightGBM__GFS__global__default,lead_hours,,242,0.2096509233504193,0.29546957361922926,0.2096509233504193,20.96509233504193,-0.040129597853104375,0.39655542055489545,,41.0
LightGBM__GFS__global__default,lead_hours,,242,0.2034173493421844,0.28249546245325746,0.2034173493421844,20.34173493421844,-0.045642621255405184,0.39322085662119755,,42.0
LightGBM__GFS__global__default,lead_hours,,240,0.21362383364729862,0.29254062175133144,0.21362383364729862,21.36238336472986,-0.05427740162308717,0.34750319835996035,,43.0
LightGBM__GFS__global__default,lead_hours,,242,0.19455346647928703,0.26866743043574676,0.19455346647928703,19.455346647928703,-0.04342789414948658,0.4314674755843796,,44.0
LightGBM__GFS__global__default,lead_hours,,242,0.17609151375650983,0.24292950778377156,0.17609151375650983,17.609151375650985,-0.018789034971834682,0.5048377791219368,,45.0
LightGBM__GFS__global__default,lead_hours,,240,0.16877657010117972,0.2358123733499476,0.16877657010117972,16.87765701011797,0.0004933150827100515,0.5354534072047363,,46.0
LightGBM__GFS__global__default,lead_hours,,242,0.16382884449853874,0.229710814122481,0.16382884449853874,16.382884449853876,-0.009257079761002335,0.5409205227246512,,47.0
LightGBM__GFS__global__default,lead_hours,,242,0.17453702601359314,0.23423130453790383,0.17453702601359314,17.453702601359314,0.0034778041810059274,0.49749712083436637,,48.0
LightGBM__ICON__global__default,horizon_bucket,D1,5776,0.1803139246509089,0.25407209080189913,0.1803139246509089,18.03139246509089,0.04453909759587214,0.5099304955928317,,
LightGBM__ICON__global__default,horizon_bucket,D2,5776,0.19724796281071713,0.2763016887381034,0.19724796281071713,19.724796281071715,0.04120075681093945,0.42042341160657914,,
LightGBM__ICON__global__default,turbine_id,,5782,0.18796019347314769,0.2639177157572571,0.18796019347314769,18.79601934731477,0.039836456846569966,0.4731452264650201,turbine_1,
LightGBM__ICON__global__default,turbine_id,,5770,0.18960340092142322,0.26691636020912624,0.18960340092142322,18.96034009214232,0.04590970633741356,0.45700796079010253,turbine_2,
LightGBM__ICON__global__default,turbine_id+horizon_bucket,D1,2891,0.17960520273871253,0.2528966575740536,0.17960520273871253,17.960520273871253,0.041523436511188075,0.5162287992306487,turbine_1,
LightGBM__ICON__global__default,turbine_id+horizon_bucket,D2,2891,0.1963151842075829,0.27449663380254513,0.1963151842075829,19.63151842075829,0.03814947718195184,0.43006165369939153,turbine_1,
LightGBM__ICON__global__default,turbine_id+horizon_bucket,D1,2885,0.1810241205081566,0.2552445387466367,0.1810241205081566,18.102412050815662,0.047561030419380486,0.5034579970798893,turbine_2,
LightGBM__ICON__global__default,turbine_id+horizon_bucket,D2,2885,0.1981826813346898,0.2780987452948911,0.1981826813346898,19.81826813346898,0.04425838225544663,0.4105579245003156,turbine_2,
LightGBM__ICON__global__default,lead_hours,,242,0.17297658199041055,0.2517573807905646,0.17297658199041055,17.297658199041056,0.059801340279445385,0.38407798191112497,,1.0
LightGBM__ICON__global__default,lead_hours,,242,0.1725941634231851,0.2365972248862184,0.1725941634231851,17.25941634231851,0.03367155615310285,0.46991094117733023,,2.0
LightGBM__ICON__global__default,lead_hours,,242,0.1781813941176544,0.2419829921039891,0.1781813941176544,17.81813941176544,0.048609766821922806,0.48104467577069476,,3.0
LightGBM__ICON__global__default,lead_hours,,242,0.1591745116896527,0.23161605519482822,0.1591745116896527,15.917451168965268,0.04750508599630349,0.5333090817646227,,4.0
LightGBM__ICON__global__default,lead_hours,,242,0.15078795262116268,0.22283516349282964,0.15078795262116268,15.078795262116268,0.047138250942610406,0.5842251382865621,,5.0
LightGBM__ICON__global__default,lead_hours,,241,0.1594815901924997,0.23701265921532239,0.1594815901924997,15.94815901924997,0.06674618338397344,0.5099902811743307,,6.0
LightGBM__ICON__global__default,lead_hours,,239,0.18179859352785588,0.25954307146666095,0.18179859352785588,18.179859352785588,0.08589220644762151,0.38871185931089236,,7.0
LightGBM__ICON__global__default,lead_hours,,239,0.20068052060847677,0.282898950394639,0.20068052060847677,20.068052060847677,0.0990203600932023,0.3327785209838564,,8.0
LightGBM__ICON__global__default,lead_hours,,239,0.20726305309549106,0.2925782286943135,0.20726305309549106,20.726305309549105,0.11811950333555342,0.3391391286571358,,9.0
LightGBM__ICON__global__default,lead_hours,,236,0.1969369788343063,0.28308277791131015,0.1969369788343063,19.69369788343063,0.10685654206516172,0.44953829661015654,,10.0
LightGBM__ICON__global__default,lead_hours,,240,0.18115536173879196,0.2671154217318446,0.18115536173879196,18.115536173879196,0.06649685664353966,0.542384279134577,,11.0
LightGBM__ICON__global__default,lead_hours,,240,0.17000868936734406,0.2404336380546193,0.17000868936734406,17.000868936734406,0.023018880871519518,0.6251614362320785,,12.0
LightGBM__ICON__global__default,lead_hours,,240,0.17319712113767557,0.23489872582534707,0.17319712113767557,17.319712113767558,-0.0008515577306378271,0.6428903946880267,,13.0
LightGBM__ICON__global__default,lead_hours,,240,0.17650393191933167,0.24714280309744086,0.17650393191933167,17.650393191933166,-0.005246123805003718,0.5910333419741807,,14.0
LightGBM__ICON__global__default,lead_hours,,239,0.1790355708287622,0.25382610052644716,0.1790355708287622,17.90355708287622,-0.005607275044185993,0.5631234392938252,,15.0
LightGBM__ICON__global__default,lead_hours,,241,0.1874294370241359,0.26586243814805505,0.1874294370241359,18.74294370241359,0.003738191939693426,0.5025265616399093,,16.0
LightGBM__ICON__global__default,lead_hours,,242,0.21415083782068192,0.2948563461597685,0.21415083782068192,21.41508378206819,0.021104413224124773,0.3990576394874331,,17.0
LightGBM__ICON__global__default,lead_hours,,242,0.2155717785382664,0.29196302493734094,0.2155717785382664,21.55717785382664,0.03421421634980196,0.3518680946029972,,18.0
LightGBM__ICON__global__default,lead_hours,,240,0.19570843727438908,0.2662869632806244,0.19570843727438908,19.57084372743891,0.0071087489567862394,0.4593629096539129,,19.0
LightGBM__ICON__global__default,lead_hours,,242,0.17808849834615376,0.23876277869754353,0.17808849834615376,17.808849834615376,0.011477903090308824,0.5509874080726511,,20.0
LightGBM__ICON__global__default,lead_hours,,242,0.18129756700306932,0.2396164744696778,0.18129756700306932,18.12975670030693,0.03680729733837619,0.5182515680619018,,21.0
LightGBM__ICON__global__default,lead_hours,,240,0.17933630165266418,0.24362705624474637,0.17933630165266418,17.93363016526642,0.060791640279034234,0.5041536327269853,,22.0
LightGBM__ICON__global__default,lead_hours,,242,0.1591201004463666,0.22519657814061048,0.1591201004463666,15.91201004463666,0.043387921096519906,0.5587867250870124,,23.0
LightGBM__ICON__global__default,lead_hours,,242,0.157950425910079,0.22670731917672435,0.157950425910079,15.795042591007899,0.06112520952080871,0.5292614525511959,,24.0
LightGBM__ICON__global__default,lead_hours,,242,0.17357748717522198,0.24912948033327972,0.17357748717522198,17.3577487175222,0.07456816348836086,0.39686913970598636,,25.0
LightGBM__ICON__global__default,lead_hours,,242,0.1765143025823764,0.2527356077025424,0.1765143025823764,17.651430258237642,0.05435844959484315,0.39512948508649237,,26.0
LightGBM__ICON__global__default,lead_hours,,242,0.1757659482095719,0.25331143210548673,0.1757659482095719,17.57659482095719,0.06474363916087768,0.43131749536839603,,27.0
LightGBM__ICON__global__default,lead_hours,,242,0.17022146336911745,0.23914779131138436,0.17022146336911745,17.022146336911746,0.05897403128563129,0.5024636945308008,,28.0
LightGBM__ICON__global__default,lead_hours,,242,0.16904732248050522,0.24566511475553668,0.16904732248050522,16.90473224805052,0.05063935313255328,0.49466688436516526,,29.0
LightGBM__ICON__global__default,lead_hours,,241,0.19473560954472663,0.2735208569791356,0.19473560954472663,19.473560954472664,0.08260356578374817,0.3474068589203477,,30.0
LightGBM__ICON__global__default,lead_hours,,239,0.19999453849155843,0.2902987926583843,0.19999453849155843,19.99945384915584,0.0858935917687708,0.23525340863486255,,31.0
LightGBM__ICON__global__default,lead_hours,,239,0.22206637859952885,0.31440266330742034,0.22206637859952885,22.206637859952885,0.10163614701296857,0.17590025674748555,,32.0
LightGBM__ICON__global__default,lead_hours,,239,0.21822157681211615,0.31000560720847214,0.21822157681211615,21.822157681211614,0.11584393798595378,0.2580662548717745,,33.0
LightGBM__ICON__global__default,lead_hours,,236,0.2193149086412224,0.31269803900467136,0.2193149086412224,21.931490864122242,0.11080692326031515,0.3283383876294973,,34.0
LightGBM__ICON__global__default,lead_hours,,240,0.21199554469911178,0.29912910704608625,0.21199554469911178,21.199554469911178,0.07023271627263326,0.4261209642827175,,35.0
LightGBM__ICON__global__default,lead_hours,,240,0.20067081571832712,0.27906477400275104,0.20067081571832712,20.067081571832713,0.029367145081960498,0.4950320107049093,,36.0
LightGBM__ICON__global__default,lead_hours,,240,0.1890640190922713,0.2601594530809513,0.1890640190922713,18.90640190922713,-0.009276810200730111,0.5619542898834389,,37.0
LightGBM__ICON__global__default,lead_hours,,240,0.20150131423128925,0.27743560644829524,0.20150131423128925,20.150131423128926,-0.01282207067762632,0.484633289064924,,38.0
LightGBM__ICON__global__default,lead_hours,,239,0.1917268969834468,0.27657441809490363,0.1917268969834468,19.17268969834468,-0.03590700566494547,0.48130721918324837,,39.0
LightGBM__ICON__global__default,lead_hours,,241,0.2027364056839682,0.2880819359041193,0.2027364056839682,20.273640568396818,-0.012691427685107576,0.41589895318152237,,40.0
LightGBM__ICON__global__default,lead_hours,,242,0.203157984708668,0.282329365924228,0.203157984708668,20.3157984708668,-0.004445531828799193,0.4490350584517434,,41.0
LightGBM__ICON__global__default,lead_hours,,242,0.22625949976349236,0.3088086054158068,0.22625949976349236,22.625949976349236,0.007739006217863588,0.2749190753847003,,42.0
LightGBM__ICON__global__default,lead_hours,,240,0.22947828259425704,0.3044548702488136,0.22947828259425704,22.947828259425705,-0.009140722724456918,0.29327268285390407,,43.0
LightGBM__ICON__global__default,lead_hours,,242,0.21238274059416296,0.27987206452981916,0.21238274059416296,21.238274059416295,-0.006374464783835906,0.3830579471488943,,44.0
LightGBM__ICON__global__default,lead_hours,,242,0.2047489395046369,0.2701344010063998,0.2047489395046369,20.47489395046369,0.026768370543411902,0.38772468561190376,,45.0
LightGBM__ICON__global__default,lead_hours,,240,0.18896784995299395,0.2550994658853254,0.18896784995299395,18.896784995299395,0.033146645986346465,0.45635524907546277,,46.0
LightGBM__ICON__global__default,lead_hours,,242,0.1747744976446253,0.2384785733458023,0.1747744976446253,17.47744976446253,0.04449230232853968,0.5052067955540647,,47.0
LightGBM__ICON__global__default,lead_hours,,242,0.17843508815840195,0.24803019890523054,0.17843508815840195,17.843508815840195,0.06940494895176193,0.43654686037110113,,48.0
LightGBM__Simple__global__default,horizon_bucket,D1,5776,0.1498265995896435,0.22035804339625586,0.1498265995896435,14.982659958964351,0.02084710271617177,0.6313607527685463,,
LightGBM__Simple__global__default,horizon_bucket,D2,5776,0.16308228027926452,0.2392628694693593,0.16308228027926452,16.308228027926454,0.015891276677691857,0.5653953493687105,,
LightGBM__Simple__global__default,turbine_id,,5782,0.15553246376713512,0.22812314043800055,0.15553246376713512,15.553246376713512,0.01563529865332565,0.606366079943085,turbine_1,
LightGBM__Simple__global__default,turbine_id,,5770,0.1573783335565403,0.23187499556773766,0.1573783335565403,15.737833355654029,0.02110876647581064,0.5902198549855542,turbine_2,
LightGBM__Simple__global__default,turbine_id+horizon_bucket,D1,2891,0.14889182601669412,0.2184331582687054,0.14889182601669412,14.889182601669413,0.018108198321640394,0.639096609304195,turbine_1,
LightGBM__Simple__global__default,turbine_id+horizon_bucket,D2,2891,0.1621731015175761,0.2374179643063055,0.1621731015175761,16.217310151757612,0.013162398985010907,0.573635550581975,turbine_1,
LightGBM__Simple__global__default,turbine_id+horizon_bucket,D1,2885,0.15076331723241532,0.22227021061880806,0.15076331723241532,15.076331723241532,0.023591703272355553,0.6234647873869703,turbine_2,
LightGBM__Simple__global__default,turbine_id+horizon_bucket,D2,2885,0.16399334988066527,0.2410974504438971,0.16399334988066527,16.399334988066528,0.01862582967926572,0.556974922584138,turbine_2,
LightGBM__Simple__global__default,lead_hours,,242,0.14491144280203178,0.20443953387605981,0.14491144280203178,14.491144280203178,0.036662763381304156,0.5938456860192092,,1.0
LightGBM__Simple__global__default,lead_hours,,242,0.14417370534358537,0.2051183992304521,0.14417370534358537,14.417370534358536,0.01848950707081561,0.6015821525420506,,2.0
LightGBM__Simple__global__default,lead_hours,,242,0.1630806478980807,0.23006733596182413,0.1630806478980807,16.308064789808068,0.020969989768295897,0.5308948353456286,,3.0
LightGBM__Simple__global__default,lead_hours,,242,0.12961748561213005,0.2003902847279836,0.12961748561213005,12.961748561213005,0.02156400552426429,0.6506623831852835,,4.0
LightGBM__Simple__global__default,lead_hours,,242,0.13418806401735991,0.20611674773352592,0.13418806401735991,13.418806401735992,0.031103612808792886,0.6442725799118976,,5.0
LightGBM__Simple__global__default,lead_hours,,241,0.12785378355569268,0.20001666391363732,0.12785378355569268,12.785378355569268,0.05065626096061093,0.6510252806108996,,6.0
LightGBM__Simple__global__default,lead_hours,,239,0.14127371596016375,0.2112527605274177,0.14127371596016375,14.127371596016374,0.047836238328859894,0.5950215850961287,,7.0
LightGBM__Simple__global__default,lead_hours,,239,0.17055193901558724,0.2479785067715483,0.17055193901558724,17.055193901558724,0.04389872060758059,0.4873329242475546,,8.0
LightGBM__Simple__global__default,lead_hours,,239,0.17264144837945697,0.2581729246730994,0.17264144837945697,17.264144837945697,0.05680962599546931,0.4854265017152136,,9.0
LightGBM__Simple__global__default,lead_hours,,236,0.16054995326930083,0.24001506203501152,0.16054995326930083,16.054995326930083,0.06712821018647282,0.6042898361388916,,10.0
LightGBM__Simple__global__default,lead_hours,,240,0.13952413224434454,0.2140350768034009,0.13952413224434454,13.952413224434453,0.052205219558986354,0.7061857085427317,,11.0
LightGBM__Simple__global__default,lead_hours,,240,0.14930244387440783,0.21653501459802593,0.14930244387440783,14.930244387440784,0.01708032689673705,0.6959744544064399,,12.0
LightGBM__Simple__global__default,lead_hours,,240,0.14961180548211542,0.21620193950853556,0.14961180548211542,14.961180548211543,-0.008282601910222776,0.6974763156357378,,13.0
LightGBM__Simple__global__default,lead_hours,,240,0.1569919077417837,0.2354806233255294,0.1569919077417837,15.699190774178371,-0.010641357540855823,0.6287193465636363,,14.0
LightGBM__Simple__global__default,lead_hours,,239,0.13784771537296017,0.2152701045150975,0.13784771537296017,13.784771537296017,-0.011545279210334287,0.6857656682787656,,15.0
LightGBM__Simple__global__default,lead_hours,,241,0.151575806097048,0.23813939806237178,0.151575806097048,15.157580609704798,0.0021815649217708736,0.6008662669565137,,16.0
LightGBM__Simple__global__default,lead_hours,,242,0.1680184335836499,0.25112425346127537,0.1680184335836499,16.80184335836499,0.00799103540094863,0.564097683490858,,17.0
LightGBM__Simple__global__default,lead_hours,,242,0.17077307697743752,0.24196072397717586,0.17077307697743752,17.077307697743752,0.005418220303909377,0.5548591586791731,,18.0
LightGBM__Simple__global__default,lead_hours,,240,0.16203063147757443,0.23791347809871152,0.16203063147757443,16.203063147757444,-0.013273582091126867,0.568437083711318,,19.0
LightGBM__Simple__global__default,lead_hours,,242,0.15802858982631204,0.2126635638593637,0.15802858982631204,15.802858982631204,-0.010396531728460263,0.6437856208164068,,20.0
LightGBM__Simple__global__default,lead_hours,,242,0.14951642335501925,0.20079049276462224,0.14951642335501925,14.951642335501925,0.006392759973336017,0.6617223905947107,,21.0
LightGBM__Simple__global__default,lead_hours,,240,0.14818195102338555,0.20190102984588876,0.14818195102338555,14.818195102338555,0.02407615269260176,0.6594560502191231,,22.0
LightGBM__Simple__global__default,lead_hours,,242,0.1337469998145316,0.1991867288648997,0.1337469998145316,13.374699981453158,0.017721015889577526,0.6548198640783398,,23.0
LightGBM__Simple__global__default,lead_hours,,242,0.13236904908976452,0.18427289133518499,0.13236904908976452,13.236904908976452,0.02761444703705583,0.6889919856604579,,24.0
LightGBM__Simple__global__default,lead_hours,,242,0.14973359382824267,0.2098502108552664,0.14973359382824267,14.973359382824267,0.045177157313714224,0.5720627158709843,,25.0
LightGBM__Simple__global__default,lead_hours,,242,0.15786371832324728,0.21850582385118428,0.15786371832324728,15.786371832324727,0.02440445298124777,0.54787806136512,,26.0
LightGBM__Simple__global__default,lead_hours,,242,0.162776181622869,0.2423772113004546,0.162776181622869,16.2776181622869,0.027753785377290632,0.4793524180337486,,27.0
LightGBM__Simple__global__default,lead_hours,,242,0.15061424905915013,0.2232599477626379,0.15061424905915013,15.061424905915013,0.022706702329670616,0.5663756458077975,,28.0
LightGBM__Simple__global__default,lead_hours,,242,0.15054529693552132,0.23099959858660504,0.15054529693552132,15.054529693552132,0.012649195472156738,0.5531999318996569,,29.0
LightGBM__Simple__global__default,lead_hours,,241,0.14475129788412566,0.2210523107398078,0.14475129788412566,14.475129788412566,0.03530048505675245,0.5737624310643406,,30.0
LightGBM__Simple__global__default,lead_hours,,239,0.15439334360224494,0.2293258375846861,0.15439334360224494,15.439334360224494,0.03765411296573164,0.5227641423147426,,31.0
LightGBM__Simple__global__default,lead_hours,,239,0.18471692091064634,0.27115585520035435,0.18471692091064634,18.471692091064636,0.04064550269627394,0.3870213902002103,,32.0
LightGBM__Simple__global__default,lead_hours,,239,0.1761402328398494,0.27009079514385786,0.1761402328398494,17.614023283984938,0.049778121261930396,0.43682211448838404,,33.0
LightGBM__Simple__global__default,lead_hours,,236,0.17181010268617497,0.2600134965494801,0.17181010268617497,17.1810102686175,0.06422535547736179,0.5356002306875896,,34.0
LightGBM__Simple__global__default,lead_hours,,240,0.1623561041043765,0.2456786130137547,0.1623561041043765,16.23561041043765,0.050791764965463684,0.6128870373813771,,35.0
LightGBM__Simple__global__default,lead_hours,,240,0.16047887362087518,0.23464470316069425,0.16047887362087518,16.04788736208752,0.004703877334093679,0.6429941609741883,,36.0
LightGBM__Simple__global__default,lead_hours,,240,0.14842257174173015,0.22428994796366933,0.14842257174173015,14.842257174173016,-0.018744169502507214,0.674418417262117,,37.0
LightGBM__Simple__global__default,lead_hours,,240,0.16170949001028745,0.23674662738606916,0.16170949001028745,16.170949001028745,-0.020715249152712337,0.6247164155080551,,38.0
LightGBM__Simple__global__default,lead_hours,,239,0.15439254873369773,0.22620504728430207,0.15439254873369773,15.439254873369773,-0.029057763503150844,0.6530309228525786,,39.0
LightGBM__Simple__global__default,lead_hours,,241,0.16073366660580482,0.2367529150096211,0.16073366660580482,16.073366660580483,-0.019719030794505356,0.6055003694640888,,40.0
LightGBM__Simple__global__default,lead_hours,,242,0.17084926525474245,0.25627032431356855,0.17084926525474245,17.084926525474245,-0.0022948297896986133,0.5460495022786129,,41.0
LightGBM__Simple__global__default,lead_hours,,242,0.17732551425652146,0.26290707996157575,0.17732551425652146,17.732551425652147,-0.003702675177138412,0.47445216070505203,,42.0
LightGBM__Simple__global__default,lead_hours,,240,0.19763603704005428,0.2775927990873489,0.19763603704005428,19.763603704005426,-0.015774478343991406,0.41248031920733563,,43.0
LightGBM__Simple__global__default,lead_hours,,242,0.1815240731350399,0.2542533695045448,0.1815240731350399,18.15240731350399,-0.016565583114409987,0.490834808926494,,44.0
LightGBM__Simple__global__default,lead_hours,,242,0.1717810665460627,0.23616981244078694,0.1717810665460627,17.17810665460627,0.010330598380579797,0.5320109074163955,,45.0
LightGBM__Simple__global__default,lead_hours,,240,0.15709183159143983,0.22473407756143565,0.15709183159143983,15.709183159143983,0.02747623983703455,0.5780762583086032,,46.0
LightGBM__Simple__global__default,lead_hours,,242,0.1554800172885744,0.22186735524564707,0.1554800172885744,15.548001728857441,0.02108238830765019,0.5717357630435835,,47.0
LightGBM__Simple__global__default,lead_hours,,242,0.15127034712300125,0.21020064707077338,0.15127034712300125,15.127034712300125,0.03429686428236738,0.5953153074140849,,48.0
LightGBM__Weighted__global__default,horizon_bucket,D1,5776,0.15201831236011606,0.228372308482023,0.15201831236011606,15.201831236011607,0.02380098757786757,0.6040588506783361,,
LightGBM__Weighted__global__default,horizon_bucket,D2,5776,0.1680198099816316,0.24841170844392185,0.1680198099816316,16.80198099816316,0.025601472390284975,0.5315234261612556,,
LightGBM__Weighted__global__default,turbine_id,,5782,0.1589782680624434,0.23656337557031487,0.1589782680624434,15.897826806244339,0.021484090538870168,0.5766994340304319,turbine_1,
LightGBM__Weighted__global__default,turbine_id,,5770,0.16106201884036167,0.24062849495324393,0.16106201884036167,16.106201884036167,0.02792506018722735,0.5586966910016293,turbine_2,
LightGBM__Weighted__global__default,turbine_id+horizon_bucket,D1,2891,0.15124711287492817,0.2264983864511629,0.15124711287492817,15.124711287492817,0.020835667877934512,0.611953244202031,turbine_1,
LightGBM__Weighted__global__default,turbine_id+horizon_bucket,D2,2891,0.16670942324995858,0.24621726636745717,0.16670942324995858,16.670942324995856,0.022132513199805817,0.5414456238588328,turbine_1,
LightGBM__Weighted__global__default,turbine_id+horizon_bucket,D1,2885,0.1527911157263823,0.23023482846277002,0.1527911157263823,15.279111572638229,0.02677247432050413,0.5959965092194137,turbine_2,
LightGBM__Weighted__global__default,turbine_id+horizon_bucket,D2,2885,0.16933292195434102,0.2505914382608583,0.16933292195434102,16.933292195434102,0.029077646053950565,0.521396872783845,turbine_2,
LightGBM__Weighted__global__default,lead_hours,,242,0.14933064999688747,0.21511453962350258,0.14933064999688747,14.933064999688748,0.037191448265026725,0.5503228320691615,,1.0
LightGBM__Weighted__global__default,lead_hours,,242,0.1480397752851594,0.2139239055638186,0.1480397752851594,14.80397752851594,0.021983295483883357,0.5666406359389073,,2.0
LightGBM__Weighted__global__default,lead_hours,,242,0.1670639897458757,0.24077740048570265,0.1670639897458757,16.706398974587568,0.031902338269663336,0.48620280405291694,,3.0
LightGBM__Weighted__global__default,lead_hours,,242,0.13071912530091706,0.20626842989296934,0.13071912530091706,13.071912530091707,0.03150418264466099,0.6298672158634582,,4.0
LightGBM__Weighted__global__default,lead_hours,,242,0.13382405571565045,0.21217551195186382,0.13382405571565045,13.382405571565045,0.036880478174320566,0.6230521264397946,,5.0
LightGBM__Weighted__global__default,lead_hours,,241,0.13251260159182074,0.21215001743037265,0.13251260159182074,13.251260159182074,0.05681384221406594,0.607402299536645,,6.0
LightGBM__Weighted__global__default,lead_hours,,239,0.14507917465363582,0.2246268124344544,0.14507917465363582,14.507917465363581,0.056090804509677274,0.5421214706192735,,7.0
LightGBM__Weighted__global__default,lead_hours,,239,0.1695570339181601,0.2536113550481166,0.1695570339181601,16.95570339181601,0.0540074455409657,0.46377786778369046,,8.0
LightGBM__Weighted__global__default,lead_hours,,239,0.17518010040487425,0.2670372840616074,0.17518010040487425,17.518010040487425,0.0692920678195819,0.4494841457949129,,9.0
LightGBM__Weighted__global__default,lead_hours,,236,0.1628294917123766,0.2516513235356408,0.1628294917123766,16.28294917123766,0.07356410449877472,0.5649905915784281,,10.0
LightGBM__Weighted__global__default,lead_hours,,240,0.14264787142410995,0.22506803132253522,0.14264787142410995,14.264787142410995,0.05586022485257813,0.675114270766191,,11.0
LightGBM__Weighted__global__default,lead_hours,,240,0.14649656096773936,0.22133954448784907,0.14649656096773936,14.649656096773937,0.017653314657001883,0.6823331964362135,,12.0
LightGBM__Weighted__global__default,lead_hours,,240,0.1477298266637043,0.2172032848545897,0.1477298266637043,14.77298266637043,-0.012355944493500307,0.6946675323280823,,13.0
LightGBM__Weighted__global__default,lead_hours,,240,0.15772864288195526,0.2395527101155083,0.15772864288195526,15.772864288195526,-0.010897483228394256,0.6157674586469313,,14.0
LightGBM__Weighted__global__default,lead_hours,,239,0.13654321541436054,0.21973652870601404,0.13654321541436054,13.654321541436055,-0.013686796327465922,0.6725909288243381,,15.0
LightGBM__Weighted__global__default,lead_hours,,241,0.15243500903068813,0.24086650947568594,0.15243500903068813,15.243500903068814,-0.0004897416532208715,0.5916723689520467,,16.0
LightGBM__Weighted__global__default,lead_hours,,242,0.16673381195628192,0.25600930054558896,0.16673381195628192,16.673381195628192,0.005626527928458074,0.5469737725767649,,17.0
LightGBM__Weighted__global__default,lead_hours,,242,0.17626346513385643,0.2496143294443525,0.17626346513385643,17.626346513385645,0.005072041411396725,0.5262527329301097,,18.0
LightGBM__Weighted__global__default,lead_hours,,240,0.16588656366579754,0.2455697711104471,0.16588656366579754,16.588656366579755,-0.014451144545760294,0.5402138998513518,,19.0
LightGBM__Weighted__global__default,lead_hours,,242,0.16238250777180088,0.2251598621318624,0.16238250777180088,16.238250777180088,-0.012701125161745345,0.6006927280055651,,20.0
LightGBM__Weighted__global__default,lead_hours,,242,0.15620223208118825,0.2141088232417388,0.15620223208118825,15.620223208118825,0.006198635009506263,0.6153585431968817,,21.0
LightGBM__Weighted__global__default,lead_hours,,240,0.1496293729636959,0.2093556080687038,0.1496293729636959,14.96293729636959,0.02717985515449221,0.6338447222520525,,22.0
LightGBM__Weighted__global__default,lead_hours,,242,0.13858836543102215,0.20756992539056973,0.13858836543102215,13.858836543102216,0.018404795080667464,0.6251531592736437,,23.0
LightGBM__Weighted__global__default,lead_hours,,242,0.13543545299602103,0.19527421779318177,0.13543545299602103,13.543545299602103,0.03206469003890981,0.6507483281444257,,24.0
LightGBM__Weighted__global__default,lead_hours,,242,0.1606968335192723,0.22432234821208294,0.1606968335192723,16.06968335192723,0.060520930724470644,0.5110027786488422,,25.0
LightGBM__Weighted__global__default,lead_hours,,242,0.16735331562411115,0.23149979484674424,0.16735331562411115,16.735331562411115,0.0454371964101709,0.4925061675996244,,26.0
LightGBM__Weighted__global__default,lead_hours,,242,0.17107230186153097,0.25027768720988436,0.17107230186153097,17.107230186153096,0.050231285054389334,0.4448574024422478,,27.0
LightGBM__Weighted__global__default,lead_hours,,242,0.15875447495098308,0.23560076260206708,0.15875447495098308,15.875447495098308,0.040685274441277716,0.5171131129183375,,28.0
LightGBM__Weighted__global__default,lead_hours,,242,0.15782127608257465,0.23976515479018345,0.15782127608257465,15.782127608257465,0.0328359869024933,0.5186478517647536,,29.0
LightGBM__Weighted__global__default,lead_hours,,241,0.1538952561160923,0.23385849746570095,0.1538952561160923,15.389525611609232,0.05134423438434836,0.5229455866319949,,30.0
LightGBM__Weighted__global__default,lead_hours,,239,0.1595376681885536,0.23759566820857694,0.1595376681885536,15.95376681885536,0.053607320711797725,0.48772386110440513,,31.0
LightGBM__Weighted__global__default,lead_hours,,239,0.19464993443503675,0.2836685772934053,0.19464993443503675,19.464993443503676,0.057434695748344505,0.3291432292912222,,32.0
LightGBM__Weighted__global__default,lead_hours,,239,0.18164253960264995,0.2858488601014056,0.18164253960264995,18.164253960264993,0.06707059420640804,0.3691894393455212,,33.0
LightGBM__Weighted__global__default,lead_hours,,236,0.17322260974967701,0.2669534457335043,0.17322260974967701,17.3222609749677,0.07598525407602816,0.5104790599855225,,34.0
LightGBM__Weighted__global__default,lead_hours,,240,0.1604100080322705,0.25176276592618185,0.1604100080322705,16.04100080322705,0.05740072102616024,0.5934761656375716,,35.0
LightGBM__Weighted__global__default,lead_hours,,240,0.1614783646566176,0.2381960151456991,0.1614783646566176,16.14783646566176,0.010784452722506796,0.6321059254932826,,36.0
LightGBM__Weighted__global__default,lead_hours,,240,0.14925737133044253,0.2277774607992995,0.14925737133044253,14.925737133044253,-0.015923440146553412,0.6642146810507967,,37.0
LightGBM__Weighted__global__default,lead_hours,,240,0.16340391312206332,0.243996377547854,0.16340391312206332,16.340391312206332,-0.01758733392542858,0.6013803314563733,,38.0
LightGBM__Weighted__global__default,lead_hours,,239,0.15824714248879318,0.23257431513578758,0.15824714248879318,15.824714248879317,-0.03035377342914143,0.6332165844746839,,39.0
LightGBM__Weighted__global__default,lead_hours,,241,0.16588543992468827,0.24524240848625872,0.16588543992468827,16.588543992468825,-0.020857252843107563,0.5767011621301303,,40.0
LightGBM__Weighted__global__default,lead_hours,,242,0.1760751821119289,0.2644670737826074,0.1760751821119289,17.60751821119289,0.0011648283039450104,0.5165460871822554,,41.0
LightGBM__Weighted__global__default,lead_hours,,242,0.18361415855801608,0.27553614149436256,0.18361415855801608,18.361415855801607,-0.00024229981341630308,0.4227488104943602,,42.0
LightGBM__Weighted__global__default,lead_hours,,240,0.19977173095399223,0.28356013522702683,0.19977173095399223,19.977173095399223,-0.017041908523410025,0.3869493226184749,,43.0
LightGBM__Weighted__global__default,lead_hours,,242,0.18605002352386216,0.26464254224476796,0.18605002352386216,18.605002352386215,-0.009640668487884647,0.44837417364597887,,44.0
LightGBM__Weighted__global__default,lead_hours,,242,0.1756447551861105,0.24354298695573595,0.1756447551861105,17.56447551861105,0.015957592458496143,0.5023337171396638,,45.0
LightGBM__Weighted__global__default,lead_hours,,240,0.15709137649598037,0.23005829933982963,0.15709137649598037,15.709137649598038,0.03324842256205786,0.5578476775048092,,46.0
LightGBM__Weighted__global__default,lead_hours,,242,0.1602483453452524,0.2314767132619405,0.1602483453452524,16.02483453452524,0.02932246847017525,0.5338350562929755,,47.0
LightGBM__Weighted__global__default,lead_hours,,242,0.15684786322946218,0.22237233056928893,0.15684786322946218,15.684786322946218,0.04392757339325335,0.5470918086098298,,48.0
LightGBM__All__global__default,horizon_bucket,D1,5776,0.14887431000044393,0.22251340715565554,0.14887431000044393,14.887431000044394,0.027650591008205078,0.6241140238388839,,
LightGBM__All__global__default,horizon_bucket,D2,5776,0.16594757063961546,0.2453862212001606,0.16594757063961546,16.594757063961545,0.021905714324298695,0.542865392300974,,
LightGBM__All__global__default,turbine_id,,5782,0.15644987147205133,0.23216322387360627,0.15644987147205133,15.644987147205134,0.022216356642837,0.5923000260979348,turbine_1,
LightGBM__All__global__default,turbine_id,,5770,0.15837400792471096,0.23628130544919212,0.15837400792471096,15.837400792471096,0.027345276515018765,0.5744978118343802,turbine_2,
LightGBM__All__global__default,turbine_id+horizon_bucket,D1,2891,0.1479394301784692,0.22036430227326695,0.1479394301784692,14.79394301784692,0.02511845753238406,0.6326869846574551,turbine_1,
LightGBM__All__global__default,turbine_id+horizon_bucket,D2,2891,0.16496031276563347,0.24339083656207908,0.16496031276563347,16.496031276563347,0.01931425575328994,0.5519130675384143,turbine_1,
LightGBM__All__global__default,turbine_id+horizon_bucket,D1,2885,0.14981113411320962,0.22464635868910118,0.14981113411320962,14.981113411320962,0.03018799061950441,0.6153711632691841,turbine_2,
LightGBM__All__global__default,turbine_id+horizon_bucket,D2,2885,0.16693688173621232,0.2473696103753987,0.16693688173621232,16.693688173621233,0.024502562410533116,0.5336244603995763,turbine_2,
LightGBM__All__global__default,lead_hours,,242,0.14769724581280838,0.2104153284559077,0.14769724581280838,14.769724581280839,0.04280944431287616,0.5697547790266013,,1.0
LightGBM__All__global__default,lead_hours,,242,0.14656476086669892,0.20985512175032986,0.14656476086669892,14.656476086669892,0.03146960821174896,0.5829686596572945,,2.0
LightGBM__All__global__default,lead_hours,,242,0.15450181718599978,0.22076920687722687,0.15450181718599978,15.450181718599978,0.03743012849641669,0.568046216937644,,3.0
LightGBM__All__global__default,lead_hours,,242,0.12909894849096973,0.20256681684296832,0.12909894849096973,12.909894849096974,0.034310478492368644,0.6430325345534564,,4.0
LightGBM__All__global__default,lead_hours,,242,0.13805774164623197,0.2098228379649586,0.13805774164623197,13.805774164623196,0.04451701022778312,0.6313652317777045,,5.0
LightGBM__All__global__default,lead_hours,,241,0.13990924400354782,0.214322213688868,0.13990924400354782,13.990924400354782,0.06490844148769864,0.5993215540660852,,6.0
LightGBM__All__global__default,lead_hours,,239,0.16303814158447652,0.2415407054611669,0.16303814158447652,16.30381415844765,0.07313318290119342,0.47057096959113465,,7.0
LightGBM__All__global__default,lead_hours,,239,0.17177829219782048,0.256457603582339,0.17177829219782048,17.177829219782048,0.06861957893016564,0.4516744211232466,,8.0
LightGBM__All__global__default,lead_hours,,239,0.17652353253285985,0.26584842450137836,0.17652353253285985,17.652353253285984,0.08141540385605864,0.4543750668584472,,9.0
LightGBM__All__global__default,lead_hours,,236,0.15416028081627725,0.23775427942936128,0.15416028081627725,15.416028081627726,0.07439341882787727,0.6117093814757725,,10.0
LightGBM__All__global__default,lead_hours,,240,0.1326489854736655,0.21175717283255105,0.1326489854736655,13.264898547366549,0.05076490190922995,0.7124063643832427,,11.0
LightGBM__All__global__default,lead_hours,,240,0.14420156906141413,0.21810463923580964,0.14420156906141413,14.420156906141413,0.012962636516697641,0.6915508226963967,,12.0
LightGBM__All__global__default,lead_hours,,240,0.1391071848064924,0.2152919838349442,0.1391071848064924,13.910718480649239,-0.014144489129210402,0.7000174938935244,,13.0
LightGBM__All__global__default,lead_hours,,240,0.14647312140536528,0.22689818598907022,0.14647312140536528,14.647312140536528,-0.011051926694987887,0.6552898956762574,,14.0
LightGBM__All__global__default,lead_hours,,239,0.12640207679485496,0.2064178607149422,0.12640207679485496,12.640207679485496,-0.010494842058067734,0.7110779188993301,,15.0
LightGBM__All__global__default,lead_hours,,241,0.13845590939794572,0.2240425700111854,0.13845590939794572,13.845590939794572,0.004718966636623111,0.6467216505597282,,16.0
LightGBM__All__global__default,lead_hours,,242,0.16318675299477128,0.24820462948894345,0.16318675299477128,16.31867529947713,0.009206550197452354,0.5741745491416359,,17.0
LightGBM__All__global__default,lead_hours,,242,0.17066104749572125,0.2417510317601294,0.17066104749572125,17.066104749572126,0.011883817793435215,0.5556303757701041,,18.0
LightGBM__All__global__default,lead_hours,,240,0.1635207503459292,0.24129043250479468,0.1635207503459292,16.352075034592918,-0.017265409582864332,0.5560988901939807,,19.0
LightGBM__All__global__default,lead_hours,,242,0.163534278034357,0.22232624272498674,0.163534278034357,16.3534278034357,-0.011954867879171965,0.6106799877251627,,20.0
LightGBM__All__global__default,lead_hours,,242,0.15821665329103543,0.21383554016278897,0.15821665329103543,15.821665329103544,0.010730743617170125,0.616339809791274,,21.0
LightGBM__All__global__default,lead_hours,,240,0.14904138216479948,0.20904425986926894,0.14904138216479948,14.904138216479948,0.029256861673419513,0.6349329855878159,,22.0
LightGBM__All__global__default,lead_hours,,242,0.12953512364899142,0.18909037844748636,0.12953512364899142,12.953512364899142,0.01861049630454444,0.6889258962402063,,23.0
LightGBM__All__global__default,lead_hours,,242,0.12709240588377904,0.18334306755575985,0.12709240588377904,12.709240588377904,0.028913942243926075,0.6921227017515261,,24.0
LightGBM__All__global__default,lead_hours,,242,0.15383664878802786,0.221243407887398,0.15383664878802786,15.383664878802787,0.05731646018112285,0.5243341364205731,,25.0
LightGBM__All__global__default,lead_hours,,242,0.16181163575309582,0.23236569448244285,0.16181163575309582,16.181163575309583,0.04159932965033973,0.4887026172672898,,26.0
LightGBM__All__global__default,lead_hours,,242,0.1660770589952407,0.23824218873902855,0.1660770589952407,16.60770589952407,0.044368205272243326,0.4969656667385812,,27.0
LightGBM__All__global__default,lead_hours,,242,0.1473388142212989,0.21891025077487977,0.1473388142212989,14.73388142212989,0.03648591652894362,0.5831073624433196,,28.0
LightGBM__All__global__default,lead_hours,,242,0.15627420459754215,0.2333989570531368,0.15627420459754215,15.627420459754216,0.04172095967352348,0.5438700364434181,,29.0
LightGBM__All__global__default,lead_hours,,241,0.15881496979713813,0.2357271738276414,0.15881496979713813,15.881496979713813,0.058249814584221675,0.5152911975090231,,30.0
LightGBM__All__global__default,lead_hours,,239,0.17271734416624776,0.2452436992343642,0.17271734416624776,17.271734416624778,0.0684574509138875,0.4542134771397732,,31.0
LightGBM__All__global__default,lead_hours,,239,0.19480277885145897,0.28027694664281727,0.19480277885145897,19.480277885145895,0.06213311997034158,0.3450892767246305,,32.0
LightGBM__All__global__default,lead_hours,,239,0.19415819830802825,0.2903511992430119,0.19415819830802825,19.415819830802825,0.07232562354238804,0.34916144177142494,,33.0
LightGBM__All__global__default,lead_hours,,236,0.17621383191478152,0.27057194264642714,0.17621383191478152,17.621383191478152,0.06118604744722751,0.4971184157335299,,34.0
LightGBM__All__global__default,lead_hours,,240,0.16034530702443933,0.24680245398464373,0.16034530702443933,16.034530702443934,0.04118839864841935,0.609337290300977,,35.0
LightGBM__All__global__default,lead_hours,,240,0.16052180961031817,0.23755146688389853,0.16052180961031817,16.052180961031816,-0.003988094710617614,0.634094243059192,,36.0
LightGBM__All__global__default,lead_hours,,240,0.14788878048174267,0.23206010215701459,0.14788878048174267,14.788878048174267,-0.030990389662260497,0.6514691961978882,,37.0
LightGBM__All__global__default,lead_hours,,240,0.1563115200996208,0.24050915490798477,0.1563115200996208,15.63115200996208,-0.032785556387606905,0.612693138570308,,38.0
LightGBM__All__global__default,lead_hours,,239,0.15090943465164294,0.23192929806208062,0.15090943465164294,15.090943465164294,-0.04035177807288659,0.6352482232640038,,39.0
LightGBM__All__global__default,lead_hours,,241,0.1590946562222804,0.23852182346264675,0.1590946562222804,15.909465622228039,-0.01867667802899736,0.5995833088286278,,40.0
LightGBM__All__global__default,lead_hours,,242,0.17168019231620618,0.25846454309435235,0.17168019231620618,17.16801923162062,-0.005349367821424628,0.5382426605414521,,41.0
LightGBM__All__global__default,lead_hours,,242,0.18238443631062493,0.27122382156752134,0.18238443631062493,18.23844363106249,-0.009042686510860638,0.4406761304860287,,42.0
LightGBM__All__global__default,lead_hours,,240,0.19765536258108257,0.280013145303318,0.19765536258108257,19.765536258108256,-0.020856758001027407,0.40219042485976053,,43.0
LightGBM__All__global__default,lead_hours,,242,0.18592261491623485,0.26300087971790465,0.18592261491623485,18.592261491623486,-0.01219564301656766,0.4551967701045907,,44.0
LightGBM__All__global__default,lead_hours,,242,0.1756761391256908,0.2453717834196127,0.1756761391256908,17.56761391256908,0.010195878155697388,0.4948315714677284,,45.0
LightGBM__All__global__default,lead_hours,,240,0.15145560177575643,0.22084699430478555,0.15145560177575643,15.145560177575643,0.024859430700818294,0.592545530188664,,46.0
LightGBM__All__global__default,lead_hours,,242,0.15706150269735197,0.22431367750946635,0.15706150269735197,15.706150269735197,0.03446644294383684,0.5622395648820471,,47.0
LightGBM__All__global__default,lead_hours,,242,0.14441277936854902,0.21212477762027673,0.14441277936854902,14.441277936854902,0.04603363709272768,0.5878726086364726,,48.0
LightGBM__All_Disagreement__global__default,horizon_bucket,D1,5776,0.14919564260337026,0.22250108563226753,0.14919564260337026,14.919564260337026,0.030610219588944734,0.624155651529305,,
LightGBM__All_Disagreement__global__default,horizon_bucket,D2,5776,0.1664671496822522,0.24587903210617826,0.1664671496822522,16.646714968225222,0.02434483422293441,0.5410274151257908,,
LightGBM__All_Disagreement__global__default,turbine_id,,5782,0.15685264431068663,0.2324438412918672,0.15685264431068663,15.685264431068664,0.024717131292273178,0.5913138504675348,turbine_1,
LightGBM__All_Disagreement__global__default,turbine_id,,5770,0.15881218350734233,0.23650596396198992,0.15881218350734233,15.881218350734233,0.030243663377034727,0.5736882841079053,turbine_2,
LightGBM__All_Disagreement__global__default,turbine_id+horizon_bucket,D1,2891,0.14822186329068315,0.2203734111671157,0.14822186329068315,14.822186329068316,0.027843817740879243,0.6326566178114444,turbine_1,
LightGBM__All_Disagreement__global__default,turbine_id+horizon_bucket,D2,2891,0.16548342533069013,0.24391768767272057,0.16548342533069013,16.548342533069015,0.02159044484366713,0.5499710831236251,turbine_1,
LightGBM__All_Disagreement__global__default,turbine_id+horizon_bucket,D1,2885,0.15017144710700228,0.22461296839961659,0.15017144710700228,15.017144710700228,0.03338237478574104,0.6154854933106615,turbine_2,
LightGBM__All_Disagreement__global__default,turbine_id+horizon_bucket,D2,2885,0.1674529199076824,0.24782888533400013,0.1674529199076824,16.74529199076824,0.027104951968328416,0.5318910749051493,turbine_2,
LightGBM__All_Disagreement__global__default,lead_hours,,242,0.1512911694257752,0.21143467675909022,0.1512911694257752,15.12911694257752,0.047956476697337956,0.5655760715569879,,1.0
LightGBM__All_Disagreement__global__default,lead_hours,,242,0.14619074663983078,0.20858444879598123,0.14619074663983078,14.619074663983078,0.03013195548891771,0.5880036203174595,,2.0
LightGBM__All_Disagreement__global__default,lead_hours,,242,0.15583216217314885,0.22141833681283057,0.15583216217314885,15.583216217314884,0.04014793606833588,0.5655023263452228,,3.0
LightGBM__All_Disagreement__global__default,lead_hours,,242,0.13010458381601764,0.20351946066933532,0.13010458381601764,13.010458381601763,0.039257823670646064,0.6396671019337327,,4.0
LightGBM__All_Disagreement__global__default,lead_hours,,242,0.14249634222193586,0.21435772522542595,0.14249634222193586,14.249634222193585,0.047761385377485525,0.615258477271486,,5.0
LightGBM__All_Disagreement__global__default,lead_hours,,241,0.1403950810158533,0.2169008467805417,0.1403950810158533,14.03950810158533,0.06590085979198902,0.5896219694255296,,6.0
LightGBM__All_Disagreement__global__default,lead_hours,,239,0.16390374139872307,0.24348228586587287,0.16390374139872307,16.390374139872307,0.07353272256141799,0.4620253255920993,,7.0
LightGBM__All_Disagreement__global__default,lead_hours,,239,0.17457109777991514,0.2590912725153584,0.17457109777991514,17.457109777991516,0.06693342242323372,0.44035463108685036,,8.0
LightGBM__All_Disagreement__global__default,lead_hours,,239,0.1764084956241835,0.2665318384791496,0.1764084956241835,17.64084956241835,0.08309894143626016,0.45156619563009825,,9.0
LightGBM__All_Disagreement__global__default,lead_hours,,236,0.15524211538955543,0.238622347075502,0.15524211538955543,15.524211538955543,0.07594515190343647,0.6088688197776639,,10.0
LightGBM__All_Disagreement__global__default,lead_hours,,240,0.13486567831080357,0.21538905649651297,0.13486567831080357,13.486567831080357,0.05538482200994129,0.7024566293230374,,11.0
LightGBM__All_Disagreement__global__default,lead_hours,,240,0.1439079499602084,0.21724678162257335,0.1439079499602084,14.390794996020839,0.018415673739044767,0.6939724593724522,,12.0
LightGBM__All_Disagreement__global__default,lead_hours,,240,0.13574176523511625,0.21124821877009492,0.13574176523511625,13.574176523511625,-0.007695850618124467,0.7111806268295064,,13.0
LightGBM__All_Disagreement__global__default,lead_hours,,240,0.14504932341724266,0.22544387245640457,0.14504932341724266,14.504932341724267,-0.006244714078150352,0.6596946022409587,,14.0
LightGBM__All_Disagreement__global__default,lead_hours,,239,0.12396435739096552,0.20591110806818394,0.12396435739096552,12.396435739096551,-0.0022068709675557435,0.7124947760372499,,15.0
LightGBM__All_Disagreement__global__default,lead_hours,,241,0.1392517726009467,0.22400041978976903,0.1392517726009467,13.92517726009467,0.00637672663444541,0.6468545660133768,,16.0
LightGBM__All_Disagreement__global__default,lead_hours,,242,0.16368568380285914,0.24499842432641117,0.16368568380285914,16.368568380285915,0.013634425305553536,0.5851047697025498,,17.0
LightGBM__All_Disagreement__global__default,lead_hours,,242,0.17021621221409236,0.24084573700471543,0.17021621221409236,17.021621221409237,0.013504933027681118,0.5589522417416899,,18.0
LightGBM__All_Disagreement__global__default,lead_hours,,240,0.16092551066882124,0.23746977340494974,0.16092551066882124,16.092551066882123,-0.015246758657105819,0.5700452980384167,,19.0
LightGBM__All_Disagreement__global__default,lead_hours,,242,0.16368657513387808,0.22049858199661376,0.16368657513387808,16.36865751338781,-0.006966579605223901,0.6170545858521219,,20.0
LightGBM__All_Disagreement__global__default,lead_hours,,242,0.15912484151796977,0.21340317370556555,0.15912484151796977,15.912484151796976,0.01459119520732952,0.6178897307640725,,21.0
LightGBM__All_Disagreement__global__default,lead_hours,,240,0.14926924153755264,0.20635552502899837,0.14926924153755264,14.926924153755264,0.028108784800418823,0.6442636021485061,,22.0
LightGBM__All_Disagreement__global__default,lead_hours,,242,0.12892618532115782,0.190093109378456,0.12892618532115782,12.892618532115781,0.02017157383518415,0.6856179470884035,,23.0
LightGBM__All_Disagreement__global__default,lead_hours,,242,0.12602867830370185,0.1839043516567587,0.12602867830370185,12.602867830370185,0.03363032512247614,0.6902347531219969,,24.0
LightGBM__All_Disagreement__global__default,lead_hours,,242,0.1544150915563844,0.21944104563840786,0.1544150915563844,15.441509155638439,0.058620352679310817,0.532052604606286,,25.0
LightGBM__All_Disagreement__global__default,lead_hours,,242,0.1637863870743009,0.23364488365285116,0.1637863870743009,16.378638707430092,0.04283534864627359,0.4830576673044238,,26.0
LightGBM__All_Disagreement__global__default,lead_hours,,242,0.1666955452507386,0.24228984567731404,0.1666955452507386,16.66955452507386,0.04894059665252491,0.47972768848330494,,27.0
LightGBM__All_Disagreement__global__default,lead_hours,,242,0.1476799732700895,0.22192873440042535,0.1476799732700895,14.767997327008949,0.037329589597197975,0.5715313003755313,,28.0
LightGBM__All_Disagreement__global__default,lead_hours,,242,0.15479826405526687,0.2300302287863161,0.15479826405526687,15.479826405526687,0.040522332479974416,0.5569419793465559,,29.0
LightGBM__All_Disagreement__global__default,lead_hours,,241,0.15591286625921388,0.2338904509498706,0.15591286625921388,15.591286625921388,0.05597743501559524,0.5228152121344287,,30.0
LightGBM__All_Disagreement__global__default,lead_hours,,239,0.17117130344424256,0.2440176836500591,0.17117130344424256,17.117130344424254,0.0677889862894891,0.4596567990654977,,31.0
LightGBM__All_Disagreement__global__default,lead_hours,,239,0.19771160844945723,0.28568736356011976,0.19771160844945723,19.771160844945722,0.06813275812023051,0.31956066935091765,,32.0
LightGBM__All_Disagreement__global__default,lead_hours,,239,0.19417995942947963,0.2933162048081699,0.19417995942947963,19.417995942947964,0.07726651266766864,0.33580111812145885,,33.0
LightGBM__All_Disagreement__global__default,lead_hours,,236,0.17846985833489667,0.2733080854005465,0.17846985833489667,17.84698583348967,0.06502486528695606,0.4868962698210588,,34.0
LightGBM__All_Disagreement__global__default,lead_hours,,240,0.16380594796979694,0.24979721140751543,0.16380594796979694,16.380594796979693,0.0476883091213752,0.5997989879804198,,35.0
LightGBM__All_Disagreement__global__default,lead_hours,,240,0.1608075029801748,0.23946830630805438,0.1608075029801748,16.08075029801748,-0.002072719251646967,0.6281653185042262,,36.0
LightGBM__All_Disagreement__global__default,lead_hours,,240,0.14685783019705148,0.22893119579244492,0.14685783019705148,14.685783019705148,-0.029657354307429263,0.6608044365423231,,37.0
LightGBM__All_Disagreement__global__default,lead_hours,,240,0.1555064696230935,0.23775434348604094,0.1555064696230935,15.55064696230935,-0.02930707065909234,0.6215148140516125,,38.0
LightGBM__All_Disagreement__global__default,lead_hours,,239,0.14995686362868207,0.23001905451156326,0.14995686362868207,14.995686362868208,-0.032700673862926674,0.6412319031764628,,39.0
LightGBM__All_Disagreement__global__default,lead_hours,,241,0.16368659485674392,0.24108106951083647,0.16368659485674392,16.368659485674392,-0.015320748767453556,0.5909445814966037,,40.0
LightGBM__All_Disagreement__global__default,lead_hours,,242,0.1688784874087407,0.2530162369799836,0.1688784874087407,16.88784874087407,-0.0018968887200722306,0.5575047182203275,,41.0
LightGBM__All_Disagreement__global__default,lead_hours,,242,0.18317240536474938,0.2699111971149328,0.18317240536474938,18.317240536474937,-0.007702396713892542,0.44607687734295176,,42.0
LightGBM__All_Disagreement__global__default,lead_hours,,240,0.19534374992844322,0.2785817594577212,0.19534374992844322,19.534374992844324,-0.02020595916386142,0.4082866320009192,,43.0
LightGBM__All_Disagreement__global__default,lead_hours,,242,0.1881370200800062,0.26254331240732587,0.1881370200800062,18.81370200800062,-0.008821588319598847,0.4570908116564807,,44.0
LightGBM__All_Disagreement__global__default,lead_hours,,242,0.1782067594963527,0.2471154791618088,0.1782067594963527,17.82067594963527,0.015065622068139764,0.4876262614534813,,45.0
LightGBM__All_Disagreement__global__default,lead_hours,,240,0.15340895200093524,0.22329274287917666,0.15340895200093524,15.340895200093524,0.02648425890737287,0.5834709291444163,,46.0
LightGBM__All_Disagreement__global__default,lead_hours,,242,0.15668891087233963,0.22713965255678056,0.15668891087233963,15.668891087233963,0.03442237531215123,0.551139994225448,,47.0
LightGBM__All_Disagreement__global__default,lead_hours,,242,0.14656956287406273,0.21412383077491726,0.14656956287406273,14.656956287406272,0.04660213141996081,0.5800682719621313,,48.0
LightGBM__Full__global__default,horizon_bucket,D1,5776,0.14791190783326455,0.2228328691636208,0.14791190783326455,14.791190783326455,0.025144634028648756,0.6230339317179894,,
LightGBM__Full__global__default,horizon_bucket,D2,5776,0.16515617925568085,0.24607510771717075,0.16515617925568085,16.515617925568087,0.021688368141231613,0.5402951102056577,,
LightGBM__Full__global__default,turbine_id,,5782,0.15555564882390804,0.23283375311590154,0.15555564882390804,15.555564882390804,0.020398198446175464,0.5899416031935434,turbine_1,
LightGBM__Full__global__default,turbine_id,,5770,0.15751447305475086,0.2366384269019648,0.15751447305475086,15.751447305475086,0.02644108095622921,0.5732106105950061,turbine_2,
LightGBM__Full__global__default,turbine_id+horizon_bucket,D1,2891,0.14688709555059284,0.2207559919557086,0.14688709555059284,14.688709555059285,0.02211948167117335,0.6313800526257085,turbine_1,
LightGBM__Full__global__default,turbine_id+horizon_bucket,D2,2891,0.1642242020972232,0.24431517594231492,0.1642242020972232,16.42242020972232,0.018676915221177575,0.5485031537613784,turbine_1,
LightGBM__Full__global__default,turbine_id+horizon_bucket,D1,2885,0.1489388514413075,0.22489482693277907,0.1489388514413075,14.893885144130751,0.02817607786416398,0.6145198616659518,turbine_2,
LightGBM__Full__global__default,turbine_id+horizon_bucket,D2,2885,0.16609009466819424,0.2478261628483733,0.16609009466819424,16.609009466819423,0.024706084048294427,0.5319013595240603,turbine_2,
LightGBM__Full__global__default,lead_hours,,242,0.14498783315977978,0.2088121046478107,0.14498783315977978,14.498783315977978,0.04527082213688722,0.5762861620611577,,1.0
LightGBM__Full__global__default,lead_hours,,242,0.14973906343524074,0.21451242530246348,0.14973906343524074,14.973906343524074,0.026757432146836038,0.5642529518112112,,2.0
LightGBM__Full__global__default,lead_hours,,242,0.16218530346723276,0.23045197259684452,0.16218530346723276,16.218530346723277,0.033349649741818456,0.5293249831035656,,3.0
LightGBM__Full__global__default,lead_hours,,242,0.1336506723557067,0.20688444765031658,0.1336506723557067,13.36506723557067,0.03757982840996739,0.6276531219314846,,4.0
LightGBM__Full__global__default,lead_hours,,242,0.13935709064168067,0.21435543344019828,0.13935709064168067,13.935709064168067,0.045284151673511706,0.6152667040822883,,5.0
LightGBM__Full__global__default,lead_hours,,241,0.1391397186805999,0.21702440669528086,0.1391397186805999,13.91397186805999,0.06497568734885198,0.5891542836796189,,6.0
LightGBM__Full__global__default,lead_hours,,239,0.15179494362409568,0.23340034281789934,0.15179494362409568,15.179494362409567,0.06424550663198145,0.5056550865202389,,7.0
LightGBM__Full__global__default,lead_hours,,239,0.17084772467996115,0.25535040931908765,0.17084772467996115,17.084772467996114,0.060015236064564464,0.4563987296726929,,8.0
LightGBM__Full__global__default,lead_hours,,239,0.17323364713745973,0.2625047431449507,0.17323364713745973,17.323364713745974,0.07132092951358936,0.46801383747345127,,9.0
LightGBM__Full__global__default,lead_hours,,236,0.1493122112514413,0.2329269571979667,0.1493122112514413,14.93122112514413,0.06675318388886321,0.6273168830611787,,10.0
LightGBM__Full__global__default,lead_hours,,240,0.13654665282445527,0.21644604824411534,0.13654665282445527,13.654665282445528,0.05492158972247547,0.6995291586603847,,11.0
LightGBM__Full__global__default,lead_hours,,240,0.14451122259136892,0.2189476469097263,0.14451122259136892,14.451122259136891,0.021702730300877028,0.6891618084822352,,12.0
LightGBM__Full__global__default,lead_hours,,240,0.1330739004721253,0.20681245267510967,0.1330739004721253,13.30739004721253,-0.010259886072152018,0.7231824758861415,,13.0
LightGBM__Full__global__default,lead_hours,,240,0.14076296159228438,0.22456884858467327,0.14076296159228438,14.076296159228438,-0.007600595768625819,0.6623311561653907,,14.0
LightGBM__Full__global__default,lead_hours,,239,0.126874321705299,0.20886087248789184,0.126874321705299,12.687432170529899,-0.01114295600369895,0.704198504995717,,15.0
LightGBM__Full__global__default,lead_hours,,241,0.1424884409164509,0.23007648996876776,0.1424884409164509,14.248844091645092,0.0005126477158252403,0.6274364035438744,,16.0
LightGBM__Full__global__default,lead_hours,,242,0.16101066739168818,0.2505227297701005,0.16101066739168818,16.101066739168818,0.0031189837926441,0.5661834361276226,,17.0
LightGBM__Full__global__default,lead_hours,,242,0.1653213355343508,0.24068879733851647,0.1653213355343508,16.53213355343508,-0.0004597481643655386,0.5595268446968662,,18.0
LightGBM__Full__global__default,lead_hours,,240,0.162072323150682,0.2418818704555421,0.162072323150682,16.2072323150682,-0.020729764388670024,0.5539200907960129,,19.0
LightGBM__Full__global__default,lead_hours,,242,0.16007178254902757,0.2185806611889659,0.16007178254902757,16.007178254902758,-0.01851126014703607,0.6236874155879351,,20.0
LightGBM__Full__global__default,lead_hours,,242,0.15531477090494053,0.21130323004525325,0.15531477090494053,15.531477090494054,0.0016263229269080136,0.6253728629038737,,21.0
LightGBM__Full__global__default,lead_hours,,240,0.14676467946919586,0.20590750803230928,0.14676467946919586,14.676467946919585,0.022819869402655495,0.6458065988050161,,22.0
LightGBM__Full__global__default,lead_hours,,242,0.1333317371911772,0.19818054687894632,0.1333317371911772,13.333173719117719,0.020162693040641402,0.6582983770972194,,23.0
LightGBM__Full__global__default,lead_hours,,242,0.1276582203302942,0.181386183458824,0.1276582203302942,12.76582203302942,0.03314825857691288,0.6986597904652487,,24.0
LightGBM__Full__global__default,lead_hours,,242,0.15436228501745078,0.2213077709808417,0.15436228501745078,15.436228501745077,0.059418142221596464,0.5240573392047696,,25.0
LightGBM__Full__global__default,lead_hours,,242,0.16234361576415315,0.23165120210543294,0.16234361576415315,16.234361576415317,0.04416658487768605,0.4918421205564316,,26.0
LightGBM__Full__global__default,lead_hours,,242,0.17015742914738183,0.2493635886368977,0.17015742914738183,17.015742914738183,0.04200753960455268,0.44890513329130843,,27.0
LightGBM__Full__global__default,lead_hours,,242,0.15379294532506976,0.22963919137021166,0.15379294532506976,15.379294532506977,0.03576580808413707,0.5412415821472196,,28.0
LightGBM__Full__global__default,lead_hours,,242,0.15697426607086323,0.24065686321894042,0.15697426607086323,15.697426607086323,0.03441630088028962,0.5150608089936517,,29.0
LightGBM__Full__global__default,lead_hours,,241,0.15916181983401487,0.24023006026487131,0.15916181983401487,15.916181983401486,0.05284882244865003,0.49659640995642473,,30.0
LightGBM__Full__global__default,lead_hours,,239,0.16826723967636123,0.2462097048667915,0.16826723967636123,16.826723967636124,0.06089120253666047,0.4499053441932559,,31.0
LightGBM__Full__global__default,lead_hours,,239,0.19125421853346639,0.2824473795348919,0.19125421853346639,19.125421853346637,0.057478606334850454,0.3349068944311393,,32.0
LightGBM__Full__global__default,lead_hours,,239,0.18309074136420617,0.2813176178164235,0.18309074136420617,18.309074136420616,0.061363709582535175,0.38902999654683146,,33.0
LightGBM__Full__global__default,lead_hours,,236,0.16924366176354047,0.2632414372292061,0.16924366176354047,16.92436617635405,0.062116842697053254,0.5239980643029919,,34.0
LightGBM__Full__global__default,lead_hours,,240,0.15998660902796188,0.24939001561512084,0.15998660902796188,15.998660902796189,0.050795117233194916,0.6011026642397412,,35.0
LightGBM__Full__global__default,lead_hours,,240,0.16140580207803717,0.23927794169572755,0.16140580207803717,16.14058020780372,0.009425727737146065,0.6287562612578087,,36.0
LightGBM__Full__global__default,lead_hours,,240,0.14567888374849983,0.22693622565343546,0.14567888374849983,14.567888374849982,-0.023054163968157647,0.6666903675293573,,37.0
LightGBM__Full__global__default,lead_hours,,240,0.15313096385341513,0.2389577307109029,0.15313096385341513,15.313096385341513,-0.025423591450507106,0.6176737326153838,,38.0
LightGBM__Full__global__default,lead_hours,,239,0.15011052407172676,0.23016027594659993,0.15011052407172676,15.011052407172675,-0.030975017232967552,0.6407912327386174,,39.0
LightGBM__Full__global__default,lead_hours,,241,0.15937885000811558,0.2404852070968887,0.15937885000811558,15.937885000811558,-0.025716400802127563,0.5929641472097245,,40.0
LightGBM__Full__global__default,lead_hours,,242,0.17281116933364157,0.2614054967597649,0.17281116933364157,17.281116933364157,-0.00506622827107053,0.5276746112168714,,41.0
LightGBM__Full__global__default,lead_hours,,242,0.17969772092500866,0.27267258303293085,0.17969772092500866,17.969772092500865,-0.006041066425455527,0.4346848346356953,,42.0
LightGBM__Full__global__default,lead_hours,,240,0.19257242418029302,0.27678003482398195,0.19257242418029302,19.257242418029303,-0.024405797081247634,0.41591568167921256,,43.0
LightGBM__Full__global__default,lead_hours,,242,0.18284239965747365,0.25848104458964416,0.18284239965747365,18.284239965747364,-0.016914313809816537,0.47376143540981475,,44.0
LightGBM__Full__global__default,lead_hours,,242,0.17513469053568848,0.24036760260077458,0.17513469053568848,17.513469053568848,0.004177721816348984,0.5152265510629599,,45.0
LightGBM__Full__global__default,lead_hours,,240,0.1554003811264936,0.22427168031476763,0.1554003811264936,15.54003811264936,0.02643596260592749,0.5798107141614248,,46.0
LightGBM__Full__global__default,lead_hours,,242,0.15798027926565356,0.2257615956066993,0.15798027926565356,15.798027926565355,0.03129012306587463,0.5565699423403969,,47.0
LightGBM__Full__global__default,lead_hours,,242,0.1492318744030648,0.21853001789459503,0.1492318744030648,14.92318744030648,0.04626146597351868,0.5626079523990839,,48.0
XGBoost__ECMWF__global__default,horizon_bucket,D1,5776,0.16629545465279208,0.23440341318435204,0.16629545465279208,16.629545465279207,0.0020182394076354608,0.5828698150943642,,
XGBoost__ECMWF__global__default,horizon_bucket,D2,5776,0.18023301755533802,0.2518402230947474,0.18023301755533802,18.0233017555338,0.004363193865402179,0.5185026000424786,,
XGBoost__ECMWF__global__default,turbine_id,,5782,0.17253783219919183,0.24222933427626792,0.17253783219919183,17.253783219919182,0.0002261294219936657,0.5561795564196752,turbine_1,
XGBoost__ECMWF__global__default,turbine_id,,5770,0.17399215072763122,0.24432451094266905,0.17399215072763122,17.399215072763123,0.006161469370380944,0.5450358772148203,turbine_2,
XGBoost__ECMWF__global__default,turbine_id+horizon_bucket,D1,2891,0.16537953501326977,0.23284771631556414,0.16537953501326977,16.537953501326978,-0.000923883628530639,0.5898924187528924,turbine_1,
XGBoost__ECMWF__global__default,turbine_id+horizon_bucket,D2,2891,0.17969612938511392,0.25126090379220256,0.17969612938511392,17.969612938511393,0.0013761424725179754,0.5224666940864579,turbine_1,
XGBoost__ECMWF__global__default,turbine_id+horizon_bucket,D1,2885,0.1672132791511834,0.2359520565376267,0.1672132791511834,16.72132791511834,0.0049664812438767825,0.5756828274899354,turbine_2,
XGBoost__ECMWF__global__default,turbine_id+horizon_bucket,D2,2885,0.18077102230407904,0.2524194134974833,0.18077102230407904,18.077102230407903,0.0073564574968851045,0.5143889269397053,turbine_2,
XGBoost__ECMWF__global__default,lead_hours,,242,0.16084097888115434,0.22142291297367542,0.16084097888115434,16.084097888115434,0.018614272006861766,0.5235619635374584,,1.0
XGBoost__ECMWF__global__default,lead_hours,,242,0.1590165027655846,0.22234955215557653,0.1590165027655846,15.90165027655846,0.005572885691339647,0.5318316334093109,,2.0
XGBoost__ECMWF__global__default,lead_hours,,242,0.15745549748638857,0.2229410952818084,0.15745549748638857,15.745549748638856,0.00944676036205009,0.5595054414410778,,3.0
XGBoost__ECMWF__global__default,lead_hours,,242,0.14681470437619332,0.20555461981533463,0.14681470437619332,14.681470437619332,0.011242558331031239,0.6324245375051665,,4.0
XGBoost__ECMWF__global__default,lead_hours,,242,0.15341372742138026,0.22015483838547265,0.15341372742138026,15.341372742138027,0.016371379393914885,0.5941671021264636,,5.0
XGBoost__ECMWF__global__default,lead_hours,,241,0.13763506770123668,0.1938438044823779,0.13763506770123668,13.763506770123668,0.04010400001634618,0.6722328251756369,,6.0
XGBoost__ECMWF__global__default,lead_hours,,239,0.15363482758891217,0.21028098263015663,0.15363482758891217,15.363482758891218,0.038530462447507116,0.5987388751752478,,7.0
XGBoost__ECMWF__global__default,lead_hours,,239,0.17767742812162005,0.24738302484535918,0.17767742812162005,17.767742812162005,0.03163713749195482,0.48979214892528,,8.0
XGBoost__ECMWF__global__default,lead_hours,,239,0.18590757630251067,0.264047337076591,0.18590757630251067,18.59075763025107,0.05950616591525585,0.46174309482806697,,9.0
XGBoost__ECMWF__global__default,lead_hours,,236,0.16845295133604535,0.24697277323098668,0.16845295133604535,16.845295133604534,0.050614699981067504,0.5810151023119012,,10.0
XGBoost__ECMWF__global__default,lead_hours,,240,0.15625042557317972,0.23734576291427445,0.15625042557317972,15.625042557317972,0.027761237662751233,0.6387016509475967,,11.0
XGBoost__ECMWF__global__default,lead_hours,,240,0.16038217804632668,0.2336495056773387,0.16038217804632668,16.03821780463267,-0.012695853073874282,0.6460160733384905,,12.0
XGBoost__ECMWF__global__default,lead_hours,,240,0.17122656845570441,0.25248999551196055,0.17122656845570441,17.122656845570443,-0.0378790664339645,0.5874006315045186,,13.0
XGBoost__ECMWF__global__default,lead_hours,,240,0.17983986452346049,0.2573654996927916,0.17983986452346049,17.98398645234605,-0.03143235948971576,0.5565010220703026,,14.0
XGBoost__ECMWF__global__default,lead_hours,,239,0.15283252849312423,0.2207474445725864,0.15283252849312423,15.283252849312422,-0.025508022740732682,0.6695714546923048,,15.0
XGBoost__ECMWF__global__default,lead_hours,,241,0.15512529471685613,0.2265265263888652,0.15512529471685613,15.512529471685612,-0.01878067955086174,0.6388446423766783,,16.0
XGBoost__ECMWF__global__default,lead_hours,,242,0.17861323412189634,0.25710081186612466,0.17861323412189634,17.861323412189634,-0.01855337105239882,0.5431025273955353,,17.0
XGBoost__ECMWF__global__default,lead_hours,,242,0.1877361820611497,0.2525255945786577,0.1877361820611497,18.77361820611497,-0.01631485323049641,0.5151376117091039,,18.0
XGBoost__ECMWF__global__default,lead_hours,,240,0.18949058050372533,0.25999509749473565,0.18949058050372533,18.949058050372532,-0.04026956152212288,0.4846095761776549,,19.0
XGBoost__ECMWF__global__default,lead_hours,,242,0.18578521641243262,0.24675677664909737,0.18578521641243262,18.578521641243263,-0.03807778267082104,0.5204173664048242,,20.0
XGBoost__ECMWF__global__default,lead_hours,,242,0.17492558197541672,0.23718337406801615,0.17492558197541672,17.492558197541673,-0.02489445509825199,0.5279853833551573,,21.0
XGBoost__ECMWF__global__default,lead_hours,,240,0.17196318167013427,0.23312477952883703,0.17196318167013427,17.196318167013427,-0.0065526759133984576,0.545982098126032,,22.0
XGBoost__ECMWF__global__default,lead_hours,,242,0.16917394303113797,0.23070044048983687,0.16917394303113797,16.9173943031138,0.0021301487591066327,0.5369564447761379,,23.0
XGBoost__ECMWF__global__default,lead_hours,,242,0.15710549076511102,0.20815527590902644,0.15710549076511102,15.710549076511102,0.00939690251354919,0.6031526120928645,,24.0
XGBoost__ECMWF__global__default,lead_hours,,242,0.1731001635655227,0.23547346684007217,0.1731001635655227,17.31001635655227,0.04164993704186326,0.4611780713165471,,25.0
XGBoost__ECMWF__global__default,lead_hours,,242,0.18083919634750065,0.24054589364208545,0.18083919634750065,18.083919634750064,0.0201047943713087,0.4520695417685313,,26.0
XGBoost__ECMWF__global__default,lead_hours,,242,0.17358872741512113,0.24197907888663145,0.17358872741512113,17.358872741512112,0.003807879560639871,0.4810614601615695,,27.0
XGBoost__ECMWF__global__default,lead_hours,,242,0.1557113110395174,0.21773668946425803,0.1557113110395174,15.57113110395174,0.010715536599973671,0.5875652410008296,,28.0
XGBoost__ECMWF__global__default,lead_hours,,242,0.16010403935081702,0.22757022586229558,0.16010403935081702,16.0104039350817,0.011561987049077169,0.5663676628050802,,29.0
XGBoost__ECMWF__global__default,lead_hours,,241,0.14879689885733619,0.20898235322683412,0.14879689885733619,14.879689885733619,0.027964429430055584,0.6190387190479224,,30.0
XGBoost__ECMWF__global__default,lead_hours,,239,0.16549976875249559,0.22629685683799983,0.16549976875249559,16.54997687524956,0.03100580147588353,0.5352877354968697,,31.0
XGBoost__ECMWF__global__default,lead_hours,,239,0.19586606838079262,0.2793078629788376,0.19586606838079262,19.586606838079263,0.025624327556628895,0.3496102770220495,,32.0
XGBoost__ECMWF__global__default,lead_hours,,239,0.20109927154409812,0.28905697319804935,0.20109927154409812,20.109927154409814,0.04688341434107188,0.3549506714238009,,33.0
XGBoost__ECMWF__global__default,lead_hours,,236,0.18782565931489656,0.271281702053072,0.18782565931489656,18.782565931489657,0.03842110025438634,0.49447665568354193,,34.0
XGBoost__ECMWF__global__default,lead_hours,,240,0.17088857878703212,0.2481294887240784,0.17088857878703212,17.088857878703212,0.022625863910963138,0.6051248788292414,,35.0
XGBoost__ECMWF__global__default,lead_hours,,240,0.16917510803199065,0.24102482314672613,0.16917510803199065,16.917510803199065,-0.017147030249962374,0.6233158424991974,,36.0
XGBoost__ECMWF__global__default,lead_hours,,240,0.16499432243561993,0.24272772341645044,0.16499432243561993,16.499432243561994,-0.04076811190932574,0.6186893152278079,,37.0
XGBoost__ECMWF__global__default,lead_hours,,240,0.17541275517394145,0.25355312846590883,0.17541275517394145,17.541275517394144,-0.038119257407055955,0.5695428626387706,,38.0
XGBoost__ECMWF__global__default,lead_hours,,239,0.16069521512882978,0.23208670811282742,0.16069521512882978,16.06952151288298,-0.024375632415256743,0.6347529423305187,,39.0
XGBoost__ECMWF__global__default,lead_hours,,241,0.17156579311375467,0.23932026699480957,0.17156579311375467,17.156579311375467,-0.01412651243133993,0.5968980599750697,,40.0
XGBoost__ECMWF__global__default,lead_hours,,242,0.19708877436139363,0.2707138770145223,0.19708877436139363,19.708877436139364,-0.01222630314262116,0.49343766290577107,,41.0
XGBoost__ECMWF__global__default,lead_hours,,242,0.20612701022499766,0.2807353993782541,0.20612701022499766,20.612701022499767,-0.009875675857210784,0.4007582705717413,,42.0
XGBoost__ECMWF__global__default,lead_hours,,240,0.21134707966053648,0.2858611643244004,0.21134707966053648,21.134707966053647,-0.031167031101675492,0.3769594064056375,,43.0
XGBoost__ECMWF__global__default,lead_hours,,242,0.20548376558507603,0.2742652877467945,0.20548376558507603,20.548376558507602,-0.024044804214076555,0.4075291863897986,,44.0
XGBoost__ECMWF__global__default,lead_hours,,242,0.19703060194275268,0.2625530485376115,0.19703060194275268,19.703060194275267,-0.012681417418002421,0.421609578292807,,45.0
XGBoost__ECMWF__global__default,lead_hours,,240,0.19081450131618313,0.2570618595157796,0.19081450131618313,19.081450131618315,0.005235165819525726,0.447958928597058,,46.0
XGBoost__ECMWF__global__default,lead_hours,,242,0.18721796267545338,0.2578174183475324,0.18721796267545338,18.721796267545336,0.015347105508603508,0.4217049072461492,,47.0
XGBoost__ECMWF__global__default,lead_hours,,242,0.17538020265434892,0.23858046089877813,0.17538020265434892,17.53802026543489,0.028893958912859608,0.47866314639160434,,48.0
XGBoost__GFS__global__default,horizon_bucket,D1,5776,0.17654727191532357,0.24294312170535792,0.17654727191532357,17.654727191532356,0.0038968584797485863,0.5519226709794711,,
XGBoost__GFS__global__default,horizon_bucket,D2,5776,0.19280313486969872,0.2648226635945134,0.19280313486969872,19.28031348696987,0.0038965368115570316,0.4675803761022894,,
XGBoost__GFS__global__default,turbine_id,,5782,0.18374498639619463,0.25277612885873807,0.18374498639619463,18.374498639619464,0.0012263114562563848,0.5166898130473814,turbine_1,
XGBoost__GFS__global__default,turbine_id,,5770,0.1856073549822342,0.2554565468393369,0.1856073549822342,18.560735498223423,0.006572637497834813,0.5026327912367075,turbine_2,
XGBoost__GFS__global__default,turbine_id+horizon_bucket,D1,2891,0.17568406971947872,0.24168464600172587,0.17568406971947872,17.568406971947873,0.0012815101341720715,0.5581733033299038,turbine_1,
XGBoost__GFS__global__default,turbine_id+horizon_bucket,D2,2891,0.1918059030729106,0.26340097670403423,0.1918059030729106,19.18059030729106,0.0011711127783407007,0.47520632276485886,turbine_1,
XGBoost__GFS__global__default,turbine_id+horizon_bucket,D1,2885,0.17741226933237297,0.2441977089608169,0.17741226933237297,17.741226933237296,0.006517646024657328,0.5455079983447044,turbine_2,
XGBoost__GFS__global__default,turbine_id+horizon_bucket,D2,2885,0.1938024406320954,0.26623969197782066,0.1938024406320954,19.38024406320954,0.006627628971012295,0.4597575841287104,turbine_2,
XGBoost__GFS__global__default,lead_hours,,242,0.1592331034712719,0.21896651598310662,0.1592331034712719,15.92331034712719,0.02348537048545587,0.5340742393882737,,1.0
XGBoost__GFS__global__default,lead_hours,,242,0.1550149268326645,0.22242790363229045,0.1550149268326645,15.501492683266449,0.0036453933719181294,0.5315016291843566,,2.0
XGBoost__GFS__global__default,lead_hours,,242,0.18182290889891686,0.2551626263660932,0.18182290889891686,18.182290889891686,-0.0008767302491773973,0.42297528604462953,,3.0
XGBoost__GFS__global__default,lead_hours,,242,0.16816005413684756,0.2303784159438345,0.16816005413684756,16.816005413684756,-0.0008384007268351779,0.538283277616374,,4.0
XGBoost__GFS__global__default,lead_hours,,242,0.14730988104305598,0.2017303412747544,0.14730988104305598,14.730988104305599,0.018226755298173816,0.6592520696388413,,5.0
XGBoost__GFS__global__default,lead_hours,,241,0.13864932753230713,0.1929308997880734,0.13864932753230713,13.864932753230713,0.033807768919898055,0.6753127854216809,,6.0
XGBoost__GFS__global__default,lead_hours,,239,0.1591342346589477,0.2186474110186025,0.1591342346589477,15.913423465894768,0.020979401728286405,0.5661738075148894,,7.0
XGBoost__GFS__global__default,lead_hours,,239,0.18351061219897646,0.2534188586010947,0.18351061219897646,18.351061219897645,0.0037238506454262644,0.4645915670112134,,8.0
XGBoost__GFS__global__default,lead_hours,,239,0.18587758941682395,0.255084190286513,0.18587758941682395,18.587758941682395,0.02278821872077062,0.4976653786413453,,9.0
XGBoost__GFS__global__default,lead_hours,,236,0.17272952584512952,0.24198865642117584,0.17272952584512952,17.27295258451295,0.04262305587809007,0.5977553942205245,,10.0
XGBoost__GFS__global__default,lead_hours,,240,0.17870919902213955,0.2537267871299124,0.17870919902213955,17.870919902213956,0.05925919092058515,0.5871087768630431,,11.0
XGBoost__GFS__global__default,lead_hours,,240,0.18311524096493506,0.25056944187165847,0.18311524096493506,18.311524096493507,0.020925233494386908,0.5928916400987714,,12.0
XGBoost__GFS__global__default,lead_hours,,240,0.17620478365384043,0.2437278743569364,0.17620478365384043,17.62047836538404,-0.007146545112339978,0.615540487053265,,13.0
XGBoost__GFS__global__default,lead_hours,,240,0.1778291614903137,0.2570237759879653,0.1778291614903137,17.78291614903137,-0.015676872652127503,0.5576779746848262,,14.0
XGBoost__GFS__global__default,lead_hours,,239,0.17706897212205405,0.25227893811636903,0.17706897212205405,17.706897212205405,-0.017701651458959706,0.5684330509146245,,15.0
XGBoost__GFS__global__default,lead_hours,,241,0.18653062818291113,0.26592771988406944,0.18653062818291113,18.653062818291115,-0.015131118020163857,0.5022822253802427,,16.0
XGBoost__GFS__global__default,lead_hours,,242,0.20398815209359014,0.28243841879049547,0.20398815209359014,20.398815209359014,-0.013230248050297247,0.44860934354243065,,17.0
XGBoost__GFS__global__default,lead_hours,,242,0.20090525482947996,0.2655602700656563,0.20090525482947996,20.090525482947996,-0.017966416627373905,0.4637912520755606,,18.0
XGBoost__GFS__global__default,lead_hours,,240,0.21961288502191503,0.2810618053240391,0.21961288502191503,21.961288502191504,-0.03468309079648719,0.3977044005966218,,19.0
XGBoost__GFS__global__default,lead_hours,,242,0.20179620010157423,0.2553347175089094,0.20179620010157423,20.17962001015742,-0.02440117124129424,0.4864946061440928,,20.0
XGBoost__GFS__global__default,lead_hours,,242,0.17178256650847837,0.22531463148541037,0.17178256650847837,17.178256650847835,-0.00680743943397007,0.5740430080572689,,21.0
XGBoost__GFS__global__default,lead_hours,,240,0.16739579088592693,0.22943202538389063,0.16739579088592693,16.73957908859269,-0.0027547289499392003,0.5602516905677895,,22.0
XGBoost__GFS__global__default,lead_hours,,242,0.17122049171857268,0.23203911506721378,0.17122049171857268,17.122049171857267,-0.0030672002376439457,0.5315670916918045,,23.0
XGBoost__GFS__global__default,lead_hours,,242,0.16967581532372178,0.22106459194164235,0.16967581532372178,16.96758153237218,0.005494586481679408,0.5524031165728133,,24.0
XGBoost__GFS__global__default,lead_hours,,242,0.16688440804916224,0.2252955662409325,0.16688440804916224,16.688440804916223,0.026761319893348155,0.506750565180325,,25.0
XGBoost__GFS__global__default,lead_hours,,242,0.18041934678110375,0.24155028879200974,0.18041934678110375,18.041934678110376,0.011535538638385206,0.44748424080025684,,26.0
XGBoost__GFS__global__default,lead_hours,,242,0.20160378410067853,0.2745137800085569,0.20160378410067853,20.160378410067853,0.019776237889529095,0.33213514987292625,,27.0
XGBoost__GFS__global__default,lead_hours,,242,0.2067466061419202,0.28177674659392826,0.2067466061419202,20.67466061419202,0.02309921614614703,0.30927952600268416,,28.0
XGBoost__GFS__global__default,lead_hours,,242,0.1880894623503869,0.25147345369208174,0.1880894623503869,18.80894623503869,0.02113615549546628,0.4704888946435596,,29.0
XGBoost__GFS__global__default,lead_hours,,241,0.176897722527444,0.23167308384830176,0.176897722527444,17.6897722527444,0.04465236643266145,0.5318200970040259,,30.0
XGBoost__GFS__global__default,lead_hours,,239,0.17380738806919904,0.23115252549685808,0.17380738806919904,17.380738806919904,0.03753932834980877,0.5151310472014701,,31.0
XGBoost__GFS__global__default,lead_hours,,239,0.19613860010664333,0.27559542194457354,0.19613860010664333,19.613860010664332,0.020420111092521887,0.3667847811363346,,32.0
XGBoost__GFS__global__default,lead_hours,,239,0.19685754751856732,0.28113161569849254,0.19685754751856732,19.68575475185673,0.022162568400272354,0.3898376540735359,,33.0
XGBoost__GFS__global__default,lead_hours,,236,0.19357383336124698,0.2791785451878871,0.19357383336124698,19.3573833361247,0.03806058918467938,0.46461735141634175,,34.0
XGBoost__GFS__global__default,lead_hours,,240,0.1928776780449682,0.27368870157402636,0.1928776780449682,19.28776780449682,0.044940919570624835,0.5195847894306375,,35.0
XGBoost__GFS__global__default,lead_hours,,240,0.18413932881281816,0.26148911695102195,0.18413932881281816,18.413932881281816,0.002121277782807344,0.5566353673872239,,36.0
XGBoost__GFS__global__default,lead_hours,,240,0.19080339568956858,0.27004619792565715,0.19080339568956858,19.08033956895686,-0.024765345749962652,0.5280278813065407,,37.0
XGBoost__GFS__global__default,lead_hours,,240,0.19470022873000967,0.27755294716027984,0.19470022873000967,19.470022873000968,-0.026314804402904367,0.48419725069099284,,38.0
XGBoost__GFS__global__default,lead_hours,,239,0.19917193640870365,0.2814669799750175,0.19917193640870365,19.917193640870366,-0.036587383233977165,0.46279370197104064,,39.0
XGBoost__GFS__global__default,lead_hours,,241,0.2018449528162905,0.28473830957532587,0.2018449528162905,20.18449528162905,-0.03676739295323689,0.42937901942307743,,40.0
XGBoost__GFS__global__default,lead_hours,,242,0.22081047787851865,0.3003782448354168,0.22081047787851865,22.081047787851865,-0.030045941699060188,0.3763386790960275,,41.0
XGBoost__GFS__global__default,lead_hours,,242,0.21190803898390656,0.28485029769126047,0.21190803898390656,21.190803898390655,-0.031534547387896815,0.3830626736451729,,42.0
XGBoost__GFS__global__default,lead_hours,,240,0.22871449633418686,0.29888731604010293,0.22871449633418686,22.871449633418685,-0.03839270785181885,0.31888413327318266,,43.0
XGBoost__GFS__global__default,lead_hours,,242,0.20688002110430692,0.2732467822252246,0.20688002110430692,20.68800211043069,-0.02343184881220179,0.4119213889095453,,44.0
XGBoost__GFS__global__default,lead_hours,,242,0.18608845888973102,0.24566199249982978,0.18608845888973102,18.608845888973104,0.0012589668240346862,0.4936359069959887,,45.0
XGBoost__GFS__global__default,lead_hours,,240,0.17451970073146125,0.240676758749561,0.17451970073146125,17.451970073146125,0.009523054689789815,0.5160902096519373,,46.0
XGBoost__GFS__global__default,lead_hours,,242,0.1760051499272263,0.23441455085552787,0.1760051499272263,17.60051499272263,0.002906563233779155,0.5219270968322199,,47.0
XGBoost__GFS__global__default,lead_hours,,242,0.17779234885635783,0.2330310347967499,0.17779234885635783,17.779234885635784,0.01619151794672341,0.5026338694985317,,48.0
XGBoost__ICON__global__default,horizon_bucket,D1,5776,0.18423316250117933,0.2564064335166844,0.18423316250117933,18.42331625011793,0.06345652702579659,0.5008838860004121,,
XGBoost__ICON__global__default,horizon_bucket,D2,5776,0.20168817748389156,0.27605784038996156,0.20168817748389156,20.168817748389156,0.05821506603015114,0.4214459636577068,,
XGBoost__ICON__global__default,turbine_id,,5782,0.19174451237458937,0.2645113009775245,0.19174451237458937,19.174451237458936,0.0577030928315702,0.47077263169850925,turbine_1,
XGBoost__ICON__global__default,turbine_id,,5770,0.19417935688109075,0.268305911764367,0.19417935688109075,19.417935688109075,0.06397501537937872,0.4513396726835043,turbine_2,
XGBoost__ICON__global__default,turbine_id+horizon_bucket,D1,2891,0.18298948744559548,0.25463362389419775,0.18298948744559548,18.29894874455955,0.060320445917122385,0.5095606211630643,turbine_1,
XGBoost__ICON__global__default,turbine_id+horizon_bucket,D2,2891,0.2004995373035833,0.27403316272333417,0.2004995373035833,20.04995373035833,0.05508573974601802,0.4319846422339544,turbine_1,
XGBoost__ICON__global__default,turbine_id+horizon_bucket,D1,2885,0.18547942405601223,0.25817071882840814,0.18547942405601223,18.547942405601223,0.06659913031355295,0.49200780175869674,turbine_2,
XGBoost__ICON__global__default,turbine_id+horizon_bucket,D2,2885,0.2028792897061693,0.2780719412580846,0.2028792897061693,20.28792897061693,0.06135090044520447,0.4106715436083117,turbine_2,
XGBoost__ICON__global__default,lead_hours,,242,0.18541983862020098,0.26702577877900047,0.18541983862020098,18.541983862020096,0.09460421103296529,0.3071045858664836,,1.0
XGBoost__ICON__global__default,lead_hours,,242,0.17911593735792752,0.2422146565617453,0.17911593735792752,17.911593735792753,0.0646067303267228,0.44444074646049636,,2.0
XGBoost__ICON__global__default,lead_hours,,242,0.18619859086744717,0.251156444442575,0.18619859086744717,18.619859086744718,0.0705122861175826,0.4409522041400953,,3.0
XGBoost__ICON__global__default,lead_hours,,242,0.1724711398768031,0.24723287805474262,0.1724711398768031,17.24711398768031,0.0690188298409307,0.4682536989351537,,4.0
XGBoost__ICON__global__default,lead_hours,,242,0.15998124948905437,0.22993533853267342,0.15998124948905437,15.998124948905437,0.06302443425055625,0.5573074375455602,,5.0
XGBoost__ICON__global__default,lead_hours,,241,0.1643378787587705,0.24047252017721701,0.1643378787587705,16.43378787587705,0.07814338164375695,0.49557974464614307,,6.0
XGBoost__ICON__global__default,lead_hours,,239,0.19025116175381956,0.26983583653483845,0.19025116175381956,19.025116175381957,0.10473406307711014,0.33926647183433734,,7.0
XGBoost__ICON__global__default,lead_hours,,239,0.20327505116141825,0.28057194413216385,0.20327505116141825,20.327505116141825,0.11066815441019699,0.3437099360872501,,8.0
XGBoost__ICON__global__default,lead_hours,,239,0.21387148293626276,0.3011046061811218,0.21387148293626276,21.387148293626275,0.13923005148259252,0.3000599817468874,,9.0
XGBoost__ICON__global__default,lead_hours,,236,0.20230591260664962,0.2901771146239694,0.20230591260664962,20.230591260664962,0.12378503828556779,0.4216023387194928,,10.0
XGBoost__ICON__global__default,lead_hours,,240,0.18279049410691692,0.26474325663548876,0.18279049410691692,18.27904941069169,0.07958995665920278,0.5504760611045718,,11.0
XGBoost__ICON__global__default,lead_hours,,240,0.16711326166118184,0.2369449592931248,0.16711326166118184,16.711326166118184,0.03862640647052063,0.6359602918539933,,12.0
XGBoost__ICON__global__default,lead_hours,,240,0.1670458751078695,0.2265592155995704,0.1670458751078695,16.70458751078695,0.012086508003166989,0.6677969048528016,,13.0
XGBoost__ICON__global__default,lead_hours,,240,0.17128950422174405,0.23950503475827575,0.17128950422174405,17.128950422174405,0.008286199366880794,0.6159203819915294,,14.0
XGBoost__ICON__global__default,lead_hours,,239,0.17402966672157144,0.24292287318276742,0.17402966672157144,17.402966672157145,0.010116335010179413,0.599849828732119,,15.0
XGBoost__ICON__global__default,lead_hours,,241,0.1873496316241443,0.25927223056595405,0.1873496316241443,18.73496316241443,0.019203063096042163,0.5268836693253212,,16.0
XGBoost__ICON__global__default,lead_hours,,242,0.21236136987928517,0.28678972613505577,0.21236136987928517,21.236136987928518,0.04065304550093397,0.4314887828103682,,17.0
XGBoost__ICON__global__default,lead_hours,,242,0.21903413080643688,0.2935728444677717,0.21903413080643688,21.903413080643688,0.056222973543914555,0.34470107836595765,,18.0
XGBoost__ICON__global__default,lead_hours,,240,0.19835818504707678,0.26801579792536484,0.19835818504707678,19.835818504707678,0.030435363010399882,0.4523200845666622,,19.0
XGBoost__ICON__global__default,lead_hours,,242,0.18263735112777757,0.24091199990727186,0.18263735112777757,18.263735112777756,0.032481696286723635,0.5428674596085328,,20.0
XGBoost__ICON__global__default,lead_hours,,242,0.18484197228736454,0.24206831608363988,0.18484197228736454,18.484197228736456,0.05446838700984792,0.5083422833419236,,21.0
XGBoost__ICON__global__default,lead_hours,,240,0.18443009811639788,0.247340243803747,0.18443009811639788,18.443009811639786,0.07857845831910769,0.48892378521811986,,22.0
XGBoost__ICON__global__default,lead_hours,,242,0.1690097631912258,0.2324005466116877,0.1690097631912258,16.90097631912258,0.06328810832635103,0.5301066630219482,,23.0
XGBoost__ICON__global__default,lead_hours,,242,0.16472262836305152,0.23244690970006704,0.16472262836305152,16.472262836305152,0.08224131219756095,0.5051241808823002,,24.0
XGBoost__ICON__global__default,lead_hours,,242,0.18783935213651373,0.2608737732057034,0.18783935213651373,18.78393521365137,0.10163164595701314,0.33866402816232744,,25.0
XGBoost__ICON__global__default,lead_hours,,242,0.1865272864513612,0.2562426946068379,0.1865272864513612,18.652728645136122,0.07904576821996735,0.3782260354445821,,26.0
XGBoost__ICON__global__default,lead_hours,,242,0.1844233763978378,0.2567729977172506,0.1844233763978378,18.44233763978378,0.08357893191390868,0.41566891582145415,,27.0
XGBoost__ICON__global__default,lead_hours,,242,0.17840226685233193,0.24684238043251663,0.17840226685233193,17.840226685233194,0.07397264017033346,0.4699321300764979,,28.0
XGBoost__ICON__global__default,lead_hours,,242,0.17434101371664154,0.24732983343065318,0.17434101371664154,17.434101371664156,0.06986026317065906,0.4877950275658667,,29.0
XGBoost__ICON__global__default,lead_hours,,241,0.19803345696694047,0.2724387527184408,0.19803345696694047,19.80334569669405,0.0918692211140035,0.3525602277892911,,30.0
XGBoost__ICON__global__default,lead_hours,,239,0.20488047777432195,0.2950932544886845,0.20488047777432195,20.488047777432193,0.10371911471826513,0.20978429833843804,,31.0
XGBoost__ICON__global__default,lead_hours,,239,0.2245999384933311,0.3123384009663241,0.2245999384933311,22.45999384933311,0.11205047148468189,0.18668625602039624,,32.0
XGBoost__ICON__global__default,lead_hours,,239,0.22491082437887186,0.31344698391632764,0.22491082437887186,22.491082437887187,0.13260368250300034,0.24150239013807095,,33.0
XGBoost__ICON__global__default,lead_hours,,236,0.2278552492729015,0.31490488794043137,0.2278552492729015,22.785524927290147,0.12394658015609462,0.3188245052423785,,34.0
XGBoost__ICON__global__default,lead_hours,,240,0.2121900366935879,0.29374389083713415,0.2121900366935879,21.21900366935879,0.08784300098381938,0.4465980348150931,,35.0
XGBoost__ICON__global__default,lead_hours,,240,0.19503397181009252,0.26693283578868154,0.19503397181009252,19.50339718100925,0.04236571370147998,0.5379831552024872,,36.0
XGBoost__ICON__global__default,lead_hours,,240,0.18397074169334438,0.25266757620807667,0.18397074169334438,18.397074169334438,-0.00097977407359414,0.58682005048894,,37.0
XGBoost__ICON__global__default,lead_hours,,240,0.2014861492342833,0.2727603509114169,0.2014861492342833,20.14861492342833,-0.003660089424293896,0.5018565235586576,,38.0
XGBoost__ICON__global__default,lead_hours,,239,0.19178836538556396,0.2684065132512828,0.19178836538556396,19.178836538556396,-0.017771295916959338,0.5114913146085829,,39.0
XGBoost__ICON__global__default,lead_hours,,241,0.20148365573187257,0.27485051938612665,0.20148365573187257,20.148365573187256,-0.0004064388834918951,0.4683215535813333,,40.0
XGBoost__ICON__global__default,lead_hours,,242,0.20927455172291634,0.27748902235865264,0.20927455172291634,20.927455172291634,0.011316441342070419,0.4677649476398825,,41.0
XGBoost__ICON__global__default,lead_hours,,242,0.22353178708965457,0.30027687298149175,0.22353178708965457,22.35317870896546,0.024758657377531378,0.31443054323291286,,42.0
XGBoost__ICON__global__default,lead_hours,,240,0.23415244023212128,0.3036999271143808,0.23415244023212128,23.41524402321213,0.00961967491813833,0.29677321769004095,,43.0
XGBoost__ICON__global__default,lead_hours,,242,0.21219843514858855,0.27656965270898787,0.21219843514858855,21.219843514858855,0.013473725592301906,0.39753153440518574,,44.0
XGBoost__ICON__global__default,lead_hours,,242,0.20458158595256565,0.2669055671547603,0.20458158595256565,20.458158595256563,0.04151838041452009,0.40227389077136655,,45.0
XGBoost__ICON__global__default,lead_hours,,240,0.19414145913223427,0.2623211747031633,0.19414145913223427,19.414145913223425,0.05457436190545561,0.42513906425740766,,46.0
XGBoost__ICON__global__default,lead_hours,,242,0.19468534120289252,0.2578010473646635,0.19468534120289252,19.468534120289252,0.0678335299507071,0.42177834649272605,,47.0
XGBoost__ICON__global__default,lead_hours,,242,0.19139571657460747,0.2576374577119364,0.19139571657460747,19.139571657460746,0.09581717843872292,0.39205164158822403,,48.0
XGBoost__Simple__global__default,horizon_bucket,D1,5776,0.15474280243221772,0.21983170293422147,0.15474280243221772,15.474280243221772,0.025008310293340472,0.633119690377256,,
XGBoost__Simple__global__default,horizon_bucket,D2,5776,0.16906488748705006,0.23887186625376616,0.16906488748705006,16.906488748705005,0.022714750571967562,0.5668146499485054,,
XGBoost__Simple__global__default,turbine_id,,5782,0.16068514100047088,0.22732718750313205,0.16068514100047088,16.06851410004709,0.02060160862544159,0.6091081733180725,turbine_1,
XGBoost__Simple__global__default,turbine_id,,5770,0.16312508348508975,0.2317546273680234,0.16312508348508975,16.312508348508974,0.027128231973261002,0.590645184985788,turbine_2,
XGBoost__Simple__global__default,turbine_id+horizon_bucket,D1,2891,0.1535520213181089,0.21757720568257258,0.1535520213181089,15.355202131810891,0.021745138402771237,0.6419195408890345,turbine_1,
XGBoost__Simple__global__default,turbine_id+horizon_bucket,D2,2891,0.16781826068283287,0.23667585412021186,0.16781826068283287,16.781826068283287,0.01945807884811195,0.5762968057471107,turbine_1,
XGBoost__Simple__global__default,turbine_id+horizon_bucket,D1,2885,0.1559360600408446,0.22206793034828348,0.1559360600408446,15.59360600408446,0.028278268676576415,0.6241498183375913,turbine_2,
XGBoost__Simple__global__default,turbine_id+horizon_bucket,D2,2885,0.17031410692933494,0.24105237796755438,0.17031410692933494,17.031410692933495,0.025978195269945593,0.5571405516339847,turbine_2,
XGBoost__Simple__global__default,lead_hours,,242,0.14850964710875814,0.20336476691563976,0.14850964710875814,14.850964710875814,0.044821699123942495,0.5981048799522541,,1.0
XGBoost__Simple__global__default,lead_hours,,242,0.14752456681389803,0.20428209698508182,0.14752456681389803,14.752456681389802,0.028442147775596782,0.6048243627975072,,2.0
XGBoost__Simple__global__default,lead_hours,,242,0.16875980040468994,0.22578683699047522,0.16875980040468994,16.875980040468992,0.032378631362604285,0.5481882445804109,,3.0
XGBoost__Simple__global__default,lead_hours,,242,0.13649705554674232,0.19975057737701568,0.13649705554674232,13.649705554674233,0.034734761223053315,0.652889209133169,,4.0
XGBoost__Simple__global__default,lead_hours,,242,0.13751014155256192,0.19847487028652483,0.13751014155256192,13.751014155256192,0.038606461173246724,0.6701611301173265,,5.0
XGBoost__Simple__global__default,lead_hours,,241,0.13269980355279898,0.19389914667151464,0.13269980355279898,13.269980355279898,0.05518002680777849,0.6720456441366258,,6.0
XGBoost__Simple__global__default,lead_hours,,239,0.14361534989424662,0.21023587692221948,0.14361534989424662,14.361534989424662,0.05372661648965032,0.5989109994037162,,7.0
XGBoost__Simple__global__default,lead_hours,,239,0.1698898374734023,0.2422324222594741,0.1698898374734023,16.98898374734023,0.05290620171614355,0.5108163982856764,,8.0
XGBoost__Simple__global__default,lead_hours,,239,0.1767618079300102,0.2528269659023166,0.1767618079300102,17.67618079300102,0.07438174993615479,0.5065163005983646,,9.0
XGBoost__Simple__global__default,lead_hours,,236,0.16256279952371608,0.23856248085463672,0.16256279952371608,16.256279952371607,0.06801709878063723,0.60906505125918,,10.0
XGBoost__Simple__global__default,lead_hours,,240,0.15068167150734615,0.22178404412377523,0.15068167150734615,15.068167150734615,0.04891615278118601,0.6845259744562456,,11.0
XGBoost__Simple__global__default,lead_hours,,240,0.1596225891997003,0.22137503205608033,0.1596225891997003,15.96225891997003,0.008781897917596834,0.6822313246616483,,12.0
XGBoost__Simple__global__default,lead_hours,,240,0.1524253083995233,0.21666260870618856,0.1524253083995233,15.242530839952332,-0.015439815354430002,0.6961857461201129,,13.0
XGBoost__Simple__global__default,lead_hours,,240,0.161058282536558,0.2328382400517353,0.161058282536558,16.105828253655798,-0.013418650342565433,0.6370050508407286,,14.0
XGBoost__Simple__global__default,lead_hours,,239,0.1451859864214308,0.21689722583507878,0.1451859864214308,14.518598642143079,-0.017216238713663498,0.6809974288146777,,15.0
XGBoost__Simple__global__default,lead_hours,,241,0.15550397901387467,0.23512368942746054,0.15550397901387467,15.550397901387466,-0.004450786337771682,0.6109112207446614,,16.0
XGBoost__Simple__global__default,lead_hours,,242,0.17433406943829918,0.25582778172931614,0.17433406943829918,17.43340694382992,0.00796293912552934,0.5476159651183996,,17.0
XGBoost__Simple__global__default,lead_hours,,242,0.17440428294508253,0.24179063885739918,0.17440428294508253,17.440428294508255,0.007028320063901011,0.5554847579205384,,18.0
XGBoost__Simple__global__default,lead_hours,,240,0.16551313761994244,0.23688645614725515,0.16551313761994244,16.551313761994244,-0.009435151120440822,0.5721549725740616,,19.0
XGBoost__Simple__global__default,lead_hours,,242,0.16156012522657054,0.2119206298471048,0.16156012522657054,16.156012522657054,-0.0023905452162273615,0.6462701227260255,,20.0
XGBoost__Simple__global__default,lead_hours,,242,0.15645784827713796,0.20567095423818443,0.15645784827713796,15.645784827713797,0.01426006985515274,0.6450780264223268,,21.0
XGBoost__Simple__global__default,lead_hours,,240,0.15417176706550847,0.20659566064304846,0.15417176706550847,15.417176706550848,0.033348929878324274,0.6434351805902714,,22.0
XGBoost__Simple__global__default,lead_hours,,242,0.14153488456197186,0.20009367544007334,0.14153488456197186,14.153488456197186,0.025472240380060247,0.6516693262522699,,23.0
XGBoost__Simple__global__default,lead_hours,,242,0.1374768773499189,0.18450326810360562,0.1374768773499189,13.74768773499189,0.034640341055253654,0.6882138591726512,,24.0
XGBoost__Simple__global__default,lead_hours,,242,0.1584104270161676,0.21122162639409273,0.1584104270161676,15.84104270161676,0.06015949172627172,0.5664511176678676,,25.0
XGBoost__Simple__global__default,lead_hours,,242,0.16541465311318881,0.21853848165111475,0.16541465311318881,16.54146531131888,0.04149574313918257,0.5477429033087846,,26.0
XGBoost__Simple__global__default,lead_hours,,242,0.17176745358166945,0.24052621738475563,0.17176745358166945,17.176745358166944,0.044251762899690746,0.48727424892565796,,27.0
XGBoost__Simple__global__default,lead_hours,,242,0.15905044047926495,0.2238636153990692,0.15905044047926495,15.905044047926495,0.037365217535312675,0.5640275409918278,,28.0
XGBoost__Simple__global__default,lead_hours,,242,0.157185627719998,0.22577813575366176,0.157185627719998,15.7185627719998,0.02630849651068696,0.5731703840232435,,29.0
XGBoost__Simple__global__default,lead_hours,,241,0.15105228497630005,0.2162244299337763,0.15105228497630005,15.105228497630005,0.04758474710983524,0.5921775498505498,,30.0
XGBoost__Simple__global__default,lead_hours,,239,0.1615971105422102,0.2264235190584361,0.1615971105422102,16.15971105422102,0.04894156304986906,0.5347673751083155,,31.0
XGBoost__Simple__global__default,lead_hours,,239,0.18968843951727807,0.26872478582513737,0.18968843951727807,18.968843951727806,0.05390274368060267,0.3979635348984438,,32.0
XGBoost__Simple__global__default,lead_hours,,239,0.18080488717264004,0.2658530914317381,0.18080488717264004,18.080488717264004,0.06699664435568922,0.4543559099578858,,33.0
XGBoost__Simple__global__default,lead_hours,,236,0.1760283811073645,0.25460251247461196,0.1760283811073645,17.60283811073645,0.06797448450615262,0.5547277989455679,,34.0
XGBoost__Simple__global__default,lead_hours,,240,0.16620952478258147,0.24739845768206895,0.16620952478258147,16.620952478258147,0.04927141103148461,0.6074481878693716,,35.0
XGBoost__Simple__global__default,lead_hours,,240,0.16282921293429617,0.23295011852283362,0.16282921293429617,16.282921293429617,0.0005548148539124294,0.6481320742260084,,36.0
XGBoost__Simple__global__default,lead_hours,,240,0.15469914121749911,0.2219229134781257,0.15469914121749911,15.46991412174991,-0.027583093096088196,0.6812541784037573,,37.0
XGBoost__Simple__global__default,lead_hours,,240,0.16522486236789782,0.23359059563285514,0.16522486236789782,16.52248623678978,-0.024978427820476802,0.6346554152881014,,38.0
XGBoost__Simple__global__default,lead_hours,,239,0.16348709155201416,0.23150694208516512,0.16348709155201416,16.348709155201416,-0.03285211958521081,0.6365754796554355,,39.0
XGBoost__Simple__global__default,lead_hours,,241,0.16681477825094226,0.2422829083235821,0.16681477825094226,16.681477825094227,-0.02332298937262671,0.5868559644207534,,40.0
XGBoost__Simple__global__default,lead_hours,,242,0.17865586910366027,0.2597849317607852,0.17865586910366027,17.865586910366027,-0.004141076825784907,0.5335127544505561,,41.0
XGBoost__Simple__global__default,lead_hours,,242,0.18033890653370824,0.2634965530337254,0.18033890653370824,18.033890653370825,0.00432894992967939,0.4720928206527123,,42.0
XGBoost__Simple__global__default,lead_hours,,240,0.20127251139096913,0.2786448138715418,0.20127251139096913,20.127251139096913,-0.011071515788427648,0.40801874395222015,,43.0
XGBoost__Simple__global__default,lead_hours,,242,0.1883773202722066,0.25580079585861787,0.1883773202722066,18.83773202722066,-0.007357203810175584,0.4846182284680549,,44.0
XGBoost__Simple__global__default,lead_hours,,242,0.17773912036940248,0.23634388488885935,0.17773912036940248,17.77391203694025,0.017726261887709628,0.531320776630418,,45.0
XGBoost__Simple__global__default,lead_hours,,240,0.16105055392512846,0.22530661822859366,0.16105055392512846,16.105055392512845,0.03500480932431917,0.5759237034534739,,46.0
XGBoost__Simple__global__default,lead_hours,,242,0.16335126495271016,0.22362077849024517,0.16335126495271016,16.335126495271016,0.030361157137664557,0.5649398486984165,,47.0
XGBoost__Simple__global__default,lead_hours,,242,0.15681018536330585,0.21123452504313486,0.15681018536330585,15.681018536330585,0.04488750968672355,0.5913246105421581,,48.0
XGBoost__Weighted__global__default,horizon_bucket,D1,5776,0.15696700696898358,0.22438077791007408,0.15696700696898358,15.696700696898358,0.029949504382231568,0.6177785513103441,,
XGBoost__Weighted__global__default,horizon_bucket,D2,5776,0.17355395271817337,0.2438254511528552,0.17355395271817337,17.355395271817336,0.030144760347726486,0.5486620744599513,,
XGBoost__Weighted__global__default,turbine_id,,5782,0.1639832872635509,0.23200579168898192,0.1639832872635509,16.39832872635509,0.026823654159835137,0.5928527694154725,turbine_1,
XGBoost__Weighted__global__default,turbine_id,,5770,0.16654032863001167,0.23658640372736378,0.16654032863001167,16.654032863001166,0.033277314510930855,0.5733982428290362,turbine_2,
XGBoost__Weighted__global__default,turbine_id+horizon_bucket,D1,2891,0.15576348036029491,0.222163425644088,0.15576348036029491,15.576348036029492,0.026854361218976844,0.6266647834029495,turbine_1,
XGBoost__Weighted__global__default,turbine_id+horizon_bucket,D2,2891,0.1722030941668069,0.24144727594352008,0.1722030941668069,17.220309416680692,0.026792947100693427,0.5590407554279955,turbine_1,
XGBoost__Weighted__global__default,turbine_id+horizon_bucket,D1,2885,0.15817303657928478,0.22658097564854665,0.15817303657928478,15.817303657928477,0.03305108458499394,0.6087179190474981,turbine_2,
XGBoost__Weighted__global__default,turbine_id+horizon_bucket,D2,2885,0.1749076206807385,0.24618552827379406,0.1749076206807385,17.49076206807385,0.033503544436867774,0.5380785666105742,turbine_2,
XGBoost__Weighted__global__default,lead_hours,,242,0.15183432801316182,0.2112585817233529,0.15183432801316182,15.183432801316183,0.0520933694446834,0.5662993969982588,,1.0
XGBoost__Weighted__global__default,lead_hours,,242,0.1532343903024868,0.21097568355641114,0.1532343903024868,15.32343903024868,0.03362467014582279,0.5785031309417568,,2.0
XGBoost__Weighted__global__default,lead_hours,,242,0.16929650980940722,0.23082366538710872,0.16929650980940722,16.92965098094072,0.04049766622635102,0.5278054682756825,,3.0
XGBoost__Weighted__global__default,lead_hours,,242,0.13841813130052785,0.20390477159403878,0.13841813130052785,13.841813130052785,0.04000675205274719,0.6383014179787757,,4.0
XGBoost__Weighted__global__default,lead_hours,,242,0.13985856958364773,0.20436546139350076,0.13985856958364773,13.985856958364772,0.04638678004903611,0.6502918284971628,,5.0
XGBoost__Weighted__global__default,lead_hours,,241,0.13763234688502377,0.20416654353897892,0.13763234688502377,13.763234688502376,0.0657906255930827,0.6363942346921114,,6.0
XGBoost__Weighted__global__default,lead_hours,,239,0.15260024162484762,0.2224346945437264,0.15260024162484762,15.260024162484761,0.06296947521177046,0.5510146750345005,,7.0
XGBoost__Weighted__global__default,lead_hours,,239,0.17355396476422272,0.2496970301603485,0.17355396476422272,17.35539647642227,0.057731578387839606,0.4802026031604494,,8.0
XGBoost__Weighted__global__default,lead_hours,,239,0.17642161300247394,0.25733396014047677,0.17642161300247394,17.642161300247395,0.07902774577084905,0.48876540698224347,,9.0
XGBoost__Weighted__global__default,lead_hours,,236,0.16665255506649237,0.24642838868921843,0.16665255506649237,16.66525550664924,0.07581482230222622,0.5828601439209236,,10.0
XGBoost__Weighted__global__default,lead_hours,,240,0.15251549969447983,0.22561384991815192,0.15251549969447983,15.251549969447984,0.05824259274515013,0.6735365816229311,,11.0
XGBoost__Weighted__global__default,lead_hours,,240,0.15558537497806052,0.21550343923455162,0.15558537497806052,15.558537497806052,0.013837342170584528,0.6988643168710089,,12.0
XGBoost__Weighted__global__default,lead_hours,,240,0.15157710343868366,0.21445553678959534,0.15157710343868366,15.157710343868366,-0.015297010836708865,0.7023439348819358,,13.0
XGBoost__Weighted__global__default,lead_hours,,240,0.16258497633477156,0.23698657099441867,0.16258497633477156,16.258497633477155,-0.01314677695497973,0.6239553273367155,,14.0
XGBoost__Weighted__global__default,lead_hours,,239,0.14651648724121738,0.21996881477617244,0.14651648724121738,14.651648724121738,-0.01354753990412133,0.671898346985923,,15.0
XGBoost__Weighted__global__default,lead_hours,,241,0.15606718544653755,0.23816032234113044,0.15606718544653755,15.606718544653756,-0.001917415971598508,0.6007961235659702,,16.0
XGBoost__Weighted__global__default,lead_hours,,242,0.17432098290788076,0.25733026141968335,0.17432098290788076,17.432098290788076,0.01063726285539219,0.5422866474276804,,17.0
XGBoost__Weighted__global__default,lead_hours,,242,0.17966093905434297,0.2466640961619876,0.17966093905434297,17.966093905434295,0.012332958098572806,0.5373851494106294,,18.0
XGBoost__Weighted__global__default,lead_hours,,240,0.16842278871850833,0.23950193152735336,0.16842278871850833,16.842278871850834,-0.007900295351114528,0.5626550989043404,,19.0
XGBoost__Weighted__global__default,lead_hours,,242,0.16579536384561666,0.21980745763898898,0.16579536384561666,16.579536384561667,-0.0035303265847696705,0.619451409678407,,20.0
XGBoost__Weighted__global__default,lead_hours,,242,0.15823587249687385,0.2114675865188312,0.15823587249687385,15.823587249687385,0.014553716032260378,0.6247898491813344,,21.0
XGBoost__Weighted__global__default,lead_hours,,240,0.15242217760346832,0.2084597391742997,0.15242217760346832,15.242217760346833,0.03725420160156986,0.6369717011225715,,22.0
XGBoost__Weighted__global__default,lead_hours,,242,0.14489274332294697,0.20517974505721004,0.14489274332294697,14.489274332294697,0.030524851157748174,0.6337362242502758,,23.0
XGBoost__Weighted__global__default,lead_hours,,242,0.139538449097435,0.18716295091858925,0.139538449097435,13.953844909743502,0.043895696833442396,0.6791600441579579,,24.0
XGBoost__Weighted__global__default,lead_hours,,242,0.1628449752838569,0.2183294105142841,0.1628449752838569,16.284497528385693,0.06943802085748717,0.5367816122489344,,25.0
XGBoost__Weighted__global__default,lead_hours,,242,0.17366627859875314,0.22904146800648947,0.17366627859875314,17.366627859875315,0.05239572993769585,0.5032272273890358,,26.0
XGBoost__Weighted__global__default,lead_hours,,242,0.17495002470448737,0.24105662092153626,0.17495002470448737,17.495002470448735,0.05257137823993591,0.48501045077714877,,27.0
XGBoost__Weighted__global__default,lead_hours,,242,0.16544854467847583,0.23176353187974946,0.16544854467847583,16.544854467847582,0.04617711429840811,0.5327145811699676,,28.0
XGBoost__Weighted__global__default,lead_hours,,242,0.16401337981039335,0.23325022924827957,0.16401337981039335,16.401337981039337,0.03692378115001296,0.5444511666645935,,29.0
XGBoost__Weighted__global__default,lead_hours,,241,0.16069954328960323,0.22659213410263015,0.16069954328960323,16.06995432896032,0.05824674837765274,0.5521307274026769,,30.0
XGBoost__Weighted__global__default,lead_hours,,239,0.16823843031467003,0.23311721866740517,0.16823843031467003,16.823843031467003,0.061740157734836494,0.5068536802566143,,31.0
XGBoost__Weighted__global__default,lead_hours,,239,0.19682919733600387,0.27467157869756825,0.19682919733600387,19.682919733600386,0.06498767997482414,0.3710229582693253,,32.0
XGBoost__Weighted__global__default,lead_hours,,239,0.18504165107672682,0.2719823372215119,0.18504165107672682,18.504165107672684,0.07492085654917205,0.42890622149307356,,33.0
XGBoost__Weighted__global__default,lead_hours,,236,0.17951277764661416,0.2595702441025358,0.17951277764661416,17.951277764661416,0.07434599492646292,0.5371822322434299,,34.0
XGBoost__Weighted__global__default,lead_hours,,240,0.16741859401343392,0.24980482337723356,0.16741859401343392,16.741859401343394,0.05577097412307437,0.5997745972806029,,35.0
XGBoost__Weighted__global__default,lead_hours,,240,0.16224482448487026,0.2293705177015567,0.16224482448487026,16.224482448487027,0.009172302229071247,0.6588628640205585,,36.0
XGBoost__Weighted__global__default,lead_hours,,240,0.15692747200932355,0.22418857918272897,0.15692747200932355,15.692747200932356,-0.021125886411613053,0.6747126466766202,,37.0
XGBoost__Weighted__global__default,lead_hours,,240,0.1684098464705878,0.2384415394809298,0.1684098464705878,16.84098464705878,-0.021883970105813604,0.6193237341141342,,38.0
XGBoost__Weighted__global__default,lead_hours,,239,0.16735536053101308,0.23508318356988628,0.16735536053101308,16.735536053101306,-0.03068747072383201,0.6252606356906927,,39.0
XGBoost__Weighted__global__default,lead_hours,,241,0.17183880498125265,0.24701730656512955,0.17183880498125265,17.183880498125266,-0.019200740309321368,0.5705518909419227,,40.0
XGBoost__Weighted__global__default,lead_hours,,242,0.18112180097895797,0.2629918996830037,0.18112180097895797,18.1121800978958,0.0029789951461118517,0.5219243723225067,,41.0
XGBoost__Weighted__global__default,lead_hours,,242,0.18708623160928817,0.2714302417499235,0.18708623160928817,18.708623160928816,0.006424880769852926,0.4398244378181826,,42.0
XGBoost__Weighted__global__default,lead_hours,,240,0.2007510464978922,0.27664694197880263,0.2007510464978922,20.075104649789218,-0.005742800048345483,0.4164772738715824,,43.0
XGBoost__Weighted__global__default,lead_hours,,242,0.19303379107369287,0.26196210172444045,0.19303379107369287,19.303379107369288,-0.0015126689120141812,0.45949190384580585,,44.0
XGBoost__Weighted__global__default,lead_hours,,242,0.1856472083246823,0.24540580564806994,0.1856472083246823,18.56472083246823,0.022365954092013605,0.49469147265945324,,45.0
XGBoost__Weighted__global__default,lead_hours,,240,0.16514766978182724,0.23016812410087406,0.16514766978182724,16.514766978182724,0.042096349003414316,0.5574254291976108,,46.0
XGBoost__Weighted__global__default,lead_hours,,242,0.1677481297192166,0.2283313473721473,0.1677481297192166,16.77481297192166,0.037344441014052106,0.5464177246369861,,47.0
XGBoost__Weighted__global__default,lead_hours,,242,0.159526229753844,0.2159367962400363,0.159526229753844,15.9526229753844,0.056346043187191004,0.5729271262426006,,48.0
XGBoost__All__global__default,horizon_bucket,D1,5776,0.1540282684919981,0.22094585835250358,0.1540282684919981,15.40282684919981,0.040341618523642306,0.6293914061815151,,
XGBoost__All__global__default,horizon_bucket,D2,5776,0.17160521917960767,0.24428154036992253,0.17160521917960767,17.160521917960768,0.03636585934102878,0.5469719892989806,,
XGBoost__All__global__default,turbine_id,,5782,0.16132409685734125,0.2305808458751728,0.16132409685734125,16.132409685734125,0.03537496617472536,0.5978386889482903,turbine_1,
XGBoost__All__global__default,turbine_id,,5770,0.16431249510607412,0.2352132186234312,0.16431249510607412,16.43124951060741,0.041338706711278726,0.5783360002120661,turbine_2,
XGBoost__All__global__default,turbine_id+horizon_bucket,D1,2891,0.15246244224682684,0.2184016739954791,0.15246244224682684,15.246244224682684,0.037360013857546746,0.6392006407814042,turbine_1,
XGBoost__All__global__default,turbine_id+horizon_bucket,D2,2891,0.17018575146785567,0.24214822271698147,0.17018575146785567,17.018575146785565,0.03338991849190397,0.5564767371151762,turbine_1,
XGBoost__All__global__default,turbine_id+horizon_bucket,D1,2885,0.1555973512215614,0.2234662795971524,0.1555973512215614,15.559735122156141,0.04332942410065523,0.6194015004678135,turbine_2,
XGBoost__All__global__default,turbine_id+horizon_bucket,D2,2885,0.17302763899058685,0.2464007676802071,0.17302763899058685,17.302763899058686,0.03934798932190221,0.5372704999563185,turbine_2,
XGBoost__All__global__default,lead_hours,,242,0.154263029887441,0.21158719705851395,0.154263029887441,15.426302988744101,0.06493837939103239,0.564949094310599,,1.0
XGBoost__All__global__default,lead_hours,,242,0.15211724257515485,0.20819405533174576,0.15211724257515485,15.211724257515485,0.04817979790646834,0.589544388840687,,2.0
XGBoost__All__global__default,lead_hours,,242,0.16081139490632446,0.2216461117502159,0.16081139490632446,16.081139490632445,0.05165048306507056,0.5646079235935278,,3.0
XGBoost__All__global__default,lead_hours,,242,0.1339460930265435,0.20017484151160048,0.1339460930265435,13.39460930265435,0.04840856865004793,0.651413137762817,,4.0
XGBoost__All__global__default,lead_hours,,242,0.1398679877338628,0.20112764518072052,0.1398679877338628,13.98679877338628,0.05676999848158954,0.6612850872223053,,5.0
XGBoost__All__global__default,lead_hours,,241,0.14213166784489964,0.2082080997689054,0.14213166784489964,14.213166784489964,0.07728051436990292,0.6218563176493225,,6.0
XGBoost__All__global__default,lead_hours,,239,0.1647453037340251,0.23564888367788656,0.1647453037340251,16.47453037340251,0.08135865687435516,0.4960843293227054,,7.0
XGBoost__All__global__default,lead_hours,,239,0.17503275353117292,0.2538129145742599,0.17503275353117292,17.503275353117292,0.07884745692531611,0.4629251959636802,,8.0
XGBoost__All__global__default,lead_hours,,239,0.1800740482349623,0.26330197221709983,0.1800740482349623,18.007404823496227,0.0981667161575906,0.46477763800683836,,9.0
XGBoost__All__global__default,lead_hours,,236,0.15948455957090746,0.23727389495537846,0.15948455957090746,15.948455957090745,0.09116576743038572,0.6132768850640067,,10.0
XGBoost__All__global__default,lead_hours,,240,0.1436497936946301,0.2142381671962459,0.1436497936946301,14.36497936946301,0.06299455120889859,0.7056278638140796,,11.0
XGBoost__All__global__default,lead_hours,,240,0.1429551585330628,0.209443004200834,0.1429551585330628,14.295515853306279,0.021004462242799084,0.7155633685312253,,12.0
XGBoost__All__global__default,lead_hours,,240,0.14529738002161807,0.21376567908862223,0.14529738002161807,14.529738002161807,-0.006760794022172267,0.7042558469157417,,13.0
XGBoost__All__global__default,lead_hours,,240,0.15250705981927204,0.23054352163366904,0.15250705981927204,15.250705981927204,-0.002768822855109132,0.6441247280487141,,14.0
XGBoost__All__global__default,lead_hours,,239,0.13499582597336407,0.20735096357976032,0.13499582597336407,13.499582597336406,0.0008402902077275573,0.7084598957824378,,15.0
XGBoost__All__global__default,lead_hours,,241,0.14285299417996886,0.2224172234039817,0.14285299417996886,14.285299417996885,0.01161269952101249,0.6518288671245402,,16.0
XGBoost__All__global__default,lead_hours,,242,0.17227183778003144,0.250453432529971,0.17227183778003144,17.227183778003145,0.016664771343948268,0.5664233994463395,,17.0
XGBoost__All__global__default,lead_hours,,242,0.17259407682585484,0.24010784156219622,0.17259407682585484,17.259407682585483,0.020866418117375087,0.5616506377154286,,18.0
XGBoost__All__global__default,lead_hours,,240,0.1710162579458621,0.23899458481670313,0.1710162579458621,17.10162579458621,-0.0073508781447178635,0.5645060274628502,,19.0
XGBoost__All__global__default,lead_hours,,242,0.16546570956399126,0.21728406929434702,0.16546570956399126,16.546570956399126,-0.0007843263145566929,0.6281386483175198,,20.0
XGBoost__All__global__default,lead_hours,,242,0.15996267829962665,0.2102632178649464,0.15996267829962665,15.996267829962665,0.02205666652929356,0.6290515379457698,,21.0
XGBoost__All__global__default,lead_hours,,240,0.1554780810829252,0.20752350127428065,0.1554780810829252,15.547808108292521,0.04602479805486898,0.6402252561180919,,22.0
XGBoost__All__global__default,lead_hours,,242,0.13790353993975013,0.1929568273952694,0.13790353993975013,13.790353993975014,0.03668640018628074,0.6760743819233588,,23.0
XGBoost__All__global__default,lead_hours,,242,0.1376644595337842,0.18765760880346544,0.1376644595337842,13.76644595337842,0.051787930476291946,0.6774618903587202,,24.0
XGBoost__All__global__default,lead_hours,,242,0.16615842926215904,0.2251774421512706,0.16615842926215904,16.615842926215905,0.07765986391802424,0.5072676580565914,,25.0
XGBoost__All__global__default,lead_hours,,242,0.16888959332287168,0.2274724175281071,0.16888959332287168,16.88895933228717,0.0631927704034994,0.510010206116347,,26.0
XGBoost__All__global__default,lead_hours,,242,0.17240349612703557,0.24076560363682464,0.17240349612703557,17.240349612703557,0.06634663312206528,0.48625314963667055,,27.0
XGBoost__All__global__default,lead_hours,,242,0.15203705149759172,0.22054283406427327,0.15203705149759172,15.203705149759173,0.05597040212076907,0.5768659929654714,,28.0
XGBoost__All__global__default,lead_hours,,242,0.15526343469464376,0.2219733260331247,0.15526343469464376,15.526343469464376,0.051011313015733625,0.5874350213736352,,29.0
XGBoost__All__global__default,lead_hours,,241,0.16072825785453226,0.22516307727556575,0.16072825785453226,16.072825785453226,0.07035452879728288,0.5577621001944869,,30.0
XGBoost__All__global__default,lead_hours,,239,0.16813300148502117,0.23415868279390398,0.16813300148502117,16.813300148502115,0.07718103747323904,0.5024375203574472,,31.0
XGBoost__All__global__default,lead_hours,,239,0.19401454059383735,0.27277899508491277,0.19401454059383735,19.401454059383735,0.07447049508445391,0.37966084165984804,,32.0
XGBoost__All__global__default,lead_hours,,239,0.1949926988628006,0.28212744569025333,0.1949926988628006,19.49926988628006,0.08634253195137558,0.3855073398140514,,33.0
XGBoost__All__global__default,lead_hours,,236,0.18769106151420348,0.2711701705609581,0.18769106151420348,18.76910615142035,0.07550910702869718,0.49489223979704355,,34.0
XGBoost__All__global__default,lead_hours,,240,0.16610786450474474,0.2455238127122153,0.16610786450474474,16.610786450474475,0.056674818557725916,0.6133747177976054,,35.0
XGBoost__All__global__default,lead_hours,,240,0.16009635604328168,0.23244464340126705,0.16009635604328168,16.009635604328167,0.0072184575999983515,0.6496574438221034,,36.0
XGBoost__All__global__default,lead_hours,,240,0.15447025990512014,0.23085546561378753,0.15447025990512014,15.447025990512014,-0.020129790402379714,0.6550782888350064,,37.0
XGBoost__All__global__default,lead_hours,,240,0.164199729332183,0.2419672444611493,0.164199729332183,16.4199729332183,-0.020272631355975228,0.6079827987577243,,38.0
XGBoost__All__global__default,lead_hours,,239,0.15494417707820266,0.2301417339294634,0.15494417707820266,15.494417707820265,-0.025396116264203416,0.6408491070768647,,39.0
XGBoost__All__global__default,lead_hours,,241,0.16065736735361838,0.2355156266941708,0.16065736735361838,16.06573673536184,-0.011025877073676067,0.6096129636790668,,40.0
XGBoost__All__global__default,lead_hours,,242,0.17824540352997867,0.25616671349209746,0.17824540352997867,17.824540352997868,-0.0004933698387103231,0.5464164950318695,,41.0
XGBoost__All__global__default,lead_hours,,242,0.191733159657578,0.2740208401827235,0.191733159657578,19.1733159657578,0.005609658760821688,0.4290804972405071,,42.0
XGBoost__All__global__default,lead_hours,,240,0.20367030682497553,0.2830826810436547,0.20367030682497553,20.367030682497553,-0.0053467419064707165,0.38901207509521296,,43.0
XGBoost__All__global__default,lead_hours,,242,0.19222393533415047,0.26656129007376655,0.19222393533415047,19.222393533415048,0.0033451737598939493,0.4403462289447718,,44.0
XGBoost__All__global__default,lead_hours,,242,0.18056759129829972,0.24624633123263018,0.18056759129829972,18.05675912982997,0.02672980066460683,0.49122413744634785,,45.0
XGBoost__All__global__default,lead_hours,,240,0.1651796990941382,0.2312650111638531,0.1651796990941382,16.51796990941382,0.043336218762521944,0.5531971194669965,,46.0
XGBoost__All__global__default,lead_hours,,242,0.16632336282553586,0.22866583150665223,0.16632336282553586,16.632336282553588,0.0487298291784098,0.5450878397876142,,47.0
XGBoost__All__global__default,lead_hours,,242,0.16028979911579244,0.22014314555984335,0.16028979911579244,16.028979911579246,0.06621470215850954,0.5561267066922146,,48.0
XGBoost__All_Disagreement__global__default,horizon_bucket,D1,5776,0.15368485988924438,0.22073390012689612,0.15368485988924438,15.368485988924437,0.03850425785158416,0.6301021310754422,,
XGBoost__All_Disagreement__global__default,horizon_bucket,D2,5776,0.17050807281622354,0.24297988056471412,0.17050807281622354,17.050807281622355,0.03529734840751831,0.5517870667485508,,
XGBoost__All_Disagreement__global__default,turbine_id,,5782,0.1605801687426749,0.2297203087382536,0.1605801687426749,16.058016874267487,0.03365031878532928,0.6008348524790552,turbine_1,
XGBoost__All_Disagreement__global__default,turbine_id,,5770,0.16361591744135814,0.2345070683367359,0.16361591744135814,16.361591744135815,0.040158047579861696,0.580864014544272,turbine_2,
XGBoost__All_Disagreement__global__default,turbine_id+horizon_bucket,D1,2891,0.15211898918471234,0.21819813537055532,0.15211898918471234,15.211898918471235,0.035265016611546844,0.6398728186509298,turbine_1,
XGBoost__All_Disagreement__global__default,turbine_id+horizon_bucket,D2,2891,0.16904134830063744,0.24069153332514612,0.16904134830063744,16.904134830063743,0.032035620959111714,0.5617968863071807,turbine_1,
XGBoost__All_Disagreement__global__default,turbine_id+horizon_bucket,D1,2885,0.15525398717063157,0.2232460477627278,0.15525398717063157,15.525398717063158,0.041750235815170955,0.6201513102604406,turbine_2,
XGBoost__All_Disagreement__global__default,turbine_id+horizon_bucket,D2,2885,0.17197784771208466,0.24525156953239446,0.17197784771208466,17.197784771208465,0.03856585934455244,0.5415767188281032,turbine_2,
XGBoost__All_Disagreement__global__default,lead_hours,,242,0.15428203208377125,0.21178219788611144,0.15428203208377125,15.428203208377125,0.06612851565093131,0.5641468304652358,,1.0
XGBoost__All_Disagreement__global__default,lead_hours,,242,0.15070293740951776,0.20690300093352984,0.15070293740951776,15.070293740951776,0.04532962503024574,0.5946192450640029,,2.0
XGBoost__All_Disagreement__global__default,lead_hours,,242,0.15965197794375424,0.220281700843372,0.15965197794375424,15.965197794375424,0.050208322557187116,0.5699518049084279,,3.0
XGBoost__All_Disagreement__global__default,lead_hours,,242,0.13551180608806612,0.20025814326728025,0.13551180608806612,13.551180608806613,0.04895458904990398,0.6511229520491716,,4.0
XGBoost__All_Disagreement__global__default,lead_hours,,242,0.14075850717251293,0.2026953168982764,0.14075850717251293,14.075850717251292,0.056643658022373186,0.6559843422077664,,5.0
XGBoost__All_Disagreement__global__default,lead_hours,,241,0.1439942664556195,0.21106676941862895,0.1439942664556195,14.399426645561949,0.07749329158265973,0.6114013086525724,,6.0
XGBoost__All_Disagreement__global__default,lead_hours,,239,0.16436601434968087,0.2359338673801963,0.16436601434968087,16.436601434968086,0.0804258328012218,0.4948647641138003,,7.0
XGBoost__All_Disagreement__global__default,lead_hours,,239,0.17580285611377983,0.2526614443262522,0.17580285611377983,17.58028561137798,0.07563209097763599,0.467787224804171,,8.0
XGBoost__All_Disagreement__global__default,lead_hours,,239,0.17919829807063695,0.2622149854681199,0.17919829807063695,17.919829807063696,0.09533600272577014,0.4691876219734402,,9.0
XGBoost__All_Disagreement__global__default,lead_hours,,236,0.15941410163627928,0.23847730815773513,0.15941410163627928,15.941410163627928,0.089905893473786,0.6093441482894868,,10.0
XGBoost__All_Disagreement__global__default,lead_hours,,240,0.1426149438570978,0.21343369535021964,0.1426149438570978,14.26149438570978,0.061434514659456915,0.7078344685128026,,11.0
XGBoost__All_Disagreement__global__default,lead_hours,,240,0.14263476395658733,0.2096089781842587,0.14263476395658733,14.263476395658733,0.019412591522456044,0.7151123839165461,,12.0
XGBoost__All_Disagreement__global__default,lead_hours,,240,0.14419848703303273,0.21336106452923914,0.14419848703303273,14.419848703303273,-0.009961689574850918,0.7053743533338612,,13.0
XGBoost__All_Disagreement__global__default,lead_hours,,240,0.15130041984178957,0.22793112825730377,0.15130041984178957,15.130041984178957,-0.006235605333414333,0.6521442017545966,,14.0
XGBoost__All_Disagreement__global__default,lead_hours,,239,0.1330372062024129,0.2051559279042417,0.1330372062024129,13.303720620241291,-0.0021219560002058635,0.7145997630192885,,15.0
XGBoost__All_Disagreement__global__default,lead_hours,,241,0.14377121938539367,0.22324709491279612,0.14377121938539367,14.377121938539366,0.008390135884666269,0.6492258642382496,,16.0
XGBoost__All_Disagreement__global__default,lead_hours,,242,0.17034079751282027,0.24868649958057196,0.17034079751282027,17.03407975128203,0.013491848087343637,0.5725195297958824,,17.0
XGBoost__All_Disagreement__global__default,lead_hours,,242,0.17264965719468992,0.23976526174024354,0.17264965719468992,17.264965719468993,0.016693603815536525,0.5629005970368166,,18.0
XGBoost__All_Disagreement__global__default,lead_hours,,240,0.16982233533635732,0.24002845284499139,0.16982233533635732,16.982233533635732,-0.00918142786911791,0.5607300661784218,,19.0
XGBoost__All_Disagreement__global__default,lead_hours,,242,0.16506232540387428,0.2171809702666598,0.16506232540387428,16.506232540387426,-0.00479517235243616,0.6284914532727799,,20.0
XGBoost__All_Disagreement__global__default,lead_hours,,242,0.16066293653500965,0.21177316448027644,0.16066293653500965,16.066293653500967,0.019732840262332896,0.6237046824586767,,21.0
XGBoost__All_Disagreement__global__default,lead_hours,,240,0.1540327337162776,0.2065818273162461,0.1540327337162776,15.40327337162776,0.04412513593770564,0.6434829290523854,,22.0
XGBoost__All_Disagreement__global__default,lead_hours,,242,0.13884109291850943,0.19309899985467283,0.13884109291850943,13.884109291850944,0.037885256854319545,0.6755968630019809,,23.0
XGBoost__All_Disagreement__global__default,lead_hours,,242,0.1361682065413141,0.18729179428495704,0.1361682065413141,13.61682065413141,0.05058001582646748,0.6787181583211488,,24.0
XGBoost__All_Disagreement__global__default,lead_hours,,242,0.16482898651845443,0.2239494193685085,0.16482898651845443,16.482898651845442,0.07688516756032207,0.5126273121371063,,25.0
XGBoost__All_Disagreement__global__default,lead_hours,,242,0.16564684505335803,0.2254505148638495,0.16564684505335803,16.5646845053358,0.0630774367685858,0.5186821029505092,,26.0
XGBoost__All_Disagreement__global__default,lead_hours,,242,0.17073769358851365,0.2407274750560891,0.17073769358851365,17.073769358851365,0.06623131389234513,0.48641585466525494,,27.0
XGBoost__All_Disagreement__global__default,lead_hours,,242,0.15106936406416016,0.2192704700096625,0.15106936406416016,15.106936406416017,0.05551427331447766,0.5817342307438056,,28.0
XGBoost__All_Disagreement__global__default,lead_hours,,242,0.15772522690970212,0.22389177121787138,0.15772522690970212,15.772522690970211,0.05242241166778341,0.5802728674281196,,29.0
XGBoost__All_Disagreement__global__default,lead_hours,,241,0.1601502669662402,0.22435033515211905,0.1601502669662402,16.01502669662402,0.0717229663702256,0.560948916509084,,30.0
XGBoost__All_Disagreement__global__default,lead_hours,,239,0.169485768013474,0.23421377372260352,0.169485768013474,16.9485768013474,0.0778341305295247,0.5022033680014395,,31.0
XGBoost__All_Disagreement__global__default,lead_hours,,239,0.19386228818472379,0.27208711685330883,0.19386228818472379,19.38622881847238,0.07500488863631855,0.38280371450538664,,32.0
XGBoost__All_Disagreement__global__default,lead_hours,,239,0.19282571154718828,0.280626858242993,0.19282571154718828,19.282571154718827,0.0849455921364558,0.3920267177805341,,33.0
XGBoost__All_Disagreement__global__default,lead_hours,,236,0.18558655813773092,0.2682532341557245,0.18558655813773092,18.558655813773093,0.07195346633598504,0.505700529052584,,34.0
XGBoost__All_Disagreement__global__default,lead_hours,,240,0.16593298536570122,0.24620980667492662,0.16593298536570122,16.593298536570124,0.05608322816931953,0.6112112361971359,,35.0
XGBoost__All_Disagreement__global__default,lead_hours,,240,0.16099676837678997,0.23604701226121172,0.16099676837678997,16.099676837679,0.007136098276720282,0.6387142561014383,,36.0
XGBoost__All_Disagreement__global__default,lead_hours,,240,0.15286910849137023,0.22853113108184264,0.15286910849137023,15.286910849137023,-0.02309149701696717,0.6619889112420538,,37.0
XGBoost__All_Disagreement__global__default,lead_hours,,240,0.1635052360256927,0.24195163103542447,0.1635052360256927,16.350523602569268,-0.022913967471362807,0.6080333885306648,,38.0
XGBoost__All_Disagreement__global__default,lead_hours,,239,0.1548756541299271,0.22985308270384208,0.1548756541299271,15.48756541299271,-0.028878852064764152,0.6417494594895186,,39.0
XGBoost__All_Disagreement__global__default,lead_hours,,241,0.15710199634883334,0.23090049286868283,0.15710199634883334,15.710199634883335,-0.012738600184581906,0.6247630037384573,,40.0
XGBoost__All_Disagreement__global__default,lead_hours,,242,0.17773712327862903,0.25321660129532764,0.17773712327862903,17.773712327862903,-0.001904408466635321,0.5568036140508901,,41.0
XGBoost__All_Disagreement__global__default,lead_hours,,242,0.18894041418372437,0.2725241217119394,0.18894041418372437,18.89404141837244,0.005111378716207402,0.43530025836050446,,42.0
XGBoost__All_Disagreement__global__default,lead_hours,,240,0.2015990599948499,0.2812007746021114,0.2015990599948499,20.15990599948499,-0.008065564005739146,0.39710865065359513,,43.0
XGBoost__All_Disagreement__global__default,lead_hours,,242,0.1889354216178094,0.26231543945724406,0.1889354216178094,18.893542161780942,0.00016306961001443895,0.4580328324505111,,44.0
XGBoost__All_Disagreement__global__default,lead_hours,,242,0.17878548104121006,0.2423136051559728,0.17878548104121006,17.878548104121005,0.023072867534295258,0.5073453799173171,,45.0
XGBoost__All_Disagreement__global__default,lead_hours,,240,0.16194436467583806,0.22713652512953367,0.16194436467583806,16.194436467583806,0.04173489167603354,0.5690071600524246,,46.0
XGBoost__All_Disagreement__global__default,lead_hours,,242,0.16888017377249134,0.22923418866504602,0.16888017377249134,16.888017377249135,0.05027984859693806,0.5428236282797668,,47.0
XGBoost__All_Disagreement__global__default,lead_hours,,242,0.15867272482984815,0.21928134867076407,0.15867272482984815,15.867272482984815,0.06592677356310948,0.5595951760625356,,48.0
XGBoost__Full__global__default,horizon_bucket,D1,5776,0.15259773860868095,0.22024097535786982,0.15259773860868095,15.259773860868094,0.039227808510730704,0.6317523373853338,,
XGBoost__Full__global__default,horizon_bucket,D2,5776,0.16888270554519333,0.2417996174667542,0.16888270554519333,16.888270554519334,0.03570883364248512,0.5561308368217437,,
XGBoost__Full__global__default,turbine_id,,5782,0.15915541820438261,0.22908896602885606,0.15915541820438261,15.91554182043826,0.034318719388477525,0.6030258969387958,turbine_1,
XGBoost__Full__global__default,turbine_id,,5770,0.1623283219020862,0.23343838077255907,0.1623283219020862,16.232832190208622,0.04062447306287654,0.5846754542877273,turbine_2,
XGBoost__Full__global__default,turbine_id+horizon_bucket,D1,2891,0.15090657492917592,0.21783767872393092,0.15090657492917592,15.090657492917591,0.0361861347988776,0.6410616740429066,turbine_1,
XGBoost__Full__global__default,turbine_id+horizon_bucket,D2,2891,0.16740426147958937,0.2398129571989599,0.16740426147958937,16.740426147958935,0.03245130397807745,0.5649901198346852,turbine_1,
XGBoost__Full__global__default,turbine_id+horizon_bucket,D1,2885,0.15429241943968583,0.22262324627482244,0.15429241943968583,15.429241943968583,0.042275808060459434,0.6222677225780657,turbine_2,
XGBoost__Full__global__default,turbine_id+horizon_bucket,D2,2885,0.17036422436448664,0.2437741689627683,0.17036422436448664,17.036422436448664,0.03897313806529365,0.5470831859973886,turbine_2,
XGBoost__Full__global__default,lead_hours,,242,0.14953234404711613,0.20862359198495345,0.14953234404711613,14.953234404711612,0.06395880054983956,0.5770508626402098,,1.0
XGBoost__Full__global__default,lead_hours,,242,0.15291619642886536,0.2087078392188538,0.15291619642886536,15.291619642886536,0.04778646037049243,0.5875160341697645,,2.0
XGBoost__Full__global__default,lead_hours,,242,0.1655047637160057,0.22670030902368954,0.1655047637160057,16.55047637160057,0.05112770983661954,0.54452503480738,,3.0
XGBoost__Full__global__default,lead_hours,,242,0.13748802182102993,0.20146145229153956,0.13748802182102993,13.748802182102992,0.05137874833726358,0.6469176981810527,,4.0
XGBoost__Full__global__default,lead_hours,,242,0.13866736836290147,0.20204771396565097,0.13866736836290147,13.866736836290148,0.056920602006668396,0.6581790614254928,,5.0
XGBoost__Full__global__default,lead_hours,,241,0.14290146500201972,0.20951487602214477,0.14290146500201972,14.290146500201972,0.07700877167789437,0.6170947363378092,,6.0
XGBoost__Full__global__default,lead_hours,,239,0.157549064726396,0.22986786553789484,0.157549064726396,15.754906472639599,0.07916659770104802,0.5205055143601413,,7.0
XGBoost__Full__global__default,lead_hours,,239,0.1744723655267864,0.2495644405453552,0.1744723655267864,17.447236552678643,0.07158238276330081,0.4807544834805255,,8.0
XGBoost__Full__global__default,lead_hours,,239,0.17720542684207816,0.25643526571681236,0.17720542684207816,17.720542684207814,0.08596922039040047,0.49232996887544234,,9.0
XGBoost__Full__global__default,lead_hours,,236,0.15656387651091624,0.2331591268369634,0.15656387651091624,15.656387651091624,0.08579619841581973,0.6265735699818118,,10.0
XGBoost__Full__global__default,lead_hours,,240,0.14661024620068364,0.2165211435527579,0.14661024620068364,14.661024620068364,0.06953800635520992,0.699320627573778,,11.0
XGBoost__Full__global__default,lead_hours,,240,0.1474506096405805,0.21641674261567986,0.1474506096405805,14.745060964058048,0.030534590983194197,0.6963064827754564,,12.0
XGBoost__Full__global__default,lead_hours,,240,0.1380693355183014,0.2049567038222087,0.1380693355183014,13.80693355183014,-0.0030001228605914367,0.7281280102423531,,13.0
XGBoost__Full__global__default,lead_hours,,240,0.1490565056407617,0.22671617712156125,0.1490565056407617,14.90565056407617,0.00019716579053138025,0.6558426998472158,,14.0
XGBoost__Full__global__default,lead_hours,,239,0.13187349502033602,0.20817392276011376,0.13187349502033602,13.187349502033602,-0.0018872586665792,0.7061411052284515,,15.0
XGBoost__Full__global__default,lead_hours,,241,0.14495991303342012,0.22706550378698406,0.14495991303342012,14.495991303342013,0.00951737610177546,0.6371239949089583,,16.0
XGBoost__Full__global__default,lead_hours,,242,0.16634151236639041,0.24848084939116433,0.16634151236639041,16.634151236639042,0.015194682177392253,0.5732262435968138,,17.0
XGBoost__Full__global__default,lead_hours,,242,0.17317008954885904,0.24240245440752584,0.17317008954885904,17.317008954885903,0.015385236912932932,0.5532323513121953,,18.0
XGBoost__Full__global__default,lead_hours,,240,0.16737319156755176,0.238381404256956,0.16737319156755176,16.737319156755177,-0.007193539220632766,0.566737825934273,,19.0
XGBoost__Full__global__default,lead_hours,,242,0.1621415177976954,0.21429066988433854,0.1621415177976954,16.21415177976954,-0.0020927860261487526,0.6383139186630693,,20.0
XGBoost__Full__global__default,lead_hours,,242,0.16009268826196998,0.21177758117709397,0.16009268826196998,16.009268826196998,0.01859294484141116,0.6236889864221511,,21.0
XGBoost__Full__global__default,lead_hours,,240,0.1517438867748198,0.2068275387829396,0.1517438867748198,15.174388677481979,0.040761730676516894,0.6426343313794436,,22.0
XGBoost__Full__global__default,lead_hours,,242,0.13915731610355708,0.20001505595385247,0.13915731610355708,13.915731610355708,0.036869969823123176,0.6519430000549467,,23.0
XGBoost__Full__global__default,lead_hours,,242,0.13178562370572783,0.1808201911982988,0.13178562370572783,13.178562370572783,0.049643923402468856,0.7005374431480321,,24.0
XGBoost__Full__global__default,lead_hours,,242,0.1612496994598961,0.22240837696678498,0.1612496994598961,16.12496994598961,0.07804629924489037,0.5193116596378128,,25.0
XGBoost__Full__global__default,lead_hours,,242,0.16907139266664084,0.2304784213546588,0.16907139266664084,16.907139266664085,0.06125104315814975,0.4969743987053731,,26.0
XGBoost__Full__global__default,lead_hours,,242,0.16969647824966935,0.24100223781347055,0.16969647824966935,16.969647824966934,0.06069965611848231,0.4852427909883321,,27.0
XGBoost__Full__global__default,lead_hours,,242,0.15253927039028692,0.21927922607690672,0.15253927039028692,15.253927039028692,0.05330956899286466,0.5817008250934643,,28.0
XGBoost__Full__global__default,lead_hours,,242,0.15743357519842374,0.23043190184283238,0.15743357519842374,15.743357519842375,0.05005053934664273,0.5553933146439054,,29.0
XGBoost__Full__global__default,lead_hours,,241,0.16268467721785643,0.23040419675972026,0.16268467721785643,16.268467721785644,0.06794673626479868,0.5369345501212222,,30.0
XGBoost__Full__global__default,lead_hours,,239,0.16917901290541662,0.2362239217027466,0.16917901290541662,16.91790129054166,0.07453031707664165,0.49362198601502316,,31.0
XGBoost__Full__global__default,lead_hours,,239,0.1930905208104151,0.2735855948440223,0.1930905208104151,19.30905208104151,0.0721893855397014,0.3759867669848138,,32.0
XGBoost__Full__global__default,lead_hours,,239,0.18515683639217873,0.27419732277700015,0.18515683639217873,18.515683639217873,0.07705086461409949,0.4195665318002788,,33.0
XGBoost__Full__global__default,lead_hours,,236,0.17654226177087903,0.26235608461322124,0.17654226177087903,17.654226177087903,0.07611759849929245,0.5271945281442851,,34.0
XGBoost__Full__global__default,lead_hours,,240,0.1666000142572189,0.2490415877006903,0.1666000142572189,16.66000142572189,0.06524143749840247,0.6022165009396984,,35.0
XGBoost__Full__global__default,lead_hours,,240,0.1633645396433357,0.2354211914203471,0.1633645396433357,16.336453964333568,0.02077888280298147,0.6406274378976633,,36.0
XGBoost__Full__global__default,lead_hours,,240,0.1496004618267632,0.2211684703279013,0.1496004618267632,14.96004618267632,-0.01747053661466472,0.6834176940211311,,37.0
XGBoost__Full__global__default,lead_hours,,240,0.15981075411000187,0.23539212403141105,0.15981075411000187,15.981075411000187,-0.01870564018479651,0.6289983665599023,,38.0
XGBoost__Full__global__default,lead_hours,,239,0.15395011263131844,0.22889987715206128,0.15395011263131844,15.395011263131844,-0.025202200473539504,0.6447146433756474,,39.0
XGBoost__Full__global__default,lead_hours,,241,0.16137710208941464,0.23338332929217978,0.16137710208941464,16.137710208941463,-0.015263692368321726,0.6166498895241728,,40.0
XGBoost__Full__global__default,lead_hours,,242,0.17734152625394425,0.2574547734535217,0.17734152625394425,17.734152625394426,0.003433823312322306,0.5418436011420076,,41.0
XGBoost__Full__global__default,lead_hours,,242,0.18498725646598774,0.2697911499791305,0.18498725646598774,18.498725646598775,0.0055469473086030684,0.4465694993407552,,42.0
XGBoost__Full__global__default,lead_hours,,240,0.19914856205797857,0.27412197079610257,0.19914856205797857,19.914856205797857,-0.007389008757140895,0.42708034982025267,,43.0
XGBoost__Full__global__default,lead_hours,,242,0.186050078562017,0.25663607067167893,0.186050078562017,18.6050078562017,-0.0014069683178643507,0.48124694691621994,,44.0
XGBoost__Full__global__default,lead_hours,,242,0.1772048482144913,0.24038837088222503,0.1772048482144913,17.72048482144913,0.023132158592753832,0.5151427764921527,,45.0
XGBoost__Full__global__default,lead_hours,,240,0.15942337813186977,0.22468888767985076,0.15942337813186977,15.942337813186978,0.04001457312082251,0.5782459234270612,,46.0
XGBoost__Full__global__default,lead_hours,,242,0.16560764821538748,0.22616119939532162,0.16560764821538748,16.560764821538747,0.04794171088839531,0.5549987880298657,,47.0
XGBoost__Full__global__default,lead_hours,,242,0.15240175878952356,0.2144085812055116,0.15240175878952356,15.240175878952355,0.06569475338560818,0.5789506453229478,,48.0
CatBoost__Full206__global__default,horizon_bucket,D1,5776,0.15331015833050524,0.22613910692687428,0.15331015833050524,15.331015833050524,0.04226149935887646,0.6117646283134145,,
CatBoost__Full206__global__default,horizon_bucket,D2,5776,0.16986997003780394,0.24826357074528213,0.16986997003780394,16.986997003780395,0.04162200990990194,0.5320820016749219,,
CatBoost__Full206__global__default,turbine_id,,5782,0.160745925438044,0.23536600289950754,0.160745925438044,16.0745925438044,0.03901119062655395,0.5809736866567348,turbine_1,
CatBoost__Full206__global__default,turbine_id,,5770,0.16243595850478046,0.23953830425753592,0.16243595850478046,16.243595850478044,0.04487841340272602,0.5626863674170981,turbine_2,
CatBoost__Full206__global__default,turbine_id+horizon_bucket,D1,2891,0.15266800296458186,0.22398604223724114,0.15266800296458186,15.266800296458186,0.03942124523598957,0.6205140127851329,turbine_1,
CatBoost__Full206__global__default,turbine_id+horizon_bucket,D2,2891,0.16882384791150615,0.24622055869622017,0.16882384791150615,16.882384791150614,0.038601136017118336,0.5414333605283368,turbine_1,
CatBoost__Full206__global__default,turbine_id+horizon_bucket,D1,2885,0.15395364920152238,0.22827627955295385,0.15395364920152238,15.395364920152238,0.045107660422746824,0.602840782744346,turbine_2,
CatBoost__Full206__global__default,turbine_id+horizon_bucket,D2,2885,0.17091826780803854,0.25029410421864384,0.17091826780803854,17.091826780803853,0.04464916638270521,0.5225319520898501,turbine_2,
CatBoost__Full206__global__default,lead_hours,,242,0.14510445950976955,0.20084694344727033,0.14510445950976955,14.510445950976955,0.04764390672934646,0.6079948613512149,,1.0
CatBoost__Full206__global__default,lead_hours,,242,0.14352315794408252,0.20048467287414432,0.14352315794408252,14.352315794408252,0.034081842691280666,0.6193797412577414,,2.0
CatBoost__Full206__global__default,lead_hours,,242,0.16088818245945022,0.22525390619689933,0.16088818245945022,16.08881824594502,0.045148893566247,0.5503185745464738,,3.0
CatBoost__Full206__global__default,lead_hours,,242,0.1339175253201363,0.2016340870796413,0.1339175253201363,13.391752532013628,0.047822266106150244,0.6463123178077672,,4.0
CatBoost__Full206__global__default,lead_hours,,242,0.13687716691020282,0.20471931424292547,0.13687716691020282,13.687716691020283,0.05736111010474016,0.6490797610299517,,5.0
CatBoost__Full206__global__default,lead_hours,,241,0.14272993975965212,0.2124019946223927,0.14272993975965212,14.272993975965212,0.0743692245476277,0.6064691446314072,,6.0
CatBoost__Full206__global__default,lead_hours,,239,0.15669020211740656,0.23071521249397378,0.15669020211740656,15.669020211740655,0.07814123247351862,0.5169639401848463,,7.0
CatBoost__Full206__global__default,lead_hours,,239,0.17657172021953596,0.25711637264130294,0.17657172021953596,17.657172021953595,0.0735413378521905,0.44885380782983775,,8.0
CatBoost__Full206__global__default,lead_hours,,239,0.18615485944144203,0.27739030877372767,0.18615485944144203,18.615485944144204,0.10019111569012842,0.40596970519529085,,9.0
CatBoost__Full206__global__default,lead_hours,,236,0.17551117383929302,0.2716749142752034,0.17551117383929302,17.551117383929302,0.10721007726778016,0.4930101209597333,,10.0
CatBoost__Full206__global__default,lead_hours,,240,0.16099734242452926,0.2460660669053185,0.16099734242452926,16.099734242452925,0.09318187957268419,0.6116650612916705,,11.0
CatBoost__Full206__global__default,lead_hours,,240,0.15196183576331515,0.22738801018634844,0.15196183576331515,15.196183576331515,0.04891939614810525,0.6647344485329915,,12.0
CatBoost__Full206__global__default,lead_hours,,240,0.1383170573048357,0.2100838151366837,0.1383170573048357,13.83170573048357,0.010783385991771558,0.7143558060334763,,13.0
CatBoost__Full206__global__default,lead_hours,,240,0.1477427411058373,0.22729362756386048,0.1477427411058373,14.774274110583729,0.011805619784214853,0.6540873167325446,,14.0
CatBoost__Full206__global__default,lead_hours,,239,0.13264697787126786,0.21789789482141833,0.13264697787126786,13.264697787126787,0.011718992717380985,0.6780471620253241,,15.0
CatBoost__Full206__global__default,lead_hours,,241,0.14641717296705964,0.23431406686956277,0.14641717296705964,14.641717296705965,0.023433886645512273,0.61358617615759,,16.0
CatBoost__Full206__global__default,lead_hours,,242,0.16667772624695804,0.2532429141023165,0.16667772624695804,16.667772624695804,0.016674303724090005,0.5567115004468659,,17.0
CatBoost__Full206__global__default,lead_hours,,242,0.176338741446375,0.2478770676579307,0.176338741446375,17.633874144637502,0.012565682490499263,0.5328241424653062,,18.0
CatBoost__Full206__global__default,lead_hours,,240,0.16848202460083067,0.24246643929963382,0.16848202460083067,16.848202460083066,-0.00467222320480762,0.5517613550622776,,19.0
CatBoost__Full206__global__default,lead_hours,,242,0.15616440006245336,0.20941914215738644,0.15616440006245336,15.616440006245336,0.0010184378938295293,0.6545716136456765,,20.0
CatBoost__Full206__global__default,lead_hours,,242,0.15465278842436384,0.2073682448289175,0.15465278842436384,15.465278842436383,0.01928938278947344,0.6391958989051425,,21.0
CatBoost__Full206__global__default,lead_hours,,240,0.14806154532388008,0.20305240708151454,0.14806154532388008,14.806154532388009,0.03951330154778405,0.655560948277847,,22.0
CatBoost__Full206__global__default,lead_hours,,242,0.14215463248176255,0.20473549095826643,0.14215463248176255,14.215463248176254,0.03704820741616213,0.6353205719614112,,23.0
CatBoost__Full206__global__default,lead_hours,,242,0.13178441589670115,0.18583272178215252,0.13178441589670115,13.178441589670115,0.02987537014664311,0.6837044690451018,,24.0
CatBoost__Full206__global__default,lead_hours,,242,0.15728836074840571,0.22075492790840343,0.15728836074840571,15.728836074840572,0.059465247426533904,0.5264322486187984,,25.0
CatBoost__Full206__global__default,lead_hours,,242,0.16466169165840214,0.22827306235266673,0.16466169165840214,16.466169165840213,0.05201284418423215,0.5065548579167052,,26.0
CatBoost__Full206__global__default,lead_hours,,242,0.16962702874420144,0.24234272199797816,0.16962702874420144,16.962702874420145,0.061308489321258534,0.47950057960598147,,27.0
CatBoost__Full206__global__default,lead_hours,,242,0.1592711103347023,0.22958731748447092,0.1592711103347023,15.92711103347023,0.05623884782006774,0.5414488193679636,,28.0
CatBoost__Full206__global__default,lead_hours,,242,0.16087509795770624,0.23889117452517758,0.16087509795770624,16.087509795770625,0.04696767206932826,0.5221506587922525,,29.0
CatBoost__Full206__global__default,lead_hours,,241,0.1650193556006718,0.24202981675381968,0.1650193556006718,16.501935560067178,0.06705138615663041,0.48902535345829,,30.0
CatBoost__Full206__global__default,lead_hours,,239,0.17158112179831092,0.24432865983357033,0.17158112179831092,17.158112179831093,0.07546238690994027,0.4582786945355817,,31.0
CatBoost__Full206__global__default,lead_hours,,239,0.19585515513440271,0.28353979340475644,0.19585515513440271,19.58551551344027,0.0762932295072007,0.3297522211855277,,32.0
CatBoost__Full206__global__default,lead_hours,,239,0.1960272635578006,0.29456209456905347,0.1960272635578006,19.60272635578006,0.09625381528332165,0.33014663291887125,,33.0
CatBoost__Full206__global__default,lead_hours,,236,0.19399671962177537,0.28883263562374956,0.19399671962177537,19.399671962177536,0.10329288827730704,0.426949707209905,,34.0
CatBoost__Full206__global__default,lead_hours,,240,0.18020929548644263,0.27730305973179903,0.18020929548644263,18.02092954864426,0.09198197268065383,0.5068121897158016,,35.0
CatBoost__Full206__global__default,lead_hours,,240,0.16692133207372134,0.24880481132418325,0.16692133207372134,16.692133207372134,0.039876340437810125,0.5986055547572546,,36.0
CatBoost__Full206__global__default,lead_hours,,240,0.14743250152903045,0.22642812610410826,0.14743250152903045,14.743250152903045,0.00735549726711812,0.6681812258989412,,37.0
CatBoost__Full206__global__default,lead_hours,,240,0.1565642496139627,0.23859008589174022,0.1565642496139627,15.65642496139627,0.0029686854325442417,0.6188492722605851,,38.0
CatBoost__Full206__global__default,lead_hours,,239,0.15412869687351044,0.23396765877634465,0.15412869687351044,15.412869687351044,-0.005746814238243861,0.6288086497852796,,39.0
CatBoost__Full206__global__default,lead_hours,,241,0.16300837943147486,0.24400555523609674,0.16300837943147486,16.300837943147485,0.0006994150036566509,0.5809601179242971,,40.0
CatBoost__Full206__global__default,lead_hours,,242,0.16826172118302013,0.2549606389130437,0.16826172118302013,16.82617211830201,0.013158006701962226,0.5506775304656597,,41.0
CatBoost__Full206__global__default,lead_hours,,242,0.18346336232871874,0.26621855063221506,0.18346336232871874,18.346336232871874,0.005785259050357854,0.46112960933068003,,42.0
CatBoost__Full206__global__default,lead_hours,,240,0.19519018906658983,0.2753056911622132,0.19519018906658983,19.51901890665898,-0.005586890959795835,0.4221216745574723,,43.0
CatBoost__Full206__global__default,lead_hours,,242,0.18091754534118257,0.25232328113761915,0.18091754534118257,18.091754534118255,-0.00048584965198679566,0.4985358179571382,,44.0
CatBoost__Full206__global__default,lead_hours,,242,0.1734353420835063,0.23403284742614278,0.1734353420835063,17.34353420835063,0.02475538573425124,0.5404417203948875,,45.0
CatBoost__Full206__global__default,lead_hours,,240,0.15660273665960203,0.22584379229197257,0.15660273665960203,15.660273665960203,0.04397491595967002,0.5738991348731476,,46.0
CatBoost__Full206__global__default,lead_hours,,242,0.1652210610508437,0.22948408628694814,0.1652210610508437,16.52210610508437,0.0469124587125472,0.5418263114171873,,47.0
CatBoost__Full206__global__default,lead_hours,,242,0.15220750985783804,0.21669712009161368,0.15220750985783804,15.220750985783804,0.040765828535288894,0.5699143432041176,,48.0
CatBoost__Full_No_Performance__global__default,horizon_bucket,D1,5776,0.14812696595768993,0.223866507368665,0.14812696595768993,14.812696595768992,0.030874490527504194,0.6195286118449217,,
CatBoost__Full_No_Performance__global__default,horizon_bucket,D2,5776,0.16463935859262088,0.24755529655351138,0.16463935859262088,16.463935859262087,0.028585412830648454,0.5347480512544336,,
CatBoost__Full_No_Performance__global__default,turbine_id,,5782,0.15545335431622598,0.23411727351234288,0.15545335431622598,15.545335431622597,0.027771081825838744,0.5854081624760326,turbine_1,
CatBoost__Full_No_Performance__global__default,turbine_id,,5770,0.15731490397680706,0.23788818620083638,0.15731490397680706,15.731490397680705,0.03169289543842115,0.5686906981156659,turbine_2,
CatBoost__Full_No_Performance__global__default,turbine_id+horizon_bucket,D1,2891,0.1471826888677994,0.2217962375598035,0.1471826888677994,14.718268886779938,0.028910298870300742,0.6278978482720323,turbine_1,
CatBoost__Full_No_Performance__global__default,turbine_id+horizon_bucket,D2,2891,0.1637240197646526,0.24582152980978197,0.1637240197646526,16.37240197646526,0.026631864781376757,0.542918476680033,turbine_1,
CatBoost__Full_No_Performance__global__default,turbine_id+horizon_bucket,D1,2885,0.1490732068820829,0.22592205312226732,0.1490732068820829,14.907320688208289,0.03284276715869143,0.6109903930303224,turbine_2,
CatBoost__Full_No_Performance__global__default,turbine_id+horizon_bucket,D2,2885,0.16555660107153125,0.2492805732119273,0.16555660107153125,16.555660107153123,0.030543023718150875,0.5263910032010094,turbine_2,
CatBoost__Full_No_Performance__global__default,lead_hours,,242,0.14853634591586068,0.21214940714794628,0.14853634591586068,14.853634591586069,0.04822289624495292,0.562634068041842,,1.0
CatBoost__Full_No_Performance__global__default,lead_hours,,242,0.1421158177508774,0.20354749464447444,0.1421158177508774,14.211581775087739,0.027966191040710242,0.6076613709897951,,2.0
CatBoost__Full_No_Performance__global__default,lead_hours,,242,0.15731944176164167,0.2269568275438673,0.15731944176164167,15.731944176164166,0.03733175615887326,0.5434936831753279,,3.0
CatBoost__Full_No_Performance__global__default,lead_hours,,242,0.1290658876865518,0.20621127718658208,0.1290658876865518,12.90658876865518,0.04010659673330212,0.6300722996920116,,4.0
CatBoost__Full_No_Performance__global__default,lead_hours,,242,0.13303503689539087,0.2099350738823593,0.13303503689539087,13.303503689539086,0.044197491253757194,0.6309707549184923,,5.0
CatBoost__Full_No_Performance__global__default,lead_hours,,241,0.13714263155374026,0.2141683401077197,0.13714263155374026,13.714263155374026,0.0628269665781446,0.5998966852574348,,6.0
CatBoost__Full_No_Performance__global__default,lead_hours,,239,0.15322170072325106,0.2324957952942673,0.15322170072325106,15.322170072325106,0.06910070532290687,0.5094793480983849,,7.0
CatBoost__Full_No_Performance__global__default,lead_hours,,239,0.17375024433759084,0.2582161042263604,0.17375024433759084,17.375024433759084,0.06492312803518925,0.4441290281938106,,8.0
CatBoost__Full_No_Performance__global__default,lead_hours,,239,0.17829442744519336,0.26649973697095186,0.17829442744519336,17.829442744519337,0.0803407506629753,0.4516982961112065,,9.0
CatBoost__Full_No_Performance__global__default,lead_hours,,236,0.15743070324022404,0.24693625014912282,0.15743070324022404,15.743070324022405,0.07704489889018003,0.5811390146607721,,10.0
CatBoost__Full_No_Performance__global__default,lead_hours,,240,0.14374245810608138,0.22564598607121944,0.14374245810608138,14.374245810608139,0.06567372001472738,0.6734435729218256,,11.0
CatBoost__Full_No_Performance__global__default,lead_hours,,240,0.13799992510765932,0.21242593180846078,0.13799992510765932,13.799992510765932,0.01926904736947382,0.7074036708064401,,12.0
CatBoost__Full_No_Performance__global__default,lead_hours,,240,0.13314420061867602,0.2064975456959859,0.13314420061867602,13.314420061867601,-0.00871804308526836,0.7240248371875999,,13.0
CatBoost__Full_No_Performance__global__default,lead_hours,,240,0.1417196063148591,0.22305965072226047,0.1417196063148591,14.171960631485911,-0.005255327739634511,0.6668544612091227,,14.0
CatBoost__Full_No_Performance__global__default,lead_hours,,239,0.12830947440436175,0.20996502738800749,0.12830947440436175,12.830947440436175,-0.006130493490535394,0.7010626951216481,,15.0
CatBoost__Full_No_Performance__global__default,lead_hours,,241,0.14144682599920255,0.2297673546051292,0.14144682599920255,14.144682599920255,0.0061213393730501706,0.6284368987165376,,16.0
CatBoost__Full_No_Performance__global__default,lead_hours,,242,0.1617898897375697,0.2515311587672373,0.1617898897375697,16.17898897375697,0.013710949971084897,0.562683923862512,,17.0
CatBoost__Full_No_Performance__global__default,lead_hours,,242,0.1698041725478764,0.24311242020211526,0.1698041725478764,16.98041725478764,0.010757789425775696,0.5506114681731826,,18.0
CatBoost__Full_No_Performance__global__default,lead_hours,,240,0.16306079846303015,0.24266096195213324,0.16306079846303015,16.306079846303014,-0.01110778673934274,0.5510418530458485,,19.0
CatBoost__Full_No_Performance__global__default,lead_hours,,242,0.15451515390353268,0.2142611090309862,0.15451515390353268,15.451515390353268,-0.009039007403369288,0.6384136991319618,,20.0
CatBoost__Full_No_Performance__global__default,lead_hours,,242,0.15485183652948942,0.21045167935981954,0.15485183652948942,15.485183652948942,0.009826391792547552,0.6283862686441707,,21.0
CatBoost__Full_No_Performance__global__default,lead_hours,,240,0.14565891781031587,0.20801836123051098,0.14565891781031587,14.565891781031587,0.035406413701680385,0.6385073746491683,,22.0
CatBoost__Full_No_Performance__global__default,lead_hours,,242,0.13866024185021594,0.2092181676252197,0.13866024185021594,13.866024185021594,0.030834936261874394,0.6191764609094507,,23.0
CatBoost__Full_No_Performance__global__default,lead_hours,,242,0.13090454395046003,0.19092294184759775,0.13090454395046003,13.090454395046002,0.03905775286988372,0.6661395954687783,,24.0
CatBoost__Full_No_Performance__global__default,lead_hours,,242,0.15428060504103436,0.22186813937120092,0.15428060504103436,15.428060504103435,0.063065558124344,0.5216440404928271,,25.0
CatBoost__Full_No_Performance__global__default,lead_hours,,242,0.161498470823475,0.23241934098904002,0.161498470823475,16.1498470823475,0.0488381772535209,0.4884665025103807,,26.0
CatBoost__Full_No_Performance__global__default,lead_hours,,242,0.16333518172125724,0.24278369836844785,0.16333518172125724,16.333518172125725,0.05004847802722332,0.4776046136583215,,27.0
CatBoost__Full_No_Performance__global__default,lead_hours,,242,0.1493974889694062,0.22750223763315874,0.1493974889694062,14.93974889694062,0.04217830016961343,0.5497399931397955,,28.0
CatBoost__Full_No_Performance__global__default,lead_hours,,242,0.1525827868923286,0.237902897608702,0.1525827868923286,15.25827868923286,0.04062288273004179,0.5260961427239648,,29.0
CatBoost__Full_No_Performance__global__default,lead_hours,,241,0.15670663359229173,0.2395129477142954,0.15670663359229173,15.670663359229172,0.058171758122153534,0.4995973518415189,,30.0
CatBoost__Full_No_Performance__global__default,lead_hours,,239,0.1675254984933646,0.24871979941943453,0.1675254984933646,16.75254984933646,0.06630665625374402,0.4386317988456613,,31.0
CatBoost__Full_No_Performance__global__default,lead_hours,,239,0.19005475015640125,0.281927644947685,0.19005475015640125,19.005475015640126,0.06719371947962045,0.337352332968303,,32.0
CatBoost__Full_No_Performance__global__default,lead_hours,,239,0.18632496506286847,0.28501283216810214,0.18632496506286847,18.63249650628685,0.07512375192069892,0.3728739321689146,,33.0
CatBoost__Full_No_Performance__global__default,lead_hours,,236,0.17277856827886187,0.26875452722603815,0.17277856827886187,17.277856827886186,0.07036601346458958,0.5038513776297092,,34.0
CatBoost__Full_No_Performance__global__default,lead_hours,,240,0.1647016000684932,0.2580707266253963,0.1647016000684932,16.47016000684932,0.06431363185630856,0.5728499120935815,,35.0
CatBoost__Full_No_Performance__global__default,lead_hours,,240,0.15979872406807163,0.24230820387184843,0.15979872406807163,15.979872406807164,0.012175663042506642,0.6192937153638993,,36.0
CatBoost__Full_No_Performance__global__default,lead_hours,,240,0.14535021301829462,0.22893848195714275,0.14535021301829462,14.535021301829461,-0.01524056578041819,0.6607828451287057,,37.0
CatBoost__Full_No_Performance__global__default,lead_hours,,240,0.15120741214135633,0.2373263201969794,0.15120741214135633,15.120741214135633,-0.019087552416638977,0.6228763425019079,,38.0
CatBoost__Full_No_Performance__global__default,lead_hours,,239,0.15184310665991196,0.23323981902248367,0.15184310665991196,15.184310665991196,-0.032063521654831874,0.6311145034725716,,39.0
CatBoost__Full_No_Performance__global__default,lead_hours,,241,0.15805022048533102,0.2392194534887762,0.15805022048533102,15.805022048533102,-0.021550395761436213,0.5972376013016967,,40.0
CatBoost__Full_No_Performance__global__default,lead_hours,,242,0.165017566111893,0.2546077039285298,0.165017566111893,16.5017566111893,0.004326677648096632,0.5519206388875761,,41.0
CatBoost__Full_No_Performance__global__default,lead_hours,,242,0.1793045298910812,0.2712486984592457,0.1793045298910812,17.93045298910812,0.003939379704410258,0.4405735224085111,,42.0
CatBoost__Full_No_Performance__global__default,lead_hours,,240,0.19570400194557175,0.2795622497072249,0.19570400194557175,19.570400194557173,-0.017269974378808135,0.40411413941325847,,43.0
CatBoost__Full_No_Performance__global__default,lead_hours,,242,0.18115578102641278,0.25794946052590256,0.18115578102641278,18.115578102641276,-0.012887118061140674,0.47592370137237927,,44.0
CatBoost__Full_No_Performance__global__default,lead_hours,,242,0.1747152206563184,0.24343508011938383,0.1747152206563184,17.471522065631838,0.011703671221072812,0.50277462244352,,45.0
CatBoost__Full_No_Performance__global__default,lead_hours,,240,0.1545452020232024,0.23203263351470838,0.1545452020232024,15.454520202320241,0.03516593400423195,0.5502261115817861,,46.0
CatBoost__Full_No_Performance__global__default,lead_hours,,242,0.16362445976003415,0.23687659057662638,0.16362445976003415,16.362445976003414,0.03986694484000292,0.5118320269785812,,47.0
CatBoost__Full_No_Performance__global__default,lead_hours,,242,0.15230785097379904,0.22523192437895115,0.15230785097379904,15.230785097379904,0.051542996487068636,0.535368579984863,,48.0
CatBoost__Top10__global__default,horizon_bucket,D1,5776,0.14705176961173033,0.22399839966884605,0.14705176961173033,14.705176961173033,0.01551744101522736,0.6190801657649916,,
CatBoost__Top10__global__default,horizon_bucket,D2,5776,0.16406881606908227,0.24581036050254315,0.16406881606908227,16.40688160690823,0.018111941554693697,0.5412837524130344,,
CatBoost__Top10__global__default,turbine_id,,5782,0.15512151885332184,0.23377152160992215,0.15512151885332184,15.512151885332184,0.015412620995743946,0.5866318232976223,turbine_1,
CatBoost__Top10__global__default,turbine_id,,5770,0.15599997935571347,0.23653803847801871,0.15599997935571347,15.599997935571347,0.018219677491589696,0.5735726450014762,turbine_2,
CatBoost__Top10__global__default,turbine_id+horizon_bucket,D1,2891,0.1466505743064136,0.22253054725554733,0.1466505743064136,14.66505743064136,0.014140691226147004,0.6254299026369465,turbine_1,
CatBoost__Top10__global__default,turbine_id+horizon_bucket,D2,2891,0.16359246340023015,0.24449622526694195,0.16359246340023015,16.359246340023013,0.01668455076534088,0.5478337439582979,turbine_1,
CatBoost__Top10__global__default,turbine_id+horizon_bucket,D1,2885,0.14745379929203217,0.22545971874611248,0.14745379929203217,14.745379929203217,0.01689705406210129,0.6125809282029738,turbine_2,
CatBoost__Top10__global__default,turbine_id+horizon_bucket,D2,2885,0.16454615941939477,0.24712021875391169,0.16454615941939477,16.454615941939476,0.019542300921078098,0.5345643617999787,turbine_2,
CatBoost__Top10__global__default,lead_hours,,242,0.14335451145783773,0.20211624012744422,0.14335451145783773,14.335451145783773,0.01809699667138075,0.6030244787608066,,1.0
CatBoost__Top10__global__default,lead_hours,,242,0.13650574925374614,0.20118587447746974,0.13650574925374614,13.650574925374615,0.007350108929836925,0.616712621993927,,2.0
CatBoost__Top10__global__default,lead_hours,,242,0.1530955640098007,0.22159209671630986,0.1530955640098007,15.309556400980071,0.023368661273013888,0.5648201073485821,,3.0
CatBoost__Top10__global__default,lead_hours,,242,0.12350252183289338,0.19969563187852218,0.12350252183289338,12.350252183289339,0.027600627991203438,0.6530801427724133,,4.0
CatBoost__Top10__global__default,lead_hours,,242,0.12739454874290063,0.20284092345848187,0.12739454874290063,12.739454874290063,0.03519281920070063,0.6554899161024794,,5.0
CatBoost__Top10__global__default,lead_hours,,241,0.13381453478981073,0.20672094303462815,0.13381453478981073,13.381453478981072,0.055946507176809594,0.6272389186049829,,6.0
CatBoost__Top10__global__default,lead_hours,,239,0.14746570562354905,0.22331612239463328,0.14746570562354905,14.746570562354904,0.05852688379040588,0.5474492935280912,,7.0
CatBoost__Top10__global__default,lead_hours,,239,0.16583714773160962,0.25011916976739873,0.16583714773160962,16.583714773160963,0.05939839056941139,0.4784435710149554,,8.0
CatBoost__Top10__global__default,lead_hours,,239,0.17863131566245938,0.2725334201411545,0.17863131566245938,17.863131566245936,0.09059479296249073,0.4265896088153791,,9.0
CatBoost__Top10__global__default,lead_hours,,236,0.17166361747348158,0.26701416483710966,0.17166361747348158,17.16636174734816,0.10036001041579859,0.5102563495956909,,10.0
CatBoost__Top10__global__default,lead_hours,,240,0.15071714810324804,0.23791963678306305,0.15071714810324804,15.071714810324805,0.08265350167769189,0.636952385739133,,11.0
CatBoost__Top10__global__default,lead_hours,,240,0.14019335643438682,0.2183367221801987,0.14019335643438682,14.019335643438682,0.03455691495192611,0.6908940381330434,,12.0
CatBoost__Top10__global__default,lead_hours,,240,0.13248266282254256,0.2069031631129633,0.13248266282254256,13.248266282254257,-0.003533353973951873,0.7229395916176173,,13.0
CatBoost__Top10__global__default,lead_hours,,240,0.14321844630090794,0.22663285316438514,0.14321844630090794,14.321844630090794,-0.005846158631078183,0.6560956264696003,,14.0
CatBoost__Top10__global__default,lead_hours,,239,0.1266661688186467,0.20996366114534742,0.1266661688186467,12.66661688186467,-0.016644150215692478,0.7010665854797224,,15.0
CatBoost__Top10__global__default,lead_hours,,241,0.1396650875604515,0.22811936875619448,0.1396650875604515,13.966508756045151,-0.011839194004182098,0.6337477905982677,,16.0
CatBoost__Top10__global__default,lead_hours,,242,0.163718694511247,0.2542969081151413,0.163718694511247,16.3718694511247,-0.021821556706535503,0.5530138987562077,,17.0
CatBoost__Top10__global__default,lead_hours,,242,0.16606602481615657,0.2470310346721052,0.16606602481615657,16.606602481615656,-0.029655681930431187,0.536007750202827,,18.0
CatBoost__Top10__global__default,lead_hours,,240,0.16120665690223385,0.2459523692869734,0.16120665690223385,16.120665690223383,-0.05146841346761497,0.5387800885205728,,19.0
CatBoost__Top10__global__default,lead_hours,,242,0.15665574874621505,0.2192538075548891,0.15665574874621505,15.665574874621505,-0.048968026750876414,0.6213660436749469,,20.0
CatBoost__Top10__global__default,lead_hours,,242,0.15275745781304198,0.21070449414664535,0.15275745781304198,15.275745781304199,-0.03539630570900949,0.6274928960931596,,21.0
CatBoost__Top10__global__default,lead_hours,,240,0.14439614709890455,0.20201331711226894,0.14439614709890455,14.439614709890455,-0.005165910891332485,0.6590771578234439,,22.0
CatBoost__Top10__global__default,lead_hours,,242,0.1388690298081475,0.20675851643325144,0.1388690298081475,13.88690298081475,-0.001335302583578909,0.6280780492950102,,23.0
CatBoost__Top10__global__default,lead_hours,,242,0.13218294894767707,0.19000176165194083,0.13218294894767707,13.218294894767707,0.013866796238207873,0.6693534958474363,,24.0
CatBoost__Top10__global__default,lead_hours,,242,0.15371341370179503,0.21822107624320403,0.15371341370179503,15.371341370179504,0.043075685020808656,0.5372411928075007,,25.0
CatBoost__Top10__global__default,lead_hours,,242,0.1585521010908651,0.22670490374201197,0.1585521010908651,15.85521010908651,0.035607134789916436,0.5133111730745724,,26.0
CatBoost__Top10__global__default,lead_hours,,242,0.16477331977938528,0.2412401072783199,0.16477331977938528,16.47733197793853,0.04058208872164335,0.48422615770202126,,27.0
CatBoost__Top10__global__default,lead_hours,,242,0.15147877643642715,0.22928584791434617,0.15147877643642715,15.147877643642715,0.03554076181094623,0.5426522697006464,,28.0
CatBoost__Top10__global__default,lead_hours,,242,0.1537944256343195,0.23831557533770256,0.1537944256343195,15.37944256343195,0.03275788057295866,0.5244506042146891,,29.0
CatBoost__Top10__global__default,lead_hours,,241,0.15288210605110236,0.23252312548361545,0.15288210605110236,15.288210605110237,0.050123197698905546,0.5283781562092682,,30.0
CatBoost__Top10__global__default,lead_hours,,239,0.16119946460873635,0.2399716897547759,0.16119946460873635,16.119946460873635,0.05900941474516844,0.47742682821060667,,31.0
CatBoost__Top10__global__default,lead_hours,,239,0.18900930318776957,0.2817845617896766,0.18900930318776957,18.900930318776958,0.06452383374197897,0.3380247726012553,,32.0
CatBoost__Top10__global__default,lead_hours,,239,0.1908048272809544,0.29228455019972677,0.1908048272809544,19.08048272809544,0.0851927026290992,0.3404651550087987,,33.0
CatBoost__Top10__global__default,lead_hours,,236,0.18466746175762616,0.2810367394797403,0.18466746175762616,18.466746175762616,0.09335549671080352,0.45746668879845276,,34.0
CatBoost__Top10__global__default,lead_hours,,240,0.17340318907364713,0.26797210463422927,0.17340318907364713,17.34031890736471,0.08213838357949903,0.5394442750262718,,35.0
CatBoost__Top10__global__default,lead_hours,,240,0.1596032153969676,0.24060447140642638,0.1596032153969676,15.960321539696759,0.02932275202918583,0.6246285850232298,,36.0
CatBoost__Top10__global__default,lead_hours,,240,0.1419895055801391,0.22380198072803448,0.1419895055801391,14.198950558013909,-0.006214112047853996,0.6758335526564484,,37.0
CatBoost__Top10__global__default,lead_hours,,240,0.15029670255428132,0.23516938397946902,0.15029670255428132,15.029670255428131,-0.01246920679075841,0.6297001557621024,,38.0
CatBoost__Top10__global__default,lead_hours,,239,0.14798866266996222,0.22889249259988362,0.14798866266996222,14.798866266996221,-0.03135191539659247,0.6447375667687585,,39.0
CatBoost__Top10__global__default,lead_hours,,241,0.15456516581180457,0.23797673767305463,0.15456516581180457,15.456516581180457,-0.03153738186854989,0.6014113348967298,,40.0
CatBoost__Top10__global__default,lead_hours,,242,0.16487634479898866,0.25507689029667097,0.16487634479898866,16.487634479898865,-0.02796702553797802,0.5502676925601542,,41.0
CatBoost__Top10__global__default,lead_hours,,242,0.17509094537930828,0.266018547202913,0.17509094537930828,17.509094537930828,-0.03587547297668994,0.4619389852447938,,42.0
CatBoost__Top10__global__default,lead_hours,,240,0.19104915881494328,0.2765353440260614,0.19104915881494328,19.10491588149433,-0.048854194152794135,0.41694795904614856,,43.0
CatBoost__Top10__global__default,lead_hours,,242,0.17951666841848693,0.2536387403139007,0.17951666841848693,17.95166684184869,-0.04602711339045419,0.49329353371505846,,44.0
CatBoost__Top10__global__default,lead_hours,,242,0.169556531407311,0.23401696287463378,0.169556531407311,16.9556531407311,-0.022156448380202393,0.5405041016333432,,45.0
CatBoost__Top10__global__default,lead_hours,,240,0.15754068470390417,0.22635321475114206,0.15754068470390417,15.754068470390417,0.004745994078751584,0.5719747059651313,,46.0
CatBoost__Top10__global__default,lead_hours,,242,0.16099489995472924,0.23076958303536366,0.16099489995472924,16.099489995472922,0.012726966801222556,0.5366788483594018,,47.0
CatBoost__Top10__global__default,lead_hours,,242,0.15104860253017371,0.22118998490083894,0.15104860253017371,15.104860253017371,0.031034687348824332,0.551895197913489,,48.0
CatBoost__Top15__global__default,horizon_bucket,D1,5776,0.14358096389070052,0.21790223768939904,0.14358096389070052,14.358096389070052,0.022861434952163237,0.6395316523416009,,
CatBoost__Top15__global__default,horizon_bucket,D2,5776,0.15965089632670296,0.23966219797202606,0.15965089632670296,15.965089632670296,0.019926982037571973,0.5639434328901998,,
CatBoost__Top15__global__default,turbine_id,,5782,0.1511609180146337,0.22765965722440784,0.1511609180146337,15.11609180146337,0.01986567322320732,0.6079639658681593,turbine_1,
CatBoost__Top15__global__default,turbine_id,,5770,0.15207188850175224,0.23041646338808114,0.15207188850175224,15.207188850175225,0.02292592269603567,0.59535881170005,turbine_2,
CatBoost__Top15__global__default,turbine_id+horizon_bucket,D1,2891,0.14310946052314316,0.21637977989709944,0.14310946052314316,14.310946052314316,0.021327036455002422,0.6458500528459188,turbine_1,
CatBoost__Top15__global__default,turbine_id+horizon_bucket,D2,2891,0.15921237550612424,0.23840643847587792,0.15921237550612424,15.921237550612425,0.01840430999141222,0.5700778788903995,turbine_1,
CatBoost__Top15__global__default,turbine_id+horizon_bucket,D1,2885,0.14405344785451626,0.2194172652609694,0.14405344785451626,14.405344785451627,0.02439902457271502,0.633068775484857,turbine_2,
CatBoost__Top15__global__default,turbine_id+horizon_bucket,D2,2885,0.16009032914898824,0.2409140031337723,0.16009032914898824,16.009032914898825,0.02145282081935632,0.557648847915243,turbine_2,
CatBoost__Top15__global__default,lead_hours,,242,0.1358996808303953,0.19063241859584523,0.1358996808303953,13.58996808303953,0.023518099128508083,0.6468535685277035,,1.0
CatBoost__Top15__global__default,lead_hours,,242,0.13317655189275857,0.1949361756703155,0.13317655189275857,13.317655189275857,0.011687988441572612,0.6401558630675903,,2.0
CatBoost__Top15__global__default,lead_hours,,242,0.14884219339188975,0.21384837737813103,0.14884219339188975,14.884219339188975,0.020997224388469387,0.5947041044301418,,3.0
CatBoost__Top15__global__default,lead_hours,,242,0.12243640439902678,0.19472909057720397,0.12243640439902678,12.243640439902679,0.02506833204780953,0.670121736537425,,4.0
CatBoost__Top15__global__default,lead_hours,,242,0.1242399615116675,0.19343896294318927,0.1242399615116675,12.42399615116675,0.03228540750184082,0.68668680117593,,5.0
CatBoost__Top15__global__default,lead_hours,,241,0.1335932635388094,0.2041996287230813,0.1335932635388094,13.35932635388094,0.05149496846806461,0.6362763805304545,,6.0
CatBoost__Top15__global__default,lead_hours,,239,0.14253724617025265,0.21831906730472592,0.14253724617025265,14.253724617025265,0.05397681528891095,0.5674757863319027,,7.0
CatBoost__Top15__global__default,lead_hours,,239,0.16292466114349438,0.24388720218701795,0.16292466114349438,16.292466114349438,0.04874567000935821,0.5041099783487002,,8.0
CatBoost__Top15__global__default,lead_hours,,239,0.17256692016845232,0.262866252692071,0.17256692016845232,17.256692016845232,0.07891650518617117,0.46654757442448036,,9.0
CatBoost__Top15__global__default,lead_hours,,236,0.16535373286112406,0.25737835043015955,0.16535373286112406,16.535373286112407,0.09051003021763872,0.5449655910962373,,10.0
CatBoost__Top15__global__default,lead_hours,,240,0.1441429245730691,0.2318969903131309,0.1441429245730691,14.41429245730691,0.07498292303213215,0.6550999676067023,,11.0
CatBoost__Top15__global__default,lead_hours,,240,0.14122943526499046,0.21846494032475625,0.14122943526499046,14.122943526499046,0.0341191137684371,0.6905308868524411,,12.0
CatBoost__Top15__global__default,lead_hours,,240,0.12867673782134498,0.2012267492809702,0.12867673782134498,12.867673782134498,0.004999087113391084,0.7379334251670944,,13.0
CatBoost__Top15__global__default,lead_hours,,240,0.13911109971881988,0.2184849446568876,0.13911109971881988,13.911109971881988,0.009648719807613674,0.6803792264191029,,14.0
CatBoost__Top15__global__default,lead_hours,,239,0.12573465421218682,0.20846927187605235,0.12573465421218682,12.573465421218682,0.0053483288315258155,0.705306682439438,,15.0
CatBoost__Top15__global__default,lead_hours,,241,0.13961278241846872,0.2281062003635255,0.13961278241846872,13.961278241846871,0.01446180974758169,0.6337900738443678,,16.0
CatBoost__Top15__global__default,lead_hours,,242,0.16467998556906024,0.25233878057072207,0.16467998556906024,16.467998556906025,0.005420955207937557,0.5598711271613724,,17.0
CatBoost__Top15__global__default,lead_hours,,242,0.16748820378663454,0.24243684179706074,0.16748820378663454,16.748820378663453,-0.005269178130250575,0.5531055847501978,,18.0
CatBoost__Top15__global__default,lead_hours,,240,0.16101250666692585,0.24097500964403842,0.16101250666692585,16.101250666692586,-0.02697164150076498,0.5572586961535442,,19.0
CatBoost__Top15__global__default,lead_hours,,242,0.15317934911092462,0.2135616592510535,0.15317934911092462,15.317934911092463,-0.02480128026573689,0.640770623804795,,20.0
CatBoost__Top15__global__default,lead_hours,,242,0.14832568362002121,0.2051314790095363,0.14832568362002121,14.832568362002121,-0.009060738458926926,0.6469375062734235,,21.0
CatBoost__Top15__global__default,lead_hours,,240,0.14159386293380521,0.19690528355448111,0.14159386293380521,14.159386293380521,0.009719980243595343,0.6761000806080301,,22.0
CatBoost__Top15__global__default,lead_hours,,242,0.12806207985992613,0.19329265873863777,0.12806207985992613,12.806207985992613,0.00557557865397994,0.6749458492487745,,23.0
CatBoost__Top15__global__default,lead_hours,,242,0.12232305148988233,0.17674509401249727,0.12232305148988233,12.232305148988234,0.015991514354169963,0.7138831628330934,,24.0
CatBoost__Top15__global__default,lead_hours,,242,0.14636863230038422,0.20862979592666642,0.14636863230038422,14.636863230038422,0.03503710352880807,0.577025707375787,,25.0
CatBoost__Top15__global__default,lead_hours,,242,0.15095225507680116,0.21847960727414126,0.15095225507680116,15.095225507680116,0.024760298144211147,0.547986547064536,,26.0
CatBoost__Top15__global__default,lead_hours,,242,0.15325428999413476,0.22510989556492567,0.15325428999413476,15.325428999413477,0.02832413824253242,0.550893376611751,,27.0
CatBoost__Top15__global__default,lead_hours,,242,0.14300422766487134,0.21782641595675184,0.14300422766487134,14.300422766487134,0.024558996757873614,0.5872252528315043,,28.0
CatBoost__Top15__global__default,lead_hours,,242,0.15022490693348448,0.23045260215979538,0.15022490693348448,15.022490693348448,0.023438663659275032,0.5553134306293686,,29.0
CatBoost__Top15__global__default,lead_hours,,241,0.15211509508354223,0.23328459953783592,0.15211509508354223,15.211509508354224,0.040452093934587686,0.5252841341569437,,30.0
CatBoost__Top15__global__default,lead_hours,,239,0.1567722373310837,0.23443912778726644,0.1567722373310837,15.67722373310837,0.04757258491554285,0.5012449746404609,,31.0
CatBoost__Top15__global__default,lead_hours,,239,0.18250977596288465,0.2739408300119469,0.18250977596288465,18.250977596288465,0.04907881064605695,0.37436522430411434,,32.0
CatBoost__Top15__global__default,lead_hours,,239,0.18117784774454343,0.2807319920360689,0.18117784774454343,18.117784774454343,0.06900503259449263,0.39157109132453216,,33.0
CatBoost__Top15__global__default,lead_hours,,236,0.17558281508277315,0.27132507249335075,0.17558281508277315,17.558281508277314,0.07719367828268241,0.49431500436367515,,34.0
CatBoost__Top15__global__default,lead_hours,,240,0.1650350429424051,0.2576894936604531,0.1650350429424051,16.50350429424051,0.07348904331775738,0.5741109882088647,,35.0
CatBoost__Top15__global__default,lead_hours,,240,0.15903109507468632,0.23984529413531921,0.15903109507468632,15.903109507468633,0.02615409464860973,0.6269936604322401,,36.0
CatBoost__Top15__global__default,lead_hours,,240,0.14276481988430648,0.22383176452282116,0.14276481988430648,14.276481988430648,0.0012997325059490362,0.6757472661155035,,37.0
CatBoost__Top15__global__default,lead_hours,,240,0.15049216384035968,0.2329587404033881,0.15049216384035968,15.049216384035969,-0.0007158625638630715,0.6366292333837915,,38.0
CatBoost__Top15__global__default,lead_hours,,239,0.1457756852868124,0.22567353211206156,0.1457756852868124,14.57756852868124,-0.011510755703056439,0.6546595572750827,,39.0
CatBoost__Top15__global__default,lead_hours,,241,0.15564110580814597,0.2373204196867059,0.15564110580814597,15.564110580814598,-0.01043809031870057,0.6036068450711642,,40.0
CatBoost__Top15__global__default,lead_hours,,242,0.16134982956853625,0.24881047580306379,0.16134982956853625,16.134982956853623,-0.0007063059736064515,0.5720932048910778,,41.0
CatBoost__Top15__global__default,lead_hours,,242,0.17626381168326996,0.2611342604119235,0.17626381168326996,17.626381168326997,-0.008477350052177647,0.48151595059315744,,42.0
CatBoost__Top15__global__default,lead_hours,,240,0.18989165682849202,0.2731031816857536,0.18989165682849202,18.9891656828492,-0.030920055605810466,0.43133100985966,,43.0
CatBoost__Top15__global__default,lead_hours,,242,0.17606330209932636,0.2504086138300379,0.17606330209932636,17.606330209932636,-0.029559000488344412,0.5061173160902446,,44.0
CatBoost__Top15__global__default,lead_hours,,242,0.17075383840606237,0.23377769751782893,0.17075383840606237,17.075383840606236,-0.005973888086589079,0.5414432236965245,,45.0
CatBoost__Top15__global__default,lead_hours,,240,0.15008636579063725,0.22037734528810496,0.15008636579063725,15.008636579063724,0.014589824062063713,0.594276657386428,,46.0
CatBoost__Top15__global__default,lead_hours,,242,0.154179042101566,0.22466775955537077,0.154179042101566,15.4179042101566,0.017768534504868178,0.5608564530770612,,47.0
CatBoost__Top15__global__default,lead_hours,,242,0.14301651785023894,0.20819913423429323,0.14301651785023894,14.301651785023894,0.025833451329548857,0.6029853629528393,,48.0
CatBoost__Top20__global__default,horizon_bucket,D1,5776,0.1448300012805525,0.21928628381009485,0.1448300012805525,14.48300012805525,0.023864601556112666,0.6349379476935733,,
CatBoost__Top20__global__default,horizon_bucket,D2,5776,0.16150632558159578,0.24171871623789348,0.16150632558159578,16.15063255815958,0.020845036428016682,0.5564278063027271,,
CatBoost__Top20__global__default,turbine_id,,5782,0.1526915100193024,0.22945782349165353,0.1526915100193024,15.26915100193024,0.020855079112886275,0.6017465272305367,turbine_1,
CatBoost__Top20__global__default,turbine_id,,5770,0.1536458081497681,0.2320878718263113,0.1536458081497681,15.364580814976811,0.023857677914319357,0.5894671001969691,turbine_2,
CatBoost__Top20__global__default,turbine_id+horizon_bucket,D1,2891,0.14439181308645962,0.21783403509333032,0.14439181308645962,14.439181308645962,0.022359950391391464,0.6410736814030489,turbine_1,
CatBoost__Top20__global__default,turbine_id+horizon_bucket,D2,2891,0.16099120695214517,0.24052051612702688,0.16099120695214517,16.099120695214516,0.01935020783438108,0.5624193730580244,turbine_1,
CatBoost__Top20__global__default,turbine_id+horizon_bucket,D1,2885,0.1452691007845811,0.22073196848859272,0.1452691007845811,14.52691007845811,0.0253723819780222,0.6286584488636873,turbine_2,
CatBoost__Top20__global__default,turbine_id+horizon_bucket,D2,2885,0.16202251551495508,0.24291347962779566,0.16202251551495508,16.202251551495507,0.02234297385061652,0.5502757515302512,turbine_2,
CatBoost__Top20__global__default,lead_hours,,242,0.13715985538893358,0.19325002110872663,0.13715985538893358,13.715985538893358,0.028565321771521,0.6370887708026887,,1.0
CatBoost__Top20__global__default,lead_hours,,242,0.14031568675115746,0.20200161391398222,0.14031568675115746,14.031568675115746,0.018760467450400577,0.6135981240182107,,2.0
CatBoost__Top20__global__default,lead_hours,,242,0.15275494576876822,0.2185564468568201,0.15275494576876822,15.275494576876822,0.026997236491600823,0.57666173043462,,3.0
CatBoost__Top20__global__default,lead_hours,,242,0.1272835837587772,0.19772526514244246,0.1272835837587772,12.728358375877722,0.03235261067835117,0.659892380494241,,4.0
CatBoost__Top20__global__default,lead_hours,,242,0.12628029138543814,0.19849498536512886,0.12628029138543814,12.628029138543814,0.036769518613856376,0.6700942695521162,,5.0
CatBoost__Top20__global__default,lead_hours,,241,0.1328859154672254,0.20505596706482174,0.1328859154672254,13.28859154672254,0.05599160010635176,0.6332193369934519,,6.0
CatBoost__Top20__global__default,lead_hours,,239,0.1473572850682246,0.22292722033701934,0.1473572850682246,14.73572850682246,0.053367270117768914,0.5490241431182947,,7.0
CatBoost__Top20__global__default,lead_hours,,239,0.16466679098611622,0.2480302296526565,0.16466679098611622,16.46667909861162,0.05066452181642906,0.4871190397142121,,8.0
CatBoost__Top20__global__default,lead_hours,,239,0.17652683127546434,0.2681227625724903,0.17652683127546434,17.652683127546435,0.07968947500737576,0.4449994711716935,,9.0
CatBoost__Top20__global__default,lead_hours,,236,0.16367483109191425,0.25772881453741175,0.16367483109191425,16.367483109191426,0.08616979252326522,0.5437255349494023,,10.0
CatBoost__Top20__global__default,lead_hours,,240,0.1460851215543318,0.23314067160641558,0.1460851215543318,14.608512155433178,0.0706590052734523,0.6513905968890787,,11.0
CatBoost__Top20__global__default,lead_hours,,240,0.13861060923362606,0.2167065215781286,0.13861060923362606,13.861060923362606,0.027206577786364095,0.69549265562594,,12.0
CatBoost__Top20__global__default,lead_hours,,240,0.12915080106706195,0.2012044440653445,0.12915080106706195,12.915080106706196,-0.0008036348680028448,0.7379915201023637,,13.0
CatBoost__Top20__global__default,lead_hours,,240,0.14002955755485216,0.2204066980313607,0.14002955755485216,14.002955755485216,0.006446764147572607,0.6747318474813918,,14.0
CatBoost__Top20__global__default,lead_hours,,239,0.1259320244627133,0.20866024653779958,0.1259320244627133,12.593202446271329,0.0023785685472338704,0.7047665094521711,,15.0
CatBoost__Top20__global__default,lead_hours,,241,0.14049877717470546,0.22687560205959514,0.14049877717470546,14.049877717470546,0.009740007571230034,0.637730709385304,,16.0
CatBoost__Top20__global__default,lead_hours,,242,0.16045263236883137,0.24851294430877272,0.16045263236883137,16.045263236883137,0.006242211751835605,0.5731159883945839,,17.0
CatBoost__Top20__global__default,lead_hours,,242,0.16734714623383448,0.24244530860388191,0.16734714623383448,16.734714623383447,-0.007188835750574157,0.5530743697357877,,18.0
CatBoost__Top20__global__default,lead_hours,,240,0.15854069728570844,0.2384516518678361,0.15854069728570844,15.854069728570844,-0.02666147978469108,0.566482435903479,,19.0
CatBoost__Top20__global__default,lead_hours,,242,0.15111587222425343,0.2101663113578566,0.15111587222425343,15.111587222425344,-0.022008264652185448,0.6521023659569947,,20.0
CatBoost__Top20__global__default,lead_hours,,242,0.15034681981813186,0.20501014205270526,0.15034681981813186,15.034681981813186,-0.0055945822762734874,0.6473550614804549,,21.0
CatBoost__Top20__global__default,lead_hours,,240,0.14107809103590754,0.1975773470371597,0.14107809103590754,14.107809103590755,0.016456994175753362,0.6738852817837939,,22.0
CatBoost__Top20__global__default,lead_hours,,242,0.1324578151910604,0.19636255674238717,0.1324578151910604,13.245781519106039,0.008700584041080948,0.6645387562260435,,23.0
CatBoost__Top20__global__default,lead_hours,,242,0.12607595019389312,0.17987111600199074,0.12607595019389312,12.607595019389311,0.02017924843074333,0.7036727855749025,,24.0
CatBoost__Top20__global__default,lead_hours,,242,0.14882877474519313,0.21314507576898278,0.14882877474519313,14.882877474519313,0.04085397836518751,0.5585191056010534,,25.0
CatBoost__Top20__global__default,lead_hours,,242,0.15718540585279217,0.22422929762658858,0.15718540585279217,15.718540585279218,0.03277280426728664,0.5238823726096715,,26.0
CatBoost__Top20__global__default,lead_hours,,242,0.16051469004154237,0.23696012494580965,0.16051469004154237,16.051469004154235,0.040447058000978996,0.5023651036236597,,27.0
CatBoost__Top20__global__default,lead_hours,,242,0.1494091911893964,0.22600249593391517,0.1494091911893964,14.940919118939641,0.033148132335975584,0.5556568398747934,,28.0
CatBoost__Top20__global__default,lead_hours,,242,0.15114721747660143,0.2327912333497083,0.15114721747660143,15.114721747660143,0.026789035929803945,0.546242284430473,,29.0
CatBoost__Top20__global__default,lead_hours,,241,0.15222203239015678,0.23201084843035655,0.15222203239015678,15.222203239015677,0.042979943508513065,0.530453948967262,,30.0
CatBoost__Top20__global__default,lead_hours,,239,0.15855185294849716,0.23631454822037662,0.15855185294849716,15.855185294849717,0.04938422778934038,0.4932333710204171,,31.0
CatBoost__Top20__global__default,lead_hours,,239,0.18181394945667126,0.2736015109373011,0.18181394945667126,18.181394945667126,0.050749757088005776,0.3759141597868588,,32.0
CatBoost__Top20__global__default,lead_hours,,239,0.1818813798869242,0.28128234179172346,0.1818813798869242,18.18813798869242,0.07001073711503003,0.3891832129845266,,33.0
CatBoost__Top20__global__default,lead_hours,,236,0.17734618222291051,0.2725106602037836,0.17734618222291051,17.73461822229105,0.07556323493010192,0.4898860455606884,,34.0
CatBoost__Top20__global__default,lead_hours,,240,0.1636178057892836,0.2584372234613299,0.1636178057892836,16.361780578928357,0.06642013880879392,0.5716358238575607,,35.0
CatBoost__Top20__global__default,lead_hours,,240,0.15806259830385058,0.24102412596727613,0.15806259830385058,15.806259830385057,0.016048165368572374,0.623318021661248,,36.0
CatBoost__Top20__global__default,lead_hours,,240,0.14081886033575114,0.22327312994479853,0.14081886033575114,14.081886033575113,-0.0062109774213798445,0.6773637725874497,,37.0
CatBoost__Top20__global__default,lead_hours,,240,0.14873910858361852,0.23040625724695613,0.14873910858361852,14.873910858361853,-0.006267553438236254,0.6445483743814061,,38.0
CatBoost__Top20__global__default,lead_hours,,239,0.14760726098993576,0.22679936062993433,0.14760726098993576,14.760726098993576,-0.017950112409333408,0.6512053292740843,,39.0
CatBoost__Top20__global__default,lead_hours,,241,0.15681621722148503,0.23765496107720055,0.15681621722148503,15.681621722148503,-0.014985940727524322,0.6024884972700271,,40.0
CatBoost__Top20__global__default,lead_hours,,242,0.1660931423978685,0.25476522991959905,0.1660931423978685,16.609314239786848,-0.0010496500195899745,0.5513660132452155,,41.0
CatBoost__Top20__global__default,lead_hours,,242,0.1744030249688649,0.26298024206802656,0.1744030249688649,17.44030249688649,-0.012590516041775057,0.47415961980465615,,42.0
CatBoost__Top20__global__default,lead_hours,,240,0.18843611147260786,0.2706425503689933,0.18843611147260786,18.843611147260788,-0.030875334210159137,0.4415321434557543,,43.0
CatBoost__Top20__global__default,lead_hours,,242,0.17783334202731804,0.24844806135379233,0.17783334202731804,17.783334202731805,-0.026659797336856996,0.5138206643152693,,44.0
CatBoost__Top20__global__default,lead_hours,,242,0.17322103737218467,0.23391188914995148,0.17322103737218467,17.322103737218466,-0.0026653073377518707,0.5409166367405528,,45.0
CatBoost__Top20__global__default,lead_hours,,240,0.1539403769271778,0.22518334887040029,0.1539403769271778,15.394037692717779,0.022978594862043122,0.5763876162567534,,46.0
CatBoost__Top20__global__default,lead_hours,,242,0.15776071580561346,0.22608779601735896,0.15776071580561346,15.776071580561347,0.020681733523096987,0.5552876023039087,,47.0
CatBoost__Top20__global__default,lead_hours,,242,0.15040445281241974,0.2159439214818226,0.15040445281241974,15.040445281241974,0.0323411748072087,0.5728989416279948,,48.0
CatBoost__Top30__global__default,horizon_bucket,D1,5776,0.14603774389614171,0.2208443449363583,0.14603774389614171,14.603774389614172,0.025793872974422958,0.629731879653614,,
CatBoost__Top30__global__default,horizon_bucket,D2,5776,0.16317275656630081,0.2434859970491923,0.16317275656630081,16.31727565663008,0.025828924507849692,0.5499179061354169,,
CatBoost__Top30__global__default,turbine_id,,5782,0.15395362124755135,0.23082409990768976,0.15395362124755135,15.395362124755135,0.023642579602141774,0.5969897115552323,turbine_1,
CatBoost__Top30__global__default,turbine_id,,5770,0.15525823442248285,0.2340500976153698,0.15525823442248285,15.525823442248285,0.02798472842253432,0.5824959163911336,turbine_2,
CatBoost__Top30__global__default,turbine_id+horizon_bucket,D1,2891,0.1455387781654073,0.21912746990241788,0.1455387781654073,14.55387781654073,0.023537548041120817,0.6367986278926687,turbine_1,
CatBoost__Top30__global__default,turbine_id+horizon_bucket,D2,2891,0.16236846432969543,0.24195595080624743,0.16236846432969543,16.236846432969543,0.023747611163162735,0.5571807952177957,turbine_1,
CatBoost__Top30__global__default,turbine_id+horizon_bucket,D1,2885,0.14653774733723474,0.22255150480016797,0.14653774733723474,14.653774733723473,0.02805489043791568,0.622511135650631,turbine_2,
CatBoost__Top30__global__default,turbine_id+horizon_bucket,D2,2885,0.16397872150773102,0.2450096408280888,0.16397872150773102,16.3978721507731,0.027914566407152973,0.5424806971316363,turbine_2,
CatBoost__Top30__global__default,lead_hours,,242,0.14055961174159953,0.19781344821679442,0.14055961174159953,14.055961174159954,0.02839257781108379,0.6197467511918414,,1.0
CatBoost__Top30__global__default,lead_hours,,242,0.13649580245855944,0.2009221037537609,0.13649580245855944,13.649580245855944,0.014979021177219935,0.6177170037804107,,2.0
CatBoost__Top30__global__default,lead_hours,,242,0.15385806307652528,0.21849106027931578,0.15385806307652528,15.385806307652528,0.024121384763713477,0.5769149968131386,,3.0
CatBoost__Top30__global__default,lead_hours,,242,0.12594891638154584,0.20002176725387133,0.12594891638154584,12.594891638154584,0.030412514110070808,0.6519460646045953,,4.0
CatBoost__Top30__global__default,lead_hours,,242,0.12609565066389833,0.1975184395228406,0.12609565066389833,12.609565066389832,0.03731135316635149,0.6733323924249234,,5.0
CatBoost__Top30__global__default,lead_hours,,241,0.13202917044814044,0.2035225833907991,0.13202917044814044,13.202917044814043,0.054065911339788324,0.6386843098124847,,6.0
CatBoost__Top30__global__default,lead_hours,,239,0.14534086391948656,0.22107851080962124,0.14534086391948656,14.534086391948655,0.053057741913981604,0.5564729093704799,,7.0
CatBoost__Top30__global__default,lead_hours,,239,0.16647792646513007,0.24731176706020103,0.16647792646513007,16.647792646513007,0.05256441639512283,0.4900860336436269,,8.0
CatBoost__Top30__global__default,lead_hours,,239,0.1760300980124475,0.26784012279210473,0.1760300980124475,17.603009801244752,0.08323817642657401,0.4461689544850318,,9.0
CatBoost__Top30__global__default,lead_hours,,236,0.16884847093907696,0.2651252736430325,0.16884847093907696,16.884847093907695,0.09337279969456436,0.517160855434879,,10.0
CatBoost__Top30__global__default,lead_hours,,240,0.1465698036284737,0.2365504264873598,0.1465698036284737,14.656980362847369,0.07631295492868823,0.6411189874010411,,11.0
CatBoost__Top30__global__default,lead_hours,,240,0.1423720521693202,0.22098832124780438,0.1423720521693202,14.23720521693202,0.034268742321390835,0.6833405486709707,,12.0
CatBoost__Top30__global__default,lead_hours,,240,0.13266803767166507,0.20492720460791022,0.13266803767166507,13.266803767166508,0.003306866390139518,0.7282062651399196,,13.0
CatBoost__Top30__global__default,lead_hours,,240,0.14164560493155587,0.22119713363267948,0.14164560493155587,14.164560493155587,0.008350874671760248,0.6723946721595615,,14.0
CatBoost__Top30__global__default,lead_hours,,239,0.13022820560594964,0.21024552989198533,0.13022820560594964,13.022820560594964,0.009381502603417708,0.7002634317869673,,15.0
CatBoost__Top30__global__default,lead_hours,,241,0.1409982401267613,0.22821940122333415,0.1409982401267613,14.099824012676129,0.013793682980900794,0.6334265101637391,,16.0
CatBoost__Top30__global__default,lead_hours,,242,0.16191916542294338,0.2495358098439683,0.16191916542294338,16.191916542294337,0.005010439936259445,0.5695946945848552,,17.0
CatBoost__Top30__global__default,lead_hours,,242,0.17010785460925956,0.24614940900161889,0.17010785460925956,17.010785460925955,-0.004216842402521406,0.539313711506145,,18.0
CatBoost__Top30__global__default,lead_hours,,240,0.16005805905977663,0.23961504893158936,0.16005805905977663,16.005805905977663,-0.02147712862980625,0.5622418830077441,,19.0
CatBoost__Top30__global__default,lead_hours,,242,0.15355334874733792,0.21097998019389125,0.15355334874733792,15.355334874733792,-0.019577745220717493,0.6494033470011678,,20.0
CatBoost__Top30__global__default,lead_hours,,242,0.14734428800693475,0.20223472392466335,0.14734428800693475,14.734428800693475,-0.002718267715456558,0.6568386128354671,,21.0
CatBoost__Top30__global__default,lead_hours,,240,0.14309001187657627,0.1997656824232332,0.14309001187657627,14.309001187657627,0.016388772780357108,0.6666212860198675,,22.0
CatBoost__Top30__global__default,lead_hours,,242,0.1344035838599933,0.20032585032977232,0.1344035838599933,13.440358385999328,0.01194328076215082,0.6508604995297808,,23.0
CatBoost__Top30__global__default,lead_hours,,242,0.12908925861095874,0.18428863227527742,0.12908925861095874,12.908925861095874,0.01938033495900538,0.6889388496014266,,24.0
CatBoost__Top30__global__default,lead_hours,,242,0.15065980469226228,0.2155151005933022,0.15065980469226228,15.06598046922623,0.04373441503100894,0.5486466011195021,,25.0
CatBoost__Top30__global__default,lead_hours,,242,0.1569738755453691,0.22387222654806593,0.1569738755453691,15.69738755453691,0.035433643076444914,0.5253975401021662,,26.0
CatBoost__Top30__global__default,lead_hours,,242,0.1600031707084603,0.23508264457812508,0.1600031707084603,16.00031707084603,0.040280596180879404,0.5102195764441845,,27.0
CatBoost__Top30__global__default,lead_hours,,242,0.1471076888351157,0.22249012306558605,0.1471076888351157,14.710768883511571,0.03655038364731868,0.5693608585662338,,28.0
CatBoost__Top30__global__default,lead_hours,,242,0.15351574229749468,0.2351579831258753,0.15351574229749468,15.351574229749469,0.03221825052391789,0.5369688234408131,,29.0
CatBoost__Top30__global__default,lead_hours,,241,0.15275290525438615,0.23329461243930588,0.15275290525438615,15.275290525438615,0.04915489036394865,0.5252433823438442,,30.0
CatBoost__Top30__global__default,lead_hours,,239,0.1580837277868265,0.23488836717233083,0.1580837277868265,15.80837277868265,0.051204876404995985,0.4993316841527885,,31.0
CatBoost__Top30__global__default,lead_hours,,239,0.18331033682648268,0.2746403594151178,0.18331033682648268,18.33103368264827,0.05545779023796683,0.371165929712413,,32.0
CatBoost__Top30__global__default,lead_hours,,239,0.18489281544272648,0.28443519192287875,0.18489281544272648,18.489281544272647,0.07677963647339428,0.37541336985322715,,33.0
CatBoost__Top30__global__default,lead_hours,,236,0.18256621708006024,0.2797895189693634,0.18256621708006024,18.256621708006023,0.08730717057181929,0.4622714498675836,,34.0
CatBoost__Top30__global__default,lead_hours,,240,0.1675366594295497,0.26539773071315875,0.1675366594295497,16.75366594295497,0.07857000931312978,0.5482507699421255,,35.0
CatBoost__Top30__global__default,lead_hours,,240,0.16014594015954753,0.243114440408312,0.16014594015954753,16.014594015954753,0.026849370003778097,0.6167560385223059,,36.0
CatBoost__Top30__global__default,lead_hours,,240,0.14567102844069885,0.22627895969192904,0.14567102844069885,14.567102844069884,0.0009021112736405527,0.6686182733038653,,37.0
CatBoost__Top30__global__default,lead_hours,,240,0.15671276756768604,0.23716531732281182,0.15671276756768604,15.671276756768604,-0.0010466592859135204,0.6233878525366221,,38.0
CatBoost__Top30__global__default,lead_hours,,239,0.15143771964758027,0.23056980613085945,0.15143771964758027,15.143771964758027,-0.01375640553504526,0.6395117964192837,,39.0
CatBoost__Top30__global__default,lead_hours,,241,0.16170084108335395,0.24247562902248848,0.16170084108335395,16.170084108335395,-0.012821886841255835,0.5861984432218481,,40.0
CatBoost__Top30__global__default,lead_hours,,242,0.16539903050048302,0.2535393590362515,0.16539903050048302,16.539903050048302,-0.002170310454097968,0.5556730702522433,,41.0
CatBoost__Top30__global__default,lead_hours,,242,0.1742308144234612,0.26301129873242857,0.1742308144234612,17.42308144234612,-0.010588117039907063,0.47403541418080797,,42.0
CatBoost__Top30__global__default,lead_hours,,240,0.19063486240327182,0.2729142794684653,0.19063486240327182,19.063486240327183,-0.024481286639924067,0.4321174209218145,,43.0
CatBoost__Top30__global__default,lead_hours,,242,0.17936080780146732,0.253095718421903,0.17936080780146732,17.93608078014673,-0.02028796244036806,0.4954608537610121,,44.0
CatBoost__Top30__global__default,lead_hours,,242,0.17005616466877102,0.23069347640086824,0.17005616466877102,17.0056164668771,0.002895747902606792,0.5534628574325178,,45.0
CatBoost__Top30__global__default,lead_hours,,240,0.15393340504173578,0.22405699933209866,0.15393340504173578,15.393340504173578,0.026187670692103395,0.5806147699755788,,46.0
CatBoost__Top30__global__default,lead_hours,,242,0.16019432649393614,0.228591490890615,0.16019432649393614,16.019432649393615,0.02731116619812812,0.5453835809809617,,47.0
CatBoost__Top30__global__default,lead_hours,,242,0.14997114993938623,0.21500811233709657,0.14997114993938623,14.997114993938624,0.03609615698502925,0.5765926695256385,,48.0
CatBoost__Top50__global__default,horizon_bucket,D1,5776,0.146198886881442,0.22148456694808297,0.146198886881442,14.6198886881442,0.023546812199495663,0.6275819726016083,,
CatBoost__Top50__global__default,horizon_bucket,D2,5776,0.16282549766336046,0.2428962119607319,0.16282549766336046,16.282549766336047,0.025779792864398403,0.5520956922499455,,
CatBoost__Top50__global__default,turbine_id,,5782,0.15392687430879376,0.23086862677862519,0.15392687430879376,15.392687430879375,0.02212215374069151,0.5968342120392269,turbine_1,
CatBoost__Top50__global__default,turbine_id,,5770,0.15509872753506643,0.23399822995040467,0.15509872753506643,15.509872753506643,0.027209736208037055,0.5826809414151002,turbine_2,
CatBoost__Top50__global__default,turbine_id+horizon_bucket,D1,2891,0.14553536765496644,0.21975903260520288,0.14553536765496644,14.553536765496645,0.020883478835773312,0.6347019943410193,turbine_1,
CatBoost__Top50__global__default,turbine_id+horizon_bucket,D2,2891,0.1623183809626211,0.24146762360557086,0.1623183809626211,16.23183809626211,0.023360828645609708,0.5589664297374344,turbine_1,
CatBoost__Top50__global__default,turbine_id+horizon_bucket,D1,2885,0.14686378604391717,0.2232003087858636,0.14686378604391717,14.686378604391717,0.02621568455808192,0.6203069422262644,turbine_2,
CatBoost__Top50__global__default,turbine_id+horizon_bucket,D2,2885,0.1633336690262157,0.24431939218518875,0.1633336690262157,16.33336690262157,0.0282037878579922,0.5450549406039361,turbine_2,
CatBoost__Top50__global__default,lead_hours,,242,0.13930331200538584,0.1982076269886278,0.13930331200538584,13.930331200538584,0.0291140840601136,0.6182297957060192,,1.0
CatBoost__Top50__global__default,lead_hours,,242,0.13527122474916373,0.1969027122503998,0.13527122474916373,13.527122474916373,0.01846984512954792,0.6328589510110594,,2.0
CatBoost__Top50__global__default,lead_hours,,242,0.15537849429993955,0.22016553130385877,0.15537849429993955,15.537849429993955,0.02759485001354408,0.5704052726939183,,3.0
CatBoost__Top50__global__default,lead_hours,,242,0.12696220505783115,0.20063754225884214,0.12696220505783115,12.696220505783115,0.031610006780888614,0.649799770053024,,4.0
CatBoost__Top50__global__default,lead_hours,,242,0.12611591303379124,0.19991412369641115,0.12611591303379124,12.611591303379125,0.03617854166714246,0.6653600895101535,,5.0
CatBoost__Top50__global__default,lead_hours,,241,0.13123802610228058,0.20322903492750835,0.13123802610228058,13.123802610228058,0.05386311168101761,0.6397258372341194,,6.0
CatBoost__Top50__global__default,lead_hours,,239,0.14421059510660628,0.21935106596816342,0.14421059510660628,14.421059510660628,0.056632006385891366,0.563377020220921,,7.0
CatBoost__Top50__global__default,lead_hours,,239,0.16446074006722444,0.24591492013118743,0.16446074006722444,16.446074006722444,0.052345221882785724,0.4958298788934078,,8.0
CatBoost__Top50__global__default,lead_hours,,239,0.17540131074801713,0.2691141623258165,0.17540131074801713,17.540131074801714,0.08191411346223942,0.44088758875468803,,9.0
CatBoost__Top50__global__default,lead_hours,,236,0.16912936723356564,0.2645546774134093,0.16912936723356564,16.912936723356566,0.09311334364217298,0.5192369285509726,,10.0
CatBoost__Top50__global__default,lead_hours,,240,0.14939914570805732,0.2386815806093164,0.14939914570805732,14.939914570805731,0.07872552756108497,0.6346233234014031,,11.0
CatBoost__Top50__global__default,lead_hours,,240,0.14293880922622557,0.22125202491471316,0.14293880922622557,14.293880922622556,0.028906280918426324,0.6825843631811653,,12.0
CatBoost__Top50__global__default,lead_hours,,240,0.13454761292351455,0.2059834243017955,0.13454761292351455,13.454761292351455,0.0005078723701317752,0.7253973291292941,,13.0
CatBoost__Top50__global__default,lead_hours,,240,0.13994305133004462,0.2209921208166494,0.13994305133004462,13.994305133004461,0.00598381936346557,0.6730016616365533,,14.0
CatBoost__Top50__global__default,lead_hours,,239,0.1321612998930844,0.21629279593201067,0.1321612998930844,13.21612998930844,0.00021509044626841909,0.6827728875188405,,15.0
CatBoost__Top50__global__default,lead_hours,,241,0.14549100471948512,0.2345309382766097,0.14549100471948512,14.549100471948512,0.007155346103960971,0.6128705478329046,,16.0
CatBoost__Top50__global__default,lead_hours,,242,0.16120721714254554,0.24989851200140986,0.16120721714254554,16.120721714254554,-0.0014038499701857616,0.5683425906427868,,17.0
CatBoost__Top50__global__default,lead_hours,,242,0.1695204077461013,0.2453394932296391,0.1695204077461013,16.95204077461013,-0.011018479405548436,0.5423403549667485,,18.0
CatBoost__Top50__global__default,lead_hours,,240,0.1605603766723002,0.23915658528833786,0.1605603766723002,16.05603766723002,-0.0281469229015046,0.5639154355049676,,19.0
CatBoost__Top50__global__default,lead_hours,,242,0.15272969106380693,0.20806954945788347,0.15272969106380693,15.272969106380692,-0.023735751644280007,0.6590094645558408,,20.0
CatBoost__Top50__global__default,lead_hours,,242,0.15210049922500019,0.20759425806084966,0.15210049922500019,15.21004992250002,-0.010176937946613361,0.6384089805385091,,21.0
CatBoost__Top50__global__default,lead_hours,,240,0.1433646894157451,0.20231766705178228,0.1433646894157451,14.336468941574509,0.012672926930009447,0.6580491265102799,,22.0
CatBoost__Top50__global__default,lead_hours,,242,0.13200622086346933,0.1991986373093974,0.13200622086346933,13.200622086346932,0.008033823161358462,0.6547785894272693,,23.0
CatBoost__Top50__global__default,lead_hours,,242,0.1261723603338756,0.18268718058199906,0.1261723603338756,12.617236033387561,0.01920110588221381,0.694321546982761,,24.0
CatBoost__Top50__global__default,lead_hours,,242,0.14990872737963765,0.21154460672877123,0.14990872737963765,14.990872737963764,0.04504723924829546,0.5651242192419834,,25.0
CatBoost__Top50__global__default,lead_hours,,242,0.1550742873226657,0.22066002207130578,0.1550742873226657,15.50742873226657,0.03821968158167975,0.538919386649505,,26.0
CatBoost__Top50__global__default,lead_hours,,242,0.1585772804671406,0.2321258511219599,0.1585772804671406,15.857728046714058,0.04397002433869341,0.5224626936419603,,27.0
CatBoost__Top50__global__default,lead_hours,,242,0.14851982754516654,0.22201660873623782,0.14851982754516654,14.851982754516655,0.036959948522776453,0.5711919224515836,,28.0
CatBoost__Top50__global__default,lead_hours,,242,0.15471131400388477,0.23330137902336429,0.15471131400388477,15.471131400388478,0.0336981907134252,0.5442513488524592,,29.0
CatBoost__Top50__global__default,lead_hours,,241,0.15242198599832793,0.23091830550601034,0.15242198599832793,15.242198599832793,0.051217767153871094,0.5348657371079916,,30.0
CatBoost__Top50__global__default,lead_hours,,239,0.16060867810332702,0.2375464957698769,0.16060867810332702,16.060867810332702,0.05554382191863698,0.48793587894630375,,31.0
CatBoost__Top50__global__default,lead_hours,,239,0.1833491154114819,0.2751905832976394,0.1833491154114819,18.33491154114819,0.059863194221334626,0.3686437503940595,,32.0
CatBoost__Top50__global__default,lead_hours,,239,0.18759504292226767,0.28837601951662023,0.18759504292226767,18.759504292226765,0.08057028526448971,0.3579862759567065,,33.0
CatBoost__Top50__global__default,lead_hours,,236,0.18272573193451286,0.2809252345353239,0.18272573193451286,18.272573193451286,0.08864273732446197,0.45789711754387163,,34.0
CatBoost__Top50__global__default,lead_hours,,240,0.17244872010795292,0.26738800221706877,0.17244872010795292,17.24487201079529,0.0787118956757455,0.5414498459294756,,35.0
CatBoost__Top50__global__default,lead_hours,,240,0.16250119386948594,0.24451988263865893,0.16250119386948594,16.250119386948594,0.02615595368850197,0.6123121712922359,,36.0
CatBoost__Top50__global__default,lead_hours,,240,0.14318969720337968,0.22434476857416294,0.14318969720337968,14.318969720337968,0.0011468353181629495,0.6742592414938327,,37.0
CatBoost__Top50__global__default,lead_hours,,240,0.15267648409662074,0.23585080611385983,0.15267648409662074,15.267648409662074,-0.0001739809467762532,0.6275510997932893,,38.0
CatBoost__Top50__global__default,lead_hours,,239,0.15318634957064817,0.23371731036125784,0.15318634957064817,15.318634957064816,-0.015406621576326985,0.6296025838706334,,39.0
CatBoost__Top50__global__default,lead_hours,,241,0.1574110192080537,0.23969743295839013,0.1574110192080537,15.74110192080537,-0.014905158514273178,0.5956264908155622,,40.0
CatBoost__Top50__global__default,lead_hours,,242,0.165112048807667,0.2503766960454005,0.165112048807667,16.5112048807667,-0.003749496391349157,0.5666890460122957,,41.0
CatBoost__Top50__global__default,lead_hours,,242,0.17495787575338054,0.2617750527224747,0.17495787575338054,17.495787575338053,-0.013164770017655283,0.4789682325659652,,42.0
CatBoost__Top50__global__default,lead_hours,,240,0.19076449918245367,0.2738188923404469,0.19076449918245367,19.076449918245366,-0.025892093196431244,0.4283465278752223,,43.0
CatBoost__Top50__global__default,lead_hours,,242,0.17713482594494012,0.24958568988918076,0.17713482594494012,17.71348259449401,-0.023424048344405236,0.5093580996353341,,44.0
CatBoost__Top50__global__default,lead_hours,,242,0.17207748853847316,0.23439483187588614,0.17207748853847316,17.207748853847317,-0.0005579764242905068,0.5390190004311675,,45.0
CatBoost__Top50__global__default,lead_hours,,240,0.15155028444029675,0.2235331070741931,0.15155028444029675,15.155028444029675,0.020257522497944172,0.582573698360638,,46.0
CatBoost__Top50__global__default,lead_hours,,242,0.15481087895025405,0.2240402663694383,0.15481087895025405,15.481087895025405,0.021852215216285092,0.5633060681646731,,47.0
CatBoost__Top50__global__default,lead_hours,,242,0.14730954082561282,0.21308266091751157,0.14730954082561282,14.730954082561281,0.03613739852435314,0.5841421508152613,,48.0
LightGBM__Full206__global__default,horizon_bucket,D1,5776,0.14481448661018673,0.21828732793694858,0.14481448661018673,14.481448661018673,0.019841933086740392,0.6382564428163642,,
LightGBM__Full206__global__default,horizon_bucket,D2,5776,0.16334331363307683,0.24189653956533588,0.16334331363307683,16.334331363307683,0.019378035958623495,0.5557749276323075,,
LightGBM__Full206__global__default,turbine_id,,5782,0.1534006612964664,0.2288067002870503,0.1534006612964664,15.34006612964664,0.01657862244477533,0.604003535980865,turbine_1,
LightGBM__Full206__global__default,turbine_id,,5770,0.15475854949548032,0.23197479109926564,0.15475854949548032,15.475854949548031,0.022647650993124938,0.589867052585164,turbine_2,
LightGBM__Full206__global__default,turbine_id+horizon_bucket,D1,2891,0.1441795581239251,0.21666851367147724,0.1441795581239251,14.41795581239251,0.016801871723931924,0.6449042780165716,turbine_1,
LightGBM__Full206__global__default,turbine_id+horizon_bucket,D2,2891,0.1626217644690077,0.24033261821044813,0.1626217644690077,16.26217644690077,0.01635537316561873,0.5631027939451583,turbine_1,
LightGBM__Full206__global__default,turbine_id+horizon_bucket,D1,2885,0.14545073557163637,0.21989755482567566,0.14545073557163637,14.545073557163638,0.022888316934185544,0.6314606420573114,turbine_2,
LightGBM__Full206__global__default,turbine_id+horizon_bucket,D2,2885,0.16406636341932423,0.24345363581755117,0.16406636341932423,16.406636341932423,0.022406985052064326,0.5482734631130166,turbine_2,
LightGBM__Full206__global__default,lead_hours,,242,0.1426022785947403,0.20481951070327598,0.1426022785947403,14.260227859474032,0.031246933968478253,0.5923345042542284,,1.0
LightGBM__Full206__global__default,lead_hours,,242,0.1426941093404544,0.20537792200443955,0.1426941093404544,14.26941093404544,0.015852904190555895,0.6005733311294528,,2.0
LightGBM__Full206__global__default,lead_hours,,242,0.15781992099672043,0.22512376176769566,0.15781992099672043,15.781992099672044,0.02687122454398648,0.5508380472333085,,3.0
LightGBM__Full206__global__default,lead_hours,,242,0.12728672821096929,0.19730389190114458,0.12728672821096929,12.728672821096929,0.03167649636390085,0.6613404457499739,,4.0
LightGBM__Full206__global__default,lead_hours,,242,0.12993618952534475,0.199021656808948,0.12993618952534475,12.993618952534474,0.04063869885675378,0.6683412536045312,,5.0
LightGBM__Full206__global__default,lead_hours,,241,0.13417442728827753,0.20537545156545034,0.13417442728827753,13.417442728827753,0.06244557062354668,0.632075531967726,,6.0
LightGBM__Full206__global__default,lead_hours,,239,0.14154841129416634,0.21802024000077622,0.14154841129416634,14.154841129416635,0.05547469952114962,0.5686590232323416,,7.0
LightGBM__Full206__global__default,lead_hours,,239,0.16304649111932878,0.2429007364217646,0.16304649111932878,16.30464911193288,0.052027533042483705,0.508113380084176,,8.0
LightGBM__Full206__global__default,lead_hours,,239,0.16935102865226997,0.2559942699373598,0.16935102865226997,16.935102865226998,0.07432164622715323,0.4940745638333526,,9.0
LightGBM__Full206__global__default,lead_hours,,236,0.16075824910082917,0.24875302832861754,0.16075824910082917,16.07582491008292,0.08577863410189625,0.5749529900593784,,10.0
LightGBM__Full206__global__default,lead_hours,,240,0.14383065846434956,0.22524622664603922,0.14383065846434956,14.383065846434956,0.07164362829435901,0.6745996171707808,,11.0
LightGBM__Full206__global__default,lead_hours,,240,0.14716288190110316,0.2223203031089635,0.14716288190110316,14.716288190110316,0.031356478618309196,0.67951178729273,,12.0
LightGBM__Full206__global__default,lead_hours,,240,0.13738518146205408,0.20745761843431995,0.13738518146205408,13.738518146205408,-0.003408928553008972,0.7214526791287497,,13.0
LightGBM__Full206__global__default,lead_hours,,240,0.13804536190268038,0.21790887143126042,0.13804536190268038,13.804536190268038,-0.0014605584322568569,0.6820624749531263,,14.0
LightGBM__Full206__global__default,lead_hours,,239,0.12287838013979441,0.20485177772048474,0.12287838013979441,12.28783801397944,-0.008590776954490025,0.7154453655828347,,15.0
LightGBM__Full206__global__default,lead_hours,,241,0.1395650105328005,0.2264924155169946,0.1395650105328005,13.956501053280048,-0.0006763189228893407,0.6389534013532973,,16.0
LightGBM__Full206__global__default,lead_hours,,242,0.1603065791491401,0.24655812064876104,0.1603065791491401,16.03065791491401,-0.004922697933734601,0.5798053856956722,,17.0
LightGBM__Full206__global__default,lead_hours,,242,0.16469169755409008,0.24060324879969774,0.16469169755409008,16.46916975540901,-0.016694212470110548,0.5598399056999017,,18.0
LightGBM__Full206__global__default,lead_hours,,240,0.15816140563603168,0.23880407568263487,0.15816140563603168,15.816140563603168,-0.034375333048393526,0.5652000391083013,,19.0
LightGBM__Full206__global__default,lead_hours,,242,0.1520631486563587,0.21240449935170497,0.1520631486563587,15.20631486563587,-0.03459369235271245,0.6446529653892645,,20.0
LightGBM__Full206__global__default,lead_hours,,242,0.1435016494793837,0.19913332726007762,0.1435016494793837,14.35016494793837,-0.018216143737512392,0.6672830989528749,,21.0
LightGBM__Full206__global__default,lead_hours,,240,0.13762012111572033,0.19134399318588807,0.13762012111572033,13.762012111572034,0.005156915535246761,0.6941378291020086,,22.0
LightGBM__Full206__global__default,lead_hours,,242,0.13112532092306053,0.195385629046183,0.13112532092306053,13.112532092306054,0.004905870962703984,0.6678683742400731,,23.0
LightGBM__Full206__global__default,lead_hours,,242,0.13048463568531135,0.1884649695679202,0.13048463568531135,13.048463568531135,0.012223122908559945,0.6746806038783923,,24.0
LightGBM__Full206__global__default,lead_hours,,242,0.15330707918879433,0.22096581900912832,0.15330707918879433,15.330707918879433,0.04402870263598138,0.5255270010695826,,25.0
LightGBM__Full206__global__default,lead_hours,,242,0.15704516367552143,0.22340562972598654,0.15704516367552143,15.704516367552143,0.03469074241620931,0.5273738212232227,,26.0
LightGBM__Full206__global__default,lead_hours,,242,0.1654004381914854,0.2400276013079481,0.1654004381914854,16.54004381914854,0.04013722262816746,0.48939782878176874,,27.0
LightGBM__Full206__global__default,lead_hours,,242,0.15182423439706144,0.2251437139566875,0.15182423439706144,15.182423439706143,0.034923342474109026,0.5590273238233263,,28.0
LightGBM__Full206__global__default,lead_hours,,242,0.1552870360278381,0.23607341542738153,0.1552870360278381,15.52870360278381,0.02947187572211014,0.5333567944029001,,29.0
LightGBM__Full206__global__default,lead_hours,,241,0.15712110375086433,0.23712297237766147,0.15712110375086433,15.712110375086432,0.05337980306908488,0.509534043088326,,30.0
LightGBM__Full206__global__default,lead_hours,,239,0.15781360098195457,0.23377479255173628,0.15781360098195457,15.781360098195456,0.05284997411557179,0.5040676354901028,,31.0
LightGBM__Full206__global__default,lead_hours,,239,0.18368947416893683,0.2721645406070159,0.18368947416893683,18.368947416893683,0.05196417494856995,0.38245241193308255,,32.0
LightGBM__Full206__global__default,lead_hours,,239,0.18116191650884328,0.27521462422816,0.18116191650884328,18.11619165088433,0.07189254022703695,0.4152516014590554,,33.0
LightGBM__Full206__global__default,lead_hours,,236,0.17430677100200323,0.26600573471405503,0.17430677100200323,17.430677100200324,0.0757451762490818,0.5139485855366783,,34.0
LightGBM__Full206__global__default,lead_hours,,240,0.1675923175932764,0.25456326337040464,0.1675923175932764,16.75923175932764,0.06809061880469433,0.5843818830335388,,35.0
LightGBM__Full206__global__default,lead_hours,,240,0.16029200886199177,0.23627633982117244,0.16029200886199177,16.029200886199177,0.021246311001442208,0.6380119127468327,,36.0
LightGBM__Full206__global__default,lead_hours,,240,0.14483774052599244,0.2205966620163391,0.14483774052599244,14.483774052599244,-0.008851689520889543,0.6850525598192889,,37.0
LightGBM__Full206__global__default,lead_hours,,240,0.15316290988387987,0.23149239919646838,0.15316290988387987,15.316290988387987,-0.012333418803040093,0.6411892564378732,,38.0
LightGBM__Full206__global__default,lead_hours,,239,0.1521319957407722,0.23300243319929867,0.1521319957407722,15.21319957407722,-0.028093669532002423,0.6318650067548486,,39.0
LightGBM__Full206__global__default,lead_hours,,241,0.1652574254836798,0.2474619554423624,0.1652574254836798,16.52574254836798,-0.026639975362207347,0.5690044245940065,,40.0
LightGBM__Full206__global__default,lead_hours,,242,0.17188301374472195,0.2582925110872273,0.17188301374472195,17.188301374472196,-0.0117067196959616,0.5388571402269036,,41.0
LightGBM__Full206__global__default,lead_hours,,242,0.17718701230140887,0.26670066173139084,0.17718701230140887,17.718701230140887,-0.018057266450030137,0.45917609681058114,,42.0
LightGBM__Full206__global__default,lead_hours,,240,0.19334735913682774,0.2758058996853767,0.19334735913682774,19.334735913682774,-0.031045078045478278,0.420019849043335,,43.0
LightGBM__Full206__global__default,lead_hours,,242,0.17496186731820962,0.24874296542562405,0.17496186731820962,17.496186731820963,-0.028231346016757433,0.5126658043604277,,44.0
LightGBM__Full206__global__default,lead_hours,,242,0.16975979116435305,0.2302014572318639,0.16975979116435305,16.975979116435305,-0.010200864482936516,0.5553655600650437,,45.0
LightGBM__Full206__global__default,lead_hours,,240,0.1521031576651241,0.21943532129303983,0.1521031576651241,15.21031576651241,0.01185030675914126,0.5977378502418957,,46.0
LightGBM__Full206__global__default,lead_hours,,242,0.15325896298852135,0.2225400490961011,0.15325896298852135,15.325896298852134,0.022458323098828774,0.5691348625316088,,47.0
LightGBM__Full206__global__default,lead_hours,,242,0.14795464717493761,0.2140723417083822,0.14795464717493761,14.795464717493761,0.029176780461257382,0.5802702045818103,,48.0
LightGBM__Full_No_Performance__global__default,horizon_bucket,D1,5776,0.1468438061884018,0.2221194177043267,0.1468438061884018,14.684380618840178,0.028251263781456034,0.6254439571709978,,
LightGBM__Full_No_Performance__global__default,horizon_bucket,D2,5776,0.16313312986490985,0.24404110865736878,0.16313312986490985,16.313312986490985,0.022434031934048648,0.5478633271989246,,
LightGBM__Full_No_Performance__global__default,turbine_id,,5782,0.15398762250006873,0.2314579552712404,0.15398762250006873,15.398762250006873,0.022716971059689853,0.5947732967785936,turbine_1,
LightGBM__Full_No_Performance__global__default,turbine_id,,5770,0.15599139503440743,0.23520656998656264,0.15599139503440743,15.599139503440743,0.027973785335464182,0.578359837743045,turbine_2,
LightGBM__Full_No_Performance__global__default,turbine_id+horizon_bucket,D1,2891,0.14588588175641767,0.22012355706686407,0.14588588175641767,14.588588175641767,0.025606259161011266,0.6334891158836463,turbine_1,
LightGBM__Full_No_Performance__global__default,turbine_id+horizon_bucket,D2,2891,0.1620893632437198,0.24226264619399768,0.1620893632437198,16.20893632437198,0.019827682958368436,0.5560574776735407,turbine_1,
LightGBM__Full_No_Performance__global__default,turbine_id+horizon_bucket,D1,2885,0.14780372283757554,0.22410159915808492,0.14780372283757554,14.780372283757554,0.030901769278061174,0.6172343243212085,turbine_2,
LightGBM__Full_No_Performance__global__default,turbine_id+horizon_bucket,D2,2885,0.16417906723123932,0.24581036264664802,0.16417906723123932,16.41790672312393,0.025045801392867186,0.5394853511648816,turbine_2,
LightGBM__Full_No_Performance__global__default,lead_hours,,242,0.1475434385801981,0.21080523855838998,0.1475434385801981,14.75434385801981,0.047255799942574846,0.568158769929342,,1.0
LightGBM__Full_No_Performance__global__default,lead_hours,,242,0.1490208942302994,0.2118091175489683,0.1490208942302994,14.90208942302994,0.027609989711537414,0.5751664081827557,,2.0
LightGBM__Full_No_Performance__global__default,lead_hours,,242,0.16299121551498041,0.23053801481128497,0.16299121551498041,16.29912155149804,0.03641294861404025,0.5289734523226444,,3.0
LightGBM__Full_No_Performance__global__default,lead_hours,,242,0.1351876049174451,0.20753922714627673,0.1351876049174451,13.51876049174451,0.041380096386050585,0.625292471629088,,4.0
LightGBM__Full_No_Performance__global__default,lead_hours,,242,0.1406683472611117,0.21431718954543053,0.1406683472611117,14.06683472611117,0.047550551805134164,0.615403975033489,,5.0
LightGBM__Full_No_Performance__global__default,lead_hours,,241,0.14052077440557398,0.21904374008140062,0.14052077440557398,14.052077440557397,0.0665762048656502,0.5814731734476415,,6.0
LightGBM__Full_No_Performance__global__default,lead_hours,,239,0.14955997396604173,0.2322088127136088,0.14955997396604173,14.955997396604173,0.06646079237878307,0.5106895549468914,,7.0
LightGBM__Full_No_Performance__global__default,lead_hours,,239,0.16966776988207932,0.2557370272544468,0.16966776988207932,16.966776988207933,0.061641348273896036,0.4547513847228024,,8.0
LightGBM__Full_No_Performance__global__default,lead_hours,,239,0.17343273324539005,0.26348354601601315,0.17343273324539005,17.343273324539005,0.0713009235732312,0.4640392017138719,,9.0
LightGBM__Full_No_Performance__global__default,lead_hours,,236,0.14872328778752125,0.23283391723629285,0.14872328778752125,14.872328778752125,0.06634550807752647,0.6276145514649238,,10.0
LightGBM__Full_No_Performance__global__default,lead_hours,,240,0.1333416472571874,0.2128488676461484,0.1333416472571874,13.33416472571874,0.0522875853524452,0.7094333950726468,,11.0
LightGBM__Full_No_Performance__global__default,lead_hours,,240,0.14229416961225283,0.2169578957170279,0.14229416961225283,14.229416961225283,0.02115183312002101,0.6947858041087642,,12.0
LightGBM__Full_No_Performance__global__default,lead_hours,,240,0.13298729214448937,0.2070509429341785,0.13298729214448937,13.298729214448937,-0.007380978402109785,0.7225436715260292,,13.0
LightGBM__Full_No_Performance__global__default,lead_hours,,240,0.14219676558538508,0.22711303878744274,0.14219676558538508,14.219676558538508,-0.003602112006420092,0.6546367657685541,,14.0
LightGBM__Full_No_Performance__global__default,lead_hours,,239,0.12446555540840283,0.20854076609826205,0.12446555540840283,12.446555540840283,-0.007739643021592863,0.7051045185223459,,15.0
LightGBM__Full_No_Performance__global__default,lead_hours,,241,0.1396098118961609,0.2257510848002035,0.1396098118961609,13.96098118961609,0.0068368473379423565,0.6413130115276893,,16.0
LightGBM__Full_No_Performance__global__default,lead_hours,,242,0.15769809475518537,0.24707994709353853,0.15769809475518537,15.769809475518537,0.004981923295728522,0.5780248667978428,,17.0
LightGBM__Full_No_Performance__global__default,lead_hours,,242,0.16645334997347289,0.24154336558941936,0.16645334997347289,16.645334997347287,0.006274035862579051,0.556393482365287,,18.0
LightGBM__Full_No_Performance__global__default,lead_hours,,240,0.15897344969087296,0.23867737822946544,0.15897344969087296,15.897344969087296,-0.011129194184309518,0.5656612827788672,,19.0
LightGBM__Full_No_Performance__global__default,lead_hours,,242,0.15831361792986096,0.2165379890223217,0.15831361792986096,15.831361792986096,-0.007567125816341662,0.6306879571950696,,20.0
LightGBM__Full_No_Performance__global__default,lead_hours,,242,0.15092498051424394,0.20896599558645823,0.15092498051424394,15.092498051424394,0.0074579515782115325,0.6336145634756765,,21.0
LightGBM__Full_No_Performance__global__default,lead_hours,,240,0.145030230572872,0.2049102113829012,0.145030230572872,14.503023057287201,0.028161482792383605,0.6492293050544127,,22.0
LightGBM__Full_No_Performance__global__default,lead_hours,,242,0.13094176071872274,0.19820210484564524,0.13094176071872274,13.094176071872274,0.021410926018478615,0.6582240328391226,,23.0
LightGBM__Full_No_Performance__global__default,lead_hours,,242,0.12384711871416518,0.1808366201843619,0.12384711871416518,12.384711871416517,0.03559814411115397,0.7004830234546864,,24.0
LightGBM__Full_No_Performance__global__default,lead_hours,,242,0.15036086186333242,0.21551812269494833,0.15036086186333242,15.036086186333241,0.05884046710179039,0.5486339426523256,,25.0
LightGBM__Full_No_Performance__global__default,lead_hours,,242,0.15825651132356813,0.2258077741883879,0.15825651132356813,15.825651132356814,0.04001930520044849,0.5171554570605006,,26.0
LightGBM__Full_No_Performance__global__default,lead_hours,,242,0.16802988731809423,0.24485130508665362,0.16802988731809423,16.802988731809425,0.0425606586727616,0.46866902652024833,,27.0
LightGBM__Full_No_Performance__global__default,lead_hours,,242,0.15150175518934172,0.22357566377139632,0.15150175518934172,15.150175518934173,0.03593864100843471,0.565148386286271,,28.0
LightGBM__Full_No_Performance__global__default,lead_hours,,242,0.15662341884559358,0.2382492213484879,0.15662341884559358,15.662341884559359,0.034565794059229306,0.5247153809215832,,29.0
LightGBM__Full_No_Performance__global__default,lead_hours,,241,0.1586886010347896,0.23844683737606218,0.1586886010347896,15.86886010347896,0.05295653494474108,0.5040421814792964,,30.0
LightGBM__Full_No_Performance__global__default,lead_hours,,239,0.16337724149153054,0.24059786394776234,0.16337724149153054,16.337724149153054,0.057884736489850284,0.4746960998036528,,31.0
LightGBM__Full_No_Performance__global__default,lead_hours,,239,0.19207798604476092,0.2823656804939616,0.19207798604476092,19.207798604476093,0.05794385707477676,0.33529160049765017,,32.0
LightGBM__Full_No_Performance__global__default,lead_hours,,239,0.1819864685682746,0.2784017079864266,0.1819864685682746,18.19864685682746,0.06130173612333088,0.4016299928689563,,33.0
LightGBM__Full_No_Performance__global__default,lead_hours,,236,0.16564709472727362,0.2621935704559213,0.16564709472727362,16.564709472727362,0.0583840687199969,0.527780097064922,,34.0
LightGBM__Full_No_Performance__global__default,lead_hours,,240,0.15819939389718526,0.24691564709983893,0.15819939389718526,15.819939389718526,0.04814219844871525,0.6089788621819634,,35.0
LightGBM__Full_No_Performance__global__default,lead_hours,,240,0.16225883664096596,0.23974340874324368,0.16225883664096596,16.225883664096596,0.00922246209620775,0.6273104965438943,,36.0
LightGBM__Full_No_Performance__global__default,lead_hours,,240,0.1461519765055765,0.22767162320444767,0.1461519765055765,14.615197650557649,-0.020491537773075292,0.6645266562025638,,37.0
LightGBM__Full_No_Performance__global__default,lead_hours,,240,0.1508677024675957,0.23793434567968208,0.1508677024675957,15.08677024675957,-0.02221899412772342,0.6209414999963032,,38.0
LightGBM__Full_No_Performance__global__default,lead_hours,,239,0.14695260751403794,0.22870213851961646,0.14695260751403794,14.695260751403794,-0.027569355910693462,0.6453282155329025,,39.0
LightGBM__Full_No_Performance__global__default,lead_hours,,241,0.154991499205744,0.2360040067596826,0.154991499205744,15.499149920574402,-0.020300330457052145,0.6079922225970334,,40.0
LightGBM__Full_No_Performance__global__default,lead_hours,,242,0.170663130251927,0.26167033115620364,0.170663130251927,17.0663130251927,-0.001823036478614799,0.5267170844990541,,41.0
LightGBM__Full_No_Performance__global__default,lead_hours,,242,0.17807022424016325,0.27134321507946485,0.17807022424016325,17.807022424016324,-0.001802779363400986,0.44018359012578434,,42.0
LightGBM__Full_No_Performance__global__default,lead_hours,,240,0.19028466767884897,0.2764520550614349,0.19028466767884897,19.028466767884897,-0.02111072009348435,0.41729912202593966,,43.0
LightGBM__Full_No_Performance__global__default,lead_hours,,242,0.1844845442638455,0.2574036279493815,0.1844845442638455,18.44845442638455,-0.01321647105872277,0.47813929244303977,,44.0
LightGBM__Full_No_Performance__global__default,lead_hours,,242,0.1723995782902118,0.2411222500652547,0.1723995782902118,17.23995782902118,0.0072909656206176345,0.5121778263035597,,45.0
LightGBM__Full_No_Performance__global__default,lead_hours,,240,0.1523756788515408,0.2237859252378339,0.1523756788515408,15.23756788515408,0.02729373305175736,0.5816289378119599,,46.0
LightGBM__Full_No_Performance__global__default,lead_hours,,242,0.15667887897126334,0.22618787796539008,0.15667887897126334,15.667887897126334,0.03120538537190874,0.5548937948102348,,47.0
LightGBM__Full_No_Performance__global__default,lead_hours,,242,0.14451765395198418,0.21436929303828675,0.14451765395198418,14.451765395198418,0.044041715461709326,0.579104937112616,,48.0
LightGBM__Top10__global__default,horizon_bucket,D1,5776,0.14782785096466064,0.22338070776852706,0.14782785096466064,14.782785096466064,0.01878743228654707,0.6211780975400254,,
LightGBM__Top10__global__default,horizon_bucket,D2,5776,0.16460167802580558,0.2449561825946805,0.16460167802580558,16.460167802580557,0.015514000475671023,0.5444662423444708,,
LightGBM__Top10__global__default,turbine_id,,5782,0.15567052066584786,0.23298276990902403,0.15567052066584786,15.567052066584786,0.014568963258397665,0.5894165492383181,turbine_1,
LightGBM__Top10__global__default,turbine_id,,5770,0.15676014020086665,0.23584506542478828,0.15676014020086665,15.676014020086665,0.019737838834404928,0.5760675486437123,turbine_2,
LightGBM__Top10__global__default,turbine_id+horizon_bucket,D1,2891,0.14739796802539137,0.22188154088763942,0.14739796802539137,14.739796802539137,0.01616176930585651,0.6276115705955267,turbine_1,
LightGBM__Top10__global__default,turbine_id+horizon_bucket,D2,2891,0.16394307330630437,0.24357857861948629,0.16394307330630437,16.394307330630436,0.01297615721093882,0.5512215278811095,turbine_1,
LightGBM__Top10__global__default,turbine_id+horizon_bucket,D1,2885,0.14825862794123862,0.22487296698622475,0.14825862794123862,14.825862794123863,0.02141855591815068,0.614594795943471,turbine_2,
LightGBM__Top10__global__default,turbine_id+horizon_bucket,D2,2885,0.16526165246049465,0.2463289233712874,0.16526165246049465,16.526165246049466,0.018057121750659173,0.5375403013439539,turbine_2,
LightGBM__Top10__global__default,lead_hours,,242,0.15310117439996385,0.21460497132071157,0.15310117439996385,15.310117439996384,0.02364819471117022,0.5524507201620779,,1.0
LightGBM__Top10__global__default,lead_hours,,242,0.1409640380945236,0.20719976716537095,0.1409640380945236,14.09640380945236,0.01373903278001272,0.5934555152426482,,2.0
LightGBM__Top10__global__default,lead_hours,,242,0.16088971635278268,0.23027812571332243,0.16088971635278268,16.088971635278266,0.028039812255436797,0.5300348448631549,,3.0
LightGBM__Top10__global__default,lead_hours,,242,0.12986364693956526,0.20516922260402834,0.12986364693956526,12.986364693956526,0.02902635057393911,0.633801590044958,,4.0
LightGBM__Top10__global__default,lead_hours,,242,0.1300197396206139,0.20111412962916184,0.1300197396206139,13.001973962061388,0.03671084972900952,0.6613306082151826,,5.0
LightGBM__Top10__global__default,lead_hours,,241,0.13578589099012903,0.2096241293900064,0.13578589099012903,13.578589099012902,0.058411196968004314,0.6166952936090302,,6.0
LightGBM__Top10__global__default,lead_hours,,239,0.14418243595998148,0.22127199938142328,0.14418243595998148,14.418243595998149,0.057520311850082245,0.5556962171733107,,7.0
LightGBM__Top10__global__default,lead_hours,,239,0.1687750434255237,0.2510535904949641,0.1687750434255237,16.87750434255237,0.06135623624093846,0.47453932417058675,,8.0
LightGBM__Top10__global__default,lead_hours,,239,0.17602007740535186,0.26805730530792266,0.17602007740535186,17.602007740535186,0.08485608084892225,0.44527042453346277,,9.0
LightGBM__Top10__global__default,lead_hours,,236,0.16076238786498404,0.249422531103188,0.16076238786498404,16.076238786498404,0.08592374007342608,0.5726619377210582,,10.0
LightGBM__Top10__global__default,lead_hours,,240,0.14131026142877526,0.21905252699459563,0.14131026142877526,14.131026142877525,0.06944959614414309,0.6922489481380764,,11.0
LightGBM__Top10__global__default,lead_hours,,240,0.1466061057110038,0.224056329629558,0.1466061057110038,14.66061057110038,0.031353853262899786,0.6744870701776441,,12.0
LightGBM__Top10__global__default,lead_hours,,240,0.13531244539125709,0.2132891671278567,0.13531244539125709,13.531244539125709,0.00035774461021742716,0.705572882989492,,13.0
LightGBM__Top10__global__default,lead_hours,,240,0.1455287593253266,0.22716189982531793,0.1455287593253266,14.552875932532661,-0.0013263216275489838,0.6544881470773578,,14.0
LightGBM__Top10__global__default,lead_hours,,239,0.12256489091390568,0.207041469519194,0.12256489091390568,12.256489091390568,-0.009971774289031019,0.7093295574428472,,15.0
LightGBM__Top10__global__default,lead_hours,,241,0.14554908171804654,0.2338148340243297,0.14554908171804654,14.554908171804653,-0.00305246253624267,0.6152310194775501,,16.0
LightGBM__Top10__global__default,lead_hours,,242,0.16343451702129122,0.2493550086771989,0.16343451702129122,16.343451702129123,-0.009945541307685685,0.570218168947235,,17.0
LightGBM__Top10__global__default,lead_hours,,242,0.16754772541333846,0.24720273354385053,0.16754772541333846,16.754772541333846,-0.022871222414418853,0.535362530608115,,18.0
LightGBM__Top10__global__default,lead_hours,,240,0.16232208153368688,0.24433144883291866,0.16232208153368688,16.23220815336869,-0.03732156933557007,0.5448392885398088,,19.0
LightGBM__Top10__global__default,lead_hours,,242,0.1576838078852318,0.21736434022517842,0.1576838078852318,15.768380788523181,-0.03732651044490764,0.6278638451937204,,20.0
LightGBM__Top10__global__default,lead_hours,,242,0.14701544676833225,0.20425451892528068,0.14701544676833225,14.701544676833226,-0.02044965157148836,0.649949817030963,,21.0
LightGBM__Top10__global__default,lead_hours,,240,0.14183306780744875,0.20042987275784876,0.14183306780744875,14.183306780744875,0.001697127039699294,0.6644007341991645,,22.0
LightGBM__Top10__global__default,lead_hours,,242,0.13919237420702138,0.20549529663913638,0.13919237420702138,13.919237420702139,-4.3769404263737477e-05,0.632608783655362,,23.0
LightGBM__Top10__global__default,lead_hours,,242,0.1319998675297131,0.19092844988645408,0.1319998675297131,13.19998675297131,0.013924536694944147,0.6661203317533873,,24.0
LightGBM__Top10__global__default,lead_hours,,242,0.1574222658983265,0.22370668903695906,0.1574222658983265,15.74222658983265,0.04534893887082089,0.5136832293519764,,25.0
LightGBM__Top10__global__default,lead_hours,,242,0.15989071263762125,0.22502860390552754,0.15989071263762125,15.989071263762126,0.03524120293015005,0.5204819061432555,,26.0
LightGBM__Top10__global__default,lead_hours,,242,0.16736265934534353,0.24454668062445906,0.16736265934534353,16.73626593453435,0.04093810690795151,0.469990283334199,,27.0
LightGBM__Top10__global__default,lead_hours,,242,0.1521548517240778,0.22698070959168065,0.1521548517240778,15.21548517240778,0.030824332538812112,0.5518019866095122,,28.0
LightGBM__Top10__global__default,lead_hours,,242,0.15682068099302013,0.23793293429476356,0.15682068099302013,15.682068099302013,0.02759119957836777,0.5259764686878468,,29.0
LightGBM__Top10__global__default,lead_hours,,241,0.15374095373022897,0.23342107066243944,0.15374095373022897,15.374095373022897,0.046833289551613505,0.5247285556252177,,30.0
LightGBM__Top10__global__default,lead_hours,,239,0.16319499684563285,0.2406670266630273,0.16319499684563285,16.319499684563286,0.05444423429186227,0.4743940466978328,,31.0
LightGBM__Top10__global__default,lead_hours,,239,0.19078681383655788,0.2797936112528659,0.19078681383655788,19.078681383655788,0.05829766683598951,0.34734610588533543,,32.0
LightGBM__Top10__global__default,lead_hours,,239,0.18532674162703183,0.2811119806657927,0.18532674162703183,18.532674162703184,0.0753559372595668,0.38992288204909886,,33.0
LightGBM__Top10__global__default,lead_hours,,236,0.17457172889652142,0.2667370750932999,0.17457172889652142,17.457172889652142,0.07949179033014607,0.5112722697129632,,34.0
LightGBM__Top10__global__default,lead_hours,,240,0.16452576503077848,0.252398578951375,0.16452576503077848,16.452576503077847,0.06415921960349488,0.5914202656886547,,35.0
LightGBM__Top10__global__default,lead_hours,,240,0.15988114588693536,0.23821907778267018,0.15988114588693536,15.988114588693536,0.018424203473846195,0.6320346814951183,,36.0
LightGBM__Top10__global__default,lead_hours,,240,0.1442521213104184,0.22430536820612368,0.1442521213104184,14.425212131041839,-0.011611954872650272,0.6743736473598114,,37.0
LightGBM__Top10__global__default,lead_hours,,240,0.15194732482736806,0.23586690146908676,0.15194732482736806,15.194732482736805,-0.01695636777878739,0.6275002634022508,,38.0
LightGBM__Top10__global__default,lead_hours,,239,0.1496458728179311,0.2322523895921178,0.1496458728179311,14.96458728179311,-0.03048795224559976,0.6342312728790873,,39.0
LightGBM__Top10__global__default,lead_hours,,241,0.15921936064223466,0.2426484004005827,0.15921936064223466,15.921936064223466,-0.03272147787002421,0.5856085403436129,,40.0
LightGBM__Top10__global__default,lead_hours,,242,0.17115670664050917,0.26295805422762847,0.17115670664050917,17.115670664050917,-0.02293729184580568,0.5220474152463693,,41.0
LightGBM__Top10__global__default,lead_hours,,242,0.17988344879352677,0.2707121696984384,0.17988344879352677,17.988344879352677,-0.033543231164904486,0.4427844200118556,,42.0
LightGBM__Top10__global__default,lead_hours,,240,0.19624500822634935,0.2824751024866571,0.19624500822634935,19.624500822634936,-0.04752782158667624,0.3916319795233788,,43.0
LightGBM__Top10__global__default,lead_hours,,242,0.1796738655287133,0.25417399504644234,0.1796738655287133,17.967386552871332,-0.04160136894669908,0.49115266825510107,,44.0
LightGBM__Top10__global__default,lead_hours,,242,0.16734896618036268,0.23324040802393187,0.16734896618036268,16.73489661803627,-0.01965784201491998,0.5435485965942862,,45.0
LightGBM__Top10__global__default,lead_hours,,240,0.1558698731013188,0.22355154809161734,0.1558698731013188,15.58698731013188,0.00829317137883055,0.5825048219125138,,46.0
LightGBM__Top10__global__default,lead_hours,,242,0.16021334755150027,0.2316909125848479,0.16021334755150027,16.021334755150026,0.01528896592074098,0.5329719162083664,,47.0
LightGBM__Top10__global__default,lead_hours,,242,0.14974077436137873,0.21697372438706145,0.14974077436137873,14.974077436137872,0.030902800341476862,0.5688156717877171,,48.0
LightGBM__Top15__global__default,horizon_bucket,D1,5776,0.14233740145611232,0.21664194720905092,0.14233740145611232,14.233740145611232,0.013520525586321046,0.643689306431117,,
LightGBM__Top15__global__default,horizon_bucket,D2,5776,0.15875141754754044,0.23907381883944623,0.15875141754754044,15.875141754754043,0.007913336230132498,0.5660818731355253,,
LightGBM__Top15__global__default,turbine_id,,5782,0.1500577075937348,0.22678691342189922,0.1500577075937348,15.00577075937348,0.008058403342839658,0.6109639809355454,turbine_1,
LightGBM__Top15__global__default,turbine_id,,5770,0.15103212361492613,0.2294754764855187,0.15103212361492613,15.103212361492613,0.01338098747374987,0.5986570531950779,turbine_2,
LightGBM__Top15__global__default,turbine_id+horizon_bucket,D1,2891,0.14183651361897348,0.2151638943176868,0.14183651361897348,14.183651361897349,0.010861177008466602,0.6498189632450857,turbine_1,
LightGBM__Top15__global__default,turbine_id+horizon_bucket,D2,2891,0.15827890156849608,0.23784260926274617,0.15827890156849608,15.827890156849609,0.005255629677212709,0.572108998626005,turbine_1,
LightGBM__Top15__global__default,turbine_id+horizon_bucket,D1,2885,0.142839331001058,0.21811302691132714,0.142839331001058,14.2839331001058,0.016185404871789752,0.6374179633440338,turbine_2,
LightGBM__Top15__global__default,turbine_id+horizon_bucket,D2,2885,0.15922491622879423,0.24030126114544292,0.15922491622879423,15.922491622879424,0.010576570075710003,0.559896143046122,turbine_2,
LightGBM__Top15__global__default,lead_hours,,242,0.13752213846381964,0.19818646220361844,0.13752213846381964,13.752213846381963,0.016104463004267006,0.6183113228704412,,1.0
LightGBM__Top15__global__default,lead_hours,,242,0.13288200592471663,0.199555823738192,0.13288200592471663,13.288200592471663,0.003122977229522027,0.6228984124614828,,2.0
LightGBM__Top15__global__default,lead_hours,,242,0.14618157052890465,0.21649519867095884,0.14618157052890465,14.618157052890465,0.012480689668875227,0.5846092460363188,,3.0
LightGBM__Top15__global__default,lead_hours,,242,0.12376036951535146,0.1949235234335595,0.12376036951535146,12.376036951535147,0.01478379561381419,0.6694626547985371,,4.0
LightGBM__Top15__global__default,lead_hours,,242,0.12246677548751457,0.19354236824243679,0.12246677548751457,12.246677548751457,0.02848733381070528,0.6863517403997559,,5.0
LightGBM__Top15__global__default,lead_hours,,241,0.13187183521029308,0.20469622868686374,0.13187183521029308,13.187183521029308,0.051548316510151106,0.6345051258855122,,6.0
LightGBM__Top15__global__default,lead_hours,,239,0.14426314527930625,0.22014349416953982,0.14426314527930625,14.426314527930625,0.050746555086817295,0.5602166313944819,,7.0
LightGBM__Top15__global__default,lead_hours,,239,0.16362378656386184,0.24347595198083705,0.16362378656386184,16.362378656386184,0.046199548371076184,0.5057809387857221,,8.0
LightGBM__Top15__global__default,lead_hours,,239,0.16952825933239785,0.2568880657936677,0.16952825933239785,16.952825933239783,0.0642670774488984,0.49053555126757875,,9.0
LightGBM__Top15__global__default,lead_hours,,236,0.15359848310858842,0.23931538787883908,0.15359848310858842,15.359848310858842,0.07327340947080765,0.6065935634119362,,10.0
LightGBM__Top15__global__default,lead_hours,,240,0.1320627493806595,0.2127651221686968,0.1320627493806595,13.20627493806595,0.0573816196273325,0.709661997200437,,11.0
LightGBM__Top15__global__default,lead_hours,,240,0.14226471800272783,0.21901102584128157,0.14226471800272783,14.226471800272783,0.02384469403003954,0.6889818253299579,,12.0
LightGBM__Top15__global__default,lead_hours,,240,0.12959477987913468,0.2015185824810351,0.12959477987913468,12.959477987913468,-0.0052527884906027385,0.7371727391690386,,13.0
LightGBM__Top15__global__default,lead_hours,,240,0.13741978025810922,0.2170993939057027,0.13741978025810922,13.741978025810923,-0.0026205011738176668,0.6844202060443243,,14.0
LightGBM__Top15__global__default,lead_hours,,239,0.12181361162522504,0.20433867605543035,0.12181361162522504,12.181361162522505,-0.005651500594696077,0.716869054506126,,15.0
LightGBM__Top15__global__default,lead_hours,,241,0.14143595078171017,0.2281860454836034,0.14143595078171017,14.143595078171018,0.0044049287747199885,0.6335336565001328,,16.0
LightGBM__Top15__global__default,lead_hours,,242,0.1642213678716488,0.24988219393897623,0.1642213678716488,16.422136787164877,-0.0018249491322844455,0.5683989621875656,,17.0
LightGBM__Top15__global__default,lead_hours,,242,0.165805542535485,0.2448297557414273,0.165805542535485,16.5805542535485,-0.013282004416167312,0.5442401219180737,,18.0
LightGBM__Top15__global__default,lead_hours,,240,0.15898380132715176,0.24095978031327353,0.15898380132715176,15.898380132715175,-0.03481810073972751,0.5573146558209445,,19.0
LightGBM__Top15__global__default,lead_hours,,242,0.1543651059619781,0.2145494377353435,0.1543651059619781,15.436510596197811,-0.03318420567411339,0.6374398793102709,,20.0
LightGBM__Top15__global__default,lead_hours,,242,0.14717766279725944,0.20324603537981292,0.14717766279725944,14.717766279725945,-0.01879189706001822,0.6533979498185234,,21.0
LightGBM__Top15__global__default,lead_hours,,240,0.1416793339454618,0.20033124970352695,0.1416793339454618,14.16793339454618,-0.00224322079863624,0.6647309213229405,,22.0
LightGBM__Top15__global__default,lead_hours,,242,0.1296041889756772,0.1953795639257719,0.1296041889756772,12.960418897567719,-0.0038419650739860275,0.6678889938429253,,23.0
LightGBM__Top15__global__default,lead_hours,,242,0.1244739720741617,0.1782355762110356,0.1244739720741617,12.44739720741617,0.0018467903522527559,0.7090371988882663,,24.0
LightGBM__Top15__global__default,lead_hours,,242,0.14533202312338186,0.20811872947894336,0.14533202312338186,14.533202312338187,0.026072800721928982,0.579095432863918,,25.0
LightGBM__Top15__global__default,lead_hours,,242,0.14819356902327946,0.21645273869795906,0.14819356902327946,14.819356902327947,0.014064466477754117,0.556334439503733,,26.0
LightGBM__Top15__global__default,lead_hours,,242,0.15145182811071456,0.22932216943602704,0.15145182811071456,15.145182811071455,0.017812814987516575,0.5339286894641788,,27.0
LightGBM__Top15__global__default,lead_hours,,242,0.14066739108013065,0.21568168591171527,0.14066739108013065,14.066739108013065,0.012478877756720247,0.5953136390899001,,28.0
LightGBM__Top15__global__default,lead_hours,,242,0.15165921249954978,0.23284870087496307,0.15165921249954978,15.165921249954978,0.014155973834878878,0.5460182248622176,,29.0
LightGBM__Top15__global__default,lead_hours,,241,0.15164489955377677,0.23447091480439497,0.15164489955377677,15.164489955377677,0.032055934351605656,0.5204437409437269,,30.0
LightGBM__Top15__global__default,lead_hours,,239,0.15533890812987441,0.2337655277328578,0.15533890812987441,15.533890812987442,0.03749099680164202,0.5041069436844154,,31.0
LightGBM__Top15__global__default,lead_hours,,239,0.18071629751789267,0.27255456417436547,0.18071629751789267,18.071629751789267,0.034827659163861345,0.38068119888071816,,32.0
LightGBM__Top15__global__default,lead_hours,,239,0.17846143670829695,0.2746964881620063,0.17846143670829695,17.846143670829694,0.051892910550089294,0.4174512958396809,,33.0
LightGBM__Top15__global__default,lead_hours,,236,0.1678970925968975,0.2625194164060927,0.1678970925968975,16.78970925968975,0.06056692185505856,0.5266056475489691,,34.0
LightGBM__Top15__global__default,lead_hours,,240,0.15959359951878907,0.24859555465097244,0.15959359951878907,15.959359951878907,0.05431263630553719,0.6036400840872893,,35.0
LightGBM__Top15__global__default,lead_hours,,240,0.15988015047201276,0.23719610056010526,0.15988015047201276,15.988015047201277,0.010606958895076032,0.6351881813576761,,36.0
LightGBM__Top15__global__default,lead_hours,,240,0.1422524694769681,0.22279566780226848,0.1422524694769681,14.22524694769681,-0.012944272705404759,0.6787421907848792,,37.0
LightGBM__Top15__global__default,lead_hours,,240,0.14876384105737195,0.23084623682500385,0.14876384105737195,14.876384105737195,-0.013628836178057773,0.643189550369768,,38.0
LightGBM__Top15__global__default,lead_hours,,239,0.1440476348729084,0.22453728816704974,0.1440476348729084,14.40476348729084,-0.025093606085398183,0.6581283128568177,,39.0
LightGBM__Top15__global__default,lead_hours,,241,0.1585695937050979,0.24348084292330482,0.1585695937050979,15.85695937050979,-0.02590077960663689,0.5827603963991228,,40.0
LightGBM__Top15__global__default,lead_hours,,242,0.16912534098658769,0.25953312602136436,0.16912534098658769,16.912534098658767,-0.011790886685354569,0.5344166347245214,,41.0
LightGBM__Top15__global__default,lead_hours,,242,0.17530878122126164,0.2655513943062633,0.17530878122126164,17.530878122126165,-0.018659826828916,0.46382709463812466,,42.0
LightGBM__Top15__global__default,lead_hours,,240,0.18915262018152093,0.2740701375143419,0.18915262018152093,18.91526201815209,-0.036448826194645116,0.42729699424283907,,43.0
LightGBM__Top15__global__default,lead_hours,,242,0.17565702048145637,0.25093386225354747,0.17565702048145637,17.56570204814564,-0.03557475395439972,0.5040432407378459,,44.0
LightGBM__Top15__global__default,lead_hours,,242,0.16863181491654375,0.23204513543319044,0.16863181491654375,16.863181491654373,-0.014190379265734479,0.5482149054583185,,45.0
LightGBM__Top15__global__default,lead_hours,,240,0.15257522137192597,0.21743773810081904,0.15257522137192597,15.257522137192597,0.001690166358426548,0.6050283322015719,,46.0
LightGBM__Top15__global__default,lead_hours,,242,0.15112243977047196,0.2224837282619458,0.15112243977047196,15.112243977047196,0.003663507947372897,0.5693529231757157,,47.0
LightGBM__Top15__global__default,lead_hours,,242,0.14447711709137967,0.20814947196103895,0.14447711709137967,14.447711709137966,0.014198699701100164,0.6031747422020091,,48.0
LightGBM__Top20__global__default,horizon_bucket,D1,5776,0.14281156283627156,0.21728746193140455,0.14281156283627156,14.281156283627155,0.016475076898162157,0.6415627887783384,,
LightGBM__Top20__global__default,horizon_bucket,D2,5776,0.15956923146624885,0.23948518851714823,0.15956923146624885,15.956923146624884,0.011048253429829704,0.5645873194260448,,
LightGBM__Top20__global__default,turbine_id,,5782,0.15064614843551086,0.22737062938455546,0.15064614843551086,15.064614843551086,0.011186920716733528,0.6089587613704774,turbine_1,
LightGBM__Top20__global__default,turbine_id,,5770,0.15173577775342015,0.22993654002891672,0.15173577775342015,15.173577775342014,0.016341764365741366,0.5970426715593072,turbine_2,
LightGBM__Top20__global__default,turbine_id+horizon_bucket,D1,2891,0.1422712744490356,0.21587920308113862,0.1422712744490356,14.227127444903559,0.013903660025255596,0.6474867509932336,turbine_1,
LightGBM__Top20__global__default,turbine_id+horizon_bucket,D2,2891,0.1590210224219861,0.23830857284308984,0.1590210224219861,15.902102242198609,0.008470181408211463,0.570430771747721,turbine_1,
LightGBM__Top20__global__default,turbine_id+horizon_bucket,D1,2885,0.14335297487353296,0.2186895529181135,0.14335297487353296,14.335297487353296,0.019051841605119822,0.6354986443019566,turbine_2,
LightGBM__Top20__global__default,turbine_id+horizon_bucket,D2,2885,0.16011858063330733,0.24065848068458937,0.16011858063330733,16.011858063330735,0.013631687126362918,0.558586698816658,turbine_2,
LightGBM__Top20__global__default,lead_hours,,242,0.13842245786034232,0.200684439511351,0.13842245786034232,13.842245786034232,0.02600508479973766,0.6086289422712567,,1.0
LightGBM__Top20__global__default,lead_hours,,242,0.13869204012803635,0.20305096611309106,0.13869204012803635,13.869204012803635,0.014471438941658712,0.6095731579131995,,2.0
LightGBM__Top20__global__default,lead_hours,,242,0.15014295670355782,0.21908557873671838,0.15014295670355782,15.014295670355782,0.022101837852759307,0.5746094191418066,,3.0
LightGBM__Top20__global__default,lead_hours,,242,0.12636970712238785,0.1975844635913057,0.12636970712238785,12.636970712238785,0.02377157059825549,0.6603765940798794,,4.0
LightGBM__Top20__global__default,lead_hours,,242,0.12828493367202037,0.19967821599873187,0.12828493367202037,12.828493367202038,0.03503039094960018,0.6661494039473327,,5.0
LightGBM__Top20__global__default,lead_hours,,241,0.13394826404102178,0.20897901353943285,0.13394826404102178,13.394826404102178,0.055470803555908506,0.6190508950178515,,6.0
LightGBM__Top20__global__default,lead_hours,,239,0.14699837163486465,0.22448367296617455,0.14699837163486465,14.699837163486466,0.04782011088896431,0.5427048347000145,,7.0
LightGBM__Top20__global__default,lead_hours,,239,0.1631421361987683,0.24417526072014567,0.1631421361987683,16.31421361987683,0.04579171783179762,0.5029378815002048,,8.0
LightGBM__Top20__global__default,lead_hours,,239,0.1710242847795586,0.25978927570401916,0.1710242847795586,17.10242847795586,0.06479854705919401,0.4789631204101329,,9.0
LightGBM__Top20__global__default,lead_hours,,236,0.1511523440201301,0.23701489254910368,0.1511523440201301,15.115234402013012,0.06988936976917078,0.6141206993405881,,10.0
LightGBM__Top20__global__default,lead_hours,,240,0.1308042265500615,0.21350751678652538,0.1308042265500615,13.08042265500615,0.05500298736412281,0.7076323278988701,,11.0
LightGBM__Top20__global__default,lead_hours,,240,0.13943208571295992,0.21530903933219991,0.13943208571295992,13.943208571295992,0.022704228994986815,0.6994073647553454,,12.0
LightGBM__Top20__global__default,lead_hours,,240,0.13079759527694892,0.20249339532012361,0.13079759527694892,13.079759527694893,-0.006132870621725974,0.7346238221847274,,13.0
LightGBM__Top20__global__default,lead_hours,,240,0.1365721065624591,0.2154186858983706,0.1365721065624591,13.65721065624591,0.0009512349401900377,0.6892875103762736,,14.0
LightGBM__Top20__global__default,lead_hours,,239,0.12290036672750651,0.20521142252613261,0.12290036672750651,12.29003667275065,-0.005763403382739161,0.7144453407658147,,15.0
LightGBM__Top20__global__default,lead_hours,,241,0.13858631809538874,0.22447673379943398,0.13858631809538874,13.858631809538874,0.0006061815114193411,0.64535111386356,,16.0
LightGBM__Top20__global__default,lead_hours,,242,0.16352396119658189,0.24945477837096106,0.16352396119658189,16.352396119658188,-0.0036419538642248348,0.5698741792265767,,17.0
LightGBM__Top20__global__default,lead_hours,,242,0.16625427144171162,0.24185121042223112,0.16625427144171162,16.625427144171162,-0.014930597129826254,0.5552620168214335,,18.0
LightGBM__Top20__global__default,lead_hours,,240,0.15749777516019625,0.2408990349080482,0.15749777516019625,15.749777516019625,-0.03288432701974957,0.5575378275966847,,19.0
LightGBM__Top20__global__default,lead_hours,,242,0.15196517489225878,0.2126391666445831,0.15196517489225878,15.196517489225878,-0.029529773318622114,0.643867347465344,,20.0
LightGBM__Top20__global__default,lead_hours,,242,0.14492726158393654,0.20275945860175296,0.14492726158393654,14.492726158393655,-0.01500930335953882,0.6550555136068923,,21.0
LightGBM__Top20__global__default,lead_hours,,240,0.1406341788013006,0.19761609116463452,0.1406341788013006,14.06341788013006,0.006429816227214879,0.673757369659829,,22.0
LightGBM__Top20__global__default,lead_hours,,242,0.1288738018895756,0.1984846614747549,0.1288738018895756,12.88738018895756,0.004057307195489881,0.6572488676051187,,23.0
LightGBM__Top20__global__default,lead_hours,,242,0.12691580557946575,0.18036094769040284,0.12691580557946575,12.691580557946574,0.010450511060703037,0.70205664950425,,24.0
LightGBM__Top20__global__default,lead_hours,,242,0.1505361031237704,0.2145897574546021,0.1505361031237704,15.053610312377039,0.03534674636110475,0.5525141736173012,,25.0
LightGBM__Top20__global__default,lead_hours,,242,0.155808983097159,0.22474070752919253,0.155808983097159,15.580898309715899,0.0265823560576164,0.52170808991951,,26.0
LightGBM__Top20__global__default,lead_hours,,242,0.15493945263824707,0.23503553320012524,0.15493945263824707,15.493945263824708,0.031183639652603547,0.5104158641678869,,27.0
LightGBM__Top20__global__default,lead_hours,,242,0.14699862879557402,0.22192237862821004,0.14699862879557402,14.6998628795574,0.02622976543667618,0.571555841681264,,28.0
LightGBM__Top20__global__default,lead_hours,,242,0.1558275194950785,0.23796254899461733,0.1558275194950785,15.58275194950785,0.021602926814260393,0.5258584611637516,,29.0
LightGBM__Top20__global__default,lead_hours,,241,0.15339721431919187,0.2365004283471463,0.15339721431919187,15.339721431919187,0.03737243030015843,0.5121060067768346,,30.0
LightGBM__Top20__global__default,lead_hours,,239,0.15742014539650304,0.23726686095654584,0.15742014539650304,15.742014539650304,0.039322647099453704,0.48914075190162,,31.0
LightGBM__Top20__global__default,lead_hours,,239,0.17881884764792938,0.27092828768351523,0.17881884764792938,17.88188476479294,0.0343710821852941,0.38804984289458666,,32.0
LightGBM__Top20__global__default,lead_hours,,239,0.17732258586998292,0.27384126716878515,0.17732258586998292,17.73225858699829,0.050325661015326095,0.4210729827550761,,33.0
LightGBM__Top20__global__default,lead_hours,,236,0.16596348759993615,0.2602035263382144,0.16596348759993615,16.596348759993614,0.05937357733781268,0.534921173333111,,34.0
LightGBM__Top20__global__default,lead_hours,,240,0.15544346466476297,0.24531766118925083,0.15544346466476297,15.544346466476297,0.050330840477305475,0.6140236970456857,,35.0
LightGBM__Top20__global__default,lead_hours,,240,0.15464245930997592,0.23330092776804986,0.15464245930997592,15.464245930997592,0.010771104056584367,0.6470714912322371,,36.0
LightGBM__Top20__global__default,lead_hours,,240,0.14034920694072944,0.21930282509232366,0.14034920694072944,14.034920694072945,-0.015454022638513445,0.6887361661133762,,37.0
LightGBM__Top20__global__default,lead_hours,,240,0.14766791029444137,0.22925744249671362,0.14766791029444137,14.766791029444137,-0.014952720267014729,0.6480841294908888,,38.0
LightGBM__Top20__global__default,lead_hours,,239,0.14780934804191675,0.22606177974427172,0.14780934804191675,14.780934804191675,-0.02458004014284937,0.653470291159846,,39.0
LightGBM__Top20__global__default,lead_hours,,241,0.1601143393578555,0.24305237322135084,0.1601143393578555,16.01143393578555,-0.02700694188634312,0.5842275937822181,,40.0
LightGBM__Top20__global__default,lead_hours,,242,0.17211878892633456,0.2622134920803421,0.17211878892633456,17.211878892633457,-0.014061400763670961,0.5247502158114985,,41.0
LightGBM__Top20__global__default,lead_hours,,242,0.17668427358555083,0.2677012477207567,0.17668427358555083,17.668427358555082,-0.020013610217916134,0.4551104456725259,,42.0
LightGBM__Top20__global__default,lead_hours,,240,0.18792557736060791,0.26984917067632197,0.18792557736060791,18.792557736060793,-0.03654781112671726,0.44480160439539096,,43.0
LightGBM__Top20__global__default,lead_hours,,242,0.1740303588692237,0.24712697756872698,0.1740303588692237,17.403035886922368,-0.03328250104345702,0.5189772834655639,,44.0
LightGBM__Top20__global__default,lead_hours,,242,0.16749597382953507,0.22709533005768,0.16749597382953507,16.749597382953507,-0.01337244464738111,0.5672835865189829,,45.0
LightGBM__Top20__global__default,lead_hours,,240,0.15159816316887206,0.2170914310085244,0.15159816316887206,15.159816316887206,0.009605267067398964,0.6062854512918772,,46.0
LightGBM__Top20__global__default,lead_hours,,242,0.1517863118793008,0.2226465539698813,0.1517863118793008,15.17863118793008,0.011390379758949434,0.568722350552078,,47.0
LightGBM__Top20__global__default,lead_hours,,242,0.1452204416250325,0.207276547078937,0.1452204416250325,14.522044162503251,0.02193886303376006,0.6064961274076153,,48.0
LightGBM__Top30__global__default,horizon_bucket,D1,5776,0.14330812799341464,0.21906626139649327,0.14330812799341464,14.330812799341464,0.01530941751539534,0.6356701552601698,,
LightGBM__Top30__global__default,horizon_bucket,D2,5776,0.16105380997231905,0.24168261869575855,0.16105380997231905,16.105380997231904,0.009805099033023595,0.5565602798705107,,
LightGBM__Top30__global__default,turbine_id,,5782,0.1515470357216163,0.22930595467359347,0.1515470357216163,15.15470357216163,0.00972654659766563,0.6022735283838947,turbine_1,
LightGBM__Top30__global__default,turbine_id,,5770,0.15281622064951345,0.23199263272300336,0.15281622064951345,15.281622064951344,0.01539385704609448,0.5898039619441975,turbine_2,
LightGBM__Top30__global__default,turbine_id+horizon_bucket,D1,2891,0.14283141308194447,0.217719559039825,0.14283141308194447,14.283141308194446,0.012694280762066756,0.6414508279039339,turbine_1,
LightGBM__Top30__global__default,turbine_id+horizon_bucket,D2,2891,0.16026265836128814,0.2403344238952056,0.16026265836128814,16.026265836128815,0.006758812433264497,0.5630962288638554,turbine_1,
LightGBM__Top30__global__default,turbine_id+horizon_bucket,D1,2885,0.1437858343397094,0.22040751056053684,0.1437858343397094,14.37858343397094,0.017929993028002942,0.6297493298971466,turbine_2,
LightGBM__Top30__global__default,turbine_id+horizon_bucket,D2,2885,0.1618466069593175,0.24302611498357024,0.1618466069593175,16.18466069593175,0.012857721064186013,0.5498585939912485,turbine_2,
LightGBM__Top30__global__default,lead_hours,,242,0.14240350120904766,0.20756091665809467,0.14240350120904766,14.240350120904765,0.022464468103832177,0.581348678599994,,1.0
LightGBM__Top30__global__default,lead_hours,,242,0.14023073583136036,0.208414697167019,0.14023073583136036,14.023073583136036,0.007401894130814579,0.5886739348941529,,2.0
LightGBM__Top30__global__default,lead_hours,,242,0.15371159784253716,0.22470487240694867,0.15371159784253716,15.371159784253715,0.01417919463694155,0.5525080097157864,,3.0
LightGBM__Top30__global__default,lead_hours,,242,0.12386233926870187,0.19735874445363163,0.12386233926870187,12.386233926870187,0.018795475229489707,0.6611521177549748,,4.0
LightGBM__Top30__global__default,lead_hours,,242,0.12780115935523212,0.20178134864472716,0.12780115935523212,12.780115935523211,0.029783366522189006,0.6590797321214938,,5.0
LightGBM__Top30__global__default,lead_hours,,241,0.13338982267168784,0.2095311550140394,0.13338982267168784,13.338982267168783,0.04874212175134157,0.6170352316958343,,6.0
LightGBM__Top30__global__default,lead_hours,,239,0.14351414712639576,0.22276527050436,0.14351414712639576,14.351414712639576,0.04211695401901703,0.5496791455484623,,7.0
LightGBM__Top30__global__default,lead_hours,,239,0.1637556299373108,0.2456387007101714,0.1637556299373108,16.37556299373108,0.0409449279422009,0.49696184247955355,,8.0
LightGBM__Top30__global__default,lead_hours,,239,0.17036089908357724,0.259407983007295,0.17036089908357724,17.036089908357724,0.06283270657873276,0.4804914495853526,,9.0
LightGBM__Top30__global__default,lead_hours,,236,0.15483354255401466,0.24143837367845764,0.15483354255401466,15.483354255401466,0.07199834439211819,0.5995827244347463,,10.0
LightGBM__Top30__global__default,lead_hours,,240,0.13633401220019747,0.22075542686221863,0.13633401220019747,13.633401220019747,0.05909758221071946,0.6874454768204321,,11.0
LightGBM__Top30__global__default,lead_hours,,240,0.13914027984769378,0.21560797600089682,0.13914027984769378,13.914027984769378,0.021627885569804092,0.6985720952175435,,12.0
LightGBM__Top30__global__default,lead_hours,,240,0.13266915104624624,0.20543346288365047,0.13266915104624624,13.266915104624625,-0.006200021718666308,0.7268617116852568,,13.0
LightGBM__Top30__global__default,lead_hours,,240,0.13941632959903263,0.21773964122125172,0.13941632959903263,13.941632959903263,-0.0003739778588857249,0.6825561101243008,,14.0
LightGBM__Top30__global__default,lead_hours,,239,0.1222641103580463,0.20396790135272455,0.1222641103580463,12.22641103580463,-0.008390912889823632,0.7178956105405132,,15.0
LightGBM__Top30__global__default,lead_hours,,241,0.13654243502983313,0.22324719107422122,0.13654243502983313,13.654243502983313,0.0024495843396105197,0.6492255620533718,,16.0
LightGBM__Top30__global__default,lead_hours,,242,0.16016620214914992,0.2480220165856896,0.16016620214914992,16.016620214914994,0.0007301639139172237,0.5748009082565597,,17.0
LightGBM__Top30__global__default,lead_hours,,242,0.16911241704022625,0.24535185854660094,0.16911241704022625,16.911241704022625,-0.013311840626248793,0.5422942209415345,,18.0
LightGBM__Top30__global__default,lead_hours,,240,0.1579603445714046,0.24057574290241543,0.1579603445714046,15.79603445714046,-0.029637194652773362,0.5587246193885747,,19.0
LightGBM__Top30__global__default,lead_hours,,242,0.15178052964847813,0.21588676849026828,0.15178052964847813,15.178052964847813,-0.027379994775898215,0.6329059692725731,,20.0
LightGBM__Top30__global__default,lead_hours,,242,0.14419936713689338,0.20344761856639343,0.14419936713689338,14.419936713689339,-0.013418359693059408,0.6527100761842117,,21.0
LightGBM__Top30__global__default,lead_hours,,240,0.13791442657920563,0.1970918406997129,0.13791442657920563,13.791442657920564,0.008346639726064076,0.6754860344196609,,22.0
LightGBM__Top30__global__default,lead_hours,,242,0.12849583047176216,0.19758784455833436,0.12849583047176216,12.849583047176216,0.005481803031607102,0.660339187831171,,23.0
LightGBM__Top30__global__default,lead_hours,,242,0.1299479425419327,0.18550212456635448,0.1299479425419327,12.99479425419327,0.011258901666005308,0.6848288502503355,,24.0
LightGBM__Top30__global__default,lead_hours,,242,0.1517473901148087,0.21639551032904705,0.1517473901148087,15.17473901148087,0.03270139064924595,0.5449513835311808,,25.0
LightGBM__Top30__global__default,lead_hours,,242,0.1533263887041899,0.22300392791789794,0.1533263887041899,15.332638870418991,0.02328082232657983,0.529071935129177,,26.0
LightGBM__Top30__global__default,lead_hours,,242,0.157794064551842,0.23693915645057806,0.157794064551842,15.7794064551842,0.02568847277067142,0.5024531707047786,,27.0
LightGBM__Top30__global__default,lead_hours,,242,0.1465397477515732,0.22318572801852213,0.1465397477515732,14.65397477515732,0.019201422064022373,0.5666639029667787,,28.0
LightGBM__Top30__global__default,lead_hours,,242,0.15459336082525754,0.2378818785681663,0.15459336082525754,15.459336082525754,0.01713638969377875,0.5261798791092898,,29.0
LightGBM__Top30__global__default,lead_hours,,241,0.15415887678585682,0.23707225554590602,0.15415887678585682,15.415887678585683,0.03420684596672864,0.5097438263834538,,30.0
LightGBM__Top30__global__default,lead_hours,,239,0.15549571655101502,0.23480666047207985,0.15549571655101502,15.549571655101502,0.0329352522452061,0.4996799418508273,,31.0
LightGBM__Top30__global__default,lead_hours,,239,0.17936374524827134,0.27081585817227577,0.17936374524827134,17.936374524827134,0.030388376768963013,0.38855763026607815,,32.0
LightGBM__Top30__global__default,lead_hours,,239,0.17711668825234464,0.27546672327027427,0.17711668825234464,17.711668825234465,0.05248163203045117,0.4141798413513583,,33.0
LightGBM__Top30__global__default,lead_hours,,236,0.16950885403628638,0.2644164010465849,0.16950885403628638,16.95088540362864,0.059425257784650014,0.5197393637995391,,34.0
LightGBM__Top30__global__default,lead_hours,,240,0.15865777171882628,0.2507221327568913,0.15865777171882628,15.865777171882629,0.050396591382885686,0.5968298616129541,,35.0
LightGBM__Top30__global__default,lead_hours,,240,0.15532239448522975,0.2362224191874305,0.15532239448522975,15.532239448522974,0.00843263333466279,0.638177112528691,,36.0
LightGBM__Top30__global__default,lead_hours,,240,0.14245376411768593,0.22181227454904978,0.14245376411768593,14.245376411768593,-0.016848524656919082,0.6815719185144882,,37.0
LightGBM__Top30__global__default,lead_hours,,240,0.15434072643173577,0.23515229742010046,0.15434072643173577,15.434072643173577,-0.016153957416290495,0.6297539631099103,,38.0
LightGBM__Top30__global__default,lead_hours,,239,0.1538503776114642,0.23232113336495994,0.1538503776114642,15.38503776114642,-0.027537700829750128,0.6340147149910503,,39.0
LightGBM__Top30__global__default,lead_hours,,241,0.16527668995348654,0.24548689599642465,0.16527668995348654,16.527668995348655,-0.028947792371339102,0.5758567497307945,,40.0
LightGBM__Top30__global__default,lead_hours,,242,0.17524534160883265,0.2643182867002546,0.17524534160883265,17.524534160883263,-0.012160558805641626,0.5170899088535883,,41.0
LightGBM__Top30__global__default,lead_hours,,242,0.1805058198229539,0.2724843550118797,0.1805058198229539,18.05058198229539,-0.017545655253383016,0.4354650482271899,,42.0
LightGBM__Top30__global__default,lead_hours,,240,0.1887400228423856,0.2739510200496436,0.1887400228423856,18.87400228423856,-0.030819857562692662,0.4277947070246597,,43.0
LightGBM__Top30__global__default,lead_hours,,242,0.17628796834144012,0.2523111485127571,0.17628796834144012,17.628796834144012,-0.030640829213431114,0.4985840412562548,,44.0
LightGBM__Top30__global__default,lead_hours,,242,0.17012531763690242,0.23125941443208875,0.17012531763690242,17.01253176369024,-0.012567500149706022,0.5512692771658845,,45.0
LightGBM__Top30__global__default,lead_hours,,240,0.14899136121351378,0.21543268147686423,0.14899136121351378,14.899136121351377,0.008308808462011995,0.612279044139308,,46.0
LightGBM__Top30__global__default,lead_hours,,242,0.15055760535384996,0.22137558779588853,0.15055760535384996,15.055760535384996,0.012377157559006138,0.5736321484543587,,47.0
LightGBM__Top30__global__default,lead_hours,,242,0.14561069511330543,0.2090478340830254,0.14561069511330543,14.561069511330544,0.022903871496237762,0.5997419966918798,,48.0
LightGBM__Top50__global__default,horizon_bucket,D1,5776,0.1436749296982131,0.21747432098099317,0.1436749296982131,14.36749296982131,0.012995729751554703,0.6409460386448202,,
LightGBM__Top50__global__default,horizon_bucket,D2,5776,0.15968408123138095,0.2377995259587829,0.15968408123138095,15.968408123138095,0.009967926858558993,0.5706952194789585,,
LightGBM__Top50__global__default,turbine_id,,5782,0.15099660762044026,0.22635938348042076,0.15099660762044026,15.099660762044026,0.008633415725952071,0.6124293897604787,turbine_1,
LightGBM__Top50__global__default,turbine_id,,5770,0.15236382354730496,0.2293611679628152,0.15236382354730496,15.236382354730496,0.01433616479247173,0.5990567951956078,turbine_2,
LightGBM__Top50__global__default,turbine_id+horizon_bucket,D1,2891,0.1430189915144348,0.2159136457397955,0.1430189915144348,14.30189915144348,0.010345294443053123,0.6473742578776627,turbine_1,
LightGBM__Top50__global__default,turbine_id+horizon_bucket,D2,2891,0.1589742237264457,0.23634389893251412,0.1589742237264457,15.89742237264457,0.006921537008851017,0.5774845216432947,turbine_1,
LightGBM__Top50__global__default,turbine_id+horizon_bucket,D1,2885,0.1443322320515244,0.2190270869870884,0.1443322320515244,14.43322320515244,0.015651677230541915,0.6343726044887051,turbine_2,
LightGBM__Top50__global__default,turbine_id+horizon_bucket,D2,2885,0.16039541504308552,0.2392492965600607,0.16039541504308552,16.039541504308552,0.013020652354401547,0.5637409859025106,turbine_2,
LightGBM__Top50__global__default,lead_hours,,242,0.13924107611828468,0.2029272098550029,0.13924107611828468,13.924107611828468,0.0223936970702244,0.599832444363297,,1.0
LightGBM__Top50__global__default,lead_hours,,242,0.14047179269874968,0.20704683136219093,0.14047179269874968,14.047179269874968,0.00532727704115034,0.5940554412188834,,2.0
LightGBM__Top50__global__default,lead_hours,,242,0.15451888189953797,0.22205305223097538,0.15451888189953797,15.451888189953797,0.01406844535111953,0.5630077032351336,,3.0
LightGBM__Top50__global__default,lead_hours,,242,0.12457028845929269,0.19623089498995122,0.12457028845929269,12.457028845929269,0.01729692680522441,0.6650138914831727,,4.0
LightGBM__Top50__global__default,lead_hours,,242,0.12735713966291462,0.1986667076936537,0.12735713966291462,12.735713966291462,0.029045526840451502,0.6695232053951199,,5.0
LightGBM__Top50__global__default,lead_hours,,241,0.13196759708880654,0.20589382291823988,0.13196759708880654,13.196759708880654,0.04644028404172336,0.6302158920251228,,6.0
LightGBM__Top50__global__default,lead_hours,,239,0.1425968502642476,0.2213440316025254,0.1425968502642476,14.259685026424759,0.04112228034760272,0.5554068954544837,,7.0
LightGBM__Top50__global__default,lead_hours,,239,0.1638513023509244,0.24536290161225047,0.1638513023509244,16.38513023509244,0.03736057779486351,0.49809081428722823,,8.0
LightGBM__Top50__global__default,lead_hours,,239,0.17021338182753323,0.2579847468545382,0.17021338182753323,17.021338182753322,0.05952584557379092,0.48617635593927877,,9.0
LightGBM__Top50__global__default,lead_hours,,236,0.15251947021083664,0.23496435357371695,0.15251947021083664,15.251947021083664,0.06726307878465901,0.6207687013651464,,10.0
LightGBM__Top50__global__default,lead_hours,,240,0.13742832546992723,0.21869599813578872,0.13742832546992723,13.742832546992723,0.05339613989192719,0.6932499212033922,,11.0
LightGBM__Top50__global__default,lead_hours,,240,0.1444706042200942,0.21924260404401885,0.1444706042200942,14.44706042200942,0.02132575797623999,0.6883237478783932,,12.0
LightGBM__Top50__global__default,lead_hours,,240,0.134455457415137,0.20552209651872433,0.134455457415137,13.445545741513701,-0.004972459586047917,0.7266259714944214,,13.0
LightGBM__Top50__global__default,lead_hours,,240,0.13970126787639703,0.2190399832183118,0.13970126787639703,13.970126787639703,-0.003341748152314535,0.6787532362142064,,14.0
LightGBM__Top50__global__default,lead_hours,,239,0.12501598181476659,0.20612841662092687,0.12501598181476659,12.501598181476659,-0.013847226726424864,0.7118876178078122,,15.0
LightGBM__Top50__global__default,lead_hours,,241,0.1380099385375675,0.2245440640707198,0.1380099385375675,13.800993853756749,-0.0045739615250304875,0.6451383329091748,,16.0
LightGBM__Top50__global__default,lead_hours,,242,0.15800604113537617,0.24204685310388238,0.15800604113537617,15.800604113537617,-0.004957918436384693,0.5950412931936098,,17.0
LightGBM__Top50__global__default,lead_hours,,242,0.16669247755332012,0.24317536195989312,0.16669247755332012,16.669247755332012,-0.016949906756619195,0.5503787448460509,,18.0
LightGBM__Top50__global__default,lead_hours,,240,0.15861169061858593,0.23798719189629033,0.15861169061858593,15.861169061858593,-0.02939327458266591,0.5681696161432158,,19.0
LightGBM__Top50__global__default,lead_hours,,242,0.1499131684349695,0.20973690097658976,0.1499131684349695,14.99131684349695,-0.030425980320816313,0.653522557780515,,20.0
LightGBM__Top50__global__default,lead_hours,,242,0.14877887866256045,0.20574467061869628,0.14877887866256045,14.877887866256046,-0.015795704117875804,0.6448235592603256,,21.0
LightGBM__Top50__global__default,lead_hours,,240,0.14077861919520765,0.1964827815573175,0.14077861919520765,14.077861919520766,0.005715242667044548,0.6774885811274751,,22.0
LightGBM__Top50__global__default,lead_hours,,242,0.13050094518091707,0.1972652725175975,0.13050094518091707,13.050094518091706,0.004893475385709846,0.6614473090958789,,23.0
LightGBM__Top50__global__default,lead_hours,,242,0.12895449591616714,0.18359593159919177,0.12895449591616714,12.895449591616714,0.012995705572954683,0.6912728765021111,,24.0
LightGBM__Top50__global__default,lead_hours,,242,0.15275769083020668,0.21746899560287886,0.15275769083020668,15.275769083020668,0.03726216815881409,0.540425415106851,,25.0
LightGBM__Top50__global__default,lead_hours,,242,0.15188026858283257,0.21943965574861493,0.15188026858283257,15.188026858283257,0.024739244325879053,0.5440053217332237,,26.0
LightGBM__Top50__global__default,lead_hours,,242,0.15716234046964833,0.231564038928432,0.15716234046964833,15.716234046964834,0.02808014727221476,0.5247714551590053,,27.0
LightGBM__Top50__global__default,lead_hours,,242,0.1431428989292898,0.21722685913858739,0.1431428989292898,14.314289892928981,0.02029129126637246,0.5894944112516578,,28.0
LightGBM__Top50__global__default,lead_hours,,242,0.15059951723637025,0.22907733557433893,0.15059951723637025,15.059951723637024,0.01810079481260376,0.5606050851415301,,29.0
LightGBM__Top50__global__default,lead_hours,,241,0.15208985522504753,0.23188909222477763,0.15208985522504753,15.208985522504753,0.03628449767622159,0.5309466426911911,,30.0
LightGBM__Top50__global__default,lead_hours,,239,0.15791893722034664,0.23556353287031057,0.15791893722034664,15.791893722034663,0.03797779417177568,0.49644929451873976,,31.0
LightGBM__Top50__global__default,lead_hours,,239,0.17885226074807126,0.2672575583243062,0.17885226074807126,17.885226074807125,0.03302986925622689,0.40451978162336255,,32.0
LightGBM__Top50__global__default,lead_hours,,239,0.176648302478585,0.2720006732084349,0.176648302478585,17.6648302478585,0.052758192641595966,0.4288292170733188,,33.0
LightGBM__Top50__global__default,lead_hours,,236,0.16802287858759066,0.2588086620434232,0.16802287858759066,16.802287858759065,0.057167504365697196,0.5398940733393669,,34.0
LightGBM__Top50__global__default,lead_hours,,240,0.16085032434205093,0.24872605880740808,0.16085032434205093,16.085032434205093,0.050137731821631996,0.603223824078978,,35.0
LightGBM__Top50__global__default,lead_hours,,240,0.1569067695251068,0.23435262558726516,0.1569067695251068,15.69067695251068,0.008647321623964931,0.6438823847423527,,36.0
LightGBM__Top50__global__default,lead_hours,,240,0.1415702331285828,0.21728095400215033,0.1415702331285828,14.15702331285828,-0.01803324803327917,0.6944491272281877,,37.0
LightGBM__Top50__global__default,lead_hours,,240,0.14870775740175846,0.22719739842965977,0.14870775740175846,14.870775740175846,-0.01740069008246684,0.6543801523219641,,38.0
LightGBM__Top50__global__default,lead_hours,,239,0.1513668484388337,0.2309133855916674,0.1513668484388337,15.13668484388337,-0.030904163267813478,0.6384366458967804,,39.0
LightGBM__Top50__global__default,lead_hours,,241,0.16152833264756705,0.24323194368481268,0.16152833264756705,16.152833264756705,-0.03129171927094474,0.5836130099970465,,40.0
LightGBM__Top50__global__default,lead_hours,,242,0.1744226545663777,0.2608278430001957,0.1744226545663777,17.44226545663777,-0.017566457034043418,0.5297597936517925,,41.0
LightGBM__Top50__global__default,lead_hours,,242,0.1756857014610339,0.2658688392605863,0.1756857014610339,17.56857014610339,-0.019009346925070076,0.4625444267975106,,42.0
LightGBM__Top50__global__default,lead_hours,,240,0.18624936714702062,0.26874223734505487,0.18624936714702062,18.624936714702063,-0.032787353516060984,0.4493471593522874,,43.0
LightGBM__Top50__global__default,lead_hours,,242,0.17315234822071068,0.24702684760954105,0.17315234822071068,17.31523482207107,-0.03075123824206149,0.5193670023690734,,44.0
LightGBM__Top50__global__default,lead_hours,,242,0.1667542082467783,0.22531952605274597,0.1667542082467783,16.67542082467783,-0.012238716410605551,0.5740245015110181,,45.0
LightGBM__Top50__global__default,lead_hours,,240,0.15095119914987473,0.21592306977586465,0.15095119914987473,15.095119914987473,0.010384200013082375,0.610511900741731,,46.0
LightGBM__Top50__global__default,lead_hours,,242,0.15044199349961893,0.2175979290540837,0.15044199349961893,15.044199349961893,0.012050982497327507,0.5880594809112452,,47.0
LightGBM__Top50__global__default,lead_hours,,242,0.1451548284452121,0.2062606812836646,0.1451548284452121,14.51548284452121,0.023580384373546218,0.6103438134719552,,48.0
LightGBM__Top15__global__regularized,horizon_bucket,D1,5776,0.14312722552140536,0.21840823797130896,0.14312722552140536,14.312722552140537,0.017179333621351392,0.637855590052553,,
LightGBM__Top15__global__regularized,horizon_bucket,D2,5776,0.15962887285930716,0.2407229100060269,0.15962887285930716,15.962887285930716,0.012593544177607796,0.5600750381217316,,
LightGBM__Top15__global__regularized,turbine_id,,5782,0.15083817253255336,0.228513643060298,0.15083817253255336,15.083817253255335,0.012360104663056823,0.6050172764597621,turbine_1,
LightGBM__Top15__global__regularized,turbine_id,,5770,0.15191904864190156,0.2311546101609618,0.15191904864190156,15.191904864190157,0.017418027210570834,0.5927620961190201,turbine_2,
LightGBM__Top15__global__regularized,turbine_id+horizon_bucket,D1,2891,0.14261903081479854,0.21698003990576223,0.14261903081479854,14.261903081479854,0.014668578614694375,0.6438824298748272,turbine_1,
LightGBM__Top15__global__regularized,turbine_id+horizon_bucket,D2,2891,0.15905731425030814,0.2394924475048689,0.15905731425030814,15.905731425030813,0.010051630711419268,0.5661521230446971,turbine_1,
LightGBM__Top15__global__regularized,turbine_id+horizon_bucket,D1,2885,0.14363647713208136,0.21983009876851992,0.14363647713208136,14.363647713208136,0.019695310302199027,0.6316867145931149,turbine_2,
LightGBM__Top15__global__regularized,turbine_id+horizon_bucket,D2,2885,0.16020162015172176,0.24194965441751562,0.16020162015172176,16.020162015172176,0.015140744118942643,0.5538374776449253,turbine_2,
LightGBM__Top15__global__regularized,lead_hours,,242,0.13932748996510422,0.19993055487218592,0.13932748996510422,13.932748996510421,0.023551536480507805,0.611563842897443,,1.0
LightGBM__Top15__global__regularized,lead_hours,,242,0.13597292337087508,0.2003123560296935,0.13597292337087508,13.597292337087508,0.008042224511408218,0.620033747320174,,2.0
LightGBM__Top15__global__regularized,lead_hours,,242,0.14937866347555107,0.2189399944161888,0.14937866347555107,14.937866347555106,0.01908888475533147,0.5751745829690773,,3.0
LightGBM__Top15__global__regularized,lead_hours,,242,0.12489162367198246,0.19940355358557438,0.12489162367198246,12.489162367198245,0.021626224296368218,0.6540942226185003,,4.0
LightGBM__Top15__global__regularized,lead_hours,,242,0.12496474926080477,0.19856201590560588,0.12496474926080477,12.496474926080477,0.033237514401113784,0.6698714176426007,,5.0
LightGBM__Top15__global__regularized,lead_hours,,241,0.13489081048548157,0.20813405961290563,0.13489081048548157,13.489081048548158,0.053062529095710555,0.6221252105421502,,6.0
LightGBM__Top15__global__regularized,lead_hours,,239,0.14527015790640888,0.22361859659532718,0.14527015790640888,14.527015790640888,0.05364476585279948,0.5462225337692566,,7.0
LightGBM__Top15__global__regularized,lead_hours,,239,0.1644609927743439,0.24724288236611014,0.1644609927743439,16.44609927743439,0.05061651657376929,0.49037005066566286,,8.0
LightGBM__Top15__global__regularized,lead_hours,,239,0.17065407438176222,0.2609153125018937,0.17065407438176222,17.065407438176223,0.07276846620882448,0.4744365423549697,,9.0
LightGBM__Top15__global__regularized,lead_hours,,236,0.1562204424072135,0.24520310061881329,0.1562204424072135,15.62204424072135,0.07949853994204528,0.5869980259939513,,10.0
LightGBM__Top15__global__regularized,lead_hours,,240,0.13636712264038295,0.2202206604619926,0.13636712264038295,13.636712264038295,0.06380648788411171,0.6889579307791847,,11.0
LightGBM__Top15__global__regularized,lead_hours,,240,0.14285285021465388,0.21977061144847929,0.14285285021465388,14.285285021465388,0.027920971316402594,0.6868207048410009,,12.0
LightGBM__Top15__global__regularized,lead_hours,,240,0.13201122960241637,0.20443345914422814,0.13201122960241637,13.201122960241637,-0.003803254222097167,0.7295143907143481,,13.0
LightGBM__Top15__global__regularized,lead_hours,,240,0.137327991719187,0.21745530681750225,0.137327991719187,13.7327991719187,0.0004667926402389666,0.6833846343717016,,14.0
LightGBM__Top15__global__regularized,lead_hours,,239,0.11908829073469478,0.20238246750242678,0.11908829073469478,11.908829073469478,-0.002506580647721792,0.7222641370318355,,15.0
LightGBM__Top15__global__regularized,lead_hours,,241,0.1395831366669683,0.22634114080855505,0.1395831366669683,13.958313666696831,0.00353160734816438,0.6394355276915885,,16.0
LightGBM__Top15__global__regularized,lead_hours,,242,0.16244820223945927,0.24911339119745735,0.16244820223945927,16.244820223945926,-0.000543116760270584,0.5710506566773745,,17.0
LightGBM__Top15__global__regularized,lead_hours,,242,0.16464725938299257,0.2421091354721638,0.16464725938299257,16.464725938299257,-0.0142317251521691,0.5543129189630416,,18.0
LightGBM__Top15__global__regularized,lead_hours,,240,0.1570301295576679,0.23943829973947373,0.1570301295576679,15.70301295576679,-0.035965906286957124,0.5628874589603681,,19.0
LightGBM__Top15__global__regularized,lead_hours,,242,0.15290589263021664,0.2161408595091465,0.15290589263021664,15.290589263021664,-0.034295450578881635,0.6320413476212223,,20.0
LightGBM__Top15__global__regularized,lead_hours,,242,0.14854612768205064,0.20553510046878423,0.14854612768205064,14.854612768205063,-0.018130211509289926,0.645546751462833,,21.0
LightGBM__Top15__global__regularized,lead_hours,,240,0.1414675305232502,0.1982279146509933,0.1414675305232502,14.14675305232502,0.0054686540863202425,0.6717341347130741,,22.0
LightGBM__Top15__global__regularized,lead_hours,,242,0.13068147292299864,0.197754710950872,0.13068147292299864,13.068147292299864,-0.0008705107725508073,0.6597652465817951,,23.0
LightGBM__Top15__global__regularized,lead_hours,,242,0.12457771788741641,0.17938947310119957,0.12457771788741641,12.45777178874164,0.008894269329469719,0.7052576182663982,,24.0
LightGBM__Top15__global__regularized,lead_hours,,242,0.1476452239008797,0.21206550191951104,0.1476452239008797,14.76452239008797,0.03476772707654854,0.562979956649529,,25.0
LightGBM__Top15__global__regularized,lead_hours,,242,0.15042672466582463,0.21927838511346678,0.15042672466582463,15.042672466582463,0.022298565393535686,0.5446753148450348,,26.0
LightGBM__Top15__global__regularized,lead_hours,,242,0.15718996830678325,0.23546213122010287,0.15718996830678325,15.718996830678325,0.02683221506922234,0.5086370253652708,,27.0
LightGBM__Top15__global__regularized,lead_hours,,242,0.14562009359526581,0.22375349510478415,0.14562009359526581,14.56200935952658,0.021507518304395554,0.564456352143598,,28.0
LightGBM__Top15__global__regularized,lead_hours,,242,0.15437024314361875,0.23751726209865515,0.15437024314361875,15.437024314361874,0.020807315605999403,0.5276312735463293,,29.0
LightGBM__Top15__global__regularized,lead_hours,,241,0.1548169945601296,0.23889297429167386,0.1548169945601296,15.48169945601296,0.03856713908550864,0.5021845591371754,,30.0
LightGBM__Top15__global__regularized,lead_hours,,239,0.15914205356559236,0.2397398349116969,0.15914205356559236,15.914205356559236,0.04527666634934446,0.47843613551176334,,31.0
LightGBM__Top15__global__regularized,lead_hours,,239,0.18263096541772172,0.27480087267980463,0.18263096541772172,18.26309654177217,0.04497066133492724,0.37043067211361624,,32.0
LightGBM__Top15__global__regularized,lead_hours,,239,0.1797445706275979,0.2781061333204575,0.1797445706275979,17.97445706275979,0.061312590328603124,0.4028998782438483,,33.0
LightGBM__Top15__global__regularized,lead_hours,,236,0.16942658994091928,0.2646065473778226,0.16942658994091928,16.94265899409193,0.06822814670933328,0.5190483882589921,,34.0
LightGBM__Top15__global__regularized,lead_hours,,240,0.16097585161992428,0.25213968005602166,0.16097585161992428,16.097585161992427,0.05992322643242816,0.5922580405267406,,35.0
LightGBM__Top15__global__regularized,lead_hours,,240,0.15832926626331129,0.23723454715818362,0.15832926626331129,15.832926626331128,0.017502267706196548,0.6350699086707647,,36.0
LightGBM__Top15__global__regularized,lead_hours,,240,0.13974387897090523,0.21871002582976817,0.13974387897090523,13.974387897090523,-0.01176651570982336,0.690416651409839,,37.0
LightGBM__Top15__global__regularized,lead_hours,,240,0.14615613309373235,0.22880740045009354,0.14615613309373235,14.615613309373234,-0.010538142751037972,0.6494644248179906,,38.0
LightGBM__Top15__global__regularized,lead_hours,,239,0.14405885866739407,0.22281870288028055,0.14405885866739407,14.405885866739407,-0.024487356470406396,0.66334158667491,,39.0
LightGBM__Top15__global__regularized,lead_hours,,241,0.15814477167899912,0.24147372602959605,0.15814477167899912,15.814477167899913,-0.026469657650814916,0.5896110128425325,,40.0
LightGBM__Top15__global__regularized,lead_hours,,242,0.16599892848363898,0.25569757603633086,0.16599892848363898,16.599892848363897,-0.01056277598974388,0.5480763372232383,,41.0
LightGBM__Top15__global__regularized,lead_hours,,242,0.17515630114540845,0.26438608821310944,0.17515630114540845,17.515630114540844,-0.021406791538259955,0.46852249195302464,,42.0
LightGBM__Top15__global__regularized,lead_hours,,240,0.1878949751591715,0.27348094980117527,0.1878949751591715,18.78949751591715,-0.03874508720813054,0.4297567067776181,,43.0
LightGBM__Top15__global__regularized,lead_hours,,242,0.17796522054950686,0.25400050044806083,0.17796522054950686,17.796522054950685,-0.036006229714856654,0.4918470912506533,,44.0
LightGBM__Top15__global__regularized,lead_hours,,242,0.17055083093377546,0.2354534710001386,0.17055083093377546,17.055083093377547,-0.015836336011293257,0.5348455759004405,,45.0
LightGBM__Top15__global__regularized,lead_hours,,240,0.14931189185017532,0.21836874050509086,0.14931189185017532,14.931189185017532,0.007091814467754117,0.6016387935928378,,46.0
LightGBM__Top15__global__regularized,lead_hours,,242,0.1525068558928677,0.22267371123065982,0.1525068558928677,15.25068558928677,0.009018032159430122,0.5686171341569544,,47.0
LightGBM__Top15__global__regularized,lead_hours,,242,0.14371117276021214,0.2089292177320067,0.14371117276021214,14.371117276021215,0.021805628269302928,0.6001960906026305,,48.0
LightGBM__Top15__global__richer,horizon_bucket,D1,5776,0.14335188758764847,0.21776678783242637,0.14335188758764847,14.335188758764847,0.0141495712485571,0.639979653348993,,
LightGBM__Top15__global__richer,horizon_bucket,D2,5776,0.1593367694296122,0.23945438578322448,0.1593367694296122,15.93367694296122,0.008825413070133889,0.5646993183225633,,
LightGBM__Top15__global__richer,turbine_id,,5782,0.15102322261202197,0.2276662603338465,0.15102322261202197,15.102322261202197,0.008674414155834979,0.6079412240753452,turbine_1,
LightGBM__Top15__global__richer,turbine_id,,5770,0.15166610221646212,0.23006518925890637,0.15166610221646212,15.166610221646213,0.014306420585047021,0.5965916370932911,turbine_2,
LightGBM__Top15__global__richer,turbine_id+horizon_bucket,D1,2891,0.14302741954399628,0.21637266229447696,0.14302741954399628,14.302741954399629,0.011341568696563031,0.6458733512995529,turbine_1,
LightGBM__Top15__global__richer,turbine_id+horizon_bucket,D2,2891,0.1590190256800477,0.2384255087032378,0.1590190256800477,15.90190256800477,0.0060072596151069324,0.5700090968511377,turbine_1,
LightGBM__Top15__global__richer,turbine_id+horizon_bucket,D1,2885,0.14367703043485766,0.21915491671156836,0.14367703043485766,14.367703043485767,0.01696341366721043,0.6339457012355505,turbine_2,
LightGBM__Top15__global__richer,turbine_id+horizon_bucket,D2,2885,0.15965517399806659,0.24048098697946657,0.15965517399806659,15.965517399806659,0.01164942750288361,0.5592375729510317,turbine_2,
LightGBM__Top15__global__richer,lead_hours,,242,0.13661826133502442,0.19852366161218304,0.13661826133502442,13.66182613350244,0.01611832627132555,0.617011388597705,,1.0
LightGBM__Top15__global__richer,lead_hours,,242,0.13292847628384133,0.19772997477847393,0.13292847628384133,13.292847628384132,0.0040959690854650045,0.6297674744717102,,2.0
LightGBM__Top15__global__richer,lead_hours,,242,0.14776669804920714,0.2157755838175111,0.14776669804920714,14.776669804920713,0.012577125738649681,0.5873661160413728,,3.0
LightGBM__Top15__global__richer,lead_hours,,242,0.12553626648196867,0.19455087484318123,0.12553626648196867,12.553626648196866,0.013680453605176614,0.6707252682918532,,4.0
LightGBM__Top15__global__richer,lead_hours,,242,0.1262027513188713,0.1952618426689936,0.1262027513188713,12.62027513188713,0.02950943389268207,0.6807539393258749,,5.0
LightGBM__Top15__global__richer,lead_hours,,241,0.1313718989886204,0.20166764778802962,0.1313718989886204,13.13718989886204,0.05052830248851652,0.645240467810959,,6.0
LightGBM__Top15__global__richer,lead_hours,,239,0.14530876623844916,0.22124751989672728,0.14530876623844916,14.530876623844916,0.04846948516780046,0.5557945190466106,,7.0
LightGBM__Top15__global__richer,lead_hours,,239,0.166493718987229,0.24649262620281628,0.166493718987229,16.6493718987229,0.04682675709231181,0.49345829234571315,,8.0
LightGBM__Top15__global__richer,lead_hours,,239,0.16873807490869044,0.25593462601899564,0.16873807490869044,16.873807490869044,0.06409956532236102,0.49431028676692534,,9.0
LightGBM__Top15__global__richer,lead_hours,,236,0.1557692660515468,0.24098667780866362,0.1557692660515468,15.57692660515468,0.0721783915071783,0.6010795672035834,,10.0
LightGBM__Top15__global__richer,lead_hours,,240,0.13351355367699985,0.21482084939390172,0.13351355367699985,13.351355367699986,0.05638581869739463,0.7040244272110084,,11.0
LightGBM__Top15__global__richer,lead_hours,,240,0.14397305025649423,0.2197547835620253,0.14397305025649423,14.397305025649423,0.022626382730047488,0.6868658135822507,,12.0
LightGBM__Top15__global__richer,lead_hours,,240,0.133794283956547,0.20779207935067945,0.133794283956547,13.379428395654699,-0.005202208958175086,0.7205538132183589,,13.0
LightGBM__Top15__global__richer,lead_hours,,240,0.14170181770067583,0.221821199185979,0.14170181770067583,14.170181770067583,-2.1697933033215656e-05,0.6705435125064092,,14.0
LightGBM__Top15__global__richer,lead_hours,,239,0.12079467438012417,0.20600027358971482,0.12079467438012417,12.079467438012417,-0.003386202480506586,0.7122457258140779,,15.0
LightGBM__Top15__global__richer,lead_hours,,241,0.1405375515733501,0.23102927567472567,0.1405375515733501,14.05375515733501,0.007362948845926035,0.6243443164599536,,16.0
LightGBM__Top15__global__richer,lead_hours,,242,0.16564604326873647,0.25379653959070064,0.16564604326873647,16.564604326873646,0.0025809166125558944,0.554771196844777,,17.0
LightGBM__Top15__global__richer,lead_hours,,242,0.16519912230070274,0.2448922236807529,0.16519912230070274,16.519912230070275,-0.012417785036453435,0.5440075193701364,,18.0
LightGBM__Top15__global__richer,lead_hours,,240,0.1599889846625267,0.24209203728732226,0.1599889846625267,15.99889846625267,-0.03163542082725635,0.553144572313105,,19.0
LightGBM__Top15__global__richer,lead_hours,,242,0.1578775430749048,0.2198832111004219,0.1578775430749048,15.78775430749048,-0.03132492520400998,0.6191890633428938,,20.0
LightGBM__Top15__global__richer,lead_hours,,242,0.14538965390176406,0.20287520384929097,0.14538965390176406,14.538965390176406,-0.02018889449154806,0.6546615780437424,,21.0
LightGBM__Top15__global__richer,lead_hours,,240,0.14221405482992455,0.1986474568412815,0.14221405482992455,14.221405482992456,0.0013083608253140811,0.6703431386819196,,22.0
LightGBM__Top15__global__richer,lead_hours,,242,0.12909932344651417,0.19505481709957473,0.12909932344651417,12.909932344651418,-0.003077882468588211,0.6689921016690226,,23.0
LightGBM__Top15__global__richer,lead_hours,,242,0.12453370542992592,0.17636768657939067,0.12453370542992592,12.453370542992593,0.0009474258656996519,0.7151037605863828,,24.0
LightGBM__Top15__global__richer,lead_hours,,242,0.1478110333552388,0.21311488417165433,0.1478110333552388,14.781103335523879,0.027599032900673528,0.5586441666124705,,25.0
LightGBM__Top15__global__richer,lead_hours,,242,0.1476355077730789,0.21846823962336875,0.1476355077730789,14.763550777307891,0.015366704902143117,0.548033583009593,,26.0
LightGBM__Top15__global__richer,lead_hours,,242,0.15359061204690072,0.23221195513431106,0.15359061204690072,15.359061204690072,0.017470242343820417,0.522108355648218,,27.0
LightGBM__Top15__global__richer,lead_hours,,242,0.1431975249126057,0.2181392689807204,0.1431975249126057,14.319752491260571,0.011303537485356894,0.5860387065225514,,28.0
LightGBM__Top15__global__richer,lead_hours,,242,0.15381564760154826,0.23327236681632163,0.15381564760154826,15.381564760154825,0.012692360770402575,0.5443646911066156,,29.0
LightGBM__Top15__global__richer,lead_hours,,241,0.15258727533871622,0.23281127775701035,0.15258727533871622,15.258727533871621,0.03226900735327001,0.5272085253438583,,30.0
LightGBM__Top15__global__richer,lead_hours,,239,0.1556533618409089,0.23226672921962263,0.1556533618409089,15.565336184090889,0.034569469728361044,0.5104454411674366,,31.0
LightGBM__Top15__global__richer,lead_hours,,239,0.17886463323183052,0.2697086061341242,0.17886463323183052,17.88646332318305,0.03475797577665446,0.3935472700022232,,32.0
LightGBM__Top15__global__richer,lead_hours,,239,0.1809872704424764,0.27748824073671396,0.1809872704424764,18.09872704424764,0.053346482703808415,0.40555018929877773,,33.0
LightGBM__Top15__global__richer,lead_hours,,236,0.16883453945827717,0.26194419885191483,0.16883453945827717,16.883453945827718,0.06007536446909459,0.5286779240761863,,34.0
LightGBM__Top15__global__richer,lead_hours,,240,0.15964562819502343,0.2464490195606423,0.15964562819502343,15.964562819502342,0.05289082194741479,0.6104553892752567,,35.0
LightGBM__Top15__global__richer,lead_hours,,240,0.16229276148829422,0.24030901442852595,0.16229276148829422,16.22927614882942,0.01190165653152201,0.6255499146069077,,36.0
LightGBM__Top15__global__richer,lead_hours,,240,0.14153772654530802,0.22258386486274487,0.14153772654530802,14.153772654530803,-0.0112105823360575,0.6793527143732531,,37.0
LightGBM__Top15__global__richer,lead_hours,,240,0.1495864727631864,0.2322461127057838,0.1495864727631864,14.95864727631864,-0.009198283802343705,0.6388489569917106,,38.0
LightGBM__Top15__global__richer,lead_hours,,239,0.14523424899590162,0.2265812859490254,0.14523424899590162,14.523424899590163,-0.02183623127723499,0.6518757607752601,,39.0
LightGBM__Top15__global__richer,lead_hours,,241,0.1574092692243173,0.24327216630148546,0.1574092692243173,15.740926922431731,-0.020762984205687264,0.5834752850022691,,40.0
LightGBM__Top15__global__richer,lead_hours,,242,0.1710721135485947,0.2627912855832583,0.1710721135485947,17.10721135485947,-0.008630817264469627,0.5226534604159605,,41.0
LightGBM__Top15__global__richer,lead_hours,,242,0.17873081298729745,0.2698742927010328,0.17873081298729745,17.873081298729744,-0.016204008126137984,0.4462283405715607,,42.0
LightGBM__Top15__global__richer,lead_hours,,240,0.1910244020017585,0.27597280738956387,0.1910244020017585,19.10244020017585,-0.03257175158523905,0.41931767083426785,,43.0
LightGBM__Top15__global__richer,lead_hours,,242,0.17805804040386433,0.2522217043273165,0.17805804040386433,17.805804040386434,-0.033232923310229166,0.4989394816942371,,44.0
LightGBM__Top15__global__richer,lead_hours,,242,0.16725241798558604,0.22848946450271462,0.16725241798558604,16.725241798558603,-0.014448990002560384,0.5619544009891739,,45.0
LightGBM__Top15__global__richer,lead_hours,,240,0.1511456816233091,0.21182406131299483,0.1511456816233091,15.11456816233091,0.0016524235670701344,0.6251593506300963,,46.0
LightGBM__Top15__global__richer,lead_hours,,242,0.14681670473465702,0.21801092659427446,0.14681670473465702,14.681670473465703,0.00238327493398867,0.5864942833535571,,47.0
LightGBM__Top15__global__richer,lead_hours,,242,0.141781883317518,0.20583598934309916,0.141781883317518,14.178188331751802,0.013359479977763336,0.611946770224403,,48.0
LightGBM__Top20__global__regularized,horizon_bucket,D1,5776,0.14347292930619945,0.2188580440482627,0.14347292930619945,14.347292930619945,0.01715384708507069,0.6363624000831858,,
LightGBM__Top20__global__regularized,horizon_bucket,D2,5776,0.16061860009665957,0.24156144808178828,0.16061860009665957,16.061860009665956,0.012685931493863932,0.5570048165431505,,
LightGBM__Top20__global__regularized,turbine_id,,5782,0.15151269107857376,0.2289966794792187,0.15151269107857376,15.151269107857376,0.012280076596196064,0.6033456678276127,turbine_1,
LightGBM__Top20__global__regularized,turbine_id,,5770,0.15257994696960148,0.23197569685689368,0.15257994696960148,15.257994696960148,0.017565192061130105,0.5898638498080941,turbine_2,
LightGBM__Top20__global__regularized,turbine_id+horizon_bucket,D1,2891,0.14299616782668872,0.21725187946003716,0.14299616782668872,14.299616782668872,0.014515581465295574,0.6429895598861168,turbine_1,
LightGBM__Top20__global__regularized,turbine_id+horizon_bucket,D2,2891,0.16002921433045877,0.24016781486306096,0.16002921433045877,16.002921433045877,0.010044571727096564,0.5637017757691085,turbine_1,
LightGBM__Top20__global__regularized,turbine_id+horizon_bucket,D1,2885,0.14395068231738337,0.2204558108371938,0.14395068231738337,14.395068231738337,0.01979759956575348,0.6295870380657721,turbine_2,
LightGBM__Top20__global__regularized,turbine_id+horizon_bucket,D2,2885,0.1612092116218196,0.2429499605527819,0.1612092116218196,16.120921162181958,0.015332784556506718,0.5501406615504163,turbine_2,
LightGBM__Top20__global__regularized,lead_hours,,242,0.14074260059888036,0.20322045494872398,0.14074260059888036,14.074260059888037,0.027698498656914088,0.5986750642348316,,1.0
LightGBM__Top20__global__regularized,lead_hours,,242,0.14032030562220346,0.20345754493990004,0.14032030562220346,14.032030562220346,0.014588926934167757,0.6080080512195392,,2.0
LightGBM__Top20__global__regularized,lead_hours,,242,0.15419680317585036,0.22519407150730575,0.15419680317585036,15.419680317585035,0.027236199017306423,0.5505574425451645,,3.0
LightGBM__Top20__global__regularized,lead_hours,,242,0.12706330984459388,0.20371964570939913,0.12706330984459388,12.706330984459388,0.030597946357800405,0.6389578947540553,,4.0
LightGBM__Top20__global__regularized,lead_hours,,242,0.12988454605000077,0.2050629777381932,0.12988454605000077,12.988454605000078,0.0382489117311693,0.6479005884539784,,5.0
LightGBM__Top20__global__regularized,lead_hours,,241,0.13332925876299645,0.20847089487603176,0.13332925876299645,13.332925876299646,0.05404392279222544,0.620901148051991,,6.0
LightGBM__Top20__global__regularized,lead_hours,,239,0.1461358203586789,0.22339365673624761,0.1461358203586789,14.61358203586789,0.05038545919901142,0.5471349918831188,,7.0
LightGBM__Top20__global__regularized,lead_hours,,239,0.16401198386630642,0.2479446999406782,0.16401198386630642,16.401198386630643,0.047825293967554514,0.4874726981976374,,8.0
LightGBM__Top20__global__regularized,lead_hours,,239,0.1727950199817711,0.2643302409198387,0.1727950199817711,17.27950199817711,0.07059148110388377,0.4605890856756131,,9.0
LightGBM__Top20__global__regularized,lead_hours,,236,0.15574933971586088,0.24338767805318626,0.15574933971586088,15.574933971586088,0.07704344803907419,0.5930909141744023,,10.0
LightGBM__Top20__global__regularized,lead_hours,,240,0.13623892426581644,0.21860895857816137,0.13623892426581644,13.623892426581644,0.06055272050252252,0.6934940416106956,,11.0
LightGBM__Top20__global__regularized,lead_hours,,240,0.13928985730533464,0.21482513236727857,0.13928985730533464,13.928985730533464,0.022883073270984388,0.7007570099990266,,12.0
LightGBM__Top20__global__regularized,lead_hours,,240,0.13159108390781254,0.20403475727807344,0.13159108390781254,13.159108390781254,-0.006923219989088297,0.7305684056067004,,13.0
LightGBM__Top20__global__regularized,lead_hours,,240,0.1388278600356694,0.2185460906352788,0.1388278600356694,13.882786003566942,-0.0006371245118235355,0.6802003009585329,,14.0
LightGBM__Top20__global__regularized,lead_hours,,239,0.12042831685974949,0.20353306026757542,0.12042831685974949,12.04283168597495,-0.0067309892543249,0.7190971703618915,,15.0
LightGBM__Top20__global__regularized,lead_hours,,241,0.1367532363638613,0.224199749651691,0.1367532363638613,13.67532363638613,-0.00045911607358492453,0.6462257837057501,,16.0
LightGBM__Top20__global__regularized,lead_hours,,242,0.1599087394397095,0.2472691954040889,0.1599087394397095,15.990873943970952,-0.011109302301484787,0.5773782043290752,,17.0
LightGBM__Top20__global__regularized,lead_hours,,242,0.16383592588167625,0.23960650849646561,0.16383592588167625,16.383592588167627,-0.020121422620985943,0.5634792294460492,,18.0
LightGBM__Top20__global__regularized,lead_hours,,240,0.1548550484351062,0.23797115238147445,0.1548550484351062,15.48550484351062,-0.034593649865642735,0.5682278219347006,,19.0
LightGBM__Top20__global__regularized,lead_hours,,242,0.14892443361387153,0.20958716204244626,0.14892443361387153,14.892443361387153,-0.0318578020721005,0.6540171073110964,,20.0
LightGBM__Top20__global__regularized,lead_hours,,242,0.14725821811113315,0.20320489643874592,0.14725821811113315,14.725821811113315,-0.016528387109629606,0.6535382467569266,,21.0
LightGBM__Top20__global__regularized,lead_hours,,240,0.1414293124362537,0.19782277766515946,0.1414293124362537,14.14293124362537,0.004606955753210725,0.673074579005974,,22.0
LightGBM__Top20__global__regularized,lead_hours,,242,0.1315164755611451,0.20090117180401776,0.1315164755611451,13.15164755611451,0.004020359504235699,0.6488522126286684,,23.0
LightGBM__Top20__global__regularized,lead_hours,,242,0.12871025667349306,0.1852900928922197,0.12871025667349306,12.871025667349306,0.012581856240051223,0.6855489290631323,,24.0
LightGBM__Top20__global__regularized,lead_hours,,242,0.15215094896534487,0.21677292622319563,0.15215094896534487,15.215094896534486,0.03939351516648911,0.5433626967001659,,25.0
LightGBM__Top20__global__regularized,lead_hours,,242,0.15321547994569623,0.2211109669426193,0.15321547994569623,15.321547994569624,0.028302766154453183,0.5370329153943763,,26.0
LightGBM__Top20__global__regularized,lead_hours,,242,0.15827581307950614,0.237070051056713,0.15827581307950614,15.827581307950615,0.034299440423402244,0.501903289575972,,27.0
LightGBM__Top20__global__regularized,lead_hours,,242,0.14757487926021712,0.22428217081911364,0.14757487926021712,14.757487926021712,0.029388770031434867,0.5623957508095396,,28.0
LightGBM__Top20__global__regularized,lead_hours,,242,0.15593543665912954,0.23926187045260403,0.15593543665912954,15.593543665912954,0.025950563432330882,0.5206665165689179,,29.0
LightGBM__Top20__global__regularized,lead_hours,,241,0.15380789943750853,0.2373097309122095,0.15380789943750853,15.380789943750854,0.03881153022206251,0.5087611548767615,,30.0
LightGBM__Top20__global__regularized,lead_hours,,239,0.15881582064875738,0.24042963281901467,0.15881582064875738,15.881582064875738,0.041921697240165506,0.4754304502310771,,31.0
LightGBM__Top20__global__regularized,lead_hours,,239,0.18263132730595696,0.27689113880085664,0.18263132730595696,18.263132730595697,0.04372648971284263,0.36081663878741976,,32.0
LightGBM__Top20__global__regularized,lead_hours,,239,0.17959299351896868,0.2778471560561138,0.17959299351896868,17.959299351896867,0.059647900809011285,0.4040114204788997,,33.0
LightGBM__Top20__global__regularized,lead_hours,,236,0.1695084103707106,0.2644364274287413,0.1695084103707106,16.95084103707106,0.06517989021697466,0.5196666130381115,,34.0
LightGBM__Top20__global__regularized,lead_hours,,240,0.15955730964279333,0.25080518306176236,0.15955730964279333,15.955730964279333,0.05453017688869823,0.5965627216669531,,35.0
LightGBM__Top20__global__regularized,lead_hours,,240,0.15634055361325347,0.23573619364503004,0.15634055361325347,15.634055361325347,0.01022345362259135,0.6396650870501022,,36.0
LightGBM__Top20__global__regularized,lead_hours,,240,0.1420928474419066,0.2224107834890703,0.1420928474419066,14.20928474419066,-0.014929852735017296,0.6798511916103598,,37.0
LightGBM__Top20__global__regularized,lead_hours,,240,0.14819818927296174,0.2298681867899258,0.14819818927296174,14.819818927296174,-0.014139996213779127,0.6462066166303373,,38.0
LightGBM__Top20__global__regularized,lead_hours,,239,0.14531342246620566,0.2244363173171603,0.14531342246620566,14.531342246620566,-0.02689652627637293,0.6584357122535598,,39.0
LightGBM__Top20__global__regularized,lead_hours,,241,0.15979903268277512,0.2421550696281427,0.15979903268277512,15.979903268277512,-0.029662525677616024,0.5872918338841044,,40.0
LightGBM__Top20__global__regularized,lead_hours,,242,0.16658151173202193,0.25568840582265984,0.16658151173202193,16.658151173202192,-0.020921798066687255,0.54810875178345,,41.0
LightGBM__Top20__global__regularized,lead_hours,,242,0.17615614884156278,0.2668128809912603,0.17615614884156278,17.615614884156276,-0.025632234792376956,0.4587208776435584,,42.0
LightGBM__Top20__global__regularized,lead_hours,,240,0.1883143819696661,0.2734531997303586,0.1883143819696661,18.83143819696661,-0.03611360015053791,0.42987242590859887,,43.0
LightGBM__Top20__global__regularized,lead_hours,,242,0.17501051489906744,0.2502401647794315,0.17501051489906744,17.501051489906743,-0.0336958515234275,0.5067815591109234,,44.0
LightGBM__Top20__global__regularized,lead_hours,,242,0.16941084044376692,0.2322540812184864,0.16941084044376692,16.94108404437669,-0.012208411166344746,0.54740091647342,,45.0
LightGBM__Top20__global__regularized,lead_hours,,240,0.15026454558231245,0.21920145305236377,0.15026454558231245,15.026454558231245,0.010387703671945506,0.5985948335998001,,46.0
LightGBM__Top20__global__regularized,lead_hours,,242,0.15784069224914948,0.22752949817578855,0.15784069224914948,15.784069224914948,0.013738088082681356,0.5495978920746151,,47.0
LightGBM__Top20__global__regularized,lead_hours,,242,0.14878574335718972,0.2143930198331204,0.14878574335718972,14.878574335718971,0.024687584104882566,0.5790117610487886,,48.0
LightGBM__Top20__global__richer,horizon_bucket,D1,5776,0.14315129493463916,0.21735743418510886,0.14315129493463916,14.315129493463916,0.014453479012850283,0.6413318992684484,,
LightGBM__Top20__global__richer,horizon_bucket,D2,5776,0.1594083347381002,0.23849959425076225,0.1594083347381002,15.94083347381002,0.009341117145069295,0.5681638010205945,,
LightGBM__Top20__global__richer,turbine_id,,5782,0.1508056367159286,0.22696770545193748,0.1508056367159286,15.08056367159286,0.009234885744102878,0.6103434632383649,turbine_1,
LightGBM__Top20__global__richer,turbine_id,,5770,0.15175497911581343,0.2293754841309502,0.15175497911581343,15.175497911581342,0.014565247493195954,0.5990067418276288,turbine_2,
LightGBM__Top20__global__richer,turbine_id+horizon_bucket,D1,2891,0.1426541138600635,0.21598586573769823,0.1426541138600635,14.265411386006349,0.011814964613776398,0.6471383219841308,turbine_1,
LightGBM__Top20__global__richer,turbine_id+horizon_bucket,D2,2891,0.1589571595717937,0.23744217072325607,0.1589571595717937,15.895715957179371,0.006654806874429355,0.573548604492599,turbine_1,
LightGBM__Top20__global__richer,turbine_id+horizon_bucket,D1,2885,0.14364951000798346,0.21872322761102647,0.14364951000798346,14.364951000798346,0.0170974807902238,0.6353863809030716,turbine_2,
LightGBM__Top20__global__richer,turbine_id+horizon_bucket,D2,2885,0.1598604482236434,0.23955453480164107,0.1598604482236434,15.98604482236434,0.01203301419616811,0.5626271027521861,turbine_2,
LightGBM__Top20__global__richer,lead_hours,,242,0.13962030642143558,0.20159019881137064,0.13962030642143558,13.962030642143558,0.021769870355994425,0.605088180062922,,1.0
LightGBM__Top20__global__richer,lead_hours,,242,0.13828781530592732,0.20463759817988333,0.13828781530592732,13.828781530592732,0.01027517615059176,0.6034477600224584,,2.0
LightGBM__Top20__global__richer,lead_hours,,242,0.15100321600549585,0.21968201080799157,0.15100321600549585,15.100321600549584,0.01556336459093213,0.5722901250837165,,3.0
LightGBM__Top20__global__richer,lead_hours,,242,0.12522832608740164,0.19513723480683684,0.12522832608740164,12.522832608740163,0.016891798249459404,0.6687374646025326,,4.0
LightGBM__Top20__global__richer,lead_hours,,242,0.1281757396049557,0.19866601431187086,0.1281757396049557,12.81757396049557,0.031974737921759165,0.6695255122354737,,5.0
LightGBM__Top20__global__richer,lead_hours,,241,0.1313258132616785,0.20376607080067505,0.1313258132616785,13.13258132616785,0.04954158585239183,0.637819261367184,,6.0
LightGBM__Top20__global__richer,lead_hours,,239,0.14338148441335166,0.2199269656217247,0.14338148441335166,14.338148441335166,0.043446964405466075,0.5610813294273092,,7.0
LightGBM__Top20__global__richer,lead_hours,,239,0.1622417652588139,0.24180118249989566,0.1622417652588139,16.22417652588139,0.041203875205842726,0.5125566082686701,,8.0
LightGBM__Top20__global__richer,lead_hours,,239,0.17036791157659456,0.2595918496460573,0.17036791157659456,17.036791157659454,0.06283221432068437,0.4797547402371197,,9.0
LightGBM__Top20__global__richer,lead_hours,,236,0.15351443482524293,0.23975531331369637,0.15351443482524293,15.351443482524294,0.06834394890447196,0.6051458623414143,,10.0
LightGBM__Top20__global__richer,lead_hours,,240,0.13377748054798133,0.21613453897421878,0.13377748054798133,13.377748054798133,0.054625376299446485,0.7003934118909554,,11.0
LightGBM__Top20__global__richer,lead_hours,,240,0.14047532318415917,0.21665505433933852,0.14047532318415917,14.047532318415918,0.021973718513453658,0.6956372778647568,,12.0
LightGBM__Top20__global__richer,lead_hours,,240,0.13190818327844178,0.20661965207915442,0.13190818327844178,13.190818327844179,-0.003447410141456614,0.7236983607432388,,13.0
LightGBM__Top20__global__richer,lead_hours,,240,0.14086939046115138,0.21888254154654455,0.14086939046115138,14.086939046115138,0.0021274527260502535,0.6792148820716506,,14.0
LightGBM__Top20__global__richer,lead_hours,,239,0.12267243841525732,0.20352766282656973,0.12267243841525732,12.267243841525733,-0.004738072756537683,0.7191120685444867,,15.0
LightGBM__Top20__global__richer,lead_hours,,241,0.13755802974441209,0.22665878888569493,0.13755802974441209,13.755802974441208,0.004308260707713377,0.6384227822519353,,16.0
LightGBM__Top20__global__richer,lead_hours,,242,0.1627985764942602,0.24910729411813062,0.1627985764942602,16.27985764942602,-0.00037547310502960933,0.5710716535909122,,17.0
LightGBM__Top20__global__richer,lead_hours,,242,0.1650515819176471,0.24142042314578463,0.1650515819176471,16.50515819176471,-0.014312873152881819,0.5568449473812846,,18.0
LightGBM__Top20__global__richer,lead_hours,,240,0.15783152813477277,0.24227291084615388,0.15783152813477277,15.783152813477278,-0.03537453312931015,0.5524766071422937,,19.0
LightGBM__Top20__global__richer,lead_hours,,242,0.15439692196506527,0.2148108368144454,0.15439692196506527,15.439692196506527,-0.03172936300161519,0.6365558815095711,,20.0
LightGBM__Top20__global__richer,lead_hours,,242,0.1466143135704357,0.20369582671459877,0.1466143135704357,14.66143135704357,-0.01720106860425929,0.651862164844293,,21.0
LightGBM__Top20__global__richer,lead_hours,,240,0.14320169569860883,0.19900697629093164,0.14320169569860883,14.320169569860882,0.004743533802646656,0.6691488087428443,,22.0
LightGBM__Top20__global__richer,lead_hours,,242,0.1298839124331928,0.19523659774933347,0.1298839124331928,12.988391243319281,-0.0008283524039463067,0.6683748508907443,,23.0
LightGBM__Top20__global__richer,lead_hours,,242,0.12586326592278965,0.17731277327985287,0.12586326592278965,12.586326592278965,0.007413117618207601,0.7120422807858147,,24.0
LightGBM__Top20__global__richer,lead_hours,,242,0.15019289419622192,0.21252604386261978,0.15019289419622192,15.019289419622192,0.03028040198276526,0.5610797456059237,,25.0
LightGBM__Top20__global__richer,lead_hours,,242,0.14859395699259417,0.21842356542071314,0.14859395699259417,14.859395699259418,0.01819811475379864,0.5482184078143765,,26.0
LightGBM__Top20__global__richer,lead_hours,,242,0.15452931176449122,0.23385361850724942,0.15452931176449122,15.452931176449122,0.024404131216350773,0.5153273919343142,,27.0
LightGBM__Top20__global__richer,lead_hours,,242,0.14549583384172746,0.21982944665398338,0.14549583384172746,14.549583384172745,0.01853275390041068,0.5795989791961781,,28.0
LightGBM__Top20__global__richer,lead_hours,,242,0.15605927190924468,0.23514662862839308,0.15605927190924468,15.605927190924469,0.015988347788197094,0.5370135368656422,,29.0
LightGBM__Top20__global__richer,lead_hours,,241,0.1523976130697593,0.23283530078706097,0.1523976130697593,15.239761306975929,0.03243083907106768,0.5271109487152337,,30.0
LightGBM__Top20__global__richer,lead_hours,,239,0.15501256684687897,0.23288326007815238,0.15501256684687897,15.501256684687897,0.035010419160614765,0.5078430359275921,,31.0
LightGBM__Top20__global__richer,lead_hours,,239,0.1774823598338542,0.26794720318261345,0.1774823598338542,17.74823598338542,0.030016376114485082,0.40144260221627637,,32.0
LightGBM__Top20__global__richer,lead_hours,,239,0.17957610541426386,0.2745068589084253,0.17957610541426386,17.957610541426387,0.0520053851130332,0.41825531155387985,,33.0
LightGBM__Top20__global__richer,lead_hours,,236,0.16869558509443233,0.26235761483939063,0.16869558509443233,16.869558509443234,0.06035700587740592,0.5271890127287225,,34.0
LightGBM__Top20__global__richer,lead_hours,,240,0.15796892595733614,0.2481249022294072,0.15796892595733614,15.796892595733613,0.05273580072572459,0.6051394766580603,,35.0
LightGBM__Top20__global__richer,lead_hours,,240,0.1559415513680951,0.23475998494797848,0.1559415513680951,15.59415513680951,0.00804922325393614,0.6426432782928289,,36.0
LightGBM__Top20__global__richer,lead_hours,,240,0.14243975739983109,0.22145895901946394,0.14243975739983109,14.243975739983108,-0.01160047154573669,0.6825855322447778,,37.0
LightGBM__Top20__global__richer,lead_hours,,240,0.15007822010986788,0.2315435222904347,0.15007822010986788,15.007822010986787,-0.011834222236679005,0.6410307584403037,,38.0
LightGBM__Top20__global__richer,lead_hours,,239,0.14813830767491745,0.2281674437875108,0.14813830767491745,14.813830767491746,-0.020635879632381258,0.6469846884458925,,39.0
LightGBM__Top20__global__richer,lead_hours,,241,0.15990480706628765,0.24190861366624117,0.15990480706628765,15.990480706628766,-0.02268169651401556,0.5881314828557918,,40.0
LightGBM__Top20__global__richer,lead_hours,,242,0.17200676233312412,0.2624828372166846,0.17200676233312412,17.20067623331241,-0.009876528549333661,0.5237733632417922,,41.0
LightGBM__Top20__global__richer,lead_hours,,242,0.17810526058258694,0.2697967180928671,0.17810526058258694,17.810526058258695,-0.02111249947845634,0.4465466550349073,,42.0
LightGBM__Top20__global__richer,lead_hours,,240,0.18736990141047347,0.2700056803220327,0.18736990141047347,18.736990141047347,-0.03678283821972136,0.4441573993178136,,43.0
LightGBM__Top20__global__richer,lead_hours,,242,0.17395283961510752,0.2457497466346503,0.17395283961510752,17.395283961510753,-0.03394568967673213,0.5243237930477216,,44.0
LightGBM__Top20__global__richer,lead_hours,,242,0.16855378431376727,0.22508695056712205,0.16855378431376727,16.855378431376728,-0.014805765226763187,0.5749034340139617,,45.0
LightGBM__Top20__global__richer,lead_hours,,240,0.15107182719299317,0.21283327498948834,0.15107182719299317,15.107182719299317,0.005707951209899368,0.6215790634859693,,46.0
LightGBM__Top20__global__richer,lead_hours,,242,0.14837146279276295,0.21717534043342784,0.14837146279276295,14.837146279276295,0.008594110104590814,0.5896579551073651,,47.0
LightGBM__Top20__global__richer,lead_hours,,242,0.144248637699366,0.20521993259246255,0.144248637699366,14.4248637699366,0.01669995228019965,0.6142661416918794,,48.0
CatBoost__Top15__global__regularized,horizon_bucket,D1,5776,0.14401700298436076,0.21839409293654952,0.14401700298436076,14.401700298436076,0.02202831673719487,0.6379024965194102,,
CatBoost__Top15__global__regularized,horizon_bucket,D2,5776,0.16021484646120396,0.2408541359461824,0.16021484646120396,16.021484646120395,0.02035771524593557,0.5595952723872827,,
CatBoost__Top15__global__regularized,turbine_id,,5782,0.15151337790712746,0.22852448948031637,0.15151337790712746,15.151337790712747,0.01950839242884006,0.604979779790978,turbine_1,
CatBoost__Top15__global__regularized,turbine_id,,5770,0.15271972466872974,0.23126729636396962,0.15271972466872974,15.271972466872974,0.022881143104160864,0.5923649482652809,turbine_2,
CatBoost__Top15__global__regularized,turbine_id+horizon_bucket,D1,2891,0.14344890230976923,0.21692656776397823,0.14344890230976923,14.344890230976922,0.020340248059949908,0.6440579300989717,turbine_1,
CatBoost__Top15__global__regularized,turbine_id+horizon_bucket,D2,2891,0.1595778535044857,0.23956157618161264,0.1595778535044857,15.95778535044857,0.018676536797730216,0.5659016294829842,turbine_1,
CatBoost__Top15__global__regularized,turbine_id+horizon_bucket,D1,2885,0.14458628515082314,0.21985484410338826,0.14458628515082314,14.458628515082314,0.02371989612919321,0.6316037910207839,turbine_2,
CatBoost__Top15__global__regularized,turbine_id+horizon_bucket,D2,2885,0.16085316418663634,0.24214246273480233,0.16085316418663634,16.085316418663634,0.022042390079128532,0.5531261055097776,turbine_2,
CatBoost__Top15__global__regularized,lead_hours,,242,0.13877904347906703,0.19572956803678518,0.13877904347906703,13.877904347906703,0.026756811405357322,0.627716162839902,,1.0
CatBoost__Top15__global__regularized,lead_hours,,242,0.13423548707133406,0.19629252271203462,0.13423548707133406,13.423548707133406,0.011565478360046124,0.6351309207949121,,2.0
CatBoost__Top15__global__regularized,lead_hours,,242,0.1491726364381427,0.21520873928917836,0.1491726364381427,14.917263643814268,0.020984535391984235,0.5895312547229146,,3.0
CatBoost__Top15__global__regularized,lead_hours,,242,0.1264764619369962,0.19902130024385647,0.1264764619369962,12.647646193699618,0.025990124314032123,0.6554191428786897,,4.0
CatBoost__Top15__global__regularized,lead_hours,,242,0.12519695181256274,0.19678965476883353,0.12519695181256274,12.519695181256274,0.03275434582981987,0.6757385593417309,,5.0
CatBoost__Top15__global__regularized,lead_hours,,241,0.13341129656472128,0.20327965238837628,0.13341129656472128,13.341129656472129,0.053042896233647205,0.6395463507316422,,6.0
CatBoost__Top15__global__regularized,lead_hours,,239,0.14463711247607708,0.2206758730709862,0.14463711247607708,14.463711247607709,0.054929177310805925,0.5580869796358875,,7.0
CatBoost__Top15__global__regularized,lead_hours,,239,0.16317826441729455,0.24503023973323818,0.16317826441729455,16.317826441729455,0.05133391400834229,0.49945086395910665,,8.0
CatBoost__Top15__global__regularized,lead_hours,,239,0.1711244664952737,0.2606536816898445,0.1711244664952737,17.11244664952737,0.0790718104248634,0.47549002329141854,,9.0
CatBoost__Top15__global__regularized,lead_hours,,236,0.1616410907532003,0.2537647526843128,0.1616410907532003,16.16410907532003,0.08677902548027347,0.5576532800795241,,10.0
CatBoost__Top15__global__regularized,lead_hours,,240,0.14513320209241512,0.23273522577102115,0.14513320209241512,14.513320209241511,0.07518189461533939,0.6526020485703438,,11.0
CatBoost__Top15__global__regularized,lead_hours,,240,0.13746538636522504,0.21456626746869845,0.13746538636522504,13.746538636522503,0.030638820428039153,0.7014777528053368,,12.0
CatBoost__Top15__global__regularized,lead_hours,,240,0.12768951470678935,0.20061598955185012,0.12768951470678935,12.768951470678935,5.0767843607172715e-05,0.7395218502217433,,13.0
CatBoost__Top15__global__regularized,lead_hours,,240,0.1381948946523398,0.21760904891536476,0.1381948946523398,13.81948946523398,0.0062286672125616595,0.6829367784997775,,14.0
CatBoost__Top15__global__regularized,lead_hours,,239,0.12548671030737127,0.20505364120227448,0.12548671030737127,12.548671030737127,0.0012053170498746311,0.7148842819395056,,15.0
CatBoost__Top15__global__regularized,lead_hours,,241,0.14129187147045233,0.22875294310250996,0.14129187147045233,14.129187147045233,0.010088842906523381,0.631710521704735,,16.0
CatBoost__Top15__global__regularized,lead_hours,,242,0.1621237247399237,0.2508082568703774,0.1621237247399237,16.21237247399237,0.005112336393898944,0.5651940091604428,,17.0
CatBoost__Top15__global__regularized,lead_hours,,242,0.16868041148322793,0.24397649584735995,0.16868041148322793,16.868041148322792,-0.004563918595883133,0.5474113375694742,,18.0
CatBoost__Top15__global__regularized,lead_hours,,240,0.16047008386026107,0.24189186510654176,0.16047008386026107,16.047008386026107,-0.02741924467223146,0.5538832256509425,,19.0
CatBoost__Top15__global__regularized,lead_hours,,242,0.15320690505231851,0.21354069660041533,0.15320690505231851,15.320690505231852,-0.027232569412600466,0.640841142364694,,20.0
CatBoost__Top15__global__regularized,lead_hours,,242,0.15069894144309645,0.2072711958838715,0.15069894144309645,15.069894144309645,-0.011971126251296442,0.6395335346284268,,21.0
CatBoost__Top15__global__regularized,lead_hours,,240,0.14173620505673964,0.1982978796081519,0.14173620505673964,14.173620505673965,0.010413560414142731,0.6715023695715587,,22.0
CatBoost__Top15__global__regularized,lead_hours,,242,0.1308630836801524,0.19526954370205182,0.1308630836801524,13.08630836801524,0.004182141179184431,0.6682629187175865,,23.0
CatBoost__Top15__global__regularized,lead_hours,,242,0.12613690316889195,0.18008312361228912,0.12613690316889195,12.613690316889196,0.01615396632026295,0.7029738334588942,,24.0
CatBoost__Top15__global__regularized,lead_hours,,242,0.14905485949447514,0.21284445395355955,0.14905485949447514,14.905485949447513,0.03827860749490582,0.5597635649774505,,25.0
CatBoost__Top15__global__regularized,lead_hours,,242,0.1517174316900121,0.2202338585163202,0.1517174316900121,15.171743169001209,0.026941321955318166,0.5406986487386012,,26.0
CatBoost__Top15__global__regularized,lead_hours,,242,0.15459649765668923,0.23002589114468636,0.15459649765668923,15.459649765668923,0.03200262972424067,0.531063831318279,,27.0
CatBoost__Top15__global__regularized,lead_hours,,242,0.1455174956129265,0.22078992191148217,0.1455174956129265,14.55174956129265,0.028426359059006583,0.5759173351778173,,28.0
CatBoost__Top15__global__regularized,lead_hours,,242,0.15072584033151873,0.23218618914283878,0.15072584033151873,15.072584033151873,0.026202606314095198,0.5485979289473497,,29.0
CatBoost__Top15__global__regularized,lead_hours,,241,0.1523128715141701,0.23405676347947815,0.1523128715141701,15.23128715141701,0.04371042692275078,0.522136347095292,,30.0
CatBoost__Top15__global__regularized,lead_hours,,239,0.1569725872361514,0.2347475919307494,0.1569725872361514,15.69725872361514,0.05068510256685366,0.4999316336788103,,31.0
CatBoost__Top15__global__regularized,lead_hours,,239,0.18201138225985009,0.2717774633878339,0.18201138225985009,18.20113822598501,0.05311015063399576,0.38420773700302746,,32.0
CatBoost__Top15__global__regularized,lead_hours,,239,0.1802598670052526,0.27889458612527834,0.1802598670052526,18.02598670052526,0.07122865350535076,0.3995094271466827,,33.0
CatBoost__Top15__global__regularized,lead_hours,,236,0.1755371618607722,0.2721297986177995,0.1755371618607722,17.55371618607722,0.07913320474071384,0.49131092225727535,,34.0
CatBoost__Top15__global__regularized,lead_hours,,240,0.16537546110617438,0.25763266375029686,0.16537546110617438,16.537546110617438,0.07360770134888753,0.5742988155438943,,35.0
CatBoost__Top15__global__regularized,lead_hours,,240,0.15734493274869266,0.23876662905700088,0.15734493274869266,15.734493274869266,0.024242921963205166,0.6303411862999969,,36.0
CatBoost__Top15__global__regularized,lead_hours,,240,0.1393579859503346,0.22083364412968828,0.1393579859503346,13.93579859503346,-0.0060707437557979615,0.6843755142132866,,37.0
CatBoost__Top15__global__regularized,lead_hours,,240,0.149062185247379,0.2301766270940696,0.149062185247379,14.906218524737898,-0.004596966037986132,0.645256529952986,,38.0
CatBoost__Top15__global__regularized,lead_hours,,239,0.14789646242407387,0.2255405067082042,0.14789646242407387,14.789646242407386,-0.016961765849050382,0.6550665656807831,,39.0
CatBoost__Top15__global__regularized,lead_hours,,241,0.15690040372512148,0.2384076959578651,0.15690040372512148,15.690040372512149,-0.014954872206576892,0.5999663985123309,,40.0
CatBoost__Top15__global__regularized,lead_hours,,242,0.1621648520968206,0.25108343316861453,0.1621648520968206,16.21648520968206,0.000772481436214845,0.564239383973427,,41.0
CatBoost__Top15__global__regularized,lead_hours,,242,0.1757915236217904,0.2648917825547446,0.1757915236217904,17.57915236217904,-0.009793428817598699,0.46648742115581565,,42.0
CatBoost__Top15__global__regularized,lead_hours,,240,0.19014923547411183,0.27585044887670745,0.19014923547411183,19.014923547411183,-0.02967458092213593,0.4198324728237638,,43.0
CatBoost__Top15__global__regularized,lead_hours,,242,0.17858330773840722,0.25443939015225714,0.17858330773840722,17.858330773840724,-0.0275227764446213,0.4900894902917048,,44.0
CatBoost__Top15__global__regularized,lead_hours,,242,0.17186923349753375,0.23563374506568677,0.17186923349753375,17.186923349753375,-0.007113467526971735,0.5341330157455739,,45.0
CatBoost__Top15__global__regularized,lead_hours,,240,0.15212109337834442,0.2233182952189861,0.15212109337834442,15.212109337834443,0.016789482023688834,0.5833755932978464,,46.0
CatBoost__Top15__global__regularized,lead_hours,,242,0.15420349513993475,0.22426026311482694,0.15420349513993475,15.420349513993475,0.013487246362314914,0.5624480222967743,,47.0
CatBoost__Top15__global__regularized,lead_hours,,242,0.14622437901964458,0.21317555514898842,0.14622437901964458,14.622437901964458,0.028617226564962933,0.5837794820203299,,48.0
CatBoost__Top15__global__richer,horizon_bucket,D1,5776,0.14448981042842754,0.21919050739582097,0.14448981042842754,14.448981042842753,0.019307113357314484,0.6352567701768036,,
CatBoost__Top15__global__richer,horizon_bucket,D2,5776,0.1603633141999595,0.24095361555349906,0.1603633141999595,16.03633141999595,0.0161284353672319,0.5592313979049504,,
CatBoost__Top15__global__richer,turbine_id,,5782,0.15206241297792605,0.22903213579083517,0.15206241297792605,15.206241297792605,0.016358443156060727,0.6032228277199088,turbine_1,
CatBoost__Top15__global__richer,turbine_id,,5770,0.1527914689801031,0.2316217678521009,0.1527914689801031,15.27914689801031,0.01907993260045698,0.5911143975652586,turbine_2,
CatBoost__Top15__global__richer,turbine_id+horizon_bucket,D1,2891,0.1440842904427623,0.21771913020603556,0.1440842904427623,14.40842904427623,0.017962180628114836,0.6414522403433989,turbine_1,
CatBoost__Top15__global__richer,turbine_id+horizon_bucket,D2,2891,0.16004053551308983,0.23981204888860455,0.16004053551308983,16.004053551308985,0.014754705684006624,0.5649934150964189,turbine_1,
CatBoost__Top15__global__richer,turbine_id+horizon_bucket,D1,2885,0.14489617378321373,0.2206551027631115,0.14489617378321373,14.489617378321373,0.020654843173645906,0.6289170291506221,turbine_2,
CatBoost__Top15__global__richer,turbine_id+horizon_bucket,D2,2885,0.16068676417699243,0.24209215664797096,0.16068676417699243,16.068676417699244,0.01750502202726805,0.5533117659798953,turbine_2,
CatBoost__Top15__global__richer,lead_hours,,242,0.13921043697251517,0.19541861202537322,0.13921043697251517,13.921043697251518,0.01833028080977345,0.6288981195681866,,1.0
CatBoost__Top15__global__richer,lead_hours,,242,0.1351161475664851,0.19956213600641218,0.1351161475664851,13.51161475664851,0.0027385319701648527,0.6228745554377229,,2.0
CatBoost__Top15__global__richer,lead_hours,,242,0.1478651723962275,0.21449405393959733,0.1478651723962275,14.786517239622752,0.014989777705202949,0.5922529740883238,,3.0
CatBoost__Top15__global__richer,lead_hours,,242,0.12384954881042842,0.1961101710659741,0.12384954881042842,12.384954881042843,0.018577583569847757,0.6654259407440453,,4.0
CatBoost__Top15__global__richer,lead_hours,,242,0.12528648641122817,0.19724362430640832,0.12528648641122817,12.528648641122816,0.024942267908624992,0.6742407711765148,,5.0
CatBoost__Top15__global__richer,lead_hours,,241,0.1312079331011469,0.2013697060161905,0.1312079331011469,13.12079331011469,0.04481876600401904,0.6462879298744464,,6.0
CatBoost__Top15__global__richer,lead_hours,,239,0.14412582063590426,0.21823286973590336,0.14412582063590426,14.412582063590426,0.04756474608045649,0.567817260634799,,7.0
CatBoost__Top15__global__richer,lead_hours,,239,0.16131791945430174,0.24378591470927655,0.16131791945430174,16.131791945430173,0.04487041513896327,0.5045217836360164,,8.0
CatBoost__Top15__global__richer,lead_hours,,239,0.17309377379205287,0.2615474067235691,0.17309377379205287,17.309377379205287,0.07446042152642193,0.471886994590332,,9.0
CatBoost__Top15__global__richer,lead_hours,,236,0.16127642186205116,0.25231162227323317,0.16127642186205116,16.127642186205115,0.08310247461910515,0.5627047860167365,,10.0
CatBoost__Top15__global__richer,lead_hours,,240,0.14507419219784742,0.2334082040954342,0.14507419219784742,14.507419219784742,0.07003836456082715,0.6505900685917538,,11.0
CatBoost__Top15__global__richer,lead_hours,,240,0.14150487123038585,0.21972165042840971,0.14150487123038585,14.150487123038586,0.027989711864447223,0.6869602309553355,,12.0
CatBoost__Top15__global__richer,lead_hours,,240,0.1310214564617937,0.20476544044913353,0.1310214564617937,13.10214564617937,0.0012735466845871606,0.7286351894691192,,13.0
CatBoost__Top15__global__richer,lead_hours,,240,0.138815555929136,0.21855416806634276,0.138815555929136,13.8815555929136,0.006934894813347295,0.6801766610228801,,14.0
CatBoost__Top15__global__richer,lead_hours,,239,0.12571323545478544,0.20843083300891768,0.12571323545478544,12.571323545478544,0.0028165444014644526,0.7054153472114044,,15.0
CatBoost__Top15__global__richer,lead_hours,,241,0.14021321863747233,0.2301351499477125,0.14021321863747233,14.021321863747232,0.014244247999274639,0.6272464027425562,,16.0
CatBoost__Top15__global__richer,lead_hours,,242,0.162473274976112,0.25082767905654624,0.162473274976112,16.2473274976112,0.007216196205212886,0.5651266652062538,,17.0
CatBoost__Top15__global__richer,lead_hours,,242,0.1679812020440207,0.24252708847354804,0.1679812020440207,16.79812020440207,-0.0014942250841003756,0.5527728115467541,,18.0
CatBoost__Top15__global__richer,lead_hours,,240,0.15867406510461002,0.24046122343731252,0.15867406510461002,15.867406510461002,-0.02529215657300592,0.5591446334110455,,19.0
CatBoost__Top15__global__richer,lead_hours,,242,0.1555992400832036,0.2144477853561598,0.1555992400832036,15.559924008320362,-0.0249154153116897,0.6377833560248178,,20.0
CatBoost__Top15__global__richer,lead_hours,,242,0.15259649141659754,0.20981547848145143,0.15259649141659754,15.259649141659754,-0.011503927666754501,0.630629668455884,,21.0
CatBoost__Top15__global__richer,lead_hours,,240,0.14555854054220063,0.20355472889385312,0.14555854054220063,14.555854054220063,0.00888681005719693,0.6538546571455488,,22.0
CatBoost__Top15__global__richer,lead_hours,,242,0.13214123741496794,0.19782170503220664,0.13214123741496794,13.214123741496794,0.002874848203478124,0.6595346824087496,,23.0
CatBoost__Top15__global__richer,lead_hours,,242,0.12865679191961404,0.18371723890709488,0.12865679191961404,12.865679191961405,0.012503738057858219,0.6908647712859363,,24.0
CatBoost__Top15__global__richer,lead_hours,,242,0.1481638694691151,0.21229403399801913,0.1481638694691151,14.81638694691151,0.03348466143821434,0.5620375411033731,,25.0
CatBoost__Top15__global__richer,lead_hours,,242,0.1499212449652742,0.22015952521145854,0.1499212449652742,14.99212449652742,0.019432984845964108,0.5410086430864114,,26.0
CatBoost__Top15__global__richer,lead_hours,,242,0.15389602271539102,0.22683805163750825,0.15389602271539102,15.389602271539102,0.024253862820377208,0.5439713754644722,,27.0
CatBoost__Top15__global__richer,lead_hours,,242,0.14533901144288772,0.2200016629438859,0.14533901144288772,14.533901144288771,0.017993489926881826,0.5789400295920006,,28.0
CatBoost__Top15__global__richer,lead_hours,,242,0.1512041352654014,0.23252435643805827,0.1512041352654014,15.12041352654014,0.015128268108257532,0.5472820834096089,,29.0
CatBoost__Top15__global__richer,lead_hours,,241,0.15132769107689115,0.23088939616367968,0.15132769107689115,15.132769107689114,0.03525286128167566,0.5349821928726276,,30.0
CatBoost__Top15__global__richer,lead_hours,,239,0.1584308315914922,0.2361305908594385,0.1584308315914922,15.843083159149222,0.03942226291396813,0.4940220416106751,,31.0
CatBoost__Top15__global__richer,lead_hours,,239,0.17961719786406405,0.2711785565698592,0.17961719786406405,17.961719786406405,0.04327771252698873,0.3869187478551618,,32.0
CatBoost__Top15__global__richer,lead_hours,,239,0.18176820315188172,0.2824998054592208,0.18176820315188172,18.176820315188174,0.06438981577179351,0.38388421987323396,,33.0
CatBoost__Top15__global__richer,lead_hours,,236,0.17428550488997016,0.27037763010746413,0.17428550488997016,17.428550488997015,0.07098433635870884,0.4978404500198873,,34.0
CatBoost__Top15__global__richer,lead_hours,,240,0.1660814028022145,0.26001161685492225,0.1660814028022145,16.608140280221452,0.06847001620046272,0.5664007576695268,,35.0
CatBoost__Top15__global__richer,lead_hours,,240,0.1592884623093185,0.24061653842108904,0.1592884623093185,15.928846230931851,0.02012159314242098,0.6245909321406493,,36.0
CatBoost__Top15__global__richer,lead_hours,,240,0.142711325871598,0.2252099965018859,0.142711325871598,14.2711325871598,-0.0022083486939141234,0.6717418350232254,,37.0
CatBoost__Top15__global__richer,lead_hours,,240,0.14983618332444593,0.23152241864136824,0.14983618332444593,14.983618332444593,-0.002431680134185406,0.6410961907667505,,38.0
CatBoost__Top15__global__richer,lead_hours,,239,0.14759722269297176,0.22713188496414638,0.14759722269297176,14.759722269297177,-0.015454374489900004,0.6501818013417866,,39.0
CatBoost__Top15__global__richer,lead_hours,,241,0.15507179662274037,0.2373098220261422,0.15507179662274037,15.507179662274037,-0.013453470005717824,0.6036422465449689,,40.0
CatBoost__Top15__global__richer,lead_hours,,242,0.16278058361212883,0.2520549048630041,0.16278058361212883,16.27805836121288,-0.001106839270170881,0.5608608411998377,,41.0
CatBoost__Top15__global__richer,lead_hours,,242,0.17514313601610548,0.26240813398468316,0.17514313601610548,17.51431360161055,-0.008795723697742848,0.47644504092053297,,42.0
CatBoost__Top15__global__richer,lead_hours,,240,0.1902741578093642,0.27515311780148854,0.1902741578093642,19.027415780936423,-0.029537943515391615,0.42276201298574245,,43.0
CatBoost__Top15__global__richer,lead_hours,,242,0.18091313538821743,0.2545430837442932,0.18091313538821743,18.091313538821744,-0.029571352046065195,0.48967379029731395,,44.0
CatBoost__Top15__global__richer,lead_hours,,242,0.17231776619597253,0.2350880115445472,0.17231776619597253,17.23177661959725,-0.007520530145636787,0.5362884355262981,,45.0
CatBoost__Top15__global__richer,lead_hours,,240,0.15319244727220555,0.22371926526314462,0.15319244727220555,15.319244727220555,0.010778730242070541,0.581878144286796,,46.0
CatBoost__Top15__global__richer,lead_hours,,242,0.15364320986938018,0.22383915969953896,0.15364320986938018,15.364320986938019,0.011229040579056153,0.5640897009257366,,47.0
CatBoost__Top15__global__richer,lead_hours,,242,0.14651621670941772,0.2124775073413708,0.14651621670941772,14.651621670941772,0.02483103524358342,0.5865008646594368,,48.0
LightGBM__Top15__horizon__default,horizon_bucket,D1,5776,0.14283281561764236,0.21699002842516749,0.14283281561764236,14.283281561764236,0.016799682476975917,0.6425434092730871,,
LightGBM__Top15__horizon__default,horizon_bucket,D2,5776,0.16062691904543097,0.23936105191377594,0.16062691904543097,16.062691904543097,0.006196336160810968,0.5650385927849537,,
LightGBM__Top15__horizon__default,turbine_id,,5782,0.15121888745375597,0.22703366086859073,0.15121888745375597,15.121888745375598,0.00871927219136404,0.6101169667567841,turbine_1,
LightGBM__Top15__horizon__default,turbine_id,,5770,0.15224190990577027,0.229859617321191,0.15224190990577027,15.224190990577027,0.014282525449114413,0.5973122362315364,turbine_2,
LightGBM__Top15__horizon__default,turbine_id+horizon_bucket,D1,2891,0.14227492310386564,0.21529151388656123,0.14227492310386564,14.227492310386564,0.01400838357335493,0.6494034362209551,turbine_1,
LightGBM__Top15__horizon__default,turbine_id+horizon_bucket,D2,2891,0.16016285180364637,0.23819767081821172,0.16016285180364637,16.016285180364637,0.0034301608093731464,0.570830497292613,turbine_1,
LightGBM__Top15__horizon__default,turbine_id+horizon_bucket,D1,2885,0.14339186839314622,0.21867884197751966,0.14339186839314622,14.339186839314621,0.01959678650829942,0.6355343484012763,turbine_2,
LightGBM__Top15__horizon__default,turbine_id+horizon_bucket,D2,2885,0.1610919514183943,0.24052120784134556,0.1610919514183943,16.10919514183943,0.008968264389929412,0.5590901240617965,turbine_2,
LightGBM__Top15__horizon__default,lead_hours,,242,0.1371080216609845,0.19716758717637287,0.1371080216609845,13.710802166098452,0.022454508472325843,0.622225751827171,,1.0
LightGBM__Top15__horizon__default,lead_hours,,242,0.1373895324230369,0.20100802741318605,0.1373895324230369,13.738953242303689,0.01270669319013317,0.6173899698021212,,2.0
LightGBM__Top15__horizon__default,lead_hours,,242,0.1496514407852073,0.2156131508618985,0.1496514407852073,14.965144078520732,0.017435997232791395,0.5879871326761974,,3.0
LightGBM__Top15__horizon__default,lead_hours,,242,0.1272909746243633,0.19391155138182817,0.1272909746243633,12.72909746243633,0.019612336165391306,0.6728858051959082,,4.0
LightGBM__Top15__horizon__default,lead_hours,,242,0.12191948609524428,0.19314337823464187,0.12191948609524428,12.191948609524427,0.025437214982766677,0.6876435870506257,,5.0
LightGBM__Top15__horizon__default,lead_hours,,241,0.1328237490855699,0.20946860673344955,0.1328237490855699,13.28237490855699,0.048988275194503605,0.6172638393460409,,6.0
LightGBM__Top15__horizon__default,lead_hours,,239,0.14582552418104272,0.22202233542072958,0.14582552418104272,14.582552418104273,0.044916780340699375,0.552677829084836,,7.0
LightGBM__Top15__horizon__default,lead_hours,,239,0.1660375032277498,0.24879582779394074,0.1660375032277498,16.603750322774978,0.041939578093879624,0.4839479204041983,,8.0
LightGBM__Top15__horizon__default,lead_hours,,239,0.17487182317669264,0.26365704423995284,0.17487182317669264,17.487182317669266,0.06381939206109187,0.4633331321062144,,9.0
LightGBM__Top15__horizon__default,lead_hours,,236,0.15282236740675476,0.24046857108056965,0.15282236740675476,15.282236740675476,0.07244470514222694,0.6027930327257819,,10.0
LightGBM__Top15__horizon__default,lead_hours,,240,0.1371394896773341,0.2216235295472428,0.1371394896773341,13.71394896773341,0.062362307801784575,0.6849824532377687,,11.0
LightGBM__Top15__horizon__default,lead_hours,,240,0.14308349956812014,0.2218541925469704,0.14308349956812014,14.308349956812014,0.023141406413485246,0.6808542318899302,,12.0
LightGBM__Top15__horizon__default,lead_hours,,240,0.1296306383562649,0.20197494148491363,0.1296306383562649,12.96306383562649,-0.010571457934297248,0.7359809939950046,,13.0
LightGBM__Top15__horizon__default,lead_hours,,240,0.136808337404926,0.2163364067454622,0.136808337404926,13.6808337404926,-0.0049971266943072785,0.6866344933787054,,14.0
LightGBM__Top15__horizon__default,lead_hours,,239,0.12353783021176475,0.20619009048716916,0.12353783021176475,12.353783021176474,-0.0032453188108459135,0.711715184884036,,15.0
LightGBM__Top15__horizon__default,lead_hours,,241,0.138648160702777,0.2261054610027455,0.138648160702777,13.8648160702777,0.0022760361758110597,0.6401860189418346,,16.0
LightGBM__Top15__horizon__default,lead_hours,,242,0.1584211752574703,0.24331706256771476,0.1584211752574703,15.84211752574703,0.0008809940707794525,0.5907798697633759,,17.0
LightGBM__Top15__horizon__default,lead_hours,,242,0.16869854726246342,0.2437076625806895,0.16869854726246342,16.86985472624634,-0.009599310720138655,0.5484081865051591,,18.0
LightGBM__Top15__horizon__default,lead_hours,,240,0.15648925697497099,0.23710395063681433,0.15648925697497099,15.648925697497098,-0.027859645795538127,0.5713689702373452,,19.0
LightGBM__Top15__horizon__default,lead_hours,,242,0.15171213451900953,0.21312601617604482,0.15171213451900953,15.171213451900952,-0.020781376961305997,0.6422347084466009,,20.0
LightGBM__Top15__horizon__default,lead_hours,,242,0.1444211395564756,0.2008783985173692,0.1444211395564756,14.442113955647558,-0.009619326320395038,0.6614261309781426,,21.0
LightGBM__Top15__horizon__default,lead_hours,,240,0.141486965220321,0.19720459193336767,0.141486965220321,14.1486965220321,0.01101898866304218,0.6751146358295812,,22.0
LightGBM__Top15__horizon__default,lead_hours,,242,0.12812374619551903,0.19245976154267783,0.12812374619551903,12.812374619551903,0.007259075090465133,0.6777411275678616,,23.0
LightGBM__Top15__horizon__default,lead_hours,,242,0.12461586113059347,0.1776161397851243,0.12461586113059347,12.461586113059347,0.015224640960524316,0.7110560973862605,,24.0
LightGBM__Top15__horizon__default,lead_hours,,242,0.14986548163014418,0.21154915269406296,0.14986548163014418,14.986548163014419,0.017727608623281047,0.5651055286076286,,25.0
LightGBM__Top15__horizon__default,lead_hours,,242,0.14803631516286436,0.2151487139929746,0.14803631516286436,14.803631516286437,0.01217177326482425,0.5616640842879116,,26.0
LightGBM__Top15__horizon__default,lead_hours,,242,0.1525117936793695,0.22909822381415057,0.1525117936793695,15.25117936793695,0.017393081557019553,0.53483853316547,,27.0
LightGBM__Top15__horizon__default,lead_hours,,242,0.1468373076677583,0.22159422443666296,0.1468373076677583,14.68373076677583,0.008420047949128184,0.5728219762511002,,28.0
LightGBM__Top15__horizon__default,lead_hours,,242,0.15445952173089963,0.2333744935376463,0.15445952173089963,15.445952173089964,0.013445378632382122,0.5439656491897937,,29.0
LightGBM__Top15__horizon__default,lead_hours,,241,0.15380398059889785,0.23623904802985066,0.15380398059889785,15.380398059889785,0.0297862417529244,0.513183851893896,,30.0
LightGBM__Top15__horizon__default,lead_hours,,239,0.1584369904200801,0.23566392643160514,0.1584369904200801,15.84369904200801,0.031155066009167214,0.4960199918969904,,31.0
LightGBM__Top15__horizon__default,lead_hours,,239,0.18495594865849763,0.2738909340970183,0.18495594865849763,18.495594865849764,0.03595247140829793,0.37459311130165796,,32.0
LightGBM__Top15__horizon__default,lead_hours,,239,0.17743910426621365,0.2725500642171507,0.17743910426621365,17.743910426621365,0.050241198897217385,0.4265195683957228,,33.0
LightGBM__Top15__horizon__default,lead_hours,,236,0.1702828467834864,0.2598166552459083,0.1702828467834864,17.02828467834864,0.05946947784216674,0.5363031053874951,,34.0
LightGBM__Top15__horizon__default,lead_hours,,240,0.16005236515610738,0.24787809806330993,0.16005236515610738,16.005236515610736,0.05210720462802627,0.6059246034556303,,35.0
LightGBM__Top15__horizon__default,lead_hours,,240,0.1608454435915251,0.2375999690795776,0.1608454435915251,16.08454435915251,0.008882563055411786,0.6339448098047369,,36.0
LightGBM__Top15__horizon__default,lead_hours,,240,0.14337539789448026,0.2235703933284019,0.14337539789448026,14.337539789448025,-0.01694014148446203,0.6765040920513985,,37.0
LightGBM__Top15__horizon__default,lead_hours,,240,0.15010243738828447,0.23255120344054545,0.15010243738828447,15.010243738828446,-0.01913567725742398,0.6378994796684113,,38.0
LightGBM__Top15__horizon__default,lead_hours,,239,0.1467314035895767,0.2260997612841749,0.1467314035895767,14.67314035895767,-0.028314164261511062,0.6533538377048981,,39.0
LightGBM__Top15__horizon__default,lead_hours,,241,0.16053008893681864,0.24692309135724788,0.16053008893681864,16.053008893681863,-0.02765254422532204,0.570879421246389,,40.0
LightGBM__Top15__horizon__default,lead_hours,,242,0.17445560023150558,0.2600211400673443,0.17445560023150558,17.44556002315056,-0.017708988019661573,0.5326640658402784,,41.0
LightGBM__Top15__horizon__default,lead_hours,,242,0.17624786657489921,0.26252769575850604,0.17624786657489921,17.62478665748992,-0.01976060280613957,0.4759678345221444,,42.0
LightGBM__Top15__horizon__default,lead_hours,,240,0.19160751139168558,0.2740782452600669,0.19160751139168558,19.160751139168557,-0.035116103068993175,0.4272631094929721,,43.0
LightGBM__Top15__horizon__default,lead_hours,,242,0.175929866828961,0.24735595044297506,0.175929866828961,17.5929866828961,-0.03432867832747165,0.5180854975494705,,44.0
LightGBM__Top15__horizon__default,lead_hours,,242,0.16736235301603666,0.22908521349548736,0.16736235301603666,16.736235301603667,-0.015518005737108174,0.5596671582308568,,45.0
LightGBM__Top15__horizon__default,lead_hours,,240,0.15275159287530796,0.21752299143048706,0.15275159287530796,15.275159287530796,0.0045719534270400545,0.6047185492603842,,46.0
LightGBM__Top15__horizon__default,lead_hours,,242,0.1534605943538389,0.2244199462913876,0.1534605943538389,15.346059435383891,0.00547446482241745,0.5618246879272679,,47.0
LightGBM__Top15__horizon__default,lead_hours,,242,0.14544411895310685,0.2082130265241223,0.14544411895310685,14.544411895310686,0.018109561517894,0.6029323788092102,,48.0
LightGBM__Top15__turbine__default,horizon_bucket,D1,5776,0.14264777016842992,0.21730744902042046,0.14264777016842992,14.264777016842991,0.012097143591598305,0.6414968443756781,,
LightGBM__Top15__turbine__default,horizon_bucket,D2,5776,0.15850812960760194,0.23855525927597115,0.15850812960760194,15.850812960760194,0.007270525067200458,0.5679621991839683,,
LightGBM__Top15__turbine__default,turbine_id,,5782,0.1511190601397307,0.22733150133710778,0.1511190601397307,15.11190601397307,0.013000227904763946,0.6090933377987435,turbine_1,
LightGBM__Top15__turbine__default,turbine_id,,5770,0.1500357142770255,0.2290247373397751,0.1500357142770255,15.00357142770255,0.006360543575021935,0.6002321523347802,turbine_2,
LightGBM__Top15__turbine__default,turbine_id+horizon_bucket,D1,2891,0.14347979267611272,0.21687669395684706,0.14347979267611272,14.347979267611272,0.015408024765689405,0.6442215812885472,turbine_1,
LightGBM__Top15__turbine__default,turbine_id+horizon_bucket,D2,2891,0.15875832760334874,0.2373261945481682,0.15875832760334874,15.875832760334873,0.01059243104383848,0.5739650943089396,turbine_1,
LightGBM__Top15__turbine__default,turbine_id+horizon_bucket,D1,2885,0.14181401728464793,0.2177382451068464,0.14181401728464793,14.181401728464794,0.008779376702760393,0.6386629362215681,turbine_2,
LightGBM__Top15__turbine__default,turbine_id+horizon_bucket,D2,2885,0.158257411269403,0.23978056060676986,0.158257411269403,15.825741126940299,0.003941710447283468,0.5618013684479923,turbine_2,
LightGBM__Top15__turbine__default,lead_hours,,242,0.13931125635104297,0.19949304899292647,0.13931125635104297,13.931125635104296,0.017640348042404715,0.6132620041437592,,1.0
LightGBM__Top15__turbine__default,lead_hours,,242,0.1333841321444173,0.19977490273729062,0.1333841321444173,13.33841321444173,0.003344476733833672,0.6220699687150463,,2.0
LightGBM__Top15__turbine__default,lead_hours,,242,0.14544105059023077,0.2149337358124571,0.14544105059023077,14.544105059023076,0.011025729091040574,0.5905796155897469,,3.0
LightGBM__Top15__turbine__default,lead_hours,,242,0.1256731729861262,0.19590786962459666,0.1256731729861262,12.56731729861262,0.011867758225989676,0.6661158580822719,,4.0
LightGBM__Top15__turbine__default,lead_hours,,242,0.12403450590171013,0.19446459294630436,0.12403450590171013,12.403450590171012,0.02673494116224414,0.6833555662748698,,5.0
LightGBM__Top15__turbine__default,lead_hours,,241,0.131968577777473,0.20269275921336763,0.131968577777473,13.1968577777473,0.0490205453263311,0.6416246935666143,,6.0
LightGBM__Top15__turbine__default,lead_hours,,239,0.14539072669574785,0.22059098394192078,0.14539072669574785,14.539072669574784,0.047120509640629714,0.5584269025787176,,7.0
LightGBM__Top15__turbine__default,lead_hours,,239,0.1626810337709574,0.24453757170066656,0.1626810337709574,16.26810337709574,0.04260487158409887,0.5014616903911056,,8.0
LightGBM__Top15__turbine__default,lead_hours,,239,0.16757087951380076,0.2567420049256071,0.16757087951380076,16.757087951380075,0.062251675615015455,0.4911147269848857,,9.0
LightGBM__Top15__turbine__default,lead_hours,,236,0.1511164039939724,0.2369642769822308,0.1511164039939724,15.111640399397238,0.06766126620053367,0.6142854941669282,,10.0
LightGBM__Top15__turbine__default,lead_hours,,240,0.12884771915767704,0.20979769739483783,0.12884771915767704,12.884771915767704,0.05119633339123074,0.717704181300618,,11.0
LightGBM__Top15__turbine__default,lead_hours,,240,0.13971085567808336,0.2149172592754501,0.13971085567808336,13.971085567808336,0.019091894558123764,0.700500296620644,,12.0
LightGBM__Top15__turbine__default,lead_hours,,240,0.13100476002746494,0.20550625336648165,0.13100476002746494,13.100476002746495,-0.007484755557262542,0.7266681172246319,,13.0
LightGBM__Top15__turbine__default,lead_hours,,240,0.13756254751673713,0.21805628027265384,0.13756254751673713,13.756254751673714,-0.0019007084210295362,0.6816321789868311,,14.0
LightGBM__Top15__turbine__default,lead_hours,,239,0.12258272243361869,0.2047131837282672,0.12258272243361869,12.25827224336187,-0.005834910785355803,0.715830270437833,,15.0
LightGBM__Top15__turbine__default,lead_hours,,241,0.14239647117999102,0.23020204512847542,0.14239647117999102,14.239647117999102,0.005387337385810126,0.6270296688506607,,16.0
LightGBM__Top15__turbine__default,lead_hours,,242,0.16436246050651704,0.25245101231793465,0.16436246050651704,16.436246050651704,0.0014728794044646155,0.5594795312503826,,17.0
LightGBM__Top15__turbine__default,lead_hours,,242,0.16715689000709477,0.24639914450411132,0.16715689000709477,16.715689000709478,-0.01393544909733776,0.5383784414590426,,18.0
LightGBM__Top15__turbine__default,lead_hours,,240,0.1595471474427496,0.2425261142197766,0.1595471474427496,15.954714744274959,-0.03436642892039535,0.5515406903216111,,19.0
LightGBM__Top15__turbine__default,lead_hours,,242,0.15510399661706908,0.21601007899091768,0.15510399661706908,15.51039966170691,-0.032171178648106244,0.6324864949644833,,20.0
LightGBM__Top15__turbine__default,lead_hours,,242,0.14953457358672528,0.20774908590324745,0.14953457358672528,14.953457358672528,-0.021250363093532038,0.6378694161496957,,21.0
LightGBM__Top15__turbine__default,lead_hours,,240,0.1436061518628657,0.20115558618051724,0.1436061518628657,14.360615186286571,-0.0011130523729426984,0.6619660690713931,,22.0
LightGBM__Top15__turbine__default,lead_hours,,242,0.1305248072441345,0.19698321526809076,0.1305248072441345,13.052480724413451,-0.006873097793225241,0.6624147674946284,,23.0
LightGBM__Top15__turbine__default,lead_hours,,242,0.12541202650299121,0.18143580283392197,0.12541202650299121,12.541202650299121,0.0011653695196089712,0.6984949007503294,,24.0
LightGBM__Top15__turbine__default,lead_hours,,242,0.14624823598424078,0.20938564524236136,0.14624823598424078,14.624823598424078,0.02660531623460253,0.5739553505178858,,25.0
LightGBM__Top15__turbine__default,lead_hours,,242,0.14799061397911942,0.2163805872853973,0.14799061397911942,14.799061397911942,0.013843108367645102,0.5566301692955349,,26.0
LightGBM__Top15__turbine__default,lead_hours,,242,0.15139623174626232,0.22999642364940423,0.15139623174626232,15.139623174626232,0.015103819005032087,0.5311839698745711,,27.0
LightGBM__Top15__turbine__default,lead_hours,,242,0.14269917963111173,0.21616995613605208,0.14269917963111173,14.269917963111173,0.010616112591032541,0.5934792694888348,,28.0
LightGBM__Top15__turbine__default,lead_hours,,242,0.1522164918546105,0.23440413559701484,0.1522164918546105,15.22164918546105,0.012510310650650655,0.5399327493919377,,29.0
LightGBM__Top15__turbine__default,lead_hours,,241,0.15145003933944254,0.2344260461108321,0.15145003933944254,15.145003933944254,0.031428346553612894,0.5206272605421689,,30.0
LightGBM__Top15__turbine__default,lead_hours,,239,0.15602881140422795,0.23288362706131555,0.15602881140422795,15.602881140422795,0.03506124466228788,0.5078414848202972,,31.0
LightGBM__Top15__turbine__default,lead_hours,,239,0.17781662111914087,0.26982585803526793,0.17781662111914087,17.781662111914088,0.03469002270848635,0.3930198623448008,,32.0
LightGBM__Top15__turbine__default,lead_hours,,239,0.17871883532074606,0.27457259289898545,0.17871883532074606,17.871883532074605,0.052757276677750736,0.417976666578857,,33.0
LightGBM__Top15__turbine__default,lead_hours,,236,0.16554057441720793,0.2590620087617624,0.16554057441720793,16.554057441720794,0.05792846277323652,0.538992840908951,,34.0
LightGBM__Top15__turbine__default,lead_hours,,240,0.15717371289270501,0.24562259175382936,0.15717371289270501,15.7173712892705,0.05108969964629195,0.6130635613618529,,35.0
LightGBM__Top15__turbine__default,lead_hours,,240,0.15641661920192654,0.23507299775903645,0.15641661920192654,15.641661920192654,0.008188472727870023,0.6416896932650807,,36.0
LightGBM__Top15__turbine__default,lead_hours,,240,0.14056424159915448,0.22120230678679212,0.14056424159915448,14.056424159915448,-0.014276049281698854,0.6833208190589841,,37.0
LightGBM__Top15__turbine__default,lead_hours,,240,0.14663243943618992,0.22913858553432415,0.14663243943618992,14.663243943618992,-0.014165457377596634,0.6484489316826887,,38.0
LightGBM__Top15__turbine__default,lead_hours,,239,0.1454617846042195,0.2259427218799772,0.1454617846042195,14.546178460421949,-0.02434501289495594,0.6538352022284201,,39.0
LightGBM__Top15__turbine__default,lead_hours,,241,0.15844312070368052,0.24365800285106887,0.15844312070368052,15.844312070368053,-0.02196789990943126,0.5821529972373582,,40.0
LightGBM__Top15__turbine__default,lead_hours,,242,0.1717972057620211,0.2633005710552704,0.1717972057620211,17.179720576202108,-0.009305951164846976,0.5208014870927266,,41.0
LightGBM__Top15__turbine__default,lead_hours,,242,0.17744858886610645,0.26755229979051776,0.17744858886610645,17.744858886610647,-0.016593576361244193,0.45571662583354733,,42.0
LightGBM__Top15__turbine__default,lead_hours,,240,0.1880567295289216,0.27335016421564146,0.1880567295289216,18.80567295289216,-0.035990410346677694,0.4303019862211632,,43.0
LightGBM__Top15__turbine__default,lead_hours,,242,0.17596159397594135,0.2494529631049825,0.17596159397594135,17.596159397594135,-0.03621932984560264,0.509879796262046,,44.0
LightGBM__Top15__turbine__default,lead_hours,,242,0.16816985867092718,0.22967923493946996,0.16816985867092718,16.81698586709272,-0.016497919629450877,0.5573806180364479,,45.0
LightGBM__Top15__turbine__default,lead_hours,,240,0.15312452157001555,0.2158269810598504,0.15312452157001555,15.312452157001555,-0.0005747947213853559,0.6108584786594098,,46.0
LightGBM__Top15__turbine__default,lead_hours,,242,0.1506090417692682,0.22072095628465202,0.1506090417692682,15.06090417692682,0.002648669531920084,0.5761500516153184,,47.0
LightGBM__Top15__turbine__default,lead_hours,,242,0.14459733598586236,0.20800629719071453,0.14459733598586236,14.459733598586237,0.013641644882585844,0.6037204637404763,,48.0
LightGBM__Top15__horizon_turbine__default,horizon_bucket,D1,5776,0.1423152680785687,0.21663820516145724,0.1423152680785687,14.23152680785687,0.016522523215214368,0.6437016154052133,,
LightGBM__Top15__horizon_turbine__default,horizon_bucket,D2,5776,0.16009665469671047,0.23987082668943205,0.16009665469671047,16.00966546967105,0.004358471845264459,0.5631839178727385,,
LightGBM__Top15__horizon_turbine__default,turbine_id,,5782,0.15128872197277646,0.22695527582740957,0.15128872197277646,15.128872197277646,0.012958648609377765,0.610386140251103,turbine_1,
LightGBM__Top15__horizon_turbine__default,turbine_id,,5770,0.15112302868343486,0.23013678290346118,0.15112302868343486,15.112302868343486,0.007917109395130587,0.5963405259292853,turbine_2,
LightGBM__Top15__horizon_turbine__default,turbine_id+horizon_bucket,D1,2891,0.14193574508450582,0.21392796974226605,0.14193574508450582,14.193574508450583,0.018158862525936625,0.6538303642587548,turbine_1,
LightGBM__Top15__horizon_turbine__default,turbine_id+horizon_bucket,D2,2891,0.1606416988610471,0.23927435761849453,0.1606416988610471,16.06416988610471,0.007758434692818906,0.5669419162434512,turbine_1,
LightGBM__Top15__horizon_turbine__default,turbine_id+horizon_bucket,D1,2885,0.1426955803752189,0.21932048362104994,0.1426955803752189,14.26955803752189,0.014882780772476744,0.6333923997325239,turbine_2,
LightGBM__Top15__horizon_turbine__default,turbine_id+horizon_bucket,D2,2885,0.15955047699165087,0.24046705211845218,0.15955047699165087,15.955047699165087,0.0009514380177844271,0.5592886521260465,turbine_2,
LightGBM__Top15__horizon_turbine__default,lead_hours,,242,0.1374256024506302,0.19884826262755,0.1374256024506302,13.742560245063022,0.018070429095876164,0.6157579347158348,,1.0
LightGBM__Top15__horizon_turbine__default,lead_hours,,242,0.13493640626941475,0.19875435542613842,0.13493640626941475,13.493640626941476,0.00949984726436648,0.625921406628124,,2.0
LightGBM__Top15__horizon_turbine__default,lead_hours,,242,0.14808878880807272,0.214824572344249,0.14808878880807272,14.808878880807272,0.012584144303287713,0.5909953939608239,,3.0
LightGBM__Top15__horizon_turbine__default,lead_hours,,242,0.12229376981611653,0.1893467857697692,0.12229376981611653,12.229376981611653,0.019235436624528483,0.6881053660718915,,4.0
LightGBM__Top15__horizon_turbine__default,lead_hours,,242,0.12006639069839664,0.1905953708565672,0.12006639069839664,12.006639069839665,0.027948982498050993,0.6958306309093267,,5.0
LightGBM__Top15__horizon_turbine__default,lead_hours,,241,0.1313290908386465,0.20515115140338397,0.1313290908386465,13.13290908386465,0.046940450046539864,0.632878748244891,,6.0
LightGBM__Top15__horizon_turbine__default,lead_hours,,239,0.1451783447281404,0.220740241869413,0.1451783447281404,14.51783447281404,0.04421531843685306,0.5578291394076338,,7.0
LightGBM__Top15__horizon_turbine__default,lead_hours,,239,0.16635196547906306,0.24904984231123864,0.16635196547906306,16.635196547906304,0.039578548830163277,0.48289362911463074,,8.0
LightGBM__Top15__horizon_turbine__default,lead_hours,,239,0.17242632988200401,0.2636153210656589,0.17242632988200401,17.242632988200402,0.064164330146996,0.46350297147941866,,9.0
LightGBM__Top15__horizon_turbine__default,lead_hours,,236,0.15367089212208093,0.2425873027247463,0.15367089212208093,15.367089212208093,0.07462232160153141,0.5957627379895116,,10.0
LightGBM__Top15__horizon_turbine__default,lead_hours,,240,0.13671979796786402,0.22033957379974228,0.13671979796786402,13.6719797967864,0.061028361097756695,0.6886219310907902,,11.0
LightGBM__Top15__horizon_turbine__default,lead_hours,,240,0.1420201755007962,0.22003808064937003,0.1420201755007962,14.20201755007962,0.022187783238118527,0.6860579387154238,,12.0
LightGBM__Top15__horizon_turbine__default,lead_hours,,240,0.1302713184685027,0.20452474749379382,0.1302713184685027,13.02713184685027,-0.009725828988715058,0.7292727698170776,,13.0
LightGBM__Top15__horizon_turbine__default,lead_hours,,240,0.1356478197027615,0.21651663667904864,0.1356478197027615,13.56478197027615,-0.0024496173814082646,0.6861121460664588,,14.0
LightGBM__Top15__horizon_turbine__default,lead_hours,,239,0.1202329377557128,0.2023716548181736,0.1202329377557128,12.023293775571279,-0.00043932101435031353,0.7222938134164218,,15.0
LightGBM__Top15__horizon_turbine__default,lead_hours,,241,0.13825794476273684,0.22678457339401178,0.13825794476273684,13.825794476273684,0.009247278836590912,0.6380213556618917,,16.0
LightGBM__Top15__horizon_turbine__default,lead_hours,,242,0.16172200562884276,0.24495353110768922,0.16172200562884276,16.172200562884274,0.006467165089669906,0.5852568055849866,,17.0
LightGBM__Top15__horizon_turbine__default,lead_hours,,242,0.1665641453614605,0.24242871254256174,0.1665641453614605,16.65641453614605,-0.007511066493871595,0.5531355542672095,,18.0
LightGBM__Top15__horizon_turbine__default,lead_hours,,240,0.1594438083451149,0.24015833725611818,0.1594438083451149,15.94438083451149,-0.025702962980877226,0.5602545412758937,,19.0
LightGBM__Top15__horizon_turbine__default,lead_hours,,242,0.15491693441490026,0.21308218180957178,0.15491693441490026,15.491693441490026,-0.02119464591892859,0.6423818589677275,,20.0
LightGBM__Top15__horizon_turbine__default,lead_hours,,242,0.1439639251292629,0.2017378303875072,0.1439639251292629,14.39639251292629,-0.008951965809638005,0.658522845826822,,21.0
LightGBM__Top15__horizon_turbine__default,lead_hours,,240,0.1432376855238537,0.19895963515610673,0.1432376855238537,14.323768552385369,0.007715896216965564,0.6693062002891006,,22.0
LightGBM__Top15__horizon_turbine__default,lead_hours,,242,0.1278023976234563,0.1907524121200094,0.1278023976234563,12.78023976234563,0.0016440796253269076,0.6834334134777323,,23.0
LightGBM__Top15__horizon_turbine__default,lead_hours,,242,0.12359619526224841,0.17875275021047152,0.12359619526224841,12.35961952622484,0.009530323408609962,0.7073462153575538,,24.0
LightGBM__Top15__horizon_turbine__default,lead_hours,,242,0.15039025701828015,0.21173565424364604,0.15039025701828015,15.039025701828015,0.018040064562900113,0.5643383854224644,,25.0
LightGBM__Top15__horizon_turbine__default,lead_hours,,242,0.1449500171573976,0.21461953322738309,0.1449500171573976,14.495001715739761,0.009059309818026528,0.5638176985720162,,26.0
LightGBM__Top15__horizon_turbine__default,lead_hours,,242,0.1525130184686073,0.23048251243001214,0.1525130184686073,15.251301846860729,0.013815640130683326,0.5292002257514434,,27.0
LightGBM__Top15__horizon_turbine__default,lead_hours,,242,0.1450873840508717,0.22173756174086395,0.1450873840508717,14.50873840508717,0.008603977614459338,0.57226916085299,,28.0
LightGBM__Top15__horizon_turbine__default,lead_hours,,242,0.15549840673889004,0.23613535568498054,0.15549840673889004,15.549840673889005,0.013047825255723034,0.5331118892984178,,29.0
LightGBM__Top15__horizon_turbine__default,lead_hours,,241,0.15385929302362927,0.23549197975720604,0.15385929302362927,15.385929302362927,0.028358024893008073,0.5162579402309011,,30.0
LightGBM__Top15__horizon_turbine__default,lead_hours,,239,0.15883219400077755,0.23703589940006858,0.15883219400077755,15.883219400077756,0.029908704656335487,0.49013483442914973,,31.0
LightGBM__Top15__horizon_turbine__default,lead_hours,,239,0.18290236348343764,0.2724186671744651,0.18290236348343764,18.290236348343765,0.03487489712977919,0.3812986355039629,,32.0
LightGBM__Top15__horizon_turbine__default,lead_hours,,239,0.17635572158042778,0.2742047829852274,0.17635572158042778,17.635572158042777,0.04861262911018039,0.41953494714877915,,33.0
LightGBM__Top15__horizon_turbine__default,lead_hours,,236,0.16848488539355444,0.2596163426354036,0.16848488539355444,16.848488539355444,0.055834686656912845,0.5370178288490957,,34.0
LightGBM__Top15__horizon_turbine__default,lead_hours,,240,0.16030670039694014,0.24993348324256054,0.16030670039694014,16.030670039694016,0.05063310191099076,0.5993622256840769,,35.0
LightGBM__Top15__horizon_turbine__default,lead_hours,,240,0.16066093981254576,0.2412156052281501,0.16066093981254576,16.066093981254575,0.006268556004468473,0.6227192812926842,,36.0
LightGBM__Top15__horizon_turbine__default,lead_hours,,240,0.1431310077728094,0.2242686653107072,0.1431310077728094,14.31310077728094,-0.020278928762700446,0.674480202564087,,37.0
LightGBM__Top15__horizon_turbine__default,lead_hours,,240,0.1470992712000333,0.2295740112970357,0.1470992712000333,14.70992712000333,-0.021663520454807638,0.6471115765338036,,38.0
LightGBM__Top15__horizon_turbine__default,lead_hours,,239,0.14655324986630264,0.22619884112560182,0.14655324986630264,14.655324986630264,-0.031278010512325545,0.6530499614694718,,39.0
LightGBM__Top15__horizon_turbine__default,lead_hours,,241,0.16027491447757874,0.24579763326988066,0.16027491447757874,16.027491447757875,-0.0268612117930406,0.5747823092316959,,40.0
LightGBM__Top15__horizon_turbine__default,lead_hours,,242,0.1727750136246732,0.25860541709266227,0.1727750136246732,17.27750136246732,-0.016361649942644753,0.5377391691978575,,41.0
LightGBM__Top15__horizon_turbine__default,lead_hours,,242,0.1764522082657592,0.26347667191167456,0.1764522082657592,17.64522082657592,-0.022425822445954972,0.4721724800713929,,42.0
LightGBM__Top15__horizon_turbine__default,lead_hours,,240,0.19074363290944749,0.2753836331217652,0.19074363290944749,19.07436329094475,-0.03792476775347489,0.4217944212801038,,43.0
LightGBM__Top15__horizon_turbine__default,lead_hours,,242,0.17619572116689383,0.24817552640148496,0.17619572116689383,17.619572116689383,-0.034558243487074036,0.514886707559651,,44.0
LightGBM__Top15__horizon_turbine__default,lead_hours,,242,0.1694723241933786,0.23064615570406116,0.1694723241933786,16.94723241933786,-0.017311298003610993,0.5536460293356715,,45.0
LightGBM__Top15__horizon_turbine__default,lead_hours,,240,0.15197684263285668,0.21730705958155255,0.15197684263285668,15.197684263285668,0.002056393754525739,0.605502939813251,,46.0
LightGBM__Top15__horizon_turbine__default,lead_hours,,242,0.15341364736355917,0.22551128658296615,0.15341364736355917,15.341364736355917,0.002449330922434871,0.5575526871065901,,47.0
LightGBM__Top15__horizon_turbine__default,lead_hours,,242,0.1448192846753338,0.20947930854363553,0.1448192846753338,14.48192846753338,0.013363015866771364,0.5980880275486837,,48.0
