turbine_id,forecast_issue_time,target_time,lead_hours,horizon_bucket,predicted_normalized_active_power,selected_model,selected_feature_group,model_checkpoint
turbine_1,2026-01-29 19:00:00+00:00,2026-01-31 19:00:00+00:00,48,D2,0.01689424292814494,LightGBM__Top15__global__default,Top15,models/644e19e22a6c2779/LightGBM__Top15__global__default__global__asof_20260129T1900Z.joblib
turbine_2,2026-01-29 19:00:00+00:00,2026-01-31 19:00:00+00:00,48,D2,0.015641585851537687,LightGBM__Top15__global__default,Top15,models/644e19e22a6c2779/LightGBM__Top15__global__default__global__asof_20260129T1900Z.joblib
turbine_1,2026-01-30 19:00:00+00:00,2026-01-31 19:00:00+00:00,24,D1,0.02108931150590214,LightGBM__Top15__global__default,Top15,models/644e19e22a6c2779/LightGBM__Top15__global__default__global__asof_20260130T1900Z.joblib
turbine_2,2026-01-30 19:00:00+00:00,2026-01-31 19:00:00+00:00,24,D1,0.02037980266868484,LightGBM__Top15__global__default,Top15,models/644e19e22a6c2779/LightGBM__Top15__global__default__global__asof_20260130T1900Z.joblib
turbine_1,2026-01-30 19:00:00+00:00,2026-01-31 20:00:00+00:00,25,D2,0.014462057334432423,LightGBM__Top15__global__default,Top15,models/644e19e22a6c2779/LightGBM__Top15__global__default__global__asof_20260130T1900Z.joblib
turbine_2,2026-01-30 19:00:00+00:00,2026-01-31 20:00:00+00:00,25,D2,0.013649273537384845,LightGBM__Top15__global__default,Top15,models/644e19e22a6c2779/LightGBM__Top15__global__default__global__asof_20260130T1900Z.joblib
turbine_1,2026-01-30 19:00:00+00:00,2026-01-31 21:00:00+00:00,26,D2,0.015575737815162548,LightGBM__Top15__global__default,Top15,models/644e19e22a6c2779/LightGBM__Top15__global__default__global__asof_20260130T1900Z.joblib
turbine_2,2026-01-30 19:00:00+00:00,2026-01-31 21:00:00+00:00,26,D2,0.01476295401811497,LightGBM__Top15__global__default,Top15,models/644e19e22a6c2779/LightGBM__Top15__global__default__global__asof_20260130T1900Z.joblib
turbine_1,2026-01-30 19:00:00+00:00,2026-01-31 22:00:00+00:00,27,D2,0.009940015903781406,LightGBM__Top15__global__default,Top15,models/644e19e22a6c2779/LightGBM__Top15__global__default__global__asof_20260130T1900Z.joblib
turbine_2,2026-01-30 19:00:00+00:00,2026-01-31 22:00:00+00:00,27,D2,0.009127232106733827,LightGBM__Top15__global__default,Top15,models/644e19e22a6c2779/LightGBM__Top15__global__default__global__asof_20260130T1900Z.joblib
turbine_1,2026-01-30 19:00:00+00:00,2026-01-31 23:00:00+00:00,28,D2,0.010132502691831313,LightGBM__Top15__global__default,Top15,models/644e19e22a6c2779/LightGBM__Top15__global__default__global__asof_20260130T1900Z.joblib
turbine_2,2026-01-30 19:00:00+00:00,2026-01-31 23:00:00+00:00,28,D2,0.009319718894783734,LightGBM__Top15__global__default,Top15,models/644e19e22a6c2779/LightGBM__Top15__global__default__global__asof_20260130T1900Z.joblib
turbine_1,2026-01-30 19:00:00+00:00,2026-02-01 00:00:00+00:00,29,D2,0.01025836702803173,LightGBM__Top15__global__default,Top15,models/644e19e22a6c2779/LightGBM__Top15__global__default__global__asof_20260130T1900Z.joblib
turbine_2,2026-01-30 19:00:00+00:00,2026-02-01 00:00:00+00:00,29,D2,0.009445583230984152,LightGBM__Top15__global__default,Top15,models/644e19e22a6c2779/LightGBM__Top15__global__default__global__asof_20260130T1900Z.joblib
turbine_1,2026-01-30 19:00:00+00:00,2026-02-01 01:00:00+00:00,30,D2,0.01015072692115634,LightGBM__Top15__global__default,Top15,models/644e19e22a6c2779/LightGBM__Top15__global__default__global__asof_20260130T1900Z.joblib
turbine_2,2026-01-30 19:00:00+00:00,2026-02-01 01:00:00+00:00,30,D2,0.009337943124108758,LightGBM__Top15__global__default,Top15,models/644e19e22a6c2779/LightGBM__Top15__global__default__global__asof_20260130T1900Z.joblib
turbine_1,2026-01-30 19:00:00+00:00,2026-02-01 02:00:00+00:00,31,D2,0.020499157583441913,LightGBM__Top15__global__default,Top15,models/644e19e22a6c2779/LightGBM__Top15__global__default__global__asof_20260130T1900Z.joblib
turbine_2,2026-01-30 19:00:00+00:00,2026-02-01 02:00:00+00:00,31,D2,0.018906615447397086,LightGBM__Top15__global__default,Top15,models/644e19e22a6c2779/LightGBM__Top15__global__default__global__asof_20260130T1900Z.joblib
turbine_1,2026-01-30 19:00:00+00:00,2026-02-01 03:00:00+00:00,32,D2,0.0767992090691081,LightGBM__Top15__global__default,Top15,models/644e19e22a6c2779/LightGBM__Top15__global__default__global__asof_20260130T1900Z.joblib
turbine_2,2026-01-30 19:00:00+00:00,2026-02-01 03:00:00+00:00,32,D2,0.07732891212048,LightGBM__Top15__global__default,Top15,models/644e19e22a6c2779/LightGBM__Top15__global__default__global__asof_20260130T1900Z.joblib
turbine_1,2026-01-30 19:00:00+00:00,2026-02-01 04:00:00+00:00,33,D2,0.08936867474979039,LightGBM__Top15__global__default,Top15,models/644e19e22a6c2779/LightGBM__Top15__global__default__global__asof_20260130T1900Z.joblib
turbine_2,2026-01-30 19:00:00+00:00,2026-02-01 04:00:00+00:00,33,D2,0.08826489869022179,LightGBM__Top15__global__default,Top15,models/644e19e22a6c2779/LightGBM__Top15__global__default__global__asof_20260130T1900Z.joblib
turbine_1,2026-01-30 19:00:00+00:00,2026-02-01 05:00:00+00:00,34,D2,0.14620654132665414,LightGBM__Top15__global__default,Top15,models/644e19e22a6c2779/LightGBM__Top15__global__default__global__asof_20260130T1900Z.joblib
turbine_2,2026-01-30 19:00:00+00:00,2026-02-01 05:00:00+00:00,34,D2,0.14471427868941414,LightGBM__Top15__global__default,Top15,models/644e19e22a6c2779/LightGBM__Top15__global__default__global__asof_20260130T1900Z.joblib
turbine_1,2026-01-30 19:00:00+00:00,2026-02-01 06:00:00+00:00,35,D2,0.23085271205845273,LightGBM__Top15__global__default,Top15,models/644e19e22a6c2779/LightGBM__Top15__global__default__global__asof_20260130T1900Z.joblib
turbine_2,2026-01-30 19:00:00+00:00,2026-02-01 06:00:00+00:00,35,D2,0.227494967130622,LightGBM__Top15__global__default,Top15,models/644e19e22a6c2779/LightGBM__Top15__global__default__global__asof_20260130T1900Z.joblib
turbine_1,2026-01-30 19:00:00+00:00,2026-02-01 07:00:00+00:00,36,D2,0.3024704821231992,LightGBM__Top15__global__default,Top15,models/644e19e22a6c2779/LightGBM__Top15__global__default__global__asof_20260130T1900Z.joblib
turbine_2,2026-01-30 19:00:00+00:00,2026-02-01 07:00:00+00:00,36,D2,0.32967772210300084,LightGBM__Top15__global__default,Top15,models/644e19e22a6c2779/LightGBM__Top15__global__default__global__asof_20260130T1900Z.joblib
turbine_1,2026-01-30 19:00:00+00:00,2026-02-01 08:00:00+00:00,37,D2,0.3924609664278441,LightGBM__Top15__global__default,Top15,models/644e19e22a6c2779/LightGBM__Top15__global__default__global__asof_20260130T1900Z.joblib
turbine_2,2026-01-30 19:00:00+00:00,2026-02-01 08:00:00+00:00,37,D2,0.39113418821598256,LightGBM__Top15__global__default,Top15,models/644e19e22a6c2779/LightGBM__Top15__global__default__global__asof_20260130T1900Z.joblib
turbine_1,2026-01-30 19:00:00+00:00,2026-02-01 09:00:00+00:00,38,D2,0.46326782222200313,LightGBM__Top15__global__default,Top15,models/644e19e22a6c2779/LightGBM__Top15__global__default__global__asof_20260130T1900Z.joblib
turbine_2,2026-01-30 19:00:00+00:00,2026-02-01 09:00:00+00:00,38,D2,0.4619410440101416,LightGBM__Top15__global__default,Top15,models/644e19e22a6c2779/LightGBM__Top15__global__default__global__asof_20260130T1900Z.joblib
turbine_1,2026-01-30 19:00:00+00:00,2026-02-01 10:00:00+00:00,39,D2,0.4070522186045928,LightGBM__Top15__global__default,Top15,models/644e19e22a6c2779/LightGBM__Top15__global__default__global__asof_20260130T1900Z.joblib
turbine_2,2026-01-30 19:00:00+00:00,2026-02-01 10:00:00+00:00,39,D2,0.4075728589352035,LightGBM__Top15__global__default,Top15,models/644e19e22a6c2779/LightGBM__Top15__global__default__global__asof_20260130T1900Z.joblib
turbine_1,2026-01-30 19:00:00+00:00,2026-02-01 11:00:00+00:00,40,D2,0.3904333933113565,LightGBM__Top15__global__default,Top15,models/644e19e22a6c2779/LightGBM__Top15__global__default__global__asof_20260130T1900Z.joblib
turbine_2,2026-01-30 19:00:00+00:00,2026-02-01 11:00:00+00:00,40,D2,0.39014570059510734,LightGBM__Top15__global__default,Top15,models/644e19e22a6c2779/LightGBM__Top15__global__default__global__asof_20260130T1900Z.joblib
turbine_1,2026-01-30 19:00:00+00:00,2026-02-01 12:00:00+00:00,41,D2,0.26069737297800455,LightGBM__Top15__global__default,Top15,models/644e19e22a6c2779/LightGBM__Top15__global__default__global__asof_20260130T1900Z.joblib
turbine_2,2026-01-30 19:00:00+00:00,2026-02-01 12:00:00+00:00,41,D2,0.2713295783308959,LightGBM__Top15__global__default,Top15,models/644e19e22a6c2779/LightGBM__Top15__global__default__global__asof_20260130T1900Z.joblib
turbine_1,2026-01-30 19:00:00+00:00,2026-02-01 13:00:00+00:00,42,D2,0.22706761955688579,LightGBM__Top15__global__default,Top15,models/644e19e22a6c2779/LightGBM__Top15__global__default__global__asof_20260130T1900Z.joblib
turbine_2,2026-01-30 19:00:00+00:00,2026-02-01 13:00:00+00:00,42,D2,0.22631330315121304,LightGBM__Top15__global__default,Top15,models/644e19e22a6c2779/LightGBM__Top15__global__default__global__asof_20260130T1900Z.joblib
turbine_1,2026-01-30 19:00:00+00:00,2026-02-01 14:00:00+00:00,43,D2,0.22826665624636394,LightGBM__Top15__global__default,Top15,models/644e19e22a6c2779/LightGBM__Top15__global__default__global__asof_20260130T1900Z.joblib
turbine_2,2026-01-30 19:00:00+00:00,2026-02-01 14:00:00+00:00,43,D2,0.22985436667430764,LightGBM__Top15__global__default,Top15,models/644e19e22a6c2779/LightGBM__Top15__global__default__global__asof_20260130T1900Z.joblib
turbine_1,2026-01-30 19:00:00+00:00,2026-02-01 15:00:00+00:00,44,D2,0.2270416326544589,LightGBM__Top15__global__default,Top15,models/644e19e22a6c2779/LightGBM__Top15__global__default__global__asof_20260130T1900Z.joblib
turbine_2,2026-01-30 19:00:00+00:00,2026-02-01 15:00:00+00:00,44,D2,0.2305345834094023,LightGBM__Top15__global__default,Top15,models/644e19e22a6c2779/LightGBM__Top15__global__default__global__asof_20260130T1900Z.joblib
turbine_1,2026-01-30 19:00:00+00:00,2026-02-01 16:00:00+00:00,45,D2,0.2629542915084372,LightGBM__Top15__global__default,Top15,models/644e19e22a6c2779/LightGBM__Top15__global__default__global__asof_20260130T1900Z.joblib
turbine_2,2026-01-30 19:00:00+00:00,2026-02-01 16:00:00+00:00,45,D2,0.2621999751027644,LightGBM__Top15__global__default,Top15,models/644e19e22a6c2779/LightGBM__Top15__global__default__global__asof_20260130T1900Z.joblib
turbine_1,2026-01-30 19:00:00+00:00,2026-02-01 17:00:00+00:00,46,D2,0.24720369442489779,LightGBM__Top15__global__default,Top15,models/644e19e22a6c2779/LightGBM__Top15__global__default__global__asof_20260130T1900Z.joblib
turbine_2,2026-01-30 19:00:00+00:00,2026-02-01 17:00:00+00:00,46,D2,0.24644937801922503,LightGBM__Top15__global__default,Top15,models/644e19e22a6c2779/LightGBM__Top15__global__default__global__asof_20260130T1900Z.joblib
turbine_1,2026-01-30 19:00:00+00:00,2026-02-01 18:00:00+00:00,47,D2,0.1790750814503489,LightGBM__Top15__global__default,Top15,models/644e19e22a6c2779/LightGBM__Top15__global__default__global__asof_20260130T1900Z.joblib
turbine_2,2026-01-30 19:00:00+00:00,2026-02-01 18:00:00+00:00,47,D2,0.17832076504467614,LightGBM__Top15__global__default,Top15,models/644e19e22a6c2779/LightGBM__Top15__global__default__global__asof_20260130T1900Z.joblib
turbine_1,2026-01-30 19:00:00+00:00,2026-02-01 19:00:00+00:00,48,D2,0.163070121392796,LightGBM__Top15__global__default,Top15,models/644e19e22a6c2779/LightGBM__Top15__global__default__global__asof_20260130T1900Z.joblib
turbine_2,2026-01-30 19:00:00+00:00,2026-02-01 19:00:00+00:00,48,D2,0.16231580498712325,LightGBM__Top15__global__default,Top15,models/644e19e22a6c2779/LightGBM__Top15__global__default__global__asof_20260130T1900Z.joblib
turbine_1,2026-01-31 19:00:00+00:00,2026-01-31 20:00:00+00:00,1,D1,0.01396994534119053,LightGBM__Top15__global__default,Top15,models/644e19e22a6c2779/LightGBM__Top15__global__default__global__asof_20260131T1900Z.joblib
turbine_2,2026-01-31 19:00:00+00:00,2026-01-31 20:00:00+00:00,1,D1,0.013085029678324723,LightGBM__Top15__global__default,Top15,models/644e19e22a6c2779/LightGBM__Top15__global__default__global__asof_20260131T1900Z.joblib
turbine_1,2026-01-31 19:00:00+00:00,2026-01-31 21:00:00+00:00,2,D1,0.009966336225259708,LightGBM__Top15__global__default,Top15,models/644e19e22a6c2779/LightGBM__Top15__global__default__global__asof_20260131T1900Z.joblib
turbine_2,2026-01-31 19:00:00+00:00,2026-01-31 21:00:00+00:00,2,D1,0.0090814205623939,LightGBM__Top15__global__default,Top15,models/644e19e22a6c2779/LightGBM__Top15__global__default__global__asof_20260131T1900Z.joblib
turbine_1,2026-01-31 19:00:00+00:00,2026-01-31 22:00:00+00:00,3,D1,0.011507036802395454,LightGBM__Top15__global__default,Top15,models/644e19e22a6c2779/LightGBM__Top15__global__default__global__asof_20260131T1900Z.joblib
turbine_2,2026-01-31 19:00:00+00:00,2026-01-31 22:00:00+00:00,3,D1,0.010764784452680805,LightGBM__Top15__global__default,Top15,models/644e19e22a6c2779/LightGBM__Top15__global__default__global__asof_20260131T1900Z.joblib
turbine_1,2026-01-31 19:00:00+00:00,2026-01-31 23:00:00+00:00,4,D1,0.010537074613119583,LightGBM__Top15__global__default,Top15,models/644e19e22a6c2779/LightGBM__Top15__global__default__global__asof_20260131T1900Z.joblib
turbine_2,2026-01-31 19:00:00+00:00,2026-01-31 23:00:00+00:00,4,D1,0.009794822263404935,LightGBM__Top15__global__default,Top15,models/644e19e22a6c2779/LightGBM__Top15__global__default__global__asof_20260131T1900Z.joblib
turbine_1,2026-01-31 19:00:00+00:00,2026-02-01 00:00:00+00:00,5,D1,0.01084107451042461,LightGBM__Top15__global__default,Top15,models/644e19e22a6c2779/LightGBM__Top15__global__default__global__asof_20260131T1900Z.joblib
turbine_2,2026-01-31 19:00:00+00:00,2026-02-01 00:00:00+00:00,5,D1,0.009956158847558802,LightGBM__Top15__global__default,Top15,models/644e19e22a6c2779/LightGBM__Top15__global__default__global__asof_20260131T1900Z.joblib
turbine_1,2026-01-31 19:00:00+00:00,2026-02-01 01:00:00+00:00,6,D1,0.041112798343662924,LightGBM__Top15__global__default,Top15,models/644e19e22a6c2779/LightGBM__Top15__global__default__global__asof_20260131T1900Z.joblib
turbine_2,2026-01-31 19:00:00+00:00,2026-02-01 01:00:00+00:00,6,D1,0.041271494687616754,LightGBM__Top15__global__default,Top15,models/644e19e22a6c2779/LightGBM__Top15__global__default__global__asof_20260131T1900Z.joblib
turbine_1,2026-01-31 19:00:00+00:00,2026-02-01 02:00:00+00:00,7,D1,0.07978963142659853,LightGBM__Top15__global__default,Top15,models/644e19e22a6c2779/LightGBM__Top15__global__default__global__asof_20260131T1900Z.joblib
turbine_2,2026-01-31 19:00:00+00:00,2026-02-01 02:00:00+00:00,7,D1,0.07534450695330443,LightGBM__Top15__global__default,Top15,models/644e19e22a6c2779/LightGBM__Top15__global__default__global__asof_20260131T1900Z.joblib
turbine_1,2026-01-31 19:00:00+00:00,2026-02-01 03:00:00+00:00,8,D1,0.09822061739510776,LightGBM__Top15__global__default,Top15,models/644e19e22a6c2779/LightGBM__Top15__global__default__global__asof_20260131T1900Z.joblib
turbine_2,2026-01-31 19:00:00+00:00,2026-02-01 03:00:00+00:00,8,D1,0.09933420515160094,LightGBM__Top15__global__default,Top15,models/644e19e22a6c2779/LightGBM__Top15__global__default__global__asof_20260131T1900Z.joblib
turbine_1,2026-01-31 19:00:00+00:00,2026-02-01 04:00:00+00:00,9,D1,0.22970336369601635,LightGBM__Top15__global__default,Top15,models/644e19e22a6c2779/LightGBM__Top15__global__default__global__asof_20260131T1900Z.joblib
turbine_2,2026-01-31 19:00:00+00:00,2026-02-01 04:00:00+00:00,9,D1,0.2310915271275429,LightGBM__Top15__global__default,Top15,models/644e19e22a6c2779/LightGBM__Top15__global__default__global__asof_20260131T1900Z.joblib
turbine_1,2026-01-31 19:00:00+00:00,2026-02-01 05:00:00+00:00,10,D1,0.21537389358457884,LightGBM__Top15__global__default,Top15,models/644e19e22a6c2779/LightGBM__Top15__global__default__global__asof_20260131T1900Z.joblib
turbine_2,2026-01-31 19:00:00+00:00,2026-02-01 05:00:00+00:00,10,D1,0.21684467140744174,LightGBM__Top15__global__default,Top15,models/644e19e22a6c2779/LightGBM__Top15__global__default__global__asof_20260131T1900Z.joblib
turbine_1,2026-01-31 19:00:00+00:00,2026-02-01 06:00:00+00:00,11,D1,0.19532076399960513,LightGBM__Top15__global__default,Top15,models/644e19e22a6c2779/LightGBM__Top15__global__default__global__asof_20260131T1900Z.joblib
turbine_2,2026-01-31 19:00:00+00:00,2026-02-01 06:00:00+00:00,11,D1,0.19679154182246802,LightGBM__Top15__global__default,Top15,models/644e19e22a6c2779/LightGBM__Top15__global__default__global__asof_20260131T1900Z.joblib
turbine_1,2026-01-31 19:00:00+00:00,2026-02-01 07:00:00+00:00,12,D1,0.17924271339027445,LightGBM__Top15__global__default,Top15,models/644e19e22a6c2779/LightGBM__Top15__global__default__global__asof_20260131T1900Z.joblib
turbine_2,2026-01-31 19:00:00+00:00,2026-02-01 07:00:00+00:00,12,D1,0.1808750756784777,LightGBM__Top15__global__default,Top15,models/644e19e22a6c2779/LightGBM__Top15__global__default__global__asof_20260131T1900Z.joblib
turbine_1,2026-01-31 19:00:00+00:00,2026-02-01 08:00:00+00:00,13,D1,0.2090370205121761,LightGBM__Top15__global__default,Top15,models/644e19e22a6c2779/LightGBM__Top15__global__default__global__asof_20260131T1900Z.joblib
turbine_2,2026-01-31 19:00:00+00:00,2026-02-01 08:00:00+00:00,13,D1,0.21066938280037933,LightGBM__Top15__global__default,Top15,models/644e19e22a6c2779/LightGBM__Top15__global__default__global__asof_20260131T1900Z.joblib
turbine_1,2026-01-31 19:00:00+00:00,2026-02-01 09:00:00+00:00,14,D1,0.20697012422212488,LightGBM__Top15__global__default,Top15,models/644e19e22a6c2779/LightGBM__Top15__global__default__global__asof_20260131T1900Z.joblib
turbine_2,2026-01-31 19:00:00+00:00,2026-02-01 09:00:00+00:00,14,D1,0.2064769485331245,LightGBM__Top15__global__default,Top15,models/644e19e22a6c2779/LightGBM__Top15__global__default__global__asof_20260131T1900Z.joblib
turbine_1,2026-01-31 19:00:00+00:00,2026-02-01 10:00:00+00:00,15,D1,0.1820017488317657,LightGBM__Top15__global__default,Top15,models/644e19e22a6c2779/LightGBM__Top15__global__default__global__asof_20260131T1900Z.joblib
turbine_2,2026-01-31 19:00:00+00:00,2026-02-01 10:00:00+00:00,15,D1,0.181425958751429,LightGBM__Top15__global__default,Top15,models/644e19e22a6c2779/LightGBM__Top15__global__default__global__asof_20260131T1900Z.joblib
turbine_1,2026-01-31 19:00:00+00:00,2026-02-01 11:00:00+00:00,16,D1,0.19107168545837697,LightGBM__Top15__global__default,Top15,models/644e19e22a6c2779/LightGBM__Top15__global__default__global__asof_20260131T1900Z.joblib
turbine_2,2026-01-31 19:00:00+00:00,2026-02-01 11:00:00+00:00,16,D1,0.19033431091269992,LightGBM__Top15__global__default,Top15,models/644e19e22a6c2779/LightGBM__Top15__global__default__global__asof_20260131T1900Z.joblib
turbine_1,2026-01-31 19:00:00+00:00,2026-02-01 12:00:00+00:00,17,D1,0.13297673483863576,LightGBM__Top15__global__default,Top15,models/644e19e22a6c2779/LightGBM__Top15__global__default__global__asof_20260131T1900Z.joblib
turbine_2,2026-01-31 19:00:00+00:00,2026-02-01 12:00:00+00:00,17,D1,0.13313578507814067,LightGBM__Top15__global__default,Top15,models/644e19e22a6c2779/LightGBM__Top15__global__default__global__asof_20260131T1900Z.joblib
turbine_1,2026-01-31 19:00:00+00:00,2026-02-01 13:00:00+00:00,18,D1,0.16122073622195593,LightGBM__Top15__global__default,Top15,models/644e19e22a6c2779/LightGBM__Top15__global__default__global__asof_20260131T1900Z.joblib
turbine_2,2026-01-31 19:00:00+00:00,2026-02-01 13:00:00+00:00,18,D1,0.1602087860012455,LightGBM__Top15__global__default,Top15,models/644e19e22a6c2779/LightGBM__Top15__global__default__global__asof_20260131T1900Z.joblib
turbine_1,2026-01-31 19:00:00+00:00,2026-02-01 14:00:00+00:00,19,D1,0.15978204570912083,LightGBM__Top15__global__default,Top15,models/644e19e22a6c2779/LightGBM__Top15__global__default__global__asof_20260131T1900Z.joblib
turbine_2,2026-01-31 19:00:00+00:00,2026-02-01 14:00:00+00:00,19,D1,0.1587700954884104,LightGBM__Top15__global__default,Top15,models/644e19e22a6c2779/LightGBM__Top15__global__default__global__asof_20260131T1900Z.joblib
turbine_1,2026-01-31 19:00:00+00:00,2026-02-01 15:00:00+00:00,20,D1,0.1611625589044081,LightGBM__Top15__global__default,Top15,models/644e19e22a6c2779/LightGBM__Top15__global__default__global__asof_20260131T1900Z.joblib
turbine_2,2026-01-31 19:00:00+00:00,2026-02-01 15:00:00+00:00,20,D1,0.15768563266110694,LightGBM__Top15__global__default,Top15,models/644e19e22a6c2779/LightGBM__Top15__global__default__global__asof_20260131T1900Z.joblib
turbine_1,2026-01-31 19:00:00+00:00,2026-02-01 16:00:00+00:00,21,D1,0.24235326646208963,LightGBM__Top15__global__default,Top15,models/644e19e22a6c2779/LightGBM__Top15__global__default__global__asof_20260131T1900Z.joblib
turbine_2,2026-01-31 19:00:00+00:00,2026-02-01 16:00:00+00:00,21,D1,0.23887634021878848,LightGBM__Top15__global__default,Top15,models/644e19e22a6c2779/LightGBM__Top15__global__default__global__asof_20260131T1900Z.joblib
turbine_1,2026-01-31 19:00:00+00:00,2026-02-01 17:00:00+00:00,22,D1,0.17572289850606246,LightGBM__Top15__global__default,Top15,models/644e19e22a6c2779/LightGBM__Top15__global__default__global__asof_20260131T1900Z.joblib
turbine_2,2026-01-31 19:00:00+00:00,2026-02-01 17:00:00+00:00,22,D1,0.1722459722627613,LightGBM__Top15__global__default,Top15,models/644e19e22a6c2779/LightGBM__Top15__global__default__global__asof_20260131T1900Z.joblib
turbine_1,2026-01-31 19:00:00+00:00,2026-02-01 18:00:00+00:00,23,D1,0.1625858562558069,LightGBM__Top15__global__default,Top15,models/644e19e22a6c2779/LightGBM__Top15__global__default__global__asof_20260131T1900Z.joblib
turbine_2,2026-01-31 19:00:00+00:00,2026-02-01 18:00:00+00:00,23,D1,0.16123446798970936,LightGBM__Top15__global__default,Top15,models/644e19e22a6c2779/LightGBM__Top15__global__default__global__asof_20260131T1900Z.joblib
turbine_1,2026-01-31 19:00:00+00:00,2026-02-01 19:00:00+00:00,24,D1,0.15522477288241548,LightGBM__Top15__global__default,Top15,models/644e19e22a6c2779/LightGBM__Top15__global__default__global__asof_20260131T1900Z.joblib
turbine_2,2026-01-31 19:00:00+00:00,2026-02-01 19:00:00+00:00,24,D1,0.15387338461631794,LightGBM__Top15__global__default,Top15,models/644e19e22a6c2779/LightGBM__Top15__global__default__global__asof_20260131T1900Z.joblib
turbine_1,2026-01-31 19:00:00+00:00,2026-02-01 20:00:00+00:00,25,D2,0.11905062656410186,LightGBM__Top15__global__default,Top15,models/644e19e22a6c2779/LightGBM__Top15__global__default__global__asof_20260131T1900Z.joblib
turbine_2,2026-01-31 19:00:00+00:00,2026-02-01 20:00:00+00:00,25,D2,0.1176992382980043,LightGBM__Top15__global__default,Top15,models/644e19e22a6c2779/LightGBM__Top15__global__default__global__asof_20260131T1900Z.joblib
turbine_1,2026-01-31 19:00:00+00:00,2026-02-01 21:00:00+00:00,26,D2,0.17376938587011814,LightGBM__Top15__global__default,Top15,models/644e19e22a6c2779/LightGBM__Top15__global__default__global__asof_20260131T1900Z.joblib
turbine_2,2026-01-31 19:00:00+00:00,2026-02-01 21:00:00+00:00,26,D2,0.17760768083573147,LightGBM__Top15__global__default,Top15,models/644e19e22a6c2779/LightGBM__Top15__global__default__global__asof_20260131T1900Z.joblib
turbine_1,2026-01-31 19:00:00+00:00,2026-02-01 22:00:00+00:00,27,D2,0.28948535378098744,LightGBM__Top15__global__default,Top15,models/644e19e22a6c2779/LightGBM__Top15__global__default__global__asof_20260131T1900Z.joblib
turbine_2,2026-01-31 19:00:00+00:00,2026-02-01 22:00:00+00:00,27,D2,0.2884085411899232,LightGBM__Top15__global__default,Top15,models/644e19e22a6c2779/LightGBM__Top15__global__default__global__asof_20260131T1900Z.joblib
turbine_1,2026-01-31 19:00:00+00:00,2026-02-01 23:00:00+00:00,28,D2,0.40298647960859213,LightGBM__Top15__global__default,Top15,models/644e19e22a6c2779/LightGBM__Top15__global__default__global__asof_20260131T1900Z.joblib
turbine_2,2026-01-31 19:00:00+00:00,2026-02-01 23:00:00+00:00,28,D2,0.4019096670175279,LightGBM__Top15__global__default,Top15,models/644e19e22a6c2779/LightGBM__Top15__global__default__global__asof_20260131T1900Z.joblib
turbine_1,2026-01-31 19:00:00+00:00,2026-02-02 00:00:00+00:00,29,D2,0.4497485715746668,LightGBM__Top15__global__default,Top15,models/644e19e22a6c2779/LightGBM__Top15__global__default__global__asof_20260131T1900Z.joblib
turbine_2,2026-01-31 19:00:00+00:00,2026-02-02 00:00:00+00:00,29,D2,0.4550802685453429,LightGBM__Top15__global__default,Top15,models/644e19e22a6c2779/LightGBM__Top15__global__default__global__asof_20260131T1900Z.joblib
turbine_1,2026-01-31 19:00:00+00:00,2026-02-02 01:00:00+00:00,30,D2,0.39996849292176245,LightGBM__Top15__global__default,Top15,models/644e19e22a6c2779/LightGBM__Top15__global__default__global__asof_20260131T1900Z.joblib
turbine_2,2026-01-31 19:00:00+00:00,2026-02-02 01:00:00+00:00,30,D2,0.4001108425671056,LightGBM__Top15__global__default,Top15,models/644e19e22a6c2779/LightGBM__Top15__global__default__global__asof_20260131T1900Z.joblib
turbine_1,2026-01-31 19:00:00+00:00,2026-02-02 02:00:00+00:00,31,D2,0.4079517368400937,LightGBM__Top15__global__default,Top15,models/644e19e22a6c2779/LightGBM__Top15__global__default__global__asof_20260131T1900Z.joblib
turbine_2,2026-01-31 19:00:00+00:00,2026-02-02 02:00:00+00:00,31,D2,0.40942251466295654,LightGBM__Top15__global__default,Top15,models/644e19e22a6c2779/LightGBM__Top15__global__default__global__asof_20260131T1900Z.joblib
turbine_1,2026-01-31 19:00:00+00:00,2026-02-02 03:00:00+00:00,32,D2,0.5131839374255166,LightGBM__Top15__global__default,Top15,models/644e19e22a6c2779/LightGBM__Top15__global__default__global__asof_20260131T1900Z.joblib
turbine_2,2026-01-31 19:00:00+00:00,2026-02-02 03:00:00+00:00,32,D2,0.5146547152483796,LightGBM__Top15__global__default,Top15,models/644e19e22a6c2779/LightGBM__Top15__global__default__global__asof_20260131T1900Z.joblib
turbine_1,2026-01-31 19:00:00+00:00,2026-02-02 04:00:00+00:00,33,D2,0.45654849269181313,LightGBM__Top15__global__default,Top15,models/644e19e22a6c2779/LightGBM__Top15__global__default__global__asof_20260131T1900Z.joblib
turbine_2,2026-01-31 19:00:00+00:00,2026-02-02 04:00:00+00:00,33,D2,0.45801927051467595,LightGBM__Top15__global__default,Top15,models/644e19e22a6c2779/LightGBM__Top15__global__default__global__asof_20260131T1900Z.joblib
turbine_1,2026-01-31 19:00:00+00:00,2026-02-02 05:00:00+00:00,34,D2,0.684689834956813,LightGBM__Top15__global__default,Top15,models/644e19e22a6c2779/LightGBM__Top15__global__default__global__asof_20260131T1900Z.joblib
turbine_2,2026-01-31 19:00:00+00:00,2026-02-02 05:00:00+00:00,34,D2,0.684284576210686,LightGBM__Top15__global__default,Top15,models/644e19e22a6c2779/LightGBM__Top15__global__default__global__asof_20260131T1900Z.joblib
turbine_1,2026-01-31 19:00:00+00:00,2026-02-02 06:00:00+00:00,35,D2,0.753978602380619,LightGBM__Top15__global__default,Top15,models/644e19e22a6c2779/LightGBM__Top15__global__default__global__asof_20260131T1900Z.joblib
turbine_2,2026-01-31 19:00:00+00:00,2026-02-02 06:00:00+00:00,35,D2,0.7577291038739147,LightGBM__Top15__global__default,Top15,models/644e19e22a6c2779/LightGBM__Top15__global__default__global__asof_20260131T1900Z.joblib
turbine_1,2026-01-31 19:00:00+00:00,2026-02-02 07:00:00+00:00,36,D2,0.8195361085012001,LightGBM__Top15__global__default,Top15,models/644e19e22a6c2779/LightGBM__Top15__global__default__global__asof_20260131T1900Z.joblib
turbine_2,2026-01-31 19:00:00+00:00,2026-02-02 07:00:00+00:00,36,D2,0.8189562673723828,LightGBM__Top15__global__default,Top15,models/644e19e22a6c2779/LightGBM__Top15__global__default__global__asof_20260131T1900Z.joblib
turbine_1,2026-01-31 19:00:00+00:00,2026-02-02 08:00:00+00:00,37,D2,0.9411925507164275,LightGBM__Top15__global__default,Top15,models/644e19e22a6c2779/LightGBM__Top15__global__default__global__asof_20260131T1900Z.joblib
turbine_2,2026-01-31 19:00:00+00:00,2026-02-02 08:00:00+00:00,37,D2,0.9406127095876101,LightGBM__Top15__global__default,Top15,models/644e19e22a6c2779/LightGBM__Top15__global__default__global__asof_20260131T1900Z.joblib
turbine_1,2026-01-31 19:00:00+00:00,2026-02-02 09:00:00+00:00,38,D2,0.9395625183441016,LightGBM__Top15__global__default,Top15,models/644e19e22a6c2779/LightGBM__Top15__global__default__global__asof_20260131T1900Z.joblib
turbine_2,2026-01-31 19:00:00+00:00,2026-02-02 09:00:00+00:00,38,D2,0.9368571392380807,LightGBM__Top15__global__default,Top15,models/644e19e22a6c2779/LightGBM__Top15__global__default__global__asof_20260131T1900Z.joblib
turbine_1,2026-01-31 19:00:00+00:00,2026-02-02 10:00:00+00:00,39,D2,0.8928562606520783,LightGBM__Top15__global__default,Top15,models/644e19e22a6c2779/LightGBM__Top15__global__default__global__asof_20260131T1900Z.joblib
turbine_2,2026-01-31 19:00:00+00:00,2026-02-02 10:00:00+00:00,39,D2,0.8928248916747872,LightGBM__Top15__global__default,Top15,models/644e19e22a6c2779/LightGBM__Top15__global__default__global__asof_20260131T1900Z.joblib
turbine_1,2026-01-31 19:00:00+00:00,2026-02-02 11:00:00+00:00,40,D2,0.852995031278818,LightGBM__Top15__global__default,Top15,models/644e19e22a6c2779/LightGBM__Top15__global__default__global__asof_20260131T1900Z.joblib
turbine_2,2026-01-31 19:00:00+00:00,2026-02-02 11:00:00+00:00,40,D2,0.8529636623015269,LightGBM__Top15__global__default,Top15,models/644e19e22a6c2779/LightGBM__Top15__global__default__global__asof_20260131T1900Z.joblib
turbine_1,2026-01-31 19:00:00+00:00,2026-02-02 12:00:00+00:00,41,D2,0.6631167196171707,LightGBM__Top15__global__default,Top15,models/644e19e22a6c2779/LightGBM__Top15__global__default__global__asof_20260131T1900Z.joblib
turbine_2,2026-01-31 19:00:00+00:00,2026-02-02 12:00:00+00:00,41,D2,0.6807538203839564,LightGBM__Top15__global__default,Top15,models/644e19e22a6c2779/LightGBM__Top15__global__default__global__asof_20260131T1900Z.joblib
turbine_1,2026-01-31 19:00:00+00:00,2026-02-02 13:00:00+00:00,42,D2,0.4300296146776786,LightGBM__Top15__global__default,Top15,models/644e19e22a6c2779/LightGBM__Top15__global__default__global__asof_20260131T1900Z.joblib
turbine_2,2026-01-31 19:00:00+00:00,2026-02-02 13:00:00+00:00,42,D2,0.42682726410941074,LightGBM__Top15__global__default,Top15,models/644e19e22a6c2779/LightGBM__Top15__global__default__global__asof_20260131T1900Z.joblib
turbine_1,2026-01-31 19:00:00+00:00,2026-02-02 14:00:00+00:00,43,D2,0.19885345267426152,LightGBM__Top15__global__default,Top15,models/644e19e22a6c2779/LightGBM__Top15__global__default__global__asof_20260131T1900Z.joblib
turbine_2,2026-01-31 19:00:00+00:00,2026-02-02 14:00:00+00:00,43,D2,0.19537652643096037,LightGBM__Top15__global__default,Top15,models/644e19e22a6c2779/LightGBM__Top15__global__default__global__asof_20260131T1900Z.joblib
turbine_1,2026-01-31 19:00:00+00:00,2026-02-02 15:00:00+00:00,44,D2,0.1851653426837114,LightGBM__Top15__global__default,Top15,models/644e19e22a6c2779/LightGBM__Top15__global__default__global__asof_20260131T1900Z.joblib
turbine_2,2026-01-31 19:00:00+00:00,2026-02-02 15:00:00+00:00,44,D2,0.18168841644041026,LightGBM__Top15__global__default,Top15,models/644e19e22a6c2779/LightGBM__Top15__global__default__global__asof_20260131T1900Z.joblib
turbine_1,2026-01-31 19:00:00+00:00,2026-02-02 16:00:00+00:00,45,D2,0.215426730375349,LightGBM__Top15__global__default,Top15,models/644e19e22a6c2779/LightGBM__Top15__global__default__global__asof_20260131T1900Z.joblib
turbine_2,2026-01-31 19:00:00+00:00,2026-02-02 16:00:00+00:00,45,D2,0.21441478015463858,LightGBM__Top15__global__default,Top15,models/644e19e22a6c2779/LightGBM__Top15__global__default__global__asof_20260131T1900Z.joblib
turbine_1,2026-01-31 19:00:00+00:00,2026-02-02 17:00:00+00:00,46,D2,0.22133262920698527,LightGBM__Top15__global__default,Top15,models/644e19e22a6c2779/LightGBM__Top15__global__default__global__asof_20260131T1900Z.joblib
turbine_2,2026-01-31 19:00:00+00:00,2026-02-02 17:00:00+00:00,46,D2,0.22059525466130822,LightGBM__Top15__global__default,Top15,models/644e19e22a6c2779/LightGBM__Top15__global__default__global__asof_20260131T1900Z.joblib
turbine_1,2026-01-31 19:00:00+00:00,2026-02-02 18:00:00+00:00,47,D2,0.21142237730120678,LightGBM__Top15__global__default,Top15,models/644e19e22a6c2779/LightGBM__Top15__global__default__global__asof_20260131T1900Z.joblib
turbine_2,2026-01-31 19:00:00+00:00,2026-02-02 18:00:00+00:00,47,D2,0.21281054073273334,LightGBM__Top15__global__default,Top15,models/644e19e22a6c2779/LightGBM__Top15__global__default__global__asof_20260131T1900Z.joblib
turbine_1,2026-01-31 19:00:00+00:00,2026-02-02 19:00:00+00:00,48,D2,0.25301270919681473,LightGBM__Top15__global__default,Top15,models/644e19e22a6c2779/LightGBM__Top15__global__default__global__asof_20260131T1900Z.joblib
turbine_2,2026-01-31 19:00:00+00:00,2026-02-02 19:00:00+00:00,48,D2,0.2544008726283412,LightGBM__Top15__global__default,Top15,models/644e19e22a6c2779/LightGBM__Top15__global__default__global__asof_20260131T1900Z.joblib
turbine_1,2026-02-01 19:00:00+00:00,2026-02-01 20:00:00+00:00,1,D1,0.12905636983080507,LightGBM__Top15__global__default,Top15,models/644e19e22a6c2779/LightGBM__Top15__global__default__global__all_history.joblib
turbine_2,2026-02-01 19:00:00+00:00,2026-02-01 20:00:00+00:00,1,D1,0.12643991557222437,LightGBM__Top15__global__default,Top15,models/644e19e22a6c2779/LightGBM__Top15__global__default__global__all_history.joblib
turbine_1,2026-02-01 19:00:00+00:00,2026-02-01 21:00:00+00:00,2,D1,0.24986482890731937,LightGBM__Top15__global__default,Top15,models/644e19e22a6c2779/LightGBM__Top15__global__default__global__all_history.joblib
turbine_2,2026-02-01 19:00:00+00:00,2026-02-01 21:00:00+00:00,2,D1,0.24749584529107027,LightGBM__Top15__global__default,Top15,models/644e19e22a6c2779/LightGBM__Top15__global__default__global__all_history.joblib
turbine_1,2026-02-01 19:00:00+00:00,2026-02-01 22:00:00+00:00,3,D1,0.30882335802449623,LightGBM__Top15__global__default,Top15,models/644e19e22a6c2779/LightGBM__Top15__global__default__global__all_history.joblib
turbine_2,2026-02-01 19:00:00+00:00,2026-02-01 22:00:00+00:00,3,D1,0.3064543744082472,LightGBM__Top15__global__default,Top15,models/644e19e22a6c2779/LightGBM__Top15__global__default__global__all_history.joblib
turbine_1,2026-02-01 19:00:00+00:00,2026-02-01 23:00:00+00:00,4,D1,0.4223920042790746,LightGBM__Top15__global__default,Top15,models/644e19e22a6c2779/LightGBM__Top15__global__default__global__all_history.joblib
turbine_2,2026-02-01 19:00:00+00:00,2026-02-01 23:00:00+00:00,4,D1,0.4202132445729234,LightGBM__Top15__global__default,Top15,models/644e19e22a6c2779/LightGBM__Top15__global__default__global__all_history.joblib
turbine_1,2026-02-01 19:00:00+00:00,2026-02-02 00:00:00+00:00,5,D1,0.40377487817689767,LightGBM__Top15__global__default,Top15,models/644e19e22a6c2779/LightGBM__Top15__global__default__global__all_history.joblib
turbine_2,2026-02-01 19:00:00+00:00,2026-02-02 00:00:00+00:00,5,D1,0.40350815030369586,LightGBM__Top15__global__default,Top15,models/644e19e22a6c2779/LightGBM__Top15__global__default__global__all_history.joblib
turbine_1,2026-02-01 19:00:00+00:00,2026-02-02 01:00:00+00:00,6,D1,0.38063521083506063,LightGBM__Top15__global__default,Top15,models/644e19e22a6c2779/LightGBM__Top15__global__default__global__all_history.joblib
turbine_2,2026-02-01 19:00:00+00:00,2026-02-02 01:00:00+00:00,6,D1,0.3803684829618588,LightGBM__Top15__global__default,Top15,models/644e19e22a6c2779/LightGBM__Top15__global__default__global__all_history.joblib
turbine_1,2026-02-01 19:00:00+00:00,2026-02-02 02:00:00+00:00,7,D1,0.40782535390666136,LightGBM__Top15__global__default,Top15,models/644e19e22a6c2779/LightGBM__Top15__global__default__global__all_history.joblib
turbine_2,2026-02-01 19:00:00+00:00,2026-02-02 02:00:00+00:00,7,D1,0.4070366563834125,LightGBM__Top15__global__default,Top15,models/644e19e22a6c2779/LightGBM__Top15__global__default__global__all_history.joblib
turbine_1,2026-02-01 19:00:00+00:00,2026-02-02 03:00:00+00:00,8,D1,0.601304849014734,LightGBM__Top15__global__default,Top15,models/644e19e22a6c2779/LightGBM__Top15__global__default__global__all_history.joblib
turbine_2,2026-02-01 19:00:00+00:00,2026-02-02 03:00:00+00:00,8,D1,0.5973319104782863,LightGBM__Top15__global__default,Top15,models/644e19e22a6c2779/LightGBM__Top15__global__default__global__all_history.joblib
turbine_1,2026-02-01 19:00:00+00:00,2026-02-02 04:00:00+00:00,9,D1,0.6398687966708569,LightGBM__Top15__global__default,Top15,models/644e19e22a6c2779/LightGBM__Top15__global__default__global__all_history.joblib
turbine_2,2026-02-01 19:00:00+00:00,2026-02-02 04:00:00+00:00,9,D1,0.6358958581344092,LightGBM__Top15__global__default,Top15,models/644e19e22a6c2779/LightGBM__Top15__global__default__global__all_history.joblib
turbine_1,2026-02-01 19:00:00+00:00,2026-02-02 05:00:00+00:00,10,D1,0.7072539572537424,LightGBM__Top15__global__default,Top15,models/644e19e22a6c2779/LightGBM__Top15__global__default__global__all_history.joblib
turbine_2,2026-02-01 19:00:00+00:00,2026-02-02 05:00:00+00:00,10,D1,0.7007780830055261,LightGBM__Top15__global__default,Top15,models/644e19e22a6c2779/LightGBM__Top15__global__default__global__all_history.joblib
turbine_1,2026-02-01 19:00:00+00:00,2026-02-02 06:00:00+00:00,11,D1,0.7435874053699296,LightGBM__Top15__global__default,Top15,models/644e19e22a6c2779/LightGBM__Top15__global__default__global__all_history.joblib
turbine_2,2026-02-01 19:00:00+00:00,2026-02-02 06:00:00+00:00,11,D1,0.7427987078466806,LightGBM__Top15__global__default,Top15,models/644e19e22a6c2779/LightGBM__Top15__global__default__global__all_history.joblib
turbine_1,2026-02-01 19:00:00+00:00,2026-02-02 07:00:00+00:00,12,D1,0.794041511872892,LightGBM__Top15__global__default,Top15,models/644e19e22a6c2779/LightGBM__Top15__global__default__global__all_history.joblib
turbine_2,2026-02-01 19:00:00+00:00,2026-02-02 07:00:00+00:00,12,D1,0.7901496824570338,LightGBM__Top15__global__default,Top15,models/644e19e22a6c2779/LightGBM__Top15__global__default__global__all_history.joblib
turbine_1,2026-02-01 19:00:00+00:00,2026-02-02 08:00:00+00:00,13,D1,0.9348219369468277,LightGBM__Top15__global__default,Top15,models/644e19e22a6c2779/LightGBM__Top15__global__default__global__all_history.joblib
turbine_2,2026-02-01 19:00:00+00:00,2026-02-02 08:00:00+00:00,13,D1,0.9309301075309695,LightGBM__Top15__global__default,Top15,models/644e19e22a6c2779/LightGBM__Top15__global__default__global__all_history.joblib
turbine_1,2026-02-01 19:00:00+00:00,2026-02-02 09:00:00+00:00,14,D1,0.902223968680539,LightGBM__Top15__global__default,Top15,models/644e19e22a6c2779/LightGBM__Top15__global__default__global__all_history.joblib
turbine_2,2026-02-01 19:00:00+00:00,2026-02-02 09:00:00+00:00,14,D1,0.8983321392646808,LightGBM__Top15__global__default,Top15,models/644e19e22a6c2779/LightGBM__Top15__global__default__global__all_history.joblib
turbine_1,2026-02-01 19:00:00+00:00,2026-02-02 10:00:00+00:00,15,D1,0.8873220805989489,LightGBM__Top15__global__default,Top15,models/644e19e22a6c2779/LightGBM__Top15__global__default__global__all_history.joblib
turbine_2,2026-02-01 19:00:00+00:00,2026-02-02 10:00:00+00:00,15,D1,0.8844394302147353,LightGBM__Top15__global__default,Top15,models/644e19e22a6c2779/LightGBM__Top15__global__default__global__all_history.joblib
turbine_1,2026-02-01 19:00:00+00:00,2026-02-02 11:00:00+00:00,16,D1,0.9140474341964987,LightGBM__Top15__global__default,Top15,models/644e19e22a6c2779/LightGBM__Top15__global__default__global__all_history.joblib
turbine_2,2026-02-01 19:00:00+00:00,2026-02-02 11:00:00+00:00,16,D1,0.9137807063232966,LightGBM__Top15__global__default,Top15,models/644e19e22a6c2779/LightGBM__Top15__global__default__global__all_history.joblib
turbine_1,2026-02-01 19:00:00+00:00,2026-02-02 12:00:00+00:00,17,D1,0.7532514063187751,LightGBM__Top15__global__default,Top15,models/644e19e22a6c2779/LightGBM__Top15__global__default__global__all_history.joblib
turbine_2,2026-02-01 19:00:00+00:00,2026-02-02 12:00:00+00:00,17,D1,0.7529846784455729,LightGBM__Top15__global__default,Top15,models/644e19e22a6c2779/LightGBM__Top15__global__default__global__all_history.joblib
turbine_1,2026-02-01 19:00:00+00:00,2026-02-02 13:00:00+00:00,18,D1,0.18814062602232381,LightGBM__Top15__global__default,Top15,models/644e19e22a6c2779/LightGBM__Top15__global__default__global__all_history.joblib
turbine_2,2026-02-01 19:00:00+00:00,2026-02-02 13:00:00+00:00,18,D1,0.1855241717637431,LightGBM__Top15__global__default,Top15,models/644e19e22a6c2779/LightGBM__Top15__global__default__global__all_history.joblib
turbine_1,2026-02-01 19:00:00+00:00,2026-02-02 14:00:00+00:00,19,D1,0.18637541795768442,LightGBM__Top15__global__default,Top15,models/644e19e22a6c2779/LightGBM__Top15__global__default__global__all_history.joblib
turbine_2,2026-02-01 19:00:00+00:00,2026-02-02 14:00:00+00:00,19,D1,0.18493880841810775,LightGBM__Top15__global__default,Top15,models/644e19e22a6c2779/LightGBM__Top15__global__default__global__all_history.joblib
turbine_1,2026-02-01 19:00:00+00:00,2026-02-02 15:00:00+00:00,20,D1,0.09407795236321422,LightGBM__Top15__global__default,Top15,models/644e19e22a6c2779/LightGBM__Top15__global__default__global__all_history.joblib
turbine_2,2026-02-01 19:00:00+00:00,2026-02-02 15:00:00+00:00,20,D1,0.09234311030832078,LightGBM__Top15__global__default,Top15,models/644e19e22a6c2779/LightGBM__Top15__global__default__global__all_history.joblib
turbine_1,2026-02-01 19:00:00+00:00,2026-02-02 16:00:00+00:00,21,D1,0.1301148224069115,LightGBM__Top15__global__default,Top15,models/644e19e22a6c2779/LightGBM__Top15__global__default__global__all_history.joblib
turbine_2,2026-02-01 19:00:00+00:00,2026-02-02 16:00:00+00:00,21,D1,0.128379980352018,LightGBM__Top15__global__default,Top15,models/644e19e22a6c2779/LightGBM__Top15__global__default__global__all_history.joblib
turbine_1,2026-02-01 19:00:00+00:00,2026-02-02 17:00:00+00:00,22,D1,0.11780161960142008,LightGBM__Top15__global__default,Top15,models/644e19e22a6c2779/LightGBM__Top15__global__default__global__all_history.joblib
turbine_2,2026-02-01 19:00:00+00:00,2026-02-02 17:00:00+00:00,22,D1,0.11611753941951186,LightGBM__Top15__global__default,Top15,models/644e19e22a6c2779/LightGBM__Top15__global__default__global__all_history.joblib
turbine_1,2026-02-01 19:00:00+00:00,2026-02-02 18:00:00+00:00,23,D1,0.1097731968826702,LightGBM__Top15__global__default,Top15,models/644e19e22a6c2779/LightGBM__Top15__global__default__global__all_history.joblib
turbine_2,2026-02-01 19:00:00+00:00,2026-02-02 18:00:00+00:00,23,D1,0.10715674262408956,LightGBM__Top15__global__default,Top15,models/644e19e22a6c2779/LightGBM__Top15__global__default__global__all_history.joblib
turbine_1,2026-02-01 19:00:00+00:00,2026-02-02 19:00:00+00:00,24,D1,0.14386666512702917,LightGBM__Top15__global__default,Top15,models/644e19e22a6c2779/LightGBM__Top15__global__default__global__all_history.joblib
turbine_2,2026-02-01 19:00:00+00:00,2026-02-02 19:00:00+00:00,24,D1,0.14149768151078007,LightGBM__Top15__global__default,Top15,models/644e19e22a6c2779/LightGBM__Top15__global__default__global__all_history.joblib
turbine_1,2026-02-01 19:00:00+00:00,2026-02-02 20:00:00+00:00,25,D2,0.2685683322578024,LightGBM__Top15__global__default,Top15,models/644e19e22a6c2779/LightGBM__Top15__global__default__global__all_history.joblib
turbine_2,2026-02-01 19:00:00+00:00,2026-02-02 20:00:00+00:00,25,D2,0.26638957255165124,LightGBM__Top15__global__default,Top15,models/644e19e22a6c2779/LightGBM__Top15__global__default__global__all_history.joblib
turbine_1,2026-02-01 19:00:00+00:00,2026-02-02 21:00:00+00:00,26,D2,0.39117563423629675,LightGBM__Top15__global__default,Top15,models/644e19e22a6c2779/LightGBM__Top15__global__default__global__all_history.joblib
turbine_2,2026-02-01 19:00:00+00:00,2026-02-02 21:00:00+00:00,26,D2,0.3889968745301456,LightGBM__Top15__global__default,Top15,models/644e19e22a6c2779/LightGBM__Top15__global__default__global__all_history.joblib
turbine_1,2026-02-01 19:00:00+00:00,2026-02-02 22:00:00+00:00,27,D2,0.28193648196004495,LightGBM__Top15__global__default,Top15,models/644e19e22a6c2779/LightGBM__Top15__global__default__global__all_history.joblib
turbine_2,2026-02-01 19:00:00+00:00,2026-02-02 22:00:00+00:00,27,D2,0.2797577222538938,LightGBM__Top15__global__default,Top15,models/644e19e22a6c2779/LightGBM__Top15__global__default__global__all_history.joblib
turbine_1,2026-02-01 19:00:00+00:00,2026-02-02 23:00:00+00:00,28,D2,0.4636758683067409,LightGBM__Top15__global__default,Top15,models/644e19e22a6c2779/LightGBM__Top15__global__default__global__all_history.joblib
turbine_2,2026-02-01 19:00:00+00:00,2026-02-02 23:00:00+00:00,28,D2,0.462482331275856,LightGBM__Top15__global__default,Top15,models/644e19e22a6c2779/LightGBM__Top15__global__default__global__all_history.joblib
turbine_1,2026-02-01 19:00:00+00:00,2026-02-03 00:00:00+00:00,29,D2,0.167909878700155,LightGBM__Top15__global__default,Top15,models/644e19e22a6c2779/LightGBM__Top15__global__default__global__all_history.joblib
turbine_2,2026-02-01 19:00:00+00:00,2026-02-03 00:00:00+00:00,29,D2,0.1655408950839059,LightGBM__Top15__global__default,Top15,models/644e19e22a6c2779/LightGBM__Top15__global__default__global__all_history.joblib
turbine_1,2026-02-01 19:00:00+00:00,2026-02-03 01:00:00+00:00,30,D2,0.08834396199616142,LightGBM__Top15__global__default,Top15,models/644e19e22a6c2779/LightGBM__Top15__global__default__global__all_history.joblib
turbine_2,2026-02-01 19:00:00+00:00,2026-02-03 01:00:00+00:00,30,D2,0.08547753107454187,LightGBM__Top15__global__default,Top15,models/644e19e22a6c2779/LightGBM__Top15__global__default__global__all_history.joblib
turbine_1,2026-02-01 19:00:00+00:00,2026-02-03 02:00:00+00:00,31,D2,0.10971443628773123,LightGBM__Top15__global__default,Top15,models/644e19e22a6c2779/LightGBM__Top15__global__default__global__all_history.joblib
turbine_2,2026-02-01 19:00:00+00:00,2026-02-03 02:00:00+00:00,31,D2,0.10822706487516938,LightGBM__Top15__global__default,Top15,models/644e19e22a6c2779/LightGBM__Top15__global__default__global__all_history.joblib
turbine_1,2026-02-01 19:00:00+00:00,2026-02-03 03:00:00+00:00,32,D2,0.10038890507105953,LightGBM__Top15__global__default,Top15,models/644e19e22a6c2779/LightGBM__Top15__global__default__global__all_history.joblib
turbine_2,2026-02-01 19:00:00+00:00,2026-02-03 03:00:00+00:00,32,D2,0.09912087312082718,LightGBM__Top15__global__default,Top15,models/644e19e22a6c2779/LightGBM__Top15__global__default__global__all_history.joblib
turbine_1,2026-02-01 19:00:00+00:00,2026-02-03 04:00:00+00:00,33,D2,0.053160845139838826,LightGBM__Top15__global__default,Top15,models/644e19e22a6c2779/LightGBM__Top15__global__default__global__all_history.joblib
turbine_2,2026-02-01 19:00:00+00:00,2026-02-03 04:00:00+00:00,33,D2,0.05079186152358975,LightGBM__Top15__global__default,Top15,models/644e19e22a6c2779/LightGBM__Top15__global__default__global__all_history.joblib
turbine_1,2026-02-01 19:00:00+00:00,2026-02-03 05:00:00+00:00,34,D2,0.01345603655775277,LightGBM__Top15__global__default,Top15,models/644e19e22a6c2779/LightGBM__Top15__global__default__global__all_history.joblib
turbine_2,2026-02-01 19:00:00+00:00,2026-02-03 05:00:00+00:00,34,D2,0.012534882216153816,LightGBM__Top15__global__default,Top15,models/644e19e22a6c2779/LightGBM__Top15__global__default__global__all_history.joblib
turbine_1,2026-02-01 19:00:00+00:00,2026-02-03 06:00:00+00:00,35,D2,0.010344450400266055,LightGBM__Top15__global__default,Top15,models/644e19e22a6c2779/LightGBM__Top15__global__default__global__all_history.joblib
turbine_2,2026-02-01 19:00:00+00:00,2026-02-03 06:00:00+00:00,35,D2,0.010463623121737962,LightGBM__Top15__global__default,Top15,models/644e19e22a6c2779/LightGBM__Top15__global__default__global__all_history.joblib
turbine_1,2026-02-01 19:00:00+00:00,2026-02-03 07:00:00+00:00,36,D2,0.015894433256590002,LightGBM__Top15__global__default,Top15,models/644e19e22a6c2779/LightGBM__Top15__global__default__global__all_history.joblib
turbine_2,2026-02-01 19:00:00+00:00,2026-02-03 07:00:00+00:00,36,D2,0.015414021471559397,LightGBM__Top15__global__default,Top15,models/644e19e22a6c2779/LightGBM__Top15__global__default__global__all_history.joblib
turbine_1,2026-02-01 19:00:00+00:00,2026-02-03 08:00:00+00:00,37,D2,0.014156407094391742,LightGBM__Top15__global__default,Top15,models/644e19e22a6c2779/LightGBM__Top15__global__default__global__all_history.joblib
turbine_2,2026-02-01 19:00:00+00:00,2026-02-03 08:00:00+00:00,37,D2,0.013923465951692741,LightGBM__Top15__global__default,Top15,models/644e19e22a6c2779/LightGBM__Top15__global__default__global__all_history.joblib
turbine_1,2026-02-01 19:00:00+00:00,2026-02-03 09:00:00+00:00,38,D2,0.013643962024143615,LightGBM__Top15__global__default,Top15,models/644e19e22a6c2779/LightGBM__Top15__global__default__global__all_history.joblib
turbine_2,2026-02-01 19:00:00+00:00,2026-02-03 09:00:00+00:00,38,D2,0.012478646804772177,LightGBM__Top15__global__default,Top15,models/644e19e22a6c2779/LightGBM__Top15__global__default__global__all_history.joblib
turbine_1,2026-02-01 19:00:00+00:00,2026-02-03 10:00:00+00:00,39,D2,0.037631853628482495,LightGBM__Top15__global__default,Top15,models/644e19e22a6c2779/LightGBM__Top15__global__default__global__all_history.joblib
turbine_2,2026-02-01 19:00:00+00:00,2026-02-03 10:00:00+00:00,39,D2,0.0374953526312462,LightGBM__Top15__global__default,Top15,models/644e19e22a6c2779/LightGBM__Top15__global__default__global__all_history.joblib
turbine_1,2026-02-01 19:00:00+00:00,2026-02-03 11:00:00+00:00,40,D2,0.085640363120509,LightGBM__Top15__global__default,Top15,models/644e19e22a6c2779/LightGBM__Top15__global__default__global__all_history.joblib
turbine_2,2026-02-01 19:00:00+00:00,2026-02-03 11:00:00+00:00,40,D2,0.08537363524730711,LightGBM__Top15__global__default,Top15,models/644e19e22a6c2779/LightGBM__Top15__global__default__global__all_history.joblib
turbine_1,2026-02-01 19:00:00+00:00,2026-02-03 12:00:00+00:00,41,D2,0.120621477528506,LightGBM__Top15__global__default,Top15,models/644e19e22a6c2779/LightGBM__Top15__global__default__global__all_history.joblib
turbine_2,2026-02-01 19:00:00+00:00,2026-02-03 12:00:00+00:00,41,D2,0.11942794049762098,LightGBM__Top15__global__default,Top15,models/644e19e22a6c2779/LightGBM__Top15__global__default__global__all_history.joblib
turbine_1,2026-02-01 19:00:00+00:00,2026-02-03 13:00:00+00:00,42,D2,0.22013109443850004,LightGBM__Top15__global__default,Top15,models/644e19e22a6c2779/LightGBM__Top15__global__default__global__all_history.joblib
turbine_2,2026-02-01 19:00:00+00:00,2026-02-03 13:00:00+00:00,42,D2,0.22284737643948213,LightGBM__Top15__global__default,Top15,models/644e19e22a6c2779/LightGBM__Top15__global__default__global__all_history.joblib
turbine_1,2026-02-01 19:00:00+00:00,2026-02-03 14:00:00+00:00,43,D2,0.24786679308280496,LightGBM__Top15__global__default,Top15,models/644e19e22a6c2779/LightGBM__Top15__global__default__global__all_history.joblib
turbine_2,2026-02-01 19:00:00+00:00,2026-02-03 14:00:00+00:00,43,D2,0.24667325605191995,LightGBM__Top15__global__default,Top15,models/644e19e22a6c2779/LightGBM__Top15__global__default__global__all_history.joblib
turbine_1,2026-02-01 19:00:00+00:00,2026-02-03 15:00:00+00:00,44,D2,0.24160203700501398,LightGBM__Top15__global__default,Top15,models/644e19e22a6c2779/LightGBM__Top15__global__default__global__all_history.joblib
turbine_2,2026-02-01 19:00:00+00:00,2026-02-03 15:00:00+00:00,44,D2,0.24040849997412891,LightGBM__Top15__global__default,Top15,models/644e19e22a6c2779/LightGBM__Top15__global__default__global__all_history.joblib
turbine_1,2026-02-01 19:00:00+00:00,2026-02-03 16:00:00+00:00,45,D2,0.2656501876452831,LightGBM__Top15__global__default,Top15,models/644e19e22a6c2779/LightGBM__Top15__global__default__global__all_history.joblib
turbine_2,2026-02-01 19:00:00+00:00,2026-02-03 16:00:00+00:00,45,D2,0.26445665061439816,LightGBM__Top15__global__default,Top15,models/644e19e22a6c2779/LightGBM__Top15__global__default__global__all_history.joblib
turbine_1,2026-02-01 19:00:00+00:00,2026-02-03 17:00:00+00:00,46,D2,0.20190356693872102,LightGBM__Top15__global__default,Top15,models/644e19e22a6c2779/LightGBM__Top15__global__default__global__all_history.joblib
turbine_2,2026-02-01 19:00:00+00:00,2026-02-03 17:00:00+00:00,46,D2,0.200710029907836,LightGBM__Top15__global__default,Top15,models/644e19e22a6c2779/LightGBM__Top15__global__default__global__all_history.joblib
turbine_1,2026-02-01 19:00:00+00:00,2026-02-03 18:00:00+00:00,47,D2,0.18220275368644606,LightGBM__Top15__global__default,Top15,models/644e19e22a6c2779/LightGBM__Top15__global__default__global__all_history.joblib
turbine_2,2026-02-01 19:00:00+00:00,2026-02-03 18:00:00+00:00,47,D2,0.181009216655561,LightGBM__Top15__global__default,Top15,models/644e19e22a6c2779/LightGBM__Top15__global__default__global__all_history.joblib
turbine_1,2026-02-01 19:00:00+00:00,2026-02-03 19:00:00+00:00,48,D2,0.2278758107474656,LightGBM__Top15__global__default,Top15,models/644e19e22a6c2779/LightGBM__Top15__global__default__global__all_history.joblib
turbine_2,2026-02-01 19:00:00+00:00,2026-02-03 19:00:00+00:00,48,D2,0.22668227371658053,LightGBM__Top15__global__default,Top15,models/644e19e22a6c2779/LightGBM__Top15__global__default__global__all_history.joblib
turbine_1,2026-02-02 19:00:00+00:00,2026-02-02 20:00:00+00:00,1,D1,0.2540407159527927,LightGBM__Top15__global__default,Top15,models/644e19e22a6c2779/LightGBM__Top15__global__default__global__all_history.joblib
turbine_2,2026-02-02 19:00:00+00:00,2026-02-02 20:00:00+00:00,1,D1,0.25167173233654366,LightGBM__Top15__global__default,Top15,models/644e19e22a6c2779/LightGBM__Top15__global__default__global__all_history.joblib
turbine_1,2026-02-02 19:00:00+00:00,2026-02-02 21:00:00+00:00,2,D1,0.4335504913780495,LightGBM__Top15__global__default,Top15,models/644e19e22a6c2779/LightGBM__Top15__global__default__global__all_history.joblib
turbine_2,2026-02-02 19:00:00+00:00,2026-02-02 21:00:00+00:00,2,D1,0.4311815077618005,LightGBM__Top15__global__default,Top15,models/644e19e22a6c2779/LightGBM__Top15__global__default__global__all_history.joblib
turbine_1,2026-02-02 19:00:00+00:00,2026-02-02 22:00:00+00:00,3,D1,0.45099092206349184,LightGBM__Top15__global__default,Top15,models/644e19e22a6c2779/LightGBM__Top15__global__default__global__all_history.joblib
turbine_2,2026-02-02 19:00:00+00:00,2026-02-02 22:00:00+00:00,3,D1,0.4486219384472428,LightGBM__Top15__global__default,Top15,models/644e19e22a6c2779/LightGBM__Top15__global__default__global__all_history.joblib
turbine_1,2026-02-02 19:00:00+00:00,2026-02-02 23:00:00+00:00,4,D1,0.4918603158883818,LightGBM__Top15__global__default,Top15,models/644e19e22a6c2779/LightGBM__Top15__global__default__global__all_history.joblib
turbine_2,2026-02-02 19:00:00+00:00,2026-02-02 23:00:00+00:00,4,D1,0.48949133227213276,LightGBM__Top15__global__default,Top15,models/644e19e22a6c2779/LightGBM__Top15__global__default__global__all_history.joblib
turbine_1,2026-02-02 19:00:00+00:00,2026-02-03 00:00:00+00:00,5,D1,0.3019746225782718,LightGBM__Top15__global__default,Top15,models/644e19e22a6c2779/LightGBM__Top15__global__default__global__all_history.joblib
turbine_2,2026-02-02 19:00:00+00:00,2026-02-03 00:00:00+00:00,5,D1,0.2997958628721206,LightGBM__Top15__global__default,Top15,models/644e19e22a6c2779/LightGBM__Top15__global__default__global__all_history.joblib
turbine_1,2026-02-02 19:00:00+00:00,2026-02-03 01:00:00+00:00,6,D1,0.2250307706157913,LightGBM__Top15__global__default,Top15,models/644e19e22a6c2779/LightGBM__Top15__global__default__global__all_history.joblib
turbine_2,2026-02-02 19:00:00+00:00,2026-02-03 01:00:00+00:00,6,D1,0.22266178699954214,LightGBM__Top15__global__default,Top15,models/644e19e22a6c2779/LightGBM__Top15__global__default__global__all_history.joblib
turbine_1,2026-02-02 19:00:00+00:00,2026-02-03 02:00:00+00:00,7,D1,0.15231657152490236,LightGBM__Top15__global__default,Top15,models/644e19e22a6c2779/LightGBM__Top15__global__default__global__all_history.joblib
turbine_2,2026-02-02 19:00:00+00:00,2026-02-03 02:00:00+00:00,7,D1,0.15040400453209585,LightGBM__Top15__global__default,Top15,models/644e19e22a6c2779/LightGBM__Top15__global__default__global__all_history.joblib
turbine_1,2026-02-02 19:00:00+00:00,2026-02-03 03:00:00+00:00,8,D1,0.1500062048300399,LightGBM__Top15__global__default,Top15,models/644e19e22a6c2779/LightGBM__Top15__global__default__global__all_history.joblib
turbine_2,2026-02-02 19:00:00+00:00,2026-02-03 03:00:00+00:00,8,D1,0.1476372212137908,LightGBM__Top15__global__default,Top15,models/644e19e22a6c2779/LightGBM__Top15__global__default__global__all_history.joblib
turbine_1,2026-02-02 19:00:00+00:00,2026-02-03 04:00:00+00:00,9,D1,0.02841101074443109,LightGBM__Top15__global__default,Top15,models/644e19e22a6c2779/LightGBM__Top15__global__default__global__all_history.joblib
turbine_2,2026-02-02 19:00:00+00:00,2026-02-03 04:00:00+00:00,9,D1,0.026726930562522844,LightGBM__Top15__global__default,Top15,models/644e19e22a6c2779/LightGBM__Top15__global__default__global__all_history.joblib
turbine_1,2026-02-02 19:00:00+00:00,2026-02-03 05:00:00+00:00,10,D1,0.01227082106808639,LightGBM__Top15__global__default,Top15,models/644e19e22a6c2779/LightGBM__Top15__global__default__global__all_history.joblib
turbine_2,2026-02-02 19:00:00+00:00,2026-02-03 05:00:00+00:00,10,D1,0.011794531605033173,LightGBM__Top15__global__default,Top15,models/644e19e22a6c2779/LightGBM__Top15__global__default__global__all_history.joblib
turbine_1,2026-02-02 19:00:00+00:00,2026-02-03 06:00:00+00:00,11,D1,0.007694038890512199,LightGBM__Top15__global__default,Top15,models/644e19e22a6c2779/LightGBM__Top15__global__default__global__all_history.joblib
turbine_2,2026-02-02 19:00:00+00:00,2026-02-03 06:00:00+00:00,11,D1,0.007071117064230065,LightGBM__Top15__global__default,Top15,models/644e19e22a6c2779/LightGBM__Top15__global__default__global__all_history.joblib
turbine_1,2026-02-02 19:00:00+00:00,2026-02-03 07:00:00+00:00,12,D1,0.013502160194297627,LightGBM__Top15__global__default,Top15,models/644e19e22a6c2779/LightGBM__Top15__global__default__global__all_history.joblib
turbine_2,2026-02-02 19:00:00+00:00,2026-02-03 07:00:00+00:00,12,D1,0.012875116046038112,LightGBM__Top15__global__default,Top15,models/644e19e22a6c2779/LightGBM__Top15__global__default__global__all_history.joblib
turbine_1,2026-02-02 19:00:00+00:00,2026-02-03 08:00:00+00:00,13,D1,0.010230963697989029,LightGBM__Top15__global__default,Top15,models/644e19e22a6c2779/LightGBM__Top15__global__default__global__all_history.joblib
turbine_2,2026-02-02 19:00:00+00:00,2026-02-03 08:00:00+00:00,13,D1,0.009603919549729513,LightGBM__Top15__global__default,Top15,models/644e19e22a6c2779/LightGBM__Top15__global__default__global__all_history.joblib
turbine_1,2026-02-02 19:00:00+00:00,2026-02-03 09:00:00+00:00,14,D1,0.010965878076410456,LightGBM__Top15__global__default,Top15,models/644e19e22a6c2779/LightGBM__Top15__global__default__global__all_history.joblib
turbine_2,2026-02-02 19:00:00+00:00,2026-02-03 09:00:00+00:00,14,D1,0.01033883392815094,LightGBM__Top15__global__default,Top15,models/644e19e22a6c2779/LightGBM__Top15__global__default__global__all_history.joblib
turbine_1,2026-02-02 19:00:00+00:00,2026-02-03 10:00:00+00:00,15,D1,0.016175133975747498,LightGBM__Top15__global__default,Top15,models/644e19e22a6c2779/LightGBM__Top15__global__default__global__all_history.joblib
turbine_2,2026-02-02 19:00:00+00:00,2026-02-03 10:00:00+00:00,15,D1,0.014279952235960047,LightGBM__Top15__global__default,Top15,models/644e19e22a6c2779/LightGBM__Top15__global__default__global__all_history.joblib
turbine_1,2026-02-02 19:00:00+00:00,2026-02-03 11:00:00+00:00,16,D1,0.05919130271024228,LightGBM__Top15__global__default,Top15,models/644e19e22a6c2779/LightGBM__Top15__global__default__global__all_history.joblib
turbine_2,2026-02-02 19:00:00+00:00,2026-02-03 11:00:00+00:00,16,D1,0.05750722252833404,LightGBM__Top15__global__default,Top15,models/644e19e22a6c2779/LightGBM__Top15__global__default__global__all_history.joblib
turbine_1,2026-02-02 19:00:00+00:00,2026-02-03 12:00:00+00:00,17,D1,0.22084190402586074,LightGBM__Top15__global__default,Top15,models/644e19e22a6c2779/LightGBM__Top15__global__default__global__all_history.joblib
turbine_2,2026-02-02 19:00:00+00:00,2026-02-03 12:00:00+00:00,17,D1,0.2193219820665341,LightGBM__Top15__global__default,Top15,models/644e19e22a6c2779/LightGBM__Top15__global__default__global__all_history.joblib
turbine_1,2026-02-02 19:00:00+00:00,2026-02-03 13:00:00+00:00,18,D1,0.30045693924722255,LightGBM__Top15__global__default,Top15,models/644e19e22a6c2779/LightGBM__Top15__global__default__global__all_history.joblib
turbine_2,2026-02-02 19:00:00+00:00,2026-02-03 13:00:00+00:00,18,D1,0.2992634022163376,LightGBM__Top15__global__default,Top15,models/644e19e22a6c2779/LightGBM__Top15__global__default__global__all_history.joblib
turbine_1,2026-02-02 19:00:00+00:00,2026-02-03 14:00:00+00:00,19,D1,0.3547320774603253,LightGBM__Top15__global__default,Top15,models/644e19e22a6c2779/LightGBM__Top15__global__default__global__all_history.joblib
turbine_2,2026-02-02 19:00:00+00:00,2026-02-03 14:00:00+00:00,19,D1,0.3544653495871235,LightGBM__Top15__global__default,Top15,models/644e19e22a6c2779/LightGBM__Top15__global__default__global__all_history.joblib
turbine_1,2026-02-02 19:00:00+00:00,2026-02-03 15:00:00+00:00,20,D1,0.3656620715161348,LightGBM__Top15__global__default,Top15,models/644e19e22a6c2779/LightGBM__Top15__global__default__global__all_history.joblib
turbine_2,2026-02-02 19:00:00+00:00,2026-02-03 15:00:00+00:00,20,D1,0.36539534364293297,LightGBM__Top15__global__default,Top15,models/644e19e22a6c2779/LightGBM__Top15__global__default__global__all_history.joblib
turbine_1,2026-02-02 19:00:00+00:00,2026-02-03 16:00:00+00:00,21,D1,0.48732362523301886,LightGBM__Top15__global__default,Top15,models/644e19e22a6c2779/LightGBM__Top15__global__default__global__all_history.joblib
turbine_2,2026-02-02 19:00:00+00:00,2026-02-03 16:00:00+00:00,21,D1,0.48613008820213394,LightGBM__Top15__global__default,Top15,models/644e19e22a6c2779/LightGBM__Top15__global__default__global__all_history.joblib
turbine_1,2026-02-02 19:00:00+00:00,2026-02-03 17:00:00+00:00,22,D1,0.548401701179816,LightGBM__Top15__global__default,Top15,models/644e19e22a6c2779/LightGBM__Top15__global__default__global__all_history.joblib
turbine_2,2026-02-02 19:00:00+00:00,2026-02-03 17:00:00+00:00,22,D1,0.5472081641489308,LightGBM__Top15__global__default,Top15,models/644e19e22a6c2779/LightGBM__Top15__global__default__global__all_history.joblib
turbine_1,2026-02-02 19:00:00+00:00,2026-02-03 18:00:00+00:00,23,D1,0.4985657441970011,LightGBM__Top15__global__default,Top15,models/644e19e22a6c2779/LightGBM__Top15__global__default__global__all_history.joblib
turbine_2,2026-02-02 19:00:00+00:00,2026-02-03 18:00:00+00:00,23,D1,0.4973722071661162,LightGBM__Top15__global__default,Top15,models/644e19e22a6c2779/LightGBM__Top15__global__default__global__all_history.joblib
turbine_1,2026-02-02 19:00:00+00:00,2026-02-03 19:00:00+00:00,24,D1,0.5229651267156104,LightGBM__Top15__global__default,Top15,models/644e19e22a6c2779/LightGBM__Top15__global__default__global__all_history.joblib
turbine_2,2026-02-02 19:00:00+00:00,2026-02-03 19:00:00+00:00,24,D1,0.5226983988424082,LightGBM__Top15__global__default,Top15,models/644e19e22a6c2779/LightGBM__Top15__global__default__global__all_history.joblib
turbine_1,2026-02-02 19:00:00+00:00,2026-02-03 20:00:00+00:00,25,D2,0.20003273254672055,LightGBM__Top15__global__default,Top15,models/644e19e22a6c2779/LightGBM__Top15__global__default__global__all_history.joblib
turbine_2,2026-02-02 19:00:00+00:00,2026-02-03 20:00:00+00:00,25,D2,0.19883919551583554,LightGBM__Top15__global__default,Top15,models/644e19e22a6c2779/LightGBM__Top15__global__default__global__all_history.joblib
turbine_1,2026-02-02 19:00:00+00:00,2026-02-03 21:00:00+00:00,26,D2,0.19849875529822653,LightGBM__Top15__global__default,Top15,models/644e19e22a6c2779/LightGBM__Top15__global__default__global__all_history.joblib
turbine_2,2026-02-02 19:00:00+00:00,2026-02-03 21:00:00+00:00,26,D2,0.20121503729920867,LightGBM__Top15__global__default,Top15,models/644e19e22a6c2779/LightGBM__Top15__global__default__global__all_history.joblib
turbine_1,2026-02-02 19:00:00+00:00,2026-02-03 22:00:00+00:00,27,D2,0.3576597823042271,LightGBM__Top15__global__default,Top15,models/644e19e22a6c2779/LightGBM__Top15__global__default__global__all_history.joblib
turbine_2,2026-02-02 19:00:00+00:00,2026-02-03 22:00:00+00:00,27,D2,0.3564662452733422,LightGBM__Top15__global__default,Top15,models/644e19e22a6c2779/LightGBM__Top15__global__default__global__all_history.joblib
turbine_1,2026-02-02 19:00:00+00:00,2026-02-03 23:00:00+00:00,28,D2,0.48727332364306597,LightGBM__Top15__global__default,Top15,models/644e19e22a6c2779/LightGBM__Top15__global__default__global__all_history.joblib
turbine_2,2026-02-02 19:00:00+00:00,2026-02-03 23:00:00+00:00,28,D2,0.48700659576986416,LightGBM__Top15__global__default,Top15,models/644e19e22a6c2779/LightGBM__Top15__global__default__global__all_history.joblib
turbine_1,2026-02-02 19:00:00+00:00,2026-02-04 00:00:00+00:00,29,D2,0.37776971146326355,LightGBM__Top15__global__default,Top15,models/644e19e22a6c2779/LightGBM__Top15__global__default__global__all_history.joblib
turbine_2,2026-02-02 19:00:00+00:00,2026-02-04 00:00:00+00:00,29,D2,0.3791848418042102,LightGBM__Top15__global__default,Top15,models/644e19e22a6c2779/LightGBM__Top15__global__default__global__all_history.joblib
turbine_1,2026-02-02 19:00:00+00:00,2026-02-04 01:00:00+00:00,30,D2,0.4853771040879623,LightGBM__Top15__global__default,Top15,models/644e19e22a6c2779/LightGBM__Top15__global__default__global__all_history.joblib
turbine_2,2026-02-02 19:00:00+00:00,2026-02-04 01:00:00+00:00,30,D2,0.4853054334689382,LightGBM__Top15__global__default,Top15,models/644e19e22a6c2779/LightGBM__Top15__global__default__global__all_history.joblib
turbine_1,2026-02-02 19:00:00+00:00,2026-02-04 02:00:00+00:00,31,D2,0.48330207455296725,LightGBM__Top15__global__default,Top15,models/644e19e22a6c2779/LightGBM__Top15__global__default__global__all_history.joblib
turbine_2,2026-02-02 19:00:00+00:00,2026-02-04 02:00:00+00:00,31,D2,0.4832446347035593,LightGBM__Top15__global__default,Top15,models/644e19e22a6c2779/LightGBM__Top15__global__default__global__all_history.joblib
turbine_1,2026-02-02 19:00:00+00:00,2026-02-04 03:00:00+00:00,32,D2,0.46459532587697827,LightGBM__Top15__global__default,Top15,models/644e19e22a6c2779/LightGBM__Top15__global__default__global__all_history.joblib
turbine_2,2026-02-02 19:00:00+00:00,2026-02-04 03:00:00+00:00,32,D2,0.4645378860275703,LightGBM__Top15__global__default,Top15,models/644e19e22a6c2779/LightGBM__Top15__global__default__global__all_history.joblib
turbine_1,2026-02-02 19:00:00+00:00,2026-02-04 04:00:00+00:00,33,D2,0.3390868232805879,LightGBM__Top15__global__default,Top15,models/644e19e22a6c2779/LightGBM__Top15__global__default__global__all_history.joblib
turbine_2,2026-02-02 19:00:00+00:00,2026-02-04 04:00:00+00:00,33,D2,0.33902938343117994,LightGBM__Top15__global__default,Top15,models/644e19e22a6c2779/LightGBM__Top15__global__default__global__all_history.joblib
turbine_1,2026-02-02 19:00:00+00:00,2026-02-04 05:00:00+00:00,34,D2,0.24011099716627834,LightGBM__Top15__global__default,Top15,models/644e19e22a6c2779/LightGBM__Top15__global__default__global__all_history.joblib
turbine_2,2026-02-02 19:00:00+00:00,2026-02-04 05:00:00+00:00,34,D2,0.24005355731687028,LightGBM__Top15__global__default,Top15,models/644e19e22a6c2779/LightGBM__Top15__global__default__global__all_history.joblib
turbine_1,2026-02-02 19:00:00+00:00,2026-02-04 06:00:00+00:00,35,D2,0.2158547123138893,LightGBM__Top15__global__default,Top15,models/644e19e22a6c2779/LightGBM__Top15__global__default__global__all_history.joblib
turbine_2,2026-02-02 19:00:00+00:00,2026-02-04 06:00:00+00:00,35,D2,0.21579727246448124,LightGBM__Top15__global__default,Top15,models/644e19e22a6c2779/LightGBM__Top15__global__default__global__all_history.joblib
turbine_1,2026-02-02 19:00:00+00:00,2026-02-04 07:00:00+00:00,36,D2,0.13492076566149208,LightGBM__Top15__global__default,Top15,models/644e19e22a6c2779/LightGBM__Top15__global__default__global__all_history.joblib
turbine_2,2026-02-02 19:00:00+00:00,2026-02-04 07:00:00+00:00,36,D2,0.13486332581208402,LightGBM__Top15__global__default,Top15,models/644e19e22a6c2779/LightGBM__Top15__global__default__global__all_history.joblib
turbine_1,2026-02-02 19:00:00+00:00,2026-02-04 08:00:00+00:00,37,D2,0.1463872707238021,LightGBM__Top15__global__default,Top15,models/644e19e22a6c2779/LightGBM__Top15__global__default__global__all_history.joblib
turbine_2,2026-02-02 19:00:00+00:00,2026-02-04 08:00:00+00:00,37,D2,0.14632983087439397,LightGBM__Top15__global__default,Top15,models/644e19e22a6c2779/LightGBM__Top15__global__default__global__all_history.joblib
turbine_1,2026-02-02 19:00:00+00:00,2026-02-04 09:00:00+00:00,38,D2,0.13369268060362444,LightGBM__Top15__global__default,Top15,models/644e19e22a6c2779/LightGBM__Top15__global__default__global__all_history.joblib
turbine_2,2026-02-02 19:00:00+00:00,2026-02-04 09:00:00+00:00,38,D2,0.13362100998460028,LightGBM__Top15__global__default,Top15,models/644e19e22a6c2779/LightGBM__Top15__global__default__global__all_history.joblib
turbine_1,2026-02-02 19:00:00+00:00,2026-02-04 10:00:00+00:00,39,D2,0.1469976652100563,LightGBM__Top15__global__default,Top15,models/644e19e22a6c2779/LightGBM__Top15__global__default__global__all_history.joblib
turbine_2,2026-02-02 19:00:00+00:00,2026-02-04 10:00:00+00:00,39,D2,0.14692599459103214,LightGBM__Top15__global__default,Top15,models/644e19e22a6c2779/LightGBM__Top15__global__default__global__all_history.joblib
turbine_1,2026-02-02 19:00:00+00:00,2026-02-04 11:00:00+00:00,40,D2,0.1295782388182481,LightGBM__Top15__global__default,Top15,models/644e19e22a6c2779/LightGBM__Top15__global__default__global__all_history.joblib
turbine_2,2026-02-02 19:00:00+00:00,2026-02-04 11:00:00+00:00,40,D2,0.12950656819922388,LightGBM__Top15__global__default,Top15,models/644e19e22a6c2779/LightGBM__Top15__global__default__global__all_history.joblib
turbine_1,2026-02-02 19:00:00+00:00,2026-02-04 12:00:00+00:00,41,D2,0.024325861859837605,LightGBM__Top15__global__default,Top15,models/644e19e22a6c2779/LightGBM__Top15__global__default__global__all_history.joblib
turbine_2,2026-02-02 19:00:00+00:00,2026-02-04 12:00:00+00:00,41,D2,0.02319122106478663,LightGBM__Top15__global__default,Top15,models/644e19e22a6c2779/LightGBM__Top15__global__default__global__all_history.joblib
turbine_1,2026-02-02 19:00:00+00:00,2026-02-04 13:00:00+00:00,42,D2,0.018260647936561313,LightGBM__Top15__global__default,Top15,models/644e19e22a6c2779/LightGBM__Top15__global__default__global__all_history.joblib
turbine_2,2026-02-02 19:00:00+00:00,2026-02-04 13:00:00+00:00,42,D2,0.01773194508535423,LightGBM__Top15__global__default,Top15,models/644e19e22a6c2779/LightGBM__Top15__global__default__global__all_history.joblib
turbine_1,2026-02-02 19:00:00+00:00,2026-02-04 14:00:00+00:00,43,D2,0.09949379580538967,LightGBM__Top15__global__default,Top15,models/644e19e22a6c2779/LightGBM__Top15__global__default__global__all_history.joblib
turbine_2,2026-02-02 19:00:00+00:00,2026-02-04 14:00:00+00:00,43,D2,0.09800477287765919,LightGBM__Top15__global__default,Top15,models/644e19e22a6c2779/LightGBM__Top15__global__default__global__all_history.joblib
turbine_1,2026-02-02 19:00:00+00:00,2026-02-04 15:00:00+00:00,44,D2,0.23286959798176796,LightGBM__Top15__global__default,Top15,models/644e19e22a6c2779/LightGBM__Top15__global__default__global__all_history.joblib
turbine_2,2026-02-02 19:00:00+00:00,2026-02-04 15:00:00+00:00,44,D2,0.22474174970643146,LightGBM__Top15__global__default,Top15,models/644e19e22a6c2779/LightGBM__Top15__global__default__global__all_history.joblib
turbine_1,2026-02-02 19:00:00+00:00,2026-02-04 16:00:00+00:00,45,D2,0.6659385816003732,LightGBM__Top15__global__default,Top15,models/644e19e22a6c2779/LightGBM__Top15__global__default__global__all_history.joblib
turbine_2,2026-02-02 19:00:00+00:00,2026-02-04 16:00:00+00:00,45,D2,0.6582870457064437,LightGBM__Top15__global__default,Top15,models/644e19e22a6c2779/LightGBM__Top15__global__default__global__all_history.joblib
turbine_1,2026-02-02 19:00:00+00:00,2026-02-04 17:00:00+00:00,46,D2,0.85815779175681,LightGBM__Top15__global__default,Top15,models/644e19e22a6c2779/LightGBM__Top15__global__default__global__all_history.joblib
turbine_2,2026-02-02 19:00:00+00:00,2026-02-04 17:00:00+00:00,46,D2,0.8514330650205635,LightGBM__Top15__global__default,Top15,models/644e19e22a6c2779/LightGBM__Top15__global__default__global__all_history.joblib
turbine_1,2026-02-02 19:00:00+00:00,2026-02-04 18:00:00+00:00,47,D2,0.48747703807893933,LightGBM__Top15__global__default,Top15,models/644e19e22a6c2779/LightGBM__Top15__global__default__global__all_history.joblib
turbine_2,2026-02-02 19:00:00+00:00,2026-02-04 18:00:00+00:00,47,D2,0.48757714450928935,LightGBM__Top15__global__default,Top15,models/644e19e22a6c2779/LightGBM__Top15__global__default__global__all_history.joblib
turbine_1,2026-02-02 19:00:00+00:00,2026-02-04 19:00:00+00:00,48,D2,0.6968863227096228,LightGBM__Top15__global__default,Top15,models/644e19e22a6c2779/LightGBM__Top15__global__default__global__all_history.joblib
turbine_2,2026-02-02 19:00:00+00:00,2026-02-04 19:00:00+00:00,48,D2,0.6969864291399726,LightGBM__Top15__global__default,Top15,models/644e19e22a6c2779/LightGBM__Top15__global__default__global__all_history.joblib
turbine_1,2026-02-03 19:00:00+00:00,2026-02-03 20:00:00+00:00,1,D1,0.46037590066441525,LightGBM__Top15__global__default,Top15,models/644e19e22a6c2779/LightGBM__Top15__global__default__global__all_history.joblib
turbine_2,2026-02-03 19:00:00+00:00,2026-02-03 20:00:00+00:00,1,D1,0.4659966694966533,LightGBM__Top15__global__default,Top15,models/644e19e22a6c2779/LightGBM__Top15__global__default__global__all_history.joblib
turbine_1,2026-02-03 19:00:00+00:00,2026-02-03 21:00:00+00:00,2,D1,0.3774626613945869,LightGBM__Top15__global__default,Top15,models/644e19e22a6c2779/LightGBM__Top15__global__default__global__all_history.joblib
turbine_2,2026-02-03 19:00:00+00:00,2026-02-03 21:00:00+00:00,2,D1,0.3773909907755628,LightGBM__Top15__global__default,Top15,models/644e19e22a6c2779/LightGBM__Top15__global__default__global__all_history.joblib
turbine_1,2026-02-03 19:00:00+00:00,2026-02-03 22:00:00+00:00,3,D1,0.4611070869664099,LightGBM__Top15__global__default,Top15,models/644e19e22a6c2779/LightGBM__Top15__global__default__global__all_history.joblib
turbine_2,2026-02-03 19:00:00+00:00,2026-02-03 22:00:00+00:00,3,D1,0.4610354163473858,LightGBM__Top15__global__default,Top15,models/644e19e22a6c2779/LightGBM__Top15__global__default__global__all_history.joblib
turbine_1,2026-02-03 19:00:00+00:00,2026-02-03 23:00:00+00:00,4,D1,0.47200169313189855,LightGBM__Top15__global__default,Top15,models/644e19e22a6c2779/LightGBM__Top15__global__default__global__all_history.joblib
turbine_2,2026-02-03 19:00:00+00:00,2026-02-03 23:00:00+00:00,4,D1,0.4643501572379693,LightGBM__Top15__global__default,Top15,models/644e19e22a6c2779/LightGBM__Top15__global__default__global__all_history.joblib
turbine_1,2026-02-03 19:00:00+00:00,2026-02-04 00:00:00+00:00,5,D1,0.6707733251439947,LightGBM__Top15__global__default,Top15,models/644e19e22a6c2779/LightGBM__Top15__global__default__global__all_history.joblib
turbine_2,2026-02-03 19:00:00+00:00,2026-02-04 00:00:00+00:00,5,D1,0.6640485984077482,LightGBM__Top15__global__default,Top15,models/644e19e22a6c2779/LightGBM__Top15__global__default__global__all_history.joblib
turbine_1,2026-02-03 19:00:00+00:00,2026-02-04 01:00:00+00:00,6,D1,0.6712524112601581,LightGBM__Top15__global__default,Top15,models/644e19e22a6c2779/LightGBM__Top15__global__default__global__all_history.joblib
turbine_2,2026-02-03 19:00:00+00:00,2026-02-04 01:00:00+00:00,6,D1,0.6645276845239116,LightGBM__Top15__global__default,Top15,models/644e19e22a6c2779/LightGBM__Top15__global__default__global__all_history.joblib
turbine_1,2026-02-03 19:00:00+00:00,2026-02-04 02:00:00+00:00,7,D1,0.561178236526217,LightGBM__Top15__global__default,Top15,models/644e19e22a6c2779/LightGBM__Top15__global__default__global__all_history.joblib
turbine_2,2026-02-03 19:00:00+00:00,2026-02-04 02:00:00+00:00,7,D1,0.5611065659071927,LightGBM__Top15__global__default,Top15,models/644e19e22a6c2779/LightGBM__Top15__global__default__global__all_history.joblib
turbine_1,2026-02-03 19:00:00+00:00,2026-02-04 03:00:00+00:00,8,D1,0.4491362235203549,LightGBM__Top15__global__default,Top15,models/644e19e22a6c2779/LightGBM__Top15__global__default__global__all_history.joblib
turbine_2,2026-02-03 19:00:00+00:00,2026-02-04 03:00:00+00:00,8,D1,0.43731927940250476,LightGBM__Top15__global__default,Top15,models/644e19e22a6c2779/LightGBM__Top15__global__default__global__all_history.joblib
turbine_1,2026-02-03 19:00:00+00:00,2026-02-04 04:00:00+00:00,9,D1,0.29284934189268164,LightGBM__Top15__global__default,Top15,models/644e19e22a6c2779/LightGBM__Top15__global__default__global__all_history.joblib
turbine_2,2026-02-03 19:00:00+00:00,2026-02-04 04:00:00+00:00,9,D1,0.29279190204327366,LightGBM__Top15__global__default,Top15,models/644e19e22a6c2779/LightGBM__Top15__global__default__global__all_history.joblib
turbine_1,2026-02-03 19:00:00+00:00,2026-02-04 05:00:00+00:00,10,D1,0.19095659757617903,LightGBM__Top15__global__default,Top15,models/644e19e22a6c2779/LightGBM__Top15__global__default__global__all_history.joblib
turbine_2,2026-02-03 19:00:00+00:00,2026-02-04 05:00:00+00:00,10,D1,0.1728325475710295,LightGBM__Top15__global__default,Top15,models/644e19e22a6c2779/LightGBM__Top15__global__default__global__all_history.joblib
turbine_1,2026-02-03 19:00:00+00:00,2026-02-04 06:00:00+00:00,11,D1,0.18513713246588231,LightGBM__Top15__global__default,Top15,models/644e19e22a6c2779/LightGBM__Top15__global__default__global__all_history.joblib
turbine_2,2026-02-03 19:00:00+00:00,2026-02-04 06:00:00+00:00,11,D1,0.1850796926164743,LightGBM__Top15__global__default,Top15,models/644e19e22a6c2779/LightGBM__Top15__global__default__global__all_history.joblib
turbine_1,2026-02-03 19:00:00+00:00,2026-02-04 07:00:00+00:00,12,D1,0.15327706883429,LightGBM__Top15__global__default,Top15,models/644e19e22a6c2779/LightGBM__Top15__global__default__global__all_history.joblib
turbine_2,2026-02-03 19:00:00+00:00,2026-02-04 07:00:00+00:00,12,D1,0.15321962898488198,LightGBM__Top15__global__default,Top15,models/644e19e22a6c2779/LightGBM__Top15__global__default__global__all_history.joblib
turbine_1,2026-02-03 19:00:00+00:00,2026-02-04 08:00:00+00:00,13,D1,0.14347567178657733,LightGBM__Top15__global__default,Top15,models/644e19e22a6c2779/LightGBM__Top15__global__default__global__all_history.joblib
turbine_2,2026-02-03 19:00:00+00:00,2026-02-04 08:00:00+00:00,13,D1,0.14341823193716932,LightGBM__Top15__global__default,Top15,models/644e19e22a6c2779/LightGBM__Top15__global__default__global__all_history.joblib
turbine_1,2026-02-03 19:00:00+00:00,2026-02-04 09:00:00+00:00,14,D1,0.12439025193023936,LightGBM__Top15__global__default,Top15,models/644e19e22a6c2779/LightGBM__Top15__global__default__global__all_history.joblib
turbine_2,2026-02-03 19:00:00+00:00,2026-02-04 09:00:00+00:00,14,D1,0.1243185813112152,LightGBM__Top15__global__default,Top15,models/644e19e22a6c2779/LightGBM__Top15__global__default__global__all_history.joblib
turbine_1,2026-02-03 19:00:00+00:00,2026-02-04 10:00:00+00:00,15,D1,0.13041210688985122,LightGBM__Top15__global__default,Top15,models/644e19e22a6c2779/LightGBM__Top15__global__default__global__all_history.joblib
turbine_2,2026-02-03 19:00:00+00:00,2026-02-04 10:00:00+00:00,15,D1,0.130340436270827,LightGBM__Top15__global__default,Top15,models/644e19e22a6c2779/LightGBM__Top15__global__default__global__all_history.joblib
turbine_1,2026-02-03 19:00:00+00:00,2026-02-04 11:00:00+00:00,16,D1,0.11219484637260425,LightGBM__Top15__global__default,Top15,models/644e19e22a6c2779/LightGBM__Top15__global__default__global__all_history.joblib
turbine_2,2026-02-03 19:00:00+00:00,2026-02-04 11:00:00+00:00,16,D1,0.11212317575358009,LightGBM__Top15__global__default,Top15,models/644e19e22a6c2779/LightGBM__Top15__global__default__global__all_history.joblib
turbine_1,2026-02-03 19:00:00+00:00,2026-02-04 12:00:00+00:00,17,D1,0.025035898559711608,LightGBM__Top15__global__default,Top15,models/644e19e22a6c2779/LightGBM__Top15__global__default__global__all_history.joblib
turbine_2,2026-02-03 19:00:00+00:00,2026-02-04 12:00:00+00:00,17,D1,0.024037418783004322,LightGBM__Top15__global__default,Top15,models/644e19e22a6c2779/LightGBM__Top15__global__default__global__all_history.joblib
turbine_1,2026-02-03 19:00:00+00:00,2026-02-04 13:00:00+00:00,18,D1,0.01963987401239979,LightGBM__Top15__global__default,Top15,models/644e19e22a6c2779/LightGBM__Top15__global__default__global__all_history.joblib
turbine_2,2026-02-03 19:00:00+00:00,2026-02-04 13:00:00+00:00,18,D1,0.019111171161192708,LightGBM__Top15__global__default,Top15,models/644e19e22a6c2779/LightGBM__Top15__global__default__global__all_history.joblib
turbine_1,2026-02-03 19:00:00+00:00,2026-02-04 14:00:00+00:00,19,D1,0.13427617783504495,LightGBM__Top15__global__default,Top15,models/644e19e22a6c2779/LightGBM__Top15__global__default__global__all_history.joblib
turbine_2,2026-02-03 19:00:00+00:00,2026-02-04 14:00:00+00:00,19,D1,0.1327871549073144,LightGBM__Top15__global__default,Top15,models/644e19e22a6c2779/LightGBM__Top15__global__default__global__all_history.joblib
turbine_1,2026-02-03 19:00:00+00:00,2026-02-04 15:00:00+00:00,20,D1,0.3994195746023295,LightGBM__Top15__global__default,Top15,models/644e19e22a6c2779/LightGBM__Top15__global__default__global__all_history.joblib
turbine_2,2026-02-03 19:00:00+00:00,2026-02-04 15:00:00+00:00,20,D1,0.399102585827856,LightGBM__Top15__global__default,Top15,models/644e19e22a6c2779/LightGBM__Top15__global__default__global__all_history.joblib
turbine_1,2026-02-03 19:00:00+00:00,2026-02-04 16:00:00+00:00,21,D1,0.6327366352744125,LightGBM__Top15__global__default,Top15,models/644e19e22a6c2779/LightGBM__Top15__global__default__global__all_history.joblib
turbine_2,2026-02-03 19:00:00+00:00,2026-02-04 16:00:00+00:00,21,D1,0.625085099380483,LightGBM__Top15__global__default,Top15,models/644e19e22a6c2779/LightGBM__Top15__global__default__global__all_history.joblib
turbine_1,2026-02-03 19:00:00+00:00,2026-02-04 17:00:00+00:00,22,D1,0.7125725561183603,LightGBM__Top15__global__default,Top15,models/644e19e22a6c2779/LightGBM__Top15__global__default__global__all_history.joblib
turbine_2,2026-02-03 19:00:00+00:00,2026-02-04 17:00:00+00:00,22,D1,0.7126726625487101,LightGBM__Top15__global__default,Top15,models/644e19e22a6c2779/LightGBM__Top15__global__default__global__all_history.joblib
turbine_1,2026-02-03 19:00:00+00:00,2026-02-04 18:00:00+00:00,23,D1,0.7064853396532111,LightGBM__Top15__global__default,Top15,models/644e19e22a6c2779/LightGBM__Top15__global__default__global__all_history.joblib
turbine_2,2026-02-03 19:00:00+00:00,2026-02-04 18:00:00+00:00,23,D1,0.7065854460835609,LightGBM__Top15__global__default,Top15,models/644e19e22a6c2779/LightGBM__Top15__global__default__global__all_history.joblib
turbine_1,2026-02-03 19:00:00+00:00,2026-02-04 19:00:00+00:00,24,D1,0.9032139511693041,LightGBM__Top15__global__default,Top15,models/644e19e22a6c2779/LightGBM__Top15__global__default__global__all_history.joblib
turbine_2,2026-02-03 19:00:00+00:00,2026-02-04 19:00:00+00:00,24,D1,0.8979825760845178,LightGBM__Top15__global__default,Top15,models/644e19e22a6c2779/LightGBM__Top15__global__default__global__all_history.joblib
turbine_1,2026-02-03 19:00:00+00:00,2026-02-04 20:00:00+00:00,25,D2,0.953467694642632,LightGBM__Top15__global__default,Top15,models/644e19e22a6c2779/LightGBM__Top15__global__default__global__all_history.joblib
turbine_2,2026-02-03 19:00:00+00:00,2026-02-04 20:00:00+00:00,25,D2,0.944748003433041,LightGBM__Top15__global__default,Top15,models/644e19e22a6c2779/LightGBM__Top15__global__default__global__all_history.joblib
turbine_1,2026-02-03 19:00:00+00:00,2026-02-04 21:00:00+00:00,26,D2,0.979480035113581,LightGBM__Top15__global__default,Top15,models/644e19e22a6c2779/LightGBM__Top15__global__default__global__all_history.joblib
turbine_2,2026-02-03 19:00:00+00:00,2026-02-04 21:00:00+00:00,26,D2,0.9677763293660704,LightGBM__Top15__global__default,Top15,models/644e19e22a6c2779/LightGBM__Top15__global__default__global__all_history.joblib
turbine_1,2026-02-03 19:00:00+00:00,2026-02-04 22:00:00+00:00,27,D2,0.9845388372876835,LightGBM__Top15__global__default,Top15,models/644e19e22a6c2779/LightGBM__Top15__global__default__global__all_history.joblib
turbine_2,2026-02-03 19:00:00+00:00,2026-02-04 22:00:00+00:00,27,D2,0.9716893546673369,LightGBM__Top15__global__default,Top15,models/644e19e22a6c2779/LightGBM__Top15__global__default__global__all_history.joblib
turbine_1,2026-02-03 19:00:00+00:00,2026-02-04 23:00:00+00:00,28,D2,0.9852229722889808,LightGBM__Top15__global__default,Top15,models/644e19e22a6c2779/LightGBM__Top15__global__default__global__all_history.joblib
turbine_2,2026-02-03 19:00:00+00:00,2026-02-04 23:00:00+00:00,28,D2,0.9719536330281418,LightGBM__Top15__global__default,Top15,models/644e19e22a6c2779/LightGBM__Top15__global__default__global__all_history.joblib
turbine_1,2026-02-03 19:00:00+00:00,2026-02-05 00:00:00+00:00,29,D2,0.9892242477070142,LightGBM__Top15__global__default,Top15,models/644e19e22a6c2779/LightGBM__Top15__global__default__global__all_history.joblib
turbine_2,2026-02-03 19:00:00+00:00,2026-02-05 00:00:00+00:00,29,D2,0.9759823700122512,LightGBM__Top15__global__default,Top15,models/644e19e22a6c2779/LightGBM__Top15__global__default__global__all_history.joblib
turbine_1,2026-02-03 19:00:00+00:00,2026-02-05 01:00:00+00:00,30,D2,0.9892242477070142,LightGBM__Top15__global__default,Top15,models/644e19e22a6c2779/LightGBM__Top15__global__default__global__all_history.joblib
turbine_2,2026-02-03 19:00:00+00:00,2026-02-05 01:00:00+00:00,30,D2,0.9759823700122512,LightGBM__Top15__global__default,Top15,models/644e19e22a6c2779/LightGBM__Top15__global__default__global__all_history.joblib
turbine_1,2026-02-03 19:00:00+00:00,2026-02-05 02:00:00+00:00,31,D2,0.9895340239103261,LightGBM__Top15__global__default,Top15,models/644e19e22a6c2779/LightGBM__Top15__global__default__global__all_history.joblib
turbine_2,2026-02-03 19:00:00+00:00,2026-02-05 02:00:00+00:00,31,D2,0.9768758247131148,LightGBM__Top15__global__default,Top15,models/644e19e22a6c2779/LightGBM__Top15__global__default__global__all_history.joblib
turbine_1,2026-02-03 19:00:00+00:00,2026-02-05 03:00:00+00:00,32,D2,0.9889220982763258,LightGBM__Top15__global__default,Top15,models/644e19e22a6c2779/LightGBM__Top15__global__default__global__all_history.joblib
turbine_2,2026-02-03 19:00:00+00:00,2026-02-05 03:00:00+00:00,32,D2,0.9762542872828079,LightGBM__Top15__global__default,Top15,models/644e19e22a6c2779/LightGBM__Top15__global__default__global__all_history.joblib
turbine_1,2026-02-03 19:00:00+00:00,2026-02-05 04:00:00+00:00,33,D2,0.9893432974923841,LightGBM__Top15__global__default,Top15,models/644e19e22a6c2779/LightGBM__Top15__global__default__global__all_history.joblib
turbine_2,2026-02-03 19:00:00+00:00,2026-02-05 04:00:00+00:00,33,D2,0.9768316660498593,LightGBM__Top15__global__default,Top15,models/644e19e22a6c2779/LightGBM__Top15__global__default__global__all_history.joblib
turbine_1,2026-02-03 19:00:00+00:00,2026-02-05 05:00:00+00:00,34,D2,0.9891550871763793,LightGBM__Top15__global__default,Top15,models/644e19e22a6c2779/LightGBM__Top15__global__default__global__all_history.joblib
turbine_2,2026-02-03 19:00:00+00:00,2026-02-05 05:00:00+00:00,34,D2,0.975678052861581,LightGBM__Top15__global__default,Top15,models/644e19e22a6c2779/LightGBM__Top15__global__default__global__all_history.joblib
turbine_1,2026-02-03 19:00:00+00:00,2026-02-05 06:00:00+00:00,35,D2,0.9892313612756845,LightGBM__Top15__global__default,Top15,models/644e19e22a6c2779/LightGBM__Top15__global__default__global__all_history.joblib
turbine_2,2026-02-03 19:00:00+00:00,2026-02-05 06:00:00+00:00,35,D2,0.9760478434808278,LightGBM__Top15__global__default,Top15,models/644e19e22a6c2779/LightGBM__Top15__global__default__global__all_history.joblib
turbine_1,2026-02-03 19:00:00+00:00,2026-02-05 07:00:00+00:00,36,D2,0.9894516808096344,LightGBM__Top15__global__default,Top15,models/644e19e22a6c2779/LightGBM__Top15__global__default__global__all_history.joblib
turbine_2,2026-02-03 19:00:00+00:00,2026-02-05 07:00:00+00:00,36,D2,0.9750276107554962,LightGBM__Top15__global__default,Top15,models/644e19e22a6c2779/LightGBM__Top15__global__default__global__all_history.joblib
turbine_1,2026-02-03 19:00:00+00:00,2026-02-05 08:00:00+00:00,37,D2,0.9895189230995978,LightGBM__Top15__global__default,Top15,models/644e19e22a6c2779/LightGBM__Top15__global__default__global__all_history.joblib
turbine_2,2026-02-03 19:00:00+00:00,2026-02-05 08:00:00+00:00,37,D2,0.9751837903064892,LightGBM__Top15__global__default,Top15,models/644e19e22a6c2779/LightGBM__Top15__global__default__global__all_history.joblib
turbine_1,2026-02-03 19:00:00+00:00,2026-02-05 09:00:00+00:00,38,D2,0.9837004031928156,LightGBM__Top15__global__default,Top15,models/644e19e22a6c2779/LightGBM__Top15__global__default__global__all_history.joblib
turbine_2,2026-02-03 19:00:00+00:00,2026-02-05 09:00:00+00:00,38,D2,0.9724062503641492,LightGBM__Top15__global__default,Top15,models/644e19e22a6c2779/LightGBM__Top15__global__default__global__all_history.joblib
turbine_1,2026-02-03 19:00:00+00:00,2026-02-05 10:00:00+00:00,39,D2,0.9841588843162317,LightGBM__Top15__global__default,Top15,models/644e19e22a6c2779/LightGBM__Top15__global__default__global__all_history.joblib
turbine_2,2026-02-03 19:00:00+00:00,2026-02-05 10:00:00+00:00,39,D2,0.9738662151123642,LightGBM__Top15__global__default,Top15,models/644e19e22a6c2779/LightGBM__Top15__global__default__global__all_history.joblib
turbine_1,2026-02-03 19:00:00+00:00,2026-02-05 11:00:00+00:00,40,D2,0.9820412776804132,LightGBM__Top15__global__default,Top15,models/644e19e22a6c2779/LightGBM__Top15__global__default__global__all_history.joblib
turbine_2,2026-02-03 19:00:00+00:00,2026-02-05 11:00:00+00:00,40,D2,0.9752437038661995,LightGBM__Top15__global__default,Top15,models/644e19e22a6c2779/LightGBM__Top15__global__default__global__all_history.joblib
turbine_1,2026-02-03 19:00:00+00:00,2026-02-05 12:00:00+00:00,41,D2,0.9707870760683291,LightGBM__Top15__global__default,Top15,models/644e19e22a6c2779/LightGBM__Top15__global__default__global__all_history.joblib
turbine_2,2026-02-03 19:00:00+00:00,2026-02-05 12:00:00+00:00,41,D2,0.9674638646928314,LightGBM__Top15__global__default,Top15,models/644e19e22a6c2779/LightGBM__Top15__global__default__global__all_history.joblib
turbine_1,2026-02-03 19:00:00+00:00,2026-02-05 13:00:00+00:00,42,D2,0.9342334766866749,LightGBM__Top15__global__default,Top15,models/644e19e22a6c2779/LightGBM__Top15__global__default__global__all_history.joblib
turbine_2,2026-02-03 19:00:00+00:00,2026-02-05 13:00:00+00:00,42,D2,0.9338426698603959,LightGBM__Top15__global__default,Top15,models/644e19e22a6c2779/LightGBM__Top15__global__default__global__all_history.joblib
turbine_1,2026-02-03 19:00:00+00:00,2026-02-05 14:00:00+00:00,43,D2,0.8376306565010714,LightGBM__Top15__global__default,Top15,models/644e19e22a6c2779/LightGBM__Top15__global__default__global__all_history.joblib
turbine_2,2026-02-03 19:00:00+00:00,2026-02-05 14:00:00+00:00,43,D2,0.8368419589778222,LightGBM__Top15__global__default,Top15,models/644e19e22a6c2779/LightGBM__Top15__global__default__global__all_history.joblib
turbine_1,2026-02-03 19:00:00+00:00,2026-02-05 15:00:00+00:00,44,D2,0.8773389370911039,LightGBM__Top15__global__default,Top15,models/644e19e22a6c2779/LightGBM__Top15__global__default__global__all_history.joblib
turbine_2,2026-02-03 19:00:00+00:00,2026-02-05 15:00:00+00:00,44,D2,0.8770722092179017,LightGBM__Top15__global__default,Top15,models/644e19e22a6c2779/LightGBM__Top15__global__default__global__all_history.joblib
turbine_1,2026-02-03 19:00:00+00:00,2026-02-05 16:00:00+00:00,45,D2,0.8534254753987837,LightGBM__Top15__global__default,Top15,models/644e19e22a6c2779/LightGBM__Top15__global__default__global__all_history.joblib
turbine_2,2026-02-03 19:00:00+00:00,2026-02-05 16:00:00+00:00,45,D2,0.8531587475255815,LightGBM__Top15__global__default,Top15,models/644e19e22a6c2779/LightGBM__Top15__global__default__global__all_history.joblib
turbine_1,2026-02-03 19:00:00+00:00,2026-02-05 17:00:00+00:00,46,D2,0.6519076855741498,LightGBM__Top15__global__default,Top15,models/644e19e22a6c2779/LightGBM__Top15__global__default__global__all_history.joblib
turbine_2,2026-02-03 19:00:00+00:00,2026-02-05 17:00:00+00:00,46,D2,0.6516409577009477,LightGBM__Top15__global__default,Top15,models/644e19e22a6c2779/LightGBM__Top15__global__default__global__all_history.joblib
turbine_1,2026-02-03 19:00:00+00:00,2026-02-05 18:00:00+00:00,47,D2,0.6536409976069785,LightGBM__Top15__global__default,Top15,models/644e19e22a6c2779/LightGBM__Top15__global__default__global__all_history.joblib
turbine_2,2026-02-03 19:00:00+00:00,2026-02-05 18:00:00+00:00,47,D2,0.6533742697337763,LightGBM__Top15__global__default,Top15,models/644e19e22a6c2779/LightGBM__Top15__global__default__global__all_history.joblib
turbine_1,2026-02-03 19:00:00+00:00,2026-02-05 19:00:00+00:00,48,D2,0.6212302603909365,LightGBM__Top15__global__default,Top15,models/644e19e22a6c2779/LightGBM__Top15__global__default__global__all_history.joblib
turbine_2,2026-02-03 19:00:00+00:00,2026-02-05 19:00:00+00:00,48,D2,0.6202042017653709,LightGBM__Top15__global__default,Top15,models/644e19e22a6c2779/LightGBM__Top15__global__default__global__all_history.joblib
turbine_1,2026-02-04 19:00:00+00:00,2026-02-04 20:00:00+00:00,1,D1,0.9797332484206335,LightGBM__Top15__global__default,Top15,models/644e19e22a6c2779/LightGBM__Top15__global__default__global__all_history.joblib
turbine_2,2026-02-04 19:00:00+00:00,2026-02-04 20:00:00+00:00,1,D1,0.9677763293660704,LightGBM__Top15__global__default,Top15,models/644e19e22a6c2779/LightGBM__Top15__global__default__global__all_history.joblib
turbine_1,2026-02-04 19:00:00+00:00,2026-02-04 21:00:00+00:00,2,D1,0.9859231134347728,LightGBM__Top15__global__default,Top15,models/644e19e22a6c2779/LightGBM__Top15__global__default__global__all_history.joblib
turbine_2,2026-02-04 19:00:00+00:00,2026-02-04 21:00:00+00:00,2,D1,0.9737487371879006,LightGBM__Top15__global__default,Top15,models/644e19e22a6c2779/LightGBM__Top15__global__default__global__all_history.joblib
turbine_1,2026-02-04 19:00:00+00:00,2026-02-04 22:00:00+00:00,3,D1,0.9890930902460351,LightGBM__Top15__global__default,Top15,models/644e19e22a6c2779/LightGBM__Top15__global__default__global__all_history.joblib
turbine_2,2026-02-04 19:00:00+00:00,2026-02-04 22:00:00+00:00,3,D1,0.9769187139991629,LightGBM__Top15__global__default,Top15,models/644e19e22a6c2779/LightGBM__Top15__global__default__global__all_history.joblib
turbine_1,2026-02-04 19:00:00+00:00,2026-02-04 23:00:00+00:00,4,D1,0.9890548722665228,LightGBM__Top15__global__default,Top15,models/644e19e22a6c2779/LightGBM__Top15__global__default__global__all_history.joblib
turbine_2,2026-02-04 19:00:00+00:00,2026-02-04 23:00:00+00:00,4,D1,0.9758129945717597,LightGBM__Top15__global__default,Top15,models/644e19e22a6c2779/LightGBM__Top15__global__default__global__all_history.joblib
turbine_1,2026-02-04 19:00:00+00:00,2026-02-05 00:00:00+00:00,5,D1,0.9884053799626523,LightGBM__Top15__global__default,Top15,models/644e19e22a6c2779/LightGBM__Top15__global__default__global__all_history.joblib
turbine_2,2026-02-04 19:00:00+00:00,2026-02-05 00:00:00+00:00,5,D1,0.9753196818188823,LightGBM__Top15__global__default,Top15,models/644e19e22a6c2779/LightGBM__Top15__global__default__global__all_history.joblib
turbine_1,2026-02-04 19:00:00+00:00,2026-02-05 01:00:00+00:00,6,D1,0.9889220982763258,LightGBM__Top15__global__default,Top15,models/644e19e22a6c2779/LightGBM__Top15__global__default__global__all_history.joblib
turbine_2,2026-02-04 19:00:00+00:00,2026-02-05 01:00:00+00:00,6,D1,0.9764104668338007,LightGBM__Top15__global__default,Top15,models/644e19e22a6c2779/LightGBM__Top15__global__default__global__all_history.joblib
turbine_1,2026-02-04 19:00:00+00:00,2026-02-05 02:00:00+00:00,7,D1,0.9889117708944757,LightGBM__Top15__global__default,Top15,models/644e19e22a6c2779/LightGBM__Top15__global__default__global__all_history.joblib
turbine_2,2026-02-04 19:00:00+00:00,2026-02-05 02:00:00+00:00,7,D1,0.9762439599009578,LightGBM__Top15__global__default,Top15,models/644e19e22a6c2779/LightGBM__Top15__global__default__global__all_history.joblib
turbine_1,2026-02-04 19:00:00+00:00,2026-02-05 03:00:00+00:00,8,D1,0.9893432974923841,LightGBM__Top15__global__default,Top15,models/644e19e22a6c2779/LightGBM__Top15__global__default__global__all_history.joblib
turbine_2,2026-02-04 19:00:00+00:00,2026-02-05 03:00:00+00:00,8,D1,0.9768316660498593,LightGBM__Top15__global__default,Top15,models/644e19e22a6c2779/LightGBM__Top15__global__default__global__all_history.joblib
turbine_1,2026-02-04 19:00:00+00:00,2026-02-05 04:00:00+00:00,9,D1,0.9893432974923841,LightGBM__Top15__global__default,Top15,models/644e19e22a6c2779/LightGBM__Top15__global__default__global__all_history.joblib
turbine_2,2026-02-04 19:00:00+00:00,2026-02-05 04:00:00+00:00,9,D1,0.9764727100270619,LightGBM__Top15__global__default,Top15,models/644e19e22a6c2779/LightGBM__Top15__global__default__global__all_history.joblib
turbine_1,2026-02-04 19:00:00+00:00,2026-02-05 05:00:00+00:00,10,D1,0.9892050616281665,LightGBM__Top15__global__default,Top15,models/644e19e22a6c2779/LightGBM__Top15__global__default__global__all_history.joblib
turbine_2,2026-02-04 19:00:00+00:00,2026-02-05 05:00:00+00:00,10,D1,0.9753460295062538,LightGBM__Top15__global__default,Top15,models/644e19e22a6c2779/LightGBM__Top15__global__default__global__all_history.joblib
turbine_1,2026-02-04 19:00:00+00:00,2026-02-05 06:00:00+00:00,11,D1,0.9895016552614215,LightGBM__Top15__global__default,Top15,models/644e19e22a6c2779/LightGBM__Top15__global__default__global__all_history.joblib
turbine_2,2026-02-04 19:00:00+00:00,2026-02-05 06:00:00+00:00,11,D1,0.9753460295062538,LightGBM__Top15__global__default,Top15,models/644e19e22a6c2779/LightGBM__Top15__global__default__global__all_history.joblib
turbine_1,2026-02-04 19:00:00+00:00,2026-02-05 07:00:00+00:00,12,D1,0.9895189230995978,LightGBM__Top15__global__default,Top15,models/644e19e22a6c2779/LightGBM__Top15__global__default__global__all_history.joblib
turbine_2,2026-02-04 19:00:00+00:00,2026-02-05 07:00:00+00:00,12,D1,0.9753460295062538,LightGBM__Top15__global__default,Top15,models/644e19e22a6c2779/LightGBM__Top15__global__default__global__all_history.joblib
turbine_1,2026-02-04 19:00:00+00:00,2026-02-05 08:00:00+00:00,13,D1,0.9918018788857093,LightGBM__Top15__global__default,Top15,models/644e19e22a6c2779/LightGBM__Top15__global__default__global__all_history.joblib
turbine_2,2026-02-04 19:00:00+00:00,2026-02-05 08:00:00+00:00,13,D1,0.9780367616054498,LightGBM__Top15__global__default,Top15,models/644e19e22a6c2779/LightGBM__Top15__global__default__global__all_history.joblib
turbine_1,2026-02-04 19:00:00+00:00,2026-02-05 09:00:00+00:00,14,D1,0.9840734449308485,LightGBM__Top15__global__default,Top15,models/644e19e22a6c2779/LightGBM__Top15__global__default__global__all_history.joblib
turbine_2,2026-02-04 19:00:00+00:00,2026-02-05 09:00:00+00:00,14,D1,0.9731841458858462,LightGBM__Top15__global__default,Top15,models/644e19e22a6c2779/LightGBM__Top15__global__default__global__all_history.joblib
turbine_1,2026-02-04 19:00:00+00:00,2026-02-05 10:00:00+00:00,15,D1,0.9841281211491152,LightGBM__Top15__global__default,Top15,models/644e19e22a6c2779/LightGBM__Top15__global__default__global__all_history.joblib
turbine_2,2026-02-04 19:00:00+00:00,2026-02-05 10:00:00+00:00,15,D1,0.9775542391903717,LightGBM__Top15__global__default,Top15,models/644e19e22a6c2779/LightGBM__Top15__global__default__global__all_history.joblib
turbine_1,2026-02-04 19:00:00+00:00,2026-02-05 11:00:00+00:00,16,D1,0.9734502019197057,LightGBM__Top15__global__default,Top15,models/644e19e22a6c2779/LightGBM__Top15__global__default__global__all_history.joblib
turbine_2,2026-02-04 19:00:00+00:00,2026-02-05 11:00:00+00:00,16,D1,0.9696076968305029,LightGBM__Top15__global__default,Top15,models/644e19e22a6c2779/LightGBM__Top15__global__default__global__all_history.joblib
turbine_1,2026-02-04 19:00:00+00:00,2026-02-05 12:00:00+00:00,17,D1,0.9402703332308918,LightGBM__Top15__global__default,Top15,models/644e19e22a6c2779/LightGBM__Top15__global__default__global__all_history.joblib
turbine_2,2026-02-04 19:00:00+00:00,2026-02-05 12:00:00+00:00,17,D1,0.9362692736256679,LightGBM__Top15__global__default,Top15,models/644e19e22a6c2779/LightGBM__Top15__global__default__global__all_history.joblib
turbine_1,2026-02-04 19:00:00+00:00,2026-02-05 13:00:00+00:00,18,D1,0.8381900453443902,LightGBM__Top15__global__default,Top15,models/644e19e22a6c2779/LightGBM__Top15__global__default__global__all_history.joblib
turbine_2,2026-02-04 19:00:00+00:00,2026-02-05 13:00:00+00:00,18,D1,0.8379233174711881,LightGBM__Top15__global__default,Top15,models/644e19e22a6c2779/LightGBM__Top15__global__default__global__all_history.joblib
turbine_1,2026-02-04 19:00:00+00:00,2026-02-05 14:00:00+00:00,19,D1,0.8859079431507966,LightGBM__Top15__global__default,Top15,models/644e19e22a6c2779/LightGBM__Top15__global__default__global__all_history.joblib
turbine_2,2026-02-04 19:00:00+00:00,2026-02-05 14:00:00+00:00,19,D1,0.8856412152775944,LightGBM__Top15__global__default,Top15,models/644e19e22a6c2779/LightGBM__Top15__global__default__global__all_history.joblib
turbine_1,2026-02-04 19:00:00+00:00,2026-02-05 15:00:00+00:00,20,D1,0.8534940473328753,LightGBM__Top15__global__default,Top15,models/644e19e22a6c2779/LightGBM__Top15__global__default__global__all_history.joblib
turbine_2,2026-02-04 19:00:00+00:00,2026-02-05 15:00:00+00:00,20,D1,0.8532273194596731,LightGBM__Top15__global__default,Top15,models/644e19e22a6c2779/LightGBM__Top15__global__default__global__all_history.joblib
turbine_1,2026-02-04 19:00:00+00:00,2026-02-05 16:00:00+00:00,21,D1,0.8746808215962076,LightGBM__Top15__global__default,Top15,models/644e19e22a6c2779/LightGBM__Top15__global__default__global__all_history.joblib
turbine_2,2026-02-04 19:00:00+00:00,2026-02-05 16:00:00+00:00,21,D1,0.8744140937230055,LightGBM__Top15__global__default,Top15,models/644e19e22a6c2779/LightGBM__Top15__global__default__global__all_history.joblib
turbine_1,2026-02-04 19:00:00+00:00,2026-02-05 17:00:00+00:00,22,D1,0.8408839021435253,LightGBM__Top15__global__default,Top15,models/644e19e22a6c2779/LightGBM__Top15__global__default__global__all_history.joblib
turbine_2,2026-02-04 19:00:00+00:00,2026-02-05 17:00:00+00:00,22,D1,0.8406171742703231,LightGBM__Top15__global__default,Top15,models/644e19e22a6c2779/LightGBM__Top15__global__default__global__all_history.joblib
turbine_1,2026-02-04 19:00:00+00:00,2026-02-05 18:00:00+00:00,23,D1,0.7763797328209249,LightGBM__Top15__global__default,Top15,models/644e19e22a6c2779/LightGBM__Top15__global__default__global__all_history.joblib
turbine_2,2026-02-04 19:00:00+00:00,2026-02-05 18:00:00+00:00,23,D1,0.7761130049477227,LightGBM__Top15__global__default,Top15,models/644e19e22a6c2779/LightGBM__Top15__global__default__global__all_history.joblib
turbine_1,2026-02-04 19:00:00+00:00,2026-02-05 19:00:00+00:00,24,D1,0.6867023211029412,LightGBM__Top15__global__default,Top15,models/644e19e22a6c2779/LightGBM__Top15__global__default__global__all_history.joblib
turbine_2,2026-02-04 19:00:00+00:00,2026-02-05 19:00:00+00:00,24,D1,0.685508784072056,LightGBM__Top15__global__default,Top15,models/644e19e22a6c2779/LightGBM__Top15__global__default__global__all_history.joblib
turbine_1,2026-02-04 19:00:00+00:00,2026-02-05 20:00:00+00:00,25,D2,0.6140400983805212,LightGBM__Top15__global__default,Top15,models/644e19e22a6c2779/LightGBM__Top15__global__default__global__all_history.joblib
turbine_2,2026-02-04 19:00:00+00:00,2026-02-05 20:00:00+00:00,25,D2,0.6130140397549556,LightGBM__Top15__global__default,Top15,models/644e19e22a6c2779/LightGBM__Top15__global__default__global__all_history.joblib
turbine_1,2026-02-04 19:00:00+00:00,2026-02-05 21:00:00+00:00,26,D2,0.3988566949943829,LightGBM__Top15__global__default,Top15,models/644e19e22a6c2779/LightGBM__Top15__global__default__global__all_history.joblib
turbine_2,2026-02-04 19:00:00+00:00,2026-02-05 21:00:00+00:00,26,D2,0.39684541369355136,LightGBM__Top15__global__default,Top15,models/644e19e22a6c2779/LightGBM__Top15__global__default__global__all_history.joblib
turbine_1,2026-02-04 19:00:00+00:00,2026-02-05 22:00:00+00:00,27,D2,0.18032270501329073,LightGBM__Top15__global__default,Top15,models/644e19e22a6c2779/LightGBM__Top15__global__default__global__all_history.joblib
turbine_2,2026-02-04 19:00:00+00:00,2026-02-05 22:00:00+00:00,27,D2,0.17795372139704163,LightGBM__Top15__global__default,Top15,models/644e19e22a6c2779/LightGBM__Top15__global__default__global__all_history.joblib
turbine_1,2026-02-04 19:00:00+00:00,2026-02-05 23:00:00+00:00,28,D2,0.1153699722373938,LightGBM__Top15__global__default,Top15,models/644e19e22a6c2779/LightGBM__Top15__global__default__global__all_history.joblib
turbine_2,2026-02-04 19:00:00+00:00,2026-02-05 23:00:00+00:00,28,D2,0.11300098862114474,LightGBM__Top15__global__default,Top15,models/644e19e22a6c2779/LightGBM__Top15__global__default__global__all_history.joblib
turbine_1,2026-02-04 19:00:00+00:00,2026-02-06 00:00:00+00:00,29,D2,0.03018309773711723,LightGBM__Top15__global__default,Top15,models/644e19e22a6c2779/LightGBM__Top15__global__default__global__all_history.joblib
turbine_2,2026-02-04 19:00:00+00:00,2026-02-06 00:00:00+00:00,29,D2,0.02756664347853655,LightGBM__Top15__global__default,Top15,models/644e19e22a6c2779/LightGBM__Top15__global__default__global__all_history.joblib
turbine_1,2026-02-04 19:00:00+00:00,2026-02-06 01:00:00+00:00,30,D2,0.044587014522627616,LightGBM__Top15__global__default,Top15,models/644e19e22a6c2779/LightGBM__Top15__global__default__global__all_history.joblib
turbine_2,2026-02-04 19:00:00+00:00,2026-02-06 01:00:00+00:00,30,D2,0.04402866820079045,LightGBM__Top15__global__default,Top15,models/644e19e22a6c2779/LightGBM__Top15__global__default__global__all_history.joblib
turbine_1,2026-02-04 19:00:00+00:00,2026-02-06 02:00:00+00:00,31,D2,0.048556640461301655,LightGBM__Top15__global__default,Top15,models/644e19e22a6c2779/LightGBM__Top15__global__default__global__all_history.joblib
turbine_2,2026-02-04 19:00:00+00:00,2026-02-06 02:00:00+00:00,31,D2,0.04700134455834708,LightGBM__Top15__global__default,Top15,models/644e19e22a6c2779/LightGBM__Top15__global__default__global__all_history.joblib
turbine_1,2026-02-04 19:00:00+00:00,2026-02-06 03:00:00+00:00,32,D2,0.130932566008297,LightGBM__Top15__global__default,Top15,models/644e19e22a6c2779/LightGBM__Top15__global__default__global__all_history.joblib
turbine_2,2026-02-04 19:00:00+00:00,2026-02-06 03:00:00+00:00,32,D2,0.12941264404897043,LightGBM__Top15__global__default,Top15,models/644e19e22a6c2779/LightGBM__Top15__global__default__global__all_history.joblib
turbine_1,2026-02-04 19:00:00+00:00,2026-02-06 04:00:00+00:00,33,D2,0.16842900458439553,LightGBM__Top15__global__default,Top15,models/644e19e22a6c2779/LightGBM__Top15__global__default__global__all_history.joblib
turbine_2,2026-02-04 19:00:00+00:00,2026-02-06 04:00:00+00:00,33,D2,0.16606002096814643,LightGBM__Top15__global__default,Top15,models/644e19e22a6c2779/LightGBM__Top15__global__default__global__all_history.joblib
turbine_1,2026-02-04 19:00:00+00:00,2026-02-06 05:00:00+00:00,34,D2,0.2696008127198381,LightGBM__Top15__global__default,Top15,models/644e19e22a6c2779/LightGBM__Top15__global__default__global__all_history.joblib
turbine_2,2026-02-04 19:00:00+00:00,2026-02-06 05:00:00+00:00,34,D2,0.2693340848466363,LightGBM__Top15__global__default,Top15,models/644e19e22a6c2779/LightGBM__Top15__global__default__global__all_history.joblib
turbine_1,2026-02-04 19:00:00+00:00,2026-02-06 06:00:00+00:00,35,D2,0.7337348258093476,LightGBM__Top15__global__default,Top15,models/644e19e22a6c2779/LightGBM__Top15__global__default__global__all_history.joblib
turbine_2,2026-02-04 19:00:00+00:00,2026-02-06 06:00:00+00:00,35,D2,0.7334680979361454,LightGBM__Top15__global__default,Top15,models/644e19e22a6c2779/LightGBM__Top15__global__default__global__all_history.joblib
turbine_1,2026-02-04 19:00:00+00:00,2026-02-06 07:00:00+00:00,36,D2,0.9126672695010797,LightGBM__Top15__global__default,Top15,models/644e19e22a6c2779/LightGBM__Top15__global__default__global__all_history.joblib
turbine_2,2026-02-04 19:00:00+00:00,2026-02-06 07:00:00+00:00,36,D2,0.9118747006268038,LightGBM__Top15__global__default,Top15,models/644e19e22a6c2779/LightGBM__Top15__global__default__global__all_history.joblib
turbine_1,2026-02-04 19:00:00+00:00,2026-02-06 08:00:00+00:00,37,D2,0.9829795105833632,LightGBM__Top15__global__default,Top15,models/644e19e22a6c2779/LightGBM__Top15__global__default__global__all_history.joblib
turbine_2,2026-02-04 19:00:00+00:00,2026-02-06 08:00:00+00:00,37,D2,0.9713145171039446,LightGBM__Top15__global__default,Top15,models/644e19e22a6c2779/LightGBM__Top15__global__default__global__all_history.joblib
turbine_1,2026-02-04 19:00:00+00:00,2026-02-06 09:00:00+00:00,38,D2,0.9859901034496835,LightGBM__Top15__global__default,Top15,models/644e19e22a6c2779/LightGBM__Top15__global__default__global__all_history.joblib
turbine_2,2026-02-04 19:00:00+00:00,2026-02-06 09:00:00+00:00,38,D2,0.973112407973161,LightGBM__Top15__global__default,Top15,models/644e19e22a6c2779/LightGBM__Top15__global__default__global__all_history.joblib
turbine_1,2026-02-04 19:00:00+00:00,2026-02-06 10:00:00+00:00,39,D2,0.9892026274421547,LightGBM__Top15__global__default,Top15,models/644e19e22a6c2779/LightGBM__Top15__global__default__global__all_history.joblib
turbine_2,2026-02-04 19:00:00+00:00,2026-02-06 10:00:00+00:00,39,D2,0.9765080190896167,LightGBM__Top15__global__default,Top15,models/644e19e22a6c2779/LightGBM__Top15__global__default__global__all_history.joblib
turbine_1,2026-02-04 19:00:00+00:00,2026-02-06 11:00:00+00:00,40,D2,0.9891813781443268,LightGBM__Top15__global__default,Top15,models/644e19e22a6c2779/LightGBM__Top15__global__default__global__all_history.joblib
turbine_2,2026-02-04 19:00:00+00:00,2026-02-06 11:00:00+00:00,40,D2,0.9768131341838155,LightGBM__Top15__global__default,Top15,models/644e19e22a6c2779/LightGBM__Top15__global__default__global__all_history.joblib
turbine_1,2026-02-04 19:00:00+00:00,2026-02-06 12:00:00+00:00,41,D2,0.9891813781443268,LightGBM__Top15__global__default,Top15,models/644e19e22a6c2779/LightGBM__Top15__global__default__global__all_history.joblib
turbine_2,2026-02-04 19:00:00+00:00,2026-02-06 12:00:00+00:00,41,D2,0.9765080190896167,LightGBM__Top15__global__default,Top15,models/644e19e22a6c2779/LightGBM__Top15__global__default__global__all_history.joblib
turbine_1,2026-02-04 19:00:00+00:00,2026-02-06 13:00:00+00:00,42,D2,0.9891813781443268,LightGBM__Top15__global__default,Top15,models/644e19e22a6c2779/LightGBM__Top15__global__default__global__all_history.joblib
turbine_2,2026-02-04 19:00:00+00:00,2026-02-06 13:00:00+00:00,42,D2,0.9767943606956766,LightGBM__Top15__global__default,Top15,models/644e19e22a6c2779/LightGBM__Top15__global__default__global__all_history.joblib
turbine_1,2026-02-04 19:00:00+00:00,2026-02-06 14:00:00+00:00,43,D2,0.9891813781443268,LightGBM__Top15__global__default,Top15,models/644e19e22a6c2779/LightGBM__Top15__global__default__global__all_history.joblib
turbine_2,2026-02-04 19:00:00+00:00,2026-02-06 14:00:00+00:00,43,D2,0.9770280062795644,LightGBM__Top15__global__default,Top15,models/644e19e22a6c2779/LightGBM__Top15__global__default__global__all_history.joblib
turbine_1,2026-02-04 19:00:00+00:00,2026-02-06 15:00:00+00:00,44,D2,0.9891813781443268,LightGBM__Top15__global__default,Top15,models/644e19e22a6c2779/LightGBM__Top15__global__default__global__all_history.joblib
turbine_2,2026-02-04 19:00:00+00:00,2026-02-06 15:00:00+00:00,44,D2,0.9770474024648714,LightGBM__Top15__global__default,Top15,models/644e19e22a6c2779/LightGBM__Top15__global__default__global__all_history.joblib
turbine_1,2026-02-04 19:00:00+00:00,2026-02-06 16:00:00+00:00,45,D2,0.9881038631939381,LightGBM__Top15__global__default,Top15,models/644e19e22a6c2779/LightGBM__Top15__global__default__global__all_history.joblib
turbine_2,2026-02-04 19:00:00+00:00,2026-02-06 16:00:00+00:00,45,D2,0.9760864340669273,LightGBM__Top15__global__default,Top15,models/644e19e22a6c2779/LightGBM__Top15__global__default__global__all_history.joblib
turbine_1,2026-02-04 19:00:00+00:00,2026-02-06 17:00:00+00:00,46,D2,0.9881211310321143,LightGBM__Top15__global__default,Top15,models/644e19e22a6c2779/LightGBM__Top15__global__default__global__all_history.joblib
turbine_2,2026-02-04 19:00:00+00:00,2026-02-06 17:00:00+00:00,46,D2,0.9763681573050031,LightGBM__Top15__global__default,Top15,models/644e19e22a6c2779/LightGBM__Top15__global__default__global__all_history.joblib
turbine_1,2026-02-04 19:00:00+00:00,2026-02-06 18:00:00+00:00,47,D2,0.9880688656960247,LightGBM__Top15__global__default,Top15,models/644e19e22a6c2779/LightGBM__Top15__global__default__global__all_history.joblib
turbine_2,2026-02-04 19:00:00+00:00,2026-02-06 18:00:00+00:00,47,D2,0.97710145463177,LightGBM__Top15__global__default,Top15,models/644e19e22a6c2779/LightGBM__Top15__global__default__global__all_history.joblib
turbine_1,2026-02-04 19:00:00+00:00,2026-02-06 19:00:00+00:00,48,D2,0.9772877380287828,LightGBM__Top15__global__default,Top15,models/644e19e22a6c2779/LightGBM__Top15__global__default__global__all_history.joblib
turbine_2,2026-02-04 19:00:00+00:00,2026-02-06 19:00:00+00:00,48,D2,0.9699179198553948,LightGBM__Top15__global__default,Top15,models/644e19e22a6c2779/LightGBM__Top15__global__default__global__all_history.joblib
turbine_1,2026-02-05 19:00:00+00:00,2026-02-05 20:00:00+00:00,1,D1,0.6724903419210607,LightGBM__Top15__global__default,Top15,models/644e19e22a6c2779/LightGBM__Top15__global__default__global__all_history.joblib
turbine_2,2026-02-05 19:00:00+00:00,2026-02-05 20:00:00+00:00,1,D1,0.6712968048901755,LightGBM__Top15__global__default,Top15,models/644e19e22a6c2779/LightGBM__Top15__global__default__global__all_history.joblib
turbine_1,2026-02-05 19:00:00+00:00,2026-02-05 21:00:00+00:00,2,D1,0.5226867799620001,LightGBM__Top15__global__default,Top15,models/644e19e22a6c2779/LightGBM__Top15__global__default__global__all_history.joblib
turbine_2,2026-02-05 19:00:00+00:00,2026-02-05 21:00:00+00:00,2,D1,0.5214932429311149,LightGBM__Top15__global__default,Top15,models/644e19e22a6c2779/LightGBM__Top15__global__default__global__all_history.joblib
turbine_1,2026-02-05 19:00:00+00:00,2026-02-05 22:00:00+00:00,3,D1,0.46834732819656416,LightGBM__Top15__global__default,Top15,models/644e19e22a6c2779/LightGBM__Top15__global__default__global__all_history.joblib
turbine_2,2026-02-05 19:00:00+00:00,2026-02-05 22:00:00+00:00,3,D1,0.466168568490413,LightGBM__Top15__global__default,Top15,models/644e19e22a6c2779/LightGBM__Top15__global__default__global__all_history.joblib
turbine_1,2026-02-05 19:00:00+00:00,2026-02-05 23:00:00+00:00,4,D1,0.24607648027884188,LightGBM__Top15__global__default,Top15,models/644e19e22a6c2779/LightGBM__Top15__global__default__global__all_history.joblib
turbine_2,2026-02-05 19:00:00+00:00,2026-02-05 23:00:00+00:00,4,D1,0.24370749666259278,LightGBM__Top15__global__default,Top15,models/644e19e22a6c2779/LightGBM__Top15__global__default__global__all_history.joblib
turbine_1,2026-02-05 19:00:00+00:00,2026-02-06 00:00:00+00:00,5,D1,0.11325184475080714,LightGBM__Top15__global__default,Top15,models/644e19e22a6c2779/LightGBM__Top15__global__default__global__all_history.joblib
turbine_2,2026-02-05 19:00:00+00:00,2026-02-06 00:00:00+00:00,5,D1,0.11156776456889893,LightGBM__Top15__global__default,Top15,models/644e19e22a6c2779/LightGBM__Top15__global__default__global__all_history.joblib
turbine_1,2026-02-05 19:00:00+00:00,2026-02-06 01:00:00+00:00,6,D1,0.03632791446833798,LightGBM__Top15__global__default,Top15,models/644e19e22a6c2779/LightGBM__Top15__global__default__global__all_history.joblib
turbine_2,2026-02-05 19:00:00+00:00,2026-02-06 01:00:00+00:00,6,D1,0.03464383428642974,LightGBM__Top15__global__default,Top15,models/644e19e22a6c2779/LightGBM__Top15__global__default__global__all_history.joblib
turbine_1,2026-02-05 19:00:00+00:00,2026-02-06 02:00:00+00:00,7,D1,0.014292080126004464,LightGBM__Top15__global__default,Top15,models/644e19e22a6c2779/LightGBM__Top15__global__default__global__all_history.joblib
turbine_2,2026-02-05 19:00:00+00:00,2026-02-06 02:00:00+00:00,7,D1,0.013568320020619652,LightGBM__Top15__global__default,Top15,models/644e19e22a6c2779/LightGBM__Top15__global__default__global__all_history.joblib
turbine_1,2026-02-05 19:00:00+00:00,2026-02-06 03:00:00+00:00,8,D1,0.05348127764856631,LightGBM__Top15__global__default,Top15,models/644e19e22a6c2779/LightGBM__Top15__global__default__global__all_history.joblib
turbine_2,2026-02-05 19:00:00+00:00,2026-02-06 03:00:00+00:00,8,D1,0.051112294032317235,LightGBM__Top15__global__default,Top15,models/644e19e22a6c2779/LightGBM__Top15__global__default__global__all_history.joblib
turbine_1,2026-02-05 19:00:00+00:00,2026-02-06 04:00:00+00:00,9,D1,0.02804638481903469,LightGBM__Top15__global__default,Top15,models/644e19e22a6c2779/LightGBM__Top15__global__default__global__all_history.joblib
turbine_2,2026-02-05 19:00:00+00:00,2026-02-06 04:00:00+00:00,9,D1,0.025677401202785607,LightGBM__Top15__global__default,Top15,models/644e19e22a6c2779/LightGBM__Top15__global__default__global__all_history.joblib
turbine_1,2026-02-05 19:00:00+00:00,2026-02-06 05:00:00+00:00,10,D1,0.06560327323407954,LightGBM__Top15__global__default,Top15,models/644e19e22a6c2779/LightGBM__Top15__global__default__global__all_history.joblib
turbine_2,2026-02-05 19:00:00+00:00,2026-02-06 05:00:00+00:00,10,D1,0.06323428961783048,LightGBM__Top15__global__default,Top15,models/644e19e22a6c2779/LightGBM__Top15__global__default__global__all_history.joblib
turbine_1,2026-02-05 19:00:00+00:00,2026-02-06 06:00:00+00:00,11,D1,0.2451710911761324,LightGBM__Top15__global__default,Top15,models/644e19e22a6c2779/LightGBM__Top15__global__default__global__all_history.joblib
turbine_2,2026-02-05 19:00:00+00:00,2026-02-06 06:00:00+00:00,11,D1,0.2449043633029305,LightGBM__Top15__global__default,Top15,models/644e19e22a6c2779/LightGBM__Top15__global__default__global__all_history.joblib
turbine_1,2026-02-05 19:00:00+00:00,2026-02-06 07:00:00+00:00,12,D1,0.609449117011272,LightGBM__Top15__global__default,Top15,models/644e19e22a6c2779/LightGBM__Top15__global__default__global__all_history.joblib
turbine_2,2026-02-05 19:00:00+00:00,2026-02-06 07:00:00+00:00,12,D1,0.5897455733543346,LightGBM__Top15__global__default,Top15,models/644e19e22a6c2779/LightGBM__Top15__global__default__global__all_history.joblib
turbine_1,2026-02-05 19:00:00+00:00,2026-02-06 08:00:00+00:00,13,D1,0.8807626047240106,LightGBM__Top15__global__default,Top15,models/644e19e22a6c2779/LightGBM__Top15__global__default__global__all_history.joblib
turbine_2,2026-02-05 19:00:00+00:00,2026-02-06 08:00:00+00:00,13,D1,0.8730070637331458,LightGBM__Top15__global__default,Top15,models/644e19e22a6c2779/LightGBM__Top15__global__default__global__all_history.joblib
turbine_1,2026-02-05 19:00:00+00:00,2026-02-06 09:00:00+00:00,14,D1,0.9853295951587325,LightGBM__Top15__global__default,Top15,models/644e19e22a6c2779/LightGBM__Top15__global__default__global__all_history.joblib
turbine_2,2026-02-05 19:00:00+00:00,2026-02-06 09:00:00+00:00,14,D1,0.9754852089370478,LightGBM__Top15__global__default,Top15,models/644e19e22a6c2779/LightGBM__Top15__global__default__global__all_history.joblib
turbine_1,2026-02-05 19:00:00+00:00,2026-02-06 10:00:00+00:00,15,D1,0.9859261371398369,LightGBM__Top15__global__default,Top15,models/644e19e22a6c2779/LightGBM__Top15__global__default__global__all_history.joblib
turbine_2,2026-02-05 19:00:00+00:00,2026-02-06 10:00:00+00:00,15,D1,0.9727371486575525,LightGBM__Top15__global__default,Top15,models/644e19e22a6c2779/LightGBM__Top15__global__default__global__all_history.joblib
turbine_1,2026-02-05 19:00:00+00:00,2026-02-06 11:00:00+00:00,16,D1,0.9891813781443268,LightGBM__Top15__global__default,Top15,models/644e19e22a6c2779/LightGBM__Top15__global__default__global__all_history.joblib
turbine_2,2026-02-05 19:00:00+00:00,2026-02-06 11:00:00+00:00,16,D1,0.9765080190896167,LightGBM__Top15__global__default,Top15,models/644e19e22a6c2779/LightGBM__Top15__global__default__global__all_history.joblib
turbine_1,2026-02-05 19:00:00+00:00,2026-02-06 12:00:00+00:00,17,D1,0.9891314036925396,LightGBM__Top15__global__default,Top15,models/644e19e22a6c2779/LightGBM__Top15__global__default__global__all_history.joblib
turbine_2,2026-02-05 19:00:00+00:00,2026-02-06 12:00:00+00:00,17,D1,0.9768846036941263,LightGBM__Top15__global__default,Top15,models/644e19e22a6c2779/LightGBM__Top15__global__default__global__all_history.joblib
turbine_1,2026-02-05 19:00:00+00:00,2026-02-06 13:00:00+00:00,18,D1,0.9891314036925396,LightGBM__Top15__global__default,Top15,models/644e19e22a6c2779/LightGBM__Top15__global__default__global__all_history.joblib
turbine_2,2026-02-05 19:00:00+00:00,2026-02-06 13:00:00+00:00,18,D1,0.9770994757898752,LightGBM__Top15__global__default,Top15,models/644e19e22a6c2779/LightGBM__Top15__global__default__global__all_history.joblib
turbine_1,2026-02-05 19:00:00+00:00,2026-02-06 14:00:00+00:00,19,D1,0.9891813781443268,LightGBM__Top15__global__default,Top15,models/644e19e22a6c2779/LightGBM__Top15__global__default__global__all_history.joblib
turbine_2,2026-02-05 19:00:00+00:00,2026-02-06 14:00:00+00:00,19,D1,0.9767943606956766,LightGBM__Top15__global__default,Top15,models/644e19e22a6c2779/LightGBM__Top15__global__default__global__all_history.joblib
turbine_1,2026-02-05 19:00:00+00:00,2026-02-06 15:00:00+00:00,20,D1,0.9891813781443268,LightGBM__Top15__global__default,Top15,models/644e19e22a6c2779/LightGBM__Top15__global__default__global__all_history.joblib
turbine_2,2026-02-05 19:00:00+00:00,2026-02-06 15:00:00+00:00,20,D1,0.9767228911853656,LightGBM__Top15__global__default,Top15,models/644e19e22a6c2779/LightGBM__Top15__global__default__global__all_history.joblib
turbine_1,2026-02-05 19:00:00+00:00,2026-02-06 16:00:00+00:00,21,D1,0.9888656566657781,LightGBM__Top15__global__default,Top15,models/644e19e22a6c2779/LightGBM__Top15__global__default__global__all_history.joblib
turbine_2,2026-02-05 19:00:00+00:00,2026-02-06 16:00:00+00:00,21,D1,0.9771126829386669,LightGBM__Top15__global__default,Top15,models/644e19e22a6c2779/LightGBM__Top15__global__default__global__all_history.joblib
turbine_1,2026-02-05 19:00:00+00:00,2026-02-06 17:00:00+00:00,22,D1,0.9840957798252978,LightGBM__Top15__global__default,Top15,models/644e19e22a6c2779/LightGBM__Top15__global__default__global__all_history.joblib
turbine_2,2026-02-05 19:00:00+00:00,2026-02-06 17:00:00+00:00,22,D1,0.9763474840911794,LightGBM__Top15__global__default,Top15,models/644e19e22a6c2779/LightGBM__Top15__global__default__global__all_history.joblib
turbine_1,2026-02-05 19:00:00+00:00,2026-02-06 18:00:00+00:00,23,D1,0.9432473100346532,LightGBM__Top15__global__default,Top15,models/644e19e22a6c2779/LightGBM__Top15__global__default__global__all_history.joblib
turbine_2,2026-02-05 19:00:00+00:00,2026-02-06 18:00:00+00:00,23,D1,0.9398116161223663,LightGBM__Top15__global__default,Top15,models/644e19e22a6c2779/LightGBM__Top15__global__default__global__all_history.joblib
turbine_1,2026-02-05 19:00:00+00:00,2026-02-06 19:00:00+00:00,24,D1,0.8899132107251633,LightGBM__Top15__global__default,Top15,models/644e19e22a6c2779/LightGBM__Top15__global__default__global__all_history.joblib
turbine_2,2026-02-05 19:00:00+00:00,2026-02-06 19:00:00+00:00,24,D1,0.8900275479251291,LightGBM__Top15__global__default,Top15,models/644e19e22a6c2779/LightGBM__Top15__global__default__global__all_history.joblib
turbine_1,2026-02-05 19:00:00+00:00,2026-02-06 20:00:00+00:00,25,D2,0.9048528386172443,LightGBM__Top15__global__default,Top15,models/644e19e22a6c2779/LightGBM__Top15__global__default__global__all_history.joblib
turbine_2,2026-02-05 19:00:00+00:00,2026-02-06 20:00:00+00:00,25,D2,0.9049671758172101,LightGBM__Top15__global__default,Top15,models/644e19e22a6c2779/LightGBM__Top15__global__default__global__all_history.joblib
turbine_1,2026-02-05 19:00:00+00:00,2026-02-06 21:00:00+00:00,26,D2,0.7276484797825559,LightGBM__Top15__global__default,Top15,models/644e19e22a6c2779/LightGBM__Top15__global__default__global__all_history.joblib
turbine_2,2026-02-05 19:00:00+00:00,2026-02-06 21:00:00+00:00,26,D2,0.7277628169825217,LightGBM__Top15__global__default,Top15,models/644e19e22a6c2779/LightGBM__Top15__global__default__global__all_history.joblib
turbine_1,2026-02-05 19:00:00+00:00,2026-02-06 22:00:00+00:00,27,D2,0.46199900169222285,LightGBM__Top15__global__default,Top15,models/644e19e22a6c2779/LightGBM__Top15__global__default__global__all_history.joblib
turbine_2,2026-02-05 19:00:00+00:00,2026-02-06 22:00:00+00:00,27,D2,0.4552885057255928,LightGBM__Top15__global__default,Top15,models/644e19e22a6c2779/LightGBM__Top15__global__default__global__all_history.joblib
turbine_1,2026-02-05 19:00:00+00:00,2026-02-06 23:00:00+00:00,28,D2,0.28926156282093785,LightGBM__Top15__global__default,Top15,models/644e19e22a6c2779/LightGBM__Top15__global__default__global__all_history.joblib
turbine_2,2026-02-05 19:00:00+00:00,2026-02-06 23:00:00+00:00,28,D2,0.28920412297152986,LightGBM__Top15__global__default,Top15,models/644e19e22a6c2779/LightGBM__Top15__global__default__global__all_history.joblib
turbine_1,2026-02-05 19:00:00+00:00,2026-02-07 00:00:00+00:00,29,D2,0.22379049701930348,LightGBM__Top15__global__default,Top15,models/644e19e22a6c2779/LightGBM__Top15__global__default__global__all_history.joblib
turbine_2,2026-02-05 19:00:00+00:00,2026-02-07 00:00:00+00:00,29,D2,0.22521985812986625,LightGBM__Top15__global__default,Top15,models/644e19e22a6c2779/LightGBM__Top15__global__default__global__all_history.joblib
turbine_1,2026-02-05 19:00:00+00:00,2026-02-07 01:00:00+00:00,30,D2,0.11990370294533102,LightGBM__Top15__global__default,Top15,models/644e19e22a6c2779/LightGBM__Top15__global__default__global__all_history.joblib
turbine_2,2026-02-05 19:00:00+00:00,2026-02-07 01:00:00+00:00,30,D2,0.12133306405589374,LightGBM__Top15__global__default,Top15,models/644e19e22a6c2779/LightGBM__Top15__global__default__global__all_history.joblib
turbine_1,2026-02-05 19:00:00+00:00,2026-02-07 02:00:00+00:00,31,D2,0.03314262029962159,LightGBM__Top15__global__default,Top15,models/644e19e22a6c2779/LightGBM__Top15__global__default__global__all_history.joblib
turbine_2,2026-02-05 19:00:00+00:00,2026-02-07 02:00:00+00:00,31,D2,0.03424559648174277,LightGBM__Top15__global__default,Top15,models/644e19e22a6c2779/LightGBM__Top15__global__default__global__all_history.joblib
turbine_1,2026-02-05 19:00:00+00:00,2026-02-07 03:00:00+00:00,32,D2,0.014434485010987763,LightGBM__Top15__global__default,Top15,models/644e19e22a6c2779/LightGBM__Top15__global__default__global__all_history.joblib
turbine_2,2026-02-05 19:00:00+00:00,2026-02-07 03:00:00+00:00,32,D2,0.013818583004453816,LightGBM__Top15__global__default,Top15,models/644e19e22a6c2779/LightGBM__Top15__global__default__global__all_history.joblib
turbine_1,2026-02-05 19:00:00+00:00,2026-02-07 04:00:00+00:00,33,D2,0.020270238063933535,LightGBM__Top15__global__default,Top15,models/644e19e22a6c2779/LightGBM__Top15__global__default__global__all_history.joblib
turbine_2,2026-02-05 19:00:00+00:00,2026-02-07 04:00:00+00:00,33,D2,0.01975576598234255,LightGBM__Top15__global__default,Top15,models/644e19e22a6c2779/LightGBM__Top15__global__default__global__all_history.joblib
turbine_1,2026-02-05 19:00:00+00:00,2026-02-07 05:00:00+00:00,34,D2,0.048674338366371805,LightGBM__Top15__global__default,Top15,models/644e19e22a6c2779/LightGBM__Top15__global__default__global__all_history.joblib
turbine_2,2026-02-05 19:00:00+00:00,2026-02-07 05:00:00+00:00,34,D2,0.04861689851696372,LightGBM__Top15__global__default,Top15,models/644e19e22a6c2779/LightGBM__Top15__global__default__global__all_history.joblib
turbine_1,2026-02-05 19:00:00+00:00,2026-02-07 06:00:00+00:00,35,D2,0.09241321251070066,LightGBM__Top15__global__default,Top15,models/644e19e22a6c2779/LightGBM__Top15__global__default__global__all_history.joblib
turbine_2,2026-02-05 19:00:00+00:00,2026-02-07 06:00:00+00:00,35,D2,0.09204759396272624,LightGBM__Top15__global__default,Top15,models/644e19e22a6c2779/LightGBM__Top15__global__default__global__all_history.joblib
turbine_1,2026-02-05 19:00:00+00:00,2026-02-07 07:00:00+00:00,36,D2,0.11861996077833113,LightGBM__Top15__global__default,Top15,models/644e19e22a6c2779/LightGBM__Top15__global__default__global__all_history.joblib
turbine_2,2026-02-05 19:00:00+00:00,2026-02-07 07:00:00+00:00,36,D2,0.11836746367474534,LightGBM__Top15__global__default,Top15,models/644e19e22a6c2779/LightGBM__Top15__global__default__global__all_history.joblib
turbine_1,2026-02-05 19:00:00+00:00,2026-02-07 08:00:00+00:00,37,D2,0.1854503528454654,LightGBM__Top15__global__default,Top15,models/644e19e22a6c2779/LightGBM__Top15__global__default__global__all_history.joblib
turbine_2,2026-02-05 19:00:00+00:00,2026-02-07 08:00:00+00:00,37,D2,0.1799943878326465,LightGBM__Top15__global__default,Top15,models/644e19e22a6c2779/LightGBM__Top15__global__default__global__all_history.joblib
turbine_1,2026-02-05 19:00:00+00:00,2026-02-07 09:00:00+00:00,38,D2,0.17975035457644334,LightGBM__Top15__global__default,Top15,models/644e19e22a6c2779/LightGBM__Top15__global__default__global__all_history.joblib
turbine_2,2026-02-05 19:00:00+00:00,2026-02-07 09:00:00+00:00,38,D2,0.1794978574728576,LightGBM__Top15__global__default,Top15,models/644e19e22a6c2779/LightGBM__Top15__global__default__global__all_history.joblib
turbine_1,2026-02-05 19:00:00+00:00,2026-02-07 10:00:00+00:00,39,D2,0.14582752674791083,LightGBM__Top15__global__default,Top15,models/644e19e22a6c2779/LightGBM__Top15__global__default__global__all_history.joblib
turbine_2,2026-02-05 19:00:00+00:00,2026-02-07 10:00:00+00:00,39,D2,0.14463398971702582,LightGBM__Top15__global__default,Top15,models/644e19e22a6c2779/LightGBM__Top15__global__default__global__all_history.joblib
turbine_1,2026-02-05 19:00:00+00:00,2026-02-07 11:00:00+00:00,40,D2,0.05704728781860267,LightGBM__Top15__global__default,Top15,models/644e19e22a6c2779/LightGBM__Top15__global__default__global__all_history.joblib
turbine_2,2026-02-05 19:00:00+00:00,2026-02-07 11:00:00+00:00,40,D2,0.05561067827902603,LightGBM__Top15__global__default,Top15,models/644e19e22a6c2779/LightGBM__Top15__global__default__global__all_history.joblib
turbine_1,2026-02-05 19:00:00+00:00,2026-02-07 12:00:00+00:00,41,D2,0.015965920280213024,LightGBM__Top15__global__default,Top15,models/644e19e22a6c2779/LightGBM__Top15__global__default__global__all_history.joblib
turbine_2,2026-02-05 19:00:00+00:00,2026-02-07 12:00:00+00:00,41,D2,0.015044765938614068,LightGBM__Top15__global__default,Top15,models/644e19e22a6c2779/LightGBM__Top15__global__default__global__all_history.joblib
turbine_1,2026-02-05 19:00:00+00:00,2026-02-07 13:00:00+00:00,42,D2,0.0382737143338288,LightGBM__Top15__global__default,Top15,models/644e19e22a6c2779/LightGBM__Top15__global__default__global__all_history.joblib
turbine_2,2026-02-05 19:00:00+00:00,2026-02-07 13:00:00+00:00,42,D2,0.0371036995951498,LightGBM__Top15__global__default,Top15,models/644e19e22a6c2779/LightGBM__Top15__global__default__global__all_history.joblib
turbine_1,2026-02-05 19:00:00+00:00,2026-02-07 14:00:00+00:00,43,D2,0.19036785964217712,LightGBM__Top15__global__default,Top15,models/644e19e22a6c2779/LightGBM__Top15__global__default__global__all_history.joblib
turbine_2,2026-02-05 19:00:00+00:00,2026-02-07 14:00:00+00:00,43,D2,0.190310419792769,LightGBM__Top15__global__default,Top15,models/644e19e22a6c2779/LightGBM__Top15__global__default__global__all_history.joblib
turbine_1,2026-02-05 19:00:00+00:00,2026-02-07 15:00:00+00:00,44,D2,0.41967255935759396,LightGBM__Top15__global__default,Top15,models/644e19e22a6c2779/LightGBM__Top15__global__default__global__all_history.joblib
turbine_2,2026-02-05 19:00:00+00:00,2026-02-07 15:00:00+00:00,44,D2,0.419615119508186,LightGBM__Top15__global__default,Top15,models/644e19e22a6c2779/LightGBM__Top15__global__default__global__all_history.joblib
turbine_1,2026-02-05 19:00:00+00:00,2026-02-07 16:00:00+00:00,45,D2,0.5873660134223119,LightGBM__Top15__global__default,Top15,models/644e19e22a6c2779/LightGBM__Top15__global__default__global__all_history.joblib
turbine_2,2026-02-05 19:00:00+00:00,2026-02-07 16:00:00+00:00,45,D2,0.5806555174556814,LightGBM__Top15__global__default,Top15,models/644e19e22a6c2779/LightGBM__Top15__global__default__global__all_history.joblib
turbine_1,2026-02-05 19:00:00+00:00,2026-02-07 17:00:00+00:00,46,D2,0.6318897610399177,LightGBM__Top15__global__default,Top15,models/644e19e22a6c2779/LightGBM__Top15__global__default__global__all_history.joblib
turbine_2,2026-02-05 19:00:00+00:00,2026-02-07 17:00:00+00:00,46,D2,0.6320040982398835,LightGBM__Top15__global__default,Top15,models/644e19e22a6c2779/LightGBM__Top15__global__default__global__all_history.joblib
turbine_1,2026-02-05 19:00:00+00:00,2026-02-07 18:00:00+00:00,47,D2,0.6978680984189554,LightGBM__Top15__global__default,Top15,models/644e19e22a6c2779/LightGBM__Top15__global__default__global__all_history.joblib
turbine_2,2026-02-05 19:00:00+00:00,2026-02-07 18:00:00+00:00,47,D2,0.6979824356189211,LightGBM__Top15__global__default,Top15,models/644e19e22a6c2779/LightGBM__Top15__global__default__global__all_history.joblib
turbine_1,2026-02-05 19:00:00+00:00,2026-02-07 19:00:00+00:00,48,D2,0.7541932529081186,LightGBM__Top15__global__default,Top15,models/644e19e22a6c2779/LightGBM__Top15__global__default__global__all_history.joblib
turbine_2,2026-02-05 19:00:00+00:00,2026-02-07 19:00:00+00:00,48,D2,0.7543075901080843,LightGBM__Top15__global__default,Top15,models/644e19e22a6c2779/LightGBM__Top15__global__default__global__all_history.joblib
turbine_1,2026-02-06 19:00:00+00:00,2026-02-06 20:00:00+00:00,1,D1,0.7723002638386997,LightGBM__Top15__global__default,Top15,models/644e19e22a6c2779/LightGBM__Top15__global__default__global__all_history.joblib
turbine_2,2026-02-06 19:00:00+00:00,2026-02-06 20:00:00+00:00,1,D1,0.7724146010386654,LightGBM__Top15__global__default,Top15,models/644e19e22a6c2779/LightGBM__Top15__global__default__global__all_history.joblib
turbine_1,2026-02-06 19:00:00+00:00,2026-02-06 21:00:00+00:00,2,D1,0.5134575340993208,LightGBM__Top15__global__default,Top15,models/644e19e22a6c2779/LightGBM__Top15__global__default__global__all_history.joblib
turbine_2,2026-02-06 19:00:00+00:00,2026-02-06 21:00:00+00:00,2,D1,0.5134000942499125,LightGBM__Top15__global__default,Top15,models/644e19e22a6c2779/LightGBM__Top15__global__default__global__all_history.joblib
turbine_1,2026-02-06 19:00:00+00:00,2026-02-06 22:00:00+00:00,3,D1,0.26430180579044954,LightGBM__Top15__global__default,Top15,models/644e19e22a6c2779/LightGBM__Top15__global__default__global__all_history.joblib
turbine_2,2026-02-06 19:00:00+00:00,2026-02-06 22:00:00+00:00,3,D1,0.26424436594104156,LightGBM__Top15__global__default,Top15,models/644e19e22a6c2779/LightGBM__Top15__global__default__global__all_history.joblib
turbine_1,2026-02-06 19:00:00+00:00,2026-02-06 23:00:00+00:00,4,D1,0.2691635445884142,LightGBM__Top15__global__default,Top15,models/644e19e22a6c2779/LightGBM__Top15__global__default__global__all_history.joblib
turbine_2,2026-02-06 19:00:00+00:00,2026-02-06 23:00:00+00:00,4,D1,0.2691061047390062,LightGBM__Top15__global__default,Top15,models/644e19e22a6c2779/LightGBM__Top15__global__default__global__all_history.joblib
turbine_1,2026-02-06 19:00:00+00:00,2026-02-07 00:00:00+00:00,5,D1,0.05976187195049556,LightGBM__Top15__global__default,Top15,models/644e19e22a6c2779/LightGBM__Top15__global__default__global__all_history.joblib
turbine_2,2026-02-06 19:00:00+00:00,2026-02-07 00:00:00+00:00,5,D1,0.06119123306105826,LightGBM__Top15__global__default,Top15,models/644e19e22a6c2779/LightGBM__Top15__global__default__global__all_history.joblib
turbine_1,2026-02-06 19:00:00+00:00,2026-02-07 01:00:00+00:00,6,D1,0.02660045497049534,LightGBM__Top15__global__default,Top15,models/644e19e22a6c2779/LightGBM__Top15__global__default__global__all_history.joblib
turbine_2,2026-02-06 19:00:00+00:00,2026-02-07 01:00:00+00:00,6,D1,0.02548004494506046,LightGBM__Top15__global__default,Top15,models/644e19e22a6c2779/LightGBM__Top15__global__default__global__all_history.joblib
turbine_1,2026-02-06 19:00:00+00:00,2026-02-07 02:00:00+00:00,7,D1,0.01677318143685305,LightGBM__Top15__global__default,Top15,models/644e19e22a6c2779/LightGBM__Top15__global__default__global__all_history.joblib
turbine_2,2026-02-06 19:00:00+00:00,2026-02-07 02:00:00+00:00,7,D1,0.0163214376529008,LightGBM__Top15__global__default,Top15,models/644e19e22a6c2779/LightGBM__Top15__global__default__global__all_history.joblib
turbine_1,2026-02-06 19:00:00+00:00,2026-02-07 03:00:00+00:00,8,D1,0.010246412393064841,LightGBM__Top15__global__default,Top15,models/644e19e22a6c2779/LightGBM__Top15__global__default__global__all_history.joblib
turbine_2,2026-02-06 19:00:00+00:00,2026-02-07 03:00:00+00:00,8,D1,0.010176998491709402,LightGBM__Top15__global__default,Top15,models/644e19e22a6c2779/LightGBM__Top15__global__default__global__all_history.joblib
turbine_1,2026-02-06 19:00:00+00:00,2026-02-07 04:00:00+00:00,9,D1,0.013099082476970815,LightGBM__Top15__global__default,Top15,models/644e19e22a6c2779/LightGBM__Top15__global__default__global__all_history.joblib
turbine_2,2026-02-06 19:00:00+00:00,2026-02-07 04:00:00+00:00,9,D1,0.01253384852239461,LightGBM__Top15__global__default,Top15,models/644e19e22a6c2779/LightGBM__Top15__global__default__global__all_history.joblib
turbine_1,2026-02-06 19:00:00+00:00,2026-02-07 05:00:00+00:00,10,D1,0.11982670970243804,LightGBM__Top15__global__default,Top15,models/644e19e22a6c2779/LightGBM__Top15__global__default__global__all_history.joblib
turbine_2,2026-02-06 19:00:00+00:00,2026-02-07 05:00:00+00:00,10,D1,0.11957421259885224,LightGBM__Top15__global__default,Top15,models/644e19e22a6c2779/LightGBM__Top15__global__default__global__all_history.joblib
turbine_1,2026-02-06 19:00:00+00:00,2026-02-07 06:00:00+00:00,11,D1,0.2587672555890448,LightGBM__Top15__global__default,Top15,models/644e19e22a6c2779/LightGBM__Top15__global__default__global__all_history.joblib
turbine_2,2026-02-06 19:00:00+00:00,2026-02-07 06:00:00+00:00,11,D1,0.2585147584854591,LightGBM__Top15__global__default,Top15,models/644e19e22a6c2779/LightGBM__Top15__global__default__global__all_history.joblib
turbine_1,2026-02-06 19:00:00+00:00,2026-02-07 07:00:00+00:00,12,D1,0.34778343272299866,LightGBM__Top15__global__default,Top15,models/644e19e22a6c2779/LightGBM__Top15__global__default__global__all_history.joblib
turbine_2,2026-02-06 19:00:00+00:00,2026-02-07 07:00:00+00:00,12,D1,0.34753093561941295,LightGBM__Top15__global__default,Top15,models/644e19e22a6c2779/LightGBM__Top15__global__default__global__all_history.joblib
turbine_1,2026-02-06 19:00:00+00:00,2026-02-07 08:00:00+00:00,13,D1,0.3250225472265201,LightGBM__Top15__global__default,Top15,models/644e19e22a6c2779/LightGBM__Top15__global__default__global__all_history.joblib
turbine_2,2026-02-06 19:00:00+00:00,2026-02-07 08:00:00+00:00,13,D1,0.32477005012293436,LightGBM__Top15__global__default,Top15,models/644e19e22a6c2779/LightGBM__Top15__global__default__global__all_history.joblib
turbine_1,2026-02-06 19:00:00+00:00,2026-02-07 09:00:00+00:00,14,D1,0.14196296625734756,LightGBM__Top15__global__default,Top15,models/644e19e22a6c2779/LightGBM__Top15__global__default__global__all_history.joblib
turbine_2,2026-02-06 19:00:00+00:00,2026-02-07 09:00:00+00:00,14,D1,0.1514845205794267,LightGBM__Top15__global__default,Top15,models/644e19e22a6c2779/LightGBM__Top15__global__default__global__all_history.joblib
turbine_1,2026-02-06 19:00:00+00:00,2026-02-07 10:00:00+00:00,15,D1,0.11732145735721129,LightGBM__Top15__global__default,Top15,models/644e19e22a6c2779/LightGBM__Top15__global__default__global__all_history.joblib
turbine_2,2026-02-06 19:00:00+00:00,2026-02-07 10:00:00+00:00,15,D1,0.11612792032632628,LightGBM__Top15__global__default,Top15,models/644e19e22a6c2779/LightGBM__Top15__global__default__global__all_history.joblib
turbine_1,2026-02-06 19:00:00+00:00,2026-02-07 11:00:00+00:00,16,D1,0.023291263693910675,LightGBM__Top15__global__default,Top15,models/644e19e22a6c2779/LightGBM__Top15__global__default__global__all_history.joblib
turbine_2,2026-02-06 19:00:00+00:00,2026-02-07 11:00:00+00:00,16,D1,0.021803892281348807,LightGBM__Top15__global__default,Top15,models/644e19e22a6c2779/LightGBM__Top15__global__default__global__all_history.joblib
turbine_1,2026-02-06 19:00:00+00:00,2026-02-07 12:00:00+00:00,17,D1,0.045758445900254574,LightGBM__Top15__global__default,Top15,models/644e19e22a6c2779/LightGBM__Top15__global__default__global__all_history.joblib
turbine_2,2026-02-06 19:00:00+00:00,2026-02-07 12:00:00+00:00,17,D1,0.045491718027052666,LightGBM__Top15__global__default,Top15,models/644e19e22a6c2779/LightGBM__Top15__global__default__global__all_history.joblib
turbine_1,2026-02-06 19:00:00+00:00,2026-02-07 13:00:00+00:00,18,D1,0.10764132973641458,LightGBM__Top15__global__default,Top15,models/644e19e22a6c2779/LightGBM__Top15__global__default__global__all_history.joblib
turbine_2,2026-02-06 19:00:00+00:00,2026-02-07 13:00:00+00:00,18,D1,0.10756965911739041,LightGBM__Top15__global__default,Top15,models/644e19e22a6c2779/LightGBM__Top15__global__default__global__all_history.joblib
turbine_1,2026-02-06 19:00:00+00:00,2026-02-07 14:00:00+00:00,19,D1,0.2827275351537887,LightGBM__Top15__global__default,Top15,models/644e19e22a6c2779/LightGBM__Top15__global__default__global__all_history.joblib
turbine_2,2026-02-06 19:00:00+00:00,2026-02-07 14:00:00+00:00,19,D1,0.2826558645347646,LightGBM__Top15__global__default,Top15,models/644e19e22a6c2779/LightGBM__Top15__global__default__global__all_history.joblib
turbine_1,2026-02-06 19:00:00+00:00,2026-02-07 15:00:00+00:00,20,D1,0.5104514899924492,LightGBM__Top15__global__default,Top15,models/644e19e22a6c2779/LightGBM__Top15__global__default__global__all_history.joblib
turbine_2,2026-02-06 19:00:00+00:00,2026-02-07 15:00:00+00:00,20,D1,0.5103940501430408,LightGBM__Top15__global__default,Top15,models/644e19e22a6c2779/LightGBM__Top15__global__default__global__all_history.joblib
turbine_1,2026-02-06 19:00:00+00:00,2026-02-07 16:00:00+00:00,21,D1,0.7738703904327118,LightGBM__Top15__global__default,Top15,models/644e19e22a6c2779/LightGBM__Top15__global__default__global__all_history.joblib
turbine_2,2026-02-06 19:00:00+00:00,2026-02-07 16:00:00+00:00,21,D1,0.7739847276326776,LightGBM__Top15__global__default,Top15,models/644e19e22a6c2779/LightGBM__Top15__global__default__global__all_history.joblib
turbine_1,2026-02-06 19:00:00+00:00,2026-02-07 17:00:00+00:00,22,D1,0.9411551746068226,LightGBM__Top15__global__default,Top15,models/644e19e22a6c2779/LightGBM__Top15__global__default__global__all_history.joblib
turbine_2,2026-02-06 19:00:00+00:00,2026-02-07 17:00:00+00:00,22,D1,0.9412695118067884,LightGBM__Top15__global__default,Top15,models/644e19e22a6c2779/LightGBM__Top15__global__default__global__all_history.joblib
turbine_1,2026-02-06 19:00:00+00:00,2026-02-07 18:00:00+00:00,23,D1,0.9831680367356086,LightGBM__Top15__global__default,Top15,models/644e19e22a6c2779/LightGBM__Top15__global__default__global__all_history.joblib
turbine_2,2026-02-06 19:00:00+00:00,2026-02-07 18:00:00+00:00,23,D1,0.9751762160697087,LightGBM__Top15__global__default,Top15,models/644e19e22a6c2779/LightGBM__Top15__global__default__global__all_history.joblib
turbine_1,2026-02-06 19:00:00+00:00,2026-02-07 19:00:00+00:00,24,D1,0.983923307664329,LightGBM__Top15__global__default,Top15,models/644e19e22a6c2779/LightGBM__Top15__global__default__global__all_history.joblib
turbine_2,2026-02-06 19:00:00+00:00,2026-02-07 19:00:00+00:00,24,D1,0.974494240297667,LightGBM__Top15__global__default,Top15,models/644e19e22a6c2779/LightGBM__Top15__global__default__global__all_history.joblib
turbine_1,2026-02-06 19:00:00+00:00,2026-02-07 20:00:00+00:00,25,D2,0.767024243932955,LightGBM__Top15__global__default,Top15,models/644e19e22a6c2779/LightGBM__Top15__global__default__global__all_history.joblib
turbine_2,2026-02-06 19:00:00+00:00,2026-02-07 20:00:00+00:00,25,D2,0.7671385811329208,LightGBM__Top15__global__default,Top15,models/644e19e22a6c2779/LightGBM__Top15__global__default__global__all_history.joblib
turbine_1,2026-02-06 19:00:00+00:00,2026-02-07 21:00:00+00:00,26,D2,0.8628258793963575,LightGBM__Top15__global__default,Top15,models/644e19e22a6c2779/LightGBM__Top15__global__default__global__all_history.joblib
turbine_2,2026-02-06 19:00:00+00:00,2026-02-07 21:00:00+00:00,26,D2,0.8629402165963233,LightGBM__Top15__global__default,Top15,models/644e19e22a6c2779/LightGBM__Top15__global__default__global__all_history.joblib
turbine_1,2026-02-06 19:00:00+00:00,2026-02-07 22:00:00+00:00,27,D2,0.7966224680642966,LightGBM__Top15__global__default,Top15,models/644e19e22a6c2779/LightGBM__Top15__global__default__global__all_history.joblib
turbine_2,2026-02-06 19:00:00+00:00,2026-02-07 22:00:00+00:00,27,D2,0.7967368052642624,LightGBM__Top15__global__default,Top15,models/644e19e22a6c2779/LightGBM__Top15__global__default__global__all_history.joblib
turbine_1,2026-02-06 19:00:00+00:00,2026-02-07 23:00:00+00:00,28,D2,0.7048706307193624,LightGBM__Top15__global__default,Top15,models/644e19e22a6c2779/LightGBM__Top15__global__default__global__all_history.joblib
turbine_2,2026-02-06 19:00:00+00:00,2026-02-07 23:00:00+00:00,28,D2,0.7049849679193282,LightGBM__Top15__global__default,Top15,models/644e19e22a6c2779/LightGBM__Top15__global__default__global__all_history.joblib
turbine_1,2026-02-06 19:00:00+00:00,2026-02-08 00:00:00+00:00,29,D2,0.7064058774462234,LightGBM__Top15__global__default,Top15,models/644e19e22a6c2779/LightGBM__Top15__global__default__global__all_history.joblib
turbine_2,2026-02-06 19:00:00+00:00,2026-02-08 00:00:00+00:00,29,D2,0.7065202146461892,LightGBM__Top15__global__default,Top15,models/644e19e22a6c2779/LightGBM__Top15__global__default__global__all_history.joblib
turbine_1,2026-02-06 19:00:00+00:00,2026-02-08 01:00:00+00:00,30,D2,0.6268581561333799,LightGBM__Top15__global__default,Top15,models/644e19e22a6c2779/LightGBM__Top15__global__default__global__all_history.joblib
turbine_2,2026-02-06 19:00:00+00:00,2026-02-08 01:00:00+00:00,30,D2,0.6268007162839716,LightGBM__Top15__global__default,Top15,models/644e19e22a6c2779/LightGBM__Top15__global__default__global__all_history.joblib
turbine_1,2026-02-06 19:00:00+00:00,2026-02-08 02:00:00+00:00,31,D2,0.5021399919899647,LightGBM__Top15__global__default,Top15,models/644e19e22a6c2779/LightGBM__Top15__global__default__global__all_history.joblib
turbine_2,2026-02-06 19:00:00+00:00,2026-02-08 02:00:00+00:00,31,D2,0.5020825521405564,LightGBM__Top15__global__default,Top15,models/644e19e22a6c2779/LightGBM__Top15__global__default__global__all_history.joblib
turbine_1,2026-02-06 19:00:00+00:00,2026-02-08 03:00:00+00:00,32,D2,0.3799083217474002,LightGBM__Top15__global__default,Top15,models/644e19e22a6c2779/LightGBM__Top15__global__default__global__all_history.joblib
turbine_2,2026-02-06 19:00:00+00:00,2026-02-08 03:00:00+00:00,32,D2,0.3798508818979922,LightGBM__Top15__global__default,Top15,models/644e19e22a6c2779/LightGBM__Top15__global__default__global__all_history.joblib
turbine_1,2026-02-06 19:00:00+00:00,2026-02-08 04:00:00+00:00,33,D2,0.17879663271563317,LightGBM__Top15__global__default,Top15,models/644e19e22a6c2779/LightGBM__Top15__global__default__global__all_history.joblib
turbine_2,2026-02-06 19:00:00+00:00,2026-02-08 04:00:00+00:00,33,D2,0.17873919286622517,LightGBM__Top15__global__default,Top15,models/644e19e22a6c2779/LightGBM__Top15__global__default__global__all_history.joblib
turbine_1,2026-02-06 19:00:00+00:00,2026-02-08 05:00:00+00:00,34,D2,0.10874737594670968,LightGBM__Top15__global__default,Top15,models/644e19e22a6c2779/LightGBM__Top15__global__default__global__all_history.joblib
turbine_2,2026-02-06 19:00:00+00:00,2026-02-08 05:00:00+00:00,34,D2,0.10849487884312388,LightGBM__Top15__global__default,Top15,models/644e19e22a6c2779/LightGBM__Top15__global__default__global__all_history.joblib
turbine_1,2026-02-06 19:00:00+00:00,2026-02-08 06:00:00+00:00,35,D2,0.012656921146281535,LightGBM__Top15__global__default,Top15,models/644e19e22a6c2779/LightGBM__Top15__global__default__global__all_history.joblib
turbine_2,2026-02-06 19:00:00+00:00,2026-02-08 06:00:00+00:00,35,D2,0.010936309861004172,LightGBM__Top15__global__default,Top15,models/644e19e22a6c2779/LightGBM__Top15__global__default__global__all_history.joblib
turbine_1,2026-02-06 19:00:00+00:00,2026-02-08 07:00:00+00:00,36,D2,0.010387517273859411,LightGBM__Top15__global__default,Top15,models/644e19e22a6c2779/LightGBM__Top15__global__default__global__all_history.joblib
turbine_2,2026-02-06 19:00:00+00:00,2026-02-08 07:00:00+00:00,36,D2,0.010068615400904118,LightGBM__Top15__global__default,Top15,models/644e19e22a6c2779/LightGBM__Top15__global__default__global__all_history.joblib
turbine_1,2026-02-06 19:00:00+00:00,2026-02-08 08:00:00+00:00,37,D2,0.011611701771739008,LightGBM__Top15__global__default,Top15,models/644e19e22a6c2779/LightGBM__Top15__global__default__global__all_history.joblib
turbine_2,2026-02-06 19:00:00+00:00,2026-02-08 08:00:00+00:00,37,D2,0.01074998063804211,LightGBM__Top15__global__default,Top15,models/644e19e22a6c2779/LightGBM__Top15__global__default__global__all_history.joblib
turbine_1,2026-02-06 19:00:00+00:00,2026-02-08 09:00:00+00:00,38,D2,0.053002449050231874,LightGBM__Top15__global__default,Top15,models/644e19e22a6c2779/LightGBM__Top15__global__default__global__all_history.joblib
turbine_2,2026-02-06 19:00:00+00:00,2026-02-08 09:00:00+00:00,38,D2,0.05182314278896295,LightGBM__Top15__global__default,Top15,models/644e19e22a6c2779/LightGBM__Top15__global__default__global__all_history.joblib
turbine_1,2026-02-06 19:00:00+00:00,2026-02-08 10:00:00+00:00,39,D2,0.40183633092914844,LightGBM__Top15__global__default,Top15,models/644e19e22a6c2779/LightGBM__Top15__global__default__global__all_history.joblib
turbine_2,2026-02-06 19:00:00+00:00,2026-02-08 10:00:00+00:00,39,D2,0.40158383382556273,LightGBM__Top15__global__default,Top15,models/644e19e22a6c2779/LightGBM__Top15__global__default__global__all_history.joblib
turbine_1,2026-02-06 19:00:00+00:00,2026-02-08 11:00:00+00:00,40,D2,0.9851056535064757,LightGBM__Top15__global__default,Top15,models/644e19e22a6c2779/LightGBM__Top15__global__default__global__all_history.joblib
turbine_2,2026-02-06 19:00:00+00:00,2026-02-08 11:00:00+00:00,40,D2,0.9848531564028896,LightGBM__Top15__global__default,Top15,models/644e19e22a6c2779/LightGBM__Top15__global__default__global__all_history.joblib
turbine_1,2026-02-06 19:00:00+00:00,2026-02-08 12:00:00+00:00,41,D2,0.9881374410222127,LightGBM__Top15__global__default,Top15,models/644e19e22a6c2779/LightGBM__Top15__global__default__global__all_history.joblib
turbine_2,2026-02-06 19:00:00+00:00,2026-02-08 12:00:00+00:00,41,D2,0.976257898243199,LightGBM__Top15__global__default,Top15,models/644e19e22a6c2779/LightGBM__Top15__global__default__global__all_history.joblib
turbine_1,2026-02-06 19:00:00+00:00,2026-02-08 13:00:00+00:00,42,D2,0.9895286115892565,LightGBM__Top15__global__default,Top15,models/644e19e22a6c2779/LightGBM__Top15__global__default__global__all_history.joblib
turbine_2,2026-02-06 19:00:00+00:00,2026-02-08 13:00:00+00:00,42,D2,0.9772689256048632,LightGBM__Top15__global__default,Top15,models/644e19e22a6c2779/LightGBM__Top15__global__default__global__all_history.joblib
turbine_1,2026-02-06 19:00:00+00:00,2026-02-08 14:00:00+00:00,43,D2,0.9895182842074064,LightGBM__Top15__global__default,Top15,models/644e19e22a6c2779/LightGBM__Top15__global__default__global__all_history.joblib
turbine_2,2026-02-06 19:00:00+00:00,2026-02-08 14:00:00+00:00,43,D2,0.9771024186720201,LightGBM__Top15__global__default,Top15,models/644e19e22a6c2779/LightGBM__Top15__global__default__global__all_history.joblib
turbine_1,2026-02-06 19:00:00+00:00,2026-02-08 15:00:00+00:00,44,D2,0.9893260296542079,LightGBM__Top15__global__default,Top15,models/644e19e22a6c2779/LightGBM__Top15__global__default__global__all_history.joblib
turbine_2,2026-02-06 19:00:00+00:00,2026-02-08 15:00:00+00:00,44,D2,0.9771906019708265,LightGBM__Top15__global__default,Top15,models/644e19e22a6c2779/LightGBM__Top15__global__default__global__all_history.joblib
turbine_1,2026-02-06 19:00:00+00:00,2026-02-08 16:00:00+00:00,45,D2,0.9893047803563799,LightGBM__Top15__global__default,Top15,models/644e19e22a6c2779/LightGBM__Top15__global__default__global__all_history.joblib
turbine_2,2026-02-06 19:00:00+00:00,2026-02-08 16:00:00+00:00,45,D2,0.976092391557505,LightGBM__Top15__global__default,Top15,models/644e19e22a6c2779/LightGBM__Top15__global__default__global__all_history.joblib
turbine_1,2026-02-06 19:00:00+00:00,2026-02-08 17:00:00+00:00,46,D2,0.9893047803563799,LightGBM__Top15__global__default,Top15,models/644e19e22a6c2779/LightGBM__Top15__global__default__global__all_history.joblib
turbine_2,2026-02-06 19:00:00+00:00,2026-02-08 17:00:00+00:00,46,D2,0.9759483277322867,LightGBM__Top15__global__default,Top15,models/644e19e22a6c2779/LightGBM__Top15__global__default__global__all_history.joblib
turbine_1,2026-02-06 19:00:00+00:00,2026-02-08 18:00:00+00:00,47,D2,0.9893047803563799,LightGBM__Top15__global__default,Top15,models/644e19e22a6c2779/LightGBM__Top15__global__default__global__all_history.joblib
turbine_2,2026-02-06 19:00:00+00:00,2026-02-08 18:00:00+00:00,47,D2,0.976092391557505,LightGBM__Top15__global__default,Top15,models/644e19e22a6c2779/LightGBM__Top15__global__default__global__all_history.joblib
turbine_1,2026-02-06 19:00:00+00:00,2026-02-08 19:00:00+00:00,48,D2,0.9893047803563799,LightGBM__Top15__global__default,Top15,models/644e19e22a6c2779/LightGBM__Top15__global__default__global__all_history.joblib
turbine_2,2026-02-06 19:00:00+00:00,2026-02-08 19:00:00+00:00,48,D2,0.976092391557505,LightGBM__Top15__global__default,Top15,models/644e19e22a6c2779/LightGBM__Top15__global__default__global__all_history.joblib
turbine_1,2026-02-07 19:00:00+00:00,2026-02-07 20:00:00+00:00,1,D1,0.9843977769971838,LightGBM__Top15__global__default,Top15,models/644e19e22a6c2779/LightGBM__Top15__global__default__global__all_history.joblib
turbine_2,2026-02-07 19:00:00+00:00,2026-02-07 20:00:00+00:00,1,D1,0.9791034623160998,LightGBM__Top15__global__default,Top15,models/644e19e22a6c2779/LightGBM__Top15__global__default__global__all_history.joblib
turbine_1,2026-02-07 19:00:00+00:00,2026-02-07 21:00:00+00:00,2,D1,0.9703969014139919,LightGBM__Top15__global__default,Top15,models/644e19e22a6c2779/LightGBM__Top15__global__default__global__all_history.joblib
turbine_2,2026-02-07 19:00:00+00:00,2026-02-07 21:00:00+00:00,2,D1,0.9669612075017051,LightGBM__Top15__global__default,Top15,models/644e19e22a6c2779/LightGBM__Top15__global__default__global__all_history.joblib
turbine_1,2026-02-07 19:00:00+00:00,2026-02-07 22:00:00+00:00,3,D1,0.8726245296768673,LightGBM__Top15__global__default,Top15,models/644e19e22a6c2779/LightGBM__Top15__global__default__global__all_history.joblib
turbine_2,2026-02-07 19:00:00+00:00,2026-02-07 22:00:00+00:00,3,D1,0.8727388668768331,LightGBM__Top15__global__default,Top15,models/644e19e22a6c2779/LightGBM__Top15__global__default__global__all_history.joblib
turbine_1,2026-02-07 19:00:00+00:00,2026-02-07 23:00:00+00:00,4,D1,0.7425553354693518,LightGBM__Top15__global__default,Top15,models/644e19e22a6c2779/LightGBM__Top15__global__default__global__all_history.joblib
turbine_2,2026-02-07 19:00:00+00:00,2026-02-07 23:00:00+00:00,4,D1,0.7426696726693176,LightGBM__Top15__global__default,Top15,models/644e19e22a6c2779/LightGBM__Top15__global__default__global__all_history.joblib
turbine_1,2026-02-07 19:00:00+00:00,2026-02-08 00:00:00+00:00,5,D1,0.6818419891173395,LightGBM__Top15__global__default,Top15,models/644e19e22a6c2779/LightGBM__Top15__global__default__global__all_history.joblib
turbine_2,2026-02-07 19:00:00+00:00,2026-02-08 00:00:00+00:00,5,D1,0.6819563263173053,LightGBM__Top15__global__default,Top15,models/644e19e22a6c2779/LightGBM__Top15__global__default__global__all_history.joblib
turbine_1,2026-02-07 19:00:00+00:00,2026-02-08 01:00:00+00:00,6,D1,0.5028508629466182,LightGBM__Top15__global__default,Top15,models/644e19e22a6c2779/LightGBM__Top15__global__default__global__all_history.joblib
turbine_2,2026-02-07 19:00:00+00:00,2026-02-08 01:00:00+00:00,6,D1,0.5027934230972099,LightGBM__Top15__global__default,Top15,models/644e19e22a6c2779/LightGBM__Top15__global__default__global__all_history.joblib
turbine_1,2026-02-07 19:00:00+00:00,2026-02-08 02:00:00+00:00,7,D1,0.38711911480498234,LightGBM__Top15__global__default,Top15,models/644e19e22a6c2779/LightGBM__Top15__global__default__global__all_history.joblib
turbine_2,2026-02-07 19:00:00+00:00,2026-02-08 02:00:00+00:00,7,D1,0.38706167495557436,LightGBM__Top15__global__default,Top15,models/644e19e22a6c2779/LightGBM__Top15__global__default__global__all_history.joblib
turbine_1,2026-02-07 19:00:00+00:00,2026-02-08 03:00:00+00:00,8,D1,0.23275461289826638,LightGBM__Top15__global__default,Top15,models/644e19e22a6c2779/LightGBM__Top15__global__default__global__all_history.joblib
turbine_2,2026-02-07 19:00:00+00:00,2026-02-08 03:00:00+00:00,8,D1,0.2317703638911752,LightGBM__Top15__global__default,Top15,models/644e19e22a6c2779/LightGBM__Top15__global__default__global__all_history.joblib
turbine_1,2026-02-07 19:00:00+00:00,2026-02-08 04:00:00+00:00,9,D1,0.11825883437188023,LightGBM__Top15__global__default,Top15,models/644e19e22a6c2779/LightGBM__Top15__global__default__global__all_history.joblib
turbine_2,2026-02-07 19:00:00+00:00,2026-02-08 04:00:00+00:00,9,D1,0.1167531431821698,LightGBM__Top15__global__default,Top15,models/644e19e22a6c2779/LightGBM__Top15__global__default__global__all_history.joblib
turbine_1,2026-02-07 19:00:00+00:00,2026-02-08 05:00:00+00:00,10,D1,0.05621720622451365,LightGBM__Top15__global__default,Top15,models/644e19e22a6c2779/LightGBM__Top15__global__default__global__all_history.joblib
turbine_2,2026-02-07 19:00:00+00:00,2026-02-08 05:00:00+00:00,10,D1,0.05493428949166573,LightGBM__Top15__global__default,Top15,models/644e19e22a6c2779/LightGBM__Top15__global__default__global__all_history.joblib
turbine_1,2026-02-07 19:00:00+00:00,2026-02-08 06:00:00+00:00,11,D1,0.011609993156253993,LightGBM__Top15__global__default,Top15,models/644e19e22a6c2779/LightGBM__Top15__global__default__global__all_history.joblib
turbine_2,2026-02-07 19:00:00+00:00,2026-02-08 06:00:00+00:00,11,D1,0.01099574266488869,LightGBM__Top15__global__default,Top15,models/644e19e22a6c2779/LightGBM__Top15__global__default__global__all_history.joblib
turbine_1,2026-02-07 19:00:00+00:00,2026-02-08 07:00:00+00:00,12,D1,0.010053023057037406,LightGBM__Top15__global__default,Top15,models/644e19e22a6c2779/LightGBM__Top15__global__default__global__all_history.joblib
turbine_2,2026-02-07 19:00:00+00:00,2026-02-08 07:00:00+00:00,12,D1,0.01001139501735054,LightGBM__Top15__global__default,Top15,models/644e19e22a6c2779/LightGBM__Top15__global__default__global__all_history.joblib
turbine_1,2026-02-07 19:00:00+00:00,2026-02-08 08:00:00+00:00,13,D1,0.014666826805366882,LightGBM__Top15__global__default,Top15,models/644e19e22a6c2779/LightGBM__Top15__global__default__global__all_history.joblib
turbine_2,2026-02-07 19:00:00+00:00,2026-02-08 08:00:00+00:00,13,D1,0.014199208677230499,LightGBM__Top15__global__default,Top15,models/644e19e22a6c2779/LightGBM__Top15__global__default__global__all_history.joblib
turbine_1,2026-02-07 19:00:00+00:00,2026-02-08 09:00:00+00:00,14,D1,0.09479249850994642,LightGBM__Top15__global__default,Top15,models/644e19e22a6c2779/LightGBM__Top15__global__default__global__all_history.joblib
turbine_2,2026-02-07 19:00:00+00:00,2026-02-08 09:00:00+00:00,14,D1,0.09454000140636062,LightGBM__Top15__global__default,Top15,models/644e19e22a6c2779/LightGBM__Top15__global__default__global__all_history.joblib
turbine_1,2026-02-07 19:00:00+00:00,2026-02-08 10:00:00+00:00,15,D1,0.6144714135603422,LightGBM__Top15__global__default,Top15,models/644e19e22a6c2779/LightGBM__Top15__global__default__global__all_history.joblib
turbine_2,2026-02-07 19:00:00+00:00,2026-02-08 10:00:00+00:00,15,D1,0.6142189164567561,LightGBM__Top15__global__default,Top15,models/644e19e22a6c2779/LightGBM__Top15__global__default__global__all_history.joblib
turbine_1,2026-02-07 19:00:00+00:00,2026-02-08 11:00:00+00:00,16,D1,0.956892327489587,LightGBM__Top15__global__default,Top15,models/644e19e22a6c2779/LightGBM__Top15__global__default__global__all_history.joblib
turbine_2,2026-02-07 19:00:00+00:00,2026-02-08 11:00:00+00:00,16,D1,0.9529054986539792,LightGBM__Top15__global__default,Top15,models/644e19e22a6c2779/LightGBM__Top15__global__default__global__all_history.joblib
turbine_1,2026-02-07 19:00:00+00:00,2026-02-08 12:00:00+00:00,17,D1,0.9881374410222127,LightGBM__Top15__global__default,Top15,models/644e19e22a6c2779/LightGBM__Top15__global__default__global__all_history.joblib
turbine_2,2026-02-07 19:00:00+00:00,2026-02-08 12:00:00+00:00,17,D1,0.976257898243199,LightGBM__Top15__global__default,Top15,models/644e19e22a6c2779/LightGBM__Top15__global__default__global__all_history.joblib
turbine_1,2026-02-07 19:00:00+00:00,2026-02-08 13:00:00+00:00,18,D1,0.9884878987828876,LightGBM__Top15__global__default,Top15,models/644e19e22a6c2779/LightGBM__Top15__global__default__global__all_history.joblib
turbine_2,2026-02-07 19:00:00+00:00,2026-02-08 13:00:00+00:00,18,D1,0.976228212798494,LightGBM__Top15__global__default,Top15,models/644e19e22a6c2779/LightGBM__Top15__global__default__global__all_history.joblib
turbine_1,2026-02-07 19:00:00+00:00,2026-02-08 14:00:00+00:00,19,D1,0.9883525591378023,LightGBM__Top15__global__default,Top15,models/644e19e22a6c2779/LightGBM__Top15__global__default__global__all_history.joblib
turbine_2,2026-02-07 19:00:00+00:00,2026-02-08 14:00:00+00:00,19,D1,0.9761498891644573,LightGBM__Top15__global__default,Top15,models/644e19e22a6c2779/LightGBM__Top15__global__default__global__all_history.joblib
turbine_1,2026-02-07 19:00:00+00:00,2026-02-08 15:00:00+00:00,20,D1,0.9893432974923841,LightGBM__Top15__global__default,Top15,models/644e19e22a6c2779/LightGBM__Top15__global__default__global__all_history.joblib
turbine_2,2026-02-07 19:00:00+00:00,2026-02-08 15:00:00+00:00,20,D1,0.9770465381456082,LightGBM__Top15__global__default,Top15,models/644e19e22a6c2779/LightGBM__Top15__global__default__global__all_history.joblib
turbine_1,2026-02-07 19:00:00+00:00,2026-02-08 16:00:00+00:00,21,D1,0.9893432974923841,LightGBM__Top15__global__default,Top15,models/644e19e22a6c2779/LightGBM__Top15__global__default__global__all_history.joblib
turbine_2,2026-02-07 19:00:00+00:00,2026-02-08 16:00:00+00:00,21,D1,0.9769503850830721,LightGBM__Top15__global__default,Top15,models/644e19e22a6c2779/LightGBM__Top15__global__default__global__all_history.joblib
turbine_1,2026-02-07 19:00:00+00:00,2026-02-08 17:00:00+00:00,22,D1,0.9893240404387919,LightGBM__Top15__global__default,Top15,models/644e19e22a6c2779/LightGBM__Top15__global__default__global__all_history.joblib
turbine_2,2026-02-07 19:00:00+00:00,2026-02-08 17:00:00+00:00,22,D1,0.976092391557505,LightGBM__Top15__global__default,Top15,models/644e19e22a6c2779/LightGBM__Top15__global__default__global__all_history.joblib
turbine_1,2026-02-07 19:00:00+00:00,2026-02-08 18:00:00+00:00,23,D1,0.9893047803563799,LightGBM__Top15__global__default,Top15,models/644e19e22a6c2779/LightGBM__Top15__global__default__global__all_history.joblib
turbine_2,2026-02-07 19:00:00+00:00,2026-02-08 18:00:00+00:00,23,D1,0.976092391557505,LightGBM__Top15__global__default,Top15,models/644e19e22a6c2779/LightGBM__Top15__global__default__global__all_history.joblib
turbine_1,2026-02-07 19:00:00+00:00,2026-02-08 19:00:00+00:00,24,D1,0.9893047803563799,LightGBM__Top15__global__default,Top15,models/644e19e22a6c2779/LightGBM__Top15__global__default__global__all_history.joblib
turbine_2,2026-02-07 19:00:00+00:00,2026-02-08 19:00:00+00:00,24,D1,0.976092391557505,LightGBM__Top15__global__default,Top15,models/644e19e22a6c2779/LightGBM__Top15__global__default__global__all_history.joblib
turbine_1,2026-02-07 19:00:00+00:00,2026-02-08 20:00:00+00:00,25,D2,0.9893944489009113,LightGBM__Top15__global__default,Top15,models/644e19e22a6c2779/LightGBM__Top15__global__default__global__all_history.joblib
turbine_2,2026-02-07 19:00:00+00:00,2026-02-08 20:00:00+00:00,25,D2,0.976092391557505,LightGBM__Top15__global__default,Top15,models/644e19e22a6c2779/LightGBM__Top15__global__default__global__all_history.joblib
turbine_1,2026-02-07 19:00:00+00:00,2026-02-08 21:00:00+00:00,26,D2,0.9893944489009113,LightGBM__Top15__global__default,Top15,models/644e19e22a6c2779/LightGBM__Top15__global__default__global__all_history.joblib
turbine_2,2026-02-07 19:00:00+00:00,2026-02-08 21:00:00+00:00,26,D2,0.976092391557505,LightGBM__Top15__global__default,Top15,models/644e19e22a6c2779/LightGBM__Top15__global__default__global__all_history.joblib
turbine_1,2026-02-07 19:00:00+00:00,2026-02-08 22:00:00+00:00,27,D2,0.9916774046870228,LightGBM__Top15__global__default,Top15,models/644e19e22a6c2779/LightGBM__Top15__global__default__global__all_history.joblib
turbine_2,2026-02-07 19:00:00+00:00,2026-02-08 22:00:00+00:00,27,D2,0.9800952374171931,LightGBM__Top15__global__default,Top15,models/644e19e22a6c2779/LightGBM__Top15__global__default__global__all_history.joblib
turbine_1,2026-02-07 19:00:00+00:00,2026-02-08 23:00:00+00:00,28,D2,0.9838874870821096,LightGBM__Top15__global__default,Top15,models/644e19e22a6c2779/LightGBM__Top15__global__default__global__all_history.joblib
turbine_2,2026-02-07 19:00:00+00:00,2026-02-08 23:00:00+00:00,28,D2,0.9750038840993652,LightGBM__Top15__global__default,Top15,models/644e19e22a6c2779/LightGBM__Top15__global__default__global__all_history.joblib
turbine_1,2026-02-07 19:00:00+00:00,2026-02-09 00:00:00+00:00,29,D2,0.9801249317830826,LightGBM__Top15__global__default,Top15,models/644e19e22a6c2779/LightGBM__Top15__global__default__global__all_history.joblib
turbine_2,2026-02-07 19:00:00+00:00,2026-02-09 00:00:00+00:00,29,D2,0.9722854855246033,LightGBM__Top15__global__default,Top15,models/644e19e22a6c2779/LightGBM__Top15__global__default__global__all_history.joblib
turbine_1,2026-02-07 19:00:00+00:00,2026-02-09 01:00:00+00:00,30,D2,0.9801249317830826,LightGBM__Top15__global__default,Top15,models/644e19e22a6c2779/LightGBM__Top15__global__default__global__all_history.joblib
turbine_2,2026-02-07 19:00:00+00:00,2026-02-09 01:00:00+00:00,30,D2,0.9722854855246033,LightGBM__Top15__global__default,Top15,models/644e19e22a6c2779/LightGBM__Top15__global__default__global__all_history.joblib
turbine_1,2026-02-07 19:00:00+00:00,2026-02-09 02:00:00+00:00,31,D2,0.9801249317830826,LightGBM__Top15__global__default,Top15,models/644e19e22a6c2779/LightGBM__Top15__global__default__global__all_history.joblib
turbine_2,2026-02-07 19:00:00+00:00,2026-02-09 02:00:00+00:00,31,D2,0.9722854855246033,LightGBM__Top15__global__default,Top15,models/644e19e22a6c2779/LightGBM__Top15__global__default__global__all_history.joblib
turbine_1,2026-02-07 19:00:00+00:00,2026-02-09 03:00:00+00:00,32,D2,0.9807973781130557,LightGBM__Top15__global__default,Top15,models/644e19e22a6c2779/LightGBM__Top15__global__default__global__all_history.joblib
turbine_2,2026-02-07 19:00:00+00:00,2026-02-09 03:00:00+00:00,32,D2,0.9736586216078504,LightGBM__Top15__global__default,Top15,models/644e19e22a6c2779/LightGBM__Top15__global__default__global__all_history.joblib
turbine_1,2026-02-07 19:00:00+00:00,2026-02-09 04:00:00+00:00,33,D2,0.9808146459512319,LightGBM__Top15__global__default,Top15,models/644e19e22a6c2779/LightGBM__Top15__global__default__global__all_history.joblib
turbine_2,2026-02-07 19:00:00+00:00,2026-02-09 04:00:00+00:00,33,D2,0.9734963824080856,LightGBM__Top15__global__default,Top15,models/644e19e22a6c2779/LightGBM__Top15__global__default__global__all_history.joblib
turbine_1,2026-02-07 19:00:00+00:00,2026-02-09 05:00:00+00:00,34,D2,0.9760939522691552,LightGBM__Top15__global__default,Top15,models/644e19e22a6c2779/LightGBM__Top15__global__default__global__all_history.joblib
turbine_2,2026-02-07 19:00:00+00:00,2026-02-09 05:00:00+00:00,34,D2,0.9741692377977249,LightGBM__Top15__global__default,Top15,models/644e19e22a6c2779/LightGBM__Top15__global__default__global__all_history.joblib
turbine_1,2026-02-07 19:00:00+00:00,2026-02-09 06:00:00+00:00,35,D2,0.9760939522691552,LightGBM__Top15__global__default,Top15,models/644e19e22a6c2779/LightGBM__Top15__global__default__global__all_history.joblib
turbine_2,2026-02-07 19:00:00+00:00,2026-02-09 06:00:00+00:00,35,D2,0.9741692377977249,LightGBM__Top15__global__default,Top15,models/644e19e22a6c2779/LightGBM__Top15__global__default__global__all_history.joblib
turbine_1,2026-02-07 19:00:00+00:00,2026-02-09 07:00:00+00:00,36,D2,0.9751955479880454,LightGBM__Top15__global__default,Top15,models/644e19e22a6c2779/LightGBM__Top15__global__default__global__all_history.joblib
turbine_2,2026-02-07 19:00:00+00:00,2026-02-09 07:00:00+00:00,36,D2,0.9727315236284695,LightGBM__Top15__global__default,Top15,models/644e19e22a6c2779/LightGBM__Top15__global__default__global__all_history.joblib
turbine_1,2026-02-07 19:00:00+00:00,2026-02-09 08:00:00+00:00,37,D2,0.9681541540527592,LightGBM__Top15__global__default,Top15,models/644e19e22a6c2779/LightGBM__Top15__global__default__global__all_history.joblib
turbine_2,2026-02-07 19:00:00+00:00,2026-02-09 08:00:00+00:00,37,D2,0.9669448799715727,LightGBM__Top15__global__default,Top15,models/644e19e22a6c2779/LightGBM__Top15__global__default__global__all_history.joblib
turbine_1,2026-02-07 19:00:00+00:00,2026-02-09 09:00:00+00:00,38,D2,0.968424482759053,LightGBM__Top15__global__default,Top15,models/644e19e22a6c2779/LightGBM__Top15__global__default__global__all_history.joblib
turbine_2,2026-02-07 19:00:00+00:00,2026-02-09 09:00:00+00:00,38,D2,0.9667079492082216,LightGBM__Top15__global__default,Top15,models/644e19e22a6c2779/LightGBM__Top15__global__default__global__all_history.joblib
turbine_1,2026-02-07 19:00:00+00:00,2026-02-09 10:00:00+00:00,39,D2,0.9549376494359585,LightGBM__Top15__global__default,Top15,models/644e19e22a6c2779/LightGBM__Top15__global__default__global__all_history.joblib
turbine_2,2026-02-07 19:00:00+00:00,2026-02-09 10:00:00+00:00,39,D2,0.962458875379282,LightGBM__Top15__global__default,Top15,models/644e19e22a6c2779/LightGBM__Top15__global__default__global__all_history.joblib
turbine_1,2026-02-07 19:00:00+00:00,2026-02-09 11:00:00+00:00,40,D2,0.9515880772454297,LightGBM__Top15__global__default,Top15,models/644e19e22a6c2779/LightGBM__Top15__global__default__global__all_history.joblib
turbine_2,2026-02-07 19:00:00+00:00,2026-02-09 11:00:00+00:00,40,D2,0.9504912855895244,LightGBM__Top15__global__default,Top15,models/644e19e22a6c2779/LightGBM__Top15__global__default__global__all_history.joblib
turbine_1,2026-02-07 19:00:00+00:00,2026-02-09 12:00:00+00:00,41,D2,0.9533647161478122,LightGBM__Top15__global__default,Top15,models/644e19e22a6c2779/LightGBM__Top15__global__default__global__all_history.joblib
turbine_2,2026-02-07 19:00:00+00:00,2026-02-09 12:00:00+00:00,41,D2,0.9535883156049794,LightGBM__Top15__global__default,Top15,models/644e19e22a6c2779/LightGBM__Top15__global__default__global__all_history.joblib
turbine_1,2026-02-07 19:00:00+00:00,2026-02-09 13:00:00+00:00,42,D2,0.7663956874898994,LightGBM__Top15__global__default,Top15,models/644e19e22a6c2779/LightGBM__Top15__global__default__global__all_history.joblib
turbine_2,2026-02-07 19:00:00+00:00,2026-02-09 13:00:00+00:00,42,D2,0.765496272300234,LightGBM__Top15__global__default,Top15,models/644e19e22a6c2779/LightGBM__Top15__global__default__global__all_history.joblib
turbine_1,2026-02-07 19:00:00+00:00,2026-02-09 14:00:00+00:00,43,D2,0.7832207307759663,LightGBM__Top15__global__default,Top15,models/644e19e22a6c2779/LightGBM__Top15__global__default__global__all_history.joblib
turbine_2,2026-02-07 19:00:00+00:00,2026-02-09 14:00:00+00:00,43,D2,0.7828471565873747,LightGBM__Top15__global__default,Top15,models/644e19e22a6c2779/LightGBM__Top15__global__default__global__all_history.joblib
turbine_1,2026-02-07 19:00:00+00:00,2026-02-09 15:00:00+00:00,44,D2,0.5871646964216164,LightGBM__Top15__global__default,Top15,models/644e19e22a6c2779/LightGBM__Top15__global__default__global__all_history.joblib
turbine_2,2026-02-07 19:00:00+00:00,2026-02-09 15:00:00+00:00,44,D2,0.5811231185523618,LightGBM__Top15__global__default,Top15,models/644e19e22a6c2779/LightGBM__Top15__global__default__global__all_history.joblib
turbine_1,2026-02-07 19:00:00+00:00,2026-02-09 16:00:00+00:00,45,D2,0.3211609239483835,LightGBM__Top15__global__default,Top15,models/644e19e22a6c2779/LightGBM__Top15__global__default__global__all_history.joblib
turbine_2,2026-02-07 19:00:00+00:00,2026-02-09 16:00:00+00:00,45,D2,0.31306879971371904,LightGBM__Top15__global__default,Top15,models/644e19e22a6c2779/LightGBM__Top15__global__default__global__all_history.joblib
turbine_1,2026-02-07 19:00:00+00:00,2026-02-09 17:00:00+00:00,46,D2,0.16157402690254644,LightGBM__Top15__global__default,Top15,models/644e19e22a6c2779/LightGBM__Top15__global__default__global__all_history.joblib
turbine_2,2026-02-07 19:00:00+00:00,2026-02-09 17:00:00+00:00,46,D2,0.1550419058822688,LightGBM__Top15__global__default,Top15,models/644e19e22a6c2779/LightGBM__Top15__global__default__global__all_history.joblib
turbine_1,2026-02-07 19:00:00+00:00,2026-02-09 18:00:00+00:00,47,D2,0.12057325539352584,LightGBM__Top15__global__default,Top15,models/644e19e22a6c2779/LightGBM__Top15__global__default__global__all_history.joblib
turbine_2,2026-02-07 19:00:00+00:00,2026-02-09 18:00:00+00:00,47,D2,0.11820745177459244,LightGBM__Top15__global__default,Top15,models/644e19e22a6c2779/LightGBM__Top15__global__default__global__all_history.joblib
turbine_1,2026-02-07 19:00:00+00:00,2026-02-09 19:00:00+00:00,48,D2,0.22201780376302704,LightGBM__Top15__global__default,Top15,models/644e19e22a6c2779/LightGBM__Top15__global__default__global__all_history.joblib
turbine_2,2026-02-07 19:00:00+00:00,2026-02-09 19:00:00+00:00,48,D2,0.21480077930840852,LightGBM__Top15__global__default,Top15,models/644e19e22a6c2779/LightGBM__Top15__global__default__global__all_history.joblib
turbine_1,2026-02-08 19:00:00+00:00,2026-02-08 20:00:00+00:00,1,D1,0.9893944489009113,LightGBM__Top15__global__default,Top15,models/644e19e22a6c2779/LightGBM__Top15__global__default__global__all_history.joblib
turbine_2,2026-02-08 19:00:00+00:00,2026-02-08 20:00:00+00:00,1,D1,0.976092391557505,LightGBM__Top15__global__default,Top15,models/644e19e22a6c2779/LightGBM__Top15__global__default__global__all_history.joblib
turbine_1,2026-02-08 19:00:00+00:00,2026-02-08 21:00:00+00:00,2,D1,0.9893944489009113,LightGBM__Top15__global__default,Top15,models/644e19e22a6c2779/LightGBM__Top15__global__default__global__all_history.joblib
turbine_2,2026-02-08 19:00:00+00:00,2026-02-08 21:00:00+00:00,2,D1,0.9758174426370768,LightGBM__Top15__global__default,Top15,models/644e19e22a6c2779/LightGBM__Top15__global__default__global__all_history.joblib
turbine_1,2026-02-08 19:00:00+00:00,2026-02-08 22:00:00+00:00,3,D1,0.9838874870821096,LightGBM__Top15__global__default,Top15,models/644e19e22a6c2779/LightGBM__Top15__global__default__global__all_history.joblib
turbine_2,2026-02-08 19:00:00+00:00,2026-02-08 22:00:00+00:00,3,D1,0.9739310849439676,LightGBM__Top15__global__default,Top15,models/644e19e22a6c2779/LightGBM__Top15__global__default__global__all_history.joblib
turbine_1,2026-02-08 19:00:00+00:00,2026-02-08 23:00:00+00:00,4,D1,0.9801249317830826,LightGBM__Top15__global__default,Top15,models/644e19e22a6c2779/LightGBM__Top15__global__default__global__all_history.joblib
turbine_2,2026-02-08 19:00:00+00:00,2026-02-08 23:00:00+00:00,4,D1,0.9722854855246033,LightGBM__Top15__global__default,Top15,models/644e19e22a6c2779/LightGBM__Top15__global__default__global__all_history.joblib
turbine_1,2026-02-08 19:00:00+00:00,2026-02-09 00:00:00+00:00,5,D1,0.9801249317830826,LightGBM__Top15__global__default,Top15,models/644e19e22a6c2779/LightGBM__Top15__global__default__global__all_history.joblib
turbine_2,2026-02-08 19:00:00+00:00,2026-02-09 00:00:00+00:00,5,D1,0.9729107859930954,LightGBM__Top15__global__default,Top15,models/644e19e22a6c2779/LightGBM__Top15__global__default__global__all_history.joblib
turbine_1,2026-02-08 19:00:00+00:00,2026-02-09 01:00:00+00:00,6,D1,0.9801249317830826,LightGBM__Top15__global__default,Top15,models/644e19e22a6c2779/LightGBM__Top15__global__default__global__all_history.joblib
turbine_2,2026-02-08 19:00:00+00:00,2026-02-09 01:00:00+00:00,6,D1,0.9736586216078504,LightGBM__Top15__global__default,Top15,models/644e19e22a6c2779/LightGBM__Top15__global__default__global__all_history.joblib
turbine_1,2026-02-08 19:00:00+00:00,2026-02-09 02:00:00+00:00,7,D1,0.9808146459512319,LightGBM__Top15__global__default,Top15,models/644e19e22a6c2779/LightGBM__Top15__global__default__global__all_history.joblib
turbine_2,2026-02-08 19:00:00+00:00,2026-02-09 02:00:00+00:00,7,D1,0.9736586216078504,LightGBM__Top15__global__default,Top15,models/644e19e22a6c2779/LightGBM__Top15__global__default__global__all_history.joblib
turbine_1,2026-02-08 19:00:00+00:00,2026-02-09 03:00:00+00:00,8,D1,0.9812982545364749,LightGBM__Top15__global__default,Top15,models/644e19e22a6c2779/LightGBM__Top15__global__default__global__all_history.joblib
turbine_2,2026-02-08 19:00:00+00:00,2026-02-09 03:00:00+00:00,8,D1,0.9741518419894,LightGBM__Top15__global__default,Top15,models/644e19e22a6c2779/LightGBM__Top15__global__default__global__all_history.joblib
turbine_1,2026-02-08 19:00:00+00:00,2026-02-09 04:00:00+00:00,9,D1,0.9754615616927422,LightGBM__Top15__global__default,Top15,models/644e19e22a6c2779/LightGBM__Top15__global__default__global__all_history.joblib
turbine_2,2026-02-08 19:00:00+00:00,2026-02-09 04:00:00+00:00,9,D1,0.97305712358126,LightGBM__Top15__global__default,Top15,models/644e19e22a6c2779/LightGBM__Top15__global__default__global__all_history.joblib
turbine_1,2026-02-08 19:00:00+00:00,2026-02-09 05:00:00+00:00,10,D1,0.9774269046318333,LightGBM__Top15__global__default,Top15,models/644e19e22a6c2779/LightGBM__Top15__global__default__global__all_history.joblib
turbine_2,2026-02-08 19:00:00+00:00,2026-02-09 05:00:00+00:00,10,D1,0.9749628802722576,LightGBM__Top15__global__default,Top15,models/644e19e22a6c2779/LightGBM__Top15__global__default__global__all_history.joblib
turbine_1,2026-02-08 19:00:00+00:00,2026-02-09 06:00:00+00:00,11,D1,0.9776739749636698,LightGBM__Top15__global__default,Top15,models/644e19e22a6c2779/LightGBM__Top15__global__default__global__all_history.joblib
turbine_2,2026-02-08 19:00:00+00:00,2026-02-09 06:00:00+00:00,11,D1,0.9752099506040941,LightGBM__Top15__global__default,Top15,models/644e19e22a6c2779/LightGBM__Top15__global__default__global__all_history.joblib
turbine_1,2026-02-08 19:00:00+00:00,2026-02-09 07:00:00+00:00,12,D1,0.9760939522691552,LightGBM__Top15__global__default,Top15,models/644e19e22a6c2779/LightGBM__Top15__global__default__global__all_history.joblib
turbine_2,2026-02-08 19:00:00+00:00,2026-02-09 07:00:00+00:00,12,D1,0.9741692377977249,LightGBM__Top15__global__default,Top15,models/644e19e22a6c2779/LightGBM__Top15__global__default__global__all_history.joblib
turbine_1,2026-02-08 19:00:00+00:00,2026-02-09 08:00:00+00:00,13,D1,0.9683369309117147,LightGBM__Top15__global__default,Top15,models/644e19e22a6c2779/LightGBM__Top15__global__default__global__all_history.joblib
turbine_2,2026-02-08 19:00:00+00:00,2026-02-09 08:00:00+00:00,13,D1,0.9669448799715727,LightGBM__Top15__global__default,Top15,models/644e19e22a6c2779/LightGBM__Top15__global__default__global__all_history.joblib
turbine_1,2026-02-08 19:00:00+00:00,2026-02-09 09:00:00+00:00,14,D1,0.9670484703051155,LightGBM__Top15__global__default,Top15,models/644e19e22a6c2779/LightGBM__Top15__global__default__global__all_history.joblib
turbine_2,2026-02-08 19:00:00+00:00,2026-02-09 09:00:00+00:00,14,D1,0.967893208932338,LightGBM__Top15__global__default,Top15,models/644e19e22a6c2779/LightGBM__Top15__global__default__global__all_history.joblib
turbine_1,2026-02-08 19:00:00+00:00,2026-02-09 10:00:00+00:00,15,D1,0.9682001491768483,LightGBM__Top15__global__default,Top15,models/644e19e22a6c2779/LightGBM__Top15__global__default__global__all_history.joblib
turbine_2,2026-02-08 19:00:00+00:00,2026-02-09 10:00:00+00:00,15,D1,0.9693543151599733,LightGBM__Top15__global__default,Top15,models/644e19e22a6c2779/LightGBM__Top15__global__default__global__all_history.joblib
turbine_1,2026-02-08 19:00:00+00:00,2026-02-09 11:00:00+00:00,16,D1,0.9590304442537716,LightGBM__Top15__global__default,Top15,models/644e19e22a6c2779/LightGBM__Top15__global__default__global__all_history.joblib
turbine_2,2026-02-08 19:00:00+00:00,2026-02-09 11:00:00+00:00,16,D1,0.9599646397909203,LightGBM__Top15__global__default,Top15,models/644e19e22a6c2779/LightGBM__Top15__global__default__global__all_history.joblib
turbine_1,2026-02-08 19:00:00+00:00,2026-02-09 12:00:00+00:00,17,D1,0.7766646163546468,LightGBM__Top15__global__default,Top15,models/644e19e22a6c2779/LightGBM__Top15__global__default__global__all_history.joblib
turbine_2,2026-02-08 19:00:00+00:00,2026-02-09 12:00:00+00:00,17,D1,0.772098991566966,LightGBM__Top15__global__default,Top15,models/644e19e22a6c2779/LightGBM__Top15__global__default__global__all_history.joblib
turbine_1,2026-02-08 19:00:00+00:00,2026-02-09 13:00:00+00:00,18,D1,0.8343199172540806,LightGBM__Top15__global__default,Top15,models/644e19e22a6c2779/LightGBM__Top15__global__default__global__all_history.joblib
turbine_2,2026-02-08 19:00:00+00:00,2026-02-09 13:00:00+00:00,18,D1,0.834238834149656,LightGBM__Top15__global__default,Top15,models/644e19e22a6c2779/LightGBM__Top15__global__default__global__all_history.joblib
turbine_1,2026-02-08 19:00:00+00:00,2026-02-09 14:00:00+00:00,19,D1,0.5629182536048152,LightGBM__Top15__global__default,Top15,models/644e19e22a6c2779/LightGBM__Top15__global__default__global__all_history.joblib
turbine_2,2026-02-08 19:00:00+00:00,2026-02-09 14:00:00+00:00,19,D1,0.5628371705003906,LightGBM__Top15__global__default,Top15,models/644e19e22a6c2779/LightGBM__Top15__global__default__global__all_history.joblib
turbine_1,2026-02-08 19:00:00+00:00,2026-02-09 15:00:00+00:00,20,D1,0.4320017108740994,LightGBM__Top15__global__default,Top15,models/644e19e22a6c2779/LightGBM__Top15__global__default__global__all_history.joblib
turbine_2,2026-02-08 19:00:00+00:00,2026-02-09 15:00:00+00:00,20,D1,0.4247846864194809,LightGBM__Top15__global__default,Top15,models/644e19e22a6c2779/LightGBM__Top15__global__default__global__all_history.joblib
turbine_1,2026-02-08 19:00:00+00:00,2026-02-09 16:00:00+00:00,21,D1,0.25242463889858446,LightGBM__Top15__global__default,Top15,models/644e19e22a6c2779/LightGBM__Top15__global__default__global__all_history.joblib
turbine_2,2026-02-08 19:00:00+00:00,2026-02-09 16:00:00+00:00,21,D1,0.2449601438016343,LightGBM__Top15__global__default,Top15,models/644e19e22a6c2779/LightGBM__Top15__global__default__global__all_history.joblib
turbine_1,2026-02-08 19:00:00+00:00,2026-02-09 17:00:00+00:00,22,D1,0.16526832901475377,LightGBM__Top15__global__default,Top15,models/644e19e22a6c2779/LightGBM__Top15__global__default__global__all_history.joblib
turbine_2,2026-02-08 19:00:00+00:00,2026-02-09 17:00:00+00:00,22,D1,0.15873620799447608,LightGBM__Top15__global__default,Top15,models/644e19e22a6c2779/LightGBM__Top15__global__default__global__all_history.joblib
turbine_1,2026-02-08 19:00:00+00:00,2026-02-09 18:00:00+00:00,23,D1,0.16131992935848555,LightGBM__Top15__global__default,Top15,models/644e19e22a6c2779/LightGBM__Top15__global__default__global__all_history.joblib
turbine_2,2026-02-08 19:00:00+00:00,2026-02-09 18:00:00+00:00,23,D1,0.1547878083382079,LightGBM__Top15__global__default,Top15,models/644e19e22a6c2779/LightGBM__Top15__global__default__global__all_history.joblib
turbine_1,2026-02-08 19:00:00+00:00,2026-02-09 19:00:00+00:00,24,D1,0.08211741136492555,LightGBM__Top15__global__default,Top15,models/644e19e22a6c2779/LightGBM__Top15__global__default__global__all_history.joblib
turbine_2,2026-02-08 19:00:00+00:00,2026-02-09 19:00:00+00:00,24,D1,0.07558529034464795,LightGBM__Top15__global__default,Top15,models/644e19e22a6c2779/LightGBM__Top15__global__default__global__all_history.joblib
turbine_1,2026-02-08 19:00:00+00:00,2026-02-09 20:00:00+00:00,25,D2,0.21332617384508756,LightGBM__Top15__global__default,Top15,models/644e19e22a6c2779/LightGBM__Top15__global__default__global__all_history.joblib
turbine_2,2026-02-08 19:00:00+00:00,2026-02-09 20:00:00+00:00,25,D2,0.20610914939046904,LightGBM__Top15__global__default,Top15,models/644e19e22a6c2779/LightGBM__Top15__global__default__global__all_history.joblib
turbine_1,2026-02-08 19:00:00+00:00,2026-02-09 21:00:00+00:00,26,D2,0.24767682519773335,LightGBM__Top15__global__default,Top15,models/644e19e22a6c2779/LightGBM__Top15__global__default__global__all_history.joblib
turbine_2,2026-02-08 19:00:00+00:00,2026-02-09 21:00:00+00:00,26,D2,0.2538148555674561,LightGBM__Top15__global__default,Top15,models/644e19e22a6c2779/LightGBM__Top15__global__default__global__all_history.joblib
turbine_1,2026-02-08 19:00:00+00:00,2026-02-09 22:00:00+00:00,27,D2,0.2534620162566421,LightGBM__Top15__global__default,Top15,models/644e19e22a6c2779/LightGBM__Top15__global__default__global__all_history.joblib
turbine_2,2026-02-08 19:00:00+00:00,2026-02-09 22:00:00+00:00,27,D2,0.24624499180202353,LightGBM__Top15__global__default,Top15,models/644e19e22a6c2779/LightGBM__Top15__global__default__global__all_history.joblib
turbine_1,2026-02-08 19:00:00+00:00,2026-02-09 23:00:00+00:00,28,D2,0.21200916660919392,LightGBM__Top15__global__default,Top15,models/644e19e22a6c2779/LightGBM__Top15__global__default__global__all_history.joblib
turbine_2,2026-02-08 19:00:00+00:00,2026-02-09 23:00:00+00:00,28,D2,0.20982582776172237,LightGBM__Top15__global__default,Top15,models/644e19e22a6c2779/LightGBM__Top15__global__default__global__all_history.joblib
turbine_1,2026-02-08 19:00:00+00:00,2026-02-10 00:00:00+00:00,29,D2,0.18228648877691397,LightGBM__Top15__global__default,Top15,models/644e19e22a6c2779/LightGBM__Top15__global__default__global__all_history.joblib
turbine_2,2026-02-08 19:00:00+00:00,2026-02-10 00:00:00+00:00,29,D2,0.1914994773711882,LightGBM__Top15__global__default,Top15,models/644e19e22a6c2779/LightGBM__Top15__global__default__global__all_history.joblib
turbine_1,2026-02-08 19:00:00+00:00,2026-02-10 01:00:00+00:00,30,D2,0.3644558023430972,LightGBM__Top15__global__default,Top15,models/644e19e22a6c2779/LightGBM__Top15__global__default__global__all_history.joblib
turbine_2,2026-02-08 19:00:00+00:00,2026-02-10 01:00:00+00:00,30,D2,0.36435038499828437,LightGBM__Top15__global__default,Top15,models/644e19e22a6c2779/LightGBM__Top15__global__default__global__all_history.joblib
turbine_1,2026-02-08 19:00:00+00:00,2026-02-10 02:00:00+00:00,31,D2,0.18814090534220504,LightGBM__Top15__global__default,Top15,models/644e19e22a6c2779/LightGBM__Top15__global__default__global__all_history.joblib
turbine_2,2026-02-08 19:00:00+00:00,2026-02-10 02:00:00+00:00,31,D2,0.1880354879973921,LightGBM__Top15__global__default,Top15,models/644e19e22a6c2779/LightGBM__Top15__global__default__global__all_history.joblib
turbine_1,2026-02-08 19:00:00+00:00,2026-02-10 03:00:00+00:00,32,D2,0.20455811887140377,LightGBM__Top15__global__default,Top15,models/644e19e22a6c2779/LightGBM__Top15__global__default__global__all_history.joblib
turbine_2,2026-02-08 19:00:00+00:00,2026-02-10 03:00:00+00:00,32,D2,0.20659703791667353,LightGBM__Top15__global__default,Top15,models/644e19e22a6c2779/LightGBM__Top15__global__default__global__all_history.joblib
turbine_1,2026-02-08 19:00:00+00:00,2026-02-10 04:00:00+00:00,33,D2,0.17126109299291756,LightGBM__Top15__global__default,Top15,models/644e19e22a6c2779/LightGBM__Top15__global__default__global__all_history.joblib
turbine_2,2026-02-08 19:00:00+00:00,2026-02-10 04:00:00+00:00,33,D2,0.16480534413909306,LightGBM__Top15__global__default,Top15,models/644e19e22a6c2779/LightGBM__Top15__global__default__global__all_history.joblib
turbine_1,2026-02-08 19:00:00+00:00,2026-02-10 05:00:00+00:00,34,D2,0.15498178619034206,LightGBM__Top15__global__default,Top15,models/644e19e22a6c2779/LightGBM__Top15__global__default__global__all_history.joblib
turbine_2,2026-02-08 19:00:00+00:00,2026-02-10 05:00:00+00:00,34,D2,0.15378208128252638,LightGBM__Top15__global__default,Top15,models/644e19e22a6c2779/LightGBM__Top15__global__default__global__all_history.joblib
turbine_1,2026-02-08 19:00:00+00:00,2026-02-10 06:00:00+00:00,35,D2,0.11910201015449762,LightGBM__Top15__global__default,Top15,models/644e19e22a6c2779/LightGBM__Top15__global__default__global__all_history.joblib
turbine_2,2026-02-08 19:00:00+00:00,2026-02-10 06:00:00+00:00,35,D2,0.11672685866131788,LightGBM__Top15__global__default,Top15,models/644e19e22a6c2779/LightGBM__Top15__global__default__global__all_history.joblib
turbine_1,2026-02-08 19:00:00+00:00,2026-02-10 07:00:00+00:00,36,D2,0.1972182148318983,LightGBM__Top15__global__default,Top15,models/644e19e22a6c2779/LightGBM__Top15__global__default__global__all_history.joblib
turbine_2,2026-02-08 19:00:00+00:00,2026-02-10 07:00:00+00:00,36,D2,0.19694531908176574,LightGBM__Top15__global__default,Top15,models/644e19e22a6c2779/LightGBM__Top15__global__default__global__all_history.joblib
turbine_1,2026-02-08 19:00:00+00:00,2026-02-10 08:00:00+00:00,37,D2,0.3456830103602124,LightGBM__Top15__global__default,Top15,models/644e19e22a6c2779/LightGBM__Top15__global__default__global__all_history.joblib
turbine_2,2026-02-08 19:00:00+00:00,2026-02-10 08:00:00+00:00,37,D2,0.3456596308073648,LightGBM__Top15__global__default,Top15,models/644e19e22a6c2779/LightGBM__Top15__global__default__global__all_history.joblib
turbine_1,2026-02-08 19:00:00+00:00,2026-02-10 09:00:00+00:00,38,D2,0.5067108310647258,LightGBM__Top15__global__default,Top15,models/644e19e22a6c2779/LightGBM__Top15__global__default__global__all_history.joblib
turbine_2,2026-02-08 19:00:00+00:00,2026-02-10 09:00:00+00:00,38,D2,0.5155257602952595,LightGBM__Top15__global__default,Top15,models/644e19e22a6c2779/LightGBM__Top15__global__default__global__all_history.joblib
turbine_1,2026-02-08 19:00:00+00:00,2026-02-10 10:00:00+00:00,39,D2,0.4700402854961769,LightGBM__Top15__global__default,Top15,models/644e19e22a6c2779/LightGBM__Top15__global__default__global__all_history.joblib
turbine_2,2026-02-08 19:00:00+00:00,2026-02-10 10:00:00+00:00,39,D2,0.46976738974604443,LightGBM__Top15__global__default,Top15,models/644e19e22a6c2779/LightGBM__Top15__global__default__global__all_history.joblib
turbine_1,2026-02-08 19:00:00+00:00,2026-02-10 11:00:00+00:00,40,D2,0.32424998477666994,LightGBM__Top15__global__default,Top15,models/644e19e22a6c2779/LightGBM__Top15__global__default__global__all_history.joblib
turbine_2,2026-02-08 19:00:00+00:00,2026-02-10 11:00:00+00:00,40,D2,0.3239770890265375,LightGBM__Top15__global__default,Top15,models/644e19e22a6c2779/LightGBM__Top15__global__default__global__all_history.joblib
turbine_1,2026-02-08 19:00:00+00:00,2026-02-10 12:00:00+00:00,41,D2,0.11462471462737528,LightGBM__Top15__global__default,Top15,models/644e19e22a6c2779/LightGBM__Top15__global__default__global__all_history.joblib
turbine_2,2026-02-08 19:00:00+00:00,2026-02-10 12:00:00+00:00,41,D2,0.11436330311484172,LightGBM__Top15__global__default,Top15,models/644e19e22a6c2779/LightGBM__Top15__global__default__global__all_history.joblib
turbine_1,2026-02-08 19:00:00+00:00,2026-02-10 13:00:00+00:00,42,D2,0.1113926035525206,LightGBM__Top15__global__default,Top15,models/644e19e22a6c2779/LightGBM__Top15__global__default__global__all_history.joblib
turbine_2,2026-02-08 19:00:00+00:00,2026-02-10 13:00:00+00:00,42,D2,0.11093626778613014,LightGBM__Top15__global__default,Top15,models/644e19e22a6c2779/LightGBM__Top15__global__default__global__all_history.joblib
turbine_1,2026-02-08 19:00:00+00:00,2026-02-10 14:00:00+00:00,43,D2,0.2281146569080294,LightGBM__Top15__global__default,Top15,models/644e19e22a6c2779/LightGBM__Top15__global__default__global__all_history.joblib
turbine_2,2026-02-08 19:00:00+00:00,2026-02-10 14:00:00+00:00,43,D2,0.23830685327029905,LightGBM__Top15__global__default,Top15,models/644e19e22a6c2779/LightGBM__Top15__global__default__global__all_history.joblib
turbine_1,2026-02-08 19:00:00+00:00,2026-02-10 15:00:00+00:00,44,D2,0.23966170282131033,LightGBM__Top15__global__default,Top15,models/644e19e22a6c2779/LightGBM__Top15__global__default__global__all_history.joblib
turbine_2,2026-02-08 19:00:00+00:00,2026-02-10 15:00:00+00:00,44,D2,0.23792069288948617,LightGBM__Top15__global__default,Top15,models/644e19e22a6c2779/LightGBM__Top15__global__default__global__all_history.joblib
turbine_1,2026-02-08 19:00:00+00:00,2026-02-10 16:00:00+00:00,45,D2,0.2994927254533223,LightGBM__Top15__global__default,Top15,models/644e19e22a6c2779/LightGBM__Top15__global__default__global__all_history.joblib
turbine_2,2026-02-08 19:00:00+00:00,2026-02-10 16:00:00+00:00,45,D2,0.29803920020043884,LightGBM__Top15__global__default,Top15,models/644e19e22a6c2779/LightGBM__Top15__global__default__global__all_history.joblib
turbine_1,2026-02-08 19:00:00+00:00,2026-02-10 17:00:00+00:00,46,D2,0.6296091895662109,LightGBM__Top15__global__default,Top15,models/644e19e22a6c2779/LightGBM__Top15__global__default__global__all_history.joblib
turbine_2,2026-02-08 19:00:00+00:00,2026-02-10 17:00:00+00:00,46,D2,0.6263853517210352,LightGBM__Top15__global__default,Top15,models/644e19e22a6c2779/LightGBM__Top15__global__default__global__all_history.joblib
turbine_1,2026-02-08 19:00:00+00:00,2026-02-10 18:00:00+00:00,47,D2,0.8116787111109953,LightGBM__Top15__global__default,Top15,models/644e19e22a6c2779/LightGBM__Top15__global__default__global__all_history.joblib
turbine_2,2026-02-08 19:00:00+00:00,2026-02-10 18:00:00+00:00,47,D2,0.8055022962111202,LightGBM__Top15__global__default,Top15,models/644e19e22a6c2779/LightGBM__Top15__global__default__global__all_history.joblib
turbine_1,2026-02-08 19:00:00+00:00,2026-02-10 19:00:00+00:00,48,D2,0.9808553316567679,LightGBM__Top15__global__default,Top15,models/644e19e22a6c2779/LightGBM__Top15__global__default__global__all_history.joblib
turbine_2,2026-02-08 19:00:00+00:00,2026-02-10 19:00:00+00:00,48,D2,0.9743125465841469,LightGBM__Top15__global__default,Top15,models/644e19e22a6c2779/LightGBM__Top15__global__default__global__all_history.joblib
turbine_1,2026-02-09 19:00:00+00:00,2026-02-09 20:00:00+00:00,1,D1,0.08662036915054988,LightGBM__Top15__global__default,Top15,models/644e19e22a6c2779/LightGBM__Top15__global__default__global__all_history.joblib
turbine_2,2026-02-09 19:00:00+00:00,2026-02-09 20:00:00+00:00,1,D1,0.07915587405359985,LightGBM__Top15__global__default,Top15,models/644e19e22a6c2779/LightGBM__Top15__global__default__global__all_history.joblib
turbine_1,2026-02-09 19:00:00+00:00,2026-02-09 21:00:00+00:00,2,D1,0.08472461047154024,LightGBM__Top15__global__default,Top15,models/644e19e22a6c2779/LightGBM__Top15__global__default__global__all_history.joblib
turbine_2,2026-02-09 19:00:00+00:00,2026-02-09 21:00:00+00:00,2,D1,0.0772601153745902,LightGBM__Top15__global__default,Top15,models/644e19e22a6c2779/LightGBM__Top15__global__default__global__all_history.joblib
turbine_1,2026-02-09 19:00:00+00:00,2026-02-09 22:00:00+00:00,3,D1,0.12246707810950512,LightGBM__Top15__global__default,Top15,models/644e19e22a6c2779/LightGBM__Top15__global__default__global__all_history.joblib
turbine_2,2026-02-09 19:00:00+00:00,2026-02-09 22:00:00+00:00,3,D1,0.12004775285730097,LightGBM__Top15__global__default,Top15,models/644e19e22a6c2779/LightGBM__Top15__global__default__global__all_history.joblib
turbine_1,2026-02-09 19:00:00+00:00,2026-02-09 23:00:00+00:00,4,D1,0.10576398354084415,LightGBM__Top15__global__default,Top15,models/644e19e22a6c2779/LightGBM__Top15__global__default__global__all_history.joblib
turbine_2,2026-02-09 19:00:00+00:00,2026-02-09 23:00:00+00:00,4,D1,0.10334465828864003,LightGBM__Top15__global__default,Top15,models/644e19e22a6c2779/LightGBM__Top15__global__default__global__all_history.joblib
turbine_1,2026-02-09 19:00:00+00:00,2026-02-10 00:00:00+00:00,5,D1,0.21759668057181034,LightGBM__Top15__global__default,Top15,models/644e19e22a6c2779/LightGBM__Top15__global__default__global__all_history.joblib
turbine_2,2026-02-09 19:00:00+00:00,2026-02-10 00:00:00+00:00,5,D1,0.2156150498720356,LightGBM__Top15__global__default,Top15,models/644e19e22a6c2779/LightGBM__Top15__global__default__global__all_history.joblib
turbine_1,2026-02-09 19:00:00+00:00,2026-02-10 01:00:00+00:00,6,D1,0.07620877764622844,LightGBM__Top15__global__default,Top15,models/644e19e22a6c2779/LightGBM__Top15__global__default__global__all_history.joblib
turbine_2,2026-02-09 19:00:00+00:00,2026-02-10 01:00:00+00:00,6,D1,0.07608477551068742,LightGBM__Top15__global__default,Top15,models/644e19e22a6c2779/LightGBM__Top15__global__default__global__all_history.joblib
turbine_1,2026-02-09 19:00:00+00:00,2026-02-10 02:00:00+00:00,7,D1,0.35935006646196105,LightGBM__Top15__global__default,Top15,models/644e19e22a6c2779/LightGBM__Top15__global__default__global__all_history.joblib
turbine_2,2026-02-09 19:00:00+00:00,2026-02-10 02:00:00+00:00,7,D1,0.3592446491171482,LightGBM__Top15__global__default,Top15,models/644e19e22a6c2779/LightGBM__Top15__global__default__global__all_history.joblib
turbine_1,2026-02-09 19:00:00+00:00,2026-02-10 03:00:00+00:00,8,D1,0.22450331555943656,LightGBM__Top15__global__default,Top15,models/644e19e22a6c2779/LightGBM__Top15__global__default__global__all_history.joblib
turbine_2,2026-02-09 19:00:00+00:00,2026-02-10 03:00:00+00:00,8,D1,0.22439789821462355,LightGBM__Top15__global__default,Top15,models/644e19e22a6c2779/LightGBM__Top15__global__default__global__all_history.joblib
turbine_1,2026-02-09 19:00:00+00:00,2026-02-10 04:00:00+00:00,9,D1,0.3672417075354985,LightGBM__Top15__global__default,Top15,models/644e19e22a6c2779/LightGBM__Top15__global__default__global__all_history.joblib
turbine_2,2026-02-09 19:00:00+00:00,2026-02-10 04:00:00+00:00,9,D1,0.36713629019068567,LightGBM__Top15__global__default,Top15,models/644e19e22a6c2779/LightGBM__Top15__global__default__global__all_history.joblib
turbine_1,2026-02-09 19:00:00+00:00,2026-02-10 05:00:00+00:00,10,D1,0.656401963002058,LightGBM__Top15__global__default,Top15,models/644e19e22a6c2779/LightGBM__Top15__global__default__global__all_history.joblib
turbine_2,2026-02-09 19:00:00+00:00,2026-02-10 05:00:00+00:00,10,D1,0.6561290672519252,LightGBM__Top15__global__default,Top15,models/644e19e22a6c2779/LightGBM__Top15__global__default__global__all_history.joblib
turbine_1,2026-02-09 19:00:00+00:00,2026-02-10 06:00:00+00:00,11,D1,0.3079918527899174,LightGBM__Top15__global__default,Top15,models/644e19e22a6c2779/LightGBM__Top15__global__default__global__all_history.joblib
turbine_2,2026-02-09 19:00:00+00:00,2026-02-10 06:00:00+00:00,11,D1,0.30771895703978497,LightGBM__Top15__global__default,Top15,models/644e19e22a6c2779/LightGBM__Top15__global__default__global__all_history.joblib
turbine_1,2026-02-09 19:00:00+00:00,2026-02-10 07:00:00+00:00,12,D1,0.30932319245923595,LightGBM__Top15__global__default,Top15,models/644e19e22a6c2779/LightGBM__Top15__global__default__global__all_history.joblib
turbine_2,2026-02-09 19:00:00+00:00,2026-02-10 07:00:00+00:00,12,D1,0.3090502967091035,LightGBM__Top15__global__default,Top15,models/644e19e22a6c2779/LightGBM__Top15__global__default__global__all_history.joblib
turbine_1,2026-02-09 19:00:00+00:00,2026-02-10 08:00:00+00:00,13,D1,0.23374132839799863,LightGBM__Top15__global__default,Top15,models/644e19e22a6c2779/LightGBM__Top15__global__default__global__all_history.joblib
turbine_2,2026-02-09 19:00:00+00:00,2026-02-10 08:00:00+00:00,13,D1,0.216685274709601,LightGBM__Top15__global__default,Top15,models/644e19e22a6c2779/LightGBM__Top15__global__default__global__all_history.joblib
turbine_1,2026-02-09 19:00:00+00:00,2026-02-10 09:00:00+00:00,14,D1,0.14779840443817632,LightGBM__Top15__global__default,Top15,models/644e19e22a6c2779/LightGBM__Top15__global__default__global__all_history.joblib
turbine_2,2026-02-09 19:00:00+00:00,2026-02-10 09:00:00+00:00,14,D1,0.14777502488532865,LightGBM__Top15__global__default,Top15,models/644e19e22a6c2779/LightGBM__Top15__global__default__global__all_history.joblib
turbine_1,2026-02-09 19:00:00+00:00,2026-02-10 10:00:00+00:00,15,D1,0.1191189959896546,LightGBM__Top15__global__default,Top15,models/644e19e22a6c2779/LightGBM__Top15__global__default__global__all_history.joblib
turbine_2,2026-02-09 19:00:00+00:00,2026-02-10 10:00:00+00:00,15,D1,0.11605625495224166,LightGBM__Top15__global__default,Top15,models/644e19e22a6c2779/LightGBM__Top15__global__default__global__all_history.joblib
turbine_1,2026-02-09 19:00:00+00:00,2026-02-10 11:00:00+00:00,16,D1,0.09467714125184538,LightGBM__Top15__global__default,Top15,models/644e19e22a6c2779/LightGBM__Top15__global__default__global__all_history.joblib
turbine_2,2026-02-09 19:00:00+00:00,2026-02-10 11:00:00+00:00,16,D1,0.09441572973931182,LightGBM__Top15__global__default,Top15,models/644e19e22a6c2779/LightGBM__Top15__global__default__global__all_history.joblib
turbine_1,2026-02-09 19:00:00+00:00,2026-02-10 12:00:00+00:00,17,D1,0.038629085511502216,LightGBM__Top15__global__default,Top15,models/644e19e22a6c2779/LightGBM__Top15__global__default__global__all_history.joblib
turbine_2,2026-02-09 19:00:00+00:00,2026-02-10 12:00:00+00:00,17,D1,0.037304703822941855,LightGBM__Top15__global__default,Top15,models/644e19e22a6c2779/LightGBM__Top15__global__default__global__all_history.joblib
turbine_1,2026-02-09 19:00:00+00:00,2026-02-10 13:00:00+00:00,18,D1,0.04467450597925502,LightGBM__Top15__global__default,Top15,models/644e19e22a6c2779/LightGBM__Top15__global__default__global__all_history.joblib
turbine_2,2026-02-09 19:00:00+00:00,2026-02-10 13:00:00+00:00,18,D1,0.04287705579463718,LightGBM__Top15__global__default,Top15,models/644e19e22a6c2779/LightGBM__Top15__global__default__global__all_history.joblib
turbine_1,2026-02-09 19:00:00+00:00,2026-02-10 14:00:00+00:00,19,D1,0.15160546859666127,LightGBM__Top15__global__default,Top15,models/644e19e22a6c2779/LightGBM__Top15__global__default__global__all_history.joblib
turbine_2,2026-02-09 19:00:00+00:00,2026-02-10 14:00:00+00:00,19,D1,0.15084458690130387,LightGBM__Top15__global__default,Top15,models/644e19e22a6c2779/LightGBM__Top15__global__default__global__all_history.joblib
turbine_1,2026-02-09 19:00:00+00:00,2026-02-10 15:00:00+00:00,20,D1,0.31620888658130814,LightGBM__Top15__global__default,Top15,models/644e19e22a6c2779/LightGBM__Top15__global__default__global__all_history.joblib
turbine_2,2026-02-09 19:00:00+00:00,2026-02-10 15:00:00+00:00,20,D1,0.328192609384951,LightGBM__Top15__global__default,Top15,models/644e19e22a6c2779/LightGBM__Top15__global__default__global__all_history.joblib
turbine_1,2026-02-09 19:00:00+00:00,2026-02-10 16:00:00+00:00,21,D1,0.7363867488746857,LightGBM__Top15__global__default,Top15,models/644e19e22a6c2779/LightGBM__Top15__global__default__global__all_history.joblib
turbine_2,2026-02-09 19:00:00+00:00,2026-02-10 16:00:00+00:00,21,D1,0.7199035886769464,LightGBM__Top15__global__default,Top15,models/644e19e22a6c2779/LightGBM__Top15__global__default__global__all_history.joblib
turbine_1,2026-02-09 19:00:00+00:00,2026-02-10 17:00:00+00:00,22,D1,0.9162059478864618,LightGBM__Top15__global__default,Top15,models/644e19e22a6c2779/LightGBM__Top15__global__default__global__all_history.joblib
turbine_2,2026-02-09 19:00:00+00:00,2026-02-10 17:00:00+00:00,22,D1,0.9088205894737553,LightGBM__Top15__global__default,Top15,models/644e19e22a6c2779/LightGBM__Top15__global__default__global__all_history.joblib
turbine_1,2026-02-09 19:00:00+00:00,2026-02-10 18:00:00+00:00,23,D1,0.9802114523041827,LightGBM__Top15__global__default,Top15,models/644e19e22a6c2779/LightGBM__Top15__global__default__global__all_history.joblib
turbine_2,2026-02-09 19:00:00+00:00,2026-02-10 18:00:00+00:00,23,D1,0.9729208316168068,LightGBM__Top15__global__default,Top15,models/644e19e22a6c2779/LightGBM__Top15__global__default__global__all_history.joblib
turbine_1,2026-02-09 19:00:00+00:00,2026-02-10 19:00:00+00:00,24,D1,0.9791727287132296,LightGBM__Top15__global__default,Top15,models/644e19e22a6c2779/LightGBM__Top15__global__default__global__all_history.joblib
turbine_2,2026-02-09 19:00:00+00:00,2026-02-10 19:00:00+00:00,24,D1,0.9718801188104378,LightGBM__Top15__global__default,Top15,models/644e19e22a6c2779/LightGBM__Top15__global__default__global__all_history.joblib
turbine_1,2026-02-09 19:00:00+00:00,2026-02-10 20:00:00+00:00,25,D2,0.9759559216521019,LightGBM__Top15__global__default,Top15,models/644e19e22a6c2779/LightGBM__Top15__global__default__global__all_history.joblib
turbine_2,2026-02-09 19:00:00+00:00,2026-02-10 20:00:00+00:00,25,D2,0.9720966403803366,LightGBM__Top15__global__default,Top15,models/644e19e22a6c2779/LightGBM__Top15__global__default__global__all_history.joblib
turbine_1,2026-02-09 19:00:00+00:00,2026-02-10 21:00:00+00:00,26,D2,0.9510007937651873,LightGBM__Top15__global__default,Top15,models/644e19e22a6c2779/LightGBM__Top15__global__default__global__all_history.joblib
turbine_2,2026-02-09 19:00:00+00:00,2026-02-10 21:00:00+00:00,26,D2,0.9527429108436665,LightGBM__Top15__global__default,Top15,models/644e19e22a6c2779/LightGBM__Top15__global__default__global__all_history.joblib
turbine_1,2026-02-09 19:00:00+00:00,2026-02-10 22:00:00+00:00,27,D2,0.7848647971722612,LightGBM__Top15__global__default,Top15,models/644e19e22a6c2779/LightGBM__Top15__global__default__global__all_history.joblib
turbine_2,2026-02-09 19:00:00+00:00,2026-02-10 22:00:00+00:00,27,D2,0.7862817098904973,LightGBM__Top15__global__default,Top15,models/644e19e22a6c2779/LightGBM__Top15__global__default__global__all_history.joblib
turbine_1,2026-02-09 19:00:00+00:00,2026-02-10 23:00:00+00:00,28,D2,0.7581124216446015,LightGBM__Top15__global__default,Top15,models/644e19e22a6c2779/LightGBM__Top15__global__default__global__all_history.joblib
turbine_2,2026-02-09 19:00:00+00:00,2026-02-10 23:00:00+00:00,28,D2,0.7597717974076874,LightGBM__Top15__global__default,Top15,models/644e19e22a6c2779/LightGBM__Top15__global__default__global__all_history.joblib
turbine_1,2026-02-09 19:00:00+00:00,2026-02-11 00:00:00+00:00,29,D2,0.4608004801697055,LightGBM__Top15__global__default,Top15,models/644e19e22a6c2779/LightGBM__Top15__global__default__global__all_history.joblib
turbine_2,2026-02-09 19:00:00+00:00,2026-02-11 00:00:00+00:00,29,D2,0.46052758441957303,LightGBM__Top15__global__default,Top15,models/644e19e22a6c2779/LightGBM__Top15__global__default__global__all_history.joblib
turbine_1,2026-02-09 19:00:00+00:00,2026-02-11 01:00:00+00:00,30,D2,0.09977480245686687,LightGBM__Top15__global__default,Top15,models/644e19e22a6c2779/LightGBM__Top15__global__default__global__all_history.joblib
turbine_2,2026-02-09 19:00:00+00:00,2026-02-11 01:00:00+00:00,30,D2,0.09803379252504277,LightGBM__Top15__global__default,Top15,models/644e19e22a6c2779/LightGBM__Top15__global__default__global__all_history.joblib
turbine_1,2026-02-09 19:00:00+00:00,2026-02-11 02:00:00+00:00,31,D2,0.05428597183016547,LightGBM__Top15__global__default,Top15,models/644e19e22a6c2779/LightGBM__Top15__global__default__global__all_history.joblib
turbine_2,2026-02-09 19:00:00+00:00,2026-02-11 02:00:00+00:00,31,D2,0.04659255793442481,LightGBM__Top15__global__default,Top15,models/644e19e22a6c2779/LightGBM__Top15__global__default__global__all_history.joblib
turbine_1,2026-02-09 19:00:00+00:00,2026-02-11 03:00:00+00:00,32,D2,0.059669216704687014,LightGBM__Top15__global__default,Top15,models/644e19e22a6c2779/LightGBM__Top15__global__default__global__all_history.joblib
turbine_2,2026-02-09 19:00:00+00:00,2026-02-11 03:00:00+00:00,32,D2,0.057990452883447105,LightGBM__Top15__global__default,Top15,models/644e19e22a6c2779/LightGBM__Top15__global__default__global__all_history.joblib
turbine_1,2026-02-09 19:00:00+00:00,2026-02-11 04:00:00+00:00,33,D2,0.05575367884722985,LightGBM__Top15__global__default,Top15,models/644e19e22a6c2779/LightGBM__Top15__global__default__global__all_history.joblib
turbine_2,2026-02-09 19:00:00+00:00,2026-02-11 04:00:00+00:00,33,D2,0.049029745181244005,LightGBM__Top15__global__default,Top15,models/644e19e22a6c2779/LightGBM__Top15__global__default__global__all_history.joblib
turbine_1,2026-02-09 19:00:00+00:00,2026-02-11 05:00:00+00:00,34,D2,0.11247435273275014,LightGBM__Top15__global__default,Top15,models/644e19e22a6c2779/LightGBM__Top15__global__default__global__all_history.joblib
turbine_2,2026-02-09 19:00:00+00:00,2026-02-11 05:00:00+00:00,34,D2,0.1100992012395704,LightGBM__Top15__global__default,Top15,models/644e19e22a6c2779/LightGBM__Top15__global__default__global__all_history.joblib
turbine_1,2026-02-09 19:00:00+00:00,2026-02-11 06:00:00+00:00,35,D2,0.49055928161168877,LightGBM__Top15__global__default,Top15,models/644e19e22a6c2779/LightGBM__Top15__global__default__global__all_history.joblib
turbine_2,2026-02-09 19:00:00+00:00,2026-02-11 06:00:00+00:00,35,D2,0.4902863858615563,LightGBM__Top15__global__default,Top15,models/644e19e22a6c2779/LightGBM__Top15__global__default__global__all_history.joblib
turbine_1,2026-02-09 19:00:00+00:00,2026-02-11 07:00:00+00:00,36,D2,0.4674999956776253,LightGBM__Top15__global__default,Top15,models/644e19e22a6c2779/LightGBM__Top15__global__default__global__all_history.joblib
turbine_2,2026-02-09 19:00:00+00:00,2026-02-11 07:00:00+00:00,36,D2,0.4674766161247777,LightGBM__Top15__global__default,Top15,models/644e19e22a6c2779/LightGBM__Top15__global__default__global__all_history.joblib
turbine_1,2026-02-09 19:00:00+00:00,2026-02-11 08:00:00+00:00,37,D2,0.3690186637551021,LightGBM__Top15__global__default,Top15,models/644e19e22a6c2779/LightGBM__Top15__global__default__global__all_history.joblib
turbine_2,2026-02-09 19:00:00+00:00,2026-02-11 08:00:00+00:00,37,D2,0.3689952842022545,LightGBM__Top15__global__default,Top15,models/644e19e22a6c2779/LightGBM__Top15__global__default__global__all_history.joblib
turbine_1,2026-02-09 19:00:00+00:00,2026-02-11 09:00:00+00:00,38,D2,0.17099462467001064,LightGBM__Top15__global__default,Top15,models/644e19e22a6c2779/LightGBM__Top15__global__default__global__all_history.joblib
turbine_2,2026-02-09 19:00:00+00:00,2026-02-11 09:00:00+00:00,38,D2,0.17442391659229953,LightGBM__Top15__global__default,Top15,models/644e19e22a6c2779/LightGBM__Top15__global__default__global__all_history.joblib
turbine_1,2026-02-09 19:00:00+00:00,2026-02-11 10:00:00+00:00,39,D2,0.8125244750435627,LightGBM__Top15__global__default,Top15,models/644e19e22a6c2779/LightGBM__Top15__global__default__global__all_history.joblib
turbine_2,2026-02-09 19:00:00+00:00,2026-02-11 10:00:00+00:00,39,D2,0.8125010954907148,LightGBM__Top15__global__default,Top15,models/644e19e22a6c2779/LightGBM__Top15__global__default__global__all_history.joblib
turbine_1,2026-02-09 19:00:00+00:00,2026-02-11 11:00:00+00:00,40,D2,0.8388001921265872,LightGBM__Top15__global__default,Top15,models/644e19e22a6c2779/LightGBM__Top15__global__default__global__all_history.joblib
turbine_2,2026-02-09 19:00:00+00:00,2026-02-11 11:00:00+00:00,40,D2,0.8178207866080109,LightGBM__Top15__global__default,Top15,models/644e19e22a6c2779/LightGBM__Top15__global__default__global__all_history.joblib
turbine_1,2026-02-09 19:00:00+00:00,2026-02-11 12:00:00+00:00,41,D2,0.9891515162367513,LightGBM__Top15__global__default,Top15,models/644e19e22a6c2779/LightGBM__Top15__global__default__global__all_history.joblib
turbine_2,2026-02-09 19:00:00+00:00,2026-02-11 12:00:00+00:00,41,D2,0.9768148993616457,LightGBM__Top15__global__default,Top15,models/644e19e22a6c2779/LightGBM__Top15__global__default__global__all_history.joblib
turbine_1,2026-02-09 19:00:00+00:00,2026-02-11 13:00:00+00:00,42,D2,0.9893532457100002,LightGBM__Top15__global__default,Top15,models/644e19e22a6c2779/LightGBM__Top15__global__default__global__all_history.joblib
turbine_2,2026-02-09 19:00:00+00:00,2026-02-11 13:00:00+00:00,42,D2,0.9768005507702817,LightGBM__Top15__global__default,Top15,models/644e19e22a6c2779/LightGBM__Top15__global__default__global__all_history.joblib
turbine_1,2026-02-09 19:00:00+00:00,2026-02-11 14:00:00+00:00,43,D2,0.9882461430754674,LightGBM__Top15__global__default,Top15,models/644e19e22a6c2779/LightGBM__Top15__global__default__global__all_history.joblib
turbine_2,2026-02-09 19:00:00+00:00,2026-02-11 14:00:00+00:00,43,D2,0.9756914589203329,LightGBM__Top15__global__default,Top15,models/644e19e22a6c2779/LightGBM__Top15__global__default__global__all_history.joblib
turbine_1,2026-02-09 19:00:00+00:00,2026-02-11 15:00:00+00:00,44,D2,0.983861280649882,LightGBM__Top15__global__default,Top15,models/644e19e22a6c2779/LightGBM__Top15__global__default__global__all_history.joblib
turbine_2,2026-02-09 19:00:00+00:00,2026-02-11 15:00:00+00:00,44,D2,0.972255936976727,LightGBM__Top15__global__default,Top15,models/644e19e22a6c2779/LightGBM__Top15__global__default__global__all_history.joblib
turbine_1,2026-02-09 19:00:00+00:00,2026-02-11 16:00:00+00:00,45,D2,0.9860858176937344,LightGBM__Top15__global__default,Top15,models/644e19e22a6c2779/LightGBM__Top15__global__default__global__all_history.joblib
turbine_2,2026-02-09 19:00:00+00:00,2026-02-11 16:00:00+00:00,45,D2,0.9736316342974962,LightGBM__Top15__global__default,Top15,models/644e19e22a6c2779/LightGBM__Top15__global__default__global__all_history.joblib
turbine_1,2026-02-09 19:00:00+00:00,2026-02-11 17:00:00+00:00,46,D2,0.9520136555826272,LightGBM__Top15__global__default,Top15,models/644e19e22a6c2779/LightGBM__Top15__global__default__global__all_history.joblib
turbine_2,2026-02-09 19:00:00+00:00,2026-02-11 17:00:00+00:00,46,D2,0.9410497901803887,LightGBM__Top15__global__default,Top15,models/644e19e22a6c2779/LightGBM__Top15__global__default__global__all_history.joblib
turbine_1,2026-02-09 19:00:00+00:00,2026-02-11 18:00:00+00:00,47,D2,0.835968626506389,LightGBM__Top15__global__default,Top15,models/644e19e22a6c2779/LightGBM__Top15__global__default__global__all_history.joblib
turbine_2,2026-02-09 19:00:00+00:00,2026-02-11 18:00:00+00:00,47,D2,0.8332727197725277,LightGBM__Top15__global__default,Top15,models/644e19e22a6c2779/LightGBM__Top15__global__default__global__all_history.joblib
turbine_1,2026-02-09 19:00:00+00:00,2026-02-11 19:00:00+00:00,48,D2,0.8519815313179144,LightGBM__Top15__global__default,Top15,models/644e19e22a6c2779/LightGBM__Top15__global__default__global__all_history.joblib
turbine_2,2026-02-09 19:00:00+00:00,2026-02-11 19:00:00+00:00,48,D2,0.8492856245840531,LightGBM__Top15__global__default,Top15,models/644e19e22a6c2779/LightGBM__Top15__global__default__global__all_history.joblib
turbine_1,2026-02-10 19:00:00+00:00,2026-02-10 20:00:00+00:00,1,D1,0.9682215469639056,LightGBM__Top15__global__default,Top15,models/644e19e22a6c2779/LightGBM__Top15__global__default__global__all_history.joblib
turbine_2,2026-02-10 19:00:00+00:00,2026-02-10 20:00:00+00:00,1,D1,0.9677002099300664,LightGBM__Top15__global__default,Top15,models/644e19e22a6c2779/LightGBM__Top15__global__default__global__all_history.joblib
turbine_1,2026-02-10 19:00:00+00:00,2026-02-10 21:00:00+00:00,2,D1,0.826201437091911,LightGBM__Top15__global__default,Top15,models/644e19e22a6c2779/LightGBM__Top15__global__default__global__all_history.joblib
turbine_2,2026-02-10 19:00:00+00:00,2026-02-10 21:00:00+00:00,2,D1,0.827618349810147,LightGBM__Top15__global__default,Top15,models/644e19e22a6c2779/LightGBM__Top15__global__default__global__all_history.joblib
turbine_1,2026-02-10 19:00:00+00:00,2026-02-10 22:00:00+00:00,3,D1,0.8303387527825595,LightGBM__Top15__global__default,Top15,models/644e19e22a6c2779/LightGBM__Top15__global__default__global__all_history.joblib
turbine_2,2026-02-10 19:00:00+00:00,2026-02-10 22:00:00+00:00,3,D1,0.8312315217415107,LightGBM__Top15__global__default,Top15,models/644e19e22a6c2779/LightGBM__Top15__global__default__global__all_history.joblib
turbine_1,2026-02-10 19:00:00+00:00,2026-02-10 23:00:00+00:00,4,D1,0.6629369297847901,LightGBM__Top15__global__default,Top15,models/644e19e22a6c2779/LightGBM__Top15__global__default__global__all_history.joblib
turbine_2,2026-02-10 19:00:00+00:00,2026-02-10 23:00:00+00:00,4,D1,0.6630271948330169,LightGBM__Top15__global__default,Top15,models/644e19e22a6c2779/LightGBM__Top15__global__default__global__all_history.joblib
turbine_1,2026-02-10 19:00:00+00:00,2026-02-11 00:00:00+00:00,5,D1,0.45908738944090327,LightGBM__Top15__global__default,Top15,models/644e19e22a6c2779/LightGBM__Top15__global__default__global__all_history.joblib
turbine_2,2026-02-10 19:00:00+00:00,2026-02-11 00:00:00+00:00,5,D1,0.4588144936907708,LightGBM__Top15__global__default,Top15,models/644e19e22a6c2779/LightGBM__Top15__global__default__global__all_history.joblib
turbine_1,2026-02-10 19:00:00+00:00,2026-02-11 01:00:00+00:00,6,D1,0.10662427649516489,LightGBM__Top15__global__default,Top15,models/644e19e22a6c2779/LightGBM__Top15__global__default__global__all_history.joblib
turbine_2,2026-02-10 19:00:00+00:00,2026-02-11 01:00:00+00:00,6,D1,0.10009705159852544,LightGBM__Top15__global__default,Top15,models/644e19e22a6c2779/LightGBM__Top15__global__default__global__all_history.joblib
turbine_1,2026-02-10 19:00:00+00:00,2026-02-11 02:00:00+00:00,7,D1,0.030807212582197676,LightGBM__Top15__global__default,Top15,models/644e19e22a6c2779/LightGBM__Top15__global__default__global__all_history.joblib
turbine_2,2026-02-10 19:00:00+00:00,2026-02-11 02:00:00+00:00,7,D1,0.03295416586615368,LightGBM__Top15__global__default,Top15,models/644e19e22a6c2779/LightGBM__Top15__global__default__global__all_history.joblib
turbine_1,2026-02-10 19:00:00+00:00,2026-02-11 03:00:00+00:00,8,D1,0.07141067571289919,LightGBM__Top15__global__default,Top15,models/644e19e22a6c2779/LightGBM__Top15__global__default__global__all_history.joblib
turbine_2,2026-02-10 19:00:00+00:00,2026-02-11 03:00:00+00:00,8,D1,0.06908387528444665,LightGBM__Top15__global__default,Top15,models/644e19e22a6c2779/LightGBM__Top15__global__default__global__all_history.joblib
turbine_1,2026-02-10 19:00:00+00:00,2026-02-11 04:00:00+00:00,9,D1,0.059784446131243084,LightGBM__Top15__global__default,Top15,models/644e19e22a6c2779/LightGBM__Top15__global__default__global__all_history.joblib
turbine_2,2026-02-10 19:00:00+00:00,2026-02-11 04:00:00+00:00,9,D1,0.06744789681491699,LightGBM__Top15__global__default,Top15,models/644e19e22a6c2779/LightGBM__Top15__global__default__global__all_history.joblib
turbine_1,2026-02-10 19:00:00+00:00,2026-02-11 05:00:00+00:00,10,D1,0.1497136146377698,LightGBM__Top15__global__default,Top15,models/644e19e22a6c2779/LightGBM__Top15__global__default__global__all_history.joblib
turbine_2,2026-02-10 19:00:00+00:00,2026-02-11 05:00:00+00:00,10,D1,0.15204721296710869,LightGBM__Top15__global__default,Top15,models/644e19e22a6c2779/LightGBM__Top15__global__default__global__all_history.joblib
turbine_1,2026-02-10 19:00:00+00:00,2026-02-11 06:00:00+00:00,11,D1,0.4391501079628252,LightGBM__Top15__global__default,Top15,models/644e19e22a6c2779/LightGBM__Top15__global__default__global__all_history.joblib
turbine_2,2026-02-10 19:00:00+00:00,2026-02-11 06:00:00+00:00,11,D1,0.43887721221269277,LightGBM__Top15__global__default,Top15,models/644e19e22a6c2779/LightGBM__Top15__global__default__global__all_history.joblib
turbine_1,2026-02-10 19:00:00+00:00,2026-02-11 07:00:00+00:00,12,D1,0.6411322113050525,LightGBM__Top15__global__default,Top15,models/644e19e22a6c2779/LightGBM__Top15__global__default__global__all_history.joblib
turbine_2,2026-02-10 19:00:00+00:00,2026-02-11 07:00:00+00:00,12,D1,0.6408593155549197,LightGBM__Top15__global__default,Top15,models/644e19e22a6c2779/LightGBM__Top15__global__default__global__all_history.joblib
turbine_1,2026-02-10 19:00:00+00:00,2026-02-11 08:00:00+00:00,13,D1,0.2904801552417354,LightGBM__Top15__global__default,Top15,models/644e19e22a6c2779/LightGBM__Top15__global__default__global__all_history.joblib
turbine_2,2026-02-10 19:00:00+00:00,2026-02-11 08:00:00+00:00,13,D1,0.290207259491603,LightGBM__Top15__global__default,Top15,models/644e19e22a6c2779/LightGBM__Top15__global__default__global__all_history.joblib
turbine_1,2026-02-10 19:00:00+00:00,2026-02-11 09:00:00+00:00,14,D1,0.14253986912779606,LightGBM__Top15__global__default,Top15,models/644e19e22a6c2779/LightGBM__Top15__global__default__global__all_history.joblib
turbine_2,2026-02-10 19:00:00+00:00,2026-02-11 09:00:00+00:00,14,D1,0.14226697337766345,LightGBM__Top15__global__default,Top15,models/644e19e22a6c2779/LightGBM__Top15__global__default__global__all_history.joblib
turbine_1,2026-02-10 19:00:00+00:00,2026-02-11 10:00:00+00:00,15,D1,0.37311896479906526,LightGBM__Top15__global__default,Top15,models/644e19e22a6c2779/LightGBM__Top15__global__default__global__all_history.joblib
turbine_2,2026-02-10 19:00:00+00:00,2026-02-11 10:00:00+00:00,15,D1,0.37171801737430876,LightGBM__Top15__global__default,Top15,models/644e19e22a6c2779/LightGBM__Top15__global__default__global__all_history.joblib
turbine_1,2026-02-10 19:00:00+00:00,2026-02-11 11:00:00+00:00,16,D1,0.5941396944165055,LightGBM__Top15__global__default,Top15,models/644e19e22a6c2779/LightGBM__Top15__global__default__global__all_history.joblib
turbine_2,2026-02-10 19:00:00+00:00,2026-02-11 11:00:00+00:00,16,D1,0.5938667986663727,LightGBM__Top15__global__default,Top15,models/644e19e22a6c2779/LightGBM__Top15__global__default__global__all_history.joblib
turbine_1,2026-02-10 19:00:00+00:00,2026-02-11 12:00:00+00:00,17,D1,0.9366145921710879,LightGBM__Top15__global__default,Top15,models/644e19e22a6c2779/LightGBM__Top15__global__default__global__all_history.joblib
turbine_2,2026-02-10 19:00:00+00:00,2026-02-11 12:00:00+00:00,17,D1,0.9330260101326009,LightGBM__Top15__global__default,Top15,models/644e19e22a6c2779/LightGBM__Top15__global__default__global__all_history.joblib
turbine_1,2026-02-10 19:00:00+00:00,2026-02-11 13:00:00+00:00,18,D1,0.9851183382035337,LightGBM__Top15__global__default,Top15,models/644e19e22a6c2779/LightGBM__Top15__global__default__global__all_history.joblib
turbine_2,2026-02-10 19:00:00+00:00,2026-02-11 13:00:00+00:00,18,D1,0.972255936976727,LightGBM__Top15__global__default,Top15,models/644e19e22a6c2779/LightGBM__Top15__global__default__global__all_history.joblib
turbine_1,2026-02-10 19:00:00+00:00,2026-02-11 14:00:00+00:00,19,D1,0.9851263664501283,LightGBM__Top15__global__default,Top15,models/644e19e22a6c2779/LightGBM__Top15__global__default__global__all_history.joblib
turbine_2,2026-02-10 19:00:00+00:00,2026-02-11 14:00:00+00:00,19,D1,0.9752819802284436,LightGBM__Top15__global__default,Top15,models/644e19e22a6c2779/LightGBM__Top15__global__default__global__all_history.joblib
turbine_1,2026-02-10 19:00:00+00:00,2026-02-11 15:00:00+00:00,20,D1,0.9368362703145358,LightGBM__Top15__global__default,Top15,models/644e19e22a6c2779/LightGBM__Top15__global__default__global__all_history.joblib
turbine_2,2026-02-10 19:00:00+00:00,2026-02-11 15:00:00+00:00,20,D1,0.9294273493441989,LightGBM__Top15__global__default,Top15,models/644e19e22a6c2779/LightGBM__Top15__global__default__global__all_history.joblib
turbine_1,2026-02-10 19:00:00+00:00,2026-02-11 16:00:00+00:00,21,D1,0.9159948879228862,LightGBM__Top15__global__default,Top15,models/644e19e22a6c2779/LightGBM__Top15__global__default__global__all_history.joblib
turbine_2,2026-02-10 19:00:00+00:00,2026-02-11 16:00:00+00:00,21,D1,0.9051222270473477,LightGBM__Top15__global__default,Top15,models/644e19e22a6c2779/LightGBM__Top15__global__default__global__all_history.joblib
turbine_1,2026-02-10 19:00:00+00:00,2026-02-11 17:00:00+00:00,22,D1,0.8173977067552154,LightGBM__Top15__global__default,Top15,models/644e19e22a6c2779/LightGBM__Top15__global__default__global__all_history.joblib
turbine_2,2026-02-10 19:00:00+00:00,2026-02-11 17:00:00+00:00,22,D1,0.8147018000213541,LightGBM__Top15__global__default,Top15,models/644e19e22a6c2779/LightGBM__Top15__global__default__global__all_history.joblib
turbine_1,2026-02-10 19:00:00+00:00,2026-02-11 18:00:00+00:00,23,D1,0.4450437625157234,LightGBM__Top15__global__default,Top15,models/644e19e22a6c2779/LightGBM__Top15__global__default__global__all_history.joblib
turbine_2,2026-02-10 19:00:00+00:00,2026-02-11 18:00:00+00:00,23,D1,0.43552302261526626,LightGBM__Top15__global__default,Top15,models/644e19e22a6c2779/LightGBM__Top15__global__default__global__all_history.joblib
turbine_1,2026-02-10 19:00:00+00:00,2026-02-11 19:00:00+00:00,24,D1,0.5630727597838019,LightGBM__Top15__global__default,Top15,models/644e19e22a6c2779/LightGBM__Top15__global__default__global__all_history.joblib
turbine_2,2026-02-10 19:00:00+00:00,2026-02-11 19:00:00+00:00,24,D1,0.5527949805234487,LightGBM__Top15__global__default,Top15,models/644e19e22a6c2779/LightGBM__Top15__global__default__global__all_history.joblib
turbine_1,2026-02-10 19:00:00+00:00,2026-02-11 20:00:00+00:00,25,D2,0.73824528371579,LightGBM__Top15__global__default,Top15,models/644e19e22a6c2779/LightGBM__Top15__global__default__global__all_history.joblib
turbine_2,2026-02-10 19:00:00+00:00,2026-02-11 20:00:00+00:00,25,D2,0.7355493769819287,LightGBM__Top15__global__default,Top15,models/644e19e22a6c2779/LightGBM__Top15__global__default__global__all_history.joblib
turbine_1,2026-02-10 19:00:00+00:00,2026-02-11 21:00:00+00:00,26,D2,0.6217252952953534,LightGBM__Top15__global__default,Top15,models/644e19e22a6c2779/LightGBM__Top15__global__default__global__all_history.joblib
turbine_2,2026-02-10 19:00:00+00:00,2026-02-11 21:00:00+00:00,26,D2,0.619029388561492,LightGBM__Top15__global__default,Top15,models/644e19e22a6c2779/LightGBM__Top15__global__default__global__all_history.joblib
turbine_1,2026-02-10 19:00:00+00:00,2026-02-11 22:00:00+00:00,27,D2,0.6134481956744058,LightGBM__Top15__global__default,Top15,models/644e19e22a6c2779/LightGBM__Top15__global__default__global__all_history.joblib
turbine_2,2026-02-10 19:00:00+00:00,2026-02-11 22:00:00+00:00,27,D2,0.6107522889405445,LightGBM__Top15__global__default,Top15,models/644e19e22a6c2779/LightGBM__Top15__global__default__global__all_history.joblib
turbine_1,2026-02-10 19:00:00+00:00,2026-02-11 23:00:00+00:00,28,D2,0.5525340991843183,LightGBM__Top15__global__default,Top15,models/644e19e22a6c2779/LightGBM__Top15__global__default__global__all_history.joblib
turbine_2,2026-02-10 19:00:00+00:00,2026-02-11 23:00:00+00:00,28,D2,0.5430133592838607,LightGBM__Top15__global__default,Top15,models/644e19e22a6c2779/LightGBM__Top15__global__default__global__all_history.joblib
turbine_1,2026-02-10 19:00:00+00:00,2026-02-12 00:00:00+00:00,29,D2,0.5270036544497809,LightGBM__Top15__global__default,Top15,models/644e19e22a6c2779/LightGBM__Top15__global__default__global__all_history.joblib
turbine_2,2026-02-10 19:00:00+00:00,2026-02-12 00:00:00+00:00,29,D2,0.5174971453189394,LightGBM__Top15__global__default,Top15,models/644e19e22a6c2779/LightGBM__Top15__global__default__global__all_history.joblib
turbine_1,2026-02-10 19:00:00+00:00,2026-02-12 01:00:00+00:00,30,D2,0.31724564168772657,LightGBM__Top15__global__default,Top15,models/644e19e22a6c2779/LightGBM__Top15__global__default__global__all_history.joblib
turbine_2,2026-02-10 19:00:00+00:00,2026-02-12 01:00:00+00:00,30,D2,0.31439218867410756,LightGBM__Top15__global__default,Top15,models/644e19e22a6c2779/LightGBM__Top15__global__default__global__all_history.joblib
turbine_1,2026-02-10 19:00:00+00:00,2026-02-12 02:00:00+00:00,31,D2,0.20505998592035485,LightGBM__Top15__global__default,Top15,models/644e19e22a6c2779/LightGBM__Top15__global__default__global__all_history.joblib
turbine_2,2026-02-10 19:00:00+00:00,2026-02-12 02:00:00+00:00,31,D2,0.20516908866860925,LightGBM__Top15__global__default,Top15,models/644e19e22a6c2779/LightGBM__Top15__global__default__global__all_history.joblib
turbine_1,2026-02-10 19:00:00+00:00,2026-02-12 03:00:00+00:00,32,D2,0.09933185852332972,LightGBM__Top15__global__default,Top15,models/644e19e22a6c2779/LightGBM__Top15__global__default__global__all_history.joblib
turbine_2,2026-02-10 19:00:00+00:00,2026-02-12 03:00:00+00:00,32,D2,0.09539498122137333,LightGBM__Top15__global__default,Top15,models/644e19e22a6c2779/LightGBM__Top15__global__default__global__all_history.joblib
turbine_1,2026-02-10 19:00:00+00:00,2026-02-12 04:00:00+00:00,33,D2,0.07367514207379328,LightGBM__Top15__global__default,Top15,models/644e19e22a6c2779/LightGBM__Top15__global__default__global__all_history.joblib
turbine_2,2026-02-10 19:00:00+00:00,2026-02-12 04:00:00+00:00,33,D2,0.06952334467626997,LightGBM__Top15__global__default,Top15,models/644e19e22a6c2779/LightGBM__Top15__global__default__global__all_history.joblib
turbine_1,2026-02-10 19:00:00+00:00,2026-02-12 05:00:00+00:00,34,D2,0.015660482015150013,LightGBM__Top15__global__default,Top15,models/644e19e22a6c2779/LightGBM__Top15__global__default__global__all_history.joblib
turbine_2,2026-02-10 19:00:00+00:00,2026-02-12 05:00:00+00:00,34,D2,0.01650389494179538,LightGBM__Top15__global__default,Top15,models/644e19e22a6c2779/LightGBM__Top15__global__default__global__all_history.joblib
turbine_1,2026-02-10 19:00:00+00:00,2026-02-12 06:00:00+00:00,35,D2,0.004752835346892502,LightGBM__Top15__global__default,Top15,models/644e19e22a6c2779/LightGBM__Top15__global__default__global__all_history.joblib
turbine_2,2026-02-10 19:00:00+00:00,2026-02-12 06:00:00+00:00,35,D2,0.0040320546201396135,LightGBM__Top15__global__default,Top15,models/644e19e22a6c2779/LightGBM__Top15__global__default__global__all_history.joblib
turbine_1,2026-02-10 19:00:00+00:00,2026-02-12 07:00:00+00:00,36,D2,0.012246729919301112,LightGBM__Top15__global__default,Top15,models/644e19e22a6c2779/LightGBM__Top15__global__default__global__all_history.joblib
turbine_2,2026-02-10 19:00:00+00:00,2026-02-12 07:00:00+00:00,36,D2,0.01132547447489929,LightGBM__Top15__global__default,Top15,models/644e19e22a6c2779/LightGBM__Top15__global__default__global__all_history.joblib
turbine_1,2026-02-10 19:00:00+00:00,2026-02-12 08:00:00+00:00,37,D2,0.009601632873978595,LightGBM__Top15__global__default,Top15,models/644e19e22a6c2779/LightGBM__Top15__global__default__global__all_history.joblib
turbine_2,2026-02-10 19:00:00+00:00,2026-02-12 08:00:00+00:00,37,D2,0.00886936790962671,LightGBM__Top15__global__default,Top15,models/644e19e22a6c2779/LightGBM__Top15__global__default__global__all_history.joblib
turbine_1,2026-02-10 19:00:00+00:00,2026-02-12 09:00:00+00:00,38,D2,0.008973726527723824,LightGBM__Top15__global__default,Top15,models/644e19e22a6c2779/LightGBM__Top15__global__default__global__all_history.joblib
turbine_2,2026-02-10 19:00:00+00:00,2026-02-12 09:00:00+00:00,38,D2,0.00824146156337194,LightGBM__Top15__global__default,Top15,models/644e19e22a6c2779/LightGBM__Top15__global__default__global__all_history.joblib
turbine_1,2026-02-10 19:00:00+00:00,2026-02-12 10:00:00+00:00,39,D2,0.019036129314363267,LightGBM__Top15__global__default,Top15,models/644e19e22a6c2779/LightGBM__Top15__global__default__global__all_history.joblib
turbine_2,2026-02-10 19:00:00+00:00,2026-02-12 10:00:00+00:00,39,D2,0.01749017663671687,LightGBM__Top15__global__default,Top15,models/644e19e22a6c2779/LightGBM__Top15__global__default__global__all_history.joblib
turbine_1,2026-02-10 19:00:00+00:00,2026-02-12 11:00:00+00:00,40,D2,0.09270417177344714,LightGBM__Top15__global__default,Top15,models/644e19e22a6c2779/LightGBM__Top15__global__default__global__all_history.joblib
turbine_2,2026-02-10 19:00:00+00:00,2026-02-12 11:00:00+00:00,40,D2,0.08637200413098543,LightGBM__Top15__global__default,Top15,models/644e19e22a6c2779/LightGBM__Top15__global__default__global__all_history.joblib
turbine_1,2026-02-10 19:00:00+00:00,2026-02-12 12:00:00+00:00,41,D2,0.15561031920449606,LightGBM__Top15__global__default,Top15,models/644e19e22a6c2779/LightGBM__Top15__global__default__global__all_history.joblib
turbine_2,2026-02-10 19:00:00+00:00,2026-02-12 12:00:00+00:00,41,D2,0.16613302276166117,LightGBM__Top15__global__default,Top15,models/644e19e22a6c2779/LightGBM__Top15__global__default__global__all_history.joblib
turbine_1,2026-02-10 19:00:00+00:00,2026-02-12 13:00:00+00:00,42,D2,0.2028524512199494,LightGBM__Top15__global__default,Top15,models/644e19e22a6c2779/LightGBM__Top15__global__default__global__all_history.joblib
turbine_2,2026-02-10 19:00:00+00:00,2026-02-12 13:00:00+00:00,42,D2,0.1986864230528099,LightGBM__Top15__global__default,Top15,models/644e19e22a6c2779/LightGBM__Top15__global__default__global__all_history.joblib
turbine_1,2026-02-10 19:00:00+00:00,2026-02-12 14:00:00+00:00,43,D2,0.2007640784827417,LightGBM__Top15__global__default,Top15,models/644e19e22a6c2779/LightGBM__Top15__global__default__global__all_history.joblib
turbine_2,2026-02-10 19:00:00+00:00,2026-02-12 14:00:00+00:00,43,D2,0.19681297041116916,LightGBM__Top15__global__default,Top15,models/644e19e22a6c2779/LightGBM__Top15__global__default__global__all_history.joblib
turbine_1,2026-02-10 19:00:00+00:00,2026-02-12 15:00:00+00:00,44,D2,0.2185837704873684,LightGBM__Top15__global__default,Top15,models/644e19e22a6c2779/LightGBM__Top15__global__default__global__all_history.joblib
turbine_2,2026-02-10 19:00:00+00:00,2026-02-12 15:00:00+00:00,44,D2,0.21886886637610453,LightGBM__Top15__global__default,Top15,models/644e19e22a6c2779/LightGBM__Top15__global__default__global__all_history.joblib
turbine_1,2026-02-10 19:00:00+00:00,2026-02-12 16:00:00+00:00,45,D2,0.2669373575945188,LightGBM__Top15__global__default,Top15,models/644e19e22a6c2779/LightGBM__Top15__global__default__global__all_history.joblib
turbine_2,2026-02-10 19:00:00+00:00,2026-02-12 16:00:00+00:00,45,D2,0.2640696738112837,LightGBM__Top15__global__default,Top15,models/644e19e22a6c2779/LightGBM__Top15__global__default__global__all_history.joblib
turbine_1,2026-02-10 19:00:00+00:00,2026-02-12 17:00:00+00:00,46,D2,0.2030405057573416,LightGBM__Top15__global__default,Top15,models/644e19e22a6c2779/LightGBM__Top15__global__default__global__all_history.joblib
turbine_2,2026-02-10 19:00:00+00:00,2026-02-12 17:00:00+00:00,46,D2,0.20017282197410632,LightGBM__Top15__global__default,Top15,models/644e19e22a6c2779/LightGBM__Top15__global__default__global__all_history.joblib
turbine_1,2026-02-10 19:00:00+00:00,2026-02-12 18:00:00+00:00,47,D2,0.13126938048934586,LightGBM__Top15__global__default,Top15,models/644e19e22a6c2779/LightGBM__Top15__global__default__global__all_history.joblib
turbine_2,2026-02-10 19:00:00+00:00,2026-02-12 18:00:00+00:00,47,D2,0.1284016967061106,LightGBM__Top15__global__default,Top15,models/644e19e22a6c2779/LightGBM__Top15__global__default__global__all_history.joblib
turbine_1,2026-02-10 19:00:00+00:00,2026-02-12 19:00:00+00:00,48,D2,0.12124877763587978,LightGBM__Top15__global__default,Top15,models/644e19e22a6c2779/LightGBM__Top15__global__default__global__all_history.joblib
turbine_2,2026-02-10 19:00:00+00:00,2026-02-12 19:00:00+00:00,48,D2,0.11838109385264457,LightGBM__Top15__global__default,Top15,models/644e19e22a6c2779/LightGBM__Top15__global__default__global__all_history.joblib
turbine_1,2026-02-11 19:00:00+00:00,2026-02-11 20:00:00+00:00,1,D1,0.6077668968491186,LightGBM__Top15__global__default,Top15,models/644e19e22a6c2779/LightGBM__Top15__global__default__global__all_history.joblib
turbine_2,2026-02-11 19:00:00+00:00,2026-02-11 20:00:00+00:00,1,D1,0.6048992130658831,LightGBM__Top15__global__default,Top15,models/644e19e22a6c2779/LightGBM__Top15__global__default__global__all_history.joblib
turbine_1,2026-02-11 19:00:00+00:00,2026-02-11 21:00:00+00:00,2,D1,0.5180218699966417,LightGBM__Top15__global__default,Top15,models/644e19e22a6c2779/LightGBM__Top15__global__default__global__all_history.joblib
turbine_2,2026-02-11 19:00:00+00:00,2026-02-11 21:00:00+00:00,2,D1,0.5151541862134063,LightGBM__Top15__global__default,Top15,models/644e19e22a6c2779/LightGBM__Top15__global__default__global__all_history.joblib
turbine_1,2026-02-11 19:00:00+00:00,2026-02-11 22:00:00+00:00,3,D1,0.46044641819314475,LightGBM__Top15__global__default,Top15,models/644e19e22a6c2779/LightGBM__Top15__global__default__global__all_history.joblib
turbine_2,2026-02-11 19:00:00+00:00,2026-02-11 22:00:00+00:00,3,D1,0.4575787344099097,LightGBM__Top15__global__default,Top15,models/644e19e22a6c2779/LightGBM__Top15__global__default__global__all_history.joblib
turbine_1,2026-02-11 19:00:00+00:00,2026-02-11 23:00:00+00:00,4,D1,0.3691128878491014,LightGBM__Top15__global__default,Top15,models/644e19e22a6c2779/LightGBM__Top15__global__default__global__all_history.joblib
turbine_2,2026-02-11 19:00:00+00:00,2026-02-11 23:00:00+00:00,4,D1,0.36548816470597045,LightGBM__Top15__global__default,Top15,models/644e19e22a6c2779/LightGBM__Top15__global__default__global__all_history.joblib
turbine_1,2026-02-11 19:00:00+00:00,2026-02-12 00:00:00+00:00,5,D1,0.16210893635232027,LightGBM__Top15__global__default,Top15,models/644e19e22a6c2779/LightGBM__Top15__global__default__global__all_history.joblib
turbine_2,2026-02-11 19:00:00+00:00,2026-02-12 00:00:00+00:00,5,D1,0.15791035763841613,LightGBM__Top15__global__default,Top15,models/644e19e22a6c2779/LightGBM__Top15__global__default__global__all_history.joblib
turbine_1,2026-02-11 19:00:00+00:00,2026-02-12 01:00:00+00:00,6,D1,0.11096015482375456,LightGBM__Top15__global__default,Top15,models/644e19e22a6c2779/LightGBM__Top15__global__default__global__all_history.joblib
turbine_2,2026-02-11 19:00:00+00:00,2026-02-12 01:00:00+00:00,6,D1,0.10679412665661515,LightGBM__Top15__global__default,Top15,models/644e19e22a6c2779/LightGBM__Top15__global__default__global__all_history.joblib
turbine_1,2026-02-11 19:00:00+00:00,2026-02-12 02:00:00+00:00,7,D1,0.05346932203708906,LightGBM__Top15__global__default,Top15,models/644e19e22a6c2779/LightGBM__Top15__global__default__global__all_history.joblib
turbine_2,2026-02-11 19:00:00+00:00,2026-02-12 02:00:00+00:00,7,D1,0.054472056743021205,LightGBM__Top15__global__default,Top15,models/644e19e22a6c2779/LightGBM__Top15__global__default__global__all_history.joblib
turbine_1,2026-02-11 19:00:00+00:00,2026-02-12 03:00:00+00:00,8,D1,0.02886144519594725,LightGBM__Top15__global__default,Top15,models/644e19e22a6c2779/LightGBM__Top15__global__default__global__all_history.joblib
turbine_2,2026-02-11 19:00:00+00:00,2026-02-12 03:00:00+00:00,8,D1,0.02974058687355375,LightGBM__Top15__global__default,Top15,models/644e19e22a6c2779/LightGBM__Top15__global__default__global__all_history.joblib
turbine_1,2026-02-11 19:00:00+00:00,2026-02-12 04:00:00+00:00,9,D1,0.01031760938484097,LightGBM__Top15__global__default,Top15,models/644e19e22a6c2779/LightGBM__Top15__global__default__global__all_history.joblib
turbine_2,2026-02-11 19:00:00+00:00,2026-02-12 04:00:00+00:00,9,D1,0.01009264871130885,LightGBM__Top15__global__default,Top15,models/644e19e22a6c2779/LightGBM__Top15__global__default__global__all_history.joblib
turbine_1,2026-02-11 19:00:00+00:00,2026-02-12 05:00:00+00:00,10,D1,0.010043248608484453,LightGBM__Top15__global__default,Top15,models/644e19e22a6c2779/LightGBM__Top15__global__default__global__all_history.joblib
turbine_2,2026-02-11 19:00:00+00:00,2026-02-12 05:00:00+00:00,10,D1,0.009981221922250826,LightGBM__Top15__global__default,Top15,models/644e19e22a6c2779/LightGBM__Top15__global__default__global__all_history.joblib
turbine_1,2026-02-11 19:00:00+00:00,2026-02-12 06:00:00+00:00,11,D1,0.04298806799781083,LightGBM__Top15__global__default,Top15,models/644e19e22a6c2779/LightGBM__Top15__global__default__global__all_history.joblib
turbine_2,2026-02-11 19:00:00+00:00,2026-02-12 06:00:00+00:00,11,D1,0.04291022950185599,LightGBM__Top15__global__default,Top15,models/644e19e22a6c2779/LightGBM__Top15__global__default__global__all_history.joblib
turbine_1,2026-02-11 19:00:00+00:00,2026-02-12 07:00:00+00:00,12,D1,0.08741092777110988,LightGBM__Top15__global__default,Top15,models/644e19e22a6c2779/LightGBM__Top15__global__default__global__all_history.joblib
turbine_2,2026-02-11 19:00:00+00:00,2026-02-12 07:00:00+00:00,12,D1,0.08733308927515505,LightGBM__Top15__global__default,Top15,models/644e19e22a6c2779/LightGBM__Top15__global__default__global__all_history.joblib
turbine_1,2026-02-11 19:00:00+00:00,2026-02-12 08:00:00+00:00,13,D1,0.13754388731106507,LightGBM__Top15__global__default,Top15,models/644e19e22a6c2779/LightGBM__Top15__global__default__global__all_history.joblib
turbine_2,2026-02-11 19:00:00+00:00,2026-02-12 08:00:00+00:00,13,D1,0.13746604881511018,LightGBM__Top15__global__default,Top15,models/644e19e22a6c2779/LightGBM__Top15__global__default__global__all_history.joblib
turbine_1,2026-02-11 19:00:00+00:00,2026-02-12 09:00:00+00:00,14,D1,0.15218311189003222,LightGBM__Top15__global__default,Top15,models/644e19e22a6c2779/LightGBM__Top15__global__default__global__all_history.joblib
turbine_2,2026-02-11 19:00:00+00:00,2026-02-12 09:00:00+00:00,14,D1,0.15194474354164458,LightGBM__Top15__global__default,Top15,models/644e19e22a6c2779/LightGBM__Top15__global__default__global__all_history.joblib
turbine_1,2026-02-11 19:00:00+00:00,2026-02-12 10:00:00+00:00,15,D1,0.09967140233966047,LightGBM__Top15__global__default,Top15,models/644e19e22a6c2779/LightGBM__Top15__global__default__global__all_history.joblib
turbine_2,2026-02-11 19:00:00+00:00,2026-02-12 10:00:00+00:00,15,D1,0.09943303399127289,LightGBM__Top15__global__default,Top15,models/644e19e22a6c2779/LightGBM__Top15__global__default__global__all_history.joblib
turbine_1,2026-02-11 19:00:00+00:00,2026-02-12 11:00:00+00:00,16,D1,0.16505905027339565,LightGBM__Top15__global__default,Top15,models/644e19e22a6c2779/LightGBM__Top15__global__default__global__all_history.joblib
turbine_2,2026-02-11 19:00:00+00:00,2026-02-12 11:00:00+00:00,16,D1,0.164820681925008,LightGBM__Top15__global__default,Top15,models/644e19e22a6c2779/LightGBM__Top15__global__default__global__all_history.joblib
turbine_1,2026-02-11 19:00:00+00:00,2026-02-12 12:00:00+00:00,17,D1,0.09204613749774583,LightGBM__Top15__global__default,Top15,models/644e19e22a6c2779/LightGBM__Top15__global__default__global__all_history.joblib
turbine_2,2026-02-11 19:00:00+00:00,2026-02-12 12:00:00+00:00,17,D1,0.09104148984410788,LightGBM__Top15__global__default,Top15,models/644e19e22a6c2779/LightGBM__Top15__global__default__global__all_history.joblib
turbine_1,2026-02-11 19:00:00+00:00,2026-02-12 13:00:00+00:00,18,D1,0.18405840825829103,LightGBM__Top15__global__default,Top15,models/644e19e22a6c2779/LightGBM__Top15__global__default__global__all_history.joblib
turbine_2,2026-02-11 19:00:00+00:00,2026-02-12 13:00:00+00:00,18,D1,0.18398056976233615,LightGBM__Top15__global__default,Top15,models/644e19e22a6c2779/LightGBM__Top15__global__default__global__all_history.joblib
turbine_1,2026-02-11 19:00:00+00:00,2026-02-12 14:00:00+00:00,19,D1,0.2873475926474833,LightGBM__Top15__global__default,Top15,models/644e19e22a6c2779/LightGBM__Top15__global__default__global__all_history.joblib
turbine_2,2026-02-11 19:00:00+00:00,2026-02-12 14:00:00+00:00,19,D1,0.2844799088642482,LightGBM__Top15__global__default,Top15,models/644e19e22a6c2779/LightGBM__Top15__global__default__global__all_history.joblib
turbine_1,2026-02-11 19:00:00+00:00,2026-02-12 15:00:00+00:00,20,D1,0.1804911102652986,LightGBM__Top15__global__default,Top15,models/644e19e22a6c2779/LightGBM__Top15__global__default__global__all_history.joblib
turbine_2,2026-02-11 19:00:00+00:00,2026-02-12 15:00:00+00:00,20,D1,0.1776234264820634,LightGBM__Top15__global__default,Top15,models/644e19e22a6c2779/LightGBM__Top15__global__default__global__all_history.joblib
turbine_1,2026-02-11 19:00:00+00:00,2026-02-12 16:00:00+00:00,21,D1,0.11207384787935398,LightGBM__Top15__global__default,Top15,models/644e19e22a6c2779/LightGBM__Top15__global__default__global__all_history.joblib
turbine_2,2026-02-11 19:00:00+00:00,2026-02-12 16:00:00+00:00,21,D1,0.10920616409611877,LightGBM__Top15__global__default,Top15,models/644e19e22a6c2779/LightGBM__Top15__global__default__global__all_history.joblib
turbine_1,2026-02-11 19:00:00+00:00,2026-02-12 17:00:00+00:00,22,D1,0.054362322452751626,LightGBM__Top15__global__default,Top15,models/644e19e22a6c2779/LightGBM__Top15__global__default__global__all_history.joblib
turbine_2,2026-02-11 19:00:00+00:00,2026-02-12 17:00:00+00:00,22,D1,0.05073759930962063,LightGBM__Top15__global__default,Top15,models/644e19e22a6c2779/LightGBM__Top15__global__default__global__all_history.joblib
turbine_1,2026-02-11 19:00:00+00:00,2026-02-12 18:00:00+00:00,23,D1,0.008478702588117027,LightGBM__Top15__global__default,Top15,models/644e19e22a6c2779/LightGBM__Top15__global__default__global__all_history.joblib
turbine_2,2026-02-11 19:00:00+00:00,2026-02-12 18:00:00+00:00,23,D1,0.009605314908055131,LightGBM__Top15__global__default,Top15,models/644e19e22a6c2779/LightGBM__Top15__global__default__global__all_history.joblib
turbine_1,2026-02-11 19:00:00+00:00,2026-02-12 19:00:00+00:00,24,D1,0.011183642670525174,LightGBM__Top15__global__default,Top15,models/644e19e22a6c2779/LightGBM__Top15__global__default__global__all_history.joblib
turbine_2,2026-02-11 19:00:00+00:00,2026-02-12 19:00:00+00:00,24,D1,0.01177686482826681,LightGBM__Top15__global__default,Top15,models/644e19e22a6c2779/LightGBM__Top15__global__default__global__all_history.joblib
turbine_1,2026-02-11 19:00:00+00:00,2026-02-12 20:00:00+00:00,25,D2,0.06993863587243168,LightGBM__Top15__global__default,Top15,models/644e19e22a6c2779/LightGBM__Top15__global__default__global__all_history.joblib
turbine_2,2026-02-11 19:00:00+00:00,2026-02-12 20:00:00+00:00,25,D2,0.06986079737647685,LightGBM__Top15__global__default,Top15,models/644e19e22a6c2779/LightGBM__Top15__global__default__global__all_history.joblib
turbine_1,2026-02-11 19:00:00+00:00,2026-02-12 21:00:00+00:00,26,D2,0.019629959790887986,LightGBM__Top15__global__default,Top15,models/644e19e22a6c2779/LightGBM__Top15__global__default__global__all_history.joblib
turbine_2,2026-02-11 19:00:00+00:00,2026-02-12 21:00:00+00:00,26,D2,0.019552121294933146,LightGBM__Top15__global__default,Top15,models/644e19e22a6c2779/LightGBM__Top15__global__default__global__all_history.joblib
turbine_1,2026-02-11 19:00:00+00:00,2026-02-12 22:00:00+00:00,27,D2,0.0,LightGBM__Top15__global__default,Top15,models/644e19e22a6c2779/LightGBM__Top15__global__default__global__all_history.joblib
turbine_2,2026-02-11 19:00:00+00:00,2026-02-12 22:00:00+00:00,27,D2,0.0,LightGBM__Top15__global__default,Top15,models/644e19e22a6c2779/LightGBM__Top15__global__default__global__all_history.joblib
turbine_1,2026-02-11 19:00:00+00:00,2026-02-12 23:00:00+00:00,28,D2,0.007052249433779815,LightGBM__Top15__global__default,Top15,models/644e19e22a6c2779/LightGBM__Top15__global__default__global__all_history.joblib
turbine_2,2026-02-11 19:00:00+00:00,2026-02-12 23:00:00+00:00,28,D2,0.006861289493436369,LightGBM__Top15__global__default,Top15,models/644e19e22a6c2779/LightGBM__Top15__global__default__global__all_history.joblib
turbine_1,2026-02-11 19:00:00+00:00,2026-02-13 00:00:00+00:00,29,D2,0.011454327529228012,LightGBM__Top15__global__default,Top15,models/644e19e22a6c2779/LightGBM__Top15__global__default__global__all_history.joblib
turbine_2,2026-02-11 19:00:00+00:00,2026-02-13 00:00:00+00:00,29,D2,0.011127206570540886,LightGBM__Top15__global__default,Top15,models/644e19e22a6c2779/LightGBM__Top15__global__default__global__all_history.joblib
turbine_1,2026-02-11 19:00:00+00:00,2026-02-13 01:00:00+00:00,30,D2,0.012686283262460863,LightGBM__Top15__global__default,Top15,models/644e19e22a6c2779/LightGBM__Top15__global__default__global__all_history.joblib
turbine_2,2026-02-11 19:00:00+00:00,2026-02-13 01:00:00+00:00,30,D2,0.012168938393675895,LightGBM__Top15__global__default,Top15,models/644e19e22a6c2779/LightGBM__Top15__global__default__global__all_history.joblib
turbine_1,2026-02-11 19:00:00+00:00,2026-02-13 02:00:00+00:00,31,D2,0.02457901441507068,LightGBM__Top15__global__default,Top15,models/644e19e22a6c2779/LightGBM__Top15__global__default__global__all_history.joblib
turbine_2,2026-02-11 19:00:00+00:00,2026-02-13 02:00:00+00:00,31,D2,0.024094220093050386,LightGBM__Top15__global__default,Top15,models/644e19e22a6c2779/LightGBM__Top15__global__default__global__all_history.joblib
turbine_1,2026-02-11 19:00:00+00:00,2026-02-13 03:00:00+00:00,32,D2,0.03132761553299555,LightGBM__Top15__global__default,Top15,models/644e19e22a6c2779/LightGBM__Top15__global__default__global__all_history.joblib
turbine_2,2026-02-11 19:00:00+00:00,2026-02-13 03:00:00+00:00,32,D2,0.03084282121097526,LightGBM__Top15__global__default,Top15,models/644e19e22a6c2779/LightGBM__Top15__global__default__global__all_history.joblib
turbine_1,2026-02-11 19:00:00+00:00,2026-02-13 04:00:00+00:00,33,D2,0.04218229399003872,LightGBM__Top15__global__default,Top15,models/644e19e22a6c2779/LightGBM__Top15__global__default__global__all_history.joblib
turbine_2,2026-02-11 19:00:00+00:00,2026-02-13 04:00:00+00:00,33,D2,0.04169749966801843,LightGBM__Top15__global__default,Top15,models/644e19e22a6c2779/LightGBM__Top15__global__default__global__all_history.joblib
turbine_1,2026-02-11 19:00:00+00:00,2026-02-13 05:00:00+00:00,34,D2,0.03441347449640303,LightGBM__Top15__global__default,Top15,models/644e19e22a6c2779/LightGBM__Top15__global__default__global__all_history.joblib
turbine_2,2026-02-11 19:00:00+00:00,2026-02-13 05:00:00+00:00,34,D2,0.03392868017438273,LightGBM__Top15__global__default,Top15,models/644e19e22a6c2779/LightGBM__Top15__global__default__global__all_history.joblib
turbine_1,2026-02-11 19:00:00+00:00,2026-02-13 06:00:00+00:00,35,D2,0.02564276914617455,LightGBM__Top15__global__default,Top15,models/644e19e22a6c2779/LightGBM__Top15__global__default__global__all_history.joblib
turbine_2,2026-02-11 19:00:00+00:00,2026-02-13 06:00:00+00:00,35,D2,0.024910504181822665,LightGBM__Top15__global__default,Top15,models/644e19e22a6c2779/LightGBM__Top15__global__default__global__all_history.joblib
turbine_1,2026-02-11 19:00:00+00:00,2026-02-13 07:00:00+00:00,36,D2,0.015347075311301034,LightGBM__Top15__global__default,Top15,models/644e19e22a6c2779/LightGBM__Top15__global__default__global__all_history.joblib
turbine_2,2026-02-11 19:00:00+00:00,2026-02-13 07:00:00+00:00,36,D2,0.014660012785235106,LightGBM__Top15__global__default,Top15,models/644e19e22a6c2779/LightGBM__Top15__global__default__global__all_history.joblib
turbine_1,2026-02-11 19:00:00+00:00,2026-02-13 08:00:00+00:00,37,D2,0.012250167673334257,LightGBM__Top15__global__default,Top15,models/644e19e22a6c2779/LightGBM__Top15__global__default__global__all_history.joblib
turbine_2,2026-02-11 19:00:00+00:00,2026-02-13 08:00:00+00:00,37,D2,0.012160355125432057,LightGBM__Top15__global__default,Top15,models/644e19e22a6c2779/LightGBM__Top15__global__default__global__all_history.joblib
turbine_1,2026-02-11 19:00:00+00:00,2026-02-13 09:00:00+00:00,38,D2,0.009758124647143934,LightGBM__Top15__global__default,Top15,models/644e19e22a6c2779/LightGBM__Top15__global__default__global__all_history.joblib
turbine_2,2026-02-11 19:00:00+00:00,2026-02-13 09:00:00+00:00,38,D2,0.009746859833895527,LightGBM__Top15__global__default,Top15,models/644e19e22a6c2779/LightGBM__Top15__global__default__global__all_history.joblib
turbine_1,2026-02-11 19:00:00+00:00,2026-02-13 10:00:00+00:00,39,D2,0.01096218361058948,LightGBM__Top15__global__default,Top15,models/644e19e22a6c2779/LightGBM__Top15__global__default__global__all_history.joblib
turbine_2,2026-02-11 19:00:00+00:00,2026-02-13 10:00:00+00:00,39,D2,0.010900156924355853,LightGBM__Top15__global__default,Top15,models/644e19e22a6c2779/LightGBM__Top15__global__default__global__all_history.joblib
turbine_1,2026-02-11 19:00:00+00:00,2026-02-13 11:00:00+00:00,40,D2,0.01094337321876091,LightGBM__Top15__global__default,Top15,models/644e19e22a6c2779/LightGBM__Top15__global__default__global__all_history.joblib
turbine_2,2026-02-11 19:00:00+00:00,2026-02-13 11:00:00+00:00,40,D2,0.010892830770126283,LightGBM__Top15__global__default,Top15,models/644e19e22a6c2779/LightGBM__Top15__global__default__global__all_history.joblib
turbine_1,2026-02-11 19:00:00+00:00,2026-02-13 12:00:00+00:00,41,D2,0.018514398284154385,LightGBM__Top15__global__default,Top15,models/644e19e22a6c2779/LightGBM__Top15__global__default__global__all_history.joblib
turbine_2,2026-02-11 19:00:00+00:00,2026-02-13 12:00:00+00:00,41,D2,0.019107620441896015,LightGBM__Top15__global__default,Top15,models/644e19e22a6c2779/LightGBM__Top15__global__default__global__all_history.joblib
turbine_1,2026-02-11 19:00:00+00:00,2026-02-13 13:00:00+00:00,42,D2,0.033746414269516814,LightGBM__Top15__global__default,Top15,models/644e19e22a6c2779/LightGBM__Top15__global__default__global__all_history.joblib
turbine_2,2026-02-11 19:00:00+00:00,2026-02-13 13:00:00+00:00,42,D2,0.034614071709524304,LightGBM__Top15__global__default,Top15,models/644e19e22a6c2779/LightGBM__Top15__global__default__global__all_history.joblib
turbine_1,2026-02-11 19:00:00+00:00,2026-02-13 14:00:00+00:00,43,D2,0.05318328163224151,LightGBM__Top15__global__default,Top15,models/644e19e22a6c2779/LightGBM__Top15__global__default__global__all_history.joblib
turbine_2,2026-02-11 19:00:00+00:00,2026-02-13 14:00:00+00:00,43,D2,0.054050939072249005,LightGBM__Top15__global__default,Top15,models/644e19e22a6c2779/LightGBM__Top15__global__default__global__all_history.joblib
turbine_1,2026-02-11 19:00:00+00:00,2026-02-13 15:00:00+00:00,44,D2,0.07907466283565426,LightGBM__Top15__global__default,Top15,models/644e19e22a6c2779/LightGBM__Top15__global__default__global__all_history.joblib
turbine_2,2026-02-11 19:00:00+00:00,2026-02-13 15:00:00+00:00,44,D2,0.08061126849863376,LightGBM__Top15__global__default,Top15,models/644e19e22a6c2779/LightGBM__Top15__global__default__global__all_history.joblib
turbine_1,2026-02-11 19:00:00+00:00,2026-02-13 16:00:00+00:00,45,D2,0.16392310987081038,LightGBM__Top15__global__default,Top15,models/644e19e22a6c2779/LightGBM__Top15__global__default__global__all_history.joblib
turbine_2,2026-02-11 19:00:00+00:00,2026-02-13 16:00:00+00:00,45,D2,0.1491945760913187,LightGBM__Top15__global__default,Top15,models/644e19e22a6c2779/LightGBM__Top15__global__default__global__all_history.joblib
turbine_1,2026-02-11 19:00:00+00:00,2026-02-13 17:00:00+00:00,46,D2,0.21835104353308177,LightGBM__Top15__global__default,Top15,models/644e19e22a6c2779/LightGBM__Top15__global__default__global__all_history.joblib
turbine_2,2026-02-11 19:00:00+00:00,2026-02-13 17:00:00+00:00,46,D2,0.21720376333555572,LightGBM__Top15__global__default,Top15,models/644e19e22a6c2779/LightGBM__Top15__global__default__global__all_history.joblib
turbine_1,2026-02-11 19:00:00+00:00,2026-02-13 18:00:00+00:00,47,D2,0.6113603479768517,LightGBM__Top15__global__default,Top15,models/644e19e22a6c2779/LightGBM__Top15__global__default__global__all_history.joblib
turbine_2,2026-02-11 19:00:00+00:00,2026-02-13 18:00:00+00:00,47,D2,0.6140495951246752,LightGBM__Top15__global__default,Top15,models/644e19e22a6c2779/LightGBM__Top15__global__default__global__all_history.joblib
turbine_1,2026-02-11 19:00:00+00:00,2026-02-13 19:00:00+00:00,48,D2,0.4933569820019304,LightGBM__Top15__global__default,Top15,models/644e19e22a6c2779/LightGBM__Top15__global__default__global__all_history.joblib
turbine_2,2026-02-11 19:00:00+00:00,2026-02-13 19:00:00+00:00,48,D2,0.4945594281897831,LightGBM__Top15__global__default,Top15,models/644e19e22a6c2779/LightGBM__Top15__global__default__global__all_history.joblib
turbine_1,2026-02-12 19:00:00+00:00,2026-02-12 20:00:00+00:00,1,D1,0.01125814831253166,LightGBM__Top15__global__default,Top15,models/644e19e22a6c2779/LightGBM__Top15__global__default__global__all_history.joblib
turbine_2,2026-02-12 19:00:00+00:00,2026-02-12 20:00:00+00:00,1,D1,0.011196121626298032,LightGBM__Top15__global__default,Top15,models/644e19e22a6c2779/LightGBM__Top15__global__default__global__all_history.joblib
turbine_1,2026-02-12 19:00:00+00:00,2026-02-12 21:00:00+00:00,2,D1,0.011189654092237333,LightGBM__Top15__global__default,Top15,models/644e19e22a6c2779/LightGBM__Top15__global__default__global__all_history.joblib
turbine_2,2026-02-12 19:00:00+00:00,2026-02-12 21:00:00+00:00,2,D1,0.011127627406003706,LightGBM__Top15__global__default,Top15,models/644e19e22a6c2779/LightGBM__Top15__global__default__global__all_history.joblib
turbine_1,2026-02-12 19:00:00+00:00,2026-02-12 22:00:00+00:00,3,D1,0.012499472389763991,LightGBM__Top15__global__default,Top15,models/644e19e22a6c2779/LightGBM__Top15__global__default__global__all_history.joblib
turbine_2,2026-02-12 19:00:00+00:00,2026-02-12 22:00:00+00:00,3,D1,0.012437445703530364,LightGBM__Top15__global__default,Top15,models/644e19e22a6c2779/LightGBM__Top15__global__default__global__all_history.joblib
turbine_1,2026-02-12 19:00:00+00:00,2026-02-12 23:00:00+00:00,4,D1,0.011866415487255469,LightGBM__Top15__global__default,Top15,models/644e19e22a6c2779/LightGBM__Top15__global__default__global__all_history.joblib
turbine_2,2026-02-12 19:00:00+00:00,2026-02-12 23:00:00+00:00,4,D1,0.011776602939353268,LightGBM__Top15__global__default,Top15,models/644e19e22a6c2779/LightGBM__Top15__global__default__global__all_history.joblib
turbine_1,2026-02-12 19:00:00+00:00,2026-02-13 00:00:00+00:00,5,D1,0.009143343814085266,LightGBM__Top15__global__default,Top15,models/644e19e22a6c2779/LightGBM__Top15__global__default__global__all_history.joblib
turbine_2,2026-02-12 19:00:00+00:00,2026-02-13 00:00:00+00:00,5,D1,0.010130668977387418,LightGBM__Top15__global__default,Top15,models/644e19e22a6c2779/LightGBM__Top15__global__default__global__all_history.joblib
turbine_1,2026-02-12 19:00:00+00:00,2026-02-13 01:00:00+00:00,6,D1,0.009976142147423447,LightGBM__Top15__global__default,Top15,models/644e19e22a6c2779/LightGBM__Top15__global__default__global__all_history.joblib
turbine_2,2026-02-12 19:00:00+00:00,2026-02-13 01:00:00+00:00,6,D1,0.010715996668394005,LightGBM__Top15__global__default,Top15,models/644e19e22a6c2779/LightGBM__Top15__global__default__global__all_history.joblib
turbine_1,2026-02-12 19:00:00+00:00,2026-02-13 02:00:00+00:00,7,D1,0.0009470987141734494,LightGBM__Top15__global__default,Top15,models/644e19e22a6c2779/LightGBM__Top15__global__default__global__all_history.joblib
turbine_2,2026-02-12 19:00:00+00:00,2026-02-13 02:00:00+00:00,7,D1,0.0019344238774755993,LightGBM__Top15__global__default,Top15,models/644e19e22a6c2779/LightGBM__Top15__global__default__global__all_history.joblib
turbine_1,2026-02-12 19:00:00+00:00,2026-02-13 03:00:00+00:00,8,D1,0.008526310947447565,LightGBM__Top15__global__default,Top15,models/644e19e22a6c2779/LightGBM__Top15__global__default__global__all_history.joblib
turbine_2,2026-02-12 19:00:00+00:00,2026-02-13 03:00:00+00:00,8,D1,0.008233351426942148,LightGBM__Top15__global__default,Top15,models/644e19e22a6c2779/LightGBM__Top15__global__default__global__all_history.joblib
turbine_1,2026-02-12 19:00:00+00:00,2026-02-13 04:00:00+00:00,9,D1,0.013943661183280429,LightGBM__Top15__global__default,Top15,models/644e19e22a6c2779/LightGBM__Top15__global__default__global__all_history.joblib
turbine_2,2026-02-12 19:00:00+00:00,2026-02-13 04:00:00+00:00,9,D1,0.013650701662775017,LightGBM__Top15__global__default,Top15,models/644e19e22a6c2779/LightGBM__Top15__global__default__global__all_history.joblib
turbine_1,2026-02-12 19:00:00+00:00,2026-02-13 05:00:00+00:00,10,D1,0.033202947937096036,LightGBM__Top15__global__default,Top15,models/644e19e22a6c2779/LightGBM__Top15__global__default__global__all_history.joblib
turbine_2,2026-02-12 19:00:00+00:00,2026-02-13 05:00:00+00:00,10,D1,0.03301198799675259,LightGBM__Top15__global__default,Top15,models/644e19e22a6c2779/LightGBM__Top15__global__default__global__all_history.joblib
turbine_1,2026-02-12 19:00:00+00:00,2026-02-13 06:00:00+00:00,11,D1,0.012851290098101572,LightGBM__Top15__global__default,Top15,models/644e19e22a6c2779/LightGBM__Top15__global__default__global__all_history.joblib
turbine_2,2026-02-12 19:00:00+00:00,2026-02-13 06:00:00+00:00,11,D1,0.012773451602146735,LightGBM__Top15__global__default,Top15,models/644e19e22a6c2779/LightGBM__Top15__global__default__global__all_history.joblib
turbine_1,2026-02-12 19:00:00+00:00,2026-02-13 07:00:00+00:00,12,D1,0.018963748498169973,LightGBM__Top15__global__default,Top15,models/644e19e22a6c2779/LightGBM__Top15__global__default__global__all_history.joblib
turbine_2,2026-02-12 19:00:00+00:00,2026-02-13 07:00:00+00:00,12,D1,0.018681829977768807,LightGBM__Top15__global__default,Top15,models/644e19e22a6c2779/LightGBM__Top15__global__default__global__all_history.joblib
turbine_1,2026-02-12 19:00:00+00:00,2026-02-13 08:00:00+00:00,13,D1,0.018331289296877117,LightGBM__Top15__global__default,Top15,models/644e19e22a6c2779/LightGBM__Top15__global__default__global__all_history.joblib
turbine_2,2026-02-12 19:00:00+00:00,2026-02-13 08:00:00+00:00,13,D1,0.01789169741314279,LightGBM__Top15__global__default,Top15,models/644e19e22a6c2779/LightGBM__Top15__global__default__global__all_history.joblib
turbine_1,2026-02-12 19:00:00+00:00,2026-02-13 09:00:00+00:00,14,D1,0.010702415939481527,LightGBM__Top15__global__default,Top15,models/644e19e22a6c2779/LightGBM__Top15__global__default__global__all_history.joblib
turbine_2,2026-02-12 19:00:00+00:00,2026-02-13 09:00:00+00:00,14,D1,0.011307122334822164,LightGBM__Top15__global__default,Top15,models/644e19e22a6c2779/LightGBM__Top15__global__default__global__all_history.joblib
turbine_1,2026-02-12 19:00:00+00:00,2026-02-13 10:00:00+00:00,15,D1,0.011502077391093126,LightGBM__Top15__global__default,Top15,models/644e19e22a6c2779/LightGBM__Top15__global__default__global__all_history.joblib
turbine_2,2026-02-12 19:00:00+00:00,2026-02-13 10:00:00+00:00,15,D1,0.012502970683946448,LightGBM__Top15__global__default,Top15,models/644e19e22a6c2779/LightGBM__Top15__global__default__global__all_history.joblib
turbine_1,2026-02-12 19:00:00+00:00,2026-02-13 11:00:00+00:00,16,D1,0.011486873659243299,LightGBM__Top15__global__default,Top15,models/644e19e22a6c2779/LightGBM__Top15__global__default__global__all_history.joblib
turbine_2,2026-02-12 19:00:00+00:00,2026-02-13 11:00:00+00:00,16,D1,0.011424846973009672,LightGBM__Top15__global__default,Top15,models/644e19e22a6c2779/LightGBM__Top15__global__default__global__all_history.joblib
turbine_1,2026-02-12 19:00:00+00:00,2026-02-13 12:00:00+00:00,17,D1,0.017140839458044888,LightGBM__Top15__global__default,Top15,models/644e19e22a6c2779/LightGBM__Top15__global__default__global__all_history.joblib
turbine_2,2026-02-12 19:00:00+00:00,2026-02-13 12:00:00+00:00,17,D1,0.01779630772637074,LightGBM__Top15__global__default,Top15,models/644e19e22a6c2779/LightGBM__Top15__global__default__global__all_history.joblib
turbine_1,2026-02-12 19:00:00+00:00,2026-02-13 13:00:00+00:00,18,D1,0.029399655076732433,LightGBM__Top15__global__default,Top15,models/644e19e22a6c2779/LightGBM__Top15__global__default__global__all_history.joblib
turbine_2,2026-02-12 19:00:00+00:00,2026-02-13 13:00:00+00:00,18,D1,0.030267312516739933,LightGBM__Top15__global__default,Top15,models/644e19e22a6c2779/LightGBM__Top15__global__default__global__all_history.joblib
turbine_1,2026-02-12 19:00:00+00:00,2026-02-13 14:00:00+00:00,19,D1,0.10093135302386576,LightGBM__Top15__global__default,Top15,models/644e19e22a6c2779/LightGBM__Top15__global__default__global__all_history.joblib
turbine_2,2026-02-12 19:00:00+00:00,2026-02-13 14:00:00+00:00,19,D1,0.10179901046387328,LightGBM__Top15__global__default,Top15,models/644e19e22a6c2779/LightGBM__Top15__global__default__global__all_history.joblib
turbine_1,2026-02-12 19:00:00+00:00,2026-02-13 15:00:00+00:00,20,D1,0.24525323928774984,LightGBM__Top15__global__default,Top15,models/644e19e22a6c2779/LightGBM__Top15__global__default__global__all_history.joblib
turbine_2,2026-02-12 19:00:00+00:00,2026-02-13 15:00:00+00:00,20,D1,0.24523928452407004,LightGBM__Top15__global__default,Top15,models/644e19e22a6c2779/LightGBM__Top15__global__default__global__all_history.joblib
turbine_1,2026-02-12 19:00:00+00:00,2026-02-13 16:00:00+00:00,21,D1,0.40021620051933576,LightGBM__Top15__global__default,Top15,models/644e19e22a6c2779/LightGBM__Top15__global__default__global__all_history.joblib
turbine_2,2026-02-12 19:00:00+00:00,2026-02-13 16:00:00+00:00,21,D1,0.39379666028076565,LightGBM__Top15__global__default,Top15,models/644e19e22a6c2779/LightGBM__Top15__global__default__global__all_history.joblib
turbine_1,2026-02-12 19:00:00+00:00,2026-02-13 17:00:00+00:00,22,D1,0.45953946257829764,LightGBM__Top15__global__default,Top15,models/644e19e22a6c2779/LightGBM__Top15__global__default__global__all_history.joblib
turbine_2,2026-02-12 19:00:00+00:00,2026-02-13 17:00:00+00:00,22,D1,0.45070631222207364,LightGBM__Top15__global__default,Top15,models/644e19e22a6c2779/LightGBM__Top15__global__default__global__all_history.joblib
turbine_1,2026-02-12 19:00:00+00:00,2026-02-13 18:00:00+00:00,23,D1,0.5695892518350277,LightGBM__Top15__global__default,Top15,models/644e19e22a6c2779/LightGBM__Top15__global__default__global__all_history.joblib
turbine_2,2026-02-12 19:00:00+00:00,2026-02-13 18:00:00+00:00,23,D1,0.5688796661899309,LightGBM__Top15__global__default,Top15,models/644e19e22a6c2779/LightGBM__Top15__global__default__global__all_history.joblib
turbine_1,2026-02-12 19:00:00+00:00,2026-02-13 19:00:00+00:00,24,D1,0.7287887552661215,LightGBM__Top15__global__default,Top15,models/644e19e22a6c2779/LightGBM__Top15__global__default__global__all_history.joblib
turbine_2,2026-02-12 19:00:00+00:00,2026-02-13 19:00:00+00:00,24,D1,0.7315980086875661,LightGBM__Top15__global__default,Top15,models/644e19e22a6c2779/LightGBM__Top15__global__default__global__all_history.joblib
turbine_1,2026-02-12 19:00:00+00:00,2026-02-13 20:00:00+00:00,25,D2,0.5511436771587374,LightGBM__Top15__global__default,Top15,models/644e19e22a6c2779/LightGBM__Top15__global__default__global__all_history.joblib
turbine_2,2026-02-12 19:00:00+00:00,2026-02-13 20:00:00+00:00,25,D2,0.55234612334659,LightGBM__Top15__global__default,Top15,models/644e19e22a6c2779/LightGBM__Top15__global__default__global__all_history.joblib
turbine_1,2026-02-12 19:00:00+00:00,2026-02-13 21:00:00+00:00,26,D2,0.6607390756191486,LightGBM__Top15__global__default,Top15,models/644e19e22a6c2779/LightGBM__Top15__global__default__global__all_history.joblib
turbine_2,2026-02-12 19:00:00+00:00,2026-02-13 21:00:00+00:00,26,D2,0.6619415218070012,LightGBM__Top15__global__default,Top15,models/644e19e22a6c2779/LightGBM__Top15__global__default__global__all_history.joblib
turbine_1,2026-02-12 19:00:00+00:00,2026-02-13 22:00:00+00:00,27,D2,0.7715005617969916,LightGBM__Top15__global__default,Top15,models/644e19e22a6c2779/LightGBM__Top15__global__default__global__all_history.joblib
turbine_2,2026-02-12 19:00:00+00:00,2026-02-13 22:00:00+00:00,27,D2,0.7727030079848441,LightGBM__Top15__global__default,Top15,models/644e19e22a6c2779/LightGBM__Top15__global__default__global__all_history.joblib
turbine_1,2026-02-12 19:00:00+00:00,2026-02-13 23:00:00+00:00,28,D2,0.6484665258423984,LightGBM__Top15__global__default,Top15,models/644e19e22a6c2779/LightGBM__Top15__global__default__global__all_history.joblib
turbine_2,2026-02-12 19:00:00+00:00,2026-02-13 23:00:00+00:00,28,D2,0.649668972030251,LightGBM__Top15__global__default,Top15,models/644e19e22a6c2779/LightGBM__Top15__global__default__global__all_history.joblib
turbine_1,2026-02-12 19:00:00+00:00,2026-02-14 00:00:00+00:00,29,D2,0.6834476318761419,LightGBM__Top15__global__default,Top15,models/644e19e22a6c2779/LightGBM__Top15__global__default__global__all_history.joblib
turbine_2,2026-02-12 19:00:00+00:00,2026-02-14 00:00:00+00:00,29,D2,0.6846500780639945,LightGBM__Top15__global__default,Top15,models/644e19e22a6c2779/LightGBM__Top15__global__default__global__all_history.joblib
turbine_1,2026-02-12 19:00:00+00:00,2026-02-14 01:00:00+00:00,30,D2,0.32302147912221946,LightGBM__Top15__global__default,Top15,models/644e19e22a6c2779/LightGBM__Top15__global__default__global__all_history.joblib
turbine_2,2026-02-12 19:00:00+00:00,2026-02-14 01:00:00+00:00,30,D2,0.32422392531007227,LightGBM__Top15__global__default,Top15,models/644e19e22a6c2779/LightGBM__Top15__global__default__global__all_history.joblib
turbine_1,2026-02-12 19:00:00+00:00,2026-02-14 02:00:00+00:00,31,D2,0.15629751183928822,LightGBM__Top15__global__default,Top15,models/644e19e22a6c2779/LightGBM__Top15__global__default__global__all_history.joblib
turbine_2,2026-02-12 19:00:00+00:00,2026-02-14 02:00:00+00:00,31,D2,0.1562196733433334,LightGBM__Top15__global__default,Top15,models/644e19e22a6c2779/LightGBM__Top15__global__default__global__all_history.joblib
turbine_1,2026-02-12 19:00:00+00:00,2026-02-14 03:00:00+00:00,32,D2,0.14152480668080272,LightGBM__Top15__global__default,Top15,models/644e19e22a6c2779/LightGBM__Top15__global__default__global__all_history.joblib
turbine_2,2026-02-12 19:00:00+00:00,2026-02-14 03:00:00+00:00,32,D2,0.14133384674045926,LightGBM__Top15__global__default,Top15,models/644e19e22a6c2779/LightGBM__Top15__global__default__global__all_history.joblib
turbine_1,2026-02-12 19:00:00+00:00,2026-02-14 04:00:00+00:00,33,D2,0.13392901423774908,LightGBM__Top15__global__default,Top15,models/644e19e22a6c2779/LightGBM__Top15__global__default__global__all_history.joblib
turbine_2,2026-02-12 19:00:00+00:00,2026-02-14 04:00:00+00:00,33,D2,0.13256260771204154,LightGBM__Top15__global__default,Top15,models/644e19e22a6c2779/LightGBM__Top15__global__default__global__all_history.joblib
turbine_1,2026-02-12 19:00:00+00:00,2026-02-14 05:00:00+00:00,34,D2,0.1465921675438883,LightGBM__Top15__global__default,Top15,models/644e19e22a6c2779/LightGBM__Top15__global__default__global__all_history.joblib
turbine_2,2026-02-12 19:00:00+00:00,2026-02-14 05:00:00+00:00,34,D2,0.14162569567888314,LightGBM__Top15__global__default,Top15,models/644e19e22a6c2779/LightGBM__Top15__global__default__global__all_history.joblib
turbine_1,2026-02-12 19:00:00+00:00,2026-02-14 06:00:00+00:00,35,D2,0.21063418440952267,LightGBM__Top15__global__default,Top15,models/644e19e22a6c2779/LightGBM__Top15__global__default__global__all_history.joblib
turbine_2,2026-02-12 19:00:00+00:00,2026-02-14 06:00:00+00:00,35,D2,0.20335975725612657,LightGBM__Top15__global__default,Top15,models/644e19e22a6c2779/LightGBM__Top15__global__default__global__all_history.joblib
turbine_1,2026-02-12 19:00:00+00:00,2026-02-14 07:00:00+00:00,36,D2,0.20404768130087023,LightGBM__Top15__global__default,Top15,models/644e19e22a6c2779/LightGBM__Top15__global__default__global__all_history.joblib
turbine_2,2026-02-12 19:00:00+00:00,2026-02-14 07:00:00+00:00,36,D2,0.20377478555073772,LightGBM__Top15__global__default,Top15,models/644e19e22a6c2779/LightGBM__Top15__global__default__global__all_history.joblib
turbine_1,2026-02-12 19:00:00+00:00,2026-02-14 08:00:00+00:00,37,D2,0.2452841258501052,LightGBM__Top15__global__default,Top15,models/644e19e22a6c2779/LightGBM__Top15__global__default__global__all_history.joblib
turbine_2,2026-02-12 19:00:00+00:00,2026-02-14 08:00:00+00:00,37,D2,0.24501123009997258,LightGBM__Top15__global__default,Top15,models/644e19e22a6c2779/LightGBM__Top15__global__default__global__all_history.joblib
turbine_1,2026-02-12 19:00:00+00:00,2026-02-14 09:00:00+00:00,38,D2,0.20596749018685642,LightGBM__Top15__global__default,Top15,models/644e19e22a6c2779/LightGBM__Top15__global__default__global__all_history.joblib
turbine_2,2026-02-12 19:00:00+00:00,2026-02-14 09:00:00+00:00,38,D2,0.2056945944367238,LightGBM__Top15__global__default,Top15,models/644e19e22a6c2779/LightGBM__Top15__global__default__global__all_history.joblib
turbine_1,2026-02-12 19:00:00+00:00,2026-02-14 10:00:00+00:00,39,D2,0.14090087634016338,LightGBM__Top15__global__default,Top15,models/644e19e22a6c2779/LightGBM__Top15__global__default__global__all_history.joblib
turbine_2,2026-02-12 19:00:00+00:00,2026-02-14 10:00:00+00:00,39,D2,0.14062798059003082,LightGBM__Top15__global__default,Top15,models/644e19e22a6c2779/LightGBM__Top15__global__default__global__all_history.joblib
turbine_1,2026-02-12 19:00:00+00:00,2026-02-14 11:00:00+00:00,40,D2,0.32724236325894474,LightGBM__Top15__global__default,Top15,models/644e19e22a6c2779/LightGBM__Top15__global__default__global__all_history.joblib
turbine_2,2026-02-12 19:00:00+00:00,2026-02-14 11:00:00+00:00,40,D2,0.3241796222215319,LightGBM__Top15__global__default,Top15,models/644e19e22a6c2779/LightGBM__Top15__global__default__global__all_history.joblib
turbine_1,2026-02-12 19:00:00+00:00,2026-02-14 12:00:00+00:00,41,D2,0.41248540989614096,LightGBM__Top15__global__default,Top15,models/644e19e22a6c2779/LightGBM__Top15__global__default__global__all_history.joblib
turbine_2,2026-02-12 19:00:00+00:00,2026-02-14 12:00:00+00:00,41,D2,0.40961772611290587,LightGBM__Top15__global__default,Top15,models/644e19e22a6c2779/LightGBM__Top15__global__default__global__all_history.joblib
turbine_1,2026-02-12 19:00:00+00:00,2026-02-14 13:00:00+00:00,42,D2,0.2917691196431813,LightGBM__Top15__global__default,Top15,models/644e19e22a6c2779/LightGBM__Top15__global__default__global__all_history.joblib
turbine_2,2026-02-12 19:00:00+00:00,2026-02-14 13:00:00+00:00,42,D2,0.2889014358599462,LightGBM__Top15__global__default,Top15,models/644e19e22a6c2779/LightGBM__Top15__global__default__global__all_history.joblib
turbine_1,2026-02-12 19:00:00+00:00,2026-02-14 14:00:00+00:00,43,D2,0.21344599438053177,LightGBM__Top15__global__default,Top15,models/644e19e22a6c2779/LightGBM__Top15__global__default__global__all_history.joblib
turbine_2,2026-02-12 19:00:00+00:00,2026-02-14 14:00:00+00:00,43,D2,0.21057831059729656,LightGBM__Top15__global__default,Top15,models/644e19e22a6c2779/LightGBM__Top15__global__default__global__all_history.joblib
turbine_1,2026-02-12 19:00:00+00:00,2026-02-14 15:00:00+00:00,44,D2,0.10217975252774185,LightGBM__Top15__global__default,Top15,models/644e19e22a6c2779/LightGBM__Top15__global__default__global__all_history.joblib
turbine_2,2026-02-12 19:00:00+00:00,2026-02-14 15:00:00+00:00,44,D2,0.09614141926695698,LightGBM__Top15__global__default,Top15,models/644e19e22a6c2779/LightGBM__Top15__global__default__global__all_history.joblib
turbine_1,2026-02-12 19:00:00+00:00,2026-02-14 16:00:00+00:00,45,D2,0.10856588407440645,LightGBM__Top15__global__default,Top15,models/644e19e22a6c2779/LightGBM__Top15__global__default__global__all_history.joblib
turbine_2,2026-02-12 19:00:00+00:00,2026-02-14 16:00:00+00:00,45,D2,0.10441408667688315,LightGBM__Top15__global__default,Top15,models/644e19e22a6c2779/LightGBM__Top15__global__default__global__all_history.joblib
turbine_1,2026-02-12 19:00:00+00:00,2026-02-14 17:00:00+00:00,46,D2,0.03308251717276472,LightGBM__Top15__global__default,Top15,models/644e19e22a6c2779/LightGBM__Top15__global__default__global__all_history.joblib
turbine_2,2026-02-12 19:00:00+00:00,2026-02-14 17:00:00+00:00,46,D2,0.03397588961998731,LightGBM__Top15__global__default,Top15,models/644e19e22a6c2779/LightGBM__Top15__global__default__global__all_history.joblib
turbine_1,2026-02-12 19:00:00+00:00,2026-02-14 18:00:00+00:00,47,D2,0.05906543413347718,LightGBM__Top15__global__default,Top15,models/644e19e22a6c2779/LightGBM__Top15__global__default__global__all_history.joblib
turbine_2,2026-02-12 19:00:00+00:00,2026-02-14 18:00:00+00:00,47,D2,0.06017372667626669,LightGBM__Top15__global__default,Top15,models/644e19e22a6c2779/LightGBM__Top15__global__default__global__all_history.joblib
turbine_1,2026-02-12 19:00:00+00:00,2026-02-14 19:00:00+00:00,48,D2,0.03206285366762093,LightGBM__Top15__global__default,Top15,models/644e19e22a6c2779/LightGBM__Top15__global__default__global__all_history.joblib
turbine_2,2026-02-12 19:00:00+00:00,2026-02-14 19:00:00+00:00,48,D2,0.031571223806051055,LightGBM__Top15__global__default,Top15,models/644e19e22a6c2779/LightGBM__Top15__global__default__global__all_history.joblib
turbine_1,2026-02-13 19:00:00+00:00,2026-02-13 20:00:00+00:00,1,D1,0.7564005731673068,LightGBM__Top15__global__default,Top15,models/644e19e22a6c2779/LightGBM__Top15__global__default__global__all_history.joblib
turbine_2,2026-02-13 19:00:00+00:00,2026-02-13 20:00:00+00:00,1,D1,0.7567962164710974,LightGBM__Top15__global__default,Top15,models/644e19e22a6c2779/LightGBM__Top15__global__default__global__all_history.joblib
turbine_1,2026-02-13 19:00:00+00:00,2026-02-13 21:00:00+00:00,2,D1,0.8623095596401346,LightGBM__Top15__global__default,Top15,models/644e19e22a6c2779/LightGBM__Top15__global__default__global__all_history.joblib
turbine_2,2026-02-13 19:00:00+00:00,2026-02-13 21:00:00+00:00,2,D1,0.8611181193616365,LightGBM__Top15__global__default,Top15,models/644e19e22a6c2779/LightGBM__Top15__global__default__global__all_history.joblib
turbine_1,2026-02-13 19:00:00+00:00,2026-02-13 22:00:00+00:00,3,D1,0.8518261385288449,LightGBM__Top15__global__default,Top15,models/644e19e22a6c2779/LightGBM__Top15__global__default__global__all_history.joblib
turbine_2,2026-02-13 19:00:00+00:00,2026-02-13 22:00:00+00:00,3,D1,0.8530285847166975,LightGBM__Top15__global__default,Top15,models/644e19e22a6c2779/LightGBM__Top15__global__default__global__all_history.joblib
turbine_1,2026-02-13 19:00:00+00:00,2026-02-13 23:00:00+00:00,4,D1,0.8159018276003213,LightGBM__Top15__global__default,Top15,models/644e19e22a6c2779/LightGBM__Top15__global__default__global__all_history.joblib
turbine_2,2026-02-13 19:00:00+00:00,2026-02-13 23:00:00+00:00,4,D1,0.8173591083792825,LightGBM__Top15__global__default,Top15,models/644e19e22a6c2779/LightGBM__Top15__global__default__global__all_history.joblib
turbine_1,2026-02-13 19:00:00+00:00,2026-02-14 00:00:00+00:00,5,D1,0.26644582278576406,LightGBM__Top15__global__default,Top15,models/644e19e22a6c2779/LightGBM__Top15__global__default__global__all_history.joblib
turbine_2,2026-02-13 19:00:00+00:00,2026-02-14 00:00:00+00:00,5,D1,0.26771215270589194,LightGBM__Top15__global__default,Top15,models/644e19e22a6c2779/LightGBM__Top15__global__default__global__all_history.joblib
turbine_1,2026-02-13 19:00:00+00:00,2026-02-14 01:00:00+00:00,6,D1,0.17348937019009303,LightGBM__Top15__global__default,Top15,models/644e19e22a6c2779/LightGBM__Top15__global__default__global__all_history.joblib
turbine_2,2026-02-13 19:00:00+00:00,2026-02-14 01:00:00+00:00,6,D1,0.17475570011022087,LightGBM__Top15__global__default,Top15,models/644e19e22a6c2779/LightGBM__Top15__global__default__global__all_history.joblib
turbine_1,2026-02-13 19:00:00+00:00,2026-02-14 02:00:00+00:00,7,D1,0.13263095859186957,LightGBM__Top15__global__default,Top15,models/644e19e22a6c2779/LightGBM__Top15__global__default__global__all_history.joblib
turbine_2,2026-02-13 19:00:00+00:00,2026-02-14 02:00:00+00:00,7,D1,0.13261700382818983,LightGBM__Top15__global__default,Top15,models/644e19e22a6c2779/LightGBM__Top15__global__default__global__all_history.joblib
turbine_1,2026-02-13 19:00:00+00:00,2026-02-14 03:00:00+00:00,8,D1,0.132980413510433,LightGBM__Top15__global__default,Top15,models/644e19e22a6c2779/LightGBM__Top15__global__default__global__all_history.joblib
turbine_2,2026-02-13 19:00:00+00:00,2026-02-14 03:00:00+00:00,8,D1,0.13055284862909936,LightGBM__Top15__global__default,Top15,models/644e19e22a6c2779/LightGBM__Top15__global__default__global__all_history.joblib
turbine_1,2026-02-13 19:00:00+00:00,2026-02-14 04:00:00+00:00,9,D1,0.09281094151177458,LightGBM__Top15__global__default,Top15,models/644e19e22a6c2779/LightGBM__Top15__global__default__global__all_history.joblib
turbine_2,2026-02-13 19:00:00+00:00,2026-02-14 04:00:00+00:00,9,D1,0.08882991408937552,LightGBM__Top15__global__default,Top15,models/644e19e22a6c2779/LightGBM__Top15__global__default__global__all_history.joblib
turbine_1,2026-02-13 19:00:00+00:00,2026-02-14 05:00:00+00:00,10,D1,0.058901414907164315,LightGBM__Top15__global__default,Top15,models/644e19e22a6c2779/LightGBM__Top15__global__default__global__all_history.joblib
turbine_2,2026-02-13 19:00:00+00:00,2026-02-14 05:00:00+00:00,10,D1,0.05735546222951792,LightGBM__Top15__global__default,Top15,models/644e19e22a6c2779/LightGBM__Top15__global__default__global__all_history.joblib
turbine_1,2026-02-13 19:00:00+00:00,2026-02-14 06:00:00+00:00,11,D1,0.1109647131449426,LightGBM__Top15__global__default,Top15,models/644e19e22a6c2779/LightGBM__Top15__global__default__global__all_history.joblib
turbine_2,2026-02-13 19:00:00+00:00,2026-02-14 06:00:00+00:00,11,D1,0.11069181739481004,LightGBM__Top15__global__default,Top15,models/644e19e22a6c2779/LightGBM__Top15__global__default__global__all_history.joblib
turbine_1,2026-02-13 19:00:00+00:00,2026-02-14 07:00:00+00:00,12,D1,0.04271306622761968,LightGBM__Top15__global__default,Top15,models/644e19e22a6c2779/LightGBM__Top15__global__default__global__all_history.joblib
turbine_2,2026-02-13 19:00:00+00:00,2026-02-14 07:00:00+00:00,12,D1,0.04244017047748711,LightGBM__Top15__global__default,Top15,models/644e19e22a6c2779/LightGBM__Top15__global__default__global__all_history.joblib
turbine_1,2026-02-13 19:00:00+00:00,2026-02-14 08:00:00+00:00,13,D1,0.016098740866254437,LightGBM__Top15__global__default,Top15,models/644e19e22a6c2779/LightGBM__Top15__global__default__global__all_history.joblib
turbine_2,2026-02-13 19:00:00+00:00,2026-02-14 08:00:00+00:00,13,D1,0.020688138860138153,LightGBM__Top15__global__default,Top15,models/644e19e22a6c2779/LightGBM__Top15__global__default__global__all_history.joblib
turbine_1,2026-02-13 19:00:00+00:00,2026-02-14 09:00:00+00:00,14,D1,0.02056058103607295,LightGBM__Top15__global__default,Top15,models/644e19e22a6c2779/LightGBM__Top15__global__default__global__all_history.joblib
turbine_2,2026-02-13 19:00:00+00:00,2026-02-14 09:00:00+00:00,14,D1,0.01881957110424882,LightGBM__Top15__global__default,Top15,models/644e19e22a6c2779/LightGBM__Top15__global__default__global__all_history.joblib
turbine_1,2026-02-13 19:00:00+00:00,2026-02-14 10:00:00+00:00,15,D1,0.039642490562885206,LightGBM__Top15__global__default,Top15,models/644e19e22a6c2779/LightGBM__Top15__global__default__global__all_history.joblib
turbine_2,2026-02-13 19:00:00+00:00,2026-02-14 10:00:00+00:00,15,D1,0.03291855689689936,LightGBM__Top15__global__default,Top15,models/644e19e22a6c2779/LightGBM__Top15__global__default__global__all_history.joblib
turbine_1,2026-02-13 19:00:00+00:00,2026-02-14 11:00:00+00:00,16,D1,0.023410781502444928,LightGBM__Top15__global__default,Top15,models/644e19e22a6c2779/LightGBM__Top15__global__default__global__all_history.joblib
turbine_2,2026-02-13 19:00:00+00:00,2026-02-14 11:00:00+00:00,16,D1,0.02187631306239753,LightGBM__Top15__global__default,Top15,models/644e19e22a6c2779/LightGBM__Top15__global__default__global__all_history.joblib
turbine_1,2026-02-13 19:00:00+00:00,2026-02-14 12:00:00+00:00,17,D1,0.023604952074490627,LightGBM__Top15__global__default,Top15,models/644e19e22a6c2779/LightGBM__Top15__global__default__global__all_history.joblib
turbine_2,2026-02-13 19:00:00+00:00,2026-02-14 12:00:00+00:00,17,D1,0.02223854554878312,LightGBM__Top15__global__default,Top15,models/644e19e22a6c2779/LightGBM__Top15__global__default__global__all_history.joblib
turbine_1,2026-02-13 19:00:00+00:00,2026-02-14 13:00:00+00:00,18,D1,0.036965890461735734,LightGBM__Top15__global__default,Top15,models/644e19e22a6c2779/LightGBM__Top15__global__default__global__all_history.joblib
turbine_2,2026-02-13 19:00:00+00:00,2026-02-14 13:00:00+00:00,18,D1,0.03624510973498284,LightGBM__Top15__global__default,Top15,models/644e19e22a6c2779/LightGBM__Top15__global__default__global__all_history.joblib
turbine_1,2026-02-13 19:00:00+00:00,2026-02-14 14:00:00+00:00,19,D1,0.01945725645559467,LightGBM__Top15__global__default,Top15,models/644e19e22a6c2779/LightGBM__Top15__global__default__global__all_history.joblib
turbine_2,2026-02-13 19:00:00+00:00,2026-02-14 14:00:00+00:00,19,D1,0.017973549888532486,LightGBM__Top15__global__default,Top15,models/644e19e22a6c2779/LightGBM__Top15__global__default__global__all_history.joblib
turbine_1,2026-02-13 19:00:00+00:00,2026-02-14 15:00:00+00:00,20,D1,0.04789634478905992,LightGBM__Top15__global__default,Top15,models/644e19e22a6c2779/LightGBM__Top15__global__default__global__all_history.joblib
turbine_2,2026-02-13 19:00:00+00:00,2026-02-14 15:00:00+00:00,20,D1,0.046361876349012524,LightGBM__Top15__global__default,Top15,models/644e19e22a6c2779/LightGBM__Top15__global__default__global__all_history.joblib
turbine_1,2026-02-13 19:00:00+00:00,2026-02-14 16:00:00+00:00,21,D1,0.044089245603337886,LightGBM__Top15__global__default,Top15,models/644e19e22a6c2779/LightGBM__Top15__global__default__global__all_history.joblib
turbine_2,2026-02-13 19:00:00+00:00,2026-02-14 16:00:00+00:00,21,D1,0.04496838728094438,LightGBM__Top15__global__default,Top15,models/644e19e22a6c2779/LightGBM__Top15__global__default__global__all_history.joblib
turbine_1,2026-02-13 19:00:00+00:00,2026-02-14 17:00:00+00:00,22,D1,0.008905708755308848,LightGBM__Top15__global__default,Top15,models/644e19e22a6c2779/LightGBM__Top15__global__default__global__all_history.joblib
turbine_2,2026-02-13 19:00:00+00:00,2026-02-14 17:00:00+00:00,22,D1,0.008140893244192284,LightGBM__Top15__global__default,Top15,models/644e19e22a6c2779/LightGBM__Top15__global__default__global__all_history.joblib
turbine_1,2026-02-13 19:00:00+00:00,2026-02-14 18:00:00+00:00,23,D1,0.008867386530720252,LightGBM__Top15__global__default,Top15,models/644e19e22a6c2779/LightGBM__Top15__global__default__global__all_history.joblib
turbine_2,2026-02-13 19:00:00+00:00,2026-02-14 18:00:00+00:00,23,D1,0.007500980005012746,LightGBM__Top15__global__default,Top15,models/644e19e22a6c2779/LightGBM__Top15__global__default__global__all_history.joblib
turbine_1,2026-02-13 19:00:00+00:00,2026-02-14 19:00:00+00:00,24,D1,0.03241592886380809,LightGBM__Top15__global__default,Top15,models/644e19e22a6c2779/LightGBM__Top15__global__default__global__all_history.joblib
turbine_2,2026-02-13 19:00:00+00:00,2026-02-14 19:00:00+00:00,24,D1,0.031058597542606738,LightGBM__Top15__global__default,Top15,models/644e19e22a6c2779/LightGBM__Top15__global__default__global__all_history.joblib
turbine_1,2026-02-13 19:00:00+00:00,2026-02-14 20:00:00+00:00,25,D2,0.011535745670816153,LightGBM__Top15__global__default,Top15,models/644e19e22a6c2779/LightGBM__Top15__global__default__global__all_history.joblib
turbine_2,2026-02-13 19:00:00+00:00,2026-02-14 20:00:00+00:00,25,D2,0.011009546277595242,LightGBM__Top15__global__default,Top15,models/644e19e22a6c2779/LightGBM__Top15__global__default__global__all_history.joblib
turbine_1,2026-02-13 19:00:00+00:00,2026-02-14 21:00:00+00:00,26,D2,0.010129544437688202,LightGBM__Top15__global__default,Top15,models/644e19e22a6c2779/LightGBM__Top15__global__default__global__all_history.joblib
turbine_2,2026-02-13 19:00:00+00:00,2026-02-14 21:00:00+00:00,26,D2,0.010067517751454575,LightGBM__Top15__global__default,Top15,models/644e19e22a6c2779/LightGBM__Top15__global__default__global__all_history.joblib
turbine_1,2026-02-13 19:00:00+00:00,2026-02-14 22:00:00+00:00,27,D2,0.009156739544295104,LightGBM__Top15__global__default,Top15,models/644e19e22a6c2779/LightGBM__Top15__global__default__global__all_history.joblib
turbine_2,2026-02-13 19:00:00+00:00,2026-02-14 22:00:00+00:00,27,D2,0.008931778870762984,LightGBM__Top15__global__default,Top15,models/644e19e22a6c2779/LightGBM__Top15__global__default__global__all_history.joblib
turbine_1,2026-02-13 19:00:00+00:00,2026-02-14 23:00:00+00:00,28,D2,0.01721293205406807,LightGBM__Top15__global__default,Top15,models/644e19e22a6c2779/LightGBM__Top15__global__default__global__all_history.joblib
turbine_2,2026-02-13 19:00:00+00:00,2026-02-14 23:00:00+00:00,28,D2,0.01654196967076747,LightGBM__Top15__global__default,Top15,models/644e19e22a6c2779/LightGBM__Top15__global__default__global__all_history.joblib
turbine_1,2026-02-13 19:00:00+00:00,2026-02-15 00:00:00+00:00,29,D2,0.025593600157717812,LightGBM__Top15__global__default,Top15,models/644e19e22a6c2779/LightGBM__Top15__global__default__global__all_history.joblib
turbine_2,2026-02-13 19:00:00+00:00,2026-02-15 00:00:00+00:00,29,D2,0.023888537328395267,LightGBM__Top15__global__default,Top15,models/644e19e22a6c2779/LightGBM__Top15__global__default__global__all_history.joblib
turbine_1,2026-02-13 19:00:00+00:00,2026-02-15 01:00:00+00:00,30,D2,0.05153721843678791,LightGBM__Top15__global__default,Top15,models/644e19e22a6c2779/LightGBM__Top15__global__default__global__all_history.joblib
turbine_2,2026-02-13 19:00:00+00:00,2026-02-15 01:00:00+00:00,30,D2,0.0491096535554543,LightGBM__Top15__global__default,Top15,models/644e19e22a6c2779/LightGBM__Top15__global__default__global__all_history.joblib
turbine_1,2026-02-13 19:00:00+00:00,2026-02-15 02:00:00+00:00,31,D2,0.13939308027301783,LightGBM__Top15__global__default,Top15,models/644e19e22a6c2779/LightGBM__Top15__global__default__global__all_history.joblib
turbine_2,2026-02-13 19:00:00+00:00,2026-02-15 02:00:00+00:00,31,D2,0.1369797461613003,LightGBM__Top15__global__default,Top15,models/644e19e22a6c2779/LightGBM__Top15__global__default__global__all_history.joblib
turbine_1,2026-02-13 19:00:00+00:00,2026-02-15 03:00:00+00:00,32,D2,0.30305456859835145,LightGBM__Top15__global__default,Top15,models/644e19e22a6c2779/LightGBM__Top15__global__default__global__all_history.joblib
turbine_2,2026-02-13 19:00:00+00:00,2026-02-15 03:00:00+00:00,32,D2,0.28882705752326876,LightGBM__Top15__global__default,Top15,models/644e19e22a6c2779/LightGBM__Top15__global__default__global__all_history.joblib
turbine_1,2026-02-13 19:00:00+00:00,2026-02-15 04:00:00+00:00,33,D2,0.49060598953347534,LightGBM__Top15__global__default,Top15,models/644e19e22a6c2779/LightGBM__Top15__global__default__global__all_history.joblib
turbine_2,2026-02-13 19:00:00+00:00,2026-02-15 04:00:00+00:00,33,D2,0.48388932568991466,LightGBM__Top15__global__default,Top15,models/644e19e22a6c2779/LightGBM__Top15__global__default__global__all_history.joblib
turbine_1,2026-02-13 19:00:00+00:00,2026-02-15 05:00:00+00:00,34,D2,0.7573094884858937,LightGBM__Top15__global__default,Top15,models/644e19e22a6c2779/LightGBM__Top15__global__default__global__all_history.joblib
turbine_2,2026-02-13 19:00:00+00:00,2026-02-15 05:00:00+00:00,34,D2,0.7574034270393128,LightGBM__Top15__global__default,Top15,models/644e19e22a6c2779/LightGBM__Top15__global__default__global__all_history.joblib
turbine_1,2026-02-13 19:00:00+00:00,2026-02-15 06:00:00+00:00,35,D2,0.8484357003569374,LightGBM__Top15__global__default,Top15,models/644e19e22a6c2779/LightGBM__Top15__global__default__global__all_history.joblib
turbine_2,2026-02-13 19:00:00+00:00,2026-02-15 06:00:00+00:00,35,D2,0.8485296389103565,LightGBM__Top15__global__default,Top15,models/644e19e22a6c2779/LightGBM__Top15__global__default__global__all_history.joblib
turbine_1,2026-02-13 19:00:00+00:00,2026-02-15 07:00:00+00:00,36,D2,0.8885891599867457,LightGBM__Top15__global__default,Top15,models/644e19e22a6c2779/LightGBM__Top15__global__default__global__all_history.joblib
turbine_2,2026-02-13 19:00:00+00:00,2026-02-15 07:00:00+00:00,36,D2,0.8883162642366129,LightGBM__Top15__global__default,Top15,models/644e19e22a6c2779/LightGBM__Top15__global__default__global__all_history.joblib
turbine_1,2026-02-13 19:00:00+00:00,2026-02-15 08:00:00+00:00,37,D2,0.9736884520134839,LightGBM__Top15__global__default,Top15,models/644e19e22a6c2779/LightGBM__Top15__global__default__global__all_history.joblib
turbine_2,2026-02-13 19:00:00+00:00,2026-02-15 08:00:00+00:00,37,D2,0.971575631129734,LightGBM__Top15__global__default,Top15,models/644e19e22a6c2779/LightGBM__Top15__global__default__global__all_history.joblib
turbine_1,2026-02-13 19:00:00+00:00,2026-02-15 09:00:00+00:00,38,D2,0.9904521702205964,LightGBM__Top15__global__default,Top15,models/644e19e22a6c2779/LightGBM__Top15__global__default__global__all_history.joblib
turbine_2,2026-02-13 19:00:00+00:00,2026-02-15 09:00:00+00:00,38,D2,0.9887909833361915,LightGBM__Top15__global__default,Top15,models/644e19e22a6c2779/LightGBM__Top15__global__default__global__all_history.joblib
turbine_1,2026-02-13 19:00:00+00:00,2026-02-15 10:00:00+00:00,39,D2,0.9889855166259881,LightGBM__Top15__global__default,Top15,models/644e19e22a6c2779/LightGBM__Top15__global__default__global__all_history.joblib
turbine_2,2026-02-13 19:00:00+00:00,2026-02-15 10:00:00+00:00,39,D2,0.9887126208758553,LightGBM__Top15__global__default,Top15,models/644e19e22a6c2779/LightGBM__Top15__global__default__global__all_history.joblib
turbine_1,2026-02-13 19:00:00+00:00,2026-02-15 11:00:00+00:00,40,D2,0.9707611314203383,LightGBM__Top15__global__default,Top15,models/644e19e22a6c2779/LightGBM__Top15__global__default__global__all_history.joblib
turbine_2,2026-02-13 19:00:00+00:00,2026-02-15 11:00:00+00:00,40,D2,0.9704882356702055,LightGBM__Top15__global__default,Top15,models/644e19e22a6c2779/LightGBM__Top15__global__default__global__all_history.joblib
turbine_1,2026-02-13 19:00:00+00:00,2026-02-15 12:00:00+00:00,41,D2,0.9560894801869301,LightGBM__Top15__global__default,Top15,models/644e19e22a6c2779/LightGBM__Top15__global__default__global__all_history.joblib
turbine_2,2026-02-13 19:00:00+00:00,2026-02-15 12:00:00+00:00,41,D2,0.9520822527047755,LightGBM__Top15__global__default,Top15,models/644e19e22a6c2779/LightGBM__Top15__global__default__global__all_history.joblib
turbine_1,2026-02-13 19:00:00+00:00,2026-02-15 13:00:00+00:00,42,D2,0.8152013562795447,LightGBM__Top15__global__default,Top15,models/644e19e22a6c2779/LightGBM__Top15__global__default__global__all_history.joblib
turbine_2,2026-02-13 19:00:00+00:00,2026-02-15 13:00:00+00:00,42,D2,0.8148840563185803,LightGBM__Top15__global__default,Top15,models/644e19e22a6c2779/LightGBM__Top15__global__default__global__all_history.joblib
turbine_1,2026-02-13 19:00:00+00:00,2026-02-15 14:00:00+00:00,43,D2,0.8177389799900745,LightGBM__Top15__global__default,Top15,models/644e19e22a6c2779/LightGBM__Top15__global__default__global__all_history.joblib
turbine_2,2026-02-13 19:00:00+00:00,2026-02-15 14:00:00+00:00,43,D2,0.8168610924286542,LightGBM__Top15__global__default,Top15,models/644e19e22a6c2779/LightGBM__Top15__global__default__global__all_history.joblib
turbine_1,2026-02-13 19:00:00+00:00,2026-02-15 15:00:00+00:00,44,D2,0.8308418589223979,LightGBM__Top15__global__default,Top15,models/644e19e22a6c2779/LightGBM__Top15__global__default__global__all_history.joblib
turbine_2,2026-02-13 19:00:00+00:00,2026-02-15 15:00:00+00:00,44,D2,0.8305245589614335,LightGBM__Top15__global__default,Top15,models/644e19e22a6c2779/LightGBM__Top15__global__default__global__all_history.joblib
turbine_1,2026-02-13 19:00:00+00:00,2026-02-15 16:00:00+00:00,45,D2,0.7951993209541791,LightGBM__Top15__global__default,Top15,models/644e19e22a6c2779/LightGBM__Top15__global__default__global__all_history.joblib
turbine_2,2026-02-13 19:00:00+00:00,2026-02-15 16:00:00+00:00,45,D2,0.794852645282432,LightGBM__Top15__global__default,Top15,models/644e19e22a6c2779/LightGBM__Top15__global__default__global__all_history.joblib
turbine_1,2026-02-13 19:00:00+00:00,2026-02-15 17:00:00+00:00,46,D2,0.7116222958563068,LightGBM__Top15__global__default,Top15,models/644e19e22a6c2779/LightGBM__Top15__global__default__global__all_history.joblib
turbine_2,2026-02-13 19:00:00+00:00,2026-02-15 17:00:00+00:00,46,D2,0.7122847992162045,LightGBM__Top15__global__default,Top15,models/644e19e22a6c2779/LightGBM__Top15__global__default__global__all_history.joblib
turbine_1,2026-02-13 19:00:00+00:00,2026-02-15 18:00:00+00:00,47,D2,0.579389683706958,LightGBM__Top15__global__default,Top15,models/644e19e22a6c2779/LightGBM__Top15__global__default__global__all_history.joblib
turbine_2,2026-02-13 19:00:00+00:00,2026-02-15 18:00:00+00:00,47,D2,0.5827492186984565,LightGBM__Top15__global__default,Top15,models/644e19e22a6c2779/LightGBM__Top15__global__default__global__all_history.joblib
turbine_1,2026-02-13 19:00:00+00:00,2026-02-15 19:00:00+00:00,48,D2,0.5654739723339782,LightGBM__Top15__global__default,Top15,models/644e19e22a6c2779/LightGBM__Top15__global__default__global__all_history.joblib
turbine_2,2026-02-13 19:00:00+00:00,2026-02-15 19:00:00+00:00,48,D2,0.5666764185218308,LightGBM__Top15__global__default,Top15,models/644e19e22a6c2779/LightGBM__Top15__global__default__global__all_history.joblib
turbine_1,2026-02-14 19:00:00+00:00,2026-02-14 20:00:00+00:00,1,D1,0.013643525362243955,LightGBM__Top15__global__default,Top15,models/644e19e22a6c2779/LightGBM__Top15__global__default__global__all_history.joblib
turbine_2,2026-02-14 19:00:00+00:00,2026-02-14 20:00:00+00:00,1,D1,0.013038082012921259,LightGBM__Top15__global__default,Top15,models/644e19e22a6c2779/LightGBM__Top15__global__default__global__all_history.joblib
turbine_1,2026-02-14 19:00:00+00:00,2026-02-14 21:00:00+00:00,2,D1,0.00998868049784614,LightGBM__Top15__global__default,Top15,models/644e19e22a6c2779/LightGBM__Top15__global__default__global__all_history.joblib
turbine_2,2026-02-14 19:00:00+00:00,2026-02-14 21:00:00+00:00,2,D1,0.009844437232521819,LightGBM__Top15__global__default,Top15,models/644e19e22a6c2779/LightGBM__Top15__global__default__global__all_history.joblib
turbine_1,2026-02-14 19:00:00+00:00,2026-02-14 22:00:00+00:00,3,D1,0.009711417402199966,LightGBM__Top15__global__default,Top15,models/644e19e22a6c2779/LightGBM__Top15__global__default__global__all_history.joblib
turbine_2,2026-02-14 19:00:00+00:00,2026-02-14 22:00:00+00:00,3,D1,0.009188030911661222,LightGBM__Top15__global__default,Top15,models/644e19e22a6c2779/LightGBM__Top15__global__default__global__all_history.joblib
turbine_1,2026-02-14 19:00:00+00:00,2026-02-14 23:00:00+00:00,4,D1,0.008930658713389014,LightGBM__Top15__global__default,Top15,models/644e19e22a6c2779/LightGBM__Top15__global__default__global__all_history.joblib
turbine_2,2026-02-14 19:00:00+00:00,2026-02-14 23:00:00+00:00,4,D1,0.00824915562202235,LightGBM__Top15__global__default,Top15,models/644e19e22a6c2779/LightGBM__Top15__global__default__global__all_history.joblib
turbine_1,2026-02-14 19:00:00+00:00,2026-02-15 00:00:00+00:00,5,D1,0.017640081586571987,LightGBM__Top15__global__default,Top15,models/644e19e22a6c2779/LightGBM__Top15__global__default__global__all_history.joblib
turbine_2,2026-02-14 19:00:00+00:00,2026-02-15 00:00:00+00:00,5,D1,0.01609412890892559,LightGBM__Top15__global__default,Top15,models/644e19e22a6c2779/LightGBM__Top15__global__default__global__all_history.joblib
turbine_1,2026-02-14 19:00:00+00:00,2026-02-15 01:00:00+00:00,6,D1,0.13310190760288398,LightGBM__Top15__global__default,Top15,models/644e19e22a6c2779/LightGBM__Top15__global__default__global__all_history.joblib
turbine_2,2026-02-14 19:00:00+00:00,2026-02-15 01:00:00+00:00,6,D1,0.13308795283920424,LightGBM__Top15__global__default,Top15,models/644e19e22a6c2779/LightGBM__Top15__global__default__global__all_history.joblib
turbine_1,2026-02-14 19:00:00+00:00,2026-02-15 02:00:00+00:00,7,D1,0.13958430848541212,LightGBM__Top15__global__default,Top15,models/644e19e22a6c2779/LightGBM__Top15__global__default__global__all_history.joblib
turbine_2,2026-02-14 19:00:00+00:00,2026-02-15 02:00:00+00:00,7,D1,0.13981782436406398,LightGBM__Top15__global__default,Top15,models/644e19e22a6c2779/LightGBM__Top15__global__default__global__all_history.joblib
turbine_1,2026-02-14 19:00:00+00:00,2026-02-15 03:00:00+00:00,8,D1,0.2799701458985988,LightGBM__Top15__global__default,Top15,models/644e19e22a6c2779/LightGBM__Top15__global__default__global__all_history.joblib
turbine_2,2026-02-14 19:00:00+00:00,2026-02-15 03:00:00+00:00,8,D1,0.28914676764484637,LightGBM__Top15__global__default,Top15,models/644e19e22a6c2779/LightGBM__Top15__global__default__global__all_history.joblib
turbine_1,2026-02-14 19:00:00+00:00,2026-02-15 04:00:00+00:00,9,D1,0.7204727619279153,LightGBM__Top15__global__default,Top15,models/644e19e22a6c2779/LightGBM__Top15__global__default__global__all_history.joblib
turbine_2,2026-02-14 19:00:00+00:00,2026-02-15 04:00:00+00:00,9,D1,0.7205667004813344,LightGBM__Top15__global__default,Top15,models/644e19e22a6c2779/LightGBM__Top15__global__default__global__all_history.joblib
turbine_1,2026-02-14 19:00:00+00:00,2026-02-15 05:00:00+00:00,10,D1,0.8343671285163284,LightGBM__Top15__global__default,Top15,models/644e19e22a6c2779/LightGBM__Top15__global__default__global__all_history.joblib
turbine_2,2026-02-14 19:00:00+00:00,2026-02-15 05:00:00+00:00,10,D1,0.8344610670697475,LightGBM__Top15__global__default,Top15,models/644e19e22a6c2779/LightGBM__Top15__global__default__global__all_history.joblib
turbine_1,2026-02-14 19:00:00+00:00,2026-02-15 06:00:00+00:00,11,D1,0.9830705289644398,LightGBM__Top15__global__default,Top15,models/644e19e22a6c2779/LightGBM__Top15__global__default__global__all_history.joblib
turbine_2,2026-02-14 19:00:00+00:00,2026-02-15 06:00:00+00:00,11,D1,0.974605646448504,LightGBM__Top15__global__default,Top15,models/644e19e22a6c2779/LightGBM__Top15__global__default__global__all_history.joblib
turbine_1,2026-02-14 19:00:00+00:00,2026-02-15 07:00:00+00:00,12,D1,0.9808434298677191,LightGBM__Top15__global__default,Top15,models/644e19e22a6c2779/LightGBM__Top15__global__default__global__all_history.joblib
turbine_2,2026-02-14 19:00:00+00:00,2026-02-15 07:00:00+00:00,12,D1,0.974134010312719,LightGBM__Top15__global__default,Top15,models/644e19e22a6c2779/LightGBM__Top15__global__default__global__all_history.joblib
turbine_1,2026-02-14 19:00:00+00:00,2026-02-15 08:00:00+00:00,13,D1,0.980457007486434,LightGBM__Top15__global__default,Top15,models/644e19e22a6c2779/LightGBM__Top15__global__default__global__all_history.joblib
turbine_2,2026-02-14 19:00:00+00:00,2026-02-15 08:00:00+00:00,13,D1,0.9739037674824268,LightGBM__Top15__global__default,Top15,models/644e19e22a6c2779/LightGBM__Top15__global__default__global__all_history.joblib
turbine_1,2026-02-14 19:00:00+00:00,2026-02-15 09:00:00+00:00,14,D1,0.9858741090427701,LightGBM__Top15__global__default,Top15,models/644e19e22a6c2779/LightGBM__Top15__global__default__global__all_history.joblib
turbine_2,2026-02-14 19:00:00+00:00,2026-02-15 09:00:00+00:00,14,D1,0.9812427116260577,LightGBM__Top15__global__default,Top15,models/644e19e22a6c2779/LightGBM__Top15__global__default__global__all_history.joblib
turbine_1,2026-02-14 19:00:00+00:00,2026-02-15 10:00:00+00:00,15,D1,0.9732425836720091,LightGBM__Top15__global__default,Top15,models/644e19e22a6c2779/LightGBM__Top15__global__default__global__all_history.joblib
turbine_2,2026-02-14 19:00:00+00:00,2026-02-15 10:00:00+00:00,15,D1,0.9729696879218763,LightGBM__Top15__global__default,Top15,models/644e19e22a6c2779/LightGBM__Top15__global__default__global__all_history.joblib
turbine_1,2026-02-14 19:00:00+00:00,2026-02-15 11:00:00+00:00,16,D1,0.9502202358977092,LightGBM__Top15__global__default,Top15,models/644e19e22a6c2779/LightGBM__Top15__global__default__global__all_history.joblib
turbine_2,2026-02-14 19:00:00+00:00,2026-02-15 11:00:00+00:00,16,D1,0.9499473401475764,LightGBM__Top15__global__default,Top15,models/644e19e22a6c2779/LightGBM__Top15__global__default__global__all_history.joblib
turbine_1,2026-02-14 19:00:00+00:00,2026-02-15 12:00:00+00:00,17,D1,0.8335295716332689,LightGBM__Top15__global__default,Top15,models/644e19e22a6c2779/LightGBM__Top15__global__default__global__all_history.joblib
turbine_2,2026-02-14 19:00:00+00:00,2026-02-15 12:00:00+00:00,17,D1,0.8368891066247675,LightGBM__Top15__global__default,Top15,models/644e19e22a6c2779/LightGBM__Top15__global__default__global__all_history.joblib
turbine_1,2026-02-14 19:00:00+00:00,2026-02-15 13:00:00+00:00,18,D1,0.8304976677456086,LightGBM__Top15__global__default,Top15,models/644e19e22a6c2779/LightGBM__Top15__global__default__global__all_history.joblib
turbine_2,2026-02-14 19:00:00+00:00,2026-02-15 13:00:00+00:00,18,D1,0.8333352330870601,LightGBM__Top15__global__default,Top15,models/644e19e22a6c2779/LightGBM__Top15__global__default__global__all_history.joblib
turbine_1,2026-02-14 19:00:00+00:00,2026-02-15 14:00:00+00:00,19,D1,0.8203326111245512,LightGBM__Top15__global__default,Top15,models/644e19e22a6c2779/LightGBM__Top15__global__default__global__all_history.joblib
turbine_2,2026-02-14 19:00:00+00:00,2026-02-15 14:00:00+00:00,19,D1,0.8209951144844488,LightGBM__Top15__global__default,Top15,models/644e19e22a6c2779/LightGBM__Top15__global__default__global__all_history.joblib
turbine_1,2026-02-14 19:00:00+00:00,2026-02-15 15:00:00+00:00,20,D1,0.8255138502407274,LightGBM__Top15__global__default,Top15,models/644e19e22a6c2779/LightGBM__Top15__global__default__global__all_history.joblib
turbine_2,2026-02-14 19:00:00+00:00,2026-02-15 15:00:00+00:00,20,D1,0.826176353600625,LightGBM__Top15__global__default,Top15,models/644e19e22a6c2779/LightGBM__Top15__global__default__global__all_history.joblib
turbine_1,2026-02-14 19:00:00+00:00,2026-02-15 16:00:00+00:00,21,D1,0.8286588057086243,LightGBM__Top15__global__default,Top15,models/644e19e22a6c2779/LightGBM__Top15__global__default__global__all_history.joblib
turbine_2,2026-02-14 19:00:00+00:00,2026-02-15 16:00:00+00:00,21,D1,0.8320183407001228,LightGBM__Top15__global__default,Top15,models/644e19e22a6c2779/LightGBM__Top15__global__default__global__all_history.joblib
turbine_1,2026-02-14 19:00:00+00:00,2026-02-15 17:00:00+00:00,22,D1,0.7170548219218843,LightGBM__Top15__global__default,Top15,models/644e19e22a6c2779/LightGBM__Top15__global__default__global__all_history.joblib
turbine_2,2026-02-14 19:00:00+00:00,2026-02-15 17:00:00+00:00,22,D1,0.7204143569133828,LightGBM__Top15__global__default,Top15,models/644e19e22a6c2779/LightGBM__Top15__global__default__global__all_history.joblib
turbine_1,2026-02-14 19:00:00+00:00,2026-02-15 18:00:00+00:00,23,D1,0.49073843328141437,LightGBM__Top15__global__default,Top15,models/644e19e22a6c2779/LightGBM__Top15__global__default__global__all_history.joblib
turbine_2,2026-02-14 19:00:00+00:00,2026-02-15 18:00:00+00:00,23,D1,0.4931711591152301,LightGBM__Top15__global__default,Top15,models/644e19e22a6c2779/LightGBM__Top15__global__default__global__all_history.joblib
turbine_1,2026-02-14 19:00:00+00:00,2026-02-15 19:00:00+00:00,24,D1,0.4422200794350491,LightGBM__Top15__global__default,Top15,models/644e19e22a6c2779/LightGBM__Top15__global__default__global__all_history.joblib
turbine_2,2026-02-14 19:00:00+00:00,2026-02-15 19:00:00+00:00,24,D1,0.4446528052688648,LightGBM__Top15__global__default,Top15,models/644e19e22a6c2779/LightGBM__Top15__global__default__global__all_history.joblib
turbine_1,2026-02-14 19:00:00+00:00,2026-02-15 20:00:00+00:00,25,D2,0.5048024328208146,LightGBM__Top15__global__default,Top15,models/644e19e22a6c2779/LightGBM__Top15__global__default__global__all_history.joblib
turbine_2,2026-02-14 19:00:00+00:00,2026-02-15 20:00:00+00:00,25,D2,0.5060048790086672,LightGBM__Top15__global__default,Top15,models/644e19e22a6c2779/LightGBM__Top15__global__default__global__all_history.joblib
turbine_1,2026-02-14 19:00:00+00:00,2026-02-15 21:00:00+00:00,26,D2,0.5028706915802353,LightGBM__Top15__global__default,Top15,models/644e19e22a6c2779/LightGBM__Top15__global__default__global__all_history.joblib
turbine_2,2026-02-14 19:00:00+00:00,2026-02-15 21:00:00+00:00,26,D2,0.5040731377680879,LightGBM__Top15__global__default,Top15,models/644e19e22a6c2779/LightGBM__Top15__global__default__global__all_history.joblib
turbine_1,2026-02-14 19:00:00+00:00,2026-02-15 22:00:00+00:00,27,D2,0.46961427215590096,LightGBM__Top15__global__default,Top15,models/644e19e22a6c2779/LightGBM__Top15__global__default__global__all_history.joblib
turbine_2,2026-02-14 19:00:00+00:00,2026-02-15 22:00:00+00:00,27,D2,0.47081671834375377,LightGBM__Top15__global__default,Top15,models/644e19e22a6c2779/LightGBM__Top15__global__default__global__all_history.joblib
turbine_1,2026-02-14 19:00:00+00:00,2026-02-15 23:00:00+00:00,28,D2,0.3724651092368518,LightGBM__Top15__global__default,Top15,models/644e19e22a6c2779/LightGBM__Top15__global__default__global__all_history.joblib
turbine_2,2026-02-14 19:00:00+00:00,2026-02-15 23:00:00+00:00,28,D2,0.3748978350706675,LightGBM__Top15__global__default,Top15,models/644e19e22a6c2779/LightGBM__Top15__global__default__global__all_history.joblib
turbine_1,2026-02-14 19:00:00+00:00,2026-02-16 00:00:00+00:00,29,D2,0.469638496524287,LightGBM__Top15__global__default,Top15,models/644e19e22a6c2779/LightGBM__Top15__global__default__global__all_history.joblib
turbine_2,2026-02-14 19:00:00+00:00,2026-02-16 00:00:00+00:00,29,D2,0.47299803151578584,LightGBM__Top15__global__default,Top15,models/644e19e22a6c2779/LightGBM__Top15__global__default__global__all_history.joblib
turbine_1,2026-02-14 19:00:00+00:00,2026-02-16 01:00:00+00:00,30,D2,0.36051547335856854,LightGBM__Top15__global__default,Top15,models/644e19e22a6c2779/LightGBM__Top15__global__default__global__all_history.joblib
turbine_2,2026-02-14 19:00:00+00:00,2026-02-16 01:00:00+00:00,30,D2,0.3648926125635788,LightGBM__Top15__global__default,Top15,models/644e19e22a6c2779/LightGBM__Top15__global__default__global__all_history.joblib
turbine_1,2026-02-14 19:00:00+00:00,2026-02-16 02:00:00+00:00,31,D2,0.40111904120449343,LightGBM__Top15__global__default,Top15,models/644e19e22a6c2779/LightGBM__Top15__global__default__global__all_history.joblib
turbine_2,2026-02-14 19:00:00+00:00,2026-02-16 02:00:00+00:00,31,D2,0.402376320452945,LightGBM__Top15__global__default,Top15,models/644e19e22a6c2779/LightGBM__Top15__global__default__global__all_history.joblib
turbine_1,2026-02-14 19:00:00+00:00,2026-02-16 03:00:00+00:00,32,D2,0.35752374368082657,LightGBM__Top15__global__default,Top15,models/644e19e22a6c2779/LightGBM__Top15__global__default__global__all_history.joblib
turbine_2,2026-02-14 19:00:00+00:00,2026-02-16 03:00:00+00:00,32,D2,0.35878102292927816,LightGBM__Top15__global__default,Top15,models/644e19e22a6c2779/LightGBM__Top15__global__default__global__all_history.joblib
turbine_1,2026-02-14 19:00:00+00:00,2026-02-16 04:00:00+00:00,33,D2,0.4177333001670095,LightGBM__Top15__global__default,Top15,models/644e19e22a6c2779/LightGBM__Top15__global__default__global__all_history.joblib
turbine_2,2026-02-14 19:00:00+00:00,2026-02-16 04:00:00+00:00,33,D2,0.4210928351585083,LightGBM__Top15__global__default,Top15,models/644e19e22a6c2779/LightGBM__Top15__global__default__global__all_history.joblib
turbine_1,2026-02-14 19:00:00+00:00,2026-02-16 05:00:00+00:00,34,D2,0.4341713278167225,LightGBM__Top15__global__default,Top15,models/644e19e22a6c2779/LightGBM__Top15__global__default__global__all_history.joblib
turbine_2,2026-02-14 19:00:00+00:00,2026-02-16 05:00:00+00:00,34,D2,0.43753086280822134,LightGBM__Top15__global__default,Top15,models/644e19e22a6c2779/LightGBM__Top15__global__default__global__all_history.joblib
turbine_1,2026-02-14 19:00:00+00:00,2026-02-16 06:00:00+00:00,35,D2,0.483195134736515,LightGBM__Top15__global__default,Top15,models/644e19e22a6c2779/LightGBM__Top15__global__default__global__all_history.joblib
turbine_2,2026-02-14 19:00:00+00:00,2026-02-16 06:00:00+00:00,35,D2,0.4843975809243678,LightGBM__Top15__global__default,Top15,models/644e19e22a6c2779/LightGBM__Top15__global__default__global__all_history.joblib
turbine_1,2026-02-14 19:00:00+00:00,2026-02-16 07:00:00+00:00,36,D2,0.7800284820672975,LightGBM__Top15__global__default,Top15,models/644e19e22a6c2779/LightGBM__Top15__global__default__global__all_history.joblib
turbine_2,2026-02-14 19:00:00+00:00,2026-02-16 07:00:00+00:00,36,D2,0.7812309282551501,LightGBM__Top15__global__default,Top15,models/644e19e22a6c2779/LightGBM__Top15__global__default__global__all_history.joblib
turbine_1,2026-02-14 19:00:00+00:00,2026-02-16 08:00:00+00:00,37,D2,0.4883650841152991,LightGBM__Top15__global__default,Top15,models/644e19e22a6c2779/LightGBM__Top15__global__default__global__all_history.joblib
turbine_2,2026-02-14 19:00:00+00:00,2026-02-16 08:00:00+00:00,37,D2,0.49172461910679793,LightGBM__Top15__global__default,Top15,models/644e19e22a6c2779/LightGBM__Top15__global__default__global__all_history.joblib
turbine_1,2026-02-14 19:00:00+00:00,2026-02-16 09:00:00+00:00,38,D2,0.5614143065023015,LightGBM__Top15__global__default,Top15,models/644e19e22a6c2779/LightGBM__Top15__global__default__global__all_history.joblib
turbine_2,2026-02-14 19:00:00+00:00,2026-02-16 09:00:00+00:00,38,D2,0.5611414107521687,LightGBM__Top15__global__default,Top15,models/644e19e22a6c2779/LightGBM__Top15__global__default__global__all_history.joblib
turbine_1,2026-02-14 19:00:00+00:00,2026-02-16 10:00:00+00:00,39,D2,0.6350622280002992,LightGBM__Top15__global__default,Top15,models/644e19e22a6c2779/LightGBM__Top15__global__default__global__all_history.joblib
turbine_2,2026-02-14 19:00:00+00:00,2026-02-16 10:00:00+00:00,39,D2,0.6347893322501664,LightGBM__Top15__global__default,Top15,models/644e19e22a6c2779/LightGBM__Top15__global__default__global__all_history.joblib
turbine_1,2026-02-14 19:00:00+00:00,2026-02-16 11:00:00+00:00,40,D2,0.7033906313011479,LightGBM__Top15__global__default,Top15,models/644e19e22a6c2779/LightGBM__Top15__global__default__global__all_history.joblib
turbine_2,2026-02-14 19:00:00+00:00,2026-02-16 11:00:00+00:00,40,D2,0.7067501662926464,LightGBM__Top15__global__default,Top15,models/644e19e22a6c2779/LightGBM__Top15__global__default__global__all_history.joblib
turbine_1,2026-02-14 19:00:00+00:00,2026-02-16 12:00:00+00:00,41,D2,0.9150846664963102,LightGBM__Top15__global__default,Top15,models/644e19e22a6c2779/LightGBM__Top15__global__default__global__all_history.joblib
turbine_2,2026-02-14 19:00:00+00:00,2026-02-16 12:00:00+00:00,41,D2,0.9148117707461774,LightGBM__Top15__global__default,Top15,models/644e19e22a6c2779/LightGBM__Top15__global__default__global__all_history.joblib
turbine_1,2026-02-14 19:00:00+00:00,2026-02-16 13:00:00+00:00,42,D2,0.8515784525131117,LightGBM__Top15__global__default,Top15,models/644e19e22a6c2779/LightGBM__Top15__global__default__global__all_history.joblib
turbine_2,2026-02-14 19:00:00+00:00,2026-02-16 13:00:00+00:00,42,D2,0.848608525131378,LightGBM__Top15__global__default,Top15,models/644e19e22a6c2779/LightGBM__Top15__global__default__global__all_history.joblib
turbine_1,2026-02-14 19:00:00+00:00,2026-02-16 14:00:00+00:00,43,D2,0.8444488182983713,LightGBM__Top15__global__default,Top15,models/644e19e22a6c2779/LightGBM__Top15__global__default__global__all_history.joblib
turbine_2,2026-02-14 19:00:00+00:00,2026-02-16 14:00:00+00:00,43,D2,0.8436539528981915,LightGBM__Top15__global__default,Top15,models/644e19e22a6c2779/LightGBM__Top15__global__default__global__all_history.joblib
turbine_1,2026-02-14 19:00:00+00:00,2026-02-16 15:00:00+00:00,44,D2,0.5964966508645101,LightGBM__Top15__global__default,Top15,models/644e19e22a6c2779/LightGBM__Top15__global__default__global__all_history.joblib
turbine_2,2026-02-14 19:00:00+00:00,2026-02-16 15:00:00+00:00,44,D2,0.5962237551143773,LightGBM__Top15__global__default,Top15,models/644e19e22a6c2779/LightGBM__Top15__global__default__global__all_history.joblib
turbine_1,2026-02-14 19:00:00+00:00,2026-02-16 16:00:00+00:00,45,D2,0.5853916583912746,LightGBM__Top15__global__default,Top15,models/644e19e22a6c2779/LightGBM__Top15__global__default__global__all_history.joblib
turbine_2,2026-02-14 19:00:00+00:00,2026-02-16 16:00:00+00:00,45,D2,0.5887511933827732,LightGBM__Top15__global__default,Top15,models/644e19e22a6c2779/LightGBM__Top15__global__default__global__all_history.joblib
turbine_1,2026-02-14 19:00:00+00:00,2026-02-16 17:00:00+00:00,46,D2,0.6467856671688131,LightGBM__Top15__global__default,Top15,models/644e19e22a6c2779/LightGBM__Top15__global__default__global__all_history.joblib
turbine_2,2026-02-14 19:00:00+00:00,2026-02-16 17:00:00+00:00,46,D2,0.6501452021603117,LightGBM__Top15__global__default,Top15,models/644e19e22a6c2779/LightGBM__Top15__global__default__global__all_history.joblib
turbine_1,2026-02-14 19:00:00+00:00,2026-02-16 18:00:00+00:00,47,D2,0.3982641822867652,LightGBM__Top15__global__default,Top15,models/644e19e22a6c2779/LightGBM__Top15__global__default__global__all_history.joblib
turbine_2,2026-02-14 19:00:00+00:00,2026-02-16 18:00:00+00:00,47,D2,0.4006969081205809,LightGBM__Top15__global__default,Top15,models/644e19e22a6c2779/LightGBM__Top15__global__default__global__all_history.joblib
turbine_1,2026-02-14 19:00:00+00:00,2026-02-16 19:00:00+00:00,48,D2,0.3982641822867652,LightGBM__Top15__global__default,Top15,models/644e19e22a6c2779/LightGBM__Top15__global__default__global__all_history.joblib
turbine_2,2026-02-14 19:00:00+00:00,2026-02-16 19:00:00+00:00,48,D2,0.4006969081205809,LightGBM__Top15__global__default,Top15,models/644e19e22a6c2779/LightGBM__Top15__global__default__global__all_history.joblib
turbine_1,2026-02-15 19:00:00+00:00,2026-02-15 20:00:00+00:00,1,D1,0.4009026049680148,LightGBM__Top15__global__default,Top15,models/644e19e22a6c2779/LightGBM__Top15__global__default__global__all_history.joblib
turbine_2,2026-02-15 19:00:00+00:00,2026-02-15 20:00:00+00:00,1,D1,0.40215988421646637,LightGBM__Top15__global__default,Top15,models/644e19e22a6c2779/LightGBM__Top15__global__default__global__all_history.joblib
turbine_1,2026-02-15 19:00:00+00:00,2026-02-15 21:00:00+00:00,2,D1,0.4400522388198528,LightGBM__Top15__global__default,Top15,models/644e19e22a6c2779/LightGBM__Top15__global__default__global__all_history.joblib
turbine_2,2026-02-15 19:00:00+00:00,2026-02-15 21:00:00+00:00,2,D1,0.44149974197840225,LightGBM__Top15__global__default,Top15,models/644e19e22a6c2779/LightGBM__Top15__global__default__global__all_history.joblib
turbine_1,2026-02-15 19:00:00+00:00,2026-02-15 22:00:00+00:00,3,D1,0.3772368888122491,LightGBM__Top15__global__default,Top15,models/644e19e22a6c2779/LightGBM__Top15__global__default__global__all_history.joblib
turbine_2,2026-02-15 19:00:00+00:00,2026-02-15 22:00:00+00:00,3,D1,0.37868439197079856,LightGBM__Top15__global__default,Top15,models/644e19e22a6c2779/LightGBM__Top15__global__default__global__all_history.joblib
turbine_1,2026-02-15 19:00:00+00:00,2026-02-15 23:00:00+00:00,4,D1,0.38250807339647835,LightGBM__Top15__global__default,Top15,models/644e19e22a6c2779/LightGBM__Top15__global__default__global__all_history.joblib
turbine_2,2026-02-15 19:00:00+00:00,2026-02-15 23:00:00+00:00,4,D1,0.38494079923029406,LightGBM__Top15__global__default,Top15,models/644e19e22a6c2779/LightGBM__Top15__global__default__global__all_history.joblib
turbine_1,2026-02-15 19:00:00+00:00,2026-02-16 00:00:00+00:00,5,D1,0.5978431887256727,LightGBM__Top15__global__default,Top15,models/644e19e22a6c2779/LightGBM__Top15__global__default__global__all_history.joblib
turbine_2,2026-02-15 19:00:00+00:00,2026-02-16 00:00:00+00:00,5,D1,0.6012027237171712,LightGBM__Top15__global__default,Top15,models/644e19e22a6c2779/LightGBM__Top15__global__default__global__all_history.joblib
turbine_1,2026-02-15 19:00:00+00:00,2026-02-16 01:00:00+00:00,6,D1,0.5969929969755076,LightGBM__Top15__global__default,Top15,models/644e19e22a6c2779/LightGBM__Top15__global__default__global__all_history.joblib
turbine_2,2026-02-15 19:00:00+00:00,2026-02-16 01:00:00+00:00,6,D1,0.6003525319670061,LightGBM__Top15__global__default,Top15,models/644e19e22a6c2779/LightGBM__Top15__global__default__global__all_history.joblib
turbine_1,2026-02-15 19:00:00+00:00,2026-02-16 02:00:00+00:00,7,D1,0.48724563676631205,LightGBM__Top15__global__default,Top15,models/644e19e22a6c2779/LightGBM__Top15__global__default__global__all_history.joblib
turbine_2,2026-02-15 19:00:00+00:00,2026-02-16 02:00:00+00:00,7,D1,0.4906051717578109,LightGBM__Top15__global__default,Top15,models/644e19e22a6c2779/LightGBM__Top15__global__default__global__all_history.joblib
turbine_1,2026-02-15 19:00:00+00:00,2026-02-16 03:00:00+00:00,8,D1,0.402303817179682,LightGBM__Top15__global__default,Top15,models/644e19e22a6c2779/LightGBM__Top15__global__default__global__all_history.joblib
turbine_2,2026-02-15 19:00:00+00:00,2026-02-16 03:00:00+00:00,8,D1,0.4056633521711808,LightGBM__Top15__global__default,Top15,models/644e19e22a6c2779/LightGBM__Top15__global__default__global__all_history.joblib
turbine_1,2026-02-15 19:00:00+00:00,2026-02-16 04:00:00+00:00,9,D1,0.39271316286570535,LightGBM__Top15__global__default,Top15,models/644e19e22a6c2779/LightGBM__Top15__global__default__global__all_history.joblib
turbine_2,2026-02-15 19:00:00+00:00,2026-02-16 04:00:00+00:00,9,D1,0.39607269785720417,LightGBM__Top15__global__default,Top15,models/644e19e22a6c2779/LightGBM__Top15__global__default__global__all_history.joblib
turbine_1,2026-02-15 19:00:00+00:00,2026-02-16 05:00:00+00:00,10,D1,0.5084978109661955,LightGBM__Top15__global__default,Top15,models/644e19e22a6c2779/LightGBM__Top15__global__default__global__all_history.joblib
turbine_2,2026-02-15 19:00:00+00:00,2026-02-16 05:00:00+00:00,10,D1,0.5082249152160627,LightGBM__Top15__global__default,Top15,models/644e19e22a6c2779/LightGBM__Top15__global__default__global__all_history.joblib
turbine_1,2026-02-15 19:00:00+00:00,2026-02-16 06:00:00+00:00,11,D1,0.6427658024559317,LightGBM__Top15__global__default,Top15,models/644e19e22a6c2779/LightGBM__Top15__global__default__global__all_history.joblib
turbine_2,2026-02-15 19:00:00+00:00,2026-02-16 06:00:00+00:00,11,D1,0.6439682486437843,LightGBM__Top15__global__default,Top15,models/644e19e22a6c2779/LightGBM__Top15__global__default__global__all_history.joblib
turbine_1,2026-02-15 19:00:00+00:00,2026-02-16 07:00:00+00:00,12,D1,0.6570108351979873,LightGBM__Top15__global__default,Top15,models/644e19e22a6c2779/LightGBM__Top15__global__default__global__all_history.joblib
turbine_2,2026-02-15 19:00:00+00:00,2026-02-16 07:00:00+00:00,12,D1,0.6582132813858399,LightGBM__Top15__global__default,Top15,models/644e19e22a6c2779/LightGBM__Top15__global__default__global__all_history.joblib
turbine_1,2026-02-15 19:00:00+00:00,2026-02-16 08:00:00+00:00,13,D1,0.6280066920587427,LightGBM__Top15__global__default,Top15,models/644e19e22a6c2779/LightGBM__Top15__global__default__global__all_history.joblib
turbine_2,2026-02-15 19:00:00+00:00,2026-02-16 08:00:00+00:00,13,D1,0.6313662270502413,LightGBM__Top15__global__default,Top15,models/644e19e22a6c2779/LightGBM__Top15__global__default__global__all_history.joblib
turbine_1,2026-02-15 19:00:00+00:00,2026-02-16 09:00:00+00:00,14,D1,0.6379719112438168,LightGBM__Top15__global__default,Top15,models/644e19e22a6c2779/LightGBM__Top15__global__default__global__all_history.joblib
turbine_2,2026-02-15 19:00:00+00:00,2026-02-16 09:00:00+00:00,14,D1,0.6413314462353154,LightGBM__Top15__global__default,Top15,models/644e19e22a6c2779/LightGBM__Top15__global__default__global__all_history.joblib
turbine_1,2026-02-15 19:00:00+00:00,2026-02-16 10:00:00+00:00,15,D1,0.6906609160626924,LightGBM__Top15__global__default,Top15,models/644e19e22a6c2779/LightGBM__Top15__global__default__global__all_history.joblib
turbine_2,2026-02-15 19:00:00+00:00,2026-02-16 10:00:00+00:00,15,D1,0.694020451054191,LightGBM__Top15__global__default,Top15,models/644e19e22a6c2779/LightGBM__Top15__global__default__global__all_history.joblib
turbine_1,2026-02-15 19:00:00+00:00,2026-02-16 11:00:00+00:00,16,D1,0.8674195356215579,LightGBM__Top15__global__default,Top15,models/644e19e22a6c2779/LightGBM__Top15__global__default__global__all_history.joblib
turbine_2,2026-02-15 19:00:00+00:00,2026-02-16 11:00:00+00:00,16,D1,0.8707790706130565,LightGBM__Top15__global__default,Top15,models/644e19e22a6c2779/LightGBM__Top15__global__default__global__all_history.joblib
turbine_1,2026-02-15 19:00:00+00:00,2026-02-16 12:00:00+00:00,17,D1,0.5892720112563116,LightGBM__Top15__global__default,Top15,models/644e19e22a6c2779/LightGBM__Top15__global__default__global__all_history.joblib
turbine_2,2026-02-15 19:00:00+00:00,2026-02-16 12:00:00+00:00,17,D1,0.5904744574441642,LightGBM__Top15__global__default,Top15,models/644e19e22a6c2779/LightGBM__Top15__global__default__global__all_history.joblib
turbine_1,2026-02-15 19:00:00+00:00,2026-02-16 13:00:00+00:00,18,D1,0.6085600460975138,LightGBM__Top15__global__default,Top15,models/644e19e22a6c2779/LightGBM__Top15__global__default__global__all_history.joblib
turbine_2,2026-02-15 19:00:00+00:00,2026-02-16 13:00:00+00:00,18,D1,0.6097624922853664,LightGBM__Top15__global__default,Top15,models/644e19e22a6c2779/LightGBM__Top15__global__default__global__all_history.joblib
turbine_1,2026-02-15 19:00:00+00:00,2026-02-16 14:00:00+00:00,19,D1,0.623642632688326,LightGBM__Top15__global__default,Top15,models/644e19e22a6c2779/LightGBM__Top15__global__default__global__all_history.joblib
turbine_2,2026-02-15 19:00:00+00:00,2026-02-16 14:00:00+00:00,19,D1,0.6270021676798245,LightGBM__Top15__global__default,Top15,models/644e19e22a6c2779/LightGBM__Top15__global__default__global__all_history.joblib
turbine_1,2026-02-15 19:00:00+00:00,2026-02-16 15:00:00+00:00,20,D1,0.6318269708833453,LightGBM__Top15__global__default,Top15,models/644e19e22a6c2779/LightGBM__Top15__global__default__global__all_history.joblib
turbine_2,2026-02-15 19:00:00+00:00,2026-02-16 15:00:00+00:00,20,D1,0.6351865058748438,LightGBM__Top15__global__default,Top15,models/644e19e22a6c2779/LightGBM__Top15__global__default__global__all_history.joblib
turbine_1,2026-02-15 19:00:00+00:00,2026-02-16 16:00:00+00:00,21,D1,0.6281376068013892,LightGBM__Top15__global__default,Top15,models/644e19e22a6c2779/LightGBM__Top15__global__default__global__all_history.joblib
turbine_2,2026-02-15 19:00:00+00:00,2026-02-16 16:00:00+00:00,21,D1,0.6293400529892418,LightGBM__Top15__global__default,Top15,models/644e19e22a6c2779/LightGBM__Top15__global__default__global__all_history.joblib
turbine_1,2026-02-15 19:00:00+00:00,2026-02-16 17:00:00+00:00,22,D1,0.6118926473697276,LightGBM__Top15__global__default,Top15,models/644e19e22a6c2779/LightGBM__Top15__global__default__global__all_history.joblib
turbine_2,2026-02-15 19:00:00+00:00,2026-02-16 17:00:00+00:00,22,D1,0.6130950935575802,LightGBM__Top15__global__default,Top15,models/644e19e22a6c2779/LightGBM__Top15__global__default__global__all_history.joblib
turbine_1,2026-02-15 19:00:00+00:00,2026-02-16 18:00:00+00:00,23,D1,0.5911273350048013,LightGBM__Top15__global__default,Top15,models/644e19e22a6c2779/LightGBM__Top15__global__default__global__all_history.joblib
turbine_2,2026-02-15 19:00:00+00:00,2026-02-16 18:00:00+00:00,23,D1,0.5935600608386168,LightGBM__Top15__global__default,Top15,models/644e19e22a6c2779/LightGBM__Top15__global__default__global__all_history.joblib
turbine_1,2026-02-15 19:00:00+00:00,2026-02-16 19:00:00+00:00,24,D1,0.5954432613139594,LightGBM__Top15__global__default,Top15,models/644e19e22a6c2779/LightGBM__Top15__global__default__global__all_history.joblib
turbine_2,2026-02-15 19:00:00+00:00,2026-02-16 19:00:00+00:00,24,D1,0.5978759871477749,LightGBM__Top15__global__default,Top15,models/644e19e22a6c2779/LightGBM__Top15__global__default__global__all_history.joblib
turbine_1,2026-02-15 19:00:00+00:00,2026-02-16 20:00:00+00:00,25,D2,0.5458952905325896,LightGBM__Top15__global__default,Top15,models/644e19e22a6c2779/LightGBM__Top15__global__default__global__all_history.joblib
turbine_2,2026-02-15 19:00:00+00:00,2026-02-16 20:00:00+00:00,25,D2,0.5461709275627591,LightGBM__Top15__global__default,Top15,models/644e19e22a6c2779/LightGBM__Top15__global__default__global__all_history.joblib
turbine_1,2026-02-15 19:00:00+00:00,2026-02-16 21:00:00+00:00,26,D2,0.37962196040916135,LightGBM__Top15__global__default,Top15,models/644e19e22a6c2779/LightGBM__Top15__global__default__global__all_history.joblib
turbine_2,2026-02-15 19:00:00+00:00,2026-02-16 21:00:00+00:00,26,D2,0.38205468624297706,LightGBM__Top15__global__default,Top15,models/644e19e22a6c2779/LightGBM__Top15__global__default__global__all_history.joblib
turbine_1,2026-02-15 19:00:00+00:00,2026-02-16 22:00:00+00:00,27,D2,0.3712116051751736,LightGBM__Top15__global__default,Top15,models/644e19e22a6c2779/LightGBM__Top15__global__default__global__all_history.joblib
turbine_2,2026-02-15 19:00:00+00:00,2026-02-16 22:00:00+00:00,27,D2,0.3635539014043137,LightGBM__Top15__global__default,Top15,models/644e19e22a6c2779/LightGBM__Top15__global__default__global__all_history.joblib
turbine_1,2026-02-15 19:00:00+00:00,2026-02-16 23:00:00+00:00,28,D2,0.3697587484177194,LightGBM__Top15__global__default,Top15,models/644e19e22a6c2779/LightGBM__Top15__global__default__global__all_history.joblib
turbine_2,2026-02-15 19:00:00+00:00,2026-02-16 23:00:00+00:00,28,D2,0.3621010446468595,LightGBM__Top15__global__default,Top15,models/644e19e22a6c2779/LightGBM__Top15__global__default__global__all_history.joblib
turbine_1,2026-02-15 19:00:00+00:00,2026-02-17 00:00:00+00:00,29,D2,0.12110767021675463,LightGBM__Top15__global__default,Top15,models/644e19e22a6c2779/LightGBM__Top15__global__default__global__all_history.joblib
turbine_2,2026-02-15 19:00:00+00:00,2026-02-17 00:00:00+00:00,29,D2,0.13492330859783602,LightGBM__Top15__global__default,Top15,models/644e19e22a6c2779/LightGBM__Top15__global__default__global__all_history.joblib
turbine_1,2026-02-15 19:00:00+00:00,2026-02-17 01:00:00+00:00,30,D2,0.12743173589503498,LightGBM__Top15__global__default,Top15,models/644e19e22a6c2779/LightGBM__Top15__global__default__global__all_history.joblib
turbine_2,2026-02-15 19:00:00+00:00,2026-02-17 01:00:00+00:00,30,D2,0.12280944550570742,LightGBM__Top15__global__default,Top15,models/644e19e22a6c2779/LightGBM__Top15__global__default__global__all_history.joblib
turbine_1,2026-02-15 19:00:00+00:00,2026-02-17 02:00:00+00:00,31,D2,0.13102005973394515,LightGBM__Top15__global__default,Top15,models/644e19e22a6c2779/LightGBM__Top15__global__default__global__all_history.joblib
turbine_2,2026-02-15 19:00:00+00:00,2026-02-17 02:00:00+00:00,31,D2,0.1294526424292,LightGBM__Top15__global__default,Top15,models/644e19e22a6c2779/LightGBM__Top15__global__default__global__all_history.joblib
turbine_1,2026-02-15 19:00:00+00:00,2026-02-17 03:00:00+00:00,32,D2,0.13129148889288605,LightGBM__Top15__global__default,Top15,models/644e19e22a6c2779/LightGBM__Top15__global__default__global__all_history.joblib
turbine_2,2026-02-15 19:00:00+00:00,2026-02-17 03:00:00+00:00,32,D2,0.1312775341292063,LightGBM__Top15__global__default,Top15,models/644e19e22a6c2779/LightGBM__Top15__global__default__global__all_history.joblib
turbine_1,2026-02-15 19:00:00+00:00,2026-02-17 04:00:00+00:00,33,D2,0.10336526946632156,LightGBM__Top15__global__default,Top15,models/644e19e22a6c2779/LightGBM__Top15__global__default__global__all_history.joblib
turbine_2,2026-02-15 19:00:00+00:00,2026-02-17 04:00:00+00:00,33,D2,0.10335131470264186,LightGBM__Top15__global__default,Top15,models/644e19e22a6c2779/LightGBM__Top15__global__default__global__all_history.joblib
turbine_1,2026-02-15 19:00:00+00:00,2026-02-17 05:00:00+00:00,34,D2,0.12407050644307974,LightGBM__Top15__global__default,Top15,models/644e19e22a6c2779/LightGBM__Top15__global__default__global__all_history.joblib
turbine_2,2026-02-15 19:00:00+00:00,2026-02-17 05:00:00+00:00,34,D2,0.12431825309134778,LightGBM__Top15__global__default,Top15,models/644e19e22a6c2779/LightGBM__Top15__global__default__global__all_history.joblib
turbine_1,2026-02-15 19:00:00+00:00,2026-02-17 06:00:00+00:00,35,D2,0.23417943077449863,LightGBM__Top15__global__default,Top15,models/644e19e22a6c2779/LightGBM__Top15__global__default__global__all_history.joblib
turbine_2,2026-02-15 19:00:00+00:00,2026-02-17 06:00:00+00:00,35,D2,0.23646755905911618,LightGBM__Top15__global__default,Top15,models/644e19e22a6c2779/LightGBM__Top15__global__default__global__all_history.joblib
turbine_1,2026-02-15 19:00:00+00:00,2026-02-17 07:00:00+00:00,36,D2,0.30091328330882666,LightGBM__Top15__global__default,Top15,models/644e19e22a6c2779/LightGBM__Top15__global__default__global__all_history.joblib
turbine_2,2026-02-15 19:00:00+00:00,2026-02-17 07:00:00+00:00,36,D2,0.3006546183283103,LightGBM__Top15__global__default,Top15,models/644e19e22a6c2779/LightGBM__Top15__global__default__global__all_history.joblib
turbine_1,2026-02-15 19:00:00+00:00,2026-02-17 08:00:00+00:00,37,D2,0.31954586137836977,LightGBM__Top15__global__default,Top15,models/644e19e22a6c2779/LightGBM__Top15__global__default__global__all_history.joblib
turbine_2,2026-02-15 19:00:00+00:00,2026-02-17 08:00:00+00:00,37,D2,0.3192871963978534,LightGBM__Top15__global__default,Top15,models/644e19e22a6c2779/LightGBM__Top15__global__default__global__all_history.joblib
turbine_1,2026-02-15 19:00:00+00:00,2026-02-17 09:00:00+00:00,38,D2,0.4069000779962473,LightGBM__Top15__global__default,Top15,models/644e19e22a6c2779/LightGBM__Top15__global__default__global__all_history.joblib
turbine_2,2026-02-15 19:00:00+00:00,2026-02-17 09:00:00+00:00,38,D2,0.4066414130157309,LightGBM__Top15__global__default,Top15,models/644e19e22a6c2779/LightGBM__Top15__global__default__global__all_history.joblib
turbine_1,2026-02-15 19:00:00+00:00,2026-02-17 10:00:00+00:00,39,D2,0.4873236398250456,LightGBM__Top15__global__default,Top15,models/644e19e22a6c2779/LightGBM__Top15__global__default__global__all_history.joblib
turbine_2,2026-02-15 19:00:00+00:00,2026-02-17 10:00:00+00:00,39,D2,0.48706497484452926,LightGBM__Top15__global__default,Top15,models/644e19e22a6c2779/LightGBM__Top15__global__default__global__all_history.joblib
turbine_1,2026-02-15 19:00:00+00:00,2026-02-17 11:00:00+00:00,40,D2,0.5003829964613705,LightGBM__Top15__global__default,Top15,models/644e19e22a6c2779/LightGBM__Top15__global__default__global__all_history.joblib
turbine_2,2026-02-15 19:00:00+00:00,2026-02-17 11:00:00+00:00,40,D2,0.5001243314808539,LightGBM__Top15__global__default,Top15,models/644e19e22a6c2779/LightGBM__Top15__global__default__global__all_history.joblib
turbine_1,2026-02-15 19:00:00+00:00,2026-02-17 12:00:00+00:00,41,D2,0.4752733089364846,LightGBM__Top15__global__default,Top15,models/644e19e22a6c2779/LightGBM__Top15__global__default__global__all_history.joblib
turbine_2,2026-02-15 19:00:00+00:00,2026-02-17 12:00:00+00:00,41,D2,0.47501464395596826,LightGBM__Top15__global__default,Top15,models/644e19e22a6c2779/LightGBM__Top15__global__default__global__all_history.joblib
turbine_1,2026-02-15 19:00:00+00:00,2026-02-17 13:00:00+00:00,42,D2,0.5477810120880984,LightGBM__Top15__global__default,Top15,models/644e19e22a6c2779/LightGBM__Top15__global__default__global__all_history.joblib
turbine_2,2026-02-15 19:00:00+00:00,2026-02-17 13:00:00+00:00,42,D2,0.5475223471075816,LightGBM__Top15__global__default,Top15,models/644e19e22a6c2779/LightGBM__Top15__global__default__global__all_history.joblib
turbine_1,2026-02-15 19:00:00+00:00,2026-02-17 14:00:00+00:00,43,D2,0.5413052399021397,LightGBM__Top15__global__default,Top15,models/644e19e22a6c2779/LightGBM__Top15__global__default__global__all_history.joblib
turbine_2,2026-02-15 19:00:00+00:00,2026-02-17 14:00:00+00:00,43,D2,0.5665364310795679,LightGBM__Top15__global__default,Top15,models/644e19e22a6c2779/LightGBM__Top15__global__default__global__all_history.joblib
turbine_1,2026-02-15 19:00:00+00:00,2026-02-17 15:00:00+00:00,44,D2,0.7962916444048137,LightGBM__Top15__global__default,Top15,models/644e19e22a6c2779/LightGBM__Top15__global__default__global__all_history.joblib
turbine_2,2026-02-15 19:00:00+00:00,2026-02-17 15:00:00+00:00,44,D2,0.7951061702666139,LightGBM__Top15__global__default,Top15,models/644e19e22a6c2779/LightGBM__Top15__global__default__global__all_history.joblib
turbine_1,2026-02-15 19:00:00+00:00,2026-02-17 16:00:00+00:00,45,D2,0.7834059489531277,LightGBM__Top15__global__default,Top15,models/644e19e22a6c2779/LightGBM__Top15__global__default__global__all_history.joblib
turbine_2,2026-02-15 19:00:00+00:00,2026-02-17 16:00:00+00:00,45,D2,0.7822204748149278,LightGBM__Top15__global__default,Top15,models/644e19e22a6c2779/LightGBM__Top15__global__default__global__all_history.joblib
turbine_1,2026-02-15 19:00:00+00:00,2026-02-17 17:00:00+00:00,46,D2,0.750077517179994,LightGBM__Top15__global__default,Top15,models/644e19e22a6c2779/LightGBM__Top15__global__default__global__all_history.joblib
turbine_2,2026-02-15 19:00:00+00:00,2026-02-17 17:00:00+00:00,46,D2,0.7498188521994773,LightGBM__Top15__global__default,Top15,models/644e19e22a6c2779/LightGBM__Top15__global__default__global__all_history.joblib
turbine_1,2026-02-15 19:00:00+00:00,2026-02-17 18:00:00+00:00,47,D2,0.6321115156317421,LightGBM__Top15__global__default,Top15,models/644e19e22a6c2779/LightGBM__Top15__global__default__global__all_history.joblib
turbine_2,2026-02-15 19:00:00+00:00,2026-02-17 18:00:00+00:00,47,D2,0.629940818818276,LightGBM__Top15__global__default,Top15,models/644e19e22a6c2779/LightGBM__Top15__global__default__global__all_history.joblib
turbine_1,2026-02-15 19:00:00+00:00,2026-02-17 19:00:00+00:00,48,D2,0.7047544135972764,LightGBM__Top15__global__default,Top15,models/644e19e22a6c2779/LightGBM__Top15__global__default__global__all_history.joblib
turbine_2,2026-02-15 19:00:00+00:00,2026-02-17 19:00:00+00:00,48,D2,0.6699312902293015,LightGBM__Top15__global__default,Top15,models/644e19e22a6c2779/LightGBM__Top15__global__default__global__all_history.joblib
turbine_1,2026-02-16 19:00:00+00:00,2026-02-16 20:00:00+00:00,1,D1,0.5818711880107249,LightGBM__Top15__global__default,Top15,models/644e19e22a6c2779/LightGBM__Top15__global__default__global__all_history.joblib
turbine_2,2026-02-16 19:00:00+00:00,2026-02-16 20:00:00+00:00,1,D1,0.5843039138445404,LightGBM__Top15__global__default,Top15,models/644e19e22a6c2779/LightGBM__Top15__global__default__global__all_history.joblib
turbine_1,2026-02-16 19:00:00+00:00,2026-02-16 21:00:00+00:00,2,D1,0.6070794830198311,LightGBM__Top15__global__default,Top15,models/644e19e22a6c2779/LightGBM__Top15__global__default__global__all_history.joblib
turbine_2,2026-02-16 19:00:00+00:00,2026-02-16 21:00:00+00:00,2,D1,0.6095122088536465,LightGBM__Top15__global__default,Top15,models/644e19e22a6c2779/LightGBM__Top15__global__default__global__all_history.joblib
turbine_1,2026-02-16 19:00:00+00:00,2026-02-16 22:00:00+00:00,3,D1,0.438274597018039,LightGBM__Top15__global__default,Top15,models/644e19e22a6c2779/LightGBM__Top15__global__default__global__all_history.joblib
turbine_2,2026-02-16 19:00:00+00:00,2026-02-16 22:00:00+00:00,3,D1,0.43726994936440117,LightGBM__Top15__global__default,Top15,models/644e19e22a6c2779/LightGBM__Top15__global__default__global__all_history.joblib
turbine_1,2026-02-16 19:00:00+00:00,2026-02-16 23:00:00+00:00,4,D1,0.2786431316602341,LightGBM__Top15__global__default,Top15,models/644e19e22a6c2779/LightGBM__Top15__global__default__global__all_history.joblib
turbine_2,2026-02-16 19:00:00+00:00,2026-02-16 23:00:00+00:00,4,D1,0.27665326133133,LightGBM__Top15__global__default,Top15,models/644e19e22a6c2779/LightGBM__Top15__global__default__global__all_history.joblib
turbine_1,2026-02-16 19:00:00+00:00,2026-02-17 00:00:00+00:00,5,D1,0.18060785713186725,LightGBM__Top15__global__default,Top15,models/644e19e22a6c2779/LightGBM__Top15__global__default__global__all_history.joblib
turbine_2,2026-02-16 19:00:00+00:00,2026-02-17 00:00:00+00:00,5,D1,0.17842776289286522,LightGBM__Top15__global__default,Top15,models/644e19e22a6c2779/LightGBM__Top15__global__default__global__all_history.joblib
turbine_1,2026-02-16 19:00:00+00:00,2026-02-17 01:00:00+00:00,6,D1,0.17710201130273437,LightGBM__Top15__global__default,Top15,models/644e19e22a6c2779/LightGBM__Top15__global__default__global__all_history.joblib
turbine_2,2026-02-16 19:00:00+00:00,2026-02-17 01:00:00+00:00,6,D1,0.17492191706373234,LightGBM__Top15__global__default,Top15,models/644e19e22a6c2779/LightGBM__Top15__global__default__global__all_history.joblib
turbine_1,2026-02-16 19:00:00+00:00,2026-02-17 02:00:00+00:00,7,D1,0.1373457238297368,LightGBM__Top15__global__default,Top15,models/644e19e22a6c2779/LightGBM__Top15__global__default__global__all_history.joblib
turbine_2,2026-02-16 19:00:00+00:00,2026-02-17 02:00:00+00:00,7,D1,0.13491815894840317,LightGBM__Top15__global__default,Top15,models/644e19e22a6c2779/LightGBM__Top15__global__default__global__all_history.joblib
turbine_1,2026-02-16 19:00:00+00:00,2026-02-17 03:00:00+00:00,8,D1,0.10952183630955958,LightGBM__Top15__global__default,Top15,models/644e19e22a6c2779/LightGBM__Top15__global__default__global__all_history.joblib
turbine_2,2026-02-16 19:00:00+00:00,2026-02-17 03:00:00+00:00,8,D1,0.10689921417404827,LightGBM__Top15__global__default,Top15,models/644e19e22a6c2779/LightGBM__Top15__global__default__global__all_history.joblib
turbine_1,2026-02-16 19:00:00+00:00,2026-02-17 04:00:00+00:00,9,D1,0.1197282786145979,LightGBM__Top15__global__default,Top15,models/644e19e22a6c2779/LightGBM__Top15__global__default__global__all_history.joblib
turbine_2,2026-02-16 19:00:00+00:00,2026-02-17 04:00:00+00:00,9,D1,0.11816400615980294,LightGBM__Top15__global__default,Top15,models/644e19e22a6c2779/LightGBM__Top15__global__default__global__all_history.joblib
turbine_1,2026-02-16 19:00:00+00:00,2026-02-17 05:00:00+00:00,10,D1,0.10430593789476268,LightGBM__Top15__global__default,Top15,models/644e19e22a6c2779/LightGBM__Top15__global__default__global__all_history.joblib
turbine_2,2026-02-16 19:00:00+00:00,2026-02-17 05:00:00+00:00,10,D1,0.1027742159867324,LightGBM__Top15__global__default,Top15,models/644e19e22a6c2779/LightGBM__Top15__global__default__global__all_history.joblib
turbine_1,2026-02-16 19:00:00+00:00,2026-02-17 06:00:00+00:00,11,D1,0.08045235017471426,LightGBM__Top15__global__default,Top15,models/644e19e22a6c2779/LightGBM__Top15__global__default__global__all_history.joblib
turbine_2,2026-02-16 19:00:00+00:00,2026-02-17 06:00:00+00:00,11,D1,0.0862297854652825,LightGBM__Top15__global__default,Top15,models/644e19e22a6c2779/LightGBM__Top15__global__default__global__all_history.joblib
turbine_1,2026-02-16 19:00:00+00:00,2026-02-17 07:00:00+00:00,12,D1,0.07351832902919543,LightGBM__Top15__global__default,Top15,models/644e19e22a6c2779/LightGBM__Top15__global__default__global__all_history.joblib
turbine_2,2026-02-16 19:00:00+00:00,2026-02-17 07:00:00+00:00,12,D1,0.07198660712116516,LightGBM__Top15__global__default,Top15,models/644e19e22a6c2779/LightGBM__Top15__global__default__global__all_history.joblib
turbine_1,2026-02-16 19:00:00+00:00,2026-02-17 08:00:00+00:00,13,D1,0.11609447842183789,LightGBM__Top15__global__default,Top15,models/644e19e22a6c2779/LightGBM__Top15__global__default__global__all_history.joblib
turbine_2,2026-02-16 19:00:00+00:00,2026-02-17 08:00:00+00:00,13,D1,0.1148102271561392,LightGBM__Top15__global__default,Top15,models/644e19e22a6c2779/LightGBM__Top15__global__default__global__all_history.joblib
turbine_1,2026-02-16 19:00:00+00:00,2026-02-17 09:00:00+00:00,14,D1,0.1488771994096064,LightGBM__Top15__global__default,Top15,models/644e19e22a6c2779/LightGBM__Top15__global__default__global__all_history.joblib
turbine_2,2026-02-16 19:00:00+00:00,2026-02-17 09:00:00+00:00,14,D1,0.14759294814390772,LightGBM__Top15__global__default,Top15,models/644e19e22a6c2779/LightGBM__Top15__global__default__global__all_history.joblib
turbine_1,2026-02-16 19:00:00+00:00,2026-02-17 10:00:00+00:00,15,D1,0.2133897173566809,LightGBM__Top15__global__default,Top15,models/644e19e22a6c2779/LightGBM__Top15__global__default__global__all_history.joblib
turbine_2,2026-02-16 19:00:00+00:00,2026-02-17 10:00:00+00:00,15,D1,0.2119104088368045,LightGBM__Top15__global__default,Top15,models/644e19e22a6c2779/LightGBM__Top15__global__default__global__all_history.joblib
turbine_1,2026-02-16 19:00:00+00:00,2026-02-17 11:00:00+00:00,16,D1,0.2662663999161672,LightGBM__Top15__global__default,Top15,models/644e19e22a6c2779/LightGBM__Top15__global__default__global__all_history.joblib
turbine_2,2026-02-16 19:00:00+00:00,2026-02-17 11:00:00+00:00,16,D1,0.2647870913962908,LightGBM__Top15__global__default,Top15,models/644e19e22a6c2779/LightGBM__Top15__global__default__global__all_history.joblib
turbine_1,2026-02-16 19:00:00+00:00,2026-02-17 12:00:00+00:00,17,D1,0.4432702287680228,LightGBM__Top15__global__default,Top15,models/644e19e22a6c2779/LightGBM__Top15__global__default__global__all_history.joblib
turbine_2,2026-02-16 19:00:00+00:00,2026-02-17 12:00:00+00:00,17,D1,0.4432066210416842,LightGBM__Top15__global__default,Top15,models/644e19e22a6c2779/LightGBM__Top15__global__default__global__all_history.joblib
turbine_1,2026-02-16 19:00:00+00:00,2026-02-17 13:00:00+00:00,18,D1,0.5001385131164411,LightGBM__Top15__global__default,Top15,models/644e19e22a6c2779/LightGBM__Top15__global__default__global__all_history.joblib
turbine_2,2026-02-16 19:00:00+00:00,2026-02-17 13:00:00+00:00,18,D1,0.49249504011519707,LightGBM__Top15__global__default,Top15,models/644e19e22a6c2779/LightGBM__Top15__global__default__global__all_history.joblib
turbine_1,2026-02-16 19:00:00+00:00,2026-02-17 14:00:00+00:00,19,D1,0.5514196271746787,LightGBM__Top15__global__default,Top15,models/644e19e22a6c2779/LightGBM__Top15__global__default__global__all_history.joblib
turbine_2,2026-02-16 19:00:00+00:00,2026-02-17 14:00:00+00:00,19,D1,0.5426007075880707,LightGBM__Top15__global__default,Top15,models/644e19e22a6c2779/LightGBM__Top15__global__default__global__all_history.joblib
turbine_1,2026-02-16 19:00:00+00:00,2026-02-17 15:00:00+00:00,20,D1,0.7308832643698995,LightGBM__Top15__global__default,Top15,models/644e19e22a6c2779/LightGBM__Top15__global__default__global__all_history.joblib
turbine_2,2026-02-16 19:00:00+00:00,2026-02-17 15:00:00+00:00,20,D1,0.7077235868538231,LightGBM__Top15__global__default,Top15,models/644e19e22a6c2779/LightGBM__Top15__global__default__global__all_history.joblib
turbine_1,2026-02-16 19:00:00+00:00,2026-02-17 16:00:00+00:00,21,D1,0.8030461323576643,LightGBM__Top15__global__default,Top15,models/644e19e22a6c2779/LightGBM__Top15__global__default__global__all_history.joblib
turbine_2,2026-02-16 19:00:00+00:00,2026-02-17 16:00:00+00:00,21,D1,0.7917133200310845,LightGBM__Top15__global__default,Top15,models/644e19e22a6c2779/LightGBM__Top15__global__default__global__all_history.joblib
turbine_1,2026-02-16 19:00:00+00:00,2026-02-17 17:00:00+00:00,22,D1,0.763453798587556,LightGBM__Top15__global__default,Top15,models/644e19e22a6c2779/LightGBM__Top15__global__default__global__all_history.joblib
turbine_2,2026-02-16 19:00:00+00:00,2026-02-17 17:00:00+00:00,22,D1,0.754634879000948,LightGBM__Top15__global__default,Top15,models/644e19e22a6c2779/LightGBM__Top15__global__default__global__all_history.joblib
turbine_1,2026-02-16 19:00:00+00:00,2026-02-17 18:00:00+00:00,23,D1,0.7223638356779903,LightGBM__Top15__global__default,Top15,models/644e19e22a6c2779/LightGBM__Top15__global__default__global__all_history.joblib
turbine_2,2026-02-16 19:00:00+00:00,2026-02-17 18:00:00+00:00,23,D1,0.7147203626767462,LightGBM__Top15__global__default,Top15,models/644e19e22a6c2779/LightGBM__Top15__global__default__global__all_history.joblib
turbine_1,2026-02-16 19:00:00+00:00,2026-02-17 19:00:00+00:00,24,D1,0.774291333077257,LightGBM__Top15__global__default,Top15,models/644e19e22a6c2779/LightGBM__Top15__global__default__global__all_history.joblib
turbine_2,2026-02-16 19:00:00+00:00,2026-02-17 19:00:00+00:00,24,D1,0.773877532750245,LightGBM__Top15__global__default,Top15,models/644e19e22a6c2779/LightGBM__Top15__global__default__global__all_history.joblib
turbine_1,2026-02-16 19:00:00+00:00,2026-02-17 20:00:00+00:00,25,D2,0.6468757523745384,LightGBM__Top15__global__default,Top15,models/644e19e22a6c2779/LightGBM__Top15__global__default__global__all_history.joblib
turbine_2,2026-02-16 19:00:00+00:00,2026-02-17 20:00:00+00:00,25,D2,0.6360349159123903,LightGBM__Top15__global__default,Top15,models/644e19e22a6c2779/LightGBM__Top15__global__default__global__all_history.joblib
turbine_1,2026-02-16 19:00:00+00:00,2026-02-17 21:00:00+00:00,26,D2,0.5802751044415368,LightGBM__Top15__global__default,Top15,models/644e19e22a6c2779/LightGBM__Top15__global__default__global__all_history.joblib
turbine_2,2026-02-16 19:00:00+00:00,2026-02-17 21:00:00+00:00,26,D2,0.5766770631013265,LightGBM__Top15__global__default,Top15,models/644e19e22a6c2779/LightGBM__Top15__global__default__global__all_history.joblib
turbine_1,2026-02-16 19:00:00+00:00,2026-02-17 22:00:00+00:00,27,D2,0.6125586972478255,LightGBM__Top15__global__default,Top15,models/644e19e22a6c2779/LightGBM__Top15__global__default__global__all_history.joblib
turbine_2,2026-02-16 19:00:00+00:00,2026-02-17 22:00:00+00:00,27,D2,0.6089606559076151,LightGBM__Top15__global__default,Top15,models/644e19e22a6c2779/LightGBM__Top15__global__default__global__all_history.joblib
turbine_1,2026-02-16 19:00:00+00:00,2026-02-17 23:00:00+00:00,28,D2,0.4800968277919813,LightGBM__Top15__global__default,Top15,models/644e19e22a6c2779/LightGBM__Top15__global__default__global__all_history.joblib
turbine_2,2026-02-16 19:00:00+00:00,2026-02-17 23:00:00+00:00,28,D2,0.4764987864517714,LightGBM__Top15__global__default,Top15,models/644e19e22a6c2779/LightGBM__Top15__global__default__global__all_history.joblib
turbine_1,2026-02-16 19:00:00+00:00,2026-02-18 00:00:00+00:00,29,D2,0.6381887864517591,LightGBM__Top15__global__default,Top15,models/644e19e22a6c2779/LightGBM__Top15__global__default__global__all_history.joblib
turbine_2,2026-02-16 19:00:00+00:00,2026-02-18 00:00:00+00:00,29,D2,0.6345765143419327,LightGBM__Top15__global__default,Top15,models/644e19e22a6c2779/LightGBM__Top15__global__default__global__all_history.joblib
turbine_1,2026-02-16 19:00:00+00:00,2026-02-18 01:00:00+00:00,30,D2,0.6848362236412348,LightGBM__Top15__global__default,Top15,models/644e19e22a6c2779/LightGBM__Top15__global__default__global__all_history.joblib
turbine_2,2026-02-16 19:00:00+00:00,2026-02-18 01:00:00+00:00,30,D2,0.6743991183648121,LightGBM__Top15__global__default,Top15,models/644e19e22a6c2779/LightGBM__Top15__global__default__global__all_history.joblib
turbine_1,2026-02-16 19:00:00+00:00,2026-02-18 02:00:00+00:00,31,D2,0.6508057896566786,LightGBM__Top15__global__default,Top15,models/644e19e22a6c2779/LightGBM__Top15__global__default__global__all_history.joblib
turbine_2,2026-02-16 19:00:00+00:00,2026-02-18 02:00:00+00:00,31,D2,0.6471935175468522,LightGBM__Top15__global__default,Top15,models/644e19e22a6c2779/LightGBM__Top15__global__default__global__all_history.joblib
turbine_1,2026-02-16 19:00:00+00:00,2026-02-18 03:00:00+00:00,32,D2,0.8129736339800089,LightGBM__Top15__global__default,Top15,models/644e19e22a6c2779/LightGBM__Top15__global__default__global__all_history.joblib
turbine_2,2026-02-16 19:00:00+00:00,2026-02-18 03:00:00+00:00,32,D2,0.8051258048713589,LightGBM__Top15__global__default,Top15,models/644e19e22a6c2779/LightGBM__Top15__global__default__global__all_history.joblib
turbine_1,2026-02-16 19:00:00+00:00,2026-02-18 04:00:00+00:00,33,D2,0.9697464757019117,LightGBM__Top15__global__default,Top15,models/644e19e22a6c2779/LightGBM__Top15__global__default__global__all_history.joblib
turbine_2,2026-02-16 19:00:00+00:00,2026-02-18 04:00:00+00:00,33,D2,0.9603461895871421,LightGBM__Top15__global__default,Top15,models/644e19e22a6c2779/LightGBM__Top15__global__default__global__all_history.joblib
turbine_1,2026-02-16 19:00:00+00:00,2026-02-18 05:00:00+00:00,34,D2,0.9717824551381006,LightGBM__Top15__global__default,Top15,models/644e19e22a6c2779/LightGBM__Top15__global__default__global__all_history.joblib
turbine_2,2026-02-16 19:00:00+00:00,2026-02-18 05:00:00+00:00,34,D2,0.9626534879960347,LightGBM__Top15__global__default,Top15,models/644e19e22a6c2779/LightGBM__Top15__global__default__global__all_history.joblib
turbine_1,2026-02-16 19:00:00+00:00,2026-02-18 06:00:00+00:00,35,D2,0.9818473305435849,LightGBM__Top15__global__default,Top15,models/644e19e22a6c2779/LightGBM__Top15__global__default__global__all_history.joblib
turbine_2,2026-02-16 19:00:00+00:00,2026-02-18 06:00:00+00:00,35,D2,0.9704544626605518,LightGBM__Top15__global__default,Top15,models/644e19e22a6c2779/LightGBM__Top15__global__default__global__all_history.joblib
turbine_1,2026-02-16 19:00:00+00:00,2026-02-18 07:00:00+00:00,36,D2,0.9868225695788232,LightGBM__Top15__global__default,Top15,models/644e19e22a6c2779/LightGBM__Top15__global__default__global__all_history.joblib
turbine_2,2026-02-16 19:00:00+00:00,2026-02-18 07:00:00+00:00,36,D2,0.9750460683168964,LightGBM__Top15__global__default,Top15,models/644e19e22a6c2779/LightGBM__Top15__global__default__global__all_history.joblib
turbine_1,2026-02-16 19:00:00+00:00,2026-02-18 08:00:00+00:00,37,D2,0.9885800455844123,LightGBM__Top15__global__default,Top15,models/644e19e22a6c2779/LightGBM__Top15__global__default__global__all_history.joblib
turbine_2,2026-02-16 19:00:00+00:00,2026-02-18 08:00:00+00:00,37,D2,0.9738693258707096,LightGBM__Top15__global__default,Top15,models/644e19e22a6c2779/LightGBM__Top15__global__default__global__all_history.joblib
turbine_1,2026-02-16 19:00:00+00:00,2026-02-18 09:00:00+00:00,38,D2,0.9864649389008052,LightGBM__Top15__global__default,Top15,models/644e19e22a6c2779/LightGBM__Top15__global__default__global__all_history.joblib
turbine_2,2026-02-16 19:00:00+00:00,2026-02-18 09:00:00+00:00,38,D2,0.9738259792976868,LightGBM__Top15__global__default,Top15,models/644e19e22a6c2779/LightGBM__Top15__global__default__global__all_history.joblib
turbine_1,2026-02-16 19:00:00+00:00,2026-02-18 10:00:00+00:00,39,D2,0.9828548792987468,LightGBM__Top15__global__default,Top15,models/644e19e22a6c2779/LightGBM__Top15__global__default__global__all_history.joblib
turbine_2,2026-02-16 19:00:00+00:00,2026-02-18 10:00:00+00:00,39,D2,0.9755762187020507,LightGBM__Top15__global__default,Top15,models/644e19e22a6c2779/LightGBM__Top15__global__default__global__all_history.joblib
turbine_1,2026-02-16 19:00:00+00:00,2026-02-18 11:00:00+00:00,40,D2,0.9624220418116438,LightGBM__Top15__global__default,Top15,models/644e19e22a6c2779/LightGBM__Top15__global__default__global__all_history.joblib
turbine_2,2026-02-16 19:00:00+00:00,2026-02-18 11:00:00+00:00,40,D2,0.9582525751297245,LightGBM__Top15__global__default,Top15,models/644e19e22a6c2779/LightGBM__Top15__global__default__global__all_history.joblib
turbine_1,2026-02-16 19:00:00+00:00,2026-02-18 12:00:00+00:00,41,D2,0.9638620070046757,LightGBM__Top15__global__default,Top15,models/644e19e22a6c2779/LightGBM__Top15__global__default__global__all_history.joblib
turbine_2,2026-02-16 19:00:00+00:00,2026-02-18 12:00:00+00:00,41,D2,0.9564480994635473,LightGBM__Top15__global__default,Top15,models/644e19e22a6c2779/LightGBM__Top15__global__default__global__all_history.joblib
turbine_1,2026-02-16 19:00:00+00:00,2026-02-18 13:00:00+00:00,42,D2,0.9176019147795397,LightGBM__Top15__global__default,Top15,models/644e19e22a6c2779/LightGBM__Top15__global__default__global__all_history.joblib
turbine_2,2026-02-16 19:00:00+00:00,2026-02-18 13:00:00+00:00,42,D2,0.9173290190294069,LightGBM__Top15__global__default,Top15,models/644e19e22a6c2779/LightGBM__Top15__global__default__global__all_history.joblib
turbine_1,2026-02-16 19:00:00+00:00,2026-02-18 14:00:00+00:00,43,D2,0.8233789985754244,LightGBM__Top15__global__default,Top15,models/644e19e22a6c2779/LightGBM__Top15__global__default__global__all_history.joblib
turbine_2,2026-02-16 19:00:00+00:00,2026-02-18 14:00:00+00:00,43,D2,0.8231061028252916,LightGBM__Top15__global__default,Top15,models/644e19e22a6c2779/LightGBM__Top15__global__default__global__all_history.joblib
turbine_1,2026-02-16 19:00:00+00:00,2026-02-18 15:00:00+00:00,44,D2,0.848679616629222,LightGBM__Top15__global__default,Top15,models/644e19e22a6c2779/LightGBM__Top15__global__default__global__all_history.joblib
turbine_2,2026-02-16 19:00:00+00:00,2026-02-18 15:00:00+00:00,44,D2,0.8474799117214061,LightGBM__Top15__global__default,Top15,models/644e19e22a6c2779/LightGBM__Top15__global__default__global__all_history.joblib
turbine_1,2026-02-16 19:00:00+00:00,2026-02-18 16:00:00+00:00,45,D2,0.7078924516995488,LightGBM__Top15__global__default,Top15,models/644e19e22a6c2779/LightGBM__Top15__global__default__global__all_history.joblib
turbine_2,2026-02-16 19:00:00+00:00,2026-02-18 16:00:00+00:00,45,D2,0.705517300206369,LightGBM__Top15__global__default,Top15,models/644e19e22a6c2779/LightGBM__Top15__global__default__global__all_history.joblib
turbine_1,2026-02-16 19:00:00+00:00,2026-02-18 17:00:00+00:00,46,D2,0.6564976808326796,LightGBM__Top15__global__default,Top15,models/644e19e22a6c2779/LightGBM__Top15__global__default__global__all_history.joblib
turbine_2,2026-02-16 19:00:00+00:00,2026-02-18 17:00:00+00:00,46,D2,0.6543127532495975,LightGBM__Top15__global__default,Top15,models/644e19e22a6c2779/LightGBM__Top15__global__default__global__all_history.joblib
turbine_1,2026-02-16 19:00:00+00:00,2026-02-18 18:00:00+00:00,47,D2,0.6058843173465737,LightGBM__Top15__global__default,Top15,models/644e19e22a6c2779/LightGBM__Top15__global__default__global__all_history.joblib
turbine_2,2026-02-16 19:00:00+00:00,2026-02-18 18:00:00+00:00,47,D2,0.6036993897634916,LightGBM__Top15__global__default,Top15,models/644e19e22a6c2779/LightGBM__Top15__global__default__global__all_history.joblib
turbine_1,2026-02-16 19:00:00+00:00,2026-02-18 19:00:00+00:00,48,D2,0.6889578639081623,LightGBM__Top15__global__default,Top15,models/644e19e22a6c2779/LightGBM__Top15__global__default__global__all_history.joblib
turbine_2,2026-02-16 19:00:00+00:00,2026-02-18 19:00:00+00:00,48,D2,0.6867729363250802,LightGBM__Top15__global__default,Top15,models/644e19e22a6c2779/LightGBM__Top15__global__default__global__all_history.joblib
turbine_1,2026-02-17 19:00:00+00:00,2026-02-17 20:00:00+00:00,1,D1,0.5925981878861587,LightGBM__Top15__global__default,Top15,models/644e19e22a6c2779/LightGBM__Top15__global__default__global__all_history.joblib
turbine_2,2026-02-17 19:00:00+00:00,2026-02-17 20:00:00+00:00,1,D1,0.5927063572091938,LightGBM__Top15__global__default,Top15,models/644e19e22a6c2779/LightGBM__Top15__global__default__global__all_history.joblib
turbine_1,2026-02-17 19:00:00+00:00,2026-02-17 21:00:00+00:00,2,D1,0.8545230675406977,LightGBM__Top15__global__default,Top15,models/644e19e22a6c2779/LightGBM__Top15__global__default__global__all_history.joblib
turbine_2,2026-02-17 19:00:00+00:00,2026-02-17 21:00:00+00:00,2,D1,0.8492932046571076,LightGBM__Top15__global__default,Top15,models/644e19e22a6c2779/LightGBM__Top15__global__default__global__all_history.joblib
turbine_1,2026-02-17 19:00:00+00:00,2026-02-17 22:00:00+00:00,3,D1,0.4434462253151488,LightGBM__Top15__global__default,Top15,models/644e19e22a6c2779/LightGBM__Top15__global__default__global__all_history.joblib
turbine_2,2026-02-17 19:00:00+00:00,2026-02-17 22:00:00+00:00,3,D1,0.4435543946381843,LightGBM__Top15__global__default,Top15,models/644e19e22a6c2779/LightGBM__Top15__global__default__global__all_history.joblib
turbine_1,2026-02-17 19:00:00+00:00,2026-02-17 23:00:00+00:00,4,D1,0.688094823849389,LightGBM__Top15__global__default,Top15,models/644e19e22a6c2779/LightGBM__Top15__global__default__global__all_history.joblib
turbine_2,2026-02-17 19:00:00+00:00,2026-02-17 23:00:00+00:00,4,D1,0.6813639292362119,LightGBM__Top15__global__default,Top15,models/644e19e22a6c2779/LightGBM__Top15__global__default__global__all_history.joblib
turbine_1,2026-02-17 19:00:00+00:00,2026-02-18 00:00:00+00:00,5,D1,0.7773401354991581,LightGBM__Top15__global__default,Top15,models/644e19e22a6c2779/LightGBM__Top15__global__default__global__all_history.joblib
turbine_2,2026-02-17 19:00:00+00:00,2026-02-18 00:00:00+00:00,5,D1,0.7747370424209764,LightGBM__Top15__global__default,Top15,models/644e19e22a6c2779/LightGBM__Top15__global__default__global__all_history.joblib
turbine_1,2026-02-17 19:00:00+00:00,2026-02-18 01:00:00+00:00,6,D1,0.6853412951791209,LightGBM__Top15__global__default,Top15,models/644e19e22a6c2779/LightGBM__Top15__global__default__global__all_history.joblib
turbine_2,2026-02-17 19:00:00+00:00,2026-02-18 01:00:00+00:00,6,D1,0.6782894265015295,LightGBM__Top15__global__default,Top15,models/644e19e22a6c2779/LightGBM__Top15__global__default__global__all_history.joblib
turbine_1,2026-02-17 19:00:00+00:00,2026-02-18 02:00:00+00:00,7,D1,0.7923063924761203,LightGBM__Top15__global__default,Top15,models/644e19e22a6c2779/LightGBM__Top15__global__default__global__all_history.joblib
turbine_2,2026-02-17 19:00:00+00:00,2026-02-18 02:00:00+00:00,7,D1,0.7852545237985289,LightGBM__Top15__global__default,Top15,models/644e19e22a6c2779/LightGBM__Top15__global__default__global__all_history.joblib
turbine_1,2026-02-17 19:00:00+00:00,2026-02-18 03:00:00+00:00,8,D1,0.86093195264002,LightGBM__Top15__global__default,Top15,models/644e19e22a6c2779/LightGBM__Top15__global__default__global__all_history.joblib
turbine_2,2026-02-17 19:00:00+00:00,2026-02-18 03:00:00+00:00,8,D1,0.8538800839624285,LightGBM__Top15__global__default,Top15,models/644e19e22a6c2779/LightGBM__Top15__global__default__global__all_history.joblib
turbine_1,2026-02-17 19:00:00+00:00,2026-02-18 04:00:00+00:00,9,D1,0.9312920724006777,LightGBM__Top15__global__default,Top15,models/644e19e22a6c2779/LightGBM__Top15__global__default__global__all_history.joblib
turbine_2,2026-02-17 19:00:00+00:00,2026-02-18 04:00:00+00:00,9,D1,0.9218341475619466,LightGBM__Top15__global__default,Top15,models/644e19e22a6c2779/LightGBM__Top15__global__default__global__all_history.joblib
turbine_1,2026-02-17 19:00:00+00:00,2026-02-18 05:00:00+00:00,10,D1,0.9791177823446835,LightGBM__Top15__global__default,Top15,models/644e19e22a6c2779/LightGBM__Top15__global__default__global__all_history.joblib
turbine_2,2026-02-17 19:00:00+00:00,2026-02-18 05:00:00+00:00,10,D1,0.9682651182835359,LightGBM__Top15__global__default,Top15,models/644e19e22a6c2779/LightGBM__Top15__global__default__global__all_history.joblib
turbine_1,2026-02-17 19:00:00+00:00,2026-02-18 06:00:00+00:00,11,D1,0.9846163951996196,LightGBM__Top15__global__default,Top15,models/644e19e22a6c2779/LightGBM__Top15__global__default__global__all_history.joblib
turbine_2,2026-02-17 19:00:00+00:00,2026-02-18 06:00:00+00:00,11,D1,0.9736779713457345,LightGBM__Top15__global__default,Top15,models/644e19e22a6c2779/LightGBM__Top15__global__default__global__all_history.joblib
turbine_1,2026-02-17 19:00:00+00:00,2026-02-18 07:00:00+00:00,12,D1,0.9870999982780149,LightGBM__Top15__global__default,Top15,models/644e19e22a6c2779/LightGBM__Top15__global__default__global__all_history.joblib
turbine_2,2026-02-17 19:00:00+00:00,2026-02-18 07:00:00+00:00,12,D1,0.9753111604268726,LightGBM__Top15__global__default,Top15,models/644e19e22a6c2779/LightGBM__Top15__global__default__global__all_history.joblib
turbine_1,2026-02-17 19:00:00+00:00,2026-02-18 08:00:00+00:00,13,D1,0.9865607436580668,LightGBM__Top15__global__default,Top15,models/644e19e22a6c2779/LightGBM__Top15__global__default__global__all_history.joblib
turbine_2,2026-02-17 19:00:00+00:00,2026-02-18 08:00:00+00:00,13,D1,0.9728124242640359,LightGBM__Top15__global__default,Top15,models/644e19e22a6c2779/LightGBM__Top15__global__default__global__all_history.joblib
turbine_1,2026-02-17 19:00:00+00:00,2026-02-18 09:00:00+00:00,14,D1,0.9866190569274651,LightGBM__Top15__global__default,Top15,models/644e19e22a6c2779/LightGBM__Top15__global__default__global__all_history.joblib
turbine_2,2026-02-17 19:00:00+00:00,2026-02-18 09:00:00+00:00,14,D1,0.974667979876558,LightGBM__Top15__global__default,Top15,models/644e19e22a6c2779/LightGBM__Top15__global__default__global__all_history.joblib
turbine_1,2026-02-17 19:00:00+00:00,2026-02-18 10:00:00+00:00,15,D1,0.98664618304345,LightGBM__Top15__global__default,Top15,models/644e19e22a6c2779/LightGBM__Top15__global__default__global__all_history.joblib
turbine_2,2026-02-17 19:00:00+00:00,2026-02-18 10:00:00+00:00,15,D1,0.974129715770883,LightGBM__Top15__global__default,Top15,models/644e19e22a6c2779/LightGBM__Top15__global__default__global__all_history.joblib
turbine_1,2026-02-17 19:00:00+00:00,2026-02-18 11:00:00+00:00,16,D1,0.987471332780222,LightGBM__Top15__global__default,Top15,models/644e19e22a6c2779/LightGBM__Top15__global__default__global__all_history.joblib
turbine_2,2026-02-17 19:00:00+00:00,2026-02-18 11:00:00+00:00,16,D1,0.9827987752774056,LightGBM__Top15__global__default,Top15,models/644e19e22a6c2779/LightGBM__Top15__global__default__global__all_history.joblib
turbine_1,2026-02-17 19:00:00+00:00,2026-02-18 12:00:00+00:00,17,D1,0.9132729918336175,LightGBM__Top15__global__default,Top15,models/644e19e22a6c2779/LightGBM__Top15__global__default__global__all_history.joblib
turbine_2,2026-02-17 19:00:00+00:00,2026-02-18 12:00:00+00:00,17,D1,0.9130000960834848,LightGBM__Top15__global__default,Top15,models/644e19e22a6c2779/LightGBM__Top15__global__default__global__all_history.joblib
turbine_1,2026-02-17 19:00:00+00:00,2026-02-18 13:00:00+00:00,18,D1,0.9003620670672439,LightGBM__Top15__global__default,Top15,models/644e19e22a6c2779/LightGBM__Top15__global__default__global__all_history.joblib
turbine_2,2026-02-17 19:00:00+00:00,2026-02-18 13:00:00+00:00,18,D1,0.9000891713171111,LightGBM__Top15__global__default,Top15,models/644e19e22a6c2779/LightGBM__Top15__global__default__global__all_history.joblib
turbine_1,2026-02-17 19:00:00+00:00,2026-02-18 14:00:00+00:00,19,D1,0.8247730584182638,LightGBM__Top15__global__default,Top15,models/644e19e22a6c2779/LightGBM__Top15__global__default__global__all_history.joblib
turbine_2,2026-02-17 19:00:00+00:00,2026-02-18 14:00:00+00:00,19,D1,0.824500162668131,LightGBM__Top15__global__default,Top15,models/644e19e22a6c2779/LightGBM__Top15__global__default__global__all_history.joblib
turbine_1,2026-02-17 19:00:00+00:00,2026-02-18 15:00:00+00:00,20,D1,0.696221272437772,LightGBM__Top15__global__default,Top15,models/644e19e22a6c2779/LightGBM__Top15__global__default__global__all_history.joblib
turbine_2,2026-02-17 19:00:00+00:00,2026-02-18 15:00:00+00:00,20,D1,0.6940363448546899,LightGBM__Top15__global__default,Top15,models/644e19e22a6c2779/LightGBM__Top15__global__default__global__all_history.joblib
turbine_1,2026-02-17 19:00:00+00:00,2026-02-18 16:00:00+00:00,21,D1,0.5516437418417665,LightGBM__Top15__global__default,Top15,models/644e19e22a6c2779/LightGBM__Top15__global__default__global__all_history.joblib
turbine_2,2026-02-17 19:00:00+00:00,2026-02-18 16:00:00+00:00,21,D1,0.5494588142586844,LightGBM__Top15__global__default,Top15,models/644e19e22a6c2779/LightGBM__Top15__global__default__global__all_history.joblib
turbine_1,2026-02-17 19:00:00+00:00,2026-02-18 17:00:00+00:00,22,D1,0.610719877991842,LightGBM__Top15__global__default,Top15,models/644e19e22a6c2779/LightGBM__Top15__global__default__global__all_history.joblib
turbine_2,2026-02-17 19:00:00+00:00,2026-02-18 17:00:00+00:00,22,D1,0.6095201730840262,LightGBM__Top15__global__default,Top15,models/644e19e22a6c2779/LightGBM__Top15__global__default__global__all_history.joblib
turbine_1,2026-02-17 19:00:00+00:00,2026-02-18 18:00:00+00:00,23,D1,0.6007188583492882,LightGBM__Top15__global__default,Top15,models/644e19e22a6c2779/LightGBM__Top15__global__default__global__all_history.joblib
turbine_2,2026-02-17 19:00:00+00:00,2026-02-18 18:00:00+00:00,23,D1,0.5995191534414723,LightGBM__Top15__global__default,Top15,models/644e19e22a6c2779/LightGBM__Top15__global__default__global__all_history.joblib
turbine_1,2026-02-17 19:00:00+00:00,2026-02-18 19:00:00+00:00,24,D1,0.5914314023794823,LightGBM__Top15__global__default,Top15,models/644e19e22a6c2779/LightGBM__Top15__global__default__global__all_history.joblib
turbine_2,2026-02-17 19:00:00+00:00,2026-02-18 19:00:00+00:00,24,D1,0.5911585066293495,LightGBM__Top15__global__default,Top15,models/644e19e22a6c2779/LightGBM__Top15__global__default__global__all_history.joblib
turbine_1,2026-02-17 19:00:00+00:00,2026-02-18 20:00:00+00:00,25,D2,0.48903780869102753,LightGBM__Top15__global__default,Top15,models/644e19e22a6c2779/LightGBM__Top15__global__default__global__all_history.joblib
turbine_2,2026-02-17 19:00:00+00:00,2026-02-18 20:00:00+00:00,25,D2,0.4868528811079457,LightGBM__Top15__global__default,Top15,models/644e19e22a6c2779/LightGBM__Top15__global__default__global__all_history.joblib
turbine_1,2026-02-17 19:00:00+00:00,2026-02-18 21:00:00+00:00,26,D2,0.47861828801556017,LightGBM__Top15__global__default,Top15,models/644e19e22a6c2779/LightGBM__Top15__global__default__global__all_history.joblib
turbine_2,2026-02-17 19:00:00+00:00,2026-02-18 21:00:00+00:00,26,D2,0.47643336043247836,LightGBM__Top15__global__default,Top15,models/644e19e22a6c2779/LightGBM__Top15__global__default__global__all_history.joblib
turbine_1,2026-02-17 19:00:00+00:00,2026-02-18 22:00:00+00:00,27,D2,0.6627047840520773,LightGBM__Top15__global__default,Top15,models/644e19e22a6c2779/LightGBM__Top15__global__default__global__all_history.joblib
turbine_2,2026-02-17 19:00:00+00:00,2026-02-18 22:00:00+00:00,27,D2,0.6605198564689952,LightGBM__Top15__global__default,Top15,models/644e19e22a6c2779/LightGBM__Top15__global__default__global__all_history.joblib
turbine_1,2026-02-17 19:00:00+00:00,2026-02-18 23:00:00+00:00,28,D2,0.6509321605474082,LightGBM__Top15__global__default,Top15,models/644e19e22a6c2779/LightGBM__Top15__global__default__global__all_history.joblib
turbine_2,2026-02-17 19:00:00+00:00,2026-02-18 23:00:00+00:00,28,D2,0.6485570090542284,LightGBM__Top15__global__default,Top15,models/644e19e22a6c2779/LightGBM__Top15__global__default__global__all_history.joblib
turbine_1,2026-02-17 19:00:00+00:00,2026-02-19 00:00:00+00:00,29,D2,0.5880756318687245,LightGBM__Top15__global__default,Top15,models/644e19e22a6c2779/LightGBM__Top15__global__default__global__all_history.joblib
turbine_2,2026-02-17 19:00:00+00:00,2026-02-19 00:00:00+00:00,29,D2,0.5868759269609086,LightGBM__Top15__global__default,Top15,models/644e19e22a6c2779/LightGBM__Top15__global__default__global__all_history.joblib
turbine_1,2026-02-17 19:00:00+00:00,2026-02-19 01:00:00+00:00,30,D2,0.6057106372999064,LightGBM__Top15__global__default,Top15,models/644e19e22a6c2779/LightGBM__Top15__global__default__global__all_history.joblib
turbine_2,2026-02-17 19:00:00+00:00,2026-02-19 01:00:00+00:00,30,D2,0.6045109323920905,LightGBM__Top15__global__default,Top15,models/644e19e22a6c2779/LightGBM__Top15__global__default__global__all_history.joblib
turbine_1,2026-02-17 19:00:00+00:00,2026-02-19 02:00:00+00:00,31,D2,0.5050191354608514,LightGBM__Top15__global__default,Top15,models/644e19e22a6c2779/LightGBM__Top15__global__default__global__all_history.joblib
turbine_2,2026-02-17 19:00:00+00:00,2026-02-19 02:00:00+00:00,31,D2,0.5038194305530356,LightGBM__Top15__global__default,Top15,models/644e19e22a6c2779/LightGBM__Top15__global__default__global__all_history.joblib
turbine_1,2026-02-17 19:00:00+00:00,2026-02-19 03:00:00+00:00,32,D2,0.5699346909742957,LightGBM__Top15__global__default,Top15,models/644e19e22a6c2779/LightGBM__Top15__global__default__global__all_history.joblib
turbine_2,2026-02-17 19:00:00+00:00,2026-02-19 03:00:00+00:00,32,D2,0.5687349860664799,LightGBM__Top15__global__default,Top15,models/644e19e22a6c2779/LightGBM__Top15__global__default__global__all_history.joblib
turbine_1,2026-02-17 19:00:00+00:00,2026-02-19 04:00:00+00:00,33,D2,0.5339715007045159,LightGBM__Top15__global__default,Top15,models/644e19e22a6c2779/LightGBM__Top15__global__default__global__all_history.joblib
turbine_2,2026-02-17 19:00:00+00:00,2026-02-19 04:00:00+00:00,33,D2,0.5336986049543831,LightGBM__Top15__global__default,Top15,models/644e19e22a6c2779/LightGBM__Top15__global__default__global__all_history.joblib
turbine_1,2026-02-17 19:00:00+00:00,2026-02-19 05:00:00+00:00,34,D2,0.5092815387184038,LightGBM__Top15__global__default,Top15,models/644e19e22a6c2779/LightGBM__Top15__global__default__global__all_history.joblib
turbine_2,2026-02-17 19:00:00+00:00,2026-02-19 05:00:00+00:00,34,D2,0.509008642968271,LightGBM__Top15__global__default,Top15,models/644e19e22a6c2779/LightGBM__Top15__global__default__global__all_history.joblib
turbine_1,2026-02-17 19:00:00+00:00,2026-02-19 06:00:00+00:00,35,D2,0.5490867979276544,LightGBM__Top15__global__default,Top15,models/644e19e22a6c2779/LightGBM__Top15__global__default__global__all_history.joblib
turbine_2,2026-02-17 19:00:00+00:00,2026-02-19 06:00:00+00:00,35,D2,0.5490634183748064,LightGBM__Top15__global__default,Top15,models/644e19e22a6c2779/LightGBM__Top15__global__default__global__all_history.joblib
turbine_1,2026-02-17 19:00:00+00:00,2026-02-19 07:00:00+00:00,36,D2,0.4648186606977111,LightGBM__Top15__global__default,Top15,models/644e19e22a6c2779/LightGBM__Top15__global__default__global__all_history.joblib
turbine_2,2026-02-17 19:00:00+00:00,2026-02-19 07:00:00+00:00,36,D2,0.4647952811448635,LightGBM__Top15__global__default,Top15,models/644e19e22a6c2779/LightGBM__Top15__global__default__global__all_history.joblib
turbine_1,2026-02-17 19:00:00+00:00,2026-02-19 08:00:00+00:00,37,D2,0.29195473128261534,LightGBM__Top15__global__default,Top15,models/644e19e22a6c2779/LightGBM__Top15__global__default__global__all_history.joblib
turbine_2,2026-02-17 19:00:00+00:00,2026-02-19 08:00:00+00:00,37,D2,0.29193135172976775,LightGBM__Top15__global__default,Top15,models/644e19e22a6c2779/LightGBM__Top15__global__default__global__all_history.joblib
turbine_1,2026-02-17 19:00:00+00:00,2026-02-19 09:00:00+00:00,38,D2,0.2506478739242198,LightGBM__Top15__global__default,Top15,models/644e19e22a6c2779/LightGBM__Top15__global__default__global__all_history.joblib
turbine_2,2026-02-17 19:00:00+00:00,2026-02-19 09:00:00+00:00,38,D2,0.25062449437137213,LightGBM__Top15__global__default,Top15,models/644e19e22a6c2779/LightGBM__Top15__global__default__global__all_history.joblib
turbine_1,2026-02-17 19:00:00+00:00,2026-02-19 10:00:00+00:00,39,D2,0.21191801333939853,LightGBM__Top15__global__default,Top15,models/644e19e22a6c2779/LightGBM__Top15__global__default__global__all_history.joblib
turbine_2,2026-02-17 19:00:00+00:00,2026-02-19 10:00:00+00:00,39,D2,0.21189463378655085,LightGBM__Top15__global__default,Top15,models/644e19e22a6c2779/LightGBM__Top15__global__default__global__all_history.joblib
turbine_1,2026-02-17 19:00:00+00:00,2026-02-19 11:00:00+00:00,40,D2,0.16136202865495258,LightGBM__Top15__global__default,Top15,models/644e19e22a6c2779/LightGBM__Top15__global__default__global__all_history.joblib
turbine_2,2026-02-17 19:00:00+00:00,2026-02-19 11:00:00+00:00,40,D2,0.1679075094953371,LightGBM__Top15__global__default,Top15,models/644e19e22a6c2779/LightGBM__Top15__global__default__global__all_history.joblib
turbine_1,2026-02-17 19:00:00+00:00,2026-02-19 12:00:00+00:00,41,D2,0.1785232656556325,LightGBM__Top15__global__default,Top15,models/644e19e22a6c2779/LightGBM__Top15__global__default__global__all_history.joblib
turbine_2,2026-02-17 19:00:00+00:00,2026-02-19 12:00:00+00:00,41,D2,0.17614811416245274,LightGBM__Top15__global__default,Top15,models/644e19e22a6c2779/LightGBM__Top15__global__default__global__all_history.joblib
turbine_1,2026-02-17 19:00:00+00:00,2026-02-19 13:00:00+00:00,42,D2,0.15880716430893177,LightGBM__Top15__global__default,Top15,models/644e19e22a6c2779/LightGBM__Top15__global__default__global__all_history.joblib
turbine_2,2026-02-17 19:00:00+00:00,2026-02-19 13:00:00+00:00,42,D2,0.1561845421734204,LightGBM__Top15__global__default,Top15,models/644e19e22a6c2779/LightGBM__Top15__global__default__global__all_history.joblib
turbine_1,2026-02-17 19:00:00+00:00,2026-02-19 14:00:00+00:00,43,D2,0.10288861974258318,LightGBM__Top15__global__default,Top15,models/644e19e22a6c2779/LightGBM__Top15__global__default__global__all_history.joblib
turbine_2,2026-02-17 19:00:00+00:00,2026-02-19 14:00:00+00:00,43,D2,0.10114760981075907,LightGBM__Top15__global__default,Top15,models/644e19e22a6c2779/LightGBM__Top15__global__default__global__all_history.joblib
turbine_1,2026-02-17 19:00:00+00:00,2026-02-19 15:00:00+00:00,44,D2,0.0730907046541278,LightGBM__Top15__global__default,Top15,models/644e19e22a6c2779/LightGBM__Top15__global__default__global__all_history.joblib
turbine_2,2026-02-17 19:00:00+00:00,2026-02-19 15:00:00+00:00,44,D2,0.07140045659528892,LightGBM__Top15__global__default,Top15,models/644e19e22a6c2779/LightGBM__Top15__global__default__global__all_history.joblib
turbine_1,2026-02-17 19:00:00+00:00,2026-02-19 16:00:00+00:00,45,D2,0.028912972129865544,LightGBM__Top15__global__default,Top15,models/644e19e22a6c2779/LightGBM__Top15__global__default__global__all_history.joblib
turbine_2,2026-02-17 19:00:00+00:00,2026-02-19 16:00:00+00:00,45,D2,0.027985649911335925,LightGBM__Top15__global__default,Top15,models/644e19e22a6c2779/LightGBM__Top15__global__default__global__all_history.joblib
turbine_1,2026-02-17 19:00:00+00:00,2026-02-19 17:00:00+00:00,46,D2,0.033062738342934106,LightGBM__Top15__global__default,Top15,models/644e19e22a6c2779/LightGBM__Top15__global__default__global__all_history.joblib
turbine_2,2026-02-17 19:00:00+00:00,2026-02-19 17:00:00+00:00,46,D2,0.03140043628394619,LightGBM__Top15__global__default,Top15,models/644e19e22a6c2779/LightGBM__Top15__global__default__global__all_history.joblib
turbine_1,2026-02-17 19:00:00+00:00,2026-02-19 18:00:00+00:00,47,D2,0.044658629712478234,LightGBM__Top15__global__default,Top15,models/644e19e22a6c2779/LightGBM__Top15__global__default__global__all_history.joblib
turbine_2,2026-02-17 19:00:00+00:00,2026-02-19 18:00:00+00:00,47,D2,0.0420360075769669,LightGBM__Top15__global__default,Top15,models/644e19e22a6c2779/LightGBM__Top15__global__default__global__all_history.joblib
turbine_1,2026-02-17 19:00:00+00:00,2026-02-19 19:00:00+00:00,48,D2,0.08657924295913504,LightGBM__Top15__global__default,Top15,models/644e19e22a6c2779/LightGBM__Top15__global__default__global__all_history.joblib
turbine_2,2026-02-17 19:00:00+00:00,2026-02-19 19:00:00+00:00,48,D2,0.08420409146595531,LightGBM__Top15__global__default,Top15,models/644e19e22a6c2779/LightGBM__Top15__global__default__global__all_history.joblib
turbine_1,2026-02-18 19:00:00+00:00,2026-02-18 20:00:00+00:00,1,D1,0.5830069939374114,LightGBM__Top15__global__default,Top15,models/644e19e22a6c2779/LightGBM__Top15__global__default__global__all_history.joblib
turbine_2,2026-02-18 19:00:00+00:00,2026-02-18 20:00:00+00:00,1,D1,0.5827340981872786,LightGBM__Top15__global__default,Top15,models/644e19e22a6c2779/LightGBM__Top15__global__default__global__all_history.joblib
turbine_1,2026-02-18 19:00:00+00:00,2026-02-18 21:00:00+00:00,2,D1,0.6924613214953055,LightGBM__Top15__global__default,Top15,models/644e19e22a6c2779/LightGBM__Top15__global__default__global__all_history.joblib
turbine_2,2026-02-18 19:00:00+00:00,2026-02-18 21:00:00+00:00,2,D1,0.6921884257451727,LightGBM__Top15__global__default,Top15,models/644e19e22a6c2779/LightGBM__Top15__global__default__global__all_history.joblib
turbine_1,2026-02-18 19:00:00+00:00,2026-02-18 22:00:00+00:00,3,D1,0.4994576993038593,LightGBM__Top15__global__default,Top15,models/644e19e22a6c2779/LightGBM__Top15__global__default__global__all_history.joblib
turbine_2,2026-02-18 19:00:00+00:00,2026-02-18 22:00:00+00:00,3,D1,0.49918480355372685,LightGBM__Top15__global__default,Top15,models/644e19e22a6c2779/LightGBM__Top15__global__default__global__all_history.joblib
turbine_1,2026-02-18 19:00:00+00:00,2026-02-18 23:00:00+00:00,4,D1,0.8001566529193661,LightGBM__Top15__global__default,Top15,models/644e19e22a6c2779/LightGBM__Top15__global__default__global__all_history.joblib
turbine_2,2026-02-18 19:00:00+00:00,2026-02-18 23:00:00+00:00,4,D1,0.7998837571692333,LightGBM__Top15__global__default,Top15,models/644e19e22a6c2779/LightGBM__Top15__global__default__global__all_history.joblib
turbine_1,2026-02-18 19:00:00+00:00,2026-02-19 00:00:00+00:00,5,D1,0.44669298143822744,LightGBM__Top15__global__default,Top15,models/644e19e22a6c2779/LightGBM__Top15__global__default__global__all_history.joblib
turbine_2,2026-02-18 19:00:00+00:00,2026-02-19 00:00:00+00:00,5,D1,0.4454932765304119,LightGBM__Top15__global__default,Top15,models/644e19e22a6c2779/LightGBM__Top15__global__default__global__all_history.joblib
turbine_1,2026-02-18 19:00:00+00:00,2026-02-19 01:00:00+00:00,6,D1,0.4242436769619804,LightGBM__Top15__global__default,Top15,models/644e19e22a6c2779/LightGBM__Top15__global__default__global__all_history.joblib
turbine_2,2026-02-18 19:00:00+00:00,2026-02-19 01:00:00+00:00,6,D1,0.42304397205416483,LightGBM__Top15__global__default,Top15,models/644e19e22a6c2779/LightGBM__Top15__global__default__global__all_history.joblib
turbine_1,2026-02-18 19:00:00+00:00,2026-02-19 02:00:00+00:00,7,D1,0.4013501186414944,LightGBM__Top15__global__default,Top15,models/644e19e22a6c2779/LightGBM__Top15__global__default__global__all_history.joblib
turbine_2,2026-02-18 19:00:00+00:00,2026-02-19 02:00:00+00:00,7,D1,0.3989749671483147,LightGBM__Top15__global__default,Top15,models/644e19e22a6c2779/LightGBM__Top15__global__default__global__all_history.joblib
turbine_1,2026-02-18 19:00:00+00:00,2026-02-19 03:00:00+00:00,8,D1,0.25730113028053747,LightGBM__Top15__global__default,Top15,models/644e19e22a6c2779/LightGBM__Top15__global__default__global__all_history.joblib
turbine_2,2026-02-18 19:00:00+00:00,2026-02-19 03:00:00+00:00,8,D1,0.2549259787873578,LightGBM__Top15__global__default,Top15,models/644e19e22a6c2779/LightGBM__Top15__global__default__global__all_history.joblib
turbine_1,2026-02-18 19:00:00+00:00,2026-02-19 04:00:00+00:00,9,D1,0.2518900947971322,LightGBM__Top15__global__default,Top15,models/644e19e22a6c2779/LightGBM__Top15__global__default__global__all_history.joblib
turbine_2,2026-02-18 19:00:00+00:00,2026-02-19 04:00:00+00:00,9,D1,0.2495149433039526,LightGBM__Top15__global__default,Top15,models/644e19e22a6c2779/LightGBM__Top15__global__default__global__all_history.joblib
turbine_1,2026-02-18 19:00:00+00:00,2026-02-19 05:00:00+00:00,10,D1,0.348228396554375,LightGBM__Top15__global__default,Top15,models/644e19e22a6c2779/LightGBM__Top15__global__default__global__all_history.joblib
turbine_2,2026-02-18 19:00:00+00:00,2026-02-19 05:00:00+00:00,10,D1,0.3556303408880132,LightGBM__Top15__global__default,Top15,models/644e19e22a6c2779/LightGBM__Top15__global__default__global__all_history.joblib
turbine_1,2026-02-18 19:00:00+00:00,2026-02-19 06:00:00+00:00,11,D1,0.3742389118960866,LightGBM__Top15__global__default,Top15,models/644e19e22a6c2779/LightGBM__Top15__global__default__global__all_history.joblib
turbine_2,2026-02-18 19:00:00+00:00,2026-02-19 06:00:00+00:00,11,D1,0.37396601614595415,LightGBM__Top15__global__default,Top15,models/644e19e22a6c2779/LightGBM__Top15__global__default__global__all_history.joblib
turbine_1,2026-02-18 19:00:00+00:00,2026-02-19 07:00:00+00:00,12,D1,0.3378638507206689,LightGBM__Top15__global__default,Top15,models/644e19e22a6c2779/LightGBM__Top15__global__default__global__all_history.joblib
turbine_2,2026-02-18 19:00:00+00:00,2026-02-19 07:00:00+00:00,12,D1,0.3378404711678213,LightGBM__Top15__global__default,Top15,models/644e19e22a6c2779/LightGBM__Top15__global__default__global__all_history.joblib
turbine_1,2026-02-18 19:00:00+00:00,2026-02-19 08:00:00+00:00,13,D1,0.3271421054927171,LightGBM__Top15__global__default,Top15,models/644e19e22a6c2779/LightGBM__Top15__global__default__global__all_history.joblib
turbine_2,2026-02-18 19:00:00+00:00,2026-02-19 08:00:00+00:00,13,D1,0.3271187259398695,LightGBM__Top15__global__default,Top15,models/644e19e22a6c2779/LightGBM__Top15__global__default__global__all_history.joblib
turbine_1,2026-02-18 19:00:00+00:00,2026-02-19 09:00:00+00:00,14,D1,0.3152165377831897,LightGBM__Top15__global__default,Top15,models/644e19e22a6c2779/LightGBM__Top15__global__default__global__all_history.joblib
turbine_2,2026-02-18 19:00:00+00:00,2026-02-19 09:00:00+00:00,14,D1,0.3151931582303421,LightGBM__Top15__global__default,Top15,models/644e19e22a6c2779/LightGBM__Top15__global__default__global__all_history.joblib
turbine_1,2026-02-18 19:00:00+00:00,2026-02-19 10:00:00+00:00,15,D1,0.2397015682403177,LightGBM__Top15__global__default,Top15,models/644e19e22a6c2779/LightGBM__Top15__global__default__global__all_history.joblib
turbine_2,2026-02-18 19:00:00+00:00,2026-02-19 10:00:00+00:00,15,D1,0.24596696948738603,LightGBM__Top15__global__default,Top15,models/644e19e22a6c2779/LightGBM__Top15__global__default__global__all_history.joblib
turbine_1,2026-02-18 19:00:00+00:00,2026-02-19 11:00:00+00:00,16,D1,0.22962462527154398,LightGBM__Top15__global__default,Top15,models/644e19e22a6c2779/LightGBM__Top15__global__default__global__all_history.joblib
turbine_2,2026-02-18 19:00:00+00:00,2026-02-19 11:00:00+00:00,16,D1,0.2296012457186963,LightGBM__Top15__global__default,Top15,models/644e19e22a6c2779/LightGBM__Top15__global__default__global__all_history.joblib
turbine_1,2026-02-18 19:00:00+00:00,2026-02-19 12:00:00+00:00,17,D1,0.19167400588069958,LightGBM__Top15__global__default,Top15,models/644e19e22a6c2779/LightGBM__Top15__global__default__global__all_history.joblib
turbine_2,2026-02-18 19:00:00+00:00,2026-02-19 12:00:00+00:00,17,D1,0.1904743009728839,LightGBM__Top15__global__default,Top15,models/644e19e22a6c2779/LightGBM__Top15__global__default__global__all_history.joblib
turbine_1,2026-02-18 19:00:00+00:00,2026-02-19 13:00:00+00:00,18,D1,0.10637008871072315,LightGBM__Top15__global__default,Top15,models/644e19e22a6c2779/LightGBM__Top15__global__default__global__all_history.joblib
turbine_2,2026-02-18 19:00:00+00:00,2026-02-19 13:00:00+00:00,18,D1,0.10374746657521183,LightGBM__Top15__global__default,Top15,models/644e19e22a6c2779/LightGBM__Top15__global__default__global__all_history.joblib
turbine_1,2026-02-18 19:00:00+00:00,2026-02-19 14:00:00+00:00,19,D1,0.03492969139928024,LightGBM__Top15__global__default,Top15,models/644e19e22a6c2779/LightGBM__Top15__global__default__global__all_history.joblib
turbine_2,2026-02-18 19:00:00+00:00,2026-02-19 14:00:00+00:00,19,D1,0.03318868146745612,LightGBM__Top15__global__default,Top15,models/644e19e22a6c2779/LightGBM__Top15__global__default__global__all_history.joblib
turbine_1,2026-02-18 19:00:00+00:00,2026-02-19 15:00:00+00:00,20,D1,0.030134143930952883,LightGBM__Top15__global__default,Top15,models/644e19e22a6c2779/LightGBM__Top15__global__default__global__all_history.joblib
turbine_2,2026-02-18 19:00:00+00:00,2026-02-19 15:00:00+00:00,20,D1,0.029482983535793136,LightGBM__Top15__global__default,Top15,models/644e19e22a6c2779/LightGBM__Top15__global__default__global__all_history.joblib
turbine_1,2026-02-18 19:00:00+00:00,2026-02-19 16:00:00+00:00,21,D1,0.029053452322646243,LightGBM__Top15__global__default,Top15,models/644e19e22a6c2779/LightGBM__Top15__global__default__global__all_history.joblib
turbine_2,2026-02-18 19:00:00+00:00,2026-02-19 16:00:00+00:00,21,D1,0.02813761434171562,LightGBM__Top15__global__default,Top15,models/644e19e22a6c2779/LightGBM__Top15__global__default__global__all_history.joblib
turbine_1,2026-02-18 19:00:00+00:00,2026-02-19 17:00:00+00:00,22,D1,0.08627606930530615,LightGBM__Top15__global__default,Top15,models/644e19e22a6c2779/LightGBM__Top15__global__default__global__all_history.joblib
turbine_2,2026-02-18 19:00:00+00:00,2026-02-19 17:00:00+00:00,22,D1,0.08390091781212641,LightGBM__Top15__global__default,Top15,models/644e19e22a6c2779/LightGBM__Top15__global__default__global__all_history.joblib
turbine_1,2026-02-18 19:00:00+00:00,2026-02-19 18:00:00+00:00,23,D1,0.2503615206731887,LightGBM__Top15__global__default,Top15,models/644e19e22a6c2779/LightGBM__Top15__global__default__global__all_history.joblib
turbine_2,2026-02-18 19:00:00+00:00,2026-02-19 18:00:00+00:00,23,D1,0.247986369180009,LightGBM__Top15__global__default,Top15,models/644e19e22a6c2779/LightGBM__Top15__global__default__global__all_history.joblib
turbine_1,2026-02-18 19:00:00+00:00,2026-02-19 19:00:00+00:00,24,D1,0.2720147482084907,LightGBM__Top15__global__default,Top15,models/644e19e22a6c2779/LightGBM__Top15__global__default__global__all_history.joblib
turbine_2,2026-02-18 19:00:00+00:00,2026-02-19 19:00:00+00:00,24,D1,0.26479613501826194,LightGBM__Top15__global__default,Top15,models/644e19e22a6c2779/LightGBM__Top15__global__default__global__all_history.joblib
turbine_1,2026-02-18 19:00:00+00:00,2026-02-19 20:00:00+00:00,25,D2,0.14671247287112585,LightGBM__Top15__global__default,Top15,models/644e19e22a6c2779/LightGBM__Top15__global__default__global__all_history.joblib
turbine_2,2026-02-18 19:00:00+00:00,2026-02-19 20:00:00+00:00,25,D2,0.14552425220090917,LightGBM__Top15__global__default,Top15,models/644e19e22a6c2779/LightGBM__Top15__global__default__global__all_history.joblib
turbine_1,2026-02-18 19:00:00+00:00,2026-02-19 21:00:00+00:00,26,D2,0.2040114257717113,LightGBM__Top15__global__default,Top15,models/644e19e22a6c2779/LightGBM__Top15__global__default__global__all_history.joblib
turbine_2,2026-02-18 19:00:00+00:00,2026-02-19 21:00:00+00:00,26,D2,0.20577917595005954,LightGBM__Top15__global__default,Top15,models/644e19e22a6c2779/LightGBM__Top15__global__default__global__all_history.joblib
turbine_1,2026-02-18 19:00:00+00:00,2026-02-19 22:00:00+00:00,27,D2,0.2445668208247367,LightGBM__Top15__global__default,Top15,models/644e19e22a6c2779/LightGBM__Top15__global__default__global__all_history.joblib
turbine_2,2026-02-18 19:00:00+00:00,2026-02-19 22:00:00+00:00,27,D2,0.24633457100308506,LightGBM__Top15__global__default,Top15,models/644e19e22a6c2779/LightGBM__Top15__global__default__global__all_history.joblib
turbine_1,2026-02-18 19:00:00+00:00,2026-02-19 23:00:00+00:00,28,D2,0.419631056315301,LightGBM__Top15__global__default,Top15,models/644e19e22a6c2779/LightGBM__Top15__global__default__global__all_history.joblib
turbine_2,2026-02-18 19:00:00+00:00,2026-02-19 23:00:00+00:00,28,D2,0.42139880649364936,LightGBM__Top15__global__default,Top15,models/644e19e22a6c2779/LightGBM__Top15__global__default__global__all_history.joblib
turbine_1,2026-02-18 19:00:00+00:00,2026-02-20 00:00:00+00:00,29,D2,0.4233657764944694,LightGBM__Top15__global__default,Top15,models/644e19e22a6c2779/LightGBM__Top15__global__default__global__all_history.joblib
turbine_2,2026-02-18 19:00:00+00:00,2026-02-20 00:00:00+00:00,29,D2,0.4242067175151346,LightGBM__Top15__global__default,Top15,models/644e19e22a6c2779/LightGBM__Top15__global__default__global__all_history.joblib
turbine_1,2026-02-18 19:00:00+00:00,2026-02-20 01:00:00+00:00,30,D2,0.5126080061949005,LightGBM__Top15__global__default,Top15,models/644e19e22a6c2779/LightGBM__Top15__global__default__global__all_history.joblib
turbine_2,2026-02-18 19:00:00+00:00,2026-02-20 01:00:00+00:00,30,D2,0.5143757563732485,LightGBM__Top15__global__default,Top15,models/644e19e22a6c2779/LightGBM__Top15__global__default__global__all_history.joblib
turbine_1,2026-02-18 19:00:00+00:00,2026-02-20 02:00:00+00:00,31,D2,0.4900197381385506,LightGBM__Top15__global__default,Top15,models/644e19e22a6c2779/LightGBM__Top15__global__default__global__all_history.joblib
turbine_2,2026-02-18 19:00:00+00:00,2026-02-20 02:00:00+00:00,31,D2,0.49178748831689895,LightGBM__Top15__global__default,Top15,models/644e19e22a6c2779/LightGBM__Top15__global__default__global__all_history.joblib
turbine_1,2026-02-18 19:00:00+00:00,2026-02-20 03:00:00+00:00,32,D2,0.331982965392692,LightGBM__Top15__global__default,Top15,models/644e19e22a6c2779/LightGBM__Top15__global__default__global__all_history.joblib
turbine_2,2026-02-18 19:00:00+00:00,2026-02-20 03:00:00+00:00,32,D2,0.33375071557104036,LightGBM__Top15__global__default,Top15,models/644e19e22a6c2779/LightGBM__Top15__global__default__global__all_history.joblib
turbine_1,2026-02-18 19:00:00+00:00,2026-02-20 04:00:00+00:00,33,D2,0.2550027937099109,LightGBM__Top15__global__default,Top15,models/644e19e22a6c2779/LightGBM__Top15__global__default__global__all_history.joblib
turbine_2,2026-02-18 19:00:00+00:00,2026-02-20 04:00:00+00:00,33,D2,0.25678477465787536,LightGBM__Top15__global__default,Top15,models/644e19e22a6c2779/LightGBM__Top15__global__default__global__all_history.joblib
turbine_1,2026-02-18 19:00:00+00:00,2026-02-20 05:00:00+00:00,34,D2,0.1004723979311468,LightGBM__Top15__global__default,Top15,models/644e19e22a6c2779/LightGBM__Top15__global__default__global__all_history.joblib
turbine_2,2026-02-18 19:00:00+00:00,2026-02-20 05:00:00+00:00,34,D2,0.10021373295063034,LightGBM__Top15__global__default,Top15,models/644e19e22a6c2779/LightGBM__Top15__global__default__global__all_history.joblib
turbine_1,2026-02-18 19:00:00+00:00,2026-02-20 06:00:00+00:00,35,D2,0.13808619693288568,LightGBM__Top15__global__default,Top15,models/644e19e22a6c2779/LightGBM__Top15__global__default__global__all_history.joblib
turbine_2,2026-02-18 19:00:00+00:00,2026-02-20 06:00:00+00:00,35,D2,0.13986817788085001,LightGBM__Top15__global__default,Top15,models/644e19e22a6c2779/LightGBM__Top15__global__default__global__all_history.joblib
turbine_1,2026-02-18 19:00:00+00:00,2026-02-20 07:00:00+00:00,36,D2,0.05004479650133548,LightGBM__Top15__global__default,Top15,models/644e19e22a6c2779/LightGBM__Top15__global__default__global__all_history.joblib
turbine_2,2026-02-18 19:00:00+00:00,2026-02-20 07:00:00+00:00,36,D2,0.04977190075120291,LightGBM__Top15__global__default,Top15,models/644e19e22a6c2779/LightGBM__Top15__global__default__global__all_history.joblib
turbine_1,2026-02-18 19:00:00+00:00,2026-02-20 08:00:00+00:00,37,D2,0.03737455404313997,LightGBM__Top15__global__default,Top15,models/644e19e22a6c2779/LightGBM__Top15__global__default__global__all_history.joblib
turbine_2,2026-02-18 19:00:00+00:00,2026-02-20 08:00:00+00:00,37,D2,0.0371016582930074,LightGBM__Top15__global__default,Top15,models/644e19e22a6c2779/LightGBM__Top15__global__default__global__all_history.joblib
turbine_1,2026-02-18 19:00:00+00:00,2026-02-20 09:00:00+00:00,38,D2,0.03820691600512092,LightGBM__Top15__global__default,Top15,models/644e19e22a6c2779/LightGBM__Top15__global__default__global__all_history.joblib
turbine_2,2026-02-18 19:00:00+00:00,2026-02-20 09:00:00+00:00,38,D2,0.03793402025498835,LightGBM__Top15__global__default,Top15,models/644e19e22a6c2779/LightGBM__Top15__global__default__global__all_history.joblib
turbine_1,2026-02-18 19:00:00+00:00,2026-02-20 10:00:00+00:00,39,D2,0.03472922165041214,LightGBM__Top15__global__default,Top15,models/644e19e22a6c2779/LightGBM__Top15__global__default__global__all_history.joblib
turbine_2,2026-02-18 19:00:00+00:00,2026-02-20 10:00:00+00:00,39,D2,0.034343204455890966,LightGBM__Top15__global__default,Top15,models/644e19e22a6c2779/LightGBM__Top15__global__default__global__all_history.joblib
turbine_1,2026-02-18 19:00:00+00:00,2026-02-20 11:00:00+00:00,40,D2,0.039636939765837334,LightGBM__Top15__global__default,Top15,models/644e19e22a6c2779/LightGBM__Top15__global__default__global__all_history.joblib
turbine_2,2026-02-18 19:00:00+00:00,2026-02-20 11:00:00+00:00,40,D2,0.03925092257131616,LightGBM__Top15__global__default,Top15,models/644e19e22a6c2779/LightGBM__Top15__global__default__global__all_history.joblib
turbine_1,2026-02-18 19:00:00+00:00,2026-02-20 12:00:00+00:00,41,D2,0.01940216487585515,LightGBM__Top15__global__default,Top15,models/644e19e22a6c2779/LightGBM__Top15__global__default__global__all_history.joblib
turbine_2,2026-02-18 19:00:00+00:00,2026-02-20 12:00:00+00:00,41,D2,0.01847484265732553,LightGBM__Top15__global__default,Top15,models/644e19e22a6c2779/LightGBM__Top15__global__default__global__all_history.joblib
turbine_1,2026-02-18 19:00:00+00:00,2026-02-20 13:00:00+00:00,42,D2,0.15577570177971806,LightGBM__Top15__global__default,Top15,models/644e19e22a6c2779/LightGBM__Top15__global__default__global__all_history.joblib
turbine_2,2026-02-18 19:00:00+00:00,2026-02-20 13:00:00+00:00,42,D2,0.15408545372087912,LightGBM__Top15__global__default,Top15,models/644e19e22a6c2779/LightGBM__Top15__global__default__global__all_history.joblib
turbine_1,2026-02-18 19:00:00+00:00,2026-02-20 14:00:00+00:00,43,D2,0.30986733698543545,LightGBM__Top15__global__default,Top15,models/644e19e22a6c2779/LightGBM__Top15__global__default__global__all_history.joblib
turbine_2,2026-02-18 19:00:00+00:00,2026-02-20 14:00:00+00:00,43,D2,0.3081770889265966,LightGBM__Top15__global__default,Top15,models/644e19e22a6c2779/LightGBM__Top15__global__default__global__all_history.joblib
turbine_1,2026-02-18 19:00:00+00:00,2026-02-20 15:00:00+00:00,44,D2,0.6912227661910255,LightGBM__Top15__global__default,Top15,models/644e19e22a6c2779/LightGBM__Top15__global__default__global__all_history.joblib
turbine_2,2026-02-18 19:00:00+00:00,2026-02-20 15:00:00+00:00,44,D2,0.7107892690522403,LightGBM__Top15__global__default,Top15,models/644e19e22a6c2779/LightGBM__Top15__global__default__global__all_history.joblib
turbine_1,2026-02-18 19:00:00+00:00,2026-02-20 16:00:00+00:00,45,D2,0.8509549917734637,LightGBM__Top15__global__default,Top15,models/644e19e22a6c2779/LightGBM__Top15__global__default__global__all_history.joblib
turbine_2,2026-02-18 19:00:00+00:00,2026-02-20 16:00:00+00:00,45,D2,0.8485798402802839,LightGBM__Top15__global__default,Top15,models/644e19e22a6c2779/LightGBM__Top15__global__default__global__all_history.joblib
turbine_1,2026-02-18 19:00:00+00:00,2026-02-20 17:00:00+00:00,46,D2,0.7930460554911022,LightGBM__Top15__global__default,Top15,models/644e19e22a6c2779/LightGBM__Top15__global__default__global__all_history.joblib
turbine_2,2026-02-18 19:00:00+00:00,2026-02-20 17:00:00+00:00,46,D2,0.7906709039979224,LightGBM__Top15__global__default,Top15,models/644e19e22a6c2779/LightGBM__Top15__global__default__global__all_history.joblib
turbine_1,2026-02-18 19:00:00+00:00,2026-02-20 18:00:00+00:00,47,D2,0.7312900641413883,LightGBM__Top15__global__default,Top15,models/644e19e22a6c2779/LightGBM__Top15__global__default__global__all_history.joblib
turbine_2,2026-02-18 19:00:00+00:00,2026-02-20 18:00:00+00:00,47,D2,0.7289149126482085,LightGBM__Top15__global__default,Top15,models/644e19e22a6c2779/LightGBM__Top15__global__default__global__all_history.joblib
turbine_1,2026-02-18 19:00:00+00:00,2026-02-20 19:00:00+00:00,48,D2,0.6333577830120398,LightGBM__Top15__global__default,Top15,models/644e19e22a6c2779/LightGBM__Top15__global__default__global__all_history.joblib
turbine_2,2026-02-18 19:00:00+00:00,2026-02-20 19:00:00+00:00,48,D2,0.63098263151886,LightGBM__Top15__global__default,Top15,models/644e19e22a6c2779/LightGBM__Top15__global__default__global__all_history.joblib
turbine_1,2026-02-19 19:00:00+00:00,2026-02-19 20:00:00+00:00,1,D1,0.2781374195005752,LightGBM__Top15__global__default,Top15,models/644e19e22a6c2779/LightGBM__Top15__global__default__global__all_history.joblib
turbine_2,2026-02-19 19:00:00+00:00,2026-02-19 20:00:00+00:00,1,D1,0.2758138480174798,LightGBM__Top15__global__default,Top15,models/644e19e22a6c2779/LightGBM__Top15__global__default__global__all_history.joblib
turbine_1,2026-02-19 19:00:00+00:00,2026-02-19 21:00:00+00:00,2,D1,0.2821056781188607,LightGBM__Top15__global__default,Top15,models/644e19e22a6c2779/LightGBM__Top15__global__default__global__all_history.joblib
turbine_2,2026-02-19 19:00:00+00:00,2026-02-19 21:00:00+00:00,2,D1,0.2758722876038982,LightGBM__Top15__global__default,Top15,models/644e19e22a6c2779/LightGBM__Top15__global__default__global__all_history.joblib
turbine_1,2026-02-19 19:00:00+00:00,2026-02-19 22:00:00+00:00,3,D1,0.27377135869243585,LightGBM__Top15__global__default,Top15,models/644e19e22a6c2779/LightGBM__Top15__global__default__global__all_history.joblib
turbine_2,2026-02-19 19:00:00+00:00,2026-02-19 22:00:00+00:00,3,D1,0.26753796817747333,LightGBM__Top15__global__default,Top15,models/644e19e22a6c2779/LightGBM__Top15__global__default__global__all_history.joblib
turbine_1,2026-02-19 19:00:00+00:00,2026-02-19 23:00:00+00:00,4,D1,0.3071855736899824,LightGBM__Top15__global__default,Top15,models/644e19e22a6c2779/LightGBM__Top15__global__default__global__all_history.joblib
turbine_2,2026-02-19 19:00:00+00:00,2026-02-19 23:00:00+00:00,4,D1,0.3295316892215096,LightGBM__Top15__global__default,Top15,models/644e19e22a6c2779/LightGBM__Top15__global__default__global__all_history.joblib
turbine_1,2026-02-19 19:00:00+00:00,2026-02-20 00:00:00+00:00,5,D1,0.42851362906461393,LightGBM__Top15__global__default,Top15,models/644e19e22a6c2779/LightGBM__Top15__global__default__global__all_history.joblib
turbine_2,2026-02-19 19:00:00+00:00,2026-02-20 00:00:00+00:00,5,D1,0.42619005758151857,LightGBM__Top15__global__default,Top15,models/644e19e22a6c2779/LightGBM__Top15__global__default__global__all_history.joblib
turbine_1,2026-02-19 19:00:00+00:00,2026-02-20 01:00:00+00:00,6,D1,0.5419196952078439,LightGBM__Top15__global__default,Top15,models/644e19e22a6c2779/LightGBM__Top15__global__default__global__all_history.joblib
turbine_2,2026-02-19 19:00:00+00:00,2026-02-20 01:00:00+00:00,6,D1,0.535686304692881,LightGBM__Top15__global__default,Top15,models/644e19e22a6c2779/LightGBM__Top15__global__default__global__all_history.joblib
turbine_1,2026-02-19 19:00:00+00:00,2026-02-20 02:00:00+00:00,7,D1,0.6234094634456677,LightGBM__Top15__global__default,Top15,models/644e19e22a6c2779/LightGBM__Top15__global__default__global__all_history.joblib
turbine_2,2026-02-19 19:00:00+00:00,2026-02-20 02:00:00+00:00,7,D1,0.6251772136240157,LightGBM__Top15__global__default,Top15,models/644e19e22a6c2779/LightGBM__Top15__global__default__global__all_history.joblib
turbine_1,2026-02-19 19:00:00+00:00,2026-02-20 03:00:00+00:00,8,D1,0.5743464638462134,LightGBM__Top15__global__default,Top15,models/644e19e22a6c2779/LightGBM__Top15__global__default__global__all_history.joblib
turbine_2,2026-02-19 19:00:00+00:00,2026-02-20 03:00:00+00:00,8,D1,0.5761142140245613,LightGBM__Top15__global__default,Top15,models/644e19e22a6c2779/LightGBM__Top15__global__default__global__all_history.joblib
turbine_1,2026-02-19 19:00:00+00:00,2026-02-20 04:00:00+00:00,9,D1,0.5159041559267616,LightGBM__Top15__global__default,Top15,models/644e19e22a6c2779/LightGBM__Top15__global__default__global__all_history.joblib
turbine_2,2026-02-19 19:00:00+00:00,2026-02-20 04:00:00+00:00,9,D1,0.5176861368747256,LightGBM__Top15__global__default,Top15,models/644e19e22a6c2779/LightGBM__Top15__global__default__global__all_history.joblib
turbine_1,2026-02-19 19:00:00+00:00,2026-02-20 05:00:00+00:00,10,D1,0.2893259847720761,LightGBM__Top15__global__default,Top15,models/644e19e22a6c2779/LightGBM__Top15__global__default__global__all_history.joblib
turbine_2,2026-02-19 19:00:00+00:00,2026-02-20 05:00:00+00:00,10,D1,0.29110796572004055,LightGBM__Top15__global__default,Top15,models/644e19e22a6c2779/LightGBM__Top15__global__default__global__all_history.joblib
turbine_1,2026-02-19 19:00:00+00:00,2026-02-20 06:00:00+00:00,11,D1,0.28046170988409375,LightGBM__Top15__global__default,Top15,models/644e19e22a6c2779/LightGBM__Top15__global__default__global__all_history.joblib
turbine_2,2026-02-19 19:00:00+00:00,2026-02-20 06:00:00+00:00,11,D1,0.2822436908320582,LightGBM__Top15__global__default,Top15,models/644e19e22a6c2779/LightGBM__Top15__global__default__global__all_history.joblib
turbine_1,2026-02-19 19:00:00+00:00,2026-02-20 07:00:00+00:00,12,D1,0.23801622176430656,LightGBM__Top15__global__default,Top15,models/644e19e22a6c2779/LightGBM__Top15__global__default__global__all_history.joblib
turbine_2,2026-02-19 19:00:00+00:00,2026-02-20 07:00:00+00:00,12,D1,0.2397839719426548,LightGBM__Top15__global__default,Top15,models/644e19e22a6c2779/LightGBM__Top15__global__default__global__all_history.joblib
turbine_1,2026-02-19 19:00:00+00:00,2026-02-20 08:00:00+00:00,13,D1,0.17605150034517428,LightGBM__Top15__global__default,Top15,models/644e19e22a6c2779/LightGBM__Top15__global__default__global__all_history.joblib
turbine_2,2026-02-19 19:00:00+00:00,2026-02-20 08:00:00+00:00,13,D1,0.17781925052352252,LightGBM__Top15__global__default,Top15,models/644e19e22a6c2779/LightGBM__Top15__global__default__global__all_history.joblib
turbine_1,2026-02-19 19:00:00+00:00,2026-02-20 09:00:00+00:00,14,D1,0.11803071833774739,LightGBM__Top15__global__default,Top15,models/644e19e22a6c2779/LightGBM__Top15__global__default__global__all_history.joblib
turbine_2,2026-02-19 19:00:00+00:00,2026-02-20 09:00:00+00:00,14,D1,0.11979846851609564,LightGBM__Top15__global__default,Top15,models/644e19e22a6c2779/LightGBM__Top15__global__default__global__all_history.joblib
turbine_1,2026-02-19 19:00:00+00:00,2026-02-20 10:00:00+00:00,15,D1,0.09723182773513764,LightGBM__Top15__global__default,Top15,models/644e19e22a6c2779/LightGBM__Top15__global__default__global__all_history.joblib
turbine_2,2026-02-19 19:00:00+00:00,2026-02-20 10:00:00+00:00,15,D1,0.09899957791348589,LightGBM__Top15__global__default,Top15,models/644e19e22a6c2779/LightGBM__Top15__global__default__global__all_history.joblib
turbine_1,2026-02-19 19:00:00+00:00,2026-02-20 11:00:00+00:00,16,D1,0.08699893605381548,LightGBM__Top15__global__default,Top15,models/644e19e22a6c2779/LightGBM__Top15__global__default__global__all_history.joblib
turbine_2,2026-02-19 19:00:00+00:00,2026-02-20 11:00:00+00:00,16,D1,0.08672604030368292,LightGBM__Top15__global__default,Top15,models/644e19e22a6c2779/LightGBM__Top15__global__default__global__all_history.joblib
turbine_1,2026-02-19 19:00:00+00:00,2026-02-20 12:00:00+00:00,17,D1,0.04790149835789047,LightGBM__Top15__global__default,Top15,models/644e19e22a6c2779/LightGBM__Top15__global__default__global__all_history.joblib
turbine_2,2026-02-19 19:00:00+00:00,2026-02-20 12:00:00+00:00,17,D1,0.04684195116489082,LightGBM__Top15__global__default,Top15,models/644e19e22a6c2779/LightGBM__Top15__global__default__global__all_history.joblib
turbine_1,2026-02-19 19:00:00+00:00,2026-02-20 13:00:00+00:00,18,D1,0.026216278410302114,LightGBM__Top15__global__default,Top15,models/644e19e22a6c2779/LightGBM__Top15__global__default__global__all_history.joblib
turbine_2,2026-02-19 19:00:00+00:00,2026-02-20 13:00:00+00:00,18,D1,0.02550387628733941,LightGBM__Top15__global__default,Top15,models/644e19e22a6c2779/LightGBM__Top15__global__default__global__all_history.joblib
turbine_1,2026-02-19 19:00:00+00:00,2026-02-20 14:00:00+00:00,19,D1,0.1298683818561363,LightGBM__Top15__global__default,Top15,models/644e19e22a6c2779/LightGBM__Top15__global__default__global__all_history.joblib
turbine_2,2026-02-19 19:00:00+00:00,2026-02-20 14:00:00+00:00,19,D1,0.12724575972062493,LightGBM__Top15__global__default,Top15,models/644e19e22a6c2779/LightGBM__Top15__global__default__global__all_history.joblib
turbine_1,2026-02-19 19:00:00+00:00,2026-02-20 15:00:00+00:00,20,D1,0.18710646353515387,LightGBM__Top15__global__default,Top15,models/644e19e22a6c2779/LightGBM__Top15__global__default__global__all_history.joblib
turbine_2,2026-02-19 19:00:00+00:00,2026-02-20 15:00:00+00:00,20,D1,0.18319480280330705,LightGBM__Top15__global__default,Top15,models/644e19e22a6c2779/LightGBM__Top15__global__default__global__all_history.joblib
turbine_1,2026-02-19 19:00:00+00:00,2026-02-20 16:00:00+00:00,21,D1,0.25780784497004633,LightGBM__Top15__global__default,Top15,models/644e19e22a6c2779/LightGBM__Top15__global__default__global__all_history.joblib
turbine_2,2026-02-19 19:00:00+00:00,2026-02-20 16:00:00+00:00,21,D1,0.25606683503822225,LightGBM__Top15__global__default,Top15,models/644e19e22a6c2779/LightGBM__Top15__global__default__global__all_history.joblib
turbine_1,2026-02-19 19:00:00+00:00,2026-02-20 17:00:00+00:00,22,D1,0.44687435832274497,LightGBM__Top15__global__default,Top15,models/644e19e22a6c2779/LightGBM__Top15__global__default__global__all_history.joblib
turbine_2,2026-02-19 19:00:00+00:00,2026-02-20 17:00:00+00:00,22,D1,0.45056154291357897,LightGBM__Top15__global__default,Top15,models/644e19e22a6c2779/LightGBM__Top15__global__default__global__all_history.joblib
turbine_1,2026-02-19 19:00:00+00:00,2026-02-20 18:00:00+00:00,23,D1,0.6450467827922038,LightGBM__Top15__global__default,Top15,models/644e19e22a6c2779/LightGBM__Top15__global__default__global__all_history.joblib
turbine_2,2026-02-19 19:00:00+00:00,2026-02-20 18:00:00+00:00,23,D1,0.6460565913983238,LightGBM__Top15__global__default,Top15,models/644e19e22a6c2779/LightGBM__Top15__global__default__global__all_history.joblib
turbine_1,2026-02-19 19:00:00+00:00,2026-02-20 19:00:00+00:00,24,D1,0.7040531724249204,LightGBM__Top15__global__default,Top15,models/644e19e22a6c2779/LightGBM__Top15__global__default__global__all_history.joblib
turbine_2,2026-02-19 19:00:00+00:00,2026-02-20 19:00:00+00:00,24,D1,0.7057449839676383,LightGBM__Top15__global__default,Top15,models/644e19e22a6c2779/LightGBM__Top15__global__default__global__all_history.joblib
turbine_1,2026-02-19 19:00:00+00:00,2026-02-20 20:00:00+00:00,25,D2,0.6171014544161872,LightGBM__Top15__global__default,Top15,models/644e19e22a6c2779/LightGBM__Top15__global__default__global__all_history.joblib
turbine_2,2026-02-19 19:00:00+00:00,2026-02-20 20:00:00+00:00,25,D2,0.6147263029230075,LightGBM__Top15__global__default,Top15,models/644e19e22a6c2779/LightGBM__Top15__global__default__global__all_history.joblib
turbine_1,2026-02-19 19:00:00+00:00,2026-02-20 21:00:00+00:00,26,D2,0.5708203701559038,LightGBM__Top15__global__default,Top15,models/644e19e22a6c2779/LightGBM__Top15__global__default__global__all_history.joblib
turbine_2,2026-02-19 19:00:00+00:00,2026-02-20 21:00:00+00:00,26,D2,0.568445218662724,LightGBM__Top15__global__default,Top15,models/644e19e22a6c2779/LightGBM__Top15__global__default__global__all_history.joblib
turbine_1,2026-02-19 19:00:00+00:00,2026-02-20 22:00:00+00:00,27,D2,0.5594671814549336,LightGBM__Top15__global__default,Top15,models/644e19e22a6c2779/LightGBM__Top15__global__default__global__all_history.joblib
turbine_2,2026-02-19 19:00:00+00:00,2026-02-20 22:00:00+00:00,27,D2,0.5572822538718515,LightGBM__Top15__global__default,Top15,models/644e19e22a6c2779/LightGBM__Top15__global__default__global__all_history.joblib
turbine_1,2026-02-19 19:00:00+00:00,2026-02-20 23:00:00+00:00,28,D2,0.461740201079755,LightGBM__Top15__global__default,Top15,models/644e19e22a6c2779/LightGBM__Top15__global__default__global__all_history.joblib
turbine_2,2026-02-19 19:00:00+00:00,2026-02-20 23:00:00+00:00,28,D2,0.4595552734966732,LightGBM__Top15__global__default,Top15,models/644e19e22a6c2779/LightGBM__Top15__global__default__global__all_history.joblib
turbine_1,2026-02-19 19:00:00+00:00,2026-02-21 00:00:00+00:00,29,D2,0.49954956171218073,LightGBM__Top15__global__default,Top15,models/644e19e22a6c2779/LightGBM__Top15__global__default__global__all_history.joblib
turbine_2,2026-02-19 19:00:00+00:00,2026-02-21 00:00:00+00:00,29,D2,0.49834985680436517,LightGBM__Top15__global__default,Top15,models/644e19e22a6c2779/LightGBM__Top15__global__default__global__all_history.joblib
turbine_1,2026-02-19 19:00:00+00:00,2026-02-21 01:00:00+00:00,30,D2,0.45427081115694506,LightGBM__Top15__global__default,Top15,models/644e19e22a6c2779/LightGBM__Top15__global__default__global__all_history.joblib
turbine_2,2026-02-19 19:00:00+00:00,2026-02-21 01:00:00+00:00,30,D2,0.4539979154068126,LightGBM__Top15__global__default,Top15,models/644e19e22a6c2779/LightGBM__Top15__global__default__global__all_history.joblib
turbine_1,2026-02-19 19:00:00+00:00,2026-02-21 02:00:00+00:00,31,D2,0.5413645756052938,LightGBM__Top15__global__default,Top15,models/644e19e22a6c2779/LightGBM__Top15__global__default__global__all_history.joblib
turbine_2,2026-02-19 19:00:00+00:00,2026-02-21 02:00:00+00:00,31,D2,0.5391796480222117,LightGBM__Top15__global__default,Top15,models/644e19e22a6c2779/LightGBM__Top15__global__default__global__all_history.joblib
turbine_1,2026-02-19 19:00:00+00:00,2026-02-21 03:00:00+00:00,32,D2,0.36046131539137904,LightGBM__Top15__global__default,Top15,models/644e19e22a6c2779/LightGBM__Top15__global__default__global__all_history.joblib
turbine_2,2026-02-19 19:00:00+00:00,2026-02-21 03:00:00+00:00,32,D2,0.35808616389819936,LightGBM__Top15__global__default,Top15,models/644e19e22a6c2779/LightGBM__Top15__global__default__global__all_history.joblib
turbine_1,2026-02-19 19:00:00+00:00,2026-02-21 04:00:00+00:00,33,D2,0.12430126873073091,LightGBM__Top15__global__default,Top15,models/644e19e22a6c2779/LightGBM__Top15__global__default__global__all_history.joblib
turbine_2,2026-02-19 19:00:00+00:00,2026-02-21 04:00:00+00:00,33,D2,0.12192611723755117,LightGBM__Top15__global__default,Top15,models/644e19e22a6c2779/LightGBM__Top15__global__default__global__all_history.joblib
turbine_1,2026-02-19 19:00:00+00:00,2026-02-21 05:00:00+00:00,34,D2,0.157573167615953,LightGBM__Top15__global__default,Top15,models/644e19e22a6c2779/LightGBM__Top15__global__default__global__all_history.joblib
turbine_2,2026-02-19 19:00:00+00:00,2026-02-21 05:00:00+00:00,34,D2,0.15730027186582038,LightGBM__Top15__global__default,Top15,models/644e19e22a6c2779/LightGBM__Top15__global__default__global__all_history.joblib
turbine_1,2026-02-19 19:00:00+00:00,2026-02-21 06:00:00+00:00,35,D2,0.4830575328767372,LightGBM__Top15__global__default,Top15,models/644e19e22a6c2779/LightGBM__Top15__global__default__global__all_history.joblib
turbine_2,2026-02-19 19:00:00+00:00,2026-02-21 06:00:00+00:00,35,D2,0.48278463712660474,LightGBM__Top15__global__default,Top15,models/644e19e22a6c2779/LightGBM__Top15__global__default__global__all_history.joblib
turbine_1,2026-02-19 19:00:00+00:00,2026-02-21 07:00:00+00:00,36,D2,0.7922020805117119,LightGBM__Top15__global__default,Top15,models/644e19e22a6c2779/LightGBM__Top15__global__default__global__all_history.joblib
turbine_2,2026-02-19 19:00:00+00:00,2026-02-21 07:00:00+00:00,36,D2,0.7939698306900599,LightGBM__Top15__global__default,Top15,models/644e19e22a6c2779/LightGBM__Top15__global__default__global__all_history.joblib
turbine_1,2026-02-19 19:00:00+00:00,2026-02-21 08:00:00+00:00,37,D2,0.8287397878394249,LightGBM__Top15__global__default,Top15,models/644e19e22a6c2779/LightGBM__Top15__global__default__global__all_history.joblib
turbine_2,2026-02-19 19:00:00+00:00,2026-02-21 08:00:00+00:00,37,D2,0.8273243412090722,LightGBM__Top15__global__default,Top15,models/644e19e22a6c2779/LightGBM__Top15__global__default__global__all_history.joblib
turbine_1,2026-02-19 19:00:00+00:00,2026-02-21 09:00:00+00:00,38,D2,0.8138333700956233,LightGBM__Top15__global__default,Top15,models/644e19e22a6c2779/LightGBM__Top15__global__default__global__all_history.joblib
turbine_2,2026-02-19 19:00:00+00:00,2026-02-21 09:00:00+00:00,38,D2,0.8159679545775231,LightGBM__Top15__global__default,Top15,models/644e19e22a6c2779/LightGBM__Top15__global__default__global__all_history.joblib
turbine_1,2026-02-19 19:00:00+00:00,2026-02-21 10:00:00+00:00,39,D2,0.5657804093111952,LightGBM__Top15__global__default,Top15,models/644e19e22a6c2779/LightGBM__Top15__global__default__global__all_history.joblib
turbine_2,2026-02-19 19:00:00+00:00,2026-02-21 10:00:00+00:00,39,D2,0.5928766680397092,LightGBM__Top15__global__default,Top15,models/644e19e22a6c2779/LightGBM__Top15__global__default__global__all_history.joblib
turbine_1,2026-02-19 19:00:00+00:00,2026-02-21 11:00:00+00:00,40,D2,0.49480843257292745,LightGBM__Top15__global__default,Top15,models/644e19e22a6c2779/LightGBM__Top15__global__default__global__all_history.joblib
turbine_2,2026-02-19 19:00:00+00:00,2026-02-21 11:00:00+00:00,40,D2,0.4969572478244437,LightGBM__Top15__global__default,Top15,models/644e19e22a6c2779/LightGBM__Top15__global__default__global__all_history.joblib
turbine_1,2026-02-19 19:00:00+00:00,2026-02-21 12:00:00+00:00,41,D2,0.3603307870875272,LightGBM__Top15__global__default,Top15,models/644e19e22a6c2779/LightGBM__Top15__global__default__global__all_history.joblib
turbine_2,2026-02-19 19:00:00+00:00,2026-02-21 12:00:00+00:00,41,D2,0.36379462624964015,LightGBM__Top15__global__default,Top15,models/644e19e22a6c2779/LightGBM__Top15__global__default__global__all_history.joblib
turbine_1,2026-02-19 19:00:00+00:00,2026-02-21 13:00:00+00:00,42,D2,0.2729328485904228,LightGBM__Top15__global__default,Top15,models/644e19e22a6c2779/LightGBM__Top15__global__default__global__all_history.joblib
turbine_2,2026-02-19 19:00:00+00:00,2026-02-21 13:00:00+00:00,42,D2,0.2706283412210234,LightGBM__Top15__global__default,Top15,models/644e19e22a6c2779/LightGBM__Top15__global__default__global__all_history.joblib
turbine_1,2026-02-19 19:00:00+00:00,2026-02-21 14:00:00+00:00,43,D2,0.309604156998487,LightGBM__Top15__global__default,Top15,models/644e19e22a6c2779/LightGBM__Top15__global__default__global__all_history.joblib
turbine_2,2026-02-19 19:00:00+00:00,2026-02-21 14:00:00+00:00,43,D2,0.30748987353918544,LightGBM__Top15__global__default,Top15,models/644e19e22a6c2779/LightGBM__Top15__global__default__global__all_history.joblib
turbine_1,2026-02-19 19:00:00+00:00,2026-02-21 15:00:00+00:00,44,D2,0.39505703828484773,LightGBM__Top15__global__default,Top15,models/644e19e22a6c2779/LightGBM__Top15__global__default__global__all_history.joblib
turbine_2,2026-02-19 19:00:00+00:00,2026-02-21 15:00:00+00:00,44,D2,0.3970340764869899,LightGBM__Top15__global__default,Top15,models/644e19e22a6c2779/LightGBM__Top15__global__default__global__all_history.joblib
turbine_1,2026-02-19 19:00:00+00:00,2026-02-21 16:00:00+00:00,45,D2,0.8083913395377006,LightGBM__Top15__global__default,Top15,models/644e19e22a6c2779/LightGBM__Top15__global__default__global__all_history.joblib
turbine_2,2026-02-19 19:00:00+00:00,2026-02-21 16:00:00+00:00,45,D2,0.8093827476443184,LightGBM__Top15__global__default,Top15,models/644e19e22a6c2779/LightGBM__Top15__global__default__global__all_history.joblib
turbine_1,2026-02-19 19:00:00+00:00,2026-02-21 17:00:00+00:00,46,D2,0.7008201856281574,LightGBM__Top15__global__default,Top15,models/644e19e22a6c2779/LightGBM__Top15__global__default__global__all_history.joblib
turbine_2,2026-02-19 19:00:00+00:00,2026-02-21 17:00:00+00:00,46,D2,0.7029690008796733,LightGBM__Top15__global__default,Top15,models/644e19e22a6c2779/LightGBM__Top15__global__default__global__all_history.joblib
turbine_1,2026-02-19 19:00:00+00:00,2026-02-21 18:00:00+00:00,47,D2,0.7664060805423133,LightGBM__Top15__global__default,Top15,models/644e19e22a6c2779/LightGBM__Top15__global__default__global__all_history.joblib
turbine_2,2026-02-19 19:00:00+00:00,2026-02-21 18:00:00+00:00,47,D2,0.7587428724538633,LightGBM__Top15__global__default,Top15,models/644e19e22a6c2779/LightGBM__Top15__global__default__global__all_history.joblib
turbine_1,2026-02-19 19:00:00+00:00,2026-02-21 19:00:00+00:00,48,D2,0.7607992493692278,LightGBM__Top15__global__default,Top15,models/644e19e22a6c2779/LightGBM__Top15__global__default__global__all_history.joblib
turbine_2,2026-02-19 19:00:00+00:00,2026-02-21 19:00:00+00:00,48,D2,0.7531360412807778,LightGBM__Top15__global__default,Top15,models/644e19e22a6c2779/LightGBM__Top15__global__default__global__all_history.joblib
turbine_1,2026-02-20 19:00:00+00:00,2026-02-20 20:00:00+00:00,1,D1,0.6978137963958893,LightGBM__Top15__global__default,Top15,models/644e19e22a6c2779/LightGBM__Top15__global__default__global__all_history.joblib
turbine_2,2026-02-20 19:00:00+00:00,2026-02-20 20:00:00+00:00,1,D1,0.6990710756443408,LightGBM__Top15__global__default,Top15,models/644e19e22a6c2779/LightGBM__Top15__global__default__global__all_history.joblib
turbine_1,2026-02-20 19:00:00+00:00,2026-02-20 21:00:00+00:00,2,D1,0.6102248945005061,LightGBM__Top15__global__default,Top15,models/644e19e22a6c2779/LightGBM__Top15__global__default__global__all_history.joblib
turbine_2,2026-02-20 19:00:00+00:00,2026-02-20 21:00:00+00:00,2,D1,0.6112347031066261,LightGBM__Top15__global__default,Top15,models/644e19e22a6c2779/LightGBM__Top15__global__default__global__all_history.joblib
turbine_1,2026-02-20 19:00:00+00:00,2026-02-20 22:00:00+00:00,3,D1,0.5175914743924084,LightGBM__Top15__global__default,Top15,models/644e19e22a6c2779/LightGBM__Top15__global__default__global__all_history.joblib
turbine_2,2026-02-20 19:00:00+00:00,2026-02-20 22:00:00+00:00,3,D1,0.5186012829985284,LightGBM__Top15__global__default,Top15,models/644e19e22a6c2779/LightGBM__Top15__global__default__global__all_history.joblib
turbine_1,2026-02-20 19:00:00+00:00,2026-02-20 23:00:00+00:00,4,D1,0.4090242145625222,LightGBM__Top15__global__default,Top15,models/644e19e22a6c2779/LightGBM__Top15__global__default__global__all_history.joblib
turbine_2,2026-02-20 19:00:00+00:00,2026-02-20 23:00:00+00:00,4,D1,0.4102814938109738,LightGBM__Top15__global__default,Top15,models/644e19e22a6c2779/LightGBM__Top15__global__default__global__all_history.joblib
turbine_1,2026-02-20 19:00:00+00:00,2026-02-21 00:00:00+00:00,5,D1,0.4462534010994646,LightGBM__Top15__global__default,Top15,models/644e19e22a6c2779/LightGBM__Top15__global__default__global__all_history.joblib
turbine_2,2026-02-20 19:00:00+00:00,2026-02-21 00:00:00+00:00,5,D1,0.4475106803479162,LightGBM__Top15__global__default,Top15,models/644e19e22a6c2779/LightGBM__Top15__global__default__global__all_history.joblib
turbine_1,2026-02-20 19:00:00+00:00,2026-02-21 01:00:00+00:00,6,D1,0.4261948229330425,LightGBM__Top15__global__default,Top15,models/644e19e22a6c2779/LightGBM__Top15__global__default__global__all_history.joblib
turbine_2,2026-02-20 19:00:00+00:00,2026-02-21 01:00:00+00:00,6,D1,0.4274521021814941,LightGBM__Top15__global__default,Top15,models/644e19e22a6c2779/LightGBM__Top15__global__default__global__all_history.joblib
turbine_1,2026-02-20 19:00:00+00:00,2026-02-21 02:00:00+00:00,7,D1,0.6028925301599715,LightGBM__Top15__global__default,Top15,models/644e19e22a6c2779/LightGBM__Top15__global__default__global__all_history.joblib
turbine_2,2026-02-20 19:00:00+00:00,2026-02-21 02:00:00+00:00,7,D1,0.6005173786667917,LightGBM__Top15__global__default,Top15,models/644e19e22a6c2779/LightGBM__Top15__global__default__global__all_history.joblib
turbine_1,2026-02-20 19:00:00+00:00,2026-02-21 03:00:00+00:00,8,D1,0.3652701492486683,LightGBM__Top15__global__default,Top15,models/644e19e22a6c2779/LightGBM__Top15__global__default__global__all_history.joblib
turbine_2,2026-02-20 19:00:00+00:00,2026-02-21 03:00:00+00:00,8,D1,0.3628949977554886,LightGBM__Top15__global__default,Top15,models/644e19e22a6c2779/LightGBM__Top15__global__default__global__all_history.joblib
turbine_1,2026-02-20 19:00:00+00:00,2026-02-21 04:00:00+00:00,9,D1,0.1722323629734598,LightGBM__Top15__global__default,Top15,models/644e19e22a6c2779/LightGBM__Top15__global__default__global__all_history.joblib
turbine_2,2026-02-20 19:00:00+00:00,2026-02-21 04:00:00+00:00,9,D1,0.17029741205341675,LightGBM__Top15__global__default,Top15,models/644e19e22a6c2779/LightGBM__Top15__global__default__global__all_history.joblib
turbine_1,2026-02-20 19:00:00+00:00,2026-02-21 05:00:00+00:00,10,D1,0.052094965896364365,LightGBM__Top15__global__default,Top15,models/644e19e22a6c2779/LightGBM__Top15__global__default__global__all_history.joblib
turbine_2,2026-02-20 19:00:00+00:00,2026-02-21 05:00:00+00:00,10,D1,0.05079165051696969,LightGBM__Top15__global__default,Top15,models/644e19e22a6c2779/LightGBM__Top15__global__default__global__all_history.joblib
turbine_1,2026-02-20 19:00:00+00:00,2026-02-21 06:00:00+00:00,11,D1,0.5094887429068105,LightGBM__Top15__global__default,Top15,models/644e19e22a6c2779/LightGBM__Top15__global__default__global__all_history.joblib
turbine_2,2026-02-20 19:00:00+00:00,2026-02-21 06:00:00+00:00,11,D1,0.5092158471566777,LightGBM__Top15__global__default,Top15,models/644e19e22a6c2779/LightGBM__Top15__global__default__global__all_history.joblib
turbine_1,2026-02-20 19:00:00+00:00,2026-02-21 07:00:00+00:00,12,D1,0.9677531675969774,LightGBM__Top15__global__default,Top15,models/644e19e22a6c2779/LightGBM__Top15__global__default__global__all_history.joblib
turbine_2,2026-02-20 19:00:00+00:00,2026-02-21 07:00:00+00:00,12,D1,0.9612773135260411,LightGBM__Top15__global__default,Top15,models/644e19e22a6c2779/LightGBM__Top15__global__default__global__all_history.joblib
turbine_1,2026-02-20 19:00:00+00:00,2026-02-21 08:00:00+00:00,13,D1,0.9781099062600406,LightGBM__Top15__global__default,Top15,models/644e19e22a6c2779/LightGBM__Top15__global__default__global__all_history.joblib
turbine_2,2026-02-20 19:00:00+00:00,2026-02-21 08:00:00+00:00,13,D1,0.9698514553252386,LightGBM__Top15__global__default,Top15,models/644e19e22a6c2779/LightGBM__Top15__global__default__global__all_history.joblib
turbine_1,2026-02-20 19:00:00+00:00,2026-02-21 09:00:00+00:00,14,D1,0.974155962486687,LightGBM__Top15__global__default,Top15,models/644e19e22a6c2779/LightGBM__Top15__global__default__global__all_history.joblib
turbine_2,2026-02-20 19:00:00+00:00,2026-02-21 09:00:00+00:00,14,D1,0.9675597691297124,LightGBM__Top15__global__default,Top15,models/644e19e22a6c2779/LightGBM__Top15__global__default__global__all_history.joblib
turbine_1,2026-02-20 19:00:00+00:00,2026-02-21 10:00:00+00:00,15,D1,0.9451885557981129,LightGBM__Top15__global__default,Top15,models/644e19e22a6c2779/LightGBM__Top15__global__default__global__all_history.joblib
turbine_2,2026-02-20 19:00:00+00:00,2026-02-21 10:00:00+00:00,15,D1,0.9437002921232063,LightGBM__Top15__global__default,Top15,models/644e19e22a6c2779/LightGBM__Top15__global__default__global__all_history.joblib
turbine_1,2026-02-20 19:00:00+00:00,2026-02-21 11:00:00+00:00,16,D1,0.8238743177627649,LightGBM__Top15__global__default,Top15,models/644e19e22a6c2779/LightGBM__Top15__global__default__global__all_history.joblib
turbine_2,2026-02-20 19:00:00+00:00,2026-02-21 11:00:00+00:00,16,D1,0.8260231330142808,LightGBM__Top15__global__default,Top15,models/644e19e22a6c2779/LightGBM__Top15__global__default__global__all_history.joblib
turbine_1,2026-02-20 19:00:00+00:00,2026-02-21 12:00:00+00:00,17,D1,0.650233403918291,LightGBM__Top15__global__default,Top15,models/644e19e22a6c2779/LightGBM__Top15__global__default__global__all_history.joblib
turbine_2,2026-02-20 19:00:00+00:00,2026-02-21 12:00:00+00:00,17,D1,0.6522104421204328,LightGBM__Top15__global__default,Top15,models/644e19e22a6c2779/LightGBM__Top15__global__default__global__all_history.joblib
turbine_1,2026-02-20 19:00:00+00:00,2026-02-21 13:00:00+00:00,18,D1,0.5048911230249306,LightGBM__Top15__global__default,Top15,models/644e19e22a6c2779/LightGBM__Top15__global__default__global__all_history.joblib
turbine_2,2026-02-20 19:00:00+00:00,2026-02-21 13:00:00+00:00,18,D1,0.5068681612270723,LightGBM__Top15__global__default,Top15,models/644e19e22a6c2779/LightGBM__Top15__global__default__global__all_history.joblib
turbine_1,2026-02-20 19:00:00+00:00,2026-02-21 14:00:00+00:00,19,D1,0.4236027118461823,LightGBM__Top15__global__default,Top15,models/644e19e22a6c2779/LightGBM__Top15__global__default__global__all_history.joblib
turbine_2,2026-02-20 19:00:00+00:00,2026-02-21 14:00:00+00:00,19,D1,0.4255797500483245,LightGBM__Top15__global__default,Top15,models/644e19e22a6c2779/LightGBM__Top15__global__default__global__all_history.joblib
turbine_1,2026-02-20 19:00:00+00:00,2026-02-21 15:00:00+00:00,20,D1,0.21642585144126666,LightGBM__Top15__global__default,Top15,models/644e19e22a6c2779/LightGBM__Top15__global__default__global__all_history.joblib
turbine_2,2026-02-20 19:00:00+00:00,2026-02-21 15:00:00+00:00,20,D1,0.21525186154066614,LightGBM__Top15__global__default,Top15,models/644e19e22a6c2779/LightGBM__Top15__global__default__global__all_history.joblib
turbine_1,2026-02-20 19:00:00+00:00,2026-02-21 16:00:00+00:00,21,D1,0.11854077733869448,LightGBM__Top15__global__default,Top15,models/644e19e22a6c2779/LightGBM__Top15__global__default__global__all_history.joblib
turbine_2,2026-02-20 19:00:00+00:00,2026-02-21 16:00:00+00:00,21,D1,0.11704040250965238,LightGBM__Top15__global__default,Top15,models/644e19e22a6c2779/LightGBM__Top15__global__default__global__all_history.joblib
turbine_1,2026-02-20 19:00:00+00:00,2026-02-21 17:00:00+00:00,22,D1,0.15857208136537695,LightGBM__Top15__global__default,Top15,models/644e19e22a6c2779/LightGBM__Top15__global__default__global__all_history.joblib
turbine_2,2026-02-20 19:00:00+00:00,2026-02-21 17:00:00+00:00,22,D1,0.15707170653633482,LightGBM__Top15__global__default,Top15,models/644e19e22a6c2779/LightGBM__Top15__global__default__global__all_history.joblib
turbine_1,2026-02-20 19:00:00+00:00,2026-02-21 18:00:00+00:00,23,D1,0.07910273057553373,LightGBM__Top15__global__default,Top15,models/644e19e22a6c2779/LightGBM__Top15__global__default__global__all_history.joblib
turbine_2,2026-02-20 19:00:00+00:00,2026-02-21 18:00:00+00:00,23,D1,0.07250477251359184,LightGBM__Top15__global__default,Top15,models/644e19e22a6c2779/LightGBM__Top15__global__default__global__all_history.joblib
turbine_1,2026-02-20 19:00:00+00:00,2026-02-21 19:00:00+00:00,24,D1,0.0603428283047101,LightGBM__Top15__global__default,Top15,models/644e19e22a6c2779/LightGBM__Top15__global__default__global__all_history.joblib
turbine_2,2026-02-20 19:00:00+00:00,2026-02-21 19:00:00+00:00,24,D1,0.05374487024276818,LightGBM__Top15__global__default,Top15,models/644e19e22a6c2779/LightGBM__Top15__global__default__global__all_history.joblib
turbine_1,2026-02-20 19:00:00+00:00,2026-02-21 20:00:00+00:00,25,D2,0.6834452290011864,LightGBM__Top15__global__default,Top15,models/644e19e22a6c2779/LightGBM__Top15__global__default__global__all_history.joblib
turbine_2,2026-02-20 19:00:00+00:00,2026-02-21 20:00:00+00:00,25,D2,0.6852272099491504,LightGBM__Top15__global__default,Top15,models/644e19e22a6c2779/LightGBM__Top15__global__default__global__all_history.joblib
turbine_1,2026-02-20 19:00:00+00:00,2026-02-21 21:00:00+00:00,26,D2,0.37185834526624045,LightGBM__Top15__global__default,Top15,models/644e19e22a6c2779/LightGBM__Top15__global__default__global__all_history.joblib
turbine_2,2026-02-20 19:00:00+00:00,2026-02-21 21:00:00+00:00,26,D2,0.3736403262142049,LightGBM__Top15__global__default,Top15,models/644e19e22a6c2779/LightGBM__Top15__global__default__global__all_history.joblib
turbine_1,2026-02-20 19:00:00+00:00,2026-02-21 22:00:00+00:00,27,D2,0.17457422173352635,LightGBM__Top15__global__default,Top15,models/644e19e22a6c2779/LightGBM__Top15__global__default__global__all_history.joblib
turbine_2,2026-02-20 19:00:00+00:00,2026-02-21 22:00:00+00:00,27,D2,0.17655125993566842,LightGBM__Top15__global__default,Top15,models/644e19e22a6c2779/LightGBM__Top15__global__default__global__all_history.joblib
turbine_1,2026-02-20 19:00:00+00:00,2026-02-21 23:00:00+00:00,28,D2,0.0614405158273026,LightGBM__Top15__global__default,Top15,models/644e19e22a6c2779/LightGBM__Top15__global__default__global__all_history.joblib
turbine_2,2026-02-20 19:00:00+00:00,2026-02-21 23:00:00+00:00,28,D2,0.06138839233856284,LightGBM__Top15__global__default,Top15,models/644e19e22a6c2779/LightGBM__Top15__global__default__global__all_history.joblib
turbine_1,2026-02-20 19:00:00+00:00,2026-02-22 00:00:00+00:00,29,D2,0.023197663856398553,LightGBM__Top15__global__default,Top15,models/644e19e22a6c2779/LightGBM__Top15__global__default__global__all_history.joblib
turbine_2,2026-02-20 19:00:00+00:00,2026-02-22 00:00:00+00:00,29,D2,0.02221873120997569,LightGBM__Top15__global__default,Top15,models/644e19e22a6c2779/LightGBM__Top15__global__default__global__all_history.joblib
turbine_1,2026-02-20 19:00:00+00:00,2026-02-22 01:00:00+00:00,30,D2,0.01188294569070008,LightGBM__Top15__global__default,Top15,models/644e19e22a6c2779/LightGBM__Top15__global__default__global__all_history.joblib
turbine_2,2026-02-20 19:00:00+00:00,2026-02-22 01:00:00+00:00,30,D2,0.01053076993460867,LightGBM__Top15__global__default,Top15,models/644e19e22a6c2779/LightGBM__Top15__global__default__global__all_history.joblib
turbine_1,2026-02-20 19:00:00+00:00,2026-02-22 02:00:00+00:00,31,D2,0.0101833742195561,LightGBM__Top15__global__default,Top15,models/644e19e22a6c2779/LightGBM__Top15__global__default__global__all_history.joblib
turbine_2,2026-02-20 19:00:00+00:00,2026-02-22 02:00:00+00:00,31,D2,0.009447886802541357,LightGBM__Top15__global__default,Top15,models/644e19e22a6c2779/LightGBM__Top15__global__default__global__all_history.joblib
turbine_1,2026-02-20 19:00:00+00:00,2026-02-22 03:00:00+00:00,32,D2,0.010686976665599845,LightGBM__Top15__global__default,Top15,models/644e19e22a6c2779/LightGBM__Top15__global__default__global__all_history.joblib
turbine_2,2026-02-20 19:00:00+00:00,2026-02-22 03:00:00+00:00,32,D2,0.010002251121570325,LightGBM__Top15__global__default,Top15,models/644e19e22a6c2779/LightGBM__Top15__global__default__global__all_history.joblib
turbine_1,2026-02-20 19:00:00+00:00,2026-02-22 04:00:00+00:00,33,D2,0.021830962160856626,LightGBM__Top15__global__default,Top15,models/644e19e22a6c2779/LightGBM__Top15__global__default__global__all_history.joblib
turbine_2,2026-02-20 19:00:00+00:00,2026-02-22 04:00:00+00:00,33,D2,0.020954401815312225,LightGBM__Top15__global__default,Top15,models/644e19e22a6c2779/LightGBM__Top15__global__default__global__all_history.joblib
turbine_1,2026-02-20 19:00:00+00:00,2026-02-22 05:00:00+00:00,34,D2,0.07097268647723917,LightGBM__Top15__global__default,Top15,models/644e19e22a6c2779/LightGBM__Top15__global__default__global__all_history.joblib
turbine_2,2026-02-20 19:00:00+00:00,2026-02-22 05:00:00+00:00,34,D2,0.06952990906073188,LightGBM__Top15__global__default,Top15,models/644e19e22a6c2779/LightGBM__Top15__global__default__global__all_history.joblib
turbine_1,2026-02-20 19:00:00+00:00,2026-02-22 06:00:00+00:00,35,D2,0.4833503953368039,LightGBM__Top15__global__default,Top15,models/644e19e22a6c2779/LightGBM__Top15__global__default__global__all_history.joblib
turbine_2,2026-02-20 19:00:00+00:00,2026-02-22 06:00:00+00:00,35,D2,0.48307749958667145,LightGBM__Top15__global__default,Top15,models/644e19e22a6c2779/LightGBM__Top15__global__default__global__all_history.joblib
turbine_1,2026-02-20 19:00:00+00:00,2026-02-22 07:00:00+00:00,36,D2,0.7927401330619125,LightGBM__Top15__global__default,Top15,models/644e19e22a6c2779/LightGBM__Top15__global__default__global__all_history.joblib
turbine_2,2026-02-20 19:00:00+00:00,2026-02-22 07:00:00+00:00,36,D2,0.7924672373117797,LightGBM__Top15__global__default,Top15,models/644e19e22a6c2779/LightGBM__Top15__global__default__global__all_history.joblib
turbine_1,2026-02-20 19:00:00+00:00,2026-02-22 08:00:00+00:00,37,D2,0.9068135919909743,LightGBM__Top15__global__default,Top15,models/644e19e22a6c2779/LightGBM__Top15__global__default__global__all_history.joblib
turbine_2,2026-02-20 19:00:00+00:00,2026-02-22 08:00:00+00:00,37,D2,0.9065406962408415,LightGBM__Top15__global__default,Top15,models/644e19e22a6c2779/LightGBM__Top15__global__default__global__all_history.joblib
turbine_1,2026-02-20 19:00:00+00:00,2026-02-22 09:00:00+00:00,38,D2,0.9593401962140848,LightGBM__Top15__global__default,Top15,models/644e19e22a6c2779/LightGBM__Top15__global__default__global__all_history.joblib
turbine_2,2026-02-20 19:00:00+00:00,2026-02-22 09:00:00+00:00,38,D2,0.959067300463952,LightGBM__Top15__global__default,Top15,models/644e19e22a6c2779/LightGBM__Top15__global__default__global__all_history.joblib
turbine_1,2026-02-20 19:00:00+00:00,2026-02-22 10:00:00+00:00,39,D2,0.9744629552438306,LightGBM__Top15__global__default,Top15,models/644e19e22a6c2779/LightGBM__Top15__global__default__global__all_history.joblib
turbine_2,2026-02-20 19:00:00+00:00,2026-02-22 10:00:00+00:00,39,D2,0.9741900594936979,LightGBM__Top15__global__default,Top15,models/644e19e22a6c2779/LightGBM__Top15__global__default__global__all_history.joblib
turbine_1,2026-02-20 19:00:00+00:00,2026-02-22 11:00:00+00:00,40,D2,0.9683548806118806,LightGBM__Top15__global__default,Top15,models/644e19e22a6c2779/LightGBM__Top15__global__default__global__all_history.joblib
turbine_2,2026-02-20 19:00:00+00:00,2026-02-22 11:00:00+00:00,40,D2,0.9680819848617478,LightGBM__Top15__global__default,Top15,models/644e19e22a6c2779/LightGBM__Top15__global__default__global__all_history.joblib
turbine_1,2026-02-20 19:00:00+00:00,2026-02-22 12:00:00+00:00,41,D2,0.9431031739618305,LightGBM__Top15__global__default,Top15,models/644e19e22a6c2779/LightGBM__Top15__global__default__global__all_history.joblib
turbine_2,2026-02-20 19:00:00+00:00,2026-02-22 12:00:00+00:00,41,D2,0.9428302782116977,LightGBM__Top15__global__default,Top15,models/644e19e22a6c2779/LightGBM__Top15__global__default__global__all_history.joblib
turbine_1,2026-02-20 19:00:00+00:00,2026-02-22 13:00:00+00:00,42,D2,0.8787923859300888,LightGBM__Top15__global__default,Top15,models/644e19e22a6c2779/LightGBM__Top15__global__default__global__all_history.joblib
turbine_2,2026-02-20 19:00:00+00:00,2026-02-22 13:00:00+00:00,42,D2,0.878519490179956,LightGBM__Top15__global__default,Top15,models/644e19e22a6c2779/LightGBM__Top15__global__default__global__all_history.joblib
turbine_1,2026-02-20 19:00:00+00:00,2026-02-22 14:00:00+00:00,43,D2,0.7141267821464815,LightGBM__Top15__global__default,Top15,models/644e19e22a6c2779/LightGBM__Top15__global__default__global__all_history.joblib
turbine_2,2026-02-20 19:00:00+00:00,2026-02-22 14:00:00+00:00,43,D2,0.7158945323248295,LightGBM__Top15__global__default,Top15,models/644e19e22a6c2779/LightGBM__Top15__global__default__global__all_history.joblib
turbine_1,2026-02-20 19:00:00+00:00,2026-02-22 15:00:00+00:00,44,D2,0.5097925935617658,LightGBM__Top15__global__default,Top15,models/644e19e22a6c2779/LightGBM__Top15__global__default__global__all_history.joblib
turbine_2,2026-02-20 19:00:00+00:00,2026-02-22 15:00:00+00:00,44,D2,0.5025739803715367,LightGBM__Top15__global__default,Top15,models/644e19e22a6c2779/LightGBM__Top15__global__default__global__all_history.joblib
turbine_1,2026-02-20 19:00:00+00:00,2026-02-22 16:00:00+00:00,45,D2,0.32839626918127696,LightGBM__Top15__global__default,Top15,models/644e19e22a6c2779/LightGBM__Top15__global__default__global__all_history.joblib
turbine_2,2026-02-20 19:00:00+00:00,2026-02-22 16:00:00+00:00,45,D2,0.3209874320809503,LightGBM__Top15__global__default,Top15,models/644e19e22a6c2779/LightGBM__Top15__global__default__global__all_history.joblib
turbine_1,2026-02-20 19:00:00+00:00,2026-02-22 17:00:00+00:00,46,D2,0.24021295477357657,LightGBM__Top15__global__default,Top15,models/644e19e22a6c2779/LightGBM__Top15__global__default__global__all_history.joblib
turbine_2,2026-02-20 19:00:00+00:00,2026-02-22 17:00:00+00:00,46,D2,0.2375903326380652,LightGBM__Top15__global__default,Top15,models/644e19e22a6c2779/LightGBM__Top15__global__default__global__all_history.joblib
turbine_1,2026-02-20 19:00:00+00:00,2026-02-22 18:00:00+00:00,47,D2,0.4627058905080794,LightGBM__Top15__global__default,Top15,models/644e19e22a6c2779/LightGBM__Top15__global__default__global__all_history.joblib
turbine_2,2026-02-20 19:00:00+00:00,2026-02-22 18:00:00+00:00,47,D2,0.46243299475794697,LightGBM__Top15__global__default,Top15,models/644e19e22a6c2779/LightGBM__Top15__global__default__global__all_history.joblib
turbine_1,2026-02-20 19:00:00+00:00,2026-02-22 19:00:00+00:00,48,D2,0.32647370557449795,LightGBM__Top15__global__default,Top15,models/644e19e22a6c2779/LightGBM__Top15__global__default__global__all_history.joblib
turbine_2,2026-02-20 19:00:00+00:00,2026-02-22 19:00:00+00:00,48,D2,0.3262008098243655,LightGBM__Top15__global__default,Top15,models/644e19e22a6c2779/LightGBM__Top15__global__default__global__all_history.joblib
turbine_1,2026-02-21 19:00:00+00:00,2026-02-21 20:00:00+00:00,1,D1,0.02061309540452632,LightGBM__Top15__global__default,Top15,models/644e19e22a6c2779/LightGBM__Top15__global__default__global__all_history.joblib
turbine_2,2026-02-21 19:00:00+00:00,2026-02-21 20:00:00+00:00,1,D1,0.01904882294973134,LightGBM__Top15__global__default,Top15,models/644e19e22a6c2779/LightGBM__Top15__global__default__global__all_history.joblib
turbine_1,2026-02-21 19:00:00+00:00,2026-02-21 21:00:00+00:00,2,D1,0.010929610791887203,LightGBM__Top15__global__default,Top15,models/644e19e22a6c2779/LightGBM__Top15__global__default__global__all_history.joblib
turbine_2,2026-02-21 19:00:00+00:00,2026-02-21 21:00:00+00:00,2,D1,0.009365338337092228,LightGBM__Top15__global__default,Top15,models/644e19e22a6c2779/LightGBM__Top15__global__default__global__all_history.joblib
turbine_1,2026-02-21 19:00:00+00:00,2026-02-21 22:00:00+00:00,3,D1,0.00958010929451577,LightGBM__Top15__global__default,Top15,models/644e19e22a6c2779/LightGBM__Top15__global__default__global__all_history.joblib
turbine_2,2026-02-21 19:00:00+00:00,2026-02-21 22:00:00+00:00,3,D1,0.008048387386485474,LightGBM__Top15__global__default,Top15,models/644e19e22a6c2779/LightGBM__Top15__global__default__global__all_history.joblib
turbine_1,2026-02-21 19:00:00+00:00,2026-02-21 23:00:00+00:00,4,D1,0.009784711107092784,LightGBM__Top15__global__default,Top15,models/644e19e22a6c2779/LightGBM__Top15__global__default__global__all_history.joblib
turbine_2,2026-02-21 19:00:00+00:00,2026-02-21 23:00:00+00:00,4,D1,0.009174125461227174,LightGBM__Top15__global__default,Top15,models/644e19e22a6c2779/LightGBM__Top15__global__default__global__all_history.joblib
turbine_1,2026-02-21 19:00:00+00:00,2026-02-22 00:00:00+00:00,5,D1,0.00998185954649663,LightGBM__Top15__global__default,Top15,models/644e19e22a6c2779/LightGBM__Top15__global__default__global__all_history.joblib
turbine_2,2026-02-21 19:00:00+00:00,2026-02-22 00:00:00+00:00,5,D1,0.00998482550286432,LightGBM__Top15__global__default,Top15,models/644e19e22a6c2779/LightGBM__Top15__global__default__global__all_history.joblib
turbine_1,2026-02-21 19:00:00+00:00,2026-02-22 01:00:00+00:00,6,D1,0.011925874063275922,LightGBM__Top15__global__default,Top15,models/644e19e22a6c2779/LightGBM__Top15__global__default__global__all_history.joblib
turbine_2,2026-02-21 19:00:00+00:00,2026-02-22 01:00:00+00:00,6,D1,0.011195946080960445,LightGBM__Top15__global__default,Top15,models/644e19e22a6c2779/LightGBM__Top15__global__default__global__all_history.joblib
turbine_1,2026-02-21 19:00:00+00:00,2026-02-22 02:00:00+00:00,7,D1,0.10491326973501557,LightGBM__Top15__global__default,Top15,models/644e19e22a6c2779/LightGBM__Top15__global__default__global__all_history.joblib
turbine_2,2026-02-21 19:00:00+00:00,2026-02-22 02:00:00+00:00,7,D1,0.10322302167617668,LightGBM__Top15__global__default,Top15,models/644e19e22a6c2779/LightGBM__Top15__global__default__global__all_history.joblib
turbine_1,2026-02-21 19:00:00+00:00,2026-02-22 03:00:00+00:00,8,D1,0.17529673428462356,LightGBM__Top15__global__default,Top15,models/644e19e22a6c2779/LightGBM__Top15__global__default__global__all_history.joblib
turbine_2,2026-02-21 19:00:00+00:00,2026-02-22 03:00:00+00:00,8,D1,0.17267411214911219,LightGBM__Top15__global__default,Top15,models/644e19e22a6c2779/LightGBM__Top15__global__default__global__all_history.joblib
turbine_1,2026-02-21 19:00:00+00:00,2026-02-22 04:00:00+00:00,9,D1,0.37008650440046575,LightGBM__Top15__global__default,Top15,models/644e19e22a6c2779/LightGBM__Top15__global__default__global__all_history.joblib
turbine_2,2026-02-21 19:00:00+00:00,2026-02-22 04:00:00+00:00,9,D1,0.46991585725631957,LightGBM__Top15__global__default,Top15,models/644e19e22a6c2779/LightGBM__Top15__global__default__global__all_history.joblib
turbine_1,2026-02-21 19:00:00+00:00,2026-02-22 05:00:00+00:00,10,D1,0.6360508472072129,LightGBM__Top15__global__default,Top15,models/644e19e22a6c2779/LightGBM__Top15__global__default__global__all_history.joblib
turbine_2,2026-02-21 19:00:00+00:00,2026-02-22 05:00:00+00:00,10,D1,0.6561663305675155,LightGBM__Top15__global__default,Top15,models/644e19e22a6c2779/LightGBM__Top15__global__default__global__all_history.joblib
turbine_1,2026-02-21 19:00:00+00:00,2026-02-22 06:00:00+00:00,11,D1,0.8842579714776221,LightGBM__Top15__global__default,Top15,models/644e19e22a6c2779/LightGBM__Top15__global__default__global__all_history.joblib
turbine_2,2026-02-21 19:00:00+00:00,2026-02-22 06:00:00+00:00,11,D1,0.8839850757274893,LightGBM__Top15__global__default,Top15,models/644e19e22a6c2779/LightGBM__Top15__global__default__global__all_history.joblib
turbine_1,2026-02-21 19:00:00+00:00,2026-02-22 07:00:00+00:00,12,D1,0.9767227918250543,LightGBM__Top15__global__default,Top15,models/644e19e22a6c2779/LightGBM__Top15__global__default__global__all_history.joblib
turbine_2,2026-02-21 19:00:00+00:00,2026-02-22 07:00:00+00:00,12,D1,0.9764498960749215,LightGBM__Top15__global__default,Top15,models/644e19e22a6c2779/LightGBM__Top15__global__default__global__all_history.joblib
turbine_1,2026-02-21 19:00:00+00:00,2026-02-22 08:00:00+00:00,13,D1,0.974989207766034,LightGBM__Top15__global__default,Top15,models/644e19e22a6c2779/LightGBM__Top15__global__default__global__all_history.joblib
turbine_2,2026-02-21 19:00:00+00:00,2026-02-22 08:00:00+00:00,13,D1,0.9747163120159013,LightGBM__Top15__global__default,Top15,models/644e19e22a6c2779/LightGBM__Top15__global__default__global__all_history.joblib
turbine_1,2026-02-21 19:00:00+00:00,2026-02-22 09:00:00+00:00,14,D1,0.9854780303295151,LightGBM__Top15__global__default,Top15,models/644e19e22a6c2779/LightGBM__Top15__global__default__global__all_history.joblib
turbine_2,2026-02-21 19:00:00+00:00,2026-02-22 09:00:00+00:00,14,D1,0.9853097548196738,LightGBM__Top15__global__default,Top15,models/644e19e22a6c2779/LightGBM__Top15__global__default__global__all_history.joblib
turbine_1,2026-02-21 19:00:00+00:00,2026-02-22 10:00:00+00:00,15,D1,0.9592885855484454,LightGBM__Top15__global__default,Top15,models/644e19e22a6c2779/LightGBM__Top15__global__default__global__all_history.joblib
turbine_2,2026-02-21 19:00:00+00:00,2026-02-22 10:00:00+00:00,15,D1,0.9590156897983126,LightGBM__Top15__global__default,Top15,models/644e19e22a6c2779/LightGBM__Top15__global__default__global__all_history.joblib
turbine_1,2026-02-21 19:00:00+00:00,2026-02-22 11:00:00+00:00,16,D1,0.9743898622225287,LightGBM__Top15__global__default,Top15,models/644e19e22a6c2779/LightGBM__Top15__global__default__global__all_history.joblib
turbine_2,2026-02-21 19:00:00+00:00,2026-02-22 11:00:00+00:00,16,D1,0.9741169664723959,LightGBM__Top15__global__default,Top15,models/644e19e22a6c2779/LightGBM__Top15__global__default__global__all_history.joblib
turbine_1,2026-02-21 19:00:00+00:00,2026-02-22 12:00:00+00:00,17,D1,0.7380212118055046,LightGBM__Top15__global__default,Top15,models/644e19e22a6c2779/LightGBM__Top15__global__default__global__all_history.joblib
turbine_2,2026-02-21 19:00:00+00:00,2026-02-22 12:00:00+00:00,17,D1,0.7377483160553718,LightGBM__Top15__global__default,Top15,models/644e19e22a6c2779/LightGBM__Top15__global__default__global__all_history.joblib
turbine_1,2026-02-21 19:00:00+00:00,2026-02-22 13:00:00+00:00,18,D1,0.6905958870733,LightGBM__Top15__global__default,Top15,models/644e19e22a6c2779/LightGBM__Top15__global__default__global__all_history.joblib
turbine_2,2026-02-21 19:00:00+00:00,2026-02-22 13:00:00+00:00,18,D1,0.6903229913231672,LightGBM__Top15__global__default,Top15,models/644e19e22a6c2779/LightGBM__Top15__global__default__global__all_history.joblib
turbine_1,2026-02-21 19:00:00+00:00,2026-02-22 14:00:00+00:00,19,D1,0.4274465809164026,LightGBM__Top15__global__default,Top15,models/644e19e22a6c2779/LightGBM__Top15__global__default__global__all_history.joblib
turbine_2,2026-02-21 19:00:00+00:00,2026-02-22 14:00:00+00:00,19,D1,0.4250714294232229,LightGBM__Top15__global__default,Top15,models/644e19e22a6c2779/LightGBM__Top15__global__default__global__all_history.joblib
turbine_1,2026-02-21 19:00:00+00:00,2026-02-22 15:00:00+00:00,20,D1,0.25432732705664207,LightGBM__Top15__global__default,Top15,models/644e19e22a6c2779/LightGBM__Top15__global__default__global__all_history.joblib
turbine_2,2026-02-21 19:00:00+00:00,2026-02-22 15:00:00+00:00,20,D1,0.2466710193139838,LightGBM__Top15__global__default,Top15,models/644e19e22a6c2779/LightGBM__Top15__global__default__global__all_history.joblib
turbine_1,2026-02-21 19:00:00+00:00,2026-02-22 16:00:00+00:00,21,D1,0.14195364489300888,LightGBM__Top15__global__default,Top15,models/644e19e22a6c2779/LightGBM__Top15__global__default__global__all_history.joblib
turbine_2,2026-02-21 19:00:00+00:00,2026-02-22 16:00:00+00:00,21,D1,0.1393310227574975,LightGBM__Top15__global__default,Top15,models/644e19e22a6c2779/LightGBM__Top15__global__default__global__all_history.joblib
turbine_1,2026-02-21 19:00:00+00:00,2026-02-22 17:00:00+00:00,22,D1,0.06217828684189924,LightGBM__Top15__global__default,Top15,models/644e19e22a6c2779/LightGBM__Top15__global__default__global__all_history.joblib
turbine_2,2026-02-21 19:00:00+00:00,2026-02-22 17:00:00+00:00,22,D1,0.061738878682968214,LightGBM__Top15__global__default,Top15,models/644e19e22a6c2779/LightGBM__Top15__global__default__global__all_history.joblib
turbine_1,2026-02-21 19:00:00+00:00,2026-02-22 18:00:00+00:00,23,D1,0.03781209302835731,LightGBM__Top15__global__default,Top15,models/644e19e22a6c2779/LightGBM__Top15__global__default__global__all_history.joblib
turbine_2,2026-02-21 19:00:00+00:00,2026-02-22 18:00:00+00:00,23,D1,0.03607108309653318,LightGBM__Top15__global__default,Top15,models/644e19e22a6c2779/LightGBM__Top15__global__default__global__all_history.joblib
turbine_1,2026-02-21 19:00:00+00:00,2026-02-22 19:00:00+00:00,24,D1,0.05996185388495135,LightGBM__Top15__global__default,Top15,models/644e19e22a6c2779/LightGBM__Top15__global__default__global__all_history.joblib
turbine_2,2026-02-21 19:00:00+00:00,2026-02-22 19:00:00+00:00,24,D1,0.05827160582611245,LightGBM__Top15__global__default,Top15,models/644e19e22a6c2779/LightGBM__Top15__global__default__global__all_history.joblib
turbine_1,2026-02-21 19:00:00+00:00,2026-02-22 20:00:00+00:00,25,D2,0.2567983638905535,LightGBM__Top15__global__default,Top15,models/644e19e22a6c2779/LightGBM__Top15__global__default__global__all_history.joblib
turbine_2,2026-02-21 19:00:00+00:00,2026-02-22 20:00:00+00:00,25,D2,0.25652546814042104,LightGBM__Top15__global__default,Top15,models/644e19e22a6c2779/LightGBM__Top15__global__default__global__all_history.joblib
turbine_1,2026-02-21 19:00:00+00:00,2026-02-22 21:00:00+00:00,26,D2,0.19237505185842016,LightGBM__Top15__global__default,Top15,models/644e19e22a6c2779/LightGBM__Top15__global__default__global__all_history.joblib
turbine_2,2026-02-21 19:00:00+00:00,2026-02-22 21:00:00+00:00,26,D2,0.19117534695060448,LightGBM__Top15__global__default,Top15,models/644e19e22a6c2779/LightGBM__Top15__global__default__global__all_history.joblib
turbine_1,2026-02-21 19:00:00+00:00,2026-02-22 22:00:00+00:00,27,D2,0.047262157087001246,LightGBM__Top15__global__default,Top15,models/644e19e22a6c2779/LightGBM__Top15__global__default__global__all_history.joblib
turbine_2,2026-02-21 19:00:00+00:00,2026-02-22 22:00:00+00:00,27,D2,0.04463953495148991,LightGBM__Top15__global__default,Top15,models/644e19e22a6c2779/LightGBM__Top15__global__default__global__all_history.joblib
turbine_1,2026-02-21 19:00:00+00:00,2026-02-22 23:00:00+00:00,28,D2,0.02290763354162952,LightGBM__Top15__global__default,Top15,models/644e19e22a6c2779/LightGBM__Top15__global__default__global__all_history.joblib
turbine_2,2026-02-21 19:00:00+00:00,2026-02-22 23:00:00+00:00,28,D2,0.02116662360980539,LightGBM__Top15__global__default,Top15,models/644e19e22a6c2779/LightGBM__Top15__global__default__global__all_history.joblib
turbine_1,2026-02-21 19:00:00+00:00,2026-02-23 00:00:00+00:00,29,D2,0.02423862097999118,LightGBM__Top15__global__default,Top15,models/644e19e22a6c2779/LightGBM__Top15__global__default__global__all_history.joblib
turbine_2,2026-02-21 19:00:00+00:00,2026-02-23 00:00:00+00:00,29,D2,0.023565379673560656,LightGBM__Top15__global__default,Top15,models/644e19e22a6c2779/LightGBM__Top15__global__default__global__all_history.joblib
turbine_1,2026-02-21 19:00:00+00:00,2026-02-23 01:00:00+00:00,30,D2,0.023619175475835186,LightGBM__Top15__global__default,Top15,models/644e19e22a6c2779/LightGBM__Top15__global__default__global__all_history.joblib
turbine_2,2026-02-21 19:00:00+00:00,2026-02-23 01:00:00+00:00,30,D2,0.02361939490018578,LightGBM__Top15__global__default,Top15,models/644e19e22a6c2779/LightGBM__Top15__global__default__global__all_history.joblib
turbine_1,2026-02-21 19:00:00+00:00,2026-02-23 02:00:00+00:00,31,D2,0.021560218607319753,LightGBM__Top15__global__default,Top15,models/644e19e22a6c2779/LightGBM__Top15__global__default__global__all_history.joblib
turbine_2,2026-02-21 19:00:00+00:00,2026-02-23 02:00:00+00:00,31,D2,0.021560438031670345,LightGBM__Top15__global__default,Top15,models/644e19e22a6c2779/LightGBM__Top15__global__default__global__all_history.joblib
turbine_1,2026-02-21 19:00:00+00:00,2026-02-23 03:00:00+00:00,32,D2,0.019824626285067832,LightGBM__Top15__global__default,Top15,models/644e19e22a6c2779/LightGBM__Top15__global__default__global__all_history.joblib
turbine_2,2026-02-21 19:00:00+00:00,2026-02-23 03:00:00+00:00,32,D2,0.019824845709418424,LightGBM__Top15__global__default,Top15,models/644e19e22a6c2779/LightGBM__Top15__global__default__global__all_history.joblib
turbine_1,2026-02-21 19:00:00+00:00,2026-02-23 04:00:00+00:00,33,D2,0.032882889273778325,LightGBM__Top15__global__default,Top15,models/644e19e22a6c2779/LightGBM__Top15__global__default__global__all_history.joblib
turbine_2,2026-02-21 19:00:00+00:00,2026-02-23 04:00:00+00:00,33,D2,0.026967083886387726,LightGBM__Top15__global__default,Top15,models/644e19e22a6c2779/LightGBM__Top15__global__default__global__all_history.joblib
turbine_1,2026-02-21 19:00:00+00:00,2026-02-23 05:00:00+00:00,34,D2,0.0731483019429916,LightGBM__Top15__global__default,Top15,models/644e19e22a6c2779/LightGBM__Top15__global__default__global__all_history.joblib
turbine_2,2026-02-21 19:00:00+00:00,2026-02-23 05:00:00+00:00,34,D2,0.06637360640402057,LightGBM__Top15__global__default,Top15,models/644e19e22a6c2779/LightGBM__Top15__global__default__global__all_history.joblib
turbine_1,2026-02-21 19:00:00+00:00,2026-02-23 06:00:00+00:00,35,D2,0.10371967782315321,LightGBM__Top15__global__default,Top15,models/644e19e22a6c2779/LightGBM__Top15__global__default__global__all_history.joblib
turbine_2,2026-02-21 19:00:00+00:00,2026-02-23 06:00:00+00:00,35,D2,0.09934513255500117,LightGBM__Top15__global__default,Top15,models/644e19e22a6c2779/LightGBM__Top15__global__default__global__all_history.joblib
turbine_1,2026-02-21 19:00:00+00:00,2026-02-23 07:00:00+00:00,36,D2,0.1991721018894983,LightGBM__Top15__global__default,Top15,models/644e19e22a6c2779/LightGBM__Top15__global__default__global__all_history.joblib
turbine_2,2026-02-21 19:00:00+00:00,2026-02-23 07:00:00+00:00,36,D2,0.19264487699285876,LightGBM__Top15__global__default,Top15,models/644e19e22a6c2779/LightGBM__Top15__global__default__global__all_history.joblib
turbine_1,2026-02-21 19:00:00+00:00,2026-02-23 08:00:00+00:00,37,D2,0.35337857426029023,LightGBM__Top15__global__default,Top15,models/644e19e22a6c2779/LightGBM__Top15__global__default__global__all_history.joblib
turbine_2,2026-02-21 19:00:00+00:00,2026-02-23 08:00:00+00:00,37,D2,0.35217886935247467,LightGBM__Top15__global__default,Top15,models/644e19e22a6c2779/LightGBM__Top15__global__default__global__all_history.joblib
turbine_1,2026-02-21 19:00:00+00:00,2026-02-23 09:00:00+00:00,38,D2,0.42435182137554267,LightGBM__Top15__global__default,Top15,models/644e19e22a6c2779/LightGBM__Top15__global__default__global__all_history.joblib
turbine_2,2026-02-21 19:00:00+00:00,2026-02-23 09:00:00+00:00,38,D2,0.4380750085242319,LightGBM__Top15__global__default,Top15,models/644e19e22a6c2779/LightGBM__Top15__global__default__global__all_history.joblib
turbine_1,2026-02-21 19:00:00+00:00,2026-02-23 10:00:00+00:00,39,D2,0.4612257546698587,LightGBM__Top15__global__default,Top15,models/644e19e22a6c2779/LightGBM__Top15__global__default__global__all_history.joblib
turbine_2,2026-02-21 19:00:00+00:00,2026-02-23 10:00:00+00:00,39,D2,0.46299350484820706,LightGBM__Top15__global__default,Top15,models/644e19e22a6c2779/LightGBM__Top15__global__default__global__all_history.joblib
turbine_1,2026-02-21 19:00:00+00:00,2026-02-23 11:00:00+00:00,40,D2,0.5346713588629537,LightGBM__Top15__global__default,Top15,models/644e19e22a6c2779/LightGBM__Top15__global__default__global__all_history.joblib
turbine_2,2026-02-21 19:00:00+00:00,2026-02-23 11:00:00+00:00,40,D2,0.5364391090413017,LightGBM__Top15__global__default,Top15,models/644e19e22a6c2779/LightGBM__Top15__global__default__global__all_history.joblib
turbine_1,2026-02-21 19:00:00+00:00,2026-02-23 12:00:00+00:00,41,D2,0.7023494546143025,LightGBM__Top15__global__default,Top15,models/644e19e22a6c2779/LightGBM__Top15__global__default__global__all_history.joblib
turbine_2,2026-02-21 19:00:00+00:00,2026-02-23 12:00:00+00:00,41,D2,0.7041172047926505,LightGBM__Top15__global__default,Top15,models/644e19e22a6c2779/LightGBM__Top15__global__default__global__all_history.joblib
turbine_1,2026-02-21 19:00:00+00:00,2026-02-23 13:00:00+00:00,42,D2,0.8520013216798422,LightGBM__Top15__global__default,Top15,models/644e19e22a6c2779/LightGBM__Top15__global__default__global__all_history.joblib
turbine_2,2026-02-21 19:00:00+00:00,2026-02-23 13:00:00+00:00,42,D2,0.8450115887399715,LightGBM__Top15__global__default,Top15,models/644e19e22a6c2779/LightGBM__Top15__global__default__global__all_history.joblib
turbine_1,2026-02-21 19:00:00+00:00,2026-02-23 14:00:00+00:00,43,D2,0.7635897615191435,LightGBM__Top15__global__default,Top15,models/644e19e22a6c2779/LightGBM__Top15__global__default__global__all_history.joblib
turbine_2,2026-02-21 19:00:00+00:00,2026-02-23 14:00:00+00:00,43,D2,0.7485033469481076,LightGBM__Top15__global__default,Top15,models/644e19e22a6c2779/LightGBM__Top15__global__default__global__all_history.joblib
turbine_1,2026-02-21 19:00:00+00:00,2026-02-23 15:00:00+00:00,44,D2,0.8754042353409376,LightGBM__Top15__global__default,Top15,models/644e19e22a6c2779/LightGBM__Top15__global__default__global__all_history.joblib
turbine_2,2026-02-21 19:00:00+00:00,2026-02-23 15:00:00+00:00,44,D2,0.8771719855192855,LightGBM__Top15__global__default,Top15,models/644e19e22a6c2779/LightGBM__Top15__global__default__global__all_history.joblib
turbine_1,2026-02-21 19:00:00+00:00,2026-02-23 16:00:00+00:00,45,D2,0.9007079830357829,LightGBM__Top15__global__default,Top15,models/644e19e22a6c2779/LightGBM__Top15__global__default__global__all_history.joblib
turbine_2,2026-02-21 19:00:00+00:00,2026-02-23 16:00:00+00:00,45,D2,0.8761249825101376,LightGBM__Top15__global__default,Top15,models/644e19e22a6c2779/LightGBM__Top15__global__default__global__all_history.joblib
turbine_1,2026-02-21 19:00:00+00:00,2026-02-23 17:00:00+00:00,46,D2,0.9126490592433203,LightGBM__Top15__global__default,Top15,models/644e19e22a6c2779/LightGBM__Top15__global__default__global__all_history.joblib
turbine_2,2026-02-21 19:00:00+00:00,2026-02-23 17:00:00+00:00,46,D2,0.9108667783094155,LightGBM__Top15__global__default,Top15,models/644e19e22a6c2779/LightGBM__Top15__global__default__global__all_history.joblib
turbine_1,2026-02-21 19:00:00+00:00,2026-02-23 18:00:00+00:00,47,D2,0.9495129021948167,LightGBM__Top15__global__default,Top15,models/644e19e22a6c2779/LightGBM__Top15__global__default__global__all_history.joblib
turbine_2,2026-02-21 19:00:00+00:00,2026-02-23 18:00:00+00:00,47,D2,0.9424807257800686,LightGBM__Top15__global__default,Top15,models/644e19e22a6c2779/LightGBM__Top15__global__default__global__all_history.joblib
turbine_1,2026-02-21 19:00:00+00:00,2026-02-23 19:00:00+00:00,48,D2,0.9312771046966343,LightGBM__Top15__global__default,Top15,models/644e19e22a6c2779/LightGBM__Top15__global__default__global__all_history.joblib
turbine_2,2026-02-21 19:00:00+00:00,2026-02-23 19:00:00+00:00,48,D2,0.9242449282818862,LightGBM__Top15__global__default,Top15,models/644e19e22a6c2779/LightGBM__Top15__global__default__global__all_history.joblib
turbine_1,2026-02-22 19:00:00+00:00,2026-02-22 20:00:00+00:00,1,D1,0.042494598909865934,LightGBM__Top15__global__default,Top15,models/644e19e22a6c2779/LightGBM__Top15__global__default__global__all_history.joblib
turbine_2,2026-02-22 19:00:00+00:00,2026-02-22 20:00:00+00:00,1,D1,0.040753588978041815,LightGBM__Top15__global__default,Top15,models/644e19e22a6c2779/LightGBM__Top15__global__default__global__all_history.joblib
turbine_1,2026-02-22 19:00:00+00:00,2026-02-22 21:00:00+00:00,2,D1,0.026470717275466904,LightGBM__Top15__global__default,Top15,models/644e19e22a6c2779/LightGBM__Top15__global__default__global__all_history.joblib
turbine_2,2026-02-22 19:00:00+00:00,2026-02-22 21:00:00+00:00,2,D1,0.024729707343642774,LightGBM__Top15__global__default,Top15,models/644e19e22a6c2779/LightGBM__Top15__global__default__global__all_history.joblib
turbine_1,2026-02-22 19:00:00+00:00,2026-02-22 22:00:00+00:00,3,D1,0.02476990365368948,LightGBM__Top15__global__default,Top15,models/644e19e22a6c2779/LightGBM__Top15__global__default__global__all_history.joblib
turbine_2,2026-02-22 19:00:00+00:00,2026-02-22 22:00:00+00:00,3,D1,0.024356536866780156,LightGBM__Top15__global__default,Top15,models/644e19e22a6c2779/LightGBM__Top15__global__default__global__all_history.joblib
turbine_1,2026-02-22 19:00:00+00:00,2026-02-22 23:00:00+00:00,4,D1,0.02538389728116544,LightGBM__Top15__global__default,Top15,models/644e19e22a6c2779/LightGBM__Top15__global__default__global__all_history.joblib
turbine_2,2026-02-22 19:00:00+00:00,2026-02-22 23:00:00+00:00,4,D1,0.02369364922232653,LightGBM__Top15__global__default,Top15,models/644e19e22a6c2779/LightGBM__Top15__global__default__global__all_history.joblib
turbine_1,2026-02-22 19:00:00+00:00,2026-02-23 00:00:00+00:00,5,D1,0.020901550498758848,LightGBM__Top15__global__default,Top15,models/644e19e22a6c2779/LightGBM__Top15__global__default__global__all_history.joblib
turbine_2,2026-02-22 19:00:00+00:00,2026-02-23 00:00:00+00:00,5,D1,0.019160540566934718,LightGBM__Top15__global__default,Top15,models/644e19e22a6c2779/LightGBM__Top15__global__default__global__all_history.joblib
turbine_1,2026-02-22 19:00:00+00:00,2026-02-23 01:00:00+00:00,6,D1,0.02066307394280428,LightGBM__Top15__global__default,Top15,models/644e19e22a6c2779/LightGBM__Top15__global__default__global__all_history.joblib
turbine_2,2026-02-22 19:00:00+00:00,2026-02-23 01:00:00+00:00,6,D1,0.01978651359725988,LightGBM__Top15__global__default,Top15,models/644e19e22a6c2779/LightGBM__Top15__global__default__global__all_history.joblib
turbine_1,2026-02-22 19:00:00+00:00,2026-02-23 02:00:00+00:00,7,D1,0.02246852480043487,LightGBM__Top15__global__default,Top15,models/644e19e22a6c2779/LightGBM__Top15__global__default__global__all_history.joblib
turbine_2,2026-02-22 19:00:00+00:00,2026-02-23 02:00:00+00:00,7,D1,0.020735650120262003,LightGBM__Top15__global__default,Top15,models/644e19e22a6c2779/LightGBM__Top15__global__default__global__all_history.joblib
turbine_1,2026-02-22 19:00:00+00:00,2026-02-23 03:00:00+00:00,8,D1,0.02876992818168265,LightGBM__Top15__global__default,Top15,models/644e19e22a6c2779/LightGBM__Top15__global__default__global__all_history.joblib
turbine_2,2026-02-22 19:00:00+00:00,2026-02-23 03:00:00+00:00,8,D1,0.027203120352980992,LightGBM__Top15__global__default,Top15,models/644e19e22a6c2779/LightGBM__Top15__global__default__global__all_history.joblib
turbine_1,2026-02-22 19:00:00+00:00,2026-02-23 04:00:00+00:00,9,D1,0.03817499430336334,LightGBM__Top15__global__default,Top15,models/644e19e22a6c2779/LightGBM__Top15__global__default__global__all_history.joblib
turbine_2,2026-02-22 19:00:00+00:00,2026-02-23 04:00:00+00:00,9,D1,0.030766157203036666,LightGBM__Top15__global__default,Top15,models/644e19e22a6c2779/LightGBM__Top15__global__default__global__all_history.joblib
turbine_1,2026-02-22 19:00:00+00:00,2026-02-23 05:00:00+00:00,10,D1,0.06997598189835062,LightGBM__Top15__global__default,Top15,models/644e19e22a6c2779/LightGBM__Top15__global__default__global__all_history.joblib
turbine_2,2026-02-22 19:00:00+00:00,2026-02-23 05:00:00+00:00,10,D1,0.07174373207669887,LightGBM__Top15__global__default,Top15,models/644e19e22a6c2779/LightGBM__Top15__global__default__global__all_history.joblib
turbine_1,2026-02-22 19:00:00+00:00,2026-02-23 06:00:00+00:00,11,D1,0.09351607046045317,LightGBM__Top15__global__default,Top15,models/644e19e22a6c2779/LightGBM__Top15__global__default__global__all_history.joblib
turbine_2,2026-02-22 19:00:00+00:00,2026-02-23 06:00:00+00:00,11,D1,0.09202253117096065,LightGBM__Top15__global__default,Top15,models/644e19e22a6c2779/LightGBM__Top15__global__default__global__all_history.joblib
turbine_1,2026-02-22 19:00:00+00:00,2026-02-23 07:00:00+00:00,12,D1,0.1444405903682001,LightGBM__Top15__global__default,Top15,models/644e19e22a6c2779/LightGBM__Top15__global__default__global__all_history.joblib
turbine_2,2026-02-22 19:00:00+00:00,2026-02-23 07:00:00+00:00,12,D1,0.14416769461806747,LightGBM__Top15__global__default,Top15,models/644e19e22a6c2779/LightGBM__Top15__global__default__global__all_history.joblib
turbine_1,2026-02-22 19:00:00+00:00,2026-02-23 08:00:00+00:00,13,D1,0.32069413406758024,LightGBM__Top15__global__default,Top15,models/644e19e22a6c2779/LightGBM__Top15__global__default__global__all_history.joblib
turbine_2,2026-02-22 19:00:00+00:00,2026-02-23 08:00:00+00:00,13,D1,0.3204212383174478,LightGBM__Top15__global__default,Top15,models/644e19e22a6c2779/LightGBM__Top15__global__default__global__all_history.joblib
turbine_1,2026-02-22 19:00:00+00:00,2026-02-23 09:00:00+00:00,14,D1,0.44368650079749816,LightGBM__Top15__global__default,Top15,models/644e19e22a6c2779/LightGBM__Top15__global__default__global__all_history.joblib
turbine_2,2026-02-22 19:00:00+00:00,2026-02-23 09:00:00+00:00,14,D1,0.4454542509758465,LightGBM__Top15__global__default,Top15,models/644e19e22a6c2779/LightGBM__Top15__global__default__global__all_history.joblib
turbine_1,2026-02-22 19:00:00+00:00,2026-02-23 10:00:00+00:00,15,D1,0.4724325608898091,LightGBM__Top15__global__default,Top15,models/644e19e22a6c2779/LightGBM__Top15__global__default__global__all_history.joblib
turbine_2,2026-02-22 19:00:00+00:00,2026-02-23 10:00:00+00:00,15,D1,0.47420031106815747,LightGBM__Top15__global__default,Top15,models/644e19e22a6c2779/LightGBM__Top15__global__default__global__all_history.joblib
turbine_1,2026-02-22 19:00:00+00:00,2026-02-23 11:00:00+00:00,16,D1,0.6041949769079605,LightGBM__Top15__global__default,Top15,models/644e19e22a6c2779/LightGBM__Top15__global__default__global__all_history.joblib
turbine_2,2026-02-22 19:00:00+00:00,2026-02-23 11:00:00+00:00,16,D1,0.6059627270863085,LightGBM__Top15__global__default,Top15,models/644e19e22a6c2779/LightGBM__Top15__global__default__global__all_history.joblib
turbine_1,2026-02-22 19:00:00+00:00,2026-02-23 12:00:00+00:00,17,D1,0.684386397773464,LightGBM__Top15__global__default,Top15,models/644e19e22a6c2779/LightGBM__Top15__global__default__global__all_history.joblib
turbine_2,2026-02-22 19:00:00+00:00,2026-02-23 12:00:00+00:00,17,D1,0.686154147951812,LightGBM__Top15__global__default,Top15,models/644e19e22a6c2779/LightGBM__Top15__global__default__global__all_history.joblib
turbine_1,2026-02-22 19:00:00+00:00,2026-02-23 13:00:00+00:00,18,D1,0.8014408652659896,LightGBM__Top15__global__default,Top15,models/644e19e22a6c2779/LightGBM__Top15__global__default__global__all_history.joblib
turbine_2,2026-02-22 19:00:00+00:00,2026-02-23 13:00:00+00:00,18,D1,0.8032086154443375,LightGBM__Top15__global__default,Top15,models/644e19e22a6c2779/LightGBM__Top15__global__default__global__all_history.joblib
turbine_1,2026-02-22 19:00:00+00:00,2026-02-23 14:00:00+00:00,19,D1,0.8008066610009319,LightGBM__Top15__global__default,Top15,models/644e19e22a6c2779/LightGBM__Top15__global__default__global__all_history.joblib
turbine_2,2026-02-22 19:00:00+00:00,2026-02-23 14:00:00+00:00,19,D1,0.8025744111792799,LightGBM__Top15__global__default,Top15,models/644e19e22a6c2779/LightGBM__Top15__global__default__global__all_history.joblib
turbine_1,2026-02-22 19:00:00+00:00,2026-02-23 15:00:00+00:00,20,D1,0.6690008695987981,LightGBM__Top15__global__default,Top15,models/644e19e22a6c2779/LightGBM__Top15__global__default__global__all_history.joblib
turbine_2,2026-02-22 19:00:00+00:00,2026-02-23 15:00:00+00:00,20,D1,0.6707686197771461,LightGBM__Top15__global__default,Top15,models/644e19e22a6c2779/LightGBM__Top15__global__default__global__all_history.joblib
turbine_1,2026-02-22 19:00:00+00:00,2026-02-23 16:00:00+00:00,21,D1,0.7199822831203304,LightGBM__Top15__global__default,Top15,models/644e19e22a6c2779/LightGBM__Top15__global__default__global__all_history.joblib
turbine_2,2026-02-22 19:00:00+00:00,2026-02-23 16:00:00+00:00,21,D1,0.7217500332986784,LightGBM__Top15__global__default,Top15,models/644e19e22a6c2779/LightGBM__Top15__global__default__global__all_history.joblib
turbine_1,2026-02-22 19:00:00+00:00,2026-02-23 17:00:00+00:00,22,D1,0.8730739769052872,LightGBM__Top15__global__default,Top15,models/644e19e22a6c2779/LightGBM__Top15__global__default__global__all_history.joblib
turbine_2,2026-02-22 19:00:00+00:00,2026-02-23 17:00:00+00:00,22,D1,0.8748417270836352,LightGBM__Top15__global__default,Top15,models/644e19e22a6c2779/LightGBM__Top15__global__default__global__all_history.joblib
turbine_1,2026-02-22 19:00:00+00:00,2026-02-23 18:00:00+00:00,23,D1,0.953935249942242,LightGBM__Top15__global__default,Top15,models/644e19e22a6c2779/LightGBM__Top15__global__default__global__all_history.joblib
turbine_2,2026-02-22 19:00:00+00:00,2026-02-23 18:00:00+00:00,23,D1,0.9551810304705429,LightGBM__Top15__global__default,Top15,models/644e19e22a6c2779/LightGBM__Top15__global__default__global__all_history.joblib
turbine_1,2026-02-22 19:00:00+00:00,2026-02-23 19:00:00+00:00,24,D1,0.9330832949468395,LightGBM__Top15__global__default,Top15,models/644e19e22a6c2779/LightGBM__Top15__global__default__global__all_history.joblib
turbine_2,2026-02-22 19:00:00+00:00,2026-02-23 19:00:00+00:00,24,D1,0.9343290754751404,LightGBM__Top15__global__default,Top15,models/644e19e22a6c2779/LightGBM__Top15__global__default__global__all_history.joblib
turbine_1,2026-02-22 19:00:00+00:00,2026-02-23 20:00:00+00:00,25,D2,0.9174080182151778,LightGBM__Top15__global__default,Top15,models/644e19e22a6c2779/LightGBM__Top15__global__default__global__all_history.joblib
turbine_2,2026-02-22 19:00:00+00:00,2026-02-23 20:00:00+00:00,25,D2,0.91621474488181,LightGBM__Top15__global__default,Top15,models/644e19e22a6c2779/LightGBM__Top15__global__default__global__all_history.joblib
turbine_1,2026-02-22 19:00:00+00:00,2026-02-23 21:00:00+00:00,26,D2,0.8543007413247121,LightGBM__Top15__global__default,Top15,models/644e19e22a6c2779/LightGBM__Top15__global__default__global__all_history.joblib
turbine_2,2026-02-22 19:00:00+00:00,2026-02-23 21:00:00+00:00,26,D2,0.8560684915030601,LightGBM__Top15__global__default,Top15,models/644e19e22a6c2779/LightGBM__Top15__global__default__global__all_history.joblib
turbine_1,2026-02-22 19:00:00+00:00,2026-02-23 22:00:00+00:00,27,D2,0.9060911929664097,LightGBM__Top15__global__default,Top15,models/644e19e22a6c2779/LightGBM__Top15__global__default__global__all_history.joblib
turbine_2,2026-02-22 19:00:00+00:00,2026-02-23 22:00:00+00:00,27,D2,0.8768718860727871,LightGBM__Top15__global__default,Top15,models/644e19e22a6c2779/LightGBM__Top15__global__default__global__all_history.joblib
turbine_1,2026-02-22 19:00:00+00:00,2026-02-23 23:00:00+00:00,28,D2,0.9213091743537901,LightGBM__Top15__global__default,Top15,models/644e19e22a6c2779/LightGBM__Top15__global__default__global__all_history.joblib
turbine_2,2026-02-22 19:00:00+00:00,2026-02-23 23:00:00+00:00,28,D2,0.922554954882091,LightGBM__Top15__global__default,Top15,models/644e19e22a6c2779/LightGBM__Top15__global__default__global__all_history.joblib
turbine_1,2026-02-22 19:00:00+00:00,2026-02-24 00:00:00+00:00,29,D2,0.888656812411372,LightGBM__Top15__global__default,Top15,models/644e19e22a6c2779/LightGBM__Top15__global__default__global__all_history.joblib
turbine_2,2026-02-22 19:00:00+00:00,2026-02-24 00:00:00+00:00,29,D2,0.8904245625897199,LightGBM__Top15__global__default,Top15,models/644e19e22a6c2779/LightGBM__Top15__global__default__global__all_history.joblib
turbine_1,2026-02-22 19:00:00+00:00,2026-02-24 01:00:00+00:00,30,D2,0.8484801794929027,LightGBM__Top15__global__default,Top15,models/644e19e22a6c2779/LightGBM__Top15__global__default__global__all_history.joblib
turbine_2,2026-02-22 19:00:00+00:00,2026-02-24 01:00:00+00:00,30,D2,0.8502479296712506,LightGBM__Top15__global__default,Top15,models/644e19e22a6c2779/LightGBM__Top15__global__default__global__all_history.joblib
turbine_1,2026-02-22 19:00:00+00:00,2026-02-24 02:00:00+00:00,31,D2,0.7477847672390923,LightGBM__Top15__global__default,Top15,models/644e19e22a6c2779/LightGBM__Top15__global__default__global__all_history.joblib
turbine_2,2026-02-22 19:00:00+00:00,2026-02-24 02:00:00+00:00,31,D2,0.7495525174174402,LightGBM__Top15__global__default,Top15,models/644e19e22a6c2779/LightGBM__Top15__global__default__global__all_history.joblib
turbine_1,2026-02-22 19:00:00+00:00,2026-02-24 03:00:00+00:00,32,D2,0.7134865321237339,LightGBM__Top15__global__default,Top15,models/644e19e22a6c2779/LightGBM__Top15__global__default__global__all_history.joblib
turbine_2,2026-02-22 19:00:00+00:00,2026-02-24 03:00:00+00:00,32,D2,0.7152542823020819,LightGBM__Top15__global__default,Top15,models/644e19e22a6c2779/LightGBM__Top15__global__default__global__all_history.joblib
turbine_1,2026-02-22 19:00:00+00:00,2026-02-24 04:00:00+00:00,33,D2,0.6679557661057322,LightGBM__Top15__global__default,Top15,models/644e19e22a6c2779/LightGBM__Top15__global__default__global__all_history.joblib
turbine_2,2026-02-22 19:00:00+00:00,2026-02-24 04:00:00+00:00,33,D2,0.6697235162840801,LightGBM__Top15__global__default,Top15,models/644e19e22a6c2779/LightGBM__Top15__global__default__global__all_history.joblib
turbine_1,2026-02-22 19:00:00+00:00,2026-02-24 05:00:00+00:00,34,D2,0.6336722354761076,LightGBM__Top15__global__default,Top15,models/644e19e22a6c2779/LightGBM__Top15__global__default__global__all_history.joblib
turbine_2,2026-02-22 19:00:00+00:00,2026-02-24 05:00:00+00:00,34,D2,0.6354399856544556,LightGBM__Top15__global__default,Top15,models/644e19e22a6c2779/LightGBM__Top15__global__default__global__all_history.joblib
turbine_1,2026-02-22 19:00:00+00:00,2026-02-24 06:00:00+00:00,35,D2,0.5986695810645166,LightGBM__Top15__global__default,Top15,models/644e19e22a6c2779/LightGBM__Top15__global__default__global__all_history.joblib
turbine_2,2026-02-22 19:00:00+00:00,2026-02-24 06:00:00+00:00,35,D2,0.6008041655464165,LightGBM__Top15__global__default,Top15,models/644e19e22a6c2779/LightGBM__Top15__global__default__global__all_history.joblib
turbine_1,2026-02-22 19:00:00+00:00,2026-02-24 07:00:00+00:00,36,D2,0.4825415419278913,LightGBM__Top15__global__default,Top15,models/644e19e22a6c2779/LightGBM__Top15__global__default__global__all_history.joblib
turbine_2,2026-02-22 19:00:00+00:00,2026-02-24 07:00:00+00:00,36,D2,0.48467612640979146,LightGBM__Top15__global__default,Top15,models/644e19e22a6c2779/LightGBM__Top15__global__default__global__all_history.joblib
turbine_1,2026-02-22 19:00:00+00:00,2026-02-24 08:00:00+00:00,37,D2,0.45833643532072954,LightGBM__Top15__global__default,Top15,models/644e19e22a6c2779/LightGBM__Top15__global__default__global__all_history.joblib
turbine_2,2026-02-22 19:00:00+00:00,2026-02-24 08:00:00+00:00,37,D2,0.4604710198026297,LightGBM__Top15__global__default,Top15,models/644e19e22a6c2779/LightGBM__Top15__global__default__global__all_history.joblib
turbine_1,2026-02-22 19:00:00+00:00,2026-02-24 09:00:00+00:00,38,D2,0.4458418379212721,LightGBM__Top15__global__default,Top15,models/644e19e22a6c2779/LightGBM__Top15__global__default__global__all_history.joblib
turbine_2,2026-02-22 19:00:00+00:00,2026-02-24 09:00:00+00:00,38,D2,0.44780464535379816,LightGBM__Top15__global__default,Top15,models/644e19e22a6c2779/LightGBM__Top15__global__default__global__all_history.joblib
turbine_1,2026-02-22 19:00:00+00:00,2026-02-24 10:00:00+00:00,39,D2,0.42086917185774236,LightGBM__Top15__global__default,Top15,models/644e19e22a6c2779/LightGBM__Top15__global__default__global__all_history.joblib
turbine_2,2026-02-22 19:00:00+00:00,2026-02-24 10:00:00+00:00,39,D2,0.42283197929026844,LightGBM__Top15__global__default,Top15,models/644e19e22a6c2779/LightGBM__Top15__global__default__global__all_history.joblib
turbine_1,2026-02-22 19:00:00+00:00,2026-02-24 11:00:00+00:00,40,D2,0.46187806094579004,LightGBM__Top15__global__default,Top15,models/644e19e22a6c2779/LightGBM__Top15__global__default__global__all_history.joblib
turbine_2,2026-02-22 19:00:00+00:00,2026-02-24 11:00:00+00:00,40,D2,0.4638408683783161,LightGBM__Top15__global__default,Top15,models/644e19e22a6c2779/LightGBM__Top15__global__default__global__all_history.joblib
turbine_1,2026-02-22 19:00:00+00:00,2026-02-24 12:00:00+00:00,41,D2,0.3926852562979208,LightGBM__Top15__global__default,Top15,models/644e19e22a6c2779/LightGBM__Top15__global__default__global__all_history.joblib
turbine_2,2026-02-22 19:00:00+00:00,2026-02-24 12:00:00+00:00,41,D2,0.3912005492099287,LightGBM__Top15__global__default,Top15,models/644e19e22a6c2779/LightGBM__Top15__global__default__global__all_history.joblib
turbine_1,2026-02-22 19:00:00+00:00,2026-02-24 13:00:00+00:00,42,D2,0.29670697142995667,LightGBM__Top15__global__default,Top15,models/644e19e22a6c2779/LightGBM__Top15__global__default__global__all_history.joblib
turbine_2,2026-02-22 19:00:00+00:00,2026-02-24 13:00:00+00:00,42,D2,0.29664061717160095,LightGBM__Top15__global__default,Top15,models/644e19e22a6c2779/LightGBM__Top15__global__default__global__all_history.joblib
turbine_1,2026-02-22 19:00:00+00:00,2026-02-24 14:00:00+00:00,43,D2,0.24348166219236708,LightGBM__Top15__global__default,Top15,models/644e19e22a6c2779/LightGBM__Top15__global__default__global__all_history.joblib
turbine_2,2026-02-22 19:00:00+00:00,2026-02-24 14:00:00+00:00,43,D2,0.22774585285715596,LightGBM__Top15__global__default,Top15,models/644e19e22a6c2779/LightGBM__Top15__global__default__global__all_history.joblib
turbine_1,2026-02-22 19:00:00+00:00,2026-02-24 15:00:00+00:00,44,D2,0.17063559956987703,LightGBM__Top15__global__default,Top15,models/644e19e22a6c2779/LightGBM__Top15__global__default__global__all_history.joblib
turbine_2,2026-02-22 19:00:00+00:00,2026-02-24 15:00:00+00:00,44,D2,0.1705692453115212,LightGBM__Top15__global__default,Top15,models/644e19e22a6c2779/LightGBM__Top15__global__default__global__all_history.joblib
turbine_1,2026-02-22 19:00:00+00:00,2026-02-24 16:00:00+00:00,45,D2,0.10462151699058383,LightGBM__Top15__global__default,Top15,models/644e19e22a6c2779/LightGBM__Top15__global__default__global__all_history.joblib
turbine_2,2026-02-22 19:00:00+00:00,2026-02-24 16:00:00+00:00,45,D2,0.10455516273222801,LightGBM__Top15__global__default,Top15,models/644e19e22a6c2779/LightGBM__Top15__global__default__global__all_history.joblib
turbine_1,2026-02-22 19:00:00+00:00,2026-02-24 17:00:00+00:00,46,D2,0.07079877472852644,LightGBM__Top15__global__default,Top15,models/644e19e22a6c2779/LightGBM__Top15__global__default__global__all_history.joblib
turbine_2,2026-02-22 19:00:00+00:00,2026-02-24 17:00:00+00:00,46,D2,0.070619299025782,LightGBM__Top15__global__default,Top15,models/644e19e22a6c2779/LightGBM__Top15__global__default__global__all_history.joblib
turbine_1,2026-02-22 19:00:00+00:00,2026-02-24 18:00:00+00:00,47,D2,0.01233615939126461,LightGBM__Top15__global__default,Top15,models/644e19e22a6c2779/LightGBM__Top15__global__default__global__all_history.joblib
turbine_2,2026-02-22 19:00:00+00:00,2026-02-24 18:00:00+00:00,47,D2,0.011774662919261924,LightGBM__Top15__global__default,Top15,models/644e19e22a6c2779/LightGBM__Top15__global__default__global__all_history.joblib
turbine_1,2026-02-22 19:00:00+00:00,2026-02-24 19:00:00+00:00,48,D2,0.009803921328801108,LightGBM__Top15__global__default,Top15,models/644e19e22a6c2779/LightGBM__Top15__global__default__global__all_history.joblib
turbine_2,2026-02-22 19:00:00+00:00,2026-02-24 19:00:00+00:00,48,D2,0.009741894642567481,LightGBM__Top15__global__default,Top15,models/644e19e22a6c2779/LightGBM__Top15__global__default__global__all_history.joblib
turbine_1,2026-02-23 19:00:00+00:00,2026-02-23 20:00:00+00:00,1,D1,0.9250333281510694,LightGBM__Top15__global__default,Top15,models/644e19e22a6c2779/LightGBM__Top15__global__default__global__all_history.joblib
turbine_2,2026-02-23 19:00:00+00:00,2026-02-23 20:00:00+00:00,1,D1,0.9232510472171647,LightGBM__Top15__global__default,Top15,models/644e19e22a6c2779/LightGBM__Top15__global__default__global__all_history.joblib
turbine_1,2026-02-23 19:00:00+00:00,2026-02-23 21:00:00+00:00,2,D1,0.9269315926514982,LightGBM__Top15__global__default,Top15,models/644e19e22a6c2779/LightGBM__Top15__global__default__global__all_history.joblib
turbine_2,2026-02-23 19:00:00+00:00,2026-02-23 21:00:00+00:00,2,D1,0.9260023111982453,LightGBM__Top15__global__default,Top15,models/644e19e22a6c2779/LightGBM__Top15__global__default__global__all_history.joblib
turbine_1,2026-02-23 19:00:00+00:00,2026-02-23 22:00:00+00:00,3,D1,0.9102280073236937,LightGBM__Top15__global__default,Top15,models/644e19e22a6c2779/LightGBM__Top15__global__default__global__all_history.joblib
turbine_2,2026-02-23 19:00:00+00:00,2026-02-23 22:00:00+00:00,3,D1,0.9119957575020416,LightGBM__Top15__global__default,Top15,models/644e19e22a6c2779/LightGBM__Top15__global__default__global__all_history.joblib
turbine_1,2026-02-23 19:00:00+00:00,2026-02-23 23:00:00+00:00,4,D1,0.8570229886002517,LightGBM__Top15__global__default,Top15,models/644e19e22a6c2779/LightGBM__Top15__global__default__global__all_history.joblib
turbine_2,2026-02-23 19:00:00+00:00,2026-02-23 23:00:00+00:00,4,D1,0.8587907387785997,LightGBM__Top15__global__default,Top15,models/644e19e22a6c2779/LightGBM__Top15__global__default__global__all_history.joblib
turbine_1,2026-02-23 19:00:00+00:00,2026-02-24 00:00:00+00:00,5,D1,0.7132933947452891,LightGBM__Top15__global__default,Top15,models/644e19e22a6c2779/LightGBM__Top15__global__default__global__all_history.joblib
turbine_2,2026-02-23 19:00:00+00:00,2026-02-24 00:00:00+00:00,5,D1,0.715061144923637,LightGBM__Top15__global__default,Top15,models/644e19e22a6c2779/LightGBM__Top15__global__default__global__all_history.joblib
turbine_1,2026-02-23 19:00:00+00:00,2026-02-24 01:00:00+00:00,6,D1,0.6980120440695166,LightGBM__Top15__global__default,Top15,models/644e19e22a6c2779/LightGBM__Top15__global__default__global__all_history.joblib
turbine_2,2026-02-23 19:00:00+00:00,2026-02-24 01:00:00+00:00,6,D1,0.6997797942478645,LightGBM__Top15__global__default,Top15,models/644e19e22a6c2779/LightGBM__Top15__global__default__global__all_history.joblib
turbine_1,2026-02-23 19:00:00+00:00,2026-02-24 02:00:00+00:00,7,D1,0.6575861290282027,LightGBM__Top15__global__default,Top15,models/644e19e22a6c2779/LightGBM__Top15__global__default__global__all_history.joblib
turbine_2,2026-02-23 19:00:00+00:00,2026-02-24 02:00:00+00:00,7,D1,0.6648783613246491,LightGBM__Top15__global__default,Top15,models/644e19e22a6c2779/LightGBM__Top15__global__default__global__all_history.joblib
turbine_1,2026-02-23 19:00:00+00:00,2026-02-24 03:00:00+00:00,8,D1,0.6371107268127405,LightGBM__Top15__global__default,Top15,models/644e19e22a6c2779/LightGBM__Top15__global__default__global__all_history.joblib
turbine_2,2026-02-23 19:00:00+00:00,2026-02-24 03:00:00+00:00,8,D1,0.6392453112946404,LightGBM__Top15__global__default,Top15,models/644e19e22a6c2779/LightGBM__Top15__global__default__global__all_history.joblib
turbine_1,2026-02-23 19:00:00+00:00,2026-02-24 04:00:00+00:00,9,D1,0.6101740102745076,LightGBM__Top15__global__default,Top15,models/644e19e22a6c2779/LightGBM__Top15__global__default__global__all_history.joblib
turbine_2,2026-02-23 19:00:00+00:00,2026-02-24 04:00:00+00:00,9,D1,0.6123085947564074,LightGBM__Top15__global__default,Top15,models/644e19e22a6c2779/LightGBM__Top15__global__default__global__all_history.joblib
turbine_1,2026-02-23 19:00:00+00:00,2026-02-24 05:00:00+00:00,10,D1,0.5857045550486178,LightGBM__Top15__global__default,Top15,models/644e19e22a6c2779/LightGBM__Top15__global__default__global__all_history.joblib
turbine_2,2026-02-23 19:00:00+00:00,2026-02-24 05:00:00+00:00,10,D1,0.5878391395305177,LightGBM__Top15__global__default,Top15,models/644e19e22a6c2779/LightGBM__Top15__global__default__global__all_history.joblib
turbine_1,2026-02-23 19:00:00+00:00,2026-02-24 06:00:00+00:00,11,D1,0.5206548725501933,LightGBM__Top15__global__default,Top15,models/644e19e22a6c2779/LightGBM__Top15__global__default__global__all_history.joblib
turbine_2,2026-02-23 19:00:00+00:00,2026-02-24 06:00:00+00:00,11,D1,0.5224226227285412,LightGBM__Top15__global__default,Top15,models/644e19e22a6c2779/LightGBM__Top15__global__default__global__all_history.joblib
turbine_1,2026-02-23 19:00:00+00:00,2026-02-24 07:00:00+00:00,12,D1,0.506069472511193,LightGBM__Top15__global__default,Top15,models/644e19e22a6c2779/LightGBM__Top15__global__default__global__all_history.joblib
turbine_2,2026-02-23 19:00:00+00:00,2026-02-24 07:00:00+00:00,12,D1,0.507837222689541,LightGBM__Top15__global__default,Top15,models/644e19e22a6c2779/LightGBM__Top15__global__default__global__all_history.joblib
turbine_1,2026-02-23 19:00:00+00:00,2026-02-24 08:00:00+00:00,13,D1,0.5230057160435942,LightGBM__Top15__global__default,Top15,models/644e19e22a6c2779/LightGBM__Top15__global__default__global__all_history.joblib
turbine_2,2026-02-23 19:00:00+00:00,2026-02-24 08:00:00+00:00,13,D1,0.5247734662219422,LightGBM__Top15__global__default,Top15,models/644e19e22a6c2779/LightGBM__Top15__global__default__global__all_history.joblib
turbine_1,2026-02-23 19:00:00+00:00,2026-02-24 09:00:00+00:00,14,D1,0.5125200488841056,LightGBM__Top15__global__default,Top15,models/644e19e22a6c2779/LightGBM__Top15__global__default__global__all_history.joblib
turbine_2,2026-02-23 19:00:00+00:00,2026-02-24 09:00:00+00:00,14,D1,0.5142877990624536,LightGBM__Top15__global__default,Top15,models/644e19e22a6c2779/LightGBM__Top15__global__default__global__all_history.joblib
turbine_1,2026-02-23 19:00:00+00:00,2026-02-24 10:00:00+00:00,15,D1,0.5517605480232894,LightGBM__Top15__global__default,Top15,models/644e19e22a6c2779/LightGBM__Top15__global__default__global__all_history.joblib
turbine_2,2026-02-23 19:00:00+00:00,2026-02-24 10:00:00+00:00,15,D1,0.5535282982016374,LightGBM__Top15__global__default,Top15,models/644e19e22a6c2779/LightGBM__Top15__global__default__global__all_history.joblib
turbine_1,2026-02-23 19:00:00+00:00,2026-02-24 11:00:00+00:00,16,D1,0.5346888309588858,LightGBM__Top15__global__default,Top15,models/644e19e22a6c2779/LightGBM__Top15__global__default__global__all_history.joblib
turbine_2,2026-02-23 19:00:00+00:00,2026-02-24 11:00:00+00:00,16,D1,0.5366516383914115,LightGBM__Top15__global__default,Top15,models/644e19e22a6c2779/LightGBM__Top15__global__default__global__all_history.joblib
turbine_1,2026-02-23 19:00:00+00:00,2026-02-24 12:00:00+00:00,17,D1,0.29177386398812716,LightGBM__Top15__global__default,Top15,models/644e19e22a6c2779/LightGBM__Top15__global__default__global__all_history.joblib
turbine_2,2026-02-23 19:00:00+00:00,2026-02-24 12:00:00+00:00,17,D1,0.29373667142065324,LightGBM__Top15__global__default,Top15,models/644e19e22a6c2779/LightGBM__Top15__global__default__global__all_history.joblib
turbine_1,2026-02-23 19:00:00+00:00,2026-02-24 13:00:00+00:00,18,D1,0.298176312258549,LightGBM__Top15__global__default,Top15,models/644e19e22a6c2779/LightGBM__Top15__global__default__global__all_history.joblib
turbine_2,2026-02-23 19:00:00+00:00,2026-02-24 13:00:00+00:00,18,D1,0.3001391196910751,LightGBM__Top15__global__default,Top15,models/644e19e22a6c2779/LightGBM__Top15__global__default__global__all_history.joblib
turbine_1,2026-02-23 19:00:00+00:00,2026-02-24 14:00:00+00:00,19,D1,0.26265425391313446,LightGBM__Top15__global__default,Top15,models/644e19e22a6c2779/LightGBM__Top15__global__default__global__all_history.joblib
turbine_2,2026-02-23 19:00:00+00:00,2026-02-24 14:00:00+00:00,19,D1,0.26461706134566054,LightGBM__Top15__global__default,Top15,models/644e19e22a6c2779/LightGBM__Top15__global__default__global__all_history.joblib
turbine_1,2026-02-23 19:00:00+00:00,2026-02-24 15:00:00+00:00,20,D1,0.16211005127203035,LightGBM__Top15__global__default,Top15,models/644e19e22a6c2779/LightGBM__Top15__global__default__global__all_history.joblib
turbine_2,2026-02-23 19:00:00+00:00,2026-02-24 15:00:00+00:00,20,D1,0.16407285870455632,LightGBM__Top15__global__default,Top15,models/644e19e22a6c2779/LightGBM__Top15__global__default__global__all_history.joblib
turbine_1,2026-02-23 19:00:00+00:00,2026-02-24 16:00:00+00:00,21,D1,0.0699686483851597,LightGBM__Top15__global__default,Top15,models/644e19e22a6c2779/LightGBM__Top15__global__default__global__all_history.joblib
turbine_2,2026-02-23 19:00:00+00:00,2026-02-24 16:00:00+00:00,21,D1,0.08051931995263314,LightGBM__Top15__global__default,Top15,models/644e19e22a6c2779/LightGBM__Top15__global__default__global__all_history.joblib
turbine_1,2026-02-23 19:00:00+00:00,2026-02-24 17:00:00+00:00,22,D1,0.04838865148766563,LightGBM__Top15__global__default,Top15,models/644e19e22a6c2779/LightGBM__Top15__global__default__global__all_history.joblib
turbine_2,2026-02-23 19:00:00+00:00,2026-02-24 17:00:00+00:00,22,D1,0.05861293812669753,LightGBM__Top15__global__default,Top15,models/644e19e22a6c2779/LightGBM__Top15__global__default__global__all_history.joblib
turbine_1,2026-02-23 19:00:00+00:00,2026-02-24 18:00:00+00:00,23,D1,0.01211030964049288,LightGBM__Top15__global__default,Top15,models/644e19e22a6c2779/LightGBM__Top15__global__default__global__all_history.joblib
turbine_2,2026-02-23 19:00:00+00:00,2026-02-24 18:00:00+00:00,23,D1,0.011423247114426953,LightGBM__Top15__global__default,Top15,models/644e19e22a6c2779/LightGBM__Top15__global__default__global__all_history.joblib
turbine_1,2026-02-23 19:00:00+00:00,2026-02-24 19:00:00+00:00,24,D1,0.009785603986690546,LightGBM__Top15__global__default,Top15,models/644e19e22a6c2779/LightGBM__Top15__global__default__global__all_history.joblib
turbine_2,2026-02-23 19:00:00+00:00,2026-02-24 19:00:00+00:00,24,D1,0.009723577300456919,LightGBM__Top15__global__default,Top15,models/644e19e22a6c2779/LightGBM__Top15__global__default__global__all_history.joblib
turbine_1,2026-02-23 19:00:00+00:00,2026-02-24 20:00:00+00:00,25,D2,0.009867258110535971,LightGBM__Top15__global__default,Top15,models/644e19e22a6c2779/LightGBM__Top15__global__default__global__all_history.joblib
turbine_2,2026-02-23 19:00:00+00:00,2026-02-24 20:00:00+00:00,25,D2,0.009805231424302344,LightGBM__Top15__global__default,Top15,models/644e19e22a6c2779/LightGBM__Top15__global__default__global__all_history.joblib
turbine_1,2026-02-23 19:00:00+00:00,2026-02-24 21:00:00+00:00,26,D2,0.009664877590237667,LightGBM__Top15__global__default,Top15,models/644e19e22a6c2779/LightGBM__Top15__global__default__global__all_history.joblib
turbine_2,2026-02-23 19:00:00+00:00,2026-02-24 21:00:00+00:00,26,D2,0.019662759896103662,LightGBM__Top15__global__default,Top15,models/644e19e22a6c2779/LightGBM__Top15__global__default__global__all_history.joblib
turbine_1,2026-02-23 19:00:00+00:00,2026-02-24 22:00:00+00:00,27,D2,0.024047381137224294,LightGBM__Top15__global__default,Top15,models/644e19e22a6c2779/LightGBM__Top15__global__default__global__all_history.joblib
turbine_2,2026-02-23 19:00:00+00:00,2026-02-24 22:00:00+00:00,27,D2,0.03316365123940306,LightGBM__Top15__global__default,Top15,models/644e19e22a6c2779/LightGBM__Top15__global__default__global__all_history.joblib
turbine_1,2026-02-23 19:00:00+00:00,2026-02-24 23:00:00+00:00,28,D2,0.058698713774749764,LightGBM__Top15__global__default,Top15,models/644e19e22a6c2779/LightGBM__Top15__global__default__global__all_history.joblib
turbine_2,2026-02-23 19:00:00+00:00,2026-02-24 23:00:00+00:00,28,D2,0.06761992662275082,LightGBM__Top15__global__default,Top15,models/644e19e22a6c2779/LightGBM__Top15__global__default__global__all_history.joblib
turbine_1,2026-02-23 19:00:00+00:00,2026-02-25 00:00:00+00:00,29,D2,0.09022190699094923,LightGBM__Top15__global__default,Top15,models/644e19e22a6c2779/LightGBM__Top15__global__default__global__all_history.joblib
turbine_2,2026-02-23 19:00:00+00:00,2026-02-25 00:00:00+00:00,29,D2,0.10002473204263751,LightGBM__Top15__global__default,Top15,models/644e19e22a6c2779/LightGBM__Top15__global__default__global__all_history.joblib
turbine_1,2026-02-23 19:00:00+00:00,2026-02-25 01:00:00+00:00,30,D2,0.11844962354872253,LightGBM__Top15__global__default,Top15,models/644e19e22a6c2779/LightGBM__Top15__global__default__global__all_history.joblib
turbine_2,2026-02-23 19:00:00+00:00,2026-02-25 01:00:00+00:00,30,D2,0.1267169878281734,LightGBM__Top15__global__default,Top15,models/644e19e22a6c2779/LightGBM__Top15__global__default__global__all_history.joblib
turbine_1,2026-02-23 19:00:00+00:00,2026-02-25 02:00:00+00:00,31,D2,0.12992129837126626,LightGBM__Top15__global__default,Top15,models/644e19e22a6c2779/LightGBM__Top15__global__default__global__all_history.joblib
turbine_2,2026-02-23 19:00:00+00:00,2026-02-25 02:00:00+00:00,31,D2,0.16247217744152612,LightGBM__Top15__global__default,Top15,models/644e19e22a6c2779/LightGBM__Top15__global__default__global__all_history.joblib
turbine_1,2026-02-23 19:00:00+00:00,2026-02-25 03:00:00+00:00,32,D2,0.2989668098753161,LightGBM__Top15__global__default,Top15,models/644e19e22a6c2779/LightGBM__Top15__global__default__global__all_history.joblib
turbine_2,2026-02-23 19:00:00+00:00,2026-02-25 03:00:00+00:00,32,D2,0.3313461597443447,LightGBM__Top15__global__default,Top15,models/644e19e22a6c2779/LightGBM__Top15__global__default__global__all_history.joblib
turbine_1,2026-02-23 19:00:00+00:00,2026-02-25 04:00:00+00:00,33,D2,0.46859966138412484,LightGBM__Top15__global__default,Top15,models/644e19e22a6c2779/LightGBM__Top15__global__default__global__all_history.joblib
turbine_2,2026-02-23 19:00:00+00:00,2026-02-25 04:00:00+00:00,33,D2,0.4683267656339924,LightGBM__Top15__global__default,Top15,models/644e19e22a6c2779/LightGBM__Top15__global__default__global__all_history.joblib
turbine_1,2026-02-23 19:00:00+00:00,2026-02-25 05:00:00+00:00,34,D2,0.5202296358620675,LightGBM__Top15__global__default,Top15,models/644e19e22a6c2779/LightGBM__Top15__global__default__global__all_history.joblib
turbine_2,2026-02-23 19:00:00+00:00,2026-02-25 05:00:00+00:00,34,D2,0.5199567401119347,LightGBM__Top15__global__default,Top15,models/644e19e22a6c2779/LightGBM__Top15__global__default__global__all_history.joblib
turbine_1,2026-02-23 19:00:00+00:00,2026-02-25 06:00:00+00:00,35,D2,0.7710877280061476,LightGBM__Top15__global__default,Top15,models/644e19e22a6c2779/LightGBM__Top15__global__default__global__all_history.joblib
turbine_2,2026-02-23 19:00:00+00:00,2026-02-25 06:00:00+00:00,35,D2,0.7708148322560148,LightGBM__Top15__global__default,Top15,models/644e19e22a6c2779/LightGBM__Top15__global__default__global__all_history.joblib
turbine_1,2026-02-23 19:00:00+00:00,2026-02-25 07:00:00+00:00,36,D2,0.7443998211641504,LightGBM__Top15__global__default,Top15,models/644e19e22a6c2779/LightGBM__Top15__global__default__global__all_history.joblib
turbine_2,2026-02-23 19:00:00+00:00,2026-02-25 07:00:00+00:00,36,D2,0.7885257292702136,LightGBM__Top15__global__default,Top15,models/644e19e22a6c2779/LightGBM__Top15__global__default__global__all_history.joblib
turbine_1,2026-02-23 19:00:00+00:00,2026-02-25 08:00:00+00:00,37,D2,0.7327782806750819,LightGBM__Top15__global__default,Top15,models/644e19e22a6c2779/LightGBM__Top15__global__default__global__all_history.joblib
turbine_2,2026-02-23 19:00:00+00:00,2026-02-25 08:00:00+00:00,37,D2,0.7371493087828733,LightGBM__Top15__global__default,Top15,models/644e19e22a6c2779/LightGBM__Top15__global__default__global__all_history.joblib
turbine_1,2026-02-23 19:00:00+00:00,2026-02-25 09:00:00+00:00,38,D2,0.5258288316319512,LightGBM__Top15__global__default,Top15,models/644e19e22a6c2779/LightGBM__Top15__global__default__global__all_history.joblib
turbine_2,2026-02-23 19:00:00+00:00,2026-02-25 09:00:00+00:00,38,D2,0.5255559358818184,LightGBM__Top15__global__default,Top15,models/644e19e22a6c2779/LightGBM__Top15__global__default__global__all_history.joblib
turbine_1,2026-02-23 19:00:00+00:00,2026-02-25 10:00:00+00:00,39,D2,0.40936282336943247,LightGBM__Top15__global__default,Top15,models/644e19e22a6c2779/LightGBM__Top15__global__default__global__all_history.joblib
turbine_2,2026-02-23 19:00:00+00:00,2026-02-25 10:00:00+00:00,39,D2,0.4090899276193,LightGBM__Top15__global__default,Top15,models/644e19e22a6c2779/LightGBM__Top15__global__default__global__all_history.joblib
turbine_1,2026-02-23 19:00:00+00:00,2026-02-25 11:00:00+00:00,40,D2,0.29909979038359313,LightGBM__Top15__global__default,Top15,models/644e19e22a6c2779/LightGBM__Top15__global__default__global__all_history.joblib
turbine_2,2026-02-23 19:00:00+00:00,2026-02-25 11:00:00+00:00,40,D2,0.2988268946334607,LightGBM__Top15__global__default,Top15,models/644e19e22a6c2779/LightGBM__Top15__global__default__global__all_history.joblib
turbine_1,2026-02-23 19:00:00+00:00,2026-02-25 12:00:00+00:00,41,D2,0.14033684753378153,LightGBM__Top15__global__default,Top15,models/644e19e22a6c2779/LightGBM__Top15__global__default__global__all_history.joblib
turbine_2,2026-02-23 19:00:00+00:00,2026-02-25 12:00:00+00:00,41,D2,0.14950553102411412,LightGBM__Top15__global__default,Top15,models/644e19e22a6c2779/LightGBM__Top15__global__default__global__all_history.joblib
turbine_1,2026-02-23 19:00:00+00:00,2026-02-25 13:00:00+00:00,42,D2,0.18236288167891704,LightGBM__Top15__global__default,Top15,models/644e19e22a6c2779/LightGBM__Top15__global__default__global__all_history.joblib
turbine_2,2026-02-23 19:00:00+00:00,2026-02-25 13:00:00+00:00,42,D2,0.1917217890793475,LightGBM__Top15__global__default,Top15,models/644e19e22a6c2779/LightGBM__Top15__global__default__global__all_history.joblib
turbine_1,2026-02-23 19:00:00+00:00,2026-02-25 14:00:00+00:00,43,D2,0.19697770692963387,LightGBM__Top15__global__default,Top15,models/644e19e22a6c2779/LightGBM__Top15__global__default__global__all_history.joblib
turbine_2,2026-02-23 19:00:00+00:00,2026-02-25 14:00:00+00:00,43,D2,0.20633661433006434,LightGBM__Top15__global__default,Top15,models/644e19e22a6c2779/LightGBM__Top15__global__default__global__all_history.joblib
turbine_1,2026-02-23 19:00:00+00:00,2026-02-25 15:00:00+00:00,44,D2,0.2745771296353684,LightGBM__Top15__global__default,Top15,models/644e19e22a6c2779/LightGBM__Top15__global__default__global__all_history.joblib
turbine_2,2026-02-23 19:00:00+00:00,2026-02-25 15:00:00+00:00,44,D2,0.28018746945653944,LightGBM__Top15__global__default,Top15,models/644e19e22a6c2779/LightGBM__Top15__global__default__global__all_history.joblib
turbine_1,2026-02-23 19:00:00+00:00,2026-02-25 16:00:00+00:00,45,D2,0.7834458199614164,LightGBM__Top15__global__default,Top15,models/644e19e22a6c2779/LightGBM__Top15__global__default__global__all_history.joblib
turbine_2,2026-02-23 19:00:00+00:00,2026-02-25 16:00:00+00:00,45,D2,0.784648266149269,LightGBM__Top15__global__default,Top15,models/644e19e22a6c2779/LightGBM__Top15__global__default__global__all_history.joblib
turbine_1,2026-02-23 19:00:00+00:00,2026-02-25 17:00:00+00:00,46,D2,0.8665522285801355,LightGBM__Top15__global__default,Top15,models/644e19e22a6c2779/LightGBM__Top15__global__default__global__all_history.joblib
turbine_2,2026-02-23 19:00:00+00:00,2026-02-25 17:00:00+00:00,46,D2,0.869043364426334,LightGBM__Top15__global__default,Top15,models/644e19e22a6c2779/LightGBM__Top15__global__default__global__all_history.joblib
turbine_1,2026-02-23 19:00:00+00:00,2026-02-25 18:00:00+00:00,47,D2,0.8219087411415024,LightGBM__Top15__global__default,Top15,models/644e19e22a6c2779/LightGBM__Top15__global__default__global__all_history.joblib
turbine_2,2026-02-23 19:00:00+00:00,2026-02-25 18:00:00+00:00,47,D2,0.8252682761330009,LightGBM__Top15__global__default,Top15,models/644e19e22a6c2779/LightGBM__Top15__global__default__global__all_history.joblib
turbine_1,2026-02-23 19:00:00+00:00,2026-02-25 19:00:00+00:00,48,D2,0.8070215031051959,LightGBM__Top15__global__default,Top15,models/644e19e22a6c2779/LightGBM__Top15__global__default__global__all_history.joblib
turbine_2,2026-02-23 19:00:00+00:00,2026-02-25 19:00:00+00:00,48,D2,0.8058840570416879,LightGBM__Top15__global__default,Top15,models/644e19e22a6c2779/LightGBM__Top15__global__default__global__all_history.joblib
turbine_1,2026-02-24 19:00:00+00:00,2026-02-24 20:00:00+00:00,1,D1,0.009753109892111837,LightGBM__Top15__global__default,Top15,models/644e19e22a6c2779/LightGBM__Top15__global__default__global__all_history.joblib
turbine_2,2026-02-24 19:00:00+00:00,2026-02-24 20:00:00+00:00,1,D1,0.00969108320587821,LightGBM__Top15__global__default,Top15,models/644e19e22a6c2779/LightGBM__Top15__global__default__global__all_history.joblib
turbine_1,2026-02-24 19:00:00+00:00,2026-02-24 21:00:00+00:00,2,D1,0.009832711196826844,LightGBM__Top15__global__default,Top15,models/644e19e22a6c2779/LightGBM__Top15__global__default__global__all_history.joblib
turbine_2,2026-02-24 19:00:00+00:00,2026-02-24 21:00:00+00:00,2,D1,0.009821446383578437,LightGBM__Top15__global__default,Top15,models/644e19e22a6c2779/LightGBM__Top15__global__default__global__all_history.joblib
turbine_1,2026-02-24 19:00:00+00:00,2026-02-24 22:00:00+00:00,3,D1,0.009545883265724489,LightGBM__Top15__global__default,Top15,models/644e19e22a6c2779/LightGBM__Top15__global__default__global__all_history.joblib
turbine_2,2026-02-24 19:00:00+00:00,2026-02-24 22:00:00+00:00,3,D1,0.008858820739658562,LightGBM__Top15__global__default,Top15,models/644e19e22a6c2779/LightGBM__Top15__global__default__global__all_history.joblib
turbine_1,2026-02-24 19:00:00+00:00,2026-02-24 23:00:00+00:00,4,D1,0.016516723254391363,LightGBM__Top15__global__default,Top15,models/644e19e22a6c2779/LightGBM__Top15__global__default__global__all_history.joblib
turbine_2,2026-02-24 19:00:00+00:00,2026-02-24 23:00:00+00:00,4,D1,0.026514605560257355,LightGBM__Top15__global__default,Top15,models/644e19e22a6c2779/LightGBM__Top15__global__default__global__all_history.joblib
turbine_1,2026-02-24 19:00:00+00:00,2026-02-25 00:00:00+00:00,5,D1,0.018641151754251687,LightGBM__Top15__global__default,Top15,models/644e19e22a6c2779/LightGBM__Top15__global__default__global__all_history.joblib
turbine_2,2026-02-24 19:00:00+00:00,2026-02-25 00:00:00+00:00,5,D1,0.028427932502238476,LightGBM__Top15__global__default,Top15,models/644e19e22a6c2779/LightGBM__Top15__global__default__global__all_history.joblib
turbine_1,2026-02-24 19:00:00+00:00,2026-02-25 01:00:00+00:00,6,D1,0.025665062394111843,LightGBM__Top15__global__default,Top15,models/644e19e22a6c2779/LightGBM__Top15__global__default__global__all_history.joblib
turbine_2,2026-02-24 19:00:00+00:00,2026-02-25 01:00:00+00:00,6,D1,0.03571370657296306,LightGBM__Top15__global__default,Top15,models/644e19e22a6c2779/LightGBM__Top15__global__default__global__all_history.joblib
turbine_1,2026-02-24 19:00:00+00:00,2026-02-25 02:00:00+00:00,7,D1,0.07528246926832477,LightGBM__Top15__global__default,Top15,models/644e19e22a6c2779/LightGBM__Top15__global__default__global__all_history.joblib
turbine_2,2026-02-24 19:00:00+00:00,2026-02-25 02:00:00+00:00,7,D1,0.08420368211632584,LightGBM__Top15__global__default,Top15,models/644e19e22a6c2779/LightGBM__Top15__global__default__global__all_history.joblib
turbine_1,2026-02-24 19:00:00+00:00,2026-02-25 03:00:00+00:00,8,D1,0.0856910239806932,LightGBM__Top15__global__default,Top15,models/644e19e22a6c2779/LightGBM__Top15__global__default__global__all_history.joblib
turbine_2,2026-02-24 19:00:00+00:00,2026-02-25 03:00:00+00:00,8,D1,0.10077034605350038,LightGBM__Top15__global__default,Top15,models/644e19e22a6c2779/LightGBM__Top15__global__default__global__all_history.joblib
turbine_1,2026-02-24 19:00:00+00:00,2026-02-25 04:00:00+00:00,9,D1,0.07036139308749717,LightGBM__Top15__global__default,Top15,models/644e19e22a6c2779/LightGBM__Top15__global__default__global__all_history.joblib
turbine_2,2026-02-24 19:00:00+00:00,2026-02-25 04:00:00+00:00,9,D1,0.08230229821219362,LightGBM__Top15__global__default,Top15,models/644e19e22a6c2779/LightGBM__Top15__global__default__global__all_history.joblib
turbine_1,2026-02-24 19:00:00+00:00,2026-02-25 05:00:00+00:00,10,D1,0.037300444173211385,LightGBM__Top15__global__default,Top15,models/644e19e22a6c2779/LightGBM__Top15__global__default__global__all_history.joblib
turbine_2,2026-02-24 19:00:00+00:00,2026-02-25 05:00:00+00:00,10,D1,0.047596558994394196,LightGBM__Top15__global__default,Top15,models/644e19e22a6c2779/LightGBM__Top15__global__default__global__all_history.joblib
turbine_1,2026-02-24 19:00:00+00:00,2026-02-25 06:00:00+00:00,11,D1,0.03531562208637517,LightGBM__Top15__global__default,Top15,models/644e19e22a6c2779/LightGBM__Top15__global__default__global__all_history.joblib
turbine_2,2026-02-24 19:00:00+00:00,2026-02-25 06:00:00+00:00,11,D1,0.0346341189950085,LightGBM__Top15__global__default,Top15,models/644e19e22a6c2779/LightGBM__Top15__global__default__global__all_history.joblib
turbine_1,2026-02-24 19:00:00+00:00,2026-02-25 07:00:00+00:00,12,D1,0.017262131238138464,LightGBM__Top15__global__default,Top15,models/644e19e22a6c2779/LightGBM__Top15__global__default__global__all_history.joblib
turbine_2,2026-02-24 19:00:00+00:00,2026-02-25 07:00:00+00:00,12,D1,0.016580628146771793,LightGBM__Top15__global__default,Top15,models/644e19e22a6c2779/LightGBM__Top15__global__default__global__all_history.joblib
turbine_1,2026-02-24 19:00:00+00:00,2026-02-25 08:00:00+00:00,13,D1,0.03722167917669774,LightGBM__Top15__global__default,Top15,models/644e19e22a6c2779/LightGBM__Top15__global__default__global__all_history.joblib
turbine_2,2026-02-24 19:00:00+00:00,2026-02-25 08:00:00+00:00,13,D1,0.037820460769138635,LightGBM__Top15__global__default,Top15,models/644e19e22a6c2779/LightGBM__Top15__global__default__global__all_history.joblib
turbine_1,2026-02-24 19:00:00+00:00,2026-02-25 09:00:00+00:00,14,D1,0.009916365532899301,LightGBM__Top15__global__default,Top15,models/644e19e22a6c2779/LightGBM__Top15__global__default__global__all_history.joblib
turbine_2,2026-02-24 19:00:00+00:00,2026-02-25 09:00:00+00:00,14,D1,0.010509587690640936,LightGBM__Top15__global__default,Top15,models/644e19e22a6c2779/LightGBM__Top15__global__default__global__all_history.joblib
turbine_1,2026-02-24 19:00:00+00:00,2026-02-25 10:00:00+00:00,15,D1,0.014189035772597568,LightGBM__Top15__global__default,Top15,models/644e19e22a6c2779/LightGBM__Top15__global__default__global__all_history.joblib
turbine_2,2026-02-24 19:00:00+00:00,2026-02-25 10:00:00+00:00,15,D1,0.014928890293568123,LightGBM__Top15__global__default,Top15,models/644e19e22a6c2779/LightGBM__Top15__global__default__global__all_history.joblib
turbine_1,2026-02-24 19:00:00+00:00,2026-02-25 11:00:00+00:00,16,D1,0.033372554456113465,LightGBM__Top15__global__default,Top15,models/644e19e22a6c2779/LightGBM__Top15__global__default__global__all_history.joblib
turbine_2,2026-02-24 19:00:00+00:00,2026-02-25 11:00:00+00:00,16,D1,0.03392057417556914,LightGBM__Top15__global__default,Top15,models/644e19e22a6c2779/LightGBM__Top15__global__default__global__all_history.joblib
turbine_1,2026-02-24 19:00:00+00:00,2026-02-25 12:00:00+00:00,17,D1,0.03475695618315639,LightGBM__Top15__global__default,Top15,models/644e19e22a6c2779/LightGBM__Top15__global__default__global__all_history.joblib
turbine_2,2026-02-24 19:00:00+00:00,2026-02-25 12:00:00+00:00,17,D1,0.04603512317282994,LightGBM__Top15__global__default,Top15,models/644e19e22a6c2779/LightGBM__Top15__global__default__global__all_history.joblib
turbine_1,2026-02-24 19:00:00+00:00,2026-02-25 13:00:00+00:00,18,D1,0.059048336201037534,LightGBM__Top15__global__default,Top15,models/644e19e22a6c2779/LightGBM__Top15__global__default__global__all_history.joblib
turbine_2,2026-02-24 19:00:00+00:00,2026-02-25 13:00:00+00:00,18,D1,0.06103593863995861,LightGBM__Top15__global__default,Top15,models/644e19e22a6c2779/LightGBM__Top15__global__default__global__all_history.joblib
turbine_1,2026-02-24 19:00:00+00:00,2026-02-25 14:00:00+00:00,19,D1,0.03480098469056254,LightGBM__Top15__global__default,Top15,models/644e19e22a6c2779/LightGBM__Top15__global__default__global__all_history.joblib
turbine_2,2026-02-24 19:00:00+00:00,2026-02-25 14:00:00+00:00,19,D1,0.046079151680236095,LightGBM__Top15__global__default,Top15,models/644e19e22a6c2779/LightGBM__Top15__global__default__global__all_history.joblib
turbine_1,2026-02-24 19:00:00+00:00,2026-02-25 15:00:00+00:00,20,D1,0.07020888825902051,LightGBM__Top15__global__default,Top15,models/644e19e22a6c2779/LightGBM__Top15__global__default__global__all_history.joblib
turbine_2,2026-02-24 19:00:00+00:00,2026-02-25 15:00:00+00:00,20,D1,0.07090354034170512,LightGBM__Top15__global__default,Top15,models/644e19e22a6c2779/LightGBM__Top15__global__default__global__all_history.joblib
turbine_1,2026-02-24 19:00:00+00:00,2026-02-25 16:00:00+00:00,21,D1,0.09016686746887893,LightGBM__Top15__global__default,Top15,models/644e19e22a6c2779/LightGBM__Top15__global__default__global__all_history.joblib
turbine_2,2026-02-24 19:00:00+00:00,2026-02-25 16:00:00+00:00,21,D1,0.08983327498464741,LightGBM__Top15__global__default,Top15,models/644e19e22a6c2779/LightGBM__Top15__global__default__global__all_history.joblib
turbine_1,2026-02-24 19:00:00+00:00,2026-02-25 17:00:00+00:00,22,D1,0.2618339937435135,LightGBM__Top15__global__default,Top15,models/644e19e22a6c2779/LightGBM__Top15__global__default__global__all_history.joblib
turbine_2,2026-02-24 19:00:00+00:00,2026-02-25 17:00:00+00:00,22,D1,0.2724780191718315,LightGBM__Top15__global__default,Top15,models/644e19e22a6c2779/LightGBM__Top15__global__default__global__all_history.joblib
turbine_1,2026-02-24 19:00:00+00:00,2026-02-25 18:00:00+00:00,23,D1,0.5048508029120525,LightGBM__Top15__global__default,Top15,models/644e19e22a6c2779/LightGBM__Top15__global__default__global__all_history.joblib
turbine_2,2026-02-24 19:00:00+00:00,2026-02-25 18:00:00+00:00,23,D1,0.5188273637293804,LightGBM__Top15__global__default,Top15,models/644e19e22a6c2779/LightGBM__Top15__global__default__global__all_history.joblib
turbine_1,2026-02-24 19:00:00+00:00,2026-02-25 19:00:00+00:00,24,D1,0.7771193815487325,LightGBM__Top15__global__default,Top15,models/644e19e22a6c2779/LightGBM__Top15__global__default__global__all_history.joblib
turbine_2,2026-02-24 19:00:00+00:00,2026-02-25 19:00:00+00:00,24,D1,0.7973175506226449,LightGBM__Top15__global__default,Top15,models/644e19e22a6c2779/LightGBM__Top15__global__default__global__all_history.joblib
turbine_1,2026-02-24 19:00:00+00:00,2026-02-25 20:00:00+00:00,25,D2,0.7432770089875147,LightGBM__Top15__global__default,Top15,models/644e19e22a6c2779/LightGBM__Top15__global__default__global__all_history.joblib
turbine_2,2026-02-24 19:00:00+00:00,2026-02-25 20:00:00+00:00,25,D2,0.742307041329326,LightGBM__Top15__global__default,Top15,models/644e19e22a6c2779/LightGBM__Top15__global__default__global__all_history.joblib
turbine_1,2026-02-24 19:00:00+00:00,2026-02-25 21:00:00+00:00,26,D2,0.8220840515196429,LightGBM__Top15__global__default,Top15,models/644e19e22a6c2779/LightGBM__Top15__global__default__global__all_history.joblib
turbine_2,2026-02-24 19:00:00+00:00,2026-02-25 21:00:00+00:00,26,D2,0.8210859627926782,LightGBM__Top15__global__default,Top15,models/644e19e22a6c2779/LightGBM__Top15__global__default__global__all_history.joblib
turbine_1,2026-02-24 19:00:00+00:00,2026-02-25 22:00:00+00:00,27,D2,0.7654052877111989,LightGBM__Top15__global__default,Top15,models/644e19e22a6c2779/LightGBM__Top15__global__default__global__all_history.joblib
turbine_2,2026-02-24 19:00:00+00:00,2026-02-25 22:00:00+00:00,27,D2,0.7550326930631778,LightGBM__Top15__global__default,Top15,models/644e19e22a6c2779/LightGBM__Top15__global__default__global__all_history.joblib
turbine_1,2026-02-24 19:00:00+00:00,2026-02-25 23:00:00+00:00,28,D2,0.6803447048224515,LightGBM__Top15__global__default,Top15,models/644e19e22a6c2779/LightGBM__Top15__global__default__global__all_history.joblib
turbine_2,2026-02-24 19:00:00+00:00,2026-02-25 23:00:00+00:00,28,D2,0.6738412205236081,LightGBM__Top15__global__default,Top15,models/644e19e22a6c2779/LightGBM__Top15__global__default__global__all_history.joblib
turbine_1,2026-02-24 19:00:00+00:00,2026-02-26 00:00:00+00:00,29,D2,0.6958135890452833,LightGBM__Top15__global__default,Top15,models/644e19e22a6c2779/LightGBM__Top15__global__default__global__all_history.joblib
turbine_2,2026-02-24 19:00:00+00:00,2026-02-26 00:00:00+00:00,29,D2,0.6993406024421015,LightGBM__Top15__global__default,Top15,models/644e19e22a6c2779/LightGBM__Top15__global__default__global__all_history.joblib
turbine_1,2026-02-24 19:00:00+00:00,2026-02-26 01:00:00+00:00,30,D2,0.8039105863880177,LightGBM__Top15__global__default,Top15,models/644e19e22a6c2779/LightGBM__Top15__global__default__global__all_history.joblib
turbine_2,2026-02-24 19:00:00+00:00,2026-02-26 01:00:00+00:00,30,D2,0.8074375997848359,LightGBM__Top15__global__default,Top15,models/644e19e22a6c2779/LightGBM__Top15__global__default__global__all_history.joblib
turbine_1,2026-02-24 19:00:00+00:00,2026-02-26 02:00:00+00:00,31,D2,0.6618641512380075,LightGBM__Top15__global__default,Top15,models/644e19e22a6c2779/LightGBM__Top15__global__default__global__all_history.joblib
turbine_2,2026-02-24 19:00:00+00:00,2026-02-26 02:00:00+00:00,31,D2,0.6833078291159886,LightGBM__Top15__global__default,Top15,models/644e19e22a6c2779/LightGBM__Top15__global__default__global__all_history.joblib
turbine_1,2026-02-24 19:00:00+00:00,2026-02-26 03:00:00+00:00,32,D2,0.7648459936698803,LightGBM__Top15__global__default,Top15,models/644e19e22a6c2779/LightGBM__Top15__global__default__global__all_history.joblib
turbine_2,2026-02-24 19:00:00+00:00,2026-02-26 03:00:00+00:00,32,D2,0.7678510374166513,LightGBM__Top15__global__default,Top15,models/644e19e22a6c2779/LightGBM__Top15__global__default__global__all_history.joblib
turbine_1,2026-02-24 19:00:00+00:00,2026-02-26 04:00:00+00:00,33,D2,0.4331127211116132,LightGBM__Top15__global__default,Top15,models/644e19e22a6c2779/LightGBM__Top15__global__default__global__all_history.joblib
turbine_2,2026-02-24 19:00:00+00:00,2026-02-26 04:00:00+00:00,33,D2,0.4444577188490763,LightGBM__Top15__global__default,Top15,models/644e19e22a6c2779/LightGBM__Top15__global__default__global__all_history.joblib
turbine_1,2026-02-24 19:00:00+00:00,2026-02-26 05:00:00+00:00,34,D2,0.23163729401200375,LightGBM__Top15__global__default,Top15,models/644e19e22a6c2779/LightGBM__Top15__global__default__global__all_history.joblib
turbine_2,2026-02-24 19:00:00+00:00,2026-02-26 05:00:00+00:00,34,D2,0.2315318766671908,LightGBM__Top15__global__default,Top15,models/644e19e22a6c2779/LightGBM__Top15__global__default__global__all_history.joblib
turbine_1,2026-02-24 19:00:00+00:00,2026-02-26 06:00:00+00:00,35,D2,0.5487824074291668,LightGBM__Top15__global__default,Top15,models/644e19e22a6c2779/LightGBM__Top15__global__default__global__all_history.joblib
turbine_2,2026-02-24 19:00:00+00:00,2026-02-26 06:00:00+00:00,35,D2,0.5560994992870697,LightGBM__Top15__global__default,Top15,models/644e19e22a6c2779/LightGBM__Top15__global__default__global__all_history.joblib
turbine_1,2026-02-24 19:00:00+00:00,2026-02-26 07:00:00+00:00,36,D2,0.2854342226987345,LightGBM__Top15__global__default,Top15,models/644e19e22a6c2779/LightGBM__Top15__global__default__global__all_history.joblib
turbine_2,2026-02-24 19:00:00+00:00,2026-02-26 07:00:00+00:00,36,D2,0.282581204854407,LightGBM__Top15__global__default,Top15,models/644e19e22a6c2779/LightGBM__Top15__global__default__global__all_history.joblib
turbine_1,2026-02-24 19:00:00+00:00,2026-02-26 08:00:00+00:00,37,D2,0.33454616931620923,LightGBM__Top15__global__default,Top15,models/644e19e22a6c2779/LightGBM__Top15__global__default__global__all_history.joblib
turbine_2,2026-02-24 19:00:00+00:00,2026-02-26 08:00:00+00:00,37,D2,0.3873157067410908,LightGBM__Top15__global__default,Top15,models/644e19e22a6c2779/LightGBM__Top15__global__default__global__all_history.joblib
turbine_1,2026-02-24 19:00:00+00:00,2026-02-26 09:00:00+00:00,38,D2,0.43675802244909256,LightGBM__Top15__global__default,Top15,models/644e19e22a6c2779/LightGBM__Top15__global__default__global__all_history.joblib
turbine_2,2026-02-24 19:00:00+00:00,2026-02-26 09:00:00+00:00,38,D2,0.4833374827692994,LightGBM__Top15__global__default,Top15,models/644e19e22a6c2779/LightGBM__Top15__global__default__global__all_history.joblib
turbine_1,2026-02-24 19:00:00+00:00,2026-02-26 10:00:00+00:00,39,D2,0.49123256582539976,LightGBM__Top15__global__default,Top15,models/644e19e22a6c2779/LightGBM__Top15__global__default__global__all_history.joblib
turbine_2,2026-02-24 19:00:00+00:00,2026-02-26 10:00:00+00:00,39,D2,0.4966327467453793,LightGBM__Top15__global__default,Top15,models/644e19e22a6c2779/LightGBM__Top15__global__default__global__all_history.joblib
turbine_1,2026-02-24 19:00:00+00:00,2026-02-26 11:00:00+00:00,40,D2,0.4544864704700326,LightGBM__Top15__global__default,Top15,models/644e19e22a6c2779/LightGBM__Top15__global__default__global__all_history.joblib
turbine_2,2026-02-24 19:00:00+00:00,2026-02-26 11:00:00+00:00,40,D2,0.4577295625863662,LightGBM__Top15__global__default,Top15,models/644e19e22a6c2779/LightGBM__Top15__global__default__global__all_history.joblib
turbine_1,2026-02-24 19:00:00+00:00,2026-02-26 12:00:00+00:00,41,D2,0.5468345751363238,LightGBM__Top15__global__default,Top15,models/644e19e22a6c2779/LightGBM__Top15__global__default__global__all_history.joblib
turbine_2,2026-02-24 19:00:00+00:00,2026-02-26 12:00:00+00:00,41,D2,0.5500776672526572,LightGBM__Top15__global__default,Top15,models/644e19e22a6c2779/LightGBM__Top15__global__default__global__all_history.joblib
turbine_1,2026-02-24 19:00:00+00:00,2026-02-26 13:00:00+00:00,42,D2,0.5434004376231856,LightGBM__Top15__global__default,Top15,models/644e19e22a6c2779/LightGBM__Top15__global__default__global__all_history.joblib
turbine_2,2026-02-24 19:00:00+00:00,2026-02-26 13:00:00+00:00,42,D2,0.5466435297395189,LightGBM__Top15__global__default,Top15,models/644e19e22a6c2779/LightGBM__Top15__global__default__global__all_history.joblib
turbine_1,2026-02-24 19:00:00+00:00,2026-02-26 14:00:00+00:00,43,D2,0.5618310892215662,LightGBM__Top15__global__default,Top15,models/644e19e22a6c2779/LightGBM__Top15__global__default__global__all_history.joblib
turbine_2,2026-02-24 19:00:00+00:00,2026-02-26 14:00:00+00:00,43,D2,0.5665609822978704,LightGBM__Top15__global__default,Top15,models/644e19e22a6c2779/LightGBM__Top15__global__default__global__all_history.joblib
turbine_1,2026-02-24 19:00:00+00:00,2026-02-26 15:00:00+00:00,44,D2,0.8086584610422807,LightGBM__Top15__global__default,Top15,models/644e19e22a6c2779/LightGBM__Top15__global__default__global__all_history.joblib
turbine_2,2026-02-24 19:00:00+00:00,2026-02-26 15:00:00+00:00,44,D2,0.811901553158614,LightGBM__Top15__global__default,Top15,models/644e19e22a6c2779/LightGBM__Top15__global__default__global__all_history.joblib
turbine_1,2026-02-24 19:00:00+00:00,2026-02-26 16:00:00+00:00,45,D2,0.8770522783551458,LightGBM__Top15__global__default,Top15,models/644e19e22a6c2779/LightGBM__Top15__global__default__global__all_history.joblib
turbine_2,2026-02-24 19:00:00+00:00,2026-02-26 16:00:00+00:00,45,D2,0.8768075684481171,LightGBM__Top15__global__default,Top15,models/644e19e22a6c2779/LightGBM__Top15__global__default__global__all_history.joblib
turbine_1,2026-02-24 19:00:00+00:00,2026-02-26 17:00:00+00:00,46,D2,0.7760845883143684,LightGBM__Top15__global__default,Top15,models/644e19e22a6c2779/LightGBM__Top15__global__default__global__all_history.joblib
turbine_2,2026-02-24 19:00:00+00:00,2026-02-26 17:00:00+00:00,46,D2,0.7793276804307018,LightGBM__Top15__global__default,Top15,models/644e19e22a6c2779/LightGBM__Top15__global__default__global__all_history.joblib
turbine_1,2026-02-24 19:00:00+00:00,2026-02-26 18:00:00+00:00,47,D2,0.7999020090949854,LightGBM__Top15__global__default,Top15,models/644e19e22a6c2779/LightGBM__Top15__global__default__global__all_history.joblib
turbine_2,2026-02-24 19:00:00+00:00,2026-02-26 18:00:00+00:00,47,D2,0.8031451012113188,LightGBM__Top15__global__default,Top15,models/644e19e22a6c2779/LightGBM__Top15__global__default__global__all_history.joblib
turbine_1,2026-02-24 19:00:00+00:00,2026-02-26 19:00:00+00:00,48,D2,0.8433393179293197,LightGBM__Top15__global__default,Top15,models/644e19e22a6c2779/LightGBM__Top15__global__default__global__all_history.joblib
turbine_2,2026-02-24 19:00:00+00:00,2026-02-26 19:00:00+00:00,48,D2,0.8428281221199757,LightGBM__Top15__global__default,Top15,models/644e19e22a6c2779/LightGBM__Top15__global__default__global__all_history.joblib
turbine_1,2026-02-25 19:00:00+00:00,2026-02-25 20:00:00+00:00,1,D1,0.7890509262873568,LightGBM__Top15__global__default,Top15,models/644e19e22a6c2779/LightGBM__Top15__global__default__global__all_history.joblib
turbine_2,2026-02-25 19:00:00+00:00,2026-02-25 20:00:00+00:00,1,D1,0.8030274871046847,LightGBM__Top15__global__default,Top15,models/644e19e22a6c2779/LightGBM__Top15__global__default__global__all_history.joblib
turbine_1,2026-02-25 19:00:00+00:00,2026-02-25 21:00:00+00:00,2,D1,0.7986529625648446,LightGBM__Top15__global__default,Top15,models/644e19e22a6c2779/LightGBM__Top15__global__default__global__all_history.joblib
turbine_2,2026-02-25 19:00:00+00:00,2026-02-25 21:00:00+00:00,2,D1,0.8126295233821725,LightGBM__Top15__global__default,Top15,models/644e19e22a6c2779/LightGBM__Top15__global__default__global__all_history.joblib
turbine_1,2026-02-25 19:00:00+00:00,2026-02-25 22:00:00+00:00,3,D1,0.7283981089559708,LightGBM__Top15__global__default,Top15,models/644e19e22a6c2779/LightGBM__Top15__global__default__global__all_history.joblib
turbine_2,2026-02-25 19:00:00+00:00,2026-02-25 22:00:00+00:00,3,D1,0.728437320329427,LightGBM__Top15__global__default,Top15,models/644e19e22a6c2779/LightGBM__Top15__global__default__global__all_history.joblib
turbine_1,2026-02-25 19:00:00+00:00,2026-02-25 23:00:00+00:00,4,D1,0.8093533515172792,LightGBM__Top15__global__default,Top15,models/644e19e22a6c2779/LightGBM__Top15__global__default__global__all_history.joblib
turbine_2,2026-02-25 19:00:00+00:00,2026-02-25 23:00:00+00:00,4,D1,0.8128803649140973,LightGBM__Top15__global__default,Top15,models/644e19e22a6c2779/LightGBM__Top15__global__default__global__all_history.joblib
turbine_1,2026-02-25 19:00:00+00:00,2026-02-26 00:00:00+00:00,5,D1,0.7830668565334821,LightGBM__Top15__global__default,Top15,models/644e19e22a6c2779/LightGBM__Top15__global__default__global__all_history.joblib
turbine_2,2026-02-25 19:00:00+00:00,2026-02-26 00:00:00+00:00,5,D1,0.7831060679069383,LightGBM__Top15__global__default,Top15,models/644e19e22a6c2779/LightGBM__Top15__global__default__global__all_history.joblib
turbine_1,2026-02-25 19:00:00+00:00,2026-02-26 01:00:00+00:00,6,D1,0.6112703907684679,LightGBM__Top15__global__default,Top15,models/644e19e22a6c2779/LightGBM__Top15__global__default__global__all_history.joblib
turbine_2,2026-02-25 19:00:00+00:00,2026-02-26 01:00:00+00:00,6,D1,0.614797404165286,LightGBM__Top15__global__default,Top15,models/644e19e22a6c2779/LightGBM__Top15__global__default__global__all_history.joblib
turbine_1,2026-02-25 19:00:00+00:00,2026-02-26 02:00:00+00:00,7,D1,0.5895395044058032,LightGBM__Top15__global__default,Top15,models/644e19e22a6c2779/LightGBM__Top15__global__default__global__all_history.joblib
turbine_2,2026-02-25 19:00:00+00:00,2026-02-26 02:00:00+00:00,7,D1,0.5909094289989754,LightGBM__Top15__global__default,Top15,models/644e19e22a6c2779/LightGBM__Top15__global__default__global__all_history.joblib
turbine_1,2026-02-25 19:00:00+00:00,2026-02-26 03:00:00+00:00,8,D1,0.39026321879696496,LightGBM__Top15__global__default,Top15,models/644e19e22a6c2779/LightGBM__Top15__global__default__global__all_history.joblib
turbine_2,2026-02-25 19:00:00+00:00,2026-02-26 03:00:00+00:00,8,D1,0.3916331433901374,LightGBM__Top15__global__default,Top15,models/644e19e22a6c2779/LightGBM__Top15__global__default__global__all_history.joblib
turbine_1,2026-02-25 19:00:00+00:00,2026-02-26 04:00:00+00:00,9,D1,0.05974863273561219,LightGBM__Top15__global__default,Top15,models/644e19e22a6c2779/LightGBM__Top15__global__default__global__all_history.joblib
turbine_2,2026-02-25 19:00:00+00:00,2026-02-26 04:00:00+00:00,9,D1,0.07374462965235512,LightGBM__Top15__global__default,Top15,models/644e19e22a6c2779/LightGBM__Top15__global__default__global__all_history.joblib
turbine_1,2026-02-25 19:00:00+00:00,2026-02-26 05:00:00+00:00,10,D1,0.29805361475851194,LightGBM__Top15__global__default,Top15,models/644e19e22a6c2779/LightGBM__Top15__global__default__global__all_history.joblib
turbine_2,2026-02-25 19:00:00+00:00,2026-02-26 05:00:00+00:00,10,D1,0.2979481974136991,LightGBM__Top15__global__default,Top15,models/644e19e22a6c2779/LightGBM__Top15__global__default__global__all_history.joblib
turbine_1,2026-02-25 19:00:00+00:00,2026-02-26 06:00:00+00:00,11,D1,0.43740758328362134,LightGBM__Top15__global__default,Top15,models/644e19e22a6c2779/LightGBM__Top15__global__default__global__all_history.joblib
turbine_2,2026-02-25 19:00:00+00:00,2026-02-26 06:00:00+00:00,11,D1,0.4256842546475632,LightGBM__Top15__global__default,Top15,models/644e19e22a6c2779/LightGBM__Top15__global__default__global__all_history.joblib
turbine_1,2026-02-25 19:00:00+00:00,2026-02-26 07:00:00+00:00,12,D1,0.5495654878168112,LightGBM__Top15__global__default,Top15,models/644e19e22a6c2779/LightGBM__Top15__global__default__global__all_history.joblib
turbine_2,2026-02-25 19:00:00+00:00,2026-02-26 07:00:00+00:00,12,D1,0.5513332379951592,LightGBM__Top15__global__default,Top15,models/644e19e22a6c2779/LightGBM__Top15__global__default__global__all_history.joblib
turbine_1,2026-02-25 19:00:00+00:00,2026-02-26 08:00:00+00:00,13,D1,0.4174516199953907,LightGBM__Top15__global__default,Top15,models/644e19e22a6c2779/LightGBM__Top15__global__default__global__all_history.joblib
turbine_2,2026-02-25 19:00:00+00:00,2026-02-26 08:00:00+00:00,13,D1,0.41921937017373906,LightGBM__Top15__global__default,Top15,models/644e19e22a6c2779/LightGBM__Top15__global__default__global__all_history.joblib
turbine_1,2026-02-25 19:00:00+00:00,2026-02-26 09:00:00+00:00,14,D1,0.3085846029971683,LightGBM__Top15__global__default,Top15,models/644e19e22a6c2779/LightGBM__Top15__global__default__global__all_history.joblib
turbine_2,2026-02-25 19:00:00+00:00,2026-02-26 09:00:00+00:00,14,D1,0.3119441379886671,LightGBM__Top15__global__default,Top15,models/644e19e22a6c2779/LightGBM__Top15__global__default__global__all_history.joblib
turbine_1,2026-02-25 19:00:00+00:00,2026-02-26 10:00:00+00:00,15,D1,0.4216533267589389,LightGBM__Top15__global__default,Top15,models/644e19e22a6c2779/LightGBM__Top15__global__default__global__all_history.joblib
turbine_2,2026-02-25 19:00:00+00:00,2026-02-26 10:00:00+00:00,15,D1,0.4248964188752725,LightGBM__Top15__global__default,Top15,models/644e19e22a6c2779/LightGBM__Top15__global__default__global__all_history.joblib
turbine_1,2026-02-25 19:00:00+00:00,2026-02-26 11:00:00+00:00,16,D1,0.6728868020880368,LightGBM__Top15__global__default,Top15,models/644e19e22a6c2779/LightGBM__Top15__global__default__global__all_history.joblib
turbine_2,2026-02-25 19:00:00+00:00,2026-02-26 11:00:00+00:00,16,D1,0.6761298942043701,LightGBM__Top15__global__default,Top15,models/644e19e22a6c2779/LightGBM__Top15__global__default__global__all_history.joblib
turbine_1,2026-02-25 19:00:00+00:00,2026-02-26 12:00:00+00:00,17,D1,0.8120165408395505,LightGBM__Top15__global__default,Top15,models/644e19e22a6c2779/LightGBM__Top15__global__default__global__all_history.joblib
turbine_2,2026-02-25 19:00:00+00:00,2026-02-26 12:00:00+00:00,17,D1,0.8152596329558839,LightGBM__Top15__global__default,Top15,models/644e19e22a6c2779/LightGBM__Top15__global__default__global__all_history.joblib
turbine_1,2026-02-25 19:00:00+00:00,2026-02-26 13:00:00+00:00,18,D1,0.7991719827862545,LightGBM__Top15__global__default,Top15,models/644e19e22a6c2779/LightGBM__Top15__global__default__global__all_history.joblib
turbine_2,2026-02-25 19:00:00+00:00,2026-02-26 13:00:00+00:00,18,D1,0.8024150749025878,LightGBM__Top15__global__default,Top15,models/644e19e22a6c2779/LightGBM__Top15__global__default__global__all_history.joblib
turbine_1,2026-02-25 19:00:00+00:00,2026-02-26 14:00:00+00:00,19,D1,0.7621856421104812,LightGBM__Top15__global__default,Top15,models/644e19e22a6c2779/LightGBM__Top15__global__default__global__all_history.joblib
turbine_2,2026-02-25 19:00:00+00:00,2026-02-26 14:00:00+00:00,19,D1,0.7654287342268146,LightGBM__Top15__global__default,Top15,models/644e19e22a6c2779/LightGBM__Top15__global__default__global__all_history.joblib
turbine_1,2026-02-25 19:00:00+00:00,2026-02-26 15:00:00+00:00,20,D1,0.7678692815427978,LightGBM__Top15__global__default,Top15,models/644e19e22a6c2779/LightGBM__Top15__global__default__global__all_history.joblib
turbine_2,2026-02-25 19:00:00+00:00,2026-02-26 15:00:00+00:00,20,D1,0.7711123736591311,LightGBM__Top15__global__default,Top15,models/644e19e22a6c2779/LightGBM__Top15__global__default__global__all_history.joblib
turbine_1,2026-02-25 19:00:00+00:00,2026-02-26 16:00:00+00:00,21,D1,0.7599410697866652,LightGBM__Top15__global__default,Top15,models/644e19e22a6c2779/LightGBM__Top15__global__default__global__all_history.joblib
turbine_2,2026-02-25 19:00:00+00:00,2026-02-26 16:00:00+00:00,21,D1,0.7631841619029985,LightGBM__Top15__global__default,Top15,models/644e19e22a6c2779/LightGBM__Top15__global__default__global__all_history.joblib
turbine_1,2026-02-25 19:00:00+00:00,2026-02-26 17:00:00+00:00,22,D1,0.8009667734931744,LightGBM__Top15__global__default,Top15,models/644e19e22a6c2779/LightGBM__Top15__global__default__global__all_history.joblib
turbine_2,2026-02-25 19:00:00+00:00,2026-02-26 17:00:00+00:00,22,D1,0.8042098656095077,LightGBM__Top15__global__default,Top15,models/644e19e22a6c2779/LightGBM__Top15__global__default__global__all_history.joblib
turbine_1,2026-02-25 19:00:00+00:00,2026-02-26 18:00:00+00:00,23,D1,0.8102807633531629,LightGBM__Top15__global__default,Top15,models/644e19e22a6c2779/LightGBM__Top15__global__default__global__all_history.joblib
turbine_2,2026-02-25 19:00:00+00:00,2026-02-26 18:00:00+00:00,23,D1,0.8114832095410155,LightGBM__Top15__global__default,Top15,models/644e19e22a6c2779/LightGBM__Top15__global__default__global__all_history.joblib
turbine_1,2026-02-25 19:00:00+00:00,2026-02-26 19:00:00+00:00,24,D1,0.7921473059932116,LightGBM__Top15__global__default,Top15,models/644e19e22a6c2779/LightGBM__Top15__global__default__global__all_history.joblib
turbine_2,2026-02-25 19:00:00+00:00,2026-02-26 19:00:00+00:00,24,D1,0.7921580798339146,LightGBM__Top15__global__default,Top15,models/644e19e22a6c2779/LightGBM__Top15__global__default__global__all_history.joblib
turbine_1,2026-02-25 19:00:00+00:00,2026-02-26 20:00:00+00:00,25,D2,0.8833547372093324,LightGBM__Top15__global__default,Top15,models/644e19e22a6c2779/LightGBM__Top15__global__default__global__all_history.joblib
turbine_2,2026-02-25 19:00:00+00:00,2026-02-26 20:00:00+00:00,25,D2,0.8828435413999884,LightGBM__Top15__global__default,Top15,models/644e19e22a6c2779/LightGBM__Top15__global__default__global__all_history.joblib
turbine_1,2026-02-25 19:00:00+00:00,2026-02-26 21:00:00+00:00,26,D2,0.8995060116959045,LightGBM__Top15__global__default,Top15,models/644e19e22a6c2779/LightGBM__Top15__global__default__global__all_history.joblib
turbine_2,2026-02-25 19:00:00+00:00,2026-02-26 21:00:00+00:00,26,D2,0.8999045761490843,LightGBM__Top15__global__default,Top15,models/644e19e22a6c2779/LightGBM__Top15__global__default__global__all_history.joblib
turbine_1,2026-02-25 19:00:00+00:00,2026-02-26 22:00:00+00:00,27,D2,0.8996854735370814,LightGBM__Top15__global__default,Top15,models/644e19e22a6c2779/LightGBM__Top15__global__default__global__all_history.joblib
turbine_2,2026-02-25 19:00:00+00:00,2026-02-26 22:00:00+00:00,27,D2,0.9035718400136231,LightGBM__Top15__global__default,Top15,models/644e19e22a6c2779/LightGBM__Top15__global__default__global__all_history.joblib
turbine_1,2026-02-25 19:00:00+00:00,2026-02-26 23:00:00+00:00,28,D2,0.8603786501245273,LightGBM__Top15__global__default,Top15,models/644e19e22a6c2779/LightGBM__Top15__global__default__global__all_history.joblib
turbine_2,2026-02-25 19:00:00+00:00,2026-02-26 23:00:00+00:00,28,D2,0.8603894239652303,LightGBM__Top15__global__default,Top15,models/644e19e22a6c2779/LightGBM__Top15__global__default__global__all_history.joblib
turbine_1,2026-02-25 19:00:00+00:00,2026-02-27 00:00:00+00:00,29,D2,0.697462632889194,LightGBM__Top15__global__default,Top15,models/644e19e22a6c2779/LightGBM__Top15__global__default__global__all_history.joblib
turbine_2,2026-02-25 19:00:00+00:00,2026-02-27 00:00:00+00:00,29,D2,0.7013489993657357,LightGBM__Top15__global__default,Top15,models/644e19e22a6c2779/LightGBM__Top15__global__default__global__all_history.joblib
turbine_1,2026-02-25 19:00:00+00:00,2026-02-27 01:00:00+00:00,30,D2,0.5932170591515418,LightGBM__Top15__global__default,Top15,models/644e19e22a6c2779/LightGBM__Top15__global__default__global__all_history.joblib
turbine_2,2026-02-25 19:00:00+00:00,2026-02-27 01:00:00+00:00,30,D2,0.5971034256280835,LightGBM__Top15__global__default,Top15,models/644e19e22a6c2779/LightGBM__Top15__global__default__global__all_history.joblib
turbine_1,2026-02-25 19:00:00+00:00,2026-02-27 02:00:00+00:00,31,D2,0.4785272437034493,LightGBM__Top15__global__default,Top15,models/644e19e22a6c2779/LightGBM__Top15__global__default__global__all_history.joblib
turbine_2,2026-02-25 19:00:00+00:00,2026-02-27 02:00:00+00:00,31,D2,0.4824136101799913,LightGBM__Top15__global__default,Top15,models/644e19e22a6c2779/LightGBM__Top15__global__default__global__all_history.joblib
turbine_1,2026-02-25 19:00:00+00:00,2026-02-27 03:00:00+00:00,32,D2,0.3927388473313323,LightGBM__Top15__global__default,Top15,models/644e19e22a6c2779/LightGBM__Top15__global__default__global__all_history.joblib
turbine_2,2026-02-25 19:00:00+00:00,2026-02-27 03:00:00+00:00,32,D2,0.3966252138078743,LightGBM__Top15__global__default,Top15,models/644e19e22a6c2779/LightGBM__Top15__global__default__global__all_history.joblib
turbine_1,2026-02-25 19:00:00+00:00,2026-02-27 04:00:00+00:00,33,D2,0.2561166825761975,LightGBM__Top15__global__default,Top15,models/644e19e22a6c2779/LightGBM__Top15__global__default__global__all_history.joblib
turbine_2,2026-02-25 19:00:00+00:00,2026-02-27 04:00:00+00:00,33,D2,0.2600030490527395,LightGBM__Top15__global__default,Top15,models/644e19e22a6c2779/LightGBM__Top15__global__default__global__all_history.joblib
turbine_1,2026-02-25 19:00:00+00:00,2026-02-27 05:00:00+00:00,34,D2,0.18549601464398177,LightGBM__Top15__global__default,Top15,models/644e19e22a6c2779/LightGBM__Top15__global__default__global__all_history.joblib
turbine_2,2026-02-25 19:00:00+00:00,2026-02-27 05:00:00+00:00,34,D2,0.185506788484685,LightGBM__Top15__global__default,Top15,models/644e19e22a6c2779/LightGBM__Top15__global__default__global__all_history.joblib
turbine_1,2026-02-25 19:00:00+00:00,2026-02-27 06:00:00+00:00,35,D2,0.20576572198212126,LightGBM__Top15__global__default,Top15,models/644e19e22a6c2779/LightGBM__Top15__global__default__global__all_history.joblib
turbine_2,2026-02-25 19:00:00+00:00,2026-02-27 06:00:00+00:00,35,D2,0.20965208845866323,LightGBM__Top15__global__default,Top15,models/644e19e22a6c2779/LightGBM__Top15__global__default__global__all_history.joblib
turbine_1,2026-02-25 19:00:00+00:00,2026-02-27 07:00:00+00:00,36,D2,0.24943644880794444,LightGBM__Top15__global__default,Top15,models/644e19e22a6c2779/LightGBM__Top15__global__default__global__all_history.joblib
turbine_2,2026-02-25 19:00:00+00:00,2026-02-27 07:00:00+00:00,36,D2,0.2533228152844864,LightGBM__Top15__global__default,Top15,models/644e19e22a6c2779/LightGBM__Top15__global__default__global__all_history.joblib
turbine_1,2026-02-25 19:00:00+00:00,2026-02-27 08:00:00+00:00,37,D2,0.399949672896387,LightGBM__Top15__global__default,Top15,models/644e19e22a6c2779/LightGBM__Top15__global__default__global__all_history.joblib
turbine_2,2026-02-25 19:00:00+00:00,2026-02-27 08:00:00+00:00,37,D2,0.4063842784674928,LightGBM__Top15__global__default,Top15,models/644e19e22a6c2779/LightGBM__Top15__global__default__global__all_history.joblib
turbine_1,2026-02-25 19:00:00+00:00,2026-02-27 09:00:00+00:00,38,D2,0.5490790191277969,LightGBM__Top15__global__default,Top15,models/644e19e22a6c2779/LightGBM__Top15__global__default__global__all_history.joblib
turbine_2,2026-02-25 19:00:00+00:00,2026-02-27 09:00:00+00:00,38,D2,0.5529653856043386,LightGBM__Top15__global__default,Top15,models/644e19e22a6c2779/LightGBM__Top15__global__default__global__all_history.joblib
turbine_1,2026-02-25 19:00:00+00:00,2026-02-27 10:00:00+00:00,39,D2,0.7368109927036838,LightGBM__Top15__global__default,Top15,models/644e19e22a6c2779/LightGBM__Top15__global__default__global__all_history.joblib
turbine_2,2026-02-25 19:00:00+00:00,2026-02-27 10:00:00+00:00,39,D2,0.7406973591802255,LightGBM__Top15__global__default,Top15,models/644e19e22a6c2779/LightGBM__Top15__global__default__global__all_history.joblib
turbine_1,2026-02-25 19:00:00+00:00,2026-02-27 11:00:00+00:00,40,D2,0.8312892286937612,LightGBM__Top15__global__default,Top15,models/644e19e22a6c2779/LightGBM__Top15__global__default__global__all_history.joblib
turbine_2,2026-02-25 19:00:00+00:00,2026-02-27 11:00:00+00:00,40,D2,0.8313000025344642,LightGBM__Top15__global__default,Top15,models/644e19e22a6c2779/LightGBM__Top15__global__default__global__all_history.joblib
turbine_1,2026-02-25 19:00:00+00:00,2026-02-27 12:00:00+00:00,41,D2,0.8242081587211767,LightGBM__Top15__global__default,Top15,models/644e19e22a6c2779/LightGBM__Top15__global__default__global__all_history.joblib
turbine_2,2026-02-25 19:00:00+00:00,2026-02-27 12:00:00+00:00,41,D2,0.8280945251977184,LightGBM__Top15__global__default,Top15,models/644e19e22a6c2779/LightGBM__Top15__global__default__global__all_history.joblib
turbine_1,2026-02-25 19:00:00+00:00,2026-02-27 13:00:00+00:00,42,D2,0.8549115515508785,LightGBM__Top15__global__default,Top15,models/644e19e22a6c2779/LightGBM__Top15__global__default__global__all_history.joblib
turbine_2,2026-02-25 19:00:00+00:00,2026-02-27 13:00:00+00:00,42,D2,0.8571674407429397,LightGBM__Top15__global__default,Top15,models/644e19e22a6c2779/LightGBM__Top15__global__default__global__all_history.joblib
turbine_1,2026-02-25 19:00:00+00:00,2026-02-27 14:00:00+00:00,43,D2,0.7984018686214822,LightGBM__Top15__global__default,Top15,models/644e19e22a6c2779/LightGBM__Top15__global__default__global__all_history.joblib
turbine_2,2026-02-25 19:00:00+00:00,2026-02-27 14:00:00+00:00,43,D2,0.8011797274635905,LightGBM__Top15__global__default,Top15,models/644e19e22a6c2779/LightGBM__Top15__global__default__global__all_history.joblib
turbine_1,2026-02-25 19:00:00+00:00,2026-02-27 15:00:00+00:00,44,D2,0.787535243419063,LightGBM__Top15__global__default,Top15,models/644e19e22a6c2779/LightGBM__Top15__global__default__global__all_history.joblib
turbine_2,2026-02-25 19:00:00+00:00,2026-02-27 15:00:00+00:00,44,D2,0.7903131022611712,LightGBM__Top15__global__default,Top15,models/644e19e22a6c2779/LightGBM__Top15__global__default__global__all_history.joblib
turbine_1,2026-02-25 19:00:00+00:00,2026-02-27 16:00:00+00:00,45,D2,0.7007438403877996,LightGBM__Top15__global__default,Top15,models/644e19e22a6c2779/LightGBM__Top15__global__default__global__all_history.joblib
turbine_2,2026-02-25 19:00:00+00:00,2026-02-27 16:00:00+00:00,45,D2,0.7035216992299078,LightGBM__Top15__global__default,Top15,models/644e19e22a6c2779/LightGBM__Top15__global__default__global__all_history.joblib
turbine_1,2026-02-25 19:00:00+00:00,2026-02-27 17:00:00+00:00,46,D2,0.660296626307951,LightGBM__Top15__global__default,Top15,models/644e19e22a6c2779/LightGBM__Top15__global__default__global__all_history.joblib
turbine_2,2026-02-25 19:00:00+00:00,2026-02-27 17:00:00+00:00,46,D2,0.6641829927844928,LightGBM__Top15__global__default,Top15,models/644e19e22a6c2779/LightGBM__Top15__global__default__global__all_history.joblib
turbine_1,2026-02-25 19:00:00+00:00,2026-02-27 18:00:00+00:00,47,D2,0.5833049232137381,LightGBM__Top15__global__default,Top15,models/644e19e22a6c2779/LightGBM__Top15__global__default__global__all_history.joblib
turbine_2,2026-02-25 19:00:00+00:00,2026-02-27 18:00:00+00:00,47,D2,0.5871912896902798,LightGBM__Top15__global__default,Top15,models/644e19e22a6c2779/LightGBM__Top15__global__default__global__all_history.joblib
turbine_1,2026-02-25 19:00:00+00:00,2026-02-27 19:00:00+00:00,48,D2,0.6331034471364977,LightGBM__Top15__global__default,Top15,models/644e19e22a6c2779/LightGBM__Top15__global__default__global__all_history.joblib
turbine_2,2026-02-25 19:00:00+00:00,2026-02-27 19:00:00+00:00,48,D2,0.6369898136130394,LightGBM__Top15__global__default,Top15,models/644e19e22a6c2779/LightGBM__Top15__global__default__global__all_history.joblib
turbine_1,2026-02-26 19:00:00+00:00,2026-02-26 20:00:00+00:00,1,D1,0.6509508400908239,LightGBM__Top15__global__default,Top15,models/644e19e22a6c2779/LightGBM__Top15__global__default__global__all_history.joblib
turbine_2,2026-02-26 19:00:00+00:00,2026-02-26 20:00:00+00:00,1,D1,0.650961613931527,LightGBM__Top15__global__default,Top15,models/644e19e22a6c2779/LightGBM__Top15__global__default__global__all_history.joblib
turbine_1,2026-02-26 19:00:00+00:00,2026-02-26 21:00:00+00:00,2,D1,0.607628113124534,LightGBM__Top15__global__default,Top15,models/644e19e22a6c2779/LightGBM__Top15__global__default__global__all_history.joblib
turbine_2,2026-02-26 19:00:00+00:00,2026-02-26 21:00:00+00:00,2,D1,0.607638886965237,LightGBM__Top15__global__default,Top15,models/644e19e22a6c2779/LightGBM__Top15__global__default__global__all_history.joblib
turbine_1,2026-02-26 19:00:00+00:00,2026-02-26 22:00:00+00:00,3,D1,0.5993907079015807,LightGBM__Top15__global__default,Top15,models/644e19e22a6c2779/LightGBM__Top15__global__default__global__all_history.joblib
turbine_2,2026-02-26 19:00:00+00:00,2026-02-26 22:00:00+00:00,3,D1,0.6032770743781224,LightGBM__Top15__global__default,Top15,models/644e19e22a6c2779/LightGBM__Top15__global__default__global__all_history.joblib
turbine_1,2026-02-26 19:00:00+00:00,2026-02-26 23:00:00+00:00,4,D1,0.5558540739898301,LightGBM__Top15__global__default,Top15,models/644e19e22a6c2779/LightGBM__Top15__global__default__global__all_history.joblib
turbine_2,2026-02-26 19:00:00+00:00,2026-02-26 23:00:00+00:00,4,D1,0.5597404404663718,LightGBM__Top15__global__default,Top15,models/644e19e22a6c2779/LightGBM__Top15__global__default__global__all_history.joblib
turbine_1,2026-02-26 19:00:00+00:00,2026-02-27 00:00:00+00:00,5,D1,0.3213293769273274,LightGBM__Top15__global__default,Top15,models/644e19e22a6c2779/LightGBM__Top15__global__default__global__all_history.joblib
turbine_2,2026-02-26 19:00:00+00:00,2026-02-27 00:00:00+00:00,5,D1,0.3267367707598686,LightGBM__Top15__global__default,Top15,models/644e19e22a6c2779/LightGBM__Top15__global__default__global__all_history.joblib
turbine_1,2026-02-26 19:00:00+00:00,2026-02-27 01:00:00+00:00,6,D1,0.33043665247360227,LightGBM__Top15__global__default,Top15,models/644e19e22a6c2779/LightGBM__Top15__global__default__global__all_history.joblib
turbine_2,2026-02-26 19:00:00+00:00,2026-02-27 01:00:00+00:00,6,D1,0.3358440463061435,LightGBM__Top15__global__default,Top15,models/644e19e22a6c2779/LightGBM__Top15__global__default__global__all_history.joblib
turbine_1,2026-02-26 19:00:00+00:00,2026-02-27 02:00:00+00:00,7,D1,0.24901090374479798,LightGBM__Top15__global__default,Top15,models/644e19e22a6c2779/LightGBM__Top15__global__default__global__all_history.joblib
turbine_2,2026-02-26 19:00:00+00:00,2026-02-27 02:00:00+00:00,7,D1,0.250508478545472,LightGBM__Top15__global__default,Top15,models/644e19e22a6c2779/LightGBM__Top15__global__default__global__all_history.joblib
turbine_1,2026-02-26 19:00:00+00:00,2026-02-27 03:00:00+00:00,8,D1,0.23655345915551876,LightGBM__Top15__global__default,Top15,models/644e19e22a6c2779/LightGBM__Top15__global__default__global__all_history.joblib
turbine_2,2026-02-26 19:00:00+00:00,2026-02-27 03:00:00+00:00,8,D1,0.24043982563206068,LightGBM__Top15__global__default,Top15,models/644e19e22a6c2779/LightGBM__Top15__global__default__global__all_history.joblib
turbine_1,2026-02-26 19:00:00+00:00,2026-02-27 04:00:00+00:00,9,D1,0.21401926025368792,LightGBM__Top15__global__default,Top15,models/644e19e22a6c2779/LightGBM__Top15__global__default__global__all_history.joblib
turbine_2,2026-02-26 19:00:00+00:00,2026-02-27 04:00:00+00:00,9,D1,0.2179056267302299,LightGBM__Top15__global__default,Top15,models/644e19e22a6c2779/LightGBM__Top15__global__default__global__all_history.joblib
turbine_1,2026-02-26 19:00:00+00:00,2026-02-27 05:00:00+00:00,10,D1,0.21014588030367579,LightGBM__Top15__global__default,Top15,models/644e19e22a6c2779/LightGBM__Top15__global__default__global__all_history.joblib
turbine_2,2026-02-26 19:00:00+00:00,2026-02-27 05:00:00+00:00,10,D1,0.2140322467802177,LightGBM__Top15__global__default,Top15,models/644e19e22a6c2779/LightGBM__Top15__global__default__global__all_history.joblib
turbine_1,2026-02-26 19:00:00+00:00,2026-02-27 06:00:00+00:00,11,D1,0.20312582908762306,LightGBM__Top15__global__default,Top15,models/644e19e22a6c2779/LightGBM__Top15__global__default__global__all_history.joblib
turbine_2,2026-02-26 19:00:00+00:00,2026-02-27 06:00:00+00:00,11,D1,0.20169578839208593,LightGBM__Top15__global__default,Top15,models/644e19e22a6c2779/LightGBM__Top15__global__default__global__all_history.joblib
turbine_1,2026-02-26 19:00:00+00:00,2026-02-27 07:00:00+00:00,12,D1,0.25214243196521874,LightGBM__Top15__global__default,Top15,models/644e19e22a6c2779/LightGBM__Top15__global__default__global__all_history.joblib
turbine_2,2026-02-26 19:00:00+00:00,2026-02-27 07:00:00+00:00,12,D1,0.25818588724540675,LightGBM__Top15__global__default,Top15,models/644e19e22a6c2779/LightGBM__Top15__global__default__global__all_history.joblib
turbine_1,2026-02-26 19:00:00+00:00,2026-02-27 08:00:00+00:00,13,D1,0.3076479097164504,LightGBM__Top15__global__default,Top15,models/644e19e22a6c2779/LightGBM__Top15__global__default__global__all_history.joblib
turbine_2,2026-02-26 19:00:00+00:00,2026-02-27 08:00:00+00:00,13,D1,0.3093476743100886,LightGBM__Top15__global__default,Top15,models/644e19e22a6c2779/LightGBM__Top15__global__default__global__all_history.joblib
turbine_1,2026-02-26 19:00:00+00:00,2026-02-27 09:00:00+00:00,14,D1,0.4580755283706452,LightGBM__Top15__global__default,Top15,models/644e19e22a6c2779/LightGBM__Top15__global__default__global__all_history.joblib
turbine_2,2026-02-26 19:00:00+00:00,2026-02-27 09:00:00+00:00,14,D1,0.4597752929642834,LightGBM__Top15__global__default,Top15,models/644e19e22a6c2779/LightGBM__Top15__global__default__global__all_history.joblib
turbine_1,2026-02-26 19:00:00+00:00,2026-02-27 10:00:00+00:00,15,D1,0.6110643070787777,LightGBM__Top15__global__default,Top15,models/644e19e22a6c2779/LightGBM__Top15__global__default__global__all_history.joblib
turbine_2,2026-02-26 19:00:00+00:00,2026-02-27 10:00:00+00:00,15,D1,0.6132321697231267,LightGBM__Top15__global__default,Top15,models/644e19e22a6c2779/LightGBM__Top15__global__default__global__all_history.joblib
turbine_1,2026-02-26 19:00:00+00:00,2026-02-27 11:00:00+00:00,16,D1,0.8116816195375387,LightGBM__Top15__global__default,Top15,models/644e19e22a6c2779/LightGBM__Top15__global__default__global__all_history.joblib
turbine_2,2026-02-26 19:00:00+00:00,2026-02-27 11:00:00+00:00,16,D1,0.8116923933782417,LightGBM__Top15__global__default,Top15,models/644e19e22a6c2779/LightGBM__Top15__global__default__global__all_history.joblib
turbine_1,2026-02-26 19:00:00+00:00,2026-02-27 12:00:00+00:00,17,D1,0.7942296670648767,LightGBM__Top15__global__default,Top15,models/644e19e22a6c2779/LightGBM__Top15__global__default__global__all_history.joblib
turbine_2,2026-02-26 19:00:00+00:00,2026-02-27 12:00:00+00:00,17,D1,0.7949273434178744,LightGBM__Top15__global__default,Top15,models/644e19e22a6c2779/LightGBM__Top15__global__default__global__all_history.joblib
turbine_1,2026-02-26 19:00:00+00:00,2026-02-27 13:00:00+00:00,18,D1,0.7854811599949234,LightGBM__Top15__global__default,Top15,models/644e19e22a6c2779/LightGBM__Top15__global__default__global__all_history.joblib
turbine_2,2026-02-26 19:00:00+00:00,2026-02-27 13:00:00+00:00,18,D1,0.7893675264714651,LightGBM__Top15__global__default,Top15,models/644e19e22a6c2779/LightGBM__Top15__global__default__global__all_history.joblib
turbine_1,2026-02-26 19:00:00+00:00,2026-02-27 14:00:00+00:00,19,D1,0.7890929235297568,LightGBM__Top15__global__default,Top15,models/644e19e22a6c2779/LightGBM__Top15__global__default__global__all_history.joblib
turbine_2,2026-02-26 19:00:00+00:00,2026-02-27 14:00:00+00:00,19,D1,0.7965670763070217,LightGBM__Top15__global__default,Top15,models/644e19e22a6c2779/LightGBM__Top15__global__default__global__all_history.joblib
turbine_1,2026-02-26 19:00:00+00:00,2026-02-27 15:00:00+00:00,20,D1,0.8038726383071428,LightGBM__Top15__global__default,Top15,models/644e19e22a6c2779/LightGBM__Top15__global__default__global__all_history.joblib
turbine_2,2026-02-26 19:00:00+00:00,2026-02-27 15:00:00+00:00,20,D1,0.8077590047836846,LightGBM__Top15__global__default,Top15,models/644e19e22a6c2779/LightGBM__Top15__global__default__global__all_history.joblib
turbine_1,2026-02-26 19:00:00+00:00,2026-02-27 16:00:00+00:00,21,D1,0.7629715313721057,LightGBM__Top15__global__default,Top15,models/644e19e22a6c2779/LightGBM__Top15__global__default__global__all_history.joblib
turbine_2,2026-02-26 19:00:00+00:00,2026-02-27 16:00:00+00:00,21,D1,0.7779692586437433,LightGBM__Top15__global__default,Top15,models/644e19e22a6c2779/LightGBM__Top15__global__default__global__all_history.joblib
turbine_1,2026-02-26 19:00:00+00:00,2026-02-27 17:00:00+00:00,22,D1,0.6894166124423582,LightGBM__Top15__global__default,Top15,models/644e19e22a6c2779/LightGBM__Top15__global__default__global__all_history.joblib
turbine_2,2026-02-26 19:00:00+00:00,2026-02-27 17:00:00+00:00,22,D1,0.6933029789188999,LightGBM__Top15__global__default,Top15,models/644e19e22a6c2779/LightGBM__Top15__global__default__global__all_history.joblib
turbine_1,2026-02-26 19:00:00+00:00,2026-02-27 18:00:00+00:00,23,D1,0.6336630817533662,LightGBM__Top15__global__default,Top15,models/644e19e22a6c2779/LightGBM__Top15__global__default__global__all_history.joblib
turbine_2,2026-02-26 19:00:00+00:00,2026-02-27 18:00:00+00:00,23,D1,0.6375494482299079,LightGBM__Top15__global__default,Top15,models/644e19e22a6c2779/LightGBM__Top15__global__default__global__all_history.joblib
turbine_1,2026-02-26 19:00:00+00:00,2026-02-27 19:00:00+00:00,24,D1,0.6099016999510707,LightGBM__Top15__global__default,Top15,models/644e19e22a6c2779/LightGBM__Top15__global__default__global__all_history.joblib
turbine_2,2026-02-26 19:00:00+00:00,2026-02-27 19:00:00+00:00,24,D1,0.6137880664276124,LightGBM__Top15__global__default,Top15,models/644e19e22a6c2779/LightGBM__Top15__global__default__global__all_history.joblib
turbine_1,2026-02-26 19:00:00+00:00,2026-02-27 20:00:00+00:00,25,D2,0.649688924985402,LightGBM__Top15__global__default,Top15,models/644e19e22a6c2779/LightGBM__Top15__global__default__global__all_history.joblib
turbine_2,2026-02-26 19:00:00+00:00,2026-02-27 20:00:00+00:00,25,D2,0.6356586269807809,LightGBM__Top15__global__default,Top15,models/644e19e22a6c2779/LightGBM__Top15__global__default__global__all_history.joblib
turbine_1,2026-02-26 19:00:00+00:00,2026-02-27 21:00:00+00:00,26,D2,0.6531760704280151,LightGBM__Top15__global__default,Top15,models/644e19e22a6c2779/LightGBM__Top15__global__default__global__all_history.joblib
turbine_2,2026-02-26 19:00:00+00:00,2026-02-27 21:00:00+00:00,26,D2,0.6570624369045568,LightGBM__Top15__global__default,Top15,models/644e19e22a6c2779/LightGBM__Top15__global__default__global__all_history.joblib
turbine_1,2026-02-26 19:00:00+00:00,2026-02-27 22:00:00+00:00,27,D2,0.7436725247327367,LightGBM__Top15__global__default,Top15,models/644e19e22a6c2779/LightGBM__Top15__global__default__global__all_history.joblib
turbine_2,2026-02-26 19:00:00+00:00,2026-02-27 22:00:00+00:00,27,D2,0.731682365151573,LightGBM__Top15__global__default,Top15,models/644e19e22a6c2779/LightGBM__Top15__global__default__global__all_history.joblib
turbine_1,2026-02-26 19:00:00+00:00,2026-02-27 23:00:00+00:00,28,D2,0.7549411201790008,LightGBM__Top15__global__default,Top15,models/644e19e22a6c2779/LightGBM__Top15__global__default__global__all_history.joblib
turbine_2,2026-02-26 19:00:00+00:00,2026-02-27 23:00:00+00:00,28,D2,0.7588274866555426,LightGBM__Top15__global__default,Top15,models/644e19e22a6c2779/LightGBM__Top15__global__default__global__all_history.joblib
turbine_1,2026-02-26 19:00:00+00:00,2026-02-28 00:00:00+00:00,29,D2,0.8309096214181788,LightGBM__Top15__global__default,Top15,models/644e19e22a6c2779/LightGBM__Top15__global__default__global__all_history.joblib
turbine_2,2026-02-26 19:00:00+00:00,2026-02-28 00:00:00+00:00,29,D2,0.8313081858713586,LightGBM__Top15__global__default,Top15,models/644e19e22a6c2779/LightGBM__Top15__global__default__global__all_history.joblib
turbine_1,2026-02-26 19:00:00+00:00,2026-02-28 01:00:00+00:00,30,D2,0.8162350232785244,LightGBM__Top15__global__default,Top15,models/644e19e22a6c2779/LightGBM__Top15__global__default__global__all_history.joblib
turbine_2,2026-02-26 19:00:00+00:00,2026-02-28 01:00:00+00:00,30,D2,0.8190128821206326,LightGBM__Top15__global__default,Top15,models/644e19e22a6c2779/LightGBM__Top15__global__default__global__all_history.joblib
turbine_1,2026-02-26 19:00:00+00:00,2026-02-28 02:00:00+00:00,31,D2,0.7834520005460307,LightGBM__Top15__global__default,Top15,models/644e19e22a6c2779/LightGBM__Top15__global__default__global__all_history.joblib
turbine_2,2026-02-26 19:00:00+00:00,2026-02-28 02:00:00+00:00,31,D2,0.7862298593881389,LightGBM__Top15__global__default,Top15,models/644e19e22a6c2779/LightGBM__Top15__global__default__global__all_history.joblib
turbine_1,2026-02-26 19:00:00+00:00,2026-02-28 03:00:00+00:00,32,D2,0.7736220124078287,LightGBM__Top15__global__default,Top15,models/644e19e22a6c2779/LightGBM__Top15__global__default__global__all_history.joblib
turbine_2,2026-02-26 19:00:00+00:00,2026-02-28 03:00:00+00:00,32,D2,0.7763998712499369,LightGBM__Top15__global__default,Top15,models/644e19e22a6c2779/LightGBM__Top15__global__default__global__all_history.joblib
turbine_1,2026-02-26 19:00:00+00:00,2026-02-28 04:00:00+00:00,33,D2,0.7676795204583904,LightGBM__Top15__global__default,Top15,models/644e19e22a6c2779/LightGBM__Top15__global__default__global__all_history.joblib
turbine_2,2026-02-26 19:00:00+00:00,2026-02-28 04:00:00+00:00,33,D2,0.7704573793004986,LightGBM__Top15__global__default,Top15,models/644e19e22a6c2779/LightGBM__Top15__global__default__global__all_history.joblib
turbine_1,2026-02-26 19:00:00+00:00,2026-02-28 05:00:00+00:00,34,D2,0.8070481451110719,LightGBM__Top15__global__default,Top15,models/644e19e22a6c2779/LightGBM__Top15__global__default__global__all_history.joblib
turbine_2,2026-02-26 19:00:00+00:00,2026-02-28 05:00:00+00:00,34,D2,0.8098260039531802,LightGBM__Top15__global__default,Top15,models/644e19e22a6c2779/LightGBM__Top15__global__default__global__all_history.joblib
turbine_1,2026-02-26 19:00:00+00:00,2026-02-28 06:00:00+00:00,35,D2,0.7090151112963154,LightGBM__Top15__global__default,Top15,models/644e19e22a6c2779/LightGBM__Top15__global__default__global__all_history.joblib
turbine_2,2026-02-26 19:00:00+00:00,2026-02-28 06:00:00+00:00,35,D2,0.7086816606426042,LightGBM__Top15__global__default,Top15,models/644e19e22a6c2779/LightGBM__Top15__global__default__global__all_history.joblib
turbine_1,2026-02-26 19:00:00+00:00,2026-02-28 07:00:00+00:00,36,D2,0.8514443429807275,LightGBM__Top15__global__default,Top15,models/644e19e22a6c2779/LightGBM__Top15__global__default__global__all_history.joblib
turbine_2,2026-02-26 19:00:00+00:00,2026-02-28 07:00:00+00:00,36,D2,0.8511108923270162,LightGBM__Top15__global__default,Top15,models/644e19e22a6c2779/LightGBM__Top15__global__default__global__all_history.joblib
turbine_1,2026-02-26 19:00:00+00:00,2026-02-28 08:00:00+00:00,37,D2,0.845985737477077,LightGBM__Top15__global__default,Top15,models/644e19e22a6c2779/LightGBM__Top15__global__default__global__all_history.joblib
turbine_2,2026-02-26 19:00:00+00:00,2026-02-28 08:00:00+00:00,37,D2,0.8456522868233657,LightGBM__Top15__global__default,Top15,models/644e19e22a6c2779/LightGBM__Top15__global__default__global__all_history.joblib
turbine_1,2026-02-26 19:00:00+00:00,2026-02-28 09:00:00+00:00,38,D2,0.8076141873400545,LightGBM__Top15__global__default,Top15,models/644e19e22a6c2779/LightGBM__Top15__global__default__global__all_history.joblib
turbine_2,2026-02-26 19:00:00+00:00,2026-02-28 09:00:00+00:00,38,D2,0.8103920461821628,LightGBM__Top15__global__default,Top15,models/644e19e22a6c2779/LightGBM__Top15__global__default__global__all_history.joblib
turbine_1,2026-02-26 19:00:00+00:00,2026-02-28 10:00:00+00:00,39,D2,0.7679160086485188,LightGBM__Top15__global__default,Top15,models/644e19e22a6c2779/LightGBM__Top15__global__default__global__all_history.joblib
turbine_2,2026-02-26 19:00:00+00:00,2026-02-28 10:00:00+00:00,39,D2,0.7706938674906271,LightGBM__Top15__global__default,Top15,models/644e19e22a6c2779/LightGBM__Top15__global__default__global__all_history.joblib
turbine_1,2026-02-26 19:00:00+00:00,2026-02-28 11:00:00+00:00,40,D2,0.6576828978903347,LightGBM__Top15__global__default,Top15,models/644e19e22a6c2779/LightGBM__Top15__global__default__global__all_history.joblib
turbine_2,2026-02-26 19:00:00+00:00,2026-02-28 11:00:00+00:00,40,D2,0.660460756732443,LightGBM__Top15__global__default,Top15,models/644e19e22a6c2779/LightGBM__Top15__global__default__global__all_history.joblib
turbine_1,2026-02-26 19:00:00+00:00,2026-02-28 12:00:00+00:00,41,D2,0.6230557003396439,LightGBM__Top15__global__default,Top15,models/644e19e22a6c2779/LightGBM__Top15__global__default__global__all_history.joblib
turbine_2,2026-02-26 19:00:00+00:00,2026-02-28 12:00:00+00:00,41,D2,0.625661782132378,LightGBM__Top15__global__default,Top15,models/644e19e22a6c2779/LightGBM__Top15__global__default__global__all_history.joblib
turbine_1,2026-02-26 19:00:00+00:00,2026-02-28 13:00:00+00:00,42,D2,0.5703235823224782,LightGBM__Top15__global__default,Top15,models/644e19e22a6c2779/LightGBM__Top15__global__default__global__all_history.joblib
turbine_2,2026-02-26 19:00:00+00:00,2026-02-28 13:00:00+00:00,42,D2,0.5729438948848283,LightGBM__Top15__global__default,Top15,models/644e19e22a6c2779/LightGBM__Top15__global__default__global__all_history.joblib
turbine_1,2026-02-26 19:00:00+00:00,2026-02-28 14:00:00+00:00,43,D2,0.5043245924429884,LightGBM__Top15__global__default,Top15,models/644e19e22a6c2779/LightGBM__Top15__global__default__global__all_history.joblib
turbine_2,2026-02-26 19:00:00+00:00,2026-02-28 14:00:00+00:00,43,D2,0.5069449050053386,LightGBM__Top15__global__default,Top15,models/644e19e22a6c2779/LightGBM__Top15__global__default__global__all_history.joblib
turbine_1,2026-02-26 19:00:00+00:00,2026-02-28 15:00:00+00:00,44,D2,0.42896556157643284,LightGBM__Top15__global__default,Top15,models/644e19e22a6c2779/LightGBM__Top15__global__default__global__all_history.joblib
turbine_2,2026-02-26 19:00:00+00:00,2026-02-28 15:00:00+00:00,44,D2,0.4062590731382965,LightGBM__Top15__global__default,Top15,models/644e19e22a6c2779/LightGBM__Top15__global__default__global__all_history.joblib
turbine_1,2026-02-26 19:00:00+00:00,2026-02-28 16:00:00+00:00,45,D2,0.3699484778161664,LightGBM__Top15__global__default,Top15,models/644e19e22a6c2779/LightGBM__Top15__global__default__global__all_history.joblib
turbine_2,2026-02-26 19:00:00+00:00,2026-02-28 16:00:00+00:00,45,D2,0.372568790378517,LightGBM__Top15__global__default,Top15,models/644e19e22a6c2779/LightGBM__Top15__global__default__global__all_history.joblib
turbine_1,2026-02-26 19:00:00+00:00,2026-02-28 17:00:00+00:00,46,D2,0.25442221306992285,LightGBM__Top15__global__default,Top15,models/644e19e22a6c2779/LightGBM__Top15__global__default__global__all_history.joblib
turbine_2,2026-02-26 19:00:00+00:00,2026-02-28 17:00:00+00:00,46,D2,0.2569678246538541,LightGBM__Top15__global__default,Top15,models/644e19e22a6c2779/LightGBM__Top15__global__default__global__all_history.joblib
turbine_1,2026-02-26 19:00:00+00:00,2026-02-28 18:00:00+00:00,47,D2,0.19558645424727245,LightGBM__Top15__global__default,Top15,models/644e19e22a6c2779/LightGBM__Top15__global__default__global__all_history.joblib
turbine_2,2026-02-26 19:00:00+00:00,2026-02-28 18:00:00+00:00,47,D2,0.20185166095297288,LightGBM__Top15__global__default,Top15,models/644e19e22a6c2779/LightGBM__Top15__global__default__global__all_history.joblib
turbine_1,2026-02-27 19:00:00+00:00,2026-02-27 20:00:00+00:00,1,D1,0.6308816003352926,LightGBM__Top15__global__default,Top15,models/644e19e22a6c2779/LightGBM__Top15__global__default__global__all_history.joblib
turbine_2,2026-02-27 19:00:00+00:00,2026-02-27 20:00:00+00:00,1,D1,0.6347679668118343,LightGBM__Top15__global__default,Top15,models/644e19e22a6c2779/LightGBM__Top15__global__default__global__all_history.joblib
turbine_1,2026-02-27 19:00:00+00:00,2026-02-27 21:00:00+00:00,2,D1,0.6985126165522604,LightGBM__Top15__global__default,Top15,models/644e19e22a6c2779/LightGBM__Top15__global__default__global__all_history.joblib
turbine_2,2026-02-27 19:00:00+00:00,2026-02-27 21:00:00+00:00,2,D1,0.7023989830288021,LightGBM__Top15__global__default,Top15,models/644e19e22a6c2779/LightGBM__Top15__global__default__global__all_history.joblib
turbine_1,2026-02-27 19:00:00+00:00,2026-02-27 22:00:00+00:00,3,D1,0.7688773206455861,LightGBM__Top15__global__default,Top15,models/644e19e22a6c2779/LightGBM__Top15__global__default__global__all_history.joblib
turbine_2,2026-02-27 19:00:00+00:00,2026-02-27 22:00:00+00:00,3,D1,0.7727636871221278,LightGBM__Top15__global__default,Top15,models/644e19e22a6c2779/LightGBM__Top15__global__default__global__all_history.joblib
turbine_1,2026-02-27 19:00:00+00:00,2026-02-27 23:00:00+00:00,4,D1,0.7665948918010315,LightGBM__Top15__global__default,Top15,models/644e19e22a6c2779/LightGBM__Top15__global__default__global__all_history.joblib
turbine_2,2026-02-27 19:00:00+00:00,2026-02-27 23:00:00+00:00,4,D1,0.7704812582775732,LightGBM__Top15__global__default,Top15,models/644e19e22a6c2779/LightGBM__Top15__global__default__global__all_history.joblib
turbine_1,2026-02-27 19:00:00+00:00,2026-02-28 00:00:00+00:00,5,D1,0.7954983721630797,LightGBM__Top15__global__default,Top15,models/644e19e22a6c2779/LightGBM__Top15__global__default__global__all_history.joblib
turbine_2,2026-02-27 19:00:00+00:00,2026-02-28 00:00:00+00:00,5,D1,0.7993847386396215,LightGBM__Top15__global__default,Top15,models/644e19e22a6c2779/LightGBM__Top15__global__default__global__all_history.joblib
turbine_1,2026-02-27 19:00:00+00:00,2026-02-28 01:00:00+00:00,6,D1,0.797316889337537,LightGBM__Top15__global__default,Top15,models/644e19e22a6c2779/LightGBM__Top15__global__default__global__all_history.joblib
turbine_2,2026-02-27 19:00:00+00:00,2026-02-28 01:00:00+00:00,6,D1,0.7970715980826714,LightGBM__Top15__global__default,Top15,models/644e19e22a6c2779/LightGBM__Top15__global__default__global__all_history.joblib
turbine_1,2026-02-27 19:00:00+00:00,2026-02-28 02:00:00+00:00,7,D1,0.8450900812755918,LightGBM__Top15__global__default,Top15,models/644e19e22a6c2779/LightGBM__Top15__global__default__global__all_history.joblib
turbine_2,2026-02-27 19:00:00+00:00,2026-02-28 02:00:00+00:00,7,D1,0.8427551861919825,LightGBM__Top15__global__default,Top15,models/644e19e22a6c2779/LightGBM__Top15__global__default__global__all_history.joblib
turbine_1,2026-02-27 19:00:00+00:00,2026-02-28 03:00:00+00:00,8,D1,0.8808816937322431,LightGBM__Top15__global__default,Top15,models/644e19e22a6c2779/LightGBM__Top15__global__default__global__all_history.joblib
turbine_2,2026-02-27 19:00:00+00:00,2026-02-28 03:00:00+00:00,8,D1,0.8724583045785067,LightGBM__Top15__global__default,Top15,models/644e19e22a6c2779/LightGBM__Top15__global__default__global__all_history.joblib
turbine_1,2026-02-27 19:00:00+00:00,2026-02-28 04:00:00+00:00,9,D1,0.8788912421913322,LightGBM__Top15__global__default,Top15,models/644e19e22a6c2779/LightGBM__Top15__global__default__global__all_history.joblib
turbine_2,2026-02-27 19:00:00+00:00,2026-02-28 04:00:00+00:00,9,D1,0.8718110944119595,LightGBM__Top15__global__default,Top15,models/644e19e22a6c2779/LightGBM__Top15__global__default__global__all_history.joblib
turbine_1,2026-02-27 19:00:00+00:00,2026-02-28 05:00:00+00:00,10,D1,0.9033605162385935,LightGBM__Top15__global__default,Top15,models/644e19e22a6c2779/LightGBM__Top15__global__default__global__all_history.joblib
turbine_2,2026-02-27 19:00:00+00:00,2026-02-28 05:00:00+00:00,10,D1,0.8971937398861558,LightGBM__Top15__global__default,Top15,models/644e19e22a6c2779/LightGBM__Top15__global__default__global__all_history.joblib
turbine_1,2026-02-27 19:00:00+00:00,2026-02-28 06:00:00+00:00,11,D1,0.8967351623886857,LightGBM__Top15__global__default,Top15,models/644e19e22a6c2779/LightGBM__Top15__global__default__global__all_history.joblib
turbine_2,2026-02-27 19:00:00+00:00,2026-02-28 06:00:00+00:00,11,D1,0.8951722197267802,LightGBM__Top15__global__default,Top15,models/644e19e22a6c2779/LightGBM__Top15__global__default__global__all_history.joblib
turbine_1,2026-02-27 19:00:00+00:00,2026-02-28 07:00:00+00:00,12,D1,0.90314688592256,LightGBM__Top15__global__default,Top15,models/644e19e22a6c2779/LightGBM__Top15__global__default__global__all_history.joblib
turbine_2,2026-02-27 19:00:00+00:00,2026-02-28 07:00:00+00:00,12,D1,0.9015839432606545,LightGBM__Top15__global__default,Top15,models/644e19e22a6c2779/LightGBM__Top15__global__default__global__all_history.joblib
turbine_1,2026-02-27 19:00:00+00:00,2026-02-28 08:00:00+00:00,13,D1,0.8668867922498449,LightGBM__Top15__global__default,Top15,models/644e19e22a6c2779/LightGBM__Top15__global__default__global__all_history.joblib
turbine_2,2026-02-27 19:00:00+00:00,2026-02-28 08:00:00+00:00,13,D1,0.8653238495879394,LightGBM__Top15__global__default,Top15,models/644e19e22a6c2779/LightGBM__Top15__global__default__global__all_history.joblib
turbine_1,2026-02-27 19:00:00+00:00,2026-02-28 09:00:00+00:00,14,D1,0.814898093145195,LightGBM__Top15__global__default,Top15,models/644e19e22a6c2779/LightGBM__Top15__global__default__global__all_history.joblib
turbine_2,2026-02-27 19:00:00+00:00,2026-02-28 09:00:00+00:00,14,D1,0.8171539823372561,LightGBM__Top15__global__default,Top15,models/644e19e22a6c2779/LightGBM__Top15__global__default__global__all_history.joblib
turbine_1,2026-02-27 19:00:00+00:00,2026-02-28 10:00:00+00:00,15,D1,0.8147044289461876,LightGBM__Top15__global__default,Top15,models/644e19e22a6c2779/LightGBM__Top15__global__default__global__all_history.joblib
turbine_2,2026-02-27 19:00:00+00:00,2026-02-28 10:00:00+00:00,15,D1,0.8174822877882958,LightGBM__Top15__global__default,Top15,models/644e19e22a6c2779/LightGBM__Top15__global__default__global__all_history.joblib
turbine_1,2026-02-27 19:00:00+00:00,2026-02-28 11:00:00+00:00,16,D1,0.7818212628425499,LightGBM__Top15__global__default,Top15,models/644e19e22a6c2779/LightGBM__Top15__global__default__global__all_history.joblib
turbine_2,2026-02-27 19:00:00+00:00,2026-02-28 11:00:00+00:00,16,D1,0.7845991216846582,LightGBM__Top15__global__default,Top15,models/644e19e22a6c2779/LightGBM__Top15__global__default__global__all_history.joblib
turbine_1,2026-02-27 19:00:00+00:00,2026-02-28 12:00:00+00:00,17,D1,0.6790205330837286,LightGBM__Top15__global__default,Top15,models/644e19e22a6c2779/LightGBM__Top15__global__default__global__all_history.joblib
turbine_2,2026-02-27 19:00:00+00:00,2026-02-28 12:00:00+00:00,17,D1,0.6816408456460787,LightGBM__Top15__global__default,Top15,models/644e19e22a6c2779/LightGBM__Top15__global__default__global__all_history.joblib
turbine_1,2026-02-27 19:00:00+00:00,2026-02-28 13:00:00+00:00,18,D1,0.6437806950543629,LightGBM__Top15__global__default,Top15,models/644e19e22a6c2779/LightGBM__Top15__global__default__global__all_history.joblib
turbine_2,2026-02-27 19:00:00+00:00,2026-02-28 13:00:00+00:00,18,D1,0.646401007616713,LightGBM__Top15__global__default,Top15,models/644e19e22a6c2779/LightGBM__Top15__global__default__global__all_history.joblib
turbine_1,2026-02-27 19:00:00+00:00,2026-02-28 14:00:00+00:00,19,D1,0.5865242108387009,LightGBM__Top15__global__default,Top15,models/644e19e22a6c2779/LightGBM__Top15__global__default__global__all_history.joblib
turbine_2,2026-02-27 19:00:00+00:00,2026-02-28 14:00:00+00:00,19,D1,0.5861213733040772,LightGBM__Top15__global__default,Top15,models/644e19e22a6c2779/LightGBM__Top15__global__default__global__all_history.joblib
turbine_1,2026-02-27 19:00:00+00:00,2026-02-28 15:00:00+00:00,20,D1,0.4570667926887808,LightGBM__Top15__global__default,Top15,models/644e19e22a6c2779/LightGBM__Top15__global__default__global__all_history.joblib
turbine_2,2026-02-27 19:00:00+00:00,2026-02-28 15:00:00+00:00,20,D1,0.4596871052511314,LightGBM__Top15__global__default,Top15,models/644e19e22a6c2779/LightGBM__Top15__global__default__global__all_history.joblib
turbine_1,2026-02-27 19:00:00+00:00,2026-02-28 16:00:00+00:00,21,D1,0.38930753406154034,LightGBM__Top15__global__default,Top15,models/644e19e22a6c2779/LightGBM__Top15__global__default__global__all_history.joblib
turbine_2,2026-02-27 19:00:00+00:00,2026-02-28 16:00:00+00:00,21,D1,0.3919278466238909,LightGBM__Top15__global__default,Top15,models/644e19e22a6c2779/LightGBM__Top15__global__default__global__all_history.joblib
turbine_1,2026-02-27 19:00:00+00:00,2026-02-28 17:00:00+00:00,22,D1,0.35215476852087796,LightGBM__Top15__global__default,Top15,models/644e19e22a6c2779/LightGBM__Top15__global__default__global__all_history.joblib
turbine_2,2026-02-27 19:00:00+00:00,2026-02-28 17:00:00+00:00,22,D1,0.3547750810832285,LightGBM__Top15__global__default,Top15,models/644e19e22a6c2779/LightGBM__Top15__global__default__global__all_history.joblib
turbine_1,2026-02-27 19:00:00+00:00,2026-02-28 18:00:00+00:00,23,D1,0.3168277189308227,LightGBM__Top15__global__default,Top15,models/644e19e22a6c2779/LightGBM__Top15__global__default__global__all_history.joblib
turbine_2,2026-02-27 19:00:00+00:00,2026-02-28 18:00:00+00:00,23,D1,0.31944803149317325,LightGBM__Top15__global__default,Top15,models/644e19e22a6c2779/LightGBM__Top15__global__default__global__all_history.joblib
