tree
version=v4
num_class=1
num_tree_per_iteration=1
label_index=0
max_feature_idx=15
objective=regression_l1
feature_names=turbine_id__cat_0 turbine_id__cat_1 lead_hours ensemble_wind_speed_100m ecmwf_wind_speed_10m wind_speed_10m_mean ecmwf_surface_pressure day_of_year_cos day_of_year_sin ecmwf_wind_speed_100m gfs_wind_direction_100m_sin icon_wind_gusts_10m gfs_wind_direction_10m_cos hour_sin icon_wind_speed_100m gfs_relative_humidity_2m
feature_infos=[0:1] [0:1] [1:48] [0.41664999723434448:20.968591690063477] [0:13.510000228881836] [0.27666667103767395:14.170000076293945] [935.70001220703125:985] [-1:1] [-0.99999076128005981:0.99999076128005981] [0:20.879999160766602] [-1:1] [0.40000000596046448:35.900001525878906] [-1:1] [-1:1] [0:30.829999923706055] [4:100]
tree_sizes=2838 2966 2953 2963 2944 2952 2968 2957 2977 2979 2953 2979 2977 2983 2966 2968 2975 2959 2961 2948 2962 2973 2973 2962 2963 2972 2983 2980 2970 2969 2966 2996 2969 2992 2991 2978 2978 2997 2978 3003 2971 2982 2995 2999 2992 3000 2977 2987 2993 2985 2967 2992 2985 2992 3005 2992 2985 3004 3021 2969 2993 3017 3005 2990 3005 3011 3007 2993 3006 3001 3017 3015 2995 3003 3009 3004 2993 3005 3003 3003 2990 3001 2990 3022 2971 3005 2995 3006 2988 2998 2981 2999 2984 2984 3010 3009 2995 3011 2978 3031 3001 3046 3007 2948 3022 2987 3011 3011 3016 2997 2994 3008 2986 2991 2999 2997 2997 2987 2994 2977 3018 2946 2991 2977 2997 2984 2994 2953 2947 2985 3004 3002 2920 3006 2959 2985 2951 2974 2977 2975 2998 2967 2985

Tree=0
num_leaves=31
num_cat=0
split_feature=3 3 3 11 3 3 5 5 13 12 12 5 10 3 13 7 7 9 10 10 12 7 7 9 9 10 9 14 7 12
split_gain=19496 2483.67 1131.2 480.318 204.235 162.513 153.928 139.87 117.703 93.3248 74.2382 72.6707 79.0942 58.127 56.4611 52.4415 49.6406 49.5614 46.7498 45.8108 80.2436 45.2859 57.615 43.3757 41.5341 41.1176 38.4249 39.9927 38.2119 37.1329
threshold=6.2774398326873788 8.6485924720764178 4.6726553440094003 4.3500001430511483 7.0910441875457773 9.9673457145690936 1.9616667032241824 2.7183333635330205 0.12940952181816109 0.14780378341674807 -0.55191597342491139 4.4716665744781503 -0.71322327852249134 3.7537837028503422 -0.37940952181816096 0.41470260918140417 0.82438889145851146 8.8350000381469744 0.87032255530357372 0.9238443672657014 0.35019405186176306 0.88234141469001781 0.98217421770095836 8.8850002288818377 6.5350000858306894 0.90992662310600292 4.9749999046325692 4.7850000858306894 -0.52458885312080372 -0.14780378341674802
decision_type=2 2 2 2 2 2 2 2 2 2 2 2 2 2 2 2 2 10 2 2 2 2 2 8 10 2 10 10 2 2
left_child=2 3 6 9 16 19 -1 -4 25 21 -9 17 -13 -8 -11 24 26 -12 -17 20 -3 -2 -23 -15 -10 29 -5 -28 -7 -6
right_child=1 5 7 4 8 28 13 10 15 14 11 12 -14 23 -16 18 -18 -19 -20 -21 -22 22 -24 -25 -26 -27 27 -29 -30 -31
leaf_value=0.21441666102036833 0.22799999415874481 0.24374999552965165 0.21816666088998318 0.22399999424815178 0.23758332729339598 0.25566665977239611 0.21524999430403113 0.22449999451637268 0.22424999400973319 0.22533332780003548 0.21966666094958781 0.2209999941289425 0.22791666090488433 0.21733332760632038 0.21887499429285526 0.23299999386072159 0.22258332744240761 0.22683332785964011 0.22270832769572735 0.2559999957680702 0.23516666144132614 0.2164999943226576 0.22766666114330292 0.22391666099429131 0.2353333279490471 0.24458332806825639 0.22420832738280297 0.22991666048765183 0.26166666001081468 0.2319999948143959
leaf_weight=9630 1197 3263 3033 378 1621 1503 4769 1525 221 387 3376 658 539 4344 1046 321 532 226 538 1458 1193 150 135 192 1614 1086 388 2146 8988 1533
leaf_count=9630 1197 3263 3033 378 1621 1503 4769 1525 221 387 3376 658 539 4344 1046 321 532 226 538 1458 1193 150 135 192 1614 1086 388 2146 8988 1533
internal_value=0.224999 0.253293 0.195299 0.237224 0.242259 0.266307 0.188271 0.209533 0.247201 0.219298 0.213782 0.210731 0.221423 0.192905 0.210223 0.238987 0.232292 0.207187 0.228762 0.2596 0.256988 0.228093 0.210345 0.197044 0.24375 0.252397 0.234856 0.237072 0.27007 0.249422
internal_weight=57990 29698 28292 13293 10378 16405 18935 9357 6934 2915 6324 4799 1197 9305 1433 2694 3444 3602 859 5914 4456 1482 285 4536 1835 4240 2912 2534 10491 3154
internal_count=57990 29698 28292 13293 10378 16405 18935 9357 6934 2915 6324 4799 1197 9305 1433 2694 3444 3602 859 5914 4456 1482 285 4536 1835 4240 2912 2534 10491 3154
is_linear=0
shrinkage=1


Tree=1
num_leaves=31
num_cat=0
split_feature=3 3 3 14 3 4 3 12 3 13 4 3 7 3 13 10 7 13 7 12 10 12 7 6 15 4 7 7 7 9
split_gain=18412.6 2411.59 1066.79 374.803 183.782 147.376 147.183 143.925 110.149 82.5313 80.8131 73.9205 67.1075 58.8193 50.8729 49.6152 48.945 48.4814 48.186 41.4509 41.0229 69.6625 40.4529 39.9223 65.8253 37.8798 37.2505 36.7389 50.9845 36.6434
threshold=6.2409205436706552 8.6485924720764178 4.6726553440094003 4.7850000858306894 10.238419532775881 4.8150000572204599 3.5574620962142949 -0.36648726463317866 5.3553149700164804 -1.0000000180025095e-35 5.3150000572204599 6.867861509323121 0.77275362610816967 7.6614181995391855 -0.6035533845424651 -0.91702514886856068 -0.52458885312080372 0.37940952181816107 0.71541279554367077 -0.55191597342491139 0.9238443672657014 0.35019405186176306 0.75047916173934948 951.25000000000011 42.500000000000007 5.7550001144409189 0.98666161298751842 0.99630826711654674 0.75047916173934948 8.1949996948242205
decision_type=2 2 2 10 2 2 2 2 2 2 2 2 2 2 2 2 2 2 2 2 2 2 2 2 2 2 2 2 2 8
left_child=2 3 6 10 20 7 23 11 22 -9 14 -5 19 -7 -2 -16 -6 26 29 -10 21 -3 -4 24 -1 -23 -15 28 -17 -8
right_child=1 4 8 5 16 13 18 9 12 -11 -12 -13 -14 17 15 27 -18 -19 -20 -21 -22 25 -24 -25 -26 -27 -28 -29 -30 -31
leaf_value=-0.0097208330733701588 0.00046875033527612672 0.018312500938773155 -0.00539999982342124 0.0020895836222916838 0.030216667726635935 0.0055458337813615796 -0.0076999997533857825 0.0041041668131947522 8.333642035722455e-06 -0.0015833329409360886 0.0029729170911014084 0.013204166889190676 -0.0052416661940515048 0.014520834907889366 0.0090281252749264251 -0.0040270829387009143 0.035083332434296614 0.0063499997556209567 -0.0096374997263774277 -0.0031583329848945147 0.030783333703875544 0.0056583333760499956 -0.0086499997042119494 -0.010179166379384697 -0.0081791663868352772 0.016075000539422037 0.0007750003784894946 0.0043385421950370073 -0.0083020829595625411 -0.0027791662141680717
leaf_weight=4157 602 3867 3434 876 1271 2110 5193 1482 1222 1652 949 1510 897 1843 140 691 8095 981 1327 2936 1799 670 668 6806 1132 759 120 90 447 332
leaf_count=4157 602 3867 3434 876 1271 2110 5193 1482 1222 1652 949 1510 897 1843 140 691 8095 981 1327 2936 1799 670 668 6806 1132 759 120 90 447 332
internal_value=-0.000101614 0.0271705 -0.0291686 0.0114943 0.0400128 0.0158711 -0.0359408 0.0102081 -0.0151441 0.00315387 -0.00436047 0.0194479 -0.0101877 0.0220399 -0.0101266 -0.0154406 0.0446377 0.0266192 -0.0300277 -0.0074946 0.0338803 0.0315789 -0.021232 -0.0392769 -0.0358802 0.0220014 0.0311738 -0.0186537 -0.0210849 -0.0279114
internal_weight=58058 29954 28104 13493 16461 10574 18947 5520 9157 3134 2919 2386 5055 5054 1970 1368 9366 2944 6852 4158 7095 5296 4102 12095 5289 1429 1963 1228 1138 5525
internal_count=58058 29954 28104 13493 16461 10574 18947 5520 9157 3134 2919 2386 5055 5054 1970 1368 9366 2944 6852 4158 7095 5296 4102 12095 5289 1429 1963 1228 1138 5525
is_linear=0
shrinkage=0.05


Tree=2
num_leaves=31
num_cat=0
split_feature=3 3 3 11 3 3 5 3 11 9 9 3 11 5 4 12 4 12 6 14 5 9 6 12 5 10 12 8 12 8
split_gain=17616.9 2321.38 1121.64 409.183 210.366 180.742 162.312 123.566 93.0893 68.958 64.2571 63.5303 59.7292 58.1685 48.7682 75.7261 48.3282 47.8875 46.9801 42.319 39.4471 38.8753 37.4468 37.0566 45.0033 81.6625 35.6158 35.022 33.5483 33.5211
threshold=6.2409205436706552 8.6485924720764178 4.6029245853424081 4.9500000476837167 9.6419520378112811 7.6614181995391855 1.9216666221618655 5.3553149700164804 3.6499999761581425 6.9149999618530282 4.9749999046325692 3.5574620962142949 5.5499999523162851 2.5283333063125615 6.5350000858306894 0.47714059054851538 6.3150000572204599 0.44618082046508795 960.35000610351574 4.8250000476837167 3.5149999856948857 8.1949996948242205 951.35000610351574 -0.55191597342491139 4.4716665744781503 -0.67556449770927418 0.35019405186176306 -0.47434769570827479 -0.62249094247817982 -0.69870123267173756
decision_type=2 2 2 2 2 2 2 2 2 8 10 2 2 2 2 2 2 2 2 10 2 8 2 2 2 2 2 2 2 2
left_child=2 3 6 8 12 10 -1 22 20 -7 18 28 26 -9 15 -6 23 27 -5 -12 -2 -13 -4 29 -25 -26 -3 -10 -8 -15
right_child=1 4 7 5 14 9 11 13 17 -11 19 21 -14 16 -16 -17 -18 -19 -20 -21 -22 -23 -24 24 25 -27 -28 -29 -30 -31
leaf_value=-0.0096285413962323221 -0.0046880202544853089 0.011862187128514052 -0.005095416432246566 -0.003488541485741735 0.024936667926609517 0.0039885419951751835 -0.0073785413068253539 -0.0067462497102096682 0.0053493233935441821 0.013708489975426348 0.00041083366004750145 -0.0072316665118560197 0.019605207119137047 0.0025579173499718309 0.033329165812581774 0.0086045842431485674 0.003982917360030115 -0.0036979165300726883 0.0052231253758072849 0.004927292063832283 0.0011576046692207465 -0.0020568743813782933 -0.0063758331136777998 -0.0041670833798125393 -0.0041420827889814982 0.0056787505289539707 0.0024587498418986806 0.00060135447327047545 -0.0090264580429065978 -0.001308749512769282
leaf_weight=9218 1258 802 2254 456 2558 464 707 750 794 3488 652 4769 3392 280 9051 257 165 305 96 4157 384 269 2291 2097 488 359 393 1445 3570 874
leaf_count=9218 1258 802 2254 456 2558 464 707 750 794 3488 652 4769 3392 280 9051 257 165 305 96 4157 384 269 2291 2097 488 359 393 1445 3570 874
internal_value=-0.000226537 0.0264479 -0.0286678 0.0110745 0.039054 0.0169081 -0.0358426 -0.0147443 -0.00190885 0.025019 0.0109113 -0.0311427 0.0298889 -0.00931646 0.0425828 0.0366135 -0.00704077 0.00408003 -0.00520646 0.0127649 -0.0111718 -0.0272655 -0.0207143 -0.00811601 -0.0110885 -0.00134977 0.020125 0.00661765 -0.0356726 -0.000517688
internal_weight=58043 29952 28091 13499 16453 9313 18533 9558 4186 3952 5361 9315 4587 5013 11866 2815 4263 2544 552 4809 1642 5038 4545 4098 2944 847 1195 2239 4277 1154
internal_count=58043 29952 28091 13499 16453 9313 18533 9558 4186 3952 5361 9315 4587 5013 11866 2815 4263 2544 552 4809 1642 5038 4545 4098 2944 847 1195 2239 4277 1154
is_linear=0
shrinkage=0.05


Tree=3
num_leaves=31
num_cat=0
split_feature=3 3 3 3 11 3 14 9 4 12 9 7 13 13 10 7 12 7 8 15 5 9 7 4 7 15 11 10 15 11
split_gain=16498.9 2117.7 1262.05 281.119 277.669 205.603 140.564 110.906 105.459 114.91 76.722 76.2857 61.3814 60.4972 55.7224 55.5052 47.5918 46.773 54.8235 45.6861 45.6836 44.7003 43.784 43.0332 41.0108 67.1253 39.9125 38.8783 38.1772 37.3791
threshold=7.0547201633453378 5.0506370067596444 9.1815714836120623 3.5574620962142949 4.9500000476837167 5.9136810302734384 4.7850000858306894 7.5350000858306894 6.7550001144409189 0.46173103153705602 5.0250000953674325 0.71541279554367077 0.12940952181816109 1.0000000180025095e-35 0.9238443672657014 0.75047916173934948 0.21643137186765674 -0.52458885312080372 -0.61794704198837269 80.500000000000014 3.2749999761581425 8.1050000190734881 0.98372149467468273 6.2249999046325692 0.50618571043014537 42.500000000000007 7.0499999523162851 0.89490029215812694 44.500000000000007 9.5500001907348651
decision_type=2 2 2 2 2 2 10 8 2 2 10 2 2 2 2 2 2 2 2 2 2 8 2 2 2 2 2 2 2 2
left_child=1 3 4 24 13 15 20 19 9 -4 -8 21 14 -2 -9 23 -15 18 -10 -6 -7 28 -11 -3 25 -1 27 -14 29 -5
right_child=2 5 8 11 7 6 10 12 17 22 -12 -13 26 16 -16 -17 -18 -19 -20 -21 -22 -23 -24 -25 -26 -27 -28 -29 -30 -31
leaf_value=-0.0089688851172919377 0.0044648257727851167 -0.003450395691720769 0.021832806633878502 -0.0069502287640236318 0.0063809269569814198 -0.0046878954614978296 -0.0029633854903280744 0.010916614820621907 0.0070255986213684065 0.01272954704910517 0.0026322212075931013 -0.0086065413557924325 0.0085797842764062798 0.002335760105168447 0.024247177781164645 -0.0062628955240827053 -0.0031774815434822811 0.031912707283534111 0.026789376288093626 -0.0024263017343822886 -0.001397753763041692 -0.002537364184390753 -0.001674291302450002 0.0023730208692839374 -0.0092304476734134371 -0.0085512809652718708 0.015323511372262144 0.0010804916200577289 -0.0057867497684899712 -0.0043507913995068526
leaf_weight=5832 1221 3929 4344 4591 1997 1181 697 2871 154 376 3618 1734 530 816 983 883 804 7584 1261 192 1160 565 190 162 3590 2657 1280 562 2045 264
leaf_count=5832 1221 3929 4344 4591 1997 1181 697 2871 154 376 3618 1734 530 816 983 883 804 7584 1261 192 1160 565 190 162 3590 2657 1280 562 2045 264
internal_value=-0.000431317 -0.0237353 0.0300417 -0.0331109 0.0175828 -0.00657499 -0.000825702 0.0221437 0.0401143 0.03412 0.00452546 -0.0264939 0.0255497 0.00405833 0.0294636 -0.0142599 -0.00227692 0.0433641 0.0346831 0.0124202 -0.0106777 -0.0242637 0.0127846 -0.0117798 -0.0381372 -0.0361608 0.0191418 0.0120328 -0.0253729 -0.0278086
internal_weight=58073 32908 25165 21278 11256 11630 6656 8415 13909 4910 4315 9199 6226 2841 3854 4974 1620 8999 1415 2189 2341 7465 566 4091 12079 8489 2372 1092 6900 4855
internal_count=58073 32908 25165 21278 11256 11630 6656 8415 13909 4910 4315 9199 6226 2841 3854 4974 1620 8999 1415 2189 2341 7465 566 4091 12079 8489 2372 1092 6900 4855
is_linear=0
shrinkage=0.05


Tree=4
num_leaves=31
num_cat=0
split_feature=3 3 3 11 3 3 4 3 12 7 11 4 12 7 9 7 7 8 12 6 15 11 13 4 4 6 4 9 6 11
split_gain=15778.3 1726.78 1494.46 342.109 241.552 172.502 139.817 121.323 95.8917 77.931 77.1783 66.3369 62.1404 60.7241 60.471 57.4858 56.1517 55.4094 52.662 49.1428 90.3247 48.162 46.2102 46.1661 46.0055 45.3367 41.7698 41.3095 40.8075 38.8273
threshold=6.7898337841033944 4.6368768215179452 9.1815714836120623 4.9500000476837167 5.9136810302734384 3.5574620962142949 7.5050001144409189 7.780205726623536 0.47714059054851538 0.77275362610816967 3.6499999761581425 6.2249999046325692 -0.44618082046508784 0.71541279554367077 6.6250000000000009 0.77275362610816967 0.93851706385612499 0.021515898406505588 -0.16504132002592084 951.25000000000011 42.500000000000007 3.8500000238418584 0.37940952181816107 5.6050000190734872 4.0050001144409189 946.85000610351574 2.6350001096725468 8.1050000190734881 954.85000610351574 6.1499998569488534
decision_type=2 2 2 2 2 2 2 2 2 2 2 2 2 2 8 2 2 2 2 2 2 2 2 2 2 2 2 8 2 2
left_child=1 5 3 10 11 19 8 12 25 21 -2 15 -5 27 -9 22 -16 -18 -11 20 -1 -6 -3 -10 -14 29 -17 -7 -29 -4
right_child=2 4 6 7 9 13 -8 14 23 18 -12 -13 24 -15 16 26 17 -19 -20 -21 -22 -23 -24 -25 -26 -27 -28 28 -30 -31
leaf_value=-0.0083766909258748638 -0.0031542640164849579 -0.0030992510758782749 -0.0016829258752707411 0.0090618807283416366 -0.0026465167001564985 -0.0065225717480620372 0.030400408153450117 0.0022124644818669174 -0.0030246229026094059 0.00062983263994334244 0.0025553354889858745 0.0025894527527235926 -0.00098412925806362151 -0.0084053810108592735 0.014442703393292615 -0.0081433810223499326 0.012737626441266621 -0.0012033382831094785 -0.0052035007182252603 -0.0087689252897427648 -0.0070163211841398152 0.0013489001594198637 -0.005611050617680885 0.01384248844257556 0.0047768344590935156 0.024567074422752484 -0.0036997510310006324 0.0015901186046423405 -0.0065604960733326141 0.016808400494880041
leaf_weight=4158 1080 3906 83 1177 831 5021 5976 364 149 341 2274 217 488 1288 4609 573 325 243 631 6826 1131 3234 2187 757 2234 6285 635 191 130 645
leaf_count=4158 1080 3906 83 1177 831 5021 5976 364 149 341 2274 217 488 1288 4609 573 325 243 631 6826 1131 3234 2187 757 2234 6285 635 191 130 645
internal_value=-0.000604373 -0.0246862 0.0276373 0.0152981 -0.0103304 -0.034296 0.0389892 0.0201694 0.0345722 -0.00185442 0.00157785 -0.0160043 0.0133837 -0.0277619 0.0249279 -0.0168149 0.0263122 0.0113438 -0.0145343 -0.0378589 -0.0341235 0.00119165 -0.0148163 0.0190999 0.00920425 0.036556 -0.0267931 -0.02536 -0.00782209 0.0244202
internal_weight=57989 31300 26689 12794 12555 18745 13895 9440 7919 5037 3354 7518 3899 6630 5541 7301 5177 568 972 12115 5289 4065 6093 906 2722 7013 1208 5342 321 728
internal_count=57989 31300 26689 12794 12555 18745 13895 9440 7919 5037 3354 7518 3899 6630 5541 7301 5177 568 972 12115 5289 4065 6093 906 2722 7013 1208 5342 321 728
is_linear=0
shrinkage=0.05


Tree=5
num_leaves=31
num_cat=0
split_feature=3 3 3 3 11 3 4 14 9 12 5 11 8 12 7 5 13 7 8 9 15 7 12 12 7 8 6 7 5 9
split_gain=14839.1 2034.26 1173.44 266.761 253.838 178.309 140.225 137.017 94.686 87.7531 69.8947 65.5894 68.6424 60.7905 58.4088 55.3934 54.4816 57.6045 55.3146 52.0466 50.8226 50.6593 47.9228 47.6042 47.4017 45.0046 73.8548 42.9823 42.5396 43.516
threshold=7.0547201633453378 4.9714167118072519 9.2836713790893572 3.5574620962142949 4.9500000476837167 5.9136810302734384 7.5750000476837167 4.7850000858306894 7.5350000858306894 0.46173103153705602 1.9016666412353518 6.2500000000000009 0.7266007959842683 -0.52247866988182057 0.87828615307807933 2.8249999284744267 -0.7865660786628722 0.75047916173934948 -0.94362518191337574 8.2349996566772479 49.500000000000007 -0.94573098421096791 -0.36648726463317866 -0.53727915883064259 -0.97013339400291432 0.10738035291433336 953.95001220703136 -0.52458885312080372 4.4216666221618661 8.0050001144409197
decision_type=2 2 2 2 2 2 2 10 8 2 2 2 2 2 2 2 2 2 2 8 2 2 2 2 2 2 2 2 2 8
left_child=1 3 4 21 16 13 9 -7 20 28 -5 12 -10 -3 -9 -15 -2 18 -18 -12 22 24 -6 -23 -1 -11 -27 -8 -4 -30
right_child=2 5 6 10 8 7 27 14 11 25 19 -13 -14 15 -16 -17 17 -19 -20 -21 -22 23 -24 -25 -26 26 -28 -29 29 -31
leaf_value=-0.0072187342930833988 0.0072042336549731842 -0.0010763403689583075 0.011475257136713249 -0.0079889398990834592 0.013150686616771622 -0.003092482121851529 0.025358427944014314 0.0022242987896696725 0.0032042497825602759 0.015233698347190862 -0.005925609615294496 0.013737783681415459 0.013372155739694528 -0.006295639151401528 -0.0036438618138658926 -0.0031680731405580886 -0.00393412421532732 -0.0026233116050786627 0.0041481929358216877 -0.0016229192154599587 7.8493790917608813e-05 -0.0078435571642375725 0.0044015188503495868 -0.0083189165101123213 -0.00417197100090931 0.028483697631935125 -0.0013750512510738362 0.02888038774577761 0.011605576234144974 0.0241449426457691
leaf_weight=881 413 1566 728 1481 505 2296 939 3813 1103 549 6762 5000 456 1340 522 2580 240 854 1393 467 658 3049 1023 7689 418 121 337 4741 294 5796
leaf_count=881 413 1566 728 1481 505 2296 939 3813 1103 549 6762 5000 456 1340 522 2580 240 854 1393 467 658 3049 1023 7689 418 121 337 4741 294 5796
internal_value=-0.000682535 -0.0228026 0.028221 -0.0323077 0.0165794 -0.0065212 0.0382494 -0.00100211 0.0208286 0.0338506 -0.025611 0.0238346 0.0148018 -0.0131852 0.00422811 -0.0165096 0.00375215 0.000943018 0.00644078 -0.0235485 0.0117754 -0.0371408 0.0167645 -0.0382854 -0.027569 0.0199111 0.00820734 0.0442744 0.0358933 0.0372765
internal_weight=58014 32864 25150 20747 11645 12117 13505 6631 8745 7825 8710 6559 1559 5486 4335 3920 2900 2487 1633 7229 2186 12037 1528 10738 1299 1007 458 5680 6818 6090
internal_count=58014 32864 25150 20747 11645 12117 13505 6631 8745 7825 8710 6559 1559 5486 4335 3920 2900 2487 1633 7229 2186 12037 1528 10738 1299 1007 458 5680 6818 6090
is_linear=0
shrinkage=0.05


Tree=6
num_leaves=31
num_cat=0
split_feature=3 3 3 11 5 4 3 5 12 3 3 10 13 12 5 5 12 11 10 11 12 4 12 4 12 7 6 8 7 12
split_gain=13999.4 1749.53 1331.38 323.404 199.421 185.095 161.095 138.353 88.6533 84.6805 74.0541 71.753 65.0075 64.0768 62.3728 55.8146 54.4146 65.451 100.775 51.1074 49.1056 49.0033 48.4901 47.3982 42.603 49.9728 45.1273 42.1931 41.9257 40.2567
threshold=6.5066888332366952 9.1815714836120623 4.6726553440094003 4.1499998569488534 1.9016666412353518 7.5050001144409189 7.8626818656921396 2.5916665792465214 0.47714059054851538 5.9136810302734384 3.4410552978515629 0.9238443672657014 0.60355338454246532 -0.41467745602130884 3.3950001001358037 4.0850000381469735 -0.44618082046508784 7.2500000000000009 -0.8703225553035735 8.6500000953674334 0.28400452435016638 6.2249999046325692 -0.5663846731185912 5.2550001144409189 -0.63605400919914235 -0.43414571881294245 947.64999389648449 -0.6077672243118285 -0.52458885312080372 -0.16504132002592084
decision_type=2 2 2 2 2 2 2 2 2 2 2 2 2 2 2 2 2 2 2 2 2 2 2 2 2 2 2 2 2 2
left_child=2 3 4 14 22 8 16 29 15 21 -6 13 -13 -8 -2 -3 -5 -18 -19 -10 -16 27 -1 -15 -11 26 -26 -9 -7 -4
right_child=1 5 7 6 10 28 11 9 19 24 -12 12 -14 23 20 -17 17 18 -20 -21 -22 -23 -24 -25 25 -27 -28 -29 -30 -31
leaf_value=-0.0074328940674638277 -0.0036059592615810127 0.0068406342448679054 -0.004344056802551669 0.0068728481309668953 -0.0072919105130973107 0.02388649628186559 0.015174980998674887 -0.0020137529487328958 0.0037577153823751264 0.0021724738247537109 -0.0057334957996442327 0.020813335374265773 0.0072674729133529658 0.0030606097493390688 0.0043086442252822446 0.021881473807744984 2.6697743417566922e-05 0.00071056958456068304 0.013110566848015554 0.021152035578619291 -0.0027955770139867068 0.0029390250547859671 -0.0079145331997500096 0.0082168182798556862 -0.0013892034791332594 -0.0028427656807771063 0.005602078339679969 -0.0036943430546635594 0.027436368358488727 -0.0069031362320975207
leaf_weight=3098 1298 328 1272 1794 4021 989 1221 1655 484 653 5933 1039 326 1489 653 6719 1981 1307 994 388 390 216 5953 1858 527 1510 386 3320 5004 1222
leaf_count=3098 1298 328 1272 1794 4021 989 1221 1655 484 653 5933 1039 326 1489 653 6719 1981 1307 994 388 390 216 5953 1858 527 1510 386 3320 5004 1222
internal_value=-0.000706495 0.024495 -0.0246347 0.0122396 -0.0325907 0.0371273 0.0155527 -0.010575 0.0320608 -0.00745285 -0.0276735 0.0214129 0.0314964 0.0183687 -0.00475277 0.0339265 0.00981746 0.00674131 0.0124675 0.0168757 0.0043416 -0.0113453 -0.0379803 0.0147524 -0.000876339 -0.00393328 0.00528322 -0.0123594 0.0437896 -0.0208884
internal_weight=58028 28262 29766 14350 19005 13912 12009 10761 7919 8267 9954 5933 1365 4568 2341 7047 6076 4282 2301 872 1043 5191 9051 3347 3076 2423 913 4975 5993 2494
internal_count=58028 28262 29766 14350 19005 13912 12009 10761 7919 8267 9954 5933 1365 4568 2341 7047 6076 4282 2301 872 1043 5191 9051 3347 3076 2423 913 4975 5993 2494
is_linear=0
shrinkage=0.05


Tree=7
num_leaves=31
num_cat=0
split_feature=3 3 3 4 11 3 12 3 11 3 4 6 11 10 7 6 15 9 7 12 11 10 7 7 12 4 9 3 13 7
split_gain=13148.1 1917.27 1054.13 318.948 288.519 174.597 115.569 106.846 102.48 96.1095 71.2623 64.2531 68.4862 61.4922 61.3772 60.278 53.3802 50.6984 53.9372 47.7053 56.9859 90.7138 55.3544 43.9936 43.9891 59.2103 43.8095 42.1775 41.3026 40.0669
threshold=6.2774398326873788 8.6485924720764178 4.6029245853424081 7.1250000000000009 3.8500000238418584 2.7989460229873662 0.33379416167736059 7.6614181995391855 5.3500001430511483 5.3553149700164804 3.6450001001358037 946.54998779296886 5.9500000476837167 0.9238443672657014 0.63303324580192577 950.85000610351574 42.500000000000007 6.9149999618530282 0.94431108236312877 -0.55191597342491139 5.9500000476837167 -0.64942333102226246 -0.55354335904121388 0.77275362610816967 -0.44618082046508784 4.0050001144409189 6.9149999618530282 9.5943436622619647 -0.6035533845424651 0.68472337722778331
decision_type=2 2 2 2 2 2 2 2 2 2 2 2 2 2 2 2 2 10 2 2 2 2 2 2 2 2 10 2 2 2
left_child=2 4 5 6 -2 -1 11 24 -9 23 14 12 -3 28 16 -5 -7 -10 -19 -11 26 -22 -23 -4 -6 -26 -21 -13 -8 -30
right_child=1 3 9 15 7 10 13 8 17 19 -12 27 -14 -15 -16 -17 -18 18 -20 20 21 22 -24 -25 25 -27 -28 -29 29 -31
leaf_value=-0.0075188065397625101 -0.0026918560236578182 -0.0051507799185718838 -0.0039290866400141225 0.022141093967131893 0.0046568567224501353 -0.0063433181266090884 0.015208687230527271 0.0013449197857539682 0.0039425112968105641 0.00012867466924085664 -0.0047801546062492019 0.012931074912825037 0.012955511269735879 0.023714707909895535 -0.007435473192769779 0.026064549940564292 -0.0058591617120974868 0.012344433237980299 0.0013820234452659287 -0.0051786845037779042 -0.0030878044339302853 0.010284223269006564 2.3749285298489686e-05 -0.0064739721540753616 -0.0011913184797047755 0.002806802623888402 -0.0021430860797692921 0.021961019805720551 0.013309114978507544 0.0019532534410194591
leaf_weight=7356 1897 106 3870 2108 2032 4604 471 1144 568 1407 1388 2280 602 423 2556 5562 2643 2825 297 1341 894 247 426 706 1243 3247 909 3276 467 1121
leaf_count=7356 1897 106 3870 2108 2032 4604 471 1144 568 1407 1388 2280 602 423 2556 5562 2643 2825 297 1341 894 247 426 706 1243 3247 909 3276 467 1121
internal_value=-0.000835904 0.0224287 -0.0251852 0.0338469 0.00827802 -0.0321933 0.0272883 0.011293 0.016925 -0.0119123 -0.0282288 0.030914 0.0165498 0.0180941 -0.0297359 0.0413029 -0.0273373 0.0209743 0.023473 -0.00726716 -0.0101648 -0.00283079 0.0109882 -0.0172015 0.00710893 0.00433815 -0.015255 0.0327279 0.0144622 0.0105461
internal_weight=58016 29669 28347 16416 13253 18547 8746 11356 4834 9800 11191 6264 708 2482 9803 7670 7247 3690 3122 5224 3817 1567 673 4576 6522 4490 2250 5556 2059 1588
internal_count=58016 29669 28347 16416 13253 18547 8746 11356 4834 9800 11191 6264 708 2482 9803 7670 7247 3690 3122 5224 3817 1567 673 4576 6522 4490 2250 5556 2059 1588
is_linear=0
shrinkage=0.05


Tree=8
num_leaves=31
num_cat=0
split_feature=3 3 3 5 4 3 3 11 3 12 7 10 11 13 7 7 6 6 12 15 4 13 4 12 12 12 8 15 5 10
split_gain=12381.7 1924.95 995.838 298.091 229.187 195.293 158.564 111.095 101.172 85.3661 72.7848 65.8675 65.3237 64.1204 58.9524 52.8268 52.7468 46.372 46.2712 46.2267 46.0118 45.7225 45.3453 51.4754 45.0807 45.0018 68.6443 50.5602 43.5171 51.3227
threshold=6.2409205436706552 9.1815714836120623 3.9562833309173588 3.6716667413711552 7.6150000095367441 5.0506370067596444 7.780205726623536 3.4500000476837163 2.6820437908172612 0.19936034083366397 0.77275362610816967 0.94260558485984813 5.8500001430511483 0.60355338454246532 0.88234141469001781 0.90542393922805797 950.85000610351574 946.54998779296886 -0.41467745602130884 19.500000000000004 6.0850000381469735 0.60355338454246532 2.6049998998641972 -0.63605400919914235 0.026175950653851036 -0.60873827338218678 -0.93168920278549183 75.500000000000014 2.4616667032241826 -0.90255093574523915
decision_type=2 2 2 2 2 2 2 2 2 2 2 2 2 2 2 2 2 2 2 2 2 2 2 2 2 2 2 2 2 2
left_child=2 3 8 7 9 28 -5 24 -1 -3 20 18 -11 -13 17 -16 -6 19 -8 -9 21 -7 23 -10 -2 -19 -27 -28 -4 -30
right_child=1 4 5 6 16 10 11 14 22 12 -12 13 -14 -15 15 -17 -18 25 -20 -21 -22 -23 -24 -25 -26 26 27 -29 29 -31
leaf_value=-0.0071428662127743852 6.3865684774434828e-05 0.020254593913557162 -0.0062450930227269932 0.0027795624414572217 0.023040827423184567 -0.0012791313614745241 0.013878542299820896 0.013554848073686121 -0.0056921991260155012 0.0054659735250331305 -0.0046949267495239371 0.021510307522350489 0.018664758464443789 0.0052824595469748471 -0.0071564247024909992 -0.00064408032843937119 0.02484465569739655 0.0083747676548569273 0.0064222824945491981 -0.0033326613623381215 0.0029764899921136917 -0.00420304047247209 -0.0053474029214615765 -0.0069264734015937884 -0.0053438571616077337 -0.0033486224611936465 0.0045963364462646957 -0.0054532994698886497 -0.0047911466375181629 -0.0032596270162608869
leaf_weight=6620 361 4647 2849 5072 1540 3906 1250 92 1652 810 1170 790 2889 251 146 683 4075 496 3757 491 265 1479 2071 4311 766 336 1325 207 1659 2091
leaf_count=6620 361 4647 2849 5072 1540 3906 1250 92 1652 810 1170 790 2889 251 146 683 4075 496 3757 491 265 1479 2071 4311 766 336 1325 207 1659 2091
internal_value=-0.000942958 0.0213978 -0.0248041 0.00956763 0.0349671 -0.0149546 0.0140944 -0.000702934 -0.0338154 0.0296731 -0.00901099 0.0195605 0.0239336 0.0310229 0.0034118 -0.00833333 0.0428025 0.00672425 0.0171488 -0.00586735 -0.00664898 -0.00765306 -0.0299913 -0.0322302 -0.0144435 0.00983537 0.00624666 0.0107352 -0.0210857 -0.0174967
internal_weight=58057 29984 28073 16023 13961 13419 11120 4903 14654 8346 6820 6048 3699 1041 3776 829 5615 2947 5007 583 5650 5385 8034 5963 1127 2364 1868 1532 6599 3750
internal_count=58057 29984 28073 16023 13961 13419 11120 4903 14654 8346 6820 6048 3699 1041 3776 829 5615 2947 5007 583 5650 5385 8034 5963 1127 2364 1868 1532 6599 3750
is_linear=0
shrinkage=0.05


Tree=9
num_leaves=31
num_cat=0
split_feature=5 5 9 9 5 9 5 14 9 12 12 14 5 14 12 10 8 15 5 12 10 14 2 10 14 7 15 9 10 13
split_gain=10658.6 1695.14 1404.18 488.422 426.109 227.17 195.634 170.797 169.824 110.372 92.1821 83.4755 70.4407 70.1648 63.3298 60.4531 60.1564 61.169 53.4112 52.9593 51.9335 51.2771 50.6075 48.2638 63.5897 47.7509 51.3422 46.4117 43.3411 40.6761
threshold=3.9583333730697636 2.5516666173934941 8.4549999237060565 5.3849999904632577 5.6283333301544198 7.1549999713897714 1.9016666412353518 5.3550000190734872 9.8949999809265154 0.41467745602130895 0.36648726463317877 3.8549998998641972 4.4449999332427987 5.0850000381469735 -0.38266885280609125 -0.98624804615974415 0.8730936348438264 18.500000000000004 3.1650000810623173 -0.53727915883064259 0.9238443672657014 7.6449999809265146 42.500000000000007 0.9238443672657014 9.2550001144409197 -0.52458885312080372 50.500000000000007 3.9150000810623173 0.9170251488685609 -0.6035533845424651
decision_type=2 2 8 8 2 10 2 10 10 2 2 8 2 10 2 2 2 2 2 2 2 10 2 2 10 2 2 10 2 2
left_child=1 6 5 14 9 12 19 10 20 25 18 22 21 -7 -3 -14 17 -9 -5 -1 -6 -2 27 24 -10 -4 -27 -8 -15 -11
right_child=2 3 4 7 8 13 11 16 23 29 -12 -13 15 28 -16 -17 -18 -19 -20 -21 -22 -23 -24 -25 -26 26 -28 -29 -30 -31
leaf_value=-0.006386707705636251 -0.0034569015417008561 -0.0033357999174121414 0.0065048112018755147 -0.0021567314272177454 0.0093511682506124492 -0.00045168374741914321 -0.0066477237661030017 0.0091014648386874338 0.017685755927968616 0.01020603445348324 -0.0044736457356963208 -0.004754339243107167 -0.0023099230518668517 0.006643147312307438 -0.0052215682436494637 0.002570020812470783 0.0083888111092923195 0.00037833615279613268 0.00080508872653691367 -0.0067857229021356658 0.022684087765324712 0.0055527978363270735 -0.0050059165954210189 0.023852422674108142 0.02351908965866625 0.016321809169793752 0.013148188598663313 -0.0057506552606836408 0.014725609788238276 0.0021763089575976254
leaf_weight=3229 1332 1158 932 2147 1808 564 2388 168 1313 354 1560 2660 982 2407 3571 1975 665 3881 1907 6022 705 214 707 2436 4648 1746 2697 2097 558 1130
leaf_count=3229 1332 1158 932 2147 1808 564 2388 168 1313 354 1560 2660 982 2407 3571 1975 665 3881 1907 6022 705 214 707 2436 4648 1746 2697 2097 558 1130
internal_value=-0.00114464 -0.0203482 0.0227912 -0.00810981 0.0306318 0.00543735 -0.031117 -0.00201297 0.0367751 0.0208406 -0.00790176 -0.0252768 -0.00200754 0.0149264 -0.021409 0.00251519 0.00500106 0.00270104 -0.00391722 -0.0360577 0.025278 -0.0106383 -0.0289783 0.0401988 0.0376718 0.0241729 0.0263377 -0.0309465 0.0179966 0.00873069
internal_weight=57961 32160 25801 15057 17769 8032 17103 10328 10910 6859 5614 7852 4503 3529 4729 2957 4714 4049 4054 9251 2513 1546 5192 8397 5961 5375 4443 4485 2965 1484
internal_count=57961 32160 25801 15057 17769 8032 17103 10328 10910 6859 5614 7852 4503 3529 4729 2957 4714 4049 4054 9251 2513 1546 5192 8397 5961 5375 4443 4485 2965 1484
is_linear=0
shrinkage=0.05


Tree=10
num_leaves=31
num_cat=0
split_feature=3 3 3 5 3 11 11 3 10 3 3 5 7 7 6 5 9 6 7 7 6 13 6 7 7 6 10 10 12 9
split_gain=11087.4 1606.59 1154.25 257.301 216.215 168.804 119.965 119.495 97.8015 96.3843 85.3989 81.8994 72.0852 71.5146 71.5042 58.8711 56.7267 55.8586 54.8201 75.1419 60.1418 50.4279 60.334 49.8036 49.7958 49.7509 55.6488 49.3925 48.7298 46.1708
threshold=6.4245519638061532 9.5433130264282244 3.888119220733643 3.9583333730697636 5.3553149700164804 6.7500000000000009 3.6499999761581425 7.780205726623536 0.9170251488685609 2.5539633035659794 11.388372898101808 2.0449999570846562 0.88234141469001781 0.94982600212097179 958.54998779296886 2.5283333063125615 6.9149999618530282 946.64999389648449 0.98049062490463268 0.99276849627494823 959.95001220703136 0.12940952181816109 949.25000000000011 -0.52458885312080372 0.90906259417533886 951.35000610351574 -0.92384436726570118 0.87032255530357372 -0.63605400919914235 4.305000066757203
decision_type=2 2 2 2 2 2 2 2 2 2 2 2 2 2 2 2 8 2 2 2 2 2 2 2 2 2 2 2 2 8
left_child=2 3 9 6 11 27 -2 -5 10 -1 -7 -4 17 16 -15 -6 -9 -8 23 20 -20 22 -18 -12 -14 26 -13 -3 -11 -30
right_child=1 5 4 7 15 8 12 13 -10 28 18 25 24 14 -16 -17 21 -19 19 -21 -22 -23 -24 -25 -26 -27 -28 -29 29 -31
leaf_value=-0.006446436757028883 -0.0028859103674021172 0.0022732766219898922 -0.0062502189387842466 0.0032320917339982353 -0.0050841158215057178 0.015506119898677879 -0.0010268235554068362 0.0023008498595439076 0.022612832737343061 -0.004867818372614398 0.021716831134048181 -0.0041658774164853793 -0.0067343158235019787 -0.0036967573413011728 0.0081842469183537585 -0.0010505483368870743 0.0074885241148526828 0.0044866460194605889 -0.0046568658971506693 0.022712832641975628 0.021793566389713762 0.0093351257910787664 0.015118525083968033 0.022483866988250917 -8.8228447816058469e-05 -0.004406842083086145 -0.0019062124526750123 0.013493153691573213 -0.0062383039415748534 -0.0056284368541701839
leaf_weight=5963 1327 331 1537 3841 802 3396 680 411 2837 2103 629 1671 186 292 380 5360 1109 2886 153 227 82 2197 2301 3110 882 3586 2124 1536 4572 1577
leaf_count=5963 1327 331 1537 3841 802 3396 680 411 2837 2103 629 1671 186 292 380 5360 1109 2886 153 227 82 2197 2301 3110 882 3586 2124 1536 4572 1577
internal_value=-0.00106725 0.020965 -0.0227218 0.0107595 -0.0130792 0.0346376 0.00245558 0.0154565 0.0371204 -0.032943 0.0341029 -0.0180545 0.00625135 0.0194922 0.00398818 -0.00586995 0.0212187 0.00966116 0.0389087 0.0222698 0.00229167 0.0225321 0.0263543 0.0409322 -0.00512582 -0.0158475 -0.0118289 0.0206998 -0.0293932 -0.0316623
internal_weight=58088 28793 29295 16492 15080 12301 5961 10531 10434 14215 7597 8918 4634 6690 672 6162 6018 3566 4201 462 235 5607 3410 3739 1068 7381 3795 1867 8252 6149
internal_count=58088 28793 29295 16492 15080 12301 5961 10531 10434 14215 7597 8918 4634 6690 672 6162 6018 3566 4201 462 235 5607 3410 3739 1068 7381 3795 1867 8252 6149
is_linear=0
shrinkage=0.05


Tree=11
num_leaves=31
num_cat=0
split_feature=5 4 5 9 9 5 11 9 14 12 12 14 9 5 6 10 9 12 10 5 6 12 11 15 8 8 15 13 10 6
split_gain=9521.14 1818.41 955.363 614.861 330.304 271.109 166.996 143.199 135.099 113.782 105.142 103.983 85.7937 76.3467 74.8078 73.36 73.1309 68.8377 68.3007 67.4117 65.0612 61.3123 58.8861 53.8153 95.868 53.5119 50.9912 64.4905 48.372 46.8634
threshold=3.4316667318344121 6.3550000190734872 2.2350000143051152 7.1549999713897714 4.5750000476837167 6.2016665935516366 6.4500000476837167 10.444999694824221 5.1949999332427987 -0.52247866988182057 0.44618082046508795 8.1649999618530291 8.4149999618530291 4.4449999332427987 949.35000610351574 0.30069434642791754 4.0250000953674325 0.46173103153705602 0.93038213253021251 1.4583333730697634 946.45001220703136 -0.50751903653144825 4.2500000000000009 35.500000000000007 -0.69870123267173756 0.93168920278549205 37.500000000000007 -0.91597560048103321 0.87878364324569713 950.85000610351574
decision_type=2 2 2 8 8 2 2 10 8 2 2 10 10 2 2 2 10 2 2 2 2 2 2 2 2 2 2 2 2 2
left_child=2 3 9 11 23 14 10 18 21 19 20 13 -8 -2 -3 -15 -11 -14 -7 -1 -5 -6 -16 -4 -25 -17 -23 -28 -24 -9
right_child=1 5 4 6 8 7 12 29 -10 16 -12 -13 17 15 22 25 -18 -19 -20 -21 -22 26 28 24 -26 -27 27 -29 -30 -31
leaf_value=-0.0061401068106036131 -0.0030965685222438138 0.0046128776728801791 -0.0053306175893169192 -0.0015432395810852486 -0.0011542613886990453 0.0092302421048525204 0.006115685225766037 0.020537581208073481 3.1152397043635731e-05 -0.006124114919177439 -0.0024783930601557378 0.0039717359916560391 0.014142569292859331 -0.0020371739833235092 -0.00068105165044329288 0.0066642302444167474 -0.0056495078790346764 0.0052883514617618451 0.021669240548098431 -0.0047963474064508325 0.0053267164032863509 -0.0054057268758777423 0.01014357445195687 -0.0007037716132352684 -0.0058055054653776712 -0.007281359303115147 0.0017175928463479791 -0.0035905775573966238 0.019564140695194215 0.02138560833404134
leaf_weight=1531 3440 1140 2250 463 1532 1416 3195 1682 3158 6805 938 1131 2910 1394 181 738 1900 525 677 3192 3520 1520 1110 553 1463 113 416 2528 1960 4612
leaf_count=1531 3440 1140 2250 463 1532 1416 3195 1682 3158 6805 938 1131 2910 1394 181 738 1900 525 677 3192 3520 1520 1110 553 1463 113 416 2528 1960 4612
internal_value=-0.00126297 0.0175457 -0.0230812 0.00746516 -0.0136387 0.0320269 0.0144903 0.0373034 -0.00827601 -0.0325095 0.00750102 -0.00444216 0.0196684 -0.00719684 0.0219177 -2.22222e-05 -0.0359185 0.0251599 0.025858 -0.026195 0.0110456 -0.0126812 0.0257832 -0.0251229 -0.0190995 0.011507 -0.0156411 -0.0117667 0.0274146 0.0410859
internal_weight=57993 31145 26848 18367 13420 12778 11551 8387 9154 13428 4921 6816 6630 5685 4391 2245 8705 3435 2093 4723 3983 5996 3251 4266 2016 851 4464 2944 3070 6294
internal_count=57993 31145 26848 18367 13420 12778 11551 8387 9154 13428 4921 6816 6630 5685 4391 2245 8705 3435 2093 4723 3983 5996 3251 4266 2016 851 4464 2944 3070 6294
is_linear=0
shrinkage=0.05


Tree=12
num_leaves=31
num_cat=0
split_feature=5 5 4 14 14 4 14 15 10 4 6 12 6 15 12 8 4 11 10 7 6 15 12 15 6 13 12 2 8 7
split_gain=9207.43 1646.06 1209.15 313.422 244.26 203.64 187.264 153.814 137.994 108.619 97.7044 94.1166 93.3914 88.2598 82.2458 76.8619 75.1481 73.4324 65.1551 70.0782 63.9729 63.0394 62.7285 61.5531 85.402 59.2997 57.8301 55.4301 54.0837 48.0431
threshold=4.0116667747497567 2.5283333063125615 6.5650000572204599 6.9749999046325692 5.0850000381469735 7.8550000190734872 3.6950000524520878 24.500000000000004 0.87032255530357372 3.745000004768372 949.54998779296886 0.44618082046508795 950.85000610351574 28.500000000000004 0.39873388409614569 -0.20061247795820233 2.4900000095367436 7.1499998569488534 -0.96811076998710621 0.98666161298751842 951.04998779296886 56.500000000000007 -0.07845610752701758 74.500000000000014 960.45001220703136 0.60355338454246532 -0.52247866988182057 40.500000000000007 -0.62132811546325672 0.61287125945091259
decision_type=2 2 2 10 10 2 8 2 2 2 2 2 2 2 2 2 2 2 2 2 2 2 2 2 2 2 2 2 2 2
left_child=1 6 3 8 7 10 16 -3 13 20 -4 -10 -7 -2 -6 -12 26 -13 22 23 28 -21 -5 -20 -25 29 -1 -22 -9 -8
right_child=2 4 5 18 14 12 25 9 11 -11 15 17 -14 -15 -16 -17 -18 -19 19 21 27 -23 -24 24 -26 -27 -28 -29 -30 -31
leaf_value=-0.0055241063917720202 -0.0026509021784445171 -0.0050202474523580592 0.0089204446492308111 0.0081600736390099841 0.00046579752894844451 0.018978425428578173 -0.003028337423110013 0.0026876457447645228 0.010905197999085785 -0.0012098176638952866 0.019895091221043382 -0.002802400561839718 0.020376546232973042 0.0011390447551063471 -0.0032108550119879994 0.016211656782653489 -0.0050401155551302599 0.0059982324272446 0.013906198921802971 -0.01245700040201931 -0.0047848282072431789 0.0065528877344357035 0.00061573196221302866 -0.00034487913471597799 0.01546473053031229 -0.0057799365674005513 -0.0058179091732185667 -0.00023399029361753437 -0.0032991293870299728 -0.0057763945410509478
leaf_weight=3368 1546 1728 1689 1314 5989 1435 1917 326 1196 3567 2015 876 3511 1804 1117 2719 2390 987 3916 106 1938 316 1027 573 330 1612 6992 330 817 595
leaf_count=3368 1546 1728 1689 1314 5989 1435 1917 326 1196 3567 2015 876 3511 1804 1117 2719 2390 987 3916 106 1938 316 1027 573 330 1612 6992 330 817 595
internal_value=-0.00130058 -0.01884 0.0213049 0.0114568 -0.00724537 0.0334139 -0.0296996 -0.0128573 0.00331307 -0.00953745 0.0274969 0.0109824 0.0410624 -0.00369598 -0.000365631 0.031188 -0.0327009 0.00393469 0.018334 0.0214354 -0.0159104 0.00187354 0.0113598 0.0231447 0.0112885 -0.0203923 -0.0345586 -0.0207655 -0.00622822 -0.0155344
internal_weight=58046 32686 25360 13991 15812 11369 16874 8706 6409 6978 6423 3059 4946 3350 7106 4734 12750 1863 7582 5241 3411 422 2341 4819 903 4124 10360 2268 1143 2512
internal_count=58046 32686 25360 13991 15812 11369 16874 8706 6409 6978 6423 3059 4946 3350 7106 4734 12750 1863 7582 5241 3411 422 2341 4819 903 4124 10360 2268 1143 2512
is_linear=0
shrinkage=0.05


Tree=13
num_leaves=31
num_cat=0
split_feature=3 3 3 4 5 3 11 10 12 6 9 12 14 12 8 10 13 8 5 7 4 6 7 12 5 10 13 4 12 13
split_gain=9471.96 1566.51 1077.71 231.011 214.367 158.213 157.376 94.7871 86.8991 83.1728 79.3169 78.5257 77.9483 70.525 70.2622 66.2466 57.7377 57.2879 56.2001 55.3082 56.7211 52.1521 47.48 54.1763 46.8478 46.4489 46.3507 46.3238 46.2264 45.6303
threshold=7.0910441875457773 4.6029245853424081 9.5433130264282244 7.6150000095367441 1.9016666412353518 5.9595904350280771 5.5499999523162851 0.93038213253021251 0.36648726463317877 950.85000610351574 4.5750000476837167 -0.63605400919914235 4.7850000858306894 -0.41467745602130884 0.70785933732986461 0.9170251488685609 1.0000000180025095e-35 0.021515898406505588 5.808333396911622 0.75047916173934948 2.4900000095367436 958.54998779296886 -0.94573098421096791 -0.47714059054851526 4.4716665744781503 0.84335932135581981 0.60355338454246532 4.8150000572204599 -0.55191597342491139 -0.91597560048103321
decision_type=2 2 2 2 2 2 2 2 2 2 8 2 10 2 2 2 2 2 2 2 2 2 2 2 2 2 2 2 2 2
left_child=1 4 6 8 11 19 14 13 21 18 22 -1 -7 29 16 -10 -2 -18 -5 28 -21 -4 25 -24 -23 -6 -9 -15 -3 -8
right_child=2 5 3 9 10 12 7 26 15 -11 -12 -13 -14 27 -16 -17 17 -19 -20 20 -22 24 23 -25 -26 -27 -28 -29 -30 -31
leaf_value=-0.0052098512595822625 0.0028813866547667435 -0.00076069498881104272 0.014846141819358311 -0.0013208462404042387 -0.0041395518177099718 -0.0023433265326104902 0.0028047409015658862 0.017322266409586163 0.0054833456065945798 0.019297500605690621 -0.0037154639381209603 -0.0055270137145576386 0.00095690893411752857 9.6762516007081756e-05 0.0055411529055519344 0.01948974724685586 5.6685543472793925e-05 -0.0061325273613108706 0.018470948056110447 -0.0059358555843276872 -0.0022409744127513259 0.0056290171013280016 -0.0037976353175987821 -0.0053695459961861491 0.019806755281688876 2.5687514828953708e-06 0.0050099074661967367 0.0056357174350417554 -0.0030469038205431609 0.012051505885117861
leaf_weight=2825 1313 1962 3475 91 671 2278 429 1412 1290 4011 3258 6122 4367 1179 1019 374 1110 564 1371 603 777 155 1082 4216 1540 301 374 3400 4727 1731
leaf_count=2825 1313 1962 3475 91 671 2278 429 1412 1290 4011 3258 6122 4367 1179 1019 374 1110 564 1371 603 777 155 1082 4216 1540 301 374 3400 4727 1731
internal_value=-0.00125017 -0.0187248 0.0220988 0.0326064 -0.0284172 -0.00654936 0.0117701 0.0156096 0.0264366 0.0402793 -0.0231721 -0.0339868 -0.000834586 0.0128781 0.00359013 0.016417 -0.000284091 -0.0064324 0.0298569 -0.0112522 -0.020361 0.0296425 -0.0264701 -0.0283424 0.0369118 -0.016172 0.0258515 0.00934773 -0.00935913 0.0203233
internal_weight=58027 33189 24838 12307 18475 14714 12531 8525 6834 5473 9528 8947 6645 6739 4006 1664 2987 1674 1462 8069 1380 5170 6270 5298 1695 972 1786 4579 6689 2160
internal_count=58027 33189 24838 12307 18475 14714 12531 8525 6834 5473 9528 8947 6645 6739 4006 1664 2987 1674 1462 8069 1380 5170 6270 5298 1695 972 1786 4579 6689 2160
is_linear=0
shrinkage=0.05


Tree=14
num_leaves=31
num_cat=0
split_feature=3 3 3 3 11 10 3 11 7 3 7 12 13 11 7 8 9 12 7 10 8 6 8 13 9 3 7 8 7 7
split_gain=9044.83 1575.7 1114.39 215.964 187.631 170.257 155.186 124.927 76.1503 74.9784 74.6201 87.3021 74.2326 68.694 88.8653 61.0841 59.2653 55.5598 54.8478 52.9629 55.4774 51.0374 50.5559 70.7155 49.6036 49.0821 48.3711 60.8956 48.0084 45.1723
threshold=7.1714112758636483 4.5675885677337655 10.437313556671144 2.7582964897155766 5.3500001430511483 0.9238443672657014 5.9595904350280771 8.6500000953674334 0.68472337722778331 8.0404844284057635 -0.41079147160053248 -0.5663846731185912 -0.6035533845424651 9.3499999046325701 0.25293653458356863 0.70785933732986461 7.3450000286102304 -0.3172925859689712 -0.52458885312080372 0.90992662310600292 0.10738035291433336 946.95001220703136 0.021515898406505588 0.60355338454246532 9.1750001907348651 3.7537837028503422 -0.94573098421096791 -0.23416947573423383 0.61963334679603588 0.77275362610816967
decision_type=2 2 2 2 2 2 2 2 2 2 2 2 2 2 2 2 10 2 2 2 2 2 2 2 8 2 2 2 2 2
left_child=1 3 4 26 15 9 29 19 25 -6 21 -12 -13 14 -7 22 -15 -11 -9 20 -4 -8 -2 -24 -19 -5 27 -1 -22 -3
right_child=2 6 7 8 5 13 10 18 -10 17 11 12 -14 16 -16 -17 -18 24 -20 -21 28 -23 23 -25 -26 -27 -28 -29 -30 -31
leaf_value=0.0027835104598255729 0.0022242902472931789 -0.0024912561430678912 0.016282469146385047 -0.0045554965101567623 0.0025580601431223122 0.0047734455233780339 -0.00010297444129966083 0.017543436654977703 -0.00525057173827863 0.011548870826229055 0.0034572896115973154 0.00091785028657972588 -0.0033935232760858207 0.0032001709130562608 0.015669562299674384 0.0053922662298633711 0.018625791304570882 0.0031407329870240005 0.018332625575406093 0.017841321012462674 0.014975853077914061 0.0041205696094183068 0.0011087723934606595 -0.0063985485528375938 0.0083356528883745534 -0.0038036103384994496 -0.0052506630288297572 -0.0045079323394535895 -0.0018753097454600855 -0.0040769581059640096
leaf_weight=114 1929 6859 802 4805 2483 755 1540 1034 2397 2081 748 1088 2417 143 820 1000 1229 1718 5646 653 224 1290 568 430 2644 4030 6341 594 347 1327
leaf_count=114 1929 6859 802 4805 2483 755 1540 1034 2397 2081 748 1088 2417 143 820 1000 1229 1718 5646 653 224 1290 568 430 2644 4030 6341 594 347 1327
internal_value=-0.00119702 -0.0180629 0.0218922 -0.027964 0.0139703 0.017103 -0.00620335 0.036253 -0.0236362 0.0136491 -0.000783014 -0.00496712 -0.00827635 0.0275237 0.0202848 0.00448881 0.0357298 0.0164935 0.0395662 0.0252585 0.0195573 0.00550265 0.000835607 -0.00827517 0.0132585 -0.0214649 -0.0348384 -0.0221599 0.00755208 -0.01089
internal_weight=58056 33550 24506 18281 15800 11873 15269 8706 11232 8926 7083 4253 3505 2947 1575 3927 1372 6443 6680 2026 1373 2830 2927 998 4362 8835 7049 708 571 8186
internal_count=58056 33550 24506 18281 15800 11873 15269 8706 11232 8926 7083 4253 3505 2947 1575 3927 1372 6443 6680 2026 1373 2830 2927 998 4362 8835 7049 708 571 8186
is_linear=0
shrinkage=0.05


Tree=15
num_leaves=31
num_cat=0
split_feature=3 3 3 3 3 3 10 3 11 11 5 5 7 12 12 10 9 7 8 7 8 10 9 12 5 10 11 8 15 8
split_gain=8471.87 1564.51 998.176 225.007 199.124 166.464 156.273 121.639 110.423 85.3844 79.2893 74.3184 68.4844 68.2827 61.9137 60.1061 53.6619 58.3289 50.1186 49.0407 84.4345 49.8105 49.0269 48.548 51.2239 56.3831 47.3563 47.2625 42.4476 41.6708
threshold=6.4245519638061532 9.5433130264282244 3.9562833309173588 11.388372898101808 8.0404844284057635 5.3553149700164804 0.9170251488685609 2.5539633035659794 3.8500000238418584 5.5499999523162851 6.2016665935516366 2.0449999570846562 -0.52458885312080372 -0.63605400919914235 0.39873388409614569 0.9238443672657014 4.305000066757203 -0.94000589847564686 0.70785933732986461 0.78354993462562572 0.073094449937343611 -0.98321744799613942 7.6250000000000009 -0.52247866988182057 4.4449999332427987 -0.58068084716796864 9.0500001907348651 0.12447811290621759 31.500000000000004 0.54162281751632702
decision_type=2 2 2 2 2 2 2 2 2 2 2 2 2 2 2 2 8 2 2 2 2 2 10 2 2 2 2 2 2 2
left_child=2 4 7 6 8 11 14 -1 -2 18 27 -4 29 -9 -3 -11 17 -15 28 21 22 -10 -21 -7 -25 -26 -23 -5 -6 -12
right_child=1 3 5 10 9 23 -8 13 19 15 12 -13 -14 16 -16 -17 -18 -19 -20 20 -22 26 -24 24 25 -27 -28 -29 -30 -31
leaf_value=-0.0049881298773882688 -0.0023052627682777272 0.011875282157199966 -0.004990236894689185 0.016707755591218336 -0.0045409893752028155 0.00044432271952271483 0.017226212850688139 -0.0036504219994285382 -0.00012942921063595486 0.0076855634524312655 0.0040064618286396181 -0.0030934857807728144 0.017598827362137848 -0.0029550979130012582 0.0038583550068225212 0.016037241420669996 -0.0044164552489445903 -0.0049764365424518897 0.0063829300323628409 -0.0016786123394838372 -0.0052724250291760789 0.0029162374344907276 0.0060586142290215417 -0.0027374443956936266 -0.0017594597382195516 0.0049329730345075819 0.0081578914615862558 0.004992226147884477 0.0015060111061774547 0.018480230418641701
leaf_weight=5918 1492 3866 1374 500 192 1797 1897 2135 1481 3873 233 7063 4210 507 890 1331 1733 4255 553 405 619 3598 417 3147 715 501 1125 317 1347 417
leaf_count=5918 1492 3866 1374 500 192 1797 1897 2135 1481 3873 233 7063 4210 507 890 1331 1733 4255 553 405 619 3598 417 3147 715 501 1125 317 1347 417
internal_value=-0.0012208 0.0180287 -0.0202178 0.0314876 0.00792371 -0.0109745 0.0252103 -0.0294853 0.00300263 0.0140803 0.0388156 -0.0155354 0.0412539 -0.025663 0.0203319 0.0175082 -0.0282231 -0.0309838 0.00553171 0.00543137 -0.00286999 0.00736028 0.0076179 -0.00472019 -0.00756639 0.0011466 0.00986675 0.0241484 0.000874352 0.0258015
internal_weight=57908 28763 29145 12330 16433 14597 6653 14548 9137 7296 5677 8437 4860 8630 4756 5204 6495 4762 2092 7645 1441 6204 822 6160 4363 1216 4723 817 1539 650
internal_count=57908 28763 29145 12330 16433 14597 6653 14548 9137 7296 5677 8437 4860 8630 4756 5204 6495 4762 2092 7645 1441 6204 822 6160 4363 1216 4723 817 1539 650
is_linear=0
shrinkage=0.05


Tree=16
num_leaves=31
num_cat=0
split_feature=3 3 3 3 3 3 4 10 13 12 5 10 12 12 10 4 13 7 7 10 4 6 7 15 2 5 7 5 6 12
split_gain=8088.36 1479.71 1087.89 187.748 184.374 169.675 162.855 115.409 107.918 76.7066 100.321 75.0479 98.9574 69.5172 69.4262 69.2268 67.0347 64.4667 60.3783 61.9923 56.5618 55.5818 54.6614 76.6471 50.3088 48.1383 47.7285 45.5864 44.5782 41.3398
threshold=7.1714112758636483 4.3846065998077401 10.364748001098635 2.6383464336395268 5.5117216110229501 8.3825855255126971 7.7850000858306894 0.9238443672657014 0.12940952181816109 -0.63605400919914235 3.3483332395553593 0.9170251488685609 0.26722820103168493 -0.33379416167736048 0.9170251488685609 2.6049998998641972 0.78656607866287243 0.77275362610816967 -0.25707612931728357 0.87032255530357372 5.2550001144409189 950.85000610351574 -0.66248837113380421 47.500000000000007 42.500000000000007 3.1650000810623173 0.99630826711654674 2.4183334112167363 942.95001220703136 -0.53727915883064259
decision_type=2 2 2 2 2 2 2 2 2 2 2 2 2 2 2 2 2 2 2 2 2 2 2 2 2 2 2 2 2 2
left_child=1 3 5 22 24 8 11 13 14 28 15 12 -4 -7 -2 -11 -9 -6 -10 -20 -15 -8 23 -1 27 -26 29 -3 -5 -19
right_child=2 4 6 9 17 7 21 16 18 10 -12 -13 -14 20 -16 -17 -18 26 19 -21 -22 -23 -24 -25 25 -27 -28 -29 -30 -31
leaf_value=-0.0044698088983079094 0.0034287460651698993 -0.0046626176182228574 0.015749691045063609 -0.0047870950180184313 3.3747931500836827e-05 0.012044341145096633 0.016309383153792229 0.016490551699559999 0.0040535917928452595 -0.0047382031192154013 -0.0022593043678870331 0.017097292544922666 0.0085103791148291724 0.0011652594850526359 0.0091531115136694458 -0.003983407370774762 0.0045178634490982165 0.00085060172543785929 0.0032419632167888222 -0.0044702730173624139 0.0062593300437297 0.016619386182389374 -0.0047387233835188558 0.00030657295401490887 -0.0018476287702179754 0.0062426771961708802 0.003998904256181165 -0.0028110312018731175 -0.0028073544109129172 -0.0037423142471482542
leaf_weight=1442 2937 1608 2263 457 7738 1599 1156 1796 1196 5070 859 831 1284 1369 912 2094 453 301 545 1023 3758 3354 4707 229 909 116 264 4234 2262 1283
leaf_count=1442 2937 1608 2263 457 7738 1599 1156 1796 1196 5070 859 831 1284 1369 912 2094 453 301 545 1023 3758 3354 4707 229 909 116 264 4234 2262 1283
internal_value=-0.00113429 -0.0170692 0.0207222 -0.0273577 -0.00635861 0.0127557 0.034679 0.0172327 0.0066712 -0.0232995 -0.0257661 0.0277436 0.0245073 0.0139355 0.0120784 -0.0277026 0.0270408 -0.00187676 -0.000866739 -0.00731087 0.0110776 0.0413732 -0.0341689 -0.0262232 -0.0126091 -0.00237864 -0.0102536 -0.0144005 -0.0159875 -0.0135305
internal_weight=58049 33573 24476 17120 16453 15588 8888 8975 6613 10742 8023 4378 3547 6726 3849 7164 2249 9586 2764 1568 5127 4510 6378 1671 6867 1025 1848 5842 2719 1584
internal_count=58049 33573 24476 17120 16453 15588 8888 8975 6613 10742 8023 4378 3547 6726 3849 7164 2249 9586 2764 1568 5127 4510 6378 1671 6867 1025 1848 5842 2719 1584
is_linear=0
shrinkage=0.05


Tree=17
num_leaves=31
num_cat=0
split_feature=3 3 3 4 3 5 3 10 6 12 11 3 11 12 12 4 3 13 10 12 9 3 15 5 12 5 10 15 10 12
split_gain=7692.61 1459.26 1001.66 285.748 165.03 162.386 124.277 116.538 99.8863 85.8007 85.0182 84.4948 83.3783 73.4 66.87 64.8576 59.8992 59.3086 53.5175 48.4597 48.1958 46.3524 45.7293 45.1169 45.0546 41.9979 58.2606 42.9194 38.8574 38.5999
threshold=6.4245519638061532 9.5433130264282244 3.888119220733643 7.7850000858306894 7.9065542221069345 2.2150000333786015 2.5539633035659794 0.9170251488685609 950.85000610351574 0.30069434642791754 3.8500000238418584 5.0143747329711923 5.5499999523162851 -0.63605400919914235 -0.16504132002592084 2.6049998998641972 10.930614948272707 -0.6035533845424651 0.9238443672657014 -0.3172925859689712 13.204999923706056 12.88586473464966 31.500000000000004 3.5416666269302373 -0.53727915883064259 4.4216666221618661 -0.71322327852249134 22.500000000000004 -0.81408452987670887 -0.50751903653144825
decision_type=2 2 2 2 2 2 2 2 2 2 2 2 2 2 2 2 2 2 2 2 8 2 2 2 2 2 2 2 2 2
left_child=2 4 6 7 10 14 -1 9 21 16 -2 -7 22 -8 -4 23 -3 -11 19 28 -19 -5 -6 -15 -13 -26 27 -27 -14 -12
right_child=1 3 5 8 12 11 13 -9 -10 17 29 24 18 15 -16 -17 -18 20 -20 -21 -22 -23 -24 -25 25 26 -28 -29 -30 -31
leaf_value=-0.0045017872143429125 -0.0021260181213029398 0.0099641773694146632 -0.0035842698682940289 0.010805709774479972 -0.0032338448435087516 -0.002872667671206862 -0.0032385452514806221 0.01610319364508566 0.015765301935043202 0.016120054142865464 0.0046153950019995156 0.00038994843031230075 0.010588347640595078 -0.0045127785218624329 -0.0046535333520118646 -0.0037044632844891612 0.015465511467576557 0.0014325734177630086 0.01425973004979948 0.0043639654805732757 0.011396431051407778 0.016077249753358169 0.0029490286111233861 0.00088340609968666636 -0.0023804630583070317 -0.0036266513244244424 0.0039795823259499942 0.00026613482663286335 -0.001572731954924525 0.0010017502528512899
leaf_weight=5952 1438 2331 1280 815 297 4824 2088 1604 3617 407 1772 2126 1489 4409 1287 1680 1610 1240 1406 2593 204 513 2061 87 4094 370 624 481 151 5246
leaf_count=5952 1438 2331 1280 815 297 4824 2088 1604 3617 407 1772 2126 1489 4409 1287 1680 1610 1240 1406 2593 204 513 2061 87 4094 370 624 481 151 5246
internal_value=-0.00105678 0.0172957 -0.019091 0.0302892 0.00754344 -0.010112 -0.0286126 0.0240373 0.0396061 0.0207004 0.00267108 -0.00775711 0.0126906 -0.02461 -0.0215591 -0.027358 0.0248733 0.0117726 0.0159904 0.0131548 0.00697032 0.0276819 0.00478206 -0.0305043 -0.0045 -0.00686222 0.000371622 -0.00811916 0.0198784 0.00494091
internal_weight=58096 28794 29302 12341 16453 15086 14216 7396 4945 5792 8456 12519 7997 8264 2567 6176 3941 1851 5639 4233 1444 1328 2358 4496 7695 5569 1475 851 1640 7018
internal_count=58096 28794 29302 12341 16453 15086 14216 7396 4945 5792 8456 12519 7997 8264 2567 6176 3941 1851 5639 4233 1444 1328 2358 4496 7695 5569 1475 851 1640 7018
is_linear=0
shrinkage=0.05


Tree=18
num_leaves=31
num_cat=0
split_feature=3 3 3 3 4 5 3 11 10 10 12 11 3 12 12 12 9 7 8 4 5 6 9 6 7 8 13 7 6 9
split_gain=7230.81 1458.28 970.295 275.305 189.24 147.906 142.637 119.064 110.981 82.0187 82.7858 70.9036 70.8452 69.0359 68.2987 67.8472 67.8471 64.3068 94.3125 61.0663 58.7822 51.7345 52.5907 47.7285 47.5909 47.576 43.7084 43.2687 42.6788 50.0628
threshold=6.4245519638061532 10.364748001098635 3.888119220733643 8.3825855255126971 7.7850000858306894 2.2150000333786015 2.5539633035659794 3.7500000000000004 0.9238443672657014 0.9170251488685609 0.2503704726696015 9.3499999046325701 5.4726028442382821 -0.26722820103168482 -0.3172925859689712 -0.63605400919914235 10.204999923706056 0.78354993462562572 0.073094449937343611 2.6049998998641972 6.2016665935516366 952.95001220703136 9.0850000381469744 958.85000610351574 -0.94573098421096791 -0.23416947573423383 -0.6035533845424651 -0.84102764725685109 956.85000610351574 4.9749999046325692
decision_type=2 2 2 2 2 2 2 2 2 2 2 2 2 2 2 2 8 2 2 2 2 2 8 2 2 2 2 2 2 10
left_child=2 3 6 7 9 13 24 -2 14 10 27 23 21 -4 -5 -8 -16 28 -19 -17 -6 22 -7 -10 25 -1 -12 -3 29 -9
right_child=1 4 5 8 20 12 15 17 11 -11 26 -13 -14 -15 16 19 -18 18 -20 -21 -22 -23 -24 -25 -26 -27 -28 -29 -30 -31
leaf_value=0.0028903927014541893 -0.0024568495800574466 0.0030939161429092868 -0.0034000867982154309 0.01087982846408567 0.011167646882781924 -0.0021390950746061287 -0.00313532129249448 -0.0045327175281596977 0.0048467961672743094 0.015479372605578202 0.015130729928025883 0.015435749481417694 -0.00076483498859542811 -0.0044208566844112715 0.0016372433847412994 -0.0042258147477626622 0.0071114100980223085 0.0025318123786781709 -0.0050241320529011892 -0.0034863668572783224 0.015000151776517746 -0.0034181536333095248 0.0029061114305789885 0.016164673561687336 -0.0042766978536257667 -0.003430549520494599 0.0043741391420763498 0.01476686802587826 0.0066871099374560027 0.0029872159541713891
leaf_weight=97 1489 219 1198 1652 273 4105 2087 389 909 847 323 928 5341 1372 2815 4469 2233 1038 754 1661 4197 2903 210 345 5297 484 1034 1985 1540 5750
leaf_count=97 1489 219 1198 1652 273 4105 2087 389 909 847 323 928 5341 1372 2815 4469 2233 1038 754 1661 4197 2903 210 345 5297 484 1034 1985 1540 5750
internal_value=-0.00118553 0.0166301 -0.0186938 0.00908953 0.0334684 -0.00989494 -0.0281312 0.00378477 0.0156296 0.0260594 0.0226725 0.025423 -0.00765282 -0.0208155 0.0124236 -0.0238446 0.0095191 0.00585163 -0.00267112 -0.0265037 0.0407374 -0.0108819 -0.00739583 0.0175536 -0.0340982 -0.0202218 0.0128855 0.0286555 0.00784097 0.00596517
internal_weight=57944 28720 29224 19842 8878 15129 14095 10960 8882 4408 3561 2182 12559 2570 6700 8217 5048 9471 1792 6130 4470 7218 4315 1254 5878 581 1357 2204 7679 6139
internal_count=57944 28720 29224 19842 8878 15129 14095 10960 8882 4408 3561 2182 12559 2570 6700 8217 5048 9471 1792 6130 4470 7218 4315 1254 5878 581 1357 2204 7679 6139
is_linear=0
shrinkage=0.05


Tree=19
num_leaves=31
num_cat=0
split_feature=3 3 3 3 4 11 10 3 5 12 8 6 6 12 4 12 11 8 3 7 15 6 5 6 9 9 13 11 7 6
split_gain=6846.34 1315.58 1086.65 226.08 179.73 154.572 143.717 125.815 90.0766 87.2532 73.0556 64.2548 63.8943 60.7821 58.9505 58.4971 55.7973 54.4748 53.7525 50.5306 68.1211 49.4601 49.3697 53.494 48.2731 46.147 45.7617 45.29 44.9077 57.159
threshold=7.1714112758636483 3.888119220733643 10.437313556671144 5.4726028442382821 7.7850000858306894 5.3500001430511483 0.9238443672657014 2.5539633035659794 2.0449999570846562 0.44618082046508795 0.96527305245399486 950.85000610351574 953.85000610351574 -0.63605400919914235 2.6049998998641972 -0.25037047266960138 3.2500000000000004 0.99805629253387462 8.0404844284057635 -0.66248837113380421 47.500000000000007 952.95001220703136 4.9516665935516366 958.95001220703136 10.555000305175783 9.0850000381469744 0.60355338454246532 9.2500000000000018 0.99468535184860241 960.35000610351574
decision_type=2 2 2 2 2 2 2 2 2 2 2 2 2 2 2 2 2 2 2 2 2 2 2 2 8 8 2 2 2 2
left_child=1 7 5 8 9 24 18 19 -3 22 15 27 -11 -9 -15 -8 -5 -12 -7 20 -1 25 -4 -24 -2 -10 -17 -6 29 -20
right_child=2 3 4 16 11 6 10 13 21 12 17 -13 -14 14 -16 26 -18 -19 28 -21 -22 -23 23 -25 -26 -27 -28 -29 -30 -31
leaf_value=-0.003849701616650639 -0.00028339220583613187 -0.004100158786714536 0.0063769749722426168 -0.003411770360027325 -0.00038994479273612439 0.0019883209334248643 -0.0029155268432686289 -0.0030193600982361072 -0.0020991548577634364 0.014006236976782349 -0.003410201670621664 0.014250144187691861 -0.0024153549472305694 -0.0040758488583811777 -0.0032425337929569645 0.014349031123135243 -9.4207250402267295e-05 0.014871430418908328 0.0057774220280061937 -0.0040628629609444789 0.00016227956134763427 -0.0032545618931264226 0.012923538586500439 0.015014708962018775 0.0044480469059674649 0.0033955940540357863 0.0087892566322155443 0.014333595250684485 -0.0020480558493931405 0.012494898505927974
leaf_weight=1344 2796 1552 340 1375 107 2456 113 2061 4520 203 272 3369 318 4471 1664 1865 8421 101 4974 4376 218 3326 2236 1117 1091 225 540 999 257 1180
leaf_count=1344 2796 1552 340 1375 107 2456 113 2061 4520 203 272 3369 318 4471 1664 1865 8421 101 4974 4376 218 3326 2236 1117 1091 225 540 999 257 1180
internal_value=-0.00110464 -0.0157474 0.0190846 -0.00729767 0.0332586 0.0112045 0.014061 -0.0273499 -0.0127389 0.0257881 0.0237396 0.0402567 0.00655894 -0.023302 -0.0258062 0.0267935 -0.00194878 0.00304233 0.0108938 -0.0329127 -0.025016 -0.0106055 0.0284884 0.0303306 0.00255653 -0.00731579 0.028444 0.029523 0.0133027 0.0141581
internal_weight=57887 33553 24334 19419 8689 15645 11758 14134 9623 4214 2891 4475 521 8196 6135 2518 9796 373 8867 5938 1562 8071 3693 3353 3887 4745 2405 1106 6411 6154
internal_count=57887 33553 24334 19419 8689 15645 11758 14134 9623 4214 2891 4475 521 8196 6135 2518 9796 373 8867 5938 1562 8071 3693 3353 3887 4745 2405 1106 6411 6154
is_linear=0
shrinkage=0.05


Tree=20
num_leaves=31
num_cat=0
split_feature=3 3 3 3 4 10 3 5 7 8 12 12 5 11 11 5 12 9 7 9 8 4 8 12 5 7 8 11 10 7
split_gain=6556.83 1668.84 657.555 308.31 194.37 117.779 114.999 108.399 107.907 89.4702 83.7781 70.9011 66.4198 64.6555 60.7222 55.7372 54.4834 54.259 53.853 52.7013 49.4904 59.2337 49.3863 48.2248 47.8101 44.4621 50.5831 40.8623 49.0177 40.7462
threshold=5.9595904350280771 10.295542240142824 3.7142270803451543 8.3825855255126971 7.7850000858306894 0.9238443672657014 2.5539633035659794 2.2150000333786015 0.78354993462562572 0.073094449937343611 0.44618082046508795 -0.52247866988182057 5.6283333301544198 3.8500000238418584 7.0499999523162851 4.8916666507720956 -0.63605400919914235 4.5750000476837167 -0.53914576768875111 7.1549999713897714 0.85581842064857494 3.5949999094009404 0.15855792164802554 0.35019405186176306 3.2749999761581425 -0.94573098421096791 -0.23416947573423383 9.0500001907348651 -0.62249094247817982 -0.52458885312080372
decision_type=2 2 2 2 2 2 2 2 2 2 2 2 2 2 2 2 2 8 2 10 2 2 2 2 2 2 2 2 2 2
left_child=2 3 6 8 10 23 25 11 13 -10 15 -4 -6 -2 -7 -3 -8 -9 -17 20 -15 -22 -20 -5 -18 26 -1 -21 -29 -14
right_child=1 4 7 5 12 14 16 17 9 -11 -12 -13 29 19 -16 18 24 -19 22 27 21 -23 -24 -25 -26 -27 -28 28 -30 -31
leaf_value=0.0034044258642559467 -0.0012813631845205418 0.0063562709808305034 -0.0022405641272214452 0.0062786716473922409 -0.0012024212060748774 0.0059838064814496002 -0.0029502450740781002 -0.0030313616194224562 0.00036502508314825434 -0.0043893096902128991 0.0045971184376812245 -0.0039800279941405448 0.013383886732406425 0.0020318252493619795 0.013932550757818581 0.0077015252764571973 -0.0037995687222435897 -0.0015347799431052356 0.014123097655479018 0.0026930398583473979 0.0019089449157583096 -0.0049713027870382709 0.011504921257899101 0.0013014936584423793 -0.0010702930366666607 -0.0038597198128972549 -0.003240549800854451 0.003011119842068294 0.012644293950381991 0.013537636978307267
leaf_weight=97 1616 366 1034 4750 82 807 1800 3262 1617 1148 581 2010 642 3081 1341 504 5023 7229 1987 3954 428 432 1148 1753 229 5340 491 851 625 3823
leaf_count=97 1616 366 1034 4750 82 807 1800 3262 1617 1148 581 2010 642 3081 1341 504 5023 7229 1987 3954 428 432 1148 1753 229 5340 491 851 625 3823
internal_value=-0.00102918 0.0143781 -0.0193533 0.00703097 0.0323867 0.0144235 -0.0273931 -0.0116359 0.00237697 -0.00644404 0.0250708 -0.019941 0.0397298 0.0045988 0.0245704 0.0276434 -0.023041 -0.0092178 0.0295143 0.00619134 0.00178662 -0.00878613 0.0319586 0.0110556 -0.025623 -0.0325468 -0.0192243 0.00938362 0.0164754 0.0405481
internal_weight=58051 31536 26515 22403 9133 8651 12980 13535 13752 2765 4586 3044 4547 10987 2148 4005 7052 10491 3639 9371 3941 860 3135 6503 5252 5928 588 5430 1476 4465
internal_count=58051 31536 26515 22403 9133 8651 12980 13535 13752 2765 4586 3044 4547 10987 2148 4005 7052 10491 3639 9371 3941 860 3135 6503 5252 5928 588 5430 1476 4465
is_linear=0
shrinkage=0.05


Tree=21
num_leaves=31
num_cat=0
split_feature=3 3 3 3 4 3 3 13 10 6 10 12 13 10 11 12 10 12 4 11 7 12 12 10 11 13 7 7 8 15
split_gain=6175 1175.43 1057.05 196.785 192.925 149.276 138.617 99.3623 96.9085 82.8831 82.677 87.9959 66.594 65.9909 57.9734 72.0261 71.7009 56.9676 70.06 52.9926 51.2028 48.8316 47.8943 60.2938 46.191 44.7405 43.1747 43.1163 55.3815 44.2366
threshold=7.1714112758636483 3.9562833309173588 10.364748001098635 5.4726028442382821 7.7850000858306894 2.5539633035659794 8.8550095558166522 0.12940952181816109 0.90992662310600292 951.14999389648449 0.9170251488685609 0.2503704726696015 0.78656607866287243 0.90992662310600292 8.5500001907348651 0.19936034083366397 -0.92384436726570118 -0.63605400919914235 2.6049998998641972 9.2500000000000018 -0.79148143529891957 -0.38266885280609125 -0.14780378341674802 0.93038213253021251 7.0499999523162851 -0.91597560048103321 -0.84102764725685109 0.78354993462562572 0.021515898406505588 60.500000000000007
decision_type=2 2 2 2 2 2 2 2 2 2 2 2 2 2 2 2 2 2 2 2 2 2 2 2 2 2 2 2 2 2
left_child=1 5 6 12 10 20 7 13 -8 19 11 26 22 21 15 -5 -16 -7 -19 -6 -1 25 -3 -24 -10 -2 -4 -9 29 -29
right_child=2 3 4 14 9 17 8 27 24 -11 -12 -13 -14 -15 16 -17 -18 18 -20 -21 -22 -23 23 -25 -26 -27 -28 28 -30 -31
leaf_value=-0.0032606601401937714 9.9352273796035628e-05 -0.0014014777775870396 0.0020457685744450006 -0.00011636494240221812 -0.00095144362295446205 -0.0027724261165928974 0.005209436534951495 0.0013100247795049134 0.0074724369994358863 0.012860755129391905 0.013374508891201354 0.0064659453429631204 -0.003698954601423732 0.0084461428856693038 -0.0011403314552435255 -0.0025298516158033025 0.0062560263181059344 -0.003675396197030196 -0.0028904286671969366 0.012879815323601135 -0.0036667338222523918 0.0009583543059974082 -0.003103904369163764 -0.00085272716180046025 0.013216584328225978 0.0089004985056572658 0.012702543113588455 -0.0042934918792905787 -0.0065129774819591042 0.0040134407241419799
leaf_weight=1296 390 3276 217 5488 112 2167 4460 2920 898 3329 856 1341 1970 1427 824 2707 872 4679 1818 1061 4651 2447 2920 973 1259 934 1989 127 390 283
leaf_count=1296 390 3276 217 5488 112 2167 4460 2920 898 3329 856 1341 1970 1427 824 2707 872 4679 1818 1061 4651 2447 2920 973 1259 934 1989 127 390 283
internal_value=-0.00112161 -0.0150166 0.0180037 -0.00682427 0.031734 -0.0256808 0.0101255 0.00605178 0.0156071 0.0390282 0.02424 0.0208193 -0.0121118 0.0105132 -0.00193513 -0.00367683 0.00646678 -0.0214673 -0.0238157 0.0273769 -0.031796 0.00703125 -0.009862 -0.0136095 0.0243062 0.0147479 0.0269561 -0.000187919 -0.0104348 0.00240964
internal_weight=58081 33641 24440 19030 8905 14611 15535 8918 6617 4502 4403 3547 9139 5198 9891 8195 1696 8664 6497 1173 5947 3771 7169 3893 2157 1324 2206 3720 800 410
internal_count=58081 33641 24440 19030 8905 14611 15535 8918 6617 4502 4403 3547 9139 5198 9891 8195 1696 8664 6497 1173 5947 3771 7169 3893 2157 1324 2206 3720 800 410
is_linear=0
shrinkage=0.05


Tree=22
num_leaves=31
num_cat=0
split_feature=3 3 3 5 5 3 10 11 12 10 3 12 12 5 3 8 8 7 12 8 12 5 6 15 7 6 7 7 7 15
split_gain=5823.37 1151.07 1064.63 189.331 175.92 158.357 122.668 128.182 82.7872 80.5964 83.1112 78.4155 76.1882 74.8281 67.6947 65.1007 64.0177 63.8197 65.9442 63.052 61.6252 59.6009 57.0787 55.8533 51.0854 50.4039 46.8149 58.9973 46.2788 67.6704
threshold=7.1327278614044198 3.9562833309173588 10.364748001098635 6.2016665935516366 2.4850000143051152 2.5539633035659794 0.9238443672657014 7.0499999523162851 -0.3172925859689712 0.9170251488685609 11.388372898101808 -0.16504132002592084 0.26722820103168493 3.9850000143051152 5.9136810302734384 0.97653719782829296 -0.93779578804969776 -0.52458885312080372 0.43049471080303198 0.54162281751632702 -0.63605400919914235 3.3716665506362919 956.95001220703136 23.500000000000004 0.98805528879165661 948.95001220703136 0.87828615307807933 0.99630826711654674 -0.66248837113380421 44.500000000000007
decision_type=2 2 2 2 2 2 2 2 2 2 2 2 2 2 2 2 2 2 2 2 2 2 2 2 2 2 2 2 2 2
left_child=1 5 6 12 11 28 8 22 -2 10 -5 -3 25 16 23 -9 -10 19 -19 -12 -7 -22 -8 -6 -20 -4 -16 -28 29 -1
right_child=2 4 3 9 14 20 7 15 13 -11 17 -13 -14 -15 26 -17 -18 18 24 -21 21 -23 -24 -25 -26 -27 27 -29 -30 -31
leaf_value=-0.0033321560387656957 0.0071528031101840616 -0.0021241889602913707 0.0051360419760026867 0.009021532927640288 -0.0028419056667865817 -0.0025541008934773833 0.00010780311782204178 0.012354622851865355 -0.0078694420074426202 0.012444602196277028 -7.6240646658934383e-05 -0.003640609292689766 0.0050787483332406323 0.0032582813656550193 0.00046935612567501617 -0.00060119286466475967 -0.000218436945051885 0.012217717372922311 0.012967716657666573 0.013162237600537597 -0.0034119890059795066 -0.00050377690376299179 0.0096309962347043213 -0.0011052416412315538 -0.002281536479161933 0.012965411253766058 -0.0036893619969661537 0.0044053529688942222 -0.0034833971311397718 -0.0012308637117246274
leaf_weight=1305 3443 2225 228 1208 1781 2180 1106 1920 209 1766 230 1991 1170 6123 5738 215 2211 2670 252 386 6143 357 557 5969 131 873 806 213 4373 271
leaf_count=1305 3443 2225 228 1208 1781 2180 1106 1920 209 1766 230 1991 1170 6123 5738 215 2211 2670 252 386 6143 357 557 5969 131 873 806 213 4373 271
internal_value=-0.00111963 -0.0147465 0.0172813 0.0310909 -0.006533 -0.0252528 0.00947495 0.0173021 0.00698857 0.0353565 0.0319644 -0.0155176 0.0185633 0.00434605 -0.00391745 0.0253972 -0.00309278 0.035724 0.0387018 0.0207729 -0.0209211 -0.0233666 0.00686451 -0.00710509 0.0189433 0.0279837 -0.000258799 -0.0101074 -0.0315502 -0.0240354
internal_weight=58050 33352 24698 8914 18723 14629 15784 3798 11986 6643 4877 4216 2271 8543 14507 2135 2420 3669 3053 616 8680 6500 1663 7750 383 1101 6757 1019 5949 1576
internal_count=58050 33352 24698 8914 18723 14629 15784 3798 11986 6643 4877 4216 2271 8543 14507 2135 2420 3669 3053 616 8680 6500 1663 7750 383 1101 6757 1019 5949 1576
is_linear=0
shrinkage=0.05


Tree=23
num_leaves=31
num_cat=0
split_feature=3 3 3 5 5 3 11 10 9 3 12 10 6 11 12 5 7 12 8 13 3 8 7 15 8 8 13 15 8 7
split_gain=5606.9 1132.02 1084.16 197.891 175.229 156.436 130.867 129.943 84.3272 82.1246 78.187 63.3187 58.2675 57.2506 56.807 57.3421 54.9755 62.3281 56.7773 51.4402 50.4532 50.4399 49.2538 66.3339 48.2935 45.5614 70.5599 45.8329 43.6253 43.1743
threshold=7.1327278614044198 3.9562833309173588 10.295542240142824 6.2016665935516366 2.2150000333786015 2.5539633035659794 5.4500000476837167 0.93038213253021251 10.154999732971193 5.5117216110229501 0.26722820103168493 0.8140845298767091 948.95001220703136 8.5500001907348651 -0.63605400919914235 2.4616667032241826 -0.52458885312080372 0.43049471080303198 0.54162281751632702 -0.7865660786628722 8.0404844284057635 0.70785933732986461 -0.66248837113380421 44.500000000000007 0.10738035291433336 0.021515898406505588 0.60355338454246532 35.500000000000007 0.97745609283447277 0.9905582368373872
decision_type=2 2 2 2 2 2 2 2 8 2 2 2 2 2 2 2 2 2 2 2 2 2 2 2 2 2 2 2 2 2
left_child=1 5 6 10 11 22 21 20 -5 -6 12 -3 -4 19 -7 -16 18 -18 -10 -9 -8 25 23 -1 -12 27 -27 -2 -15 -19
right_child=2 4 3 8 9 14 7 13 16 -11 24 -13 -14 28 15 -17 17 29 -20 -21 -22 -23 -24 -25 -26 26 -28 -29 -30 -31
leaf_value=-0.0031655482368274108 -0.0028362001142616944 -0.0024474360841268937 0.0038009225525620863 0.0082074206101289179 -0.0018484906211038259 -0.0023880432553061684 0.0013197239609265569 0.014459654511218972 0.0052176767160406427 -0.00029952447412180119 0.0090891065352633037 -0.0034585788280552775 0.012414932104938665 0.012439272956217495 -0.0033115512182723228 -0.0026030831150824184 0.01163270969687117 0.011819331301620401 0.012496382758492809 0.002373640809131103 0.0057226807319220065 0.0039105676506714484 -0.0033092272745827837 -0.00092795757191837462 -0.0016246963756185397 0.00068540057388346014 -0.0057954898599750782 0.0033609256832395629 0.0062097899693377093 0.00015893047758915315
leaf_weight=1304 605 1146 245 651 7224 2166 2672 266 322 9165 758 1216 928 1291 4280 2220 4585 475 526 734 6206 1085 4359 270 469 605 478 1421 163 149
leaf_count=1304 605 1146 245 651 7224 2166 2672 266 322 9165 758 1216 928 1291 4280 2220 4585 475 526 734 6206 1085 4359 270 469 605 478 1421 163 149
internal_value=-0.000977772 -0.0143397 0.0171111 0.0308022 -0.00620868 -0.0247775 0.00907218 0.0118638 0.0352153 -0.0043705 0.01842 -0.0189269 0.0276316 0.0220415 -0.0204705 -0.0228132 0.0370587 0.0390008 0.0249707 0.0127363 0.00903974 0.00152417 -0.0310458 -0.0233059 0.00953734 -0.00171805 -0.00997243 0.00270803 0.0283756 0.0238474
internal_weight=57984 33350 24634 9108 18751 14599 15526 11332 6708 16389 2400 2362 1173 2454 8666 6500 6057 5209 848 1000 8878 4194 5933 1574 1227 3109 1083 2026 1454 624
internal_count=57984 33350 24634 9108 18751 14599 15526 11332 6708 16389 2400 2362 1173 2454 8666 6500 6057 5209 848 1000 8878 4194 5933 1574 1227 3109 1083 2026 1454 624
is_linear=0
shrinkage=0.05


Tree=24
num_leaves=31
num_cat=0
split_feature=3 3 5 5 3 9 12 10 5 6 11 9 6 7 8 11 10 15 15 12 12 6 10 8 15 10 12 6 9 5
split_gain=5265.88 1376.13 791.966 178.242 167.963 154.956 146.582 101.771 100.543 85.3064 84.4397 79.3609 74.7969 73.2388 86.0024 71.5723 69.6048 62.2853 51.8624 50.4867 47.9138 47.86 51.1205 47.5443 46.5476 62.1646 46.4514 61.9251 46.0093 43.9407
threshold=6.4245519638061532 10.364748001098635 2.2150000333786015 6.428333282470704 8.3432369232177752 4.5750000476837167 -0.23343648016452787 0.90992662310600292 1.4583333730697634 950.85000610351574 3.7500000000000004 4.0250000953674325 951.35000610351574 0.98049062490463268 -0.10296135023236273 8.6500000953674334 0.9170251488685609 37.500000000000007 75.500000000000014 -0.52247866988182057 -0.3172925859689712 959.25000000000011 0.87878364324569713 -0.71989676356315602 34.500000000000007 0.56638467311859142 0.47714059054851538 958.75000000000011 8.8850002288818377 2.9083334207534794
decision_type=2 2 2 2 2 8 2 2 2 2 2 10 2 2 2 2 2 2 2 2 2 2 2 2 2 2 2 2 10 2
left_child=2 4 6 16 10 12 8 20 -1 -5 -2 -8 24 -11 -15 17 26 -9 -12 -7 -6 -20 -23 -14 25 -4 -3 -28 -17 -21
right_child=1 3 5 9 7 19 11 15 -10 13 18 -13 23 14 -16 28 -18 -19 21 29 -22 22 -24 -25 -26 -27 27 -29 -30 -31
leaf_value=-0.0031568440386597185 -0.0019755911073934874 0.009686937325948615 -0.0029119518756342204 0.010864774621935037 0.0083817219298561972 0.00015249003956434166 -0.0031437659108536444 0.00028936053633806663 -0.0026493785119272848 0.0110459710637491 0.0025123237776041364 -0.0030139684324918059 -0.0022317912684972465 -0.014109293941713747 0.010677239618104212 0.0071258006642944301 0.011457464037816235 0.011327119054225444 -0.0039730304276160231 -0.0026161310915239228 0.0024169414730802088 0.0042298618793027458 -0.0049384325023378202 -0.0033434051152614087 0.00015985986336408201 -0.00071159988841183329 0.0047396824898899848 -0.010504562643534873 0.0117540364240044 -0.00092173109945020151
leaf_weight=2038 1467 1839 1558 1693 1732 3033 5516 664 4155 4187 8082 1396 811 93 234 256 635 1039 656 2536 4549 320 183 1778 790 884 134 88 947 4645
leaf_count=2038 1467 1839 1558 1693 1732 3033 5516 664 4155 4187 8082 1396 811 93 234 256 635 1039 656 2536 4549 320 183 1778 790 884 134 88 947 4645
internal_value=-0.000854288 0.0143075 -0.0158381 0.030641 0.00699246 -0.00838217 -0.0249542 0.0119506 -0.0193369 0.0353107 0.00273499 -0.0299696 -0.0148901 0.0389245 0.0158133 0.019684 0.0198445 0.0130269 0.00450465 -0.00466778 0.00835985 -0.00536942 0.00620079 -0.0212221 -0.00979302 -0.0131998 0.0153195 -0.0061674 0.0290149 -0.00695102
internal_weight=57938 28798 29140 8903 19895 16035 13105 9187 6193 6207 10708 6912 5821 4514 327 2906 2696 1703 9241 10214 6281 1159 503 2589 3232 2442 2061 222 1203 7181
internal_count=57938 28798 29140 8903 19895 16035 13105 9187 6193 6207 10708 6912 5821 4514 327 2906 2696 1703 9241 10214 6281 1159 503 2589 3232 2442 2061 222 1203 7181
is_linear=0
shrinkage=0.05


Tree=25
num_leaves=31
num_cat=0
split_feature=3 3 5 4 9 9 12 11 6 9 11 8 8 6 12 5 11 6 15 8 8 15 3 8 11 12 9 15 8 6
split_gain=5031.14 1086.95 1074.56 219.282 213.132 173.407 122.645 109.097 88.1374 78.7279 71.5358 70.0612 109.103 69.1528 68.2087 73.9061 67.064 62.0015 92.6941 57.3725 54.6524 54.0754 46.3878 45.1047 43.1717 41.4224 42.8807 40.1929 40.276 39.7869
threshold=7.1714112758636483 10.364748001098635 2.2983332872390752 7.7850000858306894 4.9749999046325692 3.6149998903274541 -0.28400452435016627 5.3500001430511483 951.14999389648449 7.5950000286102304 3.6499999761581425 -0.14153897762298581 -0.10296135023236273 952.85000610351574 -0.46173103153705591 4.1083333492279062 8.5500001907348651 959.14999389648449 79.500000000000014 0.82072415947914135 0.99805629253387462 23.500000000000004 11.388372898101808 -0.98009455204009999 5.9500000476837167 0.33379416167736059 10.404999732971193 27.500000000000004 -0.69870123267173756 965.75000000000011
decision_type=2 2 2 2 8 10 2 2 2 8 2 2 2 2 2 2 2 2 2 2 2 2 2 2 2 2 8 2 2 2
left_child=2 7 5 11 13 6 10 25 16 -9 -1 22 -13 21 -6 -16 -5 18 20 24 -11 -4 -3 -23 -19 26 -2 -15 -29 -14
right_child=1 3 4 8 14 -7 -8 9 -10 17 -12 12 29 27 15 -17 -18 19 -20 -21 -22 23 -24 -25 -26 -27 -28 28 -30 -31
leaf_value=-0.0029859237089206584 8.0212039885241293e-05 0.0099628578076920559 -0.0023951876754518143 -0.0040792304965169227 0.00077142887244703725 -0.0027705580898558092 -0.0029865776153109621 0.0009834084041310837 0.010472897466245185 0.0053108747359794988 -0.0016581832288935568 -0.010985311876994509 0.0081232788555676873 -0.0033250879651945176 -0.0017762743503787759 0.00048140179233442453 0.010548938547300679 -0.001050512887916541 -0.0036279076034638202 0.013118827550968298 0.012876892701848079 0.011584443275193233 0.011159128935220187 -0.0012732959241132246 0.0086964027667462661 -0.0020183114773924997 0.0048071120478984019 -0.00093894768392340097 -0.0031762348594983388 0.011789888919931886
leaf_weight=2880 1777 1163 1943 90 3914 4609 5639 2110 3335 6556 1067 101 2072 370 5873 3028 1108 314 451 341 190 104 888 2138 1716 1239 864 535 1561 169
leaf_count=2880 1777 1163 1943 90 3914 4609 5639 2110 3335 6556 1067 101 2072 370 5873 3028 1108 314 451 341 190 104 888 2138 1716 1239 864 535 1561 169
internal_value=-0.000938091 0.0163053 -0.013481 0.0302094 -0.00584973 -0.0239401 -0.027776 0.00832102 0.0379352 0.0107335 -0.0209641 0.0222033 0.0162335 -0.0131085 -0.00207878 -0.00449697 0.0261014 0.0126606 0.0103374 0.0196759 0.0118057 -0.00917661 0.028964 -0.00387183 0.0164128 0.00105534 0.00459184 -0.0197491 -0.0169919 0.0185441
internal_weight=58145 24484 33661 8926 19466 14195 9586 15558 4533 11678 3947 4393 2342 6651 12815 8901 1198 9568 7197 2371 6746 4185 2051 2242 2030 3880 2641 2466 2096 2241
internal_count=58145 24484 33661 8926 19466 14195 9586 15558 4533 11678 3947 4393 2342 6651 12815 8901 1198 9568 7197 2371 6746 4185 2051 2242 2030 3880 2641 2466 2096 2241
is_linear=0
shrinkage=0.05


Tree=26
num_leaves=31
num_cat=0
split_feature=3 3 3 3 4 3 8 8 8 11 6 12 5 9 6 11 5 12 7 7 6 13 7 15 15 8 8 7 12 12
split_gain=4840.62 1197.85 863.855 240.392 181.651 122.719 92.0857 88.1772 92.8731 83.998 83.8546 64.0943 84.5586 63.2365 68.0084 71.871 61.6206 65.158 58.1968 54.3642 77.3165 52.1672 55.7917 55.2114 50.1726 45.7891 49.1848 47.658 44.6693 44.2709
threshold=7.780205726623536 3.7142270803451543 10.632341384887697 5.3553149700164804 7.7850000858306894 2.6383464336395268 0.99805629253387462 -0.14153897762298581 -0.10296135023236273 5.4500000476837167 948.85000610351574 -0.50751903653144825 4.4449999332427987 9.9349999427795428 949.64999389648449 8.1500000953674334 2.0449999570846562 -0.16504132002592084 -0.66248837113380421 0.96468064188957225 958.85000610351574 -0.37940952181816096 -0.31473593413829798 29.500000000000004 42.500000000000007 0.85581842064857494 -0.1157700978219509 0.61287125945091259 -0.63605400919914235 0.061046212911605842
decision_type=2 2 2 2 2 2 2 2 2 2 2 2 2 8 2 2 2 2 2 2 2 2 2 2 2 2 2 2 2 2
left_child=1 5 6 16 7 18 9 -4 -9 -2 -6 -5 21 19 -15 -16 17 -3 24 -11 -21 23 -23 -13 -1 26 -14 -28 -7 -24
right_child=2 3 4 11 10 28 -8 8 -10 13 -12 12 25 14 15 -17 -18 -19 -20 20 -22 22 29 -25 -26 -27 27 -29 -30 -31
leaf_value=-0.0027043365436431165 0.00090351014320189105 -0.002210614454925468 0.010451847927070129 0.0014176198944954796 0.0096392845300277263 -0.0021167836381263544 0.012429918574603306 -0.012128752735206822 0.0083383049512608023 0.0046974358373274685 0.0099924773613370137 -0.0023852978738273345 0.00021917019196319445 0.0022820403361014708 0.0070523333994709286 0.010212812021597684 -0.0018446700137126752 -0.0029545625970611856 -0.0028372487345454142 -0.0081365828726522541 0.0049407374535667282 -0.0003930898036792391 -0.0015224709491585818 0.0012244213815929801 -0.0013573057744973218 -0.0032314288953637694 0.0063071327325161831 -0.003155915232187792 -0.0027763998755040188 -0.0040326530373349543
leaf_weight=1350 2906 959 1728 3592 641 1658 293 88 1880 5361 3686 579 1881 901 1693 1371 8122 990 4675 245 250 1322 1098 1651 348 740 959 250 4967 1833
leaf_count=1350 2906 959 1728 3592 641 1658 293 88 1880 5361 3686 579 1881 901 1693 1371 8122 990 4675 245 250 1322 1098 1651 348 740 959 250 4967 1833
internal_value=-0.000933267 -0.0118283 0.0182084 -0.00519995 0.0311099 -0.0240483 0.0102495 0.0229127 0.0156107 0.00960179 0.0380771 -0.000938174 -0.00294146 0.0118105 0.0166877 0.0202346 -0.0110808 -0.0190635 -0.0290138 0.00849684 -0.0073 -0.00641954 -0.00966416 -0.000223714 -0.020963 0.00294654 0.00562197 0.0134679 -0.0192534 -0.0135048
internal_weight=58017 36974 21043 23976 8023 12998 13020 3696 1968 12727 4327 13905 10313 9821 3965 3064 10071 1949 6373 5856 495 6483 4253 2230 1698 3830 3090 1209 6625 2931
internal_count=58017 36974 21043 23976 8023 12998 13020 3696 1968 12727 4327 13905 10313 9821 3965 3064 10071 1949 6373 5856 495 6483 4253 2230 1698 3830 3090 1209 6625 2931
is_linear=0
shrinkage=0.05


Tree=27
num_leaves=31
num_cat=0
split_feature=5 4 5 6 12 12 14 10 11 5 13 12 15 5 8 8 14 10 12 13 4 6 7 15 6 7 6 5 14 4
split_gain=4236.49 1106.1 956.907 221.26 150.312 145.249 140.206 133.081 131.337 100.804 85.6406 80.11 74.1534 69.84 64.5276 78.2992 59.3017 58.7688 91.1213 58.27 57.5264 55.1348 54.2498 54.0356 130.111 71.2954 53.7561 49.8466 47.0454 46.879
threshold=3.9583333730697636 7.2049999237060556 2.2150000333786015 948.95001220703136 0.38266885280609136 -0.26722820103168482 6.3550000190734872 0.90992662310600292 8.9499998092651385 1.4583333730697634 -1.0000000180025095e-35 -0.14780378341674802 28.500000000000004 3.1650000810623173 0.93324586749076854 0.038721922785043723 11.784999847412111 0.87032255530357372 0.38266885280609136 1.0000000180025095e-35 8.1949996948242205 955.04998779296886 -0.6495143175125121 56.500000000000007 959.64999389648449 -0.63634827733039845 953.85000610351574 3.1216665506362919 13.434999942779543 1.8500000238418581
decision_type=2 2 2 2 2 2 10 2 2 2 2 2 2 2 2 2 10 2 2 2 2 2 2 2 2 2 2 2 10 2
left_child=2 6 5 28 13 9 12 11 -5 -1 21 16 14 -4 15 -2 23 -13 -19 22 -10 -9 -14 -8 25 -25 -20 -6 -3 -7
right_child=1 3 4 8 27 29 7 10 20 -11 -12 17 19 -15 -16 -17 -18 18 26 -21 -22 -23 -24 24 -26 -27 -28 -29 -30 -31
leaf_value=-0.0027089810907374259 -0.0020447445616859484 0.0050515507879866309 -0.0012713125430171793 0.0090127416433196991 -0.0027468991091246214 -0.0026953862978181435 0.0076783955752764785 0.0083272999421023942 0.0095137179742395255 -0.0021898456127895588 0.0050374759507475836 -0.000300050042968017 -0.0025800223088053688 0.00034920692193101955 -0.0076594661968950378 0.0041562789988849108 0.010083977386211274 0.010894038683114352 0.0070276158022091924 -0.00010316610493093376 0.0095329619787265507 0.01181629538658599 0.005643432719745203 0.01384120546610277 0.0071866839453090664 -0.0045360808328976125 -0.0039304079130996128 -0.0018253911966038599 0.01025281364972251 -0.0026953862978181435
leaf_weight=2006 1422 1342 7927 1259 2781 5083 2126 630 2158 4044 1307 3091 243 5919 202 519 727 1048 279 1938 2731 776 1352 154 653 931 665 2354 267 2110
leaf_count=2006 1422 1342 7927 1259 2781 5083 2126 630 2158 4044 1307 3091 243 5919 202 519 727 1048 279 1938 2731 776 1352 154 653 931 665 2354 267 2110
internal_value=-0.000773484 0.0143156 -0.0128642 0.0301018 -0.0056647 -0.0231771 0.00752989 0.0105108 0.0344222 -0.0174401 0.0202907 0.00775907 0.00102095 -0.00295286 -0.00630819 -0.00346865 0.0125435 0.00342964 0.0101152 0.00546919 0.0381385 0.0288448 0.0125313 0.0100543 0.00349971 -0.00711009 -0.00115911 -0.0129669 0.0135378 -0.0279869
internal_weight=58044 25820 32224 7757 18981 13243 18063 12387 6148 6050 2713 9674 5676 13846 2143 1941 4591 5083 1992 3533 4889 1406 1595 3864 1738 1085 944 5135 1609 7193
internal_count=58044 25820 32224 7757 18981 13243 18063 12387 6148 6050 2713 9674 5676 13846 2143 1941 4591 5083 1992 3533 4889 1406 1595 3864 1738 1085 944 5135 1609 7193
is_linear=0
shrinkage=0.05


Tree=28
num_leaves=31
num_cat=0
split_feature=3 5 3 11 3 9 10 11 4 10 6 15 15 9 7 7 8 6 8 8 8 7 14 8 7 15 8 9 8 6
split_gain=4270.83 1156.45 791.854 202.576 192.315 180.468 154.209 99.9714 86.4159 75.647 74.8923 67.0526 69.4028 65.9368 63.6672 61.7402 59.2878 70.3112 57.9601 57.3993 79.7573 57.2048 53.9736 58.9076 52.9469 58.2775 52.3104 50.3449 47.5532 44.0147
threshold=7.8626818656921396 2.4616667032241826 10.781435012817385 8.9499998092651385 2.6383464336395268 4.9749999046325692 0.9238443672657014 8.5500001907348651 8.0150003433227557 0.9170251488685609 954.64999389648449 76.500000000000014 43.500000000000007 10.305000305175783 0.89799436926841747 -0.464854747056961 -0.69870123267173756 951.45001220703136 0.10738035291433336 -0.20061247795820233 -0.10296135023236273 -0.94573098421096791 4.6150000095367441 0.97368243336677562 0.70329648256301891 19.500000000000004 0.021515898406505588 8.7449998855590838 0.99805629253387462 951.35000610351574
decision_type=2 2 2 2 2 8 2 2 2 2 2 2 2 8 2 2 2 2 2 2 2 2 10 2 2 2 2 10 2 2
left_child=1 4 6 9 21 29 13 10 19 18 -8 12 -6 14 -2 -10 17 -14 -4 -5 -21 -1 23 24 25 -7 -16 -9 -25 -3
right_child=2 5 3 8 11 22 7 27 15 -11 -12 -13 16 -15 26 -17 -18 -19 -20 20 -22 -23 -24 28 -26 -27 -28 -29 -30 -31
leaf_value=-0.0016437583053758803 0.003163777676763685 -0.0013319788422271189 0.0085505477832816864 0.0094113490776128027 -0.0025970415589628947 -0.0031030480017431687 3.7712788148391854e-05 0.0069386815711201871 0.008722980864348329 0.0093678174061009676 0.0091257810087816259 -0.0026803748593894968 0.0068202339295311692 0.0053327670740516836 0.00092049272582181993 0.0091285558870251807 -0.0021714408898081518 -0.001500525233421114 -0.0014385653151463786 -0.010014553169308547 0.0089321875370886594 -0.0025606169829272361 0.00051263658209997067 -0.0049259094829834692 -0.0027434926944317792 0.00066516935186090105 -0.0043455726198257426 0.0095696331587145165 0.00298798457964667 -0.002706140636931489
leaf_weight=597 5207 3245 736 1194 4668 456 829 333 627 436 761 1314 253 3390 653 2665 2959 802 513 130 1191 5606 9442 441 1496 3728 628 1274 99 2441
leaf_count=597 5207 3245 736 1194 4668 456 829 333 627 436 761 1314 253 3390 653 2665 2959 802 513 130 1191 5606 9442 441 1496 3728 628 1274 99 2441
internal_value=-0.000882672 -0.0109142 0.017429 0.0303855 -0.0209856 -0.00326886 0.00999618 0.0195347 0.0348159 0.0150592 0.0105956 -0.0166783 -0.0150685 0.00690074 0.00394271 0.040188 -0.0102264 -4.71698e-05 0.00873206 0.0277183 0.0203997 -0.0279075 -0.000497862 -0.00411245 -0.00260334 0.000286465 -0.00602644 0.0283189 -0.0198165 -0.0108944
internal_weight=58114 37547 20567 7492 16199 21348 13075 3197 5807 1685 1590 9996 8682 9878 6488 3292 4014 1055 1249 2515 1321 6203 15662 6220 5680 4184 1281 1607 540 5686
internal_count=58114 37547 20567 7492 16199 21348 13075 3197 5807 1685 1590 9996 8682 9878 6488 3292 4014 1055 1249 2515 1321 6203 15662 6220 5680 4184 1281 1607 540 5686
is_linear=0
shrinkage=0.05


Tree=29
num_leaves=31
num_cat=0
split_feature=3 5 3 3 10 9 5 5 12 7 9 12 9 6 8 12 7 7 6 8 5 10 8 7 7 15 15 13 12 9
split_gain=4180.6 1068.68 826.001 218.151 192.415 171.064 128.029 119.19 99.1901 85.1217 80.4043 74.0697 70.6302 69.0916 67.0358 56.546 55.1204 64.0339 58.8722 53.6299 53.5046 101.921 55.4681 52.8342 51.2133 61.2596 50.5592 50.1249 48.1259 46.935
threshold=7.8200454711914071 2.4616667032241826 11.388372898101808 2.6383464336395268 0.9238443672657014 4.9749999046325692 6.2016665935516366 5.5216667652130136 -0.16504132002592084 -0.52458885312080372 10.305000305175783 -0.30069434642791742 9.6549997329711932 954.64999389648449 0.54162281751632702 -0.52247866988182057 0.98049062490463268 0.99276849627494823 959.64999389648449 0.12447811290621759 4.8616666793823251 -0.9099266231060027 0.94504281878471386 -0.66248837113380421 0.85247093439102184 43.500000000000007 47.500000000000007 0.60355338454246532 0.30069434642791754 4.305000066757203
decision_type=2 2 2 2 2 8 2 2 2 2 8 2 10 2 2 2 2 2 2 2 2 2 2 2 2 2 2 2 2 10
left_child=1 3 4 23 10 -3 19 13 24 14 11 -2 -9 -6 -8 -7 -11 18 -18 -4 -17 -22 -23 26 25 27 -1 -5 -12 -10
right_child=2 5 6 8 7 15 9 12 29 16 28 -13 -14 -15 -16 20 17 -19 -20 -21 21 22 -24 -25 -26 -27 -28 -29 -30 -31
leaf_value=-0.0023621454693874403 0.0061539111496712795 -0.0019677212326476303 0.0086032053837981608 -0.0014422240082751607 0.00041300189394863075 0.0012509141096709421 -0.0021450967519346001 0.0080570993673280307 -0.0024881944068331201 0.0087065872720683678 0.0074140141852409693 0.00025093015527034304 0.0088340573931984245 0.0093373214231106533 0.0093909421458657719 -0.0010159684977826169 -0.014928957542423116 0.0089474203676022917 0.0092736348742815285 -0.00032690934300372011 -0.001512798808443701 0.0073692415839339892 -0.0041029414568724996 -0.0024325861337808744 -0.0025492668949429914 -0.00023351402826853052 0.00090700428816744216 -0.002680842499221508 0.0031260552083841584 -0.0024109049814610831
leaf_weight=1372 2275 5706 508 1960 866 3937 220 692 2863 3879 2597 4610 1369 738 408 8926 82 196 81 320 1347 1085 151 4645 898 1663 224 816 1882 1783
leaf_count=1372 2275 5706 508 1960 866 3937 220 692 2863 3879 2597 4610 1369 738 408 8926 82 196 81 320 1347 1085 151 4645 898 1663 224 816 1882 1783
internal_value=-0.000794265 -0.0107809 0.0172158 -0.0204326 0.0110649 -0.00337477 0.0334269 0.0210218 -0.015834 0.0365223 0.0078459 0.00444848 0.028969 0.010752 0.0191153 -0.000640735 0.0390761 0.0199176 -0.00327381 0.0151261 -0.00241011 0.00392195 0.0142627 -0.0277698 -0.0111662 -0.00894464 -0.0198001 -0.0134844 0.0130575 -0.0211782
internal_weight=58099 37376 20723 16224 15029 21152 5694 3665 9983 4866 11364 6885 2061 1604 628 15446 4238 359 163 828 11509 2583 1236 6241 5337 4439 1596 2776 4479 4646
internal_count=58099 37376 20723 16224 15029 21152 5694 3665 9983 4866 11364 6885 2061 1604 628 15446 4238 359 163 828 11509 2583 1236 6241 5337 4439 1596 2776 4479 4646
is_linear=0
shrinkage=0.05


Tree=30
num_leaves=31
num_cat=0
split_feature=3 5 3 3 10 5 11 3 13 6 7 7 8 15 8 7 13 6 15 3 6 15 8 7 8 8 6 6 4 7
split_gain=3900.31 1082.21 821.138 205.413 189.138 146.699 137.158 132.394 94.6043 78.3367 77.5125 67.5716 66.6094 60.9711 60.4261 55.9579 117.106 61.5424 55.6238 55.1669 54.011 71.0527 52.7956 52.6464 95.8415 49.0193 47.446 54.8184 66.1041 47.304
threshold=7.8626818656921396 2.4616667032241826 11.388372898101808 2.6383464336395268 0.9238443672657014 6.2016665935516366 9.3499999046325701 5.5117216110229501 0.37940952181816107 958.25000000000011 -0.52458885312080372 0.61287125945091259 0.54162281751632702 37.500000000000007 1.0000000180025095e-35 0.68472337722778331 -0.37940952181816096 949.04998779296886 23.500000000000004 3.5574620962142949 952.04998779296886 42.500000000000007 0.51236665248870861 0.98049062490463268 -0.10296135023236273 0.12447811290621759 954.25000000000011 959.25000000000011 2.554999947547913 0.72731766104698192
decision_type=2 2 2 2 2 2 2 2 2 2 2 2 2 2 2 2 2 2 2 2 2 2 2 2 2 2 2 2 2 2
left_child=1 3 4 20 15 25 9 18 11 -6 12 13 -7 19 -13 17 -17 -2 -3 -5 21 -1 -21 -12 -25 -4 -20 -28 -29 -18
right_child=2 7 5 8 6 10 -8 -9 -10 -11 23 14 -14 -15 -16 16 29 -19 26 22 -22 -23 -24 24 -26 -27 27 28 -30 -31
leaf_value=-0.0023240349548979042 0.0020699612013659525 -0.0021492123663838562 0.0081156748367043115 -0.0023644358129776815 0.0020837333593061837 -0.0014193751810401723 0.0084545521471832835 5.2663918444921523e-05 -0.0024089584324001895 0.0091951153370340381 0.0082701944177595802 -0.0016771597915511778 0.0089213950385724824 4.3184706271606064e-05 -0.0024219463960783658 0.0066856494014309936 -0.0071086208435889092 0.0054918028499303497 -0.00026785879539189676 0.0002039252392315165 -0.0023109568270918306 -0.0017615020554704458 -0.0030254921642573966 -0.014182509665301962 0.0085000493492221746 -0.00057965822775223887 -0.0027269503272235088 -0.0027643613421546812 0.00070857025009391644 -0.0007245504147095406
leaf_weight=2175 2450 2443 479 892 1419 221 1614 12799 4638 591 3844 898 417 1574 845 1383 214 4846 3519 846 3425 611 274 80 280 320 1282 345 925 2345
leaf_count=2175 2450 2443 479 892 1419 221 1614 12799 4638 591 3844 898 417 1574 845 1383 214 4846 3519 846 3425 611 274 80 280 320 1282 345 925 2345
internal_value=-0.000813807 -0.0104024 0.0167179 -0.0201508 0.0105468 0.0329525 0.020474 -0.00299981 -0.0156889 0.0117122 0.0362286 -0.0111267 0.0197512 -0.00718463 -0.0191934 0.0073379 0.00253357 0.00993015 -0.00782956 -0.01294 -0.0272925 -0.0220351 -0.00551111 0.0387028 0.02 0.0129975 -0.00525839 -0.0104419 -0.00305882 -0.00380265
internal_weight=57994 37491 20503 16178 14862 5641 3624 21313 9967 2010 4842 5329 638 3586 1743 11238 3942 7296 8514 2012 6211 2786 1120 4204 360 799 6071 2552 1270 2559
internal_count=57994 37491 20503 16178 14862 5641 3624 21313 9967 2010 4842 5329 638 3586 1743 11238 3942 7296 8514 2012 6211 2786 1120 4204 360 799 6071 2552 1270 2559
is_linear=0
shrinkage=0.05


Tree=31
num_leaves=31
num_cat=0
split_feature=5 4 5 9 6 12 9 5 9 12 10 13 12 9 5 5 5 7 15 13 8 10 7 15 8 8 8 7 5 8
split_gain=3591.73 1076.74 782.165 226.225 184.108 157.64 143.545 116.669 91.1173 86.9669 86.1785 178.421 97.54 98.287 88.1502 79.0736 65.1774 59.1631 59.0919 63.6806 56.1791 80.0123 79.1165 53.0029 51.876 78.5094 50.874 48.1455 47.5029 57.9193
threshold=3.9583333730697636 7.6150000095367441 2.2983332872390752 7.2049999237060556 951.14999389648449 -0.19936034083366391 5.0250000953674325 1.4583333730697634 3.6149998903274541 -0.46173103153705591 0.90992662310600292 -0.37940952181816096 0.36648726463317877 10.034999847412111 4.9216666221618661 6.2016665935516366 5.808333396911622 -0.95117661356925953 35.500000000000007 -0.6035533845424651 0.93168920278549205 0.19936034083366397 -0.28192241489887232 13.500000000000002 -0.94917574524879444 -0.77682399749755848 0.97269129753112804 0.76172897219657909 4.9516665935516366 0.95943385362625133
decision_type=2 2 2 8 2 2 8 2 10 2 2 2 2 10 2 2 2 2 2 2 2 2 2 2 2 2 2 2 2 2
left_child=2 3 5 20 16 7 -4 -1 17 -8 12 26 13 -5 -15 -6 -3 -7 24 -20 21 23 -23 -2 -11 -26 -12 -21 -13 -30
right_child=1 4 6 10 15 8 9 -9 -10 18 11 28 -14 14 -16 -17 -18 -19 19 27 -22 22 -24 -25 25 -27 -28 -29 29 -31
leaf_value=-0.0022084871135433131 -0.0042895354701108501 -0.0049721162858390264 -0.0019192423600157403 0.0027993744732660534 0.0070929532844796143 -0.0011976039394661579 0.0011800736113812137 -0.0017909412367805245 -0.002235031445616742 -0.0046799711945196693 0.0098355070576652114 -2.5354377854386324e-05 -0.00019570426792319407 0.0029021472257946324 0.0082410614573935233 0.0077091400276031678 0.0074335018880329895 -0.0021973076160281394 0.0017448195346134949 -0.00037973228138783385 -0.0048429386194180886 0.0063055321369209095 -0.00077673613620903308 -0.00067183482706613124 0.0025590686562797548 -0.0025332616375626157 0.0025234225473904806 -0.0030353421791701092 0.0072939825947185627 -0.0050016815310197586
leaf_weight=2089 236 186 5685 5325 407 338 3908 4687 2021 455 1420 970 2562 981 2032 3750 1624 5007 1522 2962 517 766 587 2545 377 1661 151 1470 1567 235
leaf_count=2089 236 186 5685 5325 407 338 3908 4687 2021 455 1420 970 2562 981 2032 3750 1624 5007 1522 2962 517 766 587 2545 377 1661 151 1470 1567 235
internal_value=-0.000703728 0.0131698 -0.0118526 0.00757827 0.03179 -0.0206546 -0.00494874 -0.0151305 -0.0257224 -0.00192152 0.0105227 0.0164788 0.00814305 0.0107635 0.0179755 0.0375901 0.0184022 -0.0291495 -0.00477402 -0.0020641 -0.00207259 -0.000120802 0.00983063 -0.00497128 -0.011229 -0.00778267 0.0299175 -0.00509353 0.00882247 0.0136137
internal_weight=58043 25861 32182 19894 5967 14142 18040 6776 7366 12355 15243 4343 10900 8338 3013 4157 1810 5345 8447 5954 4651 4134 1353 2781 2493 2038 1571 4432 2772 1802
internal_count=58043 25861 32182 19894 5967 14142 18040 6776 7366 12355 15243 4343 10900 8338 3013 4157 1810 5345 8447 5954 4651 4134 1353 2781 2493 2038 1571 4432 2772 1802
is_linear=0
shrinkage=0.05


Tree=32
num_leaves=31
num_cat=0
split_feature=3 5 3 3 10 9 5 11 12 7 6 8 8 14 13 7 9 12 9 8 6 8 13 7 8 6 8 6 7 12
split_gain=3658.34 1169.75 650.389 212.624 190.651 180.616 134.612 128.861 96.0503 91.0489 84.8866 63.2086 61.5607 60.4285 60.7907 58.1162 56.0754 55.2313 65.5051 54.6685 53.4498 48.9629 48.8415 48.7025 102.579 46.942 46.8138 44.6642 44.5649 42.9788
threshold=8.510374069213869 2.4850000143051152 11.388372898101808 2.6383464336395268 0.9238443672657014 4.9749999046325692 6.0683333873748788 10.650000095367433 -0.23343648016452787 -0.52458885312080372 954.64999389648449 0.54162281751632702 0.12447811290621759 4.4049999713897714 0.37940952181816107 0.82438889145851146 3.8549998998641972 0.36648726463317877 9.6050000190734881 0.97368243336677562 952.25000000000011 0.99805629253387462 0.37940952181816107 0.98049062490463268 -0.10296135023236273 949.75000000000011 -0.78753387928009022 947.54998779296886 0.96468064188957225 -0.33379416167736048
decision_type=2 2 2 2 2 8 2 2 2 2 2 2 2 10 2 2 10 2 8 2 2 2 2 2 2 2 2 2 2 2
left_child=1 3 4 20 17 -3 12 10 15 11 -6 -8 -4 19 -15 22 -10 18 28 -7 -1 -21 -5 -11 -25 -20 -16 -24 29 -2
right_child=2 5 6 8 7 13 9 -9 16 23 -12 -13 -14 14 26 -17 -18 -19 25 21 -22 -23 27 24 -26 -27 -28 -29 -30 -31
leaf_value=-0.0020282354325338418 0.0072959026542692542 -0.0017083893899611147 0.0072610819360759337 -0.00053850021473358727 0.0015257333122596058 -0.00057529612027741323 -0.0017347249299650425 0.0076961763821851159 -0.0021330970935255051 0.0074860730931753166 0.0080664543916083298 0.0080898682852637016 -0.0029530206755985083 0.0013326193573781509 -0.0036465394477878765 -0.0022618554600107544 -0.0021074812958898743 0.00051948277070039265 0.0017190964414138339 -0.0046122126066964258 -0.0020855436049358324 0.0019853861094723496 -0.0025307557919215466 -0.013788805965301307 0.007823278433361839 0.0071333736516266903 6.4851109185529168e-05 -0.0012264716702162226 -0.0050920446523292197 7.95815165114372e-05
leaf_weight=2829 915 5592 436 2530 866 5233 236 997 2703 3960 963 407 264 8941 910 935 2296 2144 856 404 3378 100 788 84 316 3108 3431 949 164 1405
leaf_count=2829 915 5592 436 2530 866 5233 236 997 2703 3960 963 407 264 8941 910 935 2296 2144 856 404 3378 100 788 84 316 3108 3431 949 164 1405
internal_value=-0.00063462 -0.00873757 0.0187755 -0.0190763 0.0118795 -0.0018423 0.0325596 0.0231367 -0.0146238 0.0354333 0.0151854 0.0176698 0.0119149 0.000480971 0.00233311 -0.00985212 -0.0195743 0.00816564 0.0104757 -0.00380529 -0.0263764 -0.0194499 -0.00736189 0.0380298 0.0209877 0.0144621 -0.00251956 -0.013806 0.00409803 0.00589247
internal_weight=58140 41019 17121 16408 11418 24611 5703 2826 10201 5003 1829 643 700 19019 13282 5202 4999 8592 6448 5737 6207 504 4267 4360 400 3964 4341 1737 2484 2320
internal_count=58140 41019 17121 16408 11418 24611 5703 2826 10201 5003 1829 643 700 19019 13282 5202 4999 8592 6448 5737 6207 504 4267 4360 400 3964 4341 1737 2484 2320
is_linear=0
shrinkage=0.05


Tree=33
num_leaves=31
num_cat=0
split_feature=3 5 4 3 9 3 5 7 12 8 8 9 13 7 7 8 8 15 7 15 8 12 3 7 7 8 9 8 4 15
split_gain=3487.38 1114.99 653.401 202.658 138.389 129.524 109.002 108.071 101.134 82.2579 97.5239 66.5737 56.9215 55.7289 53.097 51.5923 58.0491 103.638 53.7597 64.1124 49.4562 47.6344 47.5152 46.7927 52.1667 46.9363 46.478 49.0135 46.4212 45.9062
threshold=8.510374069213869 2.4616667032241826 7.8550000190734872 2.6383464336395268 4.9749999046325692 10.500891685485842 5.6583333015441903 -0.464854747056961 -0.16504132002592084 -0.14153897762298581 -0.10296135023236273 1.6150000095367434 -0.37940952181816096 -0.94573098421096791 0.85247093439102184 0.99805629253387462 0.97368243336677562 41.500000000000007 0.88234141469001781 41.500000000000007 0.021515898406505588 -0.28400452435016627 5.9595904350280771 0.68472337722778331 0.72731766104698192 0.021515898406505588 9.8949999809265154 -0.97653719782829274 6.805000066757203 43.500000000000007
decision_type=2 2 2 2 8 2 2 2 2 2 2 10 2 2 2 2 2 2 2 2 2 2 2 2 2 2 10 2 2 2
left_child=1 3 5 13 -3 11 -4 -8 14 28 -11 -2 26 -1 29 16 18 -18 22 -20 -21 -15 -6 -14 -25 -26 27 -13 -7 -5
right_child=2 4 6 8 15 9 7 -9 -10 10 -12 12 23 21 -16 -17 17 -19 19 20 -22 -23 -24 24 25 -27 -28 -29 -30 -31
leaf_value=-0.0012307581099973827 0.012687943957141991 -0.0015165783593361058 -0.0033350532936531202 -0.0017515345751847205 -0.00051720119777654212 0.00668532021511408 0.0065389380853760285 0.0070401604193746749 -0.0020291673686415198 -0.011820085428761718 0.0062046656743785849 0.0092194646881737681 0.0035307448220670045 -0.0019936225030866002 -0.0021045903842615058 0.004697805630589239 -0.0044709406958882451 0.001888084626121641 -0.0060214966584212536 0.0010457202533540599 -0.0025501133698638992 -0.0019812664246890406 0.0013753656599798493 -0.0090274148308405276 0.0039608472137459081 -0.0032308677372632128 0.0078974437845837908 0.0023350863764114022 0.0074405233645153755 -0.00017590848175877001
leaf_weight=596 259 5719 120 2779 4760 716 1021 3735 4607 98 2166 145 3056 2100 891 381 544 482 156 1247 1280 3532 10285 166 830 710 1264 1608 1256 1659
leaf_count=596 259 5719 120 2779 4760 716 1021 3735 4607 98 2166 145 3056 2100 891 381 544 482 156 1247 1280 3532 10285 166 830 710 1264 1608 1256 1659
internal_value=-0.000603373 -0.00851961 0.018327 -0.0187396 -0.00187055 0.0121671 0.0338045 0.0349926 -0.0142943 0.0192407 0.0126928 0.00842969 0.00758607 -0.0258142 -0.00958943 0.000169801 -0.000202569 -0.0117362 0.000468054 -0.00604539 -0.00408768 -0.027355 0.00163123 0.00417453 -0.0024547 0.000453074 0.012955 0.00765074 0.0267071 -0.00733738
internal_weight=58168 41018 17150 16164 24854 12274 4876 4756 9936 4236 2264 8038 7779 6228 5329 19135 18754 1026 17728 2683 2527 5632 15045 4762 1706 1540 3017 1753 1972 4438
internal_count=58168 41018 17150 16164 24854 12274 4876 4756 9936 4236 2264 8038 7779 6228 5329 19135 18754 1026 17728 2683 2527 5632 15045 4762 1706 1540 3017 1753 1972 4438
is_linear=0
shrinkage=0.05


Tree=34
num_leaves=31
num_cat=0
split_feature=3 5 4 3 3 3 7 5 10 12 8 11 7 8 7 15 15 15 7 15 12 13 8 13 10 8 12 8 7 15
split_gain=3348.55 1033.99 623.101 188.97 129.959 122.29 105.362 99.3743 97.9832 92.6084 82.7097 82.161 62.9383 57.8036 57.4333 54.5287 59.1632 52.6481 51.9928 50.9803 50.5261 48.0534 45.6294 45.5137 60.813 96.9471 75.3708 66.6429 53.5885 110.332
threshold=8.510374069213869 2.4850000143051152 7.8550000190734872 2.6383464336395268 5.5117216110229501 11.388372898101808 -0.464854747056961 6.2016665935516366 0.90992662310600292 -0.59480014443397511 -0.20061247795820233 9.0500001907348651 0.88234141469001781 -0.085847649723291383 0.99630826711654674 74.500000000000014 43.500000000000007 37.500000000000007 -0.94573098421096791 23.500000000000004 -0.28400452435016627 0.60355338454246532 -0.91865202784538258 0.12940952181816109 0.90992662310600292 0.95943385362625133 -0.18222858756780622 0.99717122316360485 -0.41079147160053248 38.500000000000007
decision_type=2 2 2 2 2 2 2 2 2 2 2 2 2 2 2 2 2 2 2 2 2 2 2 2 2 2 2 2 2 2
left_child=1 3 5 18 19 8 -4 -8 22 21 -7 17 23 -12 -14 16 -11 -10 -1 -3 -20 -5 -2 24 -6 26 -26 -27 -25 -30
right_child=2 4 6 9 12 10 7 -9 11 15 13 -13 14 -15 -16 -17 -18 -19 20 -21 -22 -23 -24 28 25 27 -28 -29 29 -31
leaf_value=-0.0013179279747607701 0.0067135673178084811 -0.0017647973097314627 0.0061012824345181354 -0.00058816672566105533 0.00049235432476689369 0.0071149913698473483 0.0042505006395626216 0.0066574688594734227 0.00062511131141553553 -0.0019953919032072364 -0.011903117785364604 0.0078371135757420197 -0.0027212744401456631 0.0064123333382835298 0.0038366365899672205 -0.0019757056704869467 -0.0014471005927161181 0.0075737731584218232 -0.0018928035017482731 -0.00085507342439468468 -0.0018822031034545885 -0.0022702340179019745 0.002513947572404546 0.0017608835618861494 -0.0021110811134268243 -0.005694152841115175 0.0078045903287890725 0.011576010234556046 -0.0056716737306682858 -7.1597292727404454e-06
leaf_weight=593 902 2412 1018 2360 6018 952 255 3552 756 2855 114 996 1999 1036 472 1121 2855 1196 2101 5865 3500 943 6351 2539 267 304 1406 81 840 2307
leaf_count=593 902 2412 1018 2360 6018 952 255 3552 756 2855 114 996 1999 1036 472 1121 2855 1196 2101 5865 3500 943 6351 2539 267 304 1406 81 840 2307
internal_value=-0.00057615 -0.00835884 0.017977 -0.0181045 -0.00186416 0.0119963 0.0331988 0.0370278 0.00972467 -0.013887 0.022971 0.017406 0.000735928 0.0138528 -0.00660339 -0.0172104 -0.0152056 0.011395 -0.0249879 -0.00696088 -0.0264806 -0.00699819 0.00659273 0.00205564 0.00446727 0.0118759 0.0170739 -0.010641 -0.00137059 -0.00572652
internal_weight=57966 40838 17128 16328 24510 12303 4825 3807 10201 10134 2102 2948 16233 1150 2471 6831 5710 1952 6194 8277 5601 3303 7253 13762 8076 2058 1673 385 5686 3147
internal_count=57966 40838 17128 16328 24510 12303 4825 3807 10201 10134 2102 2948 16233 1150 2471 6831 5710 1952 6194 8277 5601 3303 7253 13762 8076 2058 1673 385 5686 3147
is_linear=0
shrinkage=0.05


Tree=35
num_leaves=31
num_cat=0
split_feature=3 5 3 3 10 5 11 9 7 12 15 7 8 8 12 7 12 14 8 9 15 9 7 7 8 8 15 9 12 13
split_gain=3152.97 959.411 666.423 188.014 181.102 162.424 145.364 128.065 95.9863 92.0748 62.614 62.5814 62.1964 62.1929 60.7835 55.6752 54.1714 51.8643 50.1822 47.996 47.0631 46.978 45.3386 42.6309 97.0672 40.9228 40.2689 39.956 38.1477 37.5889
threshold=8.3825855255126971 2.4183334112167363 11.388372898101808 2.6383464336395268 0.90992662310600292 6.0683333873748788 8.6500000953674334 4.9749999046325692 -0.52458885312080372 -0.23343648016452787 38.500000000000007 -0.6495143175125121 0.12447811290621759 0.54162281751632702 0.36648726463317877 0.82438889145851146 -0.28400452435016627 4.4449999332427987 0.97368243336677562 3.8549998998641972 47.500000000000007 9.2550001144409197 0.88234141469001781 0.98049062490463268 -0.10296135023236273 0.99805629253387462 43.500000000000007 9.6050000190734881 0.43049471080303198 0.37940952181816107
decision_type=2 2 2 2 2 2 2 8 2 2 2 2 2 2 2 2 2 10 2 10 2 10 2 2 2 2 2 8 2 2
left_child=1 3 4 11 14 12 10 -3 13 15 -6 20 -4 -7 27 26 -13 18 -9 -11 -1 28 29 -10 -25 -20 -5 -2 -8 -19
right_child=2 7 5 9 6 8 21 17 23 19 -12 16 -14 -15 -16 -17 -18 22 25 -21 -22 -23 -24 24 -26 -27 -28 -29 -30 -31
leaf_value=-0.0018045562292766473 0.0020467581973658291 -0.001441865532192704 0.0061959284474013138 -0.0014702673649739451 -6.1886626412310799e-05 -0.0025610233535353997 0.0074571270232756896 -0.00062049514887923965 0.0064278501747985 -0.0018469236811789658 0.0074041434990809009 -0.0017850851988547856 -0.0035723026433248321 0.0070533638450058118 -0.00052411638016504065 -0.001944747884272794 -0.0017880929482818589 0.0014636217598177348 -0.0041341364664712176 -0.0017892393768490157 0.0013485109445547116 0.0066497427568404134 -0.0015933017558745046 -0.012336356477517366 0.0067733783508467874 0.0015889041820287874 0.00012754044364792009 0.0050049375336478578 -7.7513219913943895e-05 -0.00030529137095052091
leaf_weight=1365 2710 6014 438 2503 844 230 151 5546 3973 2585 1221 1621 273 409 1929 879 2917 7303 441 2066 244 1400 1612 82 299 105 1454 3602 211 3515
leaf_count=1365 2710 6014 438 2503 844 230 151 5546 3973 2585 1221 1621 273 409 1929 879 2917 7303 441 2066 244 1400 1612 82 299 105 1454 3602 211 3515
internal_value=-0.000448686 -0.0082066 0.0170839 -0.0178848 0.0104199 0.0311613 0.0194024 -0.00203741 0.0343437 -0.0134587 0.0103623 -0.0246993 0.00872905 0.0160714 0.00623939 -0.00861392 -0.027713 2.15901e-05 -0.00375595 -0.0184815 -0.01614 0.0299377 0.00187374 0.0370039 0.0205959 -0.0181488 -0.00607017 0.00861168 0.013624 0.00303982
internal_weight=57942 40170 17772 15634 12068 5704 3827 24536 4993 9487 2065 6147 711 639 8241 4836 4538 18522 6092 4651 1609 1762 12430 4354 381 546 3957 6312 362 10818
internal_count=57942 40170 17772 15634 12068 5704 3827 24536 4993 9487 2065 6147 711 639 8241 4836 4538 18522 6092 4651 1609 1762 12430 4354 381 546 3957 6312 362 10818
is_linear=0
shrinkage=0.05


Tree=36
num_leaves=31
num_cat=0
split_feature=3 5 4 6 12 3 3 10 5 9 3 13 6 12 12 9 13 8 10 8 13 5 6 15 5 5 10 12 8 8
split_gain=3055.34 920.833 640.416 173.223 156.571 150.265 119.468 108.197 105.729 87.7626 85.6497 80.2173 71.8228 95.0595 71.5115 52.9908 51.1777 54.862 52.1072 52.1895 49.8095 46.479 42.3304 41.2531 38.8032 37.7877 37.7849 92.5625 85.6373 62.8361
threshold=8.510374069213869 2.2983332872390752 7.8550000190734872 950.85000610351574 -0.19936034083366391 5.0143747329711923 10.500891685485842 0.9170251488685609 1.5116666555404665 3.6149998903274541 13.01028347015381 0.12940952181816109 954.14999389648449 -0.07845610752701758 0.26722820103168493 1.6150000095367434 -0.37940952181816096 0.99717122316360485 0.87878364324569713 -0.84680011868476857 -0.91597560048103321 4.9516665935516366 952.35000610351574 23.500000000000004 7.4083333015441903 4.4716665744781503 0.90992662310600292 -0.26722820103168482 0.94917574524879467 0.9919724464416505
decision_type=2 2 2 2 2 2 2 2 2 10 2 2 2 2 2 10 2 2 2 2 2 2 2 2 2 2 2 2 2 2
left_child=1 4 6 10 8 23 15 14 -1 22 -4 26 21 -14 -8 -2 18 -18 19 -17 -11 -13 -6 -3 -5 -20 -7 -28 -29 -30
right_child=2 5 3 24 9 11 7 -9 -10 20 -12 12 13 -15 -16 16 17 -19 25 -21 -22 -23 -24 -25 -26 -27 27 28 29 -31
leaf_value=-0.0017231250707081922 0.01150074104556526 -0.0017440837327106031 0.0030149191079706901 0.0060674482348793361 -0.0016794232888293144 0.00021126416565399599 0.005987164608454526 0.0066302235126237787 -0.0013475292824582548 0.00049900823057041845 0.0064301802276377695 -0.00072268426983537054 0.00064998237750260319 -0.0037865205078197574 0.0018341253853313478 0.0057768029527870803 0.0012648300726084529 0.013976289535572652 0.0031177190078530734 0.0011786035990075995 -0.0017897911202968124 0.0046396166397187164 -0.001700586931158666 -0.001113134930875663 0.0059381813277516356 0.0085336440328629311 -0.0037574107561659507 0.0049282113876554711 -0.0048487663243790792 0.0073101959059064317
leaf_weight=2313 254 2253 858 984 1961 8253 2188 803 4487 295 500 3803 1239 2257 1219 378 4639 104 495 1479 1731 843 3422 5373 2486 687 369 1994 302 144
leaf_count=2313 254 2253 858 984 1961 8253 2188 803 4487 295 500 3803 1239 2257 1219 378 4639 104 495 1479 1731 843 3422 5373 2486 687 369 1994 302 144
internal_value=-0.000639217 -0.00803406 0.0171322 0.0325471 -0.0183235 -0.00258245 0.011044 0.0178648 -0.0128288 -0.0233545 0.0173147 -0.000223853 -0.0039892 -0.00939732 0.0139361 0.00746176 0.00671632 0.00346462 0.0117773 0.00652524 -0.0144264 8.6003e-05 -0.0266982 -0.00851789 0.0384748 0.0199663 0.00254812 0.00755153 0.0110838 -0.00864745
internal_weight=58113 41039 17074 4828 14209 26830 12246 4210 6800 7409 1358 19204 8142 3496 3407 8036 7782 4743 3039 1857 2026 4646 5383 7626 3470 1182 11062 2809 2440 446
internal_count=58113 41039 17074 4828 14209 26830 12246 4210 6800 7409 1358 19204 8142 3496 3407 8036 7782 4743 3039 1857 2026 4646 5383 7626 3470 1182 11062 2809 2440 446
is_linear=0
shrinkage=0.05


Tree=37
num_leaves=31
num_cat=0
split_feature=4 5 4 6 5 6 14 12 12 7 11 10 11 15 6 7 14 8 12 13 7 8 15 15 13 7 11 7 11 4
split_gain=2802.35 1088.43 483.026 167.742 166.349 147.718 135.182 95.3913 88.5503 70.4252 69.5412 82.7629 68.6852 66.5015 64.4279 80.237 64.1868 63.4567 62.6622 59.1293 58.4976 56.2673 54.3354 52.8366 65.6116 64.83 50.7578 50.7194 50.1789 49.5353
threshold=6.2049999237060556 2.4850000143051152 8.055000305175783 960.35000610351574 1.7150000333786013 950.85000610351574 5.3550000190734872 -0.59480014443397511 0.44618082046508795 0.88234141469001781 9.3499999046325701 -0.71322327852249134 8.5500001907348651 37.500000000000007 947.04998779296886 -0.019329105038195845 11.555000305175783 -0.99532556533813465 -0.28400452435016627 0.60355338454246532 0.98372149467468273 -0.97653719782829274 19.500000000000004 24.500000000000004 -0.37940952181816096 -0.93400302529335011 7.5499999523162851 -0.5677773356437682 3.9500000476837163 1.9650000333786013
decision_type=2 2 2 2 2 2 10 2 2 2 2 2 2 2 2 2 10 2 2 2 2 2 2 2 2 2 2 2 2 2
left_child=1 4 3 10 18 12 23 -6 26 14 22 16 -4 -11 15 19 -12 -16 28 -8 -13 -19 -2 25 -25 -3 -5 -26 -1 -9
right_child=2 6 5 8 7 -7 9 29 -10 13 11 20 -14 -15 17 -17 -18 21 -20 -21 -22 -23 -24 24 27 -27 -28 -29 -30 -31
leaf_value=-0.0016578490247737864 -0.0065765883045562556 0.00056240399992179212 -0.0059708805535496796 0.0082900351086608228 -0.00074716367503487036 0.0056881033058387327 -0.00017144496041247848 -0.0016788549495492314 0.0028765959427432767 -0.006584013149441563 0.0011441706624069057 0.006323844690517777 0.0057839864544523339 -0.00089720160271138669 -0.0029889137272923307 0.01685630284581735 0.0053866181455072132 0.007438638447797458 -0.0016136589543098323 -0.0045904474588029072 -0.0040596119863052062 0.0019864522880518433 0.0026290735527290891 0.00066710867861587771 0.00042396938459204756 -0.0020851450956338837 0.0064954097661998672 -0.0018675699310644639 0.00017890123414727316 -0.0015930161786608208
leaf_weight=2865 146 597 124 484 2789 2971 2378 3143 403 93 1586 1443 1067 2516 479 164 714 723 3858 649 143 8668 3676 3290 1597 2138 1095 4507 336 3339
leaf_count=2865 146 597 124 484 2789 2971 2378 3143 403 93 1586 1443 1067 2516 479 164 714 723 3858 649 143 8668 3676 3290 1597 2138 1095 4507 336 3339
internal_value=-0.000426827 -0.00658563 0.0191889 0.0130583 -0.0168289 0.0334293 -0.000566465 -0.0124138 0.0260191 0.0025008 0.00971088 0.0144179 0.0184365 -0.00499235 0.00399893 -0.00217459 0.00832972 0.00599494 -0.0226147 -0.00404024 0.023193 0.00690187 0.00491246 -0.0045286 -0.00274497 -0.0106387 0.0313447 -0.0058111 -0.0173893 -0.0157392
internal_weight=57981 44129 13852 9690 16330 4162 27799 9271 1982 15670 7708 3886 1191 2609 13061 3191 2300 9870 7059 3027 1586 9391 3822 12129 9394 2735 1579 6104 3201 6482
internal_count=57981 44129 13852 9690 16330 4162 27799 9271 1982 15670 7708 3886 1191 2609 13061 3191 2300 9870 7059 3027 1586 9391 3822 12129 9394 2735 1579 6104 3201 6482
is_linear=0
shrinkage=0.05


Tree=38
num_leaves=31
num_cat=0
split_feature=3 5 3 10 9 3 5 5 7 12 12 5 10 8 6 6 9 15 12 8 8 13 7 9 8 7 7 8 13 6
split_gain=2790.05 880.97 595.563 197.345 149.547 143.798 142.674 121.208 101.446 77.1661 65.0144 77.7801 64.4425 62.8704 61.8674 60.1166 59.6707 57.3525 53.3045 51.785 51.232 50.67 80.5339 48.6764 47.8069 47.2183 46.8975 45.4313 45.1859 71.7496
threshold=8.510374069213869 2.2150000333786015 11.579324722290041 0.9238443672657014 4.5750000476837167 2.6383464336395268 6.0683333873748788 5.5216667652130136 -0.52458885312080372 -0.52247866988182057 -0.46173103153705591 3.9583333730697636 0.9170251488685609 0.94917574524879467 951.25000000000011 952.25000000000011 4.305000066757203 42.500000000000007 0.36648726463317877 0.12447811290621759 0.54162281751632702 -0.6035533845424651 1.0000000180025095e-35 9.9349999427795428 0.99717122316360485 0.89799436926841747 0.78354993462562572 -0.71989676356315602 0.12940952181816109 954.54998779296886
decision_type=2 2 2 2 8 2 2 2 2 2 2 2 2 2 2 2 10 2 2 2 2 2 2 8 2 2 2 2 2 2
left_child=1 5 3 18 14 15 19 -5 20 26 -6 21 -13 28 -3 17 -11 -1 23 -4 -8 22 -12 25 -15 -2 -7 -16 -14 -30
right_child=2 4 6 7 10 9 8 -9 -10 16 11 12 13 24 27 -17 -18 -19 -20 -21 -22 -23 -24 -25 -26 -27 -28 -29 29 -31
leaf_value=-0.0015755142746727568 0.002949850020709255 -0.00075983701279484653 0.0054972158173639818 0.0032630605054358498 0.001096880977164072 -0.00051831693393186446 -0.0026814310892499527 0.0056213245171513717 0.0055359054688733037 -0.0015892150624181923 -0.002249762031992255 -0.00032588210805691302 0.0080310441868765708 -0.0055221178786122298 -0.0012673718060051222 -0.0015329760065943409 -0.0012619556039644086 -0.001008966560434484 -2.7087077035981012e-05 -0.0060712583511158685 0.0061193814210760093 -0.0017959141623695948 0.0012644129273679441 0.0046913767649732711 0.010228569763648294 -0.0031014588920446617 -0.0019108555051488051 -0.0018768181888545632 0.0048101301025578443 -0.0062795169386684448
leaf_weight=2049 2653 3410 357 1099 5893 2211 215 1877 4117 3123 717 5028 1020 254 851 3243 1444 609 2189 200 367 6054 1774 3695 81 427 515 1845 636 196
leaf_count=2049 2653 3410 357 1099 5893 2211 215 1877 4117 3123 717 5028 1020 254 851 3243 1444 609 2189 200 367 6054 1774 3695 81 427 515 1845 636 196
internal_value=-0.000429033 -0.007526 0.01647 0.0102888 -0.00246902 -0.0181605 0.0304885 0.0214358 0.0333227 -0.0134489 -0.000519439 -0.00219474 0.00162742 0.00878193 -0.00937653 -0.0239672 -0.0174213 -0.0183252 0.00657821 0.00649466 0.0136286 -0.00542105 0.000580929 0.00876844 -0.0110294 0.00411669 -0.00677408 -0.0150315 0.0123856 0.0037037
internal_weight=58149 40953 17196 11940 27759 13194 5256 2976 4699 7293 21653 15760 7215 2187 6106 5901 4567 2658 8964 557 582 8545 2491 6775 335 3080 2726 2696 1852 832
internal_count=58149 40953 17196 11940 27759 13194 5256 2976 4699 7293 21653 15760 7215 2187 6106 5901 4567 2658 8964 557 582 8545 2491 6775 335 3080 2726 2696 1852 832
is_linear=0
shrinkage=0.05


Tree=39
num_leaves=31
num_cat=0
split_feature=4 5 4 6 6 9 6 9 15 14 7 15 6 11 10 9 11 7 13 15 8 7 6 13 8 13 8 11 6 10
split_gain=2624.89 1025.76 475.839 164.354 162.161 161.885 139.013 129.912 81.6329 81.4438 77.8557 67.3274 66.9965 66.2204 83.7508 67.6141 61.1725 57.438 57.3578 56.529 52.1297 51.9763 50.7338 46.4314 58.7443 45.9637 45.214 43.5029 41.1353 42.9861
threshold=6.2049999237060556 2.4850000143051152 8.0150003433227557 950.85000610351574 960.35000610351574 3.6149998903274541 954.95001220703136 4.9749999046325692 46.500000000000007 4.4449999332427987 0.88234141469001781 37.500000000000007 947.14999389648449 9.3499999046325701 0.83385404944419872 10.204999923706056 8.6500000953674334 -0.019329105038195845 -0.7865660786628722 20.500000000000004 -0.99532556533813465 0.98372149467468273 944.14999389648449 0.60355338454246532 -0.43222421407699579 -0.37940952181816096 0.97745609283447277 8.0500001907348651 952.04998779296886 0.35019405186176306
decision_type=2 2 2 2 2 10 2 8 2 10 2 2 2 2 2 10 2 2 2 2 2 2 2 2 2 2 2 2 2 2
left_child=1 5 4 16 13 6 8 28 -1 26 12 -12 17 19 15 22 -4 23 -8 -2 -14 -16 -15 24 -11 -21 -9 -6 29 -3
right_child=2 7 3 -5 27 -7 18 9 -10 10 11 -13 20 14 21 -17 -18 -19 -20 25 -22 -23 -24 -25 -26 -27 -28 -29 -30 -31
leaf_value=-0.0014776054750793434 -0.0061111503002485718 -0.0011794579611544989 -0.0053812726763125627 0.0051269028671031341 0.0061769862263043986 -0.0014509460602862402 -0.0014482417845242347 -0.00062893486683185125 -0.00089990050530205793 -0.0034532454464326723 -0.0070314973239233485 -0.00072087944938836052 -0.0023911085588316154 0.0053082957010440026 0.0058919712655246094 0.0046075264762052036 0.0052179918582860533 0.013334864111936552 -0.0014632115616143042 0.0061422480760198322 0.0024599646303577654 -0.0037288232377682309 -0.0020735596766886483 -0.004581542772853925 0.0019203832213382762 0.0012146076443782614 -0.0036711898227479948 0.0059056517919316327 -0.0018839194467821414 0.00096322981751342589
leaf_weight=4420 187 2183 142 3087 716 6080 726 4983 1517 850 100 2810 492 217 1337 1171 1109 163 3617 792 10229 134 970 672 1429 2786 456 1197 2215 1245
leaf_count=4420 187 2183 142 3087 716 6080 726 4983 1517 850 100 2810 492 217 1337 1171 1109 163 3617 792 10229 134 970 672 1429 2786 456 1197 2215 1245
internal_value=-0.000404914 -0.00635749 0.0185884 0.0323049 0.012316 -0.0162909 -0.0201167 -0.000515594 -0.0151212 0.00120781 0.00293433 -0.004494 0.00449783 0.0090275 0.0136541 0.00778671 0.0169188 -0.00195576 -0.0269204 0.00431034 0.00637237 0.0230014 -0.000629195 -0.00356901 -0.00015324 0.00572146 -0.00410544 0.0253128 -0.00728576 -0.00384503
internal_weight=58032 44187 13845 4338 9507 16360 10280 27827 5937 22184 16745 2910 13835 7594 3829 2358 1251 3114 4343 3765 10721 1471 1187 2951 2279 3578 5439 1913 5643 3428
internal_count=58032 44187 13845 4338 9507 16360 10280 27827 5937 22184 16745 2910 13835 7594 3829 2358 1251 3114 4343 3765 10721 1471 1187 2951 2279 3578 5439 1913 5643 3428
is_linear=0
shrinkage=0.05


Tree=40
num_leaves=31
num_cat=0
split_feature=3 5 4 3 6 11 9 6 3 7 7 6 6 11 13 15 7 8 8 15 15 9 6 8 11 15 9 15 3 15
split_gain=2624.34 887.878 581.063 168.732 149.006 107.812 125.857 115.301 105.255 80.222 117.848 74.7124 69.0138 68.3396 65.9608 59.6683 55.0058 55.134 62.7936 55.7438 54.1353 47.4323 44.9746 74.0146 44.9208 44.2763 43.4753 43.2813 41.1042 38.43
threshold=8.8954625129699725 2.4850000143051152 8.0150003433227557 2.6383464336395268 950.85000610351574 7.0499999523162851 9.6549997329711932 963.04998779296886 5.9136810302734384 0.98049062490463268 0.99276849627494823 952.14999389648449 949.85000610351574 8.5500001907348651 0.37940952181816107 74.500000000000014 0.88234141469001781 0.021515898406505588 -0.098678875714540468 58.500000000000007 24.500000000000004 1.3350000381469729 951.64999389648449 0.090250775218009963 8.7500000000000018 44.500000000000007 14.684999942779543 43.500000000000007 13.01028347015381 36.500000000000007
decision_type=2 2 2 2 2 2 8 2 2 2 2 2 2 2 2 2 2 2 2 2 2 10 2 2 2 2 8 2 2 2
left_child=1 3 5 11 13 26 -7 9 20 12 -11 25 15 -4 22 -8 -10 18 -18 -19 -3 -16 27 29 -14 -1 -2 -5 -15 -24
right_child=2 8 4 14 -6 6 7 -9 16 10 -12 -13 24 28 21 -17 17 19 -20 -21 -22 -23 23 -25 -26 -27 -28 -29 -30 -31
leaf_value=-0.001402051882941241 0.0014613176072531932 -0.0014278971749899718 -0.007306634490449479 -0.00072617459654469657 0.0048705577237479758 0.0024702303456014402 0.0036123727195879365 0.0056818976489423417 0.0010171452533085713 -0.011790615911048165 0.0065833024313855515 -0.0013831666281839087 0.0048582598151447332 0.0036327529971490026 -0.0014836761700906817 -0.012781004211634832 -0.0016036812105117205 -0.0067499764034249336 0.0055678464611953245 -0.0018975106142073636 -0.00054180713202896073 -0.0014719729803734179 -0.0015808054664877191 -0.0015243453394973333 0.0053738467925775971 -0.00074969491462280498 0.012078980373167569 0.0020848348808091876 0.0052050325029673362 -3.2107524729092787e-05
leaf_weight=2272 3199 3070 88 1854 3062 2278 978 847 13460 211 213 3398 969 608 542 104 987 215 386 1024 7132 4170 395 1465 2151 547 129 485 456 1210
leaf_count=2272 3199 3070 88 1854 3062 2278 978 847 13460 211 213 3398 969 608 542 104 987 215 386 1024 7132 4170 395 1465 2151 547 129 485 456 1210
internal_value=-0.000399758 -0.00677664 0.017365 -0.0159273 0.0331595 0.0113452 0.0145758 0.0186838 -0.00108452 0.0155474 -0.00512821 -0.0224124 0.0176373 0.0177182 -0.0119346 0.00671573 0.00143684 -0.00519679 0.00170537 -0.0128215 -0.00505535 -0.0162603 -0.00815478 -0.0121301 0.021408 -0.0163421 0.00381038 -0.00292235 0.0212348 -0.00468944
internal_weight=57905 42612 15293 16338 4214 11079 7751 5473 26274 4626 424 6217 4202 1152 10121 1082 16072 2612 1373 1239 10202 4712 5409 3070 3120 2819 3328 2339 1064 1605
internal_count=57905 42612 15293 16338 4214 11079 7751 5473 26274 4626 424 6217 4202 1152 10121 1082 16072 2612 1373 1239 10202 4712 5409 3070 3120 2819 3328 2339 1064 1605
is_linear=0
shrinkage=0.05


Tree=41
num_leaves=31
num_cat=0
split_feature=3 5 4 6 12 9 10 3 9 3 5 11 8 8 5 7 11 7 8 10 12 7 9 8 6 3 10 4 13 13
split_gain=2532.05 848.657 545.087 164.74 143.196 136.33 127.577 96.7363 80.2699 73.3505 68.4652 67.1391 59.852 60.2539 58.2127 57.3363 54.9701 54.662 55.7172 51.9054 74.6394 53.9092 52.5603 75.2388 48.6715 46.6526 46.2803 45.1753 44.2268 43.8988
threshold=8.8954625129699725 2.2150000333786015 8.0150003433227557 950.85000610351574 -0.28400452435016627 4.4749999046325692 0.9170251488685609 10.567090034484865 4.0250000953674325 11.388372898101808 1.5116666555404665 8.5500001907348651 -0.20061247795820233 -0.081558488309383378 3.1450001001358037 -0.92772412300109852 9.0500001907348651 -0.6495143175125121 -0.68630018830299366 0.94828754663467418 -0.095842104405164705 0.31881132721900945 7.1150000095367441 -0.63470539450645436 943.35000610351574 13.01028347015381 0.76037701964378368 3.8149999380111699 -1.0000000180025095e-35 -0.7865660786628722
decision_type=2 2 2 2 2 8 2 2 10 2 2 2 2 2 2 2 2 2 2 2 2 2 10 2 2 2 2 2 2 2
left_child=1 4 6 11 10 17 9 16 15 -2 -1 -4 -11 -14 -7 -6 -8 18 -3 20 22 -21 23 -16 26 -13 -22 -24 -23 -10
right_child=2 5 3 -5 8 14 7 -9 29 12 -12 25 13 -15 19 -17 -18 -19 -20 21 24 28 27 -25 -26 -27 -28 -29 -30 -31
leaf_value=-0.0013417728597253976 0.0027274497612847313 0.0059445097220016761 -0.0065669155061374336 0.004627029837560576 -0.00056609191508055529 -0.00083544036064104254 0.0027772135822238865 0.0051063465288113119 0.00060037994233884959 0.0049836419278563669 -0.0010831165445487152 0.0032465581345478781 -0.010825234793836758 0.0041373988128176773 0.0050818026009882278 -0.0013184362988500167 0.005495571502448721 -0.0015478009949912057 -0.00067001069757625519 0.0014858716762376628 0.00057467419044685594 0.011196619692524121 0.011860750959730127 -0.0015885692953848674 -0.00096605607413234183 0.0050361179891989854 0.0096541912889879025 0.0025312167213566773 6.9730958714406269e-05 -0.0014221443894142597
leaf_weight=2210 6393 200 88 3063 467 7009 1059 911 324 856 3776 606 115 1003 702 5331 723 3352 2261 1806 564 400 309 1887 7466 461 193 3215 171 1171
leaf_count=2210 6393 200 88 3063 467 7009 1059 911 324 856 3776 606 115 1003 702 5331 723 3352 2261 1806 564 400 309 1887 7466 461 193 3215 171 1171
internal_value=-0.00031499 -0.00655083 0.0171563 0.0324414 -0.0170468 -0.00182972 0.011315 0.0207746 -0.0217525 0.00825968 -0.0113003 0.01625 0.0166751 0.00899377 -0.000147511 -0.0244184 0.013934 -0.00868855 -0.00302109 0.00145651 0.000320759 0.00829135 0.00450311 -0.000905937 -0.00278926 0.0197295 0.00925197 0.00847266 0.0216146 -0.0113667
internal_weight=58092 42814 15278 4218 13279 29535 11060 2693 7293 8367 5986 1155 1974 1118 23722 5798 1782 5813 2461 16713 14336 2377 6113 2589 8223 1067 757 3524 571 1495
internal_count=58092 42814 15278 4218 13279 29535 11060 2693 7293 8367 5986 1155 1974 1118 23722 5798 1782 5813 2461 16713 14336 2377 6113 2589 8223 1067 757 3524 571 1495
is_linear=0
shrinkage=0.05


Tree=42
num_leaves=31
num_cat=0
split_feature=3 5 4 3 6 3 11 9 6 6 13 8 6 8 3 7 8 8 12 15 6 6 4 4 7 8 8 15 6 8
split_gain=2495.69 850.473 483.251 160.82 141.774 125.811 92.2705 111.522 99.5519 83.4927 73.9709 63.6859 59.4528 79.4938 53.5146 53.1809 57.1976 53.4606 75.8782 49.6181 52.6465 57.5164 93.1612 53.9951 49.2855 48.7721 66.686 48.3849 48.0989 52.0321
threshold=9.2836713790893572 2.4183334112167363 8.055000305175783 2.6383464336395268 950.85000610351574 6.4245519638061532 7.0499999523162851 9.6050000190734881 963.75000000000011 952.25000000000011 0.37940952181816107 0.99805629253387462 951.64999389648449 1.0000000180025095e-35 13.01028347015381 0.88234141469001781 0.021515898406505588 0.96527305245399486 -0.47714059054851526 23.500000000000004 954.35000610351574 959.25000000000011 2.6049998998641972 6.1250000000000009 0.89420282840728771 -0.20061247795820233 -0.1157700978219509 58.500000000000007 952.64999389648449 0.038721922785043723
decision_type=2 2 2 2 2 2 2 8 2 2 2 2 2 2 2 2 2 2 2 2 2 2 2 2 2 2 2 2 2 2
left_child=1 3 6 9 14 19 -2 -8 25 -1 12 15 -5 -14 -4 17 24 -7 -19 28 23 -22 -23 -21 -17 -9 -27 -18 29 -3
right_child=2 5 4 10 -6 11 7 8 -10 -11 -12 -13 13 -15 -16 16 27 18 -20 20 21 22 -24 -25 -26 26 -28 -29 -30 -31
leaf_value=-0.0012198384586709018 0.0020230819475967276 -0.0015262433003006008 0.0027379989452047618 -9.2410637483461572e-05 0.0043956783456825469 0.0016284596050202384 0.0016714030872432978 0.0046055518116358335 0.0050241990683429494 -0.0012480864818322128 -0.0013438632831635126 0.0085320332848779819 -0.00068545303801802919 -0.0013594318502045885 0.0046909154543731853 -0.0042030384013370878 -0.0070855279250194364 0.011580422919261757 -0.0039063559521801995 -0.00013473511957295785 -0.0018874462847719064 -0.0019794197804040791 0.00090229403380218056 0.0048202629074612967 0.0020080622281708374 -0.0068192872905923577 0.0042749952213513411 -0.0019402868991688959 -0.0020760957086620401 0.00053285907135895705
leaf_weight=2815 2523 2223 621 2144 2943 11394 1538 2007 753 3381 4448 288 1452 1461 459 121 231 137 832 5648 2210 499 1688 212 1222 156 2445 1031 381 810
leaf_count=2815 2523 2223 621 2144 2943 11394 1538 2007 753 3381 4448 288 1452 1461 459 121 231 137 832 5648 2210 499 1688 212 1222 156 2445 1031 381 810
internal_value=-0.000348669 -0.00603813 0.0185316 -0.0154049 0.0330313 -0.000952233 0.0123263 0.0153172 0.0187197 -0.0216739 -0.0113091 0.00216893 -0.0071612 -0.011806 0.0174194 0.00171642 -0.00477011 0.00308457 -0.00816222 -0.00443478 -0.00269441 -0.00682644 -0.00107208 0.000409207 0.00241098 0.0159332 0.0113776 -0.0123915 -0.00965195 -0.0075214
internal_weight=58073 44628 13445 15701 4023 28927 9422 6899 5361 6196 9505 15256 5057 2913 1080 14968 2605 12363 969 13671 10257 4397 2187 5860 1343 4608 2601 1262 3414 3033
internal_count=58073 44628 13445 15701 4023 28927 9422 6899 5361 6196 9505 15256 5057 2913 1080 14968 2605 12363 969 13671 10257 4397 2187 5860 1343 4608 2601 1262 3414 3033
is_linear=0
shrinkage=0.05


Tree=43
num_leaves=31
num_cat=0
split_feature=3 5 4 3 9 6 10 8 15 6 11 10 10 13 13 13 12 11 4 13 15 15 4 9 12 8 5 6 9 6
split_gain=2317 1033.09 291.129 163.075 154.362 125.391 96.8252 89.8759 78.0415 73.5624 72.6717 121.936 76.5234 73.2236 65.8436 65.6223 63.4037 63.1024 61.5148 57.7119 56.1641 51.3418 51.3349 56.8877 50.2523 47.6085 47.1549 44.5929 40.4272 43.0544
threshold=10.295542240142824 2.4850000143051152 7.9349999427795419 2.6820437908172612 7.1150000095367441 951.14999389648449 0.9170251488685609 0.99805629253387462 75.500000000000014 952.04998779296886 6.4500000476837167 0.89490029215812694 -0.46173103153705591 -0.6035533845424651 -0.37940952181816096 0.37940952181816107 0.26722820103168493 9.4499998092651385 7.4649999141693124 -1.0000000180025095e-35 43.500000000000007 43.500000000000007 3.8950001001358037 12.125000000000002 -0.26722820103168482 -0.93779578804969776 5.5616667270660409 959.85000610351574 4.4749999046325692 951.35000610351574
decision_type=2 2 2 2 8 2 2 2 2 2 2 2 2 2 2 2 2 2 2 2 2 2 2 8 2 2 2 2 10 2
left_child=1 3 6 9 28 17 16 10 15 21 12 22 -6 24 -13 -5 27 -4 -16 -18 -17 -1 -12 -24 -14 -15 -8 -2 29 -3
right_child=2 4 5 8 7 -7 26 -9 -10 -11 11 14 13 25 18 20 19 -19 -20 -21 -22 -23 23 -25 -26 -27 -28 -29 -30 -31
leaf_value=-0.0012265932258495452 0.0038579426729181189 -0.00052225666762877759 -0.0056105681781914111 -0.00075197405156363333 0.0025723660253598526 0.0041382035763257831 0.0035692647073100659 0.0065833830726143849 -0.0012887646849742418 -0.001185682157740602 0.0096239971346062676 0.0063492534179932615 -0.0034776714789573103 -0.0051958517971645527 0.0021545732807885356 -0.0013999853724459414 0.0054720758375958085 0.0042104889680447738 0.0049456469854096633 -0.0020205001790894492 -0.00090196625385512402 -0.00039212191578253243 0.00087962095965259677 -0.0036933584004551719 0.0025953139895116915 -0.0011405597484313188 0.0045977152176043534 0.0047903062021102177 -0.00038408972959831926 -0.0016586885932098731
leaf_weight=2290 1915 2606 104 4766 2166 2986 255 391 1404 3559 252 1109 190 483 1593 1906 501 984 441 964 1933 582 5545 354 1476 5124 775 607 8998 1796
leaf_count=2290 1915 2606 104 4766 2166 2986 255 391 1404 3559 252 1109 190 483 1593 1906 501 984 441 964 1933 582 5545 354 1476 5124 775 607 8998 1796
internal_value=-0.000422838 -0.00472748 0.0227518 -0.0149407 0.000436534 0.0326796 0.0146655 0.00331957 -0.0109397 -0.0211544 0.00282047 0.00595763 -0.000270013 -0.0027274 0.0139612 -0.00914634 0.0111097 0.0180238 0.00858264 0.00282313 -0.0140088 -0.0151547 0.00185997 0.000906165 0.0064632 -0.00546151 0.0283092 0.0159082 -0.00367773 -0.00760154
internal_weight=58055 48964 9091 16440 32524 4074 5017 19124 10009 6431 18733 9294 9439 7273 3143 8605 3987 1088 2034 1465 3839 2872 6151 5899 1666 5607 1030 2522 13400 4402
internal_count=58055 48964 9091 16440 32524 4074 5017 19124 10009 6431 18733 9294 9439 7273 3143 8605 3987 1088 2034 1465 3839 2872 6151 5899 1666 5607 1030 2522 13400 4402
is_linear=0
shrinkage=0.05


Tree=44
num_leaves=31
num_cat=0
split_feature=3 5 4 6 3 10 11 2 3 7 15 7 3 13 3 8 3 8 7 4 11 8 6 6 11 6 13 7 6 15
split_gain=2242.61 741.685 578.284 178.455 145.693 97.7479 107.863 84.0631 74.6666 70.3405 121.811 58.3647 57.8914 54.5892 52.8822 77.1609 51.8737 49.4856 47.3047 65.6783 46.5152 44.4158 43.7503 39.4225 37.4017 37.2544 36.4104 80.333 67.8653 48.4281
threshold=8.8550095558166522 2.0049999952316289 7.8550000190734872 950.85000610351574 5.9595904350280771 0.89490029215812694 8.9499998092651385 41.500000000000007 12.88586473464966 0.066572044044733061 46.500000000000007 0.88234141469001781 2.1336435079574589 -0.6035533845424651 11.151661396026613 -0.20061247795820233 3.6715925931930546 1.0000000180025095e-35 0.99630826711654674 5.1050000190734872 11.550000190734865 -0.034374605864286416 965.64999389648449 954.75000000000011 9.6500000953674334 958.75000000000011 0.12940952181816109 -0.59573787450790394 947.25000000000011 37.500000000000007
decision_type=2 2 2 2 2 2 2 2 2 2 2 2 2 2 2 2 2 2 2 2 2 2 2 2 2 2 2 2 2 2
left_child=1 7 5 8 16 14 13 9 -4 10 -1 22 -11 -7 -2 -16 -3 -14 19 -13 25 -20 26 -15 -17 -5 -6 28 -28 -29
right_child=2 4 3 20 11 6 -8 -9 -10 12 -12 18 17 23 15 24 -18 -19 21 -21 -22 -23 -24 -25 -26 -27 27 29 -30 -31
leaf_value=-0.0011775213363766223 0.0015407367676141259 -0.0010804187841313834 0.0016623787134847192 0.0036103580516951119 0.0012855072597689214 0.0065065164264889791 0.0048895836970559827 -0.00087142543095477089 0.0044125117409732351 -0.001126398049853572 -0.00013349335499337757 -0.0033709494881677491 -0.0011191520573345559 -0.0010905517279171217 0.0043514094773645737 -0.0038130179312156234 -0.0007436652699070183 -0.0011703555811608101 0.0066413166087374896 0.0019408597097657688 0.0039689842495821302 -0.00096385082837589374 0.008166645696105446 0.0040473627619854683 0.0034688280588029974 0.0043011485446474654 -0.00030060854624742035 -0.0044941916910531537 0.0085184493609567549 -0.00051486414812417576
leaf_weight=3404 5083 4110 813 678 7558 605 1316 1562 511 1341 1115 1621 1682 823 754 360 11872 1482 194 493 2344 356 387 1107 710 456 1093 1122 740 2446
leaf_count=3404 5083 4110 813 678 7558 605 1316 1562 511 1341 1115 1621 1682 823 754 360 11872 1482 194 493 2344 356 387 1107 710 456 1093 1122 740 2446
internal_value=-0.000288943 -0.00622549 0.0159525 0.0303724 -0.00242835 0.00950478 0.0158843 -0.0176943 0.0146727 -0.0195481 -0.0151083 0.000942866 -0.02398 0.00982283 0.00593895 0.0132313 -0.00580472 -0.0202272 -0.00580742 -0.00920245 0.0363193 0.00720721 0.00229196 0.00568475 0.00455814 0.0277436 0.00179343 -0.0013411 0.00715452 -0.00570949
internal_weight=58138 42578 15560 4802 31992 10758 3851 10586 1324 9024 4519 16010 4505 2535 6907 1824 15982 3164 2664 2114 3478 550 13346 1930 1070 1134 12959 5401 1833 3568
internal_count=58138 42578 15560 4802 31992 10758 3851 10586 1324 9024 4519 16010 4505 2535 6907 1824 15982 3164 2664 2114 3478 550 13346 1930 1070 1134 12959 5401 1833 3568
is_linear=0
shrinkage=0.05


Tree=45
num_leaves=31
num_cat=0
split_feature=3 5 3 10 3 9 8 15 6 12 11 10 10 13 8 11 5 6 13 6 7 9 12 10 8 15 7 8 13 7
split_gain=2166.31 949.637 229.713 166.761 162.358 157.981 99.2226 85.6239 71.4041 70.8908 64.3031 108.74 64.1409 68.2315 59.6831 61.3802 59.1529 58.5995 58.415 57.0848 86.0237 59.5463 55.6291 55.1765 51.4024 50.6152 47.0425 44.2703 44.039 43.9873
threshold=10.295542240142824 2.4850000143051152 12.345750331878664 0.9170251488685609 2.6383464336395268 7.1150000095367441 0.99805629253387462 76.500000000000014 952.14999389648449 0.26722820103168493 6.3500001430511483 0.90992662310600292 -0.46173103153705591 -0.6035533845424651 0.97745609283447277 8.5500001907348651 5.5216667652130136 950.85000610351574 0.37940952181816107 959.64999389648449 0.96468064188957225 12.315000057220461 -0.26722820103168482 0.9170251488685609 -0.93779578804969776 43.500000000000007 -0.81202265620231617 1.0000000180025095e-35 -0.6035533845424651 0.75047916173934948
decision_type=2 2 2 2 2 8 2 2 2 2 2 2 2 2 2 2 2 2 2 2 2 8 2 2 2 2 2 2 2 2
left_child=1 4 3 9 8 -3 10 18 -1 17 12 19 26 22 15 -13 -5 -2 -6 20 21 -12 -14 -4 -15 -20 -7 -9 -11 -26
right_child=2 5 23 16 7 6 -8 27 -10 28 11 14 13 24 -16 -17 -18 -19 25 -21 -22 -23 -24 -25 29 -27 -28 -29 -30 -31
leaf_value=-0.0010765364582718665 0.0016528330770232747 -0.00067709295723682487 0.0039372015448239711 0.0020226701279270425 -0.00069205399008963754 -0.0017986907727438356 0.0067137993739614741 -0.00099786890768403 -0.0010703483705182496 0.0044722306421543347 0.0011425990835252865 0.0025788225659755418 -0.0037627994278154938 -0.0050600032042365968 -0.0071129877134000824 0.0050907846171086013 0.0039143918736250366 0.0037548976793519376 -0.0012594608747867526 0.0049852644481957701 -0.0057548502132321495 -0.0038292529403125735 0.0026430100537424327 0.0040528006583972096 -2.3221402774035312e-05 -0.00088453631159743145 0.0039209741672332201 -0.0011901728358536022 -0.0023161519366087292 -0.0023734225201780925
leaf_weight=2797 891 13343 2803 254 4879 527 392 340 3413 351 4877 1139 190 486 151 1626 1240 1735 1970 1219 261 309 1456 843 3312 2032 1552 996 1009 1737
leaf_count=2797 891 13343 2803 254 4879 527 392 340 3413 351 4877 1139 190 486 151 1626 1240 1735 1970 1219 261 309 1456 843 3312 2032 1552 996 1009 1737
internal_value=-0.000204696 -0.00437063 0.0221553 0.0156609 -0.0141705 0.000572402 0.00347211 -0.0102866 -0.0205471 0.0102982 0.00295007 0.00582038 -2.15866e-05 -0.00226134 0.0138651 0.0155415 0.0298866 0.0150893 -0.00850214 0.00229351 0.00010088 0.00152186 0.00666263 0.0318817 -0.00491877 -0.0129773 0.00770154 -0.0220731 0.00102564 -0.00341314
internal_weight=58130 49004 9126 5480 16427 32577 19234 10217 6210 3986 18842 9582 9260 7181 2916 2765 1494 2626 8881 6666 5447 5186 1646 3646 5535 4002 2079 1336 1360 5049
internal_count=58130 49004 9126 5480 16427 32577 19234 10217 6210 3986 18842 9582 9260 7181 2916 2765 1494 2626 8881 6666 5447 5186 1646 3646 5535 4002 2079 1336 1360 5049
is_linear=0
shrinkage=0.05


Tree=46
num_leaves=31
num_cat=0
split_feature=3 5 4 12 3 6 10 5 8 5 10 11 8 12 13 12 11 6 13 8 8 9 6 7 6 6 13 7 10 5
split_gain=2085.27 911.416 279.567 150.067 142.78 127.358 101.066 93.5033 86.8748 82.4343 78.0509 80.7873 70.5037 64.3753 63.2829 60.3701 53.4699 51.2812 50.6762 47.0307 51.7316 47.8514 46.8115 45.8826 41.6287 41.1303 40.6603 40.4376 41.3389 39.4651
threshold=10.295542240142824 2.4616667032241826 7.9349999427795419 -0.16504132002592084 7.0910441875457773 951.14999389648449 0.9170251488685609 1.9016666412353518 0.99805629253387462 1.4583333730697634 0.94260558485984813 8.4499998092651385 0.97745609283447277 -0.38266885280609125 -0.91597560048103321 0.26722820103168493 9.4499998092651385 943.35000610351574 -0.6035533845424651 0.97745609283447277 0.70785933732986461 8.4549999237060565 959.45001220703136 -0.44956664741039271 956.85000610351574 964.35000610351574 -0.7865660786628722 0.066572044044733061 0.70088258385658275 5.5616667270660409
decision_type=2 2 2 2 2 2 2 2 2 2 2 2 2 2 2 2 2 2 2 2 2 8 2 2 2 2 2 2 2 2
left_child=1 3 6 9 -3 16 15 26 10 -1 13 24 -13 14 -6 22 -4 -15 -17 20 -19 -22 -2 -18 -12 -9 -5 28 -28 -8
right_child=2 4 5 7 8 -7 29 25 -10 -11 11 12 -14 17 -16 18 23 19 -20 -21 21 -23 -24 -25 -26 -27 27 -29 -30 -31
leaf_value=-0.0010431584637418958 0.0032293913483533807 -0.00052511388667431244 -0.0055862620023519665 -0.00098807047039861694 -0.0029371314182835479 0.0035268439153871458 0.0036326592264754377 -0.0011040846214650148 0.007072637537889912 -0.00083255928958598721 -0.0010371104954847777 0.0049483018445565024 -0.010872811466928218 0.0054022480148432769 0.0056230453902709676 0.0054355951736886569 0.0032610838237766477 -0.00083664147996939805 -0.0016135646959445111 -0.0040888025429290046 -0.0038579844063450774 0.0054626210465793749 0.0041821127464589051 0.0037006336872893232 0.005559967912671224 -0.001217972279422958 -0.0010533119455121444 -0.0010165607288349808 -0.00063468678458427751 0.0039318098007896434
leaf_weight=2149 1884 17003 97 722 557 2978 249 3310 330 5702 877 1107 84 620 2414 327 460 7080 1130 391 409 1457 647 529 374 289 1157 2350 450 781
leaf_count=2149 1884 17003 97 722 557 2978 249 3310 330 5702 877 1107 84 620 2414 327 460 7080 1130 391 409 1457 647 529 374 289 1157 2350 450 781
internal_value=-0.000379841 -0.00447202 0.0216133 -0.0141967 0.000325608 0.0313591 0.013697 -0.0188941 0.00376313 -0.00923498 0.00321301 0.0114017 0.020694 0.00166241 0.00811492 0.0100676 0.0165903 -0.000266011 0.00194938 -0.00119353 -0.000446877 0.00694816 0.0147279 0.0200704 0.00250796 -0.0128052 -0.0235589 -0.0255553 -0.0193238 0.0276329
internal_weight=57914 48832 9082 16129 32703 4064 5018 8278 15700 7851 15370 2442 1191 12928 2971 3988 1086 9957 1457 9337 8946 1866 2531 989 1251 3599 4679 3957 1607 1030
internal_count=57914 48832 9082 16129 32703 4064 5018 8278 15700 7851 15370 2442 1191 12928 2971 3988 1086 9957 1457 9337 8946 1866 2531 989 1251 3599 4679 3957 1607 1030
is_linear=0
shrinkage=0.05


Tree=47
num_leaves=31
num_cat=0
split_feature=3 3 4 3 3 6 7 10 10 11 7 10 12 11 8 8 7 11 9 8 8 7 7 7 9 8 6 14 9 6
split_gain=2029.64 840.356 240.622 194.911 122.981 116.357 104.225 102.333 82.1856 85.4689 63.937 60.6839 57.8293 53.7135 50.2202 56.5401 51.8502 48.0427 46.5485 46.0689 43.6467 45.8093 39.9066 38.6112 42.0341 42.6857 38.4823 44.3096 38.1733 36.1974
threshold=10.500891685485842 4.4950954914093026 8.055000305175783 2.6820437908172612 7.8626818656921396 951.14999389648449 -0.7360914647579192 0.9170251488685609 0.9238443672657014 8.5500001907348651 0.63303324580192577 -0.9366365075111388 -0.18222858756780622 9.4499998092651385 -0.20061247795820233 -0.064414007589220987 0.926098793745041 2.8500000238418584 4.2349998950958261 1.0000000180025095e-35 -0.69561269879341114 -0.6495143175125121 -0.31473593413829798 0.97513228654861461 10.914999961853029 0.021515898406505588 954.64999389648449 6.5450000762939462 9.2550001144409197 959.04998779296886
decision_type=2 2 2 2 2 2 2 2 2 2 2 2 2 2 2 2 2 2 10 2 2 2 2 2 10 2 2 10 10 2
left_child=1 3 7 6 18 13 -1 14 23 26 11 22 17 -4 16 -16 -2 -8 20 -12 21 -3 -5 -6 25 -25 27 -10 -11 -20
right_child=2 4 5 10 8 -7 12 -9 9 28 19 -13 -14 -15 15 -17 -18 -19 29 -21 -22 -23 -24 24 -26 -27 -28 -29 -30 -31
leaf_value=-0.00079347410195530765 0.0032299946010816653 0.018143273211978585 -0.005385661809460443 -0.0012414492090534086 0.0016287127181889766 0.0034028525609536204 -0.0010096441659911126 0.0037402535327125453 0.0038702829135849022 0.0042299923654147585 -0.00093978848540311538 -0.00035268579503092877 -0.00096609499201918243 0.0034807804248486785 -0.0050519863278993609 0.0028850534254142163 0.0047523668774997752 -0.00050633069343963691 -0.00046317185539554163 -0.0010502911392372997 -0.0016091606132975389 -0.00048091746566966898 -0.00063468977587689411 -0.00031485323416248213 0.0077962777340773188 -0.004485387689970627 0.004486501364134976 -0.0037800061412091857 0.0039377565668700992 0.00087041225058478175
leaf_weight=1603 1307 89 82 2158 8111 2674 1300 975 378 488 1422 5047 3105 884 264 1894 341 657 13533 1343 2194 453 1221 466 158 395 723 430 956 3285
leaf_count=1603 1307 89 82 2158 8111 2674 1300 975 378 488 1422 5047 3105 884 264 1894 341 657 13533 1343 2194 453 1221 466 158 395 723 430 956 3285
internal_value=-0.000272691 -0.00413267 0.0224128 -0.0128044 0.000759538 0.0320988 -0.0195727 0.0150125 0.00471924 0.0119295 -0.00876652 -0.00659471 -0.0230906 0.0170958 0.0112831 0.00624133 0.0178463 -0.0162844 -0.00169232 -0.015361 -0.0077344 0.00493601 -0.011776 0.00236453 -0.00678711 -0.0111432 0.00367839 -0.00381304 0.0206349 -0.000707365
internal_weight=57936 49515 8421 17856 31659 3640 6665 4781 12105 2975 11191 8426 5062 966 3806 2158 1648 1957 19554 2765 2736 542 3379 9130 1019 861 1531 808 1444 16818
internal_count=57936 49515 8421 17856 31659 3640 6665 4781 12105 2975 11191 8426 5062 966 3806 2158 1648 1957 19554 2765 2736 542 3379 9130 1019 861 1531 808 1444 16818
is_linear=0
shrinkage=0.05


Tree=48
num_leaves=31
num_cat=0
split_feature=3 5 4 3 3 6 7 10 10 11 12 13 11 13 12 4 7 7 7 12 9 12 6 6 14 13 10 9 13 11
split_gain=1918.13 796.117 286.643 161.904 138.906 121.255 94.0359 90.2665 78.6529 96.5289 76.382 68.1873 57.2873 55.6487 53.8157 53.1765 50.8972 53.9483 50.3929 45.9851 44.0717 43.4829 52.2879 40.0075 43.9638 39.6618 39.1637 38.8939 37.8481 36.1298
threshold=10.295542240142824 2.4850000143051152 7.9349999427795419 2.6383464336395268 7.0910441875457773 951.14999389648449 -0.53914576768875111 0.9170251488685609 0.93038213253021251 8.5500001907348651 -0.43049471080303187 0.37940952181816107 9.1500000953674334 -0.91597560048103321 -0.18222858756780622 1.3949999809265139 0.61287125945091259 0.56424301862716686 -0.44956664741039271 -0.59480014443397511 6.4349999427795419 0.26722820103168493 959.45001220703136 954.54998779296886 6.7049999237060556 -0.6035533845424651 0.608738273382187 9.6549997329711932 -0.7865660786628722 10.949999809265138
decision_type=2 2 2 2 2 2 2 2 2 2 2 2 2 2 2 2 2 2 2 2 10 2 2 2 10 2 2 10 2 2
left_child=1 3 7 6 29 12 26 21 10 23 13 16 -4 -6 -8 -13 17 19 -14 20 -5 22 -2 24 -10 -23 -1 -11 -16 -3
right_child=2 4 5 11 8 -7 14 -9 9 27 -12 15 18 -15 28 -17 -18 -19 -20 -21 -22 25 -24 -25 -26 -27 -28 -29 -30 -31
leaf_value=-0.00096715206797899601 0.002757563754686504 -0.00056081388024294826 -0.0052042740722073044 0.00074377843747451197 -0.0028010634967903154 0.0031869510009716832 -0.00091826928086470756 0.0035532408560769169 0.0015458917949848841 0.0050416456510058924 -2.3717906254445975e-05 -0.0010027032174162302 0.0030203359670372245 0.0056338953778115987 -0.00091670344443257499 -0.000982788661994154 -0.0010081574608513924 0.0060688095216246858 0.0033714035296671776 -0.0010002163538689671 -0.002471576777671269 0.0049199711893407744 0.003764097077600509 0.0042448763679345195 -0.0037277863578824735 -0.0011322039310625142 0.00023683334063758464 0.0039224779241800846 -0.00091779024241822333 0.0028496998473961782
leaf_weight=1432 1895 16278 88 1642 487 2983 1626 1041 596 866 9840 1563 461 2200 383 3130 1775 114 514 1819 111 326 644 789 439 1126 477 611 2247 579
leaf_count=1432 1895 16278 88 1642 487 2983 1626 1041 596 866 9840 1563 461 2200 383 3130 1775 114 514 1819 111 326 644 789 439 1126 477 611 2247 579
internal_value=-0.000153218 -0.00406456 0.0209512 -0.013082 0.000438972 0.0308566 -0.0194733 0.0129641 0.00380219 0.0106624 0.0019909 -0.00919382 0.0162453 0.00945394 -0.0236095 -0.0136122 -0.00538785 -0.00203197 0.0197449 -0.00313112 0.00264505 0.00952202 0.0134631 0.00295243 -0.00350962 0.0026081 -0.0102142 0.0201417 -0.0280455 -0.00271913
internal_weight=58082 49004 9078 16319 32685 4046 6165 5032 15828 3301 12527 10154 1063 2687 4256 4693 5461 3686 975 3572 1753 3991 2539 1824 1035 1452 1909 1477 2630 16857
internal_count=58082 49004 9078 16319 32685 4046 6165 5032 15828 3301 12527 10154 1063 2687 4256 4693 5461 3686 975 3572 1753 3991 2539 1824 1035 1452 1909 1477 2630 16857
is_linear=0
shrinkage=0.05


Tree=49
num_leaves=31
num_cat=0
split_feature=3 5 3 3 10 9 15 7 8 12 6 8 7 7 8 10 8 9 13 12 15 8 12 6 15 3 11 12 15 3
split_gain=1883.65 783.163 259.197 168.01 143.323 111.65 86.8691 84.9726 82.4655 72.7191 59.5776 122.677 79.0517 68.6441 91.0855 58.2745 56.2232 54.9651 54.6585 53.3169 52.6059 52.0704 49.0475 58.1349 47.8995 57.9167 47.1944 99.8428 38.4067 37.9552
threshold=10.295542240142824 2.4616667032241826 12.345750331878664 2.6383464336395268 0.94260558485984813 7.1549999713897714 76.500000000000014 -0.53914576768875111 0.99805629253387462 -0.026175950653851029 959.25000000000011 0.88933694362640392 0.95250648260116588 0.99276849627494823 0.021515898406505588 0.9170251488685609 0.97653719782829296 14.244999885559084 0.37940952181816107 -0.18222858756780622 43.500000000000007 1.0000000180025095e-35 0.2503704726696015 959.45001220703136 43.500000000000007 9.1815714836120623 5.7500000000000009 0.078456107527017607 72.500000000000014 7.9065542221069345
decision_type=2 2 2 2 2 8 2 2 2 2 2 2 2 2 2 2 2 8 2 2 2 2 2 2 2 2 2 2 2 2
left_child=1 3 4 7 22 -3 18 -1 10 -6 12 26 16 -14 -15 17 29 -4 -5 -9 -20 -8 23 -2 -18 28 27 -12 -26 -7
right_child=2 5 15 6 9 8 21 19 -10 -11 11 -13 13 14 -16 -17 24 -19 20 -21 -22 -23 -24 -25 25 -27 -28 -29 -30 -31
leaf_value=-0.00087415741072172689 0.0024233896490944099 -0.00056827974262241363 0.0029715017391697021 -0.00047272912070454588 -0.0025059788208710884 -4.1862422084934515e-05 -0.00048247059215851437 -0.00087846993313083074 0.0057966691794518925 0.0032011903978826531 0.0049569514645318993 0.011567518747593535 -0.0048444728919868427 0.0084945671769994183 -0.0040310845151769348 0.0032732116889160087 -0.0042682088694019132 0.0035742257043456099 -0.0010411094231867902 -0.0008719007302973122 -0.00067986483114824666 -0.00097364567081823688 0.0010669257427485619 0.003679080561160192 0.0067096975330707166 -0.0067907225531314954 0.0035982944020645502 -0.0018849524369566079 -0.0036116783456183045 0.0021919146040202497
leaf_weight=1917 2091 13808 1901 4727 80 5747 325 1650 386 823 652 321 669 295 163 866 460 910 1918 2637 1958 1000 1764 703 260 133 2149 1305 96 6424
leaf_count=1917 2091 13808 1901 4727 80 5747 325 1650 386 823 652 321 669 295 163 866 460 910 1918 2637 1958 1000 1764 703 260 133 2149 1305 96 6424
internal_value=-0.00017371 -0.00406081 0.0206606 -0.0130817 0.0137303 0.000368083 -0.00904057 -0.0195362 0.00284815 0.0318833 0.00237165 0.00743457 0.000796379 -0.0118816 0.00302376 0.0309207 0.00188952 0.027326 -0.00719679 -0.0234506 -0.0115949 -0.0209398 0.010103 0.0142194 -0.00980084 0.00111336 0.00508392 -0.000535168 0.0116343 0.0028047
internal_weight=58138 49000 9138 16132 5461 32868 9928 6204 19060 903 18674 4427 14247 1127 458 3677 13120 2811 8603 4287 3876 1325 4558 2794 949 489 4106 1957 356 12171
internal_count=58138 49000 9138 16132 5461 32868 9928 6204 19060 903 18674 4427 14247 1127 458 3677 13120 2811 8603 4287 3876 1325 4558 2794 949 489 4106 1957 356 12171
is_linear=0
shrinkage=0.05


Tree=50
num_leaves=31
num_cat=0
split_feature=4 5 3 3 6 3 11 7 13 7 8 11 13 7 9 7 12 8 6 4 3 8 8 7 9 8 6 7 12 2
split_gain=1815.17 778.042 288.133 150.978 131.726 114.67 75.8382 73.891 71.3245 75.3452 67.3292 65.1611 61.2043 59.2053 48.3191 47.6031 46.6349 46.5747 45.947 45.8306 40.4983 40.5104 42.315 69.6803 40.2938 39.8965 39.5915 58.5505 38.351 37.5798
threshold=6.9649999141693124 2.2350000143051152 12.009989261627199 7.1327278614044198 951.04998779296886 2.6383464336395268 10.650000095367433 -0.6495143175125121 1.0000000180025095e-35 0.68472337722778331 0.021515898406505588 8.0500001907348651 0.37940952181816107 -0.52458885312080372 9.7049999237060565 0.94713109731674205 -0.18222858756780622 -0.68316051363944996 967.14999389648449 8.1050000190734881 10.930614948272707 -0.88134551048278797 -0.97653719782829274 0.16894881427288058 1.3350000381469729 0.35769492387771612 960.75000000000011 0.98049062490463268 -0.59480014443397511 4.5000000000000009
decision_type=2 2 2 2 2 2 2 2 2 2 2 2 2 2 8 2 2 2 2 2 2 2 2 2 10 2 2 2 2 2
left_child=1 5 4 -3 -2 7 -6 -1 14 20 17 15 28 25 -5 -4 -9 -11 29 26 21 22 23 -10 -14 -13 27 -15 -7 -12
right_child=2 3 11 8 6 12 -8 16 9 10 18 13 24 19 -16 -17 -18 -19 -20 -21 -22 -23 -24 -25 -26 -27 -28 -29 -30 -31
leaf_value=-0.00079081013235093715 0.0007857286641450357 -0.00049421774654180648 -0.0025739895863463426 0.0015944053116064519 0.0029883378719178346 4.9525892787691612e-05 0.0028815678363006414 -0.0008386136179090232 -0.0016691923944270604 -0.0049411171946550153 -2.5525717792412863e-05 -0.0075603569447827926 -0.0009172569422304964 0.0032099049661255489 0.0036790479401284716 0.0052795032646056009 -0.00082830569378244663 0.0013924124236960574 0.0052742197328761679 0.0030089667640251895 0.0054902052470311522 0.0024848605062288143 -0.0044555404083983429 0.018403407415130774 -0.00088693581319429472 0.0036057769819567878 0.0032015361243443955 -0.0048204519216254989 -0.00082561529819070729 -0.006221917641867622
leaf_weight=1530 1914 19729 176 5500 1849 1542 1412 1731 335 201 204 91 488 599 2992 104 2667 1191 91 2336 290 3359 669 87 3127 285 316 106 2361 812
leaf_count=1530 1914 19729 176 5500 1849 1542 1412 1731 335 201 204 91 488 599 2992 104 2667 1191 91 2336 290 3359 669 87 3127 285 316 106 2361 812
internal_value=-1.03272e-05 -0.00384167 0.0203742 4.22952e-05 0.0125579 -0.0140807 0.018662 -0.019282 0.00369535 4.83158e-05 -0.00696885 0.0304256 -0.00996943 0.0321696 0.0068024 0.00701754 -0.0225755 0.00035791 -0.0161421 0.0342802 0.00375132 0.00255892 -0.0057938 0.00655738 -0.0146547 0.0131234 0.0251949 0.0183803 -0.00561668 -0.0191969
internal_weight=58094 48906 9188 35460 5175 13446 3261 5928 15731 7239 2499 4013 7518 3733 8492 280 4398 1392 1107 3357 4740 4450 1091 422 3615 376 1021 705 3903 1016
internal_count=58094 48906 9188 35460 5175 13446 3261 5928 15731 7239 2499 4013 7518 3733 8492 280 4398 1392 1107 3357 4740 4450 1091 422 3615 376 1021 705 3903 1016
is_linear=0
shrinkage=0.05


Tree=51
num_leaves=31
num_cat=0
split_feature=3 5 3 10 3 3 15 7 8 8 10 11 13 10 2 15 12 10 7 13 7 12 9 12 8 3 7 7 8 7
split_gain=1749.09 727.456 225.762 134.352 131.784 119.15 89.8778 76.6074 65.6034 64.5902 80.4883 61.317 55.0349 53.2597 52.6985 47.331 46.471 49.8882 76.4353 75.4915 50.2224 45.426 43.2843 42.9076 42.1506 42.0309 40.8292 61.3828 46.6347 39.3277
threshold=10.500891685485842 2.4183334112167363 12.345750331878664 0.94828754663467418 2.6383464336395268 8.0404844284057635 76.500000000000014 -0.53914576768875111 0.99805629253387462 0.97653719782829296 0.94260558485984813 8.5500001907348651 0.37940952181816107 0.9238443672657014 14.500000000000002 43.500000000000007 -0.44618082046508784 0.93038213253021251 -0.41079147160053248 -0.37940952181816096 -0.25707612931728357 0.2503704726696015 14.244999885559084 0.026175950653851036 1.0000000180025095e-35 5.1259825229644784 0.99468535184860241 0.96906387805938732 -0.12004461884498595 -0.47246390581130976
decision_type=2 2 2 2 2 2 2 2 2 2 2 2 2 2 2 2 2 2 2 2 2 2 8 2 2 2 2 2 2 2
left_child=1 4 3 21 7 16 12 -1 9 10 -7 29 -6 22 -9 -14 -3 26 25 -20 -21 -2 -4 -5 -8 -19 27 -18 -29 -12
right_child=2 5 13 23 6 8 24 14 -10 -11 11 -13 15 -15 -16 -17 17 18 19 20 -22 -23 -24 -25 -26 -27 -28 28 -30 -31
leaf_value=-0.00078775565936184974 0.0026699310390159215 0.00055679787453805855 0.0026854859069759818 0.0012726431997878819 -0.00046874292701420132 0.0013297723222419622 -0.00072738765034956014 -0.00079586329300850164 0.0061041990653868672 -0.0043574769509656663 -0.0034424831562364176 0.003396630506555426 -0.0009575299142228909 0.0029634942898574602 -0.00078652810946737363 -0.00061445886128545519 -0.00080733467032182359 -6.3406514467700614e-05 0.0018355051123889925 -0.0042715654489631225 -0.001251754136514408 0.0010925314462019498 0.0032386824857405017 0.0030006119981355996 -0.00087615661121246162 0.0050175362261925902 0.0038946250626572588 0.00278880659935591 -0.0035905250226055453 0.0054678494107009701
leaf_weight=1876 2532 5917 1955 97 4509 8847 322 1446 234 543 245 935 1828 800 2806 1901 11761 590 1094 196 1243 1589 913 574 955 987 389 102 473 409
leaf_count=1876 2532 5917 1955 97 4509 8847 322 1446 234 543 245 935 1828 800 2806 1901 11761 590 1094 196 1243 1589 913 574 955 987 389 102 473 409
internal_value=-0.000120538 -0.00370467 0.020886 0.0137169 -0.0126246 0.000404769 -0.00893382 -0.0183434 0.00462204 0.0040559 0.00493248 0.015276 -0.00701201 0.0302205 -0.0220578 -0.0115024 -0.00167421 -0.00301366 0.001774 -0.0036052 -0.011115 0.0103127 0.0269405 0.0343935 -0.0212559 0.0103982 -0.00456009 -0.00506442 -0.0209483 0.00349014
internal_weight=58068 49608 8460 4792 15643 33965 9515 6128 11213 10979 10436 1589 8238 3668 4252 3729 22752 16835 4110 2533 1439 4121 2868 671 1277 1577 12725 12336 575 654
internal_count=58068 49608 8460 4792 15643 33965 9515 6128 11213 10979 10436 1589 8238 3668 4252 3729 22752 16835 4110 2533 1439 4121 2868 671 1277 1577 12725 12336 575 654
is_linear=0
shrinkage=0.05


Tree=52
num_leaves=31
num_cat=0
split_feature=3 5 3 10 3 3 15 6 8 8 8 6 13 10 6 10 12 8 15 13 12 8 12 10 9 12 6 13 15 15
split_gain=1671.37 671.08 250.057 158.424 135.692 91.2923 91.1447 71.2422 64.7551 61.7869 71.2825 60.8809 56.674 56.8553 54.0212 53.7606 48.1199 47.2841 46.9414 52.3839 48.0391 53.8906 45.6008 45.1022 44.378 44.1537 41.4938 41.0671 40.7098 40.475
threshold=10.295542240142824 2.4616667032241826 12.345750331878664 0.94828754663467418 2.6383464336395268 7.951972723007203 76.500000000000014 952.04998779296886 0.99805629253387462 0.97653719782829296 0.54162281751632702 957.04998779296886 0.37940952181816107 0.9536806344985963 951.14999389648449 0.9238443672657014 0.0087262028828263612 1.0000000180025095e-35 43.500000000000007 0.60355338454246532 0.1650413200259209 -0.17552985996007917 0.2503704726696015 0.94828754663467418 14.244999885559084 -0.18222858756780622 953.54998779296886 0.12940952181816109 44.500000000000007 34.500000000000007
decision_type=2 2 2 2 2 2 2 2 2 2 2 2 2 2 2 2 2 2 2 2 2 2 2 2 8 2 2 2 2 2
left_child=1 4 3 14 7 -3 18 28 9 10 12 -12 13 -7 -2 24 -5 -8 19 -6 -20 26 -16 -13 -4 -9 -22 -24 -1 -27
right_child=2 5 15 16 6 8 17 25 -10 -11 11 23 -14 -15 22 -17 -18 -19 20 -21 21 -23 27 -25 -26 29 -28 -29 -30 -31
leaf_value=-0.00078599437053330817 0.00062625832256341107 -0.00030377282307984533 0.0026181735795290542 -0.00026931062529973184 -0.00076348659946458156 0.0013249495770220777 -0.00046867954537535529 -0.00074921519459258544 0.006286008997482182 -0.0042492374498640587 0.0022913496248063853 0.0063980443554560902 -0.0015984444947585816 0.0036639693921631414 0.0027770486215775549 0.002847722701052133 0.0028430582130873072 -0.00084327659509584772 0.00022870941469212028 -0.0009114344525379119 0.0068116205798635842 -0.00092635023658599195 0.0033758158314638968 0.0066428230599769496 0.0030767483614534742 -0.00076064213142602941 -0.00058643928009499279 -4.244748387741693e-05 5.4253893374621442e-05 -0.00074673494481694862
leaf_weight=2247 1351 21811 1940 88 3077 4285 320 1179 244 558 1977 898 2546 322 1887 786 689 980 2500 1521 148 867 507 191 912 548 477 944 533 1639
leaf_count=2247 1351 21811 1940 88 3077 4285 320 1179 244 558 1977 898 2546 322 1887 786 689 980 2500 1521 148 867 507 191 912 548 477 944 533 1639
internal_value=-3.44964e-05 -0.00369938 0.0196289 0.0128496 -0.0120815 0.000395895 -0.00844871 -0.0179158 0.00410394 0.00351976 0.0044063 0.0107782 0.00166946 0.00497615 0.00936302 0.0297831 0.0336957 -0.0207663 -0.00657359 -0.0100152 -0.00260195 -0.00968604 0.012773 0.0202468 0.0264963 -0.0228122 0.00150794 0.0060783 -0.0119569 -0.0270301
internal_weight=57972 48868 9104 5466 16036 32832 9890 6146 11021 10777 10219 3066 7153 4607 4689 3638 777 1300 8590 4598 3992 1492 3338 1089 2852 3366 625 1451 2780 2187
internal_count=57972 48868 9104 5466 16036 32832 9890 6146 11021 10777 10219 3066 7153 4607 4689 3638 777 1300 8590 4598 3992 1492 3338 1089 2852 3366 625 1451 2780 2187
is_linear=0
shrinkage=0.05


Tree=53
num_leaves=31
num_cat=0
split_feature=3 5 4 3 10 12 7 8 10 11 13 11 8 7 8 5 8 12 8 7 3 12 7 12 12 9 7 2 8 8
split_gain=1691.39 683.476 238.894 160.095 107.41 101.958 79.8824 69.0665 63.9587 80.2052 60.3767 57.8212 55.6311 64.6418 56.5646 53.23 53.1632 44.9507 58.2131 41.0576 39.6621 46.3351 39.4695 39.2986 37.5797 37.4747 41.9891 41.7355 37.2734 36.9717
threshold=10.500891685485842 2.0049999952316289 8.2449998855590838 5.9595904350280771 0.9170251488685609 -0.16504132002592084 -0.464854747056961 0.99805629253387462 0.94828754663467418 8.3499999046325701 -0.7865660786628722 8.0500001907348651 -0.20061247795820233 0.926098793745041 -0.10296135023236273 1.4583333730697634 0.97745609283447277 -0.44618082046508784 0.98336225748062145 -0.92772412300109852 8.8550095558166522 0.71322327852249157 -0.53914576768875111 -0.026175950653851029 0.55191597342491161 3.3549998998641972 -0.92117106914520253 40.500000000000007 0.96527305245399486 -0.98902499675750721
decision_type=2 2 2 2 2 2 2 2 2 2 2 2 2 2 2 2 2 2 2 2 2 2 2 2 2 8 2 2 2 2
left_child=1 5 4 25 12 15 -4 8 17 -10 -7 -8 13 22 -14 -1 24 -5 20 -12 21 -19 -2 29 -11 26 -3 -28 -6 -24
right_child=2 3 6 7 28 10 11 -9 9 16 19 -13 14 -15 -16 -17 -18 18 -20 -21 -22 -23 23 -25 -26 -27 27 -29 -30 -31
leaf_value=-0.00073728240811648063 -0.0099557858628132878 0.00020357414908712889 0.0025767853755927442 0.0021174555407604103 0.0028520203918892986 -0.00063858555558549785 0.00041028449938320115 0.0046832416540934507 0.0003550851856969101 0.0036604675993621078 -0.00034196407293310936 0.002506266932591034 -0.0084656815109677343 0.0034430503411215872 0.0021468124374220579 -0.00068143831167621688 -0.0089374353831008346 -0.00075806688911279343 -0.0042495023098993836 -0.00071713430439551457 0.0013455970275463248 0.0042937662037029287 -0.0015171991794511676 0.00097875992915565937 0.0019132953199166971 -0.00051220740100253563 -0.00087508154280208561 0.00057447445233480866 0.0011017129063273846 0.0030886223701192292
leaf_weight=2139 110 874 623 4373 968 849 125 445 1705 926 319 2450 170 394 2166 3122 95 9360 448 4149 5020 375 111 615 274 11765 2961 388 152 570
leaf_count=2139 110 874 623 4373 968 849 125 445 1705 926 319 2450 170 394 2166 3122 95 9360 448 4149 5020 375 111 615 274 11765 2961 388 152 570
internal_value=-0.000154188 -0.00367902 0.0205107 -0.000621572 0.0139327 -0.0149485 0.0312832 0.00204769 0.00166069 0.00845258 -0.0198328 0.0351744 0.0101908 0.0167867 0.0050833 -0.0099981 0.0178077 0.000617946 -0.000667412 -0.0221552 -0.000125339 -0.00198665 0.0116938 0.014143 0.0206639 -0.00446445 -0.00850284 -0.0110465 0.0276444 0.0223761
internal_weight=58041 49587 8454 39009 5256 10578 3198 23021 22576 3000 5317 2575 4136 1800 2336 5261 1295 19576 15203 4468 14755 9735 1406 1296 1200 15988 4223 3349 1120 681
internal_count=58041 49587 8454 39009 5256 10578 3198 23021 22576 3000 5317 2575 4136 1800 2336 5261 1295 19576 15203 4468 14755 9735 1406 1296 1200 15988 4223 3349 1120 681
is_linear=0
shrinkage=0.05


Tree=54
num_leaves=31
num_cat=0
split_feature=4 5 3 3 12 6 11 13 7 8 6 15 4 13 5 5 7 6 4 15 8 9 7 6 7 12 7 6 15 6
split_gain=1634.47 681.054 255.941 157.022 113.934 101.332 96.1356 66.7824 77.325 97.6692 58.4551 60.0193 57.3363 56.9928 53.9421 51.639 49.7233 47.9126 76.1838 49.6682 65.4839 48.7571 47.371 47.2618 44.6233 43.4502 39.8272 39.3248 38.7913 38.6254
threshold=7.1649999618530282 2.0049999952316289 12.009989261627199 6.7497305870056161 -0.16504132002592084 949.54998779296886 10.250000000000002 1.0000000180025095e-35 0.68472337722778331 0.021515898406505588 957.04998779296886 75.500000000000014 5.3750000000000009 -0.6035533845424651 1.4583333730697634 5.8949999809265146 -0.52458885312080372 954.35000610351574 1.8049999475479128 37.500000000000007 0.090250775218009963 6.9149999618530282 0.93554237484931957 965.75000000000011 0.98805528879165661 -0.43049471080303187 0.85247093439102184 959.14999389648449 42.500000000000007 953.64999389648449
decision_type=2 2 2 2 2 2 2 2 2 2 2 2 2 2 2 2 2 2 2 2 2 10 2 2 2 2 2 2 2 2
left_child=1 4 5 17 14 -2 -7 10 25 22 11 -5 24 -6 -1 -4 -17 -3 28 -20 -21 -22 -10 -11 -12 -9 -16 -8 -19 -15
right_child=2 3 15 7 13 6 27 8 9 23 12 -13 -14 29 26 16 -18 18 19 20 21 -23 -24 -25 -26 -27 -28 -29 -30 -31
leaf_value=-0.00070041828771065658 0.00028600717869939064 -0.00024981622451829727 -0.00059250669679657706 0.0014099150320516605 -0.00063242835942407837 0.001990563216416219 0.0021536200907903954 0.0064448720354598928 -0.0015784537793068411 -0.0049423074641111123 0.0031155700961104068 -0.0043448499097355417 0.0039360608613827428 -0.00071689783706983725 -0.00031409983976471022 0.0029481296556613523 0.0024642645813093556 -0.0010127536453686452 -0.0013815544602623687 0.00082573542552256138 -0.0012877121710592584 0.0011914580246009305 0.0036211163830531523 0.0022856944751124264 -0.0029522379209427417 0.00050496076624385465 -0.00089097323114724662 0.0027275585774115874 -0.00090080059674996964 -0.0006743705411593325
leaf_weight=2148 1300 13098 124 6174 1169 1297 1178 937 878 1189 1438 469 1848 1703 2578 369 3391 358 1491 2185 1979 521 727 151 264 4926 551 388 804 2422
leaf_count=2148 1300 13098 124 6174 1169 1297 1178 937 878 1189 1438 469 1848 1703 2578 369 3391 358 1491 2185 1979 521 727 151 264 4926 551 388 804 2422
internal_value=8.61178e-07 -0.00336513 0.0209078 -0.000343542 -0.0146322 0.0122721 0.0175209 0.00292802 -0.000260978 -0.00686441 0.00568249 0.00291065 0.0108579 -0.0198151 -0.00941878 0.0301363 0.0311819 -0.00338535 -0.00661855 -0.00440058 -0.00186567 -0.00738523 0.00145963 -0.016803 0.00421793 0.00305896 -0.00521698 0.0258434 -0.0183376 -0.0225787
internal_weight=58055 50008 8047 39437 10571 4163 2863 19001 8808 2945 10193 6643 3550 5294 5277 3884 3760 20436 7338 6176 4685 2500 1605 1340 1702 5863 3129 1566 1162 4125
internal_count=58055 50008 8047 39437 10571 4163 2863 19001 8808 2945 10193 6643 3550 5294 5277 3884 3760 20436 7338 6176 4685 2500 1605 1340 1702 5863 3129 1566 1162 4125
is_linear=0
shrinkage=0.05


Tree=55
num_leaves=31
num_cat=0
split_feature=3 5 3 3 12 9 4 8 6 7 8 6 15 8 4 5 6 7 7 4 6 12 15 12 8 8 6 7 15 15
split_gain=1519.69 653.281 235.706 139.752 98.431 68.2459 67.1186 66.7849 64.0023 61.9538 55.4574 51.9113 89.9216 84.9765 62.8877 48.5767 48.4629 44.7065 44.2989 65.9784 62.47 48.7475 46.7793 42.6024 40.1746 44.6586 49.6401 39.0627 53.2839 37.6328
threshold=10.500891685485842 2.0049999952316289 12.345750331878664 7.0910441875457773 -0.3172925859689712 4.0250000953674325 8.1050000190734881 0.99805629253387462 970.04998779296886 -0.93400302529335011 -0.84680011868476857 954.35000610351574 37.500000000000007 0.090250775218009963 3.1049998998641972 1.4583333730697634 976.64999389648449 -0.464854747056961 0.88234141469001781 5.5750000476837167 956.95001220703136 -0.21643137186765668 69.500000000000014 -0.25037047266960138 0.97653719782829296 -0.49316181242465967 946.85000610351574 0.95250648260116588 46.500000000000007 57.500000000000007
decision_type=2 2 2 2 2 10 2 2 2 2 2 2 2 2 2 2 2 2 2 2 2 2 2 2 2 2 2 2 2 2
left_child=1 4 8 11 15 9 -4 16 10 -6 -2 27 -13 -14 -15 -1 18 -8 20 -20 22 -21 23 -5 25 26 -25 28 -3 -29
right_child=2 3 6 7 5 -7 17 -9 -10 -11 -12 12 13 14 -16 -17 -18 -19 19 21 -22 -23 -24 24 -26 -27 -28 29 -30 -31
leaf_value=-0.00068372942687830907 0.0023514769092626039 -0.0003518563017087223 0.0024724599709105011 0.0033752131175811828 -0.00010507359904416027 -0.00055727445657966044 0.0025533318988640919 0.0048231941101539002 0.0028631306017530334 -0.00064709230294071596 0.0017872761674301797 -0.001198455938868075 0.00062895412766320882 -0.0011063768906885694 -0.0003635215124369748 -0.00058053133861698419 0.008282603433087293 0.0023410513522438892 -0.0023278452175297714 -0.0040316392033805616 0.0029043673210236627 0.003338737656759766 -0.0049677533024683768 -0.0060352597374854922 -0.004138599021054473 0.0021659595808423749 3.7417681766316325e-05 0.0031846908386356184 0.0013292201839986669 -0.002534341739078376
leaf_weight=1873 968 11379 1137 2521 346 956 308 343 177 4596 3616 1955 2879 1719 1681 2785 88 2198 1782 216 3827 939 538 590 432 3281 1969 90 2582 245
leaf_count=1873 968 11379 1137 2521 346 956 308 343 177 4596 3616 1955 2879 1719 1681 2785 88 2198 1782 216 3827 939 538 590 432 3281 1969 90 2582 245
internal_value=3.79173e-05 -0.00329323 0.0196932 -0.000309772 -0.0143263 -0.0186177 0.0292626 0.0031819 0.0123479 -0.0209824 0.0111789 -0.00287109 -0.00603229 -0.00311108 -0.00845815 -0.0088784 0.00271497 0.0338511 0.00250621 -0.00304215 0.00374535 0.00625 0.00153706 0.00241532 0.000207105 0.00130026 -0.00364665 -0.00104888 -0.000640842 -0.0177941
internal_weight=58016 49612 8404 39056 10556 5898 3643 16526 4761 4942 4584 22530 8234 6279 3400 4658 16183 2506 16095 2937 13158 1155 9331 8793 6272 5840 2559 14296 13961 335
internal_count=58016 49612 8404 39056 10556 5898 3643 16526 4761 4942 4584 22530 8234 6279 3400 4658 16183 2506 16095 2937 13158 1155 9331 8793 6272 5840 2559 14296 13961 335
is_linear=0
shrinkage=0.05


Tree=56
num_leaves=31
num_cat=0
split_feature=4 5 3 3 10 2 10 6 8 3 4 6 9 11 9 7 13 10 8 6 9 10 14 7 11 10 8 6 6 2
split_gain=1525.21 620.519 248.993 157.278 126.823 84.1741 68.3919 63.491 58.7244 61.0589 57.4298 55.8584 55.5232 54.6948 53.2258 49.3077 48.4613 67.9242 51.226 46.6651 44.5954 43.7732 42.8128 52.3919 42.7751 42.4253 40.2511 55.236 39.8332 38.4192
threshold=7.1649999618530282 2.0049999952316289 12.009989261627199 8.3825855255126971 0.93038213253021251 17.500000000000004 0.9238443672657014 952.25000000000011 1.0000000180025095e-35 2.5164715051651005 8.1050000190734881 949.54998779296886 4.5750000476837167 10.750000000000002 1.6150000095367434 -0.92117106914520253 -0.6035533845424651 0.87878364324569713 -0.86458376049995411 957.14999389648449 4.9249999523162851 -0.98321744799613942 10.375000000000002 0.87412264943122875 3.2500000000000004 0.77159520983695995 0.89129894971847545 957.75000000000011 960.54998779296886 42.500000000000007
decision_type=2 2 2 2 2 2 2 2 2 2 2 2 10 2 10 2 2 2 2 2 10 2 10 2 2 2 2 2 2 2
left_child=1 5 4 12 19 20 10 21 9 -9 28 -6 15 -13 -5 25 17 18 -16 -2 -1 -7 23 -12 -14 -3 -10 -28 -4 -17
right_child=2 3 6 14 11 7 -8 8 26 -11 22 13 24 -15 16 29 -18 -19 -20 -21 -22 -23 -24 -25 -26 -27 27 -29 -30 -31
leaf_value=-0.00062710157147911113 0.00037575625390575686 -0.00040830276038185262 0.0018891443175540368 0.0091975738424196485 0.0022986398944164431 -0.00068236627851575712 0.0023906875508652396 -0.00060793509932837927 -0.00065309351098759099 -0.00016138898373314165 -0.0027855741155311921 0.0021754413147617169 -0.001122956893688068 0.0021106066950718817 0.0041090108344761095 -0.0007737323757356562 0.00063828384088756857 0.0041758405219177426 -5.2474122547165049e-05 0.0024547907597466338 8.6147506505851113e-06 -0.00019005446985661362 0.0021771677401570158 0.0028308291583070246 5.3059998146406939e-05 0.0032306245078053842 -0.00063678001390219438 0.0020863740507661168 0.0023572875991348555 0.00051953069029617713
leaf_weight=3553 1948 1048 718 254 387 662 935 816 1270 1130 140 551 3529 635 394 6395 6715 1204 1578 601 262 2351 1763 121 17014 464 361 184 203 734
leaf_count=3553 1948 1048 718 254 387 662 935 816 1270 1130 140 551 3529 635 394 6395 6715 1204 1578 601 262 2351 1763 121 17014 464 361 184 203 734
internal_value=2.41692e-05 -0.00322497 0.0202823 -0.000331774 0.0117034 -0.0139655 0.0293694 -0.0106063 -0.0149363 -0.00886725 0.0255424 0.0228454 -0.00219603 0.0282116 0.00502956 -0.00555748 0.00444119 0.00952531 0.00379363 0.0047964 -0.0199084 -0.00518555 0.0302612 0.0110902 -0.000781098 0.00263678 -0.0214011 -0.00990909 0.0150648 -0.00729605
internal_weight=57920 49918 8002 39329 4122 10589 3880 6774 3761 1946 2945 1573 29184 1186 10145 8641 9891 3176 1972 2549 3815 3013 2024 261 20543 1512 1815 545 921 7129
internal_count=57920 49918 8002 39329 4122 10589 3880 6774 3761 1946 2945 1573 29184 1186 10145 8641 9891 3176 1972 2549 3815 3013 2024 261 20543 1512 1815 545 921 7129
is_linear=0
shrinkage=0.05


Tree=57
num_leaves=31
num_cat=0
split_feature=4 3 3 3 10 7 3 15 10 4 12 11 13 7 15 8 8 12 9 7 11 15 13 12 11 8 7 15 8 7
split_gain=1503.8 550.866 260.097 138.899 124.04 94.7609 85.684 79.4004 63.5469 58.7424 57.1068 55.6574 55.208 66.3652 83.3339 65.5465 62.3385 54.4833 54.6472 53.5663 48.6465 46.1378 45.1192 43.9301 42.6664 44.7025 39.5696 74.1894 37.8306 60.6775
threshold=7.1649999618530282 4.5317404270172128 12.009989261627199 2.6383464336395268 0.93038213253021251 -0.53914576768875111 8.8550095558166522 76.500000000000014 0.93038213253021251 8.1050000190734881 -0.18222858756780622 10.650000095367433 0.12940952181816109 -0.59573787450790394 38.500000000000007 0.88337317109107982 0.021515898406505588 0.36648726463317877 2.2649999856948857 -0.27364997565746302 2.8500000238418584 63.500000000000007 -0.37940952181816096 -0.35019405186176294 7.4500000476837167 -0.59055599570274342 0.16894881427288058 64.500000000000014 -0.61794704198837269 0.72731766104698192
decision_type=2 2 2 2 2 2 2 2 2 2 2 2 2 2 2 2 2 2 10 2 2 2 2 2 2 2 2 2 2 2
left_child=1 3 4 5 -2 -1 12 -5 9 -4 20 -6 28 24 19 16 -16 18 -8 23 -7 -18 -19 -15 25 -14 27 -17 29 -3
right_child=2 6 8 7 11 10 17 -9 -10 -11 -12 -13 13 14 15 26 21 22 -20 -21 -22 -23 -24 -25 -26 -27 -28 -29 -30 -31
leaf_value=-0.0005819023147914682 0.0012046618956986499 0.00096743567003890196 0.0020565973625925383 -0.00059893604295506604 0.001982678356759368 -0.00062108175633920296 0.0092414519922246145 -0.0006293334953981763 0.0021963649412508088 0.0021080801184237665 -0.00057963545344872313 0.0020858091883624199 0.0046098676448835035 0.0060979125977419918 -7.3098109984484624e-05 0.0025593572019858425 -0.0045836733337369859 0.0031219172302900892 0.0024174438870814552 -0.0038132774288899616 -5.9747410799459136e-05 -0.0016630069568621597 -0.0020882712974856833 -0.0022249700507819743 0.0036423678618246872 -0.0011738910148884952 0.005602649661771009 -0.0039994600488042487 -7.6198925935454251e-05 0.0083012327918001363
leaf_weight=2033 2552 4126 982 10461 723 1082 140 1185 836 2079 2692 863 481 139 2265 583 426 564 5987 1033 552 1478 1441 553 925 1754 436 213 9296 219
leaf_count=2033 2552 4126 982 10461 723 1082 140 1185 836 2079 2692 863 481 139 2265 583 426 564 5987 1033 552 1478 1441 553 925 1754 436 213 9296 219
internal_value=9.55184e-05 -0.00312768 0.0201679 -0.0101249 0.0114168 -0.0160669 0.000803081 -0.00687495 0.0294336 0.0260111 -0.0202494 0.0223759 -0.000704078 -0.00346905 -0.0061422 -0.00307991 -0.00607331 0.00523534 0.00757502 -0.0156936 -0.0128127 -0.0127292 -0.00191542 -0.00487805 0.00255924 -0.00118304 0.00703314 0.000374532 0.00138136 0.00522989
internal_weight=58099 50064 8035 18005 4138 6359 32059 11646 3897 3061 4326 1586 23927 10286 7126 5401 4169 8132 6127 1725 1634 1904 2005 692 3160 2235 1232 796 13641 4345
internal_count=58099 50064 8035 18005 4138 6359 32059 11646 3897 3061 4326 1586 23927 10286 7126 5401 4169 8132 6127 1725 1634 1904 2005 692 3160 2235 1232 796 13641 4345
is_linear=0
shrinkage=0.05


Tree=58
num_leaves=31
num_cat=0
split_feature=4 5 3 10 3 12 5 6 9 13 7 8 10 6 4 5 12 12 13 7 8 6 12 7 10 13 8 4 9 8
split_gain=1436.03 559.286 291.634 141.1 132.169 105.272 84.0784 70.0991 70.0663 59.6019 77.4572 66.0889 54.1985 58.2517 53.3119 50.5857 49.4957 49.4728 54.9603 48.1645 47.9679 47.7894 45.2214 56.7235 97.9665 75.3247 52.1741 56.1842 46.2854 45.3834
threshold=6.9649999141693124 1.985000014305115 12.345750331878664 0.93038213253021251 7.0547201633453378 -0.28400452435016627 5.5950000286102304 962.54998779296886 4.0250000953674325 1.0000000180025095e-35 0.68472337722778331 0.021515898406505588 0.90255093574523937 957.45001220703136 8.1050000190734881 1.4583333730697634 0.0087262028828263612 -0.36648726463317866 -0.91597560048103321 -0.92772412300109852 -0.61794704198837269 948.95001220703136 -0.47714059054851526 -0.6495143175125121 0.66259482502937328 -0.6035533845424651 0.96063983440399181 2.1049998998641972 2.4050000905990605 -0.70785933732986439
decision_type=2 2 2 2 2 2 2 2 10 2 2 2 2 2 2 2 2 2 2 2 2 2 2 2 2 2 2 2 10 2
left_child=1 5 3 7 22 15 -5 -2 19 12 -11 -12 17 16 -4 -1 -14 18 -6 -7 -20 -8 29 24 -24 26 27 -25 -27 -3
right_child=2 4 14 6 9 8 21 -9 -10 10 11 -13 13 -15 -16 -17 -18 -19 20 -21 -22 -23 23 25 -26 28 -28 -29 -30 -31
leaf_value=-0.00059147415121704565 0.00078695519832112655 0.0016307443612513226 0.0020870289551348981 -0.00053520402639459512 -0.0016186620836777896 -0.00024516776045749241 0.0026528271581560629 0.0025802886483062004 -0.00047612589710962962 0.0014354391374296145 -4.5663015849400913e-05 -0.004265665250196643 -0.0022987266586169397 0.0043989373257523673 0.0020097363917026545 -0.00047560799536760828 0.0035878187146835996 -0.00011322993551751427 0.0071724402650533599 -0.00055551707658035192 0.0031640596714897829 0.0020509331101383589 -0.00070888181208902945 -0.00078234431807189936 0.001726391130369183 -0.00077586870181711688 -0.001645022190535487 0.0010570068576155923 -0.0010431097822530455 -0.00034879340134385541
leaf_weight=1963 3299 1550 930 302 600 345 312 435 876 4870 1408 1157 461 1195 2497 2743 857 3994 503 4435 1145 1363 2871 534 1819 1389 519 2385 6678 4644
leaf_count=1963 3299 1550 930 302 600 345 312 435 876 4870 1408 1157 461 1195 2497 2743 857 3994 503 4435 1145 1363 2871 534 1819 1389 519 2385 6678 4644
internal_value=-6.62833e-05 -0.00346402 0.0181232 0.0111879 -0.000693293 -0.0137745 0.0219728 0.005456 -0.0183713 0.00274776 -0.000544355 -0.00756809 0.00554224 0.0117355 0.0296474 -0.00823604 0.00445956 0.00304146 0.00896582 -0.0207524 0.0136721 0.0263393 -0.00318166 -0.00457099 6.38978e-05 -0.0064596 -0.0002614 0.00234268 -0.00909936 0.000451686
internal_weight=58079 48941 9138 5711 38579 10362 1977 3734 5656 16190 7435 2565 8755 2513 3427 4706 1318 6242 2248 4780 1648 1675 22389 16195 4690 11505 3438 2919 8067 6194
internal_count=58079 48941 9138 5711 38579 10362 1977 3734 5656 16190 7435 2565 8755 2513 3427 4706 1318 6242 2248 4780 1648 1675 22389 16195 4690 11505 3438 2919 8067 6194
is_linear=0
shrinkage=0.05


Tree=59
num_leaves=31
num_cat=0
split_feature=4 5 3 10 12 5 6 6 12 6 5 6 15 11 10 9 7 10 12 11 9 7 15 15 2 6 15 10 6 11
split_gain=1385.22 543.293 251.141 157.697 114.543 113.935 66.4656 61.5411 58.8135 54.7234 50.0119 47.8336 45.8086 45.3047 44.797 43.7045 49.1463 73.4905 48.0163 47.2333 42.8752 41.4792 40.6139 42.1232 37.2114 34.614 47.8245 40.6696 74.0864 47.5624
threshold=7.1649999618530282 1.985000014305115 12.345750331878664 0.93038213253021251 -0.16504132002592084 3.2516666650772099 948.64999389648449 962.75000000000011 0.33379416167736059 973.35000610351574 1.4583333730697634 951.45001220703136 42.500000000000007 10.650000095367433 0.9238443672657014 7.1549999713897714 -0.63634827733039845 0.66259482502937328 0.44618082046508795 9.2500000000000018 14.244999885559084 0.94982600212097179 34.500000000000007 75.500000000000014 40.500000000000007 950.75000000000011 74.500000000000014 0.94828754663467418 954.75000000000011 7.5499999523162851
decision_type=2 2 2 2 2 2 2 2 2 2 2 2 2 2 2 8 2 2 2 2 8 2 2 2 2 2 2 2 2 2
left_child=1 4 3 7 10 8 -5 -2 -3 15 -1 12 -6 -8 20 16 17 -7 25 -20 -4 -21 -13 24 -24 26 -17 -27 29 -29
right_child=2 5 14 6 11 9 13 -9 -10 -11 -12 22 -14 -15 -16 18 -18 -19 19 21 -22 -23 23 -25 -26 27 -28 28 -30 -31
leaf_value=-0.00054623970469741621 0.00061820282033876739 -0.00031487339665623452 0.0017390432424308324 0.0024949356803506992 -0.00056272645434685326 -0.00035215932217652141 0.0020096146791533597 0.0022552592068104393 -0.00066731756029322431 0.0042074879979961208 -0.00046066819530522638 -0.00053879062617188543 0.0002467791445906883 0.001795794462562339 0.0019775148528138275 0.00054081994878701499 -0.0010471285992043986 0.0053699977410806704 -0.0018082734780845767 0.003977894162986567 0.0022605138974537697 -0.0090099178747745003 -0.0005207807178605067 -0.00051935563507591372 5.6558650336446461e-05 0.0015754733654055693 -0.0064852866607647275 -0.0039818062326638986 0.004411806676606231 0.0051006527326638296
leaf_weight=2159 2652 10199 1664 360 1233 2255 587 293 4411 192 3033 617 418 774 782 4086 4575 873 2505 861 895 88 1898 701 291 8490 211 241 576 87
leaf_count=2159 2652 10199 1664 360 1233 2255 587 293 4411 192 3033 617 418 774 782 4086 4575 873 2505 861 895 88 1898 701 291 8490 211 241 576 87
internal_value=5.08515e-05 -0.0030417 0.0193522 0.011839 -0.01324 -0.000378263 0.0238413 0.00479661 -0.00388642 0.001669 -0.00798538 -0.0185164 -0.0114432 0.0288799 0.0298117 0.00146059 -0.0016671 0.00315991 0.00286589 -0.00239954 0.0265016 0.00707547 -0.0218252 -0.0192746 -0.0157931 0.00419466 0.000476523 0.00589424 0.0159516 -0.003003
internal_weight=58007 50000 8007 4666 10350 39650 1721 2945 14610 25040 5192 5158 1651 1361 3341 24848 7703 3128 17145 3454 2559 949 3507 2890 2189 13691 4297 9394 904 328
internal_count=58007 50000 8007 4666 10350 39650 1721 2945 14610 25040 5192 5158 1651 1361 3341 24848 7703 3128 17145 3454 2559 949 3507 2890 2189 13691 4297 9394 904 328
is_linear=0
shrinkage=0.05


Tree=60
num_leaves=31
num_cat=0
split_feature=4 5 3 10 3 12 11 6 5 9 6 13 12 6 9 6 13 8 12 15 4 15 8 5 6 15 12 10 11 15
split_gain=1395.61 555.213 241.748 167.048 125.738 103.562 66.1267 57.5333 52.61 49.8781 51.1612 49.0004 48.8686 48.3143 46.8454 44.8311 40.3376 41.2438 41.9926 48.5711 37.5992 37.5501 49.3086 44.9299 36.3521 33.9831 33.3019 53.5684 84.7313 43.3404
threshold=7.1649999618530282 1.985000014305115 12.466289043426515 0.93038213253021251 7.8200454711914071 -0.18222858756780622 10.650000095367433 962.75000000000011 1.4583333730697634 4.305000066757203 954.75000000000011 -0.91597560048103321 0.36648726463317877 951.45001220703136 1.6150000095367434 949.54998779296886 -0.6035533845424651 0.80060017108917247 0.50751903653144848 41.500000000000007 8.1050000190734881 34.500000000000007 1.0000000180025095e-35 1.1416666507720949 947.85000610351574 43.500000000000007 -0.41467745602130884 0.88697704672813427 7.0499999523162851 54.500000000000007
decision_type=2 2 2 2 2 2 2 2 2 10 2 2 2 2 10 2 2 2 2 2 2 2 2 2 2 2 2 2 2 2
left_child=1 5 3 7 9 8 -5 -2 -1 10 -3 -7 14 25 -6 -8 -12 18 19 -18 -4 -15 23 -23 -16 -13 -26 29 -29 -28
right_child=2 4 20 6 12 11 15 -9 -10 -11 16 13 -14 21 24 -17 17 -19 -20 -21 -22 22 -24 -25 26 -27 27 28 -30 -31
leaf_value=-0.00052524703256237267 0.00076106772898136283 -0.00033035626323871703 0.0019413825104118488 0.0018839531033862822 0.008466515270492159 -0.00020377250579026193 0.0025068419711065716 0.0020432126055234478 -0.00047678874193484929 -0.00020641509199124388 -0.00010753767943414879 -0.00053551618067597677 -0.00047025416199634741 -0.00051707019282343388 -0.00078727847724462954 0.0017448402234772399 -0.0010093594797838089 -0.0010214364549875426 -0.00069612467295018159 0.0002595924244295436 0.0018196889224287472 -0.00049595172158593706 -0.00050199242035690265 -0.00044115630898717488 0.0039405416719726361 7.4076331386656845e-05 0.002040784868707235 0.0012483078256144255 0.0034913199586204952 -0.0020761108869802427
leaf_weight=2120 2712 5175 763 818 241 480 207 321 2974 18919 671 1115 3354 523 1721 778 221 609 483 680 2447 321 1464 896 1688 385 1511 2133 818 1590
leaf_count=2120 2712 5175 763 818 241 480 207 321 2974 18919 671 1115 3354 523 1721 778 221 609 483 680 2447 321 1464 896 1688 385 1511 2133 818 1590
internal_value=9.11546e-05 -0.00301415 0.0194137 0.0123322 -0.000339034 -0.0133716 0.0243639 0.00515142 -0.00829574 -0.00230169 -0.005654 -0.0183465 0.00368272 -0.0198981 0.00548058 0.0330808 -0.0112776 -0.0148398 -0.0100072 -0.0035872 0.0300467 -0.0233718 -0.0209047 -0.0133797 0.0049176 -0.0124252 0.00637831 0.00463926 0.00945535 4.82936e-05
internal_weight=58138 50092 8046 4836 39814 10278 1803 3033 5094 26758 7839 5184 13056 4704 9702 985 2664 1993 1384 901 3210 3204 2681 1217 9461 1500 7740 6052 2951 3101
internal_count=58138 50092 8046 4836 39814 10278 1803 3033 5094 26758 7839 5184 13056 4704 9702 985 2664 1993 1384 901 3210 3204 2681 1217 9461 1500 7740 6052 2951 3101
is_linear=0
shrinkage=0.05


Tree=61
num_leaves=31
num_cat=0
split_feature=3 3 10 3 3 3 8 10 6 11 7 12 9 12 6 7 12 8 12 6 13 7 8 9 12 9 12 12 8 7
split_gain=1313.08 485.341 186.963 190.251 100.785 91.7351 66.5766 67.7857 99.7068 67.3651 61.1616 50.9797 48.2368 48.0425 47.2511 45.9086 44.6684 58.0614 42.8969 51.3229 45.9164 41.6478 59.7921 51.0118 49.8936 41.1788 45.1359 44.3518 39.588 38.996
threshold=10.850569725036623 3.7142270803451543 0.9238443672657014 13.166532993316652 1.7241498827934267 6.4245519638061532 0.99805629253387462 0.9536806344985963 956.95001220703136 8.8499999046325701 -0.92772412300109852 -0.62249094247817982 2.7050000429153447 0.0087262028828263612 964.35000610351574 0.94431108236312877 -0.41467745602130884 0.98094093799591076 0.18222858756780627 948.35000610351574 -0.6035533845424651 0.76172897219657909 0.090250775218009963 6.9149999618530282 -0.061046212911605828 10.404999732971193 0.71322327852249157 -0.11319890245795249 0.74620497226715099 -0.53914576768875111
decision_type=2 2 2 2 2 2 2 2 2 2 2 2 10 2 2 2 2 2 2 2 2 2 2 10 2 8 2 2 2 2
left_child=1 4 3 14 29 21 7 16 9 -9 -6 15 -13 -4 18 -12 -7 25 -2 -20 -21 -3 -23 -24 -25 26 -18 -27 -11 -1
right_child=2 5 13 -5 10 6 -8 8 -10 28 11 12 -14 -15 -16 -17 17 -19 19 20 -22 22 23 24 -26 27 -28 -29 -30 -31
leaf_value=-0.00051257488845134311 0.0015808031124397771 -0.00028079912628106024 0.001528086953200425 0.0017923918234621639 6.188153196144027e-05 0.0023374058501625743 0.0040065486686928662 -0.0015984478654916202 0.0030316069814414165 0.0030112216004615946 -0.00020819351083672962 -0.00047480900311883492 -0.00047375039769344436 0.0019001841369273742 0.0021243882803457627 -0.00067079587327349309 -0.00064614159560745651 -0.0040892341967318389 -0.0076203772759639637 0.0030838605216075288 -0.00017517182449046655 -0.0002084924738394889 -0.0011558351211371765 0.0065451434401661629 -0.0023615768884159491 -0.0037885517970131541 0.0051060503516595244 0.0018860389208013627 0.00055102518056725778 -0.00047805471349815466
leaf_weight=556 2050 13452 152 1767 1430 4008 417 1005 569 484 2104 4029 3162 1502 377 274 10178 515 147 265 1018 1511 1091 97 107 435 270 3399 326 1495
leaf_count=556 2050 13452 152 1767 1430 4008 417 1005 569 484 2104 4029 3162 1502 377 274 10178 515 147 265 1018 1511 1091 97 107 435 270 3399 326 1495
internal_value=9.27883e-05 -0.0027475 0.0199506 0.01558 -0.0110609 0.000118831 0.00225348 0.00186138 0.00979489 0.00403846 -0.00915576 -0.0105964 -0.0126946 0.0347197 0.00933454 -0.00423836 0.00085327 -0.000415484 0.00748924 0.000836237 0.00407609 -0.00271783 -0.00825329 -0.0161154 0.00669856 0.000181984 -0.00144456 0.00461058 0.0147239 -0.0212305
internal_weight=58192 50914 7278 5624 13050 37864 21606 21189 2384 1815 10999 9569 7191 1654 3857 2378 18805 14797 3480 1430 1283 16258 2806 1295 204 14282 10448 3834 810 2051
internal_count=58192 50914 7278 5624 13050 37864 21606 21189 2384 1815 10999 9569 7191 1654 3857 2378 18805 14797 3480 1430 1283 16258 2806 1295 204 14282 10448 3834 810 2051
is_linear=0
shrinkage=0.05


Tree=62
num_leaves=31
num_cat=0
split_feature=4 5 3 10 3 12 12 11 9 7 5 11 7 10 9 3 7 15 8 7 8 10 5 8 8 7 15 10 4 11
split_gain=1297.01 490.739 232.264 165.864 96.8292 86.5955 56.7539 48.5349 47.1952 48.0936 47.1316 44.1578 45.6884 40.445 38.4536 38.3242 37.0331 41.0638 44.0337 42.3103 38.7181 36.9859 37.9535 35.5021 81.018 47.7638 39.3946 34.9866 36.6464 34.675
threshold=7.1649999618530282 2.0049999952316289 12.466289043426515 0.93038213253021251 7.0547201633453378 -0.16504132002592084 0.44618082046508795 10.650000095367433 4.0250000953674325 -0.92772412300109852 1.4583333730697634 9.2500000000000018 0.94982600212097179 0.9238443672657014 14.244999885559084 10.295542240142824 -0.97415921092033375 38.500000000000007 -0.46296662092208857 0.89029943943023693 -0.50432845950126637 -0.96359375119209278 5.1716666221618661 0.88337317109107982 0.86674088239669811 0.16894881427288058 73.500000000000014 -0.33379416167736048 1.9650000333786013 8.8499999046325701
decision_type=2 2 2 2 2 2 2 2 10 2 2 2 2 2 8 2 2 2 2 2 2 2 2 2 2 2 2 2 2 2
left_child=1 5 3 -2 16 10 15 -5 9 -7 -1 -8 -13 14 -4 -6 27 19 20 29 -19 -17 -23 24 -20 26 -25 -3 -29 -18
right_child=2 4 13 7 6 8 11 -9 -10 -11 -12 12 -14 -15 -16 21 17 18 23 -21 -22 22 -24 25 -26 -27 -28 28 -30 -31
leaf_value=-0.00047099456624807477 0.00095089356251770176 -0.00010589060272170049 0.0015244140765556136 0.0017688895810920745 0.00096457460127919034 -7.5301131269876414e-05 -0.0025193620677532282 0.0016069311322890302 -0.00045205867194954914 -0.00044939556011441216 -0.00043844729373870194 0.0035168246431517614 -0.0088803802278755294 0.0016831480638218516 0.0019489528553921832 -0.00048726601006680582 -0.00067666455852151766 0.00072594184386233366 -0.00054924447538816888 -0.0030883035115206133 0.0081558601333498702 0.00060446985882569584 0.0029950321192128483 -0.00012646213068916913 -0.0046893055899863978 0.0036464195202523149 -0.0039803884709103676 -0.00084636033630722642 0.0036862817572889867 0.0005153973137660417
leaf_weight=2153 3023 1107 1581 800 11645 320 2136 969 850 4123 3138 883 91 716 878 638 8738 2908 5049 85 115 597 1352 1126 175 716 82 146 489 1451
leaf_count=2153 3023 1107 1581 800 11645 320 2136 969 850 4123 3138 883 91 716 878 638 8738 2908 5049 85 115 597 1352 1126 175 716 82 146 489 1451
internal_value=0.000139451 -0.0028403 0.0188723 0.0119033 -0.000279506 -0.0123997 0.00251917 0.0240417 -0.0169215 -0.0189861 -0.00786443 -0.00359551 0.0052094 0.0293553 0.0261972 0.00385615 -0.00246711 -0.00306357 -0.000810731 -0.00529234 0.00424373 0.00935571 0.0127687 -0.00294981 -0.00508701 0.00285122 -0.00321517 0.00452204 0.0138281 -0.00498823
internal_weight=58080 50113 7967 4792 39529 10584 17342 1769 5293 4443 5291 3110 974 3175 2459 14232 22187 20445 10171 10274 3023 2587 1949 7148 5224 1924 1208 1742 635 10189
internal_count=58080 50113 7967 4792 39529 10584 17342 1769 5293 4443 5291 3110 974 3175 2459 14232 22187 20445 10171 10274 3023 2587 1949 7148 5224 1924 1208 1742 635 10189
is_linear=0
shrinkage=0.05


Tree=63
num_leaves=31
num_cat=0
split_feature=4 4 3 6 10 9 3 6 13 10 10 11 4 8 7 3 6 15 12 9 12 14 13 6 7 15 3 6 14 7
split_gain=1239.89 445.445 244.462 156.812 128.873 102.097 66.0232 61.0721 52.5255 52.4 47.8994 46.3783 45.983 44.5463 48.2131 44.0953 41.5462 40.3954 39.3022 50.7674 38.769 37.1721 36.3697 35.1113 32.3726 45.0396 32.6307 31.4218 31.1096 37.7875
threshold=7.1649999618530282 2.5149999856948857 12.345750331878664 952.35000610351574 0.93038213253021251 3.6750000715255742 8.8550095558166522 948.95001220703136 1.0000000180025095e-35 0.9238443672657014 -0.74892720580101002 10.650000095367433 8.1050000190734881 0.090250775218009963 0.75047916173934948 1.6630246639251711 959.54998779296886 12.500000000000002 0.36648726463317877 5.6150000095367441 -0.28400452435016627 6.2249999046325692 -1.0000000180025095e-35 959.95001220703136 -0.92117106914520253 38.500000000000007 2.0200833082199101 950.35000610351574 12.434999942779543 0.91258591413497936
decision_type=2 2 2 2 2 10 2 2 2 2 2 2 2 2 2 2 2 2 2 10 2 10 2 2 2 2 2 2 10 2
left_child=1 3 4 8 16 15 -3 -6 17 12 -10 -9 -4 -7 21 -5 -2 -1 19 -8 23 -15 -20 -17 -19 26 -26 -21 29 -14
right_child=2 6 9 5 7 13 18 11 10 -11 -12 -13 28 14 -16 20 -18 24 22 27 -22 -23 -24 -25 25 -27 -28 -29 -30 -31
leaf_value=-0.00066688000495120081 0.00042317102155228217 -0.00018174131612070933 0.0016688888504531125 -0.00042631135283749437 0.0011354055307911115 6.495186133905311e-05 0.0086579926133525283 0.0016230442085946708 -0.00053871958354188268 0.0015563868229982181 -0.00012958671680188228 0.0015032588886211701 0.00088250887969080767 -0.00062893191349693706 -0.0011088428721957005 -0.00030964193077282723 0.0019030971122930285 0.0010567063634815699 0.0022249862320476545 -0.00024832270525070591 -0.0004417554238977684 0.005214281331522244 -0.0021518916217086737 -0.00049508035083607336 -0.00046971713957549865 0.0014086496611925633 -0.00029658232258520788 0.0022469989374213407 0.0015625716362629495 0.0020296396848814846
leaf_weight=175 2453 24675 684 1003 377 1420 159 576 2745 756 1620 772 367 501 513 976 491 1021 699 1598 3845 88 1295 503 347 740 1762 4333 1357 179
leaf_count=175 2453 24675 684 1003 377 1420 159 576 2745 756 1620 772 367 501 513 976 491 1021 699 1598 3845 88 1295 503 347 740 1762 4333 1357 179
internal_value=-3.10158e-05 -0.00295664 0.0182238 -0.00945609 0.0108151 -0.014101 0.000468502 0.0216474 -0.00456328 0.0285394 -0.00836384 0.0266075 0.0250579 -0.00557974 -0.0130985 -0.0174905 0.00444218 -0.00045679 0.00438868 0.00638228 -0.0156502 -0.00328283 -0.00170085 -0.00872642 0.000619355 -0.00211983 -0.00584201 0.00561826 0.0290618 0.0186933
internal_weight=58030 50018 8012 17259 4669 8849 32759 1725 8410 3343 4365 1348 2587 2522 1102 6327 2944 4045 8084 6090 5324 589 1994 1479 3870 2849 2109 5931 1903 546
internal_count=58030 50018 8012 17259 4669 8849 32759 1725 8410 3343 4365 1348 2587 2522 1102 6327 2944 4045 8084 6090 5324 589 1994 1479 3870 2849 2109 5931 1903 546
is_linear=0
shrinkage=0.05


Tree=64
num_leaves=31
num_cat=0
split_feature=4 5 3 6 3 3 15 12 8 4 6 11 13 12 7 13 15 6 8 8 8 8 7 8 7 8 8 5 13 8
split_gain=1215 452.293 242.415 100.02 81.88 80.0034 82.2365 62.1564 55.0813 52.7051 48.8269 50.4034 47.287 41.1969 55.9222 100.672 57.7649 54.3936 50.3573 56.972 52.8483 76.8112 61.342 49.6803 47.6403 46.723 54.6126 43.5612 47.5101 41.4979
threshold=7.1649999618530282 2.0049999952316289 12.345750331878664 960.14999389648449 8.8550095558166522 1.7241498827934267 75.500000000000014 -0.62249094247817982 1.0000000180025095e-35 8.1050000190734881 948.35000610351574 10.650000095367433 0.78656607866287243 -0.44618082046508784 -0.60945609211921681 -0.6035533845424651 37.500000000000007 947.64999389648449 -0.97653719782829274 -0.99141839146614064 0.88337317109107982 0.86674088239669811 0.16894881427288058 0.090250775218009963 -0.50248053669929493 0.87795194983482372 -0.61794704198837269 4.3949999809265146 0.12940952181816109 -0.39702208340167994
decision_type=2 2 2 2 2 2 2 2 2 2 2 2 2 2 2 2 2 2 2 2 2 2 2 2 2 2 2 2 2 2
left_child=1 5 3 10 13 -1 7 -7 -8 -4 -2 -12 -5 25 17 24 -17 29 19 -18 21 23 -22 -20 -16 26 -3 -19 -29 -15
right_child=2 4 9 12 -6 6 8 -9 -10 -11 11 -13 -14 14 15 16 18 27 20 -21 22 -23 -24 -25 -26 -27 -28 28 -30 -31
leaf_value=-0.00041096713303666533 -0.00063046473555413709 0.0013758807594438907 0.0015347422933777778 0.0017663277738587226 0.0014527010879446661 -0.00017556992148289356 -0.00023510358695667065 -0.00041338063902302707 -0.00040912131349258934 0.0014473354590038513 0.00090662239705988643 0.0012982136268883115 -0.00052791918703229412 -0.001027704346347991 -0.0014889762865982808 -0.0010914705443353136 -0.0013257560723945881 0.00029085521973384296 -0.00045113587341199249 0.010193937235165715 -0.00070301063457114455 -0.006432511624358735 0.0039727597665372774 -0.0011436632316059942 0.00058837976474273722 0.002872778579450716 -0.00069064823392981332 0.0020326990387265461 0.0086426577947368993 0.00042758092939876872
leaf_weight=1990 1105 2538 845 702 8184 2373 335 4916 968 2475 1254 1467 139 1914 326 3957 233 1252 2817 279 961 149 653 2454 4632 1103 4748 403 373 2529
leaf_count=1990 1105 2538 845 702 8184 2373 335 4916 968 2475 1254 1467 139 1914 326 3957 233 1252 2817 279 961 149 653 2454 4632 1103 4748 403 373 2529
internal_value=-5.16538e-06 -0.00289368 0.0180993 0.0107342 -0.000434067 -0.0120714 -0.00996859 -0.00789005 -0.0215214 0.0284211 0.00728269 0.0108767 0.0263002 -0.00159771 -0.00269434 -0.00424207 -0.00680831 0.00124305 -0.00423785 0.0108317 -0.00534167 -0.00770507 0.00259419 -0.0066812 0.00171267 0.00139981 -5.48622e-05 0.00801771 0.0172855 -0.00185477
internal_weight=58074 50087 7987 4667 39505 10582 8592 7289 1303 3320 3826 2721 841 31321 22932 16461 11503 6471 7546 512 7034 5420 1614 5271 4958 8389 7286 2028 776 4443
internal_count=58074 50087 7987 4667 39505 10582 8592 7289 1303 3320 3826 2721 841 31321 22932 16461 11503 6471 7546 512 7034 5420 1614 5271 4958 8389 7286 2028 776 4443
is_linear=0
shrinkage=0.05


Tree=65
num_leaves=31
num_cat=0
split_feature=4 3 3 10 3 11 6 14 7 10 9 6 12 4 6 7 6 7 6 7 7 7 12 8 7 15 6 8 7 8
split_gain=1163.16 391.456 243.654 150.361 96.4276 80.4491 63.0972 61.1158 50.3195 47.0871 42.398 54.3526 40.5475 45.5252 39.5012 37.0866 36.4027 35.9743 35.7076 68.6891 52.9069 50.7428 61.421 55.9802 52.3689 56.2275 88.8252 69.2198 53.7634 63.0245
threshold=7.1649999618530282 3.7142270803451543 12.88586473464966 0.93038213253021251 1.7241498827934267 3.2500000000000004 959.54998779296886 8.6549997329711932 -0.7360914647579192 -0.36648726463317866 4.4749999046325692 951.85000610351574 -0.60873827338218678 1.8500000238418581 964.54998779296886 0.28604298830032354 948.95001220703136 0.066572044044733061 947.25000000000011 -0.05368517339229583 -0.82193484902381886 -0.45724393427371973 0.47714059054851538 -0.87309363484382618 -0.33100557327270502 53.500000000000007 959.25000000000011 0.88933694362640392 0.93554237484931957 -0.14153897762298581
decision_type=2 2 2 2 2 2 2 10 2 2 8 2 2 2 2 2 2 2 2 2 2 2 2 2 2 2 2 2 2 2
left_child=1 4 3 6 17 -3 -2 -5 9 -6 11 -7 -10 -14 15 -15 -9 -1 19 20 -12 23 24 -20 -23 -26 -27 28 -28 -30
right_child=2 5 -4 7 8 10 -8 16 12 -11 18 -13 13 14 -16 -17 -18 -19 21 -21 -22 22 -24 -25 25 26 27 -29 29 -31
leaf_value=-0.00041223146433849657 0.00062464495696687862 -0.00061766066211486718 0.0014370277667013877 0.001198698178148272 -0.00048196212934290342 7.7993664829762582e-05 0.0016786917375708949 0.0020819207238239046 -0.0003796546523786441 0.00049266818340310936 8.3410639668523448e-05 -0.0012124385518884982 -0.0003840791348363713 -0.00045774116869356249 -0.0005543150271636485 0.00031729554193034895 0.001499690559868211 -0.00038225014220617961 0.010401925024634606 0.0079676367625700264 -0.0022149670338873955 -0.0021072756912546152 -0.0013307072662405829 0.0017025582519682664 0.0016765597425039249 -0.001197009024823155 -8.1748404507953071e-05 0.010000350683149695 0.0039646467053871624 0.00098576156602008121
leaf_weight=1110 2890 4919 2584 1080 1599 2513 650 122 1923 1135 3312 1601 3876 1323 198 914 684 955 199 446 2035 946 3533 3538 6113 3938 2333 279 451 769
leaf_count=1110 2890 4919 2584 1080 1599 2513 650 122 1923 1135 3312 1601 3876 1323 198 914 684 955 199 446 2035 946 3533 3538 6113 3938 2333 279 451 769
internal_value=-2.75991e-05 -0.00286412 0.0176544 0.0116185 -0.0103122 -0.000234227 0.00552891 0.0230037 -0.0084389 -0.00255568 0.000681016 -0.00405438 -0.0103896 -0.0123258 -0.00694672 -0.00501784 0.0334155 -0.0202174 0.00138008 -0.0021128 -0.00369021 0.00229596 0.00121413 0.00760289 0.00262572 0.00340222 0.000578778 0.00599427 0.00408938 0.0125714
internal_weight=57968 49958 8010 5426 13033 36925 3540 1886 10968 2734 32006 4114 8234 6311 2435 2237 806 2065 27892 5793 5347 22099 18362 3737 14829 13883 7770 3832 3553 1220
internal_count=57968 49958 8010 5426 13033 36925 3540 1886 10968 2734 32006 4114 8234 6311 2435 2237 806 2065 27892 5793 5347 22099 18362 3737 14829 13883 7770 3832 3553 1220
is_linear=0
shrinkage=0.05


Tree=66
num_leaves=31
num_cat=0
split_feature=4 5 3 10 5 12 6 6 12 6 13 8 7 11 5 10 13 10 7 6 2 5 8 6 12 6 7 8 4 7
split_gain=1154.29 424.268 264.401 146.183 98.2461 84.4895 58.0927 49.3971 49.1931 48.6824 46.8791 52.2531 69.6606 44.2983 43.1457 42.5906 41.7225 97.8788 90.6363 79.9254 79.7242 64.5055 52.4702 42.9331 39.714 39.5291 48.3392 44.3913 39.4608 38.8178
threshold=7.1649999618530282 1.985000014305115 12.466289043426515 0.93038213253021251 3.2516666650772099 -0.28400452435016627 948.95001220703136 973.35000610351574 -0.47714059054851526 962.75000000000011 -0.7865660786628722 1.0000000180025095e-35 0.89029943943023693 10.750000000000002 1.4583333730697634 0.9238443672657014 1.0000000180025095e-35 0.87878364324569713 -0.60945609211921681 947.85000610351574 6.5000000000000009 4.4216666221618661 -0.93779578804969776 943.35000610351574 0.43049471080303198 943.95001220703136 0.82438889145851146 -0.44380629062652582 9.3550000190734881 0.066572044044733061
decision_type=2 2 2 2 2 2 2 2 2 2 2 2 2 2 2 2 2 2 2 2 2 2 2 2 2 2 2 2 2 2
left_child=1 5 3 9 8 14 -5 16 25 -2 -7 12 -12 -8 -1 28 17 22 19 23 -20 -19 -6 -18 -22 27 -27 -3 -4 -13
right_child=2 4 15 6 7 10 13 -9 -10 -11 11 29 -14 -15 -16 -17 18 21 20 -21 24 -23 -24 -25 -26 26 -28 -29 -30 -31
leaf_value=-0.0004011389569587902 0.00048222549035125686 -0.00276746871326206 0.0012913575681192503 0.0018574597940483996 0.002646203357047433 -0.00033480783229288913 0.0014027863569016086 0.0038426465763432283 -0.00051074437203696649 0.001627428486985666 -0.00036533492143347741 -0.00040734012342523771 0.00050634313967839919 0.0012639974236332953 -0.00032844182526968956 0.0013745251058453784 0.0035583219086698648 0.0010519638590436031 0.0015414439751575888 0.0071080605477421167 -0.00095401274833062941 0.0033285500827460266 -0.00031227838721805301 -0.00098479144093186616 -0.0029034258009993604 0.00096094217752655466 -0.001465367855881021 -0.00030761932266051563 0.0014474278250835944 -0.00037090116720520918
leaf_weight=1949 2694 264 1655 379 1101 903 635 187 9973 310 2329 824 285 758 2739 740 659 2315 1985 1036 4151 2320 7762 1334 2242 3129 586 685 784 1314
leaf_count=1949 2694 264 1655 379 1101 903 635 187 9973 310 2329 824 285 758 2739 740 659 2315 1985 1036 4151 2320 7762 1334 2242 3129 586 685 784 1314
internal_value=0.000121485 -0.00268986 0.0178078 0.0103535 -0.000341018 -0.0117076 0.021722 0.00155796 -0.00359582 0.00362247 -0.0158216 -0.0178053 -0.0130202 0.0264306 -0.00673343 0.028973 0.00136291 0.00324372 -0.000863127 0.00654252 -0.00354288 0.00912716 0.000163509 0.000675676 -0.00625977 0.000642536 0.00297043 -0.00843816 0.0256751 -0.0236118
internal_weight=58027 50072 7955 4776 39729 10343 1772 25092 14637 3004 5655 4752 2614 1393 4688 3179 24905 13498 11407 3029 8378 4635 8863 1993 6393 4664 3715 949 2439 2138
internal_count=58027 50072 7955 4776 39729 10343 1772 25092 14637 3004 5655 4752 2614 1393 4688 3179 24905 13498 11407 3029 8378 4635 8863 1993 6393 4664 3715 949 2439 2138
is_linear=0
shrinkage=0.05


Tree=67
num_leaves=31
num_cat=0
split_feature=4 5 3 10 3 3 15 10 9 6 6 10 6 11 11 14 6 15 8 9 6 8 6 8 6 15 7 7 2 5
split_gain=1107.66 381.767 232.53 138.402 88.6801 74.6384 74.3769 54.4818 57.3925 50.966 44.6512 43.9158 42.3016 36.8208 36.4699 36.2803 35.8341 72.9784 75.0206 41.1089 36.3472 34.7278 38.4268 57.1552 49.9244 79.7323 44.8442 53.4244 39.841 39.0795
threshold=7.2049999237060556 2.0049999952316289 12.345750331878664 0.93038213253021251 7.0910441875457773 2.1336435079574589 75.500000000000014 0.9238443672657014 14.244999885559084 949.54998779296886 952.04998779296886 -0.95878320932388295 959.54998779296886 10.650000095367433 4.3500001430511483 12.295000076293947 954.35000610351574 37.500000000000007 0.090250775218009963 6.9149999618530282 961.54998779296886 0.54162281751632702 973.35000610351574 0.021515898406505588 953.54998779296886 59.500000000000007 0.71541279554367077 0.38317915797233587 37.500000000000007 3.8616665601730351
decision_type=2 2 2 2 2 2 2 2 8 2 2 2 2 2 2 10 2 2 2 10 2 2 2 2 2 2 2 2 2 2
left_child=1 5 3 12 16 10 11 8 15 -5 -1 14 -2 -11 -7 -4 -3 20 -19 -20 -18 22 23 26 -25 -26 27 29 -27 -6
right_child=2 4 7 9 21 6 -8 -9 -10 13 -12 -13 -14 -15 -16 -17 17 18 19 -21 -22 -23 -24 24 25 28 -28 -29 -30 -31
leaf_value=-0.00037622755837089241 0.00011805410339072454 -0.00016872627821165435 0.00081726482805623008 0.0018627878413319699 -0.003565577776163939 -0.00045440971496084218 -0.00034784231021393923 0.0013150549822603997 0.0015567870782699834 0.0013429825074864649 -0.0003462461323969282 -0.00028981914183342036 0.0015269378752064884 0.001180485196546971 0.00054412524174599021 0.0011792690760749791 -0.00080405007589716177 0.00070212084060867596 -0.00084925453715964285 0.00048191960897447515 -0.0014252723387579488 0.001888705382442929 0.002697733678401132 0.00079639346685942141 -0.0081463774894634019 -0.0023619071457351426 0.0020881297143521857 -0.0024435281780771506 0.0062179909775822804 0.0015912292737358974
leaf_weight=1453 2359 14198 519 393 662 1515 1121 767 913 544 1917 4346 470 762 212 1145 1717 2850 2635 715 225 5467 167 1189 414 956 2930 1386 279 3758
leaf_count=1453 2359 14198 519 393 662 1515 1121 767 913 544 1917 4346 470 762 212 1145 1717 2850 2635 715 225 5467 167 1189 414 956 2930 1386 279 3758
internal_value=-1.20713e-05 -0.00275156 0.0174178 0.0100154 -0.000495538 -0.0111931 -0.00830671 0.0274112 0.0238381 0.0212735 -0.0173333 -0.00611221 0.00322865 0.0260107 -0.0128464 0.0182145 -0.00257328 -0.00521664 -0.00256245 -0.0076304 -0.013662 0.00220182 0.000668313 0.000319544 -0.0058389 -0.0114571 0.00232239 -0.000223714 -0.00504032 0.00246328
internal_weight=57984 50112 7872 4528 39548 10564 7194 3344 2577 1699 3370 6073 2829 1306 1727 1664 22340 8142 6200 3350 1942 17208 11741 11574 2838 1649 8736 5806 1235 4420
internal_count=57984 50112 7872 4528 39548 10564 7194 3344 2577 1699 3370 6073 2829 1306 1727 1664 22340 8142 6200 3350 1942 17208 11741 11574 2838 1649 8736 5806 1235 4420
is_linear=0
shrinkage=0.05


Tree=68
num_leaves=31
num_cat=0
split_feature=3 5 4 6 9 9 7 8 5 7 7 6 13 8 8 7 8 5 10 9 14 8 12 13 3 8 8 8 14 6
split_gain=1084.65 430.825 167.664 98.3059 95.1783 85.8604 58.5494 56.8124 53.67 53.1156 53.9649 52.0975 51.1452 50.9374 144.596 67.0696 50.6302 56.086 65.9269 59.5027 45.8561 44.066 87.8925 58.0871 48.2222 41.3486 73.8241 42.5718 47.6632 39.9045
threshold=11.579324722290041 2.4183334112167363 8.1050000190734881 952.25000000000011 10.25500011444092 2.4550000429153447 -0.17316619306802747 0.99805629253387462 1.4583333730697634 0.88234141469001781 0.86564558744430553 960.14999389648449 0.60355338454246532 -0.99351876974105824 -0.97653719782829274 -0.045113071799278252 0.97745609283447277 4.9516665935516366 0.94260558485984813 14.454999923706056 12.574999809265138 -0.89706552028655995 -0.55191597342491139 -1.0000000180025095e-35 5.8805134296417245 0.090250775218009963 0.86458376049995433 0.99960738420486461 3.245000004768372 951.54998779296886
decision_type=2 2 2 2 8 10 2 2 2 2 2 2 2 2 2 2 2 2 2 8 10 2 2 2 2 2 2 2 10 2
left_child=1 3 11 8 9 -5 20 16 -1 10 13 -2 -10 15 -15 -3 17 -6 19 -19 -4 22 -16 -24 -23 -7 -27 28 -28 -17
right_child=2 4 6 5 7 25 -8 -9 12 -11 -12 -13 -14 14 21 29 -18 18 -20 -21 -22 24 23 -25 -26 26 27 -29 -30 -31
leaf_value=-0.00036715914078008847 0.0011446504574918971 -0.0042119659995176759 0.00049839252663563263 -0.00033008190102746409 0.00028223215419097004 -0.00032508192223952088 0.0012493022331473815 0.0028364126623570741 0.00012043206684471744 -0.0011476127365747655 0.0039666593119952881 0.0013421105011417413 -0.00048121025091504263 0.0044330047214630039 0.0057096265312065429 0.0037780588951018103 -0.0042550349949750654 0.0019095828860345389 0.001149264272456313 -0.0039054256207083238 0.0014306144820642576 -0.00034679312664485581 -0.00035104931755348262 -0.0027283522031478495 0.00082420733357047168 -0.00048750548635045703 -0.00035212877166203993 -0.0009062043028589935 0.0038135664232752859 -0.0016878539711623168
leaf_weight=1816 1665 334 358 3881 3387 2677 2181 137 3527 4098 292 596 1880 1131 382 161 321 3080 922 306 421 7566 945 1102 12412 1140 358 109 262 600
leaf_count=1816 1665 334 358 3881 3387 2677 2181 137 3527 4098 292 596 1880 1131 382 161 321 3080 922 306 421 7566 945 1102 12412 1140 358 109 262 600
internal_value=5.59843e-05 -0.00209347 0.0217853 -0.00905142 0.000836449 -0.0127194 0.0296121 0.00560799 -0.00476619 -0.000504685 0.000363016 0.011496 -0.00226349 0.000107557 0.000598904 -0.0104091 0.00504925 0.00586364 0.00964526 0.00639929 0.0176658 -0.00028333 -0.00663517 -0.0107456 0.000490417 -0.00804219 -0.0137407 -0.00129428 0.00384 -0.00215405
internal_weight=58047 52826 5221 15650 37176 8427 2960 8153 7223 29023 24925 2261 5407 24633 23538 1095 8016 7695 4308 3386 779 22407 2429 2047 19978 4546 1869 729 620 761
internal_count=58047 52826 5221 15650 37176 8427 2960 8153 7223 29023 24925 2261 5407 24633 23538 1095 8016 7695 4308 3386 779 22407 2429 2047 19978 4546 1869 729 620 761
is_linear=0
shrinkage=0.05


Tree=69
num_leaves=31
num_cat=0
split_feature=4 5 3 10 12 5 10 13 12 12 8 13 9 3 12 6 10 9 11 5 15 6 13 7 15 6 7 6 7 11
split_gain=1058.01 351.157 223.965 113.022 76.6909 73.6904 82.2863 98.5814 67.9328 64.2811 64.2161 57.5334 56.9307 53.696 52.8557 52.0808 49.5349 56.5749 49.4747 44.6492 44.3704 75.1341 67.4707 56.399 42.9259 99.2002 41.903 41.3171 40.4346 40.1532
threshold=7.2049999237060556 2.0049999952316289 12.345750331878664 0.93038213253021251 -0.13052122294902799 4.4449999332427987 0.87032255530357372 -0.6035533845424651 -0.026175950653851029 -0.44618082046508784 0.94917574524879467 -0.7865660786628722 12.315000057220461 6.7497305870056161 -0.73724925518035878 951.75000000000011 0.9238443672657014 14.244999885559084 10.650000095367433 1.6449999809265139 35.500000000000007 961.85000610351574 -0.6035533845424651 0.75047916173934948 77.500000000000014 959.54998779296886 -0.8998868167400359 951.04998779296886 0.72731766104698192 4.0499999523162851
decision_type=2 2 2 2 2 2 2 2 2 2 2 2 8 2 2 2 2 8 2 2 2 2 2 2 2 2 2 2 2 2
left_child=1 4 3 27 19 9 8 -8 12 13 -9 -6 14 -3 -7 -13 17 -4 -5 29 21 -11 -22 28 -16 -26 -10 -2 -24 -1
right_child=2 5 16 18 11 6 7 10 26 20 -12 15 -14 -15 24 -17 -18 -19 -20 -21 22 -23 23 -25 25 -27 -28 -29 -30 -31
leaf_value=-0.00036496853658610304 -0.0012894270723623536 -3.6012560087194532e-05 0.00098785448661998241 0.0011551246705799963 -0.00022269684465366343 -0.0036465356443159125 0.0035996843651685765 0.0017335252685678039 0.00082393578748014287 -0.00052501886334397274 -0.005487812644670762 -0.00033618381009234893 -0.0046305894813769375 0.0037014757121503136 0.002440667884730058 -0.00031459846934608454 0.0011895064355164076 0.001416482612699116 0.0010987855976067691 -0.00012634104990134882 0.0011078354209796859 -0.0023190605783643364 -0.00029923080742369181 -0.0010264360420055047 -0.005443968542491507 0.0027920496096838555 -0.0028064524334558277 0.0012351540316977883 0.0069994780769880279 0.0015135211316061855
leaf_weight=2977 1156 5887 1642 754 816 463 1275 3771 710 6787 422 1463 185 1632 3590 2863 778 904 932 2192 2785 196 5443 2907 556 413 2369 1663 162 265
leaf_count=2977 1156 5887 1642 754 816 463 1275 3771 710 6787 422 1463 185 1632 3590 2863 778 904 932 2192 2785 196 5443 2907 556 413 2369 1663 162 265
internal_value=0.000138019 -0.00253221 0.0172262 0.00994457 -0.0106228 -0.000367814 0.0025874 0.00734515 -0.000554818 -0.0019435 0.00363268 -0.014999 0.00292594 0.0019471 0.00393873 -0.0172939 0.0270652 0.0235986 0.0201656 -0.00647178 -0.00354389 -0.00667573 -0.00160591 -0.0038159 0.00557625 -0.00374743 -0.00643645 0.00380666 -0.000882353 -0.010194
internal_weight=57958 50129 7829 4505 10576 39553 13754 5468 8286 25799 4193 5142 5207 7519 5022 4326 3324 2546 1686 5434 18280 6983 11297 8512 4559 969 3079 2819 5605 3242
internal_count=57958 50129 7829 4505 10576 39553 13754 5468 8286 25799 4193 5142 5207 7519 5022 4326 3324 2546 1686 5434 18280 6983 11297 8512 4559 969 3079 2819 5605 3242
is_linear=0
shrinkage=0.05


Tree=70
num_leaves=31
num_cat=0
split_feature=3 5 4 3 4 15 8 10 11 13 8 8 15 12 10 10 12 13 12 8 11 10 15 10 14 9 15 8 8 8
split_gain=1015.12 390.922 156.881 105.626 86.2732 61.5984 72.2692 58.9306 63.2292 52.5026 49.8731 106.544 46.4936 46.3595 49.4979 44.1529 41.3435 47.7079 41.248 62.0134 54.7306 83.5976 41.5472 37.6214 54.4619 36.5954 36.8581 35.6588 60.4575 35.6629
threshold=11.68327045440674 2.4616667032241826 8.1050000190734881 1.7241498827934267 6.2049999237060556 75.500000000000014 1.0000000180025095e-35 0.87878364324569713 10.650000095367433 -0.37940952181816096 -0.99351876974105824 -0.97653719782829274 87.500000000000014 -0.59480014443397511 -0.95368063449859608 0.9238443672657014 -0.13052122294902799 -0.91597560048103321 0.33379416167736059 -0.94362518191337574 8.2500000000000018 0.19936034083366397 34.500000000000007 0.93038213253021251 12.574999809265138 7.8150000572204599 80.500000000000014 -0.20061247795820233 -0.064414007589220987 -0.34918220341205591
decision_type=2 2 2 2 2 2 2 2 2 2 2 2 2 2 2 2 2 2 2 2 2 2 2 2 8 8 2 2 2 2
left_child=1 3 15 -1 10 13 12 -6 9 -9 -3 -12 -7 -5 -15 27 -16 -18 25 -20 -21 -22 -23 24 -4 26 -13 29 -29 -2
right_child=2 4 23 5 7 6 -8 8 -10 -11 11 18 -14 14 16 -17 17 -19 19 20 21 22 -24 -25 -26 -27 -28 28 -30 -31
leaf_value=-0.00030571542894157027 0.00090206602892011498 -0.0020485559496250831 0.0010106561209239611 -0.00013201373723005445 0.00018235440572857768 -0.00036018091985713847 -0.00031108020327039383 0.0025736428194766403 0.001136191663831171 0.00058187880864581099 0.004185961035450542 -3.7998160909653858e-05 0.0022247017018521744 -0.00036671125955974813 0.0004390280744271315 0.0011743161390018299 0.00050684973747666261 -0.00031026197446461083 -0.0028948793864813577 -0.00072604754837999773 -0.0016033816227445893 0.0046569125053825544 -0.0012689469193487204 0.0012133643676010609 0.0010865931080368929 0.0009551624715699765 -0.0021813019563452804 -0.008166505148766906 0.0013569491135734413 0.0022091152675544263
leaf_weight=2032 552 1002 856 3944 4250 399 1408 744 1236 2747 1044 8830 106 2547 1297 346 582 3842 406 6295 587 1004 404 716 1348 7438 873 140 843 198
leaf_count=2032 552 1002 856 3944 4250 399 1408 744 1236 2747 1044 8830 106 2547 1297 346 582 3842 406 6295 587 1004 404 716 1348 7438 873 140 843 198
internal_value=0.000165457 -0.00186621 0.0216926 -0.00834983 0.000976536 -0.00681175 -0.015146 0.00523825 0.0090765 0.00562071 -0.000396228 1.30179e-05 0.00107843 -0.00550053 -0.00762722 0.0111564 -0.00503842 -0.007338 -0.000621082 -0.00342489 -0.00248342 0.004725 0.0113234 0.0291624 0.0258035 0.000801936 -0.00122064 0.00785386 0.00156883 0.0160265
internal_weight=58016 53017 4999 16157 36860 14125 1913 8977 4727 3491 27883 26881 505 12212 8268 2079 5721 4424 25837 8696 8290 1995 1408 2920 2204 17141 9703 1733 983 750
internal_count=58016 53017 4999 16157 36860 14125 1913 8977 4727 3491 27883 26881 505 12212 8268 2079 5721 4424 25837 8696 8290 1995 1408 2920 2204 17141 9703 1733 983 750
is_linear=0
shrinkage=0.05


Tree=71
num_leaves=31
num_cat=0
split_feature=4 5 4 12 4 7 10 14 15 7 7 13 7 14 14 13 7 8 15 5 8 14 7 11 10 13 7 12 9 7
split_gain=1024.68 372.866 219.909 87.7021 72.7987 62.818 61.9462 78.8876 58.715 58.3891 50.0096 63.6742 46.084 47.3617 45.3684 44.6843 40.9066 39.2795 45.5994 42.0887 38.8373 37.5512 36.9821 34.8219 34.6143 79.5639 58.1244 45.1052 40.5654 39.94
threshold=7.1649999618530282 1.985000014305115 8.7349996566772479 -0.16504132002592084 5.7249999046325692 0.88234141469001781 0.9238443672657014 8.6549997329711932 35.500000000000007 -0.464854747056961 0.90542393922805797 -1.0000000180025095e-35 0.86564558744430553 4.4449999332427987 12.574999809265138 -0.7865660786628722 -0.12216648086905478 1.0000000180025095e-35 37.500000000000007 1.1416666507720949 0.93168920278549205 1.575000047683716 0.066572044044733061 5.1499998569488534 0.87032255530357372 -0.37940952181816096 0.9600123167037965 -0.14780378341674802 8.4949998855590838 0.98049062490463268
decision_type=2 2 2 2 2 2 2 10 2 2 2 2 2 8 10 2 2 2 2 2 2 10 2 2 2 2 2 2 10 2
left_child=1 3 6 21 5 12 10 -8 -7 -4 14 -12 13 20 -2 -5 -9 18 -17 -20 -3 -1 -19 -14 27 -26 28 29 -27 -6
right_child=2 4 9 15 24 8 7 16 -10 -11 11 -13 23 -15 -16 17 -18 22 19 -21 -22 -23 -24 -25 25 26 -28 -29 -30 -31
leaf_value=-0.00034052576124305546 0.00031775769926216391 -0.00024479648855759605 0.0014005994598774276 -0.00028165434750676896 0.0019709123105483895 -0.0034170015081628081 0.00082815103220818258 0.00064124034248241044 -0.00083771422260952861 0.00098602964150005796 0.0017235133687315608 0.00076303009546337683 0.0046750493854860412 0.0002105716488366511 0.00088413210688713666 -0.00029689151539997706 0.0011265808991297976 -0.00030945360567110789 -0.00029042965749449172 -0.00012545414225393538 -0.00090313093531261374 -0.00026174607659607121 -0.00027882640356216007 -0.00098178669951975799 0.0029467223126747101 0.0041246844740006044 0.005715383192427554 -0.0015796407519657329 -0.0011002042073087277 -0.0054855755002607811
leaf_weight=1529 2300 8926 473 810 1965 142 1054 182 4471 1801 416 540 248 15132 530 1101 716 724 333 983 1595 3647 1204 112 1333 502 409 2189 2476 121
leaf_count=1529 2300 8926 473 810 1965 142 1054 182 4471 1801 416 540 248 15132 530 1101 716 724 333 983 1595 3647 1204 112 1333 502 409 2189 2476 121
internal_value=8.6253e-06 -0.00265428 0.0166022 -0.0111116 -0.000447938 -0.00160948 0.0113704 0.0185999 -0.00698354 0.0297499 0.00762332 0.0174818 -0.000655316 -0.00090615 0.00426808 -0.0157267 0.0294574 -0.0177356 -0.0134393 -0.00711582 -0.00348185 -0.00650454 -0.0230729 0.0169863 0.00350556 0.00645503 0.00237323 0.000245327 -6.70466e-05 0.00549976
internal_weight=57964 49952 8012 10331 39621 30626 5738 1952 4613 2274 3786 956 26013 25653 2830 5155 898 4345 2417 1316 10521 5176 1928 360 8995 4720 3387 4275 2978 2086
internal_count=57964 49952 8012 10331 39621 30626 5738 1952 4613 2274 3786 956 26013 25653 2830 5155 898 4345 2417 1316 10521 5176 1928 360 8995 4720 3387 4275 2978 2086
is_linear=0
shrinkage=0.05


Tree=72
num_leaves=31
num_cat=0
split_feature=4 5 4 6 6 6 3 8 6 11 7 13 6 12 6 7 8 15 8 8 8 15 11 3 15 8 15 3 15 11
split_gain=969.257 386.064 129.59 114.928 112.024 74.4 66.3307 70.0221 61.1146 48.3352 53.3161 44.2159 60.2967 67.9342 59.367 54.9049 45.142 44.038 45.5864 74.6669 43.7723 43.6973 42.8534 42.3482 41.9843 38.4883 35.4389 34.5219 34.2946 39.566
threshold=8.055000305175783 2.0049999952316289 6.2049999237060556 950.85000610351574 960.35000610351574 952.04998779296886 2.1336435079574589 1.0000000180025095e-35 940.64999389648449 11.949999809265138 0.91258591413497936 1.0000000180025095e-35 953.35000610351574 0.47714059054851538 947.25000000000011 -0.41079147160053248 -0.78753387928009022 12.500000000000002 0.96063983440399181 0.99805629253387462 0.84908413887023937 43.500000000000007 3.0499999523162846 13.01028347015381 46.500000000000007 0.99805629253387462 35.500000000000007 7.8626818656921396 34.500000000000007 2.6499999761581425
decision_type=2 2 2 2 2 2 2 2 2 2 2 2 2 2 2 2 2 2 2 2 2 2 2 2 2 2 2 2 2 2
left_child=1 5 11 23 25 8 28 -8 -1 10 -5 17 14 26 16 -16 -13 -3 -19 -20 -9 27 -10 -2 -21 -4 -14 -17 -7 -30
right_child=3 2 4 9 -6 6 7 20 22 -11 -12 12 13 -15 15 21 -18 18 19 24 -22 -23 -24 -25 -26 -27 -28 -29 29 -31
leaf_value=-0.00053554790203275517 0.00062727380748138224 -0.0018305987649893899 0.00052827291495283202 0.00046255387662115792 0.0014335152905697647 -0.00027377799855954577 -0.0002454719824792769 -0.00030226103246535301 -0.00031142544095618833 0.00090869432914541528 0.0014084736786128928 -0.0034250155213485138 -0.0011106737973181995 -0.0010853569027247298 0.0021841590608616085 -0.0012311589293730397 -0.00059523510005302029 0.00035284501062855784 -0.0017129816725372322 0.0047424847416876695 -0.00029442414664172751 0.0010246154810244588 0.00010800860964395171 0.0010247053236103199 -0.0022878911064923356 0.002905265583346495 -0.00038214940819747368 0.0024253263268850635 -0.00027397360195386284 -0.00026191065889249467
leaf_weight=337 771 554 7513 650 1967 346 2036 1403 2408 2015 283 273 603 1915 2182 853 3245 15932 1259 255 602 1291 1899 450 83 157 4966 238 1044 531
leaf_count=337 771 554 7513 650 1967 346 2036 1403 2408 2015 283 273 603 1915 2182 853 3245 15932 1259 255 602 1291 1899 450 83 157 4966 238 1044 531
internal_value=6.28595e-05 -0.00173479 0.000360352 0.023275 0.00547086 -0.0102818 -0.0139769 -0.0103188 -0.00552807 0.028615 0.0190299 -0.00110388 -0.00305696 -0.00628922 -6.18276e-05 0.00369884 -0.00493897 0.000577731 0.00101802 -0.00702247 -0.0169403 -0.00155006 -0.0039077 0.0103181 0.0137026 0.00273616 -0.00348942 -0.00889599 -0.0216251 -0.0183861
internal_weight=58061 53892 43286 4169 9637 10606 5962 4041 4644 2948 933 33649 15566 7484 8082 4564 3518 18083 17529 1597 2005 2382 4307 1221 338 7670 5569 1091 1921 1575
internal_count=58061 53892 43286 4169 9637 10606 5962 4041 4644 2948 933 33649 15566 7484 8082 4564 3518 18083 17529 1597 2005 2382 4307 1221 338 7670 5569 1091 1921 1575
is_linear=0
shrinkage=0.05


Tree=73
num_leaves=31
num_cat=0
split_feature=4 5 6 4 6 6 9 4 2 2 6 8 8 7 13 7 6 8 5 12 6 7 9 15 8 8 8 10 8 15
split_gain=964.102 385.653 132.384 104.578 102.023 93.9928 78.1178 53.2047 45.1455 44.6727 43.9436 42.3136 73.938 53.8319 42.0397 50.9708 91.9584 58.8976 47.4049 41.7561 41.6003 41.0713 40.7416 38.6523 38.1831 67.0904 43.6279 36.8248 48.0837 41.9867
threshold=8.055000305175783 2.4183334112167363 951.14999389648449 6.7550001144409189 963.85000610351574 952.25000000000011 2.4550000429153447 9.2550001144409197 41.500000000000007 39.500000000000007 939.64999389648449 0.99805629253387462 0.98094093799591076 -0.13920918852090833 0.12940952181816109 -0.60945609211921681 948.14999389648449 0.88337317109107982 4.5250000953674325 0.44618082046508795 973.35000610351574 -0.079425927251577363 5.1949999332427987 33.500000000000007 0.090250775218009963 0.86458376049995433 0.99960738420486461 -0.86159634590148915 -0.93779578804969776 43.500000000000007
decision_type=2 2 2 2 2 2 10 2 2 2 2 2 2 2 2 2 2 2 2 2 2 2 8 2 2 2 2 2 2 2
left_child=1 5 -2 11 -5 8 9 -4 10 23 -1 12 14 -14 20 16 -16 19 -18 -17 -3 -15 -19 -7 -8 -26 -27 -12 29 -29
right_child=2 3 7 4 -6 6 24 -9 -10 -11 27 -13 13 21 15 17 18 22 -20 -21 -22 -23 -24 -25 25 26 -28 28 -30 -31
leaf_value=-0.00045417955296213932 0.00086412459518796789 0.00029871286197956094 0.00079090973146013217 0.0008301686450691043 0.0013365818263407936 -0.00026027657081352209 -0.0002527612816206863 0.0010351320286126231 0.00053150192726745399 -0.00020955839753590175 -0.00031022698130434603 0.0028273573155522982 -0.0046245712487705945 0.00094725691050720907 -0.00053139452414905709 -0.00099940967087296518 0.0021848816416622139 -0.0013735579609734185 0.008014042474020799 -0.001921606016901836 0.006587587750791938 -0.0020412235348121767 0.0027567122582606118 -0.00025127614517384537 -0.00040283281804102386 0.00027640538567662905 -0.00091722065674245366 -0.00039874496361328436 0.00011250369186456555 0.0028175604608159351
leaf_weight=267 1258 17475 1915 5550 688 486 2681 997 1155 529 2920 545 212 321 2612 5556 717 209 406 1853 114 712 1238 2843 1154 630 107 300 2497 80
leaf_count=267 1258 17475 1915 5550 688 486 2681 997 1155 529 2920 545 212 321 2612 5556 717 209 406 1853 114 712 1238 2843 1154 630 107 300 2497 80
internal_value=3.87717e-05 -0.00175541 0.0231856 0.000952555 0.0068717 -0.00836527 -0.0119502 0.0290367 -0.00417359 -0.0171887 -0.00589883 -0.000203284 -0.000443843 -0.01236 4.96936e-05 -0.00215545 0.00274064 -0.00422074 0.014672 -0.00602239 0.0016284 -0.00756262 0.00499311 -0.0193311 -0.00751584 -0.0129483 -0.00114555 -0.00497242 -0.000954198 -0.0174026
internal_weight=58027 53857 4170 38208 6238 15649 8430 2912 7219 3858 6064 31970 31425 1245 30180 12591 3735 8856 1123 7409 17589 1033 1447 3329 4572 1891 737 5797 2877 380
internal_count=58027 53857 4170 38208 6238 15649 8430 2912 7219 3858 6064 31970 31425 1245 30180 12591 3735 8856 1123 7409 17589 1033 1447 3329 4572 1891 737 5797 2877 380
is_linear=0
shrinkage=0.05


Tree=74
num_leaves=31
num_cat=0
split_feature=4 5 4 3 6 12 6 13 12 7 13 6 12 8 6 8 7 8 8 7 13 3 8 9 13 15 14 9 14 8
split_gain=926.772 346.114 134.799 123.575 78.6984 73.7226 56.696 56.5986 53.0881 47.746 47.2844 48.9598 79.6817 50.1253 57.1 53.6838 44.9273 47.1611 44.3247 67.9045 49.2009 44.1103 40.1021 36.8807 41.91 36.0527 37.652 35.5379 35.0573 34.117
threshold=8.055000305175783 2.0049999952316289 6.3550000190734872 11.68327045440674 958.95001220703136 -0.18222858756780622 956.95001220703136 -0.6035533845424651 0.41467745602130895 -0.079425927251577363 1.0000000180025095e-35 953.35000610351574 0.44618082046508795 -0.98902499675750721 947.25000000000011 -0.78753387928009022 -0.41079147160053248 -0.97653719782829274 1.0000000180025095e-35 0.88234141469001781 0.78656607866287243 7.541123867034913 -0.99897944927215565 13.59500026702881 -0.6035533845424651 81.500000000000014 1.575000047683716 3.0049999952316289 12.574999809265138 -0.081558488309383378
decision_type=2 2 2 2 2 2 2 2 2 2 2 2 2 2 2 2 2 2 2 2 2 2 2 8 2 2 10 10 10 2
left_child=1 5 10 6 -4 25 23 -7 -6 28 21 13 -13 22 15 -15 27 -18 19 20 -9 -3 -12 24 -2 26 -1 -16 -5 -19
right_child=3 2 4 9 8 7 -8 18 -10 -11 11 12 -14 14 16 -17 17 29 -20 -21 -22 -23 -24 -25 -26 -27 -28 -29 -30 -31
leaf_value=-0.00029112781621982753 -0.0023999310557899197 -0.00012872507163090886 0.00068469203169687633 0.00052950465231063897 0.0012753387054090959 -0.00022078295008131903 0.00085772906825677957 -0.00026341382018555364 0.00029879482883304333 0.0009781695189784612 0.00046972534961454775 -0.00042867702207867523 -0.0011155997443371792 -0.0031429122770038429 -0.00041103090612759478 -0.00054735105740787041 0.0066320643281042903 -0.001244912520912558 -0.00025897353545244992 0.00053773857021305056 -0.00022091445451941734 0.0013975524926638312 -0.0037398779370864696 -0.010995599620087443 0.00091443676219045151 -0.00031908401568322129 -0.00011978361023644893 0.0031271580044636019 0.0010131295531790264 0.00052906232756974386
leaf_weight=1412 240 12813 6448 428 1681 1194 279 1203 549 2079 107 5494 2289 209 321 3288 229 920 1813 247 862 5707 160 81 571 383 3395 1926 513 1098
leaf_count=1412 240 12813 6448 428 1681 1194 279 1203 549 2079 107 5494 2289 209 321 3288 229 920 1813 247 862 5707 160 81 571 383 3395 1926 513 1098
internal_value=9.23305e-05 -0.00167433 0.000304088 0.022724 0.00587355 -0.00981073 0.00888605 -0.0139463 0.0139597 0.0280661 -0.00109501 -0.00308176 -0.00592578 -0.000399371 0.000318909 -0.00446887 0.00404534 -0.000954707 -0.0167191 -0.0120846 -0.0150483 0.000626181 -0.0215074 0.00267559 0.00594363 -0.00556304 -0.00437448 0.00903641 0.0185518 -0.00341078
internal_weight=57939 53748 43239 4191 8678 10509 1171 5319 2230 3020 34561 16041 7783 8258 7991 3497 4494 2247 4125 2312 2065 18520 267 892 811 5190 4807 2247 941 2018
internal_count=57939 53748 43239 4191 8678 10509 1171 5319 2230 3020 34561 16041 7783 8258 7991 3497 4494 2247 4125 2312 2065 18520 267 892 811 5190 4807 2247 941 2018
is_linear=0
shrinkage=0.05


Tree=75
num_leaves=31
num_cat=0
split_feature=4 5 4 6 6 12 4 7 14 15 15 6 14 8 6 15 8 2 10 7 15 12 8 9 8 8 8 8 10 11
split_gain=909.553 344.205 118.048 111.536 88.5837 80.4139 57.2185 43.7015 53.7016 54.2675 47.2598 42.2186 42.2181 41.1584 43.1426 41.1519 51.4773 43.5961 40.3784 43.9803 40.1086 37.9902 37.2805 41.7533 36.3097 35.2709 56.5013 41.6863 39.2933 90.847
threshold=8.055000305175783 1.985000014305115 6.2049999237060556 951.14999389648449 960.35000610351574 -0.16504132002592084 9.2550001144409197 0.88234141469001781 7.9849998950958261 43.500000000000007 32.500000000000007 951.35000610351574 12.864999771118166 0.021515898406505588 973.35000610351574 34.500000000000007 1.0000000180025095e-35 29.500000000000004 0.87878364324569713 0.88234141469001781 75.500000000000014 -0.41467745602130884 -0.14153897762298581 10.855000019073488 -0.99351876974105824 0.96527305245399486 0.99805629253387462 0.99897944927215587 0.59480014443397533 7.4500000476837167
decision_type=2 2 2 2 2 2 2 2 10 2 2 2 10 2 2 2 2 2 2 2 2 2 2 10 2 2 2 2 2 2
left_child=1 5 7 12 -4 -1 -5 8 9 24 -9 -7 -2 -12 -15 -13 17 -17 22 -20 -18 -10 -6 -24 -3 28 -27 -28 -26 -30
right_child=3 2 4 6 18 11 -8 10 21 -11 13 15 -14 14 -16 16 20 -19 19 -21 -22 -23 23 -25 25 26 27 -29 29 -31
leaf_value=-0.00024654157496445406 0.00063405265953722092 -0.0013529628804626447 0.00062449397295867017 0.00067966012434522445 0.001019941427379173 -0.00024696564138245429 0.00093873059255673028 -0.0042418283342074217 0.0034985784549268054 0.00040585475574742187 -1.8687190369308038e-05 -0.00024745525800252288 0.0011030926116644662 -0.0012233984334729397 0.0068666037786070146 -0.00023747474618515023 -0.00023770180033667529 0.00029803622017217948 0.00090233842749585797 0.0020425416286862924 -0.00022315835902678713 0.00022937225807346251 0.0036609245327207719 -0.0092516945264240844 -0.00042950883633757184 -0.001446134093268386 0.0087477697048294733 -0.0003704899810322557 -0.00026313554937813788 0.003230072485620706
leaf_weight=5144 907 797 7678 1924 424 1641 989 91 1800 8818 2508 626 346 2441 110 899 978 430 654 584 582 2656 136 164 8076 1080 111 215 3788 1426
leaf_count=5144 907 797 7678 1924 424 1641 989 91 1800 8818 2508 626 346 2441 110 899 978 430 654 584 582 2656 136 164 8076 1080 111 215 3788 1426
internal_value=9.04736e-05 -0.00165144 0.000292686 0.0225845 0.00517367 -0.009869 0.0279472 -0.00109516 -0.000335396 -0.00126049 -0.00533463 -0.0142802 0.0100556 -0.00467022 -0.00913537 -0.0173722 -0.0148065 -0.00753373 0.0146416 0.0201126 -0.0209585 0.00470746 0.00521262 -0.00819672 -0.00304233 -0.00247602 -0.00999291 0.0081571 -0.00167732 0.00170531
internal_weight=58023 53857 43557 4166 9640 10300 2913 33917 28767 24311 5150 5156 1253 5059 2551 3515 2889 1329 1962 1238 1560 4456 724 300 15493 14696 1406 326 13290 5214
internal_count=58023 53857 43557 4166 9640 10300 2913 33917 28767 24311 5150 5156 1253 5059 2551 3515 2889 1329 1962 1238 1560 4456 724 300 15493 14696 1406 326 13290 5214
is_linear=0
shrinkage=0.05


Tree=76
num_leaves=31
num_cat=0
split_feature=4 5 3 4 6 6 6 3 15 6 2 7 3 15 8 8 6 7 8 8 7 6 15 8 7 11 15 11 7 7
split_gain=872.666 334.987 122.833 103.153 84.115 71.3218 65.482 59.9311 55.8873 48.3832 45.4902 41.4722 48.846 46.7096 43.4134 40.3958 40.0519 47.9297 46.039 49.7314 87.5801 39.2397 38.6106 42.8881 37.4985 56.7919 37.472 41.3761 36.9984 35.8421
threshold=8.055000305175783 2.0049999952316289 12.345750331878664 6.2049999237060556 960.35000610351574 952.04998779296886 956.95001220703136 2.1336435079574589 75.500000000000014 939.64999389648449 29.500000000000004 0.88234141469001781 7.7030167579650888 32.500000000000007 0.021515898406505588 -0.9980562925338744 947.35000610351574 0.049410874024033553 -0.97653719782829274 -0.69870123267173756 -0.24042633175849912 973.35000610351574 87.500000000000014 -0.098678875714540468 -0.079425927251577363 12.84999990463257 34.500000000000007 2.6499999761581425 0.96693778038024913 0.86564558744430553
decision_type=2 2 2 2 2 2 2 2 2 2 2 2 2 2 2 2 2 2 2 2 2 2 2 2 2 2 2 2 2 2
left_child=1 5 6 11 -5 9 -2 26 -9 -1 -11 12 29 -13 22 -14 17 -17 -18 20 -20 -16 23 -15 25 -4 -7 -28 -6 -3
right_child=2 3 24 4 28 7 -8 8 -10 10 -12 13 15 14 21 16 18 -19 19 -21 -22 -23 -24 -25 -26 -27 27 -29 -30 -31
leaf_value=-0.00040675817457368657 0.00037860837254487527 -0.00021249683175978142 -0.0007381805584037171 0.00058211805048790093 0.0008674928508003555 -0.00022353178499509688 0.00080120397912122887 -0.00023255958546654641 -0.00021103765853635996 -0.00026192999034836353 0.00026803956848445859 -0.0040026424002277822 -0.0063587821102739778 -0.0010784105056029039 -0.0011667577860701912 -0.0029812489500945618 0.0059291845054572582 0.015135014490886112 0.0044872002545212567 0.0027819065794143145 -0.0030613938213944758 0.0079384810409787784 0.0038272402485239111 0.0020962587757646935 0.00085266290461482328 0.00083818207646909064 -0.00022460125894484663 -0.000211174242924259 0.0019684794344489 0.0023359505559849662
leaf_weight=223 1185 21423 125 7674 1445 356 433 3000 1085 3101 1300 86 164 1631 2474 1104 426 109 408 3537 1037 109 237 604 1806 630 1017 523 486 306
leaf_count=223 1185 21423 125 7674 1445 356 433 3000 1085 3101 1300 86 164 1631 2474 1104 426 109 408 3537 1037 109 237 604 1806 630 1017 523 486 306
internal_value=5.16805e-05 -0.00165677 0.0220483 0.000295851 0.00486472 -0.00961828 0.0112138 -0.0132225 -0.00979218 -0.00494707 -0.00377894 -0.00100862 -0.000262983 -0.00513991 -0.00449605 0.00343888 0.00405222 -0.00414614 0.00589322 0.00453178 -0.00327586 -0.00902241 0.000242229 -0.00180804 0.0288581 0.0192763 -0.0205681 -0.0170874 0.0141787 -0.00141943
internal_weight=58044 53865 4179 43260 9605 10605 1618 5981 4085 4624 4401 33655 28514 5141 5055 6785 6621 1213 5408 4982 1445 2583 2472 2235 2561 755 1896 1540 1931 21729
internal_count=58044 53865 4179 43260 9605 10605 1618 5981 4085 4624 4401 33655 28514 5141 5055 6785 6621 1213 5408 4982 1445 2583 2472 2235 2561 755 1896 1540 1931 21729
is_linear=0
shrinkage=0.05


Tree=77
num_leaves=31
num_cat=0
split_feature=4 4 3 6 3 7 6 3 2 10 6 8 8 7 15 4 15 9 6 11 11 7 6 7 7 7 14 9 6 15
split_gain=873.087 293.931 126.193 119.985 88.4656 60.8592 59.0997 57.5624 47.2108 44.4565 42.6778 74.5672 71.3976 54.1005 53.429 43.5056 74.1259 40.8354 40.5531 40.518 38.2209 37.9887 57.8872 73.929 55.0918 64.9039 61.8948 46.2245 44.7784 77.2209
threshold=8.055000305175783 2.1350001096725468 11.794994831085207 952.25000000000011 10.850569725036623 -0.25707612931728357 957.25000000000011 1.6630246639251711 17.500000000000004 0.9170251488685609 959.25000000000011 0.88337317109107982 0.83987808227539074 0.33505657315254217 77.500000000000014 5.5450000762939462 37.500000000000007 0.34000000357627874 944.54998779296886 8.0500001907348651 3.6499999761581425 -0.97789707779884327 947.64999389648449 -0.019329105038195845 0.97316074371337902 0.99276849627494823 5.4249999523162851 12.454999923706056 952.95001220703136 22.500000000000004
decision_type=2 2 2 2 2 2 2 2 2 2 2 2 2 2 2 2 2 10 2 2 2 2 2 2 2 2 10 10 2 2
left_child=1 3 6 8 10 -4 -2 -5 20 -6 14 12 15 -13 21 16 -12 -9 -10 -7 -1 -3 23 -23 26 -26 28 -28 -24 -30
right_child=2 4 5 7 9 19 -8 17 18 -11 11 13 -14 -15 -16 -17 -18 -19 -20 -21 -22 22 24 -25 25 -27 27 -29 29 -31
leaf_value=-0.00029208720661107277 0.00025912180500246851 0.0013613010560425826 0.00074416962241608551 -0.00021165531024662813 0.00084972290366778233 0.00045185787171110885 0.00074079940967062283 -0.00027483094080590388 -0.00039282970949466037 0.00087342615990691492 -0.0020813327451784714 0.00094655355424096979 -0.0038718168817263644 0.0079731930603983737 -0.0014480440928053174 0.0019592161311508443 0.00033807142227096636 -0.0002126243848327192 0.00031481123016745759 0.00075635811431048474 -0.00015697074956472039 -0.0010439992020253755 0.00027140933814229532 0.0080031151703892061 -0.0043985044900703282 0.00028429485749591199 0.0010887391286896052 -0.010507826767710331 -0.001392752731467747 -0.00046007202236088008
leaf_weight=1206 974 2025 561 989 3037 121 279 315 1491 778 505 423 155 309 1733 1934 4350 6062 3041 2267 1142 6500 3488 450 390 445 9154 138 280 3481
leaf_count=1206 974 2025 561 989 3037 121 279 315 1491 778 505 423 155 309 1733 1934 4350 6062 3041 2267 1142 6500 3488 450 390 445 9154 138 280 3481
internal_value=2.67112e-05 -0.00168785 0.0219634 -0.00784506 0.000529308 0.0276066 0.0086248 -0.0122778 -0.00309368 0.00776178 -0.000243255 0.0030595 0.00145345 0.0181818 -0.00114636 0.00222991 -0.000298354 -0.0105218 -0.000110205 0.0310907 -0.00883978 -0.000586204 -0.00113436 -0.00498922 0.000408492 -0.0120833 0.00104255 0.00374314 -0.00241935 -0.00620021
internal_weight=58023 53821 4202 14246 39575 2949 1253 7366 6880 3815 35760 7676 6944 732 28084 6789 4855 6377 4532 2388 2348 26351 24326 6950 17376 835 16541 9292 7249 3761
internal_count=58023 53821 4202 14246 39575 2949 1253 7366 6880 3815 35760 7676 6944 732 28084 6789 4855 6377 4532 2388 2348 26351 24326 6950 17376 835 16541 9292 7249 3761
is_linear=0
shrinkage=0.05


Tree=78
num_leaves=31
num_cat=0
split_feature=3 5 3 9 15 3 6 6 8 15 2 11 9 12 14 9 12 13 7 15 14 7 15 6 12 8 8 6 6 15
split_gain=823.58 326.496 89.7864 77.5408 72.3685 84.6321 50.5559 49.3032 48.1623 36.188 35.4578 32.4087 48.9049 39.9619 35.5482 35.2272 32.3321 31.3896 54.8696 47.0857 48.9237 42.2354 41.5453 38.1978 38.82 33.3828 49.3962 34.0674 32.9425 30.8277
threshold=12.228630542755129 2.0049999952316289 8.8550095558166522 14.244999885559084 75.500000000000014 2.5539633035659794 948.35000610351574 952.04998779296886 1.0000000180025095e-35 34.500000000000007 18.500000000000004 7.0499999523162851 9.6549997329711932 0.36648726463317877 10.795000076293947 16.054999351501468 -0.13052122294902799 0.60355338454246532 -0.97415921092033375 24.500000000000004 7.9849998950958261 0.88234141469001781 40.500000000000007 942.25000000000011 -0.18222858756780622 0.85581842064857494 0.55601230263710033 954.75000000000011 947.45001220703136 13.500000000000002
decision_type=2 2 2 8 2 2 2 2 2 2 2 2 8 2 10 8 2 2 2 2 10 2 2 2 2 2 2 2 2 2
left_child=1 4 17 -2 5 7 -4 10 -6 16 -1 13 -13 15 -14 -8 -9 18 -3 20 25 23 -23 24 -21 26 29 28 -27 -20
right_child=3 2 6 -5 8 -7 11 9 -10 -11 -12 12 14 -15 -16 -17 -18 -19 19 21 -22 22 -24 -25 -26 27 -28 -29 -30 -31
leaf_value=-0.00024855859957494223 0.00067158560509295593 0.001940724454604112 -0.0012025831424534506 0.0008899980888114168 -0.00017251414960802684 -0.00019948714358774614 0.0013302565661655026 -5.4081482986073803e-05 -0.00019143890155573593 -0.00020032072077408531 -0.00013938206354332586 8.5836336040845401e-05 0.00098500772040270037 -0.0018669135227823181 0.00038578799614970852 0.0088243157556068211 -0.00020678405716983604 -0.00056061332602577697 -0.0013840635563708138 -0.0031687675212972166 0.0032257190936942851 -0.0024830148872376258 -0.00038301911397133401 0.00044634501333067566 0.0062445237151496904 -0.0050418683372326972 0.0013250244111418135 -0.0035765121506457845 -0.00022239720261198862 -0.00040653157240147899
leaf_weight=939 2705 1660 1974 1149 378 4595 2096 82 1112 1761 1263 1685 3568 946 1260 97 408 8267 662 304 605 192 2915 13000 96 94 458 163 344 3194
leaf_count=939 2705 1660 1974 1149 378 4595 2096 82 1112 1761 1263 1685 3568 946 1260 97 408 8267 662 304 605 192 2915 13000 96 94 458 163 344 3194
internal_value=2.06979e-05 -0.0015705 0.000339566 0.0223374 -0.009466 -0.00777643 0.00410111 -0.0126851 -0.0196656 -0.0178856 -0.00734028 0.0055918 0.00760203 0.00141539 0.0101593 0.00511829 -0.029899 -0.00102944 -0.00010341 -0.000764797 -0.00476018 0.000572311 -0.00467545 0.00179038 -0.0133333 -0.0064126 -0.00486224 -0.0174092 -0.00993228 -0.00670811
internal_weight=57972 54118 43580 3854 10538 9048 11626 4453 1490 2251 2202 9652 6513 3139 4828 2193 490 31954 23687 22027 5520 16507 3107 13400 400 4915 4314 601 438 3856
internal_count=57972 54118 43580 3854 10538 9048 11626 4453 1490 2251 2202 9652 6513 3139 4828 2193 490 31954 23687 22027 5520 16507 3107 13400 400 4915 4314 601 438 3856
is_linear=0
shrinkage=0.05


Tree=79
num_leaves=31
num_cat=0
split_feature=4 5 4 4 12 6 6 8 13 8 8 13 7 15 7 7 8 6 8 15 6 15 9 12 7 8 7 8 7 7
split_gain=803.608 327.119 99.5445 79.0888 72.0392 70.0403 61.9337 50.4088 46.9886 48.9738 52.8455 40.1868 39.1413 38.7828 37.5473 47.51 33.6633 33.5664 33.3574 33.2179 36.9002 32.1168 31.9947 51.7637 53.0063 83.6694 42.0279 54.4577 58.1703 66.5982
threshold=8.055000305175783 2.0049999952316289 9.2550001144409197 5.7249999046325692 -0.19936034083366391 960.35000610351574 948.85000610351574 0.99805629253387462 -0.6035533845424651 1.0000000180025095e-35 -0.46296662092208857 -0.37940952181816096 0.11791723221540452 82.500000000000014 0.88234141469001781 0.86564558744430553 -0.80825239419937123 959.64999389648449 0.97745609283447277 55.500000000000007 953.64999389648449 36.500000000000007 4.5750000476837167 0.19936034083366397 0.16894881427288058 -0.97653719782829274 0.25293653458356863 0.89129894971847545 0.49128657579422003 0.46866798400878912
decision_type=2 2 2 2 2 2 2 2 2 2 2 2 2 2 2 2 2 2 2 2 2 2 8 2 2 2 2 2 2 2
left_child=1 4 6 14 13 7 -2 18 -6 10 19 16 -4 -1 15 22 -7 -8 -5 20 -10 -16 -3 24 -24 -26 -27 28 29 -28
right_child=2 3 12 5 8 11 17 -9 9 -11 -12 -13 -14 -15 21 -17 -18 -19 -20 -21 -22 -23 23 -25 25 26 27 -29 -30 -31
leaf_value=-0.00020479636901584269 0.00020635497703293539 -0.0002450306007155419 0.00061002639797541342 0.00041100565980761174 -0.00017918154995583344 -0.00039959552339157713 0.00047133981711736106 0.0037957036621403596 -0.00020754615991387993 -0.0002045693215831192 0.00010238451477926625 0.00074975916600150683 0.00095231455110932897 -0.00027788907565590376 -0.0025005713954848307 0.0025414911222155522 0.0017480870689265738 0.00074705172095037577 -0.0039391120292396773 -9.429963716034857e-05 -0.0001956170584031275 -0.00065635866834504457 2.1445981334966557e-05 -0.00061004993861893885 0.01437649070112041 -0.0020819057237895264 -0.00035373930326770624 0.0062226937764102014 0.0017855745679131963 -0.0058488436590076768
leaf_weight=4826 574 6898 718 9605 1240 129 1631 191 691 1855 556 1606 620 314 150 357 773 611 494 355 722 4429 8627 6248 216 244 551 617 1944 128
leaf_count=4826 574 6898 718 9605 1240 129 1631 191 691 1855 556 1606 620 314 150 357 773 611 494 355 722 4429 8627 6248 216 244 551 617 1944 128
internal_value=-8.80449e-05 -0.00172584 0.0210868 0.00020249 -0.00961284 0.00349918 0.0157037 0.00167071 -0.0136338 -0.0161687 -0.0112924 0.0109829 0.0323157 -0.00536443 -0.00118531 -0.000445133 0.0194046 0.0194482 0.0011827 -0.0155104 -0.0189351 -0.00535558 -0.000700604 0.00037944 0.00225835 0.00726046 0.0053597 0.00687211 0.00371005 -0.00884503
internal_weight=57920 53766 4154 43207 10559 12798 2816 10290 5419 4179 2324 2508 1338 5140 30409 25830 902 2242 10099 1768 1413 4579 25473 18575 12327 3700 3484 3240 2623 679
internal_count=57920 53766 4154 43207 10559 12798 2816 10290 5419 4179 2324 2508 1338 5140 30409 25830 902 2242 10099 1768 1413 4579 25473 18575 12327 3700 3484 3240 2623 679
is_linear=0
shrinkage=0.05


Tree=80
num_leaves=31
num_cat=0
split_feature=4 5 3 4 12 7 7 10 12 11 8 8 7 7 8 7 7 4 14 8 8 7 11 7 9 8 10 7 7 15
split_gain=779.355 290.962 123.025 82.3937 73.9122 56.6375 56.1345 59.4973 65.5993 54.3502 46.4411 44.7577 60.0433 37.0768 38.9478 36.6386 74.8278 35.9424 34.1686 33.397 98.0103 54.4652 47.5617 39.4392 41.4662 32.053 49.1668 34.3496 49.5173 46.1109
threshold=8.055000305175783 2.0049999952316289 11.68327045440674 6.2049999237060556 -0.13052122294902799 -0.17316619306802747 0.91947823762893688 0.87032255530357372 0.41467745602130895 12.84999990463257 -0.20061247795820233 1.0000000180025095e-35 0.88234141469001781 0.9905582368373872 -0.064414007589220987 0.63967129588127147 0.55713060498237621 9.2550001144409197 1.575000047683716 -0.99351876974105824 -0.97653719782829274 0.16894881427288058 3.5499999523162846 -0.045113071799278252 8.2849998474121112 -0.95444580912590016 -0.49240480363368982 0.88234141469001781 0.86564558744430553 32.500000000000007
decision_type=2 2 2 2 2 2 2 2 2 2 2 2 2 2 2 2 2 2 10 2 2 2 2 2 10 2 2 2 2 2
left_child=1 4 -2 19 18 9 -5 10 13 -4 -8 12 15 -9 -15 16 -6 -7 -1 23 21 22 -21 -3 -25 26 -22 28 -27 -29
right_child=2 3 5 6 11 17 7 8 -10 -11 -12 -13 -14 14 -16 -17 -18 -19 -20 20 25 -23 -24 24 -26 27 -28 29 -30 -31
leaf_value=-0.00022523981996746577 0.00030229682604503985 -0.00209795934391694 -0.0014052244469183713 0.00046409389789630608 -0.000188599536967119 0.00060713276905682292 0.0011975268841226878 0.0022194634971561601 0.00099567508069218764 0.0007989282153682526 -0.0030368774870878443 -0.00018775677599468222 0.00036281590482422027 -0.0030853119136986435 0.0036600826079309342 -0.00018473464561699488 0.0039888427489717165 0.00074871228492495723 -0.00014823853324478451 -0.0016554541801166015 -0.00012982330315995192 0.012031835952526285 0.0022282349364293129 0.00048707524196682441 -0.0055889406768980972 -8.7913149700853896e-05 -0.0021428065492493319 -0.0033605002588460234 0.0031272681385157361 -0.00060423205156636425
leaf_weight=1582 1187 370 124 7783 1885 1338 210 471 442 668 464 2312 342 88 150 517 95 881 3874 149 639 424 740 655 168 24648 366 91 367 5027
leaf_count=1582 1187 370 124 7783 1885 1338 210 471 442 668 464 2312 342 88 150 517 95 881 3874 149 639 424 740 655 168 24648 366 91 367 5027
internal_value=-6.11415e-05 -0.00167923 0.0206757 0.000141018 -0.00909819 0.0260444 0.00422345 0.0121038 0.0189879 0.0144291 0.000294551 -0.0133922 -0.00915963 0.0283613 0.0119342 -0.0118505 -0.00871537 0.0301484 -0.00503571 -0.00102529 -0.000722517 0.0126328 0.00553691 -0.00922371 -0.00307971 -0.00128761 -0.0100495 -0.000993762 -0.000229816 -0.00472379
internal_weight=58057 53859 4198 43252 10607 3011 9608 1825 1151 792 674 5151 2839 709 238 2497 1980 2219 5456 33644 32451 1313 889 1193 823 31138 1005 30133 25015 5118
internal_count=58057 53859 4198 43252 10607 3011 9608 1825 1151 792 674 5151 2839 709 238 2497 1980 2219 5456 33644 32451 1313 889 1193 823 31138 1005 30133 25015 5118
is_linear=0
shrinkage=0.05


Tree=81
num_leaves=31
num_cat=0
split_feature=3 5 4 4 6 12 10 12 9 10 7 11 2 13 6 9 10 7 7 7 7 7 7 7 3 6 4 10 12 7
split_gain=766.466 313.363 98.757 85.2717 76.6512 75.1674 53.4004 63.8791 46.3958 45.9197 43.3943 50.9487 43.3331 33.6942 32.8977 39.5335 32.5256 33.219 33.1403 31.5781 37.7879 58.929 55.6825 53.2335 54.1384 38.8108 36.7068 46.0539 31.0052 53.465
threshold=12.345750331878664 1.985000014305115 8.1050000190734881 6.2049999237060556 960.25000000000011 -0.3172925859689712 0.94828754663467418 -0.026175950653851029 4.0250000953674325 0.97625884413719188 -0.23208956420421598 12.84999990463257 28.500000000000004 0.12940952181816109 963.45001220703136 3.804999947547913 0.94828754663467418 0.96693778038024913 0.53553086519241344 -0.98994910717010487 0.28604298830032354 0.46105717122554785 0.49128657579422003 0.2027285918593407 7.4990701675415048 943.14999389648449 2.1700000762939458 0.9170251488685609 -0.44618082046508784 -0.5677773356437682
decision_type=2 2 2 2 2 2 2 2 10 2 2 2 2 2 2 10 2 2 2 2 2 2 2 2 2 2 2 2 2 2
left_child=1 5 -2 13 6 14 -5 -8 12 -9 11 -4 -7 19 -1 -16 17 18 -6 -3 23 -22 -23 25 -25 -21 -24 -28 -15 -30
right_child=2 3 10 4 16 8 7 9 -10 -11 -12 -13 -14 28 15 -17 -18 -19 -20 20 21 22 26 24 -26 -27 27 -29 29 -31
leaf_value=-0.00019131516550283234 0.00065093026424551401 0.0021169821657150583 -0.0017253641066946159 5.4019351888950911e-06 0.0016461535798443063 -0.00017916956011876305 -0.0048248680798469853 0.0004622943962119597 -0.00014967087983192679 0.0012499310509170693 0.00066342260950631455 0.00070430386070809983 -0.0001586376288687251 0.0004377855515587635 -0.00024168408674327168 0.0012575037949567039 0.00085362707982566954 0.0017992594001319251 3.7491165480316174e-05 -0.0011910109571060202 0.0030015271330653217 -0.0036457639187982361 -0.00034757898347526013 -0.0026978121631094781 0.00080029010435233314 2.3139602700757591e-05 6.1753303778799143e-05 0.0023677336990567625 0.00028237279613128403 -0.00072707952876175687
leaf_weight=4253 1143 758 91 6560 389 3033 224 1043 882 493 1933 489 1807 3094 187 96 313 397 846 1531 1266 195 725 366 192 8925 4102 1333 3182 8017
leaf_count=4253 1143 758 91 6560 389 3033 224 1043 882 493 1933 489 1807 3094 187 96 313 397 846 1531 1266 195 725 366 192 8925 4102 1333 3182 8017
internal_value=-9.93606e-05 -0.00159461 0.0220432 0.000242288 0.00423077 -0.00946117 0.00213814 0.00985836 -0.0132705 0.0134977 0.0275814 0.0153846 -0.0151909 -0.000973554 -0.00464655 -0.0210069 0.0131538 0.0102627 0.00616935 0.00038406 -2.41416e-05 0.00268162 0.000715409 -0.00189672 -0.0168739 -0.00108976 0.00155718 0.00296875 -0.00281508 -0.00403874
internal_weight=57865 54209 3656 43951 10265 10258 8320 1760 5722 1536 2513 580 4840 33686 4536 283 1945 1632 1235 19393 18635 7621 6355 11014 558 10456 6160 5435 14293 11199
internal_count=57865 54209 3656 43951 10265 10258 8320 1760 5722 1536 2513 580 4840 33686 4536 283 1945 1632 1235 19393 18635 7621 6355 11014 558 10456 6160 5435 14293 11199
is_linear=0
shrinkage=0.05


Tree=82
num_leaves=31
num_cat=0
split_feature=3 5 4 6 10 4 6 6 8 3 15 15 8 13 14 15 6 10 11 10 6 9 6 6 15 2 8 2 8 9
split_gain=618.266 271.89 111.224 62.7578 62.425 60.4982 56.908 56.5376 53.5528 58.6408 56.1135 40.3254 67.0433 44.6787 38.4923 36.5396 34.9645 34.1943 59.439 32.0015 31.3819 31.0494 29.2505 41.8284 38.8715 28.6833 27.0622 37.0244 36.1165 27.4683
threshold=11.794994831085207 1.985000014305115 8.1050000190734881 952.04998779296886 0.9238443672657014 6.2049999237060556 939.64999389648449 960.35000610351574 1.0000000180025095e-35 2.6820437908172612 60.500000000000007 35.500000000000007 0.88337317109107982 -0.6035533845424651 3.9050000905990605 59.500000000000007 958.14999389648449 -0.74892720580101002 9.7500000000000018 -0.98321744799613942 967.14999389648449 14.454999923706056 950.85000610351574 944.14999389648449 27.500000000000004 18.500000000000004 -0.98009455204009999 42.500000000000007 -0.15409970283508298 3.6149998903274541
decision_type=2 2 2 2 2 2 2 2 2 2 2 2 2 2 10 2 2 2 2 2 2 8 2 2 2 2 2 2 2 10
left_child=1 3 20 6 15 -3 -1 17 9 10 -5 -10 13 -13 19 -4 -14 21 -19 -8 -2 22 23 -7 -25 -21 -11 28 29 -28
right_child=2 5 4 8 -6 7 14 -9 11 26 -12 12 16 -15 -16 -17 -18 18 -20 25 -22 -23 -24 24 -26 -27 27 -29 -30 -31
leaf_value=-0.000380609083393154 0.00055449725021758931 -0.00012371666938602033 0.00045018304522203569 -0.00016866440361351377 0.0006680854813830517 0.0019192761058172969 -0.00022431371329533812 0.0011566983297690125 -0.00023424639826618318 0.0018153379924609348 2.935593436085831e-05 -0.00013917734329624566 -0.00019909193463502097 -0.00016325414234548308 0.00065579007085595983 0.00069989239988546006 0.00080709164354252148 0.00011240733304224149 0.00086905867646953081 -0.00021315329718933553 0.00065651999959434051 -0.0049291199935997277 0.00083760926690544806 -0.0045802265973816318 -0.00022502477492727103 7.5937240091263333e-05 -0.00030797182366717525 0.0022954324155518035 0.0010228867529988208 -0.00015659923807159688
leaf_weight=218 1763 33763 1126 1152 762 469 847 1647 212 184 456 462 461 1387 619 986 247 2853 1583 1063 173 115 1337 629 574 1726 450 177 96 456
leaf_count=218 1763 33763 1126 1152 762 469 847 1647 212 184 456 462 461 1387 619 986 247 2853 1583 1063 173 115 1337 629 574 1726 450 177 96 456
internal_value=-8.53478e-05 -0.00163853 0.0170717 -0.00896947 0.0233067 0.000104712 -0.00452211 0.00369627 -0.0124282 -0.0077453 -0.0141971 -0.0174297 -0.0156323 -0.0206311 -0.0032277 0.0188002 -0.00252454 0.00186385 0.00468363 -0.00519088 0.0077795 -0.00214126 -0.00114466 -0.00554562 -0.0104719 -0.00259485 -0.000109649 -0.00291385 -0.00665343 -0.00976948
internal_weight=57993 53183 4810 10213 2874 42970 4473 9207 5740 2971 1608 2769 2557 1849 4255 2112 708 7560 4436 3636 1936 3124 3009 1672 1203 2789 1363 1179 1002 906
internal_count=57993 53183 4810 10213 2874 42970 4473 9207 5740 2971 1608 2769 2557 1849 4255 2112 708 7560 4436 3636 1936 3124 3009 1672 1203 2789 1363 1179 1002 906
is_linear=0
shrinkage=0.05


Tree=83
num_leaves=31
num_cat=0
split_feature=3 5 4 12 7 6 10 8 10 12 13 12 6 9 6 11 12 8 13 5 8 10 13 7 12 12 9 11 8 7
split_gain=506.449 265.31 114.684 76.9281 69.0977 54.5259 42.5655 41.8246 40.8573 54.3458 43.0121 44.4976 40.3652 36.1509 35.4946 33.9581 33.2741 44.3752 40.0265 32.9884 42.622 41.4142 80.0476 57.2026 60.5046 52.6207 54.3944 44.0301 35.3909 34.2621
threshold=10.850569725036623 1.985000014305115 8.1050000190734881 -0.18222858756780622 -0.019329105038195845 951.45001220703136 0.94828754663467418 -0.59055599570274342 0.94828754663467418 -0.21643137186765668 -0.6035533845424651 0.49240480363368994 963.64999389648449 0.7150000035762788 939.64999389648449 11.84999990463257 -0.44618082046508784 0.9998425841331483 -0.91597560048103321 4.0116667747497567 0.96413835883140575 -0.71322327852249134 0.12940952181816109 -0.38713158667087549 0.46173103153705602 0.36648726463317877 1.0099999904632571 8.4499998092651385 0.99805629253387462 0.25293653458356863
decision_type=2 2 2 2 2 2 2 2 2 2 2 2 2 10 2 2 2 2 2 2 2 2 2 2 2 2 10 2 2 2
left_child=1 3 6 12 15 14 -2 -6 16 -10 11 -11 -1 -7 -5 -4 18 19 -3 -18 21 25 29 27 -25 26 -21 -24 -22 -23
right_child=2 8 4 5 7 13 -8 -9 9 10 -12 -13 -14 -15 -16 -17 17 -19 -20 20 28 22 23 24 -26 -27 -28 -29 -30 -31
leaf_value=-0.0001660841850455207 0.00054584499068751908 -0.0012475343815735035 -0.00078563087574884394 -0.00028075077382226036 0.00022281318051889376 -0.00016036161431434685 0.0007700120516852927 0.00071707824723662994 -0.0011917189958547466 0.0026311084458846921 0.00032565281088601242 -0.00014440849529789127 -0.00021631829846844675 -0.00015176324112659638 -0.00015136918320988156 0.00044716859530009038 -0.00033818168948155015 0.0061554446191409125 0.00069607187894215607 -0.0042691701205262843 -0.0035950154391870036 0.0053797844371713923 -0.00029910305781257336 0.00024583531595669117 -0.0041076960854916243 -0.0029036111000529941 0.00013206994683696293 0.0045088070023255548 0.0023094423750211423 0.0019684419683282674
leaf_weight=4797 3626 1393 184 97 551 598 318 1496 1152 988 3342 265 308 2923 1593 1113 12899 138 7453 200 728 693 388 1278 897 735 5248 307 154 2090
leaf_count=4797 3626 1393 184 97 551 598 318 1496 1152 988 3342 265 308 2923 1593 1113 12899 138 7453 200 728 693 388 1278 897 735 5248 307 154 2090
internal_value=-0.000403748 -0.00217687 0.0119155 -0.00933049 0.018722 -0.0136024 0.00612813 0.0244396 -0.000346938 0.00355529 0.00598913 0.0138712 -0.00496086 -0.0171441 -0.00619469 0.00963902 -0.000995492 -0.00190411 0.00164953 -0.00205878 -0.000251513 0.000540495 0.00363203 -0.00222609 -0.0062156 -0.00228668 -0.000586833 0.0102143 -0.010823 0.00966643
internal_weight=57952 50664 7288 10316 3344 5211 3944 2047 40348 5747 4595 1253 5105 3521 1690 1297 34601 25755 8846 25617 12718 11836 5653 2870 2175 6183 5448 695 882 2783
internal_count=57952 50664 7288 10316 3344 5211 3944 2047 40348 5747 4595 1253 5105 3521 1690 1297 34601 25755 8846 25617 12718 11836 5653 2870 2175 6183 5448 695 882 2783
is_linear=0
shrinkage=0.05


Tree=84
num_leaves=31
num_cat=0
split_feature=4 5 7 0 6 6 4 6 12 6 11 13 11 10 7 7 8 9 6 8 7 13 12 6 6 7 7 7 10 13
split_gain=432.055 265.618 75.6414 70.9862 69.6055 62.9687 59.9465 58.5408 55.457 54.2992 51.0799 43.758 43.0299 36.3403 34.15 37.5692 33.5935 46.5269 32.5536 31.4669 62.4883 30.8012 36.2498 30.7386 34.5577 36.8615 89.5843 54.2758 34.7192 33.8859
threshold=8.055000305175783 1.985000014305115 0.91258591413497936 1.0000000180025095e-35 951.64999389648449 948.85000610351574 6.2049999237060556 960.35000610351574 -0.13052122294902799 939.64999389648449 11.949999809265138 -0.7865660786628722 3.7500000000000004 -0.80382624268531788 0.97697007656097423 0.9905582368373872 -0.50432845950126637 14.244999885559084 963.45001220703136 1.0000000180025095e-35 0.88234141469001781 -0.37940952181816096 -0.30069434642791742 943.35000610351574 948.45001220703136 0.98049062490463268 0.91947823762893688 0.99276849627494823 0.97233289480209362 -0.37940952181816096
decision_type=2 2 2 2 2 2 2 2 2 2 2 2 2 2 2 2 2 10 2 2 2 2 2 2 2 2 2 2 2 2
left_child=1 4 3 16 9 -5 -3 23 18 -1 -7 -10 13 -11 -9 -16 17 -2 -6 20 -13 -4 -23 -8 -25 26 28 -27 -26 -29
right_child=2 6 21 5 8 10 7 14 11 12 -12 19 -14 -15 15 -17 -18 -19 -20 -21 -22 22 -24 24 25 27 -28 29 -30 -31
leaf_value=-0.00032336974454585417 2.4315888404036202e-05 -0.00012449315369605346 0.00092113738405814058 -0.0001069818739815709 -0.00012199438164030253 0.00049344844125903675 0.0033012824751536998 0.00054537637757385855 -0.0001369691544051576 -0.00022068906235016224 0.00094218036921429611 -0.00014884599871429926 0.00044800539961026026 3.5248733184098685e-05 0.0026294573540064647 0.00082823976917354445 0.0001500804314238602 -6.116475643300201e-05 -0.00020090541647722502 -0.000147205397054909 0.00031048330946113967 -0.0018483647888042467 0.00086727877929047576 -0.0018862019711202384 0.00011390665055511785 -0.011317542647407893 0.0032576867780843874 0.0060990320656243713 0.0012563588126875914 -0.0033210885758756248
leaf_weight=220 468 33915 243 328 2224 368 551 1555 562 1797 984 1172 957 1360 231 186 1140 158 351 1392 232 89 449 1679 4269 194 468 101 297 160
leaf_count=220 468 33915 243 328 2224 368 551 1555 562 1797 984 1172 957 1360 231 186 1140 158 351 1392 232 89 449 1679 4269 194 468 101 297 160
internal_value=-0.000461234 -0.00166951 0.014922 0.0117068 -0.00890284 0.0190504 3.4395e-05 0.00350144 -0.01242 -0.00407928 0.0238025 -0.0166518 -0.00276766 -0.00558191 0.0111786 0.0238152 0.00468662 -0.00459588 -0.00687984 -0.0192074 -0.0138396 0.028944 0.0219153 0.00153418 0.000655235 0.00257554 0.00381028 -0.0109783 0.00166266 0.00394737
internal_weight=58100 53873 4227 3446 10267 1680 43606 9691 5933 4334 1352 3358 4114 3157 1972 417 1766 626 2575 2796 1404 781 538 7719 7168 5489 5034 455 4566 261
internal_count=58100 53873 4227 3446 10267 1680 43606 9691 5933 4334 1352 3358 4114 3157 1972 417 1766 626 2575 2796 1404 781 538 7719 7168 5489 5034 455 4566 261
is_linear=0
shrinkage=0.05


Tree=85
num_leaves=31
num_cat=0
split_feature=3 5 3 0 8 12 10 6 8 7 13 13 13 15 10 12 12 8 13 6 14 6 8 14 7 3 14 11 11 8
split_gain=415.9 267.101 87.4307 78.5022 77.777 77.2538 58.8587 53.8024 50.9696 40.8144 38.9121 38.4451 40.8061 35.5191 35.0817 52.6436 53.3072 41.1159 37.7067 34.8957 34.477 32.9094 31.5837 31.5305 29.9905 32.6015 29.7661 29.6485 29.4483 32.8708
threshold=10.850569725036623 2.0049999952316289 13.166532993316652 1.0000000180025095e-35 -0.40097093582153315 -0.13052122294902799 0.94828754663467418 951.45001220703136 0.98704001307487499 -0.464854747056961 0.91597560048103344 -0.7865660786628722 0.78656607866287243 82.500000000000014 0.94828754663467418 -0.21643137186765668 0.53727915883064281 0.96962100267410289 -0.6035533845424651 940.14999389648449 1.575000047683716 946.95001220703136 -0.20061247795820233 4.8750000000000009 0.42250764369964605 8.2537126541137713 8.2150001525878924 3.1499999761581425 6.6499998569488534 1.0000000180025095e-35
decision_type=2 2 2 2 2 2 2 2 2 2 2 2 2 2 2 2 2 2 2 2 10 2 2 10 2 2 10 2 2 2
left_child=1 5 6 4 -4 13 -2 19 -6 -5 14 -9 -13 20 -3 -16 17 18 -17 -7 -1 22 23 -12 25 -23 28 -21 29 -26
right_child=2 10 3 9 8 7 -8 11 -10 -11 21 12 -14 -15 15 16 -18 -19 -20 27 -22 24 -24 -25 26 -27 -28 -29 -30 -31
leaf_value=-0.00018217876779350192 0.0004152429521320972 -3.6679841688358475e-05 -4.6019373785138876e-05 0.00070440578915820511 0.00038789628290101245 -0.00023206778075793657 0.00055454068667465384 -0.00013336107258942205 -3.3630476919419004e-05 0.00088928993745783784 0.0012341247180440518 -0.00015132147170034078 -0.00012850859874174249 -0.00021758013957284985 -0.0011292342139689888 0.0029092267499639308 -0.00011262518591595821 -0.0006189273212463376 0.00078762866153626269 -0.00018465314124823333 -8.807255218022813e-05 -0.00051405836548457692 -0.0026241990612520319 -0.0036135046360187164 0.00034795872357595002 0.0050590032362320932 -0.004956391887930487 0.00016891909634060323 0.0050833857898289498 -0.0015776906360643614
leaf_weight=1497 4326 30499 287 128 707 118 675 589 154 1000 243 1929 995 342 979 876 1337 397 1542 806 3614 1455 444 262 582 631 198 736 117 583
leaf_count=1497 4326 30499 287 128 707 118 675 589 154 1000 243 1929 995 342 979 876 1337 397 1542 806 3614 1455 444 262 582 631 198 736 117 583
internal_value=-0.00048404 -0.00208662 0.0106907 0.0188075 0.00954033 -0.00913367 0.00698162 -0.0135091 0.0170323 0.0281553 -0.000220423 -0.0170125 -0.0193581 -0.00497435 0.000333941 0.00415693 0.00661535 0.0105142 0.0129591 -0.00606607 -0.00391908 -0.00459071 -0.0128407 -0.00421569 -0.00238029 0.00148254 -0.00781145 -0.00400776 -0.0049728 -0.00739316
internal_weight=58048 50771 7277 2276 1148 10626 5001 5173 861 1128 40145 3513 2924 5453 35630 5131 4152 2815 2418 1660 5111 4515 949 505 3566 2086 1480 1542 1282 1165
internal_count=58048 50771 7277 2276 1148 10626 5001 5173 861 1128 40145 3513 2924 5453 35630 5131 4152 2815 2418 1660 5111 4515 949 505 3566 2086 1480 1542 1282 1165
is_linear=0
shrinkage=0.05


Tree=86
num_leaves=31
num_cat=0
split_feature=3 5 6 4 0 7 7 3 8 6 7 8 13 14 5 10 13 11 7 13 6 2 10 14 6 7 8 7 8 7
split_gain=400.266 266.932 70.2708 69.5493 72.5512 74.6933 69.2132 58.0962 49.9411 48.0491 37.8314 36.324 38.9503 35.388 35.3311 50.8963 74.963 49.3086 57.3827 54.5978 36.8097 34.1988 34.9522 34.2934 33.0054 32.1265 41.1019 29.6582 42.501 33.9974
threshold=11.68327045440674 2.0049999952316289 952.04998779296886 8.1050000190734881 1.0000000180025095e-35 -0.464854747056961 0.86564558744430553 2.1336435079574589 1.0000000180025095e-35 940.64999389648449 0.58534687757492077 0.84908413887023937 -0.6035533845424651 1.0149999856948855 3.9116667509078984 0.89490029215812694 -0.6035533845424651 8.9499998092651385 -0.41079147160053248 0.12940952181816109 947.14999389648449 18.500000000000004 -0.9366365075111388 4.1349999904632577 948.04998779296886 0.88234141469001781 -0.98009455204009999 -0.15621076524257657 -0.82801559567451466 0.42250764369964605
decision_type=2 2 2 2 2 2 2 2 2 2 2 2 2 10 2 2 2 2 2 2 2 2 2 10 2 2 2 2 2 2
left_child=1 2 9 -2 6 -6 10 -4 25 -1 -5 12 13 -10 -3 -16 24 -18 20 -20 -19 -11 23 -23 -17 26 -9 -26 29 -29
right_child=3 14 7 4 5 -7 -8 8 11 21 -12 -13 -14 -15 15 16 17 18 19 -21 -22 22 -24 -25 27 -27 -28 28 -30 -31
leaf_value=-0.00034569610052438953 0.00043030759008201304 -0.00016406521240381385 -0.00013058945281404651 0.00010400969107193792 -0.00033081652685762746 0.00085435193337687898 0.00045932511327035632 0.00063011977031161696 0.0020956440976067389 -0.00017385073939289237 -3.5916153625398243e-05 -0.0001521021743376096 -0.00017849224969520756 -0.00016467494143352181 -0.00012157528584439277 -0.0015059896765631604 -0.00037853516046266192 0.0028136730171309382 0.00057719197233980222 -0.0007854679744372623 0.0025585297476953153 -0.00023349492250341027 0.00042589891409659331 0.0023784872339533084 0.0069288250876460974 0.00031367289081557438 -0.00018566674115749141 0.00077465904088984058 0.00267479112985628 -0.0043189672917687385
leaf_weight=339 2063 21114 1926 1030 200 1248 342 316 89 1547 116 615 1050 272 13743 162 3679 485 828 542 433 937 1636 150 169 525 1202 146 1097 81
leaf_count=339 2063 21114 1926 1030 200 1248 342 316 89 1547 116 615 1050 272 13743 162 3679 485 828 542 433 937 1636 150 169 525 1202 146 1097 81
internal_value=-0.000538847 -0.00181303 -0.00890753 0.0129796 0.0179191 0.0258775 0.0101139 -0.012475 -0.00906971 -0.00425878 0.00417029 -0.0146233 -0.0190325 -0.00478142 -4.1192e-05 0.00139214 0.00466763 0.00205124 0.00780637 0.00130909 0.0174431 -0.00280702 0.000568182 -0.00636447 0.0140663 -0.00354004 -0.00722259 0.0163885 0.0137698 -0.00581897
internal_weight=58082 53083 10604 4999 2936 1448 1488 5995 4069 4609 1146 2026 1411 361 42479 21365 7622 5967 2288 1370 918 4270 2723 1087 1655 2043 1518 1493 1324 227
internal_count=58082 53083 10604 4999 2936 1448 1488 5995 4069 4609 1146 2026 1411 361 42479 21365 7622 5967 2288 1370 918 4270 2723 1087 1655 2043 1518 1493 1324 227
is_linear=0
shrinkage=0.05


Tree=87
num_leaves=31
num_cat=0
split_feature=3 5 12 0 4 6 8 8 7 13 6 2 3 8 7 3 6 10 7 12 9 13 10 8 6 5 13 7 10 6
split_gain=410.521 261.68 75.5641 73.913 88.3113 58.6422 57.3019 57.589 56.3212 50.5021 44.1401 44.0232 37.6473 36.5555 59.4712 35.9739 44.5378 35.3172 33.1019 37.6003 48.2324 32.706 32.1081 29.6864 29.2507 28.9617 28.6459 29.289 35.3015 33.5582
threshold=11.579324722290041 2.0049999952316289 -0.13052122294902799 1.0000000180025095e-35 8.7349996566772479 951.54998779296886 -0.36523833870887751 -0.20061247795820233 -0.464854747056961 -0.7865660786628722 963.45001220703136 19.500000000000004 15.08091974258423 1.0000000180025095e-35 0.88234141469001781 8.3825855255126971 948.75000000000011 0.94260558485984813 -0.45724393427371973 0.36648726463317877 15.25500011444092 0.12940952181816109 0.30069434642791754 0.15855792164802554 965.04998779296886 1.4583333730697634 0.78656607866287243 -0.97415921092033375 0.63605400919914257 945.95001220703136
decision_type=2 2 2 2 2 2 2 2 2 2 2 2 2 2 2 2 2 2 2 2 8 2 2 2 2 2 2 2 2 2
left_child=1 2 10 6 17 22 12 -8 -6 -7 11 -1 -2 14 -11 26 -17 -5 -18 20 -20 23 -4 -21 -9 -13 27 28 29 -3
right_child=3 15 5 4 8 9 7 24 -10 13 -12 25 -14 -15 -16 16 18 -19 19 21 -22 -23 -24 -25 -26 -27 -28 -29 -30 -31
leaf_value=-0.00019165184775376604 5.2547508629097184e-06 0.00094037511385910923 -0.00016998799968540306 0.00073860218613324986 0.0004787373851753929 -0.00011595256288744437 0.00059105908117100265 0.0001097531861265988 0.00080788925721184124 -0.00013102916587816698 -0.0001802843912286108 -0.00013187663724782659 -6.6495209973993494e-05 -0.00013001030616467828 0.00028540907900401549 -0.0012752023771186284 0.0017920456618396351 0.00082970000828220538 0.00058178919986197624 -0.00023257506946807173 0.0049816248794691213 -0.0015784408874479504 0.0001026900717093271 0.003353051396937437 0.0005188335900414454 0.00031025704731935241 -0.00065129531626549608 -9.6428382799026993e-05 0.0036689820935521416 -0.0018849059461429609
leaf_weight=1690 763 1139 946 1406 136 571 313 1347 841 1219 365 1245 101 1431 240 2527 1322 198 5821 744 239 1570 735 428 147 2096 5359 22513 415 250
leaf_count=1690 763 1139 946 1406 136 571 313 1347 841 1219 365 1245 101 1431 240 2527 1322 198 5821 744 239 1570 735 428 147 2096 5359 22513 415 250
internal_value=-0.000580675 -0.00190562 -0.00895381 0.0127449 0.0187742 -0.0132893 0.00689462 0.0119481 0.0306008 -0.0170081 -0.00481392 -0.00358419 -0.00368239 -0.0196891 -0.0140369 -0.000150005 0.00208202 0.0114978 0.00356402 0.00245259 0.00464963 -0.00240262 -0.00560498 0.00390824 0.0078052 -0.000254035 -0.00110171 -0.000372091 0.00574903 0.001901
internal_weight=58117 52865 10538 5252 2581 5142 2671 1807 977 3461 5396 5031 864 2890 1459 42327 12651 1604 10124 8802 6060 2742 1681 1172 1494 3341 29676 24317 1804 1389
internal_count=58117 52865 10538 5252 2581 5142 2671 1807 977 3461 5396 5031 864 2890 1459 42327 12651 1604 10124 8802 6060 2742 1681 1172 1494 3341 29676 24317 1804 1389
is_linear=0
shrinkage=0.05


Tree=88
num_leaves=31
num_cat=0
split_feature=3 3 0 4 11 3 8 8 2 13 15 11 6 3 6 6 15 2 15 6 15 8 10 11 12 6 3 8 13 14
split_gain=366.38 177.953 69.5396 80.6417 58.8254 54.8412 49.7522 61.0127 36.1643 35.3918 42.7127 35.286 34.5455 33.521 31.9152 31.2826 35.3409 31.2788 31.2268 31.1998 30.4431 42.6063 58.8074 77.7086 48.931 59.1004 33.5953 30.4265 29.3854 29.5793
threshold=11.579324722290041 2.7582964897155766 1.0000000180025095e-35 8.1050000190734881 3.2500000000000004 1.7241498827934267 -0.36523833870887751 -0.20061247795820233 5.5000000000000009 0.91597560048103344 25.500000000000004 5.8500001430511483 948.75000000000011 15.08091974258423 949.64999389648449 952.95001220703136 90.500000000000014 5.5000000000000009 32.500000000000007 953.04998779296886 24.500000000000004 0.85581842064857494 0.68832838535308849 7.6499998569488534 0.33379416167736059 944.35000610351574 9.3776688575744647 0.090250775218009963 -0.7865660786628722 3.4550000429153447
decision_type=2 2 2 2 2 2 2 2 2 2 2 2 2 2 2 2 2 2 2 2 2 2 2 2 2 2 2 2 2 10
left_child=1 5 6 -4 8 14 13 -8 -3 20 -11 -12 -5 19 -1 -10 18 -7 -17 -2 21 22 24 28 -6 -26 -25 -20 -24 -30
right_child=2 4 3 12 9 17 7 -9 15 10 11 -13 -14 -15 -16 16 -18 -19 27 -21 -22 -23 23 26 25 -27 -28 -29 29 -31
leaf_value=-0.00016508831218071666 0.00027394476004035105 -0.00046051751142337194 0.00058373984392103841 0.00095810289532534127 -0.00020055344037293692 -0.00016890160087744497 0.00055412324777221464 0.00013356978983871117 0.000124277710818807 -0.002593677012805609 -0.00067891024634939294 0.00091933774749904248 0.00076474998114482446 -6.3170449475291601e-05 -0.0001237073067706332 -0.0007788161067174297 0.004009060498763331 -0.00010289129494840035 -7.1676916155261243e-05 -5.1127165219250208e-05 0.00026337968405163798 -0.0018502887677847358 0.0020027451376348807 0.0040984385450726244 4.4953455777198976e-05 -0.0018225455748162433 -3.7638141851306656e-05 -0.00020693423866987001 -2.7776833496658167e-05 -0.0026858549970236361
leaf_weight=673 229 1329 1106 189 3182 569 319 1472 2811 130 2434 1620 1288 96 1389 346 92 4493 1729 517 26252 794 194 1215 521 726 388 1488 258 308
leaf_count=673 229 1329 1106 189 3182 569 319 1472 2811 130 2434 1620 1288 96 1389 346 92 4493 1729 517 26252 794 194 1215 521 726 388 1488 258 308
internal_value=-0.000551047 -0.00179711 0.0120858 0.0179096 -0.000653616 -0.00914574 0.00634951 0.0110523 -0.00460897 0.000157783 -0.00417761 -0.00325203 0.0255398 -0.00365998 -0.0160135 -0.00305981 -0.00610656 -0.00633511 -0.00690863 0 0.000694383 -0.00209459 -0.000809181 0.00555321 -0.00420613 -0.0125799 0.0117848 -0.00535382 -0.0075817 -0.01331
internal_weight=58157 52941 5216 2583 45817 7124 2633 1791 7795 38022 4184 4054 1477 842 2062 6466 3655 5062 3563 746 33838 7586 6792 2363 4429 1247 1603 3217 760 566
internal_count=58157 52941 5216 2583 45817 7124 2633 1791 7795 38022 4184 4054 1477 842 2062 6466 3655 5062 3563 746 33838 7586 6792 2363 4429 1247 1603 3217 760 566
is_linear=0
shrinkage=0.05


Tree=89
num_leaves=31
num_cat=0
split_feature=3 5 12 0 3 8 8 13 7 8 8 6 15 8 8 5 6 8 8 6 7 5 12 7 12 6 8 6 6 13
split_gain=374.012 226.733 77.3365 64.0487 69.7166 46.3765 55.7759 43.5993 42.6808 39.7811 54.8172 37.7164 31.6454 30.3469 59.1143 39.6761 36.9755 36.9965 52.8108 43.8825 33.9295 33.4257 35.7691 32.6078 29.8721 34.9794 28.8574 58.5616 51.0604 33.8191
threshold=11.579324722290041 1.985000014305115 -0.13052122294902799 1.0000000180025095e-35 13.166532993316652 -0.36523833870887751 -0.20061247795820233 -0.6035533845424651 -0.464854747056961 1.0000000180025095e-35 -0.47434769570827479 963.45001220703136 56.500000000000007 0.99805629253387462 0.97653719782829296 3.5416666269302373 945.04998779296886 0.98965245485305797 0.99683821201324474 955.95001220703136 -0.1985165476799011 4.4449999332427987 -0.74892720580101002 -0.18163955211639402 -0.095842104405164705 953.54998779296886 0.88337317109107982 959.14999389648449 967.14999389648449 0.78656607866287243
decision_type=2 2 2 2 2 2 2 2 2 2 2 2 2 2 2 2 2 2 2 2 2 2 2 2 2 2 2 2 2 2
left_child=1 2 11 5 -5 -2 -7 -4 -6 10 12 -1 -9 14 21 -15 -16 20 19 24 -18 26 -23 -22 -19 -26 29 -28 -29 -3
right_child=3 13 7 4 8 6 -8 9 -10 -11 -12 -13 -14 15 16 -17 17 18 -20 -21 23 22 -24 -25 25 -27 27 28 -30 -31
leaf_value=-0.0001069754682480874 -1.4229529244852435e-05 -6.284013671924091e-05 -0.00010445666464565002 0.00070420473964115664 0.00025569297353550678 0.00052907740561363716 0.00012689130034677644 -0.00012223408443180414 0.00072347588199826458 -0.00012099101441999964 0.00010496524898984733 -0.00015690851433798137 -5.5167273144384263e-05 -0.00042761662202897083 0.0083240149029323012 0.0024137154920144902 0.0011555359171332182 0.0050421692875529008 -0.0028371780305098365 -0.0013049875487044209 -0.0058319261400418118 -0.0034726118911190098 0.00046630058102618003 -0.0017142201894419639 -0.0010373948222129462 0.0013326220247097615 0.00010197801720018621 0.0090709716470065548 -0.00069994129500967591 -0.00075129222351960926
leaf_weight=4960 863 17321 1118 1466 130 306 1431 1371 1014 1708 504 350 316 307 108 521 126 234 191 248 128 510 14677 801 189 130 1935 262 81 4738
leaf_count=4960 863 17321 1118 1466 130 306 1431 1371 1014 1708 504 350 316 307 108 521 126 234 191 248 128 510 14677 801 189 130 1935 262 81 4738
internal_value=-0.000559872 -0.00182062 -0.008464 0.0122148 0.0177438 0.00664107 0.0113375 -0.0129132 0.02698 -0.0154073 -0.0109062 -0.00425212 -0.0152187 -0.000205824 -0.000394636 0.0092437 -0.00844907 -0.00996589 -0.00300903 0.00266749 -0.0164623 4.55362e-05 0.00188586 -0.0197537 0.0104839 0.000462963 -0.00110303 0.0042488 0.0231322 -0.00165654
internal_weight=58044 52834 10327 5210 2610 2600 1737 5017 1144 3899 2191 5310 1687 42507 41679 828 2155 2047 992 801 1055 39524 15187 929 553 319 24337 2278 343 22059
internal_count=58044 52834 10327 5210 2610 2600 1737 5017 1144 3899 2191 5310 1687 42507 41679 828 2155 2047 992 801 1055 39524 15187 929 553 319 24337 2278 343 22059
is_linear=0
shrinkage=0.05


Tree=90
num_leaves=31
num_cat=0
split_feature=3 5 4 0 12 6 7 7 13 10 13 6 6 3 15 15 15 8 8 8 7 5 6 11 12 10 6 12 7 6
split_gain=376.729 249.971 73.4987 72.4451 71.9053 59.8224 55.2445 51.815 47.8393 38.0297 35.4531 33.3933 29.9723 29.1668 28.5314 39.2315 26.9224 28.5754 26.3785 49.1607 63.9825 43.5957 51.8998 43.8367 32.2566 29.8034 35.2138 33.1796 32.804 42.5681
threshold=11.579324722290041 2.0049999952316289 8.055000305175783 1.0000000180025095e-35 -0.13052122294902799 951.35000610351574 0.86564558744430553 -0.464854747056961 -0.7865660786628722 -0.99809679388999928 0.78656607866287243 963.64999389648449 978.04998779296886 13.349833011627199 34.500000000000007 45.500000000000007 27.500000000000004 -0.77682399749755848 0.99805629253387462 0.98094093799591076 -0.13920918852090833 4.2049999237060556 957.54998779296886 4.0499999523162851 -0.3172925859689712 0.94828754663467418 957.14999389648449 0.63605400919914257 -0.66248837113380421 947.14999389648449
decision_type=2 2 2 2 2 2 2 2 2 2 2 2 2 2 2 2 2 2 2 2 2 2 2 2 2 2 2 2 2 2
left_child=1 4 -2 6 11 9 -4 -5 16 -6 14 -1 18 -9 -10 -16 -7 -18 19 25 -21 22 23 -22 -23 -3 28 -28 29 -27
right_child=2 12 3 7 5 8 -8 13 10 -11 -12 -13 -14 -15 15 -17 17 -19 -20 20 21 24 -24 -25 -26 26 27 -29 -30 -31
leaf_value=-0.00012321865433268629 0.00039739541267492243 -6.3924691741867881e-05 4.6245115421023056e-05 0.00044565384915069562 -0.00017879479017458242 -0.00016964525804638361 0.00038204116812989852 0.00072538855950839978 -0.00011851783418032032 -7.5080938534447241e-05 -9.7395165494494965e-05 -0.00015076306602497324 0.0059597270153796409 0.00069291568112773711 -2.8877228604952054e-05 -0.00012979523369390398 0.0032940479531717668 -0.00010454293115219946 0.0012324629873194937 -0.0034322413966019895 -0.00061686643973274185 0.0020695665335556724 -0.0018324496882603286 0.0015635998864166889 -0.0045540899404838192 0.00021325156007193647 0.00093965259911970862 -0.00042262179851257028 -0.00019963322431800596 0.0026208881719634956
leaf_weight=5110 2186 34265 1153 210 212 85 371 543 407 1430 999 342 89 779 296 1248 97 389 810 304 255 140 81 471 473 1053 1190 94 2474 526
leaf_count=5110 2186 34265 1153 210 212 85 371 543 407 1430 999 342 89 779 296 1248 97 389 810 304 255 140 81 471 473 1053 1190 94 2474 526
internal_value=-0.000466542 -0.00173526 0.0123118 0.0173146 -0.00859228 -0.0128193 0.00954872 0.0249837 -0.0164918 -0.00491803 -0.0190525 -0.00458127 -1.06559e-05 0.028636 -0.0229806 -0.0197547 -0.00321181 0.00142566 -7.35626e-05 -0.000249208 -0.00850202 -0.004 0.003633 0.00793434 -0.0139968 0.000111091 0.0035848 0.0107836 0.00129374 0.00691288
internal_weight=58082 52840 5242 3056 10615 5163 1524 1532 3521 1642 2950 5452 42225 1322 1951 1544 571 486 42136 41326 1724 1420 807 726 613 39602 5337 1284 4053 1579
internal_count=58082 52840 5242 3056 10615 5163 1524 1532 3521 1642 2950 5452 42225 1322 1951 1544 571 486 42136 41326 1724 1420 807 726 613 39602 5337 1284 4053 1579
is_linear=0
shrinkage=0.05


Tree=91
num_leaves=31
num_cat=0
split_feature=3 5 0 12 8 6 13 8 4 7 4 6 13 10 3 7 7 14 12 10 11 8 3 6 7 12 6 6 12 3
split_gain=332.868 258.309 83.3175 70.1283 59.1102 53.5482 40.124 37.9583 37.8378 39.9659 36.6545 56.2171 33.8408 33.5209 29.3041 29.1367 34.4886 33.4483 34.6632 34.6359 32.6206 32.5066 43.9026 32.924 56.2597 64.5809 63.0325 56.4918 32.2925 27.0976
threshold=12.345750331878664 2.0049999952316289 1.0000000180025095e-35 -0.13052122294902799 -0.38118652999401087 951.25000000000011 -0.7865660786628722 -0.13282711803913114 8.7349996566772479 -0.464854747056961 6.2049999237060556 960.35000610351574 0.78656607866287243 -0.99535831809043873 15.08091974258423 0.88234141469001781 0.86564558744430553 7.9849998950958261 -0.36648726463317866 -0.18222858756780622 7.0499999523162851 0.021515898406505588 3.1994727849960332 959.95001220703136 0.98666161298751842 -0.0087262028828264185 952.35000610351574 958.04998779296886 -0.68832838535308827 6.9009585380554208
decision_type=2 2 2 2 2 2 2 2 2 2 2 2 2 2 2 2 2 10 2 2 2 2 2 2 2 2 2 2 2 2
left_child=1 3 4 -1 14 13 -7 -6 -4 -10 15 -12 -8 -5 -2 16 17 -3 19 20 29 -17 -23 24 25 26 -24 -27 -25 -19
right_child=2 10 8 5 7 6 12 -9 9 -11 11 -13 -14 -15 -16 21 -18 18 -20 -21 -22 22 23 28 -26 27 -28 -29 -30 -31
leaf_value=-0.00013115838680373247 -8.0128569444060105e-06 -0.00011202097998615212 0.00066514490277288509 -0.00016422235130826945 0.00035590863994074411 -9.773057304645217e-05 -0.00011175285773443672 0.00011130065508775933 0.00038554766819128006 0.00065843771713770545 0.0001094328730609745 0.00067820510447391127 -9.3277294130375988e-05 -7.7033391046810607e-05 -5.6123530812035587e-05 -2.6022090191438196e-05 0.0026818176807476475 -0.0004071839915549519 -8.0099437540262505e-05 -0.0051625149245051218 0.0025271855335007396 0.00026406105729946628 0.0041795951402175497 0.0073362188325942716 -0.0037439100452941517 0.0014162253980730161 -0.0034938968174891799 -0.0017825927463200227 -0.00073389924390521502 0.010888359376682059
leaf_weight=5428 437 23739 948 270 258 575 1964 1045 108 742 8333 1911 1006 1346 99 2500 366 81 2444 120 1454 102 86 101 351 540 306 278 836 285
leaf_count=5428 437 23739 948 270 258 575 1964 1045 108 742 8333 1911 1006 1346 99 2500 366 81 2444 120 1454 102 86 101 351 540 306 278 836 285
internal_value=-0.000589866 -0.00156907 0.0140445 -0.00857561 0.00653471 -0.0127468 -0.0161831 0.0122706 0.0216861 0.0293567 0.000124321 0.00274173 -0.018521 -0.00518199 -0.00739372 -0.000674228 -5.08879e-05 -0.00025064 0.0037594 0.00874036 0.0104658 -0.00415279 -0.00806142 -0.00938873 -0.013825 -0.00864198 -0.0251889 -0.000607533 -0.00196391 0.0237197
internal_weight=58059 54422 3637 10589 1839 5161 3545 1303 1798 850 43833 10244 2970 1616 536 33589 28489 28123 4384 1940 1820 5100 2600 2498 1561 1210 392 818 937 366
internal_count=58059 54422 3637 10589 1839 5161 3545 1303 1798 850 43833 10244 2970 1616 536 33589 28489 28123 4384 1940 1820 5100 2600 2498 1561 1210 392 818 937 366
is_linear=0
shrinkage=0.05


Tree=92
num_leaves=31
num_cat=0
split_feature=3 5 4 0 7 3 7 15 2 8 7 15 9 10 13 7 4 10 5 8 11 13 7 3 7 8 7 10 7 7
split_gain=351.793 209.731 80.1969 92.2414 61.6025 58.0343 53.6094 47.4047 46.05 42.3815 31.1032 39.274 31.7233 29.5341 26.7796 27.2446 26.455 31.379 26.9677 29.0642 34.3161 27.2183 43.6507 31.0322 25.864 76.0574 56.0268 35.1555 28.2878 32.891
threshold=11.68327045440674 1.985000014305115 8.1050000190734881 1.0000000180025095e-35 0.86564558744430553 1.7241498827934267 -0.464854747056961 74.500000000000014 41.500000000000007 1.0000000180025095e-35 -0.5677773356437682 64.500000000000014 12.125000000000002 -0.99353402853012074 -0.6035533845424651 0.89799436926841747 5.7249999046325692 -0.96359375119209278 4.9516665935516366 0.95943385362625133 9.8499999046325701 -0.6035533845424651 0.57835108041763317 5.5940408706665048 0.98666161298751842 0.12447811290621759 0.98217421770095836 -0.88697704672813404 0.99985224008560192 0.99468535184860241
decision_type=2 2 2 2 2 2 2 2 2 2 2 2 10 2 2 2 2 2 2 2 2 2 2 2 2 2 2 2 2 2
left_child=1 5 -2 4 10 -1 -5 8 13 -9 -4 12 -12 -7 15 -11 24 -18 21 -20 -21 22 -19 -23 26 27 -3 -26 29 -29
right_child=2 16 3 6 -6 7 -8 9 -10 14 11 -13 -14 -15 -16 -17 17 18 19 20 -22 23 -24 -25 25 -27 -28 28 -30 -31
leaf_value=-0.00010264701504289322 0.0003205633964423277 -8.3394225216855238e-05 0.000927797760800922 0.00029790685327746314 0.00036233187066605501 -0.00015925537166725006 0.00063170961475159668 3.4219534306228867e-06 0.00043382980626879451 0.0019705827385048218 0.00022281667577547239 0.00010573562233336942 -5.3317354271431586e-05 -0.00011007104722199754 -8.9072109096985288e-05 -0.00011854385328686369 -0.00059226995055793876 -0.002671351486237501 0.00081408751413032665 -0.0053887208656061532 0.00048744461307939082 0.0038906632251085637 0.0065406496984928147 -0.0015547362627176917 0.0024775937932705605 -0.0037040683543642264 0.0041519879673226484 -0.0015572397340300765 -0.0027239156329921439 0.00025931495948958508
leaf_weight=1955 2114 28751 160 191 339 754 1254 358 1124 90 83 289 589 5148 752 156 2935 184 5544 275 302 199 306 2248 136 176 214 387 85 847
leaf_count=1955 2114 28751 160 191 339 754 1254 358 1124 90 83 289 589 5148 752 156 2935 184 5544 275 302 199 306 2248 136 176 214 387 85 847
internal_value=-0.000452977 -0.0016531 0.0121915 0.0175773 0.00866894 -0.00804003 0.0265172 -0.00622392 -0.0045655 -0.0147686 0.00297513 -0.000465839 -0.0070901 -0.00633147 -0.0200399 -0.00557769 -0.000102127 0.00188781 0.00334326 0.0052318 -0.00541237 -0.000594833 0.010101 -0.00275285 -0.000882324 -0.00699878 -0.000536762 -0.00318493 -0.00570242 -0.00371267
internal_weight=57945 52926 5019 2905 1460 10337 1445 8382 7026 1356 1121 961 672 5902 998 246 42589 11993 9058 6121 577 2937 490 2447 30596 1631 28965 1455 1319 1234
internal_count=57945 52926 5019 2905 1460 10337 1445 8382 7026 1356 1121 961 672 5902 998 246 42589 11993 9058 6121 577 2937 490 2447 30596 1631 28965 1455 1319 1234
is_linear=0
shrinkage=0.05


Tree=93
num_leaves=31
num_cat=0
split_feature=3 5 0 3 15 12 9 6 7 6 15 7 7 7 6 7 9 15 7 15 7 12 7 15 7 7 7 12 15 14
split_gain=321.683 236.32 70.2666 67.4065 54.2985 42.7097 40.6296 40.2409 32.0814 32.1539 30.4442 30.2379 49.0108 35.441 28.89 28.0203 27.1074 28.984 30.0166 44.167 52.4624 36.7276 31.1949 31.3506 44.5431 44.9908 31.8794 54.5724 55.3407 32.2597
threshold=12.466289043426515 2.0049999952316289 1.0000000180025095e-35 1.7241498827934267 75.500000000000014 -0.80382624268531788 14.244999885559084 978.04998779296886 0.91258591413497936 951.25000000000011 68.500000000000014 0.86993730068206798 0.63303324580192577 0.5499682128429414 941.25000000000011 -0.53914576768875111 10.404999732971193 97.500000000000014 0.68472337722778331 84.500000000000014 0.33505657315254217 0.04361772537231446 0.69097238779068004 37.500000000000007 0.71541279554367077 0.82438889145851146 0.78354993462562572 0.04361772537231446 50.500000000000007 3.2849999666213994
decision_type=2 2 2 2 2 2 8 2 2 2 2 2 2 2 2 2 8 2 2 2 2 2 2 2 2 2 2 2 2 10
left_child=1 3 8 15 5 14 -4 16 9 -2 -11 12 13 -7 -5 -1 17 18 19 20 -3 -21 -20 24 -24 -26 27 -25 -29 -30
right_child=2 7 6 4 -6 11 -8 -9 -10 10 -12 -13 -14 -15 -16 -17 -18 -19 22 21 -22 -23 23 26 25 -27 -28 28 29 -31
leaf_value=-0.00015922036321581423 0.00038698219618878984 -5.9860236802392405e-05 0.00062865839464023025 -0.00082590407715647178 -8.2732213806112863e-05 -0.00012749929678860261 0.00058388053886850868 0.0042912845493667034 0.00031194295090796744 -4.4754849640227246e-05 8.8844253859926561e-05 9.7771185609432144e-05 -0.00012240019977960274 0.0018357741490859824 0.00044470648473850276 -9.6215267807883006e-05 0.00026507830608263897 0.0070366050586793717 -0.0025530985656398893 -0.0031953827902506588 0.0015017432413555272 0.001978382126389411 -0.0048329196468038325 0.0086701004499698583 0.00077426578453870733 -0.0014934429524524661 -0.0004822136622163435 0.0021598944710778598 0.00120891341960931 -0.0032602996277150717
leaf_weight=512 370 22930 1138 161 1314 4114 567 116 491 576 271 759 772 128 1447 1453 9395 89 118 398 3411 82 123 407 269 407 5571 246 80 255
leaf_count=512 370 22930 1138 161 1314 4114 567 116 491 576 271 759 772 128 1447 1453 9395 89 118 398 3411 82 123 407 269 407 5571 246 80 255
internal_value=-0.000558862 -0.00149096 0.0143212 -0.0081669 -0.00627011 -0.00459653 0.0214912 0.000130974 0.00712201 0.00274141 -0.00264085 -0.00660263 -0.00800956 -0.00588651 0.00260384 -0.0165228 5.13863e-05 -0.000598994 -0.000674888 0.00010624 0.000381462 -0.0148454 -0.00347547 -0.00305582 -0.0123756 -0.0071953 -0.00191194 0.00634441 -0.00349829 -0.0166176
internal_weight=57970 54557 3413 10660 8695 7381 1705 43897 1708 1217 847 5773 5014 4242 1608 1965 43781 34386 34297 26821 26341 480 7476 7358 799 676 6559 988 581 335
internal_count=57970 54557 3413 10660 8695 7381 1705 43897 1708 1217 847 5773 5014 4242 1608 1965 43781 34386 34297 26821 26341 480 7476 7358 799 676 6559 988 581 335
is_linear=0
shrinkage=0.05


Tree=94
num_leaves=31
num_cat=0
split_feature=3 5 12 0 9 8 6 8 6 13 10 4 6 6 6 15 15 8 5 2 6 10 15 2 6 6 15 8 8 9
split_gain=324.204 228.095 78.2117 59.3489 49.9717 48.2643 47.1077 43.713 42.7195 36.0947 33.3367 31.9062 33.5184 34.3993 40.1059 31.5228 30.4211 45.3983 37.9692 30.0395 27.6764 34.4015 25.5624 23.8273 23.5328 25.3833 50.3089 23.2319 75.2774 38.2015
threshold=12.345750331878664 1.985000014305115 -0.16504132002592084 1.0000000180025095e-35 14.244999885559084 -0.35321410000324244 963.64999389648449 -0.18797264248132703 951.75000000000011 -0.91597560048103321 0.94260558485984813 6.2049999237060556 960.35000610351574 944.14999389648449 948.35000610351574 46.500000000000007 34.500000000000007 1.0000000180025095e-35 0.94833332300186168 19.500000000000004 953.25000000000011 0.97233289480209362 97.500000000000014 27.500000000000004 964.25000000000011 951.25000000000011 87.500000000000014 -0.99351876974105824 -0.98009455204009999 8.6250000000000018
decision_type=2 2 2 2 8 2 2 2 2 2 2 2 2 2 2 2 2 2 2 2 2 2 2 2 2 2 2 2 2 10
left_child=1 2 6 5 10 -2 19 -7 15 -10 -5 22 13 -13 -15 -4 -11 18 -18 -1 -16 -22 27 -20 25 -9 -27 29 -29 -3
right_child=3 11 8 4 -6 7 -8 24 9 16 -12 12 -14 14 20 -17 17 -19 23 -21 21 -23 -24 -25 -26 26 -28 28 -30 -31
leaf_value=-0.00014330143150832818 -2.4373801336363688e-05 -0.00031241369828472637 -0.00012681934977237536 0.00061303159122536597 0.00055486784867170844 0.00049910897012920012 -0.00014377963448426162 0.00044768079060518163 1.8005218575769221e-06 -8.8960630712044226e-05 0.00057904253667249159 0.0029787439373911819 0.00055846303537436808 -0.0023712115368105303 0.00072599919660897851 0.00051667606553650167 -0.0001077350843717205 -8.1676376028844329e-05 -9.2891812692215162e-05 1.8124073733285975e-05 -0.00027128944532111567 0.00046778683371174746 0.0072764557572884058 0.00024570421873619779 0.00039698768976900169 -7.3211643878967614e-05 0.00023300037646289409 0.0029210203020384241 -0.00011487835219564603 -0.0051743608985640316
leaf_weight=1616 573 988 1357 1053 557 218 315 317 334 516 197 875 1961 1601 2534 356 153 1437 629 3221 3098 244 82 419 130 493 82 1052 31536 222
leaf_count=1616 573 988 1357 1053 557 218 315 317 334 516 197 875 1961 1601 2534 356 153 1437 629 3221 3098 244 82 419 130 493 82 1052 31536 222
internal_value=-0.000493373 -0.00145552 -0.00813381 0.0139862 0.0203918 0.00756326 -0.00376188 0.0130924 -0.0124568 -0.0156313 0.014741 0.000109733 0.0025441 0.0011607 6.01443e-05 -0.00596624 -0.017284 -0.0150586 -0.00783582 -0.00252995 0.00197245 -0.00101584 -0.000631548 -0.00436847 0.00866602 0.00568562 -0.000603448 -0.000701121 -0.000447949 -0.00748971
internal_weight=58166 54546 10353 3620 1807 1813 5152 1240 5201 3488 1250 44193 10313 8352 7477 1713 3154 2638 1201 4837 5876 3342 33880 1048 1022 892 575 33798 32588 1210
internal_count=58166 54546 10353 3620 1807 1813 5152 1240 5201 3488 1250 44193 10313 8352 7477 1713 3154 2638 1201 4837 5876 3342 33880 1048 1022 892 575 33798 32588 1210
is_linear=0
shrinkage=0.05


Tree=95
num_leaves=31
num_cat=0
split_feature=3 5 1 12 8 6 4 8 7 7 3 15 14 8 15 10 8 3 10 15 12 11 15 8 15 13 7 15 8 10
split_gain=292.913 220.449 81.2224 76.8775 52.9865 50.6085 44.8018 40.1624 57.9636 36.8913 32.8669 32.0189 30.4081 29.1751 31.2272 29.0713 28.6402 25.8539 26.4072 48.4572 35.081 24.3761 25.2861 26.0095 23.3094 23.1393 36.7351 36.0802 43.3609 48.6417
threshold=12.345750331878664 2.0049999952316289 1.0000000180025095e-35 -0.16504132002592084 -0.40097093582153315 951.25000000000011 8.2449998855590838 1.0000000180025095e-35 0.88234141469001781 -0.29014293849468226 2.5539633035659794 82.500000000000014 1.575000047683716 -0.99141839146614064 62.500000000000007 0.70088258385658275 0.95572271943092357 8.9400329589843768 0.89490029215812694 68.500000000000014 -0.16504132002592084 11.949999809265138 37.500000000000007 0.97745609283447277 64.500000000000014 0.60355338454246532 -0.97789707779884327 24.500000000000004 0.85581842064857494 0.68832838535308849
decision_type=2 2 2 2 2 2 2 2 2 2 2 2 10 2 2 2 2 2 2 2 2 2 2 2 2 2 2 2 2 2
left_child=1 3 6 11 -4 15 -2 8 10 -8 13 12 -1 -7 -15 -5 -6 25 -19 20 -20 22 23 -22 -18 26 -3 28 29 -28
right_child=2 17 4 5 16 7 9 -9 -10 -11 -12 -13 -14 14 -16 -17 24 18 19 -21 21 -23 -24 -25 -26 -27 27 -29 -30 -31
leaf_value=-0.00011923592151569163 0.00050843457450124865 0.0016630233372158601 -4.1298417091395483e-05 -0.0001139758158591818 0.00032176971041708027 4.5068322023187304e-06 0.00052550848152613239 -8.9159949588410621e-05 0.0003098467639516551 0.0005356667395547632 -0.00011372836960418 -0.00018651936068154378 -1.3770713016265707e-05 -9.0047289478339696e-05 0.00019407177319477411 0.00022447052894386784 -5.1039197480667876e-05 6.1770640409047894e-05 -0.0066575039165974936 0.0020927786795116895 -5.1875966219855353e-05 0.00045003822514531612 0.00087951289964417203 -0.0069004910979075414 9.129043417118177e-05 -0.000387759971757844 -0.00055106331590521753 0.00012873760328139408 -0.0017291546508103218 0.00058346893174894413
leaf_weight=1472 661 1592 529 1057 943 131 184 1795 328 977 629 331 3508 651 93 608 262 6969 96 468 1276 771 1768 95 93 8372 3187 16773 643 1773
leaf_count=1472 661 1592 529 1057 943 131 184 1795 328 977 629 331 3508 651 93 608 262 6969 96 468 1276 771 1768 95 93 8372 3187 16773 643 1773
internal_value=-0.000526361 -0.00144693 0.0131773 -0.00791384 0.00570415 -0.0121767 0.0206349 -0.0154873 -0.0102341 0.0265437 -0.0143804 -0.00365877 -0.00264794 -0.020625 -0.0244326 -0.00494012 0.0111282 0.000119896 0.00216195 0.0051574 0.00336574 0.00411239 0.00214695 -0.00294331 -0.000972222 -0.000602875 0.000187711 -0.000335106 -0.00380706 -0.00221551
internal_weight=58035 54386 3649 10603 1827 5292 1822 3627 1832 1161 1504 5311 4980 875 744 1665 1298 43783 11443 4474 4006 3910 3139 1371 355 32340 23968 22376 5603 4960
internal_count=58035 54386 3649 10603 1827 5292 1822 3627 1832 1161 1504 5311 4980 875 744 1665 1298 43783 11443 4474 4006 3910 3139 1371 355 32340 23968 22376 5603 4960
is_linear=0
shrinkage=0.05


Tree=96
num_leaves=31
num_cat=0
split_feature=3 11 3 0 9 9 8 7 8 7 10 8 2 2 7 6 7 7 2 7 10 7 8 7 2 6 7 12 6 2
split_gain=312.97 179.561 92.605 90.6224 40.3053 39.4283 47.3331 37.875 36.5326 36.3818 53.1922 34.9353 31.1535 30.5114 30.0502 29.2586 27.6498 40.2266 25.8726 25.5429 24.0657 26.4043 24.018 23.6539 23.001 31.3036 44.2249 31.2024 30.2781 29.953
threshold=12.466289043426515 3.0499999523162846 2.072650790214539 1.0000000180025095e-35 14.244999885559084 4.4749999046325692 0.99897944927215587 -0.66248837113380421 -0.34918220341205591 -0.34717741608619684 -0.81408452987670887 -0.13282711803913114 39.500000000000007 28.500000000000004 0.97697007656097423 952.75000000000011 0.99468535184860241 0.99940901994705211 5.5000000000000009 -0.67526665329933155 -0.85260769724845875 0.87412264943122875 0.99805629253387462 0.98805528879165661 18.500000000000004 947.25000000000011 -0.45724393427371973 -0.71322327852249134 944.14999389648449 12.500000000000002
decision_type=2 2 2 2 8 8 2 2 2 2 2 2 2 2 2 2 2 2 2 2 2 2 2 2 2 2 2 2 2 2
left_child=1 2 7 8 -5 6 14 -1 -2 10 12 -10 -4 22 20 19 18 -18 -11 -12 21 -3 24 -16 25 28 27 -27 -7 -29
right_child=3 5 9 4 -6 13 -8 -9 11 16 15 -13 -14 -15 23 -17 17 -19 -20 -21 -22 -23 -24 -25 -26 26 -28 29 -30 -31
leaf_value=-0.00014415579277279184 -2.7972597137754241e-05 -0.00013050088268005356 -0.00025245032477861311 0.00055210851585052456 0.00050027468405133835 0.00043844665039744494 -0.00019823512646471102 -9.114010824524851e-05 0.00034095465856252008 -0.00020179675348120708 0.00063724633947004512 8.9120336492828922e-05 0.001304453034753882 -0.00014261218376774022 -0.00088847130738795672 -0.00093751382075235243 0.0014701683166635086 -6.6412979917920232e-05 -0.00013088286236227314 0.0028837531936575659 2.5966621192876142e-05 -0.00083747375899890543 0.0020840363847742212 -0.00015968209741418183 0.00086229069457607616 -0.00408986810595311 7.7769220954371218e-06 0.0026444646431111329 -0.0020592004026996451 0.00025289136259755294
leaf_weight=444 552 4454 1287 1128 570 1161 159 1716 212 782 866 958 234 14350 99 91 103 188 4630 286 4835 123 392 235 6939 93 8046 1156 1313 576
leaf_count=444 552 4454 1287 1128 570 1161 159 1716 212 782 866 958 234 14350 99 91 103 188 4630 286 4835 123 392 235 6939 93 8046 1156 1313 576
internal_value=-0.000646741 -0.001567 -0.00739748 0.0140146 0.0221961 -0.000155909 -0.00293138 -0.0166282 0.0059062 -0.00503423 -0.000325027 0.0108936 -0.00658585 0.000652346 -0.0024818 0.00733173 -0.0073143 0.00760135 -0.00812258 0.00950735 -0.00195391 -0.00455041 0.0019308 -0.0171091 0.00167971 0.000384615 0.0016454 0.0086612 -0.00463897 0.01019
internal_weight=57978 54558 10627 3420 1698 43931 9905 2160 1722 8467 2764 1170 1521 34026 9746 1243 5703 291 5412 1152 9412 4577 19676 334 19284 12345 9871 1825 2474 1732
internal_count=57978 54558 10627 3420 1698 43931 9905 2160 1722 8467 2764 1170 1521 34026 9746 1243 5703 291 5412 1152 9412 4577 19676 334 19284 12345 9871 1825 2474 1732
is_linear=0
shrinkage=0.05


Tree=97
num_leaves=31
num_cat=0
split_feature=3 5 0 12 9 6 8 9 6 8 8 8 6 8 8 8 12 15 12 15 3 9 13 2 14 6 15 8 8 5
split_gain=299.134 216.061 82.4045 61.6121 57.3634 56.223 40.9289 40.7962 37.4663 33.5554 31.3935 40.8743 31.1172 65.8299 64.2867 48.7492 48.6835 42.8836 38.1539 34.6814 32.7882 40.6367 30.8071 29.7542 28.9015 28.3682 43.3515 47.8789 42.9953 54.108
threshold=12.466289043426515 2.0049999952316289 1.0000000180025095e-35 -0.13052122294902799 14.244999885559084 951.35000610351574 -0.34918220341205591 0.7150000035762788 963.64999389648449 0.96962100267410289 0.99805629253387462 0.99717122316360485 959.25000000000011 0.88933694362640392 0.84908413887023937 0.94362518191337597 0.30069434642791754 77.500000000000014 -0.16504132002592084 82.500000000000014 4.6726553440094003 11.065000057220461 -0.91597560048103321 19.500000000000004 8.3450002670288104 954.25000000000011 46.500000000000007 0.97653719782829296 -0.10296135023236273 4.8350000381469735
decision_type=2 2 2 2 8 2 2 10 2 2 2 2 2 2 2 2 2 2 2 2 2 10 2 2 10 2 2 2 2 2
left_child=1 3 6 8 -4 -5 -2 -7 23 -8 11 12 17 14 19 16 -15 24 20 -14 -19 -22 -9 -1 25 26 27 28 -3 -30
right_child=2 10 4 5 -6 7 9 22 -10 -11 -12 -13 13 15 -16 -17 -18 18 -20 -21 21 -23 -24 -25 -26 -27 -28 -29 29 -31
leaf_value=-0.00013467584240023115 -3.7834866379937719e-05 -0.00042482779546139957 0.00051168314441231433 -8.726832388546713e-05 0.00047532738505781658 -8.4569908011708191e-05 0.00027257182221053776 0.00016321763691639685 -0.00011711037834160731 -3.32956050893618e-05 0.001121729011852629 -0.002756322135810587 6.8500229459445014e-05 0.009149241223149451 -0.0017268503350817311 0.000467848363106721 -5.1651452033674161e-05 0.00056660018779255766 1.1415653752897622e-05 0.0016740225551966888 -0.0036847843686742157 0.00082691334121395572 -7.53187285930772e-05 -2.0935356993643033e-05 0.00043139102196438907 -0.00051332715920733856 0.0011867108001421319 -0.0015204284973888592 -4.2407096885802023e-05 0.0025588274414123204
leaf_weight=1715 547 8562 1116 1639 580 572 896 304 337 282 845 94 7094 225 232 389 85 147 944 1146 957 188 2605 3390 6458 6537 3602 747 4243 1579
leaf_count=1715 547 8562 1116 1639 580 572 896 304 337 282 845 94 7094 225 232 389 85 147 944 1146 957 188 2605 3390 6458 6537 3602 747 4243 1579
internal_value=-0.000686335 -0.00158489 0.0136457 -0.00800606 0.021458 -0.0119415 0.00592486 -0.0155336 -0.00429594 0.0111581 -4.53731e-05 -0.000232456 -0.000158785 0.0024248 0.00120326 0.0171165 0.031746 -0.000856663 -0.00754128 0.00194057 -0.0131072 -0.0159565 -0.013092 -0.00321918 -0.000384458 -0.00114738 -0.000157434 -0.00133126 -0.000688026 0.00262571
internal_weight=58057 54636 3421 10562 1696 5120 1725 3481 5442 1178 44074 43229 43135 9171 8472 699 310 33964 2236 8240 1292 1145 2909 5105 31728 25270 18733 15131 14384 5822
internal_count=58057 54636 3421 10562 1696 5120 1725 3481 5442 1178 44074 43229 43135 9171 8472 699 310 33964 2236 8240 1292 1145 2909 5105 31728 25270 18733 15131 14384 5822
is_linear=0
shrinkage=0.05


Tree=98
num_leaves=31
num_cat=0
split_feature=3 5 0 12 6 3 15 8 5 6 15 2 7 7 7 5 2 7 14 8 8 5 15 4 4 6 14 6 10 6
split_gain=282.292 210.556 72.6871 64.7226 48.2341 44.9589 42.7643 56.6401 45.1763 32.8346 31.3685 31.1027 29.9598 27.7685 27.5169 26.975 26.1053 25.7088 25.0132 24.0721 30.876 26.5007 23.7344 25.2197 23.4558 23.0874 33.2316 22.7126 22.0239 21.7058
threshold=12.466289043426515 2.0049999952316289 1.0000000180025095e-35 -0.16504132002592084 951.35000610351574 13.349833011627199 34.500000000000007 1.0000000180025095e-35 1.0983333587646487 963.64999389648449 75.500000000000014 18.500000000000004 0.01504978956654668 0.91258591413497936 0.9600123167037965 9.1316666603088397 41.500000000000007 -0.5677773356437682 10.984999656677248 0.99805629253387462 0.99683821201324474 2.4850000143051152 65.500000000000014 7.5750000476837167 10.065000057220461 958.45001220703136 1.5249999761581423 939.64999389648449 -0.98624804615974415 959.25000000000011
decision_type=2 2 2 2 2 2 2 2 2 2 2 2 2 2 2 2 2 2 10 2 2 2 2 2 2 2 10 2 2 2
left_child=1 3 13 9 27 -4 -6 8 -8 11 -9 25 24 17 -14 19 -10 -2 -15 20 29 -21 23 -19 -7 26 -1 -5 -23 -3
right_child=2 15 5 4 6 12 7 10 16 -11 -12 -13 14 18 -16 -17 -18 22 -20 21 -22 28 -24 -25 -26 -27 -28 -29 -30 -31
leaf_value=-0.00019574276466942809 0.00088857293284202445 -7.8873687338826279e-05 0.00045800897786048571 -0.00014422397837974467 -8.2312367361902204e-05 0.00040868281217206761 -8.9562654445528742e-05 -8.2234346738980016e-05 -6.2942590075352412e-05 -0.00011836816853238297 -6.2149205374654841e-05 -1.4068490446058441e-05 0.00045652758409820419 0.00068828128106391835 0.00042462976983855265 0.00097076113161947703 0.0019598577404574742 0.0011602938126293817 0.00011949073681640221 -0.00069504366632359852 -0.0021588107962138064 -0.0011211893483846021 7.7828049418585124e-05 -4.8428590794108443e-05 0.00054080749445198091 0.0001062359242837231 -0.00019371517868314522 -6.7614435492698889e-05 0.0020599568122097096 0.00020825832257737628
leaf_weight=329 174 33689 673 96 656 209 275 1011 919 319 589 3442 557 114 120 128 160 91 383 106 180 126 302 649 116 319 908 1607 592 9183
leaf_count=329 174 33689 673 96 656 209 275 1011 919 319 589 3442 557 114 120 128 160 91 383 106 180 126 302 649 116 319 908 1607 592 9183
internal_value=-0.000584211 -0.00145317 0.01341 -0.00776681 -0.0116679 0.0208036 -0.0149378 -0.0123352 -0.00478293 -0.00386133 -0.0186916 -0.00285829 0.0275074 0.00614086 0.0335044 7.27124e-05 -0.000138376 0.0020475 0.0160359 4.55778e-06 -0.00015793 0.00844391 -0.00095511 -0.00577181 0.014697 -0.00871236 -0.0117955 -0.00471311 0.0118949 -6.99676e-05
internal_weight=58022 54634 3388 10630 5313 1675 3610 2954 1354 5317 1600 4998 1002 1713 677 44004 1079 1216 497 43876 43052 824 1042 740 325 1556 1237 1703 718 42872
internal_count=58022 54634 3388 10630 5313 1675 3610 2954 1354 5317 1600 4998 1002 1713 677 44004 1079 1216 497 43876 43052 824 1042 740 325 1556 1237 1703 718 42872
is_linear=0
shrinkage=0.05


Tree=99
num_leaves=31
num_cat=0
split_feature=3 3 11 0 7 10 8 3 7 7 6 7 8 15 7 13 7 10 13 3 13 8 7 8 4 14 7 11 10 7
split_gain=287.686 162.115 81.3053 79.0509 43.5006 50.5595 35.6928 35.3996 31.8192 30.8047 30.3594 30.1898 29.9284 29.816 45.4576 38.8149 60.2563 59.8214 42.8084 40.5205 38.8001 55.0179 38.5911 33.8739 32.6112 31.6724 29.9722 33.3371 51.8765 47.2643
threshold=12.466289043426515 1.7241498827934267 3.5499999523162846 1.0000000180025095e-35 -0.34717741608619684 -0.95368063449859608 -0.34918220341205591 13.542418003082277 0.01504978956654668 -0.45724393427371973 952.75000000000011 -0.63634827733039845 -0.13282711803913114 31.500000000000004 0.87412264943122875 1.0000000180025095e-35 0.63303324580192577 0.23343648016452792 -0.7865660786628722 9.1815714836120623 -0.6035533845424651 -0.82801559567451466 0.38317915797233587 1.0000000180025095e-35 4.6250000000000009 5.6849999427795419 -0.97415921092033375 8.9499998092651385 0.1650413200259209 -0.41079147160053248
decision_type=2 2 2 2 2 2 2 2 2 2 2 2 2 2 2 2 2 2 2 2 2 2 2 2 2 10 2 2 2 2
left_child=1 11 4 6 5 -3 -2 -5 -9 10 -7 -1 -8 14 26 17 19 18 -15 -17 21 22 -19 -18 25 -23 -4 -28 -29 -30
right_child=3 2 13 7 -6 9 12 8 -10 -11 -12 -13 -14 15 -16 16 23 20 -20 -21 -22 24 -24 -25 -26 -27 27 28 29 -31
leaf_value=-0.00012041457007746556 -3.3521693521232358e-05 -0.00014603730128864186 0.00073396224819915763 0.00044674931083168448 -0.00010122978254042335 0.00034678944711587017 0.0003516571887139053 0.00043106043998727419 0.00043441658894536331 0.0034408669263942984 -0.00088276047594813215 -7.0545134465616752e-05 7.7432433576690718e-05 -0.00053125034219147084 -0.0028942680958240099 -3.7427766925208357e-05 -0.00021813117238871917 0.0020271109091421049 0.00065183826270152076 0.00088293062052496602 0.00028975654138721708 0.002111759917817682 -0.0032118360320804369 -0.0011984297462077562 0.0030810117504786322 -0.00066464763447697051 -0.00025920069647007872 -0.00098381452480488657 0.0022597164305888698 -1.6928736934829215e-05
leaf_weight=505 542 1605 1559 790 8491 2425 205 301 603 259 124 1554 965 3027 107 6481 2321 162 3815 2324 2416 779 185 2299 1612 436 7321 2572 1042 1173
leaf_count=505 542 1605 1559 790 8491 2425 205 301 603 259 124 1554 965 3027 107 6481 2321 162 3815 2324 2416 779 185 2299 1612 436 7321 2572 1042 1173
internal_value=-0.000660288 -0.00154032 -0.00100019 0.0134271 -0.00444651 -0.000418742 0.00582411 0.0210712 0.0278328 0.00362602 0.00193814 -0.0152859 0.0107234 0.000122364 -0.0017563 0.00112327 -0.000740879 0.0031358 0 0.00168558 0.00697051 0.0106008 -0.00809659 -0.00536216 0.0129061 0.00668033 -0.00149576 -0.00233633 0.000907763 0.00650901
internal_weight=58000 54594 52535 3406 12904 4413 1712 1694 904 2808 2549 2059 1170 39631 13774 25857 13425 12432 6842 8805 5590 3174 347 4620 2827 1215 13667 12108 4787 2215
internal_count=58000 54594 52535 3406 12904 4413 1712 1694 904 2808 2549 2059 1170 39631 13774 25857 13425 12432 6842 8805 5590 3174 347 4620 2827 1215 13667 12108 4787 2215
is_linear=0
shrinkage=0.05


Tree=100
num_leaves=31
num_cat=0
split_feature=5 9 0 12 5 8 14 6 15 13 8 7 7 6 11 7 15 12 10 6 7 6 12 4 15 8 10 12 6 6
split_gain=233.637 170.904 72.0153 59.7882 55.4113 46.4946 45.1078 43.9791 45.4157 46.9999 38.6519 33.9025 29.8758 28.8666 28.1038 37.0243 31.7113 27.7696 26.132 40.9896 33.6126 34.783 28.018 25.775 25.7643 27.4769 24.9389 24.4405 41.9019 35.5824
threshold=2.0049999952316289 12.914999961853029 1.0000000180025095e-35 -0.13052122294902799 6.0683333873748788 -0.55176848173141468 12.574999809265138 951.35000610351574 34.500000000000007 -0.6035533845424651 0.055916473269462592 -0.464854747056961 0.46866798400878912 963.64999389648449 3.1499999761581425 0.86133140325546276 62.500000000000007 0.39873388409614569 0.94828754663467418 957.14999389648449 -0.66248837113380421 947.14999389648449 -0.21643137186765668 9.2550001144409197 86.500000000000014 0.7795298993587495 -0.99535831809043873 -0.50751903653144825 944.14999389648449 939.25000000000011
decision_type=2 10 2 2 2 2 10 2 2 2 2 2 2 2 2 2 2 2 2 2 2 2 2 2 2 2 2 2 2 2
left_child=3 6 5 13 -4 -3 18 26 -9 12 14 -6 -10 -1 15 16 -11 -17 27 20 21 -20 -22 -13 25 -7 -5 28 29 -2
right_child=1 2 4 7 11 24 -8 8 9 10 -12 23 -14 -15 -16 17 -18 -19 19 -21 22 -23 -24 -25 -26 -27 -28 -29 -30 -31
leaf_value=-7.0620110437566439e-05 0.004603699171085782 -4.3905976398689318e-05 -0.00045659814752497808 -0.00011529870961141925 -0.0007235414877813707 0.00038116928803584306 0.0004565375894699908 -7.7752294132799277e-05 0.003502491950181005 -8.4116913596495729e-05 -7.4787567092707199e-05 0.00045426714729000783 -5.8397198068581898e-05 -0.0001002330942097107 0.00022676702178117491 0.00055240884186552391 0.00032050675916152891 -8.2731837388642414e-05 0.00032872357048813753 0.00050161899221918551 -0.0015925925186785102 0.0023614451592388801 -7.2984253589952757e-06 0.00040701380715274516 0.00019650033895082244 -3.3081016974023658e-05 -4.7198641010574865e-05 -0.00016662553617787532 0.00085294890095475586 -0.0013926387058012801
leaf_weight=5140 114 415 271 286 118 647 1446 646 114 487 1173 702 481 326 208 167 127 133 1065 1516 616 514 2480 502 120 451 1360 28888 6129 1467
leaf_count=5140 114 415 271 286 118 647 1446 646 114 487 1173 702 481 326 208 167 127 133 1065 1516 616 514 2480 502 120 451 1360 28888 6129 1467
internal_value=-0.000470627 0.00103126 0.0121325 -0.0071623 0.0196809 0.00473138 0.000220389 -0.0110083 -0.0141485 -0.0114335 -0.0146739 0.0238885 0.00108333 -0.00350941 -0.0079858 -0.0117519 -0.0187399 0.00262295 -7.36084e-05 0.00292931 0.000608974 0.00653409 -0.00241857 0.0263854 0.00964841 0.00716228 -0.00423985 -0.00058192 0.00191834 -0.00532787
internal_weight=58109 47461 3226 10648 1593 1633 44235 5182 3536 2890 2295 1322 595 5466 1122 914 614 300 42789 6191 4675 1579 3096 1204 1218 1098 1646 36598 7710 1581
internal_count=58109 47461 3226 10648 1593 1633 44235 5182 3536 2890 2295 1322 595 5466 1122 914 614 300 42789 6191 4675 1579 3096 1204 1218 1098 1646 36598 7710 1581
is_linear=0
shrinkage=0.05


Tree=101
num_leaves=31
num_cat=0
split_feature=3 3 0 11 9 8 15 3 4 8 15 7 11 10 7 7 7 12 4 7 13 10 7 13 8 13 14 4 3 8
split_gain=266.214 154.909 78.7112 74.3745 46.6197 44.7818 38.2384 49.0079 36.1898 34.3871 33.3163 44.6965 32.6132 46.1684 49.8699 37.9733 38.4823 39.4569 37.0716 32.5091 30.4649 72.7224 51.3551 49.2001 41.1232 42.6338 42.0585 36.3095 34.0716 30.9844
threshold=12.466289043426515 1.7241498827934267 1.0000000180025095e-35 3.5499999523162846 14.244999885559084 -0.93779578804969776 38.500000000000007 2.5164715051651005 2.1350001096725468 -0.34918220341205591 31.500000000000004 0.87412264943122875 9.0500001907348651 -0.79332312941551197 0.26952958106994634 0.15198152512311938 -0.87620967626571644 0.36648726463317877 4.9249999523162851 -0.66248837113380421 1.0000000180025095e-35 0.77159520983695995 0.63303324580192577 -0.91597560048103321 -0.82801559567451466 -0.7865660786628722 4.7850000858306894 3.1049998998641972 8.0404844284057635 1.0000000180025095e-35
decision_type=2 2 2 2 8 2 2 2 2 2 2 2 2 2 2 2 2 2 2 2 2 2 2 2 2 2 10 2 2 2
left_child=1 19 9 5 -4 6 -3 -8 -7 -2 11 12 18 15 -15 16 -14 -18 -5 -1 21 23 28 -12 26 -26 -23 -27 -22 -24
right_child=2 3 4 10 -6 8 7 -9 -10 -11 20 -13 13 14 -16 -17 17 -19 -20 -21 22 24 29 -25 25 27 -28 -29 -30 -31
leaf_value=-0.00011396045406727963 -2.6385072919549168e-05 -0.00036425086327886071 0.0004286621294375237 -8.3622332747033005e-05 0.00038666311679510514 -6.4755561157788747e-05 -0.00014226175990919994 0.00044967526923376036 -1.7869315541492113e-05 0.00010221655615292314 -0.0010707515399992708 -0.0028289411101536694 0.00097149195472853169 0.0010922787384117089 -0.00039629563435918672 0.0062654002739664042 -0.0012142014552937481 -0.0044203061080958514 -0.0020522319321645702 -6.645739574082759e-05 -4.9610296941658566e-05 0.0080839473215503967 -0.00012541877269068528 0.00040003177993999385 0.0028142266087183652 -0.00018685688631619294 -0.0015910300872727476 0.0013482341658315857 0.00088091420477150466 -0.0011853859183236465
leaf_weight=498 552 831 1132 6367 586 5576 183 615 5787 1171 1917 106 851 2116 410 97 1414 279 2065 1522 5346 139 2356 5125 1894 479 434 2379 3435 2290
leaf_count=498 552 831 1132 6367 586 5576 183 615 5787 1171 1917 106 851 2116 410 97 1414 279 2065 1522 5346 139 2356 5125 1894 479 434 2379 3435 2290
internal_value=-0.000491744 -0.00134364 0.0129861 -0.000820062 0.0205456 -0.00410095 -0.0118421 -0.00398506 -0.00298645 0.00541088 0.000259467 -0.00173231 -0.00147383 0.00165313 0.00647965 -0.00296674 -0.00415849 -0.00851001 -0.00338983 -0.0149136 0.00131788 0.00310782 -0.000331298 -0.000227047 0.00751407 0.00903931 -0.00510381 0.0051694 0.00191782 -0.00457966
internal_weight=57952 54511 3441 52491 1718 12992 1629 798 11363 1723 39499 13705 13599 5167 2526 2641 2544 1693 8432 2020 25794 12367 13427 7042 5325 4752 573 2858 8781 4646
internal_count=57952 54511 3441 52491 1718 12992 1629 798 11363 1723 39499 13705 13599 5167 2526 2641 2544 1693 8432 2020 25794 12367 13427 7042 5325 4752 573 2858 8781 4646
is_linear=0
shrinkage=0.05


Tree=102
num_leaves=31
num_cat=0
split_feature=3 5 0 12 9 6 9 8 8 2 15 10 10 6 13 7 8 15 7 6 7 3 8 10 11 5 7 2 15 3
split_gain=237.163 162.178 74.8282 56.6636 55.8816 39.4315 42.3151 31.4738 33.1699 30.6346 31.9555 28.2887 27.7067 25.7862 23.6018 33.2014 33.5517 31.1176 34.6074 30.7728 35.7984 45.567 29.5205 48.6547 54.963 45.1593 44.3968 38.0771 29.7271 34.2798
threshold=12.345750331878664 1.985000014305115 1.0000000180025095e-35 -0.13052122294902799 14.244999885559084 951.35000610351574 0.7150000035762788 -0.35321410000324244 0.95572271943092357 3.5000000000000004 34.500000000000007 0.94260558485984813 -0.99535831809043873 963.64999389648449 0.91597560048103344 -0.97789707779884327 0.090250775218009963 24.500000000000004 -0.96582093834877003 946.95001220703136 0.41470260918140417 8.2537126541137713 0.85581842064857494 0.66259482502937328 7.7500000000000009 2.6983333826065068 -0.05368517339229583 43.500000000000007 13.500000000000002 8.4692015647888201
decision_type=2 2 2 2 8 2 10 2 2 2 2 2 2 2 2 2 2 2 2 2 2 2 2 2 2 2 2 2 2 2
left_child=1 3 7 13 11 12 -7 -2 -9 -8 -11 -4 -5 -1 15 16 -3 22 -19 -16 21 -21 23 27 25 -25 -26 28 29 -17
right_child=2 14 4 5 -6 6 9 8 -10 10 -12 -13 -14 -15 19 17 -18 18 -20 20 -22 -23 -24 24 26 -27 -28 -29 -30 -31
leaf_value=-6.4842858916738975e-05 -2.833105637926048e-05 0.00035444196138287727 0.00043440165050777639 -0.0001081362959926026 0.00036732996095534823 -6.290971039906602e-05 -0.00012605806298291873 0.00026489774805610881 -3.6537793932972519e-05 -6.5518896618058748e-05 -4.8106027184533897e-05 0.00038262804846059262 -4.0121767304560253e-05 -9.2025529102511642e-05 -0.0018018957696501641 -0.0015511778319570583 0.0035008057345251166 -0.0037329219221955536 0.00011689561821616886 -0.00041627385431778729 -0.00096254282395504378 0.0032838857285596213 -0.0010369220222123611 0.00053494259074587664 0.002156137522386884 -0.0012604670179177544 -0.00021718431878871292 0.0024824974341463436 -0.00041261255963350384 0.0012458144488631557
leaf_weight=4975 584 1544 1052 276 582 573 154 905 350 514 2179 191 1301 326 976 550 683 351 29057 1442 1764 828 915 323 1164 677 374 326 3048 118
leaf_count=4975 584 1544 1052 276 582 573 154 905 350 514 2179 191 1301 326 976 550 683 351 29057 1442 1764 828 915 323 1164 677 374 326 3048 118
internal_value=-0.000530057 -0.00135922 0.0117743 -0.00700767 0.0189344 -0.0108257 -0.0138394 0.00463666 0.0090873 -0.0113079 -0.0100259 0.0128606 -0.00426675 -0.00340181 -4.07747e-05 0.000373068 0.0062948 1.49019e-05 0.000747969 -0.00327019 -0.00133696 0.00281319 -0.00286 -0.00168565 0.00373575 -0.00537313 0.00965651 -0.00509019 -0.0065305 -0.0160475
internal_weight=58102 54438 3664 10298 1825 4997 3420 1839 1255 2847 2693 1243 1577 5301 44140 39130 2227 36903 29408 5010 4034 2270 7495 6580 2538 1000 1538 4042 3716 668
internal_count=58102 54438 3664 10298 1825 4997 3420 1839 1255 2847 2693 1243 1577 5301 44140 39130 2227 36903 29408 5010 4034 2270 7495 6580 2538 1000 1538 4042 3716 668
is_linear=0
shrinkage=0.05


Tree=103
num_leaves=31
num_cat=0
split_feature=3 3 0 11 9 7 10 7 6 10 7 6 7 7 6 15 7 9 10 6 8 7 6 7 7 3 6 6 15 15
split_gain=243.772 140.165 72.3796 68.764 56.0022 36.4689 50.7378 32.2413 30.9817 29.7833 29.7208 36.7668 28.8996 28.4666 39.5368 28.4085 27.65 44.4154 25.2788 24.4048 23.7793 84.0132 41.7866 27.4059 56.9622 27.4194 24.3811 35.0361 24.3691 24.1771
threshold=12.466289043426515 1.7241498827934267 1.0000000180025095e-35 3.5499999523162846 14.244999885559084 -0.34717741608619684 -0.95368063449859608 0.99468535184860241 951.04998779296886 0.96359375119209301 -0.45724393427371973 952.75000000000011 -0.66248837113380421 0.99940901994705211 962.45001220703136 90.500000000000014 -0.98450490832328785 4.0850000381469735 0.94260558485984813 958.75000000000011 -0.97653719782829274 0.15198152512311938 954.45001220703136 -0.11364490166306494 -0.045113071799278252 4.8234672546386728 953.14999389648449 958.95001220703136 53.500000000000007 21.500000000000004
decision_type=2 2 2 2 8 2 2 2 2 2 2 2 2 2 2 2 2 8 2 2 2 2 2 2 2 2 2 2 2 2
left_child=1 12 8 5 18 6 -3 15 -2 19 11 16 -1 14 -9 -7 17 -8 -4 -10 21 23 28 29 26 -26 -25 -28 -23 -5
right_child=2 3 4 20 -6 7 10 13 9 -11 -12 -13 -14 -15 -16 -17 -18 -19 -20 -21 -22 22 -24 24 25 -27 27 -29 -30 -31
leaf_value=-0.00010432979845447152 0.00037297180111802168 -0.0001349617956850049 0.00041700153619600444 0.0039507315261842592 0.00034896346290758107 -0.00010229870174495657 -0.0011044290133788229 0.0055072557724112677 -1.7941559881540225e-05 -7.2870417782588959e-05 0.0033075337031935703 -0.0011882420174429854 -5.7430818398814155e-05 -4.1495853757694914e-05 -2.773691087275647e-05 0.0021810538531176651 0.0006114785358617566 0.0016117235217698381 0.00036522438373871592 0.00013246344383182896 -1.6703619191052976e-05 0.0004214252421238518 0.010722835908249018 -0.0046084044115689646 0.0011145681841216557 -0.00014519189852126303 0.0022088810969441096 -0.0024656666775981165 0.013018945074763633 0.001527602276165741
leaf_weight=513 419 1597 952 108 586 7934 147 108 767 91 265 129 1553 234 94 114 2147 165 175 446 36832 219 175 201 246 1007 94 102 105 591
leaf_count=513 419 1597 952 108 586 7934 147 108 767 91 265 129 1553 234 94 114 2147 165 175 446 36832 219 175 201 246 1007 94 102 105 591
internal_value=-0.000528208 -0.0013404 0.0123801 -0.0008381 0.0196449 -0.0040034 -0.0003367 -0.00592532 0.00512153 0.0012987 0.0036564 0.0020054 -0.0140995 0.00725624 0.0207729 -0.00664349 0.0033888 -0.0104101 0.01303 0.00340722 0.000194028 0.00459166 0.0231151 0.000615973 -0.0029003 0.00234499 -0.0192786 -0.00646766 0.0121581 0.00887784
internal_weight=58116 54680 3436 52614 1713 12934 4450 8484 1723 1304 2853 2588 2066 436 202 8048 2459 312 1127 1213 39680 2848 499 2349 1650 1253 397 196 324 699
internal_count=58116 54680 3436 52614 1713 12934 4450 8484 1723 1304 2853 2588 2066 436 202 8048 2459 312 1127 1213 39680 2848 499 2349 1650 1253 397 196 324 699
is_linear=0
shrinkage=0.05


Tree=104
num_leaves=31
num_cat=0
split_feature=3 5 1 3 9 8 8 12 15 7 5 8 15 11 13 10 6 6 15 13 10 11 8 15 2 7 8 4 13 7
split_gain=214.848 139.015 72.4902 61.7013 52.1315 31.4356 29.7217 40.0446 32.6381 25.7505 23.6123 23.4201 29.5412 24.478 23.1905 22.9435 22.533 22.305 21.5088 21.645 44.9804 74.2623 54.8138 50.1834 46.8552 45.423 43.8029 40.3849 38.9822 38.597
threshold=12.466289043426515 2.0249999761581425 1.0000000180025095e-35 1.7241498827934267 14.244999885559084 -0.34918220341205591 1.0000000180025095e-35 -0.33379416167736048 83.500000000000014 0.98805528879165661 9.1316666603088397 0.83987808227539074 64.500000000000014 17.44999980926514 -0.7865660786628722 0.94260558485984813 962.75000000000011 949.75000000000011 97.500000000000014 0.12940952181816109 0.78257837891578685 6.1499998569488534 -0.86458376049995411 28.500000000000004 43.500000000000007 -0.98994910717010487 -0.89706552028655995 3.745000004768372 -0.7865660786628722 -0.5677773356437682
decision_type=2 2 2 2 8 2 2 2 2 2 2 2 2 2 2 2 2 2 2 2 2 2 2 2 2 2 2 2 2 2
left_child=1 3 4 17 15 -4 9 8 -8 -5 18 13 -13 -7 -9 -2 -16 -1 19 20 22 23 26 27 -25 -24 -3 -22 -27 -21
right_child=2 10 5 6 -6 11 7 14 -10 -11 -12 12 -14 -15 16 -17 -18 -19 -20 29 21 -23 25 24 -26 28 -28 -29 -30 -31
leaf_value=-9.4747746144621504e-05 0.00039586037140232344 0.00039847050749552157 -2.6017425566221553e-05 -3.9701923007962919e-05 0.00033151528976220203 0.00027801155961005853 4.4542091213322766e-06 -4.0867772655661491e-05 -0.00054922977996738672 0.00067829612544456597 0.00082469537150830228 -6.5987729329589076e-05 7.3372829057005706e-05 0.00050200658194108911 -8.2918968648616851e-05 0.00034210228719228634 -8.0034445264392902e-05 -5.2797694261269747e-05 0.0057626277084345708 0.00037737628007324944 -0.00027137682956759494 0.00079896064257598551 0.0018321185109999591 0.00060802708006273208 -0.0014047564745006099 -0.0010303227294663111 0.002699270714377994 -0.0027391258022669376 -7.2635134636942544e-05 -0.00034952936308759591
leaf_weight=627 951 2370 542 4784 563 527 1502 401 139 233 128 338 155 155 1505 175 286 1354 94 5582 636 5248 910 3192 1209 4685 319 347 5822 13281
leaf_count=627 951 2370 542 4784 563 527 1502 401 139 233 128 338 155 155 1505 175 286 1354 94 5582 636 5248 910 3192 1209 4685 319 347 5822 13281
internal_value=-0.000477052 -0.00123676 0.0116974 -0.00630768 0.0190378 0.00444251 -0.00451722 -0.0078296 -0.00191373 -0.00198128 1.71123e-05 0.00902542 0.000702811 0.0149927 -0.012244 0.0127321 -0.0146715 -0.0142749 -4.69108e-05 -9.97569e-05 0.000872974 0.00332801 -0.00097796 -0.000797922 0.00148661 -0.00249081 0.00543801 -0.0109818 -0.0034199 -0.00137534
internal_weight=58060 54654 3406 10831 1689 1717 8850 3833 1641 5017 43823 1175 493 682 2192 1126 1791 1981 43695 43601 24738 10632 14106 5384 4401 11417 2689 983 10507 18863
internal_count=58060 54654 3406 10831 1689 1717 8850 3833 1641 5017 43823 1175 493 682 2192 1126 1791 1981 43695 43601 24738 10632 14106 5384 4401 11417 2689 983 10507 18863
is_linear=0
shrinkage=0.05


Tree=105
num_leaves=31
num_cat=0
split_feature=3 3 0 9 11 7 7 10 10 2 15 7 8 8 4 9 11 3 7 8 7 4 8 3 15 8 8 8 3 5
split_gain=200.909 128.283 70.1397 63.3166 61.0172 37.9605 43.4506 35.7236 33.1672 29.2114 28.521 41.1917 69.7314 41.8037 40.3187 39.2844 33.518 32.3928 27.7644 27.4351 87.2792 29.9049 27.1438 26.7223 25.2025 34.7836 31.2584 37.1742 26.2918 36.8575
threshold=12.345750331878664 1.7241498827934267 1.0000000180025095e-35 14.244999885559084 3.5499999523162846 -0.34717741608619684 -0.45724393427371973 -0.82409480214118946 0.94260558485984813 29.500000000000004 37.500000000000007 0.30247184634208685 -0.71989676356315602 -0.61794704198837269 2.1049998998641972 5.2850000858306894 2.6499999761581425 4.8234672546386728 -0.77000474929809559 -0.97653719782829274 0.16894881427288058 3.745000004768372 -0.33302289247512812 7.2970604896545419 57.500000000000007 1.0000000180025095e-35 0.9392831325531007 0.98336225748062145 2.6383464336395268 1.485000014305115
decision_type=2 2 2 8 2 2 2 2 2 2 2 2 2 2 2 10 2 2 2 2 2 2 2 2 2 2 2 2 2 2
left_child=1 18 22 8 5 6 7 9 -4 -3 11 15 -13 -14 17 -7 -15 24 -1 20 21 -6 -2 -22 26 -26 28 -28 -12 -30
right_child=2 4 3 -5 19 10 -8 -9 -10 -11 14 12 13 16 -16 -17 -18 -19 -20 -21 23 -23 -24 -25 25 -27 27 -29 29 -31
leaf_value=-6.8371662538633913e-05 -2.35902392091647e-05 -0.00024081677431275449 0.00035017707194504591 0.00031493952527409389 0.00072464361738077809 -7.9754728967537669e-05 0.0016071142693351054 0.00039440110126421311 0.0003368402597770326 0.00023729599073659923 -9.4719503500537757e-05 0.0034628837069826755 -0.0013304242178184826 -0.00023633120494554287 -1.3944440742411774e-05 -0.0023241223125619022 0.0013393668563901403 -0.0012204032738079695 -5.2914779598525061e-05 -2.2589790297878819e-05 0.004555590937770514 -0.00040574013352771279 0.0001050204082368389 0.012018029509671641 0.00025484747676606629 -3.6162345693804749e-05 0.0037913445442347192 -0.00019781931778891696 0.00061155867731761617 -0.00024323779178216489
leaf_weight=424 625 1511 1043 571 904 654 400 1853 187 663 398 172 178 145 3265 444 133 227 1640 36541 243 1496 1218 173 754 1266 86 136 157 519
leaf_count=424 625 1511 1043 571 904 654 400 1853 187 663 398 172 178 145 3265 444 133 227 1640 36541 243 1496 1218 173 754 1266 86 136 157 519
internal_value=-0.000560045 -0.00132201 0.0107975 0.0178018 -0.000839019 -0.00381382 -5.64079e-05 -0.0016245 0.011336 -0.00596604 -0.0057618 -0.0114962 -0.00126382 -0.0114967 -0.0043006 -0.0173164 0.000706714 -0.00799042 -0.0135331 0.000140999 0.00489188 0.00120582 0.00392316 0.0258907 -0.00671484 -0.00320988 -0.0121445 0.00484581 -0.0156627 -0.00954479
internal_weight=58026 54382 3644 1801 52318 12961 4427 4027 1230 2174 8534 1726 628 456 6808 1098 278 3543 2064 39357 2816 2400 1843 416 3316 2020 1296 222 1074 676
internal_count=58026 54382 3644 1801 52318 12961 4427 4027 1230 2174 8534 1726 628 456 6808 1098 278 3543 2064 39357 2816 2400 1843 416 3316 2020 1296 222 1074 676
is_linear=0
shrinkage=0.05


Tree=106
num_leaves=31
num_cat=0
split_feature=3 3 0 11 4 8 7 8 4 4 7 10 7 3 8 10 8 6 10 6 4 6 15 7 7 13 6 8 8 11
split_gain=217.167 128.093 76.6466 62.8694 47.6473 31.8022 31.6072 28.3189 28.1428 27.4942 28.3268 35.4456 64.7049 33.6093 28.1952 27.2516 28.0222 26.9583 26.703 27.0355 24.8081 23.4242 22.4548 38.7995 32.4136 39.9769 29.3225 28.4786 63.4739 27.2584
threshold=12.576756954193117 1.7241498827934267 1.0000000180025095e-35 3.5499999523162846 9.7150001525878924 -0.93779578804969776 -0.29014293849468226 -0.99960738420486439 8.1050000190734881 2.1350001096725468 -0.045113071799278252 -0.95368063449859608 -0.98134601116180409 4.6726553440094003 0.7266007959842683 -0.5663846731185912 -0.98336225748062123 951.04998779296886 0.96359375119209301 958.25000000000011 1.5900000333786013 952.64999389648449 31.500000000000004 0.87412264943122875 -0.92117106914520253 0.78656607866287243 941.04998779296886 -0.30041381716728205 -0.22162339836359021 8.9499998092651385
decision_type=2 2 2 2 2 2 2 2 2 2 2 2 2 2 2 2 2 2 2 2 2 2 2 2 2 2 2 2 2 2
left_child=1 21 17 5 6 7 -4 -3 -8 10 11 -7 -13 14 -12 16 -9 -2 19 -19 -17 -1 23 24 25 27 -26 -5 -29 -28
right_child=2 3 4 22 -6 9 8 15 -10 -11 13 12 -14 -15 -16 20 -18 18 -20 -21 -22 -23 -24 -25 26 -27 29 28 -30 -31
leaf_value=-8.0627345663094284e-05 0.00032480965313463894 0.0018038951421364261 -0.00047044188315815142 0.0036417493491766166 0.00029814039975258337 -0.00010662417909935198 0.00026896376217425133 0.00015436331335950024 0.00033158550382556554 -4.4312151519569981e-05 -2.997632887871988e-05 -0.001034324277359955 0.00078826003992781609 -0.0011028650251525979 -0.00013492199023663713 -6.5638785355122065e-05 -0.00020602790580538384 -2.3537042327453908e-05 -7.1178530838816875e-05 0.00010499539945102443 -0.00093178386290335082 -4.3379965517487697e-05 0.00014174781444765513 -0.0026689439878500604 -0.0014031787068395003 -0.0013665056953184333 -0.00021685517078871079 -0.0033880552630133143 0.0009573833774957866 0.00013527344288302747
leaf_weight=892 377 97 168 532 381 995 385 432 683 5718 2389 151 1142 256 616 204 438 677 89 453 443 1146 26050 107 333 291 6228 261 1840 4272
leaf_count=892 377 97 168 532 381 995 385 432 683 5718 2389 151 1142 256 616 204 438 677 89 453 443 1146 26050 107 333 291 6228 261 1840 4272
internal_value=-0.000582247 -0.00132299 0.0120416 -0.000847538 0.0196979 -0.00388406 0.0148268 -0.0104385 0.017987 -0.00294092 -0.00544653 -0.0011775 0.00427581 -0.00843539 -0.00692691 -0.0121222 -0.00628571 0.00424735 0.000612745 0.00273128 -0.019862 -0.0136074 0.000132769 -0.00149254 -0.00125345 0.00341413 -0.0025143 0.00536391 0.00273029 -0.00204664
internal_weight=58046 54833 3213 52795 1617 12881 1236 1614 1068 11267 5549 2288 1293 3261 3005 1517 870 1596 1219 1130 647 2038 39914 13864 13757 2924 10833 2633 2101 10500
internal_count=58046 54833 3213 52795 1617 12881 1236 1614 1068 11267 5549 2288 1293 3261 3005 1517 870 1596 1219 1130 647 2038 39914 13864 13757 2924 10833 2633 2101 10500
is_linear=0
shrinkage=0.05


Tree=107
num_leaves=31
num_cat=0
split_feature=3 5 1 3 9 8 8 12 8 15 7 15 8 8 7 9 13 8 8 7 7 7 8 8 12 9 10 10 8 7
split_gain=185.955 150.726 99.1449 57.1043 36.431 32.7978 29.8962 29.8012 28.3863 26.7407 24.647 20.6871 36.6682 86.7611 57.9696 45.8235 44.0522 52.4671 57.3094 91.7595 78.0606 70.6222 45.3148 41.1893 39.6178 34.9711 40.7994 33.8854 30.7592 30.2544
threshold=13.166532993316652 2.0049999952316289 1.0000000180025095e-35 1.7241498827934267 13.404999732971193 -0.6077672243118285 1.0000000180025095e-35 -0.33379416167736048 0.98704001307487499 82.500000000000014 0.98805528879165661 40.500000000000007 0.88337317109107982 0.8730936348438264 0.31881132721900945 6.7750000953674325 -0.37940952181816096 -0.13282711803913114 0.57659667730331432 -0.60945609211921681 0.49128657579422003 0.51358211040496837 -0.15409970283508298 0.80060017108917247 -0.43049471080303187 12.454999923706056 0.85260769724845897 -0.76037701964378346 -0.98009455204009999 0.98049062490463268
decision_type=2 2 2 2 8 2 2 2 2 2 2 2 2 2 2 10 2 2 2 2 2 2 2 2 2 8 2 2 2 2
left_child=1 3 4 -1 -2 -4 10 9 -7 -8 -5 29 13 16 -14 -15 23 22 -19 -20 -21 -22 -18 25 -23 28 -27 -25 -13 -3
right_child=2 11 5 6 -6 8 7 -9 -10 -11 -12 12 14 15 -16 -17 17 18 19 20 21 24 -24 27 -26 26 -28 -29 -30 -31
leaf_value=-5.1414922542646679e-05 0.00031478450097010007 -7.2487710570107175e-05 -3.4848840510498524e-05 -4.0426764196241534e-05 0.00028626480842717795 7.7953080078743689e-05 -2.6874779980829487e-05 -7.1307228840713537e-05 -7.8540228482804064e-05 -0.00045310479091489647 0.00070250271428582865 0.0049348383913346006 0.0002025410349963064 -0.0049081507164362003 0.0030223842860909681 0.00015997377511633439 0.00024043771834084891 -0.0011244733505038618 0.0052359842813996613 -0.0054932611480830312 0.0064011166791973556 0.006342265383227891 0.0076389145673265886 0.00087901992273879822 -0.00056324625408973286 -0.00045563431477866831 0.0024909389562969928 0.0079738678411821057 0.00016524779288929793 -0.003264190555087928
leaf_weight=1967 345 22497 232 4725 794 770 1422 2160 150 147 235 215 2960 191 1145 108 5406 3844 596 291 161 205 142 227 1275 222 342 132 5250 138
leaf_count=1967 345 22497 232 4725 794 770 1422 2160 150 147 235 215 2960 191 1145 108 5406 3844 596 291 161 205 142 227 1275 222 342 132 5250 138
internal_value=-0.00046656 -0.00103824 0.01348 -0.00638777 0.0239073 0.0031115 -0.00464113 -0.00802089 0.00735135 -0.00276366 -0.00209466 0.000219395 0.00128538 0.000341178 0.00555961 -0.0261513 0.000780866 -0.00101468 -0.00410851 0.00173707 -0.00356221 0.000698663 0.00253917 0.00412952 -0.00276094 0.00314054 0.0149385 0.020467 0.00191042 -0.000850265
internal_weight=58294 56003 2291 10656 1139 1152 8689 3729 920 1569 4960 45347 22712 18607 4105 299 18308 11920 6372 2528 1932 1641 5548 6388 1480 6029 564 359 5465 22635
internal_count=58294 56003 2291 10656 1139 1152 8689 3729 920 1569 4960 45347 22712 18607 4105 299 18308 11920 6372 2528 1932 1641 5548 6388 1480 6029 564 359 5465 22635
is_linear=0
shrinkage=0.05


Tree=108
num_leaves=31
num_cat=0
split_feature=3 3 0 9 11 7 8 8 15 11 8 8 15 7 8 8 12 11 10 7 7 11 7 9 7 7 13 15 13 10
split_gain=202.492 122.894 86.9471 60.2745 51.2495 28.5563 28.0068 30.8215 28.6607 30.3332 25.2839 32.0143 25.22 37.8382 28.1158 31.609 26.5869 25.2256 24.1705 23.5326 33.7412 35.2965 28.4559 25.0648 24.7479 23.5241 23.009 26.3739 22.9686 53.3398
threshold=12.576756954193117 1.7241498827934267 1.0000000180025095e-35 14.244999885559084 3.5499999523162846 -0.77000474929809559 -0.93779578804969776 -0.021515898406505581 53.500000000000007 1.4499999880790713 -0.33302289247512812 0.86674088239669811 31.500000000000004 0.87412264943122875 0.89129894971847545 0.038721922785043723 0.39873388409614569 13.050000190734865 0.94260558485984813 -0.93400302529335011 -0.55354335904121388 9.7500000000000018 -0.7360914647579192 5.3250000476837167 -0.84102764725685109 0.99468535184860241 -0.37940952181816096 65.500000000000014 1.0000000180025095e-35 -0.72534674406051625
decision_type=2 2 2 8 2 2 2 2 2 2 2 2 2 2 2 2 2 2 2 2 2 2 2 10 2 2 2 2 2 2
left_child=1 5 10 18 6 -1 8 25 9 -3 -2 -12 13 14 15 17 19 -6 -4 -17 22 -22 24 -24 -21 -8 -13 -28 29 -14
right_child=2 4 3 -5 12 -7 7 -9 -10 -11 11 26 28 -15 -16 16 -18 -19 -20 20 21 -23 23 -25 -26 -27 27 -29 -30 -31
leaf_value=-5.6380937875973212e-05 -2.0617748185552954e-05 0.001058152352662688 0.0003327583894088493 0.00026997228860139999 -0.00020168056530930762 -4.7765489773722495e-05 -1.268345780683104e-05 -8.1634486743729399e-05 0.0010633773148480939 -0.00024015552043642684 0.0003804874288544147 -0.00012040721960679957 -8.7351034333799094e-05 -0.0025443443933679481 -0.00036359211728943233 0.0015738243752591446 0.0012098431299701396 0.00051365168609672778 0.00028300125098965344 -0.0011967084522541043 0.0036926454731722042 -0.0033705594175180986 -0.0019474973007622229 -0.0014494424946950137 0.0012608186750106593 0.0043353872262090962 -3.0661596647085786e-05 0.00013838235348387907 -3.5644591875938492e-05 0.00080662857050588796
leaf_weight=412 530 87 871 565 8353 1629 5536 5681 216 1324 585 153 6403 109 1644 564 1100 757 160 405 214 92 120 281 166 112 229 89 13619 6146
leaf_count=412 530 87 871 565 8353 1629 5536 5681 216 1324 585 153 6403 109 1644 564 1100 757 160 405 214 92 120 281 166 112 229 89 13619 6146
internal_value=-0.000486614 -0.00119691 0.0117666 0.0199875 -0.000732044 -0.0132209 -0.00346424 -0.00258073 -0.00958946 -0.0121822 0.00345695 0.00791706 0.000153835 -0.00157495 -0.00133567 -0.000497636 0.00400407 -0.00195283 0.0126931 0.000324851 -0.00342946 0.0109325 -0.00798362 -0.0181034 -0.00078125 3.53794e-05 -0.00178571 0.00588235 0.00106598 0.00260873
internal_weight=58152 54970 3182 1596 52929 2041 12956 11329 1627 1411 1586 1056 39973 13805 13696 12052 2942 9110 1031 1842 1278 306 972 401 571 5648 471 318 26168 12549
internal_count=58152 54970 3182 1596 52929 2041 12956 11329 1627 1411 1586 1056 39973 13805 13696 12052 2942 9110 1031 1842 1278 306 972 401 571 5648 471 318 26168 12549
is_linear=0
shrinkage=0.05


Tree=109
num_leaves=31
num_cat=0
split_feature=3 3 0 9 5 6 6 10 3 9 6 2 6 15 8 7 10 7 7 15 8 8 7 7 15 6 3 7 10 11
split_gain=196.365 124.48 91.6435 56.2789 43.9873 28.106 29.5479 26.509 23.6091 23.1794 22.1232 23.7375 33.9451 21.301 28.8348 21.0464 32.7302 31.538 20.6511 19.7015 33.7148 70.9631 50.9577 44.1088 35.0698 36.717 37.245 32.4339 81.861 54.1874
threshold=12.576756954193117 1.7241498827934267 1.0000000180025095e-35 14.244999885559084 1.985000014305115 950.35000610351574 964.25000000000011 0.94260558485984813 2.5927240848541264 1.0000000180025095e-35 963.64999389648449 41.500000000000007 962.45001220703136 64.500000000000014 0.3253390789031983 -0.05368517339229583 -0.79332312941551197 -0.98134601116180409 -0.24042633175849912 40.500000000000007 0.88337317109107982 0.8730936348438264 0.1858661696314812 0.46866798400878912 60.500000000000007 956.04998779296886 5.7160196304321298 -0.27364997565746302 0.8038262426853181 8.2500000000000018
decision_type=2 2 2 8 2 2 2 2 2 10 2 2 2 2 2 2 2 2 2 2 2 2 2 2 2 2 2 2 2 2
left_child=1 9 5 7 10 -2 13 -4 -6 -1 11 12 15 -7 -15 16 -3 -18 -5 27 21 -21 24 -23 -22 26 -26 28 -10 -30
right_child=2 4 3 18 8 6 -8 -9 19 -11 -12 -13 -14 14 -16 -17 17 -19 -20 20 22 23 -24 -25 25 -27 -28 -29 29 -31
leaf_value=-5.9500705579870405e-05 0.00032835894613325589 -9.5104170209078849e-05 0.00031524277116081194 0.00025020208679483736 0.00011497278991505949 -3.4720788333394982e-05 0.00016690219751563928 0.00026964571424483721 -0.00036259667375248552 -4.3035622967789114e-05 -7.0736949687062777e-05 0.00016988398926784241 0.00056253412833211344 -5.3185478526845969e-05 0.00013401067417501134 -5.924312990073311e-05 -0.00077016439324718812 0.00075754668681921652 0.0002564736741713314 3.1309087490031043e-05 0.00070244776941034981 0.00078885395467922506 0.0028494676698164415 -0.0044919947622917419 0.0028279420369071054 -0.0040035767237480337 -0.0012752606980292727 -0.00034062852718723781 0.00018503397226381086 0.0021569167850714068
leaf_weight=127 328 2106 863 80 912 630 234 165 9835 1941 712 1226 239 202 214 3050 123 900 492 17582 1667 88 1551 211 100 249 372 7750 2489 1615
leaf_count=127 328 2106 863 80 912 630 234 165 9835 1941 712 1226 239 202 214 3050 123 900 492 17582 1667 88 1551 211 100 249 372 7750 2489 1615
internal_value=-0.00059165 -0.00129535 0.0114223 0.0198754 -0.000823197 0.00297582 -0.000389105 0.0127783 -0.000196957 -0.013314 -0.00415022 -0.00335992 -0.0045773 -0.00399619 0.00475059 -0.00529592 -0.00240906 0.00491245 0.032409 -0.000364251 0.000696449 -0.000226434 0.00488083 -0.0241776 0.00029252 -0.0088843 -0.000628931 -0.00143127 1.07573e-05 0.00593818
internal_weight=58053 54845 3208 1600 52777 1608 1280 1028 44421 2068 8356 7644 6418 1046 416 6179 3129 1023 572 43509 21820 17881 3939 299 2388 721 472 21689 13939 4104
internal_count=58053 54845 3208 1600 52777 1608 1280 1028 44421 2068 8356 7644 6418 1046 416 6179 3129 1023 572 43509 21820 17881 3939 299 2388 721 472 21689 13939 4104
is_linear=0
shrinkage=0.05


Tree=110
num_leaves=31
num_cat=0
split_feature=3 3 0 11 4 2 6 8 8 12 6 12 8 15 6 4 6 12 8 5 8 12 6 9 4 10 3 8 13 15
split_gain=170.373 124.401 96.9157 46.4673 37.4442 29.0911 26.4835 26.104 74.0746 25.5833 24.6603 32.3757 29.8525 47.5244 26.5858 27.7402 24.6347 24.6062 24.592 24.2792 22.2616 24.9928 27.4985 24.6055 24.0344 31.0465 27.2017 27.9003 25.9738 24.0277
threshold=13.166532993316652 1.7241498827934267 1.0000000180025095e-35 3.5499999523162846 8.1050000190734881 5.5000000000000009 950.35000610351574 -0.97653719782829274 -0.99351876974105824 -0.16504132002592084 954.54998779296886 -0.66259482502937306 -0.9980562925338744 38.500000000000007 955.95001220703136 6.4649999141693124 951.04998779296886 0.7933231294155122 -0.87309363484382618 2.9716666936874394 -0.93779578804969776 -0.13052122294902799 963.64999389648449 8.6250000000000018 2.1049998998641972 0.89490029215812694 4.8234672546386728 0.74620497226715099 -0.6035533845424651 76.500000000000014
decision_type=2 2 2 2 2 2 2 2 2 2 2 2 2 2 2 2 2 2 2 2 2 2 2 10 2 2 2 2 2 2
left_child=1 6 16 5 -4 -3 -1 8 10 -8 11 -5 13 -13 -12 19 -2 20 -18 -16 23 22 -22 -7 26 -26 27 -23 -27 -24
right_child=2 3 4 7 -6 17 9 -9 -10 -11 14 12 -14 -15 15 -17 18 -19 -20 -21 21 24 29 -25 25 28 -28 -29 -30 -31
leaf_value=-6.8702475908744359e-05 0.00025579948621031189 -0.00015236779571954287 9.5820854796008215e-05 0.0029911013121644873 0.00024634292070115359 -0.00015115847536465341 -5.5695263307696448e-05 2.426529254376947e-06 0.0023590721927450689 -3.4848083793746677e-05 0.0024038682904449788 -0.0013900383201955447 -0.0031153942289369897 0.0018292609145954431 0.00018446827722143485 0.0011449296418998335 -5.0358490598989562e-05 0.00038005296036738064 9.6845708651982498e-06 -0.0031668567394933125 0.00015470629993543999 -1.920424290087876e-05 -8.5453880288569303e-05 -0.0038087529301369678 -0.00041408043959984995 0.002389039808561073 -0.0012465256961313655 -0.00013395994527691377 -3.2107604546879194e-05 -0.00060107372059166775
leaf_weight=733 300 2160 192 103 950 1130 436 37857 1402 874 117 282 242 118 139 159 107 378 718 278 3991 1495 220 105 1176 402 183 379 1139 124
leaf_count=733 300 2160 192 103 950 1130 436 37857 1402 874 117 282 242 118 139 159 107 378 718 278 3991 1495 220 105 1176 402 183 379 1139 124
internal_value=-0.000370505 -0.000918619 0.0130502 -0.000456293 0.0232781 -0.00307286 -0.0130127 0.000372218 0.00499121 -0.0172624 -0.0029799 -0.00926667 -0.0134467 -0.00493827 0.00379656 -0.000688468 0.00261062 -0.00200429 -0.00186747 -0.00746445 -0.00246401 -0.00160742 0.00114055 -0.00875 -0.00410128 -0.00101029 -0.00817168 -0.00633316 0.00365459 -0.0123209
internal_weight=57889 55622 2267 53579 1142 12882 2043 40697 2840 1310 1438 745 642 400 693 576 1125 10722 825 417 10344 9109 4335 1235 4774 2717 2057 1874 1541 344
internal_count=57889 55622 2267 53579 1142 12882 2043 40697 2840 1310 1438 745 642 400 693 576 1125 10722 825 417 10344 9109 4335 1235 4774 2717 2057 1874 1541 344
is_linear=0
shrinkage=0.05


Tree=111
num_leaves=31
num_cat=0
split_feature=3 3 0 11 9 7 12 7 11 2 12 7 2 8 7 6 6 14 10 8 11 7 13 6 12 8 15 9 8 8
split_gain=171.789 116.151 87.5396 52.546 35.2911 25.0463 26.979 24.5582 24.5101 23.8888 30.6742 21.4352 19.9356 24.6754 63.3918 40.2206 40.4485 30.1955 25.6443 68.7 48.2774 46.8982 71.9095 59.0471 40.843 55.0813 51.8613 51.641 38.7803 76.0466
threshold=13.166532993316652 1.7241498827934267 1.0000000180025095e-35 3.5499999523162846 13.315000057220461 -0.77000474929809559 0.39873388409614569 -0.86779624223709095 3.6499999761581425 29.500000000000004 -0.97625884413719166 -0.74761795997619618 2.5000000000000004 -0.97653719782829274 0.15198152512311938 952.75000000000011 949.54998779296886 3.7749999761581425 0.23343648016452792 -0.93779578804969776 6.2500000000000009 -0.66248837113380421 -0.37940952181816096 947.14999389648449 -0.095842104405164705 -0.62132811546325672 58.500000000000007 7.5350000858306894 -0.82801559567451466 -0.88134551048278797
decision_type=2 2 2 2 8 2 2 2 2 2 2 2 2 2 2 2 2 10 2 2 2 2 2 2 2 2 2 10 2 2
left_child=1 5 -2 9 -4 7 -7 -1 -8 10 -3 -11 -5 14 17 16 -16 -14 24 -20 -21 23 28 -22 25 26 -15 -27 29 -23
right_child=2 3 4 12 -6 6 8 -9 -10 11 -12 -13 13 18 15 -17 -18 -19 19 20 21 22 -24 -25 -26 27 -28 -29 -30 -31
leaf_value=-0.00012680040122262112 1.8492155727989347e-05 0.00083445621842372303 0.00026582237292570586 0.0015526302785665276 0.00023257800721128986 -4.5292202942060109e-05 -4.2098122589683077e-05 0.002459279019027582 -2.2421007841981653e-05 0.00073518345200600038 -8.8495548933910506e-05 -4.6393869315961705e-05 0.00064178303834101856 0.0018439252301963611 0.010549493553108386 0.0097402890099352359 -0.001843624895294831 -8.4057880844701227e-05 -0.0014412392298978839 -0.00010500115043024002 0.0014090731225005937 0.0023576221927058827 -0.00010095005854002804 0.0060019564807741906 -0.00028427986791054608 -0.00059409007353995735 -0.00071851878044000843 0.00046198214409532562 0.0011160493768479329 -0.003745497071094605
leaf_weight=336 1145 475 319 1437 816 935 510 87 205 799 8086 3545 321 2186 81 255 152 1941 693 8138 1122 174 4248 589 7004 5151 777 3978 2507 108
leaf_count=336 1145 475 319 1437 816 935 510 87 205 799 8086 3545 321 2186 81 255 152 1941 693 8138 1122 174 4248 589 7004 5151 777 3978 2507 108
internal_value=-0.000483441 -0.00103322 0.012954 -0.000584877 0.0227632 -0.0126323 -0.0154079 -0.00175234 -0.0227083 -0.00336561 -0.00489727 -0.000344907 0.000293635 8.24245e-05 0.0046461 0.0208925 0.00567227 0.00110278 -0.00026036 0.00111749 0.00175241 0.00432994 0.00252059 0.0117424 -0.00152872 0.000231462 0.00614892 -0.00169148 0.00875089 -0.0087108
internal_weight=58120 55840 2280 53767 1135 2073 1650 423 715 12905 8561 4344 40862 39425 2750 488 233 2262 36675 17579 16886 8748 7037 1711 19096 12092 2963 9129 2789 282
internal_count=58120 55840 2280 53767 1135 2073 1650 423 715 12905 8561 4344 40862 39425 2750 488 233 2262 36675 17579 16886 8748 7037 1711 19096 12092 2963 9129 2789 282
is_linear=0
shrinkage=0.05


Tree=112
num_leaves=31
num_cat=0
split_feature=3 3 0 9 11 8 8 6 8 7 6 8 7 9 13 12 14 6 2 15 6 12 0 5 11 7 6 13 8 8
split_gain=172.781 118.117 76.4235 52.3903 38.5334 29.1022 27.0234 25.8237 25.5508 77.3133 57.019 24.719 43.2101 31.0083 24.785 24.2285 23.3799 23.3203 23.2358 21.412 20.868 24.6456 20.8632 20.1604 20.1282 19.3503 19.1941 18.9857 18.3034 44.8425
threshold=12.466289043426515 1.7241498827934267 1.0000000180025095e-35 14.244999885559084 3.5499999523162846 -0.93779578804969776 -0.99960738420486439 951.04998779296886 -0.97653719782829274 0.16894881427288058 952.54998779296886 -0.99351876974105824 -0.070841956883668886 8.4949998855590838 -0.37940952181816096 0.7933231294155122 4.6150000095367441 961.04998779296886 2.5000000000000004 71.500000000000014 949.75000000000011 -0.13052122294902799 1.0000000180025095e-35 9.1316666603088397 10.550000190734865 -0.23208956420421598 949.25000000000011 -0.6035533845424651 -0.89706552028655995 -0.85581842064857472
decision_type=2 2 2 8 2 2 2 2 2 2 2 2 2 10 2 2 10 2 2 2 2 2 2 2 2 2 2 2 2 2
left_child=1 20 7 -4 5 6 -3 -2 9 11 -11 12 -6 15 -15 -13 -8 19 -10 24 -1 -22 -7 28 -9 -5 -14 -23 -20 -30
right_child=2 4 3 25 8 22 16 17 18 10 -12 13 26 14 -16 -17 -18 -19 23 -21 21 27 -24 -25 -26 -27 -28 -29 29 -31
leaf_value=-6.7750254991949627e-05 0.00030079106173933615 0.0022525534339575834 0.00025255422696566224 0.00020786670244029584 -0.0027593267200254758 -9.0904479942983694e-05 -0.00014015292137710864 0.00026010256847130433 0.0017149232392384849 0.00011057136358460923 0.011052663064664132 0.0029271182930615926 0.0092577175478423864 0.001091319452423567 -0.002816304989764833 -0.0017710701688748111 -0.0017721204189753152 0.00011855990156655061 -0.00032282789759417453 5.17445588038179e-05 -4.8711240658826053e-05 -2.1840701678690728e-05 8.2252964735875936e-07 0.00077428093176391821 -5.668207473561449e-05 0.00021970394406714002 -4.808188292696053e-05 -3.4427431984653243e-05 0.0011739547444455463 -6.0003978803597345e-05
leaf_weight=678 415 100 1134 83 210 5890 1343 140 1280 161 257 539 80 109 232 81 159 341 3087 347 472 146 5389 116 465 486 1115 754 1167 31259
leaf_count=678 415 100 1134 83 210 5890 1343 140 1280 161 257 539 80 109 232 81 159 341 3087 347 472 146 5389 116 465 486 1115 754 1167 31259
internal_value=-0.00050224 -0.00118435 0.0104069 0.0178864 -0.000724624 -0.00310026 -0.00939639 0.00291886 4.66018e-05 0.00466117 0.0243499 0.00113876 -0.00308511 0.00729814 -0.00476879 0.01392 -0.0110816 -0.000577812 -0.000302053 -0.0045977 -0.012944 -0.0164851 -0.00220223 -0.000540214 -0.0102459 0.0302265 0.000625 -0.021326 -0.00060955 -0.000259011
internal_weight=58035 54624 3411 1703 52574 12881 1602 1708 39693 2784 418 2366 1405 961 341 620 1502 1293 36909 952 2050 1372 11279 35629 605 569 1195 900 35513 32426
internal_count=58035 54624 3411 1703 52574 12881 1602 1708 39693 2784 418 2366 1405 961 341 620 1502 1293 36909 952 2050 1372 11279 35629 605 569 1195 900 35513 32426
is_linear=0
shrinkage=0.05


Tree=113
num_leaves=31
num_cat=0
split_feature=3 3 0 9 11 8 8 13 7 9 8 8 10 10 9 10 8 7 7 3 14 12 5 9 13 11 10 13 7 11
split_gain=147.96 106.902 74.6714 62.1307 32.8875 24.775 26.0809 28.2311 26.289 24.1387 22.3268 22.9387 29.4196 24.499 21.7465 21.1529 20.5301 69.9995 32.7792 60.1921 25.6529 26.7187 29.053 27.6775 25.1102 27.8793 22.0923 48.1389 52.1621 54.6983
threshold=12.345750331878664 1.7241498827934267 1.0000000180025095e-35 14.244999885559084 3.5499999523162846 -0.33302289247512812 0.83987808227539074 0.60355338454246532 0.95506030321121227 3.3549998998641972 -0.93779578804969776 -0.99960738420486439 -0.67556449770927418 -0.91702514886856068 14.09500026702881 0.94260558485984813 -0.97653719782829274 0.16894881427288058 0.2027285918593407 7.8626818656921396 4.7049999237060556 -0.70088258385658253 4.4983332157135019 8.2849998474121112 -0.37940952181816096 8.3499999046325701 0.28400452435016638 -0.91597560048103321 -0.66248837113380421 8.2500000000000018
decision_type=2 2 2 8 2 2 2 2 2 8 2 2 2 2 10 2 2 2 2 2 10 2 2 10 2 2 2 2 2 2
left_child=1 9 5 15 10 -2 8 14 -7 -1 11 -3 13 -13 -8 -4 17 20 -19 -20 -6 -22 23 -23 -24 -26 -18 -28 29 -29
right_child=2 4 3 -5 16 6 7 -9 -10 -11 -12 12 -14 -15 -16 -17 26 18 19 -21 21 22 24 -25 25 -27 27 28 -30 -31
leaf_value=-3.3409551415972302e-05 -2.1243992726444062e-05 0.0021399257622597041 0.00025904671547313243 0.00020766659760597663 0.00048891097581331715 0.00049701331048549455 -7.5853006191339835e-06 0.00010895059118830043 5.2256596648492252e-05 -5.6447614861211692e-05 -3.808468252553183e-05 -9.9165172784408421e-05 -0.00037125511594221717 0.00031445185693156666 -0.0001093004638514139 0.00022181142225704555 -0.00013964769321684611 0.010366112537137829 -0.0036916884133007507 0.0073710674877833452 0.0033484449912105337 -0.0005165274602158598 0.0015308589240788373 -0.0046771802316331384 0.0019314054903316503 -0.0026729934012330483 0.0013272324342726836 0.00018550294326236152 -0.00010386203111926036 0.0035018477990913402
leaf_weight=1927 632 96 1052 570 592 402 229 164 291 131 11314 661 665 201 127 191 19175 248 80 82 156 505 443 193 171 343 1798 1743 12949 1011
leaf_count=1927 632 96 1052 570 592 402 229 164 291 131 11314 661 665 201 127 191 19175 248 80 82 156 505 443 193 171 343 1798 1743 12949 1011
internal_value=-0.000445423 -0.0010993 0.00928201 0.0164741 -0.000659915 0.00218919 0.00636289 -0.00209524 0.0126791 -0.0122637 -0.00284732 -0.0083231 -0.00982376 -0.00369089 -0.0099723 0.0101362 5.69707e-05 0.00416962 0.0231325 0.00538922 0.000892857 -0.00206498 -0.00394578 -0.0116643 0.00171518 -0.00578035 -0.00025899 0.00102536 0.000136873 0.00637912
internal_weight=58142 54484 3658 1813 52426 1845 1213 520 693 2058 12937 1623 1527 862 356 1243 39489 2813 410 162 2403 1811 1655 698 957 514 36676 17501 15703 2754
internal_count=58142 54484 3658 1813 52426 1845 1213 520 693 2058 12937 1623 1527 862 356 1243 39489 2813 410 162 2403 1811 1655 698 957 514 36676 17501 15703 2754
is_linear=0
shrinkage=0.05


Tree=114
num_leaves=31
num_cat=0
split_feature=3 3 0 9 11 12 8 15 4 9 7 10 2 7 15 7 12 6 7 8 13 8 10 8 6 7 6 12 15 6
split_gain=147.073 103.646 77.8231 56.5451 33.0337 24.4913 28.2314 23.9275 26.9042 22.507 21.991 21.2139 21.1249 21.1245 19.3519 27.3629 35.3858 45.9804 57.6134 45.6035 44.4891 43.9738 45.2964 37.2188 64.5084 76.6666 49.9193 45.4157 36.1566 34.0047
threshold=12.466289043426515 1.7241498827934267 1.0000000180025095e-35 14.244999885559084 3.5499999523162846 0.7933231294155122 -0.93779578804969776 51.500000000000007 2.9250000715255742 3.304999947547913 -0.5677773356437682 0.97625884413719188 5.5000000000000009 0.91258591413497936 31.500000000000004 0.78354993462562572 -0.23343648016452787 960.14999389648449 0.96906387805938732 -0.2880996018648147 -0.37940952181816096 -0.4591448307037353 -0.8338540494441985 -0.13282711803913114 954.25000000000011 0.94147586822509777 954.04998779296886 0.50751903653144848 87.500000000000014 966.95001220703136
decision_type=2 2 2 8 2 2 2 2 2 8 2 2 2 2 2 2 2 2 2 2 2 2 2 2 2 2 2 2 2 2
left_child=1 9 10 -4 5 6 7 8 12 -1 -2 -8 -3 -12 -6 -16 17 19 21 -17 29 -19 -23 24 -22 -26 -25 -27 -28 -18
right_child=2 4 3 -5 14 -7 11 -9 -10 -11 13 -13 -14 -15 15 16 20 18 -20 -21 23 22 -24 26 25 27 28 -29 -30 -31
leaf_value=-3.1880799805271077e-05 0.00064823166427147028 -0.00027236863700963633 0.00022593832973352436 0.00019833541698348613 -0.00010217989158171565 0.00018144879297844499 -5.9290290838428817e-05 0.00099378753763916397 -0.0019558229371360297 -5.1561627035069236e-05 -1.9029996068720137e-05 0.00028320119071078046 -5.2824177912028786e-05 0.00014217953964013041 0.0002788526545440682 0.0011759422985877766 0.0013872372431685571 0.0052661614807194279 0.0027823532081403361 -0.0018372343305940197 -0.0041562726265022831 -0.0027869133512036337 0.00081400309086908102 0.0019926014810482369 -0.00019153254994010204 0.0052078365012039832 -0.0020691691833661335 -0.00025295620933369907 0.0025305164027336863 -0.00037544288550531716
leaf_weight=1932 175 118 1128 565 13782 416 10083 211 371 137 1022 849 785 502 18522 218 1877 150 362 798 165 323 135 348 529 274 1830 100 86 257
leaf_count=1932 175 118 1128 565 13782 416 10083 211 371 137 1022 849 785 502 18522 218 1877 150 362 798 165 323 135 348 529 274 1830 100 86 257
internal_value=-0.000439239 -0.00106653 0.00965558 0.0172261 -0.000634103 -0.00283923 -0.00324022 -0.00969799 -0.0122752 -0.0120299 0.00208333 -0.00235896 -0.00754405 0.000130804 7.79658e-05 0.000881481 -0.00167628 -0.00738322 0.000410256 -0.0147894 0.00040212 -0.00897227 -0.0166307 -0.00320647 0.00447344 0.0097467 -0.0068312 0.0269129 -0.00999479 0.00603086
internal_weight=58050 54658 3392 1693 52589 12833 12417 1485 1274 2069 1699 10932 903 1524 39756 25974 7452 1986 970 1016 5466 608 458 3332 1068 903 2264 374 1916 2134
internal_count=58050 54658 3392 1693 52589 12833 12417 1485 1274 2069 1699 10932 903 1524 39756 25974 7452 1986 970 1016 5466 608 458 3332 1068 903 2264 374 1916 2134
is_linear=0
shrinkage=0.05


Tree=115
num_leaves=31
num_cat=0
split_feature=3 3 0 9 11 9 15 13 10 13 2 13 4 9 9 11 15 6 12 12 12 12 6 15 14 10 2 14 12 3
split_gain=155.112 112.828 81.1467 36.4588 28.6057 24.124 21.2368 22.6943 36.7684 38.5694 26.9146 24.9536 27.1847 34.0553 27.1409 26.5075 22.4498 22.5256 21.3806 21.2976 20.8994 20.7288 24.3254 21.1301 20.3298 30.9825 23.9781 20.0846 19.887 19.2873
threshold=13.166532993316652 1.7241498827934267 1.0000000180025095e-35 14.244999885559084 3.5499999523162846 3.3549998998641972 27.500000000000004 0.12940952181816109 0.26722820103168493 -0.98296290636062611 4.5000000000000009 -0.98296290636062611 3.1049998998641972 5.7750000953674325 6.2850000858306894 9.2500000000000018 82.500000000000014 945.25000000000011 -0.95878320932388295 0.41467745602130895 0.39873388409614569 -0.38266885280609125 942.64999389648449 33.500000000000007 4.3599998950958261 0.97988739609718334 40.500000000000007 3.6550000905990605 0.8140845298767091 3.7142270803451543
decision_type=2 2 2 8 2 8 2 2 2 2 2 2 2 10 8 2 2 2 2 2 2 2 2 2 10 2 2 10 2 2
left_child=1 5 -2 -4 28 -1 18 8 9 -8 29 -10 14 15 24 27 17 -15 -6 20 -19 22 -11 -24 25 -13 -26 -14 -3 -9
right_child=2 4 3 -5 6 -7 7 10 11 21 -12 12 13 16 -16 -17 -18 19 -20 -21 -22 -23 23 -25 26 -27 -28 -29 -30 -31
leaf_value=-3.3750495305012906e-05 1.4151042312365858e-05 -5.4643524356374176e-05 0.00022017940500926314 0.00018841864613431403 -0.0023512337264082247 -4.8983545683315735e-05 -0.001590653027032732 -0.00044490920866388804 0.0030275171726440011 -0.0018829361326138522 -0.00016660889580090337 0.00054052198427696882 0.0027041493368674314 0.0092693903231452473 -0.001858648178517906 -0.00030651598728575758 0.0046440700333027834 0.00010740704135241419 -8.2953052250493622e-05 0.0017049768011726226 -0.0022064917281764684 -0.00014537347814705097 0.0028908097349447381 0.00040429331356817112 -0.0012774709486916714 -0.00030505266179396419 0.0018696336242078069 0.0066392058897801537 0.0002060215795579236 0.001083586802256379
leaf_weight=1913 1149 12574 618 506 203 128 746 153 495 229 11754 497 143 106 156 108 93 2763 10658 1689 113 3628 687 3230 281 94 198 236 377 2532
leaf_count=1913 1149 12574 618 506 203 128 746 153 495 229 11754 497 143 106 156 108 93 2763 10658 1689 113 3628 687 3230 281 94 198 236 377 2532
internal_value=-0.000343598 -0.000865762 0.0124451 0.0219663 -0.000426993 -0.01239 0.000223056 0.000910275 0.00223914 3.51906e-05 -0.000515785 0.00493049 0.00409596 0.0056602 -0.00259951 0.0181911 0.0043615 0.00386014 -0.00167035 0.0033151 0.000694203 0.00107983 0.00349313 0.00442376 0.00027907 0.00645973 -0.00733471 0.024349 -0.00247376 0.00399628
internal_weight=58057 55784 2273 1124 53743 2041 40792 29931 15492 8520 14439 6972 6477 5251 1226 487 4764 4671 10861 4565 2876 7774 4146 3917 1070 591 479 379 12951 2685
internal_count=58057 55784 2273 1124 53743 2041 40792 29931 15492 8520 14439 6972 6477 5251 1226 487 4764 4671 10861 4565 2876 7774 4146 3917 1070 591 479 379 12951 2685
is_linear=0
shrinkage=0.05


Tree=116
num_leaves=31
num_cat=0
split_feature=3 3 0 9 11 0 9 4 8 5 10 8 8 8 10 12 8 6 12 4 14 11 8 8 3 5 5 6 6 8
split_gain=147.338 92.0141 90.9084 37.9521 27.7745 21.4292 21.1287 18.0975 18.0757 40.5586 25.011 23.0351 18.8382 40.4616 50.5202 37.8787 46.7755 34.1782 30.6773 28.8778 28.8742 28.3297 30.911 64.3929 49.4272 41.2141 28.2898 27.5846 27.2773 33.2797
threshold=13.166532993316652 1.7241498827934267 1.0000000180025095e-35 14.244999885559084 3.5499999523162846 1.0000000180025095e-35 1.0000000180025095e-35 8.055000305175783 0.99805629253387462 2.5283333063125615 -0.98321744799613942 0.99717122316360485 -0.6077672243118285 -0.5765966773033141 0.6755644977092744 -0.63605400919914235 -0.66089338064193714 946.85000610351574 0.28400452435016638 5.4649999141693124 4.6150000095367441 12.84999990463257 -0.82801559567451466 -0.84680011868476857 10.181022644042971 4.0116667747497567 4.0116667747497567 943.75000000000011 960.35000610351574 -0.69870123267173756
decision_type=2 2 2 8 2 2 10 2 2 2 2 2 2 2 2 2 2 2 2 2 10 2 2 2 2 2 2 2 2 2
left_child=1 6 -2 7 5 -3 -1 -4 11 -10 -11 12 15 14 -14 28 17 27 19 -18 -19 22 23 25 -24 -22 -16 -17 29 -6
right_child=2 4 3 -5 8 -7 -8 -9 9 10 -12 -13 13 -15 26 16 18 20 -20 -21 21 -23 24 -25 -26 -27 -28 -29 -30 -31
leaf_value=-4.0360688583287489e-05 7.5035135796153174e-06 -9.3028774644237513e-05 -2.7046703677663378e-05 0.0001789977138276 0.0035096191697594325 -6.3295902595021837e-06 -2.7955158159426696e-05 0.00022355000501096957 -0.00027656854493689106 -0.00056131712306335679 0.0014418763998169217 -0.0028339420514559518 -0.0042142065569950793 -4.6690532390433749e-05 0.0038274856511705314 0.0014000676205879563 0.0092306510621193109 0.00029690533977609732 0.00014739034082111825 0.00041489170647824317 -0.0011843153479482414 0.00031828295454763844 0.0025377851598695823 -0.0066795048953423699 -0.00189096572188886 0.00010918906284309583 -0.0012477890794240416 -0.0013775537505074972 -0.001121677988685984 -0.0022435579395141333
leaf_weight=124 1135 6711 166 516 1185 6257 1905 453 127 158 614 83 240 26817 97 172 256 1919 336 170 1360 849 1291 280 291 2975 220 930 168 191
leaf_count=124 1135 6711 166 516 1185 6257 1905 453 127 158 614 83 240 26817 97 172 256 1919 336 170 1360 849 1291 280 291 2975 220 930 168 191
internal_value=-0.000384476 -0.000893578 0.0120879 0.0220614 -0.000498119 -0.00251291 -0.0113324 0.0135417 0.000143615 0.00713496 0.0114543 -1.50621e-05 4.15073e-05 -0.00069031 -0.013968 0.0016602 0.000613808 -0.000292891 0.0125163 0.0213457 0.000730212 -0.000751666 -0.0019268 -0.00399351 0.00409578 -0.00247696 -0.000776398 -0.00858175 0.00897353 0.0112962
internal_weight=57996 55726 2270 1135 53697 12968 2029 619 40729 899 772 39830 39747 27374 557 12373 10829 10067 762 426 8965 7046 6197 4615 1582 4335 317 1102 1544 1376
internal_count=57996 55726 2270 1135 53697 12968 2029 619 40729 899 772 39830 39747 27374 557 12373 10829 10067 762 426 8965 7046 6197 4615 1582 4335 317 1102 1544 1376
is_linear=0
shrinkage=0.05


Tree=117
num_leaves=31
num_cat=0
split_feature=3 3 0 4 7 11 2 6 7 12 7 11 15 7 13 6 7 3 6 6 6 4 13 8 7 15 4 4 8 8
split_gain=134.794 103.73 83.3994 38.2413 31.0512 26.4056 26.7839 22.5161 21.824 20.4646 24.1914 20.4726 19.108 27.5664 25.5288 28.6927 27.7383 35.0409 27.4635 25.6004 25.0884 24.1319 23.6501 22.3105 39.1491 38.7088 49.6015 46.153 30.6781 50.669
threshold=13.166532993316652 1.7241498827934267 1.0000000180025095e-35 8.055000305175783 -0.42640316486358637 3.5499999523162846 5.5000000000000009 959.25000000000011 -0.5677773356437682 0.44618082046508795 -0.94573098421096791 1.8499999642372134 31.500000000000004 0.87412264943122875 0.91597560048103344 946.35000610351574 -0.92117106914520253 11.68327045440674 949.25000000000011 947.95001220703136 941.85000610351574 2.9650000333786015 -0.37940952181816096 -0.47813485562801356 0.85247093439102184 67.500000000000014 5.1949999332427987 6.5650000572204599 -0.99141839146614064 -0.98009455204009999
decision_type=2 2 2 2 2 2 2 2 2 2 2 2 2 2 2 2 2 2 2 2 2 2 2 2 2 2 2 2 2 2
left_child=1 9 8 -4 -5 6 7 -3 -2 -1 -11 -12 13 14 16 -16 18 20 19 -7 21 22 -18 24 25 26 28 -27 -14 -30
right_child=2 5 3 4 -6 12 -8 -9 -10 10 11 -13 23 -15 15 -17 17 -19 -20 -21 -22 -23 -24 -25 -26 27 -28 -29 29 -31
leaf_value=-3.0581231324307898e-05 0.00053638762467741465 -0.00025188922466954906 1.6900404955566551e-05 0.00014724951445814483 0.00017274075837461214 0.00071422443314039937 -2.3054049989867324e-05 1.9121127547691402e-05 -1.1082128235528898e-06 0.00055266812318506922 -3.1193173517881681e-05 -3.3369494363135604e-05 -0.00038869910825415081 -0.0022123394984919073 -0.0021959801671961898 -9.6402748397355498e-05 0.0011919670803198204 0.00029358936376886472 0.011890271849716492 -0.0016546815642155977 -0.00013274158046720666 -0.0039878073005910645 -0.0012721556739929815 1.1368669265740887e-05 0.004958333641262672 -0.002877430479420981 -0.00011638373350641441 0.00038989818184891338 0.0073799786867811083 0.0017467824678798608
leaf_weight=1146 126 1747 186 114 824 2540 10795 423 1032 91 145 677 512 114 223 231 159 517 98 162 9572 289 88 19203 222 608 2721 311 355 2823
leaf_count=1146 126 1747 186 114 824 2540 10795 423 1032 91 145 677 512 114 223 231 159 517 98 162 9572 289 88 19203 222 608 2721 311 355 2823
internal_value=-0.000310029 -0.00079782 0.0115872 0.0212578 0.0253446 -0.000375107 -0.00234002 -0.0074023 0.00214961 -0.0117975 -0.0173747 -0.0200726 0.000250288 -0.00124661 -0.00104077 -0.0126362 -0.00064408 -0.00181091 0.00377897 0.00280754 -0.00246218 -0.012939 -0.00138889 0.00103326 0.00333466 0.00269939 0.00407575 -0.00687229 0.00784844 0.00967641
internal_weight=58054 55772 2282 1124 938 53713 12965 2170 1158 2059 913 822 40748 13993 13879 454 13425 10625 2800 2702 10108 536 247 26755 7552 7330 6411 919 3690 3178
internal_count=58054 55772 2282 1124 938 53713 12965 2170 1158 2059 913 822 40748 13993 13879 454 13425 10625 2800 2702 10108 536 247 26755 7552 7330 6411 919 3690 3178
is_linear=0
shrinkage=0.05


Tree=118
num_leaves=31
num_cat=0
split_feature=3 3 0 4 9 6 0 11 15 3 10 2 6 15 4 14 10 6 11 9 4 12 6 11 4 10 12 9 12 12
split_gain=136.716 93.7614 81.1188 39.3911 23.7342 20.4065 19.9311 24.2584 21.8471 18.8378 25.5865 17.1502 16.4945 18.6515 16.2721 19.2806 20.419 45.1662 16.8798 15.9944 15.7627 15.7568 14.7581 14.754 19.3259 14.327 13.8217 15.0062 13.6494 12.9686
threshold=13.166532993316652 1.7241498827934267 1.0000000180025095e-35 8.1050000190734881 1.0000000180025095e-35 949.95001220703136 1.0000000180025095e-35 3.5499999523162846 37.500000000000007 11.68327045440674 0.94828754663467418 5.5000000000000009 950.35000610351574 34.500000000000007 7.5750000476837167 5.6849999427795419 0.93663650751113903 950.95001220703136 9.6500000953674334 14.244999885559084 0.47499999403953558 -0.95368063449859608 964.54998779296886 17.650000572204593 9.1050000190734881 0.35019405186176306 -0.19936034083366391 13.954999923706056 0.13052122294902804 0.7933231294155122
decision_type=2 2 2 2 10 2 2 2 2 2 2 2 2 2 2 10 2 2 2 8 2 2 2 2 2 2 2 10 2 2
left_child=1 4 5 -4 -1 -2 7 11 9 -8 28 -3 20 -14 21 -16 -17 -18 -19 -5 -6 -9 23 24 26 -22 -7 -28 -11 -10
right_child=2 6 3 19 12 22 8 14 29 10 -12 -13 13 -15 15 16 17 18 -20 -21 25 -23 -24 -25 -26 -27 27 -29 -30 -31
leaf_value=-3.6813592587907687e-05 0.00022972593857284451 -0.00021709213347258636 2.451623858375496e-05 0.00020361940716985273 0.00044046463610401484 0.00010987108570262861 -7.6889724146929353e-05 -0.0009463836495726335 8.4694741193419587e-05 0.00057998554014760393 0.0005020335535312171 -5.6135400593075852e-05 -1.7912407622030711e-05 -2.5530689615472797e-05 0.0054036508003618899 -0.00011386839450762687 0.00060748784284624102 -0.00013945712003720633 -0.00030617551336918907 0.00016019490890852863 -0.0001091511621904396 2.5106069258909849e-05 0.00013336062769183366 1.4791321243928791e-05 -4.8218225653390292e-05 4.7873875904239256e-05 -0.00016693152143574809 4.1218581411234245e-05 -0.0013937469699105533 0.00091735316945049735
leaf_weight=129 226 1136 197 445 146 85 10639 668 14533 159 110 5551 290 912 100 1319 180 94 377 493 357 18564 144 275 216 221 129 80 97 304
leaf_count=129 226 1136 197 445 146 85 10639 668 14533 159 110 5551 290 912 100 1319 180 94 377 493 357 18564 144 275 216 221 129 80 97 304
internal_value=-0.000326567 -0.000817663 0.011634 0.0210965 -0.0112864 0.00228448 -0.000417007 -0.00134136 0.000584207 -0.00110354 0.00997305 -0.00396742 -0.00983946 -0.0134217 -0.000516262 -0.00472289 -0.00582278 -0.0130335 -0.0211134 0.0253446 -0.00384088 -6.23798e-05 -0.00101713 -0.00373418 -0.00873786 -0.00754717 -0.000334448 -0.00724299 0.00114943 0.00183601
internal_weight=58176 55886 2290 1135 2055 1155 53831 27989 25842 11005 366 6687 1926 1202 21302 2070 1970 651 471 938 724 19232 929 785 510 578 294 209 256 14837
internal_count=58176 55886 2290 1135 2055 1155 53831 27989 25842 11005 366 6687 1926 1202 21302 2070 1970 651 471 938 724 19232 929 785 510 578 294 209 256 14837
is_linear=0
shrinkage=0.05


Tree=119
num_leaves=31
num_cat=0
split_feature=3 3 0 4 7 11 8 14 8 8 7 12 7 12 13 12 10 7 10 3 4 14 2 11 5 10 10 2 7 3
split_gain=137.411 97.361 93.6958 38.5224 26.2547 25.9704 27.3161 27.3726 23.6162 28.494 30.563 20.8363 25.4181 19.2491 18.5621 17.7767 27.1437 17.2431 25.3331 28.0938 17.1612 17.238 15.948 15.6182 15.44 23.2024 14.8255 16.8127 19.8472 20.7707
threshold=13.166532993316652 1.7241498827934267 1.0000000180025095e-35 8.1050000190734881 -0.29014293849468226 3.5499999523162846 -0.93779578804969776 4.5750000476837167 -0.33302289247512812 0.86674088239669811 0.95506030321121227 -0.13052122294902799 -0.94573098421096791 -0.60873827338218678 0.60355338454246532 0.0087262028828263612 -0.52247866988182057 -0.10508767142891882 -0.91702514886856068 3.3352413177490239 2.9650000333786015 1.2599999904632571 13.500000000000002 3.3500000238418584 8.8383336067199725 -0.99687939882278431 -0.99535831809043873 5.5000000000000009 0.63303324580192577 7.951972723007203
decision_type=2 2 2 2 2 2 2 10 2 2 2 2 2 2 2 2 2 2 2 2 2 10 2 2 2 2 2 2 2 2
left_child=1 11 8 -4 -5 6 7 15 -2 10 -10 13 -13 -1 -11 16 17 -3 19 -19 21 -17 -14 -24 -7 -26 -8 -28 -29 -30
right_child=2 5 3 4 -6 24 26 -9 9 14 -12 12 22 -15 -16 20 -18 18 -20 -21 -22 -23 23 -25 25 -27 27 28 29 -31
leaf_value=-6.4306692853370858e-05 -2.2075374645980086e-05 -0.00038846144985039136 3.0996027218560541e-05 0.00036962819438930429 0.0001560939750104573 1.3245969835720163e-05 -0.00011542437891818667 -0.0016282804383924258 0.00046264130770706238 -6.2118713277264933e-05 -1.3145538653436263e-05 0.00077646149009212638 -2.7051493234559433e-05 2.1886588988470799e-05 9.5321262144626445e-05 0.0011798820924192007 -0.00045583721343323951 -0.00017350371271275834 0.0039449464509619262 0.0026059094992954101 -0.00057227825165833898 5.3836370804746098e-06 -3.9352203420092367e-05 -8.4198274913613317e-06 0.00082497021170577223 6.9717962709175965e-05 -0.00011176259569777772 0.00015184741137923478 -2.1641731678670364e-05 -0.0034405736583587769
leaf_weight=569 371 302 200 142 791 40300 721 177 258 245 167 100 468 212 103 81 198 128 127 104 174 333 454 265 98 418 1767 5000 3691 108
leaf_count=569 371 302 200 142 791 40300 721 177 258 245 167 100 468 212 103 81 198 128 127 104 174 333 454 265 98 418 1767 5000 3691 108
internal_value=-0.00026 -0.000751792 0.011766 0.0219244 0.0261727 -0.00034151 -0.0022956 -0.00834868 0.00165361 0.00661954 0.0152326 -0.0113845 -0.0152864 -0.00489822 -0.00396601 -0.00602617 -0.0105903 -0.00563063 0.00178571 -0.00801688 0.000674536 0.00620525 -0.0173238 -0.0125 0.000276818 0.00882917 -0.00142136 -0.000945984 -5.11131e-05 -0.0027734
internal_weight=58072 55795 2277 1133 933 53727 12911 1624 1144 773 425 2068 1287 781 348 1447 859 661 359 232 588 414 1187 719 40816 516 11287 10566 8799 3799
internal_count=58072 55795 2277 1133 933 53727 12911 1624 1144 773 425 2068 1287 781 348 1447 859 661 359 232 588 414 1187 719 40816 516 11287 10566 8799 3799
is_linear=0
shrinkage=0.05


Tree=120
num_leaves=31
num_cat=0
split_feature=3 3 0 9 8 8 11 8 8 14 12 11 8 14 2 2 15 6 8 12 9 15 6 8 11 8 6 8 6 8
split_gain=139.346 96.5662 89.4739 35.2956 19.8724 26.8874 19.7063 21.5675 25.1996 25.1301 19.3266 24.3314 18.1804 17.8084 17.4314 21.7572 28.9012 27.0061 23.3288 21.5271 19.6431 20.3368 20.0696 47.8251 25.2816 22.9896 19.423 19.1214 18.1047 29.9409
threshold=13.166532993316652 1.7241498827934267 1.0000000180025095e-35 14.244999885559084 0.99141839146614086 -0.31676515936851496 3.5499999523162846 -0.93779578804969776 -0.99960738420486439 4.3150000572204599 0.46173103153705602 4.0499999523162851 0.97745609283447277 2.054999947547913 29.500000000000004 42.500000000000007 20.500000000000004 942.75000000000011 -0.41274033486843104 -0.25037047266960138 6.9149999618530282 85.500000000000014 946.85000610351574 0.45206801593303686 4.5499999523162851 0.52707284688949596 943.75000000000011 0.99805629253387462 948.04998779296886 -0.33302289247512812
decision_type=2 2 2 8 2 2 2 2 2 10 2 2 2 8 2 2 2 2 2 2 8 2 2 2 2 2 2 2 2 2
left_child=1 10 4 -4 5 -2 7 8 -3 -10 -1 -12 -9 -8 20 19 -17 18 -18 -16 21 22 23 -15 -25 -24 -21 -22 29 -28
right_child=2 6 3 -5 -6 -7 13 12 9 -11 11 -13 -14 14 15 16 17 -19 -20 26 27 -23 25 24 -26 -27 28 -29 -30 -31
leaf_value=-2.4952279364732005e-05 -1.8048728724467946e-05 0.0023626271065451893 0.00017983118754721916 0.00014454419676373508 -6.7471677308394989e-05 9.9589457179966043e-05 0.00027689010246381289 -1.5697085514605487e-05 -0.00010706332628837063 -0.0014211557620451771 -2.8391695917285309e-05 -2.0547456804945014e-05 -0.00020413549785420405 -0.00084427148277751724 -0.0010202795729656962 0.0034612851832713678 -0.0038858643973694743 0.00020013889314500022 -0.00092984381841995385 0.00083315227562708722 0.00019149917952420161 -0.00084972163438315701 0.00030922812148801511 -0.00040272675099619856 0.0028598268022113496 -0.0002066597495565148 -0.0020073562490382692 0.0013983451868797522 -9.4014093679038388e-05 -0.00015601933813917668
leaf_weight=1177 382 100 619 515 95 673 915 10553 1338 192 646 251 711 2281 1731 333 87 4252 187 952 14453 393 3608 89 217 2095 731 320 7349 861
leaf_count=1177 382 100 619 515 95 673 915 10553 1338 192 646 251 711 2281 1731 333 87 4252 187 952 14453 393 3608 89 217 2095 731 320 7349 861
internal_value=-0.000426769 -0.000922493 0.0116645 0.0215979 0.00181818 0.00382075 -0.00051346 -0.00221723 -0.0075841 -0.00918567 -0.0114959 -0.0170177 -0.00143757 2.44744e-05 -0.000133938 -0.00137979 0.00142887 0.000375193 -0.0146953 -0.00255396 0.000741656 -0.00114526 -0.000614828 -0.00426312 0.0141479 0.0010424 -0.00165185 0.00185072 -0.00237536 -0.007201
internal_weight=58106 55822 2284 1134 1150 1055 53748 12894 1630 1530 2074 897 11264 40854 39939 16483 4859 4526 274 11624 23456 8683 8290 2587 306 5703 9893 14773 8941 1592
internal_count=58106 55822 2284 1134 1150 1055 53748 12894 1630 1530 2074 897 11264 40854 39939 16483 4859 4526 274 11624 23456 8683 8290 2587 306 5703 9893 14773 8941 1592
is_linear=0
shrinkage=0.05


Tree=121
num_leaves=31
num_cat=0
split_feature=3 0 3 9 6 11 8 9 15 8 7 6 6 8 7 6 6 7 6 15 5 11 6 15 2 3 3 5 10 15
split_gain=117.892 86.7315 71.281 39.3777 23.0768 22.0196 20.5094 29.7651 33.479 27.6648 18.269 19.9278 18.304 17.9443 66.603 48.102 22.8341 23.9494 27.7827 31.1972 22.9233 21.2529 38.1482 20.1867 19.9849 19.1113 26.2835 17.5194 17.4224 23.4482
threshold=13.166532993316652 1.0000000180025095e-35 1.7241498827934267 14.244999885559084 947.25000000000011 3.5499999523162846 -0.93779578804969776 7.0250000953674325 38.500000000000007 -0.99960738420486439 -0.77000474929809559 943.14999389648449 948.35000610351574 -0.97653719782829274 0.16894881427288058 952.54998779296886 946.04998779296886 -0.11364490166306494 954.54998779296886 32.500000000000007 2.9283334016799931 8.5500001907348651 952.75000000000011 20.500000000000004 2.5000000000000004 9.2354707717895526 5.4339225292205819 5.0116667747497567 0.90992662310600292 91.500000000000014
decision_type=2 2 2 8 2 2 2 10 2 2 2 2 2 2 2 2 2 2 2 2 2 2 2 2 2 2 2 2 2 2
left_child=2 4 10 -3 -2 6 7 9 -9 -4 11 -1 -13 14 16 -16 -7 21 20 23 -19 -18 -23 -20 -15 26 -21 -25 29 -8
right_child=1 3 5 -5 -6 13 28 8 -10 -11 -12 12 -14 24 15 -17 17 18 19 25 -22 22 -24 27 -26 -27 -28 -29 -30 -31
leaf_value=-9.9273499890965844e-05 0.00058049471376924182 0.00016609492482742017 0.0028004079829270253 0.00013731698692555084 -5.3339102303956448e-06 0.0067455734864861009 -7.7390115402614388e-05 -0.0031539440973020433 -0.00053826330908272738 -8.9445580730641155e-05 -2.558978332743607e-05 0.0022160066235531544 -0.00024215902268140234 0.0013795160325626406 9.3043408480470758e-05 0.0095937891688644122 0.0028964407750632984 9.8336014472905298e-05 -0.00010667024816978788 0.0010064797611713215 -0.0027644212946279175 0.00089221588526345881 -0.0051230074703160992 0.00062285496328797938 -2.4145440295807002e-05 0.0019433085515560224 -0.0033085573203146313 0.0031972770259440287 1.5722685619881574e-05 0.0012442367319179879
leaf_weight=178 89 624 87 498 1064 81 7085 152 136 1239 1623 165 80 1320 166 256 455 194 95 85 625 153 111 238 36537 85 208 128 4111 130
leaf_count=178 89 624 87 498 1064 81 7085 152 136 1239 1623 165 80 1320 166 256 455 194 95 85 625 153 111 238 36537 85 208 128 4111 130
internal_value=-0.000244815 0.0108991 -0.000700725 0.0207631 0.00125216 -0.000351142 -0.00214755 -0.00741198 -0.021843 -0.00420736 -0.00984885 -0.000584112 0.0086 0.000219675 0.0040208 0.0222482 0.000852619 -6.29723e-05 -0.00336741 0.00302133 -0.00989078 0.00752762 -0.00371747 0.0116953 -6.9991e-05 -0.0075718 -0.0135906 0.0169811 -0.0013944 -0.00287396
internal_weight=57998 2275 55723 1122 1153 53677 12940 1614 288 1326 2046 423 245 40737 2880 422 2458 2377 1658 839 819 719 264 461 37857 378 293 366 11326 7215
internal_count=57998 2275 55723 1122 1153 53677 12940 1614 288 1326 2046 423 245 40737 2880 422 2458 2377 1658 839 819 719 264 461 37857 378 293 366 11326 7215
is_linear=0
shrinkage=0.05


Tree=122
num_leaves=31
num_cat=0
split_feature=3 0 3 9 7 8 8 7 4 7 0 15 3 11 7 4 7 6 10 7 11 10 7 6 6 9 7 12 7 7
split_gain=130.012 85.7686 67.2845 40.4664 17.7524 16.271 33.7578 28.1706 16.2119 18.3417 16.1969 17.2408 18.9441 16.4091 15.4933 13.7467 23.5502 36.8973 29.0569 17.088 14.341 27.1814 25.4005 23.8443 17.4348 15.124 16.9868 13.9681 13.3275 13.8845
threshold=13.166532993316652 1.0000000180025095e-35 1.7241498827934267 14.244999885559084 0.9600123167037965 -0.31676515936851496 0.86674088239669811 0.95506030321121227 0.34000000357627874 0.89029943943023693 1.0000000180025095e-35 24.500000000000004 11.68327045440674 3.5499999523162846 -0.036512531340122216 7.5350000858306894 0.93244570493698131 952.45001220703136 0.9536806344985963 0.59228822588920604 8.9499998092651385 0.78257837891578685 -0.41079147160053248 947.14999389648449 943.95001220703136 9.5650000572204608 -0.26538825035095209 0.56638467311859142 -0.97415921092033375 -0.9563411772251128
decision_type=2 2 2 8 2 2 2 2 2 2 2 2 2 2 2 2 2 2 2 2 2 2 2 2 2 10 2 2 2 2
left_child=2 5 -1 4 -3 -2 7 -7 9 -4 13 12 28 -10 -5 20 17 -17 19 -19 -15 25 23 24 -23 -22 -27 -24 -12 -30
right_child=1 3 8 14 -6 6 -8 -9 10 -11 11 -13 -14 15 -16 16 -18 18 -20 -21 21 22 27 -25 -26 26 -28 -29 29 -31
leaf_value=-2.3344021509283821e-05 -1.6879596776725458e-05 0.00017273058317961444 -0.00010310919075265666 0.00012733321278946553 -0.00051964022742261311 0.00044796050693792779 -1.5964714019200964e-05 -1.5169963584704683e-05 -7.6192061409909687e-05 3.3587064585425362e-05 0.00078436337909420617 6.6471251741250304e-05 0.0004381045143162288 -8.4915146148422177e-05 0.00013028740552811779 9.4950794029030627e-05 0.00038174133991029094 -5.7574835941462402e-05 -0.0003079983844108736 -0.00085189376910174426 -0.0005717305560122755 0.0050606735525581537 0.00073229340452709364 0.0079690677492499674 -0.0012482855203038103 0.0025449970357880299 -0.00036397141424525105 -0.0017671343415125954 -0.0021853611778618665 -0.00018328321495235698
leaf_weight=2056 377 541 495 132 85 248 360 162 6482 124 487 20932 146 14398 373 885 247 498 255 256 2330 165 633 197 147 410 457 271 154 3754
leaf_count=2056 377 541 495 132 85 248 360 162 6482 124 487 20932 146 14398 373 885 247 498 255 256 2330 165 633 197 147 410 457 271 154 3754
internal_value=-0.00026265 0.0114323 -0.000741252 0.0211708 0.0125198 0.00177951 0.00593548 0.0156627 -0.000401094 -0.00841346 -0.000306916 0.000602481 -0.00218874 -0.00114525 0.0316667 -0.00047036 -0.00426375 -0.00616114 -0.0126726 -0.00764163 -4.20765e-05 0.00238353 0.00814528 0.0170233 0.00820189 -0.000171768 0.00544725 0.00308031 -0.00278409 -0.00375671
internal_weight=58057 2278 55779 1131 626 1147 770 410 53723 619 53104 25473 4541 27631 505 21149 2141 1894 1009 754 19008 4610 1413 509 312 3197 867 904 4395 3908
internal_count=58057 2278 55779 1131 626 1147 770 410 53723 619 53104 25473 4541 27631 505 21149 2141 1894 1009 754 19008 4610 1413 509 312 3197 867 904 4395 3908
is_linear=0
shrinkage=0.05


Tree=123
num_leaves=31
num_cat=0
split_feature=3 0 9 3 7 4 6 6 15 11 7 11 4 13 6 8 7 9 5 6 7 8 8 7 7 6 10 6 3 15
split_gain=116.553 68.4591 63.8598 59.5262 22.6262 21.4088 20.6094 23.0641 22.696 20.9094 18.7668 16.527 18.0712 15.818 33.2814 28.4956 31.6579 30.3705 44.4156 37.4334 25.555 24.0164 35.2197 57.5157 47.0533 47.775 63.7612 43.6643 32.822 45.8496
threshold=12.345750331878664 1.0000000180025095e-35 14.244999885559084 1.7241498827934267 -0.37920854985713953 8.2449998855590838 958.85000610351574 949.95001220703136 70.500000000000014 10.250000000000002 0.01504978956654668 12.550000190734865 8.6750001907348651 0.37940952181816107 938.75000000000011 0.95943385362625133 0.066572044044733061 8.9250001907348651 5.0750000476837167 952.25000000000011 0.032235097140073783 0.93324586749076854 -0.068708579987287507 0.9600123167037965 -0.35520912706851954 946.45001220703136 -0.8338540494441985 952.35000610351574 3.599022746086121 32.500000000000007
decision_type=2 2 8 2 2 2 2 2 2 2 2 2 2 2 2 2 2 10 2 2 2 2 2 2 2 2 2 2 2 2
left_child=3 4 5 -1 -2 -3 7 -6 9 -9 -4 -8 -13 15 -15 -5 20 18 19 -18 -17 22 23 24 25 26 -16 -25 -26 -30
right_child=1 2 10 13 6 -7 11 8 -10 -11 -12 12 -14 14 21 16 17 -19 -20 -21 -22 -23 -24 27 28 -27 -28 -29 29 -31
leaf_value=-2.3163528215698095e-05 0.00032870633279712407 9.2400320804231226e-05 0.00012102400291877924 3.2812535020565472e-05 0.00015662827977938056 0.00016943303509311394 0.0002811134589105119 7.6100020848463018e-05 2.1178016620385101e-05 -6.5047914386162642e-05 0.00012498891656067545 -0.00024769433122571739 3.4170437529934537e-05 -0.0015026660728517821 -0.00037089265471088127 -0.00010339309138697384 0.00094085894683440432 0.00014064586854171669 -0.0079472424171004915 -0.00060425990991968301 0.0039805160242664664 0.00036456911021556034 -0.00021027959779144139 -0.0013457071873346162 2.3460361151411832e-05 0.0011403989432361261 0.0013382004928362799 0.0029650769516162052 -0.0020108806842535298 -0.00051766458962506094
leaf_weight=2057 296 623 151 29823 180 629 210 133 280 412 424 122 177 89 1281 1659 232 369 149 424 112 2281 7502 82 1196 1579 879 594 573 3547
leaf_count=2057 296 623 151 29823 180 629 210 133 280 412 424 122 177 89 1281 1659 232 369 149 424 112 2281 7502 82 1196 1579 879 594 573 3547
internal_value=-0.00032633 0.00833333 0.0151474 -0.000905701 0.00143251 0.00875099 -0.00105332 -0.00519802 -0.00873494 -0.0146364 0.0288793 0.00710117 -0.000493421 -0.000577555 -0.00170084 9.45901e-05 -0.00459322 -0.0109415 -0.016358 -0.01059 -0.000365991 -0.00155746 -0.00219573 -0.000210559 -0.0012638 0.00303152 -0.00180139 0.0138032 -0.00428491 -0.0064
internal_weight=58065 3637 1827 54428 1810 1252 1514 1005 825 545 575 509 299 52371 19603 32768 2945 1174 805 656 1771 19514 17233 9731 9055 3739 2160 676 5316 4120
internal_count=58065 3637 1827 54428 1810 1252 1514 1005 825 545 575 509 299 52371 19603 32768 2945 1174 805 656 1771 19514 17233 9731 9055 3739 2160 676 5316 4120
is_linear=0
shrinkage=0.05


Tree=124
num_leaves=31
num_cat=0
split_feature=3 1 3 9 6 7 6 15 7 10 12 9 8 7 7 13 7 14 13 3 7 7 6 15 8 8 8 6 8 9
split_gain=114.098 79.7637 49.9181 44.4962 26.9786 18.5532 18.168 17.6685 16.6874 15.7594 25.7596 57.7001 39.6232 28.9232 28.0694 29.4787 33.9544 27.587 25.5144 25.8168 23.6562 22.9581 73.2491 49.3461 52.7924 63.9079 51.2935 34.9823 26.1108 46.2305
threshold=13.166532993316652 1.0000000180025095e-35 1.7241498827934267 14.244999885559084 947.25000000000011 0.9600123167037965 962.45001220703136 97.500000000000014 -0.036512531340122216 -0.95878320932388295 -0.095842104405164705 3.6750000715255742 -0.99897944927215565 -0.94573098421096791 -0.88436415791511525 0.12940952181816109 -0.84102764725685109 6.7349998950958261 -0.98296290636062611 4.9352915287017831 -0.99975964426994313 0.98666161298751842 949.14999389648449 57.500000000000007 -0.15409970283508298 -0.14153897762298581 0.10738035291433336 962.04998779296886 -1.0000000180025095e-35 11.324999809265138
decision_type=2 2 2 8 2 2 2 2 2 2 2 10 2 2 2 2 2 8 2 2 2 2 2 2 2 2 2 2 2 10
left_child=2 3 -1 5 -3 -2 -6 9 -5 10 11 17 -12 -13 20 16 -16 -4 -15 -20 -14 -11 -23 26 -25 -26 27 -24 -27 -30
right_child=1 4 7 8 6 -7 -8 -9 -10 21 12 13 14 18 15 -17 -18 -19 19 -21 -22 22 23 24 25 28 -28 -29 29 -31
leaf_value=-2.1899117481438994e-05 0.00016017693979624716 0.00054884014075048677 -0.00012226600242114914 0.00011497280277283917 -1.3412440650659163e-05 -0.00037766742791998378 7.2086897081369286e-05 0.0051905346812101561 0.0001176873214748353 1.5056550481549287e-05 0.0030051905935459641 -0.0011276694331690069 -0.0015209050152455183 -0.0013253481547607735 -0.0041945671527134579 -4.4122836567219234e-05 -0.00051122898663113374 -0.005197942774497759 -0.00016371816462034864 0.00089018028124663315 0.00025764958321630569 0.0064833660071422286 -0.0047198963105172138 -0.00057973888009064597 0.0068007362534044883 -0.0010047394432923229 -0.0052579607353260716 0.00037252444201770212 -4.4766366864300126e-05 0.0020339153065285971
leaf_weight=2066 539 86 1544 135 890 92 175 100 362 36156 94 642 89 346 205 2113 2986 143 892 4016 1414 135 121 81 80 943 235 159 989 208
leaf_count=2066 539 86 1544 135 890 92 175 100 362 36156 94 642 89 346 205 2113 2986 143 892 4016 1414 135 121 81 80 943 235 159 989 208
internal_value=-0.000335969 0.0106173 -0.000784584 0.0200353 0.00134083 0.0110849 -0.00088785 -0.000490726 0.0311753 -0.000530823 -0.0019394 7.24829e-05 -0.00414857 0.00240637 -0.00460217 -0.00631004 -0.0093398 -0.00806738 0.00363187 0.00455933 0.00142573 -8.94866e-06 -0.0042456 -0.00599078 -0.00284042 -0.00134831 -0.0199038 -0.00526316 -0.0030303 0.00187188
internal_weight=58036 2279 55757 1128 1151 631 1065 53691 497 53591 14484 7583 6901 5896 6807 5304 3191 1687 5254 4908 1503 39107 2951 2816 2301 2220 515 280 2140 1197
internal_count=58036 2279 55757 1128 1151 631 1065 53691 497 53591 14484 7583 6901 5896 6807 5304 3191 1687 5254 4908 1503 39107 2951 2816 2301 2220 515 280 2140 1197
is_linear=0
shrinkage=0.05


Tree=125
num_leaves=31
num_cat=0
split_feature=3 0 3 4 7 8 8 7 7 10 11 12 6 8 4 15 7 4 12 6 7 7 14 2 8 15 3 7 7 7
split_gain=100.476 74.3714 40.034 34.7035 28.6384 18.3555 34.618 30.1442 15.5285 21.8191 14.6935 17.7668 19.6019 16.0742 20.4023 39.4264 23.1068 15.9388 15.5937 22.9724 23.2748 21.0836 20.7045 20.3731 25.2838 20.1124 20.1016 25.9084 80.3463 40.7847
threshold=13.166532993316652 1.0000000180025095e-35 1.7241498827934267 8.4250001907348651 -0.29014293849468226 -0.31676515936851496 0.86674088239669811 0.95506030321121227 -0.99975964426994313 -0.9099266231060027 3.5499999523162846 -0.95368063449859608 943.14999389648449 -0.93779578804969776 2.9650000333786015 39.500000000000007 -0.10508767142891882 1.5399999618530276 0.095842104405164733 944.14999389648449 -0.7360914647579192 -0.66248837113380421 4.4049999713897714 17.500000000000004 -0.16681838035583493 50.500000000000007 4.0374736785888681 0.90542393922805797 0.86993730068206798 0.65278974175453197
decision_type=2 2 2 2 2 2 2 2 2 2 2 2 2 2 2 2 2 2 2 2 2 2 10 2 2 2 2 2 2 2
left_child=2 5 -1 -3 -5 -2 7 -7 9 -4 13 12 -12 14 -10 -16 -17 -14 19 22 23 -22 25 24 -21 -15 -20 28 29 -28
right_child=1 3 8 4 -6 6 -8 -9 10 -11 11 -13 17 18 15 16 -18 -19 26 20 21 -23 -24 -25 -26 -27 27 -29 -30 -31
leaf_value=-1.9923688148962803e-05 -1.7247123304037217e-05 0.00010530425770347296 -0.0013494787463136908 9.2141329914818837e-05 0.00011285510465889882 0.0004037206334208732 -1.5114606043531431e-05 -9.7932415125234769e-06 -2.6909504084947963e-05 0.0018121333559736304 -0.0023220195286478605 2.3380243447906036e-05 0.0016090797625165293 -0.00042249981268731134 -0.0018090503468835154 -0.0020509719957600746 0.0046144406067662848 -0.0006551993648325218 5.2532859571956252e-09 0.0023979639675684602 -0.00073535260703245793 2.1771861091562582e-05 0.0040943686376700948 0.0020811981057638276 -0.0005496755293558479 0.0032650115395037971 -0.00024029485331464136 -0.00090824333179818266 0.003697323137220908 -0.0015453450519106187
leaf_weight=2045 385 304 202 129 695 243 364 164 1149 86 271 39335 182 1119 250 104 117 790 2262 97 266 3984 88 716 203 86 1180 500 177 585
leaf_count=2045 385 304 202 129 695 243 364 164 1149 86 271 39335 182 1119 250 104 117 790 2262 97 266 3984 88 716 203 86 1180 500 177 585
internal_value=-0.000306458 0.00996068 -0.000727612 0.0190644 0.0243667 0.00103359 0.0054768 0.0154126 -0.000466012 -0.0119454 -0.00040306 6.40662e-05 -0.00580929 -0.00187384 -0.00652308 -0.0152311 0.000221239 -0.0024565 -0.00120252 0.000373248 0.00184026 0.000211516 -0.00558552 0.008619 -0.00229508 -0.00731405 -0.00339775 -0.00653862 -0.00390344 -0.00714689
internal_weight=58078 2284 55794 1128 824 1156 771 407 53749 288 53461 40578 1243 12883 1620 471 221 972 11263 6559 5266 4250 1293 1016 300 1205 4704 2442 1942 1765
internal_count=58078 2284 55794 1128 824 1156 771 407 53749 288 53461 40578 1243 12883 1620 471 221 972 11263 6559 5266 4250 1293 1016 300 1205 4704 2442 1942 1765
is_linear=0
shrinkage=0.05


Tree=126
num_leaves=31
num_cat=0
split_feature=3 0 4 3 0 15 7 6 3 11 14 4 14 7 7 13 7 6 6 9 12 7 8 9 13 15 12 6 6 6
split_gain=111.609 78.495 36.0679 35.8632 20.9693 25.1969 20.8757 18.6739 16.6635 16.1546 17.4642 15.5888 20.737 23.1697 29.3717 21.7015 14.696 16.0671 20.9904 22.5901 14.2813 14.1757 18.8274 25.7746 18.7385 23.5224 15.9406 15.6512 15.3273 14.2957
threshold=13.166532993316652 1.0000000180025095e-35 8.4250001907348651 1.5227588415145876 1.0000000180025095e-35 24.500000000000004 -0.42640316486358637 947.25000000000011 11.68327045440674 3.5499999523162846 2.054999947547913 7.5350000858306894 5.3550000190734872 0.93244570493698131 -0.10508767142891882 -0.37940952181816096 0.58534687757492077 949.75000000000011 958.35000610351574 0.7150000035762788 -0.95368063449859608 0.78354993462562572 0.021515898406505588 2.5749999284744267 -0.37940952181816096 65.500000000000014 -0.11319890245795249 959.95001220703136 960.25000000000011 958.35000610351574
decision_type=2 2 2 2 2 2 2 2 2 2 10 2 10 2 2 2 2 2 2 10 2 2 2 10 2 2 2 2 2 2
left_child=3 7 -3 16 9 8 -4 -2 -6 -5 -11 20 -13 14 15 -14 17 -1 -19 -20 -12 -7 -23 -24 26 -26 27 -25 29 -27
right_child=1 2 6 4 5 21 -8 -9 -10 10 11 12 13 -15 -16 -17 -18 18 19 -21 -22 22 23 24 25 28 -28 -29 -30 -31
leaf_value=-2.761948104140601e-05 0.00051744471730915125 0.00012812163497327166 0.00014011411047352708 -5.8173990828686019e-05 -0.00018109385156093658 0.00014813438135642676 0.00010990527966434627 -1.9023926514094569e-06 0.00032759822951823337 0.0004852309654382284 -0.0008905761593418827 0.0049750173702575728 -0.00072076593285209109 0.00024235464277661269 -0.0003324005120255075 0.00016909824025642119 3.4149900701900899e-07 -3.4058486112763939e-05 -3.285039721026926e-05 0.00012821296782084248 -1.3550230318378539e-05 0.00010932021884736566 3.8621669988416541e-05 -0.0010054265842836499 -0.0017989250164910432 -0.00047049683897137012 0.00032661296071255855 0.00207098718794162 8.359739120289223e-05 -0.0015501387202617491
leaf_weight=413 89 307 103 7001 4560 15646 721 1066 152 533 661 81 391 250 876 527 337 415 90 94 18084 3019 369 192 357 472 600 105 424 177
leaf_count=413 89 307 103 7001 4560 15646 721 1066 152 533 661 81 391 250 876 527 337 415 90 94 18084 3019 369 192 357 472 600 105 424 177
internal_value=-0.000122167 0.010694 0.0200264 -0.000565994 -0.000366176 0.000657642 0.0254524 0.00150862 -0.00264999 -0.00130592 -0.000623599 -0.000852695 -0.0049061 -0.00590532 -0.00789327 -0.00162514 -0.00860414 -0.0116028 -0.0168046 -0.0026455 -0.000392 0.00138772 -0.000743007 -0.00377638 -0.0057247 -0.00926829 -5.54324e-05 -0.00943709 -0.00551948 -0.0103211
internal_weight=58112 2286 1131 55826 54477 26073 824 1155 4712 28404 21403 20870 2125 2044 1794 918 1349 1012 599 184 18745 21361 5715 2696 2327 1430 897 297 1073 649
internal_count=58112 2286 1131 55826 54477 26073 824 1155 4712 28404 21403 20870 2125 2044 1794 918 1349 1012 599 184 18745 21361 5715 2696 2327 1430 897 297 1073 649
is_linear=0
shrinkage=0.05


Tree=127
num_leaves=31
num_cat=0
split_feature=3 0 3 4 7 4 6 8 8 8 6 11 10 6 7 10 8 7 7 6 10 13 7 11 12 7 5 8 8 7
split_gain=98.6967 68.7679 34.6313 33.4652 22.9124 16.1784 15.8147 14.2329 35.5542 34.5346 37.6817 28.8461 33.2454 26.0318 20.9879 18.3167 16.0852 45.1796 40.7461 38.8336 32.5864 30.2193 39.0369 32.8628 23.5567 22.3622 21.3901 18.0491 62.0652 76.4447
threshold=13.166532993316652 1.0000000180025095e-35 1.7241498827934267 8.4250001907348651 -0.036512531340122216 10.324999809265138 947.25000000000011 0.99805629253387462 0.99683821201324474 0.99831542372703563 956.25000000000011 4.4500000476837167 -0.98624804615974415 955.14999389648449 -0.010746888816356657 0.84335932135581981 0.97653719782829296 -0.13920918852090833 -0.1985165476799011 955.95001220703136 0.94828754663467418 0.12940952181816109 0.15198152512311938 4.0499999523162851 0.36648726463317877 0.16894881427288058 2.9716666936874394 0.88337317109107982 0.8730936348438264 0.46866798400878912
decision_type=2 2 2 2 2 2 2 2 2 2 2 2 2 2 2 2 2 2 2 2 2 2 2 2 2 2 2 2 2 2
left_child=2 6 -1 -3 5 -5 -2 8 16 -9 11 14 -13 15 -11 -10 27 18 -18 21 -21 22 -19 -23 -20 -25 -24 28 -4 -30
right_child=1 3 7 4 -6 -7 -8 9 13 10 -12 12 -14 -15 -16 -17 17 19 24 20 -22 23 26 25 -26 -27 -28 -29 29 -31
leaf_value=-1.9173158134710121e-05 0.00035771823287774344 9.2719325895057608e-05 -1.5758707574802834e-05 5.7198553115683785e-05 0.00010273776047747818 0.00018310010224047157 -1.5858127959011982e-06 0.0053697347137323052 0.001456553802655096 -4.3738933455954745e-05 0.0014659002325632046 -0.0025875416686838796 0.00054851402834834727 -0.0010476722480363225 -0.0012906740458220128 -0.0016407396468682755 0.0010235121092781608 0.00063605416846994388 -0.0027472496750358295 -0.0031633684798488765 0.00021766662746419514 -0.00027755611681153661 0.00021760087267110075 0.00091359558825389049 -0.00037298990878947819 0.011086240975287154 -0.0050104603726711557 0.00029631456969989625 0.00047830267417076078 -0.0034253191593912966
leaf_weight=2071 82 303 44699 166 554 104 1073 172 83 87 307 107 348 85 86 104 165 372 320 225 97 204 93 297 159 123 244 4860 237 253
leaf_count=2071 82 303 44699 166 554 104 1073 172 83 87 307 107 348 85 86 104 165 372 320 225 97 204 93 297 159 123 244 4860 237 253
internal_value=-0.000254799 0.00992567 -0.000672007 0.0186837 0.0238842 0.0116364 0.00133621 -0.00042712 -0.000545368 0.00517086 0.00132979 -0.0056872 0.000978261 -0.0184116 -0.0227528 -0.00755208 -0.000450786 -0.00453559 -0.0157165 -0.000150602 -0.0155963 0.00362481 -0.00343137 0.0116057 -0.0230372 0.0195294 -0.0156433 -0.000262716 -0.000574191 -0.0181818
internal_weight=58080 2282 55798 1127 824 270 1155 53727 52620 1107 935 628 455 272 173 187 52348 2299 644 1655 322 1333 709 624 479 420 337 50049 45189 490
internal_count=58080 2282 55798 1127 824 270 1155 53727 52620 1107 935 628 455 272 173 187 52348 2299 644 1655 322 1333 709 624 479 420 337 50049 45189 490
is_linear=0
shrinkage=0.05


Tree=128
num_leaves=31
num_cat=0
split_feature=3 0 4 3 7 8 8 7 13 9 7 14 2 8 15 8 7 15 7 8 15 7 8 7 9 10 12 8 13 9
split_gain=100.841 79.3864 33.9357 28.98 26.014 18.661 31.4213 29.865 21.5752 19.2402 14.9001 18.8335 15.2715 13.941 19.4217 19.5651 13.8781 13.7389 14.8759 46.8157 82.1041 53.0577 59.5093 27.5114 24.445 20.2861 31.4166 23.6687 73.3728 35.1038
threshold=13.166532993316652 1.0000000180025095e-35 8.4250001907348651 1.7241498827934267 -0.29014293849468226 -0.31676515936851496 0.86674088239669811 0.95506030321121227 0.60355338454246532 14.09500026702881 0.59919759631156932 0.88499999046325695 30.500000000000004 0.63874351978302013 37.500000000000007 -0.34918220341205591 0.066572044044733061 97.500000000000014 0.98666161298751842 0.10738035291433336 59.500000000000007 0.98805528879165661 -0.14153897762298581 0.98217421770095836 11.114999771118166 -0.88697704672813404 -0.39873388409614557 -0.085847649723291383 0.37940952181816107 9.2950000762939471
decision_type=2 2 2 2 2 2 2 2 2 10 2 10 2 2 2 2 2 2 2 2 2 2 2 2 10 2 2 2 2 10
left_child=3 5 -3 10 -4 -2 7 -7 9 -8 12 -12 16 14 15 -14 -1 18 23 21 -21 -20 -23 -5 -22 -24 -27 28 -28 -30
right_child=1 2 4 17 -6 6 8 -9 -10 -11 11 -13 13 -15 -16 -17 -18 -19 19 20 24 22 25 -25 -26 26 27 -29 29 -31
leaf_value=-4.1401576003404464e-05 -1.659387443281868e-05 0.00011160688108863281 9.2678907588866768e-05 -1.3501330843298902e-05 9.7600872453607054e-05 0.00038370901202219312 5.669553154796781e-06 -2.232216695655376e-05 0.00010161099365885162 -9.7455794382433905e-05 -1.5283348348082634e-05 7.10428875239505e-06 -4.688850350313351e-05 -4.7976094231384336e-05 0.0027998818616345521 0.0017735879789070109 -2.7479245091673565e-05 0.0047948866018773101 -0.0005539393115535535 -0.0056575664461075937 -0.00028139877387413635 0.0067328742713388349 0.0021503530862517716 0.0011767567046689295 0.0014758626757549742 -0.00073588934551116524 -0.0038933986509784206 0.00012179485724138537 0.0023345305568692716 -0.001938724048444597
leaf_weight=797 375 311 131 50057 699 251 131 156 103 126 231 263 150 180 89 82 290 99 83 250 159 84 139 420 87 270 298 1518 92 80
leaf_count=797 375 311 131 50057 699 251 131 156 103 126 231 263 150 180 89 82 290 99 83 250 159 84 139 420 87 270 298 1518 92 80
internal_value=-0.00016981 0.010118 0.0194154 -0.000592215 0.0246707 0.000784656 0.00524611 0.0146845 -0.00547945 -0.0131679 -0.00637278 0.0012024 -0.00872567 -0.00148221 0.0047546 -0.00295359 -0.0120421 -0.000367256 -0.000402488 -0.00378467 -0.0177645 -0.00105099 0.000301689 -0.0001971 0.00278884 -0.00118651 -0.00234202 -0.000150527 -0.00989474 0.0158192
internal_weight=58001 2283 1141 55718 830 1142 767 407 360 257 2082 494 1588 501 321 232 1087 53636 53537 3060 496 2564 2481 50477 246 2397 2258 1988 470 172
internal_count=58001 2283 1141 55718 830 1142 767 407 360 257 2082 494 1588 501 321 232 1087 53636 53537 3060 496 2564 2481 50477 246 2397 2258 1988 470 172
is_linear=0
shrinkage=0.05


Tree=129
num_leaves=31
num_cat=0
split_feature=3 0 4 3 7 7 7 9 4 6 6 7 4 11 8 9 8 14 12 6 8 6 13 7 12 9 13 4 3 7
split_gain=88.3898 68.6581 43.2635 35.2545 24.1024 21.8123 21.6779 17.4067 17.3771 16.7417 22.3371 22.0774 20.0182 16.3951 20.4755 24.226 19.7175 18.6643 16.8859 19.3099 16.0087 28.4049 59.1334 22.9168 27.1876 25.649 29.5621 23.5354 31.9461 23.1748
threshold=13.166532993316652 1.0000000180025095e-35 9.7150001525878924 1.5227588415145876 -0.5677773356437682 -0.019329105038195845 0.83399695158004772 14.09500026702881 8.4250001907348651 958.35000610351574 950.35000610351574 0.49128657579422003 1.6449999809265139 3.5499999523162846 -0.93779578804969776 6.9149999618530282 -0.99960738420486439 2.054999947547913 -0.95368063449859608 946.75000000000011 -0.17552985996007917 947.45001220703136 0.12940952181816109 -0.010746888816356657 -0.33379416167736048 2.5149999856948857 0.78656607866287243 2.1700000762939458 4.1450769901275644 0.68472337722778331
decision_type=2 2 2 2 2 2 2 8 2 2 2 2 2 2 2 10 2 8 2 2 2 2 2 2 2 10 2 2 2 2
left_child=3 4 5 9 -2 -3 7 -6 -7 10 -1 -12 -11 14 15 16 -5 -15 19 -19 -16 22 -22 24 -23 29 27 28 -27 -25
right_child=1 2 -4 13 6 8 -8 -9 -10 12 11 -13 -14 17 20 -17 -18 18 -20 -21 21 23 -24 25 -26 26 -28 -29 -30 -31
leaf_value=-3.8778869496479239e-05 0.00044379939102640042 -0.00037982163062477703 9.1700153796181471e-05 0.0025424138575024986 5.3860754970547212e-06 8.3416652720452736e-05 8.3514748067473066e-05 -2.8926328741585295e-05 0.0001176533924680423 4.041596115325098e-06 -3.4602952026163875e-05 3.9912951514223773e-06 -4.7173647464920752e-05 0.00034653382440504623 1.6318619190592264e-05 -0.0019792049578089528 -5.5110439328439485e-05 -0.0015106571075296173 1.7919380477372101e-05 6.58360885526274e-05 0.0001804497435760449 0.0012896691965166582 -0.00070810923754464786 -3.7108219859297717e-05 -4.2044516755611418e-05 -6.2351553514912155e-05 6.3994795189162643e-05 -0.00032733955451291329 -0.00070394844613904978 2.7486893201831079e-05
leaf_weight=469 135 204 348 83 329 226 332 347 345 351 359 93 82 999 5335 290 1306 612 38750 624 579 638 790 643 774 432 619 1041 207 787
leaf_count=469 135 204 348 83 329 226 332 347 345 351 359 93 82 999 5335 290 1306 612 38750 624 579 638 790 643 774 432 619 1041 207 787
internal_value=-0.000114391 0.00955526 0.0183067 -0.000507446 0.000914634 0.0116026 -0.0017769 -0.00690162 0.0165799 -0.0084621 -0.012257 -0.0201313 -0.000342466 -0.000309095 -0.00181832 -0.00697743 -0.00419656 0.000189071 2.00045e-05 -0.00572119 -0.00108439 -0.00274751 -0.00913392 -0.00103964 0.00437544 -0.0030932 -0.00635851 -0.00979228 -0.0173137 0.00216028
internal_weight=58129 2266 1123 55863 1143 775 1008 676 571 1354 921 452 433 54509 13524 1679 1389 40985 39986 1236 11845 6510 1369 5141 1412 3729 2299 1680 639 1430
internal_count=58129 2266 1123 55863 1143 775 1008 676 571 1354 921 452 433 54509 13524 1679 1389 40985 39986 1236 11845 6510 1369 5141 1412 3729 2299 1680 639 1430
is_linear=0
shrinkage=0.05


Tree=130
num_leaves=31
num_cat=0
split_feature=3 0 4 3 7 7 5 10 3 11 7 7 9 5 12 13 9 12 3 12 4 15 7 7 7 7 7 9 13 15
split_gain=89.56 70.6745 41.5427 27.6898 18.9035 18.489 16.4032 18.4364 14.2128 14.1961 13.8368 13.1216 21.0658 14.0516 13.6287 14.9419 12.7581 13.7068 12.29 23.1684 20.491 16.4457 37.6424 27.5194 39.7278 52.7406 51.4619 52.1106 42.4883 40.3518
threshold=13.166532993316652 1.0000000180025095e-35 8.1050000190734881 1.7241498827934267 -0.42640316486358637 -0.5677773356437682 8.8383336067199725 -0.99687939882278431 16.643279075622562 16.349999427795414 0.91258591413497936 0.59919759631156932 1.0000000180025095e-35 1.4583333730697634 -0.59480014443397511 0.12940952181816109 14.09500026702881 -0.095842104405164705 2.316846609115601 -0.88697704672813404 0.34000000357627874 37.500000000000007 0.98372149467468273 -0.93400302529335011 0.41470260918140417 0.16894881427288058 0.2027285918593407 4.0850000381469735 -0.37940952181816096 74.500000000000014
decision_type=2 2 2 2 2 2 2 2 2 2 2 2 10 2 2 2 8 2 2 2 2 2 2 2 2 2 2 10 2 2
left_child=3 5 -3 11 -4 -2 18 -8 -6 -9 16 12 -1 -14 -13 -16 17 -7 19 -5 -21 22 -20 -23 25 -25 -27 -28 -26 -29
right_child=1 2 4 6 8 10 7 9 -10 -11 -12 14 13 -15 15 -17 -18 -19 21 20 -22 23 -24 24 28 26 27 29 -30 -31
leaf_value=-6.8739159640639555e-05 0.00038143407314318313 -3.3478190568120292e-05 0.00014460561344585844 -0.00014541417704219364 9.2367398563752984e-05 6.6456249900298522e-05 0.00067247677040098994 0.00027181623779546081 8.6838159207525145e-05 -0.00018807681199237703 4.5672268733865096e-05 -4.0584124127448361e-05 -2.612302345739604e-05 3.6464392177069843e-06 -3.4536229165211925e-06 5.6780525642646802e-06 -2.2736114274524156e-05 -2.4027928557643352e-05 -0.00010402284095140849 -3.2063438842469716e-05 3.930923813734084e-05 -0.00085322950067779539 -0.0045286261121297014 9.1163605386884389e-05 0.00018721247116381401 0.010371621959766092 -0.00044604387393445901 0.0022620925030873598 -0.00013567025600443578 -0.0014071821429315181
leaf_weight=86 129 199 115 427 703 169 102 262 109 140 334 143 1061 400 151 195 339 168 21480 146 1946 1395 88 8156 6272 423 355 1661 10524 281
leaf_count=86 129 199 115 427 703 169 102 262 109 140 334 143 1061 400 151 195 339 168 21480 146 1946 1395 88 8156 6272 423 355 1661 10524 281
internal_value=-0.000109551 0.00962555 0.0184792 -0.000506293 0.0229077 0.00083042 -0.00028884 0.0086444 0.0255814 0.0036855 -0.00147783 -0.00622244 -0.00847294 -0.00699181 0.000910931 0.00626781 -0.00558003 0.00131579 -0.000374349 0.0030309 0.0051979 -0.000544036 -0.00158995 0.000232182 0.000578097 0.00293172 0.00895413 0.00597307 -0.000946372 0.00919363
internal_weight=57959 2265 1126 55694 927 1139 53658 504 812 402 1010 2036 1547 1461 489 346 676 337 53154 2519 2092 50635 21568 29067 27672 10876 2720 2297 16796 1942
internal_count=57959 2265 1126 55694 927 1139 53658 504 812 402 1010 2036 1547 1461 489 346 676 337 53154 2519 2092 50635 21568 29067 27672 10876 2720 2297 16796 1942
is_linear=0
shrinkage=0.05


Tree=131
num_leaves=31
num_cat=0
split_feature=3 0 9 7 3 11 6 6 9 13 11 7 6 10 11 13 13 12 8 8 8 4 7 7 14 8 8 8 12 9
split_gain=107.188 73.2139 38.1579 20.6837 19.5186 18.5282 17.2308 18.0107 18.308 13.838 31.8598 49.1089 30.0361 24.2491 72.9869 47.8242 43.5748 47.8465 38.8869 37.9967 43.3467 31.0051 30.8113 32.9442 32.4279 29.5412 45.7038 47.07 47.9147 35.6065
threshold=13.166532993316652 1.0000000180025095e-35 14.244999885559084 -0.5677773356437682 1.5982254147529604 10.650000095367433 950.95001220703136 964.54998779296886 14.244999885559084 0.12940952181816109 13.650000095367433 0.55713060498237621 938.75000000000011 0.84335932135581981 6.2500000000000009 -0.91597560048103321 -0.91597560048103321 -0.3172925859689712 -0.99897944927215565 -0.62132811546325672 -0.6576542556285857 7.5750000476837167 -0.95117661356925953 1.0000000180025095e-35 2.9050000905990605 0.17552985996007922 0.93779578804969799 0.99805629253387462 0.33379416167736059 11.904999732971193
decision_type=2 2 8 2 2 2 2 2 10 2 2 2 2 2 2 2 2 2 2 2 2 2 2 2 10 2 2 2 2 10
left_child=4 3 -3 -2 -1 -5 -7 8 -8 13 12 -12 -11 16 15 -15 -6 19 -19 20 -18 25 -17 24 -24 -16 29 28 -28 -27
right_child=1 2 -4 5 9 6 7 -9 -10 10 11 -13 -14 14 21 22 17 18 -20 -21 -22 -23 23 -25 -26 26 27 -29 -30 -31
leaf_value=-1.5043177036355629e-05 0.0003896251578826837 0.00011970077524897649 8.1444626920373919e-05 0.00025526582266840184 -0.00042597067596253726 0.00011302503976652889 -1.4937912576440394e-05 8.5558779478256419e-05 -3.1044295968923885e-05 -0.0014387709862207969 0.00062297686438324154 -0.0015947776527561353 -4.5394590233851194e-05 0.00087758795908413057 0.00066926972660119328 0.004187968828115579 0.0014402373216061068 0.0089247880688158674 -0.00013463551056461278 0.00011613865710106732 0.0095702095579288556 -4.5391378993797642e-05 -2.8073780448707427e-05 -5.5587098694742051e-05 -0.0020043851511759928 0.0040828045932688626 0.0015386951691075291 0.0043728526049037512 -0.0027728992669991074 -0.0015683918838574062
leaf_weight=1582 130 614 503 88 4454 192 343 111 269 124 502 107 24019 1600 2570 123 1944 84 6169 4490 149 859 376 4275 578 1115 202 101 272 118
leaf_count=1582 130 614 503 88 4454 192 343 111 269 124 502 107 24019 1600 2570 123 1944 84 6169 4490 149 859 376 4275 578 1115 202 101 272 118
internal_value=-8.86891e-05 0.0105987 0.0196524 0.00162566 -0.000520441 -0.000843254 -0.00298913 -0.00652473 -0.00988655 -0.000360462 -0.00123197 0.0100163 -0.00151772 0.000371388 0.00207889 -0.00127929 -0.000832611 0.000646367 -0.00248482 0.00362022 0.00917541 0.00653377 -0.00354676 -0.00413642 -0.012513 0.00823637 0.0131274 0.00146552 -0.00521921 0.018538
internal_weight=58063 2250 1117 1133 55813 1003 915 723 612 54231 24752 609 24143 29479 12189 6952 17290 12836 6253 6583 2093 5237 5352 5229 954 4378 1808 575 474 1233
internal_count=58063 2250 1117 1133 55813 1003 915 723 612 54231 24752 609 24143 29479 12189 6952 17290 12836 6253 6583 2093 5237 5352 5229 954 4378 1808 575 474 1233
is_linear=0
shrinkage=0.05


Tree=132
num_leaves=31
num_cat=0
split_feature=3 0 4 7 3 4 8 8 13 7 7 6 15 7 10 4 12 9 8 6 10 6 10 3 3 7 9 6 10 14
split_gain=80.6895 76.396 40.877 20.787 19.5858 16.8841 15.2785 23.0088 22.8488 22.3824 12.2435 51.6792 45.4007 54.5766 37.5681 36.5749 21.6596 19.8171 21.9623 26.997 19.7173 31.4739 60.0618 36.7385 31.4918 18.4617 43.3044 17.6994 17.1833 17.69
threshold=13.166532993316652 1.0000000180025095e-35 8.1050000190734881 0.01504978956654668 1.7241498827934267 10.065000057220461 -0.31676515936851496 0.86674088239669811 -0.37940952181816096 0.95506030321121227 0.98666161298751842 949.04998779296886 57.500000000000007 0.99276849627494823 0.93038213253021251 2.1350001096725468 -0.21643137186765668 10.965000152587892 -0.064414007589220987 962.45001220703136 -0.88697704672813404 963.45001220703136 0.8038262426853181 8.9400329589843768 3.6715925931930546 0.98217421770095836 3.804999947547913 962.04998779296886 0.9170251488685609 8.0349998474121112
decision_type=2 2 2 2 2 2 2 2 2 2 2 2 2 2 2 2 2 10 2 2 2 2 2 2 2 2 10 2 2 10
left_child=4 6 -3 5 -1 -4 -2 9 -9 -8 25 -12 13 -13 17 16 -16 20 19 -19 -14 22 -22 24 -24 -6 -27 -15 29 -28
right_child=1 2 3 -5 10 -7 7 8 -10 -11 11 12 14 27 15 -17 -18 18 -20 -21 21 -23 23 -25 -26 26 28 -29 -30 -31
leaf_value=-1.4291018184537861e-05 -1.4779321106794809e-05 -2.6442446767294128e-05 6.4752040626991916e-05 7.87739130334142e-05 -1.1944848985494077e-05 0.00016562882533776026 0.00031974762927697856 -0.00011837020249695629 1.1160517058317333e-05 -1.5646478482966853e-05 0.0061278703955280128 -0.0051066089618959061 0.0023630429606918144 -0.0029568832184883988 -0.00020408902175234864 -0.0013092800826617981 0.00025556942399751394 -0.0056506485624527149 0.0024218251487293564 0.0020706838284999447 -0.00135299736601904 -0.0012453056524159125 -6.5851228168978086e-05 -0.0019037949361918661 0.0038475402884323136 -8.9641941854873896e-05 0.0054754078454519323 0.00033400320767067903 0.0029808662273543684 -0.000549291702355087
leaf_weight=2052 385 201 183 625 50243 127 241 120 249 163 123 276 182 107 82 213 125 129 291 88 142 365 113 188 505 83 151 154 93 83
leaf_count=2052 385 201 183 625 50243 127 241 120 249 163 123 276 182 107 82 213 125 129 291 88 142 365 113 188 505 83 151 154 93 83
internal_value=-0.00013256 0.00904741 0.0182296 0.0226064 -0.000510817 0.011746 0 0.00404884 -0.00494652 0.0122249 -0.000327497 -0.00338407 -0.00472175 -0.0178044 -0.0017916 -0.0152941 -0.000235849 0.00107072 0.00955166 -0.00247748 -0.00183333 -0.00398331 0.000839454 0.00616523 0.0120385 -0.000141143 0.0103614 -0.00131579 0.0185241 0.0108787
internal_weight=58082 2294 1136 935 55788 310 1158 773 369 404 53736 3083 2960 537 2423 420 207 2003 508 217 1495 1313 948 806 618 50653 410 261 327 234
internal_count=58082 2294 1136 935 55788 310 1158 773 369 404 53736 3083 2960 537 2423 420 207 2003 508 217 1495 1313 948 806 618 50653 410 261 327 234
is_linear=0
shrinkage=0.05


Tree=133
num_leaves=31
num_cat=0
split_feature=3 0 4 7 7 3 15 7 8 8 6 11 10 3 14 12 10 7 14 3 13 6 8 3 8 8 7 9 8 7
split_gain=85.0876 58.727 34.3197 20.2968 18.0595 15 14.655 35.7542 30.1833 37.5239 29.0846 23.986 25.7928 24.2965 24.7201 22.168 49.3893 40.7832 42.0107 35.549 34.5605 27.5918 31.0434 21.4534 21.1855 81.0618 45.8646 32.2959 34.865 43.2078
threshold=13.166532993316652 1.0000000180025095e-35 8.4250001907348651 -0.5677773356437682 -0.29014293849468226 1.5227588415145876 37.500000000000007 0.98049062490463268 0.93324586749076854 0.94504281878471386 957.14999389648449 4.8500001430511483 0.88697704672813427 5.278433322906495 5.5050001144409189 0.47714059054851538 0.31729258596897131 -0.41079147160053248 3.9050000905990605 5.1259825229644784 0.12940952181816109 949.35000610351574 0.70785933732986461 3.7142270803451543 0.88337317109107982 0.8730936348438264 0.28604298830032354 0.63499999046325695 -0.23416947573423383 0.96906387805938732
decision_type=2 2 2 2 2 2 2 2 2 2 2 2 2 2 10 2 2 2 10 2 2 2 2 2 2 2 2 10 2 2
left_child=5 3 -3 -2 -4 -1 7 8 15 -10 11 12 -11 -13 -15 -7 23 19 -19 -18 -20 22 -21 -17 25 27 -26 -8 29 -29
right_child=1 2 4 -5 -6 6 24 -9 9 10 -12 13 -14 14 -16 16 17 18 20 21 -22 -23 -24 -25 26 -27 -28 28 -30 -31
leaf_value=-1.4376328359993031e-05 0.00034124395858946559 6.5617352916691468e-05 0.0002863552380174106 -2.9296969322772927e-06 7.6711350553920762e-05 -8.4571000881430698e-05 0.00017328535608840585 -0.003187965937762004 -0.0026661201891839802 9.5158261586285754e-06 0.00028781550755336286 0.00045391181491420826 -0.0015568067648869931 -0.0041665521512317776 -0.00022259870992310529 1.4803008430903844e-06 0.00026921666200141437 0.00015150026915553848 0.00011055866705448337 0.0044503476588086816 -0.0028846892668231241 0.0054348350228295567 -0.0015860018534657712 -0.0016525891200142224 2.2975996126888175e-06 -0.0026585742180543098 0.0020227847704263101 8.1435875307700123e-05 -8.9034745330468515e-05 0.0033211637691029014
leaf_weight=1376 131 315 131 1026 681 15478 1414 103 186 198 407 332 448 177 757 752 1159 577 627 619 415 294 139 687 3861 359 1626 10738 12801 170
leaf_count=1376 131 315 131 1026 681 15478 1414 103 186 198 407 332 448 177 757 752 1159 577 627 619 415 294 139 687 3861 359 1626 10738 12801 170
internal_value=-0.000186242 0.00926169 0.0173587 0.00133391 0.0227662 -0.000574455 -0.000443594 -0.00138913 -0.00125554 -0.00643426 -0.00466867 -0.00725091 -0.0150538 -0.00322581 -0.00734824 -0.000628855 0.00217103 0.0051369 -0.000892857 0.00954422 -0.00687679 0.0161779 0.0110092 -0.0057133 0.000269581 -0.000337427 0.00308631 1.98981e-06 -0.000436451 0.00164025
internal_weight=57984 2284 1127 1157 812 55700 54324 23355 23252 2505 2319 1912 646 1266 934 20747 5269 3830 1619 2211 1042 1052 758 1439 30969 25482 5487 25123 23709 10908
internal_count=57984 2284 1127 1157 812 55700 54324 23355 23252 2505 2319 1912 646 1266 934 20747 5269 3830 1619 2211 1042 1052 758 1439 30969 25482 5487 25123 23709 10908
is_linear=0
shrinkage=0.05


Tree=134
num_leaves=31
num_cat=0
split_feature=3 0 4 3 7 7 7 7 12 8 8 8 8 6 14 14 6 3 7 15 8 8 6 12 7 7 4 14 11 9
split_gain=87.1336 69.5574 34.2475 20.2856 18.2847 17.8927 17.4309 17.0065 16.3993 20.6249 14.4392 32.6278 31.8045 30.8208 31.9724 32.2716 15.7688 14.1743 16.9215 30.2144 13.5863 48.0838 49.724 32.4429 27.3546 34.1042 24.4976 26.0014 21.1464 20.4986
threshold=13.166532993316652 1.0000000180025095e-35 8.2950000762939471 1.7241498827934267 -0.52458885312080372 0.01504978956654668 0.59919759631156932 0.91258591413497936 -0.59480014443397511 0.17552985996007922 0.99805629253387462 0.99831542372703563 0.99717122316360485 956.25000000000011 6.3150000572204599 8.8150000572204608 954.25000000000011 2.4375712871551518 0.97697007656097423 72.500000000000014 0.97745609283447277 0.98965245485305797 945.85000610351574 -0.41467745602130884 -0.1985165476799011 -0.18163955211639402 3.4150000810623173 8.7150001525878924 4.8500001430511483 6.5350000858306894
decision_type=2 2 2 2 2 2 2 2 2 2 2 2 2 2 10 10 2 2 2 2 2 2 2 2 2 2 2 10 2 10
left_child=3 4 -3 6 -2 -4 -1 -6 -8 -10 12 -12 17 14 16 -16 -13 18 19 -5 -19 22 -22 29 -24 -26 28 -28 -25 -23
right_child=1 2 5 10 7 -7 8 -9 9 -11 11 13 -14 -15 15 -17 -18 20 -20 -21 21 23 24 26 25 -27 27 -29 -30 -31
leaf_value=-2.2609224436537409e-05 0.00031455680639719545 8.403273241002763e-05 7.6603627730503779e-05 1.5997743418712935e-05 -1.4531896805977663e-05 7.0649756721763438e-05 -3.1460440711849474e-05 6.704007584935335e-05 -1.0954155916507655e-06 9.5825623378232191e-06 0.004798045794916295 -0.00010081543115062755 -0.0008242235826417685 0.0013678898837554188 0.002942081997217222 -0.00073916854303294761 -0.00077208396268802978 -3.3741882779807568e-05 -4.30348556158049e-05 7.8866440847734538e-05 0.0066848668615654668 0.0005648930810795115 0.0045509124165801045 -7.1538367542090328e-05 -0.0044124211892222261 -0.0011656067582315969 -0.0020442319605461085 0.00039146090893077412 0.0015877109997282264 0.0095490059404459912
leaf_weight=1589 152 261 300 2570 670 587 143 336 227 118 167 139 139 295 207 123 174 47318 210 323 112 80 91 103 151 808 367 192 144 109
leaf_count=1589 152 261 300 2570 670 587 143 336 227 118 167 139 139 295 207 123 174 47318 210 323 112 80 91 103 151 808 367 192 144 109
internal_value=-0.000167497 0.0093466 0.0180399 -0.000560783 0.000687876 0.0227018 -0.00540346 -0.00178042 0.00283976 0.00871429 -0.000373419 0.00527027 -0.000492204 0.00159067 -0.00455247 0.00626866 -0.0158805 -0.000427895 0.00284749 0.00384748 -0.000633589 -0.00450971 -0.0113967 0.00355 -0.0147867 -0.0172718 -0.000863132 -0.00664894 0.0121032 0.0219072
internal_weight=58205 2306 1148 55899 1158 887 2077 1006 488 345 53822 1105 52717 938 643 330 313 52578 3103 2893 49475 2157 1162 995 1050 959 806 559 247 189
internal_count=58205 2306 1148 55899 1158 887 2077 1006 488 345 53822 1105 52717 938 643 330 313 52578 3103 2893 49475 2157 1162 995 1050 959 806 559 247 189
is_linear=0
shrinkage=0.05


Tree=135
num_leaves=31
num_cat=0
split_feature=3 1 4 6 3 3 12 7 10 13 10 8 4 3 6 10 13 6 12 15 11 7 7 6 7 6 12 10 8 7
split_gain=86.7383 58.8102 38.3877 17.8423 16.2885 16.2971 21.096 22.9916 21.1751 21.3359 19.1737 18.458 18.1854 21.8339 32.4723 18.5701 24.0167 19.6623 17.1211 16.4582 15.5173 15.3607 29.6909 30.3093 24.0197 14.5288 14.5181 56.0912 29.9907 37.388
threshold=13.166532993316652 1.0000000180025095e-35 8.4250001907348651 949.45001220703136 1.7241498827934267 3.2745834589004521 -0.53727915883064259 0.93554237484931957 -0.80382624268531788 0.37940952181816107 -0.76037701964378346 -0.94917574524879444 1.1250000000000002 4.4210450649261483 953.95001220703136 0.90992662310600292 0.78656607866287243 954.45001220703136 -0.80382624268531788 24.500000000000004 2.7500000000000004 0.86133140325546276 0.98372149467468273 954.25000000000011 0.98805528879165661 947.85000610351574 -0.50751903653144825 -0.46173103153705591 -0.62132811546325672 -0.25707612931728357
decision_type=2 2 2 2 2 2 2 2 2 2 2 2 2 2 2 2 2 2 2 2 2 2 2 2 2 2 2 2 2 2
left_child=4 2 -2 -3 -1 6 7 8 9 18 -10 -12 13 15 -15 16 17 25 20 -13 -6 -8 23 -23 -24 -7 27 28 29 -14
right_child=1 3 -4 -5 5 12 21 -9 10 -11 11 19 26 14 -16 -17 -18 -19 -20 -21 -22 22 24 -25 -26 -27 -28 -29 -30 -31
leaf_value=-1.2973205311605369e-05 6.1091549725472705e-05 0.00019681762466375042 6.7394255784519744e-05 -3.8468730886809249e-06 -0.00016617262214296575 -0.00019566115004126147 2.1711348543301032e-05 -0.00011844513915873316 0.00128492676947337 -0.00027248903765726213 -0.00026230759278102515 -0.00070965073737325559 0.0036572500895599687 -0.00089478087035939173 -0.00098866258931392249 7.6934877790692989e-05 -0.0004161646235991033 -0.00017373196873647046 -0.00023263041639951917 0.00056013533020089681 0.001632204664941319 -0.00010701505744037683 -0.00017895114506847332 0.0003663063841457418 7.2858030696680562e-05 0.0011843164595983389 -0.0001085564707286657 -0.00090501667198993616 0.00015535019098774641 0.00019110271526193157
leaf_weight=2042 302 196 810 944 138 219 4909 267 83 447 94 104 1059 372 194 326 234 209 292 816 203 80 87 484 239 187 35075 1587 4835 1169
leaf_count=2042 302 196 810 944 138 219 4909 267 83 447 94 104 1059 372 194 326 234 209 292 816 203 80 87 484 239 187 35075 1587 4835 1169
internal_value=-0.000216349 0.009393 0.017547 0.00139738 -0.000605316 -0.000438433 0.00160645 -0.00228665 -0.000572869 -0.00552995 0.00431034 0.00235525 -0.000809307 -0.00581329 -0.0138354 -0.00190678 -0.00579625 -0.000564516 0.00039185 0.00454054 0.00794798 0.00324776 0.00927374 0.0161687 -0.00271903 0.00583942 -0.000609421 0.00122473 0.00313384 0.00792656
internal_weight=58003 2252 1112 1140 55751 53709 8243 2444 2177 1080 1097 1014 45466 1741 566 1175 849 615 633 920 341 5799 890 564 326 406 43725 8650 7063 2228
internal_count=58003 2252 1112 1140 55751 53709 8243 2444 2177 1080 1097 1014 45466 1741 566 1175 849 615 633 920 341 5799 890 564 326 406 43725 8650 7063 2228
is_linear=0
shrinkage=0.05


Tree=136
num_leaves=31
num_cat=0
split_feature=3 0 4 7 7 7 6 15 6 10 7 9 6 3 4 6 10 12 3 9 3 13 7 6 7 6 13 5 7 10
split_gain=69.431 56.7302 30.7279 18.9504 18.4261 15.9714 53.539 42.2251 54.6151 52.3015 27.7988 24.8637 24.3289 23.7549 23.3474 22.867 45.8931 41.5296 26.3758 30.9546 24.3578 22.7588 21.7008 18.562 49.9967 43.1582 57.2797 51.5831 44.3301 34.0925
threshold=13.166532993316652 1.0000000180025095e-35 8.4250001907348651 -0.5677773356437682 -0.036512531340122216 0.98666161298751842 950.95001220703136 57.500000000000007 962.54998779296886 0.93038213253021251 0.99468535184860241 11.065000057220461 954.25000000000011 11.68327045440674 2.1350001096725468 963.25000000000011 -0.71322327852249134 -0.62249094247817982 8.9400329589843768 3.9150000810623173 7.8200454711914071 0.37940952181816107 0.99276849627494823 947.64999389648449 -0.45724393427371973 952.75000000000011 -0.37940952181816096 4.1283333301544198 -0.52458885312080372 0.83385404944419872
decision_type=2 2 2 2 2 2 2 2 2 2 2 10 2 2 2 2 2 2 2 10 2 2 2 2 2 2 2 2 2 2
left_child=5 3 -3 -2 -4 23 -7 8 12 11 -10 15 -8 22 -11 17 -17 -9 19 -19 -21 -18 -13 -1 25 26 29 -27 -28 -25
right_child=1 2 4 -5 -6 6 7 9 10 14 -12 13 -14 -15 -16 16 21 18 -20 20 -22 -23 -24 24 -26 27 28 -29 -30 -31
leaf_value=-0.00013723351831069721 0.00029429603553313702 7.9488638344585316e-05 6.3944050482150913e-05 -4.7889938487200025e-06 6.4024542995294584e-05 0.0044469340721759081 -0.00066604399123124103 -0.0007470265102341694 -0.0001134266052684737 -4.5728453059630875e-05 0.0019367439777864593 0.0061018040062191664 -0.0062820053082204329 -0.00015424749143851669 -0.001266530468467416 0.0055397195890455478 -0.0026872523419958399 -5.8876197887740811e-05 -0.001636600727967981 0.006094829524726432 0.0012969387682580215 -0.00027464778224176836 0.0025456695838226243 -0.00031912853343211164 -1.2861077156121286e-05 -0.00036007573277349798 0.0010247627182913333 0.00065883880477254214 0.0024177534295668243 0.003666861489042056
leaf_weight=13622 129 304 262 1013 535 270 80 154 149 209 85 82 221 148 200 120 197 192 187 284 208 148 201 1529 32168 714 3084 892 440 281
leaf_count=13622 129 304 262 1013 535 270 80 154 149 209 85 82 221 148 200 120 197 192 187 284 208 148 201 1529 32168 714 3084 892 440 281
internal_value=-0.000185845 0.00842972 0.0165009 0.000610288 0.0216334 -0.000532486 -0.00399682 -0.00601045 -0.0186111 -0.00308351 -0.00041841 0.000389408 -0.0325163 0.0108945 -0.0192029 -0.00267559 -0.0118085 0.00150485 0.00576484 0.0103048 0.0169014 -0.021 0.0192708 -0.000326159 0.000227546 0.00407487 0.00623712 -0.00310366 0.00994616 -0.000991736
internal_weight=58108 2243 1101 1142 797 55865 3135 2865 535 2330 234 1921 301 431 409 1490 465 1025 871 684 492 345 283 52730 39108 6940 5334 1606 3524 1810
internal_count=58108 2243 1101 1142 797 55865 3135 2865 535 2330 234 1921 301 431 409 1490 465 1025 871 684 492 345 283 52730 39108 6940 5334 1606 3524 1810
is_linear=0
shrinkage=0.05


Tree=137
num_leaves=31
num_cat=0
split_feature=3 0 4 7 0 10 11 3 11 4 3 7 6 10 3 7 6 6 7 3 6 6 9 7 7 6 6 8 11 10
split_gain=78.8175 63.6429 31.37 18.3466 14.0069 17.6339 26.8244 18.4905 16.0618 17.3714 23.0872 24.9 29.5974 27.9077 19.4178 15.7119 13.184 13.1188 16.6173 14.2984 14.5282 13.0762 12.7101 15.2563 28.8541 16.708 15.8584 17.0469 12.4157 32.387
threshold=13.166532993316652 1.0000000180025095e-35 8.4250001907348651 -0.036512531340122216 1.0000000180025095e-35 -0.96811076998710621 6.6499998569488534 7.0547201633453378 3.5499999523162846 7.5350000858306894 9.6419520378112811 0.93244570493698131 952.25000000000011 0.9536806344985963 11.009572029113771 0.95506030321121227 949.04998779296886 941.25000000000011 -0.92117106914520253 3.0527968406677251 940.14999389648449 964.54998779296886 13.824999809265138 0.1858661696314812 0.53553086519241344 954.54998779296886 950.85000610351574 -0.098678875714540468 9.4499998092651385 0.8140845298767091
decision_type=2 2 2 2 2 2 2 2 2 2 2 2 2 2 2 2 2 2 2 2 2 2 8 2 2 2 2 2 2 2
left_child=4 16 -3 -4 8 6 7 -6 -1 28 -11 12 14 -14 -12 -13 -2 18 19 -7 -21 -18 23 25 -25 26 27 -8 -10 -30
right_child=1 2 3 -5 5 17 22 -9 9 10 11 15 13 -15 -16 -17 21 -19 -20 20 -22 -23 -24 24 -26 -27 -28 -29 29 -31
leaf_value=-4.2769326460401738e-05 0.00022282197093844436 7.8226326468683338e-05 6.1750998126111625e-05 6.08233158455318e-05 1.1796005133388189e-06 -0.00038662580312838897 -0.0018907361652939882 0.0050713555072553059 -6.3761991025874281e-05 0.0014131782068544348 -0.001297161498155619 0.0014914318660433192 -0.00036856466129159829 -0.00029598414470360381 0.00036609622495303032 -1.4870226378510543e-05 -9.3646740223996008e-06 4.0701684693548409e-05 -0.00075254362126670198 0.0057505500631373713 -0.0010415905707854092 0.00010287902928580173 -0.0037012405146283804 0.0018091157748481692 -0.00079270778626943934 -0.0023017222223308703 0.00035957975835835789 -0.00012088501149326651 -0.00010443853495552304 0.0013987531287313561
leaf_weight=7559 180 305 260 550 2881 90 877 222 15544 320 277 81 690 232 350 157 833 19930 275 110 112 144 85 247 336 395 516 628 2756 1143
leaf_count=7559 180 305 260 550 2881 90 877 222 15544 320 277 81 690 232 350 157 833 19930 275 110 112 144 85 247 336 395 516 628 2756 1143
internal_value=-0.000159236 0.00895916 0.0174554 0.0225767 -0.000531191 0.00029578 -0.00204296 0.00123874 -0.00128976 -0.00059383 -0.00490057 -0.00711496 -0.00942728 -0.0151025 -0.00102848 0.00781893 0.000731497 0.00100136 -0.00633446 0.00157729 0.00837004 -0.00157841 -0.00534153 -0.00477696 0.00246599 -0.00652623 -0.00466436 -0.00725166 -0.000125977 0.00239498
internal_weight=58085 2272 1115 810 55813 26704 6187 3103 29109 21550 2107 1787 1549 922 627 238 1157 20517 587 312 222 977 3084 2999 583 2416 2021 1505 19443 3899
internal_count=58085 2272 1115 810 55813 26704 6187 3103 29109 21550 2107 1787 1549 922 627 238 1157 20517 587 312 222 977 3084 2999 583 2416 2021 1505 19443 3899
is_linear=0
shrinkage=0.05


Tree=138
num_leaves=31
num_cat=0
split_feature=3 1 4 1 7 7 6 7 6 7 7 13 11 7 7 8 8 6 15 7 7 3 4 7 10 6 8 8 15 9
split_gain=67.7684 62.5855 35.9877 19.959 19.3501 16.7413 15.1669 20.0452 30.0902 28.1905 19.6965 20.2368 19.9133 17.8153 16.9849 33.6624 36.0826 21.8352 24.7666 16.8794 16.0553 17.766 15.0725 14.9231 14.8818 13.9451 39.7634 20.8884 20.0964 23.1654
threshold=13.166532993316652 1.0000000180025095e-35 8.4250001907348651 1.0000000180025095e-35 -0.5677773356437682 -0.036512531340122216 947.64999389648449 -0.079425927251577363 946.75000000000011 -0.1900704428553581 -0.97415921092033375 0.60355338454246532 4.0499999523162851 -0.98450490832328785 -0.45724393427371973 -0.85581842064857472 -0.83753159642219532 952.75000000000011 52.500000000000007 -0.9563411772251128 -0.98450490832328785 9.5433130264282244 10.065000057220461 -0.93400302529335011 0.85260769724845897 958.95001220703136 0.89129894971847545 0.80060017108917247 83.500000000000014 10.555000305175783
decision_type=2 2 2 2 2 2 2 2 2 2 2 2 2 2 2 2 2 2 2 2 2 2 2 2 2 2 2 2 2 10
left_child=3 2 -2 6 -3 22 7 9 -9 10 11 13 -12 -1 15 -8 -17 20 -19 -14 -18 24 -4 -21 -22 28 27 -27 -16 -30
right_child=1 4 5 -5 -6 -7 14 8 -10 -11 12 -13 19 -15 25 16 17 18 -20 23 21 -23 -24 -25 -26 26 -28 -29 29 -31
leaf_value=0.00090290419004439987 4.7194522923421635e-05 0.00030731225585425848 3.698495880558872e-05 -4.8678974418911753e-05 -6.9578068740194791e-06 5.7782150053253822e-05 0.0023683330682782947 0.0050239811661747236 -0.00097189076647369527 -0.0023665537216162971 2.4597626207467118e-05 -0.0003926497959013842 -0.0023822172716469374 0.0043351012797109073 9.1337921929264196e-07 -0.0023828691916450541 -0.00098649622334501231 -0.00062961994445157813 0.0028886901449930616 0.0013640417214117115 0.00080129167262417943 -0.0011469228992633585 0.00012034840834499461 -0.00069929811806085135 0.004086879864714202 4.4772587660561487e-05 0.0013137280492740904 -0.000103675159152255 -0.00065729037757653909 0.00063895465243928864
leaf_weight=540 311 130 148 29094 1004 554 274 332 146 127 1637 283 264 156 10463 113 86 345 166 255 1256 321 121 2337 472 5456 577 408 579 161
leaf_count=540 311 130 148 29094 1004 554 274 332 146 127 1637 283 264 156 10463 113 86 345 166 255 1256 321 121 2337 472 5456 577 408 579 161
internal_value=-0.000147967 0.008315 0.0165935 -0.000492364 0 0.0220411 0.000493292 -0.00170174 0.00807453 -0.00254283 -0.00199014 0.00442073 -0.0033904 0.00898716 0.00113867 0.00459184 0.00291245 0.00411166 -0.00513566 -0.00590703 0.00633178 0.0072298 0.0114964 -0.00465922 0.00923254 0.00054394 0.00239684 0.00115863 -0.000521949 -0.00845638
internal_weight=58116 2268 1134 55848 1134 823 26754 6077 478 5599 5472 979 4493 696 20677 3033 2759 2646 511 2856 2135 2049 269 2592 1728 17644 6441 5864 11203 740
internal_count=58116 2268 1134 55848 1134 823 26754 6077 478 5599 5472 979 4493 696 20677 3033 2759 2646 511 2856 2135 2049 269 2592 1728 17644 6441 5864 11203 740
is_linear=0
shrinkage=0.05


Tree=139
num_leaves=31
num_cat=0
split_feature=3 0 4 15 13 11 15 6 4 10 3 4 5 10 8 8 11 9 6 15 8 8 6 10 8 8 12 8 11 15
split_gain=68.4734 56.2232 32.6077 15.6461 17.3965 13.0519 25.6854 40.3799 24.6405 21.1688 19.4382 18.4406 18.9727 18.0557 17.4139 18.812 17.0897 18.9576 16.1991 15.9348 34.7088 48.9835 36.1063 50.8257 64.91 62.164 56.7109 35.6328 34.2743 29.9094
threshold=13.166532993316652 1.0000000180025095e-35 8.4250001907348651 95.500000000000014 -0.7865660786628722 3.5499999523162846 85.500000000000014 955.85000610351574 4.2049999237060556 0.9238443672657014 6.8300960063934335 7.5050001144409189 3.2083333730697636 -0.90255093574523915 0.98336225748062145 0.99805629253387462 9.6500000953674334 11.324999809265138 958.95001220703136 40.500000000000007 0.69016700983047496 0.20931270718574527 955.45001220703136 -0.73724925518035878 0.93324586749076854 0.94362518191337597 0.061046212911605842 0.82072415947914135 6.8500001430511483 51.500000000000007
decision_type=2 2 2 2 2 2 2 2 2 2 2 2 2 2 2 2 2 10 2 2 2 2 2 2 2 2 2 2 2 2
left_child=3 -2 -3 5 -5 9 19 11 13 10 14 12 -8 -9 -1 -16 -10 -18 -17 -7 21 29 -22 24 27 -26 -25 28 -24 -21
right_child=1 2 -4 4 -6 6 7 8 16 -11 -12 -13 -14 -15 15 18 17 -19 -20 20 22 -23 23 26 25 -27 -28 -29 -30 -31
leaf_value=-2.1233889601130711e-05 2.7250738579787105e-06 4.4255733994877372e-05 5.4893042550591134e-05 -0.00069401242340685345 0.0019753416826801514 -4.7884017521242308e-05 -0.00045808767477401453 -0.0017601334788008864 0.0036018661176367818 8.4694453236787689e-06 -0.0019539734970746773 0.00016087999809600851 -0.0056063792241507621 3.1656932654331935e-05 -0.00014284138924454339 -7.3440278647925793e-05 -0.0020548376496823339 0.00036639537947446568 0.0020647573773688189 0.0012052368393637549 0.0013319672043520228 -0.00067924151849956265 0.0022752937474761182 0.0048541910094035152 0.0087012638596480237 -0.00049069486252480978 6.3206401245236029e-05 -0.0028841611706269276 -0.0032773105968274367 -3.4271617358633268e-05
leaf_weight=9370 1157 308 833 95 333 21111 107 187 339 3966 660 81 334 205 284 91 154 88 81 2807 3408 3175 131 304 143 492 1277 354 118 6077
leaf_count=9370 1157 308 833 95 333 21111 107 187 339 3966 660 81 334 205 284 91 154 88 81 2807 3408 3175 131 304 143 492 1277 354 118 6077
internal_value=-0.000111924 0.00833695 0.0161867 -0.000460763 0.00900693 -0.000534788 -7.82453e-05 -0.0065 -0.000460123 -0.00182611 -0.00300257 -0.0176471 -0.0216368 -0.0100756 -0.00244126 -0.0119306 0.00605802 -0.00404858 0.00112994 0.000166235 0.00124651 -0.000319131 0.00427632 8.85269e-05 -0.0074819 0.00367188 0.00602144 -0.0191612 -0.00452756 0.00158623
internal_weight=58070 2298 1141 55772 428 55344 40892 1495 973 14452 10486 522 441 392 9826 456 581 242 172 39397 18286 12059 6227 2819 1238 635 1581 603 249 8884
internal_count=58070 2298 1141 55772 428 55344 40892 1495 973 14452 10486 522 441 392 9826 456 581 242 172 39397 18286 12059 6227 2819 1238 635 1581 603 249 8884
is_linear=0
shrinkage=0.05


Tree=140
num_leaves=31
num_cat=0
split_feature=3 0 4 7 7 6 15 8 8 8 7 3 7 14 12 15 12 7 8 12 14 14 9 8 12 7 7 7 7 8
split_gain=82.0869 57.455 34.6468 21.8126 18.3109 14.7809 44.0438 38.2511 57.9082 39.5641 35.2502 52.0301 26.516 32.9298 31.5833 25.2506 38.3838 29.9758 57.2472 47.2315 37.9245 24.0916 24.0392 33.5629 25.7411 23.1822 21.6955 78.2786 38.2588 34.9929
threshold=13.166532993316652 1.0000000180025095e-35 8.4250001907348651 -0.29014293849468226 -0.5677773356437682 958.95001220703136 82.500000000000014 0.89129894971847545 0.95943385362625133 0.85803928971290599 0.066572044044733061 5.5117216110229501 0.93244570493698131 4.3150000572204599 1.0000000180025095e-35 82.500000000000014 -0.70088258385658253 0.68472337722778331 -0.6576542556285857 0.061046212911605842 8.9849996566772479 3.9050000905990605 1.7400000095367434 -0.61794704198837269 0.04361772537231446 0.97316074371337902 0.97316074371337902 0.99276849627494823 0.91947823762893688 0.15855792164802554
decision_type=2 2 2 2 2 2 2 2 2 2 2 2 2 10 2 2 2 2 2 2 10 10 10 2 2 2 2 2 2 2
left_child=5 4 -3 -4 -2 6 26 9 -9 15 21 -12 14 -14 -8 17 25 -7 19 -19 -21 -10 -20 24 -24 -17 28 29 -1 -28
right_child=1 2 3 -5 -6 7 12 8 10 -11 11 -13 13 -15 -16 16 -18 18 22 20 -22 -23 23 -25 -26 -27 27 -29 -30 -31
leaf_value=-2.4874842436388521e-05 0.00029181038936864636 5.6426834722200782e-05 0.00013738932729749631 5.2148390423062413e-05 -1.8846090224872159e-06 0.00013344701294721727 -0.00072040076104739183 0.0035112638672890975 0.0035562366674160282 -0.00080225267070414483 -0.00028688359353401147 7.5007818776981486e-05 -2.6391653768599763e-06 -0.0022776306431252537 0.0008683670294488522 -0.00076198737933778199 0.00059906031177761783 0.0038439242470641403 1.474056005213091e-05 -0.0033944797208699216 0.00023155346224103536 -6.3072242065417836e-05 0.0035061266655864345 -8.6693838960606436e-05 9.5047215842136712e-05 0.00021785776178551196 -0.0048757644894457707 0.00049344307872565033 0.00048618944222730441 -0.00034284241483560179
leaf_weight=38102 130 312 132 692 1012 3464 918 558 132 319 129 204 189 391 239 178 1268 95 556 342 99 150 170 4954 239 128 382 886 1312 312
leaf_count=38102 130 312 132 692 1012 3464 918 558 132 319 129 204 189 391 239 178 1268 95 556 342 99 150 170 4954 239 128 382 886 1312 312
internal_value=-0.000137933 0.00915462 0.0170903 0.0224367 0.00122058 -0.000518655 -0.000967568 0.00095843 0.00955008 0.000101549 -0.00104839 -0.0119822 -0.00875431 -0.0174359 -0.00434596 0.000587059 0.00645978 -0.000347642 -0.00236068 -0.0179298 -0.0247758 0.0118467 -0.000936867 -0.00196535 0.011715 -0.00932476 -0.000636601 -0.00637224 -0.000405896 -0.0188841
internal_weight=57994 2278 1136 824 1142 55716 42731 12985 1173 11812 615 333 1737 580 1157 11493 1574 9919 6455 536 441 282 5919 5363 409 306 40994 1580 39414 694
internal_count=57994 2278 1136 824 1142 55716 42731 12985 1173 11812 615 333 1737 580 1157 11493 1574 9919 6455 536 441 282 5919 5363 409 306 40994 1580 39414 694
is_linear=0
shrinkage=0.05


Tree=141
num_leaves=31
num_cat=0
split_feature=3 0 9 7 4 6 0 4 14 7 6 5 12 6 6 7 15 8 4 2 11 9 8 15 15 8 7 15 8 15
split_gain=74.1008 57.2696 33.0235 14.3319 14.1165 13.6683 12.9937 12.9401 20.4923 17.5954 26.7446 17.5335 15.2221 17.5726 20.789 22.9357 17.8665 13.9729 15.5606 13.5949 13.1581 13.1275 37.5072 22.7906 17.2651 15.4479 25.1684 16.1023 17.4902 14.6487
threshold=13.166532993316652 1.0000000180025095e-35 14.244999885559084 -0.036512531340122216 8.1050000190734881 956.25000000000011 1.0000000180025095e-35 7.5750000476837167 5.3550000190734872 0.93244570493698131 952.45001220703136 4.4449999332427987 -0.73724925518035878 944.14999389648449 946.95001220703136 -0.55354335904121388 22.500000000000004 -0.47813485562801356 6.4349999427795419 13.500000000000002 9.4499998092651385 8.3249998092651385 -0.93779578804969776 38.500000000000007 79.500000000000014 0.85803928971290599 -0.08797780796885489 50.500000000000007 0.17552985996007922 29.500000000000004
decision_type=2 2 8 2 2 2 2 2 10 2 2 2 2 2 2 2 2 2 2 2 2 10 2 2 2 2 2 2 2 2
left_child=6 -2 4 -4 5 -3 7 11 -9 10 -10 21 -13 20 17 16 -16 -15 -19 -18 -14 -1 23 -23 25 27 -27 28 29 -24
right_child=1 2 3 -5 -6 -7 -8 8 9 -11 -12 12 13 14 15 -17 19 18 -20 -21 -22 22 24 -25 -26 26 -28 -29 -30 -31
leaf_value=-2.2192952516741439e-05 4.519561507410064e-06 0.00014640327843223888 3.9122355029186377e-05 4.8212359676286237e-05 8.7242673328147283e-05 -0.00056724732671249451 9.9873029475662685e-06 0.0038901268945700203 -5.6517923069399069e-05 0.00026089748658455483 -0.00028270069188862104 -0.0028670730176884544 0.00028297043749292357 -0.0045320805256308721 -0.00038656155087868631 6.0421438819593946e-05 0.0060860094211186546 0.0014869733543002195 -0.0041120784263841571 0.0025401100144812811 0.00418443834627206 -0.0049085097971181338 -0.0029428091531764986 -0.0012703027587973462 0.0042024587644662248 -0.0025718663563574929 0.0024411738647857409 -0.0024871689751074597 -0.0022948978348761558 0.0014884091639174133
leaf_weight=16080 1136 106 137 378 435 80 26721 92 777 238 931 291 318 290 259 5102 223 287 148 555 449 154 177 114 169 181 303 991 302 614
leaf_count=16080 1136 106 137 378 435 80 26721 92 777 238 931 291 318 290 259 5102 223 287 148 555 449 154 177 114 169 181 303 991 302 614
internal_value=-1.37829e-05 0.0088274 0.0167397 0.0260577 0.00886581 -0.0026178 -0.000374747 -0.00110671 -0.00494371 -0.00604818 -0.00782253 -0.000816304 0.00116059 0.00159115 0.000786141 0.0017334 0.00849328 -0.00719178 -0.00147727 0.0122605 0.00874352 -0.00163698 -0.00466777 -0.0223443 -0.00289934 -0.00392538 0.00408998 -0.00579225 -0.00159381 0.00232412
internal_weight=58038 2272 1136 515 621 186 55766 29045 2038 1946 1708 27007 7922 7631 6864 6139 1037 725 435 778 767 19085 3005 268 2737 2568 484 2084 1093 791
internal_count=58038 2272 1136 515 621 186 55766 29045 2038 1946 1708 27007 7922 7631 6864 6139 1037 725 435 778 767 19085 3005 268 2737 2568 484 2084 1093 791
is_linear=0
shrinkage=0.05


Tree=142
num_leaves=31
num_cat=0
split_feature=3 0 4 7 6 11 8 8 10 8 8 7 8 7 6 7 7 6 15 9 10 6 15 11 3 8 12 8 10 7
split_gain=70.0414 57.4341 30.0261 24.4632 15.6692 15.2978 15.965 23.1869 30.7699 19.5165 17.1873 19.1415 14.9595 63.0446 41.3634 21.2076 39.8034 26.2906 21.0246 26.0972 20.6941 19.3623 20.9998 21.8529 23.0418 16.6437 43.0372 39.4076 50.6334 40.7894
threshold=13.166532993316652 1.0000000180025095e-35 8.4250001907348651 -0.036512531340122216 951.04998779296886 3.5499999523162846 -0.93168920278549183 -0.99960738420486439 -0.71322327852249134 -0.91865202784538258 -0.98336225748062123 0.11791723221540452 -0.97653719782829274 0.16894881427288058 952.54998779296886 -0.10508767142891882 -0.070841956883668886 948.25000000000011 20.500000000000004 5.0850000381469735 -0.8703225553035735 954.54998779296886 32.500000000000007 4.4500000476837167 9.3776688575744647 -0.89706552028655995 -0.50751903653144825 -0.85581842064857472 0.86159634590148937 -0.48754426836967463
decision_type=2 2 2 2 2 2 2 2 2 2 2 2 2 2 2 2 2 2 2 10 2 2 2 2 2 2 2 2 2 2
left_child=5 4 -3 -4 -2 6 7 -1 10 -8 11 -9 13 15 -15 18 -17 -18 -7 -20 -21 -19 -23 -24 -25 26 -14 28 29 -27
right_child=1 2 3 -5 -6 12 9 8 -10 -11 -12 -13 25 14 -16 16 17 21 19 20 -22 22 23 24 -26 27 -28 -29 -30 -31
leaf_value=0.0022624641023982713 0.00016311352576520722 6.1155041785027064e-05 4.3309727931606372e-05 4.7130352918089979e-05 -6.8842829799631303e-06 0.0016820298658875355 0.0033189828956294411 7.148619931299228e-07 -0.00015222382383073784 -1.6337730298370076e-05 -6.2783418510760063e-05 0.00082079811064605934 0.0031480387435304856 0.00044598391395453754 0.0089131461297076147 -0.0053154152767807689 0.0072873365831084384 -0.00052414711942588843 0.0028616679204048253 0.0019622373056292566 -0.0020175875665394863 0.00072240674308627912 0.0015505327759694869 -0.0020495623147882744 0.0014638311087906226 -0.00020250135190849643 -0.00039425821171159631 -2.3467223038997621e-05 -0.00011045718948786698 0.0031094440607555315
leaf_weight=119 290 307 265 554 857 110 151 376 834 12398 544 101 580 162 246 168 98 635 182 278 229 421 98 192 86 177 2784 33673 635 440
leaf_count=119 290 307 265 554 857 110 151 376 834 12398 544 101 580 162 246 168 98 635 182 278 229 421 98 192 86 177 2784 33673 635 440
internal_value=-0.000143116 0.0084504 0.0164456 0.0214199 0.000564236 -0.000494419 -0.00188945 -0.00606367 -0.00744624 -0.00123068 -0.00160819 0.00529046 -2.42724e-06 0.00345361 0.0215496 0.000459632 -0.00270112 -0.000130293 0.00715174 0.00381844 -0.00205078 -0.00187891 0.00330424 -0.00524934 -0.0123675 -0.000265055 -0.00362125 5.86888e-05 0.00875099 0.0188907
internal_weight=57990 2273 1126 819 1147 55717 14523 1974 1855 12549 1021 477 41194 2905 408 2497 1698 1530 799 689 507 1432 797 376 278 38289 3364 34925 1252 617
internal_count=57990 2273 1126 819 1147 55717 14523 1974 1855 12549 1021 477 41194 2905 408 2497 1698 1530 799 689 507 1432 797 376 278 38289 3364 34925 1252 617
is_linear=0
shrinkage=0.05


end of trees

feature_importances:
day_of_year_cos=599
day_of_year_sin=546
ecmwf_surface_pressure=464
ensemble_wind_speed_100m=455
gfs_wind_direction_10m_cos=339
gfs_wind_direction_100m_sin=281
gfs_relative_humidity_2m=274
ecmwf_wind_speed_100m=239
wind_speed_10m_mean=225
ecmwf_wind_speed_10m=224
icon_wind_gusts_10m=223
hour_sin=205
icon_wind_speed_100m=91
turbine_id__cat_0=60
lead_hours=58
turbine_id__cat_1=7

parameters:
[boosting: gbdt]
[objective: regression_l1]
[metric: l1]
[tree_learner: serial]
[device_type: cpu]
[data_sample_strategy: bagging]
[data: ]
[valid: ]
[num_iterations: 143]
[learning_rate: 0.05]
[num_leaves: 31]
[num_threads: 4]
[seed: 20260923]
[deterministic: 1]
[force_col_wise: 1]
[force_row_wise: 0]
[histogram_pool_size: -1]
[max_depth: -1]
[min_data_in_leaf: 80]
[min_sum_hessian_in_leaf: 0.001]
[bagging_fraction: 0.9]
[pos_bagging_fraction: 1]
[neg_bagging_fraction: 1]
[bagging_freq: 1]
[bagging_seed: 20081]
[bagging_by_query: 0]
[feature_fraction: 0.9]
[feature_fraction_bynode: 1]
[feature_fraction_seed: 2478]
[extra_trees: 0]
[extra_seed: 19505]
[early_stopping_round: 0]
[early_stopping_min_delta: 0]
[first_metric_only: 0]
[max_delta_step: 0]
[lambda_l1: 0]
[lambda_l2: 5]
[linear_lambda: 0]
[min_gain_to_split: 0]
[drop_rate: 0.1]
[max_drop: 50]
[skip_drop: 0.5]
[xgboost_dart_mode: 0]
[uniform_drop: 0]
[drop_seed: 10845]
[top_rate: 0.2]
[other_rate: 0.1]
[min_data_per_group: 100]
[max_cat_threshold: 32]
[cat_l2: 10]
[cat_smooth: 10]
[max_cat_to_onehot: 4]
[top_k: 20]
[monotone_constraints: ]
[monotone_constraints_method: basic]
[monotone_penalty: 0]
[feature_contri: ]
[forcedsplits_filename: ]
[refit_decay_rate: 0.9]
[cegb_tradeoff: 1]
[cegb_penalty_split: 0]
[cegb_penalty_feature_lazy: ]
[cegb_penalty_feature_coupled: ]
[path_smooth: 0]
[interaction_constraints: ]
[verbosity: -1]
[saved_feature_importance_type: 0]
[use_quantized_grad: 0]
[num_grad_quant_bins: 4]
[quant_train_renew_leaf: 0]
[stochastic_rounding: 1]
[linear_tree: 0]
[max_bin: 255]
[max_bin_by_feature: ]
[min_data_in_bin: 3]
[bin_construct_sample_cnt: 200000]
[data_random_seed: 5095]
[is_enable_sparse: 1]
[enable_bundle: 1]
[use_missing: 1]
[zero_as_missing: 0]
[feature_pre_filter: 1]
[pre_partition: 0]
[two_round: 0]
[header: 0]
[label_column: ]
[weight_column: ]
[group_column: ]
[ignore_column: ]
[categorical_feature: ]
[forcedbins_filename: ]
[precise_float_parser: 0]
[parser_config_file: ]
[objective_seed: 4466]
[num_class: 1]
[is_unbalance: 0]
[scale_pos_weight: 1]
[sigmoid: 1]
[boost_from_average: 1]
[reg_sqrt: 0]
[alpha: 0.9]
[fair_c: 1]
[poisson_max_delta_step: 0.7]
[tweedie_variance_power: 1.5]
[lambdarank_truncation_level: 30]
[lambdarank_norm: 1]
[label_gain: ]
[lambdarank_position_bias_regularization: 0]
[eval_at: ]
[multi_error_top_k: 1]
[auc_mu_weights: ]
[num_machines: 1]
[local_listen_port: 12400]
[time_out: 120]
[machine_list_filename: ]
[machines: ]
[gpu_platform_id: -1]
[gpu_device_id: -1]
[gpu_device_id_list: ]
[gpu_use_dp: 0]
[num_gpu: 1]

end of parameters

pandas_categorical:[]
