tree
version=v4
num_class=1
num_tree_per_iteration=1
label_index=0
max_feature_idx=15
objective=regression_l1
feature_names=turbine_id__cat_0 turbine_id__cat_1 lead_hours ensemble_wind_speed_100m ecmwf_wind_speed_10m wind_speed_10m_mean ecmwf_surface_pressure day_of_year_cos day_of_year_sin ecmwf_wind_speed_100m gfs_wind_direction_100m_sin icon_wind_gusts_10m gfs_wind_direction_10m_cos hour_sin icon_wind_speed_100m gfs_relative_humidity_2m
feature_infos=[0:1] [0:1] [1:48] [0.41664999723434448:20.968591690063477] [0:13.510000228881836] [0.27666667103767395:14.170000076293945] [935.70001220703125:985] [-1:1] [-0.99999076128005981:0.99999076128005981] [0:20.879999160766602] [-1:1] [0.40000000596046448:35.900001525878906] [-1:1] [-1:1] [0:30.829999923706055] [4:100]
tree_sizes=2834 2964 2942 2969 2951 2959 2968 2973 2955 2984 2967 2970 2975 2952 2946 2964 2963 2973 2963 2972 2966 2967 2969 2962 2963 2970 2971 2991 2957 2967 2975 2973 2970 2992 2982 2980 2980 2993 2988 2980 2991 2980 2986 2993 2971 2994 2972 2975 2961 2969 2963 3010 2987 3017 2994 2984 2987 3019 3000 2999 2993 2984 3007 2996 3013 3002 2991 2983 3007 3006 2998 3013 3004 3003 3037 3008 3026 3002 3010 3016 3009 3016 2996 2998 3021 3010 2996 3002 3019 3008 3023 2998 3002 2994 3030 2987 3009 3032 2979 3023 3011 3011 3012 3022 3024 2990 2957 3017 2982 2989 3011 3018 3018 3022 2981 3037 3015 3006 3037 2998 2995 2989 2975 3002 3018 2992 3009 2963 2995 2982 2935 2964 2974 2951 2954 2954 2928 2948 3003 3005 2970 2945 2958

Tree=0
num_leaves=31
num_cat=0
split_feature=3 3 3 11 3 3 5 5 13 12 3 13 10 6 7 11 3 7 10 12 7 7 10 9 10 9 7 9 14 7
split_gain=19500.7 2486.87 1129.96 478.511 204.163 163.517 145.763 141.164 122.437 94.3376 78.9057 56.616 53.4468 65.015 53.1076 52.5295 52.0265 51.4117 45.9097 80.0189 45.5917 57.615 45.5718 44.0081 43.5379 42.7838 41.2799 39.1676 40.6585 38.1791
threshold=6.2760055065155038 8.6476268768310565 4.6020376682281503 4.3500001430511483 7.1319866180419931 9.9657912254333514 2.7183333635330205 1.9616667032241824 0.12940952181816109 0.14780378341674807 5.9126744270324716 -0.37940952181816096 -0.9366365075111388 954.54998779296886 0.41470260918140417 4.9500000476837167 3.7531179189682011 0.82438889145851146 0.9238443672657014 0.35019405186176306 0.88234141469001781 0.98217421770095836 0.87032255530357372 6.5350000858306894 0.90992662310600292 8.2349996566772479 -0.42640316486358637 4.9749999046325692 4.7850000858306894 -0.52458885312080372
decision_type=2 2 2 2 2 2 2 2 2 2 2 2 2 2 2 2 2 2 2 2 2 2 2 10 2 8 2 10 10 2
left_child=2 3 7 9 17 18 -4 -1 24 20 12 -11 15 -14 23 -8 -9 27 19 -3 -2 -22 -16 -10 -6 -18 -12 -5 -29 -7
right_child=1 5 6 4 8 29 10 16 14 11 26 -13 13 -15 22 -17 25 -19 -20 -21 21 -23 -24 -25 -26 -27 -28 28 -30 -31
leaf_value=0.21441666102036833 0.22799999415874481 0.24374999552965165 0.21816666088998318 0.22404166087508201 0.23487499430775644 0.25570832639932634 0.22249999418854713 0.21524999430403113 0.22358332797884942 0.22533332780003548 0.22724999487400055 0.21883332766592503 0.22283332794904709 0.21966666094958781 0.23308332711458207 0.21974999420344829 0.21720832772552967 0.22283332794904709 0.2559999957680702 0.23524999469518662 0.2164999943226576 0.22766666114330292 0.22266666069626809 0.2353333279490471 0.24533332735300065 0.2230833277106285 0.2223333276808262 0.22424999400973319 0.23016666173934935 0.26166666001081468
leaf_weight=9590 1199 3264 3272 394 3062 1504 543 4767 213 387 691 1047 1881 1077 315 1412 3882 553 1456 1197 150 135 529 1581 1060 235 941 400 2268 8993
leaf_count=9590 1199 3264 3272 394 3062 1504 543 4767 213 387 691 1047 1881 1077 315 1412 3882 553 1456 1197 150 135 529 1581 1060 235 941 400 2268 8993
internal_value=0.224992 0.253283 0.195286 0.237201 0.24223 0.2663 0.209005 0.188001 0.247358 0.219321 0.213328 0.210198 0.210167 0.214436 0.238905 0.20375 0.192595 0.232624 0.259574 0.256964 0.228156 0.210345 0.228534 0.24376 0.252744 0.19681 0.222862 0.235156 0.237327 0.270072
internal_weight=57998 29707 28291 13293 10375 16414 9817 18474 6760 2918 6545 1434 4913 2958 2638 1955 8884 3615 5917 4461 1484 285 844 1794 4122 4117 1632 3062 2668 10497
internal_count=57998 29707 28291 13293 10375 16414 9817 18474 6760 2918 6545 1434 4913 2958 2638 1955 8884 3615 5917 4461 1484 285 844 1794 4122 4117 1632 3062 2668 10497
is_linear=0
shrinkage=1


Tree=1
num_leaves=31
num_cat=0
split_feature=3 3 3 14 3 3 4 12 3 13 4 3 7 3 13 7 7 13 10 10 12 4 7 14 6 15 7 4 7 7
split_gain=18386.9 2371.62 1128.68 368.709 184.428 140.241 138.336 149.351 128.155 82.5974 80.3008 71.234 67.6761 58.2415 52.7042 49.502 48.2325 47.8184 46.926 41.9177 68.6403 41.3777 41.2998 40.8224 39.942 65.8253 39.8267 37.6723 36.007 51.546
threshold=6.2760055065155038 8.6476268768310565 4.6020376682281503 4.7850000858306894 10.236999511718752 5.3545861244201669 4.8150000572204599 -0.36648726463317866 3.5572314262390141 -1.0000000180025095e-35 5.3150000572204599 6.8662269115448007 0.77275362610816967 7.6598603725433358 -0.6035533845424651 -0.52458885312080372 0.71541279554367077 0.37940952181816107 -0.91702514886856068 0.9238443672657014 0.35019405186176306 6.3550000190734872 0.77275362610816967 5.3949999809265146 951.25000000000011 42.500000000000007 0.98666161298751842 5.7550001144409189 0.99630826711654674 0.75047916173934948
decision_type=2 2 2 10 2 2 2 2 2 2 2 2 2 2 2 2 2 2 2 2 2 2 2 10 2 2 2 2 2 2
left_child=2 3 8 10 19 22 7 11 24 -9 14 -5 21 -8 -2 -6 -10 26 -16 20 -3 23 -4 -7 25 -1 -15 -22 29 -20
right_child=1 4 5 6 15 12 13 9 16 -11 -12 -13 -14 17 18 -17 -18 -19 28 -21 27 -23 -24 -25 -26 -27 -28 -29 -30 -31
leaf_value=-0.0097208330733701588 0.00050000017508864401 0.018229167684912683 -0.0054916663281619552 0.0024083337187767034 0.030172917768359189 -0.0037250000983476642 0.0055750003457069406 0.0041729166731238358 -0.0076104165054857731 -0.0015833331085741524 0.0029750004224479197 0.013371875435113907 -0.0051166665181517608 0.01445312539115548 0.01031666673719883 0.035083332434296614 -0.0097770830616354942 0.0063499997556209567 -0.0040249996073544033 0.030783333703875544 0.0057374999672174451 0.0043437503091990947 -0.0084874997287988675 -0.00065624983981251719 -0.010179166379384697 -0.0081791663868352772 0.00042291726917028375 0.016070833876729012 0.0041083339601755142 -0.008358333092182875
leaf_weight=4157 580 3874 3855 825 1274 2332 2083 1449 5148 1630 936 1510 949 1840 133 8100 1251 981 661 1798 671 160 700 1834 6807 1132 119 755 87 433
leaf_count=4157 580 3874 3855 825 1274 2332 2083 1449 5148 1630 936 1510 949 1840 133 8100 1251 981 661 1798 671 160 700 1834 6807 1132 119 755 87 433
internal_value=-0.000125713 0.0273316 -0.0289534 0.0115921 0.0400012 -0.0152517 0.0159309 0.0103709 -0.0362297 0.00312905 -0.00440917 0.0198932 -0.0096875 0.0219073 -0.0103212 0.0446316 -0.0304419 0.0264516 -0.0158453 0.0338589 0.0315363 -0.00701916 -0.0216776 -0.0079837 -0.0392777 -0.0358802 0.0309827 0.0220126 -0.0190135 -0.0214741
internal_weight=58064 29739 28325 13267 16472 9830 10437 5414 18495 3079 2830 2335 5275 5023 1894 9374 6399 2940 1314 7098 5300 4326 4555 4166 12096 5289 1959 1426 1181 1094
internal_count=58064 29739 28325 13267 16472 9830 10437 5414 18495 3079 2830 2335 5275 5023 1894 9374 6399 2940 1314 7098 5300 4326 4555 4166 12096 5289 1959 1426 1181 1094
is_linear=0
shrinkage=0.05


Tree=2
num_leaves=31
num_cat=0
split_feature=3 3 3 11 3 3 5 3 11 9 9 3 12 5 10 11 4 12 8 9 6 14 8 4 15 6 4 3 8 12
split_gain=17612.1 2268.79 1159.93 406.232 208.816 177.003 164.266 129.204 94.2485 67.5551 67.0202 64.7295 59.9078 78.6351 74.7887 58.5865 50.0748 77.4085 49.2123 46.7772 44.3033 43.4265 40.4751 46.6066 40.4222 39.0818 37.8757 37.5605 35.0531 37.2501
threshold=6.2760055065155038 8.6476268768310565 4.6020376682281503 4.9500000476837167 9.6398191452026385 7.6598603725433358 1.9216666221618655 5.3545861244201669 3.6499999761581425 6.9149999618530282 4.9749999046325692 3.5572314262390141 -0.55191597342491139 4.4716665744781503 -0.58068084716796864 5.5499999523162851 6.5350000858306894 0.47714059054851538 -0.47434769570827479 8.1949996948242205 960.35000610351574 4.8250000476837167 0.83042380213737499 5.0350000858306894 37.500000000000007 942.75000000000011 6.1250000000000009 7.0539255142211923 -0.82801559567451466 -0.11319890245795249
decision_type=2 2 2 2 2 2 2 2 2 8 10 2 2 2 2 2 2 2 2 8 2 10 2 2 2 2 2 2 2 2
left_child=2 3 6 8 15 10 -1 -4 25 -7 20 -8 -9 26 24 -3 17 -6 28 -13 -5 -12 23 -20 -15 -2 -14 -24 29 -10
right_child=1 4 7 5 16 9 11 12 18 -11 21 19 13 14 -16 -17 -18 -19 22 -21 -22 -23 27 -25 -26 -27 -28 -29 -30 -31
leaf_value=-0.0096285413962323221 0.0092397914887405938 0.0087508338168263439 -0.0056671873372979471 -0.0034916143631562591 0.024936667926609517 0.0041239326358772808 -0.0089202080306131394 -0.00017968721222132446 0.0053663545120507493 0.013632500231266021 0.00034583375323563872 -0.0072298956802114844 -0.004860833192244173 -0.0048800520016811788 0.0058744796598330139 0.019567707154899836 0.033329165812581774 0.0081172920726239675 -0.0036753123980015527 -0.0019403124554082747 0.0054358338639140143 0.0051295838207006464 -0.0017625000430271029 0.0030512500191107392 0.0047053645201958726 -0.0039487499361857779 0.002607812863774598 0.0067202604683116078 0.0095813280106522153 -0.0019320826968178162
leaf_weight=9228 94 1196 4548 450 2558 464 4276 1438 193 3489 629 4764 2760 446 398 3394 9037 257 879 269 93 4071 145 327 118 1497 84 260 464 225
leaf_count=9228 94 1196 4548 450 2558 464 4276 1438 193 3489 629 4764 2760 446 398 3394 9037 257 879 269 93 4071 145 327 118 1497 84 260 464 225
internal_value=-0.000269567 0.0266155 -0.0284764 0.0112382 0.0390284 0.0170634 -0.0358295 -0.0145453 -0.0018831 0.0250505 0.0110232 -0.0310983 -0.0091827 -0.0124639 -0.000103413 0.0299021 0.0425487 0.0365071 0.00418335 -0.0271834 -0.00556569 0.0129437 -0.00102104 -0.00561519 -0.011775 -0.0113722 -0.0166374 0.012561 0.0136415 0.00307329
internal_weight=58051 29722 28329 13280 16442 9196 18537 9792 4084 3953 5243 9309 5244 3806 962 4590 11852 2815 2493 5033 543 4700 1611 1206 564 1591 2844 405 882 418
internal_count=58051 29722 28329 13280 16442 9196 18537 9792 4084 3953 5243 9309 5244 3806 962 4590 11852 2815 2493 5033 543 4700 1611 1206 564 1591 2844 405 882 418
is_linear=0
shrinkage=0.05


Tree=3
num_leaves=31
num_cat=0
split_feature=3 3 3 11 3 3 14 9 4 12 9 7 13 13 7 12 10 9 7 7 8 7 5 7 15 11 10 12 15 11
split_gain=16455 2117.46 1269.75 288.803 280.752 204.017 140.489 112.143 107.356 117.021 77.498 76.2201 60.7997 58.874 57.8908 52.8641 52.6673 52.3283 47.8657 46.8337 54.8235 44.078 43.7251 40.3524 66.8227 40.0017 39.1398 38.7933 37.1276 37.5295
threshold=7.0539255142211923 5.0496714115142831 9.1802577972412127 4.9500000476837167 3.5572314262390141 5.9126744270324716 4.7850000858306894 7.5350000858306894 6.7550001144409189 0.46173103153705602 5.0250000953674325 0.71541279554367077 0.12940952181816109 1.0000000180025095e-35 0.75047916173934948 0.21643137186765674 0.9238443672657014 8.1050000190734881 0.79411470890045177 -0.52458885312080372 -0.61794704198837269 0.98372149467468273 3.185000061988831 0.50618571043014537 42.500000000000007 7.0499999523162851 0.89490029215812694 -0.55191597342491139 44.500000000000007 9.5500001907348651
decision_type=2 2 2 2 2 2 10 8 2 2 10 2 2 2 2 2 2 8 2 2 2 2 2 2 2 2 2 2 2 2
left_child=1 4 3 13 23 14 22 18 9 -4 -8 17 16 -2 27 -15 -9 28 -5 20 -10 -11 -7 24 -1 26 -14 -3 29 -6
right_child=2 5 8 7 11 6 10 12 19 21 -12 -13 25 15 -16 -17 -18 -19 -20 -21 -22 -23 -24 -25 -26 -27 -28 -29 -30 -31
leaf_value=-0.008974197617906611 0.004522437660908327 -0.00086236945469863604 0.021829374625720085 0.0065893228104338042 -0.006933723600185477 -0.0047290412756614388 -0.0030645859364885845 0.010935301720909774 0.007029661117494106 0.012711427170969548 0.0025671830934239554 -0.0085934007365722209 0.0087352713618427513 0.0022798203559126705 -0.006250757607014385 -0.0031233565584523611 0.02418725059013814 -0.0021801765676704235 -0.0013840208586305388 0.031912707283534111 0.026789480454660952 -0.0019933649411425004 -0.0016285417668987058 -0.0092304476734134371 -0.0084971142962458543 0.015291662057023498 0.0011195368972606965 -0.0040440176037373019 -0.0057670569285517559 -0.0042739788497914563
leaf_weight=5830 1219 1201 4359 1885 4590 1092 696 2869 154 377 3617 1737 528 817 882 804 984 564 303 7575 1261 191 1251 3597 2657 1282 562 2887 2045 264
leaf_count=5830 1219 1201 4359 1885 4590 1092 696 2869 154 377 3617 1737 528 817 882 804 984 564 303 7575 1261 191 1251 3597 2657 1282 562 2887 2045 264
internal_value=-0.000442455 -0.0237156 0.0299861 0.0174853 -0.0330875 -0.00655146 -0.000825702 0.0221371 0.040084 0.0340531 0.00452756 -0.0264747 0.0255618 0.00369069 -0.0142111 -0.00255228 0.0294583 -0.0242434 0.0123575 0.0433685 0.0346831 0.0125654 -0.0106687 -0.038109 -0.0361458 0.0191838 0.0120548 -0.0116785 -0.0254418 -0.0278452
internal_weight=58080 32910 25170 11253 21284 11626 6656 8413 13917 4927 4313 9200 6225 2840 4970 1621 3853 7463 2188 8990 1415 568 2343 12084 8487 2372 1090 4088 6899 4854
internal_count=58080 32910 25170 11253 21284 11626 6656 8413 13917 4927 4313 9200 6225 2840 4970 1621 3853 7463 2188 8990 1415 568 2343 12084 8487 2372 1090 4088 6899 4854
is_linear=0
shrinkage=0.05


Tree=4
num_leaves=31
num_cat=0
split_feature=3 3 3 11 3 3 3 4 12 11 4 9 7 7 7 7 8 6 15 13 4 6 13 12 4 9 4 11 10 7
split_gain=15740.6 1815.9 1380.2 367.334 193.756 173.024 150.714 139.612 93.3117 91.1026 74.83 71.0876 63.7494 58.7562 57.8851 56.636 59.7944 48.3027 90.3247 47.6759 46.8533 46.1316 45.2171 44.9726 62.961 44.3936 43.8847 43.3072 79.7727 41.6213
threshold=6.5054388046264657 9.1802577972412127 4.6362178325653085 4.9500000476837167 7.6598603725433358 3.5572314262390141 5.9126744270324716 7.5050001144409189 0.47714059054851538 3.6499999761581425 6.2249999046325692 6.9649999141693124 0.77275362610816967 0.77275362610816967 0.71541279554367077 0.93851706385612499 0.021515898406505588 951.25000000000011 42.500000000000007 0.37940952181816107 5.6050000190734872 946.85000610351574 0.12940952181816109 -0.44618082046508784 4.1050000190734872 8.1050000190734881 2.6350001096725468 7.2500000000000009 -0.9099266231060027 0.88234141469001781
decision_type=2 2 2 2 2 2 2 2 2 2 2 8 2 2 2 2 2 2 2 2 2 2 2 2 2 8 2 2 2 2
left_child=2 3 5 9 23 17 10 8 21 -2 13 -6 -8 19 25 22 -17 18 -1 -4 -10 -3 -13 -5 -25 -7 -15 -26 -29 -11
right_child=1 7 6 4 11 14 12 -9 20 29 -12 15 -14 26 -16 16 -18 -19 -20 -21 -22 -23 -24 24 27 -27 -28 28 -30 -31
leaf_value=-0.008378456557335448 -0.0030107676183781587 0.014770974177615715 -0.0030606896091892851 0.0068169248275877911 0.0044123840907635166 -0.006521714716191636 1.3824910308468663e-05 0.030400408153450117 -0.0032574770540092141 0.0039159202325087976 0.0027851431968912948 0.01490880729314871 -0.0044157493680133482 -0.0081875953409005896 -0.0083459286908735518 0.012859578037178144 -0.0012512074733665197 -0.0087689252897427648 -0.0069889253499248296 -0.0056388212704606118 0.013951968126958238 0.024567074422752484 0.012130778050553055 -0.0018538263532571723 0.00048080245695309722 -0.0021509542735567086 -0.0034809775469201846 0.0010768440643075152 0.013494744580924745 -0.0011510581359895882
leaf_weight=4158 1355 728 3903 1332 628 5019 2769 5976 149 1924 217 3039 657 571 1285 326 255 6829 1131 2186 756 6288 1787 686 789 321 631 824 787 685
leaf_count=4158 1355 728 3903 1332 628 5019 2769 5976 149 1924 217 3039 657 571 1285 326 255 6829 1131 2186 756 6288 1787 686 789 321 631 824 787 685
internal_value=-0.000585385 0.0260814 -0.0260276 0.0136424 0.0185552 -0.0342623 -0.0119024 0.0389764 0.0345635 0.000680272 -0.0158658 0.0243791 -0.00320606 -0.0167283 -0.0277149 0.0262288 0.0113481 -0.0378289 -0.0341235 -0.0147112 0.0192857 0.036519 0.0280066 0.0105811 0.00724685 -0.0253695 -0.0268434 0.0110603 0.0157488 0.00614002
internal_weight=57991 28314 29677 14417 10453 18743 10934 13897 7921 3964 7508 6035 3426 7291 6625 5407 581 12118 5289 6089 905 7016 4826 4418 3086 5340 1202 2400 1611 2609
internal_count=57991 28314 29677 14417 10453 18743 10934 13897 7921 3964 7508 6035 3426 7291 6625 5407 581 12118 5289 6089 905 7016 4826 4418 3086 5340 1202 2400 1611 2609
is_linear=0
shrinkage=0.05


Tree=5
num_leaves=31
num_cat=0
split_feature=3 3 3 11 3 3 14 9 4 8 12 9 8 13 12 5 7 3 5 7 12 7 15 12 14 8 6 7 5 8
split_gain=14814.9 2027.11 1184.51 278.138 266.148 176.163 144.569 122.607 110.025 105.519 95.1044 70.6969 60.8866 63.1666 59.9042 59.7989 59.1108 57.3605 53.7912 50.43 47.6899 47.4017 47.0479 47.9681 43.9978 43.8587 63.1976 43.8142 43.2406 42.7367
threshold=7.0539255142211923 4.9706168174743661 9.5418200492858904 5.5499999523162851 3.5572314262390141 5.9126744270324716 4.7850000858306894 7.5350000858306894 7.5750000476837167 0.70785933732986461 0.46173103153705602 8.2349996566772479 0.021515898406505588 0.60355338454246532 -0.53727915883064259 1.9016666412353518 0.87828615307807933 7.7791011333465585 2.9083334207534794 -0.94573098421096791 -0.53727915883064259 -0.97013339400291432 49.500000000000007 -0.3172925859689712 5.0050001144409189 0.10738035291433336 953.95001220703136 -0.52458885312080372 3.6950000524520878 -0.93168920278549183
decision_type=2 2 2 2 2 2 10 8 2 2 2 8 2 2 2 2 2 2 2 2 2 2 2 2 10 2 2 2 2 2
left_child=1 4 3 9 19 14 -7 22 10 12 -4 15 28 -14 -3 -6 -8 -9 -16 21 -21 -1 23 -5 -11 -12 -27 -10 29 -2
right_child=2 5 8 7 11 6 16 17 27 24 25 -13 13 -15 18 -17 -18 -19 -20 20 -22 -23 -24 -25 -26 26 -28 -29 -30 -31
leaf_value=-0.0072128149437897084 -0.0057355359854190623 -0.0010339505186811287 0.023679176471548619 0.013033523651711877 -0.0079944465550688907 -0.003132217796533894 0.0021565537913848542 0.0074301540813294714 0.025346651339883453 0.0036933189952260584 0.017168169165717902 -0.0015389723369581042 0.0011970256498261584 -0.0057647102751439104 -0.0059867902772820242 -0.0059310454290571503 -0.0035335310682679403 0.015143095495346467 -0.0031064104065395073 -0.0078370415246782066 -0.0083242290107269946 -0.0041742733446128851 3.4932030648343608e-05 0.0041189010216791085 0.010244153423745067 0.027154414529841853 -0.0014698360335654581 0.02888038774577761 0.0052040938932796715 0.0025564382239360128
leaf_weight=881 224 1540 5953 514 1459 2295 3812 1416 897 473 446 493 602 440 1480 6760 520 5169 2467 3050 7692 418 626 943 583 96 293 4689 907 887
leaf_count=881 224 1540 5953 514 1459 2295 3812 1416 897 473 446 493 602 440 1480 6760 520 5169 2467 3050 7692 418 626 943 583 96 293 4689 907 887
internal_value=-0.000705669 -0.0228082 0.0281683 0.0174838 -0.0322936 -0.0065517 -0.00106303 0.0225643 0.0391954 0.0067702 0.0348447 -0.0256051 0.00205546 -0.00773639 -0.0131737 -0.0267084 0.00431174 0.0259105 -0.0164347 -0.0371202 -0.0382618 -0.027569 0.0119492 0.0168605 0.0203582 0.018869 0.00647208 0.0444464 0.00711814 0.000492832
internal_weight=58025 32867 25158 12784 20753 12114 6627 8668 12374 4116 6788 8712 3060 1042 5487 8219 4332 6585 3947 12041 10742 1299 2083 1457 1056 835 389 5586 2018 1111
internal_count=58025 32867 25158 12784 20753 12114 6627 8668 12374 4116 6788 8712 3060 1042 5487 8219 4332 6585 3947 12041 10742 1299 2083 1457 1056 835 389 5586 2018 1111
is_linear=0
shrinkage=0.05


Tree=6
num_leaves=31
num_cat=0
split_feature=3 3 3 11 5 4 3 5 12 4 10 3 3 12 13 5 12 4 5 10 12 4 12 10 8 10 6 12 7 10
split_gain=13947.8 1754.21 1318.93 336.199 200.441 188.024 150.023 147.941 91.0312 86.7326 75.013 74.679 74.5744 69.2567 61.347 61.0766 58.1473 56.5395 55.4138 53.7307 53.6908 52.8484 49.1839 45.9306 61.7442 42.9088 63.6269 41.9031 47.4853 42.3822
threshold=6.5054388046264657 9.1802577972412127 4.671647548675538 4.2500000000000009 1.9016666412353518 7.5050001144409189 7.8185226917266855 2.5916665792465214 0.46173103153705602 6.3150000572204599 0.9238443672657014 3.4407972097396855 5.9126744270324716 -0.41467745602130884 0.60355338454246532 3.3950001001358037 -0.49240480363368982 4.6549999713897714 4.0850000381469735 0.90992662310600292 0.28400452435016638 4.2049999237060556 -0.5663846731185912 0.93038213253021251 0.95943385362625133 -0.96811076998710621 954.35000610351574 -0.63605400919914235 -0.43414571881294245 -0.86159634590148915
decision_type=2 2 2 2 2 2 2 2 2 2 2 2 2 2 2 2 2 2 2 2 2 2 2 2 2 2 2 2 2 2
left_child=2 3 4 15 22 8 16 -4 18 12 13 -6 25 -8 -12 -2 -5 -15 -3 -10 -17 -18 -1 -23 -25 -9 -27 -14 29 -29
right_child=1 5 7 6 11 -7 10 9 19 -11 14 -13 27 17 -16 20 21 -19 -20 -21 -22 23 -24 24 -26 26 -28 28 -30 -31
leaf_value=-0.0074288916163165221 -0.0034010363904033326 0.0073551785557187197 -0.0056506070192109672 0.007346115202040121 -0.0072966034820774878 0.027436368358488727 0.015254838754338236 -0.0037976521646695184 0.0059923876881241072 0.0044959578536118211 0.020704466066889072 -0.0057324098286792198 0.0020445595136283942 0.0011909914470425742 0.0071843544069528815 0.0045054042624528582 -0.00054559557164253903 0.0074561037856245189 0.021918472262541372 0.023009398203381874 -0.0027931303274467303 0.0020217618066620062 -0.0079142675747192765 0.012170665747606687 -0.0038312105087026458 -0.0013670623388746231 -0.0040214490590016498 -0.0015046682082348883 -0.0030772034505626693 0.006557726163868992
leaf_weight=3098 1377 326 2495 1559 4019 5996 1263 1491 731 336 1062 5928 621 772 320 729 1155 2628 6595 277 436 2197 5956 738 109 2128 1375 548 1466 303
leaf_count=3098 1377 326 2495 1559 4019 5996 1263 1491 731 336 1062 5928 621 772 320 729 1155 2628 6595 277 436 2197 5956 738 109 2128 1375 548 1466 303
internal_value=-0.000742604 0.0244067 -0.0246296 0.0121289 -0.0325502 0.0370459 0.01568 -0.010638 0.0319448 -0.00740965 0.0211818 -0.0276176 -0.00846668 0.0181127 0.0314348 -0.00435807 0.00989068 0.0143612 0.0339951 0.017769 0.00405983 0.00681494 -0.0379512 0.0102657 0.0201291 -0.0121824 -0.00913626 -0.00214067 -0.00523256 0.0041472
internal_weight=58034 28270 29764 14345 19001 13925 11803 10763 7929 8268 6045 9947 7932 4663 1382 2542 5758 3400 6921 1008 1165 4199 9054 3044 847 4994 3503 2938 2317 851
internal_count=58034 28270 29764 14345 19001 13925 11803 10763 7929 8268 6045 9947 7932 4663 1382 2542 5758 3400 6921 1008 1165 4199 9054 3044 847 4994 3503 2938 2317 851
is_linear=0
shrinkage=0.05


Tree=7
num_leaves=31
num_cat=0
split_feature=3 3 3 4 11 3 3 12 3 10 7 3 6 11 7 10 6 9 7 6 12 11 10 9 13 4 12 4 3 10
split_gain=13166.1 2005.19 959.753 318.726 318.35 178.776 128.203 119.189 101.335 89.0933 76.9009 64.2884 63.1248 65.7606 62.4154 61.9299 61.4032 47.0438 52.7972 46.9125 46.9034 50.0762 130.459 46.0644 45.5967 43.9705 42.6346 55.759 41.2042 39.5089
threshold=6.2006850242614755 8.6476268768310565 4.0753827095031747 7.1250000000000009 5.3500001430511483 5.0496714115142831 7.6598603725433358 0.33379416167736059 2.6820437908172612 -0.58068084716796864 0.75047916173934948 7.1319866180419931 946.54998779296886 5.9500000476837167 -0.79148143529891957 0.9238443672657014 950.85000610351574 6.9149999618530282 0.94431108236312877 952.95001220703136 -0.47714059054851526 6.9500000476837167 0.23343648016452792 6.5350000858306894 -0.7865660786628722 6.1749999523162851 -0.63605400919914235 2.6049998998641972 10.021040439605715 -0.90255093574523915
decision_type=2 2 2 2 2 2 2 2 2 2 2 2 2 2 2 2 2 10 2 2 2 2 2 10 2 2 2 2 2 2
left_child=2 4 8 7 9 19 -6 12 -1 14 20 -11 13 -3 -2 -9 -5 -8 -19 29 -7 25 -23 -12 -13 -22 -10 -28 -14 -4
right_child=1 3 5 16 6 10 17 15 26 11 23 24 28 -15 -16 -17 -18 18 -20 -21 21 22 -24 -25 -26 -27 27 -29 -30 -31
leaf_value=-0.0075185541959833131 -0.0016393893671713526 -0.0051454099804710291 -0.0051934014420408642 0.022116302179874127 0.0029860422962914692 -0.00012932378978082056 0.0042357451878942427 0.0074321046742456933 -0.0055801770652102465 -0.0030387116797489597 -0.0058925775577342177 0.0069470487839849888 0.014749756952510957 0.012999351625340799 0.0087374721628541464 0.023645253533544155 0.026064549940564292 0.012178533328771642 0.0014836921279458599 -0.0062748163889522748 -0.0041982094607765042 -0.0032989674708573391 0.0055661643904865122 -0.002520825325815912 -0.00088466560439871703 0.0028952238975560474 -0.0072651066959445376 -0.0057846885618729315 0.022791969704335415 -0.0036868602330802462
leaf_weight=6674 436 106 1681 2110 4945 1727 568 2069 2182 1652 785 343 3187 603 722 422 5567 2826 294 2499 2246 771 556 384 1919 116 4574 1924 2370 1770
leaf_count=6674 436 106 1681 2110 4945 1727 568 2069 2182 1652 785 343 3187 603 722 422 5567 2826 294 2499 2246 771 556 384 1919 116 4574 1924 2370 1770
internal_value=-0.000849517 0.0220591 -0.0256059 0.0338342 0.00793217 -0.0153309 0.0137705 0.0272826 -0.0339866 -0.00200906 -0.0096434 -0.00561368 0.0309679 0.0167367 0.0101462 0.0179688 0.0412848 0.0208232 0.023232 -0.0216121 -0.00712046 -0.0103005 -0.00251502 -0.0212521 -0.000132333 -0.0146599 -0.0303742 -0.0324312 0.032767 -0.0177807
internal_weight=58028 30139 27889 16434 13705 12535 8633 8757 15354 5072 6585 3914 6266 709 1158 2491 7677 3688 3120 5950 5416 3689 1327 1169 2262 2362 8680 6498 5557 3451
internal_count=58028 30139 27889 16434 13705 12535 8633 8757 15354 5072 6585 3914 6266 709 1158 2491 7677 3688 3120 5950 5416 3689 1327 1169 2262 2362 8680 6498 5557 3451
is_linear=0
shrinkage=0.05


Tree=8
num_leaves=31
num_cat=0
split_feature=3 3 3 11 4 3 3 3 12 11 5 11 10 10 12 6 13 5 12 4 4 12 4 10 6 6 7 8 10 7
split_gain=12403 1881.39 1015 293.027 232.064 200.591 158.232 106.745 89.6639 78.6777 67.9138 67.9115 65.8643 61.9767 56.4689 54.1725 52.5281 52.1182 51.5981 47.9229 43.426 43.2178 42.8209 46.4045 41.8684 41.0516 40.0013 39.3086 49.5593 41.7139
threshold=6.2760055065155038 9.1802577972412127 3.9925551414489751 4.9500000476837167 7.6150000095367441 5.0496714115142831 7.8617177009582528 2.6820437908172612 0.19936034083366397 3.6499999761581425 3.1450001001358037 5.8500001430511483 0.9238443672657014 0.82409480214118969 -0.33379416167736048 950.85000610351574 0.60355338454246532 3.3716665506362919 -0.63605400919914235 2.6049998998641972 4.8150000572204599 0.28400452435016638 3.6450001001358037 -0.90255093574523915 959.35000610351574 963.25000000000011 0.68472337722778331 0.10738035291433336 0.89490029215812694 0.61963334679603588
decision_type=2 2 2 2 2 2 2 2 2 2 2 2 2 2 2 2 2 2 2 2 2 2 2 2 2 2 2 2 2 2
left_child=2 3 7 9 8 22 -5 -1 24 21 13 25 14 -7 -8 -6 -14 18 -9 -20 -16 -2 26 -24 -3 -10 -4 -13 29 -29
right_child=1 4 5 6 15 10 12 17 11 -11 -12 27 16 -15 20 -17 -18 -19 19 -21 -22 -23 23 -25 -26 -27 -28 28 -30 -31
leaf_value=-0.0071426264861841468 -0.0013005108158691736 0.018659793118173309 -0.0050732745827929519 0.0029679822695168265 0.023042067012547452 -0.0017886501550108244 0.013285391416238147 -0.0053019772538337841 0.0075057442701430728 0.0014628043971381386 -0.0011942927804461741 0.019740515395252553 0.020550696298336044 -0.005061041519860642 0.00043078779068909945 0.02484465569739655 0.0075301304889181554 -0.0031565549538550954 -0.0069665986791697283 -0.0059707486258798155 0.0071242003845698515 -0.0053961437277240155 -0.0046027861155908695 -0.0020237155969781233 0.023924087100103526 -0.0055803308264988777 -0.0065782276438323814 0.019470334580611787 0.024170609828214923 0.00077138229199179016
leaf_weight=6618 1048 3472 3748 6078 1542 1748 1434 2062 733 2882 3621 1760 934 1677 622 4076 278 399 4233 1575 1935 583 651 883 1180 84 1085 150 497 477
leaf_count=6618 1048 3472 3748 6078 1542 1748 1434 2062 733 2882 3621 1760 934 1677 622 4076 278 399 4233 1575 1935 583 651 883 1180 84 1085 150 497 477
internal_value=-0.000987601 0.0215435 -0.0246847 0.0097158 0.0349063 -0.0147004 0.0140218 -0.0336724 0.0295824 -0.00105135 -0.00887817 0.0237048 0.0204205 -0.0139213 0.0172798 0.0427885 0.0306491 -0.0298344 -0.0307302 -0.033167 0.012783 -0.00981051 -0.0211315 -0.0137752 0.034228 0.0108881 -0.0234498 0.0273105 0.0198406 0.0103639
internal_weight=58065 29765 28300 15794 13971 13413 11281 14887 8353 4513 7046 3701 5203 3425 3991 5618 1212 8269 7870 5808 2557 1631 6367 1534 4652 817 4833 2884 1124 627
internal_count=58065 29765 28300 15794 13971 13413 11281 14887 8353 4513 7046 3701 5203 3425 3991 5618 1212 8269 7870 5808 2557 1631 6367 1534 4652 817 4833 2884 1124 627
is_linear=0
shrinkage=0.05


Tree=9
num_leaves=31
num_cat=0
split_feature=5 5 9 9 5 5 14 9 9 12 12 14 7 14 12 13 5 8 15 5 5 10 12 7 8 2 9 10 7 15
split_gain=10657.2 1727.82 1425.98 497.071 467.482 181.664 175.193 148.595 148.28 123.025 93.4517 85.4756 83.0593 79.2242 75.1029 64.676 63.2347 63.1875 65.0394 60.599 56.4875 53.3847 52.5643 46.1416 49.7009 45.6653 45.8807 45.203 65.1886 54.267
threshold=3.9583333730697636 2.5283333063125615 7.9649999141693124 5.3849999904632577 6.2916667461395273 1.9016666412353518 5.3550000190734872 6.5350000858306894 9.8949999809265154 0.47714059054851538 0.33379416167736059 4.7049999237060556 -0.52458885312080372 3.8549998998641972 -0.30069434642791742 -0.37940952181816096 4.4716665744781503 0.8730936348438264 18.500000000000004 4.9849998950958261 3.1450001001358037 0.87878364324569713 -0.53727915883064259 -0.52458885312080372 -0.62132811546325672 42.500000000000007 3.8549998998641972 0.2503704726696015 -0.66248837113380421 13.500000000000002
decision_type=2 2 8 8 2 2 10 8 10 2 2 10 2 8 2 2 2 2 2 2 2 2 2 2 2 2 10 2 2 2
left_child=1 5 7 14 9 22 10 16 -6 12 20 -9 -4 25 -3 21 -2 18 -8 -11 -5 -14 -1 24 -10 26 -7 29 -29 -18
right_child=2 3 4 6 8 13 17 11 23 19 -12 -13 15 -15 -16 -17 27 -19 -20 -21 -22 -23 -24 -25 -26 -27 -28 28 -30 -31
leaf_value=-0.0064116605741405333 -0.0033831065438708675 -0.0034585186749514136 0.0068560697387008655 -0.0020551011074000946 0.012714665830188949 -0.0066434617045590637 0.0097099345539011714 -0.0032651701242702685 0.0039975953347829501 -0.00021868137242416486 -0.0043453171796464405 0.0054066036547084839 0.010404066950762453 -0.0049773080406427788 -0.0052597489913429928 0.013167685752216272 -0.0055161042486965911 0.0089404186684154379 0.00037790426314804337 0.0093967249684530525 0.00077003786561458685 0.02435600422581809 -0.0067854951618749396 0.02351908965866625 0.022745373922973725 -0.0049842042025999948 -0.0057722809707842007 0.01305594693477786 -0.0013856546079234313 -0.00036913041260148787
leaf_weight=3233 1283 1343 1618 2068 1953 2295 170 499 143 732 1766 2767 1173 2542 3521 4301 142 665 3896 1097 1880 1447 6025 5753 1053 689 2066 309 358 1174
leaf_count=3233 1283 1343 1618 2068 1953 2295 170 499 143 732 1766 2767 1173 2542 3521 4301 142 665 3896 1097 1880 1447 6025 5753 1053 689 2066 309 358 1174
internal_value=-0.00112566 -0.0203286 0.0228078 -0.00816573 0.0296498 -0.0313735 -0.00201435 0.00261588 0.03806 0.022414 -0.00790348 0.0101498 0.0249356 -0.0256022 -0.0213596 0.0273246 -0.00492204 0.00509924 0.00275117 0.0106052 -0.00361751 0.0335619 -0.0360898 0.0414941 0.0322231 -0.0292384 -0.0311383 0.000679074 0.0112351 -0.00469341
internal_weight=57961 32159 25802 15309 19270 16850 10445 6532 8902 10368 5714 3266 8539 7592 4864 6921 3266 4731 4066 1829 3948 2620 9258 6949 1196 5050 4361 1983 667 1316
internal_count=57961 32159 25802 15309 19270 16850 10445 6532 8902 10368 5714 3266 8539 7592 4864 6921 3266 4731 4066 1829 3948 2620 9258 6949 1196 5050 4361 1983 667 1316
is_linear=0
shrinkage=0.05


Tree=10
num_leaves=31
num_cat=0
split_feature=3 3 3 11 3 11 3 10 3 10 3 5 5 5 12 11 12 9 12 13 12 9 7 12 5 10 15 5 7 12
split_gain=11088.2 1555.42 1194.81 249.597 241.047 178.02 140.064 100.118 96.6189 87.9901 82.2322 80.5531 70.8893 69.61 61.0498 55.6263 51.7513 50.5286 48.1426 48.0339 47.596 46.3348 48.3764 44.1466 54.1235 62.202 52.7165 43.4709 52.7088 42.0122
threshold=6.5054388046264657 9.5418200492858904 3.8870637416839604 5.3500001430511483 5.3545861244201669 7.0499999523162851 7.7791011333465585 0.90992662310600292 2.5539633035659794 0.9238443672657014 11.38532590866089 2.0449999570846562 2.5283333063125615 3.5649999380111699 -0.3172925859689712 3.8500000238418584 0.46173103153705602 8.8850002288818377 -0.63605400919914235 0.78656607866287243 0.31729258596897131 4.305000066757203 -0.94573098421096791 -0.52247866988182057 4.4449999332427987 -0.58068084716796864 38.500000000000007 6.428333282470704 -0.52458885312080372 -0.49240480363368982
decision_type=2 2 2 2 2 2 2 2 2 2 2 2 2 2 2 2 2 10 2 2 2 8 2 2 2 2 2 2 2 2
left_child=2 3 8 13 11 16 29 10 -1 14 -7 -4 -6 15 -8 -2 -3 -13 -10 -11 -15 22 -20 -14 -25 26 -26 -12 -29 -5
right_child=1 5 4 6 12 7 9 -9 18 19 27 17 23 20 -16 -17 -18 -19 21 -21 -22 -23 -24 24 25 -27 -28 28 -30 -31
leaf_value=-0.0064462204037811933 -0.0032118442433440282 0.01368746541173857 -0.0063105082410544648 0.0067971772492339934 -0.0051963547647068025 0.01525892852860854 0.013084567006227047 0.022630676998009899 -0.0049395121579346203 0.019852897339469936 0.019242929488068088 -0.0039249361627318484 0.00070274547094460738 0.0050094256917787242 0.0059303314583707863 0.0011380758277543673 -0.0002233557597628333 0.0049960597288755786 -0.0043322648476972923 0.0061198278325335313 -0.00053137591165107608 -0.0055804467749887912 -0.0063562800798448258 -0.0026775982814151778 -0.0031946117427507055 0.0052927173350471304 0.0035209241704222821 0.02172898054138105 0.022509801683453887 0.0019604059519538783
leaf_weight=5964 1191 1930 1538 1224 837 3136 1782 2975 2100 1355 610 7202 1679 1635 3051 1430 227 175 469 213 907 1573 4110 2757 617 544 185 612 2818 3249
leaf_count=5964 1191 1930 1538 1224 837 3136 1782 2975 2100 1355 610 7202 1679 1635 3051 1430 227 175 469 213 907 1573 4110 2757 617 544 185 612 2818 3249
internal_value=-0.00112995 0.0212469 -0.02245 0.0109806 -0.012858 0.0346138 0.0152771 0.0373917 -0.0329231 0.0200203 0.0341317 -0.0182231 -0.00562349 0.00192531 0.0166494 -0.00378903 0.0214847 -0.0160322 -0.029369 0.0303242 0.00781311 -0.0316225 -0.034195 -0.0036461 -0.00643866 0.00177646 -0.0070632 0.0388875 0.0411063 0.00847477
internal_weight=58095 28345 29750 16037 15534 12308 10874 10151 14216 6401 7176 8915 6619 5163 4833 2621 2157 7377 8252 1568 2542 6152 4579 5782 4103 1346 802 4040 3430 4473
internal_count=58095 28345 29750 16037 15534 12308 10874 10151 14216 6401 7176 8915 6619 5163 4833 2621 2157 7377 8252 1568 2542 6152 4579 5782 4103 1346 802 4040 3430 4473
is_linear=0
shrinkage=0.05


Tree=11
num_leaves=31
num_cat=0
split_feature=5 5 4 9 9 5 4 12 12 11 6 6 14 6 12 12 15 8 8 6 8 14 14 10 15 6 9 10 11 2
split_gain=9547.41 1668.5 1242.28 492.014 422.984 224.96 188.402 133.475 127.05 92.8103 90.9346 90.7941 80.6972 78.9869 78.6797 71.989 69.5533 66.5651 69.3555 68.6074 60.953 60.4884 57.8318 59.4782 55.1538 67.1354 54.5195 52.0694 57.4547 50.1324
threshold=3.9583333730697636 2.5916665792465214 6.5650000572204599 7.1549999713897714 5.1949999332427987 1.9216666221618655 7.8550000190734872 -0.46173103153705591 0.44618082046508795 9.2500000000000018 950.85000610351574 958.04998779296886 4.6150000095367441 947.04998779296886 -0.50751903653144825 -0.53727915883064259 34.500000000000007 0.93168920278549205 -1.0000000180025095e-35 956.04998779296886 -0.93779578804969776 8.8150000572204608 7.9449999332427987 0.9170251488685609 55.500000000000007 958.95001220703136 6.4349999427795419 0.90255093574523937 6.3500001430511483 42.500000000000007
decision_type=2 2 2 8 8 2 2 2 2 2 2 2 10 2 2 2 2 2 2 2 2 10 10 2 2 2 8 2 2 2
left_child=1 5 3 17 29 15 11 -6 13 -10 -8 22 -9 -5 -7 -1 -16 18 -2 -20 -14 27 -4 -24 -23 -26 -22 -15 -29 -3
right_child=2 4 6 8 7 14 10 12 9 -11 -12 -13 20 21 16 -17 -18 -19 19 -21 26 24 23 -25 25 -27 -28 28 -30 -31
leaf_value=-0.0057665647086696309 -0.0014290708604698936 -0.0047907620332103967 0.010562062767386771 0.0048074371236351944 0.0019238035906944508 -0.0038458019435604397 0.019752163719671118 -0.0027661860291475688 0.00065855283837221309 0.013018499116487892 0.021461601087413865 0.021217645091560246 -0.0038800313330456943 0.0065226232009498349 -0.0059874928647294084 -0.0061239093835921332 -0.0054889775637517917 -0.0053119290014609468 0.0043200417606798066 -0.0036696378018034356 -0.0037777427895598751 0.017594693160336915 0.014058461724368244 0.021044931837879255 0.005382848746398456 0.013467927602843092 0.0016790419494482332 0.0097940243409749619 0.019616308840453296 -0.0013965407207839288
leaf_weight=3333 2488 3796 1853 1193 3220 2608 1446 3429 1570 577 3487 1971 499 2833 1918 6192 3505 521 1279 262 480 1345 2071 566 611 421 2833 700 631 369
leaf_count=3333 2488 3796 1853 1193 3220 2608 1446 3429 1570 577 3487 1971 499 2833 1918 6192 3505 521 1279 262 480 1345 2071 566 611 421 2833 700 631 369
internal_value=-0.00128508 -0.0194551 0.0213569 0.0116064 -0.00697833 -0.0298445 0.0336959 -0.00160998 0.0178687 0.00708643 0.0410794 0.0280312 -0.00537538 0.0208554 -0.0236498 -0.0350525 -0.027091 -0.0019978 0.00018592 0.00850582 -0.00036678 0.0230141 0.0240489 0.0288229 0.0294081 0.02054 0.00209464 0.0193332 0.0275075 -0.0204436
internal_weight=58007 32182 25825 14431 14626 17556 11394 10461 9881 2147 4933 6461 7241 7734 8031 9525 5423 4550 4029 1541 3812 6541 4490 2637 2377 1032 3313 4164 1331 4165
internal_count=58007 32182 25825 14431 14626 17556 11394 10461 9881 2147 4933 6461 7241 7734 8031 9525 5423 4550 4029 1541 3812 6541 4490 2637 2377 1032 3313 4164 1331 4165
is_linear=0
shrinkage=0.05


Tree=12
num_leaves=31
num_cat=0
split_feature=5 5 4 14 14 6 5 15 4 10 4 5 12 15 12 8 12 10 12 7 11 15 6 12 8 2 15 6 15 8
split_gain=9156.39 1646.71 1197.07 315.958 234.537 206.586 183.09 152.67 146.245 141.009 114.403 98.8647 90.4598 87.5572 83.8531 72.1162 68.8105 68.7279 70.6607 70.5124 65.9133 64.6284 61.406 59.8734 55.0217 54.9051 51.663 78.962 50.8975 44.8719
threshold=4.0116667747497567 2.5283333063125615 6.5650000572204599 6.9749999046325692 5.1649999618530282 949.54998779296886 1.9016666412353518 24.500000000000004 7.8550000190734872 0.87032255530357372 3.745000004768372 5.5950000286102304 0.44618082046508795 28.500000000000004 -0.28400452435016627 -0.20061247795820233 0.39873388409614569 -0.96811076998710621 -0.07845610752701758 0.98666161298751842 7.1499998569488534 59.500000000000007 951.04998779296886 -0.58068084716796864 -0.62132811546325672 40.500000000000007 74.500000000000014 960.45001220703136 35.500000000000007 -0.098678875714540468
decision_type=2 2 2 10 10 2 2 2 2 2 2 2 2 2 2 2 2 2 2 2 2 2 2 2 2 2 2 2 2 2
left_child=1 6 3 9 7 11 23 -3 15 13 22 -4 -11 -2 -8 -7 -6 18 -5 26 -14 -21 24 -1 -9 -24 -19 -28 -16 -17
right_child=2 4 5 17 16 8 14 10 -10 12 -12 -13 20 -15 28 29 -18 19 -20 21 -22 -23 25 -25 -26 -27 27 -29 -30 -31
leaf_value=-0.00552290107679493 -0.0025676765450172549 -0.0049836832064416277 0.00097802041713127572 0.0081901480735691486 0.00047637882313940756 0.020005115579868685 -0.0040568823906612511 0.0028189639540451457 0.020365241937850498 0.010312317386621948 -0.0011867166284014021 0.015363782333469817 -0.0025450411899377856 0.0010562470868688834 -0.0057690695941407738 0.0033599520736241951 -0.0033586100112706924 0.01379697924665459 0.00051877235769546702 -0.012171858472379511 0.0060302204752228309 0.0064927666523346894 -0.0047206670492264602 -0.0058177139144125261 -0.0033187828930340449 -0.00019645253467375225 0.00040837520530040698 0.015600039157513141 -0.0054213851369382983 0.016734049702510533
leaf_weight=3108 1546 1763 583 1317 5854 2015 3289 332 3861 1197 3664 2180 876 1803 1610 211 1051 3918 1027 119 988 303 1981 6197 837 339 566 332 2674 2507
leaf_count=3108 1546 1763 583 1317 5854 2015 3289 332 3861 1197 3664 2180 876 1803 1610 211 1051 3918 1027 119 988 303 1981 6197 837 339 566 332 2674 2507
internal_value=-0.00135394 -0.0188371 0.0211978 0.0114024 -0.00724441 0.0332556 -0.0296985 -0.0125995 0.0370857 0.00322681 -0.0093392 0.021297 0.0109752 -0.00386106 -0.0238915 0.0311207 -0.000325615 0.0183076 0.0111537 0.0214953 0.00406635 0.00187354 -0.0158128 -0.0344092 -0.00643101 -0.0205161 0.023211 0.0122924 -0.0285148 0.0257069
internal_weight=58048 32699 25349 13992 15821 11357 16878 8916 8594 6410 7153 2763 3061 3349 7573 4733 6905 7582 2344 5238 1864 422 3489 9305 1169 2320 4816 898 4284 2718
internal_count=58048 32699 25349 13992 15821 11357 16878 8916 8594 6410 7153 2763 3061 3349 7573 4733 6905 7582 2344 5238 1864 422 3489 9305 1169 2320 4816 898 4284 2718
is_linear=0
shrinkage=0.05


Tree=13
num_leaves=31
num_cat=0
split_feature=3 3 3 4 11 3 5 12 10 12 6 12 11 10 9 11 5 3 6 6 7 7 12 10 8 8 13 8 4 6
split_gain=9473.19 1309.02 1303.8 228.182 215.299 164.754 164.144 88.6494 86.7706 96.8801 82.4317 76.9461 76.6666 76.5949 69.8329 62.8971 61.79 59.6005 55.3046 54.1783 48.0197 47.6688 52.582 48.8209 47.4198 69.1621 50.5371 46.4972 41.4054 41.1662
threshold=6.788252830505372 9.593424320220949 4.3834795951843271 7.6150000095367441 5.3500001430511483 5.472104787826539 1.9016666412353518 0.33379416167736059 0.93038213253021251 -0.41467745602130884 950.85000610351574 -0.63605400919914235 6.8500001430511483 0.9170251488685609 4.5750000476837167 3.6499999761581425 5.808333396911622 8.0391931533813494 958.54998779296886 951.35000610351574 0.77275362610816967 -0.94573098421096791 -0.47714059054851526 0.84335932135581981 0.70785933732986461 0.021515898406505588 0.37940952181816107 0.95943385362625133 4.8150000572204599 954.04998779296886
decision_type=2 2 2 2 2 2 2 2 2 2 2 2 2 2 8 2 2 2 2 2 2 2 2 2 2 2 2 2 2 2
left_child=2 4 6 7 15 19 11 18 9 -6 16 -1 -10 29 21 -2 -5 -11 -3 -4 -7 23 -23 -8 25 -17 -27 -14 -19 -9
right_child=1 3 5 10 8 20 14 13 12 17 -12 -13 27 -15 -16 24 -18 28 -20 -21 -22 22 -24 -25 -26 26 -28 -29 -30 -31
leaf_value=-0.005210089354096805 -0.0025881125626583189 0.015105157952214008 -0.0029166733837927023 -0.0016229697949849159 0.0099475101376673512 -0.00041746176263564446 -0.0042632777158391408 0.0097816886332493958 0.0037385803272933118 0.00070370427746197645 0.019292969448017974 -0.0055268282186918998 0.0178674957302607 0.019601012434067547 -0.0037406936617353191 0.0028504802965915264 0.018666054330761763 0.0006709787938397882 0.019392699174081499 -0.0040273002313965037 -0.0028681542699540707 -0.0039013156087267077 -0.005387610062853699 0.00016393022819502086 0.0055555714275354641 0.00054405591409870536 -0.0062806398264247908 0.0067022255195731328 0.0078372752620549362 0.0037314463014572448
leaf_weight=2805 1138 3212 3283 92 2580 6211 606 500 497 2345 4000 6008 1327 451 2528 1725 1361 614 1473 3399 1388 967 3899 284 817 405 399 247 2482 996
leaf_count=2805 1138 3212 3283 92 2580 6211 606 500 497 2345 4000 6008 1327 451 2528 1725 1361 614 1473 3399 1388 967 3899 284 817 405 399 247 2482 996
internal_value=-0.00131883 0.0205936 -0.0199375 0.0327585 0.0105 -0.00878132 -0.029251 0.0264879 0.0145489 0.0121792 0.0403536 -0.0340156 0.0236753 0.0174436 -0.0241646 0.00138115 0.0299383 0.0083823 0.0302239 -0.0145058 -0.00374145 -0.0272175 -0.0291727 -0.0164246 0.00483438 0.00144041 -0.0106304 0.029069 0.0129313 0.0119254
internal_weight=58039 26661 31378 12085 14576 14281 17097 6632 10092 8021 5453 8813 2071 1947 8284 4484 1453 5441 4685 6682 7599 5756 4866 890 3346 2529 804 1574 3096 1496
internal_count=58039 26661 31378 12085 14576 14281 17097 6632 10092 8021 5453 8813 2071 1947 8284 4484 1453 5441 4685 6682 7599 5756 4866 890 3346 2529 804 1574 3096 1496
is_linear=0
shrinkage=0.05


Tree=14
num_leaves=31
num_cat=0
split_feature=3 3 3 3 11 10 3 11 9 7 11 7 14 3 8 7 9 10 8 12 9 9 7 15 5 7 8 7 6 8
split_gain=9048.04 1558.54 1108.21 226.209 182.111 168.567 150.819 131.627 74.5765 77.1665 73.9747 83.0466 71.657 67.3359 59.1262 58.0925 55.4443 54.9012 56.9503 53.7887 52.0232 51.282 50.8691 47.3634 59.4878 46.4089 61.9219 45.7993 63.1604 44.614
threshold=7.1706566810607919 4.6020376682281503 10.433113098144533 2.7582964897155766 5.3500001430511483 0.9238443672657014 5.9576950073242196 8.6500000953674334 4.5750000476837167 0.63303324580192577 9.2500000000000018 0.25293653458356863 4.7850000858306894 8.0391931533813494 0.70785933732986461 -0.52458885312080372 7.3450000286102304 0.90992662310600292 0.10738035291433336 -0.3172925859689712 10.204999923706056 5.0250000953674325 0.61963334679603588 42.500000000000007 3.4316667318344121 -0.94573098421096791 -0.23416947573423383 0.95760038495063793 958.75000000000011 0.021515898406505588
decision_type=2 2 2 2 2 2 2 2 8 2 2 2 10 2 2 2 10 2 2 2 8 10 2 2 2 2 2 2 2 2
left_child=1 3 4 25 14 13 -3 17 9 23 11 -7 -8 -6 29 -9 -12 18 -4 27 -21 -14 -20 24 -5 26 -1 -15 -29 -2
right_child=2 6 7 8 5 10 12 15 -10 -11 16 -13 21 19 -16 -17 -18 -19 22 20 -22 -23 -24 -25 -26 -27 -28 28 -30 -31
leaf_value=0.0027706460666531421 0.0022950380145425053 -0.0027292170876346391 0.016412276116806731 -0.0048100173846521519 0.0028999309229830908 0.0046686738327208878 -0.0022314991104020231 0.0176102680648717 -0.0038985825419376712 -0.0052764575893067831 0.0041489141932777142 0.014928491021652347 -0.003075828112682949 0.012555026961495842 0.005584289638176667 0.018355947203583831 0.018602012538978602 0.017938507739543863 0.015294271432837665 0.0039115925564013427 0.010672158206604485 0.0017718792483590402 -0.0020740993076166394 -0.0040838715209328665 -0.0029218029941322377 -0.005250486807757305 -0.0044922197484920543 -0.005752518279888136 0.012134032785741815 -0.0028591282481164244
leaf_weight=114 1931 7955 804 3299 2485 731 2429 1035 3931 1834 147 782 704 1896 999 5642 1287 654 224 2772 1594 3955 349 1817 578 6337 594 97 88 993
leaf_count=114 1931 7955 804 3299 2485 731 2429 1035 3931 1834 147 782 704 1896 999 5642 1287 654 224 2772 1594 3955 349 1817 578 6337 594 97 88 993
internal_value=-0.00122197 -0.0180928 0.0218682 -0.0278081 0.0139685 0.0170523 -0.00613703 0.0361873 -0.0234517 -0.0263773 0.0274221 0.0195982 -0.000831806 0.0136175 0.00462067 0.0395914 0.0355803 0.0249263 0.0191389 0.0163128 0.013132 0.00279803 0.00700692 -0.0234603 -0.0265971 -0.0348723 -0.0224404 0.0229386 -0.000789474 0.00102424
internal_weight=58057 33547 24510 18504 15802 11879 15043 8708 11459 7528 2947 1513 7088 8932 3923 6677 1434 2031 1377 6447 4366 4659 573 5694 3877 7045 708 2081 185 2924
internal_count=58057 33547 24510 18504 15802 11879 15043 8708 11459 7528 2947 1513 7088 8932 3923 6677 1434 2031 1377 6447 4366 4659 573 5694 3877 7045 708 2081 185 2924
is_linear=0
shrinkage=0.05


Tree=15
num_leaves=31
num_cat=0
split_feature=3 3 3 3 3 5 10 3 3 11 5 11 7 12 12 10 9 7 12 8 8 12 8 9 7 8 9 12 7 12
split_gain=8433.88 1547.31 1009.78 236.001 197.622 170.318 156.761 122.726 98.6982 98.0229 78.5063 77.6111 65.988 64.0672 62.6448 62.3974 57.7236 55.4594 50.2296 48.0268 47.2732 42.7117 41.0486 40.1012 39.8871 64.7855 46.0386 39.1204 38.7344 37.7906
threshold=6.4228332042694101 9.5418200492858904 3.9555709362030034 11.38532590866089 7.8617177009582528 2.2150000333786015 0.9170251488685609 2.5539633035659794 5.3545861244201669 3.8500000238418584 6.2016665935516366 5.5499999523162851 -0.52458885312080372 -0.63605400919914235 0.39873388409614569 0.9238443672657014 4.305000066757203 -0.94000589847564686 -0.16504132002592084 0.12447811290621759 0.70785933732986461 -0.53727915883064259 0.54162281751632702 9.0850000381469744 0.78354993462562572 0.073094449937343611 7.6250000000000009 0.18222858756780627 0.87828615307807933 -0.3172925859689712
decision_type=2 2 2 2 2 2 2 2 2 2 2 2 2 2 2 2 8 2 2 2 2 2 2 8 2 2 10 2 2 2
left_child=2 4 7 6 9 18 14 -1 23 -2 19 20 22 -9 -3 29 17 -15 -4 -5 -6 -10 -12 -7 -11 26 -26 -21 -23 -13
right_child=1 3 5 10 11 8 -8 13 21 24 12 15 -14 16 -16 -17 -18 -19 -20 27 -22 28 -24 -25 25 -27 -28 -29 -30 -31
leaf_value=-0.0049879624673694403 -0.0024259781817680295 0.011876658446932748 -0.0039403943182612367 0.017062200518519571 0.00062967282217662188 -0.0030765415049074404 0.017237813341989133 -0.0037047068131288762 0.00056636015099927745 0.0028999092000473198 0.0045816301691180283 0.0099491893167553414 0.017648216554243847 -0.0030380354534309561 0.0039943707097448823 0.015182072154004956 -0.0043966312226334653 -0.0049355634813118693 -0.0051734518343533303 0.018507566699180834 0.0063973470264259286 -0.0011310894229483025 0.01833515348415047 0.00054580143172201225 -0.0018944461280198189 -0.0051370371285094085 0.0069920720905944271 -0.0016896879637498447 -0.0037775512712915019 0.0047796622467585065
leaf_weight=5914 1411 3868 1198 500 1771 5931 1894 2134 1711 5548 233 1669 4220 507 893 1459 1731 4255 1175 93 621 3588 417 373 382 559 334 224 614 2690
leaf_count=5914 1411 3868 1198 500 1771 5931 1894 2134 1711 5548 233 1669 4220 507 893 1459 1731 4255 1175 93 621 3588 417 373 382 559 334 224 614 2690
internal_value=-0.00119385 0.0179987 -0.0201589 0.031376 0.00795185 -0.0108599 0.0249474 -0.0294823 -0.00847243 0.00247603 0.0388703 0.0134388 0.0412923 -0.025643 0.0200692 0.016555 -0.028124 -0.0309838 -0.0231077 0.0242701 0.00584063 -0.00382731 0.0261069 -0.012823 0.00495753 -0.00300781 0.00693481 0.00885093 -0.00653672 0.0135312
internal_weight=57917 28786 29131 12342 16444 14590 6655 14541 12217 8234 5687 8210 4870 8627 4761 5818 6493 4762 2373 817 2392 5913 650 6304 6823 1275 716 317 4202 4359
internal_count=57917 28786 29131 12342 16444 14590 6655 14541 12217 8234 5687 8210 4870 8627 4761 5818 6493 4762 2373 817 2392 5913 650 6304 6823 1275 716 317 4202 4359
is_linear=0
shrinkage=0.05


Tree=16
num_leaves=31
num_cat=0
split_feature=3 3 3 3 3 3 4 10 13 12 10 12 12 5 5 10 7 6 7 6 4 7 15 2 5 5 7 8 5 8
split_gain=8059 1443.53 1108.83 185.396 175.142 174.63 162.502 111.395 110.185 76.0028 74.8205 97.6229 74.5488 92.8389 68.8797 68.0055 65.6648 64.3202 63.5166 55.9449 55.3214 54.4732 76.6471 52.2599 52.0598 51.3163 49.0415 47.5692 44.8649 44.7769
threshold=7.1319866180419931 4.3834795951843271 10.36201333999634 2.6383464336395268 5.472104787826539 8.3812789916992205 7.7850000858306894 0.9238443672657014 0.12940952181816109 -0.33379416167736048 0.9170251488685609 0.26722820103168493 -0.63605400919914235 1.985000014305115 5.5950000286102304 0.90992662310600292 0.77275362610816967 946.45001220703136 0.41470260918140417 950.85000610351574 5.2550001144409189 -0.66248837113380421 47.500000000000007 42.500000000000007 2.9916666746139531 3.3483332395553593 0.99630826711654674 -0.91172525286674488 2.4616667032241826 -0.62132811546325672
decision_type=2 2 2 2 2 2 2 2 2 2 2 2 2 2 2 2 2 2 2 2 2 2 2 2 2 2 2 2 2 2
left_child=1 3 5 21 23 8 10 9 15 -7 11 -4 29 -14 17 -2 -6 -9 27 -8 -11 22 -1 28 -25 -15 -18 -10 -3 -5
right_child=2 4 6 12 16 7 19 14 18 20 -12 -13 13 25 -16 -17 26 -19 -20 -21 -22 -23 -24 24 -26 -27 -28 -29 -30 -31
leaf_value=-0.0044706343631761335 0.003576365205294463 -0.0045996901780286847 0.015724981386580489 -0.0013619454289413699 -8.570431226033737e-05 0.011873658082543086 0.016349173086315852 -0.0053666402022278393 -0.0024824197636326931 0.0012287064090845722 0.017083490437543113 0.0086104234669625909 -0.0047610978037122866 -0.0042821017833582038 0.016989132202555626 0.0089839577415117694 -0.0031790935253674826 0.010520140744683971 -0.0034136301395929973 0.016611446041586164 0.0061968363634939353 -0.0047385643440009673 0.00035087946511395962 -0.0021050964166092661 0.0045953914843784157 -0.0023966060332502094 0.0044440160439579079 0.0047806690988804199 -0.0028066852922984833 -0.0039170405184316111
leaf_weight=1442 2911 1670 2265 788 7753 1600 1160 116 398 1368 840 1287 2978 4192 1196 1060 1569 932 988 3356 3759 4715 229 809 169 857 255 1486 3981 1929
leaf_count=1442 2911 1670 2265 788 7753 1600 1160 116 398 1368 840 1287 2978 4192 1196 1060 1569 932 988 3356 3759 4715 229 809 169 857 255 1486 3981 1929
internal_value=-0.00123487 -0.017276 0.0203947 -0.0273942 -0.00657578 0.0124407 0.0345002 0.0170287 0.00641793 0.0137923 0.027587 0.0243464 -0.0233603 -0.0257906 0.0266785 0.0118084 -0.00224901 0.017189 -0.00104275 0.0411856 0.0108048 -0.0341574 -0.0262232 -0.0128203 -0.00213632 -0.0216165 -0.0107709 0.00434092 -0.0146658 -0.0161462
internal_weight=58058 33336 24722 17130 16206 15814 8908 8971 6843 6727 4392 3552 10744 8027 2244 3971 9577 1048 2872 4516 5127 6386 1671 6629 978 5049 1824 1884 5651 2717
internal_count=58058 33336 24722 17130 16206 15814 8908 8971 6843 6727 4392 3552 10744 8027 2244 3971 9577 1048 2872 4516 5127 6386 1671 6629 978 5049 1824 1884 5651 2717
is_linear=0
shrinkage=0.05


Tree=17
num_leaves=31
num_cat=0
split_feature=3 3 3 3 3 4 5 13 10 5 12 10 12 11 9 10 6 12 5 10 11 10 12 11 10 13 13 5 12 6
split_gain=7673.44 1371.44 1116.89 233.059 176.4 175.218 112.968 98.1592 91.5401 86.6097 75.4526 71.9855 81.8661 67.5797 65.1921 63.5424 60.8201 57.9615 88.6957 98.7508 57.0701 54.504 54.0135 53.042 50.2567 48.4739 47.7114 42.3279 45.2462 41.744
threshold=7.08984398841858 4.5660996437072763 10.36201333999634 2.5539633035659794 8.8530921936035174 7.7850000858306894 2.7616666555404668 1.0000000180025095e-35 0.9238443672657014 1.9016666412353518 -0.63605400919914235 0.9170251488685609 0.2503704726696015 3.3500000238418584 4.5750000476837167 0.90992662310600292 950.85000610351574 -0.53727915883064259 4.9516665935516366 -0.58068084716796864 6.2500000000000009 0.8140845298767091 -0.38266885280609125 7.0499999523162851 0.94828754663467418 -0.6035533845424651 -0.91597560048103321 3.4316667318344121 -0.50751903653144825 954.85000610351574
decision_type=2 2 2 2 2 2 2 2 2 2 2 2 2 2 8 2 2 2 2 2 2 2 2 2 2 2 2 2 2 2
left_child=1 3 4 -1 7 11 13 15 -6 10 -5 12 -4 -3 27 22 -7 -8 24 -20 21 -9 26 29 -19 -14 -2 28 -11 -10
right_child=2 6 5 9 8 16 17 20 23 14 -12 -13 25 -15 -16 -17 -18 18 19 -21 -22 -23 -24 -25 -26 -27 -28 -29 -30 -31
leaf_value=-0.0045016361268009194 0.0010551956412080843 -0.0045736430308665468 0.01504079634502626 -0.0037110061881063376 0.0068494214496033689 0.015531751041318865 0.00099403310743528274 0.0095572806735042155 0.0019539510943344814 -0.0028031273174818198 -0.0045087530923006176 0.016215505087735043 0.016374682279797714 -0.0019708052387780481 -0.0030170033214208178 0.0089115836871795379 0.015780873739506856 -0.0021209105229874985 -0.0011412537608967725 0.0073520903905405334 0.0052106505214860382 -0.0020408575448163375 0.0016215970965322735 0.016031974022984469 0.00045185636278437111 0.0052082893972116824 0.0099088906374656602 -0.0024913002094121522 -0.0043093827044675204 0.013960819939509704
leaf_weight=5949 393 1660 2202 1314 4958 1131 2629 357 306 1087 2905 847 305 2453 3053 1306 3398 5584 823 586 2083 1818 2394 1113 1123 1030 999 619 3390 288
leaf_count=5949 393 1660 2202 1314 4958 1131 2629 357 306 1087 2905 847 305 2453 3053 1306 3398 5584 823 586 2083 1818 2394 1113 1123 1030 999 619 3390 288
internal_value=-0.0011384 -0.0168882 0.0198211 -0.0260425 0.0119195 0.0340043 -0.00559779 0.00748263 0.0181334 -0.0221127 -0.0279474 0.026817 0.0236166 -0.0126396 -0.0190765 0.012164 0.0409241 -0.00289767 -0.00498707 0.00640028 0.00187661 -0.0037844 0.0088631 0.028125 -0.0073823 0.0137687 0.0166786 -0.0225446 -0.0242414 0.0158598
internal_weight=58103 33175 24928 18317 16015 8913 14858 9350 6665 12368 4219 4384 3537 4113 8149 5092 4529 10745 8116 1409 4258 2175 3786 1707 6707 1335 1392 5096 4477 594
internal_count=58103 33175 24928 18317 16015 8913 14858 9350 6665 12368 4219 4384 3537 4113 8149 5092 4529 10745 8116 1409 4258 2175 3786 1707 6707 1335 1392 5096 4477 594
is_linear=0
shrinkage=0.05


Tree=18
num_leaves=31
num_cat=0
split_feature=3 3 3 3 4 5 3 11 10 10 12 12 3 11 12 5 13 12 9 4 6 7 8 6 9 7 6 8 7 10
split_gain=7207.35 1454.43 962.262 263.473 183.815 152.808 141.017 120.807 110.386 80.3291 81.9545 70.2941 70.0194 68.1581 67.3468 65.2517 64.6933 63.6538 61.1967 60.3072 49.026 47.6091 47.576 46.9311 51.5093 44.8512 57.2663 43.3617 43.0101 41.898
threshold=6.4228332042694101 10.36201333999634 3.8870637416839604 8.3812789916992205 7.7850000858306894 2.2150000333786015 2.5539633035659794 3.8500000238418584 0.9238443672657014 0.9170251488685609 0.2503704726696015 -0.3172925859689712 5.472104787826539 9.3499999046325701 -0.63605400919914235 6.2016665935516366 0.37940952181816107 -0.26722820103168482 10.204999923706056 2.6049998998641972 958.85000610351574 -0.94573098421096791 -0.23416947573423383 952.95001220703136 9.0850000381469744 0.82438889145851146 956.75000000000011 0.073094449937343611 -0.84102764725685109 -0.89490029215812672
decision_type=2 2 2 2 2 2 2 2 2 2 2 2 2 2 2 2 2 2 8 2 2 2 2 2 8 2 2 2 2 2
left_child=2 3 6 7 9 17 21 -2 11 10 28 -5 23 20 -8 -6 25 -4 -13 -16 -10 22 -1 24 29 26 -9 -27 -3 -7
right_child=1 4 5 8 15 12 14 16 13 -11 -12 18 -14 -15 19 -17 -18 -19 -20 -21 -22 -23 -24 -25 -26 27 -28 -29 -30 -31
leaf_value=0.0028847522587446637 -0.0022267248407118177 0.0032831294011916867 -0.0033653761495911396 0.010862607780746209 0.010996097647068194 -0.0027200846499879933 -0.0031688099825839 0.003388530209693211 0.0052590380957100004 0.015440173245571643 0.0083978127948410083 0.0016976640404793603 -0.00078406347928919947 0.015462188221936946 -0.0042190306439824745 0.014991830052531513 -7.1264606416140963e-05 -0.0044512866978350185 0.007161567941258668 -0.0034647243085500416 0.016443127212328656 -0.0042765543204608732 -0.0034415826123947255 -0.0033917744096925921 0.0026485826832361721 0.0028692971579515163 0.0079917236167199139 -0.0041208832379906841 0.01479465142994117 -0.0011564377554492105
leaf_weight=97 1633 219 1196 1657 273 1947 2090 4157 909 854 1361 2819 5332 925 4467 4200 3001 1378 2230 1660 346 5298 484 2896 210 680 1082 407 1988 2159
leaf_count=97 1633 219 1196 1657 273 1947 2090 4157 909 854 1361 2819 5332 925 4467 4200 3001 1378 2230 1660 346 5298 484 2896 210 680 1082 407 1988 2159
internal_value=-0.00128451 0.016491 -0.018772 0.00895673 0.0332865 -0.0100046 -0.0281682 0.00376653 0.0153526 0.0259995 0.022642 0.0121591 -0.00772173 0.0251259 -0.0239054 0.0404533 0.00596335 -0.0210934 0.00921053 -0.0265574 0.0174206 -0.034101 -0.0202218 -0.0109325 -0.00761398 0.00882957 0.0107456 -0.000412088 0.028594 -0.00885429
internal_weight=57955 28741 29214 19846 8895 15118 14096 10960 8886 4422 3568 6706 12544 2180 8217 4473 9327 2574 5049 6127 1255 5879 581 7212 4316 6326 5239 1087 2207 4106
internal_count=57955 28741 29214 19846 8895 15118 14096 10960 8886 4422 3568 6706 12544 2180 8217 4473 9327 2574 5049 6127 1255 5879 581 7212 4316 6326 5239 1087 2207 4106
is_linear=0
shrinkage=0.05


Tree=19
num_leaves=31
num_cat=0
split_feature=3 3 3 3 4 5 10 3 11 11 12 12 6 7 5 6 12 8 6 8 12 9 11 7 15 12 4 6 13 7
split_gain=6861.7 1648.09 696.653 317.034 201.663 119.731 115.925 102.192 85.8325 83.302 79.109 75.5884 69.6493 67.8323 65.0413 63.6767 59.7606 57.1368 53.9155 57.7618 53.4635 51.0352 50.6454 50.4493 68.4567 48.8408 53.385 47.039 44.7914 70.9739
threshold=5.9576950073242196 10.292437553405763 3.7132107019424443 7.9048497676849374 7.7850000858306894 2.2150000333786015 0.9238443672657014 2.5539633035659794 7.0499999523162851 3.8500000238418584 0.44618082046508795 -0.28400452435016627 950.85000610351574 0.97697007656097423 4.8916666507720956 953.85000610351574 -0.63605400919914235 0.021515898406505588 959.85000610351574 -0.48941038548946375 0.061046212911605842 4.5750000476837167 9.4499998092651385 -0.66248837113380421 47.500000000000007 -0.3172925859689712 4.4649999141693124 957.25000000000011 0.12940952181816109 -0.55354335904121388
decision_type=2 2 2 2 2 2 2 2 2 2 2 2 2 2 2 2 2 2 2 2 2 8 2 2 2 2 2 2 2 2
left_child=2 3 7 9 10 11 13 23 27 20 14 -4 22 25 -3 -12 -9 -15 19 -16 -2 -7 -6 24 -1 -5 -27 -8 -11 -30
right_child=1 4 5 6 12 21 8 16 -10 28 15 -13 -14 17 18 -17 -18 -19 -20 -21 -22 -23 -24 -25 -26 26 -28 -29 29 -31
leaf_value=-0.0038479664670561342 0.00049374629280148497 0.0060451758503836583 -0.0029160889829222244 0.0097076590470373259 -0.00033253506739018839 -0.0031472706008218668 0.0016633110039313117 -0.003096777605602858 0.014437787834404366 0.0022594375195542971 0.013330554861743282 -0.0041810079242319683 0.01424223854990494 0.0027270429862341992 0.014054918858444111 -0.0023396582138285912 -0.0039690517997167064 -0.0038123966821162151 0.014982292938224296 0.011144397448656152 -0.0032563287245975583 -0.0015933564875580863 0.014249527982479965 -0.0040627266044378297 0.00017209984422515527 -0.0019824691810126902 0.0047917661695211777 0.012246304080263665 0.0040264489607561337 -0.0021294803686295522
leaf_weight=1344 921 370 1417 2137 117 3217 735 1772 1616 5439 224 1643 3412 505 919 342 5297 419 1084 1672 1185 7218 1015 4379 218 530 4825 345 1178 2394
leaf_count=1344 921 370 1417 2137 117 3217 735 1772 1616 5439 224 1643 3412 505 919 342 5297 419 1084 1672 1185 7218 1015 4379 218 530 4825 345 1178 2394
internal_value=-0.00112879 0.0146899 -0.0198585 0.00733336 0.0325382 -0.0118926 0.0133039 -0.0281137 0.0223251 0.00136217 0.0251192 -0.0205873 0.0400308 0.0104026 0.0275679 0.00753065 -0.0240105 -0.00236814 0.0295788 0.0255586 -0.00757935 -0.00933429 0.0290237 -0.0329717 -0.0250798 0.0119781 0.00941231 0.0113364 0.00345497 -0.000894604
internal_weight=57889 31384 26505 22229 9155 13495 11112 13010 2696 11117 4611 3060 4544 8416 4045 566 7069 924 3675 2591 2106 10435 1132 5941 1562 7492 5355 1080 9011 3572
internal_count=57889 31384 26505 22229 9155 13495 11112 13010 2696 11117 4611 3060 4544 8416 4045 566 7069 924 3675 2591 2106 10435 1132 5941 1562 7492 5355 1080 9011 3572
is_linear=0
shrinkage=0.05


Tree=20
num_leaves=31
num_cat=0
split_feature=3 3 3 3 4 10 3 5 11 10 12 12 5 7 8 12 9 11 12 9 8 4 12 5 11 7 8 7 8 9
split_gain=6548.73 1661.15 657.951 301.77 197.559 119.054 116.036 113.63 111.496 77.9083 78.4809 74.7176 64.173 63.7412 83.4879 55.9646 55.2946 55.1426 53.9653 51.7175 48.5295 62.9811 47.954 47.0513 45.8115 44.5009 50.5831 41.6891 43.232 40.4723
threshold=5.9576950073242196 10.292437553405763 3.7132107019424443 8.3812789916992205 7.7850000858306894 0.9238443672657014 2.5539633035659794 2.2150000333786015 3.8500000238418584 0.9170251488685609 0.44618082046508795 -0.14780378341674802 5.6283333301544198 0.78354993462562572 0.073094449937343611 0.35019405186176306 4.5750000476837167 7.0499999523162851 -0.63605400919914235 7.1549999713897714 0.85581842064857494 3.5949999094009404 0.061046212911605842 3.2749999761581425 6.7500000000000009 -0.94573098421096791 -0.23416947573423383 -0.53914576768875111 0.15855792164802554 4.0850000381469735
decision_type=2 2 2 2 2 2 2 2 2 2 2 2 2 2 2 2 8 2 2 10 2 2 2 2 2 2 2 2 2 8
left_child=2 3 6 8 9 15 25 11 22 10 24 -4 -6 19 -15 -5 -9 -7 -8 20 -10 -22 -2 29 -3 26 -1 -26 -29 -20
right_child=1 4 7 5 12 17 18 16 13 -11 -12 -13 -14 14 -16 -17 -18 -19 23 -21 21 -23 -24 -25 27 -27 -28 28 -30 -31
leaf_value=0.003398576429538021 0.00021928604401072471 0.0073058509773977105 -0.0029189538753495673 0.0063228761135617102 -0.001658017116463248 0.0061501056207936226 -0.0029124013447435495 -0.0030261241458021978 0.0019483780991464744 0.014009148998975091 0.00080996524865662865 -0.0039719575280203704 0.013530126622409695 0.0016574819060369179 -0.0044853706381716369 0.0014968650774526305 -0.0015478021854134329 0.013896110402324458 -0.0038739113155006272 0.0037783972642080848 0.0024630847781350706 -0.0051398498983377151 -0.0028574004946419736 -0.0012200994617772216 0.0082394679724382414 -0.0038595902742159377 -0.0032408766497410823 0.013935508672777458 0.009818085661716186 -0.0033609252165258323
leaf_weight=97 983 532 1581 4752 84 807 1800 3262 3084 883 482 1464 4465 1214 848 1760 7223 1340 3642 5423 429 432 1342 227 452 5342 491 1501 740 1381
leaf_count=97 983 532 1581 4752 84 807 1800 3262 3084 883 482 1464 4465 1214 848 1760 7223 1340 3642 5423 429 432 1342 227 452 5342 491 1501 740 1381
internal_value=-0.00101863 0.014372 -0.0193362 0.00704313 0.0323327 0.0143525 -0.0273777 -0.0116143 0.00243823 0.0249619 0.0217268 -0.0201148 0.0397343 0.00446874 -0.00348331 0.0109713 -0.00913727 0.0245586 -0.023005 0.00621999 0.00186076 -0.00860277 -0.00753219 -0.0255756 0.0245356 -0.0325527 -0.0192243 0.0271868 0.0299866 -0.0265811
internal_weight=58063 31553 26510 22414 9139 8659 12980 13530 13755 4590 3707 3045 4549 11430 2062 6512 10485 2147 7050 9368 3945 861 2325 5250 3225 5930 588 2693 2241 5023
internal_count=58063 31553 26510 22414 9139 8659 12980 13530 13755 4590 3707 3045 4549 11430 2062 6512 10485 2147 7050 9368 3945 861 2325 5250 3225 5930 588 2693 2241 5023
is_linear=0
shrinkage=0.05


Tree=21
num_leaves=31
num_cat=0
split_feature=3 3 3 3 4 10 11 3 10 6 12 12 4 7 12 13 13 7 7 11 6 7 8 4 13 8 7 6 6 11
split_gain=6180.17 1151.14 1081.24 222.771 197.519 137.767 127.767 119.413 92.6768 87.0136 81.6573 79.1923 108.783 70.221 57.0232 55.8076 53.1713 50.3815 50.0946 49.9264 49.6037 48.8117 48.4787 47.405 46.694 45.6767 45.0186 51.4787 43.9467 43.2868
threshold=7.1319866180419931 3.7791117429733281 10.36201333999634 5.0137321949005136 7.8949999809265146 0.93038213253021251 7.0499999523162851 2.5539633035659794 0.9170251488685609 950.85000610351574 0.2503704726696015 -0.39873388409614557 5.2550001144409189 0.77275362610816967 -0.63605400919914235 0.78656607866287243 -0.6035533845424651 -0.79148143529891957 0.99468535184860241 9.1500000953674334 955.25000000000011 -0.84102764725685109 0.97653719782829296 2.6049998998641972 -0.6035533845424651 0.99573239684104931 0.88234141469001781 954.85000610351574 952.95001220703136 8.5500001907348651
decision_type=2 2 2 2 2 2 2 2 2 2 2 2 2 2 2 2 2 2 2 2 2 2 2 2 2 2 2 2 2 2
left_child=1 7 5 15 8 11 20 17 10 19 21 -2 26 29 -9 28 -15 -1 -18 -6 -7 -4 -8 -16 -12 -24 -13 -28 -3 -5
right_child=2 3 4 13 9 6 22 14 -10 -11 24 12 -14 16 23 -17 18 -19 -20 -21 -22 -23 25 -25 -26 -27 27 -29 -30 -31
leaf_value=-0.0032723804250382352 0.0080288762175693227 -0.0019302682735725123 0.0023469577397327471 -0.00087484548154965482 -0.0030783927223776209 -3.2864033964710719e-05 0.013127571479897238 -0.0027950925266917322 0.013201429701616037 0.012853620291289209 0.013669209720384989 0.0010725164698265795 0.0042210207273762988 -0.00017815485568595593 -0.003673520125999437 -0.0037375974601660286 -0.0044567135569203607 -0.0036666107605051409 0.001627807005686434 0.012949849053186148 0.0092090390244505757 0.012650391582684864 -0.0057016477011516105 -0.0029324466799833045 0.00364889583694909 0.013350575887698897 0.0038793542200810023 -0.0042731551072026034 -0.0033119201217842939 0.0016517768748489732
leaf_weight=1296 2863 3375 223 8292 88 840 1734 1906 971 3120 325 2810 5681 772 4156 1692 1297 4650 241 953 538 2110 110 1454 1121 93 276 813 2467 1821
leaf_count=1296 2863 3375 223 8292 88 840 1734 1906 971 3120 325 2810 5681 772 4156 1692 1297 4650 241 953 538 2110 110 1454 1121 93 276 813 2467 1821
internal_value=-0.00110512 -0.0151164 0.0178751 -0.00749173 0.0317912 0.0099981 0.0190512 -0.0264127 0.0247739 0.0397624 0.0211813 0.00757953 0.00539384 -0.00337544 -0.0221912 -0.0142724 -0.0112311 -0.0317258 -0.0165911 0.0270076 0.00737527 0.0269675 0.0273172 -0.0247373 0.011785 0.00408654 -0.0010374 -0.00964351 -0.0119377 -0.0015764
internal_weight=58088 33419 24669 19957 8911 15758 3315 13462 4750 4161 3779 12443 9580 12423 7516 7534 2310 5946 1538 1041 1378 2333 1937 5610 1446 203 3899 1089 5842 10113
internal_count=58088 33419 24669 19957 8911 15758 3315 13462 4750 4161 3779 12443 9580 12423 7516 7534 2310 5946 1538 1041 1378 2333 1937 5610 1446 203 3899 1089 5842 10113
is_linear=0
shrinkage=0.05


Tree=22
num_leaves=31
num_cat=0
split_feature=3 3 3 5 11 3 10 11 10 12 3 3 3 7 12 12 8 5 8 13 6 7 15 10 12 6 12 5 10 7
split_gain=5830 1148.54 1072.93 173.887 172.238 154.036 124.757 117.481 82.8923 79.4293 77.6681 76.2514 73.5359 61.7034 71.103 60.4007 58.2697 57.0219 56.835 56.4884 49.9374 49.1862 65.8015 49.0602 48.7704 52.3023 45.2988 61.8471 68.6697 51.9159
threshold=7.1319866180419931 3.9555709362030034 10.433113098144533 2.4850000143051152 8.6500000953674334 2.5539633035659794 0.93038213253021251 7.0499999523162851 0.90992662310600292 -0.16504132002592084 11.38532590866089 8.3812789916992205 5.3545861244201669 -0.52458885312080372 0.43049471080303198 -0.63605400919914235 0.97653719782829296 3.3716665506362919 0.54162281751632702 0.37940952181816107 956.95001220703136 -0.66248837113380421 44.500000000000007 0.9170251488685609 0.35019405186176306 948.75000000000011 -0.46173103153705591 4.4449999332427987 -0.58068084716796864 -0.33100557327270502
decision_type=2 2 2 2 2 2 2 2 2 2 2 2 2 2 2 2 2 2 2 2 2 2 2 2 2 2 2 2 2 2
left_child=1 5 6 9 23 21 11 20 10 -3 -6 19 -5 18 -15 -7 -9 -17 -12 -2 -8 22 -1 -4 25 -13 -14 -28 -29 -30
right_child=2 3 4 12 8 15 7 16 -10 -11 13 24 26 14 -16 17 -18 -19 -20 -21 -22 -23 -24 -25 -26 -27 27 28 29 -31
leaf_value=-0.003331880530965772 0.002856298078179702 -0.0021051071096968806 0.008169129436219608 -0.0018665290222643072 0.0091778936314507783 -0.0025894671020758606 0.00034942987484218037 0.01238048218545984 0.012475415433191101 -0.0037030879696908041 0.0013270749619872348 0.0020528380331499064 0.0010573855757931808 0.012210939276724748 0.012116683358852288 -0.0034006029308911705 0.0010961220038685994 -0.00079057449228576646 0.013017889045081527 -0.001452313315663581 0.010173418995914002 -0.0034832802224798835 -0.0011877059987700793 0.012266684163195785 0.0017437876218447182 0.0073289805955783277 -0.0016692873897797404 -0.0010428880084544581 0.0084297019772452773 0.00016912622980440607
leaf_weight=1305 3614 2230 1526 5042 1201 2179 934 1748 1845 1997 234 1157 2860 2663 359 6143 203 356 381 1831 433 4375 271 485 1998 4089 4183 1417 512 486
leaf_count=1305 3614 2230 1526 5042 1201 2179 934 1748 1845 1997 234 1157 2860 2663 359 6143 203 356 381 1831 433 4375 271 485 1998 4089 4183 1417 512 486
internal_value=-0.00111691 -0.0147508 0.0172934 -0.00654762 0.0314289 -0.025246 0.00960842 0.0182365 0.0352946 -0.0154655 0.0317778 0.00734599 -0.00394347 0.0354338 0.0383878 -0.020972 0.0260992 -0.0233933 0.0207258 0.00287156 0.00696064 -0.0314557 -0.0237192 0.0185268 0.0107049 0.0132356 -0.00134207 -0.00361957 0.00274793 0.0127617
internal_weight=58057 33356 24701 18727 8694 14629 16007 3318 6683 4227 4838 12689 14500 3637 3022 8678 1951 6499 615 5445 1367 5951 1576 2011 7244 5246 9458 6598 2415 998
internal_count=58057 33356 24701 18727 8694 14629 16007 3318 6683 4227 4838 12689 14500 3637 3022 8678 1951 6499 615 5445 1367 5951 1576 2011 7244 5246 9458 6598 2415 998
is_linear=0
shrinkage=0.05


Tree=23
num_leaves=31
num_cat=0
split_feature=3 3 3 3 5 5 3 10 11 7 12 12 7 8 6 8 11 3 6 7 15 12 9 6 13 12 7 7 9 10
split_gain=5584.38 1573.68 631.519 247.949 198.43 117.522 105.19 101.798 93.3948 90.9344 83.4931 74.3658 60.7614 74.2862 59.8537 56.3527 54.8118 51.5715 49.893 49.2538 66.3339 48.8929 48.4203 61.8641 48.1277 44.4337 47.8899 44.0699 41.5182 40.8622
threshold=5.9576950073242196 10.292437553405763 3.5572314262390141 8.3812789916992205 6.428333282470704 2.2150000333786015 2.5539633035659794 0.9238443672657014 3.8500000238418584 -0.52458885312080372 0.26722820103168493 -0.53727915883064259 0.78354993462562572 0.073094449937343611 948.95001220703136 0.54162281751632702 9.3499999046325701 11.38532590866089 958.85000610351574 -0.66248837113380421 44.500000000000007 -0.63605400919914235 4.5750000476837167 951.35000610351574 -0.6035533845424651 0.43049471080303198 0.98805528879165661 0.99468535184860241 4.305000066757203 0.8140845298767091
decision_type=2 2 2 2 2 2 2 2 2 2 2 2 2 2 2 2 2 2 2 2 2 2 8 2 2 2 2 2 10 2
left_child=2 3 6 8 10 11 19 27 -2 15 14 -4 -10 -14 -3 -6 18 -11 -9 20 -1 -8 23 29 -12 -19 -27 -5 -13 -7
right_child=1 4 5 7 9 22 21 16 12 17 24 28 13 -15 -16 -17 -18 25 -20 -21 -22 -23 -24 -25 -26 26 -28 -29 -30 -31
leaf_value=-0.0031652865044174833 -0.0017533295060397581 0.0046292729153819294 -0.0018870729664676789 0.0049376888845023593 0.0036473693473594638 -0.0022079800139024526 -0.0024406825544990053 0.0036625276980244746 0.0023068915843358663 0.010865163896699365 0.013346794480689556 -0.0034490398188378084 0.0014998156171929346 -0.0041680646006352238 0.012357527857495854 0.012366994592827453 0.012390454423418252 0.011755878297232193 0.013608316929123371 -0.0033091162113558894 -0.00091061486307177195 -0.0031726666033884254 -0.001336370393605653 -0.003550071028227254 0.003386296432882116 0.0123306078971615 -0.0021240827175456611 -0.0020228189125716003 -0.0028754032779668374 0.0013699300937156534
leaf_weight=1304 2340 284 1194 6209 443 1435 1580 906 9312 1258 297 1257 1197 877 1117 593 908 3616 328 4359 270 4616 7307 1595 1100 281 117 330 1031 524
leaf_count=1304 2340 284 1194 6209 443 1435 1580 906 9312 1258 297 1257 1197 877 1117 593 908 3616 328 4359 270 4616 7307 1595 1100 281 117 330 1031 524
internal_value=-0.000944128 0.0132765 -0.0178721 0.00615072 0.0307979 -0.0107646 -0.0262692 0.0127619 0.00196635 0.0357199 0.0196575 -0.0187554 0.00383636 -0.0038961 0.0282717 0.0219981 0.022217 0.038393 0.0152542 -0.0310458 -0.0233059 -0.0216739 -0.00819529 -0.0129812 0.0109486 0.0412043 0.0248139 0.00965006 -0.0240297 -0.00700102
internal_weight=57985 31513 26472 22407 9106 14343 12129 8681 13726 6308 2798 3482 11386 2074 1401 1036 2142 5272 1234 5933 1574 6196 10861 3554 1397 4014 398 6539 2288 1959
internal_count=57985 31513 26472 22407 9106 14343 12129 8681 13726 6308 2798 3482 11386 2074 1401 1036 2142 5272 1234 5933 1574 6196 10861 3554 1397 4014 398 6539 2288 1959
is_linear=0
shrinkage=0.05


Tree=24
num_leaves=31
num_cat=0
split_feature=3 3 5 5 3 12 9 5 10 9 9 11 11 15 6 12 12 6 15 10 7 9 8 12 6 11 12 15 9 7
split_gain=5312.31 1353.68 789.775 187.254 164.043 144.364 142.59 101.919 98.8179 88.6892 78.1498 75.8874 74.5726 76.5171 68.5981 68.5334 58.0831 73.3088 51.1815 57.831 51.5308 50.774 49.0698 47.8188 45.8965 44.5401 44.4729 43.6955 41.9324 41.7746
threshold=6.4228332042694101 10.36201333999634 2.2150000333786015 6.2016665935516366 8.2959504127502459 -0.23343648016452787 4.5750000476837167 1.4583333730697634 0.90992662310600292 10.444999694824221 4.0250000953674325 3.7500000000000004 8.6500000953674334 31.500000000000004 951.35000610351574 0.2503704726696015 0.43049471080303198 950.85000610351574 40.500000000000007 0.8140845298767091 -0.94573098421096791 8.8850002288818377 0.29259762167930609 -0.52247866988182057 948.95001220703136 7.7500000000000009 -0.3172925859689712 75.500000000000014 10.204999923706056 -0.95117661356925953
decision_type=2 2 2 2 2 2 8 2 2 8 10 2 2 2 2 2 2 2 2 2 2 10 2 2 2 2 2 2 8 2
left_child=2 4 5 15 11 7 14 -1 26 -5 29 -2 13 -10 18 24 17 -11 19 -4 -21 -14 -17 -8 -3 -22 -6 -13 -28 -7
right_child=1 3 6 9 8 10 23 -9 12 16 -12 27 21 -15 -16 22 -18 -19 -20 20 25 -23 -24 -25 -26 -27 28 -29 -30 -31
leaf_value=-0.0031564729035634363 -0.0018476300102275162 0.0039061354398256089 -0.0027435254799917171 0.0077140709905268896 0.0080140303683491933 -0.0022153554293317924 7.5525443186472146e-05 -0.0026597510895561244 -0.002809468997966455 0.011117992748622414 -0.0030410400730013355 0.0025407502982848027 0.0063890433884194854 0.008190603175884853 -0.0032630292088876192 0.0084289020698114763 0.010808386943533739 0.01109593165188737 0.00064259380070945296 0.0051653069375694124 -0.0027969297874415721 0.011786953378405152 -0.0033809489186323082 -0.0016300102604712597 0.011878082870601379 0.0021313303982489636 0.00068889530873842981 -0.0014380889651723211 0.0051138460986810607 -0.0031436604007880949
leaf_weight=2042 1451 217 1864 819 1790 340 3031 4153 342 1331 1397 7888 271 1405 2589 902 656 3813 538 258 351 950 362 7175 832 220 2737 1138 1915 5178
leaf_count=2042 1451 217 1864 819 1790 340 3031 4153 342 1331 1397 7888 271 1405 2589 902 656 3813 538 258 351 950 362 7175 832 220 2737 1138 1915 5178
internal_value=-0.000847999 0.0143717 -0.015902 0.030536 0.00710587 -0.0250019 -0.00845237 -0.0194274 0.0118959 0.0348204 -0.0299783 0.00280004 0.0194416 0.0127568 -0.0146953 0.0182269 0.0370026 0.0388037 -0.0098115 -0.0126205 -0.00161871 0.0289152 0.0103231 -0.00488689 0.0276565 -0.00998264 0.00840701 0.0045067 0.0058192 -0.0326634
internal_weight=57955 28819 29136 8932 19887 13110 16026 6195 9410 6619 6915 10477 2968 1747 5820 2313 5800 5144 3231 2693 829 1221 1264 10206 1049 571 6442 9026 4652 5518
internal_count=57955 28819 29136 8932 19887 13110 16026 6195 9410 6619 6915 10477 2968 1747 5820 2313 5800 5144 3231 2693 829 1221 1264 10206 1049 571 6442 9026 4652 5518
is_linear=0
shrinkage=0.05


Tree=25
num_leaves=31
num_cat=0
split_feature=3 3 5 4 9 12 11 5 9 6 9 12 11 12 5 6 15 6 15 6 6 11 6 4 12 11 6 8 8 15
split_gain=5090.34 1079.19 1070.56 218.222 203.522 167.669 111.976 104.537 99.1175 89.0281 78.4196 75.7511 63.125 62.872 66.9696 61.5505 60.9609 60.6091 60.056 60.0448 57.9076 52.8806 52.0267 48.8713 52.589 61.6238 48.7013 47.2027 42.007 41.8243
threshold=7.1319866180419931 10.36201333999634 2.2983332872390752 7.7850000858306894 4.9749999046325692 -0.26722820103168482 5.3500001430511483 1.4583333730697634 3.6149998903274541 951.14999389648449 7.5350000858306894 0.44618082046508795 9.2500000000000018 -0.46173103153705591 4.1083333492279062 949.64999389648449 60.500000000000007 951.45001220703136 23.500000000000004 960.35000610351574 953.85000610351574 6.9500000476837167 943.54998779296886 7.6549999713897714 0.43049471080303198 9.7500000000000018 959.35000610351574 -0.62132811546325672 -0.62132811546325672 43.500000000000007
decision_type=2 2 2 2 8 2 2 2 10 2 8 2 2 2 2 2 2 2 2 2 2 2 2 2 2 2 2 2 2 2
left_child=2 6 5 11 17 7 -2 -1 -7 12 -8 21 -5 -6 29 22 23 18 -4 -18 -13 -3 -12 24 -17 -26 -23 -20 -9 -15
right_child=1 3 4 9 13 8 10 28 -10 -11 15 20 -14 14 -16 16 19 -19 27 -21 -22 26 -24 -25 25 -27 -28 -29 -30 -31
leaf_value=-0.0029901873867869545 0.00044080334489714494 0.006617235549039569 -0.0024381411293035882 -0.0030654949082260688 0.0007418762924613437 -0.0029864773807486904 0.0011998322836204349 -0.001605294967966563 -0.0029864773807486904 0.010505549186841948 0.0084806627330367198 0.011125349523958628 0.010548189303035478 -0.0026601718311948549 0.00034874734513132765 0.0087558319584549234 0.00098948544844812696 -0.0030207226420090483 0.0033565121576472332 0.0076977619392552378 -0.003362006883598917 0.0096225841414105742 0.0013686220435767324 0.010562142772896714 -0.00033988820352069964 0.011595487869884014 0.011152862428703031 -0.0015847667835368756 -0.0028230308843151821 -0.00097985553636270139
leaf_weight=1994 3973 695 1821 117 3882 5587 2102 1460 2155 3338 651 223 1078 2786 2936 2953 1418 2874 516 1048 334 2130 2092 418 729 391 1010 1426 3014 2998
leaf_count=1994 3973 695 1821 117 3882 5587 2102 1460 2155 3338 651 223 1078 2786 2936 2953 1418 2874 516 1048 334 2130 2092 418 729 391 1010 1426 3014 2998
internal_value=-0.000941466 0.016272 -0.0136531 0.0301624 -0.0059629 -0.0240591 0.00840621 -0.0180905 -0.0290306 0.0378691 0.0108495 0.0221742 0.0259583 -0.00222892 -0.00458453 0.012746 0.0152471 -0.0130458 -0.00885085 0.00890328 0.00489324 0.0246745 0.00638646 0.0187166 0.0170059 0.00773333 0.0274404 -0.00272214 -0.01382 -0.00770427
internal_weight=58149 24700 33449 8925 19239 14210 15775 6468 7742 4533 11802 4392 1195 12602 8720 9700 6957 6637 3763 2466 557 3835 2743 4491 4073 1120 3140 1942 4474 5784
internal_count=58149 24700 33449 8925 19239 14210 15775 6468 7742 4533 11802 4392 1195 12602 8720 9700 6957 6637 3763 2466 557 3835 2743 4491 4073 1120 3140 1942 4474 5784
is_linear=0
shrinkage=0.05


Tree=26
num_leaves=31
num_cat=0
split_feature=3 5 3 9 9 5 12 11 9 7 6 11 8 11 12 7 8 5 8 7 6 7 7 7 7 13 12 11 12 9
split_gain=4867.92 1194.47 849.507 220.29 189.556 143.665 109.002 108.836 93.1064 87.7752 82.2607 93.1081 77.8736 70.4069 70.0755 63.3406 107.898 62.1473 59.5369 54.3608 90.3085 52.3463 46.2338 59.9472 49.2547 53.6401 71.6686 43.5995 42.6354 41.1874
threshold=7.7791011333465585 2.4850000143051152 11.006791591644289 3.6149998903274541 4.9749999046325692 6.1483333110809335 -0.28400452435016627 5.4500000476837167 9.8949999809265154 -0.52458885312080372 949.54998779296886 8.0500001907348651 0.22611359506845477 3.6499999761581425 -0.52247866988182057 0.98049062490463268 -0.10296135023236273 4.4449999332427987 0.54162281751632702 0.96468064188957225 958.85000610351574 -0.95117661356925953 0.99630826711654674 0.88234141469001781 0.33505657315254217 -0.6035533845424651 0.19936034083366397 8.5500001907348651 0.35019405186176306 6.9149999618530282
decision_type=2 2 2 10 8 2 2 2 8 2 2 2 2 2 2 2 2 2 2 2 2 2 2 2 2 2 2 2 2 10
left_child=1 3 7 6 27 12 13 28 19 18 -10 -12 -4 -1 -6 -11 -17 22 -7 29 -21 -8 23 24 -16 -26 -27 -3 -2 -9
right_child=2 4 5 -5 14 9 21 8 10 15 11 -13 -14 -15 17 16 -18 -19 -20 20 -22 -23 -24 -25 25 26 -28 -29 -30 -31
leaf_value=-0.002836327386270575 0.0025210875034018644 -0.0024481488332362914 0.010333237790721445 -0.0025495384217831883 0.0012552741303540297 0.0022620052440305433 -0.0018302639080370582 -0.0012835024134689955 0.0031270668522859813 0.010084775279787683 0.007230587032321426 0.010142045767729202 -0.00066691184790927953 -0.001855285926652988 -0.0017475357658395003 -0.016437721888603447 0.01018252411767185 0.00097064059223000716 0.010668570821249612 -0.0079720027660480763 0.0050668991247926612 -0.0028371535117112561 0.0063144710918710822 -0.0036815850895627667 0.0026706924172806533 0.001921836120575042 -0.0032118566534469041 -0.0011386413305531408 -0.0019872430255341786 0.0054545446457655552
leaf_weight=2947 2051 4460 875 6035 3899 318 408 567 1095 4408 2024 1999 393 1215 4195 100 310 3552 494 245 250 5749 251 1047 778 600 739 1090 957 4972
leaf_count=2947 2051 4460 875 6035 3899 318 408 567 1095 4408 2024 1999 393 1215 4195 100 310 3552 494 245 250 5749 251 1047 778 600 739 1090 957 4972
internal_value=-0.000902151 -0.0118326 0.0182832 -0.0219207 -0.0038247 0.032667 -0.0263609 0.0112672 0.0135431 0.0360958 0.0185048 0.0218098 0.0173606 -0.0200624 -0.000912651 0.0386689 0.0195181 -0.00292827 0.0206854 0.00932274 -0.0065 -0.0305988 -0.00547603 -0.00619908 -0.00435333 0.00186145 -0.00420387 -0.0117192 0.00282111 0.0107413
internal_weight=58023 36965 21058 16354 20611 6898 10319 14160 11152 5630 5118 4023 1268 4162 15061 4818 410 11162 812 6034 495 6157 7610 7359 6312 2117 1339 5550 3008 5539
internal_count=58023 36965 21058 16354 20611 6898 10319 14160 11152 5630 5118 4023 1268 4162 15061 4818 410 11162 812 6034 495 6157 7610 7359 6312 2117 1339 5550 3008 5539
is_linear=0
shrinkage=0.05


Tree=27
num_leaves=31
num_cat=0
split_feature=5 4 5 6 12 12 14 10 4 5 13 12 15 5 7 11 14 10 12 8 10 11 13 4 7 14 15 6 7 5
split_gain=4283.91 1108.4 963.551 222.737 150.28 149.587 147.366 130.014 125.357 102.895 88.0241 83.1797 73.0896 67.3148 66.8102 62.0623 61.0525 59.702 92.4232 59.2562 74.9482 63.3421 59.2191 52.3482 52.1195 50.7141 49.7555 127.017 68.4706 48.2024
threshold=3.9583333730697636 7.2049999237060556 2.2350000143051152 948.95001220703136 -0.26722820103168482 0.38266885280609136 6.3550000190734872 0.90992662310600292 8.0150003433227557 1.4583333730697634 -1.0000000180025095e-35 -0.14780378341674802 28.500000000000004 3.1650000810623173 0.9905582368373872 7.1499998569488534 11.784999847412111 0.87032255530357372 0.38266885280609136 0.9392831325531007 0.52247866988182079 7.2500000000000009 1.0000000180025095e-35 1.9650000333786013 -0.6495143175125121 12.864999771118166 56.500000000000007 959.64999389648449 -0.63634827733039845 3.1216665506362919
decision_type=2 2 2 2 2 2 10 2 2 2 2 2 2 2 2 2 10 2 2 2 2 2 2 2 2 10 2 2 2 2
left_child=2 6 4 25 9 13 12 11 14 -1 -9 16 19 -4 15 -5 26 -13 -19 20 -2 -22 24 -6 -14 -3 -8 28 -28 -7
right_child=1 3 5 8 23 29 7 10 -10 -11 -12 17 22 -15 -16 -17 -18 18 -20 -21 21 -23 -24 -25 -26 -27 27 -29 -30 -31
leaf_value=-0.0027073235197323884 -0.0019915795673593945 0.0048638529042689845 -0.0012394431205745905 0.0071286609431009092 -0.0026952958361256933 -0.0027034092332616764 0.0075181078341946157 0.011063461495239436 0.0095067956216189423 -0.0022220039339007477 0.0053458302524900629 -0.00034569372341061169 -0.0027848386134251505 0.00035684982043539606 -0.0010429424630928219 0.0097092371275523739 0.010038902633708447 0.011011225356417232 -0.00030783773439403835 -0.007455837131514655 -0.0036693247885095774 0.0061525820693047375 -0.00013286488066012738 -0.0026952958361256933 0.0054061538518257795 0.010344989150837086 0.014339845223372111 0.0075473731867379658 -0.0042384882503461677 -0.0018665668531597077
leaf_weight=2011 1197 1301 7731 370 5393 2732 2126 1405 3490 4176 1308 3089 243 5924 173 2116 729 1042 940 198 221 527 1939 1913 1351 309 154 653 929 2350
leaf_count=2011 1197 1301 7731 370 5393 2732 2126 1405 3490 4176 1308 3089 243 5924 173 2116 729 1042 940 198 221 527 1939 1913 1351 309 154 653 929 2350
internal_value=-0.000740805 0.0144373 -0.0128959 0.0302357 -0.0230812 -0.00555704 0.00764012 0.0106987 0.034571 -0.0173207 0.0203642 0.00797559 0.000968139 -0.00282943 0.026295 0.0283822 0.0128481 0.00355595 0.0103171 -0.00630819 -0.00361538 0.00876494 0.0053844 -0.0279442 0.0125078 0.0136223 0.0103181 0.00402068 -0.00647978 -0.012876
internal_weight=58040 25810 32230 7759 13493 18737 18051 12375 6149 6187 2713 9662 5676 13655 2659 2486 4591 5071 1982 2143 1945 748 3533 7306 1594 1610 3862 1736 1083 5082
internal_count=58040 25810 32230 7759 13493 18737 18051 12375 6149 6187 2713 9662 5676 13655 2659 2486 4591 5071 1982 2143 1945 748 3533 7306 1594 1610 3862 1736 1083 5082
is_linear=0
shrinkage=0.05


Tree=28
num_leaves=31
num_cat=0
split_feature=3 5 3 3 3 10 5 11 7 8 15 7 15 4 7 6 9 8 6 9 6 7 6 4 9 8 7 8 6 10
split_gain=4334.72 1153.95 793.908 187.86 168.157 164.176 157.553 107.377 85.5254 76.0157 73.8237 71.2021 70.1217 66.4432 74.7156 85.4152 64.7813 64.6762 62.9139 62.3101 61.971 59.3851 58.4937 65.3547 55.5929 51.19 47.0465 57.6616 46.554 53.4513
threshold=7.8617177009582528 2.4183334112167363 11.006791591644289 2.6383464336395268 5.5111703872680673 0.9238443672657014 6.2016665935516366 8.5500001907348651 -0.52458885312080372 0.22611359506845477 23.500000000000004 0.61287125945091259 43.500000000000007 8.0150003433227557 0.98049062490463268 963.25000000000011 10.305000305175783 0.54162281751632702 954.64999389648449 4.4749999046325692 954.14999389648449 -0.94573098421096791 959.25000000000011 2.554999947547913 8.8350000381469744 0.82072415947914135 0.96468064188957225 0.021515898406505588 951.35000610351574 0.66259482502937328
decision_type=2 2 2 2 2 2 2 2 2 2 2 2 2 2 2 2 8 2 2 10 2 2 2 2 10 2 2 2 2 2
left_child=1 3 5 21 10 16 9 18 17 -4 28 12 -5 14 -10 -16 26 -8 -7 -13 -12 -1 -22 -24 -9 -11 -2 -28 29 -3
right_child=2 4 6 11 -6 7 8 24 13 25 20 19 -14 -15 15 -17 -18 -19 -20 -21 22 -23 23 -25 -26 -27 27 -29 -30 -31
leaf_value=-0.0016798168428298927 0.0030307904700446284 -0.0026612519234662708 0.0095422975614743843 -0.0025373616628475678 4.3945566769029726e-05 0.00057496816080555011 0.00060737047694378599 0.0079527569815539042 0.0092578152033445434 -0.0069235336063524612 -0.00038135245582988681 -0.0026037954635325768 -0.0014863774606956029 0.0090362790648805709 -0.0084549496779795126 0.010299737071131888 0.0056127584146799109 0.0096598024991061855 0.0088897810528665352 -0.0027002552229195044 -0.0028896926228939319 -0.0025605310443194088 -0.0029618021087339736 0.00055800410058434865 0.0094920223418993258 0.010787882818140136 0.0010111289440300042 -0.00475823920369487 -0.0030266279328863867 -0.00086350197044734393
leaf_weight=588 5765 1278 880 3981 12993 850 310 373 1587 273 3634 1863 2534 2907 158 111 3770 489 789 1177 1379 5568 375 917 1338 130 451 396 400 860
leaf_count=588 5765 1278 880 3981 12993 850 310 373 1587 273 3634 1863 2534 2907 158 111 3770 489 789 1177 1379 5568 375 917 1338 130 451 396 400 860
internal_value=-0.000822309 -0.0109302 0.0176198 -0.0212618 -0.00349343 0.0106792 0.0315255 0.0202981 0.0351715 0.0156444 -0.0088099 -0.0168567 -0.013888 0.0377202 0.0301451 0.00565693 0.00756715 0.0198383 0.011101 -0.0231856 -0.00590333 -0.0280799 -0.0116779 -0.00400925 0.0290501 -0.00232843 0.00457911 -0.00639671 -0.0160047 -0.0130191
internal_weight=58124 37547 20577 15711 21836 13732 6845 3350 5562 1283 8843 9555 6515 4763 1856 269 10382 799 1639 3040 6305 6156 2671 1292 1711 403 6612 847 2538 2138
internal_count=58124 37547 20577 15711 21836 13732 6845 3350 5562 1283 8843 9555 6515 4763 1856 269 10382 799 1639 3040 6305 6156 2671 1292 1711 403 6612 847 2538 2138
is_linear=0
shrinkage=0.05


Tree=29
num_leaves=31
num_cat=0
split_feature=3 3 3 3 10 3 5 5 9 7 6 9 12 13 7 8 7 7 6 12 8 12 5 10 8 13 6 13 12 12
split_gain=4189.36 1057.01 859.109 211.93 192.5 126.926 124.226 114.901 78.9482 77.8714 71.6581 71.4739 70.4557 69.7745 69.6138 61.0096 56.4531 65.902 61.2072 49.2553 47.6707 46.3668 57.065 67.0614 68.6588 49.7739 92.6286 49.5432 51.4915 46.0988
threshold=7.7791011333465585 3.6713441610336308 11.38532590866089 5.472104787826539 0.9238443672657014 2.6383464336395268 5.5216667652130136 6.2016665935516366 10.305000305175783 -0.52458885312080372 947.95001220703136 9.6549997329711932 -0.095842104405164705 0.78656607866287243 -0.66248837113380421 0.54162281751632702 0.98049062490463268 0.99276849627494823 959.64999389648449 0.30069434642791754 0.12447811290621759 -0.50751903653144825 4.4449999332427987 -0.82409480214118946 0.94504281878471386 0.12940952181816109 954.25000000000011 -0.37940952181816096 0.04361772537231446 -0.63605400919914235
decision_type=2 2 2 2 2 2 2 2 8 2 2 10 2 2 2 2 2 2 2 2 2 2 2 2 2 2 2 2 2 2
left_child=1 5 4 13 8 14 10 20 12 15 -6 -8 -2 -3 -1 -9 -11 18 -18 -10 -4 -5 27 -24 25 -25 -27 -23 -29 -7
right_child=2 3 7 21 6 29 11 9 19 16 -12 -13 -14 -15 -16 -17 17 -19 -20 -21 -22 22 23 24 -26 26 -28 28 -30 -31
leaf_value=-0.0022074937514406389 0.0050879463808160058 -0.001603620900496133 0.0085830935074903032 0.0014047515017976547 -0.0027321584600047497 -0.0016306641382697593 0.0083337923339375768 -0.0012041220282997369 0.0075106544606907081 0.0087318640458063698 0.0066262517184713628 0.0088214041005539486 -5.673702517430546e-05 -0.002549382495039366 -0.0024325044921034381 0.0091768123741508782 -0.015142236003442068 0.0089866101522691425 0.0091729487250168888 0.0031516659104092546 0.000460242924982604 0.00029948177306399415 -0.0009932688432458855 0.0090395680405116596 -0.0048846147697145419 0.0066541428638554057 -0.0070103567601319822 -0.00074561330351154424 -0.003265923265645856 -0.0023902723433632169
leaf_weight=1709 3283 8666 509 3365 319 1625 712 220 2603 3894 1339 1367 3749 2392 4732 408 82 196 81 1886 322 2126 2096 888 224 376 167 1771 2210 4789
leaf_count=1709 3283 8666 509 3365 319 1625 712 220 2603 3894 1339 1367 3749 2392 4732 408 82 196 81 1886 322 2126 2096 888 224 376 167 1771 2210 4789
internal_value=-0.000743405 -0.0108317 0.0171204 -0.004692 0.0109218 -0.0224222 0.0207777 0.033654 0.00771733 0.0365841 0.0105232 0.0289107 0.00440529 -0.00979843 -0.0273891 0.0199052 0.0390207 0.0196429 -0.00386905 0.012895 0.0163278 -0.000419565 -0.00214945 0.00270234 0.0102108 0.0142409 0.00228102 -0.00512925 -0.00841696 -0.017417
internal_weight=58106 37136 20970 24281 15258 12855 3737 5712 11521 4881 1658 2079 7032 11058 6441 628 4253 359 163 4489 831 13223 9858 3751 1655 1431 543 6107 3981 6414
internal_count=58106 37136 20970 24281 15258 12855 3737 5712 11521 4881 1658 2079 7032 11058 6441 628 4253 359 163 4489 831 13223 9858 3751 1655 1431 543 6107 3981 6414
is_linear=0
shrinkage=0.05


Tree=30
num_leaves=31
num_cat=0
split_feature=3 5 3 3 10 3 5 11 13 7 7 15 6 8 7 8 7 15 8 7 13 6 14 7 8 6 7 8 7 7
split_gain=3907.37 1076.78 828.361 198.229 183.512 145.003 140.509 134.361 100.2 74.9466 72.8253 69.1438 66.1605 55.4431 54.2984 104.657 53.5491 56.8064 53.0164 52.1454 123.503 59.4799 50.4988 47.6283 55.5283 53.926 60.6947 47.5511 44.7724 91.1239
threshold=7.8617177009582528 2.4183334112167363 11.38532590866089 2.6383464336395268 0.9238443672657014 5.5111703872680673 6.2016665935516366 9.3499999046325701 0.37940952181816107 -0.52458885312080372 0.61287125945091259 23.500000000000004 958.25000000000011 0.54162281751632702 0.98049062490463268 -0.10296135023236273 -0.59573787450790394 47.500000000000007 1.0000000180025095e-35 0.68472337722778331 -0.37940952181816096 949.25000000000011 3.620000004768372 0.72731766104698192 -0.13282711803913114 960.54998779296886 0.94147586822509777 0.12447811290621759 0.99630826711654674 0.88234141469001781
decision_type=2 2 2 2 2 2 2 2 2 2 2 2 2 2 2 2 2 2 2 2 2 2 10 2 2 2 2 2 2 2
left_child=1 3 4 16 19 11 27 12 10 13 22 -3 -6 -8 -11 -16 17 -1 -12 21 -21 -2 -5 -22 25 -25 -27 -4 29 -7
right_child=2 5 6 8 7 28 9 -9 -10 14 18 -13 -14 -15 15 -17 -18 -19 -20 20 23 -23 -24 24 -26 26 -28 -29 -30 -31
leaf_value=-0.0023262870217709212 0.0021576134320348524 -0.0021481779421635484 0.0080669747680863334 -0.0017042922208610355 0.0021030612350140614 0.00044401299740198731 -0.00017366012227573171 0.0083722829199245948 -0.002403209386727318 0.0082943051891816756 -0.0017407325329682312 -0.0011104550033680745 0.0092377726683033345 0.0087179717554433326 -0.015336148135540678 0.0085694645829246553 -0.0023108792674982662 0.0010099236531046832 -0.0024374253736143894 0.0064258940847005926 -0.0074174697308173115 0.0054172798311839764 6.1747958601559612e-05 -0.00097176930163034997 -0.0032730255464374029 0.00079703947152452161 0.013843417107805463 -0.00070296101631223693 0.006011024144477183 -0.0030742594001448979
leaf_weight=1480 2538 2531 480 2015 1422 10944 221 1612 4444 3854 872 6345 593 417 80 280 4436 248 832 1385 214 4760 1390 566 1351 220 206 324 379 1571
leaf_count=1480 2538 2531 480 2015 1422 10944 221 1612 4444 3854 872 6345 593 417 80 280 4436 248 832 1385 214 4760 1390 566 1351 220 206 324 379 1571
internal_value=-0.000746359 -0.0103475 0.0167893 -0.0203187 0.010587 -0.00314581 0.0330684 0.0203607 -0.0157931 0.0362775 -0.0109992 -0.00806216 0.0117079 0.0200622 0.0387059 0.019726 -0.027314 -0.0197346 -0.0194266 0.00742552 0.00278693 0.00992743 -0.00675953 -0.00372756 -0.00163969 0.00732197 0.0206497 0.013597 0.000240329 -0.000275559
internal_weight=58010 37487 20523 15717 14867 21770 5656 3627 9553 4852 5109 8876 2015 638 4214 360 6164 1728 1704 11240 3942 7298 3405 2557 2343 992 426 804 12894 12515
internal_count=58010 37487 20523 15717 14867 21770 5656 3627 9553 4852 5109 8876 2015 638 4214 360 6164 1728 1704 11240 3942 7298 3405 2557 2343 992 426 804 12894 12515
is_linear=0
shrinkage=0.05


Tree=31
num_leaves=31
num_cat=0
split_feature=5 5 9 11 9 9 10 6 12 12 8 6 7 6 7 11 13 13 7 8 7 13 15 8 2 8 8 8 11 8
split_gain=3604.09 1023.54 905.331 416.459 173.98 168.13 130.613 129.229 123.83 102.011 81.0034 76.3788 76.0676 154.289 81.7829 75.3598 71.2204 69.1875 61.2259 63.0894 60.4305 58.6731 85.4367 56.7456 54.7344 51.6762 79.4583 47.1881 44.7288 44.406
threshold=4.4449999332427987 2.4183334112167363 10.204999923706056 8.6500000953674334 4.9749999046325692 3.6149998903274541 0.90992662310600292 950.85000610351574 -0.28400452435016627 0.19936034083366397 0.94917574524879467 959.25000000000011 0.98049062490463268 963.25000000000011 0.99276849627494823 2.8500000238418584 -1.0000000180025095e-35 -0.6035533845424651 0.96906387805938732 0.038721922785043723 -0.95117661356925953 -0.6035533845424651 29.500000000000004 0.99717122316360485 7.5000000000000009 -0.97653719782829274 -0.99351876974105824 0.65765425562858593 3.3500000238418584 -0.14153897762298581
decision_type=2 2 10 2 8 10 2 2 2 2 2 2 2 2 2 2 2 2 2 2 2 2 2 2 2 2 2 2 2 2
left_child=1 5 6 17 -3 8 24 -5 15 11 16 18 -9 14 -14 -1 -8 -4 -6 -20 -10 22 -11 -12 -2 26 -26 -13 -7 -19
right_child=2 4 3 7 9 28 10 12 20 21 23 27 13 -15 -16 -17 -18 29 19 -21 -22 -23 -24 -25 25 -27 -28 -29 -30 -31
leaf_value=-0.0022325440676232871 0.0074384310328535659 -0.0018418327784351604 0.0099262285703614964 0.0076849601709898414 0.0005119506831599938 -0.002222528561395098 0.009787677265756722 0.0078805555840569651 -0.0012160650689511179 -0.002532431352226203 -0.0065234693681871601 0.0015757939932596527 -0.014648496481555563 0.0085815285227538018 0.0045023701545973188 -0.001730303159923738 0.005396438854984701 0.0070485540758352568 0.00020550141931447165 -0.0060887502362871066 -0.0021953353041233529 -0.0021537087557261477 0.0025124159361158312 0.011055859453659719 -0.0017613560744607834 -4.2263196688432927e-05 0.011724006481855558 0.008164365221689918 -0.0015494967388388278 0.0016188931857044231
leaf_weight=1916 602 5373 702 1959 7509 3592 1088 4647 391 435 295 1438 130 206 91 2178 1418 1209 166 149 5578 4227 1134 82 256 6911 292 464 1975 1644
leaf_count=1916 602 5373 702 1959 7509 3592 1088 4647 391 435 295 1438 130 206 91 2178 1418 1209 166 149 5578 4227 1134 82 256 6911 292 464 1975 1644
internal_value=-0.000663945 -0.0102286 0.0155593 0.0259794 -0.00298804 -0.0199041 0.00547082 0.0330278 -0.0237634 -0.000302699 0.0145949 0.00282602 0.0372514 0.0167824 -0.0121681 -0.0170285 0.0178415 0.0120084 0.000638651 -0.0207813 -0.0283646 -0.00555077 0.00270013 -0.00693717 0.0022006 0.00102492 0.0157324 0.0117986 -0.0129128 0.00851994
internal_weight=58057 36525 21532 10588 20895 15630 10944 7033 10063 15522 2883 9726 5074 427 221 4094 2506 3555 7824 315 5969 5796 1569 377 8061 7459 548 1902 5567 2853
internal_count=58057 36525 21532 10588 20895 15630 10944 7033 10063 15522 2883 9726 5074 427 221 4094 2506 3555 7824 315 5969 5796 1569 377 8061 7459 548 1902 5567 2853
is_linear=0
shrinkage=0.05


Tree=32
num_leaves=31
num_cat=0
split_feature=3 5 3 9 10 3 5 11 12 7 14 6 8 8 8 9 8 13 6 12 9 8 7 7 8 13 7 6 6 8
split_gain=3695.43 1156.03 662.838 208.626 195.808 169.878 133.793 119.001 107.421 88.9552 88.3937 74.3851 60.4151 58.3646 57.5606 56.824 53.0025 52.7958 50.4253 49.598 63.9884 48.1245 47.6819 47.1152 109.646 46.4389 45.872 42.6518 41.5829 48.8349
threshold=8.5086560249328631 2.2983332872390752 11.38532590866089 4.9749999046325692 0.9238443672657014 2.6383464336395268 6.0683333873748788 10.650000095367433 -0.52247866988182057 -0.52458885312080372 4.4449999332427987 954.64999389648449 0.97368243336677562 0.54162281751632702 0.12447811290621759 4.305000066757203 0.99805629253387462 0.37940952181816107 952.04998779296886 0.36648726463317877 9.6050000190734881 -0.78753387928009022 0.78354993462562572 0.98049062490463268 -0.10296135023236273 -0.6035533845424651 0.68472337722778331 949.75000000000011 952.75000000000011 -0.69870123267173756
decision_type=2 2 2 8 2 2 2 2 2 2 10 2 2 2 2 10 2 2 2 2 8 2 2 2 2 2 2 2 2 2
left_child=1 5 4 28 19 18 14 11 22 13 12 -6 -5 -8 -4 -10 -14 -12 -1 20 -2 -19 -7 -11 -25 -21 -27 -22 -3 -30
right_child=2 3 6 10 7 8 9 -9 15 23 17 -13 16 -15 -16 -17 -18 21 -20 25 27 -23 -24 24 -26 26 -28 -29 29 -31
leaf_value=-0.0020465533716261188 0.0021496931527743971 -0.0012339805828701562 0.0071466576759712857 -0.00081763350690436734 0.0015325303174867052 -0.00083308978603868766 -0.00031952816018314124 0.0075994236602462129 -0.0021241648386452531 0.0074865278048541154 0.0012600996406846379 0.0081611772272288056 -0.0045514874521179671 0.0078880453884683181 -0.0016518557045974687 -0.0019542135197225838 0.0018266488983109592 -0.0035161822577511785 -0.0020855685389171855 0.0063012513924725179 0.0019093372514073588 0.00023053974077996144 -0.0025270353298498301 -0.013170249128744023 0.0078471051847969712 0.0034413895788696029 -0.0026950894225330011 0.0070646230911573654 -0.00081937819230284428 -0.0024114891319064521
leaf_weight=2689 2488 4234 437 6044 866 2486 236 996 3388 3963 9005 963 465 407 268 1762 114 936 3312 475 856 3447 568 84 316 575 1093 3110 707 1848
leaf_count=2689 2488 4234 437 6044 866 2486 236 996 3388 3963 9005 963 465 407 268 1762 114 936 3312 475 856 3447 568 84 316 575 1093 3110 707 1848
internal_value=-0.000572726 -0.00872104 0.0189258 -0.00260772 0.0119629 -0.0202498 0.0328289 0.0233746 -0.0155561 0.0357015 -3.747e-05 0.0157306 -0.00476011 0.0181327 0.0123239 -0.0199612 -0.0201199 0.00229971 -0.0266484 0.00820158 0.0103886 -0.00219918 -0.00810722 0.0382669 0.0214815 0.00160615 -0.00233114 0.0143289 -0.0101781 -0.0152148
internal_weight=58138 41005 17133 26800 11422 14205 5711 2825 8204 5006 20011 1829 6623 643 705 5150 579 13388 6001 8597 6454 4383 3054 4363 400 2143 1668 3966 6789 2555
internal_count=58138 41005 17133 26800 11422 14205 5711 2825 8204 5006 20011 1829 6623 643 705 5150 579 13388 6001 8597 6454 4383 3054 4363 400 2143 1668 3966 6789 2555
is_linear=0
shrinkage=0.05


Tree=33
num_leaves=31
num_cat=0
split_feature=3 5 3 5 12 9 5 9 8 7 9 11 12 8 4 7 9 8 5 11 11 7 8 15 7 15 8 13 7 7
split_gain=3549.64 943.223 828.396 180.851 165.286 147.346 103.449 93.8319 91.0913 87.9085 76.8497 79.0727 68.2007 68.0647 65.5293 63.1048 61.6431 57.1551 55.9444 54.0988 46.2182 46.4408 59.0592 59.4631 42.7509 52.0644 40.8231 40.4176 89.1884 49.7833
threshold=7.8185226917266855 2.2150000333786015 10.927848815917971 6.0683333873748788 -0.19936034083366391 4.4749999046325692 1.4583333730697634 3.6149998903274541 0.99805629253387462 -0.52458885312080372 10.25500011444092 6.5499999523162851 -0.46173103153705591 0.54162281751632702 7.3450000286102304 -0.95117661356925953 10.25500011444092 0.22611359506845477 4.4449999332427987 5.5499999523162851 10.84999990463257 -0.94000589847564686 -0.59817537665367115 25.500000000000004 0.89029943943023693 46.500000000000007 -0.20061247795820233 -0.6035533845424651 0.26952958106994634 -0.5677773356437682
decision_type=2 2 2 2 2 8 2 10 2 2 8 2 2 2 2 2 10 2 2 2 2 2 2 2 2 2 2 2 2 2
left_child=1 4 8 17 6 20 -1 15 10 13 19 16 -7 -5 26 -6 -12 -4 27 -2 21 -3 23 -23 25 -8 -11 28 -14 -29
right_child=2 5 3 9 7 12 24 -9 -10 14 11 -13 18 -15 -16 -17 -18 -19 -20 -21 -22 22 -24 -25 -26 -27 -28 29 -30 -31
leaf_value=-0.0020120614362372584 -0.00094719381913269953 -0.0003685707479862525 0.0070208836788108022 0.0005663568796378083 -0.0011285216662996389 0.00077908025762698509 -0.0016857181783447536 -0.001947094936836721 0.010289530010325683 0.0078366287429104536 0.015476575663505732 0.0066300297974126289 -0.0018479818397338491 0.0074936431190449019 0.0070627674944828359 -0.001981290111971326 0.0013394585696762538 -0.0011744341702955297 0.00045180217566496571 0.0033687324900254141 0.0034745438578215708 -0.002151887757536134 -0.002218754096581945 0.00014988800237065032 -0.0021884361834724857 7.2399814551660926e-05 0.0040307652309425129 -0.00012429726410375999 0.0018031127353282301 -0.0022081321190094423
leaf_weight=2098 1615 1000 863 339 326 5255 2484 1744 283 498 169 2911 1292 498 4109 4803 2217 397 3818 6511 243 655 2743 1073 584 1229 409 1647 1542 4822
leaf_count=2098 1615 1000 863 339 326 5255 2484 1744 283 498 169 2911 1292 498 4109 4803 2217 397 3818 6511 243 655 2743 1073 584 1229 409 1647 1542 4822
internal_value=-0.000562889 -0.00978241 0.0159792 0.0298188 -0.0204852 -0.00388462 -0.0146797 -0.0258723 0.00878856 0.0335183 0.00818811 0.0128725 -0.00170285 0.0183492 0.0360287 -0.0292852 0.00610623 0.0125692 -0.0036302 0.00512852 -0.0108935 -0.0118426 -0.0140192 -0.0067513 -0.0102162 -0.00821678 0.0236294 -0.00572089 -0.000739697 -0.00790083
internal_weight=58177 37358 20819 7113 13268 24090 6395 6873 13706 5853 13423 5297 18376 837 5016 5129 2386 1260 13121 8126 5714 5471 4471 1728 4297 3713 907 9303 2834 6469
internal_count=58177 37358 20819 7113 13268 24090 6395 6873 13706 5853 13423 5297 18376 837 5016 5129 2386 1260 13121 8126 5714 5471 4471 1728 4297 3713 907 9303 2834 6469
is_linear=0
shrinkage=0.05


Tree=34
num_leaves=31
num_cat=0
split_feature=3 5 3 10 3 12 11 5 7 5 4 7 13 7 10 8 8 10 12 15 10 15 8 7 8 15 7 12 7 15
split_gain=3370.47 1033.35 619.991 177.269 173.434 162.175 123.012 122.387 106.128 103.654 60.5035 55.2754 53.8931 62.8542 113.879 53.0729 55.8222 94.2304 72.2071 60.0572 56.2378 49.2635 47.0842 46.9256 100.539 44.5776 43.8729 43.7177 43.2601 48.3011
threshold=8.5086560249328631 2.2983332872390752 11.38532590866089 0.9238443672657014 5.5111703872680673 -0.19936034083366391 10.650000095367433 6.2016665935516366 -0.52458885312080372 1.4583333730697634 1.9650000333786013 0.44573585689067846 0.12940952181816109 -0.41079147160053248 0.87032255530357372 0.99805629253387462 0.96413835883140575 0.90992662310600292 -0.26722820103168482 63.500000000000007 0.82409480214118969 37.500000000000007 0.54162281751632702 0.98049062490463268 -0.10296135023236273 40.500000000000007 -0.95117661356925953 0.36648726463317877 0.88234141469001781 46.500000000000007
decision_type=2 2 2 2 2 2 2 2 2 2 2 2 2 2 2 2 2 2 2 2 2 2 2 2 2 2 2 2 2 2
left_child=1 5 3 27 -3 9 11 -4 22 -1 26 -5 15 -14 25 16 17 -6 -19 -20 -18 -16 -9 -10 -25 -15 -7 -2 29 -11
right_child=2 4 7 6 12 10 -8 8 23 28 -12 -13 13 14 21 -17 20 18 19 -21 -22 -23 -24 24 -26 -27 -28 -29 -30 -31
leaf_value=-0.001914107067493864 0.0042962953308040902 -0.0013198629805366707 0.0057814737701396505 0.0029663479648633141 0.00015304247123094431 -0.0012505462248007684 0.0068880331116429111 -0.0015739577943929828 0.0067590630398872645 -0.0015801302319888169 -0.0018822256063727599 0.0074579350989692657 0.0014994806932331116 -0.003349189320601981 -0.0061784177129233344 0.0074255117776105967 0.0021634445878847691 -0.0030692762548218677 0.007413778978173545 -0.00082277118357161345 -0.0064901036218261744 -0.0027720190027360927 0.0071189609630926583 -0.012613580469127134 0.0070079358224926893 0.0019008113740669229 -0.0018950381091481017 0.00053391061484420188 -0.0020441336757186187 5.5060172722852349e-05
leaf_weight=2099 6457 10108 829 1097 6752 300 1006 229 3854 2667 2106 765 2625 333 567 211 203 273 1570 299 313 1919 398 82 289 1513 4958 2115 671 1358
leaf_count=2099 6457 10108 829 1097 6752 300 1006 229 3854 2667 2106 765 2625 333 567 211 203 273 1570 299 313 1919 398 82 289 1513 4958 2115 671 1358
internal_value=-0.00052095 -0.00832681 0.0180982 0.0113849 -0.00253269 -0.0192424 0.0221371 0.0315951 0.0346304 -0.0136544 -0.0243859 0.0144617 0.000615088 -0.00273628 -0.00643302 0.00303865 0.00247477 0.00340488 0.0125291 0.0160352 -0.0134357 -0.0134083 0.015269 0.0374823 0.0200798 0.00297137 -0.0272658 0.00777661 -0.00950862 -0.00753102
internal_weight=57966 40845 17121 11440 26686 14159 2868 5681 4852 6795 7364 1862 16578 6957 4332 9621 9410 8894 2142 1869 516 2486 627 4225 371 1846 5258 8572 4696 4025
internal_count=57966 40845 17121 11440 26686 14159 2868 5681 4852 6795 7364 1862 16578 6957 4332 9621 9410 8894 2142 1869 516 2486 627 4225 371 1846 5258 8572 4696 4025
is_linear=0
shrinkage=0.05


Tree=35
num_leaves=31
num_cat=0
split_feature=3 5 3 3 10 5 11 9 12 7 7 12 7 9 8 12 12 9 12 7 13 9 7 15 15 15 14 11 10 15
split_gain=3191.85 829.581 804.067 188.386 169.94 142.975 140.985 104.865 98.2668 94.6547 66.4439 60.3754 59.6783 57.8891 53.7765 51.7415 51.6656 48.2753 46.8744 47.4812 46.8094 45.9945 47.7666 45.9168 44.183 44.07 42.7915 42.5624 92.1621 44.1909
threshold=7.8185226917266855 2.4183334112167363 11.38532590866089 2.6383464336395268 0.9238443672657014 6.2016665935516366 8.6500000953674334 4.9749999046325692 -0.26722820103168482 -0.52458885312080372 -0.6495143175125121 -0.50751903653144825 0.77275362610816967 9.6549997329711932 0.54162281751632702 0.36648726463317877 -0.28400452435016627 3.8549998998641972 0.43049471080303198 0.98372149467468273 0.60355338454246532 10.25500011444092 0.88637545704841625 47.500000000000007 37.500000000000007 43.500000000000007 11.175000190734865 9.0500001907348651 -0.8703225553035735 25.500000000000004
decision_type=2 2 2 2 2 2 2 8 2 2 2 2 2 10 2 2 2 10 2 2 2 8 2 2 2 2 10 2 2 2
left_child=1 3 4 10 15 20 24 -3 12 14 23 -9 25 -8 -7 21 -12 -10 -11 -20 -4 22 -2 -1 -6 -5 -21 29 -29 -13
right_child=2 7 5 8 6 9 13 11 17 18 16 27 -14 -15 -16 -17 -18 -19 19 26 -22 -23 -24 -25 -26 -27 -28 28 -30 -31
leaf_value=-0.0018094362312679115 0.0032542408381402129 -0.0014593061125354181 0.007414340766316513 -0.0014305199216841638 -0.00025686664949042814 -0.0016322883108375375 0.0072945470689713861 0.0011699725846109101 -0.0018241401856570192 0.0064211098878929011 -0.0017912919914192553 -0.0022852716052610468 -0.0020024999659527766 0.0064936288854310804 0.0067630129149380269 8.4470495793817496e-05 -0.0017874737009153548 -0.0018103443502099912 0.0069067501664769665 0.006297692049732951 9.007275782141334e-06 0.0054678391262426495 -0.0021479802438696322 0.0014021724602536799 0.007078444231600158 0.0003644833684096953 -0.0081936942099709031 -0.0018855656829434631 0.0063009668056931804 -0.00053129351392149917
leaf_weight=1365 4666 5968 422 2426 747 228 689 4146 2675 3813 1622 1865 880 1185 409 2791 2922 2129 260 82 410 3144 763 244 1034 1383 85 860 844 7901
leaf_count=1365 4666 5968 422 2426 747 228 689 4146 2675 3813 1622 1865 880 1185 409 2791 2922 2129 260 82 410 3144 763 244 1034 1383 85 860 844 7901
internal_value=-0.000370926 -0.00912582 0.0153523 -0.0178902 0.00927516 0.0313178 0.0186475 -0.00276993 -0.0134607 0.0345862 -0.0247077 -0.000614557 -0.00829783 0.0282065 0.016433 0.00625385 -0.0278083 -0.0184862 0.0372909 0.0211806 0.0120669 0.0081779 0.00538278 -0.0158922 0.00853863 -0.00557158 0.000290698 -0.00248366 0.00479813 -0.00375601
internal_weight=57958 37230 20728 15646 15019 5709 3655 21584 9493 4877 6153 15616 4689 1874 637 11364 4544 4804 4240 427 832 8573 5429 1609 1781 3809 167 11470 1704 9766
internal_count=57958 37230 20728 15646 15019 5709 3655 21584 9493 4877 6153 15616 4689 1874 637 11364 4544 4804 4240 427 832 8573 5429 1609 1781 3809 167 11470 1704 9766
is_linear=0
shrinkage=0.05


Tree=36
num_leaves=31
num_cat=0
split_feature=3 5 3 10 12 3 5 5 5 9 4 13 13 10 6 12 9 13 12 9 9 6 8 6 6 15 8 10 8 10
split_gain=3076.26 935.849 627.815 173.764 159.676 156.088 122.395 105.526 103.818 92.932 63.0454 58.8104 52.7748 62.4574 81.1728 50.6796 53.4779 46.8359 46.7777 49.2909 46.4474 46.1981 45.4889 45.0217 42.9808 72.9911 41.4912 38.3691 37.6622 67.0965
threshold=8.5086560249328631 2.2983332872390752 11.576088428497316 0.90992662310600292 -0.19936034083366391 5.8799710273742685 6.2016665935516366 5.3816666603088388 1.4583333730697634 4.0250000953674325 7.3450000286102304 -0.7865660786628722 0.12940952181816109 0.85260769724845897 943.35000610351574 0.36648726463317877 9.8949999809265154 -0.6035533845424651 0.44618082046508795 9.2950000762939471 3.3549998998641972 949.75000000000011 0.99960738420486461 954.54998779296886 951.14999389648449 43.500000000000007 -0.22162339836359021 0.90992662310600292 0.95943385362625133 0.9238443672657014
decision_type=2 2 2 2 2 2 2 2 2 10 2 2 2 2 2 2 8 2 2 10 8 2 2 2 2 2 2 2 2 2
left_child=1 4 3 15 8 20 26 23 -1 24 -8 -11 22 -14 -15 16 -2 -17 21 -20 -3 -9 28 -5 25 -6 -4 -12 29 -7
right_child=2 5 6 7 9 12 10 18 -10 11 27 -13 13 14 -16 17 -18 -19 19 -21 -22 -23 -24 -25 -26 -27 -28 -29 -30 -31
leaf_value=-0.0017275127630139741 0.0022392263789825935 -0.0016342341736706155 0.0070526136820124935 0.00035002192716661611 -0.001746226984734401 0.00049852492274765072 0.0064816882487140157 0.0031790519468337997 -0.0013715080324260495 0.00047528375792384728 0.0060081930196565162 -0.001834748026542145 0.0013263123904104807 0.0091724101276353717 -0.0025262948247718967 0.0053807717498286188 0.0049350101781705877 -0.0017731296528236352 -0.0016882281016090352 0.0062956507905389709 -0.0009728322837064163 0.0064617083754842462 0.00842946399902764 0.0067125021712964366 -0.0017109125186449291 -6.6649442852858434e-05 0.00014245087464136164 0.0062667209012192034 -0.0033128461199365836 0.0053159485162096315
leaf_weight=2082 2912 2837 314 740 1511 6438 670 261 4715 360 2771 1282 2701 182 3324 460 3274 1423 202 582 9196 1148 138 814 3881 380 360 1144 582 1427
leaf_count=2082 2912 2837 314 740 1511 6438 670 261 4715 360 2771 1282 2701 182 3324 460 3274 1423 202 582 9196 1148 138 814 3881 380 360 1144 582 1427
internal_value=-0.000556645 -0.00797739 0.0172746 0.0108705 -0.018349 -0.00248043 0.0316394 0.0197628 -0.0127977 -0.0234263 0.0345643 -0.0128719 0.000959654 -0.00255151 -0.00694959 0.00673148 0.00891617 -0.000450212 0.0268198 0.0168568 -0.00670792 0.0322843 0.00349825 0.00974984 -0.0264151 -0.0201213 0.0116348 0.0370026 0.00302295 0.00393266
internal_weight=58111 41036 17075 11816 14211 26825 5259 3747 6797 7414 4585 1642 14792 6207 3506 8069 6186 1883 2193 784 12033 1409 8585 1554 5772 1891 674 3915 8447 7865
internal_count=58111 41036 17075 11816 14211 26825 5259 3747 6797 7414 4585 1642 14792 6207 3506 8069 6186 1883 2193 784 12033 1409 8585 1554 5772 1891 674 3915 8447 7865
is_linear=0
shrinkage=0.05


Tree=37
num_leaves=31
num_cat=0
split_feature=4 5 4 5 6 6 14 12 12 11 12 11 10 7 8 15 13 7 7 6 7 8 15 13 15 8 11 4 11 8
split_gain=2833.45 1110.79 466.003 168.693 157.967 153.148 146.827 100.742 85.9466 70.4916 64.1823 63.1878 86.37 82.0076 62.1204 59.4155 62.8627 61.0187 58.9599 70.016 80.8351 71.2107 69.543 60.6837 56.7062 55.1031 54.9008 52.7306 52.1852 48.7036
threshold=6.2049999237060556 2.4850000143051152 8.055000305175783 1.7150000333786013 960.35000610351574 950.85000610351574 5.3550000190734872 -0.47714059054851526 0.44618082046508795 8.5500001907348651 -0.28400452435016627 9.3499999046325701 -0.95878320932388295 0.98049062490463268 -0.098678875714540468 24.500000000000004 -0.37940952181816096 -0.93400302529335011 0.88234141469001781 947.04998779296886 -0.019329105038195845 -0.99532556533813465 37.500000000000007 0.60355338454246532 19.500000000000004 -0.97653719782829274 7.5499999523162851 1.9049999713897707 3.9500000476837163 0.12447811290621759
decision_type=2 2 2 2 2 2 10 2 2 2 2 2 2 2 2 2 2 2 2 2 2 2 2 2 2 2 2 2 2 2
left_child=1 3 4 10 11 9 15 -5 26 -4 28 24 -13 -14 -15 17 -17 -3 19 20 23 -21 -20 -8 -2 -23 -6 -9 -1 -18
right_child=2 6 5 7 8 -7 18 27 -10 -11 -12 12 13 14 -16 16 29 -19 22 21 -22 25 -24 -25 -26 -27 -28 -29 -30 -31
leaf_value=-0.0016604998957675495 -0.0068453760359688705 0.00049490749522367245 -0.0060101274878293478 -0.00084566472397899328 0.0085043315499279456 0.0056584948222072225 -0.00019480373810240489 -0.0016840993053818477 0.0034392367447136085 0.005797986648097159 -0.0016125543899373409 0.0021791864339847813 0.0062398229916149186 -0.016017751094450007 0.0049057565453265624 0.00052281345433449061 -0.0002648277350956768 -0.0020795110267974814 -0.0065922466781590727 -0.0031810501657435156 0.016721982684885162 0.0073300683429690233 -0.00081325584947249954 -0.0046457540394729173 0.0027836002824260797 0.0020134290112251148 0.0063412374517563654 -0.0016131950150761077 0.00036987326793828067 -0.0020326469384642789
leaf_weight=2864 146 597 124 3280 483 2980 2378 2755 403 1067 3857 1557 2137 104 87 3291 2941 2138 93 479 164 723 2525 649 3677 8670 1095 3233 338 3164
leaf_count=2864 146 597 124 3280 483 2980 2378 2755 403 1067 3857 1557 2137 104 87 3291 2941 2138 93 479 164 723 2525 649 3677 8670 1095 3233 338 3164
internal_value=-0.000316357 -0.00650938 0.0194014 -0.0168595 0.0133743 0.0333693 -0.000431391 -0.0124124 0.0259567 0.018102 -0.0226854 0.0101258 0.0146144 0.020703 -0.0104592 -0.00456081 -0.00266993 -0.0110401 0.00276361 0.00413606 -0.00229975 0.00621646 -0.0040793 -0.00417216 0.0055512 0.00717706 0.0312066 -0.016269 -0.0173994 -0.00567103
internal_weight=57999 44139 13860 16327 9689 4171 27812 9268 1981 1191 7059 7708 3885 2328 191 12131 9396 2735 15681 13063 3191 9872 2618 3027 3823 9393 1578 5988 3202 6105
internal_count=57999 44139 13860 16327 9689 4171 27812 9268 1981 1191 7059 7708 3885 2328 191 12131 9396 2735 15681 13063 3191 9872 2618 3027 3823 9393 1578 5988 3202 6105
is_linear=0
shrinkage=0.05


Tree=38
num_leaves=31
num_cat=0
split_feature=3 5 3 10 9 12 5 5 9 7 5 12 5 10 7 13 8 13 7 6 13 7 11 9 8 3 6 7 8 9
split_gain=2800.85 901.833 602.484 186.81 147.735 147.569 126.448 112.482 100.848 100.675 83.9885 66.0936 73.8376 59.2626 71.9511 76.8051 58.4902 53.1367 52.8712 51.6633 51.2107 85.1361 49.3043 47.9403 47.7083 47.9142 46.8957 46.7543 45.4444 45.3683
threshold=8.5086560249328631 2.2150000333786015 11.576088428497316 0.9238443672657014 4.5750000476837167 -0.19936034083366391 6.0683333873748788 5.5216667652130136 4.0250000953674325 -0.52458885312080372 1.5116666555404665 -0.46173103153705591 3.9583333730697636 -0.9099266231060027 -0.33100557327270502 -1.0000000180025095e-35 0.96527305245399486 -0.7865660786628722 0.15198152512311938 952.04998779296886 -0.6035533845424651 1.0000000180025095e-35 8.2500000000000018 9.6549997329711932 0.93168920278549205 6.3850836753845224 949.54998779296886 -0.92772412300109852 0.12447811290621759 12.59500026702881
decision_type=2 2 2 2 8 2 2 2 10 2 2 2 2 2 2 2 2 2 2 2 2 2 2 10 2 2 2 2 2 8
left_child=1 5 3 -2 19 10 28 -5 27 -8 -1 24 20 29 22 16 -16 -10 -18 -3 21 -13 -15 -9 -6 -26 -25 -7 -4 -14
right_child=2 4 6 7 11 8 9 23 17 -11 -12 12 13 14 15 -17 18 -19 -20 -21 -22 -23 -24 26 25 -27 -28 -29 -30 -31
leaf_value=-0.0015552011862240798 0.0028844233782020449 -0.00086278643041729083 0.0054873239731867644 0.0032062448216735374 0.00067565882525892152 -0.00090177655003061997 0.0056712854230427717 0.0058788287030319521 0.00082646111494371743 0.005535987574956186 -0.0012624160607951275 -0.0022959907834867637 -0.00027437292724879423 0.00074925666592357693 0.0057956618386437652 -0.0034529338689058722 0.0025815067391417945 -0.0016053319770208561 -0.0075717316691469071 -0.0018084161427050331 -0.0017802923097562575 0.0011264075137016952 0.0077686984534258603 0.0040504328704402681 2.3728750088610961e-05 0.013405207879299273 0.0056183382326047198 -0.0015411619274435903 -0.0039516313846640816 -0.0042567542511799811
leaf_weight=2353 8959 3619 361 1097 5362 430 582 430 310 4108 4011 717 3260 557 1032 1011 164 1077 94 2487 6056 1775 903 275 218 308 1173 5029 200 189
leaf_count=2353 8959 3619 361 1097 5362 430 582 430 310 4108 4011 717 3260 557 1032 1011 164 1077 94 2487 6056 1775 903 275 218 308 1173 5029 200 189
internal_value=-0.000310393 -0.00741817 0.0166289 0.0104113 -0.00229852 -0.0181687 0.0307363 0.0212584 -0.0232667 0.0334185 -0.0126707 -0.00036026 -0.0020491 0.00167706 0.00601434 0.000498699 0.00857143 -0.011171 -0.0125475 -0.0091638 -0.00519116 0.000841009 0.0146758 0.0286776 0.00415747 0.0184557 0.0330351 -0.0263269 0.00821555 -0.00305443
internal_weight=58147 40962 17185 11934 27752 13210 5251 2975 6846 4690 6364 21646 15758 7210 3761 2301 1290 1387 258 6106 8548 2492 1460 1878 5888 526 1448 5459 561 3449
internal_count=58147 40962 17185 11934 27752 13210 5251 2975 6846 4690 6364 21646 15758 7210 3761 2301 1290 1387 258 6106 8548 2492 1460 1878 5888 526 1448 5459 561 3449
is_linear=0
shrinkage=0.05


Tree=39
num_leaves=31
num_cat=0
split_feature=4 5 4 6 9 6 6 9 7 15 8 14 15 11 11 10 9 15 13 8 6 7 15 11 8 8 6 13 6 6
split_gain=2662.17 1017.75 459.202 163.292 158.53 157.453 137.383 136.827 89.4976 85.9182 83.7207 74.5664 66.9614 63.9614 61.0509 84.6702 71.8216 63.3902 58.7185 55.7458 51.6744 50.1092 46.8241 58.989 64.2121 80.3156 45.0166 50.3272 55.1589 53.4596
threshold=6.2049999237060556 2.4616667032241826 8.0150003433227557 950.85000610351574 3.6149998903274541 960.35000610351574 954.95001220703136 6.9149999618530282 0.88637545704841625 44.500000000000007 0.021515898406505588 7.9849998950958261 59.500000000000007 8.6500000953674334 9.3499999046325701 0.83385404944419872 9.8450002670288104 20.500000000000004 -0.7865660786628722 -0.098678875714540468 944.14999389648449 0.98372149467468273 37.500000000000007 8.8499999046325701 -0.94917574524879444 -0.76588451862335194 962.45001220703136 -0.6035533845424651 957.25000000000011 957.04998779296886
decision_type=2 2 2 2 10 2 2 8 2 2 2 10 2 2 2 2 10 2 2 2 2 2 2 2 2 2 2 2 2 2
left_child=1 4 5 13 6 14 9 -3 11 -1 19 22 -12 -4 17 16 20 -2 -8 -10 -16 -17 23 24 -9 -26 27 28 -14 -29
right_child=2 7 3 -5 -6 -7 18 8 10 -11 12 -13 26 -15 15 21 -18 -19 -20 -21 -22 -23 -24 -25 25 -27 -28 29 -30 -31
leaf_value=-0.0014710318142606049 -0.0063298983102933089 -0.00091791399512232983 -0.0054247443224028236 0.0050925216884874286 -0.0014659707881122211 0.0058562042596089665 -0.001435914984495873 -0.0058632848970725506 -0.00086307365995524779 -0.0010141078069471256 -0.0082563546718754429 0.005201407801486882 -0.0053048255990143459 0.0051835121112341898 0.004521453699735156 0.0059690693064235693 0.0044952859607021835 0.002655649654305231 -0.0014641038310714107 0.0044215763338121107 -0.0028397823070175788 -0.0031339785590803167 0.0015576868376007962 0.0040598169927904522 0.0029969468894970315 -0.0016647705121959032 0.001212618551001423 -0.0014173129400637851 0.010185776873777218 -0.0052482050709968774
leaf_weight=4192 187 12771 142 3086 5916 1913 725 429 1138 1692 335 3249 117 1109 186 1337 1375 3568 3608 407 794 134 5412 749 492 2021 275 265 126 288
leaf_count=4192 187 12771 142 3086 5916 1913 725 429 1138 1692 335 3249 117 1109 186 1337 1375 3568 3608 407 794 134 5412 749 492 2021 275 265 126 288
internal_value=-0.000360078 -0.00635009 0.0187807 0.0322547 -0.0163558 0.0126119 -0.0201282 -0.000598312 0.00259015 -0.0151299 -0.00522666 0.00445901 -0.0140326 0.0169188 0.00936594 0.0138084 0.00790254 0.00482713 -0.0268903 0.00280645 -0.00243655 0.0232046 0.00213549 -0.00220509 -0.00539532 -0.00232327 -0.00785316 -0.0138577 0.00504032 -0.0221326
internal_weight=58038 44207 13831 4337 16133 9494 10217 28074 15303 5884 2951 12352 1406 1251 7581 3826 2355 3755 4333 1545 980 1471 9103 3691 2942 2513 1071 796 243 553
internal_count=58038 44207 13831 4337 16133 9494 10217 28074 15303 5884 2951 12352 1406 1251 7581 3826 2355 3755 4333 1545 980 1471 9103 3691 2942 2513 1071 796 243 553
is_linear=0
shrinkage=0.05


Tree=40
num_leaves=31
num_cat=0
split_feature=3 5 4 3 6 3 11 9 6 7 7 13 11 6 7 8 8 8 13 15 7 8 15 8 9 15 15 8 7 6
split_gain=2654.41 971.725 479.574 170.65 152.181 123.098 84.4296 118.981 99.4423 84.3235 123.081 80.6037 75.1957 73.9428 64.9828 66.8324 66.0936 56.367 61.2084 56.3065 48.9942 66.6083 59.4543 53.7278 48.8639 46.8562 46.0551 45.3994 45.352 44.5708
threshold=9.2822403907775897 2.4850000143051152 8.0150003433227557 2.6383464336395268 950.85000610351574 5.9126744270324716 7.1499998569488534 9.6549997329711932 963.25000000000011 0.98049062490463268 0.99276849627494823 0.37940952181816107 8.7500000000000018 952.14999389648449 0.88234141469001781 0.021515898406505588 -0.098678875714540468 0.83042380213737499 -0.6035533845424651 23.500000000000004 0.61287125945091259 0.090250775218009963 38.500000000000007 0.67050644755363475 1.3350000381469729 59.500000000000007 44.500000000000007 -0.93779578804969776 -0.43414571881294245 965.45001220703136
decision_type=2 2 2 2 2 2 2 8 2 2 2 2 2 2 2 2 2 2 2 2 2 2 2 2 10 2 2 2 2 2
left_child=1 3 6 13 12 19 17 -8 9 -9 -11 20 -4 26 29 16 -16 18 -2 -3 22 -22 23 27 -13 -17 -1 -5 -29 -7
right_child=2 5 4 11 -6 14 7 8 -10 10 -12 24 -14 -15 15 25 -18 -19 -20 -21 21 -23 -24 -25 -26 -27 -28 28 -30 -31
leaf_value=-0.0014002064769299083 0.0090898191537334919 -0.001482794607622912 -0.0084745406005883317 -0.0015276059421291536 0.0048378956040630583 0.0010602403562648035 0.0019561913820841381 0.0050630923315688582 0.0055593042563680225 -0.011660467022936378 0.0070173356758241549 -0.0014982040433301526 0.0049243365056724775 -0.0013816633825147239 -0.0013913987003178392 -0.0066336312474161831 0.0052475468800076462 0.0077913359317327013 -0.00099355267180205038 -0.00055645453072235946 -0.00091802168527229983 -0.0015401994714281124 0.00046334484005641985 -0.0018963323638367222 -0.0014845364119928245 -0.0015675538711364867 -0.00078946473889534891 -0.00059149203779895298 0.0045137090645945305 0.0086247444147197812
leaf_weight=2272 417 2816 82 437 3048 14556 1587 3866 792 207 210 544 1041 3396 1104 270 430 518 1703 7380 977 762 1545 471 4167 1140 547 1068 158 401
leaf_count=2272 417 2816 82 437 3048 14556 1587 3866 792 207 210 544 1041 3396 1104 270 430 518 1703 7380 977 762 1545 471 4167 1140 547 1068 158 401
internal_value=-0.000341869 -0.00623566 0.0190969 -0.0159276 0.0331777 -0.000596043 0.0127673 0.0157642 0.019498 0.0164529 -0.00485782 -0.0119153 0.0173316 -0.0224518 0.0019016 -0.00488301 0.00233918 0.0051835 0.00155294 -0.0049799 -0.00774479 -0.0146502 -0.00446526 -0.00986442 -0.0166985 -0.0127208 -0.0164129 -0.00560552 -0.000649878 0.0032382
internal_weight=57912 44441 13471 16344 4171 28097 9300 6662 5075 4283 417 10129 1123 6215 17901 2944 1534 2638 2120 10196 5418 1739 3679 2134 4711 1410 2819 1663 1226 14957
internal_count=57912 44441 13471 16344 4171 28097 9300 6662 5075 4283 417 10129 1123 6215 17901 2944 1534 2638 2120 10196 5418 1739 3679 2134 4711 1410 2819 1663 1226 14957
is_linear=0
shrinkage=0.05


Tree=41
num_leaves=31
num_cat=0
split_feature=3 5 4 6 9 12 10 9 5 3 11 3 5 8 8 7 8 8 12 10 12 9 8 7 8 3 4 13 7 5
split_gain=2588.85 916.435 449.041 167.143 152.157 148.773 122.483 80.3578 76.1173 72.2516 69.127 69.0535 68.1307 58.0281 63.9499 57.69 53.9544 65.8158 75.4921 65.8678 71.4184 50.6352 59.614 49.1793 52.4448 48.4435 44.877 44.4873 52.604 45.4012
threshold=9.2822403907775897 2.2150000333786015 8.0150003433227557 950.85000610351574 4.4749999046325692 -0.28400452435016627 0.9170251488685609 4.0250000953674325 3.1450001001358037 10.56465530395508 8.7500000000000018 11.38532590866089 1.5116666555404665 -0.20061247795820233 -0.081558488309383378 -0.92772412300109852 0.99805629253387462 0.96527305245399486 -0.49240480363368982 0.94260558485984813 -0.14780378341674802 7.1150000095367441 -0.63470539450645436 -0.6495143175125121 -0.68630018830299366 13.01028347015381 3.8149999380111699 -1.0000000180025095e-35 0.049410874024033553 4.8916666507720956
decision_type=2 2 2 2 8 2 2 10 2 2 2 2 2 2 2 2 2 2 2 2 2 10 2 2 2 2 2 2 2 2
left_child=1 5 6 10 23 12 11 15 -6 -8 -4 -2 -1 -13 -15 -7 17 19 -19 20 21 22 -10 24 -3 -12 -23 28 29 -21
right_child=2 4 3 -5 8 7 9 -9 16 -11 25 13 -14 14 -16 -17 -18 18 -20 27 -22 26 -24 -25 -26 -27 -28 -29 -30 -31
leaf_value=-0.0013393880616186218 0.0029656550271367045 0.0058346075642207243 -0.0078964259565828532 0.0045960008238599024 -0.0008288339611515691 -0.00067374193249670762 0.0048367243176238809 -0.001277301185805494 0.0050357024391226666 0.0050915589087324967 0.0032152861408060564 0.0051223562855565652 -0.0010860609099324721 -0.012062325771297922 0.0044340362956232391 -0.0013241191622841101 0.0067803038240727923 0.010746472579418494 -0.0038662813018821049 -0.0018441528672120484 -0.0004606514271649716 0.011665050287465471 -0.0015539301435128995 -0.0015426146300882085 -0.00069434162189184164 0.0051577607745569801 0.0027366855114121708 0.0016155982552157806 0.0089457267397592584 0.0060038120408641557
leaf_weight=2211 5097 200 83 3048 7015 467 1277 1491 647 917 585 858 3778 115 1007 5331 398 152 987 261 8688 288 1666 3359 2267 461 3134 1455 675 188
leaf_count=2211 5097 200 83 3048 7015 467 1277 1491 647 917 585 858 3778 115 1007 5331 398 152 987 261 8688 288 1666 3359 2267 461 3134 1455 675 188
internal_value=-0.000206501 -0.00599825 0.0190218 0.0326279 -0.00133822 -0.0170067 0.0128773 -0.0218056 0.000324739 0.0231924 0.0160935 0.00966535 -0.0111528 0.0175819 0.0100266 -0.0244701 0.00200334 0.0016009 -0.0100087 0.00238137 0.0010639 0.00539199 -0.000323555 -0.00862631 -0.00325647 0.0196004 0.00925007 0.00973297 0.0171833 0.00385463
internal_weight=58106 44658 13448 4177 31380 13278 9271 7289 25554 2194 1129 7077 5989 1980 1122 5798 18539 18141 1139 17002 14423 5735 2313 5826 2467 1046 3422 2579 1124 449
internal_count=58106 44658 13448 4177 31380 13278 9271 7289 25554 2194 1129 7077 5989 1980 1122 5798 18539 18141 1139 17002 14423 5735 2313 5826 2467 1046 3422 2579 1124 449
is_linear=0
shrinkage=0.05


Tree=42
num_leaves=31
num_cat=0
split_feature=3 5 4 6 3 9 11 9 6 12 6 14 15 3 8 8 8 12 8 13 13 8 8 15 8 3 6 15 8 11
split_gain=2489.83 854.397 465.671 146.686 145.872 139.57 94.4764 111.147 91.2254 85.4895 84.5436 67.348 59.6709 58.8494 53.7938 58.8021 52.0675 52.058 51.1554 47.0406 42.9239 42.4716 45.9014 42.1794 41.6894 49.9674 41.1886 40.7312 46.9462 42.6137
threshold=9.2822403907775897 2.2983332872390752 8.055000305175783 951.14999389648449 2.6383464336395268 4.5750000476837167 6.7500000000000009 9.6050000190734881 963.75000000000011 -0.59480014443397511 952.04998779296886 4.4449999332427987 76.500000000000014 12.88586473464966 -0.70785933732986439 -0.68316051363944996 0.99805629253387462 0.36648726463317877 1.0000000180025095e-35 -0.6035533845424651 0.60355338454246532 0.97745609283447277 0.99805629253387462 42.500000000000007 -0.22162339836359021 11.149386882781984 951.95001220703136 42.500000000000007 0.073094449937343611 3.7500000000000004
decision_type=2 2 2 2 2 8 2 8 2 2 2 10 2 2 2 2 2 2 2 2 2 2 2 2 2 2 2 2 2 2
left_child=1 4 6 13 10 26 17 -8 24 20 23 14 27 -4 19 -16 -13 -2 -14 -7 -6 -17 -23 -1 25 -9 -3 -11 -29 -30
right_child=2 5 3 -5 9 11 7 8 -10 12 -12 16 18 -15 15 21 -18 -19 -20 -21 -22 22 -24 -25 -26 -27 -28 28 29 -31
leaf_value=-0.0012754884893701906 0.0041610793520028503 -0.00072808086450806353 0.0025745175578189175 0.0043662007826669067 -5.6296976263132616e-05 0.0045524746708005296 0.0016642626837513053 0.004258136431006007 0.0049256057725068003 -0.0013528274694451683 -0.001246374255274782 0.00052569867139169279 -0.00049608309101421659 0.0048702577901182879 -0.0053178807163762184 -0.00073895267095630622 0.0074526589562514947 -0.0032116881763339074 -0.0013802710658225199 -0.00024365497439327833 -0.0018492079690561566 -0.0041694405666115849 0.0018759875156909474 -0.00079246244832240239 0.004046387507167723 0.0047942290316562945 -0.0015327901197495328 -0.00026509278238951161 -0.0013587136831651938 0.00028948385838256028
leaf_weight=2113 1605 3365 626 2891 1879 488 1567 1098 794 2080 3348 17186 162 501 168 4857 370 637 659 1152 821 430 122 604 2792 949 2243 1291 969 308
leaf_count=2113 1605 3365 626 2891 1879 488 1567 1098 794 2080 3348 17186 162 501 168 4857 370 637 659 1152 821 430 122 604 2792 949 2243 1291 969 308
internal_value=-0.000233299 -0.00591999 0.0186112 0.032861 -0.0160264 -0.00118311 0.0125331 0.0153227 0.018597 -0.0116528 -0.0219028 0.000429817 -0.0152448 0.017447 -0.00363473 -0.00597456 0.00210125 0.0035603 -0.0276634 0.00431611 -0.00436229 -0.00505172 -0.0181329 -0.0153012 0.0159889 0.0214181 -0.00830216 -0.0130239 -0.00878352 -0.0155616
internal_weight=58075 44615 13460 4018 14234 30381 9442 7200 5633 8169 6065 24773 5469 1127 7217 5577 17556 2242 821 1640 2700 5409 552 2717 4839 2047 5608 4648 2568 1277
internal_count=58075 44615 13460 4018 14234 30381 9442 7200 5633 8169 6065 24773 5469 1127 7217 5577 17556 2242 821 1640 2700 5409 552 2717 4839 2047 5608 4648 2568 1277
is_linear=0
shrinkage=0.05


Tree=43
num_leaves=31
num_cat=0
split_feature=3 5 4 3 9 6 13 11 10 10 6 5 13 4 8 11 4 9 6 8 15 10 12 13 15 13 6 15 6 10
split_gain=2321.16 1034.59 275.044 172.454 146.383 128.911 94.3219 90.3401 118.172 79.1512 75.9734 73.7196 69.8685 72.3087 69.7757 57.8984 56.7976 57.0874 56.0051 82.4957 51.2603 49.5447 62.7795 49.4058 44.8328 42.5552 40.9854 38.8872 60.7256 86.133
threshold=10.292437553405763 2.4850000143051152 7.5750000476837167 2.6820437908172612 7.1150000095367441 951.14999389648449 0.37940952181816107 6.3500001430511483 0.89490029215812694 -0.46173103153705591 952.04998779296886 6.3849999904632577 -0.37940952181816096 7.4649999141693124 -0.93779578804969776 9.4499998092651385 3.8950001001358037 12.125000000000002 951.64999389648449 0.090250775218009963 42.500000000000007 0.9170251488685609 0.26722820103168493 -0.6035533845424651 31.500000000000004 -0.6035533845424651 962.75000000000011 23.500000000000004 951.35000610351574 0.82409480214118969
decision_type=2 2 2 2 8 2 2 2 2 2 2 2 2 2 2 2 2 8 2 2 2 2 2 2 2 2 2 2 2 2
left_child=1 3 21 10 27 15 18 9 16 -6 20 -7 -10 -14 -11 -4 -9 26 -5 -20 -1 22 -2 24 -16 -24 -18 28 29 -3
right_child=2 4 5 6 7 11 -8 8 12 14 -12 -13 13 -15 23 -17 17 -19 19 -21 -22 -23 25 -25 -26 -27 -28 -29 -30 -31
leaf_value=-0.0012214200850980163 0.0044115284693556972 -0.0015651801312211201 -0.0050034623815116142 -6.6276143515199562e-05 0.0023658393202398544 0.0044185715862944787 -0.0012888151672145126 0.0086585688528007208 0.006802176010147082 -0.0048271745607046893 -0.0011840555425110429 0.0041478907435335615 0.0019807423710363841 0.0049191761431743256 -0.0041086067293451605 0.0042416420002796525 0.00075002852510677731 -0.0033193811707422113 -0.0005894196624735195 -0.0013638633748515394 -0.00047848938878093336 0.0048502492516269372 0.0059369590263493258 -0.00088160818016422499 0.0032312351581237097 -0.0016561241716808895 0.0063924142525358055 -0.00043683116446050115 -0.0021072761777638275 0.0018215002665365881
leaf_weight=2252 2130 2174 169 2351 2090 423 4621 280 1173 563 3556 3365 1676 477 190 1166 5322 371 1606 1435 620 695 270 5166 1370 887 445 9655 564 1009
leaf_count=2252 2130 2174 169 2351 2090 423 4621 280 1173 563 3556 3365 1676 477 190 1166 5322 371 1606 1435 620 695 270 5166 1370 887 445 9655 564 1009
internal_value=-0.000326297 -0.00463744 0.0228485 -0.0148577 0.00053028 0.030509 -0.0107457 0.00333804 0.00670838 -0.000165175 -0.0212498 0.0352228 0.01435 0.00896664 -0.00262545 0.0170522 0.00274015 0.00172554 -0.00624421 -0.010719 -0.0151547 0.0129671 0.0103736 -0.00120339 0.00658147 0.000989673 0.00295392 -0.0034758 -0.00779584 -0.00509724
internal_weight=58071 48966 9105 16441 32525 5123 10013 19123 9744 9379 6428 3788 3326 2153 7289 1335 6418 6138 5392 3041 2872 3982 3287 6726 1560 1157 5767 13402 3747 3183
internal_count=58071 48966 9105 16441 32525 5123 10013 19123 9744 9379 6428 3788 3326 2153 7289 1335 6418 6138 5392 3041 2872 3982 3287 6726 1560 1157 5767 13402 3747 3183
is_linear=0
shrinkage=0.05


Tree=44
num_leaves=31
num_cat=0
split_feature=3 5 4 3 3 6 10 11 15 8 6 10 3 13 15 15 5 3 8 11 8 7 6 2 8 6 13 7 6 6
split_gain=2259.55 1001.59 262.171 203.144 135.638 110.75 91.638 109.727 82.6774 80.6696 73.4196 72.2923 56.4474 56.0647 55.6024 46.8694 46.1742 44.9177 44.4854 41.7646 40.4232 39.821 39.8163 44.1356 39.5403 94.6905 49.136 41.7411 66.1415 49.5335
threshold=10.499242782592775 2.2983332872390752 7.7850000858306894 7.1319866180419931 2.6383464336395268 951.14999389648449 0.94260558485984813 8.4499998092651385 76.500000000000014 0.99805629253387462 952.04998779296886 0.9170251488685609 12.88586473464966 0.37940952181816107 43.500000000000007 42.500000000000007 6.3849999904632577 3.6328154802322392 1.0000000180025095e-35 7.1499998569488534 0.98094093799591076 0.91947823762893688 956.64999389648449 13.500000000000002 0.88337317109107982 958.95001220703136 0.12940952181816109 -0.59573787450790394 947.25000000000011 960.35000610351574
decision_type=2 2 2 2 2 2 2 2 2 2 2 2 2 2 2 2 2 2 2 2 2 2 2 2 2 2 2 2 2 2
left_child=1 4 11 17 10 12 9 22 13 20 15 19 -4 -6 -15 -1 21 -3 -10 -2 24 -7 -8 -24 26 -26 -5 28 -28 -29
right_child=2 3 5 6 8 16 7 -9 18 -11 -12 -13 -14 14 -16 -17 -18 -19 -20 -21 -22 -23 23 -25 25 -27 27 29 -30 -31
leaf_value=-0.0011609576747249448 -0.00032916698060164729 -0.0010668130871697803 0.0024845050625950439 0.0017235954118217378 -0.00069508871765151879 0.0032189119714811755 -0.0012243716240909531 0.0049965240065943141 -0.0010863951488814488 0.0090409482525064151 -0.0011248527653854909 0.0045260069061803078 0.0044383599769919685 -0.0012905350100359113 -0.00089011039655894633 -0.00071255379084577655 0.0039404962063568803 -0.00052270368001993556 -0.0013049590964898117 0.0040743124020410863 -0.0025056084199349183 0.00570300611638834 -0.0028569903859512846 0.0084612950073218989 0.0019640924300532883 0.013259243563002569 -0.0028052152854891239 -0.0030415698507877779 0.0097954948785056901 0.0017961210045219389
leaf_weight=2079 628 2371 600 6575 3754 175 895 1338 272 231 3322 746 536 1576 1685 617 3018 16857 859 2658 466 100 96 312 1155 240 551 2732 493 1216
leaf_count=2079 628 2371 600 6575 3754 175 895 1338 272 231 3322 746 536 1576 1685 617 3018 16857 859 2658 466 100 96 312 1155 240 551 2732 493 1216
internal_value=-0.00028285 -0.00435036 0.0235944 0.000132271 -0.0155904 0.0319914 0.00423796 0.0127551 -0.0113728 0.00258709 -0.0212851 0.0143423 0.0184049 -0.00933761 -0.0141304 -0.0151055 0.0366434 -0.00334841 -0.0238996 0.0111212 0.00207697 0.0166071 0.00240826 0.0152542 0.0025989 0.0105357 0.00163757 -0.00210126 0.00676835 -0.00445231
internal_weight=58153 49692 8461 35528 14164 4429 16300 2641 8146 13659 6018 4032 1136 7015 3261 2696 3293 19228 1131 3286 13428 275 1303 408 12962 1395 11567 4992 1044 3948
internal_count=58153 49692 8461 35528 14164 4429 16300 2641 8146 13659 6018 4032 1136 7015 3261 2696 3293 19228 1131 3286 13428 275 1303 408 12962 1395 11567 4992 1044 3948
is_linear=0
shrinkage=0.05


Tree=45
num_leaves=31
num_cat=0
split_feature=3 5 3 10 3 5 9 15 6 13 15 10 12 6 13 5 6 8 8 15 7 7 8 6 6 7 8 8 8 15
split_gain=2193.09 791.261 424.49 214.733 164.303 119.154 93.8221 93.4512 72.1415 66.4112 55.9465 54.7989 54.4673 65.7196 58.443 52.9499 52.0249 52.0064 60.7179 80.0814 54.6305 64.952 53.4492 57.3604 47.5469 54.9864 48.7274 47.5037 43.1565 42.6748
threshold=9.2822403907775897 2.4850000143051152 12.345475196838381 0.9238443672657014 2.6383464336395268 5.5616667270660409 4.9749999046325692 76.500000000000014 952.14999389648449 0.37940952181816107 43.500000000000007 0.9170251488685609 0.36648726463317877 950.85000610351574 -0.6035533845424651 8.3083333969116229 955.04998779296886 0.99805629253387462 0.97368243336677562 43.500000000000007 0.88234141469001781 0.90906259417533886 0.021515898406505588 973.35000610351574 947.25000000000011 -0.98737290501594532 -0.99351876974105824 1.0000000180025095e-35 -1.0000000180025095e-35 42.500000000000007
decision_type=2 2 2 2 2 2 8 2 2 2 2 2 2 2 2 2 2 2 2 2 2 2 2 2 2 2 2 2 2 2
left_child=1 4 3 12 8 -5 -3 9 29 -6 -11 -4 13 -2 -14 -15 -7 18 20 -20 24 -22 28 -24 25 -8 -26 -9 -23 -1
right_child=2 6 11 5 7 16 17 27 -10 10 -12 -13 14 15 -16 -17 -18 -19 19 -21 21 22 23 -25 26 -27 -28 -29 -30 -31
leaf_value=-0.0011012552801438536 0.0011028735088458724 -0.00098193558461879085 0.0039101379037599863 0.0025348904838768784 -0.00064477539910474707 0.0034484715707230832 0.0026338407741557991 -0.0010795980750759628 -0.0010686101271162162 -0.0012769227035861986 -0.00088924851302511147 0.0041094085676560812 0.0050857038185088028 0.0039470001189527539 -0.0018821807740598468 0.0034201450325382632 0.0041956047306893063 0.0053419394802569136 -0.0038990263274521239 0.0015889111780348119 -0.0039548836095620252 0.00084904341327911585 -0.002727344926442621 0.011091074493546798 -0.0023922677113572656 -0.0012175113931421726 0.001443151751877185 -0.0012487429384063983 0.013473049519867421 -0.00069328716692494674
leaf_weight=2187 1770 5596 2798 661 4885 819 939 340 3418 1970 2031 844 411 3589 1342 260 1003 459 679 562 517 1296 1293 84 736 4208 11695 998 125 610
leaf_count=2187 1770 5596 2798 661 4885 819 939 340 3418 1970 2031 844 411 3589 1342 260 1003 459 679 562 517 1296 1293 84 736 4208 11695 998 125 610
internal_value=-0.00018149 -0.00552282 0.0174752 0.012074 -0.0142392 0.0247789 -0.000438036 -0.0103334 -0.0206511 -0.00846924 -0.0132426 0.0320537 0.00778094 0.0101796 8.53242e-05 0.0138428 0.0313629 0.000997876 0.000650436 -0.0100722 0.0012896 -0.00459337 -0.00156975 -0.00857453 0.00240005 -0.00164014 0.00407285 -0.0226359 0.0052244 -0.0146502
internal_weight=58125 44628 13497 9855 16439 2483 28189 10224 6215 8886 4001 3642 7372 5619 1753 3849 1822 22593 22134 1241 20893 3315 2798 1377 17578 5147 12431 1338 1421 2797
internal_count=58125 44628 13497 9855 16439 2483 28189 10224 6215 8886 4001 3642 7372 5619 1753 3849 1822 22593 22134 1241 20893 3315 2798 1377 17578 5147 12431 1338 1421 2797
is_linear=0
shrinkage=0.05


Tree=46
num_leaves=31
num_cat=0
split_feature=3 5 4 12 3 6 5 5 8 10 12 11 8 5 12 13 8 3 10 6 9 7 6 7 7 6 13 7 10 6
split_gain=2110.96 934.014 262.937 151.639 150.834 120.452 89.8534 81.1459 80.2582 75.3156 67.6882 66.3123 67.4292 61.203 57.9742 69.0399 62.2561 54.7348 49.7948 47.2939 47.3304 46.1183 48.8641 44.4276 51.1617 43.2089 42.1647 40.2035 41.7389 40.0721
threshold=10.36201333999634 2.4616667032241826 7.5750000476837167 -0.16504132002592084 7.1319866180419931 951.14999389648449 1.9016666412353518 1.4583333730697634 0.99805629253387462 0.94828754663467418 0.46173103153705602 8.4499998092651385 0.97745609283447277 7.4083333015441903 -0.36648726463317866 -0.91597560048103321 0.98094093799591076 12.88586473464966 0.9238443672657014 943.35000610351574 10.204999923706056 0.82438889145851146 943.95001220703136 0.91258591413497936 0.9905582368373872 964.35000610351574 -0.7865660786628722 0.066572044044733061 0.70088258385658275 960.14999389648449
decision_type=2 2 2 2 2 2 2 2 2 2 2 2 2 2 2 2 2 2 2 2 8 2 2 2 2 2 2 2 2 2
left_child=1 3 10 7 -3 17 26 -1 9 14 29 -11 -13 18 15 -6 19 -4 23 -16 -21 22 -9 -7 -25 -8 -5 28 -28 -2
right_child=2 4 5 6 8 13 25 21 -10 11 -12 12 -14 -15 16 -17 -18 -19 -20 20 -22 -23 -24 24 -26 -27 27 -29 -30 -31
leaf_value=-0.001036988728638261 0.0036013197707238987 -0.00053792372295486388 0.0023127310023535685 -0.00094648377630517956 -0.0030034550591466649 0.00097970954134958825 -0.001115211028609314 -0.0014290835298576643 0.0073514099367525208 0.0013308741876907476 -0.0026950005516915513 0.0049471556834588155 -0.010419666050511214 0.0035058070000269894 0.0058863405933003493 0.0056808355035093024 -0.0041766061156369551 0.0040126506953296502 0.0038090575374557013 -0.0008306057188994854 0.0020231259663084089 -0.0012429627735335153 -0.00020504351628823777 0.0045555046535100344 -0.00094125496957549464 -0.0012717261823177726 -0.0010518462896187842 -0.0010151796207604053 -0.00063605523007632047 0.0043465848683527045
leaf_weight=2152 2473 17221 747 721 571 383 3311 1064 325 1015 393 953 87 2591 616 2483 353 565 437 6386 2923 957 3689 221 87 289 1157 2358 450 944
leaf_count=2152 2473 17221 747 721 571 383 3311 1064 325 1015 393 953 87 2591 616 2483 353 565 437 6386 2923 957 3689 221 87 289 1157 2358 450 944
internal_value=-0.00038842 -0.00444017 0.0220947 -0.0142884 0.000390127 0.0295969 -0.0190086 -0.00930469 0.00393205 0.00340761 0.0121625 0.0123058 0.0211483 0.0341971 0.00203194 0.00807453 0.000233395 0.0164768 0.0242718 0.000971803 8.05239e-05 -0.00617673 -0.0041509 0.0157328 0.0297125 -0.0130374 -0.0235771 -0.0256045 -0.0193859 0.0144214
internal_weight=57922 49081 8841 16148 32933 5031 8286 7862 15712 15387 3810 2055 1040 3719 13332 3054 10278 1312 1128 9925 9309 5710 4753 691 308 3600 4686 3965 1607 3417
internal_count=57922 49081 8841 16148 32933 5031 8286 7862 15712 15387 3810 2055 1040 3719 13332 3054 10278 1312 1128 9925 9309 5710 4753 691 308 3600 4686 3965 1607 3417
is_linear=0
shrinkage=0.05


Tree=47
num_leaves=31
num_cat=0
split_feature=3 3 4 3 3 6 7 10 11 7 10 8 10 12 11 12 6 10 6 6 9 8 7 10 7 8 11 4 13 7
split_gain=2043.3 852.58 232.574 195.593 121.021 116.339 103.831 80.7974 92.417 68.5652 66.4985 64.985 61.7208 57.8805 57.5008 54.0641 49.188 48.6658 47.8039 47.6967 39.5259 44.6692 47.0315 39.0539 38.6913 38.5131 38.0575 37.5099 35.2816 35.2815
threshold=10.499242782592775 4.4945788383483896 7.7850000858306894 2.6383464336395268 7.7791011333465585 951.14999389648449 -0.6495143175125121 0.94260558485984813 8.4499998092651385 0.63303324580192577 0.9170251488685609 0.99805629253387462 -0.9366365075111388 0.44618082046508795 9.4499998092651385 -0.18222858756780622 953.54998779296886 0.93663650751113903 958.75000000000011 956.64999389648449 4.2349998950958261 -0.69561269879341114 -0.6495143175125121 0.608738273382187 -0.44956664741039271 1.0000000180025095e-35 2.8500000238418584 8.6750001907348651 -0.6035533845424651 -0.31473593413829798
decision_type=2 2 2 2 2 2 2 2 2 2 2 2 2 2 2 2 2 2 2 2 10 2 2 2 2 2 2 2 2 2
left_child=1 3 10 6 20 14 23 11 19 12 13 -6 29 -2 -4 26 -10 27 -15 -9 21 22 -3 -1 -16 -11 -8 -7 -27 -5
right_child=2 4 5 9 7 17 15 8 16 25 -12 -13 -14 18 24 -17 -18 -19 -20 -21 -22 -23 -24 -25 -26 28 -28 -29 -30 -31
leaf_value=-0.0010352786372003636 0.0036211105503119903 0.017054455302735548 -0.0055276504042629905 -0.0012033122187840584 0.0010015505911268874 0.003158662829018308 -0.00099603695992443102 -0.0018118304081115894 0.0034302293986205271 -0.00096375931035945538 0.0038953864091237026 0.0085920370012464616 -0.00040507745194280978 0.0020507654006432898 0.0031581389779202166 -0.000964420639722385 0.0048391782983442438 0.0034971831577465863 -0.010470537038016448 0.0066721890058777829 -0.00015848123738351207 -0.0016937614405492685 -0.00023069597338460507 0.00029748382387205892 0.0035966522035560723 -0.00085746351773390494 -0.00059114561386465871 0.003486855775896486 -0.0010457248333366187 -0.00076128370227788046
leaf_weight=1284 2832 89 119 2203 10321 1218 1184 634 650 1443 741 185 5155 306 474 2877 496 859 127 279 16362 2189 452 489 559 386 592 1188 987 1243
leaf_count=1284 2832 89 119 2203 10321 1218 1184 634 650 1443 741 185 5155 306 474 2877 496 859 127 279 16362 2189 452 489 559 386 592 1188 987 1243
internal_value=-0.000220101 -0.00409454 0.022538 -0.0128334 0.000832228 0.03045 -0.0198103 0.004642 0.013687 -0.00889949 0.0137871 0.00286367 -0.00667558 0.0106881 0.0166811 -0.0237334 0.0231103 0.0352752 -0.00627854 0.00179739 -0.00167566 -0.00723949 0.00558608 -0.00947694 0.0204721 -0.0156682 -0.0167883 0.0314807 -0.0216618 -0.0118516
internal_weight=57923 49500 8423 17843 31657 4417 6426 12565 2059 11417 4006 10506 8601 3265 1152 4653 1146 3265 433 913 19092 2730 541 1773 1033 2816 1776 2406 1373 3446
internal_count=57923 49500 8423 17843 31657 4417 6426 12565 2059 11417 4006 10506 8601 3265 1152 4653 1146 3265 433 913 19092 2730 541 1773 1033 2816 1776 2406 1373 3446
is_linear=0
shrinkage=0.05


Tree=48
num_leaves=31
num_cat=0
split_feature=3 5 4 3 3 10 6 7 10 11 13 12 13 7 11 2 4 7 12 6 12 6 9 7 12 6 6 14 12 9
split_gain=1937.82 850.738 242.762 159.267 144.61 119.594 112.813 90.2284 85.6823 88.7 78.7215 61.2491 63.1026 56.3711 53.2583 53.0571 51.3399 50.3067 48.8528 46.83 45.0854 44.0449 42.656 42.1128 41.3505 41.0762 37.9355 37.5764 36.0496 35.8001
threshold=10.499242782592775 2.4850000143051152 8.055000305175783 2.6383464336395268 7.08984398841858 0.9170251488685609 951.14999389648449 -0.53914576768875111 0.94260558485984813 8.5500001907348651 0.37940952181816107 -0.41467745602130884 -0.91597560048103321 0.61287125945091259 9.5500001907348651 15.500000000000002 1.3949999809265139 0.56424301862716686 -0.59480014443397511 952.14999389648449 0.2503704726696015 959.45001220703136 10.204999923706056 -0.44956664741039271 0.50751903653144848 956.85000610351574 943.35000610351574 6.5450000762939462 0.36648726463317877 6.4349999427795419
decision_type=2 2 2 2 2 2 2 2 2 2 2 2 2 2 2 2 2 2 2 2 2 2 8 2 2 2 2 10 2 10
left_child=1 3 5 7 -3 20 14 -1 11 25 13 12 -6 17 -4 -9 -12 18 29 -11 21 -2 26 -16 -21 27 -13 -10 -27 -5
right_child=2 4 6 10 8 -7 -8 15 9 19 16 22 -14 -15 23 -17 -18 -19 -20 24 -22 -23 -24 -25 -26 28 -28 -29 -30 -31
leaf_value=-0.00090323552137854576 0.002955792740248753 -0.00050505713460226309 -0.0056678386310270897 0.00081667557794418914 -0.003044039133783294 0.0035829603626082785 0.0032389907459987825 -0.00092683237790922859 0.0021860587696839935 0.003890946181440261 -0.0010036991731346473 0.0045255998087905189 0.0054615951307882774 -0.00098338882016035258 0.0031607906440816822 -0.00091619960773626575 -0.00099761890556767621 0.0059272372958623755 -0.0010090872990778405 0.004820498714467338 0.0015863356271307097 0.0037287523997801332 0.0019816004790642826 0.0034168195933782677 0.002710817974349064 0.0084915926060679832 -0.00083508677581229935 -0.0032250678700050496 -0.0015957934067224622 -0.0023939515107624016
leaf_weight=1909 1749 16845 80 1642 529 999 2674 1571 522 664 1562 546 2361 1783 394 2687 3139 114 1819 522 1482 564 3423 474 160 281 6957 443 109 111
leaf_count=1909 1749 16845 80 1642 529 999 2674 1571 522 664 1562 546 2361 1783 394 2687 3139 114 1819 522 1482 564 3423 474 160 281 6957 443 109 111
internal_value=-0.000104095 -0.00386186 0.0220758 -0.0132083 0.000716277 0.0146697 0.0318445 -0.019548 0.00404007 0.0121766 -0.00935627 0.00244555 0.00891192 -0.00527037 0.016894 -0.0235984 -0.014099 -0.00173395 -0.00279564 0.0212435 0.0105921 0.0149482 0.000731864 0.020504 0.0304221 0.003125 -0.00137853 -0.00242268 0.0167089 0.003157
internal_weight=58115 49699 8416 16337 33362 4794 3622 6167 16517 2701 10170 13816 2890 5469 948 4258 4701 3686 3572 1346 3795 2313 10926 868 682 1355 7503 965 390 1753
internal_count=58115 49699 8416 16337 33362 4794 3622 6167 16517 2701 10170 13816 2890 5469 948 4258 4701 3686 3572 1346 3795 2313 10926 868 682 1355 7503 965 390 1753
is_linear=0
shrinkage=0.05


Tree=49
num_leaves=31
num_cat=0
split_feature=3 5 3 3 10 3 15 7 8 8 10 13 12 11 11 15 10 8 9 15 6 10 12 7 13 15 15 11 8 6
split_gain=1902.28 816.721 245.077 166.618 142.198 114.376 90.2053 85.6585 67.8072 66.9907 91.5451 66.225 65.2594 61.1903 61.1875 60.9186 54.4046 54.0213 51.3959 49.7908 56.7878 62.9142 47.669 47.1717 44.4332 50.003 44.215 42.3642 42.1827 68.9748
threshold=10.36201333999634 2.4616667032241826 12.345475196838381 2.6383464336395268 0.9170251488685609 7.1319866180419931 76.500000000000014 -0.53914576768875111 0.99805629253387462 0.97745609283447277 0.94260558485984813 0.37940952181816107 0.2503704726696015 8.4499998092651385 10.750000000000002 43.500000000000007 0.9170251488685609 1.0000000180025095e-35 14.244999885559084 23.500000000000004 952.64999389648449 0.608738273382187 -0.18222858756780622 -0.97013339400291432 -0.6035533845424651 28.500000000000004 42.500000000000007 7.6499998569488534 0.90635803341865551 959.04998779296886
decision_type=2 2 2 2 2 2 2 2 2 2 2 2 2 2 2 2 2 2 8 2 2 2 2 2 2 2 2 2 2 2
left_child=1 3 4 7 12 19 11 -1 9 10 28 -5 -2 -12 26 -13 18 -8 -4 20 21 -3 -9 -23 25 -14 -6 -25 -7 -30
right_child=2 5 16 6 14 8 17 22 -10 -11 13 15 24 -15 -16 -17 -18 -19 -20 -21 -22 23 -24 27 -26 -27 -28 -29 29 -31
leaf_value=-0.00087256680929136794 0.0027845389524138679 -0.0013756415263723282 0.0029694582182383635 -0.00045638234696571969 0.0012727042256452381 0.00056373948935441317 -0.00057986049514629286 -0.00088682564706186605 0.0064551575658993582 -0.0030158692396376726 0.0019057997230375935 -0.001050819203994961 -0.0025978071720043519 0.0041307467402631306 0.0030998252390820658 -0.00068354034323451921 0.0033270409702802653 -0.001027677435399679 0.0035018237422133058 -0.00015499490290974069 -0.0021383392406111017 0.0051876900932881593 -0.0008704665827226326 -0.0012296705888731293 -0.002274228538751602 0.0058908756963294787 0.0039569588911076981 0.0021781934112090422 0.0022444274672922676 0.013792126798519691
leaf_weight=1917 2439 2238 1904 4737 383 11396 325 1650 329 774 1141 1918 93 1122 671 1958 869 1005 909 13254 456 160 2635 580 996 268 384 640 816 181
leaf_count=1917 2439 2238 1904 4737 383 11396 325 1650 329 774 1141 1918 93 1122 671 1958 869 1005 909 13254 456 160 2635 580 996 268 384 640 816 181
internal_value=-0.000125531 -0.00397465 0.0211187 -0.013192 0.0141439 0.000524296 -0.0091727 -0.019623 0.00360632 0.00312277 0.00388104 -0.00729288 0.00905025 0.0131173 0.0275121 -0.012136 0.0310008 -0.0212734 0.0275195 -0.00227889 -0.00710959 -0.00499586 -0.0235548 0.0033935 0.000256975 0.0151639 0.0176813 0 0.00218987 0.0120259
internal_weight=58148 49232 8916 16145 5234 33087 9943 6202 15759 15430 14656 8613 3796 2263 1438 3876 3682 1330 2813 17328 4074 3618 4285 1380 1357 361 767 1220 12393 997
internal_count=58148 49232 8916 16145 5234 33087 9943 6202 15759 15430 14656 8613 3796 2263 1438 3876 3682 1330 2813 17328 4074 3618 4285 1380 1357 361 767 1220 12393 997
is_linear=0
shrinkage=0.05


Tree=50
num_leaves=31
num_cat=0
split_feature=3 5 4 3 3 6 7 6 13 8 11 8 8 8 13 8 9 3 4 4 12 7 8 9 9 7 6 6 8 3
split_gain=1837.45 796.404 234.03 140.954 122.823 111.807 79.5557 68.5688 66.453 61.6477 61.2425 60.6433 56.2881 60.9723 61.1856 53.905 48.5338 46.7387 44.6567 43.5761 43.4808 40.1999 64.3868 39.4292 38.4923 36.2765 78.7174 45.6152 63.5843 66.656
threshold=10.433113098144533 2.2350000143051152 8.055000305175783 7.1319866180419931 2.6383464336395268 951.14999389648449 -0.6495143175125121 963.75000000000011 0.37940952181816107 -0.20061247795820233 7.1499998569488534 0.99805629253387462 0.97653719782829296 0.54162281751632702 0.12940952181816109 0.54162281751632702 10.50500011444092 12.88586473464966 6.5950000286102304 6.805000066757203 -0.18222858756780622 0.61287125945091259 1.0000000180025095e-35 8.9250001907348651 1.3350000381469729 0.71541279554367077 957.35000610351574 959.04998779296886 0.88933694362640392 8.6008119583129901
decision_type=2 2 2 2 2 2 2 2 2 2 2 2 2 2 2 2 8 2 2 2 2 2 2 10 10 2 2 2 2 2
left_child=1 4 7 -3 6 17 -1 9 21 19 -9 12 13 14 -5 -11 -12 -4 23 -2 -8 -6 -23 -16 -10 27 -27 -15 29 -29
right_child=2 3 5 11 8 -7 20 10 24 15 16 -13 -14 25 18 -17 -18 -19 -20 -21 -22 22 -24 -25 -26 26 -28 28 -30 -31
leaf_value=-0.00081391725940604942 0.002636115568448472 -0.00047833033866559325 0.0014518465124995661 0.0020003107574671636 -0.00017500354554180598 0.0029043185611869193 -0.00084465454296157167 -0.0072945334019184349 -0.00092183087163251107 -0.00037475231900738762 0.00071639463908077525 0.0061142507764584304 -0.0027056702536082224 0.0028712608612817105 0.00029709444789566275 0.0031420947458516315 0.0034503537538715214 0.0032648206077808776 0.0029256081177045702 0.0033172079057712692 -0.00082686629821332079 -0.00025698625697598911 -0.00090539256582645815 -0.0027595593594962331 -0.00088968558483384962 -0.010715085247373652 0.0017156881515194263 -0.002229535714688913 0.010955568967679758 0.0084213520700037459
leaf_weight=1530 657 19920 495 6026 2534 2700 1733 81 487 1163 114 327 799 3203 1639 1287 545 501 858 1215 2670 681 687 1952 3126 108 341 222 302 193
leaf_count=1530 657 19920 495 6026 2534 2700 1733 81 487 1163 114 327 799 3203 1639 1287 545 501 858 1215 2670 681 687 1952 3126 108 341 222 302 193
internal_value=5.85188e-05 -0.00368847 0.0211571 0.000200585 -0.0140638 0.0307214 -0.0194426 0.0141504 -0.00980718 0.0117171 0.0281879 0.00369953 0.00324962 0.00394639 0.001875 0.00647658 0.0332078 0.0162837 -0.00257072 0.0185402 -0.0228562 -0.00527259 -0.0121631 -0.00501947 -0.0146904 0.00890489 -0.00451542 0.0104459 0.0218144 0.00892857
internal_weight=58096 49338 8758 35890 13448 3696 5933 5062 7515 4322 740 15970 15643 14844 10475 2450 659 996 4449 1872 4403 3902 1368 3591 3613 4369 449 3920 717 415
internal_count=58096 49338 8758 35890 13448 3696 5933 5062 7515 4322 740 15970 15643 14844 10475 2450 659 996 4449 1872 4403 3902 1368 3591 3613 4369 449 3920 717 415
is_linear=0
shrinkage=0.05


Tree=51
num_leaves=31
num_cat=0
split_feature=3 5 3 3 10 3 15 7 8 10 13 12 7 12 15 12 10 15 8 8 10 2 12 13 8 8 8 9 5 15
split_gain=1774.03 733.683 229.03 134.589 131.359 114.46 89.7831 76.8613 66.3582 60.691 60.5759 59.6446 57.3455 54.6983 53.4529 52.8285 51.2073 49.3441 51.8944 87.5615 53.7902 49.2624 48.16 50.4639 49.4804 41.8803 41.4256 54.0418 47.8053 47.6527
threshold=10.433113098144533 2.4183334112167363 12.345475196838381 2.6383464336395268 0.94828754663467418 7.1319866180419931 76.500000000000014 -0.53914576768875111 0.99805629253387462 0.94828754663467418 0.37940952181816107 -0.21643137186765668 0.25293653458356863 0.0087262028828263612 43.500000000000007 0.2503704726696015 0.9238443672657014 23.500000000000004 0.85581842064857494 -0.35321410000324244 0.84335932135581981 15.500000000000002 -0.36648726463317866 -0.91597560048103321 0.98094093799591076 1.0000000180025095e-35 0.70785933732986461 8.4549999237060565 4.4449999332427987 31.500000000000004
decision_type=2 2 2 2 2 2 2 2 2 2 2 2 2 2 2 2 2 2 2 2 2 2 2 2 2 2 2 8 2 2
left_child=1 3 4 7 15 17 10 -1 9 22 -5 -11 -13 -6 -12 -2 -4 18 19 -3 -21 -9 23 -7 26 -8 28 -28 29 -24
right_child=2 5 16 6 13 8 25 21 -10 11 14 12 -14 -15 -16 -17 -18 -19 -20 20 -22 -23 24 -25 -26 -27 27 -29 -30 -31
leaf_value=-0.00078581752666767764 0.0027200075479224817 -0.001372819235412132 0.0029076463962096457 -0.00045164631178569659 -0.0003556552948389025 -0.0027408727623488187 -0.00080220532994046553 -0.00079562411496696952 0.0058010353548067052 -0.0037576519314726168 -0.00097890881616954635 0.0022380941527563869 0.0042872281785075851 0.002976547376252997 -0.00062931657941104615 0.0011567027949315135 0.0030154729937069084 -0.00017794838509487267 -0.0026396769689751966 -0.00032743374962971726 0.0047804280766251582 -0.00078552298330265477 -0.0058698312755739654 0.0048293213161409582 -0.0039580679981341517 -0.00092234657172542134 -0.0035780680247370538 0.0051921563416910677 0.0010053067765690912 -0.00082568397366012129
leaf_weight=1876 2636 2374 2865 4515 85 578 322 1565 320 246 1828 1149 677 631 1901 1674 803 13568 365 963 452 2685 392 2515 356 964 450 1699 4680 2936
leaf_count=1876 2636 2374 2865 4515 85 578 322 1565 320 246 1828 1149 677 631 1901 1674 803 13568 365 963 452 2685 392 2515 356 964 450 1699 4680 2936
internal_value=-7.05984e-05 -0.00373828 0.0207495 -0.0126812 0.0137945 0.000415122 -0.00895648 -0.0184635 0.0034806 0.003016 -0.00703116 0.0109774 0.0140907 0.0335645 -0.0117434 0.0104751 0.0302478 -0.00235234 -0.0071171 -0.00536373 0.00447183 -0.0221857 0.00180001 0.00727889 0.000185396 -0.0212239 0.000831529 0.006987 -0.000823662 -0.00540054
internal_weight=58070 49376 8694 15656 5026 33720 9530 6126 15998 15678 8244 2072 1826 716 3729 4310 3668 17722 4154 3789 1415 4250 13606 3093 10513 1286 10157 2149 8008 3328
internal_count=58070 49376 8694 15656 5026 33720 9530 6126 15998 15678 8244 2072 1826 716 3729 4310 3668 17722 4154 3789 1415 4250 13606 3093 10513 1286 10157 2149 8008 3328
is_linear=0
shrinkage=0.05


Tree=52
num_leaves=31
num_cat=0
split_feature=3 5 3 10 3 9 15 6 8 6 8 11 12 8 15 13 12 10 6 15 15 8 5 11 13 9 9 6 15 12
split_gain=1683.81 698.775 238.593 153.488 140.335 94.3418 92.3691 69.2845 65.0693 67.1391 95.8193 61.321 108.097 56.73 56.2135 51.7144 50.3542 49.7215 46.6473 46.1056 45.0701 45.5701 44.8581 43.0513 42.8753 40.1271 39.7237 39.6143 36.6219 36.3945
threshold=10.36201333999634 2.4616667032241826 12.345475196838381 0.94828754663467418 2.6820437908172612 6.9149999618530282 76.500000000000014 952.04998779296886 0.99805629253387462 959.25000000000011 0.88933694362640392 5.7500000000000009 0.078456107527017607 1.0000000180025095e-35 77.500000000000014 0.37940952181816107 0.0087262028828263612 0.9238443672657014 951.25000000000011 44.500000000000007 43.500000000000007 -0.13282711803913114 2.804999947547913 12.650000095367433 1.0000000180025095e-35 14.244999885559084 9.8450002670288104 951.64999389648449 54.500000000000007 0.19936034083366397
decision_type=2 2 2 2 2 8 2 2 2 2 2 2 2 2 2 2 2 2 2 2 2 2 2 2 2 8 8 2 2 2
left_child=1 4 3 18 7 -3 15 19 9 14 11 12 28 -8 22 29 -5 25 -2 -1 -17 27 -7 24 -20 -4 -13 -22 -11 -6
right_child=2 5 17 16 6 8 13 -9 -10 10 -12 26 -14 -15 -16 20 -18 -19 23 -21 21 -23 -24 -25 -26 -27 -28 -29 -30 -31
leaf_value=-0.00077725972951377749 0.00053218388015695013 -0.00057342702600761408 0.0025973106659731848 -0.00024012483376621431 -5.5310902118299242e-05 -0.0025026355667220022 -0.00044971003807746591 -0.00074624683413752196 0.0049445859556868053 -0.0033880132507266764 0.0102677173669394 0.0020167290770268147 -0.0017888920897745923 -0.00090903451684002648 -0.0036168791267018 -0.00092877574412990609 0.0028261931384931053 0.0028802788730982855 0.0032846475364695484 6.6670586867035109e-05 0.0041918109956806835 -0.00097327066515352941 0.0006827787414296683 0.0023873280019251434 0.0014875849134570547 0.0030534131100850462 0.0043612636434855441 -0.00043232942597456027 0.0049433777535603414 -0.00082615921130616422
leaf_weight=2301 1314 12707 1933 84 3419 686 316 3498 408 91 347 1332 1374 960 1037 1846 663 782 1010 546 268 1029 13491 749 1422 912 968 626 619 1238
leaf_count=2301 1314 12707 1933 84 3419 686 316 3498 408 91 347 1332 1374 960 1037 1846 663 782 1010 546 268 1029 13491 749 1422 912 968 626 619 1238
internal_value=-1.37976e-05 -0.00363557 0.0200304 0.0131885 -0.0121947 0.000520188 -0.0084063 -0.0179764 0.00263042 0.00222306 0.00742188 0.00539986 -0.000813787 -0.0209212 0.000604508 -0.00649982 0.034109 0.0298871 0.00967778 -0.0121494 -0.0108506 -0.00547199 0.00142787 0.0129473 0.00968404 0.0267193 0.0110195 0.00278087 0.014965 -0.00297083
internal_weight=57976 49107 8869 5242 16047 33060 9702 6345 20353 19945 4731 4384 2084 1276 15214 8426 747 3627 4495 2847 3769 1923 14177 3181 2432 2845 2300 894 710 4657
internal_count=57976 49107 8869 5242 16047 33060 9702 6345 20353 19945 4731 4384 2084 1276 15214 8426 747 3627 4495 2847 3769 1923 14177 3181 2432 2845 2300 894 710 4657
is_linear=0
shrinkage=0.05


Tree=53
num_leaves=31
num_cat=0
split_feature=3 5 4 3 12 10 7 10 11 11 8 13 8 8 7 5 4 12 8 5 8 8 8 7 8 2 4 7 7 15
split_gain=1717.67 677.597 248.062 150.447 105.015 98.2828 78.6946 64.5415 86.2022 63.7537 58.7278 57.4176 52.2893 100.769 55.2752 50.4844 48.3111 46.1083 47.9675 44.6858 51.4219 47.6336 41.5398 38.9552 37.6588 37.2702 42.3579 39.7871 37.1478 45.3425
threshold=10.433113098144533 2.0049999952316289 8.2449998855590838 6.4228332042694101 -0.16504132002592084 0.9170251488685609 -0.464854747056961 0.94828754663467418 8.4499998092651385 8.0500001907348651 0.99805629253387462 -0.7865660786628722 -0.14153897762298581 -0.10296135023236273 0.926098793745041 1.4583333730697634 6.1749999523162851 -0.41467745602130884 0.98336225748062145 3.9850000143051152 -0.93779578804969776 -0.47434769570827479 0.73465117812156688 0.72731766104698192 0.96527305245399486 42.500000000000007 2.1049998998641972 0.73900762200355541 0.066572044044733061 47.500000000000007
decision_type=2 2 2 2 2 2 2 2 2 2 2 2 2 2 2 2 2 2 2 2 2 2 2 2 2 2 2 2 2 2
left_child=1 4 5 16 15 12 -4 10 -9 -8 17 -6 14 -14 -2 -1 25 -5 19 20 -19 23 -23 -22 -7 26 27 -3 29 -13
right_child=2 3 6 7 11 24 9 8 -10 -11 -12 28 13 -15 -16 -17 -18 18 -20 -21 21 22 -24 -25 -26 -27 -28 -29 -30 -31
leaf_value=-0.00072977537008417468 0.0023865875806292126 -0.00081869556501922491 0.0025186448078709485 0.0025357513807127948 -0.00064325788276479447 0.0027982700110364359 0.00051518294628593035 0.00047342942273903565 0.003410685733139063 0.002550778386535002 0.0064893462224067501 -0.00073966651964832832 -0.013603598083580571 0.0021858583723369353 0.0036271042177241255 -0.00070468678029714162 0.0026884985605790282 -0.0051772353362638749 -0.0040284777319541491 0.00075976237777124764 -0.00014401568774535244 -0.0026119213799415163 0.0010600100003546095 0.0061171915424188261 0.00044686938528427645 0.0002849392728531408 -0.00061229644756939097 -0.0010745285932498808 -0.00070893449243064589 -0.00018198041696833311
leaf_weight=2141 1463 3294 632 3850 849 1033 125 1459 1245 2468 287 1409 123 2223 454 3126 412 340 390 8872 737 1741 781 347 158 2257 12023 748 2629 436
leaf_count=2141 1463 3294 632 3850 849 1033 125 1459 1245 2468 287 1409 123 2223 454 3126 412 340 390 8872 737 1741 781 347 158 2257 12023 748 2629 436
internal_value=-0.000118849 -0.00372534 0.0203881 -0.000663865 -0.0149316 0.013867 0.0313777 0.00234617 0.00952381 0.0352386 0.00122478 -0.0198855 0.0102976 0.00527435 0.0164152 -0.00991085 -0.00388495 0.000843931 -0.000560054 -3.11939e-05 -0.00445457 -0.00268624 -0.00645034 0.00606061 0.0265468 -0.00426693 -0.00511201 -0.00953793 -0.0221478 -0.0166216
internal_weight=58052 49373 8679 38783 10590 5454 3225 20049 2704 2593 17345 5323 4263 2346 1917 5267 18734 17058 13208 12818 3946 3606 2522 1084 1191 18322 16065 4042 4474 1845
internal_count=58052 49373 8679 38783 10590 5454 3225 20049 2704 2593 17345 5323 4263 2346 1917 5267 18734 17058 13208 12818 3946 3606 2522 1084 1191 18322 16065 4042 4474 1845
is_linear=0
shrinkage=0.05


Tree=54
num_leaves=31
num_cat=0
split_feature=4 5 3 5 12 6 11 5 12 6 7 13 9 8 12 11 5 6 7 4 7 13 15 6 8 12 6 6 7 7
split_gain=1629.27 687.859 253.199 157.742 116.667 101.719 89.867 67.4736 65.9115 61.9556 55.6736 55.5963 54.7285 63.7429 53.1526 55.53 52.9697 42.6783 42.5916 39.9595 39.4086 38.964 54.5312 50.4583 38.5242 38.3733 36.7688 39.2939 34.381 34.3618
threshold=7.1649999618530282 2.0049999952316289 11.793270587921144 3.2516666650772099 -0.16504132002592084 950.35000610351574 10.250000000000002 5.808333396911622 0.36648726463317877 973.35000610351574 -0.52458885312080372 -0.7865660786628722 7.1549999713897714 0.93168920278549205 0.43049471080303198 9.2500000000000018 1.4583333730697634 953.64999389648449 0.94982600212097179 8.7349996566772479 0.85247093439102184 0.12940952181816109 19.500000000000004 950.45001220703136 0.99805629253387462 0.38266885280609136 947.25000000000011 944.64999389648449 -0.97415921092033375 0.9905582368373872
decision_type=2 2 2 2 2 2 2 2 2 2 2 2 8 2 2 2 2 2 2 2 2 2 2 2 2 2 2 2 2 2
left_child=1 4 5 8 16 -2 -7 -4 -3 12 -9 -6 13 -5 26 21 -1 -13 -17 29 -18 22 -16 -23 25 -15 27 -14 -10 -12
right_child=2 3 7 9 11 6 -8 10 28 -11 19 17 14 24 15 18 20 -19 -20 -21 -22 23 -24 -25 -26 -27 -28 -29 -30 -31
leaf_value=-0.00069328660157996595 0.00025874577638615589 -0.00039811899978763748 -0.0010643962092594579 1.6747077190373828e-05 -0.00061109498862655482 0.0019976356178157766 0.0023673885778103254 0.0027236185756466472 0.00076342738335861092 0.0047574647213429805 0.0025229823684126298 -0.00069886761234526004 0.0020973422866711008 -0.0022601049152663811 -0.0042022132079918275 0.0047565761472253727 -0.00035312337928137855 -0.00067348776780911355 -0.0079860275999829311 0.002457149322664387 -0.00086001424941225624 0.0020306290532573798 0.0014485848773865551 -0.0044611121388642592 0.0024601556457188966 -0.0036945184693510818 0.0020135832505076556 -0.0019827929064160101 -0.00090217759017647821 0.0017462403440966501
leaf_weight=2149 1402 10289 146 6775 824 1124 1311 407 268 195 1785 1838 1220 463 112 898 2578 2641 96 1656 551 331 1111 1111 166 350 11125 1078 3846 215
leaf_count=2149 1402 10289 146 6775 824 1124 1311 407 268 195 1785 1838 1220 463 112 898 2578 2641 96 1656 551 331 1111 1111 166 350 11125 1078 3846 215
internal_value=-4.56377e-05 -0.00340564 0.0208297 -0.000367656 -0.0147223 0.0115174 0.0176844 0.0292952 -0.00453567 0.00203108 0.0304941 -0.0199604 0.0018075 -0.00167547 0.00338854 -0.00195142 -0.00944539 -0.0221566 0.00810811 0.0324502 -0.00528079 -0.00571161 0.000855049 -0.0112647 -0.0135671 -0.0180318 0.00484436 -0.000911854 -0.00988104 0.0275312
internal_weight=58061 50015 8046 39434 10581 3837 2435 4209 14403 25031 4063 5303 24836 7754 17082 3659 5278 4479 994 3656 3129 2665 1223 1442 979 813 13423 2298 4114 2000
internal_count=58061 50015 8046 39434 10581 3837 2435 4209 14403 25031 4063 5303 24836 7754 17082 3659 5278 4479 994 3656 3129 2665 1223 1442 979 813 13423 2298 4114 2000
is_linear=0
shrinkage=0.05


Tree=55
num_leaves=31
num_cat=0
split_feature=3 5 3 3 12 4 9 6 7 8 8 8 8 12 11 5 7 7 6 6 15 8 4 6 8 9 7 4 6 8
split_gain=1513.02 650.195 236.466 131.586 103.084 64.7572 64.5591 59.5308 56.9145 53.2255 52.2398 59.9113 53.6629 49.8593 47.0304 46.8063 45.7361 45.5485 44.7254 43.0084 80.5127 63.8498 43.0444 42.3693 85.3572 64.5643 43.9869 41.0622 46.1738 39.1794
threshold=10.499242782592775 2.0049999952316289 12.345475196838381 5.9576950073242196 -0.3172925859689712 8.1050000190734881 4.0250000953674325 970.04998779296886 -0.93400302529335011 -0.84680011868476857 0.99805629253387462 0.97653719782829296 0.57659667730331432 -0.43049471080303187 3.1499999761581425 1.4583333730697634 -0.464854747056961 -0.72434747219085682 976.64999389648449 953.04998779296886 38.500000000000007 -0.16681838035583493 2.8149999380111699 958.95001220703136 0.88337317109107982 9.1750001907348651 0.53553086519241344 7.4249999523162851 954.54998779296886 0.021515898406505588
decision_type=2 2 2 2 2 2 10 2 2 2 2 2 2 2 2 2 2 2 2 2 2 2 2 2 2 8 2 2 2 2
left_child=1 4 7 19 15 -4 8 9 -6 -2 11 12 14 -13 -5 -1 -7 -14 29 -3 -21 -22 -23 -19 25 -25 -27 -11 -29 -16
right_child=2 3 5 10 6 16 -8 -9 -10 27 -12 13 17 -15 18 -17 -18 23 -20 20 21 22 -24 24 -26 26 -28 28 -30 -31
leaf_value=-0.00067174463289124272 0.0023214160556478541 -0.0002667220061397094 0.0025420291528784503 -0.003054053012310392 -0.00017501209338539205 0.0024207711391433686 -0.00055146149800808578 0.002790782180135354 -0.00064045400455742469 0.0012650790870106206 0.0042157827493632619 0.0047282000782070946 0.0083019295107518987 -0.0041385582184258083 0.0010293704147808322 -0.00059578585881960456 0.0023591970354349457 0.0010231033265179019 0.0078866135739424029 -0.0010648008568415353 0.00072467833560314584 -0.0010213213039846935 -0.00033324758271417732 -0.004117964816504463 0.008314156812105811 -0.0040054712238086028 0.0058429480976461556 0.0013858431918200244 0.0022179780588683752 -0.00089864371214907763
leaf_weight=1876 970 9300 1135 827 346 308 956 177 4596 2100 447 246 396 891 11150 2783 2197 4261 99 1877 1779 1598 1397 211 420 86 487 873 651 3580
leaf_count=1876 970 9300 1135 827 346 308 956 177 4596 2100 447 246 396 891 11150 2783 2197 4261 99 1877 1779 1598 1397 211 420 86 487 873 651 3580
internal_value=2.06807e-05 -0.00330451 0.0196233 -0.000327726 -0.0143107 0.0292181 -0.0187024 0.0122802 -0.0210026 0.0111546 0.00208387 0.00174765 0.00233947 -0.00941331 0.000810932 -0.00873714 0.0337251 0.00641834 0.00145948 -0.00381988 -0.00688852 -0.00343168 -0.00788333 0.00521938 0.0134822 0.00367554 0.0123702 0.00834941 0.0145847 0.00122837
internal_weight=58020 49609 8411 39052 10557 3640 5898 4771 4942 4594 23101 22654 21517 1137 15656 4659 2505 5861 14829 15951 6651 4774 2995 5465 1204 784 573 3624 1524 14730
internal_count=58020 49609 8411 39052 10557 3640 5898 4771 4942 4594 23101 22654 21517 1137 15656 4659 2505 5861 14829 15951 6651 4774 2995 5465 1204 784 573 3624 1524 14730
is_linear=0
shrinkage=0.05


Tree=56
num_leaves=31
num_cat=0
split_feature=4 5 3 3 10 2 9 6 10 4 6 13 8 3 7 9 7 10 8 8 10 11 6 7 8 14 7 9 6 6
split_gain=1520.33 616.205 254.843 148.281 121.626 85.8447 67.1064 66.2904 66.2888 55.9165 55.6797 54.794 53.8814 55.5058 51.2239 50.6436 50.11 48.9015 48.0719 47.4639 46.726 46.2544 45.604 45.232 44.6743 44.5877 57.7129 44.534 43.2735 43.5896
threshold=7.1649999618530282 2.0049999952316289 12.008961200714113 8.5086560249328631 0.93038213253021251 17.500000000000004 1.6150000095367434 951.45001220703136 0.9238443672657014 8.1050000190734881 948.25000000000011 1.0000000180025095e-35 1.0000000180025095e-35 2.5164715051651005 0.88234141469001781 4.5750000476837167 0.59919759631156932 0.89490029215812694 -0.93779578804969776 0.090250775218009963 -0.98321744799613942 10.750000000000002 949.85000610351574 0.52093526721000682 0.83987808227539074 10.375000000000002 0.87412264943122875 4.9249999523162851 952.45001220703136 973.35000610351574
decision_type=2 2 2 2 2 2 10 2 2 2 2 2 2 2 2 10 2 2 2 2 2 2 2 2 2 10 2 10 2 2
left_child=1 5 4 14 22 27 -5 20 9 -4 -6 17 13 -9 15 24 -13 18 -8 -16 -7 -12 -2 -14 -3 26 -11 -1 -21 -30
right_child=2 3 8 6 10 7 11 12 -10 25 21 16 23 -15 19 -17 -18 -19 -20 28 -22 -23 -24 -25 -26 -27 -28 -29 29 -31
leaf_value=-0.0006213914866364282 -0.0016297056446157394 -0.00038204560946379157 0.0022423477294507724 0.0085956337203278842 0.0019993506989629791 -0.00066408953389280798 0.0049369373792119203 -0.00060779067919078649 0.0023794541430087416 -0.0031547554340855574 0.002271054199951389 0.0020237425476433216 -0.0006258599286074161 -0.00021746152714630462 -0.00050704130283868638 3.0118773475622945e-05 -0.0021884797574152656 0.0034665210872450781 0.00082816126693943117 0.0025436964052853017 -0.00013956119451951805 0.0019998704445052086 0.0019939444162541289 -0.00063729651567971234 -0.00091009985028266788 0.0022040326956874082 0.0027085263016657481 -0.00029094748707549827 -0.0021586370701119845 0.0071530049993305759
leaf_weight=3557 930 6158 917 242 332 631 420 878 938 140 571 2420 800 1188 2180 18032 1944 1580 2912 146 2169 671 1616 1121 1760 1763 121 265 1454 86
leaf_count=3557 930 6158 917 242 332 631 420 878 938 140 571 2420 800 1188 2180 18032 1944 1580 2912 146 2169 671 1616 1121 1760 1763 121 265 1454 86
internal_value=-3.45143e-05 -0.00327641 0.0201962 -0.000391469 0.0115152 -0.0139674 0.00504043 -0.0105786 0.0293898 0.025611 0.0224193 0.00435298 -0.0147169 -0.00907774 -0.00212602 -0.00132537 0.000274662 0.00797234 0.00452502 -0.0074916 -0.00467023 0.0272654 0.00474324 -0.0207425 -0.00465733 0.0302612 0.0107143 -0.0199634 -0.0137788 -0.016246
internal_weight=57942 49943 7999 39334 4120 10609 9518 6787 3879 2941 1574 9276 3987 2066 29816 25950 4364 4912 3332 3866 2800 1242 2546 1921 7918 2024 261 3822 1686 1540
internal_count=57942 49943 7999 39334 4120 10609 9518 6787 3879 2941 1574 9276 3987 2066 29816 25950 4364 4912 3332 3866 2800 1242 2546 1921 7918 2024 261 3822 1686 1540
is_linear=0
shrinkage=0.05


Tree=57
num_leaves=31
num_cat=0
split_feature=4 3 3 10 3 3 10 14 11 9 7 13 7 10 13 8 12 7 4 12 2 4 10 12 11 8 8 15 15 7
split_gain=1486.07 536.912 265.727 129.085 112.388 109.924 65.8587 59.9654 58.0231 56.2743 56.2643 55.0617 70.0275 51.7034 51.2443 54.0171 55.5473 70.0993 48.3718 72.943 44.7115 44.2638 42.6082 52.8948 51.0348 41.3611 59.3824 40.8197 40.0773 39.8273
threshold=7.1649999618530282 3.7791117429733281 12.008961200714113 0.93038213253021251 7.9904162883758554 1.7241498827934267 0.93038213253021251 12.295000076293947 10.650000095367433 1.6150000095367434 -0.7360914647579192 1.0000000180025095e-35 0.68472337722778331 0.85260769724845897 0.37940952181816107 -0.70785933732986439 -0.70088258385658253 0.56424301862716686 1.9650000333786013 -0.28400452435016627 40.500000000000007 1.4950000047683718 0.89490029215812694 -0.36648726463317866 8.2500000000000018 0.021515898406505588 -0.68316051363944996 60.500000000000007 31.500000000000004 -0.97789707779884327
decision_type=2 2 2 2 2 2 2 8 2 10 2 2 2 2 2 2 2 2 2 2 2 2 2 2 2 2 2 2 2 2
left_child=1 5 3 -2 14 -1 7 -4 -5 -6 13 22 28 -7 15 16 -3 -18 19 -12 -21 -16 23 -11 -24 26 -14 -19 -13 -17
right_child=2 4 6 8 9 10 -8 -9 -10 11 18 12 25 -15 21 29 17 27 -20 20 -22 -23 24 -25 -26 -27 -28 -29 -30 -31
leaf_value=-0.0005859402507319548 0.0011220197966351265 0.003728963542343422 0.0019055540067979661 0.0021136069269343583 0.0078015201224531927 -0.00061895544746444139 0.0022333564559844921 0.0021352576185348473 0.0020052350147780284 0.0035861144838278073 -0.00055922934442938557 -0.0025273593779904791 -0.0065600623331594421 0.00080246337738183119 -0.00098585759732731557 0.0017363101620691019 -0.00013163174608739407 0.0096502992321913488 -0.00058266994798320882 -0.00059682145614628349 -0.00024386859166519032 -0.00073748030355378204 0.0019973029355917771 -7.4028909231550757e-05 0.0040000676070597986 -0.006336295702126446 0.0013386727105922426 5.1958523875739189e-06 0.0032046252173948521 -0.00064385625086434877
leaf_weight=2050 2555 740 1131 723 307 2208 836 1931 863 1459 2250 859 187 661 844 1045 3112 276 2916 2953 390 7996 1273 2860 728 914 1007 154 2597 10280
leaf_count=2050 2555 740 1131 723 307 2208 836 1931 863 1459 2250 859 187 661 844 1045 3112 276 2916 2953 390 7996 1273 2860 728 914 1007 154 2597 10280
internal_value=2.32318e-05 -0.00318148 0.0199714 0.0111312 -4.63936e-05 -0.0117323 0.0293364 0.0258559 0.022313 0.00387422 -0.00980409 0.0033224 -0.000305261 -0.00374043 -0.00200188 -0.000278632 0.00450198 0.00188892 -0.0118452 -0.0145677 -0.0192503 -0.0050424 0.00651383 0.00371184 0.0125374 -0.00747752 -0.00133445 0.0206897 0.00407397 -0.00208738
internal_weight=58105 50066 8039 4141 36638 13428 3898 3062 1586 12191 11378 11884 5564 2869 24447 15607 4282 3542 8509 5593 3343 8840 6320 4319 2001 2108 1194 430 3456 11325
internal_count=58105 50066 8039 4141 36638 13428 3898 3062 1586 12191 11378 11884 5564 2869 24447 15607 4282 3542 8509 5593 3343 8840 6320 4319 2001 2108 1194 430 3456 11325
is_linear=0
shrinkage=0.05


Tree=58
num_leaves=31
num_cat=0
split_feature=4 5 3 10 3 12 9 6 6 11 13 7 8 7 10 11 4 5 8 7 12 13 8 7 7 6 12 7 10 13
split_gain=1428.77 587.594 264.553 143.751 130.906 105.018 73.2013 66.1091 63.2624 53.47 53.1771 79.9347 85.9871 54.5229 53.4965 64.3393 48.3911 47.9143 47.1242 46.8949 43.0725 52.9463 52.6278 42.2552 40.2766 38.9553 38.5761 49.1737 87.2454 71.2906
threshold=7.0950000286102304 2.0049999952316289 12.345475196838381 0.93038213253021251 7.0539255142211923 -0.28400452435016627 4.0250000953674325 948.25000000000011 962.54998779296886 10.650000095367433 1.0000000180025095e-35 0.68472337722778331 0.021515898406505588 0.93554237484931957 0.90255093574523937 8.3499999046325701 8.1050000190734881 1.4583333730697634 -0.98336225748062123 -0.464854747056961 -0.36648726463317866 -0.91597560048103321 -0.61794704198837269 0.85247093439102184 -0.92772412300109852 958.95001220703136 -0.46173103153705591 -0.6495143175125121 0.66259482502937328 -0.6035533845424651
decision_type=2 2 2 2 2 2 10 2 2 2 2 2 2 2 2 2 2 2 2 2 2 2 2 2 2 2 2 2 2 2
left_child=1 5 3 8 26 17 24 -5 -2 -9 14 -12 13 -13 20 18 -4 -1 -16 -18 21 -6 -23 -19 -7 -15 -3 28 -28 -29
right_child=2 4 16 7 10 6 -8 9 -10 -11 11 12 -14 25 15 -17 19 23 -20 -21 -22 22 -24 -25 -26 -27 27 29 -30 -31
leaf_value=-0.00057912635969338999 0.0007513968661741311 9.5348649156626331e-05 0.0021073571087046883 0.0021401238050973103 -0.0015450964239801135 -0.00032625477375938035 -0.00043055565049762647 0.0021210252837636392 0.0025391162363063245 0.0019145095149544101 0.0015177215971631547 -0.0020424348483115695 -0.0048697937495880503 -0.00051241085149747738 -0.0047260493134012151 0.00400904368663213 0.0021166779219312206 -0.00018312989559588118 0.0022502275580137399 0.0019993674890483094 8.8182049893775767e-06 0.0070285907845675294 0.0028438233757200589 -0.00077075247985582606 -0.00055400726284735274 0.0069291467584824303 -0.00071314809364802622 6.6339299318735063e-07 0.0016152251031126275 -0.00091636884070569406
leaf_weight=1963 2890 6232 875 355 619 356 938 650 338 822 5119 831 1213 306 80 905 313 2388 1613 2186 4164 508 1158 478 4517 361 2810 3392 1798 7900
leaf_count=1963 2890 6232 875 355 619 356 938 650 338 822 5119 831 1213 306 80 905 313 2388 1613 2186 4164 508 1158 478 4517 361 2810 3392 1798 7900
internal_value=-6.19803e-05 -0.00329379 0.0189649 0.0117095 -0.000452402 -0.013706 -0.0182342 0.0228985 0.00535107 0.0275559 0.002864 -0.000153159 -0.00708763 0.00093147 0.00547393 0.0115252 0.0298017 -0.00824369 0.00574205 0.0333666 0.00302913 0.00853712 0.0131658 -0.00411007 -0.020695 0.0115327 -0.00298143 -0.00428796 6.50336e-05 -0.00606356
internal_weight=58078 49649 8429 5055 39009 10640 5811 1827 3228 1472 16877 7830 2711 1498 9047 2598 3374 4829 1693 2499 6449 2285 1666 2866 4873 667 22132 15900 4608 11292
internal_count=58078 49649 8429 5055 39009 10640 5811 1827 3228 1472 16877 7830 2711 1498 9047 2598 3374 4829 1693 2499 6449 2285 1666 2866 4873 667 22132 15900 4608 11292
is_linear=0
shrinkage=0.05


Tree=59
num_leaves=31
num_cat=0
split_feature=4 5 3 10 3 12 6 7 15 6 9 3 5 14 7 10 6 15 9 6 15 15 15 6 7 12 6 4 6 6
split_gain=1363.42 547.079 261.983 150.019 115.638 111.537 63.7693 58.2864 63.0006 57.9062 54.3631 54.1852 46.8974 46.3331 45.2386 45.2078 42.9962 51.8558 41.9521 40.6924 43.0127 43.3947 42.9447 38.2297 62.6339 58.3146 59.9425 54.985 55.0864 43.5828
threshold=7.1649999618530282 1.985000014305115 12.345475196838381 0.93038213253021251 8.8530921936035174 -0.16504132002592084 948.25000000000011 0.88234141469001781 40.500000000000007 959.54998779296886 2.2649999856948857 5.0137321949005136 1.4583333730697634 8.0349998474121112 0.86564558744430553 0.9238443672657014 952.95001220703136 35.500000000000007 14.244999885559084 951.45001220703136 34.500000000000007 76.500000000000014 42.500000000000007 947.25000000000011 -0.41079147160053248 -0.59480014443397511 962.14999389648449 1.9249999523162844 958.85000610351574 943.54998779296886
decision_type=2 2 2 2 2 2 2 2 2 2 10 2 2 10 2 2 2 2 8 2 2 2 2 2 2 2 2 2 2 2
left_child=1 5 3 9 7 12 -5 11 -9 -2 -6 14 -1 -8 16 18 -3 -18 -4 22 -21 -22 -7 29 -25 26 -26 -27 -29 -13
right_child=2 4 15 6 10 19 13 8 -10 -11 -12 23 -14 -15 -16 -17 17 -19 -20 20 21 -23 -24 24 25 27 -28 28 -30 -31
leaf_value=-0.00053700586956620768 0.0003843435065816359 -0.00024548857777990446 0.0017082222513639944 0.0022784757768923984 0.0076353447897234807 -0.00055935604594181882 0.0019171953673271097 -0.0030999745628144267 -0.00093688336311113405 0.0022794917034399511 0.0016975617689424711 0.00085758303238801792 -0.00048621935878409469 0.0018266791451102605 0.0030251978611194061 0.0020292862007829705 -0.00080179777643901305 -0.00065552438679120572 0.0022327321300377903 -0.00054180467236251398 -0.0005193116435984335 -0.00051868703408813595 0.00016644515075098405 0.0024317408744461409 0.0045199199262661921 -0.0036325764212780105 -0.0026921582765109644 -0.00092390963579778171 0.0015714429370783656 -0.0017885488690658697
leaf_weight=2160 2442 6258 1668 340 195 1233 616 230 3976 501 7916 2117 3035 767 119 782 1047 2447 894 617 2230 658 420 3243 1191 279 193 5337 2281 2826
leaf_count=2160 2442 6258 1668 340 195 1233 616 230 3976 501 7916 2117 3035 767 119 782 1047 2447 894 617 2230 658 420 3243 1191 279 193 5337 2281 2826
internal_value=6.89382e-05 -0.00299922 0.019214 0.0115393 -0.000326525 -0.0132313 0.023235 -0.00169577 -0.00717169 0.00466418 0.0049963 -0.000852138 -0.00804808 0.0279899 -0.00381227 0.0298895 -0.00419186 -0.00863104 0.026568 -0.0184389 -0.0214957 -0.0188731 -0.0119119 0.000821314 0.00229069 0.000199225 0.00964723 -0.00146166 -0.00065591 -0.00290016
internal_weight=58018 50008 8010 4666 39655 10353 1723 31544 4206 2943 8111 27338 5195 1383 9871 3344 9752 3494 2562 5158 3505 2888 1653 17467 12524 9281 1384 7897 7618 4943
internal_count=58018 50008 8010 4666 39655 10353 1723 31544 4206 2943 8111 27338 5195 1383 9871 3344 9752 3494 2562 5158 3505 2888 1653 17467 12524 9281 1384 7897 7618 4943
is_linear=0
shrinkage=0.05


Tree=60
num_leaves=31
num_cat=0
split_feature=3 5 3 10 3 12 10 12 4 6 13 13 5 8 6 15 8 8 8 4 6 15 6 13 8 5 8 6 8 15
split_gain=1384.39 556.982 240.475 151.18 107.209 102.162 60.7165 67.5541 57.4984 51.05 48.0305 48.0053 47.9071 47.1857 44.617 81.2255 60.5523 67.1793 85.3154 63.5442 43.8046 45.3833 41.3206 41.0968 40.7372 44.5992 41.681 40.2318 39.1664 42.2007
threshold=10.499242782592775 1.985000014305115 12.466289043426515 0.94828754663467418 7.1319866180419931 -0.18222858756780622 0.94828754663467418 -0.061046212911605828 8.1050000190734881 962.64999389648449 0.78656607866287243 -0.91597560048103321 1.4583333730697634 0.99805629253387462 952.75000000000011 37.500000000000007 0.090250775218009963 0.88337317109107982 0.86674088239669811 2.8149999380111699 953.64999389648449 34.500000000000007 947.95001220703136 0.12940952181816109 1.0000000180025095e-35 1.0983333587646487 0.9392831325531007 961.45001220703136 0.92693281173706066 74.500000000000014
decision_type=2 2 2 2 2 2 2 2 2 2 2 2 2 2 2 2 2 2 2 2 2 2 2 2 2 2 2 2 2 2
left_child=1 5 3 9 14 12 13 -8 -4 -2 -9 -7 -1 -6 -3 27 -17 18 19 -18 -13 -22 -5 -11 25 -23 -26 -16 -19 -30
right_child=2 4 8 22 6 11 7 10 -10 23 -12 20 -14 -15 15 16 17 28 -20 -21 21 24 -24 -25 26 -27 -28 -29 29 -31
leaf_value=-0.00051264464111676485 0.001370900508031231 -0.00011918309089486469 0.0020092209907596362 0.0010152641104538508 0.00036582941071496293 -0.00018106041260129696 -0.00218189002141094 0.0027207529793160049 0.0018431152505874904 0.0024205702362602556 -0.0021477172001286072 -0.00052001145087288007 -0.00049068880490520355 0.005219978339342058 -0.00085176786112229242 0.00043638569696095094 -0.00099559671529690164 0.0036307166418178185 -0.0052868093503593084 -0.00040781481315277509 -0.00050521344352155619 -0.00049446941784787488 0.0019463220326848885 0.0014853532835644668 -0.00049353015854297351 -0.00047739814344205188 -0.00050297729287306764 -0.0018511890369501648 0.0004783622529716255 -0.0040344710414947534
leaf_weight=2119 3681 12888 984 100 13771 481 490 1461 2444 335 279 1869 2981 242 2456 3266 1156 246 143 1632 407 265 621 345 1080 870 215 234 994 94
leaf_count=2119 3681 12888 984 100 13771 481 490 1461 2444 335 279 1869 2981 242 2456 3266 1156 246 143 1632 407 265 621 345 1080 870 215 234 994 94
internal_value=1.11772e-05 -0.00318367 0.0186377 0.0117161 -0.000475138 -0.0135396 0.00263725 0.0102908 0.0288669 0.00818827 0.0148997 -0.0184804 -0.00850147 0.00141604 -0.00266289 -0.00512908 -0.00246152 -0.00638173 -0.0106097 -0.00862871 -0.020017 -0.0239444 0.0328512 0.0207299 -0.0212731 -0.0142544 -0.0273462 -0.0125788 0.00291262 -0.00118939
internal_weight=58149 49639 8510 5082 39352 10287 16243 2230 3428 4361 1740 5187 5100 14013 23109 10221 7531 4265 2931 2788 4706 2837 721 680 2430 1135 1295 2690 1334 1088
internal_count=58149 49639 8510 5082 39352 10287 16243 2230 3428 4361 1740 5187 5100 14013 23109 10221 7531 4265 2931 2788 4706 2837 721 680 2430 1135 1295 2690 1334 1088
is_linear=0
shrinkage=0.05


Tree=61
num_leaves=31
num_cat=0
split_feature=3 3 3 10 9 7 7 11 2 10 9 12 12 10 3 6 13 6 10 12 12 8 6 8 6 10 6 13 12 6
split_gain=1313.89 451.687 243.65 158.62 132.111 98.6481 74.0476 62.1608 57.9151 51.1931 49.6408 46.574 46.1062 39.9776 38.6735 36.8389 35.4087 65.3983 47.5031 84.0005 62.7368 49.8973 34.3987 34.1397 35.1629 36.8397 32.4565 37.5333 32.3376 31.9181
threshold=10.499242782592775 3.0527968406677251 12.466289043426515 0.9170251488685609 4.5750000476837167 -0.7360914647579192 0.63303324580192577 3.2500000000000004 14.500000000000002 0.9238443672657014 14.244999885559084 -0.026175950653851029 0.2503704726696015 0.94828754663467418 2.6820437908172612 940.64999389648449 0.91597560048103344 946.54998779296886 0.94260558485984813 -0.13052122294902799 0.47714059054851538 0.97653719782829296 959.45001220703136 0.65765425562858593 944.14999389648449 0.74892720580101024 948.45001220703136 -0.6035533845424651 -0.52247866988182057 952.14999389648449
decision_type=2 2 2 2 8 2 2 2 2 2 8 2 2 2 2 2 2 2 2 2 2 2 2 2 2 2 2 2 2 2
left_child=1 5 3 12 6 15 23 -6 14 10 -4 -5 22 -13 -7 -1 18 -18 -9 -20 21 -21 -2 24 25 -3 -14 -28 -26 -23
right_child=2 4 9 11 7 8 -8 16 -10 -11 -12 13 26 -15 -16 -17 17 -19 19 20 -22 29 -24 -25 28 -27 27 -29 -30 -31
leaf_value=-0.0006782211417362291 0.0013924699763456284 -0.0012363297926237897 0.0015875816523923448 -0.002531649436646544 -0.0007277258513471792 -0.00047995277134547828 -0.00056795988423267291 0.00028931250452416123 -0.00046953063822285338 0.0018470298945744757 0.0020270889629647212 0.0018231797183999949 -0.006280598222948075 0.0019342369474088239 -0.00050360016176308024 -0.00010964063456343904 -0.0040280077376700155 -4.8344584299814258e-05 -0.0016859841569555689 0.0028555527647545101 0.00071956709343548868 -0.0055489811383395097 0.0021765884816223103 -0.00091560734921460659 0.0017536886520921086 0.0012033148526806347 0.0034414673618754889 -0.0014643024873863932 -0.0003435147393987922 0.002814972245845876
leaf_weight=326 1825 1148 1769 85 4617 1720 1952 20649 4500 737 894 614 152 651 524 1845 515 2549 814 1645 1306 139 540 1691 931 324 263 909 2443 121
leaf_count=326 1825 1148 1769 85 4617 1720 1952 20649 4500 737 894 614 152 651 524 1845 515 2549 814 1645 1306 139 540 1691 931 324 263 909 2443 121
internal_value=3.09262e-05 -0.00306346 0.0182674 0.0112708 -0.00083723 -0.0132567 -0.00638686 0.000619592 -0.0162394 0.028605 0.0252811 0.0259041 0.00588793 0.0283071 -0.0228101 -0.00397518 0.0015139 -0.00355165 0.00214352 0.00710918 0.0107432 0.0165183 0.0100633 -0.0038291 -0.00169037 -0.00812458 -0.00158014 0.00127443 0.00112459 -0.00377358
internal_weight=58198 49759 8439 5039 40844 8915 8489 32355 6744 3400 2663 1350 3689 1265 2244 2171 27738 3064 24674 4025 3211 1905 2365 6537 4846 1472 1324 1172 3374 260
internal_count=58198 49759 8439 5039 40844 8915 8489 32355 6744 3400 2663 1350 3689 1265 2244 2171 27738 3064 24674 4025 3211 1905 2365 6537 4846 1472 1324 1172 3374 260
is_linear=0
shrinkage=0.05


Tree=62
num_leaves=31
num_cat=0
split_feature=4 5 3 10 3 3 15 8 2 14 7 7 15 12 9 15 7 10 10 9 9 8 8 3 7 7 8 8 15 7
split_gain=1305.12 492.15 239.741 162.802 96.921 84.0777 70.6717 64.378 63.5239 51.4793 45.2125 44.9722 71.8542 43.0687 52.8126 41.6771 47.837 41.1796 36.8779 36.5001 35.5851 35.5308 75.2678 38.7859 35.7844 41.5686 35.4311 35.136 44.8506 41.3101
threshold=7.1649999618530282 2.2150000333786015 12.466289043426515 0.93038213253021251 1.7241498827934267 8.8530921936035174 75.500000000000014 1.0000000180025095e-35 41.500000000000007 8.2950000762939471 -0.53914576768875111 0.88234141469001781 40.500000000000007 0.36648726463317877 3.1149998903274541 43.500000000000007 0.31881132721900945 0.9238443672657014 -0.87878364324569691 14.244999885559084 3.7350000143051152 -0.99351876974105824 -0.97653719782829274 5.0137321949005136 0.16894881427288058 0.2027285918593407 -0.92530733346939076 0.021515898406505588 84.500000000000014 0.99630826711654674
decision_type=2 2 2 2 2 2 2 2 2 10 2 2 2 2 10 2 2 2 2 8 10 2 2 2 2 2 2 2 2 2
left_child=1 4 3 -2 10 11 8 -8 15 -5 -1 21 -13 14 -7 -6 18 19 -17 -4 -18 -3 24 26 -23 -26 -24 28 29 -14
right_child=2 5 17 9 6 13 7 -9 -10 -11 -12 12 27 -15 -16 16 20 -19 -20 -21 -22 22 23 -25 25 -27 -28 -29 -30 -31
leaf_value=-0.00048518210109707913 0.00096652271931363669 -0.0015809251148686324 0.0014712682126449468 0.0016850510843091637 -0.0004821248212019786 0.0083179279771837984 -0.00021282885793154645 -0.00047334871412909457 0.00018891816425269312 0.0016605580585104308 -0.00045178105769819719 -0.0033947243373594576 -0.0017166700132278279 -0.00064459655299816125 0.0018946590991311464 -0.0005012096409312411 -0.00044654768801839843 0.0017205861645641697 0.0013123075984076429 0.0018842710391976437 -0.00011378749907674079 0.0013387950080803485 -0.0012405584144419579 0.00017902628046398487 0.015498248209574234 0.00088215641901404497 -0.00036995561825439521 -0.0014554424885920533 0.0037100018713059194 0.0033945784260151859
leaf_weight=557 3022 1033 1580 921 4284 136 426 1185 1615 848 1473 216 1099 2013 6023 794 1329 721 895 879 644 737 523 15768 221 111 6517 1873 213 424
leaf_count=557 3022 1033 1580 921 4284 136 426 1185 1615 848 1473 216 1099 2013 6023 794 1329 721 895 879 644 737 523 15768 221 111 6517 1873 213 424
internal_value=8.9524e-05 -0.00290039 0.0188754 0.0117911 -0.0111835 6.36649e-05 -0.00934956 -0.0190285 -0.0077096 0.0238162 -0.0212285 -0.00120912 -0.00625326 0.00453712 0.00661097 -0.00954597 -0.00561767 0.0295133 0.000560803 0.026319 -0.0108948 -0.000433474 -3.97789e-05 -0.000648753 0.0128957 0.0264095 -0.00373314 -0.00455174 0.000574383 -0.00245419
internal_weight=58080 50109 7971 4791 13202 36907 11172 1611 9561 1769 2030 28735 3825 8172 6159 7946 3662 3180 1689 2459 1973 24910 23877 22808 1069 332 7040 3609 1736 1523
internal_count=58080 50109 7971 4791 13202 36907 11172 1611 9561 1769 2030 28735 3825 8172 6159 7946 3662 3180 1689 2459 1973 24910 23877 22808 1069 332 7040 3609 1736 1523
is_linear=0
shrinkage=0.05


Tree=63
num_leaves=31
num_cat=0
split_feature=4 4 3 6 10 3 3 6 10 15 12 6 13 15 11 9 9 12 10 13 6 3 13 7 6 12 15 7 15 6
split_gain=1255.58 447.474 238.831 147.658 131.242 84.1848 71.7862 62.8661 52.4897 52.3737 52.568 53.365 52.1434 46.7245 45.9349 44.2271 42.5481 43.1109 46.7255 69.4646 42.3986 38.894 35.2166 57.9584 105.212 71.1391 54.3359 41.7374 36.5905 37.7807
threshold=7.1649999618530282 2.1350001096725468 12.345475196838381 952.35000610351574 0.93038213253021251 8.8530921936035174 2.6383464336395268 948.95001220703136 0.9238443672657014 75.500000000000014 0.39873388409614569 958.14999389648449 1.0000000180025095e-35 33.500000000000007 10.650000095367433 14.244999885559084 5.6150000095367441 -0.33379416167736048 0.89490029215812694 -0.37940952181816096 950.85000610351574 5.0137321949005136 0.12940952181816109 -0.60945609211921681 947.25000000000011 -0.07845610752701758 39.500000000000007 -0.36324666440486902 84.500000000000014 959.04998779296886
decision_type=2 2 2 2 2 2 2 2 2 2 2 2 2 2 2 8 10 2 2 2 2 2 2 2 2 2 2 2 2 2
left_child=1 3 4 12 20 21 -5 -6 15 10 -8 -12 13 -1 -9 -4 -7 -18 -19 -20 -2 -3 -23 24 -24 28 -27 -28 -25 -30
right_child=2 5 8 6 7 16 9 14 -10 -11 11 -13 -14 -15 -16 -17 17 18 19 -21 -22 22 23 25 -26 26 27 -29 29 -31
leaf_value=-0.0003911627516858779 -0.0012712389542766601 -0.00043557582014126729 0.0013914995171918215 -0.00042364913168391367 0.0018063032865534958 0.0069532635288741601 -0.0004467017238279761 0.0016657271194118863 0.0016280253295395675 -0.00048260154299125654 -0.00045609276927400627 -0.00068634900068471688 -0.00046834582494056887 0.0010812792202356766 0.0013976234704988157 0.001778153144648459 0.0031000450570315002 -0.00065330054880770186 0.0031133805273042964 0.00042914029822413435 0.0014587206965692491 0.00042454239206567851 -0.00095112693435393737 0.0013699681864608349 0.0063943411490610313 -0.004076014786728567 -0.006255677351489442 -0.001142436069869342 -0.0051517523550071234 0.0013234989391769205
leaf_weight=2087 1184 8365 1686 2940 377 215 2472 577 754 1032 389 465 3679 1107 769 908 1586 3722 956 1623 1757 11209 1474 1921 857 1132 97 2310 202 185
leaf_count=2087 1184 8365 1686 2940 377 215 2472 577 754 1032 389 465 3679 1107 769 908 1586 3722 956 1623 1757 11209 1474 1921 857 1132 97 2310 202 185
internal_value=-7.14999e-05 -0.00301519 0.0182986 -0.0105354 0.0109659 -4.18305e-05 -0.0154868 0.0219039 0.028482 -0.0113912 -0.00831582 -0.0189756 -0.00527043 -0.000593936 0.026943 0.0250096 0.00444061 0.003833 0.00197431 0.00714009 0.00453157 -0.00135101 -0.000121184 -0.00261518 0.00404538 -0.0052717 -0.00972065 -0.00545191 0.00155642 -0.0123724
internal_weight=58037 50025 8012 14171 4664 35854 7298 1723 3348 4358 3326 854 6873 3194 1346 2594 8102 7887 6301 2579 2941 27752 19387 8178 2331 5847 3539 2407 2308 387
internal_count=58037 50025 8012 14171 4664 35854 7298 1723 3348 4358 3326 854 6873 3194 1346 2594 8102 7887 6301 2579 2941 27752 19387 8178 2331 5847 3539 2407 2308 387
is_linear=0
shrinkage=0.05


Tree=64
num_leaves=31
num_cat=0
split_feature=4 5 3 6 3 15 3 8 13 6 11 4 2 12 12 9 13 6 7 15 7 7 11 12 7 13 15 6 7 7
split_gain=1215.61 456.723 239.119 99.243 86.2588 81.0809 98.4842 56.1173 52.523 48.098 46.4505 44.8635 43.9576 42.0156 41.8297 59.057 41.1997 40.4885 39.251 64.4104 56.5943 38.8991 43.9233 38.3837 52.4704 89.2105 62.1772 58.5134 57.6187 50.4029
threshold=7.1649999618530282 2.0049999952316289 12.345475196838381 960.14999389648449 8.8530921936035174 75.500000000000014 2.6383464336395268 1.0000000180025095e-35 0.78656607866287243 948.35000610351574 10.650000095367433 8.1050000190734881 17.500000000000004 -0.80382624268531788 0.36648726463317877 2.2649999856948857 -0.37940952181816096 952.14999389648449 0.88234141469001781 41.500000000000007 0.86564558744430553 -0.036512531340122216 12.650000095367433 -0.44618082046508784 -0.60945609211921681 -0.6035533845424651 43.500000000000007 947.64999389648449 0.76172897219657909 -0.50248053669929493
decision_type=2 2 2 2 2 2 2 2 2 2 2 2 2 2 2 10 2 2 2 2 2 2 2 2 2 2 2 2 2 2
left_child=1 5 3 9 18 6 12 -7 -5 -2 -11 -4 -1 -8 15 -6 -16 -14 20 -20 23 22 -13 -3 27 29 -27 -25 -28 -26
right_child=2 4 11 8 14 7 13 -9 -10 10 -12 21 17 -15 16 -17 -18 -19 19 -21 -22 -23 -24 24 25 26 28 -29 -30 -31
leaf_value=-0.00041269493659532274 -0.00067465958053999908 0.00043061314417338487 0.0015859324163227163 0.0018003954566841009 0.007632479011696486 -0.00037628773898140178 0.00088837228752455084 -0.00041246449743513884 -0.00059442827796376001 0.00099970085473400912 0.0012055569409665458 -0.00028783214900485464 -0.00035201730106503297 -0.00043573487654838212 0.0028563410676896665 0.0017825203854768047 -0.0020147151262264185 -0.00040304447036443005 -0.002732982697274032 -0.00073468178614673619 0.0027930381651273418 0.0015650264644430035 0.0013350555480627802 -0.00030797502907091434 -0.0014796294207945753 -0.0010770805909708374 -0.00014732898602783356 0.0017289070323443382 -0.0022798053197972934 0.00065948553124331184
leaf_weight=1925 1104 7409 843 702 146 386 889 1106 139 1257 1467 124 1377 3496 562 6024 1457 1410 240 3915 360 1655 694 4443 326 4829 3786 2027 358 3617
leaf_count=1925 1104 7409 843 702 146 386 889 1106 139 1257 1467 124 1377 3496 562 6024 1457 1410 240 3915 360 1655 694 4443 326 4829 3786 2027 358 3617
internal_value=-7.7482e-06 -0.00289661 0.0181039 0.0107938 -0.000424008 -0.0121153 -0.0103329 -0.0229125 0.0263002 0.00735716 0.0109198 0.028365 -0.0153487 -0.00493166 0.00414328 0.00618623 -0.0020998 -0.0113001 -0.00161903 -0.00614183 -0.000925994 0.0317797 0.0226002 -0.00119216 -0.00236192 -0.00420246 -0.00695589 0.00131274 -0.00245842 0.00206434
internal_weight=58073 50088 7985 4669 39499 10589 9097 1492 841 3828 2724 3316 4712 4385 8189 6170 2019 2787 31310 4155 27155 2473 818 26795 19386 12916 8973 6470 4144 3943
internal_count=58073 50088 7985 4669 39499 10589 9097 1492 841 3828 2724 3316 4712 4385 8189 6170 2019 2787 31310 4155 27155 2473 818 26795 19386 12916 8973 6470 4144 3943
is_linear=0
shrinkage=0.05


Tree=65
num_leaves=31
num_cat=0
split_feature=4 3 3 10 3 11 14 6 15 3 9 6 12 7 4 8 8 8 12 7 8 6 8 8 7 7 7 7 6 15
split_gain=1181.52 393.163 241.828 142.277 102.569 70.3079 63.2081 63.1274 47.5768 42.79 41.8094 41.407 41.3469 53.921 41.8546 36.6516 64.1953 63.2599 55.9478 56.6359 44.9829 52.164 51.8928 74.4182 55.6612 41.1834 109.3 93.8744 56.1841 61.7332
threshold=7.1649999618530282 3.7791117429733281 12.88586473464966 0.93038213253021251 1.7241498827934267 3.2500000000000004 8.6549997329711932 959.54998779296886 81.500000000000014 8.8530921936035174 2.2649999856948857 948.95001220703136 -0.62249094247817982 -0.92772412300109852 1.8500000238418581 -0.61794704198837269 -0.38516426086425776 -0.63137066364288319 -0.68832838535308827 -0.71238943934440602 -0.99532556533813465 947.25000000000011 -0.82801559567451466 -0.98009455204009999 0.16894881427288058 0.46866798400878912 0.31881132721900945 0.49128657579422003 955.04998779296886 26.500000000000004
decision_type=2 2 2 2 2 2 10 2 2 2 10 2 2 2 2 2 2 2 2 2 2 2 2 2 2 2 2 2 2 2
left_child=1 4 3 7 -1 -3 -5 -2 12 15 -11 -8 -6 -14 -15 17 -17 18 19 -7 -20 -22 23 24 -23 26 28 -27 -18 -30
right_child=2 5 -4 6 8 9 11 -9 -10 10 -12 -13 13 14 -16 16 25 -19 20 -21 21 22 -24 -25 -26 27 -28 -29 29 -31
leaf_value=-0.00038974876767168738 0.00060359218916804236 -0.00066288859066129249 0.0014704868455690469 0.0011453806743708967 -0.00028870558334368937 -0.0042354939852734669 0.0019488298491693035 0.0017212232758435199 -0.0003959406320640702 0.0061122500400115415 0.0012395756379590173 0.0014878711305060467 0.00028233132254128489 -0.00038793873055665954 -0.00038943535388127583 -0.0018714003183246135 0.00039898800061014748 0.0074158827555892322 -0.0024317475492955294 0.0043693378613658589 -0.0018425998974460622 0.0012387511568526578 0.0034211397179132854 -0.00094131125433116476 0.016312598665801859 -0.0054637555275263462 0.0059807287059920732 -0.00058790233108657651 -0.0049993786569603425 -0.0012022021544598597
leaf_weight=2065 2894 4733 2586 1080 2837 120 122 648 673 193 7871 685 903 4110 2913 2126 7494 156 546 920 1021 577 1322 2461 183 146 618 4712 157 1106
leaf_count=2065 2894 4733 2586 1080 2837 120 122 648 673 193 7871 685 903 4110 2913 2126 7494 156 546 920 1021 577 1322 2461 183 146 618 4712 157 1106
internal_value=-1.55218e-05 -0.00287484 0.0177993 0.0117869 -0.0101622 -0.000175501 0.0228594 0.00586411 -0.00830347 0.00067278 0.00381708 0.033436 -0.00748978 -0.00934308 -0.010821 -0.00039924 -0.00171413 0.00254411 0.00184486 0.0125359 1.63532e-05 0.0013647 0.00366095 0.000232486 0.0138562 -0.000502177 0.0014339 -0.00423607 -5.70646e-06 -0.00973975
internal_weight=57978 49963 8015 5429 13501 36462 1887 3542 11436 31729 8064 807 10763 7926 7023 23665 16359 7306 7150 1040 6110 5564 4543 3221 760 14233 9375 4858 8757 1263
internal_count=57978 49963 8015 5429 13501 36462 1887 3542 11436 31729 8064 807 10763 7926 7023 23665 16359 7306 7150 1040 6110 5564 4543 3221 760 14233 9375 4858 8757 1263
is_linear=0
shrinkage=0.05


Tree=66
num_leaves=31
num_cat=0
split_feature=4 5 3 10 3 4 2 6 6 6 7 15 3 15 8 10 12 3 12 8 8 8 4 10 8 8 8 11 4 8
split_gain=1163.17 429.389 255.724 141.394 89.5301 67.4777 66.7191 59.5361 48.5591 47.9586 47.6097 52.7388 50.9072 43.9789 62.2346 42.7037 42.353 42.336 41.4212 49.9948 59.3054 53.0066 55.1784 46.7648 42.6175 40.4934 41.7564 39.9081 39.5573 35.2366
threshold=7.1649999618530282 2.2150000333786015 12.466289043426515 0.93038213253021251 1.7241498827934267 5.7249999046325692 41.500000000000007 948.25000000000011 950.85000610351574 958.95001220703136 0.88234141469001781 35.500000000000007 6.8662269115448007 75.500000000000014 1.0000000180025095e-35 0.9238443672657014 0.33379416167736059 2.7989460229873662 -0.44618082046508784 -0.99141839146614064 -0.97653719782829274 -0.82801559567451466 3.9250000715255742 -0.85260769724845875 0.96962100267410289 0.99805629253387462 0.97745609283447277 10.750000000000002 9.3550000190734881 -0.99141839146614064
decision_type=2 2 2 2 2 2 2 2 2 2 2 2 2 2 2 2 2 2 2 2 2 2 2 2 2 2 2 2 2 2
left_child=1 4 3 8 -1 10 13 -5 -2 25 12 -12 -3 17 -15 28 -11 -6 23 -20 -21 -22 -23 -14 -24 26 -7 -9 -4 -19
right_child=2 5 15 7 6 9 -8 27 -10 16 11 -13 18 14 -16 -17 -18 29 19 20 21 22 24 -25 -26 -27 -28 -29 -30 -31
leaf_value=-0.00036970426597673152 -0.0016973933087618964 -0.00033324220429387531 0.0013139198362015049 0.0017137736616199301 -0.00037094140691788986 0.00071891687026394294 -4.8081794408265897e-06 0.0014647530134498849 0.0012472490417093031 0.0027097016570589217 -0.0040562348037378451 -0.00094846137422564857 0.0043726711562244863 -0.00015381376548080292 -0.00038589806843985255 0.0014165424512298187 0.0012923483571206152 0.0012100542009984968 -0.0044879079473153114 0.0094318413266325681 -0.0028833386729775774 -0.0024775785943765977 0.002916766035048013 -0.0024864082064850941 -0.0014815769526611928 0.0069206613530381688 -0.0052702153094896734 0.0011441471252952918 0.0013822988797812575 -0.00041683539366098088
leaf_weight=2007 1182 15580 1650 348 3477 6325 1866 648 1829 1333 129 4064 1707 375 1014 741 925 206 260 244 892 757 3345 324 505 124 327 779 784 4297
leaf_count=2007 1182 15580 1650 348 3477 6325 1866 648 1829 1333 129 4064 1707 375 1014 741 925 206 260 244 892 757 3345 324 505 124 327 779 784 4297
internal_value=0.000110252 -0.00271223 0.0178571 0.0105406 -0.0104326 6.3779e-05 -0.00868772 0.0217135 0.00392905 0.00381679 -0.00115598 -0.00606241 -0.00028367 -0.0104064 -0.0186155 0.0288522 0.0101193 -0.00896681 0.00294813 0.00085719 0.00183542 0.000753997 0.00291631 0.009111 0.00534371 0.00171066 0.0011717 0.0262221 0.0255433 -0.00575643
internal_weight=58044 50083 7961 4786 13242 36841 11235 1775 3011 9034 27807 4193 23614 9369 1389 3175 2258 7980 8034 6003 5743 5499 4607 2031 3850 6776 6652 1427 2434 4503
internal_count=58044 50083 7961 4786 13242 36841 11235 1775 3011 9034 27807 4193 23614 9369 1389 3175 2258 7980 8034 6003 5743 5499 4607 2031 3850 6776 6652 1427 2434 4503
is_linear=0
shrinkage=0.05


Tree=67
num_leaves=31
num_cat=0
split_feature=3 5 4 10 3 15 3 7 10 6 5 7 8 11 8 8 2 6 15 8 4 6 7 7 15 10 7 7 6 6
split_gain=1109.82 411.113 203.027 105.102 76.2114 73.7448 90.8132 70.7853 49.3701 86.1727 49.2765 48.5064 47.3058 45.1363 41.637 39.0816 36.3189 35.8724 66.0978 88.6916 46.9028 45.465 37.6272 49.243 37.2778 61.7784 46.8974 36.7676 36.2355 34.9454
threshold=10.84651041030884 2.0049999952316289 8.7349996566772479 0.9238443672657014 8.0391931533813494 75.500000000000014 2.6383464336395268 -0.464854747056961 0.94828754663467418 954.45001220703136 5.5216667652130136 -0.92772412300109852 1.0000000180025095e-35 9.4499998092651385 0.96962100267410289 0.99805629253387462 29.500000000000004 954.25000000000011 37.500000000000007 0.090250775218009963 3.1049998998641972 959.14999389648449 0.96906387805938732 0.94982600212097179 13.500000000000002 0.7933231294155122 -0.92772412300109852 0.97316074371337902 962.75000000000011 959.54998779296886
decision_type=2 2 2 2 2 2 2 2 2 2 2 2 2 2 2 2 2 2 2 2 2 2 2 2 2 2 2 2 2 2
left_child=1 5 3 13 17 6 11 -4 15 10 -10 16 -7 -2 -5 -6 -1 24 -19 -20 22 27 23 -21 25 26 -3 -22 -23 -15
right_child=2 4 7 14 8 12 -8 -9 9 -11 -12 -13 -14 29 -16 -17 -18 18 19 20 21 28 -24 -25 -26 -27 -28 -29 -30 -31
leaf_value=-0.00055941399899300315 0.00085717375045344388 -0.00025900657327718597 0.0013610425444550629 0.0013663143312462823 0.00049791518594622948 -0.00033899594051535692 -0.00032698186840163582 0.0012431663423277202 -0.0035552308154743724 0.0020121888529170324 0.0012616940909548208 -0.00035087265351843485 -0.00035148760624485937 0.001184817698240881 0.00014517352170038134 0.0051524052038148145 0.00094720312447162916 -0.00094611739839808862 0.00078300224572157371 -0.00087019764399259814 -0.0016064930439831752 0.0024843164230220188 -0.00161161258900418 0.0033172743348244549 4.1498562503619612e-05 0.0046166636205980547 -0.0020843454598507105 -0.0048150991521214263 -0.00099437667252999799 0.0014835452814702
leaf_weight=366 1401 253 416 944 10493 380 4405 1702 410 668 626 4141 1080 2119 131 197 196 2427 3759 1461 1256 724 231 87 16182 255 399 86 563 615
leaf_count=366 1401 253 416 944 10493 380 4405 1702 410 668 626 4141 1080 2119 131 197 196 2427 3759 1461 1256 724 231 87 16182 255 399 86 563 615
internal_value=5.26062e-05 -0.00257947 0.0182326 0.0129051 -0.000265705 -0.0113497 -0.00966751 0.0312765 0.00299218 0.0108836 0.00182517 -0.0144966 -0.0217747 0.00926329 0.0268056 0.00172978 -0.000705467 -0.00172457 -0.00400981 -0.00185389 -0.00666213 -0.00241078 -0.0129204 -0.0100451 -0.000307125 -0.0101425 -0.0182648 -0.00883445 0.00429567 0.0129974
internal_weight=57973 50645 7328 5210 40077 10568 9108 2118 12394 1704 1036 4703 1460 4135 1075 10690 562 27683 10594 8167 4408 2629 1779 1548 17089 907 652 1342 1287 2734
internal_count=57973 50645 7328 5210 40077 10568 9108 2118 12394 1704 1036 4703 1460 4135 1075 10690 562 27683 10594 8167 4408 2629 1779 1548 17089 907 652 1342 1287 2734
is_linear=0
shrinkage=0.05


Tree=68
num_leaves=31
num_cat=0
split_feature=3 5 4 4 10 11 3 7 12 6 8 8 11 7 7 6 8 7 7 13 7 3 6 12 5 7 13 7 8 8
split_gain=1091.8 451.121 164.395 98.1448 90.6392 91.0294 83.1888 66.5572 63.0147 58.2987 64.5637 67.6252 52.7358 52.4804 52.4242 51.8096 47.5193 76.1728 51.2602 49.79 47.1263 42.7721 39.8216 39.0145 34.9965 34.8749 34.0685 33.9035 33.6226 34.0861
threshold=11.576088428497316 2.2983332872390752 8.1050000190734881 5.7249999046325692 0.89490029215812694 8.9499998092651385 1.7241498827934267 -0.17316619306802747 -0.59480014443397511 964.85000610351574 -0.20061247795820233 -0.064414007589220987 11.84999990463257 0.94431108236312877 0.88234141469001781 958.35000610351574 1.0000000180025095e-35 0.86133140325546276 0.52093526721000682 -0.6035533845424651 0.86564558744430553 7.0539255142211923 963.25000000000011 0.38266885280609136 6.5683333873748788 0.89799436926841747 0.37940952181816107 0.85247093439102184 0.83987808227539074 0.86458376049995433
decision_type=2 2 2 2 2 2 2 2 2 2 2 2 2 2 2 2 2 2 2 2 2 2 2 2 2 2 2 2 2 2
left_child=1 6 9 14 -5 15 -1 12 13 10 -2 -12 -4 26 20 -6 17 -10 -18 25 21 27 -19 -17 -9 -20 -8 28 -3 -30
right_child=2 3 7 4 5 -7 8 24 16 -11 11 -13 -14 -15 -16 23 18 22 19 -21 -22 -23 -24 -25 -26 -27 -28 -29 29 -31
leaf_value=-0.00033437393348316192 0.0014615363676864946 -6.0717372566079097e-05 -0.0022051678400698107 0.00017046821495148023 -0.00027715352072580772 0.0015553493837360767 0.00034173676134475334 0.0015528927042993803 -0.00034129620693008293 0.0013691536573952835 -0.0086834543409878232 0.0012606538131663847 0.0011166760983194386 -0.00051886802916078568 -0.0011747277201904157 0.003382349394114104 -0.00036237393257010912 0.00093060819562098976 0.00098531502406102103 -0.00034866175613925137 0.0030540251607210534 0.0011237757715445733 -0.00031917173359648552 0.00029623568322628691 0.0012362473757446702 -0.00036707652300504192 -0.00046838722261743801 -0.0027462457333796379 -0.0020445501834956172 -0.00062535358359218233
leaf_weight=2019 885 11782 83 6629 2097 2195 2171 132 3779 316 161 908 696 369 4038 605 2064 599 203 1241 311 7184 158 351 2049 231 1376 90 281 3061
leaf_count=2019 885 11782 83 6629 2097 2195 2171 132 3779 316 161 908 696 369 4038 605 2064 599 203 1241 311 7184 158 351 2049 231 1376 90 281 3061
internal_value=7.23277e-05 -0.00208558 0.0218529 0.000717078 0.0044984 0.00940415 -0.00970102 0.0296121 -0.00813791 0.0116923 0.00842266 0.000139665 0.0169005 -0.00290742 -0.000962545 0.00380968 -0.0106099 -0.00715701 -0.0147837 -0.0212798 -2.86167e-05 -0.000299067 0.00728346 0.0134235 0.0341034 -0.00660592 -0.00102759 -0.00180038 -0.0016128 -0.00603526
internal_weight=58064 52834 5230 38624 11877 5248 14210 2960 12191 2270 1954 1069 779 3916 26747 3053 8275 4536 3739 1675 22709 22398 757 956 2181 434 3547 15214 15124 3342
internal_count=58064 52834 5230 38624 11877 5248 14210 2960 12191 2270 1954 1069 779 3916 26747 3053 8275 4536 3739 1675 22709 22398 757 956 2181 434 3547 15214 15124 3342
is_linear=0
shrinkage=0.05


Tree=69
num_leaves=31
num_cat=0
split_feature=4 5 3 10 6 9 10 6 14 12 11 10 9 6 7 7 6 8 8 7 6 14 9 7 15 7 7 4 13 15
split_gain=1067.29 372.789 243.3 93.4246 90.1473 83.1419 58.7344 53.3944 52.9897 50.9085 71.5537 50.4723 55.5112 49.0314 51.0067 46.3506 44.0967 41.653 97.673 48.6307 40.3952 40.4972 40.3723 66.6857 42.0036 58.6504 40.1475 43.7543 41.2355 61.8466
threshold=7.1649999618530282 2.2350000143051152 12.345475196838381 0.93038213253021251 951.64999389648449 2.4550000429153447 -0.85260769724845875 973.35000610351574 8.6549997329711932 0.43049471080303198 9.7500000000000018 0.9238443672657014 14.244999885559084 947.64999389648449 -0.019329105038195845 -0.1900704428553581 959.54998779296886 -0.99351876974105824 -0.97653719782829274 0.15198152512311938 948.85000610351574 3.4250000715255742 10.25500011444092 0.88234141469001781 74.500000000000014 0.25293653458356863 -0.86779624223709095 2.2050000429153447 -0.37940952181816096 31.500000000000004
decision_type=2 2 2 2 2 10 2 2 10 2 2 2 8 2 2 2 2 2 2 2 2 10 8 2 2 2 2 2 2 2
left_child=1 4 3 16 6 -6 20 9 -5 13 26 12 -4 14 15 -3 -2 -15 19 -19 -1 -22 23 24 -20 -26 -11 -28 29 -29
right_child=2 7 11 8 5 -7 -8 -9 -10 10 -12 -13 -14 17 -16 -17 -18 18 22 -21 21 -23 -24 -25 25 -27 27 28 -30 -31
leaf_value=-0.00044496786148656605 0.00030171622972539615 -0.00065775928001888953 0.000973331491256313 0.00087228609416946661 -0.00031204237324381563 -0.00033795469910178987 2.5125695482892432e-05 0.0031995806110712843 0.0012481121024884802 0.00056569245831625085 0.0025483710809849794 0.0012276363880614428 0.0013996028082726986 -0.0015020228924465849 0.0059154447512305671 -0.0052281958551544903 0.0015167222950839832 0.0019903426712321692 0.00080245988068667479 0.013328378768738 -0.00028203156593426605 0.0047815412221342826 0.0016492397513007352 -0.0012684299883942429 -0.0052448253617533693 -0.00016304258853598044 -0.00059575869274585249 -0.0011257147572748831 -0.0014418060971923942 0.0025485818563391982
leaf_weight=2318 2444 6142 1657 1089 3748 3911 2818 238 659 1202 1485 781 905 979 458 222 499 640 10019 346 473 182 4081 2649 311 1261 778 773 3813 1094
leaf_count=2318 2444 6142 1657 1089 3748 3911 2818 238 659 1202 1485 781 905 979 458 222 499 640 10019 346 473 182 4081 2649 311 1261 778 773 3813 1094
internal_value=0.000195757 -0.00252573 0.0171041 0.00974233 -0.00963954 -0.0131981 -0.00492581 9.72709e-05 0.0188819 -5.92973e-05 -0.00328415 0.0274044 0.023919 0.00102903 -0.00263659 -0.00379965 0.00429104 0.00226209 0.00277289 0.0180626 -0.00982203 0.00113636 0.00194532 0.000687961 0.00232408 -0.00526316 -0.00523157 -0.00679251 -0.00525945 0.000827991
internal_weight=57975 49941 8034 4691 13450 7659 5791 36491 1748 36253 9145 3343 2562 27108 6822 6364 2943 20286 19307 986 2973 655 18321 14240 11591 1572 7660 6458 5680 1867
internal_count=57975 49941 8034 4691 13450 7659 5791 36491 1748 36253 9145 3343 2562 27108 6822 6364 2943 20286 19307 986 2973 655 18321 14240 11591 1572 7660 6458 5680 1867
is_linear=0
shrinkage=0.05


Tree=70
num_leaves=31
num_cat=0
split_feature=3 5 4 4 10 11 12 8 8 12 13 13 8 8 8 2 13 10 12 5 10 14 8 4 5 3 8 9 13 8
split_gain=1048.52 402.59 141.097 103.347 80.5812 75.6101 73.7246 49.2217 75.4777 48.8072 47.8827 44.6504 43.5374 42.7277 57.5153 42.2344 41.9244 71.0303 55.5253 40.4493 39.8328 57.1305 39.6554 38.8424 38.6461 37.8274 36.9526 36.8922 35.4096 33.8256
threshold=11.680560588836672 2.0049999952316289 8.1050000190734881 5.7249999046325692 0.89490029215812694 8.9499998092651385 -0.13052122294902799 -0.20061247795820233 -0.064414007589220987 -0.53727915883064259 -0.6035533845424651 -0.6035533845424651 -0.85581842064857472 1.0000000180025095e-35 -0.2880996018648147 19.500000000000004 -0.6035533845424651 0.74892720580101024 -0.21643137186765668 6.0683333873748788 0.93038213253021251 12.574999809265138 -0.73172146081924427 2.1049998998641972 1.6449999809265139 2.3956258296966557 0.87795194983482372 11.84500026702881 -0.7865660786628722 -0.99532556533813465
decision_type=2 2 2 2 2 2 2 2 2 2 2 2 2 2 2 2 2 2 2 2 2 8 2 2 2 2 2 8 2 2
left_child=1 6 7 9 -5 11 15 -2 -9 12 -8 22 29 14 25 -1 17 -11 -19 -10 21 -4 -6 -20 -17 -12 -14 -21 -28 -3
right_child=2 3 20 4 5 -7 10 8 19 16 13 -13 26 -15 -16 24 -18 18 23 27 -22 -23 -24 -25 -26 -27 28 -29 -30 -31
leaf_value=-0.00038194205506683675 0.0012917328091360592 -0.0019936202514994491 0.00095900478779695209 0.00016717135469414488 -0.0047501182588370224 0.0013226310792991303 -0.00028874781030413434 -0.0080336530275624818 -0.004414375672872453 -0.0005884660459317321 -0.00029938312678670897 0.00044241519511344367 -0.00018077599825926384 -0.00031474551059515346 0.00053914026533639112 -0.00030975053624958827 -0.00048830938879753651 -0.0025641027895363915 -0.00038116149723012473 0.0003256433607483622 0.0012266657620530474 0.0010776942676660795 0.0060103117422885405 0.0021314061146927715 0.00026149886901632693 -0.00028243866491609558 -0.0014953828270145072 0.0015424575313961022 0.0038358158691093104 0.0043980988846626145
leaf_weight=1841 931 240 855 6776 95 2213 1163 156 198 3379 1052 2627 4857 1735 226 2023 16253 290 420 324 720 1348 372 3019 1580 967 194 474 724 969
leaf_count=1841 931 240 855 6776 95 2213 1163 156 198 3379 1052 2627 4857 1735 226 2023 16253 290 420 324 720 1348 372 3019 1580 967 194 474 724 969
internal_value=0.000169751 -0.00189645 0.0220315 0.000280442 0.00419011 0.00880083 -0.0106165 0.012045 0.00509939 -0.00127677 -0.0149087 0.00374314 0.00238947 -0.0175157 -0.0129111 -0.00655166 -0.00237311 0.000829467 0.00558382 0.0101898 0.0291154 0.0256567 0.0179025 0.00736063 -0.00339523 -0.0155879 0.000579585 0.015193 0.00975081 0.0109967
internal_weight=58021 53015 5006 42428 12083 5307 10587 2083 1152 30345 5143 3094 6984 3980 2245 5444 23361 7108 3729 996 2923 2203 467 3439 3603 2019 5775 798 918 1209
internal_count=58021 53015 5006 42428 12083 5307 10587 2083 1152 30345 5143 3094 6984 3980 2245 5444 23361 7108 3729 996 2923 2203 467 3439 3603 2019 5775 798 918 1209
is_linear=0
shrinkage=0.05


Tree=71
num_leaves=31
num_cat=0
split_feature=4 5 4 12 4 7 13 8 7 13 7 14 13 8 8 15 5 15 8 14 10 11 11 7 15 7 10 8 15 7
split_gain=1039.71 375.379 218.899 88.643 70.8768 64.5341 70.302 64.1546 60.9387 56.1092 47.8787 49.4372 46.0962 46.0418 42.2821 47.7407 41.7107 40.051 37.3298 37.1391 36.7876 47.5838 36.0887 35.7759 33.9425 33.644 36.2791 31.5786 37.1051 67.4351
threshold=7.1649999618530282 1.985000014305115 8.7349996566772479 -0.16504132002592084 5.7249999046325692 -0.070841956883668886 0.12940952181816109 0.97745609283447277 -0.464854747056961 -1.0000000180025095e-35 0.88234141469001781 4.4449999332427987 -0.7865660786628722 0.91172525286674511 1.0000000180025095e-35 37.500000000000007 1.1416666507720949 35.500000000000007 0.93168920278549205 1.575000047683716 -0.98321744799613942 7.1499998569488534 10.750000000000002 0.066572044044733061 27.500000000000004 0.67209497094154369 0.96811076998710643 0.021515898406505588 83.500000000000014 0.96906387805938732
decision_type=2 2 2 2 2 2 2 2 2 2 2 8 2 2 2 2 2 2 2 10 2 2 2 2 2 2 2 2 2 2
left_child=1 3 5 19 10 7 25 9 -4 -2 11 18 -5 22 15 -14 -17 -12 -3 -1 -6 24 -8 -16 -22 26 -7 28 -19 -30
right_child=2 4 8 12 20 6 13 -9 -10 -11 17 -13 14 -15 23 16 -18 27 -20 -21 21 -23 -24 -25 -26 -27 -28 -29 29 -31
leaf_value=-0.00035152402561478593 -0.00016728064902832296 -0.0002701969871943387 0.0012321026378097179 -0.00028501196208088317 -0.0011561260407541962 0.00081257739814183947 -0.00018368638000156869 -0.0070741110772110484 0.00099549966310553419 0.0013775762365314803 -0.0037147788227632319 0.00024216683642225395 -0.00029065884560092284 0.0013953763908710393 -0.00030690613948884942 -0.00028147109824228929 -0.00010273841197674626 -0.00078671743281171023 -0.00091173647087658427 -0.00026153910014171781 -0.004019098840105791 0.0019988730238172828 0.00081855006482228494 -0.00027862389197135743 0.00076840748921795101 0.0013756211092220139 0.0013526382830472807 -0.0011563520231836185 -0.0050480436986876688 0.0052386932006370781
leaf_weight=1530 1058 9054 473 810 1457 595 953 151 1800 1086 142 15364 1101 311 724 333 983 1847 1595 3648 264 4311 490 1205 2962 923 169 2340 85 195
leaf_count=1530 1058 9054 473 810 1457 595 953 151 1800 1086 142 15364 1101 311 724 333 983 1847 1595 3648 264 4311 490 1205 2962 923 169 2340 85 195
internal_value=3.36416e-05 -0.00264838 0.0167519 -0.0111326 -0.000434113 0.0115311 0.015859 0.00502174 0.0298727 0.00725919 -0.0015803 -0.000747559 -0.0157721 0.00881182 -0.017812 -0.0133567 -0.00688872 -0.00627438 -0.00336493 -0.00650203 0.00346705 0.00487271 0.00500691 -0.0233454 0.000278552 0.0231383 0.0152146 -0.00542263 -0.00100844 0.0157895
internal_weight=57959 49950 8009 10334 39616 5736 3441 2295 2273 2144 30622 26013 5156 1754 4346 2417 1316 4609 10649 5178 8994 7537 1443 1929 3226 1687 764 4467 2127 280
internal_count=57959 49950 8009 10334 39616 5736 3441 2295 2273 2144 30622 26013 5156 1754 4346 2417 1316 4609 10649 5178 8994 7537 1443 1929 3226 1687 764 4467 2127 280
is_linear=0
shrinkage=0.05


Tree=72
num_leaves=31
num_cat=0
split_feature=3 5 4 4 6 12 7 14 13 6 6 15 8 5 12 13 7 15 7 7 6 8 8 8 14 6 15 7 8 8
split_gain=1013.61 371.564 150.427 98.0285 72.5909 71.8606 69.5844 57.4554 56.8795 54.1445 47.6054 44.3023 52.5297 43.7601 43.7177 48.3584 81.1923 55.1918 50.233 50.3464 47.022 42.4384 51.724 41.9899 41.3148 40.268 38.4463 51.3677 38.2231 74.2583
threshold=11.576088428497316 2.0049999952316289 8.1050000190734881 5.7249999046325692 960.35000610351574 -0.13052122294902799 -0.17316619306802747 12.574999809265138 -0.7865660786628722 953.64999389648449 965.95001220703136 34.500000000000007 1.0000000180025095e-35 1.1416666507720949 -0.44618082046508784 -0.6035533845424651 -0.6495143175125121 36.500000000000007 0.25293653458356863 0.2027285918593407 944.14999389648449 -0.20061247795820233 -0.064414007589220987 0.99805629253387462 1.575000047683716 948.14999389648449 80.500000000000014 0.96906387805938732 0.88337317109107982 0.86674088239669811
decision_type=2 2 2 2 2 2 2 10 2 2 2 2 2 2 2 2 2 2 2 2 2 2 2 2 10 2 2 2 2 2
left_child=1 5 10 14 23 24 7 -4 -7 -10 21 -11 13 -13 20 18 25 -18 19 -16 -3 -2 -23 -5 -1 -17 -22 -28 29 -19
right_child=2 3 6 4 -6 8 -8 -9 9 11 -12 12 -14 -15 15 16 17 28 -20 -21 26 22 -24 -25 -26 -27 27 -29 -30 -31
leaf_value=-0.00032366631249229947 0.0011997773366560661 -0.0013489965935444396 2.7762234374806295e-05 0.00037583458271319152 0.0017203082047044156 -0.00020424282763260705 0.00098708251466246566 0.001069333771708736 -0.00028669180038981855 -0.00027340553788905491 0.0011531537017457627 -0.00027512388471517905 -0.00026468043791382911 -0.00018954763604993541 -0.00025620482912139529 -0.0002028309849795143 -0.00089890509643013392 -0.00062365052208697847 0.0011030447744497247 -0.0037593294652016832 0.0012041642025331875 -0.0079371930503642392 0.0011663204184241495 0.0036329360838489259 -0.000244250151963923 0.0021570543699053249 -0.0020675920607298669 0.004564401423102194 0.00065541322106626174 -0.0054594942897875989
leaf_weight=1607 937 1660 351 9531 2100 820 2178 427 1771 356 250 272 1178 746 3423 2679 3444 6253 3020 193 5851 165 950 187 3861 1174 688 186 1676 146
leaf_count=1607 937 1660 351 9531 2100 820 2178 427 1771 356 250 272 1178 746 3423 2679 3444 6253 3020 193 5851 165 950 187 3861 1174 688 186 1676 146
internal_value=5.16484e-05 -0.00203305 0.0209766 6.98787e-05 0.00393301 -0.0103947 0.0284363 0.0154534 -0.0146368 -0.0169247 0.0113567 -0.0215878 -0.0188551 -0.0104594 -0.00143266 -0.00260301 -0.00414255 -0.00624349 0.00096371 -0.00301022 0.00163886 0.00879922 0.0021875 0.0021084 -0.00639503 0.00213841 0.00349926 -0.00625711 -0.00397896 -0.0057386
internal_weight=58080 52822 5258 42211 11818 10611 2956 778 5143 4323 2302 2552 2196 1018 30393 22008 15372 11519 6636 3616 8385 2052 1115 9718 5468 3853 6725 874 8075 6399
internal_count=58080 52822 5258 42211 11818 10611 2956 778 5143 4323 2302 2552 2196 1018 30393 22008 15372 11519 6636 3616 8385 2052 1115 9718 5468 3853 6725 874 8075 6399
is_linear=0
shrinkage=0.05


Tree=73
num_leaves=31
num_cat=0
split_feature=4 5 4 6 12 7 13 5 10 13 8 12 15 12 6 7 15 12 15 13 6 7 7 7 8 8 7 9 6 7
split_gain=970.43 346.951 213.037 113.016 78.9601 67.9184 54.3346 53.6931 83.9393 85.9242 69.4992 59.1766 65.6016 78.853 51.3696 47.0125 46.7897 41.2006 42.046 64.9406 64.083 47.5548 59.5896 48.0802 40.5442 40.2756 57.8688 39.7656 39.4303 45.6626
threshold=7.1649999618530282 2.0049999952316289 8.7349996566772479 960.54998779296886 -0.13052122294902799 -0.464854747056961 -0.6035533845424651 4.4449999332427987 0.87032255530357372 -0.6035533845424651 0.94917574524879467 -0.07845610752701758 61.500000000000007 -0.74892720580101002 959.35000610351574 -0.60945609211921681 75.500000000000014 -0.52247866988182057 35.500000000000007 -0.6035533845424651 961.45001220703136 0.46866798400878912 0.16894881427288058 0.2027285918593407 0.93168920278549205 -0.93779578804969776 0.25293653458356863 6.7249999046325692 948.64999389648449 0.98049062490463268
decision_type=2 2 2 2 2 2 2 2 2 2 2 2 2 2 2 2 2 2 2 2 2 2 2 2 2 2 2 10 2 2
left_child=1 4 3 28 16 -4 -6 17 11 -10 -11 12 13 -9 15 -14 -1 -3 20 -20 25 22 -21 -24 -13 26 27 -19 -2 -30
right_child=2 7 5 -5 6 -7 -8 8 9 10 -12 24 14 -15 -16 -17 -18 18 19 21 -22 -23 23 -25 -26 -27 -28 -29 29 -31
leaf_value=-0.00024933517076001501 -0.00010692826073204209 0.00033122487154874856 0.0011170308173337974 0.001091636221954534 -0.00024714520329466826 0.0008681810090492404 -0.00026142418458365593 -0.0050975180669508551 0.0033200189958136478 0.0019575969530273743 -0.0050719524233981839 -0.001190308984980524 0.0055041181189516069 0.003152123103235838 0.0013544291386609342 -0.0055026555170811318 -0.00033103391215950787 -0.00019911676708969043 0.0010411145831043314 -0.00045470690934942609 -0.0020612728755790796 -0.00070823433736562694 0.01829035534459467 0.0016972116341156043 -0.0050788045867599168 -0.0003257012287426011 -0.0028286101984956284 -0.0042671471879868568 0.00088064837611463449 -0.0027006420260765221
leaf_weight=4667 1195 6600 475 1163 1169 1793 3982 298 1268 3663 430 3130 181 2588 775 995 766 664 2901 3042 221 4758 143 1059 268 5944 208 299 3185 204
leaf_count=4667 1195 6600 475 1163 1169 1793 3982 298 1268 3663 430 3130 181 2588 775 995 766 664 2901 3042 221 4758 143 1059 268 5944 208 299 3185 204
internal_value=5.68583e-05 -0.00253178 0.0162032 0.0110657 -0.0105676 0.0291685 -0.0150019 -0.000373986 0.00216896 0.00703504 0.00350171 -0.00100121 0.0025506 0.0073331 -0.00452454 -0.0110923 -0.00635344 -0.0017122 -0.00288142 -0.00104552 -0.00585751 -0.003142 0.000706048 0.0101077 -0.00605348 -0.00502107 -0.0134779 -0.00821281 0.00751798 0.0102681
internal_weight=58034 50019 8015 5747 10584 2268 5151 39435 13596 5361 4093 8235 4837 2886 1951 1176 5433 25839 19239 11903 7336 9002 4244 1202 3398 7115 1171 963 4584 3389
internal_count=58034 50019 8015 5747 10584 2268 5151 39435 13596 5361 4093 8235 4837 2886 1951 1176 5433 25839 19239 11903 7336 9002 4244 1202 3398 7115 1171 963 4584 3389
is_linear=0
shrinkage=0.05


Tree=74
num_leaves=31
num_cat=0
split_feature=3 5 4 4 10 12 13 13 7 14 6 12 7 8 7 10 15 14 13 6 12 6 7 8 15 8 7 7 7 15
split_gain=939.432 340.127 164.183 101.926 76.7633 75.0977 63.3995 57.9723 56.6779 55.0885 54.0236 47.7955 42.5571 44.3061 72.8297 41.1367 40.2633 40.8244 39.5319 56.2213 70.3635 53.6953 58.9799 52.5671 50.8597 48.3561 43.3608 42.7725 37.3346 36.3566
threshold=11.576088428497316 2.0049999952316289 8.1050000190734881 5.7249999046325692 0.89490029215812694 -0.13052122294902799 0.12940952181816109 -0.7865660786628722 -0.17316619306802747 12.864999771118166 965.95001220703136 -0.16504132002592084 0.066572044044733061 1.0000000180025095e-35 0.88234141469001781 0.72534674406051647 75.500000000000014 1.575000047683716 1.0000000180025095e-35 953.35000610351574 0.50751903653144848 947.25000000000011 -0.41079147160053248 -0.78753387928009022 43.500000000000007 0.96962100267410289 0.15198152512311938 -0.33100557327270502 0.99763676524162304 21.500000000000004
decision_type=2 2 2 2 2 2 2 2 2 10 2 2 2 2 2 2 2 10 2 2 2 2 2 2 2 2 2 2 2 2
left_child=1 5 10 18 29 16 11 -7 9 -4 -2 -6 15 14 -14 -9 17 -1 25 21 27 23 -23 -20 -24 -3 -27 -21 -29 -5
right_child=2 3 8 4 6 7 -8 12 -10 -11 -12 -13 13 -15 -16 -17 -18 -19 19 20 -22 22 24 -25 -26 26 -28 28 -30 -31
leaf_value=-0.0003178657664662143 0.00092115402414815752 0.00017153207549161408 0.0002552066801005726 -0.002412649468757494 -0.00495171824524622 -0.00015210334376966167 0.00050740806822936475 -0.00026436330518606998 0.00094457049831427335 0.0010611792764671057 0.0010342678501357257 0.0018333055264900145 -0.00024904102263619677 -0.00024645865501663692 0.00038648961591668425 0.00015918956257689683 -0.00030498250223711044 -0.00010635685187050798 -0.0038418480380272403 -0.0015398628659108876 -0.0010122100639915253 0.0022294910952457038 -0.0010709674782663856 -0.00062985467526910973 0.00087331174061798392 -0.00052198934728206155 -0.0029127425578264182 -0.00035553119723839567 -0.0031410171082569753 0.00060171051261423143
leaf_weight=1317 2027 15055 400 1028 123 815 2884 1252 2205 382 244 2241 1067 1200 250 526 759 3319 258 387 1501 1999 957 2895 1165 1019 296 4651 154 5570
leaf_count=1317 2027 15055 400 1028 123 815 2884 1252 2205 382 244 2241 1067 1200 250 526 759 3319 258 387 1501 1999 957 2895 1165 1019 296 4651 154 5570
internal_value=0.000150127 -0.00186173 0.0202926 0.000143406 0.00407561 -0.00990961 0.00858557 -0.0142522 0.0279913 0.0162643 0.0101274 0.0146475 -0.0165698 -0.0207573 -0.0143343 -0.0106001 -0.00578704 -0.0040293 -0.00139246 -0.00334598 -0.00665124 -0.000302239 0.00345371 -0.00520899 -0.00235073 0.000274809 -0.00890152 -0.00388686 -0.00258836 0.000484628
internal_weight=57946 52688 5258 42183 11846 10505 5248 5110 2987 782 2271 2364 4295 2517 1317 1778 5395 4636 30337 13967 6693 7274 4121 3153 2122 16370 1315 5192 4805 6598
internal_count=57946 52688 5258 42183 11846 10505 5248 5110 2987 782 2271 2364 4295 2517 1317 1778 5395 4636 30337 13967 6693 7274 4121 3153 2122 16370 1315 5192 4805 6598
is_linear=0
shrinkage=0.05


Tree=75
num_leaves=31
num_cat=0
split_feature=4 5 4 6 12 7 14 6 8 7 5 10 15 15 7 10 8 8 9 10 7 15 8 7 4 6 10 10 6 8
split_gain=883.285 307.024 214.939 98.5225 83.8131 60.0321 58.5643 49.8916 40.6442 60.853 47.0566 46.0286 49.434 45.6191 44.4351 41.7455 50.2175 49.4812 41.5209 54.8127 40.4138 39.4537 59.7617 46.7619 44.1548 44.2492 67.7318 41.6537 54.3559 39.0971
threshold=7.1649999618530282 1.985000014305115 8.8850002288818377 959.54998779296886 -0.16504132002592084 -0.464854747056961 6.1849999427795419 948.64999389648449 0.54162281751632702 0.1858661696314812 4.4449999332427987 0.87032255530357372 69.500000000000014 53.500000000000007 -0.75892350077629078 -0.39873388409614557 -0.93168920278549183 -0.61794704198837269 10.914999961853029 0.87032255530357372 0.97316074371337902 43.500000000000007 0.10738035291433336 -0.97415921092033375 3.5249999761581425 954.85000610351574 0.90992662310600292 -0.19936034083366391 945.04998779296886 0.99805629253387462
decision_type=2 2 2 2 2 2 10 2 2 2 2 2 2 2 2 2 2 2 8 2 2 2 2 2 2 2 2 2 2 2
left_child=1 4 3 7 -1 -4 21 -2 10 14 15 13 20 -12 -10 17 -17 -8 -11 -20 -13 23 -23 27 25 -24 -27 28 -3 -16
right_child=2 6 5 -5 -6 -7 8 -9 9 18 11 12 -14 -15 29 16 -18 -19 19 -21 -22 22 24 -25 -26 26 -28 -29 -30 -31
leaf_value=-0.00024144228283239324 -0.00059490895325141628 0.0007288956554508619 0.001031286147874444 0.00092915341939173168 -0.00023296067505661013 0.00084280521600396674 0.0029990863931338564 0.00073858325744503026 0.0059801203016920075 0.0050694013945717575 0.0012193851308248934 0.0018862481747472682 0.0039852046710560363 -0.0023394388535562002 -0.00069102617289042156 -0.0045433805801840168 -0.0014560573453189147 -0.0016052601371649073 -0.0046131192000233023 0.0048294126726438711 -0.0038727912743835857 0.0010281938841469067 0.00015830868653119134 -0.00044926423936953873 0.00030449217645062561 -0.0012217454530715436 7.1484588211474627e-05 0.0026828875215377454 -0.0019116693077645868 0.0041804034914916634
leaf_weight=5143 1242 633 418 1388 5159 1565 1009 3363 270 1008 2927 1932 482 1621 2530 301 2226 1291 283 454 348 4281 1004 11621 2792 1175 565 438 221 334
leaf_count=5143 1242 633 418 1388 5159 1565 1009 3363 270 1008 2927 1932 482 1621 2530 301 2226 1291 283 454 348 4281 1004 11621 2792 1175 565 438 221 334
internal_value=0.000101673 -0.0023615 0.0155494 0.0108119 -0.0100514 0.0298038 -0.000367286 0.00727766 0.00185066 0.00570229 0.000300609 0.0028298 0.00791471 -0.000263562 0.00152915 -0.00352856 -0.00795814 0.0013449 0.0131714 0.00411051 0.004814 -0.00202771 0.000361434 -0.00384347 -0.00306804 -0.00756639 -0.0123782 0.00516577 -0.00128056 -0.000313698
internal_weight=58024 50048 7976 5993 10302 1983 39746 4605 17016 4879 12137 7310 2762 4548 3134 4827 2527 2300 1745 737 2280 22730 9817 12913 5536 2744 1740 1292 854 2864
internal_count=58024 50048 7976 5993 10302 1983 39746 4605 17016 4879 12137 7310 2762 4548 3134 4827 2527 2300 1745 737 2280 22730 9817 12913 5536 2744 1740 1292 854 2864
is_linear=0
shrinkage=0.05


Tree=76
num_leaves=31
num_cat=0
split_feature=3 5 4 4 6 12 13 8 8 2 6 7 15 11 13 6 12 6 8 7 15 8 8 15 7 7 7 8 6 7
split_gain=864.732 365.838 125.964 89.898 87.2208 74.3 55.1978 43.66 51.9745 42.1382 38.85 36.9179 36.7136 52.827 34.5198 43.9396 73.0669 47.3309 52.6384 51.9916 52.8579 43.2842 53.7217 45.2483 39.2575 39.0367 58.8968 54.1633 52.0937 39.9923
threshold=12.345475196838381 2.0049999952316289 6.2049999237060556 8.2449998855590838 960.35000610351574 -0.13052122294902799 -0.6035533845424651 1.0000000180025095e-35 -0.36924374103546137 19.500000000000004 963.64999389648449 -0.23208956420421598 34.500000000000007 3.2500000000000004 1.0000000180025095e-35 953.35000610351574 0.47714059054851538 947.25000000000011 -0.78753387928009022 -0.41079147160053248 43.500000000000007 0.96962100267410289 0.99805629253387462 46.500000000000007 -0.33100557327270502 -0.50248053669929493 -0.464854747056961 -0.064414007589220987 946.64999389648449 -0.97789707779884327
decision_type=2 2 2 2 2 2 2 2 2 2 2 2 2 2 2 2 2 2 2 2 2 2 2 2 2 2 2 2 2 2
left_child=1 5 14 -2 -4 9 -7 8 12 -1 -11 -5 -8 -14 21 17 24 18 -16 -19 -21 25 -23 -24 -17 27 -27 -3 -28 -29
right_child=3 2 4 11 -6 6 7 -9 -10 10 -12 -13 13 -15 15 16 -18 19 -20 20 -22 22 23 -25 -26 26 28 29 -30 -31
leaf_value=-0.00028994889069810809 0.00091170518320227156 -0.00099978721725155466 0.00043161825765648533 0.0006868756242896124 0.0011382955453283412 -0.00020913956834058887 -0.0002390355308558031 -0.00023433129056598981 0.00028369691411618027 -0.0001054995701893307 -0.00031395980535923378 0.00086712259020220732 -0.00022585579732078178 0.00071361524804147496 -0.003640440746497334 -0.0014446597308710452 -0.0010464193638287827 0.0020531853347152242 -0.00050355683218019883 -0.0010468420693395116 0.0012006888809153182 -0.0016648555517950643 0.0045214053276890695 -0.0025304943802929567 -0.00026421359259833115 0.0096896285394606659 0.0080391384166695525 0.0023515285198752638 0.00034012686242817158 -8.0102140363799712e-05
leaf_weight=1843 1320 3337 8306 545 1918 1157 749 1773 310 3399 210 1771 974 207 265 440 1904 2183 3243 1072 1284 1066 255 89 5162 190 310 730 10058 1988
leaf_count=1843 1320 3337 8306 545 1918 1157 749 1773 310 3399 210 1771 974 207 265 440 1904 2183 3243 1072 1284 1066 255 89 5162 190 310 730 10058 1988
internal_value=2.92785e-05 -0.00154886 0.000470266 0.0236199 0.00532799 -0.00987108 -0.0141643 -0.0169363 -0.0122494 -0.00579073 -0.0026425 0.0295562 -0.0152972 -0.00973862 -0.0010095 -0.00273493 -0.00548529 -0.00016766 -0.00452605 0.00320202 -0.00194833 0.000479809 -0.00791519 0.00916905 -0.00260389 0.00119449 0.00302944 -0.00200495 0.00251615 0.00323173
internal_weight=58058 54422 43800 3636 10224 10622 5170 4013 2240 5452 3609 2316 1930 1181 33576 15553 7506 8047 3508 4539 2356 18023 1410 344 5602 16613 10558 6055 10368 2718
internal_count=58058 54422 43800 3636 10224 10622 5170 4013 2240 5452 3609 2316 1930 1181 33576 15553 7506 8047 3508 4539 2356 18023 1410 344 5602 16613 10558 6055 10368 2718
is_linear=0
shrinkage=0.05


Tree=77
num_leaves=31
num_cat=0
split_feature=3 4 4 6 4 7 10 11 3 14 9 2 15 6 7 7 15 6 8 6 14 10 8 7 11 7 7 3 8 6
split_gain=864.006 295.749 145.51 122.158 72.7753 60.7902 58.2398 55.2145 55.1715 51.9917 45.7246 42.9794 41.0472 37.908 37.4462 38.8206 37.0576 41.5183 40.0044 36.4301 36.2635 35.6183 36.5295 35.5472 35.2748 33.9499 49.71 48.8404 44.3268 47.5118
threshold=11.793270587921144 2.1350001096725468 8.1050000190734881 952.25000000000011 5.7249999046325692 -0.17316619306802747 0.89490029215812694 8.9499998092651385 1.6630246639251711 12.574999809265138 0.34000000357627874 17.500000000000004 68.500000000000014 967.14999389648449 0.98372149467468273 0.99276849627494823 25.500000000000004 944.14999389648449 -0.76588451862335194 944.54998779296886 4.4449999332427987 -0.9366365075111388 -0.89706552028655995 0.93851706385612499 4.1499998569488534 0.88234141469001781 0.86564558744430553 8.1193141937255877 0.021515898406505588 959.95001220703136
decision_type=2 2 2 2 2 2 2 2 2 10 10 2 2 2 2 2 2 2 2 2 8 2 2 2 2 2 2 2 2 2
left_child=1 3 13 11 25 9 16 12 -5 -4 -10 24 -8 14 23 -16 17 -6 -19 -13 -18 -21 -23 -2 -1 26 27 -3 -27 -30
right_child=2 4 5 8 6 -7 7 -9 10 -11 -12 19 -14 -15 15 -17 20 18 -20 21 -22 22 -24 -25 -26 28 -28 -29 29 -31
leaf_value=-0.00029017691121719941 0.00067288815782768914 -0.00021282291684843925 -6.9689771721154201e-05 -0.00020952502118355335 0.0019885346583545459 0.00082287911554361774 0.0003121969308595568 0.00095719810365587634 -0.0002840291203431669 0.00085606790425610821 -0.00021876503857377311 -0.0003818509478079017 0.0036970419434811858 0.00093589001746663403 -0.010349519106975914 0.0014299970223033975 0.0062508624872778251 -7.7162442789867344e-05 -0.0048234246152644216 -0.00023087250649072734 0.00032144000286664088 -0.00020311495557576978 0.0012966111607227776 0.0020436942324503493 -7.8147189678716251e-05 6.5592655352306878e-06 0.0029799157047669489 0.001624663090906009 -0.0017376951305530617 -8.8689765769471574e-05
leaf_weight=1423 1215 18510 309 988 464 2147 2820 2287 315 417 6065 1490 276 169 149 108 391 436 594 1270 5036 430 1341 274 924 2076 340 3619 1358 791
leaf_count=1423 1215 18510 309 988 464 2147 2820 2287 315 417 6065 1490 276 169 149 108 391 436 594 1270 5036 430 1341 274 924 2076 340 3619 1358 791
internal_value=-1.20613e-05 -0.00184229 0.0203213 -0.00800646 0.000410225 0.0274322 0.00359087 0.00748886 -0.012478 0.0147743 -0.0107596 -0.00321081 0.00312802 0.00960938 0.00736722 -0.0101145 0.000555876 -0.00640427 -0.0119807 -0.000363757 0.00247607 0.00277413 0.00734797 0.0104083 -0.00869473 -0.00105622 -0.000282549 -0.000576037 -0.00516548 -0.0101903
internal_weight=58032 53244 4788 14246 38998 2873 12304 5383 7368 726 6380 6878 3096 1915 1746 257 6921 1494 1030 4531 5427 3041 1771 1489 2347 26694 22469 22129 4225 2149
internal_count=58032 53244 4788 14246 38998 2873 12304 5383 7368 726 6380 6878 3096 1915 1746 257 6921 1494 1030 4531 5427 3041 1771 1489 2347 26694 22469 22129 4225 2149
is_linear=0
shrinkage=0.05


Tree=78
num_leaves=31
num_cat=0
split_feature=3 5 3 15 3 3 6 7 8 6 11 7 15 6 2 9 7 12 8 11 12 13 7 15 11 8 9 6 8 7
split_gain=835.014 309.34 111.898 73.9825 80.0796 62.8386 51.2932 50.6881 47.7296 42.1285 41.6125 39.0432 36.9721 36.2313 34.7276 32.7889 31.9155 30.8379 39.7641 65.4573 30.07 30.0411 49.5944 39.3686 58.2677 41.5454 35.5483 30.1123 49.9901 37.5141
threshold=11.576088428497316 2.0049999952316289 13.166532993316652 75.500000000000014 2.5539633035659794 8.3812789916992205 952.04998779296886 -0.019329105038195845 1.0000000180025095e-35 948.75000000000011 13.750000000000002 -0.98134601116180409 34.500000000000007 959.54998779296886 18.500000000000004 14.244999885559084 0.98372149467468273 0.50751903653144848 0.30901412665843969 8.0500001907348651 -0.13052122294902799 0.60355338454246532 -0.97415921092033375 24.500000000000004 10.84999990463257 -0.62132811546325672 9.5650000572204608 952.25000000000011 -0.38516426086425776 1.0000000180025095e-35
decision_type=2 2 2 2 2 2 2 2 2 2 2 2 2 2 2 8 2 2 2 2 2 2 2 2 2 2 10 2 2 2
left_child=1 3 13 4 6 21 14 10 -5 11 -4 -7 20 -2 -1 16 -9 -11 -19 -20 -8 22 -3 24 27 26 -25 28 29 -24
right_child=2 5 7 8 -6 9 12 15 -10 17 -12 -13 -14 -15 -16 -17 -18 18 19 -21 -22 -23 23 25 -26 -27 -28 -29 -30 -31
leaf_value=-0.00023607958660062586 0.00058552667036928521 0.0017209207783676636 -0.00016752353017491229 -0.0001889767363272104 -0.00019993823521774427 0.0033330226022808885 -5.9453203423091199e-05 0.00080575716186701007 -0.00020741203090256485 0.00090110592547622552 0.00070288379242719468 -0.0021112661318924641 -0.00019273811136055622 0.00081478552487893041 -0.00014059264121995906 0.0010426641779921642 -6.8601042197713466e-05 -0.0032990550971641109 -0.0090628461985994471 0.0044002681155742521 -0.00020163109696996816 -0.00063440453871422902 -0.00085270799846371879 0.0012254749125772957 0.0032526662046714061 -0.00017578509770451725 -0.0051249346412647542 -0.00080018762109655055 0.0003527129241839577 0.0028424352472323383
leaf_weight=939 2095 1586 151 378 4601 381 82 699 1119 8987 589 2122 1760 850 1263 724 97 705 126 223 408 7677 2278 4459 622 10527 207 829 1355 133
leaf_count=939 2095 1586 151 378 4601 381 82 699 1119 8987 589 2122 1760 850 1263 724 97 705 126 223 408 7677 2278 4459 622 10527 207 829 1355 133
internal_value=-4.65702e-05 -0.0019319 0.0190499 -0.00958787 -0.00787701 -1.77633e-05 -0.0126543 0.0274172 -0.0198735 0.00294844 0.0165101 -0.00285088 -0.0179601 0.0125932 -0.00720435 0.0326557 0.0253433 0.00439478 -0.00368272 0.0100282 -0.030101 -0.00127199 -0.000331803 -0.000994367 -0.00473956 0.000292802 0.00421751 -0.00668478 -0.00477327 -0.00908526
internal_weight=57972 52767 5205 10550 9053 42217 4452 2260 1497 12544 740 2503 2250 2945 2202 1520 796 10041 1054 349 490 29673 21996 20410 5217 15193 4666 4595 3766 2411
internal_count=57972 52767 5205 10550 9053 42217 4452 2260 1497 12544 740 2503 2250 2945 2202 1520 796 10041 1054 349 490 29673 21996 20410 5217 15193 4666 4595 3766 2411
is_linear=0
shrinkage=0.05


Tree=79
num_leaves=31
num_cat=0
split_feature=4 5 4 6 4 15 2 12 8 9 7 13 7 8 7 15 6 7 15 9 8 5 6 8 6 7 8 7 8 14
split_gain=739.776 349.906 107.373 86.1558 81.3332 77.9755 68.893 46.5967 44.6453 43.7439 42.5803 41.457 39.452 39.1735 36.7998 41.8435 54.1807 40.2248 39.4671 36.0744 35.8244 40.8473 35.9142 37.4177 43.2066 46.1472 43.0242 35.4986 46.4995 36.4442
threshold=8.2449998855590838 2.0049999952316289 5.7249999046325692 960.14999389648449 9.2550001144409197 75.500000000000014 41.500000000000007 -0.19936034083366391 0.99805629253387462 4.0250000953674325 0.79411470890045177 -0.37940952181816096 0.11791723221540452 -0.47813485562801356 0.88234141469001781 38.500000000000007 960.75000000000011 0.86564558744430553 77.500000000000014 9.1750001907348651 -0.99532556533813465 3.2516666650772099 957.45001220703136 0.93168920278549205 947.64999389648449 0.25293653458356863 -0.66089338064193714 -0.92772412300109852 0.14153897762298587 3.7350000143051152
decision_type=2 2 2 2 2 2 2 2 2 10 2 2 2 2 2 2 2 2 2 10 2 2 2 2 2 2 2 2 2 10
left_child=1 5 14 8 10 6 7 -1 -4 -9 -2 -5 -6 -7 15 16 20 18 27 -20 -3 -22 23 24 26 -26 -23 28 -17 -29
right_child=4 2 3 11 12 13 -8 9 -10 -11 -12 -13 -14 -15 -16 17 -18 -19 19 -21 21 22 -24 -25 25 -27 -28 29 -30 -31
leaf_value=-0.00022554405831196343 0.00032093169531445255 -0.0018377391276824164 0.0003408460888365661 0.0012445381974269727 0.00063886287399375912 0.00048141450557057574 0.00017474068308944514 -0.00019545432119993838 0.0032602238104014695 -5.6294035514357392e-05 0.00094044528562513556 0.00078786557085607227 0.00099053096909255674 -0.00020155589578731991 -0.00077139857469250622 0.00050694283628454078 -0.0019718791303848055 0.004199570808486877 -0.0011440828846048545 0.0052139236189496785 -0.00031117708157011887 -0.0027821718429564823 0.0030176698169212357 -0.0020319393283717846 0.0022133784022977904 -0.0016885899053059291 0.0001729046365960007 -0.00019962772751254559 -0.0029192198172683136 0.0013200279049051925
leaf_weight=3565 1621 458 10491 966 718 131 1358 3557 207 616 545 1783 619 1349 4570 499 376 261 1250 195 6062 687 372 767 2389 433 2502 2643 344 6595
leaf_count=3565 1621 458 10491 966 718 131 1358 3557 207 616 545 1783 619 1349 4570 499 376 261 1250 195 6062 687 372 767 2389 433 2502 2643 344 6595
internal_value=-0.000176925 -0.00161121 0.000357998 0.00407746 0.0220781 -0.00977223 -0.00803208 -0.00985406 0.00204616 -0.0134394 0.0160295 0.0119644 0.0317809 -0.020404 -0.00128749 -0.000555384 -0.00239841 0.00164094 0.00119677 -0.00651724 -0.00187934 -0.00139971 0.00116003 0.00032434 0.00165392 0.00615493 -0.0023325 0.00230518 -0.00748821 0.00320242
internal_weight=57929 54426 43850 13447 3503 10576 9096 7738 10698 4173 2166 2749 1337 1480 30403 25833 14046 11787 11526 1445 13670 13212 7150 6778 6011 2822 3189 10081 843 9238
internal_count=57929 54426 43850 13447 3503 10576 9096 7738 10698 4173 2166 2749 1337 1480 30403 25833 14046 11787 11526 1445 13670 13212 7150 6778 6011 2822 3189 10081 843 9238
is_linear=0
shrinkage=0.05


Tree=80
num_leaves=31
num_cat=0
split_feature=3 5 4 4 12 10 11 7 8 7 14 7 7 15 15 11 15 7 14 7 8 4 7 7 3 15 12 10 8 8
split_gain=736.737 300.244 92.3878 88.5501 75.7512 60.159 60.3583 62.0347 43.5675 59.5577 38.5742 37.7844 82.6613 34.1279 32.1755 61.489 31.4381 35.9056 31.8919 30.7573 30.3663 29.4591 28.8869 39.682 36.821 36.5017 31.2884 42.3398 28.9772 55.7985
threshold=12.345475196838381 2.0049999952316289 5.7249999046325692 9.2550001144409197 -0.13052122294902799 0.89490029215812694 10.949999809265138 0.90906259417533886 1.0000000180025095e-35 0.88234141469001781 1.575000047683716 0.63967129588127147 0.55713060498237621 75.500000000000014 37.500000000000007 2.9500000476837163 21.500000000000004 -0.89225733280181874 4.4449999332427987 0.11791723221540452 -0.68630018830299366 8.1050000190734881 0.88234141469001781 0.86564558744430553 6.5054388046264657 32.500000000000007 -0.41467745602130884 -0.5663846731185912 -0.98902499675750721 -0.97653719782829274
decision_type=2 2 2 2 2 2 2 2 2 2 10 2 2 2 2 2 2 2 10 2 2 2 2 2 2 2 2 2 2 2
left_child=1 4 22 21 10 16 7 -7 9 11 -1 12 14 -10 -6 -16 17 -4 -18 -5 -19 -2 23 24 -3 -24 27 -26 -28 -30
right_child=3 2 5 19 8 6 -8 -9 13 -11 -12 -13 -14 -15 15 -17 18 20 -20 -21 -22 -23 25 -25 26 -27 28 -29 29 -31
leaf_value=-0.00022635226580983728 0.00079211576289171532 -0.00024053430717490513 0.0023521872308677086 0.00064565200754851393 -0.00019904013688285755 0.0004575082456553914 0.00074325094442585511 0.0016639700245004163 -0.00019882013295855372 0.00036685748804828088 -0.00014159923466438833 -0.00018326091440729652 0.0039005750509430327 -0.00016999262483442812 -0.00020763768077812183 0.0012645284959041396 0.0050780968050077651 -0.00080428868569911306 0.00022259369515078011 0.0009410044206379309 -0.0054454291976877324 0.00056989088804697003 -0.0036558292705215797 0.0026452536731316279 0.0028960539167314867 -0.00060321952946217083 -0.0031458244692564533 -0.0034621852272637313 0.010042782897335524 -0.00011897280457003612
leaf_weight=1582 1155 16098 316 595 1141 3737 1397 627 1733 342 3874 517 95 582 521 223 453 324 6101 567 429 1343 83 351 2517 4469 309 214 241 6128
leaf_count=1582 1155 16098 316 595 1141 3737 1397 627 1733 342 3874 517 95 582 521 223 453 324 6101 567 429 1343 83 351 2517 4469 309 214 241 6128
internal_value=-0.00019804 -0.00165965 0.000168954 0.0215007 -0.00920396 0.00362985 0.00748352 0.00457771 -0.0135491 -0.0093706 -0.00509064 -0.0120504 -0.0088665 -0.0186422 -0.0111905 -0.00307076 0.000714473 -0.00721601 0.0020125 0.0329049 -0.0131266 0.0161406 -0.00135459 -0.000707575 -0.000938774 -0.00502524 0.00154557 0.00604898 -0.000299267 0.00043144
internal_weight=58064 54404 43794 3660 10610 13384 5761 4364 5154 2839 5456 2497 1980 2315 1885 744 7623 1069 6554 1162 753 2498 30410 25858 25507 4552 9409 2731 6678 6369
internal_count=58064 54404 43794 3660 10610 13384 5761 4364 5154 2839 5456 2497 1980 2315 1885 744 7623 1069 6554 1162 753 2498 30410 25858 25507 4552 9409 2731 6678 6369
is_linear=0
shrinkage=0.05


Tree=81
num_leaves=31
num_cat=0
split_feature=3 5 4 12 4 13 10 13 7 4 6 7 11 7 6 6 13 6 13 6 12 7 6 9 7 9 12 12 9 2
split_gain=635.676 307.814 90.4891 78.4613 56.4539 52.0875 46.0918 68.8124 53.2274 59.0304 42.9075 42.6457 64.7076 41.7873 41.3825 40.47 36.9495 35.7504 34.0745 38.8607 50.8385 35.4114 32.7369 40.9217 48.739 32.4744 32.4234 32.3466 31.9305 30.2626
threshold=11.793270587921144 2.0049999952316289 8.1050000190734881 -0.13052122294902799 5.7249999046325692 -0.6035533845424651 0.89490029215812694 0.12940952181816109 -0.25707612931728357 7.4249999523162851 967.45001220703136 0.91258591413497936 12.750000000000002 -0.070841956883668886 951.75000000000011 963.64999389648449 0.78656607866287243 940.14999389648449 1.0000000180025095e-35 953.35000610351574 0.47714059054851538 -0.33100557327270502 947.25000000000011 3.3549998998641972 -0.37122520804405207 4.6949999332427987 0.30069434642791754 -0.16504132002592084 0.7150000035762788 18.500000000000004
decision_type=2 2 2 2 2 2 2 2 2 2 2 2 2 2 2 2 2 2 2 2 2 2 2 8 2 8 2 2 10 2
left_child=1 3 10 15 18 -5 -6 27 9 -9 -2 12 -4 -10 17 29 -16 -7 -3 22 21 -21 25 -24 -25 -20 -15 -8 -18 -1
right_child=2 4 11 5 6 14 7 8 13 -11 -12 -13 -14 26 16 -17 28 -19 19 20 -22 -23 23 24 -26 -27 -28 -29 -30 -31
leaf_value=-0.00023326275108933724 0.00062404805947769988 5.294614142858992e-05 0.0001220808788895661 -0.00016024076723249113 1.6214994004842833e-05 -0.0003535614285682053 -0.0037129434685325758 0.00059322544908859277 -0.007813937433282625 0.0022349358940897818 0.00080743507555593457 0.00094710713998402143 0.00053852665121745247 0.0018960230349424499 -0.00017823445447899737 -0.00023639769335553142 -0.00016416544401216677 -0.00018720763810129161 0.00029653904697889979 -0.0013505326204418197 -0.00092007013175112351 -0.00027088692757769631 -0.00047760475258750888 0.0030812629808883276 -0.00024011270932714976 -0.0017740700459952096 -0.0014121146202499659 0.001328672176073148 -0.00015627925886245626 -0.00011774951202319128
leaf_weight=1636 1744 16286 498 1154 6912 91 119 1016 200 438 165 671 1702 508 1632 334 149 1257 1171 378 1736 4551 635 1666 1803 2007 815 2311 803 3484
leaf_count=1636 1744 16286 498 1154 6912 91 119 1016 200 438 165 671 1702 508 1632 334 149 1257 1171 378 1736 4551 635 1666 1803 2007 815 2311 803 3484
internal_value=-0.000338649 -0.0019116 0.017116 -0.00955903 -1.64485e-05 -0.0140247 0.00283593 0.00629157 0.00119048 0.00801919 0.00864681 0.0227225 0.0192744 -0.00533377 -0.016764 -0.0053856 -0.0204712 -0.00960828 -0.00117898 -0.0029924 -0.00574963 -0.0031516 -0.000466584 0.00248236 0.00462003 -0.0042727 -0.00207078 0.0125257 -0.0125392 -0.00427317
internal_weight=57872 53092 4780 10540 42552 5086 12319 5407 2977 1454 1909 2871 2200 1523 3932 5454 2584 1348 30233 13947 6665 4929 7282 4104 3469 3178 1323 2430 952 5120
internal_count=57872 53092 4780 10540 42552 5086 12319 5407 2977 1454 1909 2871 2200 1523 3932 5454 2584 1348 30233 13947 6665 4929 7282 4104 3469 3178 1323 2430 952 5120
is_linear=0
shrinkage=0.05


Tree=82
num_leaves=31
num_cat=0
split_feature=3 5 4 6 6 4 8 3 15 6 9 0 8 8 15 13 6 11 10 8 6 10 11 15 8 8 6 15 10 6
split_gain=573.293 276.471 81.0954 62.9862 57.3118 54.257 53.028 56.6293 57.0773 48.8993 42.0723 38.9756 42.4625 38.2634 61.4737 43.1279 35.3358 34.9692 32.9853 28.9414 28.2789 27.8527 72.6198 38.4491 27.6966 26.837 36.6463 30.0905 26.7583 26.1889
threshold=11.680560588836672 2.0049999952316289 8.2449998855590838 952.25000000000011 939.64999389648449 5.7249999046325692 1.0000000180025095e-35 2.6820437908172612 60.500000000000007 958.95001220703136 14.454999923706056 1.0000000180025095e-35 -0.50432845950126637 0.88337317109107982 46.500000000000007 -0.6035533845424651 967.14999389648449 3.7500000000000004 -0.86159634590148915 -0.81825488805770863 948.75000000000011 -0.74892720580101002 8.5500001907348651 25.500000000000004 0.99351876974105846 -0.44380629062652582 951.54998779296886 80.500000000000014 -0.95878320932388295 956.04998779296886
decision_type=2 2 2 2 2 2 2 2 2 2 8 2 2 2 2 2 2 2 2 2 2 2 2 2 2 2 2 2 2 2
left_child=1 3 16 4 -1 -3 7 8 -5 10 21 12 19 15 29 -8 -2 18 -6 -4 -13 25 23 -23 -14 26 28 -27 -7 -15
right_child=2 5 11 6 17 9 13 -9 -10 -11 -12 20 24 14 -16 -17 -18 -19 -20 -21 -22 22 -24 -25 -26 27 -28 -29 -30 -31
leaf_value=-0.00036394142684835105 0.00061791636378505941 -0.00014136700332077271 2.6234495826188423e-05 -0.0001660783438143138 -0.00021952595319133645 -0.0052369148032848784 -0.00015742559283778401 -2.9643252017022038e-05 3.006340036730399e-05 0.0011487638241162057 -0.0047922003445468918 0.0013510718970411173 0.00034236086773949408 -0.00025767354657237654 0.00021914516768647421 -0.00017076926794164392 0.00080934227201039663 0.0003177126781342876 -6.5462176341003598e-05 -4.9637925420048527e-05 0.00095036112090563516 -0.0044234113037560641 0.001182778473174484 0.00039526976228314027 -1.5483460700205233e-05 0.00098752647305439542 0.0011945418341430037 -0.0052523272723795505 8.2320851137529527e-05 -0.00015884925886039465
leaf_weight=223 2137 30378 283 1147 1756 697 495 1391 460 2785 214 170 863 219 517 1446 204 1055 1641 102 1159 291 2179 2813 106 2057 560 213 297 147
leaf_count=223 2137 30378 283 1147 1756 697 495 1391 460 2785 214 170 863 219 517 1446 204 1055 1641 102 1159 291 2179 2813 106 2057 560 213 297 147
internal_value=-0.000245647 -0.00177688 0.0158879 -0.00904114 -0.00471154 1.88284e-05 -0.0125107 -0.00785881 -0.014237 0.00284865 0.0011098 0.0218192 0.0157469 -0.0174267 -0.00872748 -0.0213515 0.00905797 -0.00345524 -0.00592299 0.00166667 0.0279235 0.00162972 0.00398071 -0.000932776 0.0213039 -0.00161922 -0.00667094 0.00184615 -0.0124124 -0.0242588
internal_weight=58005 52981 5024 10497 4675 42484 5822 2998 1607 12106 9321 2683 1354 2824 883 1941 2341 4452 3397 385 1329 9107 5283 3104 969 3824 1554 2270 994 366
internal_count=58005 52981 5024 10497 4675 42484 5822 2998 1607 12106 9321 2683 1354 2824 883 1941 2341 4452 3397 385 1329 9107 5283 3104 969 3824 1554 2270 994 366
is_linear=0
shrinkage=0.05


Tree=83
num_leaves=31
num_cat=0
split_feature=3 5 12 4 6 1 7 5 10 8 9 13 7 15 7 7 6 6 13 15 6 13 7 7 7 12 12 12 8 10
split_gain=491.513 292.9 80.1253 73.3559 50.8518 50.0872 54.3273 49.5233 99.5518 65.182 48.4009 46.9998 55.6888 47.9133 43.6152 65.1957 40.3092 38.154 34.805 48.4696 38.5837 34.3938 34.2884 70.8505 43.3198 33.8573 32.5063 32.3682 32.2521 32.1807
threshold=11.793270587921144 1.985000014305115 -0.13052122294902799 8.2449998855590838 951.35000610351574 1.0000000180025095e-35 -0.464854747056961 4.9516665935516366 0.86159634590148937 0.95943385362625133 14.244999885559084 -0.37940952181816096 0.083713535219430937 33.500000000000007 0.87412264943122875 0.58534687757492077 963.64999389648449 939.64999389648449 1.0000000180025095e-35 37.500000000000007 961.95001220703136 -0.91597560048103321 0.98805528879165661 0.99276849627494823 0.93554237484931957 -0.28400452435016627 0.26722820103168493 -0.07845610752701758 0.15855792164802554 -0.99535831809043873
decision_type=2 2 2 2 2 2 2 2 2 2 8 2 2 2 2 2 2 2 2 2 2 2 2 2 2 2 2 2 2 2
left_child=1 2 16 22 17 6 -5 18 10 11 27 -10 -13 -14 15 -7 -1 -4 19 20 -3 -6 24 -24 25 -2 -15 -9 -26 -19
right_child=3 7 4 5 21 14 -8 8 9 -11 -12 12 13 26 -16 -17 -18 29 -20 -21 -22 -23 23 -25 28 -27 -28 -29 -30 -31
leaf_value=-0.00015259054515543531 0.0013734378111833478 -0.00020484805881206035 -0.00029702969454979293 0.0004172112016030072 -0.00010645107213976477 0.00013131451238796999 0.00090464650417078634 0.000805187464975532 0.0019523298107966824 -0.0011797167755288483 -0.0050472963493793559 0.0021187831431859539 -0.0029227306536189798 0.0028088692189665978 0.00043621298458831892 -5.360736076675532e-05 -0.0002177453251532579 -0.00020884464136279262 -0.00035311885785851375 0.00060038072309648175 -0.0024905846066239005 -0.0001538653822328746 -0.015557614133084702 0.0010330326343248376 0.001151153364332469 0.00013257783142153201 0.00026888484634974289 -0.0012366637999962462 0.00091884487573729587 -5.0517787118144376e-05
leaf_weight=4983 345 7394 95 170 322 915 1122 3901 1363 598 180 1474 422 249 300 96 334 255 14896 7762 158 3081 105 144 297 1148 1295 3175 137 1249
leaf_count=4983 345 7394 95 170 322 915 1122 3901 1363 598 180 1474 422 249 300 96 334 255 14896 7762 158 3081 105 144 297 1148 1295 3175 137 1249
internal_value=-0.000478696 -0.00185934 -0.0094198 0.0148725 -0.0139605 0.020533 0.0275251 -3.84867e-05 0.00258648 0.0077229 -0.0012395 0.00966098 0.0065312 0.00101471 0.0135638 0.00851378 -0.00513905 -0.00657731 -0.00113851 0.000535283 -0.00231573 -0.0174149 0.00806969 -0.00925197 0.0103261 0.00624166 0.00510006 -0.000579014 0.0241458 -0.00457256
internal_weight=57965 53186 10319 4779 5002 2603 1292 42867 12657 5401 7256 4803 3440 1966 1311 1011 5317 1599 30210 15314 7552 3403 2176 249 1927 1493 1544 7076 434 1504
internal_count=57965 53186 10319 4779 5002 2603 1292 42867 12657 5401 7256 4803 3440 1966 1311 1011 5317 1599 30210 15314 7552 3403 2176 249 1927 1493 1544 7076 434 1504
is_linear=0
shrinkage=0.05


Tree=84
num_leaves=31
num_cat=0
split_feature=4 5 4 7 13 6 12 6 0 7 6 13 11 10 8 7 8 13 7 5 6 8 2 8 10 12 8 5 8 8
split_gain=433.067 234.492 122.219 82.9364 99.5038 71.9081 57.6696 54.0206 54.0001 69.3608 53.5967 48.8939 44.3693 39.213 34.9267 64.5098 34.1331 32.5106 50.2257 69.2736 69.7731 66.7706 56.7977 48.2123 43.8924 64.7856 43.3704 42.4706 38.9051 37.5487
threshold=6.9649999141693124 2.0049999952316289 8.7349996566772479 0.91947823762893688 -0.37940952181816096 951.64999389648449 -0.13052122294902799 964.85000610351574 1.0000000180025095e-35 -0.464854747056961 939.64999389648449 -0.7865660786628722 3.7500000000000004 -0.82409480214118946 1.0000000180025095e-35 0.88234141469001781 -0.98336225748062123 1.0000000180025095e-35 -0.5677773356437682 4.3949999809265146 947.25000000000011 -0.59055599570274342 6.5000000000000009 0.96063983440399181 0.90255093574523937 -0.26722820103168482 0.98965245485305797 4.9216666221618661 0.86458376049995433 -0.86458376049995411
decision_type=2 2 2 2 2 2 2 2 2 2 2 2 2 2 2 2 2 2 2 2 2 2 2 2 2 2 2 2 2 2
left_child=1 5 3 -2 -5 10 -7 -6 -4 -10 -1 -8 13 -12 15 -13 -15 23 19 21 -21 -19 -20 24 29 28 -25 -27 -26 -3
right_child=2 17 8 4 7 6 11 -9 9 -11 12 14 -14 16 -16 -17 -18 18 22 20 -22 -23 -24 26 25 27 -28 -29 -30 -31
leaf_value=-0.00032254185363394584 0.00025339827396443361 0.0011566713098880293 0.00015289889529519486 0.0010340437099492616 -7.8941740375754196e-05 -0.00015262970913925818 -0.00014186104408425108 0.00087758203566531414 0.00025754826341514161 0.00085761073965181513 -0.00020780301325808764 -0.00014814111793168559 0.00043678598275702401 -0.00034855801017353878 -0.00015138233374359898 0.00036271583031101097 0.00016519590008795602 0.00222911981224959 0.00052984041694556017 0.0001708879968506702 0.007067084610006197 -0.00070959985853935462 -0.00068389901090330763 -0.0020898736610230817 -0.0019566243302062149 0.00087171221983315121 0.00018623245862427857 0.0026456815268100123 0.0032573559325877448 -0.0001556614764721515
leaf_weight=225 5497 2509 1173 529 657 2640 583 221 212 922 1802 1199 1010 134 1430 234 1289 949 3180 830 735 2997 9282 932 511 3121 854 1044 103 11307
leaf_count=225 5497 2509 1173 529 657 2640 583 221 212 922 1802 1199 1010 134 1430 234 1289 949 3180 830 735 2997 9282 932 511 3121 854 1044 103 11307
internal_value=-0.000453404 -0.00232696 0.00948893 0.0061514 0.0169618 -0.00892806 -0.012461 0.00656852 0.019442 0.0272169 -0.00409854 -0.0167198 -0.0028184 -0.00568111 -0.0194038 -0.0138039 0.00052521 -0.000510962 -0.00206085 0.00191262 0.0107962 -0.00161984 -0.00381808 0.00085598 0.00161022 0.00573788 -0.00697934 0.00797362 -0.00936995 0.000180884
internal_weight=58111 48900 9211 6904 1407 10546 6086 878 2307 1134 4460 3446 4235 3225 2863 1433 1423 38354 17973 5511 1565 3946 12462 20381 18595 4779 1786 4165 614 13816
internal_count=58111 48900 9211 6904 1407 10546 6086 878 2307 1134 4460 3446 4235 3225 2863 1433 1423 38354 17973 5511 1565 3946 12462 20381 18595 4779 1786 4165 614 13816
is_linear=0
shrinkage=0.05


Tree=85
num_leaves=31
num_cat=0
split_feature=3 5 12 0 4 7 8 8 6 10 4 15 13 8 7 7 6 3 15 6 14 7 15 7 11 3 12 8 8 8
split_gain=424.217 295.022 83.4914 71.1929 73.5672 63.9034 57.8076 64.4789 47.2069 40.4063 40.1097 37.1334 57.1671 45.6324 37.2337 37.1458 36.4965 36.4716 34.9724 34.243 34.1474 30.2607 36.085 31.8289 33.4675 31.1869 31.7578 32.2281 50.1824 43.2546
threshold=11.680560588836672 2.0049999952316289 -0.13052122294902799 1.0000000180025095e-35 8.7349996566772479 -0.464854747056961 -0.38118652999401087 -0.20061247795820233 951.75000000000011 0.94828754663467418 5.7249999046325692 34.500000000000007 -0.6035533845424651 1.0000000180025095e-35 0.46866798400878912 0.88637545704841625 940.14999389648449 14.635410308837892 81.500000000000014 958.95001220703136 1.575000047683716 0.88234141469001781 32.500000000000007 0.86564558744430553 5.1499998569488534 7.0539255142211923 -0.50751903653144825 -0.99141839146614064 -0.97653719782829274 -0.82801559567451466
decision_type=2 2 2 2 2 2 2 2 2 2 2 2 2 2 2 2 2 2 2 2 10 2 2 2 2 2 2 2 2 2
left_child=1 2 18 6 9 -6 17 -8 16 -5 21 -10 14 15 -13 -14 -4 -2 20 -12 -1 23 -23 25 -25 -3 -27 -28 -29 -30
right_child=3 10 8 4 5 -7 7 -9 11 -11 19 12 13 -15 -16 -17 -18 -19 -20 -21 -22 22 -24 24 -26 26 27 28 29 -31
leaf_value=-0.00017944840008545274 1.4442516957835495e-05 -0.00016964631425606949 -0.00026478353187604856 0.00076461074854646265 -7.7867448833751637e-05 0.00081716457834424836 0.00054742723946054066 0.00016999825168066975 -0.00015825702455178728 0.00084393683160245985 0.00016700239987639811 0.0037740190692098666 -0.00014454090332690055 -0.00013474302916039669 -0.00014573190363218751 0.00028786174490522766 -0.00014700067742863177 -5.2120605875471961e-05 -0.00025308615173112882 0.0010244942546564328 -8.7250032299814739e-05 -0.0034547643075604401 -0.00051733005558892917 0.0042091165392839176 -0.00097206671771115228 0.0030350257336808797 -0.0037814901955616261 0.0095490644200687709 -0.0031100170456950533 0.00092798402675631361
leaf_weight=1483 648 18244 118 1393 142 807 329 1410 603 150 9299 113 815 1243 486 205 1595 128 399 2796 3570 85 4490 240 116 1478 278 239 830 4319
leaf_count=1483 648 18244 118 1393 142 807 329 1410 603 150 9299 113 815 1243 486 205 1595 128 399 2796 3570 85 4490 240 116 1478 278 239 830 4319
internal_value=-0.000586503 -0.00190013 -0.0093465 0.013318 0.0193032 0.0302411 0.00736111 0.012414 -0.0138916 0.0125 -3.30041e-05 -0.0172478 -0.0148239 -0.0184524 -0.00107616 -0.0105366 -0.00707218 -0.00396927 -0.00502107 0.00240083 -0.00388493 -0.00100416 -0.00474891 -0.000337877 0.0144044 -0.000547395 0.00225206 0.000546641 0.00140923 0.000358945
internal_weight=58051 53044 10630 5007 2492 949 2515 1739 5178 1543 42414 3465 2862 2263 599 1020 1713 776 5452 12095 5053 30319 4575 25744 356 25388 7144 5666 5388 5149
internal_count=58051 53044 10630 5007 2492 949 2515 1739 5178 1543 42414 3465 2862 2263 599 1020 1713 776 5452 12095 5053 30319 4575 25744 356 25388 7144 5666 5388 5149
is_linear=0
shrinkage=0.05


Tree=86
num_leaves=31
num_cat=0
split_feature=3 5 6 0 10 3 3 6 8 8 8 8 3 6 7 13 14 7 13 10 7 8 8 7 6 6 6 5 8 7
split_gain=435.358 278.253 68.9531 67.3757 61.1543 57.5919 55.7813 53.1166 51.9775 51.8461 46.972 41.38 37.568 38.0208 36.006 35.9377 37.7061 35.5559 43.8274 58.5185 48.345 44.2401 38.1366 40.4367 36.3153 34.8178 36.6345 34.7662 40.7342 32.0552
threshold=11.793270587921144 2.0049999952316289 952.04998779296886 1.0000000180025095e-35 0.9238443672657014 13.542418003082277 2.1336435079574589 940.64999389648449 -0.36523833870887751 -0.20061247795820233 1.0000000180025095e-35 0.84908413887023937 8.1193141937255877 947.95001220703136 -0.98134601116180409 -0.6035533845424651 1.0149999856948855 -0.45724393427371973 -0.37940952181816096 -0.94260558485984791 0.68472337722778331 -0.68630018830299366 -0.13282711803913114 0.98217421770095836 957.04998779296886 954.04998779296886 966.54998779296886 6.8550000190734872 0.99717122316360485 -0.464854747056961
decision_type=2 2 2 2 2 2 2 2 2 2 2 2 2 2 2 2 10 2 2 2 2 2 2 2 2 2 2 2 2 2
left_child=1 2 7 8 5 -5 -4 -1 -2 -10 -8 15 -3 14 -14 16 -12 -15 19 -19 24 -22 23 -23 27 -24 -27 28 -20 -7
right_child=3 12 6 4 -6 29 10 -9 9 -11 11 -13 13 17 -16 -17 -18 18 20 -21 21 22 25 -25 -26 26 -28 -29 -30 -31
leaf_value=-0.00033770002783130255 -1.3048576793817103e-05 -0.00013355672791781905 -0.00012690662069087289 0.00073570899348008873 0.00076383006225618779 0.0003036750123125126 -0.00012193796675204344 -0.0001324179342766553 0.00068337275542618983 0.0001706716438474143 0.0022047952984228891 -0.00015248715220265763 0.0027905242418667128 0.0016846543433479246 -0.0026075335440471806 -0.0001730525885097548 -0.00021875902893990089 -0.0011931235568555883 0.0001205411220363939 0.0014764717848458537 -0.0076540861013625512 6.0761042761592337e-06 0.0023119697602684399 0.0065254551485310732 0.0012560061335500972 -0.005006897106708744 0.0045440615224013716 -0.0010227470539222101 0.0071676463344480246 0.00079129162833231354
leaf_weight=339 763 28331 1927 1118 547 98 2043 4270 298 1338 89 615 434 1703 2013 1058 275 968 1567 2714 173 1010 241 113 1549 1145 108 494 133 607
leaf_count=339 763 28331 1927 1118 547 98 2043 4270 298 1338 89 615 434 1703 2013 1058 275 968 1567 2714 173 1010 241 113 1549 1145 108 494 133 607
internal_value=-0.000567262 -0.00186245 -0.0091046 0.0138982 0.0198737 0.0153993 -0.0126331 -0.00449718 0.00796589 0.0129799 -0.00930233 -0.014667 -6.08885e-05 0.00202157 -0.00365008 -0.0193413 -0.00569106 0.00318712 0.00206947 0.00642799 -0.000390028 -0.00536673 -0.00371854 0.00323582 0.00332177 -0.00893929 -0.0122814 -0.000818554 0.00258065 0.0265493
internal_weight=58081 53312 10616 4769 2370 1823 6007 4609 2399 1636 4080 2037 42696 14365 2447 1422 364 11918 10215 3682 6533 2790 2617 1123 3743 1494 1253 2194 1700 705
internal_count=58081 53312 10616 4769 2370 1823 6007 4609 2399 1636 4080 2037 42696 14365 2447 1422 364 11918 10215 3682 6533 2790 2617 1123 3743 1494 1253 2194 1700 705
is_linear=0
shrinkage=0.05


Tree=87
num_leaves=31
num_cat=0
split_feature=3 5 12 0 4 7 6 13 6 7 7 3 10 2 10 6 13 4 9 13 7 7 13 8 7 7 8 8 7 8
split_gain=452.061 269.641 78.2671 72.3631 74.5302 54.6848 54.1493 48.5706 43.775 43.5173 47.6008 42.0383 36.1164 35.6835 35.3308 35.2056 35.0616 34.3965 32.4993 31.2122 29.2673 34.1842 31.8595 37.0219 67.0674 49.2697 35.0104 33.4563 40.7167 39.7826
threshold=11.680560588836672 2.0049999952316289 -0.13052122294902799 1.0000000180025095e-35 8.7349996566772479 -0.464854747056961 951.45001220703136 -0.7865660786628722 963.64999389648449 0.91258591413497936 0.58534687757492077 8.3812789916992205 -0.99535831809043873 19.500000000000004 0.94828754663467418 948.35000610351574 0.78656607866287243 7.6150000095367441 0.7150000035762788 0.78656607866287243 -0.45724393427371973 -0.43414571881294245 -0.37940952181816096 -0.69561269879341114 0.31881132721900945 0.25293653458356863 0.99805629253387462 0.97745609283447277 0.68472337722778331 -0.68630018830299366
decision_type=2 2 2 2 2 2 2 2 2 2 2 2 2 2 2 2 2 2 10 2 2 2 2 2 2 2 2 2 2 2
left_child=1 2 8 9 14 -6 12 -8 13 10 -2 -3 -4 -1 -5 19 -9 -12 -18 -13 -17 -22 23 24 -23 -25 27 28 -24 -30
right_child=3 11 6 4 5 -7 7 16 -10 -11 17 15 -14 -15 -16 20 18 -19 -20 -21 21 22 26 25 -26 -27 -28 -29 29 -31
leaf_value=-0.00018663867006211526 0.00012514757392831922 -0.00013835675280565867 -0.00019363991879627247 0.00069819399374876638 0.00051309478916105602 0.0007379205954143015 -0.00013429393803170476 -0.00013359542159207036 -0.00019416815031213613 0.00048848544389992201 0.00056674381551713178 -0.00022609038066621624 -0.00010004188386836091 -4.6693185528468756e-05 0.00075843153804932011 0.001603361093031322 -0.00012559491537957217 -0.00016051679404483767 -0.00010980773183698785 -0.0046686744442781597 -0.0036478139175062292 0.0017805569414136415 0.00067691594519367077 -0.0015089315551797156 -0.002302374651406197 0.0024197663842532554 0.0023896325125421728 -0.0047450447095068772 -0.0076261005352852894 -0.00068401966763126658
leaf_weight=1712 1501 29673 289 1352 135 834 575 1933 338 761 80 1952 1372 3350 150 1412 160 218 819 413 98 470 2786 405 513 1848 184 285 156 2350
leaf_count=1712 1501 29673 289 1352 135 834 575 1933 338 761 80 1952 1372 3350 150 1412 160 218 819 413 98 470 2786 405 513 1848 184 285 156 2350
internal_value=-0.000565983 -0.0019238 -0.00907799 0.013751 0.0198506 0.0306468 -0.0134873 -0.0170246 -0.00486586 0.00783626 0.00357539 -0.000149236 -0.00603241 -0.00369055 0.0128069 0.00223655 -0.0196435 -0.0145215 -0.0118394 -0.00327004 0.00347698 0.00243407 0.0027605 0.00672632 -0.0013664 0.0102524 0.000528963 -0.000188105 0.000717387 -0.00390283
internal_weight=58124 53093 10548 5031 2471 969 5148 3487 5400 2560 1799 42545 1661 5062 1502 12872 2912 298 979 2365 10507 9095 8997 3236 983 2253 5761 5577 5292 2506
internal_count=58124 53093 10548 5031 2471 969 5148 3487 5400 2560 1799 42545 1661 5062 1502 12872 2912 298 979 2365 10507 9095 8997 3236 983 2253 5761 5577 5292 2506
is_linear=0
shrinkage=0.05


Tree=88
num_leaves=31
num_cat=0
split_feature=3 4 6 0 3 10 3 8 8 9 2 15 8 8 10 6 12 10 15 8 13 8 3 8 8 8 6 8 6 4
split_gain=392.188 179.895 79.6238 70.0154 69.871 56.0306 50.2088 48.9065 62.3149 44.4123 38.8756 35.8751 57.7435 44.9905 55.4134 51.8378 53.7785 68.2944 54.6425 39.3288 37.019 35.4996 34.4074 42.187 86.823 94.7339 35.5414 60.328 43.8164 40.2332
threshold=11.680560588836672 1.9650000333786013 952.25000000000011 1.0000000180025095e-35 13.349833011627199 0.94828754663467418 1.6630246639251711 -0.36523833870887751 -0.20061247795820233 0.34000000357627874 38.500000000000007 37.500000000000007 0.97745609283447277 -0.41665914654731745 0.59480014443397533 942.04998779296886 0.28400452435016638 -0.84335932135581959 15.500000000000002 0.98965245485305797 -0.37940952181816096 -0.99532556533813465 8.3812789916992205 0.12447811290621759 0.88337317109107982 0.86674088239669811 952.85000610351574 0.34156760573387152 947.45001220703136 3.1049998998641972
decision_type=2 2 2 2 2 2 2 2 2 10 2 2 2 2 2 2 2 2 2 2 2 2 2 2 2 2 2 2 2 2
left_child=1 2 10 7 5 -5 -4 -2 -9 -8 -1 12 13 15 -15 -3 21 -18 -19 -14 -21 -17 23 -13 25 26 27 -25 -29 -28
right_child=3 11 6 4 -6 -7 9 8 -10 -11 -12 22 19 14 -16 16 17 18 -20 20 -22 -23 -24 24 -26 -27 29 28 -30 -31
leaf_value=-0.0001512708483682664 -8.9959691162710964e-06 -0.002093302407981292 -0.00011707574326154293 0.00059798295872846581 0.00069741136256467608 0.00073252601619642208 -0.00021080317011214282 0.00058232460935073171 0.00014984173842064741 -0.00011957030147009568 0.0004944915320992644 0.00050352437556318579 -0.0034303407981137791 -0.00030731331458590564 0.00097158952341000753 -0.0019221947627713995 -0.0012045157272547022 0.0040724944921899098 -0.00041555194056035194 0.00084056031967511967 -0.0018533436502477037 0.00043406898118389104 0.00076924660162602245 -0.0019015270748834107 0.0011099083932079212 -0.0076874890501987207 -0.00040350312014593822 -0.0011208499376444097 0.0020295499757077315 -0.00075419041976348663
leaf_weight=4930 799 439 952 1239 1027 209 285 307 1408 5401 1258 6668 429 4405 3235 521 971 213 2749 334 288 4484 7811 407 2600 224 1208 290 747 2318
leaf_count=4930 799 439 952 1239 1027 209 285 307 1408 5401 1258 6668 429 4405 3235 521 971 213 2749 334 288 4484 7811 407 2600 224 1208 290 747 2318
internal_value=-0.000591462 -0.00184966 -0.00700647 0.0128054 0.0187702 0.0116311 -0.0108084 0.0069075 0.011657 -0.00901423 -0.00292265 -0.000209438 -0.00186466 -0.00116026 0.00168738 -0.00348007 -0.00265012 -0.00702133 -0.00323559 -0.0132102 -0.00510367 0.000788423 0.00113341 -0.000311053 -0.00280805 -0.00653972 -0.00508543 0.00151829 0.00791747 -0.00778816
internal_weight=58156 53167 12826 4989 2475 1448 6638 2514 1715 5686 6188 40341 18068 17017 7640 9377 8938 3933 2962 1051 622 5005 22273 14462 7794 5194 4970 1444 1037 3526
internal_count=58156 53167 12826 4989 2475 1448 6638 2514 1715 5686 6188 40341 18068 17017 7640 9377 8938 3933 2962 1051 622 5005 22273 14462 7794 5194 4970 1444 1037 3526
is_linear=0
shrinkage=0.05


Tree=89
num_leaves=31
num_cat=0
split_feature=3 5 12 0 3 8 8 13 8 8 3 7 3 6 6 7 15 6 14 2 5 12 8 8 12 13 15 8 9 7
split_gain=378.844 232.228 76.9324 63.4201 64.507 49.0998 54.4231 49.0373 45.8917 45.3808 44.1196 38.8315 38.7145 35.3089 30.9574 26.3109 25.8716 36.5176 25.7791 31.0915 25.16 33.7764 38.7229 72.1456 32.2433 35.1467 52.1915 25.2208 37.4156 38.5578
threshold=11.576088428497316 2.0049999952316289 -0.13052122294902799 1.0000000180025095e-35 13.349833011627199 -0.36523833870887751 -0.20061247795820233 -0.6035533845424651 1.0000000180025095e-35 -0.36924374103546137 2.5539633035659794 0.01504978956654668 14.635410308837892 963.64999389648449 978.04998779296886 0.52093526721000682 81.500000000000014 957.95001220703136 1.575000047683716 18.500000000000004 4.4449999332427987 -0.73724925518035878 0.95943385362625133 0.99805629253387462 -0.52247866988182057 -0.91597560048103321 31.500000000000004 -0.85581842064857472 7.6749999523162851 -0.25707612931728357
decision_type=2 2 2 2 2 2 2 2 2 2 2 2 2 2 2 2 2 2 10 2 2 2 2 2 2 2 2 2 10 2
left_child=1 2 13 5 -5 12 -7 -4 9 10 -9 -6 -2 16 20 -10 17 18 19 -1 24 -22 -23 -24 27 26 -26 28 29 -3
right_child=3 14 7 4 11 6 -8 8 15 -11 -12 -13 -14 -15 -16 -17 -18 -19 -20 -21 21 22 23 -25 25 -27 -28 -29 -30 -31
leaf_value=-0.00024151608940275955 2.2510446241974514e-05 0.0065537710301870958 -0.00010072318098583709 0.00066431930154670082 0.00072337938494311256 0.0005986583574856541 0.00014234965149961253 -0.00011717326091957147 -0.00016776222979810081 0.00029339884558034267 -0.0001040620456727104 0.00066254079443644478 -4.0386508583950544e-05 -0.00016729080706831147 0.0063838067962611773 -0.00010198722514483654 -0.0002133961667649913 0.00035728520428875702 -0.00010707862326501862 -0.00013085458495399192 -0.0034883802565226448 0.0005330334218648481 -0.0030833683974748672 0.0018191731771980996 -0.00049952213531343219 -0.00030937558243713213 0.0018234615174517828 5.650898269847493e-05 -0.0022314361587175784 0.0013695659648242373
leaf_weight=350 736 293 1154 1584 341 306 1441 1083 931 314 848 688 128 325 87 832 357 849 2894 682 550 14181 1155 340 1038 16774 1465 5503 241 595
leaf_count=350 736 293 1154 1584 341 306 1441 1083 931 314 848 688 128 325 87 832 357 849 2894 682 550 14181 1155 340 1038 16774 1465 5503 241 595
internal_value=-0.00056053 -0.00183079 -0.00843844 0.0122777 0.0177807 0.00674694 0.0115582 -0.0128121 -0.0154249 -0.0106444 -0.0135072 0.0275145 -0.00299194 -0.0042933 -0.000168139 -0.0214649 -0.00327039 -0.00229079 -0.0043246 -0.0110897 -0.000231372 0.0013123 0.00174096 -0.0059 -0.00119819 -0.00223265 0.00328947 0.00180805 0.00859788 0.0133259
internal_weight=58065 52841 10619 5224 2613 2611 1747 5162 4008 2245 1931 1029 864 5457 42222 1763 5132 4775 3926 1032 42135 16226 15676 1495 25909 19277 2503 6632 1129 888
internal_count=58065 52841 10619 5224 2613 2611 1747 5162 4008 2245 1931 1029 864 5457 42222 1763 5132 4775 3926 1032 42135 16226 15676 1495 25909 19277 2503 6632 1129 888
is_linear=0
shrinkage=0.05


Tree=90
num_leaves=31
num_cat=0
split_feature=3 5 6 0 3 10 12 6 13 8 8 13 10 3 15 7 13 10 15 13 7 6 8 11 8 8 7 6 7 7
split_gain=389.759 253.982 68.9003 67.2253 70.2326 60.9802 60.3615 52.3512 43.7501 40.5929 56.6037 35.3312 32.383 29.6457 28.0685 27.8255 50.2908 39.473 34.4823 39.4623 48.9843 47.2997 52.2409 41.6359 38.0524 46.5237 49.1824 73.6862 52.1284 60.9506
threshold=11.680560588836672 2.0049999952316289 951.64999389648449 1.0000000180025095e-35 13.542418003082277 0.94828754663467418 -0.13052122294902799 939.64999389648449 -0.7865660786628722 -0.35321410000324244 -0.20061247795820233 0.78656607866287243 -0.99809679388999928 15.08091974258423 96.500000000000014 -0.97789707779884327 0.91597560048103344 0.78257837891578685 25.500000000000004 0.12940952181816109 -0.59573787450790394 947.64999389648449 0.24284747242927554 8.4499998092651385 0.90635803341865551 -0.068708579987287507 0.94147586822509777 952.35000610351574 0.90542393922805797 0.86564558744430553
decision_type=2 2 2 2 2 2 2 2 2 2 2 2 2 2 2 2 2 2 2 2 2 2 2 2 2 2 2 2 2 2
left_child=1 2 7 9 5 -5 -4 -1 -8 13 -11 -10 -9 -2 15 16 17 -3 -17 -20 21 22 -21 -23 25 26 28 -28 29 -22
right_child=3 14 6 4 -6 -7 8 12 11 10 -12 -13 -14 -15 -16 18 -18 -19 19 20 24 23 -24 -25 -26 -27 27 -29 -30 -31
leaf_value=-0.00026711349257795621 3.2203876158487521e-05 0.00054637307853332986 -0.00012761466018498319 0.00058895293738936991 0.00063322120869345748 0.00065782006777969639 -0.00011521184852033634 -0.00018482983949406762 -0.00011299310005073406 0.00060579954756414536 0.0001410803901900709 -9.5262300188932614e-05 -7.7339370996836699e-05 -3.6108227169645569e-05 0.002809283521452233 -0.00033752102612487383 -0.0020561454089913556 0.0036466914831563726 0.00033247297829868685 0.00072038032586517204 -0.00061235827660181548 0.0014423607118278438 -0.0023364026124654599 0.0056732834530402983 0.00048259123502851638 -0.0011437326764107256 -0.0038383661930073247 0.0042932147983606008 -0.0040795570385785867 0.0048625001274021752
leaf_weight=225 705 1673 2688 1364 915 230 569 352 1922 285 1404 976 3887 114 197 8138 278 524 16303 1285 4357 1110 405 349 2635 3943 173 565 268 246
leaf_count=225 705 1673 2688 1364 915 230 569 352 1922 285 1404 976 3887 114 197 8138 278 524 16303 1285 4357 1110 405 349 2635 3943 173 565 268 246
internal_value=-0.000500086 -0.00175984 -0.00867376 0.0128136 0.0185959 0.0121951 -0.0121023 -0.00393824 -0.0164603 0.00700358 0.0114227 -0.0189459 -0.00267436 -0.00212379 -2.94436e-05 -0.000118324 0.00502016 0.00756131 -0.000438641 0.000308115 -0.00151229 0.00404249 -0.00165192 0.0106216 -0.00294865 -0.00441561 -0.00148735 0.010498 -0.00331214 -0.00205078
internal_weight=58085 53068 10619 5017 2509 1594 6155 4464 3467 2508 1689 2898 4239 819 42449 42252 2475 2197 39777 31639 15336 3149 1690 1459 12187 9552 5609 738 4871 4603
internal_count=58085 53068 10619 5017 2509 1594 6155 4464 3467 2508 1689 2898 4239 819 42449 42252 2475 2197 39777 31639 15336 3149 1690 1459 12187 9552 5609 738 4871 4603
is_linear=0
shrinkage=0.05


Tree=91
num_leaves=31
num_cat=0
split_feature=3 5 0 4 12 6 7 10 13 13 7 7 10 4 14 9 6 3 6 7 6 13 7 10 6 12 7 3 11 11
split_gain=365.841 253.35 70.6892 71.2246 70.1309 51.5434 51.0281 39.5991 38.9508 37.2629 36.3732 37.8281 33.7515 32.6258 32.3467 30.0333 27.1806 26.9261 34.5014 32.0495 32.6776 28.4727 33.9054 35.6858 30.9999 28.1407 28.1204 26.1456 25.1005 24.2012
threshold=11.680560588836672 2.0049999952316289 1.0000000180025095e-35 8.7349996566772479 -0.13052122294902799 951.25000000000011 -0.464854747056961 0.94828754663467418 -0.7865660786628722 0.78656607866287243 0.91258591413497936 0.58534687757492077 -0.99535831809043873 7.6549999713897714 10.795000076293947 13.954999923706056 963.64999389648449 8.2959504127502459 948.45001220703136 -0.98134601116180409 945.25000000000011 0.78656607866287243 -0.97415921092033375 0.78257837891578685 945.95001220703136 -0.50751903653144825 -0.96582093834877003 2.3548717498779301 13.34999990463257 9.3499999046325701
decision_type=2 2 2 2 2 2 2 2 2 2 2 2 2 2 10 10 2 2 2 2 2 2 2 2 2 2 2 2 2 2
left_child=1 4 10 7 16 12 -5 -4 -7 -10 11 -2 -6 -13 -12 -16 -1 21 19 20 29 22 23 24 -3 -20 -24 -11 -28 -19
right_child=2 17 3 6 5 8 -8 -9 9 27 14 13 -14 -15 15 -17 -18 18 25 -21 -22 -23 26 -25 -26 -27 28 -29 -30 -31
leaf_value=-0.00011662536953190272 9.6642024372284316e-05 0.0011131642828971764 0.00057165404754399576 0.00028403230372625599 -0.00016403351632452161 -0.00011179435071854349 0.00060282045752283744 0.00061486727914314985 -0.00010711764763370151 -9.3530882350770065e-05 0.00075874638435567134 0.00044581617454467762 -9.8436584262168259e-05 -0.00015970298361673853 0.00011168431408634661 0.00026585677033926782 -0.0001511820829535579 -0.0068743068404799827 0.0030278808762421727 -0.002490597486250501 0.0062361103073713953 -0.00063497741539284783 -0.0025232974491428439 0.0034929800802908566 -0.0018801618981837149 0.00035251515867139874 -6.8739661981663191e-05 -6.7354992359233882e-05 0.0088613046236949745 0.0025127952335776515
leaf_weight=5107 1486 1137 1385 136 270 574 808 147 1967 319 236 85 1346 205 401 130 328 122 943 2079 87 5233 267 397 247 9774 21745 684 187 220
leaf_count=5107 1486 1137 1385 136 270 574 808 147 1967 319 236 85 1346 205 401 130 328 122 943 2079 87 5233 267 397 247 9774 21745 684 187 220
internal_value=-0.000604578 -0.00182605 0.012291 0.0182991 -0.00874057 -0.0129138 0.0290832 0.011581 -0.0162863 -0.0185882 0.0064168 0.00247052 -0.00549044 -0.0138983 0.0154793 0.00848881 -0.00477022 -9.89562e-05 0.00177249 -0.00350179 0.00887097 -0.000946334 -0.000216802 0.00641097 0.00259179 0.00300783 -0.000749865 -0.0106647 -0.00055158 0.00172911
internal_weight=58052 53033 5019 2476 10595 5160 944 1532 3544 2970 2543 1776 1616 290 767 531 5435 42438 13225 2508 429 29213 23980 1781 1384 10717 22199 1003 21932 342
internal_count=58052 53033 5019 2476 10595 5160 944 1532 3544 2970 2543 1776 1616 290 767 531 5435 42438 13225 2508 429 29213 23980 1781 1384 10717 22199 1003 21932 342
is_linear=0
shrinkage=0.05


Tree=92
num_leaves=31
num_cat=0
split_feature=3 5 0 4 3 7 15 2 8 8 8 10 7 10 7 9 7 15 15 3 13 7 7 15 8 7 13 5 7 15
split_gain=362.146 215.173 83.349 77.2433 57.5841 54.6562 51.6503 46.3904 43.0243 50.5199 33.2922 28.0227 28.001 27.8907 35.2163 37.5404 34.8422 30.0857 27.4233 24.7374 23.8389 32.6548 22.2776 22.7218 24.6323 26.3586 21.9255 29.6078 29.0791 38.5079
threshold=11.680560588836672 2.0049999952316289 1.0000000180025095e-35 8.1050000190734881 1.7241498827934267 -0.464854747056961 75.500000000000014 41.500000000000007 -0.35321410000324244 -0.20061247795820233 1.0000000180025095e-35 0.94260558485984813 0.066572044044733061 -0.95878320932388295 -0.06227870658040046 5.1250000000000009 -0.98450490832328785 35.500000000000007 96.500000000000014 14.635410308837892 -0.6035533845424651 0.89799436926841747 -0.53914576768875111 50.500000000000007 -0.064414007589220987 0.97697007656097423 0.91597560048103344 4.805000066757203 -0.97789707779884327 40.500000000000007
decision_type=2 2 2 2 2 2 2 2 2 2 2 2 2 2 2 10 2 2 2 2 2 2 2 2 2 2 2 2 2 2
left_child=1 4 8 11 12 -5 7 13 19 -10 -8 -4 -1 -6 16 -16 -15 -18 26 -2 21 -12 -11 -24 -25 -26 28 -28 -3 -30
right_child=2 18 3 5 6 -7 10 -9 9 22 20 -13 -14 14 15 -17 17 -19 -20 -21 -22 -23 23 24 25 -27 27 -29 29 -31
leaf_value=-0.00011851053611198178 1.4278014874552492e-05 0.0013492947118432963 0.00052782615071136354 0.00021178591292120852 -0.00014283936220572932 0.00057936395580812097 -9.661123090339806e-05 0.00039400632865613727 0.00059815737918840484 0.00090143131888309469 0.0019180048793533628 0.0004703293711526613 -9.0827045388971149e-05 -0.00079011436332310876 -0.00011335393404476083 0.0012653691381126079 -0.00011601419709401504 0.0011653772387272266 0.0023854479159235694 -2.7703278342400275e-05 -0.00010262036280172561 -0.00015628336431464335 -6.1560715003278196e-05 -0.0030579086172474457 0.00010067848476142394 0.00084104414078159948 -0.00095485300238054506 0.0021069999003244634 -0.00018197888229292162 0.00027708144282781872
leaf_weight=1047 691 2183 950 191 1876 1258 333 1201 288 241 84 115 923 175 2258 250 693 915 193 148 713 153 401 89 544 113 3779 947 18306 16896
leaf_count=1047 691 2183 950 191 1876 1258 333 1201 288 241 84 115 923 175 2258 250 693 915 193 148 713 153 401 89 544 113 3779 947 18306 16896
internal_value=-0.00050898 -0.00172775 0.0123063 0.0187376 -0.00808865 0.026238 -0.00632509 -0.00470636 0.00585317 0.01047 -0.0155668 0.00845794 -0.0157975 -0.00645658 -0.00422486 -0.0080382 0.00114653 0.00347179 -0.000129996 -0.00337678 -0.0203141 -0.00640496 0.00646088 0.00351563 0.00865513 0.0120091 -0.000217257 -0.00342422 0.000188553 -0.000159059
internal_weight=57954 52925 5029 2514 10621 1449 8651 7368 2515 1676 1283 1065 1970 6167 4291 2508 1783 1608 42304 839 950 237 1388 1147 746 657 42111 4726 37385 35202
internal_count=57954 52925 5029 2514 10621 1449 8651 7368 2515 1676 1283 1065 1970 6167 4291 2508 1783 1608 42304 839 950 237 1388 1147 746 657 42111 4726 37385 35202
is_linear=0
shrinkage=0.05


Tree=93
num_leaves=31
num_cat=0
split_feature=3 5 12 0 3 6 10 7 2 6 7 12 10 6 15 14 9 15 6 9 7 11 12 7 9 7 15 7 7 6
split_gain=324.888 236.744 66.6595 60.8707 70.7797 50.7008 48.8737 39.2673 36.9816 34.8251 29.398 37.2779 28.4316 28.2866 27.7988 27.7569 24.8028 24.1735 37.313 24.1364 23.7642 22.6629 21.1528 22.5575 21.1438 21.2155 20.4357 46.1845 31.6466 53.4514
threshold=11.793270587921144 2.0049999952316289 -0.13052122294902799 1.0000000180025095e-35 13.349833011627199 951.25000000000011 0.94828754663467418 0.01504978956654668 27.500000000000004 963.45001220703136 0.91258591413497936 0.18222858756780627 -0.99535831809043873 940.14999389648449 97.500000000000014 10.984999656677248 3.804999947547913 81.500000000000014 957.95001220703136 3.185000061988831 0.9600123167037965 3.1499999761581425 -0.38266885280609125 -0.52458885312080372 13.954999923706056 0.98805528879165661 40.500000000000007 0.98049062490463268 -0.8998868167400359 941.25000000000011
decision_type=2 2 2 2 2 2 2 2 2 2 2 2 2 2 2 10 10 2 2 10 2 2 2 2 10 2 2 2 2 2
left_child=1 2 9 10 6 12 22 -6 -7 17 11 -2 -4 -14 26 -12 -11 18 -1 -10 -9 -15 -5 -24 25 -17 27 28 -3 -30
right_child=3 14 5 4 7 8 -8 20 19 16 15 -13 13 21 -16 24 -18 -19 -20 -21 -22 -23 23 -25 -26 -27 -28 -29 29 -31
leaf_value=-0.00013109044464099047 0.00010695850708847821 0.00054956098562302204 -0.00014924522843801129 0.0011668730598113908 0.00059644013459473353 -0.0001017600779704168 0.00056932119174953337 0.00053864347361340381 -8.2224037646391271e-05 -0.00014114516959615742 0.00067536373637129283 -4.9221043904346123e-05 -0.00022566093761532471 -0.00012339214843868628 0.0067088859025066401 0.00041200959541340122 3.8193229995949625e-05 -0.00019033614963543953 0.00039132082946194017 3.8595858106479142e-05 0.00051821444917507509 0.00032498897000740243 -0.0088353337370731585 0.00039492063810760429 0.00021820134090497768 -0.0021632967847907748 0.00017553051248695857 -0.0040786186674021769 -0.0026091805893031397 -0.00017180080318796032
leaf_weight=3967 1221 4660 278 145 341 2083 182 571 1084 254 229 456 84 645 89 262 111 330 814 413 126 606 94 933 131 101 20733 121 348 16581
leaf_count=3967 1221 4660 278 145 341 2083 182 571 1084 254 229 456 84 645 89 262 111 330 814 413 126 606 94 933 131 101 20733 121 348 16581
internal_value=-0.000580192 -0.00170376 -0.00836144 0.0118824 0.0175219 -0.0124182 0.00993377 0.027325 -0.0157322 -0.00450648 0.00623701 0.00258621 -0.00503708 -0.00197761 -3.29125e-05 0.0146291 -0.0193243 -0.00343041 -0.00251776 -0.00968708 0.0341168 -3.98089e-05 0.00611725 0.00353682 0.00781563 0.00149457 -9.3055e-05 -0.00116509 -0.000988701 -0.00199303
internal_weight=57993 53201 10669 4792 2392 5193 1354 1038 3580 5476 2400 1677 1613 1335 42532 723 365 5111 4781 1497 697 1251 1172 1027 494 363 42443 21710 21589 16929
internal_count=57993 53201 10669 4792 2392 5193 1354 1038 3580 5476 2400 1677 1613 1335 42532 723 365 5111 4781 1497 697 1251 1172 1027 494 363 42443 21710 21589 16929
is_linear=0
shrinkage=0.05


Tree=94
num_leaves=31
num_cat=0
split_feature=3 5 12 0 8 9 13 6 6 3 15 8 10 8 5 6 12 2 15 6 6 15 4 8 6 13 12 10 8 9
split_gain=326.779 241.48 76.3699 73.0756 52.0284 47.0524 45.3556 44.9478 39.9085 39.0219 36.0958 35.6297 34.1641 33.0576 37.2729 30.6316 31.1756 30.0783 27.7269 29.9206 34.8272 47.7976 36.0888 35.1692 48.3682 67.6826 47.8734 44.7674 37.4662 36.7839
threshold=12.345475196838381 1.985000014305115 -0.13052122294902799 1.0000000180025095e-35 -0.38118652999401087 14.244999885559084 -0.91597560048103321 963.64999389648449 953.45001220703136 8.3812789916992205 34.500000000000007 0.95572271943092357 0.94260558485984813 1.0000000180025095e-35 0.94833332300186168 948.45001220703136 -0.53727915883064259 19.500000000000004 10.500000000000002 951.25000000000011 959.25000000000011 77.500000000000014 2.6049998998641972 -0.97653719782829274 954.95001220703136 -0.6035533845424651 -0.43049471080303187 -0.95368063449859608 -0.94362518191337574 12.25500011444092
decision_type=2 2 2 2 2 8 2 2 2 2 2 2 2 2 2 2 2 2 2 2 2 2 2 2 2 2 2 2 2 8
left_child=1 2 7 4 -2 12 -4 17 -8 18 -10 -6 -5 14 -12 -11 -17 -1 -3 -20 21 23 -22 -21 29 27 -27 -26 -28 -25
right_child=3 9 6 5 11 -7 8 -9 10 15 13 -13 -14 -15 -16 16 -18 -19 19 20 22 -23 -24 24 25 26 28 -29 -30 -31
leaf_value=-0.00013505165464342152 -1.5256582230632755e-05 -0.0015271850077296239 0.00014649171323287649 0.00057014350696125711 0.00035886447068219642 0.00051171129993273228 -0.00010775719796471423 -0.00013537473220392546 -8.8425566948318988e-05 -0.0010732033391421258 -0.00011153336079345782 -6.6894249833748811e-06 0.00051059479883104337 -7.8474845958980202e-05 -8.8093776899344023e-05 0.0027825164103384148 0.00033591644860950925 -1.5618702541606631e-05 0.0001735587213472667 0.00092076471765096884 -0.000311580652888184 -0.0016277816132858323 0.00070714966777478687 -0.00010348511603381169 -0.0015448836096666363 0.0018824746908747221 -0.0032668923124550605 0.0012600986954960467 -0.0011672922636517676 0.0037165408267401112
leaf_weight=1686 529 294 471 1055 932 557 1782 331 416 2553 142 351 198 1275 964 832 10810 3301 13803 1317 1338 1134 4223 3874 290 334 207 1071 1972 139
leaf_count=1686 529 294 471 1055 932 557 1782 331 416 2553 142 351 198 1275 964 832 10810 3301 13803 1317 1338 1134 4223 3874 290 334 207 1071 1972 139
internal_value=-0.000526759 -0.00149274 -0.00835824 0.0140061 0.00687947 0.0211019 -0.0127596 -0.00417058 -0.0142779 0.000118789 -0.018005 0.0123059 0.01562 -0.01557 -0.00918092 0.00227817 0.00336567 -0.00297476 -0.000903303 -0.000750665 -0.002229 -0.0039447 0.000961193 -0.00274731 -0.00401039 -0.00799175 -0.0128475 0.000988287 -0.0155449 -0.000161772
internal_weight=58181 54559 10368 3622 1812 1810 5050 5318 4579 44191 2797 1283 1253 2381 1106 14195 11642 4987 29996 29702 15899 10338 5561 9204 7887 3874 2513 1361 2179 4013
internal_count=58181 54559 10368 3622 1812 1810 5050 5318 4579 44191 2797 1283 1253 2381 1106 14195 11642 4987 29996 29702 15899 10338 5561 9204 7887 3874 2513 1361 2179 4013
is_linear=0
shrinkage=0.05


Tree=95
num_leaves=31
num_cat=0
split_feature=3 5 1 12 8 6 3 8 7 4 7 3 10 8 15 14 15 8 8 5 8 4 7 7 8 10 14 7 13 7
split_gain=307.838 220.703 89.7267 71.1953 57.8834 52.3908 35.7494 34.8207 60.071 35.2134 34.2484 32.6597 32.0871 32.0165 34.5465 29.9675 37.0517 28.3594 46.3647 36.2802 29.9635 38.7793 33.7263 30.8731 28.7444 27.6847 35.9444 27.4162 26.7287 44.2539
threshold=12.345475196838381 2.0049999952316289 1.0000000180025095e-35 -0.13052122294902799 -0.40097093582153315 951.25000000000011 13.349833011627199 1.0000000180025095e-35 0.88234141469001781 0.85500001907348644 0.01504978956654668 8.3812789916992205 0.30069434642791754 0.8730936348438264 64.500000000000014 1.575000047683716 82.500000000000014 0.99805629253387462 0.97745609283447277 7.6916666030883798 0.54162281751632702 6.6649999618530282 0.33505657315254217 -0.62299424409866322 0.52707284688949596 0.89490029215812694 7.6849999427795419 -0.80187052488327015 0.12940952181816109 0.71541279554367077
decision_type=2 2 2 2 2 2 2 2 2 2 2 2 2 2 2 10 2 2 2 2 2 2 2 2 2 2 10 2 2 2
left_child=1 3 6 15 -4 12 -2 8 9 -7 -8 -3 -5 -6 -15 -1 -17 18 20 -20 24 22 23 -22 28 26 -24 -23 29 -13
right_child=2 11 4 5 13 7 10 -9 -10 -11 -12 17 -14 14 -16 16 -18 -19 19 -21 21 27 25 -25 -26 -27 -28 -29 -30 -31
leaf_value=-0.00012431044828209477 0.00049908512684364032 -8.6846884721469454e-05 -3.0929445325206251e-05 -0.0001067036456953776 0.00040525143737946693 -8.4129443071409918e-05 0.00054103256286835988 -8.7707743489395123e-05 0.0003770338499702219 -8.7313962517951256e-05 0.00048612573493609371 -3.888000584900686e-05 0.00014156543198015314 -6.846155976525381e-05 0.00016051282304683779 -1.0546209840577981e-05 -0.00030261480305955222 0.0019247698528745167 -0.0054967924696353899 0.00093825066639798287 0.0050697614738101256 0.0024601704653288178 -0.00038875426630688719 -0.00010644094836980145 -0.0085956350206183481 0.0073216776205285499 0.0070135360765924363 -5.9047979582338431e-06 -0.00041643086830991802 0.0011260585587830995
leaf_weight=1620 796 29580 529 920 796 511 338 1745 307 952 687 2875 689 338 156 3604 252 274 548 87 283 90 314 772 164 387 208 1890 4060 2255
leaf_count=1620 796 29580 529 920 796 511 338 1745 307 952 687 2875 689 338 156 3604 252 274 548 87 283 90 314 772 164 387 208 1890 4060 2255
internal_value=-0.000459229 -0.00140186 0.0136077 -0.00787364 0.00572917 -0.0121076 0.0214403 -0.0155256 -0.0105352 -0.014748 0.0276214 0.000165555 -0.00461586 0.0114286 0.00140281 -0.0039044 -0.0015022 0.00213552 0.00181877 -0.0113281 0.00245058 0.00610281 0.0110716 0.00495283 0.000908217 0.0181072 0.0104364 0.00115869 0.00128331 0.00368062
internal_weight=58027 54387 3640 10600 1819 5124 1821 3515 1770 1463 1025 43787 1609 1290 494 5476 3856 14207 13933 635 13298 3944 1964 1055 9354 909 522 1980 9190 5130
internal_count=58027 54387 3640 10600 1819 5124 1821 3515 1770 1463 1025 43787 1609 1290 494 5476 3856 14207 13933 635 13298 3944 1964 1055 9354 909 522 1980 9190 5130
is_linear=0
shrinkage=0.05


Tree=96
num_leaves=31
num_cat=0
split_feature=3 11 3 0 7 10 4 7 8 8 7 9 6 6 7 8 7 7 8 7 6 12 13 13 7 6 7 7 9 13
split_gain=328.542 186.799 95.2389 85.76 45.983 64.0622 43.5507 40.7337 39.4286 86.8976 64.0147 42.1672 46.2838 53.8307 50.5464 49.5816 37.4315 36.5423 42.6858 35.7058 35.6175 34.8627 33.3319 32.8873 32.3016 39.8717 31.8537 40.1042 31.6192 34.9004
threshold=12.345475196838381 3.5499999523162846 2.072650790214539 1.0000000180025095e-35 -0.34717741608619684 -0.82409480214118946 9.5950002670288104 -0.68784540891647328 -0.97653719782829274 -0.99351876974105824 -0.045113071799278252 7.1150000095367441 951.25000000000011 948.14999389648449 -0.85020262002944935 -0.22162339836359021 0.91258591413497936 0.28604298830032354 0.88337317109107982 0.066572044044733061 958.25000000000011 0.13052122294902804 0.12940952181816109 0.37940952181816107 0.16894881427288058 952.54998779296886 0.99468535184860241 0.99940901994705211 8.4149999618530291 -1.0000000180025095e-35
decision_type=2 2 2 2 2 2 2 2 2 2 2 8 2 2 2 2 2 2 2 2 2 2 2 2 2 2 2 2 10 2
left_child=1 2 7 16 5 22 -5 -1 9 10 -3 12 13 15 -14 -10 21 19 -19 20 -16 -2 -4 -17 28 -26 -6 -28 -11 -30
right_child=3 8 4 6 26 -7 -8 -9 11 24 -12 -13 14 -15 17 23 -18 18 -20 -21 -22 -23 -24 -25 25 -27 27 -29 29 -31
leaf_value=-0.00013227558694307675 9.1633491311732273e-05 -0.0019598610229585845 0.0002472091138217924 0.00047908728636560652 -0.00015731314190522698 0.00087326624316055 0.00046181944818928791 -8.3791282517976459e-05 -0.00050461072135158996 0.0025184461877016326 0.00036093808335537771 0.00020432030448748196 0.0029131715468215663 0.001026242072594346 -0.00031690850172313333 0.00079758544224595997 0.00034939682167521862 -0.00019091319807797784 0.0028773650872162765 -0.0011214694145275457 0.0014058840818110575 -5.2430333906688944e-05 -0.00023633363685083184 -0.00049793051307594257 0.0017217129285110634 0.012584809094716921 0.0015864560165333053 -6.5262629539419251e-05 0.0018370677862523444 -0.0026874528481502431
leaf_weight=524 908 392 761 1386 7519 1850 432 1983 3216 629 1029 21101 213 2567 2242 2194 543 3578 422 478 215 389 1413 803 166 249 179 233 149 223
leaf_count=524 908 392 761 1386 7519 1850 432 1983 3216 629 1029 21101 213 2567 2242 2194 543 3578 422 478 215 389 1413 803 166 249 179 233 149 223
internal_value=-0.000570778 -0.00154786 -0.0064146 0.013923 -0.00455268 -0.00019856 0.0216127 -0.0152667 0.000218204 0.00589374 -0.00284011 -0.000217368 -0.00215904 0.000273193 -0.00514469 -0.00224349 0.00628726 -0.00588617 -0.00277154 -0.010119 -0.00765638 0.00165131 -0.00601193 0.00238175 0.0146376 0.0263095 -0.00676033 0.00671463 0.00969185 -0.00185676
internal_weight=57986 54328 14462 3658 11955 4024 1818 2507 39866 2837 1421 37029 15928 8780 7148 6213 1840 6935 4000 2935 2457 1297 2174 2997 1416 415 7931 412 1001 372
internal_count=57986 54328 14462 3658 11955 4024 1818 2507 39866 2837 1421 37029 15928 8780 7148 6213 1840 6935 4000 2935 2457 1297 2174 2997 1416 415 7931 412 1001 372
is_linear=0
shrinkage=0.05


Tree=97
num_leaves=31
num_cat=0
split_feature=3 5 0 12 9 6 8 13 8 13 14 10 12 6 12 13 6 10 8 8 3 10 15 10 10 4 13 10 11 12
split_gain=299.033 214.241 91.4713 60.715 56.4921 54.6601 51.1375 37.208 35.5791 30.1564 29.1317 27.5132 55.1554 42.5628 32.8704 55.3398 33.8161 42.4734 34.854 51.4313 30.885 35.9873 30.2003 28.5822 28.5136 27.5166 27.1263 26.9728 41.1768 38.694
threshold=12.345475196838381 2.0049999952316289 1.0000000180025095e-35 -0.13052122294902799 14.244999885559084 951.35000610351574 -0.34918220341205591 -0.7865660786628722 0.96962100267410289 0.78656607866287243 1.575000047683716 0.94828754663467418 -0.21643137186765668 956.95001220703136 -0.41467745602130884 -0.91597560048103321 943.35000610351574 0.66259482502937328 0.99805629253387462 0.97745609283447277 6.8662269115448007 -0.89490029215812672 40.500000000000007 0.9238443672657014 -0.87878364324569691 7.2850000858306894 0.12940952181816109 0.9170251488685609 2.5499999523162846 0.43049471080303198
decision_type=2 2 2 2 8 2 2 2 2 2 10 2 2 2 2 2 2 2 2 2 2 2 2 2 2 2 2 2 2 2
left_child=1 3 6 10 -4 -5 -2 -7 -8 -9 -1 14 -13 -14 15 -3 17 -16 19 22 -17 25 27 -21 -20 -22 -15 28 -18 -29
right_child=2 11 4 5 -6 7 8 9 -10 -11 -12 12 13 26 16 20 18 -19 24 23 21 -23 -24 -25 -26 -27 -28 29 -30 -31
leaf_value=-0.00011511815105999935 -2.3894275756453088e-05 -0.001312976141153424 0.00046818226758638673 -7.6596152435916276e-05 0.00043872847577982601 -7.5928232459399842e-05 0.00032418896070176564 -7.7638681985779147e-05 -5.0513963960086011e-05 -6.4199095697513702e-05 -7.6472167031081155e-05 -0.0012842219127931242 0.00029138862182109262 0.00098772298960040652 6.4132862023140452e-05 0.00015797311437287245 -0.001953624296985658 0.0048391848580733917 -0.00024532729557302801 -0.00096226728429478221 0.0043248925112053518 8.7505528153758456e-06 -1.3071589173466441e-05 -0.0032263650975681633 0.0043964528588008537 -0.0027151110847972505 4.8585098111342262e-05 -0.00097458347912618914 -0.00047849190535342157 0.0008072422841806468
leaf_weight=1582 587 1556 1222 1637 587 566 957 1931 293 984 3858 1130 3685 1010 1570 4993 289 530 215 936 1856 1035 13449 208 298 132 396 861 8436 1258
leaf_count=1582 587 1556 1222 1637 587 566 957 1931 293 984 3858 1130 3685 1010 1570 4993 289 530 215 936 1856 1035 13449 208 298 132 396 861 8436 1258
internal_value=-0.000677841 -0.00160736 0.0131745 -0.00799962 0.0211411 -0.0119071 0.00529316 -0.0154475 0.010996 -0.0177226 -0.00431589 -6.72779e-05 0.00301156 0.00522959 -0.000576714 0.00195259 -0.00144003 0.00465558 -0.00193412 -0.00219519 0.00362798 0.00761229 -0.0017059 -0.0125326 0.0109073 0.0115404 0.0126152 -0.00366854 -0.00489691 0.00138889
internal_weight=58047 54401 3646 10558 1809 5118 1837 3481 1250 2915 5440 43843 6221 5091 37622 9572 28050 2100 25950 25437 8016 3023 24293 1144 513 1988 1406 10844 8725 2119
internal_count=58047 54401 3646 10558 1809 5118 1837 3481 1250 2915 5440 43843 6221 5091 37622 9572 28050 2100 25950 25437 8016 3023 24293 1144 513 1988 1406 10844 8725 2119
is_linear=0
shrinkage=0.05


Tree=98
num_leaves=31
num_cat=0
split_feature=3 5 0 12 3 6 15 8 5 8 8 15 15 7 4 2 10 14 15 7 7 15 3 8 6 12 6 7 6 15
split_gain=270.902 202.001 82.8728 64.4385 48.5236 45.7636 43.4925 55.039 54.323 34.2825 40.9025 34.4575 33.2391 28.6787 26.8731 26.4532 24.7149 24.6332 24.8916 31.7983 24.5127 39.6046 27.7561 25.7167 28.7357 33.7836 48.999 38.8838 42.1397 33.972
threshold=12.345475196838381 2.0049999952316289 1.0000000180025095e-35 -0.13052122294902799 13.349833011627199 951.75000000000011 34.500000000000007 1.0000000180025095e-35 1.0983333587646487 -0.33302289247512812 0.83987808227539074 64.500000000000014 75.500000000000014 -0.13070653378963468 5.7249999046325692 41.500000000000007 0.94828754663467418 1.575000047683716 82.500000000000014 0.88234141469001781 0.88234141469001781 32.500000000000007 3.1993744373321538 0.021515898406505588 959.95001220703136 -0.0087262028828264185 952.45001220703136 0.98666161298751842 958.04998779296886 63.500000000000007
decision_type=2 2 2 2 2 2 2 2 2 2 2 2 2 2 2 2 2 10 2 2 2 2 2 2 2 2 2 2 2 2
left_child=1 3 9 17 16 -5 -7 8 -8 -2 -11 -12 -9 -6 20 -10 -4 -1 -19 -20 -3 -22 -23 -24 25 26 -25 28 -27 -29
right_child=2 14 4 5 13 6 7 12 15 10 11 -13 -14 -15 -16 -17 -18 18 19 -21 21 22 23 24 -26 27 -28 29 -30 -31
leaf_value=-0.00010522366694263891 -1.2918636464198664e-05 -2.1628440481846758e-05 0.00039199208526238263 -7.6460407620201464e-05 0.00051633335097489021 -8.0373013535405433e-05 -7.9366585472796016e-05 -6.6869795784112176e-05 -6.6838547718506454e-05 0.00049007950114010601 -6.4288039107857081e-05 0.00012544702299102929 -6.3883742497518247e-05 0.00041679205199083306 0.00026555176994561838 0.0019082543882453396 0.00042430677315112298 -2.3802058988398567e-05 0.00041664870804014272 -0.00042632792098665863 -0.0030329201173119272 0.00034347267330615063 -9.5447532547270072e-05 0.0017900864998387058 -0.00014353566773918811 0.0010711862510218578 -0.0034324685051175668 -0.005623598911398334 -0.001618583368463425 0.00056389788562522664
leaf_weight=1629 621 25759 682 1713 239 612 265 985 871 677 353 170 555 765 13446 151 104 3601 81 171 81 197 2101 80 854 479 309 161 246 81
leaf_count=1629 621 25759 682 1713 239 612 265 985 871 677 353 170 555 765 13446 151 104 3601 81 171 81 197 2101 80 854 479 309 161 246 81
internal_value=-0.000600407 -0.00148072 0.0126521 -0.00766049 0.0202786 -0.0116735 -0.0149971 -0.0123411 -0.00468266 0.00512048 0.0100415 -0.000473485 -0.0187055 0.027552 2.05484e-05 0.000584226 0.0108723 -0.0038819 -0.00169777 -0.0167315 -0.000803874 -0.00416848 -0.00352316 -0.00436747 -0.00812641 -0.0126378 -0.025 -0.00756173 -0.00171233 -0.0246964
internal_weight=58039 54428 3611 10634 1790 5152 3439 2827 1287 1821 1200 523 1540 1004 43794 1022 786 5482 3853 252 30348 4589 4508 4311 2210 1356 389 967 725 242
internal_count=58039 54428 3611 10634 1790 5152 3439 2827 1287 1821 1200 523 1540 1004 43794 1022 786 5482 3853 252 30348 4589 4508 4311 2210 1356 389 967 725 242
is_linear=0
shrinkage=0.05


Tree=99
num_leaves=31
num_cat=0
split_feature=3 11 0 3 8 3 7 10 12 8 8 7 15 4 4 15 8 15 7 7 6 15 7 7 11 10 7 12 10 13
split_gain=282.141 150.803 87.2492 85.9095 42.3043 39.3088 37.3302 54.5873 34.5288 31.4574 81.385 57.2675 31.4299 40.8431 39.8115 32.8133 30.827 31.6539 30.6404 30.0026 38.0238 28.3814 47.4226 34.8578 38.4041 49.5211 44.5031 36.9607 36.6657 33.5283
threshold=12.345475196838381 3.5499999523162846 1.0000000180025095e-35 2.072650790214539 -0.34918220341205591 13.542418003082277 -0.34717741608619684 -0.95368063449859608 0.47714059054851538 -0.97653719782829274 -0.99351876974105824 -0.045113071799278252 37.500000000000007 3.685000061988831 1.4149999618530276 91.500000000000014 0.83987808227539074 64.500000000000014 0.01504978956654668 0.16894881427288058 952.54998779296886 31.500000000000004 0.87412264943122875 -0.97415921092033375 9.0500001907348651 -0.78257837891578663 0.26952958106994634 0.33379416167736059 0.94828754663467418 1.0000000180025095e-35
decision_type=2 2 2 2 2 2 2 2 2 2 2 2 2 2 2 2 2 2 2 2 2 2 2 2 2 2 2 2 2 2
left_child=1 3 4 8 -2 -4 7 -5 -1 10 11 -3 13 -8 -14 -16 -6 -18 -7 -12 -21 22 23 -11 -25 27 28 -26 -27 -23
right_child=2 9 5 6 16 18 12 -9 -10 21 19 -13 14 -15 15 -17 17 -19 -20 20 -22 29 -24 24 25 26 -28 -29 -30 -31
leaf_value=-7.4797338967979264e-05 -2.0871907379882427e-05 -0.0018310658498297422 0.00040235087742440391 -0.00014588437457247716 0.00043945055391215185 0.00044811393592694704 -0.00010946985680228708 0.0005691865358516975 -6.7480606220288958e-05 0.00060430100640500035 0.001334719071617846 0.00030208288264734764 -7.6571320906715463e-05 -0.0032844736328738696 -0.00014028822077037808 0.0053715833930925638 -6.1048267714769463e-05 0.00011917467184147935 0.00039595244939129027 0.0013691460084372408 0.011705655162798 0.00039844083143606438 -0.0027903443698757122 -0.00024051741683643049 -0.00039346274354865599 0.0039446766601084291 -0.00044022925825007106 -0.0032115485466306564 0.00023791239898728056 -0.00012609246441759592
leaf_weight=1800 585 393 912 1477 719 301 1174 2570 723 1596 1003 1025 1814 442 4407 97 352 168 602 166 236 11719 105 6911 1707 774 412 401 818 12611
leaf_count=1800 585 393 912 1477 719 301 1174 2570 723 1596 1003 1025 1814 442 4407 97 352 168 602 166 236 11719 105 6911 1707 774 412 401 818 12611
internal_value=-0.000694528 -0.00159692 0.0127744 -0.00596182 0.00503007 0.020522 -0.00419239 -0.00028381 -0.0143394 -8.77589e-06 0.00507426 -0.00337316 -0.00618466 -0.0123998 -0.00458643 -0.00206254 0.0102492 0.000952381 0.0279185 0.0135816 0.0250614 -0.000396665 -0.00230969 -0.00202392 -0.00302412 0.000801555 0.00642111 -0.0045433 0.0102066 0.000604068
internal_weight=58020 54381 3639 14504 1824 1815 11981 4047 2523 39877 2823 1418 7934 1616 6318 4504 1239 520 903 1405 402 37054 12724 12619 11023 4112 2004 2108 1592 24330
internal_count=58020 54381 3639 14504 1824 1815 11981 4047 2523 39877 2823 1418 7934 1616 6318 4504 1239 520 903 1405 402 37054 12724 12619 11023 4112 2004 2108 1592 24330
is_linear=0
shrinkage=0.05


Tree=100
num_leaves=31
num_cat=0
split_feature=5 9 0 12 14 8 14 6 8 15 13 7 8 7 11 15 10 6 10 6 7 6 12 12 13 7 6 15 6 10
split_gain=238.708 166.208 86.7061 61.463 57.7892 56.8893 48.478 45.3508 54.5068 43.4695 42.0964 34.5206 34.3512 40.9373 28.4821 29.9479 27.053 33.015 26.243 41.9082 34.0666 39.577 28.4609 26.9754 48.0808 32.577 35.5333 32.8945 32.9111 31.3676
threshold=2.0049999952316289 12.914999961853029 1.0000000180025095e-35 -0.13052122294902799 8.7150001525878924 -0.55176848173141468 13.034999847412111 951.75000000000011 -0.9980562925338744 34.500000000000007 -0.6035533845424651 -0.464854747056961 1.0000000180025095e-35 0.88637545704841625 3.1499999761581425 62.500000000000007 0.96359375119209301 961.54998779296886 0.94828754663467418 957.14999389648449 -0.66248837113380421 947.14999389648449 -0.21643137186765668 -0.41467745602130884 -0.91597560048103321 -0.79148143529891957 939.25000000000011 80.500000000000014 955.85000610351574 -0.87878364324569691
decision_type=2 10 2 2 10 2 10 2 2 2 2 2 2 2 2 2 2 2 2 2 2 2 2 2 2 2 2 2 2 2
left_child=3 6 5 -1 -4 -3 18 -5 -9 -10 -11 -6 13 14 15 -12 17 -7 23 20 21 -20 -22 24 -2 26 -26 29 -29 -27
right_child=1 2 4 7 11 16 -8 8 9 10 12 -13 -14 -15 -16 -17 -18 -19 19 -21 22 -23 -24 -25 25 27 -28 28 -30 -31
leaf_value=-7.6549644942976007e-05 -0.0012453393934275083 -2.7099581849721056e-05 -3.1171777329885854e-05 -6.9011456400336354e-05 -0.00087724191760307768 8.8834496291181908e-05 0.00049096670853617246 0.0017602008213757946 -7.2627331182058361e-05 -4.1554848805013244e-05 -8.6414618515079895e-05 0.00038132558045819167 -6.4750918779236342e-05 0.00037266347071680963 9.1984602624201061e-05 0.00022102860370794652 -7.7347289540566358e-05 0.00037055773436692196 0.00031982685269800888 0.00054446743845909355 -0.001646583690636182 0.0026601193504756735 -1.9905663848893139e-06 -0.00016192191873812953 0.0075548824021073576 0.0026803156742661515 -0.00062507126098480391 -0.0029795978750799174 0.00027923406494195535 0.00013193489170710144
leaf_weight=5464 1524 415 280 1714 109 940 1113 92 571 573 501 1202 1234 205 154 139 112 168 1065 1518 617 514 2489 27533 108 3150 2177 219 718 1499
leaf_count=5464 1524 415 280 1714 109 940 1113 92 571 573 501 1202 1234 205 154 139 112 168 1065 1518 617 514 2489 27533 108 3150 2177 219 718 1499
internal_value=-0.000487767 0.00103002 0.0119777 -0.00725216 0.0202694 0.00387195 0.000230514 -0.0111507 -0.0144358 -0.015479 -0.012878 0.0246581 -0.0159741 -0.00901394 -0.0141427 -0.0187597 0.00930612 0.0116801 -3.59329e-05 0.00297197 0.000628998 0.00659722 -0.0024108 -0.000541521 0.00177128 0.00334561 -0.00168122 0.00540154 -0.00313163 0.00712291
internal_weight=58117 47470 3226 10647 1591 1635 44244 5183 3469 3377 2806 1311 2233 999 794 640 1220 1108 43131 6203 4685 1579 3106 36928 9395 7871 2285 5586 937 4649
internal_count=58117 47470 3226 10647 1591 1635 44244 5183 3469 3377 2806 1311 2233 999 794 640 1220 1108 43131 6203 4685 1579 3106 36928 9395 7871 2285 5586 937 4649
is_linear=0
shrinkage=0.05


Tree=101
num_leaves=31
num_cat=0
split_feature=3 3 0 11 9 7 10 8 15 4 7 13 4 15 7 9 15 8 8 11 8 15 10 7 8 4 8 8 10 3
split_gain=260.462 145.276 91.9881 77.1245 48.1248 38.8377 53.3158 37.6211 37.5374 46.1799 38.658 36.1676 30.7816 29.7532 28.3596 25.6439 38.8679 32.2083 64.8608 28.337 26.3945 26.132 30.289 25.5642 30.1068 25.14 24.4403 24.3183 38.5137 38.2711
threshold=12.345475196838381 1.7241498827934267 1.0000000180025095e-35 3.5499999523162846 14.244999885559084 -0.34717741608619684 -0.82409480214118946 -0.34918220341205591 34.500000000000007 2.1049998998641972 0.78354993462562572 0.12940952181816109 3.745000004768372 90.500000000000014 -0.66248837113380421 7.1150000095367441 80.500000000000014 -0.98009455204009999 -0.99351876974105824 6.0499999523162851 0.99805629253387462 12.500000000000002 0.7933231294155122 -0.50248053669929493 0.80060017108917247 2.1700000762939458 -0.34918220341205591 0.97653719782829296 0.90992662310600292 9.1802577972412127
decision_type=2 2 2 2 8 2 2 2 2 2 2 2 2 2 2 8 2 2 2 2 2 2 2 2 2 2 2 2 2 2
left_child=1 14 7 5 -4 6 11 -2 10 -10 12 -3 -7 -11 -1 16 17 18 19 -5 25 22 26 24 -8 -17 -19 -27 29 -29
right_child=2 3 4 15 -6 8 23 -9 9 13 -12 -13 -14 -15 -16 20 -18 21 -20 -21 -22 -23 -24 -25 -26 27 -28 28 -30 -31
leaf_value=-9.4991510029764732e-05 -1.9655055683936995e-05 0.00022744687568724173 0.00038419653033647808 0.00028501290208553882 0.00035708854789881506 -0.00015408989898042674 0.00058899316800178122 0.00012050333248543877 -7.2387488699556757e-05 -0.00012496032082931209 0.00072407778028339427 -0.00016696652001856581 -0.0037440672831582271 0.0060779969702235252 -6.4758450620855997e-05 -0.00057517343389565628 -0.00077168856654078605 -0.0017556737608107999 0.0030535650076559313 -0.0010832154134307159 0.0017044902194128853 -5.7117763006956989e-05 0.0037659510452073969 0.0034054137949905989 -0.0010447535594541744 0.00025697226647817541 -0.00041310474004950526 0.002438194414626563 -0.0043896094014018562 -0.0043159847235405479
leaf_weight=498 593 841 1237 370 591 802 1702 1245 3746 3445 175 1547 297 86 1523 104 1070 212 546 253 464 14044 117 249 102 20866 169 407 444 214
leaf_count=498 593 841 1237 370 591 802 1702 1245 3746 3445 175 1547 297 86 1523 104 1070 212 546 253 464 14044 117 249 102 20866 169 407 444 214
internal_value=-0.000577082 -0.00144849 0.0123127 -0.000939228 0.02024 -0.00427791 -0.000483581 0.00439501 -0.00624708 -0.00485444 -0.0141517 -0.00555788 -0.0176178 -0.000749434 -0.0145854 0.000165458 -0.00131359 -0.000684016 0.00728279 -0.00374204 0.00126866 -0.00132673 -0.0125249 0.00541788 0.00331675 0.0010186 -0.0193005 0.0011374 -0.00621495 0.00183706
internal_weight=57959 54293 3666 52272 1828 12992 4441 1838 8551 7277 1274 2388 1099 3531 2021 39280 16781 15711 1169 623 22499 14542 498 2053 1804 22035 381 21931 1065 621
internal_count=57959 54293 3666 52272 1828 12992 4441 1838 8551 7277 1274 2388 1099 3531 2021 39280 16781 15711 1169 623 22499 14542 498 2053 1804 22035 381 21931 1065 621
is_linear=0
shrinkage=0.05


Tree=102
num_leaves=31
num_cat=0
split_feature=3 5 0 12 9 6 2 9 8 8 10 15 13 7 15 13 8 7 10 3 7 15 8 10 11 7 12 5 10 7
split_gain=242.243 166.919 91.7977 54.6082 50.0926 47.1814 35.8693 36.8652 33.7141 34.1763 29.9449 28.0456 27.0831 42.9953 26.9826 26.6112 35.2062 33.3324 35.1861 30.829 30.1317 28.3336 33.8502 38.9064 84.0984 51.0011 45.0161 41.709 33.5632 32.1696
threshold=12.345475196838381 2.0049999952316289 1.0000000180025095e-35 -0.13052122294902799 14.244999885559084 951.75000000000011 3.5000000000000004 0.7150000035762788 -0.33302289247512812 0.83987808227539074 0.94260558485984813 34.500000000000007 -0.6035533845424651 0.63967129588127147 64.500000000000014 0.60355338454246532 0.99805629253387462 -0.97789707779884327 0.49240480363368994 7.9510090351104745 -0.96582093834877003 25.500000000000004 0.85581842064857494 0.6755644977092744 8.2500000000000018 -0.05368517339229583 0.31729258596897131 2.9283334016799931 -0.39873388409614557 -0.88436415791511525
decision_type=2 2 2 2 8 2 2 10 2 2 2 2 2 2 2 2 2 2 2 2 2 2 2 2 2 2 2 2 2 2
left_child=1 3 8 -1 10 -5 -7 -8 -2 -10 -4 -9 13 -13 -11 17 -17 18 -3 -18 -19 22 23 26 -25 -26 28 -28 -22 -29
right_child=2 15 4 5 -6 6 7 11 9 14 -12 12 -14 -15 -16 16 19 20 -20 -21 21 -23 -24 24 25 -27 27 29 -30 -31
leaf_value=-7.7512312595055214e-05 -1.5308217900927845e-05 0.00088420903459569822 0.00040642826369947097 -5.859825105893682e-05 0.00033923412050387294 -0.00010214783057286622 -5.7177428520894474e-05 -6.7620483489890586e-05 0.00042028432498640301 -6.8462745767861049e-05 0.00033357003273561114 0.0036100898399188648 -5.0580451259712655e-05 -6.9612827892983264e-05 8.5809649788656805e-05 -0.00042009586971618784 0.00044886884453260151 -0.0025275582961978198 0.0035872576573187697 0.006988686509859246 9.8960481382240345e-05 0.00018667558137718915 -0.00091959216654416789 -0.00040980900190276464 0.0030938155375759783 -0.00012753728343863901 3.9392567213887741e-05 -7.7505374897936938e-05 -0.0016451586485034836 -0.0026248737474850476
leaf_weight=5444 623 1425 1055 1697 582 195 536 504 698 343 192 151 1692 370 166 11631 142 429 387 100 2770 22412 984 1032 925 370 293 215 82 662
leaf_count=5444 623 1425 1055 1697 582 195 536 504 698 343 192 151 1692 370 166 11631 142 429 387 100 2770 22412 984 1032 925 370 293 215 82 662
internal_value=-0.000585938 -0.00142325 0.0118586 -0.00705588 0.0197655 -0.0107476 -0.0141037 -0.0128146 0.00392371 0.00878713 0.0140176 -0.0104151 -0.00795762 0.0019962 -0.00107004 -6.26938e-05 -0.00208368 0.000687693 0.00726472 0.0165992 0.000291593 0.000482353 -0.0022145 -0.000873466 0.00426672 0.0127308 -0.00384902 -0.0120851 -0.000455023 -0.017517
internal_weight=58107 54448 3659 10589 1829 5145 3448 3253 1830 1207 1247 2717 2213 521 509 43859 11873 31986 1812 242 30174 29745 7333 6349 2327 1295 4022 1170 2852 877
internal_count=58107 54448 3659 10589 1829 5145 3448 3253 1830 1207 1247 2717 2213 521 509 43859 11873 31986 1812 242 30174 29745 7333 6349 2327 1295 4022 1170 2852 877
is_linear=0
shrinkage=0.05


Tree=103
num_leaves=31
num_cat=0
split_feature=3 3 0 11 9 6 10 2 6 15 10 10 7 8 7 6 14 2 9 11 8 8 10 11 7 13 6 8 2 15
split_gain=244.907 142.885 89.2879 75.1533 52.3164 33.8803 31.2196 30.2431 31.3957 50.6688 37.4414 29.0395 26.7316 26.5155 76.6494 39.5912 29.7639 26.9889 25.4152 23.7558 23.6995 27.3077 23.2723 88.616 53.8204 81.0839 63.718 50.653 52.3786 49.4803
threshold=12.345475196838381 1.7241498827934267 1.0000000180025095e-35 3.5499999523162846 14.244999885559084 951.04998779296886 0.96359375119209301 5.5000000000000009 952.85000610351574 31.500000000000004 -0.95878320932388295 0.94260558485984813 -0.66248837113380421 -0.97653719782829274 0.15198152512311938 954.45001220703136 3.9450000524520878 4.5000000000000009 3.2350000143051152 4.6499998569488534 -0.33302289247512812 0.96962100267410289 0.23343648016452792 6.3500001430511483 -0.66248837113380421 -0.37940952181816096 947.14999389648449 -0.93779578804969776 12.500000000000002 27.500000000000004
decision_type=2 2 2 2 8 2 2 2 2 2 2 2 2 2 2 2 10 2 10 2 2 2 2 2 2 2 2 2 2 2
left_child=1 12 5 7 11 -2 20 18 10 -10 -9 -4 -1 14 16 -16 -5 19 -3 -15 -7 -22 -19 27 26 -26 -25 -24 -29 -30
right_child=2 3 4 13 -6 6 -8 8 9 -11 -12 -13 -14 17 15 -17 -18 22 -20 -21 21 -23 23 24 25 -27 -28 28 29 -31
leaf_value=-8.0654173336046705e-05 0.00049537999408333366 -0.00011078237176252891 0.00038233715531628409 0.00085209781778047714 0.0003222724144786804 -1.5753499160239828e-05 -6.8575869994136343e-05 -0.00011901104592242033 -0.00034135274958492279 -5.7765214478580024e-05 0.00032068889106235646 0.00031666582202353468 -5.6195762499097573e-05 -0.00020773793046763639 0.0036472894467002187 0.010211688189031244 -0.00014769555538309256 -0.00016970194925190787 -0.00029017353551038079 0.0021591702682809302 0.00020782378033388783 -5.6877164559626658e-05 -0.0015735971790015611 0.0014184556600644284 0.001046557830081074 -0.00025638896177965779 0.0057093502591243463 -0.0010445174246178795 -0.00062591847122041723 0.00029700965203583314
leaf_weight=513 447 805 1042 382 591 480 98 1411 525 5480 3330 192 1553 791 324 175 1960 17824 1380 1709 637 179 307 1104 2647 3751 563 1652 824 5433
leaf_count=513 447 805 1042 382 591 480 98 1411 525 5480 3330 192 1553 791 324 175 1960 17824 1380 1709 637 179 307 1104 2647 3751 563 1652 824 5433
internal_value=-0.00056871 -0.00141144 0.0119314 -0.000902027 0.0197541 0.0041441 0.000285919 -0.00420918 -0.00311599 -0.00551581 -7.37463e-05 0.0138015 -0.0142926 0.000182505 0.00483134 0.0225198 0.00102258 -0.000178913 -0.00956621 0.00483034 0.00238278 0.00755177 -0.00054676 0.000819722 0.00454151 0.00245198 0.0125299 -0.00283421 -0.00205332 3.99233e-05
internal_weight=58109 54443 3666 52377 1825 1841 1394 12931 10746 6005 4741 1234 2066 39446 2841 499 2342 36605 2185 2500 1296 816 34105 16281 8065 6398 1667 8216 7909 6257
internal_count=58109 54443 3666 52377 1825 1841 1394 12931 10746 6005 4741 1234 2066 39446 2841 499 2342 36605 2185 2500 1296 816 34105 16281 8065 6398 1667 8216 7909 6257
is_linear=0
shrinkage=0.05


Tree=104
num_leaves=31
num_cat=0
split_feature=3 3 1 5 9 7 8 8 7 7 12 6 13 10 3 13 7 8 13 15 6 5 15 13 8 10 11 8 13 11
split_gain=212.218 139.076 85.6214 61.9323 50.0249 30.7454 30.1482 29.4362 43.878 42.3291 36.6688 25.3406 26.5904 24.7567 24.2864 23.6663 27.2731 23.5898 22.2167 33.6643 21.0895 25.0852 21.0387 20.8963 36.0028 29.7994 61.061 51.3591 46.3917 44.3625
threshold=12.345475196838381 1.7241498827934267 1.0000000180025095e-35 2.0049999952316289 14.244999885559084 -0.66248837113380421 -0.34918220341205591 1.0000000180025095e-35 0.46866798400878912 0.98805528879165661 -0.50751903653144825 947.85000610351574 0.12940952181816109 0.94260558485984813 2.191996812820435 -0.7865660786628722 0.89799436926841747 0.83987808227539074 -0.37940952181816096 64.500000000000014 945.25000000000011 1.8816666603088381 97.500000000000014 0.37940952181816107 0.95943385362625133 0.78257837891578685 6.2500000000000009 0.82072415947914135 -0.6035533845424651 6.1499998569488534
decision_type=2 2 2 2 8 2 2 2 2 2 2 2 2 2 2 2 2 2 2 2 2 2 2 2 2 2 2 2 2 2
left_child=1 5 4 7 13 -1 -4 9 10 -3 11 12 -9 -2 -5 16 -10 -8 -19 -20 -12 -22 23 24 25 29 27 28 -27 -16
right_child=2 3 6 14 -6 -7 17 8 15 -11 20 -13 -14 -15 22 -17 -18 18 19 -21 21 -23 -24 -25 -26 26 -28 -29 -30 -31
leaf_value=-7.4903860392312122e-05 0.00037017136077275307 -4.3852326470375344e-05 -1.7268366185807515e-05 0.00045137778771063661 0.00030615879375474613 -5.3385974374142722e-05 0.00037209287950168706 0.00044770111017119606 0.0014798407565835617 0.0008259508826171238 -0.00046151169577658105 0.0011981173964753648 -0.00068276178671100953 0.00029993690474147683 0.00040119848018474875 -6.6454470611300537e-05 -9.8302910080787839e-05 -0.00011282076912883799 -4.2461061286822038e-05 0.00018353412513136269 -3.5475787678075896e-05 -0.00042439713996281615 0.0056371632472304702 -0.0002613495616117491 -0.00054241603779287646 0.00058319817400185464 0.0007518469311616039 0.0024102183054807262 -0.00072432575802612391 -0.00038734051288086827
leaf_weight=501 1046 4659 585 250 572 1561 728 232 145 229 153 582 141 185 5435 1282 165 170 254 95 806 236 93 15246 2552 2245 5363 675 2864 9027
leaf_count=501 1046 4659 585 250 572 1561 728 232 145 229 153 582 141 185 5435 1282 165 170 254 95 806 236 93 15246 2552 2245 5363 675 2864 9027
internal_value=-0.00057591 -0.00135728 0.0111126 -0.000855207 0.018833 -0.0140784 0.00348394 -0.00472496 -0.00805978 -0.00216636 -0.00338747 0.00390625 -0.00621693 0.0130663 -9.14181e-05 -0.0143394 -0.00190476 0.00786741 -0.00028626 0.0069209 -0.00920833 -0.00659026 -0.000181588 -0.000233806 0.000573386 0.00113805 0.00308016 -0.000483676 -0.00219984 -0.000359439
internal_weight=58077 54442 3635 52380 1803 2062 1832 8630 3742 4888 2150 955 373 1231 43750 1592 310 1247 519 349 1195 1042 43500 43407 28161 25609 11147 5784 5109 14462
internal_count=58077 54442 3635 52380 1803 2062 1832 8630 3742 4888 2150 955 373 1231 43750 1592 310 1247 519 349 1195 1042 43500 43407 28161 25609 11147 5784 5109 14462
is_linear=0
shrinkage=0.05


Tree=105
num_leaves=31
num_cat=0
split_feature=3 3 0 11 9 7 7 7 10 10 2 8 7 7 8 2 15 8 8 7 7 13 7 7 7 7 8 4 4 9
split_gain=208.158 129.563 85.4575 60.1435 56.1075 32.8909 44.2118 35.874 35.2421 30.9189 30.6748 28.8015 77.9628 26.5712 26.0969 26.0864 25.9969 54.1084 28.8697 25.1752 45.031 26.2357 24.4147 60.2226 38.2184 26.2887 33.3132 27.0257 23.3668 31.1139
threshold=12.345475196838381 1.7241498827934267 1.0000000180025095e-35 3.5499999523162846 14.244999885559084 -0.34717741608619684 -0.45724393427371973 0.99468535184860241 -0.82409480214118946 0.94260558485984813 29.500000000000004 -0.97653719782829274 0.16894881427288058 -0.66248837113380421 -0.33302289247512812 4.5000000000000009 57.500000000000007 -0.47813485562801356 -0.64460769295692433 -0.11364490166306494 -0.070841956883668886 -0.6035533845424651 0.98049062490463268 0.87412264943122875 0.67844408750534069 0.52825582027435314 -0.77682399749755848 2.245000004768372 6.5350000858306894 8.5950002670288104
decision_type=2 2 2 2 8 2 2 2 2 2 2 2 2 2 2 2 2 2 2 2 2 2 2 2 2 2 2 2 2 10
left_child=1 13 14 5 9 6 8 15 10 -4 -3 12 19 -1 -2 -7 22 18 -18 -5 21 -21 23 24 25 -17 -27 -28 29 -22
right_child=2 3 4 11 -6 7 -8 -9 -10 -11 -12 -13 -14 -15 -16 16 17 -19 -20 20 28 -23 -24 -25 -26 26 27 -29 -30 -31
leaf_value=-7.1158667372696506e-05 -1.0414422864835073e-05 -0.00024390178033376793 0.000331928006978266 0.0019047589575313447 0.0002908508540670096 -0.00018060333228348262 0.0015688111570934854 0.00030882465127203941 0.00042535838377097873 0.00028641522453783373 0.00018153064747095487 -3.5942309139518416e-05 0.0076371192789173453 -5.0716675655435552e-05 0.0001111034675920053 -0.00017115802779363762 0.0011989889712555729 -5.7450528061416595e-05 0.0057540624935473435 -0.00058603677010461437 0.00023966380775891223 -0.0055897296825608046 -0.00047711150818534228 0.0011039140112519582 -0.0002722017798555938 0.0020058806743651196 -0.00033727708809828987 0.0012350308675039077 0.0012423198541480192 -0.0032246763741464513
leaf_weight=509 625 1511 1044 695 571 921 400 442 1853 187 663 36561 416 1551 1216 2485 581 2522 84 85 895 138 131 326 728 132 84 96 308 279
leaf_count=509 625 1511 1044 695 571 921 400 442 1853 187 663 36561 416 1551 1216 2485 581 2522 84 85 895 138 131 326 728 132 84 96 308 279
internal_value=-0.000693439 -0.00146872 0.010869 -0.000983932 0.0185944 -0.00393783 -0.000439982 -0.00575143 -0.00202133 0.0125 -0.00633318 -1.14265e-05 0.00485643 -0.013753 0.00327736 -0.00651019 -0.00548509 -0.00211466 0.0105224 0.00137214 -0.00190058 -0.0225877 -0.00817657 -0.00742998 -0.00933428 -0.00665596 0.00694006 -0.00702703 0.00127774 -0.00195081
internal_weight=58039 54396 3643 52336 1802 12959 4427 8532 4027 1231 2174 39377 2816 2060 1841 8090 7169 3187 665 2400 1705 223 3982 3851 3525 2797 312 180 1482 1174
internal_count=58039 54396 3643 52336 1802 12959 4427 8532 4027 1231 2174 39377 2816 2060 1841 8090 7169 3187 665 2400 1705 223 3982 3851 3525 2797 312 180 1482 1174
is_linear=0
shrinkage=0.05


Tree=106
num_leaves=31
num_cat=0
split_feature=3 3 0 11 3 7 7 10 7 6 6 10 2 7 4 2 10 4 15 7 4 6 3 4 3 6 7 10 10 7
split_gain=206.184 127.208 86.3482 61.0878 50.4855 32.3476 29.32 43.6769 32.0544 32.3998 27.6018 31.1672 26.8639 26.798 32.503 29.471 26.45 25.6986 24.0304 30.2283 24.281 25.1351 24.6491 23.4469 22.7946 22.6986 49.0119 26.641 21.4825 27.4412
threshold=12.345475196838381 1.7241498827934267 1.0000000180025095e-35 3.5499999523162846 13.542418003082277 0.01504978956654668 -0.34717741608619684 -0.95368063449859608 -0.45724393427371973 952.75000000000011 950.64999389648449 0.96359375119209301 4.5000000000000009 -0.98134601116180409 1.9049999713897707 24.500000000000004 0.9536806344985963 9.7150001525878924 43.500000000000007 0.87412264943122875 2.029999971389771 958.45001220703136 4.671647548675538 3.7150000333786015 3.9925551414489751 964.25000000000011 0.75047916173934948 0.83385404944419872 -0.79332312941551197 0.58534687757492077
decision_type=2 2 2 2 2 2 2 2 2 2 2 2 2 2 2 2 2 2 2 2 2 2 2 2 2 2 2 2 2 2
left_child=1 -1 10 6 16 17 7 -3 9 13 -2 -12 -8 14 -9 -15 -4 -6 19 23 22 24 -20 -14 -22 28 27 -27 29 -23
right_child=2 3 4 -5 5 -7 12 8 -10 -11 11 -13 18 15 -16 -17 -18 -19 20 -21 21 25 -24 -25 -26 26 -28 -29 -30 -31
leaf_value=-4.951771955760101e-05 0.00047635075589735898 -0.00011178591780614638 0.00025927344298428692 -9.6976414485083757e-07 -2.9890124483017424e-05 0.00027630831136365996 -0.00015909854893359692 -0.001155424812190859 0.0030052372207221472 -0.0011099118168852895 1.5970226140243905e-05 -6.7186011246880844e-05 -7.0260291246235226e-05 -0.00010171381915759755 0.00025053706725359229 0.001575319867801767 0.00029720519066446798 0.00032586172357253478 -3.651528240081739e-05 0.00070743536726852079 0.00046830502303763237 -8.3468716177573755e-05 -0.0011592434680547934 -0.0028219511637811862 -0.0016793158782985075 -0.00011795336716456064 -0.00072642794973009543 0.013733033123027816 0.00060730413869383509 0.0070033363884929867
leaf_weight=2038 405 1571 819 39465 162 611 957 129 265 126 1322 102 1677 1016 229 1058 105 137 2401 161 374 86 183 496 881 80 255 80 693 167
leaf_count=2038 405 1571 819 39465 162 611 957 129 265 126 1322 102 1677 1016 229 1058 105 137 2401 161 374 86 183 496 881 80 255 80 693 167
internal_value=-0.000691574 -0.00146526 0.0107824 -0.000987489 0.0184339 0.026776 -0.00397595 -0.000659241 0.0030587 0.00132657 0.0030807 -0.000209937 -0.00569091 0.00262618 -0.00991736 0.00481 0.0101184 0.0129934 -0.00468232 -0.00889269 -0.00278578 0.000610454 -0.00621862 -0.0104454 -0.00448413 0.00530747 -0.00440476 0.0169697 0.00956887 0.0218992
internal_weight=58051 54388 3663 52350 1834 910 12885 4394 2823 2558 1829 1424 8491 2432 358 2074 924 299 7534 2334 5200 2616 2584 2173 1255 1361 415 160 946 253
internal_count=58051 54388 3663 52350 1834 910 12885 4394 2823 2558 1829 1424 8491 2432 358 2074 924 299 7534 2334 5200 2616 2584 2173 1255 1361 415 160 946 253
is_linear=0
shrinkage=0.05


Tree=107
num_leaves=31
num_cat=0
split_feature=5 3 1 9 3 10 8 7 3 8 14 7 13 15 7 7 5 15 11 7 2 7 15 7 8 8 7 9 13 8
split_gain=195.16 146.086 95.0567 56.437 54.1628 28.362 27.4066 36.3768 32.0983 30.9114 22.3019 21.2732 21.2348 25.2224 21.32 20.889 26.0717 37.1415 19.3712 20.9885 20.8364 19.7062 18.9723 51.7146 28.341 99.2725 81.1081 39.2546 35.3112 34.589
threshold=2.0049999952316289 12.345475196838381 1.0000000180025095e-35 14.244999885559084 1.7241498827934267 0.94260558485984813 1.0000000180025095e-35 0.98805528879165661 4.1443219184875497 0.021515898406505588 12.434999942779543 -0.77000474929809559 -0.6035533845424651 36.500000000000007 0.89799436926841747 -0.5677773356437682 7.8450000286102304 64.500000000000014 2.8500000238418584 0.93244570493698131 28.500000000000004 0.89420282840728771 38.500000000000007 0.98049062490463268 0.88337317109107982 0.8730936348438264 0.31881132721900945 6.7750000953674325 -0.37940952181816096 -0.13282711803913114
decision_type=2 2 2 8 2 2 2 2 2 2 10 2 2 2 2 2 2 2 2 2 2 2 2 2 2 2 2 10 2 2
left_child=4 22 3 5 11 10 7 18 9 -8 -3 -1 13 -11 -15 -4 -17 -18 20 -20 21 -6 23 -2 25 28 -26 -27 -24 -30
right_child=1 2 15 -5 6 -7 8 -9 -10 12 -12 -13 -14 14 -16 16 17 -19 19 -21 -22 -23 24 -25 26 27 -28 -29 29 -31
leaf_value=-6.7846358845527919e-05 -8.8296003325516643e-05 -0.00013641349236682976 0.0005638131943656755 0.00026249289579547422 -7.3675849765518031e-05 0.00025765562612829475 -0.0001306494065677906 0.00078935162900937951 -0.00076811567221648364 -0.00012636840201843657 0.00040760426126252582 -4.7041833579720927e-05 -5.5329816923987541e-05 0.001750989141693048 -3.5712061623976395e-05 0.00031525425263757568 -5.0865030451363594e-05 7.5225445448379177e-05 3.312476080767433e-05 -0.00049377424087581679 -1.8007193853105883e-07 0.00014802395458647923 0.00056265398839867593 -0.0040361361546421845 6.1266967753571824e-05 -0.0049122754577471065 0.0038768627117990724 -0.0015788091788133674 0.00034662377813604042 -0.00051984334960927597
leaf_weight=391 20613 358 192 584 1580 191 116 235 406 269 690 1578 2428 341 174 584 643 429 1995 112 873 165 6509 106 3123 197 1137 119 5767 6393
leaf_count=391 20613 358 192 584 1580 191 116 235 406 269 690 1578 2428 341 174 584 643 429 1995 112 873 165 6509 106 3123 197 1137 119 5767 6393
internal_value=-0.000566009 0.000802897 0.0103781 0.0184628 -0.00667885 0.0123392 -0.00497758 -0.00253776 -0.00821075 -0.00657066 0.00902184 -0.0141591 -0.00562636 0.00152091 0.00798077 0.00237453 0.000541842 -0.00408542 -0.00349894 7.10227e-05 -0.00636676 -0.00951429 2.27433e-06 -0.00109776 0.000982796 0.000155345 0.00466589 -0.0274143 0.000629217 -0.000961776
internal_weight=58298 47635 3671 1823 10663 1239 8694 4960 3734 3328 1048 1969 3212 784 515 1848 1656 1072 4725 2107 2618 1745 43964 20719 23245 18985 4260 316 18669 12160
internal_count=58298 47635 3671 1823 10663 1239 8694 4960 3734 3328 1048 1969 3212 784 515 1848 1656 1072 4725 2107 2618 1745 43964 20719 23245 18985 4260 316 18669 12160
is_linear=0
shrinkage=0.05


Tree=108
num_leaves=31
num_cat=0
split_feature=3 3 0 9 11 7 7 8 8 4 15 4 7 9 7 7 13 3 15 8 8 8 3 5 15 5 8 7 7 8
split_gain=185.314 124.239 100.027 59.2343 55.5401 33.2075 28.1829 42.1434 30.9315 33.3394 28.4876 36.7469 31.6585 44.0825 37.1781 42.1162 28.7553 27.3901 27.7302 32.0938 29.8485 41.6856 29.7828 36.1245 26.9748 26.5767 24.8191 54.1007 26.2935 24.5002
threshold=12.345475196838381 1.7241498827934267 1.0000000180025095e-35 14.244999885559084 3.5499999523162846 -0.77000474929809559 -0.34717741608619684 0.86458376049995433 0.80060017108917247 5.8150000572204599 34.500000000000007 2.1049998998641972 0.30247184634208685 5.2850000858306894 0.67844408750534069 0.78354993462562572 0.37940952181816107 4.709465980529786 57.500000000000007 1.0000000180025095e-35 0.9392831325531007 0.98336225748062145 2.6820437908172612 1.485000014305115 90.500000000000014 2.1016665697097783 -0.97653719782829274 0.16894881427288058 0.2027285918593407 -0.34918220341205591
decision_type=2 2 2 8 2 2 2 2 2 2 2 2 2 10 2 2 2 2 2 2 2 2 2 2 2 2 2 2 2 2
left_child=1 5 29 -4 6 -1 7 8 9 -3 12 17 13 16 -14 -16 -8 18 20 -20 22 -22 -12 -24 -13 -21 27 -6 -29 -2
right_child=2 4 3 -5 26 -7 10 -9 -10 -11 11 24 14 -15 15 -17 -18 -19 19 25 21 -23 23 -25 -26 -27 -28 28 -30 -31
leaf_value=-1.8726906669116551e-05 -1.064659746883856e-05 -4.8738957572320475e-05 0.0002675651492049708 0.00024936825100569938 0.00019144197176549735 -4.6050330661806964e-05 -0.00016362830266964895 0.0030488236983175461 -0.000601508036876019 0.0054619003776832323 -9.0296612634747407e-05 -9.0189994821264849e-05 0.0029361241231363952 -0.0024940012253634649 -0.0019937470126987164 0.0013334606344971832 0.0004164847784947235 -0.0011916077024605256 0.00025925047062671548 -3.8553354660995046e-05 0.0031885035150948714 -0.00020700273008641553 0.00073384335217016551 -0.00020817811086020475 0.0050520022798488176 0.00048527875778665359 -2.0765918620246906e-05 0.0099719916480301707 0.0018462314548684852 8.3654005374364523e-05
leaf_weight=412 571 3887 1238 576 2415 1626 352 163 222 179 487 3433 125 348 140 162 120 275 755 1114 102 151 161 592 86 101 36721 243 160 1234
leaf_count=412 571 3887 1238 576 2415 1626 352 163 222 179 487 3433 125 348 140 162 120 275 755 1114 102 151 161 592 86 101 36721 243 160 1234
internal_value=-0.000587214 -0.0013147 0.0103615 0.0186366 -0.000843826 -0.0134116 -0.00368441 -0.000460054 -0.00142092 -0.000417588 -0.00537078 -0.00416552 -0.0123403 -0.0180606 -0.00127315 -0.0107492 -0.00796646 -0.00761421 -0.00638697 -0.00248101 -0.0115154 0.00406977 -0.0146988 -0.00837731 -0.000496595 -0.0075 8.72446e-05 0.00460503 0.0214461 0.00201657
internal_weight=58151 54532 3619 1814 52494 2038 12955 4451 4288 4066 8504 7257 1247 820 427 302 472 3738 3463 1970 1493 253 1240 753 3519 1215 39539 2818 403 1805
internal_count=58151 54532 3619 1814 52494 2038 12955 4451 4288 4066 8504 7257 1247 820 427 302 472 3738 3463 1970 1493 253 1240 753 3519 1215 39539 2818 403 1805
is_linear=0
shrinkage=0.05


Tree=109
num_leaves=31
num_cat=0
split_feature=3 5 0 9 3 6 9 10 10 6 15 7 3 6 6 11 6 15 9 8 8 7 15 7 8 8 7 9 8 8
split_gain=192.632 120.976 90.2931 61.8593 45.7998 28.7939 25.9611 23.3012 22.9284 22.1488 21.2576 19.347 18.8865 17.6513 29.0287 20.3975 17.2402 67.678 46.3017 43.9942 71.8315 60.4335 42.2874 42.3386 41.9155 40.1939 44.0825 42.9598 39.5245 37.4983
threshold=12.345475196838381 1.7549999952316286 1.0000000180025095e-35 14.244999885559084 1.7241498827934267 949.95001220703136 1.0000000180025095e-35 0.94260558485984813 0.96359375119209301 964.25000000000011 97.500000000000014 -0.24042633175849912 14.635410308837892 964.54998779296886 966.54998779296886 3.6499999761581425 959.25000000000011 77.500000000000014 10.555000305175783 0.88933694362640392 0.84908413887023937 0.33505657315254217 82.500000000000014 0.68472337722778331 -0.6576542556285857 -0.14153897762298581 0.94147586822509777 4.6949999332427987 -0.61794704198837269 -0.75471875071525563
decision_type=2 2 2 8 2 2 10 2 2 2 2 2 2 2 2 2 2 2 10 2 2 2 2 2 2 2 2 10 2 2
left_child=1 4 5 7 6 -2 -1 -4 9 12 16 -5 -7 15 -15 -6 17 -3 -19 20 22 -21 23 -18 -25 26 28 -28 -26 -24
right_child=2 10 3 11 13 8 -8 -9 -10 -11 -12 -13 -14 14 -16 -17 19 18 -20 21 -22 -23 29 24 25 -27 27 -29 -30 -31
leaf_value=-3.0001526282237309e-05 0.00046009366569393917 -3.8641237844406305e-05 0.00030411188641853994 0.00028238698607595535 -4.133422203502499e-05 3.9464208625694669e-05 -4.3445200720476036e-05 0.00022857614426566864 -6.3447972802380131e-05 0.00020694760438368654 0.0050757762098895534 0.00023689983845541219 -3.0680012784206627e-05 -0.00015016161754220138 2.1654093719396426e-05 4.7554181028676688e-05 0.0005522940568396473 -0.0014621303898917717 0.00075436268953851804 0.00018112052350707596 -0.0016675561931720666 0.0063508686222188311 -0.0044235523178531222 -0.0024083018206269916 0.0013693174199310358 -0.00046915396253295762 -0.00039577490511392234 0.0043392196020664272 -0.00046329838952371277 0.0014915000303196647
leaf_weight=89 349 34468 1049 80 4465 815 1745 194 108 246 90 502 319 239 117 971 2670 1928 442 595 242 310 82 430 344 2495 92 434 1075 1083
leaf_count=89 349 34468 1049 80 4465 815 1745 194 108 246 90 502 319 239 117 971 2670 1928 442 595 242 310 82 430 344 2495 92 434 1075 1083
internal_value=-0.000675012 -0.00142251 0.0104172 0.0182787 -0.00725986 0.00257872 -0.0141381 0.011899 -0.000468855 0.00129964 -0.000470236 0.0316865 -0.00166813 -0.00507159 -0.0157895 -0.00435582 -0.000518257 -0.00101512 -0.00917895 0.00133915 0.000273682 0.0118132 0.00102755 -0.000344599 -0.00311795 -0.00166479 0.00371795 0.0160075 -0.000877809 0.00987179
internal_weight=58068 54406 3662 1825 7626 1837 1834 1243 1488 1380 46780 582 1134 5792 356 5436 46690 36838 2370 9852 8947 905 8705 7540 4870 4440 1945 526 1419 1165
internal_count=58068 54406 3662 1825 7626 1837 1834 1243 1488 1380 46780 582 1134 5792 356 5436 46690 36838 2370 9852 8947 905 8705 7540 4870 4440 1945 526 1419 1165
is_linear=0
shrinkage=0.05


Tree=110
num_leaves=31
num_cat=0
split_feature=3 3 0 9 11 6 9 8 8 10 8 2 10 8 8 8 6 9 4 9 15 12 12 4 15 13 6 8 8 8
split_gain=176.471 122.381 88.9868 55.3282 48.6325 29.5019 27.3298 25.5514 27.8916 25.3693 27.1554 25.9098 23.5566 22.6902 58.0014 22.3879 25.3401 22.2849 21.6413 28.4905 27.4394 20.664 20.4557 19.6177 19.1323 25.9424 26.1511 33.704 38.3902 59.8899
threshold=12.345475196838381 1.7241498827934267 1.0000000180025095e-35 14.244999885559084 3.5499999523162846 950.95001220703136 1.5549999475479128 -0.93779578804969776 -0.99960738420486439 -0.67556449770927418 -0.98336225748062123 25.500000000000004 0.96359375119209301 -0.97653719782829274 -0.99351876974105824 -0.55176848173141468 958.04998779296886 10.444999694824221 2.1350001096725468 5.0250000953674325 89.500000000000014 0.7933231294155122 0.7933231294155122 0.98500001430511486 31.500000000000004 0.91597560048103344 953.95001220703136 -0.36523833870887751 -0.30041381716728205 -0.24284747242927548
decision_type=2 2 2 8 2 2 8 2 2 2 2 2 2 2 2 2 2 10 2 8 2 2 2 2 2 2 2 2 2 2
left_child=1 6 5 -4 7 -2 23 8 -3 10 11 -10 15 14 -6 -7 -17 22 19 21 -20 -9 -16 -1 25 26 27 -15 -29 -30
right_child=2 4 3 -5 13 12 -8 18 9 -11 -12 -13 -14 24 17 16 -18 -19 20 -21 -22 -23 -24 -25 -26 -27 -28 28 29 -31
leaf_value=-4.5508251731144575e-05 0.00040565534407617233 0.002297888667332717 0.00024896399167948505 0.00022505484653264076 -0.00017168476203232205 -2.7032610364863264e-05 -5.0886530778862174e-05 -3.9267510933273766e-05 0.00099860620126144563 -0.00040523840619350275 -0.00019536880638878476 -0.00012397703259165067 -6.3686946353380683e-05 -0.00029084177232618777 0.0031606791804271021 -1.1649767682603286e-05 0.00020322232806628537 -0.001080546905149199 -6.6426260799882454e-05 -0.00051951717559249328 0.0048371263861013668 0.00039784505229379594 -0.00064256125944427448 7.6058134268177683e-06 9.3351463115559649e-05 -0.0020200522233409985 -0.00028778303159197606 0.0041425134908390339 -0.0038592969520430801 0.00027994932600713674
leaf_weight=990 443 97 1239 586 1397 377 751 5075 230 645 426 205 98 4841 1138 548 346 138 5622 369 90 121 94 303 24160 441 1807 446 243 4630
leaf_count=990 443 97 1239 586 1397 377 751 5075 230 645 426 205 98 4841 1138 548 346 138 5622 369 90 121 94 303 24160 441 1807 446 243 4630
internal_value=-0.00042659 -0.00114164 0.0102279 0.0180055 -0.000671199 0.00236654 -0.0131284 -0.00333721 -0.00923507 -0.0109199 -0.00525404 0.00352273 -0.00127365 0.000202084 0.00456349 0.000587774 0.00489433 0.0118545 -0.00249512 -0.00471275 -0.000332342 -0.00374928 0.0139854 -0.00866718 -0.00012851 -0.001724 -0.00128216 -0.00029513 0.00245116 0.00115826
internal_weight=57896 54259 3637 1825 52215 1812 2044 12880 1603 1506 861 435 1369 39335 2767 1271 894 1370 11277 5565 5712 5196 1232 1293 36568 12408 11967 10160 5319 4873
internal_count=57896 54259 3637 1825 52215 1812 2044 12880 1603 1506 861 435 1369 39335 2767 1271 894 1370 11277 5565 5712 5196 1232 1293 36568 12408 11967 10160 5319 4873
is_linear=0
shrinkage=0.05


Tree=111
num_leaves=31
num_cat=0
split_feature=3 3 0 9 11 7 6 10 8 6 0 7 7 2 8 8 7 6 8 12 9 10 11 7 13 14 6 12 8 8
split_gain=153.668 112.774 83.5612 53.5268 51.3164 30.8025 29.5052 23.8647 21.1216 31.4536 20.8061 19.995 18.7544 18.491 19.6082 51.7601 33.7987 25.4237 29.3254 35.4663 33.6263 22.5524 68.5065 49.2851 73.0584 42.1332 41.8937 36.6506 51.57 37.0068
threshold=12.345475196838381 1.7241498827934267 1.0000000180025095e-35 14.244999885559084 3.5499999523162846 -0.77000474929809559 950.95001220703136 0.96359375119209301 -0.33302289247512812 962.45001220703136 1.0000000180025095e-35 -0.86779624223709095 -0.90725037455558766 2.5000000000000004 -0.97653719782829274 -0.99351876974105824 -0.070841956883668886 956.25000000000011 -0.98009455204009999 0.7933231294155122 9.2950000762939471 0.23343648016452792 6.3500001430511483 -0.66248837113380421 -0.37940952181816096 7.3949999809265146 947.14999389648449 -0.41467745602130884 -0.62132811546325672 -0.38516426086425776
decision_type=2 2 2 8 2 2 2 2 2 2 2 2 2 2 2 2 2 2 2 2 10 2 2 2 2 10 2 2 2 2
left_child=1 5 6 -4 10 11 -2 8 -8 -10 -3 -1 -12 -6 15 16 -15 18 19 20 -17 27 25 26 -25 -23 -24 28 -16 -30
right_child=2 4 3 -5 13 -7 7 -9 9 -11 12 -13 -14 14 21 17 -18 -19 -20 -21 -22 22 23 24 -26 -27 -28 -29 29 -31
leaf_value=-0.0001251102492626859 0.00038270634999405529 -0.00010707532447476665 0.00023651579209550967 0.00021380210420600678 0.0014146410378485909 -3.9013944114997363e-05 -2.0063419331473042e-05 -6.0502599035711095e-05 6.1033744063798693e-06 0.00031033088870816017 0.00063897142259642487 0.0023827022434905771 -2.8016648025020862e-05 -0.0033412017113228728 0.0021222484197934129 0.0038118975027528453 5.5093167683312964e-05 0.0054964295629589604 -0.0011357316609535652 -0.0023199786181366173 -0.00065211780163930704 -6.3471896302842726e-05 0.0016060913958847248 0.0010571545946800082 -0.00021786584698208489 -0.003285304148660813 0.0063777487353255799 -0.00027619062728564541 -0.0017202745130452529 6.1111342069747682e-05
leaf_weight=336 438 6697 1245 571 1379 1650 473 97 667 161 617 87 5600 218 1706 645 1139 212 194 83 199 7611 1098 2662 3893 1090 576 11202 807 4782
leaf_count=336 438 6697 1245 571 1379 1650 473 97 667 161 617 87 5600 218 1706 645 1139 212 194 83 199 7611 1098 2662 3893 1090 576 11202 807 4782
internal_value=-0.000542656 -0.00120852 0.00937927 0.0169687 -0.000755509 -0.0126323 0.00184682 -0.00171062 0.000114855 0.00492197 -0.00349098 -0.000584112 -0.0014063 0.000139237 -6.68905e-05 0.00404453 -0.00282673 0.0110239 0.00794849 0.0116416 0.0147232 -0.0003796 0.000938884 0.00420816 0.00224848 -0.00215369 0.0118523 -0.00158631 0.00117123 -0.00115302
internal_weight=58135 54483 3652 1816 52410 2073 1836 1398 1301 828 12914 423 6217 39496 38117 2690 1357 1333 1121 927 844 35427 16930 8229 6555 8701 1674 18497 7295 5589
internal_count=58135 54483 3652 1816 52410 2073 1836 1398 1301 828 12914 423 6217 39496 38117 2690 1357 1333 1121 927 844 35427 16930 8229 6555 8701 1674 18497 7295 5589
is_linear=0
shrinkage=0.05


Tree=112
num_leaves=31
num_cat=0
split_feature=3 3 0 9 11 8 6 8 14 15 7 8 7 6 2 3 9 6 6 7 8 8 8 8 15 13 7 8 8 14
split_gain=178.947 112.802 76.878 49.6826 42.0169 31.4607 28.4822 27.9752 23.7476 21.6768 20.8762 20.7821 53.6566 53.7627 22.511 22.2156 21.9126 31.8202 40.2899 38.4888 35.5154 29.735 37.0388 30.9474 29.5007 32.3591 27.767 26.8826 47.4249 31.0168
threshold=12.345475196838381 1.7241498827934267 1.0000000180025095e-35 14.244999885559084 3.5499999523162846 -0.93779578804969776 950.95001220703136 -0.99960738420486439 4.6150000095367441 53.500000000000007 -0.77000474929809559 -0.97653719782829274 0.16894881427288058 952.54998779296886 2.5000000000000004 2.316846609115601 7.1150000095367441 951.25000000000011 948.14999389648449 -0.85020262002944935 -0.35321410000324244 -0.16681838035583493 -0.90452900528907765 -0.86458376049995411 21.500000000000004 0.60355338454246532 0.049410874024033553 -0.30041381716728205 -0.22162339836359021 6.9749999046325692
decision_type=2 2 2 8 2 2 2 2 10 2 2 2 2 2 2 2 8 2 2 2 2 2 2 2 2 2 2 2 2 10
left_child=1 10 6 -4 5 7 -2 -3 9 -9 -1 12 -6 -14 -13 -16 17 18 20 -19 -17 22 -21 -24 -23 -26 27 29 -29 -22
right_child=2 4 3 -5 11 -7 -8 8 -10 -11 -12 14 13 -15 15 16 -18 19 -20 21 26 24 23 -25 25 -27 -28 28 -30 -31
leaf_value=-4.305675985820197e-05 0.00037325446921100962 0.0018752108864333557 0.00022469000249073501 0.00020311199899570865 0.00014843540526002111 -3.7437932499294078e-05 -1.0135960385460052e-06 -0.00015029676766892416 -0.0016905503743367347 0.00050087543444769116 -3.783225042706335e-05 0.0015032817901011117 -0.00050843444563710989 0.0099031714544538518 6.8997246801087586e-05 -0.00081626039231892536 5.1952701746876828e-05 0.0029818812889329666 0.00096391926557725391 -0.00052818710565768058 0.0047257350049814181 -0.00204547640691636 0.0071252428458775472 1.0099009512061497e-05 -0.00026047953361428263 -0.0007830900410141688 0.00376597728567532 -0.0031220030345710677 1.0475192623592362e-05 -0.0043296195779656864
leaf_weight=417 442 100 1245 578 2360 11283 1380 1168 159 175 1633 1262 161 257 752 2342 20247 202 2317 818 203 162 239 1294 2802 1000 302 254 2404 82
leaf_count=417 442 100 1245 578 2360 11283 1380 1168 159 175 1633 1262 161 257 752 2342 20247 202 2317 818 203 162 239 1294 2802 1000 302 254 2404 82
internal_value=-0.000539237 -0.00125827 0.0101781 0.0174234 -0.000807068 -0.00328549 0.00290093 -0.00983199 -0.0115461 -0.00931009 -0.0127494 2.53389e-06 0.00416816 0.0205674 -0.000313463 -0.000547636 -0.000732558 -0.00222168 -8.85068e-05 -0.00480681 -0.00238734 -0.00549842 -0.0010399 0.00354356 -0.00813807 -0.00722354 0.001 -0.000491859 -0.00206534 0.0139655
internal_weight=58040 54395 3645 1823 52345 12885 1822 1602 1502 1343 2050 39460 2778 418 36682 35420 34668 14421 7904 6517 5587 6315 2351 1533 3964 3802 3245 2943 2658 285
internal_count=58040 54395 3645 1823 52345 12885 1822 1602 1502 1343 2050 39460 2778 418 36682 35420 34668 14421 7904 6517 5587 6315 2351 1533 3964 3802 3245 2943 2658 285
is_linear=0
shrinkage=0.05


Tree=113
num_leaves=31
num_cat=0
split_feature=3 3 0 9 11 7 7 9 12 8 15 11 7 10 15 8 7 15 7 7 7 7 7 8 7 13 12 8 12 9
split_gain=153.865 99.4399 76.8317 57.9197 35.5706 23.5913 23.0789 37.7457 25.3342 21.1354 26.6406 23.117 20.7301 20.5405 19.4522 28.2018 19.1147 18.7283 36.6721 27.5894 27.2928 25.7624 64.9222 43.3269 35.812 34.2141 40.4995 44.763 31.3152 30.5774
threshold=12.345475196838381 1.7241498827934267 1.0000000180025095e-35 14.244999885559084 3.5499999523162846 0.99468535184860241 0.98526033759117138 2.8249999284744267 0.23343648016452792 -0.93779578804969776 53.500000000000007 1.4499999880790713 -0.77000474929809559 -0.99535831809043873 85.500000000000014 0.98633936047554027 0.99940901994705211 35.500000000000007 0.88234141469001781 -0.92772412300109852 -0.98737290501594532 0.41470260918140417 0.16894881427288058 -0.98009455204009999 0.42250764369964605 -0.37940952181816096 0.11319890245795251 0.88337317109107982 0.59480014443397533 4.305000066757203
decision_type=2 2 2 8 2 2 2 10 2 2 2 2 2 2 2 2 2 2 2 2 2 2 2 2 2 2 2 2 2 10
left_child=1 12 -2 -4 5 6 9 -8 -9 10 11 -3 -1 -11 17 -16 -7 18 -6 20 -19 22 -21 -24 -23 26 27 -26 -27 -25
right_child=2 4 3 -5 14 16 7 8 -10 13 -12 -13 -14 -15 15 -17 -18 19 -20 21 -22 24 23 29 25 28 -28 -29 -30 -31
leaf_value=-3.6520468229830819e-05 1.7315686129476537e-05 0.00070223839367946576 0.00020678037192563005 0.00019295639904592379 -5.9116301855774434e-05 0.0011376033653143697 0.00014950858425626405 -0.00047893811153980808 -0.00197749130546643 -0.0001277391230622496 0.00079061201554294811 -0.00020305446125441331 -3.4807955608912036e-05 -2.5125444676380937e-05 -0.00038613202937049467 -0.003352583842803561 -1.8441673256115905e-05 0.00078751337735128097 -0.0029776948915660206 0.00018800948548877637 -0.0023231824800634135 -0.0034881236790896639 0.009984706252164641 -0.00041576466809805881 -0.00031910796054648237 -9.2644994933213659e-05 0.0015448597633123562 0.0096256423586477107 -0.0012686384961067857 0.0028273311150755808
leaf_weight=414 1851 85 1245 569 16865 200 147 140 114 715 211 1327 1642 9751 1658 84 242 477 142 6708 598 90 182 338 1704 5922 2383 90 587 1655
leaf_count=414 1851 85 1245 569 16865 200 147 140 114 715 211 1327 1642 9751 1658 84 242 477 142 6708 598 90 182 338 1704 5922 2383 90 587 1655
internal_value=-0.000495348 -0.0011629 0.00941417 0.0167125 -0.000739222 -0.00301461 -0.00341737 -0.0151478 -0.0266409 -0.00302216 -0.0083231 -0.0107975 -0.011936 -0.00219654 6.33104e-06 -0.00515169 0.0082774 0.000245059 -0.000984599 0.00125368 -0.00652778 0.00168074 0.00367349 0.0111697 3.71023e-05 0.000308671 0.00383788 -0.00183435 -0.00195732 0.00898398
internal_weight=58136 54471 3665 1814 52415 12932 12490 401 254 12089 1623 1412 2056 10466 39483 1742 442 37741 17007 20734 1075 19659 8883 2175 10776 10686 4177 1794 6509 1993
internal_count=58136 54471 3665 1814 52415 12932 12490 401 254 12089 1623 1412 2056 10466 39483 1742 442 37741 17007 20734 1075 19659 8883 2175 10776 10686 4177 1794 6509 1993
is_linear=0
shrinkage=0.05


Tree=114
num_leaves=31
num_cat=0
split_feature=3 3 0 9 11 11 12 10 7 6 7 6 6 10 15 3 7 7 7 8 13 8 7 3 12 6 2 8 6 3
split_gain=143.198 90.4191 76.9193 57.4745 34.1591 29.1623 28.0542 26.1164 24.8003 32.2402 27.4078 22.5806 22.5192 22.3098 22.3045 21.5901 20.322 32.0718 46.3217 32.414 29.4532 23.503 24.9197 24.7453 20.6185 25.8126 21.6832 19.9674 31.9188 19.1479
threshold=12.345475196838381 1.7241498827934267 1.0000000180025095e-35 14.244999885559084 3.5499999523162846 3.5499999523162846 0.39873388409614569 0.9238443672657014 -0.39505837857723231 957.85000610351574 -0.98134601116180409 952.75000000000011 950.75000000000011 0.96359375119209301 91.500000000000014 2.3548717498779301 0.9600123167037965 0.86993730068206798 0.8145371973514558 -0.46296662092208857 -1.0000000180025095e-35 0.090250775218009963 0.98805528879165661 4.1899073123931894 -0.97625884413719166 965.95001220703136 20.500000000000004 -0.33302289247512812 962.45001220703136 2.5927240848541264
decision_type=2 2 2 8 2 2 2 2 2 2 2 2 2 2 2 2 2 2 2 2 2 2 2 2 2 2 2 2 2 2
left_child=1 5 12 -4 7 6 -1 14 10 -10 -9 -12 -2 27 16 -11 17 18 24 -19 -21 22 -18 -23 26 -26 -3 -14 -29 -6
right_child=2 4 3 -5 29 -7 -8 8 9 15 11 -13 13 -15 -16 -17 21 19 -20 20 -22 23 -24 -25 25 -27 -28 28 -30 -31
leaf_value=-4.3921055315853659e-05 0.00035307944324253215 -0.00044624952899090394 0.00019055211490185409 0.0001833085790936273 6.4031476072941564e-05 -9.8860316991664794e-07 -3.1606696332516125e-05 -0.0011860006730868102 -0.00010035932231770729 -2.7189372242320118e-05 0.0019248679469303469 -0.00088902680065844515 -1.5663670483309632e-05 -5.8292573588475399e-05 0.00068677109570900461 0.00016441935385298547 -0.00053619940332755029 0.0053362983038662982 -0.00043026415849252799 0.002643145713926787 -5.3293088257643909e-05 -3.3508575660351004e-05 0.00041951591050785842 -0.0014590147094316762 -0.00010569693708351729 0.0029152967763899935 0.0016992949087266203 8.8532713052813513e-06 0.00031122934126962822 -2.5529916984740401e-05
leaf_weight=1026 410 184 1239 575 1437 477 567 113 1415 192 714 83 476 104 142 1058 143 128 328 167 387 160 252 235 6629 143 356 662 158 38106
leaf_count=1026 410 184 1239 575 1437 477 567 113 1415 192 714 83 476 104 142 1058 143 128 328 167 387 160 252 235 6629 143 356 662 158 38106
internal_value=-0.000495945 -0.00113689 0.00912097 0.0163826 -0.000731237 -0.0113735 -0.014612 -0.00297257 0.000656425 -0.00177903 0.00775956 0.0110349 0.00181818 -0.00120996 -0.00437412 0.00406375 -0.00468356 -0.003951 -0.00487901 0.00640466 0.00107335 -0.012327 -0.003625 -0.020875 -0.00404537 -0.00479563 0.0053211 0.000614912 0.00533333 -3.79286e-06
internal_weight=58066 54442 3624 1814 52372 2070 1593 12829 3575 2665 910 797 1810 1400 9254 1250 9112 8322 7640 682 554 790 395 395 7312 6772 540 1296 820 39543
internal_count=58066 54442 3624 1814 52372 2070 1593 12829 3575 2665 910 797 1810 1400 9254 1250 9112 8322 7640 682 554 790 395 395 7312 6772 540 1296 820 39543
is_linear=0
shrinkage=0.05


Tree=115
num_leaves=31
num_cat=0
split_feature=3 3 0 9 11 11 12 6 12 10 12 15 6 6 12 10 13 12 15 11 14 9 6 13 2 15 6 9 15 15
split_gain=158.95 92.6612 62.255 58.8343 28.8646 26.6215 30.4316 25.1116 19.7759 20.1777 20.3652 21.1227 22.8199 21.9735 19.1691 20.2887 55.8913 40.58 44.5677 36.8571 39.2004 30.2383 26.8932 29.677 26.6485 26.1167 36.6588 24.6029 31.5433 24.5158
threshold=12.345475196838381 1.7241498827934267 1.0000000180025095e-35 14.244999885559084 3.5499999523162846 3.5499999523162846 0.39873388409614569 949.95001220703136 0.8140845298767091 0.94260558485984813 -0.97625884413719166 85.500000000000014 957.75000000000011 966.14999389648449 -0.95368063449859608 -0.70088258385658253 -0.91597560048103321 -0.41467745602130884 79.500000000000014 6.3500001430511483 7.3949999809265146 12.454999923706056 943.95001220703136 0.12940952181816109 5.5000000000000009 22.500000000000004 954.14999389648449 3.1149998903274541 28.500000000000004 86.500000000000014
decision_type=2 2 2 8 2 2 2 2 2 2 2 2 2 2 2 2 2 2 2 2 10 8 2 2 2 2 2 8 2 2
left_child=1 5 7 -4 8 6 -1 -2 9 10 -3 13 -13 -12 -6 17 21 18 -16 20 24 -17 -21 -24 -18 -19 29 -26 -29 -27
right_child=2 4 3 -5 14 -7 -8 -9 -10 -11 11 12 -14 -15 15 16 19 25 -20 22 -22 -23 23 -25 27 26 -28 28 -30 -31
leaf_value=-4.2826108045337718e-05 0.00035922387127765857 0.00058395756563799192 0.00018616556424433939 0.00017414315013894455 -0.00064487963766151409 -1.6689060420806667e-06 -3.2619905308638785e-05 1.7979914292975963e-07 0.00032924566744686523 2.6339596107780897e-05 -0.00010779430140823461 -5.0998264059603544e-05 0.0012642734340834905 0.00019114784331877093 0.00090856456989154124 0.001151207794198017 0.0016308687633362436 -0.00050838486542827425 -0.0012403600508106101 0.0034887768656963816 -0.0025336180239433404 0.0043520859975911983 0.00050459828510810432 -0.00023472349763984588 7.1819046646648835e-05 0.00036603064079887077 -0.00036629788540866459 -0.0011933821789223351 -0.00028051464263369462 -0.0029778959029808402
leaf_weight=1002 345 641 1226 573 1246 477 564 1490 377 2462 8858 107 231 277 5934 1981 947 3037 1048 692 1187 153 4131 3498 1227 5068 3635 724 4757 165
leaf_count=1002 345 641 1226 573 1246 477 564 1490 377 2462 8858 107 231 277 5934 1981 947 3037 1048 692 1187 153 4131 3498 1227 5068 3635 724 4757 165
internal_value=-0.000389219 -0.00106557 0.00972795 0.0163248 -0.000657593 -0.011499 -0.0146404 0.0032337 -0.00270489 -0.00304427 -0.00403202 -0.00461595 0.00758017 -0.00507112 1.52149e-05 0.000214722 0.00135478 -0.000950138 0.00207528 0.000404823 -0.00184243 0.00897616 0.00279246 0.00193215 -0.000528721 -0.0027246 -0.00135242 -0.00163861 -0.00307145 0.00132684
internal_weight=58060 54426 3634 1799 52383 2043 1566 1835 12953 12576 10114 9473 338 9135 39430 38184 19297 18887 6982 17163 8842 2134 8321 7629 7655 11905 8868 6708 5481 5233
internal_count=58060 54426 3634 1799 52383 2043 1566 1835 12953 12576 10114 9473 338 9135 39430 38184 19297 18887 6982 17163 8842 2134 8321 7629 7655 11905 8868 6708 5481 5233
is_linear=0
shrinkage=0.05


Tree=116
num_leaves=31
num_cat=0
split_feature=3 3 0 9 11 11 12 0 6 3 9 8 8 12 11 13 6 8 6 8 8 6 8 8 4 11 6 8 6 12
split_gain=143.356 82.7763 58.708 68.7528 27.8274 19.5777 22.7508 19.3092 18.8244 17.5943 16.9085 34.2248 49.3908 43.9149 42.2598 30.9717 48.5256 29.0972 22.1252 34.7393 43.7096 68.4157 35.0549 23.3685 22.0199 21.0269 38.9943 20.2036 21.182 36.7429
threshold=12.345475196838381 1.7241498827934267 1.0000000180025095e-35 14.244999885559084 3.5499999523162846 2.9500000476837163 0.46173103153705602 1.0000000180025095e-35 950.64999389648449 2.316846609115601 7.1150000095367441 -0.61794704198837269 -0.63137066364288319 -0.59480014443397511 6.2500000000000009 0.60355338454246532 963.45001220703136 -0.58011069893836964 951.25000000000011 -0.14153897762298581 -0.30041381716728205 944.64999389648449 -0.36523833870887751 0.97269129753112804 2.1700000762939458 7.4500000476837167 956.14999389648449 0.99805629253387462 959.25000000000011 -0.79332312941551197
decision_type=2 2 2 8 2 2 2 2 2 2 8 2 2 2 2 2 2 2 2 2 2 2 2 2 2 2 2 2 2 2
left_child=1 5 8 -4 7 6 -1 -3 -2 -6 11 12 13 14 -11 17 -17 -13 19 20 21 22 -19 25 -12 -20 -27 28 -26 -30
right_child=2 4 3 -5 9 -7 -8 -9 -10 10 24 15 -14 -15 -16 16 -18 18 23 -21 -22 -23 -24 -25 27 26 -28 -29 29 -31
leaf_value=-3.8993668807088159e-05 0.00030215424911902712 -9.3634477130626626e-05 0.0001734531920603133 0.00016543599263199593 6.8261894429876236e-05 -1.5836627382476068e-05 -2.6524033333350222e-05 -7.5387353416045237e-06 1.7080918578438188e-07 0.0032683686977436153 -0.0011396869765203468 -0.0017469387553081532 0.0063457251962680443 -8.0983197212619601e-05 -0.0027956989313725348 -0.00041808740079263274 -0.0034131393879479944 -0.0013586663896325716 8.5541718773612423e-06 0.00076397421550899916 -0.0024305818818770478 0.005383582621422963 0.001673977918605751 -0.00086061464976927961 -5.1284827768562081e-05 -5.2556962104238769e-05 -0.0029973925098160043 0.0014648008186232742 0.006979553540171113 0.00034445084006962671
leaf_weight=906 418 6710 1243 581 812 733 392 6257 1415 799 93 157 99 3987 204 2365 174 623 2345 3013 456 270 211 665 16406 407 265 466 187 5355
leaf_count=906 418 6710 1243 581 812 733 392 6257 1415 799 93 157 99 3987 204 2365 174 623 2345 3013 456 270 211 665 16406 407 265 466 187 5355
internal_value=-0.000441235 -0.00108624 0.00913435 0.0154729 -0.000701305 -0.0109774 -0.0146585 -0.00270968 0.00280196 -3.93761e-05 -0.000193245 -0.00143347 0.00195328 0.00124124 0.0105655 -0.00300748 -0.00784198 -0.00154449 -0.00113196 0.00119048 -0.00485623 0.000541028 -0.00655542 -0.0040141 0.000690743 -0.00213435 -0.0098966 0.000793969 0.000573953 0.003245
internal_weight=58014 54357 3657 1824 52326 2031 1298 12967 1833 39359 38547 16040 5089 4990 1003 10951 2539 8412 8255 4573 1560 1104 834 3682 22507 3017 672 22414 21948 5542
internal_count=58014 54357 3657 1824 52326 2031 1298 12967 1833 39359 38547 16040 5089 4990 1003 10951 2539 8412 8255 4573 1560 1104 834 3682 22507 3017 672 22414 21948 5542
is_linear=0
shrinkage=0.05


Tree=117
num_leaves=31
num_cat=0
split_feature=3 3 0 3 11 7 11 12 7 2 4 7 5 15 7 13 6 7 7 15 11 6 13 10 13 7 8 6 15 12
split_gain=132.028 89.2152 60.0408 51.9438 29.1809 26.8294 26.2727 33.0401 21.5387 20.2001 19.8243 19.6811 28.851 19.3994 38.3367 24.392 34.2035 23.5311 64.9566 27.5022 24.9365 23.1655 22.4824 34.0841 31.9278 30.9869 49.0937 40.7142 37.701 30.5937
threshold=12.345475196838381 1.7241498827934267 1.0000000180025095e-35 13.542418003082277 3.5499999523162846 -0.29014293849468226 3.5499999523162846 0.46173103153705602 -0.5677773356437682 4.5000000000000009 8.1050000190734881 0.91258591413497936 7.9249999523162851 31.500000000000004 0.87412264943122875 0.91597560048103344 946.35000610351574 -0.86779624223709095 -0.84102764725685109 27.500000000000004 16.050000190734867 949.25000000000011 0.37940952181816107 -0.73724925518035878 -0.7865660786628722 0.98666161298751842 -0.10296135023236273 953.25000000000011 52.500000000000007 0.1650413200259209
decision_type=2 2 2 2 2 2 2 2 2 2 2 2 2 2 2 2 2 2 2 2 2 2 2 2 2 2 2 2 2 2
left_child=1 6 8 -4 9 -5 7 -1 -2 -3 -7 -10 -13 14 15 17 -17 21 19 -19 -20 -6 23 24 -15 -25 -27 -28 -29 -30
right_child=2 4 3 5 13 10 -8 -9 11 -11 -12 12 -14 22 -16 16 -18 18 20 -21 -22 -23 -24 25 -26 26 27 28 29 -31
leaf_value=-3.5485722773301655e-05 0.00045773503932190486 -0.00016269295220831546 0.00015449467381004612 0.00020883908348689475 0.00020810292726434356 6.277851668721191e-05 -7.9362937085280393e-07 -3.1078541690267826e-05 -1.4559897935120804e-05 -3.115021316749088e-05 0.00015716419300039754 0.00036456694044687546 -3.8655399623133137e-05 -0.00060935119754670019 -0.0024901681802415006 -0.0021939498845488939 0.00023533361732968347 -0.0031456263273719116 -9.4649334752192025e-05 0.0017571232991631519 0.0011811795612911347 0.0050338074163715609 -0.00011140220180077821 0.00080714254600537736 0.00043538523258057908 -0.0045416117120978426 0.006217266720437065 -0.0071596244772607065 -0.0014757220378210313 0.00063744937766885528
leaf_weight=1067 189 1755 902 132 3570 102 469 522 1112 11219 662 321 228 2708 109 221 229 322 8854 93 128 197 10417 6512 4811 183 165 140 134 591
leaf_count=1067 189 1755 902 132 3570 102 469 522 1112 11219 662 321 228 2708 109 221 229 322 8854 93 128 197 10417 6512 4811 183 165 140 134 591
internal_value=-0.000332363 -0.000950001 0.00886942 0.0153633 -0.000548097 0.0238624 -0.0111488 -0.0142095 0.00253369 -0.00260421 0.0274382 0.000690276 0.0083935 0.000129478 -0.00138767 -0.00114546 -0.0125275 -0.000751766 -0.00208998 -0.0213095 -0.00119061 0.00258484 0.000940934 0.00216408 -0.000232589 0.00449547 -0.00283251 0.00144928 -0.00293103 0.00171233
internal_weight=58064 54416 3648 1798 52358 896 2058 1589 1850 12974 764 1661 549 39384 13723 13614 450 13164 9397 415 8982 3767 25661 15244 7519 7725 1213 1030 865 725
internal_count=58064 54416 3648 1798 52358 896 2058 1589 1850 12974 764 1661 549 39384 13723 13614 450 13164 9397 415 8982 3767 25661 15244 7519 7725 1213 1030 865 725
is_linear=0
shrinkage=0.05


Tree=118
num_leaves=31
num_cat=0
split_feature=3 3 0 9 11 12 11 13 6 12 0 2 15 6 13 10 12 13 11 15 4 13 12 15 6 12 5 6 6 15
split_gain=142.059 86.2061 84.4028 32.8587 27.0897 30.5062 25.1178 24.1231 22.8624 20.4847 19.2945 17.5344 19.3689 17.3414 16.5494 42.7958 50.7579 42.5677 40.808 41.6619 37.1597 28.9616 28.4098 27.5165 25.9477 38.6087 50.324 33.9188 45.2145 30.7779
threshold=13.166532993316652 1.7241498827934267 1.0000000180025095e-35 14.244999885559084 3.5499999523162846 0.46173103153705602 3.5499999523162846 1.0000000180025095e-35 949.54998779296886 -0.95368063449859608 1.0000000180025095e-35 3.5000000000000004 97.500000000000014 942.25000000000011 0.12940952181816109 -0.71322327852249134 -0.30069434642791742 -0.98296290636062611 6.2500000000000009 31.500000000000004 7.8550000190734872 -0.91597560048103321 0.56638467311859142 33.500000000000007 953.85000610351574 0.41467745602130895 2.5749999284744267 962.45001220703136 963.25000000000011 47.500000000000007
decision_type=2 2 2 8 2 2 2 2 2 2 2 2 2 2 2 2 2 2 2 2 2 2 2 2 2 2 2 2 2 2
left_child=1 4 8 -4 5 -1 10 -6 -2 13 -3 -11 14 -8 15 16 17 -13 19 -17 22 -21 -20 -19 -16 29 -27 -28 -29 -26
right_child=2 6 3 -5 7 -7 9 -9 -10 11 -12 12 -14 -15 24 18 -18 23 20 21 -22 -23 -24 -25 25 26 27 28 -30 -31
leaf_value=-3.2305622613705563e-05 0.00031959682984294139 -8.5385208909888463e-05 0.00017057699604164367 0.0001493059833503785 1.184994931889092e-05 -2.5705754348188341e-05 -0.0027509191287415444 -4.7644983947825981e-05 -4.2606870540862207e-06 0.0010516010139266997 -3.0689848170601872e-06 -0.0019224252902203269 0.0048624072525796759 -0.00045329298025762772 7.4517922745965918e-05 -0.00036341151903097961 -0.00033572906495937045 0.0018559423476520627 0.0013823292128975874 0.0028475172164176416 -8.5004295598001278e-05 2.1736054073720826e-06 0.00052769401126053189 0.00018027107569633106 0.00045388337736289308 0.00011336160772027044 -0.002742656847727629 0.0030627327667053506 -0.0018167953345274868 -0.00033108474215979151
leaf_weight=1044 202 6692 631 504 283 533 202 195 950 2040 6268 469 81 1060 7741 1263 6561 1796 3407 759 657 2559 1913 3296 1461 226 1429 135 306 3509
leaf_count=1044 202 6692 631 504 283 533 202 195 950 2040 6268 469 81 1060 7741 1263 6561 1796 3407 759 657 2559 1913 3296 1461 226 1429 135 306 3509
internal_value=-0.00031112 -0.000811415 0.0118892 0.0215351 -0.0108495 -0.0140013 -0.000427231 -0.000414079 0.00233362 0.00018104 -0.00234477 0.000381188 0.000135736 -0.00607735 8.13507e-05 0.00093013 -0.00109673 0.00241646 0.00325665 -0.000294374 0.00597626 0.00264821 0.0073615 0.0037473 -0.00121861 -0.00340829 -0.00909091 -0.0117867 0.000336323 -0.00100503
internal_weight=58172 55885 2287 1135 2055 1577 53830 478 1152 40870 12960 39608 37568 1262 37487 22680 12122 5561 10558 4581 5977 3318 5320 5092 14807 7066 2096 1870 441 4970
internal_count=58172 55885 2287 1135 2055 1577 53830 478 1152 40870 12960 39608 37568 1262 37487 22680 12122 5561 10558 4581 5977 3318 5320 5092 14807 7066 2096 1870 441 4970
is_linear=0
shrinkage=0.05


Tree=119
num_leaves=31
num_cat=0
split_feature=3 3 0 4 7 4 11 12 12 11 3 10 6 5 14 10 13 10 12 2 8 5 12 7 6 8 8 7 6 7
split_gain=141.981 79.5423 64.2311 57.2753 35.5799 28.0086 23.7147 34.0321 21.1023 21.0942 21.0185 20.9004 20.871 19.7349 20.4842 18.8511 32.1561 18.5918 18.5384 18.0203 21.8774 19.6551 19.3513 18.7174 17.9528 17.7664 20.3094 36.5544 29.9966 20.6075
threshold=12.345475196838381 1.7241498827934267 1.0000000180025095e-35 9.7150001525878924 -0.12216648086905478 8.1050000190734881 3.5499999523162846 0.46173103153705602 -0.3172925859689712 3.5499999523162846 2.5927240848541264 0.9238443672657014 950.85000610351574 3.5149999856948857 2.8349999189376835 0.83385404944419872 -0.91597560048103321 0.96359375119209301 0.41467745602130895 19.500000000000004 -0.95444580912590016 2.9083334207534794 -0.97625884413719166 -0.91434583067893971 958.64999389648449 -0.93168920278549183 1.0000000180025095e-35 0.98049062490463268 955.64999389648449 0.98805528879165661
decision_type=2 2 2 2 2 2 2 2 2 2 2 2 2 2 10 2 2 2 2 2 2 2 2 2 2 2 2 2 2 2
left_child=1 6 12 4 8 -6 7 -1 -4 11 -11 15 -2 14 -13 19 18 -14 -17 23 -21 22 -22 -3 -8 -18 28 -28 -27 -30
right_child=2 9 3 -5 5 -7 24 -9 -10 10 -12 13 17 -15 -16 16 25 -19 -20 20 21 -23 -24 -25 -26 26 27 -29 29 -31
leaf_value=-2.9440452246053218e-05 0.00026570546275020982 -0.00062128007915271725 0.00041911974462185975 0.00014184068418285901 0.00014609502409492769 0.0001585795178128957 -3.5660308723789792e-05 -2.6823493574616546e-05 -0.00078750492532501666 7.0792026608667603e-05 -1.8849205205107716e-05 3.4717036096626983e-05 4.4917689472678827e-06 0.0036988351140343268 -0.00021270436124995126 0.0011516504202262717 -0.00086385790264854553 -5.4454446076029898e-05 -0.00025110427746347926 -0.00014890811648280239 0.0014761617950080216 0.0030369234203889558 -3.3357440174827976e-05 -4.7576297640273932e-05 0.00020134812357323689 0.0017778775417064152 -0.00015851442198106403 -0.00028745765455777086 -0.00028740318694252975 0.00078679671757886198
leaf_weight=1058 428 344 86 385 462 665 392 533 218 1417 38034 2243 1305 190 1189 258 293 94 100 544 332 474 2744 1617 85 286 1315 220 668 97
leaf_count=1058 428 344 86 385 462 665 392 533 218 1417 38034 2243 1305 190 1189 258 293 94 100 544 332 474 2744 1617 85 286 1315 220 668 97
internal_value=-0.000270312 -0.00091021 0.00927906 0.0159253 0.0112465 0.0153269 -0.0105162 -0.0134398 -0.0038835 -0.000529884 4.43532e-05 -0.00228346 0.00264738 0.000937414 5.81903e-05 -0.00353878 -0.00661629 -0.000320513 0.00743802 -0.00188944 0 0.0014346 -3.2457e-05 -0.00582401 -0.000726141 -0.00837379 -0.00702431 -0.0106818 -0.0016572 -0.00681818
internal_weight=58076 54433 3643 1816 1431 1127 2068 1591 304 52365 39451 12914 1827 3622 3432 9292 3237 1399 358 6055 4094 3550 3076 1961 477 2879 2586 1535 1051 765
internal_count=58076 54433 3643 1816 1431 1127 2068 1591 304 52365 39451 12914 1827 3622 3432 9292 3237 1399 358 6055 4094 3550 3076 1961 477 2879 2586 1535 1051 765
is_linear=0
shrinkage=0.05


Tree=120
num_leaves=31
num_cat=0
split_feature=3 3 0 9 11 12 8 8 8 8 14 15 11 3 2 9 15 14 6 8 11 8 11 5 9 14 2 15 6 6
split_gain=143.437 85.9171 58.5177 59.8726 26.764 34.2426 16.2506 20.0754 15.7336 35.9419 23.1973 17.8382 15.6597 22.0354 16.9298 22.076 23.9902 26.5532 22.9583 39.8287 29.2981 24.9231 23.0714 30.902 28.4844 22.6106 18.3922 24.8935 28.2309 21.5365
threshold=12.345475196838381 1.7241498827934267 1.0000000180025095e-35 14.244999885559084 3.6499999761581425 0.46173103153705602 0.83042380213737499 -0.13282711803913114 0.83987808227539074 0.35769492387771612 11.784999847412111 63.500000000000007 3.5499999523162846 2.5927240848541264 29.500000000000004 6.9149999618530282 80.500000000000014 4.6150000095367441 946.85000610351574 0.45206801593303686 4.4500000476837167 0.52707284688949596 4.6499998569488534 3.0783332586288457 5.2249999046325692 3.4550000429153447 42.500000000000007 20.500000000000004 942.75000000000011 968.35000610351574
decision_type=2 2 2 8 2 2 2 2 2 2 10 2 2 2 2 8 2 10 2 2 2 2 2 2 10 10 2 2 2 2
left_child=1 4 8 6 5 -1 7 -4 9 -2 -11 -10 -3 -14 15 16 18 -18 19 25 -21 -20 -23 24 -24 -15 29 -28 -29 -16
right_child=2 12 3 -5 -6 -7 -8 -9 11 10 -12 -13 13 14 26 -17 17 -19 21 20 -22 22 23 -25 -26 -27 27 28 -30 -31
leaf_value=-2.8635613388943577e-05 1.6181986683572182e-06 -3.8679890540418982e-05 0.00016158923632364486 0.00013474864997371495 -1.6721912013050943e-07 -2.7192686846322368e-05 0.00027009255378245277 -0.00010587915563555762 -6.9394528868643723e-05 -1.1545514352775954e-05 0.00039998491050639298 4.267493855298066e-05 6.8764990065074352e-05 0.00055388631474775354 -0.00028029714653840521 0.00033943481294594906 7.1136632961200669e-05 -0.001293531682090958 0.00040758666626554576 -0.0006488681967511665 0.0026340487172461565 -0.00066421629889745694 3.1985448632645532e-05 -0.00097352205027403113 0.0103764190032999 -0.0012992660790229851 0.0031288526984018399 -0.0026048804382712617 0.00017374508637363895 -0.0010916923100200524
leaf_weight=1079 1036 12890 533 580 443 552 329 381 341 80 198 178 1447 318 10831 14011 194 443 3286 83 205 462 399 892 180 1883 333 260 4079 204
leaf_count=1079 1036 12890 533 580 443 552 329 381 341 80 198 178 1447 318 10831 14011 194 443 3286 83 205 462 399 892 180 1883 333 260 4079 204
internal_value=-0.000402511 -0.00104627 0.00917782 0.0155088 -0.0110149 -0.013967 0.00925481 0.00576714 0.00285637 0.00576194 0.0215548 -0.00448473 -0.000650701 -0.000156902 -0.000387465 0.0004964 -0.00153892 -0.0108255 -0.000764942 -0.00471131 0.012628 0.00111983 -0.00337977 -0.000304878 0.00864726 -0.00700363 -0.00164524 0.000983536 -3.45304e-05 -0.00275815
internal_weight=58130 54474 3656 1823 2074 1631 1243 914 1833 1314 278 519 52400 39510 38063 22356 8345 637 7708 2489 288 5219 1933 1471 579 2201 15707 4672 4339 11035
internal_count=58130 54474 3656 1823 2074 1631 1243 914 1833 1314 278 519 52400 39510 38063 22356 8345 637 7708 2489 288 5219 1933 1471 579 2201 15707 4672 4339 11035
is_linear=0
shrinkage=0.05


Tree=121
num_leaves=31
num_cat=0
split_feature=3 0 3 9 11 12 6 11 8 7 6 7 7 6 15 15 11 3 9 15 15 10 8 14 2 9 6 14 7 7
split_gain=118.051 89.6343 74.8499 37.7702 24.5991 37.5251 24.448 19.6137 22.2216 50.9291 36.1974 26.6548 29.1669 25.2893 27.0002 24.1983 35.7863 19.7383 22.9963 26.2136 23.2255 31.3162 23.0361 21.5785 19.5791 23.8901 18.8961 34.6534 31.7965 66.7473
threshold=13.166532993316652 1.0000000180025095e-35 1.7241498827934267 14.244999885559084 3.6499999761581425 0.46173103153705602 949.25000000000011 3.5499999523162846 -0.97653719782829274 0.15198152512311938 954.54998779296886 -0.11364490166306494 -0.08797780796885489 949.35000610351574 54.500000000000007 21.500000000000004 8.5500001907348651 2.316846609115601 7.1150000095367441 80.500000000000014 12.500000000000002 0.8038262426853181 0.99916458129882824 4.5250000953674325 4.5000000000000009 9.6050000190734881 960.35000610351574 3.2050000429153447 0.97316074371337902 0.99276849627494823
decision_type=2 2 2 8 2 2 2 2 2 2 2 2 2 2 2 2 2 2 8 2 2 2 2 10 2 10 2 8 2 2
left_child=2 6 4 -3 5 -1 -2 -4 9 11 13 15 -13 -11 -15 -9 -17 -10 19 20 21 -19 -22 -21 25 -20 28 -28 -26 -30
right_child=1 3 7 -5 -6 -7 -8 8 17 10 -12 12 -14 14 -16 16 -18 18 24 23 22 -23 -24 -25 26 -27 27 -29 29 -31
leaf_value=-2.4867550396642706e-05 0.00035198091112157717 0.00014445444745174175 -3.5872499790332199e-05 0.00012801121747502698 1.3870785797289679e-06 -2.4858959628948006e-05 -9.8947472274346641e-06 0.0035137279335466873 7.0431647234480479e-05 0.010443613596112934 0.0079066658360370228 -0.0040514167891010731 1.5815230965887662e-06 -0.002221558111194108 0.011412116365826789 0.0026700699647457839 -0.0018884473647239443 -0.0015372515551515054 0.0045859016838363529 6.6950079976564773e-05 -3.4359342938106163e-05 0.0036327267442320707 -0.00083031151972030219 -0.0012611038288944448 3.3398276864719106e-05 0.0001567188891107088 -0.001807079057659115 0.00027826793639956771 -0.004836072305694418 0.00053721899623431217
leaf_weight=1063 192 620 12943 499 442 541 964 116 748 82 181 169 1463 184 82 414 189 346 750 247 13097 122 187 775 14857 1030 96 4407 529 674
leaf_count=1063 192 620 12943 499 442 541 964 116 748 82 181 169 1463 184 82 414 189 346 750 247 13097 122 187 775 14857 1030 96 4407 529 674
internal_value=-0.000164615 0.0109868 -0.00062075 0.0210409 -0.00999512 -0.0128651 0.00120586 -0.000262604 0.000276074 0.00450607 0.0184457 0.00133701 -0.00219914 0.00878187 0.00110701 0.0093232 0.00518092 -4.62107e-05 -0.000208771 -0.00173895 -0.00116304 -0.0120507 -0.000775077 -0.00944499 0.000803204 0.00582633 0.000367075 0.0032276 -0.00043573 -0.00823675
internal_weight=58009 2275 55734 1119 2046 1604 1156 53688 40745 2880 529 2351 1632 348 266 719 603 37865 37117 14774 13752 468 13284 1022 22343 1780 20563 4503 16060 1203
internal_count=58009 2275 55734 1119 2046 1604 1156 53688 40745 2880 529 2351 1632 348 266 719 603 37865 37117 14774 13752 468 13284 1022 22343 1780 20563 4503 16060 1203
is_linear=0
shrinkage=0.05


Tree=122
num_leaves=31
num_cat=0
split_feature=3 0 3 4 11 12 7 7 10 0 11 7 7 6 8 6 7 8 2 15 9 8 8 12 8 7 6 6 5 15
split_gain=131.978 91.1098 71.5308 40.4209 27.9216 29.2007 25.0832 22.2943 24.3724 20.5537 20.4673 19.8867 32.4641 21.7447 21.4738 18.1292 16.4993 20.7083 15.574 15.3798 17.8573 15.1342 27.529 21.8617 18.2118 35.4748 31.9476 30.7358 19.5611 17.1398
threshold=13.166532993316652 1.0000000180025095e-35 1.7241498827934267 8.055000305175783 3.5499999523162846 0.46173103153705602 -0.29014293849468226 -0.99975964426994313 -0.9099266231060027 1.0000000180025095e-35 5.3500001430511483 -0.97415921092033375 -0.9563411772251128 941.25000000000011 -0.38516426086425776 949.54998779296886 -0.98450490832328785 -0.098678875714540468 13.500000000000002 69.500000000000014 15.605000019073488 0.99805629253387462 0.99960738420486461 -0.25037047266960138 0.98094093799591076 -0.13920918852090833 956.04998779296886 953.54998779296886 4.2049999237060556 38.500000000000007
decision_type=2 2 2 2 2 2 2 2 2 2 2 2 2 2 2 2 2 2 2 2 8 2 2 2 2 2 2 2 2 2
left_child=2 15 4 -3 5 -1 -5 8 -4 10 -9 16 -13 14 -14 -2 17 -11 -6 20 -17 24 -23 -24 -15 -26 27 28 -27 -25
right_child=1 3 7 6 18 -7 -8 9 -10 11 -12 12 13 21 -16 19 -18 -19 -20 -21 -22 22 23 29 25 26 -28 -29 -30 -31
leaf_value=-2.6543160681438349e-05 0.00025921914710511085 -9.1052821696913092e-06 -0.0015196731380245207 0.0003586374184095631 -6.7299801237033109e-05 -2.047670962828461e-05 0.00012161065660127313 -8.171002940090058e-05 0.0020496766035066507 -0.0011077675098611593 4.5569145574630989e-06 -0.0016491352885818996 -0.0010064207256725859 4.0517580118216518e-05 1.6183339729629408e-05 -4.1865576661204166e-05 0.0035817761373653995 0.0017760663596825641 2.6967578935822856e-05 6.7341478233590157e-05 4.6810079278591932e-06 0.0017960732413134844 -0.0012802781883968551 -0.00036174127157231895 -0.001869325248192284 0.00037676196666708002 -0.00084844594958416561 0.0013374721028435732 -0.0032661692170853785 0.0020952747821014412
leaf_weight=1060 207 177 208 145 152 523 804 12995 83 157 14751 409 290 22054 302 493 254 591 320 337 109 280 89 113 205 261 185 227 182 87
leaf_count=1060 207 177 208 145 152 523 804 12995 83 157 14751 409 290 22054 302 493 254 591 320 337 109 280 89 113 205 261 185 227 182 87
internal_value=-0.000204978 0.0115942 -0.000686589 0.0216622 -0.0098301 -0.0130038 0.0257338 -0.000335951 -0.0140203 -0.000260119 -0.00120356 0.000759021 0.000477946 0.00071458 -0.00871022 0.00165074 0.00764647 0.00385126 0.000838574 -0.00132415 -0.00609555 0.000951959 0.00897213 -0.00187075 0.000752628 -0.0056338 -0.00110465 0.004 -0.00368304 0.00731707
internal_weight=58050 2272 55778 1126 2055 1583 949 53723 291 53432 27746 25686 24684 24275 592 1146 1002 748 472 939 602 23683 569 289 23114 1060 855 670 443 200
internal_count=58050 2272 55778 1126 2055 1583 949 53723 291 53432 27746 25686 24684 24275 592 1146 1002 748 472 939 602 23683 569 289 23114 1060 855 670 443 200
is_linear=0
shrinkage=0.05


Tree=123
num_leaves=31
num_cat=0
split_feature=3 0 3 9 10 11 7 6 6 7 4 6 7 7 15 5 3 5 10 11 10 13 7 15 7 4 9 7 6 11
split_gain=138.989 61.6343 60.7854 58.3268 18.3749 18.3095 25.5667 18.2848 17.6007 16.7782 14.4546 13.7638 13.4793 13.7549 13.2671 13.3207 13.5111 22.7959 16.0478 29.1742 29.7396 34.0414 59.8399 56.847 41.9708 34.1969 32.2035 36.1703 46.6766 33.8861
threshold=12.345475196838381 1.0000000180025095e-35 1.6630246639251711 14.244999885559084 0.96359375119209301 3.6499999761581425 -0.66248837113380421 946.04998779296886 956.14999389648449 0.01504978956654668 1.9249999523162844 978.04998779296886 0.98372149467468273 -0.52458885312080372 96.500000000000014 9.1316666603088397 2.4375712871551518 2.0049999952316289 -0.95878320932388295 6.3500001430511483 -0.72534674406051625 -0.37940952181816096 -0.41079147160053248 32.500000000000007 -0.72434747219085682 7.6549999713897714 6.6250000000000009 0.93244570493698131 958.75000000000011 10.250000000000002
decision_type=2 2 2 8 2 2 2 2 2 2 2 2 2 2 2 2 2 2 2 2 2 2 2 2 2 2 10 2 2 2
left_child=2 7 5 4 12 6 -1 -2 -7 -5 -8 14 13 -3 15 16 17 -4 -18 -20 26 24 -23 -24 -22 -26 29 -28 -29 -21
right_child=1 3 11 9 -6 8 10 -9 -10 -11 -12 -13 -14 -15 -16 -17 18 -19 19 20 21 22 23 -25 25 -27 27 28 -30 -31
leaf_value=0.00012674025768847022 0.0010400211654666592 -0.0035298519904526427 1.1647646125777495e-06 0.00016260586536964163 0.00015309220923842017 -7.7402817480669219e-05 -2.5335798287312759e-05 4.4469575314676216e-06 0.00019498579910531889 0.00011553012377120697 2.049859962205067e-06 0.0033180041886256978 -0.00054686913360644238 0.00015895784642394053 0.0012168701059181752 0.0011381765048350313 -0.00019930995303636047 0.00019478684398288628 -8.284522807468255e-05 -0.0016916262785153927 -0.0012461161601305169 0.001586491171093786 -0.0012531971615001901 8.2421857277981827e-05 0.0015872940474829817 -0.0002830439637217186 0.00073293219396001477 -0.0074740924081140485 0.00063708912206947722 0.0048672030200592438
leaf_weight=261 84 133 2836 151 97 301 1104 1727 80 425 80 108 110 908 224 107 13056 589 21880 1094 558 1882 1063 2870 2864 246 2652 204 206 159
leaf_count=261 84 133 2836 151 97 301 1104 1727 80 425 80 108 110 908 224 107 13056 589 21880 1094 558 1882 1063 2870 2864 246 2652 204 206 159
internal_value=-0.000297086 0.00916209 -0.000929651 0.015637 0.00949721 -0.00988531 -0.0124483 0.00261564 -0.000129534 0.0287435 -0.0155593 -0.000617835 0.00765571 0.00941683 -0.000655301 -0.000707849 -0.000744767 0.00228863 -0.000958165 -0.000409158 0.001391 0.00295637 0.000575601 -0.00293296 0.00672475 0.00898876 -0.00204861 0.000717313 -0.013012 -0.00878378
internal_weight=58059 3635 54424 1824 1248 1826 1445 1811 381 576 1184 52598 1151 1041 52490 52266 52159 3425 48734 35678 13798 9483 5815 3933 3668 3110 4315 3062 410 1253
internal_count=58059 3635 54424 1824 1248 1826 1445 1811 381 576 1184 52598 1151 1041 52490 52266 52159 3425 48734 35678 13798 9483 5815 3933 3668 3110 4315 3062 410 1253
is_linear=0
shrinkage=0.05


Tree=124
num_leaves=31
num_cat=0
split_feature=3 3 1 9 6 14 7 7 7 6 3 12 7 10 13 15 7 8 7 7 7 6 7 8 8 13 15 4 12 6
split_gain=121.515 60.8141 56.3717 62.3675 22.2541 21.5889 21.1971 24.2102 21.1228 22.5951 17.9526 35.4093 29.3729 26.2563 28.0496 19.7274 48.2536 33.1884 32.3707 90.4953 75.3097 44.8741 42.6553 55.1591 57.3999 38.2325 37.8214 36.892 41.365 33.8242
threshold=12.466289043426515 1.7241498827934267 1.0000000180025095e-35 14.244999885559084 947.25000000000011 1.8350000381469729 0.91258591413497936 0.58534687757492077 0.95506030321121227 961.45001220703136 3.2744170427322392 -0.5663846731185912 0.93554237484931957 -0.80382624268531788 1.0000000180025095e-35 40.500000000000007 0.98372149467468273 0.96962100267410289 0.46105717122554785 0.49128657579422003 0.51358211040496837 943.75000000000011 0.16894881427288058 -0.98009455204009999 -0.89706552028655995 -0.37940952181816096 47.500000000000007 3.304999947547913 0.30069434642791754 953.95001220703136
decision_type=2 2 2 8 2 10 2 2 2 2 2 2 2 2 2 2 2 2 2 2 2 2 2 2 2 2 2 2 2 2
left_child=1 5 3 -2 -4 -1 7 -6 -8 -10 11 12 13 14 -3 16 17 -12 22 -20 -21 -22 -17 -24 26 27 -25 -23 29 -29
right_child=2 10 4 -5 6 -7 8 -9 9 -11 15 -13 -14 -15 -16 18 -18 -19 19 20 21 25 23 24 -26 -27 -28 28 -30 -31
leaf_value=-2.5355026753931793e-05 0.00011966894881986768 6.2842784301286696e-05 0.00068885134101230876 0.00010975361758264746 8.361386835797902e-07 -1.6400366611652242e-06 0.00021666205313873311 -5.8984273742690445e-05 -0.00022729581776583242 0.00033159049508454664 -0.00015035591737460957 2.7914820618641508e-05 -0.00014338532988141989 0.00032507125254457284 -0.00026371559587686898 3.4980829408988444e-05 -0.0045121929914017705 -0.00097236284423122545 -0.0026108265917802521 0.0039753825299104822 0.019205895548498133 -0.00034249445571078626 0.012039642402780019 0.0021289905871931746 0.0029203975679072364 -0.00034512630214736248 -0.0014355070118656551 -0.0040645592219661414 0.003382878519188687 0.00026004736120059381
leaf_weight=1519 1136 476 119 550 941 545 228 189 156 90 19884 5876 267 1068 541 6737 92 1603 453 361 85 1223 149 249 1726 7687 682 197 1290 1947
leaf_count=1519 1136 476 119 550 941 545 228 189 156 90 19884 5876 267 1068 541 6737 92 1603 453 361 85 1223 149 249 1726 7687 682 197 1290 1947
internal_value=-0.0002032 -0.000774761 0.00894845 0.0154347 0.00257523 -0.00918318 0.000994406 -0.00273128 0.00981211 -0.000398406 -0.000443933 0.00170047 -0.003479 -0.00145933 -0.00719178 -0.000841785 -0.00192504 -0.00176577 0.000184283 -0.00141531 -0.00063306 -0.00129082 0.00240364 0.00757737 0.00587904 -0.00154668 -0.00411325 0.00202703 0.00468159 0.000418799
internal_weight=58066 54657 3409 1686 1723 2064 1604 1130 474 246 52593 8228 2352 2085 1017 44365 21579 21487 22786 13243 12790 12429 9543 2806 2657 12344 931 4657 3434 2144
internal_count=58066 54657 3409 1686 1723 2064 1604 1130 474 246 52593 8228 2352 2085 1017 44365 21579 21487 22786 13243 12790 12429 9543 2806 2657 12344 931 4657 3434 2144
is_linear=0
shrinkage=0.05


Tree=125
num_leaves=31
num_cat=0
split_feature=3 0 3 4 7 10 0 15 5 5 8 6 4 6 10 8 7 15 6 8 15 4 5 3 4 7 11 10 8 8
split_gain=106.772 53.2842 51.4693 46.3419 36.501 19.6174 18.2731 18.498 17.707 18.8408 16.7006 16.4679 16.5189 16.8176 17.6295 16.7064 16.349 15.9644 24.9289 21.9352 19.1853 16.639 25.2692 16.4515 15.698 22.5065 19.9323 17.0214 16.4017 24.628
threshold=12.345475196838381 1.0000000180025095e-35 1.6630246639251711 8.7349996566772479 -0.29014293849468226 -0.96359375119209278 1.0000000180025095e-35 36.500000000000007 1.4583333730697634 1.8816666603088381 -0.99960738420486439 949.54998779296886 7.6150000095367441 964.35000610351574 0.88697704672813427 0.14153897762298587 -0.77000474929809559 75.500000000000014 954.95001220703136 0.92530733346939098 83.500000000000014 5.1349999904632577 5.3150000572204599 6.4228332042694101 8.1050000190734881 0.26952958106994634 4.9500000476837167 0.94260558485984813 -0.97653719782829274 -0.99532556533813465
decision_type=2 2 2 2 2 2 2 2 2 2 2 2 2 2 2 2 2 2 2 2 2 2 2 2 2 2 2 2 2 2
left_child=2 11 8 5 -5 -3 24 -8 16 -10 -9 -2 -13 14 -14 -15 -1 -12 20 21 23 -20 -23 -19 26 -26 -4 -27 29 -28
right_child=1 3 6 4 -6 -7 7 10 9 -11 17 12 13 15 -16 -17 -18 18 19 -21 -22 22 -24 -25 25 27 28 -29 -30 -31
leaf_value=2.5072841660424979e-05 0.00026157402109154294 -0.00052165635843635092 -7.4645567291019811e-05 -9.7130495163771924e-05 0.00010426593670351259 0.0001632469733465647 -5.7918716325698665e-05 0.0043866513814344978 1.1988898036621298e-05 -0.00014916598139079278 0.0001748424043088337 0.00078584510295501286 -6.1007110296551486e-06 -2.4986503479318414e-07 -6.3739434991105792e-05 0.00018612584378485675 -2.2801257035250534e-05 0.00014031500256385886 -2.0214849868897736e-05 -0.0034865262458600326 -0.0013004995336764618 0.0066328412673531574 -0.00019199189924299921 -0.0034575883373224345 -0.00024105868942767562 -0.0005061047538710673 -0.0004378931805336661 -0.00035712828813473933 -5.9161030858867482e-05 0.0024775541468001873
leaf_weight=217 301 225 11858 145 711 737 10380 91 329 130 11535 213 761 160 305 81 1144 181 1613 104 335 330 377 246 552 110 415 115 13727 643
leaf_count=217 301 225 11858 145 711 737 10380 91 329 130 11535 213 761 160 305 81 1144 181 1613 104 335 330 377 246 552 110 415 115 13727 643
internal_value=-0.000231593 0.00805434 -0.00078623 0.0140976 0.0225319 0.00651499 -0.000499838 0.000472278 -0.0090411 -0.000538793 0.00160626 0.0019989 -0.000131148 -0.00224848 -0.00494865 0.00955285 -0.011896 0.00147019 -0.00166092 0.000823384 -0.0095176 0.00184946 0.00821629 -0.00243056 -0.00139289 -0.00837596 -0.00118771 -0.0215217 3.71873e-05 0.0060207
internal_weight=58071 3639 54432 1818 856 962 52612 25192 1820 459 14812 1821 1520 1307 1066 241 1361 14721 3186 2424 762 2320 707 427 27420 777 26643 225 14785 1058
internal_count=58071 3639 54432 1818 856 962 52612 25192 1820 459 14812 1821 1520 1307 1066 241 1361 14721 3186 2424 762 2320 707 427 27420 777 26643 225 14785 1058
is_linear=0
shrinkage=0.05


Tree=126
num_leaves=31
num_cat=0
split_feature=3 0 4 3 7 11 6 0 15 7 7 11 7 7 3 12 11 4 3 5 9 4 15 7 7 8 8 6 7 12
split_gain=118.144 56.7797 54.7533 52.3806 31.4065 21.8761 17.1681 16.2926 23.7985 15.3923 23.8136 14.3003 15.4888 14.0251 13.8287 21.5545 15.5886 18.3399 19.509 18.5166 13.4419 21.8119 20.4043 29.3102 41.8599 20.5611 19.5266 19.6588 19.0008 29.2323
threshold=12.345475196838381 1.0000000180025095e-35 8.7349996566772479 1.7241498827934267 0.049410874024033553 14.949999809265138 946.04998779296886 1.0000000180025095e-35 24.500000000000004 0.98049062490463268 0.88234141469001781 3.5499999523162846 -0.66248837113380421 -0.85912638902664173 2.316846609115601 -0.64942333102226246 6.2500000000000009 7.8949999809265146 9.3763051033020037 8.4149999618530291 2.9050000905990605 2.8349999189376835 90.500000000000014 0.59919759631156932 0.56424301862716686 0.10738035291433336 0.97745609283447277 945.95001220703136 0.72731766104698192 0.04361772537231446
decision_type=2 2 2 2 2 2 2 2 2 2 2 2 2 2 2 2 2 2 2 2 10 2 2 2 2 2 2 2 2 2
left_child=3 6 -3 9 5 -4 -2 14 -9 10 11 12 13 -1 15 -5 20 -18 -19 -20 21 -16 23 24 26 28 27 -22 29 -25
right_child=1 2 4 7 -6 -7 -8 8 -10 -11 -12 -13 -14 -15 16 -17 17 18 19 -21 22 -23 -24 25 -26 -27 -28 -29 -30 -31
leaf_value=-0.00018675414450281233 0.00092128564279413128 0.00013300445742086552 -0.00087810171474831398 -9.0069254877869686e-05 9.8844612403481419e-05 0.00014553044591067711 6.3846385959243079e-06 -0.00016879323865964411 6.3678687854012636e-05 -7.2503192779586071e-05 5.6775160974122633e-05 -5.6588024728398793e-06 -2.3835520770698355e-05 0.0024081152508320888 -8.0123960939173806e-06 3.7190042192039591e-05 0.00010510904829468815 0.0034746515640884518 -0.00036650431819815757 0.00030610211986058515 -0.00055592865587924417 0.0040813621887439309 0.0015919100082654753 0.00032635251549538793 0.010722134874123962 -0.00082170010938842526 -0.0009281785781514334 3.0408069875345613e-05 -0.00014219817781396463 -0.003005431076213083
leaf_weight=181 90 949 87 378 518 260 1761 4563 20507 80 149 458 1069 98 2652 953 10441 110 717 193 2097 229 192 143 119 1427 659 4925 1826 302
leaf_count=181 90 949 87 378 518 260 1761 4563 20507 80 149 458 1069 98 2652 953 10441 110 717 193 2097 229 192 143 119 1427 659 4925 1826 302
internal_value=-5.93416e-05 0.00862398 0.0148983 -0.000644356 0.0239655 0.0120739 0.00245151 -0.000338495 0.000582253 -0.0085049 -0.00757653 -0.00916621 -0.0117517 -0.00123239 -0.00118204 0.00377994 -0.00143642 -5.66893e-05 -0.00643902 -0.00885246 -0.00252127 0.000537076 -0.0032749 -0.0035469 -0.00180653 -0.00721037 -0.00227036 -0.00149424 -0.00423989 -0.0134444
internal_weight=58133 3665 1814 54468 865 347 1851 52433 25070 2035 1955 1806 1348 279 27363 1331 26032 11461 1020 910 14571 2881 11690 11498 7800 3698 7681 7022 2271 445
internal_count=58133 3665 1814 54468 865 347 1851 52433 25070 2035 1955 1806 1348 279 27363 1331 26032 11461 1020 910 14571 2881 11690 11498 7800 3698 7681 7022 2271 445
is_linear=0
shrinkage=0.05


Tree=127
num_leaves=31
num_cat=0
split_feature=3 0 9 3 7 7 14 12 7 7 13 7 8 6 8 11 12 9 9 12 3 5 4 14 7 6 8 8 13 8
split_gain=101.628 55.8577 59.02 47.3059 21.4087 20.9948 23.8387 19.9705 19.0064 17.2521 21.0683 18.0628 29.1615 35.415 17.0973 16.0473 17.5265 15.9725 18.8724 15.5151 17.1639 19.096 17.3727 25.9416 16.1921 15.5225 37.51 46.4557 31.4887 21.6753
threshold=12.466289043426515 1.0000000180025095e-35 14.244999885559084 1.7241498827934267 -0.5677773356437682 0.91258591413497936 11.784999847412111 -0.061046212911605828 0.01504978956654668 -0.99975964426994313 -0.37940952181816096 -0.99842980504035939 -0.030073020607233044 942.25000000000011 0.89896130561828624 3.6499999761581425 0.46173103153705602 14.244999885559084 16.054999351501468 0.9170251488685609 2.4773434400558476 3.2083333730697636 3.304999947547913 3.0849999189376835 -0.38713158667087549 941.25000000000011 -0.38516426086425776 -0.38118652999401087 0.37940952181816107 0.073094449937343611
decision_type=2 2 8 2 2 2 10 2 2 2 2 2 2 2 2 2 2 8 8 2 2 2 2 10 2 2 2 2 2 2
left_child=3 4 14 15 -2 7 -7 17 -4 10 -5 12 -11 -14 -3 16 -1 -6 -19 25 -21 22 23 -22 -23 26 -13 -28 29 -29
right_child=1 2 8 9 5 6 -8 -9 -10 11 -12 19 13 -15 -16 -17 -18 18 -20 20 21 24 -24 -25 -26 -27 27 28 -30 -31
leaf_value=-2.0618760073552127e-05 0.00042510103404094779 7.7962692542915549e-05 0.00013273879399630374 0.00036147634954826344 7.1561190624977461e-05 0.00039074939327429504 3.5421740295027427e-06 -4.3070396125360899e-05 9.411040924816039e-05 -0.000929664838901307 -0.0014152406638682819 -0.0010513452578395884 0.010269190372800094 0.00073950823500668202 0.00021919780367313791 2.0590468890011039e-06 -1.6989520948348241e-05 -6.2466581432374382e-05 9.0029288785098416e-06 0.00027406132191099382 0.0017030084612421994 0.00076592355762996472 -0.00083013942757787201 -0.00020691916360681103 0.0043868942595981664 -2.0352899519082441e-05 0.01325381552547868 0.0010612863467701628 -0.00069834780338806158 -0.00091609315089484413
leaf_weight=1071 180 867 158 110 336 166 335 492 414 142 173 535 137 198 258 457 543 134 80 334 102 216 156 181 97 49008 80 640 333 164
leaf_count=1071 180 867 158 110 336 166 335 492 414 142 173 535 137 198 258 457 543 134 80 334 102 216 156 181 97 49008 80 640 333 164
internal_value=-0.000238374 0.00811679 0.0145417 -0.000761677 0.00176505 -0.000161499 0.00820158 -0.00420248 0.0275563 -0.000469484 -0.0126736 -0.00040227 0.00923237 0.0172059 0.00783186 -0.00816474 -0.0105003 0.00234234 -0.00821918 -0.000491794 0.00540788 0.0011889 -0.00551802 0.00190972 0.0105346 -0.000618536 -0.0052362 -0.000368249 -0.00302102 0.00234858
internal_weight=58097 3420 1697 54677 1723 1543 501 1042 572 52606 283 52323 477 335 1125 2071 1614 550 214 51846 1086 752 439 283 313 50760 1752 1217 1137 804
internal_count=58097 3420 1697 54677 1723 1543 501 1042 572 52606 283 52323 477 335 1125 2071 1614 550 214 51846 1086 752 439 283 313 50760 1752 1217 1137 804
is_linear=0
shrinkage=0.05


Tree=128
num_leaves=31
num_cat=0
split_feature=3 0 3 9 7 7 5 15 4 3 12 7 5 8 8 12 14 8 13 10 13 15 7 14 15 7 3 8 8 10
split_gain=107.393 81.1002 45.0561 37.4821 21.5959 14.7519 15.0167 17.3174 13.9634 12.9824 32.8564 32.4863 23.7675 38.5696 23.2141 42.2754 31.6203 24.9198 22.76 22.1713 22.1716 20.335 30.243 28.3228 19.6862 25.4992 19.7806 19.2376 37.3411 30.6262
threshold=13.166532993316652 1.0000000180025095e-35 1.7241498827934267 14.244999885559084 -0.036512531340122216 -0.52458885312080372 7.8450000286102304 64.500000000000014 8.055000305175783 3.2359871864318852 -0.53727915883064259 0.94431108236312877 3.2516666650772099 0.99960738420486461 0.86458376049995433 -0.47714059054851526 9.1350002288818377 0.83987808227539074 -0.7865660786628722 -0.80382624268531788 0.12940952181816109 54.500000000000007 0.28604298830032354 5.0350000858306894 19.500000000000004 -0.94573098421096791 4.1443219184875497 0.99805629253387462 0.99683821201324474 -0.97988739609718312
decision_type=2 2 2 8 2 2 2 2 2 2 2 2 2 2 2 2 10 2 2 2 2 2 2 10 2 2 2 2 2 2
left_child=2 5 -1 8 -5 -2 -7 -8 -3 10 11 19 13 14 16 18 17 24 -16 20 -4 22 -17 -23 25 -11 -27 28 -14 -29
right_child=1 3 9 4 -6 6 7 -9 -10 12 -12 -13 27 -15 15 21 -18 -19 -20 -21 -22 23 -24 -25 -26 26 -28 29 -30 -31
leaf_value=-1.3982580344072162e-05 0.00035013311847608699 -9.0510666360399394e-06 4.4357484023518567e-05 0.00012986113239149555 8.9404888785754588e-05 0.00019740071776868653 -3.8118258180436242e-05 2.3750796028637613e-05 0.00012621727338562873 -0.0014784342189813056 2.8810380548943608e-05 -0.00014484985970670845 1.3992685726563203e-05 -0.0012434089889212412 -0.00093166995739283687 -0.00060254534342054082 -0.0055627458797922373 -0.0015093404986528352 0.0039778021755623779 0.00027336761406266319 -0.00023735120000945755 5.5415413540647802e-05 0.0017182608621047802 0.0058767085639319528 -0.00018229117733026062 4.6208512898959693e-06 0.0031976848112969581 -0.00080498752721281936 -0.004341652302335978 0.0016137765167245051
leaf_weight=2081 152 169 509 147 377 224 463 303 446 100 5605 249 29900 127 124 919 90 220 507 1056 548 372 146 112 11771 242 273 152 112 506
leaf_count=2081 152 169 509 147 377 224 463 303 446 100 5605 249 29900 127 124 919 90 220 507 1056 548 372 146 112 11771 242 273 152 112 506
internal_value=-0.00014481 0.0104768 -0.000580519 0.0198864 0.0296786 0.00104621 -0.00120603 -0.00453956 0.011371 -0.000300121 0.00156172 -0.00337981 -0.000625027 -0.00225546 -0.00201599 0.002746 -0.00283442 -0.00261676 0.0136006 -0.00134561 -0.00645009 -0.00170528 -0.00556075 0.00674847 -0.0023162 0.00637097 0.0108654 0.000172779 -1.33258e-05 0.00859729
internal_weight=58002 2281 55721 1139 524 1142 990 766 615 53640 7967 2362 45673 15003 14876 2180 12696 12606 631 2113 1057 1549 1065 484 12386 615 515 30670 30012 658
internal_count=58002 2281 55721 1139 524 1142 990 766 615 53640 7967 2362 45673 15003 14876 2180 12696 12606 631 2113 1057 1549 1065 484 12386 615 515 30670 30012 658
is_linear=0
shrinkage=0.05


Tree=129
num_leaves=31
num_cat=0
split_feature=3 3 0 9 7 7 7 14 8 11 7 10 9 12 0 11 7 7 9 6 6 8 6 8 6 4 10 6 7 6
split_gain=98.8668 42.9089 41.5987 63.2425 19.9674 17.9424 17.5391 17.1538 17.3522 16.8791 15.6075 15.5322 15.1387 15.0045 14.3089 18.4141 16.0336 24.7999 19.4244 18.3804 21.9804 19.8478 15.9739 14.6065 14.1577 14.0953 20.0638 35.7871 13.0891 13.0183
threshold=12.345475196838381 1.5227588415145876 1.0000000180025095e-35 14.244999885559084 -0.5677773356437682 0.91258591413497936 0.98372149467468273 10.984999656677248 0.3253390789031983 17.44999980926514 -0.23208956420421598 0.96811076998710643 12.184999942779543 -0.38266885280609125 1.0000000180025095e-35 4.9500000476837167 -0.1985165476799011 -0.17316619306802747 1.7400000095367434 945.85000610351574 952.35000610351574 -0.16681838035583493 957.54998779296886 0.82072415947914135 948.95001220703136 7.8949999809265146 0.94260558485984813 950.64999389648449 -0.83160412311553944 947.64999389648449
decision_type=2 2 2 8 2 2 2 10 2 2 2 2 8 2 2 2 2 2 8 2 2 2 2 2 2 2 2 2 2 2
left_child=1 -1 4 6 9 12 11 -7 -9 -2 -5 13 -6 -4 15 16 19 -18 -19 -3 21 28 23 -22 -15 -17 -27 -28 -21 -16
right_child=2 14 3 10 5 7 -8 8 -10 -11 -12 -13 -14 24 29 25 17 18 -20 20 22 -23 -24 -25 -26 26 27 -29 -30 -31
leaf_value=-1.7578304694279308e-05 0.00025349226741699926 -0.00018373637695545154 0.00031062131345847014 0.00011950512441299965 0.00019829303716844271 0.00038597421924818631 -0.0006111754874020104 -1.2513922608894946e-05 0.00040251849936289721 0.00046720903641758738 8.4934644346468255e-05 0.00012486105029119177 -2.5398818301541894e-05 -0.0034730091897310525 -0.00012238600659811216 4.5413547489705014e-05 -0.0010209359474984134 1.7306537052934683e-05 -0.00012932582617598511 0.0062908735862542229 -0.00052899982510781697 2.0297884343673055e-05 0.00087289194911153415 5.7019644337649985e-05 9.1869297120783513e-05 -8.8140870913244736e-06 0.00056014771857063332 -0.00034929457024253933 0.0004745232465685822 4.5092398721509681e-05
leaf_weight=1352 113 2233 115 84 182 130 109 320 92 81 481 80 923 119 5950 14565 105 781 6104 87 347 1256 92 157 813 647 118 268 918 19483
leaf_count=1352 113 2233 115 84 182 130 109 320 92 81 481 80 923 119 5950 14565 105 781 6104 87 347 1256 92 157 813 647 118 268 918 19483
internal_value=-4.56032e-05 -0.000579239 0.00792432 0.0133167 0.0026273 0.000817191 0.0069299 0.00822669 0.00311751 0.0175879 0.0271053 0.00878975 -0.00283784 0.00708175 -0.000354884 -0.00114149 -0.00260654 -0.00416011 -0.00378084 -0.00047105 0.00218379 0.00443513 -0.0063228 -0.00982318 0.00490928 -6.40902e-06 -0.00563584 -0.014578 0.00965347 0.000501219
internal_weight=58105 54463 3642 1801 1841 1647 1236 542 412 194 565 1127 1105 1047 53111 27678 12080 6990 6885 5090 2857 2261 596 504 932 15598 1033 386 1005 25433
internal_count=58105 54463 3642 1801 1841 1647 1236 542 412 194 565 1127 1105 1047 53111 27678 12080 6990 6885 5090 2857 2261 596 504 932 15598 1033 386 1005 25433
is_linear=0
shrinkage=0.05


Tree=130
num_leaves=31
num_cat=0
split_feature=5 0 3 7 7 3 10 9 12 15 6 7 13 7 7 13 15 9 7 5 5 6 3 7 7 10 7 12 4 3
split_gain=94.7146 54.6843 35.0392 30.0869 28.9248 22.7606 28.482 22.1338 22.6123 17.0645 18.2943 16.4121 17.8848 21.0787 14.1338 14.0274 18.4549 13.6868 17.3895 14.2569 22.7314 20.5524 19.938 17.2581 16.978 15.4652 19.1075 13.4105 13.2455 12.3324
threshold=8.8383336067199725 1.0000000180025095e-35 1.7241498827934267 -0.5677773356437682 0.049410874024033553 12.345475196838381 -0.98321744799613942 14.09500026702881 -0.28400452435016627 42.500000000000007 953.64999389648449 0.01504978956654668 -1.0000000180025095e-35 0.71541279554367077 0.91258591413497936 0.60355338454246532 63.500000000000007 1.5549999475479128 -0.98134601116180409 2.0049999952316289 1.8816666603088381 953.95001220703136 3.2359871864318852 -0.27364997565746302 -0.87620967626571644 0.87032255530357372 0.2027285918593407 0.095842104405164733 8.1449999809265154 16.643279075622562
decision_type=2 2 2 2 2 2 2 8 2 2 2 2 2 2 2 2 2 8 2 2 2 2 2 2 2 2 2 2 2 2
left_child=2 3 -1 -2 -3 17 -7 8 28 -9 -11 -10 -13 -14 -15 -16 -17 18 27 20 -20 -22 23 24 -21 26 -24 -4 -8 -6
right_child=1 4 5 -5 29 6 7 9 11 10 -12 12 13 14 15 16 -18 -19 19 22 21 -23 25 -25 -26 -27 -28 -29 -30 -31
leaf_value=-1.4562000649013218e-05 0.00039388047320326747 0.00012973992131550539 -0.00072296252321337991 -6.3599020406701628e-06 8.0687912129145944e-05 -0.0010180763360875201 0.00086969895125972867 3.5614712753340162e-05 -0.0004646955680377568 7.7383126606744851e-05 0.00021602755721440714 0.00016823975946740345 0.00012010739011064087 -0.00084991051898398182 -0.00044146243830796576 0.00040460232619758121 -0.00054402380380734201 -3.6905839784438746e-05 1.5798190451890658e-05 0.00098649922236435854 0.00010205687475160299 -0.00016417284687620369 6.5597548323595434e-05 0.00078047077068014884 -9.3917772228498814e-05 0.00096213119104242122 -0.0014519331867586293 9.7127139779941765e-05 2.2701069184546951e-05 7.01339587257821e-05
leaf_weight=2037 170 488 87 792 377 161 194 186 148 118 168 287 159 127 122 88 103 49098 1630 112 84 104 217 231 135 201 92 89 90 94
leaf_count=2037 170 488 87 792 377 161 194 186 148 118 168 287 159 127 122 88 103 49098 1630 112 84 104 217 231 135 201 92 89 90 94
internal_value=-7.67321e-05 0.0108255 -0.000451198 0.00237849 0.0192427 -0.000208195 0.00508691 0.00690808 0.00355253 0.0161426 0.0237113 9.62464e-05 0.0026936 -0.0022351 -0.00786517 -0.00204403 0.00637755 -0.000407027 0.00287914 0.00384205 0.0012068 -0.0150259 0.00866062 0.015942 0.00654762 0.00174757 -0.00525478 -0.0121547 0.015917 0.0280462
internal_weight=57989 1921 56068 962 959 54031 1951 1790 1318 472 286 1034 886 599 440 313 191 52080 2982 2806 1818 188 988 478 247 510 309 176 284 471
internal_count=57989 1921 56068 962 959 54031 1951 1790 1318 472 286 1034 886 599 440 313 191 52080 2982 2806 1818 188 988 478 247 510 309 176 284 471
is_linear=0
shrinkage=0.05


Tree=131
num_leaves=31
num_cat=0
split_feature=3 0 9 3 7 8 6 6 8 10 12 5 10 11 6 8 8 7 7 7 6 8 12 13 11 7 8 12 13 7
split_gain=116.51 68.6629 34.7176 33.4411 18.8507 16.4223 15.3377 18.5866 15.22 16.0638 15.9359 13.516 18.8197 14.5842 13.5797 48.8854 72.0624 54.5746 36.4877 83.6589 54.3789 36.8503 93.4116 33.0022 30.2117 26.9266 39.3991 25.2872 18.7183 18.3816
threshold=13.166532993316652 1.0000000180025095e-35 14.244999885559084 1.5227588415145876 -0.5677773356437682 -0.93168920278549183 965.75000000000011 949.75000000000011 -0.16681838035583493 0.43049471080303198 -0.5663846731185912 8.8383336067199725 -0.99687939882278431 16.349999427795414 959.25000000000011 0.88933694362640392 0.84908413887023937 0.35120280086994177 0.97316074371337902 0.99276849627494823 949.14999389648449 0.15855792164802554 0.26722820103168493 -0.37940952181816096 8.0500001907348651 0.96693778038024913 0.22611359506845477 0.19936034083366397 -1.0000000180025095e-35 0.98049062490463268
decision_type=2 2 8 2 2 2 2 2 2 2 2 2 2 2 2 2 2 2 2 2 2 2 2 2 2 2 2 2 2 2
left_child=3 4 -3 5 -2 -1 7 -6 9 -7 -10 14 -13 -14 18 16 -16 -17 25 21 -21 29 -23 -22 -25 -5 -27 -19 -28 -20
right_child=1 2 -4 11 6 8 -8 -9 10 -11 -12 12 13 -15 15 17 -18 27 19 20 23 22 -24 24 -26 26 28 -29 -30 -31
leaf_value=-2.5218368439296116e-05 0.00030025782552126626 9.2806468011980006e-05 7.6653516522690043e-05 -2.6234812411074506e-05 0.00016890727696501352 -2.1456241239761666e-05 0.00015266938118293496 -2.1306167801621315e-05 -9.9625048546231944e-05 6.0024860729421263e-05 -4.5612253524601914e-06 0.00057704723424124589 0.00020375472749175618 -0.00023838778929009542 1.2772729059593123e-05 0.00021433889922282089 -0.00091106133057194125 0.0067098845584182831 -0.002753828076342584 0.0067172388929080066 0.0018823854186809459 -0.0020093133567143906 0.0034204230623587442 -8.676668481351746e-05 -0.0053505796615548945 0.0044881676704418899 0.0023143282821591368 0.00035487968233635094 -0.001297761020190114 -0.0089922550395248723
leaf_weight=207 130 611 503 39871 155 320 105 744 173 236 430 100 274 145 10564 794 286 177 188 138 376 138 186 463 102 155 81 87 82 251
leaf_count=207 130 611 503 39871 155 320 105 744 173 236 430 100 274 145 10564 794 286 177 188 138 376 138 186 463 102 155 81 87 82 251
internal_value=-6.88741e-06 0.0111407 0.0199285 -0.000456752 0.0024583 -0.00816922 9.9108e-05 -0.00204646 -0.00579897 0.000178253 -0.0112664 -0.000262564 0.00772901 0.00294811 -0.000340168 0.00115 0.000147398 0.0113829 -0.000762442 -0.007634 0.00133764 -0.0202474 -0.00729483 -0.00301268 -0.010614 -0.000446584 0.0139319 0.030855 -0.00327381 -0.0296171
internal_weight=58072 2248 1114 55824 1134 1366 1004 899 1159 556 603 54458 519 419 53939 11908 10850 1058 42031 1842 1079 763 324 941 565 40189 318 264 163 439
internal_count=58072 2248 1114 55824 1134 1366 1004 899 1159 556 603 54458 519 419 53939 11908 10850 1058 42031 1842 1079 763 324 941 565 40189 318 264 163 439
is_linear=0
shrinkage=0.05


Tree=132
num_leaves=31
num_cat=0
split_feature=3 0 9 3 5 6 3 12 7 10 3 4 3 6 5 6 7 14 10 8 13 7 7 4 12 13 13 5 6 11
split_gain=89.3154 51.114 57.5856 29.5501 17.7678 17.0297 15.965 24.976 29.3873 19.6 19.7558 15.9486 23.4901 15.9481 32.5513 23.1022 19.7245 32.8649 17.1675 15.5084 31.4928 18.7083 15.1368 14.8979 17.4161 14.805 14.8015 13.6253 14.5112 13.4818
threshold=12.466289043426515 1.0000000180025095e-35 14.244999885559084 1.7241498827934267 9.1316666603088397 947.64999389648449 3.2744170427322392 -0.5663846731185912 0.93554237484931957 -0.80382624268531788 1.9665348529815676 1.5900000333786013 2.7582964897155766 956.35000610351574 1.985000014305115 960.54998779296886 0.89420282840728771 2.2150000333786015 -0.58068084716796864 -0.17552985996007917 1.0000000180025095e-35 -0.94573098421096791 -0.23208956420421598 2.9250000715255742 0.89490029215812694 -1.0000000180025095e-35 1.0000000180025095e-35 1.5383332967758181 945.95001220703136 3.2500000000000004
decision_type=2 2 8 2 2 2 2 2 2 2 2 2 2 2 2 2 2 10 2 2 2 2 2 2 2 2 2 2 2 2
left_child=3 5 -3 -1 6 -2 7 8 9 26 -11 -12 -13 19 16 -16 -15 -18 -17 20 23 -22 -4 24 -9 -20 -5 28 -28 -8
right_child=1 2 22 4 -6 -7 29 13 -10 10 11 12 -14 14 15 18 17 -19 25 -21 21 -23 -24 -25 -26 -27 27 -29 -30 -31
leaf_value=-1.3309257269976133e-05 0.00046026715832039877 8.5763882345202272e-05 0.00010321019630044615 4.3459115625539557e-05 0.0007123707146012737 1.1484756600482761e-06 -0.0001590340990524789 -3.758753547658399e-05 -0.0001430905944688754 -0.00022171834652341435 0.001285736538308711 -0.00042028714491833925 0.00062895951322133404 -4.3038710983884201e-06 0.00046020101551570594 -8.0423254700761227e-05 0.00026569302821204268 -5.7218889447589569e-05 6.6781800369474604e-05 -2.1897454386242412e-05 0.0055134854315948417 6.704505072798913e-05 7.2820840696558034e-05 -0.0006283754370165521 0.00085503166929110541 0.001184581072066343 -0.00024043722577382667 -0.0005736915206311044 9.4757288848613174e-05 -4.9151848550441085e-05
leaf_weight=2053 153 1129 81 479 118 1582 6220 592 259 170 454 225 234 1064 282 159 276 85 108 1795 114 1071 487 89 121 106 141 203 188 38060
leaf_count=2053 153 1129 81 479 118 1582 6220 592 259 170 454 225 234 1064 282 159 276 85 108 1795 114 1071 487 89 121 106 141 203 188 38060
internal_value=-2.0653e-05 0.0077975 0.0139542 -0.000512155 -0.000282223 0.00175287 -0.000326667 0.00169708 -0.00265055 -0.000666984 0.00399816 0.00691721 0.000323276 0.00344299 0.00695444 0.0161364 0.00269231 0.0127049 0.00780423 0.00150515 0.00454317 0.00970588 0.0268761 -0.00309789 -0.000626741 0.016895 -0.00565945 -0.0113594 -0.00494012 -0.000702269
internal_weight=58098 3432 1697 54666 52613 1735 52495 8215 2353 2094 1083 913 459 5862 2080 655 1425 361 373 3782 1987 1185 568 802 713 214 1011 532 329 44280
internal_count=58098 3432 1697 54666 52613 1735 52495 8215 2353 2094 1083 913 459 5862 2080 655 1425 361 373 3782 1987 1185 568 802 713 214 1011 532 329 44280
is_linear=0
shrinkage=0.05


Tree=133
num_leaves=31
num_cat=0
split_feature=3 0 4 3 7 7 8 8 7 7 7 11 8 12 6 12 13 14 9 11 11 15 8 8 7 12 6 10 6 7
split_gain=87.3842 56.9023 33.1315 25.287 22.4223 19.5356 18.023 14.7977 99.9109 45.9577 37.6195 30.3114 28.8974 44.1817 32.3169 32.1583 27.7927 23.4768 21.9597 19.6184 17.3173 24.4674 15.0605 53.2905 68.2123 56.2354 48.6759 36.2479 32.2435 30.6855
threshold=13.166532993316652 1.0000000180025095e-35 9.7150001525878924 1.5227588415145876 -0.036512531340122216 -0.5677773356437682 -0.89706552028655995 0.98094093799591076 -0.13920918852090833 0.066572044044733061 0.083713535219430937 9.1500000953674334 0.99960738420486461 -0.52247866988182057 955.95001220703136 -0.44618082046508784 -1.0000000180025095e-35 3.9050000905990605 8.9250001907348651 10.650000095367433 5.7500000000000009 63.500000000000007 0.88337317109107982 0.8730936348438264 0.46866798400878912 -0.36648726463317866 959.04998779296886 0.9238443672657014 946.54998779296886 0.38317915797233587
decision_type=2 2 2 2 2 2 2 2 2 2 2 2 2 2 2 2 2 10 10 2 2 2 2 2 2 2 2 2 2 2
left_child=3 5 4 6 -3 -2 -1 22 19 12 -11 17 15 -14 18 16 -10 -12 -15 -9 -19 -22 23 -5 25 -25 28 -28 -24 -30
right_child=1 2 -4 7 -6 -7 -8 8 9 10 11 -13 13 14 -16 -17 -18 20 -20 -21 21 -23 26 24 -26 -27 27 -29 29 -31
leaf_value=-2.7831643930977155e-05 0.00028518751046220371 -5.707328794054556e-05 6.9707496331894436e-05 -8.7961589188417788e-06 7.431291914042904e-05 -9.2869680884677403e-07 -9.3572023519904006e-06 -0.0023436940750351781 0.00042530597721579923 -0.00051036049656055132 -9.0628822162745247e-05 -0.005384336252021938 -0.001943647178150753 -0.00036371325558163484 0.001231260895815165 0.00031837385877030096 0.011828229317933234 0.0026465716946217814 0.0018776838815876664 -0.0004770399579613949 0.001071909620379874 -0.0028879588639581042 0.005019555361160998 0.0080946281885912619 -0.003434281712234713 -0.0042108115682015891 0.0054147566057267116 7.8920509899391952e-05 -0.00019657213106060725 0.0011934687517279052
leaf_weight=276 131 208 340 45174 571 1026 1103 332 102 142 277 231 96 200 179 966 143 122 88 81 195 89 290 90 252 155 475 386 3579 671
leaf_count=276 131 208 340 45174 571 1026 1103 332 102 142 277 231 96 200 179 966 143 122 88 81 195 89 290 90 252 155 475 386 3579 671
internal_value=-0.000122467 0.00946953 0.0174822 -0.00051527 0.0116709 0.00167814 -0.00718931 -0.000345177 -0.00361761 -0.000246914 -0.00848256 -0.004679 0.00466554 -0.00466549 0.00180085 0.00900493 0.025 0.00065407 -0.00853242 -0.0264354 0.00827251 0.00138408 -0.000137048 -0.000432393 -0.0166335 0.0022 0.00235849 0.0132217 0.000286029 -0.000822562
internal_weight=57970 2276 1119 55694 779 1157 1379 54315 3243 2830 1056 914 1774 563 467 1211 245 683 288 413 406 284 51072 45671 497 245 5401 861 4540 4250
internal_count=57970 2276 1119 55694 779 1157 1379 54315 3243 2830 1056 914 1774 563 467 1211 245 683 288 413 406 284 51072 45671 497 245 5401 861 4540 4250
is_linear=0
shrinkage=0.05


Tree=134
num_leaves=31
num_cat=0
split_feature=3 0 9 3 6 7 8 8 11 8 12 8 7 7 15 14 11 15 9 10 7 4 3 12 7 10 7 8 6 7
split_gain=95.9173 62.1704 36.0014 28.4825 15.6701 15.4077 14.3513 14.2004 17.668 13.4022 17.3246 19.2441 23.4885 12.8274 11.3874 11.2457 20.703 10.788 13.5048 12.9515 10.6284 10.4335 10.2726 10.1663 9.91287 11.965 10.3864 20.7949 31.8715 15.9723
threshold=13.166532993316652 1.0000000180025095e-35 14.244999885559084 1.5227588415145876 949.25000000000011 0.9600123167037965 0.99141839146614086 -0.83753159642219532 1.9499999880790713 -0.31676515936851496 -0.26722820103168482 0.86674088239669811 0.96241125464439403 -0.42640316486358637 39.500000000000007 13.244999885559084 12.250000000000002 10.500000000000002 7.2049999237060556 -0.98321744799613942 -0.019329105038195845 8.055000305175783 14.635410308837892 -0.026175950653851029 -0.99975964426994313 -0.9099266231060027 -0.99842980504035939 -0.030073020607233044 942.25000000000011 -0.99591985344886769
decision_type=2 2 8 2 2 2 2 2 2 2 2 2 2 2 2 10 2 2 10 2 2 2 2 2 2 2 2 2 2 2
left_child=3 4 5 7 -2 13 9 8 -1 23 -11 12 -12 -3 -10 17 -17 18 19 -5 -4 -15 -23 -6 25 -19 27 -26 -29 -28
right_child=1 2 20 15 6 -7 -8 -9 14 10 11 -13 -14 21 -16 16 -18 24 -20 -21 -22 22 -24 -25 26 -27 29 28 -30 -31
leaf_value=-3.1833245869242363e-05 0.00023551225430026856 -0.00027790124817354546 0.00010167525481127316 -0.0019595174350640712 4.9570924753911118e-06 -0.00028399465463246345 -5.7713322407984548e-05 -9.2339310129765935e-06 -4.3681067768121861e-05 -3.9412444965009068e-05 0.00026570264923380662 -1.3120687997053571e-05 -3.092200393185474e-05 2.3602651791274079e-05 0.00063885943575719094 0.0018398204334678162 5.491218486480265e-05 -0.0010917712464992325 0.0021493278289896182 -0.00012837928380115263 6.4627211023204908e-05 0.00013456358303002569 7.0597273183409245e-05 -2.5126762272956185e-05 -0.00044756973440148801 0.0014583456175074313 -0.0007228813404142804 0.0084071760831934024 0.00023830936603150729 -1.0664048406981275e-05
leaf_weight=130 189 95 144 136 146 85 86 1012 159 144 168 149 82 106 90 184 518 186 108 100 376 256 83 196 163 84 499 125 196 52243
leaf_count=130 189 95 144 136 146 85 86 1012 159 144 168 149 82 106 90 184 518 186 108 100 376 256 83 196 163 84 499 125 196 52243
internal_value=-9.2715e-05 0.00989177 0.0181304 -0.000505023 0.00171674 0.00992063 -0.000870902 -0.00755731 -0.0157552 0.00106742 0.00593066 0.0112624 0.0196078 0.0130275 -0.00767717 -0.000324491 0.00594059 -0.000406723 -0.00916905 -0.0157676 0.0278095 0.0165556 0.0207849 -0.00662824 -0.000349526 -0.00981818 -0.000300577 0.00695297 0.0142638 -0.000367793
internal_weight=58238 2305 1145 55933 1160 625 971 1391 379 885 543 399 250 540 249 54542 702 53840 344 236 520 445 339 342 53496 270 53226 484 321 52742
internal_count=58238 2305 1145 55933 1160 625 971 1391 379 885 543 399 250 540 249 54542 702 53840 344 236 520 445 339 342 53496 270 53226 484 321 52742
is_linear=0
shrinkage=0.05


Tree=135
num_leaves=31
num_cat=0
split_feature=3 1 9 3 7 13 12 15 6 8 5 10 8 7 7 15 9 15 6 6 10 6 6 6 6 15 13 12 12 4
split_gain=96.394 44.9785 48.585 18.121 19.317 24.3716 20.7697 19.2978 16.3508 15.1628 14.4051 14.4024 12.2816 79.0709 34.9493 27.4855 18.0831 32.3053 32.0946 23.4244 26.8794 19.7414 18.9052 18.2506 15.8272 21.8178 14.5531 12.3852 12.2758 15.3686
threshold=12.466289043426515 1.0000000180025095e-35 14.244999885559084 1.7241498827934267 0.57835108041763317 1.0000000180025095e-35 -0.53727915883064259 64.500000000000014 949.54998779296886 0.99141839146614086 9.1316666603088397 0.96359375119209301 0.98094093799591076 -0.13920918852090833 -0.11364490166306494 81.500000000000014 7.2049999237060556 68.500000000000014 951.45001220703136 951.45001220703136 -0.94828754663467396 958.04998779296886 948.75000000000011 953.14999389648449 955.64999389648449 43.500000000000007 1.0000000180025095e-35 -0.16504132002592084 -0.38266885280609125 8.7349996566772479
decision_type=2 2 8 2 2 2 2 2 2 2 2 2 2 2 2 2 10 2 2 2 2 2 2 2 2 2 2 2 2 2
left_child=3 2 28 4 -1 -6 -7 -8 -3 11 12 -10 -5 -14 27 16 17 18 22 26 21 -21 -16 -20 -22 -26 -18 -15 -2 -30
right_child=1 8 -4 10 5 6 7 -9 9 -11 -12 -13 13 14 15 -17 19 -19 23 20 24 -23 -24 -25 25 -27 -28 -29 29 -31
leaf_value=-2.9631776955926348e-05 0.00026919384827423789 0.00026440013496289164 6.246306329397156e-05 -1.130222837962664e-05 -2.0034575543502334e-05 -3.2606759111058429e-05 1.8141629771093945e-06 8.9114360598407424e-06 1.033013202356714e-05 -7.5743744036627092e-05 0.00077016197543852423 -4.4422547948397284e-05 -0.0023401448990013267 0.010034701575337004 -8.5527829176697094e-05 -0.0029004012271148225 0.00069094474796534827 0.0055115212760321235 -0.0015790914387167308 -0.0061972007901121041 0.0028541827011964228 0.0010280670380796609 0.0012459646131619691 -0.00020262744941221251 0.0029635034694249357 -0.003490704023177138 -0.0036504421056505762 0.00049604783569249372 2.894850843641328e-05 7.3337404388368338e-05
leaf_weight=1532 104 294 552 49378 198 84 116 111 1217 119 124 81 375 82 101 163 214 92 104 102 319 97 145 755 130 89 162 134 664 339
leaf_count=1532 104 294 552 49378 198 84 116 111 1217 119 124 81 375 82 101 163 214 92 104 102 319 97 145 755 130 89 162 134 664 339
internal_value=-8.1922e-05 0.00811852 0.0139724 -0.000588698 -0.00520528 0.00321012 0.0118671 0.0196121 0.00241841 0.000175809 -0.000408971 0.00176516 -0.000449978 -0.00351906 -0.000501114 -0.00219935 -0.000777538 -0.00503328 -0.00743243 0.00380143 0.00896226 -0.00661765 0.00836653 -0.0119792 0.014733 0.00424107 -0.00629921 0.018552 0.00786871 0.00610119
internal_weight=57977 3370 1659 54607 2041 509 311 227 1711 1417 52566 1298 52442 3064 2689 2473 2310 1197 1105 1113 737 199 246 859 538 219 376 216 1107 1003
internal_count=57977 3370 1659 54607 2041 509 311 227 1711 1417 52566 1298 52442 3064 2689 2473 2310 1197 1105 1113 737 199 246 859 538 219 376 216 1107 1003
is_linear=0
shrinkage=0.05


Tree=136
num_leaves=31
num_cat=0
split_feature=3 0 4 7 7 6 15 7 10 6 9 7 4 6 12 10 15 14 9 4 7 7 9 13 6 6 12 6 3 3
split_gain=78.0703 56.3076 32.5991 18.0444 14.9554 59.6831 39.9446 73.9014 36.9546 29.5107 28.2284 34.9597 23.2786 19.3783 65.5372 45.585 34.1199 51.7258 25.4211 21.6147 18.0383 17.5958 27.198 17.1649 16.381 15.1356 13.511 26.3529 15.9016 17.0165
threshold=13.166532993316652 1.0000000180025095e-35 9.7150001525878924 -0.019329105038195845 0.98666161298751842 949.14999389648449 56.500000000000007 0.99276849627494823 0.93038213253021251 962.54998779296886 11.324999809265138 0.9905582368373872 2.1350001096725468 963.25000000000011 -0.62249094247817982 -0.11319890245795249 68.500000000000014 6.3849999904632577 3.9150000810623173 4.1649999618530282 0.99763676524162304 0.98217421770095836 3.804999947547913 0.37940952181816107 962.45001220703136 964.35000610351574 -0.94260558485984791 941.45001220703136 2.0200833082199101 4.6020376682281503
decision_type=2 2 2 2 2 2 2 2 2 2 10 2 2 2 2 2 2 10 10 2 2 2 10 2 2 2 2 2 2 2
left_child=4 -2 3 -3 21 -6 7 -7 10 -9 13 -12 -10 14 -8 -15 17 19 -18 -16 -13 26 -23 -17 -24 -26 27 -1 -29 -30
right_child=1 2 -4 -5 5 6 8 9 12 -11 11 20 -14 15 16 23 18 -19 -20 -21 -22 22 24 -25 25 -27 -28 28 29 -31
leaf_value=-0.00092121861277561163 4.1601367210652994e-06 -8.5563004285610374e-06 5.9867607799446448e-05 5.9903309615799706e-05 0.0063417048196368862 -0.0051083101004337772 -0.00083297866400046524 -0.0010453530932959616 -3.3201463705168945e-05 0.00046062176406736795 0.0029794836488449606 -0.0018531859177281147 -0.0013463867224850178 0.0050400087832844984 -0.00047476518494831538 -0.0028355244930471759 -8.4233333290635075e-06 -0.0038730059782443732 0.0057518718686074477 0.0093561967913975193 0.0023592580063336896 -3.1794571577592556e-05 0.00030886235847522246 -0.00020928268274056315 0.0078400346494589667 0.0022554143457356349 -9.6255828712452792e-07 -8.2248195490296913e-05 0.00031743735059279118 -0.0013212844752533068
leaf_weight=326 1141 204 345 551 135 269 154 108 225 123 121 188 219 130 80 212 176 190 417 108 126 90 147 154 93 82 49696 375 1124 818
leaf_count=326 1141 204 345 551 135 269 154 108 225 123 121 188 219 130 80 212 176 190 417 108 126 90 147 154 93 82 49696 375 1124 818
internal_value=9.46123e-06 0.0091496 0.0171946 0.01125 -0.000357839 -0.00371019 -0.00519135 -0.0180198 -0.00259481 0.00275424 0.000242601 0.0114773 -0.0155902 -0.00279828 0.000840708 -0.010978 0.00568648 -0.00600522 0.0131271 0.0124352 0.00250784 -0.000158276 0.0100719 -0.0199461 0.0168196 0.0269444 -0.00023976 -0.00371979 -0.00183032 0
internal_weight=58127 2241 1100 755 55886 3135 3000 500 2500 231 2056 435 444 1621 1125 496 971 378 593 188 314 52751 412 366 322 175 52339 2643 2317 1942
internal_count=58127 2241 1100 755 55886 3135 3000 500 2500 231 2056 435 444 1621 1125 496 971 378 593 188 314 52751 412 366 322 175 52339 2643 2317 1942
is_linear=0
shrinkage=0.05


Tree=137
num_leaves=31
num_cat=0
split_feature=3 0 4 7 3 15 11 8 8 8 14 8 7 6 6 15 7 7 4 9 15 15 11 10 15 6 7 14 7 15
split_gain=83.5795 66.1556 31.3708 19.3583 12.2552 12.1442 12.291 23.1558 27.2011 21.3559 20.2783 19.0235 36.73 36.4457 24.9323 25.7171 23.7388 23.18 18.8633 38.7472 35.6933 18.0539 31.0985 16.6361 16.3699 65.2199 29.3558 27.2498 23.3151 16.3063
threshold=13.166532993316652 1.0000000180025095e-35 8.1050000190734881 -0.29014293849468226 16.643279075622562 96.500000000000014 3.5499999523162846 -0.93168920278549183 -0.99960738420486439 -0.91865202784538258 4.3150000572204599 -0.97653719782829274 0.15198152512311938 954.75000000000011 949.35000610351574 52.500000000000007 -0.11364490166306494 -0.070841956883668886 6.5650000572204599 8.3750000000000018 21.500000000000004 21.500000000000004 8.3499999046325701 0.87032255530357372 85.500000000000014 955.04998779296886 0.5499682128429414 6.1050000190734872 0.99468535184860241 31.500000000000004
decision_type=2 2 2 2 2 2 2 2 2 2 10 2 2 2 2 2 2 2 2 8 2 2 2 2 2 2 2 10 2 2
left_child=5 -2 -3 -4 -5 6 7 8 -1 -9 -10 12 16 14 -14 -16 21 29 19 -19 -20 -8 -23 -12 -13 27 -27 -26 -28 -18
right_child=1 2 3 4 -6 -7 11 9 10 -11 23 24 13 -15 15 -17 17 18 20 -21 -22 22 -24 -25 25 26 28 -29 -30 -31
leaf_value=0.0020525076001432947 4.0545269009095724e-06 -1.6356503075243279e-06 0.00026037485373083815 6.2573446049496437e-05 3.74666541930635e-05 0.00080327898724579243 0.0034568663467578588 0.003074845731993351 -3.7945895556167585e-05 -1.1973373776822619e-05 -0.0001871376227843509 -3.17500858861286e-06 0.0098279525647113168 0.0071525104379263627 -0.0022921653891572582 0.0095042614256165905 -0.00058967069903503042 0.00016814433605563466 -0.00037753263269618145 -0.003460141087532384 0.0020263963715835358 0.0023745253249084055 -0.0018237015628772336 -0.0019491270032143877 -0.00027335206817841049 -0.002566873660767975 0.00047452636682029199 -0.0062813009101508332 -0.0011957734829771882 -0.010990645495983208
leaf_weight=122 1158 193 139 680 103 243 113 153 1648 12371 81 36569 82 165 181 86 141 851 85 272 206 417 210 117 145 181 896 334 83 96
leaf_count=122 1158 193 139 680 103 243 113 153 1648 12371 81 36569 82 165 181 86 141 851 85 272 206 417 210 117 145 181 896 334 83 96
internal_value=2.83866e-05 0.00941615 0.0180804 0.0218986 0.0249365 -0.000354502 -0.000403704 -0.00165551 -0.00669032 -0.000862 -0.00821178 3.76964e-05 0.00393471 0.0159923 0.00663842 -0.000919118 0.00131469 -0.00202295 0.000422833 -0.0025266 0.0116554 0.00872483 0.00530063 -0.0231527 -0.000259074 -0.0051399 0.00128755 -0.0205579 0.00472561 -0.0163223
internal_weight=58121 2273 1115 922 783 55848 55605 14492 1968 12524 1846 41113 2905 514 349 267 2391 1651 1414 1123 291 740 627 198 38208 1639 1160 479 979 237
internal_count=58121 2273 1115 922 783 55848 55605 14492 1968 12524 1846 41113 2905 514 349 267 2391 1651 1414 1123 291 740 627 198 38208 1639 1160 479 979 237
is_linear=0
shrinkage=0.05


Tree=138
num_leaves=31
num_cat=0
split_feature=3 1 4 7 1 6 8 8 7 13 7 7 7 7 6 6 4 8 7 7 11 14 10 8 7 10 7 3 15 8
split_gain=74.6578 60.3579 34.9353 23.9757 15.889 15.7559 36.0229 19.6535 19.1928 19.2323 23.5534 19.0548 16.3548 39.4282 24.1933 15.3247 15.1251 14.3615 15.2847 16.6105 14.3319 17.9482 24.3495 25.2959 20.4684 18.1412 17.0096 25.1981 15.8837 15.1568
threshold=13.166532993316652 1.0000000180025095e-35 9.7150001525878924 -0.019329105038195845 1.0000000180025095e-35 958.95001220703136 0.88933694362640392 -0.068708579987287507 0.94147586822509777 0.37940952181816107 0.98526033759117138 0.90542393922805797 0.97316074371337902 0.99276849627494823 949.54998779296886 953.64999389648449 8.1050000190734881 0.038721922785043723 0.99276849627494823 0.98805528879165661 5.3500001430511483 3.1650000810623173 0.7933231294155122 -0.93168920278549183 0.25293653458356863 0.93038213253021251 -0.79148143529891957 5.8799710273742685 38.500000000000007 -0.034374605864286416
decision_type=2 2 2 2 2 2 2 2 2 2 2 2 2 2 2 2 2 2 2 2 2 10 2 2 2 2 2 2 2 2
left_child=4 2 3 -2 5 12 7 8 11 10 -10 -7 -1 -14 -15 -4 -5 -9 19 -19 21 25 26 24 28 -6 -23 -28 -24 -25
right_child=1 -3 15 16 20 6 -8 17 9 -11 -12 -13 13 14 -16 -17 -18 18 -20 -21 -22 22 23 29 -26 -27 27 -29 -30 -31
leaf_value=4.6233172644944913e-06 -9.1499018379959107e-05 3.7030628947720693e-06 8.441848443875577e-05 6.635979538244241e-05 -2.383822009935444e-05 0.00012791815438014111 0.0012628487281625281 -0.00022219163312952889 0.0014990960431460227 0.0027177865448953023 -0.00015390075661094244 -0.00039999812346163045 -0.00232347679211569 0.0061785729778339521 -5.5399822136159575e-05 5.3217857436826946e-05 5.3068504878261981e-05 -9.6074523516030692e-06 0.00036214675995000574 -0.00098086966334905439 -6.4946924787145924e-06 -0.00055210621044892263 -0.001825244995006728 -0.00013842595978479159 -0.0026100739131010363 2.6923652885866257e-05 -5.6388766864034049e-05 0.0039895912833468076 0.00014037343627092274 -0.00090545042378657042
leaf_weight=19365 212 1137 168 137 5554 2419 606 188 210 255 227 308 362 89 440 178 439 1859 266 140 14943 1063 175 1392 103 1774 1548 467 113 1949
leaf_count=19365 212 1137 168 137 5554 2419 606 188 210 255 227 308 362 89 440 178 439 1859 266 140 14943 1063 175 1392 103 1774 1548 467 113 1949
internal_value=2.06572e-05 0.00889719 0.0170325 0.0110971 -0.000341276 0.000538539 0.00268394 0.00148035 0.00392815 0.0113343 0.00486425 0.00203148 -0.000148068 -0.00675223 0.00196629 0.0301994 0.0163511 -0.00193247 -0.000814978 -0.00232036 -0.00115004 -0.00229089 -0.00413793 -0.00685041 -0.0188131 -0.000572753 -0.000843334 0.00185644 -0.0116041 -0.00542439
internal_weight=58086 2271 1134 788 55815 26734 6478 5872 3419 692 437 2727 20256 891 529 346 576 2453 2265 1999 29081 14138 6810 3732 391 7328 3078 2015 288 3341
internal_count=58086 2271 1134 788 55815 26734 6478 5872 3419 692 437 2727 20256 891 529 346 576 2453 2265 1999 29081 14138 6810 3732 391 7328 3078 2015 288 3341
is_linear=0
shrinkage=0.05


Tree=139
num_leaves=31
num_cat=0
split_feature=3 0 9 5 15 6 8 8 13 9 4 13 3 12 6 6 15 3 6 9 8 5 8 8 8 12 8 8 8 6
split_gain=75.1897 58.0985 29.8178 21.3991 15.4975 22.3134 14.9129 40.9266 18.6074 15.5106 14.8015 14.6989 12.9307 25.464 25.6171 22.1788 24.6291 21.6511 19.6797 19.5222 29.5224 26.7422 21.1658 30.8175 26.1178 27.479 20.9561 39.7522 26.2719 43.5261
threshold=13.166532993316652 1.0000000180025095e-35 15.25500011444092 0.94833332300186168 95.500000000000014 961.25000000000011 0.86674088239669811 0.3253390789031983 0.60355338454246532 14.09500026702881 8.1050000190734881 -0.37940952181816096 3.2744170427322392 -0.5663846731185912 956.85000610351574 959.45001220703136 25.500000000000004 1.7241498827934267 958.14999389648449 7.1549999713897714 0.99960738420486461 2.7416666746139531 -0.99960738420486439 -0.99532556533813465 -0.98009455204009999 0.6755644977092744 0.98965245485305797 0.97653719782829296 0.89896130561828624 959.04998779296886
decision_type=2 2 8 2 2 2 2 2 2 10 2 2 2 2 2 2 2 2 2 8 2 2 2 2 2 2 2 2 2 2
left_child=3 6 10 -1 12 11 7 -2 9 -8 -3 -6 13 15 17 16 -5 -15 -18 20 22 -21 -14 -24 25 -25 27 28 -23 -30
right_child=1 2 -4 4 5 -7 8 -9 -10 -11 -12 -13 19 14 -16 -17 18 -19 -20 21 -22 26 23 24 -26 -27 -28 -29 29 -31
leaf_value=-1.8205038283271304e-05 -5.9781185205443066e-06 -2.4615282591788914e-06 5.0779970477887738e-05 -0.00030205429054109612 -0.001124422395283703 0.0021516292966312954 -8.983654251576435e-06 0.0002565306095503872 6.2418263089381035e-05 -9.6686650293831278e-05 5.2769185893894457e-05 0.0013208956112491232 0.0031506457832087839 -2.3124412147451951e-05 2.9124794911095099e-05 -7.2826927737886836e-05 -1.3683428867241124e-05 2.2902347181859903e-05 0.0011581590306049406 -0.00084758061254948478 -0.00095306751864349679 1.1409092049680104e-05 -0.0010214587433259163 0.0015126285546629801 -0.00015614720738206576 -0.0020098027028937304 0.00061179788170739326 -0.0027418966002990294 0.00028510957061318731 0.0021295731559788757
leaf_weight=687 588 191 295 293 110 147 125 201 110 129 658 171 150 700 2363 385 1904 3785 136 1173 196 20965 377 666 17506 83 1133 631 1812 417
leaf_count=687 588 191 295 293 110 147 125 201 110 129 658 171 150 700 2363 385 1904 3785 136 1173 196 20965 377 666 17506 83 1133 631 1812 417
internal_value=7.14384e-05 0.00892702 0.0168842 -0.000293933 -0.000184184 0.00923788 0.000993092 0.00484887 -0.00731707 -0.0146718 0.0120023 0.000874126 -0.000258778 0.00141051 0.00303517 -0.00268087 -0.000834046 0.000812918 0.00112469 -0.000612892 -0.00183322 0.000273569 -0.00162879 -0.0017814 -0.00148686 0.00762599 0.000620919 0.000304238 0.000642269 0.00579678
internal_weight=58087 2297 1144 55790 55103 428 1153 789 364 254 849 281 54675 9566 6848 2718 2333 4485 2040 45109 18978 26131 18782 18632 18255 749 24958 23825 23194 2229
internal_count=58087 2297 1144 55790 55103 428 1153 789 364 254 849 281 54675 9566 6848 2718 2333 4485 2040 45109 18978 26131 18782 18632 18255 749 24958 23825 23194 2229
is_linear=0
shrinkage=0.05


Tree=140
num_leaves=31
num_cat=0
split_feature=3 0 4 7 6 15 11 3 7 8 14 0 15 4 8 8 8 7 7 12 8 4 11 7 15 7 12 7 4 12
split_gain=84.2818 53.9191 31.0672 22.5144 14.8203 16.4763 14.2326 13.2227 13.1927 12.7849 12.5541 12.3685 16.4163 15.1024 15.9466 17.5781 16.4386 13.8449 14.1005 14.417 31.1899 19.2955 21.0576 25.5766 13.9169 17.4613 17.0503 15.2813 13.9475 20.3304
threshold=13.166532993316652 1.0000000180025095e-35 8.1050000190734881 -0.29014293849468226 950.35000610351574 69.500000000000014 11.449999809265138 16.643279075622562 -0.15621076524257657 0.86674088239669811 0.28499999642372137 1.0000000180025095e-35 36.500000000000007 8.805000305175783 0.96527305245399486 0.95052322745323192 0.93324586749076854 0.78354993462562572 0.56424301862716686 0.078456107527017607 -0.76588451862335194 2.1350001096725468 6.1499998569488534 0.67844408750534069 74.500000000000014 0.5499682128429414 -0.18222858756780622 0.49875664710998541 6.9349999427795419 -0.5663846731185912
decision_type=2 2 2 2 2 2 2 2 2 2 8 2 2 2 2 2 2 2 2 2 2 2 2 2 2 2 2 2 2 2
left_child=10 4 -3 -4 -2 6 -6 -5 -8 -10 -1 -12 13 14 15 16 -13 18 24 21 -21 -20 -23 -24 25 -14 28 -28 29 -26
right_child=1 2 3 7 5 -7 8 -9 9 -11 11 12 17 -15 -16 -17 -18 -19 19 20 -22 22 23 -25 26 -27 27 -29 -30 -31
leaf_value=-6.1767391098049284e-05 0.00017529191564775171 -5.3720097692111507e-06 0.00016118005229964207 5.3398731740966769e-05 0.00017678540870537108 5.0739716380443502e-05 9.39671847253465e-06 3.9085025213664309e-05 -1.7484908523612842e-05 -7.3788586736592287e-05 -3.6845568031176414e-05 -2.0035495811745888e-05 0.00022654205403334636 0.00022862323675382212 -0.00027812078809919693 0.0011242014908567552 -0.0013297272336403204 -9.4482960920629435e-06 -1.4764656760398029e-05 0.0077064172981672662 -3.280419161398249e-06 0.0050304051879855377 -0.0020439263476422056 0.0027865648681189795 0.00033594938912325238 -0.0019759407629320715 -0.00011099889603303337 0.0011883919279880974 0.00042410878796895758 -0.0026872007078506039
leaf_weight=262 251 196 149 686 113 338 106 102 231 102 28842 9474 7110 194 851 168 171 5463 220 194 1177 309 160 187 105 83 222 117 92 321
leaf_count=262 251 196 149 686 113 338 106 102 231 102 28842 9474 7110 194 851 168 171 5463 220 194 1177 309 160 187 105 83 222 117 92 321
internal_value=-3.44822e-05 0.00939008 0.0170914 0.0208599 0.00170157 -0.00134078 -0.00664273 0.0242119 -0.0106982 -0.0155325 -0.000419904 -0.0003678 0.00040942 -0.00108626 -0.00134033 -0.000768996 -0.00105181 0.0014399 0.00251893 0.00601687 0.00279797 0.0110102 0.0152799 0.00667614 0.00153942 0.00225757 -0.00446636 0.00421512 -0.0101338 -0.0139211
internal_weight=57996 2274 1133 937 1141 890 552 788 439 333 55722 55460 26618 10858 10664 9813 9645 15760 10297 2247 1371 876 656 347 8050 7193 857 339 518 426
internal_count=57996 2274 1133 937 1141 890 552 788 439 333 55722 55460 26618 10858 10664 9813 9645 15760 10297 2247 1371 876 656 347 8050 7193 857 339 518 426
is_linear=0
shrinkage=0.05


Tree=141
num_leaves=31
num_cat=0
split_feature=3 0 4 7 6 8 8 6 7 12 6 5 15 3 15 8 7 9 15 15 7 6 7 2 5 7 6 6 12 11
split_gain=71.3446 60.382 34.2587 20.758 15.868 15.285 36.7992 14.47 22.7223 12.8407 23.1605 28.0093 15.1345 14.445 30.4684 23.1271 19.8626 20.911 13.8367 12.0858 11.454 38.9148 26.5838 25.5547 20.9553 20.1022 18.3573 21.2087 21.6407 15.6768
threshold=13.166532993316652 1.0000000180025095e-35 9.7150001525878924 -0.019329105038195845 953.64999389648449 0.86674088239669811 0.3253390789031983 950.45001220703136 0.9600123167037965 -0.94260558485984791 941.45001220703136 1.5116666555404665 74.500000000000014 4.5660996437072763 58.500000000000007 0.15855792164802554 0.96241125464439403 9.8949999809265154 25.500000000000004 65.500000000000014 -0.8998868167400359 951.04998779296886 -0.89225733280181874 31.500000000000004 4.0116667747497567 -0.97789707779884327 941.04998779296886 939.25000000000011 -0.33379416167736048 5.0499999523162851
decision_type=2 2 2 2 2 2 2 2 2 2 2 2 2 2 2 2 2 10 2 2 2 2 2 2 2 2 2 2 2 2
left_child=9 5 3 -3 -4 6 -2 -5 -9 10 -1 12 -12 14 18 -16 17 -15 -13 -7 21 23 -22 24 29 -26 27 -24 -29 -11
right_child=1 2 4 7 -6 19 -8 8 -10 20 11 13 -14 16 15 -17 -18 -19 -20 -21 22 -23 26 -25 25 -27 -28 28 -30 -31
leaf_value=-0.00084608430970591108 -7.6776946481504901e-06 -7.7132910851018815e-05 7.7916426880686457e-05 0.00052155019576103354 4.534802945404537e-05 -4.5157627552205874e-05 0.00023918057284556262 4.4286499169227114e-05 -0.00014087358369401228 -4.4320345394822419e-05 -8.8715458101337619e-05 -0.00055371333650178179 -0.00011440680800230332 -0.0016869443998516907 -0.0010141246789512474 0.00084585065921339133 0.0042706941550183621 0.0061530754898367866 0.0015458956063322026 3.3121354010501316e-05 -0.0011473818331990807 0.005800423148276535 0.00017498843581045454 0.00084109749766088414 0.00288269977318338 -0.00046390300247019098 -3.5799518041525465e-06 -0.0022107089529694837 -0.00032112981275380444 -0.00095464569042588297
leaf_weight=333 581 207 167 83 186 244 204 393 102 1774 454 119 101 672 126 151 81 124 634 109 269 181 107 2156 588 704 46148 92 149 818
leaf_count=333 581 207 167 83 186 244 204 393 102 1774 454 119 101 672 126 151 81 124 634 109 269 181 107 2156 588 704 46148 92 149 818
internal_value=0.000100754 0.00876808 0.0168854 0.0109494 0.0297486 0.000612423 0.00449367 0.0157804 0.0123 -0.000253648 -0.00355357 -0.00186461 -0.0116964 0.00101987 0.00502415 -0.00904255 -0.00368481 -0.00611735 0.0102243 -0.00796089 -7.92587e-05 0.00193543 -0.000347445 0.00124069 -0.00118282 0.00400925 -0.000255908 -0.0116147 -0.0197154 -0.00377358
internal_weight=58057 2276 1138 785 353 1138 785 578 495 55781 2795 2462 555 1907 1030 277 877 796 753 353 52986 6221 46765 6040 3884 1292 46496 348 241 2592
internal_count=58057 2276 1138 785 353 1138 785 578 495 55781 2795 2462 555 1907 1030 277 877 796 753 353 52986 6221 46765 6040 3884 1292 46496 348 241 2592
is_linear=0
shrinkage=0.05


Tree=142
num_leaves=31
num_cat=0
split_feature=3 0 4 7 12 3 6 6 6 10 6 9 6 7 6 11 8 6 15 8 6 9 7 10 6 8 7 8 12 12
split_gain=72.2428 60.7958 25.5334 26.2498 17.1507 23.5112 17.4871 14.2664 13.7425 15.8229 14.4501 13.5319 13.1034 20.0184 13.0259 11.6111 24.772 22.7846 26.4014 19.2827 30.6592 20.769 24.6168 23.5432 19.2768 19.2481 22.366 29.9129 30.8819 20.0106
threshold=13.166532993316652 1.0000000180025095e-35 9.7150001525878924 0.01504978956654668 -0.94260558485984791 1.9038472175598147 941.45001220703136 956.04998779296886 949.04998779296886 0.95878320932388317 964.54998779296886 1.1549999713897707 952.95001220703136 0.9600123167037965 953.64999389648449 3.5499999523162846 -0.93168920278549183 957.35000610351574 53.500000000000007 0.98094093799591076 947.75000000000011 2.0699999332427983 -0.98134601116180409 0.96359375119209301 959.35000610351574 0.7266007959842683 0.99763676524162304 -0.53735068440437306 -0.58068084716796864 0.44618082046508795
decision_type=2 2 2 2 2 2 2 2 2 2 2 8 2 2 2 2 2 2 2 2 2 8 2 2 2 2 2 2 2 2
left_child=4 8 3 -3 5 7 -7 -1 -2 10 -10 -8 -5 -14 -4 16 17 18 -6 21 -21 22 -18 -23 -19 26 27 -24 -29 -27
right_child=1 2 14 12 15 6 11 -9 9 -11 -12 -13 13 -15 -16 -17 19 24 -20 20 -22 23 25 -25 -26 29 -28 28 -30 -31
leaf_value=-0.00014332771383453101 0.00021085061847790632 -0.00017157602370619919 6.8880687313399585e-05 0.00030567405429554053 -9.8577211442009519e-05 -0.0009716415729562202 0.0025248660003265736 -7.9677251834327835e-05 -8.5941125350569306e-06 -3.3938904540611879e-05 0.00016305655791039043 -9.8954169977629087e-05 4.2072174210766594e-05 -0.00015231713766832302 4.2981167210542905e-05 1.8102256898292272e-05 -0.00046049758843475977 0.00039687330134504165 0.0019112226857352585 -0.001451363975431494 -4.5566523583595937e-05 -4.4782160721661138e-05 8.4842493381850911e-08 0.00015528774678032437 -7.9164857729507364e-05 3.4495243547367876e-06 -2.634337754535395e-05 -4.2954096416037395e-05 0.00012733190902620837 -0.00011783640529443429
leaf_weight=258 176 217 164 127 1329 299 87 91 772 80 120 2030 341 94 182 39788 97 217 157 87 673 7035 693 1030 178 324 107 245 932 84
leaf_count=258 176 217 164 127 1329 299 87 91 772 80 120 2030 341 94 182 39788 97 217 157 87 673 7035 693 1030 178 324 107 245 932 84
internal_value=-1.37886e-05 0.00871378 0.0169469 0.0117985 -0.00037043 -0.00420578 -0.00243701 -0.0162429 0.000607112 -0.00174002 0.000222965 -0.000824694 0.0174603 0.0130682 0.0282051 -0.000169872 -0.00145532 -0.00676034 -0.00959088 -0.000570191 -0.00823529 -1.42153e-05 0.0039807 -0.00124535 0.003875 0.005 0.00703835 0.00832 0.0131557 -0.00484262
internal_weight=58014 2273 1125 779 55741 2765 2416 349 1148 972 892 2117 562 435 346 52976 13188 1881 1486 11307 760 10547 2482 8065 395 2385 1977 1870 1177 408
internal_count=58014 2273 1125 779 55741 2765 2416 349 1148 972 892 2117 562 435 346 52976 13188 1881 1486 11307 760 10547 2482 8065 395 2385 1977 1870 1177 408
is_linear=0
shrinkage=0.05


end of trees

feature_importances:
day_of_year_cos=626
day_of_year_sin=542
ecmwf_surface_pressure=466
ensemble_wind_speed_100m=444
gfs_wind_direction_10m_cos=333
gfs_wind_direction_100m_sin=286
gfs_relative_humidity_2m=280
wind_speed_10m_mean=233
ecmwf_wind_speed_100m=227
icon_wind_gusts_10m=220
ecmwf_wind_speed_10m=214
hour_sin=214
icon_wind_speed_100m=83
turbine_id__cat_0=62
lead_hours=52
turbine_id__cat_1=8

parameters:
[boosting: gbdt]
[objective: regression_l1]
[metric: l1]
[tree_learner: serial]
[device_type: cpu]
[data_sample_strategy: bagging]
[data: ]
[valid: ]
[num_iterations: 143]
[learning_rate: 0.05]
[num_leaves: 31]
[num_threads: 4]
[seed: 20260923]
[deterministic: 1]
[force_col_wise: 1]
[force_row_wise: 0]
[histogram_pool_size: -1]
[max_depth: -1]
[min_data_in_leaf: 80]
[min_sum_hessian_in_leaf: 0.001]
[bagging_fraction: 0.9]
[pos_bagging_fraction: 1]
[neg_bagging_fraction: 1]
[bagging_freq: 1]
[bagging_seed: 20081]
[bagging_by_query: 0]
[feature_fraction: 0.9]
[feature_fraction_bynode: 1]
[feature_fraction_seed: 2478]
[extra_trees: 0]
[extra_seed: 19505]
[early_stopping_round: 0]
[early_stopping_min_delta: 0]
[first_metric_only: 0]
[max_delta_step: 0]
[lambda_l1: 0]
[lambda_l2: 5]
[linear_lambda: 0]
[min_gain_to_split: 0]
[drop_rate: 0.1]
[max_drop: 50]
[skip_drop: 0.5]
[xgboost_dart_mode: 0]
[uniform_drop: 0]
[drop_seed: 10845]
[top_rate: 0.2]
[other_rate: 0.1]
[min_data_per_group: 100]
[max_cat_threshold: 32]
[cat_l2: 10]
[cat_smooth: 10]
[max_cat_to_onehot: 4]
[top_k: 20]
[monotone_constraints: ]
[monotone_constraints_method: basic]
[monotone_penalty: 0]
[feature_contri: ]
[forcedsplits_filename: ]
[refit_decay_rate: 0.9]
[cegb_tradeoff: 1]
[cegb_penalty_split: 0]
[cegb_penalty_feature_lazy: ]
[cegb_penalty_feature_coupled: ]
[path_smooth: 0]
[interaction_constraints: ]
[verbosity: -1]
[saved_feature_importance_type: 0]
[use_quantized_grad: 0]
[num_grad_quant_bins: 4]
[quant_train_renew_leaf: 0]
[stochastic_rounding: 1]
[linear_tree: 0]
[max_bin: 255]
[max_bin_by_feature: ]
[min_data_in_bin: 3]
[bin_construct_sample_cnt: 200000]
[data_random_seed: 5095]
[is_enable_sparse: 1]
[enable_bundle: 1]
[use_missing: 1]
[zero_as_missing: 0]
[feature_pre_filter: 1]
[pre_partition: 0]
[two_round: 0]
[header: 0]
[label_column: ]
[weight_column: ]
[group_column: ]
[ignore_column: ]
[categorical_feature: ]
[forcedbins_filename: ]
[precise_float_parser: 0]
[parser_config_file: ]
[objective_seed: 4466]
[num_class: 1]
[is_unbalance: 0]
[scale_pos_weight: 1]
[sigmoid: 1]
[boost_from_average: 1]
[reg_sqrt: 0]
[alpha: 0.9]
[fair_c: 1]
[poisson_max_delta_step: 0.7]
[tweedie_variance_power: 1.5]
[lambdarank_truncation_level: 30]
[lambdarank_norm: 1]
[label_gain: ]
[lambdarank_position_bias_regularization: 0]
[eval_at: ]
[multi_error_top_k: 1]
[auc_mu_weights: ]
[num_machines: 1]
[local_listen_port: 12400]
[time_out: 120]
[machine_list_filename: ]
[machines: ]
[gpu_platform_id: -1]
[gpu_device_id: -1]
[gpu_device_id_list: ]
[gpu_use_dp: 0]
[num_gpu: 1]

end of parameters

pandas_categorical:[]
