tree
version=v4
num_class=1
num_tree_per_iteration=1
label_index=0
max_feature_idx=15
objective=regression_l1
feature_names=turbine_id__cat_0 turbine_id__cat_1 lead_hours ensemble_wind_speed_100m ecmwf_wind_speed_10m wind_speed_10m_mean ecmwf_surface_pressure day_of_year_cos day_of_year_sin ecmwf_wind_speed_100m gfs_wind_direction_100m_sin icon_wind_gusts_10m gfs_wind_direction_10m_cos hour_sin icon_wind_speed_100m gfs_relative_humidity_2m
feature_infos=[0:1] [0:1] [1:48] [0.41664999723434448:20.968591690063477] [0:13.510000228881836] [0.27666667103767395:14.170000076293945] [935.70001220703125:985] [-1:1] [-0.99999076128005981:0.99999076128005981] [0:20.879999160766602] [-1:1] [0.40000000596046448:35.900001525878906] [-1:1] [-1:1] [0:30.829999923706055] [4:100]
tree_sizes=2842 2969 2949 2951 2961 2963 2974 2958 2973 2975 2960 2978 2990 2982 2952 2972 2959 2964 2957 2962 2977 2974 2965 2949 2965 2963 2957 2980 2957 2970 2967 2986 2995 2994 2974 2986 2983 3003 2977 2978 2967 2982 2954 2996 2957 3004 2990 3008 2975 3005 2954 2989 2997 3002 3012 2992 2983 3009 3015 2996 2987 2974 3005 2992 2989 2990 2982 2994 2999 2988 2996 3028 2996 3007 3005 2997 2980 3033 2970 3002 3004 3016 3027 3022 2980 3006 3024 3004 3004 2987 2994 3016 2978 2996 3020 2979 2956 3041 2979 3000 2967 3026 3016 2980 3012 3019 3002 2982 3021 2997 2993 3019 2993 3014 2970 2967 3005 2968 3002 3019 2990 2996 3003 2997 2972 3006 2990 2990 2985 2991 3004 2975 2943 3006 2990 3007 2990 2991 2989 2974 2990 2978 2961

Tree=0
num_leaves=31
num_cat=0
split_feature=3 3 3 11 3 3 5 5 13 12 12 5 10 3 13 7 7 9 10 7 10 12 9 9 7 10 7 9 14 12
split_gain=19498.3 2476.73 1131.51 478.295 203.817 165.183 153.928 140.063 113.963 90.1387 74.7927 72.3253 79.4707 58.127 53.6153 52.0688 49.9168 48.7366 47.4145 45.5667 45.2357 82.0371 43.3757 42.07 41.3473 41.0217 38.7635 37.9507 42.8294 36.9355
threshold=6.2783856391906747 8.6450753211975115 4.6726553440094003 4.3500001430511483 7.0910170078277597 9.9609117507934588 1.9616667032241824 2.7183333635330205 0.12940952181816109 0.14780378341674807 -0.55191597342491139 4.4716665744781503 -0.71322327852249134 3.7537837028503422 -0.37940952181816096 0.41470260918140417 0.82438889145851146 8.8350000381469744 0.87032255530357372 0.78354993462562572 0.9238443672657014 0.35019405186176306 8.8850002288818377 6.5350000858306894 0.98217421770095836 0.90992662310600292 -0.52458885312080372 4.9749999046325692 4.7550001144409189 -0.14780378341674802
decision_type=2 2 2 2 2 2 2 2 2 2 2 2 2 2 2 2 2 10 2 2 2 2 8 10 2 2 2 10 10 2
left_child=2 3 6 9 16 20 -1 -4 25 19 -9 17 -13 -8 -11 23 27 -12 -17 -2 21 -3 -15 -10 -21 29 -7 -5 -29 -6
right_child=1 5 7 4 8 26 13 10 15 14 11 12 -14 22 -16 18 -18 -19 -20 24 -22 -23 -24 -25 -26 -27 -28 28 -30 -31
leaf_value=0.21441666102036833 0.22824999392032624 0.24366666227579117 0.21824999451637267 0.22399999424815178 0.23758332729339598 0.25574999302625656 0.21524999430403113 0.22449999451637268 0.22424999400973319 0.22533332780003548 0.21966666094958781 0.2209999941289425 0.22791666090488433 0.21733332760632038 0.21883332766592503 0.2331249937415123 0.22258332744240761 0.22658332735300063 0.22274999469518661 0.21749999448657037 0.2559999957680702 0.23508332818746566 0.22391666099429131 0.2353333279490471 0.22766666114330292 0.24449999481439591 0.26166666001081468 0.22408332750201226 0.22999999374151231 0.23191666156053542
leaf_weight=9630 1122 3253 3027 377 1617 1509 4769 1526 221 385 3378 659 539 4344 1037 318 532 227 535 217 1450 1191 192 1612 135 1083 8954 377 2154 1528
leaf_count=9630 1122 3253 3027 377 1617 1509 4769 1526 221 385 3378 659 539 4344 1037 318 532 227 535 217 1450 1191 192 1612 135 1083 8954 377 2154 1528
internal_value=0.22498 0.253342 0.1953 0.237267 0.242289 0.266355 0.188271 0.209537 0.247236 0.219312 0.213783 0.210722 0.221384 0.192905 0.210354 0.23914 0.232329 0.207188 0.228904 0.227975 0.259582 0.256985 0.197044 0.243879 0.212395 0.252356 0.270152 0.234904 0.237106 0.249381
internal_weight=57898 29607 28291 13250 10354 16357 18935 9356 6914 2896 6329 4803 1198 9305 1422 2686 3440 3605 853 1474 5894 4444 4536 1833 352 4228 10463 2908 2531 3145
internal_count=57898 29607 28291 13250 10354 16357 18935 9356 6914 2896 6329 4803 1198 9305 1422 2686 3440 3605 853 1474 5894 4444 4536 1833 352 4228 10463 2908 2531 3145
is_linear=0
shrinkage=1


Tree=1
num_leaves=31
num_cat=0
split_feature=3 3 3 14 3 3 3 13 3 4 3 7 7 7 13 12 4 7 12 7 7 15 7 8 7 6 6 15 10 12
split_gain=18394.2 2016.44 1449.25 318.17 199.928 172.45 146.55 125.689 92.8998 73.6484 68.8357 63.9896 62.9886 60.3974 57.486 56.5621 83.9775 51.5421 50.8361 49.5677 48.7289 41.5366 40.9828 46.1764 40.5649 49.7008 39.7846 65.8253 38.8792 72.6777
threshold=6.5075564384460458 8.6906785964965838 4.6726553440094003 4.805000066757203 5.9146845340728769 10.285099506378176 3.5574620962142949 0.37940952181816107 7.6600229740142831 6.2249999046325692 7.0910170078277597 0.82438889145851146 0.77275362610816967 0.98666161298751842 -1.0000000180025095e-35 -0.41467745602130884 4.6250000000000009 -0.52458885312080372 -0.63605400919914235 0.28604298830032354 0.71541279554367077 54.500000000000007 0.75047916173934948 -0.034374605864286416 -0.43414571881294245 947.64999389648449 951.25000000000011 42.500000000000007 0.9238443672657014 0.36648726463317877
decision_type=2 2 2 10 2 2 2 2 2 2 2 2 2 2 2 2 2 2 2 2 2 2 2 2 2 2 2 2 2 2
left_child=2 3 6 10 9 28 26 8 -5 12 -2 18 -4 -10 -12 -9 -17 -7 -6 -18 -8 -21 -16 -24 25 -20 27 -1 29 -3
right_child=1 5 4 7 11 17 20 15 13 -11 14 -13 -14 -15 22 16 19 -19 24 21 -22 -23 23 -25 -26 -27 -28 -29 -30 -31
leaf_value=-0.0097208330733701588 -0.0035666667111217982 0.018400000855326653 -0.0046499997936189173 0.0050312499888241291 0.0025375005789101124 0.030629167333245277 -0.0074708331702277066 0.0097750005871057519 0.013570833429694177 0.00268333399668336 0.0074916674010455601 -0.0047291664220392706 -0.007395833050832152 0.00090416692197322907 0.0012541668117046351 -0.0020833330601453788 0.0085833338648080831 0.035166665688157087 -0.0015333333238959316 -0.0045249998755753041 -0.0096791663905605677 0.0030291668325662618 0.00069999992847442633 -0.0097624998167157168 -0.0026624993979930873 0.0057666673697531236 -0.010179166379384697 -0.0081791663868352772 0.031199999973177912 0.011037500873208046
leaf_weight=4157 1060 3946 5930 3232 618 1235 5525 808 3041 209 572 590 1172 244 540 957 965 7887 553 131 1332 325 101 137 1233 413 6799 1132 1792 1336
leaf_count=4157 1060 3946 5930 3232 618 1235 5525 808 3041 209 572 590 1172 244 540 957 965 7887 553 131 1332 325 101 137 1233 413 6799 1132 1792 1336
internal_value=-0.000115563 0.0287119 -0.0276274 0.0132736 -0.0129255 0.0402506 -0.0359393 0.0173105 0.0212895 -0.0175847 -0.00298137 -0.00291618 -0.0184466 0.0272188 0.00450185 0.00915074 0.00524549 0.0448231 0.000230333 0.0129383 -0.0300423 -0.000650759 -0.00434227 -0.0213992 -0.00333485 0.00432544 -0.0392707 -0.0358802 0.0343269 0.0320787
internal_weight=57972 28309 29663 12113 10718 16196 18945 9703 6517 7311 2410 3407 7102 3285 1350 3186 2378 9122 2817 1421 6857 456 778 238 2199 966 12088 5289 7074 5282
internal_count=57972 28309 29663 12113 10718 16196 18945 9703 6517 7311 2410 3407 7102 3285 1350 3186 2378 9122 2817 1421 6857 456 778 238 2199 966 12088 5289 7074 5282
is_linear=0
shrinkage=0.05


Tree=2
num_leaves=31
num_cat=0
split_feature=3 3 3 11 3 3 5 3 11 9 3 9 12 5 10 11 6 4 12 8 9 9 5 4 14 12 8 8 6 15
split_gain=17652.1 2328.2 1100.29 424.544 195.999 184.237 165.088 123.946 94.3992 69.4755 64.7814 62.292 60.2073 73.0844 64.2101 53.3542 49.029 49.0274 71.0702 48.0794 46.7671 46.3643 43.7395 41.5051 41.0133 39.9562 39.6921 39.4231 37.9615 37.5331
threshold=6.2419481277465829 8.6906785964965838 4.6029245853424081 4.9500000476837167 9.6352167129516619 7.6600229740142831 1.9216666221618655 5.3556175231933603 3.6499999761581425 6.9149999618530282 3.5574620962142949 4.9749999046325692 -0.55191597342491139 4.4716665744781503 -0.58068084716796864 5.5499999523162851 960.35000610351574 6.5350000858306894 0.47714059054851538 -0.47434769570827479 8.1949996948242205 10.605000019073488 3.5149999856948857 6.1250000000000009 4.805000066757203 0.46173103153705602 -0.69870123267173756 -0.82801559567451466 951.35000610351574 37.500000000000007
decision_type=2 2 2 2 2 2 2 2 2 8 2 10 2 2 2 2 2 2 2 2 8 8 2 2 10 2 2 2 2 2
left_child=2 3 6 8 15 11 -1 28 22 -7 -8 16 26 23 29 21 -5 18 -6 27 -12 -3 -2 -14 -13 -21 -9 -10 -4 -15
right_child=1 4 7 5 17 9 10 12 19 -11 20 24 13 14 -16 -17 -18 -19 -20 25 -22 -23 -24 -25 -26 -27 -28 -29 -30 -31
leaf_value=-0.0096285413962323221 -0.0048174998527392753 0.003980000276118517 -0.0050966665120795373 -0.0033682291368022561 0.024940001327544453 0.0039867714792490008 -0.0089202080306131394 0.0031481248280033473 0.00090895815566182096 0.013661249365657569 -0.0072431248410139235 0.00042062550038099168 -0.0048508331431075932 -0.0047516662585549057 0.0054872923418879524 0.019711979739367964 0.0053945836909115308 0.033324999149888755 0.0088606258891522887 0.00057833366189151967 -0.0018222910335753116 0.015176563151180746 0.0013291672542691231 0.0027866667537018667 0.0050817714845761662 -0.0043334372043609629 -0.001247499636840075 0.0094836458191275598 -0.0064133331151679162 0.0035807288116775451
leaf_weight=9218 1253 669 2257 454 2571 476 4276 337 437 3641 4768 635 2630 432 379 3220 96 9010 254 1487 269 458 383 82 4165 186 1044 474 2289 110
leaf_count=9218 1253 669 2257 454 2571 476 4276 337 437 3641 4768 635 2630 432 379 3220 96 9010 254 1487 269 458 383 82 4165 186 1044 474 2289 110
internal_value=-0.000277754 0.0264795 -0.0287283 0.0112949 0.0393155 0.0171717 -0.0358357 -0.0149399 -0.00189349 0.0251213 -0.0310957 0.0110364 -0.00950389 -0.012878 -0.000701944 0.0301585 -0.00486486 0.0426647 0.0366961 0.00405562 -0.0271817 0.0206272 -0.0112736 -0.017004 0.0128616 -0.000983313 -0.000613276 0.0132642 -0.0209185 -0.0117002
internal_weight=57960 29869 28091 13687 16182 9467 18531 9560 4220 4117 9313 5350 5014 3633 921 4347 550 11835 2825 2584 5037 1127 1636 2712 4800 1673 1381 911 4546 542
internal_count=57960 29869 28091 13687 16182 9467 18531 9560 4220 4117 9313 5350 5014 3633 921 4347 550 11835 2825 2584 5037 1127 1636 2712 4800 1673 1381 911 4546 542
is_linear=0
shrinkage=0.05


Tree=3
num_leaves=31
num_cat=0
split_feature=3 3 3 11 3 5 3 4 12 9 11 7 11 12 5 12 7 8 13 4 9 7 8 13 7 4 7 12 10 12
split_gain=16472.1 1732.22 1585.51 369.255 262.48 174.803 130.195 111.204 114.495 83.1127 77.3449 73.7615 72.8441 64.5683 70.0928 64.3085 53.4604 60.5459 53.1134 50.7519 49.5771 48.1768 54.8235 46.2795 44.8669 44.7224 44.217 42.0673 38.4394 38.4118
threshold=6.7901988029479989 4.6368768215179452 9.1771998405456561 4.9500000476837167 5.9146845340728769 1.9016666412353518 7.6600229740142831 6.7550001144409189 0.46173103153705602 6.9649999141693124 3.6499999761581425 0.77275362610816967 3.8500000238418584 -0.47714059054851526 3.3449999094009404 -0.44618082046508784 0.95506030321121227 0.021515898406505588 0.12940952181816109 6.2249999046325692 8.8350000381469744 -0.52458885312080372 -0.61794704198837269 0.37940952181816107 0.98372149467468273 3.9250000715255742 0.82438889145851146 0.04361772537231446 0.9238443672657014 0.43049471080303198
decision_type=2 2 2 2 2 2 2 2 2 8 2 2 2 2 2 2 2 2 2 2 8 2 2 2 2 2 2 2 2 2
left_child=1 5 3 10 11 -1 15 8 -4 -8 -2 19 27 20 -15 -5 18 -18 28 23 -7 22 -9 -3 -10 -17 -14 -6 -11 -19
right_child=2 4 7 6 12 13 9 21 24 16 -12 -13 26 14 -16 25 17 29 -20 -21 -22 -23 -24 -25 -26 -27 -28 -29 -30 -31
leaf_value=-0.009147114326420706 -0.0031716457645641644 -0.0029876663509290666 0.021733001461438833 0.0089924219700973484 -0.00061283335576299558 -0.0065645779937447517 0.0041610683333128699 0.0070186584766022868 0.01275509522650391 0.012427874931972477 0.002536187740927562 -0.0068001664012204855 0.0013161779287504027 -0.0084643017261638309 -0.0054643017932190568 -0.0017392445277888331 0.012175895764864983 0.0024488120967522259 0.012141397944372148 0.0022373329502064737 0.0016924692139145923 0.031908748953975739 0.026764792978204791 -0.0056751664701383559 -0.0020346982946619382 0.0042151823768857869 -0.0035882916888687767 -0.0051091247427742931 0.025663397430814805 -0.0046020728286355738
leaf_weight=8943 1090 3883 4368 1052 549 2424 635 154 377 2248 2283 1213 3290 6008 1267 416 318 99 1780 215 101 7530 1261 2190 191 1966 561 638 823 114
leaf_count=8943 1090 3883 4368 1052 549 2424 635 154 377 2248 2283 1213 3290 6008 1267 416 318 99 1780 215 101 7530 1261 2190 191 1966 561 638 823 114
internal_value=-0.000425059 -0.0250455 0.0284145 0.01573 -0.0106545 -0.0346677 0.0207963 0.0401231 0.0340012 0.0252325 0.00152457 -0.0165801 -0.00182431 -0.0300153 -0.0324245 0.012998 0.0272508 0.0120336 0.0289024 -0.0143811 -0.0230237 0.0434804 0.0346831 -0.015227 0.01274 0.00842061 0.00151712 -0.0126258 0.0329161 -0.00848624
internal_weight=57987 31282 26705 12824 12539 18743 9451 13881 4936 6017 3373 7501 5038 9800 7275 3434 5382 531 4851 6288 2525 8945 1415 6073 568 2382 3851 1187 3071 213
internal_count=57987 31282 26705 12824 12539 18743 9451 13881 4936 6017 3373 7501 5038 9800 7275 3434 5382 531 4851 6288 2525 8945 1415 6073 568 2382 3851 1187 3071 213
is_linear=0
shrinkage=0.05


Tree=4
num_leaves=31
num_cat=0
split_feature=3 3 3 11 3 3 4 14 9 12 7 13 8 8 7 9 3 6 15 9 6 8 6 7 8 6 12 7 4 4
split_gain=15813.8 2128.75 1160.75 275.568 262.781 193.922 136.856 133.232 112.856 88.9631 75.9573 74.6126 58.3954 60.1937 56.9215 54.1078 51.6794 49.1674 90.3247 47.305 45.695 40.0036 66.1594 38.3785 40.9149 38.0611 37.4733 37.2752 36.1742 36.0656
threshold=7.0547201633453378 4.9717934131622323 9.2284049987792987 5.5499999523162851 3.5574620962142949 5.960015296936036 7.5050001144409189 4.7550001144409189 7.0650000572204599 0.46173103153705602 0.71541279554367077 1.0000000180025095e-35 0.61794704198837291 0.021515898406505588 0.75047916173934948 5.0250000953674325 8.0372309684753436 951.25000000000011 42.500000000000007 8.2349996566772479 946.85000610351574 0.10738035291433336 953.95001220703136 0.65926796197891246 0.91585582494735729 957.14999389648449 0.0087262028828263612 -0.52458885312080372 2.6350001096725468 6.1250000000000009
decision_type=2 2 2 2 2 2 2 10 8 2 2 2 2 2 2 10 2 2 2 8 2 2 2 2 2 2 2 2 2 2
left_child=1 4 3 11 17 14 9 23 -5 20 19 -2 13 -13 29 -9 -10 18 -1 -6 -4 -11 -23 24 -7 -21 -25 -8 -16 -3
right_child=2 5 6 8 10 7 27 15 16 21 -12 12 -14 -15 28 -17 -18 -19 -20 25 -22 22 -24 26 -26 -27 -28 -29 -30 -31
leaf_value=-0.008379341980561731 0.0057367020529252473 -0.0033166998094692835 0.014764058350296689 0.0035829342204763098 -0.0063027395651655401 -0.00026998311499017434 0.026509885629480708 -0.00266057676900411 0.0088842679397994669 0.015979979921346532 -0.0082147586207167479 0.00031657379824551749 0.0053690660720714352 -0.0063587925746734254 -0.0080486998361465507 0.0025901025834993915 0.015458667569332757 -0.0087730919570924003 -0.0070376353932058563 0.00076753316225658679 0.024729980517392981 0.028539368848809976 -0.00047900384039618052 -0.00012535789682413534 -0.0059336685194005256 -0.0060329617602942753 -0.0060676580550591457 0.030396647740369667 -0.0036143249100004313 0.0017748832745780236
leaf_weight=4158 1613 4506 694 1344 6581 1087 972 665 2540 525 1614 1022 639 459 422 3545 3765 6827 1131 307 6026 126 333 195 345 170 571 4957 577 197
leaf_count=4158 1613 4506 694 1344 6581 1087 972 665 2540 525 1614 1022 639 459 422 3545 3765 6827 1131 307 6026 126 333 195 345 170 571 4957 577 197
internal_value=-0.000605166 -0.0233869 0.0293545 0.0175551 -0.0330929 -0.00671894 0.0391956 -0.00074848 0.022988 0.0347386 -0.0264147 0.00640717 0.000235294 -0.00521534 -0.0134221 0.00446026 0.0257924 -0.0378599 -0.0341235 -0.0241399 0.036803 0.0205258 0.00959052 -0.0107127 -0.00584551 -0.00881743 -0.0197147 0.0449528 -0.024253 -0.0110981
internal_weight=57913 32898 25015 11382 20788 12110 13633 6408 7649 7704 8672 3733 2120 1481 5702 4210 6305 12116 5289 7058 6720 984 459 2198 1432 477 766 5929 999 4703
internal_count=57913 32898 25015 11382 20788 12110 13633 6408 7649 7704 8672 3733 2120 1481 5702 4210 6305 12116 5289 7058 6720 984 459 2198 1432 477 766 5929 999 4703
is_linear=0
shrinkage=0.05


Tree=5
num_leaves=31
num_cat=0
split_feature=3 3 3 3 11 14 4 3 12 9 9 8 11 12 7 13 6 7 7 15 4 5 7 15 12 7 12 7 6 8
split_gain=14848.4 2024.58 1176.51 297.081 258.39 157.297 143.962 139.328 94.8749 90.7358 73.4154 69.4494 64.3728 66.1619 63.5197 62.9148 60.2744 57.7712 56.9965 55.9781 64.2211 53.7454 51.06 49.7913 47.8987 47.4017 46.1552 44.1905 43.4135 43.0853
threshold=7.0547201633453378 5.0507762432098398 9.2789158821105975 3.5574620962142949 4.9500000476837167 4.7550001144409189 7.2850000858306894 5.960015296936036 0.46173103153705602 7.5350000858306894 7.5950000286102304 -0.70785933732986439 6.2500000000000009 0.44618082046508795 -0.38713158667087549 -0.37940952181816096 946.54998779296886 0.87828615307807933 0.71541279554367077 38.500000000000007 3.745000004768372 3.6283334493637089 -0.94573098421096791 49.500000000000007 -0.53727915883064259 -0.97013339400291432 -0.36648726463317866 -0.52458885312080372 946.64999389648449 0.10738035291433336
decision_type=2 2 2 2 2 10 2 2 2 8 8 2 2 2 2 2 2 2 2 2 2 2 2 2 2 2 2 2 2 2
left_child=1 3 4 22 21 11 8 -7 28 23 18 15 13 16 -13 -3 -11 -9 -5 -16 -21 -2 25 26 -24 -1 -6 -8 -4 -10
right_child=2 5 6 10 9 7 27 17 29 12 -12 14 -14 -15 19 -17 -18 -19 -20 20 -22 -23 24 -25 -26 -27 -28 -29 -30 -31
leaf_value=-0.0072103747585990641 -0.00099631066611048365 0.0034168223334583451 0.013232897710199932 -0.0060933716951713296 0.013200829459410833 -0.0026471981268501852 0.024653271321482956 0.0023098929390664553 0.01424232270387793 -0.0029453187693811475 -0.0025053743135652197 -0.0019490040683852565 0.013731133926827227 -0.0014422536775672318 -0.0078993231059467667 -0.0022711237378501398 0.01054598498218955 -0.003240410129260447 -0.0078032194913891725 -0.0058316034223282465 -0.0021354925430020085 0.00371096536785792 -0.0078344373704136525 0.00020426132940495195 -0.008334437359237782 -0.0041853497990628026 0.0042599193497017849 0.028876815353351182 0.02289767911094101 0.0033267695239502949
leaf_weight=881 1573 410 556 6730 504 2600 1098 3698 458 115 748 1372 4978 331 567 702 1104 514 1690 1008 779 1304 3047 654 7694 418 1023 5601 5362 402
leaf_count=881 1573 410 556 6730 504 2600 1098 3698 458 115 748 1372 4978 331 567 702 1104 514 1690 1008 779 1304 3047 654 7694 418 1023 5601 5362 402
internal_value=-0.000698305 -0.0228068 0.0282851 -0.032004 0.0165905 -0.00605749 0.0383289 -0.00115887 0.0331269 0.0208802 -0.0251935 -0.0129465 0.0238328 0.0148553 -0.0162155 -0.00196956 0.0202206 0.00445815 -0.0265282 -0.0211954 -0.016769 0.00359126 -0.0371773 0.0120082 -0.0383259 -0.027569 0.0169386 0.0435635 0.0353875 0.0174566
internal_weight=57921 32858 25063 21208 11586 11650 13477 6812 6778 8709 9168 4838 6528 1550 3726 1112 1219 4212 8420 2354 1787 2877 12040 2181 10741 1299 1527 6699 5918 860
internal_count=57921 32858 25063 21208 11586 11650 13477 6812 6778 8709 9168 4838 6528 1550 3726 1112 1219 4212 8420 2354 1787 2877 12040 2181 10741 1299 1527 6699 5918 860
is_linear=0
shrinkage=0.05


Tree=6
num_leaves=31
num_cat=0
split_feature=3 3 3 11 5 4 3 5 12 11 3 3 10 5 13 4 12 11 10 12 4 12 5 10 11 12 12 7 7 7
split_gain=14029.3 1759.94 1328.89 327.984 195.722 183.691 152.265 147.114 85.0004 84.0503 83.0545 75.4945 64.8489 59.1775 57.9965 55.9544 52.8341 53.2827 103.598 52.7191 56.3519 51.1447 55.9162 73.5404 50.6531 49.2041 41.3281 40.9652 40.958 39.9133
threshold=6.5075564384460458 9.1771998405456561 4.6726553440094003 4.9500000476837167 1.9016666412353518 7.5050001144409189 7.7791011333465585 2.5916665792465214 0.47714059054851538 3.6499999761581425 5.3556175231933603 3.4410552978515629 0.9238443672657014 4.0350000858306894 0.60355338454246532 6.3150000572204599 -0.44618082046508784 7.2500000000000009 -0.8703225553035735 -0.41467745602130884 4.6849999427795419 -0.52247866988182057 4.4216666221618661 -0.95878320932388295 8.6500000953674334 -0.5663846731185912 -0.16504132002592084 -0.52458885312080372 -0.39505837857723231 -0.33100557327270502
decision_type=2 2 2 2 2 2 2 2 2 2 2 2 2 2 2 2 2 2 2 2 2 2 2 2 2 2 2 2 2 2
left_child=2 3 4 9 25 8 16 26 13 28 -9 -6 19 -3 -14 21 -5 -18 -19 -8 -21 -12 -23 -24 -10 -1 -4 -7 -2 -20
right_child=1 5 7 6 11 27 12 10 24 -11 15 -13 14 -15 -16 -17 17 18 29 20 -22 22 23 -25 -26 -27 -28 -29 -30 -31
leaf_value=-0.0074254817266139047 0.0029584446331330744 0.0066396341292011335 -0.0043781229229363896 0.0072997286626444342 -0.0073215435880777738 0.024189035222268385 0.015301039753219826 -0.0037499979668948152 0.0037544888471398282 0.0018819390436524003 0.00060078665432257016 -0.0056971274916479435 0.021119530247411474 0.021776633251999574 0.0086938857186387893 0.0046000475907413702 -0.00026366543331261122 0.00049565301084970729 0.017209715201888388 0.0013626021510139239 0.0081806657613521776 -0.0032525667347155572 -0.003003196473127251 0.0044335672022996434 0.020964442450288293 -0.007917715491275892 -0.0070843527286185903 0.027432974585683625 -0.0044630720376026174 0.0082668736417350966
leaf_weight=3096 263 295 1269 1477 4019 989 1250 2607 485 2591 1582 5934 1014 6763 288 255 1303 1192 429 648 2290 2564 616 646 390 5951 1218 4965 1068 483
leaf_count=3096 263 295 1269 1477 4019 989 1250 2607 485 2591 1582 5934 1014 6763 288 255 1303 1192 429 648 2290 2564 616 646 390 5951 1218 4965 1068 483
internal_value=-0.000742083 0.024537 -0.0246842 0.0122159 -0.0326335 0.0372121 0.0168706 -0.0106346 0.0321807 -0.000101859 -0.00741994 -0.0277616 0.0225842 0.0340082 0.0323642 -0.00401376 0.0104316 0.00699004 0.0119014 0.0195087 0.0158002 -0.00509884 -0.0082224 0.000394633 0.0173295 -0.037975 -0.0212881 0.0438832 -0.0102919 0.0245365
internal_weight=57940 28183 29757 14296 19000 13887 10374 10757 7933 3922 8270 9953 5490 7058 1302 5663 4884 3407 2104 4188 2938 5408 3826 1262 875 9047 2487 5954 1331 912
internal_count=57940 28183 29757 14296 19000 13887 10374 10757 7933 3922 8270 9953 5490 7058 1302 5663 4884 3407 2104 4188 2938 5408 3826 1262 875 9047 2487 5954 1331 912
is_linear=0
shrinkage=0.05


Tree=7
num_leaves=31
num_cat=0
split_feature=3 3 3 11 4 3 3 3 12 11 4 7 9 7 15 11 6 12 11 10 7 7 8 12 6 12 9 9 13 15
split_gain=13217.1 1875.11 1034.68 353.854 217.668 177.74 175.563 96.9784 96.8993 82.6862 70.2941 65.5032 71.6916 61.4859 54.5695 53.1794 51.5366 48.8522 59.4455 86.1543 55.3101 46.443 43.5385 52.1327 42.7866 42.6829 39.9574 39.4903 38.0943 37.2725
threshold=6.2783856391906747 9.1771998405456561 4.6029245853424081 4.9500000476837167 7.1250000000000009 7.6600229740142831 2.7989460229873662 5.3556175231933603 0.33379416167736059 3.6499999761581425 3.6450001001358037 0.89029943943023693 6.9149999618530282 0.63303324580192577 42.500000000000007 5.2500000000000009 950.85000610351574 -0.50751903653144825 5.9500000476837167 -0.64942333102226246 -0.55354335904121388 0.77275362610816967 0.021515898406505588 0.50751903653144848 946.54998779296886 0.46173103153705602 5.0250000953674325 6.7750000953674325 0.12940952181816109 47.500000000000007
decision_type=2 2 2 2 2 2 2 2 2 2 2 2 8 2 2 2 2 2 2 2 2 2 2 2 2 2 10 10 2 2
left_child=2 3 6 9 8 26 -1 21 24 -2 13 12 -7 14 -8 -10 -6 -9 27 -20 -21 -4 -13 -24 -3 -11 -5 -19 -16 -29
right_child=1 4 7 5 16 11 10 17 15 25 -12 22 -14 -15 28 -17 -18 18 19 20 -22 -23 23 -25 -26 -27 -28 29 -30 -31
leaf_value=-0.0075218297167120975 -0.0030256439221445818 0.012249204287136601 -0.0039966646340875269 -0.0014420326263199302 0.022977992483329681 0.0036638211638995973 -0.0063490266794016849 4.8941146281357434e-05 -0.00149992860353224 0.0022878416146326214 -0.004740505269197455 0.0094615477477163062 0.012579959836588078 -0.007434640582379054 -0.0039586024886545416 0.013356886370435375 0.026061325856399444 -0.005205098396599315 -0.0029756017096574175 0.010129177839765812 -0.00012931868043804113 -0.006506134297977916 0.0016795661682192154 -0.0063463037277429087 0.020687801589399594 -0.0031023304732514913 0.003468291349319 -0.0052548418630114155 -0.0066016509513620843 0.00087490482124039234
leaf_weight=7356 1601 518 3875 540 1963 519 4604 1514 234 2567 1388 460 4685 2561 1019 1571 5393 1214 871 246 419 698 258 109 4198 307 4662 541 1624 414
leaf_count=7356 1601 518 3875 540 1963 519 4604 1514 234 2567 1388 460 4685 2561 1019 1571 5393 1214 871 246 419 698 258 109 4198 307 4662 541 1624 414
internal_value=-0.00086564 0.0225093 -0.0252637 0.0106727 0.035899 0.0154075 -0.0322035 -0.0121057 0.0291986 -0.00121652 -0.0282296 0.0212475 0.023325 -0.0297259 -0.0273235 0.0192541 0.041815 -0.00743683 -0.0105256 -0.00298507 0.0105224 -0.0174203 0.00811298 -0.0047043 0.0329803 0.00385551 0.00862301 -0.0158464 -0.0215068 -0.00817708
internal_weight=57929 29585 28344 15708 13877 11233 18552 9792 6521 4475 11196 6031 5204 9808 7247 1805 7356 5219 3705 1536 665 4573 827 367 4716 2874 5202 2169 2643 955
internal_count=57929 29585 28344 15708 13877 11233 18552 9792 6521 4475 11196 6031 5204 9808 7247 1805 7356 5219 3705 1536 665 4573 827 367 4716 2874 5202 2169 2643 955
is_linear=0
shrinkage=0.05


Tree=8
num_leaves=31
num_cat=0
split_feature=3 3 3 3 3 4 11 11 3 12 10 8 7 7 8 12 10 6 4 5 10 12 11 10 4 12 4 5 8 6
split_gain=12376.6 1891.78 1002.04 362.499 189.727 173.047 156.134 133.376 101.345 74.3764 74.1342 71.5877 67.2193 65.3173 83.0742 61.3649 55.5833 48.9367 48.4482 45.9324 47.9367 45.1027 53.8661 124.57 44.4434 50.2777 44.1293 43.2831 40.9523 55.4395
threshold=6.2419481277465829 9.5360808372497576 3.9562833309173588 7.8616240024566659 5.0507762432098398 7.6150000095367441 3.8500000238418584 5.5499999523162851 2.6820437908172612 0.33379416167736059 0.9238443672657014 0.69016700983047496 0.77275362610816967 0.87828615307807933 0.073094449937343611 -0.30069434642791742 0.89490029215812694 950.85000610351574 6.0850000381469735 2.4616667032241826 -0.90255093574523915 -0.55191597342491139 6.9500000476837167 -0.67556449770927418 2.6049998998641972 -0.63605400919914235 4.8150000572204599 3.495000004768372 0.10738035291433336 958.04998779296886
decision_type=2 2 2 2 2 2 2 2 2 2 2 2 2 2 2 2 2 2 2 2 2 2 2 2 2 2 2 2 2 2
left_child=2 3 8 6 19 9 -2 11 -1 -3 15 -5 18 -8 -15 -9 28 -7 21 -4 -21 -6 -23 -24 25 -10 -17 -27 -11 -30
right_child=1 5 4 7 12 17 13 10 24 16 -12 -13 -14 14 -16 26 -18 -19 -20 20 -22 22 23 -25 -26 27 -28 -29 29 -31
leaf_value=-0.0071457382308764937 -0.0030164640219166681 0.020986746551929433 -0.0062556690191347547 0.0013093080708083994 -0.00014014322387342695 0.023370758055581961 0.0031522698912375374 0.014104841923483463 -0.0057132608279462059 0.011091921674063821 0.020819333428559437 0.0079118910191669448 -0.0045461902926680238 0.0039615827357771726 -0.0053434146375236939 0.00049050095736460355 0.021908680243580739 0.024864566365873253 0.002873083086024149 -0.0047875620593663647 -0.0031903108991485837 -0.0040256743311487776 -0.0034871536717871209 0.0049620711179846873 -0.0053375203271748793 -0.0069713484626747263 0.0078366558833334096 -0.00084194932754299645 0.0098889155950717799 -0.0031210711470843091
leaf_weight=6618 1642 4867 2847 1746 1570 1476 6569 1720 1655 653 1430 623 1166 662 512 497 794 3994 265 1662 2089 2511 736 570 2071 4190 2156 122 318 248
leaf_count=6618 1642 4867 2847 1746 1570 1476 6569 1720 1655 653 1430 623 1166 662 512 497 794 3994 265 1662 2089 2511 736 570 2071 4190 2156 122 318 248
internal_value=-0.00097182 0.0214078 -0.0248139 0.0108558 -0.0149318 0.0363982 0.00414803 0.018552 -0.0338517 0.0310675 0.0226326 0.00852991 -0.00907226 0.00711797 -0.00373198 0.0193582 0.0228692 0.0430685 -0.00680573 -0.0209753 -0.0172923 -0.00783568 -0.0107666 -0.00251716 -0.0300261 -0.0322421 0.014541 -0.035117 0.0160539 0.0061296
internal_weight=57979 29907 28072 17557 13416 12350 9385 8172 14656 6880 5803 2369 6818 7743 1174 4373 2013 5470 5652 6598 3751 5387 3817 1306 8038 5967 2653 4312 1219 566
internal_count=57979 29907 28072 17557 13416 12350 9385 8172 14656 6880 5803 2369 6818 7743 1174 4373 2013 5470 5652 6598 3751 5387 3817 1306 8038 5967 2653 4312 1219 566
is_linear=0
shrinkage=0.05


Tree=9
num_leaves=31
num_cat=0
split_feature=5 9 5 5 9 9 9 5 12 14 14 5 5 14 12 10 12 10 9 13 12 9 12 10 14 13 4 12 15 8
split_gain=10678.6 1744.57 1284.7 637.735 355.436 226.178 199.228 177.652 147.482 133.774 92.4242 83.7383 83.7211 75.1743 69.4815 63.118 54.3961 52.1572 53.2637 52.4819 54.9932 47.4745 47.0574 44.8713 68.8329 44.4414 45.9429 43.6481 42.9222 46.4424
threshold=3.6516667604446416 7.9649999141693124 2.5283333063125615 5.5950000286102304 5.1949999332427987 9.8949999809265154 6.5350000858306894 1.9016666412353518 0.39873388409614569 5.3550000190734872 4.6749999523162851 4.4449999332427987 4.0350000858306894 3.8549998998641972 0.33379416167736059 0.93038213253021251 -0.53727915883064259 0.87032255530357372 11.484999656677248 -0.37940952181816096 -0.26722820103168482 3.9150000810623173 -0.18222858756780622 0.9238443672657014 9.2550001144409197 0.12940952181816109 6.4949998855590829 0.19936034083366397 18.500000000000004 0.8730936348438264
decision_type=2 8 2 2 8 10 10 2 2 10 10 2 2 8 2 2 2 2 8 2 2 10 2 2 10 2 2 2 2 2
left_child=2 6 7 8 22 15 11 16 12 14 -8 -2 -3 21 -6 -5 -1 18 -14 -19 -21 -9 -4 24 -7 -10 -27 -22 -11 -30
right_child=1 3 4 5 9 23 10 13 25 28 -12 -13 17 -15 -16 -17 -18 19 -20 20 27 -23 -24 -25 -26 26 -28 -29 29 -31
leaf_value=-0.0063723624796041302 -0.0037954646419022103 0.00392542331418039 -0.0039211105847260135 0.0091972707034773341 -0.0014318321751097458 0.017427980265750442 -0.0030504853290375766 -0.0065911367570171409 0.0071891688821786237 0.0074857764749598557 0.0048923326462130823 0.0001183593975941838 0.011405950919067976 -0.004917427041825434 -0.0044316111493207791 0.022602605054707486 -0.0067884513193326688 0.02327047549390206 0.00075838608398087065 -0.0036388162884472353 0.018043854941297132 -0.0056585674863568062 -0.0053665236414239294 0.023830028255218808 0.023515031245285811 -0.0019221135174824254 0.0056117288093970215 0.01086946582587771 -8.1097983149966413e-06 0.0077714246575737028
leaf_weight=3232 2155 1458 1276 2394 3564 1337 649 2571 877 127 3196 2025 2013 2540 1522 784 6019 973 471 82 844 2478 2668 2458 4657 896 387 1036 2740 445
leaf_count=3232 2155 1458 1276 2394 3564 1337 649 2571 877 127 3196 2025 2013 2540 1522 784 6019 973 471 82 844 2478 2668 2458 4657 896 387 1036 2740 445
internal_value=-0.00110576 0.0205527 -0.0224004 0.0282338 -0.0101401 0.0359777 0.000765878 -0.0313802 0.0182537 -0.00431989 0.00897403 -0.00678614 0.0218323 -0.0256716 -0.00940876 0.0245366 -0.0360469 0.0246958 0.0192849 0.0292347 0.0244026 -0.0292145 -0.022512 0.0402625 0.037823 0.00683603 0.000892857 0.0261538 0.00349714 0.00233542
internal_weight=57874 28692 29182 20667 12342 11630 8025 16840 9037 8398 3845 4180 6877 7589 5086 3178 9251 5419 2484 2935 1962 5049 3944 8452 5994 2160 1283 1880 3312 3185
internal_count=57874 28692 29182 20667 12342 11630 8025 16840 9037 8398 3845 4180 6877 7589 5086 3178 9251 5419 2484 2935 1962 5049 3944 8452 5994 2160 1283 1880 3312 3185
is_linear=0
shrinkage=0.05


Tree=10
num_leaves=31
num_cat=0
split_feature=3 3 3 11 3 11 3 10 3 9 5 5 5 12 7 6 6 11 13 9 5 12 12 12 9 7 10 11 12 6
split_gain=11105.1 1550.1 1219.04 266.602 234.774 155.221 147.869 96.6692 93.9086 88.663 82.6658 76.565 67.0748 61.4155 58.942 72.132 53.6943 51.2728 50.8266 50.6045 48.7745 48.4529 48.3016 48.2689 45.5798 46.2308 44.7664 63.9879 66.2287 43.7494
threshold=6.5075564384460458 9.5905880928039569 3.888119220733643 5.3500001430511483 5.3556175231933603 8.5500001907348651 7.7791011333465585 0.9238443672657014 2.5539633035659794 9.7049999237060565 2.0449999570846562 3.5149999856948857 2.5283333063125615 0.46173103153705602 0.96468064188957225 958.75000000000011 948.85000610351574 3.8500000238418584 0.60355338454246532 8.2349996566772479 5.0750000476837167 -0.3172925859689712 0.31729258596897131 -0.63605400919914235 4.305000066757203 -0.94573098421096791 -0.9914070963859557 9.0500001907348651 -0.49240480363368982 951.35000610351574
decision_type=2 2 2 2 2 2 2 2 2 10 2 2 2 2 2 2 2 2 2 8 2 2 2 2 8 2 2 2 2 2
left_child=2 3 8 11 10 13 26 14 -1 -7 -4 17 -6 16 21 -16 -3 -2 -9 29 -20 -8 -13 -10 25 -25 -5 28 -28 -12
right_child=1 5 4 6 12 9 7 18 23 -11 19 22 -14 -15 15 -17 -18 -19 20 -21 -22 -23 -24 24 -26 -27 27 -29 -30 -31
leaf_value=-0.0064490287533660352 -0.003225580319051095 0.00473899866192038 -0.0062420109018371632 -0.00052300287401377688 -0.0052618228310670105 0.013666488412445728 0.01354672858509498 0.020243879214419093 -0.0048761965395547804 0.022339279683021518 -0.0034059760616378131 0.0053524639923213354 -0.00093274398602443548 0.0039871408833732219 -0.0045631660244499356 0.0082683453683888072 0.018887333472691031 0.00069876664405185424 -0.0041281824285530708 -0.00031677418478568976 0.017119756322075286 0.0068014508189020752 -0.00039597231757860233 -0.0043520177872074352 -0.0055966348448371304 -0.0063765574555506065 0.007363384562025105 0.0081412764673775683 0.00011235092719292378 -0.0046272972022131141
leaf_weight=5966 1118 339 1537 792 833 1182 1687 1259 2100 7256 3534 1790 5785 466 210 276 2791 1319 141 603 215 2767 963 469 1576 4105 992 1040 1640 3243
leaf_count=5966 1118 339 1537 792 833 1182 1687 1259 2100 7256 3534 1790 5785 466 210 276 2791 1319 141 603 215 2767 963 469 1576 4105 992 1040 1640 3243
internal_value=-0.0010845 0.0213697 -0.0224005 0.0112711 -0.0127124 0.0349614 0.0156704 0.0204497 -0.0329794 0.0386829 -0.0180061 0.00192493 -0.00557149 0.0261872 0.0169464 0.000407332 0.0287081 -0.00452498 0.0310802 -0.0157888 0.0141274 0.0187486 0.00763234 -0.029473 -0.0317303 -0.034287 0.00863728 0.01096 0.00678802 -0.017023
internal_weight=57994 28243 29751 16209 15535 12034 11019 6555 14216 8438 8917 5190 6618 3596 4940 486 3130 2437 1615 7380 356 4454 2753 8250 6150 4574 4464 3672 2632 6777
internal_count=57994 28243 29751 16209 15535 12034 11019 6555 14216 8438 8917 5190 6618 3596 4940 486 3130 2437 1615 7380 356 4454 2753 8250 6150 4574 4464 3672 2632 6777
is_linear=0
shrinkage=0.05


Tree=11
num_leaves=31
num_cat=0
split_feature=5 4 5 9 9 14 5 14 12 14 13 10 12 6 6 5 12 12 10 6 4 5 15 8 8 8 2 10 5 5
split_gain=9524.18 1669.36 1124.53 670.92 287.445 212.174 196.86 148.545 119.162 98.7707 85.1298 122.056 96.6703 81.1259 79.8387 78.6379 77.258 73.2587 65.0609 62.2023 61.5895 57.4026 56.3623 55.8384 53.1178 71.7123 48.8467 45.3925 43.8633 42.8535
threshold=3.5649999380111699 6.5350000858306894 2.5283333063125615 7.1549999713897714 4.5750000476837167 8.2950000762939471 1.9216666221618655 8.8150000572204608 -0.50751903653144825 8.2150001525878924 1.0000000180025095e-35 0.90992662310600292 0.31729258596897131 948.64999389648449 950.85000610351574 4.4449999332427987 -0.50751903653144825 -0.52247866988182057 0.30069434642791754 954.04998779296886 7.8949999809265146 3.1450001001358037 34.500000000000007 0.93168920278549205 -0.20061247795820233 -0.10296135023236273 4.5000000000000009 0.87878364324569713 4.1516666412353525 5.5950000286102304
decision_type=2 2 2 8 8 10 2 10 2 10 2 2 2 2 2 2 2 2 2 2 2 2 2 2 2 2 2 2 2 2
left_child=2 3 6 9 -4 13 17 10 -6 15 11 -5 26 -3 29 -2 -8 -1 -17 28 24 -10 -18 -20 -16 -26 -12 -15 -14 -7
right_child=1 5 4 7 8 14 16 -9 21 -11 12 -13 19 27 20 18 22 -19 23 -21 -22 -23 -24 -25 25 -27 -28 -29 -30 -31
leaf_value=-0.0057425984985540312 -0.0034256260257120503 0.0055519993883907139 -0.0049415992018884197 0.0047345178160705 0.00088522350416141843 0.0010814201597250746 -0.0039812822772688217 0.013733259057079976 -0.003258360811102208 0.0042692253562591712 0.011294028244975694 0.013298286506854343 -0.0029400647414607457 0.0097632619886561696 0.021206565848373795 -0.0020287839462849347 -0.0060352395626924495 -0.006126577315697733 0.0064206165065526268 -0.0027937428202488277 0.021472315460451863 -0.00099623367735942464 -0.0056275114286582807 -0.0073301054732907616 -0.0043616286833332574 0.019642108148754112 0.0043846433612170057 0.019876196207771767 0.0073837087341112554 0.018685422574913974
leaf_weight=3394 2863 1075 2908 3333 2664 147 2407 3121 3240 1037 590 1378 168 761 1262 1407 1718 6124 749 1228 2945 2607 3197 113 127 1186 1626 2080 445 2005
leaf_count=3394 2863 1075 2908 3333 2664 147 2407 3121 3240 1037 590 1378 168 761 1262 1407 1718 6124 749 1228 2945 2607 3197 113 127 1186 1626 2080 445 2005
internal_value=-0.00130806 0.0184884 -0.0220758 0.00897968 -0.00995711 0.033296 -0.0302879 0.0159198 -0.00531353 -0.00439747 0.0125727 0.0171438 0.00725012 0.0237694 0.0381399 -0.00724158 -0.024089 -0.0350415 -0.00028584 -0.00121885 0.0413575 -0.00930451 -0.0276931 0.010496 0.0355233 0.0282625 0.0142729 0.0281975 0.0117314 0.0298099
internal_weight=57905 29646 28259 18058 11419 11588 16840 11889 8511 6169 8768 4711 4057 3916 7672 5132 7322 9518 2269 1841 5520 5847 4915 862 2575 1313 2216 2841 613 2152
internal_count=57905 29646 28259 18058 11419 11588 16840 11889 8511 6169 8768 4711 4057 3916 7672 5132 7322 9518 2269 1841 5520 5847 4915 862 2575 1313 2216 2841 613 2152
is_linear=0
shrinkage=0.05


Tree=12
num_leaves=31
num_cat=0
split_feature=5 5 4 14 14 4 14 15 15 4 6 6 10 11 4 12 4 8 10 12 7 15 6 2 4 8 12 13 8 15
split_gain=9181.9 1623.07 1196.18 302.489 245.188 208.797 185.204 147.314 133.945 117.439 99.4195 91.9799 84.2734 86.6437 76.3214 72.5049 76.9796 67.3529 66.2251 67.2983 64.762 74.4916 60.9878 61.0488 60.8773 59.9541 58.9254 58.8655 55.0671 53.4951
threshold=4.0116667747497567 2.5283333063125615 6.5650000572204599 6.9749999046325692 5.305000066757203 7.8550000190734872 3.6950000524520878 24.500000000000004 28.500000000000004 3.745000004768372 949.54998779296886 950.85000610351574 0.49240480363368994 7.2500000000000009 2.4900000095367436 -0.46173103153705591 3.304999947547913 -0.20061247795820233 -0.96811076998710621 -0.07845610752701758 0.98049062490463268 56.500000000000007 951.04998779296886 40.500000000000007 4.9249999523162851 -0.93779578804969776 -0.52247866988182057 0.60355338454246532 -0.62132811546325672 74.500000000000014
decision_type=2 2 2 10 10 2 8 2 2 2 2 2 2 2 2 2 2 2 2 2 2 2 2 2 2 2 2 2 2 2
left_child=1 6 3 8 7 10 14 -3 12 22 -4 -7 -2 -14 26 -6 -17 -12 19 -5 29 -22 28 -24 -10 -18 -1 -8 -9 -20
right_child=2 4 5 18 15 11 27 9 24 -11 17 -13 13 -15 -16 16 25 -19 20 -21 21 -23 23 -25 -26 -27 -28 -29 -30 -31
leaf_value=-0.0054947066344510328 -0.0027627302654778651 -0.0048934617007521186 0.0091098374576437831 0.0081802745944138198 0.0019157894327501953 0.019016900104572035 -0.0038192751856319499 0.0034086609388599104 0.00024748930942906022 -0.0010749047225665582 0.019788503360275059 0.020398699687429269 -0.0059111786067629598 0.0053085654250248611 -0.0050204616630036385 -0.0033844565283884191 -0.0050046470624960761 0.016166917025591011 0.013718056396344181 0.0006558721437662147 -0.011699766142888372 0.0070745678074955317 -0.0047695479245096067 -0.00020138226535055954 0.0059904039224086027 0.0012075378779611333 -0.0058202484499128466 -0.005791908478163443 -0.0031594653690329363 0.0056908915695432832
leaf_weight=3370 1440 1830 1685 1315 2546 1434 2513 351 1498 3832 2015 3490 251 703 2389 1229 359 2691 3890 1027 121 410 2075 365 2518 2338 6989 1610 870 817
leaf_count=3370 1440 1830 1685 1315 2546 1434 2513 351 1498 3832 2015 3490 251 703 2389 1229 359 2691 3890 1027 121 410 2075 365 2518 2338 6989 1610 870 817
internal_value=-0.00134797 -0.0188608 0.0212584 0.0114755 -0.00733861 0.0333436 -0.0296427 -0.0125268 0.00347623 -0.00940918 0.0273374 0.0411037 -0.00587745 0.00563087 -0.0326276 0.000138953 -0.00412109 0.0310762 0.0182334 0.0112058 0.0213618 0.00475746 -0.0158074 -0.0203681 0.00905247 0.000610659 -0.0344992 -0.0203852 -0.00664763 0.0232279
internal_weight=57971 32666 25305 13990 15795 11315 16871 9323 6410 7493 6391 4924 2394 954 12748 6472 3926 4706 7580 2342 5238 531 3661 2440 4016 2697 10359 4123 1221 4707
internal_count=57971 32666 25305 13990 15795 11315 16871 9323 6410 7493 6391 4924 2394 954 12748 6472 3926 4706 7580 2342 5238 531 3661 2440 4016 2697 10359 4123 1221 4707
is_linear=0
shrinkage=0.05


Tree=13
num_leaves=31
num_cat=0
split_feature=3 3 3 4 5 3 11 10 12 3 6 14 12 12 15 10 11 8 8 4 5 12 5 13 13 8 9 10 11 11
split_gain=9434.33 1543.48 1128 224.087 215.026 152.071 150.154 91.1729 87.2801 84.6141 82.0738 81.7376 78.7448 73.8078 70.8822 65.684 62.9092 61.5466 59.7381 56.3059 55.7072 50.6751 57.9372 47.8462 47.3671 61.473 46.0487 45.5861 79.4647 48.8626
threshold=7.0547201633453378 4.6029245853424081 9.5905880928039569 7.6150000095367441 1.9016666412353518 5.960015296936036 5.3500001430511483 0.93038213253021251 0.36648726463317877 3.5574620962142949 950.85000610351574 4.7550001144409189 -0.63605400919914235 -0.41467745602130884 35.500000000000007 0.9170251488685609 6.9500000476837167 -0.17552985996007917 0.70785933732986461 4.8150000572204599 5.808333396911622 -0.55191597342491139 2.5516666173934941 -0.6035533845424651 1.0000000180025095e-35 -0.04725049436092376 10.605000019073488 -0.73724925518035878 5.9500000476837167 4.6499998569488534
decision_type=2 2 2 2 2 2 2 2 2 2 2 10 2 2 2 2 2 2 2 2 2 2 2 2 2 2 10 2 2 2
left_child=1 4 6 8 12 21 18 13 -4 14 20 -7 -1 -8 -6 -10 23 -16 24 -15 -5 -3 -23 -9 -2 -26 -27 29 -29 -24
right_child=2 5 3 10 9 11 7 16 15 -11 -12 -13 -14 19 17 -17 -18 -19 -20 -21 -22 22 27 -25 25 26 -28 28 -30 -31
leaf_value=-0.0052016557823381607 0.0025705864017471283 -0.0012673713251732791 0.016551617523241396 -0.0017549104109742864 -0.0052248911408455494 -0.0022446981603359965 0.010135156135942703 0.01450362851849251 0.0052200311857990567 -0.0039665470657784668 0.019295431449197334 0.0009903459850375163 -0.0055292360274172038 0.00015091955753471776 -0.0029945025949474138 0.019537421126214878 0.017605429292280435 -0.0055507639668372017 0.0051655538740741028 0.0058490498541831351 0.018649387876366746 -0.0052351110696065174 -0.0010514274912178019 -0.00087205663856136932 0.00053973349499935046 -0.0065161212412749988 0.0046959532924787765 -0.0034631196179994148 0.0014287930742868868 -0.0034486104898315858
leaf_weight=2823 1249 2237 5010 92 2490 2199 2282 187 1253 5088 3971 4207 6122 1298 743 362 1416 1203 961 3662 1362 1507 528 306 1018 472 96 1197 935 1659
leaf_count=2823 1249 2237 5010 92 2490 2199 2282 187 1253 5088 3971 4207 6122 1298 743 362 1416 1203 961 3662 1362 1507 528 306 1018 472 96 1197 935 1659
internal_value=-0.00125043 -0.0188265 0.0219082 0.0329158 -0.0284048 -0.00659458 0.0116546 0.0151212 0.0267044 -0.0231504 0.0404696 -0.000842302 -0.0339832 0.0125431 -0.0282144 0.0165123 0.0248433 -0.0209636 0.00328861 0.00910373 0.0300891 -0.0111614 -0.0136169 0.00933735 -0.000369718 -0.00609679 -0.0191972 -0.0106499 -0.00542817 -0.0157162
internal_weight=57935 32938 24997 12050 18469 14469 12947 9151 6625 9524 5425 6406 8945 7242 4436 1615 1909 1946 3796 4960 1454 8063 5826 493 2835 1586 568 4319 2132 2187
internal_count=57935 32938 24997 12050 18469 14469 12947 9151 6625 9524 5425 6406 8945 7242 4436 1615 1909 1946 3796 4960 1454 8063 5826 493 2835 1586 568 4319 2132 2187
is_linear=0
shrinkage=0.05


Tree=14
num_leaves=31
num_cat=0
split_feature=3 3 3 3 3 3 10 13 11 7 14 11 12 10 6 7 10 3 9 7 8 7 11 15 9 12 7 8 3 8
split_gain=9025.29 1569.94 1133.11 218.55 179.808 158.723 129.668 114.692 106.629 74.2088 69.9594 66.992 65.0672 62.4862 60.4447 55.2723 54.1046 53.742 50.6368 47.4873 61.4077 47.4049 46.1343 46.131 45.7663 43.4787 43.1834 118.217 44.303 41.1796
threshold=7.1712279319763192 4.5675885677337655 10.423555850982668 2.7582964897155766 8.5070033073425311 5.960015296936036 0.9238443672657014 0.12940952181816109 8.6500000953674334 0.68472337722778331 4.7550001144409189 8.5500001907348651 -0.3172925859689712 0.9170251488685609 954.85000610351574 -0.52458885312080372 0.90992662310600292 3.7537837028503422 10.204999923706056 -0.94573098421096791 -0.23416947573423383 0.77275362610816967 4.9500000476837167 42.500000000000007 5.0250000953674325 0.04361772537231446 0.98049062490463268 -0.10296135023236273 11.375917911529543 -0.99897944927215565
decision_type=2 2 2 2 2 2 2 2 2 2 10 2 2 2 2 2 2 2 8 2 2 2 2 2 10 2 2 2 2 2
left_child=1 3 4 19 7 21 12 13 16 17 -7 14 -6 -2 -8 -10 -4 23 -14 20 -1 -3 25 -5 -12 -9 28 -28 -17 -21
right_child=2 5 8 9 6 10 11 22 15 -11 24 -13 18 -15 -16 26 -18 -19 -20 29 -22 -23 -24 -25 -26 -27 27 -29 -30 -31
leaf_value=0.0028043629773459402 0.0042690396463312226 -0.0024187387490951819 0.01312937153112358 -0.0046697220463711364 0.012434837461943554 -0.0021133961834830755 0.0034340834398640333 0.0026235718882265165 0.017718509460373694 -0.0052651172793472048 -0.0027830263613316665 0.018675044920925959 0.0034083664096044549 0.010505731277400275 0.015807313092861253 0.017314907999682893 0.018054890849760724 -0.0037954893993065817 0.0086047380628113557 -0.0031074095656957383 -0.0044835504300357624 -0.0041127740521662423 0.002545004800079605 -0.004387140761232586 0.0017118812243375971 -0.003924136826359519 -0.0072014963997962316 0.018373433242255946 0.018558294479838002 -0.005252774226046344
leaf_weight=114 3214 6862 1369 2971 1522 2399 539 370 1037 2391 702 1082 2549 1024 514 1237 653 4030 2226 98 594 1329 2006 1834 3978 691 137 382 3872 6237
leaf_count=114 3214 6862 1369 2971 1522 2399 539 370 1037 2391 702 1082 2549 1024 514 1237 653 4030 2226 98 594 1329 2006 1834 3978 691 137 382 3872 6237
internal_value=-0.00122568 -0.0180614 0.021892 -0.0279495 0.0138832 -0.00622586 0.0188574 0.00813269 0.036384 -0.0235954 -0.000741107 0.0295093 0.0152253 0.0134575 0.0203686 0.0394528 0.0261963 -0.0214536 0.0123326 -0.034868 -0.0223001 -0.0109627 0.000764974 -0.0250416 0.0028175 -0.0076454 0.0414344 0.0271947 0.042853 -0.0362539
internal_weight=57963 33539 24424 18269 15737 15270 8432 7305 8687 11226 7079 2135 6297 4238 1053 6665 2022 8835 4775 7043 708 8191 3067 4805 4680 1061 5628 519 5109 6335
internal_count=57963 33539 24424 18269 15737 15270 8432 7305 8687 11226 7079 2135 6297 4238 1053 6665 2022 8835 4775 7043 708 8191 3067 4805 4680 1061 5628 519 5109 6335
is_linear=0
shrinkage=0.05


Tree=15
num_leaves=31
num_cat=0
split_feature=3 3 3 3 3 10 5 11 3 7 8 3 12 12 5 7 12 11 10 9 9 7 12 12 10 11 9 9 6 11
split_gain=8413.86 1697.69 896.878 246.586 226.123 156.401 154.24 134.482 107.634 90.9585 86.7783 77.5445 69.0208 65.0023 64.9665 63.2064 55.6137 51.2212 58.923 50.7932 50.224 58.1052 46.0702 43.9014 43.4511 54.6352 42.5793 42.5404 40.9244 40.4642
threshold=6.2419481277465829 9.5360808372497576 3.888119220733643 11.375917911529543 8.2945904731750506 0.90992662310600292 2.2150000333786015 3.8500000238418584 2.5539633035659794 0.78354993462562572 0.073094449937343611 5.0147736072540292 -0.63605400919914235 0.33379416167736059 6.2016665935516366 -0.52458885312080372 -0.16504132002592084 6.2500000000000009 0.9238443672657014 7.6250000000000009 4.305000066757203 -0.94000589847564686 -0.55191597342491139 0.061046212911605842 -0.98321744799613942 9.0500001907348651 6.9649999141693124 6.8750000000000009 946.95001220703136 5.0499999523162851
decision_type=2 2 2 2 2 2 2 2 2 2 2 2 2 2 2 2 2 2 2 10 8 2 2 2 2 2 10 10 2 2
left_child=2 4 8 5 7 13 16 23 -1 24 19 -8 -10 -3 -5 -16 -4 27 -19 -11 21 -14 -13 -2 -9 28 -27 -6 -26 -15
right_child=1 3 6 14 17 -7 11 9 12 10 -12 22 20 29 15 -17 -18 18 -20 -21 -22 -23 -24 -25 25 26 -28 -29 -30 -31
leaf_value=-0.0049901355147440266 5.052365298223588e-05 0.011694839445319761 -0.0039749816751875975 0.014784343912736609 0.021018251436347262 0.017282498118535723 -0.003157378558936207 0.00065419181367320784 -0.0036436466386255556 -0.0021404170856962833 -0.0048473215018426143 0.00024662386379921549 -0.0030115977075594715 -0.0057557337922041658 0.017398055006297163 0.017622336297161246 -0.0051282097316115854 0.0077044314271360777 0.017210474986808177 0.005189315683674112 -0.0043721814586500469 -0.0049937590796347983 -0.0021230983796339483 -0.0037112318455187914 -0.00047832436308564014 0.0031253834539949955 0.010377737643911195 0.0031731369726225398 0.0039174778874583359 0.0057902638895644858
leaf_weight=5914 742 3269 1295 813 119 2127 4809 1847 2049 490 776 1811 482 111 651 4220 1256 2795 942 558 1574 4068 4746 1110 1024 495 997 2035 3594 1118
leaf_count=5914 742 3269 1295 813 119 2127 4809 1847 2049 490 776 1811 482 111 651 4220 1256 2795 942 558 1574 4068 4746 1110 1024 495 997 2035 3594 1118
internal_value=-0.00124736 0.017228 -0.020929 0.0314561 0.00722802 0.0248643 -0.01192 0.00318354 -0.0298219 0.0055232 -0.004538 -0.0094187 -0.0260638 0.0195425 0.0391106 0.0413146 -0.0230243 0.0152052 0.0187467 0.0048433 -0.0287323 -0.031416 -0.00587473 -0.00915455 0.00783095 0.009861 0.0181697 0.00903196 0.00715985 0.00968395
internal_weight=57837 29833 28004 12309 17524 6625 13917 11633 14087 9781 1824 11366 8173 4498 5684 4871 2551 5891 3737 1048 6124 4550 6557 1852 7957 6110 1492 2154 4618 1229
internal_count=57837 29833 28004 12309 17524 6625 13917 11633 14087 9781 1824 11366 8173 4498 5684 4871 2551 5891 3737 1048 6124 4550 6557 1852 7957 6110 1492 2154 4618 1229
is_linear=0
shrinkage=0.05


Tree=16
num_leaves=31
num_cat=0
split_feature=3 3 3 3 3 3 4 10 13 13 12 12 10 12 5 7 7 4 6 8 7 10 7 8 5 2 5 5 6 5
split_gain=8063.54 1434.63 1101.35 188.29 179.189 167.06 153.703 113.522 92.0472 73.2632 72.4718 69.9682 68.8739 68.4799 93.2164 66.0494 59.5793 59.1993 57.8074 56.8642 55.36 56.2485 52.192 50.8945 50.7108 50.263 47.683 43.5007 40.4044 53.7831
threshold=7.1325540542602548 4.3846065998077401 10.423555850982668 2.7582964897155766 8.3795862197875994 5.5126936435699472 7.7850000858306894 0.9238443672657014 0.12940952181816109 0.78656607866287243 -0.33379416167736048 0.41467745602130895 0.9238443672657014 -0.63605400919914235 1.985000014305115 0.77275362610816967 -0.94573098421096791 5.2550001144409189 950.85000610351574 -0.23416947573423383 -0.25707612931728357 0.87032255530357372 0.99630826711654674 -0.62132811546325672 3.3449999094009404 42.500000000000007 3.1650000810623173 2.4183334112167363 959.75000000000011 5.1716666221618661
decision_type=2 2 2 2 2 2 2 2 2 2 2 2 2 2 2 2 2 2 2 2 2 2 2 2 2 2 2 2 2 2
left_child=1 3 4 16 8 25 11 10 12 -9 -6 28 -2 23 -15 -7 19 -12 -8 -1 -10 -22 -17 -5 -16 27 -27 -3 -4 -30
right_child=2 5 6 13 7 15 18 9 20 -11 17 -13 -14 14 24 22 -18 -19 -20 -21 21 -23 -24 -25 -26 26 -28 -29 29 -31
leaf_value=0.0031150161512744179 0.0035239699257826416 -0.0046527454409071951 0.014695835217359938 -0.0010525381176235027 0.011905609381223261 -6.3999167337236429e-05 0.016324553213000813 0.016486624257101984 0.0044013368003471692 0.0049560393805617503 0.00098883123048218858 0.007808608579825977 0.0097973312224573315 -0.0047565329181147552 -0.0042647677371853501 -0.003140918305088088 -0.0047406287390068247 0.0062864885954435346 0.016658061328843354 -0.0036733284784703328 0.0034033048474563332 -0.0040806149509155362 0.0040351989564648269 -0.0038264159408033837 -0.0023760407013504376 -0.0016966814266335302 0.0062874158370500284 -0.002820501469759003 0.0079921287143353923 0.017411613558431627
leaf_weight=117 3120 1605 2467 750 1640 7558 1146 1831 1235 459 1376 665 838 2704 3918 1536 6372 3857 3316 589 563 1063 252 1814 864 908 116 4233 162 907
leaf_count=117 3120 1605 2467 750 1640 7558 1146 1831 1235 459 1376 665 838 2704 3918 1536 6372 3857 3316 589 563 1063 252 1814 864 908 116 4233 162 907
internal_value=-0.00117873 -0.01721 0.0205051 -0.0272982 0.0127166 -0.00654413 0.0348581 0.0172829 0.00657239 0.0269281 0.0140521 0.0279244 0.0115064 -0.0228742 -0.025297 -0.00219228 -0.0335592 0.0111588 0.0413477 -0.0195499 -0.000261689 -0.00631514 -0.0108199 -0.0157649 -0.021057 -0.0124654 -0.00223518 -0.0142564 0.0307258 0.0389665
internal_weight=57981 33336 24645 17128 15982 16208 8663 9163 6819 2290 6873 4201 3958 10050 7486 9346 7078 5233 4462 706 2861 1626 1788 2564 4782 6862 1024 5838 3536 1069
internal_count=57981 33336 24645 17128 15982 16208 8663 9163 6819 2290 6873 4201 3958 10050 7486 9346 7078 5233 4462 706 2861 1626 1788 2564 4782 6862 1024 5838 3536 1069
is_linear=0
shrinkage=0.05


Tree=17
num_leaves=31
num_cat=0
split_feature=3 3 3 3 3 4 3 10 13 5 12 10 12 12 5 10 10 4 11 6 6 11 15 12 12 6 13 12 6 5
split_gain=7639.56 1377.8 1146.83 248.022 180.289 166.194 125.068 99.1324 89.4914 76.9302 74.7235 71.8974 73.1774 71.848 100.198 70.1363 70.062 63.4937 60.6435 59.1331 58.7903 50.1495 47.467 45.9939 44.7495 44.0585 43.6834 54.91 47.8729 43.6024
threshold=7.0910170078277597 3.888119220733643 10.423555850982668 5.3556175231933603 8.9359459877014178 7.7850000858306894 2.5539633035659794 0.90992662310600292 1.0000000180025095e-35 2.0449999570846562 -0.63605400919914235 0.9170251488685609 0.30069434642791754 -0.52247866988182057 4.4449999332427987 -0.58068084716796864 0.94260558485984813 2.6049998998641972 8.5500001907348651 950.85000610351574 946.45001220703136 4.9500000476837167 23.500000000000004 -0.3172925859689712 -0.16504132002592084 947.75000000000011 -0.6035533845424651 0.078456107527017607 943.54998779296886 3.5849999189376835
decision_type=2 2 2 2 2 2 2 2 2 2 2 2 2 2 2 2 2 2 2 2 2 2 2 2 2 2 2 2 2 2
left_child=1 6 4 9 8 11 -1 23 16 24 -8 12 -4 -5 26 22 -2 29 20 -7 -9 -10 -16 -6 -3 -18 -15 -28 -29 -12
right_child=2 3 5 13 7 19 10 18 21 -11 17 -13 -14 14 15 -17 25 -19 -20 -21 -22 -23 -24 -25 -26 -27 27 28 -30 -31
leaf_value=-0.0045035973020564838 0.0040757784079168942 -0.0036979632129517355 0.014652278081317558 0.001110768496282205 0.011255191309381719 0.015508325552350773 -0.0032701836158668743 -0.0073439316198939293 -0.0015290707344019273 -0.0027755919642732125 -0.0045070396887027164 0.016384506623935573 0.0083708361119577655 -0.00035485299586597298 -0.0028096301942550726 0.0054917166557996999 -0.0019494258385120201 -0.003712701337806875 0.016188478133038597 0.0157972666962315 0.011660141776798966 0.0035171285268242171 0.0012067988682652924 0.0051784051879608418 -0.0046339725991252686 0.013154833858424598 -0.0017955212047240142 0.0038522869096432859 -0.0042612642686964122 0.00054185878422650317
leaf_weight=5952 4539 723 2296 2685 1094 1115 2090 93 1425 7417 4408 802 1076 1457 571 997 89 1680 949 3360 1069 3042 801 3209 794 691 1689 114 1691 83
leaf_count=5952 4539 723 2296 2685 1094 1115 2090 93 1425 7417 4408 802 1076 1457 571 997 89 1680 949 3360 1069 3042 801 3209 794 691 1689 114 1691 83
internal_value=-0.00115591 -0.0168652 0.0198016 -0.00803157 0.0119469 0.0344985 -0.0286292 0.0184608 0.00767031 -0.0140843 -0.0246129 0.0272553 0.0239858 -0.00262238 -0.00518771 0.00326453 0.0120492 -0.0273883 0.0273393 0.0412165 0.0195373 0.00244857 -0.00406681 0.0140785 -0.024343 0.0258599 -0.00923123 -0.0122606 -0.0183149 -0.0305049
internal_weight=58001 33152 24849 18939 16200 8649 14213 6414 9786 8934 8261 4174 3372 10005 7320 2369 5319 6171 2111 4475 1162 4467 1372 4303 1517 780 4951 3494 1805 4491
internal_count=58001 33152 24849 18939 16200 8649 14213 6414 9786 8934 8261 4174 3372 10005 7320 2369 5319 6171 2111 4475 1162 4467 1372 4303 1517 780 4951 3494 1805 4491
is_linear=0
shrinkage=0.05


Tree=18
num_leaves=31
num_cat=0
split_feature=3 3 3 3 4 5 3 11 10 10 12 11 3 12 12 12 9 7 8 6 4 6 7 13 6 9 7 8 9 7
split_gain=7184.23 1469.12 961.516 267.024 188.784 146.572 139.682 126.047 110.673 79.3065 82.7843 76.4757 68.0278 66.3586 66.3348 64.6461 64.6112 63.1989 84.599 62.6698 61.9529 55.9909 53.345 49.3384 47.9672 47.8383 45.4936 45.0647 44.0838 42.7319
threshold=6.4258329868316659 10.355289936065676 3.888119220733643 8.3795862197875994 7.7850000858306894 2.2150000333786015 2.5539633035659794 3.8500000238418584 0.9238443672657014 0.9170251488685609 0.2503704726696015 8.5500001907348651 5.0147736072540292 -0.63605400919914235 -0.26722820103168482 -0.3172925859689712 10.204999923706056 0.78354993462562572 0.073094449937343611 948.85000610351574 2.6049998998641972 954.64999389648449 -0.94573098421096791 -0.6035533845424651 956.85000610351574 4.9749999046325692 -0.53914576768875111 -0.23416947573423383 13.204999923706056 0.77275362610816967
decision_type=2 2 2 2 2 2 2 2 2 2 2 2 2 2 2 2 8 2 2 2 2 2 2 2 2 10 2 2 8 2
left_child=2 3 6 7 9 14 22 -2 15 10 26 21 -7 -8 -4 -5 -17 24 -19 -6 -15 -10 27 -12 25 -9 -3 -1 -25 -14
right_child=1 4 5 8 19 12 13 17 11 -11 23 -13 29 20 -16 16 -18 18 -20 -21 -22 -23 -24 28 -26 -27 -28 -29 -30 -31
leaf_value=0.0027817161146963761 -0.002135429989264906 0.0098590222353332323 -0.0033242864338295774 0.010731147774626049 0.014149576497709915 -0.0026750301813972584 -0.003148880768693481 -0.0043117283332311448 0.001307430596804228 0.015535342530900543 0.015296637167915373 0.015405701219673513 -0.00075318459317421933 -0.0042321952203248176 -0.0044022739691690054 0.0017378692647879751 0.0071993560487081283 0.0022051719591657678 -0.0047584757402590041 0.01498219519049423 -0.0034715540001068038 0.013549209285954151 -0.0042784174369536595 0.0020280926402574174 0.0066834339315562825 0.0031201491718871851 0.01458633020813547 -0.0033467397943345461 0.01230548304958151 -0.002889336222322333
leaf_weight=97 1617 427 1196 1655 679 4826 2088 386 552 852 320 1079 6460 4464 1369 2813 2201 1005 735 3774 1661 543 5293 867 1499 5681 1782 484 158 1270
leaf_count=97 1617 427 1196 1655 679 4826 2088 386 552 852 320 1079 6460 4464 1369 2813 2201 1005 735 3774 1661 543 5293 867 1499 5681 1782 484 158 1270
internal_value=-0.00126993 0.0165299 -0.0187143 0.00894239 0.0334443 -0.00995306 -0.0281117 0.00371065 0.015399 0.0260485 0.022703 0.025195 -0.00772232 -0.0238683 -0.0208366 0.0121891 0.00934449 0.00594995 -0.0026361 0.0407245 -0.0265008 0.0157727 -0.0340194 0.0128519 0.00792498 0.00593709 0.0286585 -0.0193686 0.00742718 -0.00480931
internal_weight=57833 28625 29208 19766 8859 15121 14087 10923 8843 4406 3554 2174 12556 8213 2565 6669 5014 9306 1740 4453 6125 1095 5874 1345 7566 6067 2209 581 1025 7730
internal_count=57833 28625 29208 19766 8859 15121 14087 10923 8843 4406 3554 2174 12556 8213 2565 6669 5014 9306 1740 4453 6125 1095 5874 1345 7566 6067 2209 581 1025 7730
is_linear=0
shrinkage=0.05


Tree=19
num_leaves=31
num_cat=0
split_feature=3 3 3 3 4 5 11 10 3 12 11 12 6 12 6 7 6 9 10 13 9 7 15 6 5 6 6 6 12 8
split_gain=6830.82 1654.9 709.303 344.163 183.678 116.352 115.445 100.133 97.9106 84.0096 79.064 72.4761 68.0205 64.0396 61.7217 59.7998 64.4294 57.7455 57.5489 64.6721 54.6922 54.4274 78.8708 52.7736 49.5225 54.9028 47.0749 43.9686 46.456 43.8697
threshold=5.960015296936036 10.423555850982668 3.7142270803451543 8.3795862197875994 7.7850000858306894 2.2150000333786015 4.2500000000000009 0.9238443672657014 2.5539633035659794 0.44618082046508795 7.0499999523162851 -0.52247866988182057 950.85000610351574 -0.63605400919914235 953.85000610351574 0.97697007656097423 959.35000610351574 7.2049999237060556 0.82409480214118969 -0.6035533845424651 4.5750000476837167 -0.66248837113380421 47.500000000000007 955.04998779296886 4.9516665935516366 958.95001220703136 951.35000610351574 949.25000000000011 -0.53727915883064259 0.95572271943092357
decision_type=2 2 2 2 2 2 2 2 2 2 2 2 2 2 2 2 2 10 2 2 8 2 2 2 2 2 2 2 2 2
left_child=2 3 8 6 9 11 18 15 21 24 23 -4 -6 -10 -11 27 -17 29 -2 -20 26 22 -1 -9 -3 -26 -7 -5 -29 -8
right_child=1 4 5 7 12 20 17 10 13 14 -12 -13 -14 -15 -16 16 -18 -19 19 -21 -22 -23 -24 -25 25 -27 -28 28 -30 -31
leaf_value=-0.0038571007348211723 0.0045741134332147413 0.0062843639642795133 -0.002374244530766454 0.0030857424713516672 0.013948719251935943 -0.0022667551015554863 0.00080142686448640569 0.00021930179427974428 -0.0031189111527196358 0.014384425420704653 0.01446765628115811 -0.0041612220864100597 0.014237706961909069 -0.0039931530593745298 -0.0020778807241229854 -0.0037145366813514367 0.0049515456814436393 0.0034128651869888508 0.0014644344336471465 -0.0031361461140411539 -0.0015835778041027927 -0.0040644965651059758 0.00042214853254317689 0.011863105083077958 0.012948946408580925 0.015039898523101376 -0.0041241895582516909 0.013562482734434759 0.0064452887325193997 -0.0046241061322120419
leaf_weight=1344 533 342 1046 1542 1109 1820 4149 452 1771 200 1399 2002 3338 5292 320 426 340 5871 597 2072 7222 4376 218 379 2235 1119 1396 578 3937 352
leaf_count=1344 533 342 1046 1542 1109 1820 4149 452 1771 200 1399 2002 3338 5292 320 426 340 5871 597 2072 7222 4376 218 379 2235 1119 1396 578 3937 352
internal_value=-0.00110502 0.0147116 -0.019789 0.00759323 0.0332891 -0.0117486 0.00255542 0.0151413 -0.0281216 0.0257522 0.02434 -0.0203406 0.0403976 -0.0241016 0.00685714 0.0121192 -0.00103761 0.00511709 -0.00573745 -0.00873224 -0.00923106 -0.032879 -0.0246969 0.0120215 0.0283977 0.0302471 -0.0146538 0.0137826 0.0162721 0.000854416
internal_weight=57777 31290 26487 22627 8663 13486 13574 9053 13001 4216 2230 3048 4447 7063 520 6823 766 10372 3202 2669 10438 5938 1562 831 3696 3354 3216 6057 4515 4501
internal_count=57777 31290 26487 22627 8663 13486 13574 9053 13001 4216 2230 3048 4447 7063 520 6823 766 10372 3202 2669 10438 5938 1562 831 3696 3354 3216 6057 4515 4501
is_linear=0
shrinkage=0.05


Tree=20
num_leaves=31
num_cat=0
split_feature=3 3 3 3 4 5 10 3 11 12 12 9 11 12 7 8 12 5 5 7 11 7 8 5 11 12 10 11 9 12
split_gain=6544.69 1462.79 841.604 257.581 179.571 155.402 114.783 114.171 85.6112 79.7611 76.8542 72.1453 70.4172 58.9605 56.9337 87.0786 55.6273 55.3968 48.3406 65.9326 48.1027 47.4154 49.0395 44.326 43.5537 43.1227 45.2599 70.1767 42.4441 41.6679
threshold=6.35274362564087 10.423555850982668 3.7142270803451543 8.2945904731750506 7.7850000858306894 2.2983332872390752 0.9238443672657014 2.5539633035659794 3.8500000238418584 0.44618082046508795 -0.16504132002592084 4.5750000476837167 7.0499999523162851 -0.63605400919914235 0.78354993462562572 0.073094449937343611 0.35019405186176306 6.2016665935516366 5.1716666221618661 -0.53914576768875111 5.2500000000000009 -0.94573098421096791 -0.23416947573423383 3.2749999761581425 10.34999990463257 0.19936034083366397 -0.73724925518035878 6.9500000476837167 5.5750000476837167 0.061046212911605842
decision_type=2 2 2 2 2 2 2 2 2 2 2 8 2 2 2 2 2 2 2 2 2 2 2 2 2 2 2 2 10 2
left_child=2 3 7 8 9 10 16 21 29 18 -4 24 -8 -9 28 -16 -5 -6 -3 -20 -18 22 -1 -15 -7 -13 -27 -28 -10 -2
right_child=1 4 5 6 17 11 12 13 14 -11 -12 25 -14 23 15 -17 20 -19 19 -21 -22 -23 -24 -25 -26 26 27 -29 -30 -31
leaf_value=0.0032881896582762473 0.00093555471199942015 0.0075143559468338868 -0.002925883826876907 0.0064083569590730229 0.010009317527187296 -0.0030578347445933567 0.0055196542806285574 -0.0029163711092061832 -0.0010904127728011664 0.0036943839192016717 -0.0039740991663900519 -0.00049676285734516913 0.013712671753473044 -0.0037987535267961833 0.0018945662895507615 -0.0046347830925124022 -0.0023017121103410185 0.013546408253799758 0.0073192400242020374 0.013760703551482512 0.004328437512805555 -0.0038612717368506771 -0.0031475944960370214 -0.0011826393360547813 0.0020141313568775607 -0.0033182452854026144 -0.0027981434953548174 0.001775064380652832 0.0035945642238126661 -0.0031916592593081647
leaf_weight=97 665 542 1904 5248 266 3019 886 1802 923 529 1757 5385 1491 5025 1023 714 576 4198 454 2683 1335 5343 491 229 257 863 1904 714 6629 1027
leaf_count=97 665 542 1904 5248 266 3019 886 1802 923 529 1757 5385 1491 5025 1023 714 576 4198 454 2683 1335 5343 491 229 257 863 1904 714 6629 1027
internal_value=-0.000978718 0.0157036 -0.017892 0.00842267 0.0329146 -0.0101373 0.0144324 -0.0273207 0.00319953 0.0254451 -0.0191626 -0.00740924 0.0239505 -0.0229854 0.00508393 -0.00307118 0.0112577 0.0399194 0.0280537 0.0304424 0.0039405 -0.0324545 -0.0187184 -0.0256703 -0.0137458 -0.00506144 -0.00939472 -0.00609989 0.00696043 -0.00713023
internal_weight=57979 29189 28790 20517 8672 15803 9536 12987 10981 4208 3661 12142 2377 7056 9289 1737 7159 4464 3679 3137 1911 5931 588 5254 3276 8866 3481 2618 7552 1692
internal_count=57979 29189 28790 20517 8672 15803 9536 12987 10981 4208 3661 12142 2377 7056 9289 1737 7159 4464 3679 3137 1911 5931 588 5254 3276 8866 3481 2618 7552 1692
is_linear=0
shrinkage=0.05


Tree=21
num_leaves=31
num_cat=0
split_feature=3 3 3 3 4 3 10 11 6 12 12 4 13 4 12 8 11 12 10 11 7 13 6 15 6 8 7 4 7 8
split_gain=6183.26 1174.21 1038.15 191.75 185.562 145.03 136.419 134.936 85.2122 84.2808 79.5039 131.855 67.1339 60.7349 71.7241 57.714 53.4725 71.8791 66.2356 53.0171 51.2597 49.1974 48.7832 51.1039 48.5539 50.1376 47.6419 46.3002 70.0113 44.717
threshold=7.1712279319763192 3.9562833309173588 10.423555850982668 5.473527431488038 7.7850000858306894 2.5539633035659794 0.93038213253021251 7.0499999523162851 951.14999389648449 0.41467745602130895 -0.39873388409614557 5.2550001144409189 0.78656607866287243 2.6049998998641972 -0.63605400919914235 0.97653719782829296 8.5500001907348651 -0.50751903653144825 -0.92384436726570118 8.5500001907348651 -0.79148143529891957 0.12940952181816109 952.75000000000011 33.500000000000007 959.45001220703136 -0.83753159642219532 0.88234141469001781 3.0349999666213994 0.46866798400878912 0.99573239684104931
decision_type=2 2 2 2 2 2 2 2 2 2 2 2 2 2 2 2 2 2 2 2 2 2 2 2 2 2 2 2 2 2
left_child=1 5 6 12 9 20 10 -8 19 24 -2 26 22 14 -7 -9 17 -5 -18 -6 -1 -11 -3 -24 25 -4 -12 28 -25 -17
right_child=2 3 4 16 8 13 7 15 -10 21 11 -13 -14 -15 -16 29 18 -19 -20 -21 -22 -23 23 27 -26 -27 -28 -29 -30 -31
leaf_value=-0.003264120746508527 0.0081743583995282868 -0.0016095473479185497 0.012834090831335325 0.00083188692171192943 -0.0021643625177231564 -0.0030316259652522987 0.0025222868798683851 0.013185642789931645 0.01290277818057687 0.013728001114163347 0.00076089492504576722 0.0044235291002400054 -0.0036930252174257163 -0.0025850964337935339 -0.0036804826139428047 -0.0060387233684602087 -0.0011329328649098414 -0.0016451636647848067 0.0059615032719145524 0.012905775145256346 -0.0036682081500081436 -0.00079310202533234848 -0.0043980635884414213 -0.00058692218338169126 0.013477049758473523 0.010094595667960449 -0.0035031848781141295 -0.00053020985780021857 -0.003692060861077818 0.013318975847096799
leaf_weight=1296 2845 3965 632 2470 83 1788 1357 1749 3298 294 2740 5746 1969 2195 4682 111 824 5714 872 1074 4649 373 608 549 1120 1799 1069 974 1075 91
leaf_count=1296 2845 3965 632 2470 83 1788 1357 1749 3298 294 2740 5746 1969 2195 4682 111 824 5714 872 1074 4649 373 608 549 1120 1799 1069 974 1075 91
internal_value=-0.00113676 -0.0150349 0.0180329 -0.00684363 0.031914 -0.0256928 0.0103608 0.0193782 0.0390471 0.0243429 0.00794841 0.00575837 -0.0120612 -0.0215398 -0.0239846 0.0277863 -0.00201315 -0.00368787 0.00605526 0.0271515 -0.0317227 0.00796131 -0.00980351 -0.014388 0.0274044 0.0233374 -0.00145517 -0.0112947 -0.0164518 0.00241546
internal_weight=58011 33630 24381 19020 8673 14610 15708 3308 4455 4218 12400 9555 9140 8665 6470 1951 9880 8184 1696 1157 5945 667 7171 3206 3551 2431 3809 2598 1624 202
internal_count=58011 33630 24381 19020 8673 14610 15708 3308 4455 4218 12400 9555 9140 8665 6470 1951 9880 8184 1696 1157 5945 667 7171 3206 3551 2431 3809 2598 1624 202
is_linear=0
shrinkage=0.05


Tree=22
num_leaves=31
num_cat=0
split_feature=3 3 3 5 11 3 10 11 6 7 6 7 12 12 5 3 12 8 8 5 6 10 7 15 7 8 7 7 8 8
split_gain=5814.66 1167.88 1038.56 169.77 165.136 153.981 125.706 125.058 83.2795 79.4872 150.114 87.0855 79.2278 72.8283 78.259 71.3046 64.2514 64.25 59.302 57.5743 53.6598 49.1637 48.8903 68.1599 45.198 44.6951 43.9153 61.0841 42.1952 41.8853
threshold=7.1712279319763192 3.9562833309173588 10.423555850982668 2.4850000143051152 8.6500000953674334 2.5539633035659794 0.9238443672657014 7.0499999523162851 950.85000610351574 0.98049062490463268 961.85000610351574 0.99276849627494823 -0.16504132002592084 -0.3172925859689712 3.9850000143051152 5.3556175231933603 -0.63605400919914235 0.97653719782829296 -0.93779578804969776 3.3649998903274541 956.95001220703136 0.9170251488685609 -0.66248837113380421 47.500000000000007 0.88234141469001781 0.99805629253387462 0.87828615307807933 0.99630826711654674 0.94917574524879467 0.99573239684104931
decision_type=2 2 2 2 2 2 2 2 2 2 2 2 2 2 2 2 2 2 2 2 2 2 2 2 2 2 2 2 2 2
left_child=1 5 6 12 21 22 13 20 -6 -10 11 -11 -3 -2 18 -5 -7 -9 -15 -18 -8 -4 23 -1 -20 -16 28 -28 -17 -19
right_child=2 3 4 15 8 16 7 17 9 10 -12 -13 -14 14 25 26 19 29 24 -21 -22 -23 -24 -25 -26 -27 27 -29 -30 -31
leaf_value=-0.0033079760739121531 0.0070964312219604676 -0.0020825722107895629 0.0079082978287487501 -0.0019013448839867997 0.011738965772235427 -0.0025808691868990951 0.00043721359611862965 0.012367756026302813 0.012322442393817735 -0.01406562742245366 0.012957983107778605 0.008900567464816744 -0.0035922081636041293 -0.0076614953128152823 0.0032105426436306486 0.00031625539736393553 -0.0034150513168035353 -0.0061354042268845282 0.0020663041615950352 -0.00070004143567037953 0.0093874995797493324 0.012436478108736644 -0.0034847977425077367 0.00050632440074144041 -0.0030294818707223923 0.013883548842985441 -0.0031853203540597413 0.0044457030468841472 -0.0024245131177095952 0.012556279580541835
leaf_weight=1355 3425 2219 1514 5047 1855 2181 1091 1934 4355 139 228 90 1987 205 6058 7350 6137 119 1412 364 544 488 4373 221 729 108 1125 262 953 93
leaf_count=1355 3425 2219 1514 5047 1855 2181 1091 1934 4355 139 228 90 1987 205 6058 7350 6137 119 1412 364 544 488 4373 221 729 108 1125 262 953 93
internal_value=-0.00111703 -0.0146133 0.0174627 -0.00641493 0.0313523 -0.0252221 0.00979457 0.0177364 0.0351394 0.038634 0.0185065 -0.0100427 -0.0152695 0.00727265 0.00479042 -0.00388346 -0.0209508 0.0256625 -0.00297746 -0.0234476 0.00728659 0.0186846 -0.0314327 -0.0237192 -0.000489282 0.00774591 -0.00137184 -0.00959052 6.0183e-06 -0.000460829
internal_weight=57961 33574 24387 18943 8669 14631 15718 3781 6667 4812 457 229 4206 11937 8512 14737 8682 2146 2346 6501 1635 2002 5949 1576 2141 6166 9690 1387 8303 212
internal_count=57961 33574 24387 18943 8669 14631 15718 3781 6667 4812 457 229 4206 11937 8512 14737 8682 2146 2346 6501 1635 2002 5949 1576 2141 6166 9690 1387 8303 212
is_linear=0
shrinkage=0.05


Tree=23
num_leaves=31
num_cat=0
split_feature=3 3 3 5 5 3 11 10 7 3 12 8 11 7 10 3 12 5 6 13 3 7 15 7 6 8 8 8 12 9
split_gain=5571.21 1139.26 1045.73 174.642 173.65 158.888 131.746 130.251 91.0283 83.9254 75.8715 67.3529 62.2379 71.3116 60.8095 58.2794 57.979 53.9976 53.4368 51.0183 50.5852 50.4997 67.7753 48.1504 43.9417 48.1766 43.8508 45.2051 43.5799 42.4527
threshold=7.1712279319763192 3.9562833309173588 10.423555850982668 6.428333282470704 2.2150000333786015 2.5539633035659794 5.3500001430511483 0.93038213253021251 -0.52458885312080372 5.5126936435699472 0.2503704726696015 0.54162281751632702 9.3499999046325701 0.25293653458356863 -0.46173103153705591 8.0372309684753436 -0.63605400919914235 2.4616667032241826 948.95001220703136 -0.6035533845424651 11.375917911529543 -0.66248837113380421 44.500000000000007 0.94982600212097179 959.35000610351574 -0.14153897762298581 0.090250775218009963 0.83987808227539074 0.43049471080303198 9.0850000381469744
decision_type=2 2 2 2 2 2 2 2 2 2 2 2 2 2 2 2 2 2 2 2 2 2 2 2 2 2 2 2 2 8
left_child=1 5 6 10 14 21 -2 15 11 29 18 -5 13 -9 -3 -8 -7 -18 -4 -12 -10 22 -1 -17 -25 -26 -21 -28 -22 -6
right_child=2 4 3 8 9 16 7 12 20 -11 19 -13 -14 -15 -16 23 17 -19 -20 26 28 -23 -24 24 25 -27 27 -29 -30 -31
leaf_value=-0.0031677476021444262 0.00046164010007985969 -0.0024543713404322244 0.0056222080897132161 0.0032329823294355801 -0.0020426532511268109 -0.0023974269052071738 0.0014385810293092494 0.0019290775821340367 0.010774494273785308 -0.00028605897580347427 0.012919351415842488 0.012728379609298738 0.012058061523046641 0.010575063903257298 -0.0034125495376065278 0.00661766826679905 -0.00331303468755952 -0.0026641645457099643 0.012412284744062597 0.0072981943913557673 0.011749285149185296 -0.00331055785538235 -0.00080197617282708959 -0.0037063421396841159 0.015992204015679197 -0.00012368365173216211 -0.007437856595391504 0.0097826551704180142 0.011810084429226831 0.0010883513929061965
leaf_weight=1304 3900 1084 252 421 6783 2169 2589 680 1108 9376 284 570 1240 625 1277 5848 4276 2221 944 617 3612 4359 270 423 135 265 351 83 388 443
leaf_count=1304 3900 1084 252 421 6783 2169 2589 680 1108 9376 284 570 1240 625 1277 5848 4276 2221 944 617 3612 4359 270 423 135 265 351 83 388 443
internal_value=-0.000992194 -0.0141985 0.0172206 0.0311986 -0.00611293 -0.0246953 0.00953215 0.0121634 0.035788 -0.00430541 0.0200907 0.0217369 0.0221765 0.0144656 -0.018787 0.00940097 -0.0203552 -0.0227238 0.0292256 0.0118284 0.0384901 -0.0310121 -0.0231792 0.0118709 0.000543478 0.0123457 0.00667614 -0.00546697 0.0411486 -0.00835292
internal_weight=57897 33562 24335 8630 18963 14599 15705 11805 6099 16602 2531 991 2545 1305 2361 9260 8666 6497 1196 1335 5108 5933 1574 6671 823 400 1051 434 4000 7226
internal_count=57897 33562 24335 8630 18963 14599 15705 11805 6099 16602 2531 991 2545 1305 2361 9260 8666 6497 1196 1335 5108 5933 1574 6671 823 400 1051 434 4000 7226
is_linear=0
shrinkage=0.05


Tree=24
num_leaves=31
num_cat=0
split_feature=3 3 3 5 3 5 3 7 10 11 11 12 10 8 15 3 9 9 13 12 12 12 6 6 7 15 5 15 10 15
split_gain=5231.5 1333.74 790.759 189.304 176.464 126.476 120.898 94.2992 90.4897 79.1201 76.2442 75.5056 70.5128 70.445 69.6339 58.298 57.9537 53.1349 51.3016 50.4672 48.986 48.4971 51.3747 47.4025 46.7753 64.9237 45.3997 44.8452 50.1748 44.7506
threshold=6.4258329868316659 10.355289936065676 3.7142270803451543 6.428333282470704 8.2945904731750506 2.4183334112167363 2.5539633035659794 -0.52458885312080372 0.90992662310600292 3.8500000238418584 8.6500000953674334 -0.16504132002592084 0.9170251488685609 0.54162281751632702 31.500000000000004 11.375917911529543 4.8849999904632577 8.8850002288818377 -0.37940952181816096 0.43049471080303198 -0.63605400919914235 0.47714059054851538 958.75000000000011 953.14999389648449 -0.66248837113380421 47.500000000000007 2.2983332872390752 23.500000000000004 0.78257837891578685 75.500000000000014
decision_type=2 2 2 2 2 2 2 2 2 2 2 2 2 2 2 2 8 10 2 2 2 2 2 2 2 2 2 2 2 2
left_child=2 4 6 12 9 11 24 13 -6 -2 14 -4 21 -5 -10 -9 23 -12 -13 -17 -8 -3 -23 27 25 -1 -22 28 -7 -11
right_child=1 3 5 7 8 16 20 15 10 29 17 18 -14 -15 -16 19 -18 -19 -20 -21 26 22 -24 -25 -26 -27 -28 -29 -30 -31
leaf_value=-0.0030231276700954262 -0.0018551660697443727 0.0094222329395611103 -0.0021209539511902026 0.002490943657127165 0.0039639026990547334 -0.0034918512025573557 -0.0023873850438257613 0.010107303283659542 -0.003104044678659951 0.0024754448539478172 0.0064139070135429844 -0.0020034618673239655 0.01144005272332033 0.012087049549896501 0.0082930143530939356 0.011161820891726033 -0.00075188548612839393 0.011640846302671887 -0.0033199662976398335 0.01121958020776549 -0.0031600541830275122 0.0048208155177570907 -0.01006437020956057 -0.0033346988730705157 -0.0031450299626132323 0.00056277380254047486 -0.0026111058053311506 -0.00019560496875035139 0.00073529034287768489 -0.0018318939753662418
leaf_weight=1365 1577 1849 2452 434 6411 685 1796 1169 343 7757 270 612 638 577 1408 3621 7977 943 1547 394 3228 132 89 1278 4301 222 2042 1312 311 1111
leaf_count=1365 1577 1849 2452 434 6411 685 1796 1169 343 7757 270 612 638 577 1408 3621 7977 943 1547 394 3228 132 89 1278 4301 222 2042 1312 311 1111
internal_value=-0.000884092 0.0142561 -0.0158137 0.0303267 0.00703153 -0.00843686 -0.0250174 0.0351532 0.0120096 0.00255981 0.0192321 -0.0154354 0.0192407 0.0210138 0.0125 0.0378878 -0.00564056 0.0288588 -0.0222505 0.0407836 -0.020577 0.0146988 -0.00730088 -0.0109162 -0.0303241 -0.0228329 -0.0230142 -0.00661479 -0.0145854 0.00439536
internal_weight=57851 28723 29128 8903 19820 16174 12954 6195 9375 10445 2964 4611 2708 1011 1751 5184 11563 1213 2159 4015 7066 2070 221 3586 5888 1587 5270 2308 996 8868
internal_count=57851 28723 29128 8903 19820 16174 12954 6195 9375 10445 2964 4611 2708 1011 1751 5184 11563 1213 2159 4015 7066 2070 221 3586 5888 1587 5270 2308 996 8868
is_linear=0
shrinkage=0.05


Tree=25
num_leaves=31
num_cat=0
split_feature=3 5 3 9 9 4 12 6 5 12 5 13 8 11 8 6 8 6 12 12 9 15 9 9 14 8 5 15 4 8
split_gain=5046.34 1288.16 816.715 258.935 170.497 138.317 123.132 116.033 98.5479 87.6936 76.7545 72.7944 86.7982 71.265 68.0435 67.5279 66.0003 64.4198 76.4146 56.5585 55.6499 52.5086 51.3021 48.8204 47.4398 45.4008 44.9801 44.3212 43.5187 42.3869
threshold=7.8185226917266855 2.2983332872390752 11.375917911529543 4.9749999046325692 3.6149998903274541 7.0250000953674325 -0.28400452435016627 949.64999389648449 6.2016665935516366 -0.52247866988182057 4.1083333492279062 1.0000000180025095e-35 0.54162281751632702 3.6499999761581425 0.12447811290621759 952.85000610351574 0.021515898406505588 950.85000610351574 0.43049471080303198 0.30069434642791754 12.59500026702881 23.500000000000004 7.7750000953674325 8.9549999237060565 6.1449999809265146 -0.98009455204009999 3.8183332681655888 27.500000000000004 7.8550000190734872 -0.69870123267173756
decision_type=2 2 2 8 10 2 2 2 2 2 2 2 2 2 2 2 2 2 2 2 8 2 8 8 10 2 2 2 2 2
left_child=1 4 5 15 6 11 13 -7 14 -5 -11 23 16 -1 -4 21 26 -10 -19 -18 28 -3 -14 -2 -24 -23 -13 -17 -9 -29
right_child=2 3 8 9 -6 7 -8 20 17 10 -12 12 22 -15 -16 27 19 18 -20 -21 -22 25 24 -25 -26 -27 -28 29 -30 -31
leaf_value=-0.0029877784644825704 0.0034633897718997775 -0.0024480883914964301 0.010548522845327358 0.0012446478931728046 -0.0027635902264692351 0.0045595959749072257 -0.0029877784644825704 0.010551829819796339 0.01073125329539666 -0.0016531721465357656 0.00053801461447826879 -0.002609393131829714 -0.0036757954701422792 -0.0016977242397383701 3.7277857532291848e-05 -0.0033421950311876749 0.0022993677169229872 0.010603729847139733 0.010514468663475208 -0.007565169602040134 0.0058172552961174634 0.011681111318305293 0.0018335904132562794 0.0079110578379308367 0.012156051544240499 -0.0013180153045033701 0.0034429125544142266 -0.000749173536179424 0.010351940384453069 -0.0032450786850925211
leaf_weight=2878 2517 1956 510 4315 4612 1132 5638 1294 1219 7442 4601 462 125 1067 308 370 437 3310 365 461 463 104 545 3676 1120 2194 2199 539 618 1575
leaf_count=2878 2517 1956 510 4315 4612 1132 5638 1294 1219 7442 4601 462 125 1067 308 370 437 3310 365 461 463 104 545 3676 1120 2194 2199 539 618 1575
internal_value=-0.00101969 -0.0120187 0.018735 -0.0047314 -0.0238697 0.0126179 -0.0276752 0.0213126 0.034826 -0.00133227 -0.00352341 0.00996796 0.00568734 -0.0208481 0.0185905 -0.0129764 0.00116442 0.0375179 0.040856 -0.0105205 0.027584 -0.0091336 0.0146518 0.0136576 0.016976 -0.00399479 0.00512003 -0.0195259 0.0313511 -0.0166588
internal_weight=58052 37291 20761 23096 14195 15049 9583 3507 5712 16358 12043 11542 5349 3945 818 6738 3559 4894 3675 898 2375 4254 1790 6193 1665 2298 2661 2484 1912 2114
internal_count=58052 37291 20761 23096 14195 15049 9583 3507 5712 16358 12043 11542 5349 3945 818 6738 3559 4894 3675 898 2375 4254 1790 6193 1665 2298 2661 2484 1912 2114
is_linear=0
shrinkage=0.05


Tree=26
num_leaves=31
num_cat=0
split_feature=3 3 3 3 5 3 11 9 6 7 7 8 9 8 15 7 8 9 12 12 5 7 6 7 15 2 5 13 9 15
split_gain=4829.6 1205.61 835.808 248.299 137.817 104.145 102.552 122.011 103.577 86.2122 77.0907 73.7424 72.8551 67.7673 66.0117 61.6043 109.333 60.7707 60.6403 58.8374 69.4853 56.8727 94.158 56.3806 53.7653 53.4907 49.2604 47.3033 46.7014 46.377
threshold=7.8185226917266855 4.4950954914093026 11.001833915710451 2.6820437908172612 6.0683333873748788 5.5126936435699472 6.3500001430511483 9.6549997329711932 949.64999389648449 -0.52458885312080372 0.63303324580192577 0.10738035291433336 3.5449999570846562 0.54162281751632702 42.500000000000007 0.98049062490463268 -0.10296135023236273 4.4749999046325692 0.39873388409614569 -0.50751903653144825 4.4449999332427987 0.96468064188957225 958.75000000000011 -0.66248837113380421 42.500000000000007 39.500000000000007 3.4316667318344121 -0.37940952181816096 7.6250000000000009 29.500000000000004
decision_type=2 2 2 2 2 2 2 8 2 2 2 2 10 2 2 2 2 8 2 2 2 2 2 2 2 2 2 2 10 2
left_child=1 3 6 23 11 -3 12 21 -9 13 14 -4 -2 -6 26 -11 -17 -12 -14 -7 27 28 -23 24 -1 -16 -5 29 -8 -21
right_child=2 5 4 10 9 19 7 8 -10 15 17 -13 18 -15 25 16 -18 -19 -20 20 -22 22 -24 -25 -26 -27 -28 -29 -30 -31
leaf_value=-0.0027225823633665264 0.017123892467420628 -0.001830474272750634 0.0096920715031741551 -0.0026536606645030584 0.0016663070075042031 0.0014955904637534913 0.00033848240569610971 0.0041252194628335626 0.0099141493278644202 0.010073543354782744 -0.0028643291341583091 0.00046974049162674117 0.0030001670530546047 0.010962482586153267 -0.0022011697767439805 -0.01457052931550782 0.010110045709797205 -0.0027750911228842413 -0.0027980457595042671 -0.0019794458777311454 0.0011526027259833927 -0.0087359755266418256 0.005593264259177594 -0.0028383895412584419 -0.0012350396842086082 0.0016260900523701336 -0.0014555437916220792 -0.0022697259507052175 0.0056354643493795355 0.0011822790499061793
leaf_weight=1402 164 6159 700 4815 321 3340 980 1105 3439 4464 1811 459 3330 499 2384 104 334 943 980 521 3828 181 174 4836 359 449 807 3955 3511 1572
leaf_count=1402 164 6159 700 4815 321 3340 980 1105 3439 4464 1811 459 3330 499 2384 104 334 943 980 521 3828 181 174 4836 359 449 807 3955 3511 1572
internal_value=-0.000942501 -0.0117262 0.0183831 -0.0211162 0.0326242 -0.0030934 0.0113058 0.0142735 0.0201583 0.0358128 -0.016573 0.0167955 0.0050681 0.0206061 -0.0141903 0.038333 0.0200903 -0.0238492 0.0038007 -0.000589971 -0.00253011 0.00874047 -0.0104167 -0.028817 -0.0210362 -0.00794574 -0.0173272 -0.00586486 0.0102647 0.00021449
internal_weight=57926 37181 20745 17806 6881 19375 13864 9390 4544 5722 11209 1159 4474 820 8455 4902 438 2754 4310 13216 9876 4846 355 6597 1761 2833 5622 6048 4491 2093
internal_count=57926 37181 20745 17806 6881 19375 13864 9390 4544 5722 11209 1159 4474 820 8455 4902 438 2754 4310 13216 9876 4846 355 6597 1761 2833 5622 6048 4491 2093
is_linear=0
shrinkage=0.05


Tree=27
num_leaves=31
num_cat=0
split_feature=5 4 5 6 12 14 12 4 10 5 12 13 15 5 7 8 8 13 14 10 12 13 7 15 6 7 6 4 6 6
split_gain=4268.84 1090.43 955.365 231.357 152.957 149.69 146.433 136.257 125.665 102.765 82.1432 77.5944 75.5867 69.9033 60.1243 58.6521 75.397 55.3529 54.9323 54.8272 96.319 52.6925 61.291 51.8656 138.341 68.3197 51.0346 47.9754 46.8946 46.8821
threshold=3.9616667032241826 7.1649999618530282 2.2150000333786015 948.95001220703136 0.38266885280609136 6.3550000190734872 -0.26722820103168482 8.0150003433227557 0.90992662310600292 1.4583333730697634 -0.14780378341674802 -1.0000000180025095e-35 28.500000000000004 3.1650000810623173 0.99166637659072887 0.93324586749076854 0.038721922785043723 -1.0000000180025095e-35 11.795000076293947 0.87032255530357372 0.38266885280609136 1.0000000180025095e-35 -0.6495143175125121 56.500000000000007 959.64999389648449 -0.63634827733039845 954.54998779296886 1.8500000238418581 958.95001220703136 953.85000610351574
decision_type=2 2 2 2 2 10 2 2 2 2 2 2 2 2 2 2 2 2 10 2 2 2 2 2 2 2 2 2 2 2
left_child=2 5 6 -3 13 12 9 14 10 -1 18 26 15 -4 28 16 -2 -16 23 -12 -21 22 -14 -7 25 -25 -10 -8 -5 -22
right_child=1 3 4 7 -6 8 27 -9 11 -11 19 -13 21 -15 17 -17 -18 -19 -20 20 29 -23 -24 24 -26 -27 -28 -29 -30 -31
leaf_value=-0.0026964700641955199 -0.0020830447325668857 0.0067960020321744981 -0.001293108581139911 0.0091531999177412397 -0.0025135319733960927 0.0075726027662687935 -0.0026964700641955199 0.0094865329331831338 0.0085693699293089964 -0.0021782997068042001 -0.00021343984954967367 0.0053182809418561962 -0.0033561143639204861 0.00041440488034859838 0.010135855696047014 -0.0073884125982260551 0.0038697018319554469 -0.0056583072811409729 0.010102405510818903 0.010443754381561275 0.0062238054141045083 -9.4318815890658e-05 0.0057430125835487185 0.013309475271579758 0.007751703750735927 -0.0043031131814442458 0.011944707076105343 -0.0026964700641955199 0.010007011513808374 -0.0036366504094904801
leaf_weight=2009 1416 1645 7917 1731 5138 2111 5078 3481 586 4045 3032 1265 240 5931 86 199 515 103 707 1032 273 1925 1341 152 650 923 793 2108 862 659
leaf_count=2009 1416 1645 7917 1731 5138 2111 5078 3481 586 4045 3032 1265 240 5931 86 199 515 103 707 1032 273 1925 1341 152 650 923 793 2108 862 659
internal_value=-0.000770385 0.0144159 -0.0128944 0.0298623 -0.0057027 0.00755442 -0.0232012 0.0342454 0.0106703 -0.0174451 0.00798931 0.0203096 0.000815458 -0.00296687 0.025906 -0.00660422 -0.00389979 -0.00128866 0.0128518 0.00355929 0.0100559 0.00532612 0.0120744 0.010466 0.00401734 -0.00699074 0.0285043 -0.028035 0.0278868 -0.00160085
internal_weight=57953 25727 32226 7908 18986 17819 13240 6263 12183 6054 9539 2644 5636 13848 2782 2130 1931 189 4543 4996 1964 3506 1581 3836 1725 1075 1379 7186 2593 932
internal_count=57953 25727 32226 7908 18986 17819 13240 6263 12183 6054 9539 2644 5636 13848 2782 2130 1931 189 4543 4996 1964 3506 1581 3836 1725 1075 1379 7186 2593 932
is_linear=0
shrinkage=0.05


Tree=28
num_leaves=31
num_cat=0
split_feature=3 5 3 10 9 9 5 11 6 15 7 9 8 6 7 8 9 8 7 8 14 8 7 15 6 8 7 11 15 7
split_gain=4301.47 1135.19 794.945 203.662 198.41 170.89 128.965 125.722 116.342 133.836 92.8687 76.185 73.7768 70.1023 61.7338 115.688 61.1505 58.3273 58.2047 58.901 54.0135 58.7676 51.014 53.0517 47.1248 45.5974 45.2052 41.8587 41.7908 41.7624
threshold=7.8616240024566659 2.4616667032241826 11.375917911529543 0.9238443672657014 3.6149998903274541 4.9749999046325692 6.0683333873748788 9.3499999046325701 955.04998779296886 44.500000000000007 -0.52458885312080372 10.305000305175783 0.54162281751632702 957.14999389648449 0.98049062490463268 -0.10296135023236273 9.3350000381469744 0.12447811290621759 0.89799436926841747 0.021515898406505588 4.5950000286102304 0.97368243336677562 0.70329648256301891 19.500000000000004 965.64999389648449 0.99805629253387462 0.99468535184860241 4.0499999523162851 38.500000000000007 0.47624224424362188
decision_type=2 2 2 2 10 8 2 2 2 2 2 8 2 2 2 2 10 2 2 2 10 2 2 2 2 2 2 2 2 2
left_child=1 4 3 11 8 -3 17 13 9 -1 12 18 -8 28 -12 -16 -9 -4 -2 -20 21 22 23 -7 29 -23 -24 -11 -5 -13
right_child=2 5 6 7 -6 20 10 16 -10 27 14 24 -14 -15 15 -17 -18 -19 19 -21 -22 25 26 -25 -26 -27 -28 -29 -30 -31
leaf_value=-0.0025616465609857443 0.0032878036992053383 -0.0020427304380224694 0.0083810673236478228 -0.00070002845992957479 -0.0023366756357038935 -0.0030367502126018892 -0.0023188778969417956 0.0096396398710725528 -0.0025616465609857443 -0.0024110671709276763 0.0091788727942449244 0.0067895379262399086 0.0099400318101864459 0.0097765170394191643 -0.012982995944507886 0.0091545137026752595 0.0093815375549802359 -0.0018248224475570286 0.0014164979966038273 -0.0040298632963212764 0.0005016381492290473 -0.0050150270693133051 -0.0035614348008676136 0.00048722788302180966 0.012458521493216477 0.003082394372302219 0.0037525314132177746 0.00089646991175184459 0.0090171907998250981 0.0038975581688096617
leaf_weight=4244 5444 5687 433 742 5923 450 235 478 4297 1257 3938 1921 413 744 89 317 1122 271 681 644 9534 433 1247 3667 122 99 209 487 520 2398
leaf_count=4244 5444 5687 433 742 5923 450 235 478 4297 1257 3938 1921 413 744 89 317 1122 271 681 644 9534 433 1247 3667 122 99 209 487 520 2398
internal_value=-0.000863034 -0.0109246 0.0175464 0.0114365 -0.0208968 -0.00334255 0.0334152 0.0217668 -0.0250972 -0.0205573 0.0362417 0.00810522 0.0183767 0.0133764 0.0388825 0.0199513 0.0322118 0.0132581 0.00476085 -0.00462406 -0.000642419 -0.0043126 -0.00278774 6.06502e-05 0.0131916 -0.0201117 -0.0108145 -0.00886221 0.00615627 0.0122919
internal_weight=58046 37534 20512 14816 16208 21326 5696 3606 10285 5988 4992 11210 648 2006 4344 406 1600 704 6769 1325 15639 6105 5573 4117 4441 532 1456 1744 1262 4319
internal_count=58046 37534 20512 14816 16208 21326 5696 3606 10285 5988 4992 11210 648 2006 4344 406 1600 704 6769 1325 15639 6105 5573 4117 4441 532 1456 1744 1262 4319
is_linear=0
shrinkage=0.05


Tree=29
num_leaves=31
num_cat=0
split_feature=3 5 3 3 10 9 5 5 12 7 9 6 9 12 8 12 7 7 6 7 5 10 7 15 8 13 15 9 12 6
split_gain=4170.08 1057.47 833.263 220.232 190.2 159.65 118.274 113.375 99.3087 84.0454 74.0983 72.2622 70.4086 68.9235 67.2725 57.8932 57.6011 68.1202 63.5865 56.7736 51.7782 111.197 51.6262 58.2716 51.5762 51.2871 50.8844 48.1362 46.3998 43.0803
threshold=7.8185226917266855 2.4616667032241826 11.375917911529543 2.6383464336395268 0.9238443672657014 4.9749999046325692 5.5216667652130136 6.2016665935516366 -0.16504132002592084 -0.52458885312080372 10.305000305175783 947.95001220703136 9.6549997329711932 -0.095842104405164705 0.54162281751632702 -0.52247866988182057 0.98049062490463268 0.99276849627494823 959.64999389648449 -0.66248837113380421 4.8616666793823251 -0.9099266231060027 0.82438889145851146 43.500000000000007 0.94504281878471386 0.60355338454246532 47.500000000000007 4.305000066757203 0.33379416167736059 942.75000000000011
decision_type=2 2 2 2 2 8 2 2 2 2 8 2 10 2 2 2 2 2 2 2 2 2 2 2 2 2 2 10 2 2
left_child=1 3 4 19 10 -3 11 -4 22 14 13 -6 -8 -2 -9 -7 -11 18 -18 26 -17 -22 23 25 -23 -5 -1 -10 -12 -15
right_child=2 5 7 8 6 15 12 9 27 16 28 -13 -14 29 -16 20 17 -19 -20 -21 21 24 -24 -25 -26 -27 -28 -29 -30 -31
leaf_value=-0.0023586994330941692 0.005140520625309195 -0.0020095079772840898 0.0074083840285889659 -0.0013516120253995346 -0.0028886845020064892 0.0012083314758057802 0.008291707766424003 -0.002391887255879882 -0.0024657358156942341 0.0087041793040360301 0.0069831310506322493 0.0066722647228167125 0.0088365213422591741 0.0083883222894129694 0.0094430302196771235 -0.0010357115869348823 -0.013587880128971811 0.0086953231469206749 0.009170763611673077 -0.0024335642329364571 -0.0015442400476359142 0.0076986611735427495 -0.0025415401466179332 -0.00018432976843861873 -0.003997926434174519 -0.0026844270882161354 0.00091257299868097998 -0.0023227605210116575 0.0025961510022324192 -0.000517908654134823
leaf_weight=1372 3236 5704 819 1910 308 3934 692 220 2857 3888 2810 1297 1361 186 409 8908 82 197 81 4646 1345 1084 987 1628 151 809 224 1777 1620 3466
leaf_count=1372 3236 5704 819 1910 308 3934 692 220 2857 3888 2810 1297 1361 186 409 8908 82 197 81 4646 1345 1084 987 1628 151 809 224 1777 1620 3466
internal_value=-0.000729147 -0.0107041 0.0172849 -0.0203084 0.0110874 -0.0033316 0.0209937 0.0335555 -0.0156823 0.0364502 0.00787777 0.0107764 0.0289359 0.00462788 0.019164 -0.000687107 0.0389842 0.0194521 -0.00446429 -0.0276773 -0.00247977 0.00375242 -0.0110133 -0.00865119 0.0145565 -0.0131241 -0.0194254 -0.021039 0.01292 -8.20345e-05
internal_weight=58008 37336 20672 16210 14976 21126 3658 5696 9968 4877 11318 1605 2053 6888 629 15422 4248 360 163 6242 11488 2580 5334 4347 1235 2719 1596 4634 4430 3652
internal_count=58008 37336 20672 16210 14976 21126 3658 5696 9968 4877 11318 1605 2053 6888 629 15422 4248 360 163 6242 11488 2580 5334 4347 1235 2719 1596 4634 4430 3652
is_linear=0
shrinkage=0.05


Tree=30
num_leaves=31
num_cat=0
split_feature=3 5 3 3 10 3 5 11 7 8 15 7 7 7 8 13 7 13 6 6 3 8 6 15 15 6 6 15 8 8
split_gain=3881.89 1054.35 826.491 198.559 178.822 157.142 141.745 139.393 78.0947 68.6268 65.3403 59.3961 87.0517 56.9963 92.8437 56.8718 55.4587 104.973 59.1341 54.2489 51.3361 48.8987 48.6732 78.3507 45.5986 78.1499 44.8987 47.9508 44.2123 46.1183
threshold=7.8616240024566659 2.2150000333786015 11.375917911529543 5.0147736072540292 0.9238443672657014 2.6383464336395268 6.2016665935516366 7.5499999523162851 -0.52458885312080372 0.54162281751632702 75.500000000000014 0.87828615307807933 0.99630826711654674 0.98049062490463268 -0.10296135023236273 0.37940952181816107 0.68472337722778331 -0.37940952181816096 949.35000610351574 957.14999389648449 9.5360808372497576 0.12447811290621759 952.04998779296886 42.500000000000007 35.500000000000007 952.85000610351574 965.64999389648449 77.500000000000014 -0.99351876974105824 -0.98009455204009999
decision_type=2 2 2 2 2 2 2 2 2 2 2 2 2 2 2 2 2 2 2 2 2 2 2 2 2 2 2 2 2 2
left_child=1 5 4 24 16 22 21 19 9 -8 15 28 -13 -10 -15 -7 18 -18 -2 -6 -9 -4 23 -1 25 -3 -19 -28 -5 -30
right_child=2 3 6 11 7 10 8 20 13 -11 -12 12 -14 14 -16 -17 17 26 -20 -21 -22 -23 -24 -25 -26 -27 27 -29 29 -31
leaf_value=-0.0023254977361831602 0.0021847663812331066 -0.0016454785980450208 0.0081336296626342407 -0.003324869797395537 0.00041061203579549903 -0.0015671400176093338 -0.0014595423556094445 0.0090842218757260403 0.0082689703388342303 0.0089708787086932706 -0.002414397615059038 -0.0030098469321568483 0.0045721167041031024 -0.012609164687359495 0.0082620218601954631 -0.0023349200554066188 0.0062134564777500158 -0.0020594252670031953 0.0054799816744539182 0.0085296855084235398 0.0082805820304351057 -0.00083632286309672519 -0.0023118860212896341 -0.001659567050411854 -0.0013034290711441488 -0.0026543079237066761 -0.0011636243167758313 0.011864226327086566 0.0045429343821347867 0.000152320887732553
leaf_weight=2024 2580 3627 487 595 956 3286 221 957 3841 418 1140 1906 436 80 281 2907 1359 2246 4713 479 1230 318 3285 599 3839 917 159 126 432 12480
leaf_count=2024 2580 3627 487 595 956 3286 221 957 3841 418 1140 1906 436 80 281 2907 1359 2246 4713 479 1230 318 3285 599 3839 917 159 126 432 12480
internal_value=-0.000856221 -0.0104181 0.0166626 -0.00421669 0.010449 -0.0217613 0.0329322 0.0200993 0.0361638 0.0196429 -0.0168506 -0.000924057 -0.00826587 0.0386499 0.0192623 -0.0148032 0.00731587 0.00249037 0.00988627 0.00795139 0.0280338 0.0133951 -0.027837 -0.0226598 -0.0104375 -0.0138272 -0.00352918 0.015 0.000351539 0.000967717
internal_weight=57924 37473 20451 24232 14805 13241 5646 3622 4841 639 7333 15849 2342 4202 361 6193 11183 3890 7293 1435 2187 805 5908 2623 8383 4544 2531 285 13507 12912
internal_count=57924 37473 20451 24232 14805 13241 5646 3622 4841 639 7333 15849 2342 4202 361 6193 11183 3890 7293 1435 2187 805 5908 2623 8383 4544 2531 285 13507 12912
is_linear=0
shrinkage=0.05


Tree=31
num_leaves=31
num_cat=0
split_feature=5 4 5 9 6 9 12 5 6 12 12 9 8 8 5 15 13 5 15 11 7 8 10 7 6 15 4 10 15 8
split_gain=3561.29 1074.72 781.941 231.435 186.478 160.452 152.672 112.802 100.224 92.0279 89.8187 89.372 83.7614 93.1701 70.6398 69.2867 71.7245 63.9166 58.4036 57.5501 57.4759 57.0268 77.7411 75.904 54.6769 54.6631 52.301 49.7722 49.3161 46.659
threshold=3.9616667032241826 7.6150000095367441 2.2150000333786015 7.2049999237060556 951.14999389648449 4.4749999046325692 -0.19936034083366391 1.4583333730697634 960.35000610351574 -0.46173103153705591 0.26722820103168493 3.6149998903274541 -0.84680011868476857 0.99805629253387462 6.2016665935516366 35.500000000000007 -0.6035533845424651 5.808333396911622 51.500000000000007 6.2500000000000009 -0.95117661356925953 0.93168920278549205 0.19936034083366397 -0.28192241489887232 951.25000000000011 13.500000000000002 6.0450000762939462 -0.84335932135581959 34.500000000000007 0.88337317109107982
decision_type=2 2 2 8 2 8 2 2 2 2 2 10 2 2 2 2 2 2 2 2 2 2 2 2 2 2 2 2 2 2
left_child=2 3 6 21 17 24 7 -1 12 27 26 20 18 -14 -6 -11 -17 -3 -5 -12 -8 22 25 -24 28 -2 -10 -7 -4 -18
right_child=1 4 5 8 14 9 11 -9 10 15 19 -13 13 -15 -16 16 29 -19 -20 -21 -22 -23 23 -25 -26 -27 -28 -29 -30 -31
leaf_value=-0.0021962917202251525 -0.0042492607444813753 -0.0047724038565053004 -0.0017084347002037084 0.0071441640311450247 0.0073912581026120694 0.0019053279182727721 -0.0012806968283057092 -0.0017840364060940101 0.0080691277491411733 -0.0024519420163275681 -0.002679241477666064 -0.0021804470945254485 0.0027396529706538776 0.010792018309973001 0.0076888553141715721 0.001619595477836125 -0.0019321845168291331 0.0075175249173518701 -0.00020927395647961507 0.0069840481372954516 -0.0021962917202251525 -0.0049184076853736759 0.0057326629654188459 -0.0011218089747216263 -0.002454598660528334 -0.00063510749814909152 0.009198808108913015 -0.00069294959472928079 0.00058142553940393504 0.001079125265749903
leaf_weight=2089 236 187 1904 2038 398 2916 321 4240 988 2962 427 1739 9208 250 3722 1664 4073 1624 426 985 4770 513 764 583 2307 2536 895 1575 742 871
leaf_count=2089 236 187 1904 2038 398 2916 321 4240 988 2962 427 1739 9208 250 3722 1664 4073 1624 426 985 4770 513 764 583 2307 2536 895 1575 742 871
internal_value=-0.000697919 0.0131472 -0.0117922 0.00756271 0.0318144 -0.00530522 -0.02116 -0.0155431 0.0105407 -0.00257714 0.0182576 -0.0263497 0.00840111 0.00625594 0.037697 -0.00534726 -0.00249509 0.0183645 0.0166059 0.00868031 -0.0296998 -0.00222126 -0.000254607 0.0095784 -0.0130395 -0.00504141 0.0253972 0.00332518 -0.00811015 -0.00551627
internal_weight=57953 25780 32173 19849 5931 19014 13159 6329 15217 14061 3295 6830 11922 9458 4120 9570 6608 1811 2464 1412 5091 4632 4119 1347 4953 2772 1883 4491 2646 4944
internal_count=57953 25780 32173 19849 5931 19014 13159 6329 15217 14061 3295 6830 11922 9458 4120 9570 6608 1811 2464 1412 5091 4632 4119 1347 4953 2772 1883 4491 2646 4944
is_linear=0
shrinkage=0.05


Tree=32
num_leaves=31
num_cat=0
split_feature=3 5 3 3 10 9 5 11 12 7 6 8 12 5 10 13 7 8 6 6 12 7 12 9 9 8 6 12 10 13
split_gain=3618.37 1156.18 646.724 217.576 201.041 175.388 136.171 125.342 97.4305 87.5826 85.3786 61.8187 60.8463 75.1969 100.526 89.3822 88.2283 72.4468 60.9405 64.2401 92.9922 59.2038 56.1318 58.9336 54.8128 53.5909 52.5557 52.3008 49.7842 49.5903
threshold=8.5070033073425311 2.4850000143051152 11.375917911529543 2.6383464336395268 0.9238443672657014 4.9749999046325692 6.0683333873748788 10.650000095367433 -0.23343648016452787 -0.52458885312080372 954.64999389648449 0.54162281751632702 -0.44618082046508784 4.9516665935516366 -0.9099266231060027 -0.6035533845424651 0.25293653458356863 0.95052322745323192 953.45001220703136 959.25000000000011 0.078456107527017607 0.82438889145851146 0.36648726463317877 9.6050000190734881 3.8349999189376835 0.12447811290621759 952.25000000000011 0.46173103153705602 -0.46173103153705591 0.37940952181816107
decision_type=2 2 2 2 2 8 2 2 2 2 2 2 2 2 2 2 2 2 2 2 2 2 2 8 10 2 2 2 2 2
left_child=1 3 4 26 22 -3 25 10 21 11 -6 -8 28 15 -15 16 -14 -16 -17 -20 -21 29 23 -2 -10 -4 -1 -11 -7 -5
right_child=2 5 6 8 7 12 9 -9 24 27 -12 -13 13 14 17 18 -18 -19 19 20 -22 -23 -24 -25 -26 -27 -28 -29 -30 -31
leaf_value=-0.0020294902008015491 0.0021335855874999006 -0.0017192779649438065 0.0069691743070981306 -0.00046995720900491273 0.001143083641227266 0.0020977502820225913 -0.0012318814978500127 0.007709966982781891 -0.0021419630140643397 0.007471079056183938 0.0080358129444294355 0.008137892007550029 -0.00099116825377841902 -0.00081154557187698576 0.0071445709998515074 -0.00058326363335937936 0.0028411277814169608 -0.0036253074425371735 -0.0040009763099774611 0.0035438997204881167 -0.002391796043079385 -0.0022480854039683418 0.00028031780118718125 0.0058326459980431872 -0.0020757466730155255 -0.0020685081274951556 -0.0020864771342138945 0.0074853640360597719 -0.0014892023203687877 -0.0021718923661204577
leaf_weight=2829 2488 5591 442 2530 867 4290 236 992 2695 4035 964 408 1414 1927 1522 3317 1687 221 1922 507 1230 934 2110 3946 2296 251 3377 322 950 1737
leaf_count=2829 2488 5591 442 2530 867 4290 236 992 2695 4035 964 408 1414 1927 1522 3317 1687 221 1922 507 1230 934 2110 3946 2296 251 3377 322 950 1737
internal_value=-0.000684849 -0.00874064 0.0186599 -0.0190209 0.0117613 -0.00187935 0.0324092 0.0233204 -0.0145141 0.0352877 0.0154956 0.0178737 0.000413332 -0.00133435 0.00478912 -0.00356576 0.00349324 0.0134725 -0.00670391 -0.011149 -0.00416188 -0.00970995 0.00793075 0.01025 -0.0195056 0.011533 -0.0264048 0.0378381 0.00499523 -0.00719803
internal_weight=58037 40976 17061 16398 11367 24578 5694 2823 10192 5001 1831 644 18987 13747 3670 10077 3101 1743 6976 3659 1737 5201 8544 6434 4991 693 6206 4357 5240 4267
internal_count=58037 40976 17061 16398 11367 24578 5694 2823 10192 5001 1831 644 18987 13747 3670 10077 3101 1743 6976 3659 1737 5201 8544 6434 4991 693 6206 4357 5240 4267
is_linear=0
shrinkage=0.05


Tree=33
num_leaves=31
num_cat=0
split_feature=3 5 4 3 12 3 5 7 9 5 8 7 13 9 7 12 9 13 8 8 8 13 9 8 5 7 15 2 8 7
split_gain=3459.31 1112.09 652.547 203.909 160.234 137.311 103.671 100.282 97.9088 88.5454 87.5736 62.3669 60.747 57.4822 55.7962 86.7819 52.517 55.3901 51.8473 48.6629 47.95 47.3852 47.3349 56.4522 44.8124 42.2253 50.6805 40.3419 39.1002 51.8084
threshold=8.5070033073425311 2.2150000333786015 7.8550000190734872 5.5126936435699472 -0.19936034083366391 10.920272350311281 1.4583333730697634 -0.464854747056961 3.6149998903274541 6.2016665935516366 -0.20061247795820233 -0.95117661356925953 0.12940952181816109 3.3549998998641972 -0.59573787450790394 -0.43049471080303187 1.6150000095367434 -0.37940952181816096 -0.081558488309383378 0.99805629253387462 0.99971848726272594 -0.91597560048103321 9.5650000572204608 -0.97653719782829274 4.9516665935516366 0.89029943943023693 46.500000000000007 40.500000000000007 0.97745609283447277 0.68472337722778331
decision_type=2 2 2 2 2 2 2 2 10 2 2 2 2 8 2 2 10 2 2 2 2 2 10 2 2 2 2 2 2 2
left_child=1 4 5 13 6 16 -1 -4 11 -9 -7 -6 20 27 24 -16 -2 22 -12 28 -5 -10 23 -18 -14 26 -8 -3 29 -19
right_child=2 3 7 12 8 10 25 9 21 -11 18 -13 14 -15 15 -17 17 19 -20 -21 -22 -23 -24 -25 -26 -27 -28 -29 -30 -31
leaf_value=-0.0019881911018978073 0.011907956598153495 -0.0020811698944000257 0.0064869910518065704 0.00083065531391935407 -0.0010318542229898725 0.0074959436741359577 -0.0016725937152294466 0.0046033512444731946 0.00044173016155842786 0.0070299417000109169 -0.00793813676019638 -0.0019821532775032001 -0.00023302816954336796 -0.0011530201051002387 0.0028701835648047543 -0.0025789133293175337 0.0092088542431610684 0.0045141368796785377 0.0067359643221396488 0.012170672630642854 0.0097798469466589509 -0.0020453928062984053 0.0076479439122924949 0.0013114903178627667 0.0064822860887833404 -0.0021584747041271894 1.0352544110616563e-05 0.00078283778622228464 -0.0054544107890329681 -0.00035349770513744689
leaf_weight=2097 280 2694 1044 9567 326 1407 2484 246 250 3568 177 4801 1512 8029 1041 3929 152 3129 1557 103 109 1490 1902 1346 555 588 1227 279 224 1958
leaf_count=2097 280 2694 1044 9567 326 1407 2484 246 250 3568 177 4801 1512 8029 1041 3929 152 3129 1557 103 109 1490 1902 1346 555 588 1227 279 224 1958
internal_value=-0.000582857 -0.00846449 0.0183092 -0.00276515 -0.0203686 0.0121446 -0.014654 0.0338063 -0.0256767 0.0375753 0.0211538 -0.0291602 0.000714798 -0.00804942 -0.0028188 -0.00568844 0.00902297 0.00833428 0.013571 0.00518546 0.00328478 -0.0153582 0.0133333 0.00665336 0.00407819 -0.0101882 -0.00819429 -0.0139859 0.00450527 0.00541045
internal_weight=58071 40978 17093 27715 13263 12235 6396 4858 6867 3814 3141 5127 16713 11002 7037 4970 9094 8814 1734 5414 9676 1740 3400 1498 2067 4299 3711 2973 5311 5087
internal_count=58071 40978 17093 27715 13263 12235 6396 4858 6867 3814 3141 5127 16713 11002 7037 4970 9094 8814 1734 5414 9676 1740 3400 1498 2067 4299 3711 2973 5311 5087
is_linear=0
shrinkage=0.05


Tree=34
num_leaves=31
num_cat=0
split_feature=3 5 4 3 12 3 5 7 8 5 10 11 13 7 8 7 7 10 11 8 15 15 13 3 7 15 10 12 11 4
split_gain=3282.73 1013.77 657.699 170.974 157.631 124.552 110.484 101.381 93.611 83.9776 64.3758 75.6355 60.5007 60.3047 57.675 59.1433 52.0991 50.2797 70.2583 51.6681 45.7754 43.519 42.865 50.7641 41.9358 48.5764 40.7181 40.2027 37.8231 41.6502
threshold=8.4232416152954119 2.2983332872390752 7.8550000190734872 5.5126936435699472 -0.19936034083366391 10.920272350311281 1.4583333730697634 -0.464854747056961 -0.20061247795820233 6.2016665935516366 0.9238443672657014 9.2500000000000018 -0.7865660786628722 0.88234141469001781 0.021515898406505588 0.99468535184860241 0.57132312655448925 0.89490029215812694 9.7500000000000018 -0.038721922785043709 23.500000000000004 47.500000000000007 0.37940952181816107 7.382256507873536 0.88234141469001781 46.500000000000007 0.94828754663467418 0.36648726463317877 7.5499999523162851 6.1250000000000009
decision_type=2 2 2 2 2 2 2 2 2 2 2 2 2 2 2 2 2 2 2 2 2 2 2 2 2 2 2 2 2 2
left_child=1 4 5 20 6 10 -1 -4 28 -9 27 16 -6 22 15 -15 -12 18 -10 -20 -3 -16 23 -5 25 -8 -25 -2 -7 -30
right_child=2 3 7 13 12 8 24 9 17 -11 11 -13 -14 14 21 -17 -18 -19 19 -21 -22 -23 -24 26 -26 -27 -28 -29 29 -31
leaf_value=-0.0018902726919112129 0.0039420255286685638 -0.0017755088497794253 0.0062043081261464713 0.00028282313036626859 -0.0015748882629256782 0.0059330302856601186 -0.0015625550534624146 0.0045429802389430566 -0.0029513266220559942 0.0066626947645137217 0.00055188300360371485 0.0077851963238584239 -0.0018830456136280399 -0.001871432640055703 -0.0066236887042474329 0.005927899631691636 0.0080441812333221126 0.0076632716404011481 -0.010959141927811309 0.006450676127388616 -0.0010963770103197324 -0.0029186955299165592 -0.00072247069138527413 0.0026248499639826978 -0.0020430219994179268 1.520338058441928e-05 0.0079495874480873807 4.4040534461825544e-05 0.0035297699957938301 0.0072413959922001114
leaf_weight=2098 5622 2705 1028 5858 1225 221 2667 248 457 3543 869 814 6126 871 92 355 393 471 92 706 7408 1148 4627 2671 671 1357 465 1862 142 1053
leaf_count=2098 5622 2705 1028 5858 1225 221 2667 248 457 3543 869 814 6126 871 92 355 393 471 92 706 7408 1148 4627 2671 671 1357 465 1862 142 1053
internal_value=-0.000548644 -0.00839674 0.0175197 -0.00257203 -0.0191816 0.0115448 -0.0136731 0.03324 0.0201779 0.0370258 0.00869838 0.0164825 -0.0242591 0.000630748 -0.00655605 0.00113729 0.00876085 0.012305 0.00702381 0.0159402 -0.00766456 -0.0141365 0.0019338 0.00394488 -0.00939362 -0.00744602 0.00907354 0.00652958 0.0296974 0.0332083
internal_weight=57865 40344 17521 26200 14144 12702 6793 4819 3142 3791 9560 2076 7351 16087 2466 1226 1262 1726 1255 798 10113 1240 13621 8994 4695 4024 3136 7484 1416 1195
internal_count=57865 40344 17521 26200 14144 12702 6793 4819 3142 3791 9560 2076 7351 16087 2466 1226 1262 1726 1255 798 10113 1240 13621 8994 4695 4024 3136 7484 1416 1195
is_linear=0
shrinkage=0.05


Tree=35
num_leaves=31
num_cat=0
split_feature=3 5 3 10 3 9 5 5 12 7 7 12 14 9 8 7 12 8 12 3 15 8 7 15 11 15 8 9 7 10
split_gain=3108.39 1025.18 596.961 199.705 192.064 139.806 126.728 116.797 99.3886 91.5905 66.2673 63.2663 61.4588 60.6413 58.8811 56.0509 53.8968 53.6899 53.5077 47.0287 45.9168 45.4665 42.0429 56.5787 40.5518 39.9721 39.5063 37.7799 37.0965 53.1356
threshold=8.6450753211975115 2.4183334112167363 11.564913749694826 0.9238443672657014 2.6383464336395268 4.9749999046325692 5.5216667652130136 6.2016665935516366 -0.52247866988182057 -0.52458885312080372 -0.6495143175125121 0.36648726463317877 4.4249999523162851 3.9150000810623173 0.54162281751632702 0.78354993462562572 0.46173103153705602 0.97368243336677562 -0.28400452435016627 10.355289936065676 47.500000000000007 0.99805629253387462 0.88234141469001781 41.500000000000007 9.8499999046325701 38.500000000000007 0.12447811290621759 6.5350000858306894 -0.94000589847564686 0.78257837891578685
decision_type=2 2 2 2 2 8 2 2 2 2 2 2 10 10 2 2 2 2 2 2 2 2 2 2 2 2 2 10 2 2
left_child=1 4 3 11 10 28 25 26 15 14 20 19 17 -10 -9 27 -11 -7 -12 24 -1 -19 -14 -24 -2 -5 -4 -6 29 -3
right_child=2 5 7 6 8 12 -8 9 13 16 18 -13 22 -15 -16 -17 -18 21 -20 -21 -22 -23 23 -25 -26 -27 -28 -29 -30 -31
leaf_value=-0.0017741395192873847 0.0046651632490595507 -0.0013441140717547928 0.0072597620252990436 -0.00096858633665974914 -0.00043266887596404364 -0.00061958700328777208 0.0066350016794510473 -0.002822618078477235 -0.0018434432781589041 0.0064286431306451565 -0.0017882300878127489 -5.6261614060240667e-05 0.0010178860411966862 -0.0017002053146907012 0.0070964324482748753 -0.0022015190016593188 0.0066303408441708627 -0.0043988588736639809 -0.0017888933329466381 0.005649959589860626 0.0012880751023540251 0.0019581334105065631 -0.006027123695682219 -0.00062152168736587666 0.0004397313441948103 0.0079907123716956747 -0.0014890738255671388 -0.0028399417186075909 -0.0016803836192996445 0.004973428332454042
leaf_weight=1365 2624 721 426 432 2685 5483 1791 205 3385 3697 1621 2035 11941 2608 370 605 291 438 2920 2122 244 105 87 1783 1592 564 241 211 4932 367
leaf_count=1365 2624 721 426 432 2685 5483 1791 205 3385 3697 1621 2035 11941 2608 370 605 291 438 2920 2122 244 105 87 1783 1592 564 241 211 4932 367
internal_value=-0.000427491 -0.00770852 0.0180055 0.0114644 -0.0178094 -0.001595 0.023048 0.0319389 -0.0133382 0.0347964 -0.0246954 0.00759728 0.000430904 -0.0172474 0.0159483 -0.00663149 0.0374906 -0.00378047 -0.0277937 0.0100583 -0.0158922 -0.0187044 0.00226911 -0.00469333 0.00698887 0.00869131 0.0122768 -0.00372285 -0.00826556 9.14913e-05
internal_weight=57891 41501 16390 11160 15644 25857 2787 5230 9494 4563 6150 8373 19837 5993 575 3501 3988 6026 4541 6338 1609 543 13811 1870 4216 996 667 2896 6020 1088
internal_count=57891 41501 16390 11160 15644 25857 2787 5230 9494 4563 6150 8373 19837 5993 575 3501 3988 6026 4541 6338 1609 543 13811 1870 4216 996 667 2896 6020 1088
is_linear=0
shrinkage=0.05


Tree=36
num_leaves=31
num_cat=0
split_feature=3 5 4 6 12 3 3 5 9 3 10 12 10 6 15 13 6 12 13 6 6 15 10 8 13 9 12 8 8 8
split_gain=3021.6 927.181 640.205 182.124 162.625 158.721 121.357 103.7 90.3582 86.8535 79.6585 75.4549 61.487 53.4789 52.2126 52.1303 54.3014 72.411 51.575 47.8732 45.1492 65.1079 43.7725 43.3731 57.393 51.0845 52.4424 44.5729 42.3475 41.0611
threshold=8.5070033073425311 2.2983332872390752 7.8550000190734872 950.85000610351574 -0.23343648016452787 5.8810484409332284 10.920272350311281 1.4583333730697634 4.0250000953674325 13.009872913360597 0.9170251488685609 0.26722820103168493 0.90992662310600292 954.64999389648449 23.500000000000004 0.12940952181816109 952.85000610351574 -0.63605400919914235 -0.91597560048103321 952.64999389648449 951.14999389648449 43.500000000000007 0.66259482502937328 -0.70785933732986439 0.60355338454246532 8.8350000381469744 -0.18222858756780622 -0.7433299422264098 0.99960738420486461 -0.91172525286674488
decision_type=2 2 2 2 2 2 2 2 10 2 2 2 2 2 2 2 2 2 2 2 2 2 2 2 2 8 2 2 2 2
left_child=1 4 6 9 7 14 12 -1 20 -4 11 -8 -2 -14 19 28 29 -18 -10 22 21 -6 -3 24 27 -25 -27 -16 -7 -17
right_child=2 5 3 -5 8 15 10 -9 18 -11 -12 -13 13 -15 23 16 17 -19 -20 -21 -22 -23 -24 25 -26 26 -28 -29 -30 -31
leaf_value=-0.0017020957482994108 0.0023948532776417149 -0.0018862228285236021 0.0029314080935667845 0.005940544466391951 -0.0017401474273045225 0.00096757964225711944 0.0060482278618521797 -0.0013662372589522825 0.0011410999958749272 0.0065058416338426572 0.0068674938207346327 0.0021652381693415767 0.0031843229586857261 0.0069232298346490195 0.00056147037570482706 -0.0044121922287005738 0.012219333094354879 -0.0027152865600679451 -0.0018007013562834741 -0.002394247212433843 -0.0016994486662993064 -0.00013413494228998701 -0.00036645978030625876 -0.001506550478665665 -0.0019981217481307915 0.0041567041266130315 -0.0013665814992663617 0.011243747527664879 0.0088532281961811732 0.0018282123946908729
leaf_weight=2043 6444 1656 860 3449 1539 8436 1633 4607 239 500 580 901 1268 1381 1497 345 298 2835 1434 354 3946 393 1063 6034 677 314 307 138 137 2714
leaf_count=2043 6444 1656 860 3449 1539 8436 1633 4607 239 500 580 901 1268 1381 1497 345 298 2835 1434 354 3946 393 1063 6034 677 314 307 138 137 2714
internal_value=-0.000572147 -0.00792226 0.0171377 0.0325821 -0.0182493 -0.00244871 0.0110424 -0.0125319 -0.0232729 0.0169963 0.0195576 0.0156755 0.00811717 0.0145252 -0.00670818 0.00102573 -0.00246894 -0.0070905 -0.0129619 -0.0123294 -0.0261941 -0.0198245 -0.0100404 -0.00477597 0.00112214 -0.00682432 0.00678914 0.00618902 0.00354978 0.00226828
internal_weight=58022 41006 17016 4809 14201 26805 12207 6650 7551 1360 3114 2534 9093 2649 12040 14765 6192 3133 1673 3073 5878 1932 2719 8967 2312 6655 621 1635 8573 3059
internal_count=58022 41006 17016 4809 14201 26805 12207 6650 7551 1360 3114 2534 9093 2649 12040 14765 6192 3133 1673 3073 5878 1932 2719 8967 2312 6655 621 1635 8573 3059
is_linear=0
shrinkage=0.05


Tree=37
num_leaves=31
num_cat=0
split_feature=4 5 4 5 6 6 14 12 12 11 11 12 7 15 6 7 8 13 15 7 8 13 11 10 7 4 15 11 8 8
split_gain=2797.2 1089.29 481.704 170.934 163.108 153.99 142.834 107.018 99.4835 71.367 69.1532 64.5417 62.6934 68.4893 66.9269 80.3863 65.8742 64.3806 60.8492 61.6505 59.7373 59.202 58.3895 95.8652 62.8893 57.9682 55.3764 51.4135 47.7955 44.7774
threshold=6.2049999237060556 2.4850000143051152 7.9349999427795419 1.7150000333786013 950.85000610351574 958.95001220703136 5.3550000190734872 0.44618082046508795 -0.47714059054851526 7.5499999523162851 8.5500001907348651 -0.28400452435016627 0.88234141469001781 37.500000000000007 947.04998779296886 -0.019329105038195845 -0.99532556533813465 0.60355338454246532 24.500000000000004 -0.93400302529335011 -0.97653719782829274 -0.37940952181816096 9.3499999046325701 -0.95878320932388295 0.98049062490463268 1.9049999713897707 21.500000000000004 3.9500000476837163 0.12447811290621759 -0.8893369436264037
decision_type=2 2 2 2 2 2 10 2 2 2 2 2 2 2 2 2 2 2 2 2 2 2 2 2 2 2 2 2 2 2
left_child=1 3 5 11 10 22 18 9 -5 -7 -4 27 14 -14 15 17 -16 -8 19 -3 -18 -20 26 -24 -25 -10 -2 -1 -23 -22
right_child=2 6 4 8 -6 7 12 -9 25 -11 -12 -13 13 -15 16 -17 20 -19 21 -21 29 28 23 24 -26 -27 -28 -29 -30 -31
leaf_value=-0.0016526516225593723 -0.0053459940816891942 0.00039505720572954943 -0.0052203229567950316 -0.00087463130544116439 0.0056427848077619473 0.0078813574684764801 -0.00018425528401960005 0.0019365870513840062 -0.0016871495853670042 0.0065208192679067026 0.0058282994342453544 -0.0016144762329843411 -0.0063684436598849484 -0.00079207078551392363 -0.0031375214220490002 0.01688427896601612 0.007349289808751009 -0.0045329104792997147 0.00056358594499896495 -0.0021248122841699018 -0.00065187657022551049 -0.00023739413740862388 0.0012355926071315278 0.0062563147433855049 -0.0072734381812985423 -0.0015990024279749313 0.0026596144216955945 0.00022227782084871216 -0.0019611640611610333 0.0025462655158355789
leaf_weight=2867 210 597 155 3280 3286 644 2378 506 2750 1231 1182 3860 93 2519 479 164 723 649 3288 2138 1330 2941 1414 1861 154 3228 3150 336 3155 7330
leaf_count=2867 210 597 155 3280 3286 644 2378 506 2750 1231 1182 3860 93 2519 479 164 723 649 3288 2138 1330 2941 1414 1861 154 3228 3150 336 3155 7330
internal_value=-0.000359221 -0.00650533 0.019289 -0.0167555 0.0324438 0.0126431 -0.000482205 0.023575 -0.0122746 0.0290691 0.017623 -0.022616 0.00267071 -0.00439434 0.00408562 -0.00220588 0.00612141 -0.00407322 -0.00455708 -0.0111131 0.00704623 -0.00264139 0.00879452 0.0133809 0.0203713 -0.0161123 0.00410104 -0.0173161 -0.00555647 0.00588575
internal_weight=57898 44105 13793 16321 4623 9170 27784 2381 9258 1875 1337 7063 15665 2612 13053 3191 9862 3027 12119 2735 9383 9384 6789 3429 2015 5978 3360 3203 6096 8660
internal_count=57898 44105 13793 16321 4623 9170 27784 2381 9258 1875 1337 7063 15665 2612 13053 3191 9862 3027 12119 2735 9383 9384 6789 3429 2015 5978 3360 3203 6096 8660
is_linear=0
shrinkage=0.05


Tree=38
num_leaves=31
num_cat=0
split_feature=3 5 3 10 12 9 5 5 9 7 5 12 6 13 7 7 8 11 14 6 8 13 8 9 9 8 15 15 6 8
split_gain=2762.29 872.817 625.255 184.654 145.163 144.229 140.642 124.001 101.412 98.2703 81.692 66.4544 63.4402 55.7322 52.2767 50.8122 99.3384 50.0263 49.4746 52.2167 48.7677 48.5905 46.6488 46.5097 45.2779 44.8133 44.0539 43.98 42.8437 42.3718
threshold=8.4232416152954119 2.2150000333786015 11.564913749694826 0.9238443672657014 -0.19936034083366391 4.5750000476837167 5.5216667652130136 6.0683333873748788 4.0250000953674325 -0.52458885312080372 1.5116666555404665 0.36648726463317877 952.04998779296886 0.37940952181816107 -0.94573098421096791 0.98049062490463268 -0.10296135023236273 6.7500000000000009 4.055000066757203 965.64999389648449 0.12447811290621759 -0.7865660786628722 0.54162281751632702 10.204999923706056 10.25500011444092 -0.70785933732986439 31.500000000000004 23.500000000000004 954.64999389648449 -0.69870123267173756
decision_type=2 2 2 2 2 8 2 2 10 2 2 2 2 2 2 2 2 2 10 2 2 2 2 10 8 2 2 2 2 2
left_child=1 4 3 11 10 12 28 20 14 22 -1 24 -3 18 -6 -11 -17 -13 25 -20 -4 -10 -9 -8 -2 -7 -19 -27 -5 -14
right_child=2 5 7 6 8 13 23 9 21 15 -12 17 29 -15 -16 16 -18 26 19 -21 -22 -23 -24 -25 -26 27 -28 -29 -30 -31
leaf_value=-0.0015332499758051133 0.002242190117978543 -0.00084508995623658952 0.0053278237622292786 -0.00055148618850534015 -0.00079633757990111166 0.0019904896167715503 0.0063626004011542205 -0.0027627410398661486 0.00082761557246087576 0.0055280445104052061 -0.0013003873689010842 -0.0021714928881326756 -0.0011147188333607157 -0.0010804905323631403 -0.0015337524213351239 -0.01376880185646856 0.0057364162250600377 -0.0051702857009536919 0.00057347944229592114 0.0066717435741422528 -0.0044271757315448605 -0.0016016856506823364 0.0061624443621534413 0.0056217864126537178 0.004878783017450628 -0.0030260703192776491 0.0065047322283308256 -0.00091627864469928622 0.005917213740855457 -0.001945894214899397
leaf_weight=2352 3835 3618 363 605 345 848 718 216 308 3734 4015 1059 736 7379 5113 81 299 331 9641 377 186 1077 367 1193 3205 535 859 2374 546 1750
leaf_count=2352 3835 3618 363 605 345 848 718 216 308 3734 4015 1059 736 7379 5113 81 299 331 9641 377 186 1077 367 1193 3205 535 859 2374 546 1750
internal_value=-0.000386602 -0.00757789 0.0161487 0.00999919 -0.0181233 -0.00246488 0.0206391 0.0306037 -0.023182 0.0332305 -0.0126726 0.00648268 -0.00923228 -0.000510421 -0.0262493 0.0359553 0.0181818 -0.000998225 0.00136792 0.00320263 0.00803249 -0.0110432 0.0138605 0.0289405 0.00887154 -0.00352206 0.0060251 -0.00646877 0.00679066 -0.0153754
internal_weight=58065 40468 17597 12351 13210 27258 3062 5246 6843 4697 6367 9289 6104 21154 5458 4114 380 2249 13775 10018 549 1385 583 1911 7040 3757 1190 2909 1151 2486
internal_count=58065 40468 17597 12351 13210 27258 3062 5246 6843 4697 6367 9289 6104 21154 5458 4114 380 2249 13775 10018 549 1385 583 1911 7040 3757 1190 2909 1151 2486
is_linear=0
shrinkage=0.05


Tree=39
num_leaves=31
num_cat=0
split_feature=4 5 4 6 9 6 9 6 11 15 14 7 14 6 15 11 7 7 13 9 5 10 8 13 8 8 10 7 8 9
split_gain=2586.97 1008.39 470.644 192.613 164.181 141.074 132.44 128.721 83.9331 83.4655 78.0186 72.4481 71.253 69.8868 68.4727 60.4506 59.7975 57.9855 57.4792 53.484 54.3099 55.1412 49.8763 48.9069 62.5262 48.4109 48.1141 45.9337 43.5483 41.8685
threshold=6.2049999237060556 2.4850000143051152 8.2449998855590838 958.95001220703136 3.6149998903274541 954.95001220703136 4.9749999046325692 950.85000610351574 7.8500001430511483 44.500000000000007 4.4649999141693124 0.88234141469001781 12.184999942779543 947.14999389648449 37.500000000000007 9.5500001907348651 0.98049062490463268 -0.019329105038195845 -0.7865660786628722 9.2550001144409197 5.4116666316986093 0.9170251488685609 -0.99532556533813465 0.60355338454246532 -0.43222421407699579 0.97745609283447277 -0.74892720580101002 -0.45724393427371973 0.99805629253387462 11.375000000000002
decision_type=2 2 2 2 10 2 8 2 2 2 10 2 10 2 2 2 2 2 2 10 2 2 2 2 2 2 2 2 2 10
left_child=1 4 3 12 5 9 -3 15 29 -1 25 13 19 17 -13 -4 -14 23 -7 26 -21 -22 -15 24 -12 -8 -2 -17 -27 -5
right_child=2 6 7 8 -6 18 10 -9 -10 -11 11 14 16 22 -16 27 -18 -19 -20 20 21 -23 -24 -25 -26 28 -28 -29 -30 -31
leaf_value=-0.0014724726678034855 -0.002450249581023889 -0.0012261979416254062 -0.0040128625218130657 0.0091004977347365797 -0.0014374367611361529 -0.0014544187160889168 -0.00060611346360658945 0.0051683090310244706 0.0056817161560092869 -0.0010009975901441764 -0.003667159035906481 -0.0066643745582093674 0.0056075913097696165 -0.0026597111082717617 -0.00072679196354412672 0.0047785535717174204 -0.0089052253779954103 0.013332449341789225 -0.0014570648002683675 0.00148384986867431 0.0030016414504199177 0.0054277454485465284 0.0023944266124225344 -0.0045335189255241342 0.0018191474990232272 -0.0043556659674337441 0.0050092701666875246 0.0053533034826097675 0.002438629858166866 0.0018416778102214775
leaf_weight=4240 864 5642 131 387 6074 726 5010 2511 1733 1698 846 100 776 492 2815 471 80 163 3615 1827 2299 1169 10190 672 1425 364 591 421 93 514
leaf_count=4240 864 5642 131 387 6074 726 5010 2511 1733 1698 846 100 776 492 2815 471 80 163 3615 1827 2299 1169 10190 672 1425 364 591 421 93 514
internal_value=-0.000335669 -0.00623613 0.018579 0.0131381 -0.0160869 -0.0199387 -0.000442176 0.0343035 0.0247821 -0.0149083 0.00129876 0.00299557 0.0090921 0.00450953 -0.00416096 0.0192121 0.0226481 -0.00208936 -0.0267948 0.00735751 0.00968868 0.0133602 0.00642837 -0.00371438 -0.000197715 -0.00388341 -0.00113014 0.0238573 -0.0193723 0.0123068
internal_weight=57939 44165 13774 10240 16353 10279 27812 3534 2634 5938 22170 16703 7606 13788 2915 1023 856 3106 4341 6750 5295 3468 10682 2943 2271 5467 1455 892 457 901
internal_count=57939 44165 13774 10240 16353 10279 27812 3534 2634 5938 22170 16703 7606 13788 2915 1023 856 3106 4341 6750 5295 3468 10682 2943 2271 5467 1455 892 457 901
is_linear=0
shrinkage=0.05


Tree=40
num_leaves=31
num_cat=0
split_feature=3 5 4 3 6 3 11 9 6 7 7 11 6 13 6 7 4 7 15 15 6 8 9 3 15 15 6 11 7 6
split_gain=2602.01 867.01 565.294 171.758 151.306 112.83 111.522 125.667 113.352 87.114 119.956 84.2441 77.7381 70.3306 63.5587 58.2284 74.3151 68.1935 57.6002 55.2579 48.5724 73.0022 47.1513 46.7507 45.1015 45.026 44.8647 43.4016 40.2299 40.4607
threshold=8.8908491134643572 2.4850000143051152 8.0150003433227557 2.6383464336395268 950.85000610351574 5.9146845340728769 7.0499999523162851 9.6549997329711932 963.04998779296886 0.98049062490463268 0.99276849627494823 8.5500001907348651 952.14999389648449 0.37940952181816107 949.85000610351574 0.78354993462562572 5.1050000190734872 0.99630826711654674 74.500000000000014 23.500000000000004 951.64999389648449 0.090250775218009963 1.3350000381469729 13.009872913360597 44.500000000000007 43.500000000000007 964.54998779296886 8.7500000000000018 0.98931017518043529 946.95001220703136
decision_type=2 2 2 2 2 2 2 8 2 2 2 2 2 2 2 2 2 2 2 2 2 2 10 2 2 2 2 2 2 2
left_child=1 3 6 12 11 19 28 -8 9 14 -11 -4 24 20 18 26 17 -17 -9 -3 25 -22 -15 -13 -1 -5 -7 -16 29 -2
right_child=2 5 4 13 -6 15 7 8 -10 10 -12 23 -14 22 27 16 -18 -19 -20 -21 21 -23 -24 -25 -26 -27 -28 -29 -30 -31
leaf_value=-0.0013951498614860698 -0.006459333025174656 -0.0015043544015764156 -0.0086147889933218431 -0.00071846031814262106 0.0048265603256127726 0.00089086364986106783 0.0023739576856537381 0.0037188596334382738 0.0056375901329818404 -0.011836782814014665 0.0066388651869600246 0.0036050850790888714 -0.0013842115602549492 -0.0014813685224444016 0.0049779836574328495 -0.0028062230815926919 0.0030547766918428963 0.0034210776703709452 -0.012760466337648864 -0.000570759981770284 -0.0007739514063850397 -0.0015388205243819083 -0.0014609491594242679 0.0053351448226738544 -0.00078911826067053117 0.0020746641510605772 0.0080094080540989709 0.0054136070675425479 -0.003350029477912228 0.0034533409975387955
leaf_weight=2272 212 2818 89 1854 3052 12437 2294 978 847 211 213 609 3394 543 962 2115 788 373 103 7386 1605 1455 4174 456 547 485 319 2137 342 2753
leaf_count=2272 212 2818 89 1854 3052 12437 2294 978 847 211 213 609 3394 543 962 2115 788 373 103 7386 1605 1455 4174 456 547 485 319 2137 342 2753
internal_value=-0.000343259 -0.00669368 0.0173688 -0.0157371 0.0329613 -0.00106322 0.0114226 0.0147032 0.0188325 0.0157084 -0.00582751 0.0174288 -0.0222821 -0.0117083 0.0178973 0.00155266 -0.00438891 -0.00862415 0.00741252 -0.00517191 -0.00779978 -0.0119413 -0.016169 0.0213551 -0.0160942 -0.00236775 0.0030797 0.0215367 0.00372886 0.00560606
internal_weight=57823 42565 15258 16329 4206 26236 11052 7745 5451 4604 424 1154 6213 10116 4180 16032 3276 2488 1081 10204 5399 3060 4717 1065 2819 2339 12756 3099 3307 2965
internal_count=57823 42565 15258 16329 4206 26236 11052 7745 5451 4604 424 1154 6213 10116 4180 16032 3276 2488 1081 10204 5399 3060 4717 1065 2819 2339 12756 3099 3307 2965
is_linear=0
shrinkage=0.05


Tree=41
num_leaves=31
num_cat=0
split_feature=3 5 4 6 12 3 10 3 9 3 5 3 8 7 7 8 8 15 11 7 12 6 12 10 8 13 8 10 2 9
split_gain=2503.18 845.297 539.958 179.921 149.431 133.93 116.659 96.1356 83.6935 71.356 69.7208 66.9953 69.4616 62.9813 59.4733 56.5751 55.5999 55.9054 55.0154 46.0074 45.6008 42.3847 41.4427 52.852 49.5203 41.3486 39.9393 39.577 39.1733 38.6133
threshold=8.8908491134643572 2.2150000333786015 7.9349999427795419 950.85000610351574 -0.28400452435016627 5.960015296936036 0.9170251488685609 10.558168888092043 4.0250000953674325 13.009872913360597 1.5116666555404665 11.375917911529543 -0.20061247795820233 0.88234141469001781 -0.92772412300109852 -0.081558488309383378 0.021515898406505588 59.500000000000007 9.0500001907348651 0.90906259417533886 0.36648726463317877 965.64999389648449 -0.44618082046508784 0.9536806344985963 0.93168920278549205 -0.6035533845424651 0.95444580912590038 0.9536806344985963 15.500000000000002 4.4749999046325692
decision_type=2 2 2 2 2 2 2 2 10 2 2 2 2 2 2 2 2 2 2 2 2 2 2 2 2 2 2 2 2 8
left_child=1 4 6 9 10 29 11 18 14 27 -1 20 -13 21 -6 -14 19 -18 -8 -15 -2 22 24 -24 -7 -22 -25 -4 -16 -3
right_child=2 5 3 -5 8 13 7 -9 -10 -11 -12 12 15 16 28 -17 17 -19 -20 -21 25 -23 23 26 -26 -27 -28 -29 -30 -31
leaf_value=-0.001334979864465517 0.003562755877034968 -0.001248223471160873 -5.5659175264732852e-05 0.0045852323093321327 -0.00061313957444157803 0.0016943738167989331 0.0029544059296470501 0.0052921922853492905 -0.001277981371681921 0.0051364672125230717 -0.0010933041824298642 0.0051157508415597304 -0.012219683706386389 -0.0047015954504401741 -0.0013150009822422018 0.0038789131306428085 -0.0066587369415676114 -0.0020021267549062902 0.0054568104908070906 0.0014417708910057102 0.0078821851635253633 0.0092280290630656608 -0.00036392121990625609 0.0050523941128850364 0.011231017530300511 -0.0022164621956926741 -0.0014010592291674277 0.0049773146664112483 -0.0013150009822422018 -0.0006556096288833275
leaf_weight=2208 4751 5347 602 3246 467 2916 1054 845 1490 477 3775 813 108 208 2003 949 213 1033 695 1152 322 378 8208 1213 473 1250 288 158 3326 8063
leaf_count=2208 4751 5347 602 3246 467 2916 1054 845 1490 477 3775 813 108 208 2003 949 213 1033 695 1152 322 378 8208 1213 473 1250 288 158 3326 8063
internal_value=-0.000300675 -0.00650634 0.0170736 0.0316511 -0.0169843 -0.00179001 0.0110035 0.0202386 -0.021794 0.0153382 -0.0111139 0.00806904 0.0163733 0.00128675 -0.024513 0.00786252 -0.00582152 -0.0134293 0.0134835 0.00117216 0.00560209 0.00266301 0.00218271 0.000519868 0.00693872 -0.00177552 0.00913015 0.00575163 -0.0260124 -0.00547894
internal_weight=58031 42761 15270 4483 13269 29492 10787 2594 7286 1237 5983 8193 1870 16082 5796 1057 2606 1246 1749 1360 6323 13476 13098 9709 3389 1572 1501 760 5329 13410
internal_count=58031 42761 15270 4483 13269 29492 10787 2594 7286 1237 5983 8193 1870 16082 5796 1057 2606 1246 1749 1360 6323 13476 13098 9709 3389 1572 1501 760 5329 13410
is_linear=0
shrinkage=0.05


Tree=42
num_leaves=31
num_cat=0
split_feature=3 5 4 3 3 6 12 8 6 6 8 7 7 8 6 11 11 8 9 11 15 7 6 7 15 8 7 12 6 11
split_gain=2436.75 1020.03 287.244 204.445 164.755 110.555 88.9773 88.9309 83.1976 82.1799 78.8261 75.3657 87.3634 72.5236 69.7386 68.3566 59.5677 55.6744 54.5584 53.0461 50.2153 49.4928 49.0242 46.92 45.961 44.8221 45.6183 43.9051 42.6028 42.4464
threshold=10.285099506378176 2.3583332300186162 8.055000305175783 7.0910170078277597 2.6820437908172612 951.14999389648449 -0.59480014443397511 0.99805629253387462 952.25000000000011 963.75000000000011 0.97653719782829296 0.98049062490463268 0.99276849627494823 0.70785933732986461 958.95001220703136 9.4499998092651385 5.5499999523162851 0.88933694362640392 4.5750000476837167 7.5499999523162851 76.500000000000014 0.78354993462562572 948.45001220703136 0.55713060498237621 38.500000000000007 0.20931270718574527 0.93851706385612499 -0.46173103153705591 951.95001220703136 4.4500000476837167
decision_type=2 2 2 2 2 2 2 2 2 2 2 2 2 2 2 2 2 2 8 2 2 2 2 2 2 2 2 2 2 2
left_child=1 4 9 18 8 15 21 10 -1 11 13 22 -13 16 -15 -4 -5 -16 28 -11 24 -6 23 -2 -8 26 -24 -12 -3 -26
right_child=2 3 5 7 6 -7 20 -9 -10 19 27 12 -14 14 17 -17 -18 -19 -20 -21 -22 -23 25 -25 29 -27 -28 -29 -30 -31
leaf_value=-0.0012435636627966403 0.0033858782173703445 -0.00062399840069650165 -0.0061269206148785007 -0.0008863965352653131 -0.00012303577178875025 0.0043559706938655239 -0.0013934453622445357 0.0082363603489118559 -0.0012492509331300918 0.00048638595248541306 0.0077778091549947142 -0.011960337747203944 0.0053270721286181938 0.003303977604543068 0.0056168995298061025 0.0045493433153614427 0.0024636832165079673 0.01223927756284466 -0.0003969712843939405 0.004914641098603712 -0.0013372604485257251 -0.0019078962848996007 0.0043320610578560237 -0.0065040651708669827 -0.0012256308931237825 0.0038937786430772395 0.0071305202207703651 -0.0047037461703364775 -0.0016341655742097517 0.0012280254471821927
leaf_weight=2868 654 3066 82 3307 2358 2727 1800 326 3475 120 107 220 291 2659 411 915 7910 321 13061 633 844 503 1529 110 2699 1557 282 671 2040 432
leaf_count=2868 654 3066 82 3307 2358 2727 1800 326 3475 120 107 220 291 2659 411 915 7910 321 13061 633 844 503 1529 110 2699 1557 282 671 2040 432
internal_value=-0.000288015 -0.00471727 0.0234301 8.70617e-05 -0.01558 0.034111 -0.0110751 0.0042629 -0.0216997 0.0160341 0.00370996 0.0135219 -0.00455426 0.00453706 0.0109393 0.0197106 0.00259758 0.024559 -0.00352465 0.0313325 -0.0146453 -0.00385555 0.0157602 0.00429129 -0.0126925 0.0183516 0.0237059 -0.0117497 -0.00790452 -0.00900829
internal_weight=57978 48858 9120 33879 14979 3724 8636 15712 6343 5396 15386 4643 511 14608 3391 997 11217 732 18167 753 5775 2861 4132 764 4931 3368 1811 778 5106 3131
internal_count=57978 48858 9120 33879 14979 3724 8636 15712 6343 5396 15386 4643 511 14608 3391 997 11217 732 18167 753 5775 2861 4132 764 4931 3368 1811 778 5106 3131
is_linear=0
shrinkage=0.05


Tree=43
num_leaves=31
num_cat=0
split_feature=3 5 4 3 3 6 10 12 10 11 12 11 6 12 15 6 15 13 15 6 8 4 8 8 6 15 8 9 6 8
split_gain=2313.99 1010.28 283.825 156.355 152.498 129.475 107.159 89.7859 81.1376 145.562 80.8163 77.6955 74.5882 71.212 54.5128 53.7159 50.6865 50.4164 49.5426 62.1367 52.9094 49.3942 48.6012 47.9285 47.4955 46.5499 44.9085 41.9429 41.2882 46.6227
threshold=10.285099506378176 2.3583332300186162 7.9349999427795419 6.4258329868316659 2.6820437908172612 951.14999389648449 0.9170251488685609 -0.59480014443397511 0.93038213253021251 8.2500000000000018 -0.41467745602130884 9.1500000953674334 952.04998779296886 0.26722820103168493 42.500000000000007 956.95001220703136 76.500000000000014 -0.37940952181816096 25.500000000000004 952.85000610351574 -0.35321410000324244 6.3550000190734872 0.93168920278549205 0.99805629253387462 959.85000610351574 38.500000000000007 0.073094449937343611 12.994999885559084 943.35000610351574 0.96962100267410289
decision_type=2 2 2 2 2 2 2 2 2 2 2 2 2 2 2 2 2 2 2 2 2 2 2 2 2 2 2 8 2 2
left_child=1 4 6 18 12 11 13 -6 10 15 22 -4 14 24 -1 -10 25 -15 19 20 -3 -20 -5 28 -2 -9 -27 -17 -12 -30
right_child=2 3 5 8 7 -7 -8 16 9 -11 23 -13 -14 17 -16 27 -18 -19 21 -21 -22 -23 -24 -25 -26 26 -28 -29 29 -31
leaf_value=-0.0012248597609357554 0.0038711927398000171 -0.0015538406709977269 -0.0074948767097761052 0.0024932532009592947 -0.000681338504182414 0.0041357682033732277 0.0046797076755410094 -0.0013317667847614744 -0.0011228531705418329 0.0052891813907882477 0.0042207105640477667 0.0042417692953544252 -0.0011867883864735869 0.0057949149936353701 -0.00049498333819892194 0.0022820038627325403 -0.0012711832564217544 -0.0015435104771825111 -0.00050294223008210054 -0.0019055580122042171 5.6900167779212751e-05 0.0066693080961574419 0.0097550966187192507 0.008524447077216727 0.0046797525970631998 -0.00043629062237385415 -0.0012789073092211495 0.010897342952817517 -0.00034819401103097368 -0.003615537773068517
leaf_weight=2189 1921 2039 95 3333 2880 2974 1026 1802 1606 1696 770 997 3501 411 619 594 852 1040 9994 522 1643 234 524 160 606 1685 1463 84 10165 535
leaf_count=2189 1921 2039 95 3333 2880 2974 1026 1802 1606 1696 770 997 3501 411 619 594 852 1040 9994 522 1643 234 524 160 606 1685 1463 84 10165 535
internal_value=-0.000377814 -0.00468146 0.0228099 9.88084e-05 -0.0154875 0.032621 0.0148133 -0.0111776 0.00302229 0.00938519 0.00138459 0.0177758 -0.0214048 0.0110721 -0.0152862 0.00113587 -0.0147581 0.00223214 -0.00384429 -0.00841055 -0.00610252 -0.00196423 0.00765148 -0.000696175 0.0161335 -0.0127952 -0.00910244 0.0128843 -0.00108061 -0.00188697
internal_weight=57960 48890 9070 33899 14991 4066 5004 8682 19467 3980 15487 1092 6309 3978 2808 2284 5802 1451 14432 4204 3682 10228 3857 11630 2527 4950 3148 678 11470 10700
internal_count=57960 48890 9070 33899 14991 4066 5004 8682 19467 3980 15487 1092 6309 3978 2808 2284 5802 1451 14432 4204 3682 10228 3857 11630 2527 4950 3148 678 11470 10700
is_linear=0
shrinkage=0.05


Tree=44
num_leaves=31
num_cat=0
split_feature=3 5 4 3 3 6 10 10 11 15 11 7 8 8 8 13 2 7 3 15 5 6 3 8 15 8 6 8 8 8
split_gain=2208.59 941.026 315 188.867 133.558 115.135 101.254 95.2338 98.3 75.195 69.2842 68.6427 59.1794 75.9973 53.951 49.3411 48.6329 44.8461 44.7821 44.6829 44.3934 42.7258 41.6424 41.5396 40.7694 38.3955 36.7879 44.3266 36.361 32.9956
threshold=10.285099506378176 2.2350000143051152 7.9349999427795419 7.1325540542602548 2.6383464336395268 951.14999389648449 0.9170251488685609 0.94260558485984813 8.4499998092651385 76.500000000000014 9.1500000953674334 -0.53914576768875111 -0.14153897762298581 -0.081558488309383378 0.99805629253387462 0.37940952181816107 41.500000000000007 -0.44956664741039271 3.9936680793762211 43.500000000000007 5.5616667270660409 956.64999389648449 11.461329460144045 0.57659667730331432 42.500000000000007 1.0000000180025095e-35 952.14999389648449 0.89706552028656017 0.94917574524879467 0.98336225748062145
decision_type=2 2 2 2 2 2 2 2 2 2 2 2 2 2 2 2 2 2 2 2 2 2 2 2 2 2 2 2 2 2
left_child=1 4 6 18 11 10 12 14 21 15 -4 24 22 -14 -5 -6 28 -12 -3 -17 -8 -9 -2 -23 -1 -11 27 -10 -13 -30
right_child=2 3 5 7 9 -7 20 8 26 25 17 16 13 -15 -16 19 -18 -19 -20 -21 -22 23 -24 -25 -26 -27 -28 -29 29 -31
leaf_value=-0.0011578229315732332 0.0038403496629439205 -0.0010826068488872379 -0.0073335102109388373 0.00065489955936372246 -0.00066447040466057665 0.0039313837490035867 0.0029883619373409667 -0.00082886073023959313 0.0055565907453098366 -0.0011263775629486242 0.0037542835291812238 -0.0011274489671499078 -0.012144633592967911 0.0027275715693002634 0.0089186370865859243 -0.0012780924568360739 -0.0010441156201571767 0.0041900884597797063 -0.00048871909198609093 -0.00088646871816583166 0.0044945264198745566 -0.00059749268973011973 0.0043915601193558309 0.0098662786987036184 0.00020683138805987664 -0.0012372084207611629 0.0051203334510537719 -0.00869124297642891 0.00053442827931146012 -0.0011274489671499078
leaf_weight=1405 1063 3789 87 12803 3411 2998 253 880 497 251 469 3080 150 2038 224 1447 511 514 16168 1560 772 172 769 232 389 806 631 113 173 380
leaf_count=1405 1063 3789 87 12803 3411 2998 253 880 497 251 469 3080 150 2038 224 1447 511 514 16168 1560 772 172 769 232 389 806 631 113 173 380
internal_value=-0.000312715 -0.00452306 0.0222801 -0.000260461 -0.0158034 0.0326295 0.0139109 0.00386964 0.012747 -0.0113436 0.0184186 -0.0214033 0.0103106 0.00474236 0.00214472 -0.00929472 -0.0249458 0.0222166 -0.00347911 -0.0139608 0.0279126 0.0030256 0.0169298 0.0163814 -0.013174 -0.0236817 0.0227528 0.0138211 -0.0269791 -0.0149642
internal_weight=58035 48922 9113 35509 13413 4068 5045 15552 2525 7475 1070 5938 4020 2188 13027 6418 4144 983 19957 3007 1025 1284 1832 404 1794 1057 1241 610 3633 553
internal_count=58035 48922 9113 35509 13413 4068 5045 15552 2525 7475 1070 5938 4020 2188 13027 6418 4144 983 19957 3007 1025 1284 1832 404 1794 1057 1241 610 3633 553
is_linear=0
shrinkage=0.05


Tree=45
num_leaves=31
num_cat=0
split_feature=3 5 3 10 3 9 15 8 12 6 11 10 10 8 13 6 7 8 11 13 6 15 10 11 7 8 13 7 12 8
split_gain=2136.27 937.377 249.354 182.313 173.397 149.158 87.0405 78.9211 75.0153 74.0629 71.7699 113.823 64.9827 69.3188 64.8448 63.0374 78.9132 61.7101 57.7372 55.8208 53.9652 52.9001 52.6877 52.4079 46.7564 45.9031 45.4655 44.3973 42.7267 42.3384
threshold=10.285099506378176 2.4850000143051152 12.342118740081789 0.9170251488685609 2.6383464336395268 7.1150000095367441 76.500000000000014 0.99805629253387462 0.2503704726696015 952.14999389648449 6.4500000476837167 0.90992662310600292 -0.46173103153705591 -0.93779578804969776 0.37940952181816107 959.64999389648449 0.96468064188957225 0.97745609283447277 10.750000000000002 -0.6035533845424651 950.85000610351574 43.500000000000007 0.9170251488685609 8.5500001907348651 0.88234141469001781 0.97745609283447277 -0.37940952181816096 -0.81202265620231617 -0.59480014443397511 0.021515898406505588
decision_type=2 2 2 2 2 8 2 2 2 2 2 2 2 2 2 2 2 2 2 2 2 2 2 2 2 2 2 2 2 2
left_child=1 4 3 8 9 -3 14 10 20 -1 12 15 27 -14 28 16 -12 23 -5 -15 -2 -16 -4 26 25 -21 -13 -7 -6 -26
right_child=2 5 22 18 6 7 -8 -9 -10 -11 11 17 13 19 21 -17 -18 -19 -20 24 -22 -23 -24 -25 29 -27 -28 -29 -30 -31
leaf_value=-0.0010703087660736057 0.0015895290897407822 -0.00071669451434902488 0.0039014810692743541 0.0040407174493666325 0.00017785726158655175 -0.0012216538158566293 -0.0011682642334503253 0.0064519616124610688 2.9549753505747622e-05 -0.0010710765187924125 0.00053652177062143427 0.0077467198590233932 -0.0053132511530343098 0.002212440208794761 -0.001279345377544803 0.0052191115786204417 -0.006259605125194973 -0.008042448810342195 0.0040523977264986522 0.00024694966657655691 0.0037614714347688734 -0.00083712321543608504 0.0040597535565862824 0.0048838951567081127 -0.00065772172051601079 -0.0038333352774096358 -0.0004412920869204251 0.0038804390942409916 -0.0010515591555323896 -0.0038224344950065769
leaf_weight=2797 877 13340 2795 816 1931 540 1332 392 1405 3413 5071 415 577 1597 1970 1186 253 149 675 3509 1688 2032 844 1616 623 325 661 1622 2941 631
leaf_count=2797 877 13340 2795 816 1931 540 1332 392 1405 3413 5071 415 577 1597 1970 1186 253 149 675 3509 1688 2032 844 1616 623 325 661 1622 2941 631
internal_value=-0.000228338 -0.00436662 0.0220099 0.0152305 -0.0141039 0.000552104 -0.0100872 0.00337732 0.00961006 -0.0206919 0.00291001 0.00601218 -0.000169689 -0.00243567 -0.00828922 0.00236378 3.75305e-05 0.0143535 0.0301136 -0.000994021 0.0146887 -0.0130022 0.0321487 0.016092 -0.0035539 -0.000807502 0.00749306 0.00742963 -0.00440845 -0.0119142
internal_weight=58023 48923 9100 5461 16416 32507 10206 19167 3970 6210 18775 9351 9424 7262 8874 6510 5324 2841 1491 6685 2565 4002 3639 2692 5088 3834 1076 2162 4872 1254
internal_count=58023 48923 9100 5461 16416 32507 10206 19167 3970 6210 18775 9351 9424 7262 8874 6510 5324 2841 1491 6685 2565 4002 3639 2692 5088 3834 1076 2162 4872 1254
is_linear=0
shrinkage=0.05


Tree=46
num_leaves=31
num_cat=0
split_feature=4 5 3 10 3 3 5 6 7 13 7 13 7 8 10 11 8 12 13 8 8 8 2 8 6 7 6 14 7 2
split_gain=2063.66 897.906 290.916 162.483 151.774 142.534 108.652 87.8791 84.4581 76.7897 69.203 65.744 84.268 86.0011 75.0425 61.1751 60.8361 60.2991 79.8415 56.1832 51.5861 50.9707 50.0461 47.8008 46.0494 51.7857 51.2337 45.5938 44.7981 44.6236
threshold=6.9649999141693124 2.4616667032241826 12.342118740081789 0.93038213253021251 2.6383464336395268 7.1325540542602548 5.5950000286102304 950.85000610351574 -0.53914576768875111 0.37940952181816107 0.61287125945091259 1.0000000180025095e-35 0.68472337722778331 0.021515898406505588 0.90992662310600292 7.0499999523162851 0.090250775218009963 -0.38266885280609125 -0.91597560048103321 0.97653719782829296 0.25950939953327185 -0.68316051363944996 14.500000000000002 -0.61794704198837269 946.95001220703136 -0.59573787450790394 943.35000610351574 7.555000066757203 0.56424301862716686 7.5000000000000009
decision_type=2 2 2 2 2 2 2 2 2 2 2 2 2 2 2 2 2 2 2 2 2 2 2 2 2 2 2 10 2 2
left_child=1 4 3 7 8 -3 -5 -2 -1 10 28 14 24 21 17 -16 -12 18 -7 -17 -9 -14 -10 -20 26 -26 -13 -8 -6 -27
right_child=2 5 -4 6 9 11 27 20 22 -11 16 12 13 -15 15 19 -18 -19 23 -21 -22 -23 -24 -25 25 29 -28 -29 -30 -31
leaf_value=-0.00098512874163830702 -0.00046000710236782653 -0.00057432232411861329 0.0037064070158106368 -0.001355492114930057 -0.00044829530570399958 -0.0022355638802080413 0.0039714174951380769 0.0037343588930975006 -0.0010175226928527919 -0.0011042817868969158 -0.0009032771145442188 0.0080237685459669389 -0.0058762392129576048 -0.0052545562707434438 0.0018679403271671877 0.0062733719260013509 -0.0011454336310927544 0.00014310333726912094 0.0087894073192591928 -0.002794166888667321 0.0018595252095230275 0.0020554206064493821 -0.0010175226928527919 0.004582715397921976 0.0096990111715404316 0.0036955887545780568 -0.0047017648221916175 0.0037782979794461742 0.0060574651869132788 -0.00013632829955538274
leaf_weight=1922 1405 17025 3391 295 3464 567 538 1247 1456 4627 975 290 195 1103 1094 952 739 4192 478 113 1067 1173 2854 1050 576 1140 645 1132 104 2041
leaf_count=1922 1405 17025 3391 295 3464 567 538 1247 1456 4627 975 290 195 1103 1094 952 739 4192 478 113 1067 1173 2854 1050 576 1140 645 1132 104 2041
internal_value=-0.000449399 -0.00452337 0.0214372 0.0145017 -0.0141676 0.000248169 0.0261168 0.00833781 -0.0202822 -0.0103137 -0.00618498 0.0036986 0.000174386 -0.00728998 0.0066856 0.0147181 -0.014427 0.00391767 0.0108333 0.0232243 0.0143165 0.0010925 -0.0241715 0.0167645 0.00410901 0.00657895 -0.00579787 0.0310448 -0.00221103 0.00406466
internal_weight=57850 48775 9075 5684 16141 32634 1965 3719 6232 9909 5282 15609 7163 2471 8446 2159 1714 6287 2095 1065 2314 1368 4310 1528 4692 3757 935 1670 3568 3181
internal_count=57850 48775 9075 5684 16141 32634 1965 3719 6232 9909 5282 15609 7163 2471 8446 2159 1714 6287 2095 1065 2314 1368 4310 1528 4692 3757 935 1670 3568 3181
is_linear=0
shrinkage=0.05


Tree=47
num_leaves=31
num_cat=0
split_feature=3 3 4 3 10 7 6 3 10 12 7 10 12 6 8 12 11 7 11 8 13 13 7 12 6 8 4 10 10 6
split_gain=2034.79 796.814 284.727 200.667 117.65 109.216 106.572 101.569 75.7399 85.6658 66.4133 68.1195 56.8694 57.4164 54.9294 54.0396 53.2458 47.2324 47.2267 44.6789 43.9061 40.6211 61.741 79.0483 58.0445 50.3384 49.1649 42.1971 40.6743 40.5056
threshold=10.285099506378176 4.4950954914093026 8.2449998855590838 2.6820437908172612 0.9170251488685609 -0.7360914647579192 951.14999389648449 7.7791011333465585 0.94828754663467418 -0.07845610752701758 0.63303324580192577 -0.9366365075111388 0.2503704726696015 959.45001220703136 0.99805629253387462 -0.18222858756780622 10.449999809265138 -0.44956664741039271 2.8500000238418584 1.0000000180025095e-35 -0.37940952181816096 0.12940952181816109 -0.60945609211921681 -0.49240480363368982 947.25000000000011 -0.70785933732986439 5.8150000572204599 -0.99535831809043873 -0.74892720580101002 964.85000610351574
decision_type=2 2 2 2 2 2 2 2 2 2 2 2 2 2 2 2 2 2 2 2 2 2 2 2 2 2 2 2 2 2
left_child=1 3 4 5 12 -1 16 21 14 -10 11 -5 13 -2 -9 18 -4 -18 -7 -12 -14 25 24 -24 26 27 28 -3 -23 -22
right_child=2 7 6 10 -6 15 -8 8 9 -11 19 -13 20 -15 -16 -17 17 -19 -20 -21 29 22 23 -25 -26 -27 -28 -29 -30 -31
leaf_value=-0.0007987805406518858 0.0031414690553185354 -0.0018103799735878084 -0.0051718361954447402 -0.0011629339387231004 0.0036828130705065633 -0.0010048763289639297 0.0034377534111596332 0.00089952355444555549 -0.0023274244701229799 0.0042667547927706826 -0.00092331617826447651 -0.00035579343271443278 0.0043948939192603566 0.0038431171883824278 0.0080414355342964122 -0.0009666465582101523 0.0031763208318813744 0.0035922760081708752 -0.00050497733947935835 -0.0010364603609006511 -0.0015208865639127489 -0.0025379990902702023 0.0015023656455829164 -0.0020467243037793422 0.0040970180982919024 -0.0004307643462074795 0.0032580328747109457 0.0022865380915567252 0.0014078657336475725 0.0039367935692602276
leaf_weight=1603 2125 356 111 3379 1281 1299 2347 10009 343 1282 1422 5047 483 684 188 3100 391 409 659 1344 1164 888 1094 4522 910 7750 374 2650 526 106
leaf_count=1603 2125 356 111 3379 1281 1299 2347 10009 343 1282 1422 5047 483 684 188 3100 391 409 659 1344 1164 888 1094 4522 910 7750 374 2650 526 106
internal_value=-0.000254101 -0.00430667 0.0214419 -0.0127142 0.014817 -0.0195845 0.0332823 0.000553452 0.00419379 0.0142025 -0.00861838 -0.00640493 0.0110357 0.0154407 0.00259263 -0.0231878 0.0186135 0.0231056 -0.0166072 -0.0153374 0.00395336 -0.0017038 -0.00432744 -0.00731187 0.00188679 0.000325249 -0.00334635 0.00581202 -0.00761099 -0.000941176
internal_weight=57846 48745 9101 17853 5843 6661 3258 30892 11822 1625 11192 8426 4562 2809 10197 5058 911 800 1958 2766 1753 19070 8314 5616 2698 10756 1788 3006 1414 1270
internal_count=57846 48745 9101 17853 5843 6661 3258 30892 11822 1625 11192 8426 4562 2809 10197 5058 911 800 1958 2766 1753 19070 8314 5616 2698 10756 1788 3006 1414 1270
is_linear=0
shrinkage=0.05


Tree=48
num_leaves=31
num_cat=0
split_feature=3 5 4 3 6 3 10 7 10 11 7 11 12 13 13 12 2 6 6 9 7 7 12 6 12 9 10 9 9 6
split_gain=1913.58 801.53 295.2 167.695 128.807 122.532 106.052 94.08 78.5098 80.9377 72.0682 71.9146 65.9736 63.5643 63.209 54.986 53.5628 47.5019 46.3416 45.8235 45.5427 45.3997 47.4522 41.0912 44.7352 39.544 38.8323 37.8264 37.6634 37.559
threshold=10.285099506378176 2.4850000143051152 7.9349999427795419 2.6383464336395268 951.14999389648449 7.1325540542602548 0.9170251488685609 -0.53914576768875111 0.94260558485984813 8.4499998092651385 0.61287125945091259 9.1500000953674334 -0.41467745602130884 0.37940952181816107 -0.91597560048103321 0.2503704726696015 15.500000000000002 959.45001220703136 956.85000610351574 3.6750000715255742 -0.44956664741039271 0.56424301862716686 -0.59480014443397511 952.14999389648449 0.50751903653144848 10.25500011444092 0.608738273382187 6.4349999427795419 3.3549998998641972 943.35000610351574
decision_type=2 2 2 2 2 2 2 2 2 2 2 2 2 2 2 2 2 2 2 8 2 2 2 2 2 8 2 10 8 2
left_child=1 3 6 7 11 28 15 26 12 18 13 -4 14 21 -7 17 -9 -2 -10 -12 -13 22 27 -11 -25 29 -1 -5 -3 -14
right_child=2 5 4 10 -6 8 -8 16 9 23 19 20 25 -15 -16 -17 -18 -19 -20 -21 -22 -23 -24 24 -26 -27 -28 -29 -30 -31
leaf_value=-0.00095825509063333578 0.0029149316112259543 -0.0010499792647872535 -0.0068533865308975043 0.00074086286754689664 0.00318253248674118 -0.0032906788944880084 0.0036707430361140716 -0.00091831423029964463 -0.00077544944015690571 0.0039476233296646072 -0.00096894000007274298 0.0029890401375325506 0.004512112392465956 -0.0010276246906402915 0.0055654840187053887 0.00083267463496936034 -0.00091831423029964463 0.0036746939516847602 0.0054854315718248173 -0.0010476596656141055 0.0034036784778738449 0.005814654870979959 -0.0010231792726115123 0.0046106311485456632 0.0025144989663516693 0.0021370612449974585 0.00024154052015584358 -0.0024940671333120936 -0.000337645014749121 -0.0008654535317734899
leaf_weight=1432 1858 2365 89 1642 2978 511 1037 1572 919 620 1458 462 530 3309 2242 1511 2687 620 373 1701 514 114 1819 483 155 2902 477 111 14726 6804
leaf_count=1432 1858 2365 89 1642 2978 511 1037 1572 919 620 1458 462 530 3309 2242 1511 2687 620 373 1701 514 114 1819 483 155 2902 477 111 14726 6804
internal_value=-0.000178368 -0.00408726 0.0209114 -0.0131316 0.0309659 0.00043818 0.0128006 -0.0196339 0.00365093 0.0116634 -0.00917413 0.0159346 0.00207403 -0.00633571 0.00893764 0.00907611 -0.0237688 0.0136528 0.00285274 -0.0154393 0.0198777 -0.00181523 -0.0028236 0.0206651 0.029549 0.000224587 -0.010371 0.00304323 -0.00248304 -0.00173048
internal_weight=58021 48952 9069 16322 4043 32630 5026 6168 15539 2550 10154 1065 12989 6995 2753 3989 4259 2478 1292 3159 976 3686 3572 1258 638 10236 1909 1753 17091 7334
internal_count=58021 48952 9069 16322 4043 32630 5026 6168 15539 2550 10154 1065 12989 6995 2753 3989 4259 2478 1292 3159 976 3686 3572 1258 638 10236 1909 1753 17091 7334
is_linear=0
shrinkage=0.05


Tree=49
num_leaves=31
num_cat=0
split_feature=3 5 3 10 3 3 15 7 12 11 8 8 10 5 12 10 12 8 13 9 12 13 13 15 15 7 8 15 13 7
split_gain=1911.18 783.635 262.083 166.878 152.549 135.537 91.074 73.847 67.9603 60.6456 58.2705 81.808 78.5493 90.424 55.5566 55.4213 49.4733 48.1492 47.1314 46.8478 46.6488 42.8253 42.3044 61.1888 41.9992 41.6718 63.3985 86.1712 53.773 47.8775
threshold=10.285099506378176 2.2350000143051152 12.342118740081789 0.9170251488685609 2.6383464336395268 5.960015296936036 76.500000000000014 -0.53914576768875111 0.2503704726696015 11.550000190734865 0.99805629253387462 0.97653719782829296 0.94828754663467418 4.8616666793823251 -0.50751903653144825 0.9170251488685609 -0.18222858756780622 1.0000000180025095e-35 0.37940952181816107 14.284999847412111 -0.90255093574523915 -0.91597560048103321 -0.6035533845424651 34.500000000000007 43.500000000000007 0.88234141469001781 0.021515898406505588 59.500000000000007 -1.0000000180025095e-35 0.94147586822509777
decision_type=2 2 2 2 2 2 2 2 2 2 2 2 2 2 2 2 2 2 2 8 2 2 2 2 2 2 2 2 2 2
left_child=1 4 3 8 7 -3 18 -1 -2 -5 11 12 25 21 -13 19 -9 -8 20 -4 -6 -14 23 -10 -20 -7 29 -28 -29 -27
right_child=2 5 15 9 6 10 17 16 22 -11 -12 14 13 -15 -16 -17 -18 -19 24 -21 -22 -23 -24 -25 -26 26 27 28 -30 -31
leaf_value=-0.00088815920577934931 0.0028054925888811259 -0.00068999383467566221 0.0029850740577465232 0.003131929594862715 0.0010177492808397803 0.00099002502806795774 -0.00080881755788335212 -0.0008740155248481889 -0.0020847452496812273 0.0033298486463063715 0.0053831134969717339 0.0071177760146413308 0.0064329377678637575 0.0039517824721423209 -0.0042345661140434912 0.003249742149123297 -0.0008723985187846624 -0.00096000352331734949 -0.00098914279577129688 0.0036067386394274372 -0.00066481673752674078 -0.00074304588867592789 -0.0024743632092910973 0.0064605904142344683 -0.00067993471369067783 -0.0030524151903234056 -0.0070004672255284924 0.0023003300922482652 -0.003130856451254653 0.00261503478790979
leaf_weight=1792 2547 13210 1918 926 549 14404 259 1626 120 571 444 161 236 1304 937 865 2517 834 1462 896 2856 1144 1017 255 1547 473 343 637 869 1339
leaf_count=1792 2547 13210 1918 926 549 14404 259 1626 120 571 444 161 236 1304 937 865 2517 834 1462 896 2856 1144 1017 255 1547 473 343 637 869 1339
internal_value=-0.000142948 -0.00405839 0.0208717 0.0138761 -0.0143378 -0.000164761 -0.00959132 -0.0203283 0.00845588 0.0280626 0.0022134 0.00184651 0.00255132 0.0105244 -0.0114234 0.0311754 -0.0239995 -0.0229053 -0.00730643 0.0276694 -0.00326979 0.00158845 -0.000429492 0.0138158 -0.0118613 0.00136414 -0.00339607 -0.00989752 -0.00469887 0.00324711
internal_weight=58058 48943 9115 5436 13442 35501 7507 5935 3939 1497 22291 21847 20749 2684 1098 3679 4143 1093 6414 2814 3405 1380 1392 375 3009 18065 3661 1849 1506 1812
internal_count=58058 48943 9115 5436 13442 35501 7507 5935 3939 1497 22291 21847 20749 2684 1098 3679 4143 1093 6414 2814 3405 1380 1392 375 3009 18065 3661 1849 1506 1812
is_linear=0
shrinkage=0.05


Tree=50
num_leaves=31
num_cat=0
split_feature=3 5 3 3 3 6 11 6 13 13 8 8 4 8 6 8 3 6 9 7 7 7 9 7 7 8 13 12 6 6
split_gain=1836.19 780.803 239.076 126.83 122.643 87.585 88.3598 74.2852 62.7463 56.7821 54.6333 56.0448 50.7749 47.7562 75.2881 57.9346 54.6178 48.604 44.0524 43.21 42.0844 41.502 41.4101 52.1628 103.142 87.3885 60.7285 41.2226 40.597 38.9679
threshold=10.423555850982668 2.2350000143051152 12.461795806884767 7.1325540542602548 2.6383464336395268 951.25000000000011 11.34999990463257 952.04998779296886 -1.0000000180025095e-35 0.37940952181816107 0.99805629253387462 0.98094093799591076 8.1050000190734881 0.70785933732986461 959.04998779296886 0.88933694362640392 8.5508251190185565 976.64999389648449 1.3350000381469729 0.50618571043014537 -0.464854747056961 0.98049062490463268 10.404999732971193 0.21953110396862033 0.13496932387351993 0.021515898406505588 -0.37940952181816096 0.44618082046508795 955.04998779296886 955.35000610351574
decision_type=2 2 2 2 2 2 2 2 2 2 2 2 2 2 2 2 2 2 10 2 2 2 10 2 2 2 2 2 2 2
left_child=1 4 5 -3 7 -2 8 -1 28 -6 11 13 -4 17 19 16 -16 22 -11 -15 -14 -8 23 24 -5 -25 -27 -10 -7 -29
right_child=2 3 12 10 9 6 21 -9 27 18 -12 -13 20 14 15 -17 -18 -19 -20 -21 -22 -23 -24 25 -26 26 -28 29 -30 -31
leaf_value=-0.0008280492277625628 0.0015181754839464102 -0.00049955326892717753 0.0032413049116837124 0.001127164249478481 -0.00067837212111480298 0.0008826536151412157 0.0028851755539554495 -0.00082877859284542939 0.0024700293375171604 -0.00090910879774251511 0.0057294122706611139 -0.0029787978285206688 0.0034612874239033616 0.0011163241397955756 -0.0029151180299831925 0.011914505533800019 0.0078243263906376259 0.0099219131084210821 -0.00088465049780998568 0.0067443073816552653 0.003009735438153699 -0.0006460898996106996 0.0024842830485143005 0.00028548446497327632 0.01531429510552162 -0.00032554264980485457 -0.0053304226376927376 0.0033385146453392134 0.0043631741157624309 -0.0099253341347778617
leaf_weight=2660 1532 19927 992 4304 3897 201 1367 3267 1221 488 326 652 304 2498 210 301 196 86 3126 392 2144 92 2479 2924 220 526 789 93 632 153
leaf_count=2660 1532 19927 992 4304 3897 201 1367 3267 1221 488 326 652 304 2498 210 301 196 86 3126 392 2144 92 2479 2924 220 526 789 93 632 153
internal_value=2.15502e-05 -0.00372415 0.0211481 0.000131157 -0.0139999 0.0144543 0.0185574 -0.019378 0.0124078 -0.00974588 0.00346052 0.00303235 0.0314078 0.00366042 0.00867574 0.0232444 0.0107056 0.00206477 -0.0142581 0.00507772 0.0353037 0.0281762 0.00176936 0.000153969 0.00388607 -0.00382893 -0.0145076 0.0061481 0.0233294 -0.0123506
internal_weight=57999 49268 8731 35830 13438 5291 3759 5927 2300 7511 15903 15577 3440 14925 3597 707 406 11328 3614 2890 2448 1459 11242 8763 4524 4239 1315 1467 833 246
internal_count=57999 49268 8731 35830 13438 5291 3759 5927 2300 7511 15903 15577 3440 14925 3597 707 406 11328 3614 2890 2448 1459 11242 8763 4524 4239 1315 1467 833 246
is_linear=0
shrinkage=0.05


Tree=51
num_leaves=31
num_cat=0
split_feature=3 5 3 10 3 12 5 13 8 8 10 12 7 9 10 12 12 9 7 10 11 8 9 10 8 9 8 15 13 9
split_gain=1774.18 718.248 228.938 136.891 129.494 122.1 77.5588 77.4015 54.1437 59.7331 75.9944 62.9572 53.0314 75.2194 52.6091 52.5275 51.8288 46.5692 47.3708 50.9775 40.108 40.7498 37.9568 37.9365 35.7871 41.0522 35.7617 56.0945 34.5033 33.5374
threshold=10.423555850982668 2.2983332872390752 12.342118740081789 0.94828754663467418 8.0372309684753436 -0.16504132002592084 1.5116666555404665 -0.91597560048103321 0.99805629253387462 0.97653719782829296 0.94260558485984813 -0.16504132002592084 -0.5677773356437682 4.0250000953674325 0.93038213253021251 0.0087262028828263612 0.2503704726696015 4.5750000476837167 -0.6495143175125121 0.85260769724845897 9.7500000000000018 0.15855792164802554 3.7949999570846562 0.9170251488685609 0.15855792164802554 9.5150003433227557 -0.77682399749755848 31.500000000000004 0.78656607866287243 13.734999656677248
decision_type=2 2 2 2 2 2 2 2 2 2 2 2 2 10 2 2 2 8 2 2 2 2 10 2 2 10 2 2 2 8
left_child=1 5 3 16 17 6 -1 22 9 10 -6 -12 -9 -14 20 -5 24 18 19 -3 21 -4 -7 -18 25 -2 27 -20 -13 -22
right_child=2 4 14 15 8 7 -8 12 -10 -11 11 28 13 -15 -16 -17 23 -19 26 -21 29 -23 -24 -25 -26 -27 -28 -29 -30 -31
leaf_value=-0.00080448741610464824 -0.00042590703280880331 -0.00074017826849449235 0.0033592481894088536 -0.00064595465948804058 0.0013350118701370541 -0.00076633294505059203 -0.00071715046209854568 -0.00073538065342610131 0.0060001992895370787 -0.0034142886086224126 -0.0042257722715049696 0.0035709487093320506 -0.00078733966320315794 -0.00086645455667582578 0.0029526906089364481 0.0030846999692689062 -0.00029997934480713588 -0.00016993940058419312 -0.0011285290825667961 0.0020493942277277641 0.0027813602186938569 -0.0038580134563748151 0.0013323005979802211 0.0025120511233668237 0.0019848256556573574 0.0031116280952901477 -0.001308577764860157 0.0020177695303058292 0.00043304741691353732 0.0030368230469501548
leaf_weight=2392 187 1711 257 85 8641 466 4586 1320 226 537 174 1133 4014 1112 715 631 1272 18585 641 684 1472 139 260 368 1189 1263 1999 575 229 1086
leaf_count=2392 187 1711 257 85 8641 466 4586 1320 226 537 174 1133 4014 1112 715 631 1272 18585 641 684 1472 139 260 368 1189 1263 1999 575 229 1086
internal_value=-6.12555e-05 -0.00372997 0.0207982 0.01381 0.000101024 -0.0132391 -0.00852069 -0.0178208 0.00461398 0.00409553 0.00495482 0.0151849 -0.0195629 -0.0218671 0.0302803 0.0339806 0.0103992 -0.00194008 -0.00593054 -0.000604167 0.0272389 0.0122195 -0.00232558 0.00340426 0.0147315 0.02 -0.0098913 -0.0031122 0.0188003 0.0295357
internal_weight=57949 49285 8664 4995 35135 14150 6978 7172 10940 10714 10177 1536 6446 5126 3669 716 4279 24195 5610 2395 2954 396 726 1640 2639 1450 3215 1216 1362 2558
internal_count=57949 49285 8664 4995 35135 14150 6978 7172 10940 10714 10177 1536 6446 5126 3669 716 4279 24195 5610 2395 2954 396 726 1640 2639 1450 3215 1216 1362 2558
is_linear=0
shrinkage=0.05


Tree=52
num_leaves=31
num_cat=0
split_feature=3 5 3 10 3 15 9 6 8 6 8 11 12 15 15 13 5 8 10 12 12 8 6 15 12 6 15 6 11 10
split_gain=1680.31 685.505 250.351 163.932 143.245 90.7694 87.0884 72.5906 66.3959 70.0935 105.554 57.9045 86.297 55.3667 53.5828 61.2092 53.5085 51.9006 51.0553 50.0016 47.2489 54.8247 47.1139 42.9088 42.7888 41.7738 40.4465 40.3246 40.1864 52.5434
threshold=10.285099506378176 2.4616667032241826 12.342118740081789 0.9238443672657014 2.6383464336395268 76.500000000000014 7.1150000095367441 952.04998779296886 0.99805629253387462 959.25000000000011 0.88933694362640392 5.7500000000000009 0.078456107527017607 77.500000000000014 43.500000000000007 0.60355338454246532 5.5616667270660409 1.0000000180025095e-35 0.9238443672657014 0.2503704726696015 0.1650413200259209 -0.17552985996007917 953.54998779296886 44.500000000000007 -0.18222858756780622 950.85000610351574 34.500000000000007 957.85000610351574 6.4500000476837167 -0.50751903653144825
decision_type=2 2 2 2 2 2 8 2 2 2 2 2 2 2 2 2 2 2 2 2 2 2 2 2 2 2 2 2 2 2
left_child=1 4 3 19 7 14 -3 23 9 13 11 12 -11 28 15 -6 -5 -7 -4 25 -16 22 -22 -1 -9 -2 -26 -23 29 -8
right_child=2 6 18 16 5 17 8 24 -10 10 -12 -13 -14 -15 20 -17 -18 -19 -20 -21 21 27 -24 -25 26 -27 -28 -29 -30 -31
leaf_value=-0.000783389192564981 0.00089976526714752878 -0.00052087216451655947 0.0027384907429825467 0.0014621545940183445 -0.0007486407020454764 -0.00049717992781720538 0.002307293733222711 -0.00074435247659966673 0.0047705145780662372 0.0044161417245560074 0.011146029359433401 0.0036645253355089974 -0.0018193538390659453 -0.0035417639153213255 0.00033303772140628741 -0.00094288818966432463 0.0028219069131015409 -0.0008570638875877878 0.0028724669931730951 0.00024430966928351008 0.0069323877041213584 -0.00060516571210103088 -0.0006106549242339721 0.00010141949487784964 -0.00076351285178709056 0.0026389608026872961 -0.00074797268004300017 -0.00099089661412979087 0.0015433464943722442 -0.0011095673118149268
leaf_weight=2247 881 13545 2849 201 3077 320 1586 1180 389 658 334 2174 1322 979 2497 1521 1149 988 785 1478 148 483 477 533 548 1736 1639 382 6829 4960
leaf_count=2247 881 13545 2849 201 3077 320 1586 1180 389 658 334 2174 1322 979 2497 1521 1149 988 785 1478 148 483 477 533 548 1736 1639 382 6829 4960
internal_value=1.98618e-05 -0.00365417 0.0197655 0.0129633 -0.0121222 -0.00839058 0.000491138 -0.0181161 0.00265388 0.00222847 0.00767861 0.00548209 -0.00070529 0.00052232 -0.00651339 -0.010189 0.0280443 -0.0206398 0.0299258 0.00796341 -0.00226703 -0.00929766 0.00198413 -0.0121005 -0.0230575 0.0121091 -0.0272126 -0.0174138 0.00136398 -0.0014349
internal_weight=57895 48816 9079 5445 16040 9893 32776 6147 19231 18842 4488 4154 1980 14354 8585 4598 1350 1308 3634 4095 3987 1490 625 2780 3367 2617 2187 865 13375 6546
internal_count=57895 48816 9079 5445 16040 9893 32776 6147 19231 18842 4488 4154 1980 14354 8585 4598 1350 1308 3634 4095 3987 1490 625 2780 3367 2617 2187 865 13375 6546
is_linear=0
shrinkage=0.05


Tree=53
num_leaves=31
num_cat=0
split_feature=3 5 4 3 10 12 7 10 5 11 13 7 5 13 8 8 7 8 12 8 5 15 8 10 8 15 4 9 13 15
split_gain=1682.04 674.607 236.588 156.716 112.823 105.299 72.5925 65.8245 89.9307 62.6743 56.6373 56.3307 54.946 52.5103 52.2036 91.2595 53.2372 51.41 41.9959 53.6712 41.8594 71.5238 67.497 49.848 58.7195 65.2149 54.9026 44.6618 44.4632 44.1761
threshold=10.491462707519533 2.0049999952316289 8.2449998855590838 5.960015296936036 0.9170251488685609 -0.16504132002592084 -0.464854747056961 0.94828754663467418 4.8916666507720956 8.0500001907348651 -0.7865660786628722 0.36724525690078741 1.4583333730697634 -0.91597560048103321 -0.14153897762298581 -0.10296135023236273 0.926098793745041 0.99805629253387462 -0.41467745602130884 0.98094093799591076 4.4449999332427987 35.500000000000007 0.88933694362640392 -0.71322327852249134 0.94917574524879467 19.500000000000004 5.4649999141693124 13.105000019073488 -0.6035533845424651 22.500000000000004
decision_type=2 2 2 2 2 2 2 2 2 2 2 2 2 2 2 2 2 2 2 2 2 2 2 2 2 2 2 8 2 2
left_child=1 5 4 -3 14 12 -4 17 13 -8 -7 -10 -1 -9 16 -16 -2 18 -5 20 21 -20 28 27 25 -25 -27 29 -23 -22
right_child=2 3 6 7 -6 10 9 8 11 -11 -12 -13 -14 -15 15 -17 -18 -19 19 -21 23 22 -24 24 -26 26 -28 -29 -30 -31
leaf_value=-0.00073265152488356908 0.0023773596218688133 -0.00065894640455963535 0.0024867549454831109 0.002037032560793971 0.0028557722844623269 -0.00064278087079220952 0.00041872994147356681 0.0064026056436767426 0.0023808145855009292 0.0025543617196264416 -0.00071057404604085012 0.00380646254202055 -0.00068114131578009729 -0.0013416730878817896 -0.011912739392809528 0.0021066126492074511 0.0035118432686320868 0.0055316445909194996 -0.0034863978609827682 -0.0038899936991594387 -0.0020493906080727487 0.0021582446596771442 0.0048809685461781516 0.0087688795040968947 -0.0078141029144541164 -0.0023139251701827317 0.0035552635229618018 -0.0071684225908512705 -0.0014670798296558644 0.0015667714493662124
leaf_weight=2139 1417 15985 624 4640 1113 849 125 254 1178 2449 4466 375 3122 1297 122 2140 443 336 1331 498 1393 1220 560 351 150 719 2218 112 3402 2904
leaf_count=2139 1417 15985 624 4640 1113 849 125 254 1178 2449 4466 375 3122 1297 122 2140 443 336 1331 498 1393 1220 560 351 150 719 2218 112 3402 2904
internal_value=-0.000125999 -0.00364314 0.0205084 -0.000599825 0.0139408 -0.0148379 0.0312207 0.00204856 0.00881312 0.034936 -0.0198026 0.0172978 -0.0098082 0.000289203 0.0101042 0.00498456 0.0163003 0.000987953 0.000651182 -0.000645899 -8.35364e-05 -0.00304541 -0.000385579 0.00237519 0.00688353 0.00829031 0.00582937 -0.00114409 -0.00237735 -0.000313808
internal_weight=57932 49499 8433 38923 5235 10576 3198 22938 3104 2574 5315 1553 5261 1551 4122 2262 1860 19834 19498 14858 14360 6513 5182 7847 3438 3288 2937 4409 4622 4297
internal_count=57932 49499 8433 38923 5235 10576 3198 22938 3104 2574 5315 1553 5261 1551 4122 2262 1860 19834 19498 14858 14360 6513 5182 7847 3438 3288 2937 4409 4622 4297
is_linear=0
shrinkage=0.05


Tree=54
num_leaves=31
num_cat=0
split_feature=4 5 3 3 6 3 11 15 7 9 12 13 15 8 12 7 4 12 7 9 5 6 15 7 12 11 15 13 6 6
split_gain=1596.81 688.786 241.538 144.704 128.855 109.582 99.9351 96.1371 79.3122 64.1959 54.0055 53.464 48.3991 45.6683 43.2499 40.4282 42.9635 39.3577 38.364 38.3618 46.1374 38.4368 50.2134 40.5829 37.5596 47.8025 63.839 50.1282 73.4505 52.276
threshold=7.2049999237060556 2.4616667032241826 12.222157478332521 2.6383464336395268 951.04998779296886 8.6450753211975115 10.750000000000002 76.500000000000014 -0.53914576768875111 2.1250000000000004 -0.18222858756780622 0.37940952181816107 43.500000000000007 1.0000000180025095e-35 0.36648726463317877 -0.464854747056961 8.1449999809265154 -0.59480014443397511 0.99166637659072887 7.9649999141693124 4.4449999332427987 959.45001220703136 87.500000000000014 0.93554237484931957 -0.44618082046508784 8.8499999046325701 22.500000000000004 -0.37940952181816096 952.85000610351574 959.25000000000011
decision_type=2 2 2 2 2 2 2 2 2 10 2 2 2 2 2 2 2 2 2 10 2 2 2 2 2 2 2 2 2 2
left_child=1 3 4 8 -2 24 -6 11 -1 -7 -10 17 -13 -9 19 -4 18 -5 -17 -11 -21 22 -22 -23 -3 26 -26 -28 -29 -30
right_child=2 5 15 7 6 9 -8 13 10 14 -12 12 -14 -15 -16 16 -18 -19 -20 20 21 23 -24 -25 25 -27 27 28 29 -31
leaf_value=-0.00067406960161221156 0.00064007503292794199 0.00064605506869630383 0.002798172932783333 0.00039702094995304336 0.002184014931488884 0.0084213676407848721 0.0022723774488949524 -0.00064628116972827252 -0.00067063463062550985 -0.0028396393507906571 -0.00067504534373880759 -0.00083834976663159507 -0.00050862089467186317 -0.00079019217659296768 -0.00053745773073175524 0.0026145152186991651 0.0024427648907680566 -0.00071842324219608062 -0.0019174552807980335 -0.00012058955323743792 0.0028025673862945299 0.0035812788263001384 -0.0065934699099654999 0.0048073611420791423 -0.0012791635309042323 0.0010122375175937851 0.00066029760581603624 0.00034928007843711487 -0.0021294986775275324 -0.0004895865076409182
leaf_weight=1921 1630 6295 410 1885 1364 219 1275 324 1652 611 2640 1905 1970 983 2185 806 2209 2833 113 1283 3343 849 191 420 2463 3754 4011 3554 2639 2236
leaf_count=1921 1630 6295 410 1885 1364 219 1275 324 1652 611 2640 1905 1970 983 2185 806 2209 2833 113 1283 3343 849 191 420 2463 3754 4011 3554 2639 2236
internal_value=2.32847e-05 -0.00325088 0.0210509 -0.0117663 0.0130206 0.000779553 0.0198374 -0.00800606 -0.0177469 0.00547441 -0.0215266 -0.00607699 -0.0104253 -0.0206174 0.00480477 0.0307084 0.0326524 -0.00249841 0.0233225 0.00679648 0.0079954 0.0102433 0.0075445 0.0177002 -0.000933606 -0.00206034 -0.00333043 -0.00187224 -0.00406094 -0.00804303
internal_weight=57973 50166 7807 16113 4269 34053 2639 9900 6213 9101 4292 8593 3875 1307 8882 3538 3128 4718 919 6697 6086 4803 3534 1269 24952 18657 14903 12440 8429 4875
internal_count=57973 50166 7807 16113 4269 34053 2639 9900 6213 9101 4292 8593 3875 1307 8882 3538 3128 4718 919 6697 6086 4803 3534 1269 24952 18657 14903 12440 8429 4875
is_linear=0
shrinkage=0.05


Tree=55
num_leaves=31
num_cat=0
split_feature=3 5 3 3 12 9 4 6 12 8 7 8 5 7 4 6 6 12 6 15 8 4 7 7 6 8 8 8 9 12
split_gain=1512.38 644.486 238.657 138.16 100.396 70.7909 65.8257 61.0457 67.9707 59.8431 58.6107 56.2089 53.1058 50.384 77.6205 52.748 64.0261 45.7083 44.525 83.1431 60.1725 46.9521 42.9471 42.9379 48.8716 52.5056 61.6626 56.6152 51.5999 51.1057
threshold=10.491462707519533 2.0049999952316289 12.342118740081789 5.960015296936036 -0.3172925859689712 4.0250000953674325 8.1050000190734881 951.25000000000011 0.44618082046508795 0.99805629253387462 -0.93400302529335011 0.97653719782829296 1.4583333730697634 0.88234141469001781 5.5750000476837167 947.25000000000011 943.54998779296886 -0.50751903653144825 953.04998779296886 38.500000000000007 -0.16681838035583493 2.8149999380111699 -0.464854747056961 -0.45724393427371973 956.95001220703136 0.88337317109107982 0.8730936348438264 0.94917574524879467 5.3849999904632577 -0.67556449770927418
decision_type=2 2 2 2 2 10 2 2 2 2 2 2 2 2 2 2 2 2 2 2 2 2 2 2 2 2 2 2 10 2
left_child=1 4 7 18 12 10 -4 -2 -9 11 -6 13 -1 15 -15 16 -5 -13 -3 -20 -21 -22 -8 -17 28 26 -26 -27 -25 -30
right_child=2 3 6 9 5 -7 22 8 -10 -11 -12 17 -14 14 -16 23 -18 -19 19 20 21 -23 -24 24 25 27 -28 -29 29 -31
leaf_value=-0.00068178206164248704 0.0011475474630854633 -0.00026077647232681595 0.0025009691277655902 0.0026498662697655899 -0.00014031175926501553 -0.00050394522526246331 0.0026363361008957366 0.0023224727791203493 -0.0018896337434685551 0.0041347237160166582 -0.0006412930765518672 0.007204326680536716 -0.00057456498038198182 -0.0018790061747460979 0.0030313946302001796 0.0035668406288765944 -0.0020449289831611177 -0.0035536396796712806 -0.0010821762206906806 0.00075605991528186138 -0.0010221369454630703 -0.00027412370670246367 0.0023206266462296511 -0.0039736725709412033 0.0018654167017291502 0.008231576641211602 -0.0054148272180370438 0.00058127515321103329 0.007085035286649193 0.00015432441323882107
leaf_weight=1873 1399 9302 1138 1851 346 955 308 2980 377 446 4596 175 2781 2807 1253 3243 2576 959 1878 1780 1594 1396 2194 431 3869 429 85 316 280 4311
leaf_count=1873 1399 9302 1138 1851 346 955 308 2980 377 446 4596 175 2781 2807 1253 3243 2576 959 1878 1780 1594 1396 2194 431 3869 429 85 316 280 4311
internal_value=2.41658e-05 -0.00330258 0.0196405 -0.000334736 -0.014262 -0.0185954 0.029273 0.0122453 0.0158983 0.0021423 -0.0210026 0.00178176 -0.00875724 0.00235598 -0.00265683 0.00352667 -0.00118457 -0.00904302 -0.003911 -0.00703442 -0.00351832 -0.00784641 0.0338253 0.00513532 0.00347008 0.00713223 0.00482445 0.0192667 3.97852e-05 0.00159922
internal_weight=57928 49532 8396 38981 10551 5897 3640 4756 3357 23031 4942 22585 4654 21451 4060 17391 4427 1134 15950 6648 4770 2990 2502 12964 9721 4699 3954 745 5022 4591
internal_count=57928 49532 8396 38981 10551 5897 3640 4756 3357 23031 4942 22585 4654 21451 4060 17391 4427 1134 15950 6648 4770 2990 2502 12964 9721 4699 3954 745 5022 4591
is_linear=0
shrinkage=0.05


Tree=56
num_leaves=31
num_cat=0
split_feature=4 5 3 6 3 10 2 6 8 3 14 9 9 13 10 8 7 7 5 10 9 8 6 9 6 6 10 10 4 6
split_gain=1512.72 589.103 296.591 160.519 124.089 104.076 86.6925 63.6222 65.7657 61.6537 56.5498 50.5433 49.7794 48.7041 65.1491 47.6756 47.5785 56.8552 46.6217 46.0129 45.1346 44.0249 54.2653 42.5939 53.8948 41.3203 39.0431 38.0999 37.1466 36.6865
threshold=6.9649999141693124 2.0049999952316289 12.461795806884767 950.85000610351574 8.0372309684753436 0.94828754663467418 17.500000000000004 952.45001220703136 1.0000000180025095e-35 2.5164715051651005 7.555000066757203 8.7449998855590838 14.114999771118166 -0.6035533845424651 0.89490029215812694 -0.86458376049995411 0.52825582027435314 0.48378379642963415 4.4216666221618661 -0.98321744799613942 4.9249999523162851 0.89129894971847545 957.75000000000011 4.5750000476837167 954.25000000000011 963.14999389648449 0.9238443672657014 0.9170251488685609 8.1050000190734881 947.25000000000011
decision_type=2 2 2 2 2 2 2 2 2 2 10 10 8 2 2 2 2 2 2 2 10 2 2 10 2 2 2 2 2 2
left_child=1 6 3 27 23 11 20 19 9 -9 -7 -5 13 14 15 -6 17 29 -16 -8 -1 -10 -23 24 -3 -13 28 -2 -4 -15
right_child=2 4 26 5 12 10 7 8 21 -11 -12 25 -14 16 18 -17 -18 -19 -20 -21 -22 22 -24 -25 -26 -27 -28 -29 -30 -31
leaf_value=-0.00060922842272427384 -0.0013377735599582607 -0.00033175616811679593 0.0025126368129749555 -0.0083962394893383058 0.0043326996399979945 0.0019474375578316411 -0.00068018883613314403 -0.00060845802934751778 -0.00065223962992001273 -0.00016583801779294579 0.0022499467142286234 0.0019254518847909574 0.007879114705963813 -0.0030883677718472891 0.00097290598221623232 0.00014223172211486057 -0.0012432012362307136 0.0096167147148131463 0.0049575822617163095 -0.00017265237808362888 -0.00014246420766093963 -0.00062752888296549166 0.0021388036010942463 -0.00024510923577244494 -0.00086560532704459668 0.0026504367197727921 0.0023058033876055153 0.0025669419919773979 0.0022045953139181672 0.0026464954817974314
leaf_weight=3556 1358 5505 675 102 415 276 664 799 1266 1116 631 2290 291 829 394 1977 3212 128 669 2389 264 355 184 18755 3064 504 737 664 1859 2925
leaf_count=3556 1358 5505 675 102 415 276 664 799 1266 1116 631 2290 291 829 394 1977 3212 128 669 2389 264 355 184 18755 3064 504 737 664 1859 2925
internal_value=-8.64185e-07 -0.0034935 0.0187122 0.0119297 -0.000597343 0.0179753 -0.0139224 -0.010512 -0.0148993 -0.00841146 0.0327303 0.0133058 0.00392808 0.00335892 0.00822254 0.00362954 0.000986054 0.004708 0.0184925 -0.00515043 -0.0199477 -0.0217403 -0.00965074 -0.00239306 -0.00531257 0.0145766 0.030754 0.000542674 0.0276881 0.00356478
internal_weight=57853 48757 9096 5825 38164 3803 10593 6773 3720 1915 907 2896 10840 10549 3455 2392 7094 3882 1063 3053 3820 1805 539 27324 8569 2794 3271 2022 2534 3754
internal_count=57853 48757 9096 5825 38164 3803 10593 6773 3720 1915 907 2896 10840 10549 3455 2392 7094 3882 1063 3053 3820 1805 539 27324 8569 2794 3271 2022 2534 3754
is_linear=0
shrinkage=0.05


Tree=57
num_leaves=31
num_cat=0
split_feature=4 3 3 10 3 3 10 7 11 13 14 12 4 12 9 4 8 12 7 15 7 7 10 7 15 7 10 8 8 4
split_gain=1474.19 540.364 259.539 136.29 131.756 107.516 64.7782 58.1296 57.3973 54.5395 53.5486 50.6789 63.4983 48.8899 53.937 46.2009 45.1783 49.4901 66.1646 42.7768 39.3157 38.8716 38.6745 38.4386 38.6723 64.3207 78.2173 43.9192 40.0677 69.1414
threshold=7.2049999237060556 3.7800890207290654 12.002999782562258 0.93038213253021251 7.9897532463073739 1.7241498827934267 0.93038213253021251 -0.92772412300109852 10.650000095367433 0.37940952181816107 12.324999809265138 -0.60873827338218678 2.0049999952316289 0.36648726463317877 1.6150000095367434 1.4950000047683718 -0.70785933732986439 -0.70088258385658253 0.56424301862716686 60.500000000000007 -0.53914576768875111 0.93554237484931957 -0.85260769724845875 -0.97789707779884327 37.500000000000007 -0.1900704428553581 0.78257837891578685 0.99805629253387462 0.88337317109107982 2.6049998998641972
decision_type=2 2 2 2 2 2 2 2 2 2 8 2 2 2 10 2 2 2 2 2 2 2 2 2 2 2 2 2 2 2
left_child=1 5 3 -2 9 20 10 -7 -5 16 -4 21 -13 14 -6 -11 17 22 -19 -20 -1 -9 -3 -18 25 26 -25 -27 29 -26
right_child=2 4 6 8 13 7 -8 11 -10 15 -12 12 -14 -15 -16 -17 23 18 19 -21 -22 -23 -24 24 28 27 -28 -29 -30 -31
leaf_value=-0.00061990005099389796 0.0010566578830805363 0.0048949731086985306 0.0018882221571376923 0.0020908852956417786 0.0083909209635864568 -4.7325988726371757e-05 0.0022367142368908024 -0.00036126434756943024 0.002067484653289198 -0.0010455315878307896 0.002105564628017584 -0.00057880552125689805 -0.00058519201164572638 -0.00033355706459638066 0.0020131190272894479 -0.00069748555290888433 0.0017901459273632131 -0.00018126067071971288 0.0096957300992073902 -0.00050280775588712749 -0.00057876700158806008 -0.00077514994341423284 6.9574688609172488e-07 -0.0016713010462943935 -0.0012026944177828598 -0.0024927745198560893 0.0033621141001121627 0.0028685818236502633 0.001834581310560586 0.00038865789091560229
leaf_weight=571 2407 481 1122 684 221 1497 830 2222 847 846 1904 4705 2652 3144 8995 7986 1046 3118 278 154 1478 295 257 2677 1221 992 861 132 1158 3224
leaf_count=571 2407 481 1122 684 221 1497 830 2222 847 846 1904 4705 2652 3144 8995 7986 1046 3118 278 154 1478 295 257 2677 1221 992 861 132 1158 3224
internal_value=0.000137045 -0.00300402 0.0203616 0.0113112 0.00012909 -0.0115903 0.0295778 -0.00968267 0.0229492 -0.0019991 0.026097 -0.011074 -0.013169 0.00433482 0.0061707 -0.00513749 -0.000221097 0.00414628 0.00168776 0.0199085 -0.0221276 -0.00493656 0.0158816 -0.00187787 -0.00280915 -0.00617099 -0.00285069 -0.0165633 -8.91583e-06 -0.00216854
internal_weight=58005 50211 7794 3938 36791 13420 3856 11371 1531 24431 3026 9874 7357 12360 9216 8832 15599 4288 3550 432 2049 2517 738 11311 10265 4662 3538 1124 5603 4445
internal_count=58005 50211 7794 3938 36791 13420 3856 11371 1531 24431 3026 9874 7357 12360 9216 8832 15599 4288 3550 432 2049 2517 738 11311 10265 4662 3538 1124 5603 4445
is_linear=0
shrinkage=0.05


Tree=58
num_leaves=31
num_cat=0
split_feature=4 5 3 10 3 12 5 6 13 5 13 2 10 6 12 13 7 8 7 11 8 6 8 4 7 12 7 10 4 13
split_gain=1412.82 558.892 296.097 150.469 119.617 102.388 84.2879 73.0142 56.5922 55.9965 47.3883 69.9444 58.7804 59.1528 58.7082 61.007 55.7233 71.7741 52.6628 49.545 48.7493 46.039 45.7486 39.6842 42.1779 38.5551 52.866 99.3014 69.7416 68.5109
threshold=6.9649999141693124 2.0049999952316289 12.461795806884767 0.93038213253021251 7.0547201633453378 -0.16504132002592084 5.5950000286102304 951.04998779296886 -0.6035533845424651 1.4583333730697634 1.0000000180025095e-35 5.5000000000000009 0.90255093574523937 957.45001220703136 -0.36648726463317866 -0.91597560048103321 0.68472337722778331 0.021515898406505588 0.93554237484931957 9.3499999046325701 -0.61794704198837269 948.95001220703136 0.24284747242927554 8.1050000190734881 -0.464854747056961 -0.46173103153705591 -0.6495143175125121 0.85260769724845897 2.1049998998641972 -0.6035533845424651
decision_type=2 2 2 2 2 2 2 2 2 2 2 2 2 2 2 2 2 2 2 2 2 2 2 2 2 2 2 2 2 2
left_child=1 5 3 7 25 9 -5 -2 -7 -1 12 -12 14 19 15 -6 -13 18 -18 -14 -17 -8 -9 -4 -25 -3 27 -27 -28 -30
right_child=2 4 23 6 10 8 21 22 -10 -11 11 16 13 -15 -16 20 17 -19 -20 -21 -22 -23 -24 24 -26 26 28 -29 29 -31
leaf_value=-0.00057739438555570938 -0.00098535853053742235 9.0570771235650235e-05 0.0021530153386375706 -0.00047197284543243345 -0.0019405260489295251 -0.00053461692021314073 0.0025077376305157719 0.0021057434046832138 -0.00054982865150865706 -0.0005393004793340444 0.0025445367096892297 0.00026501043430289252 -0.00048688287726194327 0.0046886362604302073 -0.00028748484117361027 0.0071699742994736143 -0.0025084031821268511 -0.0052595869219751908 0.0039066740103194898 0.0043277913612183279 0.0033496648968832422 0.0020804136795168739 0.00073236957015704318 0.0023723445526146361 0.0019890873168213808 -0.00073759578580702813 -0.00082913847890687313 0.0020814525429135788 0.00051292515251088187 -0.0010167872968426235
leaf_weight=2151 1448 6232 822 302 598 1201 315 1312 4134 3146 1939 3548 953 1196 3967 503 596 880 467 362 1147 1392 1058 301 2125 3035 2276 1568 2742 6257
leaf_count=2151 1448 6232 822 302 598 1201 315 1312 4134 3146 1939 3548 953 1196 3967 503 596 880 467 362 1147 1392 1058 301 2125 3035 2276 1568 2742 6257
internal_value=-4.5707e-05 -0.00340879 0.0180672 0.0113083 -0.000590525 -0.0135471 0.0223684 0.00546691 -0.0184363 -0.00860996 0.00267929 -0.000255548 0.00517696 0.0116256 0.00256431 0.00901021 -0.00313865 -0.00993326 -0.00117041 0.0042803 0.0139577 0.0266647 0.0108632 0.0301568 0.0334019 -0.00297988 -0.0042876 0.000227865 -0.00613032 -0.00414816
internal_weight=57973 48898 9075 5827 38266 10632 2009 3818 5335 5297 16156 7430 8726 2511 6215 2248 5491 1943 1063 1315 1650 1707 2370 3248 2426 22110 15878 4603 11275 8999
internal_count=57973 48898 9075 5827 38266 10632 2009 3818 5335 5297 16156 7430 8726 2511 6215 2248 5491 1943 1063 1315 1650 1707 2370 3248 2426 22110 15878 4603 11275 8999
is_linear=0
shrinkage=0.05


Tree=59
num_leaves=31
num_cat=0
split_feature=3 5 3 10 12 5 10 7 12 4 12 5 6 9 15 2 12 4 15 6 10 7 7 7 7 12 10 11 12 7
split_gain=1329.64 521.883 244.4 165.021 113.587 111.425 86.0458 72.3562 61.8641 59.3738 55.0634 53.423 45.7833 43.3721 42.5274 42.0627 39.0763 38.5359 37.7941 37.3876 36.9378 36.6946 36.5385 36.0573 41.1617 35.169 43.3621 80.6221 65.6609 61.3075
threshold=10.491462707519533 1.985000014305115 12.461795806884767 0.9238443672657014 -0.16504132002592084 3.2516666650772099 0.94260558485984813 0.33505657315254217 1.0000000180025095e-35 8.1050000190734881 0.36648726463317877 1.4583333730697634 951.45001220703136 3.6750000715255742 42.500000000000007 11.500000000000002 0.2503704726696015 8.2449998855590838 34.500000000000007 959.45001220703136 0.94828754663467418 -0.464854747056961 -0.97415921092033375 -0.98994910717010487 -0.99975964426994313 -0.44618082046508784 -0.71322327852249134 6.3500001430511483 0.33379416167736059 -0.33100557327270502
decision_type=2 2 2 2 2 2 2 2 2 2 2 2 2 10 2 2 2 2 2 2 2 2 2 2 2 2 2 2 2 2
left_child=1 4 3 16 11 10 23 17 -5 -4 -3 -1 14 18 -6 -9 19 -8 -14 -2 -10 -11 -12 24 -7 -25 28 -28 -27 -29
right_child=2 5 9 8 12 6 7 15 20 21 22 -13 13 -15 -16 -17 -18 -19 -20 -21 -22 -23 -24 25 -26 26 27 29 -30 -31
leaf_value=-0.00054537190865884631 0.0013878259423146244 -0.00035907231819113131 0.002072874987135809 -0.0021050104590992157 -0.0005568947018849583 -0.0020510092530070822 0.00075569154438696613 -0.002152739454477966 0.0020569918110625086 0.002270325440827778 0.00095568300194394948 -0.00042128705989399087 -0.00052442079159750645 -0.00056319165119859721 0.00022419481082492688 0.0039603599164690457 -0.00012441974131026102 0.001638330441607258 -0.00052233529294978234 0.0021490853826818257 0.0021212860171213378 0.0018896329509803134 -0.00074692492288668476 0.0014402185255134926 0.0038249243462763678 -0.00057945814336136383 -0.0007296035964969972 0.0053680743415691866 -0.0028573637864950973 0.0011589485444280956
leaf_weight=2159 1879 10484 997 92 1233 128 2775 99 466 302 267 3026 508 662 420 964 1380 124 2335 565 641 2117 3858 4139 782 6385 4798 957 1003 2395
leaf_count=2159 1879 10484 997 92 1233 128 2775 99 466 302 267 3026 508 662 420 964 1380 124 2335 565 641 2117 3858 4139 782 6385 4798 957 1003 2395
internal_value=8.28372e-05 -0.00304509 0.0184214 0.0113862 -0.0130315 -0.000405995 0.00165146 0.00839425 0.0275332 0.0287343 -0.00386273 -0.00779383 -0.0182839 -0.0215242 -0.0113691 0.0195225 0.00629407 0.00428719 -0.02421 0.0100857 0.0308004 0.0329827 -0.00875303 0.000352078 0.0100546 -9.90753e-05 -0.00119025 0.00132434 -0.00396321 0.00726839
internal_weight=57940 49501 8439 5023 10343 39158 24549 3962 1199 3416 14609 5185 5158 3505 1653 1063 3824 2899 2843 2444 1107 2419 4125 20587 910 19677 15538 8150 7388 3352
internal_count=57940 49501 8439 5023 10343 39158 24549 3962 1199 3416 14609 5185 5158 3505 1653 1063 3824 2899 2843 2444 1107 2419 4125 20587 910 19677 15538 8150 7388 3352
is_linear=0
shrinkage=0.05


Tree=60
num_leaves=31
num_cat=0
split_feature=3 5 3 10 12 5 10 5 6 8 4 6 5 13 6 12 8 15 8 5 8 6 8 9 12 15 12 8 8 14
split_gain=1370.01 520.027 275.866 170.027 97.6332 96.4001 77.0144 58.0717 57.7938 56.3316 54.7024 53.4602 52.8673 48.2689 44.6623 43.81 41.227 40.4493 49.8368 45.8561 36.3078 35.0255 40.7342 40.5709 33.7471 33.4959 32.8105 32.757 42.8743 32.2413
threshold=10.285099506378176 1.985000014305115 12.461795806884767 0.94828754663467418 -0.18222858756780622 3.1450001001358037 0.94828754663467418 4.8916666507720956 948.75000000000011 0.99805629253387462 8.1050000190734881 962.64999389648449 1.4583333730697634 -0.91597560048103321 951.64999389648449 0.36648726463317877 0.98094093799591076 34.500000000000007 1.0000000180025095e-35 1.1783332824707033 -0.84680011868476857 951.04998779296886 -0.34918220341205591 2.5749999284744267 0.44618082046508795 43.500000000000007 -0.50751903653144825 -0.13282711803913114 -1.0000000180025095e-35 5.8250000476837167
decision_type=2 2 2 2 2 2 2 2 2 2 2 2 2 2 2 2 2 2 2 2 2 2 2 10 2 2 2 2 2 10
left_child=1 4 3 11 12 15 9 29 -5 16 27 20 -1 -6 25 -3 -7 -16 19 -19 -2 22 -17 -23 -9 -15 -18 -4 -29 -8
right_child=2 5 10 8 13 6 7 24 -10 -11 -12 -13 -14 14 17 21 26 18 -20 -21 -22 23 -24 -25 -26 -27 -28 28 -30 -31
leaf_value=-0.0005199429102993716 0.0017875703344316875 -0.00039237667856772686 0.0020655827661557771 0.00050559785560754249 -0.00018362589331029564 7.1985674062990953e-05 0.0023722650525931314 0.0027080691787214673 0.0019404041765191784 0.004186381065932508 0.0018262345325153362 0.0021960345586563347 -0.00048747822171675076 -0.00053050399455918348 -0.00049857908230829806 -0.00076616955457793005 0.006077785008331971 -0.00049622045428573513 -0.00049622045428573513 -0.00041292466397012102 0.00073095251204758911 -0.0007139878973653987 0.00049559116785562391 -0.00081247874579635235 0.0016957658024937261 -1.9143859970664063e-05 -0.0029178272859529289 -0.0073127092726263665 0.0021246791458206073 -0.0010853866186395611
leaf_weight=2121 941 9666 447 146 481 20431 1129 779 679 408 2446 745 2979 1143 503 714 129 352 1445 856 3226 711 843 1630 696 399 613 80 463 852
leaf_count=2121 941 9666 447 146 481 20431 1129 779 679 408 2446 745 2979 1143 503 714 129 352 1445 856 3226 711 843 1630 696 399 613 80 463 852
internal_value=5.08113e-05 -0.00327708 0.0177762 0.0110502 -0.0132682 -0.000615189 0.00122394 0.00814793 0.031988 0.000113499 0.0289741 0.00750458 -0.00834476 -0.0181038 -0.019647 -0.00400914 -0.000243177 -0.0230623 -0.0205229 -0.0129431 0.00528523 -0.00848066 -0.00265685 -0.0123402 0.0156419 -0.012605 -0.0117805 0.0188945 0.0104927 0.0025428
internal_weight=58053 48880 9173 5737 10279 38601 25037 3456 825 21581 3436 4912 5100 5179 4698 13564 21173 3156 2653 1208 4167 3898 1557 2341 1475 1542 742 990 543 1981
internal_count=58053 48880 9173 5737 10279 38601 25037 3456 825 21581 3436 4912 5100 5179 4698 13564 21173 3156 2653 1208 4167 3898 1557 2341 1475 1542 742 990 543 1981
is_linear=0
shrinkage=0.05


Tree=61
num_leaves=31
num_cat=0
split_feature=3 3 3 10 9 7 15 2 11 12 10 9 8 8 15 10 11 12 6 6 12 6 14 6 7 3 7 10 12 15
split_gain=1288.43 456.695 251.316 176.999 128.264 99.7871 72.78 58.8099 55.4948 51.7331 50.9065 48.4897 47.7344 49.7689 57.2298 55.3069 114.48 60.173 44.4067 44.1127 39.7251 39.0542 37.5219 37.06 36.9763 35.4878 34.3225 36.7574 33.3884 33.2533
threshold=10.491462707519533 3.0527968406677251 12.461795806884767 0.9238443672657014 4.5750000476837167 -0.7360914647579192 75.500000000000014 14.500000000000002 3.2500000000000004 0.0087262028828263612 0.9238443672657014 14.284999847412111 0.99805629253387462 0.97653719782829296 40.500000000000007 0.94260558485984813 8.3499999046325701 0.56638467311859142 957.45001220703136 956.95001220703136 0.2503704726696015 959.45001220703136 6.7349998950958261 940.64999389648449 -0.38713158667087549 2.6820437908172612 0.63303324580192577 0.93038213253021251 -0.49240480363368982 83.500000000000014
decision_type=2 2 2 2 8 2 2 2 2 2 2 8 2 2 2 2 2 2 2 2 2 2 10 2 2 2 2 2 2 2
left_child=1 5 3 20 6 23 18 25 -6 -5 11 -4 13 15 -15 -10 19 -18 -3 22 21 -2 -17 -1 -19 -7 27 28 -20 -16
right_child=2 4 10 9 8 7 -8 -9 12 -11 -12 -13 -14 14 29 16 17 24 26 -21 -22 -23 -24 -25 -26 -27 -28 -29 -30 -31
leaf_value=-0.0006832821764803798 0.001311662117940743 -0.00038284193822623398 0.0015810294395814384 -0.0011701934861564291 -0.00063812031793880413 -0.00047140943157144828 -0.00055199652461150541 -0.00047116887723206368 0.00021194935680461625 0.0019579112303630074 0.0018194578981309607 0.0021176657934143086 0.0029819569455374591 -0.0036024230692239668 0.0012701368925297455 7.844748882456232e-05 0.0026765749314164367 0.0038127248170992897 0.001006027535344512 0.0025941783569341731 -0.00029758381416283288 0.0020342145879930942 -0.0043816285773123215 -0.00011312106035776034 -0.0037102123900443294 -0.00052796090604974994 -0.00066442057545971307 0.0047971343074364519 -0.0010992678973947478 -0.0040714142744147416
leaf_weight=326 1880 6221 1777 106 4601 1719 881 4500 21822 1094 737 882 586 569 666 1290 1119 261 154 690 1370 563 417 1845 156 524 770 130 330 122
leaf_count=326 1880 6221 1777 106 4601 1719 881 4500 21822 1094 737 882 586 569 666 1290 1119 261 154 690 1370 563 417 1845 156 524 770 130 330 122
internal_value=4.8182e-05 -0.00301485 0.0181424 0.0110104 -0.000773474 -0.0132638 -0.0062419 -0.0162641 0.000664004 0.0277178 0.0286386 0.0253191 0.00150886 0.0012022 -0.00811307 0.00169449 0.0071483 0.0177807 -0.00465834 0.00031224 0.00572289 0.0095384 -0.00400117 -0.00392923 0.00154028 -0.022887 -0.012743 -0.00387722 -0.0102249 0.000630517
internal_weight=58108 49699 8409 5013 40785 8914 8486 6743 32299 1200 3396 2659 27698 27112 1357 25755 3933 1536 7605 2397 3813 2443 1707 2171 417 2243 1384 614 484 788
internal_count=58108 49699 8409 5013 40785 8914 8486 6743 32299 1200 3396 2659 27698 27112 1357 25755 3933 1536 7605 2397 3813 2443 1707 2171 417 2243 1384 614 484 788
is_linear=0
shrinkage=0.05


Tree=62
num_leaves=31
num_cat=0
split_feature=3 5 3 10 5 12 10 11 12 4 8 8 12 9 8 12 15 7 5 7 12 7 12 12 7 11 9 7 8 8
split_gain=1269.45 482.249 237.737 165.65 91.3066 85.8183 85.7941 81.1956 70.9832 56.9055 51.9009 98.5616 50.128 50.1174 48.7449 53.1662 46.6588 46.1061 45.5146 43.5698 43.4657 41.8534 39.1236 38.7668 81.2411 37.2262 37.048 48.6654 42.0392 48.8421
threshold=10.491462707519533 2.0049999952316289 12.461795806884767 0.9170251488685609 3.9616667032241826 -0.16504132002592084 0.90992662310600292 8.3499999046325701 0.39873388409614569 8.1050000190734881 -0.97653719782829274 -0.98902499675750721 -0.026175950653851029 4.0250000953674325 -0.49316181242465967 -0.25037047266960138 25.500000000000004 -0.97415921092033375 1.4583333730697634 -0.92772412300109852 -0.14780378341674802 -0.036512531340122216 0.44618082046508795 0.56638467311859142 -0.41079147160053248 12.84999990463257 10.404999732971193 0.58534687757492077 -0.61794704198837269 -0.98902499675750721
decision_type=2 2 2 2 2 2 2 2 2 2 2 2 2 10 2 2 2 2 2 2 2 2 2 2 2 2 8 2 2 2
left_child=1 5 3 22 8 18 10 16 26 -4 11 -6 -5 19 15 -12 -8 -10 -1 -7 -18 25 -2 -9 -25 -11 28 -28 29 -3
right_child=2 4 9 12 6 13 7 23 17 21 14 -13 -14 -15 -16 -17 20 -19 -20 -21 -22 -23 -24 24 -26 -27 27 -29 -30 -31
leaf_value=-0.00046728293688517476 0.0014011882185234221 -0.0010914412431471605 0.0018102384705456914 -0.0019440551175832822 -0.00056843078013454754 -0.00010776450351914266 -0.0038271800511924872 0.0025192033959057949 0.0015237763616836768 -0.00012941003361551794 0.0016745307828025802 0.012453273589020394 0.0019058582153762939 -0.0004130495810415182 0.00045108902434190247 -0.0026684839754303248 -0.0042556780381618354 -0.0006955465173772501 -0.00044531885187219512 -0.00044783895999287587 0.0022092828595709213 0.0016762762106755482 -0.0033738587063977727 0.0053243671954414876 -0.0034250770735046844 0.0015685563842394723 -5.3028173264635386e-06 0.0047269679984425651 -0.00055258689504427588 0.0010713629584085005
leaf_weight=2156 3218 861 976 90 472 320 398 1690 360 132 1097 366 1251 850 7883 2335 171 5287 3137 4122 2127 1628 420 473 432 665 607 363 9980 4113
leaf_count=2156 3218 861 976 90 472 320 398 1690 360 132 1097 366 1251 850 7883 2335 171 5287 3137 4122 2127 1628 420 473 432 665 607 363 9980 4113
internal_value=0.000110373 -0.00293116 0.0181038 0.0111256 -0.000362635 -0.0123938 0.00232678 0.00763784 -0.00253754 0.0282883 1.23376e-05 0.011981 0.0261144 -0.0168964 -0.000878975 -0.00584812 0.00155498 -0.00735138 -0.00788033 -0.0190241 0.00429874 0.0324074 0.00557233 0.0139423 0.00554945 0.0227556 -0.000828677 0.00861538 -0.00144395 0.0023097
internal_weight=57980 49600 8380 4979 39015 10585 17444 5291 21571 3401 12153 838 1341 5292 11315 3432 2696 5647 5293 4442 2298 2425 3638 2595 905 797 15924 970 14954 4974
internal_count=57980 49600 8380 4979 39015 10585 17444 5291 21571 3401 12153 838 1341 5292 11315 3432 2696 5647 5293 4442 2298 2425 3638 2595 905 797 15924 970 14954 4974
is_linear=0
shrinkage=0.05


Tree=63
num_leaves=31
num_cat=0
split_feature=3 4 4 6 10 3 12 6 10 7 13 3 15 3 8 11 6 12 7 11 8 3 10 7 15 15 6 15 7 7
split_gain=1251.7 452.579 207.565 157.545 118.012 91.7113 70.758 62.6782 69.9144 57.222 56.0573 55.3833 52.0953 50.82 49.1726 48.2378 44.0781 42.0105 39.86 38.49 36.158 35.7211 35.111 33.938 32.9374 32.0501 39.2116 31.0075 30.8692 48.0127
threshold=10.836288452148439 2.1350001096725468 8.7349996566772479 952.35000610351574 0.9170251488685609 8.3795862197875994 -0.16504132002592084 948.75000000000011 0.94260558485984813 -0.464854747056961 1.0000000180025095e-35 12.461795806884767 33.500000000000007 2.5164715051651005 0.96527305245399486 2.8500000238418584 954.54998779296886 -0.50751903653144825 -0.98134601116180409 7.5499999523162851 0.090250775218009963 2.6383464336395268 -0.74892720580101002 0.97697007656097423 79.500000000000014 41.500000000000007 959.54998779296886 34.500000000000007 -0.1985165476799011 -0.97789707779884327
decision_type=2 2 2 2 2 2 2 2 2 2 2 2 2 2 2 2 2 2 2 2 2 2 2 2 2 2 2 2 2 2
left_child=1 3 4 10 11 21 15 18 17 -4 12 -2 -1 27 -6 -5 19 -9 -7 -10 25 -3 -12 -22 -17 26 -15 -8 29 -24
right_child=2 5 9 6 14 7 13 8 16 -11 22 -13 -14 20 -16 24 -18 -19 -20 -21 23 -23 28 -25 -26 -27 -28 -29 -30 -31
leaf_value=-0.00035859194739934871 0.001065949034327901 -0.00044551763469146462 0.0017812549635735919 -0.00047756712462276066 0.0017591289078627171 0.0039222243205557826 -0.00042521848537081677 0.0047608113832740273 -0.0029168066430711849 0.0015141424766010382 -0.00054068356302328167 0.001675759420800102 0.0012139810654150061 -0.00045827783195421888 0.00071243840218491181 -9.786302692194309e-05 0.0019046638862769113 0.001017065434953729 -0.0023505595788074238 0.0014340856473638421 -0.00052450419108365863 -0.00023037924420959491 -0.0010467034278595195 -0.00058355468446293101 -0.00098911972485146672 -0.00015191836048101954 -0.00059051809077538357 -0.00042544508600979026 -0.00048296674114566858 0.00081571051374448693
leaf_weight=2087 2670 821 395 1267 1026 332 430 784 193 1711 2310 1340 1106 278 175 1366 678 6240 1768 413 1317 25229 193 194 230 791 125 1294 446 730
leaf_count=2087 2670 821 395 1267 1026 332 430 784 193 1711 2310 1340 1106 278 175 1366 678 6240 1768 413 1317 25229 193 194 230 791 125 1294 446 730
internal_value=-1.81209e-05 -0.00281273 0.0193048 -0.0103959 0.0139283 0.000134383 -0.0155132 0.00410064 0.00605076 0.0325438 -0.00495856 0.00978829 -0.000109443 -0.0194745 0.0276534 -0.00936192 0.0167572 0.00408308 -0.00361045 0.00687398 -0.0151476 -0.00145078 -0.00916124 -0.0202836 -0.00356027 -0.00859049 -0.0199755 -0.0262001 -0.00280204 0.00242457
internal_weight=57939 50622 7317 14164 5211 36458 7292 10408 8308 2106 6872 4010 3193 4429 1201 2863 1284 7024 2100 606 2705 26050 3679 1511 1596 1194 403 1724 1369 923
internal_count=57939 50622 7317 14164 5211 36458 7292 10408 8308 2106 6872 4010 3193 4429 1201 2863 1284 7024 2100 606 2705 26050 3679 1511 1596 1194 403 1724 1369 923
is_linear=0
shrinkage=0.05


Tree=64
num_leaves=31
num_cat=0
split_feature=3 5 4 3 6 3 15 8 8 7 3 12 11 7 15 7 6 8 15 9 11 6 6 7 4 8 15 6 8 6
split_gain=1194.35 457.676 215.972 96.9133 92.2354 82.3655 85.2772 60.5923 60.942 54.8124 51.6078 51.5869 50.0562 47.7177 71.1987 49.3156 43.8559 43.6939 49.5113 42.2244 40.5965 38.8585 38.4388 37.5239 36.9756 35.984 46.0664 35.9779 34.5148 33.2502
threshold=10.836288452148439 2.0049999952316289 8.7349996566772479 8.8494811058044451 964.35000610351574 2.1336435079574589 75.500000000000014 -0.20061247795820233 -0.064414007589220987 -0.464854747056961 12.461795806884767 -0.80382624268531788 9.6500000953674334 0.88234141469001781 41.500000000000007 0.86133140325546276 948.45001220703136 0.021515898406505588 83.500000000000014 4.5750000476837167 5.1499998569488534 973.35000610351574 954.25000000000011 0.49128657579422003 2.2050000429153447 0.82072415947914135 58.500000000000007 952.04998779296886 1.0000000180025095e-35 951.14999389648449
decision_type=2 2 2 2 2 2 2 2 2 2 2 2 2 2 2 2 2 2 2 10 2 2 2 2 2 2 2 2 2 2
left_child=1 5 4 13 7 27 11 10 -9 -4 29 -7 -10 15 -15 19 -5 18 -16 22 -17 -19 23 -3 -24 -26 -27 -1 -8 -2
right_child=2 3 9 16 -6 6 28 8 12 -11 -12 -13 -14 14 17 20 -18 21 -20 -21 -22 -23 24 -25 25 26 -28 -29 -30 -31
leaf_value=-0.00043931779146418157 -0.00071981372731777515 -0.00031647779889627841 0.0017692029364194007 -0.00087508894457150044 0.0016884940243501014 0.00027571376426732984 -0.0004094116354811847 -0.0047863259704533923 -0.00066179099931174554 0.0014384353527709837 0.0017405036045398615 -0.00041851851310130834 0.0014365773974741925 -0.0025637424409915895 -0.00060770337884099722 0.004513730857241308 0.0014906088572946121 -0.0014016222469186422 0.0031335871812431175 6.177524582610811e-05 -0.0007766228090788273 0.0079714694224984443 -0.00070530232369280649 0.0018791176247076832 0.00042347327170936812 -0.00018605005552533254 -0.0018855414916106262 -0.00040417283170930077 -0.00042356714379334325 0.0016775646520834242
leaf_weight=1442 345 5127 408 1517 725 1284 278 259 767 1694 658 4795 1451 240 1663 245 6757 1952 247 19359 148 84 1138 288 867 306 220 1923 861 961
leaf_count=1442 345 5127 408 1517 725 1284 278 259 767 1694 658 4795 1451 240 1663 245 6757 1952 247 19359 148 84 1138 288 867 306 220 1923 861 961
internal_value=1.12042e-05 -0.00270465 0.0189605 -0.000266414 0.0134403 -0.0119522 -0.00892981 0.0107175 0.0054996 0.0324632 0.0172676 -0.0065664 0.00818713 -0.00151776 -0.0064901 -0.00076526 0.00455369 -0.00485953 0.000574413 -0.00101977 0.0167085 -0.0099461 -0.00408754 -0.00170664 -0.00916798 -0.00368383 -0.013936 -0.0184125 -0.0214598 0.0114416
internal_weight=58009 50741 7268 40158 5166 10583 7218 4441 2477 2102 1964 6079 2218 31884 4186 27698 8274 3946 1910 27305 393 2036 7946 5415 2531 1393 526 3365 1139 1306
internal_count=58009 50741 7268 40158 5166 10583 7218 4441 2477 2102 1964 6079 2218 31884 4186 27698 8274 3946 1910 27305 393 2036 7946 5415 2531 1393 526 3365 1139 1306
is_linear=0
shrinkage=0.05


Tree=65
num_leaves=31
num_cat=0
split_feature=4 3 3 10 3 12 11 6 3 7 10 8 9 6 4 7 11 6 7 7 7 15 6 12 4 12 8 8 8 8
split_gain=1149.4 393.271 289.536 115.711 89.9393 81.329 72.7776 67.6421 51.1287 50.9745 51.5332 43.4863 42.9584 56.1703 39.99 38.6256 43.1512 36.4328 74.4993 57.4217 50.4776 60.5884 52.0377 74.8318 47.7383 44.7001 59.7963 43.4255 43.2963 45.0784
threshold=6.9649999141693124 3.5574620962142949 12.461795806884767 0.94260558485984813 1.7241498827934267 -0.061046212911605828 3.2500000000000004 950.85000610351574 10.836288452148439 -0.7360914647579192 -0.19936034083366391 0.24284747242927554 4.4749999046325692 951.85000610351574 8.1050000190734881 -0.036512531340122216 12.84999990463257 947.25000000000011 -0.05368517339229583 -0.97789707779884327 0.88234141469001781 36.500000000000007 960.75000000000011 -0.11319890245795249 6.1250000000000009 -0.53727915883064259 -0.30041381716728205 -0.22162339836359021 0.95943385362625133 0.9919724464416505
decision_type=2 2 2 2 2 2 2 2 2 2 2 2 8 2 2 2 2 2 2 2 2 2 2 2 2 2 2 2 2 2
left_child=1 4 3 7 -1 -5 -3 -2 -7 10 -6 -9 13 -8 -4 16 -16 18 19 -14 28 -22 23 27 25 26 -24 -23 -19 -30
right_child=2 6 14 5 9 8 12 11 -10 -11 -12 -13 17 -15 15 -17 -18 20 -20 -21 21 22 24 -25 -26 -27 -28 -29 29 -31
leaf_value=-0.00038396611610727762 -0.0010576132395361038 -0.0005579835624724284 0.0015480620222630026 -0.0071195425724074396 -0.00048009654525556016 0.0012848225991516028 7.7544780076533454e-05 0.0016715934142638113 0.0015637975611433375 -0.0003867447145161812 0.00056030359891112908 0.00057896476221571682 0.0015889264418191837 -0.001083930085712756 -0.00019316573509085556 0.0014498468389929076 0.0013328983915649739 0.0012539633364202171 0.0088786757992084971 -0.0017798461976773637 -0.004232657038285308 0.0014371202532879282 -0.0055116627347046605 -0.0002279642518776437 0.0038531036975000769 -0.00074910608093347946 0.0064863490003214041 -0.0041317690870389459 -0.0019754586960847439 0.0011298656243874162
leaf_weight=2067 1491 5256 834 104 1521 998 2736 1483 546 7558 968 1245 1211 1795 132 1613 660 14525 431 3997 139 149 82 1777 387 1200 282 536 1190 975
leaf_count=2067 1491 5256 834 104 1521 998 2736 1483 546 7558 968 1245 1211 1795 132 1613 660 14525 431 3997 139 149 82 1777 387 1200 282 536 1190 975
internal_value=5.18197e-05 -0.0029926 0.0163539 0.0097156 -0.0108012 0.0209316 -0.000411747 0.00531487 0.0238218 -0.00883904 -0.0026263 0.00998902 0.000499729 -0.00400132 0.0283446 0.031639 0.0223338 0.00125902 -0.00231219 -0.00397084 0.00220737 -0.00245776 -0.00141467 -0.0062424 0.00467791 0.000764818 0.0159892 -0.0202174 0.00348008 -0.0031106
internal_weight=57888 48782 9106 5867 12114 1648 36668 4219 1544 10047 2489 2728 31412 4531 3239 2405 792 26881 5639 5208 21242 4552 4413 2462 1951 1564 364 685 16690 2165
internal_count=57888 48782 9106 5867 12114 1648 36668 4219 1544 10047 2489 2728 31412 4531 3239 2405 792 26881 5639 5208 21242 4552 4413 2462 1951 1564 364 685 16690 2165
is_linear=0
shrinkage=0.05


Tree=66
num_leaves=31
num_cat=0
split_feature=3 5 3 10 5 2 10 7 7 8 4 15 3 12 8 8 10 15 15 12 13 7 15 7 6 13 12 15 8 7
split_gain=1171.41 418.106 240.445 163.959 92.7783 85.8408 74.8555 66.9468 60.4361 62.0121 60.3402 58.4796 50.5657 48.0263 43.7935 42.7385 48.8865 46.1328 42.6259 41.2644 41.2279 37.7476 37.3212 36.0825 35.0955 38.7945 34.7571 34.567 32.9046 32.3169
threshold=10.491462707519533 2.0049999952316289 12.461795806884767 0.94828754663467418 3.2516666650772099 41.500000000000007 0.94828754663467418 0.35120280086994177 -0.06227870658040046 1.0000000180025095e-35 8.1050000190734881 46.500000000000007 2.7187439203262334 0.38266885280609136 0.99805629253387462 0.95943385362625133 0.9238443672657014 80.500000000000014 60.500000000000007 0.026175950653851036 0.12940952181816109 0.98805528879165661 41.500000000000007 -0.464854747056961 962.64999389648449 0.12940952181816109 -0.07845610752701758 64.500000000000014 -0.84680011868476857 0.98372149467468273
decision_type=2 2 2 2 2 2 2 2 2 2 2 2 2 2 2 2 2 2 2 2 2 2 2 2 2 2 2 2 2 2
left_child=1 5 3 24 13 8 14 26 11 12 29 -1 18 -3 15 -6 17 22 -10 -5 27 -14 -17 -12 28 -26 -8 -9 -2 -4
right_child=2 4 10 19 6 -7 7 20 9 -11 23 -13 21 -15 -16 16 -18 -19 -20 -21 -22 -23 -24 -25 25 -27 -28 -29 -30 -31
leaf_value=-0.00040178918968818356 0.0013335441119687208 -0.00030297975976243676 0.0015436796539181341 0.0001252600357680267 0.00018883463967487302 -7.2022118094131936e-05 -0.0025039057196953973 0.0039283714495299193 -0.00036476781030191384 -0.00036971315496115331 0.0016783354496318625 0.00032086721477351431 -0.00038483441294996667 -0.00053716995086130191 0.0039775225413638485 -0.0024289674114068779 -0.0050848481419999321 -0.0065711021540166385 -0.00025090567412959058 0.0014902999587273619 -0.00020242034157627321 0.0011974561918047858 0.0028243105984123301 0.0012940212431827858 0.0022166811934246134 0.00074473051196201627 0.0013175475821159454 -0.0013310805102844494 0.0004682798576280789 -0.0011306143308736471
leaf_weight=3141 814 10425 823 96 19417 1565 468 572 1006 2256 295 980 1099 3934 411 408 244 134 438 614 147 127 571 2131 330 332 2130 89 2788 161
leaf_count=3141 814 10425 823 96 19417 1565 468 572 1006 2256 295 980 1099 3934 411 408 244 134 438 614 147 127 571 2131 330 332 2130 89 2788 161
internal_value=0.00017256 -0.00275183 0.0174514 0.0104238 -0.000354255 -0.0115475 0.00151041 0.00838464 -0.0134169 -0.0171568 0.027672 -0.00893117 -0.0119626 -0.00354706 0.000403492 8.18134e-05 -0.00848018 -0.00398032 -0.0182885 0.0325874 0.0209102 -0.00446791 -0.000152439 0.031921 0.00669946 0.0172414 0.0044564 0.0262012 0.00474078 0.017088
internal_weight=57946 49562 8384 4974 38950 10612 24591 3406 9047 4926 3410 4121 2670 14359 21185 20774 1357 1113 1444 710 808 1226 979 2426 4264 662 2598 661 3602 984
internal_count=57946 49562 8384 4974 38950 10612 24591 3406 9047 4926 3410 4121 2670 14359 21185 20774 1357 1113 1444 710 808 1226 979 2426 4264 662 2598 661 3602 984
is_linear=0
shrinkage=0.05


Tree=67
num_leaves=31
num_cat=0
split_feature=3 5 4 10 3 15 3 7 3 10 11 7 10 6 15 8 9 7 8 11 2 8 6 7 10 6 8 8 15 10
split_gain=1107.2 383.482 236.37 129.607 74.9419 78.3083 73.288 61.3573 49.4249 48.0195 47.1665 47.8684 46.1852 42.9623 75.1462 96.568 45.9415 41.6446 39.3699 37.1239 37.0713 35.7618 31.1162 30.9641 40.203 44.2484 62.4044 34.4258 30.9421 39.6241
threshold=10.491462707519533 2.0049999952316289 8.7349996566772479 0.9238443672657014 2.1336435079574589 75.500000000000014 7.0910170078277597 -0.464854747056961 12.461795806884767 0.94260558485984813 8.3499999046325701 0.36724525690078741 -0.95878320932388295 954.75000000000011 38.500000000000007 0.090250775218009963 6.9149999618530282 -0.92772412300109852 0.96527305245399486 4.3500001430511483 29.500000000000004 0.99805629253387462 961.54998779296886 0.96906387805938732 0.89490029215812694 959.85000610351574 0.82072415947914135 0.92034584283828746 13.500000000000002 0.74892720580101024
decision_type=2 2 2 2 2 2 2 2 2 2 2 2 2 2 2 2 10 2 2 2 2 2 2 2 2 2 2 2 2 2
left_child=1 4 3 8 17 12 13 -4 -2 21 -11 -12 19 28 22 -16 23 20 -5 -6 -1 -8 -15 24 25 -17 -27 -28 29 -3
right_child=2 6 7 18 5 -7 9 -9 -10 10 11 -13 -14 14 15 16 -18 -19 -20 -21 -22 -23 -24 -25 -26 26 27 -29 -30 -31
leaf_value=-0.00053610428273197805 0.0010013119871668753 -0.0014620361442636968 0.0015008429586320705 0.0014209884364073527 -0.00045251895062821716 -0.00035626857001304655 0.00019202590016485362 0.0012293201810236465 0.0012700664287019353 0.00030540009017996641 0.0011268234540892958 0.0020620176458904238 -0.00026711968448234896 -0.00087708364705124599 0.00089463291951966985 -0.0018106972800978575 0.00057238711427305201 -0.00034638856388293106 0.00071581705233530752 0.00050937143683626822 0.0013595203655924753 0.004891026128090903 -0.0013912504369641592 -0.0016485071632658989 -0.00013321847371597362 0.00074389729089272688 -0.0017121940318361813 -0.00092324541553731381 -3.9965882819894412e-05 0.0015617894682687301
leaf_weight=226 3599 510 435 1146 1515 1127 13500 1729 1376 1296 984 383 4344 1645 2703 748 662 3018 186 212 131 246 248 253 807 444 125 107 13972 232
leaf_count=226 3599 510 435 1146 1515 1127 13500 1729 1376 1296 984 383 4344 1645 2703 748 662 3018 186 212 131 246 248 253 807 444 125 107 13972 232
internal_value=3.88507e-05 -0.00282345 0.0167355 0.0118267 -0.0112639 -0.00837151 -0.000526113 0.030982 0.00810241 0.00201353 0.00815217 0.0146137 -0.00611422 -0.00238191 -0.00539564 -0.00258797 -0.00853697 -0.0174112 0.0256545 -0.0130196 -0.00124309 0.000821758 -0.0140411 -0.0116513 -0.00972719 -0.0147656 -0.00543319 -0.0261603 -0.000794891 -0.0107095
internal_weight=57909 49438 8471 6307 10573 7198 38865 2164 4975 16409 2663 1367 6071 22456 7742 5849 3146 3375 1332 1727 357 13746 1893 2484 2231 1424 676 232 14714 742
internal_count=57909 49438 8471 6307 10573 7198 38865 2164 4975 16409 2663 1367 6071 22456 7742 5849 3146 3375 1332 1727 357 13746 1893 2484 2231 1424 676 232 14714 742
is_linear=0
shrinkage=0.05


Tree=68
num_leaves=31
num_cat=0
split_feature=3 5 4 10 3 12 7 13 10 6 12 5 6 4 13 7 6 11 13 12 8 6 10 11 12 6 6 6 7 6
split_gain=1073.66 395.303 204.586 107.585 84.3077 79.0196 63.035 48.1466 45.0592 60.1728 46.9747 45.0012 44.7456 74.4776 67.4644 53.3621 42.6758 41.707 43.9021 41.5302 39.4877 37.0819 36.6791 74.2969 35.8859 43.5793 38.7341 35.6974 35.2621 34.6768
threshold=10.920272350311281 1.985000014305115 8.7349996566772479 0.9170251488685609 8.0372309684753436 -0.16504132002592084 -0.17316619306802747 -0.7865660786628722 0.94260558485984813 954.45001220703136 0.061046212911605842 1.4583333730697634 954.25000000000011 1.8049999475479128 1.0000000180025095e-35 -0.15621076524257657 953.45001220703136 8.9499998092651385 -0.6035533845424651 0.55191597342491161 0.96527305245399486 939.64999389648449 -0.92384436726570118 8.9499998092651385 0.30069434642791754 941.04998779296886 946.14999389648449 958.75000000000011 -0.10508767142891882 959.75000000000011
decision_type=2 2 2 2 2 2 2 2 2 2 2 2 2 2 2 2 2 2 2 2 2 2 2 2 2 2 2 2 2 2
left_child=1 5 3 17 12 11 -4 -7 -6 10 -10 -1 22 19 -15 27 21 18 -2 -14 -5 -9 24 -24 26 -26 -3 -16 -17 -19
right_child=2 4 6 20 8 7 -8 16 9 -11 -12 -13 13 14 15 28 -18 29 -20 -21 -22 -23 23 -25 25 -27 -28 -29 -30 -31
leaf_value=-0.00035751312230872749 0.0044416013031022775 -0.0012420240603264604 0.00096418471779430586 0.0013785049353229274 0.00072931739732995946 -0.0003134543536235153 0.0012429311053401117 -0.00054918695531049023 -0.0029774462209793324 0.0014520688542899397 0.001327942405603866 -0.00033621466518185983 -0.00059028669900482644 0.00029285347666767743 -0.0034589419722543882 0.0036930674597585103 -0.00032896272435970972 0.0010339058616902542 -0.0015804242494934563 -0.00055313474713216337 0.00067252368844218375 -0.00034283902432424905 2.5166027813137287e-05 0.0039109105913800249 0.0018625125124282849 -0.00097622809802799565 0.00037470778080874595 0.0017109588384379725 -0.00080543607240042981 0.0013538999809175696
leaf_weight=2155 183 2071 632 983 10455 818 1465 81 326 845 875 3026 888 5058 382 84 2597 2153 853 335 169 1656 8459 1372 125 1372 3945 98 3922 616
leaf_count=2155 183 2071 632 983 10455 818 1465 81 326 845 875 3026 888 5058 382 84 2597 2153 853 335 169 1656 8459 1372 125 1372 3945 98 3922 616
internal_value=0.000112923 -0.00241904 0.0183879 0.0128275 -0.000196962 -0.0111482 0.03147 -0.0155323 0.00321846 0.00999512 0.00277778 -0.00677786 -0.0017161 -0.00424712 -0.00275422 -0.00721443 -0.0176308 0.00875328 0.000192123 -0.0158388 0.0261884 -0.0115098 -0.000144101 0.0018656 -0.00277334 -0.00968708 -0.00104634 -0.0228866 -0.0053104 0.0119503
internal_weight=57999 50945 7054 4957 40612 10333 2097 5152 12501 2046 1201 5181 28111 10767 9544 4486 4334 3805 1036 1223 1152 1737 17344 9831 7513 1497 6016 480 4006 2769
internal_count=57999 50945 7054 4957 40612 10333 2097 5152 12501 2046 1201 5181 28111 10767 9544 4486 4334 3805 1036 1223 1152 1737 17344 9831 7513 1497 6016 480 4006 2769
is_linear=0
shrinkage=0.05


Tree=69
num_leaves=31
num_cat=0
split_feature=3 5 4 10 6 9 9 10 7 6 8 4 15 8 6 7 7 8 7 8 8 6 8 6 8 7 8 6 15 14
split_gain=1013.55 363.348 207.686 99.1747 94.3404 86.0631 71.4399 58.1904 57.4785 57.3403 81.4894 67.4405 70.7776 60.5631 56.6818 55.3229 79.9185 69.5422 53.629 63.751 48.5967 46.8141 43.8453 43.1841 45.8995 75.3781 66.6896 43.0893 40.4509 39.6061
threshold=10.836288452148439 2.2350000143051152 8.7349996566772479 0.9170251488685609 951.64999389648449 2.4550000429153447 7.1150000095367441 -0.85260769724845875 -0.464854747056961 959.25000000000011 0.88337317109107982 5.8350000381469735 82.500000000000014 0.83987808227539074 951.25000000000011 0.95760038495063793 0.99276849627494823 0.021515898406505588 -0.88436415791511525 0.090250775218009963 0.96527305245399486 947.64999389648449 -0.35321410000324244 964.85000610351574 -0.20061247795820233 0.93851706385612499 -0.064414007589220987 948.85000610351574 30.500000000000004 3.4250000715255742
decision_type=2 2 2 2 2 10 8 2 2 2 2 2 2 2 2 2 2 2 2 2 2 2 2 2 2 2 2 2 2 10
left_child=1 4 3 23 7 -6 14 27 -4 15 11 12 13 28 21 -8 -17 -18 -16 -20 -5 22 -3 24 25 -2 -26 -1 -11 -29
right_child=2 6 8 20 5 -7 9 -9 -10 10 -12 -13 -14 -15 18 16 17 -19 19 -21 -22 -23 -24 -25 26 -27 -28 29 -30 -31
leaf_value=-0.00045028472843624341 0.00089955109472401602 -0.0012045780536659185 0.001400607180881286 0.0013071495840226599 -0.00031251458814172424 -0.0003282110348159725 0.0003788459618242826 3.3947694291827472e-05 0.0011123455704246056 -0.0066969137005627498 0.0063462445191674365 0.0026307843700146441 0.0049622766036930294 -0.0048134029894486372 0.009128674834728177 -0.0043750104267311777 0.0077786703751915338 -0.0033620955608874904 -0.0002143830802306991 -0.0010403135711299601 0.00012122053017014635 0.0012299102108614445 0.00035153980088584587 0.0014260990573047557 -0.0070451186884570947 0.0020117564341946949 0.00070670731757242202 -0.00027592553955065692 -2.2249642661881926e-05 0.0049173673944915147
leaf_weight=2318 1251 2366 404 1031 3743 3896 14810 2820 1695 101 495 1637 445 97 112 675 336 183 3780 3731 181 3047 2914 350 222 359 1810 473 2400 182
leaf_count=2318 1251 2366 404 1031 3743 3896 14810 2820 1695 101 495 1637 445 97 112 675 336 183 3780 3731 181 3047 2914 350 222 359 1810 473 2400 182
internal_value=0.000198725 -0.00231677 0.017604 0.0122288 -0.00936221 -0.0130102 0.00023294 -0.00454467 0.0308698 0.00213605 0.00670849 0.00465315 0.000246063 -0.00291971 -0.00229395 0.000655881 -0.00967473 0.00505725 -0.00540771 -0.00592735 0.0247329 0.000558089 -0.0022895 0.0084063 0.00677269 0.013065 0.0017673 -0.00941907 -0.0013767 0.00189394
internal_weight=57864 50561 7303 5204 13432 7639 37129 5793 2099 21179 5175 4680 3043 2598 15950 16004 1194 519 7623 7511 1212 8327 5280 3992 3642 1610 2032 2973 2501 655
internal_count=57864 50561 7303 5204 13432 7639 37129 5793 2099 21179 5175 4680 3043 2598 15950 16004 1194 519 7623 7511 1212 8327 5280 3992 3642 1610 2032 2973 2501 655
is_linear=0
shrinkage=0.05


Tree=70
num_leaves=31
num_cat=0
split_feature=3 5 4 3 12 10 13 11 13 2 5 11 10 8 8 9 3 10 14 9 12 12 8 8 8 12 4 8 13 8
split_gain=1006.25 389.512 153.185 104.44 73.5175 70.1882 53.8603 53.4174 54.4342 48.9506 46.5693 43.6695 42.9809 42.0294 55.6321 40.3829 40.0595 38.7865 49.1761 36.0802 36.0326 33.8722 33.0547 31.9225 54.2947 31.0057 35.9397 30.6369 29.7304 36.5246
threshold=11.674191951751711 2.0049999952316289 8.1050000190734881 8.8494811058044451 -0.13052122294902799 0.89490029215812694 -0.6035533845424651 12.050000190734865 -0.37940952181816096 19.500000000000004 1.6449999809265139 8.0500001907348651 0.90992662310600292 1.0000000180025095e-35 -0.2880996018648147 4.305000066757203 2.3956258296966557 0.9238443672657014 12.465000152587892 8.9250001907348651 -0.38266885280609125 -0.13052122294902799 -0.58011069893836964 -0.20061247795820233 -0.064414007589220987 -0.33379416167736048 7.3849999904632577 -0.34918220341205591 0.37940952181816107 0.90635803341865551
decision_type=2 2 2 2 2 2 2 2 2 2 2 2 2 2 2 8 2 2 8 8 2 2 2 2 2 2 2 2 2 2
left_child=1 4 12 15 9 25 -6 8 21 -1 -11 -4 20 14 16 -3 -8 18 -13 -10 -2 -7 -23 27 -25 26 -5 -22 -17 -30
right_child=2 3 11 5 6 7 13 -9 19 10 -12 17 -14 -15 -16 28 -18 -19 -20 -21 23 22 -24 24 -26 -27 -28 -29 29 -31
leaf_value=-0.00038561840625149762 0.0019675001919000623 -0.00036220558400954124 -9.7659066893959767e-05 0.0027906127316604246 -0.00029329151590425497 -0.001873749785586837 -0.00029713612596759999 0.001236180183146013 -0.010160132669395508 -0.00031577494919892909 0.00036089710429773901 0.00087433178290208247 0.0012165649690951575 -0.00030739372012641086 0.00052323405050651501 0.00025327723032473676 -0.00028894111607500049 0.0012117435155854395 0.0010931643065155816 0.00076726482562656248 0.00042968495008817724 0.0011725327242979424 0.0033442823051661966 -0.0080672783165066687 0.00070046036644941809 -0.00022013771923575789 -0.0045927056562460825 0.0027847842820245081 -0.00084985477732532958 0.0012909736068677153
leaf_weight=1839 245 6837 118 1472 1163 85 1052 601 89 2024 1580 684 478 1736 226 16344 967 753 1364 2433 424 310 643 126 652 4630 210 148 7328 1370
leaf_count=1839 245 6837 118 1472 1163 85 1052 601 89 2024 1580 684 478 1736 226 16344 967 753 1364 2433 424 310 643 126 652 4630 210 148 7328 1370
internal_value=0.000125138 -0.00189918 0.0215729 0.000245532 -0.0104749 0.00457626 -0.0147601 0.00961354 0.00726508 -0.0064152 -0.00302023 0.0289501 0.0111405 -0.0175238 -0.0129556 -0.00117771 -0.0155879 0.0302031 0.0264978 0.00328453 0.00715625 0.0168744 0.019572 0.00391144 -0.00268199 0.00125059 0.00705394 0.012825 -0.000247535 -0.0026083
internal_weight=57931 52939 4992 42352 10587 10473 5144 4161 3560 5443 3604 2919 2073 3981 2245 31879 2019 2801 2048 2522 1595 1038 953 1350 778 6312 1682 572 25042 8698
internal_count=57931 52939 4992 42352 10587 10473 5144 4161 3560 5443 3604 2919 2073 3981 2245 31879 2019 2801 2048 2522 1595 1038 953 1350 778 6312 1682 572 25042 8698
is_linear=0
shrinkage=0.05


Tree=71
num_leaves=31
num_cat=0
split_feature=4 5 4 12 4 7 7 8 13 7 15 13 13 10 13 12 7 9 8 11 9 8 15 5 7 8 8 7 8 12
split_gain=986.225 372.675 229.993 85.9821 80.2545 67.5165 59.7835 68.2808 66.2698 55.5019 55.4622 51.7234 49.7167 42.9629 89.204 53.8433 46.6948 43.0079 42.3772 44.3272 40.4003 38.7803 49.5979 41.7107 39.3613 38.7243 102.297 66.4964 47.8142 110.867
threshold=7.1649999618530282 1.985000014305115 8.7349996566772479 -0.16504132002592084 5.7249999046325692 0.88234141469001781 -0.070841956883668886 0.97745609283447277 0.12940952181816109 -0.464854747056961 35.500000000000007 -1.0000000180025095e-35 -0.7865660786628722 0.87032255530357372 -0.37940952181816096 -0.3172925859689712 0.9600123167037965 10.034999847412111 0.91172525286674511 10.750000000000002 8.4949998855590838 1.0000000180025095e-35 37.500000000000007 1.1416666507720949 0.066572044044733061 -0.99351876974105824 -0.97653719782829274 -0.045113071799278252 -0.89706552028655995 -0.49240480363368982
decision_type=2 2 2 2 2 2 2 2 2 2 2 2 2 2 2 2 2 10 2 2 10 2 2 2 2 2 2 2 2 2
left_child=1 3 6 -1 5 25 7 11 -8 -4 -7 -2 -5 15 -15 17 20 -6 19 -10 -16 22 -14 -24 -23 27 -27 -3 29 -28
right_child=2 4 9 12 13 10 8 -9 18 -11 -12 -13 21 14 16 -17 -18 -19 -20 -21 -22 24 23 -25 -26 26 28 -29 -30 -31
leaf_value=-0.00030701472692088626 -0.00019087260457742173 -0.0025587868744692075 0.0014269868150147136 -0.00029077795772933289 -0.00047734929456159648 -0.0033263197751379654 0.0012001895727859924 -0.0070065972283493323 -0.00035800435487519659 0.0010021479582400295 -0.00084657716862129341 0.0013885566306244157 -0.00029087009224510569 0.003612884792067764 0.00366555434371319 -0.00098142110805480849 0.00607740603417043 0.002997981728416069 0.0012680494028475932 0.00083053081290662136 -0.00077848526706812422 -0.00030365582779464176 -0.00028227931966921994 -9.659388012870241e-05 -0.00028151917272831764 0.0034691742748848113 0.0044825403754827188 -0.00029616411966995815 -2.9008554107602671e-05 -0.0013159241168563046
leaf_weight=5169 1058 361 473 811 643 142 1670 151 927 1800 4466 1086 1101 1326 502 2829 409 796 311 491 2471 724 333 983 1196 1172 536 770 21287 1872
leaf_count=5169 1058 361 473 811 643 142 1670 151 927 1800 4466 1086 1101 1326 502 2829 409 796 311 491 2471 724 333 983 1196 1172 536 770 21287 1872
internal_value=2.07358e-05 -0.00258797 0.016351 -0.0110492 -0.000381438 -0.00160073 0.0109668 0.00471739 0.0151733 0.0297849 -0.00717537 0.00702652 -0.015622 0.00377464 0.00706556 0.000140417 0.00274579 0.00799861 0.00827566 0.00456781 0.000554063 -0.0177453 -0.0134806 -0.00688872 -0.0230649 -0.000611468 -0.000199019 -0.00963908 -0.000913502 -0.00758392
internal_weight=57866 49899 7967 10317 39582 30606 5694 2295 3399 2273 4608 2144 5148 8976 4708 4268 3382 1439 1729 1418 2973 4337 2417 1316 1920 25998 24867 1131 23695 2408
internal_count=57866 49899 7967 10317 39582 30606 5694 2295 3399 2273 4608 2144 5148 8976 4708 4268 3382 1439 1729 1418 2973 4337 2417 1316 1920 25998 24867 1131 23695 2408
is_linear=0
shrinkage=0.05


Tree=72
num_leaves=31
num_cat=0
split_feature=3 5 4 3 7 6 8 3 6 15 14 6 6 8 15 9 6 5 12 7 13 8 8 7 5 13 8 12 15 13
split_gain=968.858 358.599 155.636 100.289 74.2794 74.2723 66.9944 72.4455 59.4855 57.4781 55.1839 53.4722 49.63 42.8879 62.4616 42.0905 56.6662 39.0014 35.9049 57.1833 43.1131 35.7635 45.7009 38.8378 35.0433 34.3749 37.9559 40.8013 46.1615 32.1517
threshold=11.564913749694826 2.0049999952316289 8.1050000190734881 8.3795862197875994 -0.17316619306802747 952.04998779296886 1.0000000180025095e-35 2.5539633035659794 940.64999389648449 60.500000000000007 12.465000152587892 948.75000000000011 965.95001220703136 0.89129894971847545 46.500000000000007 4.305000066757203 954.75000000000011 1.4583333730697634 0.44618082046508795 -0.41079147160053248 -1.0000000180025095e-35 -0.20061247795820233 -0.064414007589220987 0.93851706385612499 6.6150000095367441 -0.6035533845424651 0.80060017108917247 0.50751903653144848 41.500000000000007 -0.6035533845424651
decision_type=2 2 2 2 2 2 2 2 2 2 10 2 2 2 2 10 2 2 2 2 2 2 2 2 2 2 2 2 2 2
left_child=1 5 12 15 10 8 7 9 -1 -7 -4 -5 21 29 -15 16 -3 -10 -13 -20 -21 23 -23 -2 -6 -18 27 28 -27 -8
right_child=2 3 4 11 24 6 13 -9 17 -11 -12 18 -14 14 -16 -17 25 -19 19 20 -22 22 -24 -25 -26 26 -28 -29 -30 -31
leaf_value=-0.00052406861905749346 0.00082144407444593179 -0.00017280925937950415 -4.7629076358601809e-05 -0.00083093704998088436 0.0013702323250154192 -0.00026807504516767916 -0.00027141285514018144 -0.00012082282659579922 -0.00030147162472091003 9.649167998407047e-05 0.0011338810775721965 0.0012413960017990527 0.0011689392661530906 -0.00030174082093491618 0.00012485924472756886 -0.0001092010654938469 -0.00010532429127608659 -1.013557776323136e-05 0.0025149628618174021 0.0024025061459381604 -0.0031863464503510408 -0.0066838257446969369 0.0010693637928946009 0.002532592449024415 0.00099486588420050768 -0.00081945858001218413 -0.00081238237349726345 -0.00048529353124250228 0.00039301652065725764 -0.00028548566187373701
leaf_weight=337 735 5099 341 2537 147 1112 498 1550 1642 378 440 8206 251 380 500 21849 694 2663 124 576 1059 167 933 206 2027 207 611 479 690 1540
leaf_count=337 735 5099 341 2537 147 1112 498 1550 1642 378 440 8206 251 380 500 21849 694 2663 124 576 1059 167 933 206 2027 207 611 479 690 1540
internal_value=-1.72464e-06 -0.0020413 0.0204779 2.72926e-05 0.0280574 -0.0102593 -0.0139527 -0.00873563 -0.00550893 -0.0165886 0.0146947 0.00378188 0.0106661 -0.0193637 -0.0100565 -0.00155733 -0.00471419 -0.00390951 0.00543129 -0.00104875 -0.00356707 0.00804008 0.00190045 0.0151691 0.0328132 -0.010592 -0.0139307 -0.00926865 -0.00293792 -0.023348
internal_weight=57978 52731 5247 42131 2955 10600 5958 3040 4642 1490 781 12502 2292 2918 880 29629 7780 4305 9965 1759 1635 2041 1100 941 2174 2681 1987 1376 897 2038
internal_count=57978 52731 5247 42131 2955 10600 5958 3040 4642 1490 781 12502 2292 2918 880 29629 7780 4305 9965 1759 1635 2041 1100 941 2174 2681 1987 1376 897 2038
is_linear=0
shrinkage=0.05


Tree=73
num_leaves=31
num_cat=0
split_feature=4 5 4 6 6 12 13 4 15 8 8 6 15 7 15 6 9 11 5 7 5 9 5 13 8 6 7 6 7 7
split_gain=914.134 399.729 119.739 114.738 93.8319 82.123 84.7184 58.5132 53.6094 52.1058 128.726 50.0653 58.9598 46.5103 65.3284 46.3225 42.319 41.7509 41.3687 40.5639 40.4453 48.6457 40.3614 39.6759 39.4809 38.8289 49.6155 42.5809 38.751 52.3034
threshold=8.055000305175783 2.2150000333786015 6.2049999237060556 951.14999389648449 960.35000610351574 -0.13052122294902799 -0.91597560048103321 9.2550001144409197 76.500000000000014 -0.99351876974105824 -0.97653719782829274 953.54998779296886 34.500000000000007 0.88234141469001781 35.500000000000007 958.95001220703136 6.9149999618530282 9.4499998092651385 2.6983333826065068 -0.045113071799278252 4.3150000572204599 8.6649999618530291 1.6449999809265139 -0.37940952181816096 -0.16681838035583493 951.25000000000011 -0.88436415791511525 948.14999389648449 0.28604298830032354 0.066572044044733061
decision_type=2 2 2 2 2 2 2 2 2 2 2 2 2 2 2 2 8 2 2 2 2 10 2 2 2 2 2 2 2 2
left_child=1 5 9 17 -4 8 -7 -5 22 19 20 -8 -13 16 -15 -10 25 -2 -18 -3 21 -11 -1 -19 -17 27 -27 -12 29 -28
right_child=3 2 4 7 -6 6 11 -9 15 10 13 12 -14 14 -16 24 18 23 -20 -21 -22 -23 -24 -25 -26 26 28 -29 -30 -31
leaf_value=-0.00027839969047713942 -0.0033721322638109955 -0.0031779523800947677 0.0006682921501135864 0.00072657585381074035 0.0014322117712371046 0.00024177967774457397 -0.00027740663535813509 0.00099315893099536376 -0.00018725355421271269 0.0029144088745357696 -0.00037799074741250231 -0.00027142150682965592 -0.00025462074552348794 -0.0036921211425571679 -0.00085124836631945283 -5.5184015258092497e-05 -0.0011071327210168604 0.00049840397823258946 0.0009040820890796053 -0.00097811328092315872 0.0074836479207136212 -0.0040670313551073797 3.1258947691654994e-05 0.0013332801498087078 -0.00037279711289310113 0.008711043287852353 -0.00071349961079738428 0.0013722689063408568 -0.00020135553442151983 -0.0023452749082262291
leaf_weight=2788 175 350 7628 1911 1940 661 2388 998 371 632 5424 533 2948 147 4598 109 793 500 10751 760 447 103 3033 583 380 102 2165 2124 2159 435
leaf_count=2788 175 350 7628 1911 1940 661 2388 998 371 632 5424 533 2948 147 4598 109 793 500 10751 760 447 103 3033 583 380 102 2165 2124 2159 435
internal_value=2.07107e-05 -0.00172853 0.000732194 0.0225671 0.00561997 -0.00928042 -0.013267 0.0280199 -0.00537691 -0.000777545 -0.000381462 -0.0151771 -0.0190046 -0.00104867 -0.00556842 -0.0169942 -0.00015235 0.00989707 0.00202615 -0.0113901 0.015754 0.00844595 -0.00364744 0.013557 -0.0270243 -0.00217899 -0.00566173 6.61989e-05 -0.00641268 -0.0105182
internal_weight=57936 53769 40558 4167 9568 13211 6530 2909 6681 30990 29880 5869 3481 28698 4745 860 23953 1258 11544 1110 1182 735 5821 1083 489 12409 4861 7548 4759 2600
internal_count=57936 53769 40558 4167 9568 13211 6530 2909 6681 30990 29880 5869 3481 28698 4745 860 23953 1258 11544 1110 1182 735 5821 1083 489 12409 4861 7548 4759 2600
is_linear=0
shrinkage=0.05


Tree=74
num_leaves=31
num_cat=0
split_feature=3 5 4 3 12 13 7 14 10 10 13 6 12 2 7 7 5 6 2 15 5 8 7 12 6 6 6 4 13 12
split_gain=912.677 326.945 164.949 95.5534 73.4686 63.696 62.806 52.259 49.2935 46.3337 57.8903 45.3226 45.2481 44.235 40.414 54.2326 50.6479 44.9923 41.0797 39.8868 44.4113 38.2952 60.4581 36.23 35.1461 35.1012 60.2611 78.3249 50.5465 40.6819
threshold=11.564913749694826 2.0049999952316289 8.1050000190734881 8.0372309684753436 -0.13052122294902799 -0.7865660786628722 -0.17316619306802747 12.894999980926515 0.94828754663467418 0.89490029215812694 0.12940952181816109 951.45001220703136 -0.3172925859689712 43.500000000000007 -0.25707612931728357 -0.070841956883668886 7.2750000953674325 947.04998779296886 6.5000000000000009 81.500000000000014 1.2749999761581423 1.0000000180025095e-35 0.88234141469001781 0.46173103153705602 954.85000610351574 954.25000000000011 959.04998779296886 2.6049998998641972 -0.37940952181816096 -0.44618082046508784
decision_type=2 2 2 2 2 2 2 10 2 2 2 2 2 2 2 2 2 2 2 2 2 2 2 2 2 2 2 2 2 2
left_child=1 4 8 25 19 -6 7 -4 -2 12 13 -7 -5 -11 16 -16 17 23 -17 20 -1 22 -13 -12 -15 -3 28 -28 -27 -30
right_child=2 3 6 9 5 11 -8 -9 -10 10 14 21 -14 24 15 18 -18 -19 -20 -21 -22 -23 -24 -25 -26 26 27 -29 29 -31
leaf_value=-0.00024422399749495768 0.00084510590652563393 -4.0882939856653515e-05 0.00031814659139558501 0.0020229956705233145 -0.00015029667565240827 -0.00026012546054609539 0.00091831444727389917 0.0011125027750871347 0.0010849291961822882 0.001674532053712119 -0.0044754120565753067 -0.00024203056415120062 -0.0004758244853918681 -0.0040634155771555663 -0.0087945147483575407 0.0044013437179772257 0.0016749559884315036 0.0039403458359545786 -0.00069166316315881775 -0.00034663980573119947 -0.00018672656115237439 -0.00024307397276684842 0.00031227569853946459 0.0040136761036327464 0.0021559281313188127 -0.0002760386942038784 -0.00050939869089879238 0.00071199526518992773 8.3587692237679927e-07 -0.0013241061336357715
leaf_weight=1160 2087 17150 405 2709 817 1413 2199 380 183 2285 244 1211 5956 171 194 398 157 509 1270 390 3840 1434 236 154 306 2211 1357 4004 573 2453
leaf_count=1160 2087 17150 405 2709 817 1413 2199 380 183 2285 244 1211 5956 171 194 398 157 509 1270 390 3840 1434 236 154 306 2211 1357 4004 573 2453
internal_value=8.6414e-05 -0.00189899 0.0199468 7.00613e-05 -0.00978964 -0.0140833 0.0276681 0.0153797 0.00975824 0.00338139 0.00688565 -0.0165155 0.00107843 0.0120708 0.00197885 -0.00246385 0.00972872 0.00509868 0.000478183 -0.00570899 -0.0044955 -0.0201143 -0.0142906 -0.00744417 -0.00176349 -0.00164307 -0.00390456 -0.000177041 -0.00771652 -0.0119103
internal_weight=57856 52602 5254 42101 10501 5111 2984 785 2270 14353 5688 4294 8665 2762 2926 1862 1064 907 1668 5390 5000 2881 1447 398 477 27748 10598 5361 5237 3026
internal_count=57856 52602 5254 42101 10501 5111 2984 785 2270 14353 5688 4294 8665 2762 2926 1862 1064 907 1668 5390 5000 2881 1447 398 477 27748 10598 5361 5237 3026
is_linear=0
shrinkage=0.05


Tree=75
num_leaves=31
num_cat=0
split_feature=4 5 4 4 12 6 6 12 11 7 7 14 8 8 7 11 9 15 7 15 7 10 6 15 8 2 2 15 6 7
split_gain=841.964 350.06 126.987 97.2304 85.3681 72.8907 61.328 47.5213 55.1542 44.2811 43.6578 43.4903 42.9232 49.9494 79.9919 57.7353 45.5879 44.2525 42.8858 41.8573 51.255 62.9358 41.3893 40.4251 53.9613 42.7184 39.5479 39.2184 37.4261 34.4841
threshold=8.055000305175783 1.985000014305115 6.2049999237060556 9.2550001144409197 -0.13052122294902799 960.35000610351574 951.04998779296886 0.39873388409614569 9.5500001907348651 -0.97415921092033375 0.11791723221540452 12.605000019073488 -0.99532556533813465 -0.97653719782829274 0.15198152512311938 4.8500001430511483 7.1150000095367441 38.500000000000007 0.96906387805938732 31.500000000000004 -0.38713158667087549 0.31729258596897131 951.35000610351574 34.500000000000007 1.0000000180025095e-35 29.500000000000004 18.500000000000004 75.500000000000014 952.54998779296886 0.93554237484931957
decision_type=2 2 2 2 2 2 2 2 2 2 2 10 2 2 2 2 8 2 2 2 2 2 2 2 2 2 2 2 2 2
left_child=1 4 7 6 26 -4 11 12 9 -9 -5 -2 17 14 15 -14 -15 -3 -7 20 21 -11 -6 -24 25 -25 -1 -26 -16 -28
right_child=3 2 5 10 22 18 -8 8 -10 19 -12 -13 13 16 28 -17 -18 -19 -20 -21 -22 -23 23 24 27 -27 29 -29 -30 -31
leaf_value=-0.00031019877879237616 -7.9174990103389464e-05 -0.0030194459318500632 0.00067682897071753574 0.00083080083134875473 -0.00024378510509167619 0.00087813903467765799 0.00062462992304168912 0.001385497223605613 0.0019622687369998688 -0.00078939400135228451 0.0012166740311253255 0.0013481266481543382 -0.0017382498948580322 -0.00031906000361311867 0.003869858156543528 0.0021140995945425254 0.00069708665867396213 0.00083894075175665751 0.0024214278428604436 -0.00035899040847124435 -0.0012843745194109878 0.00034455346985387829 -0.00024191451194438421 -0.00022997958332944782 -0.00022846614410370971 0.00030287240277699262 -9.0429347924648155e-05 -0.00022814333917981118 0.014719200848885739 -0.00031716887071218638
leaf_weight=1707 684 454 7616 729 1584 1490 1926 460 1162 639 622 196 339 11815 164 545 10705 289 470 4858 1300 937 612 857 957 421 3202 551 228 392
leaf_count=1707 684 454 7616 729 1584 1490 1926 460 1162 639 622 196 339 11815 164 545 10705 289 470 4858 1300 937 612 857 957 421 3202 551 228 392
internal_value=9.06485e-05 -0.00158671 0.00037607 0.0217564 -0.00988044 0.00545872 0.0163999 -0.00106047 -0.00409144 -0.00553726 0.0327802 0.00542373 9.57464e-05 0.000466367 0.0100703 0.00168729 -7.99112e-05 -0.0116979 0.0140458 -0.00643494 -0.0112114 -0.00512334 -0.0145779 -0.0176903 -0.0150842 -0.00748246 -0.00545609 -0.0214805 0.0287154 -0.00247291
internal_weight=57911 53754 43471 4157 10283 9576 2806 33895 9356 8194 1351 880 24539 23796 1276 884 22520 743 1960 7734 2876 1576 4982 3398 2786 1278 5301 1508 392 3594
internal_count=57911 53754 43471 4157 10283 9576 2806 33895 9356 8194 1351 880 24539 23796 1276 884 22520 743 1960 7734 2876 1576 4982 3398 2786 1278 5301 1508 392 3594
is_linear=0
shrinkage=0.05


Tree=76
num_leaves=31
num_cat=0
split_feature=3 5 4 4 6 15 3 8 6 7 8 3 6 15 7 7 15 11 2 15 8 6 7 8 8 7 8 8 6 7
split_gain=867.227 347.9 124.217 100.488 84.0588 76.2761 86.7978 54.4546 49.9745 47.1309 51.6885 51.3537 50.8528 46.1059 42.5074 39.6782 39.6179 39.2352 39.1221 38.6796 37.2618 40.0629 51.9219 38.5119 52.0097 81.7939 39.2421 42.6609 34.824 34.2877
threshold=12.342118740081789 2.0049999952316289 6.2049999237060556 8.1050000190734881 960.35000610351574 75.500000000000014 2.6383464336395268 1.0000000180025095e-35 952.04998779296886 0.88234141469001781 0.021515898406505588 7.7025511264801034 973.35000610351574 34.500000000000007 0.94147586822509777 -0.079425927251577363 83.500000000000014 12.84999990463257 18.500000000000004 39.500000000000007 -0.9980562925338744 946.54998779296886 0.049410874024033553 -0.97653719782829274 -0.69870123267173756 -0.24042633175849912 0.96962100267410289 0.9919724464416505 958.85000610351574 0.1858661696314812
decision_type=2 2 2 2 2 2 2 2 2 2 2 2 2 2 2 2 2 2 2 2 2 2 2 2 2 2 2 2 2 2
left_child=1 5 9 -2 -4 6 8 -7 18 11 14 -3 19 -10 -11 17 -16 -5 -1 -12 -13 22 -22 29 25 -25 -26 -28 -18 -23
right_child=3 2 4 15 -6 7 -8 -9 13 10 12 20 -14 -15 16 -17 28 -19 -20 -21 21 23 -24 24 26 -27 27 -29 -30 -31
leaf_value=-0.00027857752006645416 0.00084454316582729396 -0.0001848736593897088 0.00043749947629562191 -0.00057152558695943714 0.001221535307324595 -0.00013405290482107853 -0.00020778400653776843 -0.00021687702812470764 -0.00021771600898531468 -0.0014866344291866744 -0.0042210300607520108 -0.0060554668050479162 0.0079216804481690144 -0.00021782765923223664 8.1879149105994201e-05 0.0008499080670672011 -0.0021024606934186385 0.00081782217084064301 -0.00014013230939848625 -0.0012458467259104219 -0.0036312548656426305 0.002215916427856829 0.016713731701386302 0.0041491974300581023 0.0040623935012264467 -0.0031815184687960991 -0.0041707058714408442 0.0017551078036236456 0.0055795268454172844 0.014594410733569258
leaf_weight=964 1129 21709 8232 122 1919 376 4396 1106 520 676 103 162 109 1885 1543 1749 89 627 1358 2394 923 327 92 451 3059 1031 238 319 209 123
leaf_count=964 1129 21709 8232 122 1919 376 4396 1106 520 676 103 162 109 1885 1543 1749 89 627 1358 2394 923 327 92 451 3059 1031 238 319 209 123
internal_value=3.7967e-05 -0.00154369 0.00042779 0.0236922 0.00527275 -0.00966541 -0.00794807 -0.0201748 -0.0126479 -0.00103838 -0.00545047 -0.000242625 -0.0103792 -0.0176971 -0.000337034 0.0292849 0.00360238 0.0194297 -0.00739149 -0.0118505 0.00357355 0.00416413 -0.00495098 0.00583468 0.00458554 -0.00329523 0.00781552 -0.00435943 0.020132 0.0197802
internal_weight=57940 54313 43708 3627 10151 10605 9123 1482 4727 33557 5123 28434 2606 2405 2517 2498 1841 749 2322 2497 6725 6563 1015 5548 5098 1482 3616 557 298 450
internal_count=57940 54313 43708 3627 10151 10605 9123 1482 4727 33557 5123 28434 2606 2405 2517 2498 1841 749 2322 2497 6725 6563 1015 5548 5098 1482 3616 557 298 450
is_linear=0
shrinkage=0.05


Tree=77
num_leaves=31
num_cat=0
split_feature=3 4 6 4 4 6 3 2 12 7 10 12 11 6 10 7 14 8 6 15 8 8 10 7 15 7 12 10 11 8
split_gain=858.456 317.893 135.891 93.5343 88.8568 79.0645 56.4763 49.2872 45.7205 44.6411 42.4489 44.7387 42.1271 41.0011 41.881 40.8517 56.8281 53.7799 49.7221 48.2872 48.2668 56.2841 55.8237 44.245 41.7206 44.2088 40.5012 41.0287 40.0421 39.5262
threshold=12.342118740081789 2.1350001096725468 952.35000610351574 8.1050000190734881 6.2049999237060556 960.25000000000011 1.6630246639251711 17.500000000000004 0.47714059054851538 -0.464854747056961 0.94828754663467418 -0.026175950653851029 4.1499998569488534 944.54998779296886 -0.9366365075111388 0.88234141469001781 7.9849998950958261 0.021515898406505588 959.95001220703136 37.500000000000007 0.96527305245399486 -0.10296135023236273 0.38266885280609136 0.86993730068206798 77.500000000000014 -0.15621076524257657 -0.36648726463317866 -0.18222858756780622 7.4500000476837167 0.88337317109107982
decision_type=2 2 2 2 2 2 2 2 2 2 2 2 2 2 2 2 10 2 2 2 2 2 2 2 2 2 2 2 2 2
left_child=1 2 7 -2 15 10 -4 12 29 -5 -6 -12 -1 -9 -15 16 19 -17 -19 20 21 -3 -23 24 25 -21 27 28 -18 -8
right_child=3 4 6 9 5 -7 8 13 -10 -11 11 -13 -14 14 -16 17 26 18 -20 23 -22 22 -24 -25 -26 -27 -28 -29 -30 -31
leaf_value=-0.0003059537807566763 0.00080381376850812152 -0.00051541071995660497 -0.00020596950491690087 0.0010761067401088066 0.00018513227694988421 0.0011736831842285467 -0.00022493818688267475 -0.0004057885222593887 -0.00022159554573897064 0.00074827328986407093 -0.0035278829220610681 0.00082973426310354323 -5.199314157018952e-05 -0.00022119409731758083 0.00091444212427884385 9.171671231456153e-05 0.0091698323466191389 -0.0017047864715004795 -0.00016557664423727804 -0.00040799165638824271 -0.0018826692095490379 -0.0002556928492308314 0.0021933407214671484 0.0094400890570552464 -0.00074974410441573788 0.0011935784272582824 0.00041033296789259047 -0.0068944484874011829 0.0025932098735032732 9.7532749464404085e-05
leaf_weight=1429 1143 6635 987 304 6509 1935 3987 1491 1472 2206 229 1519 932 1281 1803 2368 455 1506 899 3194 894 1807 1311 140 1222 5729 2317 103 1276 861
leaf_count=1429 1143 6635 987 304 6509 1935 3987 1491 1472 2206 229 1519 932 1281 1803 2368 455 1506 899 3194 894 1807 1311 140 1222 5729 2317 103 1276 861
internal_value=2.41592e-05 -0.00155536 -0.00796954 0.0234691 0.000726537 0.0047563 -0.0127257 -0.00295346 -0.0109723 0.0288668 0.00262043 0.00952653 -0.00881234 7.64192e-05 0.00336679 -0.000649677 0.000157446 -0.00488698 -0.0101452 -0.000902708 -0.0032623 -0.00223919 0.00329811 0.00154033 0.00114778 0.00233535 0.00549808 0.0110386 0.0128744 -0.00861323
internal_weight=57944 54291 14243 3653 40048 10192 7307 6936 6320 2510 8257 1748 2361 4575 3084 29856 25083 4773 2405 20932 10647 9753 3118 10285 10145 8923 4151 1834 1731 4848
internal_count=57944 54291 14243 3653 40048 10192 7307 6936 6320 2510 8257 1748 2361 4575 3084 29856 25083 4773 2405 20932 10647 9753 3118 10285 10145 8923 4151 1834 1731 4848
is_linear=0
shrinkage=0.05


Tree=78
num_leaves=31
num_cat=0
split_feature=3 5 3 15 3 3 8 6 7 5 15 2 6 7 12 7 6 12 9 8 11 8 6 8 7 11 6 7 15 11
split_gain=818.916 314.793 105.802 75.518 88.2207 73.4213 51.784 49.8146 42.5218 36.3511 36.2392 35.167 33.2096 56.9985 32.7892 30.8026 30.758 31.5526 36.025 46.7434 33.4512 59.3713 33.2633 49.3592 35.7047 36.0452 31.3517 30.331 30.2242 29.7368
threshold=11.784666538238527 2.0049999952316289 13.541220188140871 75.500000000000014 2.5539633035659794 8.5508251190185565 1.0000000180025095e-35 952.04998779296886 -0.036512531340122216 5.7349998950958261 34.500000000000007 18.500000000000004 959.54998779296886 0.98372149467468273 -0.13052122294902799 0.94713109731674205 948.75000000000011 0.49240480363368994 8.9549999237060565 -0.97653719782829274 8.2500000000000018 0.30901412665843969 960.25000000000011 -0.6077672243118285 0.99166637659072887 7.0499999523162851 944.14999389648449 0.9600123167037965 33.500000000000007 2.8500000238418584
decision_type=2 2 2 2 2 2 2 2 2 2 2 2 2 2 2 2 2 2 8 2 2 2 2 2 2 2 2 2 2 2
left_child=1 3 9 4 7 -3 -5 11 -4 -2 14 -1 13 15 -9 28 26 18 19 -18 -19 -22 -20 -24 -25 -26 -7 -10 -11 -12
right_child=2 5 8 6 -6 16 -8 10 27 12 29 -13 -14 -15 -16 -17 17 20 22 -21 21 -23 23 24 25 -27 -28 -29 -30 -31
leaf_value=-0.00024700982947768946 -0.0027125404248558361 -0.00016745343304948556 0.00053306501546253055 -0.00016071962594298701 -0.00020425130582434894 0.0029485427428261046 -0.00020419024672192998 -4.365941300686592e-05 0.00093240786540698122 0.00081687190781523091 -0.00019773503921219107 -0.00015334869785119492 0.00078845516396934274 -0.0033558219627834287 -0.00019918546012850881 0.0022661626765350497 0.0054651274766491873 -0.0041068332366966612 0.00070677688167661572 -0.0020104168086622076 -0.0022048053844423822 0.0032603627081621181 0.00011775860824886908 0.0027896134392937314 -0.0061171494733850088 0.0039309179973496759 -0.0020097615995251284 0.00084686711231191092 0.00035274651078102682 -0.00019118757168818269
leaf_weight=939 208 30537 583 378 4593 651 1114 82 1031 563 1168 1263 823 129 408 169 174 534 5340 1025 374 217 612 1247 106 81 1695 201 1048 591
leaf_count=939 208 30537 583 378 4593 651 1114 82 1031 563 1168 1263 823 129 408 169 174 534 5340 1025 374 217 612 1247 106 81 1695 201 1048 591
internal_value=-4.6641e-05 -0.00182651 0.0198214 -0.00956266 -0.00783512 8.80323e-05 -0.0199733 -0.0128478 0.0293132 0.0139219 -0.018079 -0.00747621 0.0154549 0.0117816 -0.030101 0.0141176 0.0033911 0.00463201 0.00566356 -0.00236711 -0.00323009 0.00494966 0.00696793 0.0123842 0.0174427 -0.00286458 -0.00174394 0.0345998 0.0119121 -0.0146542
internal_weight=57884 53129 4755 10536 9044 42593 1492 4451 1815 2940 2249 2202 2732 1909 490 1780 12056 9710 8585 1199 1125 591 7386 2046 1434 187 2346 1232 1611 1759
internal_count=57884 53129 4755 10536 9044 42593 1492 4451 1815 2940 2249 2202 2732 1909 490 1780 12056 9710 8585 1199 1125 591 7386 2046 1434 187 2346 1232 1611 1759
is_linear=0
shrinkage=0.05


Tree=79
num_leaves=31
num_cat=0
split_feature=4 5 4 4 6 15 2 12 9 7 7 8 7 15 14 15 12 7 8 8 7 6 15 6 7 12 12 7 2 7
split_gain=742.604 349.707 104.024 84.2051 82.8757 79.8523 71.2952 48.0554 50.1369 46.334 45.3852 44.837 44.836 44.285 43.8418 46.2851 41.9154 40.1318 36.912 36.3252 36.193 34.5969 34.2002 38.1001 35.4013 34.9213 34.0309 50.6539 33.964 33.2258
threshold=8.2449998855590838 2.0049999952316289 6.2049999237060556 9.2550001144409197 960.14999389648449 75.500000000000014 41.500000000000007 -0.19936034083366391 4.0250000953674325 -0.464854747056961 0.79411470890045177 1.0000000180025095e-35 0.88234141469001781 32.500000000000007 7.9849998950958261 43.500000000000007 -0.33379416167736048 0.96693778038024913 0.021515898406505588 1.0000000180025095e-35 -0.92772412300109852 973.35000610351574 77.500000000000014 960.35000610351574 0.65278974175453197 0.36648726463317877 0.47714059054851538 0.68472337722778331 37.500000000000007 0.99166637659072887
decision_type=2 2 2 2 2 2 2 2 10 2 2 2 2 2 10 2 2 2 2 2 2 2 2 2 2 2 2 2 2 2
left_child=1 5 12 10 -4 6 7 -1 20 -5 -2 -7 14 -14 15 -3 -16 26 19 -15 -9 -20 25 -24 -25 -17 -6 -28 -27 -19
right_child=3 2 4 9 17 11 -8 8 -10 -11 -12 -13 13 18 16 22 -18 29 21 -21 -22 -23 23 24 -26 28 27 -29 -30 -31
leaf_value=-0.000240591879749956 0.00032276823951829514 -0.00029709244671198516 0.00046245671821806004 0.0010590169423150776 0.00081775567525387569 -0.0002071025910973118 0.00027852613374349905 1.3653043341143799e-06 -2.5666535606903591e-05 0.00070351264088094065 0.00097591823508825235 -0.00019595732868061771 -0.0035738410873712837 -0.00032090124320156664 0.0033689001552187903 0.0014234005233752464 -9.9123131747044798e-05 0.0021224770421241048 -0.0011656806673814722 0.0084086916487187933 -0.00019392100154554158 0.007545035410289236 -0.0019678087779725416 -0.00066414290719255193 0.0015542980919883193 -0.00053240211673931392 0.0040688555853712702 -0.009181157480189276 0.0031796054330834435 0.0010132902707031932
leaf_weight=3562 1621 15249 8057 263 1368 371 1352 330 616 1074 548 1097 87 2396 2119 5466 2346 328 2437 83 3228 105 747 228 444 1595 128 112 253 214
leaf_count=3562 1621 15249 8057 263 1368 371 1352 330 616 1074 548 1097 87 2396 2119 5466 2346 328 2437 83 3228 105 747 228 444 1595 128 112 253 214
internal_value=-0.000155631 -0.00159601 0.000374712 0.0221304 0.00479338 -0.00976233 -0.00800616 -0.00985661 -0.0134961 0.0320045 0.0159844 -0.0205703 -0.000969905 -0.00528066 -0.000195065 -0.00104223 0.00435123 0.0135035 -0.00464584 -0.000301932 -0.0157732 -0.00887318 0.00185969 -0.00523174 0.00339734 0.00323815 0.00948543 -0.0077551 -0.00269833 0.0252285
internal_weight=57824 54318 43762 3506 10207 10556 9088 7736 4174 1337 2169 1468 33555 5108 28447 23982 4465 2150 5021 2479 3558 2542 8733 1419 672 7314 1608 240 1848 542
internal_count=57824 54318 43762 3506 10207 10556 9088 7736 4174 1337 2169 1468 33555 5108 28447 23982 4465 2150 5021 2479 3558 2542 8733 1419 672 7314 1608 240 1848 542
is_linear=0
shrinkage=0.05


Tree=80
num_leaves=31
num_cat=0
split_feature=3 5 4 4 12 10 7 11 12 7 8 7 14 7 3 15 5 15 7 2 8 8 7 15 12 8 12 7 7 7
split_gain=756.82 307.797 100.53 90.6992 71.0286 48.2232 61.9662 57.1711 52.1225 47.6116 44.9571 60.2587 40.1294 38.2583 40.4115 40.3625 37.5199 38.254 54.6932 36.5286 35.3053 60.6002 35.4574 33.0628 31.5359 29.9808 56.6908 56.6637 51.2418 46.9955
threshold=12.342118740081789 2.0049999952316289 8.1050000190734881 6.2049999237060556 -0.13052122294902799 0.87032255530357372 0.91947823762893688 10.650000095367433 0.38266885280609136 -0.29014293849468226 1.0000000180025095e-35 0.88234141469001781 1.575000047683716 0.88234141469001781 6.8679721355438241 35.500000000000007 1.1783332824707033 34.500000000000007 0.63967129588127147 29.500000000000004 -0.99141839146614064 -0.97653719782829274 0.16894881427288058 75.500000000000014 -0.38266885280609125 -0.69561269879341114 -0.35019405186176294 -0.25707612931728357 0.31881132721900945 0.46105717122554785
decision_type=2 2 2 2 2 2 2 2 2 2 2 2 10 2 2 2 2 2 2 2 2 2 2 2 2 2 2 2 2 2
left_child=1 4 24 13 12 -5 7 -7 -8 -4 11 16 -1 14 -3 -15 -6 -18 19 -19 -16 22 -22 -12 -2 26 27 -23 -27 -30
right_child=2 3 9 5 10 6 8 -9 -10 -11 23 -13 -14 15 20 -17 17 18 -20 -21 21 25 -24 -25 -26 28 -28 -29 29 -31
leaf_value=-0.0002522561923443803 0.0014949293457486414 -0.00018525075273501392 0.00070104072418412662 0.00011723281174439022 -0.00017765739653182475 0.00028934671588720098 0.002131864682262688 0.00063617834779162172 0.0019134864991739277 0.00065535479036610842 -0.00020169962769265738 0.00034484232830971241 -0.00014134123663676318 -0.0026714914970389042 -0.0029598012815713853 -0.00061229437552595255 -0.00020454907133548507 -6.4894228979744432e-05 -0.00021812697809196117 0.0025547112739240287 0.0025054728643178373 0.0061997683560779896 0.012765456749526633 -0.00017533491153564362 0.00058655330213268082 0.00023249046489732389 -0.0022401170527930835 -0.0032525368710283609 0.006239664286420094 0.0021413136839618348
leaf_weight=1583 119 18269 437 4636 599 3209 560 1317 445 2069 1729 342 3871 152 495 4947 889 507 303 199 274 389 164 578 1031 4350 1883 221 495 1905
leaf_count=1583 119 18269 437 4636 599 3209 560 1317 445 2069 1729 342 3871 152 495 4947 889 507 303 199 274 389 164 578 1031 4350 1883 221 495 1905
internal_value=-9.74608e-05 -0.00158057 0.0219066 0.000273355 -0.00922207 0.00440916 0.00755961 0.00505407 0.0187624 0.0275189 -0.0134343 -0.0091948 -0.00523905 -0.000980655 -0.000265378 -0.00496669 -0.0118905 -0.00840778 -0.00172584 0.00590717 0.00225911 0.0029269 0.0209932 -0.0186202 0.00961039 0.0020599 -0.0026221 0.0105691 0.00378979 0.00964657
internal_weight=57967 54311 3656 43711 10600 10167 5531 4526 1005 2506 5146 2839 5454 33544 28445 5099 2497 1898 1009 706 10176 9681 438 2307 1150 9243 2493 610 6750 2400
internal_count=57967 54311 3656 43711 10600 10167 5531 4526 1005 2506 5146 2839 5454 33544 28445 5099 2497 1898 1009 706 10176 9681 438 2307 1150 9243 2493 610 6750 2400
is_linear=0
shrinkage=0.05


Tree=81
num_leaves=31
num_cat=0
split_feature=3 5 4 4 12 6 9 2 10 12 7 11 13 7 12 6 5 7 12 6 6 7 6 5 7 10 11 2 13 12
split_gain=729.845 314.93 98.0144 75.1871 72.4858 70.1444 58.8535 40.1099 39.5782 43.417 39.2056 47.2083 37.9642 59.6951 66.1659 63.978 45.2934 43.3655 52.4826 43.7016 54.0982 41.787 38.0155 34.2719 33.8077 32.7152 93.4098 63.4193 57.3193 38.5377
threshold=12.342118740081789 2.0049999952316289 8.2449998855590838 6.2049999237060556 -0.3172925859689712 960.25000000000011 4.0250000953674325 28.500000000000004 0.9536806344985963 -0.026175950653851029 -0.23208956420421598 12.84999990463257 1.0000000180025095e-35 -0.5677773356437682 -0.44618082046508784 948.14999389648449 4.4216666221618661 -0.33100557327270502 0.59480014443397533 946.64999389648449 948.95001220703136 0.36724525690078741 952.75000000000011 3.5149999856948857 0.49875664710998541 0.78257837891578685 6.1499998569488534 18.500000000000004 -0.91597560048103321 -0.13052122294902799
decision_type=2 2 2 2 2 2 10 2 2 2 2 2 2 2 2 2 2 2 2 2 2 2 2 2 2 2 2 2 2 2
left_child=1 4 -2 12 24 8 7 -6 -5 -10 11 -4 25 15 21 -14 22 19 -19 -16 -21 -15 -17 -20 -1 27 28 -3 -27 -29
right_child=2 3 10 5 6 -7 -8 -9 9 -11 -12 -13 13 14 17 16 -18 18 23 20 -22 -23 -24 -25 -26 26 -28 29 -30 -31
leaf_value=-0.00017114065967637569 0.00066884448508349739 -0.00090333908544917125 -0.0016120333411432403 7.3974468388571249e-05 -0.00017180259408733917 0.00099749779100916092 -0.00011616851243647173 -0.00016324221084117386 -0.0038044400289541178 0.00080199724861756418 0.00065231465213655979 0.0007210113171764621 -0.00033148036847877803 0.0039703567375625947 -0.0035454504453847854 0.0015997280799979641 0.0072485224482568252 -0.00053914181942155484 -0.00032071015278133542 0.0043175944141815486 -0.0010624684021068496 -0.00087224549385107148 -0.00090619279130876331 -0.0043046848852983386 -0.00024712934943934667 0.001724191199475273 0.0026511077296888551 0.00063253817249543241 -0.00047188833852862479 -0.00054352515901971742
leaf_weight=3361 1324 2288 82 6745 3082 1945 938 1843 216 1307 1775 473 3283 988 130 868 438 6644 654 136 728 926 189 529 1297 1148 2530 6264 3629 2019
leaf_count=3361 1324 2288 82 6745 3082 1945 938 1843 216 1307 1775 473 3283 988 130 868 438 6644 654 136 728 926 189 529 1297 1148 2530 6264 3629 2019
internal_value=-0.000158348 -0.00161925 0.0214539 0.000254535 -0.00938153 0.00400763 -0.0130794 -0.0152637 0.00199444 0.00926047 0.0276231 0.0158036 -0.00089382 -0.00270331 -0.00477188 0.00194439 0.0105 -0.00659982 -0.00534346 -0.0164164 -0.0121979 0.00364773 0.00484934 -0.0150253 -0.00471799 0.00067662 0.00324809 -0.00110155 -0.000867838 0.000935087
internal_weight=57779 54125 3654 43604 10521 10213 5863 4925 8268 1523 2330 555 33391 15513 10735 4778 1495 8821 7827 994 864 1914 1057 1183 4658 17878 7307 10571 4777 8283
internal_count=57779 54125 3654 43604 10521 10213 5863 4925 8268 1523 2330 555 33391 15513 10735 4778 1495 8821 7827 994 864 1914 1057 1183 4658 17878 7307 10571 4777 8283
is_linear=0
shrinkage=0.05


Tree=82
num_leaves=31
num_cat=0
split_feature=3 5 4 4 6 6 8 3 15 6 15 8 13 8 11 10 11 13 13 8 8 10 5 8 6 15 8 6 8 8
split_gain=687.397 286.733 73.6917 72.514 65.3278 64.017 59.5258 61.6865 58.6495 56.6445 42.9509 69.0546 47.4339 40.5017 39.1983 37.3684 38.9731 35.9666 31.8361 40.8875 55.3336 48.5318 65.7723 41.8156 40.8271 59.7451 54.4032 59.3367 57.7709 49.2353
threshold=12.461795806884767 2.0049999952316289 8.2449998855590838 6.2049999237060556 960.25000000000011 952.04998779296886 1.0000000180025095e-35 2.6820437908172612 60.500000000000007 939.64999389648449 35.500000000000007 0.89129894971847545 -0.6035533845424651 0.98633936047554027 3.1499999761581425 -0.74892720580101002 7.2500000000000009 -0.6035533845424651 1.0000000180025095e-35 0.96063983440399181 0.99805629253387462 0.90992662310600292 4.741666555404664 -0.99897944927215565 953.95001220703136 35.500000000000007 -0.98902499675750721 947.25000000000011 -0.99897944927215565 -0.78753387928009022
decision_type=2 2 2 2 2 2 2 2 2 2 2 2 2 2 2 2 2 2 2 2 2 2 2 2 2 2 2 2 2 2
left_child=1 5 -2 18 15 9 7 8 -7 -1 -8 12 -12 -13 -11 -5 17 -17 19 21 -21 -3 23 -23 26 -26 28 29 -20 -28
right_child=2 3 -4 4 -6 6 10 -9 -10 14 11 13 -14 -15 -16 16 -18 -19 24 20 -22 22 -24 -25 25 -27 27 -29 -30 -31
leaf_value=-0.00038665793134279888 0.00069215247842755465 -1.078319114721782e-05 0.00059239025382296648 -0.00037651143217328072 0.00091856481044969018 -0.0001601843970008666 -0.00026265096962999144 2.5978096224586744e-05 1.6870807708944514e-05 -0.00021321358685941327 -0.00015709063813511786 0.00060992077439713487 -0.00016825731180663438 -0.00019692173228569432 0.00016688944421368505 0.0057707855777958117 0.00083772133144007779 -0.001148468568452185 0.0027014783326539693 -0.0015295826541285307 0.0020288130842218643 -0.0045694308038382323 0.0045328047053282859 0.00075607366833177697 -0.0014153751905912678 -0.00043077347973197248 -0.003263312489453574 0.00076055952667939135 -0.0038237498536405866 -0.00044455117677397079
leaf_weight=223 1155 12651 2260 3556 2008 1163 219 1411 460 2596 479 305 1468 388 1785 151 3063 1695 114 1239 342 95 647 3066 951 6059 205 4793 195 3171
leaf_count=223 1155 12651 2260 3556 2008 1163 219 1411 460 2596 479 305 1468 388 1785 151 3063 1695 114 1239 342 95 647 3066 951 6059 205 4793 195 3171
internal_value=-6.30201e-05 -0.00142744 0.0216813 0.000344271 0.003975 -0.0088507 -0.0123008 -0.00740375 -0.0140356 -0.00442612 -0.0174756 -0.0156522 -0.0204662 -0.00207736 -0.00315777 0.00204841 0.00487383 -0.000864398 -0.000790266 0.000637296 -0.00703026 0.00137573 0.00632048 0.00333228 -0.00245272 -0.00527441 -0.000117883 0.000666748 -0.0205414 -0.00440698
internal_weight=57913 54498 3415 44001 10473 10497 5893 3034 1623 4604 2859 2640 1947 693 4381 8465 4909 1846 33528 18040 1581 16459 3808 3161 15488 7010 8478 8169 309 3376
internal_count=57913 54498 3415 44001 10473 10497 5893 3034 1623 4604 2859 2640 1947 693 4381 8465 4909 1846 33528 18040 1581 16459 3808 3161 15488 7010 8478 8169 309 3376
is_linear=0
shrinkage=0.05


Tree=83
num_leaves=31
num_cat=0
split_feature=3 5 12 4 3 6 10 6 10 15 15 8 5 13 1 8 7 7 13 8 6 15 8 10 11 12 13 10 2 4
split_gain=514.69 297.91 77.082 70.7826 63.985 51.6894 42.3952 38.0688 36.9688 36.9436 36.1495 51.2875 41.2596 37.1543 34.4936 40.3861 37.165 31.3094 55.5142 35.5538 36.8748 34.244 60.2034 77.2053 89.5789 68.7983 36.7389 65.7116 59.1708 57.5762
threshold=12.342118740081789 1.985000014305115 -0.13052122294902799 8.2449998855590838 10.355289936065676 951.64999389648449 0.9170251488685609 963.64999389648449 0.30069434642791754 68.500000000000014 34.500000000000007 1.0000000180025095e-35 1.1416666507720949 -0.7865660786628722 1.0000000180025095e-35 -0.50432845950126637 -0.464854747056961 -0.97789707779884327 0.91597560048103344 0.090250775218009963 945.45001220703136 24.500000000000004 0.85581842064857494 0.66259482502937328 8.2500000000000018 0.31729258596897131 -0.37940952181816096 0.84335932135581981 43.500000000000007 4.6250000000000009
decision_type=2 2 2 2 2 2 2 2 2 2 2 2 2 2 2 2 2 2 2 2 2 2 2 2 2 2 2 2 2 2
left_child=1 2 7 -2 17 8 -6 -1 -4 -8 -7 12 -12 -13 16 -16 -5 18 19 20 -3 22 23 25 -25 -19 27 -23 29 -29
right_child=3 4 5 14 6 10 9 -9 -10 -11 11 13 -14 -15 15 -17 -18 21 -20 -21 -22 26 -24 24 -26 -27 -28 28 -30 -31
leaf_value=-0.00015236628550332858 0.00054160735100280695 0.0013976789873183563 -0.00018834462641722258 0.00055301221745368003 0.00044430511058733972 -0.00016923760448899129 0.00040209799579961629 -0.00024375976861315004 6.5783242105347479e-05 0.0013736381127995247 -0.00015217517715082325 -0.00010902443744530686 -9.3725195288303474e-05 -0.00015115712085209053 8.3524790643330076e-07 0.00028392466444560619 0.00098246550545229012 -0.00038060846143030146 -0.0020682465699010414 0.0037648144059141842 -0.0015449453559320653 -0.00019359138785674803 -0.0018487836123414897 -0.00048304680837556527 0.0029777025751218269 -0.00097116394002627756 -0.00020324464736659522 0.0006271956939807961 -0.0010344965910538365 0.003740317881931088
leaf_weight=4980 1328 1174 932 125 3797 585 1286 334 731 141 319 216 935 1283 309 846 1020 2636 273 656 306 6012 787 1159 1155 1197 18804 2036 814 1675
leaf_count=4980 1328 1174 932 125 3797 585 1286 334 731 141 319 216 935 1283 309 846 1020 2636 273 656 306 6012 787 1159 1155 1197 18804 2036 814 1675
internal_value=-0.000355192 -0.00157575 -0.00921996 0.017864 0.000220891 -0.0136736 0.00541212 -0.00501974 -0.00644484 0.0127444 -0.0172599 -0.0148115 -0.00730739 -0.0210439 0.023167 0.0169397 0.0293478 -0.000480757 0.00503314 0.00775339 0.00343434 -0.000847574 -0.00400634 -0.00233257 0.00487279 -0.00668317 -0.000100525 0.00226238 0.00681015 0.00948601
internal_weight=57851 54223 10315 3628 43908 5001 5224 5314 1663 1427 3338 2753 1254 1499 2300 1155 1145 38684 2409 2136 1480 36275 6934 6147 2314 3833 29341 10537 4525 3711
internal_count=57851 54223 10315 3628 43908 5001 5224 5314 1663 1427 3338 2753 1254 1499 2300 1155 1145 38684 2409 2136 1480 36275 6934 6147 2314 3833 29341 10537 4525 3711
is_linear=0
shrinkage=0.05


Tree=84
num_leaves=31
num_cat=0
split_feature=9 5 4 7 6 13 6 9 6 11 4 0 7 12 10 7 7 8 8 12 8 6 5 7 8 6 6 12 6 14
split_gain=445.338 208.452 158.716 74.0553 94.5147 89.2634 67.378 55.031 54.3481 44.8789 43.673 39.4847 71.4581 39.1246 35.5913 35.2121 36.267 34.5401 32.8405 32.6545 30.9668 56.2078 43.8651 37.9104 30.7088 53.897 50.5592 29.8692 46.2361 29.8229
threshold=10.404999732971193 1.985000014305115 8.7349996566772479 0.91947823762893688 964.85000610351574 -0.37940952181816096 951.64999389648449 2.4550000429153447 939.64999389648449 3.7500000000000004 6.9649999141693124 1.0000000180025095e-35 -0.464854747056961 -0.3172925859689712 -0.80382624268531788 0.88234141469001781 0.86133140325546276 -0.40097093582153315 0.83987808227539074 -0.49240480363368982 0.021515898406505588 973.35000610351574 4.4716665744781503 0.9600123167037965 -0.20061247795820233 954.14999389648449 950.85000610351574 -0.14780378341674802 963.25000000000011 5.4249999523162851
decision_type=10 2 2 2 2 2 2 10 2 2 2 2 2 2 2 2 2 2 2 2 2 2 2 2 2 2 2 2 2 10
left_child=1 6 3 13 5 10 8 27 -1 14 -5 17 -13 -2 -10 16 29 -4 -19 -18 -17 22 -22 -24 26 -26 -7 28 -8 -3
right_child=2 15 11 4 -6 24 7 -9 9 -11 -12 12 -14 -15 -16 20 19 18 -20 -21 21 -23 23 -25 25 -27 -28 -29 -30 -31
leaf_value=-0.00035780869830852704 0.0012750711420838946 -0.00017963059176949946 6.294796002365155e-07 0.0019517771114113487 0.0010451205669990611 -0.0063151104226357507 -0.00011789562720071618 -0.00015850094733716957 -0.00023172192000559647 0.00041788971032985305 0.0014157575041674753 0.00020621538646966865 0.00093334223017967348 0.00012020206943145485 2.5045900565269508e-05 -0.00012873205685232648 -0.0012130327610099219 0.00072447825926468261 4.0661188991575342e-05 0.0037877780574823317 -0.00064637347874281232 0.0056018684471109753 -0.0029433874044914794 -0.0065708255222865167 0.0025656952812362524 -0.0041968601675571758 0.0018397412853482509 -0.0001421397086907523 -0.00022522943557217544 0.00030454595467700117
leaf_weight=220 1118 15382 338 346 438 81 942 2750 1797 957 409 212 897 5760 1359 2483 99 427 396 312 1870 139 213 308 239 556 223 2074 163 15491
leaf_count=220 1118 15382 338 346 438 81 942 2750 1797 957 409 212 897 5760 1359 2483 99 427 396 312 1870 139 213 308 239 556 223 2074 163 15491
internal_value=-0.000352562 -0.00252448 0.00848405 0.00554768 0.0133217 0.00833782 -0.00881465 -0.0122767 -0.0040687 -0.00275619 0.0215132 0.0203077 0.0270646 0.0029493 -0.00563113 -0.000745138 -0.000121448 0.013765 0.0192633 0.0145433 -0.00463332 -0.00852071 -0.0103297 -0.0230989 -0.000769928 -0.0059375 0.0126214 -0.0167557 -0.010045 -0.000318997
internal_weight=57999 46559 11440 9170 2292 1854 10262 5929 4333 4113 755 2270 1109 6878 3156 36297 31284 1161 823 411 5013 2530 2391 521 1099 795 304 3179 1105 30873
internal_count=57999 46559 11440 9170 2292 1854 10262 5929 4333 4113 755 2270 1109 6878 3156 36297 31284 1161 823 411 5013 2530 2391 521 1099 795 304 3179 1105 30873
is_linear=0
shrinkage=0.05


Tree=85
num_leaves=31
num_cat=0
split_feature=3 5 12 4 4 6 0 6 8 7 15 13 8 7 7 7 6 6 6 14 8 11 7 7 14 15 6 11 15 15
split_gain=470.254 297.727 76.2685 62.2837 53.0161 52.1782 48.6218 46.8023 43.9349 40.4436 40.319 56.1676 49.1093 38.2471 35.8629 35.6188 35.4019 35.1539 40.1687 37.5903 34.9987 34.4182 33.4418 38.5595 37.9329 37.0501 33.2184 32.3891 29.8855 44.8181
threshold=12.342118740081789 2.0049999952316289 -0.13052122294902799 8.2449998855590838 6.2049999237060556 960.35000610351574 1.0000000180025095e-35 951.75000000000011 -0.50432845950126637 -0.464854747056961 34.500000000000007 -0.6035533845424651 1.0000000180025095e-35 0.96693778038024913 0.46866798400878912 0.88637545704841625 940.14999389648449 944.14999389648449 948.35000610351574 4.805000066757203 0.99351876974105846 3.1499999761581425 0.88234141469001781 0.86133140325546276 7.9849998950958261 32.500000000000007 963.64999389648449 3.1499999761581425 43.500000000000007 72.500000000000014
decision_type=2 2 2 2 2 2 2 2 2 2 2 2 2 2 2 2 2 2 2 10 2 2 2 2 10 2 2 2 2 2
left_child=1 2 26 -2 22 17 8 16 -5 -8 -9 14 15 -7 -12 21 -4 -6 19 -19 -10 -13 23 24 28 -24 -1 -18 -3 -30
right_child=3 4 7 6 5 13 9 10 20 -11 11 12 -14 -15 -16 -17 27 18 -20 -21 -22 -23 25 -25 -26 -27 -28 -29 29 -31
leaf_value=-0.00014431717935942633 0.00055271330314219378 -0.00026493250134041331 -0.00025309752685948663 -8.5680317805258987e-06 0.0032103754256577913 0.0005271015430471232 0.00046879104746071491 -0.0001586317967137623 0.00034871258224346003 0.00088667511867068782 0.0039229890776082575 -0.0001507687717503017 -0.00013654131095266583 0.0019692458199995102 -0.00014502370308248615 0.00033556569211685777 -0.00018674318728151469 0.0028444351996062128 0.00031996090941398552 -0.0029723580694723823 -2.5411464329649916e-05 0.00055463707714646269 -0.0031367077216008783 0.0028338615468838295 0.0014547681077744581 -0.00054481875808742722 -0.00022031030840388374 0.00014154246110174989 0.00077591234145434139 -0.00069538019825282074
leaf_weight=5129 1349 15083 118 316 878 1510 133 603 746 1005 113 649 1238 415 482 205 836 187 5787 1406 97 166 92 402 4346 5037 324 761 6582 1953
leaf_count=5129 1349 15083 118 316 878 1510 133 603 746 1005 113 649 1238 415 482 205 836 187 5787 1406 97 166 92 402 4346 5037 324 761 6582 1953
internal_value=-0.000415854 -0.00158359 -0.00908834 0.0169543 0.000242657 0.00340106 0.0219592 -0.013437 0.0146478 0.0293088 -0.0167871 -0.0142582 -0.0178524 0.0108031 -0.000583333 -0.00965854 -0.00665698 0.0016701 0.000541638 -0.00647685 0.0205778 -0.0143293 -0.00071791 -4.58214e-05 -0.000268154 -0.00443124 -0.00495603 -0.00465044 -0.00105829 0.00130562
internal_weight=57948 54302 10624 3646 43678 10183 2297 5171 1159 1138 3456 2853 2258 1925 595 1020 1715 8258 7380 1593 843 815 33495 28366 27964 5129 5453 1597 23618 8535
internal_count=57948 54302 10624 3646 43678 10183 2297 5171 1159 1138 3456 2853 2258 1925 595 1020 1715 8258 7380 1593 843 815 33495 28366 27964 5129 5453 1597 23618 8535
is_linear=0
shrinkage=0.05


Tree=86
num_leaves=31
num_cat=0
split_feature=3 5 6 9 3 6 8 3 0 10 8 13 8 6 7 8 2 10 14 10 14 13 7 10 7 6 13 10 8 7
split_gain=454.648 277.348 67.6713 59.9894 56.5415 51.2641 47.8822 46.5338 46.3749 45.9279 38.3251 36.1418 35.0941 34.1446 32.1265 44.39 30.1896 31.7083 32.4324 28.7256 28.2605 27.8377 48.008 45.2889 36.6066 32.0901 27.1667 90.1419 60.3076 54.3255
threshold=12.342118740081789 2.0049999952316289 952.04998779296886 14.965000152587892 2.1336435079574589 940.64999389648449 1.0000000180025095e-35 8.5508251190185565 1.0000000180025095e-35 0.9238443672657014 0.84908413887023937 -0.7865660786628722 -0.34918220341205591 948.35000610351574 0.88234141469001781 -0.98009455204009999 18.500000000000004 -0.9366365075111388 3.9450000524520878 0.8038262426853181 1.7450000047683718 0.60355338454246532 -0.97415921092033375 0.78257837891578685 -0.96582093834877003 945.95001220703136 -0.6035533845424651 0.86159634590148937 -0.81825488805770863 -0.26538825035095209
decision_type=2 2 2 8 2 2 2 2 2 2 2 2 2 2 2 2 2 2 10 2 10 2 2 2 2 2 2 2 2 2
left_child=1 2 5 8 -4 -1 14 21 12 -10 11 -8 -2 -9 15 -6 20 18 -18 -16 -7 22 23 25 -24 -3 27 -15 -29 -28
right_child=3 7 4 -5 6 16 10 13 9 -11 -12 -13 -14 26 19 -17 17 -19 -20 -21 -22 -23 24 -25 -26 -27 29 28 -30 -31
leaf_value=-0.0003505622423395807 -2.8120666432923659e-05 0.0013492668090234721 -0.00012754351686125302 0.00077968952350345735 0.00066132935830269762 -0.00020802521507003416 -8.5772118040535359e-05 -0.0010275247927413412 0.00085285397051844685 0.00083139907196392866 -0.00014941466861658446 -0.00017707078070671101 0.0001647561516074453 -3.7459549186533159e-05 -0.00024281802998970062 -0.00019481699614097532 -0.000218986217869252 0.00039385216334751052 0.0020771484162023924 0.00076933320614859708 -0.00013109984489743191 -0.00050731600700978528 -0.0025414891023544314 0.0043984969821780377 -4.3852734979382348e-05 -0.0019226831973853311 0.0012990763615060798 -0.0009567967378414366 0.002485629229808817 2.9754714681198838e-05
leaf_weight=339 476 1082 1926 719 316 596 256 2293 1124 318 615 1148 994 1652 117 1202 905 1636 182 408 950 7874 249 340 20835 226 1483 194 1282 6254
leaf_count=339 476 1082 1926 719 316 596 256 2293 1124 318 615 1148 994 1652 117 1202 905 1636 182 408 950 7874 249 340 20835 226 1483 194 1282 6254
internal_value=-0.000409511 -0.00155431 -0.00881049 0.0167079 -0.0123144 -0.00424886 -0.00895009 0.00020334 0.0134727 0.0198341 -0.0144022 -0.0189496 0.00718644 0.00268936 -0.00354004 -0.00722259 -0.00274918 0.000421554 -0.00618132 0.00707547 -0.00831721 -0.000865702 2.19906e-05 0.00822747 -0.000621177 0.0039604 0.00385925 0.00778806 0.0167454 0.00226686
internal_weight=57991 54360 10596 3631 5988 4608 4062 43764 2912 1442 2019 1404 1470 13158 2043 1518 4269 2723 1087 525 1546 30606 22732 1648 21084 1308 10865 3128 1476 7737
internal_count=57991 54360 10596 3631 5988 4608 4062 43764 2912 1442 2019 1404 1470 13158 2043 1518 4269 2723 1087 525 1546 30606 22732 1648 21084 1308 10865 3128 1476 7737
is_linear=0
shrinkage=0.05


Tree=87
num_leaves=31
num_cat=0
split_feature=3 5 0 12 8 6 3 13 7 4 6 8 7 2 8 10 6 5 7 3 13 10 7 12 8 8 8 9 9 12
split_gain=394.321 277.022 99.1264 77.5243 70.5533 57.2472 50.7296 47.6621 45.9468 47.7551 43.2748 36.4232 54.5308 36.2875 34.5743 32.5953 28.9957 28.6865 27.8358 25.8768 23.8871 66.6163 64.7688 35.7664 38.9097 34.3068 68.1899 41.562 32.7392 29.8892
threshold=12.342118740081789 2.0049999952316289 1.0000000180025095e-35 -0.13052122294902799 -0.40097093582153315 951.54998779296886 8.3795862197875994 -0.7865660786628722 -0.464854747056961 8.6750001907348651 963.64999389648449 1.0000000180025095e-35 0.88234141469001781 19.500000000000004 -0.18797264248132703 0.30069434642791754 948.35000610351574 1.4583333730697634 -0.98134601116180409 2.5539633035659794 -0.37940952181816096 -0.94260558485984791 -0.26538825035095209 0.44618082046508795 0.99805629253387462 -0.80825239419937123 -0.94917574524879444 9.0450000762939471 14.965000152587892 0.35019405186176306
decision_type=2 2 2 2 2 2 2 2 2 2 2 2 2 2 2 2 2 2 2 2 2 2 2 2 2 2 2 8 8 2
left_child=1 3 4 10 -2 15 -3 -7 -4 -10 13 12 19 -1 -6 -5 18 -15 -8 -9 21 -18 -22 24 28 26 -23 -27 -24 -30
right_child=2 6 8 5 14 7 16 11 9 -11 -12 -13 -14 17 -16 -17 20 -19 -20 -21 22 25 23 -25 -26 27 -28 -29 29 -31
leaf_value=-0.00019762395431653247 -2.8559361034297126e-05 -0.00013531869825718774 0.00024064452509039991 -0.00016306645917236952 0.00041545879046976934 -0.00014130122291688149 0.0028992718318305967 -0.00012322595008090655 0.00074860327531205422 0.00080763392421673297 -0.00020568098952806888 -0.00012655323455927053 0.0002904579159979332 -0.00013756017982945881 0.00011842316441744716 8.0980205089394022e-05 -0.00030372326300305287 0.00030088801247089104 -0.0017013579368308441 -0.00018629491955565302 0.0014110173681627482 0.001732911856253125 -4.0203007420805406e-05 -0.0024054158173926589 0.0020731401624984546 -0.0015216156622413436 -0.0018292852052039844 0.0020587729741979506 0.0067021681175022333 -0.00023062874356999665
leaf_weight=1709 539 29649 203 946 268 573 393 734 821 787 338 1430 240 1246 1046 735 1391 2104 2140 485 1479 228 4216 1282 179 297 312 2038 142 84
leaf_count=1709 539 29649 203 946 268 573 393 734 821 787 338 1430 240 1246 1046 735 1391 2104 2140 485 1479 228 4216 1282 179 297 312 2038 142 84
internal_value=-0.00052034 -0.0015908 0.0153448 -0.00886676 0.00718515 -0.0132576 0.00015969 -0.0169311 0.0236509 0.0264724 -0.00467419 -0.0195404 -0.0139003 -0.00350513 0.0134193 -0.00566429 0.00261878 -0.0004769 -0.00222616 -0.0181781 0.00367287 0.0066495 0.00194937 -0.000397766 0.0016537 0.0109896 -0.000366972 0.0136111 0.000719586 0.0190476
internal_weight=58034 54370 3664 10540 1853 5143 43830 3462 1811 1608 5397 2889 1459 5059 1314 1681 14181 3350 2533 1219 11648 4266 7382 5903 4621 2875 540 2335 4442 226
internal_count=58034 54370 3664 10540 1853 5143 43830 3462 1811 1608 5397 2889 1459 5059 1314 1681 14181 3350 2533 1219 11648 4266 7382 5903 4621 2875 540 2335 4442 226
is_linear=0
shrinkage=0.05


Tree=88
num_leaves=31
num_cat=0
split_feature=3 3 0 3 10 4 15 8 6 8 3 4 6 2 4 6 10 13 6 14 9 9 6 15 6 8 12 8 8 12
split_gain=360.112 177.07 83.2634 77.304 58.2197 56.4708 67.2864 55.8928 52.5311 46.2411 38.175 36.8539 41.5349 35.2999 29.3119 41.3792 40.5302 41.1882 46.9145 36.7819 32.9594 32.6758 29.6929 42.609 49.0891 27.5067 27.1989 39.3025 68.8524 57.2355
threshold=11.564913749694826 2.6820437908172612 1.0000000180025095e-35 13.349349021911623 0.94828754663467418 1.3949999809265139 76.500000000000014 -0.56602323055267323 952.35000610351574 -0.20061247795820233 1.7241498827934267 7.5050001144409189 953.04998779296886 38.500000000000007 5.7249999046325692 960.35000610351574 -0.74892720580101002 0.12940952181816109 943.35000610351574 8.9849996566772479 9.2150001525878924 12.184999942779543 944.14999389648449 25.500000000000004 955.04998779296886 -0.99141839146614064 0.38266885280609136 -0.61794704198837269 -0.6576542556285857 -0.68832838535308827
decision_type=2 2 2 2 2 2 2 2 2 2 2 2 2 2 2 2 2 2 2 10 10 10 2 2 2 2 2 2 2 2
left_child=1 8 7 4 -4 6 13 11 -1 -9 -10 -2 -13 25 26 16 20 21 -19 -20 22 -18 -16 -24 -25 -3 27 28 29 -7
right_child=2 5 3 -5 -6 14 -8 9 10 -11 -12 12 -14 -15 15 -17 17 18 19 -21 -22 -23 23 24 -26 -27 -28 -29 -30 -31
leaf_value=-0.00013009006441259374 0.00089574055986136334 0.0017773608347529148 0.00060893610462400556 0.00076297519035114505 0.00075664505722677911 0.0025295070044460649 -0.00016606664867110823 0.00042061376197179427 -0.00011513087973423643 9.0471725864965663e-05 -0.00011260437830789005 6.5878409897235371e-05 -8.98497506145124e-05 0.00058445508811527408 0.0015943490233115976 0.001110337877847445 0.0016561566458684245 0.0051193567292704498 -0.00081052594758380676 0.0022950483887014292 0.0001198599100509179 -0.00094468818785742878 -0.0046031005883419244 0.00098109712849289515 -0.004776279295259098 -0.0002425875032521877 -0.00038317936583279617 -0.00021126059532157045 0.0065219888262050933 -0.0001192852665090607
leaf_weight=3122 178 90 1344 1026 218 1371 558 427 1164 1462 2384 178 384 776 308 2077 2056 228 2811 340 2525 263 456 478 279 2548 7951 15152 510 5400
leaf_count=3122 178 90 1344 1026 218 1371 558 427 1164 1462 2384 178 384 776 308 2077 2056 228 2811 340 2525 263 456 478 279 2548 7951 15152 510 5400
internal_value=-0.000528681 -0.00176625 0.0119973 0.0183571 0.0112955 -0.000665844 -0.00636158 0.00571374 -0.00937828 0.0102693 -0.0135379 -0.00590604 -0.0121693 -0.00371454 -0.000129116 0.00198292 0.000615448 0.00333158 -0.00019208 -0.00179024 -0.00320908 0.00845525 -0.00901048 -0.0125205 -0.00518373 -0.00646992 -0.000951002 -6.01658e-05 0.00295773 0.001616
internal_weight=58064 52847 5217 2588 1562 46177 3972 2629 6670 1889 3548 740 562 3414 42205 11821 9744 5698 3379 3151 4046 2319 1521 1213 757 2638 30384 22433 7281 6771
internal_count=58064 52847 5217 2588 1562 46177 3972 2629 6670 1889 3548 740 562 3414 42205 11821 9744 5698 3379 3151 4046 2319 1521 1213 757 2638 30384 22433 7281 6771
is_linear=0
shrinkage=0.05


Tree=89
num_leaves=31
num_cat=0
split_feature=3 5 12 0 13 8 7 8 7 9 7 6 9 6 13 13 8 7 7 15 5 9 11 6 12 8 13 6 6 12
split_gain=379.421 240.555 78.063 74.0631 50.1457 45.2617 42.7075 41.2126 40.3419 37.2222 43.8262 68.0741 36.931 36.4789 35.9658 35.8327 32.4485 31.5494 33.8074 33.79 30.5136 29.805 28.6748 27.7352 45.83 51.0075 46.2462 39.6224 37.885 48.04
threshold=12.461795806884767 2.0049999952316289 -0.13052122294902799 1.0000000180025095e-35 -0.6035533845424651 1.0000000180025095e-35 0.88234141469001781 -0.40097093582153315 -0.464854747056961 10.404999732971193 0.93554237484931957 964.75000000000011 14.284999847412111 963.64999389648449 0.78656607866287243 -0.37940952181816096 0.96962100267410289 0.88234141469001781 0.86133140325546276 32.500000000000007 1.1783332824707033 3.7949999570846562 5.1499998569488534 960.95001220703136 -0.0087262028828264185 -0.30451801419258112 -0.6035533845424651 957.64999389648449 963.45001220703136 -0.53727915883064259
decision_type=2 2 2 2 2 2 2 2 2 10 2 2 8 2 2 2 2 2 2 2 2 10 2 2 2 2 2 2 2 2
left_child=1 2 13 7 -4 6 14 -2 -5 17 -11 15 -10 -1 -6 -12 -9 18 -3 -19 -16 -7 -20 24 25 -21 -26 -28 -25 -30
right_child=3 9 4 8 5 21 -8 16 12 10 11 -13 -14 -15 20 -17 -18 19 22 23 -22 -23 -24 28 26 -27 27 -29 29 -31
leaf_value=-0.00010243516144144679 -1.7638294781202601e-05 -1.7647291307767986e-05 -0.00010526626776149462 0.00025985742791981569 -0.00013366096959384978 -0.00011665450898982701 0.00035147143677034484 0.0003651809863024658 0.00071748706840746865 0.00016058185166621111 0.0026663384351048539 0.0015757347995318195 0.00072482643083358618 -0.000185205358921623 -0.00011162597693740962 -0.00024451499876509963 -1.1965967976240722e-05 -0.0028977889465837967 0.0039043544585589786 0.0072574168531175272 0.0001426837799874737 -0.00015667409917642866 -0.00078979696593171618 0.0021663093908592074 0.0023442975080778003 -0.0021495868681010977 2.014172711381902e-05 -0.0022864426946057116 0.0051697931437443062 -0.0011582073107035541
leaf_weight=5123 500 30493 1153 194 1204 1491 222 921 1002 6536 541 276 521 325 227 714 274 87 242 93 592 273 173 782 566 883 734 546 280 1017
leaf_count=5123 500 30493 1153 194 1204 1491 222 921 1002 6536 541 276 521 325 227 714 274 87 242 93 592 273 173 782 566 883 734 546 280 1017
internal_value=-0.000447491 -0.00145938 -0.00821479 0.0157155 -0.0126185 -0.0152591 -0.0105111 0.00826471 0.0230256 0.000171716 0.00323959 0.0108398 0.0257526 -0.00403448 -0.0127959 0.00583333 0.0132917 -0.000518091 7.76372e-05 -0.00420589 -0.00467233 -0.0212549 0.0141667 -0.0036384 -0.0068624 -0.0155963 -0.00221502 -0.00747082 0.000743762 -0.00449309
internal_weight=57985 54573 10610 3412 5162 4009 2245 1695 1717 43963 8067 1531 1523 5448 2023 1255 1195 35896 30908 4988 819 1764 415 4901 2822 976 1846 1280 2079 1297
internal_count=57985 54573 10610 3412 5162 4009 2245 1695 1717 43963 8067 1531 1523 5448 2023 1255 1195 35896 30908 4988 819 1764 415 4901 2822 976 1846 1280 2079 1297
is_linear=0
shrinkage=0.05


Tree=90
num_leaves=31
num_cat=0
split_feature=3 5 0 12 6 4 13 7 13 8 10 8 4 6 6 15 15 7 6 15 15 4 7 4 8 3 8 13 8 5
split_gain=367.888 262.791 79.8444 72.6291 57.5341 47.8195 45.5007 38.1751 36.0147 35.1508 35.0929 34.7294 34.6702 49.5556 33.6705 31.5729 41.2216 31.138 30.8729 29.7302 28.7816 28.7188 26.724 26.6084 26.4767 26.4699 25.9541 25.7828 46.3519 36.3175
threshold=12.342118740081789 2.0049999952316289 1.0000000180025095e-35 -0.13052122294902799 951.35000610351574 8.1050000190734881 -0.7865660786628722 -0.464854747056961 0.78656607866287243 -0.38118652999401087 0.30069434642791754 0.8730936348438264 5.7249999046325692 960.35000610351574 963.64999389648449 34.500000000000007 45.500000000000007 0.88234141469001781 943.35000610351574 63.500000000000007 27.500000000000004 8.1050000190734881 0.86993730068206798 0.5900000035762788 -0.77682399749755848 3.1994727849960332 1.0000000180025095e-35 0.60355338454246532 0.96962100267410289 5.1383333206176767
decision_type=2 2 2 2 2 2 2 2 2 2 2 2 2 2 2 2 2 2 2 2 2 2 2 2 2 2 2 2 2 2
left_child=1 3 9 14 10 -4 20 -7 15 -2 -5 21 17 18 -1 -8 -17 22 -14 -13 -6 -11 27 -10 -22 -19 -25 28 -3 -30
right_child=2 12 5 4 6 7 8 -9 23 11 -12 19 13 -15 -16 16 -18 25 -20 -21 24 -23 -24 26 -26 -27 -28 -29 29 -31
leaf_value=-0.00010896263840391918 -1.3360849415039456e-05 0.00024584661928111557 0.00054859148258766532 -0.00014276230154868023 -0.00020799595275815264 0.0003873698303370671 -0.00011057482934762096 0.00069286214694666006 -0.00010510698685258415 0.00037097256212043073 0.00011131163053951805 -1.8295966087902849e-05 0.0029515441163117276 0.00075571421389513402 -0.00017554026288441223 -6.2843300280555813e-05 -0.00012678324807290808 0.00022563915464964636 2.9259760220320952e-05 0.00013393416361459631 0.0031267605110968095 0.00044226271126819041 0.0039675681554048317 0.00024360500790469457 -0.00012940011248738356 -0.00074878676277170808 -0.00010241840404815956 -0.00040829982295645883 -0.00043284811328341227 -0.0062660020390566534
leaf_weight=5107 539 17197 562 919 85 144 407 1114 244 305 726 344 842 2510 342 296 1244 193 9928 154 97 484 214 378 390 4374 377 6666 1556 242
leaf_count=5107 539 17197 562 919 85 144 407 1114 244 305 726 344 842 2510 342 296 1244 193 9928 154 97 484 214 378 390 4374 377 6666 1556 242
internal_value=-0.000463913 -0.00149616 0.0149 -0.00855232 -0.0127999 0.0223014 -0.0164065 0.0277118 -0.0189088 0.00748225 -0.00506061 0.0119582 0.000217257 0.00234851 -0.00451962 -0.022874 -0.0194822 -0.000712714 0.00087239 0.00159046 -0.0034662 0.0184509 -4.05719e-05 -0.0111056 0.00132114 -0.00451662 -0.00638158 -0.000188966 0.00075 -0.00687743
internal_weight=57980 54334 3646 10612 5163 1820 3518 1258 2946 1826 1645 1287 43722 13280 5449 1947 1540 30442 10770 498 572 789 25875 999 487 4567 755 25661 18995 1798
internal_count=57980 54334 3646 10612 5163 1820 3518 1258 2946 1826 1645 1287 43722 13280 5449 1947 1540 30442 10770 498 572 789 25875 999 487 4567 755 25661 18995 1798
is_linear=0
shrinkage=0.05


Tree=91
num_leaves=31
num_cat=0
split_feature=5 3 0 12 13 7 3 9 7 7 9 6 8 12 8 7 13 10 10 14 7 13 10 7 7 8 7 6 6 3
split_gain=336.127 264.581 90.1716 75.8987 52.7569 46.5006 36.8218 36.209 34.9692 36.4677 35.9053 33.9207 31.6297 30.7207 29.3566 58.8553 28.6177 26.7051 26.6885 26.3312 25.7481 44.2787 72.6101 44.5703 42.8911 48.092 43.3679 41.6161 38.1262 35.8631
threshold=2.0049999952316289 12.461795806884767 1.0000000180025095e-35 -0.13052122294902799 -0.6035533845424651 0.066572044044733061 8.1176929473876971 14.284999847412111 0.91258591413497936 0.58534687757492077 13.855000019073488 947.95001220703136 -0.47813485562801356 -0.3172925859689712 1.0000000180025095e-35 0.88234141469001781 0.78656607866287243 0.18222858756780627 0.98624804615974437 1.575000047683716 -0.45724393427371973 -0.37940952181816096 -0.94260558485984791 0.68472337722778331 0.72731766104698192 -0.13282711803913114 0.98217421770095836 954.04998779296886 966.35000610351574 10.285099506378176
decision_type=2 2 2 2 2 2 2 8 2 2 10 2 2 2 2 2 2 2 2 10 2 2 2 2 2 2 2 2 2 2
left_child=3 6 8 19 -5 17 -2 -4 9 -3 -10 12 13 -8 15 -7 18 -6 -14 -1 -13 22 -22 -23 -25 26 -26 -27 -29 -24
right_child=1 2 7 4 5 14 11 -9 10 -11 -12 20 16 -15 -16 -17 -18 -19 -20 -21 21 23 29 24 25 27 -28 28 -30 -31
leaf_value=-0.00015819914771203147 -0.0001111600107583416 3.4797081080645276e-05 0.00064797883694151523 -9.4962813668877287e-05 -0.00013089501135844724 -0.00011198888263113903 0.0020202073373382728 0.00065394200194457408 0.00026330007407889265 -8.8770224699896716e-05 0.00054772671755214943 0.0012465122750130093 0.0019928781320293245 -0.0053177480645936644 -9.90506475966063e-05 0.00034791605147010637 -0.0032752602886748083 -8.1655898193758102e-05 -0.0064653407241884288 -0.00010113480427986905 -0.00078434674766870722 0.00036910197739781496 0.0015662045781433154 -0.0077104319719944834 0.00010519603158410385 0.003000353690990107 0.0068753038360219653 -0.0044705951792581994 0.0022135419437502579 0.00098715204776360648
leaf_weight=1608 28276 1034 1138 1154 1041 1027 190 551 293 183 217 1872 1367 615 1082 218 339 633 80 3821 1130 4020 1926 269 1177 226 118 1161 141 1057
leaf_count=1608 28276 1034 1138 1154 1041 1027 190 551 293 183 217 1872 1367 615 1082 218 339 633 80 3821 1130 4020 1926 269 1177 226 118 1161 141 1057
internal_value=-0.000577895 0.00122191 0.0146156 -0.0086316 -0.0129748 -0.015689 0.000179672 0.0228158 0.00655312 0.00192308 0.0174757 0.00212197 -0.00310092 -0.0112963 -0.0202616 -0.01492 0.000614182 -0.00929124 0.00368457 -0.00449945 0.00315601 0.00224844 0.00637445 -0.000140509 -0.00464966 -0.00281117 0.00426923 -0.00880626 -0.0122418 0.0104585
internal_weight=57964 47380 3416 10584 5155 4001 43964 1689 1727 1217 510 15688 2591 805 2327 1245 1786 1674 1447 5429 13097 11225 4113 7112 3092 2823 1295 1528 1302 2983
internal_count=57964 47380 3416 10584 5155 4001 43964 1689 1727 1217 510 15688 2591 805 2327 1245 1786 1674 1447 5429 13097 11225 4113 7112 3092 2823 1295 1528 1302 2983
is_linear=0
shrinkage=0.05


Tree=92
num_leaves=31
num_cat=0
split_feature=3 5 0 3 4 15 2 8 8 7 8 9 3 15 7 10 7 9 7 10 8 8 13 7 10 13 8 5 5 5
split_gain=348.215 233.195 92.326 58.5807 50.2727 45.0593 43.0443 41.1335 39.1712 38.5648 35.6179 35.812 33.0042 31.4491 29.0252 28.2184 35.5315 41.5938 35.127 33.7434 27.8065 46.0501 27.4347 32.4378 24.544 61.0976 50.8414 25.9253 24.2614 24.2328
threshold=12.342118740081789 2.0049999952316289 1.0000000180025095e-35 1.7241498827934267 8.1050000190734881 75.500000000000014 41.500000000000007 -0.40097093582153315 1.0000000180025095e-35 -0.464854747056961 0.8730936348438264 14.465000152587892 8.1176929473876971 64.500000000000014 -0.94573098421096791 -0.95878320932388295 -0.070841956883668886 5.1250000000000009 -0.98450490832328785 -0.79332312941551197 0.99805629253387462 0.97745609283447277 -0.6035533845424651 0.89799436926841747 0.89490029215812694 -0.6035533845424651 -0.69561269879341114 3.9150000810623173 7.6916666030883798 8.2049999237060565
decision_type=2 2 2 2 2 2 2 2 2 2 2 10 2 2 2 2 2 10 2 2 2 2 2 2 2 2 2 2 2 2
left_child=1 3 7 14 -4 6 15 -2 -7 -6 11 -9 -3 29 -1 -5 18 -18 -17 -20 21 24 23 -10 -14 26 -26 -28 -23 -12
right_child=2 12 4 5 9 8 -8 10 22 -11 13 -13 20 -15 -16 16 17 -19 19 -21 -22 28 -24 -25 25 -27 27 -29 -30 -31
leaf_value=0.0002870363332645169 -2.0984074373059382e-05 -0.00010425582657835079 0.00049575489088773126 -0.0001583244318490979 0.00028776750602975686 -3.2034426977888083e-05 0.0004367836528961177 0.00039624586139861144 0.0019200109027274533 0.00062552193950209947 0.00023446514291278753 0.00050814229269074138 0.00015475699933421017 0.0001094555472389125 -9.4098115216775986e-05 -0.00079807539170240335 -0.00012150520380680864 0.0012189252537643386 -0.00017399292776152948 0.00096678623030245535 0.0017552094700925337 -0.0046312018329769172 -0.00010398095277293664 -0.0001358284583181618 -8.1601608393216957e-05 0.00019068156415453231 -0.0005894066247498442 0.0024817709981659556 0.00063106661667995949 -4.3096048530757994e-05
leaf_weight=157 539 28213 584 1876 133 333 1195 594 84 1110 87 210 8867 153 1814 175 2280 251 659 927 297 632 718 153 365 4242 97 812 85 258
leaf_count=157 539 28213 584 1876 133 333 1195 594 84 1110 87 210 8867 153 1814 175 2280 251 659 927 297 632 718 153 365 4242 97 812 85 258
internal_value=-0.000442103 -0.00145104 0.0144568 -0.00809259 0.0224072 -0.00631354 -0.00479777 0.00652763 -0.0149265 0.0280849 0.0113236 0.0177998 0.000167374 0.000795229 -0.0158654 -0.00647983 -0.00423551 -0.00802445 0.00121744 0.00358265 0.00202896 0.0017279 -0.0200521 -0.00516529 0.0023457 0.00496287 0.0145426 0.0208425 -0.0105956 -0.00757143
internal_weight=57900 54232 3668 10622 1827 8651 7363 1841 1288 1243 1302 804 43610 498 1971 6168 4292 2531 1761 1586 15397 15100 955 237 14383 5516 1274 909 717 345
internal_count=57900 54232 3668 10622 1827 8651 7363 1841 1288 1243 1302 804 43610 498 1971 6168 4292 2531 1761 1586 15397 15100 955 237 14383 5516 1274 909 717 345
is_linear=0
shrinkage=0.05


Tree=93
num_leaves=31
num_cat=0
split_feature=3 5 0 12 13 7 9 15 7 7 6 13 7 6 10 15 9 15 3 6 15 6 9 7 10 13 7 3 7 6
split_gain=320.298 236.504 77.4302 74.1745 48.9666 43.6424 38.5698 33.7186 28.1856 38.984 27.8621 27.0086 36.6543 26.7721 26.2173 25.795 24.8893 23.8592 23.5997 22.9561 40.0916 31.6193 40.34 25.9849 39.7165 33.5997 32.416 29.0398 24.3156 22.2291
threshold=12.461795806884767 2.0049999952316289 1.0000000180025095e-35 -0.13052122294902799 -0.6035533845424651 0.066572044044733061 14.284999847412111 47.500000000000007 0.91258591413497936 0.58534687757492077 963.64999389648449 0.78656607866287243 0.90176594257354747 962.04998779296886 0.9238443672657014 97.500000000000014 13.855000019073488 72.500000000000014 7.0547201633453378 954.35000610351574 38.500000000000007 959.25000000000011 6.1250000000000009 0.46105717122554785 -0.9099266231060027 0.37940952181816107 0.94982600212097179 4.7104339599609384 -0.26538825035095209 940.45001220703136
decision_type=2 2 2 2 2 2 8 2 2 2 2 2 2 2 2 2 10 2 2 2 2 2 10 2 2 2 2 2 2 2
left_child=1 3 8 10 -5 7 14 -6 9 -2 29 12 -7 -13 -4 18 -10 -14 19 -3 -21 23 -23 25 -25 -22 27 -26 -27 -1
right_child=2 15 6 4 5 11 -8 -9 16 -11 -12 13 17 -15 -16 -17 -18 -19 -20 20 21 22 -24 24 26 28 -28 -29 -30 -31
leaf_value=-0.0004325784735398816 4.1136058868906922e-05 1.3015878116363901e-05 0.00062177082969401283 -8.5906337299032726e-05 -0.00011608062607496982 -0.00011356746197660143 0.00058996880487224292 0.00026670336262407825 0.00025299193634582552 -5.3781175130934723e-05 -0.00015622487944076956 -9.0484978855514151e-05 0.00016682619087541586 1.4946974146397285e-05 0.00054917657914816396 0.0068201058974429827 0.00039092215108047781 -8.5975452719605147e-05 0.00021414962530356686 -0.00050767047446203292 0.001472303449053724 -0.00026327753476802464 0.0015326645001019637 -0.0021131149474847098 0.00011246820731630481 -0.0018822857351335502 0.0011717853312264894 -0.0026370642073356345 -6.6379766734286748e-05 -7.6039092471122049e-05
leaf_weight=181 1035 14125 885 1166 1251 1145 560 417 286 183 334 568 189 262 261 95 212 184 21567 2038 625 2090 1293 333 248 160 414 478 360 4961
leaf_count=181 1035 14125 885 1166 1251 1145 560 417 286 183 334 568 189 262 261 95 212 184 21567 2038 625 2090 1293 333 248 160 414 478 360 4961
internal_value=-0.000557752 -0.00149021 0.014269 -0.00816843 -0.0124542 -0.0150709 0.0218001 -0.00884638 0.00674027 0.00261652 -0.00410509 -0.0194645 -0.0234406 -0.0120958 0.0164205 0.000134608 0.0166998 -0.00965608 7.65959e-05 -0.00106906 -0.00320114 -0.00114053 0.00205136 -0.00526115 -0.00964141 0.000391304 -0.00515284 -0.0114911 -0.00895238 -0.00318632
internal_weight=57906 54484 3422 10658 5182 4016 1706 1668 1716 1218 5476 2348 1518 830 1146 43826 498 373 43731 22164 8039 6001 3383 2618 1473 1145 1140 726 520 5142
internal_count=57906 54484 3422 10658 5182 4016 1706 1668 1716 1218 5476 2348 1518 830 1146 43826 498 373 43731 22164 8039 6001 3383 2618 1473 1145 1140 726 520 5142
is_linear=0
shrinkage=0.05


Tree=94
num_leaves=31
num_cat=0
split_feature=3 5 12 0 13 8 9 8 6 10 13 3 2 2 5 8 8 15 8 12 6 6 10 11 15 8 8 13 10 15
split_gain=297.209 226.089 85.8923 80.3886 48.4984 47.0932 46.5479 39.8493 38.5986 36.3225 32.6543 27.3194 27.2692 25.2334 24.4577 32.4976 34.3633 25.8169 29.709 35.4118 24.8524 23.9332 38.8501 49.836 47.4888 37.1659 36.6043 31.872 37.5489 29.8477
threshold=12.342118740081789 1.985000014305115 -0.13052122294902799 1.0000000180025095e-35 -0.6035533845424651 -0.35321410000324244 14.284999847412111 -0.18797264248132703 963.64999389648449 0.9238443672657014 0.37940952181816107 8.3795862197875994 19.500000000000004 28.500000000000004 0.94833332300186168 1.0000000180025095e-35 0.95052322745323192 58.500000000000007 -0.50432845950126637 0.62249094247818004 950.35000610351574 951.25000000000011 0.30069434642791754 6.3500001430511483 12.500000000000002 -0.99897944927215565 -0.34918220341205591 -1.0000000180025095e-35 0.85260769724845897 30.500000000000004
decision_type=2 2 2 2 2 2 8 2 2 2 2 2 2 2 2 2 2 2 2 2 2 2 2 2 2 2 2 2 2 2
left_child=1 2 8 5 -4 -2 9 -7 12 -5 -6 21 -1 -13 -12 17 -17 18 19 20 -16 22 24 -24 26 -26 -3 29 -29 -23
right_child=3 11 4 6 10 7 -8 -9 -10 -11 14 13 -14 -15 15 16 -18 -19 -20 -21 -22 27 23 -25 25 -27 -28 28 -30 -31
leaf_value=-0.00015343966700844024 -1.8835790850219027e-05 -0.0024765231286580335 -8.3182644401443722e-05 0.00056110261979670784 -0.0001232963080899137 0.00050164479514501481 0.00056047036462862914 0.00011605003564717498 -0.00015117700785617302 0.00054964733409003656 -8.3444556621458882e-05 0.00057468239262725154 3.6312578204537354e-06 -6.8049398067893127e-05 -6.8307389151608949e-05 -8.8003808584780774e-05 0.00010040900764707031 0.0003346807572933132 0.00055838929083507625 0.00025589420627882209 -0.00015317121685984393 -0.0003774831401590781 6.084019214721709e-05 0.0033112972224848183 0.010750719222563099 -0.00013812701087164217 9.4340740931986305e-05 -6.3579954066118449e-05 -0.00084147489667629825 0.00025134477673175863
leaf_weight=1690 575 285 1136 982 1412 218 548 1012 331 279 266 8375 3295 5781 182 824 203 273 251 182 315 1657 3229 1976 110 8300 195 3975 4307 5933
leaf_count=1690 575 285 1136 982 1412 218 548 1012 331 279 266 8375 3295 5781 182 824 203 273 251 182 315 1657 3229 1976 110 8300 195 3975 4307 5933
internal_value=-0.000556779 -0.00147831 -0.00812349 0.0133186 -0.0127946 0.00582873 0.0207552 0.011336 -0.00368352 0.0153633 -0.0154357 8.27139e-05 -0.00257515 0.00189252 -0.0119552 -0.0102013 -0.0167151 -0.00459437 -0.00855615 -0.013962 -0.0208167 -0.000772388 0.00072695 0.00415547 -0.00128162 -0.00040404 -0.0164948 -0.00210367 -0.00424762 0.000236998
internal_weight=58097 54483 10360 3614 5044 1805 1809 1230 5316 1261 3908 44123 4985 14156 2496 2230 1027 1203 930 679 497 29967 14095 5205 8890 8410 480 15872 8282 7590
internal_count=58097 54483 10360 3614 5044 1805 1809 1230 5316 1261 3908 44123 4985 14156 2496 2230 1027 1203 930 679 497 29967 14095 5205 8890 8410 480 15872 8282 7590
is_linear=0
shrinkage=0.05


Tree=95
num_leaves=31
num_cat=0
split_feature=5 3 1 12 13 7 6 4 6 15 7 13 15 14 6 6 12 15 3 8 8 5 8 7 4 7 8 10 14 15
split_gain=280.528 210.382 102.784 87.7136 51.7598 42.6276 38.7959 35.5938 31.2333 33.7793 30.3993 30.3184 28.4542 33.0512 25.9607 25.7432 29.0321 26.5027 25.4827 29.7548 41.2917 28.3144 25.8708 50.5109 47.945 36.629 35.2709 26.8246 30.8367 25.2119
threshold=2.0049999952316289 12.461795806884767 1.0000000180025095e-35 -0.13052122294902799 -0.6035533845424651 0.91258591413497936 953.64999389648449 9.7150001525878924 951.25000000000011 70.500000000000014 -0.019329105038195845 0.60355338454246532 82.500000000000014 1.575000047683716 940.14999389648449 962.04998779296886 0.47714059054851538 63.500000000000007 8.3795862197875994 0.99805629253387462 0.97745609283447277 7.7683334350585946 0.54162281751632702 -0.72434747219085682 6.6649999618530282 0.33505657315254217 0.52707284688949596 0.90255093574523937 7.6849999427795419 38.500000000000007
decision_type=2 2 2 2 2 2 2 2 2 2 2 2 2 10 2 2 2 2 2 2 2 2 2 2 2 2 2 2 10 2
left_child=3 18 7 12 -5 8 14 10 -4 -10 -3 -8 13 -1 -6 -13 17 -17 -2 20 22 -22 26 -24 25 -25 -20 28 -27 -21
right_child=1 2 5 4 6 -7 11 -9 9 -11 -12 15 -14 -15 -16 16 -18 -19 19 29 21 -23 23 24 -26 27 -28 -29 -30 -31
leaf_value=-0.00013032761161187821 -9.2519927413465413e-05 0.00037020888329207806 0.00039025755727960525 -7.7911302874913307e-05 -0.00023741058721586341 0.00033141376964781756 -9.8491220314790408e-05 0.00053244684639719984 -4.2952691759995387e-05 4.9395220198272807e-05 0.00053244684639719984 -8.2267068629780966e-05 -0.00019905448561826917 3.4496949294310876e-06 -0.00010411177936672564 -8.2700211894259833e-05 -8.5261702295427307e-05 0.00057030711532372826 0.00014629410214778149 -0.00028096037398340216 -0.0052124236887565638 0.00089753619147554808 0.0037458447926824625 0.00088030633628186084 -0.00014877407885794116 0.00028147943785566677 -0.0083967159334109864 0.0066856472416499061 0.0078591502733586487 0.0034312615823898275
leaf_weight=1531 29557 341 360 1141 90 504 1180 378 581 269 988 823 340 3599 1543 83 118 151 9299 97 566 84 324 911 1840 361 164 319 236 178
leaf_count=1531 29557 341 360 1141 90 504 1180 378 581 269 988 823 340 3599 1543 83 118 151 9299 97 566 84 324 911 1840 361 164 319 236 178
internal_value=-0.000546919 0.00109898 0.0130327 -0.00789796 -0.0125925 0.004363 -0.0152767 0.0216998 -0.000740741 -0.00596491 0.0177286 -0.0193856 -0.00348858 -0.00255112 -0.00931013 -0.0136017 -0.0022409 0.00794979 0.000168408 0.00189447 0.00157346 -0.010687 0.00216955 0.00554304 0.00385349 0.00957969 0.000744613 0.0166124 0.0102159 0.0180357
internal_weight=57956 47357 3421 10599 5129 1714 3988 1707 1210 850 1329 2355 5470 5130 1633 1175 352 234 43936 14379 14104 650 13454 3991 3667 1827 9463 916 597 275
internal_count=57956 47357 3421 10599 5129 1714 3988 1707 1210 850 1329 2355 5470 5130 1633 1175 352 234 43936 14379 14104 650 13454 3991 3667 1827 9463 916 597 275
is_linear=0
shrinkage=0.05


Tree=96
num_leaves=31
num_cat=0
split_feature=3 11 3 0 7 10 9 7 2 6 8 8 7 3 7 6 9 7 6 6 9 2 6 12 7 10 7 7 6 8
split_gain=298.034 175.166 97.6404 90.7408 47.6194 68.6755 42.1619 40.125 36.3168 35.0876 34.0688 89.2535 52.4869 37.5724 32.6493 41.4289 31.5235 30.6283 29.7123 28.2507 27.0944 26.784 26.4446 25.9196 25.8371 28.8664 25.6715 38.118 28.637 26.5521
threshold=12.461795806884767 3.5499999523162846 2.072650790214539 1.0000000180025095e-35 -0.34717741608619684 -0.82409480214118946 14.284999847412111 -0.68784540891647328 39.500000000000007 952.75000000000011 -0.97653719782829274 -0.99351876974105824 -0.045113071799278252 5.0507762432098398 0.16894881427288058 952.54998779296886 8.4149999618530291 0.91258591413497936 951.95001220703136 947.54998779296886 13.855000019073488 42.500000000000007 952.54998779296886 0.7933231294155122 -0.010746888816356657 0.9238443672657014 0.99468535184860241 0.99940901994705211 962.04998779296886 -0.99960738420486439
decision_type=2 2 2 2 2 2 8 2 2 2 2 2 2 2 2 2 10 2 2 2 10 2 2 2 2 2 2 2 2 2
left_child=1 2 7 17 5 8 -5 -1 -4 19 11 12 -3 21 16 -16 23 18 -2 -7 -19 -12 -18 -13 25 -14 29 28 -28 -6
right_child=3 10 4 6 26 9 -8 -9 -10 -11 13 14 24 -15 15 -17 22 20 -20 -21 -22 -23 -24 -25 -26 -27 27 -29 -30 -31
leaf_value=-0.00014687704946843915 0.00031529808624388426 -0.001842805245937159 -0.00024833678389023917 0.00050305676679378579 0.0022377638363015838 0.00054265006108374471 0.00050582450407734019 -8.2660406257947447e-05 0.0013526384141990756 -0.001074499267961461 -0.00015233731219141275 0.002979769406566489 0.0055250015456517034 0.00013235209485880085 0.0017045207183277638 0.012004980450085179 0.0022051547413960539 0.00025058618746705286 -1.5459188887059774e-05 0.0020275446347305499 0.00033576416673831435 0.00083908821807879416 -0.0026089134405631585 -0.00064923747417799634 -0.00013027690558702941 -0.00014458864427560614 0.0055477683553746904 -6.9280420177240265e-05 6.7564788710736294e-05 -0.00015796541723133944
leaf_weight=524 448 396 1802 1134 88 1113 561 1985 372 142 8396 541 156 27939 166 249 151 284 772 595 220 868 223 88 792 82 92 233 87 7394
leaf_count=524 448 396 1802 1134 88 1113 561 1985 372 142 8396 541 156 27939 166 249 151 284 772 595 220 868 223 88 792 82 92 233 87 7394
internal_value=-0.000596739 -0.00149599 -0.00621882 0.013712 -0.00432777 9.92802e-05 0.0219118 -0.015175 -0.00592015 0.00716981 0.000205982 0.00547561 -0.0033543 -0.000197538 0.0143359 0.0260714 0.009375 0.00561018 0.00130612 0.00916521 0.0159136 -0.00295609 -0.00211082 0.0161672 0.0026087 0.0168724 -0.00658311 0.00551559 0.0225543 -0.00725257
internal_weight=57893 54474 14427 3419 11918 4024 1695 2509 2174 1850 40047 2844 1426 37203 1418 415 1003 1724 1220 1708 504 9264 374 629 1030 238 7894 412 179 7482
internal_count=57893 54474 14427 3419 11918 4024 1695 2509 2174 1850 40047 2844 1426 37203 1418 415 1003 1724 1220 1708 504 9264 374 629 1030 238 7894 412 179 7482
is_linear=0
shrinkage=0.05


Tree=97
num_leaves=31
num_cat=0
split_feature=5 3 0 12 9 6 13 8 8 9 13 15 14 8 8 8 8 15 15 10 12 12 13 12 13 11 10 13 11 9
split_gain=275.344 213.619 96.2637 72.3172 55.8828 53.203 38.9762 32.6337 48.083 32.4137 30.4535 43.7638 29.0336 27.3174 44.2468 26.6609 49.5784 26.4659 25.4233 25.3788 40.7597 37.3093 30.8346 27.948 56.3151 35.2963 38.8347 75.7028 64.2728 38.3976
threshold=2.0049999952316289 12.461795806884767 1.0000000180025095e-35 -0.13052122294902799 14.284999847412111 951.35000610351574 -0.7865660786628722 -0.34918220341205591 0.83987808227539074 14.465000152587892 -0.37940952181816096 63.500000000000007 1.575000047683716 1.0000000180025095e-35 -0.47434769570827479 0.99805629253387462 0.99683821201324474 27.500000000000004 82.500000000000014 0.94828754663467418 -0.21643137186765668 0.56638467311859142 0.37940952181816107 -0.41467745602130884 -0.91597560048103321 3.4500000476837163 0.13052122294902804 -0.6035533845424651 10.650000095367433 12.015000343322756
decision_type=2 2 2 2 8 2 2 2 2 10 2 2 10 2 2 2 2 2 2 2 2 2 2 2 2 2 2 2 2 8
left_child=3 15 7 12 -4 -5 17 -3 9 -9 -10 -12 -1 14 -8 16 19 -7 -14 23 -21 22 -22 24 -2 -25 -27 29 -29 -28
right_child=1 2 4 5 -6 6 13 8 10 -11 11 -13 18 -15 -16 -17 -18 -19 -20 20 21 -23 -24 25 -26 26 27 28 -30 -31
leaf_value=-0.00012429836189246446 -0.0013139209609031007 -1.9846028663603188e-05 0.00047648309126179791 -7.7523791802362225e-05 0.00048115209417747278 -0.00018547286075609252 -7.6868928139446114e-05 0.00041195498545548996 -7.2891680369657766e-05 0.00049600223911514527 -1.6851041094101404e-05 0.00020290592567364098 -3.5097142319160877e-05 -7.5751056124174522e-05 0.00024174525740658094 0.0010224292437176318 -0.0026739652682831825 7.1743115731421131e-05 -0.00029151592748291583 -0.0011074327704892321 0.00074707834680035057 -0.00028121174834416524 7.8622861297378288e-05 -0.00055521827167494405 0.0007752608171817828 -0.00033894542787555882 0.0010316611590368008 -0.00039128769245910799 0.0018017473340300628 0.0036280677148590847
leaf_weight=1583 1536 548 1125 1638 571 83 1237 494 172 185 233 94 3603 1435 239 845 183 486 255 1107 2575 1149 1200 3457 7858 11713 2529 8717 743 382
leaf_count=1583 1536 548 1125 1638 571 83 1237 494 172 185 233 94 3603 1435 239 845 183 486 255 1107 2575 1149 1200 3457 7858 11713 2529 8717 743 382
internal_value=-0.000694205 0.000932077 0.0129559 -0.00799413 0.0213992 -0.0122584 -0.0157532 0.00462161 0.00929839 0.0179094 -0.00248016 0.0064759 -0.00397539 -0.0180898 -0.0132343 -4.54556e-06 -0.000177272 -0.00374564 -0.00163086 -6.51602e-05 0.00294069 0.00488943 0.00728836 -0.000556308 0.00179806 -0.00135954 -0.000680809 0.00127262 -0.000898045 0.00831619
internal_weight=57975 47416 3422 10559 1696 5118 3480 1726 1178 679 499 327 5441 2911 1476 43994 43149 569 3858 42966 6031 4924 3775 36935 9394 27541 24084 12371 9460 2911
internal_count=57975 47416 3422 10559 1696 5118 3480 1726 1178 679 499 327 5441 2911 1476 43994 43149 569 3858 42966 6031 4924 3775 36935 9394 27541 24084 12371 9460 2911
is_linear=0
shrinkage=0.05


Tree=98
num_leaves=31
num_cat=0
split_feature=5 3 0 12 6 15 8 5 15 7 4 15 2 7 8 6 14 4 7 14 12 7 7 15 3 8 8 7 11 7
split_gain=266.872 203.47 93.7913 75.3519 49.6465 40.8 52.0605 46.1639 33.1537 30.9252 30.3197 29.4103 28.8548 28.2434 28.1638 27.7545 27.56 27.1003 35.1465 37.3935 47.5349 26.1529 29.2771 29.2629 27.3545 25.2 63.5671 51.6609 49.4469 34.9763
threshold=2.0049999952316289 13.164981842041017 1.0000000180025095e-35 -0.13052122294902799 951.45001220703136 34.500000000000007 1.0000000180025095e-35 1.0983333587646487 75.500000000000014 0.91258591413497936 9.7150001525878924 64.500000000000014 29.500000000000004 -0.12216648086905478 -0.98902499675750721 950.95001220703136 1.575000047683716 6.2049999237060556 0.93851706385612499 10.295000076293947 -0.11319890245795249 0.88234141469001781 0.86133140325546276 32.500000000000007 3.1994727849960332 -0.99351876974105824 -0.97653719782829274 0.16894881427288058 2.9500000476837163 0.2027285918593407
decision_type=2 2 2 2 2 2 2 2 2 2 2 2 2 2 2 2 10 2 2 10 2 2 2 2 2 2 2 2 2 2
left_child=3 17 9 16 -5 14 7 -7 -8 11 13 15 -9 -4 -6 -3 -1 21 -19 20 -20 22 25 -23 -25 -2 27 28 -27 -29
right_child=1 2 10 4 5 6 8 12 -10 -11 -12 -13 -14 -15 -16 -17 -18 18 19 -21 -22 23 -24 24 -26 26 -28 29 -30 -31
leaf_value=-0.00011441172672205235 -0.00088198459102256654 0.00031065772893233983 9.6993234998377092e-05 -7.8718228628516144e-05 -4.0763715472600696e-05 -6.9698681930306734e-05 -7.8611750707476702e-05 -8.3647948656251543e-05 -6.8548824832410322e-05 0.0002410265339020057 0.00045647567416460258 7.2951717744190741e-05 0.000747650958395464 0.00046300032197585383 -0.00010634987465076964 -2.3306275294554538e-05 -6.6642518543109415e-05 0.00012115669724107188 -0.0053346594812208603 -0.00011290069873190478 0.0026628081019605845 -0.0027705996005148825 0.0023278276905943267 0.00025445031189813121 -0.00056739403876998346 -0.002271997528332498 -3.8077173421295629e-05 0.013280888079562597 0.0015999533614950657 0.0020676883793906745
leaf_weight=1630 1189 197 158 1659 117 265 992 674 562 336 347 260 362 612 521 357 3849 9923 117 521 971 89 413 198 4853 99 25479 266 781 156
leaf_count=1630 1189 197 158 1659 117 265 992 674 562 336 347 260 362 612 521 357 3849 9923 117 521 971 89 413 198 4853 99 25479 266 781 156
internal_value=-0.000604748 0.00100366 0.015603 -0.00776138 -0.0121001 -0.0154803 -0.0128846 -0.00547473 -0.0190507 0.00554113 0.0258913 0.0002442 -0.00067243 0.020129 -0.0269051 -0.00626118 -0.00367433 0.000267421 0.00235763 0.00920074 0.0144556 -0.000451861 0.000142666 -0.00373178 -0.003214 -5.36193e-05 0.000263197 0.0110176 0.0040678 0.0252927
internal_weight=57953 47322 2267 10631 5152 3493 2855 1301 1554 1150 1117 814 1036 770 638 554 5479 45055 11532 1609 1088 33523 28383 5140 5051 27970 26781 1302 880 422
internal_count=57953 47322 2267 10631 5152 3493 2855 1301 1554 1150 1117 814 1036 770 638 554 5479 45055 11532 1609 1088 33523 28383 5140 5051 27970 26781 1302 880 422
is_linear=0
shrinkage=0.05


Tree=99
num_leaves=31
num_cat=0
split_feature=3 3 0 11 3 2 6 12 8 8 7 15 8 7 4 7 10 7 13 7 15 6 7 3 6 8 7 15 8 6
split_gain=251.135 156.937 88.1896 71.1303 43.2229 35.7287 41.8998 40.5988 29.9422 42.775 29.8756 29.6289 32.9149 39.7471 36.2914 29.579 28.1329 41.4013 27.9863 36.6607 38.9848 33.7789 49.3126 40.9187 33.8316 32.0573 36.1307 42.4181 30.7215 29.063
threshold=12.461795806884767 1.7241498827934267 1.0000000180025095e-35 3.0499999523162846 13.541220188140871 29.500000000000004 952.75000000000011 -0.95878320932388295 -0.34918220341205591 0.83987808227539074 -0.66248837113380421 51.500000000000007 0.090250775218009963 0.98666161298751842 3.685000061988831 0.01504978956654668 0.9170251488685609 -0.27364997565746302 0.91597560048103344 -0.97789707779884327 27.500000000000004 946.45001220703136 0.5499682128429414 8.3795862197875994 943.35000610351574 -0.068708579987287507 0.9600123167037965 51.500000000000007 0.090250775218009963 941.25000000000011
decision_type=2 2 2 2 2 2 2 2 2 2 2 2 2 2 2 2 2 2 2 2 2 2 2 2 2 2 2 2 2 2
left_child=1 10 8 5 -4 7 -7 -3 -2 -10 -1 16 -13 14 -14 -6 -9 -18 19 28 -21 24 23 -23 -20 26 27 -24 -5 -22
right_child=2 3 4 18 15 6 -8 11 9 -11 -12 12 13 -15 -16 -17 17 -19 21 20 29 22 25 -25 -26 -27 -28 -29 -30 -31
leaf_value=-0.00012159537520789197 -2.398870059816538e-05 0.00059079110203369705 0.00041357570582453154 0.00035648298715938443 0.00048414610663561345 0.00069449743190859925 -7.9579054434170474e-05 -0.00027082140392611887 0.00040778643979523803 -8.2301656930156019e-06 -6.5429557713435248e-05 8.8465440649319714e-05 -7.2031895486195276e-05 -0.00025512731188486636 0.0039454300872922565 0.00043365189045637136 0.00096911360779863029 -0.00014537421907916394 -0.00018528372417670749 -0.0001942745814896384 -0.0012660192750624565 -0.00020851109420863789 0.0027060762129880959 0.0026010280643478548 -0.0027669419612314167 -0.0014599087780324386 0.0033417469654567242 -0.0029005601359908765 0.0031674319816293894 0.0001534541596740359
leaf_weight=492 543 456 789 1585 301 1180 1851 2305 677 496 1566 1151 1097 81 133 602 380 569 380 9827 251 1580 177 951 430 729 185 307 622 26232
leaf_count=492 543 456 789 1585 301 1180 1851 2305 677 496 1566 1151 1097 81 133 602 380 569 380 9827 251 1580 177 951 430 729 185 307 622 26232
internal_value=-0.000675816 -0.00149939 0.0124817 -0.00096733 0.0205657 -0.00495765 -0.00051054 -0.00713939 0.00447414 0.00895586 -0.0150267 -0.00828526 -0.00413458 -0.00953647 -0.00720648 0.0280286 -0.0114145 -0.00414046 -0.000117889 0.000328384 -5.232e-05 -0.00374157 -0.00181749 0.00234621 -0.0130061 -0.00933713 -0.0014095 -0.00858896 0.00657776 0.000945711
internal_weight=57925 54517 3408 52459 1692 9203 3031 6172 1716 1173 2058 5716 2462 1311 1230 903 3254 949 43256 38517 36310 4739 3929 2531 810 1398 669 484 2207 26483
internal_count=57925 54517 3408 52459 1692 9203 3031 6172 1716 1173 2058 5716 2462 1311 1230 903 3254 949 43256 38517 36310 4739 3929 2531 810 1398 669 484 2207 26483
is_linear=0
shrinkage=0.05


Tree=100
num_leaves=31
num_cat=0
split_feature=5 4 0 12 14 6 15 13 8 8 8 7 8 6 7 11 7 11 6 15 9 7 8 6 8 4 6 6 15 11
split_gain=243.26 156.355 81.3401 72.7197 46.5924 46.2492 44.6267 53.0562 39.1881 37.5153 32.8942 32.5708 31.3456 29.4438 27.6801 37.6512 27.4885 24.8227 27.9309 27.3976 24.5347 50.3091 30.3117 25.8758 29.3798 24.3818 23.803 25.4348 33.6535 21.9262
threshold=2.0049999952316289 9.2550001144409197 1.0000000180025095e-35 -0.13052122294902799 12.605000019073488 951.35000610351574 34.500000000000007 -0.6035533845424651 1.0000000180025095e-35 0.98704001307487499 -0.98902499675750721 -0.464854747056961 -0.46296662092208857 963.64999389648449 0.89029943943023693 3.1499999761581425 0.46866798400878912 3.1499999761581425 941.25000000000011 56.500000000000007 12.904999732971193 0.90542393922805797 0.91585582494735729 965.04998779296886 -0.2880996018648147 0.34000000357627874 957.85000610351574 959.25000000000011 79.500000000000014 2.8500000238418584
decision_type=2 2 2 2 10 2 2 2 2 2 2 2 2 2 2 2 2 2 2 2 10 2 2 2 2 2 2 2 2 2
left_child=3 4 9 13 20 17 10 16 14 12 -7 -4 -3 26 15 25 -8 19 -19 -5 -2 22 -22 24 -23 -9 29 -28 -29 -1
right_child=1 2 11 5 -6 6 7 8 -10 -11 -12 -13 -14 -15 -16 -17 -18 18 -20 -21 21 23 -24 -25 -26 -27 27 28 -30 -31
leaf_value=-0.00014370166269072612 -8.269515743253297e-06 -4.9699788435886297e-06 0.00039090196702188941 -0.00012102274772492501 0.0002697912780425166 -4.1011345419116444e-05 0.0033399995207906751 -6.6348914929106187e-05 -6.7206739015621261e-05 -4.6318431906017257e-05 -0.00010269960308470174 0.00041196929593355082 0.00025120570542990774 -0.00011548394077089469 0.00040016571803386182 0.0006620724753914444 -6.3797771713195421e-05 -0.00019180267813085819 0.00027599623695876221 0.0025377611134122869 -0.00039356991067731055 0.00087444661240697612 0.00036089758623119585 0.00061293044332663693 0.00016082532996511412 -7.8386007346813524e-05 0.00083998631783044342 0.00028225387949805088 -0.00015958005815856644 -2.9872716054449907e-05
leaf_weight=2026 42624 186 109 744 1978 116 114 86 1252 107 530 556 404 326 188 174 478 116 695 90 639 152 235 96 287 596 342 562 204 1998
leaf_count=2026 42624 186 109 744 1978 116 114 86 1252 107 530 556 404 326 188 174 478 116 695 90 639 152 235 96 287 596 342 562 204 1998
internal_value=-0.000568818 0.000965638 0.0176298 -0.00739992 0.000470489 -0.0116416 -0.014863 -0.0121673 -0.0156019 0.00562678 -0.0267281 0.0300746 0.0105882 -0.00336811 -0.00838894 -0.0121951 0.00117253 -0.00469697 0.00153186 -0.0107271 0.00013284 0.00661245 -0.000796359 0.0186111 0.0131757 -0.0174672 -0.00243333 0.00404313 -0.00103761 -0.00421941
internal_weight=58010 47373 1362 10637 46011 5179 3534 2888 2296 697 646 665 590 5458 1044 856 592 1645 811 834 44033 1409 874 535 439 682 5132 1108 766 4024
internal_count=58010 47373 1362 10637 46011 5179 3534 2888 2296 697 646 665 590 5458 1044 856 592 1645 811 834 44033 1409 874 535 439 682 5132 1108 766 4024
is_linear=0
shrinkage=0.05


Tree=101
num_leaves=31
num_cat=0
split_feature=3 3 0 11 9 8 4 15 3 12 13 7 8 8 8 8 15 7 7 15 7 7 13 11 10 7 13 7 10 15
split_gain=240.081 151.685 93.5769 69.679 47.8671 44.3656 44.7745 43.9722 51.7677 36.3115 36.425 33.3082 28.5475 26.7358 53.056 47.6983 26.3458 36.1714 46.4532 25.6182 46.3406 50.7164 42.3672 34.6141 40.5602 52.2712 50.0277 44.0042 38.7795 50.284
threshold=12.461795806884767 1.7241498827934267 1.0000000180025095e-35 3.5499999523162846 14.284999847412111 -0.93779578804969776 2.1350001096725468 38.500000000000007 2.5164715051651005 -0.13052122294902799 0.37940952181816107 -0.66248837113380421 0.97745609283447277 1.0000000180025095e-35 -0.50804302096366871 -0.69870123267173756 90.500000000000014 0.93244570493698131 0.99468535184860241 31.500000000000004 -0.86779624223709095 -0.84102764725685109 0.91597560048103344 8.9499998092651385 -0.81408452987670887 -0.41079147160053248 0.12940952181816109 0.15198152512311938 -0.87878364324569691 13.500000000000002
decision_type=2 2 2 2 8 2 2 2 2 2 2 2 2 2 2 2 2 2 2 2 2 2 2 2 2 2 2 2 2 2
left_child=1 11 -2 5 -4 7 9 -3 -9 10 -7 -1 16 14 15 -11 17 -8 -19 20 22 -22 -5 28 27 -26 -27 -25 29 -23
right_child=2 3 4 19 -6 6 12 8 -10 13 -12 -13 -14 -15 -16 -17 -18 18 -20 -21 21 23 -24 24 25 26 -28 -29 -30 -31
leaf_value=-0.00011635874917807076 3.0359917982053509e-05 -0.0003813272002384294 0.00039273646335069579 0.00069136194810480835 0.00039137083113687248 0.00014453806938307832 0.00024936218781443364 -0.00012957201609965844 0.00044203510091555339 -4.4325949677761269e-05 -0.00011796801001852566 -6.0699118818155228e-05 -0.0010563714951327338 -7.7442185201788077e-05 0.00042093271169600779 -0.00012590040902928906 0.0067305406862042619 -0.00084977328940007255 0.0018698395439485831 0.0001830721652627765 -0.0025141903692344619 -0.0017288605295968256 -0.0019523510488023369 -0.0014908692934347879 0.0021265234725267312 0.00038130092406021279 -0.0014665780934175596 0.0049799650742593064 -0.00059499378556836398 0.00013226344200548595
leaf_weight=498 1725 831 1137 3734 576 1647 4575 183 615 359 1377 1521 412 1443 457 292 84 532 150 25743 421 218 155 1565 853 894 303 100 3075 2378
leaf_count=498 1725 831 1137 3734 576 1647 4575 183 615 359 1377 1521 412 1443 457 292 84 532 150 25743 421 218 155 1565 853 894 303 100 3075 2378
internal_value=-0.000605793 -0.00141584 0.0121987 -0.000896929 0.0204598 -0.0040773 -0.00296479 -0.0117809 -0.00336239 -0.00615591 -0.00244305 -0.0148468 0.000130254 -0.0105438 -0.00467206 -0.0137957 0.00111298 0.000655644 -0.0100437 0.000148312 -0.00159842 -0.00342947 0.00301746 -0.00266212 0.00108871 0.00579075 -0.000956739 -0.0047006 -0.00511804 -0.000615148
internal_weight=57853 54415 3438 52396 1713 12957 11328 1629 798 5575 3024 2019 5753 2551 1108 651 5341 5257 682 39439 13696 9807 3889 9386 3715 2050 1197 1665 5671 2596
internal_count=57853 54415 3438 52396 1713 12957 11328 1629 798 5575 3024 2019 5753 2551 1108 651 5341 5257 682 39439 13696 9807 3889 9386 3715 2050 1197 1665 5671 2596
is_linear=0
shrinkage=0.05


Tree=102
num_leaves=31
num_cat=0
split_feature=5 3 0 12 9 13 7 6 6 10 13 6 7 14 8 5 10 7 13 10 15 7 7 7 7 13 7 7 8 8
split_gain=221.523 173.551 86.1904 61.5102 54.1981 43.487 37.7719 30.1048 31.241 29.2557 27.2061 26.789 30.8846 30.0683 26.7122 25.3919 24.4462 22.3787 38.9929 45.2248 26.9083 44.5952 41.0958 39.3955 113.267 62.7432 68.7939 47.7482 76.9316 57
threshold=2.0049999952316289 12.461795806884767 1.0000000180025095e-35 -0.13052122294902799 14.284999847412111 -0.6035533845424651 0.066572044044733061 957.75000000000011 953.45001220703136 0.93038213253021251 0.78656607866287243 950.64999389648449 0.91258591413497936 11.795000076293947 0.42109696567058569 9.1349997520446795 0.77159520983695995 -0.97789707779884327 0.60355338454246532 0.63605400919914257 38.500000000000007 0.98049062490463268 -0.94000589847564686 0.46105717122554785 0.49128657579422003 -0.37940952181816096 0.51358211040496837 0.16894881427288058 -0.98009455204009999 -0.89706552028655995
decision_type=2 2 2 2 8 2 2 2 2 2 2 2 2 10 2 2 2 2 2 2 2 2 2 2 2 2 2 2 2 2
left_child=3 15 11 -1 9 -5 7 8 16 -4 14 -3 -13 -14 -8 17 -7 18 19 -2 21 -19 -22 27 -25 -26 -27 -24 -29 -30
right_child=1 2 4 5 -6 6 10 -9 -10 -11 -12 12 13 -15 -16 -17 -18 20 -20 -21 22 -23 23 24 25 26 -28 28 29 -31
leaf_value=-7.5559014317559385e-05 0.00089074012092463456 0.00043002523859450028 0.00039194129491763874 -4.8837967447921789e-05 0.00037209487249346697 -9.1130668391873224e-05 -6.1031213384681824e-05 0.0035755133255643752 -9.7515588429858418e-05 0.00036066196293190746 -5.504065809253415e-05 -1.8514547865067233e-05 0.00054108228743920408 3.5666293613573206e-05 -8.611087110465049e-05 0.00076861235359052546 0.00028126278512274547 -0.00016491556666593695 -0.00088047363636229456 0.0039323406093269954 -0.0023526723927285243 -0.0034425048105997378 0.00020023575302337282 -0.0038533416428308655 0.00075009101188977523 0.0040021081568688546 -0.00043430794000165755 0.015102242901002139 -0.00045692441724977942 0.0034225309590758812
leaf_weight=5436 1450 388 916 1149 567 917 1055 96 293 221 806 885 158 290 465 123 353 18622 685 363 422 109 6327 419 4767 234 7505 173 963 1841
leaf_count=5436 1450 388 916 1149 567 917 1055 96 293 221 806 885 158 290 465 123 353 18622 685 363 422 109 6327 419 4767 234 7505 173 963 1841
internal_value=-0.000586177 0.00087281 0.0117055 -0.00713002 0.0196606 -0.0110527 -0.0135213 -0.00772236 -0.00940689 0.0132662 -0.0176319 0.0037949 0.000411061 0.0110375 -0.0215738 2.84039e-05 -0.00596078 -3.64589e-05 0.00455453 0.00838834 -0.000314108 -0.00171595 0.000845251 0.00114015 -0.000645785 0.00021581 -0.00256327 0.00362015 0.00883635 0.00679957
internal_weight=57998 47428 3425 10570 1704 5134 3985 1659 1563 1137 2326 1721 1333 448 1520 44003 1270 43880 2498 1813 41382 18731 22651 22229 12925 12506 7739 9304 2977 2804
internal_count=57998 47428 3425 10570 1704 5134 3985 1659 1563 1137 2326 1721 1333 448 1520 44003 1270 43880 2498 1813 41382 18731 22651 22229 12925 12506 7739 9304 2977 2804
is_linear=0
shrinkage=0.05


Tree=103
num_leaves=31
num_cat=0
split_feature=3 3 0 11 9 7 10 7 6 6 15 13 7 7 7 8 7 6 2 7 7 15 9 7 7 9 7 11 10 15
split_gain=231.369 140.311 85.1115 72.7181 52.2541 37.9234 56.4775 37.931 36.6562 34.3375 32.9807 32.3715 32.1545 30.1902 30.1584 28.0278 71.9788 38.9376 30.6221 28.5698 52.9847 30.6978 39.0046 27.4943 57.0478 48.5461 33.8808 29.1143 27.339 25.9443
threshold=12.461795806884767 1.7241498827934267 1.0000000180025095e-35 3.5499999523162846 14.284999847412111 -0.34717741608619684 -0.95368063449859608 -0.45724393427371973 952.75000000000011 950.64999389648449 36.500000000000007 -0.6035533845424651 0.94982600212097179 -0.66248837113380421 0.99630826711654674 -0.97653719782829274 0.15198152512311938 954.45001220703136 4.5000000000000009 -0.11364490166306494 -0.070841956883668886 21.500000000000004 5.0850000381469735 0.30247184634208685 0.67844408750534069 3.4150000810623173 0.78354993462562572 2.6499999761581425 0.9238443672657014 53.500000000000007
decision_type=2 2 2 2 8 2 2 2 2 2 2 2 2 2 2 2 2 2 2 2 2 2 10 2 2 10 2 2 2 2
left_child=1 13 9 5 28 6 -3 8 -8 -2 23 12 -12 -1 -14 16 19 29 -17 21 -21 -5 -23 25 -25 -7 -26 -28 -4 -18
right_child=2 3 4 15 -6 10 7 -9 -10 -11 11 -13 14 -15 -16 18 17 -19 -20 20 -22 22 -24 24 26 -27 27 -29 -30 -31
leaf_value=-0.00010572269803190748 0.0004470530469296019 -0.00014043255281257771 0.00040548278463974356 0.004851409618208318 0.00035673927639361949 -1.5306840183685214e-05 0.00036345530740947846 0.0033619360098386003 -0.0011088060927367152 1.3765929741837992e-06 0.00087476657392317333 -7.3897792938326139e-05 -0.00016486953537063988 -5.383783535612983e-05 0.0006303138670829822 0.0011702195181655948 0.00096844742980791159 0.0093907493193690125 -5.871677685116428e-05 -0.0035946211830281635 9.3565150111551976e-05 0.0036703381883899672 -0.00072128563022748414 0.0039001318032189469 -0.001256297965775463 -0.0012485142411892101 -0.00023642909465564164 0.0017238433579176719 0.00034314637570313501 0.012176108064276787
leaf_weight=513 389 1597 875 108 575 321 2459 265 129 1337 1184 5255 344 1552 135 2522 219 175 34249 225 1425 151 440 155 167 663 112 115 258 105
leaf_count=513 389 1597 875 108 575 321 2459 265 129 1337 1184 5255 344 1552 135 2522 219 175 34249 225 1425 151 440 155 167 663 112 115 258 105
internal_value=-0.000569592 -0.00136197 0.0120093 -0.000858639 0.0199066 -0.00411824 -0.000381594 0.00383135 0.00196683 0.00415945 -0.00608444 -0.00460783 0.00146882 -0.0141304 -0.00940083 0.00020316 0.00497722 0.022123 -0.000167229 0.00129567 -0.00229607 0.00973011 0.00511745 -0.0127113 -0.00370036 -0.0176946 -0.0137845 -0.00107759 0.0135764 0.0115502
internal_weight=58019 54585 3434 52520 1708 12901 4450 2853 2588 1726 8451 6918 1663 2065 479 39619 2848 499 36771 2349 1650 699 591 1533 549 984 394 227 1133 324
internal_count=58019 54585 3434 52520 1708 12901 4450 2853 2588 1726 8451 6918 1663 2065 479 39619 2848 499 36771 2349 1650 699 591 1533 549 984 394 227 1133 324
is_linear=0
shrinkage=0.05


Tree=104
num_leaves=31
num_cat=0
split_feature=3 5 1 12 9 6 3 8 10 10 13 15 7 7 9 8 5 3 7 2 7 6 7 7 6 13 12 7 15 7
split_gain=215.607 152.572 78.4255 62.0884 50.9665 40.3901 42.0437 46.7189 28.1508 26.6437 25.9141 27.2818 25.1287 30.7477 25.7589 23.4395 23.2981 22.3337 21.5053 22.3517 21.4847 32.638 69.0622 64.9329 51.8718 49.3603 54.4327 43.7515 49.7615 42.9113
threshold=12.461795806884767 2.0049999952316289 1.0000000180025095e-35 -0.13052122294902799 14.284999847412111 951.14999389648449 2.5539633035659794 1.0000000180025095e-35 0.70088258385658275 0.9238443672657014 -0.6035533845424651 42.500000000000007 0.91258591413497936 0.58534687757492077 13.994999885559084 -0.99141839146614064 9.1349997520446795 4.1914138793945321 0.86133140325546276 29.500000000000004 -0.97789707779884327 947.64999389648449 -0.59573787450790394 -0.079425927251577363 943.75000000000011 1.0000000180025095e-35 0.44618082046508795 -0.41079147160053248 32.500000000000007 -0.1900704428553581
decision_type=2 2 2 2 8 2 2 2 2 2 2 2 2 2 10 2 2 2 2 2 2 2 2 2 2 2 2 2 2 2
left_child=1 3 4 -1 9 8 15 18 -5 -2 -10 -12 13 -4 -14 -7 20 -9 19 -8 -3 23 -23 29 -25 -24 -27 -28 -29 -22
right_child=2 16 12 5 -6 6 7 17 10 -11 11 -13 14 -15 -16 -17 -18 -19 -20 -21 21 22 25 24 -26 26 27 28 -30 -31
leaf_value=-6.7513668238343771e-05 0.0003852086454077586 0.00079579726269367887 1.6880003803332321e-05 -8.2981478571150276e-05 0.00033536058213567976 2.6880309962623887e-05 -0.00017916616307165224 -7.387890787776842e-05 0.0016863106413698569 0.00032557117159539851 -0.00022072888459414696 0.0024579975902624864 0.00014119302484389974 -7.9996811279858815e-05 0.00025307147454512461 -4.9314844956150792e-05 0.00073311757475356129 -0.00065308956702942898 0.00092193359805434075 0.00061728033012834263 -0.00060371593137119837 0.0011440747045848361 0.00021195842537908091 0.016833997508648304 0.0010410159291139533 -7.6895473624397434e-05 0.0014463083805746125 -0.0028017309201564082 -0.00059689161257701429 -0.0048214329614354803
leaf_weight=5481 877 2499 1042 999 555 132 373 679 151 256 263 181 298 176 205 1720 125 187 230 201 7622 3679 14951 182 591 10317 247 873 2658 238
leaf_count=5481 877 2499 1042 999 555 132 373 679 151 256 263 181 298 176 205 1720 125 187 230 201 7622 3679 14951 182 591 10317 247 873 2658 238
internal_value=-0.000517304 -0.00127968 0.0116725 -0.00666384 0.0193148 -0.0106229 -0.0136093 -0.0078209 -0.0040025 0.0131371 0.00458333 -0.00155902 0.00414253 0.000245298 0.0134843 -0.0187938 1.81872e-05 -0.0158439 0.000865266 -0.00431779 -4.44576e-05 -0.000316708 0.000404827 -0.00305047 0.0107326 -0.000413067 -0.00253546 -0.00766587 -0.00909219 -0.00441195
internal_weight=57988 54579 3409 10597 1688 5116 3522 1670 1594 1133 595 444 1721 1218 503 1852 43982 866 804 574 43857 41358 32725 8633 773 29046 14095 3778 3531 7860
internal_count=57988 54579 3409 10597 1688 5116 3522 1670 1594 1133 595 444 1721 1218 503 1852 43982 866 804 574 43857 41358 32725 8633 773 29046 14095 3778 3531 7860
is_linear=0
shrinkage=0.05


Tree=105
num_leaves=31
num_cat=0
split_feature=3 5 12 0 9 3 7 8 10 7 12 8 8 8 10 13 15 10 5 8 5 7 12 9 11 13 10 8 5 3
split_gain=210.403 145.286 78.3957 72.1365 58.1093 34.9009 50.4733 39.1044 34.8863 24.188 30.7428 23.877 46.1586 28.6422 42.4302 40.4028 45.6036 37.6956 37.6949 42.11 33.7745 44.0071 32.0382 39.7234 44.626 34.3159 100.125 38.8108 38.5267 29.3961
threshold=12.461795806884767 2.0049999952316289 -0.13052122294902799 1.0000000180025095e-35 14.284999847412111 2.5539633035659794 -0.92772412300109852 0.055916473269462592 0.9238443672657014 0.86133140325546276 0.41467745602130895 0.99805629253387462 0.99717122316360485 0.95943385362625133 0.90992662310600292 -1.0000000180025095e-35 67.500000000000014 0.9170251488685609 4.8616666793823251 -0.82801559567451466 6.4749999046325692 -0.51726830005645741 0.36648726463317877 3.185000061988831 2.3500000238418584 -1.0000000180025095e-35 -0.80382624268531788 -0.4591448307037353 3.5849999189376835 4.899073839187623
decision_type=2 2 2 2 8 2 2 2 2 2 2 2 2 2 2 2 2 2 2 2 2 2 2 8 2 2 2 2 2 2
left_child=1 2 -1 -2 8 6 -4 9 -5 10 -7 12 13 17 15 -15 -17 22 19 -19 -20 -22 -3 -24 29 26 27 -26 -28 -25
right_child=3 11 5 4 -6 7 -8 -9 -10 -11 -12 -13 -14 14 -16 16 -18 18 20 -21 21 -23 23 24 25 -27 28 -29 -30 -31
leaf_value=-5.3915203424497951e-05 3.1271425272516583e-05 4.7018091241962658e-05 0.00046690814197394398 0.00034124096065406008 0.00031859255302889582 -0.00020328271165051746 -4.7430964594105415e-05 -0.0001122968722361604 0.00031019187426083172 0.00063354826919929962 0.00019214148657568193 0.00098764133873228965 -0.0028565595903917679 -0.0010569449052316548 -0.0014113222575796724 0.0023079268483793464 -0.0023854700473998065 -0.00072877252396075026 0.0015936096529111212 0.00047487155450662288 0.0012301381440505688 -0.00014862966212906837 0.00020962891606616651 -0.0002146725565137897 -0.0034090768590284595 -0.001246692194740464 -0.00064480746133309006 -0.00054503284673141858 0.0026145778127889541 -0.0030879972533367495
leaf_weight=5476 1731 22313 216 881 557 638 2515 1083 252 283 408 848 94 799 1361 724 230 1439 2153 4863 375 1071 1099 85 357 3407 660 318 1535 179
leaf_count=5476 1731 22313 216 881 557 638 2515 1083 252 283 408 848 94 799 1361 724 230 1439 2153 4863 375 1071 1099 85 357 3407 660 318 1535 179
internal_value=-0.000591838 -0.00134687 -0.00659356 0.0114273 0.0187611 -0.0110237 -0.014894 -0.00661978 0.0121705 -0.000862069 -0.00437678 -7.74223e-05 -0.000241484 -0.000162893 -0.00477717 0.000369738 0.00729927 0.000198199 0.002872 0.000539084 0.00695061 0.00103377 -0.00068596 -0.0034794 -0.00495723 -0.00409901 -6.95652e-05 -0.0168382 0.00511364 -0.0249071
internal_weight=57950 54529 10619 3421 1690 5143 2731 2412 1133 1329 1046 43910 43062 42968 3114 1753 954 39854 9901 6302 3599 1446 29953 7640 6541 6277 2870 675 2195 264
internal_count=57950 54529 10619 3421 1690 5143 2731 2412 1133 1329 1046 43910 43062 42968 3114 1753 954 39854 9901 6302 3599 1446 29953 7640 6541 6277 2870 675 2195 264
is_linear=0
shrinkage=0.05


Tree=106
num_leaves=31
num_cat=0
split_feature=3 3 0 11 4 7 2 6 4 2 8 8 7 10 11 7 13 6 2 8 6 15 2 7 6 4 10 12 2 11
split_gain=201.284 130.821 82.9543 53.3153 45.1108 34.338 31.3537 30.4744 26.4677 25.992 29.5398 53.8925 42.9131 29.372 78.026 65.0436 65.5722 61.3134 53.5483 60.0502 43.3018 39.1286 36.4989 35.8595 33.1727 32.4799 38.6434 33.2582 32.2575 29.5478
threshold=12.461795806884767 1.7241498827934267 1.0000000180025095e-35 3.5499999523162846 9.7150001525878924 -0.12216648086905478 5.5000000000000009 950.64999389648449 8.1050000190734881 4.5000000000000009 -0.97653719782829274 -0.99351876974105824 -0.070841956883668886 0.23343648016452792 6.3500001430511483 -0.66248837113380421 -0.37940952181816096 947.14999389648449 12.500000000000002 -0.93779578804969776 943.35000610351574 28.500000000000004 19.500000000000004 -0.95117661356925953 962.64999389648449 7.5750000476837167 0.93038213253021251 0.55191597342491161 43.500000000000007 12.550000190734865
decision_type=2 2 2 2 2 2 2 2 2 2 2 2 2 2 2 2 2 2 2 2 2 2 2 2 2 2 2 2 2 2
left_child=1 -1 7 6 5 -4 -3 -2 -7 -5 11 12 -11 28 18 17 25 20 -15 -20 -16 23 -23 -21 -18 27 -27 -17 -12 -22
right_child=2 3 4 9 -6 8 -8 -9 -10 10 13 -13 -14 14 15 16 24 -19 19 21 29 22 -24 -25 -26 26 -28 -29 -30 -31
leaf_value=-5.053168117906651e-05 0.00042392208516567331 -0.0001400451364705224 -9.2097413124137001e-05 0.0010060000174948699 0.0003032050943746617 0.00021683244379218925 -4.4362450370168466e-05 -4.246066424601347e-07 0.00031834029499080432 -0.0030751563717899386 -0.00028795928194963878 0.0022509327064678822 0.00010016314939365056 -0.00095061955997984178 0.0038255764646610057 0.0019457851640203639 -0.00040830095939062283 0.0060383862578327731 -0.0018141515659480982 0.0027037139452933366 -0.0013235722399011366 0.002232352230586624 4.2231004127587374e-05 -0.00064158617776639284 0.0010913223608863738 0.0011456168334801869 -0.0003724669114551105 6.2132829401427564e-05 0.0007742534947138475 0.0058116387091588454
leaf_weight=2036 379 2124 282 2694 384 402 10732 1338 648 200 15689 1324 1109 1704 457 1723 3220 554 250 107 548 719 4646 791 598 86 205 653 2260 81
leaf_count=2036 379 2124 282 2694 384 402 10732 1338 648 200 15689 1324 1109 1704 457 1723 3220 554 250 107 548 719 4646 791 598 86 205 653 2260 81
internal_value=-0.000608304 -0.00134825 0.0111257 -0.000865108 0.0188844 0.0144353 -0.00366223 0.00333914 0.0185782 4.29044e-05 -0.000303285 0.0047953 -0.00239726 -0.000695416 0.000838074 0.00431119 0.00205701 0.0131915 -0.00259669 -0.000529303 0.00623281 0.000438736 0.00205773 -0.00919158 -0.00214491 0.00806512 -0.00760135 0.0099958 -0.00209146 -0.00228707
internal_weight=57943 54510 3433 52474 1716 1332 12856 1717 1050 39618 36924 2633 1309 34291 16342 8125 6485 1640 8217 6513 1086 6263 5365 898 3818 2667 291 2376 17949 629
internal_count=57943 54510 3433 52474 1716 1332 12856 1717 1050 39618 36924 2633 1309 34291 16342 8125 6485 1640 8217 6513 1086 6263 5365 898 3818 2667 291 2376 17949 629
is_linear=0
shrinkage=0.05


Tree=107
num_leaves=31
num_cat=0
split_feature=5 3 1 3 9 8 8 12 8 7 10 15 12 8 8 8 12 14 14 5 8 8 12 15 8 5 13 4 5 13
split_gain=196.871 144.71 105.22 60.2096 34.9664 30.3375 42.0332 28.6514 31.3791 22.5303 21.0726 30.7451 19.7077 19.5213 41.9618 26.8269 22.9684 31.5229 25.4445 20.8211 23.7768 41.1413 29.4398 29.1088 29.1891 30.2384 26.2092 25.9396 22.7776 21.0586
threshold=2.0049999952316289 13.164981842041017 1.0000000180025095e-35 1.7241498827934267 13.404999732971193 -0.55176848173141468 0.98704001307487499 -0.13052122294902799 1.0000000180025095e-35 -0.77000474929809559 -0.95368063449859608 82.500000000000014 0.7933231294155122 0.99805629253387462 0.99717122316360485 0.99831542372703563 0.21643137186765674 6.6250000000000009 8.5950002670288104 8.8449997901916522 0.97653719782829296 0.98965245485305797 -0.41467745602130884 45.500000000000007 0.98336225748062145 3.6983333826065068 0.12940952181816109 3.4150000810623173 2.5049999952316289 0.60355338454246532
decision_type=2 2 2 2 8 2 2 2 2 2 2 2 2 2 2 2 2 10 10 2 2 2 2 2 2 2 2 2 2 2
left_child=3 13 4 9 -3 -4 -7 10 -9 -1 -5 -12 -10 14 19 -15 17 -17 -19 20 29 23 26 28 -25 -26 -23 -24 -22 -2
right_child=1 2 5 7 -6 6 -8 8 12 -11 11 -13 -14 15 -16 16 -18 18 -20 -21 21 22 27 24 25 -27 -28 -29 -30 -31
leaf_value=-9.4027152495625773e-05 0.00012560474063601779 0.000283896267529557 -2.3076322876336433e-05 -0.00013503859684607067 0.00029326856245129318 0.00015824877561972651 -4.4146252402232911e-05 -3.5673647156832682e-05 -6.8623524964636035e-05 -4.4260635599972786e-05 6.0397572273992664e-05 -0.00019720855147520742 3.8689831032146223e-05 0.0047887626719620912 -0.0025269259978910191 -0.0020368671076604391 0.0013718616701941225 0.0048294456584110123 -0.00051376004150280319 0.0003107035495098498 0.00028135817425322779 0.00061670987438341984 0.00068314057474343811 0.0037510029729833001 0.00097051094517383238 -0.0050783041735515339 0.011845373078634466 -0.00098990923676911058 -0.0031062976767634422 -0.00022536466986986943
leaf_weight=391 30304 342 291 1476 795 708 151 2141 1603 1578 3011 234 218 170 97 176 288 136 151 496 91 94 219 209 123 224 87 522 555 11320
leaf_count=391 30304 342 291 1476 795 708 151 2141 1603 1578 3011 234 218 170 97 176 288 136 151 496 91 94 219 209 123 224 87 522 555 11320
internal_value=-0.000435522 0.000941035 0.0131981 -0.00657784 0.0239492 0.00251082 0.0072338 -0.00478246 -0.0079153 -0.014463 -0.00214769 0.000107692 -0.0127327 0.000320322 0.000170252 0.0075054 0.00337302 -0.00352564 0.00667808 0.000244073 0.000127991 -0.00502583 0.00291262 -0.0111019 -0.0026738 -0.0115057 0.0206989 -0.00154155 -0.0182796 0.000391554
internal_weight=58201 47549 2287 10652 1137 1150 859 8683 3962 1969 4721 3245 1821 45262 44341 921 751 463 287 44244 43748 2124 922 1202 556 347 181 741 646 41624
internal_count=58201 47549 2287 10652 1137 1150 859 8683 3962 1969 4721 3245 1821 45262 44341 921 751 463 287 44244 43748 2124 922 1202 556 347 181 741 646 41624
is_linear=0
shrinkage=0.05


Tree=108
num_leaves=31
num_cat=0
split_feature=3 3 0 9 5 12 7 8 10 7 12 9 3 15 8 8 7 7 13 8 12 8 9 10 8 9 9 7 7 7
split_gain=194.719 136.73 88.7203 65.4777 53.5424 33.6931 31.8885 31.2638 25.8672 25.1352 32.9206 29.7186 22.9712 20.8117 30.3159 98.8724 53.5687 44.6168 33.7491 42.6044 48.6634 46.204 42.6289 36.0745 57.941 37.2072 33.9192 31.181 64.6401 62.0443
threshold=12.461795806884767 1.7241498827934267 1.0000000180025095e-35 14.284999847412111 2.0049999952316289 -0.13052122294902799 -0.77000474929809559 1.0000000180025095e-35 0.9238443672657014 0.91258591413497936 -0.043617725372314446 13.994999885559084 2.4375712871551518 40.500000000000007 0.88337317109107982 0.8730936348438264 0.31881132721900945 0.46866798400878912 -0.37940952181816096 -0.13282711803913114 0.39873388409614569 -0.18797264248132703 6.9149999618530282 0.78257837891578685 0.80060017108917247 13.315000057220461 5.5250000953674325 -0.60945609211921681 0.49128657579422003 -0.82193484902381886
decision_type=2 2 2 8 2 2 2 2 2 2 2 10 2 2 2 2 2 2 2 2 2 2 8 2 2 8 10 2 2 2
left_child=1 6 9 8 5 -3 -1 -7 -4 10 -2 -11 -6 -14 15 18 -16 -17 23 21 22 26 -21 -15 25 -25 -20 29 -29 -24
right_child=2 4 3 -5 12 7 -8 -9 -10 11 -12 -13 13 14 16 17 -18 -19 19 20 -22 -23 27 24 -26 -27 -28 28 -30 -31
leaf_value=-5.1116242755441931e-05 3.1228917277603686e-05 -3.3770649304295731e-05 0.00031830572223256472 0.00027711628019090883 0.00017421907109681735 -3.4117139006139152e-05 -4.4115709911728666e-05 -6.3570523950834491e-05 0.00026393872148040566 0.00010438124176720409 -4.1938939782121268e-05 0.00023405619181384731 -0.00015869296637831371 -9.1886217417236349e-05 0.00022560711614385556 0.00050884600990701583 0.0040147371966276048 -0.0051466160699669226 0.0018116222009905961 -0.0009172109032870232 -0.0015842203029720345 0.0058149077420568927 -0.0024175099554051035 0.00071768393334897341 0.0080295240135779006 0.0039575265163494747 -0.00028945164503912105 -0.0080831552962152414 0.00044491599838547249 0.0066339504886323676
leaf_weight=412 707 4671 881 561 579 2116 1628 1814 253 299 489 207 21743 2883 2826 87 1085 207 1151 1331 1768 329 260 2972 119 138 3876 172 2120 366
leaf_count=412 707 4671 881 561 579 2116 1628 1814 253 299 489 207 21743 2883 2826 87 1085 207 1151 1331 1768 329 260 2972 119 138 3876 172 2120 366
internal_value=-0.000480579 -0.00120293 0.0111258 0.0192059 -0.000709833 -0.00431676 -0.0138875 -0.00772554 0.0122037 0.00304628 -0.000915903 0.0123288 -4.5437e-06 -0.000136977 0.000958746 8.1534e-05 0.00494127 -0.0284281 0.000568897 -0.00104148 -0.00392727 0.00220108 -0.00102257 0.00356384 0.00718924 0.0058427 0.00100358 0.00236059 -0.00034828 0.0122029
internal_weight=58050 54653 3397 1695 52613 8601 2040 3930 1134 1702 1196 506 44012 43433 21690 17779 3911 294 17485 11373 6017 5356 4249 6112 3229 3110 5027 2918 2292 626
internal_count=58050 54653 3397 1695 52613 8601 2040 3930 1134 1702 1196 506 44012 43433 21690 17779 3911 294 17485 11373 6017 5356 4249 6112 3229 3110 5027 2918 2292 626
is_linear=0
shrinkage=0.05


Tree=109
num_leaves=31
num_cat=0
split_feature=3 3 0 9 5 10 6 15 11 6 8 7 2 6 8 7 10 7 10 9 13 6 7 13 6 6 7 7 6 13
split_gain=207.222 139.757 89.0376 60.4492 54.2379 30.0572 29.0113 28.3765 29.9434 24.2836 24.0366 23.0531 22.9097 27.537 22.3766 21.5761 29.5956 36.8026 23.1487 21.0843 21.0567 25.0794 20.4615 35.0753 33.2325 30.4988 60.7176 55.0065 44.9741 39.6486
threshold=12.461795806884767 1.7241498827934267 1.0000000180025095e-35 14.284999847412111 1.985000014305115 0.9238443672657014 949.95001220703136 70.500000000000014 12.050000190734865 963.64999389648449 -0.33302289247512812 -0.77000474929809559 41.500000000000007 962.45001220703136 0.86674088239669811 -0.05368517339229583 -0.79332312941551197 -0.98134601116180409 -0.99535831809043873 3.6149998903274541 0.78656607866287243 966.54998779296886 -0.97789707779884327 0.60355338454246532 946.54998779296886 947.64999389648449 -0.079425927251577363 -0.45724393427371973 946.75000000000011 -0.6035533845424651
decision_type=2 2 2 8 2 2 2 2 2 2 2 2 2 2 2 2 2 2 2 10 2 2 2 2 2 2 2 2 2 2
left_child=1 11 6 5 9 -4 -2 8 10 12 -8 -1 13 15 -10 16 -3 -18 -17 -15 21 -11 23 -6 -25 26 -24 29 -28 -27
right_child=2 4 3 -5 22 -7 7 -9 14 20 -12 -13 -14 19 -16 18 17 -19 -20 -21 -22 -23 25 24 -26 27 28 -29 -30 -31
leaf_value=-8.6769982733072432e-05 0.00044707517774005836 -8.8955867658491744e-05 0.00030375178205209745 0.00025898342852661015 0.0016493707524499442 0.00025074178540638318 -0.00016025349165786908 8.1196207418160474e-05 -1.2039151717824215e-05 -0.00014728303077343776 0.00032924837527869015 -3.9183104190807214e-05 0.00020793427220586471 3.2698870285212228e-06 -6.6712167689086948e-05 -0.00016246449979583942 -0.00079670139303489361 0.00070844592071326858 -5.5328163890797048e-05 0.0039623243712394668 -1.8271299192486499e-05 1.1976756654055038e-05 -0.00072413862960586369 -0.0015777985402694039 0.0044571954777515082 -0.00019425152617117414 0.0069367896107956689 -6.8678060028604275e-05 -0.0020679111266416737 0.0012385519604123209
leaf_weight=422 329 2106 880 567 1780 260 136 479 355 362 220 1646 1221 156 208 148 123 900 2900 83 237 113 7894 549 141 1593 564 27433 233 3930
leaf_count=422 329 2106 880 567 1780 260 136 479 355 362 220 1646 1221 156 208 148 123 900 2900 83 237 113 7894 549 141 1593 564 27433 233 3930
internal_value=-0.000505408 -0.00125598 0.0113987 0.0194801 -0.000752797 0.0127511 0.0033776 0.000213828 -0.00492424 -0.00444697 0.00637119 -0.0139894 -0.00361816 -0.00481233 -0.0120599 -0.0054594 -0.00253669 0.00442607 -0.0084507 0.0116803 -0.0132497 -0.0192708 -5.32614e-05 0.00436364 -0.00517986 -0.000315711 -0.00294963 0.000379236 0.0101621 0.00492945
internal_weight=57968 54534 3434 1707 52466 1140 1727 1398 919 8349 356 2068 7637 6416 563 6177 3129 1023 3048 239 712 475 44117 2470 690 41647 8691 32956 797 5523
internal_count=57968 54534 3434 1707 52466 1140 1727 1398 919 8349 356 2068 7637 6416 563 6177 3129 1023 3048 239 712 475 44117 2470 690 41647 8691 32956 797 5523
is_linear=0
shrinkage=0.05


Tree=110
num_leaves=31
num_cat=0
split_feature=3 3 0 5 9 6 12 12 6 6 8 8 8 15 13 11 8 10 15 8 8 5 10 13 6 8 12 8 15 3
split_gain=183.865 139.7 89.4848 52.3573 36.5181 27.7952 27.3019 28.1705 26.1979 23.7682 22.5522 34.9242 32.6586 22.1289 21.7928 21.0759 20.4492 20.2572 19.6346 18.5249 42.4297 22.9838 21.2744 18.2385 30.4839 23.4143 31.4405 29.3609 27.7149 19.8228
threshold=13.164981842041017 1.7241498827934267 1.0000000180025095e-35 2.0049999952316289 14.284999847412111 951.04998779296886 -0.13052122294902799 0.7933231294155122 950.35000610351574 966.54998779296886 1.0000000180025095e-35 -0.50804302096366871 -0.64460769295692433 69.500000000000014 0.78656607866287243 10.949999809265138 0.19244980067014697 0.9238443672657014 97.500000000000014 0.99805629253387462 0.99717122316360485 2.5516666173934941 -0.98321744799613942 0.78656607866287243 946.95001220703136 0.14153897762298587 0.44618082046508795 -0.78753387928009022 22.500000000000004 5.473527431488038
decision_type=2 2 2 2 8 2 2 2 2 2 2 2 2 2 2 2 2 2 2 2 2 2 2 2 2 2 2 2 2 2
left_child=1 8 5 6 17 -2 -3 9 -1 10 11 12 14 15 -8 -7 -12 -4 19 20 23 -21 -23 -5 25 27 -27 -25 -29 -26
right_child=2 3 4 18 -6 13 7 -9 -10 -11 16 -13 -14 -15 -16 -17 -18 -19 -20 21 -22 22 -24 24 29 26 -28 28 -30 -31
leaf_value=-7.9793688013889065e-05 0.00033100977213311179 -3.5212871842389869e-05 0.00029221175541743196 6.2107166317966825e-05 0.00024603425710028047 0.00021906957741437696 -0.00010080116153234681 4.9027354334201056e-05 -3.7404096566731868e-05 0.00030487373164447286 -5.2082634088476604e-05 0.00030273226740717236 -0.00011004978865093098 6.2759170862444758e-05 6.0493473408196377e-05 -2.5208521712494217e-05 -6.7880444912159313e-05 0.00023859191104091959 0.0062333373529439243 -0.00049442888235266217 -0.0026730680091039392 -0.00053581313498473617 0.0012840524675014711 -0.0030630344802240316 -0.00041198089348634881 -0.0030538754192561746 0.0024969917925833154 -0.0032782498078586944 0.00023284025708260257 0.00017131113782034579
leaf_weight=733 300 4659 490 35434 512 80 686 530 1307 86 183 513 216 312 358 433 1332 143 92 126 98 155 618 100 1481 383 87 112 961 5285
leaf_count=733 300 4659 490 35434 512 80 686 530 1307 86 183 513 216 312 358 433 1332 143 92 126 98 155 618 100 1481 383 87 112 961 5285
internal_value=-0.000393531 -0.00096417 0.0135385 -0.000473832 0.0233478 0.00349558 -0.00405579 -0.00713738 -0.0137897 -0.00881918 -0.00950501 -0.00565242 -0.0101186 -0.00126506 -0.00638704 -0.00762548 -0.0139803 0.0151254 0.000209182 0.000160553 1.47909e-05 0.00724558 0.0104756 9.00839e-05 -0.00200261 -0.00810073 -0.0174737 -0.00428693 -0.00180891 -0.00051691
internal_weight=57805 55535 2270 53495 1145 1125 8563 3904 2040 3374 3288 1773 1260 825 1044 513 1515 633 44932 44840 43941 899 773 43843 8409 1643 470 1173 1073 6766
internal_count=57805 55535 2270 53495 1145 1125 8563 3904 2040 3374 3288 1773 1260 825 1044 513 1515 633 44932 44840 43941 899 773 43843 8409 1643 470 1173 1073 6766
is_linear=0
shrinkage=0.05


Tree=111
num_leaves=31
num_cat=0
split_feature=3 3 0 11 7 7 9 7 7 10 6 8 8 8 7 9 15 6 6 10 11 8 8 11 8 3 8 3 8 7
split_gain=182.991 127.566 81.5617 48.0979 32.3255 31.4263 25.9184 25.8131 43.2685 34.1223 31.7531 26.2688 24.7954 65.9234 32.5835 26.9765 38.808 46.1284 33.3415 31.3297 55.4122 52.3642 50.7869 51.7131 47.3502 45.1287 37.2079 34.7111 33.8681 33.3358
threshold=13.164981842041017 1.7241498827934267 1.0000000180025095e-35 3.5499999523162846 -0.29014293849468226 -0.77000474929809559 14.284999847412111 -0.34717741608619684 -0.45724393427371973 -0.94828754663467396 952.75000000000011 -0.99960738420486439 -0.97653719782829274 -0.99351876974105824 -0.08797780796885489 7.5350000858306894 80.500000000000014 960.14999389648449 963.85000610351574 0.23343648016452792 6.6499998569488534 -0.61794704198837269 -0.94362518191337574 6.1499998569488534 0.86674088239669811 6.7901988029479989 0.99960738420486461 5.1263377666473398 -0.38516426086425776 0.63967129588127147
decision_type=2 2 2 2 2 2 8 2 2 2 2 2 2 2 2 10 2 2 2 2 2 2 2 2 2 2 2 2 2 2
left_child=1 5 -2 7 -4 -1 -6 8 9 -3 -11 -9 13 14 -5 16 19 -18 -19 20 21 25 -21 -24 27 -14 28 -25 -23 -29
right_child=2 3 4 12 6 -7 -8 11 -10 10 -12 -13 15 -15 -16 -17 17 18 -20 22 -22 26 23 24 -26 -27 -28 29 -30 -31
leaf_value=-4.8259216118819692e-05 1.9080606125432276e-05 -0.00014800757545147024 0.0003009982583261656 -0.0035692098765582243 0.00024424231222732183 -3.6565112049176049e-05 0.0002337325442452687 0.0025045677689282814 0.0018291865011175997 0.00031231335534662473 -0.0011474559474241926 -6.8034362241354987e-05 0.00054196234635617291 0.0020833589584340587 2.3171948424528799e-06 0.00013506467730775297 -0.0014269939690691406 0.0010514057437251997 -0.00074530656566804696 -0.0011334028922302191 -0.00099774295019172958 -0.00090893421553281352 -6.769949730631351e-05 0.00066291618079224049 -0.00068128342844923364 0.0080183064333902241 -0.00062901724380685768 0.0066362790265098353 1.1416046812653958e-05 0.00090924677203836699
leaf_weight=423 1146 1495 166 168 522 1651 449 100 401 2376 126 8380 1686 1402 1278 19584 824 348 219 290 4219 722 3402 819 621 193 83 864 3720 359
leaf_count=423 1146 1495 166 168 522 1651 449 100 401 2376 126 8380 1686 1402 1278 19584 824 348 219 290 4219 722 3402 819 621 193 83 864 3720 359
internal_value=-0.000506538 -0.00107518 0.0133523 -0.000604463 0.0228109 -0.0132275 0.0262807 -0.00326787 -0.000158983 -0.00173663 0.00183486 -0.0048792 0.000236485 0.00473186 -0.00275672 -0.000101428 -0.00147763 -0.0094914 0.00148601 -0.000818466 -0.0024793 0.000452489 0.00195755 0.00294069 0.00815217 0.00745754 -0.00246137 0.0118222 -0.00182145 0.0171417
internal_weight=58036 55753 2283 53679 1137 2074 971 12878 4398 3997 2502 8480 40801 2848 1446 37953 18369 1391 567 16978 10623 6404 6355 6065 2663 1879 4525 2042 4442 1223
internal_count=58036 55753 2283 53679 1137 2074 971 12878 4398 3997 2502 8480 40801 2848 1446 37953 18369 1391 567 16978 10623 6404 6355 6065 2663 1879 4525 2042 4442 1223
is_linear=0
shrinkage=0.05


Tree=112
num_leaves=31
num_cat=0
split_feature=3 3 0 9 5 6 2 7 7 14 15 6 8 8 3 7 6 7 7 7 3 6 12 7 12 7 12 11 7 13
split_gain=176.205 128.303 82.1802 47.6532 45.2305 32.2016 27.0887 26.1651 25.2158 23.2283 22.7365 21.3805 19.5649 35.0736 26.3261 23.4398 20.9674 19.6962 23.115 23.0929 21.252 25.0342 25.2684 26.4883 26.2377 19.0224 18.6981 25.5942 18.5352 18.1452
threshold=12.461795806884767 1.7241498827934267 1.0000000180025095e-35 14.284999847412111 2.0049999952316289 950.85000610351574 41.500000000000007 -0.77000474929809559 0.91258591413497936 11.795000076293947 69.500000000000014 962.75000000000011 1.0000000180025095e-35 0.021515898406505588 4.1450769901275644 0.98805528879165661 943.14999389648449 -0.045113071799278252 -0.33908806741237635 -0.20691853761672971 3.7142270803451543 954.75000000000011 -0.13052122294902799 0.65278974175453197 -0.53727915883064259 -0.24042633175849912 0.39873388409614569 3.6499999761581425 0.94982600212097179 0.91597560048103344
decision_type=2 2 2 8 2 2 2 2 2 10 2 2 2 2 2 2 2 2 2 2 2 2 2 2 2 2 2 2 2 2
left_child=1 7 5 -4 6 -2 12 -1 10 -10 -7 -8 15 -14 16 -3 -15 18 -18 -20 21 -19 24 -24 -23 -5 -9 -28 -11 -6
right_child=2 4 3 25 29 8 11 26 9 28 -12 -13 13 14 -16 -17 17 20 19 -21 -22 22 23 -25 -26 -27 27 -29 -30 -31
leaf_value=-5.8600196417275126e-05 0.0003388322541637512 -4.5499852053742123e-05 0.00022571700046032374 0.00026180380492991099 3.1533743922702172e-05 -3.5683646841727645e-05 0.00035864147785826949 -4.8023574755924614e-05 0.00047198016143823744 7.6115392438941287e-05 2.2615667944864139e-05 -0.00017100527630812754 -0.00011567384896023561 -0.00045091467485342993 -0.00061453007901920704 0.00057559755567351757 -7.6919939002717853e-05 -0.00018692164069765107 0.0035614283527569826 -2.1145311323863019e-05 1.9873290223252316e-05 -9.1216162979433852e-05 -8.4264698251171596e-05 -1.1282845021265854e-05 0.00019562107323969538 0.0002220459170330036 -3.7223402507555659e-05 -1.4373243930570959e-05 -0.00031858836332377961 -0.00050659520166361775
leaf_weight=417 407 3966 1137 80 38903 585 1263 915 162 125 282 117 109 131 342 197 736 319 114 120 203 206 239 356 210 482 510 207 145 4968
leaf_count=417 407 3966 1137 80 38903 585 1263 915 162 125 282 117 109 131 342 197 736 319 114 120 203 206 239 356 210 482 510 207 145 4968
internal_value=-0.000513303 -0.0012025 0.0105132 0.0182805 -0.000722802 0.00274693 -0.00403104 -0.0134615 -0.00111196 0.00869565 -0.00602064 0.00238267 -0.005253 -0.00826861 -0.00721234 -0.00301104 -0.00549451 -0.00444577 0.00112821 0.0146444 -0.00796489 -0.0102622 -0.00634843 -0.0129167 0.00308789 0.0301587 -0.0163103 -0.0223684 -0.000363636 -7.17932e-05
internal_weight=57953 54548 3405 1699 52499 1706 8628 2049 1299 432 867 1380 7248 3085 2976 4163 2634 2503 970 234 1533 1330 1011 595 416 562 1632 717 270 43871
internal_count=57953 54548 3405 1699 52499 1706 8628 2049 1299 432 867 1380 7248 3085 2976 4163 2634 2503 970 234 1533 1330 1011 595 416 562 1632 717 270 43871
is_linear=0
shrinkage=0.05


Tree=113
num_leaves=31
num_cat=0
split_feature=3 3 0 9 5 7 8 8 3 7 8 7 10 7 7 9 12 8 8 8 8 10 14 3 7 13 15 10 13 9
split_gain=154.106 116.69 76.2022 54.3901 37.8924 25.8359 24.5626 34.6293 24.6538 23.661 22.3564 30.3807 22.3045 21.6235 31.5187 26.1381 23.5652 20.4416 34.9247 19.1159 36.1059 31.8726 58.0887 39.1388 42.2205 37.7959 35.1253 24.6798 33.9758 44.9307
threshold=12.461795806884767 1.7241498827934267 1.0000000180025095e-35 14.284999847412111 2.0049999952316289 -0.77000474929809559 1.0000000180025095e-35 0.021515898406505588 4.1450769901275644 0.98805528879165661 -0.17552985996007917 -0.99422323703765858 0.94828754663467418 -0.5677773356437682 0.91258591413497936 13.994999885559084 -0.043617725372314446 0.99805629253387462 0.99717122316360485 0.95943385362625133 0.95572271943092357 0.90992662310600292 8.4449996948242205 5.16412377357483 0.066572044044733061 -1.0000000180025095e-35 67.500000000000014 0.9170251488685609 -0.7865660786628722 10.84500026702881
decision_type=2 2 2 8 2 2 2 2 2 2 2 2 2 2 2 10 2 2 2 2 2 2 10 2 2 2 2 2 2 10
left_child=1 5 13 12 6 -1 9 -8 -9 10 -3 -12 -4 -2 16 -16 -15 18 19 20 27 25 23 24 -23 -21 -27 -6 29 -29
right_child=2 4 3 -5 17 -7 7 8 -10 -11 11 -13 -14 14 15 -17 -18 -19 -20 21 -22 22 -24 -25 -26 26 -28 28 -30 -31
leaf_value=-4.8940901608940775e-05 0.00073325219733572089 -1.9330200530613077e-05 0.00020794386504981445 0.00021094362118135313 -0.00010898924422753993 -3.2736475978341213e-05 -0.00014445485657719662 -3.0432282318897629e-05 -0.0005647507645539793 0.00081762926094714481 0.00037373775939224924 -0.00063415998657727313 0.0002119126361649515 5.7597233137030029e-06 4.673487228768203e-05 0.00021567463036332448 -4.4820755713903539e-05 0.00091182187476525627 -0.0024202149756520916 -0.00094213976882526196 0.0074201431759928944 0.0028684695332187489 0.00063925330637751299 -0.0034576615209043204 -0.00057112298936090882 0.0023507787075035948 -0.0020773824937167125 0.0024835363134000825 8.5496984305111223e-05 -0.00032907364766325835
leaf_weight=414 188 4379 995 554 29880 1642 123 3174 395 230 104 176 148 581 298 208 463 842 93 819 119 114 212 902 171 718 233 1384 8275 226
leaf_count=414 188 4379 995 554 29880 1642 123 3174 395 230 104 176 148 581 298 208 463 842 93 819 119 114 212 902 171 718 233 1384 8275 226
internal_value=-0.000540773 -0.00118708 0.00972384 0.0172444 -0.000729448 -0.0128578 -0.00376776 -0.00684339 -0.00591774 -0.00144054 -0.00221913 -0.0157895 0.0109321 0.00235227 0.000385852 0.0105675 -0.00457579 -0.000136385 -0.000287363 -0.000219471 7.77157e-05 -0.003954 -0.00957977 -0.0138842 0.00224138 0.000507042 0.00726987 -6.28615e-06 0.00215875 0.00879257
internal_weight=58060 54625 3435 1697 52569 2056 8581 3692 3569 4889 4659 280 1143 1738 1550 506 1044 43988 43146 43053 39884 3169 1399 1187 285 1770 951 39765 9885 1610
internal_count=58060 54625 3435 1697 52569 2056 8581 3692 3569 4889 4659 280 1143 1738 1550 506 1044 43988 43146 43053 39884 3169 1399 1187 285 1770 951 39765 9885 1610
is_linear=0
shrinkage=0.05


Tree=114
num_leaves=31
num_cat=0
split_feature=3 3 0 9 11 8 7 6 7 8 10 8 6 7 7 6 6 15 7 8 13 7 7 7 6 15 11 6 15 15
split_gain=154.455 109.536 76.1344 48.8689 39.6445 27.5935 54.0626 46.7985 26.7774 44.7112 33.1558 29.1549 39.889 28.5351 26.5831 25.7208 25.2387 35.0957 36.8732 28.055 26.1668 24.2875 24.1305 36.1834 33.5512 24.971 37.5222 23.9449 43.8018 23.171
threshold=12.461795806884767 1.7241498827934267 1.0000000180025095e-35 14.284999847412111 3.5499999523162846 -0.97653719782829274 0.16894881427288058 952.54998779296886 -0.34717741608619684 0.86458376049995433 -0.95368063449859608 -0.23416947573423383 943.95001220703136 -0.74761795997619618 -0.77000474929809559 949.95001220703136 957.75000000000011 90.500000000000014 0.46866798400878912 0.83987808227539074 -0.6035533845424651 -0.92117106914520253 -0.11364490166306494 -0.08797780796885489 948.25000000000011 21.500000000000004 8.3499999046325701 954.54998779296886 32.500000000000007 36.500000000000007
decision_type=2 2 2 8 2 2 2 2 2 2 2 2 2 2 2 2 2 2 2 2 2 2 2 2 2 2 2 2 2 2
left_child=1 14 15 -4 8 6 22 -8 9 10 -3 12 21 -14 -1 -2 20 18 -18 -20 -10 -12 25 -24 -25 -6 -27 29 -29 -26
right_child=2 4 3 -5 5 -7 7 -9 16 -11 11 -13 13 -15 -16 -17 17 -19 19 -21 -22 -23 23 24 27 26 -28 28 -30 -31
leaf_value=-4.6493856528493717e-05 0.00033453495755238487 -0.00013618825811862072 0.00020187913203219832 0.00020467347777703982 0.0041223120037243875 -3.6198933838984271e-05 0.00044930360735826738 0.0099670062200292227 -4.1517291446911082e-05 0.0031718837875243434 0.0027671152760204011 -0.000273413883036263 0.0036537642571242523 0.0012300255566349853 -3.234882682949499e-05 -4.081898561597575e-06 0.00048735604648839168 0.0030428727828261462 -3.8283709290988512e-05 -0.00078230268305186769 -0.00016315329279577791 -0.00050480597141232383 -0.0037565166846590574 0.0089601073423134 -0.001513122393877955 0.0027593947872936197 -0.0022561077669106923 0.00086789203205801671 -0.00081837553611446845 0.0015516825367491273
leaf_weight=418 319 1540 1134 559 109 36896 169 249 1130 147 163 1369 217 583 1651 1375 699 110 3208 106 3156 365 170 94 469 396 191 444 389 143
leaf_count=418 319 1540 1134 559 109 36896 169 249 1130 147 163 1369 217 583 1651 1375 699 110 3208 106 3156 365 170 94 469 396 191 444 389 143
internal_value=-0.000550256 -0.00119353 0.00980248 0.017285 -0.000748329 3.14671e-05 0.00479137 0.0212766 -0.00316846 0 -0.000954738 0.00238712 0.00765191 0.0146584 -0.0124638 0.00229547 -0.00481935 -0.00202277 -0.0027999 -0.00500151 -0.00750408 -0.00300188 0.00188797 -0.00131272 0.00113342 0.00970043 0.00548986 -0.000793103 0.0047136 -0.0082658
internal_weight=57968 54581 3387 1693 52512 39719 2823 418 12793 4384 4237 2697 1328 800 2069 1694 8409 4123 4013 3314 4286 528 2405 1709 1539 696 587 1445 833 612
internal_count=57968 54581 3387 1693 52512 39719 2823 418 12793 4384 4237 2697 1328 800 2069 1694 8409 4123 4013 3314 4286 528 2405 1709 1539 696 587 1445 833 612
is_linear=0
shrinkage=0.05


Tree=115
num_leaves=31
num_cat=0
split_feature=3 3 0 9 5 6 6 10 6 4 6 6 12 12 15 10 10 15 13 6 6 15 3 6 14 10 15 15 15 6
split_gain=158.192 105.97 65.7671 51.7246 35.0144 27.4251 26.8168 22.0577 19.0617 31.0245 18.6476 25.7436 21.2866 29.9956 19.0458 19.0339 18.2684 16.922 16.9412 23.3317 26.9466 27.265 36.2519 22.6642 26.8794 23.8899 20.623 18.7586 25.215 74.8495
threshold=12.461795806884767 1.7241498827934267 1.0000000180025095e-35 14.284999847412111 1.985000014305115 949.64999389648449 950.64999389648449 0.96359375119209301 959.75000000000011 8.7349996566772479 964.54998779296886 966.54998779296886 0.8038262426853181 -0.13052122294902799 64.500000000000014 0.21643137186765674 0.9238443672657014 97.500000000000014 0.91597560048103344 946.45001220703136 953.35000610351574 47.500000000000007 8.5508251190185565 943.35000610351574 3.6550000905990605 -0.91702514886856068 37.500000000000007 40.500000000000007 75.500000000000014 959.85000610351574
decision_type=2 2 2 8 2 2 2 2 2 2 2 2 2 2 2 2 2 2 2 2 2 2 2 2 10 2 2 2 2 2
left_child=1 5 6 16 10 -1 -2 8 -8 -10 12 -12 13 -3 -13 -14 -4 18 27 23 -21 22 26 25 -25 -20 -22 -6 -29 -30
right_child=2 4 3 -5 17 -7 7 -9 9 -11 11 14 15 -15 -16 -17 -18 -19 19 20 21 -23 -24 24 -26 -27 -28 28 29 -31
leaf_value=-6.8327090662047895e-05 0.0003069229314544342 -2.6440721660419243e-05 0.0002286031437589764 0.00019294773664088605 -8.0418950752469972e-05 -2.9776078335222705e-05 -9.8270446925230462e-06 -4.8508537329894355e-05 -1.0652275172090554e-05 0.0001556724905717094 -0.00015836273429694549 0.0040863443130878356 -1.5491135841599716e-05 -4.9011826143624108e-05 -5.0820366383287239e-05 0.00057963967684971837 0.00018290282461442821 0.0063369368999184527 -0.0013918062208579792 0.00066840627923525631 -0.0025154412210455146 -0.0010452200335169799 0.0045105344494560332 0.0002949308706175564 -0.0040966023512160818 0.002938236395160962 0.00084343067791395061 0.00045055077473243541 -0.0014285237156542966 0.00073644498871187078
leaf_weight=655 378 4392 865 555 20747 1388 865 93 237 152 331 82 232 2999 106 223 258 90 154 1723 114 1829 239 147 359 200 179 14180 2408 1781
leaf_count=655 378 4392 865 555 20747 1388 865 93 237 152 331 82 232 2999 106 223 258 90 154 1723 114 1829 239 147 359 200 179 14180 2408 1781
internal_value=-0.00037177 -0.0010245 0.0100792 0.0171123 -0.000589299 -0.0121826 0.00320809 -0.000110947 0.00166799 0.0107868 -0.00355436 -0.0126908 -0.0029423 -0.00358978 0.00207254 0.0075 0.0108599 -2.7177e-05 -7.262e-05 -0.00282885 -0.00124725 -0.0047126 0.00521415 -0.010289 -0.0170254 -0.000557103 -0.00654362 0.000276067 0.00143953 -0.0019671
internal_weight=57961 54558 3403 1678 52515 2043 1725 1347 1254 389 8365 519 7846 7391 188 455 1123 44150 44060 4944 4084 2361 532 860 506 354 293 39116 18369 4189
internal_count=57961 54558 3403 1678 52515 2043 1725 1347 1254 389 8365 519 7846 7391 188 455 1123 44150 44060 4944 4084 2361 532 860 506 354 293 39116 18369 4189
is_linear=0
shrinkage=0.05


Tree=116
num_leaves=31
num_cat=0
split_feature=3 3 0 9 11 0 8 8 5 4 5 9 6 6 8 8 8 14 13 5 3 8 10 12 8 8 8 8 12 8
split_gain=147.348 90.6979 75.1661 42.6327 31.6374 25.4433 24.2004 49.7184 37.7144 32.3136 27.3692 24.9054 37.2162 38.8929 34.1554 29.4138 40.0327 30.9062 29.1988 28.626 48.7253 29.9922 32.9458 26.3346 24.6746 31.9097 32.5263 41.3206 47.4237 23.947
threshold=13.164981842041017 1.7241498827934267 1.0000000180025095e-35 14.284999847412111 3.5499999523162846 1.0000000180025095e-35 -0.97653719782829274 -0.99351876974105824 3.0116666555404668 6.5350000858306894 6.991666555404664 7.4349999427795419 951.25000000000011 948.14999389648449 -0.22162339836359021 -0.30041381716728205 -0.35321410000324244 6.8650000095367441 0.37940952181816107 5.0750000476837167 8.6450753211975115 0.86674088239669811 0.84335932135581981 0.55191597342491161 -0.4591448307037353 -0.50432845950126637 -0.61794704198837269 -0.75471875071525563 -0.77159520983695973 0.76864764094352733
decision_type=2 2 2 8 2 2 2 2 2 2 2 10 2 2 2 2 2 10 2 2 2 2 2 2 2 2 2 2 2 2
left_child=1 -1 -2 -4 5 -3 7 8 -6 -10 -11 12 13 14 15 16 24 -18 -16 20 23 22 -21 -14 25 26 27 28 -8 -24
right_child=2 4 3 -5 6 -7 11 -9 9 10 -12 -13 19 -15 18 -17 17 -19 -20 21 -22 -23 29 -25 -26 -27 -28 -29 -30 -31
leaf_value=-2.7579963501521163e-05 1.0853425539714136e-05 -9.9827215523141249e-05 0.0001896138064122699 0.00018438401299444019 0.00047134834776009043 -4.666942371296668e-06 0.0029021920669918769 0.0019111030873266101 -0.0024270084105702996 0.0024105257506255584 -0.00018465003284854898 0.00012981880432942907 -0.00013023843045433336 0.00085913457908587051 0.00076211888086773205 -0.0030229060206544761 0.0024628486448917499 -0.0024966623414586914 -0.00046501225551475936 -0.003754866392493571 0.0065225276756910311 -0.0062530749194534664 -0.00098413275255968555 -0.00025566034850722856 -0.0011909956658738324 0.0031595750217533296 -0.0015798330080676604 0.0013418583376810054 -0.00085254068889263211 0.0040655947503002226
leaf_weight=2031 1138 6695 621 510 352 6241 115 1435 742 163 161 19853 6073 2724 2247 290 237 134 846 329 184 301 195 1657 521 222 497 725 587 82
leaf_count=2031 1138 6695 621 510 352 6241 115 1435 742 163 161 19853 6073 2724 2247 290 237 134 846 329 184 301 195 1657 521 222 497 725 587 82
internal_value=-0.000404054 -0.000913845 0.0120712 0.0211708 -0.000520396 -0.00267367 0.000164712 0.00460112 -0.00203795 -0.00672269 0.00638298 -0.000170527 -0.00151911 0.000715847 -0.00140834 -0.00492049 -0.00345054 0.0118351 0.0023725 -0.00383526 -0.00286652 -0.0122259 -0.00572831 -0.0034777 -0.00559506 -0.00320781 -0.00528771 -0.00143156 -0.0100424 0.00691489
internal_weight=57908 55639 2269 1131 53608 12936 40672 2853 1418 1066 324 37819 17966 9145 6421 3328 3038 371 3093 8821 7914 907 606 7730 2667 2146 1924 1427 702 277
internal_count=57908 55639 2269 1131 53608 12936 40672 2853 1418 1066 324 37819 17966 9145 6421 3328 3038 371 3093 8821 7914 907 606 7730 2667 2146 1924 1427 702 277
is_linear=0
shrinkage=0.05


Tree=117
num_leaves=31
num_cat=0
split_feature=3 3 0 4 7 11 7 12 8 14 6 8 7 6 14 13 4 6 4 11 5 8 15 8 2 7 15 6 8 10
split_gain=137.877 89.4491 71.4028 41.7489 35.0223 33.2016 25.363 27.5873 24.6913 30.6837 22.2426 22.1153 60.3709 43.0479 24.7352 34.7592 26.2525 24.5978 23.8377 33.2942 23.0309 22.6605 24.75 22.4386 22.0425 26.4963 45.5434 21.8901 27.2044 26.1638
threshold=13.164981842041017 1.7241498827934267 1.0000000180025095e-35 8.1050000190734881 -0.42640316486358637 3.5499999523162846 0.066572044044733061 -0.13052122294902799 -0.93779578804969776 4.3250000476837167 949.95001220703136 -0.97653719782829274 0.16894881427288058 952.54998779296886 4.1349999904632577 -1.0000000180025095e-35 3.745000004768372 950.45001220703136 6.5350000858306894 8.4499998092651385 1.8383333683013918 -0.99532556533813465 38.500000000000007 -0.98902499675750721 19.500000000000004 0.63303324580192577 85.500000000000014 947.25000000000011 0.24284747242927554 0.84335932135581981
decision_type=2 2 2 2 2 2 2 2 2 10 2 2 2 2 10 2 2 2 2 2 2 2 2 2 2 2 2 2 2 2
left_child=1 6 10 -4 -5 8 -1 -8 9 -3 -2 12 14 -14 20 21 -17 -18 23 -20 -7 22 -16 -19 27 -26 -27 28 29 -10
right_child=2 5 3 4 -6 11 7 -9 24 -11 -12 -13 13 -15 15 16 17 18 19 -21 -22 -23 -24 -25 25 26 -28 -29 -30 -31
leaf_value=-4.10811808929388e-05 0.00026958426013978521 -8.841721737400354e-05 5.4289757002889962e-06 -7.44725767552884e-05 0.0001757577565333457 -0.00011040696915682936 -4.6816250884553889e-05 -2.3933153419500743e-05 -0.00025351829086665828 -0.0015697507507742667 -1.4843875462605684e-06 -9.8642381475185569e-06 0.00058173465498679721 0.0091075517833657804 -0.00075126191873818582 0.0016574175926228661 -0.0090571319422662836 -0.003661759877418624 0.0021974796839690502 -0.0004570546958233335 0.0013172621479834357 0.0016943136372777933 0.0019160636176127387 0.00025541713567467096 0.00019350096196035687 -8.0480824931863544e-05 0.0008101169531265003 -2.5845202463575714e-05 -0.0016067998061124926 0.001550407662310528
leaf_weight=1112 228 1422 202 114 810 80 366 581 564 207 930 37830 156 256 399 224 97 244 88 137 369 560 132 110 4498 2592 203 3013 234 208
leaf_count=1112 228 1422 202 114 810 80 366 581 564 207 930 37830 156 256 399 224 97 244 88 137 369 560 132 110 4498 2592 203 3013 234 208
internal_value=-0.00036225 -0.000856573 0.0116645 0.0206012 0.0250807 -0.000463377 -0.0110707 -0.0170693 -0.00266878 -0.00841493 0.00292347 0.000238405 0.00448022 0.0220624 0.00147239 -0.000926854 -0.0081768 -0.013069 -0.00898973 0.00369565 0.0120044 0.00506387 -0.00233209 -0.0169916 -0.00183794 -0.000198685 -0.00401786 -0.00480865 -0.0111771 -0.00656371
internal_weight=57966 55682 2284 1126 924 53623 2059 947 12941 1629 1158 40682 2852 412 2440 1991 900 676 579 225 449 1091 531 354 11312 7293 2795 4019 1006 772
internal_count=57966 55682 2284 1126 924 53623 2059 947 12941 1629 1158 40682 2852 412 2440 1991 900 676 579 225 449 1091 531 354 11312 7293 2795 4019 1006 772
is_linear=0
shrinkage=0.05


Tree=118
num_leaves=31
num_cat=0
split_feature=3 3 0 4 5 6 0 15 6 14 15 9 4 9 15 3 5 2 12 12 15 6 11 6 14 10 12 4 11 0
split_gain=140.041 86.8105 71.2991 41.064 28.4614 26.7729 21.7152 18.024 18.2867 19.9062 22.8479 16.4927 16.3765 16.3151 16.1408 15.7439 15.4535 15.0856 18.2616 14.727 13.6445 30.2735 35.8922 25.5085 26.0018 22.6834 26.8543 29.1997 39.5324 34.7028
threshold=13.164981842041017 1.7241498827934267 1.0000000180025095e-35 8.1050000190734881 2.0049999952316289 950.35000610351574 1.0000000180025095e-35 30.500000000000004 951.04998779296886 13.454999923706056 69.500000000000014 14.284999847412111 0.47499999403953558 3.304999947547913 97.500000000000014 2.316846609115601 9.7350001335144061 13.500000000000002 -0.095842104405164705 0.7933231294155122 37.500000000000007 953.04998779296886 3.3500000238418584 949.54998779296886 10.055000305175783 -0.98897820711135853 0.53727915883064281 7.5750000476837167 5.1499998569488534 1.0000000180025095e-35
decision_type=2 2 2 2 2 2 2 2 2 10 2 8 2 8 2 2 2 2 2 2 2 2 2 2 10 2 2 2 2 2
left_child=1 5 7 -4 6 12 -3 -2 -9 -10 16 -5 -1 17 15 -6 -11 18 -7 -8 21 23 -23 -17 -25 -24 27 28 -27 -29
right_child=2 4 3 11 14 13 19 8 9 10 -12 -13 -14 -15 -16 20 -18 -19 -20 -21 -22 22 25 24 -26 26 -28 29 -30 -31
leaf_value=0.00025492905024211194 -3.268281065270662e-05 -6.7200509414565334e-05 -8.0512253424203095e-06 0.00019890440842375013 0.00019081942872747686 -6.0602147964871922e-05 -1.1728579065289815e-05 0.00028059600365604176 9.9391944628021703e-05 -0.00013290332865933396 5.7184794847714442e-05 0.00016250829092499531 -9.9153727266676397e-05 -5.6659720709942905e-05 0.0055630967491233328 -0.00017141114565013827 -5.1901997365544353e-06 -1.8133278720988774e-05 -2.3393844496383872e-05 0.00031728727334176657 8.5803818362142041e-05 -0.001367523853874399 -0.00067596745269468933 0.0002565400549542518 0.00066863855392917948 -0.00090162258732974412 -0.00073536528190606813 -0.0002762647938301832 0.0008708174191143427 6.2480537955289525e-05
leaf_weight=151 137 4478 195 452 406 155 3879 228 260 122 257 487 578 137 99 10623 149 725 308 251 24767 482 699 3462 477 663 1031 263 1914 245
leaf_count=151 137 4478 195 452 406 155 3879 228 260 122 257 487 578 137 99 10623 149 725 308 251 24767 482 699 3462 477 663 1031 263 1914 245
internal_value=-0.000354653 -0.000852181 0.0117583 0.0206321 -0.000466099 -0.0109276 -0.00309997 0.00297927 0.00528893 0.00163934 -0.00393996 0.024947 -0.00320163 -0.0151504 3.65562e-05 -8.88159e-06 -0.0139493 -0.0131601 -0.0201923 -0.000483676 -9.85862e-05 -0.00107481 -0.00430969 0.000102972 0.00353702 -0.00299793 -0.00157729 0.000760518 0.00292409 -0.0101365
internal_weight=58080 55793 2287 1134 53739 2054 8608 1153 1016 788 528 939 729 1325 45131 45032 271 1188 463 4130 44626 19859 5297 14562 3939 4815 4116 3085 2577 508
internal_count=58080 55793 2287 1134 53739 2054 8608 1153 1016 788 528 939 729 1325 45131 45032 271 1188 463 4130 44626 19859 5297 14562 3939 4815 4116 3085 2577 508
is_linear=0
shrinkage=0.05


Tree=119
num_leaves=31
num_cat=0
split_feature=3 3 0 4 7 11 8 14 8 8 13 12 7 12 10 4 2 8 7 6 10 8 11 7 13 6 12 8 13 8
split_gain=139.004 90.6699 85.2475 42.9389 29.388 28.2608 27.3329 29.7723 24.3874 39.0887 22.6737 19.8074 33.2828 26.4359 21.611 19.2717 18.1704 21.2193 47.4115 45.1166 23.7778 67.1083 54.9263 46.6077 52.8804 46.4886 39.4031 51.8105 36.4843 35.3778
threshold=13.164981842041017 1.7241498827934267 1.0000000180025095e-35 8.1050000190734881 -0.29014293849468226 3.5499999523162846 -0.93779578804969776 4.3250000476837167 -0.33302289247512812 0.86674088239669811 -0.37940952181816096 -0.13052122294902799 0.066572044044733061 -0.60873827338218678 0.94260558485984813 5.8150000572204599 2.5000000000000004 -0.97653719782829274 0.16894881427288058 952.54998779296886 0.28400452435016638 -0.93779578804969776 6.3500001430511483 -0.66248837113380421 -1.0000000180025095e-35 947.14999389648449 -0.18222858756780622 -0.62132811546325672 -0.7865660786628722 0.30901412665843969
decision_type=2 2 2 2 2 2 2 10 2 2 2 2 2 2 2 2 2 2 2 2 2 2 2 2 2 2 2 2 2 2
left_child=1 11 8 -4 -5 6 7 -3 -2 -10 -11 13 14 -1 -13 -8 -7 18 -18 -20 26 28 -23 25 -25 -24 27 -19 -22 -27
right_child=2 5 3 4 -6 16 15 -9 9 10 -12 12 -14 -15 -16 -17 17 20 19 -21 21 22 23 24 -26 29 -28 -29 -30 -31
leaf_value=-9.7684471290864633e-05 -1.8171189926036171e-05 -9.0261512790555849e-05 2.4322839682019982e-05 0.00032282818073096079 0.00015865991403349878 0.0012125202063711579 -3.4269450452432313e-05 -0.0014826926559530461 0.00038099789828014157 -6.2131219636418772e-05 5.7549365882980657e-06 -4.1482704393795571e-05 -2.1443792272475386e-05 2.9660544382706987e-05 0.00079860214673647739 0.0027509273186212576 9.8973567720705979e-05 0.0012359985677016239 -0.00062833310805972546 0.0087312172571398575 0.00084472730652743406 -0.00010911172684877074 0.0014775954419893934 0.00064268030954458275 -0.00016488202104413541 0.014224367638274277 -0.00028717206487170955 -0.00020477262549952575 -0.0027448343780606846 0.0020475921306928047
leaf_weight=569 371 1415 202 142 793 1403 10924 209 424 110 239 608 597 212 82 337 2355 2585 143 237 122 8336 1078 3396 3376 193 8244 8346 565 386
leaf_count=569 371 1415 202 142 793 1403 10924 209 424 110 239 608 597 212 82 337 2355 2585 143 237 122 8336 1078 3396 3376 193 8244 8346 565 386
internal_value=-0.00033877 -0.000834485 0.0117454 0.0214098 0.0259043 -0.000437983 -0.00247867 -0.00853284 0.00208877 0.00713368 -0.00522599 -0.011095 -0.0148994 -0.00477099 -0.00733813 -0.00160217 0.00020726 7.6206e-06 0.00425182 0.0205195 -0.000309838 0.00102538 0.00165474 0.00449964 0.00265604 0.0120036 -0.00152503 0.000443489 -0.0142341 0.0233733
internal_weight=57999 55718 2281 1137 935 53650 12885 1624 1144 773 349 2068 1287 781 690 11261 40765 39362 2735 380 36627 17452 16765 8429 6772 1657 19175 10931 687 579
internal_count=57999 55718 2281 1137 935 53650 12885 1624 1144 773 349 2068 1287 781 690 11261 40765 39362 2735 380 36627 17452 16765 8429 6772 1657 19175 10931 687 579
is_linear=0
shrinkage=0.05


Tree=120
num_leaves=31
num_cat=0
split_feature=3 3 0 9 11 9 8 8 13 8 9 15 8 6 8 9 2 14 2 15 6 8 9 14 5 15 6 9 6 8
split_gain=138.258 90.8929 79.62 39.6747 25.5222 22.9527 21.7661 36.383 24.9568 19.2448 27.927 52.4942 20.8581 33.5341 18.6496 18.4501 18.2889 21.4999 21.4047 22.3038 29.8868 24.1647 20.6789 22.4134 20.0882 19.8481 40.759 23.8198 21.4743 45.2387
threshold=13.164981842041017 1.7241498827934267 1.0000000180025095e-35 14.284999847412111 3.5499999523162846 3.3549998998641972 -0.55176848173141468 0.86674088239669811 -0.37940952181816096 -0.93779578804969776 5.2249999046325692 37.500000000000007 0.98094093799591076 947.64999389648449 0.3253390789031983 13.734999656677248 28.500000000000004 1.9650000333786013 42.500000000000007 20.500000000000004 942.75000000000011 -0.41274033486843104 4.5750000476837167 6.7750000953674325 3.8183332681655888 85.500000000000014 959.45001220703136 10.555000305175783 946.95001220703136 -0.22162339836359021
decision_type=2 2 2 8 2 8 2 2 2 2 10 2 2 2 2 10 2 8 2 2 2 2 10 10 2 2 2 10 2 2
left_child=1 5 6 -4 9 -1 -2 14 -9 10 -3 -12 -11 -14 15 -8 25 -18 -19 -20 21 -21 23 -22 -24 28 27 -27 29 -6
right_child=2 4 3 -5 16 -7 7 8 -10 12 11 -13 13 -15 -16 -17 17 18 19 20 22 -23 24 -25 -26 26 -28 -29 -30 -31
leaf_value=-2.2283859268911605e-05 -1.7557415648855603e-05 -2.6258497966989704e-05 0.00015484136465835353 0.00014644988067706867 -0.000949794516740124 -5.581115838865954e-05 -0.00020284541472168072 -5.9024658654599499e-05 5.4671897588842722e-06 -2.1940934105966862e-05 -0.0022016532761318748 -0.0004733925045276621 -0.0017885357216254822 -9.1471514977509345e-05 0.00050878854242686073 0.00010063994067365801 0.00043119504381731875 -0.00019183307030429253 0.0032157905482129573 -0.0045012372895050024 0.0020770210741023506 -0.0010181094851191266 -0.0011186663868133634 -0.0014448096026615067 0.00044626960291692668 -0.0018328282704978599 0.00047579005053251526 0.00013901842883963235 0.00021894056857029167 0.00062826173869491857
leaf_weight=1941 286 1051 634 509 2569 134 113 115 244 10583 269 310 83 561 198 189 392 12329 333 87 576 187 1382 189 2103 488 477 151 17228 2303
leaf_count=1941 286 1051 634 509 2569 134 113 115 244 10583 269 310 83 561 198 189 392 12329 333 87 576 187 1382 189 2103 488 477 151 17228 2303
internal_value=-0.000475706 -0.000970734 0.0115569 0.0208624 -0.000573095 -0.011226 0.00221739 0.00619213 -0.00590659 -0.00251516 -0.0075841 -0.0163527 -0.00177618 -0.0104777 0.0148515 0.00684039 3.92166e-05 -0.00117727 -0.00144262 0.00136775 0.000441599 -0.0154122 0.00148061 0.0088961 -0.000157593 0.000960338 -0.00553078 -0.0137422 0.0012893 -0.00164035
internal_weight=58014 55726 2288 1143 53651 2075 1145 859 359 12857 1630 579 11227 644 500 302 40794 17578 17186 4857 4524 274 4250 765 3485 23216 1116 639 22100 4872
internal_count=58014 55726 2288 1143 53651 2075 1145 859 359 12857 1630 579 11227 644 500 302 40794 17578 17186 4857 4524 274 4250 765 3485 23216 1116 639 22100 4872
is_linear=0
shrinkage=0.05


Tree=121
num_leaves=31
num_cat=0
split_feature=3 0 3 9 7 11 8 7 6 2 6 9 6 7 5 10 3 6 8 2 8 8 8 14 15 7 8 8 10 15
split_gain=112.092 82.9615 78.0325 42.4416 25.366 22.1273 24.5884 57.2572 39.7682 21.9976 21.2171 19.9342 37.8868 38.8508 32.9527 41.1857 34.8839 31.5107 39.5253 37.5317 29.2621 58.2435 27.1314 25.5696 24.6184 24.1292 33.3626 93.806 26.1886 23.2748
threshold=13.164981842041017 1.0000000180025095e-35 1.7241498827934267 14.284999847412111 -0.77000474929809559 3.5499999523162846 -0.97653719782829274 0.16894881427288058 952.54998779296886 2.5000000000000004 947.25000000000011 7.5350000858306894 951.25000000000011 -0.85020262002944935 5.0450000762939462 0.74892720580101024 8.6450753211975115 947.64999389648449 -0.35321410000324244 6.5000000000000009 -0.30041381716728205 -0.22162339836359021 0.89706552028656017 3.9050000905990605 21.500000000000004 0.28604298830032354 0.88337317109107982 0.8730936348438264 -0.98624804615974415 12.500000000000002
decision_type=2 2 2 8 2 2 2 2 2 2 2 10 2 2 2 2 2 2 2 2 2 2 2 10 2 2 2 2 2 2
left_child=2 10 4 -3 -1 -4 7 -7 -9 -8 -2 12 17 -14 16 -16 25 18 29 -20 -21 -22 -17 24 -13 -15 27 28 -27 -11
right_child=1 3 5 -5 -6 6 9 8 -10 11 -12 23 13 14 15 22 -18 -19 19 20 21 -23 -24 -25 -26 26 -28 -29 -30 -31
leaf_value=2.5898519823599338e-05 0.00072364717982402742 0.00014090599684942197 -3.8075155592580402e-05 0.00013912738664321745 -2.2748575225990317e-05 0.00013403803765739395 0.0013040886841442917 0.00080520803576475744 0.0084639227836928767 -0.0014871452396259402 -2.4615021070095725e-06 -0.0064066428501655731 0.002974976368481977 -0.00029920300349818249 -0.0046884059284395393 0.0004304646282234981 0.0059180232328355014 0.00078969555897767316 -0.0011698252258574211 0.0023903252723217932 -0.0029480039300282907 0.00046600887964309021 -0.0073015398081566268 5.0412391030228709e-05 0.0034488197351928577 0.00062885688685901321 0.0026359349319263767 -0.0041510983947812474 -0.00018407005973587994 -0.00050708863293374637
leaf_weight=423 89 627 12905 492 1622 2458 1322 166 256 227 1068 82 223 2702 506 330 167 3148 177 342 286 2594 98 18138 504 493 456 117 3604 2269
leaf_count=423 89 627 12905 492 1622 2458 1322 166 256 227 1068 82 223 2702 506 330 167 3148 177 342 286 2594 98 18138 504 493 456 117 3604 2269
internal_value=-0.000297948 0.0105655 -0.000743438 0.0202402 -0.0103171 -0.000377042 0.000195476 0.00464471 0.0215457 -0.000144218 0.00116179 -0.000374301 -0.00157518 -0.00393058 -0.00447629 -0.013312 -0.00337354 0.00069076 -0.0014661 0.00204172 0.00328478 0.00162912 -0.00184758 0.000763522 0.0109983 -0.00389047 -0.00171123 -0.003105 -0.00181619 -0.0062375
internal_weight=57891 2276 55615 1119 2045 53570 40665 2880 422 37785 1157 36463 17739 8696 8473 934 7539 9043 5895 3399 3222 2880 428 18724 586 7372 4670 4214 4097 2496
internal_count=57891 2276 55615 1119 2045 53570 40665 2880 422 37785 1157 36463 17739 8696 8473 934 7539 9043 5895 3399 3222 2880 428 18724 586 7372 4670 4214 4097 2496
is_linear=0
shrinkage=0.05


Tree=122
num_leaves=31
num_cat=0
split_feature=4 3 0 7 8 0 3 8 4 9 11 9 4 7 10 7 11 15 7 11 11 10 7 7 12 6 12 9 2 11
split_gain=134.297 80.3806 73.0579 35.9945 30.8196 27.7665 40.2572 27.4381 23.2408 22.7056 22.5768 21.2686 20.2894 29.213 31.9081 20.7778 20.2439 17.3928 17.3337 17.0852 16.9393 40.7698 26.3489 20.0601 24.9085 19.9731 18.7152 17.6799 16.2639 16.2525
threshold=9.2550001144409197 1.7241498827934267 1.0000000180025095e-35 0.049410874024033553 0.96413835883140575 1.0000000180025095e-35 12.574864387512209 -0.46296662092208857 10.324999809265138 3.3549998998641972 3.5499999523162846 14.284999847412111 7.6549999713897714 -0.60945609211921681 0.94260558485984813 0.91258591413497936 10.250000000000002 24.500000000000004 0.59228822588920604 11.050000190734865 8.0500001907348651 0.6755644977092744 -0.41079147160053248 0.88234141469001781 -0.061046212911605828 947.04998779296886 0.56638467311859142 9.6050000190734881 5.5000000000000009 3.5499999523162846
decision_type=2 2 2 2 2 2 2 2 2 8 2 8 2 2 2 2 2 2 2 2 2 2 2 2 2 2 2 10 2 2
left_child=1 9 4 8 7 10 17 -2 -4 29 28 -8 20 -14 15 18 -16 -7 -15 -17 -12 23 25 24 27 -23 -24 -22 -3 -1
right_child=2 5 3 -5 -6 6 11 -9 -10 -11 12 -13 13 14 16 19 -18 -19 -20 -21 21 22 26 -25 -26 -27 -28 -29 -30 -31
leaf_value=-2.5467679185556692e-05 -1.0022366926043524e-05 -0.00019474462109052285 0.00014672346252775915 0.00013217101731105574 -3.8239003219114887e-05 -0.00014758007124949929 0.00012928576111436165 0.00017265789933027244 0.0003879358506970632 -5.8535691049854595e-05 -9.8362775741715335e-05 0.00017000662051958328 0.00075857814397380379 -5.6312406393010944e-05 3.1461062918047843e-05 0.00045787712063851131 -0.00028699880349067342 4.6511296541384109e-05 -0.00081935245143529016 -2.5105374615225218e-05 0.00015682203377549025 0.0020494185478283191 0.00072949207914346228 -0.0014776793558691382 -0.00081618293988750814 0.0072660026574540258 -0.0015236845455409212 0.0013740508973952904 -6.2758118408798132e-05 -6.6273875647983316e-07
leaf_weight=1488 193 1137 193 357 183 4499 843 324 112 133 13039 168 435 773 103 196 363 20675 202 199 1521 425 1049 392 1579 278 418 715 5532 434
leaf_count=1488 193 1137 193 357 183 4499 843 324 112 133 13039 168 435 773 103 196 363 20675 202 199 1521 425 1049 392 1579 278 418 715 5532 434
internal_value=-0.000343322 -0.000717302 0.0151426 0.0269865 0.00382979 -0.00035108 0.000822833 0.0100575 0.0140323 -0.0104126 -0.00143507 0.0105807 -0.000652314 -0.00511863 -0.00787615 -0.004 -0.0191083 0.000428929 -0.00790816 0.005625 -0.000128727 0.00198214 0.00754023 -0.000890313 0.000222513 0.0154661 0.00370245 0.00361446 -0.00397812 -0.00897769
internal_weight=57958 56596 1362 662 700 54541 26185 517 305 2055 28356 1011 21687 2271 1836 1370 466 25174 975 395 19416 6377 2170 4207 3815 703 1467 2236 6669 1922
internal_count=57958 56596 1362 662 700 54541 26185 517 305 2055 28356 1011 21687 2271 1836 1370 466 25174 975 395 19416 6377 2170 4207 3815 703 1467 2236 6669 1922
is_linear=0
shrinkage=0.05


Tree=123
num_leaves=31
num_cat=0
split_feature=3 3 0 9 6 7 7 4 10 15 11 8 9 15 2 8 7 7 7 6 6 15 5 8 8 8 8 8 10 8
split_gain=129.861 73.3667 58.2187 60.8836 23.7049 19.4618 18.5038 18.1283 17.1256 15.7174 14.3888 20.0706 28.154 34.182 19.7802 17.6772 83.8985 25.1213 26.8212 34.6735 25.7636 24.6742 21.7755 17.6759 23.0723 17.2098 35.694 63.9768 41.2761 39.3105
threshold=12.461795806884767 1.7241498827934267 1.0000000180025095e-35 14.284999847412111 946.25000000000011 0.066572044044733061 0.01504978956654668 8.2950000762939471 0.90255093574523937 66.500000000000014 3.5499999523162846 -0.93779578804969776 6.5850000381469735 38.500000000000007 3.5000000000000004 -0.98009455204009999 0.16894881427288058 -0.11364490166306494 -0.045113071799278252 949.04998779296886 954.54998779296886 33.500000000000007 2.8249999284744267 -0.77682399749755848 -0.82801559567451466 -0.89706552028655995 -0.85581842064857472 -0.82801559567451466 0.86159634590148937 -0.84680011868476857
decision_type=2 2 2 8 2 2 2 2 2 2 2 2 10 2 2 2 2 2 2 2 2 2 2 2 2 2 2 2 2 2
left_child=1 5 4 7 -2 -1 -5 -4 9 -9 11 12 -3 -14 -13 16 17 -12 22 -20 -21 -22 -19 24 -16 -17 28 29 -27 -28
right_child=2 10 3 6 -6 -7 -8 8 -10 -11 15 14 13 -15 23 25 -18 18 19 20 21 -23 -24 -25 -26 26 27 -29 -30 -31
leaf_value=-3.3136130061788524e-05 0.0011856131276753612 -5.2021202104891256e-05 7.7852410277143299e-05 0.00016074373014648426 6.3150348706075837e-06 -1.6847211813913675e-05 0.00012556246644550574 2.1368280667030672e-05 0.00014723162289438099 0.00020955944370210089 0.0017966249754730827 -0.00012669097540164072 -0.0036847674642718127 -0.00057433402301317949 2.0918486901338325e-05 -0.00026217530562616534 0.0092146629654002894 0.00013731277734516478 0.0088128728289710336 -0.00067240599090306538 0.001122354900227425 -0.00075059652203677283 -0.0030573495291189288 -2.666552887421042e-05 0.001205805950896262 0.0021995834011256932 7.428986175525184e-05 -4.7324586340807134e-06 -7.1639099538317594e-05 -0.0043812205625679288
leaf_weight=1104 80 1270 574 149 1617 952 411 226 178 172 579 1152 180 157 903 3516 242 85 125 541 364 283 302 8885 378 589 216 31666 613 474
leaf_count=1104 80 1270 574 149 1617 952 411 226 178 172 579 1152 180 157 903 3516 242 85 125 541 364 283 302 8885 378 589 216 31666 613 474
internal_value=-0.000392323 -0.000983859 0.00907093 0.0155685 0.00249706 -0.0102377 0.0290265 0.00891775 0.0151463 0.00918114 -0.000620657 -0.00206883 -0.00728908 -0.0200292 -0.00132474 -0.000147727 0.00389945 0.000897548 -0.00217009 0.0012519 -0.00142498 0.00529141 -0.013648 -0.000619408 0.00486003 -0.00042342 -7.44868e-05 -0.000389358 0.00836785 -0.0153957
internal_weight=57983 54576 3407 1710 1697 2056 560 1150 576 398 52520 12925 1607 337 11318 39595 2521 2279 1700 1313 1188 647 387 10166 1281 37074 33558 32356 1202 690
internal_count=57983 54576 3407 1710 1697 2056 560 1150 576 398 52520 12925 1607 337 11318 39595 2521 2279 1700 1313 1188 647 387 10166 1281 37074 33558 32356 1202 690
is_linear=0
shrinkage=0.05


Tree=124
num_leaves=31
num_cat=0
split_feature=3 3 1 9 7 12 12 6 6 7 15 7 10 12 3 9 8 5 12 7 13 2 9 3 13 6 12 15 6 3
split_gain=130.082 64.8263 62.0798 41.3594 28.9053 29.46 22.7001 21.7506 25.0993 20.6114 18.9276 16.1843 16.1468 23.3229 44.735 32.349 23.731 21.6354 40.7376 40.6991 49.1481 44.2642 39.1858 30.2145 33.3131 30.0854 27.7772 25.9192 26.4611 23.9261
threshold=13.164981842041017 1.7241498827934267 1.0000000180025095e-35 14.284999847412111 0.066572044044733061 -0.13052122294902799 -0.38266885280609125 962.45001220703136 947.25000000000011 0.9600123167037965 55.500000000000007 -0.036512531340122216 -0.95878320932388295 -0.14780378341674802 4.935488462448121 3.304999947547913 -0.9980562925338744 4.8350000381469735 -0.71322327852249134 -0.28192241489887232 -0.37940952181816096 7.5000000000000009 7.1150000095367441 8.2508711814880389 -0.37940952181816096 947.14999389648449 -0.21643137186765668 86.500000000000014 959.04998779296886 9.5905880928039569
decision_type=2 2 2 8 2 2 2 2 2 2 2 2 2 2 2 10 2 2 2 2 2 2 10 2 2 2 2 2 2 2
left_child=1 4 3 9 -1 6 10 8 -4 -2 -6 -5 13 14 -3 -16 -15 -14 -19 23 22 -22 26 25 29 -20 -21 -24 -29 -25
right_child=2 12 7 11 5 -7 -8 -9 -10 -11 -12 -13 17 16 15 -17 -18 18 19 20 21 -23 27 24 -26 -27 -28 28 -30 -31
leaf_value=-2.7742053390727433e-05 0.00014915230117483748 -0.00014200001795084441 0.00065423104035472197 0.00015270654363915839 0.00011917280284769938 -1.5064618252166093e-05 3.577471311317091e-05 9.2076814862396272e-05 -4.8028426829660466e-06 -0.00045492569029551011 -7.6702897578332865e-05 0.00011928434312323267 -2.5332252430499901e-05 0.00088882514130467498 -0.0040315113136313811 0.00059456869994358461 -0.00019449001354710481 -0.0043021909029775885 0.001986128578767152 -0.005544729469803728 0.00070821145477634184 -0.00041269071734655331 0.00068909823318442096 0.0015216591395416036 0.0010851218916289207 0.0060610048879143896 8.459167805172086e-06 -0.0073805058500890034 0.00067117438735055383 -0.0021052641794070182
leaf_weight=1120 548 2361 86 133 109 579 83 175 893 92 175 358 28627 130 152 4316 7571 386 477 93 762 3825 2100 253 1213 589 169 87 91 411
leaf_count=1120 548 2361 86 133 109 579 83 175 893 92 175 358 28627 130 152 4316 7571 386 477 93 762 3825 2100 253 1213 589 169 87 91 411
internal_value=-0.000303611 -0.000783888 0.0113755 0.0196743 -0.00946403 -0.015878 -0.0047043 0.00319241 0.000254065 0.0111628 -0.0114187 0.0305444 -0.000448543 -0.00187135 0.000256073 0.00319696 -0.00375681 8.05874e-05 0.00202657 0.0026402 0.000595906 -0.00249347 0.00616896 0.00758141 0.00374601 0.0142857 -0.011985 0.00827858 -0.00983607 -0.00523169
internal_weight=57964 55679 2285 1131 2066 946 367 1154 979 640 284 491 53613 14530 6829 4468 7701 39083 10456 10070 7127 4587 2540 2943 1877 1066 262 2278 178 664
internal_count=57964 55679 2285 1131 2066 946 367 1154 979 640 284 491 53613 14530 6829 4468 7701 39083 10456 10070 7127 4587 2540 2943 1877 1066 262 2278 178 664
is_linear=0
shrinkage=0.05


Tree=125
num_leaves=31
num_cat=0
split_feature=3 3 0 4 7 7 12 12 15 0 15 11 4 7 7 10 8 8 2 10 11 7 8 7 12 6 6 7 6 7
split_gain=122.053 60.5435 57.0417 37.2297 33.2429 25.2506 38.6464 29.1431 23.8218 21.4779 18.0954 16.1689 29.1352 24.5434 29.3855 17.9791 17.7491 26.4236 16.4262 16.7537 42.7176 24.5552 18.0539 23.5701 20.3756 17.0419 16.6294 47.2168 29.2466 20.3819
threshold=13.164981842041017 1.7241498827934267 1.0000000180025095e-35 8.4250001907348651 -0.29014293849468226 0.066572044044733061 -0.13052122294902799 -0.60873827338218678 55.500000000000007 1.0000000180025095e-35 36.500000000000007 4.9500000476837167 7.5350000858306894 -0.55354335904121388 0.93851706385612499 -0.99687939882278431 -0.97653719782829274 -0.98336225748062123 4.5000000000000009 0.23343648016452792 8.2500000000000018 -0.41079147160053248 0.71989676356315624 0.31881132721900945 0.39873388409614569 947.04998779296886 959.25000000000011 0.96468064188957225 962.45001220703136 0.61963334679603588
decision_type=2 2 2 2 2 2 2 2 2 2 2 2 2 2 2 2 2 2 2 2 2 2 2 2 2 2 2 2 2 2
left_child=1 5 -2 -4 -5 -1 7 8 -7 11 -11 -3 16 -14 15 -15 17 -13 -18 26 22 25 -21 -24 -25 -22 27 -20 -28 -30
right_child=2 9 3 4 -6 6 -8 -9 -10 10 -12 12 13 14 -16 -17 18 -19 19 20 21 -23 23 24 -26 -27 28 -29 29 -31
leaf_value=-2.2675882124659209e-05 8.3331541329723101e-06 -7.8643564404802448e-05 6.8745307059950308e-05 0.00014924606728281554 0.00011759716362182427 0.00021678138855531464 -1.4311387339557749e-05 2.8131254781666327e-05 -8.2797587367380862e-05 -5.3772479495386823e-05 8.8428394909799253e-05 0.00022557991406652045 0.00027170370532609569 0.00013298768562556296 0.00031687660519315878 -0.00035154919332270332 0.0020899397092453494 0.005163931269482315 -0.00032915278764410752 -0.00056235609261659633 0.001799130287946195 0.00044493214402862029 -0.00020987401380594408 0.0052260532060698422 -0.00037126190847814602 0.0070661790592085943 0.0025796853488379186 -0.005477961248979416 -0.0021021123751969197 0.00037410093649089724
leaf_weight=1096 1154 11753 302 129 695 86 581 134 148 10491 15241 799 521 110 214 1169 764 226 5849 2618 398 1086 608 251 137 273 417 159 170 402
leaf_count=1096 1154 11753 302 129 695 86 581 134 148 10491 15241 799 521 110 214 1169 764 226 5849 2618 398 1086 608 251 137 273 417 159 170 402
internal_value=-0.000297486 -0.000762036 0.0110284 0.0190097 0.0244873 -0.00919512 -0.0151468 -0.00241287 -0.0129707 -0.000439798 0.000602246 -0.00139998 -0.000374011 -0.00599307 -0.00924566 -0.0121106 0.0004272 0.00674757 -6.85088e-05 -0.000509173 0.0015904 0.00797389 -0.00151976 0.0041958 0.0137405 0.0154586 -0.00212082 -0.00310993 0.00387324 -0.0034662
internal_weight=57981 55701 2280 1126 824 2045 949 368 234 53656 25732 27924 16171 2014 1493 1279 14157 1025 13132 12368 5371 1757 3614 996 388 671 6997 6008 989 572
internal_count=57981 55701 2280 1126 824 2045 949 368 234 53656 25732 27924 16171 2014 1493 1279 14157 1025 13132 12368 5371 1757 3614 996 388 671 6997 6008 989 572
is_linear=0
shrinkage=0.05


Tree=126
num_leaves=31
num_cat=0
split_feature=3 3 0 9 7 12 0 15 3 8 8 9 8 3 8 11 4 7 7 13 12 12 12 7 5 11 14 6 8 7
split_gain=133.18 69.1418 64.0755 39.6057 24.5459 27.9261 20.4401 23.4787 23.468 17.8553 19.0501 22.1049 17.8367 15.7738 15.0499 14.6392 16.682 24.3026 28.8054 25.4416 17.3511 16.8276 16.283 14.4958 14.6439 14.4133 14.398 14.2088 14.0889 23.4118
threshold=13.164981842041017 1.7241498827934267 1.0000000180025095e-35 13.404999732971193 0.066572044044733061 0.39873388409614569 1.0000000180025095e-35 24.500000000000004 10.491462707519533 0.98704001307487499 -0.31676515936851496 14.965000152587892 0.85581842064857494 4.6726553440094003 0.81078195571899425 3.5499999523162846 7.5350000858306894 -0.55354335904121388 0.93851706385612499 -0.37940952181816096 1.0000000180025095e-35 0.1650413200259209 -0.95368063449859608 -0.036512531340122216 9.9949998855590838 3.3500000238418584 6.8250000476837167 943.14999389648449 -0.97653719782829274 0.16894881427288058
decision_type=2 2 2 8 2 2 2 2 2 2 2 10 2 2 2 2 2 2 2 2 2 2 2 2 2 2 10 2 2 2
left_child=1 4 9 -4 -1 -6 15 8 12 10 -2 -12 14 -14 -8 -3 22 19 20 -18 -19 -21 27 24 -5 -7 -22 -17 29 -24
right_child=2 6 3 23 5 25 7 -9 -10 -11 11 -13 13 -15 -16 16 17 18 -20 21 26 -23 28 -25 -26 -27 -28 -29 -30 -31
leaf_value=-3.4641304597458465e-05 -7.9915940130126369e-06 -6.6227901990763887e-05 0.00010713603155744212 -0.00031057967756992211 -1.1049103092627619e-05 -1.6447692714606847e-05 -0.00021064959519526139 8.088913769253495e-05 0.00028928522604365625 -2.7489602385522005e-05 7.9327849360449901e-05 0.00029176506458736821 3.0650793088494309e-07 -0.003588453167808306 0.0023069255324485354 -0.0028748061253196927 -0.00090494461931829313 -6.7508395524007445e-05 0.00042360767452455096 -0.00017619131009340985 0.00051582357454814658 0.0023587688215766459 0.0001735984983337753 0.00010744026778597982 0.00015125197768457445 -4.3170920089670613e-06 -0.00038257095663276068 -0.00048126398092947085 -2.5504019004923007e-05 0.0050703988018208834
leaf_weight=1077 381 6729 345 80 558 311 3731 21060 384 155 455 167 143 283 100 141 257 438 225 97 81 189 1124 578 127 87 831 532 17150 206
leaf_count=1077 381 6729 345 80 558 311 3731 21060 384 155 455 167 143 283 100 141 257 438 225 97 81 189 1124 578 127 87 831 532 17150 206
internal_value=-0.00016544 -0.00065125 0.0116441 0.0200881 -0.00969087 -0.0155047 -0.000308159 0.000709951 -0.00250753 0.0033534 0.00580357 0.0111643 -0.00357813 -0.0132251 -0.00248957 -0.00124264 -0.000599267 -0.00480452 -0.00794304 0.00428832 -0.0107011 0.014433 -0.000133104 0.0262658 0.0143868 -0.0255583 -0.0146129 -0.00774336 0.000146064 0.00509363
internal_weight=58022 55734 2288 1130 2033 956 53701 25701 4641 1158 1003 622 4257 426 3831 28000 21271 2118 1575 543 1350 286 19153 785 207 398 912 673 18480 1330
internal_count=58022 55734 2288 1130 2033 956 53701 25701 4641 1158 1003 622 4257 426 3831 28000 21271 2118 1575 543 1350 286 19153 785 207 398 912 673 18480 1330
is_linear=0
shrinkage=0.05


Tree=127
num_leaves=31
num_cat=0
split_feature=3 0 3 9 7 12 8 8 13 14 7 0 7 9 6 8 8 8 7 14 11 10 4 8 13 7 7 6 10 11
split_gain=123.752 59.7188 57.6975 38.254 37.5156 24.9738 21.4657 33.9388 24.4827 21.2663 20.7597 16.5908 16.0534 15.8126 15.2191 15.0091 27.0098 21.9554 21.0085 15.7419 22.0424 14.9181 27.7179 13.849 20.0179 39.8252 17.2204 28.4515 22.527 17.0865
threshold=13.164981842041017 1.0000000180025095e-35 1.7241498827934267 14.284999847412111 0.066572044044733061 0.39873388409614569 0.86674088239669811 0.3253390789031983 0.60355338454246532 0.69999998807907116 -0.036512531340122216 1.0000000180025095e-35 0.9600123167037965 10.404999732971193 957.45001220703136 -0.61794704198837269 -0.50804302096366871 -0.66089338064193714 -0.72434747219085682 4.6749999523162851 2.8500000238418584 -0.67556449770927418 4.7850000858306894 -0.89706552028655995 1.0000000180025095e-35 0.28604298830032354 0.68472337722778331 958.75000000000011 -0.9914070963859557 7.1499998569488534
decision_type=2 2 2 8 2 2 2 2 2 10 2 2 2 10 2 2 2 2 2 10 2 2 2 2 2 2 2 2 2 2
left_child=2 6 4 12 14 9 7 -2 -8 -6 -5 -4 -3 15 -1 17 19 18 -13 20 -17 22 -19 24 -20 -26 28 -28 29 -25
right_child=1 3 11 10 5 -7 8 -9 -10 -11 -12 13 -14 -15 -16 16 -18 21 23 -21 -22 -23 -24 26 25 -27 27 -29 -30 -31
leaf_value=-3.290923936758554e-05 5.0834574283065148e-06 0.00013044281454570596 -6.0282685134938979e-05 0.00013162875939187746 -4.6719778830288731e-05 -1.4382789005179358e-05 -3.4728196225120025e-05 0.00043866060927766907 9.2935343284938918e-05 -6.1524874930053187e-06 0.0001020682543966811 -0.0023054339402465759 -0.00031735449758442949 0.00023176765203719032 0.0034068574391561976 -0.00011071654157182196 -1.7030921672814974e-05 0.0081105589733089858 0.00022432302792471152 -0.0022483608416037871 0.00023621933678220908 5.152752818762263e-05 -0.0024106605677910488 0.00015310453176206086 -4.5065193919637201e-05 -0.0012106379705461136 0.0028102981144173343 -0.00095387101567988113 0.0012420896236287693 -0.0026103734734049837
leaf_weight=1037 582 536 27894 140 163 397 264 202 105 390 367 154 88 4486 80 186 13192 243 1880 439 293 206 80 228 1428 248 133 206 2146 184
leaf_count=1037 582 536 27894 140 163 397 264 202 105 390 367 154 88 4486 80 186 13192 243 1880 439 293 206 80 228 1428 248 133 206 2146 184
internal_value=-0.000297506 0.0110965 -0.000765737 0.0192342 -0.0089527 -0.0162304 0.00306563 0.00773131 -0.00681818 -0.00922939 0.0293945 -0.000449367 0.0108108 0.000466255 -0.00271836 -0.000103525 -0.00104853 0.00176446 0.000975499 -0.00931744 -0.00299587 0.0115169 0.0181402 0.00141685 -0.000673968 -0.0046401 0.00398001 -0.0065407 0.00538432 -0.00527578
internal_weight=57977 2284 55693 1131 2067 950 1153 784 369 553 507 53626 624 25732 1117 21246 14110 7136 6607 918 479 529 323 6453 3556 1676 2897 339 2558 412
internal_count=57977 2284 55693 1131 2067 950 1153 784 369 553 507 53626 624 25732 1117 21246 14110 7136 6607 918 479 529 323 6453 3556 1676 2897 339 2558 412
is_linear=0
shrinkage=0.05


Tree=128
num_leaves=31
num_cat=0
split_feature=3 0 3 9 9 7 8 4 8 9 8 7 15 5 8 14 8 8 4 7 7 13 9 12 12 7 15 13 8 4
split_gain=128.108 65.1741 51.5597 41.5058 27.4538 22.1975 17.3986 15.5029 15.2943 28.1567 24.9997 25.3366 13.7895 12.2883 24.8255 23.9491 21.1394 42.1103 31.8381 21.563 27.7151 66.8821 29.5245 23.6792 36.0678 54.2514 46.2265 36.9006 43.151 24.7656
threshold=13.164981842041017 1.0000000180025095e-35 1.7241498827934267 14.284999847412111 3.3549998998641972 -0.036512531340122216 0.99141839146614086 8.1050000190734881 -0.31676515936851496 16.07499980926514 0.86674088239669811 0.95506030321121227 97.500000000000014 3.2516666650772099 0.99960738420486461 9.1350002288818377 0.99805629253387462 0.99683821201324474 8.2449998855590838 -0.8998868167400359 -0.84102764725685109 -0.37940952181816096 10.204999923706056 0.89490029215812694 0.59480014443397533 -0.41079147160053248 10.500000000000002 -1.0000000180025095e-35 0.93779578804969799 6.1449999809265146
decision_type=2 2 2 8 8 2 2 2 2 10 2 2 2 2 2 10 2 2 2 2 2 2 10 2 2 2 2 2 2 2
left_child=2 6 4 7 -1 -5 8 -3 -2 10 11 -10 13 14 15 -4 17 19 -18 -15 21 -21 -23 24 26 -26 -22 28 -27 -29
right_child=1 3 12 5 -6 -7 -8 -9 9 -11 -12 -13 -14 16 -16 -17 18 -19 -20 20 23 22 -24 -25 25 27 -28 29 -30 -31
leaf_value=-1.4605241318174819e-05 -4.4771904739393525e-06 -1.925740242200713e-05 -2.5562612416662504e-05 0.0001250473214222836 -4.5103702199163127e-05 9.6964841676849828e-05 -3.6847103785159213e-05 0.00012392067381842287 0.00044570841543407625 0.00027818333438334175 -2.5040761317315919e-05 -4.688050252437959e-05 0.0048944726020862701 0.0010110934476355831 -0.00047966532926224973 -0.0045271123554648362 0.0018275951531332034 -0.0032444694982194291 -0.0002927316678981301 -0.0038244324635634368 -0.0067147886061881381 0.0022891092721877282 -0.0072360126232905572 0.003014510580156751 0.0019969591403881065 0.00060196003513411785 7.2904904335177603e-05 -0.0035656188682042901 -0.0034556594584017699 -0.0018529040620569107
leaf_weight=1942 375 181 22521 145 139 373 94 443 223 86 220 140 99 3554 203 106 568 112 90 512 92 535 89 192 554 587 22822 550 141 206
leaf_count=1942 375 181 22521 145 139 373 94 443 223 86 220 140 99 3554 203 106 568 112 90 512 92 535 89 192 554 587 22822 550 141 206
internal_value=-0.000224529 0.0113786 -0.000701199 0.0197908 -0.00841323 0.0302103 0.00288714 0.0109698 0.00476644 0.009273 0.00518707 0.0131793 -0.00040065 -0.000436011 -0.00131377 -0.00115544 0.00021889 2.33715e-05 0.00904977 0.000140755 -0.000353814 -0.00797546 0.00302067 -7.9526e-06 -0.000144248 -0.00651003 0.00042323 -0.0114842 -0.00341064 -0.0191853
internal_weight=57894 2280 55614 1142 2081 518 1138 624 1044 669 583 363 53533 53434 22830 22627 30604 29946 658 29834 26280 1136 624 25144 24952 2038 22914 1484 728 756
internal_count=57894 2280 55614 1142 2081 518 1138 624 1044 669 583 363 53533 53434 22830 22627 30604 29946 658 29834 26280 1136 624 25144 24952 2038 22914 1484 728 756
is_linear=0
shrinkage=0.05


Tree=129
num_leaves=31
num_cat=0
split_feature=3 0 3 9 7 7 4 9 7 0 11 4 3 7 6 10 3 8 7 7 10 13 11 7 12 7 14 12 7 14
split_gain=117.11 52.0701 46.8698 46.0312 19.7468 19.3629 18.3949 17.7916 14.8865 13.4323 18.2864 15.6892 23.8592 21.1896 26.389 29.5166 16.3708 14.1329 22.0443 13.5136 13.1232 40.9003 26.9335 19.9528 17.0188 17.0079 21.5458 23.6722 18.6705 20.6209
threshold=13.164981842041017 1.0000000180025095e-35 1.7241498827934267 14.284999847412111 -0.5677773356437682 0.91258591413497936 8.1050000190734881 1.5549999475479128 -0.036512531340122216 1.0000000180025095e-35 4.9500000476837167 7.5350000858306894 9.3729386329650897 0.93851706385612499 952.14999389648449 0.9536806344985963 10.836288452148439 0.97745609283447277 -0.13920918852090833 0.59228822588920604 0.87032255530357372 -0.6035533845424651 8.9499998092651385 -0.39505837857723231 0.56638467311859142 0.87412264943122875 7.9849998950958261 -0.28400452435016627 0.91947823762893688 9.3850002288818377
decision_type=2 2 2 8 2 2 2 8 2 2 2 2 2 2 2 2 2 2 2 2 2 2 2 2 2 2 10 2 2 10
left_child=2 4 7 6 -2 -6 -3 -1 -5 10 17 20 -13 14 16 19 -14 -4 -19 -16 25 -22 -23 -24 -25 26 -12 -28 -27 -30
right_child=1 3 9 8 5 -7 -8 -9 -10 -11 11 12 13 -15 15 -17 -18 18 -20 -21 21 22 23 24 -26 28 27 -29 29 -31
leaf_value=-9.7186525525192791e-06 0.00055516552597990605 -5.6486674128936044e-05 -6.4237396623822396e-05 0.00011879495535117024 -9.4184820722376113e-06 0.00010249611435461659 0.0001177246401275034 -3.4015541562113776e-05 9.2116599593006224e-05 2.3892005364715282e-05 -0.00021360298127204026 0.002682233483709902 -0.0010880013067726402 0.00037831918690890145 -8.6245657608555187e-05 -0.00027350590358778403 0.0002364987190699608 -0.0013201581943999149 -9.3960506753508393e-05 -0.00061153072629035468 0.0014143842353239013 -0.00043303430714835417 0.0040924613469149442 0.0011094684036616011 -0.0030057916582576895 -0.0037027051358132996 0.0020434696125321227 -0.00036364754311808971 0.00032819269717227764 -0.0027529553038779298
leaf_weight=1297 135 184 11067 145 682 331 450 746 351 25740 5257 236 279 214 462 253 380 116 553 236 1359 2887 387 372 190 106 1513 1258 543 297
leaf_count=1297 135 184 11067 145 682 331 450 746 351 25740 5257 236 279 214 462 253 380 116 553 236 1359 2887 387 372 190 106 1513 1258 543 297
internal_value=-0.000105116 0.0109943 -0.000559611 0.0185903 0.00346921 0.00103143 0.00954617 -0.0079834 0.0299401 -0.000276485 -0.00103504 5.23592e-05 -0.00401937 -0.00595954 -0.0079257 -0.0132322 -0.000225904 -0.00253811 -0.00956973 -0.00782361 0.000645548 0.00264423 0 0.00728512 0.00123457 -0.000512306 0.000236524 0.00380043 -0.00683491 -0.00426036
internal_weight=58026 2278 55748 1130 1148 1013 634 2043 496 53705 27965 16229 2060 1824 1610 951 659 11736 669 698 14169 5195 3836 949 562 8974 8028 2771 946 840
internal_count=58026 2278 55748 1130 1148 1013 634 2043 496 53705 27965 16229 2060 1824 1610 951 659 11736 669 698 14169 5195 3836 949 562 8974 8028 2771 946 840
is_linear=0
shrinkage=0.05


Tree=130
num_leaves=31
num_cat=0
split_feature=3 0 9 3 7 7 6 10 6 7 12 12 15 5 4 6 4 11 12 6 2 2 7 10 13 7 15 11 7 7
split_gain=107.76 55.718 44.5817 38.3706 21.2318 19.5274 17.0766 18.3687 18.9264 15.6617 17.3319 27.6643 25.3535 14.6492 20.4127 36.3012 13.5927 12.8575 15.8029 18.0537 17.0416 14.9061 42.7028 25.9594 38.8035 33.5967 33.7194 30.8407 28.9129 47.3352
threshold=13.164981842041017 1.0000000180025095e-35 14.284999847412111 1.7241498827934267 0.9600123167037965 -0.079425927251577363 947.25000000000011 0.96359375119209301 962.45001220703136 0.066572044044733061 -0.13052122294902799 -0.60873827338218678 55.500000000000007 0.94833332300186168 1.2649999856948855 957.95001220703136 8.4250001907348651 3.5499999523162846 -0.95368063449859608 941.45001220703136 4.5000000000000009 10.500000000000002 0.60605034232139599 -0.64942333102226246 -0.91597560048103321 -0.66248837113380421 33.500000000000007 14.050000190734865 0.87412264943122875 0.91258591413497936
decision_type=2 2 8 2 2 2 2 2 2 2 2 2 2 2 2 2 2 2 2 2 2 2 2 2 2 2 2 2 2 2
left_child=3 6 4 9 16 -4 -2 8 -8 -1 11 12 -11 -12 15 -15 -3 -5 19 -19 -20 22 -22 28 -25 -26 27 -27 -23 -30
right_child=1 2 5 17 -6 -7 7 -9 -10 10 13 -13 -14 14 -16 -17 -18 18 20 -21 21 23 -24 24 25 26 -28 -29 29 -31
leaf_value=-2.5409547590517527e-05 0.0005103830916993624 7.6754194853934099e-05 0.00011309807405396333 -2.8936036417319402e-05 -0.00059094589840085485 8.751076961335813e-05 -1.4308805911245059e-06 -6.9258269568922556e-05 8.7896506869167284e-05 0.00021024762008427702 -1.1514465045708899e-05 1.8519650262199731e-05 -7.8381582981500863e-05 -3.438117084083644e-05 -3.0266891484602174e-05 2.1677069007026986e-06 0.00012509537609145527 -0.0026612367212233987 0.00078815316662585047 -0.00047339021396851925 2.7083414234436826e-05 -3.9991004586316384e-05 -0.001631805849170381 0.0012646090361668084 0.001273432162293156 -0.00030230206003043869 0.00019399434783946238 0.00029099467255495616 -0.0046448623915620385 -0.00060631551925253166
leaf_weight=1092 87 212 116 12942 92 390 795 95 161 82 148 134 144 82 195 161 319 137 2687 1123 3541 15074 1234 2127 2082 3292 7850 226 105 1184
leaf_count=1092 87 212 116 12942 92 390 795 95 161 82 148 134 144 82 195 161 319 137 2687 1123 3541 15074 1234 2127 2082 3292 7850 226 105 1184
internal_value=-0.000132092 0.0105414 0.0183862 -0.000567865 0.00931529 0.0293542 0.00271216 0.000899621 0.00301769 -0.0072932 -0.0119874 -0.00328767 -0.0138528 -0.0172589 -0.0124153 -0.00262097 0.013153 -0.000311515 0.000125409 -0.00537549 0.000301977 2.04248e-05 -0.00258368 0.00041008 0.00187075 0.000876997 -0.000193441 -0.00425773 -0.000980572 -0.00815301
internal_weight=57909 2267 1129 55642 623 506 1138 1051 956 2038 946 360 226 586 438 243 531 53604 40662 1260 39402 36715 4775 31940 15577 13450 11368 3518 16363 1289
internal_count=57909 2267 1129 55642 623 506 1138 1051 956 2038 946 360 226 586 438 243 531 53604 40662 1260 39402 36715 4775 31940 15577 13450 11368 3518 16363 1289
is_linear=0
shrinkage=0.05


Tree=131
num_leaves=31
num_cat=0
split_feature=3 0 9 3 7 4 11 6 6 11 6 3 12 11 14 3 10 11 8 8 10 7 9 8 3 10 14 6 9 6
split_gain=116.12 61.5307 37.5297 24.5678 19.7031 15.9113 15.6154 14.8518 16.7869 14.5284 12.8874 12.2584 23.8785 20.3643 14.5219 14.4753 14.2554 12.7846 17.707 26.8142 23.6828 28.3635 26.2144 15.2029 18.6324 18.3567 20.3208 22.2153 26.0613 21.068
threshold=13.164981842041017 1.0000000180025095e-35 14.284999847412111 1.7241498827934267 -0.5677773356437682 9.2550001144409197 10.84999990463257 950.85000610351574 964.54998779296886 2.5499999523162846 950.35000610351574 2.316846609115601 -0.53727915883064259 2.8500000238418584 2.4550000429153447 2.072650790214539 -0.77159520983695973 3.5499999523162846 -0.99960738420486439 -0.93779578804969776 -0.46173103153705591 -0.1647088825702667 3.0649999380111699 0.97368243336677562 3.3702946901321416 0.9170251488685609 0.83499997854232799 951.54998779296886 2.4550000429153447 959.14999389648449
decision_type=2 2 8 2 2 2 2 2 2 2 2 2 2 2 10 2 2 2 2 2 2 2 10 2 2 2 10 2 8 2
left_child=3 4 5 9 -2 -3 -6 -8 -9 10 -1 12 13 15 -15 -5 -17 18 -13 20 21 -20 -22 25 -25 -21 -27 -28 -29 -30
right_child=1 2 -4 11 6 -7 7 8 -10 -11 -12 17 -14 14 -16 16 -18 -19 19 23 22 -23 -24 24 -26 26 27 28 29 -31
leaf_value=-4.9587100711150863e-05 0.00052093714951465528 0.00010151751890992157 8.3135231132691622e-05 -0.00012388438613248655 0.00024286803561143213 0.00010666663173791724 0.00015255091087522656 -1.8510823739131821e-05 8.7627082066016329e-05 -3.9812174370295298e-06 -1.6899245530695075e-05 0.0023972182252314958 3.4535209621012599e-05 0.0013495945960845157 -8.2726807499670409e-05 -0.00014495503820193095 0.0014363242567381207 -5.9843099104734366e-06 -0.00038179524858937639 -7.1462371474830674e-05 0.00010890714892577162 0.00024532199083348026 -0.00078980834115920074 0.00020399864519657484 -0.00098178092362916428 0.00066515620246791578 0.0012758782883675415 4.6196029095512461e-05 -0.00034045069807377794 2.4739503060184277e-05
leaf_weight=299 130 473 496 294 99 149 187 611 109 980 759 84 1753 117 185 81 99 39926 255 6170 116 476 429 202 445 285 978 390 754 640
leaf_count=299 130 473 496 294 99 149 187 611 109 980 759 84 1753 117 185 81 99 39926 255 6170 116 476 429 202 445 285 978 390 754 640
internal_value=-9.05547e-05 0.0110226 0.0193232 -0.000541079 0.00280456 0.0110048 0.000395648 -0.00169956 -0.00496552 -0.00592266 -0.00997178 -0.000336227 0.00305841 -0.00422535 0.00586319 -0.0106472 0.000540541 -0.00050435 -0.00199483 -0.00217138 -0.00897736 -0.00305707 -0.0168182 -0.00128686 -0.00866564 -0.000764476 0.00240826 0.00108421 -0.00223589 -0.00543245
internal_weight=57971 2254 1118 55717 1136 622 1006 907 720 2038 1058 53679 2529 776 302 474 180 51150 11224 11140 1276 731 545 9864 647 9217 3047 2762 1784 1394
internal_count=57971 2254 1118 55717 1136 622 1006 907 720 2038 1058 53679 2529 776 302 474 180 51150 11224 11140 1276 731 545 9864 647 9217 3047 2762 1784 1394
is_linear=0
shrinkage=0.05


Tree=132
num_leaves=31
num_cat=0
split_feature=4 0 7 3 6 10 6 8 8 8 6 5 11 8 7 7 5 7 13 14 14 10 4 12 8 8 8 15 6 12
split_gain=96.1552 87.7321 48.0503 28.0868 22.4386 21.752 28.6527 18.9607 42.4031 39.904 37.6305 30.5087 31.0617 19.2835 80.5124 45.6325 35.2497 35.0012 36.342 33.7024 29.5826 29.042 32.5219 18.4066 17.5691 16.7193 72.8778 74.0323 61.2335 39.461
threshold=8.7349996566772479 1.0000000180025095e-35 -0.42640316486358637 1.7241498827934267 948.85000610351574 0.95878320932388317 963.64999389648449 0.99805629253387462 0.99717122316360485 0.99960738420486461 956.25000000000011 3.9150000810623173 9.2500000000000018 0.97745609283447277 -0.13920918852090833 0.2027285918593407 4.741666555404664 -0.1900704428553581 0.12940952181816109 4.6749999523162851 8.3450002670288104 -0.96359375119209278 6.7550001144409189 0.0087262028828263612 0.98413589596748363 0.88337317109107982 0.8730936348438264 33.500000000000007 959.04998779296886 0.04361772537231446
decision_type=2 2 2 2 2 2 2 2 2 2 2 2 2 2 2 2 2 2 2 10 10 2 2 2 2 2 2 2 2 2
left_child=3 4 -3 -1 -2 6 -6 8 13 -9 11 -11 -13 25 17 16 19 18 -15 -16 -18 -22 -23 -12 -21 26 -5 -28 -27 -30
right_child=1 2 -4 7 5 -7 -8 9 -10 10 23 12 -14 14 15 -17 20 -19 -20 24 21 22 -24 -25 -26 28 27 -29 29 -31
leaf_value=-1.4228201660661287e-05 0.00033258594050067928 -0.00018114937334214878 0.00010025030772965461 -1.0904301594057533e-05 -4.6779273409180984e-06 -5.1841664572360725e-05 0.00024923312965605127 0.001539039408863227 -0.0011018979909768461 -0.00073665924940608776 -9.375196440461753e-05 0.0039354575501893254 -0.0012390886158264005 0.0043081353203731068 5.7501374088552402e-06 -0.0044236861758076337 -0.00614622215416413 -0.0025357455287813731 -0.0024077163995260206 0.01322802736744293 -0.0041106890632381654 -0.0042180534004605252 0.00046565429589671693 0.0069479087590720804 0.0016007638963353916 1.0141957496029309e-05 0.0033047804089062064 -0.003804204501512547 0.0061194094534400669 0.00021600487123673575
leaf_weight=2052 208 204 905 44646 689 187 80 531 145 203 80 93 100 88 641 83 195 382 80 96 169 100 109 89 346 4143 102 390 361 487
leaf_count=2052 208 204 905 44646 689 187 80 531 145 203 80 93 100 88 641 83 195 382 80 96 169 100 109 89 346 4143 102 390 361 487
internal_value=-0.000125886 0.00994293 0.0199731 -0.000537548 0.000342173 -0.00291363 0.000839793 -0.000317718 -0.000453698 0.0061762 -0.00307018 -0.0114713 0.00277778 -0.000377697 -0.00486051 0.000430046 0.00228778 -0.0214414 -0.00231214 0.00758272 -0.00769896 0.000522193 0.0128505 0.0163793 0.0181208 -0.000172538 -0.000476264 -0.0195171 0.00257206 0.0147714
internal_weight=57984 2273 1109 55711 1164 956 769 53659 52563 1096 565 396 193 52418 2289 1739 1656 550 168 1083 573 378 209 169 442 50129 45138 492 4991 848
internal_count=57984 2273 1109 55711 1164 956 769 53659 52563 1096 565 396 193 52418 2289 1739 1656 550 168 1083 573 378 209 169 442 50129 45138 492 4991 848
is_linear=0
shrinkage=0.05


Tree=133
num_leaves=31
num_cat=0
split_feature=3 0 4 7 3 15 7 8 8 11 7 8 8 7 15 13 8 10 8 3 8 6 15 6 13 8 4 14 7 7
split_gain=96.6044 48.4727 33.7278 19.4967 19.3807 18.9977 49.8789 32.7567 42.9966 25.6265 30.8306 21.4151 71.7962 49.582 35.8706 34.255 40.2611 38.4187 43.8409 42.0155 36.6666 45.2722 85.4949 63.1534 54.1381 44.8136 78.0787 45.3178 39.6647 37.7495
threshold=13.164981842041017 1.0000000180025095e-35 8.1050000190734881 -0.29014293849468226 1.7241498827934267 37.500000000000007 0.98372149467468273 0.93324586749076854 0.94504281878471386 4.8500001430511483 -0.1900704428553581 0.88337317109107982 0.8730936348438264 0.1858661696314812 83.500000000000014 -0.6035533845424651 -0.99683821201324452 0.26722820103168493 0.43664719164371496 2.5164715051651005 -0.13282711803913114 952.75000000000011 68.500000000000014 947.75000000000011 0.60355338454246532 0.65765425562858593 3.2749999761581425 1.8350000381469729 0.69097238779068004 0.98805528879165661
decision_type=2 2 2 2 2 2 2 2 2 2 2 2 2 2 2 2 2 2 2 2 2 2 2 2 2 2 2 10 2 2
left_child=4 -2 -3 -4 -1 6 7 -6 -9 10 -10 12 15 14 -13 16 -7 -18 19 -19 29 23 -23 24 -22 27 28 -24 -27 -17
right_child=1 2 3 -5 5 11 -8 8 9 -11 -12 13 -14 -15 -16 20 17 18 -20 -21 21 22 25 -25 -26 26 -28 -29 -30 -31
leaf_value=-1.181756460027321e-05 9.9477708523532115e-06 -2.2559444466790926e-05 0.00032079426805917691 8.2233124009692404e-05 -3.3097023727888305e-05 0.0095612746777299033 -0.0039851788313278276 -0.0029168509173151916 0.0035900581205826746 -7.0866607644359819e-05 -0.00053080082155889513 5.9664401496043602e-05 -0.0029801447705976869 0.002024541723520941 -0.0023869064311263844 5.3671774176061726e-05 -0.00014080377821062341 -8.4495498533613503e-05 0.0029634500948213351 0.00054238712729507842 0.0010341599536396234 -0.00080483531705551341 3.8503782003696628e-05 0.0017275954950360093 -0.001152213982496353 -0.00022648960780566495 0.0056186936753263254 -0.00030450308329847594 0.0030687845768923921 0.0036454078160484574
leaf_weight=2049 1156 201 145 780 20472 83 89 184 110 1579 601 3238 357 1989 203 8863 2806 150 774 2593 626 2671 320 1440 656 366 521 2594 109 169
leaf_count=2049 1156 201 145 780 20472 83 89 184 110 1579 601 3238 357 1989 203 8863 2806 150 774 2593 626 2671 320 1440 656 366 521 2594 109 169
internal_value=-0.000101902 0.00996939 0.0173298 0.0213441 -0.000516029 -0.000333221 -0.0014171 -0.00126792 -0.00669625 -0.00479303 -0.0126397 0.000484721 -0.000131458 0.00333027 -0.000304701 0.00019195 0.00333801 0.0028682 0.00634583 0.00336608 -0.000907852 -0.00311023 -0.00535226 0.00231023 -0.00574981 -0.00063857 0.00849151 -0.00376841 -0.00614583 0.00136107
internal_weight=57894 2282 1126 925 55612 53563 23035 22946 2474 2290 711 30528 25098 5430 3441 24741 6406 6323 3517 2743 18335 9303 6581 2722 1282 3910 996 2914 475 9032
internal_count=57894 2282 1126 925 55612 53563 23035 22946 2474 2290 711 30528 25098 5430 3441 24741 6406 6323 3517 2743 18335 9303 6581 2722 1282 3910 996 2914 475 9032
is_linear=0
shrinkage=0.05


Tree=134
num_leaves=31
num_cat=0
split_feature=3 0 9 3 6 4 3 12 11 7 15 7 8 11 3 6 11 3 12 8 8 9 7 9 3 7 12 12 7 7
split_gain=96.0751 54.8144 33.8277 26.2279 19.1889 15.4009 14.4459 23.0521 26.3665 21.1119 15.6464 39.6322 32.8707 27.9932 27.6083 26.7181 36.3955 29.009 24.786 24.7758 75.1594 38.1383 40.5699 38.6586 39.469 29.0839 27.9338 25.588 23.9508 68.9569
threshold=13.164981842041017 1.0000000180025095e-35 14.284999847412111 1.6630246639251711 947.25000000000011 9.2550001144409197 2.4375712871551518 -0.53727915883064259 2.8500000238418584 -0.89225733280181874 38.500000000000007 0.98049062490463268 0.96527305245399486 4.8500001430511483 4.6029245853424081 961.54998779296886 5.0499999523162851 3.9936680793762211 0.14780378341674807 0.88337317109107982 0.8730936348438264 3.7250000238418584 0.33505657315254217 10.795000076293947 3.6715925931930546 0.46866798400878912 -0.60873827338218678 0.608738273382187 0.35120280086994177 0.25293653458356863
decision_type=2 2 8 2 2 2 2 2 2 2 2 2 2 2 2 2 2 2 2 2 2 8 2 10 2 2 2 2 2 2
left_child=3 4 5 -1 -2 -3 7 8 -5 -10 11 12 15 -14 -15 28 17 -17 -18 20 27 26 -23 24 -24 -22 -21 -12 29 -8
right_child=1 2 -4 6 -6 -7 10 -9 9 -11 19 -13 13 14 -16 16 18 -19 -20 21 25 22 23 -25 -26 -27 -28 -29 -30 -31
leaf_value=-1.6005123732408359e-05 0.00045559384976616717 7.778950862333267e-05 6.985429798909149e-05 -0.0001035536903196692 7.6582898759225417e-07 9.7719971133891637e-05 -3.2255328824949347e-05 2.9163862319665867e-05 -0.00047377898610563335 0.0014118983513477634 2.4265852290121561e-05 -0.0029122354037851468 -0.0010167277015323548 0.00062651625655555656 -0.00080111396127677259 -0.00012625606904291095 -0.0037639730906744171 -0.0042449394323448063 0.00015319401697589709 0.0015191621695324305 -0.00032738465301166976 0.0002125958220688104 -0.00056423086071742212 -0.00043645777972023403 0.0051327775703038344 -0.0037205659502593533 -0.00043407588902600415 -0.00029997930595415548 0.00043172753039155687 -0.0013284094206997277
leaf_weight=1843 89 488 511 689 1070 146 17391 2384 89 283 21252 108 563 211 978 98 81 116 278 146 105 3217 91 176 824 238 503 1308 2200 655
leaf_count=1843 89 488 511 689 1070 146 17391 2384 89 283 21252 108 563 211 978 98 81 116 278 146 105 3217 91 176 824 238 503 1308 2200 655
internal_value=-3.3542e-05 0.00996102 0.0176957 -0.000446876 0.00227663 0.00985915 -0.000246346 0.00288406 -0.0032364 0.00742706 -0.000459995 -0.00143493 -0.00128676 -0.0078543 -0.00347571 -0.000732328 -0.0113322 -0.0273973 -0.00151099 0.000333752 -0.000360136 0.00353688 0.00523997 0.0135493 0.017663 -0.0234195 -0.00772171 -4.43164e-06 -0.000429608 -0.00103041
internal_weight=58131 2304 1145 55827 1159 634 53984 3445 1061 372 50539 22679 22571 1752 1189 20819 573 214 359 27860 22903 4957 4308 1091 915 343 649 22560 20246 18046
internal_count=58131 2304 1145 55827 1159 634 53984 3445 1061 372 50539 22679 22571 1752 1189 20819 573 214 359 27860 22903 4957 4308 1091 915 343 649 22560 20246 18046
is_linear=0
shrinkage=0.05


Tree=135
num_leaves=31
num_cat=0
split_feature=3 1 4 3 7 4 6 15 7 7 6 6 13 10 9 8 9 7 7 15 7 8 6 8 12 3 7 10 12 5
split_gain=98.6156 47.008 37.1453 23.7157 18.0276 16.7051 15.6155 14.5258 42.6014 34.9048 56.5935 39.5157 33.5684 30.7939 28.1851 26.6099 34.3191 24.9266 27.968 56.937 75.4777 44.3685 38.009 34.5725 32.1668 30.5773 30.4057 24.3106 24.3425 30.0778
threshold=13.164981842041017 1.0000000180025095e-35 8.1050000190734881 1.7241498827934267 -0.42640316486358637 9.3550000190734881 949.04998779296886 36.500000000000007 0.98049062490463268 -0.92117106914520253 941.25000000000011 949.25000000000011 0.91597560048103344 0.85260769724845897 4.5250000953674325 0.97653719782829296 3.9750000238418584 -0.94000589847564686 0.41470260918140417 74.500000000000014 0.16894881427288058 -0.98009455204009999 943.75000000000011 -0.90452900528907765 -0.5663846731185912 5.5126936435699472 0.31881132721900945 0.96359375119209301 -0.095842104405164705 3.0316666364669804
decision_type=2 2 2 2 2 2 2 2 2 2 2 2 2 2 10 2 10 2 2 2 2 2 2 2 2 2 2 2 2 2
left_child=3 2 -2 -1 -4 -6 -3 8 9 11 14 12 13 -5 -11 27 -17 -9 19 20 -19 -22 -20 -24 -21 -23 -27 28 29 -12
right_child=1 6 4 7 5 -7 -8 17 -10 10 15 -13 -14 -15 -16 16 -18 18 22 24 21 25 23 -25 -26 26 -28 -29 -30 -31
leaf_value=-1.7456606282486089e-05 -3.2073848404851062e-05 0.00022576332645846131 0.00013735391146930121 0.0001632005672532272 9.5899132171217707e-05 6.6361583089635803e-05 7.2753753821430678e-07 -0.00078791078004278314 -0.0031298203832645175 -0.00023287497060955073 -0.00012260207580457188 0.0088017640961021472 -0.00056034309381712045 0.0032640404027604315 -0.0035485400691848273 7.5746178794197224e-05 -0.0015119573780446355 0.0001046601987567307 0.013522374297878262 0.0020262921563125274 0.010377145447642348 3.1811197362674331e-05 -0.0016618913996608532 -1.8263198611682528e-05 -0.0017220079970681674 0.00044603976051142414 0.0041565604372915069 0.00016427983415156345 -0.00017013955737961163 0.00096834632550143746
leaf_weight=2041 197 178 107 3003 404 406 967 1529 93 307 2510 197 358 703 285 309 963 8702 119 163 237 810 149 17458 890 675 781 2044 8777 2545
leaf_count=2041 197 178 107 3003 404 406 967 1529 93 307 2510 197 358 703 285 309 963 8702 119 163 237 810 149 17458 890 675 781 2044 8777 2545
internal_value=-9.23815e-05 0.0101369 0.0174263 -0.000508508 0.0216377 0.0241718 0.003 -0.000306834 -0.00128965 -0.00114287 -0.00211891 0.00291842 0.0018432 0.00326058 -0.0172529 -0.00159156 -0.00853563 0.000382321 0.000700257 0.00253608 0.00358162 0.0112241 -0.000569624 -0.000763684 -0.00855388 0.00902686 0.013347 -0.00103268 -0.00178507 0.000978261
internal_weight=57907 2259 1114 55648 917 810 1145 53607 22094 22001 17740 4261 4064 3706 592 17148 1272 31513 29984 12258 11205 2503 17726 17607 1053 2266 1456 15876 13832 5055
internal_count=57907 2259 1114 55648 917 810 1145 53607 22094 22001 17740 4261 4064 3706 592 17148 1272 31513 29984 12258 11205 2503 17726 17607 1053 2266 1456 15876 13832 5055
is_linear=0
shrinkage=0.05


Tree=136
num_leaves=31
num_cat=0
split_feature=3 0 4 7 10 15 0 15 10 3 3 5 5 6 2 6 7 12 7 5 13 4 10 7 7 6 6 5 13 3
split_gain=83.4894 38.4195 40.3087 15.5878 15.3311 17.0546 14.4294 18.0005 17.2045 19.8878 21.7785 20.9851 16.3718 16.6356 14.2976 14.1276 13.4997 13.1314 13.0415 23.2317 33.2228 18.6455 21.4579 19.1017 19.0251 16.805 22.462 19.1201 16.3334 24.2398
threshold=13.164981842041017 1.0000000180025095e-35 9.7150001525878924 -0.5677773356437682 -0.96359375119209278 62.500000000000007 1.0000000180025095e-35 24.500000000000004 0.78257837891578685 10.558168888092043 9.5905880928039569 5.3483333587646493 2.2749999761581425 952.25000000000011 42.500000000000007 954.14999389648449 0.94713109731674205 -0.93038213253021229 -0.59573787450790394 4.3949999809265146 -0.37940952181816096 7.5350000858306894 0.93038213253021251 0.30247184634208685 0.93244570493698131 946.95001220703136 943.75000000000011 5.8516666889190683 1.0000000180025095e-35 4.1450769901275644
decision_type=2 2 2 2 2 2 2 2 2 2 2 2 2 2 2 2 2 2 2 2 2 2 2 2 2 2 2 2 2 2
left_child=6 3 4 -2 5 -3 17 8 14 10 11 12 -10 -14 -8 -4 -6 -1 19 -19 -21 28 24 -24 -23 26 27 -22 -20 -30
right_child=1 2 15 -5 16 -7 7 -9 9 -11 -12 -13 13 -15 -16 -17 -18 18 21 20 25 22 23 -25 -26 -27 -28 -29 29 -31
leaf_value=-0.0001881977263571269 0.0004811271299850817 -0.00096343188648234657 8.8969684223627621e-05 1.9262610337716924e-06 9.009987135117915e-05 9.4702148947761747e-05 -0.00024982481912621998 2.9346355333963225e-05 0.00013564805512507954 0.00040576361718623334 -0.0014896089669458629 0.0024146946610090732 -0.00018827431217966503 -0.0017815865176698837 0.00097068997306559821 6.3043503935156231e-05 4.2711233868392152e-05 -7.3641215886578574e-05 8.215262387105968e-06 -0.0002584837194531217 0.00092982478768653405 -0.00026245373551579964 -8.6711399820155191e-05 -0.00040747857484936816 0.00053923843168511012 0.0034373740495906857 -0.0015184851320501167 0.0053601842139399921 5.2198013615890366e-06 -0.00083001046798492593
leaf_weight=1675 129 115 176 1016 371 106 2632 21944 200 198 148 390 680 219 350 169 165 5050 9092 1362 209 810 281 309 192 721 389 145 2682 6114
leaf_count=1675 129 115 176 1016 371 106 2632 21944 200 198 148 390 680 219 350 169 165 5050 9092 1362 209 810 281 309 192 721 389 145 2682 6114
internal_value=-2.58425e-06 0.00943606 0.0160795 0.003 0.00951444 -0.00154867 -0.000383533 0.000453934 -0.00231232 0.00149457 -0.000334957 0.00150602 -0.00203804 -0.00492257 -0.0046535 0.0301429 0.0140481 -0.00115546 -0.00089178 0.000824768 0.00445072 -0.00158584 -0.00676268 -0.0142857 -0.00228401 0.00966644 0.00434492 0.0133705 -0.00112334 -0.00265879
internal_weight=58039 2247 1102 1145 757 221 55792 26761 4817 1835 1637 1489 1099 899 2982 345 536 29031 27356 7876 2826 19480 1592 590 1002 1464 743 354 17888 8796
internal_count=58039 2247 1102 1145 757 221 55792 26761 4817 1835 1637 1489 1099 899 2982 345 536 29031 27356 7876 2826 19480 1592 590 1002 1464 743 354 17888 8796
is_linear=0
shrinkage=0.05


Tree=137
num_leaves=31
num_cat=0
split_feature=3 0 4 3 7 11 3 9 6 10 4 14 8 15 6 15 9 8 7 8 11 7 7 10 6 13 14 7 15 7
split_gain=95.7916 47.6681 35.5212 21.3369 18.9402 16.4382 15.3005 16.1609 29.5078 27.9671 19.4714 18.8584 19.6754 17.3167 16.2524 50.3983 34.7845 32.7446 53.0181 52.4037 28.7302 27.9617 125.102 35.5606 36.9467 46.9775 34.3707 30.4494 48.446 29.8402
threshold=13.164981842041017 1.0000000180025095e-35 8.4250001907348651 1.7241498827934267 -0.29014293849468226 2.5499999523162846 3.2745834589004521 4.305000066757203 957.45001220703136 0.9170251488685609 1.4149999618530276 3.1350001096725468 0.12447811290621759 96.500000000000014 960.35000610351574 77.500000000000014 10.555000305175783 0.88933694362640392 0.33505657315254217 0.83987808227539074 7.4500000476837167 0.98931017518043529 0.97697007656097423 -0.85260769724845875 963.45001220703136 0.60355338454246532 8.7150001525878924 0.68472337722778331 37.500000000000007 0.69097238779068004
decision_type=2 2 2 2 2 2 2 8 2 2 2 10 2 2 2 2 10 2 2 2 2 2 2 2 2 2 10 2 2 2
left_child=3 -2 -3 5 -4 -1 -5 8 -8 -10 -9 12 -11 14 15 -12 20 19 -19 21 -17 22 27 -23 25 -25 -26 -16 -29 -30
right_child=1 2 4 6 -6 -7 7 10 9 11 13 -13 -14 -15 17 16 -18 18 -20 -21 -22 23 -24 24 26 -27 -28 28 29 -31
leaf_value=-2.3082823595329746e-05 9.2794009317553896e-06 5.8004628718541512e-05 0.00026952944515737376 2.0407996534850278e-05 6.5373701127874331e-05 -2.0630939181569103e-06 -7.9684951392569603e-05 -0.0011886684765479421 -0.00045297255991603189 -2.6376285525977908e-05 -1.1929930986241678e-05 -0.00030343711409149329 0.00072284804701315064 0.0012566014091067051 0.00055237572402201673 -0.00062782732189723951 0.00016912944241441187 3.6955188725762423e-06 0.006411541000056753 -0.0018693282709894149 -0.005570112140976748 0.0055238370094671269 0.0042823183189880099 -0.001677977856875368 -0.0022017613259623053 0.0083585766136891042 0.00026534983228384548 -0.0032098985362106164 -0.0035300151041575689 2.9428812550669205e-05
leaf_weight=1043 1158 308 124 8229 687 994 4993 137 955 132 28985 248 93 222 1905 1212 625 326 237 218 621 121 514 280 448 106 117 256 86 2607
leaf_count=1043 1158 308 124 8229 687 994 4993 137 955 132 28985 248 93 222 1905 1212 625 326 237 218 621 121 514 280 448 106 117 256 86 2607
internal_value=1.63816e-05 0.010057 0.0173932 -0.000394867 0.0228554 -0.00541136 -0.000203994 -0.000563269 -0.00288671 -0.00921144 -0.00018064 0.000732218 0.011087 -0.000113137 -0.000193954 -0.000685258 -0.00755177 0.00194437 0.0134683 0.000960528 -0.0110174 0.00178433 0.00325703 -0.00557103 -0.00883891 0.00306905 -0.0169298 0.000761474 -0.00242045 -0.000426242
internal_weight=57987 2277 1119 55710 811 2037 53673 45444 6421 1428 39023 473 225 38886 38664 31443 2458 7221 563 6658 1833 6440 5368 1072 951 386 565 4854 2949 2693
internal_count=57987 2277 1119 55710 811 2037 53673 45444 6421 1428 39023 473 225 38886 38664 31443 2458 7221 563 6658 1833 6440 5368 1072 951 386 565 4854 2949 2693
is_linear=0
shrinkage=0.05


Tree=138
num_leaves=31
num_cat=0
split_feature=3 1 4 10 7 1 6 15 3 15 14 6 15 4 3 10 6 11 7 3 10 4 13 6 11 6 10 11 9 7
split_gain=82.8016 44.6734 38.8499 19.1062 17.5666 15.7003 15.3645 13.9622 14.1351 13.9048 15.6717 18.3278 16.004 12.0645 23.1889 22.7139 32.5857 21.3672 16.6756 12.2257 14.9407 16.7911 13.0826 30.4928 17.2468 15.1633 26.1044 17.1298 12.4033 18.3801
threshold=13.164981842041017 1.0000000180025095e-35 9.2550001144409197 -0.96359375119209278 -0.5677773356437682 1.0000000180025095e-35 953.64999389648449 25.500000000000004 11.784666538238527 36.500000000000007 13.085000038146974 950.85000610351574 66.500000000000014 7.5350000858306894 9.3729386329650897 0.93663650751113903 952.04998779296886 5.3500001430511483 0.93244570493698131 8.0372309684753436 -0.8338540494441985 4.3350000381469735 1.0000000180025095e-35 952.85000610351574 6.1499998569488534 956.64999389648449 0.78257837891578685 10.449999809265138 13.734999656677248 0.51358211040496837
decision_type=2 2 2 2 2 2 2 2 2 2 8 2 2 2 2 2 2 2 2 2 2 2 2 2 2 2 2 2 8 2
left_child=5 2 3 -2 -3 7 -4 8 -1 -6 -11 -12 -13 17 -15 18 -17 -7 -16 20 21 -19 25 24 -24 27 -27 -22 29 -21
right_child=1 4 6 -5 9 13 -8 -9 -10 10 11 12 -14 14 15 16 -18 19 -20 28 22 -23 23 -25 -26 26 -28 -29 -30 -31
leaf_value=-9.5171762644444708e-05 -0.00027510999085593734 0.00047003180499122221 8.6698356443976063e-05 8.3137289859927524e-05 -2.3814205224076403e-05 -5.2920833932765082e-05 5.662264368200276e-05 3.0264626242577747e-05 0.00027168133641340962 0.00010104363062568012 0.0001598286162597329 -4.3766458371335971e-05 1.2998317739820742e-05 0.0020785998021696957 -0.00030241286083023127 4.1355865502351598e-05 -0.00033764155333751992 -1.9781759992158757e-05 0.00042973158934129786 0.0008547801580813003 -1.5353574595146837e-05 -0.0014624131294558385 -0.001214377386978245 -0.0012080945601923322 0.002982629071683117 -0.0008624623851931489 0.004543106203505229 0.0039865845527960533 0.0023623410132892434 -0.00028644510559519554
leaf_weight=5072 157 130 235 460 206 14047 280 21457 155 197 109 233 260 266 1055 179 417 2449 191 3338 1216 1508 206 542 652 94 329 194 148 2226
leaf_count=5072 157 130 235 460 206 14047 280 21457 155 197 109 233 260 266 1055 179 417 2449 191 3338 1216 1508 206 542 652 94 329 194 148 2226
internal_value=-3.4475e-06 0.00935299 0.0163588 0.00779743 0.00232456 -0.000384781 0.0264423 0.000490839 -0.00182531 4.9505e-05 0.00304726 -0.000988468 -0.00512048 -0.00118884 -0.00482726 -0.00682187 -0.0148087 -0.000903391 -0.00295763 0.000565585 -0.000806115 -0.00286471 0.00171402 -0.00192171 0.00393975 0.00448857 0.0127336 0.0019788 0.00229141 0.00190339
internal_weight=58008 2267 1132 617 1135 55741 515 26684 5227 1005 799 602 493 29057 2108 1842 596 26949 1246 12902 7190 3957 3233 1400 858 1833 423 1410 5712 5564
internal_count=58008 2267 1132 617 1135 55741 515 26684 5227 1005 799 602 493 29057 2108 1842 596 26949 1246 12902 7190 3957 3233 1400 858 1833 423 1410 5712 5564
is_linear=0
shrinkage=0.05


Tree=139
num_leaves=31
num_cat=0
split_feature=3 0 4 15 3 12 10 4 12 12 15 8 8 15 9 8 10 5 15 8 6 6 8 8 8 8 9 4 8 13
split_gain=84.8512 41.0677 31.6716 16.4379 14.6612 16.959 20.3434 15.8334 13.544 30.311 13.4447 22.3595 57.0277 34.378 31.8174 23.8853 55.0877 23.2878 23.0751 22.1066 29.898 38.6612 33.9336 37.7476 28.8209 28.3925 22.0442 21.7862 20.9187 47.6892
threshold=13.164981842041017 1.0000000180025095e-35 8.4250001907348651 96.500000000000014 1.7241498827934267 0.90992662310600292 0.28400452435016638 3.304999947547913 -0.60873827338218678 -0.14780378341674802 43.500000000000007 0.88337317109107982 0.8730936348438264 85.500000000000014 3.8349999189376835 0.85803928971290599 -0.88697704672813404 3.0116666555404668 64.500000000000014 0.95943385362625133 955.95001220703136 958.35000610351574 0.98965245485305797 0.99831542372703563 0.93324586749076854 0.92530733346939098 10.84500026702881 4.8150000572204599 0.79018178582191478 -0.7865660786628722
decision_type=2 2 2 2 2 2 2 2 2 2 2 2 2 2 8 2 2 2 2 2 2 2 2 2 2 2 10 2 2 2
left_child=3 -2 -3 4 8 10 7 -7 -1 -10 -6 12 15 14 18 28 -17 -14 -13 24 22 -22 -21 -24 25 -16 -26 -25 -12 -30
right_child=1 2 -4 -5 5 6 -8 -9 9 -11 11 13 17 -15 19 16 -18 -19 -20 20 21 -23 23 27 26 -27 -28 -29 29 -31
leaf_value=-7.1611231982616265e-05 1.0105552912625938e-05 3.2361933041924475e-05 5.8068549152656691e-05 0.0010158242001667428 -6.2748056156312039e-05 5.2174486703551395e-05 0.00064513044811939375 -0.0012483949618761904 4.3805417100305139e-05 -6.0772326361710399e-06 1.085921939964268e-05 -0.00025102365102761123 1.5064143495983201e-05 -0.0017844495268741344 0.0016229238400684465 -0.00051534238871560334 0.0086499627416760771 -0.0052974495399509929 0.002201819659299747 -6.1897016824577491e-05 -0.0038600594131858821 0.0002606743932279776 0.0048252494552861961 -0.0017885518450005114 0.0084438746944750006 -0.0016052068269291843 4.5742911810781051e-05 0.0012909440366093762 0.0020026451923263627 -0.00054944878886513339
leaf_weight=564 1153 307 834 242 27479 329 672 178 199 1312 18847 619 85 284 777 182 143 215 147 506 280 325 282 105 371 224 116 109 202 906
leaf_count=564 1153 307 834 242 27479 329 672 178 199 1312 18847 619 85 284 777 182 143 215 147 506 280 325 282 105 371 224 116 109 202 906
internal_value=6.89667e-05 0.00948238 0.0161867 -0.00031954 -0.000376828 -0.000216341 0.00570101 -0.00185547 -0.00449519 -0.00201187 -0.000350514 0.00049535 -0.000179743 0.00384337 0.00508277 0.000142963 0.0134848 -0.0216393 -0.00402075 0.00733871 0.00325682 -0.0054918 0.00854022 0.0177645 0.0117214 0.00680915 0.0216463 0.00182648 -7.76553e-05 -0.00673854
internal_weight=57994 2294 1141 55700 55458 53383 1179 507 2075 1511 52204 24725 20580 4145 3861 20280 325 300 766 3095 1607 605 1002 496 1488 1001 487 214 19955 1108
internal_count=57994 2294 1141 55700 55458 53383 1179 507 2075 1511 52204 24725 20580 4145 3861 20280 325 300 766 3095 1607 605 1002 496 1488 1001 487 214 19955 1108
is_linear=0
shrinkage=0.05


Tree=140
num_leaves=31
num_cat=0
split_feature=3 0 4 7 7 6 6 14 15 7 6 7 7 6 13 12 11 4 14 13 12 4 6 8 8 7 7 14 7 12
split_gain=97.4075 40.654 36.0009 22.7096 16.6849 13.5931 15.4294 12.6677 12.6408 29.2324 23.0165 32.4519 41.1276 43.0184 47.5153 40.1625 32.0033 33.0422 31.74 30.7671 28.3762 26.1751 24.9522 30.2667 56.8198 40.2198 29.6603 27.5243 27.2129 24.72
threshold=13.164981842041017 1.0000000180025095e-35 8.1050000190734881 -0.29014293849468226 -0.5677773356437682 965.64999389648449 950.35000610351574 0.28499999642372137 40.500000000000007 0.98372149467468273 961.25000000000011 0.35120280086994177 0.23626872897148135 958.04998779296886 -0.7865660786628722 0.026175950653851036 4.9500000476837167 3.6149998903274541 5.1449999809265146 0.12940952181816109 0.061046212911605842 7.5750000476837167 956.95001220703136 0.67050644755363475 0.090250775218009963 -0.98994910717010487 -0.83160412311553944 2.6950000524520878 -0.71238943934440602 -0.73724925518035878
decision_type=2 2 2 2 2 2 2 8 2 2 2 2 2 2 2 2 2 2 10 2 2 2 2 2 2 2 2 10 2 2
left_child=7 4 -3 -4 -2 6 -6 -1 9 10 11 12 22 14 15 -14 17 -12 -15 21 -18 -13 23 24 -9 -26 -27 -28 -25 -30
right_child=1 2 3 -5 5 -7 -8 8 -10 -11 16 19 13 18 -16 -17 20 -19 -20 -21 -22 -23 -24 28 25 26 27 -29 29 -31
leaf_value=-6.2433704671469291e-05 0.00044602493709602897 -3.9728738199082404e-05 0.00015794299268225289 5.7789252429224508e-05 0.00011778027434370953 8.4792170090763899e-05 -1.1484739105432907e-05 -6.9585450166674044e-05 8.6628806293320797e-06 -0.0028012214980017852 -0.00012513004454214085 0.00096816614140074063 -0.0010547798271451762 0.00019404301667101125 -0.0032990773291257124 0.0014770688855939519 -0.0032224648569375465 -0.0053121980428175461 -0.00030565063656016599 -5.6112434877203524e-05 0.00017792569549256456 -0.00012398158793952842 0.00036028141771722388 -0.0019244748486352383 0.0064902615378396675 0.00023482460506742513 -0.00019406799118442029 0.0031565445329999487 -0.0014271791190293374 -0.00014096212630458857
leaf_weight=262 130 198 149 787 185 115 712 13106 28570 116 239 1700 93 108 544 142 121 98 158 905 393 146 910 92 265 2436 104 387 332 4406
leaf_count=262 130 198 149 787 185 115 712 13106 28570 116 239 1700 93 108 544 142 121 98 158 905 393 146 910 92 265 2436 104 387 332 4406
internal_value=4.40308e-05 0.010171 0.0168569 0.0209352 0.00348736 0.00127827 -0.000831486 -0.000371149 -0.00031873 -0.00109863 -0.000987261 -0.000719842 -0.00133186 -0.011 -0.0169005 0.001875 -0.00905374 -0.0209064 0.00627306 0.00440856 -0.00115607 0.00810373 -0.000871025 -0.00122084 -0.000190149 0.00578668 0.00407572 0.0152218 -0.00469493 -0.00415349
internal_weight=57909 2276 1134 936 1142 1012 897 55633 55371 26801 26685 25834 23083 1045 779 235 851 337 266 2751 514 1846 22038 21128 16298 3192 2927 491 4830 4738
internal_count=57909 2276 1134 936 1142 1012 897 55633 55371 26801 26685 25834 23083 1045 779 235 851 337 266 2751 514 1846 22038 21128 16298 3192 2927 491 4830 4738
is_linear=0
shrinkage=0.05


Tree=141
num_leaves=31
num_cat=0
split_feature=4 0 7 6 6 3 3 3 15 7 7 6 7 15 7 8 9 14 8 7 7 8 15 6 8 8 7 8 3 14
split_gain=85.7874 62.0295 45.7717 17.9511 23.003 16.3543 16.1553 14.5123 17.168 28.4837 26.6868 44.7682 40.617 51.7299 48.2218 38.339 35.0767 36.5616 24.6417 35.4292 55.5103 42.3461 41.0184 36.1885 24.6014 55.5 33.2257 31.113 32.965 31.8042
threshold=8.7349996566772479 1.0000000180025095e-35 0.049410874024033553 948.95001220703136 964.35000610351574 12.342118740081789 16.63420391082764 1.7241498827934267 41.500000000000007 0.98049062490463268 0.41470260918140417 943.75000000000011 0.16894881427288058 81.500000000000014 0.2027285918593407 -0.89706552028655995 4.0850000381469735 2.1650000810623173 -0.8893369436264037 0.49128657579422003 0.47624224424362188 0.85581842064857494 66.500000000000014 950.95001220703136 0.67050644755363475 0.090250775218009963 -0.98994910717010487 0.54162281751632702 9.425570487976076 6.1849999427795419
decision_type=2 2 2 2 2 2 2 2 2 2 2 2 2 2 2 2 10 10 2 2 2 2 2 2 2 2 2 2 2 10
left_child=7 3 -3 -2 5 -5 -4 -1 9 24 12 -12 -10 14 -14 -13 17 -16 -17 20 22 -21 23 -20 25 -9 -27 28 -28 -29
right_child=1 2 6 4 -6 -7 -8 8 10 -11 11 15 13 -15 16 18 -18 -19 19 21 -22 -23 -24 -25 -26 26 27 29 -30 -31
leaf_value=-1.124960389118964e-05 0.0003609972259404404 7.3343059389058279e-05 6.6294243664527519e-05 -0.00026328025872347782 8.6077356581615305e-05 -8.9007214638670011e-07 4.7998621418804405e-05 -5.1936843295444236e-05 9.1170723682838803e-05 -0.0023696614096782318 0.015911771997780357 -0.001813566786769013 0.010933105075097087 -0.0012968021999342216 0.00086421194194029544 0.0041634509278028267 0.0024919874931498957 -0.00050451984392381618 0.011764806600544573 -9.8626512083891452e-06 -0.0049410536043373171 0.0019817316144330409 0.0015925165089361799 -0.00063008328977889438 -0.00025065170034009495 0.0056441885995321198 0.00044140164880680376 0.00058207701351390838 -0.0053533180469787951 0.0040690065789237007
leaf_weight=2067 197 495 522 206 102 645 93 17169 7836 149 108 259 305 310 86 163 1452 278 81 15128 256 311 212 401 5944 279 2112 310 271 237
leaf_count=2067 197 495 522 206 102 645 93 17169 7836 149 108 259 305 310 86 163 1452 278 81 15128 256 311 212 401 5944 279 2112 310 271 237
internal_value=0.000174171 0.00971302 0.0181166 0.00155844 -0.0013048 -0.00403037 0.0271774 -0.000213533 -5.49737e-05 -0.000961248 0.00082748 -0.000392933 0.00283781 0.00847701 0.0112653 -0.000603592 0.0081274 -0.00569106 -0.000301987 -0.000497133 -0.00984293 8.09376e-05 -0.00243205 -0.0104723 -0.000835644 -9.8121e-06 0.00602054 0.0044293 0.00194724 0.0151268
internal_weight=57984 2260 1110 1150 953 851 615 55724 53657 26471 27186 16919 10267 2431 2121 16811 1816 364 16552 16389 950 15439 694 482 26322 20378 3209 2930 2383 547
internal_count=57984 2260 1110 1150 953 851 615 55724 53657 26471 27186 16919 10267 2431 2121 16811 1816 364 16552 16389 950 15439 694 482 26322 20378 3209 2930 2383 547
is_linear=0
shrinkage=0.05


Tree=142
num_leaves=31
num_cat=0
split_feature=4 0 7 6 6 12 5 6 7 5 11 9 6 8 8 4 6 10 6 8 7 6 10 6 12 8 10 3 4 6
split_gain=81.2223 49.9814 48.0749 23.5176 20.6296 17.4708 22.0375 30.0408 18.5328 15.5865 14.2277 14.9841 13.8136 13.3856 43.4996 23.3075 30.475 19.8943 16.2118 13.2471 100.238 21.5482 29.7802 25.2708 19.0063 27.9661 16.5757 14.821 18.9122 19.1157
threshold=8.8850002288818377 1.0000000180025095e-35 -0.25707612931728357 948.95001220703136 964.35000610351574 -0.94260558485984791 1.4116666316986086 941.45001220703136 -0.05368517339229583 9.7350001335144061 3.0499999523162846 4.9749999046325692 962.45001220703136 0.99805629253387462 0.99717122316360485 2.9250000715255742 959.35000610351574 -0.98321744799613942 953.25000000000011 0.98094093799591076 -0.13920918852090833 956.25000000000011 0.94260558485984813 949.64999389648449 0.1650413200259209 0.98704001307487499 0.85260769724845897 14.246982097625734 7.5750000476837167 978.04998779296886
decision_type=2 2 2 2 2 2 2 2 2 2 2 10 2 2 2 2 2 2 2 2 2 2 2 2 2 2 2 2 2 2
left_child=5 3 9 -2 -5 6 8 -8 -1 -3 11 -9 -4 14 19 16 18 -17 -15 27 -21 23 -23 -22 25 -25 -26 28 29 -7
right_child=1 2 12 4 -6 13 7 10 -10 -11 -12 -13 -14 15 -16 17 -18 -19 -20 20 21 22 -24 24 26 -27 -28 -29 -30 -31
leaf_value=-0.00012951047693421448 0.00046064284127753097 -0.0011114328154511245 6.3946179306650921e-05 -1.3180014104571814e-05 8.871210293692755e-05 3.3037827121565334e-06 -0.001372303603150885 -7.9305507834073066e-05 -0.00010592703318197754 0.00044118864915771995 -0.00027947550609022653 0.0024187208564673403 4.4683909235576639e-05 6.0296542247369321e-05 -0.00062971129773247217 -0.00068880658013253113 0.0024870966100823538 0.0014341413254336218 -0.00013795296122740125 -0.0016946716680380559 -0.00035029086858616237 -0.002796461545059175 0.00040707158944856196 -0.00053446057702154898 0.001062114125761428 0.0017660632922051967 -0.00029855259124857896 5.6321215987198414e-05 -0.00010080502218502985 0.0049880911360173615
leaf_weight=279 182 128 615 750 84 46019 276 299 214 93 1439 255 133 86 162 136 103 582 234 429 355 196 84 148 104 436 287 224 3494 86
leaf_count=279 182 128 615 750 84 46019 276 299 214 93 1439 255 133 86 162 136 103 582 234 429 355 196 84 148 104 436 287 224 3494 86
internal_value=-1.72661e-06 0.00992462 0.0180185 0.00215475 -0.00143027 -0.000354895 -0.00422841 -0.00213281 -0.013755 -0.00243363 2.5025e-05 0.00679785 0.0240372 -0.000153282 -0.000271003 0.00519197 -0.00408879 0.0106501 -0.0116923 -0.000188945 -0.00413405 0.00160991 -0.0108772 0.00426966 0.00841837 0.0140917 -0.000126263 -2.70932e-05 -8.56786e-05 0.000183257
internal_weight=57912 1985 969 1016 834 55927 2762 2269 493 221 1993 554 748 53165 52024 1141 423 718 320 51862 2039 1610 280 1330 975 584 391 49823 49599 46105
internal_count=57912 1985 969 1016 834 55927 2762 2269 493 221 1993 554 748 53165 52024 1141 423 718 320 51862 2039 1610 280 1330 975 584 391 49823 49599 46105
is_linear=0
shrinkage=0.05


end of trees

feature_importances:
day_of_year_cos=590
day_of_year_sin=552
ecmwf_surface_pressure=458
ensemble_wind_speed_100m=446
gfs_wind_direction_10m_cos=360
gfs_wind_direction_100m_sin=279
gfs_relative_humidity_2m=275
wind_speed_10m_mean=253
ecmwf_wind_speed_100m=235
ecmwf_wind_speed_10m=210
icon_wind_gusts_10m=208
hour_sin=205
icon_wind_speed_100m=86
lead_hours=63
turbine_id__cat_0=62
turbine_id__cat_1=8

parameters:
[boosting: gbdt]
[objective: regression_l1]
[metric: l1]
[tree_learner: serial]
[device_type: cpu]
[data_sample_strategy: bagging]
[data: ]
[valid: ]
[num_iterations: 143]
[learning_rate: 0.05]
[num_leaves: 31]
[num_threads: 4]
[seed: 20260923]
[deterministic: 1]
[force_col_wise: 1]
[force_row_wise: 0]
[histogram_pool_size: -1]
[max_depth: -1]
[min_data_in_leaf: 80]
[min_sum_hessian_in_leaf: 0.001]
[bagging_fraction: 0.9]
[pos_bagging_fraction: 1]
[neg_bagging_fraction: 1]
[bagging_freq: 1]
[bagging_seed: 20081]
[bagging_by_query: 0]
[feature_fraction: 0.9]
[feature_fraction_bynode: 1]
[feature_fraction_seed: 2478]
[extra_trees: 0]
[extra_seed: 19505]
[early_stopping_round: 0]
[early_stopping_min_delta: 0]
[first_metric_only: 0]
[max_delta_step: 0]
[lambda_l1: 0]
[lambda_l2: 5]
[linear_lambda: 0]
[min_gain_to_split: 0]
[drop_rate: 0.1]
[max_drop: 50]
[skip_drop: 0.5]
[xgboost_dart_mode: 0]
[uniform_drop: 0]
[drop_seed: 10845]
[top_rate: 0.2]
[other_rate: 0.1]
[min_data_per_group: 100]
[max_cat_threshold: 32]
[cat_l2: 10]
[cat_smooth: 10]
[max_cat_to_onehot: 4]
[top_k: 20]
[monotone_constraints: ]
[monotone_constraints_method: basic]
[monotone_penalty: 0]
[feature_contri: ]
[forcedsplits_filename: ]
[refit_decay_rate: 0.9]
[cegb_tradeoff: 1]
[cegb_penalty_split: 0]
[cegb_penalty_feature_lazy: ]
[cegb_penalty_feature_coupled: ]
[path_smooth: 0]
[interaction_constraints: ]
[verbosity: -1]
[saved_feature_importance_type: 0]
[use_quantized_grad: 0]
[num_grad_quant_bins: 4]
[quant_train_renew_leaf: 0]
[stochastic_rounding: 1]
[linear_tree: 0]
[max_bin: 255]
[max_bin_by_feature: ]
[min_data_in_bin: 3]
[bin_construct_sample_cnt: 200000]
[data_random_seed: 5095]
[is_enable_sparse: 1]
[enable_bundle: 1]
[use_missing: 1]
[zero_as_missing: 0]
[feature_pre_filter: 1]
[pre_partition: 0]
[two_round: 0]
[header: 0]
[label_column: ]
[weight_column: ]
[group_column: ]
[ignore_column: ]
[categorical_feature: ]
[forcedbins_filename: ]
[precise_float_parser: 0]
[parser_config_file: ]
[objective_seed: 4466]
[num_class: 1]
[is_unbalance: 0]
[scale_pos_weight: 1]
[sigmoid: 1]
[boost_from_average: 1]
[reg_sqrt: 0]
[alpha: 0.9]
[fair_c: 1]
[poisson_max_delta_step: 0.7]
[tweedie_variance_power: 1.5]
[lambdarank_truncation_level: 30]
[lambdarank_norm: 1]
[label_gain: ]
[lambdarank_position_bias_regularization: 0]
[eval_at: ]
[multi_error_top_k: 1]
[auc_mu_weights: ]
[num_machines: 1]
[local_listen_port: 12400]
[time_out: 120]
[machine_list_filename: ]
[machines: ]
[gpu_platform_id: -1]
[gpu_device_id: -1]
[gpu_device_id_list: ]
[gpu_use_dp: 0]
[num_gpu: 1]

end of parameters

pandas_categorical:[]
