tree
version=v4
num_class=1
num_tree_per_iteration=1
label_index=0
max_feature_idx=15
objective=regression_l1
feature_names=turbine_id__cat_0 turbine_id__cat_1 lead_hours ensemble_wind_speed_100m ecmwf_wind_speed_10m wind_speed_10m_mean ecmwf_surface_pressure day_of_year_cos day_of_year_sin ecmwf_wind_speed_100m gfs_wind_direction_100m_sin icon_wind_gusts_10m gfs_wind_direction_10m_cos hour_sin icon_wind_speed_100m gfs_relative_humidity_2m
feature_infos=[0:1] [0:1] [1:48] [0.41664999723434448:20.968591690063477] [0:13.510000228881836] [0.27666667103767395:14.170000076293945] [935.70001220703125:985] [-1:1] [-0.99999076128005981:0.99999076128005981] [0:20.879999160766602] [-1:1] [0.40000000596046448:35.900001525878906] [-1:1] [-1:1] [0:30.829999923706055] [4:100]
tree_sizes=2835 2964 2960 2954 2951 2961 2956 2948 2966 2970 2955 2974 2974 2977 2957 2972 2971 2964 2966 2974 2961 2978 2955 2955 2958 2975 2966 2979 2989 2978 2958 2968 2979 2989 2980 2979 2983 3007 2988 2994 2965 2989 2978 2964 2981 2997 2989 2998 2988 2982 2958 2997 2987 2996 2992 2981 2977 3017 3015 2988 2998 3016 3008 3011 3003 2983 3006 2993 3002 2979 3002 3000 3019 2982 2999 3007 3007 3010 3008 3013 3021 3021 2986 3014 3025 2989 3017 2996 3018 3006 2984 3013 3022 3007 3000 2998 2998 2994 2992 3023 2983 3032 3013 3000 2985 2976 2997 2996 2978 2971 2987 3042 2975 2958 3012 2988 2991 3010 2977 3010 3012 2991 2975 3002 3000 2981 3001 2968 2972 2971 2958 2988 2939 2993 2962 2976 2999 2959 3003 2964 2979 2981 2932

Tree=0
num_leaves=31
num_cat=0
split_feature=3 3 3 11 3 3 5 5 13 12 12 5 10 7 9 7 3 5 13 9 2 10 12 10 7 9 6 9 9 14
split_gain=19388.1 2522.43 1075.43 489.138 225.998 153.27 144.812 140.472 115.73 93.8718 71.7817 69.0779 73.3355 58.176 55.3225 53.1726 51.397 48.7564 48.1576 43.6826 42.3709 41.9212 78.5331 40.4677 40.1525 39.8501 37.7235 36.6981 36.5875 43.8463
threshold=6.2248933315277108 8.6760516166687029 4.5979831218719491 4.3500001430511483 7.1186265945434579 10.057597637176515 2.7150000333786015 1.9616667032241824 0.12940952181816109 0.14780378341674807 -0.55191597342491139 4.4716665744781503 -0.71322327852249134 0.82438889145851146 8.8350000381469744 0.41470260918140417 3.7779660224914555 3.5416666269302373 -0.37940952181816096 6.5350000858306894 5.5000000000000009 0.9238443672657014 0.35019405186176306 0.90992662310600292 -0.52458885312080372 8.2349996566772479 946.75000000000011 9.6549997329711932 4.9749999046325692 4.7550001144409189
decision_type=2 2 2 2 2 2 2 2 2 2 2 2 2 2 10 2 2 2 2 10 2 2 2 2 2 8 2 8 10 10
left_child=2 3 7 9 13 21 -4 -1 23 17 27 14 -13 28 -12 19 -9 -2 -11 26 -17 22 -3 -6 -7 -18 -10 -8 -5 -30
right_child=1 5 6 4 8 24 10 16 15 18 11 12 -14 -15 -16 20 25 -19 -20 -21 -22 -23 -24 -25 -26 -27 -28 -29 29 -31
leaf_value=0.21283332919701933 0.22262499555945398 0.24233333021402359 0.21641666255891323 0.22249999567866324 0.23329166248440741 0.25458333045244219 0.22208332940936087 0.21366666248068214 0.21954166218638421 0.22349999621510505 0.21808332912623882 0.21924999579787255 0.22608332931995392 0.22087499573826791 0.22554166316986085 0.23316666185855867 0.2156666625291109 0.23066666275262832 0.21729166246950626 0.23383332937955856 0.22245832905173302 0.25458333045244219 0.23433332890272141 0.24349999576807022 0.26016666144132616 0.2214999958872795 0.23449999541044236 0.22745832949876785 0.22241666242480279 0.22841666191816329
leaf_weight=9580 1156 3372 3207 406 3142 1424 1401 4925 108 397 3452 636 514 578 222 194 3705 393 1070 1624 676 1518 1227 1087 8592 226 106 114 412 2351
leaf_count=9580 1156 3372 3207 406 3142 1424 1401 4925 108 397 3452 636 514 578 222 194 3705 393 1070 1624 676 1518 1227 1087 8592 226 106 114 412 2351
internal_value=0.22339 0.25143 0.193496 0.235646 0.240664 0.264825 0.207131 0.186443 0.246007 0.217872 0.211527 0.208548 0.219264 0.230756 0.205203 0.237893 0.191034 0.226454 0.208829 0.242704 0.227676 0.25851 0.256033 0.251179 0.268663 0.195399 0.221507 0.221031 0.233415 0.235472
internal_weight=57815 29833 27982 13700 10684 16133 9546 18436 6937 3016 6339 4824 1150 3747 3674 2708 8856 1549 1467 1838 870 6117 4599 4229 10016 3931 214 1515 3169 2763
internal_count=57815 29833 27982 13700 10684 16133 9546 18436 6937 3016 6339 4824 1150 3747 3674 2708 8856 1549 1467 1838 870 6117 4599 4229 10016 3931 214 1515 3169 2763
is_linear=0
shrinkage=1


Tree=1
num_leaves=31
num_cat=0
split_feature=3 3 3 14 3 4 12 3 3 13 4 3 7 3 7 7 7 7 7 13 7 13 4 3 14 6 15 9 4 7
split_gain=18289.5 2293.47 1179.09 370.099 171.375 148.261 148.689 142.2 135.17 89.7202 83.9024 72.4209 60.4039 55.3335 53.9673 53.874 53.0437 52.2739 51.9894 51.1755 47.1819 43.5575 42.6468 41.7251 41.6906 40.9788 68.4903 39.2143 38.9077 38.0311
threshold=6.3057491779327401 8.6760516166687029 4.5979831218719491 4.7550001144409189 10.328057765960695 4.8150000572204599 -0.36648726463317866 5.3806593418121347 3.5550303459167485 -1.0000000180025095e-35 5.3150000572204599 6.8531479835510263 0.77275362610816967 7.6444153785705575 0.70329648256301891 0.99630826711654674 -0.52458885312080372 0.71541279554367077 0.26952958106994634 0.37940952181816107 0.77275362610816967 -0.6035533845424651 6.3550000190734872 9.2593913078308123 5.3949999809265146 951.25000000000011 42.500000000000007 6.5850000381469735 5.8650000095367441 -0.31473593413829798
decision_type=2 2 2 10 2 2 2 2 2 2 2 2 2 2 2 2 2 2 2 2 2 2 2 2 10 2 2 10 2 2
left_child=2 3 8 10 23 6 11 20 25 -8 14 -5 22 -7 18 21 -6 -10 29 -15 28 -16 24 -3 -9 26 -1 -14 -4 -2
right_child=1 4 7 5 16 13 9 12 17 -11 -12 -13 27 19 15 -17 -18 -19 -20 -21 -22 -23 -24 -25 -26 -27 -28 -29 -30 -31
leaf_value=-0.0096416664822027084 0.00083541714586317514 0.014966667816042901 -0.0055708332918584349 0.0021208340674638755 0.030687500461935996 0.0057916671410202991 0.004289583824574947 -0.0036541665904223919 -0.0075166664971038702 -0.0016270831599831588 0.0031895830482244498 0.013418750129640104 -0.0066541664116084578 0.013780208099633456 -0.0014645833894610411 0.004206250570714473 0.03532499887049198 -0.0096999998018145565 0.0031020833551883699 0.0062791662290692333 -0.0083208330906927586 -0.0084645830467343346 0.0046270831674337393 0.023187498673796655 -0.00054270820692181587 -0.010099999788217247 -0.0081416664225980647 -0.0028416662290692328 0.0018249997682869433 -0.0066979163326323036
leaf_weight=4152 278 2741 3869 754 1199 2039 1453 2283 5137 1623 890 1555 555 2052 223 123 7680 1238 406 1030 726 495 163 4568 1854 6797 1131 397 166 305
leaf_count=4152 278 2741 3869 754 1199 2039 1453 2283 5137 1623 890 1555 555 2052 223 123 7680 1238 406 1030 726 495 163 4568 1854 6797 1131 397 166 305
internal_value=-5.70076e-05 0.027591 -0.0286236 0.0121382 0.0402087 0.0163924 0.0105844 -0.0147984 -0.0361186 0.00337553 -0.00429358 0.0201599 -0.00911166 0.0224834 -0.0104087 -0.0196809 0.0449066 -0.0301646 -0.00246479 0.026725 -0.0210554 -0.0248963 -0.00657375 0.034475 -0.00756881 -0.039247 -0.0358075 -0.0204807 -0.0188985 -0.0119898
internal_weight=57882 29414 28468 13226 16188 10506 5385 10013 18455 3076 2720 2309 5252 5121 1830 841 8879 6375 989 3082 4761 718 4300 7309 4137 12080 5283 952 4035 583
internal_count=57882 29414 28468 13226 16188 10506 5385 10013 18455 3076 2720 2309 5252 5121 1830 841 8879 6375 989 3082 4761 718 4300 7309 4137 12080 5283 952 4035 583
is_linear=0
shrinkage=0.05


Tree=2
num_leaves=31
num_cat=0
split_feature=3 3 3 11 3 3 5 3 12 9 3 3 10 12 12 5 10 9 9 4 12 4 14 8 6 6 15 8 2 8
split_gain=17516 2333.36 1098.99 407.99 235.7 169.076 167.553 120.405 91.8945 91.196 64.8116 61.0188 60.9196 66.9492 55.1055 67.7552 62.5497 46.3046 44.2338 43.6142 66.9785 41.9834 40.1788 39.3411 35.7614 33.5574 33.4828 56.534 35.9604 33.087
threshold=6.2248933315277108 8.5343990325927752 4.5979831218719491 4.9500000476837167 9.7154026031494158 7.1994080543518075 1.9216666221618655 5.3471643924713144 0.04361772537231446 6.5350000858306894 3.6308740377426152 7.1186265945434579 0.9238443672657014 0.35019405186176306 -0.55191597342491139 4.4716665744781503 -0.95878320932388295 4.9749999046325692 8.2349996566772479 6.5350000858306894 0.47714059054851538 6.1250000000000009 4.805000066757203 -0.69870123267173756 951.35000610351574 949.85000610351574 35.500000000000007 -0.28397372364997858 41.500000000000007 -0.89706552028655995
decision_type=2 2 2 2 2 2 2 2 2 8 2 2 2 2 2 2 2 10 8 2 2 2 10 2 2 2 2 2 2 2
left_child=2 3 6 8 12 17 -1 24 -2 -7 26 -10 13 -3 23 21 -17 -5 -12 20 -6 -16 -19 -9 -4 -21 -8 -28 -29 -13
right_child=1 4 7 5 19 9 10 14 11 -11 18 29 -14 -15 15 16 -18 22 -20 25 -22 -23 -24 -25 -26 -27 27 28 -30 -31
leaf_value=-0.0095533331346232455 0.0022494276063516733 0.016134999264031651 -0.004992291587404908 -0.0023977083824574946 0.025308750834316013 0.002037604490295053 -0.0088679164343047883 0.0031118754995986819 -0.0048799998853355647 0.011563072680495681 -0.0071029164019273594 -0.0074498954582959409 0.027066979195922616 0.0075350004620850092 -0.0047936975536867973 -0.0036853645881637937 0.0047174217924475671 -0.00086364585533738188 -0.0019649998340755706 0.028892083730548621 0.009415624890476466 0.0025748959966003892 0.0040271617597900334 -0.0013001040979288517 -0.006292291493155063 0.03372541841492057 -0.0070216665073530755 -0.0091970831502694635 -0.0040949996423441928 9.1224108356982586e-05
leaf_weight=9207 1830 3029 2238 441 2369 601 2541 343 932 4769 4472 127 1328 1115 2627 441 466 491 252 1761 232 83 2632 1034 2281 7019 698 1202 113 1186
leaf_count=9207 1830 3029 2238 441 2369 601 2541 343 932 4769 4472 127 1328 1115 2627 441 466 491 252 1761 232 83 2632 1034 2281 7019 698 1202 113 1186
internal_value=-0.000198738 0.0264372 -0.0286076 0.0105233 0.0387146 0.0165007 -0.0357139 -0.0147878 -0.00258578 0.0221023 -0.0309275 -0.00935556 0.030126 0.0270668 -0.00942188 -0.0126588 -0.000822368 0.00804147 -0.0267498 0.0428289 0.0368956 -0.0166114 0.0101822 -0.000904486 -0.0207007 0.0445646 -0.035227 -0.0302032 -0.0363258 -0.00238998
internal_weight=57860 29862 27998 13009 16853 8934 18485 9513 4075 5370 9278 2245 5472 4144 4994 3617 907 3564 4724 11381 2601 2710 3123 1377 4519 8780 4554 2013 1315 1313
internal_count=57860 29862 27998 13009 16853 8934 18485 9513 4075 5370 9278 2245 5472 4144 4994 3617 907 3564 4724 11381 2601 2710 3123 1377 4519 8780 4554 2013 1315 1313
is_linear=0
shrinkage=0.05


Tree=3
num_leaves=31
num_cat=0
split_feature=3 3 3 11 3 5 3 5 13 5 12 12 5 12 7 5 10 10 4 9 9 7 10 7 8 5 12 12 12 4
split_gain=16393.3 2287.32 1027.18 386.395 209.636 169.055 164.205 114.358 103.633 79.2078 64.8157 61.1652 70.2396 59.3215 58.3562 55.0154 60.2543 52.9635 51.4409 45.217 45.1619 44.7325 41.1871 41.024 40.8411 39.3831 38.7406 38.5503 38.1843 79.847
threshold=6.2248933315277108 8.6760516166687029 4.5979831218719491 4.2500000000000009 10.328057765960695 1.9016666412353518 7.1994080543518075 2.7150000333786015 0.12940952181816109 4.0116667747497567 0.14780378341674807 -0.47714059054851526 3.3449999094009404 -0.55191597342491139 -0.52458885312080372 4.4216666221618661 -0.94260558485984791 0.9238443672657014 6.2249999046325692 8.8350000381469744 7.3450000286102304 0.82438889145851146 0.94828754663467418 0.41470260918140417 -0.61794704198837269 3.2749999761581425 0.47714059054851538 -0.49240480363368982 0.46173103153705602 7.0250000953674325
decision_type=2 2 2 2 2 2 2 2 2 2 2 2 2 2 2 2 2 2 2 8 8 2 2 2 2 2 2 2 2 2
left_child=2 3 5 10 9 -1 21 -4 17 -3 -2 19 -13 -9 24 18 -17 27 22 -7 -11 -5 -15 -10 -6 -12 -25 -8 -16 -30
right_child=1 4 7 6 14 11 8 13 23 20 25 12 -14 15 28 16 -18 -19 -20 -21 -22 -23 -24 26 -26 -27 -28 -29 29 -31
leaf_value=-0.0090756664778920814 0.00052294548689387833 0.0057449161661788824 -0.0059593435854185381 0.0028606534031685449 0.0045481043959036448 -0.0065247291004168805 0.012484919106075541 -0.00045684334612451503 0.0080335372750647369 0.0076691505307331688 -0.0061165206670761099 -0.0083851456114905892 -0.0053856872949691022 -0.0048943435007240636 0.032039147494174539 -0.0034343435161281383 0.0020873145273653782 0.019299216621508825 0.0029024665365228429 0.0012815209632855832 0.020064769824780525 -0.0018288794173276987 -0.0015010104805696757 0.0039856551372678952 0.028971020197309551 -0.0015530119715840556 -0.0047764092695782891 0.0073182528963778165 0.0051713023072108601 0.030289146182872352
leaf_weight=8923 1448 780 3199 3506 110 2353 979 1525 1773 287 742 5908 1200 2895 6985 601 628 882 124 98 6212 650 552 662 1083 654 230 2203 229 483
leaf_count=8923 1448 780 3199 3506 110 2353 979 1525 1773 287 742 5908 1200 2895 6985 601 628 882 124 98 6212 650 552 662 1083 654 230 2203 229 483
internal_value=-0.000367818 0.0253787 -0.0278533 0.0103648 0.0381198 -0.0347271 0.0146511 -0.0145031 0.0194758 0.0317751 -0.00603721 -0.0300659 -0.0324336 -0.0105924 0.043294 -0.0133195 -0.00417342 0.0245023 -0.0164569 -0.0231474 0.033587 0.00682528 -0.0175985 0.011779 0.0326795 -0.0137045 0.00301003 0.0214308 0.0449169 0.0333333
internal_weight=57904 29898 28006 13729 16169 18482 10885 9524 6729 7279 2844 9559 7108 6325 8890 4800 1229 4064 3571 2451 6499 4156 3447 2665 1193 1396 892 3182 7697 712
internal_count=57904 29898 28006 13729 16169 18482 10885 9524 6729 7279 2844 9559 7108 6325 8890 4800 1229 4064 3571 2451 6499 4156 3447 2665 1193 1396 892 3182 7697 712
is_linear=0
shrinkage=0.05


Tree=4
num_leaves=31
num_cat=0
split_feature=3 3 3 11 3 3 4 11 9 12 8 7 3 13 7 7 6 15 8 9 8 6 9 6 6 7 4 10 15 6
split_gain=15667.5 2116.25 1169.73 305.995 284.049 196.337 133.86 133.305 126.641 95.9697 82.2442 75.0168 68.5231 66.8368 58.7932 58.6285 49.4398 88.7994 48.8354 51.848 47.4602 65.2778 46.9036 41.5218 40.7289 38.6638 36.3532 36.0313 35.8218 33.4934
threshold=7.0389683246612558 5.0068302154541025 9.2593913078308123 5.5499999523162851 3.5550303459167485 5.9461700916290292 7.2850000858306894 3.8500000238418584 7.0650000572204599 0.46173103153705602 0.70785933732986461 0.71541279554367077 7.803765296936036 1.0000000180025095e-35 0.75047916173934948 0.82438889145851146 951.25000000000011 42.500000000000007 0.021515898406505588 10.50500011444092 0.10738035291433336 953.95001220703136 8.1050000190734881 946.54998779296886 943.35000610351574 -0.52458885312080372 6.1250000000000009 0.9238443672657014 44.500000000000007 957.14999389648449
decision_type=2 2 2 2 2 2 2 2 8 2 2 2 2 2 2 2 2 2 2 10 2 2 8 2 2 2 2 2 2 2
left_child=1 4 3 10 16 14 9 24 -5 23 13 22 -10 -2 26 -9 17 -1 -15 -20 -11 -22 28 -4 -7 -8 -3 -14 -6 -24
right_child=2 5 6 8 11 7 25 15 12 20 -12 -13 27 18 -16 -17 -18 -19 19 -21 21 -23 29 -25 -26 -27 -28 -29 -30 -31
leaf_value=-0.0083114665244595383 0.0041667085579494591 -0.00320060103609576 0.014843302542632442 0.0037364777114498428 -0.0065479597685509363 0.0068794124434771956 0.026246950311874975 0.001912477292541881 0.0077582524276812908 0.015421742889201269 0.0071409988050605173 -0.0081418831644934839 0.012075012955358254 0.0003274375801108537 -0.005920389292167965 -0.0030361029767693257 -0.0087052165009902094 -0.0069697998148278567 -0.0069387311632599456 0.0057285890298674341 0.024524689946612343 -0.0010586443205270941 -0.00013429303158773165 0.024119516734657811 -0.0042799724872200759 0.030437190119465815 0.0019559814509324497 0.023984348073184961 -0.0054497363181915713 -0.0058108122752750929
leaf_weight=4153 1258 4305 551 1365 4701 120 1097 4183 1894 468 953 1643 3331 1055 961 775 6825 1130 454 86 106 299 347 5332 1315 5554 188 1211 1989 180
leaf_count=4153 1258 4305 551 1365 4701 120 1097 4183 1894 468 953 1643 3331 1055 961 775 6825 1130 454 86 106 299 347 5332 1315 5554 188 1211 1989 180
internal_value=-0.000583567 -0.0233044 0.0292218 0.0175896 -0.032847 -0.0064082 0.039282 -0.000461082 0.0232578 0.0342553 0.00595644 -0.0260124 0.0261916 0.00169699 -0.0133724 0.00342535 -0.0378354 -0.0340866 -0.00509375 -0.0172477 0.0186219 0.00597561 -0.0237815 0.0365574 -0.0138542 0.0443585 -0.0109493 0.029536 -0.0249141 -0.00930451
internal_weight=57829 32815 25014 11607 20968 11847 13407 6393 7801 6756 3806 8860 6436 2853 5454 4958 12108 5283 1595 540 873 405 7217 5883 1435 6651 4493 4542 6690 527
internal_count=57829 32815 25014 11607 20968 11847 13407 6393 7801 6756 3806 8860 6436 2853 5454 4958 12108 5283 1595 540 873 405 7217 5883 1435 6651 4493 4542 6690 527
is_linear=0
shrinkage=0.05


Tree=5
num_leaves=31
num_cat=0
split_feature=3 3 3 3 11 3 4 14 12 9 9 11 8 15 7 7 13 7 9 7 12 8 12 12 7 8 6 7 11 6
split_gain=14670.9 2036.37 1177.72 288.703 261.138 165.02 151.686 145.859 95.3448 94.4875 72.2882 69.2898 65.1065 60.1101 59.5375 55.6454 54.4244 53.424 51.3107 50.7188 50.1763 49.8289 47.7075 47.6974 47.4017 45.1029 67.0818 43.5585 43.4661 41.162
threshold=7.0389683246612558 5.0068302154541025 9.2593913078308123 3.5550303459167485 4.9500000476837167 5.9461700916290292 7.2850000858306894 4.7550001144409189 0.46173103153705602 7.5350000858306894 7.5950000286102304 6.2500000000000009 0.7266007959842683 49.500000000000007 0.75047916173934948 0.71541279554367077 -0.7865660786628722 0.75047916173934948 5.0250000953674325 -0.94573098421096791 -0.36648726463317866 -0.93779578804969776 -0.53727915883064259 -0.50751903653144825 -0.97013339400291432 0.10738035291433336 953.95001220703136 -0.52458885312080372 6.9500000476837167 946.64999389648449
decision_type=2 2 2 2 2 2 2 10 2 8 8 2 2 2 2 2 2 2 10 2 2 2 2 2 2 2 2 2 2 2
left_child=1 3 4 19 16 14 8 -7 29 13 15 12 -11 20 23 -5 -2 21 -9 24 -6 -18 -21 -3 -1 -10 -27 -8 -25 -4
right_child=2 5 6 10 9 7 27 18 25 11 -12 -13 -14 -15 -16 -17 17 -19 -20 22 -22 -23 -24 28 -26 26 -28 -29 -30 -31
leaf_value=-0.0071458930753019803 0.0071997195447427642 -0.00050691406020690892 0.013267804876896085 -0.0060839784475223875 0.013024996712805707 -0.0030190068899962202 0.025107779269287828 -0.0024190326410137341 0.014391650703041346 0.003215348152726612 -0.0024905563559912136 0.01372126016182313 0.013319158774331328 -0.00022500406205467618 -0.0057297592150577122 -0.0077347890062688099 -0.0035988776168065016 -0.0027585156624183593 0.0026787869784560756 -0.0077699556871165705 0.0044354287464577922 0.0039911854667227607 -0.0082699556759407 -0.0045362758831752588 -0.0041652212813653453 0.025528637310578025 -0.0011664867164618343 0.02891533061349252 -0.0014910962263171687 0.022902045158368071
leaf_weight=881 414 1395 567 6563 507 2190 1104 676 461 1096 711 4949 447 665 956 1633 244 835 3514 3042 1033 1401 7685 2035 418 101 303 5550 1076 5398
leaf_count=881 414 1395 567 6563 507 2190 1104 676 461 1096 711 4949 447 665 956 1633 244 835 3514 3042 1033 1401 7685 2035 418 101 303 5550 1076 5398
internal_value=-0.000687927 -0.0227105 0.0280961 -0.0320828 0.0163979 -0.00613657 0.0381422 -0.000673453 0.0328456 0.0207251 -0.02523 0.0237648 0.014438 0.0117421 -0.0125114 -0.0265577 0.00338048 0.00056338 0.00479142 -0.0371457 0.0171521 0.00578788 -0.038292 -0.0100865 -0.027569 0.0171839 0.00488998 0.0435501 -0.013527 0.0351005
internal_weight=57850 32775 25075 20933 11591 11842 13484 6380 6830 8697 8907 6492 1543 2205 5462 8196 2894 2480 4190 12026 1540 1645 10727 4506 1299 865 404 6654 3111 5965
internal_count=57850 32775 25075 20933 11591 11842 13484 6380 6830 8697 8907 6492 1543 2205 5462 8196 2894 2480 4190 12026 1540 1645 10727 4506 1299 865 404 6654 3111 5965
is_linear=0
shrinkage=0.05


Tree=6
num_leaves=31
num_cat=0
split_feature=3 3 3 11 5 4 3 3 12 11 3 7 11 6 12 7 9 11 10 8 5 12 4 7 6 13 9 12 12 9
split_gain=13900.6 1722.71 1374.17 333.493 197.125 189 175.839 141.476 93.9425 81.4095 77.7622 60.6719 60.1749 59.6324 58.1511 57.4357 58.3895 56.3657 101.941 55.2426 48.4792 48.1519 44.885 42.8427 42.0976 43.7984 41.8189 39.5914 42.0784 39.4116
threshold=6.5327227115631112 9.1580257415771502 4.6653959751129159 4.9500000476837167 1.9016666412353518 7.5050001144409189 7.803765296936036 5.4643654823303232 0.46173103153705602 3.6499999761581425 3.5550303459167485 0.77275362610816967 6.6499998569488534 954.35000610351574 -0.44618082046508784 0.96468064188957225 6.6250000000000009 7.2500000000000009 -0.8703225553035735 0.021515898406505588 4.4216666221618661 -0.5663846731185912 6.3150000572204599 -0.33100557327270502 959.14999389648449 -0.37940952181816096 8.7049999237060565 0.49240480363368994 -0.16504132002592084 9.6050000190734881
decision_type=2 2 2 2 2 2 2 2 2 2 2 2 2 2 2 2 8 2 2 2 2 2 2 2 2 2 8 2 2 8
left_child=2 3 4 9 21 8 14 13 20 -2 -6 22 -10 27 -5 16 -8 -16 -19 -17 24 -1 -9 -20 -3 -26 -12 28 -4 -22
right_child=1 5 7 6 10 -7 15 11 12 -11 26 -13 -14 -15 17 19 -18 18 23 -21 29 -23 -24 -25 25 -27 -28 -29 -30 -31
leaf_value=-0.0073631128386113858 -0.0032376220195185117 0.012295871358916794 -0.0032549041340345572 0.0074628845851508283 -0.0072173901548325398 0.0274695640828179 0.0021892670697681834 -0.0010700361340566249 -0.0021824452128464109 0.0017172620300580088 -0.0057064110794316078 -0.0038245093427879888 0.015700684986581816 -0.0057479170629461682 -0.00045455245019435862 0.010601431270214056 0.013141155646564427 0.00052348926338882803 0.01721562826404081 -0.0027731171524952459 0.015379204731986557 -0.0078564578921436652 0.0045792046280062337 0.0081840423480171957 0.022102121022150551 -0.0018957959296249994 -0.00068505045343682659 -0.00058191035439130107 -0.0049137393454638436 0.024129205328033004
leaf_weight=3103 1301 595 1465 1464 4426 5912 337 4819 218 2550 5246 1116 811 1730 1296 292 4500 1198 439 196 1609 5944 233 497 84 197 239 602 976 4451
leaf_count=3103 1301 595 1465 1464 4426 5912 337 4819 218 2550 5246 1116 811 1730 1296 292 4500 1198 439 196 1609 5944 233 497 84 197 239 602 976 4451
internal_value=-0.000694889 0.0246548 -0.0243897 0.0123197 -0.0325318 0.0371524 0.0170432 -0.0102732 0.0320765 -0.000220436 -0.0276271 -0.00526486 0.0178433 -0.0167329 0.0101858 0.0233302 0.0249793 0.00660844 0.0115942 0.00689655 0.0341738 -0.0378867 -0.00292664 0.0239107 0.0229285 0.00681818 -0.0235974 -0.0124836 -0.0153107 0.0357791
internal_weight=57846 27947 29899 14070 18958 13877 10219 10941 7965 3851 9911 6168 1029 4773 4894 5325 4837 3430 2134 488 6936 9047 5052 936 876 281 5485 3043 2441 6060
internal_count=57846 27947 29899 14070 18958 13877 10219 10941 7965 3851 9911 6168 1029 4773 4894 5325 4837 3430 2134 488 6936 9047 5052 936 876 281 5485 3043 2441 6060
is_linear=0
shrinkage=0.05


Tree=7
num_leaves=31
num_cat=0
split_feature=3 3 3 4 11 3 3 12 7 12 3 7 9 10 14 6 11 7 9 7 8 3 12 11 10 4 3 9 6 6
split_gain=13133.5 1946.27 1012.55 316.88 302.536 173.058 128.186 125.172 84.4355 74.169 73.904 72.9806 68.5975 67.9784 63.9378 63.0066 73.7253 62.1865 51.6041 52.2155 48.9133 47.0489 45.3161 44.4078 115.872 50.8688 41.6627 39.5531 38.44 38.0127
threshold=6.2248933315277108 8.6293497085571307 4.5979831218719491 7.1250000000000009 4.9500000476837167 2.7582964897155766 7.6444153785705575 0.33379416167736059 0.77275362610816967 0.36648726463317877 5.0068302154541025 0.71541279554367077 6.5850000381469735 0.9238443672657014 4.6749999523162851 946.54998779296886 5.9500000476837167 -0.52458885312080372 6.9149999618530282 0.94431108236312877 -0.61794704198837269 3.8853547573089604 -0.52247866988182057 6.9500000476837167 -0.64942333102226246 6.1749999523162851 9.61810350418091 4.9749999046325692 960.35000610351574 953.85000610351574
decision_type=2 2 2 2 2 2 2 2 2 2 2 2 10 2 10 2 2 2 8 2 2 2 2 2 2 2 2 10 2 2
left_child=2 4 5 7 9 -1 27 15 10 14 -4 21 -10 29 -2 16 -3 20 -8 -20 -5 -7 -12 25 -25 -24 -17 28 -6 -9
right_child=1 3 8 17 6 11 18 13 12 -11 22 -13 -14 -15 -16 26 -18 -19 19 -21 -22 -23 23 24 -26 -27 -28 -29 -30 -31
leaf_value=-0.0074636349975364807 -0.0021663803086986498 -0.0052520480742021857 -0.004775385668886311 0.0033897729980807202 -0.0035133203009427173 -0.0064445958366923933 0.0030843506932599187 0.01030160074305226 -0.0062078044954436496 -0.0036836820691506025 -8.8161201084163004e-05 -0.0073395935967108779 -0.0023372816621139826 0.024379651162366425 0.00244634694187916 0.013262051307561902 0.013431286356891635 0.026096085878677001 0.011330469442830589 0.0016824477795658822 0.022818755082410092 -0.0051994856293581734 -0.0041490331575302674 -0.0033920150548770235 0.0051378811020736954 0.0025344153755979511 0.022121317300538568 0.0034747722282202319 0.005044418283683183 0.0047798284985179689
leaf_weight=7122 1484 108 2136 159 440 5554 478 637 1150 923 1716 2324 433 431 1751 2398 607 6217 3154 337 1195 3513 2543 828 602 124 3184 4758 97 1439
leaf_count=7122 1484 108 2136 159 440 5554 478 637 1150 923 1716 2324 433 431 1751 2398 607 6217 3154 337 1195 3513 2543 828 602 124 3184 4758 97 1439
internal_value=-0.000793472 0.022319 -0.0253494 0.0338858 0.0081999 -0.032166 0.0132269 0.0274038 -0.0121002 -0.00300264 -0.00998868 -0.0283126 -0.0226385 0.0178941 0.000570988 0.0311726 0.0170139 0.0414005 0.0200176 0.0221253 0.0314202 -0.0262511 -0.00705569 -0.0099098 -0.00278746 -0.0137163 0.0329694 0.00812264 -0.0047048 0.0140798
internal_weight=57842 29797 28045 16375 13422 18513 9264 8804 9532 4158 7949 11391 1583 2507 3235 6297 715 7571 3969 3491 1354 9067 5813 4097 1430 2667 5582 5295 537 2076
internal_count=57842 29797 28045 16375 13422 18513 9264 8804 9532 4158 7949 11391 1583 2507 3235 6297 715 7571 3969 3491 1354 9067 5813 4097 1430 2667 5582 5295 537 2076
is_linear=0
shrinkage=0.05


Tree=8
num_leaves=31
num_cat=0
split_feature=3 3 3 5 4 3 3 3 11 12 7 7 8 12 5 7 10 11 5 12 6 7 13 10 4 6 12 15 10 5
split_gain=12381.5 1919.43 985.975 325.456 212.961 173.11 170.449 119.304 114.692 91.9802 73.1423 62.7089 61.7819 60.0868 78.4353 52.6031 51.1747 50.8145 50.0889 57.6926 48.3243 47.7914 46.739 62.2456 46.2456 43.9508 42.463 41.7212 41.5018 51.4745
threshold=6.2248933315277108 9.2593913078308123 4.0727694034576425 3.6716667413711552 7.5050001144409189 7.803765296936036 5.0785245895385751 2.6820437908172612 3.4500000476837163 0.36648726463317877 0.89799436926841747 0.87828615307807933 0.021515898406505588 -0.55191597342491139 4.1516666412353525 0.90542393922805797 -0.71322327852249134 6.0499999523162851 3.3449999094009404 -0.53727915883064259 950.85000610351574 -0.55354335904121388 0.12940952181816109 0.9238443672657014 2.6049998998641972 952.95001220703136 0.026175950653851036 37.500000000000007 -0.88697704672813404 3.1616667509078984
decision_type=2 2 2 2 2 2 2 2 2 2 2 2 2 2 2 2 2 2 2 2 2 2 2 2 2 2 2 2 2 2
left_child=2 3 7 8 9 -5 25 -1 26 -3 22 -10 -12 -8 -15 -13 27 -11 19 -9 -6 -18 23 -7 -21 28 -2 -16 -4 -30
right_child=1 4 6 5 20 10 13 18 11 17 12 15 -14 14 16 -17 21 -19 -20 24 -22 -23 -24 -25 -26 -27 -28 -29 29 -31
leaf_value=-0.0070904532476596567 -0.00026500555363459662 0.020111085780137119 -0.0047728444676402876 0.0028749847757205379 0.022969931964484071 0.0095222782970673554 -0.00030198463196855278 -0.0054653868406091379 0.0022760855922100919 0.0015642894265658403 0.0085566136694300698 -0.0063983696973132671 -0.0016787725538932542 -0.0040499505742654851 -0.0036209293889057272 -0.00063473012407042062 0.0074972577585194341 0.015303249356004939 -0.003293922524058435 -0.0069930929112428904 0.0249579480924641 -0.00055420640493827748 0.0089110452635683523 0.02173401498659662 -0.0057455721147261401 -0.005789003474481396 -0.0055610153403228236 0.0025985440918367617 -0.0042708036541939959 9.6515817039451171e-05
leaf_weight=6620 368 5715 1773 5193 1609 2471 1784 2551 2962 364 498 166 432 3236 650 695 277 1500 483 4071 4302 387 2061 807 1604 2577 758 221 1137 621
leaf_count=6620 368 5715 1773 5193 1609 2471 1784 2551 2962 364 498 166 432 3236 650 695 277 1500 483 4071 4302 387 2061 807 1604 2577 758 221 1137 621
internal_value=-0.000942174 0.0214288 -0.0248384 0.00993847 0.0353983 0.0145635 -0.0145051 -0.033367 -0.00077715 0.0298062 0.0201546 0.00335684 0.00716578 -0.00889482 -0.0118195 -0.0084873 -0.0025 0.0200642 -0.0294756 -0.0303973 0.0425372 0.00792227 0.0224083 0.0261346 -0.0332306 -0.0205137 -0.0147657 -0.0104452 -0.0168411 -0.0113443
internal_weight=57893 29901 27992 16411 13490 11462 12663 15329 4949 7579 6269 3823 930 6555 4771 861 1535 1864 8709 8226 5911 664 5339 3278 5675 6108 1126 871 3531 1758
internal_count=57893 29901 27992 16411 13490 11462 12663 15329 4949 7579 6269 3823 930 6555 4771 861 1535 1864 8709 8226 5911 664 5339 3278 5675 6108 1126 871 3531 1758
is_linear=0
shrinkage=0.05


Tree=9
num_leaves=31
num_cat=0
split_feature=5 9 5 5 9 9 5 12 9 12 5 14 5 7 14 10 14 8 12 10 2 8 14 2 9 13 10 4 5 14
split_gain=10534 1882.73 1166.23 714.262 327.76 253.723 182.46 175.364 150.014 116.017 95.0474 79.8025 78.7604 70.2983 67.6003 64.2785 58.8781 53.7164 53.5603 48.306 48.0481 47.6849 47.0749 46.8591 45.7538 45.3524 45.3186 44.357 41.1372 40.8727
threshold=3.5649999380111699 7.6250000000000009 2.5283333063125615 5.5616667270660409 4.9749999046325692 9.8949999809265154 1.9016666412353518 0.44618082046508795 6.2249999046325692 -0.50751903653144825 4.0350000858306894 3.8549998998641972 4.4716665744781503 -0.50248053669929493 4.6749999523162851 0.93038213253021251 4.805000066757203 -0.93168920278549183 -0.53727915883064259 -0.84335932135581959 17.500000000000004 0.85803928971290599 7.3550000190734872 42.500000000000007 3.9150000810623173 0.12940952181816109 0.9170251488685609 6.1749999523162851 1.4583333730697634 6.7349998950958261
decision_type=2 8 2 2 8 10 2 2 10 2 2 8 2 2 8 2 10 2 2 2 2 2 10 2 10 2 2 2 2 10
left_child=2 8 6 7 20 15 18 10 12 19 21 23 -2 29 -10 -5 -11 -18 28 -6 -4 -3 -7 24 -8 -9 -24 -27 -1 -12
right_child=1 3 4 5 9 22 11 25 14 16 13 -13 -14 -15 -16 -17 17 -19 -20 -21 -22 -23 26 -25 -26 27 -28 -29 -30 -31
leaf_value=-0.0067112329461270857 -0.0040030949723374367 0.0027698595796886022 -0.0058753112333130237 0.0089343012494739575 0.0023303411089523082 0.019946258610498358 -0.0066154683807015946 0.0054319287856648309 -0.0029014343602376466 -0.003303427742535055 0.00064756609989241045 -0.0048946849939881252 -6.9458316605208736e-05 0.014062337198043375 0.0034168682252598034 0.021906723527454736 -0.0045401527186914427 0.00017789209233257943 -0.0067359305852766728 -0.0012263042408295491 -0.0045629176427397717 0.0086524167888159722 0.023319291387332824 -0.0050452403157617443 -0.005730048913254778 -0.004047357287155582 0.024043383703282788 0.003130402945491384 -0.0056189310726285167 0.010890432634050179
leaf_weight=1470 2262 1678 1324 2732 1565 784 2332 838 720 3260 491 2540 1629 4765 2857 871 365 1859 6023 926 2112 415 5532 689 2024 642 2182 399 1759 750
leaf_count=1470 2262 1678 1324 2732 1565 784 2332 838 720 3260 491 2540 1629 4765 2857 871 365 1859 6023 926 2112 415 5532 689 2024 642 2182 399 1759 750
internal_value=-0.00104239 0.0198278 -0.0228719 0.0271667 -0.0105247 0.0353337 -0.0312344 0.0172493 -0.00187341 -0.00495614 0.0204405 -0.025448 -0.00866273 0.02364 0.00551368 0.0241547 -0.00901804 -0.00273665 -0.035962 0.00398638 -0.0234234 0.011225 0.0400565 -0.029099 -0.031025 0.00347665 0.0412618 -0.00348948 -0.0306277 0.0129615
internal_weight=57795 29547 28248 22079 11411 12101 16837 9978 7468 7975 8099 7585 3891 6006 3577 3603 5484 2224 9252 2491 3436 2093 8498 5045 4356 1879 7714 1041 3229 1241
internal_count=57795 29547 28248 22079 11411 12101 16837 9978 7468 7975 8099 7585 3891 6006 3577 3603 5484 2224 9252 2491 3436 2093 8498 5045 4356 1879 7714 1041 3229 1241
is_linear=0
shrinkage=0.05


Tree=10
num_leaves=31
num_cat=0
split_feature=3 3 3 11 3 11 3 10 3 3 7 10 12 13 11 5 7 7 6 12 6 7 12 9 7 12 5 10 5 5
split_gain=11069.1 1624.74 1136.45 247.713 214.732 211.25 141.059 103.655 97.1586 93.1025 82.5398 71.3363 71.83 66.1048 61.781 61.0838 56.3745 77.3252 61.6249 54.6586 55.6174 53.7098 49.6176 49.0111 48.5588 46.8962 58.0862 56.1569 48.9107 45.1726
threshold=6.410985231399537 9.2593913078308123 3.8853547573089604 4.9500000476837167 5.3471643924713144 7.0499999523162851 7.803765296936036 0.9170251488685609 2.5539633035659794 11.345144748687746 0.71541279554367077 0.9238443672657014 -0.3172925859689712 0.60355338454246532 3.6499999761581425 2.5283333063125615 0.98049062490463268 0.99372953176498424 959.95001220703136 0.49240480363368994 946.95001220703136 -0.52458885312080372 -0.63605400919914235 4.305000066757203 -0.94573098421096791 -0.44618082046508784 2.2983332872390752 -0.3172925859689712 3.4516667127609257 5.0750000476837167
decision_type=2 2 2 2 2 2 2 2 2 2 2 2 2 2 2 2 2 2 2 2 2 2 2 8 2 2 2 2 2 2
left_child=2 3 8 14 10 19 -5 9 -1 -7 25 12 -8 -13 -2 -6 21 18 -18 20 -3 -11 -10 24 -24 -4 -27 -28 -29 -15
right_child=1 5 4 6 15 7 11 -9 22 16 -12 13 -14 29 -16 -17 17 -19 -20 -21 -22 -23 23 -25 -26 26 27 28 -30 -31
leaf_value=-0.0063991340560128401 -0.0024693842078329351 -0.0020402433671437891 -0.0029173250873711673 0.00306842308216322 -0.005229059117043397 0.014923241339164634 0.01312834366886142 0.022841214518118647 -0.0048369445634189887 0.021914119777928683 -0.0058184624596939322 0.019358876575344915 0.0048579020312562449 -0.0039769731698342265 0.0015566952627117923 -0.00097458966314858128 -0.0045978252370244832 0.022736659594989495 0.021161779233597425 -0.0011077490477939531 0.013641233214246368 0.022460752864613777 -0.0043054565766927613 -0.0055035863949118025 -0.0063184624485180616 -0.0064691666773003132 -0.0040764427249785759 -0.0043670481338565015 -1.1475533488713303e-05 0.016778595871390977
leaf_weight=5962 1457 144 2477 5268 807 3664 1601 2916 2088 642 1610 1070 2791 148 2806 5338 153 229 82 222 2280 3062 468 1574 4098 1077 2019 884 810 160
leaf_count=5962 1457 144 2477 5268 807 3664 1601 2916 2088 642 1610 1070 2791 148 2806 5338 153 229 82 222 2280 3062 468 1574 4098 1077 2019 884 810 160
internal_value=-0.000997203 0.0210575 -0.0226615 0.00992095 -0.0130698 0.0337712 0.013873 0.036892 -0.0328073 0.0338395 -0.0180421 0.0192727 0.0161246 0.0292119 -0.000316307 -0.00587805 0.0389887 0.0221748 0.001875 0.0210487 0.0232194 0.0410623 -0.029236 -0.0315216 -0.034172 -0.0157522 -0.0186444 -0.0156401 -0.00888758 0.0086262
internal_weight=57907 28695 29212 15301 15022 13394 11038 10748 14190 7832 8877 5770 4392 1378 4263 6145 4168 464 235 2646 2424 3704 8228 6140 4566 7267 4790 3713 1694 308
internal_count=57907 28695 29212 15301 15022 13394 11038 10748 14190 7832 8877 5770 4392 1378 4263 6145 4168 464 235 2646 2424 3704 8228 6140 4566 7267 4790 3713 1694 308
is_linear=0
shrinkage=0.05


Tree=11
num_leaves=31
num_cat=0
split_feature=5 5 9 5 9 9 5 12 9 12 6 5 12 11 12 10 14 8 8 6 15 8 6 14 8 2 12 6 4 4
split_gain=9467.16 1701.57 1261.83 423.574 422.631 240.937 221.965 131.043 127.739 111.822 103.815 83.6288 80.1129 76.5826 72.6054 68.2273 67.2743 65.7595 64.8418 67.1806 62.533 58.333 55.5374 50.5946 50.2646 49.9294 41.9857 41.7143 41.6937 40.7901
threshold=3.9616667032241826 2.5916665792465214 8.4549999237060565 6.1483333110809335 5.1949999332427987 7.1549999713897714 1.9216666221618655 0.36648726463317877 10.204999923706056 0.44618082046508795 948.95001220703136 3.1616667509078984 -0.28400452435016627 6.3500001430511483 -0.52247866988182057 0.9170251488685609 7.4449999332427987 0.93168920278549205 -1.0000000180025095e-35 956.04998779296886 34.500000000000007 0.88933694362640392 950.85000610351574 5.9249999523162851 0.99805629253387462 42.500000000000007 -0.71322327852249134 954.04998779296886 7.8550000190734872 2.9050000905990605
decision_type=2 2 10 2 8 8 2 2 10 2 2 2 2 2 2 2 8 2 2 2 2 2 2 10 2 2 2 2 2 2
left_child=1 6 5 9 25 17 14 11 -5 10 -4 29 -8 -12 -1 16 21 18 23 -20 -14 -7 -10 -2 -19 26 -3 -11 -24 -6
right_child=2 4 3 8 7 15 12 -9 22 27 13 -13 20 -15 -16 -17 -18 24 19 -21 -22 -23 28 -25 -26 -27 -28 -29 -30 -31
leaf_value=-0.0057283426511772588 -0.0026804383460528099 -0.0017544399116203745 0.0053224224342695598 0.012832683876873177 0.001697933903835109 0.00027338341661565515 -0.0041367062573609906 -0.0029406659477157304 0.020595447481582291 0.0084987253010104236 0.010267613443066762 0.0020261136318422239 -0.0059561824520195971 0.017366207286251472 -0.006079177353212198 0.01443846627432838 0.0090297545902401008 -0.0066967019422356101 0.0042549223439128647 -0.0035669058052923484 -0.0055707847483162523 0.0089175814938204367 0.021040616570592741 0.00062779064373671154 0.0032531023717038672 -0.0011565588525247125 -0.0048420481950620861 0.0014292415465032183 0.021587714982964509 -0.0017158935432356811
leaf_weight=3397 1132 299 1228 2089 656 1516 3451 2374 1867 711 1949 4808 1689 3224 6123 953 1552 420 1272 262 2880 215 1765 1349 97 369 3508 934 3115 2616
leaf_count=3397 1132 299 1228 2089 656 1516 3451 2374 1867 711 1949 4808 1689 3224 6123 953 1552 420 1272 262 2880 215 1765 1349 97 369 3508 934 3115 2616
internal_value=-0.00123303 -0.0192976 0.0214227 0.0294132 -0.00670311 0.00602986 -0.0297977 -0.001329 0.0369755 0.0210905 0.024079 0.00170686 -0.0236386 0.0271823 -0.0349711 0.0145956 0.0111466 -0.00198369 0.000186567 0.00825211 -0.0279952 0.00434908 0.0403362 -0.00480692 -0.0186782 -0.0201387 -0.0218389 0.00942424 0.0431934 -0.00445529
internal_weight=57820 32170 25650 16882 14630 8768 17540 10454 8836 8046 6401 8080 8020 5173 9520 4236 3283 4532 4015 1534 4569 1731 6747 2481 517 4176 3807 1645 4880 3272
internal_count=57820 32170 25650 16882 14630 8768 17540 10454 8836 8046 6401 8080 8020 5173 9520 4236 3283 4532 4015 1534 4569 1731 6747 2481 517 4176 3807 1645 4880 3272
is_linear=0
shrinkage=0.05


Tree=12
num_leaves=31
num_cat=0
split_feature=5 5 4 14 14 6 5 15 4 10 4 12 5 15 12 12 10 12 8 15 6 12 4 12 6 8 8 11 2 15
split_gain=9140.19 1667.72 1224.7 324.975 240.124 206.861 182.049 157.7 136.482 125.569 124.033 93.1095 89.561 85.091 84.7558 76.3629 69.4393 70.325 66.6913 66.1337 84.2543 65.8934 65.764 62.2354 61.8499 60.5129 59.944 59.4782 56.7269 50.7151
threshold=4.0116667747497567 2.5283333063125615 6.5650000572204599 6.9749999046325692 5.305000066757203 949.54998779296886 1.9016666412353518 24.500000000000004 7.8550000190734872 0.87032255530357372 3.745000004768372 0.47714059054851538 5.5950000286102304 28.500000000000004 -0.28400452435016627 -0.46173103153705591 -0.96811076998710621 0.33379416167736059 -0.20061247795820233 74.500000000000014 960.45001220703136 -0.07845610752701758 3.304999947547913 -0.58068084716796864 951.04998779296886 -0.62132811546325672 -0.93779578804969776 7.1499998569488534 40.500000000000007 35.500000000000007
decision_type=2 2 2 10 10 2 2 2 2 2 2 2 2 2 2 2 2 2 2 2 2 2 2 2 2 2 2 2 2 2
left_child=1 6 3 9 7 12 23 -3 18 13 24 -11 -4 -2 -8 -6 21 19 -7 -18 -21 -5 -17 -1 25 -9 -24 -13 -26 -16
right_child=2 4 5 16 15 8 14 10 -10 11 -12 27 -14 -15 29 22 17 -19 -20 20 -22 -23 26 -25 28 -27 -28 -29 -30 -31
leaf_value=-0.0054762196520915813 -0.0026734768002324031 -0.0048535951061250615 0.0014364707972678332 0.0080857434879260601 0.0020681591536793457 0.019897120698706579 -0.0040397127119226293 0.0034493970334625898 0.020424995979955809 0.009379670003559654 -0.0010198561366705967 -0.0031022268327023624 0.015513970215400845 0.0010637697421136461 -0.0056968028206886463 -0.0033568144862621192 0.015443823703452417 0.0063463902410234169 0.016740328737888194 0.00030251536876337861 0.01495850872797589 0.00067774411561209865 -0.0044289148156400121 -0.005775218485551588 -0.0046395273578353768 -0.003250512900918798 0.0011324179260863488 0.0051050661692370169 -0.00021977484582791709 -0.0053770472555976605
leaf_weight=3105 1546 1830 584 1314 2547 2015 3284 351 3812 1385 3829 765 2181 1803 1610 1225 2889 1524 2639 519 298 1026 359 6197 2077 870 2337 912 364 2672
leaf_count=3105 1546 1830 584 1314 2547 2015 3284 351 3812 1385 3829 765 2181 1803 1610 1225 2889 1524 2639 519 298 1026 359 6197 2077 870 2337 912 364 2672
internal_value=-0.00128642 -0.018745 0.0213269 0.0114436 -0.00706281 0.0336196 -0.0296746 -0.0121971 0.0375044 0.00315617 -0.00897145 0.0104663 0.0216787 -0.00353309 -0.0238806 0.000339873 0.0184554 0.0216619 0.0316806 0.025384 0.0127129 0.011258 -0.00403719 -0.034372 -0.015544 -0.00632137 0.00033321 0.00252675 -0.0201349 -0.0285281
internal_weight=57869 32657 25212 13981 15789 11231 16868 9321 8466 6411 7491 3062 2765 3349 7566 6468 7570 5230 4654 3706 817 2340 3921 9302 3662 1221 2696 1677 2441 4282
internal_count=57869 32657 25212 13981 15789 11231 16868 9321 8466 6411 7491 3062 2765 3349 7566 6468 7570 5230 4654 3706 817 2340 3921 9302 3662 1221 2696 1677 2441 4282
is_linear=0
shrinkage=0.05


Tree=13
num_leaves=31
num_cat=0
split_feature=3 3 3 4 5 3 11 10 12 12 14 12 6 10 3 15 4 13 8 8 5 12 5 6 8 13 7 9 3 11
split_gain=9435.25 1532.3 1133.66 228.931 193.546 172.975 162.518 99.5697 91.8235 90.4079 86.3253 82.1049 79.7518 79.0045 78.0672 68.2138 59.5301 59.0941 58.5933 58.0485 53.8084 52.342 60.6997 50.639 49.4792 62.1861 46.8352 45.2682 45.2444 43.1882
threshold=7.0389683246612558 4.5264539718627939 9.5731167793273944 7.6150000095367441 1.9016666412353518 5.9461700916290292 5.3500001430511483 0.93038213253021251 -0.41467745602130884 0.33379416167736059 4.7550001144409189 -0.58068084716796864 950.85000610351574 0.9170251488685609 3.5550303459167485 35.500000000000007 4.8150000572204599 0.60355338454246532 0.70785933732986461 -0.17552985996007917 5.808333396911622 -0.53727915883064259 2.5516666173934941 958.85000610351574 0.021515898406505588 0.60355338454246532 -0.94573098421096791 5.0250000953674325 8.0187354087829608 5.0499999523162851
decision_type=2 2 2 2 2 2 2 2 2 2 10 2 2 2 2 2 2 2 2 2 2 2 2 2 2 2 2 10 2 2
left_child=1 4 6 9 11 21 18 8 -8 23 -7 -1 20 29 15 26 -10 -9 24 -17 -5 -3 -23 -4 -2 -26 -6 -12 -18 -11
right_child=2 5 3 12 14 10 7 17 16 13 27 -13 -14 -15 -16 19 28 -19 -20 -21 -22 22 -24 -25 25 -27 -28 -29 -30 -31
leaf_value=-0.0051957888944199173 0.0016309440975934939 -0.0013875516889026705 0.015010028896237676 -0.0010265228131021459 -0.0034683366178456516 -0.0024009994657805248 0.010554237701534529 0.016987642822820542 -0.00012468442996923373 -0.0051218757768093388 -0.0024590004640107238 -0.0054864575612740092 0.019382056228108915 0.019691746794870554 -0.0040998239620862534 -0.003088514955077028 0.0016317520186053661 0.0038297620955897883 0.0048994587102641771 -0.0054971007628462545 0.018711091816226332 -0.0051976229071065867 -0.0024595482377924058 0.019330216482512624 0.00027413710813966252 -0.0066749390403649444 -0.0053307592067238785 0.0019870972038395448 0.0078184964625388521 0.0072528234830399165
leaf_weight=3048 1899 2420 3295 92 502 2209 2290 1502 1302 108 662 5860 3928 454 4649 740 1186 402 960 1201 1369 1628 4443 1400 554 390 1984 3522 2454 1409
leaf_count=3048 1899 2420 3295 92 502 2209 2290 1502 1302 108 662 5860 3928 454 4649 740 1186 402 960 1201 1369 1628 4443 1400 554 390 1984 3522 2454 1409
internal_value=-0.00114227 -0.0187479 0.0220089 0.033039 -0.0285675 -0.00687756 0.0117236 0.0153375 0.0126434 0.0268026 -0.00066427 -0.0338158 0.0407212 0.0177379 -0.0234005 -0.0281701 0.00879321 0.0255107 0.00303309 -0.0210432 0.0305252 -0.0115525 -0.0140306 0.0305851 -0.000579354 -0.00990516 -0.0336813 0.00355693 0.0120713 0.0121879
internal_weight=57862 32868 24994 12055 17984 14884 12939 9136 7232 6666 6393 8908 5389 1971 9076 4427 4942 1904 3803 1941 1461 8491 6071 4695 2843 944 2486 4184 3640 1517
internal_count=57862 32868 24994 12055 17984 14884 12939 9136 7232 6666 6393 8908 5389 1971 9076 4427 4942 1904 3803 1941 1461 8491 6071 4695 2843 944 2486 4184 3640 1517
is_linear=0
shrinkage=0.05


Tree=14
num_leaves=31
num_cat=0
split_feature=3 3 3 3 3 10 5 3 11 14 10 12 3 9 12 5 12 9 7 8 7 15 7 12 7 8 7 11 11 8
split_gain=8983.8 1703.15 910.355 253.278 239.009 148.109 143.764 124.062 107.724 97.0197 87.757 69.2129 59.2276 55.6138 55.0407 64.7859 54.9501 54.2993 49.9862 106.405 58.7715 44.7215 50.348 44.4775 44.2082 63.3324 41.465 39.7377 39.5348 38.8763
threshold=6.2248933315277108 9.5731167793273944 3.9886111021041875 7.803765296936036 11.437604904174806 0.9170251488685609 2.2150000333786015 2.6820437908172612 5.5499999523162851 4.7550001144409189 0.9238443672657014 0.33379416167736059 5.0068302154541025 5.0250000953674325 -0.63605400919914235 3.3649998903274541 -0.3172925859689712 4.305000066757203 0.98049062490463268 -0.10296135023236273 -0.52458885312080372 31.500000000000004 0.88234141469001781 -0.16504132002592084 -0.94573098421096791 -0.23416947573423383 0.77275362610816967 5.0499999523162851 6.8500001430511483 0.54162281751632702
decision_type=2 2 2 2 2 2 2 2 2 10 2 2 2 10 2 2 2 8 2 2 2 2 2 2 2 2 2 2 2 2
left_child=2 3 7 9 5 11 23 24 21 -2 16 -3 -8 -11 -9 17 -10 -16 20 -20 29 -5 -23 -4 25 -1 -14 -13 -12 -6
right_child=1 4 6 8 18 -7 12 14 10 13 28 27 26 -15 15 -17 -18 -19 19 -21 -22 22 -24 -25 -26 -27 -28 -29 -30 -31
leaf_value=0.0026479409566361072 -0.0020653413346997302 0.0127849572656977 -0.0042810909728486493 -0.002648910129225085 0.0056608881218969346 0.018311978311560655 -0.0031727974934421289 -0.0036328659247729031 0.011048048293144706 -0.0028697606400929208 0.007456244169896026 -0.0046053366974899233 -0.0012465141280717366 0.0025737041123621348 -0.0051439050034544354 -0.0020370019005274327 0.004646920848269581 -0.004504666337110776 -0.0072263098129314533 0.01800441304847546 0.018517976623413042 0.0048940788248735996 -0.00099371374006774495 -0.0053873678213550123 -0.005212134683210308 -0.0045182545011846756 -0.0032980958515793734 0.0063128796694172651 0.018079890725127862 0.019366348104314115
leaf_weight=109 2471 3413 1135 321 228 1897 4404 2072 1740 636 341 113 5501 6022 4155 390 2855 1610 106 444 4322 1569 618 1101 5923 559 1033 1185 1198 408
leaf_count=109 2471 3413 1135 321 228 1897 4404 2072 1740 636 341 113 5501 6022 4155 390 2855 1610 106 444 4322 1569 618 1101 5923 559 1033 1185 1198 408
internal_value=-0.00109961 0.017963 -0.0214523 0.00810362 0.0324148 0.025964 -0.0118825 -0.0299535 0.0142362 0.00229363 0.0178042 0.0211726 -0.00951293 0.00543299 -0.02582 -0.0282062 0.0143152 -0.0295407 0.0401233 0.0254054 0.0417288 0.00549144 0.00805201 -0.023427 -0.0350894 -0.0225854 -0.00648417 0.0112817 0.0281412 0.0271451
internal_weight=57879 29887 27992 17771 12116 6608 13174 14818 8642 9129 6134 4711 10938 6658 8227 6155 4595 5765 5508 550 4958 2508 2187 2236 6591 668 6534 1298 1539 636
internal_count=57879 29887 27992 17771 12116 6608 13174 14818 8642 9129 6134 4711 10938 6658 8227 6155 4595 5765 5508 550 4958 2508 2187 2236 6591 668 6534 1298 1539 636
is_linear=0
shrinkage=0.05


Tree=15
num_leaves=31
num_cat=0
split_feature=3 3 3 3 3 10 5 3 11 11 10 12 12 7 8 5 7 9 7 12 8 12 9 8 9 3 11 6 12 10
split_gain=8455.3 1840.2 722.952 273.548 239.597 152.255 122.859 113.005 110.712 89.9116 75.2711 70.9368 63.9519 59.8957 78.2538 56.5795 55.8858 55.5537 55.9225 53.525 50.3018 47.7848 47.6684 47.0137 44.7077 45.3228 44.6857 45.6754 43.1132 42.8876
threshold=5.9461700916290292 9.5140938758850115 3.8853547573089604 7.803765296936036 11.437604904174806 0.90992662310600292 2.2150000333786015 2.5539633035659794 3.8500000238418584 5.5499999523162851 0.9238443672657014 0.39873388409614569 -0.63605400919914235 0.78354993462562572 0.073094449937343611 5.7716667652130136 -0.52458885312080372 4.305000066757203 -0.94000589847564686 -0.16504132002592084 0.12447811290621759 0.061046212911605842 7.6250000000000009 0.70785933732986461 8.6649999618530291 5.0068302154541025 9.0500001907348651 949.35000610351574 -0.41467745602130884 -0.98624804615974415
decision_type=2 2 2 2 2 2 2 2 2 2 2 2 2 2 2 2 2 8 2 2 2 2 10 2 8 2 2 2 2 2
left_child=2 3 7 8 5 11 19 -1 21 23 28 -3 -9 29 22 20 -17 18 -14 -4 -6 -2 -15 -5 25 -8 27 -7 -11 -10
right_child=1 4 6 9 15 26 24 12 13 10 -12 -13 17 14 -16 16 -18 -19 -20 -21 -22 -23 -24 -25 -26 -27 -28 -29 -30 -31
leaf_value=-0.0049515279490497935 -0.00010320811859630131 0.011810425828186089 -0.004041795836991555 0.00042513054310736601 0.014898465332643523 0.0052429377051931699 -0.0033003955881118069 -0.0036675831216703781 -0.00049450859535996039 0.010709664525647889 0.015437761717348378 0.0036052973141338903 -0.0029829577387319537 -0.0018530226753163681 -0.0050760631705417435 0.017576914378372496 0.017620183347630127 -0.0042654486428762711 -0.004931459641282639 -0.0050699680993442162 -0.0017050764964384848 -0.0035571263996909096 0.0061807672395574826 0.0053227649638968953 0.00016820021317762309 -0.0019530689699420853 0.017902029110169287 0.016309059361230487 0.0050040746048834522 0.0031134167174226542
leaf_weight=5917 921 3813 1287 1813 267 174 4477 2042 1533 1385 1480 852 481 519 657 637 4410 1571 4063 1226 135 1150 336 641 744 4550 1100 911 3093 5557
leaf_count=5917 921 3813 1287 1813 267 174 4477 2042 1533 1385 1480 852 481 519 657 637 4410 1571 4063 1226 135 1150 336 641 744 4550 1100 911 3093 5557
internal_value=-0.00111348 0.0164198 -0.0219892 0.00669722 0.0314979 0.0252371 -0.0131174 -0.0297251 0.00138134 0.0134371 0.0167533 0.0200964 -0.0258699 0.00388056 -0.00514173 0.0393381 0.0407858 -0.0284395 -0.0312596 -0.0229746 0.0208845 -0.00898362 0.00482558 0.00536804 -0.0105718 -0.0115423 0.0361416 0.0286697 0.0134954 0.00580691
internal_weight=57742 31384 26358 19085 12299 6850 12284 14074 10673 8412 5958 4665 8157 8602 1512 5449 5047 6115 4544 2513 402 2071 855 2454 9771 9027 2185 1085 4478 7090
internal_count=57742 31384 26358 19085 12299 6850 12284 14074 10673 8412 5958 4665 8157 8602 1512 5449 5047 6115 4544 2513 402 2071 855 2454 9771 9027 2185 1085 4478 7090
is_linear=0
shrinkage=0.05


Tree=16
num_leaves=31
num_cat=0
split_feature=3 3 3 4 3 5 3 13 6 10 7 10 12 3 14 12 12 4 7 5 2 15 5 15 13 5 7 3 6 12
split_gain=8088.65 1523.84 992.279 259.42 184.447 182.729 112.158 104.675 100.988 94.5257 91.8635 85.8482 90.2026 81.1575 77.1703 65.338 61.039 62.4137 51.2627 49.3284 48.1986 47.4901 47.2596 46.6315 43.5523 42.524 40.9242 40.7601 40.3013 68.3088
threshold=6.410985231399537 9.5731167793273944 3.8853547573089604 7.6150000095367441 7.803765296936036 2.2150000333786015 2.5539633035659794 -1.0000000180025095e-35 950.85000610351574 0.90992662310600292 0.68472337722778331 0.90992662310600292 0.30069434642791754 5.5040924549102792 4.805000066757203 -0.16504132002592084 -0.63605400919914235 2.6049998998641972 -0.79148143529891957 5.808333396911622 42.500000000000007 75.500000000000014 3.1616667509078984 44.500000000000007 -0.6035533845424651 3.495000004768372 -0.38713158667087549 11.345144748687746 957.04998779296886 0.53727915883064281
decision_type=2 2 2 2 2 2 2 2 2 2 2 2 2 2 10 2 2 2 2 2 2 2 2 2 2 2 2 2 2 2
left_child=2 4 6 11 14 15 18 9 19 -6 28 12 27 20 21 -4 -8 25 23 -5 -7 24 -22 -1 -2 -18 -26 -3 29 -9
right_child=1 3 5 8 7 13 16 10 -10 -11 -12 -13 -14 -15 -16 -17 17 -19 -20 -21 22 -23 -24 -25 26 -27 -28 -29 -30 -31
leaf_value=-0.0043295178655514332 0.0036582938806741213 0.011555188111003509 -0.0037829626489704546 -0.0014913427887843196 0.0056471634687190343 -0.0030155737502838582 -0.0035923525001683651 0.0032369508330695688 0.01666024636530138 0.014788843373715466 -0.0012983881922683392 0.016766489507027499 0.0058729764527017496 -0.00074128103844001223 0.0021646305122317677 -0.0048398513539763864 -0.0046953279700963123 -0.0038348050919250034 -0.0047039515515973039 0.015970002389525551 -0.0015654386858488939 -0.0061277846129857549 0.0060238519802125468 -0.00035707868448297338 0.0014709767568337265 0.00010020907616338504 -0.0040958916651658668 0.016051936475572248 0.013598292944866593 0.015767847610388418
leaf_weight=1075 539 2519 1303 90 3078 6405 2078 2107 3907 1215 1290 1616 1598 5064 5842 1270 4364 1677 4659 1404 859 290 116 189 400 105 880 942 688 326
leaf_count=1075 539 2519 1303 90 3078 6405 2078 2107 3907 1215 1290 1616 1598 5064 5842 1270 4364 1677 4659 1404 859 290 116 189 400 105 880 942 688 326
internal_value=-0.00111658 0.0177112 -0.0196647 0.0312309 0.00790216 -0.0107076 -0.0291655 0.0129292 0.0393914 0.0184853 0.00750679 0.0246033 0.0213566 -0.00819343 0.00239442 -0.0228278 -0.0253494 -0.0278654 -0.0344383 0.0281521 -0.0115369 -0.0057947 -0.00117347 -0.0252955 -0.00276864 -0.0309678 -0.0077821 0.0258944 0.0121401 0.00908532
internal_weight=57895 28731 29164 12076 16655 15017 14147 8704 5401 4293 4411 6675 5059 12444 7951 2573 8224 6146 5923 1494 7380 2109 975 1264 1819 4469 1280 3461 3121 2433
internal_count=57895 28731 29164 12076 16655 15017 14147 8704 5401 4293 4411 6675 5059 12444 7951 2573 8224 6146 5923 1494 7380 2109 975 1264 1819 4469 1280 3461 3121 2433
is_linear=0
shrinkage=0.05


Tree=17
num_leaves=31
num_cat=0
split_feature=3 3 3 3 3 4 5 13 10 9 12 5 12 12 5 10 11 6 6 6 10 12 13 10 12 9 6 10 4 5
split_gain=7650.19 1359.6 1134.36 242.089 189.568 172.441 106.33 103.222 100.043 91.4367 79.4484 84.3799 65.1132 64.3282 95.9278 97.3088 61.2991 59.285 58.6705 57.2743 54.9211 69.5874 54.7002 56.8639 51.997 50.0465 49.3941 42.5979 43.7506 42.2421
threshold=7.0769739151000985 4.5979831218719491 10.401395797729494 2.5539633035659794 8.8769507408142108 7.7850000858306894 2.6950000524520878 0.37940952181816107 0.9238443672657014 4.305000066757203 -0.63605400919914235 3.3449999094009404 0.44618082046508795 -0.53727915883064259 4.9516665935516366 -0.58068084716796864 8.5500001907348651 950.85000610351574 943.35000610351574 954.64999389648449 0.9170251488685609 -0.14780378341674802 0.37940952181816107 -0.78257837891578663 -0.33379416167736048 10.305000305175783 953.85000610351574 0.94828754663467418 6.5650000572204599 5.1716666221618661
decision_type=2 2 2 2 2 2 2 2 2 8 2 2 2 2 2 2 2 2 2 2 2 2 2 2 2 8 2 2 2 2
left_child=1 3 4 -1 7 12 22 20 24 10 18 -12 29 -8 27 -16 19 -7 -5 -10 21 -2 23 -3 -6 -26 -14 28 -15 -4
right_child=2 6 5 9 8 17 13 -9 16 -11 11 -13 26 14 15 -17 -18 -19 -20 -21 -22 -23 -24 -25 25 -27 -28 -29 -30 -31
leaf_value=-0.0044687539740174377 0.007137323078512667 0.0005853772090369261 0.0098159384691203725 -0.0048340560445537363 0.011999789844986947 0.015670128630549424 0.0010707576347960678 0.00025901992686856029 0.0024270707320104669 -0.0034687364010744745 -0.0044607601174337678 -0.0026455267505128125 0.015412538885316924 -0.0022317005617755819 -0.0012586980376375623 0.007529747523409693 0.017013604813672163 0.015822828608123073 -0.0025573524889452495 0.015167878907079688 0.0089846353673920833 0.00114944198064348 -0.0043886245581662032 -0.0032361486814479166 0.0026525623321368239 0.0079833671386981137 -0.0005140390891076041 0.00036020152477916553 0.0044203198965400052 0.015543244277362235
leaf_weight=5950 2102 808 553 373 1097 1117 2764 3318 395 4731 5438 641 203 5629 811 577 895 3324 1382 418 1532 2598 1660 1044 1949 1894 321 1150 120 3137
leaf_count=5950 2102 808 553 373 1097 1117 2764 3318 395 4731 5438 641 203 5629 811 577 895 3324 1382 418 1532 2598 1660 1044 1949 1894 321 1150 120 3137
internal_value=-0.00104857 -0.0167971 0.0199111 -0.0257856 0.0120965 0.0345208 -0.0053645 0.00757718 0.0185781 -0.0218337 -0.0251563 -0.0278682 0.0272102 -0.00295315 -0.00515557 0.00681981 0.0290134 0.0414193 -0.0157102 0.0188875 0.0113676 0.00867163 -0.0129372 -0.00700054 0.0149444 0.0121752 0.010586 -0.00756808 -0.00932395 0.0295535
internal_weight=57931 33078 24853 18515 16198 8655 14563 9550 6648 12565 7834 6079 4214 11051 8287 1388 1708 4441 1755 813 6232 4700 3512 1852 4940 3843 524 6899 5749 3690
internal_count=57931 33078 24853 18515 16198 8655 14563 9550 6648 12565 7834 6079 4214 11051 8287 1388 1708 4441 1755 813 6232 4700 3512 1852 4940 3843 524 6899 5749 3690
is_linear=0
shrinkage=0.05


Tree=18
num_leaves=31
num_cat=0
split_feature=3 3 3 3 4 5 11 3 10 11 3 12 10 12 12 7 8 6 9 12 6 11 8 7 8 4 7 13 4 13
split_gain=7183.63 1480.74 949.806 276.889 177.53 162.69 130.753 114.559 113.209 85.6028 81.2486 77.3469 76.5411 76.8011 70.7212 67.2113 99.5201 60.7753 60.2014 59.9642 59.4032 49.1881 48.0012 47.8236 47.0684 43.3846 43.3111 40.7131 43.8657 39.5997
threshold=6.410985231399537 10.401395797729494 3.710860133171082 8.2786192893981951 7.7850000858306894 2.2150000333786015 3.8500000238418584 2.5539633035659794 0.9238443672657014 9.3499999046325701 5.0068302154541025 -0.3172925859689712 0.9170251488685609 0.2503704726696015 -0.14780378341674802 0.78354993462562572 0.073094449937343611 954.64999389648449 10.25500011444092 -0.63605400919914235 951.14999389648449 8.5500001907348651 0.96527305245399486 -0.94573098421096791 -0.23416947573423383 2.6049998998641972 -0.39505837857723231 -1.0000000180025095e-35 6.1250000000000009 0.37940952181816107
decision_type=2 2 2 2 2 2 2 2 2 2 2 2 2 2 2 2 2 2 8 2 2 2 2 2 2 2 2 2 2 2
left_child=2 3 7 6 12 14 26 23 11 17 -7 -5 13 -3 -4 29 -17 -10 -13 -9 21 -6 -19 24 -1 -21 -2 -12 -29 -8
right_child=1 4 5 8 20 10 15 19 9 -11 27 18 -14 -15 -16 16 -18 22 -20 25 -22 -23 -24 -25 -26 -27 -28 28 -30 -31
leaf_value=0.0030044119391818124 0.0023452728860371731 0.01431248034889175 -0.0032789601050752073 0.010710772606830994 -0.00086606909008254962 -0.002690884617131982 0.0044742002567152968 -0.0032343348961271184 0.0027649381265116347 0.016119783422211903 -0.00025162194225999485 0.0017607395417882589 0.015440489781808521 0.0082707887130355883 -0.0043405907134623735 0.0027475766461424163 -0.0053947389114779865 0.015751151303030012 0.0068237872104859321 -0.0042194854190681043 0.015003581622329183 0.015000821315299673 -0.003494940078223624 -0.0042453162753165663 -0.0033746783725591327 -0.0034739201734517071 -0.0033957743981242977 -0.0026489857851312252 0.0023772729689417213 0.0010761062343563805
leaf_weight=97 342 2141 1642 1805 87 5345 4914 1802 679 981 3716 3169 817 1295 1491 952 705 600 2207 3952 3213 1086 89 5295 484 1331 1258 3758 217 2291
leaf_count=97 342 2141 1642 1805 87 5345 4914 1802 679 981 3716 3169 817 1295 1491 952 705 600 2207 3952 3213 1086 89 5295 484 1331 1258 3758 217 2291
internal_value=-0.00120919 0.0165753 -0.0186889 0.00909636 0.0338674 -0.0106003 0.0034776 -0.0287714 0.0152596 0.0247876 -0.00813588 0.0121277 0.0265265 0.0231909 -0.0208254 0.00585316 -0.00321901 0.016606 0.00910611 -0.0244499 0.0409474 0.0310272 0.0270173 -0.0339568 -0.0200512 -0.0271464 -0.00965732 -0.00484018 -0.00835427 0.00794036
internal_weight=57761 28631 29130 19992 8639 16169 10462 12961 9530 2349 13036 7181 4253 3436 3133 8862 1657 1368 5376 7085 4386 1173 689 5876 581 5283 1600 7691 3975 7205
internal_count=57761 28631 29130 19992 8639 16169 10462 12961 9530 2349 13036 7181 4253 3436 3133 8862 1657 1368 5376 7085 4386 1173 689 5876 581 5283 1600 7691 3975 7205
is_linear=0
shrinkage=0.05


Tree=19
num_leaves=31
num_cat=0
split_feature=3 3 3 3 4 10 5 3 11 11 12 4 12 12 6 12 6 7 15 9 5 6 12 6 13 7 12 5 8 13
split_gain=6809.67 1652.98 697.617 341.444 190.39 125.91 119.447 101.637 95.6093 89.5622 78.8872 84.829 71.6749 71.5946 65.4476 58.1908 55.7981 53.9662 78.8708 52.8647 48.5164 55.0324 46.2289 43.5768 42.3579 79.5701 112.773 46.9593 42.3097 41.9621
threshold=5.9461700916290292 10.401395797729494 3.710860133171082 7.8884849548339853 7.7850000858306894 0.9238443672657014 2.2150000333786015 2.5539633035659794 7.0499999523162851 3.8500000238418584 -0.3172925859689712 5.2550001144409189 0.41467745602130895 -0.28400452435016627 950.85000610351574 -0.63605400919914235 955.25000000000011 -0.66248837113380421 47.500000000000007 4.5750000476837167 4.9516665935516366 959.04998779296886 0.061046212911605842 951.35000610351574 0.12940952181816109 -0.55354335904121388 -0.49240480363368982 4.6283333301544198 -0.84680011868476857 0.12940952181816109
decision_type=2 2 2 2 2 2 2 2 2 2 2 2 2 2 2 2 2 2 2 8 2 2 2 2 2 2 2 2 2 2
left_child=2 3 7 9 12 10 13 17 16 22 -5 -12 20 -4 -6 -9 -7 18 -1 23 -3 28 -2 -8 -11 27 -27 -26 -22 -14
right_child=1 4 6 5 14 8 19 15 -10 24 11 -13 29 -15 -16 -17 -18 -19 -20 -21 21 -23 -24 -25 25 26 -28 -29 -30 -31
leaf_value=-0.0038121387024199816 8.4496411289583525e-05 0.0067699225361673721 -0.002926202401272724 0.0096815266021750401 0.014087917247927552 0.000622922107716345 -0.0022496127180579211 -0.0031547710592832751 0.015146919235902124 0.0021429479779860243 -0.00026928407222755749 0.0048922932935656499 0.01407630950226782 -0.0041235611777892551 0.01428150809660046 -0.0039457697046557461 0.010725201747709573 -0.0040330504615507376 0.00026897949581169875 -0.001564418514342475 0.014142796097127397 0.014872738985762652 -0.0031031940999831625 -0.0040714618830156885 0.00068259570286284543 0.0082603065264205168 -0.0032949008221176018 0.0076140774380946789 0.011959628342724765 -0.00042472625467027684
leaf_weight=1344 924 325 1414 2327 1112 616 1815 1765 1698 5422 2027 4368 293 1640 3306 5282 487 4376 218 7169 561 1073 1174 1391 644 539 1844 534 1632 365
leaf_count=1344 924 325 1414 2327 1112 616 1815 1765 1698 5422 2027 4368 293 1640 3306 5282 487 4376 218 7169 561 1073 1174 1391 644 539 1844 534 1632 365
internal_value=-0.00104958 0.0147381 -0.0197396 0.00761644 0.0332968 0.0136407 -0.0117426 -0.0280023 0.0228617 0.00134855 0.010668 0.00778906 0.0256817 -0.0204315 0.0405833 -0.023901 0.0113267 -0.0328454 -0.0246969 -0.0091763 0.0284622 0.0302965 -0.00794104 -0.0145126 0.00352136 -0.000715087 -0.00596734 0.00989011 0.0256369 0.0104072
internal_weight=57685 31271 26414 22604 8667 11523 13429 12985 2801 11081 8722 6395 4249 3054 4418 7047 1103 5938 1562 10375 3591 3266 2098 3206 8983 3561 2383 1178 2193 658
internal_count=57685 31271 26414 22604 8667 11523 13429 12985 2801 11081 8722 6395 4249 3054 4418 7047 1103 5938 1562 10375 3591 3266 2098 3206 8983 3561 2383 1178 2193 658
is_linear=0
shrinkage=0.05


Tree=20
num_leaves=31
num_cat=0
split_feature=3 3 3 4 3 10 5 7 3 8 11 7 7 12 12 12 9 3 9 5 12 15 7 8 4 7 8 7 11 10
split_gain=6515.13 1664.13 658.046 283.287 205.564 129.103 119.2 100.835 96.6606 93.4234 78.0777 76.6075 94.5047 74.036 64.543 61.5333 61.2813 59.8363 51.2528 51.0067 50.4746 49.8367 46.9576 49.0395 44.2885 43.6472 42.8159 40.9881 40.382 40.2447
threshold=5.9461700916290292 9.7154026031494158 3.5550303459167485 7.9349999427795419 7.803765296936036 0.9170251488685609 2.2983332872390752 0.94982600212097179 2.5539633035659794 0.021515898406505588 5.5499999523162851 0.78354993462562572 0.99630826711654674 -0.52247866988182057 -0.35019405186176294 0.39873388409614569 4.5750000476837167 11.345144748687746 7.2449998855590829 5.7349998950958261 -0.66259482502937306 31.500000000000004 -0.94573098421096791 -0.23416947573423383 5.0650000572204599 -0.53914576768875111 0.96527305245399486 -0.52458885312080372 3.8500000238418584 0.94260558485984813
decision_type=2 2 2 2 2 2 2 2 2 2 2 2 2 2 2 2 8 2 8 2 2 2 2 2 2 2 2 2 2 2
left_child=2 4 8 5 11 15 13 10 22 -9 21 28 14 -4 -13 17 -8 -3 -12 -5 -10 -6 23 -1 -16 -19 -7 -21 -2 -20
right_child=1 3 6 19 7 26 16 9 20 -11 18 12 -14 -15 24 -17 -18 25 29 27 -22 -23 -24 -25 -26 -27 -28 -29 -30 -31
leaf_value=0.0035074091433739854 -0.00138603654009831 0.0092280751762967243 -0.0024318054250576913 0.0002903110410669263 -0.0031047887790054659 0.014234098722654227 -0.0030328506540376315 0.0043554742571659697 -0.0029916795971812408 -0.0042755501914050476 0.0014154975401224111 0.0013423597703018848 0.0058045647480242137 -0.0039173831188997919 -0.0043294453727095771 0.0042554679940377347 -0.0014548834712594244 0.0098636039105550032 0.0073560945980510675 0.013349906554363623 -0.0037112187206958525 0.0031693187423443045 -0.0038313979384732009 -0.0031558868948363635 0.0046321391150421177 0.013343076059482335 0.0092716831260768739 0.013622660390243175 0.0017519271564673785 0.014068859496684079
leaf_weight=97 1438 2946 1446 81 330 1374 3346 600 1508 509 662 416 345 2632 1215 1091 6952 251 4310 670 4620 1815 5338 491 162 1227 196 3534 7128 1135
leaf_count=97 1438 2946 1446 81 330 1374 3346 600 1508 509 662 416 345 2632 1215 1091 6952 251 4310 670 4620 1815 5338 491 162 1227 196 3534 7128 1135
internal_value=-0.000902886 0.01448 -0.019198 0.0297582 0.00581714 0.0235896 -0.0119672 0.0112268 -0.0278133 -0.00291741 0.0131283 0.0010832 -0.00737284 -0.0192016 -0.0119855 0.0199547 -0.00909444 0.0225785 0.0160095 0.0399184 -0.0233654 0.00490698 -0.0323891 -0.0187184 -0.0171852 0.0308159 0.036254 0.0406747 0.00319683 0.0176055
internal_weight=57865 31435 26430 11370 20065 7085 14376 9361 12054 1109 8252 10704 2138 4078 1793 5515 10298 4424 6107 4285 6128 2145 5926 588 1377 1478 1570 4204 8566 5445
internal_count=57865 31435 26430 11370 20065 7085 14376 9361 12054 1109 8252 10704 2138 4078 1793 5515 10298 4424 6107 4285 6128 2145 5926 588 1377 1478 1570 4204 8566 5445
is_linear=0
shrinkage=0.05


Tree=21
num_leaves=31
num_cat=0
split_feature=3 3 3 3 4 10 11 3 6 12 4 10 12 6 9 12 7 8 7 7 12 7 12 11 10 6 13 4 8 11
split_gain=6132.32 1199.85 1043.72 245.773 189.848 144.883 128.842 117.42 79.4665 78.9975 106.032 77.389 81.138 70.9757 68.7653 55.2997 53.214 51.4441 51.4238 56.6235 51.3698 50.3029 49.8239 48.9549 48.678 48.5886 48.3028 48.0667 46.2621 44.1838
threshold=7.2434604167938241 3.7779660224914555 10.401395797729494 5.4643654823303232 7.7850000858306894 0.9238443672657014 7.0499999523162851 2.5539633035659794 951.14999389648449 -0.39873388409614557 5.2550001144409189 0.9170251488685609 0.41467745602130895 952.95001220703136 9.2150001525878924 -0.63605400919914235 0.88234141469001781 0.97653719782829296 0.87828615307807933 0.99630826711654674 -0.5663846731185912 -0.79148143529891957 -0.14780378341674802 3.5499999523162846 -0.92384436726570118 953.85000610351574 -0.6035533845424651 2.6049998998641972 0.99573239684104931 9.2500000000000018
decision_type=2 2 2 2 2 2 2 2 2 2 2 2 2 2 8 2 2 2 2 2 2 2 2 2 2 2 2 2 2 2
left_child=1 7 5 13 11 9 26 21 29 -2 16 12 -4 14 24 -9 23 -8 -5 20 -20 -1 -15 -11 -3 -14 -7 -17 -19 -6
right_child=2 3 4 18 8 6 17 15 -10 10 -12 -13 25 22 -16 27 -18 28 19 -21 -22 -23 -24 -25 -26 -27 -28 -29 -30 -31
leaf_value=-0.0032267933863115231 0.0080812376845848244 -0.0028518376991827706 0.011746812881808379 -3.3490618818730199e-05 -0.00085240682731101418 0.0083514934385188252 0.013789901544518743 -0.0028047661428670626 0.012926181872686736 -0.0062113842503832171 0.0040404569793238438 0.013274052063221593 0.010653541193486941 -0.0021923554249544965 0.0036523274543618423 -0.0036573604507629111 -0.0035866020783786689 -0.0067481015311437638 0.001684008416587883 0.0038790747218287016 -0.0038535609581211456 -0.0036398280415495411 -0.0037215139629548028 0.0020102606041982221 -0.0016151799694322318 -0.0026385350267185501 0.0014081037162660542 -0.0028511822167512344 0.014346148005094107 0.012842721512803967
leaf_weight=1296 2732 2564 2855 8754 109 419 1906 1898 3258 202 5286 825 204 1730 198 4150 996 114 228 290 1045 4652 2706 2318 3048 357 1174 1452 95 1053
leaf_count=1296 2732 2564 2855 8754 109 419 1906 1898 3258 202 5286 825 204 1730 198 4150 996 114 228 290 1045 4652 2706 2318 3048 357 1174 1452 95 1053
internal_value=-0.00104974 -0.0146887 0.0183558 -0.00709111 0.0322121 0.0104742 0.0190681 -0.026299 0.0394802 0.00770431 0.00539344 0.0245996 0.0212219 -0.0125744 -0.00892519 -0.0221053 -0.00133485 0.0271462 -0.00164212 -0.00998087 -0.0145149 -0.0315639 -0.0173384 0.00253465 -0.00995193 0.00379859 0.00829161 -0.0246121 0.00350467 0.0280206
internal_weight=57914 34011 23903 20563 8661 15242 3708 13448 4420 11534 8802 4241 3416 10246 5810 7500 3516 2115 10317 1563 1273 5948 4436 2520 5612 561 1593 5602 209 1162
internal_count=57914 34011 23903 20563 8661 15242 3708 13448 4420 11534 8802 4241 3416 10246 5810 7500 3516 2115 10317 1563 1273 5948 4436 2520 5612 561 1593 5602 209 1162
is_linear=0
shrinkage=0.05


Tree=22
num_leaves=31
num_cat=0
split_feature=3 3 3 3 11 5 3 10 11 7 12 11 15 10 3 12 12 3 12 12 13 7 15 6 15 6 5 8 8 6
split_gain=5767.02 1372.15 832.864 211.852 164.405 143.593 119.77 118.671 93.8741 82.54 70.3934 68.243 67.6415 59.7713 72.5449 57.6854 56.427 54.9813 54.2249 52.8002 50.4071 49.9094 67.4919 42.6365 42.9492 41.9416 63.6399 47.5932 55.0072 41.0184
threshold=6.410985231399537 10.401395797729494 3.710860133171082 8.4063816070556658 8.6500000953674334 2.2150000333786015 2.5539633035659794 0.90992662310600292 3.8500000238418584 -0.84102764725685109 -0.14780378341674802 8.5500001907348651 37.500000000000007 0.90992662310600292 11.345144748687746 0.43049471080303198 0.35019405186176306 5.3471643924713144 -0.63605400919914235 0.47714059054851538 0.37940952181816107 -0.66248837113380421 47.500000000000007 948.75000000000011 55.500000000000007 959.35000610351574 4.1516666412353525 0.42109696567058569 0.76864764094352733 959.35000610351574
decision_type=2 2 2 2 2 2 2 2 2 2 2 2 2 2 2 2 2 2 2 2 2 2 2 2 2 2 2 2 2 2
left_child=2 3 6 8 19 10 21 16 -2 -6 -4 12 -9 14 -11 -16 23 -7 -8 -3 -10 22 -1 -5 -25 27 -27 -26 -29 -21
right_child=1 4 5 7 9 17 18 11 20 13 -12 -13 -14 -15 15 -17 -18 -19 -20 29 -22 -23 -24 24 25 26 -28 28 -30 -31
leaf_value=-0.0032948756904465915 -0.002029349320692654 0.011101512728791682 -0.0025497974127978817 0.0016880331240080372 0.0051853279844651717 -0.0020858994018040601 -0.0026235747956145821 0.0010247450015797687 0.0030125279245455092 0.010083142960062158 -0.0035462866721511863 0.013322116468293357 0.011588838941405411 0.012406657086344891 0.012211885023236209 0.012269600269819901 0.00050733861071846915 -0.00074752815272128301 -0.0033301790077812803 0.0069172504095993022 -0.00011744794150577581 -0.003457836639472064 0.00040649885402426064 0.0088542788276257198 -0.0038005380374304234 -0.0042239453407492055 0.011341287251520622 0.015480656515973064 -0.00031884314153161067 -0.0085281129406340247
leaf_weight=1355 1645 1790 1626 1085 340 7090 1801 623 6422 1081 1527 1198 992 1794 3113 352 1575 5884 5275 116 3062 4373 221 1775 429 156 575 205 303 81
leaf_count=1355 1645 1790 1626 1085 340 7090 1801 623 6422 1081 1527 1198 992 1794 3113 352 1575 5884 5275 116 3062 4373 221 1775 429 156 575 205 303 81
internal_value=-0.00106966 0.0148344 -0.0167335 0.00764339 0.0314518 -0.00913402 -0.0261358 0.0133841 0.00304024 0.0352132 -0.0186985 0.0218772 0.0150926 0.0365012 0.0333553 0.036902 0.00945481 -0.0068033 -0.021706 0.01875 0.0049531 -0.0313823 -0.0235927 0.0122877 0.0150087 0.00920502 0.0181386 0.00217622 0.0124756 -0.00569307
internal_weight=57864 28712 29152 20045 8667 16127 13025 8916 11129 6680 3153 2813 1615 6340 4546 3465 6103 12974 7076 1987 9484 5949 1576 4528 3443 1668 731 937 508 197
internal_count=57864 28712 29152 20045 8667 16127 13025 8916 11129 6680 3153 2813 1615 6340 4546 3465 6103 12974 7076 1987 9484 5949 1576 4528 3443 1668 731 937 508 197
is_linear=0
shrinkage=0.05


Tree=23
num_leaves=31
num_cat=0
split_feature=3 3 3 3 5 5 10 3 11 7 12 11 12 8 6 6 7 8 7 7 15 12 9 6 13 3 12 7 9 12
split_gain=5523.56 1569.31 639.953 265.661 167.346 117.873 110.706 107.152 85.7364 83.02 71.0689 69.0136 67.7917 59.1739 58.7522 56.3447 55.4064 74.1945 53.8009 50.1974 67.7753 48.3513 47.1858 55.5002 46.6439 44.8734 45.3966 42.576 41.8343 41.4171
threshold=5.9461700916290292 10.401395797729494 3.5550303459167485 8.3644995689392108 6.428333282470704 2.2150000333786015 0.9238443672657014 2.5539633035659794 3.8500000238418584 -0.52458885312080372 0.2503704726696015 9.3499999046325701 -0.53727915883064259 0.54162281751632702 948.95001220703136 958.85000610351574 0.78354993462562572 0.073094449937343611 0.99468535184860241 -0.66248837113380421 44.500000000000007 -0.63605400919914235 4.5750000476837167 951.35000610351574 -0.6035533845424651 11.345144748687746 0.43049471080303198 0.98931017518043529 4.305000066757203 -0.3172925859689712
decision_type=2 2 2 2 2 2 2 2 2 2 2 2 2 2 2 2 2 2 2 2 2 2 8 2 2 2 2 2 10 2
left_child=2 3 7 8 10 12 18 19 -2 13 14 15 -4 -6 -3 -8 -10 -18 29 20 -1 -9 23 -7 -12 -11 -27 -28 -14 -5
right_child=1 4 5 6 9 22 11 21 16 25 24 -13 28 -15 -16 -17 17 -19 -20 -21 -22 -23 -24 -25 -26 26 27 -29 -30 -31
leaf_value=-0.0031361160296856636 -0.0018210258727239777 0.0058822390903515544 -0.0019505861857995654 0.0092034495136722096 0.0040954417460101981 -0.0016714161329639265 0.0030738373374241874 -0.0024626548733425518 0.0023101726397553009 0.01099416589813354 0.01263186327291458 0.012736788970004477 -0.0033870818284039818 0.012524373960242814 0.012286323755190488 0.014439608483222767 0.0014162395197665101 -0.0043886402982142051 -0.001687449864661514 -0.0032849448074984606 -0.00093620940357739375 -0.003150671721987556 -0.0012699521058804541 -0.0034955345975708112 0.0043604440350573231 0.01168462402593487 0.012348404294489475 -0.0006501890244353548 -0.0027522952765089113 0.0037861004571186061
leaf_weight=1304 2334 258 1194 1656 425 1953 938 1578 9269 1122 289 973 1252 573 949 344 1197 864 345 4357 270 4607 7270 1587 1038 3603 272 118 1032 4850
leaf_count=1304 2334 258 1194 1656 425 1953 938 1578 9269 1122 289 973 1252 573 949 344 1197 864 345 4357 270 4607 7270 1587 1038 3603 272 118 1032 4850
internal_value=-0.000862069 0.0133044 -0.0177174 0.00641493 0.031432 -0.0105436 0.0130282 -0.0261695 0.00200454 0.0359186 0.0205593 0.0226327 -0.0185472 0.0225324 0.0293317 0.0149184 0.00380238 -0.003606 0.00985268 -0.0309889 -0.0231792 -0.0215267 -0.00796117 -0.0126939 0.0125 0.0385059 0.041033 0.0243038 -0.0235911 0.0108739
internal_weight=57821 31417 26404 22770 8647 14288 9106 12116 13664 6113 2534 2255 3478 998 1207 1282 11330 2061 6851 5931 1574 6185 10810 3540 1327 5115 3993 390 2284 6506
internal_count=57821 31417 26404 22770 8647 14288 9106 12116 13664 6113 2534 2255 3478 998 1207 1282 11330 2061 6851 5931 1574 6185 10810 3540 1327 5115 3993 390 2284 6506
is_linear=0
shrinkage=0.05


Tree=24
num_leaves=31
num_cat=0
split_feature=3 3 5 3 11 3 3 10 9 12 11 11 6 10 12 6 9 10 12 15 9 12 9 12 6 6 10 6 9 15
split_gain=5245.94 1342.37 782.232 177.06 169.036 141.784 138.293 106.417 99.0059 84.9715 79.7033 73.0722 60.6945 60.0282 62.771 55.5343 52.2639 49.8516 48.2916 47.7651 42.7417 43.4335 42.6211 41.7868 43.9582 41.4756 51.1486 39.3836 36.6028 35.826
threshold=6.410985231399537 10.401395797729494 2.2150000333786015 8.3644995689392108 8.6500000953674334 2.6383464336395268 3.9886111021041875 0.90992662310600292 9.8949999809265154 -0.52247866988182057 8.6500000953674334 3.7500000000000004 954.75000000000011 0.90992662310600292 0.43049471080303198 950.85000610351574 4.0250000953674325 0.9170251488685609 -0.3172925859689712 75.500000000000014 4.5750000476837167 -0.52247866988182057 8.8850002288818377 0.47714059054851538 955.85000610351574 959.25000000000011 0.87878364324569713 951.35000610351574 10.204999923706056 73.500000000000014
decision_type=2 2 2 2 2 2 2 2 8 2 2 2 2 2 2 2 10 2 2 2 8 2 10 2 2 2 2 2 8 2
left_child=2 3 5 11 17 -1 -4 18 -6 -7 12 -2 -9 14 15 29 -11 23 -5 -13 27 -22 -12 -3 -25 -21 -27 -8 -20 -10
right_child=1 4 6 7 8 9 20 10 13 16 22 19 -14 -15 -16 -17 -18 -19 28 25 21 -23 -24 24 -26 26 -28 -29 -30 -31
leaf_value=-0.0031206975671235378 -0.0019382926347406863 0.0086234680562662369 -0.0026410517627257443 0.008196424690256332 0.0066299426048518966 -0.0024617432047531317 -0.0015280403102500173 0.001139398394423874 0.010992975503756486 -0.003164931462586236 0.0065047345920951271 0.0025154883042930371 0.010598560300230942 0.011232823564586637 0.0092654507729779869 0.010996062149571523 -0.0029181054017118897 0.011212731846987118 0.00083204432667703947 -0.0038510573159151159 0.0002211175170561991 -0.001426778229286628 0.012126427855190714 0.0066905681108116958 -0.0086433161354218923 0.0040923703565301176 -0.0043333196307389658 -0.0033724836971691708 0.0050078517467091778 0.0050936437804850465
leaf_weight=5835 1467 1334 3913 1719 564 2746 1644 780 1045 2870 250 8241 906 1792 456 2630 1661 500 2605 665 2785 6380 961 100 83 329 185 1241 1928 171
leaf_count=5835 1467 1334 3913 1719 564 2746 1644 780 1045 2870 250 8241 906 1792 456 2630 1661 500 2605 665 2785 6380 961 100 83 329 185 1241 1928 171
internal_value=-0.000806354 0.0143526 -0.0157754 0.00723517 0.0307776 -0.0248227 -0.00833855 0.0123607 0.034624 -0.0201387 0.0202791 0.00292416 0.0131875 0.0364814 0.0331785 0.0352636 -0.0243496 0.0180267 0.00867828 0.00454111 -0.00568229 -0.00400763 0.0300576 0.0134363 -0.0087766 -0.00485642 0.00578035 -0.0109862 0.00596078 0.026208
internal_weight=57786 28711 29075 20036 8675 13112 15963 9149 6658 7277 2897 10887 1686 6094 4302 3846 4531 2017 6252 9420 12050 9165 1211 1517 183 1179 514 2885 4533 1216
internal_count=57786 28711 29075 20036 8675 13112 15963 9149 6658 7277 2897 10887 1686 6094 4302 3846 4531 2017 6252 9420 12050 9165 1211 1517 183 1179 514 2885 4533 1216
is_linear=0
shrinkage=0.05


Tree=25
num_leaves=31
num_cat=0
split_feature=3 3 5 4 9 9 12 11 6 9 12 11 12 5 6 15 6 15 8 11 8 6 11 5 12 15 8 5 13 15
split_gain=5024.27 1100.27 1043.79 216.634 193.225 169.996 120.571 118.235 82.8034 78.6712 73.0569 72.5748 64.2514 66.9573 64.2037 99.2901 62.4628 62.2963 61.2777 56.3382 51.412 48.4392 46.1211 45.4501 45.2676 44.1522 43.5302 40.0051 39.7234 38.7521
threshold=7.1186265945434579 10.401395797729494 2.2983332872390752 7.7850000858306894 4.9749999046325692 3.6149998903274541 -0.28400452435016627 5.3500001430511483 951.14999389648449 7.5950000286102304 0.41467745602130895 3.6499999761581425 -0.52247866988182057 4.4449999332427987 959.35000610351574 79.500000000000014 951.45001220703136 23.500000000000004 0.82072415947914135 9.2500000000000018 0.99805629253387462 950.45001220703136 7.1499998569488534 3.9850000143051152 0.36648726463317877 68.500000000000014 -0.62132811546325672 4.805000066757203 0.60355338454246532 43.500000000000007
decision_type=2 2 2 2 8 10 2 2 2 8 2 2 2 2 2 2 2 2 2 2 2 2 2 2 2 2 2 2 2 2
left_child=2 7 5 10 16 6 11 24 19 27 21 -1 -6 29 15 20 17 -4 23 -5 -11 25 -23 -16 -2 -3 -19 -9 -12 -14
right_child=1 3 4 8 12 -7 -8 9 -10 14 28 -13 13 -15 18 -17 -18 26 -20 -21 -22 22 -24 -25 -26 -27 -28 -29 -30 -31
leaf_value=-0.0029646626887673611 0.0017595337701913378 0.0087499512790773625 -0.002439725766465927 -0.0023802667264951009 0.00073682175209457902 -0.0027657409897144866 -0.0029646626887673611 0.0054474030302039157 0.010550589717159553 0.0053732979301722274 0.0086047176604599103 -0.0018014347588313981 -0.0024395790878029111 0.00095315244593723806 -0.0030450284980885912 -0.0033524209038362732 -0.0029684054214388143 0.0032924736473869385 0.014086530626239749 0.010609993236289611 0.012975853134030192 0.0071337105802215311 0.010797377507037936 0.0090683640324880511 -0.0019807766025690039 -0.0057484061807364156 -0.0015675166750045108 -0.0017005606107638211 -0.0034306946265199646 -0.00073544835094894187
leaf_weight=2879 2930 765 1820 115 3554 4608 5636 941 3257 6753 454 1067 3412 2170 114 470 2873 515 325 1070 194 553 2087 1898 1059 149 1420 1272 221 3375
leaf_count=2879 2930 765 1820 115 3554 4608 5636 941 3257 6753 454 1067 3412 2170 114 470 2873 515 325 1070 194 553 2087 1898 1059 149 1420 1272 221 3375
internal_value=-0.000883353 0.0162411 -0.0135372 0.0305728 -0.00591569 -0.0238112 -0.0276103 0.00844559 0.0382955 0.0109297 0.0224256 -0.0208555 -0.00225711 -0.0045135 0.0128599 0.0105699 -0.0128147 -0.00855053 0.0200897 0.0267647 0.0120757 0.025288 0.0287335 0.0167576 0.000988983 0.0152339 -0.00229381 0.00241208 0.00727941 -0.00695671
internal_weight=57956 24627 33329 8671 19139 14190 9582 15956 4442 11967 4229 3946 12511 8957 9754 7417 6628 3755 2337 1185 6947 3554 2640 2012 3989 914 1935 2213 675 6787
internal_count=57956 24627 33329 8671 19139 14190 9582 15956 4442 11967 4229 3946 12511 8957 9754 7417 6628 3755 2337 1185 6947 3554 2640 2012 3989 914 1935 2213 675 6787
is_linear=0
shrinkage=0.05


Tree=26
num_leaves=31
num_cat=0
split_feature=3 3 3 3 5 3 11 7 9 6 11 7 9 15 8 8 7 7 7 6 7 15 7 8 15 12 5 12 6 8
split_gain=4816.62 1232.23 807.174 253.136 140.909 99.7839 98.2446 89.7873 82.697 76.3979 75.2745 74.751 68.3934 67.0664 64.4855 61.5275 60.8675 84.8768 58.365 85.2121 56.811 56.2114 54.8688 109.009 53.5928 46.1632 45.3916 45.3195 43.0117 49.6668
threshold=7.8884849548339853 4.5264539718627939 10.898387908935549 2.6820437908172612 6.0683333873748788 5.4643654823303232 5.4500000476837167 -0.52458885312080372 9.8949999809265154 949.54998779296886 8.0500001907348651 0.63303324580192577 4.4749999046325692 43.500000000000007 0.54162281751632702 -0.22162339836359021 0.87828615307807933 0.99630826711654674 0.96468064188957225 958.85000610351574 -0.66248837113380421 42.500000000000007 0.98049062490463268 -0.10296135023236273 79.500000000000014 0.35019405186176306 3.4316667318344121 -0.70088258385658253 965.64999389648449 -0.59817537665367115
decision_type=2 2 2 2 2 2 2 2 8 2 2 2 8 2 2 2 2 2 2 2 2 2 2 2 2 2 2 2 2 2
left_child=1 3 6 20 15 -3 25 14 18 -10 -11 13 -13 26 -6 -4 28 27 -8 -20 21 -1 -9 -24 -15 -2 -5 -18 -7 -30
right_child=2 5 4 11 7 16 8 22 9 10 -12 12 -14 24 -16 -17 17 -19 19 -21 -22 -23 23 -25 -26 -27 -28 -29 29 -31
leaf_value=-0.0026765801544404314 0.0027323323126992303 -0.0018320419819699023 0.010073182688661825 -0.002649073060764803 0.0016664930237395071 0.00013051070539216102 0.0052350648930143129 0.010029589112783122 0.0032148064786397925 0.0072859132455113862 0.010412169332165856 -0.0028584517550185569 -0.0027992532403030277 -0.0012423899587034343 0.010829371279632571 0.0050364960553584137 0.0052269808007256655 0.0044813549238301095 -0.0075608638827248543 0.0062198517493680938 -0.0028164295543289934 -0.0013070033404180691 -0.013842661884462759 0.010051757135933235 -0.0033513554833309745 -0.0015471347413610823 -0.0014503884417481309 -0.0039413830836057071 0.013600052486363519 -0.00093895535272051078
leaf_weight=1402 1874 5689 574 5068 337 11364 5139 4550 1036 1930 1847 1826 977 2496 512 692 198 403 238 229 4834 359 104 338 186 898 846 1543 200 158
leaf_count=1402 1874 5689 574 5068 337 11364 5139 4550 1036 1930 1847 1826 977 2496 512 692 198 403 238 229 4834 359 104 338 186 898 846 1543 200 158
internal_value=-0.000825382 -0.0114329 0.0187953 -0.0208734 0.0323749 -0.00274284 0.0114694 0.0356569 0.0136944 0.0185035 0.0218006 -0.0163495 -0.0234509 -0.0140216 0.0204333 0.0171518 -0.000454185 -0.00818986 0.00955266 -0.00730932 -0.0286742 -0.0208664 0.0382229 0.0210291 -0.00744325 0.00309687 -0.0169961 -0.0129725 0.000963588 0.0179063
internal_weight=57847 37549 20298 17994 7107 19555 13191 5841 10419 4813 3777 11399 2803 8596 849 1266 13866 2144 5606 467 6595 1761 4992 442 2682 2772 5914 1741 11722 358
internal_count=57847 37549 20298 17994 7107 19555 13191 5841 10419 4813 3777 11399 2803 8596 849 1266 13866 2144 5606 467 6595 1761 4992 442 2682 2772 5914 1741 11722 358
is_linear=0
shrinkage=0.05


Tree=27
num_leaves=31
num_cat=0
split_feature=5 4 5 6 14 10 12 12 4 13 5 12 7 5 11 13 10 13 4 12 8 4 15 14 5 6 12 12 7 13
split_gain=4254.64 1103.42 956.816 227.414 155.291 157.227 150.31 144.488 130.448 125.096 100.623 88.8791 64.3936 60.9614 58.3962 57.3033 57.0853 67.9124 61.6125 54.1716 52.676 50.1026 47.316 43.8333 43.6763 42.9157 40.2714 40.0685 103.805 67.7927
threshold=3.9616667032241826 7.1649999618530282 2.2150000333786015 948.95001220703136 8.4949998855590838 0.87032255530357372 0.38266885280609136 -0.26722820103168482 8.0150003433227557 -0.6035533845424651 1.4583333730697634 -0.07845610752701758 0.99166637659072887 3.1616667509078984 5.1499998569488534 -1.0000000180025095e-35 0.90255093574523937 1.0000000180025095e-35 6.1449999809265146 -0.33379416167736048 0.96527305245399486 1.9650000333786013 27.500000000000004 12.954999923706056 3.118333220481873 958.95001220703136 -0.53727915883064259 0.44618082046508795 -0.41079147160053248 -1.0000000180025095e-35
decision_type=2 2 2 2 10 2 2 2 2 2 2 2 2 2 2 2 2 2 2 2 2 2 2 10 2 2 2 2 2 2
left_child=2 4 7 23 5 11 13 10 12 20 -1 -2 25 -4 -11 -14 19 -18 -19 -6 -7 -9 26 -3 -8 -5 -15 -16 -29 -30
right_child=1 3 6 8 16 9 24 21 -10 14 -12 -13 15 22 27 -17 17 18 -20 -21 -22 -23 -24 -25 -26 -27 -28 28 29 -31
leaf_value=-0.0026756080766125439 0.0018326592975729959 0.0051729908134916739 -0.0012617602937466063 0.0091898836161469991 0.0087701032820960752 0.012322136207725171 -0.0026722268794623413 -0.0026756080766125439 0.009583337355616707 -0.0017577035988758012 -0.0021969605386955443 -0.001779136012066697 0.0099343730659160814 0.0019049895026742687 0.007376287094632436 -0.0059982445830903848 0.010893720199795197 -0.0087851365859526881 0.0076732538288749458 0.0037617741078686262 -0.001914120883071792 -0.0026756080766125439 0.00093493230669840222 0.010385273295791631 -0.0017808203655735246 0.0099833717713876512 -0.0030534041141067388 0.008562693220102403 0.0059075965916517009 -0.004219170795476429
leaf_weight=2007 2910 1337 7894 1706 2077 1199 2763 5338 3448 824 4047 3189 86 348 1512 103 590 103 258 2725 151 1848 4975 309 2372 855 628 719 555 977
leaf_count=2007 2910 1337 7894 1706 2077 1199 2763 5338 3448 824 4047 3189 86 348 1512 103 590 103 258 2725 151 1848 4975 309 2372 855 628 719 555 977
internal_value=-0.0006732 0.0145273 -0.0127665 0.030144 0.0076346 0.00440163 -0.00556755 -0.0230804 0.0345317 0.0101902 -0.0173626 -0.00123689 0.0263158 -0.0028556 0.00623911 -0.00180412 0.0143887 0.0255753 0.00833333 0.0121489 0.0235424 -0.0278821 0.000965413 0.0135675 -0.0128696 0.0283905 -0.00907238 0.00887739 0.00463209 -0.0027326
internal_weight=57853 25633 32220 7844 17789 12036 18980 13240 6198 5937 6054 6099 2750 13845 4587 189 5753 951 361 4802 1350 7186 5951 1646 5135 2561 976 3763 2251 1532
internal_count=57853 25633 32220 7844 17789 12036 18980 13240 6198 5937 6054 6099 2750 13845 4587 189 5753 951 361 4802 1350 7186 5951 1646 5135 2561 976 3763 2251 1532
is_linear=0
shrinkage=0.05


Tree=28
num_leaves=31
num_cat=0
split_feature=3 3 5 4 9 3 10 6 10 11 8 6 8 8 6 9 11 7 15 10 11 15 7 11 14 15 10 4 8 8
split_gain=4243.32 1032.05 954.038 221.679 174.555 147.381 136.588 96.6349 90.021 89.1267 80.1456 67.5876 63.5506 63.792 62.855 58.5767 57.9099 56.6245 61.2481 55.0299 54.4742 64.743 54.1348 52.9193 51.5641 49.7407 55.4023 49.5411 49.3284 46.5286
threshold=7.2434604167938241 10.401395797729494 2.2150000333786015 7.7850000858306894 4.5750000476837167 2.6383464336395268 0.94260558485984813 951.14999389648449 0.9170251488685609 8.9499998092651385 0.99805629253387462 951.35000610351574 -0.20061247795820233 -0.081558488309383378 956.85000610351574 10.305000305175783 9.4499998092651385 0.61287125945091259 43.500000000000007 -0.23343648016452787 9.2500000000000018 31.500000000000004 -0.94573098421096791 8.2500000000000018 4.055000066757203 34.500000000000007 0.58068084716796886 6.1749999523162851 1.0000000180025095e-35 0.97368243336677562
decision_type=2 2 2 2 8 2 2 2 2 2 2 2 2 2 2 8 2 2 2 2 2 2 2 2 10 2 2 2 2 2
left_child=2 6 5 8 11 22 10 16 12 14 15 25 -3 -14 -8 19 -5 18 -7 23 21 -21 -1 -2 27 26 -4 29 -19 -6
right_child=1 3 4 7 24 17 9 -9 -10 -11 -12 -13 13 -15 -16 -17 -18 28 -20 20 -22 -23 -24 -25 -26 -27 -28 -29 -30 -31
leaf_value=-0.0017466907493064198 0.0065517028036838733 0.0091661142196264988 -0.002404611680898536 -0.0030213823864840839 -0.0014219152629262489 -0.0024950598770008248 0.00076114987856555074 0.0090226869212092775 0.0095480955350412487 0.010291052949705387 0.012129728059755998 -0.0027425696217048393 -0.0094113022774479915 0.0064558290673666086 0.011357880908087155 0.0045106791060397361 0.0091096732538318414 -0.0022484153754660772 -0.001573016458570488 -0.0058951216757211801 0.010075958614365867 -0.0004609205811705014 -0.0025418276727819165 0.0010074173907118941 -5.6970770407447498e-05 0.00047285098253792984 -0.00029089541590049118 0.0036732506905969584 -0.0026345450378345474 -0.0042181571473820564
leaf_weight=548 1969 1515 1625 115 4865 2946 940 3215 796 1138 226 2644 188 1733 409 3309 1073 1250 1903 369 451 2911 5353 3566 9132 864 899 312 1241 454
leaf_count=548 1969 1515 1625 115 4865 2946 940 3215 796 1138 226 2644 188 1733 409 3309 1073 1250 1903 369 451 2911 5353 3566 9132 864 899 312 1241 454
internal_value=-0.000799634 0.0153356 -0.0121412 0.0291493 -0.00545913 -0.0226295 0.00752632 0.0370123 0.0209346 0.0182384 0.00543886 -0.0126222 0.0173787 0.0112928 0.0094904 0.00490064 0.0246438 -0.0178761 -0.0146992 0.00285838 -0.00183351 -0.00407915 -0.0285218 0.00601986 -0.00252912 -0.00792809 -0.011467 -0.00628992 -0.0240184 -0.00742863
internal_weight=57959 23923 34036 8635 20795 13241 15288 4403 4232 2487 12801 6032 3436 1921 1349 12575 1188 7340 4849 9266 3731 3280 5901 5535 14763 3388 2524 5631 2491 5319
internal_count=57959 23923 34036 8635 20795 13241 15288 4403 4232 2487 12801 6032 3436 1921 1349 12575 1188 7340 4849 9266 3731 3280 5901 5535 14763 3388 2524 5631 2491 5319
is_linear=0
shrinkage=0.05


Tree=29
num_leaves=31
num_cat=0
split_feature=3 5 3 3 10 9 5 5 13 7 9 9 12 13 8 7 7 12 7 15 7 8 7 8 15 8 12 12 4 4
split_gain=4114.74 1049.08 869.938 214.028 187.696 164.342 126.721 110.185 98.9745 83.4829 76.7216 75.8068 77.9175 73.3002 66.8908 64.8374 61.7527 58.0733 56.5345 56.3069 54.2597 100.665 53.5077 52.2974 50.5971 49.1344 48.9377 48.3111 46.4101 46.3523
threshold=7.7265717983245858 2.4616667032241826 11.345144748687746 2.6383464336395268 0.9238443672657014 4.9749999046325692 5.5216667652130136 6.0683333873748788 0.37940952181816107 -0.52458885312080372 8.7449998855590838 10.305000305175783 -0.30069434642791742 -0.6035533845424651 0.54162281751632702 0.61287125945091259 0.56424301862716686 -0.52247866988182057 -0.66248837113380421 40.500000000000007 0.98049062490463268 -0.10296135023236273 0.46866798400878912 0.12447811290621759 47.500000000000007 1.0000000180025095e-35 0.30069434642791754 -0.59480014443397511 0.98500001430511486 6.5350000858306894
decision_type=2 2 2 2 2 8 2 2 2 2 8 8 2 2 2 2 2 2 2 2 2 2 2 2 2 2 2 2 2 2
left_child=1 3 4 18 11 -3 13 23 15 14 -8 12 -2 -6 -9 16 19 -7 24 27 -11 -22 -21 -4 -1 -17 -13 -5 -10 -19
right_child=2 5 7 8 6 17 10 9 28 20 -12 26 -14 -15 -16 25 -18 29 -20 22 21 -23 -24 -25 -26 -27 -28 -29 -30 -31
leaf_value=-0.0023410963590953411 0.0060798033235656499 -0.0019189698746928455 0.0081419342704307507 -0.00096396712129016783 0.01026636312632156 0.0010804599855291587 0.0021766225672665536 -0.0018651717951783553 -0.0025014107468117261 0.0086811416971631413 0.009085914359031555 0.007358898103976253 0.00026285568997124061 0.0010607118275159908 0.0094048880939857863 -0.0016279475416082557 0.0051552163773532864 -0.00079977010665603719 -0.0024147362891428206 0.0011070083276299881 -0.01391105652952589 0.0089243214911664537 -0.0027010975018259206 -0.0018488580155190727 0.001000008744856493 -0.00250281778594282 0.0028433114539908435 -0.0024723603038274071 -0.0024838999733937674 0.0034980514631472422
leaf_weight=1372 2388 5699 465 1151 595 3854 264 228 922 3946 1823 2565 4858 1104 418 910 113 10493 4646 1129 80 310 163 238 224 820 1836 1019 3747 543
leaf_count=1372 2388 5699 465 1151 595 3854 264 228 922 3946 1823 2565 4858 1104 418 910 113 10493 4646 1129 80 310 163 238 224 820 1836 1019 3747 543
internal_value=-0.000727627 -0.0108218 0.0168631 -0.0203317 0.0106976 -0.00332864 0.020364 0.0335764 -0.0157731 0.0361941 0.028609 0.00754806 0.00439939 0.0101819 0.0192012 -0.0110829 -0.00722067 -0.000563948 -0.0275972 -0.00842227 0.0387008 0.0205063 -0.000154202 0.0149011 -0.0193629 -0.0190202 0.0127213 -0.0133333 -0.0210847 -0.0024092
internal_weight=57923 36805 21118 16216 15433 20589 3786 5685 9974 4982 2087 11647 7246 1699 646 5305 3575 14890 6242 3462 4336 390 1292 703 1596 1730 4401 2170 4669 11036
internal_count=57923 36805 21118 16216 15433 20589 3786 5685 9974 4982 2087 11647 7246 1699 646 5305 3575 14890 6242 3462 4336 390 1292 703 1596 1730 4401 2170 4669 11036
is_linear=0
shrinkage=0.05


Tree=30
num_leaves=31
num_cat=0
split_feature=3 5 3 3 10 11 3 5 13 6 7 7 15 8 15 7 13 6 8 7 8 8 7 15 3 7 8 8 6 7
split_gain=3856.35 1106.43 802.039 204.946 166.607 147.763 137.313 120.525 91.6879 75.2118 74.3724 70.4241 63.8888 63.3913 59.8541 55.8644 93.0839 57.1188 55.4809 55.4097 103.012 54.6988 54.1837 57.7365 54.1415 54.0933 53.7947 53.3627 56.306 54.6178
threshold=7.976893663406373 2.4616667032241826 11.345144748687746 2.6383464336395268 0.9238443672657014 9.3499999046325701 5.4643654823303232 6.0683333873748788 0.37940952181816107 958.85000610351574 -0.52458885312080372 0.61287125945091259 23.500000000000004 0.54162281751632702 37.500000000000007 0.68472337722778331 -0.37940952181816096 960.35000610351574 1.0000000180025095e-35 0.98049062490463268 -0.10296135023236273 0.12447811290621759 -0.59573787450790394 47.500000000000007 3.5550303459167485 0.72731766104698192 0.51236665248870861 -0.13282711803913114 960.54998779296886 0.94147586822509777
decision_type=2 2 2 2 2 2 2 2 2 2 2 2 2 2 2 2 2 2 2 2 2 2 2 2 2 2 2 2 2 2
left_child=1 3 4 22 15 9 12 21 11 -6 13 14 -3 -9 24 17 -17 -2 -13 -12 -21 -4 23 -1 -5 -18 -26 28 -27 -30
right_child=2 6 7 8 5 -7 -8 10 -10 -11 19 18 -14 -15 -16 16 25 -19 -20 20 -22 -23 -24 -25 26 27 -28 -29 29 -31
leaf_value=-0.0022564279234649934 0.003883712293661665 -0.0021729014540210001 0.0076141296336592699 -0.0023261144228265925 0.0018804307722081139 0.008615025894628231 7.8319244888622191e-05 -0.0010984978155354763 -0.0023777472486022338 0.0096915335955882632 0.0082470846123049845 -0.0016845082786710883 -0.0010658561617129685 0.0089346436892864985 4.2624872354922115e-05 0.0062685234426318077 -0.0070460419178394185 0.0092337623898423454 -0.002387622981598322 -0.013592586751274045 0.0085011611535412042 -0.0024443739755748263 -0.0022939994746856793 0.00090191774078719137 0.0002029595384285852 -0.00074301903521507915 -0.0029847183575171456 -0.0025287879290008617 0.0021306597958251489 0.014069659334475466
leaf_weight=1505 6160 2394 442 892 1373 1578 13609 230 4640 512 3919 898 5892 428 1574 1271 207 777 842 82 305 244 4457 248 846 552 274 1267 211 203
leaf_count=1505 6160 2394 442 892 1373 1578 13609 230 4640 512 3919 898 5892 428 1574 1271 207 777 842 82 305 244 4457 248 846 552 274 1267 211 203
internal_value=-0.000745198 -0.010047 0.0171734 -0.0199617 0.0107927 0.0203143 -0.00271918 0.0330858 -0.015505 0.0108201 0.035802 -0.0110111 -0.00779158 0.0199095 -0.0069897 0.00768798 0.00273143 0.0103356 -0.019255 0.0382046 0.0197704 0.013314 -0.0270957 -0.0195392 -0.0126921 -0.00298569 -0.00533333 -0.000692583 0.00813594 0.021957
internal_weight=57832 38071 19761 16176 14111 3463 21895 5650 9966 1885 4964 5326 8286 658 3586 10648 3711 6937 1740 4306 387 686 6210 1753 2012 2440 1120 2233 966 414
internal_count=57832 38071 19761 16176 14111 3463 21895 5650 9966 1885 4964 5326 8286 658 3586 10648 3711 6937 1740 4306 387 686 6210 1753 2012 2440 1120 2233 966 414
is_linear=0
shrinkage=0.05


Tree=31
num_leaves=31
num_cat=0
split_feature=5 5 4 9 9 6 9 6 15 12 10 13 10 8 7 11 13 5 6 6 12 12 8 8 13 15 7 8 9 5
split_gain=3560.24 1022.66 898.985 224.263 192.017 182.372 162.09 126.268 113.995 111.01 101.387 93.6387 106.62 86.6667 82.2479 74.0236 69.1116 68.3495 67.571 65.9347 67.0003 64.224 64.0835 73.7212 61.5861 87.6728 59.4072 59.1338 55.5644 52.1455
threshold=4.4449999332427987 2.4850000143051152 7.6150000095367441 9.0450000762939471 3.6149998903274541 951.14999389648449 4.9749999046325692 955.04998779296886 44.500000000000007 0.19936034083366397 0.2503704726696015 -0.37940952181816096 0.89490029215812694 0.94917574524879467 0.96906387805938732 8.6500000953674334 0.12940952181816109 5.808333396911622 959.25000000000011 951.75000000000011 0.38266885280609136 0.30069434642791754 -0.97653719782829274 -0.99351876974105824 -0.37940952181816096 29.500000000000004 0.96906387805938732 0.038721922785043723 7.1549999713897714 7.4083333015441903
decision_type=2 2 2 10 10 2 8 2 2 2 2 2 2 2 2 2 2 2 2 2 2 2 2 2 2 2 2 2 10 2
left_child=1 4 3 10 7 17 -3 8 -1 18 22 12 -5 14 16 21 -12 -4 26 -18 -21 -13 23 -2 25 -11 -8 -28 -24 -7
right_child=2 6 5 11 -6 29 9 -9 -10 24 13 15 -14 -15 -16 -17 19 -19 -20 20 -22 -23 28 -25 -26 -27 27 -29 -30 -31
leaf_value=-0.0021792995009513954 -0.0021868511177474625 -0.0017787766300106417 -0.0044442315769970429 0.0059269684547299667 -0.0020528708577989261 0.0079747357611113685 0.00061800667350110086 -0.0021792995009513954 -0.0016139869737381491 -0.0027125608585811785 0.010279305648927504 0.0071312038490957304 0.0097127387861261297 -0.0046487177307760127 -0.0038512918061839128 0.0073546340962803826 0.0075961659734442803 0.007476400758164737 0.0031112448285597338 0.011855748262269889 -0.0063552973553562819 -0.001158999888482995 -0.0022308304177243764 0.012883280598061198 -0.0022500779633295542 0.0023173590916419047 0.0009867493474205527 -0.0063250382219306265 0.0011286411951961729 0.0077401086709997903
leaf_weight=4222 199 4979 165 2068 6060 1414 7296 4301 1771 493 1241 1303 995 324 233 2065 442 1623 1852 83 301 1340 2083 230 3826 1357 163 147 2653 2647
leaf_count=4222 199 4979 165 2068 6060 1414 7296 4301 1771 493 1241 1303 995 324 233 2065 442 1623 1852 83 301 1340 2083 230 3826 1357 163 147 2653 2647
internal_value=-0.000592595 -0.010094 0.0155903 0.00930292 -0.0193777 0.0322942 -0.0025425 -0.0235363 -0.0188146 3.30273e-05 0.00330382 0.0153099 0.0221154 0.0112971 0.0147072 0.0108636 0.0178813 0.0189069 0.00334989 0.00661853 -0.00848329 0.00530589 -0.000764023 0.0176267 -0.00549199 0.00199461 0.00126133 -0.02 -0.00244674 0.0381579
internal_weight=57876 36467 21409 15560 16354 5849 20113 10294 5993 15134 7789 7771 3063 2624 2300 4708 2067 1788 9458 826 384 2643 5165 429 5676 1850 7606 310 4736 4061
internal_count=57876 36467 21409 15560 16354 5849 20113 10294 5993 15134 7789 7771 3063 2624 2300 4708 2067 1788 9458 826 384 2643 5165 429 5676 1850 7606 310 4736 4061
is_linear=0
shrinkage=0.05


Tree=32
num_leaves=31
num_cat=0
split_feature=3 5 3 9 10 9 5 11 12 7 6 5 8 7 12 5 10 8 13 7 6 8 12 9 7 8 8 8 12 6
split_gain=3621.25 1164.47 655.885 209.519 201.243 174.138 129.947 129.213 125.916 94.1902 83.8054 70.1798 61.5038 61.1946 60.9876 79.3833 70.6882 73.9213 58.2239 114.745 56.7279 51.9915 48.8394 56.2652 48.4033 98.2204 47.8976 47.7915 44.8682 60.5684
threshold=8.4875249862670916 2.4616667032241826 11.345144748687746 3.6149998903274541 0.9238443672657014 4.9749999046325692 6.0683333873748788 10.650000095367433 -0.28400452435016627 -0.52458885312080372 954.64999389648449 1.4583333730697634 0.54162281751632702 -0.95117661356925953 -0.47714059054851526 4.4449999332427987 0.9170251488685609 0.94917574524879467 -0.6035533845424651 0.25293653458356863 952.85000610351574 0.12447811290621759 0.36648726463317877 9.6050000190734881 0.98049062490463268 -0.10296135023236273 0.88933694362640392 0.93168920278549205 0.04361772537231446 961.64999389648449
decision_type=2 2 2 10 2 8 2 2 2 2 2 2 2 2 2 2 2 2 2 2 2 2 2 8 2 2 2 2 2 2
left_child=1 3 4 8 22 -3 21 10 11 12 -6 -1 -8 -10 27 18 -17 -18 19 -16 -20 -4 23 -2 -11 -26 28 -7 29 -22
right_child=2 5 6 -5 7 14 9 -9 13 24 -12 -13 -14 -15 15 16 17 -19 20 -21 26 -23 -24 -25 25 -27 -28 -29 -30 -31
leaf_value=-0.0020703345259038258 0.0023440281376518658 -0.0016734509895788556 0.0071158610580091992 -0.0019358732589774255 0.0014995491048254012 0.00093073644183298419 -0.0014303852540639872 0.0078568318568835154 -0.0010732207566074574 0.0074703673799516096 0.0083091880504468866 -0.0016901505205878763 0.0081009060712721789 -0.0020703345259038258 -0.0018169294532696585 -0.00013566119752437267 0.0077354401045425184 -0.0056445239112684828 -0.00048107051733170189 0.0025586182568078097 -0.003174612013588882 -0.0027208920648516544 0.00047711768454499902 0.0058250481211512221 -0.012919108611920688 0.0077592376365653529 0.00016574928029342991 0.0099773322613386263 -0.0037308955949731087 0.0049214054235861594
leaf_weight=1717 2527 5721 455 5898 870 4508 239 994 398 3941 965 2425 417 5702 1129 3605 1370 234 2752 1533 549 240 2100 3915 84 318 630 442 2010 262
leaf_count=1717 2527 5721 455 5898 870 4508 239 994 398 3941 965 2425 417 5702 1129 3605 1370 234 2752 1533 549 240 2100 3915 84 318 630 442 2010 262
internal_value=-0.000605642 -0.00868061 0.0187376 -0.0191267 0.0117924 -0.00186465 0.0325847 0.0233416 -0.0234508 0.0354017 0.0154076 -0.0166868 0.0175492 -0.0280262 0.000436176 -0.00124299 0.00365362 0.0123679 -0.00412063 0.00206224 -0.00677352 0.0122143 0.00795601 0.0101132 0.038075 0.0211302 -0.0110388 0.00520686 -0.0138181 -0.00386029
internal_weight=57950 40885 17065 16140 11371 24745 5694 2829 10242 4999 1835 4142 656 6100 19024 14074 5209 1604 8865 2662 6203 695 8542 6442 4343 402 3451 4950 2821 811
internal_count=57950 40885 17065 16140 11371 24745 5694 2829 10242 4999 1835 4142 656 6100 19024 14074 5209 1604 8865 2662 6203 695 8542 6442 4343 402 3451 4950 2821 811
is_linear=0
shrinkage=0.05


Tree=33
num_leaves=31
num_cat=0
split_feature=3 5 3 4 12 3 5 9 8 11 7 5 7 8 9 12 7 8 15 13 7 15 15 11 13 11 5 12 9 15
split_gain=3481.7 958.941 809.094 188.012 161.104 143.681 100.701 95.7751 86.2454 68.3031 63.9896 63.9402 73.1161 60.2413 55.8088 52.4751 50.4832 68.1698 46.9792 45.2733 43.8948 49.6921 42.058 41.8448 41.1216 38.7472 37.671 36.9398 35.289 35.1868
threshold=7.8884849548339853 2.2150000333786015 10.81395196914673 7.6150000095367441 -0.19936034083366391 5.0068302154541025 1.4583333730697634 3.6149998903274541 0.99805629253387462 5.5499999523162851 -0.95117661356925953 6.1483333110809335 -0.464854747056961 -0.20061247795820233 10.154999732971193 0.36648726463317877 0.78354993462562572 0.12447811290621759 35.500000000000007 -0.91597560048103321 0.89029943943023693 46.500000000000007 25.500000000000004 8.6500000953674334 0.37940952181816107 2.9500000476837163 5.2083332538604745 -0.043617725372314446 7.0250000953674325 85.500000000000014
decision_type=2 2 2 2 2 2 2 10 2 2 2 2 2 2 8 2 2 2 2 2 2 2 2 2 2 2 2 2 10 2
left_child=1 4 8 13 6 22 -1 10 9 18 -6 -5 -13 26 29 -15 24 25 -2 -9 21 -8 -3 -16 -7 -18 -4 -25 -20 -11
right_child=2 5 3 11 7 16 20 19 -10 14 -12 12 -14 15 23 -17 17 -19 28 -21 -22 -23 -24 27 -26 -27 -28 -29 -30 -31
leaf_value=-0.0019668177996086346 -0.0031876684886130977 -0.0018926030869497502 0.0014821892467609928 0.0066554904579016923 -0.0010088653519868328 0.00071290379235252471 -0.0016666484649927962 0.0004172002090389468 0.009952727284562455 0.0037643559481801425 -0.0019668177996086346 0.0068058513969440461 0.0070742065791421617 0.0066953200503062698 0.0048778702549031605 -0.0014276153779269275 -0.0042983311782777613 -0.0036965474420346356 0.013944674497498179 -0.002002769635281411 -0.0021905673409986256 4.365027776272873e-06 -0.0011328118205062522 0.0047267353409077674 -0.0010111031115027454 0.0006119853181706978 0.007643191116084175 0.0070794493595389201 0.00092384202359543097 -0.0025076056800924177
leaf_weight=2096 607 2730 140 304 326 8588 2484 251 270 5589 4802 732 3508 1127 2157 408 261 1191 126 1489 587 1227 5603 561 4530 1539 1104 1133 2157 375
leaf_count=2096 607 2730 140 304 326 8588 2484 251 270 5589 4802 732 3508 1127 2157 408 261 1191 126 1489 587 1227 5603 561 4530 1539 1104 1133 2157 375
internal_value=-0.00054821 -0.00953618 0.0161454 0.0294282 -0.0203588 -0.00366098 -0.0146273 -0.0256802 0.00864022 0.00803698 -0.0291253 0.0357002 0.0372909 0.0191272 0.0100255 0.0124351 -0.000902942 -0.00675901 0.00127807 -0.0154728 -0.0102254 -0.00819429 -0.00898897 0.0147173 0.000434352 -0.000609418 0.0273018 0.0206004 0.00456731 0.00698609
internal_weight=58002 37704 20298 7323 13262 24442 6394 6868 12975 12705 5128 4544 4240 2779 9815 1535 16109 2991 2890 1740 4298 3711 8333 3851 13118 1800 1244 1694 2283 5964
internal_count=58002 37704 20298 7323 13262 24442 6394 6868 12975 12705 5128 4544 4240 2779 9815 1535 16109 2991 2890 1740 4298 3711 8333 3851 13118 1800 1244 1694 2283 5964
is_linear=0
shrinkage=0.05


Tree=34
num_leaves=31
num_cat=0
split_feature=3 5 4 3 12 3 7 5 10 5 8 11 4 7 8 7 8 13 3 8 15 15 7 7 15 10 15 13 10 2
split_gain=3317.82 1035.69 618.706 168.793 156.216 122.949 104.53 103.323 86.8415 84.618 83.4027 81.6423 64.0584 61.077 60.3396 59.0456 57.5136 48.679 62.1622 45.9708 45.619 43.6872 43.4636 42.4011 50.154 42.0271 41.6323 39.223 42.5757 37.7941
threshold=8.5343990325927752 2.2983332872390752 7.8550000190734872 5.5040924549102792 -0.19936034083366391 11.345144748687746 -0.464854747056961 1.4583333730697634 0.90992662310600292 5.8516666889190683 -0.20061247795820233 9.0500001907348651 1.9650000333786013 0.88234141469001781 0.021515898406505588 0.99468535184860241 -0.085847649723291383 0.37940952181816107 7.4076957702636728 -0.91865202784538258 47.500000000000007 23.500000000000004 -0.95117661356925953 0.88234141469001781 46.500000000000007 0.94828754663467418 37.500000000000007 -0.7865660786628722 0.7933231294155122 40.500000000000007
decision_type=2 2 2 2 2 2 2 2 2 2 2 2 2 2 2 2 2 2 2 2 2 2 2 2 2 2 2 2 2 2
left_child=1 4 5 21 7 8 -4 -1 19 -8 -7 26 22 17 15 -15 -12 18 -5 -2 -16 -3 -6 24 -9 -20 -10 28 -14 -24
right_child=2 3 6 13 12 10 9 23 11 -11 16 -13 27 14 20 -17 -18 -19 25 -21 -22 -23 29 -25 -26 -27 -28 -29 -30 -31
leaf_value=-0.0018729434255384159 0.0070311697694697035 -0.0017266598814980848 0.0062242856578356605 0.00028079595214227927 -0.0011063838348025934 0.0070033172554443135 -0.00079553252856812704 -0.0015442590600768351 0.0011072492079932661 0.0067139673687035056 -0.010887610032111542 0.0078469991772024596 -0.0019227708376297005 -0.0017407627179072795 -0.0071299622617754417 0.0054974379445140043 0.0062793980946045554 -0.00066009378306075843 0.0027752701015040294 0.0025465209460149964 -0.0028882033154331052 -0.001048472546851606 -0.0018684769096282028 -0.0020567547277788208 1.966620539656447e-05 0.0083853308427257744 0.0077980139192654566 -0.0018684769096282028 0.00095850838776794303 -0.001615870846182211
leaf_weight=2099 892 2698 1014 5967 300 981 133 2667 743 3611 118 966 173 926 100 364 1030 4799 2894 6184 1192 7363 4369 672 1357 497 1159 1673 260 573
leaf_count=2099 892 2698 1014 5967 300 981 133 2667 743 3611 118 966 173 926 100 364 1030 4799 2894 6184 1192 7363 4369 672 1357 497 1159 1673 260 573
internal_value=-0.000524412 -0.00820675 0.0181605 -0.00242865 -0.0191511 0.0121336 0.0334243 -0.0136691 0.00978993 0.0372899 0.0230319 0.017125 -0.0242078 0.000647993 -0.0064167 0.00123552 0.0137901 0.00193829 0.00403717 0.00680695 -0.0140324 -0.0075452 -0.0271774 -0.00952989 -0.00757012 0.00943757 0.0110645 -0.0167693 -0.0033105 -0.0283
internal_weight=57774 40943 16831 26800 14143 12073 4758 6795 9944 3744 2129 2868 7348 16739 2582 1290 1148 14157 9358 7076 1292 10061 5242 4696 4024 3391 1902 2106 433 4942
internal_count=57774 40943 16831 26800 14143 12073 4758 6795 9944 3744 2129 2868 7348 16739 2582 1290 1148 14157 9358 7076 1292 10061 5242 4696 4024 3391 1902 2106 433 4942
is_linear=0
shrinkage=0.05


Tree=35
num_leaves=31
num_cat=0
split_feature=3 5 3 10 12 9 5 9 5 5 7 14 8 7 8 15 7 12 8 7 3 7 8 15 13 7 7 7 12 8
split_gain=3149.08 1069.09 547.719 200.507 186.658 153.561 122.404 104.714 102.908 96.1546 87.5192 68.4501 63.0929 62.96 61.2917 56.6352 56.1316 54.8971 51.3362 54.2081 50.956 47.8908 93.0855 45.3498 43.8415 99.1991 89.3229 59.0396 55.9838 39.2118
threshold=8.8769507408142108 2.4183334112167363 11.534680366516115 0.93038213253021251 -0.19936034083366391 4.9749999046325692 5.5616667270660409 3.6149998903274541 1.4583333730697634 6.0683333873748788 -0.52458885312080372 5.6150000095367441 0.97368243336677562 -0.95117661356925953 0.54162281751632702 36.500000000000007 0.85247093439102184 0.36648726463317877 0.89896130561828624 0.28604298830032354 10.328057765960695 0.98049062490463268 -0.10296135023236273 45.500000000000007 -0.6035533845424651 -0.67526665329933155 0.70329648256301891 0.99372953176498424 -0.043617725372314446 -0.20061247795820233
decision_type=2 2 2 2 2 8 2 10 2 2 2 10 2 2 2 2 2 2 2 2 2 2 2 2 2 2 2 2 2 2
left_child=1 4 3 17 8 -3 -5 13 -1 -4 14 12 24 -6 -11 -14 23 20 -13 -20 -2 -12 -23 -10 25 29 -26 28 -28 -7
right_child=2 5 9 6 7 11 -8 -9 16 10 21 18 15 -15 -16 -17 -18 -19 19 -21 -22 22 -24 -25 26 -27 27 -29 -30 -31
leaf_value=-0.0017748297383512819 0.0035305212860007873 -0.0014132437178032483 0.0053304680049564741 0.0037663920521862405 -0.00085006535831413975 -0.0042924095719060291 0.0066804297259439151 -0.0017962460528197404 -0.0013942293907652035 -0.003111583565084747 0.0064469633735890486 0.00067946698255056119 -0.0054964610673821331 -0.0017750530641467929 0.0070443539149695868 -0.0003986159527698874 -0.0019606354336995668 0.00042141848919178274 0.0028682179425512434 0.012443007801512957 0.0059633217573747434 -0.011774118506717612 0.0067033943451884851 0.00015535894804709455 1.0312439007417047e-05 0.0022923896175541694 0.00050135811798787612 0.002474496397297658 -0.0041568013668747189 0.00080769600733714077
leaf_weight=2093 3688 6027 545 712 368 493 1484 2423 3046 211 3738 8941 423 5339 377 395 840 1968 1295 260 2166 82 283 1528 4874 2182 332 224 1144 308
leaf_count=2093 3688 6027 545 712 368 493 1484 2423 3046 211 3738 8941 423 5339 377 395 840 1968 1295 260 2166 82 283 1528 4874 2182 332 224 1144 308
internal_value=-0.000474963 -0.00746474 0.0190117 0.0121521 -0.017859 -0.00141992 0.0254884 -0.02311 -0.0121605 0.0321122 0.0344229 0.000610749 -0.00226879 -0.026812 0.0161889 -0.0155529 -0.0085071 0.00839402 0.00345681 0.0118269 0.010821 0.0370131 0.0193243 -0.00631142 -0.00112424 0.00389893 -0.00340477 -0.0132551 -0.0168805 -0.0111042
internal_weight=57789 42535 15254 10018 15637 26898 2196 8130 7507 5236 4691 20871 10375 5707 588 818 5414 7822 10496 1555 5854 4103 365 4574 9557 2983 6574 1700 1476 801
internal_count=57789 42535 15254 10018 15637 26898 2196 8130 7507 5236 4691 20871 10375 5707 588 818 5414 7822 10496 1555 5854 4103 365 4574 9557 2983 6574 1700 1476 801
is_linear=0
shrinkage=0.05


Tree=36
num_leaves=31
num_cat=0
split_feature=3 5 3 10 12 3 5 4 5 9 8 8 13 10 6 12 9 13 3 15 6 8 13 6 15 6 5 8 6 9
split_gain=3058.39 934.357 630.312 188.457 161.571 158.529 131.718 112.397 98.2525 86.8784 60.3391 79.8358 53.9051 64.9057 82.9291 53.8165 55.764 53.257 46.8824 46.6817 49.4133 47.1553 55.5109 45.7279 63.8592 45.6977 46.7233 44.3995 44.2171 53.1301
threshold=8.4875249862670916 2.2983332872390752 11.635683536529543 0.9170251488685609 -0.23343648016452787 5.868962526321412 5.5616667270660409 7.9349999427795419 1.4583333730697634 4.0250000953674325 -0.20061247795820233 -0.081558488309383378 0.12940952181816109 0.87032255530357372 943.35000610351574 0.36648726463317877 10.034999847412111 -0.7865660786628722 9.932472229003908 23.500000000000004 952.64999389648449 -0.70785933732986439 0.60355338454246532 951.14999389648449 43.500000000000007 953.35000610351574 4.805000066757203 -0.7433299422264098 954.25000000000011 8.8350000381469744
decision_type=2 2 2 2 2 2 2 2 2 10 2 2 2 2 2 2 8 2 2 2 2 2 2 2 2 2 2 2 2 8
left_child=1 4 3 15 8 19 -5 10 -1 23 -4 -12 -7 -14 -15 16 -2 -11 -8 20 -3 22 27 24 -6 26 -16 -21 29 -23
right_child=2 5 7 6 9 12 18 -9 -10 17 11 -13 13 14 25 -17 -18 -19 -20 21 -22 28 -24 -25 -26 -27 -28 -29 -30 -31
leaf_value=-0.0016860882514337179 0.0024516829838699197 -0.0012897439281428899 0.0063308032239926433 0.0041888631198937877 -0.0017285333667249809 0.0011417927787686882 0.0071503802335365491 0.0061063766246616307 -0.0013892103331415975 0.00025807097031628132 -0.012781902413742855 0.0061235887024602203 0.0012537458671385616 0.0091231904834768712 -0.0025044770884758705 -1.6158554593243003e-05 0.0049556988045578957 -0.0017992109771140957 0.0061084800750519815 0.00060865817839123731 -0.002270053910087813 -0.0010107440630862912 -0.0020074041738402204 -0.0016863004109394534 -0.00027759056802921424 -0.0034675203314227286 0.006992888611380383 0.010965099885715219 -0.0019708774665509235 0.0032361415115104231
leaf_weight=2041 3286 2713 818 1417 1539 8543 866 3265 4611 363 108 833 2858 177 1012 2043 3287 1309 1102 1490 354 3562 672 3945 392 1780 355 138 2742 316
leaf_count=2041 3286 2713 818 1417 1539 8543 866 3265 4611 363 108 833 2858 177 1012 2043 3287 1309 1102 1490 354 3562 672 3945 392 1780 355 138 2742 316
internal_value=-0.00057385 -0.00798446 0.0172314 0.0109987 -0.0183457 -0.00247408 0.0209882 0.0320939 -0.0126483 -0.023355 0.0217971 0.013055 0.00100136 -0.00255374 -0.00729949 0.00706415 0.00926573 -0.0132379 0.0293462 -0.00674199 -0.0120605 -0.00490756 0.00125813 -0.02622 -0.0198089 -0.00918464 -0.00229592 0.00624617 -0.00704906 -0.00360546
internal_weight=57937 40912 17025 12001 14200 26712 3385 5024 6652 7548 1759 941 14725 6182 3324 8616 6573 1672 1968 11987 3067 8920 2300 5876 1931 3147 1367 1628 6620 3878
internal_count=57937 40912 17025 12001 14200 26712 3385 5024 6652 7548 1759 941 14725 6182 3324 8616 6573 1672 1968 11987 3067 8920 2300 5876 1931 3147 1367 1628 6620 3878
is_linear=0
shrinkage=0.05


Tree=37
num_leaves=31
num_cat=0
split_feature=4 5 4 6 5 6 14 12 12 11 7 15 12 6 7 8 11 13 15 13 7 8 13 11 7 11 10 7 15 8
split_gain=2830.82 1109.31 466.099 166.556 165.912 150.956 137.523 100.772 97.6717 74.8249 67.0316 67.3983 65.7824 65.7771 80.237 70.1889 65.7247 60.4953 57.3925 65.0603 60.8873 56.2991 53.5755 53.2551 52.3752 50.6764 88.114 72.3129 60.1054 45.8254
threshold=6.2049999237060556 2.4850000143051152 7.9349999427795419 950.85000610351574 1.7150000333786013 958.95001220703136 5.3550000190734872 0.44618082046508795 -0.16504132002592084 6.7500000000000009 0.88234141469001781 37.500000000000007 -0.28400452435016627 947.04998779296886 -0.019329105038195845 -0.99532556533813465 8.5500001907348651 0.60355338454246532 24.500000000000004 -0.37940952181816096 -0.93400302529335011 -0.97653719782829274 -0.91597560048103321 3.9500000476837163 -0.5677773356437682 9.3499999046325701 -0.95878320932388295 0.98049062490463268 21.500000000000004 -0.8893369436264037
decision_type=2 2 2 2 2 2 10 2 2 2 2 2 2 2 2 2 2 2 2 2 2 2 2 2 2 2 2 2 2 2
left_child=1 4 5 16 12 25 18 9 -6 -7 13 -12 23 14 17 -15 -4 -8 20 -20 -3 -17 -10 -1 -21 28 -27 -28 -2 -23
right_child=2 6 3 -5 8 7 10 -9 22 -11 11 -13 -14 15 -16 21 -18 -19 19 24 -22 29 -24 -25 -26 26 27 -29 -30 -31
leaf_value=-0.0016443880029892927 -0.0054905305627418119 0.00050571646200742724 -0.0036896774376642297 0.005705170591148623 -0.0011469454139842337 0.0069951495186349969 -4.4831902864789223e-05 0.002311679722420368 -0.00034853294673005186 0.006475133555874233 -0.0068148655207760063 -0.00088868171665687501 -0.0016019853903924807 -0.0031478133456273082 0.017029305439763619 0.0074538070480913987 0.0058205321631196356 -0.0044936062932370126 0.00067298349124790134 0.00047343428307946163 -0.0020593396018870154 -0.00070617280631286308 -0.0016918181206418586 0.00042958340395761777 -0.0017972855674752834 0.0012332314758966415 0.0062153018844380466 -0.0074722532338231803 0.0026373226396819065 0.0026440993401336795
leaf_weight=2867 210 597 155 3253 4505 476 2378 506 536 1384 93 2505 3855 479 164 723 1182 649 3286 1597 2138 1330 4215 336 4503 1414 1864 154 3114 7330
leaf_count=2867 210 597 155 3253 4505 476 2378 506 536 1384 93 2505 3855 479 164 723 1182 649 3286 1597 2138 1330 4215 336 4503 1414 1864 154 3114 7330
internal_value=-0.000401363 -0.00657277 0.0194357 0.0324266 -0.0169189 0.0128848 -0.000493214 0.0237453 -0.012504 0.0291153 0.00260284 -0.00472532 -0.0226957 0.00406264 -0.00217459 0.00608088 0.0174739 -0.00404024 -0.00449035 -0.00263018 -0.0108577 0.00703558 -0.0175042 -0.0173473 -0.00568387 0.00906671 0.0133256 0.0200198 0.00465605 0.00590883
internal_weight=57798 44086 13712 4590 16314 9122 27772 2366 9256 1860 15651 2598 7058 13053 3191 9862 1337 3027 12121 9386 2735 9383 4751 3203 6100 6756 3432 2018 3324 8660
internal_count=57798 44086 13712 4590 16314 9122 27772 2366 9256 1860 15651 2598 7058 13053 3191 9862 1337 3027 12121 9386 2735 9383 4751 3203 6100 6756 3432 2018 3324 8660
is_linear=0
shrinkage=0.05


Tree=38
num_leaves=31
num_cat=0
split_feature=3 5 3 10 5 12 9 5 7 9 5 13 12 6 8 7 3 13 8 8 7 8 11 7 12 7 6 12 8 5
split_gain=2805.56 861.63 619.014 187.134 148.118 144.405 140.394 119.446 106.729 95.6074 82.6827 56.0495 54.7189 54.5697 49.4646 48.4924 48.4427 46.8698 46.1519 56.7158 46.0591 79.409 42.5366 41.8018 40.9088 40.9056 74.8324 72.3927 49.2369 42.5952
threshold=8.4063816070556658 2.2150000333786015 11.345144748687746 0.9238443672657014 6.0683333873748788 -0.19936034083366391 4.5750000476837167 5.5950000286102304 -0.52458885312080372 4.0250000953674325 1.5116666555404665 0.37940952181816107 0.36648726463317877 952.04998779296886 0.54162281751632702 -0.92772412300109852 7.0389683246612558 -0.7865660786628722 -0.70785933732986439 -0.6576542556285857 0.98049062490463268 -0.10296135023236273 6.7500000000000009 0.51358211040496837 -0.67556449770927418 -0.60945609211921681 947.45001220703136 -0.5663846731185912 0.8730936348438264 4.5750000476837167
decision_type=2 2 2 2 2 2 8 2 2 10 2 2 2 2 2 2 2 2 2 2 2 2 2 2 2 2 2 2 2 2
left_child=1 5 3 12 -4 10 13 -5 14 15 -1 16 -2 -3 -6 -7 18 -11 23 -20 -10 -22 -14 24 -8 26 -13 28 -27 -28
right_child=2 6 4 7 8 9 11 -9 20 17 -12 25 22 -15 -16 -17 -18 -19 19 -21 21 -23 -24 -25 -26 27 29 -29 -30 -31
leaf_value=-0.001521684569342408 0.0035190472144792126 -0.0007961139609161948 0.0038802682692951063 0.0033766397312079729 -0.0029994893686955712 -0.00082006262478979053 0.0036699627698102452 0.0058130884903807639 0.0055292962679699079 0.00064737370358079651 -0.0012705268501784412 -0.0013423586071679887 -0.0023083354312575829 -0.0018356908924150634 0.0061015588584305948 -0.0015218861208728567 0.0021662800104176511 -0.0015720391781503856 -0.0043470419401268976 -0.00046297964498373328 -0.011189292968657817 0.0057776472671385477 0.0033428108421772133 0.0062771014446155798 -0.00024173451438780602 -0.00010776940755128362 0.0016476322517160677 -0.0023988883871088602 0.012089397041834135 0.010229405373429784
leaf_weight=2350 6759 3620 709 1204 242 430 445 1743 3947 308 4011 1504 1054 2488 413 5026 4805 1076 272 6183 85 317 1126 339 1678 551 569 4277 204 240
leaf_count=2350 6759 3620 709 1204 242 430 445 1743 3947 308 4011 1504 1054 2488 413 5026 4805 1076 272 6183 85 317 1126 339 1678 551 569 4277 204 240
internal_value=-0.000385478 -0.00764716 0.0162719 0.00976369 0.0297919 -0.0181243 -0.00255519 0.0206809 0.0328209 -0.0231702 -0.0126846 -0.000619305 0.00615496 -0.00922624 0.0138636 -0.0261491 0.00126757 -0.0113751 -0.000913472 -0.00313467 0.0356569 0.0191646 -0.000732265 0.00490474 0.00227914 -0.00414286 0.00135893 -0.00667064 0.00756579 0.0135749
internal_weight=57975 40376 17599 11886 5713 13201 27175 2947 5004 6840 6361 21067 8939 6108 655 5456 13722 1384 8917 6455 4349 402 2180 2462 2123 7345 2313 5032 755 809
internal_count=57975 40376 17599 11886 5713 13201 27175 2947 5004 6840 6361 21067 8939 6108 655 5456 13722 1384 8917 6455 4349 402 2180 2462 2123 7345 2313 5032 755 809
is_linear=0
shrinkage=0.05


Tree=39
num_leaves=31
num_cat=0
split_feature=4 5 4 6 9 6 9 6 7 8 15 15 14 11 14 2 7 9 5 13 15 7 15 15 13 8 11 7 7 7
split_gain=2639.91 1040.61 466.863 186.009 159.127 133.656 130.492 111.71 106.695 78.3871 76.6012 71.609 65.4915 64.496 59.0839 52.3926 50.6494 50.0756 54.6993 48.4982 62.5108 79.1978 47.9222 58.0324 53.9633 49.8609 46.0981 44.0766 44.0243 49.9546
threshold=6.2049999237060556 2.4616667032241826 7.8550000190734872 950.85000610351574 2.4550000429153447 958.95001220703136 6.9149999618530282 952.25000000000011 0.88637545704841625 0.021515898406505588 59.500000000000007 42.500000000000007 7.9849998950958261 7.5499999523162851 11.484999656677248 40.500000000000007 0.16894881427288058 9.2550001144409197 5.3816666603088388 1.0000000180025095e-35 38.500000000000007 0.28604298830032354 75.500000000000014 43.500000000000007 0.60355338454246532 -0.95444580912590016 11.550000190734865 0.31881132721900945 0.98049062490463268 0.99372953176498424
decision_type=2 2 2 2 10 2 8 2 2 2 2 2 10 2 10 2 2 10 2 2 2 2 2 2 2 2 2 2 2 2
left_child=1 4 5 14 7 17 -3 11 12 -10 -11 -1 16 -7 -4 -9 -8 -2 -19 -18 -21 -22 23 24 25 -6 -5 -25 -20 -30
right_child=2 6 3 26 22 13 8 15 9 10 -12 -13 -14 -15 -16 -17 19 18 28 20 21 -23 -24 27 -26 -27 -28 -29 29 -31
leaf_value=-0.0014860843743727077 8.6644742436273192e-05 -0.00089802800538202126 0.0028918884213481044 0.0051335894771245066 -0.0015380234758806694 0.0055909248055737498 -0.00045304972113798252 -0.001445791814829214 0.00090198064682595893 -0.0083045299881237683 -0.001684119111955073 -0.00027035050337766603 0.0051742877074069495 0.0058632368817251425 0.0055586051311430186 -0.0014434802102454469 0.0032339971060060119 0.0014753925496714532 0.0049832151216861412 -0.0039665130360073521 0.013952414347935245 0.00011086801436404337 -0.0015505491998312475 7.2316181824957222e-06 -0.0016242310861717944 -0.00098517431214464077 0.0051888786573998646 -0.0014012575639515655 -0.011741880422962987 0.0050518795859058668
leaf_weight=2365 1459 12770 840 1143 524 760 4501 3405 1545 335 1076 788 3240 1487 592 480 2399 1738 3109 420 230 1537 1111 1648 1391 2552 2307 1858 137 127
leaf_count=2365 1459 12770 840 1143 524 760 4501 3405 1545 335 1076 788 3240 1487 592 480 2399 1738 3109 420 230 1537 1111 1648 1391 2552 2307 1858 137 127
internal_value=-0.000407747 -0.00635469 0.0187646 0.0311643 -0.0164755 0.0118851 -0.000536389 -0.0221213 0.00258046 -0.00594394 -0.0144421 -0.0150887 0.00462618 0.0224023 0.015936 -0.0278021 0.00244721 0.00827376 0.010604 0.00614245 0.000752737 0.00488149 -0.0120915 -0.0107232 -0.0145013 -0.0107757 0.037453 -0.00589576 0.0143132 -0.00520446
internal_weight=57874 44175 13699 4882 16122 8817 28053 7038 15283 2956 1411 3153 12327 2247 1432 3885 9087 6570 5111 4586 2187 1767 9084 7973 4467 3076 3450 3506 3373 264
internal_count=57874 44175 13699 4882 16122 8817 28053 7038 15283 2956 1411 3153 12327 2247 1432 3885 9087 6570 5111 4586 2187 1767 9084 7973 4467 3076 3450 3506 3373 264
is_linear=0
shrinkage=0.05


Tree=40
num_leaves=31
num_cat=0
split_feature=3 5 4 3 6 9 3 11 6 7 13 6 8 8 15 7 15 11 6 8 7 6 8 15 9 8 11 8 7 3
split_gain=2617.75 949.198 530.115 165.743 154.204 116.015 94.309 84.7797 79.0054 112.798 77.0897 72.8758 55.2067 68.5193 78.8615 53.3589 54.4158 50.1945 49.9689 75.8723 47.8434 45.6031 46.1271 44.6356 44.547 42.0868 43.103 79.9485 41.9735 41.9725
threshold=9.0610904693603533 2.4850000143051152 8.0150003433227557 2.6820437908172612 950.85000610351574 4.9749999046325692 10.81395196914673 8.5500001907348651 963.14999389648449 0.98049062490463268 0.37940952181816107 952.04998779296886 0.99805629253387462 0.97368243336677562 43.500000000000007 0.88234141469001781 35.500000000000007 7.5499999523162851 951.64999389648449 0.090250775218009963 0.99372953176498424 947.35000610351574 -0.99351876974105824 44.500000000000007 1.4049999713897707 0.20931270718574527 10.949999809265138 0.40542197227478033 -0.98994910717010487 13.002299308776857
decision_type=2 2 2 2 2 8 2 2 2 2 2 2 2 2 2 2 2 2 2 2 2 2 2 2 10 2 2 2 2 2
left_child=1 3 6 11 7 -3 -2 -4 9 25 18 23 13 15 -15 21 -17 -10 -5 -20 -11 28 -23 -1 -12 -8 27 -27 -7 -9
right_child=2 5 4 10 -6 12 8 29 17 20 24 -13 -14 14 -16 16 -18 -19 19 -21 -22 22 -24 -25 -26 26 -28 -29 -30 -31
leaf_value=-0.0013890239802744804 0.0035637496044797603 -0.0011448414796071677 -0.0066860135572411111 -0.00027285177506556138 0.0049294347245298692 0.0026727875545903435 0.005308359874827623 0.0035556445835858794 -0.0016223325198259587 -0.011652017621974814 -0.0014715768909916863 -0.0013735022240877533 0.0061936393029098369 -0.0043522987529129977 0.001615754148858309 -0.0052303221055971828 -0.00086835567574716083 0.0054927657807646415 -0.00072238162703434363 -0.0015657207185487269 0.0024779834951045247 -0.0023068665223558485 0.0013628833848765426 -0.000697351132660984 -0.0014667441727278761 -0.011534461128038298 0.0048745901053073581 0.0044028499849727036 -0.00113172261270644 0.0054325684044406776
leaf_weight=2315 6447 5612 85 2302 3011 817 1465 594 83 193 560 3548 429 655 523 104 3053 545 1567 1424 191 712 10981 556 4063 109 743 408 4191 458
leaf_count=2315 6447 5612 85 2302 3011 817 1465 594 83 193 560 3548 429 655 523 104 3053 545 1567 1424 191 712 10981 556 4063 109 743 408 4191 458
internal_value=-0.00040347 -0.00652049 0.0181209 -0.0160373 0.0331808 -0.000777269 0.0119737 0.0173818 0.0182924 0.0149807 -0.0119746 -0.0222992 0.0008966 0.000532294 -0.0111581 0.00122841 -0.00472802 0.0344392 -0.00784258 -0.0120995 -0.0102828 0.00235544 0.0040648 -0.0163248 -0.0166919 0.0185531 0.0117787 0.000670498 -0.00163575 0.0212867
internal_weight=57744 43412 14332 16335 4148 27077 10184 1137 3737 3109 9916 6419 21465 21036 1178 19858 3157 628 5293 2991 384 16701 11693 2871 4623 2725 1260 517 5008 1052
internal_count=57744 43412 14332 16335 4148 27077 10184 1137 3737 3109 9916 6419 21465 21036 1178 19858 3157 628 5293 2991 384 16701 11693 2871 4623 2725 1260 517 5008 1052
is_linear=0
shrinkage=0.05


Tree=41
num_leaves=31
num_cat=0
split_feature=3 5 4 6 12 3 10 3 9 3 3 5 8 8 7 7 6 8 15 6 12 10 12 8 7 7 10 12 15 2
split_gain=2533.66 871.615 536.721 175.726 147.712 137.586 123.395 89.1069 80.0975 71.527 71.0957 69.2565 68.8897 59.5499 54.6435 52.9849 51.3388 43.992 64.2267 43.4888 40.7876 54.7207 55.6983 48.7638 40.7639 40.6588 40.6073 40.4864 40.1686 39.418
threshold=8.8769507408142108 2.2150000333786015 7.9349999427795419 950.85000610351574 -0.28400452435016627 5.868962526321412 0.9170251488685609 10.537905216217043 4.0250000953674325 13.002299308776857 11.184541225433351 1.5116666555404665 -0.20061247795820233 -0.081558488309383378 0.88234141469001781 -0.92772412300109852 954.64999389648449 0.021515898406505588 59.500000000000007 965.64999389648449 -0.47714059054851526 0.9536806344985963 -0.18222858756780622 0.93168920278549205 0.99630826711654674 0.88234141469001781 0.9536806344985963 0.70088258385658275 46.500000000000007 15.500000000000002
decision_type=2 2 2 2 2 2 2 2 10 2 2 2 2 2 2 2 2 2 2 2 2 2 2 2 2 2 2 2 2 2
left_child=1 4 6 9 11 -3 10 16 15 26 -2 -1 -12 -14 19 -6 -8 24 -19 20 23 27 -23 -7 -16 28 -4 -22 -13 -17
right_child=2 5 3 -5 8 14 7 -9 -10 -11 12 25 13 -15 17 29 -18 18 -20 -21 21 22 -24 -25 -26 -27 -28 -29 -30 -31
leaf_value=-0.0013171094054996201 0.0023657116054606603 -0.0009303309879110307 5.8421712780043493e-05 0.0046613863143971871 -0.00065228796678491957 0.0017326417416394569 0.0022192216006599766 0.0050650678846212828 -0.0013077040513850152 0.0051822674131022017 0.0051368291547893713 -0.0011840793952037619 -0.01148736546324465 0.0036592248670500958 -0.0012623507988589544 -0.0013048271128833656 0.0061930947457055577 -0.0060764951396023031 -0.0012952923025413843 0.0087890469055522287 -0.00059299912451041552 -0.0037077345572001097 0.0052940689303086017 0.010914945389554166 0.0043468396401831451 -0.0015980858064255624 0.0049528193845771312 0.0048610092197546089 0.00063219323240307353 -0.0013048271128833656
leaf_weight=2210 6061 12896 601 3209 467 2837 841 857 1490 480 926 2183 122 1088 1014 2003 910 225 1065 389 8179 255 1308 427 364 530 158 455 1063 3325
leaf_count=2210 6061 12896 601 3209 467 2837 841 857 1490 480 926 2183 122 1088 1014 2003 910 225 1065 389 8179 255 1308 427 364 530 158 455 1063 3325
internal_value=-0.000300295 -0.00655071 0.0171877 0.0317988 -0.0171851 -0.00175057 0.011161 0.0206276 -0.0219684 0.0157154 0.00813826 -0.0113504 0.0159738 0.00806584 0.00127096 -0.0246293 0.0140945 -0.00527497 -0.0118919 0.00253338 0.00205332 0.000495001 0.00908801 0.00691343 0.000939986 -0.00722031 0.00608639 -0.00106494 -0.00510612 -0.0260454
internal_weight=57938 42685 15253 4448 13271 29414 10805 2608 7285 1239 8197 5986 2136 1210 16518 5795 1751 2668 1290 13850 13461 10197 1563 3264 1378 3776 759 8634 3246 5328
internal_count=57938 42685 15253 4448 13271 29414 10805 2608 7285 1239 8197 5986 2136 1210 16518 5795 1751 2668 1290 13850 13461 10197 1563 3264 1378 3776 759 8634 3246 5328
is_linear=0
shrinkage=0.05


Tree=42
num_leaves=31
num_cat=0
split_feature=3 5 4 6 3 3 13 6 3 7 6 8 11 9 5 6 15 12 8 15 7 9 15 6 8 12 6 5 11 15
split_gain=2464.78 840.583 514.055 195.669 166.16 109.432 81.9566 81.8177 80.0489 65.3911 64.4494 75.5453 64.0275 78.8262 59.3082 53.2784 47.7278 47.5789 43.7017 59.2935 46.9618 41.5012 37.3138 36.9367 43.6966 36.7062 36.6894 36.1049 35.0085 34.8395
threshold=9.0610904693603533 2.4183334112167363 7.5750000476837167 951.14999389648449 2.6383464336395268 5.868962526321412 0.37940952181816107 952.25000000000011 12.871152877807619 0.88234141469001781 951.64999389648449 1.0000000180025095e-35 7.0499999523162851 9.6050000190734881 6.3416666984558114 963.75000000000011 23.500000000000004 0.36648726463317877 0.021515898406505588 59.500000000000007 0.90906259417533886 1.4049999713897707 35.500000000000007 952.35000610351574 0.038721922785043723 0.46173103153705602 948.64999389648449 5.6583333015441903 4.5499999523162851 42.500000000000007
decision_type=2 2 2 2 2 2 2 2 2 2 2 2 2 8 2 2 2 2 2 2 2 10 2 2 2 2 2 2 2 2
left_child=1 4 12 8 7 16 10 29 27 -7 -6 22 17 -14 -5 -15 23 26 20 -20 -11 -8 -12 24 -3 -16 -2 -4 -13 -1
right_child=2 5 3 14 6 9 21 -9 -10 18 11 28 13 15 25 -17 -18 -19 19 -21 -22 -23 -24 -25 -26 -27 -28 -29 -30 -31
leaf_value=-0.001254331425616588 -0.0065752010850830241 -0.0015423665095743223 -0.0071372093612520312 0.0045793861679608583 -2.8840379908168582e-05 0.00095968246233616653 -0.0013470694002325513 -0.0012395857572391974 0.0048849830156892761 -0.004659006954940835 -0.0015223254081870364 -0.0013806448385969017 0.0021671955285255894 0.0047121163104608954 0.0043693248777368137 0.0055586328932224933 -0.00054893432415031829 -0.002157548915934135 -0.0058508122193738563 -0.0014407342092163336 0.0014085815011598323 -0.0013340178588400989 0.00012939375694747575 -0.0019006309586840041 0.00022341777606847864 0.0047724207333708054 0.0048922940193908866 0.0030290650919915008 -0.00048763330255477064 -0.0008149163016952422
leaf_weight=2197 228 1871 90 429 2144 14456 570 3379 574 215 336 1186 1869 3465 3279 510 7728 822 246 1137 1220 3871 1116 356 660 336 1767 952 269 618
leaf_count=2197 228 1871 90 429 2144 14456 570 3379 574 215 336 1186 1869 3465 3279 510 7728 822 246 1137 1220 3871 1116 356 660 336 1767 952 269 618
internal_value=-0.00031433 -0.00622877 0.0176776 0.029391 -0.0154866 -0.00101993 -0.0113194 -0.0218584 0.0146206 0.00143527 -0.00695214 -0.011796 0.0100104 0.0129937 0.035268 0.0169724 -0.00501412 0.00380936 -0.00552604 -0.0118516 0.000590278 -0.0162731 -0.00370625 -0.0104945 -0.00833991 0.0373619 0.007975 0.00630372 -0.0198288 -0.0155142
internal_weight=57896 43575 14321 5660 15686 27889 9492 6194 1616 17274 5051 2907 8661 5844 4044 3975 10615 2817 2818 1383 1435 4441 1452 2887 2531 3615 1995 1042 1455 2815
internal_count=57896 43575 14321 5660 15686 27889 9492 6194 1616 17274 5051 2907 8661 5844 4044 3975 10615 2817 2818 1383 1435 4441 1452 2887 2531 3615 1995 1042 1455 2815
is_linear=0
shrinkage=0.05


Tree=43
num_leaves=31
num_cat=0
split_feature=4 5 3 3 3 6 15 11 6 13 10 11 15 9 10 4 15 10 13 8 8 14 9 12 12 8 8 6 8 15
split_gain=2321.01 1041.75 285.84 169.107 151.819 137.706 87.581 83.7029 74.0353 69.881 65.6598 61.0456 59.8058 55.8575 53.7734 57.1419 49.7898 47.8547 92.653 50.1048 53.075 47.6289 45.1517 45.0292 44.4811 42.9015 43.53 41.4016 39.9119 39.0887
threshold=6.9649999141693124 2.4850000143051152 11.977499961853029 2.6820437908172612 7.803765296936036 951.04998779296886 75.500000000000014 10.650000095367433 952.04998779296886 0.37940952181816107 0.93663650751113903 5.6499998569488534 43.500000000000007 4.4749999046325692 0.9238443672657014 8.1449999809265154 42.500000000000007 0.90255093574523937 -0.37940952181816096 -0.97653719782829274 -0.98902499675750721 10.375000000000002 12.675000190734865 -0.59480014443397511 -0.41467745602130884 0.86458376049995433 1.0000000180025095e-35 951.35000610351574 0.97269129753112804 30.500000000000004
decision_type=2 2 2 2 2 2 2 2 2 2 2 2 2 8 2 2 2 2 2 2 2 8 8 2 2 2 2 2 2 2
left_child=1 3 5 8 13 -2 9 -7 16 23 -9 22 -11 27 15 -4 -1 19 28 20 29 -17 -6 -5 -21 26 -8 -3 -19 -13
right_child=2 4 14 6 11 7 25 10 -10 12 -12 17 -14 -15 -16 21 -18 18 -20 24 -22 -23 -24 -25 -26 -27 -28 -29 -30 -31
leaf_value=-0.0012076636509198867 0.0016066542877327646 -0.00052337231650093356 0.0041339985837004602 0.00012431277374514994 -0.0008065807824502142 0.004252725638109806 -0.0011727864599595707 0.0041104769889989323 -0.0011776064693772377 -0.0013897172248225054 0.0045187931118829796 0.0068068125835254768 -0.00092551648283326245 -0.0001804062428349157 0.0044879560717596472 0.0042789082935351056 -0.00055588229066819172 0.0069858416537552318 0.0020079388805935546 0.0041548630959403199 0.013296600913512036 0.0043102772348112472 0.011990518874653081 -0.001160651996132018 0.00043236281335101712 0.0025223667555562962 -0.0013608988028600464 -0.0016464093813451223 -0.0029970235720438001 -0.0037935452619695859
leaf_weight=2252 1904 2545 1063 1895 2945 1778 341 780 3556 1906 582 94 1932 16152 942 248 620 995 1214 1757 226 1708 121 2865 4330 81 978 1786 99 180
leaf_count=2252 1904 2545 1063 1895 2945 1778 341 780 3556 1906 582 94 1932 16152 942 248 620 995 1214 1757 226 1708 121 2865 4330 81 978 1786 99 180
internal_value=-0.000427609 -0.00472634 0.0228912 -0.0149839 0.000468427 0.0149733 -0.0109067 0.021399 -0.021312 -0.00900849 0.0307242 0.00494317 -0.0140255 -0.00214516 0.0329425 0.02958 -0.0152937 0.00703933 0.0132296 0.00486195 0.02 0.0346762 -0.00113969 -0.00495278 0.00360309 -0.0224911 -0.0246601 -0.00718404 0.0237489 0.00501792
internal_weight=57875 48870 9005 16426 32444 5044 9998 3140 6428 8598 1362 11961 3838 20483 3961 3019 2872 8895 2308 6587 500 1956 3066 4760 6087 1400 1319 4331 1094 274
internal_count=57875 48870 9005 16426 32444 5044 9998 3140 6428 8598 1362 11961 3838 20483 3961 3019 2872 8895 2308 6587 500 1956 3066 4760 6087 1400 1319 4331 1094 274
is_linear=0
shrinkage=0.05


Tree=44
num_leaves=31
num_cat=0
split_feature=4 5 3 3 3 10 5 5 7 15 6 13 7 6 4 7 10 6 11 14 3 13 15 8 8 15 8 8 15 8
split_gain=2223.34 870.157 410.289 161.068 133.617 131.111 107.131 98.8113 79.9806 72.9845 64.9069 64.7076 86.0933 60.5579 50.7996 69.2933 50.718 70.6473 71.1881 50.4498 49.6836 48.1564 47.2251 46.6563 45.7517 65.9444 48.4879 42.6617 39.5079 38.2886
threshold=6.5350000858306894 2.2350000143051152 11.635683536529543 6.4904048442840585 2.6383464336395268 0.9170251488685609 5.5216667652130136 6.0683333873748788 -0.52458885312080372 76.500000000000014 952.04998779296886 1.0000000180025095e-35 0.63303324580192577 962.64999389648449 8.1050000190734881 0.99166637659072887 0.90992662310600292 956.95001220703136 8.6500000953674334 7.555000066757203 10.597601413726808 0.37940952181816107 42.500000000000007 0.54162281751632702 0.021515898406505588 63.500000000000007 -0.68316051363944996 -0.8893369436264037 43.500000000000007 0.71989676356315624
decision_type=2 2 2 2 2 2 2 2 2 2 2 2 2 2 2 2 2 2 2 10 2 2 2 2 2 2 2 2 2 2
left_child=1 4 5 -3 10 13 -7 -4 23 21 22 16 20 -2 15 -10 -5 18 -18 -8 27 -6 -1 -9 26 -26 -14 -13 -23 -19
right_child=2 3 7 11 9 6 19 8 14 -11 -12 12 24 -15 -16 -17 17 29 -20 -21 -22 28 -24 -25 25 -27 -28 -29 -30 -31
leaf_value=-0.0011494159923915986 0.0014142060991132023 -0.00078931879521390103 0.0036762617430353001 0.0012372980715597949 -0.00067382625850891597 0.0019369555689992546 0.0045036965449628766 -0.0055385167513282265 0.0042426854679720963 -0.0012296198306676117 -0.0011187261459083759 -0.0022328958639385443 -0.0051454844650349156 0.0058222470481954225 0.0040380773853281151 -0.0011601076946630485 -0.0013359387291373731 0.0047586119856359438 0.007436834627170175 0.0043115809604060418 0.0076570415204281657 -0.0012325673525926393 -0.00072661501026468744 0.0046235158250653224 -0.010569251012611936 -0.0028505795856937411 0.00078120642721900562 0.0019574675104694641 -0.00093733090532561688 0.0093162373731451083
leaf_weight=2042 3641 15987 440 7033 3411 674 882 151 1161 1049 3284 1169 299 451 2513 160 852 684 349 1197 233 1447 610 337 208 1029 1209 3527 1560 364
leaf_count=2042 3641 15987 440 7033 3411 674 882 151 1161 1049 3284 1169 299 451 2513 160 852 684 349 1197 233 1447 610 337 208 1029 1209 3527 1560 364
internal_value=-0.000287277 -0.00518867 0.0192775 -0.000817956 -0.0159271 0.0114234 0.0198513 0.0305433 0.0328403 -0.0114628 -0.0215284 0.0025765 -0.000820419 0.0057359 0.0352696 0.0271116 0.00538387 0.0119122 0.00360697 0.0254559 0.00313133 -0.00945041 -0.0156568 0.0135903 -0.00790909 -0.0150161 -0.00204891 0.00199957 -0.0140604 0.0213675
internal_weight=57953 46346 11607 32943 13403 6845 2753 4762 4322 7467 5936 16956 7674 4092 3834 1321 9282 2249 1201 2079 4929 6418 2652 488 2745 1237 1508 4696 3007 1048
internal_count=57953 46346 11607 32943 13403 6845 2753 4762 4322 7467 5936 16956 7674 4092 3834 1321 9282 2249 1201 2079 4929 6418 2652 488 2745 1237 1508 4696 3007 1048
is_linear=0
shrinkage=0.05


Tree=45
num_leaves=31
num_cat=0
split_feature=3 5 3 10 3 5 15 9 6 6 13 12 6 13 3 10 15 5 11 8 8 8 14 15 8 12 3 8 15 10
split_gain=2140.45 764.114 459.33 217.893 165.653 130.505 93.8908 83.2424 73.0937 68.062 62.2092 55.7307 67.6714 64.1218 55.142 53.6907 49.2995 48.6298 41.461 40.791 39.4698 51.3868 40.2074 39.4046 38.8933 38.5852 40.7226 38.1605 37.2435 62.9206
threshold=9.0610904693603533 2.4850000143051152 12.32163190841675 0.93038213253021251 2.6383464336395268 5.5616667270660409 76.500000000000014 7.1549999713897714 952.14999389648449 949.75000000000011 0.37940952181816107 0.36648726463317877 950.85000610351574 -0.6035533845424651 10.328057765960695 0.9238443672657014 43.500000000000007 3.2316666841506962 10.949999809265138 1.0000000180025095e-35 0.83987808227539074 0.82072415947914135 9.5150003433227557 42.500000000000007 0.99805629253387462 -0.80382624268531788 3.8153346776962285 -0.93779578804969776 13.500000000000002 0.8038262426853181
decision_type=2 2 2 2 2 2 2 8 2 2 2 2 2 2 2 2 2 2 2 2 2 2 10 2 2 2 2 2 2 2
left_child=1 4 3 11 8 -5 10 20 23 18 25 12 -2 -13 -14 -4 -12 27 -7 -8 21 28 -22 -1 -19 -6 -27 -9 29 -3
right_child=2 7 15 5 6 9 19 17 -10 -11 16 13 14 -15 -16 -17 -18 24 -20 -21 22 -23 -24 -25 -26 26 -28 -29 -30 -31
leaf_value=-0.0010874535562595499 0.00095794436031411694 -0.0024876799277619259 0.0038973429515501814 0.0022186551352417791 0.00044558139962456306 -0.002772214166609516 -0.0010591842207568415 -0.0048612189201128909 -0.001062789838612957 0.0041862297820845443 -0.0012556737465609592 0.005098476012680056 0.0034241281817331912 -0.0019309650243770323 0.003902480359833599 0.0040616543989052565 -0.00088804581060432863 0.0010496572923649201 0.0041709061720611061 -0.001223074056661249 -0.001779475562794165 0.0053906370505136837 0.012095207619356769 -0.00067888182507705908 0.0072937611505161544 -0.0011081645334725658 -0.00037400151045040281 -0.00044312111676672876 -0.00037313781459818611 0.0046605419734969981
leaf_weight=2187 1979 456 2862 634 1162 111 340 253 3413 1402 1970 466 2162 1602 2139 774 2032 10928 223 1006 2363 163 80 610 229 1967 1744 2362 10146 181
leaf_count=2187 1979 456 2862 634 1162 111 340 253 3413 1402 1970 466 2162 1602 2139 774 2032 10928 223 1006 2363 163 80 610 229 1967 1744 2362 10146 181
internal_value=-0.000258839 -0.00577333 0.0164844 0.0112655 -0.0142827 0.0246316 -0.0103608 -0.000623942 -0.0207241 0.0317059 -0.00848536 0.0074584 0.00980111 0.000337675 0.0133186 0.0318319 -0.0131021 0.00210496 0.0112094 -0.0226499 -0.00343064 -0.00214592 -0.00917075 -0.0146859 0.00354327 -0.0046843 -0.00717169 -0.00402672 -0.0025723 -0.0142523
internal_weight=57946 43592 14354 10718 16431 2370 10221 27161 6210 1736 8875 8348 6280 2068 4301 3636 4002 13772 334 1346 13389 10946 2443 2797 11157 4873 3711 2615 10783 637
internal_count=57946 43592 14354 10718 16431 2370 10221 27161 6210 1736 8875 8348 6280 2068 4301 3636 4002 13772 334 1346 13389 10946 2443 2797 11157 4873 3711 2615 10783 637
is_linear=0
shrinkage=0.05


Tree=46
num_leaves=31
num_cat=0
split_feature=4 5 3 6 12 3 10 5 5 5 13 7 8 10 5 12 13 8 6 8 8 8 7 13 10 6 7 6 2 6
split_gain=2084.84 925.052 289.815 169.067 149.735 140.43 102.083 89.6302 78.5044 73.427 63.9788 89.8029 78.8621 73.0051 92.1644 65.8023 82.8189 59.4966 49.3526 46.4763 45.706 45.3224 44.8308 46.1569 57.6254 44.099 53.2394 46.0153 44.3841 41.2997
threshold=6.9649999141693124 2.4616667032241826 12.443729400634767 950.85000610351574 -0.16504132002592084 7.1186265945434579 0.93663650751113903 1.9016666412353518 1.4583333730697634 5.4483332633972177 1.0000000180025095e-35 0.68472337722778331 0.021515898406505588 0.89490029215812694 4.4216666221618661 -0.38266885280609125 -0.91597560048103321 0.24284747242927554 967.14999389648449 -0.68316051363944996 -0.61794704198837269 0.99532556533813488 0.82438889145851146 0.37940952181816107 -0.79332312941551197 946.95001220703136 -0.59573787450790394 943.35000610351574 7.5000000000000009 948.04998779296886
decision_type=2 2 2 2 2 2 2 2 2 2 2 2 2 2 2 2 2 2 2 2 2 2 2 2 2 2 2 2 2 2
left_child=1 4 3 -2 8 -3 17 -6 -1 -8 13 25 19 15 -15 16 -7 -5 -14 -13 -18 -19 23 -10 -25 27 -27 -12 -28 -16
right_child=2 5 -4 6 7 10 9 -9 22 -11 11 12 18 14 29 -17 20 21 -20 -21 -22 -23 -24 24 -26 26 28 -29 -30 -31
leaf_value=-0.0010095166628429767 0.0011659185762756513 -0.00056160650201148715 0.0037683160543325101 0.0037710511611765921 -0.0010096503466823091 -0.0024612194024232039 -0.0042197045846069231 -0.0011715383663444515 -6.095202102677881e-05 0.0038672626444431926 0.0076250409661976883 -0.0050511364775693464 -0.0056716200999745864 0.0011265931149593456 -0.0052790668249317278 -0.00022528616812343279 0.0084060215138521913 0.0010064876336568953 0.0035436964071874858 0.0019071467828207659 0.0042661613801125518 0.0050028590320786775 -0.0012163855162791758 -0.0014267417898177689 0.00035265079900535584 0.0099093983750267074 0.0037209073214328372 -0.0047408758041189497 -0.00016396393553625989 0.0065582774319587868
leaf_weight=2152 2008 16955 3216 1392 4683 565 83 3601 2864 1159 291 195 1015 1280 109 3628 482 1026 91 1178 1053 117 957 1302 587 578 1151 647 2053 1359
leaf_count=2152 2008 16955 3216 1392 4683 565 83 3601 2864 1159 291 195 1015 1280 109 3628 482 1026 91 1178 1053 117 957 1302 587 578 1151 647 2053 1359
internal_value=-0.000478523 -0.00455915 0.0216245 0.0149136 -0.0143459 0.00028497 0.0211396 -0.0190373 -0.00939367 0.0328789 0.00369579 0.000229039 -0.00746779 0.00663837 0.0133309 0.0034188 0.0104513 0.0153346 -0.0173717 0.000544267 0.016461 0.00683798 -0.00631671 -0.00431904 -0.0103749 0.00427513 0.00668075 -0.00540827 0.00414459 0.0218601
internal_weight=57777 48776 9001 5785 16146 32630 3777 8284 7862 1242 15675 7199 2479 8476 2748 5728 2100 2535 1106 1373 1535 1143 5710 4753 1889 4720 3782 938 3204 1468
internal_count=57777 48776 9001 5785 16146 32630 3777 8284 7862 1242 15675 7199 2479 8476 2748 5728 2100 2535 1106 1373 1535 1143 5710 4753 1889 4720 3782 938 3204 1468
is_linear=0
shrinkage=0.05


Tree=47
num_leaves=31
num_cat=0
split_feature=3 3 4 3 6 3 7 8 8 10 11 10 7 10 11 12 12 13 7 12 6 4 8 6 8 7 11 6 10 7
split_gain=2012.19 841.61 246.109 197.936 118.293 113.006 100.319 73.7808 86.9346 94.1889 97.2359 64.2312 62.5042 64.2914 62.1416 57.5331 56.5757 56.2482 62.7563 83.0623 64.1717 54.2225 49.3303 46.5745 45.697 43.4129 41.2171 41.2299 40.6133 40.0819
threshold=10.470110416412355 4.5264539718627939 7.7850000858306894 2.6383464336395268 951.14999389648449 7.976893663406373 -0.6495143175125121 0.99805629253387462 0.97745609283447277 0.94260558485984813 8.5500001907348651 0.9170251488685609 0.63303324580192577 -0.9366365075111388 9.4499998092651385 0.44618082046508795 -0.18222858756780622 0.12940952181816109 -0.60945609211921681 -0.49240480363368982 947.14999389648449 5.8150000572204599 -0.70785933732986439 953.85000610351574 1.0000000180025095e-35 0.97513228654861461 7.1499998569488534 959.75000000000011 0.93663650751113903 -0.44956664741039271
decision_type=2 2 2 2 2 2 2 2 2 2 2 2 2 2 2 2 2 2 2 2 2 2 2 2 2 2 2 2 2 2
left_child=1 3 11 6 14 17 -1 8 9 25 -11 15 13 -5 -4 26 -8 22 20 -20 21 -19 -3 -17 -14 -7 -2 -28 -6 -16
right_child=2 5 4 12 28 7 16 -9 -10 10 -12 -13 24 -15 29 23 -18 18 19 -21 -22 -23 -24 -25 -26 -27 27 -29 -30 -31
leaf_value=-0.00089079940479488626 0.00014536851560633391 0.0017117631973307152 -0.0051847100069215063 -0.0011346107136981545 0.0033473934935351005 0.0019052883332760951 -0.0009562487943255805 0.0074876457772004752 -0.0045771866307144585 0.0012857262395006841 0.0047521920369157367 0.0037945964131983981 -0.00096186650237763897 -0.00037951740264041933 0.0034396610495670888 0.0048452427895333107 -0.00095916782934819366 -0.0018743424456516555 0.0017379468702093228 -0.0021002076399172695 0.003931746087424466 0.0031121083638786249 -0.00027841110190017504 -0.0075398652811594167 -0.0010299716100869495 -0.0018981682954183053 0.0034620773968160102 0.0042836877744458161 0.0034201561146619489 0.0036447608632792952
leaf_weight=1773 530 3143 120 3507 2360 7939 1779 241 567 692 921 755 1468 5246 477 165 2881 1395 1113 4740 967 410 8163 278 1390 1006 1677 629 860 563
leaf_count=1773 530 3143 120 3507 2360 7939 1779 241 567 692 921 755 1468 5246 477 165 2881 1395 1113 4740 967 410 8163 278 1390 1006 1677 629 860 563
internal_value=-0.000262292 -0.00411685 0.0223304 -0.0127154 0.0305359 0.000841799 -0.0197499 0.00481928 0.00421833 0.00524472 0.0163473 0.0133944 -0.00881112 -0.00670815 0.0167382 0.010338 -0.0236013 -0.00142707 -0.00446698 -0.00740014 0.00172848 -0.00383978 0.000892936 -0.00636161 -0.0152288 0.00323464 0.0129532 0.0158373 0.0354729 0.0206699
internal_weight=57755 49341 8414 18044 4380 31297 6433 11366 11125 10558 1613 4034 11611 8753 1160 3279 4660 19931 8625 5853 2772 1805 11306 443 2858 8945 2836 2306 3220 1040
internal_count=57755 49341 8414 18044 4380 31297 6433 11366 11125 10558 1613 4034 11611 8753 1160 3279 4660 19931 8625 5853 2772 1805 11306 443 2858 8945 2836 2306 3220 1040
is_linear=0
shrinkage=0.05


Tree=48
num_leaves=31
num_cat=0
split_feature=3 5 4 3 3 6 10 7 10 11 12 11 13 13 6 7 12 6 4 2 7 7 12 11 13 9 9 10 14 9
split_gain=1890.52 814.256 285.103 155.823 123.682 119.674 94.596 91.2516 78.6218 109.166 76.9287 73.0657 69.4288 67.5938 54.5244 53.1093 52.9068 52.6486 51.5916 51.5068 48.4295 46.2098 45.5414 42.7943 40.4566 39.4862 38.73 37.2057 37.0389 36.75
threshold=10.264504432678224 2.4850000143051152 7.9349999427795419 2.6383464336395268 7.0769739151000985 951.14999389648449 0.9170251488685609 -0.53914576768875111 0.93038213253021251 8.5500001907348651 -0.41467745602130884 9.1500000953674334 0.37940952181816107 -0.91597560048103321 957.25000000000011 0.61287125945091259 0.26722820103168493 959.45001220703136 1.3949999809265139 15.500000000000002 -0.44956664741039271 0.56424301862716686 -0.59480014443397511 11.150000095367433 -0.6035533845424651 3.3549998998641972 9.6549997329711932 0.608738273382187 6.6649999618530282 6.4349999427795419
decision_type=2 2 2 2 2 2 2 2 2 2 2 2 2 2 2 2 2 2 2 2 2 2 2 2 2 8 10 2 10 10
left_child=1 3 6 7 23 11 16 27 10 14 13 -4 15 -6 28 21 17 -2 -14 -9 -13 22 29 25 -18 -3 -11 -1 -10 -5
right_child=2 4 5 12 8 -7 -8 19 9 26 -12 20 18 -15 -16 -17 24 -19 -20 -21 -22 -23 -24 -25 -26 -27 -28 -29 -30 -31
leaf_value=-0.00094390341772976414 0.0027890942067767266 -0.0011027133889476932 -0.0063095524509933333 0.0006755296538072152 -0.0033077604289745155 0.0031800238188583463 0.003510422976875613 -0.00091120943788078389 0.0015220524621726767 0.0055863269282068698 -8.9557480402082532e-05 0.0033922808751357504 -0.0009937394903533083 0.0057044868427482357 0.0053747172187685738 -0.00098277921355991219 0.0048737382363316486 0.0037898470413974678 -0.00098851508066758798 -0.00091120943788078389 0.0034738096714223149 0.0056346498690609415 -0.0010040447433857414 0.0036128256200436124 -0.0013497892759509467 -0.00042205708310148439 0.0044559555643888171 0.00020831847127044528 -0.0033892298263191317 -0.0023559037397483718
leaf_weight=1432 1924 2230 89 1642 511 2949 1042 1571 748 868 9648 462 1564 2309 548 1765 327 640 3135 2685 516 114 1819 480 1116 14060 594 477 539 111
leaf_count=1432 1924 2230 89 1642 511 2949 1042 1571 748 868 9648 462 1564 2309 548 1765 327 640 3135 2685 516 114 1819 480 1116 14060 594 477 539 111
internal_value=-0.000164883 -0.0040569 0.0207993 -0.013171 0.000514751 0.0307386 0.012871 -0.0194408 0.00369372 0.0105542 0.00187605 0.016278 -0.009355 0.00913274 0.00241848 -0.0055077 0.00935942 0.0136629 -0.0138074 -0.0235156 0.0202442 -0.00208616 -0.00310316 -0.00247392 0.00169199 -0.00290887 0.0207226 -0.0103187 -0.00321207 0.00264505
internal_weight=57915 48850 9065 16315 32535 4016 5049 6165 15765 3297 12468 1067 10150 2820 1835 5451 4007 2564 4699 4256 978 3686 3572 16770 1443 16290 1462 1909 1287 1753
internal_count=57915 48850 9065 16315 32535 4016 5049 6165 15765 3297 12468 1067 10150 2820 1835 5451 4007 2564 4699 4256 978 3686 3572 16770 1443 16290 1462 1909 1287 1753
is_linear=0
shrinkage=0.05


Tree=49
num_leaves=31
num_cat=0
split_feature=3 5 3 3 10 9 15 7 8 8 8 6 8 5 10 12 12 13 12 6 6 13 8 15 15 2 7 10 8 6
split_gain=1880.44 796.109 273.88 167.881 166.979 100.309 91.144 86.9989 79.9182 85.9341 69.1592 111.776 81.1304 69.7011 92.6402 75.9322 69.013 67.0184 63.6688 59.2811 58.4632 57.0212 56.5833 50.777 47.2173 46.6935 46.5685 45.6876 43.2027 42.3913
threshold=10.207997322082521 2.4616667032241826 12.443729400634767 2.6383464336395268 0.94260558485984813 7.1150000095367441 76.500000000000014 -0.53914576768875111 0.99805629253387462 0.97653719782829296 0.88337317109107982 958.95001220703136 0.8730936348438264 4.4449999332427987 0.9170251488685609 0.061046212911605842 -0.026175950653851029 -0.6035533845424651 0.26722820103168493 959.85000610351574 959.25000000000011 0.37940952181816107 1.0000000180025095e-35 43.500000000000007 38.500000000000007 14.500000000000002 0.46866798400878912 0.9238443672657014 -0.13282711803913114 951.45001220703136
decision_type=2 2 2 2 2 8 2 2 2 2 2 2 2 2 2 2 2 2 2 2 2 2 2 2 2 2 2 2 2 2
left_child=1 3 4 7 18 -3 21 -1 9 10 12 -12 13 15 -15 20 -6 -17 19 -2 -7 -5 -8 -23 -11 -9 -14 -4 29 -25
right_child=2 5 27 6 16 8 22 25 -10 24 11 -13 26 14 -16 17 -18 -19 -20 -21 -22 23 -24 28 -26 -27 -28 -29 -30 -31
leaf_value=-0.00085836865842980566 0.0025186270136120683 -0.00058180864969133931 0.0031876891356363737 -0.00046908873287883487 -0.0020776924751119753 0.00030513283537201842 -0.0006627663074609835 -0.0008656489659867447 0.0061683052562265667 -0.0055780056116618622 0.0021024793798268826 0.010644253254287821 0.001658415424015869 0.0010124691871880934 0.0044666798227026685 0.0012747912607373589 0.0031978503704583718 -0.0023087879192228607 0.001010834498645391 0.0036872950330428369 0.0043051421244338084 -0.0010265996988917108 -0.00099782377743668242 0.0038854327866993141 -0.00073758105611012594 -0.0008656489659867447 -0.0061779177389562545 0.0032595780847206493 -0.001057394644143091 -0.00052018880241502829
leaf_weight=1917 2380 13615 2699 4723 84 3017 325 1455 384 392 1529 360 95 5270 2115 1126 890 3034 1805 743 817 1918 995 262 577 2830 153 749 1058 638
leaf_count=1917 2380 13615 2699 4723 84 3017 325 1455 384 392 1529 360 95 5270 2115 1126 890 3034 1805 743 817 1918 995 262 577 2830 153 749 1058 638
internal_value=-0.000154417 -0.00410512 0.0203741 -0.0131868 0.0138141 0.000403213 -0.0091445 -0.0196391 0.00276306 0.00229043 0.00309343 0.0121172 0.0019991 0.00246035 0.00596076 -0.000775097 0.0326864 -0.00545018 0.0100547 0.0143702 0.00429799 -0.00725825 -0.0213585 -0.0117495 -0.0121663 -0.0236014 -0.026087 0.0315668 -0.00606215 0.00198895
internal_weight=57955 48605 9350 16121 5902 32484 9919 6202 18869 18485 17516 1889 15627 15379 7385 7994 974 4160 4928 3123 3834 8599 1320 3876 969 4285 248 3448 1958 900
internal_count=57955 48605 9350 16121 5902 32484 9919 6202 18869 18485 17516 1889 15627 15379 7385 7994 974 4160 4928 3123 3834 8599 1320 3876 969 4285 248 3448 1958 900
is_linear=0
shrinkage=0.05


Tree=50
num_leaves=31
num_cat=0
split_feature=3 5 3 3 3 7 6 11 8 8 13 13 8 6 8 3 6 4 9 12 7 7 12 13 7 6 6 7 7 6
split_gain=1806.61 803.477 233.129 134.807 118.076 76.0262 75.977 80.5176 64.8663 74.7076 57.8659 57.5842 52.2878 71.7719 61.8438 53.9442 53.9167 49.7335 44.5053 43.8703 43.4369 42.5667 42.2121 41.1097 72.2175 63.5467 63.411 60.4013 64.0198 50.3935
threshold=10.470110416412355 2.2350000143051152 12.443729400634767 7.1186265945434579 2.6383464336395268 -0.6495143175125121 951.25000000000011 11.34999990463257 0.99805629253387462 0.97745609283447277 -0.37940952181816096 0.37940952181816107 0.70785933732986461 959.04998779296886 0.88933694362640392 8.6760516166687029 976.64999389648449 8.1050000190734881 1.3350000381469729 -0.46173103153705591 0.98049062490463268 -0.464854747056961 -0.18222858756780622 0.12940952181816109 0.21953110396862033 960.35000610351574 947.25000000000011 -0.47246390581130976 0.16894881427288058 943.35000610351574
decision_type=2 2 2 2 2 2 2 2 2 2 2 2 2 2 2 2 2 2 10 2 2 2 2 2 2 2 2 2 2 2
left_child=1 4 6 -3 5 -1 -2 10 9 12 -8 -6 16 -14 15 -15 23 -4 -13 -11 -9 -19 -7 -5 26 -26 29 -28 -29 -25
right_child=2 3 17 8 11 22 7 20 -10 19 -12 18 13 14 -16 -17 -18 21 -20 -21 -22 -23 -24 24 25 -27 27 28 -30 -31
leaf_value=-0.0008070538859815485 0.0016387417749181927 -0.00048553373793826379 0.0031573662112393628 0.0017465652585190589 -0.00069876923425158755 -0.00082232767967657823 0.0039755969408868524 0.0028277416569315985 0.0059813353687148407 0.0065358252539032546 0.0017678858871986809 -0.00090158223079440242 0.0023841886758146774 -0.0016959869049549105 0.010519568773756925 0.008916895427456939 0.0099999811720674417 0.0033566322731632403 -0.00088213699871830917 -0.0047977538404954494 -0.00077027133135015304 0.0030283046788545545 -0.00082236651768740742 0.0058902983654348269 -0.0038770649699285996 0.0011751054077743879 0.0085920812459107376 -0.00078705800174235646 0.017471292970784646 -0.0048709052656430926
leaf_weight=1530 1474 19825 998 6474 3897 1732 662 1323 336 117 1520 489 2817 229 310 181 86 306 3122 672 89 2134 2670 307 1700 996 540 644 81 641
leaf_count=1530 1474 19825 998 6474 3897 1732 662 1323 336 117 1520 489 2817 229 310 181 86 306 3122 672 89 2134 2670 307 1700 996 540 644 81 641
internal_value=1.38153e-05 -0.00365175 0.0212901 0.00024749 -0.0140796 -0.0193532 0.014449 0.0183662 0.00364093 0.00317405 0.0123 -0.00990284 0.00396376 0.00927442 0.0233103 0.0103614 0.00232264 0.0313389 -0.0144497 -0.0117758 0.0276641 0.0352147 -0.0226912 0.00201528 -0.00143468 -0.00692336 0.00525248 0.0125591 0.00308219 -0.00451207
internal_weight=57902 49396 8506 35956 13440 5932 5068 3594 16131 15795 2182 7508 15006 3537 720 410 11469 3438 3611 789 1412 2440 4402 11383 4909 2696 2213 1265 725 948
internal_count=57902 49396 8506 35956 13440 5932 5068 3594 16131 15795 2182 7508 15006 3537 720 410 11469 3438 3611 789 1412 2440 4402 11383 4909 2696 2213 1265 725 948
is_linear=0
shrinkage=0.05


Tree=51
num_leaves=31
num_cat=0
split_feature=3 5 3 10 3 3 15 7 10 11 12 13 2 15 8 12 12 5 10 7 13 15 13 7 10 7 15 9 8 7
split_gain=1753.51 736.426 224.21 143.439 134.788 111.295 86.7213 77.3302 63.8981 65.3978 63.3409 54.6454 50.6986 50.0778 46.0129 43.6907 42.3558 56.0084 66.2814 77.5015 88.8498 49.9958 74.7761 46.8282 60.2343 77.0342 41.9888 47.4955 41.3277 50.4985
threshold=10.470110416412355 2.4183334112167363 12.443729400634767 0.94828754663467418 2.6383464336395268 8.4063816070556658 76.500000000000014 -0.53914576768875111 0.9238443672657014 9.2500000000000018 0.2503704726696015 0.37940952181816107 14.500000000000002 43.500000000000007 1.0000000180025095e-35 0.026175950653851036 -0.44618082046508784 4.4449999332427987 -0.9099266231060027 -0.41079147160053248 0.12940952181816109 35.500000000000007 -0.6035533845424651 -0.74761795997619618 0.66259482502937328 -0.78085845708847035 13.500000000000002 12.25500011444092 0.95052322745323192 0.15198152512311938
decision_type=2 2 2 2 2 2 2 2 2 2 2 2 2 2 2 2 2 2 2 2 2 2 2 2 2 2 2 8 2 2
left_child=1 4 3 10 7 16 11 -1 -7 -10 -2 -6 -9 -13 -8 -5 -3 21 26 -20 28 23 -23 24 25 -18 -19 -28 -21 -30
right_child=2 5 -4 15 6 8 14 12 9 -11 -12 13 -14 -15 -16 -17 17 18 19 20 -22 22 -24 -25 -26 -27 27 -29 29 -31
leaf_value=-0.00077113811248096366 0.0028322597629738713 0.00055370259698918898 0.0029301096969983568 0.0010434944953354979 -0.00046286709758930973 0.0011279890688145251 -0.00078518402363210069 -0.00078124819180303701 0.0017904978818596249 0.0034790255945873153 0.00094509422521782687 -0.00095541855359264284 -0.00078124819180303701 -0.00063266215912093364 -0.0008924111157604331 0.0029203402242809293 -0.0015980631893777386 -0.0033203220025718795 0.0070418369060496963 0.0044693531022507102 -0.0053139356523179103 0.0015244403020431162 -0.00099779093165628589 -0.0013478637927690361 0.0019382920811072514 0.0090340198297050364 2.2501861918072796e-06 -0.0047151309824442203 0.0024802476516718078 -0.009669419131886103
leaf_weight=1876 2668 6297 3439 98 4503 6861 322 1444 1222 1046 1636 1828 2807 1901 955 604 1063 273 1163 888 443 1903 5502 3480 767 89 2417 142 151 94
leaf_count=1876 2668 6297 3439 98 4503 6861 322 1444 1222 1046 1636 1828 2807 1901 955 604 1063 273 1163 888 443 1903 5502 3480 767 89 2417 142 151 94
internal_value=-8.46477e-05 -0.00368209 0.0209645 0.0141888 -0.0126526 0.000468852 -0.00891844 -0.0184361 0.00518393 0.0124505 0.010745 -0.00702926 -0.0221687 -0.0115024 -0.0210218 0.0350778 -0.00127649 -0.00248912 0.00169476 0.00723397 0 -0.00430947 -0.00163968 -0.00796632 -0.00168919 -0.00890233 -0.00366584 -0.00165757 0.00742531 -0.0106
internal_weight=57882 49437 8445 5006 15636 33801 9509 6127 9129 2268 4304 8232 4251 3729 1277 702 24672 18375 5571 2739 1576 12804 7405 5399 1919 1152 2832 2559 1133 245
internal_count=57882 49437 8445 5006 15636 33801 9509 6127 9129 2268 4304 8232 4251 3729 1277 702 24672 18375 5571 2739 1576 12804 7405 5399 1919 1152 2832 2559 1133 245
is_linear=0
shrinkage=0.05


Tree=52
num_leaves=31
num_cat=0
split_feature=3 5 3 10 3 3 15 6 10 11 9 15 8 6 15 13 12 8 8 11 6 15 12 15 6 15 12 12 10 11
split_gain=1673.32 711.82 222.96 157.058 134.865 91.2566 89.1441 71.696 61.689 70.1847 67.0861 63.9426 52.4471 50.885 46.7709 54.2222 46.7376 52.9426 45.1796 44.856 44.5149 42.427 42.1673 41.6754 39.4567 37.2646 37.2529 36.8968 49.0381 39.2964
threshold=10.470110416412355 2.4616667032241826 12.443729400634767 0.94828754663467418 2.6383464336395268 8.2786192893981951 76.500000000000014 952.04998779296886 0.90992662310600292 8.5500001907348651 8.9250001907348651 31.500000000000004 1.0000000180025095e-35 962.64999389648449 43.500000000000007 0.60355338454246532 0.1650413200259209 -0.17552985996007917 -0.84680011868476857 7.4500000476837167 953.54998779296886 44.500000000000007 -0.18222858756780622 34.500000000000007 959.75000000000011 26.500000000000004 0.026175950653851036 -0.44618082046508784 0.94828754663467418 9.3499999046325701
decision_type=2 2 2 2 2 2 2 2 2 2 10 2 2 2 2 2 2 2 2 2 2 2 2 2 2 2 2 2 2 2
left_child=1 4 3 13 7 27 14 21 -7 11 -11 -10 -8 18 15 -6 -16 20 -2 -15 -18 -1 -9 -24 -4 -12 -5 -3 29 -29
right_child=2 5 24 26 6 8 12 22 9 10 25 -13 -14 19 16 -17 17 -19 -20 -21 -22 -23 23 -25 -26 -27 -28 28 -30 -31
leaf_value=-0.0007690351871416089 0.0027438018900507511 0.00060640859045930505 0.0027303839600619109 0.0014456740665638346 -0.00075195574021141821 0.00087257532555625741 -0.00055564762188464105 -0.00074164135338582692 -0.0050553067433953703 -0.0011646158172851806 0.0028846956088621201 0.0037568809773228574 -0.00087131844013662349 -0.0019642399874283067 0.0002150794463018785 -0.00092433890041184678 0.0065476461138528289 -0.00092886471940732988 0.0013247669466263546 0.0031454012086995055 -0.00060800935462767755 2.80950528304718e-05 -0.0007421857822128852 -0.0007421857822128852 0.0029524317941740708 0.0041912820715060304 0.0027564003616420336 -0.00086630963589763306 0.0012523926544002432 0.00084876852440001068
leaf_weight=2247 808 6048 2516 97 3077 6733 320 1180 338 287 498 1451 985 120 2498 1521 148 864 2790 556 477 533 548 1640 884 544 614 12340 2897 2246
leaf_count=2247 808 6048 2516 97 3077 6733 320 1180 338 287 498 1451 985 120 2498 1521 148 864 2790 556 477 533 548 1640 884 544 614 12340 2897 2246
internal_value=-3.20014e-05 -0.00353667 0.0206138 0.0138577 -0.0121922 0.000622997 -0.00856998 -0.0180075 0.00466213 0.0104707 0.0191529 0.00398551 -0.0207252 0.0102127 -0.00671129 -0.0101456 -0.00274299 -0.00973896 0.00782681 0.0227606 0.00134921 -0.0120287 -0.0229173 -0.0270406 0.0304846 0.0250239 0.0355447 -0.00106858 -0.00223296 -0.00341306
internal_weight=57805 49420 8385 4985 16038 33382 9890 6148 9851 3118 1329 1789 1305 4274 8585 4598 3987 1489 3598 676 625 2780 3368 2188 3400 1042 711 23531 17483 14586
internal_count=57805 49420 8385 4985 16038 33382 9890 6148 9851 3118 1329 1789 1305 4274 8585 4598 3987 1489 3598 676 625 2780 3368 2188 3400 1042 711 23531 17483 14586
is_linear=0
shrinkage=0.05


Tree=53
num_leaves=31
num_cat=0
split_feature=3 5 4 3 10 12 8 8 10 11 7 8 11 12 13 7 8 8 7 5 13 9 7 2 8 9 11 12 9 5
split_gain=1692.66 692.648 239.413 144.177 111.692 102.681 76.8608 76.4431 99.6019 117.2 74.1183 66.3073 63.1614 63.0983 58.0771 56.1901 49.6434 82.5268 49.8958 48.4706 44.6669 43.1421 43.0302 43.4668 41.2021 69.0799 48.1096 43.2163 55.069 41.056
threshold=10.470110416412355 2.0049999952316289 8.2449998855590838 6.410985231399537 0.9170251488685609 -0.16504132002592084 0.99805629253387462 0.96962100267410289 0.93038213253021251 8.4499998092651385 -0.464854747056961 0.88337317109107982 8.0500001907348651 -0.50751903653144825 -0.7865660786628722 -0.33100557327270502 -0.14153897762298581 -0.10296135023236273 0.926098793745041 1.4583333730697634 -0.7865660786628722 3.3549998998641972 -0.92117106914520253 39.500000000000007 0.83987808227539074 4.9749999046325692 6.1499998569488534 -0.18222858756780622 1.0000000180025095e-35 4.4449999332427987
decision_type=2 2 2 2 2 2 2 2 2 2 2 2 2 2 2 2 2 2 2 2 2 8 2 2 2 10 2 2 10 2
left_child=1 5 4 21 16 19 7 8 11 20 -4 24 -12 -9 -7 -13 18 -18 -2 -1 -10 22 -3 -24 27 -26 -27 -5 -29 -30
right_child=2 3 10 6 -6 14 -8 13 9 -11 12 15 -14 -15 -16 -17 17 -19 -20 -21 -22 -23 23 -25 25 26 -28 28 29 -31
leaf_value=-0.00071346572362351738 0.0022109666165474827 0.00023695825060824662 0.0025883942948907029 0.0019185369781665408 0.0027527853243277112 -0.00062174314610950992 0.0057278481076639886 0.0082552703926451788 0.0057961776914986322 0.0038079254895055262 7.5923148963086276e-05 -0.001050982721524829 0.002510531508198344 -0.0036667826995468999 -0.00070507649310224102 0.0056086706279976639 -0.010798256224402225 0.0021046713399762609 0.00345055654562057 -0.0007003543256158865 -0.00059770166420825422 -0.00047781274359670611 -0.00092510257365815854 0.000326566054652124 -0.0078799993741223342 0.011659693891210363 -0.0053135691896721172 0.0085465655887789326 -0.0016195184249578416 0.00040523830639418589
leaf_weight=2138 1433 892 626 4594 1122 847 388 141 418 1549 125 457 2438 1011 4464 839 123 2119 446 3126 1663 14348 2923 486 150 100 282 187 3991 4434
leaf_count=2138 1433 892 626 4594 1122 847 388 141 418 1549 125 457 2438 1011 4464 839 123 2119 446 3126 1663 14348 2923 486 150 100 282 187 3991 4434
internal_value=-0.000205651 -0.00373839 0.0204931 -0.000649802 0.0139005 -0.0150803 0.00227621 0.00184148 0.00261396 0.0100413 0.031293 0.000817874 0.0350662 -0.0106309 -0.0199868 0.0116065 0.0100703 0.00502893 0.0160563 -0.0101158 0.00227709 -0.00381956 -0.00820948 -0.0107645 -0.00020374 -0.0137803 -0.00232558 0.000348195 -0.00174075 -0.00234282
internal_weight=57860 49428 8432 38853 5243 10575 20204 19816 18664 3630 3189 15034 2563 1152 5311 1296 4121 2242 1879 5264 2081 18649 4301 3409 13738 532 382 13206 8612 8425
internal_count=57860 49428 8432 38853 5243 10575 20204 19816 18664 3630 3189 15034 2563 1152 5311 1296 4121 2242 1879 5264 2081 18649 4301 3409 13738 532 382 13206 8612 8425
is_linear=0
shrinkage=0.05


Tree=54
num_leaves=31
num_cat=0
split_feature=4 5 3 5 12 6 11 12 6 15 13 8 8 14 4 13 5 7 8 8 7 4 7 15 7 8 6 4 2 9
split_gain=1598.72 709.347 245.809 156.222 110.606 99.493 109.366 73.8994 58.9643 94.7568 61.3694 56.123 83.0935 58.253 55.3056 53.9745 50.6218 49.4268 47.8681 76.0977 47.0333 50.2814 42.9225 43.3139 41.7635 51.474 49.8418 45.4615 38.778 37.3555
threshold=7.2049999237060556 2.0049999952316289 11.977499961853029 3.9616667032241826 -0.16504132002592084 951.04998779296886 10.750000000000002 0.39873388409614569 958.95001220703136 83.500000000000014 -1.0000000180025095e-35 -0.97653719782829274 -0.99351876974105824 6.1849999427795419 4.8150000572204599 -0.6035533845424651 1.4583333730697634 -0.97415921092033375 -0.20061247795820233 0.91585582494735729 -0.464854747056961 8.7349996566772479 0.97316074371337902 59.500000000000007 0.68472337722778331 0.20931270718574527 966.35000610351574 6.7550001144409189 19.500000000000004 3.6149998903274541
decision_type=2 2 2 2 2 2 2 2 2 2 2 2 2 10 2 2 2 2 2 2 2 2 2 2 2 2 2 2 2 8
left_child=1 4 5 7 16 -2 -7 29 9 11 14 12 -5 18 -10 -6 -1 -9 -13 -20 -4 -22 -15 -24 -12 27 -27 -26 -18 -3
right_child=2 3 20 8 15 6 -8 17 10 -11 24 13 -14 22 -16 -17 28 -19 19 -21 21 -23 23 -25 25 26 -28 -29 -30 -31
leaf_value=-0.00067243583884103351 0.00091195005237537099 -0.00083576941509895671 0.0025263565003261104 -0.0012989514047085705 -0.00065398546749396644 0.0021658414808105263 0.0024910833112471334 0.0015661075426778668 -4.9813116239127989e-05 -0.0058151321581381673 0.0038133732736014428 -0.0022399191796886085 0.0072379324163715847 0.0018456778022921381 0.0043844807587524572 -0.00066982266844712885 -0.0008852675956391731 -0.00092999351070238018 0.0017837629197875544 -0.004038884288167322 0.0023470844318663367 0.0024683381866488999 -0.0081154703051751157 0.0010917319587412989 -0.00042698991710763968 -0.0080880375114064408 0.0054746783718379365 0.0052096546018723829 -0.00020052031429196559 -6.0389560252340113e-05
leaf_weight=2149 1552 2492 457 419 1171 1239 1113 360 462 612 854 1582 677 7690 1593 4126 934 5298 1587 578 1814 1569 237 317 822 313 82 171 2194 13424
leaf_count=2149 1552 2492 457 419 1171 1239 1113 360 462 612 854 1582 677 7690 1593 4126 934 5298 1587 578 1814 1569 237 317 822 313 82 171 2194 13424
internal_value=1.72732e-06 -0.00326427 0.0211382 -0.000189514 -0.0147651 0.0122794 0.0187527 -0.00305853 0.00324982 0.0016455 0.00835658 0.00254736 0.0133515 0.00155468 0.0145874 -0.0198699 -0.00962704 -0.00796398 -0.00361141 0.0012212 0.030117 0.0321576 0.0039035 -0.00948122 0.00262572 -0.00272793 -0.017875 0.00335671 -0.00555378 -0.00131273
internal_weight=57888 50144 7744 39570 10574 3904 2352 21574 17996 13699 4297 13087 1096 11991 2055 5297 5277 5658 3747 2165 3840 3383 8244 554 2242 1388 395 993 3128 15916
internal_count=57888 50144 7744 39570 10574 3904 2352 21574 17996 13699 4297 13087 1096 11991 2055 5297 5277 5658 3747 2165 3840 3383 8244 554 2242 1388 395 993 3128 15916
is_linear=0
shrinkage=0.05


Tree=55
num_leaves=31
num_cat=0
split_feature=3 5 3 3 12 8 8 9 6 7 6 7 4 8 3 6 12 5 7 7 6 7 12 7 11 6 6 15 8 7
split_gain=1529.82 666.886 220.87 137.186 97.5058 70.6814 88.2409 67.9063 65.9232 56.5193 59.8832 54.0211 48.6309 47.7258 54.4125 55.3314 47.5131 46.8378 43.4677 59.9221 59.3298 53.9528 46.0186 42.6369 42.4929 42.4771 41.1136 77.0008 52.8728 39.5134
threshold=10.537905216217043 2.0049999952316289 12.443729400634767 5.868962526321412 -0.3172925859689712 0.99805629253387462 0.97653719782829296 4.0250000953674325 962.64999389648449 0.53553086519241344 951.25000000000011 -0.93400302529335011 8.1050000190734881 0.57659667730331432 8.2786192893981951 959.25000000000011 -0.49240480363368982 1.4583333730697634 0.41470260918140417 0.28604298830032354 955.14999389648449 0.50618571043014537 -0.74892720580101002 -0.464854747056961 7.4500000476837167 976.64999389648449 953.04998779296886 35.500000000000007 -0.16681838035583493 0.98372149467468273
decision_type=2 2 2 2 2 2 2 10 2 2 2 2 2 2 2 2 2 2 2 2 2 2 2 2 2 2 2 2 2 2
left_child=1 4 8 26 17 6 13 11 9 10 -2 -6 29 25 18 -16 -8 -1 19 20 22 -20 -15 -14 -10 -5 -3 -28 -29 -4
right_child=2 3 12 5 7 -7 16 -9 24 -11 -12 -13 23 14 15 -17 -18 -19 21 -21 -22 -23 -24 -25 -26 -27 27 28 -30 -31
leaf_value=-0.00066570825135139466 0.0016465225267538854 -0.00026801147364116098 0.0025457386422300943 0.00026157023058616949 -0.00012594089709218464 0.004505681099571556 0.0065440846797455154 -0.0005046166728904692 -0.00078789712273486803 0.00063210267958173643 0.0021663060250767196 -0.0006363315350247725 0.0025667051830307545 -0.0042991166562841229 0.0029296398985161538 0.0065275912691821316 -0.0039056283679689478 -0.0006393342464773113 -0.0066295985432121259 0.0076131366859263977 -0.0049360885096233322 -0.00022744465931415214 0.0035491435705650681 0.002344921277316453 0.0027050462954434696 0.0079512248406780287 -0.0010645363415832437 0.00044258272897796486 -0.0009117770486639893 -0.00060924503627308177
leaf_weight=1872 1149 9029 826 15946 346 464 187 954 120 1405 1441 4595 298 130 2206 537 978 2783 202 340 351 823 1426 2125 643 101 1481 1910 3021 165
leaf_count=1872 1149 9029 826 15946 346 464 187 954 120 1405 1441 4595 298 130 2206 537 978 2783 202 340 351 823 1426 2125 643 101 1481 1910 3021 165
internal_value=3.45668e-06 -0.00329462 0.020044 -0.000286174 -0.0144481 0.00210373 0.00171531 -0.0187203 0.013059 0.0104625 0.0148362 -0.0210776 0.0297455 0.00242443 0.00622093 0.0114083 -0.0116667 -0.00902361 0.00186146 0.00575044 0.0022751 -0.00665049 0.00647021 0.0335873 0.0264974 0.000999875 -0.00395248 -0.00701262 -0.00400122 0.0202309
internal_weight=57854 49682 8172 39132 10550 23691 23227 5895 4758 3995 2590 4941 3414 22062 6015 2743 1165 4655 3272 2247 1907 1025 1556 2423 763 16047 15441 6412 4931 991
internal_count=57854 49682 8172 39132 10550 23691 23227 5895 4758 3995 2590 4941 3414 22062 6015 2743 1165 4655 3272 2247 1907 1025 1556 2423 763 16047 15441 6412 4931 991
is_linear=0
shrinkage=0.05


Tree=56
num_leaves=31
num_cat=0
split_feature=3 5 4 3 6 10 2 7 8 6 10 11 3 6 9 6 10 11 6 6 3 4 8 8 8 7 8 10 11 7
split_gain=1501.09 613.795 251.452 125.536 96.9305 89.9734 86.5569 71.4613 66.9474 58.2423 83.5867 59.2277 56.3115 56.3028 52.2535 52.2177 53.3047 50.3863 47.1234 43.9807 43.9363 43.8943 41.0115 40.2258 49.1476 39.8421 39.1014 49.3666 37.8338 37.2625
threshold=10.401395797729494 2.0049999952316289 8.055000305175783 8.2786192893981951 950.85000610351574 0.9170251488685609 41.500000000000007 0.066572044044733061 1.0000000180025095e-35 948.75000000000011 0.94828754663467418 9.3499999046325701 2.191996812820435 957.75000000000011 4.5750000476837167 953.85000610351574 -0.79332312941551197 9.4499998092651385 954.75000000000011 956.95001220703136 2.7582964897155766 2.245000004768372 0.96527305245399486 0.99805629253387462 0.97745609283447277 -0.44956664741039271 0.82072415947914135 -0.8338540494441985 3.2500000000000004 0.89799436926841747
decision_type=2 2 2 2 2 2 2 2 2 2 2 2 2 2 10 2 2 2 2 2 2 2 2 2 2 2 2 2 2 2
left_child=1 6 5 14 17 -2 7 13 12 -5 23 19 -9 15 18 16 -1 -4 -3 -12 -18 -20 -7 24 29 -19 -23 -28 -16 -11
right_child=2 3 4 9 -6 22 -8 8 -10 10 11 -13 -14 -15 28 -17 20 25 21 -21 -22 26 -24 -25 -26 -27 27 -29 -30 -31
leaf_value=-0.00065145556162696694 0.0019589393395356316 -0.00034159146204320922 -0.0060477019584414043 -0.0013923770056161425 0.0021124841464071954 0.0024360401482500906 -0.00036726084726295685 -0.00060451495827353388 -0.00060530681832119196 0.0028064880659143007 -0.0022025282059751519 0.0029322930848597051 -0.00060341956968548336 0.0023772881846484445 -0.001053726231130539 -0.00062978966440498216 -0.00058526907095279802 0.0023137126492953743 -0.00094680995595249138 0.0066190657419413663 0.0010086521878791617 0.00020039672029801021 0.00014813221567735459 0.0072995789849481796 -0.0036942222574030958 0.0024121516682189485 -0.0016632045803594668 0.00016137065119880417 7.2615161078834484e-05 -0.00056373934268360854
leaf_weight=2340 3938 5704 81 2000 2710 899 1575 813 2040 4538 256 507 1667 192 3519 482 1060 411 1526 174 428 978 147 147 284 460 232 211 16839 1601
leaf_count=2340 3938 5704 81 2000 2710 899 1575 813 2040 4538 256 507 1667 192 3519 482 1060 411 1526 174 428 978 147 147 284 460 232 211 16839 1601
internal_value=-5.10699e-05 -0.00343357 0.0191539 -0.000501025 0.0290974 0.011826 -0.014087 -0.0159743 -0.0204199 0.00448381 0.00650293 0.0204352 -0.0148491 -0.0114932 -0.00213518 -0.0126767 -0.0106966 0.015256 -0.00538933 0.00666667 -0.00328198 -0.0105183 0.0248335 0.0045019 0.00389701 0.0187785 -0.00417251 -0.0164063 -0.000751363 0.00484212
internal_weight=57759 49113 8646 38516 3662 4984 10597 9022 4520 9507 7507 937 2480 4502 29009 4310 3828 952 8651 430 1488 2947 1046 6570 6423 871 1421 443 20358 6139
internal_count=57759 49113 8646 38516 3662 4984 10597 9022 4520 9507 7507 937 2480 4502 29009 4310 3828 952 8651 430 1488 2947 1046 6570 6423 871 1421 443 20358 6139
is_linear=0
shrinkage=0.05


Tree=57
num_leaves=31
num_cat=0
split_feature=4 3 3 10 3 3 9 10 11 13 7 14 12 4 8 13 8 8 8 7 15 10 10 12 11 4 7 15 8 7
split_gain=1464.09 559.232 256.536 136.633 124.904 103.793 78.8259 64.3842 62.84 60.8352 57.3187 55.0303 51.6403 62.3995 49.5717 44.5257 44.1133 49.1609 57.704 52.1302 71.3537 53.9829 44.1015 62.4175 45.9557 43.2688 43.2563 50.1877 46.687 40.7229
threshold=7.2049999237060556 3.7779660224914555 11.977499961853029 0.93038213253021251 8.2786192893981951 1.7241498827934267 1.6150000095367434 0.93038213253021251 10.650000095367433 0.37940952181816107 -0.92772412300109852 12.215000152587892 -0.60873827338218678 2.0049999952316289 -0.6077672243118285 1.0000000180025095e-35 -0.41665914654731745 -0.30451801419258112 -0.20061247795820233 -0.35520912706851954 31.500000000000004 0.43049471080303198 0.89490029215812694 -0.36648726463317866 8.2500000000000018 1.3949999809265139 0.68472337722778331 31.500000000000004 -0.98902499675750721 0.46866798400878912
decision_type=2 2 2 2 2 2 10 2 2 2 2 8 2 2 2 2 2 2 2 2 2 2 2 2 2 2 2 2 2 2
left_child=1 5 3 -2 9 -1 -6 11 -5 14 -7 -4 -12 -14 -3 22 -16 -18 -19 21 -21 -20 23 -8 -24 -11 27 -17 -29 -22
right_child=2 4 7 8 6 10 15 -9 -10 25 12 -13 13 -15 16 26 17 18 19 20 29 -23 24 -25 -26 -27 -28 28 -30 -31
leaf_value=-0.00057428921035985721 0.00099825998145868801 0.00093944057744553382 0.001853511963170923 0.0022859549359727006 0.0084378020957295904 -8.255762798034267e-05 0.0040091670720856344 0.0022144085853907924 0.0021419866688210582 -0.0010290077399931984 -0.00053568046546022686 0.002122051006130271 -0.00057434397978925976 -0.00058360804504313947 -0.0020464649561470947 -0.0025343518042822257 0.0046761956711064354 -0.0032433162957771961 0.00012725140510436788 -0.0029866701813031308 0.0013357725155863803 0.0043011550128346197 0.0023240574240743109 -0.00014033564000406757 0.0037149169463377655 -0.00073731662531277596 -0.0019369311225696864 -0.0045883941545705135 0.004077802730336799 -0.00077559135757148128
leaf_weight=2048 2374 5384 1071 677 265 1494 1273 829 836 751 2511 1934 4704 2650 1421 737 540 560 2598 697 1495 776 1112 2608 657 8580 1958 152 2129 3072
leaf_count=2048 2374 5384 1071 677 265 1494 1273 829 836 751 2511 1934 4704 2650 1421 737 540 560 2598 697 1495 776 1112 2608 657 8580 1958 152 2129 3072
internal_value=5.26788e-05 -0.00306714 0.0203145 0.011241 0.000121023 -0.0118066 0.00461178 0.0294868 0.0229578 -0.00176977 -0.00993048 0.0259967 -0.0113121 -0.0134257 5.13657e-05 0.0039319 -0.0018497 -0.000646618 -0.00151038 -0.000497512 -0.003606 0.0043504 0.00696729 0.00397581 0.0135006 -0.00499679 0.000481831 0.0042342 0.00789589 -0.00132327
internal_weight=57893 50172 7721 3887 36765 13407 10891 3834 1513 25874 11359 3005 9865 7354 16543 10626 11159 9738 9198 8638 5264 3374 5650 3881 1769 9331 4976 3018 2281 4567
internal_count=57893 50172 7721 3887 36765 13407 10891 3834 1513 25874 11359 3005 9865 7354 16543 10626 11159 9738 9198 8638 5264 3374 5650 3881 1769 9331 4976 3018 2281 4567
is_linear=0
shrinkage=0.05


Tree=58
num_leaves=31
num_cat=0
split_feature=4 5 3 10 3 12 5 6 9 13 7 8 10 6 5 6 2 7 12 7 10 13 8 4 9 8 6 12 13 8
split_gain=1441.26 567.914 286.01 149.451 123.728 107.222 78.963 74.062 63.6154 50.842 64.6246 78.3601 59.0116 58.9366 50.0459 49.068 47.5483 46.6091 44.014 47.6069 94.9355 68.5869 48.4935 50.6522 48.4668 43.6054 43.3208 42.9008 56.5856 57.5743
threshold=6.9649999141693124 1.985000014305115 12.443729400634767 0.93038213253021251 7.0389683246612558 -0.28400452435016627 5.5950000286102304 950.85000610351574 4.0250000953674325 1.0000000180025095e-35 0.68472337722778331 0.021515898406505588 0.90992662310600292 956.95001220703136 1.4583333730697634 948.25000000000011 43.500000000000007 0.93554237484931957 -0.47714059054851526 -0.63634827733039845 0.66259482502937328 -0.6035533845424651 0.96063983440399181 2.1049998998641972 2.4050000905990605 -0.85581842064857472 959.64999389648449 -0.36648726463317866 -0.91597560048103321 -0.61794704198837269
decision_type=2 2 2 2 2 2 2 2 10 2 2 2 2 2 2 2 2 2 2 2 2 2 2 2 10 2 2 2 2 2
left_child=1 5 3 7 18 14 -5 -2 -7 12 -11 17 27 16 -1 -8 -14 -12 25 20 -20 22 23 -21 -23 -3 -26 28 -6 -30
right_child=2 4 -4 6 9 8 15 -9 -10 10 11 -13 13 -15 -16 -17 -18 -19 19 21 -22 24 -24 -25 26 -27 -28 -29 29 -31
leaf_value=-0.00056724545037724621 -0.0012279190022120912 0.002596175207306073 0.002049776573874612 -0.00072152115948016522 -0.0020945184044974031 -0.00054557474984186433 0.0028051627413892416 0.001836293125250596 -0.0004333903535876563 0.0012443101714214645 -0.0018236378034021561 -0.0043587980152524171 0.0029477334670205361 0.0044020863303127098 -0.00050106082167941939 0.0021077777871034652 -0.004181380731828022 0.003609532194479831 -0.0007419696196513878 -0.00081624359082330469 0.001617677612611579 -0.00080358162383693029 -0.0016579992935369524 0.0011227751004283825 -0.0012905081377098853 -0.00026249476581372623 -5.9650703304388321e-06 -2.4308386267685167e-05 0.0069536818293078062 0.0030667051895975034
leaf_weight=1962 1423 1059 3242 300 605 4785 288 2346 874 4896 807 1143 897 1106 2743 1409 220 615 2911 528 1855 1385 517 2348 4889 5111 1698 4269 505 1160
leaf_count=1962 1423 1059 3242 300 605 4785 288 2346 874 4896 807 1143 897 1106 2743 1409 220 615 2911 528 1855 1385 517 2348 4889 5111 1698 4269 505 1160
internal_value=-6.56293e-05 -0.00345244 0.0183069 0.0116098 -0.000656648 -0.0138393 0.0226523 0.00573662 -0.0184763 0.00266515 -0.000368336 -0.00678988 0.00524695 0.0122756 -0.00824841 0.0268214 0.00414439 0.00105116 -0.00307316 -0.00444658 -0.00025152 -0.00620493 -0.000250147 0.00229087 -0.00873762 0.000518219 -0.00694023 0.00284994 0.0083956 0.0131437
internal_weight=57896 48888 9008 5766 38524 10364 1997 3769 5659 16223 7461 2565 8762 2223 4705 1697 1117 1422 22301 16131 4766 11365 3393 2876 7972 6170 6587 6539 2270 1665
internal_count=57896 48888 9008 5766 38524 10364 1997 3769 5659 16223 7461 2565 8762 2223 4705 1697 1117 1422 22301 16131 4766 11365 3393 2876 7972 6170 6587 6539 2270 1665
is_linear=0
shrinkage=0.05


Tree=59
num_leaves=31
num_cat=0
split_feature=3 5 4 12 5 6 4 10 7 5 11 7 2 2 10 12 12 9 12 4 6 6 6 4 15 5 7 9 6 2
split_gain=1353.57 540.579 243.244 116.988 102.017 90.6988 82.5061 78.3286 75.1232 50.4461 44.1281 42.5666 42.2867 41.911 41.8089 45.7028 40.4543 39.4595 45.529 47.5445 34.9677 34.6856 36.6822 65.1539 41.5188 34.2231 33.675 31.9645 41.2064 31.4442
threshold=10.470110416412355 1.985000014305115 7.5750000476837167 -0.16504132002592084 3.1416667699813847 959.75000000000011 8.7349996566772479 0.94828754663467418 0.31881132721900945 1.4583333730697634 10.650000095367433 -0.464854747056961 15.500000000000002 11.500000000000002 0.9170251488685609 -0.33379416167736048 0.38266885280609136 6.9149999618530282 -0.44618082046508784 4.305000066757203 950.45001220703136 943.35000610351574 960.35000610351574 5.9549999237060556 78.500000000000014 5.6283333301544198 0.98526033759117138 2.5749999284744267 954.85000610351574 18.500000000000004
decision_type=2 2 2 2 2 2 2 2 2 2 2 2 2 2 2 2 2 8 2 2 2 2 2 2 2 2 2 10 2 2
left_child=1 3 14 9 16 6 25 17 10 -1 -9 -8 20 -10 15 -2 -3 -6 19 -19 -5 -20 -23 24 -24 -4 27 28 -18 -11
right_child=2 4 5 12 7 -7 11 8 13 29 -12 -13 -14 -15 -16 -17 26 18 21 -21 -22 22 23 -25 -26 -27 -28 -29 -30 -31
leaf_value=-0.00052442514883957079 0.0029430294775622452 -0.00041497841421473861 -0.0049252249060336428 -0.00054590541401365155 -0.00058795341447350879 0.0020638339610759781 0.0021241543375586148 9.0934408429427249e-05 -0.0022390712361566138 -0.00071136256417498418 0.0024388756171481898 0.0017467931194090792 -0.00051829327387830097 0.0042488771455041546 0.0022366809194269781 0.00083485714707337848 -0.00043890733888785126 0.0058463949760449137 0.0039305731806384137 0.0010465607920941671 -0.00051829327387830097 -0.00065875287200163341 -0.0014357793018942716 0.0048821757270996807 0.003561665519377841 0.0015048221411355534 -0.0012845328005427461 -0.00051870854769377802 -0.00079319901489690908 -7.0361674746627711e-05
leaf_weight=2157 682 9734 92 617 6694 1203 422 2031 88 866 604 1311 3242 843 600 2246 678 954 733 2385 1296 8821 1299 845 363 1876 193 2344 437 2167
leaf_count=2157 682 9734 92 617 6694 1203 422 2031 88 866 604 1311 3242 843 600 2246 678 954 733 2385 1296 8821 1299 845 363 1876 193 2344 437 2167
internal_value=4.06378e-05 -0.0031207 0.0185492 -0.0132802 -0.000427646 0.0257486 0.021816 0.00141827 0.00828899 -0.0079692 0.00395833 0.0297756 -0.0186143 0.0204594 0.00851967 0.00603478 -0.00396535 0.000307706 0.00170075 0.00686304 -0.0245308 0.000269352 -0.000414718 0.0049164 -0.000839832 0.0147491 -0.00844955 -0.00728926 -0.0142411 -0.00380184
internal_weight=57823 49391 8432 10345 39046 4904 3701 25660 3566 5190 2635 1733 5155 931 3528 2928 13386 22094 15400 3339 1913 12061 11328 2507 1662 1968 3652 3459 1115 3033
internal_count=57823 49391 8432 10345 39046 4904 3701 25660 3566 5190 2635 1733 5155 931 3528 2928 13386 22094 15400 3339 1913 12061 11328 2507 1662 1968 3652 3459 1115 3033
is_linear=0
shrinkage=0.05


Tree=60
num_leaves=31
num_cat=0
split_feature=3 5 3 10 3 12 10 11 8 5 4 13 6 12 5 6 6 15 4 13 12 6 15 10 6 4 8 15 8 5
split_gain=1365.53 549.638 237.941 152.473 109.553 103.529 61.8863 71.5256 60.6965 51.5434 50.4049 49.4982 48.261 48.0258 43.4624 41.2235 40.9814 85.4909 63.4314 43.1298 46.6273 40.7128 38.7549 42.2011 37.0043 50.5731 37.0034 36.3217 47.4752 44.9299
threshold=10.470110416412355 1.985000014305115 12.443729400634767 0.9170251488685609 7.1186265945434579 -0.18222858756780622 0.94828754663467418 8.4499998092651385 0.99805629253387462 1.4583333730697634 8.1050000190734881 -0.91597560048103321 951.64999389648449 0.2503704726696015 5.5216667652130136 951.45001220703136 952.75000000000011 23.500000000000004 1.2050000429153445 -0.37940952181816096 -0.60873827338218678 950.85000610351574 13.500000000000002 0.74892720580101024 959.14999389648449 2.9050000905990605 0.83042380213737499 34.500000000000007 1.0000000180025095e-35 1.1416666507720949
decision_type=2 2 2 2 2 2 2 2 2 2 2 2 2 2 2 2 2 2 2 2 2 2 2 2 2 2 2 2 2 2
left_child=1 5 3 13 16 9 8 -8 -6 -1 -4 -7 26 21 -5 -13 22 -18 -19 -20 -21 -2 23 -3 -22 -26 -9 -17 29 -29
right_child=2 4 10 14 6 11 7 12 -10 -11 -12 15 -14 -15 -16 27 17 18 19 20 24 -23 -24 -25 25 -27 -28 28 -30 -31
leaf_value=-0.00050059414832683024 0.00056169289009803112 -0.0014420613142813864 0.0019731267840956026 0.0016144480299033594 0.00038535826101016165 -0.0002006892853310338 0.00052660453105235212 0.0034508143109191758 0.0061239387659542573 -0.00049704956515265629 0.0018600777010238823 -0.00051778781703448219 0.0026047130000866172 -0.00041474414911949479 0.001894457939981742 -0.00049317320870351407 -0.0011870102683748159 -0.00083614291059513576 0.00026775684848725226 0.0010234838211163305 -0.0012829915280929201 0.001871998797474933 -1.541113591921814e-05 0.001404036330969226 -0.000849028718532658 0.00054797492566507032 -0.0066082873347290683 -0.00049238134865585599 -0.00049234175565347315 -0.00041539828073780191
leaf_weight=2116 811 520 995 207 13710 480 1077 369 240 2978 2434 1499 614 1305 1179 523 547 607 3375 810 2704 1566 12093 230 815 1326 165 321 1465 896
leaf_count=2116 811 520 995 207 13710 480 1077 369 240 2978 2434 1499 614 1305 1179 523 547 607 3375 810 2704 1566 12093 230 815 1326 165 321 1465 896
internal_value=1.98337e-05 -0.00316055 0.0185309 0.0116302 -0.000461652 -0.0134494 0.00269159 0.010426 0.00145468 -0.00837419 0.0286983 -0.0184236 0.0190807 0.00629238 0.0257369 -0.019983 -0.00267671 -0.00504466 -0.00394628 -0.00288877 -0.00555654 0.0105164 -0.00079779 -0.0117881 -0.00741237 -0.00249301 0.00797774 -0.0231931 -0.0207667 -0.0133797
internal_weight=57977 49480 8497 5068 39202 10278 16175 2225 13950 5094 3429 5184 1148 3682 1386 4704 23027 10184 9637 9030 5655 2377 12843 750 4845 2141 534 3205 2682 1217
internal_count=57977 49480 8497 5068 39202 10278 16175 2225 13950 5094 3429 5184 1148 3682 1386 4704 23027 10184 9637 9030 5655 2377 12843 750 4845 2141 534 3205 2682 1217
is_linear=0
shrinkage=0.05


Tree=61
num_leaves=31
num_cat=0
split_feature=3 3 10 3 3 3 7 10 11 15 6 2 13 7 6 10 8 12 15 7 7 15 6 10 7 12 10 12 8 8
split_gain=1303.24 491.246 150.972 150.724 147.042 94.7915 93.9637 83.1732 74.4627 66.1645 64.6361 58.5382 45.6516 57.3949 80.9726 66.7966 43.3254 41.2855 38.0815 38.8449 39.4271 37.0723 35.8343 48.6534 35.5297 48.7544 35.1144 77.2888 71.9818 67.534
threshold=11.184541225433351 4.5264539718627939 0.9238443672657014 13.15769672393799 2.6383464336395268 8.8769507408142108 -0.53914576768875111 0.89490029215812694 10.650000095367433 76.500000000000014 954.54998779296886 14.500000000000002 0.12940952181816109 -0.59573787450790394 947.25000000000011 0.87032255530357372 -0.20061247795820233 0.0087262028828263612 54.500000000000007 -0.41079147160053248 -0.44956664741039271 41.500000000000007 964.35000610351574 -0.95368063449859608 0.94713109731674205 0.18222858756780627 0.90992662310600292 -0.26722820103168482 0.95943385362625133 0.98704001307487499
decision_type=2 2 2 2 2 2 2 2 2 2 2 2 2 2 2 2 2 2 2 2 2 2 2 2 2 2 2 2 2 2
left_child=1 4 3 16 6 12 -1 -7 10 22 -9 -8 26 14 -14 21 24 -4 19 20 -17 -15 23 -6 25 -2 -3 -28 -29 -30
right_child=2 5 17 -5 9 7 11 8 -10 -11 -12 -13 13 15 -16 18 -18 -19 -20 -21 -22 -23 -24 -25 -26 -27 27 28 29 -31
leaf_value=-0.00045384147140456693 0.0015385300276913483 -4.864197334973272e-05 0.0016769085686147878 0.001816449339968851 -0.00064851125813987194 0.00058218978155474279 -0.00046775954275159323 -0.00093049652909500962 0.0018224409921918485 -0.00051150974521090129 0.0029197969966211074 -0.00046772466787079939 -0.00067397695210333342 -0.001935733823153428 0.0045494971816484511 -0.0039430693117878477 0.00090696481499133181 0.0018759159742564703 -0.0009613721064856527 -0.0031205060034984137 0.0073669603059849948 0.00081915664606440274 -0.00066794500351376673 -0.00016990888196449013 0.0031409012129235969 -0.00033737436548132162 -0.0028027918541965583 0.0032281551587331619 -0.0044652672248380937 0.0044819157008871846
leaf_weight=2037 794 10460 131 1771 3148 5430 1475 1062 917 1180 1700 2899 2091 898 1190 184 1612 1256 1872 1749 121 2497 545 6744 246 336 515 2647 321 185
leaf_count=2037 794 10460 131 1771 3148 5430 1475 1062 917 1180 1700 2899 2091 898 1190 184 1612 1256 1872 1749 121 2497 545 6744 246 336 515 2647 321 185
internal_value=4.05047e-05 -0.00253991 0.0218013 0.0175378 -0.00920535 0.001012 -0.0152821 0.00537086 0.0111699 -0.00584667 0.00704734 -0.0194108 -0.0005943 -0.00307344 0.00241935 -0.00553508 0.0106582 0.0363147 -0.00997202 -0.0146673 0.00177419 -0.000397059 -0.00457288 -0.00387996 0.0171615 0.013304 0.00126654 0.00547237 0.00840722 -0.00880626
internal_weight=58013 51867 6146 4759 18028 33839 6411 9109 3679 11617 2762 4374 24730 10602 3281 7321 2988 1387 3926 2054 305 3395 10437 9892 1376 1130 14128 3668 3153 506
internal_count=58013 51867 6146 4759 18028 33839 6411 9109 3679 11617 2762 4374 24730 10602 3281 7321 2988 1387 3926 2054 305 3395 10437 9892 1376 1130 14128 3668 3153 506
is_linear=0
shrinkage=0.05


Tree=62
num_leaves=31
num_cat=0
split_feature=4 5 3 10 3 12 11 9 12 7 7 2 14 7 8 3 10 10 5 11 10 9 7 15 8 8 10 11 7 4
split_gain=1278.58 488.38 245.587 165.785 95.6437 88.2563 51.6561 47.4135 47.1536 46.6453 43.2277 41.2838 46.9508 40.4066 72.7933 39.6606 39.4503 37.396 38.4149 36.7963 37.0198 33.7351 32.4333 56.2676 54.1839 36.8063 36.0021 33.0451 31.1505 30.5845
threshold=7.1649999618530282 2.0049999952316289 12.443729400634767 0.93038213253021251 7.1186265945434579 -0.16504132002592084 10.650000095367433 4.0250000953674325 0.44618082046508795 -0.92772412300109852 0.88637545704841625 18.500000000000004 1.575000047683716 0.98666161298751842 0.10738035291433336 10.264504432678224 0.9238443672657014 -0.96359375119209278 5.1716666221618661 11.150000095367433 -0.96811076998710621 14.284999847412111 -0.97415921092033375 22.500000000000004 -0.56602323055267323 -0.53371313214302052 -0.33379416167736048 3.1499999761581425 -0.070841956883668886 1.9650000333786013
decision_type=2 2 2 2 2 2 2 10 2 2 2 2 10 2 2 2 2 2 2 2 2 8 2 2 2 2 2 2 2 2
left_child=1 5 3 -2 19 10 -5 9 15 -7 11 12 -1 -10 -15 -6 21 -17 -19 22 -21 -4 26 -24 27 -26 -3 -25 -8 -28
right_child=2 4 16 6 8 7 28 -9 13 -11 -12 -13 -14 14 -16 17 -18 18 -20 20 -22 -23 23 24 25 -27 29 -29 -30 -31
leaf_value=-0.00056682680951097007 0.00085252661547310926 -0.00023917816809175335 0.0014756271113889885 0.0018022943017180798 0.00092882065059116396 -9.0802234482488618e-05 0.0018713341077986169 -0.00043774418806655295 -0.00013556645235366095 -0.00044433843447725941 -0.00052114483183404627 -0.00026425488351649408 -0.00043923990234937243 -0.0006272685071974011 -0.010278002048792641 -0.00021359653438303428 0.0016846072604152385 0.0012921103974837867 0.0028282650827990922 -0.0026693181566221215 0.0046931212375431472 0.0019895226001657054 -0.00081481450517295682 -0.0007837666976292561 -0.0028444799645904323 -0.00055360995913255749 -0.00074482999435671504 0.00080164569456504667 0.0015564072992728939 0.0034337877668610683
leaf_weight=374 2941 1098 1586 798 11255 320 431 850 2507 4124 868 3049 1007 354 179 652 715 615 1359 146 350 863 3453 1428 210 10811 145 4436 522 466
leaf_count=374 2941 1098 1586 798 11255 320 431 850 2507 4124 868 3049 1007 354 179 652 715 615 1359 146 350 863 3453 1428 210 10811 145 4436 522 466
internal_value=9.32369e-05 -0.00285052 0.0188398 0.0115606 -0.000291368 -0.0123809 0.0237187 -0.0169466 0.00254933 -0.0190155 -0.0078069 -0.00579481 -0.0129509 -0.00308703 -0.0155204 0.00378439 0.0295992 0.00931205 0.0127337 -0.00242372 0.010978 0.026467 -0.00272764 -0.00328368 -0.00209295 -0.00415835 0.00387981 0.00178906 0.0315762 0.0135552
internal_weight=57912 50056 7856 4692 39464 10592 1751 5294 16921 4444 5298 4430 1381 3040 533 13881 3164 2626 1974 22543 496 2449 22047 20338 16885 11021 1709 5864 953 611
internal_count=57912 50056 7856 4692 39464 10592 1751 5294 16921 4444 5298 4430 1381 3040 533 13881 3164 2626 1974 22543 496 2449 22047 20338 16885 11021 1709 5864 953 611
is_linear=0
shrinkage=0.05


Tree=63
num_leaves=31
num_cat=0
split_feature=4 4 3 6 10 9 3 6 9 13 14 8 7 10 3 6 10 12 13 10 8 15 9 6 6 13 8 8 8 12
split_gain=1225.64 438.763 242.543 153.334 136.394 100.589 66.4062 63.9502 63.257 52.7407 51.5719 46.3475 46.0556 44.8562 43.4299 41.4129 41.2285 40.9496 50.9215 87.2919 41.1903 40.447 38.5735 38.3797 65.0765 80.6707 52.7701 51.9546 51.3527 47.8645
threshold=7.1649999618530282 2.5149999856948857 12.443729400634767 952.35000610351574 0.93038213253021251 3.6750000715255742 8.2786192893981951 948.95001220703136 3.7250000238418584 1.0000000180025095e-35 8.0349998474121112 0.090250775218009963 0.75047916173934948 -0.74892720580101002 1.7241498827934267 959.54998779296886 0.9238443672657014 -0.36648726463317866 -0.6035533845424651 0.87878364324569713 -0.69561269879341114 38.500000000000007 4.5750000476837167 959.14999389648449 954.14999389648449 -0.6035533845424651 -0.99532556533813465 -0.97653719782829274 -0.95444580912590016 -0.55191597342491139
decision_type=2 2 2 2 2 10 2 2 10 2 10 2 2 2 2 2 2 2 2 2 2 2 10 2 2 2 2 2 2 2
left_child=1 3 4 9 15 14 23 -6 -8 21 -9 -7 -13 -11 -5 -2 -4 -10 19 -19 -21 22 -1 24 -3 -26 -25 -27 -29 -30
right_child=2 6 16 5 7 11 8 10 17 13 -12 12 -14 -15 -16 -17 -18 18 -20 20 -22 -23 -24 26 25 27 -28 28 29 -31
leaf_value=-0.00038706474934297754 0.00043411143410624909 -9.8106214780079381e-05 0.0015791098753027534 -0.00042212151275339651 0.0013167230983900408 5.3915814451824167e-05 0.0083074776113460404 0.0016742771177850448 0.0031341479631052382 -0.00053118724352308854 0.0015589547357751311 -0.00035862368433574603 -0.0011755424687284845 -0.00013614246078154274 -0.00043436603639253302 0.0017944296506772262 0.0015800807587472987 -0.00041820909781797589 -0.00031007080466135959 0.00032741975261653123 0.004449079574985193 0.0014123092355871002 0.002176458988516216 -0.003689754178067179 0.00057113015559902909 0.00083152629299622469 0.00088459070888118052 -0.0038673976146254042 0.00083064282727041703 -0.0022749166034024024
leaf_weight=2668 2460 13123 2467 1121 380 1420 262 598 1953 2745 768 589 514 1622 5197 519 707 1325 5896 293 913 930 441 126 1474 402 4311 141 323 2161
leaf_count=2668 2460 13123 2467 1121 380 1420 262 598 1953 2745 768 589 514 1622 5197 519 707 1325 5896 293 913 930 441 126 1474 402 4311 141 323 2161
internal_value=-7.00038e-05 -0.00296467 0.0182249 -0.0094163 0.0110254 -0.014012 0.000438731 0.0221017 0.00368179 -0.00457734 0.0271335 -0.00555775 -0.013222 -0.00838289 -0.017381 0.00450737 0.0289085 0.00306211 0.00154768 0.0074724 0.0171759 -0.000457468 -0.00319525 -0.00112617 -0.00217256 -0.00735686 0.00302792 -0.0120218 -0.0145817 -0.0128566
internal_weight=57849 49950 7899 17247 4725 8841 32703 1746 10642 8406 1366 2523 1103 4367 6318 2979 3174 10380 8427 2531 1206 4039 3109 22061 17624 4501 4437 3027 2625 2484
internal_count=57849 49950 7899 17247 4725 8841 32703 1746 10642 8406 1366 2523 1103 4367 6318 2979 3174 10380 8427 2531 1206 4039 3109 22061 17624 4501 4437 3027 2625 2484
is_linear=0
shrinkage=0.05


Tree=64
num_leaves=31
num_cat=0
split_feature=4 5 3 6 3 15 5 12 11 13 7 12 8 8 8 12 6 4 8 6 7 11 7 8 15 7 13 12 6 8
split_gain=1199.47 427.579 286.689 116.686 78.4077 87.6609 69.0272 61.7803 61.2187 67.8458 45.4464 43.6487 41.5427 67.6964 45.5011 42.8851 40.3588 39.5044 39.4478 39.3759 36.7626 39.7488 33.5616 84.548 69.0234 61.0693 44.4149 63.9649 44.1927 53.0353
threshold=6.9649999141693124 2.0049999952316289 12.443729400634767 951.04998779296886 2.072650790214539 75.500000000000014 3.2516666650772099 -0.80382624268531788 10.250000000000002 -0.37940952181816096 0.75047916173934948 0.36648726463317877 0.99805629253387462 0.98094093799591076 0.98965245485305797 -0.41467745602130884 959.45001220703136 8.1050000190734881 1.0000000180025095e-35 973.35000610351574 -0.036512531340122216 12.84999990463257 0.88234141469001781 0.021515898406505588 59.500000000000007 0.89420282840728771 -1.0000000180025095e-35 -0.061046212911605828 947.25000000000011 -0.5765966773033141
decision_type=2 2 2 2 2 2 2 2 2 2 2 2 2 2 2 2 2 2 2 2 2 2 2 2 2 2 2 2 2 2
left_child=1 4 3 -2 -1 7 11 -6 9 10 -5 -3 13 19 -15 -16 -10 -4 -7 22 21 -19 28 25 -25 -24 27 -26 29 -8
right_child=2 6 17 8 5 18 12 -9 16 -11 -12 -13 -14 14 15 -17 -18 20 -20 -21 -22 -23 23 24 26 -27 -28 -29 -30 -31
leaf_value=-0.00040105130672395096 0.00017924607582063269 -0.00030587167058717703 0.0016221055177124966 0.000729075764844453 0.00031888433315342484 -0.00040661421999850061 -0.0026666588281587331 -0.00040434200863986879 0.0012856440526006097 0.00095282281980336178 0.0030110434112853219 -0.00058421822025857099 0.0041215580176907855 -0.0050142970541474296 0.010509075433898252 -0.0024593550084328251 0.0016491682016492233 -0.00018210406564678205 -0.00041595386185453375 0.0048219460840359446 0.0015728900236358257 0.0013379037068466328 -0.0048582771904439083 -0.0051922482355452109 -0.0039455302495114506 0.0020181131365576478 -0.0028278029480379749 0.0045249220345177149 0.0010534663491074557 0.00028461329107519267
leaf_weight=3165 2059 10284 827 122 1327 289 1324 4923 1297 1445 272 4096 437 394 105 410 588 127 876 166 1599 671 113 489 230 1889 757 406 13460 3762
leaf_count=3165 2059 10284 827 122 1327 289 1324 4923 1297 1445 272 4096 437 394 105 410 588 127 876 166 1599 671 113 489 230 1889 757 406 13460 3762
internal_value=-2.33104e-05 -0.00311203 0.0167388 0.0100639 -0.0120076 -0.00918464 -0.000654891 -0.00682654 0.0153392 0.00881236 0.0270677 -0.00339242 0.000989686 0.000703956 -0.0126368 -0.00278846 0.0216667 0.0286776 -0.0217521 0.00124331 0.0319525 0.0229141 0.00106084 -0.00316277 -0.0107578 0.00398605 -0.00504292 0.00468019 0.00194599 -0.00202318
internal_weight=57909 48902 9007 5783 10580 7415 38322 6250 3724 1839 394 14380 23942 23505 909 515 1885 3224 1165 22596 2397 798 22430 3884 1882 2002 1393 636 18546 5086
internal_count=57909 48902 9007 5783 10580 7415 38322 6250 3724 1839 394 14380 23942 23505 909 515 1885 3224 1165 22596 2397 798 22430 3884 1882 2002 1393 636 18546 5086
is_linear=0
shrinkage=0.05


Tree=65
num_leaves=31
num_cat=0
split_feature=4 4 3 6 10 3 12 2 11 3 10 15 12 11 15 6 9 15 11 6 8 7 8 15 11 10 15 6 8 7
split_gain=1146.16 416.479 164.459 135.553 123.296 109.756 73.6306 63.948 60.4486 48.7287 48.3734 64.4303 53.6201 44.5499 43.966 42.189 46.8288 41.8494 37.8036 36.6072 36.2256 36.1014 49.498 39.7662 49.0434 99.5741 39.4098 36.5845 56.5618 35.749
threshold=7.6150000095367441 2.1350001096725468 12.443729400634767 952.35000610351574 0.9238443672657014 8.8769507408142108 0.47714059054851538 38.500000000000007 3.6499999761581425 1.5982254147529604 0.89490029215812694 65.500000000000014 -0.30069434642791742 9.2500000000000018 74.500000000000014 956.35000610351574 12.994999885559084 62.500000000000007 2.8500000238418584 948.25000000000011 1.0000000180025095e-35 -0.97789707779884327 0.090250775218009963 27.500000000000004 9.0500001907348651 0.8140845298767091 20.500000000000004 954.64999389648449 -0.47434769570827479 -0.58184358477592457
decision_type=2 2 2 2 2 2 2 2 2 2 2 2 2 2 2 2 8 2 2 2 2 2 2 2 2 2 2 2 2 2
left_child=1 3 4 7 -2 21 9 8 -1 -5 12 13 -7 19 17 16 -6 18 -11 -12 -16 22 26 24 27 -26 -3 -23 -29 -20
right_child=2 5 -4 6 15 10 -8 -9 -10 14 11 -13 -14 -15 20 -17 -18 -19 29 -21 -22 23 -24 -25 25 -27 -28 28 -30 -31
leaf_value=-0.00042495782905775783 0.00072391251036411648 0.002154688992583175 0.0014001195945430008 -0.00038217728282319931 0.0014952076504114288 0.0024783489507778176 -0.0003817923451794511 0.00050544402643818158 -0.00016298557855238852 -0.00038885614277157004 -0.0071435790603322502 0.0037198134326199592 -0.00020561258737634565 0.0019994402618078028 -0.00035207133082335794 0.0013390488232564335 -0.0073708221418771541 0.00018309477287555139 -0.0013247785106887855 0.0014631505585129768 -0.0004076033914922596 -0.00078996017188579795 0.004554622520822337 -0.00012326520484679389 -0.0019216130406482269 0.0048190138943288224 -0.0010992681661626689 -0.00060063100287062574 -0.0037791289695591548 -0.00037574452529712119
leaf_weight=2815 1658 396 2904 492 691 1932 1909 1421 2637 1084 263 614 4328 798 345 530 84 826 97 1695 994 4029 616 19766 1082 829 798 409 209 1551
leaf_count=2815 1658 396 2904 492 691 1932 1909 1421 2637 1084 263 614 4328 798 345 530 84 826 97 1695 994 4029 616 19766 1082 829 798 409 209 1551
internal_value=0 -0.00236715 0.0209384 -0.0096748 0.0126179 0.00037597 -0.0144187 -0.00463071 -0.00709181 -0.0114108 0.00498184 0.00980741 0.00237829 0.00651938 -0.00988372 0.024084 0.0164744 -0.00696043 -0.00993789 0.00244524 -0.0175967 -0.00120118 0.00561983 -0.00167116 -0.00504343 0.00169624 -0.000333611 -0.00781384 -0.0191011 -0.00514217
internal_weight=57802 51935 5867 14171 2963 37764 7298 6873 5452 5389 9630 3370 6260 2756 4897 1305 775 3558 2732 1958 1339 28134 1810 26324 6558 1911 1194 4647 618 1648
internal_count=57802 51935 5867 14171 2963 37764 7298 6873 5452 5389 9630 3370 6260 2756 4897 1305 775 3558 2732 1958 1339 28134 1810 26324 6558 1911 1194 4647 618 1648
is_linear=0
shrinkage=0.05


Tree=66
num_leaves=31
num_cat=0
split_feature=4 5 3 10 3 3 2 6 6 4 15 8 15 7 13 10 12 7 6 10 11 6 8 10 6 6 15 4 8 8
split_gain=1152.23 462.628 175.773 113.994 107.654 98.8778 68.2295 55.6105 44.3161 47.3991 53.8445 56.1342 50.115 45.4629 44.0874 108.588 58.6389 51.2888 42.8759 41.5276 48.7466 40.6017 46.8554 39.4135 35.6793 35.3009 38.1124 35.2389 31.3977 89.4033
threshold=7.6150000095367441 2.4616667032241826 12.443729400634767 0.94260558485984813 1.7241498827934267 8.8769507408142108 41.500000000000007 949.54998779296886 952.85000610351574 0.98500001430511486 23.500000000000004 0.090250775218009963 77.500000000000014 0.98049062490463268 -0.37940952181816096 0.87878364324569713 -0.13052122294902799 0.68472337722778331 959.54998779296886 -0.93038213253021229 3.3500000238418584 959.75000000000011 -0.93779578804969776 0.9238443672657014 951.35000610351574 964.85000610351574 77.500000000000014 9.3550000190734881 -0.99351876974105824 -0.98009455204009999
decision_type=2 2 2 2 2 2 2 2 2 2 2 2 2 2 2 2 2 2 2 2 2 2 2 2 2 2 2 2 2 2
left_child=1 4 3 18 -1 28 8 -5 19 -10 -11 -12 13 -13 15 21 -17 -16 -2 20 -6 22 -7 27 -8 -19 -27 -4 -3 -30
right_child=2 5 23 7 6 14 24 -9 9 10 11 12 -14 -15 17 16 -18 25 -20 -21 -22 -23 -24 -25 -26 26 -28 -29 29 -31
leaf_value=-0.00036190912412878092 0.00047984112296253767 -0.0016650447866056778 0.0012663460725627963 0.0011554027142032131 -0.00047428605820664375 0.0042130145515618667 0.00085725106151085322 0.0012747882104595821 -0.00036352087201923654 -0.00043363352991965861 -0.00030539989391705061 -0.00036117515044721196 -0.00056248596882075674 -0.00051209451483819957 0.0019723414866772092 -0.0026628521351210691 0.0029603542212850668 -0.0021206568771222067 0.0014385996862390062 -0.00019253506085284311 -0.00031679898141855062 0.002225439594307621 -0.0012970384989019535 0.0013971982250203297 -0.00038538676719600804 -0.00070625432006763973 0.0044311483949648709 0.0014623186786676624 0.0042211651549543599 -0.00018911049526551538
leaf_weight=2023 1607 931 1432 225 1318 264 1059 773 1537 190 2335 1160 565 164 3601 85 1392 1902 323 3288 1196 400 1645 712 1334 234 166 784 784 24445
leaf_count=2023 1607 931 1432 225 1318 264 1059 773 1537 190 2335 1160 565 164 3601 85 1392 1902 323 3288 1196 400 1645 712 1334 234 166 784 784 24445
internal_value=0.00012267 -0.00224516 0.0211397 0.0124446 -0.00926487 0.000921794 -0.00771677 0.0261216 -0.00928304 -0.0123153 -0.00966282 -0.00846536 -0.0148627 -0.00948081 0.0052352 0.00944342 0.0200067 0.00253047 0.005323 -0.00616497 -0.0109964 0.00265774 -0.00039185 0.0297988 -2.08507e-05 -0.00329432 0.0101235 0.0263845 -0.000676476 -0.000342791
internal_weight=57874 52018 5856 2928 16169 35849 14146 998 11753 5951 4414 4224 1889 1324 9689 3786 1477 5903 1930 5802 2514 2309 1909 2928 2393 2302 400 2216 26160 25229
internal_count=57874 52018 5856 2928 16169 35849 14146 998 11753 5951 4414 4224 1889 1324 9689 3786 1477 5903 1930 5802 2514 2309 1909 2928 2393 2302 400 2216 26160 25229
is_linear=0
shrinkage=0.05


Tree=67
num_leaves=31
num_cat=0
split_feature=3 5 4 3 10 10 7 2 11 6 6 7 8 3 8 6 14 9 8 10 6 4 6 8 8 7 15 10 9 6
split_gain=1098.39 419.752 164.709 100.916 100.787 74.4988 73.2811 72.0445 60.9897 59.0183 53.2571 53.1537 47.2282 47.8835 45.4324 49.265 43.4655 38.4067 37.4978 36.7378 35.3851 52.1928 47.3793 55.1962 50.9069 97.9405 69.1765 54.6173 53.0214 57.961
threshold=11.184541225433351 2.0049999952316289 8.7349996566772479 8.4063816070556658 0.9238443672657014 0.9238443672657014 -0.464854747056961 17.500000000000004 10.650000095367433 954.54998779296886 953.04998779296886 -0.12216648086905478 1.0000000180025095e-35 2.5539633035659794 0.89129894971847545 957.75000000000011 7.2550001144409189 4.9249999523162851 0.96962100267410289 -0.9366365075111388 952.75000000000011 1.8500000238418581 959.14999389648449 -0.99532556533813465 0.021515898406505588 0.71541279554367077 23.500000000000004 -0.85260769724845875 7.5350000858306894 954.85000610351574
decision_type=2 2 2 2 2 2 2 2 2 2 2 2 2 2 2 2 8 10 2 2 2 2 2 2 2 2 2 2 10 2
left_child=1 7 4 20 -2 -5 -4 17 9 16 19 -6 13 -12 -14 -16 18 -1 -7 -9 -3 -22 24 -24 27 26 -26 -23 29 -28
right_child=2 3 6 5 11 8 -8 10 -10 -11 12 -13 14 -15 15 -17 -18 -19 -20 -21 21 22 23 -25 25 -27 28 -29 -30 -31
leaf_value=-0.00034661407939068876 0.0011404519269277353 -1.1336151784737368e-05 0.0013570567830161447 0.00065787828546424185 -0.0007934090220853119 0.0041667833116398245 0.0012775889852382706 -0.00038236916192063209 0.0013982322361016431 0.0020639117306096716 -0.00034377581866399857 0.0013690875490122102 -0.00036811124637281864 5.0239756647109739e-05 -0.00036840673338632942 0.0012035585103496959 -0.0042462418554384046 0.00028280289090707003 -0.0039943165045622847 5.3909745645304434e-05 -0.00057150747869645321 0.00203170181547565 -0.0026615553164905741 0.00045502267451531868 -0.0030699949812994414 -0.0027708479722182767 0.00068682257542432713 -0.0010331122465992888 0.0023095604873446577 -0.0022072823728295286
leaf_weight=3509 3294 15908 384 8600 84 406 1668 1262 954 966 817 761 1235 1027 328 182 417 278 85 1931 1608 1203 154 4877 235 915 852 1947 914 1016
leaf_count=3509 3294 15908 384 8600 84 406 1668 1262 954 966 817 761 1235 1027 328 182 417 278 85 1931 1608 1203 154 4877 235 915 852 1947 914 1016
internal_value=-1.64297e-05 -0.00240359 0.0198757 -0.000115679 0.0141047 0.00387475 0.0314536 -0.0112871 0.0109072 0.0056413 -0.00819213 0.0294706 -0.0123678 -0.00676041 -0.0182571 -0.00563107 -0.00350493 -0.0168117 0.00655242 -0.00348655 -0.00165519 -0.00351523 -0.00238901 0.00132049 -0.00502328 -0.00881382 -0.00445069 -0.000285261 -0.00222461 -0.00704752
internal_weight=57817 51626 6191 41057 4139 11428 2052 10569 2828 1874 6782 845 3589 1844 1745 510 908 3787 491 3193 29629 13721 12113 5031 7082 3932 3017 3150 2782 1868
internal_count=57817 51626 6191 41057 4139 11428 2052 10569 2828 1874 6782 845 3589 1844 1745 510 908 3787 491 3193 29629 13721 12113 5031 7082 3932 3017 3150 2782 1868
is_linear=0
shrinkage=0.05


Tree=68
num_leaves=31
num_cat=0
split_feature=3 5 4 3 12 7 10 10 12 11 8 8 8 13 5 6 13 4 12 7 8 6 10 11 5 12 12 8 8 6
split_gain=1084.88 425.46 171.288 95.8458 76.8637 74.5056 71.3306 60.095 79.5442 56.7348 54.9083 46.4818 53.3572 44.3749 44.3558 42.2462 67.8217 51.2895 49.7318 43.7756 42.2284 48.9662 41.8574 76.1249 41.5376 40.7275 40.2816 39.4102 58.723 38.2951
threshold=11.184541225433351 1.985000014305115 8.1050000190734881 8.2786192893981951 -0.16504132002592084 -0.17316619306802747 0.9170251488685609 0.94828754663467418 -0.061046212911605828 11.84999990463257 0.96527305245399486 0.99805629253387462 0.98094093799591076 -0.7865660786628722 6.2916667461395273 952.85000610351574 1.0000000180025095e-35 2.1700000762939458 0.59480014443397533 -0.22370548546314237 0.54162281751632702 959.45001220703136 -0.92384436726570118 8.2500000000000018 1.3083332777023318 0.41467745602130895 0.30069434642791754 1.0000000180025095e-35 -0.36924374103546137 949.54998779296886
decision_type=2 2 2 2 2 2 2 2 2 2 2 2 2 2 2 2 2 2 2 2 2 2 2 2 2 2 2 2 2 2
left_child=1 4 6 15 24 9 -2 11 -9 -4 -8 12 20 -6 -7 22 17 25 19 -18 -5 -22 26 -24 -1 -17 -3 28 -15 -10
right_child=2 3 5 7 13 14 10 8 29 -11 -12 -13 -14 27 -16 16 18 -19 -20 -21 21 -23 23 -25 -26 -27 -28 -29 -30 -31
leaf_value=-0.00033739342307876691 0.0011085435183745774 -0.00017960819897955282 -0.0022467410964558845 0.000244191172801278 -0.00031969222240143034 -0.00080872346622209437 0.0013446800968637319 -0.0037883830631807503 0.0013795207249915232 0.0010858218927462637 -0.0019101807095379952 0.0055369832821013272 -0.0040561501727686853 -0.00032648296395280734 0.0012259664669603265 -0.00046615458752727307 -0.00143971396457782 0.00034664384478840448 -0.0009557095842583148 -0.0005483574067694923 0.0021185218524352512 0.0058030766755644229 1.026275992696002e-05 0.0037523113199369783 -0.00035410178472163717 -0.00062446822117088715 -0.00091328791140255655 -0.00032754782095480162 0.00025524846700947842 0.0014659700713407998
leaf_weight=1364 2403 5531 106 7111 818 89 496 278 375 782 87 175 371 2075 2168 816 789 5828 994 4616 2275 496 7155 1828 3814 358 1458 1908 347 997
leaf_count=1364 2403 5531 106 7111 818 89 496 278 375 782 87 175 371 2075 2168 816 789 5828 994 4616 2275 496 7155 1828 3814 358 1458 1908 347 997
internal_value=6.04355e-05 -0.0022952 0.0199397 -3.25646e-05 -0.0113735 0.0280794 0.011334 0.00371596 0.012568 0.0156775 0.0269558 0.00230998 0.00186684 -0.0156996 0.0329134 -0.00157431 -0.00364389 -0.000242615 -0.00736259 -0.00546211 0.00256903 0.00779899 0.000162734 0.00241989 -0.00706155 -0.00975403 -0.00273806 -0.0177163 -0.0134322 0.0175018
internal_weight=57908 51777 6131 41451 10326 3145 2986 12078 1650 888 583 10428 10253 5148 2257 29373 13401 7002 6399 5405 9882 2771 15972 8983 5178 1174 6989 4330 2422 1372
internal_count=57908 51777 6131 41451 10326 3145 2986 12078 1650 888 583 10428 10253 5148 2257 29373 13401 7002 6399 5405 9882 2771 15972 8983 5178 1174 6989 4330 2422 1372
is_linear=0
shrinkage=0.05


Tree=69
num_leaves=31
num_cat=0
split_feature=4 5 3 10 6 9 12 7 10 9 7 4 13 11 6 8 8 6 15 8 8 10 9 5 6 7 6 7 15 10
split_gain=1026.69 362.121 246.378 107.981 84.1632 80.2292 68.2251 73.3864 88.3457 62.7016 65.1876 53.7424 55.956 53.6545 52.3981 48.9169 124.669 48.6145 47.6635 52.1717 50.3782 46.9907 49.8141 46.0644 44.734 44.2018 41.9802 38.2291 36.9007 36.7993
threshold=7.2049999237060556 2.2350000143051152 12.32163190841675 0.94260558485984813 951.64999389648449 2.4550000429153447 0.43049471080303198 -0.66248837113380421 0.28400452435016638 10.404999732971193 0.94147586822509777 2.2050000429153447 -0.37940952181816096 7.4500000476837167 940.45001220703136 -0.99351876974105824 -0.97653719782829274 956.35000610351574 45.500000000000007 -0.92530733346939076 -0.94917574524879444 0.9238443672657014 14.284999847412111 3.9616667032241826 959.54998779296886 0.99166637659072887 947.45001220703136 -0.95117661356925953 31.500000000000004 -0.8338540494441985
decision_type=2 2 2 2 2 10 2 2 2 8 2 2 2 2 2 2 2 2 2 2 2 2 8 2 2 2 2 2 2 2
left_child=1 4 3 24 14 -6 9 8 -8 15 -11 -9 28 27 -1 -3 23 -5 20 -20 -16 22 -4 -17 -2 -12 -15 -10 -13 -22
right_child=2 6 21 17 5 -7 7 11 13 10 25 12 -14 26 18 16 -18 -19 19 -21 29 -23 -24 -25 -26 -27 -28 -29 -30 -31
leaf_value=-0.00055436590365666449 0.00037299778256467134 -0.0018945586684828014 0.00091022922209900165 0.0011776731945757235 -0.00031011922275278413 -0.00032558845344116805 -0.00097497740513451429 -0.00071557676142038897 0.0035249231579944315 0.001192618760829245 0.0042602119483668459 -0.00081206925196292969 -0.0014707078957659713 0.0028999637716445878 -0.00040229935470702997 0.0018162395782221172 -1.6730960565945752e-05 0.001106923760619405 0.0072087697068928952 0.00014391384374275875 -0.00033673235614157962 0.0012422095694509473 0.0015155819311584496 0.0076575238522824281 0.0013917342466817917 0.0023630378265410341 0.014049605262165138 -0.00074034496148715214 0.0027174640971009412 0.00014660058376550413
leaf_weight=371 2489 966 1641 875 3745 3905 851 764 260 3885 366 831 4016 600 428 481 20949 480 146 1094 2241 775 892 464 565 312 228 434 1211 1512
leaf_count=371 2489 966 1641 875 3745 3905 851 764 260 3885 366 831 4016 600 428 481 20949 480 146 1094 2241 775 892 464 565 312 228 434 1211 1512
internal_value=0.000130664 -0.00248677 0.0171005 0.00934527 -0.00950398 -0.0129458 9.01073e-05 -0.00363587 0.00393188 0.00133987 0.00668783 -0.00626923 -0.00468415 0.0111329 -0.00495084 0.000271157 0.000758025 0.0210662 -0.00369517 0.0048996 -0.00624701 0.0274072 0.024015 0.0184737 0.00411899 0.020937 0.0196879 0.000858369 0.00205178 -0.00437733
internal_weight=57777 50060 7717 4409 13442 7650 36618 9195 2373 27423 4563 6822 6058 1522 5792 22860 21894 1355 5421 1240 4181 3308 2533 945 3054 678 828 694 2042 3753
internal_count=57777 50060 7717 4409 13442 7650 36618 9195 2373 27423 4563 6822 6058 1522 5792 22860 21894 1355 5421 1240 4181 3308 2533 945 3054 678 828 694 2042 3753
is_linear=0
shrinkage=0.05


Tree=70
num_leaves=31
num_cat=0
split_feature=3 5 4 3 12 10 12 10 13 11 2 5 8 5 8 8 3 10 14 8 8 9 12 10 8 8 14 8 12 11
split_gain=1023.4 402.571 148.689 101.626 70.8788 69.2216 61.5575 55.7571 46.6103 46.3666 45.4605 44.6213 42.9248 43.6796 40.9098 57.7598 40.7414 38.7335 53.1728 37.4888 67.7323 37.2183 29.1601 57.8835 34.3195 44.5887 33.6141 29.4953 29.8104 47.2733
threshold=11.635683536529543 2.0049999952316289 8.1050000190734881 8.8769507408142108 -0.13052122294902799 0.9170251488685609 -0.16504132002592084 0.9170251488685609 -0.6035533845424651 8.0500001907348651 19.500000000000004 1.6449999809265139 0.96962100267410289 4.4983332157135019 1.0000000180025095e-35 -0.36924374103546137 2.1336435079574589 0.9238443672657014 12.494999885559084 -0.20061247795820233 -0.064414007589220987 4.305000066757203 -0.44618082046508784 0.94828754663467418 0.87795194983482372 0.14153897762298587 8.7150001525878924 0.95943385362625133 0.64942333102226268 8.0500001907348651
decision_type=2 2 2 2 2 2 2 2 2 2 2 2 2 2 2 2 2 2 8 2 2 8 2 2 2 2 10 2 2 2
left_child=1 4 7 21 10 -5 -7 19 -6 -4 -1 -12 13 -8 15 16 -10 18 -11 -2 -21 -3 24 -24 25 -23 27 28 29 -25
right_child=2 3 9 5 8 6 12 -9 14 17 11 -13 -14 -15 -16 -17 -18 -19 -20 20 -22 22 23 26 -26 -27 -28 -29 -30 -31
leaf_value=-0.0003690114540020259 0.0012976360494967394 -0.00037385212920191223 -0.00046846998031845614 0.00070730316590095774 -0.00029007959197674703 -0.0053971638093340104 -0.0019021890239138224 0.0011688113108023535 -0.00029469526306542983 0.00091580116833881462 -0.00031143738355803204 0.0002787918240931034 -0.00055563835952232576 0.0013586957766151238 -0.00029951209945828822 0.00028553928242954879 -0.00029359841080157017 0.0012306456164225934 0.0011068997515233936 -0.0096824378170920853 0.0012305683699247894 0.0010406314564349525 -0.00059016291040851494 0.0015609983259804062 0.0034281963293084916 -0.0010268291997540702 -0.0062189839120730429 -0.0013291569415055879 -0.00070522394657792753 0.0061643818928294016
leaf_weight=1841 748 6834 118 7321 1161 116 298 406 772 691 2024 1577 291 2220 1738 321 1152 745 1354 139 787 4218 14999 1582 935 1938 93 460 384 579
leaf_count=1841 748 6834 118 7321 1161 116 298 406 772 691 2024 1577 291 2220 1738 321 1152 745 1354 139 787 4218 14999 1582 935 1938 93 460 384 579
internal_value=7.26053e-05 -0.00197128 0.0217104 0.000212902 -0.0106883 0.0045459 0.011041 0.0114628 -0.0148961 0.0290079 -0.00670094 -0.00342485 0.0125267 0.0146254 -0.0174649 -0.0129556 -0.016226 0.0303041 0.0266098 0.00738535 0.000644468 -0.00117401 -0.000285794 -0.00135068 0.00243095 0.00107125 0.00486626 0.00579734 0.00790196 0.0101801
internal_weight=57842 52854 4988 42268 10586 10246 2925 2080 5144 2908 5442 3601 2809 2518 3983 2245 1924 2790 2045 1674 926 32022 25188 18097 7091 6156 3098 3005 2545 2161
internal_count=57842 52854 4988 42268 10586 10246 2925 2080 5144 2908 5442 3601 2809 2518 3983 2245 1924 2790 2045 1674 926 32022 25188 18097 7091 6156 3098 3005 2545 2161
is_linear=0
shrinkage=0.05


Tree=71
num_leaves=31
num_cat=0
split_feature=4 5 4 4 12 7 10 14 15 7 7 13 14 10 13 10 13 7 7 15 14 9 8 8 7 7 9 14 5 8
split_gain=1023.53 395.658 182.766 90.8407 84.8944 71.5056 64.29 66.5348 54.8083 53.5936 50.491 66.9361 57.291 47.6866 55.5379 56.9135 47.2552 46.6442 42.4957 41.9901 41.7839 39.0674 38.7672 38.3856 48.4946 38.7078 36.0739 35.9784 35.4525 34.4321
threshold=7.3450000286102304 1.985000014305115 8.7349996566772479 5.7249999046325692 -0.16504132002592084 0.88234141469001781 0.9238443672657014 8.6549997329711932 35.500000000000007 -0.464854747056961 0.91258591413497936 -1.0000000180025095e-35 11.284999847412111 -0.98321744799613942 1.0000000180025095e-35 0.87878364324569713 -0.7865660786628722 0.86993730068206798 -0.12216648086905478 69.500000000000014 4.4249999523162851 9.5650000572204608 0.93168920278549205 1.0000000180025095e-35 0.88234141469001781 0.066572044044733061 13.105000019073488 1.575000047683716 4.6016666889190683 0.79018178582191478
decision_type=2 2 2 2 2 2 2 10 2 2 2 2 10 2 2 2 2 2 2 2 8 10 2 2 2 2 8 10 2 2
left_child=1 4 6 5 27 17 10 26 -7 -4 12 -12 -2 28 15 21 -6 20 29 -17 22 -15 -3 24 -18 -25 -8 -1 -5 -9
right_child=2 3 9 13 16 8 7 18 -10 -11 11 -13 -14 14 -16 19 23 -19 -20 -21 -22 -23 -24 25 -26 -27 -28 -29 -30 -31
leaf_value=-0.00035482576918304448 -0.00058210065350063902 -0.00025293074979838018 0.001388569792351785 0.0077187683519951509 -0.00028017807362645174 -0.0030610994247169615 0.0011164932653994486 0.0018899111284187921 -0.0008677663602272512 0.0010246003301582652 0.0016748463429620776 0.00090482467574194985 0.00075626024998819716 -0.0017457832468416555 0.00059345286246586528 0.0025953726859800105 -0.00028002215524224771 0.0047221462424789033 0.0010728589622655883 0.0044838213151678881 0.00021711717209073889 0.002196628016113289 -0.00086437504517913812 -0.00029673330633386255 0.00027423778387150399 -0.00027958639344224993 -0.0021095080115937997 -0.00026115319745879657 -0.0016018025593490485 -0.0014484151268845142
leaf_weight=1529 1481 8882 473 164 810 142 703 81 4478 1800 341 457 820 650 4505 1710 2163 214 625 234 15321 1137 1581 724 254 1201 140 3646 1452 80
leaf_count=1529 1481 8882 473 164 810 142 703 81 4478 1800 341 457 820 650 4505 1710 2163 214 625 234 15321 1137 1581 724 254 1201 140 3646 1452 80
internal_value=-3.80603e-05 -0.00250876 0.0178775 -0.000279185 -0.0112418 -0.00162296 0.0122544 0.0202876 -0.00735135 0.0295215 0.0080058 0.0188045 0.0042281 0.00389571 0.00543623 0.00994379 -0.0157844 -0.000603776 0.0307206 0.0158543 -0.00079879 0.00348772 -0.00323366 -0.0178514 -0.0136045 -0.0231347 0.0104363 -0.00670849 -0.00394818 0.00753012
internal_weight=57798 50797 7001 40470 10327 30618 4728 1629 4620 2273 3099 798 2301 9852 8236 3731 5152 25998 786 1944 25784 1787 10463 4342 2417 1925 843 5175 1616 161
internal_count=57798 50797 7001 40470 10327 30618 4728 1629 4620 2273 3099 798 2301 9852 8236 3731 5152 25998 786 1944 25784 1787 10463 4342 2417 1925 843 5175 1616 161
is_linear=0
shrinkage=0.05


Tree=72
num_leaves=31
num_cat=0
split_feature=3 5 4 6 4 12 7 3 15 13 8 6 7 14 8 12 6 15 8 5 4 8 6 5 12 15 6 8 6 7
split_gain=980.298 397.279 135.241 109.941 104.856 74.1681 54.2544 63.0691 59.934 49.2702 46.8642 56.9614 46.389 53.0725 45.1259 46.7687 42.6762 44.7837 55.9645 44.4883 40.7443 53.9479 59.4404 40.4911 36.1849 35.5613 56.6485 36.2897 42.1787 60.3775
threshold=12.08420515060425 1.985000014305115 6.2049999237060556 960.35000610351574 8.1050000190734881 -0.16504132002592084 0.88234141469001781 6.8531479835510263 35.500000000000007 -0.7865660786628722 0.021515898406505588 973.35000610351574 -0.17316619306802747 12.494999885559084 -0.9980562925338744 -0.36648726463317866 953.04998779296886 34.500000000000007 1.0000000180025095e-35 1.1416666507720949 3.9250000715255742 -0.69870123267173756 957.04998779296886 1.4583333730697634 0.47714059054851538 39.500000000000007 960.95001220703136 0.12447811290621759 954.75000000000011 -0.92772412300109852
decision_type=2 2 2 2 2 2 2 2 2 2 2 2 2 10 2 2 2 2 2 2 2 2 2 2 2 2 2 2 2 2
left_child=1 5 6 -4 -2 23 7 25 -8 -7 -10 -12 13 -6 -9 -16 -11 -18 19 -19 -17 -22 -23 -1 -5 26 -3 -27 29 -29
right_child=4 2 3 24 12 9 8 14 10 16 11 -13 -14 -15 15 20 17 18 -20 -21 21 22 -24 -25 -26 27 -28 28 -30 -31
leaf_value=-0.00027990590534181063 0.0010599386512561066 -0.00037521841952095191 0.00052700004090236452 0.0015892199364276828 -0.00046836788913826868 -0.00024945872028985471 -0.0031115074619164403 -0.0062358375599027545 -2.3692040343465533e-05 -0.00028324178624984029 -0.0012800334020932004 0.0078075949146487319 0.0010207235320595144 0.0011356576434462223 0.0033161288319941782 -0.0022814395282698104 -0.00026587739069976115 -0.00026591698370214404 -0.00026558782688794984 -0.000184666201262307 -0.0012921823716445348 0.00064539193789360657 0.0047930379015314649 -0.00028517668897486798 0.0005919867861083006 0.00099615159396712854 -0.0012570460371830617 -0.0025671614403756904 -0.0006354138511953767 0.00097620783084891591
leaf_weight=2142 1460 10872 7841 1497 222 812 149 219 2434 1643 2429 104 1997 426 2779 888 387 288 1246 777 2145 2798 1398 3023 313 3118 251 264 2085 1893
leaf_count=2142 1460 10872 7841 1497 222 812 149 219 2434 1643 2429 104 1997 426 2779 888 387 288 1246 777 2145 2798 1398 3023 313 3118 251 264 2085 1893
internal_value=-2.07236e-05 -0.00181877 0.000274826 0.00549399 0.0235158 -0.0106364 -0.00121486 -0.000369145 -0.00595587 -0.0148798 -0.00499799 -0.00975177 0.0294528 0.017611 0.00278049 0.00327574 -0.0169926 -0.0208657 -0.0181563 -0.0096729 0.00115427 0.00256067 0.00585575 -0.00639265 0.016584 -0.00211218 -0.00389558 0.000583842 -0.00242524 0.00247456
internal_weight=57900 53795 43477 9651 4105 10318 33826 28710 5116 5153 4967 2533 2645 648 10227 10008 4341 2698 2311 1065 7229 6341 4196 5165 1810 18483 11123 7360 4242 2157
internal_count=57900 53795 43477 9651 4105 10318 33826 28710 5116 5153 4967 2533 2645 648 10227 10008 4341 2698 2311 1065 7229 6341 4196 5165 1810 18483 11123 7360 4242 2157
is_linear=0
shrinkage=0.05


Tree=73
num_leaves=31
num_cat=0
split_feature=4 5 4 6 4 12 7 15 6 13 7 7 8 8 7 7 11 15 6 8 6 13 10 6 7 10 9 13 8 6
split_gain=961.807 370.028 141.262 94.6524 83.3755 81.1174 63.1361 65.4689 61.8817 53.0374 49.0096 46.3938 44.4442 107.729 52.3986 50.6622 51.3227 42.5384 41.0152 40.7979 40.2652 47.9293 39.6784 39.1312 41.9148 38.6765 38.2781 37.0143 40.5323 35.0972
threshold=7.6150000095367441 1.985000014305115 9.0250000953674334 958.85000610351574 6.2049999237060556 -0.13052122294902799 0.88234141469001781 35.500000000000007 960.35000610351574 -0.91597560048103321 0.86133140325546276 -0.36324666440486902 -0.99351876974105824 -0.97653719782829274 -0.045113071799278252 0.16894881427288058 2.9500000476837163 75.500000000000014 951.14999389648449 -0.95943385362625111 958.95001220703136 -1.0000000180025095e-35 0.94260558485984813 952.54998779296886 0.2027285918593407 0.85260769724845897 10.444999694824221 -0.37940952181816096 -0.14153897762298581 950.35000610351574
decision_type=2 2 2 2 2 2 2 2 2 2 2 2 2 2 2 2 2 2 2 2 2 2 2 2 2 2 10 2 2 2
left_child=1 5 3 22 6 17 10 -8 -6 -7 12 -4 14 15 -3 16 -14 -1 -16 25 21 -19 26 24 -17 -15 -2 -10 -29 -24
right_child=2 4 11 -5 8 9 7 -9 27 -11 -12 -13 13 19 18 23 -18 20 -20 -21 -22 -23 29 -25 -26 -27 -28 28 -30 -31
leaf_value=-0.00024810745726542687 -0.0055383099036147576 -0.0021578117123964265 0.0011495254100031217 0.0009625666473244088 0.00069527864068815175 2.9439281143177692e-05 -0.0033955118443462721 -0.00071897023810013096 0.0016418211715570731 -0.00025262113451703685 0.0027704467523996471 0.00094928857083633746 -0.0019657858632466684 -0.00047569428159752614 0.0040077179051108969 0.011488869103219897 0.0021978339121631572 0.0036978286547043101 -0.0013108476497384752 -7.1269485567979418e-05 -0.00033416712939604614 -0.00035453894965554528 0.00086586394190246165 0.014745568938366505 -0.0024388538068030401 -0.0025544405093343089 0.00065439064897127594 0.0033543807097543123 -0.00073128916051599664 0.00084603940395392991
leaf_weight=4555 209 387 414 1051 6249 478 151 5022 595 4529 412 1327 98 549 179 114 778 132 654 24986 440 175 247 227 81 245 2113 485 475 495
leaf_count=4555 209 387 414 1051 6249 478 151 5022 595 4529 412 1327 98 549 179 114 778 132 654 24986 440 175 247 227 81 245 2113 485 475 495
internal_value=-6.9136e-06 -0.00217111 0.0191947 0.0141141 -7.31555e-05 -0.0106506 -0.00114642 -0.00622827 0.00458445 -0.0152135 -0.000229845 0.0311283 -0.000480514 -5.90777e-05 -0.00979592 0.0139678 0.00703746 -0.00633126 -0.00268496 -0.000767888 -0.0173537 -0.00336538 0.00964484 0.028103 0.01125 -0.0118899 0.00640309 0.0134936 0.00735751 0.0196787
internal_weight=57852 51996 5856 4115 41687 10309 33883 5173 7804 5007 28710 1741 28298 27078 1220 1298 876 5302 833 25780 747 307 3064 422 195 794 2322 1555 960 742
internal_count=57852 51996 5856 4115 41687 10309 33883 5173 7804 5007 28710 1741 28298 27078 1220 1298 876 5302 833 25780 747 307 3064 422 195 794 2322 1555 960 742
is_linear=0
shrinkage=0.05


Tree=74
num_leaves=31
num_cat=0
split_feature=3 5 4 3 12 10 13 7 12 14 10 15 8 8 7 8 7 14 10 6 12 6 6 13 9 12 15 15 6 13
split_gain=928.197 343.535 158.705 103.873 74.7956 60.5579 57.2124 54.2069 53.0044 47.8879 46.6109 43.5789 42.1491 48.3666 40.1419 38.7523 79.7939 37.3278 35.2434 34.6209 34.3908 33.2169 33.0175 60.4644 39.2502 36.7045 32.007 31.4665 30.9781 37.1628
threshold=11.635683536529543 2.0049999952316289 8.1050000190734881 8.2786192893981951 -0.13052122294902799 0.9238443672657014 -0.6035533845424651 -0.17316619306802747 -0.07845610752701758 12.494999885559084 0.90992662310600292 75.500000000000014 0.97745609283447277 0.99805629253387462 0.066572044044733061 1.0000000180025095e-35 0.88234141469001781 1.575000047683716 0.94828754663467418 954.85000610351574 -0.28400452435016627 956.95001220703136 952.75000000000011 1.0000000180025095e-35 5.5750000476837167 -0.62249094247817982 47.500000000000007 56.500000000000007 958.95001220703136 -1.0000000180025095e-35
decision_type=2 2 2 2 2 2 2 2 2 10 2 2 2 2 2 2 2 10 2 2 2 2 2 2 8 2 2 2 2 2
left_child=1 4 10 22 11 -5 -6 9 19 -4 20 17 18 -14 26 16 27 -1 -10 -7 -2 -20 -3 24 -24 -25 -8 -16 29 -13
right_child=2 3 7 5 6 8 14 -9 12 -11 -12 28 13 -15 15 -17 -18 -19 21 -21 -22 -23 23 25 -26 -27 -28 -29 -30 -31
leaf_value=-0.00031669514337805149 0.0014132914483204807 -1.289617627483683e-07 0.00028974127322071167 0.00063672106569697686 -0.0002325678848961157 -0.0045795348786897561 -0.00025285141596717136 0.00095991930628531736 0.0010533054018613569 0.0010990727026597093 0.00099073072796197477 0.0029863797631457197 -0.0062871240765520588 0.0020395969312359818 -0.00024013373457155925 -0.00024008282114986812 0.00049751957951665686 -0.00010604179274813706 0.0011760352906293348 0.003616933816698191 0.00025207465825831111 0.0011843308294719581 -0.000391368022453778 0.001209465875356039 0.00068055964122678766 -0.00075515327357221843 7.5296336141557872e-05 -0.00024005228274027839 -0.00031709770568567853 -0.00033278354776159532
leaf_weight=1317 418 15640 341 9926 1152 261 1236 2160 1286 429 476 137 197 95 743 1090 223 3317 879 102 1201 472 2293 651 4649 5786 422 252 444 178
leaf_count=1317 418 15640 341 9926 1152 261 1236 2160 1286 429 476 137 197 95 743 1090 223 3317 879 102 1201 472 2293 651 4649 5786 422 252 444 178
internal_value=4.41344e-05 -0.00191269 0.0205666 0.000100611 -0.00999905 0.00377373 -0.0143275 0.028075 0.00964513 0.0165161 0.0100238 -0.00588181 0.011878 -0.00606061 -0.0171745 -0.021444 -0.0152085 -0.0040526 0.0138721 -0.00828804 0.00594212 0.0195059 -0.00157284 -0.00339585 -0.000158342 -0.00688451 -0.0111846 -0.02125 -0.0169503 -0.00484375
internal_weight=57773 52748 5025 42237 10511 13218 5118 2930 3292 770 2095 5393 2929 292 3966 2308 1218 4634 2637 363 1619 1351 29019 13379 6942 6437 1658 995 759 315
internal_count=57773 52748 5025 42237 10511 13218 5118 2930 3292 770 2095 5393 2929 292 3966 2308 1218 4634 2637 363 1619 1351 29019 13379 6942 6437 1658 995 759 315
is_linear=0
shrinkage=0.05


Tree=75
num_leaves=31
num_cat=0
split_feature=4 5 4 6 12 5 10 12 7 12 12 15 12 14 7 6 7 15 6 8 7 7 7 6 7 7 9 7 6 7
split_gain=871.315 338.038 154.477 81.808 81.6438 81.399 97.6303 75.9622 71.7696 59.4919 55.4316 72.6625 52.9226 52.5774 48.155 47.2335 57.1759 46.3561 73.8196 56.1424 52.9599 45.145 48.8223 48.362 42.2171 42.8589 41.9864 40.9976 41.2169 40.8534
threshold=7.6150000095367441 1.985000014305115 9.2550001144409197 958.75000000000011 -0.18222858756780622 4.4449999332427987 0.87032255530357372 0.39873388409614569 -0.41079147160053248 -0.07845610752701758 -0.74892720580101002 61.500000000000007 -0.52247866988182057 12.494999885559084 0.94147586822509777 959.64999389648449 -0.60945609211921681 35.500000000000007 961.45001220703136 -0.93779578804969776 0.25293653458356863 0.89799436926841747 0.99549904465675365 964.25000000000011 0.25293653458356863 0.69097238779068004 6.6250000000000009 0.49875664710998541 958.14999389648449 -0.44188883900642389
decision_type=2 2 2 2 2 2 2 2 2 2 2 2 2 10 2 2 2 2 2 2 2 2 2 2 2 2 10 2 2 2
left_child=1 4 3 13 27 12 9 14 -9 10 -7 -12 -3 -2 -8 16 -13 18 19 20 26 -19 -23 -24 29 -26 -14 28 -1 -21
right_child=2 5 -4 -5 -6 6 7 8 -10 -11 11 15 17 -15 -16 -17 -18 21 -20 24 -22 22 23 -25 25 -27 -28 -29 -30 -31
leaf_value=-0.00025007562290332147 0.00050515966015341471 0.00042846968751075189 0.0010097246604013122 0.00082719258692625925 -0.00022796414418041973 -0.0043398022878575956 0.0017310991959655381 0.0048505780827631882 -0.00061111632106485849 -0.0012978482791496577 0.0026541394510059546 0.005498432142814794 -0.00019468472083972031 0.00073927388599767663 0.0034905937634293061 0.001342626875904457 -0.0053590968363351824 0.00013217755512907509 -0.0019147673042265037 -0.00026042668924276363 -0.0029686714561576732 -0.00097367500694602873 0.0015119677261766302 -0.0020390903683900501 0.0030952823580379322 -0.00021664941382490692 -0.0045554780113506929 -0.00029183689618400777 0.0010033465578159384 -0.00079056930923328186
leaf_weight=3308 2522 6726 1349 1182 5202 471 2396 931 2585 3842 2853 170 653 801 495 742 1058 9020 231 4039 214 2136 719 93 337 371 316 1503 285 1296
leaf_count=3308 2522 6726 1349 1182 5202 471 2396 931 2585 3842 2853 170 653 801 495 742 1058 9020 231 4039 214 2136 719 93 337 371 316 1503 285 1296
internal_value=1.72858e-05 -0.00204243 0.0182966 0.0138248 -0.0101524 -3.83702e-05 0.00282673 0.00755614 0.00261289 -0.000492287 0.00294395 0.0045464 -0.00174147 0.00978065 0.0135532 -0.00283544 -0.00884023 -0.00306485 -0.00615787 -0.00525515 -0.0151936 -0.00113589 -0.00650186 0.00391677 -0.00329861 0.00813464 -0.0101129 -0.00564595 -0.00273763 -0.0048221
internal_weight=57846 51992 5854 4505 10298 41694 15543 6407 3516 9136 5294 4823 26151 3323 2891 1970 1228 19425 7457 7226 1183 11968 2948 812 6043 708 969 5096 3593 5335
internal_count=57846 51992 5854 4505 10298 41694 15543 6407 3516 9136 5294 4823 26151 3323 2891 1970 1228 19425 7457 7226 1183 11968 2948 812 6043 708 969 5096 3593 5335
is_linear=0
shrinkage=0.05


Tree=76
num_leaves=31
num_cat=0
split_feature=3 5 4 4 6 15 3 8 7 3 8 15 7 6 15 8 15 7 11 8 6 7 2 13 8 8 7 12 6 12
split_gain=847.981 364.061 123.95 94.5515 79.0664 72.6427 84.5661 50.7043 49.7612 48.779 46.4945 45.5783 74.9853 44.3064 45.3445 42.3109 43.0852 42.0423 47.3172 36.6529 38.7147 51.6047 36.0255 35.8132 35.6544 45.4887 82.0874 35.2906 34.9582 55.241
threshold=12.32163190841675 2.0049999952316289 6.2049999237060556 8.1050000190734881 960.35000610351574 75.500000000000014 2.6383464336395268 1.0000000180025095e-35 0.88234141469001781 7.6870038509368905 0.021515898406505588 59.500000000000007 0.98666161298751842 952.04998779296886 34.500000000000007 -1.0000000180025095e-35 87.500000000000014 -0.079425927251577363 12.84999990463257 -0.9980562925338744 946.54998779296886 0.049410874024033553 18.500000000000004 0.60355338454246532 -0.97653719782829274 -0.69870123267173756 -0.24042633175849912 -0.80382624268531788 960.04998779296886 1.0000000180025095e-35
decision_type=2 2 2 2 2 2 2 2 2 2 2 2 2 2 2 2 2 2 2 2 2 2 2 2 2 2 2 2 2 2
left_child=1 5 8 -2 -4 6 13 -7 9 -3 15 12 -12 22 -15 16 -10 18 -5 -11 21 23 -1 -21 -22 26 -26 -8 29 -13
right_child=3 2 4 17 -6 7 27 -9 10 19 11 28 -14 14 -16 -17 -18 -19 -20 20 24 -23 -24 -25 25 -27 -28 -29 -30 -31
leaf_value=-0.00026536323227573777 0.00085594337969225058 -0.00020155413960229181 0.00052028448079829146 -0.0006067273854675093 0.0011052064744212443 -0.00019931923823848473 0.00083316404019543363 -0.00021684114818054206 -0.0007279459492974317 -0.0061579770626459364 -0.0004780677763091438 -0.0029808423376764294 -0.0040879631259004663 -0.00021654757050132225 -0.00021629427743337381 0.007833206694420258 0.0041469461421008149 0.00087691527842956871 0.00081978105578415237 -0.0014369986043204998 0.0051257978620011975 0.018168167447996403 -0.00014898544818497058 -0.0067498943217120695 0.0044612551317123744 0.0028130052074631599 -0.0028946694500891716 -0.00025877779715949257 0.00040212531703000547 -0.00041780378895796993
leaf_weight=964 1140 21652 8174 122 1901 376 887 1111 2151 164 237 428 320 520 1888 158 207 1734 633 695 450 92 1358 237 456 3649 1039 3509 757 872
leaf_count=964 1140 21652 8174 122 1901 376 887 1111 2151 164 237 428 320 520 1888 158 207 1734 633 695 450 92 1358 237 456 3649 1039 3509 757 872
internal_value=-3.36869e-05 -0.00159979 0.000420447 0.0233489 0.00528274 -0.00990299 -0.00822473 -0.0201408 -0.00103965 -0.000221527 -0.00556962 -0.0102329 -0.0228648 -0.0128617 -0.0176129 -0.000714002 -0.00241219 0.0288091 0.01875 0.00347724 0.0040616 -0.00485909 -0.00790718 -0.00843116 0.00569745 0.00450573 -0.00283333 -0.00322654 -0.00676528 -0.0117241
internal_weight=57881 54252 43639 3629 10075 10613 9126 1487 33564 28434 5130 2614 557 4730 2408 2516 2358 2489 755 6782 6618 1024 2322 932 5594 5144 1495 4396 2057 1300
internal_count=57881 54252 43639 3629 10075 10613 9126 1487 33564 28434 5130 2614 557 4730 2408 2516 2358 2489 755 6782 6618 1024 2322 932 5594 5144 1495 4396 2057 1300
is_linear=0
shrinkage=0.05


Tree=77
num_leaves=31
num_cat=0
split_feature=3 4 6 4 4 6 3 10 12 7 8 3 9 6 8 9 2 11 7 6 10 12 10 7 8 12 10 15 7 6
split_gain=855.174 317.517 122.763 94.9123 90.4224 67.4284 56.821 48.9193 48.8076 46.583 55.2804 55.2272 46.1309 44.892 44.1909 43.6987 42.463 44.8897 42.0541 41.3889 38.5104 38.0342 50.7532 37.8881 37.2061 36.1856 35.4871 34.6538 33.7067 61.3104
threshold=12.32163190841675 2.1350001096725468 952.35000610351574 6.3550000190734872 8.1050000190734881 960.35000610351574 1.6630246639251711 0.94828754663467418 -0.026175950653851029 0.88234141469001781 0.021515898406505588 7.976893663406373 0.34000000357627874 960.75000000000011 -1.0000000180025095e-35 3.5449999570846562 17.500000000000004 4.1499998569488534 -0.29014293849468226 944.54998779296886 -0.9366365075111388 -0.3172925859689712 -0.66259482502937306 0.86993730068206798 -0.89706552028655995 -0.68832838535308827 -0.77159520983695973 86.500000000000014 0.98666161298751842 958.04998779296886
decision_type=2 2 2 2 2 2 2 2 2 2 2 2 10 2 2 10 2 2 2 2 2 2 2 2 2 2 2 2 2 2
left_child=1 2 16 9 -2 7 -4 -5 -9 11 14 23 -8 26 27 -13 17 -1 -6 -18 -21 22 -17 -3 -22 -15 -12 -11 29 -28
right_child=4 3 6 5 18 -7 12 8 -10 10 13 15 -14 25 -16 21 19 -19 -20 20 24 -23 -24 -25 -26 -27 28 -29 -30 -31
leaf_value=-0.00029061043326126422 0.00081932622942863526 -0.00020019496982784379 -0.00020572019197625613 0.00025280912342904585 0.00081781130168302469 0.0010036268977469454 -0.00029878413083451289 -0.0043145048864056696 0.00090509960788743573 -0.00059220850018032217 -0.002922300655201754 0.0075179242526081935 -0.00021097729859290653 0.0060713341809095697 0.0083141016116969266 0.0034221381397030906 -0.00042293751281256706 -2.2557135600759575e-05 0.00076719944154216577 -0.00021303313281717895 -0.00019098815894976482 0.00034012083710788232 -0.0099524277330891309 0.0056660949096820354 0.0013939912691322269 -0.00053169192751186531 0.0010441044677770288 0.0057540228360428497 -0.0036698575484322067 -0.0023272561435386473
leaf_weight=1429 1147 19523 983 5808 415 1713 313 202 1428 2077 362 221 6003 120 143 1707 1492 931 2085 1281 439 4176 80 179 1364 697 590 226 348 356
leaf_count=1429 1147 19523 983 5808 415 1713 313 202 1428 2077 362 221 6003 120 143 1707 1492 931 2085 1281 439 4176 80 179 1364 697 590 226 348 356
internal_value=-4.84069e-05 -0.0016265 -0.00803722 0.000658142 0.0233708 0.00512779 -0.0125616 0.00306328 0.0107034 -0.000670237 -0.00512794 0.000177668 -0.0108053 -0.0103914 0.000203998 0.00429795 -0.00327042 -0.00871036 0.0287026 -0.000458415 0.00284882 0.00347688 0.00957031 -0.00111635 0.00754978 -0.000790754 -0.0151114 -0.0014948 -0.0111624 -0.006204
internal_weight=57838 54191 14235 39956 3647 9151 7299 7438 1630 30805 4919 25886 6316 2473 2446 6184 6936 2360 2500 4576 3084 5963 1787 19702 1803 817 1656 2303 1294 946
internal_count=57838 54191 14235 39956 3647 9151 7299 7438 1630 30805 4919 25886 6316 2473 2446 6184 6936 2360 2500 4576 3084 5963 1787 19702 1803 817 1656 2303 1294 946
is_linear=0
shrinkage=0.05


Tree=78
num_leaves=31
num_cat=0
split_feature=3 5 9 15 3 9 6 8 7 7 7 8 12 9 15 8 13 15 11 6 7 6 15 6 6 8 7 12 7 13
split_gain=813.667 345.256 98.5056 71.7403 80.6659 69.4583 58.1218 50.3283 47.8799 44.114 41.1743 125.58 62.1207 56.3325 53.5438 55.7356 42.6086 41.2741 38.8033 36.7214 36.3551 52.0625 36.284 34.8787 49.4341 62.4804 54.8079 54.022 52.4991 60.5584
threshold=12.443729400634767 1.985000014305115 10.404999732971193 75.500000000000014 2.5539633035659794 14.284999847412111 965.64999389648449 1.0000000180025095e-35 0.88234141469001781 -0.53914576768875111 0.16894881427288058 -0.98009455204009999 0.44618082046508795 6.1749999523162851 29.500000000000004 0.89896130561828624 -0.37940952181816096 86.500000000000014 6.7500000000000009 950.35000610351574 0.98372149467468273 964.04998779296886 32.500000000000007 954.54998779296886 947.64999389648449 -0.99351876974105824 0.13496932387351993 -0.64942333102226246 -0.97415921092033375 0.60355338454246532
decision_type=2 2 10 2 2 8 2 2 2 2 2 2 2 8 2 2 2 2 2 2 2 2 2 2 2 2 2 2 2 2
left_child=1 3 8 4 9 20 18 -5 10 -1 17 -12 13 -13 -14 16 -16 23 -4 -20 -2 -22 -10 24 28 27 -27 -26 29 -3
right_child=5 2 6 7 -6 -7 -8 -9 22 -11 11 12 14 -15 15 -17 -18 -19 19 -21 21 -23 -24 -25 25 26 -28 -29 -30 -31
leaf_value=-0.00022023132232697946 0.00070264447402199059 0.001911468965162111 -0.00016051236422799376 -0.00019053017025545552 -0.00020635827087316495 0.0010066706350516986 0.00081736137917964857 -0.00019881968695846676 -0.0032296112828303527 -0.00019543418237744333 0.013704819693745159 -0.00038774570349081085 -0.0028325401238199184 0.0015358809951834447 0.0012583886110515393 0.004453326014319795 -0.0012105247529807185 -0.0054058326856887429 0.00013771729533314236 0.00078827132803329096 -0.0051298349443629409 0.0010620819129175453 -0.00059802031619204314 -0.00052880679947218631 0.0036129430903014403 0.00080545070874743746 -0.0036319258800994736 -0.0027359074190594947 -0.00080726592927889357 -0.0014530449735883661
leaf_weight=1418 2089 1637 2759 374 4413 1106 399 1081 87 2981 276 2056 559 5118 505 380 1013 82 1324 3421 116 90 4934 2948 89 8024 193 503 7265 559
leaf_count=1418 2089 1637 2759 374 4413 1106 399 1081 87 2981 276 2056 559 5118 505 380 1013 82 1324 3421 116 90 4934 2948 89 8024 193 503 7265 559
internal_value=-8.73642e-05 -0.0015716 0.000350054 -0.00982769 -0.00812068 0.0236201 0.00540592 -0.0201027 -0.000753457 -0.0129087 -2.40292e-05 0.00263822 0.00167601 0.00402563 -0.00517872 -0.00115607 -0.00544977 -0.00126261 0.00440804 0.00714737 0.018587 -0.0014218 -0.00528253 -0.00112142 -0.00030643 0.00238825 0.00352104 -0.0132328 -0.00281534 0.00395275
internal_weight=57799 54398 44131 10267 8812 3401 7903 1455 36228 4399 31207 9907 9631 7174 2457 1898 1518 21300 7504 4745 2295 206 5021 21218 18270 8809 8217 592 9461 2196
internal_count=57799 54398 44131 10267 8812 3401 7903 1455 36228 4399 31207 9907 9631 7174 2457 1898 1518 21300 7504 4745 2295 206 5021 21218 18270 8809 8217 592 9461 2196
is_linear=0
shrinkage=0.05


Tree=79
num_leaves=31
num_cat=0
split_feature=4 5 4 4 15 6 2 12 9 8 7 7 7 15 13 7 13 11 14 12 8 7 7 15 15 8 8 5 8 8
split_gain=703.272 346.452 100.401 83.7777 79.9301 75.2842 71.4848 50.3766 49.0103 46.9086 45.9465 44.0015 50.2124 39.0651 38.7967 38.1854 36.3786 47.4155 36.2123 39.2064 35.9263 46.7263 35.4925 34.1372 37.1343 34.7381 53.7489 46.3242 35.5557 37.2601
threshold=8.055000305175783 2.0049999952316289 9.2550001144409197 6.2049999237060556 75.500000000000014 960.35000610351574 41.500000000000007 -0.19936034083366391 4.0250000953674325 1.0000000180025095e-35 0.80444481968879711 0.88234141469001781 0.86133140325546276 32.500000000000007 -0.37940952181816096 0.11791723221540452 -0.37940952181816096 12.750000000000002 7.9849998950958261 -0.41467745602130884 0.25950939953327185 0.71541279554367077 -0.92772412300109852 41.500000000000007 77.500000000000014 0.93168920278549205 0.038721922785043723 4.6016666889190683 0.99805629253387462 0.99897944927215587
decision_type=2 2 2 2 2 2 2 2 10 2 2 2 2 2 2 2 2 2 10 2 2 2 2 2 2 2 2 2 2 2
left_child=1 4 10 11 6 -5 7 -1 22 -6 16 12 18 -13 -7 -4 -2 -18 23 -20 -16 -22 -9 25 -25 26 -3 -28 -27 -30
right_child=2 3 15 5 9 14 -8 8 -10 -11 -12 13 -14 -15 20 -17 17 -19 19 -21 21 -23 -24 24 -26 28 27 -29 29 -31
leaf_value=-0.00022207221783802772 7.2292040725752135e-05 -0.00046815866636178843 0.00068587346260690074 0.00049253917410567178 -0.00018693518631982708 0.0011565998279520872 0.00019683749933894733 -1.5682469586285245e-05 -1.5383496375867382e-05 -0.00019482591699454969 0.00097558872414918452 -0.0032474741632409748 0.0026216089517841867 -0.00060840805214921263 0.0012801778091967532 0.00092554018185011806 0.00037425215757861123 0.00070277427707999553 0.0032302361772610535 -1.7264359789109786e-05 0.0010627299919605871 -0.0087060681711026502 -0.00018666256230979452 0.00057630201893899729 -0.00097239337882790817 -0.001128027278423215 6.7736536023038987e-05 0.0041225123240456419 0.0085852789977737265 -0.00041583262437657669
leaf_weight=3561 766 9157 718 7590 371 683 1352 330 616 1101 632 87 410 5018 825 618 796 590 1782 2641 244 174 3229 8042 1222 1519 2696 690 98 190
leaf_count=3561 766 9157 718 7590 371 683 1352 330 616 1101 632 87 410 5018 825 618 796 590 1782 2641 244 174 3229 8042 1222 1519 2696 690 98 190
internal_value=-0.000209513 -0.0017396 0.0196848 0.000250737 -0.00985329 0.0043903 -0.00809414 -0.00994704 -0.0136722 -0.02065 0.0142345 -0.000923801 -0.000156404 -0.00519569 0.0132056 0.0309471 0.0107093 0.0155284 -0.000411882 0.00373758 0.00789263 -0.00401891 -0.0159231 -0.00118972 0.00117596 -0.00271682 -0.00178116 0.00359776 -0.00918874 0.00682594
internal_weight=57748 53628 4120 43068 10560 9516 9088 7736 4175 1472 2784 33552 28447 5105 1926 1336 2152 1386 28037 4423 1243 418 3559 23614 9264 14350 12543 3386 1807 288
internal_count=57748 53628 4120 43068 10560 9516 9088 7736 4175 1472 2784 33552 28447 5105 1926 1336 2152 1386 28037 4423 1243 418 3559 23614 9264 14350 12543 3386 1807 288
is_linear=0
shrinkage=0.05


Tree=80
num_leaves=31
num_cat=0
split_feature=3 5 4 12 9 10 5 14 12 15 7 2 7 7 14 15 12 15 8 8 15 15 15 8 8 8 8 10 8 11
split_gain=660.544 313.536 94.0258 75.8973 69.1951 50.9659 48.4747 40.7078 40.612 51.2866 40.2358 37.8469 36.2438 48.0736 35.8808 35.562 34.5777 34.3724 32.9563 30.3777 43.6907 30.3009 35.8159 34.4629 31.5344 57.3449 31.3997 34.4098 64.3749 36.6599
threshold=12.443729400634767 1.985000014305115 6.3550000190734872 -0.13052122294902799 14.704999923706056 0.87032255530357372 4.9516665935516366 1.575000047683716 0.26722820103168493 45.500000000000007 -0.41079147160053248 27.500000000000004 0.88234141469001781 0.86133140325546276 7.9849998950958261 32.500000000000007 -0.36648726463317866 84.500000000000014 0.021515898406505588 1.0000000180025095e-35 34.500000000000007 42.500000000000007 73.500000000000014 0.98704001307487499 0.96527305245399486 0.99805629253387462 -0.99351876974105824 0.90992662310600292 -0.93779578804969776 8.2500000000000018
decision_type=2 2 2 2 8 2 2 10 2 2 2 2 2 2 10 2 2 2 2 2 2 2 2 2 2 2 2 2 2 2
left_child=1 3 12 7 -2 -4 -7 -1 9 -8 -10 -5 13 14 21 -14 -16 -9 -17 20 -13 24 -23 -24 26 -26 -3 -28 -29 -30
right_child=4 2 5 11 -6 6 8 17 10 -11 -12 19 15 -15 16 18 -18 -19 -20 -21 -22 22 23 -25 25 -27 27 28 29 -31
leaf_value=-0.0002389533219196988 0.00057863599498829139 -0.0012698084412210984 0.00014743041169473781 -0.0001770470660740588 0.000949016610849357 -0.0014490932697131254 0.00048318934468590539 -0.00010832256761145638 0.0029123739083718211 0.0014265149281258245 0.00036323860604043636 -0.00017988498195418363 -0.0029184338076595922 0.002766523102068973 0.0027479884660256944 -1.958562898878233e-05 -7.654279948245413e-05 -0.0006719363386261609 -0.00091690310074624701 -0.00017447060967976295 0.00026636935408836743 0.00060561379596455053 -0.00059271584630023752 -0.0051847513063880725 -0.0014866360000990861 0.0024513953818499261 -0.0003400714594571376 -0.0016293267844700978 0.00042956168904008905 0.0042375953971244456
leaf_weight=1574 2559 787 4225 2946 851 959 604 3609 716 502 2320 478 91 408 2051 2556 2659 143 2637 924 656 7317 1787 86 1100 300 9468 434 2402 712
leaf_count=1574 2559 787 4225 2946 851 959 604 3609 716 502 2320 478 91 408 2051 2556 2659 143 2637 924 656 7317 1787 86 1100 300 9468 434 2402 712
internal_value=-0.000218609 -0.0015563 0.00027988 -0.00939526 0.0211127 0.0047369 0.00809832 -0.00523354 0.0104413 0.0186319 0.00743177 -0.0138151 -0.00091523 -0.000232078 -0.000472379 -0.00472679 0.00352068 -0.00239553 -0.00416506 -0.00857974 -0.00307287 -0.00124395 0.00102229 -0.00513845 -0.00261376 -0.00975089 -0.00188659 -0.0012979 0.00289896 0.0054184
internal_weight=57861 54451 44121 10330 3410 9326 5101 5326 4142 1106 3036 5004 34795 29511 29103 5284 4710 3752 5193 2058 1134 24393 9190 1873 15203 1400 13803 13016 3548 3114
internal_count=57861 54451 44121 10330 3410 9326 5101 5326 4142 1106 3036 5004 34795 29511 29103 5284 4710 3752 5193 2058 1134 24393 9190 1873 15203 1400 13803 13016 3548 3114
is_linear=0
shrinkage=0.05


Tree=81
num_leaves=31
num_cat=0
split_feature=3 5 4 12 9 6 9 12 2 13 7 6 12 7 5 12 7 7 10 4 3 7 7 10 12 6 6 7 6 2
split_gain=603.565 327.757 78.8181 75.6255 65.0252 57.8747 51.3722 42.3938 41.3913 37.2358 71.8895 67.1885 63.3065 54.767 46.0294 45.6281 39.8678 50.2343 49.4938 43.1698 40.1486 37.9042 36.9239 36.2971 43.9674 36.2793 58.3854 35.3815 43.7285 35.0798
threshold=12.443729400634767 1.985000014305115 6.5650000572204599 -0.3172925859689712 14.284999847412111 959.45001220703136 4.0250000953674325 0.47714059054851538 28.500000000000004 1.0000000180025095e-35 -0.5677773356437682 947.64999389648449 -0.44618082046508784 -0.33100557327270502 4.4216666221618661 0.59480014443397533 0.28604298830032354 0.2027285918593407 0.90992662310600292 3.1350001096725468 7.3637685775756845 0.36724525690078741 0.93554237484931957 0.9536806344985963 -0.026175950653851029 946.64999389648449 948.95001220703136 -0.98994910717010487 942.95001220703136 42.500000000000007
decision_type=2 2 2 2 8 2 10 2 2 2 2 2 2 2 2 2 2 2 2 2 2 2 2 2 2 2 2 2 2 2
left_child=1 3 9 22 -2 23 8 -7 -5 16 11 -11 21 25 -13 -15 17 27 -18 -20 -19 -12 -1 -4 -25 -14 -27 -3 -29 -21
right_child=4 2 5 6 -6 7 -8 -9 -10 10 12 14 13 15 -16 -17 18 20 19 29 -22 -23 -24 24 -26 26 -28 28 -30 -31
leaf_value=-0.00017948790369791968 0.00054605879277915275 0.0020997089626051918 0.00013768975220652681 -0.00016859241691975877 0.00089238539152562419 0.00081679616775053867 -9.8343299436667346e-05 -0.0023659080936789647 -0.00016179559921019411 -0.00031561468593311812 0.0039207339469031653 0.00058096525682367519 -0.0039294817550243836 -0.00054672822710862988 0.0061746403405633426 -0.0010524981268829516 0.00011024916324506758 -0.0025329258941686468 -0.00011874367798118129 0.0036752492329471202 0.00046813124800546284 -0.00094243332305981524 -0.00023686529322888437 -0.0046772469465621832 0.00083370631020532055 0.0036169885453828294 -0.0011043417513235561 -0.0013375716096038733 4.0187063258851492e-05 8.2791390774458054e-05
leaf_weight=4035 2315 742 5068 3033 1117 1559 882 247 1810 3329 1029 1252 141 7264 580 1254 5049 339 672 1421 224 985 502 144 1084 151 825 1399 8850 400
leaf_count=4035 2315 742 5068 3033 1117 1559 882 247 1810 3329 1029 1252 141 7264 580 1254 5049 339 672 1421 224 985 502 144 1084 151 825 1399 8850 400
internal_value=-0.000330982 -0.00161769 0.000259014 -0.00966202 0.0199884 0.00471198 -0.0134817 0.0125897 -0.0155012 -0.000746289 -0.00246209 0.0024487 -0.00463789 -0.00632261 0.0101252 -0.00495131 0.000764358 -0.00108141 0.00359083 0.00934748 -0.015581 0.00341753 -0.00483267 0.00244406 0.0101379 -0.0167112 -0.0131498 -0.000331939 -0.00109713 0.0133352
internal_weight=57702 54270 44008 10262 3432 8102 5725 1806 4843 35906 16810 5161 11649 9635 1832 8518 19096 11554 7542 2493 563 2014 4537 6296 1228 1117 976 10991 10249 1821
internal_count=57702 54270 44008 10262 3432 8102 5725 1806 4843 35906 16810 5161 11649 9635 1832 8518 19096 11554 7542 2493 563 2014 4537 6296 1228 1117 976 10991 10249 1821
is_linear=0
shrinkage=0.05


Tree=82
num_leaves=31
num_cat=0
split_feature=3 5 4 0 8 15 3 8 4 6 10 11 15 6 8 15 6 15 8 2 8 6 13 11 14 10 9 4 14 11
split_gain=473.619 273.799 60.9549 80.6457 91.4175 56.3829 62.9922 55.6279 50.8755 59.0465 46.1388 64.0156 48.011 40.6826 40.4473 36.2646 33.3543 32.53 32.2792 32.7707 31.3981 29.7654 29.6163 30.7953 29.2899 28.4835 27.8896 27.7959 27.1284 27.8958
threshold=11.635683536529543 1.985000014305115 8.055000305175783 1.0000000180025095e-35 -0.50432845950126637 75.500000000000014 2.6383464336395268 1.0000000180025095e-35 5.7249999046325692 958.95001220703136 -0.74892720580101002 8.5500001907348651 25.500000000000004 952.04998779296886 0.83987808227539074 34.500000000000007 940.64999389648449 65.500000000000014 -0.98902499675750721 41.500000000000007 -0.80825239419937123 948.75000000000011 -0.37940952181816096 5.7500000000000009 6.5850000381469735 0.9536806344985963 11.414999961853029 9.5950002670288104 10.055000305175783 11.449999809265138
decision_type=2 2 2 2 2 2 2 2 2 2 2 2 2 2 2 2 2 2 2 2 2 2 2 2 10 2 8 2 8 2
left_child=1 5 -2 4 20 6 13 -7 -3 10 -10 12 -12 16 -6 -15 -1 -16 -8 -20 27 -5 25 24 -24 -11 -13 -4 -25 -30
right_child=2 8 3 21 14 7 18 -9 9 22 11 26 -14 15 17 -17 -18 -19 19 -21 -22 -23 23 28 -26 -27 -28 -29 29 -31
leaf_value=-0.00037014974760412835 0.00059038743788806256 -0.00014704780752333239 9.4251635995584731e-05 0.0013397511615616531 0.00069008660162674378 -0.00013180468339407992 0.0014935682365967125 -0.00016316873984478249 -0.00093966337150761252 0.0017928209387782557 -0.0052898650747132238 0.0017479772207313505 0.00061625513573896349 -0.00015904737099339055 5.3720122184575118e-06 -0.00015880674257883953 -0.00016072097362157588 0.00020623169652919107 -0.00023146292294473999 0.00055284646119027213 -0.00012390692652285983 0.00096152697623530514 0.00043948466849274702 0.0015292694544258969 -0.0092041000771088677 0.0014152337322928367 -1.8802383650057267e-05 -1.4785965569075189e-05 -0.0084734930793972651 0.0010309437751902628
leaf_weight=192 2021 30637 211 185 551 380 235 1039 3932 799 291 1708 2791 502 387 1849 2089 145 3223 710 100 1303 184 1279 103 169 479 124 90 123
leaf_count=192 2021 30637 211 185 551 380 235 1039 3932 799 291 1708 2791 502 387 1849 2089 145 3223 710 100 1303 184 1279 103 169 479 124 90 123
internal_value=-0.00023947 -0.00163608 0.0144177 0.0189306 0.0107682 -0.00898376 -0.00748438 -0.0182233 0.000127964 0.00289467 0.000972192 0.0040292 -0.000615484 -0.0114945 0.0185202 -0.0161078 -0.00671479 0.00856611 -0.00301941 -0.00410107 -0.00852273 0.0271936 0.00932049 0.00546525 -0.00941781 0.0163412 0.0105611 -0.00102941 0.00835003 -0.00802752
internal_weight=57831 52804 5027 3006 1518 10219 8800 1419 42585 11948 9201 5269 3082 4632 1083 2351 2281 532 4168 3933 435 1488 2747 1779 287 968 2187 335 1492 213
internal_count=57831 52804 5027 3006 1518 10219 8800 1419 42585 11948 9201 5269 3082 4632 1083 2351 2281 532 4168 3933 435 1488 2747 1779 287 968 2187 335 1492 213
is_linear=0
shrinkage=0.05


Tree=83
num_leaves=31
num_cat=0
split_feature=3 5 3 12 1 8 6 7 9 6 10 15 8 13 6 10 12 13 6 9 7 8 7 8 12 6 6 7 6 8
split_gain=418.782 270.676 76.6852 73.8177 72.7442 119.247 44.7732 44.1506 42.6162 47.3133 40.6481 37.5858 37.5734 45.7093 35.5351 32.8225 57.9606 48.1648 45.1196 34.7504 35.5122 44.2535 39.7569 39.7272 37.9817 44.4602 48.5805 33.0949 39.3464 32.5357
threshold=11.184541225433351 1.985000014305115 13.15769672393799 -0.19936034083366391 1.0000000180025095e-35 -0.40097093582153315 963.64999389648449 -0.464854747056961 4.0250000953674325 952.04998779296886 0.94828754663467418 36.500000000000007 1.0000000180025095e-35 -0.7865660786628722 978.04998779296886 0.94828754663467418 -0.21643137186765668 -0.6035533845424651 956.14999389648449 10.50500011444092 0.88234141469001781 0.021515898406505588 0.86133140325546276 -1.0000000180025095e-35 -0.44618082046508784 944.14999389648449 939.25000000000011 0.93244570493698131 964.75000000000011 -0.13282711803913114
decision_type=2 2 2 2 2 2 2 2 10 2 2 2 2 2 2 2 2 2 2 10 2 2 2 2 2 2 2 2 2 2
left_child=1 3 10 6 7 -6 -1 -4 9 -5 -2 -11 -13 -14 15 19 -17 18 -18 20 22 23 24 -22 25 26 -3 -21 -29 -7
right_child=2 14 4 8 5 29 -8 -9 -10 11 -12 12 13 -15 -16 16 17 -19 -20 27 21 -23 -24 -25 -26 -27 -28 28 -30 -31
leaf_value=-0.00015904935619436445 0.00040146536312174745 0.0045966915854320136 0.00033087451687338067 -0.00016027284792177277 -3.4093141860064291e-05 0.00051165529515927459 -0.0002322797406632709 0.00091861770115179162 -0.00013279986071945034 -0.00015196837869195176 0.00057408706838701917 -0.00015128172176829651 3.0105724141525627e-05 -0.00015004351908595311 0.007147349750225282 -0.0013954061437424789 0.0015102615258215956 0.00030072635268901804 0.002998591564414533 0.00038168810167648617 -0.00037061944056130351 -0.001221422060716333 0.0023748619931234995 0.0078114044210454677 -0.00028516852774103862 0.00096868292774516737 -0.0016370702898171642 0.0022557541818595192 0.0060060327980907052 0.00015398512700442459
leaf_weight=4711 3350 142 127 1555 282 195 298 1002 788 562 517 1053 203 1136 84 1152 844 3439 436 3475 2006 2362 394 146 18732 5771 1522 694 105 663
leaf_count=4711 3350 142 127 1555 282 195 298 1002 788 562 517 1053 203 1136 84 1152 844 3439 436 3475 2006 2362 394 146 18732 5771 1522 694 105 663
internal_value=-0.000439819 -0.00190836 0.0119036 -0.00915527 0.0191953 0.0102183 -0.00479657 0.0281746 -0.0132686 -0.0151418 0.00760589 -0.0188577 -0.0160617 -0.0216146 -9.9252e-05 -0.000167374 0.00329306 0.00574725 0.0140078 -0.00074249 -0.001324 -0.00542155 -0.000626741 -0.000231803 -0.000865429 0.00215726 -0.00503295 0.00348212 0.0126244 0.019467
internal_weight=57746 51610 6136 10306 2269 1140 5009 1129 5297 4509 3867 2954 2392 1339 41304 41220 5871 4719 1280 35349 31075 4514 26561 2152 26167 7435 1664 4274 799 858
internal_count=57746 51610 6136 10306 2269 1140 5009 1129 5297 4509 3867 2954 2392 1339 41304 41220 5871 4719 1280 35349 31075 4514 26561 2152 26167 7435 1664 4274 799 858
is_linear=0
shrinkage=0.05


Tree=84
num_leaves=31
num_cat=0
split_feature=4 5 14 0 8 12 6 8 7 13 9 7 7 6 13 7 6 5 2 8 8 8 10 12 12 2 11 8 8 12
split_gain=383.374 224.322 81.3713 69.3479 73.4588 65.7839 62.1263 55.2948 70.7443 41.3102 38.8886 37.3141 83.5281 32.8187 32.5856 54.2761 63.773 55.0209 54.6013 48.0421 44.1795 57.4234 46.1795 73.1905 42.2884 47.7848 37.9794 34.7762 34.6593 38.462
threshold=6.9649999141693124 1.985000014305115 12.644999980926515 1.0000000180025095e-35 -0.50432845950126637 -0.3172925859689712 960.04998779296886 1.0000000180025095e-35 0.88234141469001781 -0.7865660786628722 3.9750000238418584 0.63967129588127147 0.56424301862716686 963.64999389648449 1.0000000180025095e-35 -0.5677773356437682 947.64999389648449 4.3949999809265146 4.5000000000000009 -0.59055599570274342 0.96063983440399181 0.98965245485305797 0.90992662310600292 -0.26722820103168482 0.53727915883064281 21.500000000000004 4.6499998569488534 0.86458376049995433 -0.86458376049995411 -0.64942333102226246
decision_type=2 2 10 2 2 2 2 2 2 2 10 2 2 2 2 2 2 2 2 2 2 2 2 2 2 2 2 2 2 2
left_child=1 5 6 4 -4 13 -2 8 11 -9 -11 12 -7 -1 20 16 -16 19 26 -18 22 -22 28 27 25 -25 -17 -24 29 -3
right_child=2 14 3 -5 -6 7 -8 9 -10 10 -12 -13 -14 -15 15 18 17 -19 -20 -21 21 -23 23 24 -26 -27 -28 -29 -30 -31
leaf_value=-0.00015645383565764915 0.00032005484399454668 0.0043723989849220133 -2.4579352404230373e-05 0.00087268681609420362 0.00024983304267802987 -0.00014357397889950768 0.0006494898988845311 -0.00014209199949307035 0.00052759901424035544 -0.00014481748050506311 -0.00020554414957048642 -0.00015031747911479831 0.0041845368172140482 -0.00022139111977620367 -0.00028567633542440619 -0.00083556630906471906 0.0041820709293757244 0.0065142689476912624 -0.00065793482184749391 -0.00025975855004849532 -0.0021045008250010532 0.00037452547385536804 -0.0023009731712891209 0.0033405206887338239 -2.9186302871922479e-06 0.0011135218757977899 0.0028032135809173409 0.0029230240482150515 -0.00015736604592810866 0.00024116091816599636
leaf_weight=4267 5402 593 327 1093 758 2061 1511 441 415 1858 304 570 99 248 3586 903 367 686 10382 933 936 858 510 1098 973 1649 1243 105 11742 1982
leaf_count=4267 5402 593 327 1093 758 2061 1511 441 415 1858 304 570 99 248 3586 903 367 686 10382 933 936 858 510 1098 973 1649 1243 105 11742 1982
internal_value=-0.000436923 -0.00219302 0.00898747 0.0174072 0.0083945 -0.00876023 0.00632408 -0.0123066 -0.0078254 -0.0176956 -0.0205353 -0.0107495 -0.00771363 -0.00423673 -0.000443568 -0.0019884 0.00211583 0.00929181 -0.00381393 0.00321839 0.00092416 -0.0065592 0.00164549 0.00616359 0.00880537 0.0119731 0.00344026 -0.00975806 0.000275799 0.00552326
internal_weight=57900 48809 9091 2178 1085 10263 6913 5748 3145 2603 2162 2730 2160 4515 38546 18100 5572 1986 12528 1300 20446 1794 18652 4335 3720 2747 2146 615 14317 2575
internal_count=57900 48809 9091 2178 1085 10263 6913 5748 3145 2603 2162 2730 2160 4515 38546 18100 5572 1986 12528 1300 20446 1794 18652 4335 3720 2747 2146 615 14317 2575
is_linear=0
shrinkage=0.05


Tree=85
num_leaves=31
num_cat=0
split_feature=5 3 0 8 12 4 6 8 7 13 7 4 8 7 6 15 4 7 7 15 3 8 15 6 8 10 14 6 12 15
split_gain=378.897 294.327 93.3023 93.8796 81.7811 58.3357 58.1637 51.1132 45.4795 38.7744 39.4722 37.2781 34.9173 55.9101 34.8297 33.4422 36.8853 32.9649 39.6289 34.6023 32.5966 35.6022 31.4814 37.1775 33.1263 55.3955 32.5019 31.8311 31.1817 60.2563
threshold=1.985000014305115 12.443729400634767 1.0000000180025095e-35 -0.55176848173141468 -0.16504132002592084 6.2049999237060556 960.35000610351574 -0.13282711803913114 -0.52458885312080372 -0.6035533845424651 0.066572044044733061 8.2950000762939471 1.0000000180025095e-35 0.88234141469001781 963.64999389648449 56.500000000000007 1.9650000333786013 0.88234141469001781 0.86133140325546276 32.500000000000007 7.0389683246612558 -0.9980562925338744 68.500000000000014 947.35000610351574 0.69016700983047496 0.85260769724845897 10.795000076293947 956.75000000000011 0.44618082046508795 18.500000000000004
decision_type=2 2 2 2 2 2 2 2 2 2 2 2 2 2 2 2 2 2 2 2 2 2 2 2 2 2 10 2 2 2
left_child=4 5 3 -3 14 17 -7 -5 -4 -6 -11 -10 13 15 -1 16 -12 18 20 -19 -2 -22 23 -23 27 26 -26 -24 -25 -30
right_child=1 2 8 7 9 6 -8 -9 11 10 12 -13 -14 -15 -16 -17 -18 19 -20 -21 21 22 24 28 25 -27 -28 -29 29 -31
leaf_value=-0.00014511506213377964 -0.00018052929148728612 -3.619376825799159e-05 -0.00041045183047090373 0.00052445861513300551 -0.00013689094665778257 0.00029748991998880536 0.00070637414370630647 0.00013083104293497018 0.00084078604395416707 -0.00013869527621930889 -0.0001415550136078525 0.00082905247528949346 -0.00013610410858815904 0.00028452131865578501 -0.00020696555283715619 -0.00013656025317935889 1.6886655388057353e-05 -0.0028802599557232501 0.0024999567911819127 -0.0005073005780068064 -0.0053967930679919736 -0.00087909012841446701 -0.0092605230031617882 0.0023956916111261776 -0.0051054338523384094 0.0073017438974031712 0.00508619213074284 -0.001824912844825314 0.0086603072608898834 -0.0024000166665947261
leaf_weight=4857 18958 481 172 278 1170 8345 1971 961 555 1684 635 968 1080 232 304 253 115 92 406 5065 195 1825 188 5053 324 256 91 554 85 690
leaf_count=4857 18958 481 172 278 1170 8345 1971 961 555 1684 635 968 1080 232 304 253 115 92 406 5065 195 1825 188 5053 324 256 91 554 85 690
internal_value=-0.000535023 0.00135212 0.0154825 0.00724638 -0.00921142 0.000256218 0.00354617 0.0145096 0.0237941 -0.0136548 -0.0159965 0.026538 -0.0202371 -0.0143952 -0.00475223 -0.019494 -0.0247682 -0.000748809 -8.55746e-05 -0.00442658 -0.00031002 0.00212066 0.00257965 0.00384565 -0.00426657 0.00377219 -0.0075 -0.0115127 0.00579462 -0.00352564
internal_weight=57843 47513 3415 1720 10330 44098 10316 1239 1695 5169 3999 1523 2315 1235 5161 1003 750 33782 28625 5157 28219 9261 9066 7653 1413 671 415 742 5828 775
internal_count=57843 47513 3415 1720 10330 44098 10316 1239 1695 5169 3999 1523 2315 1235 5161 1003 750 33782 28625 5157 28219 9261 9066 7653 1413 671 415 742 5828 775
is_linear=0
shrinkage=0.05


Tree=86
num_leaves=31
num_cat=0
split_feature=3 5 0 8 3 7 4 6 4 6 8 8 8 13 7 4 2 6 7 10 13 7 6 7 5 8 8 5 6 10
split_gain=387.812 279.397 85.5796 96.4337 65.7644 55.5662 44.1728 42.1197 40.8799 48.6276 40.7547 36.2664 44.3145 41.4189 40.5339 43.5001 35.02 31.6289 31.3644 30.5436 29.8498 37.0808 53.8607 44.3311 41.0082 35.4707 42.2452 36.643 34.4791 33.6532
threshold=12.32163190841675 1.985000014305115 1.0000000180025095e-35 -0.40097093582153315 1.7241498827934267 -0.464854747056961 8.6750001907348651 952.85000610351574 6.2049999237060556 960.35000610351574 -0.18797264248132703 1.0000000180025095e-35 0.88337317109107982 -0.7865660786628722 0.86133140325546276 0.85500001907348644 18.500000000000004 960.14999389648449 -0.53914576768875111 -0.9366365075111388 1.0000000180025095e-35 -0.5677773356437682 948.14999389648449 -0.55354335904121388 4.3949999809265146 0.96063983440399181 0.99805629253387462 3.4516667127609257 952.35000610351574 0.85260769724845897
decision_type=2 2 2 2 2 2 2 2 2 2 2 2 2 2 2 2 2 2 2 2 2 2 2 2 2 2 2 2 2 2
left_child=1 4 3 -2 18 -4 -7 16 20 -10 -5 14 13 -13 15 -9 -6 -16 -1 -18 25 22 -22 -23 28 -3 -27 -28 -24 -25
right_child=2 8 5 10 7 6 -8 11 9 -11 -12 12 -14 -15 17 -17 19 -19 -20 -21 21 23 24 29 -26 26 27 -29 -30 -31
leaf_value=-0.00019787713780018763 -3.6257787953469788e-05 0.00021773740575146971 -0.00035510362670795328 0.00051855388585386741 -0.00019249780419171278 0.0007919718924620623 0.0007875998515250171 -0.00013557881808964707 0.00022371530440801481 0.00067041599817010413 0.00014071317952718822 -8.1913722922101305e-05 -0.00012381462973163235 -0.00015722003210690127 0.001279626768983979 -0.00013873322783833995 -0.00016201414512288516 -0.00013109726102780616 -0.00012931815004093875 0.00034055344297408455 -0.0003614233232480474 -0.0037014606934973378 0.0011147797166052261 -6.7879220412050975e-05 0.0061486625988130261 -0.001468832117699298 -0.00086237133738461538 0.0045602385692908752 -0.00068606504805670957 -0.00081055591857959696
leaf_weight=508 541 16597 209 279 1372 825 766 395 8181 1911 1012 297 618 1279 269 1145 1069 444 1446 1483 3339 90 861 4771 452 1243 150 201 228 5920
leaf_count=508 541 16597 209 279 1372 825 766 395 8181 1911 1012 297 618 1279 269 1145 1069 444 1446 1483 3339 90 861 4771 452 1243 150 201 228 5920
internal_value=-0.000491314 -0.00155047 0.0153148 0.00767556 -0.00894966 0.0230471 0.0262218 -0.00701409 0.000188855 0.00298108 0.0150849 -0.0103437 -0.0149159 -0.0193548 -0.00586802 -0.0104207 -0.00323237 0.00396936 -0.0172027 0.00023465 -0.000643885 -0.00224371 0.00137155 -0.00388003 0.00908797 0.000733678 -0.00637899 0.00884831 0.00379342 -0.0035761
internal_weight=57901 54269 3632 1832 10325 1800 1591 8371 43944 10092 1291 4447 2194 1576 2253 1540 3924 713 1954 2552 33852 15661 4880 10781 1541 18191 1594 351 1089 10691
internal_count=57901 54269 3632 1832 10325 1800 1591 8371 43944 10092 1291 4447 2194 1576 2253 1540 3924 713 1954 2552 33852 15661 4880 10781 1541 18191 1594 351 1089 10691
is_linear=0
shrinkage=0.05


Tree=87
num_leaves=31
num_cat=0
split_feature=3 5 0 8 12 3 8 7 8 7 7 7 6 4 13 7 6 7 10 8 8 6 6 5 13 7 13 8 13 5
split_gain=372.284 277.045 101.141 89.8181 77.3563 51.9966 49.1524 56.2056 47.6846 46.8805 59.0216 45.2873 41.2132 40.7916 36.986 37.1304 35.7696 34.1456 33.3091 33.8833 58.3512 40.4551 31.399 31.015 29.402 29.1906 62.5768 84.5346 43.3461 30.7722
threshold=12.443729400634767 1.985000014305115 1.0000000180025095e-35 -0.38118652999401087 -0.3172925859689712 8.3644995689392108 1.0000000180025095e-35 0.88234141469001781 -0.13282711803913114 0.63967129588127147 0.57132312655448925 -0.464854747056961 948.35000610351574 8.6750001907348651 -0.7865660786628722 0.52093526721000682 963.64999389648449 -0.98134601116180409 0.94828754663467418 0.99805629253387462 0.95943385362625133 955.95001220703136 956.95001220703136 4.8916666507720956 0.78656607866287243 0.42250764369964605 -0.37940952181816096 -0.69561269879341114 0.91597560048103344 3.5416666269302373
decision_type=2 2 2 2 2 2 2 2 2 2 2 2 2 2 2 2 2 2 2 2 2 2 2 2 2 2 2 2 2 2
left_child=1 4 3 -2 16 24 7 9 -5 10 -6 -4 17 -13 -8 -16 -1 -7 19 20 25 -22 23 -20 -3 28 27 -27 -14 -28
right_child=2 5 11 8 6 12 14 -9 -10 -11 -12 13 18 -15 15 -17 -18 -19 22 -21 21 -23 -24 -25 -26 26 29 -29 -30 -31
leaf_value=-0.00014234190712331918 -3.1447977299131628e-05 -4.075512343757956e-05 0.00033538123419623315 0.0004532353243801746 -0.00012299527855246675 0.002863724103858334 -0.00012891619109643254 0.0003629102603503302 0.00012021700739719422 -0.00013932837674806661 0.004186969111777873 0.00075463361641383566 0.00081943962178346319 0.00074821985894876764 -0.00014965087718989177 -0.00012224779163901787 -0.00019724598118649262 -0.0023249490413302155 -0.0032311678273632908 0.0031491763930917684 -0.00027969401950697084 -0.0082506511358019629 0.00058721035547281146 0.00052105678541615463 -0.00059587482728755837 -0.0036676370329189554 0.0072169839795158536 0.0023647460053029729 0.0047070222877884319 -0.00072489144861513373
leaf_weight=4227 514 24424 190 241 2102 407 431 417 985 557 93 727 3081 776 1154 1017 260 2171 183 216 379 295 651 720 5419 368 93 1692 523 3644
leaf_count=4227 514 24424 190 241 2102 407 431 417 985 557 93 727 3081 776 1154 1017 260 2171 183 216 379 295 651 720 5419 368 93 1692 523 3644
internal_value=-0.000585729 -0.00159181 0.0153723 0.00687679 -0.00899347 0.000124235 -0.0128203 -0.00861689 0.0142161 -0.0112078 -0.00788636 0.0240577 0.00258872 0.0269562 -0.0179133 -0.0205653 -0.00406278 -0.00313589 0.00383544 0.00280206 0.00237599 -0.011782 0.0106479 0.00457048 -0.00106707 0.00339677 0.00119786 0.00818402 0.00692713 -0.00265901
internal_weight=57957 54524 3433 1740 10258 44266 5771 3169 1226 2752 2195 1693 14423 1503 2602 2171 4487 2578 11845 10291 10075 674 1554 903 29843 9401 5797 2060 3604 3737
internal_count=57957 54524 3433 1740 10258 44266 5771 3169 1226 2752 2195 1693 14423 1503 2602 2171 4487 2578 11845 10291 10075 674 1554 903 29843 9401 5797 2060 3604 3737
is_linear=0
shrinkage=0.05


Tree=88
num_leaves=31
num_cat=0
split_feature=3 11 3 0 8 9 8 8 6 4 8 6 2 8 8 15 9 10 8 8 10 11 12 13 10 11 4 6 4 6
split_gain=343.297 187.199 93.4731 92.7205 82.9599 45.5358 46.1454 86.8035 51.7363 45.1246 45.1177 49.6994 43.765 40.6628 39.8823 50.7906 38.5231 36.1273 33.7398 36.3569 37.9561 53.9955 38.8451 37.7324 62.6405 43.0076 35.9966 33.7436 37.2917 33.4008
threshold=12.443729400634767 3.5499999523162846 1.7241498827934267 1.0000000180025095e-35 -0.50432845950126637 7.1150000095367441 -0.98009455204009999 -0.99351876974105824 951.25000000000011 1.9650000333786013 -0.05154921114444732 948.85000610351574 38.500000000000007 -0.13282711803913114 -0.93779578804969776 34.500000000000007 14.284999847412111 0.9238443672657014 0.99805629253387462 0.97653719782829296 0.9238443672657014 7.0499999523162851 0.36648726463317877 -0.37940952181816096 -0.79332312941551197 11.550000190734865 3.7749999761581425 957.14999389648449 3.7749999761581425 959.25000000000011
decision_type=2 2 2 2 2 8 2 2 2 2 2 2 2 2 2 2 8 2 2 2 2 2 2 2 2 2 2 2 2 2
left_child=1 2 -1 4 -2 6 7 -3 10 12 11 -8 -4 -6 15 -11 17 -5 19 20 22 27 26 24 -24 -25 -7 -22 -29 -28
right_child=3 5 9 16 13 18 8 -9 -10 14 -12 -13 -14 -15 -16 -17 -18 -19 -20 -21 21 -23 23 25 -26 -27 29 28 -30 -31
leaf_value=-0.00011837591964186786 -3.1935645636649305e-05 -0.00020422118995199815 -0.00012334982902656935 0.00079258793146607114 0.00046996442534216754 0.0033737843345583497 -0.00045446412310059077 0.0036071402674135787 -0.00022396436164467075 -0.0010790385349499149 0.00061299539856645682 0.0010674946656918525 2.2970275877414773e-05 0.00011514735056445403 -8.5118218392826224e-05 -0.00024106141231672873 0.00071080886600132789 0.00066325784141071931 0.0025016773865495648 -0.0017252834066627976 -0.0017962820179374243 0.00064448740957471779 -0.0041218506358804254 -0.0017875350943600155 0.0024726730428685146 0.007404391126977084 -2.9213873921385416e-05 -0.0011202142206754831 0.0028341357011458209 0.0012012197889669494
leaf_weight=1569 484 628 4710 877 263 675 4092 571 7261 340 3809 1000 1126 954 6271 520 562 252 460 1091 1278 3106 255 2496 1134 136 8659 88 600 2706
leaf_count=1569 484 628 4710 877 263 675 4092 571 7261 340 3809 1000 1126 954 6271 520 562 252 460 1091 1278 3106 255 2496 1134 136 8659 88 600 2706
internal_value=-0.000556245 -0.00151596 -0.00637508 0.0148661 0.00659437 0.000248439 -0.00167857 0.00776578 -0.00238139 -0.0049761 0.00017404 -0.00290367 -0.00823489 0.0135434 -0.00230521 -0.0123699 0.0231427 0.0176808 0.0017233 0.00144406 0.00190415 0.00567264 0.000712685 -0.00353949 0.00312052 -0.00705347 0.00213367 -0.000811771 0.00808081 0.00146438
internal_weight=57973 54581 14536 3392 1701 40045 17361 1199 16162 12967 8901 5092 5836 1217 7131 860 1691 1129 22684 22224 21133 5072 16061 4021 1389 2632 12040 1966 688 11365
internal_count=57973 54581 14536 3392 1701 40045 17361 1199 16162 12967 8901 5092 5836 1217 7131 860 1691 1129 22684 22224 21133 5072 16061 4021 1389 2632 12040 1966 688 11365
is_linear=0
shrinkage=0.05


Tree=89
num_leaves=31
num_cat=0
split_feature=3 5 12 0 8 13 9 6 6 9 5 12 8 8 8 12 6 11 5 12 8 8 6 14 8 7 15 14 15 9
split_gain=362.353 243.847 76.6689 72.2443 65.6392 44.1205 41.1311 39.0098 37.5901 41.0858 35.7044 39.0514 34.3447 74.0418 32.6117 32.1157 31.8592 31.9042 27.9776 27.3208 28.7139 38.4031 40.1893 48.6548 26.6113 44.548 28.8769 26.3476 25.0212 24.4799
threshold=12.443729400634767 1.985000014305115 -0.13052122294902799 1.0000000180025095e-35 -0.40097093582153315 -0.7865660786628722 14.284999847412111 963.64999389648449 951.45001220703136 3.185000061988831 4.4449999332427987 -0.74892720580101002 0.95943385362625133 0.99805629253387462 -0.13282711803913114 0.095842104405164733 940.14999389648449 3.1499999761581425 7.7650001049041757 -0.52247866988182057 -0.62132811546325672 -0.44380629062652582 943.14999389648449 5.8650000095367441 1.0000000180025095e-35 0.89029943943023693 62.500000000000007 1.575000047683716 66.500000000000014 1.0900000333786013
decision_type=2 2 2 2 2 2 8 2 2 10 2 2 2 2 2 2 2 2 2 2 2 2 2 10 2 2 2 10 2 10
left_child=1 2 7 4 15 -4 -5 27 16 24 19 -12 -13 18 -6 -2 -7 -18 -14 20 28 22 -22 -24 25 26 -10 -1 -3 -23
right_child=3 10 5 6 14 8 -8 -9 9 -11 11 12 13 -15 -16 -17 17 -19 -20 -21 21 29 23 -25 -26 -27 -28 -29 -30 -31
leaf_value=-0.00016101723859539608 8.9233738852501083e-07 0.0020028430965132378 -0.00010419043465743068 0.00065928233408129038 0.00042046832669641603 -0.00027404080410009388 0.00067526842270126399 -0.00017691637339351798 -0.0001108023087445633 -0.00012619446645933483 -0.0036942057010998009 0.00050398288657441668 -0.0037370728901172812 0.0016873366346254999 0.00011843025175437561 -0.00010223747140752915 -0.00014906923878656175 0.00015716557682713919 0.00057751902157218704 -0.00022483178877130764 -0.0027965283434898854 0.0034362865868939581 0.0031599809774186696 -0.0034309331626154629 -0.00010895244390829399 0.00028881040387476839 1.6217112451831149e-05 -5.0072096807264778e-05 -0.0016975190155178257 8.4660960347357483e-05
leaf_weight=1444 276 1823 790 1149 250 91 564 321 737 699 540 15751 1172 373 942 227 723 574 135 19427 235 158 202 163 1087 170 146 3547 170 3988
leaf_count=1444 276 1823 790 1149 250 91 564 321 737 699 540 15751 1172 373 942 227 723 574 135 19427 235 158 202 163 1087 170 146 3547 170 3988
internal_value=-0.000539056 -0.00152925 -0.008443 0.0152652 0.00791176 -0.0128734 0.0224971 -0.00425052 -0.0148984 -0.0181962 8.94839e-05 0.00180518 0.00221668 -0.00456973 0.0142857 -0.00718504 -0.00811199 -0.00602919 -0.0101753 -0.00108899 0.00165332 -0.00046306 -0.0122314 -0.00175676 -0.0216317 -0.0158318 -0.0203266 -0.00315252 0.00668168 0.00125271
internal_weight=57874 54466 10329 3408 1695 5017 1713 5312 4227 2839 44137 17971 17431 1680 1192 503 1388 1297 1307 26166 6739 4746 600 365 2140 1053 883 4991 1993 4146
internal_count=57874 54466 10329 3408 1695 5017 1713 5312 4227 2839 44137 17971 17431 1680 1192 503 1388 1297 1307 26166 6739 4746 600 365 2140 1053 883 4991 1993 4146
is_linear=0
shrinkage=0.05


Tree=90
num_leaves=31
num_cat=0
split_feature=3 5 0 12 8 6 8 7 13 10 4 6 6 4 15 8 7 5 7 3 15 7 12 7 7 6 7 15 7 12
split_gain=349.123 259.376 78.3971 68.603 51.3176 45.8321 41.1141 40.569 38.7727 37.9499 37.749 38.8656 37.6196 36.1821 34.3905 32.0625 50.334 33.6379 30.3714 31.5164 29.2632 50.7591 54.0694 31.4289 41.7209 55.0374 39.7391 52.8704 49.5661 55.8756
threshold=12.443729400634767 1.985000014305115 1.0000000180025095e-35 -0.13052122294902799 -0.38118652999401087 951.35000610351574 0.8730936348438264 -0.464854747056961 -0.7865660786628722 -0.98897820711135853 5.7249999046325692 960.35000610351574 963.64999389648449 8.7349996566772479 63.500000000000007 1.0000000180025095e-35 0.88234141469001781 0.94833332300186168 0.88234141469001781 3.1992815732955937 87.500000000000014 0.96906387805938732 -0.28400452435016627 0.99549904465675365 0.99763676524162304 950.95001220703136 0.98666161298751842 65.500000000000014 0.98217421770095836 0.23343648016452792
decision_type=2 2 2 2 2 2 2 2 2 2 2 2 2 2 2 2 2 2 2 2 2 2 2 2 2 2 2 2 2 2
left_child=1 3 4 12 -2 9 -6 -4 -7 -5 18 -12 -1 -9 -8 16 17 -10 -3 -20 23 22 -22 26 -25 -26 28 -28 29 -21
right_child=2 10 7 5 6 8 14 13 15 -11 11 -13 -14 -15 -16 -17 -18 -19 19 20 21 -23 -24 24 25 -27 27 -29 -30 -31
leaf_value=-0.00011110704027329143 -2.2884931282524112e-05 -1.8115748225944542e-05 0.00025337149985524277 -0.00016746274637386037 0.00051038510705730684 -0.00010860468291005857 -7.6681665774935853e-05 0.0006519316814780796 -0.00010523540344315008 -4.3303266858297533e-05 0.00019414152904156934 0.00062136071017415695 -0.00016552445398215749 0.00064150500156620052 0.0001459968007423762 -0.0001046597661475236 0.00027216870528730798 -0.00010548790602442228 0.00031713512902972816 -0.0016862593757772119 -0.0049675225773188995 0.0069180283225788652 0.002469699568793152 0.0025797725711676281 0.0081634849023794406 -0.0021285204718799202 -0.0032484203601727706 -0.00062184006876234068 0.0038726386554086834 -4.2480767200379912e-05
leaf_weight=4980 505 26122 202 390 732 554 332 751 170 1201 10873 2555 338 751 149 1410 245 1047 200 1177 134 191 95 312 118 476 319 270 156 1164
leaf_count=4980 505 26122 202 390 732 554 332 751 170 1201 10873 2555 338 751 149 1410 245 1047 200 1177 134 191 95 312 118 476 319 270 156 1164
internal_value=-0.0005395 -0.00151279 0.0149402 -0.0086412 0.00737086 -0.0128335 0.012931 0.0225278 -0.0160886 -0.00579574 0.000156225 0.0023673 -0.00467781 0.0253484 0.00154321 -0.018422 -0.0131561 -0.0173077 -0.000810046 -0.00454841 -0.00543355 0.00705882 -0.00876068 -0.00675507 0.001427 -0.00634391 -0.00915561 -0.0207912 -0.0063749 -0.00820546
internal_weight=57919 54497 3422 10335 1718 5017 1213 1704 3426 1591 44162 13428 5318 1502 481 2872 1462 1217 30734 4612 4412 420 229 3992 906 594 3086 589 2497 2341
internal_count=57919 54497 3422 10335 1718 5017 1213 1704 3426 1591 44162 13428 5318 1502 481 2872 1462 1217 30734 4612 4412 420 229 3992 906 594 3086 589 2497 2341
is_linear=0
shrinkage=0.05


Tree=91
num_leaves=31
num_cat=0
split_feature=3 5 0 12 8 9 7 7 13 10 8 14 12 12 7 6 7 3 13 8 4 6 9 7 8 5 8 14 7 13
split_gain=339.677 267.946 89.119 72.9206 54.4224 42.4427 41.8253 35.7742 35.3794 45.3913 69.6042 49.7919 45.6999 44.6532 50.1254 38.7695 40.4581 53.8924 38.4379 34.9399 34.4293 33.0913 31.9029 44.1207 33.3863 66.7828 31.6349 31.5948 30.4067 33.9507
threshold=12.443729400634767 1.985000014305115 1.0000000180025095e-35 -0.19936034083366391 -0.38118652999401087 4.0250000953674325 -0.92772412300109852 -0.464854747056961 0.78656607866287243 0.9238443672657014 0.95943385362625133 7.1949999332427987 -0.18222858756780622 0.56638467311859142 -0.41079147160053248 947.04998779296886 0.42250764369964605 8.3644995689392108 -0.37940952181816096 -0.13282711803913114 8.7349996566772479 963.64999389648449 10.50500011444092 0.95760038495063793 0.021515898406505588 4.4449999332427987 -0.86458376049995411 8.9849996566772479 0.93851706385612499 1.0000000180025095e-35
decision_type=2 2 2 2 2 10 2 2 2 2 2 10 2 2 2 2 2 2 2 2 2 2 10 2 2 2 2 10 2 2
left_child=1 3 4 21 -2 6 -5 -4 9 22 12 -12 26 18 -15 -10 17 -17 -14 -6 -9 -1 23 -3 27 -26 -11 -25 -24 -30
right_child=2 8 7 5 19 -7 -8 20 15 10 11 -13 13 14 -16 16 -18 -19 -20 -21 -22 -23 28 24 25 -27 -28 -29 29 -31
leaf_value=-0.00012457290459418278 -2.2009277678852746e-05 -2.5009932543310077e-05 0.00027993824390555588 0.00023333102659604655 0.00040262719946425053 -0.0001155170697442684 -9.9974863688458496e-05 0.00061817834274464087 -0.0017518251675930957 -0.0025828510419030207 -0.0017091253533031729 0.00055740277915991012 0.0014926219973138588 0.0022752581161366576 -0.000575623325165309 -0.00029818474156016847 -0.00087773514105617177 0.0019698430378267576 0.00044300754054441563 8.7958061215398514e-05 0.00060942975148788883 -0.00016094011600715976 0.00020341674649986265 0.00078800891620360168 -0.00078289700571289658 -0.0062622067732403287 0.00022618038179302166 -0.0039635709173653864 0.0026885669742716476 -0.00062552687690946578
leaf_weight=4722 503 21333 194 315 245 807 4168 759 1674 249 844 383 1971 901 816 2520 2847 1325 2432 979 734 291 2925 890 849 262 822 138 652 332
leaf_count=4722 503 21333 194 315 245 807 4168 759 1674 249 844 383 1971 901 816 2520 2847 1325 2432 979 734 291 2925 890 849 262 822 138 652 332
internal_value=-0.000663361 -0.00162282 0.0146242 -0.00888145 0.00661085 -0.0129745 -0.014873 0.0227837 7.13154e-05 0.000755502 0.00396533 -0.0070211 0.00584352 0.0075102 0.000667828 -0.00285509 -0.00114977 0.00219481 0.0101747 0.0122864 0.0254005 -0.00455361 -0.00023187 -0.000928568 -0.00776586 -0.0137545 -0.003671 -0.00125847 0.00394737 0.0115268
internal_weight=57882 54468 3414 10303 1727 5290 4483 1687 44165 35799 8418 1227 7191 6120 1717 8366 6692 3845 4403 1224 1493 5013 27381 23472 2139 1111 1071 1028 3909 984
internal_count=57882 54468 3414 10303 1727 5290 4483 1687 44165 35799 8418 1227 7191 6120 1717 8366 6692 3845 4403 1224 1493 5013 27381 23472 2139 1111 1071 1028 3909 984
is_linear=0
shrinkage=0.05


Tree=92
num_leaves=31
num_cat=0
split_feature=3 5 0 15 2 9 3 8 8 8 15 10 5 13 10 9 10 10 8 15 7 9 10 7 14 7 7 7 3 8
split_gain=361.227 235.221 89.0434 55.4978 58.4778 41.8027 40.2439 39.6785 38.9067 35.985 34.8514 32.9701 37.2939 34.5993 32.3068 30.3707 30.1391 28.3875 28.1596 28.1571 28.1251 33.606 31.3927 36.0982 28.0038 26.1373 24.6304 41.6725 33.7713 33.563
threshold=12.443729400634767 1.985000014305115 1.0000000180025095e-35 75.500000000000014 41.500000000000007 14.284999847412111 1.7241498827934267 1.0000000180025095e-35 -0.40097093582153315 0.8730936348438264 64.500000000000014 0.94828754663467418 4.8916666507720956 -0.91597560048103321 0.9238443672657014 10.444999694824221 0.9170251488685609 -0.98624804615974415 0.97745609283447277 97.500000000000014 -0.06227870658040046 5.1250000000000009 -0.79332312941551197 -0.98134601116180409 5.6649999618530282 -0.53914576768875111 0.88234141469001781 0.86993730068206798 3.5550303459167485 0.021515898406505588
decision_type=2 2 2 2 2 8 2 2 2 2 2 2 2 2 2 10 2 2 2 2 2 10 2 2 10 2 2 2 2 2
left_child=1 3 8 4 6 14 25 -5 16 -10 -11 15 13 -13 -4 19 -2 -8 -14 26 22 -22 -19 -24 -15 -1 27 -3 -28 -30
right_child=2 11 5 7 -6 -7 17 -9 9 10 -12 12 18 24 -16 -17 -18 20 -20 -21 21 -23 23 -25 -26 -27 28 -29 29 -31
leaf_value=-0.00014448027989288011 3.0924309671664932e-06 -0.00010809650624335476 0.00067147216299559553 -0.00012901364168533855 0.00021845475240466242 0.00058032149122282941 -0.00013056601791426947 -9.8807632196392354e-05 0.0004683826120853718 -6.7076236045060525e-05 0.00013053193442602863 0.0029203824657756047 0.00057895043001771063 0.00014847496009428863 0.00053458409498340911 0.00039263427262060393 -9.6060555723520571e-05 -0.00015013284317149327 -0.00086458304865661979 0.0067843533721971775 -0.00010922323124229655 0.0012870091931323727 -0.00082528949690137919 0.00091811116164287681 -0.0025191254175689782 -9.5113464719877837e-05 0.00031861444898538598 0.0050689258836638888 -0.00018082098261020253 -0.0012027062701417638
leaf_weight=465 378 26471 895 376 1309 555 1100 1057 738 332 146 519 1973 2523 263 6458 126 1241 285 84 2370 247 128 899 926 1149 251 179 2027 2315
leaf_count=465 378 26471 895 376 1309 555 1100 1057 738 332 146 519 1973 2523 263 6458 126 1241 285 84 2370 247 128 899 926 1149 251 179 2027 2315
internal_value=-0.000519986 -0.00151406 0.0151978 -0.00829789 -0.0068215 0.0232538 -0.0085021 -0.01742 0.00713043 0.0119574 0.00124224 8.06525e-05 0.00345049 0.000528568 0.0177128 -0.000474993 -0.00451866 -0.00660267 0.00857269 -0.00111866 -0.0049591 -0.00848589 -0.000879894 0.00557171 -0.00128836 -0.0155034 -0.00119848 -0.000615269 -0.00457808 -0.00561307
internal_weight=57785 54352 3433 10341 8908 1713 7599 1433 1720 1216 478 44011 6226 3968 1158 37785 504 5985 2258 31327 4885 2617 2268 1027 3449 1614 31243 26650 4593 4342
internal_count=57785 54352 3433 10341 8908 1713 7599 1433 1720 1216 478 44011 6226 3968 1158 37785 504 5985 2258 31327 4885 2617 2268 1027 3449 1614 31243 26650 4593 4342
is_linear=0
shrinkage=0.05


Tree=93
num_leaves=31
num_cat=0
split_feature=3 5 0 12 10 9 7 9 15 7 2 11 10 10 12 12 13 6 12 13 6 10 15 7 7 15 6 6 7 9
split_gain=319.129 241.363 75.7537 70.9997 43.9402 42.0048 43.7182 38.8763 33.6362 33.1121 31.615 28.7504 28.4202 26.8519 52.0781 40.73 36.8396 38.196 31.8694 51.7182 35.8366 55.0447 37.6945 36.1544 32.9358 39.8755 35.926 34.687 39.9335 46.494
threshold=12.443729400634767 1.985000014305115 1.0000000180025095e-35 -0.3172925859689712 0.9170251488685609 4.0250000953674325 -0.92772412300109852 14.284999847412111 82.500000000000014 0.83399695158004772 29.500000000000004 5.0499999523162851 0.9238443672657014 0.94828754663467418 -0.21643137186765668 0.56638467311859142 0.12940952181816109 957.14999389648449 -0.41467745602130884 -0.91597560048103321 943.35000610351574 0.66259482502937328 38.500000000000007 0.98049062490463268 -0.79148143529891957 80.500000000000014 939.25000000000011 955.85000610351574 0.96906387805938732 9.2150001525878924
decision_type=2 2 2 2 2 10 2 8 2 2 2 2 2 2 2 2 2 2 2 2 2 2 2 2 2 2 2 2 2 8
left_child=1 3 4 8 -2 6 -5 12 -1 -6 11 -8 -4 18 -15 16 17 -16 19 -3 21 -20 23 -22 26 -26 -21 -27 29 -29
right_child=2 13 7 5 9 -7 10 -9 -10 -11 -12 -13 -14 14 15 -17 -18 -19 20 24 22 -23 -24 -25 25 27 -28 28 -30 -31
leaf_value=-0.00010459203135601142 0.00011877536485914719 -0.0012708620218374626 0.00062924706605165805 0.00016381221773237206 -9.0608091551494518e-05 -9.8978369522392557e-05 -9.0854984360655604e-05 0.00054994218935235377 -0.00022641802742755766 0.00010275871646316382 -8.632779440094245e-05 0.00013497821037882643 0.0005078548902342384 -0.0013034811502871961 0.00073781308093064937 -0.00023181816929982447 0.00017622736947535257 0.00097350688520022601 4.842289683342008e-05 0.0080916525311098986 -0.00045070890209492065 0.0049199136647502311 -1.3845073522521061e-05 -0.0031639358055745611 0.0017780139317260858 -0.0029693445400458432 -0.00047690421436707433 -0.0027651606295472711 0.0043051408047313838 0.0047025326941933752
leaf_weight=4293 1313 1564 881 354 264 890 2852 559 272 132 1595 127 258 1149 1471 1183 1578 881 1547 107 10743 503 15117 109 4839 234 2259 376 203 164
leaf_count=4293 1313 1564 881 354 264 890 2852 559 272 132 1595 127 258 1149 1471 1183 1578 881 1547 107 10743 503 15117 109 4839 234 2259 376 203 164
internal_value=-0.000575041 -0.0015051 0.0142585 -0.00836061 0.00679697 -0.0120213 -0.0138253 0.0217264 -0.00368709 -0.00773067 -0.0151343 -0.0181803 0.0163024 0.000112418 0.00314345 0.00530481 0.00775095 0.0117098 -0.000390522 0.00207158 -0.00124715 0.00510949 -0.00174983 -0.00399742 0.00366435 0.00568631 -0.00130747 -0.00351324 0.00180481 -0.0053211
internal_weight=57817 54410 3407 10383 1709 5818 4928 1698 4565 396 4574 2979 1139 44027 6262 5113 3930 2352 37765 9746 28019 2050 25969 10852 8182 5816 2366 977 743 540
internal_count=57817 54410 3407 10383 1709 5818 4928 1698 4565 396 4574 2979 1139 44027 6262 5113 3930 2352 37765 9746 28019 2050 25969 10852 8182 5816 2366 977 743 540
is_linear=0
shrinkage=0.05


Tree=94
num_leaves=31
num_cat=0
split_feature=3 5 0 12 8 6 9 13 8 8 10 5 8 10 6 9 10 9 15 15 10 15 12 6 13 15 6 6 10 8
split_gain=298.409 230.198 80.0625 77.4802 58.4254 50.2899 42.9664 40.264 36.8693 47.1972 34.4184 33.9562 32.9911 31.7634 49.4288 30.0029 28.9849 26.7709 28.7097 25.9824 26.0169 24.8776 24.1167 45.2989 24.0669 23.5606 32.6038 27.1141 23.0695 22.7077
threshold=12.443729400634767 1.985000014305115 1.0000000180025095e-35 -0.16504132002592084 -0.38118652999401087 963.64999389648449 14.284999847412111 -0.6035533845424651 1.0000000180025095e-35 -0.47434769570827479 0.90992662310600292 0.94833332300186168 0.99141839146614086 0.94828754663467418 957.14999389648449 12.904999732971193 0.74892720580101024 10.50500011444092 97.500000000000014 81.500000000000014 -0.95368063449859608 72.500000000000014 -0.21643137186765668 951.75000000000011 -1.0000000180025095e-35 34.500000000000007 952.04998779296886 955.35000610351574 0.96359375119209301 -0.77682399749755848
decision_type=2 2 2 2 2 2 8 2 2 2 2 2 2 2 2 10 2 10 2 2 2 2 2 2 2 2 2 2 2 2
left_child=1 3 4 5 15 19 10 25 9 11 -4 -9 28 17 22 -2 -11 18 -3 20 -1 -10 23 -15 -16 26 -5 -27 -6 -29
right_child=2 13 6 7 12 -7 -8 8 21 16 -12 -13 -14 14 24 -17 -18 -19 -20 -21 -22 -23 -24 -25 -26 27 -28 29 -30 -31
leaf_value=-0.00012508966676104088 9.6116160214293478e-05 -0.0001594882359544414 0.00060643620154323676 -7.0485753597607399e-05 0.00027791236306776433 -0.00014843839523658378 0.00052244507988473692 -8.5606615224156403e-05 -0.00010709103218733766 -0.00017388670854710797 0.00048246214572252868 -8.9787372740933197e-05 -6.8891703765236464e-05 0.0001239760281481539 0.00091730338764577373 -4.8785754684810279e-05 0.00053663434662509682 0.00039122846168050397 0.0067167735484920449 -0.0001514089722209503 6.5795781300994133e-05 -8.2989577073672513e-05 0.00027158365322050795 -0.0020919897874376527 0.00017282526468520023 0.0028033662903155124 -0.00014943819513921487 0.0029820397086044361 -8.8144000245232723e-05 -9.1026150713228483e-05
leaf_weight=1432 187 31538 850 287 976 315 540 222 1175 244 296 1504 142 731 940 311 287 6321 85 343 3065 605 3758 275 603 137 227 90 83 421
leaf_count=1432 187 31538 850 287 976 315 540 222 1175 244 296 1504 142 731 940 311 287 6321 85 343 3065 605 3758 275 603 137 227 90 83 421
internal_value=-0.000515562 -0.00140908 0.0138791 -0.00811854 0.00619131 -0.00376938 0.0215849 -0.0124231 -0.0147823 -0.0104996 0.0159861 -0.0145003 0.0121476 0.00016156 0.00344582 -0.00815109 0.00251866 -0.000384727 -0.000978563 -0.00249742 -0.00147712 -0.0201681 0.000922625 -0.00593472 0.011208 -0.0041988 -0.0121387 0.00214395 0.0151786 -0.00319767
internal_weight=57990 54605 3385 10354 1699 5155 1686 5199 4037 2257 1146 1726 1201 44251 6307 498 531 37944 31623 4840 4497 1780 4764 1006 1543 1162 514 648 1059 511
internal_count=57990 54605 3385 10354 1699 5155 1686 5199 4037 2257 1146 1726 1201 44251 6307 498 531 37944 31623 4840 4497 1780 4764 1006 1543 1162 514 648 1059 511
is_linear=0
shrinkage=0.05


Tree=95
num_leaves=31
num_cat=0
split_feature=5 3 1 12 8 15 8 8 5 8 15 7 4 14 15 2 11 2 3 6 7 7 13 10 8 7 8 14 6 2
split_gain=283.475 213.174 104.647 78.3425 77.5874 41.2783 39.0443 55.7112 44.6934 36.6374 34.3396 34.1417 35.3725 30.4523 29.0295 35.5233 26.4686 25.5312 24.2932 28.2576 34.3294 28.9472 43.5651 52.2256 36.1452 57.407 35.1275 33.598 33.0371 30.4207
threshold=1.985000014305115 12.443729400634767 1.0000000180025095e-35 -0.28400452435016627 -0.34918220341205591 82.500000000000014 1.0000000180025095e-35 -0.36924374103546137 0.94833332300186168 -0.13282711803913114 75.500000000000014 -0.464854747056961 9.3550000190734881 1.575000047683716 34.500000000000007 29.500000000000004 3.9500000476837163 5.5000000000000009 8.2786192893981951 948.45001220703136 -0.98134601116180409 -0.45724393427371973 -0.37940952181816096 -0.94260558485984791 -0.69561269879341114 0.31881132721900945 0.99717122316360485 8.1250000000000018 961.35000610351574 6.5000000000000009
decision_type=2 2 2 2 2 2 2 2 2 2 2 2 2 10 2 2 2 2 2 2 2 2 2 2 2 2 2 10 2 2
left_child=3 18 11 5 -4 13 7 8 -5 -6 -8 -3 -13 17 -10 16 -16 -1 -2 20 -20 -21 23 27 25 -25 29 -23 -27 -24
right_child=1 2 4 6 9 -7 10 -9 14 -11 -12 12 -14 -15 15 -17 -18 -19 19 21 -22 22 26 24 -26 28 -28 -29 -30 -31
leaf_value=-0.00017936819433674018 -7.3305740766596572e-05 0.00017058356018075649 -3.9325483189778249e-05 -8.1422926735520186e-05 0.00055357859413119324 -0.00019266450265047666 -9.7044378572599607e-05 0.00036528943427928249 -9.0365670392666449e-05 7.9815693617474323e-05 -7.9613092637086287e-05 0.00050902408581699474 0.00049632282589049954 3.8197376173819932e-05 -8.7039263021757374e-05 0.00068866968253873803 0.0023798589618917081 -9.4098870386542495e-05 0.002820502019742481 0.0012016199506383997 -0.0021561092630176166 0.004161636880129038 0.0012894620838212274 0.0016723161410857558 0.001691908934749703 -0.002656067908952313 0.0024470610245006189 -0.0013287126348311808 0.00052260636674164584 -0.00038228884078666538
leaf_weight=263 29289 200 548 273 211 282 1863 482 954 955 681 1047 459 3119 877 402 84 1044 420 1636 2315 128 1340 249 2040 290 197 922 135 5158
leaf_count=263 29289 200 548 273 211 282 1863 482 954 955 681 1047 459 3119 877 402 84 1044 420 1636 2315 128 1340 249 2040 290 197 922 135 5158
internal_value=-0.00047954 0.00115156 0.0131679 -0.00798722 0.00442118 -0.00322512 -0.011973 -0.0081573 -0.0110597 0.0116994 -0.0165555 0.021917 0.0244871 -0.00203114 -0.008764 -0.00405702 -0.00926501 -0.00842226 0.000218702 0.00186721 -0.00271898 0.00290496 0.00193521 0.00623508 0.00989334 -0.000147275 -0.000485075 -0.00322275 -0.0112791 -0.00112256
internal_weight=57863 47539 3420 10324 1714 4708 5616 3072 2590 1166 2544 1706 1506 4426 2317 1363 961 1307 44119 14830 2735 12095 10459 3764 2714 674 6695 1050 425 6498
internal_count=57863 47539 3420 10324 1714 4708 5616 3072 2590 1166 2544 1706 1506 4426 2317 1363 961 1307 44119 14830 2735 12095 10459 3764 2714 674 6695 1050 425 6498
is_linear=0
shrinkage=0.05


Tree=96
num_leaves=31
num_cat=0
split_feature=3 11 0 3 7 10 8 7 13 9 8 12 8 7 9 6 7 6 8 6 7 8 6 8 4 7 7 11 8 7
split_gain=303.549 188.746 92.489 92.1189 47.7802 60.6897 45.5129 41.7226 40.1264 39.2238 36.9893 35.9153 33.1849 85.5225 37.5666 46.7192 55.7671 46.2628 52.2482 37.3698 32.7237 45.5156 31.244 30.0406 29.2183 33.3202 33.0465 29.0768 33.9352 38.6576
threshold=12.443729400634767 3.5499999523162846 1.0000000180025095e-35 2.072650790214539 -0.34717741608619684 -0.82409480214118946 -0.34918220341205591 -0.66248837113380421 0.12940952181816109 14.284999847412111 -0.13282711803913114 1.0000000180025095e-35 -0.97653719782829274 0.16894881427288058 7.1150000095367441 951.25000000000011 -0.85020262002944935 948.14999389648449 -0.22162339836359021 952.54998779296886 0.28604298830032354 0.88337317109107982 952.75000000000011 0.99805629253387462 1.450000047683716 0.99549904465675365 0.98666161298751842 7.2500000000000009 -0.59817537665367115 0.43028281629085546
decision_type=2 2 2 2 2 2 2 2 2 8 2 2 2 2 8 2 2 2 2 2 2 2 2 2 2 2 2 2 2 2
left_child=1 3 6 7 5 8 11 -1 -5 -4 -8 -2 13 -3 15 17 -17 18 -14 -15 -18 27 -7 -16 -6 26 -26 -22 29 -29
right_child=2 12 9 4 24 22 10 -9 -10 -11 -12 -13 14 19 23 16 20 -19 -20 -21 21 -23 -24 -25 25 -27 -28 28 -30 -31
leaf_value=-0.00013603097421409135 3.4050771339466658e-05 0.00015287753792951887 0.00047454031540357659 0.00025468051597906261 -8.2779195251957589e-05 0.00099785200880100639 0.00050348063903035147 -7.7847814810005222e-05 -0.0002372749242039939 0.00047150668459597367 7.5689263298339701e-05 -8.8614582981305648e-05 -0.00050890964958959055 0.0018571348267098784 0.00015674420532923533 0.0026469994293526035 -0.00032737374933568828 0.0010585618544048895 0.00035960216256661852 0.011419752115106797 -9.9046778804609981e-05 0.0028924827670406966 -0.0010107146795803421 0.0023247079732755861 -0.00023724717259519508 0.0012737228799869439 -0.00099666769967239567 -0.002339688450739934 -0.0029274565451286446 0.0033640240098837858
leaf_weight=540 283 2429 1136 761 2234 1708 215 1969 1413 561 951 275 3216 166 20737 213 2935 2567 2998 249 2953 422 142 463 5154 262 243 101 372 145
leaf_count=540 283 2429 1136 761 2234 1708 215 1969 1413 561 951 275 3216 166 20737 213 2935 2567 2998 249 2953 422 142 463 5154 262 243 101 372 145
internal_value=-0.000585458 -0.00149457 0.01385 -0.00639595 -0.0045588 -0.0001241 0.00566802 -0.0150955 -0.00578247 0.022121 0.0112724 -0.00603908 0.0002752 0.00547561 -0.000123899 -0.00195894 -0.00496082 0.000483724 -0.00184917 0.0263095 -0.00574066 -0.00278889 0.00652291 0.00125442 -0.00681818 -0.00489936 -0.00574787 -0.00462808 -0.0144462 0
internal_weight=57813 54392 3421 14426 11917 4024 1724 2509 2174 1697 1166 558 39966 2844 37122 15922 7141 8781 6214 415 6928 3993 1850 21200 7893 5659 5397 3571 618 246
internal_count=57813 54392 3421 14426 11917 4024 1724 2509 2174 1697 1166 558 39966 2844 37122 15922 7141 8781 6214 415 6928 3993 1850 21200 7893 5659 5397 3571 618 246
is_linear=0
shrinkage=0.05


Tree=97
num_leaves=31
num_cat=0
split_feature=3 5 0 12 8 9 6 8 9 15 15 13 8 6 9 13 6 8 10 12 10 12 12 8 6 15 3 0 10 5
split_gain=279.322 216.393 102.429 62.2298 55.9385 53.8193 40.892 40.2554 34.7916 34.7653 32.8291 40.4167 36.855 32.5555 30.4041 29.4914 30.9465 31.2653 35.4959 31.8551 29.4836 45.6405 45.4891 32.0625 28.1983 31.2703 27.8846 32.9075 27.5747 27.3529
threshold=12.443729400634767 1.985000014305115 1.0000000180025095e-35 -0.16504132002592084 -0.34918220341205591 14.284999847412111 951.45001220703136 0.83987808227539074 3.2350000143051152 65.500000000000014 34.500000000000007 -0.7865660786628722 1.0000000180025095e-35 963.64999389648449 14.704999923706056 0.78656607866287243 946.95001220703136 0.14153897762298587 -0.73724925518035878 0.44618082046508795 0.94828754663467418 -0.14780378341674802 0.55191597342491161 0.97745609283447277 940.64999389648449 81.500000000000014 10.154327392578127 1.0000000180025095e-35 0.9238443672657014 6.3849999904632577
decision_type=2 2 2 2 2 8 2 2 10 2 2 2 2 2 10 2 2 2 2 2 2 2 2 2 2 2 2 2 2 2
left_child=1 3 4 13 -2 28 -5 14 10 -9 -8 -12 -13 24 -6 20 17 18 -17 -19 -3 -22 23 26 -1 -26 -23 -28 -4 -18
right_child=2 15 5 6 7 -7 8 9 -10 -11 11 12 -14 -15 -16 16 29 19 -20 -21 21 22 -24 -25 25 -27 27 -29 -30 -31
leaf_value=-0.00052930407097756635 -2.4030587299017637e-05 -2.9322199491685353e-06 0.00052760007522945074 -7.8803050655272116e-05 0.00050100309988345142 0.00044793135036617638 -7.3362747385672278e-05 -7.4013201326869615e-05 -0.00010538333182040297 9.276988395953146e-05 0.00026425778872355961 -7.3603046438618189e-05 -7.1366028153221556e-05 -0.00012591188552383786 0.00056112424504047302 -0.0017639653395174011 -0.00036937684845829281 -0.0034169665888825031 0.00093600977554412633 0.0018368974140349403 -0.0010497444012061209 0.0021256033552596934 -0.00021164746094905313 -0.00053113478546823467 -4.8081524427730574e-05 -0.00014608451108469211 -0.00021586330052607294 0.00033093272490111736 0.00040979588137169401 0.00096565346373917458
leaf_weight=194 553 30609 875 1659 514 572 478 348 882 156 259 834 1032 316 159 615 6330 373 565 80 1025 1966 1171 384 4299 338 342 329 251 398
leaf_count=194 553 30609 875 1659 514 572 478 348 882 156 259 834 1032 316 159 615 6330 373 565 80 1025 1966 1171 384 4299 338 342 329 251 398
internal_value=-0.000695895 -0.00156746 0.0131372 -0.00809538 0.00455331 0.0218438 -0.0119829 0.0107022 -0.0150573 0 -0.017964 -0.0152347 -0.017798 -0.00420225 0.0186578 -4.63885e-05 -0.00271934 -0.00888278 -0.00455696 -0.0199782 0.000577712 0.00405017 0.00636169 0.00960013 -0.00317411 -0.00238044 0.0115632 0.00273669 0.0153846 -0.00121788
internal_weight=57906 54478 3428 10291 1730 1698 5144 1177 3485 504 2603 2125 1866 5147 673 44187 8361 1633 1180 453 35826 5217 4192 3021 4831 4637 2637 671 1126 6728
internal_count=57906 54478 3428 10291 1730 1698 5144 1177 3485 504 2603 2125 1866 5147 673 44187 8361 1633 1180 453 35826 5217 4192 3021 4831 4637 2637 671 1126 6728
is_linear=0
shrinkage=0.05


Tree=98
num_leaves=31
num_cat=0
split_feature=3 5 0 12 4 6 15 8 5 15 10 7 7 6 2 5 6 2 11 14 6 7 8 7 12 6 7 7 8 6
split_gain=270.122 210.148 91.9421 65.2167 39.8542 36.3852 35.0513 44.0437 45.3197 36.8396 34.4676 33.67 32.8501 30.72 30.4132 28.7592 26.8073 26.056 26.0242 23.1643 26.6844 23.1401 31.8122 37.0319 40.3782 31.3214 70.0179 57.3957 53.4633 61.8944
threshold=12.443729400634767 1.985000014305115 1.0000000180025095e-35 -0.16504132002592084 9.2550001144409197 951.45001220703136 34.500000000000007 1.0000000180025095e-35 1.0983333587646487 75.500000000000014 0.90255093574523937 -0.12216648086905478 0.8145371973514558 963.64999389648449 29.500000000000004 9.1349997520446795 939.64999389648449 18.500000000000004 3.1499999761581425 1.5249999761581423 960.45001220703136 -0.97789707779884327 0.090250775218009963 -0.98994910717010487 0.46173103153705602 947.64999389648449 -0.079425927251577363 -0.45724393427371973 -0.87309363484382618 952.75000000000011
decision_type=2 2 2 2 2 2 2 2 2 2 2 2 2 2 2 2 2 2 2 10 2 2 2 2 2 2 2 2 2 2
left_child=1 3 10 13 11 16 -7 8 -8 -9 -2 -4 -12 17 -10 21 -5 19 -18 20 -1 22 -3 -24 -25 26 -23 28 -27 -30
right_child=2 15 4 5 -6 6 7 9 14 -11 12 -13 -14 -15 -16 -17 18 -19 -20 -21 -22 25 23 24 -26 27 -28 -29 29 -31
leaf_value=-0.00019590093208104239 9.9484408072536562e-05 0.0001665846880538155 -5.9688701397625501e-05 -0.00018579723313052202 0.00042553478284786952 -6.9694610016388626e-05 -6.9922894116687236e-05 -6.8156571265261173e-05 -7.4294079796455228e-05 -6.7855459302406269e-05 -8.5465215706312386e-05 0.00044482400948036573 0.0002050465166942267 -0.00011961629124764597 0.00078320230374662896 0.001016373196841497 -0.00010301710403241866 -2.6570417179476275e-05 0.0001086441514880938 -0.00010637504533935783 0.00010472186670652827 -0.00075834329706832835 0.0058435849109850328 -0.0010176406639242628 0.0062823690846461645 0.004543987180368198 0.0038612158566984859 -6.2889375260991159e-05 0.0011622010437698283 -0.0005854891697051666
leaf_weight=354 1231 1735 218 96 566 631 273 976 693 576 298 886 180 315 357 120 844 3343 718 1080 88 7872 335 308 123 307 781 27324 4009 1215
leaf_count=354 1231 1735 218 96 566 631 273 976 693 576 298 886 180 315 357 120 844 3343 718 1080 88 7872 335 308 123 307 781 27324 4009 1215
internal_value=-0.000601483 -0.00145288 0.0131058 -0.00786549 0.0214328 -0.0118398 -0.0147251 -0.0123438 -0.00560994 -0.0180475 0.00492999 0.01578 -0.00641822 -0.00389585 -0.000853081 5.09811e-05 -0.00571257 -0.00290554 -0.00408424 -0.00831696 -0.0178971 -1.704e-05 0.00464884 0.0130999 0.00332569 -0.000298702 -0.00297413 0.000406269 0.00504877 0.00384395
internal_weight=57852 54473 3379 10344 1670 5164 3506 2875 1323 1552 1709 1104 478 5180 1050 44129 1658 4865 1562 1522 442 44009 2501 766 431 41508 8653 32855 5531 5224
internal_count=57852 54473 3379 10344 1670 5164 3506 2875 1323 1552 1709 1104 478 5180 1050 44129 1658 4865 1562 1522 442 44009 2501 766 431 41508 8653 32855 5531 5224
is_linear=0
shrinkage=0.05


Tree=99
num_leaves=31
num_cat=0
split_feature=3 11 0 3 8 7 8 15 13 7 15 3 3 2 12 7 7 6 6 3 11 10 7 7 12 10 13 7 7 13
split_gain=251.599 151.812 107.005 81.9833 55.0069 41.3073 32.5181 33.8328 32.161 34.0083 38.4762 31.9086 30.6842 30.57 42.4591 30.8145 30.0879 49.5628 41.2449 38.9571 29.2668 58.1118 46.6593 36.275 34.9444 63.9314 46.0205 33.5027 39.1239 28.7904
threshold=12.443729400634767 3.0499999523162846 1.0000000180025095e-35 2.072650790214539 -0.34918220341205591 -0.13070653378963468 0.83987808227539074 64.500000000000014 0.91597560048103344 -0.97789707779884327 27.500000000000004 13.345985889434816 5.4643654823303232 29.500000000000004 -0.95878320932388295 -0.39505837857723231 0.5499682128429414 946.95001220703136 943.35000610351574 9.1082220077514666 9.0500001907348651 -0.82409480214118946 0.28604298830032354 0.13496932387351993 0.30069434642791754 -0.78257837891578663 -0.91597560048103321 -0.87620967626571644 -0.84102764725685109 1.0000000180025095e-35
decision_type=2 2 2 2 2 2 2 2 2 2 2 2 2 2 2 2 2 2 2 2 2 2 2 2 2 2 2 2 2 2
left_child=1 3 4 -1 -2 -4 -6 -8 9 -3 20 -7 -10 14 -5 -15 17 18 -14 -18 24 23 -23 27 25 26 -11 -22 -29 -12
right_child=2 8 5 13 6 11 7 -9 12 10 29 -13 16 15 -16 -17 19 -19 -20 -21 21 22 -24 -25 -26 -27 -28 28 -30 -31
leaf_value=-7.0005948301178188e-05 -2.8200422646376679e-05 0.0011401735728225116 0.00042515025996200386 0.00083820187244087779 0.00048419605343568708 0.00040829333550865266 -7.1713402565698478e-05 7.9823827960245908e-05 -0.00036476314208539406 -0.0010866565600472706 0.00031372512951889956 0.00040425804370547436 0.002681997238665839 0.00092967569345645028 -0.00013182441124898509 -8.1896910183912753e-05 0.00020849696517489768 0.0014921995296328428 -0.0051291712853722086 -0.0058063615519108411 0.0010413277847158371 0.00096357671241650985 -0.0010293891865463922 0.0061549236823050524 -0.00022562882364877097 -0.0013774412626281814 0.00091638698430252245 -0.0097357629673283323 -0.0020078221881447119 -6.0548359235449144e-05
leaf_weight=2155 548 2261 412 375 665 515 339 162 1303 527 14894 768 188 773 5256 2025 572 1809 336 540 464 1736 261 81 3040 900 1754 128 1236 11821
leaf_count=2155 548 2261 412 375 665 515 339 162 1303 527 14894 768 188 773 5256 2025 572 1809 336 540 464 1736 261 81 3040 900 1754 128 1236 11821
internal_value=-0.000732943 -0.0015586 0.0124341 -0.00693172 0.00360675 0.0213235 0.00973527 9.88142e-05 -0.000261082 0.000210954 -0.000154694 0.0257376 -0.00414475 -0.00470121 -0.00682221 -0.000428113 -0.00166667 0.00156116 -0.0119093 -0.0084154 -0.00277833 0.000613654 0.00656843 -0.00561651 -0.00490684 -0.0012398 0.00321522 -0.0070922 -0.0110299 0.000840195
internal_weight=57844 54435 3409 10584 1714 1695 1166 501 43851 39103 36842 1283 4748 8429 5631 2798 3445 2333 524 1112 10127 3906 1997 1909 6221 3181 2281 1828 1364 26715
internal_count=57844 54435 3409 10584 1714 1695 1166 501 43851 39103 36842 1283 4748 8429 5631 2798 3445 2333 524 1112 10127 3906 1997 1909 6221 3181 2281 1828 1364 26715
is_linear=0
shrinkage=0.05


Tree=100
num_leaves=31
num_cat=0
split_feature=5 14 12 0 4 6 9 7 5 9 0 10 6 11 6 15 13 8 6 15 6 6 14 12 10 6 7 6 14 7
split_gain=244.204 130.943 63.0995 57.5368 60.9312 42.3573 41.0201 60.0563 38.4825 36.6762 31.3676 42.8232 29.4132 28.2215 30.74 25.6174 37.4563 29.9713 25.5222 63.5465 25.4114 24.6447 24.704 23.4786 23.4094 36.5596 37.78 38.7199 24.5572 22.9908
threshold=2.0049999952316289 12.644999980926515 -0.13052122294902799 1.0000000180025095e-35 8.1050000190734881 951.45001220703136 12.904999732971193 0.84335854649543773 5.8949999809265146 3.2350000143051152 1.0000000180025095e-35 0.93038213253021251 963.64999389648449 3.1499999761581425 941.25000000000011 34.500000000000007 -0.6035533845424651 1.0000000180025095e-35 951.95001220703136 69.500000000000014 954.14999389648449 940.45001220703136 4.9049999713897714 0.26722820103168493 0.94828754663467418 957.14999389648449 -0.66248837113380421 947.14999389648449 2.9050000905990605 0.98526033759117138
decision_type=2 10 2 2 2 2 10 2 2 10 2 2 2 2 2 2 2 2 2 2 2 2 10 2 2 2 2 2 10 2
left_child=2 6 12 18 -5 13 24 10 20 15 -8 -12 21 -4 -15 -7 23 -18 -3 -20 -9 -1 -23 -17 -2 26 27 28 -26 -27
right_child=1 3 5 4 -6 9 7 8 -10 -11 11 -13 -14 14 -16 16 17 -19 19 -21 -22 22 -24 -25 25 29 -28 -29 -30 -31
leaf_value=-0.00044177958204413858 -7.1581478338267424e-05 0.00043672385919436564 -9.9648610649800967e-05 0.0003889377786292281 0.00038786940290552188 -6.2709582100510275e-05 -9.3533798825190539e-05 -0.0078632271541210948 0.00058824156663172535 -9.7182027706423438e-05 -0.00010044870207907287 0.00036487594892866407 -0.00011003694382507087 -0.00020821002851704567 0.00025395652384510445 -0.00013290351911914323 -6.2782795215419755e-05 -6.1267692169126887e-05 -3.8648917429467966e-05 0.00015921293417839877 0.0024566332518850655 -6.7590055220423213e-05 0.0012726220584655216 0.00039738042443661337 0.0037116403149041587 0.00049401767838875286 -0.00027116326489764006 0.0025147762471871473 -0.00051101524939062011 -0.00074589063114742266
leaf_weight=178 36526 559 839 611 779 496 601 85 426 905 382 200 326 116 704 146 752 976 431 410 92 4574 384 244 195 1438 3100 514 870 81
leaf_count=178 36526 559 839 611 779 496 601 85 426 905 382 200 326 116 704 146 752 976 431 410 92 4574 384 244 195 1438 3100 514 870 81
internal_value=-0.000588489 0.000951274 -0.00743072 0.011449 0.018638 -0.0113834 0.000292036 0.00770519 0.020477 -0.0144864 0.00113636 0.00936968 -0.00367661 -0.00477764 0.00181818 -0.0174876 -0.0150259 -0.0181766 0.00427046 -0.00124113 0.000824176 -0.00274266 -0.00207536 -0.00101266 -1.87226e-05 0.00282122 0.000629804 0.00691288 0.0014486 0.00954724
internal_weight=57940 47300 10640 2790 1390 5178 44510 1786 603 3519 1183 582 5462 1659 820 2614 2118 1728 1400 841 177 5136 4958 390 42724 6198 4679 1579 1065 1519
internal_count=57940 47300 10640 2790 1390 5178 44510 1786 603 3519 1183 582 5462 1659 820 2614 2118 1728 1400 841 177 5136 4958 390 42724 6198 4679 1579 1065 1519
is_linear=0
shrinkage=0.05


Tree=101
num_leaves=31
num_cat=0
split_feature=3 3 0 4 7 7 8 9 13 15 7 8 8 8 8 10 8 8 13 10 9 7 7 7 8 8 14 7 15 7
split_gain=234.449 147.146 112.699 60.0828 52.5818 48.269 47.2879 41.0375 37.8444 34.9147 50.151 48.5559 42.2481 34.6188 32.8655 30.5112 30.1268 29.4313 33.9651 55.6972 46.3293 44.3688 58.0242 50.7835 40.0174 55.0287 39.1558 37.7423 75.9581 89.8764
threshold=12.443729400634767 2.1336435079574589 1.0000000180025095e-35 2.6049998998641972 -0.53914576768875111 0.2027285918593407 -0.33302289247512812 14.284999847412111 0.37940952181816107 37.500000000000007 0.98049062490463268 0.97745609283447277 0.9998425841331483 -0.13282711803913114 0.10738035291433336 1.0000000180025095e-35 -0.10296135023236273 0.99805629253387462 0.12940952181816109 0.78257837891578685 4.8350000381469735 0.51358211040496837 0.16894881427288058 0.2027285918593407 0.20931270718574527 0.27609442174434667 8.8150000572204608 -0.60945609211921681 60.500000000000007 -0.47246390581130976
decision_type=2 2 2 2 2 2 2 8 2 2 2 2 2 2 2 2 2 2 2 2 10 2 2 2 2 2 10 2 2 2
left_child=1 4 6 5 -1 8 -2 -4 -3 10 11 16 -13 -8 -7 -10 -5 18 19 24 -21 22 27 -24 -11 -26 -25 -20 29 -29
right_child=2 3 7 9 -6 14 13 -9 15 17 -12 12 -14 -15 -16 -17 -18 -19 21 20 -22 -23 23 26 25 -27 -28 28 -30 -31
leaf_value=-6.1523220353629224e-05 -2.8460461538615257e-05 0.00015584736186370526 0.0003668963875263165 -0.00030279478145742861 -5.9554856113297475e-05 -7.2081598771159367e-05 0.00052523205217187006 0.00036465167137492708 -0.00017064872728853937 0.00092080262131218342 -0.0032042840953649347 -0.0024916393352967369 0.0023721281338224781 5.2314381597784459e-05 -0.00013979898565166508 0.0002692948000508042 0.00040113390607713007 0.0030810359206275006 0.0010295648090120999 0.0048340700453153671 0.0011092682841982449 -0.00077352476182195897 0.015822935786549277 0.00099162227462084164 -0.0034771385414807533 -0.00060261905755113062 0.0038086048482636053 -0.0042358658639646751 -0.0048690319030138471 0.00096828172155510634
leaf_weight=1143 596 5017 1136 9539 2484 3436 175 576 2383 2203 89 864 98 947 2647 874 5470 453 1529 395 4561 4698 147 1282 130 2460 252 326 518 1330
leaf_count=1143 596 5017 1136 9539 2484 3436 175 576 2383 2203 89 864 98 947 2647 874 5470 453 1529 395 4561 4698 147 1282 130 2460 252 326 518 1330
internal_value=-0.000586881 -0.00138774 0.0120815 -0.00069124 -0.0111096 -0.00342919 0.00301799 0.0211415 -0.000942143 0.000390657 -0.00135076 -0.00113608 -0.0119959 0.00905058 -0.00680848 -0.00513489 -0.000436259 0.00176943 0.00147963 0.00358315 0.00729692 -0.00055517 0.00254222 0.0102313 -0.000260525 -0.00447013 0.00747238 -0.000957389 -0.00518587 6.02047e-05
internal_weight=57758 54328 3430 50701 3627 14357 1718 1712 8274 36344 16060 15971 962 1122 6083 3257 15009 20284 19831 9749 4956 10082 5384 1681 4793 2590 1534 3703 2174 1656
internal_count=57758 54328 3430 50701 3627 14357 1718 1712 8274 36344 16060 15971 962 1122 6083 3257 15009 20284 19831 9749 4956 10082 5384 1681 4793 2590 1534 3703 2174 1656
is_linear=0
shrinkage=0.05


Tree=102
num_leaves=31
num_cat=0
split_feature=3 5 0 12 9 6 2 8 8 9 10 15 9 10 10 5 13 7 10 6 5 7 6 15 15 7 7 7 13 11
split_gain=232.131 177.209 100.301 64.6569 45.0794 38.1159 36.2065 34.4376 41.4617 30.3005 29.4196 28.4412 27.1868 26.8208 26.4921 24.5387 23.2776 39.375 45.0905 32.8182 30.1308 49.8343 28.047 50.5219 27.5471 30.4435 30.0129 67.2843 30.4207 28.4787
threshold=12.443729400634767 1.985000014305115 1.0000000180025095e-35 -0.13052122294902799 14.284999847412111 951.35000610351574 27.500000000000004 -0.33302289247512812 0.83987808227539074 3.185000061988831 0.94260558485984813 64.500000000000014 14.465000152587892 0.9170251488685609 -0.99535831809043873 9.1349997520446795 0.78656607866287243 -0.97789707779884327 0.49240480363368994 947.04998779296886 4.9516665935516366 -0.26538825035095209 945.95001220703136 25.500000000000004 27.500000000000004 -0.96582093834877003 -0.86779624223709095 -0.84102764725685109 -0.37940952181816096 9.0500001907348651
decision_type=2 2 2 2 8 2 2 2 2 10 2 2 10 2 2 2 2 2 2 2 2 2 2 2 2 2 2 2 2 2
left_child=1 3 7 -1 10 14 -7 13 12 -8 -4 -10 -9 -2 -5 16 17 18 22 -18 -21 -22 -3 -24 26 -26 28 -28 -19 -29
right_child=2 15 4 5 -6 6 9 8 11 -11 -12 -13 -14 -15 -16 -17 19 24 -20 20 21 -23 23 -25 25 -27 27 29 -30 -31
leaf_value=-6.9921207858978954e-05 6.9486354465353453e-07 0.0013560504707600626 0.00037711996879780942 -0.00012922475296141034 0.0003464190878061824 -5.6631579802800952e-05 -5.4848473353117344e-05 0.00043480697012198701 -8.2303632532457213e-05 0.00015466700767916101 0.00031122782915269379 6.9982847588384578e-05 0.00051460726170139421 -5.3390672548203627e-05 -5.1111545599844511e-05 0.00092695272470726955 -0.0014808834921140241 -0.00030807280247479831 0.0034786773661491946 -0.00038673295134482246 0.0032119699048435177 -0.00033422506783698517 -0.0026522093192350264 0.00099607914941443089 -0.0037978360638162931 0.00015644391316270434 -0.0034019061460787816 -0.00045242930768862844 0.0020740564690244789 0.00013496557583456416
leaf_weight=5302 420 1283 962 276 567 2005 1014 479 330 398 177 158 163 167 1298 119 1699 1152 484 5165 549 1030 93 174 251 24026 293 4111 859 2916
leaf_count=5302 420 1283 962 276 567 2005 1014 479 330 398 177 158 163 167 1298 119 1699 1152 484 5165 549 1030 93 174 251 24026 293 4111 859 2916
internal_value=-0.000616314 -0.00141004 0.0120041 -0.00731695 0.0205728 -0.0113991 -0.0143629 0.00345528 0.00854626 -0.00818631 0.014729 -0.00243408 0.016847 -0.00633446 -0.00493984 -3.39297e-05 -9.63937e-05 0.000462872 0.00720942 -0.0024562 -0.000889021 0.0051452 0.00302251 -0.0115809 5.35507e-05 0.000941026 -0.00225471 -0.00374061 0.0031498 -0.00275171
internal_weight=57920 54497 3423 10293 1706 4991 3417 1717 1130 1412 1139 488 642 587 1574 44204 44085 35642 2034 8443 6744 1579 1550 267 33608 24277 9331 7320 2011 7027
internal_count=57920 54497 3423 10293 1706 4991 3417 1717 1130 1412 1139 488 642 587 1574 44204 44085 35642 2034 8443 6744 1579 1550 267 33608 24277 9331 7320 2011 7027
is_linear=0
shrinkage=0.05


Tree=103
num_leaves=31
num_cat=0
split_feature=3 11 0 3 9 6 9 7 10 15 11 15 6 7 9 8 8 7 6 9 6 6 8 7 8 8 11 14 10 9
split_gain=242.222 137.705 95.454 77.6367 45.5545 35.2475 32.9142 31.1699 48.7544 30.9292 38.4648 30.7882 39.8403 45.8553 46.857 36.5658 30.532 80.9296 34.3055 32.6968 36.9329 53.5113 52.1564 41.9383 40.1841 36.8097 31.6565 28.8276 28.3683 28.0559
threshold=12.443729400634767 3.5499999523162846 1.0000000180025095e-35 2.072650790214539 14.284999847412111 951.25000000000011 4.7950000762939462 -0.34717741608619684 -0.95368063449859608 67.500000000000014 11.949999809265138 37.500000000000007 960.64999389648449 0.30247184634208685 5.2850000858306894 -0.71989676356315602 -0.97653719782829274 0.15198152512311938 954.45001220703136 7.1150000095367441 951.25000000000011 948.14999389648449 -0.35321410000324244 -0.88436415791511525 -0.4591448307037353 -0.50432845950126637 4.5499999523162851 3.7749999761581425 0.90992662310600292 3.6750000715255742
decision_type=2 2 2 2 8 2 8 2 2 2 2 2 2 2 10 2 2 2 2 8 2 2 2 2 2 2 2 10 2 10
left_child=1 3 5 6 28 -2 -1 8 -5 10 -7 12 13 14 -9 -15 17 27 -19 20 21 22 24 -22 25 26 -18 -3 -4 -13
right_child=2 16 4 7 -6 9 -8 11 -10 -11 -12 29 -14 15 -16 -17 19 18 -20 -21 23 -23 -24 -25 -26 -27 -28 -29 -30 -31
leaf_value=-5.5391882711899925e-05 0.00051120471666811777 0.00086250918684078407 0.00041430283210006639 -0.00014528129698491928 0.0003290981334158727 0.00015496641098713959 -6.5308667809515009e-05 -7.0392671006993309e-05 0.0005024265439192698 7.8380204886080451e-05 -5.7794678523953592e-05 -5.5611958813718207e-05 -0.00055419572719060954 0.0035326764705808471 -0.0026738311817371442 -0.00013960024437138807 0.00042353284122663464 0.0038669428834108826 0.010095457797268233 0.00016213242925640638 0.0070610055252170378 0.00102664357184191 0.00018335417027618429 -0.00020223827218250024 -0.0013228077486053596 0.0026086285703779168 -0.0011395832311180639 -0.00020032789228304127 0.00029199759747146337 -0.00011819886266994863
leaf_weight=2442 439 359 839 1468 577 307 117 549 2605 489 492 2581 157 149 418 308 509 326 175 21214 95 2588 3655 7007 548 211 1329 2018 296 3700
leaf_count=2442 439 359 839 1468 577 307 117 549 2605 489 492 2581 157 149 418 308 509 326 175 21214 95 2588 3655 7007 548 211 1329 2018 296 3700
internal_value=-0.000592527 -0.00140465 0.0122677 -0.0055797 0.0206174 0.00395497 -0.013475 -0.00388191 -0.000331045 -0.000232019 -0.00628109 -0.0057201 -0.0119483 -0.00923723 -0.0153807 0.00378788 0.000107395 0.00506417 0.0232213 -0.000277172 -0.00198783 0.000169587 -0.00233339 -0.00467145 -0.00774404 -0.00450341 -0.00678242 0.00119647 0.014693 -0.00414413
internal_weight=57967 54528 3439 14494 1712 1727 2559 11935 4073 1288 799 7862 1581 1424 967 457 40034 2878 501 37156 15942 8840 6252 7102 2597 2049 1838 2377 1135 6281
internal_count=57967 54528 3439 14494 1712 1727 2559 11935 4073 1288 799 7862 1581 1424 967 457 40034 2878 501 37156 15942 8840 6252 7102 2597 2049 1838 2377 1135 6281
is_linear=0
shrinkage=0.05


Tree=104
num_leaves=31
num_cat=0
split_feature=3 5 1 12 6 9 9 8 8 15 13 8 10 15 5 10 5 2 15 6 15 6 12 11 6 10 12 8 3 3
split_gain=221.31 153.054 83.0323 54.1882 43.4428 43.3529 42.4453 30.4249 36.3898 30.3794 29.9844 36.0045 28.5258 28.0065 26.8233 26.5558 25.2177 23.1533 22.7603 22.6005 22.1548 21.8047 21.1593 20.858 20.8218 20.6256 25.5334 24.3472 35.5574 22.6394
threshold=12.443729400634767 1.985000014305115 1.0000000180025095e-35 -0.13052122294902799 951.45001220703136 3.185000061988831 14.284999847412111 -0.33302289247512812 0.7795298993587495 34.500000000000007 -0.7865660786628722 1.0000000180025095e-35 0.90255093574523937 64.500000000000014 0.94833332300186168 0.93663650751113903 9.1349997520446795 27.500000000000004 97.500000000000014 950.75000000000011 82.500000000000014 940.64999389648449 0.26722820103168493 3.1499999761581425 963.64999389648449 -0.85260769724845875 -0.98897820711135853 -0.98633936047554005 3.0862092971801762 4.5608949661254892
decision_type=2 2 2 2 2 10 8 2 2 2 2 2 2 2 2 2 2 2 2 2 2 2 2 2 2 2 2 2 2 2
left_child=1 3 6 20 23 9 15 12 -9 -6 22 14 -4 19 -12 -2 18 -7 -3 -10 21 -1 -11 -5 25 26 -23 28 -28 -29
right_child=2 16 7 4 5 17 -8 8 13 10 11 -13 -14 -15 -16 -17 -18 -19 -20 -21 -22 24 -24 -25 -26 -27 27 29 -30 -31
leaf_value=-0.00040817579492379648 0.00036663325670610039 -2.2411805787319467e-05 3.549854293616317e-06 -7.9623464333389643e-05 -5.0995187064084833e-05 -0.00011063690229004986 0.00031264322674507962 0.00049889182303722583 0.00025204853047379184 -0.00010379919629642443 -5.1208396303622976e-05 -4.9606144747082944e-05 -6.0609810162420842e-05 8.1483548340674508e-05 -4.9443681112490336e-05 0.00027439278119870125 0.0008537691772599193 0.00021572684126801075 0.0060617330669307419 -8.6516072387463072e-05 -0.00013831132698744917 0.0032648130716257787 0.00076783671680261286 2.8120598651054437e-05 -9.1333871806590855e-05 0.00012237118470781599 -5.4053583338782232e-05 -0.00013285414527436679 0.0032596191241645606 0.0053937903053894384
leaf_weight=202 935 43960 381 832 469 482 555 574 139 106 133 995 206 178 655 201 120 398 93 242 322 116 138 768 300 2200 111 1910 84 103
leaf_count=202 935 43960 381 832 469 482 555 574 139 106 133 995 206 178 655 201 120 398 93 242 322 116 138 768 300 2200 111 1910 84 103
internal_value=-0.000533559 -0.00130729 0.0118121 -0.00678672 -0.0105401 -0.0137533 0.0196639 0.00405797 0.00883128 -0.0171132 -0.0143947 -0.0166387 -0.00515203 -0.000265957 -0.00857503 0.0140228 -2.60311e-05 -0.00418079 -8.96545e-05 -0.00790155 -0.00328788 -0.00246472 0.00200803 -0.00373832 -0.00178091 -0.000927357 -0.00420781 -0.0054225 0.01125 -0.00706145
internal_weight=57908 54497 3411 10324 4976 3376 1691 1720 1133 2496 2027 1783 587 559 788 1136 44173 880 44053 381 5348 5026 244 1600 4824 4524 2324 2208 195 2013
internal_count=57908 54497 3411 10324 4976 3376 1691 1720 1133 2496 2027 1783 587 559 788 1136 44173 880 44053 381 5348 5026 244 1600 4824 4524 2324 2208 195 2013
is_linear=0
shrinkage=0.05


Tree=105
num_leaves=31
num_cat=0
split_feature=3 5 0 12 9 10 13 7 7 15 8 15 10 7 15 10 12 3 3 11 8 10 5 11 3 12 8 2 12 15
split_gain=214.057 147.404 82.3748 61.1572 49.4088 32.4208 29.5591 41.6455 30.3712 54.7204 30.0134 33.2559 27.3618 21.4828 20.3954 29.462 26.8423 28.8946 23.5978 19.6311 19.3081 19.0268 18.9787 18.9575 18.6918 32.2525 23.6189 18.5926 21.8464 18.5667
threshold=12.443729400634767 1.985000014305115 1.0000000180025095e-35 -0.13052122294902799 14.284999847412111 0.9238443672657014 -0.91597560048103321 0.066572044044733061 0.86133140325546276 50.500000000000007 -0.61794704198837269 56.500000000000007 0.9238443672657014 -0.24042633175849912 81.500000000000014 -0.95368063449859608 -0.78257837891578663 2.5539633035659794 2.072650790214539 2.8500000238418584 -0.31676515936851496 -0.0087262028828264497 9.1349997520446795 3.7500000000000004 3.0527968406677251 -0.52247866988182057 -0.84680011868476857 30.500000000000004 0.8038262426853181 97.500000000000014
decision_type=2 2 2 2 8 2 2 2 2 2 2 2 2 2 2 2 2 2 2 2 2 2 2 2 2 2 2 2 2 2
left_child=1 3 12 14 5 -4 -5 21 10 -10 11 27 -2 -6 15 24 -16 -18 19 -17 -14 -8 29 -12 -1 26 -26 28 -9 -3
right_child=2 22 4 6 13 -7 7 8 9 -11 23 -13 20 -15 16 18 17 -19 -20 -21 -22 -23 -24 -25 25 -27 -28 -29 -30 -31
leaf_value=-9.5763835059092903e-05 7.2258248012369022e-05 -2.7304520400395216e-05 0.00035392797638285627 0.00012007224409728854 0.00031685867085152753 0.00026225356770193667 -5.5052367240979523e-05 -8.2441003412980435e-05 0.0014926484643062714 -4.5626985353432359e-05 -6.9925314480492285e-05 0.00031670020121404559 -4.5015712731633073e-05 0.0002970110654078262 -0.0003169434744131311 -9.5988764146747076e-05 0.00011002810574647307 -0.00015661899110233591 0.00018853692148179278 0.00022664374731016032 1.3575810624594232e-05 -3.7879274434248975e-06 0.00069653857407565585 -3.4044025869001732e-05 0.0065376254341278292 -0.00031920137283826013 2.3470643712628083e-05 -4.0652600448057387e-05 -3.9118940793387869e-05 0.0057586464135842043
leaf_weight=816 1360 43906 882 457 80 250 1103 362 118 778 776 216 149 476 198 679 87 98 2460 276 218 761 118 148 85 289 349 193 92 87
leaf_count=816 1360 43906 882 457 80 250 1103 362 118 778 776 216 149 476 198 679 87 98 2460 276 218 761 118 148 85 289 349 193 92 87
internal_value=-0.000598735 -0.00136071 0.0115351 -0.00673207 0.0193739 0.0132806 -0.0107007 -0.0119178 -0.015904 -0.00832408 -0.0196708 -0.0128456 0.00383949 0.0315508 -0.00300449 -0.00213753 -0.0140464 -0.000263158 0.000453216 -0.00619792 -0.00819892 -0.00615302 -0.00010087 -0.0259419 -0.00786917 -0.00199176 0.00660592 -0.0184816 -0.0239651 -0.000155689
internal_weight=57867 54452 3415 10341 1688 1132 5004 4547 2683 896 1787 863 1727 556 5337 4954 383 185 3415 955 367 1864 44111 924 1539 723 434 647 454 43993
internal_count=57867 54452 3415 10341 1688 1132 5004 4547 2683 896 1787 863 1727 556 5337 4954 383 185 3415 955 367 1864 44111 924 1539 723 434 647 454 43993
is_linear=0
shrinkage=0.05


Tree=106
num_leaves=31
num_cat=0
split_feature=3 3 0 4 7 7 7 8 4 13 10 7 7 8 6 8 7 8 12 15 12 7 8 12 15 10 6 7 10 8
split_gain=197.598 121.916 95.8905 46.7324 48.9495 45.9798 45.4404 42.2817 41.0873 33.6369 39.4351 34.5268 32.3537 31.1629 27.3461 56.6167 66.3984 53.6197 51.7034 35.4347 37.3734 34.0739 53.0908 76.7155 39.3159 34.3619 32.8667 48.4023 41.3338 32.7141
threshold=12.443729400634767 2.072650790214539 1.0000000180025095e-35 2.1350001096725468 0.2027285918593407 -0.53914576768875111 -0.29014293849468226 -0.33302289247512812 8.7349996566772479 0.37940952181816107 -0.8338540494441985 -0.98450490832328785 0.26952958106994634 0.86674088239669811 958.95001220703136 0.88933694362640392 0.33505657315254217 0.84908413887023937 0.30069434642791754 81.500000000000014 -0.16504132002592084 0.68472337722778331 -0.69561269879341114 0.21643137186765674 81.500000000000014 -0.38266885280609125 963.14999389648449 0.58534687757492077 -0.92384436726570118 -0.14153897762298581
decision_type=2 2 2 2 2 2 2 2 2 2 2 2 2 2 2 2 2 2 2 2 2 2 2 2 2 2 2 2 2 2
left_child=1 5 7 4 9 -1 -4 -2 -8 -3 -11 -12 -6 -9 19 17 -17 21 -18 -5 -21 25 23 -23 29 26 -16 -28 -29 -24
right_child=2 3 6 14 12 -7 8 13 -10 10 11 -13 -14 -15 15 16 18 -19 -20 20 -22 22 24 -25 -26 -27 27 28 -30 -31
leaf_value=-5.1120732157340904e-05 -2.397320262330638e-05 0.00016579543702612833 7.4834632559361847e-06 -5.628544425000694e-05 -0.0011300507309287458 -4.5564933267598469e-05 0.00029562025438381324 0.00044311795595616268 0.00028216051213743597 -0.00014710104888138284 -0.0011282478668597003 0.00058941704586239999 -7.551055351972978e-05 -1.3527411851804728e-05 0.00082024690790771099 0.00043400535020535864 0.0085895988455014557 -0.0020031776464229617 -0.00039692241507907069 -0.0025242192694245923 0.00069094457949586685 0.0024577725022823685 0.00041053214174562318 -0.0052499282839814504 0.0014828977897465624 0.0017694177698095337 -0.0013574518262276626 0.001488490733194505 -0.004536384345595521 -0.00062771625310352745
leaf_weight=1053 584 3741 260 29340 152 2365 748 641 713 1770 103 732 4478 489 761 614 237 199 89 942 454 98 1855 196 1085 1523 138 196 88 2232
leaf_count=1053 584 3741 260 29340 152 2365 748 641 713 1770 103 732 4478 489 761 614 237 199 89 942 454 98 1855 196 1085 1523 138 196 88 2232
internal_value=-0.000677252 -0.00141149 0.0109448 -0.000798581 -0.00368819 -0.0105463 0.0192642 0.00255963 0.0226808 -0.000834514 -0.00519157 0.00375 -0.00759439 0.00819383 -6.24189e-06 0.0023669 0.0139683 0.00105659 0.0320242 -0.000725416 -0.00849393 0.00168766 -0.000584902 -0.0210702 0.000598802 0.00627075 -0.000126263 -0.0112412 0.000692042 -0.00164956
internal_weight=57876 54441 3435 51023 10976 3418 1721 1714 1461 6346 2605 835 4630 1130 40047 9311 940 8371 326 30736 1396 8172 5466 294 5172 2706 1183 422 284 4087
internal_count=57876 54441 3435 51023 10976 3418 1721 1714 1461 6346 2605 835 4630 1130 40047 9311 940 8371 326 30736 1396 8172 5466 294 5172 2706 1183 422 284 4087
is_linear=0
shrinkage=0.05


Tree=107
num_leaves=31
num_cat=0
split_feature=5 3 1 12 8 9 2 8 7 4 15 10 9 14 8 14 7 11 4 4 7 7 14 15 7 7 12 10 7 15
split_gain=209.104 145.165 107.94 42.6913 34.779 33.4365 30.5391 27.0983 26.5331 24.2337 21.8861 27.6565 21.8856 20.3078 20.7356 20.0649 19.7222 19.5444 20.8612 19.4684 25.3613 35.2387 28.3138 48.6274 31.2159 43.2623 54.8671 45.9131 30.3164 28.7255
threshold=1.985000014305115 13.15769672393799 1.0000000180025095e-35 -0.13052122294902799 -0.40097093582153315 13.404999732971193 27.500000000000004 0.98704001307487499 0.58534687757492077 1.9650000333786013 80.500000000000014 -0.95368063449859608 5.2850000858306894 1.685000002384186 -0.64460769295692433 2.3649998903274541 -0.29014293849468226 2.8500000238418584 2.1049998998641972 6.2049999237060556 0.88234141469001781 0.86133140325546276 7.1549999713897714 69.500000000000014 0.99372953176498424 0.98666161298751842 0.49240480363368994 -0.87878364324569691 0.98217421770095836 79.500000000000014
decision_type=2 2 2 2 2 8 2 2 2 2 2 2 10 10 2 10 2 2 2 2 2 2 10 2 2 2 2 2 2 2
left_child=3 19 5 10 8 -3 9 -6 -4 -5 11 13 17 -1 -15 -12 -7 -13 -19 20 21 -2 24 -24 25 27 -27 -22 -29 -25
right_child=1 2 4 6 7 16 -8 -9 -10 -11 15 12 -14 14 -16 -17 -18 18 -20 -21 22 -23 23 29 -26 26 -28 28 -30 -31
leaf_value=-9.9430424752219347e-05 2.2023448839058288e-06 0.00024581816697016867 -2.9283767585291944e-06 -4.4628403466550392e-05 0.00014384354148616051 0.00059494587033715742 -3.5767034203982621e-05 -6.4808401011029471e-05 -5.132846374859002e-05 -4.0855485867443562e-05 -4.3568813158154784e-05 -8.357646815878271e-05 0.0019742096324779526 0.00029100001044434913 -0.00021520638982894128 -0.00050600650283278217 0.00026805248653056227 0.00037733238859738157 -0.00076552594051885667 0.00017240623065038486 -0.0013026723883165006 0.0022967631525076747 -0.0040413453896648785 0.0028141158849299963 0.00059646819049652237 -0.0001208646416135599 -0.0026107342418967752 6.8903795570092813e-06 0.0042995147944835596 -0.0024470001119567689
leaf_weight=447 28370 343 212 2442 706 96 2045 152 82 545 244 1745 211 355 716 192 698 1316 108 11501 374 424 579 368 923 218 194 1830 131 559
leaf_count=447 28370 343 212 2442 706 96 2045 152 82 545 244 1745 211 355 716 192 698 1316 108 11501 374 424 579 368 923 218 194 1830 131 559
internal_value=-0.000526397 0.000870931 0.013143 -0.00696172 0.00233362 0.0240368 -0.010264 0.00741599 -0.0123746 -0.013486 -0.00383967 -0.00287579 -0.000354505 -0.00847012 -0.00469331 -0.0145125 0.0296621 -0.00140202 0.00293912 0.000251781 -0.000350258 0.000229175 -0.00357074 -0.00933157 -0.00119728 -0.00386991 -0.018705 -0.00121795 0.00185656 -0.00219957
internal_weight=58126 47760 2289 10366 1152 1137 5032 858 294 2987 5334 4898 3380 1518 1071 436 794 3169 1424 45471 33970 28794 5176 1506 3670 2747 412 2335 1961 927
internal_count=58126 47760 2289 10366 1152 1137 5032 858 294 2987 5334 4898 3380 1518 1071 436 794 3169 1424 45471 33970 28794 5176 1506 3670 2747 412 2335 1961 927
is_linear=0
shrinkage=0.05


Tree=108
num_leaves=31
num_cat=0
split_feature=3 5 0 9 12 7 3 10 8 7 15 13 12 9 7 10 14 15 9 15 8 11 8 10 8 7 7 7 7 15
split_gain=203.176 130.846 89.2376 58.5932 49.5428 33.8593 38.5955 33.7377 24.0981 30.4943 29.2747 27.6735 27.1039 23.6494 22.9134 23.4854 21.6852 23.6613 22.81 20.6274 19.53 18.7522 18.419 30.4658 23.217 52.1423 40.6655 39.299 25.6726 24.9718
threshold=12.443729400634767 1.985000014305115 1.0000000180025095e-35 14.284999847412111 -0.13052122294902799 0.066572044044733061 2.072650790214539 0.9170251488685609 0.090250775218009963 0.86133140325546276 57.500000000000007 0.12940952181816109 0.50751903653144848 4.3650000095367441 0.98372149467468273 -0.96359375119209278 1.575000047683716 82.500000000000014 2.6350001096725468 47.500000000000007 -0.25501221418380732 3.3500000238418584 0.9998425841331483 0.88697704672813427 0.97653719782829296 -0.13920918852090833 -0.11364490166306494 -0.1985165476799011 0.2027285918593407 85.500000000000014
decision_type=2 2 2 8 2 2 2 2 2 2 2 2 2 10 2 2 10 2 10 2 2 2 2 2 2 2 2 2 2 2
left_child=1 4 7 14 16 19 21 -2 9 10 11 13 -11 -8 15 -4 -1 -18 -19 -6 -9 -7 24 -24 -3 27 -27 -26 29 -28
right_child=2 22 3 -5 5 6 8 20 -10 12 -12 -13 -14 -15 -16 -17 17 18 -20 -21 -22 -23 23 -25 25 26 28 -29 -30 -31
leaf_value=-7.1663379736578142e-05 7.477923915945317e-05 1.5498182223620816e-05 0.00027510904979721751 0.00025464986220403166 -4.633327537614633e-05 -4.0180480952486772e-05 -0.00017700464553630285 -5.6593702514567967e-05 -6.9680200610218809e-05 0.0008423503863400838 0.00091635596814510292 -0.00014085563093522879 -3.8943139451561331e-05 0.0014883661945290611 -0.00050792411204292896 0.00026614487268032672 5.1135847914517142e-06 0.00037541311115452808 -0.00054810545054040567 0.00029080824571947172 2.939588788303249e-06 -1.1618622000753379e-05 -0.0015457709073367031 0.0043793319842799217 0.00098215285037097722 0.0020360409320596988 -1.6688969097311547e-05 -0.0032791381324936025 -0.0039260580056314177 -0.0027609655344139985
leaf_weight=1580 1312 41213 409 561 1583 689 229 169 966 253 159 292 144 84 106 618 3477 83 157 439 223 143 84 175 141 195 1807 383 162 136
leaf_count=1580 1312 41213 409 561 1583 689 229 169 966 253 159 292 144 84 106 618 3477 83 157 439 223 143 84 175 141 195 1807 383 162 136
internal_value=-0.000539869 -0.00127888 0.0113135 0.0194232 -0.00636001 -0.00993783 -0.0133435 0.00321826 -0.00973265 -0.00484563 -0.0106632 -0.0156557 0.00634328 -0.00518868 0.0127856 0.0150678 -0.00298944 -0.000900054 -0.0159184 -0.0049334 -0.00957179 -0.0224612 -9.93206e-05 0.0130682 -0.000178239 -0.00455992 -0.00130152 -0.0187146 -0.00334123 -0.00171971
internal_weight=57972 54574 3398 1694 10278 4981 2959 1704 2127 1161 764 605 397 313 1133 1027 5297 3717 240 2022 392 832 44296 259 44037 2824 2300 524 2105 1943
internal_count=57972 54574 3398 1694 10278 4981 2959 1704 2127 1161 764 605 397 313 1133 1027 5297 3717 240 2022 392 832 44296 259 44037 2824 2300 524 2105 1943
is_linear=0
shrinkage=0.05


Tree=109
num_leaves=31
num_cat=0
split_feature=3 5 0 9 3 8 8 7 8 3 9 6 9 8 15 8 14 10 15 6 8 7 5 15 6 2 7 6 7 13
split_gain=190.176 131.828 95.7188 54.0488 50.973 38.3707 26.9336 31.6937 31.621 28.3258 26.3101 25.791 25.6763 22.2113 25.2225 24.9573 23.6526 21.9827 21.7084 20.9695 20.8819 19.5035 19.3803 19.3516 17.9276 17.5489 18.5585 17.5726 17.3007 39.0399
threshold=12.443729400634767 1.985000014305115 1.0000000180025095e-35 14.284999847412111 1.7241498827934267 -0.55176848173141468 1.0000000180025095e-35 0.98805528879165661 0.021515898406505588 4.140871763229371 3.2350000143051152 949.64999389648449 12.904999732971193 0.7795298993587495 64.500000000000014 0.37371625006198889 10.994999885559084 0.94260558485984813 83.500000000000014 951.95001220703136 -0.13282711803913114 -0.23208956420421598 9.1349997520446795 97.500000000000014 950.75000000000011 15.500000000000002 -0.7360914647579192 946.85000610351574 -0.97789707779884327 0.91597560048103344
decision_type=2 2 2 8 2 2 2 2 2 2 10 2 10 2 2 2 10 2 2 2 2 2 2 2 2 2 2 2 2 2
left_child=1 4 5 17 11 12 7 -6 -8 10 25 -1 -2 15 24 16 -7 -4 -12 -18 -21 -5 23 28 -15 -10 27 -27 29 -3
right_child=2 22 3 21 6 13 8 -9 9 -11 18 -13 -14 14 -16 -17 19 -19 -20 20 -22 -23 -24 -25 -26 26 -28 -29 -30 -31
leaf_value=-7.285069849531753e-05 4.3288704332378197e-05 0.0013035854388941421 0.00028725247235565908 0.00026077259426534607 -3.5253565382967199e-05 0.00060636694124989183 -0.00010961452921439 0.00053795925256059057 -5.6119923508624224e-05 -0.0006492693913833571 0.00012074042711284501 -3.848933292296764e-05 -3.6170158650733475e-05 0.00020131802026118197 7.7771438517443289e-05 0.00058538505491637083 0.00063301433861280847 0.00021341634680903667 -0.00040727809894132493 4.0425297371671226e-05 -0.0020419179797164233 0.00024191736909383034 0.00079851633309985519 0.0053839492416730104 -8.2144738542713766e-05 -0.00033646368240552657 -4.6272285908616816e-05 0.0015106010152974268 -6.4266060742980413e-05 -0.0018332660744767874
leaf_weight=618 169 2199 964 80 4539 127 113 225 639 371 817 1351 309 131 183 184 95 180 102 161 122 487 116 88 244 165 1231 154 41450 284
leaf_count=618 169 2199 964 80 4539 127 113 225 639 371 817 1351 309 131 183 184 95 180 102 161 122 487 116 88 244 165 1231 154 41450 284
internal_value=-0.000618275 -0.00133843 0.0107817 0.0191434 -0.00642304 0.00245665 -0.00471235 -0.00224366 -0.00797887 -0.0071039 -0.00552522 -0.0136525 -0.00952381 0.00706869 -0.00035524 0.0130403 0.00715686 0.0127937 0.00156926 0.00078329 -0.00607639 0.0317308 -0.000148385 -0.000203289 -0.00776316 -0.00850046 -0.00559486 0.00509259 -0.000251491 0.00379823
internal_weight=57898 54462 3436 1711 10325 1725 8356 4764 3592 3479 3108 1969 478 1247 558 689 505 1144 919 378 283 567 44137 44021 375 2189 1550 319 43933 2483
internal_count=57898 54462 3436 1711 10325 1725 8356 4764 3592 3479 3108 1969 478 1247 558 689 505 1144 919 378 283 567 44137 44021 375 2189 1550 319 43933 2483
is_linear=0
shrinkage=0.05


Tree=110
num_leaves=31
num_cat=0
split_feature=3 5 0 9 3 6 6 8 5 15 12 12 9 6 15 8 8 8 12 13 8 10 9 8 5 13 11 6 6 12
split_gain=158.534 124.711 94.0805 55.3989 52.8427 37.8186 26.58 23.8755 29.7809 29.8915 23.2239 27.6834 20.3455 19.941 19.6068 19.0738 36.6453 28.7715 18.8954 18.863 18.754 16.135 15.7848 29.0474 30.6077 26.9218 25.566 22.845 37.9671 24.7419
threshold=12.443729400634767 1.985000014305115 1.0000000180025095e-35 14.284999847412111 1.7241498827934267 950.35000610351574 949.64999389648449 -0.33302289247512812 7.9249999523162851 70.500000000000014 -0.13052122294902799 0.7933231294155122 13.204999923706056 966.54998779296886 97.500000000000014 1.0000000180025095e-35 -0.50804302096366871 -0.68316051363944996 -0.30069434642791742 0.78656607866287243 0.82072415947914135 0.94260558485984813 7.1549999713897714 0.99805629253387462 2.7383333444595341 -0.6035533845424651 11.250000000000002 943.54998779296886 947.25000000000011 0.095842104405164733
decision_type=2 2 2 8 2 2 2 2 2 2 2 2 10 2 2 2 2 2 2 2 2 2 8 2 2 2 2 2 2 2
left_child=1 4 5 21 6 -2 -1 12 -9 20 -6 13 -7 15 22 16 17 19 -11 -12 -10 -4 -3 24 25 -24 -25 29 -29 -26
right_child=2 14 3 -5 10 7 -8 8 9 18 11 -13 -14 -15 -16 -17 -18 -19 -20 -21 -22 -23 23 26 27 -27 -28 28 -30 -31
leaf_value=-5.9226406522269737e-05 0.00053267052806292852 -0.00010719471982248708 0.00026792958147537352 0.00022982150063913798 -3.9522562405917537e-05 1.9498553370034256e-05 -3.7112152296024573e-05 0.00035548342382806523 0.00015211503908292291 -9.7595680397932768e-05 -0.00011025027489531569 9.406781415133674e-05 -3.1637663698558252e-05 0.00031667550880316316 0.005125018881545932 -6.6842113503493437e-05 0.00027225926849516226 -0.00010845102675302167 0.00016971370621472195 6.2652881164904697e-05 -9.4651478189572424e-05 0.00020274552946858426 0.0017481733133198349 0.0037824318102787748 0.00019967212830385717 -0.00099321806336435535 -0.00052672112346786035 -0.0016458486757919668 0.00019560606928526738 0.0033967718125098635
leaf_weight=611 372 19016 964 570 4524 197 1332 284 88 90 616 511 307 86 89 1471 495 268 162 335 201 177 234 374 792 890 101 2595 19228 733
leaf_count=611 372 19016 964 570 4524 197 1332 284 88 90 616 511 307 86 89 1471 495 268 162 335 201 177 234 374 792 890 101 2595 19228 733
internal_value=-0.000437472 -0.00109472 0.0100088 0.0182692 -0.00606105 0.00167057 -0.0134754 -0.00228636 0.00295181 -0.00393773 -0.00431958 -0.00720887 -0.0108055 -0.00889805 6.12842e-05 -0.00954545 -0.00593368 -0.0105801 0.00856031 -0.00643305 -0.0147959 0.0118237 1.25091e-05 0.000839612 0.000600564 -0.00744021 0.0130208 0.000989166 0.00057495 0.00689542
internal_weight=57713 54301 3412 1711 10249 1701 1943 1329 825 541 8306 3782 504 3271 44052 3185 1714 1219 252 951 289 1141 43963 24947 24472 1124 475 23348 21823 1525
internal_count=57713 54301 3412 1711 10249 1701 1943 1329 825 541 8306 3782 504 3271 44052 3185 1714 1219 252 951 289 1141 43963 24947 24472 1124 475 23348 21823 1525
is_linear=0
shrinkage=0.05


Tree=111
num_leaves=31
num_cat=0
split_feature=3 3 0 11 9 7 6 7 7 6 10 8 2 8 8 7 10 11 7 13 6 8 15 2 6 2 12 8 15 9
split_gain=161.479 110.595 76.5617 54.3245 47.9478 35.3019 29.737 27.524 47.3641 33.7348 35.6165 27.0755 26.1535 31.3549 73.353 53.821 28.6107 80.9857 75.3864 78.3407 49.3918 47.8374 42.0961 38.1017 38.0643 37.4761 36.709 47.1921 54.693 48.3803
threshold=12.443729400634767 1.7241498827934267 1.0000000180025095e-35 3.5499999523162846 14.284999847412111 -0.77000474929809559 950.95001220703136 -0.34717741608619684 -0.45724393427371973 952.75000000000011 -0.81408452987670887 -0.99960738420486439 2.5000000000000004 -0.97653719782829274 -0.99351876974105824 -0.045113071799278252 0.28400452435016638 6.3500001430511483 -0.66248837113380421 -0.37940952181816096 947.14999389648449 -0.93779578804969776 28.500000000000004 12.500000000000002 966.95001220703136 5.5000000000000009 -0.095842104405164705 -0.62132811546325672 58.500000000000007 7.4949998855590829
decision_type=2 2 2 2 8 2 2 2 2 2 2 2 2 2 2 2 2 2 2 2 2 2 2 2 2 2 2 2 2 10
left_child=1 5 6 7 -4 -1 -2 8 9 10 -3 -9 -5 14 15 -14 26 21 20 24 -19 -18 -23 25 -20 -24 27 28 -15 -29
right_child=2 3 4 12 -6 -7 -8 11 -10 -11 -12 -13 13 16 -16 -17 17 18 19 -21 -22 22 23 -25 -26 -27 -28 29 -30 -31
leaf_value=1.0515639579584523e-05 0.0004085498064363924 -0.00011768627105769761 0.00022232957110731035 0.0015252544399561273 0.00021833042560718275 -3.5716510642563351e-05 -6.2117352015944599e-06 0.0027227637402963151 0.0017047907831106879 -0.00087337914501632715 0.00051451312395537317 -6.9088190617099158e-05 -0.0015956282454081046 0.0019942164923412802 0.0024163785313864872 0.00022632737923148835 -0.0019385539792088008 0.0017434283675518414 0.0014072026010756413 -0.0002613497929414038 0.0057098012692279772 -0.00058804316175525774 0.00083459938249507153 0.00031255085457593653 -0.00021198587547872628 -0.0012644960677224662 -0.00033070678433392767 -0.00060230898921893492 -0.00096057542386180923 0.00056596557278391078
leaf_weight=423 412 2118 1146 1396 554 1650 1309 100 401 173 1706 8372 382 2120 1335 980 312 1089 2538 3908 573 1113 675 5354 124 1197 6903 5123 731 3738
leaf_count=423 412 2118 1146 1396 554 1650 1309 100 401 173 1706 8372 382 2120 1335 980 312 1089 2538 3908 573 1113 675 5354 124 1197 6903 5123 731 3738
internal_value=-0.000561594 -0.00122298 0.00996789 -0.000774787 0.017478 -0.0125361 0.00252028 -0.00359612 -0.0003861 -0.00203648 -0.00104466 -0.0052613 0.000142691 -0.000103403 0.00508882 -0.00307242 -0.000498549 0.000991829 0.00454049 0.00212928 0.0140372 -0.00238563 -0.00165988 -0.000262758 0.00873641 -0.00639318 -0.00185016 -0.000145088 0.00544468 -0.00194564
internal_weight=57955 54534 3421 52461 1700 2073 1721 12870 4398 3997 3824 8472 39591 38195 2697 1362 35498 16883 8232 6570 1662 8651 8339 7226 2662 1872 18615 11712 2851 8861
internal_count=57955 54534 3421 52461 1700 2073 1721 12870 4398 3997 3824 8472 39591 38195 2697 1362 35498 16883 8232 6570 1662 8651 8339 7226 2662 1872 18615 11712 2851 8861
is_linear=0
shrinkage=0.05


Tree=112
num_leaves=31
num_cat=0
split_feature=3 5 0 9 3 6 11 12 2 15 8 7 7 12 12 8 8 15 6 6 7 8 9 7 7 12 7 6 9 9
split_gain=169.382 104.997 79.1955 46.1669 39.9496 32.1234 26.6116 26.8531 26.0587 20.6433 21.6537 20.4509 27.8219 19.4551 32.2578 27.3971 36.7489 24.4131 19.8052 19.1628 20.6895 30.5954 19.1189 18.9336 18.8025 18.3501 18.5583 18.3261 18.2901 17.4692
threshold=12.443729400634767 1.985000014305115 1.0000000180025095e-35 14.284999847412111 1.7241498827934267 950.95001220703136 3.6499999761581425 0.39873388409614569 4.5000000000000009 34.500000000000007 -0.33302289247512812 0.98372149467468273 -0.12216648086905478 0.7933231294155122 -0.13052122294902799 1.0000000180025095e-35 -0.47434769570827479 57.500000000000007 963.45001220703136 961.45001220703136 0.95506030321121227 0.79018178582191478 13.315000057220461 -0.23208956420421598 0.63967129588127147 0.14780378341674807 0.066572044044733061 959.14999389648449 2.8249999284744267 1.1549999713897707
decision_type=2 2 2 8 2 2 2 2 2 2 2 2 2 2 2 2 2 2 2 2 2 2 10 2 2 2 2 2 10 8
left_child=1 4 5 11 6 -2 7 -1 25 -7 -11 12 -4 14 18 16 17 24 -10 20 21 -12 -21 -5 -16 27 -27 -6 -18 -8
right_child=2 -3 3 23 8 9 29 -9 13 10 19 -13 -14 -15 15 -17 28 -19 -20 22 -22 -23 -24 -25 -26 26 -28 -29 -30 -31
leaf_value=-4.1574586990277259e-05 0.00043420768393810373 -2.1913589638450362e-05 0.00010417854501190704 0.0002253263682397644 -0.00019038889848367751 -6.1972917902836105e-05 -6.9593016527370275e-05 -3.4384621800358274e-05 3.7847822694013315e-06 -2.3898873637129281e-05 0.00054460433619963331 -0.00049775670681729276 0.0002243824943328421 0.00022240538316297323 -4.8171554860125534e-05 -5.5490060180630416e-05 0.00073617003757342936 0.00097914804828124705 -0.00012599545897015613 8.9473059918493414e-05 -0.00037738430409917925 -1.026673643930165e-05 0.00032427350160758043 0.00020741390432682527 -0.00010431213129414186 -0.00016099740565474579 -0.00012312249858190979 4.3412323992037074e-05 -8.3831592217871806e-05 6.7794372967689957e-05
leaf_weight=1009 415 44137 295 82 765 187 204 562 3498 359 139 107 734 459 722 1389 247 191 248 81 136 300 87 479 238 113 162 161 167 172
leaf_count=1009 415 44137 295 82 765 187 204 562 3498 359 139 107 734 459 722 1389 247 191 248 81 136 300 87 479 238 113 162 161 167 172
internal_value=-0.000555748 -0.00123235 0.0102613 0.0178907 -0.00577483 0.00263312 -0.0122182 -0.0150698 -0.00426778 -0.00127512 0.00135501 0.012007 0.0141683 -0.00311977 -0.00380313 -0.00770531 -0.00315287 -0.00774221 -0.000719808 0.00621658 0.00181034 0.00709459 0.0208092 0.0295936 -0.0109845 -0.0110697 -0.0223214 -0.00762621 0.00954654 -0.000262467
internal_weight=57845 54444 3401 1697 10307 1704 1947 1571 8360 1289 1102 1136 1029 7159 6700 2954 1565 1151 3746 743 575 439 168 561 960 1201 275 926 414 376
internal_count=57845 54444 3401 1697 10307 1704 1947 1571 8360 1289 1102 1136 1029 7159 6700 2954 1565 1151 3746 743 575 439 168 561 960 1201 275 926 414 376
is_linear=0
shrinkage=0.05


Tree=113
num_leaves=31
num_cat=0
split_feature=3 5 0 9 12 5 3 8 7 11 9 10 10 5 7 7 8 7 7 7 8 7 15 12 15 7 9 12 5 11
split_gain=153.909 94.6988 77.4659 53.7595 39.7223 30.185 30.9023 26.0931 28.4212 24.3712 23.9104 35.218 21.0812 20.3534 22.502 19.7137 18.7017 24.3181 29.8777 29.9309 21.5381 32.7845 18.5808 26.549 18.4339 19.2658 20.417 21.2491 31.1146 26.2387
threshold=12.443729400634767 1.985000014305115 1.0000000180025095e-35 14.284999847412111 -0.13052122294902799 1.1416666507720949 2.5927240848541264 -0.55176848173141468 0.58534687757492077 3.1499999761581425 16.07499980926514 0.96359375119209301 0.94260558485984813 7.9249999523162851 -0.53914576768875111 -0.23208956420421598 1.0000000180025095e-35 0.86133140325546276 0.63967129588127147 0.55713060498237621 0.94917574524879467 -0.18163955211639402 82.500000000000014 -0.73724925518035878 46.500000000000007 0.30247184634208685 5.2850000858306894 -0.53727915883064259 1.5383332967758181 2.2500000000000004
decision_type=2 2 2 8 2 2 2 2 2 2 10 2 2 2 2 2 2 2 2 2 2 2 2 2 2 2 10 2 2 2
left_child=1 4 7 12 22 6 9 8 -2 -6 11 13 -4 -9 -15 -5 17 18 19 -7 -18 -22 24 -24 -1 -26 27 29 -29 -27
right_child=2 -3 3 15 5 16 -8 10 -10 -11 -12 -13 -14 14 -16 -17 20 -19 -20 -21 21 -23 23 -25 25 26 -28 28 -30 -31
leaf_value=-7.7983958300834223e-05 2.2614877488336129e-06 -2.7656721853389079e-05 0.00022466494203229328 0.0002140600498277745 -3.2717883443034953e-05 -2.9872514194619583e-05 0.00010024325612384834 0.00032645168113982771 -5.2250095448891368e-05 5.3207563397318511e-05 0.00029800050149583757 -0.00010533353839540794 0.00017027264972314105 0.00063558557067698866 -2.6342061011619401e-05 0.00019704320911048125 -4.8803619333967703e-05 0.00042727992951993761 -0.0001230373585613273 0.0036489825901295648 0.0056829934879800426 -4.5371252734751919e-05 -0.00021568700285045408 5.0908857464365517e-05 0.0011679597789163326 -0.00010153204276787728 0.0031491321572395359 0.00012682181396229538 -0.00016535487204006962 -8.9785992860371916e-05
leaf_weight=2869 333 44251 971 82 649 1406 96 374 153 92 107 95 174 157 515 471 1528 332 331 85 95 348 188 127 868 219 95 267 246 439
leaf_count=2869 333 44251 971 82 649 1406 96 374 153 92 107 95 174 157 515 471 1528 332 331 85 95 348 188 127 868 219 95 267 246 439
internal_value=-0.000573592 -0.00122029 0.00968868 0.0172637 -0.00554205 -0.0087578 -0.017399 0.00224267 -0.00753564 -0.0208445 0.00606544 0.00388307 0.011 0.00656518 0.00132939 0.0300179 -0.00698547 -0.00375174 -0.0060208 -0.0029746 -0.010501 -0.00078125 -0.00253616 -0.0142188 -0.00178714 0.00172978 -0.00220299 -0.00403912 0.00357143 -0.00995475
internal_weight=57963 54531 3432 1698 10280 4962 837 1734 486 741 1248 1141 1145 1046 672 553 4125 2154 1822 1491 1971 443 5318 315 5003 2134 1266 1171 513 658
internal_count=57963 54531 3432 1698 10280 4962 837 1734 486 741 1248 1141 1145 1046 672 553 4125 2154 1822 1491 1971 443 5318 315 5003 2134 1266 1171 513 658
is_linear=0
shrinkage=0.05


Tree=114
num_leaves=31
num_cat=0
split_feature=3 5 0 9 3 10 11 9 2 7 7 12 12 12 13 13 8 11 3 8 8 15 7 10 11 11 6 12 7 13
split_gain=152.612 97.9427 77.5035 45.4619 39.4551 36.8302 29.5688 24.7364 22.8023 20.8059 22.6367 19.651 19.5829 25.5466 21.7312 19.503 21.4783 33.164 18.8725 17.7871 28.5713 17.7598 33.9953 91.6836 62.9392 56.4812 44.0405 41.5568 72.2308 36.8534
threshold=12.443729400634767 1.985000014305115 1.0000000180025095e-35 14.284999847412111 1.7241498827934267 0.9238443672657014 3.5499999523162846 3.304999947547913 4.5000000000000009 -0.12216648086905478 0.98372149467468273 -0.14780378341674802 -0.13052122294902799 0.7933231294155122 0.78656607866287243 -0.91597560048103321 0.61794704198837291 3.7500000000000004 4.0334863662719735 -0.17552985996007917 -0.68630018830299366 37.500000000000007 -0.37920854985713953 0.52247866988182079 8.2500000000000018 3.3500000238418584 945.95001220703136 -0.30069434642791742 -0.48754426836967463 -1.0000000180025095e-35
decision_type=2 2 2 8 2 2 2 8 2 2 2 2 2 2 2 2 2 2 2 2 2 2 2 2 2 2 2 2 2 2
left_child=1 4 5 9 6 -2 7 11 -6 -4 -11 19 -10 14 15 -14 -17 -18 -16 20 -1 22 23 27 -25 -24 -27 28 -3 -28
right_child=2 21 3 -5 8 -7 -8 -9 12 10 -12 -13 13 -15 18 16 17 -19 -20 -21 -22 -23 25 24 -26 26 29 -29 -30 -31
leaf_value=-8.0771592677726222e-05 5.5288685689286468e-05 -3.8745858016944748e-05 -1.1644990742731843e-05 0.00018791921296796855 -9.3935610058473913e-05 -4.4351888843713329e-05 1.079428731268553e-07 -5.842481829450132e-05 -1.9079907578634873e-05 0.00020003174703287776 -0.00049807827595532705 -3.0031703241977696e-05 4.4247639348829821e-06 0.00014541808267682583 1.066607924670145e-05 -4.7629316586399709e-05 -0.00018644074263780418 3.3354303206450249e-05 -0.00030330740624070243 -8.859408539016621e-05 0.0011312594854294676 0.00010109766359157058 -0.0013439456330919409 0.00021296961882751598 0.002490944831403294 0.0078495313941268907 2.2599445528458628e-06 -0.00056790569703803228 0.0071061322372450086 -0.00065714578774315623
leaf_weight=235 1333 3032 287 558 1183 361 405 94 3737 746 100 800 348 464 865 1151 275 102 187 311 129 24159 760 2346 1554 81 4203 5012 230 2828
leaf_count=235 1333 3032 287 558 1183 361 405 94 3737 746 100 800 348 464 865 1151 275 102 187 311 129 24159 760 2346 1554 81 4203 5012 230 2828
internal_value=-0.00054422 -0.00118449 0.00974926 0.0173054 -0.00557769 0.00217775 -0.0119252 -0.0150254 -0.00406397 0.0114675 0.0153937 -0.0133446 -0.00299271 -0.00574036 -0.00746676 -0.0106858 -0.0131115 -0.0234293 -0.00170293 -0.00698529 0.000542005 -0.000161728 -0.00126178 0.000394121 0.00670935 -0.00382125 -0.0024308 -0.00258485 0.00180594 -0.00286384
internal_weight=57876 54491 3385 1691 10286 1694 1974 1569 8312 1133 846 1475 7129 3392 2928 1876 1528 377 1052 675 364 44205 20046 12174 3900 7872 7112 8274 3262 7031
internal_count=57876 54491 3385 1691 10286 1694 1974 1569 8312 1133 846 1475 7129 3392 2928 1876 1528 377 1052 675 364 44205 20046 12174 3900 7872 7112 8274 3262 7031
is_linear=0
shrinkage=0.05


Tree=115
num_leaves=31
num_cat=0
split_feature=3 3 0 9 5 11 6 9 10 12 12 12 6 13 15 6 14 6 5 6 15 9 14 10 4 10 14 15 6 9
split_gain=146.743 104.827 81.7582 45.0217 44.1582 33.5064 31.766 30.2186 23.5632 21.3813 20.4849 21.0251 19.0204 18.0174 24.0668 23.4215 34.6859 29.943 30.9951 23.3836 22.6305 27.8892 48.649 31.2766 29.6779 26.461 22.6943 22.9587 21.9851 21.228
threshold=12.443729400634767 1.7241498827934267 1.0000000180025095e-35 14.284999847412111 1.985000014305115 3.6499999761581425 950.35000610351574 3.3549998998641972 0.95878320932388317 0.39873388409614569 -0.13052122294902799 0.7933231294155122 964.25000000000011 0.60355338454246532 40.500000000000007 947.04998779296886 4.5150001049041757 943.75000000000011 3.4316667318344121 953.85000610351574 58.500000000000007 10.25500011444092 10.994999885559084 0.93038213253021251 6.9949998855590829 0.94828754663467418 7.1949999332427987 73.500000000000014 973.35000610351574 4.6349999904632577
decision_type=2 2 2 8 2 2 2 8 2 2 2 2 2 2 2 2 10 2 2 2 2 10 10 2 2 2 10 2 2 10
left_child=1 5 6 -4 10 7 -2 9 12 -1 -3 -12 -8 14 -6 16 -15 18 -18 -17 25 24 23 26 28 -16 27 -23 -22 -19
right_child=2 4 3 -5 13 -7 8 -9 -10 -11 11 -13 -14 15 20 19 17 29 -20 -21 21 22 -24 -25 -26 -27 -28 -29 -30 -31
leaf_value=-4.1765415114719933e-05 0.00044662408558672207 -4.1748225636539971e-05 0.0001770959511367354 0.00017779508800655486 -7.3969614770963421e-05 1.0254572947055591e-07 -6.7756128735274597e-06 -5.798505771249141e-05 -5.7550287341839873e-05 -2.9657709307069193e-05 -4.0531190085901265e-05 9.0999697382860743e-05 0.00017058908393537966 0.00014836714283263317 0.00060789865391326083 0.00040569582341000167 -0.001802768634793144 0.0013187372499569834 0.0024565243821953464 -0.00032902879556350324 -0.00020273105371138744 -0.0014054084611622776 -0.0004636620239502232 -0.00021965543131772792 -0.012562982168732929 0.0018103062988680926 0.0024943941585857084 0.0069849063512289929 0.0066192902498629705 -0.0040749418100453167
leaf_weight=974 360 4587 1127 556 17784 437 1022 94 122 537 3268 514 222 933 5399 4021 257 84 333 5481 5887 317 479 178 83 950 876 83 127 780
leaf_count=974 360 4587 1127 556 17784 437 1022 94 122 537 3268 514 222 933 5399 4021 257 84 333 5481 5887 317 479 178 83 950 876 83 127 780
internal_value=-0.000433678 -0.00106393 0.00962214 0.0174467 -0.000630412 -0.0121641 0.00196418 -0.0154969 -0.00153173 -0.0136873 -0.00395868 -0.00668075 0.000560448 2.26979e-06 0.000617073 -0.0016605 -0.00608278 -0.0108979 -0.00218487 -0.000546965 0.00213779 0.000373367 0.00559856 0.0101439 -0.00128646 0.00436733 0.0128806 0.00296296 -0.000863931 -0.0168009
internal_weight=57872 54463 3409 1683 52421 2042 1726 1605 1366 1511 8369 3782 1244 44052 32163 11889 2387 1454 590 9502 14379 8030 1933 1454 6097 6349 1276 400 6014 864
internal_count=57872 54463 3409 1683 52421 2042 1726 1605 1366 1511 8369 3782 1244 44052 32163 11889 2387 1454 590 9502 14379 8030 1933 1454 6097 6349 1276 400 6014 864
is_linear=0
shrinkage=0.05


Tree=116
num_leaves=31
num_cat=0
split_feature=3 3 0 9 11 11 12 8 8 8 8 2 8 8 10 9 12 12 8 2 4 4 3 6 8 8 12 8 6 9
split_gain=135.372 90.9024 86.5264 52.9122 32.1219 28.145 27.9 27.7592 34.9489 26.3175 62.5081 29.2161 26.2336 24.4974 32.5436 24.4026 28.4056 23.3049 23.2667 27.5775 22.074 21.9621 25.4299 26.0109 24.6344 22.9245 25.846 22.6839 26.7842 21.8908
threshold=12.443729400634767 1.7241498827934267 1.0000000180025095e-35 14.284999847412111 3.5499999523162846 3.6499999761581425 0.39873388409614569 -0.33302289247512812 0.83987808227539074 -0.97653719782829274 -0.99351876974105824 2.5000000000000004 -0.93779578804969776 -0.99960738420486439 -0.60873827338218678 9.1250000000000018 0.7933231294155122 -0.14780378341674802 -0.98336225748062123 23.500000000000004 1.5900000333786013 2.4900000095367436 4.5979831218719491 955.35000610351574 0.090250775218009963 0.97745609283447277 0.28400452435016638 0.37371625006198889 958.45001220703136 7.1150000095367441
decision_type=2 2 2 8 2 2 2 2 2 2 2 2 2 2 2 10 2 2 2 2 2 2 2 2 2 2 2 2 2 8
left_child=1 5 7 -4 12 6 -1 -2 -9 10 -6 -11 13 -3 18 16 -12 -10 19 -15 -16 22 -14 -24 -25 26 -23 -28 -29 -13
right_child=2 4 3 -5 9 -7 -8 8 17 11 15 29 21 14 20 -17 -18 -19 -20 -21 -22 25 23 24 -26 -27 27 28 -30 -31
leaf_value=-3.3152623706639033e-05 -2.237323813994996e-05 0.001945113286512655 0.00017203838422477082 0.00017640993203669743 -0.00025117521981037663 -1.6005826151079331e-06 -2.7545407469110666e-05 0.00033558270781199886 1.831479237464906e-05 0.0014878316982762517 0.003654782892556599 -0.00014189283301531356 -1.8614298164419934e-05 0.0014048126456053603 -3.1245213063768726e-05 6.2717554124680497e-05 -0.00072174446843417726 -6.5638412861490639e-05 -0.00021594916195396164 -9.7818613255468113e-05 -0.00097207481370595718 0.00070780929566700661 -0.00029525429439634308 -0.000796699282063099 -0.001229442141211111 -0.0011598106580669107 -0.00057273329815678742 -0.0003374186842712186 0.0059729744421819679 8.2320837210309039e-05
leaf_weight=1010 579 101 1141 566 1388 447 574 633 276 1270 988 15066 5865 200 194 327 94 227 440 246 453 2896 330 155 225 348 1107 260 118 20307
leaf_count=1010 579 101 1141 566 1388 447 574 633 276 1270 988 15066 5865 200 194 327 94 227 440 246 453 2896 330 155 225 348 1107 260 118 20307
internal_value=-0.000446953 -0.00105396 0.00919171 0.0171437 -0.000650975 -0.0114194 -0.0145374 0.00125 0.0057844 5.8309e-05 0.00472877 -0.000298788 -0.00281233 -0.00872483 -0.0103056 0.0121287 0.0157314 -0.00403543 -0.0040404 0.00399113 -0.0187883 -0.0019542 -0.00382219 -0.0127273 -0.0215584 0.000644275 0.00163019 -0.00372483 0.00678851 -0.000566736
internal_weight=57831 54409 3422 1707 52378 2031 1584 1715 1136 39440 2797 36643 12938 1634 1533 1409 1082 503 886 446 647 11304 6575 710 380 4729 4381 1485 378 35373
internal_count=57831 54409 3422 1707 52378 2031 1584 1715 1136 39440 2797 36643 12938 1634 1533 1409 1082 503 886 446 647 11304 6575 710 380 4729 4381 1485 378 35373
is_linear=0
shrinkage=0.05


Tree=117
num_leaves=31
num_cat=0
split_feature=3 3 0 4 7 5 11 12 6 5 10 12 3 15 8 10 11 12 6 4 13 7 14 7 6 8 5 15 12 15
split_gain=128.637 99.8555 72.4699 38.471 38.4342 36.0869 32.3061 30.0822 27.2104 22.494 22.2459 20.323 20.2701 20.3545 34.4994 63.3632 67.8191 45.6168 64.499 37.5163 32.3046 31.3758 29.8227 28.4773 49.0862 60.8071 59.871 38.058 33.8432 34.2564
threshold=12.443729400634767 1.7241498827934267 1.0000000180025095e-35 9.5950002670288104 -0.12216648086905478 1.985000014305115 3.6499999761581425 0.39873388409614569 949.95001220703136 9.1349997520446795 0.93038213253021251 -0.13052122294902799 2.5927240848541264 24.500000000000004 0.85581842064857494 0.66259482502937328 7.6499998569488534 0.31729258596897131 944.35000610351574 3.7749999761581425 0.12940952181816109 -0.05368517339229583 2.6049998998641972 -0.59573787450790394 946.95001220703136 0.15855792164802554 4.9216666221618661 32.500000000000007 0.41467745602130895 32.500000000000007
decision_type=2 2 2 2 2 2 2 2 2 2 2 2 2 2 2 2 2 2 2 2 2 2 10 2 2 2 2 2 2 2
left_child=1 6 8 4 -4 11 7 -1 -2 12 -10 -3 -7 14 15 17 19 -14 -19 -17 -15 -18 -20 24 25 -22 -26 -27 -25 -30
right_child=2 5 3 -5 -6 9 -8 -9 10 -11 -12 -13 13 20 -16 16 21 18 22 -21 23 -23 -24 28 26 27 -28 -29 29 -31
leaf_value=-3.7806116990363967e-05 0.00045976624782597953 -3.6146872644465812e-05 -0.00018202545320935572 0.0001600848370043928 0.0001744039775803119 0.00018003170427243354 1.7744757375244211e-07 -2.6844062988272803e-05 7.9862841731725975e-06 0.00079537337367165117 -3.906329018238397e-05 -3.1503404107377857e-05 -0.00028605526840452811 0.00025629768132551109 -0.0012977441808146211 0.00029845717514285689 0.0021882142755653812 2.0069107351836785e-05 0.00010420654376822169 -0.0021263286371045044 0.00032278545066541934 -0.00012779717403125224 -0.0021335010028831623 -0.00017122975891702109 0.00068387442568936809 -0.00021153183759815426 0.0046133141682882404 -0.0030339120059008871 -0.0029747820204431476 -0.00061357947973843241
leaf_weight=1037 332 4557 274 430 977 911 431 590 1119 116 285 3799 3253 17967 847 510 1299 580 97 447 1789 365 722 9600 1317 178 520 299 511 2716
leaf_count=1037 332 4557 274 430 977 911 431 590 1119 116 285 3799 3253 17967 847 510 1299 580 97 447 1789 365 722 9600 1317 178 520 299 511 2716
internal_value=-0.000446614 -0.0010374 0.00895675 0.0163405 0.0118232 -0.000612537 -0.0118274 -0.0150429 0.00178059 -4.08636e-05 -0.0012775 -0.00362397 -0.000100153 -0.000256845 -0.00251077 -0.00139461 0.00481721 -0.00489586 -0.0124288 -0.00576923 0.000267893 0.0109047 -0.0214199 -0.00129908 0.00232473 -0.00259797 0.00838762 -0.018361 -0.0024587 -0.00688428
internal_weight=57875 54458 3417 1681 1251 52400 2058 1627 1736 44044 1404 8356 43928 43017 8120 7273 2621 4652 1399 957 34897 1664 819 16930 4103 2266 1837 477 12827 3227
internal_count=57875 54458 3417 1681 1251 52400 2058 1627 1736 44044 1404 8356 43928 43017 8120 7273 2621 4652 1399 957 34897 1664 819 16930 4103 2266 1837 477 12827 3227
is_linear=0
shrinkage=0.05


Tree=118
num_leaves=31
num_cat=0
split_feature=3 3 0 11 5 9 12 6 0 10 13 15 13 6 14 15 6 15 6 3 10 12 12 2 15 6 9 6 15 5
split_gain=136.306 87.6783 81.5015 36.172 32.2628 31.8532 28.2398 24.5531 19.3152 16.6918 17.1418 16.13 16.1416 25.8135 24.6486 33.8105 29.2898 19.574 31.4813 25.4478 41.2328 20.4569 29.8309 29.3391 28.8959 58.6882 80.099 36.8339 35.9097 28.5434
threshold=13.15769672393799 1.7241498827934267 1.0000000180025095e-35 3.6499999761581425 1.985000014305115 14.284999847412111 0.39873388409614569 949.75000000000011 1.0000000180025095e-35 0.89490029215812694 0.37940952181816107 97.500000000000014 0.78656607866287243 947.04998779296886 4.7149999141693124 25.500000000000004 943.35000610351574 40.500000000000007 961.35000610351574 3.5170005559921269 0.9170251488685609 0.93038213253021251 0.608738273382187 38.500000000000007 75.500000000000014 959.64999389648449 10.50500011444092 949.95001220703136 82.500000000000014 5.1050000190734872
decision_type=2 2 2 2 2 8 2 2 2 2 2 2 2 2 10 2 2 2 2 2 2 2 2 2 2 2 10 2 2 2
left_child=1 3 7 6 8 9 -1 -2 -3 10 -4 12 17 14 -14 -16 -17 18 -6 -20 -21 22 24 -24 -19 26 29 -28 -27 -26
right_child=2 4 5 -5 11 -7 -8 -9 -10 -11 -12 -13 13 -15 15 16 -18 21 19 20 -22 -23 23 -25 25 28 27 -29 -30 -31
leaf_value=-3.6398003221767762e-05 0.0004366616542643587 -6.2122790251924363e-05 0.00024364742897550198 2.6295311786119459e-06 -2.6587551436424743e-05 0.00015208059515417482 -2.5206137606155219e-05 -3.1968641204860319e-06 -3.7261995171025688e-06 0.00012629647126705112 -0.0002873240070862676 0.0049078803847862427 -4.2771510119362158e-05 -9.6338943836218882e-05 -0.0039668563076559471 0.002309850352849713 -0.002969394118476118 0.00044672050503849481 0.00023926720484932973 -0.0034440799465762367 -5.519819357097111e-05 0.0035950348647271037 -0.00085999176564649504 0.003034909680937406 -0.0013050087552659898 -0.00018769589418488644 -0.01204425040442246 0.00072843900675740594 0.0013898066968525318 -0.0073845867105035885
leaf_weight=1016 216 4343 296 441 18994 500 598 937 4011 175 160 99 698 7000 163 261 563 12017 83 301 299 113 837 132 1172 808 116 522 798 325
leaf_count=1016 216 4343 296 441 18994 500 598 937 4011 175 160 99 698 7000 163 261 563 12017 83 301 299 113 837 132 1172 808 116 522 798 325
internal_value=-0.000381041 -0.000872297 0.0115771 -0.0109951 -0.0004836 0.0210827 -0.0144534 0.00220207 -0.00333772 0.0134434 0.00824295 4.30407e-05 -2.21205e-06 -0.00193901 -0.00748521 -0.0125504 -0.00832328 0.000458628 -0.000612235 -0.0111192 -0.0147107 0.00170971 0.00156287 -0.00693018 0.00208717 -0.00174853 -0.0071729 0.00762053 0.00546245 -0.013482
internal_weight=57994 55710 2284 2055 53655 1131 1614 1153 8354 631 456 45301 45202 8685 1685 987 824 36517 19677 683 600 16840 16727 969 15758 3741 2135 638 1606 1497
internal_count=57994 55710 2284 2055 53655 1131 1614 1153 8354 631 456 45301 45202 8685 1685 987 824 36517 19677 683 600 16840 16727 969 15758 3741 2135 638 1606 1497
is_linear=0
shrinkage=0.05


Tree=119
num_leaves=31
num_cat=0
split_feature=3 0 3 4 7 11 8 11 12 6 8 14 7 7 6 7 8 2 8 7 6 7 7 6 2 10 10 11 7 13
split_gain=130.476 97.3991 89.5822 32.8843 32.5177 29.4224 31.0102 27.9913 39.5337 25.6385 24.2962 25.3581 19.655 38.8367 25.2436 23.9207 32.2964 17.4864 17.232 71.1446 51.301 24.6113 52.0814 39.2584 21.6839 21.0097 23.3935 66.2116 51.2785 80.1241
threshold=13.15769672393799 1.0000000180025095e-35 1.7241498827934267 9.7150001525878924 -0.12216648086905478 3.5499999523162846 -0.93779578804969776 3.6499999761581425 0.39873388409614569 949.75000000000011 -0.99960738420486439 4.5950000286102304 0.99549904465675365 0.99940901994705211 962.75000000000011 0.98526033759117138 0.10738035291433336 5.5000000000000009 -0.97653719782829274 0.16894881427288058 952.54998779296886 -0.11364490166306494 -0.08797780796885489 948.25000000000011 2.5000000000000004 0.9980967938899995 0.28400452435016638 6.3500001430511483 -0.66248837113380421 -1.0000000180025095e-35
decision_type=2 2 2 2 2 2 2 2 2 2 2 10 2 2 2 2 2 2 2 2 2 2 2 2 2 2 2 2 2 2
left_child=2 9 7 4 -3 6 10 8 -1 -2 -4 -12 15 14 -14 17 -17 -8 19 21 -21 -7 -23 -24 -20 26 -26 -28 -29 -30
right_child=1 3 5 -5 -6 18 12 -9 -10 -11 11 -13 13 -15 -16 16 -18 -19 24 20 -22 22 23 -25 25 -27 27 28 29 -31
leaf_value=-3.2997088174457383e-05 0.00041159401710907099 -0.00028102674426304098 0.0024261598036399408 0.00014447656539646748 0.00015749598779382645 0.001363225609689313 -0.00012842790916522693 3.7098636134196704e-08 -2.4195043438538825e-05 -7.4537707805938387e-06 -0.00011449846889612535 -0.0016266326261520179 0.0048137999619931194 -3.9030758309686322e-05 2.3143958709045045e-05 -3.8127048710188575e-05 -0.0012978893938366718 -6.6527432901799733e-06 0.0013351802495403726 4.8638521123989255e-05 0.010295417108614258 -0.0043690442204884009 0.0083284823877276294 -0.00010888491212013166 -0.00014490034446548711 -0.0011405879967609047 -0.0001542910555234211 0.0024173341907159059 0.00072661335092706343 -0.0002652310067890268
leaf_weight=1027 214 165 94 355 615 715 1773 436 604 928 1367 163 111 232 88 292 116 8646 1302 149 245 166 104 1449 19169 327 8473 1593 3435 3544
leaf_count=1027 214 165 94 355 615 715 1773 436 604 928 1367 163 111 232 88 292 116 8646 1302 149 245 166 104 1449 19169 327 8473 1593 3435 3544
internal_value=-0.000346275 0.0113716 -0.000826966 0.0217105 0.0157962 -0.000432242 -0.00251416 -0.011028 -0.0140281 0.00104621 -0.00896255 -0.0104886 -0.0015804 0.00883028 0.0247549 -0.00199871 -0.0138015 -0.00153012 0.000227407 0.0039887 0.0235589 0.000779008 -0.0024652 0.000417202 -5.4164e-05 -0.000280468 -0.000165659 0.00118182 0.00427889 0.00242698
internal_weight=57897 2277 55620 1135 780 53553 12882 2067 1631 1142 1624 1530 11258 431 199 10827 408 10419 40671 2828 394 2434 1719 1553 37843 36541 36214 17045 8572 6979
internal_count=57897 2277 55620 1135 780 53553 12882 2067 1631 1142 1624 1530 11258 431 199 10827 408 10419 40671 2828 394 2434 1719 1553 37843 36541 36214 17045 8572 6979
is_linear=0
shrinkage=0.05


Tree=120
num_leaves=31
num_cat=0
split_feature=3 3 0 11 12 9 6 11 15 6 8 8 14 3 12 6 6 8 8 9 2 2 15 6 8 2 14 12 8 12
split_gain=127.953 94.6466 84.6819 31.1457 30.237 30.0411 22.7716 22.1112 29.5459 28.1591 20.9386 26.2814 20.079 19.4264 18.8153 18.2029 30.7176 17.4904 16.5182 23.7353 16.3644 22.5649 28.2729 24.9259 21.9133 28.1928 27.7617 37.1037 26.0136 34.1571
threshold=13.15769672393799 1.7241498827934267 1.0000000180025095e-35 3.5499999523162846 0.39873388409614569 14.284999847412111 949.75000000000011 3.5499999523162846 85.500000000000014 957.14999389648449 -0.93779578804969776 -0.99960738420486439 4.5950000286102304 2.5927240848541264 -0.95368063449859608 963.45001220703136 957.85000610351574 0.46735489368438726 -0.8893369436264037 2.8249999284744267 29.500000000000004 18.500000000000004 19.500000000000004 941.64999389648449 -0.97653719782829274 3.5000000000000004 3.9050000905990605 0.56638467311859142 -0.98902499675750721 0.04361772537231446
decision_type=2 2 2 2 2 8 2 2 2 2 2 2 10 2 2 2 2 2 2 10 2 2 2 2 2 2 10 2 2 2
left_child=1 3 6 4 -1 -4 -2 8 10 -10 11 -3 -13 15 17 16 -9 -15 19 -12 21 24 -23 -24 26 -26 -16 28 29 -28
right_child=2 7 5 -5 -6 -7 -8 13 9 -11 18 12 -14 14 20 -17 -18 -19 -20 -21 -22 22 23 -25 25 -27 27 -29 -30 -31
leaf_value=-3.3172706299644788e-05 0.00039106981589279724 0.0022147261113168192 0.00013862802785904183 -8.0208612028443574e-07 -2.2875761529075802e-05 0.00013725273712664188 -5.7299463661342198e-06 6.4043961530408784e-05 -4.770123744224685e-05 0.0014005230825347337 -0.0001316283179923778 -0.00010881766059864864 -0.0015011588397780412 -0.0013667459053201174 0.0028412075566113426 -0.00014140253684477734 0.00041742721788520044 0.00061050630099503686 -4.2941548019799233e-05 0.0023465015118536037 -0.00014971842104273341 0.0040982379942870071 -0.0014781382280028247 0.00062236232370157488 0.00089819439036586686 -0.00015527996137639223 -0.0017557106481653881 -0.0026169478400206447 0.0047517698223834065 0.00094097405855102234
leaf_weight=1029 221 100 630 483 564 510 927 1170 139 268 148 1362 164 905 166 96 181 260 10317 355 15786 241 274 7248 1870 11667 286 124 234 206
leaf_count=1029 221 100 630 483 564 510 927 1170 139 268 148 1362 164 905 166 96 181 260 10317 355 15786 241 274 7248 1870 11667 286 124 234 206
internal_value=-0.000497963 -0.000974878 0.0110772 -0.0114368 -0.0147997 0.0206987 0.00147441 -0.000568394 -0.00237595 0.010801 -0.00281102 -0.00809319 -0.0097322 2.45586e-06 -0.000207527 0.00568182 0.00719027 -0.00645299 -0.00201386 0.00679134 -1.57451e-05 0.000855696 0.00303167 0.00248439 -0.000305674 -0.000838133 0.00675808 0.00304094 0.00738714 0.000804829
internal_weight=57931 55643 2288 2076 1593 1140 1148 53567 12853 407 12446 1626 1526 40714 39267 1447 1351 1165 10820 503 38102 22316 7763 7522 14553 13537 1016 850 726 492
internal_count=57931 55643 2288 2076 1593 1140 1148 53567 12853 407 12446 1626 1526 40714 39267 1447 1351 1165 10820 503 38102 22316 7763 7522 14553 13537 1016 850 726 492
is_linear=0
shrinkage=0.05


Tree=121
num_leaves=31
num_cat=0
split_feature=3 0 3 11 12 9 6 11 8 7 6 14 5 7 8 9 15 8 2 8 15 6 7 7 12 9 14 15 7 7
split_gain=108.971 84.2992 81.2449 32.0967 33.987 30.5747 25.3377 24.2871 23.8981 68.9064 41.5812 23.1135 29.234 20.3404 19.8694 25.6824 35.1637 25.8856 19.8265 18.3318 17.3322 45.2275 25.9483 19.7153 26.2294 24.6436 20.3565 19.4884 43.0641 33.7293
threshold=13.15769672393799 1.0000000180025095e-35 1.7241498827934267 3.5499999523162846 0.39873388409614569 14.284999847412111 949.75000000000011 3.5499999523162846 -0.97653719782829274 0.16894881427288058 952.54998779296886 3.7749999761581425 2.3583332300186162 -0.5677773356437682 -0.93779578804969776 7.0250000953674325 38.500000000000007 -0.99960738420486439 2.5000000000000004 -0.91865202784538258 85.500000000000014 959.14999389648449 0.93244570493698131 0.93244570493698131 0.14780378341674807 8.5450000762939471 10.204999923706056 31.500000000000004 -0.92117106914520253 0.86993730068206798
decision_type=2 2 2 2 2 8 2 2 2 2 2 10 2 2 2 10 2 2 2 2 2 2 2 2 2 10 10 2 2 2
left_child=2 6 3 4 -1 -3 -2 14 9 11 -11 12 -9 -6 15 17 -17 -4 -10 -16 27 23 -23 24 25 -22 -27 28 -20 -30
right_child=1 5 7 -5 13 -7 -8 8 18 10 -12 -13 -14 -15 19 16 -18 -19 20 -21 21 22 -24 -25 -26 26 -28 -29 29 -31
leaf_value=-2.6528019616236557e-05 0.00037492794224169292 0.00013394232978263256 0.0028296746690514066 2.4820961407926413e-07 -5.6546392419942316e-05 0.00013039010027031118 -8.9342043137763394e-06 -4.3315867230213356e-05 0.0012333006481956956 0.0010782606717626745 0.0098084555503317617 -7.2808861869611349e-05 0.0026312101670010308 -2.1790865449809046e-05 0.0023596503012815284 -0.0033949518345687173 -0.0007966213917811601 -8.6289181444828766e-05 0.00055284904279896197 -3.0412891389921053e-05 -0.0025625816210400757 -0.0001799070645438064 0.0011285261775558554 -0.0025417299811102776 0.0049305136647715382 0.0028543973177913243 -0.0014467052360005728 8.5157051987956852e-05 -0.00021032137387096418 -0.0025572393091928634
leaf_weight=1008 227 626 87 480 81 494 929 145 1317 166 256 2115 198 477 203 152 136 1239 2893 11085 292 526 257 274 94 113 184 22172 9454 118
leaf_count=1008 227 626 87 480 81 494 929 145 1317 166 256 2115 198 477 203 152 136 1239 2893 11085 292 526 257 274 94 113 184 22172 9454 118
internal_value=-0.000276802 0.010434 -0.000716768 -0.0104827 -0.0139402 0.0201778 0.000947459 -0.000342178 0.000258755 0.00464471 0.023185 0.00142103 0.0133621 -0.0238011 -0.00223135 -0.00741198 -0.0208191 -0.00443276 -7.69251e-05 -0.00148765 -0.000295476 -0.00515759 0.00374365 -0.012422 -0.00777616 -0.0117003 -0.00149007 -5.05167e-05 -0.00163192 -0.00324736
internal_weight=57798 2276 55522 2046 1566 1120 1156 53476 40574 2880 422 2458 343 558 12902 1614 288 1326 37694 11288 36377 1740 783 957 683 589 297 34637 12465 9572
internal_count=57798 2276 55522 2046 1566 1120 1156 53476 40574 2880 422 2458 343 558 12902 1614 288 1326 37694 11288 36377 1740 783 957 683 589 297 34637 12465 9572
is_linear=0
shrinkage=0.05


Tree=122
num_leaves=31
num_cat=0
split_feature=3 3 0 11 12 9 0 11 15 3 8 8 2 8 8 12 7 6 5 10 8 7 10 4 8 8 7 10 15 10
split_gain=124.379 89.4217 82.5708 35.8739 33.4064 32.7744 26.9933 25.1272 20.6745 25.1802 19.5463 26.7797 23.0649 18.7639 17.9572 17.0465 16.6673 15.4414 39.342 37.6443 18.7309 44.7928 37.7064 23.1897 21.9193 35.8017 32.3859 21.6863 21.3659 33.5555
threshold=13.15769672393799 1.7241498827934267 1.0000000180025095e-35 3.5499999523162846 0.39873388409614569 14.284999847412111 1.0000000180025095e-35 3.5499999523162846 24.500000000000004 11.635683536529543 -0.40097093582153315 0.86674088239669811 11.500000000000002 0.3253390789031983 -0.97269129753112782 0.8038262426853181 0.9600123167037965 953.35000610351574 7.4783332347869882 0.9536806344985963 -0.14153897762298581 0.94147586822509777 -0.87878364324569691 7.8250000476837167 0.88337317109107982 0.8730936348438264 0.33505657315254217 0.9238443672657014 59.500000000000007 0.93663650751113903
decision_type=2 2 2 2 2 8 2 2 2 2 2 2 2 2 2 2 2 2 2 2 2 2 2 2 2 2 2 2 2 2
left_child=1 3 10 4 -1 16 7 -3 9 -8 14 13 -13 -12 -2 -10 -4 -9 20 -20 21 23 -23 -19 25 28 -26 -24 29 -22
right_child=2 6 5 -5 -6 -7 8 17 15 -11 11 12 -14 -15 -16 -17 -18 18 19 -21 24 22 27 -25 26 -27 -28 -29 -30 -31
leaf_value=-2.980744446538543e-05 1.7078466979958408e-06 -8.5763289549171395e-05 0.00015201176839744202 9.2167646999199648e-07 -2.0642430180131503e-05 0.00012387059525679757 -0.00017357891385221121 6.2091088051169368e-05 4.7434557169605267e-05 0.0004241331358348033 5.3296124723356547e-05 6.0328381234758811e-05 -4.6343624893901984e-05 0.0004018110854297624 -3.0460208099536426e-05 0.0006194841952557262 -0.00032820761960827285 1.6652446272475557e-05 -0.00029467602427848131 -0.00036312443129886965 -0.0021158951059162419 -0.00064386699369773379 0.0053909025831624605 -0.00063623380462431438 -0.00013893905036133853 -0.0034805395877139616 0.0035104176568733106 7.3285694907907801e-05 -0.00020841603943527168 0.00088105940164223684
leaf_weight=1020 83 6668 546 472 563 498 4429 11347 20511 148 297 85 277 198 205 581 87 3341 492 140 732 113 274 146 1474 97 353 108 2410 170
leaf_count=1020 83 6668 546 472 563 498 4429 11347 20511 148 297 85 277 198 205 581 87 3341 492 140 732 113 274 146 1474 97 353 108 2410 170
internal_value=-0.00035165 -0.000821132 0.0110916 -0.0110437 -0.0146411 0.0206426 -0.000427726 -0.0015052 0.000741996 -0.00230249 0.0016087 0.00539443 -0.00490463 0.0129 -0.00955631 0.00140304 0.012931 -0.000662673 -0.0021106 -0.0141287 -0.00127941 0.00130424 0.0153 -0.000701604 -0.00324366 -0.00560926 0.00117358 0.022739 -0.00470304 -0.0112459
internal_weight=57865 55589 2276 2055 1583 1131 53534 27865 25669 4577 1145 857 362 495 288 21092 633 21197 9850 632 9218 3982 495 3487 5236 3409 1827 382 3312 902
internal_count=57865 55589 2276 2055 1583 1131 53534 27865 25669 4577 1145 857 362 495 288 21092 633 21197 9850 632 9218 3982 495 3487 5236 3409 1827 382 3312 902
is_linear=0
shrinkage=0.05


Tree=123
num_leaves=31
num_cat=0
split_feature=3 3 0 9 6 11 6 7 10 11 13 5 10 15 8 11 10 13 7 15 9 4 10 11 13 7 6 4 9 11
split_gain=117.224 79.7749 61.9869 50.6996 25.928 23.9461 23.0048 15.9995 17.9543 16.083 15.8186 15.3122 15.2446 34.7618 46.4976 28.4234 36.7777 52.7759 67.5999 50.7266 37.8399 34.1724 34.834 34.0643 33.0568 26.3831 63.6446 36.1316 26.0606 33.1731
threshold=12.443729400634767 1.7241498827934267 1.0000000180025095e-35 14.284999847412111 963.25000000000011 2.9500000476837163 949.95001220703136 0.98372149467468273 -0.96359375119209278 10.34999990463257 0.37940952181816107 9.1349997520446795 -0.95878320932388295 12.500000000000002 -0.36523833870887751 6.3500001430511483 0.23343648016452792 -1.0000000180025095e-35 -0.41079147160053248 32.500000000000007 6.4849998950958261 7.5750000476837167 0.93038213253021251 10.34999990463257 0.78656607866287243 0.9600123167037965 958.75000000000011 5.6649999618530282 12.59500026702881 8.3499999046325701
decision_type=2 2 2 8 2 2 2 2 2 2 2 2 2 2 2 2 2 2 2 2 10 2 2 2 2 2 2 2 10 2
left_child=1 4 6 7 5 -1 -2 8 -4 -10 -6 12 13 14 -3 -14 20 21 24 -20 23 -18 -23 -17 -19 -22 -27 -28 29 -21
right_child=2 11 3 -5 10 -7 -8 -9 9 -11 -12 -13 15 -15 -16 16 17 18 19 28 25 22 -24 -25 -26 26 27 -29 -30 -31
leaf_value=-2.0480015522962927e-05 0.00035169464915134899 -0.0023007398960077337 0.00012694529424769064 0.00012629838281470463 -7.6870233281796984e-05 -2.4218976981883746e-06 -5.2564111286707018e-06 -0.00048854921883306345 1.606574040910469e-06 0.00014775666991158343 -1.4642856995710809e-05 0.00061336241539352578 -3.9555993457621869e-05 -7.9046316710565395e-05 0.00038830910675564451 -0.0013767631293481741 0.0015851305288154601 0.0019605702268842245 -0.0021366420403345532 0.0016333953784105433 0.00070424497475273526 0.0013079206811527579 -0.00025236631158681577 0.0024881192753423197 -0.0013077243337960955 -0.0070299150640035562 0.0063976748401270772 -0.00099117839151926525 -0.0020839952896380106 -0.00062395455457839311
leaf_weight=1131 326 258 422 559 132 669 1364 104 130 492 125 113 24217 13555 183 1269 3800 1176 784 1286 3214 102 345 215 381 181 100 116 374 770
leaf_count=1131 326 258 422 559 132 669 1364 104 130 492 125 113 24217 13555 183 1269 3800 1176 784 1286 3214 102 345 215 381 181 100 116 374 770
internal_value=-0.000436112 -0.000998147 0.00856849 0.0152745 -0.010645 -0.00847645 0.00176991 0.00919341 0.0110582 0.0164274 -0.0253817 -0.000618755 -0.000659265 -0.00207128 -0.0158072 -0.000143472 0.00163975 0.00355758 -5.23451e-05 -0.00419385 -0.0017549 0.00760818 -0.00542035 -0.00846206 0.00848271 0.0010094 -0.0110697 0.00723982 -0.000616016 0.00160116
internal_weight=57893 54496 3397 1707 2057 1800 1690 1148 1044 622 257 52439 52326 13996 441 38330 14113 9018 4771 3214 5095 4247 447 1484 1557 3611 397 216 2430 2056
internal_count=57893 54496 3397 1707 2057 1800 1690 1148 1044 622 257 52439 52326 13996 441 38330 14113 9018 4771 3214 5095 4247 447 1484 1557 3611 397 216 2430 2056
is_linear=0
shrinkage=0.05


Tree=124
num_leaves=31
num_cat=0
split_feature=3 3 1 9 6 6 1 15 14 7 8 8 13 12 9 8 8 9 8 15 7 13 9 7 7 8 8 6 7 7
split_gain=113.757 77.3871 74.7305 32.0016 26.2979 22.1461 18.7437 21.4801 17.6096 17.0537 48.395 34.1666 19.4479 21.7601 19.6811 19.9161 18.0379 22.6825 18.2747 16.398 22.8242 37.659 26.4496 31.5196 19.8853 29.4395 46.4725 26.8787 20.3708 35.4345
threshold=13.15769672393799 1.7241498827934267 1.0000000180025095e-35 14.284999847412111 963.25000000000011 947.25000000000011 1.0000000180025095e-35 27.500000000000004 1.8350000381469729 0.46105717122554785 0.8730936348438264 0.85803928971290599 -0.6035533845424651 0.30069434642791754 12.394999980926515 0.30901412665843969 0.80060017108917247 0.55500000715255748 0.76864764094352733 42.500000000000007 0.23626872897148135 -1.0000000180025095e-35 9.8949999809265154 0.35120280086994177 0.16894881427288058 -0.98009455204009999 -0.89706552028655995 959.75000000000011 1.0000000180025095e-35 -0.08797780796885489
decision_type=2 2 2 8 2 2 2 2 10 2 2 2 2 2 8 2 2 10 2 2 2 2 8 2 2 2 2 2 2 2
left_child=1 4 3 -2 8 -4 7 -3 -1 19 11 12 13 -11 15 -15 17 -14 -19 20 -8 22 23 -22 28 -26 -27 -28 29 -21
right_child=2 6 5 -5 -6 -7 9 -9 -10 10 -12 -13 16 14 -16 -17 -18 18 -20 24 21 -23 -24 -25 25 26 27 -29 -30 -31
leaf_value=-1.9878009275117392e-05 0.00010583032048403218 -0.00011501463953358599 0.00065567079546560161 0.00011136214635322218 -3.6068744871103207e-05 -1.719943349165476e-06 -4.7865323423822246e-05 5.7236460002229456e-05 -2.8071632125837092e-07 -0.00012232486717369263 -0.002618911149339691 0.0061633650157261717 0.0008158269387880864 -5.4985728177332772e-05 0.0036240166474493575 0.0025785123465668748 -0.00055840901523405203 -0.00015175150862600968 -0.0074610801794478656 4.5100048126482141e-06 -0.00015824442486249451 -0.0012372868159974606 -0.00044467303102065927 0.0041471776981873709 0.012664653260105666 -0.00033813331044769751 0.0017863749493303976 0.0047929151441725021 -0.00044828241555478491 0.0040334990319408964
leaf_weight=1323 638 6022 86 493 255 1067 12015 19703 488 1728 167 113 268 687 121 175 312 5635 87 3241 273 374 133 114 96 530 714 248 556 213
leaf_count=1323 638 6022 86 493 255 1067 12015 19703 488 1728 167 113 268 687 121 175 312 5635 87 3241 273 374 133 114 96 530 714 248 556 213
internal_value=-0.000351589 -0.000801317 0.0105723 0.0196743 -0.0102849 0.00159758 -0.000434336 0.000538282 -0.00812225 -0.00133429 -0.00308131 -0.0025846 -0.00293302 0.000607511 0.00652834 0.00380623 -0.00445537 -0.00383653 -0.00450498 -0.000456461 -0.00143643 -0.00912125 -0.000380952 0.00625 0.00180261 0.00652856 0.00474282 0.011272 -7.47198e-05 0.00135877
internal_weight=57875 55591 2284 1131 2066 1153 53525 25725 1811 27800 9293 9126 9013 2711 983 862 6302 5990 5722 18507 12909 894 520 387 5598 1588 1492 962 4010 3454
internal_count=57875 55591 2284 1131 2066 1153 53525 25725 1811 27800 9293 9126 9013 2711 983 862 6302 5990 5722 18507 12909 894 520 387 5598 1588 1492 962 4010 3454
is_linear=0
shrinkage=0.05


Tree=125
num_leaves=31
num_cat=0
split_feature=3 3 0 11 12 7 0 7 6 15 3 10 7 8 8 7 8 7 10 6 14 4 8 8 7 6 8 6 15 8
split_gain=84.27 74.0874 52.3475 31.5453 30.2868 28.5797 19.2879 17.5768 17.5558 16.9024 18.0093 18.5965 15.319 45.5328 28.7131 18.0573 15.2319 14.8943 29.0231 27.761 17.7791 13.8761 13.7231 50.924 25.151 18.6802 17.4686 22.2716 21.3903 20.6076
threshold=1.7241498827934267 13.15769672393799 1.0000000180025095e-35 3.5499999523162846 0.39873388409614569 -0.29014293849468226 1.0000000180025095e-35 -0.5677773356437682 949.54998779296886 36.500000000000007 11.635683536529543 0.94828754663467418 0.46105717122554785 0.8730936348438264 0.85581842064857494 0.44573585689067846 -0.99960738420486439 -0.92117106914520253 0.85260769724845897 941.25000000000011 6.5050001144409189 8.1050000190734881 0.88337317109107982 0.8730936348438264 0.1858661696314812 954.85000610351574 0.99805629253387462 955.95001220703136 67.500000000000014 0.98965245485305797
decision_type=2 2 2 2 2 2 2 2 2 2 2 2 2 2 2 2 2 2 2 2 10 2 2 2 2 2 2 2 2 2
left_child=3 6 8 4 -1 -4 12 -6 -3 10 17 -12 15 14 -14 -2 -11 18 -8 -19 -20 -7 23 -18 26 -25 27 29 -29 -24
right_child=1 2 5 -5 7 21 9 -9 -10 16 11 -13 13 -15 -16 -17 22 19 20 -21 -22 -23 24 25 -26 -27 -28 28 -30 -31
leaf_value=-2.3813716658355365e-05 -4.2213089583376806e-05 0.00031854036654881959 -0.00013317404444799507 1.3336545951154154e-06 -5.1571955941273186e-05 7.9622233258896957e-05 -3.6918172977341152e-05 -1.7651299428407888e-05 -5.8214951294988106e-06 0.0030988543609069691 0.00021916828277187552 0.00041624710286826129 -0.00010448525215483946 -0.002519925483055593 0.0026167075870909234 0.0023235245890972757 4.037359632072901e-05 -0.0011667720037125406 0.0064423952227383174 -8.221376978841344e-05 0.00017367272898214381 0.00010579403903556162 -0.00015248800382824886 -0.0025828199222759753 0.0023092704435067487 -0.0036176069432964117 0.00097332156564754581 -0.00021292071338998339 -0.0046492870177851486 0.001619830880209107
leaf_weight=1015 18379 202 172 468 80 166 1407 483 950 94 257 106 9009 174 153 168 12100 290 226 8080 125 788 815 80 1020 107 388 258 87 250
leaf_count=1015 18379 202 172 468 80 166 1407 483 950 94 257 106 9009 174 153 168 12100 290 226 8080 125 788 815 80 1020 107 388 258 87 250
internal_value=-0.000382543 -1.7008e-05 0.0088042 -0.0103364 -0.0137081 0.0164456 -0.000392885 -0.0229754 0.00129646 0.000595447 -0.00094798 0.00991848 -0.00130343 -0.00295472 -0.00246536 -0.000471647 0.00166075 -0.00134215 0.00283607 -0.0022209 0.0155899 0.0198123 0.0015321 0.00080947 0.00467588 -0.0247396 0.00110926 -0.0014841 -0.0124286 0.0021028
internal_weight=57897 55851 2278 2046 1578 1126 53573 563 1152 25690 10491 363 27883 9336 9162 18547 15199 10128 1758 8370 351 954 15105 12287 2818 187 1798 1410 345 1065
internal_count=57897 55851 2278 2046 1578 1126 53573 563 1152 25690 10491 363 27883 9336 9162 18547 15199 10128 1758 8370 351 954 15105 12287 2818 187 1798 1410 345 1065
is_linear=0
shrinkage=0.05


Tree=126
num_leaves=31
num_cat=0
split_feature=3 3 0 6 11 12 12 0 15 3 7 6 5 8 4 7 6 8 7 7 5 8 15 8 9 13 6 12 3 15
split_gain=95.5422 85.977 51.678 26.5721 23.7521 27.7239 20.7056 20.1644 27.0863 23.0042 19.874 16.6481 15.8001 15.4228 23.3757 20.3009 20.3037 18.8192 16.5085 30.4005 16.2149 18.7523 22.2096 20.7841 16.5812 15.6864 15.3195 15.24 14.1895 18.2524
threshold=13.15769672393799 1.7241498827934267 1.0000000180025095e-35 963.25000000000011 2.9500000476837163 -0.13052122294902799 -0.58068084716796864 1.0000000180025095e-35 24.500000000000004 11.635683536529543 -0.42640316486358637 949.75000000000011 1.1416666507720949 -0.61794704198837269 5.0350000858306894 -0.45724393427371973 956.95001220703136 -0.51909747719764698 -0.52458885312080372 -0.58184358477592457 6.7016665935516366 0.99805629253387462 45.500000000000007 -0.23416947573423383 12.25500011444092 0.37940952181816107 958.45001220703136 -0.35019405186176294 3.8853547573089604 36.500000000000007
decision_type=2 2 2 2 2 2 2 2 2 2 2 2 2 2 2 2 2 2 2 2 2 2 2 2 10 2 2 2 2 2
left_child=1 3 11 4 5 6 -1 -3 9 -9 -4 -2 -7 15 17 18 25 -15 19 -10 21 22 -16 -24 -25 -17 -6 -22 -27 -30
right_child=2 7 10 -5 26 12 -8 8 13 -11 -12 -13 -14 14 20 16 -18 -19 -20 -21 27 -23 23 24 -26 28 -28 -29 29 -31
leaf_value=-8.3228294448608586e-05 0.00028698888599451024 -6.0339879762547242e-05 -2.3189215340946312e-05 -3.0272321669938974e-05 -1.5524776899354577e-05 -1.7733344632511491e-05 1.7410453742848671e-05 -0.00021776655922940604 0.0019540095500264246 0.0002696745510561538 0.00010050433708378437 -2.0396651070730967e-06 -1.186635771435159e-05 -0.00022941207274846699 -0.00012358955724394439 0.00022150925249775165 0.00050275400175997769 -8.2808312605066586e-06 0.0030906780239829635 -0.0015966786654247598 0.0006394992669148448 0.0051927992268234139 0.0028747627548623201 0.0015946499448853326 -0.00082957701165420903 4.979276153449274e-05 0.00041915845818160506 -0.00020748658999192315 -0.0026864380625688578 -0.00052151566516844762
leaf_weight=439 217 27972 144 265 543 335 125 4486 820 155 986 939 227 444 1542 1734 2279 8674 192 112 215 108 367 1924 321 304 99 1058 329 595
leaf_count=439 217 27972 144 265 543 335 125 4486 820 155 986 939 227 444 1542 1734 2279 8674 192 112 215 108 367 1924 321 304 99 1058 329 595
internal_value=-0.000229488 -0.00064129 0.00977739 -0.0107213 -0.00846024 -0.0128205 -0.00492091 -0.000258222 0.000753974 -0.00270125 0.0173568 0.00232558 -0.0206349 0.00151739 0.000624233 0.00357143 0.00225886 -0.000931711 0.00965456 0.00683031 0.00318592 0.0046637 0.00411157 0.00691632 0.00508889 -0.000471857 -0.000772798 -0.00176056 -0.00478508 -0.00785791
internal_weight=57950 55664 2286 2033 1768 1126 564 53631 25659 4641 1130 1156 562 21018 14653 6365 5241 9118 1124 932 5535 4262 4154 2612 2245 2962 642 1273 1228 924
internal_count=57950 55664 2286 2033 1768 1126 564 53631 25659 4641 1130 1156 562 21018 14653 6365 5241 9118 1124 932 5535 4262 4154 2612 2245 2962 642 1273 1228 924
is_linear=0
shrinkage=0.05


Tree=127
num_leaves=31
num_cat=0
split_feature=3 3 0 7 5 14 7 4 7 6 6 6 6 3 6 8 8 7 7 7 9 12 13 14 9 8 7 8 6 6
split_gain=75.9545 70.1301 41.7403 27.5543 19.1438 24.7267 27.7031 16.8191 22.1434 17.1782 25.1916 18.193 20.6677 26.9481 23.2516 55.9798 73.0836 49.724 35.1362 91.591 53.8589 46.2033 40.6162 53.3486 34.6453 44.6158 32.1182 44.6219 30.6692 24.8932
threshold=13.15769672393799 1.5982254147529604 1.0000000180025095e-35 0.066572044044733061 10.75500011444092 16.545000076293949 -0.464854747056961 0.34000000357627874 0.86993730068206798 968.35000610351574 978.04998779296886 966.14999389648449 963.45001220703136 1.9665348529815676 960.35000610351574 0.88933694362640392 0.83987808227539074 0.33505657315254217 0.97316074371337902 0.99372953176498424 2.5149999856948857 -0.62249094247817982 -0.37940952181816096 7.4449999332427987 9.9349999427795428 0.15855792164802554 0.96693778038024913 0.22611359506845477 951.04998779296886 958.14999389648449
decision_type=2 2 2 2 2 8 2 2 2 2 2 2 2 2 2 2 2 2 2 2 10 2 2 10 10 2 2 2 2 2
left_child=1 3 -2 -1 5 6 -4 8 -3 11 -11 12 14 -14 18 16 -16 -17 26 20 -20 -21 -23 28 -22 -26 -9 -28 -24 -30
right_child=2 7 4 -5 -6 -7 -8 9 -10 10 -12 -13 13 -15 15 17 -18 -19 19 21 24 22 23 -25 25 -27 27 -29 29 -31
leaf_value=-2.0735630657450942e-05 3.8258247315625661e-06 -8.6704466682034978e-05 -0.0010498110490219177 -1.4768319480271131e-05 0.00011164511891102459 -1.4268419003343746e-05 0.00011422867083070166 -1.3484920193938085e-05 4.8336517497372516e-05 -0.00024073785531397718 0.00087919576703646423 0.00035827497614430244 -5.4401393095932124e-05 -0.00012073026994399925 0.00014101837551815238 0.00029890872538929363 -0.0016539771039568039 0.0062997910390746705 0.00013804687022665618 -0.00079430370826005174 -0.0022845435409701987 0.0047753772495041716 0.0062363676358876104 -0.0026073591198858105 -0.0075023013576084822 0.0043369929989937207 0.0043857105598680253 -0.00021473435546305304 -0.00014111787149834952 0.0061863476011838735
leaf_weight=881 1155 543 88 726 183 110 750 41224 131 896 122 1019 88 2419 4379 272 195 249 83 184 472 418 94 265 233 115 168 167 174 98
leaf_count=881 1155 543 88 726 183 110 750 41224 131 896 122 1019 88 2419 4379 272 195 249 83 184 472 418 94 265 233 115 168 167 174 98
internal_value=-0.000366974 -0.000734448 0.00855522 -0.0110112 0.0153609 0.012382 0.0153025 -0.000427675 -0.00824742 -0.00032809 -0.00674487 -0.000202596 -0.000334295 -0.00475717 -0.000106568 0.00308824 0.00131033 0.0185361 -0.000479405 -0.00672583 -0.0187775 0.00214055 0.00621442 -0.00180818 -0.0226667 -0.0104816 -0.000157588 0.0151471 0.0105121 0.00180505
internal_weight=57901 55615 2286 1607 1131 948 838 54008 674 53334 1018 52316 51297 2507 48790 5095 4574 521 43695 2136 903 1233 1049 631 820 348 41559 335 366 272
internal_count=57901 55615 2286 1607 1131 948 838 54008 674 53334 1018 52316 51297 2507 48790 5095 4574 521 43695 2136 903 1233 1049 631 820 348 41559 335 366 272
is_linear=0
shrinkage=0.05


Tree=128
num_leaves=31
num_cat=0
split_feature=3 3 0 7 9 14 7 12 12 14 8 8 7 13 12 15 12 8 8 8 10 8 7 5 5 14 7 14 5 8
split_gain=79.6423 67.4294 43.7366 23.9378 22.355 30.2684 22.6911 21.9943 19.6677 19.4923 15.1138 28.4813 27.4042 24.7637 16.4265 14.4513 12.4502 12.4481 42.0353 37.4587 28.9121 21.4397 88.6779 23.7897 23.7855 29.0277 29.5563 25.8864 19.9385 16.6682
threshold=13.15769672393799 1.7241498827934267 1.0000000180025095e-35 -0.38713158667087549 16.07499980926514 17.355000495910648 -0.464854747056961 -0.13052122294902799 -0.60873827338218678 1.3149999976158144 -0.33302289247512812 0.86674088239669811 0.95506030321121227 0.60355338454246532 -0.14780378341674802 56.500000000000007 -0.026175950653851029 0.99805629253387462 0.99717122316360485 0.99831542372703563 0.7933231294155122 0.98094093799591076 -0.13920918852090833 6.6150000095367441 4.2016665935516366 9.0950002670288104 0.11791723221540452 4.4649999141693124 2.6350001096725468 0.88337317109107982
decision_type=2 2 2 2 8 10 2 2 2 10 2 2 2 2 2 2 2 2 2 2 2 2 2 2 2 10 2 10 2 2
left_child=1 3 10 -1 5 6 -4 8 15 -9 16 12 -12 14 -13 -5 -2 18 21 -19 -21 29 23 -23 27 -26 -27 -24 -22 -3
right_child=2 17 4 7 -6 -7 -8 9 -10 -11 11 13 -14 -15 -16 -17 -18 19 -20 20 28 22 24 -25 25 26 -28 -29 -30 -31
leaf_value=-1.5350492371181238e-05 2.1730388622409613e-06 -2.2259288060099379e-05 -0.00093405564438964195 -2.5185940066674644e-05 0.00010606286296547252 -1.3554998053177947e-05 0.00010835130627910583 -1.4589973147974972e-05 1.7278347029719803e-05 -1.2476260588853732e-05 0.00043724888250016859 -3.8743507212751773e-06 -4.5936650441827381e-05 9.8889186055464717e-05 -6.6757501062669761e-05 -6.2474592471931364e-05 -2.8488984047669863e-05 0.0048278197163833915 -0.001268212423279045 -0.00022543926993993103 -0.00010858705594561291 -0.0028486531809256894 -2.7729866289068466e-05 -8.0224735565626044e-06 -0.0043297917221570672 0.0011414713878903249 -0.0098961304203411763 0.0022338605683243531 0.0025064909046042306 0.00024612220586397451
leaf_weight=755 164 44899 105 148 157 97 780 463 164 380 259 136 158 104 121 171 196 169 142 511 120 327 559 81 383 185 103 331 295 5337
leaf_count=755 164 44899 105 148 157 97 780 463 164 380 259 136 158 104 121 171 196 169 142 511 120 327 559 81 383 185 103 331 295 5337
internal_value=-0.00036848 -0.000744669 0.00878615 -0.00956376 0.0156906 0.012766 0.0156742 -0.0135988 -0.00502049 -0.0184552 0.00183727 0.00574713 0.0145735 -0.0045082 -0.0127863 -0.0121914 -0.00657534 -0.000400397 -0.000510964 0.00486364 0.000859291 -0.00043574 -0.00554711 -0.0261501 -9.57854e-05 -0.00717456 0.00477816 0.0052514 0.0105952 -0.000234868
internal_weight=57800 55523 2277 2081 1139 982 885 1326 483 843 1138 778 417 361 257 319 360 53442 52347 1095 926 52205 1969 408 1561 671 288 890 415 50236
internal_count=57800 55523 2277 2081 1139 982 885 1326 483 843 1138 778 417 361 257 319 360 53442 52347 1095 926 52205 1969 408 1561 671 288 890 415 50236
is_linear=0
shrinkage=0.05


Tree=129
num_leaves=31
num_cat=0
split_feature=3 3 0 4 14 6 7 6 0 11 7 6 4 2 6 7 8 7 2 6 4 7 7 13 10 8 8 8 8 9
split_gain=81.1761 68.2944 36.3673 27.133 26.6699 23.0084 21.1791 20.9183 15.4263 20.2677 18.7533 22.0682 21.5788 17.3168 16.8838 19.131 18.2298 16.3697 14.1025 15.3128 13.9491 21.7764 25.1987 24.1166 15.8012 14.3144 19.0276 13.7558 15.3979 16.9935
threshold=1.5982254147529604 13.15769672393799 1.0000000180025095e-35 10.324999809265138 17.355000495910648 949.75000000000011 -0.464854747056961 949.75000000000011 1.0000000180025095e-35 4.9500000476837167 -0.22370548546314237 945.95001220703136 6.3550000190734872 6.5000000000000009 952.35000610351574 -0.50248053669929493 -0.16681838035583493 -0.17316619306802747 31.500000000000004 947.45001220703136 7.5350000858306894 -0.10508767142891882 0.93851706385612499 -0.37940952181816096 0.9536806344985963 -0.75471875071525563 -0.55176848173141468 0.99141839146614086 -0.33302289247512812 15.614999771118166
decision_type=2 2 2 2 10 2 2 2 2 2 2 2 2 2 2 2 2 2 2 2 2 2 2 2 2 2 2 2 2 10
left_child=5 8 7 4 6 -1 -4 -3 9 10 11 12 13 -2 16 -16 -13 -12 19 -18 -11 23 24 -22 25 -23 -27 28 -9 -30
right_child=1 2 3 -5 -6 -7 -8 27 -10 20 17 14 -14 -15 15 -17 18 -19 -20 -21 21 22 -24 -25 -26 26 -28 -29 29 -31
leaf_value=-2.6020587725928511e-05 -0.00060295798582177024 0.00029558512984849405 -0.00095061771435134008 0.00010169479131650617 -1.287724815051683e-05 -1.5775847241688083e-05 0.00010334174948532505 -1.84615777126973e-05 2.2156823569160351e-05 9.4121169761559467e-05 -0.00067891791964906363 0.00085726854886320055 0.0040952148361648125 -0.00015526113753642405 -0.00054212845729552589 6.3312581119897028e-05 -0.00078346886121587493 -8.0378468787679392e-05 0.00073695546046400901 0.00011567859652071161 -0.00069670154810798086 6.850127552749386e-05 0.00023507724096445416 0.0003731104348919462 -0.00034243666428323828 -0.00066699476866088903 -0.00027352844068480043 -7.3350109926606521e-05 1.1483878400603277e-05 0.00026627744124115281
leaf_weight=526 455 222 94 212 91 1056 728 328 25911 14171 196 940 91 1713 258 296 247 6805 290 665 409 212 217 538 222 82 360 83 431 82
leaf_count=526 455 222 94 212 91 1056 728 328 25911 14171 196 940 91 1713 258 296 247 6805 290 665 409 212 217 538 222 82 360 83 431 82
internal_value=-0.000252865 6.12201e-05 0.00854569 0.0149115 0.0110566 -0.0114052 0.0139057 0.00225891 -0.000295842 -0.00110571 -0.002667 -0.0003125 -0.00395318 -0.00497009 0.00273973 -0.00500894 0.00475082 -0.004332 0.0006628 -0.00239913 4.62506e-05 -0.00381418 -0.00860656 0.00173319 -0.0123723 -0.00834598 -0.0134228 -0.00107643 0.000886525 0.00627413
internal_weight=57931 56349 2271 1125 913 1582 822 1146 54078 28167 11956 4955 2259 2168 2696 554 2142 7001 1202 912 16211 2040 1093 947 876 654 442 924 841 513
internal_count=57931 56349 2271 1125 913 1582 822 1146 54078 28167 11956 4955 2259 2168 2696 554 2142 7001 1202 912 16211 2040 1093 947 876 654 442 924 841 513
is_linear=0
shrinkage=0.05


Tree=130
num_leaves=31
num_cat=0
split_feature=3 3 0 7 12 4 10 6 6 7 6 11 15 10 7 10 7 6 3 15 7 7 4 7 7 7 12 6 7 12
split_gain=71.9181 58.15 37.8483 26.4629 26.9785 24.0021 18.439 15.6672 19.2855 15.6266 27.0026 14.6713 16.8443 18.4609 17.0416 26.679 26.9279 52.546 26.6058 27.3397 41.9162 46.0987 29.2065 29.0218 27.9569 30.61 23.6593 30.4585 34.933 22.7108
threshold=1.7241498827934267 13.15769672393799 1.0000000180025095e-35 0.066572044044733061 0.39873388409614569 10.324999809265138 0.90255093574523937 957.25000000000011 950.35000610351574 -0.036512531340122216 957.25000000000011 3.5499999523162846 90.500000000000014 -0.78257837891578663 -0.34717741608619684 -0.82409480214118946 -0.50248053669929493 952.45001220703136 4.0334863662719735 37.500000000000007 0.30247184634208685 0.69097238779068004 1.450000047683716 0.78354993462562572 0.90542393922805797 0.86993730068206798 0.14780378341674807 962.75000000000011 0.51358211040496837 0.39873388409614569
decision_type=2 2 2 2 2 2 2 2 2 2 2 2 2 2 2 2 2 2 2 2 2 2 2 2 2 2 2 2 2 2
left_child=3 11 6 7 -5 9 -3 8 -1 -4 -11 12 14 -14 15 -2 17 -17 -16 20 -20 -22 -21 -23 25 26 -24 28 -28 -26
right_child=1 2 5 4 -6 -7 -8 -9 -10 10 -12 -13 13 -15 18 16 -18 -19 19 22 21 23 24 -25 29 -27 27 -29 -30 -31
leaf_value=-1.0162391890442903e-05 -6.8333087998252631e-05 2.0540200063629e-05 5.3593388953415699e-05 -1.0324701367591837e-05 -1.3874702640195597e-05 9.1363139936129212e-05 -2.1137864432480004e-05 0.0031010122497018965 -3.9557503892795336e-05 0.00018818567306384262 2.9903667655184487e-05 1.2723108914697302e-05 0.0051126781851254651 -4.0345660658465225e-06 -7.264085853358072e-06 0.00050756442057157112 0.0026977635263155846 -0.0015108899670007695 -0.0018840101188346862 -0.00050068380996087184 0.0058095710713889576 -0.003556340190677318 0.00068262156532680578 0.00020287933091378622 -0.00051953297861815956 0.0031192434957833665 0.00012634536038320376 0.0010759948305715486 -0.0014664441964633503 -0.0014935562553050155
leaf_weight=690 2406 826 255 542 403 211 308 80 322 330 333 40569 85 96 4687 1682 257 120 483 273 98 100 708 117 515 163 362 149 429 206
leaf_count=690 2406 826 255 542 403 211 308 80 322 330 333 40569 85 96 4687 1682 257 120 483 273 98 100 708 117 515 163 362 149 429 206
internal_value=-0.00030877 2.86877e-05 0.00787037 -0.00952498 -0.0156316 0.0143298 0.00140474 -0.00419325 -0.00589971 0.0107259 0.0147455 -0.000303682 -0.00176957 0.013172 -0.00198668 0.000503356 0.00467539 0.00249032 -0.00332731 -0.00655488 -0.0146949 -0.00046875 -0.00421708 -0.0132883 -0.00252266 0.000798458 -0.00127042 -0.00645503 -0.0103643 -0.0108127
internal_weight=57805 55768 2263 2037 945 1129 1134 1092 1012 918 663 53505 12936 181 12755 4465 2059 1802 8290 3603 798 315 2805 217 2532 1811 1648 940 791 721
internal_count=57805 55768 2263 2037 945 1129 1134 1092 1012 918 663 53505 12936 181 12755 4465 2059 1802 8290 3603 798 315 2805 217 2532 1811 1648 940 791 721
is_linear=0
shrinkage=0.05


Tree=131
num_leaves=31
num_cat=0
split_feature=3 3 0 6 5 14 7 6 6 7 11 3 6 6 12 4 9 7 9 12 7 8 10 13 6 7 3 6 6 7
split_gain=83.9715 68.1545 39.3693 29.005 25.4696 19.5524 18.7539 17.024 19.6154 16.3047 13.1596 19.7763 17.1899 32.8709 16.3658 15.876 18.9925 18.2036 31.5692 17.9398 15.9869 33.1368 19.8869 17.786 24.6347 26.7769 28.1014 23.9761 16.7571 16.2168
threshold=13.15769672393799 1.5982254147529604 1.0000000180025095e-35 949.75000000000011 10.75500011444092 16.545000076293949 -0.5677773356437682 965.64999389648449 949.75000000000011 -0.464854747056961 3.5499999523162846 2.5927240848541264 963.64999389648449 957.75000000000011 -0.95368063449859608 5.8150000572204599 9.2550001144409197 -0.98450490832328785 4.0850000381469735 0.26722820103168493 -0.7360914647579192 -0.64460769295692433 0.95878320932388317 0.91597560048103344 961.04998779296886 0.73900762200355541 3.2358452081680302 942.64999389648449 948.85000610351574 -0.34717741608619684
decision_type=2 2 2 2 2 8 2 2 2 2 2 2 2 2 2 2 8 2 10 2 2 2 2 2 2 2 2 2 2 2
left_child=1 3 6 -1 5 9 -2 8 -8 -4 15 12 13 -12 -13 16 17 18 -3 -18 21 -19 -23 27 -25 -26 -27 -22 -29 -30
right_child=2 10 4 -5 -6 -7 7 -9 -10 -11 11 14 -14 -15 -16 -17 19 20 -20 -21 23 22 -24 24 25 26 -28 28 29 -31
leaf_value=-8.107334223826819e-06 0.0004324124777945193 -0.0007779748051360163 -0.00067598509964430793 -1.4470819811224137e-05 9.3125243393371593e-05 -1.3721100122593423e-05 0.00020716835850806694 0.00011303360860228929 -1.8958678658731467e-05 9.4216489258333602e-05 5.2440711208390398e-05 -0.00084581933745288696 -0.00012136396631111324 0.00032637347493280757 -2.6428820069868132e-06 0.0018764889770320273 -0.00015210747681825346 0.0040351400481209504 0.00036016399521571419 -0.00084379297193061119 0.0016009820244179504 -1.2908782089652432e-05 0.0018040211486545403 -1.0688680240851469e-05 0.0032551841635700528 0.00094015618762273391 -0.00021584119907953588 -0.00025935130784265496 0.00037570427652775017 -3.5961304401810118e-05
leaf_weight=524 130 258 86 1058 186 107 156 110 737 738 1243 1189 108 184 38053 379 500 90 215 275 130 1763 233 1394 120 102 136 1117 481 6084
leaf_count=524 130 258 86 1058 186 107 156 110 737 738 1243 1189 108 184 38053 379 500 90 215 275 130 1763 233 1394 120 102 136 1117 481 6084
internal_value=-0.000367933 -0.000751245 0.00909091 -0.0109641 0.0157308 0.0122329 0.00250439 0.00014881 -0.00217149 0.0148372 -0.000451359 -6.13016e-06 0.00555195 0.00701816 -0.000224221 -0.00181825 -0.00211579 -0.00162846 -0.0111925 -0.00967949 -0.00123552 0.00272597 0.00134933 -0.00210053 0.00244735 0.0140496 0.00411523 -0.0031214 -0.00348641 -0.00251903
internal_weight=57886 55636 2250 1582 1117 931 1133 1003 893 824 54054 40777 1535 1427 39242 13277 12898 12123 473 775 11650 2086 1996 9564 1752 358 238 7812 7682 6565
internal_count=57886 55636 2250 1582 1117 931 1133 1003 893 824 54054 40777 1535 1427 39242 13277 12898 12123 473 775 11650 2086 1996 9564 1752 358 238 7812 7682 6565
is_linear=0
shrinkage=0.05


Tree=132
num_leaves=31
num_cat=0
split_feature=3 3 0 4 14 7 12 12 15 4 7 8 8 8 6 9 14 12 8 7 7 7 5 4 11 12 10 9 5 6
split_gain=71.4065 56.9064 38.6231 27.7047 34.4348 19.2772 21.1668 17.5305 24.9719 15.5914 15.8631 15.1251 48.8692 39.9619 40.7641 35.066 37.3237 15.4641 15.0132 64.6188 45.7339 31.6337 31.5394 29.9133 27.5571 26.5459 18.9823 25.9818 18.1832 16.6951
threshold=1.7241498827934267 13.15769672393799 1.0000000180025095e-35 10.324999809265138 17.355000495910648 0.066572044044733061 -0.13052122294902799 -0.60873827338218678 55.500000000000007 8.055000305175783 -0.12216648086905478 0.99805629253387462 0.99717122316360485 0.99831542372703563 956.25000000000011 7.5350000858306894 8.6549997329711932 -0.16504132002592084 0.97745609283447277 -0.13920918852090833 0.2027285918593407 -0.1985165476799011 4.741666555404664 7.7850000858306894 3.9500000476837163 -0.26722820103168482 -0.96811076998710621 5.7249999046325692 5.7349998950958261 956.64999389648449
decision_type=2 2 2 2 10 2 2 2 2 2 2 2 2 2 2 10 10 2 2 2 2 2 2 2 2 2 2 10 2 2
left_child=5 11 -3 4 9 -1 7 8 -7 -4 -11 12 18 -13 15 17 -17 -15 -2 21 22 -20 24 25 -21 -24 -23 -28 -29 -26
right_child=1 2 3 -5 -6 6 -8 -9 -10 10 -12 13 -14 14 -16 16 -18 -19 19 20 -22 26 23 -25 29 -27 27 28 -30 -31
leaf_value=-2.5839079184290446e-05 -8.6149350713108079e-06 2.9083897345238977e-06 1.8013816675416239e-05 8.7358351437583082e-05 -1.3042514119626647e-05 0.000164778449801443 -1.018563775868897e-05 1.262921564742425e-05 -5.7243130126604554e-05 8.8107619698141193e-05 8.4913182180590416e-05 0.0054097292385078214 -0.0014619561588617585 -0.0010915052688116225 0.001891858549993264 0.0031812699079167652 -0.00074502621490337708 -0.00014061084068497085 0.0042008998496457011 -6.4878991113508441e-05 -0.0053100300158230298 -0.0016763084958291239 0.0032828524969786724 0.0006152325894449224 0.0021449898831601782 -0.0051959395847263482 -3.8596385212369416e-05 -0.0050011183201651432 -0.0014446842454245851 -0.00021171259086507702
leaf_weight=1118 49994 1156 182 218 91 90 569 125 148 148 499 175 145 138 302 196 114 204 84 359 83 90 114 112 644 334 145 148 102 80
leaf_count=1118 49994 1156 182 218 91 90 569 125 148 148 499 175 145 138 302 196 114 204 84 359 83 90 114 112 644 334 145 148 102 80
internal_value=-0.000384204 -4.74383e-05 0.0076555 0.0141732 0.0102703 -0.00953771 -0.0148346 -0.00529891 -0.0131687 0.0134892 0.0171012 -0.000378024 -0.000501535 0.0053351 0.0012513 -0.00578387 0.00634921 -0.0167147 -0.000419742 -0.00436957 0.000462161 -0.0189024 0.00233617 -0.00725664 0.00730699 -0.0130243 -0.0237755 -0.018625 -0.0282353 0.0128944
internal_weight=57907 55857 2294 1138 920 2050 932 363 238 829 647 53563 52434 1129 954 652 310 342 52289 2295 1726 569 1643 560 1083 448 485 395 250 724
internal_count=57907 55857 2294 1138 920 2050 932 363 238 829 647 53563 52434 1129 954 652 310 342 52289 2295 1726 569 1643 560 1083 448 485 395 250 724
is_linear=0
shrinkage=0.05


Tree=133
num_leaves=31
num_cat=0
split_feature=3 3 8 6 8 9 0 10 9 15 6 3 15 7 8 8 13 10 8 8 7 7 9 8 6 9 8 15 8 12
split_gain=70.9849 59.7766 33.9645 31.3979 30.2271 25.2694 21.9223 26.3518 15.3092 14.3521 14.2497 15.795 13.7239 33.5562 29.8889 39.5706 24.7846 62.4938 39.4727 62.1595 48.4619 97.5103 39.4867 37.3616 41.1995 37.1256 36.9015 35.3781 34.7155 33.8843
threshold=1.5982254147529604 13.15769672393799 -0.34918220341205591 949.75000000000011 -0.7433299422264098 16.07499980926514 1.0000000180025095e-35 0.9536806344985963 1.8049999475479128 84.500000000000014 948.35000610351574 13.738254070281984 37.500000000000007 0.98049062490463268 0.93324586749076854 0.94504281878471386 -0.6035533845424651 -0.39873388409614557 0.88337317109107982 0.80060017108917247 0.49128657579422003 0.52093526721000682 3.7250000238418584 0.95943385362625133 956.04998779296886 0.63499999046325695 -0.93779578804969776 69.500000000000014 0.43664719164371496 -0.62249094247817982
decision_type=2 2 2 2 2 8 2 2 10 2 2 2 2 2 2 2 2 2 2 2 2 2 8 2 2 10 2 2 2 2
left_child=3 12 4 8 -3 6 7 10 -1 -8 -4 -12 13 14 -2 -16 17 26 19 25 -21 -22 29 -24 -25 -18 -14 -26 -19 -20
right_child=1 2 5 -5 -6 -7 9 -9 -10 -11 11 -13 16 -15 15 -17 18 28 22 20 21 -23 23 24 27 -27 -28 -29 -30 -31
leaf_value=3.4403584826221429e-05 -2.5206275788675851e-05 3.4237565291589388e-05 0.00074629045197225914 -1.3696794779172011e-05 -2.1725697116620204e-05 0.000226994195978808 8.6963014229843324e-05 -5.9013502668622823e-05 -0.00012823698002728136 0.00014518696120620068 0.00017382765040209748 -1.0892089282907304e-05 0.002086968988372379 -0.0028635270141867744 -0.0026824703686974 -0.00017075486379858091 0.00038025296588374769 0.00027500026490935304 0.0017984474764649247 -0.0028558399430030075 0.0032002932437027679 -0.00049435897123179505 0.0020015896778453101 0.00077092545824472005 -0.00015049271300711655 -3.9908531243559388e-05 -0.00035130799165632447 -0.0038331094314670469 0.0029571512058156691 -0.0002052796835567965
leaf_weight=438 20631 431 94 1069 230 196 588 86 95 102 184 368 368 103 186 2314 656 2883 171 659 235 538 1517 1199 505 16628 3315 155 1235 632
leaf_count=438 20631 431 94 1069 230 196 588 86 95 102 184 368 368 103 186 2314 656 2883 171 659 235 538 1517 1199 505 16628 3315 155 1235 632
internal_value=-0.000403867 -0.000107624 0.00781524 -0.0107654 -0.00172673 0.0117067 0.00932025 0.00325645 -0.000836431 0.0156835 0.00675883 0.00359066 -0.000443126 -0.00135978 -0.00122969 -0.00638723 0.000250806 0.00268383 -0.000578603 -0.00155975 -0.0115518 -0.00302057 0.00381214 0.0061816 0.00142167 -0.000728787 -0.00204718 -0.00857143 0.00691244 -0.00612624
internal_weight=57811 56209 2279 1602 661 1618 1422 732 533 690 646 552 53930 23234 23131 2500 30696 7801 22895 18716 1432 773 4179 3376 1859 17284 3683 660 4118 803
internal_count=57811 56209 2279 1602 661 1618 1422 732 533 690 646 552 53930 23234 23131 2500 30696 7801 22895 18716 1432 773 4179 3376 1859 17284 3683 660 4118 803
is_linear=0
shrinkage=0.05


Tree=134
num_leaves=31
num_cat=0
split_feature=3 3 0 6 8 8 9 14 7 2 8 8 7 11 11 15 6 12 6 7 9 14 7 12 7 15 7 7 7 7
split_gain=75.1531 59.8788 39.7757 23.7055 22.2793 37.8897 21.769 26.3471 20.8113 18.8451 14.8331 14.8405 13.927 13.1637 12.1605 17.3759 35.7466 21.1334 17.3948 25.1572 22.3581 18.6313 16.8035 23.025 18.8881 15.1463 32.2873 26.654 54.7034 38.2421
threshold=1.5982254147529604 13.15769672393799 1.0000000180025095e-35 949.75000000000011 -0.33302289247512812 0.86674088239669811 16.07499980926514 17.355000495910648 0.95506030321121227 11.500000000000002 -0.34918220341205591 -0.95943385362625111 -0.036512531340122216 16.750000000000004 3.5499999523162846 85.500000000000014 959.75000000000011 -0.16504132002592084 956.54998779296886 0.5499682128429414 9.805000305175783 6.9749999046325692 0.96906387805938732 -0.5663846731185912 0.91947823762893688 40.500000000000007 0.98049062490463268 0.41470260918140417 -0.08797780796885489 -0.11364490166306494
decision_type=2 2 2 2 2 2 8 10 2 2 2 2 2 2 2 2 2 2 2 2 10 10 2 2 2 2 2 2 2 2
left_child=3 14 4 -1 -3 8 7 10 -6 -7 11 -4 13 -12 -2 25 17 18 -17 -20 21 -21 23 -18 -25 26 -16 28 29 -27
right_child=1 2 6 -5 5 9 -8 -9 -10 -11 12 -13 -14 -15 15 16 22 -19 19 20 -22 -23 -24 24 -26 27 -28 -29 -30 -31
leaf_value=-1.3722018130298171e-05 -2.8353696407019526e-05 -1.6360312062183026e-05 8.7731126258339129e-05 -1.2614526514112199e-05 0.00038568802876577939 4.0244613400655664e-05 8.037076524844422e-05 -1.1304103557813196e-05 4.3234761916832733e-05 -5.2692881987903566e-05 -0.00095059607144474265 -2.8909418398831434e-05 0.00011764880538210898 0.00018219071516389906 -4.1729506220172192e-05 -0.0034330139598706261 -0.0040027328306385069 1.0224903092742599e-05 -0.0042262981113870722 0.00043270790784803921 0.0033171786743957489 -0.0047015038611641913 0.0013894316999764637 0.00053908968348847922 -0.00099823033101069944 0.00015075246695434952 -0.0033433900962182407 -2.4922013762956886e-05 0.0014878271363993765 -0.0048079367243843074
leaf_weight=529 13241 362 84 1082 253 90 155 98 168 281 84 165 449 114 20820 392 95 341 129 90 81 101 202 348 90 4389 105 10557 2933 205
leaf_count=529 13241 362 84 1082 253 90 155 98 168 281 84 165 449 114 20820 392 95 341 129 90 81 101 202 348 90 4389 105 10557 2933 205
internal_value=-0.000414384 -0.000109876 0.0077773 -0.0110458 0.00120794 0.00589711 0.0143414 0.0115115 0.0160798 -0.00571809 0.0142064 0.00374016 0.0181748 0.00689655 -0.000446198 -1.9568e-05 -0.00472252 -0.0102722 -0.0147243 -0.00726601 0.00144404 -0.00790816 0.00385135 -0.000836431 0.00406321 0.000206336 -0.000709508 0.00126596 0.00353824 0.000130463
internal_weight=58033 56422 2303 1611 1154 792 1149 994 421 371 896 249 647 198 54119 40878 1869 1134 793 401 272 191 735 533 438 39009 20925 18084 7527 4594
internal_count=58033 56422 2303 1611 1154 792 1149 994 421 371 896 249 647 198 54119 40878 1869 1134 793 401 272 191 735 533 438 39009 20925 18084 7527 4594
is_linear=0
shrinkage=0.05


Tree=135
num_leaves=31
num_cat=0
split_feature=3 3 1 5 6 11 3 12 11 11 12 7 5 8 8 12 8 11 13 6 8 8 8 10 6 5 10 13 8 6
split_gain=62.8209 56.3382 33.9819 25.9322 20.7953 18.0811 14.4376 15.755 24.7382 14.4066 23.2858 14.6189 13.9496 40.4217 21.7789 35.4895 27.922 27.4073 23.2381 22.4412 21.7894 20.0475 18.707 39.9553 33.9243 36.253 34.0296 31.4653 40.0916 25.6279
threshold=1.7241498827934267 13.15769672393799 1.0000000180025095e-35 10.75500011444092 949.45001220703136 18.650000572204593 2.3956258296966557 -0.53727915883064259 2.8500000238418584 2.9500000476837163 0.39873388409614569 -0.45724393427371973 3.2316666841506962 0.99960738420486461 0.86458376049995433 -0.47714059054851526 0.80060017108917247 5.9500000476837167 -0.7865660786628722 942.75000000000011 0.89706552028656017 0.99993991851806652 0.95943385362625133 0.98321744799613964 955.85000610351574 6.3849999904632577 0.9238443672657014 -1.0000000180025095e-35 0.98965245485305797 950.85000610351574
decision_type=2 2 2 2 2 2 2 2 2 2 2 2 2 2 2 2 2 2 2 2 2 2 2 2 2 2 2 2 2 2
left_child=9 6 3 5 -4 -3 7 8 -2 10 -1 -12 13 14 16 18 -8 19 -16 -18 -20 22 -14 24 26 -26 27 28 -24 -25
right_child=1 2 4 -5 -6 -7 12 -9 -10 -11 11 -13 21 -15 15 -17 17 -19 20 -21 -22 -23 23 29 25 -27 -28 -29 -30 -31
leaf_value=-1.7812877532994222e-05 -6.2810677405319545e-05 7.2358195680180542e-05 0.00029170661440158232 7.6352226986020627e-05 -5.6706224620672874e-06 -1.0738898379925034e-05 -5.897122903861748e-05 2.9866658910563727e-05 0.00039510988847114105 -1.6970177844740157e-05 -6.466925085140633e-06 -1.0632578565025927e-05 3.6748394131280727e-05 -0.00085153400153848845 -0.00081093856237585485 -4.9961775686233668e-05 0.0001765672255317932 0.00094862672818031297 0.0096608676105705473 -0.00073265873042892846 0.0015616224335460397 0.0043406450232560565 -0.0035714707436726775 -0.00061056380645972132 -0.0041048314995000548 9.3195633705539518e-05 -0.0020867676037927591 0.0018917750737121903 0.00048093472491727299 0.001686812416534389
leaf_weight=876 564 800 197 181 944 134 15898 2088 335 725 82 357 27901 175 148 2011 114 81 83 613 534 152 313 85 600 228 560 628 286 107
leaf_count=876 564 800 197 181 944 134 15898 2088 335 725 82 357 27901 175 148 2011 114 81 83 613 534 152 313 85 600 228 560 628 286 107
internal_value=-0.000439408 -0.000123734 0.00760725 0.0137946 0.00152705 0.0103301 -0.000450392 0.00292447 -0.00259956 -0.00904645 -0.0121591 -0.021509 -0.000650212 -0.00169108 -0.00147278 0.00262496 -0.00215427 -0.0111931 0.0117532 -0.014276 0.0159968 1.29597e-05 -7.81428e-05 -0.00396515 -0.0055916 -0.0139256 -0.00170201 0.00296266 -0.00521523 0.0177665
internal_weight=57800 55760 2256 1115 1141 934 53504 2987 899 2040 1315 439 50517 19657 19482 2776 16706 808 765 727 617 30860 30708 2807 2615 828 1787 1227 599 192
internal_count=57800 55760 2256 1115 1141 934 53504 2987 899 2040 1315 439 50517 19657 19482 2776 16706 808 765 727 617 30860 30708 2807 2615 828 1787 1227 599 192
is_linear=0
shrinkage=0.05


Tree=136
num_leaves=31
num_cat=0
split_feature=3 5 14 3 6 0 6 7 12 0 9 6 9 15 0 15 3 7 5 4 13 15 10 7 15 4 6 10 12 10
split_gain=50.3764 48.2751 26.2692 38.5706 21.5969 18.3858 18.2262 21.7625 23.4103 17.1351 15.0185 14.0645 13.096 14.1295 12.3862 16.7821 15.4789 14.8855 16.4526 22.7099 20.0495 16.653 16.4906 18.7341 20.7286 16.8899 21.1229 24.8504 19.8709 17.9548
threshold=1.5982254147529604 10.75500011444092 17.355000495910648 13.15769672393799 949.75000000000011 1.0000000180025095e-35 946.25000000000011 0.99166637659072887 0.39873388409614569 1.0000000180025095e-35 1.8049999475479128 943.14999389648449 14.465000152587892 53.500000000000007 1.0000000180025095e-35 24.500000000000004 11.635683536529543 0.41470260918140417 3.93833339214325 3.4600000381469731 0.60355338454246532 48.500000000000007 -0.98321744799613942 -0.88436415791511525 13.500000000000002 8.1050000190734881 950.75000000000011 -0.86159634590148915 -0.74892720580101002 0.9536806344985963
decision_type=2 2 8 2 2 2 2 2 2 2 10 2 10 2 2 2 2 2 2 2 2 2 2 2 2 2 2 2 2 2
left_child=4 2 3 14 10 -3 -5 8 9 12 11 -1 13 -8 17 16 -16 18 19 20 -2 -21 23 -20 -25 28 27 -27 -24 -28
right_child=1 5 -4 6 -6 -7 7 -9 -10 -11 -12 -13 -14 -15 15 -17 -18 -19 22 21 -22 -23 25 24 -26 26 29 -29 -30 -31
leaf_value=-9.0531552376574905e-05 5.5376997047998369e-05 2.0903904204655489e-05 -1.7520040823570949e-05 0.00085770555802557329 -1.0937157504093461e-05 7.0273051129066119e-05 -1.6358494578783135e-05 -0.00034357246656544497 0.00022809049079716427 5.4231895060663508e-05 -0.00015443142199016223 0.00032964176721296388 -2.8640864968304538e-05 8.1463968993822358e-05 -0.00016118687617828117 4.0309683100997998e-05 0.00021646391375773345 -9.1926893603428924e-05 0.0012112701009215562 -0.0011084593919612822 -0.00011587816167415401 0.0005410068028165433 -0.0021848917275434951 -0.0045615610600416648 -0.00060806495459385 -0.0050526876478808273 -7.8311207076453562e-05 0.0010116667218963815 0.00087067526722524888 -0.00028150486989381163
leaf_weight=136 5107 188 153 81 1080 191 249 91 176 671 92 300 203 269 4488 21277 160 9896 592 2300 2311 545 365 85 1542 86 188 161 4822 142
leaf_count=136 5107 188 153 81 1080 191 249 91 176 671 92 300 203 269 4488 21277 160 9896 592 2300 2311 545 365 85 1542 86 188 161 4822 142
internal_value=-0.000339074 -8.9628e-05 -0.000210846 -0.000153193 -0.00905146 0.0175781 0.00716332 0.00597957 0.00737444 0.0051539 -0.000750469 0.0031746 -0.000206612 0.0040153 -0.000389296 0.000399152 -0.00232108 -0.00111557 -0.000268478 -0.00159233 -0.000134716 -0.00538596 0.0014334 -0.00222572 -0.00499387 0.00284278 -0.00524055 0.00575397 0.00374615 -0.0134328
internal_weight=57947 56339 55960 55807 1608 379 1740 1659 1568 1392 528 436 721 518 54067 25925 4648 28142 18246 10263 7418 2845 7983 2219 1627 5764 577 247 5187 330
internal_count=57947 56339 55960 55807 1608 379 1740 1659 1568 1392 528 436 721 518 54067 25925 4648 28142 18246 10263 7418 2845 7983 2219 1627 5764 577 247 5187 330
is_linear=0
shrinkage=0.05


Tree=137
num_leaves=31
num_cat=0
split_feature=3 3 0 15 6 7 6 6 6 7 11 15 8 15 6 8 7 6 8 7 10 8 8 8 8 4 14 8 10 8
split_gain=55.7782 49.0049 34.9758 24.6196 20.5047 19.9465 18.2876 17.1475 16.6198 15.6607 15.6912 13.5853 15.5811 13.0952 40.7334 49.5569 22.8804 21.5382 23.1176 21.2234 16.7622 13.2209 14.418 22.9102 27.9276 22.0756 21.1557 19.2209 31.361 12.6247
threshold=1.5982254147529604 13.15769672393799 1.0000000180025095e-35 84.500000000000014 956.54998779296886 -0.77000474929809559 949.54998779296886 943.14999389648449 964.54998779296886 0.71541279554367077 15.449999809265138 95.500000000000014 -0.24284747242927548 84.500000000000014 955.64999389648449 0.82072415947914135 0.99630826711654674 962.35000610351574 -0.27159604430198664 0.66571527719497692 -0.95878320932388295 0.99997696280479442 0.9998425841331483 0.99960738420486461 0.99805629253387462 4.2550001144409189 6.5050001144409189 0.99683821201324474 0.76037701964378368 0.14153897762298587
decision_type=2 2 2 2 2 2 2 2 2 2 2 2 2 2 2 2 2 2 2 2 2 2 2 2 2 2 10 2 2 2
left_child=5 11 6 4 -4 7 -3 -1 -8 -6 -11 13 -13 21 19 16 17 -16 -19 -15 -17 22 23 24 27 -24 -25 -2 -29 -9
right_child=1 2 3 -5 9 -7 8 29 -10 10 -12 12 -14 14 15 20 -18 18 -20 -21 -22 -23 25 26 -26 -27 -28 28 -30 -31
leaf_value=-0.00013761321177029103 -1.2584158694189376e-05 0.00025558582676930565 0.00010487405326711774 7.5288547916568807e-05 4.1244329142647863e-05 -1.4789155320077407e-05 -1.351614992964878e-05 0.0024688136502720595 0.00011594020015970319 1.2691386970253849e-05 -1.6644038782392955e-05 -0.00052592750917861424 0.0011984174943837718 -0.00060055105347188551 0.0007946370628777289 -0.0024143954883852521 -0.00035059150296900166 -0.0024226461107734357 0.000208169267651221 -0.0013157322310256405 -0.00037967375870052826 -0.0011195030412579725 -0.00011563446478554752 -0.001068028318764855 0.0011750653028593393 0.0044678785629609528 4.3266080677956126e-05 0.00012505498958767115 -0.0018493327424084613 -9.0753855044790806e-05
leaf_weight=144 50094 211 598 179 116 1258 802 95 146 141 87 134 306 378 668 83 131 125 329 305 146 85 85 127 540 155 111 109 136 92
leaf_count=144 50094 211 598 179 116 1258 802 95 146 141 87 134 306 378 668 83 131 125 329 305 146 85 85 127 540 155 111 109 136 92
internal_value=-0.000343571 -8.25463e-05 0.00708972 0.0133659 0.0100317 -0.00956713 0.000987973 0.00133929 -0.0019937 0.000286533 -0.00729614 -0.00038574 0.00831461 -0.00045792 -0.00426267 0.000403497 0.00433227 0.00665484 -0.00174292 -0.0143169 -0.0207265 -0.000297393 -0.000263814 -0.000321779 -0.000248605 0.0118367 -0.0156379 -0.000370451 -0.0142 0.0111979
internal_weight=57916 56327 2280 1121 942 1589 1159 331 948 344 228 54047 440 53607 2165 1482 1253 1122 454 683 229 51442 51357 51117 50879 240 238 50339 245 187
internal_count=57916 56327 2280 1121 942 1589 1159 331 948 344 228 54047 440 53607 2165 1482 1253 1122 454 683 229 51442 51357 51117 50879 240 238 50339 245 187
is_linear=0
shrinkage=0.05


Tree=138
num_leaves=31
num_cat=0
split_feature=3 9 1 3 3 8 7 6 6 11 8 6 8 8 7 7 4 10 11 13 12 7 15 6 7 7 7 7 9 3
split_gain=51.4061 45.2058 22.8885 37.5833 19.3642 17.8341 16.1535 40.5361 23.2036 34.3524 25.9226 37.1642 33.7904 21.7218 25.7942 21.2496 21.1189 36.1044 28.4291 21.624 33.0489 21.484 21.0867 22.2722 20.2994 19.9883 18.6787 25.7298 33.979 17.7544
threshold=1.7241498827934267 16.07499980926514 1.0000000180025095e-35 13.15769672393799 2.4375712871551518 -0.34918220341205591 -0.38713158667087549 943.75000000000011 947.64999389648449 9.6500000953674334 0.52707284688949596 943.95001220703136 0.71989676356315624 0.46735489368438726 -0.82193484902381886 -0.85020262002944935 7.5350000858306894 0.93038213253021251 4.1499998569488534 1.0000000180025095e-35 0.47714059054851538 0.85247093439102184 54.500000000000007 950.25000000000011 0.59228822588920604 -0.60945609211921681 0.86133140325546276 0.89799436926841747 2.8249999284744267 3.8484816551208501
decision_type=2 10 2 2 2 2 2 2 2 2 2 2 2 2 2 2 2 2 2 2 2 2 2 2 2 2 2 2 10 2
left_child=-1 2 3 -2 -4 -5 8 -8 9 -6 11 -11 -12 22 15 -15 18 21 26 -20 -21 24 23 -10 -18 -25 -9 -28 -29 -22
right_child=1 -3 4 5 6 -7 7 16 13 10 12 -13 -14 14 -16 -17 17 -19 19 20 29 -23 -24 25 -26 -27 27 28 -30 -31
leaf_value=-1.0265522767682195e-05 2.0093852731123928e-05 5.1105413536786662e-05 3.0314814778608638e-05 -7.280152353683623e-07 -0.00044883003326908616 8.1227275750561667e-05 0.014527820824185354 -0.00027908509863276958 0.00061444413232849833 0.0031182993545395611 0.0033677272078025153 -0.0022286907232019286 -1.1648149998427783e-05 -0.00017031475987895151 0.00015206540461434881 -0.0027981491403080202 -2.6039065222063786e-05 -0.00012818545801910887 0.00027520957030584541 -0.00012924816867073297 9.387532062533461e-05 0.00012976775555150478 -0.0025861918611991934 0.006017236196991591 -0.0010458463359232313 0.00055206181315291258 0.001580444123493987 6.3178474414591227e-05 -0.00043073215987011717 -0.002460630896950955
leaf_weight=2071 25647 296 1716 287 4769 716 100 3369 1001 535 98 604 87 238 1941 160 756 711 5362 3542 122 430 128 258 164 382 272 305 911 941
leaf_count=2071 25647 296 1716 287 4769 716 100 3369 1001 535 98 604 87 238 1941 160 756 711 5362 3542 122 430 128 258 164 382 272 305 911 941
internal_value=-0.00034269 -5.55028e-05 -0.000160196 0.000896642 -0.00113467 0.0103671 -0.00146004 -0.00240436 0.000112679 -0.00184487 0.00526712 0.00240385 0.0223684 0.00301483 -0.000149317 -0.0116625 -0.00259621 -0.00733301 -0.0019354 -0.000406137 -0.00291757 -0.00250923 0.00718715 0.0087181 -0.00681081 0.015969 -0.00506993 -0.000401875 -0.0035217 -0.0106273
internal_weight=57919 55848 55552 26650 28902 1003 27186 16985 10201 6093 1324 1139 185 4108 2339 398 16885 2061 14824 9967 4605 1350 1769 1641 920 640 4857 1488 1216 1063
internal_count=57919 55848 55552 26650 28902 1003 27186 16985 10201 6093 1324 1139 185 4108 2339 398 16885 2061 14824 9967 4605 1350 1769 1641 920 640 4857 1488 1216 1063
is_linear=0
shrinkage=0.05


Tree=139
num_leaves=31
num_cat=0
split_feature=3 3 0 15 15 12 10 6 4 10 4 11 13 11 3 10 6 6 5 8 8 15 6 8 6 11 3 4 10 6
split_gain=50.9372 44.517 28.5945 22.3387 19.0243 18.1577 24.1405 16.7555 15.2269 14.9328 16.9788 14.1162 13.2148 12.6977 16.6904 11.3678 18.9099 12.4543 11.0052 12.1776 12.6494 10.5152 50.4601 34.825 15.8682 14.894 31.5418 31.2315 23.6482 17.3506
threshold=1.7241498827934267 13.15769672393799 1.0000000180025095e-35 84.500000000000014 95.500000000000014 0.9170251488685609 0.28400452435016638 957.25000000000011 3.304999947547913 -0.96359375119209278 9.2550001144409197 16.150000572204593 -0.7865660786628722 8.6500000953674334 2.3956258296966557 0.93038213253021251 962.54998779296886 949.25000000000011 0.78166666626930248 0.98633936047554027 0.91585582494735729 85.500000000000014 954.95001220703136 0.83987808227539074 962.35000610351574 3.2500000000000004 4.6318747997283944 1.310000002384186 -0.9099266231060027 940.45001220703136
decision_type=2 2 2 2 2 2 2 2 2 2 2 2 2 2 2 2 2 2 2 2 2 2 2 2 2 2 2 2 2 2
left_child=18 4 15 7 5 21 8 9 -7 10 -4 -9 -6 14 -8 16 17 -3 -1 20 -20 25 -23 24 -24 26 28 -28 -2 -30
right_child=1 2 3 -5 12 6 13 11 -10 -11 -12 -13 -14 -15 -16 -17 -18 -19 19 -21 -22 22 23 -25 -26 -27 27 -29 29 -31
leaf_value=-9.0786737273137335e-06 -5.9785120524113352e-05 0.0002875040802287954 -0.000861240320242121 5.0846488493547229e-05 -0.00038127861405787142 4.165708423345149e-05 0.00052002997960750826 1.5990131590959413e-05 -0.00081804287745354184 0.00013734354446017229 7.3118376809042099e-05 -1.1663286366631054e-05 0.0016847926439947612 0.003830520348248473 0.00017069381059723541 -1.3323935727871384e-05 0.00019317031852648659 -2.004052486381802e-06 -9.2321952118217854e-06 -5.684632704950816e-05 0.00024271355427959141 -0.0020282249276678669 0.00031334240644851079 -0.0013886125771030021 -9.5005740434536264e-05 6.3937686357651294e-06 -0.0013996537282985817 -0.00081079948694194766 -0.00070447769799543436 2.5251216426603123e-05
leaf_weight=170 2360 147 94 172 96 314 166 198 170 396 168 115 332 115 350 224 97 683 1633 170 104 503 752 172 410 40040 103 2810 96 4751
leaf_count=170 2360 147 94 172 96 314 166 198 170 396 168 115 332 115 350 224 97 683 1633 170 104 503 752 172 410 40040 103 2810 96 4751
internal_value=-0.000270219 1.61178e-05 0.00682906 0.0124129 -0.000276403 -0.000361466 0.0059375 0.009375 -0.00245399 0.0138763 0.00449438 -0.000157233 0.0101617 0.0123428 0.00882917 0.00125433 0.00370172 0.0011976 -0.00794909 -0.00682531 -0.00553961 -0.000497096 -0.00420738 0.000896191 0.00402742 -0.000360809 -0.00207407 -0.0064599 -0.000298114 0.00170033
internal_weight=57911 55834 2294 1143 53540 53112 1115 971 484 658 262 313 428 631 516 1151 927 830 2077 1907 1737 51997 1837 1334 1162 50160 10120 2913 7207 4847
internal_count=57911 55834 2294 1143 53540 53112 1115 971 484 658 262 313 428 631 516 1151 927 830 2077 1907 1737 51997 1837 1334 1162 50160 10120 2913 7207 4847
is_linear=0
shrinkage=0.05


Tree=140
num_leaves=31
num_cat=0
split_feature=3 3 0 9 14 8 7 8 6 6 7 6 6 6 7 6 7 4 7 9 13 11 4 12 6 7 7 7 7 9
split_gain=58.667 36.7717 26.2937 22.6644 25.3935 16.3913 16.2499 15.5117 12.3433 13.9599 13.6986 12.1138 20.5162 15.1572 18.929 17.4947 22.8599 23.4766 24.332 23.6734 31.7622 24.3639 35.2808 22.0647 20.7098 44.7589 40.3143 35.4648 66.9271 48.6309
threshold=13.15769672393799 1.5982254147529604 1.0000000180025095e-35 16.07499980926514 17.355000495910648 0.93168920278549205 -0.5677773356437682 -0.89706552028655995 964.54998779296886 951.85000610351574 -0.079425927251577363 978.04998779296886 968.35000610351574 966.14999389648449 0.9905582368373872 963.64999389648449 0.53553086519241344 6.7149999141693124 0.98372149467468273 10.50500011444092 0.37940952181816107 2.9500000476837163 3.1049998998641972 0.36648726463317877 962.35000610351574 0.97316074371337902 0.91258591413497936 0.97316074371337902 0.99372953176498424 2.5149999856948857
decision_type=2 2 2 8 10 2 2 2 2 2 2 2 2 2 2 2 2 2 2 10 2 2 2 2 2 2 2 2 2 10
left_child=1 7 6 4 5 -4 -2 -1 9 -8 -11 12 13 15 -15 24 -17 19 23 20 -18 -22 -23 -19 27 26 -26 -3 29 -29
right_child=2 11 3 -5 -6 -7 8 -9 -10 10 -12 -13 -14 14 -16 16 17 18 -20 -21 21 22 -24 -25 25 -27 -28 28 -30 -31
leaf_value=-1.7000379709319369e-05 0.00037766765591127352 -1.0994665857012605e-06 4.8845917873391324e-05 5.9268428492928465e-05 -7.8741844005358882e-06 9.1913067975785142e-05 5.886470385876308e-05 -6.3463495988787952e-06 9.8903568028169136e-05 -5.2528350222219582e-05 -2.4410770423505257e-06 0.0011887740265596109 -0.00018472426061654502 0.00066434010590248809 -0.0015634709462633194 -0.00031231636357759163 -0.00022992259593351239 -0.00048497862853413289 0.0013630520703676681 -0.015248746027918522 0.00011732034633137341 -0.00055552471929664043 0.0012552387440447567 0.0012397235030824295 0.000134555786616114 0.0024132345993054779 -0.0039628994855532033 6.3479126470903635e-05 4.2611566381122167e-05 -0.0016123123657390418
leaf_weight=312 130 45036 653 156 98 229 261 1277 146 108 496 127 922 903 98 216 985 156 158 82 259 139 243 106 1241 452 102 136 1473 1118
leaf_count=312 130 45036 653 156 98 229 261 1277 146 108 496 127 922 903 98 216 985 156 158 82 259 139 243 106 1241 452 102 136 1473 1118
internal_value=-0.000254224 -0.000576999 0.00760298 0.0129711 0.0100508 0.0127396 0.00222513 -0.00806148 4.92126e-05 -0.00224138 -0.00640394 -0.000355839 -0.000392904 -0.000263665 0.00581511 -0.000381451 -0.0045977 -0.00300047 0.00752941 -0.0056042 -0.00423053 0.00441176 -0.00361757 -0.00187266 -0.000181587 0.00508333 0.000482196 -0.000379961 -0.00591142 -0.0143765
internal_weight=57818 55541 2277 1136 980 882 1141 1589 1011 865 604 53952 53825 52903 1001 51902 2344 2128 420 1708 1626 641 382 262 49558 1795 1343 47763 2727 1254
internal_count=57818 55541 2277 1136 980 882 1141 1589 1011 865 604 53952 53825 52903 1001 51902 2344 2128 420 1708 1626 641 382 262 49558 1795 1343 47763 2727 1254
is_linear=0
shrinkage=0.05


Tree=141
num_leaves=31
num_cat=0
split_feature=3 3 9 14 5 6 0 3 12 9 4 0 15 4 7 6 9 8 8 15 6 8 4 7 7 8 14 7 7 7
split_gain=49.2899 37.8989 28.4499 24.8181 21.8717 18.8883 16.3592 12.1646 18.9051 13.6958 19.1511 11.237 15.6121 19.1991 15.0252 23.9859 15.6695 15.0292 17.526 14.2423 18.1571 23.9794 17.1731 20.2884 16.4434 14.6534 14.4913 14.197 12.8821 40.9449
threshold=13.15769672393799 1.7241498827934267 17.005000114440922 17.355000495910648 10.75500011444092 946.45001220703136 1.0000000180025095e-35 2.316846609115601 -0.88697704672813404 2.1250000000000004 1.3450000286102297 1.0000000180025095e-35 37.500000000000007 8.7349996566772479 -0.97415921092033375 941.25000000000011 2.1250000000000004 0.96527305245399486 0.95444580912590038 74.500000000000014 954.85000610351574 0.92530733346939098 4.9249999523162851 0.61963334679603588 0.96468064188957225 0.45206801593303686 8.1250000000000018 -0.17316619306802747 0.41470260918140417 0.16894881427288058
decision_type=2 2 8 10 2 2 2 2 2 10 2 2 2 2 2 2 10 2 2 2 2 2 2 2 2 2 10 2 2 2
left_child=1 -1 3 5 -5 -2 -7 8 9 -3 -11 -9 13 14 16 -16 -13 18 -17 28 24 22 23 -22 -21 26 -24 -15 29 -14
right_child=2 7 -4 4 -6 6 -8 11 -10 10 -12 12 19 27 15 17 -18 -19 -20 20 21 -23 25 -25 -26 -27 -28 -29 -30 -31
leaf_value=-8.6475757683242893e-06 0.0010034394391566449 -0.00022577583218500951 5.9367053952349982e-05 -1.8896327092443602e-05 3.4764909782636354e-05 3.2869037910832067e-06 4.8103447619607392e-05 -7.485936216945176e-05 3.4348823833962614e-05 0.0010452632232491701 -0.00018461563517745464 -0.00078270753583575814 0.00020944274820523524 0.00013200161448665703 -0.0010397069309092339 -7.9063253036295786e-05 0.0015812290934066747 -0.00061041278391950229 0.001454841993813133 -0.00028932480148346937 -0.0007067476133356212 -0.0025413127105725856 0.0036386803604611358 1.0999031458072293e-05 -0.0035061190116367023 0.0041704976035992517 -8.5442648605632554e-05 0.00027356223344559004 4.6346590953203452e-05 0.0026661017098574937
leaf_weight=2066 89 228 150 123 97 913 903 26542 2100 85 116 89 4015 112 487 7960 762 814 116 731 218 134 205 1312 113 229 470 106 5442 1141
leaf_count=2066 89 228 150 123 97 913 903 26542 2100 85 116 89 4015 112 487 7960 762 814 116 731 218 134 205 1312 113 229 470 106 5442 1141
internal_value=-0.00016588 -0.000461348 0.00703947 0.00551643 -0.0102222 0.00735602 0.00620538 -0.000204551 0.0031768 -0.00633641 0.00315534 -0.000372527 0.000400638 -0.0010621 -0.0013779 -0.00195587 0.00496495 -0.00136031 -0.000705358 0.00149126 -0.00131694 0.000777303 0.00192702 -0.00130293 -0.00765607 0.00737074 0.00360294 0.0134529 0.00239555 0.00418524
internal_weight=57868 55593 2275 2125 220 1905 1816 53527 2529 429 201 50998 24456 10446 10228 9377 851 8890 8076 14010 3412 2568 2434 1530 844 904 675 218 10598 5156
internal_count=57868 55593 2275 2125 220 1905 1816 53527 2529 429 201 50998 24456 10446 10228 9377 851 8890 8076 14010 3412 2568 2434 1530 844 904 675 218 10598 5156
is_linear=0
shrinkage=0.05


Tree=142
num_leaves=31
num_cat=0
split_feature=3 3 0 5 3 7 6 4 12 12 11 7 11 12 6 6 7 6 4 12 10 11 3 4 9 6 7 10 7 8
split_gain=46.0774 35.963 25.2374 23.2144 13.8243 13.4095 14.8431 13.8043 12.9555 14.1488 15.6925 13.7128 15.3864 13.0797 12.2453 13.06 12.1212 12.1345 12.9548 11.803 26.5914 13.7556 15.538 12.1287 11.4568 10.5 10.4721 21.0347 18.1407 21.9595
threshold=13.15769672393799 1.5982254147529604 1.0000000180025095e-35 10.75500011444092 15.689095973968508 -0.52458885312080372 964.54998779296886 8.8850002288818377 -0.97625884413719166 0.44618082046508795 1.8499999642372134 -0.1985165476799011 1.8499999642372134 0.04361772537231446 957.75000000000011 948.35000610351574 -0.42640316486358637 952.95001220703136 8.1050000190734881 0.9170251488685609 0.28400452435016638 8.6500000953674334 2.4773434400558476 3.304999947547913 3.6750000715255742 949.85000610351574 -0.99975964426994313 -0.9099266231060027 -0.99842980504035939 -0.030073020607233044
decision_type=2 2 2 2 2 2 2 2 2 2 2 2 2 2 2 2 2 2 2 2 2 2 2 2 8 2 2 2 2 2
left_child=1 8 5 4 16 -2 7 -7 -1 11 -11 -10 -13 -14 15 -12 -4 -18 -19 26 23 22 -22 24 -21 -9 27 -3 29 -28
right_child=2 19 3 -5 -6 6 -8 25 9 10 14 12 13 -15 -16 -17 17 18 -20 20 21 -23 -24 -25 -26 -27 28 -29 -30 -31
leaf_value=-0.00012202089425756707 0.00034858698917631384 -0.001292598448901879 -0.00074384145214154151 4.6797587501512533e-05 -6.5356588258902452e-06 3.2072771093266672e-05 9.4326972575897738e-05 6.472991947850116e-05 0.00012342563731826891 -5.3515053634756433e-06 -1.7343208232225736e-05 1.1383747769525347e-06 -5.16930493524229e-05 6.7029248976249909e-07 3.3668924097111919e-06 -4.7357627034105845e-05 0.00020385388053553168 -8.9050976423038502e-05 3.6796653889134562e-05 -3.1285213175964636e-05 0.00039775582274421809 0.0036943074201222868 7.0086579237940713e-05 -0.0008363613253432288 0.0015826279215319262 -2.3210416371693966e-05 -0.00042348172707006298 0.0018999091436863293 -2.0796526795935964e-05 0.0047776300835523158
leaf_weight=135 151 203 103 187 100 353 141 83 272 134 192 146 237 94 192 217 238 109 390 249 216 110 337 167 91 417 156 85 51969 332
leaf_count=135 151 203 103 187 100 353 141 83 272 134 192 146 237 94 192 217 238 109 390 249 216 110 337 167 91 417 156 85 51969 332
internal_value=-0.000295791 -0.000581573 0.00667545 0.01197 0.00867725 0.00143478 -0.000700701 -0.00320513 -0.00791256 -0.00651444 -0.0114189 -0.00165782 -0.00674274 -0.0126488 -0.00783828 -0.0126812 0.0107692 0.0130054 0.00843254 -0.00036072 0.00459574 0.0111527 0.0077957 -0.00400391 0.00144928 -0.00851485 -0.00047109 -0.00989761 -0.000418398 0.00912779
internal_weight=57806 55534 2272 1127 940 1145 994 853 1619 1484 735 749 477 331 601 409 840 737 499 53915 1170 663 553 507 340 500 52745 288 52457 488
internal_count=57806 55534 2272 1127 940 1145 994 853 1619 1484 735 749 477 331 601 409 840 737 499 53915 1170 663 553 507 340 500 52745 288 52457 488
is_linear=0
shrinkage=0.05


end of trees

feature_importances:
day_of_year_cos=566
day_of_year_sin=546
ecmwf_surface_pressure=470
ensemble_wind_speed_100m=432
gfs_wind_direction_10m_cos=377
gfs_wind_direction_100m_sin=287
gfs_relative_humidity_2m=275
wind_speed_10m_mean=269
ecmwf_wind_speed_100m=245
icon_wind_gusts_10m=206
ecmwf_wind_speed_10m=195
hour_sin=183
icon_wind_speed_100m=98
lead_hours=69
turbine_id__cat_0=64
turbine_id__cat_1=8

parameters:
[boosting: gbdt]
[objective: regression_l1]
[metric: l1]
[tree_learner: serial]
[device_type: cpu]
[data_sample_strategy: bagging]
[data: ]
[valid: ]
[num_iterations: 143]
[learning_rate: 0.05]
[num_leaves: 31]
[num_threads: 4]
[seed: 20260923]
[deterministic: 1]
[force_col_wise: 1]
[force_row_wise: 0]
[histogram_pool_size: -1]
[max_depth: -1]
[min_data_in_leaf: 80]
[min_sum_hessian_in_leaf: 0.001]
[bagging_fraction: 0.9]
[pos_bagging_fraction: 1]
[neg_bagging_fraction: 1]
[bagging_freq: 1]
[bagging_seed: 20081]
[bagging_by_query: 0]
[feature_fraction: 0.9]
[feature_fraction_bynode: 1]
[feature_fraction_seed: 2478]
[extra_trees: 0]
[extra_seed: 19505]
[early_stopping_round: 0]
[early_stopping_min_delta: 0]
[first_metric_only: 0]
[max_delta_step: 0]
[lambda_l1: 0]
[lambda_l2: 5]
[linear_lambda: 0]
[min_gain_to_split: 0]
[drop_rate: 0.1]
[max_drop: 50]
[skip_drop: 0.5]
[xgboost_dart_mode: 0]
[uniform_drop: 0]
[drop_seed: 10845]
[top_rate: 0.2]
[other_rate: 0.1]
[min_data_per_group: 100]
[max_cat_threshold: 32]
[cat_l2: 10]
[cat_smooth: 10]
[max_cat_to_onehot: 4]
[top_k: 20]
[monotone_constraints: ]
[monotone_constraints_method: basic]
[monotone_penalty: 0]
[feature_contri: ]
[forcedsplits_filename: ]
[refit_decay_rate: 0.9]
[cegb_tradeoff: 1]
[cegb_penalty_split: 0]
[cegb_penalty_feature_lazy: ]
[cegb_penalty_feature_coupled: ]
[path_smooth: 0]
[interaction_constraints: ]
[verbosity: -1]
[saved_feature_importance_type: 0]
[use_quantized_grad: 0]
[num_grad_quant_bins: 4]
[quant_train_renew_leaf: 0]
[stochastic_rounding: 1]
[linear_tree: 0]
[max_bin: 255]
[max_bin_by_feature: ]
[min_data_in_bin: 3]
[bin_construct_sample_cnt: 200000]
[data_random_seed: 5095]
[is_enable_sparse: 1]
[enable_bundle: 1]
[use_missing: 1]
[zero_as_missing: 0]
[feature_pre_filter: 1]
[pre_partition: 0]
[two_round: 0]
[header: 0]
[label_column: ]
[weight_column: ]
[group_column: ]
[ignore_column: ]
[categorical_feature: ]
[forcedbins_filename: ]
[precise_float_parser: 0]
[parser_config_file: ]
[objective_seed: 4466]
[num_class: 1]
[is_unbalance: 0]
[scale_pos_weight: 1]
[sigmoid: 1]
[boost_from_average: 1]
[reg_sqrt: 0]
[alpha: 0.9]
[fair_c: 1]
[poisson_max_delta_step: 0.7]
[tweedie_variance_power: 1.5]
[lambdarank_truncation_level: 30]
[lambdarank_norm: 1]
[label_gain: ]
[lambdarank_position_bias_regularization: 0]
[eval_at: ]
[multi_error_top_k: 1]
[auc_mu_weights: ]
[num_machines: 1]
[local_listen_port: 12400]
[time_out: 120]
[machine_list_filename: ]
[machines: ]
[gpu_platform_id: -1]
[gpu_device_id: -1]
[gpu_device_id_list: ]
[gpu_use_dp: 0]
[num_gpu: 1]

end of parameters

pandas_categorical:[]
