turbine,time_local,time_utc,issue_time_utc,lead_hours,forecast,p10,p50,p90
t1,2026-02-01 00:00:00,2026-01-31 18:00:00,2026-01-30,42.0,0.08288374631705833,0.010256009597776033,0.018217043076282288,0.2412351321088052
t1,2026-02-01 01:00:00,2026-01-31 19:00:00,2026-01-30,43.0,0.06477356052267724,0.00994239077355992,0.015528696333731598,0.17713916940738575
t1,2026-02-01 02:00:00,2026-01-31 20:00:00,2026-01-30,44.0,0.05127408872386133,0.009925915443846422,0.015785667741356577,0.16153375099010622
t1,2026-02-01 03:00:00,2026-01-31 21:00:00,2026-01-30,45.0,0.05379023166909383,0.009878571461526276,0.014849794128045659,0.16484482614646764
t1,2026-02-01 04:00:00,2026-01-31 22:00:00,2026-01-30,46.0,0.06469147144071263,0.009845266562589784,0.012707206804458035,0.21825388036969984
t1,2026-02-01 05:00:00,2026-01-31 23:00:00,2026-01-30,47.0,0.08074864538801162,0.011266669978098477,0.01807834966779037,0.27620802602180566
t1,2026-02-01 06:00:00,2026-02-01 00:00:00,2026-01-31,24.0,0.14580905363010352,0.009148610666523466,0.0627991767358091,0.509812060484748
t1,2026-02-01 07:00:00,2026-02-01 01:00:00,2026-01-31,25.0,0.16035965212135342,0.012586999035605952,0.09262106925176711,0.5978952992582646
t1,2026-02-01 08:00:00,2026-02-01 02:00:00,2026-01-31,26.0,0.14884732898628253,0.009602656394145617,0.1179065302223128,0.6576324712516742
t1,2026-02-01 09:00:00,2026-02-01 03:00:00,2026-01-31,27.0,0.2458032131251311,0.011724750097324734,0.18505041091327037,0.7116648002756334
t1,2026-02-01 10:00:00,2026-02-01 04:00:00,2026-01-31,28.0,0.38087105885495764,0.05668326303420754,0.357018218111696,0.8316196712985756
t1,2026-02-01 11:00:00,2026-02-01 05:00:00,2026-01-31,29.0,0.4129560410705659,0.05110736446363402,0.3583429873348231,0.8276761608279319
t1,2026-02-01 12:00:00,2026-02-01 06:00:00,2026-01-31,30.0,0.3308424649876366,0.04257010574654611,0.29595016098773574,0.7039212775133015
t1,2026-02-01 13:00:00,2026-02-01 07:00:00,2026-01-31,31.0,0.2624236027232071,0.024608173772018807,0.22965428643839603,0.6951165583241143
t1,2026-02-01 14:00:00,2026-02-01 08:00:00,2026-01-31,32.0,0.28991846511962494,0.03681100398231238,0.2628901223262838,0.7056334249752382
t1,2026-02-01 15:00:00,2026-02-01 09:00:00,2026-01-31,33.0,0.26308836399151414,0.026854179676656,0.2178929884396999,0.6535484496327089
t1,2026-02-01 16:00:00,2026-02-01 10:00:00,2026-01-31,34.0,0.2574236606301338,0.028492632786549545,0.22801697570392768,0.6545075173784027
t1,2026-02-01 17:00:00,2026-02-01 11:00:00,2026-01-31,35.0,0.2518188608489102,0.01976455399107805,0.19576305062299493,0.6364158972909735
t1,2026-02-01 18:00:00,2026-02-01 12:00:00,2026-01-31,36.0,0.25888393820569683,0.02150817360071396,0.2096291801356715,0.6134371879417537
t1,2026-02-01 19:00:00,2026-02-01 13:00:00,2026-01-31,37.0,0.23313426900581224,0.0310131481331052,0.21839254314666987,0.5716721451984472
t1,2026-02-01 20:00:00,2026-02-01 14:00:00,2026-01-31,38.0,0.259553538046551,0.03434391764737414,0.24222450646233057,0.5850899432353438
t1,2026-02-01 21:00:00,2026-02-01 15:00:00,2026-01-31,39.0,0.25658287520687184,0.0346585223795594,0.23963106702480777,0.5901009212313175
t1,2026-02-01 22:00:00,2026-02-01 16:00:00,2026-01-31,40.0,0.2928039471038209,0.06263001801826898,0.25368170186154765,0.6126417620150335
t1,2026-02-01 23:00:00,2026-02-01 17:00:00,2026-01-31,41.0,0.30270859376708575,0.05978910229671882,0.25234853517250505,0.6434604012169112
t1,2026-02-02 00:00:00,2026-02-01 18:00:00,2026-01-31,42.0,0.23996962212138576,0.048921228825573974,0.22244896364786193,0.6574627483346863
t1,2026-02-02 01:00:00,2026-02-01 19:00:00,2026-01-31,43.0,0.359191769053092,0.061822701488325756,0.28858735441780226,0.7020907134257016
t1,2026-02-02 02:00:00,2026-02-01 20:00:00,2026-01-31,44.0,0.47862430400407957,0.11359607694731182,0.3889395096863709,0.8831059957442454
t1,2026-02-02 03:00:00,2026-02-01 21:00:00,2026-01-31,45.0,0.547065418958946,0.1764987974405803,0.5016004737686849,0.9554623721028644
t1,2026-02-02 04:00:00,2026-02-01 22:00:00,2026-01-31,46.0,0.5934581730148767,0.25361574807169684,0.5987539495769393,0.966489707158656
t1,2026-02-02 05:00:00,2026-02-01 23:00:00,2026-01-31,47.0,0.6679167524317255,0.3540598531936366,0.6810468282967407,0.9784341432377021
t1,2026-02-02 06:00:00,2026-02-02 00:00:00,2026-02-01,24.0,0.7857808652709842,0.5303028554119161,0.8511938291367003,0.9894127811600593
t1,2026-02-02 07:00:00,2026-02-02 01:00:00,2026-02-01,25.0,0.815341880416507,0.5798569827343055,0.8798599380886877,0.9863587370712817
t1,2026-02-02 08:00:00,2026-02-02 02:00:00,2026-02-01,26.0,0.7885266183227999,0.5578488350516572,0.8692855344395057,0.9858968848145436
t1,2026-02-02 09:00:00,2026-02-02 03:00:00,2026-02-01,27.0,0.8013183295112207,0.5482169157050631,0.898951818199152,0.9860764300901238
t1,2026-02-02 10:00:00,2026-02-02 04:00:00,2026-02-01,28.0,0.8653553526560019,0.6920910617788832,0.9194422669497897,0.9883710071841402
t1,2026-02-02 11:00:00,2026-02-02 05:00:00,2026-02-01,29.0,0.9075408374733955,0.7558883668187345,0.9276001133806699,0.9893019023256379
t1,2026-02-02 12:00:00,2026-02-02 06:00:00,2026-02-01,30.0,0.9210313972208134,0.7596883774349934,0.9582317962019185,0.9891391679699797
t1,2026-02-02 13:00:00,2026-02-02 07:00:00,2026-02-01,31.0,0.9240407886633598,0.7668637930288855,0.9609410502890454,0.9893401665091324
t1,2026-02-02 14:00:00,2026-02-02 08:00:00,2026-02-01,32.0,0.9204660636565072,0.75339156466691,0.9590712863390006,0.9889771404468486
t1,2026-02-02 15:00:00,2026-02-02 09:00:00,2026-02-01,33.0,0.8789806296058722,0.6513587032923314,0.9397016136747197,0.990306228164803
t1,2026-02-02 16:00:00,2026-02-02 10:00:00,2026-02-01,34.0,0.8415662943338593,0.6039395881725024,0.9359787790509623,0.9834292841891228
t1,2026-02-02 17:00:00,2026-02-02 11:00:00,2026-02-01,35.0,0.6805104043106169,0.2881867297253622,0.756673095984611,0.9763250437240458
t1,2026-02-02 18:00:00,2026-02-02 12:00:00,2026-02-01,36.0,0.39353289566659294,0.09663927841823351,0.39327876915000115,0.8562234909457282
t1,2026-02-02 19:00:00,2026-02-02 13:00:00,2026-02-01,37.0,0.24389040220207067,0.02139568006297176,0.19771358895103294,0.7074773171551539
t1,2026-02-02 20:00:00,2026-02-02 14:00:00,2026-02-01,38.0,0.222675508657554,0.013677695913568636,0.15314349627253715,0.6581440125716952
t1,2026-02-02 21:00:00,2026-02-02 15:00:00,2026-02-01,39.0,0.19847593433037172,0.011384608987164755,0.13045196045013824,0.621571589185379
t1,2026-02-02 22:00:00,2026-02-02 16:00:00,2026-02-01,40.0,0.19994591741002524,0.01276793088046651,0.1491222393387787,0.6000102700654869
t1,2026-02-02 23:00:00,2026-02-02 17:00:00,2026-02-01,41.0,0.2168535304525177,0.01833813793014864,0.1734840700886105,0.5857941126489328
t1,2026-02-03 00:00:00,2026-02-02 18:00:00,2026-02-01,42.0,0.23832004512072028,0.03150295020857973,0.18899917711200406,0.6328994198090513
t1,2026-02-03 01:00:00,2026-02-02 19:00:00,2026-02-01,43.0,0.33513235260695395,0.0588373264285718,0.29389446269818653,0.760733791859235
t1,2026-02-03 02:00:00,2026-02-02 20:00:00,2026-02-01,44.0,0.4556292543616104,0.11247569163213066,0.45553540812857446,0.9206370522687769
t1,2026-02-03 03:00:00,2026-02-02 21:00:00,2026-02-01,45.0,0.5519984484595117,0.17940653643988894,0.5115358999263412,0.9495573584873807
t1,2026-02-03 04:00:00,2026-02-02 22:00:00,2026-02-01,46.0,0.6012102192934503,0.18313313835974238,0.5761200281730379,0.9692467742220395
t1,2026-02-03 05:00:00,2026-02-02 23:00:00,2026-02-01,47.0,0.5500150166572574,0.15307794442524883,0.5007701956735497,0.9289033824435023
t1,2026-02-03 06:00:00,2026-02-03 00:00:00,2026-02-02,24.0,0.5456351548933229,0.14410833740281973,0.4695952748158818,0.9195525176373455
t1,2026-02-03 07:00:00,2026-02-03 01:00:00,2026-02-02,25.0,0.38276548674268845,0.08953253906870623,0.34488102358225253,0.8496614377609318
t1,2026-02-03 08:00:00,2026-02-03 02:00:00,2026-02-02,26.0,0.3288558772220176,0.050924876294327716,0.1951816424238099,0.6789868859038094
t1,2026-02-03 09:00:00,2026-02-03 03:00:00,2026-02-02,27.0,0.2064996335982056,0.014210166426513099,0.09375076821170242,0.49030016221955997
t1,2026-02-03 10:00:00,2026-02-03 04:00:00,2026-02-02,28.0,0.10337384492063537,0.007939000282691643,0.04401935322310928,0.32835595265602047
t1,2026-02-03 11:00:00,2026-02-03 05:00:00,2026-02-02,29.0,0.09101030737877264,0.008208285433380844,0.03316751382023741,0.2985755989249726
t1,2026-02-03 12:00:00,2026-02-03 06:00:00,2026-02-02,30.0,0.07095366605776915,0.008200128752257037,0.021950758999978025,0.27143328852438375
t1,2026-02-03 13:00:00,2026-02-03 07:00:00,2026-02-02,31.0,0.06518627957842674,0.009126838572024074,0.021679717198065187,0.23286211253919326
t1,2026-02-03 14:00:00,2026-02-03 08:00:00,2026-02-02,32.0,0.062135039518884924,0.009365119429753438,0.01957658995180441,0.21876458562810883
t1,2026-02-03 15:00:00,2026-02-03 09:00:00,2026-02-02,33.0,0.06526227676764167,0.009493984861077531,0.021075088865955237,0.2100529321941296
t1,2026-02-03 16:00:00,2026-02-03 10:00:00,2026-02-02,34.0,0.09953352338694857,0.009423324508789304,0.04334257911770914,0.27541534972084425
t1,2026-02-03 17:00:00,2026-02-03 11:00:00,2026-02-02,35.0,0.2177469131049407,0.015533812427950645,0.11451686188663222,0.5054134658673021
t1,2026-02-03 18:00:00,2026-02-03 12:00:00,2026-02-02,36.0,0.40441528293460804,0.03111532315582652,0.3128790017027406,0.7586924535214475
t1,2026-02-03 19:00:00,2026-02-03 13:00:00,2026-02-02,37.0,0.5716419291822459,0.05045672905801839,0.4336395961802847,0.911756574123242
t1,2026-02-03 20:00:00,2026-02-03 14:00:00,2026-02-02,38.0,0.5904574425525202,0.047677969713719605,0.5256099942044921,0.9430315147849376
t1,2026-02-03 21:00:00,2026-02-03 15:00:00,2026-02-02,39.0,0.6128336559077366,0.049664774110780165,0.5450740834829705,0.9819774275509685
t1,2026-02-03 22:00:00,2026-02-03 16:00:00,2026-02-02,40.0,0.6222529780197171,0.07673040809019653,0.5878856612936403,0.9834727226326148
t1,2026-02-03 23:00:00,2026-02-03 17:00:00,2026-02-02,41.0,0.6375072598389665,0.0820971278342286,0.5932229321737624,0.9688895043727261
t1,2026-02-04 00:00:00,2026-02-03 18:00:00,2026-02-02,42.0,0.6343149905685639,0.07606628890959274,0.601752494419378,0.964629298994724
t1,2026-02-04 01:00:00,2026-02-03 19:00:00,2026-02-02,43.0,0.6096253433416245,0.05282077690058705,0.5944345529280177,0.9501361295316978
t1,2026-02-04 02:00:00,2026-02-03 20:00:00,2026-02-02,44.0,0.5908793565897297,0.05478077409493617,0.5367743257043288,0.966180654545679
t1,2026-02-04 03:00:00,2026-02-03 21:00:00,2026-02-02,45.0,0.575671265746201,0.0529319906219142,0.4984680029568978,0.9812389629454583
t1,2026-02-04 04:00:00,2026-02-03 22:00:00,2026-02-02,46.0,0.5736019961742206,0.06039597593165297,0.5487941739638585,0.9783189320125327
t1,2026-02-04 05:00:00,2026-02-03 23:00:00,2026-02-02,47.0,0.5734503845322966,0.0552602849443865,0.5196858763762723,0.9469964476626271
t1,2026-02-04 06:00:00,2026-02-04 00:00:00,2026-02-03,24.0,0.5622746326640252,0.22236869805354967,0.6364669725309476,0.9737815352604782
t1,2026-02-04 07:00:00,2026-02-04 01:00:00,2026-02-03,25.0,0.546596031727279,0.08946223559922128,0.5505841184699072,0.9713196611902847
t1,2026-02-04 08:00:00,2026-02-04 02:00:00,2026-02-03,26.0,0.44271770826837886,0.05274949614933379,0.41974355945604025,0.9418099184523775
t1,2026-02-04 09:00:00,2026-02-04 03:00:00,2026-02-03,27.0,0.40322761266096424,0.03344824172921619,0.32597133390766214,0.9115731898916961
t1,2026-02-04 10:00:00,2026-02-04 04:00:00,2026-02-03,28.0,0.29273686595139964,0.017125525967021285,0.1605058055497453,0.8138415859733173
t1,2026-02-04 11:00:00,2026-02-04 05:00:00,2026-02-03,29.0,0.2781486881072482,0.014594165887997031,0.18142779305028042,0.7450208245914268
t1,2026-02-04 12:00:00,2026-02-04 06:00:00,2026-02-03,30.0,0.23774315413901442,0.017744419849605834,0.1398607375752719,0.6860265626645925
t1,2026-02-04 13:00:00,2026-02-04 07:00:00,2026-02-03,31.0,0.20592889473283843,0.012179122395797463,0.12387685776481566,0.5871076404366341
t1,2026-02-04 14:00:00,2026-02-04 08:00:00,2026-02-03,32.0,0.18684337152235825,0.011992803531324696,0.12148258714590017,0.5710574135747303
t1,2026-02-04 15:00:00,2026-02-04 09:00:00,2026-02-03,33.0,0.1810788017114579,0.008085508065424454,0.11789356237123899,0.5185722828642023
t1,2026-02-04 16:00:00,2026-02-04 10:00:00,2026-02-03,34.0,0.16457929605103394,0.009594163484564822,0.08710197400799743,0.49576247121607775
t1,2026-02-04 17:00:00,2026-02-04 11:00:00,2026-02-03,35.0,0.16211400430291756,0.008213517154168293,0.11793102707193641,0.44171939967428503
t1,2026-02-04 18:00:00,2026-02-04 12:00:00,2026-02-03,36.0,0.15946589887810664,0.003379923451889322,0.10110907834332972,0.34551224501328237
t1,2026-02-04 19:00:00,2026-02-04 13:00:00,2026-02-03,37.0,0.2914908631215402,0.021276581618487694,0.15884748333907422,0.6272167398139502
t1,2026-02-04 20:00:00,2026-02-04 14:00:00,2026-02-03,38.0,0.49892468758120845,0.03688502748465136,0.37801848267837274,0.9032304198710608
t1,2026-02-04 21:00:00,2026-02-04 15:00:00,2026-02-03,39.0,0.6060655486524599,0.12826162321884604,0.595690779493623,0.9851149772190313
t1,2026-02-04 22:00:00,2026-02-04 16:00:00,2026-02-03,40.0,0.7642443943770658,0.26996964637937093,0.7613176780372213,0.9956784018944532
t1,2026-02-04 23:00:00,2026-02-04 17:00:00,2026-02-03,41.0,0.851596578057674,0.4805033158966902,0.8638281900119326,0.9893719970497997
t1,2026-02-05 00:00:00,2026-02-04 18:00:00,2026-02-03,42.0,0.8688221451539718,0.657106642928036,0.9079958095746845,0.9907104485058146
t1,2026-02-05 01:00:00,2026-02-04 19:00:00,2026-02-03,43.0,0.9197322114755503,0.7335776061610991,0.9586104635168496,0.9889026876672566
t1,2026-02-05 02:00:00,2026-02-04 20:00:00,2026-02-03,44.0,0.924206098464561,0.8250525869185085,0.9671152967201796,0.9893303582438591
t1,2026-02-05 03:00:00,2026-02-04 21:00:00,2026-02-03,45.0,0.9330142944182573,0.8705771094925944,0.9673609570161962,0.9894617659309621
t1,2026-02-05 04:00:00,2026-02-04 22:00:00,2026-02-03,46.0,0.9351462938507884,0.8723723662819728,0.9675739148147703,0.9894509782157008
t1,2026-02-05 05:00:00,2026-02-04 23:00:00,2026-02-03,47.0,0.9354962652941354,0.8748366277195758,0.9675739148147703,0.9894509782157008
t1,2026-02-05 06:00:00,2026-02-05 00:00:00,2026-02-04,24.0,0.935162018096452,0.8299231982201998,0.9675739148147703,0.9894553227025862
t1,2026-02-05 07:00:00,2026-02-05 01:00:00,2026-02-04,25.0,0.9373180337100908,0.7899556141985111,0.9675739148147703,0.9894537367130619
t1,2026-02-05 08:00:00,2026-02-05 02:00:00,2026-02-04,26.0,0.9252571633720412,0.7675688380443408,0.9675739148147703,0.9894474648693792
t1,2026-02-05 09:00:00,2026-02-05 03:00:00,2026-02-04,27.0,0.9267369116651968,0.8181347610819912,0.9676012746051909,0.9894459198531218
t1,2026-02-05 10:00:00,2026-02-05 04:00:00,2026-02-04,28.0,0.9313041259795277,0.8243272808249259,0.9676012746051909,0.989440680774497
t1,2026-02-05 11:00:00,2026-02-05 05:00:00,2026-02-04,29.0,0.9395358149063691,0.8300864898687198,0.9676012746051909,0.9894407742931812
t1,2026-02-05 12:00:00,2026-02-05 06:00:00,2026-02-04,30.0,0.9395034127146533,0.8300864898687198,0.9676012746051909,0.9894407742931812
t1,2026-02-05 13:00:00,2026-02-05 07:00:00,2026-02-04,31.0,0.943367942301893,0.8384891152066934,0.9676012746051909,0.9894798082565249
t1,2026-02-05 14:00:00,2026-02-05 08:00:00,2026-02-04,32.0,0.9379840715036484,0.779206035183679,0.9678036690313832,0.9894071080346557
t1,2026-02-05 15:00:00,2026-02-05 09:00:00,2026-02-04,33.0,0.9430503290483224,0.748204390112642,0.9679523310019316,0.9893915942971487
t1,2026-02-05 16:00:00,2026-02-05 10:00:00,2026-02-04,34.0,0.9324497160846829,0.6930420584056705,0.9645344821945271,0.9892203879605233
t1,2026-02-05 17:00:00,2026-02-05 11:00:00,2026-02-04,35.0,0.8717620455543308,0.6482179941101937,0.9316445507413749,0.9890164085813524
t1,2026-02-05 18:00:00,2026-02-05 12:00:00,2026-02-04,36.0,0.8646329566803695,0.5943733607425645,0.9222859651187458,0.988636951107367
t1,2026-02-05 19:00:00,2026-02-05 13:00:00,2026-02-04,37.0,0.831359528177844,0.5390591801488378,0.9025152095739883,0.9869481221070826
t1,2026-02-05 20:00:00,2026-02-05 14:00:00,2026-02-04,38.0,0.7975540259011674,0.5258037371004494,0.8996018817500964,0.9868423635652861
t1,2026-02-05 21:00:00,2026-02-05 15:00:00,2026-02-04,39.0,0.7670703624561068,0.5121206940613083,0.8606753410104363,0.9880068356424648
t1,2026-02-05 22:00:00,2026-02-05 16:00:00,2026-02-04,40.0,0.7350356218204767,0.4902624308205465,0.8425259891607721,0.9884851523014714
t1,2026-02-05 23:00:00,2026-02-05 17:00:00,2026-02-04,41.0,0.705903718248875,0.4710512454048909,0.7819230912595833,0.9889190891086576
t1,2026-02-06 00:00:00,2026-02-05 18:00:00,2026-02-04,42.0,0.671970840493836,0.39893068987934593,0.7359034284756504,0.9688856482294269
t1,2026-02-06 01:00:00,2026-02-05 19:00:00,2026-02-04,43.0,0.664782152451593,0.3852115424449699,0.7060341578007945,0.9622431094802637
t1,2026-02-06 02:00:00,2026-02-05 20:00:00,2026-02-04,44.0,0.6404212141049671,0.2835631223000772,0.647651660557254,0.9610589217360723
t1,2026-02-06 03:00:00,2026-02-05 21:00:00,2026-02-04,45.0,0.5590765732553075,0.18129569742395976,0.5200055895459417,0.9469556019746942
t1,2026-02-06 04:00:00,2026-02-05 22:00:00,2026-02-04,46.0,0.4510806457441052,0.10598077587051359,0.3594095524470514,0.8988585851589491
t1,2026-02-06 05:00:00,2026-02-05 23:00:00,2026-02-04,47.0,0.33487774025327083,0.024881420777918373,0.16722360401201777,0.7563994532627178
t1,2026-02-06 06:00:00,2026-02-06 00:00:00,2026-02-05,24.0,0.2022383765123258,0.007599580114322486,0.10673728010945363,0.510518400459381
t1,2026-02-06 07:00:00,2026-02-06 01:00:00,2026-02-05,25.0,0.115906732196339,0.006594143776963756,0.03388680047014093,0.34306991218043087
t1,2026-02-06 08:00:00,2026-02-06 02:00:00,2026-02-05,26.0,0.08193215920311682,0.007392587211172378,0.04195750731849404,0.29756673740067285
t1,2026-02-06 09:00:00,2026-02-06 03:00:00,2026-02-05,27.0,0.13616945775213016,0.009623628739377601,0.0679050377827428,0.34462166336544375
t1,2026-02-06 10:00:00,2026-02-06 04:00:00,2026-02-05,28.0,0.20841887276244725,0.023451178959672997,0.09374478337040473,0.5206953714310858
t1,2026-02-06 11:00:00,2026-02-06 05:00:00,2026-02-05,29.0,0.43331981738737657,0.06076410017841907,0.35221092600713627,0.8018256004212746
t1,2026-02-06 12:00:00,2026-02-06 06:00:00,2026-02-05,30.0,0.5992135149639202,0.10397553524206911,0.5224014286017565,0.9506145716496426
t1,2026-02-06 13:00:00,2026-02-06 07:00:00,2026-02-05,31.0,0.6615190336116848,0.23124941516010736,0.6686347016510096,0.9777221161963104
t1,2026-02-06 14:00:00,2026-02-06 08:00:00,2026-02-05,32.0,0.8184244585860457,0.5272288506774395,0.9067405576036727,0.989131340667232
t1,2026-02-06 15:00:00,2026-02-06 09:00:00,2026-02-05,33.0,0.9229486720069456,0.7484195379882618,0.9640449651833883,0.9894649966072054
t1,2026-02-06 16:00:00,2026-02-06 10:00:00,2026-02-05,34.0,0.9319883746985729,0.8792817863725725,0.967559237926995,0.9894723012763477
t1,2026-02-06 17:00:00,2026-02-06 11:00:00,2026-02-05,35.0,0.93270596508719,0.879463863959274,0.9667353819846262,0.9894523856707599
t1,2026-02-06 18:00:00,2026-02-06 12:00:00,2026-02-05,36.0,0.9320949493315253,0.8932964399553965,0.9675739148147703,0.9894546329495032
t1,2026-02-06 19:00:00,2026-02-06 13:00:00,2026-02-05,37.0,0.9393289521661655,0.8862312106179696,0.9675739148147703,0.989454633434416
t1,2026-02-06 20:00:00,2026-02-06 14:00:00,2026-02-05,38.0,0.9428880027766442,0.8872758775722153,0.9675739148147703,0.9894546329495032
t1,2026-02-06 21:00:00,2026-02-06 15:00:00,2026-02-05,39.0,0.9411927019486602,0.8776436113306887,0.9667692624819787,0.9894609898780999
t1,2026-02-06 22:00:00,2026-02-06 16:00:00,2026-02-05,40.0,0.9329905843441587,0.8219378328736501,0.9659215794662673,0.9895116760284178
t1,2026-02-06 23:00:00,2026-02-06 17:00:00,2026-02-05,41.0,0.9070366847364338,0.6681895712178972,0.9355941855442944,0.9890390686181874
t1,2026-02-07 00:00:00,2026-02-06 18:00:00,2026-02-05,42.0,0.8345452957340822,0.5484892425873565,0.8834879059732893,0.9868727015607415
t1,2026-02-07 01:00:00,2026-02-06 19:00:00,2026-02-05,43.0,0.7517341250183033,0.4455590616469166,0.7837796786663587,0.9725097583295288
t1,2026-02-07 02:00:00,2026-02-06 20:00:00,2026-02-05,44.0,0.5877807098559285,0.2848206612006173,0.6346830991060165,0.9442552577377549
t1,2026-02-07 03:00:00,2026-02-06 21:00:00,2026-02-05,45.0,0.450920981967432,0.1347174005195338,0.4402214576520332,0.8497448761045363
t1,2026-02-07 04:00:00,2026-02-06 22:00:00,2026-02-05,46.0,0.34655228461071347,0.0337580378145203,0.2554686047385389,0.7961388810346118
t1,2026-02-07 05:00:00,2026-02-06 23:00:00,2026-02-05,47.0,0.33247128851077734,0.016912427400808405,0.22459097706307724,0.8072349175703369
t1,2026-02-07 06:00:00,2026-02-07 00:00:00,2026-02-06,24.0,0.12520069316195104,0.008726417087735886,0.038311240737151635,0.38642013020856675
t1,2026-02-07 07:00:00,2026-02-07 01:00:00,2026-02-06,25.0,0.08794480970823934,0.009044979510461144,0.02527929304019285,0.25087997780915566
t1,2026-02-07 08:00:00,2026-02-07 02:00:00,2026-02-06,26.0,0.09081310660550278,0.009487876308109969,0.02278250782062923,0.2043496398944702
t1,2026-02-07 09:00:00,2026-02-07 03:00:00,2026-02-06,27.0,0.1548368915619674,0.010060553636991073,0.040669341872403134,0.38478533128599246
t1,2026-02-07 10:00:00,2026-02-07 04:00:00,2026-02-06,28.0,0.22213126958984916,0.01869611724455704,0.14004909938337634,0.4638278282580529
t1,2026-02-07 11:00:00,2026-02-07 05:00:00,2026-02-06,29.0,0.3122122842199596,0.031995619500198906,0.22575182883563946,0.7133652740716967
t1,2026-02-07 12:00:00,2026-02-07 06:00:00,2026-02-06,30.0,0.39707303463789617,0.043747952438625864,0.3052910735235371,0.8407842038856843
t1,2026-02-07 13:00:00,2026-02-07 07:00:00,2026-02-06,31.0,0.42375248556347606,0.06822096066687554,0.3036684109620998,0.8014760286066355
t1,2026-02-07 14:00:00,2026-02-07 08:00:00,2026-02-06,32.0,0.3086374919135144,0.06067163701245888,0.2114639655284961,0.7229706021267054
t1,2026-02-07 15:00:00,2026-02-07 09:00:00,2026-02-06,33.0,0.1942572389773905,0.01949317880961589,0.10861892363251184,0.5884216217643309
t1,2026-02-07 16:00:00,2026-02-07 10:00:00,2026-02-06,34.0,0.13848502202556362,0.010489727275798583,0.08130412480831417,0.3109402090293232
t1,2026-02-07 17:00:00,2026-02-07 11:00:00,2026-02-06,35.0,0.15989195560618288,0.01007025825575636,0.10497752706968637,0.39482102619935683
t1,2026-02-07 18:00:00,2026-02-07 12:00:00,2026-02-06,36.0,0.23891198381852113,0.012039573996036208,0.15848920763916896,0.5421053722224198
t1,2026-02-07 19:00:00,2026-02-07 13:00:00,2026-02-06,37.0,0.32518099141896156,0.019322807053570562,0.23976063567424058,0.7164759211135893
t1,2026-02-07 20:00:00,2026-02-07 14:00:00,2026-02-06,38.0,0.4997956860536592,0.05225301948278648,0.4331282633048288,0.9326661860512068
t1,2026-02-07 21:00:00,2026-02-07 15:00:00,2026-02-06,39.0,0.6371271323692972,0.12680784171864343,0.6026407514058397,0.9795237371805826
t1,2026-02-07 22:00:00,2026-02-07 16:00:00,2026-02-06,40.0,0.7436775044937346,0.2443549245679552,0.7158636208949866,0.9856623852817052
t1,2026-02-07 23:00:00,2026-02-07 17:00:00,2026-02-06,41.0,0.8627129013207857,0.45172820243754286,0.9003926927535576,0.9903880910742542
t1,2026-02-08 00:00:00,2026-02-07 18:00:00,2026-02-06,42.0,0.9039672923341762,0.6513394026719161,0.9312098388162879,0.9899875826707774
t1,2026-02-08 01:00:00,2026-02-07 19:00:00,2026-02-06,43.0,0.9022988894918712,0.7589674688187337,0.9478012585789812,0.9882469810230479
t1,2026-02-08 02:00:00,2026-02-07 20:00:00,2026-02-06,44.0,0.8673683222686133,0.678676888642069,0.9241561388992002,0.9871306926716207
t1,2026-02-08 03:00:00,2026-02-07 21:00:00,2026-02-06,45.0,0.8477835796428074,0.6416490463909497,0.8891934218860059,0.9877646162767655
t1,2026-02-08 04:00:00,2026-02-07 22:00:00,2026-02-06,46.0,0.8203903377127555,0.538267704371708,0.8680699192698118,0.9922971525411608
t1,2026-02-08 05:00:00,2026-02-07 23:00:00,2026-02-06,47.0,0.7604000022262386,0.4483780050860615,0.7847740285209621,0.9835522158046776
t1,2026-02-08 06:00:00,2026-02-08 00:00:00,2026-02-07,24.0,0.5131706617579611,0.15482026901227985,0.49778191032189467,0.9240640213999639
t1,2026-02-08 07:00:00,2026-02-08 01:00:00,2026-02-07,25.0,0.456844200931527,0.05873440420402793,0.39275342982175027,0.8821154753260818
t1,2026-02-08 08:00:00,2026-02-08 02:00:00,2026-02-07,26.0,0.33247607256085887,0.033091188003206214,0.24792609418143743,0.7746287430975207
t1,2026-02-08 09:00:00,2026-02-08 03:00:00,2026-02-07,27.0,0.24102588653374302,0.009125508926191099,0.13969695995089249,0.6187170317966232
t1,2026-02-08 10:00:00,2026-02-08 04:00:00,2026-02-07,28.0,0.12441931298242577,0.006686834008116879,0.064798498243937,0.4386993345831307
t1,2026-02-08 11:00:00,2026-02-08 05:00:00,2026-02-07,29.0,0.09412334398133607,0.007602513614126026,0.03745470880281656,0.28242164621825827
t1,2026-02-08 12:00:00,2026-02-08 06:00:00,2026-02-07,30.0,0.07455070571642698,0.008174145885858323,0.02503993149594048,0.22362366917697085
t1,2026-02-08 13:00:00,2026-02-08 07:00:00,2026-02-07,31.0,0.13396852722378308,0.008487109489666122,0.037158015753327,0.31094359157845
t1,2026-02-08 14:00:00,2026-02-08 08:00:00,2026-02-07,32.0,0.23070327510208347,0.03007417300913593,0.10182685669405875,0.6273385077801843
t1,2026-02-08 15:00:00,2026-02-08 09:00:00,2026-02-07,33.0,0.5629515496356263,0.10481241261513013,0.4583744383607437,0.9140717590211899
t1,2026-02-08 16:00:00,2026-02-08 10:00:00,2026-02-07,34.0,0.7356191737176685,0.22184514349587928,0.7042172755709738,0.9926869194004636
t1,2026-02-08 17:00:00,2026-02-08 11:00:00,2026-02-07,35.0,0.8834953293386273,0.5451819900129992,0.9323179532156913,0.9891237420621822
t1,2026-02-08 18:00:00,2026-02-08 12:00:00,2026-02-07,36.0,0.9331006435247753,0.7472723923216988,0.9621665836977082,0.9894322219030723
t1,2026-02-08 19:00:00,2026-02-08 13:00:00,2026-02-07,37.0,0.9545638025195969,0.85384857682785,0.9668814772958071,0.9894958934028121
t1,2026-02-08 20:00:00,2026-02-08 14:00:00,2026-02-07,38.0,0.954722648622717,0.8269416775797708,0.9675739148147703,0.9894544986030167
t1,2026-02-08 21:00:00,2026-02-08 15:00:00,2026-02-07,39.0,0.9468164144098777,0.8299620586388408,0.9676077953121228,0.9894548962862094
t1,2026-02-08 22:00:00,2026-02-08 16:00:00,2026-02-07,40.0,0.9480380713601888,0.8434497575523107,0.9676077953121228,0.9894564754421931
t1,2026-02-08 23:00:00,2026-02-08 17:00:00,2026-02-07,41.0,0.9463239669064655,0.8535704392847135,0.9676077953121228,0.9894553053877777
t1,2026-02-09 00:00:00,2026-02-08 18:00:00,2026-02-07,42.0,0.9460560832519355,0.884083500627405,0.9676077953121228,0.9894553271983781
t1,2026-02-09 01:00:00,2026-02-08 19:00:00,2026-02-07,43.0,0.9460560832519355,0.884083500627405,0.9676077953121228,0.9894426634853627
t1,2026-02-09 02:00:00,2026-02-08 20:00:00,2026-02-07,44.0,0.9442751454021286,0.884083500627405,0.9676077953121228,0.9894447238213409
t1,2026-02-09 03:00:00,2026-02-08 21:00:00,2026-02-07,45.0,0.940989383955506,0.8651292406054426,0.9676077953121228,0.9894660880641595
t1,2026-02-09 04:00:00,2026-02-08 22:00:00,2026-02-07,46.0,0.9299433841889615,0.8092383611454079,0.9680187380709124,0.9893712888297639
t1,2026-02-09 05:00:00,2026-02-08 23:00:00,2026-02-07,47.0,0.8731278015446765,0.727925184206306,0.9375512053258884,0.9893712888297639
t1,2026-02-09 06:00:00,2026-02-09 00:00:00,2026-02-08,24.0,0.8660196940269475,0.7313198687038978,0.9375512053258884,0.9893712888297639
t1,2026-02-09 07:00:00,2026-02-09 01:00:00,2026-02-08,25.0,0.8638765794888098,0.7226140600174353,0.9375512053258884,0.9893713211216322
t1,2026-02-09 08:00:00,2026-02-09 02:00:00,2026-02-08,26.0,0.8598573650006163,0.7295917905331836,0.9375512053258884,0.989371321606545
t1,2026-02-09 09:00:00,2026-02-09 03:00:00,2026-02-08,27.0,0.8596116042480846,0.6725999217638144,0.937578565116309,0.9893196405127418
t1,2026-02-09 10:00:00,2026-02-09 04:00:00,2026-02-08,28.0,0.8670134596659201,0.6894124394205798,0.937578565116309,0.9893196405127418
t1,2026-02-09 11:00:00,2026-02-09 05:00:00,2026-02-08,29.0,0.8711965100668335,0.6966256936129542,0.937578565116309,0.9893695549371894
t1,2026-02-09 12:00:00,2026-02-09 06:00:00,2026-02-08,30.0,0.8800715459120791,0.6966256936129542,0.937578565116309,0.9893695549371894
t1,2026-02-09 13:00:00,2026-02-09 07:00:00,2026-02-08,31.0,0.879776249096171,0.6949121986479939,0.937578565116309,0.9893694588814298
t1,2026-02-09 14:00:00,2026-02-09 08:00:00,2026-02-08,32.0,0.8835818916540745,0.6469009742498713,0.937578565116309,0.9893697904174991
t1,2026-02-09 15:00:00,2026-02-09 09:00:00,2026-02-08,33.0,0.8813275438669967,0.6763839511119992,0.9343638442505583,0.9893914459006687
t1,2026-02-09 16:00:00,2026-02-09 10:00:00,2026-02-08,34.0,0.8539837406497125,0.6424732404856055,0.9262959263891002,0.9893647206361245
t1,2026-02-09 17:00:00,2026-02-09 11:00:00,2026-02-08,35.0,0.791974487618882,0.5425852385930228,0.8950491554587579,0.9879700792809308
t1,2026-02-09 18:00:00,2026-02-09 12:00:00,2026-02-08,36.0,0.7316723382161541,0.4078941955933905,0.8073637907943454,0.9842394371001137
t1,2026-02-09 19:00:00,2026-02-09 13:00:00,2026-02-08,37.0,0.5398555104050663,0.18190022045495588,0.5827184513044679,0.9717181063714823
t1,2026-02-09 20:00:00,2026-02-09 14:00:00,2026-02-08,38.0,0.42009791642974953,0.12954982804639775,0.4085168746231387,0.9319328686246119
t1,2026-02-09 21:00:00,2026-02-09 15:00:00,2026-02-08,39.0,0.3368388640112188,0.05189843724093651,0.2262586217520586,0.8379665060781694
t1,2026-02-09 22:00:00,2026-02-09 16:00:00,2026-02-08,40.0,0.2599193661189017,0.0019114537309576553,0.16570323215276153,0.7486253565859594
t1,2026-02-09 23:00:00,2026-02-09 17:00:00,2026-02-08,41.0,0.2728604684139982,0.007456400041453193,0.15085379585318337,0.6868093012837477
t1,2026-02-10 00:00:00,2026-02-09 18:00:00,2026-02-08,42.0,0.24251658015318894,0.007930550622793188,0.14035097940944347,0.590010874009242
t1,2026-02-10 01:00:00,2026-02-09 19:00:00,2026-02-08,43.0,0.22578842952107864,0.008112098538669829,0.12436338549698257,0.5142365677952039
t1,2026-02-10 02:00:00,2026-02-09 20:00:00,2026-02-08,44.0,0.2091766031728593,0.008493976611599114,0.11280427572420627,0.5358303963786256
t1,2026-02-10 03:00:00,2026-02-09 21:00:00,2026-02-08,45.0,0.19936376629393765,0.009323926333758687,0.05926009115486307,0.5373876375569712
t1,2026-02-10 04:00:00,2026-02-09 22:00:00,2026-02-08,46.0,0.2723734920151155,0.018915383806059914,0.12171415762045475,0.6418133686288225
t1,2026-02-10 05:00:00,2026-02-09 23:00:00,2026-02-08,47.0,0.21718666675944637,0.009529171918371111,0.12109939911926763,0.6948935441906763
t1,2026-02-10 06:00:00,2026-02-10 00:00:00,2026-02-09,24.0,0.2459699898241168,0.012516832678846738,0.14170254988017075,0.733485688315514
t1,2026-02-10 07:00:00,2026-02-10 01:00:00,2026-02-09,25.0,0.25805727313949517,0.012111762140270061,0.19200946925391857,0.8005948670560573
t1,2026-02-10 08:00:00,2026-02-10 02:00:00,2026-02-09,26.0,0.3191627150983617,0.01676293677267363,0.2655731342946502,0.9020565545423309
t1,2026-02-10 09:00:00,2026-02-10 03:00:00,2026-02-09,27.0,0.34805033789601186,0.03089818846940225,0.2758200771248569,0.9311879408512727
t1,2026-02-10 10:00:00,2026-02-10 04:00:00,2026-02-09,28.0,0.4260842221089172,0.024645786624201166,0.32986858208000824,0.9202050099423874
t1,2026-02-10 11:00:00,2026-02-10 05:00:00,2026-02-09,29.0,0.4259607401840864,0.012641077847443248,0.4064583080689685,0.9501421668641105
t1,2026-02-10 12:00:00,2026-02-10 06:00:00,2026-02-09,30.0,0.27064611883719253,0.014148274644986705,0.21924260984670524,0.7458948260384485
t1,2026-02-10 13:00:00,2026-02-10 07:00:00,2026-02-09,31.0,0.2591450089059174,0.006487537831891588,0.18204659542967908,0.6886111205737045
t1,2026-02-10 14:00:00,2026-02-10 08:00:00,2026-02-09,32.0,0.2263272961054697,0.010146072193110277,0.12246717421130572,0.5808448620342178
t1,2026-02-10 15:00:00,2026-02-10 09:00:00,2026-02-09,33.0,0.18630717162597626,0.00824068264600979,0.10885602117656912,0.4118004570543287
t1,2026-02-10 16:00:00,2026-02-10 10:00:00,2026-02-09,34.0,0.189941917395923,0.009450122118353834,0.07540253310336721,0.4490663990431355
t1,2026-02-10 17:00:00,2026-02-10 11:00:00,2026-02-09,35.0,0.16449892741273947,0.009624700723166976,0.0710230772119109,0.4266079096797182
t1,2026-02-10 18:00:00,2026-02-10 12:00:00,2026-02-09,36.0,0.20548069989250567,0.012232407413368956,0.08167903866738689,0.48942359436576466
t1,2026-02-10 19:00:00,2026-02-10 13:00:00,2026-02-09,37.0,0.3201714058831168,0.028858941663134064,0.16737427611081326,0.6710582969289584
t1,2026-02-10 20:00:00,2026-02-10 14:00:00,2026-02-09,38.0,0.48428204184586027,0.0560077953089,0.4226205728820724,0.9016307201775237
t1,2026-02-10 21:00:00,2026-02-10 15:00:00,2026-02-09,39.0,0.6639759102722093,0.13463412906383493,0.6290140873822854,0.9989191810319539
t1,2026-02-10 22:00:00,2026-02-10 16:00:00,2026-02-09,40.0,0.8082919612370925,0.398361045410185,0.7824746893826376,0.9901365160112177
t1,2026-02-10 23:00:00,2026-02-10 17:00:00,2026-02-09,41.0,0.8649715116852188,0.6681005585883347,0.9044354655370574,0.989103380326555
t1,2026-02-11 00:00:00,2026-02-10 18:00:00,2026-02-09,42.0,0.8584561827194697,0.7179923971669729,0.9319086377743214,0.9893750942991142
t1,2026-02-11 01:00:00,2026-02-10 19:00:00,2026-02-09,43.0,0.8752340438574013,0.7193410535335844,0.9375886549070059,0.9893520133440064
t1,2026-02-11 02:00:00,2026-02-10 20:00:00,2026-02-09,44.0,0.8601262459933287,0.6853726759425772,0.9374939872988465,0.9892781345636672
t1,2026-02-11 03:00:00,2026-02-10 21:00:00,2026-02-09,45.0,0.8479452362597556,0.6249282151527068,0.9166864662121674,0.9892879319528627
t1,2026-02-11 04:00:00,2026-02-10 22:00:00,2026-02-09,46.0,0.7576271874793243,0.4204729955881166,0.8320247966607204,0.989085093052381
t1,2026-02-11 05:00:00,2026-02-10 23:00:00,2026-02-09,47.0,0.6680726515755119,0.29199094618887633,0.7301671892028891,1.0
t1,2026-02-11 06:00:00,2026-02-11 00:00:00,2026-02-10,24.0,0.3553503602435032,0.05262620132972649,0.19862903788165848,0.7634537457433561
t1,2026-02-11 07:00:00,2026-02-11 01:00:00,2026-02-10,25.0,0.21813856624258493,0.010625485216546847,0.08392304835331377,0.5934015262220315
t1,2026-02-11 08:00:00,2026-02-11 02:00:00,2026-02-10,26.0,0.168788263661743,0.012127731101991559,0.09018141882420806,0.40891774524562924
t1,2026-02-11 09:00:00,2026-02-11 03:00:00,2026-02-10,27.0,0.22338195497058236,0.014906441680483185,0.17248557190652342,0.5777335132290445
t1,2026-02-11 10:00:00,2026-02-11 04:00:00,2026-02-10,28.0,0.2549592723560033,0.02029930184344641,0.1629897990367369,0.6593893099186313
t1,2026-02-11 11:00:00,2026-02-11 05:00:00,2026-02-10,29.0,0.3587409561247771,0.036280691349494916,0.25992394197439755,0.9057122054188852
t1,2026-02-11 12:00:00,2026-02-11 06:00:00,2026-02-10,30.0,0.49493335383134,0.05876247381072548,0.4448467285132733,0.9917530457078627
t1,2026-02-11 13:00:00,2026-02-11 07:00:00,2026-02-10,31.0,0.42853157685694265,0.03359423107970824,0.3972452436359014,0.9120292142166174
t1,2026-02-11 14:00:00,2026-02-11 08:00:00,2026-02-10,32.0,0.38519711813687413,0.022813763080688568,0.2909491019975089,0.8744627040782572
t1,2026-02-11 15:00:00,2026-02-11 09:00:00,2026-02-10,33.0,0.3777342354339299,0.02127115771529794,0.28833526262432435,0.8797279218968143
t1,2026-02-11 16:00:00,2026-02-11 10:00:00,2026-02-10,34.0,0.6168194854618085,0.07540893330340505,0.5295777358282538,0.9667090628902448
t1,2026-02-11 17:00:00,2026-02-11 11:00:00,2026-02-10,35.0,0.6972451368397862,0.24888315620785623,0.7125371624577396,0.9887132775934885
t1,2026-02-11 18:00:00,2026-02-11 12:00:00,2026-02-10,36.0,0.8647212254435486,0.44220936971906083,0.889768466494765,0.9955164722513417
t1,2026-02-11 19:00:00,2026-02-11 13:00:00,2026-02-10,37.0,0.883633423737798,0.5654571321949671,0.934563890168287,0.9889805936220015
t1,2026-02-11 20:00:00,2026-02-11 14:00:00,2026-02-10,38.0,0.9043917639229223,0.66075673775773,0.9524058549693514,0.9889739948881466
t1,2026-02-11 21:00:00,2026-02-11 15:00:00,2026-02-10,39.0,0.8307343393418453,0.5736526843402747,0.9086111798696427,0.9883795358437338
t1,2026-02-11 22:00:00,2026-02-11 16:00:00,2026-02-10,40.0,0.7703536564004867,0.4137394856451849,0.8418857638651508,0.9906840148548012
t1,2026-02-11 23:00:00,2026-02-11 17:00:00,2026-02-10,41.0,0.7184392978200427,0.34245656081294346,0.7644104075643868,0.9911237178737572
t1,2026-02-12 00:00:00,2026-02-11 18:00:00,2026-02-10,42.0,0.6373495101505767,0.15750363409516557,0.6087325662705119,0.9777103295327516
t1,2026-02-12 01:00:00,2026-02-11 19:00:00,2026-02-10,43.0,0.655874333882071,0.17889861262151094,0.6209904111456116,0.9919629862705739
t1,2026-02-12 02:00:00,2026-02-11 20:00:00,2026-02-10,44.0,0.6032846397583252,0.17729866299152283,0.5699777328228391,0.9844348498233576
t1,2026-02-12 03:00:00,2026-02-11 21:00:00,2026-02-10,45.0,0.5553542630716485,0.10544510022718466,0.4721580703224555,0.9596717280769188
t1,2026-02-12 04:00:00,2026-02-11 22:00:00,2026-02-10,46.0,0.48929784336976695,0.08055373829322504,0.42845111835090005,0.9031179297594895
t1,2026-02-12 05:00:00,2026-02-11 23:00:00,2026-02-10,47.0,0.48435289738916765,0.07419949157469717,0.37688551776107776,0.9194607937498281
t1,2026-02-12 06:00:00,2026-02-12 00:00:00,2026-02-11,24.0,0.15019196739368107,0.010027492289346927,0.08350983696486906,0.4027789826450851
t1,2026-02-12 07:00:00,2026-02-12 01:00:00,2026-02-11,25.0,0.09687816343526605,0.009833895190731913,0.03530686299639929,0.31039184967234607
t1,2026-02-12 08:00:00,2026-02-12 02:00:00,2026-02-11,26.0,0.067087051391456,0.009406730931122657,0.02753550139133549,0.21747395053315452
t1,2026-02-12 09:00:00,2026-02-12 03:00:00,2026-02-11,27.0,0.06389372466867475,0.009327656986748077,0.018445933138761725,0.19933104053267847
t1,2026-02-12 10:00:00,2026-02-12 04:00:00,2026-02-11,28.0,0.07110428393381812,0.009738127443517697,0.01877576304701319,0.1926384655130091
t1,2026-02-12 11:00:00,2026-02-12 05:00:00,2026-02-11,29.0,0.10052886747548953,0.009610011730782877,0.04101952075131228,0.269259255763317
t1,2026-02-12 12:00:00,2026-02-12 06:00:00,2026-02-11,30.0,0.17502904226961996,0.014710417446612317,0.10174941573304748,0.5210378113949367
t1,2026-02-12 13:00:00,2026-02-12 07:00:00,2026-02-11,31.0,0.2142611619082968,0.031059356778145114,0.14483944723504363,0.6364450724615148
t1,2026-02-12 14:00:00,2026-02-12 08:00:00,2026-02-11,32.0,0.2387563858757856,0.0347090800118299,0.1952914345525486,0.669835711443596
t1,2026-02-12 15:00:00,2026-02-12 09:00:00,2026-02-11,33.0,0.2578919922165442,0.027275917642496546,0.15612854493078687,0.7103661385236827
t1,2026-02-12 16:00:00,2026-02-12 10:00:00,2026-02-11,34.0,0.2486041173776648,0.013958833836103468,0.16053487323784663,0.7102578778771179
t1,2026-02-12 17:00:00,2026-02-12 11:00:00,2026-02-11,35.0,0.2464890826184432,0.014834960230622501,0.1706536963716351,0.6382821247124006
t1,2026-02-12 18:00:00,2026-02-12 12:00:00,2026-02-11,36.0,0.2714581789201209,0.01436427569102527,0.2090572534357842,0.5965000569926454
t1,2026-02-12 19:00:00,2026-02-12 13:00:00,2026-02-11,37.0,0.21985386404293783,0.025527172406822608,0.16004809503534603,0.5674589459880642
t1,2026-02-12 20:00:00,2026-02-12 14:00:00,2026-02-11,38.0,0.2054582242812636,0.012343650314973274,0.13266548376467882,0.6547674285511293
t1,2026-02-12 21:00:00,2026-02-12 15:00:00,2026-02-11,39.0,0.19196033306239776,0.013356528333003121,0.11139054575354822,0.6085504755907788
t1,2026-02-12 22:00:00,2026-02-12 16:00:00,2026-02-11,40.0,0.15556061314719588,0.013098000743846738,0.09305655099968606,0.454008978971128
t1,2026-02-12 23:00:00,2026-02-12 17:00:00,2026-02-11,41.0,0.11468357058234965,0.011153743422146105,0.038352849066799526,0.29389050862847266
t1,2026-02-13 00:00:00,2026-02-12 18:00:00,2026-02-11,42.0,0.06486800944348746,0.009295913700263407,0.01763616145562669,0.1975293645628039
t1,2026-02-13 01:00:00,2026-02-12 19:00:00,2026-02-11,43.0,0.06792018766971039,0.009192446142724542,0.01634081041039763,0.18562839637680723
t1,2026-02-13 02:00:00,2026-02-12 20:00:00,2026-02-11,44.0,0.060913281610037374,0.009483722550710501,0.014597709194510302,0.18267242182917254
t1,2026-02-13 03:00:00,2026-02-12 21:00:00,2026-02-11,45.0,0.06926163308582388,0.009677475669539016,0.015997800735266618,0.1885248268404515
t1,2026-02-13 04:00:00,2026-02-12 22:00:00,2026-02-11,46.0,0.05869604284511107,0.009740823647850843,0.015085662223247063,0.17743489083465544
t1,2026-02-13 05:00:00,2026-02-12 23:00:00,2026-02-11,47.0,0.05755246719061787,0.009391488556144583,0.015563092429973483,0.1804142341097326
t1,2026-02-13 06:00:00,2026-02-13 00:00:00,2026-02-12,24.0,0.05477413083995729,0.009623224932617868,0.014855619775425927,0.19813193960500092
t1,2026-02-13 07:00:00,2026-02-13 01:00:00,2026-02-12,25.0,0.054169831289370605,0.00961252743195344,0.014601243230007697,0.199769692274777
t1,2026-02-13 08:00:00,2026-02-13 02:00:00,2026-02-12,26.0,0.06403131486195444,0.008503473041946798,0.009321375888130716,0.2107835856796456
t1,2026-02-13 09:00:00,2026-02-13 03:00:00,2026-02-12,27.0,0.0649502935180836,0.009329743223822186,0.01656258523553456,0.198198657453811
t1,2026-02-13 10:00:00,2026-02-13 04:00:00,2026-02-12,28.0,0.06215926928723753,0.009315354656661192,0.017440663385113877,0.20257676298517813
t1,2026-02-13 11:00:00,2026-02-13 05:00:00,2026-02-12,29.0,0.08405473040413065,0.009472704470456528,0.010487621881137759,0.23113043323393556
t1,2026-02-13 12:00:00,2026-02-13 06:00:00,2026-02-12,30.0,0.07536257356393704,0.009469296860863414,0.010462532256615292,0.22259821635409024
t1,2026-02-13 13:00:00,2026-02-13 07:00:00,2026-02-12,31.0,0.06890858222775842,0.009535690988617897,0.016288528363523135,0.20880032648737332
t1,2026-02-13 14:00:00,2026-02-13 08:00:00,2026-02-12,32.0,0.0653699588628963,0.009531909347637575,0.0158751386037817,0.19291574469636294
t1,2026-02-13 15:00:00,2026-02-13 09:00:00,2026-02-12,33.0,0.066728849493907,0.009578902418491865,0.015460258097879338,0.19491737281772284
t1,2026-02-13 16:00:00,2026-02-13 10:00:00,2026-02-12,34.0,0.06694996491105214,0.009571069549060146,0.018648706407355234,0.19678718855030244
t1,2026-02-13 17:00:00,2026-02-13 11:00:00,2026-02-12,35.0,0.08914163400192329,0.009703251220387898,0.02744017893517626,0.2173289832892925
t1,2026-02-13 18:00:00,2026-02-13 12:00:00,2026-02-12,36.0,0.11825351811398968,0.009344089973802296,0.052336767940524914,0.2934488845387466
t1,2026-02-13 19:00:00,2026-02-13 13:00:00,2026-02-12,37.0,0.2366269928743286,0.014616364466099875,0.09547862400471567,0.4879928010475924
t1,2026-02-13 20:00:00,2026-02-13 14:00:00,2026-02-12,38.0,0.3103909556959628,0.019976528715657044,0.20376102855543948,0.6318083315425039
t1,2026-02-13 21:00:00,2026-02-13 15:00:00,2026-02-12,39.0,0.42354149815524833,0.06744075836864631,0.3568248709779687,0.8580383410033573
t1,2026-02-13 22:00:00,2026-02-13 16:00:00,2026-02-12,40.0,0.5768858551371993,0.09691887141977423,0.5528293193039265,0.9824577082537315
t1,2026-02-13 23:00:00,2026-02-13 17:00:00,2026-02-12,41.0,0.6793938196533588,0.186346239369556,0.6326198686538201,0.9826374300435011
t1,2026-02-14 00:00:00,2026-02-13 18:00:00,2026-02-12,42.0,0.7412652553989932,0.305023376860113,0.7856528225929195,0.9854527980536519
t1,2026-02-14 01:00:00,2026-02-13 19:00:00,2026-02-12,43.0,0.7967794843046635,0.3705136720140064,0.8305806424513509,0.9894062168934811
t1,2026-02-14 02:00:00,2026-02-13 20:00:00,2026-02-12,44.0,0.8551655336154304,0.4772813233928835,0.8845372452912427,0.9925510550693308
t1,2026-02-14 03:00:00,2026-02-13 21:00:00,2026-02-12,45.0,0.8399070732724735,0.46748996483487937,0.884891750553581,0.9963584527149377
t1,2026-02-14 04:00:00,2026-02-13 22:00:00,2026-02-12,46.0,0.7982091211165951,0.4846931911876302,0.8533986059420294,0.9950993053435481
t1,2026-02-14 05:00:00,2026-02-13 23:00:00,2026-02-12,47.0,0.7467940913202133,0.37134398184636863,0.7873010272381175,0.9930013450547224
t1,2026-02-14 06:00:00,2026-02-14 00:00:00,2026-02-13,24.0,0.35414430432051924,0.05123646780022421,0.31203684884811245,0.8282327573550866
t1,2026-02-14 07:00:00,2026-02-14 01:00:00,2026-02-13,25.0,0.28652227113328893,0.04550196028727893,0.23169079765483247,0.7382794077708662
t1,2026-02-14 08:00:00,2026-02-14 02:00:00,2026-02-13,26.0,0.24914252098738904,0.03547827233930218,0.16287765663867124,0.6644519749944118
t1,2026-02-14 09:00:00,2026-02-14 03:00:00,2026-02-13,27.0,0.21637781687886756,0.02717780206547521,0.1367611051212075,0.6249908118251223
t1,2026-02-14 10:00:00,2026-02-14 04:00:00,2026-02-13,28.0,0.16973007237398047,0.0072629908003907905,0.06917460292224302,0.6207452050093435
t1,2026-02-14 11:00:00,2026-02-14 05:00:00,2026-02-13,29.0,0.19050842957794734,0.008800902017684206,0.0948356596635969,0.5821348028806577
t1,2026-02-14 12:00:00,2026-02-14 06:00:00,2026-02-13,30.0,0.18402549846973923,0.004277187672369193,0.09235467261786542,0.6320844552754973
t1,2026-02-14 13:00:00,2026-02-14 07:00:00,2026-02-13,31.0,0.1256927938762727,0.004724677497881315,0.062000272699422196,0.483282563901832
t1,2026-02-14 14:00:00,2026-02-14 08:00:00,2026-02-13,32.0,0.0816178554049107,0.00831352478592088,0.03120823997626471,0.3224973779017221
t1,2026-02-14 15:00:00,2026-02-14 09:00:00,2026-02-13,33.0,0.07072766282622277,0.009751027149243243,0.032646631677226326,0.2494404740961648
t1,2026-02-14 16:00:00,2026-02-14 10:00:00,2026-02-13,34.0,0.07655990286753316,0.00976385482462659,0.026400004586003865,0.2448727051201597
t1,2026-02-14 17:00:00,2026-02-14 11:00:00,2026-02-13,35.0,0.07743821228652586,0.009672907772611653,0.025528124845574093,0.23362443190679008
t1,2026-02-14 18:00:00,2026-02-14 12:00:00,2026-02-13,36.0,0.09822778378961887,0.009414737780380274,0.024549086317479707,0.27458469878364955
t1,2026-02-14 19:00:00,2026-02-14 13:00:00,2026-02-13,37.0,0.08573557566926056,0.009716147733461388,0.02405723330068342,0.25330642651708085
t1,2026-02-14 20:00:00,2026-02-14 14:00:00,2026-02-13,38.0,0.1021971682312354,0.009754809405236145,0.03649706025762593,0.31437492594606326
t1,2026-02-14 21:00:00,2026-02-14 15:00:00,2026-02-13,39.0,0.10405199504416972,0.009808538127364085,0.04251591465429107,0.29866046103039146
t1,2026-02-14 22:00:00,2026-02-14 16:00:00,2026-02-13,40.0,0.1021572331416033,0.009786083383152263,0.042920818001459214,0.2749575747587882
t1,2026-02-14 23:00:00,2026-02-14 17:00:00,2026-02-13,41.0,0.09320830258464673,0.009614346536614452,0.043815887674018825,0.2792941348332366
t1,2026-02-15 00:00:00,2026-02-14 18:00:00,2026-02-13,42.0,0.08051002694442502,0.009549550479521505,0.025953158450383713,0.23437569665714605
t1,2026-02-15 01:00:00,2026-02-14 19:00:00,2026-02-13,43.0,0.06687432241200575,0.009656384651917873,0.02221930971403698,0.21564569865195282
t1,2026-02-15 02:00:00,2026-02-14 20:00:00,2026-02-13,44.0,0.06300242300079964,0.009638806256827176,0.02267056184887002,0.1934085690879336
t1,2026-02-15 03:00:00,2026-02-14 21:00:00,2026-02-13,45.0,0.06434553772082531,0.009489463275733627,0.022849529851032203,0.19100032696066266
t1,2026-02-15 04:00:00,2026-02-14 22:00:00,2026-02-13,46.0,0.06962132771523147,0.009630975669534799,0.028449870874371775,0.2111072767766258
t1,2026-02-15 05:00:00,2026-02-14 23:00:00,2026-02-13,47.0,0.08537045739931948,0.009889780124869857,0.03884032292382888,0.2878385363739896
t1,2026-02-15 06:00:00,2026-02-15 00:00:00,2026-02-14,24.0,0.19672728744438533,0.014806576775552074,0.10980446548002686,0.540780112909287
t1,2026-02-15 07:00:00,2026-02-15 01:00:00,2026-02-14,25.0,0.28055029662120873,0.020956496328952242,0.1855133979536148,0.6913084595203951
t1,2026-02-15 08:00:00,2026-02-15 02:00:00,2026-02-14,26.0,0.3884011175929691,0.052683785182176826,0.2870569966921273,0.8627819552661139
t1,2026-02-15 09:00:00,2026-02-15 03:00:00,2026-02-14,27.0,0.5326946492387693,0.1617623224179468,0.4888652739201582,0.9522370055047708
t1,2026-02-15 10:00:00,2026-02-15 04:00:00,2026-02-14,28.0,0.71108845306836,0.33247194296166466,0.726299196111597,0.9734958619514362
t1,2026-02-15 11:00:00,2026-02-15 05:00:00,2026-02-14,29.0,0.8565706801364087,0.6016110894783574,0.9072774937773411,0.9818269873863709
t1,2026-02-15 12:00:00,2026-02-15 06:00:00,2026-02-14,30.0,0.9023030244324797,0.7700884009886363,0.94083132365323,0.9887904371038554
t1,2026-02-15 13:00:00,2026-02-15 07:00:00,2026-02-14,31.0,0.9157381680444666,0.7957453978323058,0.9571493045710127,0.9883733932990345
t1,2026-02-15 14:00:00,2026-02-15 08:00:00,2026-02-14,32.0,0.917310109185999,0.7806293229531843,0.9640516659192967,0.9888902192730935
t1,2026-02-15 15:00:00,2026-02-15 09:00:00,2026-02-14,33.0,0.9184380981583756,0.7841531757753736,0.9650684464101236,0.9891196949160964
t1,2026-02-15 16:00:00,2026-02-15 10:00:00,2026-02-14,34.0,0.8996869659785435,0.7565198326309139,0.923184874017762,0.9890821244361363
t1,2026-02-15 17:00:00,2026-02-15 11:00:00,2026-02-14,35.0,0.8602387292424261,0.6851071916230349,0.8688784513966267,0.9886962152746481
t1,2026-02-15 18:00:00,2026-02-15 12:00:00,2026-02-14,36.0,0.8895185735223385,0.675798106864842,0.9084287727706494,0.9884955270378233
t1,2026-02-15 19:00:00,2026-02-15 13:00:00,2026-02-14,37.0,0.879237716998161,0.6509553335867221,0.9004043289204798,0.987898766247619
t1,2026-02-15 20:00:00,2026-02-15 14:00:00,2026-02-14,38.0,0.8436386309557808,0.6259302999873534,0.8614312410980828,0.9872290589302413
t1,2026-02-15 21:00:00,2026-02-15 15:00:00,2026-02-14,39.0,0.8083003795559455,0.5577431980355168,0.8470451900630035,0.9816140938401208
t1,2026-02-15 22:00:00,2026-02-15 16:00:00,2026-02-14,40.0,0.7716396132486252,0.48966676696063266,0.8442190178639285,0.9800237221946004
t1,2026-02-15 23:00:00,2026-02-15 17:00:00,2026-02-14,41.0,0.6987075846368177,0.4512849739997338,0.7825619646594625,0.9690946164598198
t1,2026-02-16 00:00:00,2026-02-15 18:00:00,2026-02-14,42.0,0.6666693338312037,0.3518506163103922,0.6518559508789273,0.9627732822966217
t1,2026-02-16 01:00:00,2026-02-15 19:00:00,2026-02-14,43.0,0.6160061019036364,0.25364206109275034,0.6196010082586528,0.9637631558641776
t1,2026-02-16 02:00:00,2026-02-15 20:00:00,2026-02-14,44.0,0.6496901518035066,0.2786274195861299,0.6445842999622052,0.966286771136709
t1,2026-02-16 03:00:00,2026-02-15 21:00:00,2026-02-14,45.0,0.6690922914091756,0.31332850317505556,0.6710908881696956,0.9726638477871112
t1,2026-02-16 04:00:00,2026-02-15 22:00:00,2026-02-14,46.0,0.6844233554578626,0.30313066040581815,0.6737794320686968,0.9725314496902592
t1,2026-02-16 05:00:00,2026-02-15 23:00:00,2026-02-14,47.0,0.7685360197152868,0.4366538029730407,0.7727130912321539,0.9748646234584577
t1,2026-02-16 06:00:00,2026-02-16 00:00:00,2026-02-15,24.0,0.7846490155434327,0.4914317389218527,0.8249412884140276,0.9757887790380978
t1,2026-02-16 07:00:00,2026-02-16 01:00:00,2026-02-15,25.0,0.7408135314552794,0.4244012207422986,0.7905427736348426,0.9754462341480028
t1,2026-02-16 08:00:00,2026-02-16 02:00:00,2026-02-15,26.0,0.6379533583931918,0.347378158262407,0.7337043957370755,0.9470051161217345
t1,2026-02-16 09:00:00,2026-02-16 03:00:00,2026-02-15,27.0,0.5789288656897339,0.2923376851346721,0.6359851599908741,0.9441450608682206
t1,2026-02-16 10:00:00,2026-02-16 04:00:00,2026-02-15,28.0,0.5964932708559806,0.2978841591429995,0.6353912630699726,0.9530468523443589
t1,2026-02-16 11:00:00,2026-02-16 05:00:00,2026-02-15,29.0,0.669912681290944,0.3345485761544071,0.726032705329425,0.9538597080048726
t1,2026-02-16 12:00:00,2026-02-16 06:00:00,2026-02-15,30.0,0.7810349738334831,0.4520362437980003,0.8628030861310124,0.9623089047288153
t1,2026-02-16 13:00:00,2026-02-16 07:00:00,2026-02-15,31.0,0.7927657337935237,0.4676699813456447,0.8908813209611285,0.960784278586286
t1,2026-02-16 14:00:00,2026-02-16 08:00:00,2026-02-15,32.0,0.8038157719895465,0.4816776294551224,0.8814150975147729,0.9565362799980656
t1,2026-02-16 15:00:00,2026-02-16 09:00:00,2026-02-15,33.0,0.7921066327544843,0.4779481998640861,0.8578714405695985,0.9631680024789111
t1,2026-02-16 16:00:00,2026-02-16 10:00:00,2026-02-15,34.0,0.7469186225752886,0.3991948423142879,0.8116029745993639,0.9690388059241148
t1,2026-02-16 17:00:00,2026-02-16 11:00:00,2026-02-15,35.0,0.7192767926416362,0.3541176865088523,0.7330017874325526,0.9684085495436029
t1,2026-02-16 18:00:00,2026-02-16 12:00:00,2026-02-15,36.0,0.6737111598575618,0.35645000303094726,0.7213244899311492,0.9578254048693057
t1,2026-02-16 19:00:00,2026-02-16 13:00:00,2026-02-15,37.0,0.6767387368789488,0.33680275770456,0.7043426951768569,0.9729520059311939
t1,2026-02-16 20:00:00,2026-02-16 14:00:00,2026-02-15,38.0,0.6955629528398654,0.39505557593233065,0.7475120835477641,0.9706309373305099
t1,2026-02-16 21:00:00,2026-02-16 15:00:00,2026-02-15,39.0,0.712028563446328,0.393147699643557,0.7458494177759433,0.9772302624736126
t1,2026-02-16 22:00:00,2026-02-16 16:00:00,2026-02-15,40.0,0.7124557019429291,0.41441229547798536,0.7308560399125429,0.9766949959908722
t1,2026-02-16 23:00:00,2026-02-16 17:00:00,2026-02-15,41.0,0.7042382100422819,0.41468641970636766,0.7171518713559643,0.9750780740319348
t1,2026-02-17 00:00:00,2026-02-16 18:00:00,2026-02-15,42.0,0.6565476029567245,0.3430443626418931,0.6721690684499163,0.9707906169313912
t1,2026-02-17 01:00:00,2026-02-16 19:00:00,2026-02-15,43.0,0.6455096156748429,0.3518904921818594,0.7045584384797708,0.9773889343711991
t1,2026-02-17 02:00:00,2026-02-16 20:00:00,2026-02-15,44.0,0.6399710441657271,0.32768202781133826,0.6727634582309808,0.9770918804138206
t1,2026-02-17 03:00:00,2026-02-16 21:00:00,2026-02-15,45.0,0.6244968737938305,0.2515598188381355,0.6391138024997166,0.9657017830255036
t1,2026-02-17 04:00:00,2026-02-16 22:00:00,2026-02-15,46.0,0.5357395355950426,0.14910238747798538,0.4704378779285676,0.9302232308743934
t1,2026-02-17 05:00:00,2026-02-16 23:00:00,2026-02-15,47.0,0.3637618411272703,0.07720394909483098,0.26049604197206194,0.8454891848256302
t1,2026-02-17 06:00:00,2026-02-17 00:00:00,2026-02-16,24.0,0.33473287333503216,0.028210373258447313,0.23579092364738347,0.8225845554012866
t1,2026-02-17 07:00:00,2026-02-17 01:00:00,2026-02-16,25.0,0.3107983518330865,0.03292151544173838,0.19688145816870975,0.727006420159658
t1,2026-02-17 08:00:00,2026-02-17 02:00:00,2026-02-16,26.0,0.2517183820919852,0.0316925525483208,0.1671064235503427,0.629258658057897
t1,2026-02-17 09:00:00,2026-02-17 03:00:00,2026-02-16,27.0,0.1771697603269414,0.016335879467274137,0.08299053048695504,0.5418702871819726
t1,2026-02-17 10:00:00,2026-02-17 04:00:00,2026-02-16,28.0,0.1818425843133711,0.014230286764974025,0.08201410438512835,0.5698820231249033
t1,2026-02-17 11:00:00,2026-02-17 05:00:00,2026-02-16,29.0,0.1620130248315732,0.014115989024368792,0.10347587784670366,0.5019401098763205
t1,2026-02-17 12:00:00,2026-02-17 06:00:00,2026-02-16,30.0,0.1843734014224205,0.014402988156297427,0.12054868408494193,0.4840781161719467
t1,2026-02-17 13:00:00,2026-02-17 07:00:00,2026-02-16,31.0,0.18776739989323435,0.015051235056172122,0.15529052408239966,0.5390932724775618
t1,2026-02-17 14:00:00,2026-02-17 08:00:00,2026-02-16,32.0,0.23386946157503222,0.016312907807316607,0.17831526340472015,0.6018826456489733
t1,2026-02-17 15:00:00,2026-02-17 09:00:00,2026-02-16,33.0,0.3074653929732138,0.027798274373618172,0.23236605774728475,0.7253789578140016
t1,2026-02-17 16:00:00,2026-02-17 10:00:00,2026-02-16,34.0,0.41009449455288344,0.04779760728758253,0.29316511710509047,0.8424718070811371
t1,2026-02-17 17:00:00,2026-02-17 11:00:00,2026-02-16,35.0,0.5675470943442786,0.06451295930113711,0.4599831747831794,0.9429911695771479
t1,2026-02-17 18:00:00,2026-02-17 12:00:00,2026-02-16,36.0,0.6762765383479876,0.10588918202773244,0.6253072682686709,0.9984413182434629
t1,2026-02-17 19:00:00,2026-02-17 13:00:00,2026-02-16,37.0,0.7036109167442165,0.17256044303456472,0.6908436620753485,0.9929417862468818
t1,2026-02-17 20:00:00,2026-02-17 14:00:00,2026-02-16,38.0,0.7648465006198738,0.28615574821127376,0.771991841856742,0.9916157669609003
t1,2026-02-17 21:00:00,2026-02-17 15:00:00,2026-02-16,39.0,0.7360918694209811,0.29845137167993807,0.7594888291327944,0.9902558178698744
t1,2026-02-17 22:00:00,2026-02-17 16:00:00,2026-02-16,40.0,0.7302087423119668,0.3783021899062581,0.7654115669919461,0.9886019106742492
t1,2026-02-17 23:00:00,2026-02-17 17:00:00,2026-02-16,41.0,0.7301354930196305,0.37320529406745023,0.7505759283064755,0.9879048013281707
t1,2026-02-18 00:00:00,2026-02-17 18:00:00,2026-02-16,42.0,0.7942968425666046,0.46381617527839364,0.8160122741816351,0.9890467196715332
t1,2026-02-18 01:00:00,2026-02-17 19:00:00,2026-02-16,43.0,0.8269825483688226,0.5231528905939454,0.8602475565393385,0.986974438883533
t1,2026-02-18 02:00:00,2026-02-17 20:00:00,2026-02-16,44.0,0.7973146146317545,0.5188817072076202,0.8411675224060541,0.989064684971118
t1,2026-02-18 03:00:00,2026-02-17 21:00:00,2026-02-16,45.0,0.7713444102426619,0.5003151476890515,0.8197165369915433,0.9884886253787718
t1,2026-02-18 04:00:00,2026-02-17 22:00:00,2026-02-16,46.0,0.8206191297182385,0.5386801354481233,0.8425005174715101,0.988814617953307
t1,2026-02-18 05:00:00,2026-02-17 23:00:00,2026-02-16,47.0,0.8225955534527909,0.5678255741977302,0.8677061887814616,0.9880865231372379
t1,2026-02-18 06:00:00,2026-02-18 00:00:00,2026-02-17,24.0,0.8327058561383853,0.5877783515978661,0.9069002482862412,0.988816794036618
t1,2026-02-18 07:00:00,2026-02-18 01:00:00,2026-02-17,25.0,0.8679365403916406,0.6659361270483234,0.9076497647203452,0.989138839335167
t1,2026-02-18 08:00:00,2026-02-18 02:00:00,2026-02-17,26.0,0.8992750750759023,0.7692240336862693,0.9391603274909583,0.9892755232608894
t1,2026-02-18 09:00:00,2026-02-18 03:00:00,2026-02-17,27.0,0.9156265473260168,0.7794350439146313,0.9546017948817245,0.9892733975881279
t1,2026-02-18 10:00:00,2026-02-18 04:00:00,2026-02-17,28.0,0.9207751435242187,0.7972797794983327,0.9657306173272517,0.9892592207032618
t1,2026-02-18 11:00:00,2026-02-18 05:00:00,2026-02-17,29.0,0.9287456386909583,0.7978154256042471,0.9670230795865334,0.9895018627183714
t1,2026-02-18 12:00:00,2026-02-18 06:00:00,2026-02-17,30.0,0.9342270550720357,0.8083189460729395,0.9670230795865334,0.9895033604218646
t1,2026-02-18 13:00:00,2026-02-18 07:00:00,2026-02-17,31.0,0.9346874752111503,0.8134585766433027,0.9667482152394563,0.9895066560119031
t1,2026-02-18 14:00:00,2026-02-18 08:00:00,2026-02-17,32.0,0.948787958088364,0.860881442860583,0.9664165486734553,0.9895461329515348
t1,2026-02-18 15:00:00,2026-02-18 09:00:00,2026-02-17,33.0,0.933134597449972,0.8319628778997539,0.9664138538575483,0.9894871532255141
t1,2026-02-18 16:00:00,2026-02-18 10:00:00,2026-02-17,34.0,0.9305537812417343,0.7977141815938521,0.9582078424810986,0.9886558004671754
t1,2026-02-18 17:00:00,2026-02-18 11:00:00,2026-02-17,35.0,0.9069205668155805,0.708370832545357,0.9507638808690557,0.9883757576643446
t1,2026-02-18 18:00:00,2026-02-18 12:00:00,2026-02-17,36.0,0.8749153437309628,0.6180653507720124,0.9277405187023493,0.9886123391803567
t1,2026-02-18 19:00:00,2026-02-18 13:00:00,2026-02-17,37.0,0.8008587777805285,0.46374461000958206,0.8782696124063447,0.9879441861232938
t1,2026-02-18 20:00:00,2026-02-18 14:00:00,2026-02-17,38.0,0.7588743107675255,0.4088399231085885,0.790303566970028,0.9895276478266739
t1,2026-02-18 21:00:00,2026-02-18 15:00:00,2026-02-17,39.0,0.7273814920351711,0.3999641236523023,0.7740957308874847,0.9898957484609957
t1,2026-02-18 22:00:00,2026-02-18 16:00:00,2026-02-17,40.0,0.7384082087689203,0.4270022929707412,0.7958142465340492,0.9910034652634697
t1,2026-02-18 23:00:00,2026-02-18 17:00:00,2026-02-17,41.0,0.7505247101606574,0.4403047207270975,0.812710794900217,0.9801621512654882
t1,2026-02-19 00:00:00,2026-02-18 18:00:00,2026-02-17,42.0,0.7728985003231692,0.48284718550503886,0.8047708806508758,0.9876036098638917
t1,2026-02-19 01:00:00,2026-02-18 19:00:00,2026-02-17,43.0,0.7525162370676912,0.47405217903517816,0.8364280384523015,0.9813493912986182
t1,2026-02-19 02:00:00,2026-02-18 20:00:00,2026-02-17,44.0,0.7714286834740997,0.47648785929254284,0.838916871290375,0.9880421594287416
t1,2026-02-19 03:00:00,2026-02-18 21:00:00,2026-02-17,45.0,0.7617806570595465,0.46950840732880417,0.8340061051763525,0.9811383375834071
t1,2026-02-19 04:00:00,2026-02-18 22:00:00,2026-02-17,46.0,0.7951059510317664,0.5051988750088617,0.8477209096910776,0.9822097875597284
t1,2026-02-19 05:00:00,2026-02-18 23:00:00,2026-02-17,47.0,0.7540400054068953,0.4554377166003908,0.8218952599343878,0.9834540855729803
t1,2026-02-19 06:00:00,2026-02-19 00:00:00,2026-02-18,24.0,0.5602266592470082,0.1951588501995662,0.5304471644289567,0.9440844424753585
t1,2026-02-19 07:00:00,2026-02-19 01:00:00,2026-02-18,25.0,0.4014337318310913,0.16358720954738928,0.4396569764440778,0.8740405070255494
t1,2026-02-19 08:00:00,2026-02-19 02:00:00,2026-02-18,26.0,0.35710539412806797,0.11796366716489054,0.3965045417213227,0.8735420728467872
t1,2026-02-19 09:00:00,2026-02-19 03:00:00,2026-02-18,27.0,0.3376189948529873,0.05975056359696321,0.2995946815252509,0.810024202255426
t1,2026-02-19 10:00:00,2026-02-19 04:00:00,2026-02-18,28.0,0.47179078789428625,0.09249556246957544,0.4070002202075394,0.8575813205283177
t1,2026-02-19 11:00:00,2026-02-19 05:00:00,2026-02-18,29.0,0.5350566677807616,0.1242545129884834,0.4942351433149922,0.8932356254486759
t1,2026-02-19 12:00:00,2026-02-19 06:00:00,2026-02-18,30.0,0.38701630585527835,0.07524603238042935,0.3636606955023867,0.8587400526324761
t1,2026-02-19 13:00:00,2026-02-19 07:00:00,2026-02-18,31.0,0.4466606297499995,0.054485394859943984,0.35764860204235266,0.7992329139509361
t1,2026-02-19 14:00:00,2026-02-19 08:00:00,2026-02-18,32.0,0.47922461133228716,0.041109419728578594,0.35141789897595666,0.8398709118749593
t1,2026-02-19 15:00:00,2026-02-19 09:00:00,2026-02-18,33.0,0.3633191106282744,0.056529508386250066,0.25411576664099417,0.7640651139928983
t1,2026-02-19 16:00:00,2026-02-19 10:00:00,2026-02-18,34.0,0.29633936776768915,0.031898509976257004,0.1827598905769742,0.7148205662833059
t1,2026-02-19 17:00:00,2026-02-19 11:00:00,2026-02-18,35.0,0.2910053382773883,0.019220119024867588,0.1738584084247777,0.6516597598468785
t1,2026-02-19 18:00:00,2026-02-19 12:00:00,2026-02-18,36.0,0.24747998546191075,0.015767999757700237,0.12768373753919354,0.6049426799473047
t1,2026-02-19 19:00:00,2026-02-19 13:00:00,2026-02-18,37.0,0.20466084878806926,0.010765461601995784,0.09518771615357596,0.5461728549146719
t1,2026-02-19 20:00:00,2026-02-19 14:00:00,2026-02-18,38.0,0.12529518316057683,0.009741514104521742,0.04120764026227757,0.39215055822522055
t1,2026-02-19 21:00:00,2026-02-19 15:00:00,2026-02-18,39.0,0.13599511444191129,0.010629813797328153,0.06934382574784059,0.4054863028022369
t1,2026-02-19 22:00:00,2026-02-19 16:00:00,2026-02-18,40.0,0.24753854674204534,0.01378907072756439,0.11464800657893422,0.5456779459555597
t1,2026-02-19 23:00:00,2026-02-19 17:00:00,2026-02-18,41.0,0.3425407141137952,0.018160623659905624,0.19321287416865954,0.7603939918130264
t1,2026-02-20 00:00:00,2026-02-19 18:00:00,2026-02-18,42.0,0.4058912626080133,0.0242066948937814,0.22249697359375292,0.8916159149202321
t1,2026-02-20 01:00:00,2026-02-19 19:00:00,2026-02-18,43.0,0.3793059447831005,0.01895282185142265,0.23897570153523812,0.8868801100562548
t1,2026-02-20 02:00:00,2026-02-19 20:00:00,2026-02-18,44.0,0.39041047462278344,0.022765373920797045,0.2746691380992045,0.8189534320054606
t1,2026-02-20 03:00:00,2026-02-19 21:00:00,2026-02-18,45.0,0.458187623009371,0.024539527353147596,0.3344378913596078,0.9095653005798995
t1,2026-02-20 04:00:00,2026-02-19 22:00:00,2026-02-18,46.0,0.529223805664885,0.02804296418366326,0.3844480750208192,0.9116296879904893
t1,2026-02-20 05:00:00,2026-02-19 23:00:00,2026-02-18,47.0,0.4827212863355298,0.029505286057194,0.338698739346236,0.8698846574932994
t1,2026-02-20 06:00:00,2026-02-20 00:00:00,2026-02-19,24.0,0.5764073111507575,0.044671097124390644,0.5253950627949877,0.9689399576337822
t1,2026-02-20 07:00:00,2026-02-20 01:00:00,2026-02-19,25.0,0.6097016302021131,0.04619633283504624,0.5542694177109475,0.9944809477705191
t1,2026-02-20 08:00:00,2026-02-20 02:00:00,2026-02-19,26.0,0.5932846654314732,0.051799084485673635,0.5504569955256836,0.9731438537506345
t1,2026-02-20 09:00:00,2026-02-20 03:00:00,2026-02-19,27.0,0.5380559060334951,0.04256927165974585,0.5220641468559737,0.9469935194669041
t1,2026-02-20 10:00:00,2026-02-20 04:00:00,2026-02-19,28.0,0.4475716680118278,0.04561836488299565,0.41392769883263986,0.8865709772980094
t1,2026-02-20 11:00:00,2026-02-20 05:00:00,2026-02-19,29.0,0.3359081769726703,0.040255815308042314,0.2549786281012348,0.7374111685631626
t1,2026-02-20 12:00:00,2026-02-20 06:00:00,2026-02-19,30.0,0.274376794308305,0.02571954775886056,0.19027636137547205,0.7038263034748032
t1,2026-02-20 13:00:00,2026-02-20 07:00:00,2026-02-19,31.0,0.2126141199014612,0.012393404528237648,0.15529543248016456,0.6636584328364029
t1,2026-02-20 14:00:00,2026-02-20 08:00:00,2026-02-19,32.0,0.1750815515421853,0.01150611207808515,0.12398759402185539,0.5207612745464101
t1,2026-02-20 15:00:00,2026-02-20 09:00:00,2026-02-19,33.0,0.14153690291800047,0.009379660334569148,0.09871072720552285,0.40155473804562186
t1,2026-02-20 16:00:00,2026-02-20 10:00:00,2026-02-19,34.0,0.12445991710107017,0.010238902790772914,0.07211879857717336,0.36699976259104233
t1,2026-02-20 17:00:00,2026-02-20 11:00:00,2026-02-19,35.0,0.11493517766856463,0.009490048890703713,0.05600854729288613,0.32246820698630185
t1,2026-02-20 18:00:00,2026-02-20 12:00:00,2026-02-19,36.0,0.1669781876487291,0.010562883328667557,0.09122400502577208,0.38295548651002825
t1,2026-02-20 19:00:00,2026-02-20 13:00:00,2026-02-19,37.0,0.21428725222444522,0.01340337992209847,0.1323567991064523,0.48143142544911877
t1,2026-02-20 20:00:00,2026-02-20 14:00:00,2026-02-19,38.0,0.27739952281731584,0.009183498495919413,0.1801882102144283,0.642071475746856
t1,2026-02-20 21:00:00,2026-02-20 15:00:00,2026-02-19,39.0,0.3672564633845481,0.02846848898290889,0.28930322455851804,0.8713911668327295
t1,2026-02-20 22:00:00,2026-02-20 16:00:00,2026-02-19,40.0,0.5595650106794074,0.05116982399788241,0.4660373491198237,0.9649037432044536
t1,2026-02-20 23:00:00,2026-02-20 17:00:00,2026-02-19,41.0,0.6230454826312237,0.136443888644977,0.5389753042492159,0.9821175210330391
t1,2026-02-21 00:00:00,2026-02-20 18:00:00,2026-02-19,42.0,0.6734857106100801,0.2538553570813202,0.6541773178644622,0.9689980717968774
t1,2026-02-21 01:00:00,2026-02-20 19:00:00,2026-02-19,43.0,0.67123179493793,0.2662529732898818,0.6739827407988618,0.9775966351457549
t1,2026-02-21 02:00:00,2026-02-20 20:00:00,2026-02-19,44.0,0.6711537715806636,0.27552525495122426,0.6577693337571769,0.9790585856729388
t1,2026-02-21 03:00:00,2026-02-20 21:00:00,2026-02-19,45.0,0.6684368790507806,0.2673082613826927,0.6356756287469391,0.9717293667727501
t1,2026-02-21 04:00:00,2026-02-20 22:00:00,2026-02-19,46.0,0.6358420485977994,0.28021754884062355,0.6168600928715148,0.9613091188229206
t1,2026-02-21 05:00:00,2026-02-20 23:00:00,2026-02-19,47.0,0.6338618580331924,0.29689741573578576,0.5809499544456421,0.9701534354194754
t1,2026-02-21 06:00:00,2026-02-21 00:00:00,2026-02-20,24.0,0.6475690487908627,0.29383042440886203,0.6184109667055523,0.9783530038121956
t1,2026-02-21 07:00:00,2026-02-21 01:00:00,2026-02-20,25.0,0.5847291652589328,0.21812046913085467,0.5581174625415241,0.967752700403204
t1,2026-02-21 08:00:00,2026-02-21 02:00:00,2026-02-20,26.0,0.5240474716533499,0.13888439302964165,0.49061580281805167,0.9434823528972928
t1,2026-02-21 09:00:00,2026-02-21 03:00:00,2026-02-20,27.0,0.5096726536142369,0.12023333888589685,0.47096933043728584,0.8818081635852124
t1,2026-02-21 10:00:00,2026-02-21 04:00:00,2026-02-20,28.0,0.3426435318705497,0.04882767318239109,0.25448044031245887,0.845546410230801
t1,2026-02-21 11:00:00,2026-02-21 05:00:00,2026-02-20,29.0,0.49979892521047603,0.0969445014251276,0.4017748300838059,0.9098076000928011
t1,2026-02-21 12:00:00,2026-02-21 06:00:00,2026-02-20,30.0,0.7028996891257463,0.292855167291792,0.7220515268447493,0.9938111570879962
t1,2026-02-21 13:00:00,2026-02-21 07:00:00,2026-02-20,31.0,0.8552713952324722,0.5116019101770127,0.9358806760192611,0.9891868206873841
t1,2026-02-21 14:00:00,2026-02-21 08:00:00,2026-02-20,32.0,0.8769717548754318,0.680689765438944,0.9407312409947239,0.9891041099521538
t1,2026-02-21 15:00:00,2026-02-21 09:00:00,2026-02-20,33.0,0.8614906158483632,0.596545625618096,0.9230458527516784,0.9878995859289755
t1,2026-02-21 16:00:00,2026-02-21 10:00:00,2026-02-20,34.0,0.808992259021426,0.48152185621364313,0.8644814570144207,0.9863392355211055
t1,2026-02-21 17:00:00,2026-02-21 11:00:00,2026-02-20,35.0,0.7120680668808596,0.3812593083419269,0.75537144087242,0.9789756195793495
t1,2026-02-21 18:00:00,2026-02-21 12:00:00,2026-02-20,36.0,0.5936627475843147,0.21863095901752652,0.5987303366436777,0.9280429999573133
t1,2026-02-21 19:00:00,2026-02-21 13:00:00,2026-02-20,37.0,0.4672190505972643,0.12130316669189507,0.4407348590935609,0.8788715530288601
t1,2026-02-21 20:00:00,2026-02-21 14:00:00,2026-02-20,38.0,0.3837415885197254,0.03652710994240279,0.34550385616988744,0.8320277379369878
t1,2026-02-21 21:00:00,2026-02-21 15:00:00,2026-02-20,39.0,0.3101580151941877,0.02685893663128491,0.2365943549395318,0.7824601269722767
t1,2026-02-21 22:00:00,2026-02-21 16:00:00,2026-02-20,40.0,0.22415817784673694,0.019765248728272754,0.1281561483333779,0.6473072054394792
t1,2026-02-21 23:00:00,2026-02-21 17:00:00,2026-02-20,41.0,0.17597374763997564,0.012686902175178033,0.09391636315982228,0.46514543138456904
t1,2026-02-22 00:00:00,2026-02-21 18:00:00,2026-02-20,42.0,0.14998924744838052,0.01043340689252114,0.08637983386089901,0.44945999021386784
t1,2026-02-22 01:00:00,2026-02-21 19:00:00,2026-02-20,43.0,0.12488907083685506,0.009804888037048314,0.06392494204023366,0.3430582364671254
t1,2026-02-22 02:00:00,2026-02-21 20:00:00,2026-02-20,44.0,0.08494526412521652,0.009677851903438603,0.034076380386832306,0.24427423154395897
t1,2026-02-22 03:00:00,2026-02-21 21:00:00,2026-02-20,45.0,0.0810971979900143,0.00961468237007103,0.022744552376140377,0.24381850286152934
t1,2026-02-22 04:00:00,2026-02-21 22:00:00,2026-02-20,46.0,0.0742428849779734,0.009668889756092397,0.021904256874573917,0.21225354063741422
t1,2026-02-22 05:00:00,2026-02-21 23:00:00,2026-02-20,47.0,0.07019394784300079,0.009632010701235434,0.02641980000061,0.21032645210294315
t1,2026-02-22 06:00:00,2026-02-22 00:00:00,2026-02-21,24.0,0.11157554557198454,0.0030660957845693036,0.05034245988818084,0.32509852326311267
t1,2026-02-22 07:00:00,2026-02-22 01:00:00,2026-02-21,25.0,0.19603732240476804,0.003965889352267329,0.09692603157304991,0.46135448507295834
t1,2026-02-22 08:00:00,2026-02-22 02:00:00,2026-02-21,26.0,0.2861748541160398,0.020036367599498835,0.23552320308826885,0.7292021600364401
t1,2026-02-22 09:00:00,2026-02-22 03:00:00,2026-02-21,27.0,0.4700987860933612,0.05417389100756621,0.4249469445632011,0.9670499066268112
t1,2026-02-22 10:00:00,2026-02-22 04:00:00,2026-02-21,28.0,0.611616203358617,0.15198164982351856,0.5807315484344414,0.9836594634954535
t1,2026-02-22 11:00:00,2026-02-22 05:00:00,2026-02-21,29.0,0.7156140270378489,0.22330883764100112,0.7279637891964287,0.9879321956829061
t1,2026-02-22 12:00:00,2026-02-22 06:00:00,2026-02-21,30.0,0.8930780274649491,0.5476357769206674,0.9352899876896165,0.9877950314223884
t1,2026-02-22 13:00:00,2026-02-22 07:00:00,2026-02-21,31.0,0.9009248340542666,0.6457170371697085,0.9565655340887679,0.9876472143257995
t1,2026-02-22 14:00:00,2026-02-22 08:00:00,2026-02-21,32.0,0.8986617694227778,0.668288447993588,0.9705712140542226,0.9891659405792124
t1,2026-02-22 15:00:00,2026-02-22 09:00:00,2026-02-21,33.0,0.8869925562269635,0.6907044468809062,0.9663438018465264,0.9880357683927423
t1,2026-02-22 16:00:00,2026-02-22 10:00:00,2026-02-21,34.0,0.8804843244808432,0.5824478563053921,0.9528279163622148,0.9895582172825177
t1,2026-02-22 17:00:00,2026-02-22 11:00:00,2026-02-21,35.0,0.8077221997802149,0.4345380089311896,0.8489312904875201,0.9879401518231051
t1,2026-02-22 18:00:00,2026-02-22 12:00:00,2026-02-21,36.0,0.7103198983294746,0.23317903746734342,0.7273871987079988,0.9929876199610244
t1,2026-02-22 19:00:00,2026-02-22 13:00:00,2026-02-21,37.0,0.5578087727676687,0.10972329718130235,0.5242837979264556,0.9814924369493548
t1,2026-02-22 20:00:00,2026-02-22 14:00:00,2026-02-21,38.0,0.3647958069055864,0.04768543245668086,0.25832804023841544,0.9004092894867815
t1,2026-02-22 21:00:00,2026-02-22 15:00:00,2026-02-21,39.0,0.2573604338423774,0.023344221551223683,0.14898319696920395,0.761629713742224
t1,2026-02-22 22:00:00,2026-02-22 16:00:00,2026-02-21,40.0,0.21199995863576698,0.01039995519310091,0.09893231383416408,0.6825404497583681
t1,2026-02-22 23:00:00,2026-02-22 17:00:00,2026-02-21,41.0,0.20887212168824948,0.00825780126037951,0.08572038466090187,0.6250417418216697
t1,2026-02-23 00:00:00,2026-02-22 18:00:00,2026-02-21,42.0,0.158761500421553,0.00906232176417082,0.06990921059062774,0.45919985447964434
t1,2026-02-23 01:00:00,2026-02-22 19:00:00,2026-02-21,43.0,0.15823672919635043,0.00947012846434193,0.0643677834253047,0.42245192620147476
t1,2026-02-23 02:00:00,2026-02-22 20:00:00,2026-02-21,44.0,0.1326360190845132,0.009521876426434506,0.048004885435501375,0.36140272819939917
t1,2026-02-23 03:00:00,2026-02-22 21:00:00,2026-02-21,45.0,0.13386854490433495,0.00958393346691785,0.04465906188844663,0.36101852338083934
t1,2026-02-23 04:00:00,2026-02-22 22:00:00,2026-02-21,46.0,0.12232661909815043,0.009593781410601722,0.035887379024336516,0.3226119491059315
t1,2026-02-23 05:00:00,2026-02-22 23:00:00,2026-02-21,47.0,0.12218499173909535,0.009550637348878165,0.01897848213634332,0.35265052326739493
t1,2026-02-23 06:00:00,2026-02-23 00:00:00,2026-02-22,24.0,0.1094527547119073,0.009969032832877887,0.023715803999836478,0.28594821521400055
t1,2026-02-23 07:00:00,2026-02-23 01:00:00,2026-02-22,25.0,0.10967877267902194,0.010042060206259881,0.024947255971123745,0.300119079738141
t1,2026-02-23 08:00:00,2026-02-23 02:00:00,2026-02-22,26.0,0.11373693556333236,0.00977002075290199,0.02225420920318276,0.27966197130880655
t1,2026-02-23 09:00:00,2026-02-23 03:00:00,2026-02-22,27.0,0.10984598062677282,0.009597719868680049,0.02792174910777076,0.3156221715288244
t1,2026-02-23 10:00:00,2026-02-23 04:00:00,2026-02-22,28.0,0.13817929293338302,0.009641466472766725,0.057644257606603494,0.36578858254419755
t1,2026-02-23 11:00:00,2026-02-23 05:00:00,2026-02-22,29.0,0.1899819619960233,0.012791259488018637,0.09246739311854388,0.4904839267762412
t1,2026-02-23 12:00:00,2026-02-23 06:00:00,2026-02-22,30.0,0.2156040306725293,0.01950675539473758,0.14506637354646826,0.5658298201562503
t1,2026-02-23 13:00:00,2026-02-23 07:00:00,2026-02-22,31.0,0.3435270730661253,0.0352599421221758,0.2770038927506577,0.7270126780343844
t1,2026-02-23 14:00:00,2026-02-23 08:00:00,2026-02-22,32.0,0.4633232236399674,0.061683603693482414,0.3920685205665809,0.8839801718564422
t1,2026-02-23 15:00:00,2026-02-23 09:00:00,2026-02-22,33.0,0.5607424864607167,0.11925366876845837,0.44547051094806933,0.9368727493416865
t1,2026-02-23 16:00:00,2026-02-23 10:00:00,2026-02-22,34.0,0.5927004730078461,0.16662354006549987,0.5486052796756565,0.9610457737897861
t1,2026-02-23 17:00:00,2026-02-23 11:00:00,2026-02-22,35.0,0.6340170787413978,0.2513234534331902,0.6456236075677845,0.9724861142638705
t1,2026-02-23 18:00:00,2026-02-23 12:00:00,2026-02-22,36.0,0.7574622483862488,0.38479938914630984,0.777483620510106,0.9794983285153842
t1,2026-02-23 19:00:00,2026-02-23 13:00:00,2026-02-22,37.0,0.7757146574520175,0.4191140835760619,0.7939290024840275,0.9899722460407339
t1,2026-02-23 20:00:00,2026-02-23 14:00:00,2026-02-22,38.0,0.7776910549238949,0.4664100148473302,0.8153296760816521,0.9884305139963809
t1,2026-02-23 21:00:00,2026-02-23 15:00:00,2026-02-22,39.0,0.7645660429992722,0.5511691404917715,0.838031446266232,0.9803370819702503
t1,2026-02-23 22:00:00,2026-02-23 16:00:00,2026-02-22,40.0,0.8056596963142955,0.5287063651812436,0.864975229321548,0.9865960917690649
t1,2026-02-23 23:00:00,2026-02-23 17:00:00,2026-02-22,41.0,0.8714296831197913,0.7047110476066588,0.9306462432448721,0.9891868300922502
t1,2026-02-24 00:00:00,2026-02-23 18:00:00,2026-02-22,42.0,0.9028615933905181,0.7737553483743103,0.9362681537307582,0.9907584172732545
t1,2026-02-24 01:00:00,2026-02-23 19:00:00,2026-02-22,43.0,0.9034182013899753,0.7570395959290951,0.9330539510353365,0.9897309298012205
t1,2026-02-24 02:00:00,2026-02-23 20:00:00,2026-02-22,44.0,0.884769478538892,0.7208589438051768,0.938989557341211,0.9895784395948206
t1,2026-02-24 03:00:00,2026-02-23 21:00:00,2026-02-22,45.0,0.856938898176347,0.6569261530237086,0.9258579887211977,0.9893213603760179
t1,2026-02-24 04:00:00,2026-02-23 22:00:00,2026-02-22,46.0,0.833128484271366,0.6023005782588731,0.9143718894046395,0.9884054178082186
t1,2026-02-24 05:00:00,2026-02-23 23:00:00,2026-02-22,47.0,0.8123240713906904,0.556359746353577,0.8723149704168998,0.986124537527924
t1,2026-02-24 06:00:00,2026-02-24 00:00:00,2026-02-23,24.0,0.7530459957048787,0.3652906560341508,0.8004059582770676,0.9824666418085999
t1,2026-02-24 07:00:00,2026-02-24 01:00:00,2026-02-23,25.0,0.7198075540448367,0.34145259871833267,0.7689442006166504,0.9798428629231655
t1,2026-02-24 08:00:00,2026-02-24 02:00:00,2026-02-23,26.0,0.6727934237210875,0.2582199527808308,0.6974063511383061,0.9717107383866088
t1,2026-02-24 09:00:00,2026-02-24 03:00:00,2026-02-23,27.0,0.6534052561614282,0.1986494093480456,0.6728964941247617,0.968224488489623
t1,2026-02-24 10:00:00,2026-02-24 04:00:00,2026-02-23,28.0,0.5604396733840886,0.2016879610379847,0.5668349736516858,0.9399831110927644
t1,2026-02-24 11:00:00,2026-02-24 05:00:00,2026-02-23,29.0,0.5214192950947648,0.17495093240912668,0.5438064936753635,0.9062719852875027
t1,2026-02-24 12:00:00,2026-02-24 06:00:00,2026-02-23,30.0,0.4950406090636943,0.1824394807466525,0.4902082940777686,0.88843022263337
t1,2026-02-24 13:00:00,2026-02-24 07:00:00,2026-02-23,31.0,0.49813794219968394,0.1724193676725894,0.4950826841971224,0.8648312103589767
t1,2026-02-24 14:00:00,2026-02-24 08:00:00,2026-02-23,32.0,0.5214732401258142,0.170421537618287,0.507416179106541,0.8986964611403359
t1,2026-02-24 15:00:00,2026-02-24 09:00:00,2026-02-23,33.0,0.5163507291256401,0.15026577527524526,0.5014044965002947,0.8937470323527018
t1,2026-02-24 16:00:00,2026-02-24 10:00:00,2026-02-23,34.0,0.48961238444992305,0.14809180711615128,0.469903564747329,0.8714514652293903
t1,2026-02-24 17:00:00,2026-02-24 11:00:00,2026-02-23,35.0,0.39366369615135477,0.07249537852899297,0.37432534259885725,0.8236442235051844
t1,2026-02-24 18:00:00,2026-02-24 12:00:00,2026-02-23,36.0,0.34825283968615045,0.04442289829941424,0.32917055127273254,0.7838324076836787
t1,2026-02-24 19:00:00,2026-02-24 13:00:00,2026-02-23,37.0,0.29498990528082714,0.03152386716492079,0.23868760215865686,0.7775903333235061
t1,2026-02-24 20:00:00,2026-02-24 14:00:00,2026-02-23,38.0,0.2188177607432848,0.016601962797848653,0.14000112583717786,0.7065276661992761
t1,2026-02-24 21:00:00,2026-02-24 15:00:00,2026-02-23,39.0,0.18332764642155489,0.013110857154963592,0.12160195538962391,0.5187916475984247
t1,2026-02-24 22:00:00,2026-02-24 16:00:00,2026-02-23,40.0,0.1346366436827447,0.009002066752295389,0.0662359629062517,0.36054941476291763
t1,2026-02-24 23:00:00,2026-02-24 17:00:00,2026-02-23,41.0,0.09189445154154958,0.0038130882330642095,0.02348271939494594,0.23903658294745728
t1,2026-02-25 00:00:00,2026-02-24 18:00:00,2026-02-23,42.0,0.06725594621330165,0.00347455838742935,0.017731124012738728,0.1880941417318151
t1,2026-02-25 01:00:00,2026-02-24 19:00:00,2026-02-23,43.0,0.0629702377143727,0.009731034444501813,0.015364903750287597,0.18766574512131134
t1,2026-02-25 02:00:00,2026-02-24 20:00:00,2026-02-23,44.0,0.06347582608613125,0.00976774686822147,0.015922338685866635,0.188750829127352
t1,2026-02-25 03:00:00,2026-02-24 21:00:00,2026-02-23,45.0,0.07825217801216695,0.010008049789822983,0.022858068759622728,0.21306741733593082
t1,2026-02-25 04:00:00,2026-02-24 22:00:00,2026-02-23,46.0,0.11262319676967082,0.009771273168959788,0.04474327836661973,0.29795960422585704
t1,2026-02-25 05:00:00,2026-02-24 23:00:00,2026-02-23,47.0,0.16196181513294747,0.011834199825503194,0.08468484734692716,0.43737858054559997
t1,2026-02-25 06:00:00,2026-02-25 00:00:00,2026-02-24,24.0,0.1374888256394827,0.010342172951973939,0.07727593653737243,0.3882262227440964
t1,2026-02-25 07:00:00,2026-02-25 01:00:00,2026-02-24,25.0,0.17384136972390446,0.010406491847263728,0.09471658962637827,0.5122821046657374
t1,2026-02-25 08:00:00,2026-02-25 02:00:00,2026-02-24,26.0,0.19938682143554148,0.011712282305830726,0.12635303659000827,0.5399561665081533
t1,2026-02-25 09:00:00,2026-02-25 03:00:00,2026-02-24,27.0,0.17794859981840067,0.011343017562279149,0.1352886883264545,0.5119811347996804
t1,2026-02-25 10:00:00,2026-02-25 04:00:00,2026-02-24,28.0,0.1518595747681738,0.009498158450922861,0.09939211425885817,0.4369634695429311
t1,2026-02-25 11:00:00,2026-02-25 05:00:00,2026-02-24,29.0,0.08847767187649769,0.010080682705823945,0.030216606249339355,0.28734835358189204
t1,2026-02-25 12:00:00,2026-02-25 06:00:00,2026-02-24,30.0,0.07691033594155491,0.010098741306810544,0.033790413709007615,0.2669961470144678
t1,2026-02-25 13:00:00,2026-02-25 07:00:00,2026-02-24,31.0,0.07979367746814217,0.010338391363126434,0.031458365806694706,0.2492540967653003
t1,2026-02-25 14:00:00,2026-02-25 08:00:00,2026-02-24,32.0,0.07637390539746142,0.010115877251771299,0.014202169540179685,0.22850202665277472
t1,2026-02-25 15:00:00,2026-02-25 09:00:00,2026-02-24,33.0,0.06623817066521107,0.009718984349661286,0.014009070359150652,0.24861916039230308
t1,2026-02-25 16:00:00,2026-02-25 10:00:00,2026-02-24,34.0,0.07270450968666439,0.009762067378385496,0.021151169541259392,0.2515966987897371
t1,2026-02-25 17:00:00,2026-02-25 11:00:00,2026-02-24,35.0,0.08934599379483027,0.00921271309762783,0.022061171412835565,0.27052416269358803
t1,2026-02-25 18:00:00,2026-02-25 12:00:00,2026-02-24,36.0,0.12334272934729304,0.010272731723285052,0.05706688525235966,0.35985117637684333
t1,2026-02-25 19:00:00,2026-02-25 13:00:00,2026-02-24,37.0,0.14712466268026786,0.01010001259007522,0.09321698217121752,0.40019334575909016
t1,2026-02-25 20:00:00,2026-02-25 14:00:00,2026-02-24,38.0,0.22384310083723477,0.009896759368123512,0.12688102613810479,0.5400426384615541
t1,2026-02-25 21:00:00,2026-02-25 15:00:00,2026-02-24,39.0,0.2871714172518549,0.021782665561500138,0.21563905983214277,0.6710823582209287
t1,2026-02-25 22:00:00,2026-02-25 16:00:00,2026-02-24,40.0,0.362820737235791,0.03347057751478973,0.32533325371302063,0.8414653869801199
t1,2026-02-25 23:00:00,2026-02-25 17:00:00,2026-02-24,41.0,0.5587151417579475,0.06857640584554037,0.4818915445551517,0.9894627629029187
t1,2026-02-26 00:00:00,2026-02-25 18:00:00,2026-02-24,42.0,0.6922369691773363,0.18528920394520576,0.6461123074332018,0.999257564231358
t1,2026-02-26 01:00:00,2026-02-25 19:00:00,2026-02-24,43.0,0.749620299522472,0.29319721250496983,0.7496218828344721,0.990430095250415
t1,2026-02-26 02:00:00,2026-02-25 20:00:00,2026-02-24,44.0,0.7691725630373718,0.3744999120136507,0.8199454254364492,0.9918055150434674
t1,2026-02-26 03:00:00,2026-02-25 21:00:00,2026-02-24,45.0,0.7585467656018836,0.37345067179238056,0.8093507229663729,0.9905721201427016
t1,2026-02-26 04:00:00,2026-02-25 22:00:00,2026-02-24,46.0,0.8139671535217196,0.5489698532703458,0.8952805564915131,0.9862923284194341
t1,2026-02-26 05:00:00,2026-02-25 23:00:00,2026-02-24,47.0,0.8050379333326433,0.5023391516866997,0.877086024372428,0.9876982341282085
t1,2026-02-26 06:00:00,2026-02-26 00:00:00,2026-02-25,24.0,0.7457845997454815,0.4020125238186715,0.7736451990122649,0.9793819202352337
t1,2026-02-26 07:00:00,2026-02-26 01:00:00,2026-02-25,25.0,0.6343241166327426,0.2631650166949972,0.7037653097551656,0.9992512637324907
t1,2026-02-26 08:00:00,2026-02-26 02:00:00,2026-02-25,26.0,0.5717765390887021,0.15879786891197875,0.640069485950214,0.9367797233165039
t1,2026-02-26 09:00:00,2026-02-26 03:00:00,2026-02-25,27.0,0.387502493017971,0.034068462392240643,0.3381998334218063,0.8376646659879928
t1,2026-02-26 10:00:00,2026-02-26 04:00:00,2026-02-25,28.0,0.3118052381610744,0.013309717581032708,0.18870047404486934,0.7536694694499383
t1,2026-02-26 11:00:00,2026-02-26 05:00:00,2026-02-25,29.0,0.35850734166541315,0.02014213677447911,0.26250176827969357,0.9089843394895036
t1,2026-02-26 12:00:00,2026-02-26 06:00:00,2026-02-25,30.0,0.4082078179295563,0.0393048417404416,0.40323725583082887,0.8773486186746192
t1,2026-02-26 13:00:00,2026-02-26 07:00:00,2026-02-25,31.0,0.4943678951412085,0.05160190948245638,0.5100957440461095,0.8530189368328428
t1,2026-02-26 14:00:00,2026-02-26 08:00:00,2026-02-25,32.0,0.377078565353776,0.04540436784938645,0.36222304014137324,0.8103075391725209
t1,2026-02-26 15:00:00,2026-02-26 09:00:00,2026-02-25,33.0,0.41865231984246737,0.04467145814758312,0.408743353932791,0.9165442415355188
t1,2026-02-26 16:00:00,2026-02-26 10:00:00,2026-02-25,34.0,0.4584156587063767,0.10398870053615542,0.4695179126360344,0.9338419582994092
t1,2026-02-26 17:00:00,2026-02-26 11:00:00,2026-02-25,35.0,0.5878579924808015,0.2376290655030216,0.6180481154250247,0.958934456414037
t1,2026-02-26 18:00:00,2026-02-26 12:00:00,2026-02-25,36.0,0.720708441081619,0.33203870275146163,0.80667717152989,0.979404795490003
t1,2026-02-26 19:00:00,2026-02-26 13:00:00,2026-02-25,37.0,0.7553661657355645,0.4674867889097144,0.8471897885014174,0.9809033440089687
t1,2026-02-26 20:00:00,2026-02-26 14:00:00,2026-02-25,38.0,0.7765926751619373,0.4949007508201748,0.8453124439805558,0.9784001926197916
t1,2026-02-26 21:00:00,2026-02-26 15:00:00,2026-02-25,39.0,0.8022059357465522,0.5783370503606701,0.8617467744035127,0.9784453802911947
t1,2026-02-26 22:00:00,2026-02-26 16:00:00,2026-02-25,40.0,0.7954404912957768,0.5817269932279435,0.8663672958146106,0.9848401624024782
t1,2026-02-26 23:00:00,2026-02-26 17:00:00,2026-02-25,41.0,0.7777622392002645,0.5607141680520991,0.8508242997274452,0.9815152355950715
t1,2026-02-27 00:00:00,2026-02-26 18:00:00,2026-02-25,42.0,0.7488656658643918,0.5218379129072923,0.8047656201608396,0.9693813548745079
t1,2026-02-27 01:00:00,2026-02-26 19:00:00,2026-02-25,43.0,0.709505724836879,0.4498376152016482,0.7600958774582437,0.9331266295192566
t1,2026-02-27 02:00:00,2026-02-26 20:00:00,2026-02-25,44.0,0.6470775489439797,0.3955221328132683,0.6409161878599829,0.9022954182385349
t1,2026-02-27 03:00:00,2026-02-26 21:00:00,2026-02-25,45.0,0.5959910251768613,0.30106060068449436,0.5632061430534686,0.876586412126442
t1,2026-02-27 04:00:00,2026-02-26 22:00:00,2026-02-25,46.0,0.5591225759542696,0.2553896488459905,0.5436268827465706,0.9149962894394205
t1,2026-02-27 05:00:00,2026-02-26 23:00:00,2026-02-25,47.0,0.5197881579407441,0.16794849852032065,0.5162786783713434,0.8944194542799531
t1,2026-02-27 06:00:00,2026-02-27 00:00:00,2026-02-26,24.0,0.3612710648080949,0.02309302203654264,0.31276076870227076,0.8309382937685615
t1,2026-02-27 07:00:00,2026-02-27 01:00:00,2026-02-26,25.0,0.3489100717521089,0.025516843229748988,0.27014953738672326,0.7843299408671837
t1,2026-02-27 08:00:00,2026-02-27 02:00:00,2026-02-26,26.0,0.36042531291334223,0.02493771820144168,0.2550034447580905,0.79069779357061
t1,2026-02-27 09:00:00,2026-02-27 03:00:00,2026-02-26,27.0,0.31262571594811406,0.023229919409957372,0.22205171496139395,0.7575043549133076
t1,2026-02-27 10:00:00,2026-02-27 04:00:00,2026-02-26,28.0,0.25277831300131626,0.013262647855276286,0.16623277979087925,0.710170576812358
t1,2026-02-27 11:00:00,2026-02-27 05:00:00,2026-02-26,29.0,0.2417589247279352,0.013858387251631146,0.18473211740775608,0.7156631937308733
t1,2026-02-27 12:00:00,2026-02-27 06:00:00,2026-02-26,30.0,0.26947356491631197,0.014933298490266169,0.234520938164064,0.7163821066998814
t1,2026-02-27 13:00:00,2026-02-27 07:00:00,2026-02-26,31.0,0.3494030591988734,0.024454432078345193,0.30165536115691444,0.7924231845201618
t1,2026-02-27 14:00:00,2026-02-27 08:00:00,2026-02-26,32.0,0.45059012631816164,0.05925594470393048,0.41849303292115314,0.9100784755832574
t1,2026-02-27 15:00:00,2026-02-27 09:00:00,2026-02-26,33.0,0.5127977847851991,0.14081525854195953,0.531095343154197,0.951683714311804
t1,2026-02-27 16:00:00,2026-02-27 10:00:00,2026-02-26,34.0,0.621303899439136,0.2423169027847427,0.6686491745478843,0.9637610164602067
t1,2026-02-27 17:00:00,2026-02-27 11:00:00,2026-02-26,35.0,0.7511897045476132,0.40202624763373745,0.8440200566933399,0.9857733915245424
t1,2026-02-27 18:00:00,2026-02-27 12:00:00,2026-02-26,36.0,0.7520653069297206,0.43965433361353495,0.8367122106010781,0.9854445416443214
t1,2026-02-27 19:00:00,2026-02-27 13:00:00,2026-02-26,37.0,0.7728238344459886,0.44647828256827193,0.852039448282042,0.9869292186540713
t1,2026-02-27 20:00:00,2026-02-27 14:00:00,2026-02-26,38.0,0.7723287928076442,0.521795768444614,0.8518291889191065,0.9862274401464471
t1,2026-02-27 21:00:00,2026-02-27 15:00:00,2026-02-26,39.0,0.7682057709921759,0.511140893077496,0.8108100405144094,0.982752041210769
t1,2026-02-27 22:00:00,2026-02-27 16:00:00,2026-02-26,40.0,0.7344560293201585,0.5064330159559363,0.7636998220393582,0.9743380972067545
t1,2026-02-27 23:00:00,2026-02-27 17:00:00,2026-02-26,41.0,0.6985877686718057,0.4807352343360829,0.6967310038140714,0.9739261248318715
t1,2026-02-28 00:00:00,2026-02-27 18:00:00,2026-02-26,42.0,0.615253483284356,0.36394349714140534,0.5734500350173714,0.9592927340772693
t1,2026-02-28 01:00:00,2026-02-27 19:00:00,2026-02-26,43.0,0.6226861525125265,0.3509121261506669,0.5959377676203105,0.9607871448025909
t1,2026-02-28 02:00:00,2026-02-27 20:00:00,2026-02-26,44.0,0.6922584008869082,0.4265926483289456,0.6731392375745017,0.9705153737152927
t1,2026-02-28 03:00:00,2026-02-27 21:00:00,2026-02-26,45.0,0.7547177043561051,0.48869378658426743,0.7736395908847739,0.9850639135891256
t1,2026-02-28 04:00:00,2026-02-27 22:00:00,2026-02-26,46.0,0.7920028093567099,0.571599137762315,0.8083145894755944,0.9860112758979857
t1,2026-02-28 05:00:00,2026-02-27 23:00:00,2026-02-26,47.0,0.7835398323952638,0.5791764818592312,0.8261977121733936,0.9860688569710391
t1,2026-02-28 06:00:00,2026-02-28 00:00:00,2026-02-27,24.0,0.8553086886129176,0.6315059275409964,0.9077203839076303,0.9906388231013107
t1,2026-02-28 07:00:00,2026-02-28 01:00:00,2026-02-27,25.0,0.8518446995865577,0.6455487607118857,0.9125524108361637,0.9905217491853169
t1,2026-02-28 08:00:00,2026-02-28 02:00:00,2026-02-27,26.0,0.8426103069928259,0.6339448206637817,0.915739165376191,0.9887620579520434
t1,2026-02-28 09:00:00,2026-02-28 03:00:00,2026-02-27,27.0,0.8523888268209086,0.6209926031406123,0.920607192500954,0.9894948918043633
t1,2026-02-28 10:00:00,2026-02-28 04:00:00,2026-02-27,28.0,0.8544151046822046,0.6310523347642278,0.9164890556032235,0.9894732962655658
t1,2026-02-28 11:00:00,2026-02-28 05:00:00,2026-02-27,29.0,0.8595570351425599,0.6755303550991838,0.9177937760038235,0.9895180111772198
t1,2026-02-28 12:00:00,2026-02-28 06:00:00,2026-02-27,30.0,0.8609693281263197,0.679761133081215,0.9154051379540518,0.9894176324672688
t1,2026-02-28 13:00:00,2026-02-28 07:00:00,2026-02-27,31.0,0.8570001144030887,0.6655022524071564,0.9014187438983852,0.989071416236399
t1,2026-02-28 14:00:00,2026-02-28 08:00:00,2026-02-27,32.0,0.8338979021634866,0.5913681370560286,0.8889877193495092,0.9889497991547939
t1,2026-02-28 15:00:00,2026-02-28 09:00:00,2026-02-27,33.0,0.7991653013514648,0.5422009259340894,0.8794950674118466,0.9883299038306254
t1,2026-02-28 16:00:00,2026-02-28 10:00:00,2026-02-27,34.0,0.7520340757825975,0.49494463017123924,0.8227386599789525,0.9846499101786946
t1,2026-02-28 17:00:00,2026-02-28 11:00:00,2026-02-27,35.0,0.7299386322426864,0.4630493514258624,0.8015841731038288,0.9794248293496225
t1,2026-02-28 18:00:00,2026-02-28 12:00:00,2026-02-27,36.0,0.7296570146262228,0.4128199692725005,0.7701297102277204,0.9700296492447672
t1,2026-02-28 19:00:00,2026-02-28 13:00:00,2026-02-27,37.0,0.6786066141604179,0.26041237447837734,0.6552444865897722,0.953557610683855
t1,2026-02-28 20:00:00,2026-02-28 14:00:00,2026-02-27,38.0,0.5990279589923739,0.1908708820141911,0.5699058531570241,0.92860358046696
t1,2026-02-28 21:00:00,2026-02-28 15:00:00,2026-02-27,39.0,0.46602104815234957,0.07613290605645048,0.40900336769780576,0.900549446262443
t1,2026-02-28 22:00:00,2026-02-28 16:00:00,2026-02-27,40.0,0.34256506137732845,0.04456280999558554,0.32918302069584315,0.8016268217482265
t1,2026-02-28 23:00:00,2026-02-28 17:00:00,2026-02-27,41.0,0.3256256007026212,0.0338916271550085,0.30633249071061214,0.740015035668091
t2,2026-02-01 00:00:00,2026-01-31 18:00:00,2026-01-30,42.0,0.08124208066220523,0.008987379366337719,0.018217043076282288,0.2412351321088052
t2,2026-02-01 01:00:00,2026-01-31 19:00:00,2026-01-30,43.0,0.06477356052267724,0.008882300318431288,0.015528696333731598,0.17713916940738575
t2,2026-02-01 02:00:00,2026-01-31 20:00:00,2026-01-30,44.0,0.05127408872386133,0.008831808663092603,0.015785667741356577,0.16153375099010622
t2,2026-02-01 03:00:00,2026-01-31 21:00:00,2026-01-30,45.0,0.05379023166909383,0.008789607352249979,0.014849794128045659,0.16484482614646764
t2,2026-02-01 04:00:00,2026-01-31 22:00:00,2026-01-30,46.0,0.06469147144071263,0.008760878993675721,0.012707206804458035,0.21825388036969984
t2,2026-02-01 05:00:00,2026-01-31 23:00:00,2026-01-30,47.0,0.08074864538801162,0.009988960320815019,0.01807834966779037,0.27620802602180566
t2,2026-02-01 06:00:00,2026-02-01 00:00:00,2026-01-31,24.0,0.14580905363010352,0.007593044669531404,0.0627991767358091,0.509723873725348
t2,2026-02-01 07:00:00,2026-02-01 01:00:00,2026-01-31,25.0,0.16035965212135342,0.011804046969648145,0.09262106925176711,0.597429099623219
t2,2026-02-01 08:00:00,2026-02-01 02:00:00,2026-01-31,26.0,0.14884732898628253,0.006667237167810027,0.1179065302223128,0.6574233084443518
t2,2026-02-01 09:00:00,2026-02-01 03:00:00,2026-01-31,27.0,0.2458032131251311,0.009266104138073331,0.18505041091327037,0.7117107464226752
t2,2026-02-01 10:00:00,2026-02-01 04:00:00,2026-01-31,28.0,0.38087105885495764,0.04931427739387388,0.357018218111696,0.8315674939345503
t2,2026-02-01 11:00:00,2026-02-01 05:00:00,2026-01-31,29.0,0.4129560410705659,0.049151028995775205,0.3583429873348231,0.8276179811985022
t2,2026-02-01 12:00:00,2026-02-01 06:00:00,2026-01-31,30.0,0.3308424649876366,0.041532879031859704,0.29595016098773574,0.7036548485432748
t2,2026-02-01 13:00:00,2026-02-01 07:00:00,2026-01-31,31.0,0.2624236027232071,0.027338734616480995,0.22965428643839603,0.6950583786946846
t2,2026-02-01 14:00:00,2026-02-01 08:00:00,2026-01-31,32.0,0.28991846511962494,0.03904886901463327,0.2628901223262838,0.7055752453458084
t2,2026-02-01 15:00:00,2026-02-01 09:00:00,2026-01-31,33.0,0.26308836399151414,0.027515277075190536,0.2178929884396999,0.6535484496327089
t2,2026-02-01 16:00:00,2026-02-01 10:00:00,2026-01-31,34.0,0.2574236606301338,0.026222749719714188,0.22801697570392768,0.6545075173784027
t2,2026-02-01 17:00:00,2026-02-01 11:00:00,2026-01-31,35.0,0.2518188608489102,0.018063505846886783,0.19576305062299493,0.6364158972909735
t2,2026-02-01 18:00:00,2026-02-01 12:00:00,2026-01-31,36.0,0.25888393820569683,0.019292586895249503,0.2096291801356715,0.6134371879417537
t2,2026-02-01 19:00:00,2026-02-01 13:00:00,2026-01-31,37.0,0.23313426900581224,0.02998739059345841,0.21839254314666987,0.5716721451984472
t2,2026-02-01 20:00:00,2026-02-01 14:00:00,2026-01-31,38.0,0.259553538046551,0.03319107231269673,0.24222450646233057,0.5850899432353438
t2,2026-02-01 21:00:00,2026-02-01 15:00:00,2026-01-31,39.0,0.25658287520687184,0.03524415901535627,0.23963106702480777,0.5901009212313175
t2,2026-02-01 22:00:00,2026-02-01 16:00:00,2026-01-31,40.0,0.2928039471038209,0.060348478684944924,0.25368170186154765,0.6126417620150335
t2,2026-02-01 23:00:00,2026-02-01 17:00:00,2026-01-31,41.0,0.30270859376708575,0.05481098085971543,0.25234853517250505,0.6432324168666879
t2,2026-02-02 00:00:00,2026-02-01 18:00:00,2026-01-31,42.0,0.23996962212138576,0.044212934315620095,0.22244896364786193,0.6575207507830126
t2,2026-02-02 01:00:00,2026-02-01 19:00:00,2026-01-31,43.0,0.359191769053092,0.06223936415467729,0.28858735441780226,0.7032933415301799
t2,2026-02-02 02:00:00,2026-02-01 20:00:00,2026-01-31,44.0,0.47862430400407957,0.11421811916841336,0.3889395096863709,0.8802624227261286
t2,2026-02-02 03:00:00,2026-02-01 21:00:00,2026-01-31,45.0,0.547065418958946,0.17616023351655616,0.5016004737686849,0.951029242591744
t2,2026-02-02 04:00:00,2026-02-01 22:00:00,2026-01-31,46.0,0.5934581730148767,0.2517792516515006,0.5987539495769393,0.9596637616270975
t2,2026-02-02 05:00:00,2026-02-01 23:00:00,2026-01-31,47.0,0.6679167524317255,0.3550914828218138,0.6810468282967407,0.9685706252755512
t2,2026-02-02 06:00:00,2026-02-02 00:00:00,2026-02-01,24.0,0.7899121775245143,0.5307853786631616,0.8511938291367003,0.9786619396779719
t2,2026-02-02 07:00:00,2026-02-02 01:00:00,2026-02-01,25.0,0.819473192670037,0.5802728308440023,0.8798599380886877,0.976248607054859
t2,2026-02-02 08:00:00,2026-02-02 02:00:00,2026-02-01,26.0,0.7926579305763299,0.5582661400665149,0.8692855344395057,0.975973412465723
t2,2026-02-02 09:00:00,2026-02-02 03:00:00,2026-02-01,27.0,0.8047791755521269,0.549067177090017,0.898951818199152,0.976443503241167
t2,2026-02-02 10:00:00,2026-02-02 04:00:00,2026-02-01,28.0,0.8668013919033981,0.6929120444760558,0.9194422669497897,0.9776225255023447
t2,2026-02-02 11:00:00,2026-02-02 05:00:00,2026-02-01,29.0,0.9074472069265554,0.7558582163445797,0.9276001133806699,0.9752323180545692
t2,2026-02-02 12:00:00,2026-02-02 06:00:00,2026-02-01,30.0,0.9226479137909158,0.7596582269608386,0.9582317962019185,0.9736234930388722
t2,2026-02-02 13:00:00,2026-02-02 07:00:00,2026-02-01,31.0,0.9256573052334622,0.7668336425547307,0.9609410502890454,0.972431331067797
t2,2026-02-02 14:00:00,2026-02-02 08:00:00,2026-02-01,32.0,0.9220825802266096,0.753032170152184,0.9590712863390006,0.9718092746026483
t2,2026-02-02 15:00:00,2026-02-02 09:00:00,2026-02-01,33.0,0.8817218007365459,0.652307775024073,0.9397016136747197,0.9736121733162103
t2,2026-02-02 16:00:00,2026-02-02 10:00:00,2026-02-01,34.0,0.8432958501669001,0.6050314113614202,0.9359787790509623,0.9717897842542313
t2,2026-02-02 17:00:00,2026-02-02 11:00:00,2026-02-01,35.0,0.6822399601436577,0.28712705079299167,0.756673095984611,0.9720929190131831
t2,2026-02-02 18:00:00,2026-02-02 12:00:00,2026-02-01,36.0,0.39672598656085706,0.09396413567907594,0.39327876915000115,0.8549986752995785
t2,2026-02-02 19:00:00,2026-02-02 13:00:00,2026-02-01,37.0,0.2470834930963348,0.018906536663538226,0.19771358895103294,0.7074230759987633
t2,2026-02-02 20:00:00,2026-02-02 14:00:00,2026-02-01,38.0,0.2280714314752202,0.011503383248759142,0.15314349627253715,0.6579257837976376
t2,2026-02-02 21:00:00,2026-02-02 15:00:00,2026-02-01,39.0,0.2038718571480379,0.009631516312746191,0.13045196045013824,0.621571589185379
t2,2026-02-02 22:00:00,2026-02-02 16:00:00,2026-02-01,40.0,0.20534184022769142,0.010798002516974308,0.1491222393387787,0.6000102700654869
t2,2026-02-02 23:00:00,2026-02-02 17:00:00,2026-02-01,41.0,0.2222494532701839,0.016194928674833225,0.1734840700886105,0.5857941126489328
t2,2026-02-03 00:00:00,2026-02-02 18:00:00,2026-02-01,42.0,0.24371596793838646,0.03080298384203367,0.18899917711200406,0.6321781255781086
t2,2026-02-03 01:00:00,2026-02-02 19:00:00,2026-02-01,43.0,0.337335184530356,0.05901915338108368,0.29389446269818653,0.7610564999104639
t2,2026-02-03 02:00:00,2026-02-02 20:00:00,2026-02-01,44.0,0.45783208628501243,0.11246687244452637,0.45553540812857446,0.9157375937478717
t2,2026-02-03 03:00:00,2026-02-02 21:00:00,2026-02-01,45.0,0.5582252531570724,0.17596810482571648,0.5115358999263412,0.9444454140255618
t2,2026-02-03 04:00:00,2026-02-02 22:00:00,2026-02-01,46.0,0.6064661861075517,0.17939793279705474,0.5761200281730379,0.9665328896372047
t2,2026-02-03 05:00:00,2026-02-02 23:00:00,2026-02-01,47.0,0.5542593681737258,0.14741251096283847,0.5007701956735497,0.9264988654835506
t2,2026-02-03 06:00:00,2026-02-03 00:00:00,2026-02-02,24.0,0.5456351548933229,0.1372650556030074,0.4695952748158818,0.9182057456672086
t2,2026-02-03 07:00:00,2026-02-03 01:00:00,2026-02-02,25.0,0.38276548674268845,0.08674046017421845,0.34488102358225253,0.8489929470878036
t2,2026-02-03 08:00:00,2026-02-03 02:00:00,2026-02-02,26.0,0.3288558772220176,0.04670252844815324,0.1951816424238099,0.6789868859038094
t2,2026-02-03 09:00:00,2026-02-03 03:00:00,2026-02-02,27.0,0.2064996335982056,0.011897167737922593,0.09375076821170242,0.49030016221955997
t2,2026-02-03 10:00:00,2026-02-03 04:00:00,2026-02-02,28.0,0.10337384492063537,0.006192866278609139,0.04401935322310928,0.32835595265602047
t2,2026-02-03 11:00:00,2026-02-03 05:00:00,2026-02-02,29.0,0.09101030737877264,0.0069649266944905594,0.03316751382023741,0.2985755989249726
t2,2026-02-03 12:00:00,2026-02-03 06:00:00,2026-02-02,30.0,0.07095366605776915,0.007122351449706257,0.021950758999978025,0.27143328852438375
t2,2026-02-03 13:00:00,2026-02-03 07:00:00,2026-02-02,31.0,0.06518627957842674,0.00787616634694927,0.021679717198065187,0.23286211253919326
t2,2026-02-03 14:00:00,2026-02-03 08:00:00,2026-02-02,32.0,0.062135039518884924,0.008514029026237647,0.01957658995180441,0.21876458562810883
t2,2026-02-03 15:00:00,2026-02-03 09:00:00,2026-02-02,33.0,0.06526227676764167,0.00837204130598208,0.021075088865955237,0.2100529321941296
t2,2026-02-03 16:00:00,2026-02-03 10:00:00,2026-02-02,34.0,0.09953352338694857,0.008335386278227042,0.04334257911770914,0.27541534972084425
t2,2026-02-03 17:00:00,2026-02-03 11:00:00,2026-02-02,35.0,0.2177469131049407,0.015195964069044771,0.11451686188663222,0.5054134658673021
t2,2026-02-03 18:00:00,2026-02-03 12:00:00,2026-02-02,36.0,0.40441528293460804,0.02691129647434065,0.3128790017027406,0.7586924535214475
t2,2026-02-03 19:00:00,2026-02-03 13:00:00,2026-02-02,37.0,0.5716419291822459,0.04238365822421543,0.4336395961802847,0.911756574123242
t2,2026-02-03 20:00:00,2026-02-03 14:00:00,2026-02-02,38.0,0.5904574425525202,0.04042505468141015,0.5256099942044921,0.9430315147849376
t2,2026-02-03 21:00:00,2026-02-03 15:00:00,2026-02-02,39.0,0.6128336559077366,0.041469683626241205,0.5450740834829705,0.9818912846368332
t2,2026-02-03 22:00:00,2026-02-03 16:00:00,2026-02-02,40.0,0.6222529780197171,0.06945001593625716,0.5878856612936403,0.9834727226326148
t2,2026-02-03 23:00:00,2026-02-03 17:00:00,2026-02-02,41.0,0.6375072598389665,0.07549279663754865,0.5932229321737624,0.9688033614585908
t2,2026-02-04 00:00:00,2026-02-03 18:00:00,2026-02-02,42.0,0.6343149905685639,0.07079593965911987,0.601752494419378,0.964629298994724
t2,2026-02-04 01:00:00,2026-02-03 19:00:00,2026-02-02,43.0,0.6096253433416245,0.04676432060170981,0.5944345529280177,0.9501361295316978
t2,2026-02-04 02:00:00,2026-02-03 20:00:00,2026-02-02,44.0,0.5908793565897297,0.05126764085334283,0.5367743257043288,0.966180654545679
t2,2026-02-04 03:00:00,2026-02-03 21:00:00,2026-02-02,45.0,0.575671265746201,0.04789167035880499,0.4984680029568978,0.9812389629454583
t2,2026-02-04 04:00:00,2026-02-03 22:00:00,2026-02-02,46.0,0.5736019961742206,0.05479762936759513,0.5487941739638585,0.9783189320125327
t2,2026-02-04 05:00:00,2026-02-03 23:00:00,2026-02-02,47.0,0.5734503845322966,0.05041902599105179,0.5196858763762723,0.9462418140753636
t2,2026-02-04 06:00:00,2026-02-04 00:00:00,2026-02-03,24.0,0.5622746326640252,0.22300667905762106,0.6364669725309476,0.9719627854260519
t2,2026-02-04 07:00:00,2026-02-04 01:00:00,2026-02-03,25.0,0.546596031727279,0.0875962180681823,0.5505841184699072,0.9692875764455163
t2,2026-02-04 08:00:00,2026-02-04 02:00:00,2026-02-03,26.0,0.44271770826837886,0.05052469511699979,0.41974355945604025,0.940491797711216
t2,2026-02-04 09:00:00,2026-02-04 03:00:00,2026-02-03,27.0,0.40322761266096424,0.0311644630697129,0.32597133390766214,0.9102550691505347
t2,2026-02-04 10:00:00,2026-02-04 04:00:00,2026-02-03,28.0,0.29273686595139964,0.016389864271611324,0.1605058055497453,0.8138415859733173
t2,2026-02-04 11:00:00,2026-02-04 05:00:00,2026-02-03,29.0,0.2781486881072482,0.013740681594160618,0.18142779305028042,0.7450208245914268
t2,2026-02-04 12:00:00,2026-02-04 06:00:00,2026-02-03,30.0,0.23774315413901442,0.016569792831295095,0.1398607375752719,0.6860265626645925
t2,2026-02-04 13:00:00,2026-02-04 07:00:00,2026-02-03,31.0,0.20592889473283843,0.011326267920596836,0.12387685776481566,0.5871076404366341
t2,2026-02-04 14:00:00,2026-02-04 08:00:00,2026-02-03,32.0,0.18684337152235825,0.011109777586782686,0.12148258714590017,0.5710574135747303
t2,2026-02-04 15:00:00,2026-02-04 09:00:00,2026-02-03,33.0,0.1810788017114579,0.007320447638236081,0.11789356237123899,0.5185722828642023
t2,2026-02-04 16:00:00,2026-02-04 10:00:00,2026-02-03,34.0,0.16457929605103394,0.00786073807856479,0.08710197400799743,0.49576247121607775
t2,2026-02-04 17:00:00,2026-02-04 11:00:00,2026-02-03,35.0,0.16211400430291756,0.005683525814199087,0.11793102707193641,0.44171939967428503
t2,2026-02-04 18:00:00,2026-02-04 12:00:00,2026-02-03,36.0,0.15946589887810664,0.001547096095629978,0.10110907834332972,0.3453704035771945
t2,2026-02-04 19:00:00,2026-02-04 13:00:00,2026-02-03,37.0,0.2914908631215402,0.021837122714958454,0.15884748333907422,0.6407921112083333
t2,2026-02-04 20:00:00,2026-02-04 14:00:00,2026-02-03,38.0,0.49892468758120845,0.03475343956354664,0.37801848267837274,0.9140927490016988
t2,2026-02-04 21:00:00,2026-02-04 15:00:00,2026-02-03,39.0,0.6060655486524599,0.12775021038387335,0.595690779493623,0.9761856141795644
t2,2026-02-04 22:00:00,2026-02-04 16:00:00,2026-02-03,40.0,0.7642443943770658,0.26881943683473153,0.7613176780372213,0.9856354384262007
t2,2026-02-04 23:00:00,2026-02-04 17:00:00,2026-02-03,41.0,0.851596578057674,0.47854618730573983,0.8638281900119326,0.9779387156316632
t2,2026-02-05 00:00:00,2026-02-04 18:00:00,2026-02-03,42.0,0.8688221451539718,0.6571017015567167,0.9079958095746845,0.9807940570417348
t2,2026-02-05 01:00:00,2026-02-04 19:00:00,2026-02-03,43.0,0.9197322114755503,0.7335776061610991,0.9586104635168496,0.9792061934645654
t2,2026-02-05 02:00:00,2026-02-04 20:00:00,2026-02-03,44.0,0.924206098464561,0.8250525869185085,0.9671152967201796,0.9800919700612472
t2,2026-02-05 03:00:00,2026-02-04 21:00:00,2026-02-03,45.0,0.9330142944182573,0.8705771094925944,0.9673609570161962,0.9803250985724651
t2,2026-02-05 04:00:00,2026-02-04 22:00:00,2026-02-03,46.0,0.9351462938507884,0.8723723662819728,0.9675739148147703,0.9802500543138691
t2,2026-02-05 05:00:00,2026-02-04 23:00:00,2026-02-03,47.0,0.9354962652941354,0.8748366277195758,0.9675739148147703,0.9802159430023395
t2,2026-02-05 06:00:00,2026-02-05 00:00:00,2026-02-04,24.0,0.935162018096452,0.8299231982201998,0.9675739148147703,0.9802957041638561
t2,2026-02-05 07:00:00,2026-02-05 01:00:00,2026-02-04,25.0,0.9373180337100908,0.7899556141985111,0.9675739148147703,0.9798542695066512
t2,2026-02-05 08:00:00,2026-02-05 02:00:00,2026-02-04,26.0,0.9252571633720412,0.7675688380443408,0.9675739148147703,0.9797096768882316
t2,2026-02-05 09:00:00,2026-02-05 03:00:00,2026-02-04,27.0,0.9267369116651968,0.8181347610819912,0.9676012746051909,0.9791775774444298
t2,2026-02-05 10:00:00,2026-02-05 04:00:00,2026-02-04,28.0,0.9313041259795277,0.8243272808249259,0.9676012746051909,0.9766384045427048
t2,2026-02-05 11:00:00,2026-02-05 05:00:00,2026-02-04,29.0,0.9395358149063691,0.8300864898687198,0.9676012746051909,0.9755242507443379
t2,2026-02-05 12:00:00,2026-02-05 06:00:00,2026-02-04,30.0,0.9395034127146533,0.8300864898687198,0.9676012746051909,0.974505248899827
t2,2026-02-05 13:00:00,2026-02-05 07:00:00,2026-02-04,31.0,0.943367942301893,0.8384891152066934,0.9676012746051909,0.9737013657304416
t2,2026-02-05 14:00:00,2026-02-05 08:00:00,2026-02-04,32.0,0.9379840715036484,0.779206035183679,0.9678036690313832,0.97315395737958
t2,2026-02-05 15:00:00,2026-02-05 09:00:00,2026-02-04,33.0,0.9430503290483224,0.748204390112642,0.9679523310019316,0.972831241422405
t2,2026-02-05 16:00:00,2026-02-05 10:00:00,2026-02-04,34.0,0.9324497160846829,0.6930420584056705,0.9645344821945271,0.9728812458758124
t2,2026-02-05 17:00:00,2026-02-05 11:00:00,2026-02-04,35.0,0.8717620455543308,0.646754291672329,0.9316445507413749,0.9733551516849059
t2,2026-02-05 18:00:00,2026-02-05 12:00:00,2026-02-04,36.0,0.8646329566803695,0.5924981806152101,0.9222859651187458,0.9741497539421803
t2,2026-02-05 19:00:00,2026-02-05 13:00:00,2026-02-04,37.0,0.831359528177844,0.5372215773208341,0.9025152095739883,0.9723126253830686
t2,2026-02-05 20:00:00,2026-02-05 14:00:00,2026-02-04,38.0,0.7975540259011674,0.5239661342724458,0.8996018817500964,0.9729425650152522
t2,2026-02-05 21:00:00,2026-02-05 15:00:00,2026-02-04,39.0,0.7670703624561068,0.5110795919641103,0.8606753410104363,0.9756580539154532
t2,2026-02-05 22:00:00,2026-02-05 16:00:00,2026-02-04,40.0,0.7350356218204767,0.4892181652614253,0.8425259891607721,0.9764909173891426
t2,2026-02-05 23:00:00,2026-02-05 17:00:00,2026-02-04,41.0,0.705903718248875,0.4700069798457697,0.7819230912595833,0.9792493922790428
t2,2026-02-06 00:00:00,2026-02-05 18:00:00,2026-02-04,42.0,0.671970840493836,0.39768528077762116,0.7359034284756504,0.9610211189237358
t2,2026-02-06 01:00:00,2026-02-05 19:00:00,2026-02-04,43.0,0.664782152451593,0.3845875158928121,0.7060341578007945,0.9550917734288422
t2,2026-02-06 02:00:00,2026-02-05 20:00:00,2026-02-04,44.0,0.6404212141049671,0.2839084091149407,0.647651660557254,0.9539974931676923
t2,2026-02-06 03:00:00,2026-02-05 21:00:00,2026-02-04,45.0,0.5590765732553075,0.18183937505360753,0.5200055895459417,0.9445860870984494
t2,2026-02-06 04:00:00,2026-02-05 22:00:00,2026-02-04,46.0,0.4510806457441052,0.10571725743346003,0.3594095524470514,0.8978524606112488
t2,2026-02-06 05:00:00,2026-02-05 23:00:00,2026-02-04,47.0,0.33487774025327083,0.025104102723857855,0.16722360401201777,0.7557309625895896
t2,2026-02-06 06:00:00,2026-02-06 00:00:00,2026-02-05,24.0,0.2022383765123258,0.006660383793845699,0.10673728010945363,0.510518400459381
t2,2026-02-06 07:00:00,2026-02-06 01:00:00,2026-02-05,25.0,0.115906732196339,0.00542466716948562,0.03388680047014093,0.34306991218043087
t2,2026-02-06 08:00:00,2026-02-06 02:00:00,2026-02-05,26.0,0.08193215920311682,0.006043973272811369,0.04195750731849404,0.29756673740067285
t2,2026-02-06 09:00:00,2026-02-06 03:00:00,2026-02-05,27.0,0.13616945775213016,0.008437248513402797,0.0679050377827428,0.34462166336544375
t2,2026-02-06 10:00:00,2026-02-06 04:00:00,2026-02-05,28.0,0.20841887276244725,0.025950582794481786,0.09374478337040473,0.5229737417330708
t2,2026-02-06 11:00:00,2026-02-06 05:00:00,2026-02-05,29.0,0.43331981738737657,0.062016100188067136,0.35221092600713627,0.8116183348550463
t2,2026-02-06 12:00:00,2026-02-06 06:00:00,2026-02-05,30.0,0.5992135149639202,0.10829673354446011,0.5224014286017565,0.9426818342839841
t2,2026-02-06 13:00:00,2026-02-06 07:00:00,2026-02-05,31.0,0.6615190336116848,0.23200338431469245,0.6686347016510096,0.9666288327672564
t2,2026-02-06 14:00:00,2026-02-06 08:00:00,2026-02-05,32.0,0.8184244585860457,0.5294174238760435,0.9067405576036727,0.9734335640442541
t2,2026-02-06 15:00:00,2026-02-06 09:00:00,2026-02-05,33.0,0.9229486720069456,0.7484195379882618,0.9640449651833883,0.9747412378763616
t2,2026-02-06 16:00:00,2026-02-06 10:00:00,2026-02-05,34.0,0.9319883746985729,0.8792817863725725,0.967559237926995,0.9753358446020514
t2,2026-02-06 17:00:00,2026-02-06 11:00:00,2026-02-05,35.0,0.93270596508719,0.879463863959274,0.9667353819846262,0.9760821203173214
t2,2026-02-06 18:00:00,2026-02-06 12:00:00,2026-02-05,36.0,0.9320949493315253,0.8932964399553965,0.9675739148147703,0.9765133424718605
t2,2026-02-06 19:00:00,2026-02-06 13:00:00,2026-02-05,37.0,0.9393289521661655,0.8862312106179696,0.9675739148147703,0.976951598741302
t2,2026-02-06 20:00:00,2026-02-06 14:00:00,2026-02-05,38.0,0.9428880027766442,0.8872758775722153,0.9675739148147703,0.9776095148970844
t2,2026-02-06 21:00:00,2026-02-06 15:00:00,2026-02-05,39.0,0.9411927019486602,0.8776436113306887,0.9667692624819787,0.9788472417536236
t2,2026-02-06 22:00:00,2026-02-06 16:00:00,2026-02-05,40.0,0.9329905843441587,0.8219378328736501,0.9659215794662673,0.9795026495823766
t2,2026-02-06 23:00:00,2026-02-06 17:00:00,2026-02-05,41.0,0.9070366847364338,0.6681931721672184,0.9355941855442944,0.9796736153207463
t2,2026-02-07 00:00:00,2026-02-06 18:00:00,2026-02-05,42.0,0.8345452957340822,0.5509708523550653,0.8834879059732893,0.977149433860231
t2,2026-02-07 01:00:00,2026-02-06 19:00:00,2026-02-05,43.0,0.7517341250183033,0.44669540983248474,0.7837796786663587,0.9672059945119987
t2,2026-02-07 02:00:00,2026-02-06 20:00:00,2026-02-05,44.0,0.5877807098559285,0.28423213144237597,0.6346830991060165,0.9428776961515193
t2,2026-02-07 03:00:00,2026-02-06 21:00:00,2026-02-05,45.0,0.450920981967432,0.13336096019914492,0.4402214576520332,0.849513673505595
t2,2026-02-07 04:00:00,2026-02-06 22:00:00,2026-02-05,46.0,0.34655228461071347,0.032117515724195744,0.2554686047385389,0.7960482411548331
t2,2026-02-07 05:00:00,2026-02-06 23:00:00,2026-02-05,47.0,0.33247128851077734,0.015795083302258144,0.22459097706307724,0.8072349175703369
t2,2026-02-07 06:00:00,2026-02-07 00:00:00,2026-02-06,24.0,0.12520069316195104,0.008173254826462277,0.038311240737151635,0.38642013020856675
t2,2026-02-07 07:00:00,2026-02-07 01:00:00,2026-02-06,25.0,0.08794480970823934,0.007681465448730667,0.02527929304019285,0.25087997780915566
t2,2026-02-07 08:00:00,2026-02-07 02:00:00,2026-02-06,26.0,0.09081310660550278,0.00815032140531539,0.02278250782062923,0.2043496398944702
t2,2026-02-07 09:00:00,2026-02-07 03:00:00,2026-02-06,27.0,0.1548368915619674,0.008676191199843942,0.040669341872403134,0.38478533128599246
t2,2026-02-07 10:00:00,2026-02-07 04:00:00,2026-02-06,28.0,0.22213126958984916,0.016418521800742932,0.14004909938337634,0.4638278282580529
t2,2026-02-07 11:00:00,2026-02-07 05:00:00,2026-02-06,29.0,0.3122122842199596,0.0274075727909812,0.22575182883563946,0.7133652740716967
t2,2026-02-07 12:00:00,2026-02-07 06:00:00,2026-02-06,30.0,0.39707303463789617,0.041548064910985005,0.3052910735235371,0.8407842038856843
t2,2026-02-07 13:00:00,2026-02-07 07:00:00,2026-02-06,31.0,0.42375248556347606,0.06622344620157097,0.3036684109620998,0.8014760286066355
t2,2026-02-07 14:00:00,2026-02-07 08:00:00,2026-02-06,32.0,0.3086374919135144,0.05943089446982486,0.2114639655284961,0.7229706021267054
t2,2026-02-07 15:00:00,2026-02-07 09:00:00,2026-02-06,33.0,0.1942572389773905,0.01798861853911079,0.10861892363251184,0.5884216217643309
t2,2026-02-07 16:00:00,2026-02-07 10:00:00,2026-02-06,34.0,0.13848502202556362,0.007795128232070374,0.08130412480831417,0.3109402090293232
t2,2026-02-07 17:00:00,2026-02-07 11:00:00,2026-02-06,35.0,0.15989195560618288,0.008831554040238441,0.10497752706968637,0.39482102619935683
t2,2026-02-07 18:00:00,2026-02-07 12:00:00,2026-02-06,36.0,0.23891198381852113,0.010670381392359074,0.15848920763916896,0.5421053722224198
t2,2026-02-07 19:00:00,2026-02-07 13:00:00,2026-02-06,37.0,0.32518099141896156,0.016657374868650713,0.23976063567424058,0.7176314695512754
t2,2026-02-07 20:00:00,2026-02-07 14:00:00,2026-02-06,38.0,0.4997956860536592,0.05361117262229425,0.4331282633048288,0.9377315719880146
t2,2026-02-07 21:00:00,2026-02-07 15:00:00,2026-02-06,39.0,0.6371271323692972,0.12838051313976315,0.6026407514058397,0.9725950806214448
t2,2026-02-07 22:00:00,2026-02-07 16:00:00,2026-02-06,40.0,0.7436775044937346,0.2435614199087035,0.7158636208949866,0.9753660890994205
t2,2026-02-07 23:00:00,2026-02-07 17:00:00,2026-02-06,41.0,0.8627129013207857,0.4514969121051944,0.9003926927535576,0.9810951909225577
t2,2026-02-08 00:00:00,2026-02-07 18:00:00,2026-02-06,42.0,0.9039672923341762,0.6514372689043038,0.9312098388162879,0.980437469899233
t2,2026-02-08 01:00:00,2026-02-07 19:00:00,2026-02-06,43.0,0.9022988894918712,0.7589683856755075,0.9478012585789812,0.9788830102038033
t2,2026-02-08 02:00:00,2026-02-07 20:00:00,2026-02-06,44.0,0.8673683222686133,0.6836538225081242,0.9241561388992002,0.9775343259064849
t2,2026-02-08 03:00:00,2026-02-07 21:00:00,2026-02-06,45.0,0.8477835796428074,0.6473656641502024,0.8891934218860059,0.9790528271068841
t2,2026-02-08 04:00:00,2026-02-07 22:00:00,2026-02-06,46.0,0.8203903377127555,0.5408283088159338,0.8680699192698118,0.9859213541522024
t2,2026-02-08 05:00:00,2026-02-07 23:00:00,2026-02-06,47.0,0.7604000022262386,0.4498255437797647,0.7847740285209621,0.980824347435992
t2,2026-02-08 06:00:00,2026-02-08 00:00:00,2026-02-07,24.0,0.5131706617579611,0.15240645075094406,0.49778191032189467,0.9241654871951334
t2,2026-02-08 07:00:00,2026-02-08 01:00:00,2026-02-07,25.0,0.456844200931527,0.05753579088677114,0.39275342982175027,0.8821154753260818
t2,2026-02-08 08:00:00,2026-02-08 02:00:00,2026-02-07,26.0,0.33247607256085887,0.033407562129826034,0.24792609418143743,0.7746287430975207
t2,2026-02-08 09:00:00,2026-02-08 03:00:00,2026-02-07,27.0,0.24102588653374302,0.008006465019358557,0.13969695995089249,0.6187170317966232
t2,2026-02-08 10:00:00,2026-02-08 04:00:00,2026-02-07,28.0,0.12441931298242577,0.005025738466149307,0.064798498243937,0.4386993345831307
t2,2026-02-08 11:00:00,2026-02-08 05:00:00,2026-02-07,29.0,0.09412334398133607,0.006704411219069505,0.03745470880281656,0.28242164621825827
t2,2026-02-08 12:00:00,2026-02-08 06:00:00,2026-02-07,30.0,0.07455070571642698,0.006861752909084008,0.02503993149594048,0.22362366917697085
t2,2026-02-08 13:00:00,2026-02-08 07:00:00,2026-02-07,31.0,0.13396852722378308,0.007473370631589,0.037158015753327,0.3108017501423621
t2,2026-02-08 14:00:00,2026-02-08 08:00:00,2026-02-07,32.0,0.23070327510208347,0.03100141838563994,0.10182685669405875,0.6402354538741059
t2,2026-02-08 15:00:00,2026-02-08 09:00:00,2026-02-07,33.0,0.5629515496356263,0.10181438533599563,0.4583744383607437,0.9236629869621844
t2,2026-02-08 16:00:00,2026-02-08 10:00:00,2026-02-07,34.0,0.7356191737176685,0.2196716418764796,0.7042172755709738,0.9813203805848852
t2,2026-02-08 17:00:00,2026-02-08 11:00:00,2026-02-07,35.0,0.8834953293386273,0.5443036854526384,0.9323179532156913,0.9754234739155103
t2,2026-02-08 18:00:00,2026-02-08 12:00:00,2026-02-07,36.0,0.9331006435247753,0.7472723923216988,0.9621665836977082,0.9779530229570579
t2,2026-02-08 19:00:00,2026-02-08 13:00:00,2026-02-07,37.0,0.9545638025195969,0.85384857682785,0.9668814772958071,0.9798689071656655
t2,2026-02-08 20:00:00,2026-02-08 14:00:00,2026-02-07,38.0,0.954722648622717,0.8269416775797708,0.9675739148147703,0.9798667858920012
t2,2026-02-08 21:00:00,2026-02-08 15:00:00,2026-02-07,39.0,0.9468164144098777,0.8299620586388408,0.9676077953121228,0.9800499596528168
t2,2026-02-08 22:00:00,2026-02-08 16:00:00,2026-02-07,40.0,0.9480380713601888,0.8434497575523107,0.9676077953121228,0.9800515388088005
t2,2026-02-08 23:00:00,2026-02-08 17:00:00,2026-02-07,41.0,0.9463239669064655,0.8535704392847135,0.9676077953121228,0.9799823593122816
t2,2026-02-09 00:00:00,2026-02-08 18:00:00,2026-02-07,42.0,0.9460560832519355,0.884083500627405,0.9676077953121228,0.9800612112480758
t2,2026-02-09 01:00:00,2026-02-08 19:00:00,2026-02-07,43.0,0.9460560832519355,0.884083500627405,0.9676077953121228,0.9800485475350602
t2,2026-02-09 02:00:00,2026-02-08 20:00:00,2026-02-07,44.0,0.9442751454021286,0.884083500627405,0.9676077953121228,0.9800482987167692
t2,2026-02-09 03:00:00,2026-02-08 21:00:00,2026-02-07,45.0,0.940989383955506,0.8651292406054426,0.9676077953121228,0.9799950191379195
t2,2026-02-09 04:00:00,2026-02-08 22:00:00,2026-02-07,46.0,0.9299433841889615,0.8092383611454079,0.9680187380709124,0.9799002199035238
t2,2026-02-09 05:00:00,2026-02-08 23:00:00,2026-02-07,47.0,0.8731278015446765,0.727925184206306,0.9375512053258884,0.9799002199035238
t2,2026-02-09 06:00:00,2026-02-09 00:00:00,2026-02-08,24.0,0.8660196940269475,0.7313198687038978,0.9375512053258884,0.979779253320878
t2,2026-02-09 07:00:00,2026-02-09 01:00:00,2026-02-08,25.0,0.8638765794888098,0.7226140600174353,0.9375512053258884,0.9794173639356303
t2,2026-02-09 08:00:00,2026-02-09 02:00:00,2026-02-08,26.0,0.8598573650006163,0.7295917905331836,0.9375512053258884,0.9794988091411215
t2,2026-02-09 09:00:00,2026-02-09 03:00:00,2026-02-08,27.0,0.8596116042480846,0.6725999217638144,0.937578565116309,0.9791928714637942
t2,2026-02-09 10:00:00,2026-02-09 04:00:00,2026-02-08,28.0,0.8670134596659201,0.6894124394205798,0.937578565116309,0.9789092768987309
t2,2026-02-09 11:00:00,2026-02-09 05:00:00,2026-02-08,29.0,0.8711965100668335,0.6966256936129542,0.937578565116309,0.9763709027234383
t2,2026-02-09 12:00:00,2026-02-09 06:00:00,2026-02-08,30.0,0.8800715459120791,0.6966256936129542,0.937578565116309,0.975327174644328
t2,2026-02-09 13:00:00,2026-02-09 07:00:00,2026-02-08,31.0,0.879776249096171,0.6949121986479939,0.937578565116309,0.974393557435261
t2,2026-02-09 14:00:00,2026-02-09 08:00:00,2026-02-08,32.0,0.8835818916540745,0.6469009742498713,0.937578565116309,0.9736966199982361
t2,2026-02-09 15:00:00,2026-02-09 09:00:00,2026-02-08,33.0,0.8813275438669967,0.6763839511119992,0.9343638442505583,0.9736084298977834
t2,2026-02-09 16:00:00,2026-02-09 10:00:00,2026-02-08,34.0,0.8539837406497125,0.6424839895750296,0.9262959263891002,0.9734752065315013
t2,2026-02-09 17:00:00,2026-02-09 11:00:00,2026-02-08,35.0,0.791974487618882,0.5437175637343282,0.8950491554587579,0.9729707162182236
t2,2026-02-09 18:00:00,2026-02-09 12:00:00,2026-02-08,36.0,0.7316723382161541,0.4089148049835751,0.8073637907943454,0.9733358853584307
t2,2026-02-09 19:00:00,2026-02-09 13:00:00,2026-02-08,37.0,0.5398555104050663,0.1838181872097535,0.5827184513044679,0.9671460965133237
t2,2026-02-09 20:00:00,2026-02-09 14:00:00,2026-02-08,38.0,0.42009791642974953,0.127275421858442,0.4085168746231387,0.9300068244938555
t2,2026-02-09 21:00:00,2026-02-09 15:00:00,2026-02-08,39.0,0.3368388640112188,0.046727035491509375,0.2262586217520586,0.8365696286794351
t2,2026-02-09 22:00:00,2026-02-09 16:00:00,2026-02-08,40.0,0.2599193661189017,0.002609937008131764,0.16570323215276153,0.7485382962038956
t2,2026-02-09 23:00:00,2026-02-09 17:00:00,2026-02-08,41.0,0.2728604684139982,0.006658376805526492,0.15085379585318337,0.6868093012837477
t2,2026-02-10 00:00:00,2026-02-09 18:00:00,2026-02-08,42.0,0.24251658015318894,0.006676405222212375,0.14035097940944347,0.590010874009242
t2,2026-02-10 01:00:00,2026-02-09 19:00:00,2026-02-08,43.0,0.22578842952107864,0.00670869190967722,0.12436338549698257,0.5142365677952039
t2,2026-02-10 02:00:00,2026-02-09 20:00:00,2026-02-08,44.0,0.2091766031728593,0.007044414836953041,0.11280427572420627,0.5358303963786256
t2,2026-02-10 03:00:00,2026-02-09 21:00:00,2026-02-08,45.0,0.19936376629393765,0.006687737099185493,0.05926009115486307,0.5373876375569712
t2,2026-02-10 04:00:00,2026-02-09 22:00:00,2026-02-08,46.0,0.2723734920151155,0.020048307706535026,0.12171415762045475,0.6409653077376033
t2,2026-02-10 05:00:00,2026-02-09 23:00:00,2026-02-08,47.0,0.21718666675944637,0.008521596327842627,0.12109939911926763,0.6948380245425487
t2,2026-02-10 06:00:00,2026-02-10 00:00:00,2026-02-09,24.0,0.2459699898241168,0.011080052979455158,0.14170254988017075,0.7332883272312984
t2,2026-02-10 07:00:00,2026-02-10 01:00:00,2026-02-09,25.0,0.25805727313949517,0.011238958742764945,0.19200946925391857,0.8002259317926067
t2,2026-02-10 08:00:00,2026-02-10 02:00:00,2026-02-09,26.0,0.3191627150983617,0.016104197768063554,0.2655731342946502,0.9002734733817233
t2,2026-02-10 09:00:00,2026-02-10 03:00:00,2026-02-09,27.0,0.34805033789601186,0.027853065021962102,0.2758200771248569,0.9305027415896515
t2,2026-02-10 10:00:00,2026-02-10 04:00:00,2026-02-09,28.0,0.4260842221089172,0.02256140093423263,0.32986858208000824,0.9185683758963428
t2,2026-02-10 11:00:00,2026-02-10 05:00:00,2026-02-09,29.0,0.4259607401840864,0.0095934163123578,0.4064583080689685,0.948824046122949
t2,2026-02-10 12:00:00,2026-02-10 06:00:00,2026-02-09,30.0,0.27064611883719253,0.011732605329077826,0.21924260984670524,0.7458948260384485
t2,2026-02-10 13:00:00,2026-02-10 07:00:00,2026-02-09,31.0,0.2591450089059174,0.0066353276953614124,0.18204659542967908,0.6886111205737045
t2,2026-02-10 14:00:00,2026-02-10 08:00:00,2026-02-09,32.0,0.2263272961054697,0.00967545545180729,0.12246717421130572,0.5808448620342178
t2,2026-02-10 15:00:00,2026-02-10 09:00:00,2026-02-09,33.0,0.18630717162597626,0.007515946819170949,0.10885602117656912,0.4118004570543287
t2,2026-02-10 16:00:00,2026-02-10 10:00:00,2026-02-09,34.0,0.189941917395923,0.007988109205085305,0.07540253310336721,0.4490663990431355
t2,2026-02-10 17:00:00,2026-02-10 11:00:00,2026-02-09,35.0,0.16449892741273947,0.008424538375125083,0.0710230772119109,0.4266079096797182
t2,2026-02-10 18:00:00,2026-02-10 12:00:00,2026-02-09,36.0,0.20548069989250567,0.011113115460600297,0.08167903866738689,0.48942359436576466
t2,2026-02-10 19:00:00,2026-02-10 13:00:00,2026-02-09,37.0,0.3201714058831168,0.03098916158163566,0.16737427611081326,0.686250034116041
t2,2026-02-10 20:00:00,2026-02-10 14:00:00,2026-02-09,38.0,0.48428204184586027,0.056731479731416665,0.4226205728820724,0.9121130234536158
t2,2026-02-10 21:00:00,2026-02-10 15:00:00,2026-02-09,39.0,0.6639759102722093,0.1393725452649839,0.6290140873822854,0.989693623476038
t2,2026-02-10 22:00:00,2026-02-10 16:00:00,2026-02-09,40.0,0.8082919612370925,0.3974318614314807,0.7824746893826376,0.9774231920804889
t2,2026-02-10 23:00:00,2026-02-10 17:00:00,2026-02-09,41.0,0.8649715116852188,0.6681005585883347,0.9044354655370574,0.9755847957104898
t2,2026-02-11 00:00:00,2026-02-10 18:00:00,2026-02-09,42.0,0.8584561827194697,0.7179923971669729,0.9319086377743214,0.9768499016515697
t2,2026-02-11 01:00:00,2026-02-10 19:00:00,2026-02-09,43.0,0.8752340438574013,0.7193410535335844,0.9375886549070059,0.977333295588573
t2,2026-02-11 02:00:00,2026-02-10 20:00:00,2026-02-09,44.0,0.8601262459933287,0.6853692087348705,0.9374939872988465,0.9775498634238424
t2,2026-02-11 03:00:00,2026-02-10 21:00:00,2026-02-09,45.0,0.8479452362597556,0.6249292068897794,0.9166864662121674,0.9774439929424346
t2,2026-02-11 04:00:00,2026-02-10 22:00:00,2026-02-09,46.0,0.7576271874793243,0.4223209078829619,0.8320247966607204,0.9780392754050329
t2,2026-02-11 05:00:00,2026-02-10 23:00:00,2026-02-09,47.0,0.6680726515755119,0.2925359466760009,0.7301671892028891,0.9912747851358038
t2,2026-02-11 06:00:00,2026-02-11 00:00:00,2026-02-10,24.0,0.3553503602435032,0.05055093040562305,0.19862903788165848,0.7627852550702279
t2,2026-02-11 07:00:00,2026-02-11 01:00:00,2026-02-10,25.0,0.21813856624258493,0.009522712023803033,0.08392304835331377,0.5934015262220315
t2,2026-02-11 08:00:00,2026-02-11 02:00:00,2026-02-10,26.0,0.168788263661743,0.010760146004247547,0.09018141882420806,0.40891774524562924
t2,2026-02-11 09:00:00,2026-02-11 03:00:00,2026-02-10,27.0,0.22338195497058236,0.011539440809024814,0.17248557190652342,0.5775916717929567
t2,2026-02-11 10:00:00,2026-02-11 04:00:00,2026-02-10,28.0,0.2549592723560033,0.02273364235719544,0.1629897990367369,0.6584857293792843
t2,2026-02-11 11:00:00,2026-02-11 05:00:00,2026-02-10,29.0,0.3587409561247771,0.02917728066974533,0.25992394197439755,0.905758151565927
t2,2026-02-11 12:00:00,2026-02-11 06:00:00,2026-02-10,30.0,0.49493335383134,0.05409391521380222,0.4448467285132733,0.9901164116618181
t2,2026-02-11 13:00:00,2026-02-11 07:00:00,2026-02-10,31.0,0.42853157685694265,0.028363706952640674,0.3972452436359014,0.9105641543498079
t2,2026-02-11 14:00:00,2026-02-11 08:00:00,2026-02-10,32.0,0.38519711813687413,0.016087391394969678,0.2909491019975089,0.8726850877355968
t2,2026-02-11 15:00:00,2026-02-11 09:00:00,2026-02-10,33.0,0.3777342354339299,0.01897406011542783,0.28833526262432435,0.8935890317778312
t2,2026-02-11 16:00:00,2026-02-11 10:00:00,2026-02-10,34.0,0.6168194854618085,0.07831466781752368,0.5295777358282538,0.9615104880515623
t2,2026-02-11 17:00:00,2026-02-11 11:00:00,2026-02-10,35.0,0.6972451368397862,0.24806149721228143,0.7125371624577396,0.9777053261580549
t2,2026-02-11 18:00:00,2026-02-11 12:00:00,2026-02-10,36.0,0.8647212254435486,0.44205310269283704,0.889768466494765,0.9815492741535707
t2,2026-02-11 19:00:00,2026-02-11 13:00:00,2026-02-10,37.0,0.883633423737798,0.5654571321949671,0.934563890168287,0.9759291137273679
t2,2026-02-11 20:00:00,2026-02-11 14:00:00,2026-02-10,38.0,0.9043917639229223,0.6607611218222106,0.9524058549693514,0.9764361062124272
t2,2026-02-11 21:00:00,2026-02-11 15:00:00,2026-02-10,39.0,0.8307343393418453,0.5786329860406484,0.9086111798696427,0.9770035341957441
t2,2026-02-11 22:00:00,2026-02-11 16:00:00,2026-02-10,40.0,0.7703536564004867,0.41251637413368125,0.8418857638651508,0.980427057851997
t2,2026-02-11 23:00:00,2026-02-11 17:00:00,2026-02-10,41.0,0.7184392978200427,0.3422214364677503,0.7644104075643868,0.9861390540518886
t2,2026-02-12 00:00:00,2026-02-11 18:00:00,2026-02-10,42.0,0.6373495101505767,0.1588361921303639,0.6087325662705119,0.9731055960460068
t2,2026-02-12 01:00:00,2026-02-11 19:00:00,2026-02-10,43.0,0.655874333882071,0.17758352026769153,0.6209904111456116,0.9894364737164001
t2,2026-02-12 02:00:00,2026-02-11 20:00:00,2026-02-10,44.0,0.6032846397583252,0.17154261872125212,0.5699777328228391,0.9824762708877268
t2,2026-02-12 03:00:00,2026-02-11 21:00:00,2026-02-10,45.0,0.5553542630716485,0.09737764878256434,0.4721580703224555,0.9577291522879694
t2,2026-02-12 04:00:00,2026-02-11 22:00:00,2026-02-10,46.0,0.48929784336976695,0.07898229956156107,0.42845111835090005,0.9031631192123684
t2,2026-02-12 05:00:00,2026-02-11 23:00:00,2026-02-10,47.0,0.48435289738916765,0.0729459511197651,0.37688551776107776,0.9195622595449976
t2,2026-02-12 06:00:00,2026-02-12 00:00:00,2026-02-11,24.0,0.15019196739368107,0.007798741625043462,0.08350983696486906,0.4027789826450851
t2,2026-02-12 07:00:00,2026-02-12 01:00:00,2026-02-11,25.0,0.09687816343526605,0.008540306544923432,0.03530686299639929,0.31039184967234607
t2,2026-02-12 08:00:00,2026-02-12 02:00:00,2026-02-11,26.0,0.067087051391456,0.00814248753952294,0.02753550139133549,0.21747395053315452
t2,2026-02-12 09:00:00,2026-02-12 03:00:00,2026-02-11,27.0,0.06389372466867475,0.008136661615171615,0.018445933138761725,0.19933104053267847
t2,2026-02-12 10:00:00,2026-02-12 04:00:00,2026-02-11,28.0,0.07110428393381812,0.008185422394454727,0.01877576304701319,0.1926384655130091
t2,2026-02-12 11:00:00,2026-02-12 05:00:00,2026-02-11,29.0,0.10052886747548953,0.00804511938160629,0.04101952075131228,0.269259255763317
t2,2026-02-12 12:00:00,2026-02-12 06:00:00,2026-02-11,30.0,0.17502904226961996,0.01207854022758729,0.10174941573304748,0.5210378113949367
t2,2026-02-12 13:00:00,2026-02-12 07:00:00,2026-02-11,31.0,0.2142611619082968,0.026218970334014907,0.14483944723504363,0.6364450724615148
t2,2026-02-12 14:00:00,2026-02-12 08:00:00,2026-02-11,32.0,0.2387563858757856,0.029749333293731466,0.1952914345525486,0.669835711443596
t2,2026-02-12 15:00:00,2026-02-12 09:00:00,2026-02-11,33.0,0.2578919922165442,0.021857448030134174,0.15612854493078687,0.7103661385236827
t2,2026-02-12 16:00:00,2026-02-12 10:00:00,2026-02-11,34.0,0.2486041173776648,0.010846316987154849,0.16053487323784663,0.7102578778771179
t2,2026-02-12 17:00:00,2026-02-12 11:00:00,2026-02-11,35.0,0.2464890826184432,0.010832156861670626,0.1706536963716351,0.6382821247124006
t2,2026-02-12 18:00:00,2026-02-12 12:00:00,2026-02-11,36.0,0.2714581789201209,0.012176061721444328,0.2090572534357842,0.5965000569926454
t2,2026-02-12 19:00:00,2026-02-12 13:00:00,2026-02-11,37.0,0.21985386404293783,0.019332428195091574,0.16004809503534603,0.5674589459880642
t2,2026-02-12 20:00:00,2026-02-12 14:00:00,2026-02-11,38.0,0.2054582242812636,0.009156395490117793,0.13266548376467882,0.6547674285511293
t2,2026-02-12 21:00:00,2026-02-12 15:00:00,2026-02-11,39.0,0.19196033306239776,0.009723533907157094,0.11139054575354822,0.6085504755907788
t2,2026-02-12 22:00:00,2026-02-12 16:00:00,2026-02-11,40.0,0.15556061314719588,0.010054759150325264,0.09305655099968606,0.454008978971128
t2,2026-02-12 23:00:00,2026-02-12 17:00:00,2026-02-11,41.0,0.11468357058234965,0.00860636058594481,0.038352849066799526,0.29389050862847266
t2,2026-02-13 00:00:00,2026-02-12 18:00:00,2026-02-11,42.0,0.06486800944348746,0.008287240864523772,0.01763616145562669,0.1975293645628039
t2,2026-02-13 01:00:00,2026-02-12 19:00:00,2026-02-11,43.0,0.06792018766971039,0.008123917824862666,0.01634081041039763,0.18562839637680723
t2,2026-02-13 02:00:00,2026-02-12 20:00:00,2026-02-11,44.0,0.060913281610037374,0.008149024739317104,0.014597709194510302,0.18267242182917254
t2,2026-02-13 03:00:00,2026-02-12 21:00:00,2026-02-11,45.0,0.06926163308582388,0.008423370266527513,0.015997800735266618,0.1885248268404515
t2,2026-02-13 04:00:00,2026-02-12 22:00:00,2026-02-11,46.0,0.05869604284511107,0.008422798812251484,0.015085662223247063,0.17743489083465544
t2,2026-02-13 05:00:00,2026-02-12 23:00:00,2026-02-11,47.0,0.05755246719061787,0.008247825652744028,0.015563092429973483,0.1804142341097326
t2,2026-02-13 06:00:00,2026-02-13 00:00:00,2026-02-12,24.0,0.05477413083995729,0.00840788160952906,0.014855619775425927,0.19813193960500092
t2,2026-02-13 07:00:00,2026-02-13 01:00:00,2026-02-12,25.0,0.054169831289370605,0.008397109700941112,0.014601243230007697,0.199769692274777
t2,2026-02-13 08:00:00,2026-02-13 02:00:00,2026-02-12,26.0,0.06403131486195444,0.008070873115197563,0.008503473041946798,0.2107835856796456
t2,2026-02-13 09:00:00,2026-02-13 03:00:00,2026-02-12,27.0,0.0649502935180836,0.008340754717602147,0.01656258523553456,0.198198657453811
t2,2026-02-13 10:00:00,2026-02-13 04:00:00,2026-02-12,28.0,0.06215926928723753,0.00811806397090279,0.017440663385113877,0.20257676298517813
t2,2026-02-13 11:00:00,2026-02-13 05:00:00,2026-02-12,29.0,0.08405473040413065,0.008266225514395901,0.010487621881137759,0.23113043323393556
t2,2026-02-13 12:00:00,2026-02-13 06:00:00,2026-02-12,30.0,0.07536257356393704,0.008236647309171041,0.010462532256615292,0.22259821635409024
t2,2026-02-13 13:00:00,2026-02-13 07:00:00,2026-02-12,31.0,0.06890858222775842,0.008369628625050224,0.016288528363523135,0.20880032648737332
t2,2026-02-13 14:00:00,2026-02-13 08:00:00,2026-02-12,32.0,0.0653699588628963,0.008262291627490951,0.0158751386037817,0.19291574469636294
t2,2026-02-13 15:00:00,2026-02-13 09:00:00,2026-02-12,33.0,0.066728849493907,0.008379115005256975,0.015460258097879338,0.19491737281772284
t2,2026-02-13 16:00:00,2026-02-13 10:00:00,2026-02-12,34.0,0.06694996491105214,0.008341425519925985,0.018648706407355234,0.19678718855030244
t2,2026-02-13 17:00:00,2026-02-13 11:00:00,2026-02-12,35.0,0.08914163400192329,0.008527377237266957,0.02744017893517626,0.2173289832892925
t2,2026-02-13 18:00:00,2026-02-13 12:00:00,2026-02-12,36.0,0.11825351811398968,0.00803511778131211,0.052336767940524914,0.2934488845387466
t2,2026-02-13 19:00:00,2026-02-13 13:00:00,2026-02-12,37.0,0.2366269928743286,0.013823179292607008,0.09547862400471567,0.4879928010475924
t2,2026-02-13 20:00:00,2026-02-13 14:00:00,2026-02-12,38.0,0.3103909556959628,0.017885289339401766,0.20376102855543948,0.6309758869621841
t2,2026-02-13 21:00:00,2026-02-13 15:00:00,2026-02-12,39.0,0.42354149815524833,0.06454209036356183,0.3568248709779687,0.8584177096926773
t2,2026-02-13 22:00:00,2026-02-13 16:00:00,2026-02-12,40.0,0.5768858551371993,0.09635105414905382,0.5528293193039265,0.9781976020785971
t2,2026-02-13 23:00:00,2026-02-13 17:00:00,2026-02-12,41.0,0.6793938196533588,0.18254414981384848,0.6326198686538201,0.9735578519609266
t2,2026-02-14 00:00:00,2026-02-13 18:00:00,2026-02-12,42.0,0.7412652553989932,0.30404646385059514,0.7856528225929195,0.9757435100879059
t2,2026-02-14 01:00:00,2026-02-13 19:00:00,2026-02-12,43.0,0.7967794843046635,0.36850331933167046,0.8305806424513509,0.9785979383938639
t2,2026-02-14 02:00:00,2026-02-13 20:00:00,2026-02-12,44.0,0.8551655336154304,0.47936268933583825,0.8845372452912427,0.9814855385448353
t2,2026-02-14 03:00:00,2026-02-13 21:00:00,2026-02-12,45.0,0.8399070732724735,0.4686455657011544,0.884891750553581,0.9866171972834523
t2,2026-02-14 04:00:00,2026-02-13 22:00:00,2026-02-12,46.0,0.7982091211165951,0.48614665235011734,0.8533986059420294,0.9862201878781578
t2,2026-02-14 05:00:00,2026-02-13 23:00:00,2026-02-12,47.0,0.7467940913202133,0.37211766144003017,0.7873010272381175,0.988204517824431
t2,2026-02-14 06:00:00,2026-02-14 00:00:00,2026-02-13,24.0,0.35414430432051924,0.051763752142877845,0.31203684884811245,0.8278157726491633
t2,2026-02-14 07:00:00,2026-02-14 01:00:00,2026-02-13,25.0,0.28652227113328893,0.04168901357601882,0.23169079765483247,0.7382829872685811
t2,2026-02-14 08:00:00,2026-02-14 02:00:00,2026-02-13,26.0,0.24914252098738904,0.030617837504489008,0.16287765663867124,0.6644519749944118
t2,2026-02-14 09:00:00,2026-02-14 03:00:00,2026-02-13,27.0,0.21637781687886756,0.02424588636241483,0.1367611051212075,0.6249908118251223
t2,2026-02-14 10:00:00,2026-02-14 04:00:00,2026-02-13,28.0,0.16973007237398047,0.005042923643248774,0.06917460292224302,0.6207452050093435
t2,2026-02-14 11:00:00,2026-02-14 05:00:00,2026-02-13,29.0,0.19050842957794734,0.007033301244423046,0.0948356596635969,0.5821348028806577
t2,2026-02-14 12:00:00,2026-02-14 06:00:00,2026-02-13,30.0,0.18402549846973923,0.0024529725704095446,0.09235467261786542,0.6320844552754973
t2,2026-02-14 13:00:00,2026-02-14 07:00:00,2026-02-13,31.0,0.1256927938762727,0.003994528863777005,0.062000272699422196,0.483282563901832
t2,2026-02-14 14:00:00,2026-02-14 08:00:00,2026-02-13,32.0,0.0816178554049107,0.006974147725750402,0.03120823997626471,0.3224973779017221
t2,2026-02-14 15:00:00,2026-02-14 09:00:00,2026-02-13,33.0,0.07072766282622277,0.008878765749622689,0.032646631677226326,0.2494404740961648
t2,2026-02-14 16:00:00,2026-02-14 10:00:00,2026-02-13,34.0,0.07655990286753316,0.008616140179787547,0.026400004586003865,0.2448727051201597
t2,2026-02-14 17:00:00,2026-02-14 11:00:00,2026-02-13,35.0,0.07743821228652586,0.008690971768764549,0.025528124845574093,0.23362443190679008
t2,2026-02-14 18:00:00,2026-02-14 12:00:00,2026-02-13,36.0,0.09822778378961887,0.008492184216797859,0.024549086317479707,0.27458469878364955
t2,2026-02-14 19:00:00,2026-02-14 13:00:00,2026-02-13,37.0,0.08573557566926056,0.008559933098823502,0.02405723330068342,0.25330642651708085
t2,2026-02-14 20:00:00,2026-02-14 14:00:00,2026-02-13,38.0,0.1021971682312354,0.008819456117633255,0.03649706025762593,0.31437492594606326
t2,2026-02-14 21:00:00,2026-02-14 15:00:00,2026-02-13,39.0,0.10405199504416972,0.008935296956920474,0.04251591465429107,0.29866046103039146
t2,2026-02-14 22:00:00,2026-02-14 16:00:00,2026-02-13,40.0,0.1021572331416033,0.008796844955982614,0.042920818001459214,0.2749575747587882
t2,2026-02-14 23:00:00,2026-02-14 17:00:00,2026-02-13,41.0,0.09320830258464673,0.00844435805128829,0.043815887674018825,0.2792941348332366
t2,2026-02-15 00:00:00,2026-02-14 18:00:00,2026-02-13,42.0,0.08051002694442502,0.008430381117550675,0.025953158450383713,0.23437569665714605
t2,2026-02-15 01:00:00,2026-02-14 19:00:00,2026-02-13,43.0,0.06687432241200575,0.008452243050849448,0.02221930971403698,0.21564569865195282
t2,2026-02-15 02:00:00,2026-02-14 20:00:00,2026-02-13,44.0,0.06300242300079964,0.008403026568021927,0.02267056184887002,0.1934085690879336
t2,2026-02-15 03:00:00,2026-02-14 21:00:00,2026-02-13,45.0,0.06434553772082531,0.008131917732274114,0.022849529851032203,0.19100032696066266
t2,2026-02-15 04:00:00,2026-02-14 22:00:00,2026-02-13,46.0,0.06962132771523147,0.008307352271396784,0.028449870874371775,0.2111072767766258
t2,2026-02-15 05:00:00,2026-02-14 23:00:00,2026-02-13,47.0,0.08537045739931948,0.008428508711722458,0.03884032292382888,0.2878385363739896
t2,2026-02-15 06:00:00,2026-02-15 00:00:00,2026-02-14,24.0,0.19672728744438533,0.013476421195354431,0.10980446548002686,0.5411150163467353
t2,2026-02-15 07:00:00,2026-02-15 01:00:00,2026-02-14,25.0,0.28055029662120873,0.018903811560985355,0.1855133979536148,0.6940906682761696
t2,2026-02-15 08:00:00,2026-02-15 02:00:00,2026-02-14,26.0,0.3884011175929691,0.05130813947926943,0.2870569966921273,0.8604419270748004
t2,2026-02-15 09:00:00,2026-02-15 03:00:00,2026-02-14,27.0,0.5326946492387693,0.1598163050105227,0.4888652739201582,0.9458671300213213
t2,2026-02-15 10:00:00,2026-02-15 04:00:00,2026-02-14,28.0,0.71108845306836,0.3333316405222839,0.726299196111597,0.9638724844016217
t2,2026-02-15 11:00:00,2026-02-15 05:00:00,2026-02-14,29.0,0.8565706801364087,0.6013694711747247,0.9072774937773411,0.9686338865334309
t2,2026-02-15 12:00:00,2026-02-15 06:00:00,2026-02-14,30.0,0.9023030244324797,0.7700550870525581,0.94083132365323,0.9740459324414515
t2,2026-02-15 13:00:00,2026-02-15 07:00:00,2026-02-14,31.0,0.9157381680444666,0.7957155511039343,0.9571493045710127,0.9730571449615415
t2,2026-02-15 14:00:00,2026-02-15 08:00:00,2026-02-14,32.0,0.917310109185999,0.7806026396867363,0.9640516659192967,0.9724577785921533
t2,2026-02-15 15:00:00,2026-02-15 09:00:00,2026-02-14,33.0,0.9184380981583756,0.7841264925089255,0.9650684464101236,0.972845872919986
t2,2026-02-15 16:00:00,2026-02-15 10:00:00,2026-02-14,34.0,0.8996869659785435,0.7564931493644659,0.923184874017762,0.9725724172053616
t2,2026-02-15 17:00:00,2026-02-15 11:00:00,2026-02-14,35.0,0.8602387292424261,0.6857757030465832,0.8688784513966267,0.9722515551081202
t2,2026-02-15 18:00:00,2026-02-15 12:00:00,2026-02-14,36.0,0.8895185735223385,0.6764953373483611,0.9084287727706494,0.9725685299232208
t2,2026-02-15 19:00:00,2026-02-15 13:00:00,2026-02-14,37.0,0.879237716998161,0.6496434206193401,0.9004043289204798,0.9725809846253797
t2,2026-02-15 20:00:00,2026-02-15 14:00:00,2026-02-14,38.0,0.8436386309557808,0.6246978729208288,0.8614312410980828,0.9725251925227972
t2,2026-02-15 21:00:00,2026-02-15 15:00:00,2026-02-14,39.0,0.8083003795559455,0.5574772077885505,0.8470451900630035,0.9681686219739708
t2,2026-02-15 22:00:00,2026-02-15 16:00:00,2026-02-14,40.0,0.7716396132486252,0.4894300554014474,0.8442190178639285,0.9684275717717927
t2,2026-02-15 23:00:00,2026-02-15 17:00:00,2026-02-14,41.0,0.6987075846368177,0.4510482624405485,0.7825619646594625,0.9591344443052249
t2,2026-02-16 00:00:00,2026-02-15 18:00:00,2026-02-14,42.0,0.6666693338312037,0.3491308678429794,0.6518559508789273,0.9536968901577012
t2,2026-02-16 01:00:00,2026-02-15 19:00:00,2026-02-14,43.0,0.6160061019036364,0.2522395103508682,0.6196010082586528,0.9551190002108795
t2,2026-02-16 02:00:00,2026-02-15 20:00:00,2026-02-14,44.0,0.6496901518035066,0.27711537901660677,0.6445842999622052,0.9577746659626225
t2,2026-02-16 03:00:00,2026-02-15 21:00:00,2026-02-14,45.0,0.6690922914091756,0.30804498917370654,0.6710908881696956,0.9613208661267006
t2,2026-02-16 04:00:00,2026-02-15 22:00:00,2026-02-14,46.0,0.6844233554578626,0.29917829625688414,0.6737794320686968,0.9620047442613521
t2,2026-02-16 05:00:00,2026-02-15 23:00:00,2026-02-14,47.0,0.7685360197152868,0.43609587659325044,0.7727130912321539,0.9635702914959836
t2,2026-02-16 06:00:00,2026-02-16 00:00:00,2026-02-15,24.0,0.7846490155434327,0.489644663574925,0.8249412884140276,0.9663902506175359
t2,2026-02-16 07:00:00,2026-02-16 01:00:00,2026-02-15,25.0,0.7408135314552794,0.42240352256948505,0.7905427736348426,0.9669441813388708
t2,2026-02-16 08:00:00,2026-02-16 02:00:00,2026-02-15,26.0,0.6379533583931918,0.3472307408859108,0.7337043957370755,0.9441531186047877
t2,2026-02-16 09:00:00,2026-02-16 03:00:00,2026-02-15,27.0,0.5789288656897339,0.290885653305307,0.6359851599908741,0.9397084348832767
t2,2026-02-16 10:00:00,2026-02-16 04:00:00,2026-02-15,28.0,0.5964932708559806,0.2972428496656671,0.6353912630699726,0.9480692904179007
t2,2026-02-16 11:00:00,2026-02-16 05:00:00,2026-02-15,29.0,0.669912681290944,0.3347208628768934,0.726032705329425,0.9485551250019307
t2,2026-02-16 12:00:00,2026-02-16 06:00:00,2026-02-15,30.0,0.7810349738334831,0.45330439033719283,0.8628030861310124,0.9568777481446736
t2,2026-02-16 13:00:00,2026-02-16 07:00:00,2026-02-15,31.0,0.7927657337935237,0.46912657840890515,0.8908813209611285,0.9553526255836504
t2,2026-02-16 14:00:00,2026-02-16 08:00:00,2026-02-15,32.0,0.8038157719895465,0.48017016465242146,0.8814150975147729,0.9509712255835965
t2,2026-02-16 15:00:00,2026-02-16 09:00:00,2026-02-15,33.0,0.7921066327544843,0.47773689420422294,0.8578714405695985,0.9573294685437437
t2,2026-02-16 16:00:00,2026-02-16 10:00:00,2026-02-15,34.0,0.7469186225752886,0.3982072407483616,0.8116029745993639,0.961388164250048
t2,2026-02-16 17:00:00,2026-02-16 11:00:00,2026-02-15,35.0,0.7192767926416362,0.3519448620671257,0.7330017874325526,0.9604487886962175
t2,2026-02-16 18:00:00,2026-02-16 12:00:00,2026-02-15,36.0,0.6737111598575618,0.35415426000563965,0.7213244899311492,0.9514643680207386
t2,2026-02-16 19:00:00,2026-02-16 13:00:00,2026-02-15,37.0,0.6767387368789488,0.3344999123873063,0.7043426951768569,0.9652013714190494
t2,2026-02-16 20:00:00,2026-02-16 14:00:00,2026-02-15,38.0,0.6955629528398654,0.39283858447803127,0.7475120835477641,0.9606362618340312
t2,2026-02-16 21:00:00,2026-02-16 15:00:00,2026-02-15,39.0,0.712028563446328,0.39093063330895883,0.7458494177759433,0.9646478814842694
t2,2026-02-16 22:00:00,2026-02-16 16:00:00,2026-02-15,40.0,0.7124557019429291,0.412405851969273,0.7308560399125429,0.9646707193070106
t2,2026-02-16 23:00:00,2026-02-16 17:00:00,2026-02-15,41.0,0.7042382100422819,0.4131808434822982,0.7171518713559643,0.9625350319758686
t2,2026-02-17 00:00:00,2026-02-16 18:00:00,2026-02-15,42.0,0.6565476029567245,0.3397808315724111,0.6721690684499163,0.9582237830165939
t2,2026-02-17 01:00:00,2026-02-16 19:00:00,2026-02-15,43.0,0.6455096156748429,0.3523718503111433,0.7045584384797708,0.966168187634274
t2,2026-02-17 02:00:00,2026-02-16 20:00:00,2026-02-15,44.0,0.6399710441657271,0.3274701416308735,0.6727634582309808,0.9672664586082161
t2,2026-02-17 03:00:00,2026-02-16 21:00:00,2026-02-15,45.0,0.6244968737938305,0.25120782392216046,0.6391138024997166,0.9591311606305293
t2,2026-02-17 04:00:00,2026-02-16 22:00:00,2026-02-15,46.0,0.5357395355950426,0.144277520901978,0.4704378779285676,0.9286753049180169
t2,2026-02-17 05:00:00,2026-02-16 23:00:00,2026-02-15,47.0,0.3637618411272703,0.07477945466839848,0.26049604197206194,0.8453985449458514
t2,2026-02-17 06:00:00,2026-02-17 00:00:00,2026-02-16,24.0,0.33473287333503216,0.023085143601334616,0.23579092364738347,0.8225845554012866
t2,2026-02-17 07:00:00,2026-02-17 01:00:00,2026-02-16,25.0,0.3107983518330865,0.029700421650276965,0.19688145816870975,0.727006420159658
t2,2026-02-17 08:00:00,2026-02-17 02:00:00,2026-02-16,26.0,0.2517183820919852,0.02719684849747831,0.1671064235503427,0.629258658057897
t2,2026-02-17 09:00:00,2026-02-17 03:00:00,2026-02-16,27.0,0.1771697603269414,0.010869872609046349,0.08299053048695504,0.5418702871819726
t2,2026-02-17 10:00:00,2026-02-17 04:00:00,2026-02-16,28.0,0.1818425843133711,0.010864869345423743,0.08201410438512835,0.5698820231249033
t2,2026-02-17 11:00:00,2026-02-17 05:00:00,2026-02-16,29.0,0.1620130248315732,0.010160760556901181,0.10347587784670366,0.5019401098763205
t2,2026-02-17 12:00:00,2026-02-17 06:00:00,2026-02-16,30.0,0.1843734014224205,0.011757015231714405,0.12054868408494193,0.4840781161719467
t2,2026-02-17 13:00:00,2026-02-17 07:00:00,2026-02-16,31.0,0.18776739989323435,0.011307206530568919,0.15529052408239966,0.5390932724775618
t2,2026-02-17 14:00:00,2026-02-17 08:00:00,2026-02-16,32.0,0.23386946157503222,0.011679154142614336,0.17831526340472015,0.6018826456489733
t2,2026-02-17 15:00:00,2026-02-17 09:00:00,2026-02-16,33.0,0.3074653929732138,0.026168826514895663,0.23236605774728475,0.7252371163779138
t2,2026-02-17 16:00:00,2026-02-17 10:00:00,2026-02-16,34.0,0.41009449455288344,0.04613464135842956,0.29316511710509047,0.8415223883426384
t2,2026-02-17 17:00:00,2026-02-17 11:00:00,2026-02-16,35.0,0.5675470943442786,0.0641234077266721,0.4599831747831794,0.9397833698086637
t2,2026-02-17 18:00:00,2026-02-17 12:00:00,2026-02-16,36.0,0.6762765383479876,0.10035195053511597,0.6253072682686709,0.9929928776897611
t2,2026-02-17 19:00:00,2026-02-17 13:00:00,2026-02-16,37.0,0.7036109167442165,0.1659827695131337,0.6908436620753485,0.9845743518405017
t2,2026-02-17 20:00:00,2026-02-17 14:00:00,2026-02-16,38.0,0.7648465006198738,0.2815572237600955,0.771991841856742,0.9818374826929819
t2,2026-02-17 21:00:00,2026-02-17 15:00:00,2026-02-16,39.0,0.7360918694209811,0.2923928374581385,0.7594888291327944,0.9785942716641342
t2,2026-02-17 22:00:00,2026-02-17 16:00:00,2026-02-16,40.0,0.7302087423119668,0.3776372280280186,0.7654115669919461,0.9759948971368784
t2,2026-02-17 23:00:00,2026-02-17 17:00:00,2026-02-16,41.0,0.7301354930196305,0.3702527048933863,0.7505759283064755,0.9764054894061219
t2,2026-02-18 00:00:00,2026-02-17 18:00:00,2026-02-16,42.0,0.7942968425666046,0.4614657919912818,0.8160122741816351,0.9760588118770681
t2,2026-02-18 01:00:00,2026-02-17 19:00:00,2026-02-16,43.0,0.8269825483688226,0.520464076977354,0.8602475565393385,0.9724169526289272
t2,2026-02-18 02:00:00,2026-02-17 20:00:00,2026-02-16,44.0,0.7973146146317545,0.516766493554827,0.8411675224060541,0.9751311326248232
t2,2026-02-18 03:00:00,2026-02-17 21:00:00,2026-02-16,45.0,0.7713444102426619,0.500601555716327,0.8197165369915433,0.974435172538756
t2,2026-02-18 04:00:00,2026-02-17 22:00:00,2026-02-16,46.0,0.8206191297182385,0.5389665434753986,0.8425005174715101,0.9743649547056996
t2,2026-02-18 05:00:00,2026-02-17 23:00:00,2026-02-16,47.0,0.8225955534527909,0.5681119822250054,0.8677061887814616,0.9741336135469443
t2,2026-02-18 06:00:00,2026-02-18 00:00:00,2026-02-17,24.0,0.8327058561383853,0.5880896649821936,0.9069002482862412,0.9749296852266296
t2,2026-02-18 07:00:00,2026-02-18 01:00:00,2026-02-17,25.0,0.8679365403916406,0.6665518369382081,0.9076497647203452,0.975830120677431
t2,2026-02-18 08:00:00,2026-02-18 02:00:00,2026-02-17,26.0,0.8992750750759023,0.7692240336862693,0.9391603274909583,0.9761726332488332
t2,2026-02-18 09:00:00,2026-02-18 03:00:00,2026-02-17,27.0,0.9156265473260168,0.7794350439146313,0.9546017948817245,0.9751950053422459
t2,2026-02-18 10:00:00,2026-02-18 04:00:00,2026-02-17,28.0,0.9207751435242187,0.797276312290626,0.9657306173272517,0.9732608840167649
t2,2026-02-18 11:00:00,2026-02-18 05:00:00,2026-02-17,29.0,0.9287456386909583,0.7978119583965404,0.9670230795865334,0.9727615388768848
t2,2026-02-18 12:00:00,2026-02-18 06:00:00,2026-02-17,30.0,0.9342270550720357,0.8083154788652328,0.9670230795865334,0.972683656412496
t2,2026-02-18 13:00:00,2026-02-18 07:00:00,2026-02-17,31.0,0.9346874752111503,0.8134585766433027,0.9667482152394563,0.9725888148016388
t2,2026-02-18 14:00:00,2026-02-18 08:00:00,2026-02-17,32.0,0.948787958088364,0.860881442860583,0.9664165486734553,0.9723363688087233
t2,2026-02-18 15:00:00,2026-02-18 09:00:00,2026-02-17,33.0,0.933134597449972,0.8319628778997539,0.9664138538575483,0.972346128407405
t2,2026-02-18 16:00:00,2026-02-18 10:00:00,2026-02-17,34.0,0.9305537812417343,0.7973814703455742,0.9582078424810986,0.9713703978952483
t2,2026-02-18 17:00:00,2026-02-18 11:00:00,2026-02-17,35.0,0.9069205668155805,0.7068037517970881,0.9507638808690557,0.9713349371530796
t2,2026-02-18 18:00:00,2026-02-18 12:00:00,2026-02-17,36.0,0.8749153437309628,0.6153797957335375,0.9277405187023493,0.9734084915805916
t2,2026-02-18 19:00:00,2026-02-18 13:00:00,2026-02-17,37.0,0.8008587777805285,0.46067967115383934,0.8782696124063447,0.974932344656016
t2,2026-02-18 20:00:00,2026-02-18 14:00:00,2026-02-17,38.0,0.7588743107675255,0.40535779039516456,0.790303566970028,0.9757292446593889
t2,2026-02-18 21:00:00,2026-02-18 15:00:00,2026-02-17,39.0,0.7273814920351711,0.3968756923166088,0.7740957308874847,0.9764413259570097
t2,2026-02-18 22:00:00,2026-02-18 16:00:00,2026-02-17,40.0,0.7384082087689203,0.42391386163504774,0.7958142465340492,0.9770322553405918
t2,2026-02-18 23:00:00,2026-02-18 17:00:00,2026-02-17,41.0,0.7505247101606574,0.4384354370006831,0.812710794900217,0.9666374810031346
t2,2026-02-19 00:00:00,2026-02-18 18:00:00,2026-02-17,42.0,0.7728985003231692,0.48110062446365587,0.8047708806508758,0.9731626048935825
t2,2026-02-19 01:00:00,2026-02-18 19:00:00,2026-02-17,43.0,0.7525162370676912,0.4719671876643156,0.8364280384523015,0.9665042200179762
t2,2026-02-19 02:00:00,2026-02-18 20:00:00,2026-02-17,44.0,0.7714286834740997,0.4744028679216803,0.838916871290375,0.97312661950548
t2,2026-02-19 03:00:00,2026-02-18 21:00:00,2026-02-17,45.0,0.7617806570595465,0.4656214737455014,0.8340061051763525,0.9659828594809299
t2,2026-02-19 04:00:00,2026-02-18 22:00:00,2026-02-17,46.0,0.7951059510317664,0.5031138836379989,0.8477209096910776,0.9671258530227678
t2,2026-02-19 05:00:00,2026-02-18 23:00:00,2026-02-17,47.0,0.7540400054068953,0.4520327674033566,0.8218952599343878,0.9699531724914627
t2,2026-02-19 06:00:00,2026-02-19 00:00:00,2026-02-18,24.0,0.5602266592470082,0.19098704821490292,0.5304471644289567,0.9421891348779718
t2,2026-02-19 07:00:00,2026-02-19 01:00:00,2026-02-18,25.0,0.4014337318310913,0.15854837542530503,0.4396569764440778,0.8737865334049143
t2,2026-02-19 08:00:00,2026-02-19 02:00:00,2026-02-18,26.0,0.35710539412806797,0.11283272706003317,0.3965045417213227,0.8732375256653565
t2,2026-02-19 09:00:00,2026-02-19 03:00:00,2026-02-18,27.0,0.3376189948529873,0.05475145310255344,0.2995946815252509,0.8100432686091956
t2,2026-02-19 10:00:00,2026-02-19 04:00:00,2026-02-18,28.0,0.47179078789428625,0.0865536347447058,0.4070002202075394,0.8576559065302148
t2,2026-02-19 11:00:00,2026-02-19 05:00:00,2026-02-18,29.0,0.5350566677807616,0.11774086969726373,0.4942351433149922,0.8932356254486759
t2,2026-02-19 12:00:00,2026-02-19 06:00:00,2026-02-18,30.0,0.38701630585527835,0.06925458340434586,0.3636606955023867,0.8587400526324761
t2,2026-02-19 13:00:00,2026-02-19 07:00:00,2026-02-18,31.0,0.4466606297499995,0.050409992837882375,0.35764860204235266,0.7992329139509361
t2,2026-02-19 14:00:00,2026-02-19 08:00:00,2026-02-18,32.0,0.47922461133228716,0.0386123077297977,0.35141789897595666,0.8398709118749593
t2,2026-02-19 15:00:00,2026-02-19 09:00:00,2026-02-18,33.0,0.3633191106282744,0.05208580355661431,0.25411576664099417,0.7640651139928983
t2,2026-02-19 16:00:00,2026-02-19 10:00:00,2026-02-18,34.0,0.29633936776768915,0.02490627251619637,0.1827598905769742,0.7148205662833059
t2,2026-02-19 17:00:00,2026-02-19 11:00:00,2026-02-18,35.0,0.2910053382773883,0.015452015753515028,0.1738584084247777,0.6516597598468785
t2,2026-02-19 18:00:00,2026-02-19 12:00:00,2026-02-18,36.0,0.24747998546191075,0.01031505915145346,0.12768373753919354,0.6049426799473047
t2,2026-02-19 19:00:00,2026-02-19 13:00:00,2026-02-18,37.0,0.20466084878806926,0.009668352566682371,0.09518771615357596,0.5461728549146719
t2,2026-02-19 20:00:00,2026-02-19 14:00:00,2026-02-18,38.0,0.12529518316057683,0.008394859394854104,0.04120764026227757,0.39215055822522055
t2,2026-02-19 21:00:00,2026-02-19 15:00:00,2026-02-18,39.0,0.13599511444191129,0.009319716774976124,0.06934382574784059,0.4054863028022369
t2,2026-02-19 22:00:00,2026-02-19 16:00:00,2026-02-18,40.0,0.24753854674204534,0.012524348898796424,0.11464800657893422,0.5456779459555597
t2,2026-02-19 23:00:00,2026-02-19 17:00:00,2026-02-18,41.0,0.3425407141137952,0.014292894132013402,0.19321287416865954,0.7603939918130264
t2,2026-02-20 00:00:00,2026-02-19 18:00:00,2026-02-18,42.0,0.4058912626080133,0.015838040240745175,0.22249697359375292,0.8916159149202321
t2,2026-02-20 01:00:00,2026-02-19 19:00:00,2026-02-18,43.0,0.3793059447831005,0.013241860944099943,0.23897570153523812,0.8862116193831265
t2,2026-02-20 02:00:00,2026-02-19 20:00:00,2026-02-18,44.0,0.39041047462278344,0.01727196524055383,0.2746691380992045,0.8189534320054606
t2,2026-02-20 03:00:00,2026-02-19 21:00:00,2026-02-18,45.0,0.458187623009371,0.01911243096468022,0.3344378913596078,0.9095653005798995
t2,2026-02-20 04:00:00,2026-02-19 22:00:00,2026-02-18,46.0,0.529223805664885,0.023565003485265842,0.3844480750208192,0.9116296879904893
t2,2026-02-20 05:00:00,2026-02-19 23:00:00,2026-02-18,47.0,0.4827212863355298,0.022953677988579488,0.338698739346236,0.8698846574932994
t2,2026-02-20 06:00:00,2026-02-20 00:00:00,2026-02-19,24.0,0.5764073111507575,0.04242122881781103,0.5253950627949877,0.9681755716716078
t2,2026-02-20 07:00:00,2026-02-20 01:00:00,2026-02-19,25.0,0.6097016302021131,0.04302434940256736,0.5542694177109475,0.9938584032444326
t2,2026-02-20 08:00:00,2026-02-20 02:00:00,2026-02-19,26.0,0.5932846654314732,0.04872545590146508,0.5504569955256836,0.9725768288726757
t2,2026-02-20 09:00:00,2026-02-20 03:00:00,2026-02-19,27.0,0.5380559060334951,0.04010916006104539,0.5220641468559737,0.9463250287937759
t2,2026-02-20 10:00:00,2026-02-20 04:00:00,2026-02-19,28.0,0.4475716680118278,0.04375752820129928,0.41392769883263986,0.8865709772980094
t2,2026-02-20 11:00:00,2026-02-20 05:00:00,2026-02-19,29.0,0.3359081769726703,0.038838502659061136,0.2549786281012348,0.7374111685631626
t2,2026-02-20 12:00:00,2026-02-20 06:00:00,2026-02-19,30.0,0.274376794308305,0.025009292633639102,0.19027636137547205,0.7038263034748032
t2,2026-02-20 13:00:00,2026-02-20 07:00:00,2026-02-19,31.0,0.2126141199014612,0.012650172738680736,0.15529543248016456,0.6636584328364029
t2,2026-02-20 14:00:00,2026-02-20 08:00:00,2026-02-19,32.0,0.1750815515421853,0.010636260055416208,0.12398759402185539,0.5207612745464101
t2,2026-02-20 15:00:00,2026-02-20 09:00:00,2026-02-19,33.0,0.14153690291800047,0.008141651813686543,0.09871072720552285,0.40155473804562186
t2,2026-02-20 16:00:00,2026-02-20 10:00:00,2026-02-19,34.0,0.12445991710107017,0.008761621658660013,0.07211879857717336,0.36699976259104233
t2,2026-02-20 17:00:00,2026-02-20 11:00:00,2026-02-19,35.0,0.11493517766856463,0.008503433254987019,0.05600854729288613,0.32246820698630185
t2,2026-02-20 18:00:00,2026-02-20 12:00:00,2026-02-19,36.0,0.1669781876487291,0.00924579211074146,0.09122400502577208,0.38295548651002825
t2,2026-02-20 19:00:00,2026-02-20 13:00:00,2026-02-19,37.0,0.21428725222444522,0.011972017333209756,0.1323567991064523,0.48143142544911877
t2,2026-02-20 20:00:00,2026-02-20 14:00:00,2026-02-19,38.0,0.27739952281731584,0.00830157405706651,0.1801882102144283,0.64168865209125
t2,2026-02-20 21:00:00,2026-02-20 15:00:00,2026-02-19,39.0,0.3672564633845481,0.026100477306971518,0.28930322455851804,0.8830470234774831
t2,2026-02-20 22:00:00,2026-02-20 16:00:00,2026-02-19,40.0,0.5595650106794074,0.04903266015037798,0.4660373491198237,0.9609761069497282
t2,2026-02-20 23:00:00,2026-02-20 17:00:00,2026-02-19,41.0,0.6230454826312237,0.13272700037558305,0.5389753042492159,0.9766019254026067
t2,2026-02-21 00:00:00,2026-02-20 18:00:00,2026-02-19,42.0,0.6734857106100801,0.2487297782663306,0.6541773178644622,0.9590149215524163
t2,2026-02-21 01:00:00,2026-02-20 19:00:00,2026-02-19,43.0,0.67123179493793,0.2652231900834374,0.6739827407988618,0.9668466207011992
t2,2026-02-21 02:00:00,2026-02-20 20:00:00,2026-02-19,44.0,0.6711537715806636,0.27356053902527194,0.6577693337571769,0.9686809585867838
t2,2026-02-21 03:00:00,2026-02-20 21:00:00,2026-02-19,45.0,0.6684368790507806,0.2645199977452962,0.6356756287469391,0.9612681336045507
t2,2026-02-21 04:00:00,2026-02-20 22:00:00,2026-02-19,46.0,0.6358420485977994,0.2778770306912535,0.6168600928715148,0.953147649107269
t2,2026-02-21 05:00:00,2026-02-20 23:00:00,2026-02-19,47.0,0.6338618580331924,0.2929318832254689,0.5809499544456421,0.9632311852612276
t2,2026-02-21 06:00:00,2026-02-21 00:00:00,2026-02-20,24.0,0.6475690487908627,0.2896509225938344,0.6184109667055523,0.9703815311534506
t2,2026-02-21 07:00:00,2026-02-21 01:00:00,2026-02-20,25.0,0.5847291652589328,0.21206813021457763,0.5581174625415241,0.9641306005094432
t2,2026-02-21 08:00:00,2026-02-21 02:00:00,2026-02-20,26.0,0.5240474716533499,0.13313915616218686,0.49061580281805167,0.9402445669776861
t2,2026-02-21 09:00:00,2026-02-21 03:00:00,2026-02-20,27.0,0.5096726536142369,0.11584191491096132,0.47096933043728584,0.8820369888404211
t2,2026-02-21 10:00:00,2026-02-21 04:00:00,2026-02-20,28.0,0.3426435318705497,0.049275684431107594,0.25448044031245887,0.8564153673517033
t2,2026-02-21 11:00:00,2026-02-21 05:00:00,2026-02-20,29.0,0.49979892521047603,0.09656960577312976,0.4017748300838059,0.9198304008118018
t2,2026-02-21 12:00:00,2026-02-21 06:00:00,2026-02-20,30.0,0.7028996891257463,0.29720971684983355,0.7220515268447493,0.9835121528928217
t2,2026-02-21 13:00:00,2026-02-21 07:00:00,2026-02-20,31.0,0.8552713952324722,0.5115987467150893,0.9358806760192611,0.9725399653122715
t2,2026-02-21 14:00:00,2026-02-21 08:00:00,2026-02-20,32.0,0.8769717548754318,0.6806909860415011,0.9407312409947239,0.9731474871245519
t2,2026-02-21 15:00:00,2026-02-21 09:00:00,2026-02-20,33.0,0.8614906158483632,0.6009103286533752,0.9230458527516784,0.9712567155470347
t2,2026-02-21 16:00:00,2026-02-21 10:00:00,2026-02-20,34.0,0.808992259021426,0.4844410160995991,0.8644814570144207,0.9713768379582238
t2,2026-02-21 17:00:00,2026-02-21 11:00:00,2026-02-20,35.0,0.7120680668808596,0.3794044757051785,0.75537144087242,0.9713184184285041
t2,2026-02-21 18:00:00,2026-02-21 12:00:00,2026-02-20,36.0,0.5936627475843147,0.2186714149769578,0.5987303366436777,0.9240782707815445
t2,2026-02-21 19:00:00,2026-02-21 13:00:00,2026-02-20,37.0,0.4672190505972643,0.1171762397981879,0.4407348590935609,0.8772238529580122
t2,2026-02-21 20:00:00,2026-02-21 14:00:00,2026-02-20,38.0,0.3837415885197254,0.0319297383819868,0.34550385616988744,0.8306505068961779
t2,2026-02-21 21:00:00,2026-02-21 15:00:00,2026-02-20,39.0,0.3101580151941877,0.023331122782716984,0.2365943549395318,0.7824601269722767
t2,2026-02-21 22:00:00,2026-02-21 16:00:00,2026-02-20,40.0,0.22415817784673694,0.016259027477326646,0.1281561483333779,0.6473072054394792
t2,2026-02-21 23:00:00,2026-02-21 17:00:00,2026-02-20,41.0,0.17597374763997564,0.010130246792720217,0.09391636315982228,0.46514543138456904
t2,2026-02-22 00:00:00,2026-02-21 18:00:00,2026-02-20,42.0,0.14998924744838052,0.00935583764361702,0.08637983386089901,0.44945999021386784
t2,2026-02-22 01:00:00,2026-02-21 19:00:00,2026-02-20,43.0,0.12488907083685506,0.008797338047345052,0.06392494204023366,0.3430582364671254
t2,2026-02-22 02:00:00,2026-02-21 20:00:00,2026-02-20,44.0,0.08494526412521652,0.008302028310222594,0.034076380386832306,0.24427423154395897
t2,2026-02-22 03:00:00,2026-02-21 21:00:00,2026-02-20,45.0,0.0810971979900143,0.008152256472211817,0.022744552376140377,0.24381850286152934
t2,2026-02-22 04:00:00,2026-02-21 22:00:00,2026-02-20,46.0,0.0742428849779734,0.008285807093772529,0.021904256874573917,0.21225354063741422
t2,2026-02-22 05:00:00,2026-02-21 23:00:00,2026-02-20,47.0,0.07019394784300079,0.008282633447187613,0.02641980000061,0.21032645210294315
t2,2026-02-22 06:00:00,2026-02-22 00:00:00,2026-02-21,24.0,0.11157554557198454,0.0018019665684668271,0.05034245988818084,0.32509852326311267
t2,2026-02-22 07:00:00,2026-02-22 01:00:00,2026-02-21,25.0,0.19603732240476804,0.0023366933705353792,0.09692603157304991,0.4606498409191409
t2,2026-02-22 08:00:00,2026-02-22 02:00:00,2026-02-21,26.0,0.2861748541160398,0.022687440739107854,0.23552320308826885,0.7294081685755369
t2,2026-02-22 09:00:00,2026-02-22 03:00:00,2026-02-21,27.0,0.4700987860933612,0.05264008310868021,0.4249469445632011,0.9623832846344009
t2,2026-02-22 10:00:00,2026-02-22 04:00:00,2026-02-21,28.0,0.611616203358617,0.14954578271500413,0.5807315484344414,0.9743347875058599
t2,2026-02-22 11:00:00,2026-02-22 05:00:00,2026-02-21,29.0,0.7156140270378489,0.2208192018998808,0.7279637891964287,0.9778749954671937
t2,2026-02-22 12:00:00,2026-02-22 06:00:00,2026-02-21,30.0,0.8930780274649491,0.5462944327119118,0.9352899876896165,0.9744323798587876
t2,2026-02-22 13:00:00,2026-02-22 07:00:00,2026-02-21,31.0,0.9009248340542666,0.6442498286898563,0.9565655340887679,0.9724617873164668
t2,2026-02-22 14:00:00,2026-02-22 08:00:00,2026-02-21,32.0,0.8986617694227778,0.6668629712742704,0.9705712140542226,0.9750473219896103
t2,2026-02-22 15:00:00,2026-02-22 09:00:00,2026-02-21,33.0,0.8869925562269635,0.6895210971512685,0.9663438018465264,0.9758874966944218
t2,2026-02-22 16:00:00,2026-02-22 10:00:00,2026-02-21,34.0,0.8804843244808432,0.5820313872508132,0.9528279163622148,0.977845752062833
t2,2026-02-22 17:00:00,2026-02-22 11:00:00,2026-02-21,35.0,0.8077221997802149,0.43178019360781744,0.8489312904875201,0.9772368469278699
t2,2026-02-22 18:00:00,2026-02-22 12:00:00,2026-02-21,36.0,0.7103198983294746,0.2303842483730203,0.7273871987079988,0.9882838015330521
t2,2026-02-22 19:00:00,2026-02-22 13:00:00,2026-02-21,37.0,0.5578087727676687,0.10401919714240868,0.5242837979264556,0.9789336828110995
t2,2026-02-22 20:00:00,2026-02-22 14:00:00,2026-02-21,38.0,0.3647958069055864,0.03952484424433636,0.25832804023841544,0.8990005288658413
t2,2026-02-22 21:00:00,2026-02-22 15:00:00,2026-02-21,39.0,0.2573604338423774,0.022053097295406873,0.14898319696920395,0.761629713742224
t2,2026-02-22 22:00:00,2026-02-22 16:00:00,2026-02-21,40.0,0.21199995863576698,0.008360955640940092,0.09893231383416408,0.6825404497583681
t2,2026-02-22 23:00:00,2026-02-22 17:00:00,2026-02-21,41.0,0.20887212168824948,0.006948372520589116,0.08572038466090187,0.6250417418216697
t2,2026-02-23 00:00:00,2026-02-22 18:00:00,2026-02-21,42.0,0.158761500421553,0.008161671140851763,0.06990921059062774,0.45919985447964434
t2,2026-02-23 01:00:00,2026-02-22 19:00:00,2026-02-21,43.0,0.15823672919635043,0.008476888990236405,0.0643677834253047,0.42245192620147476
t2,2026-02-23 02:00:00,2026-02-22 20:00:00,2026-02-21,44.0,0.1326360190845132,0.008554355029304654,0.048004885435501375,0.36140272819939917
t2,2026-02-23 03:00:00,2026-02-22 21:00:00,2026-02-21,45.0,0.13386854490433495,0.008457217361781576,0.04465906188844663,0.36101852338083934
t2,2026-02-23 04:00:00,2026-02-22 22:00:00,2026-02-21,46.0,0.12232661909815043,0.008357791756545302,0.035887379024336516,0.3226119491059315
t2,2026-02-23 05:00:00,2026-02-22 23:00:00,2026-02-21,47.0,0.12218499173909535,0.008375554351738947,0.01897848213634332,0.35265052326739493
t2,2026-02-23 06:00:00,2026-02-23 00:00:00,2026-02-22,24.0,0.1094527547119073,0.00885128767761615,0.023715803999836478,0.28594821521400055
t2,2026-02-23 07:00:00,2026-02-23 01:00:00,2026-02-22,25.0,0.10967877267902194,0.008894199921304354,0.024947255971123745,0.300119079738141
t2,2026-02-23 08:00:00,2026-02-23 02:00:00,2026-02-22,26.0,0.11373693556333236,0.00852281135690663,0.02225420920318276,0.27966197130880655
t2,2026-02-23 09:00:00,2026-02-23 03:00:00,2026-02-22,27.0,0.10984598062677282,0.008538894394051196,0.02792174910777076,0.3156221715288244
t2,2026-02-23 10:00:00,2026-02-23 04:00:00,2026-02-22,28.0,0.13817929293338302,0.008611243251028076,0.057644257606603494,0.36578858254419755
t2,2026-02-23 11:00:00,2026-02-23 05:00:00,2026-02-22,29.0,0.1899819619960233,0.012167486523316843,0.09246739311854388,0.4904839267762412
t2,2026-02-23 12:00:00,2026-02-23 06:00:00,2026-02-22,30.0,0.2156040306725293,0.018225672888726875,0.14506637354646826,0.5654160501804374
t2,2026-02-23 13:00:00,2026-02-23 07:00:00,2026-02-22,31.0,0.3435270730661253,0.03391176959019808,0.2770038927506577,0.7268153169501689
t2,2026-02-23 14:00:00,2026-02-23 08:00:00,2026-02-22,32.0,0.4633232236399674,0.06287857872181546,0.3920685205665809,0.8831780571122646
t2,2026-02-23 15:00:00,2026-02-23 09:00:00,2026-02-22,33.0,0.5607424864607167,0.11666667452875219,0.44547051094806933,0.9322075126237642
t2,2026-02-23 16:00:00,2026-02-23 10:00:00,2026-02-22,34.0,0.5927004730078461,0.16093182564028033,0.5486052796756565,0.9558299758829142
t2,2026-02-23 17:00:00,2026-02-23 11:00:00,2026-02-22,35.0,0.6340170787413978,0.24553676073030015,0.6456236075677845,0.9648138738910177
t2,2026-02-23 18:00:00,2026-02-23 12:00:00,2026-02-22,36.0,0.7574622483862488,0.37827309683696486,0.777483620510106,0.9699500569814951
t2,2026-02-23 19:00:00,2026-02-23 13:00:00,2026-02-22,37.0,0.7757146574520175,0.4147701751494127,0.7939290024840275,0.9793006672224323
t2,2026-02-23 20:00:00,2026-02-23 14:00:00,2026-02-22,38.0,0.7776910549238949,0.4633461830996827,0.8153296760816521,0.9762588517743866
t2,2026-02-23 21:00:00,2026-02-23 15:00:00,2026-02-22,39.0,0.7645660429992722,0.5496669096216298,0.838031446266232,0.9693733469324437
t2,2026-02-23 22:00:00,2026-02-23 16:00:00,2026-02-22,40.0,0.8056596963142955,0.5303569471038645,0.864975229321548,0.9771289718268092
t2,2026-02-23 23:00:00,2026-02-23 17:00:00,2026-02-22,41.0,0.8714296831197913,0.7047098863608926,0.9306462432448721,0.9771726642287198
t2,2026-02-24 00:00:00,2026-02-23 18:00:00,2026-02-22,42.0,0.9028615933905181,0.7737514075326022,0.9362681537307582,0.9777306267464726
t2,2026-02-24 01:00:00,2026-02-23 19:00:00,2026-02-22,43.0,0.9034182013899753,0.7570416223703489,0.9330539510353365,0.9782253554978406
t2,2026-02-24 02:00:00,2026-02-23 20:00:00,2026-02-22,44.0,0.884769478538892,0.7208560911531063,0.938989557341211,0.9789899043005605
t2,2026-02-24 03:00:00,2026-02-23 21:00:00,2026-02-22,45.0,0.856938898176347,0.6559447922137701,0.9258579887211977,0.9788991812269433
t2,2026-02-24 04:00:00,2026-02-23 22:00:00,2026-02-22,46.0,0.833128484271366,0.600079986838255,0.9143718894046395,0.9780833067498181
t2,2026-02-24 05:00:00,2026-02-23 23:00:00,2026-02-22,47.0,0.8123240713906904,0.5557018139039295,0.8723149704168998,0.9773079317910853
t2,2026-02-24 06:00:00,2026-02-24 00:00:00,2026-02-23,24.0,0.7530459957048787,0.3600145763061944,0.8004059582770676,0.9754603960574659
t2,2026-02-24 07:00:00,2026-02-24 01:00:00,2026-02-23,25.0,0.7198075540448367,0.3349931334964127,0.7689442006166504,0.9731628125098407
t2,2026-02-24 08:00:00,2026-02-24 02:00:00,2026-02-23,26.0,0.6727934237210875,0.2524343295333226,0.6974063511383061,0.9677964361002444
t2,2026-02-24 09:00:00,2026-02-24 03:00:00,2026-02-23,27.0,0.6534052561614282,0.19309099354427936,0.6728964941247617,0.9653423517275155
t2,2026-02-24 10:00:00,2026-02-24 04:00:00,2026-02-23,28.0,0.5604396733840886,0.1963820416888065,0.5668349736516858,0.9378111405614717
t2,2026-02-24 11:00:00,2026-02-24 05:00:00,2026-02-23,29.0,0.5214192950947648,0.17050006380376345,0.5438064936753635,0.9053642515477747
t2,2026-02-24 12:00:00,2026-02-24 06:00:00,2026-02-23,30.0,0.4950406090636943,0.17679964446691843,0.4902082940777686,0.8875224888936419
t2,2026-02-24 13:00:00,2026-02-24 07:00:00,2026-02-23,31.0,0.49813794219968394,0.1682239433883814,0.4950826841971224,0.8639234766192486
t2,2026-02-24 14:00:00,2026-02-24 08:00:00,2026-02-23,32.0,0.5214732401258142,0.16637741920763122,0.507416179106541,0.8980081570088752
t2,2026-02-24 15:00:00,2026-02-24 09:00:00,2026-02-23,33.0,0.5163507291256401,0.14578238014190242,0.5014044965002947,0.8934930587320667
t2,2026-02-24 16:00:00,2026-02-24 10:00:00,2026-02-23,34.0,0.48961238444992305,0.14396473220625855,0.469903564747329,0.8715260512312875
t2,2026-02-24 17:00:00,2026-02-24 11:00:00,2026-02-23,35.0,0.39366369615135477,0.0665102803345413,0.37432534259885725,0.8236442235051844
t2,2026-02-24 18:00:00,2026-02-24 12:00:00,2026-02-23,36.0,0.34825283968615045,0.04061307496220944,0.32917055127273254,0.7838324076836787
t2,2026-02-24 19:00:00,2026-02-24 13:00:00,2026-02-23,37.0,0.29498990528082714,0.025237709856511005,0.23868760215865686,0.7775903333235061
t2,2026-02-24 20:00:00,2026-02-24 14:00:00,2026-02-23,38.0,0.2188177607432848,0.013195987680299844,0.14000112583717786,0.7065276661992761
t2,2026-02-24 21:00:00,2026-02-24 15:00:00,2026-02-23,39.0,0.18332764642155489,0.01031949020144363,0.12160195538962391,0.5187916475984247
t2,2026-02-24 22:00:00,2026-02-24 16:00:00,2026-02-23,40.0,0.1346366436827447,0.007330328779127936,0.0662359629062517,0.36054941476291763
t2,2026-02-24 23:00:00,2026-02-24 17:00:00,2026-02-23,41.0,0.09189445154154958,0.002540387328465195,0.02348271939494594,0.23903658294745728
t2,2026-02-25 00:00:00,2026-02-24 18:00:00,2026-02-23,42.0,0.06725594621330165,0.0023050524811559867,0.017731124012738728,0.1880941417318151
t2,2026-02-25 01:00:00,2026-02-24 19:00:00,2026-02-23,43.0,0.0629702377143727,0.008387232703855817,0.015364903750287597,0.18766574512131134
t2,2026-02-25 02:00:00,2026-02-24 20:00:00,2026-02-23,44.0,0.06347582608613125,0.008452045747607481,0.015922338685866635,0.188750829127352
t2,2026-02-25 03:00:00,2026-02-24 21:00:00,2026-02-23,45.0,0.07825217801216695,0.008848929182438525,0.022858068759622728,0.21306741733593082
t2,2026-02-25 04:00:00,2026-02-24 22:00:00,2026-02-23,46.0,0.11262319676967082,0.008566181874510815,0.04474327836661973,0.29795960422585704
t2,2026-02-25 05:00:00,2026-02-24 23:00:00,2026-02-23,47.0,0.16196181513294747,0.011051695851148288,0.08468484734692716,0.43737858054559997
t2,2026-02-25 06:00:00,2026-02-25 00:00:00,2026-02-24,24.0,0.1374888256394827,0.008976387283005477,0.07727593653737243,0.3882262227440964
t2,2026-02-25 07:00:00,2026-02-25 01:00:00,2026-02-24,25.0,0.17384136972390446,0.008784943782469433,0.09471658962637827,0.5122821046657374
t2,2026-02-25 08:00:00,2026-02-25 02:00:00,2026-02-24,26.0,0.19938682143554148,0.008938629644637836,0.12635303659000827,0.5399561665081533
t2,2026-02-25 09:00:00,2026-02-25 03:00:00,2026-02-24,27.0,0.17794859981840067,0.00886451189932913,0.1352886883264545,0.5119811347996804
t2,2026-02-25 10:00:00,2026-02-25 04:00:00,2026-02-24,28.0,0.1518595747681738,0.008239545203855596,0.09939211425885817,0.4369634695429311
t2,2026-02-25 11:00:00,2026-02-25 05:00:00,2026-02-24,29.0,0.08847767187649769,0.008304587622327544,0.030216606249339355,0.28734835358189204
t2,2026-02-25 12:00:00,2026-02-25 06:00:00,2026-02-24,30.0,0.07691033594155491,0.009004297144555248,0.033790413709007615,0.2669961470144678
t2,2026-02-25 13:00:00,2026-02-25 07:00:00,2026-02-24,31.0,0.07979367746814217,0.009550161945652166,0.031458365806694706,0.2492540967653003
t2,2026-02-25 14:00:00,2026-02-25 08:00:00,2026-02-24,32.0,0.07637390539746142,0.008958671899525423,0.014202169540179685,0.22850202665277472
t2,2026-02-25 15:00:00,2026-02-25 09:00:00,2026-02-24,33.0,0.06623817066521107,0.008662502998253524,0.014009070359150652,0.24861916039230308
t2,2026-02-25 16:00:00,2026-02-25 10:00:00,2026-02-24,34.0,0.07270450968666439,0.008470241500874606,0.021151169541259392,0.2515966987897371
t2,2026-02-25 17:00:00,2026-02-25 11:00:00,2026-02-24,35.0,0.08934599379483027,0.008099577803795747,0.022061171412835565,0.27052416269358803
t2,2026-02-25 18:00:00,2026-02-25 12:00:00,2026-02-24,36.0,0.12334272934729304,0.00900281588037281,0.05706688525235966,0.35985117637684333
t2,2026-02-25 19:00:00,2026-02-25 13:00:00,2026-02-24,37.0,0.14712466268026786,0.008087958041975764,0.09321698217121752,0.40019334575909016
t2,2026-02-25 20:00:00,2026-02-25 14:00:00,2026-02-24,38.0,0.22384310083723477,0.007773174706440633,0.12688102613810479,0.5400426384615541
t2,2026-02-25 21:00:00,2026-02-25 15:00:00,2026-02-24,39.0,0.2871714172518549,0.02134489375862005,0.21563905983214277,0.6751096065491848
t2,2026-02-25 22:00:00,2026-02-25 16:00:00,2026-02-24,40.0,0.362820737235791,0.034255875234678934,0.32533325371302063,0.8533050619782687
t2,2026-02-25 23:00:00,2026-02-25 17:00:00,2026-02-24,41.0,0.5587151417579475,0.06698819904510062,0.4818915445551517,0.9831995559770186
t2,2026-02-26 00:00:00,2026-02-25 18:00:00,2026-02-24,42.0,0.6922369691773363,0.18249748745068636,0.6461123074332018,0.9899726499224719
t2,2026-02-26 01:00:00,2026-02-25 19:00:00,2026-02-24,43.0,0.749620299522472,0.2902264624714401,0.7496218828344721,0.9782133005323954
t2,2026-02-26 02:00:00,2026-02-25 20:00:00,2026-02-24,44.0,0.7691725630373718,0.3735486492598904,0.8199454254364492,0.9796850244615954
t2,2026-02-26 03:00:00,2026-02-25 21:00:00,2026-02-24,45.0,0.7585467656018836,0.3719104552247186,0.8093507229663729,0.9784726880052883
t2,2026-02-26 04:00:00,2026-02-25 22:00:00,2026-02-24,46.0,0.8139671535217196,0.5473627735440937,0.8952805564915131,0.973820743586777
t2,2026-02-26 05:00:00,2026-02-25 23:00:00,2026-02-24,47.0,0.8050379333326433,0.49949815827464666,0.877086024372428,0.9757584391579717
t2,2026-02-26 06:00:00,2026-02-26 00:00:00,2026-02-25,24.0,0.7457845997454815,0.39951129798569635,0.7736451990122649,0.9686345989723539
t2,2026-02-26 07:00:00,2026-02-26 01:00:00,2026-02-25,25.0,0.6343241166327426,0.2608692675770591,0.7037653097551656,0.9922666915652707
t2,2026-02-26 08:00:00,2026-02-26 02:00:00,2026-02-25,26.0,0.5717765390887021,0.1583645481979419,0.640069485950214,0.9346194476878332
t2,2026-02-26 09:00:00,2026-02-26 03:00:00,2026-02-25,27.0,0.387502493017971,0.03248992540567385,0.3381998334218063,0.8375740261082141
t2,2026-02-26 10:00:00,2026-02-26 04:00:00,2026-02-25,28.0,0.3118052381610744,0.015418889679826213,0.18870047404486934,0.7535788295701595
t2,2026-02-26 11:00:00,2026-02-26 05:00:00,2026-02-25,29.0,0.35850734166541315,0.01953088809660328,0.26250176827969357,0.9086330612065193
t2,2026-02-26 12:00:00,2026-02-26 06:00:00,2026-02-25,30.0,0.4082078179295563,0.03986727085194713,0.40323725583082887,0.8770875331521659
t2,2026-02-26 13:00:00,2026-02-26 07:00:00,2026-02-25,31.0,0.4943678951412085,0.050415392014757886,0.5100957440461095,0.8529920570395705
t2,2026-02-26 14:00:00,2026-02-26 08:00:00,2026-02-25,32.0,0.377078565353776,0.04657273071447,0.36222304014137324,0.8110983292132136
t2,2026-02-26 15:00:00,2026-02-26 09:00:00,2026-02-25,33.0,0.41865231984246737,0.04550176433811347,0.408743353932791,0.9241255257093707
t2,2026-02-26 16:00:00,2026-02-26 10:00:00,2026-02-25,34.0,0.4584156587063767,0.10607010187169713,0.4695179126360344,0.9290852605423568
t2,2026-02-26 17:00:00,2026-02-26 11:00:00,2026-02-25,35.0,0.5878579924808015,0.2394359564372744,0.6180481154250247,0.952089570474016
t2,2026-02-26 18:00:00,2026-02-26 12:00:00,2026-02-25,36.0,0.720708441081619,0.3300392258445019,0.80667717152989,0.9679959350910095
t2,2026-02-26 19:00:00,2026-02-26 13:00:00,2026-02-25,37.0,0.7553661657355645,0.4661954308094918,0.8471897885014174,0.9681808813962766
t2,2026-02-26 20:00:00,2026-02-26 14:00:00,2026-02-25,38.0,0.7765926751619373,0.49464025883073187,0.8453124439805558,0.9664431207681052
t2,2026-02-26 21:00:00,2026-02-26 15:00:00,2026-02-25,39.0,0.8022059357465522,0.5779976320981802,0.8617467744035127,0.9670255957806912
t2,2026-02-26 22:00:00,2026-02-26 16:00:00,2026-02-25,40.0,0.7954404912957768,0.5808254046925726,0.8663672958146106,0.9723155517160157
t2,2026-02-26 23:00:00,2026-02-26 17:00:00,2026-02-25,41.0,0.7777622392002645,0.5585862666351451,0.8508242997274452,0.9694589293717495
t2,2026-02-27 00:00:00,2026-02-26 18:00:00,2026-02-25,42.0,0.7488656658643918,0.522988392840681,0.8047656201608396,0.9603033668223645
t2,2026-02-27 01:00:00,2026-02-26 19:00:00,2026-02-25,43.0,0.709505724836879,0.4496383212076184,0.7600958774582437,0.9287461289564776
t2,2026-02-27 02:00:00,2026-02-26 20:00:00,2026-02-25,44.0,0.6470775489439797,0.3936372353900314,0.6409161878599829,0.8996146930835645
t2,2026-02-27 03:00:00,2026-02-26 21:00:00,2026-02-25,45.0,0.5959910251768613,0.301090979711566,0.5632061430534686,0.8752107170626181
t2,2026-02-27 04:00:00,2026-02-26 22:00:00,2026-02-25,46.0,0.5591225759542696,0.25519133063923444,0.5436268827465706,0.9111571945715159
t2,2026-02-27 05:00:00,2026-02-26 23:00:00,2026-02-25,47.0,0.5197881579407441,0.16799945305253164,0.5162786783713434,0.8940872145731974
t2,2026-02-27 06:00:00,2026-02-27 00:00:00,2026-02-26,24.0,0.3612710648080949,0.022338551861443134,0.31276076870227076,0.8309382937685615
t2,2026-02-27 07:00:00,2026-02-27 01:00:00,2026-02-26,25.0,0.3489100717521089,0.023779752663823032,0.27014953738672326,0.7843299408671837
t2,2026-02-27 08:00:00,2026-02-27 02:00:00,2026-02-26,26.0,0.36042531291334223,0.0220261062418061,0.2550034447580905,0.79069779357061
t2,2026-02-27 09:00:00,2026-02-27 03:00:00,2026-02-26,27.0,0.31262571594811406,0.020202119493027,0.22205171496139395,0.7575043549133076
t2,2026-02-27 10:00:00,2026-02-27 04:00:00,2026-02-26,28.0,0.25277831300131626,0.011198972289055243,0.16623277979087925,0.710170576812358
t2,2026-02-27 11:00:00,2026-02-27 05:00:00,2026-02-26,29.0,0.2417589247279352,0.01307080879568133,0.18473211740775608,0.7156631937308733
t2,2026-02-27 12:00:00,2026-02-27 06:00:00,2026-02-26,30.0,0.26947356491631197,0.016078460109762497,0.234520938164064,0.7167170101373298
t2,2026-02-27 13:00:00,2026-02-27 07:00:00,2026-02-26,31.0,0.3494030591988734,0.026005848868988938,0.30165536115691444,0.7932714776201345
t2,2026-02-27 14:00:00,2026-02-27 08:00:00,2026-02-26,32.0,0.45059012631816164,0.062131569572735815,0.41849303292115314,0.9073914901464182
t2,2026-02-27 15:00:00,2026-02-27 09:00:00,2026-02-26,33.0,0.5127977847851991,0.1380389275790973,0.531095343154197,0.9456012641418626
t2,2026-02-27 16:00:00,2026-02-27 10:00:00,2026-02-26,34.0,0.621303899439136,0.2416317729865574,0.6686491745478843,0.9543038188635106
t2,2026-02-27 17:00:00,2026-02-27 11:00:00,2026-02-26,35.0,0.7511897045476132,0.4024593824461734,0.8440200566933399,0.9742278926353705
t2,2026-02-27 18:00:00,2026-02-27 12:00:00,2026-02-26,36.0,0.7520653069297206,0.437581221426305,0.8367122106010781,0.9748102065058073
t2,2026-02-27 19:00:00,2026-02-27 13:00:00,2026-02-26,37.0,0.7728238344459886,0.4434949973864663,0.852039448282042,0.9767529103177574
t2,2026-02-27 20:00:00,2026-02-27 14:00:00,2026-02-26,38.0,0.7723287928076442,0.519345660495891,0.8518291889191065,0.976261075869648
t2,2026-02-27 21:00:00,2026-02-27 15:00:00,2026-02-26,39.0,0.7682057709921759,0.5114359169243304,0.8108100405144094,0.974782196628991
t2,2026-02-27 22:00:00,2026-02-27 16:00:00,2026-02-26,40.0,0.7344560293201585,0.5067280398027705,0.7636998220393582,0.9678934884357786
t2,2026-02-27 23:00:00,2026-02-27 17:00:00,2026-02-26,41.0,0.6985877686718057,0.48110559497554506,0.6967310038140714,0.9673903230089815
t2,2026-02-28 00:00:00,2026-02-27 18:00:00,2026-02-26,42.0,0.615253483284356,0.3653982453131347,0.5734500350173714,0.954749866485517
t2,2026-02-28 01:00:00,2026-02-27 19:00:00,2026-02-26,43.0,0.6226861525125265,0.3522986851652708,0.5959377676203105,0.9550987787263081
t2,2026-02-28 02:00:00,2026-02-27 20:00:00,2026-02-26,44.0,0.6922584008869082,0.42612021124113575,0.6731392375745017,0.9625633362396252
t2,2026-02-28 03:00:00,2026-02-27 21:00:00,2026-02-26,45.0,0.7547177043561051,0.4890533394825385,0.7736395908847739,0.9748891461104227
t2,2026-02-28 04:00:00,2026-02-27 22:00:00,2026-02-26,46.0,0.7920028093567099,0.5699847983756231,0.8083145894755944,0.9761731633515305
t2,2026-02-28 05:00:00,2026-02-27 23:00:00,2026-02-26,47.0,0.7835398323952638,0.5774557651171143,0.8261977121733936,0.9761437712650405
t2,2026-02-28 06:00:00,2026-02-28 00:00:00,2026-02-27,24.0,0.8553086886129176,0.6317169384604492,0.9077203839076303,0.9792442176728752
t2,2026-02-28 07:00:00,2026-02-28 01:00:00,2026-02-27,25.0,0.8518446995865577,0.6457597716313385,0.9125524108361637,0.9792775194992998
t2,2026-02-28 08:00:00,2026-02-28 02:00:00,2026-02-27,26.0,0.8426103069928259,0.6341558315832344,0.915739165376191,0.9787543311188859
t2,2026-02-28 09:00:00,2026-02-28 03:00:00,2026-02-27,27.0,0.8523888268209086,0.6216357008095379,0.920607192500954,0.9797324822957062
t2,2026-02-28 10:00:00,2026-02-28 04:00:00,2026-02-27,28.0,0.8544151046822046,0.6316985958950769,0.9164890556032235,0.9798484782326227
t2,2026-02-28 11:00:00,2026-02-28 05:00:00,2026-02-27,29.0,0.8595570351425599,0.6768395254127312,0.9177937760038235,0.9796312065033745
t2,2026-02-28 12:00:00,2026-02-28 06:00:00,2026-02-27,30.0,0.8609693281263197,0.681377945950149,0.9154051379540518,0.979635338755208
t2,2026-02-28 13:00:00,2026-02-28 07:00:00,2026-02-27,31.0,0.8570001144030887,0.6644959876693287,0.9014187438983852,0.9792585389846555
t2,2026-02-28 14:00:00,2026-02-28 08:00:00,2026-02-27,32.0,0.8338979021634866,0.5896905249132565,0.8889877193495092,0.9789075664377491
t2,2026-02-28 15:00:00,2026-02-28 09:00:00,2026-02-27,33.0,0.7991653013514648,0.540523388671616,0.8794950674118466,0.9784193399456488
t2,2026-02-28 16:00:00,2026-02-28 10:00:00,2026-02-27,34.0,0.7520340757825975,0.49654001563467415,0.8227386599789525,0.9753519888831724
t2,2026-02-28 17:00:00,2026-02-28 11:00:00,2026-02-27,35.0,0.7299386322426864,0.4634171993688294,0.8015841731038288,0.9714529699704259
t2,2026-02-28 18:00:00,2026-02-28 12:00:00,2026-02-27,36.0,0.7296570146262228,0.412289957088957,0.7701297102277204,0.9659476927133201
t2,2026-02-28 19:00:00,2026-02-28 13:00:00,2026-02-27,37.0,0.6786066141604179,0.2587379542752052,0.6552444865897722,0.9511281698507116
t2,2026-02-28 20:00:00,2026-02-28 14:00:00,2026-02-27,38.0,0.5990279589923739,0.1867646212807685,0.5699058531570241,0.9267945342799453
t2,2026-02-28 21:00:00,2026-02-28 15:00:00,2026-02-27,39.0,0.46602104815234957,0.07468601237409168,0.40900336769780576,0.900525411843713
t2,2026-02-28 22:00:00,2026-02-28 16:00:00,2026-02-27,40.0,0.34256506137732845,0.04402765049563383,0.32918302069584315,0.8015999419549542
t2,2026-02-28 23:00:00,2026-02-28 17:00:00,2026-02-27,41.0,0.3256256007026212,0.032584029599709644,0.30633249071061214,0.7399881558748187
