turbine,time_local,time_utc,policy,issue_date,issue_time_local,lead_hours,nwp_lead_hours,forecast,p10,p50,p90
t1,2026-02-01 00:00:00,2026-01-31 18:00:00,rolling,2026-01-31,2026-02-01 00:00:00,0.0,24.0,0.06709900594863272,0.0,0.0,0.21793403941587888
t1,2026-02-01 01:00:00,2026-01-31 19:00:00,rolling,2026-01-31,2026-02-01 00:00:00,1.0,24.0,0.028978374247822423,0.0,0.0,0.15981526760459563
t1,2026-02-01 02:00:00,2026-01-31 20:00:00,rolling,2026-01-31,2026-02-01 00:00:00,2.0,24.0,0.035841254834397145,0.0,0.0,0.15027390613999952
t1,2026-02-01 03:00:00,2026-01-31 21:00:00,rolling,2026-01-31,2026-02-01 00:00:00,3.0,24.0,0.03950945326759247,0.0,0.0,0.16671828784465678
t1,2026-02-01 04:00:00,2026-01-31 22:00:00,rolling,2026-01-31,2026-02-01 00:00:00,4.0,24.0,0.05059116446076945,0.0,0.0,0.20881117053596585
t1,2026-02-01 05:00:00,2026-01-31 23:00:00,rolling,2026-01-31,2026-02-01 00:00:00,5.0,24.0,0.07681108912855106,0.0,0.0019488332006115175,0.31525275758599686
t1,2026-02-01 06:00:00,2026-02-01 00:00:00,rolling,2026-01-31,2026-02-01 00:00:00,6.0,24.0,0.1062451843493476,0.0,0.04170099264074193,0.42867896843775144
t1,2026-02-01 07:00:00,2026-02-01 01:00:00,rolling,2026-01-31,2026-02-01 00:00:00,7.0,24.0,0.15348161361289356,0.0,0.059193647868753994,0.6300517977409937
t1,2026-02-01 08:00:00,2026-02-01 02:00:00,rolling,2026-01-31,2026-02-01 00:00:00,8.0,24.0,0.1382822550397981,0.0,0.0761522325969394,0.6205804615053736
t1,2026-02-01 09:00:00,2026-02-01 03:00:00,rolling,2026-01-31,2026-02-01 00:00:00,9.0,24.0,0.26182457761888905,0.0,0.1758538761418933,0.7119115142472736
t1,2026-02-01 10:00:00,2026-02-01 04:00:00,rolling,2026-01-31,2026-02-01 00:00:00,10.0,24.0,0.4141886438348397,0.006116110742985126,0.37350715636107074,0.8731804049348308
t1,2026-02-01 11:00:00,2026-02-01 05:00:00,rolling,2026-01-31,2026-02-01 00:00:00,11.0,24.0,0.4102078912483761,0.0,0.4175922156256338,0.8509505530647523
t1,2026-02-01 12:00:00,2026-02-01 06:00:00,rolling,2026-01-31,2026-02-01 00:00:00,12.0,24.0,0.2686321628770415,0.0,0.25793161691830774,0.7153171007302939
t1,2026-02-01 13:00:00,2026-02-01 07:00:00,rolling,2026-01-31,2026-02-01 00:00:00,13.0,24.0,0.2163536886542171,0.0,0.22221382578038087,0.6770778766641853
t1,2026-02-01 14:00:00,2026-02-01 08:00:00,rolling,2026-01-31,2026-02-01 00:00:00,14.0,24.0,0.2425367491094694,0.0,0.23442015427820753,0.675746205795831
t1,2026-02-01 15:00:00,2026-02-01 09:00:00,rolling,2026-01-31,2026-02-01 00:00:00,15.0,24.0,0.2318109620110921,0.0,0.1840550468360834,0.6930456858561201
t1,2026-02-01 16:00:00,2026-02-01 10:00:00,rolling,2026-01-31,2026-02-01 00:00:00,16.0,24.0,0.24493315042177763,0.0,0.17942978375934363,0.6443791303005428
t1,2026-02-01 17:00:00,2026-02-01 11:00:00,rolling,2026-01-31,2026-02-01 00:00:00,17.0,24.0,0.21315464422109318,0.0,0.16177549537936056,0.6076133205778437
t1,2026-02-01 18:00:00,2026-02-01 12:00:00,rolling,2026-01-31,2026-02-01 00:00:00,18.0,24.0,0.21481428213721382,0.0,0.13031684875657865,0.6417587609880532
t1,2026-02-01 19:00:00,2026-02-01 13:00:00,rolling,2026-01-31,2026-02-01 00:00:00,19.0,24.0,0.20916202934120878,0.0,0.11460641236594488,0.6476639306397736
t1,2026-02-01 20:00:00,2026-02-01 14:00:00,rolling,2026-01-31,2026-02-01 00:00:00,20.0,24.0,0.23175424492024618,0.0,0.16577875588175317,0.6475115677942478
t1,2026-02-01 21:00:00,2026-02-01 15:00:00,rolling,2026-01-31,2026-02-01 00:00:00,21.0,24.0,0.24835873471130546,0.0023953905933127018,0.18416290250170747,0.6424879199562107
t1,2026-02-01 22:00:00,2026-02-01 16:00:00,rolling,2026-01-31,2026-02-01 00:00:00,22.0,24.0,0.25349519082366373,0.033445272538353665,0.21358603916609437,0.6537739430521239
t1,2026-02-01 23:00:00,2026-02-01 17:00:00,rolling,2026-01-31,2026-02-01 00:00:00,23.0,24.0,0.23718817778302473,0.021889082083880823,0.18285785963468285,0.6592695295171079
t1,2026-02-02 00:00:00,2026-02-01 18:00:00,rolling,2026-02-01,2026-02-02 00:00:00,0.0,24.0,0.24140440758149312,0.0,0.22135096463248222,0.6632283101241037
t1,2026-02-02 01:00:00,2026-02-01 19:00:00,rolling,2026-02-01,2026-02-02 00:00:00,1.0,24.0,0.35428525140572276,0.03156796855203847,0.3048873806908501,0.7215154383521623
t1,2026-02-02 02:00:00,2026-02-01 20:00:00,rolling,2026-02-01,2026-02-02 00:00:00,2.0,24.0,0.4379200494880954,0.06924091114915754,0.4253575610415016,0.8573910892228294
t1,2026-02-02 03:00:00,2026-02-01 21:00:00,rolling,2026-02-01,2026-02-02 00:00:00,3.0,24.0,0.4738018158641475,0.1765546661270611,0.45960514727395807,0.9383284666473478
t1,2026-02-02 04:00:00,2026-02-01 22:00:00,rolling,2026-02-01,2026-02-02 00:00:00,4.0,24.0,0.6218376722306174,0.27414521190743607,0.5693391050841886,0.9579239051471324
t1,2026-02-02 05:00:00,2026-02-01 23:00:00,rolling,2026-02-01,2026-02-02 00:00:00,5.0,24.0,0.7186868849317624,0.3750821397119574,0.7105432008897328,0.9625420244147869
t1,2026-02-02 06:00:00,2026-02-02 00:00:00,rolling,2026-02-01,2026-02-02 00:00:00,6.0,24.0,0.6782858258904182,0.36096148270694944,0.7340506335061355,0.9696522936702059
t1,2026-02-02 07:00:00,2026-02-02 01:00:00,rolling,2026-02-01,2026-02-02 00:00:00,7.0,24.0,0.691295568771001,0.36484753729028063,0.7491356082395468,0.9691009496311431
t1,2026-02-02 08:00:00,2026-02-02 02:00:00,rolling,2026-02-01,2026-02-02 00:00:00,8.0,24.0,0.7368342424063318,0.39580971072595805,0.7723029009141417,0.9723907905423966
t1,2026-02-02 09:00:00,2026-02-02 03:00:00,rolling,2026-02-01,2026-02-02 00:00:00,9.0,24.0,0.7421760269341984,0.4326169687141229,0.7807936324012208,0.9721761041915932
t1,2026-02-02 10:00:00,2026-02-02 04:00:00,rolling,2026-02-01,2026-02-02 00:00:00,10.0,24.0,0.8216155088765755,0.5903464074579641,0.8548944913059199,0.9660320226264856
t1,2026-02-02 11:00:00,2026-02-02 05:00:00,rolling,2026-02-01,2026-02-02 00:00:00,11.0,24.0,0.8564420390447118,0.6146870891035003,0.8732640623132142,0.9644594646422588
t1,2026-02-02 12:00:00,2026-02-02 06:00:00,rolling,2026-02-01,2026-02-02 00:00:00,12.0,24.0,0.8856438931090138,0.6278559815163527,0.9196648899087912,0.9597874972229626
t1,2026-02-02 13:00:00,2026-02-02 07:00:00,rolling,2026-02-01,2026-02-02 00:00:00,13.0,24.0,0.8874859531200479,0.6538628298166802,0.9210463421956201,0.9596458363327935
t1,2026-02-02 14:00:00,2026-02-02 08:00:00,rolling,2026-02-01,2026-02-02 00:00:00,14.0,24.0,0.8901698294148207,0.6600725317922895,0.9197599141147653,0.9577988410948698
t1,2026-02-02 15:00:00,2026-02-02 09:00:00,rolling,2026-02-01,2026-02-02 00:00:00,15.0,24.0,0.8721107701698455,0.6322123295397486,0.9117478499383395,0.9590293973082888
t1,2026-02-02 16:00:00,2026-02-02 10:00:00,rolling,2026-02-01,2026-02-02 00:00:00,16.0,24.0,0.8109233341568175,0.4180037079006848,0.8955835361343194,0.9522169616995072
t1,2026-02-02 17:00:00,2026-02-02 11:00:00,rolling,2026-02-01,2026-02-02 00:00:00,17.0,24.0,0.6724127008201523,0.21793775995224496,0.7523908339606276,0.9526678306678513
t1,2026-02-02 18:00:00,2026-02-02 12:00:00,rolling,2026-02-01,2026-02-02 00:00:00,18.0,24.0,0.33014490750039693,0.02575113400329959,0.3164303236782478,0.8272776524746763
t1,2026-02-02 19:00:00,2026-02-02 13:00:00,rolling,2026-02-01,2026-02-02 00:00:00,19.0,24.0,0.21176384222432743,0.0,0.16073670512013705,0.653460112221022
t1,2026-02-02 20:00:00,2026-02-02 14:00:00,rolling,2026-02-01,2026-02-02 00:00:00,20.0,24.0,0.16456854694210737,0.0,0.07929695562009292,0.5734107376122257
t1,2026-02-02 21:00:00,2026-02-02 15:00:00,rolling,2026-02-01,2026-02-02 00:00:00,21.0,24.0,0.14045662869816306,0.0,0.06830156093845623,0.5734930359156651
t1,2026-02-02 22:00:00,2026-02-02 16:00:00,rolling,2026-02-01,2026-02-02 00:00:00,22.0,24.0,0.13714844396106043,0.0,0.07517661117056282,0.5292989374444796
t1,2026-02-02 23:00:00,2026-02-02 17:00:00,rolling,2026-02-01,2026-02-02 00:00:00,23.0,24.0,0.15627982148608122,0.0,0.10292983826642499,0.5590250566486623
t1,2026-02-03 00:00:00,2026-02-02 18:00:00,rolling,2026-02-02,2026-02-03 00:00:00,0.0,24.0,0.2033516466356769,0.007617873616452969,0.1555277787402649,0.6307493121794228
t1,2026-02-03 01:00:00,2026-02-02 19:00:00,rolling,2026-02-02,2026-02-03 00:00:00,1.0,24.0,0.2503894849870069,0.02628409670931353,0.2877039580892606,0.6748761725324437
t1,2026-02-03 02:00:00,2026-02-02 20:00:00,rolling,2026-02-02,2026-02-03 00:00:00,2.0,24.0,0.4412305757319037,0.07525930042524392,0.46288186030196277,0.8407921177554734
t1,2026-02-03 03:00:00,2026-02-02 21:00:00,rolling,2026-02-02,2026-02-03 00:00:00,3.0,24.0,0.49205845185812463,0.1328557244951124,0.46502386444614874,0.9191836677097496
t1,2026-02-03 04:00:00,2026-02-02 22:00:00,rolling,2026-02-02,2026-02-03 00:00:00,4.0,24.0,0.4902273079673842,0.2072028377709189,0.46887390750846775,0.94881408085844
t1,2026-02-03 05:00:00,2026-02-02 23:00:00,rolling,2026-02-02,2026-02-03 00:00:00,5.0,24.0,0.4944161346797797,0.18518531156186901,0.4654209549932583,0.9293147095531835
t1,2026-02-03 06:00:00,2026-02-03 00:00:00,rolling,2026-02-02,2026-02-03 00:00:00,6.0,24.0,0.41116508348534087,0.14541858993101098,0.4080517252755732,0.9038139005679173
t1,2026-02-03 07:00:00,2026-02-03 01:00:00,rolling,2026-02-02,2026-02-03 00:00:00,7.0,24.0,0.338297775330275,0.10776759376785855,0.3166048528241358,0.8177695467457915
t1,2026-02-03 08:00:00,2026-02-03 02:00:00,rolling,2026-02-02,2026-02-03 00:00:00,8.0,24.0,0.2749944626228818,0.029773064309043112,0.21325240313667726,0.7333747887005471
t1,2026-02-03 09:00:00,2026-02-03 03:00:00,rolling,2026-02-02,2026-02-03 00:00:00,9.0,24.0,0.16451274877460664,0.0,0.0863123426128607,0.4798107225777805
t1,2026-02-03 10:00:00,2026-02-03 04:00:00,rolling,2026-02-02,2026-02-03 00:00:00,10.0,24.0,0.06921133559308101,0.0,0.031186113344224803,0.3046689619798837
t1,2026-02-03 11:00:00,2026-02-03 05:00:00,rolling,2026-02-02,2026-02-03 00:00:00,11.0,24.0,0.059683620899140005,0.0,0.04048625664931992,0.28497551742146304
t1,2026-02-03 12:00:00,2026-02-03 06:00:00,rolling,2026-02-02,2026-02-03 00:00:00,12.0,24.0,0.041840683521279565,0.0,0.01196125983128674,0.22612687926038183
t1,2026-02-03 13:00:00,2026-02-03 07:00:00,rolling,2026-02-02,2026-02-03 00:00:00,13.0,24.0,0.04299093901686031,0.0,0.0008828790733373393,0.213134738351893
t1,2026-02-03 14:00:00,2026-02-03 08:00:00,rolling,2026-02-02,2026-02-03 00:00:00,14.0,24.0,0.042356882721397135,0.0,0.00031179867305923537,0.20495226353823465
t1,2026-02-03 15:00:00,2026-02-03 09:00:00,rolling,2026-02-02,2026-02-03 00:00:00,15.0,24.0,0.04208854398497003,0.0,0.0049986225287867,0.19035654796902363
t1,2026-02-03 16:00:00,2026-02-03 10:00:00,rolling,2026-02-02,2026-02-03 00:00:00,16.0,24.0,0.0677773854338937,0.0,0.014904446269864195,0.23429785762792318
t1,2026-02-03 17:00:00,2026-02-03 11:00:00,rolling,2026-02-02,2026-02-03 00:00:00,17.0,24.0,0.17999962619493554,0.0,0.10599562614003614,0.47069136103298004
t1,2026-02-03 18:00:00,2026-02-03 12:00:00,rolling,2026-02-02,2026-02-03 00:00:00,18.0,24.0,0.3137508304870491,0.0,0.2667738928541636,0.7076754473220705
t1,2026-02-03 19:00:00,2026-02-03 13:00:00,rolling,2026-02-02,2026-02-03 00:00:00,19.0,24.0,0.38961519784767645,0.0,0.3443195562883713,0.823260468663435
t1,2026-02-03 20:00:00,2026-02-03 14:00:00,rolling,2026-02-02,2026-02-03 00:00:00,20.0,24.0,0.4313634144882724,0.00068104481571718,0.4765796909615427,0.8952616730153005
t1,2026-02-03 21:00:00,2026-02-03 15:00:00,rolling,2026-02-02,2026-02-03 00:00:00,21.0,24.0,0.4446243426278202,0.0,0.47761915164926416,0.8991198201992261
t1,2026-02-03 22:00:00,2026-02-03 16:00:00,rolling,2026-02-02,2026-02-03 00:00:00,22.0,24.0,0.4745684007439023,0.032003008861520243,0.47461761990409346,0.9205594670552355
t1,2026-02-03 23:00:00,2026-02-03 17:00:00,rolling,2026-02-02,2026-02-03 00:00:00,23.0,24.0,0.4142711410289812,0.03434903653765409,0.4073981205226106,0.8376659176416322
t1,2026-02-04 00:00:00,2026-02-03 18:00:00,rolling,2026-02-03,2026-02-04 00:00:00,0.0,24.0,0.5488993608326785,0.058876426897826906,0.5643500918421115,0.8960351423150268
t1,2026-02-04 01:00:00,2026-02-03 19:00:00,rolling,2026-02-03,2026-02-04 00:00:00,1.0,24.0,0.5549312882499196,0.035037510396216054,0.5455434059070023,0.9068451370539451
t1,2026-02-04 02:00:00,2026-02-03 20:00:00,rolling,2026-02-03,2026-02-04 00:00:00,2.0,24.0,0.48945459383821943,0.03379639174197113,0.44283733967872774,0.918741812326437
t1,2026-02-04 03:00:00,2026-02-03 21:00:00,rolling,2026-02-03,2026-02-04 00:00:00,3.0,24.0,0.5198740489009749,0.03588479939330186,0.47587231402596814,0.9016230739303537
t1,2026-02-04 04:00:00,2026-02-03 22:00:00,rolling,2026-02-03,2026-02-04 00:00:00,4.0,24.0,0.5579166004512212,0.05845701899846423,0.5050541357409634,0.9277316116418441
t1,2026-02-04 05:00:00,2026-02-03 23:00:00,rolling,2026-02-03,2026-02-04 00:00:00,5.0,24.0,0.6161388280809001,0.06844917641847126,0.5571419961433055,0.9444796326294596
t1,2026-02-04 06:00:00,2026-02-04 00:00:00,rolling,2026-02-03,2026-02-04 00:00:00,6.0,24.0,0.6547723735471748,0.1400246140008276,0.6363657244240484,0.9351164148040988
t1,2026-02-04 07:00:00,2026-02-04 01:00:00,rolling,2026-02-03,2026-02-04 00:00:00,7.0,24.0,0.5744672490569815,0.04774572604686722,0.5478637151428293,0.9404303060330405
t1,2026-02-04 08:00:00,2026-02-04 02:00:00,rolling,2026-02-03,2026-02-04 00:00:00,8.0,24.0,0.4342346746924781,0.02316087433514602,0.3567989982502788,0.8837039033778249
t1,2026-02-04 09:00:00,2026-02-04 03:00:00,rolling,2026-02-03,2026-02-04 00:00:00,9.0,24.0,0.34171245959974905,0.0,0.27624850574266274,0.8759908955161104
t1,2026-02-04 10:00:00,2026-02-04 04:00:00,rolling,2026-02-03,2026-02-04 00:00:00,10.0,24.0,0.24336727978191966,0.0,0.16524692307962327,0.7935337405457775
t1,2026-02-04 11:00:00,2026-02-04 05:00:00,rolling,2026-02-03,2026-02-04 00:00:00,11.0,24.0,0.24116060926350227,0.0,0.20089862525975358,0.7138741271476976
t1,2026-02-04 12:00:00,2026-02-04 06:00:00,rolling,2026-02-03,2026-02-04 00:00:00,12.0,24.0,0.19567723889331703,0.0,0.16125923094492453,0.6651661468866973
t1,2026-02-04 13:00:00,2026-02-04 07:00:00,rolling,2026-02-03,2026-02-04 00:00:00,13.0,24.0,0.17748018540365457,0.0,0.14702114389292667,0.6052394259266002
t1,2026-02-04 14:00:00,2026-02-04 08:00:00,rolling,2026-02-03,2026-02-04 00:00:00,14.0,24.0,0.15153664566653138,0.0,0.09966263050894071,0.5168017980351555
t1,2026-02-04 15:00:00,2026-02-04 09:00:00,rolling,2026-02-03,2026-02-04 00:00:00,15.0,24.0,0.14146612989434246,0.0,0.0787649232217399,0.5359393943349535
t1,2026-02-04 16:00:00,2026-02-04 10:00:00,rolling,2026-02-03,2026-02-04 00:00:00,16.0,24.0,0.11349945412908893,0.0,0.05897229434563836,0.45719602942293924
t1,2026-02-04 17:00:00,2026-02-04 11:00:00,rolling,2026-02-03,2026-02-04 00:00:00,17.0,24.0,0.1356003985206391,0.0,0.07941113568995416,0.3960338110754424
t1,2026-02-04 18:00:00,2026-02-04 12:00:00,rolling,2026-02-03,2026-02-04 00:00:00,18.0,24.0,0.13062708704774106,0.0,0.059590309411541795,0.3127685358653878
t1,2026-02-04 19:00:00,2026-02-04 13:00:00,rolling,2026-02-03,2026-02-04 00:00:00,19.0,24.0,0.21747448016501045,0.0,0.08944983013572698,0.5276456235215333
t1,2026-02-04 20:00:00,2026-02-04 14:00:00,rolling,2026-02-03,2026-02-04 00:00:00,20.0,24.0,0.36118288730479053,0.0007486461583625648,0.2461988450028236,0.8010472699076624
t1,2026-02-04 21:00:00,2026-02-04 15:00:00,rolling,2026-02-03,2026-02-04 00:00:00,21.0,24.0,0.5476032872263913,0.05999363949679909,0.4857552167537207,0.9719554009731496
t1,2026-02-04 22:00:00,2026-02-04 16:00:00,rolling,2026-02-03,2026-02-04 00:00:00,22.0,24.0,0.6848862041623565,0.21422020359055233,0.660391998494567,0.9804055787443857
t1,2026-02-04 23:00:00,2026-02-04 17:00:00,rolling,2026-02-03,2026-02-04 00:00:00,23.0,24.0,0.7368163874084227,0.3745226041379559,0.764461066328886,0.9826376293716067
t1,2026-02-05 00:00:00,2026-02-04 18:00:00,rolling,2026-02-04,2026-02-05 00:00:00,0.0,24.0,0.8725223470018608,0.6106360777369189,0.9028244243179987,0.9798238851051071
t1,2026-02-05 01:00:00,2026-02-04 19:00:00,rolling,2026-02-04,2026-02-05 00:00:00,1.0,24.0,0.8872860454458136,0.6780829083663865,0.9388769975949257,0.9769186711801854
t1,2026-02-05 02:00:00,2026-02-04 20:00:00,rolling,2026-02-04,2026-02-05 00:00:00,2.0,24.0,0.9022170699683136,0.7097548441649829,0.9402105481980175,0.976708971161284
t1,2026-02-05 03:00:00,2026-02-04 21:00:00,rolling,2026-02-04,2026-02-05 00:00:00,3.0,24.0,0.9172123390730396,0.7864770955933724,0.9415303626711666,0.9767103015578203
t1,2026-02-05 04:00:00,2026-02-04 22:00:00,rolling,2026-02-04,2026-02-05 00:00:00,4.0,24.0,0.9172123390730396,0.7864770955933724,0.9415303626711666,0.9767140289923423
t1,2026-02-05 05:00:00,2026-02-04 23:00:00,rolling,2026-02-04,2026-02-05 00:00:00,5.0,24.0,0.9114233279388977,0.7761080866150701,0.9416830814482577,0.976702602307435
t1,2026-02-05 06:00:00,2026-02-05 00:00:00,rolling,2026-02-04,2026-02-05 00:00:00,6.0,24.0,0.9127248213631174,0.7622678658706412,0.9410841713707524,0.9767513223497977
t1,2026-02-05 07:00:00,2026-02-05 01:00:00,rolling,2026-02-04,2026-02-05 00:00:00,7.0,24.0,0.9157311054953372,0.7450473422874713,0.9416830814482577,0.9767026610488106
t1,2026-02-05 08:00:00,2026-02-05 02:00:00,rolling,2026-02-04,2026-02-05 00:00:00,8.0,24.0,0.9084425737506486,0.7462944109110452,0.9417830813528902,0.9766940284919018
t1,2026-02-05 09:00:00,2026-02-05 03:00:00,rolling,2026-02-04,2026-02-05 00:00:00,9.0,24.0,0.9058273779981109,0.7471158638444182,0.9417830813528902,0.9766961571411789
t1,2026-02-05 10:00:00,2026-02-05 04:00:00,rolling,2026-02-04,2026-02-05 00:00:00,10.0,24.0,0.909654083090488,0.7471158638444182,0.9417830813528902,0.9766975209089052
t1,2026-02-05 11:00:00,2026-02-05 05:00:00,rolling,2026-02-04,2026-02-05 00:00:00,11.0,24.0,0.9138833219109933,0.7469891043213384,0.9417830813528902,0.9766999904062178
t1,2026-02-05 12:00:00,2026-02-05 06:00:00,rolling,2026-02-04,2026-02-05 00:00:00,12.0,24.0,0.915906042073744,0.749375239754764,0.9417830813528902,0.9767006093102444
t1,2026-02-05 13:00:00,2026-02-05 07:00:00,rolling,2026-02-04,2026-02-05 00:00:00,13.0,24.0,0.916986723808299,0.7515952919705048,0.9417830813528902,0.9767040285300569
t1,2026-02-05 14:00:00,2026-02-05 08:00:00,rolling,2026-02-04,2026-02-05 00:00:00,14.0,24.0,0.9167317557482696,0.7481461146738286,0.9417354266080529,0.9767261900610082
t1,2026-02-05 15:00:00,2026-02-05 09:00:00,rolling,2026-02-04,2026-02-05 00:00:00,15.0,24.0,0.9125218403128309,0.7363846689601072,0.9417354266080529,0.9767264957561572
t1,2026-02-05 16:00:00,2026-02-05 10:00:00,rolling,2026-02-04,2026-02-05 00:00:00,16.0,24.0,0.9048462116560702,0.6552284554852816,0.9397802266858609,0.9767140287722217
t1,2026-02-05 17:00:00,2026-02-05 11:00:00,rolling,2026-02-04,2026-02-05 00:00:00,17.0,24.0,0.8709248176984106,0.5343612131283122,0.8883656462691827,0.9805553859483505
t1,2026-02-05 18:00:00,2026-02-05 12:00:00,rolling,2026-02-04,2026-02-05 00:00:00,18.0,24.0,0.8575954234137464,0.45710933072497373,0.866399335891009,0.9800148081906642
t1,2026-02-05 19:00:00,2026-02-05 13:00:00,rolling,2026-02-04,2026-02-05 00:00:00,19.0,24.0,0.8194149404762274,0.4654445547748935,0.8508841707872511,0.9805723200809853
t1,2026-02-05 20:00:00,2026-02-05 14:00:00,rolling,2026-02-04,2026-02-05 00:00:00,20.0,24.0,0.7954623768222445,0.4117619872658306,0.8334445729231449,0.9826271798888602
t1,2026-02-05 21:00:00,2026-02-05 15:00:00,rolling,2026-02-04,2026-02-05 00:00:00,21.0,24.0,0.7510968739701076,0.4203448455979221,0.787357477508231,0.9860330572841653
t1,2026-02-05 22:00:00,2026-02-05 16:00:00,rolling,2026-02-04,2026-02-05 00:00:00,22.0,24.0,0.6955488006398888,0.37677945989283845,0.7303680920493855,0.9901112941317223
t1,2026-02-05 23:00:00,2026-02-05 17:00:00,rolling,2026-02-04,2026-02-05 00:00:00,23.0,24.0,0.6419942088505438,0.35876564456523563,0.7036953389520496,0.9844332479181716
t1,2026-02-06 00:00:00,2026-02-05 18:00:00,rolling,2026-02-05,2026-02-06 00:00:00,0.0,24.0,0.5969809538190857,0.30408951627947606,0.650544080568479,0.9842031438156786
t1,2026-02-06 01:00:00,2026-02-05 19:00:00,rolling,2026-02-05,2026-02-06 00:00:00,1.0,24.0,0.5799162623366214,0.29253095088579206,0.6521773712139383,0.9781504983845722
t1,2026-02-06 02:00:00,2026-02-05 20:00:00,rolling,2026-02-05,2026-02-06 00:00:00,2.0,24.0,0.5403624461189431,0.250244841896694,0.5830908875270752,0.9733136663329083
t1,2026-02-06 03:00:00,2026-02-05 21:00:00,rolling,2026-02-05,2026-02-06 00:00:00,3.0,24.0,0.5016861545766323,0.20822096307168636,0.5334021145618552,0.9249589135557239
t1,2026-02-06 04:00:00,2026-02-05 22:00:00,rolling,2026-02-05,2026-02-06 00:00:00,4.0,24.0,0.39900187322898933,0.14695606928583343,0.40996111653511824,0.8972616871618939
t1,2026-02-06 05:00:00,2026-02-05 23:00:00,rolling,2026-02-05,2026-02-06 00:00:00,5.0,24.0,0.28537150397955474,0.03774211056104204,0.24243002485395315,0.7921605963497186
t1,2026-02-06 06:00:00,2026-02-06 00:00:00,rolling,2026-02-05,2026-02-06 00:00:00,6.0,24.0,0.13993888659925244,0.0,0.10274760872484247,0.5024156250221296
t1,2026-02-06 07:00:00,2026-02-06 01:00:00,rolling,2026-02-05,2026-02-06 00:00:00,7.0,24.0,0.08179260730183513,0.0,0.03404629479123536,0.3611070846860617
t1,2026-02-06 08:00:00,2026-02-06 02:00:00,rolling,2026-02-05,2026-02-06 00:00:00,8.0,24.0,0.08249268125681121,0.0,0.04871677647714766,0.29757833556397273
t1,2026-02-06 09:00:00,2026-02-06 03:00:00,rolling,2026-02-05,2026-02-06 00:00:00,9.0,24.0,0.09673922902063177,0.0,0.0678483320803868,0.3281891066587101
t1,2026-02-06 10:00:00,2026-02-06 04:00:00,rolling,2026-02-05,2026-02-06 00:00:00,10.0,24.0,0.2364639190260402,0.0,0.10431400266641877,0.5446996092914842
t1,2026-02-06 11:00:00,2026-02-06 05:00:00,rolling,2026-02-05,2026-02-06 00:00:00,11.0,24.0,0.33356721462944006,0.0,0.28051502738875944,0.7591215950822015
t1,2026-02-06 12:00:00,2026-02-06 06:00:00,rolling,2026-02-05,2026-02-06 00:00:00,12.0,24.0,0.5281814900045078,0.0,0.4744256103161306,0.9737242062270378
t1,2026-02-06 13:00:00,2026-02-06 07:00:00,rolling,2026-02-05,2026-02-06 00:00:00,13.0,24.0,0.6600711937131307,0.1638349140442839,0.6245535056441414,0.9934004109145668
t1,2026-02-06 14:00:00,2026-02-06 08:00:00,rolling,2026-02-05,2026-02-06 00:00:00,14.0,24.0,0.7649033141911884,0.2860032431001561,0.8374453565375714,0.9893490259330748
t1,2026-02-06 15:00:00,2026-02-06 09:00:00,rolling,2026-02-05,2026-02-06 00:00:00,15.0,24.0,0.8789641236821896,0.644088662799339,0.9370025384448272,0.9780401802708596
t1,2026-02-06 16:00:00,2026-02-06 10:00:00,rolling,2026-02-05,2026-02-06 00:00:00,16.0,24.0,0.9144891738164658,0.7787675883067882,0.9410122231365281,0.9779632331708609
t1,2026-02-06 17:00:00,2026-02-06 11:00:00,rolling,2026-02-05,2026-02-06 00:00:00,17.0,24.0,0.9168659880425725,0.7896064419777651,0.9411106995905165,0.9779454844307482
t1,2026-02-06 18:00:00,2026-02-06 12:00:00,rolling,2026-02-05,2026-02-06 00:00:00,18.0,24.0,0.9151204080524353,0.8017772349061099,0.9416111332140336,0.9779132641169517
t1,2026-02-06 19:00:00,2026-02-06 13:00:00,rolling,2026-02-05,2026-02-06 00:00:00,19.0,24.0,0.9149216745107851,0.8017662951836598,0.9417096096680219,0.9779016815793428
t1,2026-02-06 20:00:00,2026-02-06 14:00:00,rolling,2026-02-05,2026-02-06 00:00:00,20.0,24.0,0.9186333603156583,0.7958310375150438,0.9417096096680219,0.9779066242243669
t1,2026-02-06 21:00:00,2026-02-06 15:00:00,rolling,2026-02-05,2026-02-06 00:00:00,21.0,24.0,0.9186333603156583,0.7836711843091493,0.9411106995905165,0.9779402487209657
t1,2026-02-06 22:00:00,2026-02-06 16:00:00,rolling,2026-02-05,2026-02-06 00:00:00,22.0,24.0,0.906423791152776,0.5692428140210937,0.9388636247590425,0.9781956583229544
t1,2026-02-06 23:00:00,2026-02-06 17:00:00,rolling,2026-02-05,2026-02-06 00:00:00,23.0,24.0,0.8977597681331407,0.6202960137198212,0.9379487679439709,0.978046784088141
t1,2026-02-07 00:00:00,2026-02-06 18:00:00,rolling,2026-02-06,2026-02-07 00:00:00,0.0,24.0,0.8101204236970851,0.44790483446772933,0.8617155422059204,0.9718546644871142
t1,2026-02-07 01:00:00,2026-02-06 19:00:00,rolling,2026-02-06,2026-02-07 00:00:00,1.0,24.0,0.6962179523584149,0.2761019426654717,0.7457189619419714,0.9685157951196186
t1,2026-02-07 02:00:00,2026-02-06 20:00:00,rolling,2026-02-06,2026-02-07 00:00:00,2.0,24.0,0.599995904381071,0.2144468354403306,0.6912764943538068,0.9537602773014253
t1,2026-02-07 03:00:00,2026-02-06 21:00:00,rolling,2026-02-06,2026-02-07 00:00:00,3.0,24.0,0.4154073612346272,0.0839615118112233,0.42419608563742245,0.8798750737144747
t1,2026-02-07 04:00:00,2026-02-06 22:00:00,rolling,2026-02-06,2026-02-07 00:00:00,4.0,24.0,0.2952040972680902,0.0,0.28230526950385654,0.8438209472309823
t1,2026-02-07 05:00:00,2026-02-06 23:00:00,rolling,2026-02-06,2026-02-07 00:00:00,5.0,24.0,0.21019109164977537,0.0,0.12181166510547908,0.8134445054384418
t1,2026-02-07 06:00:00,2026-02-07 00:00:00,rolling,2026-02-06,2026-02-07 00:00:00,6.0,24.0,0.15259891231029016,0.0,0.07580139646076087,0.4979951930756171
t1,2026-02-07 07:00:00,2026-02-07 01:00:00,rolling,2026-02-06,2026-02-07 00:00:00,7.0,24.0,0.06771627423336238,0.0,0.016922542615122018,0.24762740844672057
t1,2026-02-07 08:00:00,2026-02-07 02:00:00,rolling,2026-02-06,2026-02-07 00:00:00,8.0,24.0,0.03419436984260066,0.0,0.0015850062466416133,0.22866430453285583
t1,2026-02-07 09:00:00,2026-02-07 03:00:00,rolling,2026-02-06,2026-02-07 00:00:00,9.0,24.0,0.08615521619137524,0.0,0.015501172490242989,0.3109959666747166
t1,2026-02-07 10:00:00,2026-02-07 04:00:00,rolling,2026-02-06,2026-02-07 00:00:00,10.0,24.0,0.18904925021847416,0.0,0.12593537342856898,0.45064211319349723
t1,2026-02-07 11:00:00,2026-02-07 05:00:00,rolling,2026-02-06,2026-02-07 00:00:00,11.0,24.0,0.25004721357932996,0.0,0.2080065265836394,0.7094564791219388
t1,2026-02-07 12:00:00,2026-02-07 06:00:00,rolling,2026-02-06,2026-02-07 00:00:00,12.0,24.0,0.3010077484209162,0.0,0.2709126970393987,0.7541565694144935
t1,2026-02-07 13:00:00,2026-02-07 07:00:00,rolling,2026-02-06,2026-02-07 00:00:00,13.0,24.0,0.3559791208687098,0.0030873149642038356,0.2608781632459432,0.7955332474998293
t1,2026-02-07 14:00:00,2026-02-07 08:00:00,rolling,2026-02-06,2026-02-07 00:00:00,14.0,24.0,0.27329643053790065,0.0,0.20455654623896172,0.700897444885309
t1,2026-02-07 15:00:00,2026-02-07 09:00:00,rolling,2026-02-06,2026-02-07 00:00:00,15.0,24.0,0.1672088010490528,0.0,0.09017208114106542,0.5208373583564659
t1,2026-02-07 16:00:00,2026-02-07 10:00:00,rolling,2026-02-06,2026-02-07 00:00:00,16.0,24.0,0.10086631621439687,0.0,0.051823836143607485,0.2833761777629801
t1,2026-02-07 17:00:00,2026-02-07 11:00:00,rolling,2026-02-06,2026-02-07 00:00:00,17.0,24.0,0.12156213816578726,0.0,0.04688846823005159,0.33058342671042956
t1,2026-02-07 18:00:00,2026-02-07 12:00:00,rolling,2026-02-06,2026-02-07 00:00:00,18.0,24.0,0.232572569034167,0.0,0.12897149872832223,0.49791397442557384
t1,2026-02-07 19:00:00,2026-02-07 13:00:00,rolling,2026-02-06,2026-02-07 00:00:00,19.0,24.0,0.29945593493933703,0.0,0.20041425928580836,0.7831731220794009
t1,2026-02-07 20:00:00,2026-02-07 14:00:00,rolling,2026-02-06,2026-02-07 00:00:00,20.0,24.0,0.42279972672278965,0.0,0.3528077243412066,0.9147291730935958
t1,2026-02-07 21:00:00,2026-02-07 15:00:00,rolling,2026-02-06,2026-02-07 00:00:00,21.0,24.0,0.5607446144638983,0.03491927549645801,0.49756427826577276,0.9943199806649565
t1,2026-02-07 22:00:00,2026-02-07 16:00:00,rolling,2026-02-06,2026-02-07 00:00:00,22.0,24.0,0.6414469612683488,0.09143681802878323,0.592024622354512,0.9791221624333732
t1,2026-02-07 23:00:00,2026-02-07 17:00:00,rolling,2026-02-06,2026-02-07 00:00:00,23.0,24.0,0.6207565425788676,0.24559825041811167,0.6259167773033415,0.9443719272666101
t1,2026-02-08 00:00:00,2026-02-07 18:00:00,rolling,2026-02-07,2026-02-08 00:00:00,0.0,24.0,0.8814985583373509,0.6951218160859952,0.9244537066649071,0.9653091229612494
t1,2026-02-08 01:00:00,2026-02-07 19:00:00,rolling,2026-02-07,2026-02-08 00:00:00,1.0,24.0,0.8694099125453841,0.6689527415966416,0.9226268111985687,0.9649115409343801
t1,2026-02-08 02:00:00,2026-02-07 20:00:00,rolling,2026-02-07,2026-02-08 00:00:00,2.0,24.0,0.8421815671076819,0.6474387009578846,0.9066871977382819,0.9667323585212921
t1,2026-02-08 03:00:00,2026-02-07 21:00:00,rolling,2026-02-07,2026-02-08 00:00:00,3.0,24.0,0.7998499978085899,0.5041416864925168,0.8490079583365582,0.9601701485413687
t1,2026-02-08 04:00:00,2026-02-07 22:00:00,rolling,2026-02-07,2026-02-08 00:00:00,4.0,24.0,0.7675173026245643,0.4215722053572226,0.8337585963671807,0.9581085663300948
t1,2026-02-08 05:00:00,2026-02-07 23:00:00,rolling,2026-02-07,2026-02-08 00:00:00,5.0,24.0,0.7043935891999107,0.3287296508335243,0.7538184495116519,0.9501877036049786
t1,2026-02-08 06:00:00,2026-02-08 00:00:00,rolling,2026-02-07,2026-02-08 00:00:00,6.0,24.0,0.5979056811935514,0.20139981217989217,0.5966817145331049,0.9510668695928903
t1,2026-02-08 07:00:00,2026-02-08 01:00:00,rolling,2026-02-07,2026-02-08 00:00:00,7.0,24.0,0.5063246317525256,0.04122933397966927,0.5208108680213459,0.8985209088407056
t1,2026-02-08 08:00:00,2026-02-08 02:00:00,rolling,2026-02-07,2026-02-08 00:00:00,8.0,24.0,0.3774249013903262,0.0035112976163694243,0.3619928203587734,0.7786325878072673
t1,2026-02-08 09:00:00,2026-02-08 03:00:00,rolling,2026-02-07,2026-02-08 00:00:00,9.0,24.0,0.21659969331392878,0.0,0.15733652348046104,0.5621976739617205
t1,2026-02-08 10:00:00,2026-02-08 04:00:00,rolling,2026-02-07,2026-02-08 00:00:00,10.0,24.0,0.11553004247926224,0.0,0.06975002513186522,0.3670507562820188
t1,2026-02-08 11:00:00,2026-02-08 05:00:00,rolling,2026-02-07,2026-02-08 00:00:00,11.0,24.0,0.06587092410855007,0.0,0.01151811702847112,0.2525725994675015
t1,2026-02-08 12:00:00,2026-02-08 06:00:00,rolling,2026-02-07,2026-02-08 00:00:00,12.0,24.0,0.034688649612958575,0.0,0.0,0.21966901724898513
t1,2026-02-08 13:00:00,2026-02-08 07:00:00,rolling,2026-02-07,2026-02-08 00:00:00,13.0,24.0,0.10206700778654493,0.0,0.0,0.3312387351827724
t1,2026-02-08 14:00:00,2026-02-08 08:00:00,rolling,2026-02-07,2026-02-08 00:00:00,14.0,24.0,0.173638374729044,0.0,0.09072620927197361,0.5076343363707464
t1,2026-02-08 15:00:00,2026-02-08 09:00:00,rolling,2026-02-07,2026-02-08 00:00:00,15.0,24.0,0.4663987548708892,0.0,0.3594237206821719,0.8591469149607821
t1,2026-02-08 16:00:00,2026-02-08 10:00:00,rolling,2026-02-07,2026-02-08 00:00:00,16.0,24.0,0.686447723098595,0.07933316896638098,0.6562712199798152,0.9813037162222077
t1,2026-02-08 17:00:00,2026-02-08 11:00:00,rolling,2026-02-07,2026-02-08 00:00:00,17.0,24.0,0.8296625128655293,0.3377202963851553,0.8552657839479474,0.9750783256426203
t1,2026-02-08 18:00:00,2026-02-08 12:00:00,rolling,2026-02-07,2026-02-08 00:00:00,18.0,24.0,0.8764227780456139,0.5159694250379112,0.9184524732157353,0.9677655064567054
t1,2026-02-08 19:00:00,2026-02-08 13:00:00,rolling,2026-02-07,2026-02-08 00:00:00,19.0,24.0,0.9056379269756477,0.7445662754058525,0.9278646208804932,0.9644782459528981
t1,2026-02-08 20:00:00,2026-02-08 14:00:00,rolling,2026-02-07,2026-02-08 00:00:00,20.0,24.0,0.9060893694387288,0.7432196763441965,0.9281654205594365,0.9644481550516066
t1,2026-02-08 21:00:00,2026-02-08 15:00:00,rolling,2026-02-07,2026-02-08 00:00:00,21.0,24.0,0.9069050719234817,0.7711624885430017,0.9281654205594365,0.9644481550516066
t1,2026-02-08 22:00:00,2026-02-08 16:00:00,rolling,2026-02-07,2026-02-08 00:00:00,22.0,24.0,0.9007656335421172,0.7711624885430017,0.9281654205594365,0.9644481550516066
t1,2026-02-08 23:00:00,2026-02-08 17:00:00,rolling,2026-02-07,2026-02-08 00:00:00,23.0,24.0,0.9016964237155466,0.7711624885430017,0.9281654205594365,0.9644436588560775
t1,2026-02-09 00:00:00,2026-02-08 18:00:00,rolling,2026-02-08,2026-02-09 00:00:00,0.0,24.0,0.8970830666333435,0.7504249457188388,0.9229670373460531,0.9628323173652646
t1,2026-02-09 01:00:00,2026-02-08 19:00:00,rolling,2026-02-08,2026-02-09 00:00:00,1.0,24.0,0.8970830666333435,0.7504249457188388,0.9229670373460531,0.9628426330643883
t1,2026-02-09 02:00:00,2026-02-08 20:00:00,rolling,2026-02-08,2026-02-09 00:00:00,2.0,24.0,0.8970830666333435,0.7477724709175597,0.9229670373460531,0.9628465258075874
t1,2026-02-09 03:00:00,2026-02-08 21:00:00,rolling,2026-02-08,2026-02-09 00:00:00,3.0,24.0,0.8959689764313826,0.7503327196698608,0.9230193825058483,0.9628589325555839
t1,2026-02-09 04:00:00,2026-02-08 22:00:00,rolling,2026-02-08,2026-02-09 00:00:00,4.0,24.0,0.8928149715667084,0.7165657584466114,0.9210641825836563,0.9633080911581346
t1,2026-02-09 05:00:00,2026-02-08 23:00:00,rolling,2026-02-08,2026-02-09 00:00:00,5.0,24.0,0.8458885055699626,0.637020530335608,0.8744377000013522,0.9740195839158602
t1,2026-02-09 06:00:00,2026-02-09 00:00:00,rolling,2026-02-08,2026-02-09 00:00:00,6.0,24.0,0.8406282580215468,0.6380801048071157,0.8744377000013522,0.9740160345071109
t1,2026-02-09 07:00:00,2026-02-09 01:00:00,rolling,2026-02-08,2026-02-09 00:00:00,7.0,24.0,0.8391365373678802,0.6266793508773238,0.8744377000013522,0.9740155004733689
t1,2026-02-09 08:00:00,2026-02-09 02:00:00,rolling,2026-02-08,2026-02-09 00:00:00,8.0,24.0,0.8331012779565636,0.627352539160702,0.8744377000013522,0.9740155004733689
t1,2026-02-09 09:00:00,2026-02-09 03:00:00,rolling,2026-02-08,2026-02-09 00:00:00,9.0,24.0,0.8343884663664632,0.6260876386791517,0.8744377000013522,0.9740156830935239
t1,2026-02-09 10:00:00,2026-02-09 04:00:00,rolling,2026-02-08,2026-02-09 00:00:00,10.0,24.0,0.8343884663664632,0.6416724521137552,0.8761808045989951,0.9736154608665979
t1,2026-02-09 11:00:00,2026-02-09 05:00:00,rolling,2026-02-08,2026-02-09 00:00:00,11.0,24.0,0.8368376349949982,0.6263471894897723,0.8761808045989951,0.9736161820080136
t1,2026-02-09 12:00:00,2026-02-09 06:00:00,rolling,2026-02-08,2026-02-09 00:00:00,12.0,24.0,0.8383586499883166,0.6277988772914818,0.8761808045989951,0.9736161894925558
t1,2026-02-09 13:00:00,2026-02-09 07:00:00,rolling,2026-02-08,2026-02-09 00:00:00,13.0,24.0,0.8401835138576723,0.5975587972242233,0.8761808045989951,0.9736165455508963
t1,2026-02-09 14:00:00,2026-02-09 08:00:00,rolling,2026-02-08,2026-02-09 00:00:00,14.0,24.0,0.8341550021631601,0.5313965830700057,0.8775909693079035,0.9732997960814356
t1,2026-02-09 15:00:00,2026-02-09 09:00:00,rolling,2026-02-08,2026-02-09 00:00:00,15.0,24.0,0.8276199852489342,0.5215745338069034,0.8775909693079035,0.9731766420506781
t1,2026-02-09 16:00:00,2026-02-09 10:00:00,rolling,2026-02-08,2026-02-09 00:00:00,16.0,24.0,0.8183844132052843,0.5164392713017342,0.8739652693075323,0.9737747268559814
t1,2026-02-09 17:00:00,2026-02-09 11:00:00,rolling,2026-02-08,2026-02-09 00:00:00,17.0,24.0,0.7729424337999187,0.5051658045446783,0.8520555406622379,0.9778053030340846
t1,2026-02-09 18:00:00,2026-02-09 12:00:00,rolling,2026-02-08,2026-02-09 00:00:00,18.0,24.0,0.7034548629882511,0.2028483741248388,0.7971983748645699,0.9913232202561918
t1,2026-02-09 19:00:00,2026-02-09 13:00:00,rolling,2026-02-08,2026-02-09 00:00:00,19.0,24.0,0.5390302500670078,0.1715851245006455,0.6360817873261357,0.9922310972542618
t1,2026-02-09 20:00:00,2026-02-09 14:00:00,rolling,2026-02-08,2026-02-09 00:00:00,20.0,24.0,0.36380108293011937,0.045240047473963596,0.3677700455528245,0.989058423072118
t1,2026-02-09 21:00:00,2026-02-09 15:00:00,rolling,2026-02-08,2026-02-09 00:00:00,21.0,24.0,0.2718816215606128,0.0,0.27213143644852056,0.8298544294783292
t1,2026-02-09 22:00:00,2026-02-09 16:00:00,rolling,2026-02-08,2026-02-09 00:00:00,22.0,24.0,0.19166477816399352,0.0,0.14610203017232215,0.6937331803562801
t1,2026-02-09 23:00:00,2026-02-09 17:00:00,rolling,2026-02-08,2026-02-09 00:00:00,23.0,24.0,0.17868991346889332,0.0,0.1298259803805065,0.6871504161221176
t1,2026-02-10 00:00:00,2026-02-09 18:00:00,rolling,2026-02-09,2026-02-10 00:00:00,0.0,24.0,0.12190372329177386,0.0,0.10203467506910725,0.3510880261430027
t1,2026-02-10 01:00:00,2026-02-09 19:00:00,rolling,2026-02-09,2026-02-10 00:00:00,1.0,24.0,0.12483831276031525,0.0,0.07537517946313398,0.3755305164088287
t1,2026-02-10 02:00:00,2026-02-09 20:00:00,rolling,2026-02-09,2026-02-10 00:00:00,2.0,24.0,0.12705354306811203,0.0,0.05396129547554193,0.38218388544604887
t1,2026-02-10 03:00:00,2026-02-09 21:00:00,rolling,2026-02-09,2026-02-10 00:00:00,3.0,24.0,0.15189507503822602,0.0,0.05020269784258255,0.4738838881473688
t1,2026-02-10 04:00:00,2026-02-09 22:00:00,rolling,2026-02-09,2026-02-10 00:00:00,4.0,24.0,0.20600246431124156,0.0,0.11174392247194319,0.5338631268854501
t1,2026-02-10 05:00:00,2026-02-09 23:00:00,rolling,2026-02-09,2026-02-10 00:00:00,5.0,24.0,0.17431908409634064,0.0,0.10617360108817539,0.5433979968565353
t1,2026-02-10 06:00:00,2026-02-10 00:00:00,rolling,2026-02-09,2026-02-10 00:00:00,6.0,24.0,0.24261727758614324,0.0,0.1222341297093746,0.6902212128775208
t1,2026-02-10 07:00:00,2026-02-10 01:00:00,rolling,2026-02-09,2026-02-10 00:00:00,7.0,24.0,0.3017765696242304,0.0,0.20691485857080558,0.8150151071656883
t1,2026-02-10 08:00:00,2026-02-10 02:00:00,rolling,2026-02-09,2026-02-10 00:00:00,8.0,24.0,0.3620260481521172,0.0,0.2480759373991472,0.901314696593987
t1,2026-02-10 09:00:00,2026-02-10 03:00:00,rolling,2026-02-09,2026-02-10 00:00:00,9.0,24.0,0.3324728121222396,0.0,0.27778592189417295,0.8644451869715523
t1,2026-02-10 10:00:00,2026-02-10 04:00:00,rolling,2026-02-09,2026-02-10 00:00:00,10.0,24.0,0.41481695736965984,0.0,0.3237563845703514,0.9249336637298612
t1,2026-02-10 11:00:00,2026-02-10 05:00:00,rolling,2026-02-09,2026-02-10 00:00:00,11.0,24.0,0.37135367582331263,0.0,0.3014491433820126,0.9278347407335104
t1,2026-02-10 12:00:00,2026-02-10 06:00:00,rolling,2026-02-09,2026-02-10 00:00:00,12.0,24.0,0.21240365480788348,0.0,0.18624796283952985,0.7309413757308036
t1,2026-02-10 13:00:00,2026-02-10 07:00:00,rolling,2026-02-09,2026-02-10 00:00:00,13.0,24.0,0.21074618606024548,0.0,0.16392019058050122,0.6740235138036729
t1,2026-02-10 14:00:00,2026-02-10 08:00:00,rolling,2026-02-09,2026-02-10 00:00:00,14.0,24.0,0.1880743029474135,0.0,0.10748492693708046,0.5893552517833953
t1,2026-02-10 15:00:00,2026-02-10 09:00:00,rolling,2026-02-09,2026-02-10 00:00:00,15.0,24.0,0.15469008030546846,0.0,0.0792587030305629,0.5021943666171302
t1,2026-02-10 16:00:00,2026-02-10 10:00:00,rolling,2026-02-09,2026-02-10 00:00:00,16.0,24.0,0.11495627196814205,0.0,0.059054507661161215,0.3340892857246286
t1,2026-02-10 17:00:00,2026-02-10 11:00:00,rolling,2026-02-09,2026-02-10 00:00:00,17.0,24.0,0.10135910005002738,0.0,0.0525081159551575,0.34011599307764506
t1,2026-02-10 18:00:00,2026-02-10 12:00:00,rolling,2026-02-09,2026-02-10 00:00:00,18.0,24.0,0.1663267646415864,0.0,0.0656449940066217,0.470027102186546
t1,2026-02-10 19:00:00,2026-02-10 13:00:00,rolling,2026-02-09,2026-02-10 00:00:00,19.0,24.0,0.21418570935540326,0.0,0.1402743854088451,0.5672421463035177
t1,2026-02-10 20:00:00,2026-02-10 14:00:00,rolling,2026-02-09,2026-02-10 00:00:00,20.0,24.0,0.41562341643667944,0.0036869451877479253,0.33476154418706755,0.90311732200659
t1,2026-02-10 21:00:00,2026-02-10 15:00:00,rolling,2026-02-09,2026-02-10 00:00:00,21.0,24.0,0.557466063349939,0.04994359205023202,0.5463271926317353,1.0
t1,2026-02-10 22:00:00,2026-02-10 16:00:00,rolling,2026-02-09,2026-02-10 00:00:00,22.0,24.0,0.7814221702808279,0.28773195998146706,0.7939269128718374,1.0
t1,2026-02-10 23:00:00,2026-02-10 17:00:00,rolling,2026-02-09,2026-02-10 00:00:00,23.0,24.0,0.8285043525455885,0.5325350468668381,0.8668719792001308,0.9878735774890441
t1,2026-02-11 00:00:00,2026-02-10 18:00:00,rolling,2026-02-10,2026-02-11 00:00:00,0.0,24.0,0.853048021841477,0.6641429351674302,0.8823344475867005,0.9836667429295264
t1,2026-02-11 01:00:00,2026-02-10 19:00:00,rolling,2026-02-10,2026-02-11 00:00:00,1.0,24.0,0.8500020620532853,0.6485476592007628,0.8861091877034826,0.9828070633831272
t1,2026-02-11 02:00:00,2026-02-10 20:00:00,rolling,2026-02-10,2026-02-11 00:00:00,2.0,24.0,0.8367454567490956,0.5659951178438556,0.8861091877034826,0.9825457482435458
t1,2026-02-11 03:00:00,2026-02-10 21:00:00,rolling,2026-02-10,2026-02-11 00:00:00,3.0,24.0,0.8149953509312471,0.5604536898365162,0.8797871655820806,0.9838814054489748
t1,2026-02-11 04:00:00,2026-02-10 22:00:00,rolling,2026-02-10,2026-02-11 00:00:00,4.0,24.0,0.710909616901876,0.41186033196058086,0.7866078036676986,0.9991462481942719
t1,2026-02-11 05:00:00,2026-02-10 23:00:00,rolling,2026-02-10,2026-02-11 00:00:00,5.0,24.0,0.6254579653087359,0.156459088806718,0.7040677817819112,1.0
t1,2026-02-11 06:00:00,2026-02-11 00:00:00,rolling,2026-02-10,2026-02-11 00:00:00,6.0,24.0,0.3055421984825054,0.035631953916688774,0.2834764773517715,0.9182941093717105
t1,2026-02-11 07:00:00,2026-02-11 01:00:00,rolling,2026-02-10,2026-02-11 00:00:00,7.0,24.0,0.18355486962830359,0.0,0.08521782525698639,0.6291322001373578
t1,2026-02-11 08:00:00,2026-02-11 02:00:00,rolling,2026-02-10,2026-02-11 00:00:00,8.0,24.0,0.1275691834513528,0.0,0.06997071721102277,0.4197543945849134
t1,2026-02-11 09:00:00,2026-02-11 03:00:00,rolling,2026-02-10,2026-02-11 00:00:00,9.0,24.0,0.20307108330507376,0.0,0.12671336845586703,0.5063502849751729
t1,2026-02-11 10:00:00,2026-02-11 04:00:00,rolling,2026-02-10,2026-02-11 00:00:00,10.0,24.0,0.23992069963200433,0.0,0.13572074094093323,0.6576104524857841
t1,2026-02-11 11:00:00,2026-02-11 05:00:00,rolling,2026-02-10,2026-02-11 00:00:00,11.0,24.0,0.34510910117481547,0.0,0.23553113786391747,0.8761797749471713
t1,2026-02-11 12:00:00,2026-02-11 06:00:00,rolling,2026-02-10,2026-02-11 00:00:00,12.0,24.0,0.4427207600876878,0.0,0.33478961491217635,1.0
t1,2026-02-11 13:00:00,2026-02-11 07:00:00,rolling,2026-02-10,2026-02-11 00:00:00,13.0,24.0,0.3730809182046574,0.0,0.3326284049412395,0.9773157602885079
t1,2026-02-11 14:00:00,2026-02-11 08:00:00,rolling,2026-02-10,2026-02-11 00:00:00,14.0,24.0,0.3494749409344054,0.0,0.2113679487280867,0.9303555256452226
t1,2026-02-11 15:00:00,2026-02-11 09:00:00,rolling,2026-02-10,2026-02-11 00:00:00,15.0,24.0,0.38530542884021374,0.0,0.2489057779657103,0.9196798854754927
t1,2026-02-11 16:00:00,2026-02-11 10:00:00,rolling,2026-02-10,2026-02-11 00:00:00,16.0,24.0,0.57803154357772,0.0,0.4555736243933654,1.0
t1,2026-02-11 17:00:00,2026-02-11 11:00:00,rolling,2026-02-10,2026-02-11 00:00:00,17.0,24.0,0.6562572160246019,0.08343238952588061,0.5961545618875865,1.0
t1,2026-02-11 18:00:00,2026-02-11 12:00:00,rolling,2026-02-10,2026-02-11 00:00:00,18.0,24.0,0.7884415205392917,0.2146320337233174,0.8579263809960735,0.9973538384693665
t1,2026-02-11 19:00:00,2026-02-11 13:00:00,rolling,2026-02-10,2026-02-11 00:00:00,19.0,24.0,0.8219532829400116,0.3317230995034909,0.8987631112219147,0.9841038682862902
t1,2026-02-11 20:00:00,2026-02-11 14:00:00,rolling,2026-02-10,2026-02-11 00:00:00,20.0,24.0,0.8588325866779347,0.5079542248830267,0.9188367189196709,0.9772569760638204
t1,2026-02-11 21:00:00,2026-02-11 15:00:00,rolling,2026-02-10,2026-02-11 00:00:00,21.0,24.0,0.8730264824631081,0.6191776868163205,0.9167958942131482,0.9769268530656041
t1,2026-02-11 22:00:00,2026-02-11 16:00:00,rolling,2026-02-10,2026-02-11 00:00:00,22.0,24.0,0.8295270641313718,0.34606605894256626,0.8770023639217576,0.9835686197231085
t1,2026-02-11 23:00:00,2026-02-11 17:00:00,rolling,2026-02-10,2026-02-11 00:00:00,23.0,24.0,0.8502479503941084,0.3973327038536104,0.8753786917500281,0.9848731632975898
t1,2026-02-12 00:00:00,2026-02-11 18:00:00,rolling,2026-02-11,2026-02-12 00:00:00,0.0,24.0,0.5392097255476683,0.14347578498191482,0.5578483416473922,0.9179084748560848
t1,2026-02-12 01:00:00,2026-02-11 19:00:00,rolling,2026-02-11,2026-02-12 00:00:00,1.0,24.0,0.5633843556253025,0.16957635529596865,0.5536170395641348,0.9331368911434783
t1,2026-02-12 02:00:00,2026-02-11 20:00:00,rolling,2026-02-11,2026-02-12 00:00:00,2.0,24.0,0.5409350243121319,0.13193027731885476,0.5038036362780991,0.9363017903937909
t1,2026-02-12 03:00:00,2026-02-11 21:00:00,rolling,2026-02-11,2026-02-12 00:00:00,3.0,24.0,0.4362417735756586,0.09242875433234576,0.4149239106163253,0.8911783321968445
t1,2026-02-12 04:00:00,2026-02-11 22:00:00,rolling,2026-02-11,2026-02-12 00:00:00,4.0,24.0,0.35782714707215246,0.06365762598858776,0.3793702502070945,0.8200602913217264
t1,2026-02-12 05:00:00,2026-02-11 23:00:00,rolling,2026-02-11,2026-02-12 00:00:00,5.0,24.0,0.25888690943109194,0.04714831037653719,0.28384014871203267,0.7267823221396819
t1,2026-02-12 06:00:00,2026-02-12 00:00:00,rolling,2026-02-11,2026-02-12 00:00:00,6.0,24.0,0.13095987977537243,0.0,0.08129605359627728,0.3993038135002024
t1,2026-02-12 07:00:00,2026-02-12 01:00:00,rolling,2026-02-11,2026-02-12 00:00:00,7.0,24.0,0.08647978877414964,0.0,0.03883144947458689,0.2932161308207609
t1,2026-02-12 08:00:00,2026-02-12 02:00:00,rolling,2026-02-11,2026-02-12 00:00:00,8.0,24.0,0.05693941402540766,0.0,0.022127190880951608,0.24544870117039108
t1,2026-02-12 09:00:00,2026-02-12 03:00:00,rolling,2026-02-11,2026-02-12 00:00:00,9.0,24.0,0.04150003868781834,0.0,0.0033388081575786432,0.18641541382683746
t1,2026-02-12 10:00:00,2026-02-12 04:00:00,rolling,2026-02-11,2026-02-12 00:00:00,10.0,24.0,0.04149365915053246,0.0,0.004727881246293707,0.1915160280537395
t1,2026-02-12 11:00:00,2026-02-12 05:00:00,rolling,2026-02-11,2026-02-12 00:00:00,11.0,24.0,0.05278816430864717,0.0,0.024351808176305105,0.26057905460973907
t1,2026-02-12 12:00:00,2026-02-12 06:00:00,rolling,2026-02-11,2026-02-12 00:00:00,12.0,24.0,0.1291598070764697,0.0,0.07920388745405907,0.4280435294212742
t1,2026-02-12 13:00:00,2026-02-12 07:00:00,rolling,2026-02-11,2026-02-12 00:00:00,13.0,24.0,0.2062446841242353,0.0,0.1141146752488694,0.5816253622916325
t1,2026-02-12 14:00:00,2026-02-12 08:00:00,rolling,2026-02-11,2026-02-12 00:00:00,14.0,24.0,0.2363735763676042,0.0,0.1635901117929246,0.6448571085320982
t1,2026-02-12 15:00:00,2026-02-12 09:00:00,rolling,2026-02-11,2026-02-12 00:00:00,15.0,24.0,0.24561220946504048,0.0,0.14076699548441846,0.6479857192960945
t1,2026-02-12 16:00:00,2026-02-12 10:00:00,rolling,2026-02-11,2026-02-12 00:00:00,16.0,24.0,0.22880335285885467,0.0,0.12250928194914701,0.6313396954142032
t1,2026-02-12 17:00:00,2026-02-12 11:00:00,rolling,2026-02-11,2026-02-12 00:00:00,17.0,24.0,0.18808616794363173,0.0,0.10433099705418777,0.570177329446969
t1,2026-02-12 18:00:00,2026-02-12 12:00:00,rolling,2026-02-11,2026-02-12 00:00:00,18.0,24.0,0.1801738992690344,0.0,0.17040763598601522,0.5226030845624042
t1,2026-02-12 19:00:00,2026-02-12 13:00:00,rolling,2026-02-11,2026-02-12 00:00:00,19.0,24.0,0.2015835697866059,0.0,0.1387420392490807,0.5142135323116729
t1,2026-02-12 20:00:00,2026-02-12 14:00:00,rolling,2026-02-11,2026-02-12 00:00:00,20.0,24.0,0.19289330644605804,0.0008065299552693223,0.11786227568556368,0.587523393152825
t1,2026-02-12 21:00:00,2026-02-12 15:00:00,rolling,2026-02-11,2026-02-12 00:00:00,21.0,24.0,0.1803290588151237,0.0,0.09862257655381929,0.5019599697474789
t1,2026-02-12 22:00:00,2026-02-12 16:00:00,rolling,2026-02-11,2026-02-12 00:00:00,22.0,24.0,0.13782392754629225,0.0,0.09077441952104653,0.37727156044835286
t1,2026-02-12 23:00:00,2026-02-12 17:00:00,rolling,2026-02-11,2026-02-12 00:00:00,23.0,24.0,0.13805468870594156,0.0,0.06491281764025342,0.388786997153422
t1,2026-02-13 00:00:00,2026-02-12 18:00:00,rolling,2026-02-12,2026-02-13 00:00:00,0.0,24.0,0.0,0.0,0.0,0.10323098633104588
t1,2026-02-13 01:00:00,2026-02-12 19:00:00,rolling,2026-02-12,2026-02-13 00:00:00,1.0,24.0,0.0,0.0,0.0,0.10431894084976849
t1,2026-02-13 02:00:00,2026-02-12 20:00:00,rolling,2026-02-12,2026-02-13 00:00:00,2.0,24.0,0.0,0.0,0.0,0.1067008894152595
t1,2026-02-13 03:00:00,2026-02-12 21:00:00,rolling,2026-02-12,2026-02-13 00:00:00,3.0,24.0,0.0,0.0,0.0,0.1288337664605626
t1,2026-02-13 04:00:00,2026-02-12 22:00:00,rolling,2026-02-12,2026-02-13 00:00:00,4.0,24.0,0.0,0.0,0.0,0.11571975885451596
t1,2026-02-13 05:00:00,2026-02-12 23:00:00,rolling,2026-02-12,2026-02-13 00:00:00,5.0,24.0,0.0,0.0,0.0,0.10850583340756806
t1,2026-02-13 06:00:00,2026-02-13 00:00:00,rolling,2026-02-12,2026-02-13 00:00:00,6.0,24.0,0.0,0.0,0.0,0.12169114647187401
t1,2026-02-13 07:00:00,2026-02-13 01:00:00,rolling,2026-02-12,2026-02-13 00:00:00,7.0,24.0,0.0,0.0,0.0,0.11924399140838864
t1,2026-02-13 08:00:00,2026-02-13 02:00:00,rolling,2026-02-12,2026-02-13 00:00:00,8.0,24.0,0.0,0.0,0.0,0.10679797115157781
t1,2026-02-13 09:00:00,2026-02-13 03:00:00,rolling,2026-02-12,2026-02-13 00:00:00,9.0,24.0,0.0,0.0,0.0,0.12380004502131874
t1,2026-02-13 10:00:00,2026-02-13 04:00:00,rolling,2026-02-12,2026-02-13 00:00:00,10.0,24.0,0.0,0.0,0.0,0.12179740900688579
t1,2026-02-13 11:00:00,2026-02-13 05:00:00,rolling,2026-02-12,2026-02-13 00:00:00,11.0,24.0,0.0,0.0,0.0,0.1190234942591828
t1,2026-02-13 12:00:00,2026-02-13 06:00:00,rolling,2026-02-12,2026-02-13 00:00:00,12.0,24.0,0.0,0.0,0.0,0.11133348981190362
t1,2026-02-13 13:00:00,2026-02-13 07:00:00,rolling,2026-02-12,2026-02-13 00:00:00,13.0,24.0,0.0,0.0,0.0,0.12926606373003635
t1,2026-02-13 14:00:00,2026-02-13 08:00:00,rolling,2026-02-12,2026-02-13 00:00:00,14.0,24.0,0.0,0.0,0.0,0.11127130386531969
t1,2026-02-13 15:00:00,2026-02-13 09:00:00,rolling,2026-02-12,2026-02-13 00:00:00,15.0,24.0,0.0,0.0,0.0,0.11143982437204522
t1,2026-02-13 16:00:00,2026-02-13 10:00:00,rolling,2026-02-12,2026-02-13 00:00:00,16.0,24.0,0.0,0.0,0.0,0.13011609464622037
t1,2026-02-13 17:00:00,2026-02-13 11:00:00,rolling,2026-02-12,2026-02-13 00:00:00,17.0,24.0,0.0010923660809405017,0.0,0.0,0.15136475747749917
t1,2026-02-13 18:00:00,2026-02-13 12:00:00,rolling,2026-02-12,2026-02-13 00:00:00,18.0,24.0,0.0026233677500789587,0.0,0.0,0.2137574416489983
t1,2026-02-13 19:00:00,2026-02-13 13:00:00,rolling,2026-02-12,2026-02-13 00:00:00,19.0,24.0,0.09267057885253763,0.0,0.03271708746512851,0.3534980307319109
t1,2026-02-13 20:00:00,2026-02-13 14:00:00,rolling,2026-02-12,2026-02-13 00:00:00,20.0,24.0,0.19347402086446297,0.0,0.12533984372038018,0.5742595653940353
t1,2026-02-13 21:00:00,2026-02-13 15:00:00,rolling,2026-02-12,2026-02-13 00:00:00,21.0,24.0,0.3291458233459559,0.0,0.2777089777194128,0.7654318465355433
t1,2026-02-13 22:00:00,2026-02-13 16:00:00,rolling,2026-02-12,2026-02-13 00:00:00,22.0,24.0,0.4587681192938124,0.0,0.3811747630091494,0.9507607456607559
t1,2026-02-13 23:00:00,2026-02-13 17:00:00,rolling,2026-02-12,2026-02-13 00:00:00,23.0,24.0,0.5645422102616005,0.0693472842568173,0.5237249229939644,0.952744815984756
t1,2026-02-14 00:00:00,2026-02-13 18:00:00,rolling,2026-02-13,2026-02-14 00:00:00,0.0,24.0,0.6840659507930743,0.3473223892243764,0.7422052101831172,0.9236127354980294
t1,2026-02-14 01:00:00,2026-02-13 19:00:00,rolling,2026-02-13,2026-02-14 00:00:00,1.0,24.0,0.669657463491618,0.2826408758700396,0.7325615529691325,0.9287592663264138
t1,2026-02-14 02:00:00,2026-02-13 20:00:00,rolling,2026-02-13,2026-02-14 00:00:00,2.0,24.0,0.7416073121304428,0.3151136031044148,0.8047046152154984,0.914086994864273
t1,2026-02-14 03:00:00,2026-02-13 21:00:00,rolling,2026-02-13,2026-02-14 00:00:00,3.0,24.0,0.6994704549313183,0.3290062468379953,0.7791471100218438,0.9155378572824479
t1,2026-02-14 04:00:00,2026-02-13 22:00:00,rolling,2026-02-13,2026-02-14 00:00:00,4.0,24.0,0.6870918047323468,0.34271898653378624,0.7677766804687527,0.9093827728242017
t1,2026-02-14 05:00:00,2026-02-13 23:00:00,rolling,2026-02-13,2026-02-14 00:00:00,5.0,24.0,0.6041785007537455,0.18513657740665085,0.6530358660411508,0.9020234593824638
t1,2026-02-14 06:00:00,2026-02-14 00:00:00,rolling,2026-02-13,2026-02-14 00:00:00,6.0,24.0,0.33930253536420585,0.0,0.3210707715459223,0.7920527002120726
t1,2026-02-14 07:00:00,2026-02-14 01:00:00,rolling,2026-02-13,2026-02-14 00:00:00,7.0,24.0,0.27758166316056304,0.0,0.2136653656779018,0.7089221559480872
t1,2026-02-14 08:00:00,2026-02-14 02:00:00,rolling,2026-02-13,2026-02-14 00:00:00,8.0,24.0,0.12943179042483427,0.0,0.0890708146709403,0.6574713214458581
t1,2026-02-14 09:00:00,2026-02-14 03:00:00,rolling,2026-02-13,2026-02-14 00:00:00,9.0,24.0,0.11581449666090504,0.0,0.05317683127796366,0.5845219146354838
t1,2026-02-14 10:00:00,2026-02-14 04:00:00,rolling,2026-02-13,2026-02-14 00:00:00,10.0,24.0,0.06267844750182597,0.0,0.0,0.5112092165137451
t1,2026-02-14 11:00:00,2026-02-14 05:00:00,rolling,2026-02-13,2026-02-14 00:00:00,11.0,24.0,0.07945946662867379,0.0,0.0,0.49609052860895503
t1,2026-02-14 12:00:00,2026-02-14 06:00:00,rolling,2026-02-13,2026-02-14 00:00:00,12.0,24.0,0.08981069463174243,0.0,0.0,0.5768290867123526
t1,2026-02-14 13:00:00,2026-02-14 07:00:00,rolling,2026-02-13,2026-02-14 00:00:00,13.0,24.0,0.015756083178373112,0.0,0.0,0.3261052045739309
t1,2026-02-14 14:00:00,2026-02-14 08:00:00,rolling,2026-02-13,2026-02-14 00:00:00,14.0,24.0,0.0,0.0,0.0,0.17731137619210302
t1,2026-02-14 15:00:00,2026-02-14 09:00:00,rolling,2026-02-13,2026-02-14 00:00:00,15.0,24.0,0.0,0.0,0.0,0.22232383264780148
t1,2026-02-14 16:00:00,2026-02-14 10:00:00,rolling,2026-02-13,2026-02-14 00:00:00,16.0,24.0,0.0,0.0,0.0,0.1457731841054356
t1,2026-02-14 17:00:00,2026-02-14 11:00:00,rolling,2026-02-13,2026-02-14 00:00:00,17.0,24.0,0.0,0.0,0.0,0.17544829797328604
t1,2026-02-14 18:00:00,2026-02-14 12:00:00,rolling,2026-02-13,2026-02-14 00:00:00,18.0,24.0,0.0,0.0,0.0,0.11284312678441827
t1,2026-02-14 19:00:00,2026-02-14 13:00:00,rolling,2026-02-13,2026-02-14 00:00:00,19.0,24.0,0.0,0.0,0.0,0.1008141512460996
t1,2026-02-14 20:00:00,2026-02-14 14:00:00,rolling,2026-02-13,2026-02-14 00:00:00,20.0,24.0,0.0,0.0,0.0,0.1452530841919212
t1,2026-02-14 21:00:00,2026-02-14 15:00:00,rolling,2026-02-13,2026-02-14 00:00:00,21.0,24.0,0.0,0.0,0.0,0.13594081962513008
t1,2026-02-14 22:00:00,2026-02-14 16:00:00,rolling,2026-02-13,2026-02-14 00:00:00,22.0,24.0,0.0,0.0,0.0,0.15676127428819228
t1,2026-02-14 23:00:00,2026-02-14 17:00:00,rolling,2026-02-13,2026-02-14 00:00:00,23.0,24.0,0.0,0.0,0.0,0.14593188531311002
t1,2026-02-15 00:00:00,2026-02-14 18:00:00,rolling,2026-02-14,2026-02-15 00:00:00,0.0,24.0,0.06372292185260822,0.008709971890715295,0.021919090051296105,0.19476142078808706
t1,2026-02-15 01:00:00,2026-02-14 19:00:00,rolling,2026-02-14,2026-02-15 00:00:00,1.0,24.0,0.04627521125360897,0.008592592201076022,0.01894406744060044,0.158377847878876
t1,2026-02-15 02:00:00,2026-02-14 20:00:00,rolling,2026-02-14,2026-02-15 00:00:00,2.0,24.0,0.045990009567476335,0.008674091426034003,0.016793362730523086,0.15094067726524185
t1,2026-02-15 03:00:00,2026-02-14 21:00:00,rolling,2026-02-14,2026-02-15 00:00:00,3.0,24.0,0.05077019464028893,0.006997166715538405,0.020755676417914624,0.1723106690943176
t1,2026-02-15 04:00:00,2026-02-14 22:00:00,rolling,2026-02-14,2026-02-15 00:00:00,4.0,24.0,0.047980147194981955,0.007899383003415682,0.018320794668886864,0.19562505831777943
t1,2026-02-15 05:00:00,2026-02-14 23:00:00,rolling,2026-02-14,2026-02-15 00:00:00,5.0,24.0,0.09465824352659113,0.010979769472085149,0.045383388143822034,0.28942336851367745
t1,2026-02-15 06:00:00,2026-02-15 00:00:00,rolling,2026-02-14,2026-02-15 00:00:00,6.0,24.0,0.16247057322207206,0.020917197552368302,0.1116026957001644,0.41314861210886933
t1,2026-02-15 07:00:00,2026-02-15 01:00:00,rolling,2026-02-14,2026-02-15 00:00:00,7.0,24.0,0.23514803595917685,0.04758059059965314,0.1915463137450785,0.6055339968549419
t1,2026-02-15 08:00:00,2026-02-15 02:00:00,rolling,2026-02-14,2026-02-15 00:00:00,8.0,24.0,0.35792550018061464,0.10024134149856748,0.33468112199647143,0.7761007979664984
t1,2026-02-15 09:00:00,2026-02-15 03:00:00,rolling,2026-02-14,2026-02-15 00:00:00,9.0,24.0,0.5796146980379325,0.23490190903039865,0.5221298914573624,0.9271499641426444
t1,2026-02-15 10:00:00,2026-02-15 04:00:00,rolling,2026-02-14,2026-02-15 00:00:00,10.0,24.0,0.7957181833143943,0.3737169216703665,0.7807559160980603,0.9649705005760618
t1,2026-02-15 11:00:00,2026-02-15 05:00:00,rolling,2026-02-14,2026-02-15 00:00:00,11.0,24.0,0.8843207474893585,0.5848540038255309,0.9367285679724502,0.9836061073929909
t1,2026-02-15 12:00:00,2026-02-15 06:00:00,rolling,2026-02-14,2026-02-15 00:00:00,12.0,24.0,0.8777095605644433,0.640415820409816,0.9409972277860242,0.9841867942300276
t1,2026-02-15 13:00:00,2026-02-15 07:00:00,rolling,2026-02-14,2026-02-15 00:00:00,13.0,24.0,0.8858871587970881,0.6420049480924428,0.9497553887868712,0.9849216965934078
t1,2026-02-15 14:00:00,2026-02-15 08:00:00,rolling,2026-02-14,2026-02-15 00:00:00,14.0,24.0,0.907582420217541,0.7222143027833166,0.9537775449077764,0.9859679375435222
t1,2026-02-15 15:00:00,2026-02-15 09:00:00,rolling,2026-02-14,2026-02-15 00:00:00,15.0,24.0,0.9107491618166804,0.7352547566340968,0.9556568636356698,0.9865568759496672
t1,2026-02-15 16:00:00,2026-02-15 10:00:00,rolling,2026-02-14,2026-02-15 00:00:00,16.0,24.0,0.9084286851473693,0.7038394782401884,0.9391086995065282,0.9851040841534457
t1,2026-02-15 17:00:00,2026-02-15 11:00:00,rolling,2026-02-14,2026-02-15 00:00:00,17.0,24.0,0.8555092871945914,0.637801445881435,0.8922708809323193,0.9815012440857336
t1,2026-02-15 18:00:00,2026-02-15 12:00:00,rolling,2026-02-14,2026-02-15 00:00:00,18.0,24.0,0.8917274784397236,0.6541024866492757,0.9156646750273114,0.983239601570483
t1,2026-02-15 19:00:00,2026-02-15 13:00:00,rolling,2026-02-14,2026-02-15 00:00:00,19.0,24.0,0.8913886483160687,0.6414112373291219,0.9096055075567832,0.982981765088098
t1,2026-02-15 20:00:00,2026-02-15 14:00:00,rolling,2026-02-14,2026-02-15 00:00:00,20.0,24.0,0.8532233553437699,0.6270831382632749,0.8666791196272825,0.9793809744220345
t1,2026-02-15 21:00:00,2026-02-15 15:00:00,rolling,2026-02-14,2026-02-15 00:00:00,21.0,24.0,0.8364328729700671,0.6148604906197146,0.8635909355529356,0.9788538149758643
t1,2026-02-15 22:00:00,2026-02-15 16:00:00,rolling,2026-02-14,2026-02-15 00:00:00,22.0,24.0,0.7884765647611482,0.5316646776443739,0.8074976161638501,0.9746423077877912
t1,2026-02-15 23:00:00,2026-02-15 17:00:00,rolling,2026-02-14,2026-02-15 00:00:00,23.0,24.0,0.7390018738421524,0.47781717582029104,0.7785603058015605,0.972635197350604
t1,2026-02-16 00:00:00,2026-02-15 18:00:00,rolling,2026-02-15,2026-02-16 00:00:00,0.0,24.0,0.620310006593031,0.38363752468238,0.6094665078133579,0.9331387700632661
t1,2026-02-16 01:00:00,2026-02-15 19:00:00,rolling,2026-02-15,2026-02-16 00:00:00,1.0,24.0,0.5702523605557205,0.3123193994421434,0.5733961096788233,0.9425797836630438
t1,2026-02-16 02:00:00,2026-02-15 20:00:00,rolling,2026-02-15,2026-02-16 00:00:00,2.0,24.0,0.6063957322083438,0.32731606608116415,0.6116907104228853,0.9540839342749714
t1,2026-02-16 03:00:00,2026-02-15 21:00:00,rolling,2026-02-15,2026-02-16 00:00:00,3.0,24.0,0.6336963968035897,0.36831335752070815,0.6713995826615703,0.9599501412191561
t1,2026-02-16 04:00:00,2026-02-15 22:00:00,rolling,2026-02-15,2026-02-16 00:00:00,4.0,24.0,0.6600984955288255,0.396500015648808,0.6659492924353153,0.9604583529710728
t1,2026-02-16 05:00:00,2026-02-15 23:00:00,rolling,2026-02-15,2026-02-16 00:00:00,5.0,24.0,0.7896384896657117,0.466399113777826,0.8090042504555109,0.9756627905439161
t1,2026-02-16 06:00:00,2026-02-16 00:00:00,rolling,2026-02-15,2026-02-16 00:00:00,6.0,24.0,0.8095299125895848,0.5114969023110942,0.8200363761804432,0.974018404833212
t1,2026-02-16 07:00:00,2026-02-16 01:00:00,rolling,2026-02-15,2026-02-16 00:00:00,7.0,24.0,0.7790624256409442,0.49569480127712323,0.7979608629976035,0.9667730256032774
t1,2026-02-16 08:00:00,2026-02-16 02:00:00,rolling,2026-02-15,2026-02-16 00:00:00,8.0,24.0,0.6758149968669086,0.4266983946253316,0.7217012543861566,0.9565094085319732
t1,2026-02-16 09:00:00,2026-02-16 03:00:00,rolling,2026-02-15,2026-02-16 00:00:00,9.0,24.0,0.6525206639172719,0.38615562348030635,0.6950042543369908,0.9639435100283322
t1,2026-02-16 10:00:00,2026-02-16 04:00:00,rolling,2026-02-15,2026-02-16 00:00:00,10.0,24.0,0.6740040145777269,0.40259047798648107,0.7100511237248478,0.9615916570847236
t1,2026-02-16 11:00:00,2026-02-16 05:00:00,rolling,2026-02-15,2026-02-16 00:00:00,11.0,24.0,0.7124007766655037,0.41587654866359286,0.7580107655713746,0.9648805354180865
t1,2026-02-16 12:00:00,2026-02-16 06:00:00,rolling,2026-02-15,2026-02-16 00:00:00,12.0,24.0,0.7859824777918933,0.48006651265358335,0.8399983242934075,0.966615420480997
t1,2026-02-16 13:00:00,2026-02-16 07:00:00,rolling,2026-02-15,2026-02-16 00:00:00,13.0,24.0,0.8049889456655079,0.54030868365879,0.8739925846757292,0.9721915004406709
t1,2026-02-16 14:00:00,2026-02-16 08:00:00,rolling,2026-02-15,2026-02-16 00:00:00,14.0,24.0,0.811846399031555,0.510023698141,0.8440076468318752,0.9690318009916807
t1,2026-02-16 15:00:00,2026-02-16 09:00:00,rolling,2026-02-15,2026-02-16 00:00:00,15.0,24.0,0.7843031722009602,0.5044279777723736,0.8336464832399405,0.9700190888018454
t1,2026-02-16 16:00:00,2026-02-16 10:00:00,rolling,2026-02-15,2026-02-16 00:00:00,16.0,24.0,0.7632630492365492,0.47582323944555344,0.7929836133595651,0.969383855714605
t1,2026-02-16 17:00:00,2026-02-16 11:00:00,rolling,2026-02-15,2026-02-16 00:00:00,17.0,24.0,0.682699814410013,0.41138998201056837,0.7313130849560252,0.9663587395372155
t1,2026-02-16 18:00:00,2026-02-16 12:00:00,rolling,2026-02-15,2026-02-16 00:00:00,18.0,24.0,0.6391990338068189,0.39194630212566706,0.7184923136272944,0.9641423275192745
t1,2026-02-16 19:00:00,2026-02-16 13:00:00,rolling,2026-02-15,2026-02-16 00:00:00,19.0,24.0,0.6336208425976104,0.36641526191293977,0.6823006324137197,0.9620294766289389
t1,2026-02-16 20:00:00,2026-02-16 14:00:00,rolling,2026-02-15,2026-02-16 00:00:00,20.0,24.0,0.6589982903943052,0.3809930922806814,0.7029738419546152,0.9647183154387047
t1,2026-02-16 21:00:00,2026-02-16 15:00:00,rolling,2026-02-15,2026-02-16 00:00:00,21.0,24.0,0.6710486061864288,0.4008825697369642,0.7154770889789711,0.9655821361054607
t1,2026-02-16 22:00:00,2026-02-16 16:00:00,rolling,2026-02-15,2026-02-16 00:00:00,22.0,24.0,0.6812231352984832,0.3928147252324282,0.7442361841000594,0.9676767746498005
t1,2026-02-16 23:00:00,2026-02-16 17:00:00,rolling,2026-02-15,2026-02-16 00:00:00,23.0,24.0,0.6636975497130398,0.3882072439117135,0.7645056515795328,0.9691053551082149
t1,2026-02-17 00:00:00,2026-02-16 18:00:00,rolling,2026-02-16,2026-02-17 00:00:00,0.0,24.0,0.6409661534059673,0.3297451457533486,0.6921297675989346,0.955456308651413
t1,2026-02-17 01:00:00,2026-02-16 19:00:00,rolling,2026-02-16,2026-02-17 00:00:00,1.0,24.0,0.6147046389689016,0.3796197565996306,0.6651077157328275,0.9511669488970598
t1,2026-02-17 02:00:00,2026-02-16 20:00:00,rolling,2026-02-16,2026-02-17 00:00:00,2.0,24.0,0.6110786958586593,0.3762505419856808,0.6481084969554761,0.9510637835737602
t1,2026-02-17 03:00:00,2026-02-16 21:00:00,rolling,2026-02-16,2026-02-17 00:00:00,3.0,24.0,0.5740456572134902,0.303478542888408,0.6013476306375489,0.9295851069369346
t1,2026-02-17 04:00:00,2026-02-16 22:00:00,rolling,2026-02-16,2026-02-17 00:00:00,4.0,24.0,0.47442805941245014,0.2555519228998613,0.46940278007303066,0.8789475178282353
t1,2026-02-17 05:00:00,2026-02-16 23:00:00,rolling,2026-02-16,2026-02-17 00:00:00,5.0,24.0,0.3922029481538395,0.1711084115042087,0.3593225606618238,0.7982292015434367
t1,2026-02-17 06:00:00,2026-02-17 00:00:00,rolling,2026-02-16,2026-02-17 00:00:00,6.0,24.0,0.3117765117773952,0.051604610715456134,0.26216393805518096,0.6953253286459256
t1,2026-02-17 07:00:00,2026-02-17 01:00:00,rolling,2026-02-16,2026-02-17 00:00:00,7.0,24.0,0.29648366904208695,0.05223226684568005,0.24248406000902328,0.6439248498035214
t1,2026-02-17 08:00:00,2026-02-17 02:00:00,rolling,2026-02-16,2026-02-17 00:00:00,8.0,24.0,0.21743364461990633,0.05010337037258428,0.1821763681985383,0.5278066717587272
t1,2026-02-17 09:00:00,2026-02-17 03:00:00,rolling,2026-02-16,2026-02-17 00:00:00,9.0,24.0,0.133446258247264,0.01866279070000835,0.07750900697504488,0.45843027821768645
t1,2026-02-17 10:00:00,2026-02-17 04:00:00,rolling,2026-02-16,2026-02-17 00:00:00,10.0,24.0,0.15702777615738756,0.01777278558103941,0.09701904875836558,0.47835123097840326
t1,2026-02-17 11:00:00,2026-02-17 05:00:00,rolling,2026-02-16,2026-02-17 00:00:00,11.0,24.0,0.14889510176854456,0.01931702594896592,0.09468932134633289,0.4179804163753491
t1,2026-02-17 12:00:00,2026-02-17 06:00:00,rolling,2026-02-16,2026-02-17 00:00:00,12.0,24.0,0.1521682204185459,0.020418138733821353,0.0908770566577829,0.3431809588475794
t1,2026-02-17 13:00:00,2026-02-17 07:00:00,rolling,2026-02-16,2026-02-17 00:00:00,13.0,24.0,0.15642496586156096,0.02331455142268722,0.11602570459755747,0.4272264134655373
t1,2026-02-17 14:00:00,2026-02-17 08:00:00,rolling,2026-02-16,2026-02-17 00:00:00,14.0,24.0,0.20002495819581037,0.02531465305640987,0.14764961511092295,0.5028338555240117
t1,2026-02-17 15:00:00,2026-02-17 09:00:00,rolling,2026-02-16,2026-02-17 00:00:00,15.0,24.0,0.27852847135169523,0.03995072531104921,0.21402429369541764,0.5833361932892684
t1,2026-02-17 16:00:00,2026-02-17 10:00:00,rolling,2026-02-16,2026-02-17 00:00:00,16.0,24.0,0.37371529452350594,0.064544870802868,0.26305595090859824,0.7096745459485876
t1,2026-02-17 17:00:00,2026-02-17 11:00:00,rolling,2026-02-16,2026-02-17 00:00:00,17.0,24.0,0.52440678766159,0.09471170800768625,0.42769802931544715,0.8434134602764574
t1,2026-02-17 18:00:00,2026-02-17 12:00:00,rolling,2026-02-16,2026-02-17 00:00:00,18.0,24.0,0.6416657401167523,0.1403202751983103,0.5745987196749235,0.9559345036928537
t1,2026-02-17 19:00:00,2026-02-17 13:00:00,rolling,2026-02-16,2026-02-17 00:00:00,19.0,24.0,0.6736264433649587,0.21470455829715984,0.6140048754578259,0.9542661208137536
t1,2026-02-17 20:00:00,2026-02-17 14:00:00,rolling,2026-02-16,2026-02-17 00:00:00,20.0,24.0,0.7140195940684277,0.31031314214359146,0.680707043655876,0.9624045639107334
t1,2026-02-17 21:00:00,2026-02-17 15:00:00,rolling,2026-02-16,2026-02-17 00:00:00,21.0,24.0,0.6811765854757089,0.36753390558110793,0.7317399084555621,0.9707826424944637
t1,2026-02-17 22:00:00,2026-02-17 16:00:00,rolling,2026-02-16,2026-02-17 00:00:00,22.0,24.0,0.6753016706475728,0.4086320264727086,0.730337514649996,0.9672133026613627
t1,2026-02-17 23:00:00,2026-02-17 17:00:00,rolling,2026-02-16,2026-02-17 00:00:00,23.0,24.0,0.6528889057270301,0.395319534938994,0.7222825481626037,0.9639172601900559
t1,2026-02-18 00:00:00,2026-02-17 18:00:00,rolling,2026-02-17,2026-02-18 00:00:00,0.0,24.0,0.758173342650282,0.5487943489183631,0.7997124898450364,0.9876753529902704
t1,2026-02-18 01:00:00,2026-02-17 19:00:00,rolling,2026-02-17,2026-02-18 00:00:00,1.0,24.0,0.7865979627528674,0.5545405019782778,0.8293538770520962,0.9886423188543662
t1,2026-02-18 02:00:00,2026-02-17 20:00:00,rolling,2026-02-17,2026-02-18 00:00:00,2.0,24.0,0.7698225578469506,0.5616473783163861,0.7980096106612226,0.9882416889607759
t1,2026-02-18 03:00:00,2026-02-17 21:00:00,rolling,2026-02-17,2026-02-18 00:00:00,3.0,24.0,0.7059081548109258,0.4906375339606727,0.7681748434301232,0.9883023044534103
t1,2026-02-18 04:00:00,2026-02-17 22:00:00,rolling,2026-02-17,2026-02-18 00:00:00,4.0,24.0,0.7152979050786084,0.5111793687703251,0.7864144278635816,0.9881074733649937
t1,2026-02-18 05:00:00,2026-02-17 23:00:00,rolling,2026-02-17,2026-02-18 00:00:00,5.0,24.0,0.7588328645508449,0.4923013322311321,0.8465837039749017,0.9885052534704859
t1,2026-02-18 06:00:00,2026-02-18 00:00:00,rolling,2026-02-17,2026-02-18 00:00:00,6.0,24.0,0.816960860656195,0.5607065658372957,0.8905995767773139,0.9884729531176892
t1,2026-02-18 07:00:00,2026-02-18 01:00:00,rolling,2026-02-17,2026-02-18 00:00:00,7.0,24.0,0.8463060196123948,0.6897668083276493,0.8988835317568785,0.9886249582834135
t1,2026-02-18 08:00:00,2026-02-18 02:00:00,rolling,2026-02-17,2026-02-18 00:00:00,8.0,24.0,0.8751179569057951,0.7163563974057954,0.9183372290973538,0.9887468575272597
t1,2026-02-18 09:00:00,2026-02-18 03:00:00,rolling,2026-02-17,2026-02-18 00:00:00,9.0,24.0,0.9035169537112114,0.741593847345865,0.955022306391726,0.9888042088228174
t1,2026-02-18 10:00:00,2026-02-18 04:00:00,rolling,2026-02-17,2026-02-18 00:00:00,10.0,24.0,0.9073655858120561,0.745282741877764,0.9560214967462899,0.9888808053955749
t1,2026-02-18 11:00:00,2026-02-18 05:00:00,rolling,2026-02-17,2026-02-18 00:00:00,11.0,24.0,0.9176338490291052,0.7412296477393886,0.9560103204864708,0.9888263327691353
t1,2026-02-18 12:00:00,2026-02-18 06:00:00,rolling,2026-02-17,2026-02-18 00:00:00,12.0,24.0,0.9184938126647573,0.7405180684478124,0.9560103204864708,0.9888374943101665
t1,2026-02-18 13:00:00,2026-02-18 07:00:00,rolling,2026-02-17,2026-02-18 00:00:00,13.0,24.0,0.9207576864360564,0.7445312530468808,0.9560103204864708,0.988948403307236
t1,2026-02-18 14:00:00,2026-02-18 08:00:00,rolling,2026-02-17,2026-02-18 00:00:00,14.0,24.0,0.9365010554930036,0.7876991572464003,0.9561630392635619,0.9887428755346512
t1,2026-02-18 15:00:00,2026-02-18 09:00:00,rolling,2026-02-17,2026-02-18 00:00:00,15.0,24.0,0.918294946766174,0.7438003740710796,0.956017198881055,0.9889219353416655
t1,2026-02-18 16:00:00,2026-02-18 10:00:00,rolling,2026-02-17,2026-02-18 00:00:00,16.0,24.0,0.9289066330405463,0.7290191047506076,0.9534046495092019,0.9887148091453001
t1,2026-02-18 17:00:00,2026-02-18 11:00:00,rolling,2026-02-17,2026-02-18 00:00:00,17.0,24.0,0.916351823806987,0.6897251533180827,0.9545271205299628,0.9882942139281982
t1,2026-02-18 18:00:00,2026-02-18 12:00:00,rolling,2026-02-17,2026-02-18 00:00:00,18.0,24.0,0.8679016651539442,0.6193464171774451,0.8976102567490961,0.9879224205364123
t1,2026-02-18 19:00:00,2026-02-18 13:00:00,rolling,2026-02-17,2026-02-18 00:00:00,19.0,24.0,0.8141514134465752,0.5212559725373933,0.8391219686488907,0.9884044284486664
t1,2026-02-18 20:00:00,2026-02-18 14:00:00,rolling,2026-02-17,2026-02-18 00:00:00,20.0,24.0,0.6931799222289062,0.44653065180857227,0.7013821029095368,0.988308347865461
t1,2026-02-18 21:00:00,2026-02-18 15:00:00,rolling,2026-02-17,2026-02-18 00:00:00,21.0,24.0,0.6883998077123283,0.3942383194015064,0.6832817830253337,0.9830184302065026
t1,2026-02-18 22:00:00,2026-02-18 16:00:00,rolling,2026-02-17,2026-02-18 00:00:00,22.0,24.0,0.6955546828151146,0.44180121352928164,0.7231474986668958,0.9864231313940796
t1,2026-02-18 23:00:00,2026-02-18 17:00:00,rolling,2026-02-17,2026-02-18 00:00:00,23.0,24.0,0.66764874731499,0.38899150268594795,0.7037275173994767,0.9770746185386856
t1,2026-02-19 00:00:00,2026-02-18 18:00:00,rolling,2026-02-18,2026-02-19 00:00:00,0.0,24.0,0.7151843738697364,0.4420190824667585,0.7406461451584435,0.9867610361709236
t1,2026-02-19 01:00:00,2026-02-18 19:00:00,rolling,2026-02-18,2026-02-19 00:00:00,1.0,24.0,0.7245553734288452,0.40994558922247937,0.7734210129810569,0.9859557616615324
t1,2026-02-19 02:00:00,2026-02-18 20:00:00,rolling,2026-02-18,2026-02-19 00:00:00,2.0,24.0,0.7053743412156729,0.41770846948469254,0.7391785927853494,0.9782540529844218
t1,2026-02-19 03:00:00,2026-02-18 21:00:00,rolling,2026-02-18,2026-02-19 00:00:00,3.0,24.0,0.6606996457520823,0.34082526243065303,0.7270991903476913,0.9752165455355861
t1,2026-02-19 04:00:00,2026-02-18 22:00:00,rolling,2026-02-18,2026-02-19 00:00:00,4.0,24.0,0.6423859135815194,0.3223296852596744,0.7032397968411858,0.9742356002544366
t1,2026-02-19 05:00:00,2026-02-18 23:00:00,rolling,2026-02-18,2026-02-19 00:00:00,5.0,24.0,0.6087180799667532,0.3059934033182042,0.6637664923942906,0.9507885738377525
t1,2026-02-19 06:00:00,2026-02-19 00:00:00,rolling,2026-02-18,2026-02-19 00:00:00,6.0,24.0,0.49792980335151116,0.2733478535001304,0.5676987600753371,0.8894887100132005
t1,2026-02-19 07:00:00,2026-02-19 01:00:00,rolling,2026-02-18,2026-02-19 00:00:00,7.0,24.0,0.42152151897727663,0.2566888029596686,0.4902334109869281,0.8688369148156083
t1,2026-02-19 08:00:00,2026-02-19 02:00:00,rolling,2026-02-18,2026-02-19 00:00:00,8.0,24.0,0.40910595259023724,0.17677206080768162,0.41921063630614835,0.8312249153208843
t1,2026-02-19 09:00:00,2026-02-19 03:00:00,rolling,2026-02-18,2026-02-19 00:00:00,9.0,24.0,0.3384026579820769,0.08434632156297187,0.29348914464541814,0.7673417700889047
t1,2026-02-19 10:00:00,2026-02-19 04:00:00,rolling,2026-02-18,2026-02-19 00:00:00,10.0,24.0,0.46457554694125525,0.09566445129541729,0.3938521000436378,0.8387987819451241
t1,2026-02-19 11:00:00,2026-02-19 05:00:00,rolling,2026-02-18,2026-02-19 00:00:00,11.0,24.0,0.548508707044911,0.1223530310057171,0.4842734875269115,0.8470972887212821
t1,2026-02-19 12:00:00,2026-02-19 06:00:00,rolling,2026-02-18,2026-02-19 00:00:00,12.0,24.0,0.380936675285159,0.07442865818332162,0.38661046764419205,0.7899919473738339
t1,2026-02-19 13:00:00,2026-02-19 07:00:00,rolling,2026-02-18,2026-02-19 00:00:00,13.0,24.0,0.35353681008222554,0.06498653329727087,0.307302435001017,0.7600450173905944
t1,2026-02-19 14:00:00,2026-02-19 08:00:00,rolling,2026-02-18,2026-02-19 00:00:00,14.0,24.0,0.335732921664158,0.04481101740610464,0.2952581371704606,0.7488996953718308
t1,2026-02-19 15:00:00,2026-02-19 09:00:00,rolling,2026-02-18,2026-02-19 00:00:00,15.0,24.0,0.2718133821971788,0.03623717735538141,0.20128860634363704,0.6576296609268333
t1,2026-02-19 16:00:00,2026-02-19 10:00:00,rolling,2026-02-18,2026-02-19 00:00:00,16.0,24.0,0.2538176941287867,0.029327875017126723,0.1688617127816966,0.6293930256198058
t1,2026-02-19 17:00:00,2026-02-19 11:00:00,rolling,2026-02-18,2026-02-19 00:00:00,17.0,24.0,0.22055839888472994,0.022499537914034765,0.14156891796166962,0.5694523184965193
t1,2026-02-19 18:00:00,2026-02-19 12:00:00,rolling,2026-02-18,2026-02-19 00:00:00,18.0,24.0,0.15480537804061797,0.016170707234737045,0.0869151093011969,0.4354692527407564
t1,2026-02-19 19:00:00,2026-02-19 13:00:00,rolling,2026-02-18,2026-02-19 00:00:00,19.0,24.0,0.13448594731014282,0.010874011075936664,0.06994552812336065,0.3512922371518641
t1,2026-02-19 20:00:00,2026-02-19 14:00:00,rolling,2026-02-18,2026-02-19 00:00:00,20.0,24.0,0.08405588018785039,0.009051080615677325,0.03099186901628463,0.24820636332428184
t1,2026-02-19 21:00:00,2026-02-19 15:00:00,rolling,2026-02-18,2026-02-19 00:00:00,21.0,24.0,0.0953898514234878,0.009254100657666763,0.027741899943549017,0.2669112467988632
t1,2026-02-19 22:00:00,2026-02-19 16:00:00,rolling,2026-02-18,2026-02-19 00:00:00,22.0,24.0,0.11494749957904693,0.009559508246749112,0.04582900049231665,0.3480014550304431
t1,2026-02-19 23:00:00,2026-02-19 17:00:00,rolling,2026-02-18,2026-02-19 00:00:00,23.0,24.0,0.18821162117983328,0.01326651510058642,0.08159542535257393,0.48974904066374675
t1,2026-02-20 00:00:00,2026-02-19 18:00:00,rolling,2026-02-19,2026-02-20 00:00:00,0.0,24.0,0.2794564299300325,0.02202037735510125,0.2558796075042896,0.7611789050235108
t1,2026-02-20 01:00:00,2026-02-19 19:00:00,rolling,2026-02-19,2026-02-20 00:00:00,1.0,24.0,0.2926445598297466,0.015956659747693155,0.21629117732499134,0.7869853391371808
t1,2026-02-20 02:00:00,2026-02-19 20:00:00,rolling,2026-02-19,2026-02-20 00:00:00,2.0,24.0,0.2722468489393068,0.016337732401720886,0.2213464080981736,0.7209066089764611
t1,2026-02-20 03:00:00,2026-02-19 21:00:00,rolling,2026-02-19,2026-02-20 00:00:00,3.0,24.0,0.3370049775723398,0.022181892981653656,0.2940518900722607,0.7501023007408834
t1,2026-02-20 04:00:00,2026-02-19 22:00:00,rolling,2026-02-19,2026-02-20 00:00:00,4.0,24.0,0.3672736687836903,0.02941729506172185,0.31310539171580853,0.7958602863247332
t1,2026-02-20 05:00:00,2026-02-19 23:00:00,rolling,2026-02-19,2026-02-20 00:00:00,5.0,24.0,0.40321441725973206,0.043894419211421475,0.34454666111716525,0.8159969325753493
t1,2026-02-20 06:00:00,2026-02-20 00:00:00,rolling,2026-02-19,2026-02-20 00:00:00,6.0,24.0,0.4821640022103063,0.07659591958219815,0.4679462155753154,0.883487736166714
t1,2026-02-20 07:00:00,2026-02-20 01:00:00,rolling,2026-02-19,2026-02-20 00:00:00,7.0,24.0,0.5317913362979009,0.07863662390298276,0.5477596278785177,0.9357145637911846
t1,2026-02-20 08:00:00,2026-02-20 02:00:00,rolling,2026-02-19,2026-02-20 00:00:00,8.0,24.0,0.5258200760051621,0.07579940539812419,0.5514524111528992,0.9380984088190936
t1,2026-02-20 09:00:00,2026-02-20 03:00:00,rolling,2026-02-19,2026-02-20 00:00:00,9.0,24.0,0.49537794819099373,0.07313681960473209,0.5250783139109786,0.913862482610706
t1,2026-02-20 10:00:00,2026-02-20 04:00:00,rolling,2026-02-19,2026-02-20 00:00:00,10.0,24.0,0.4124765979007358,0.041275397131325234,0.4412153013572897,0.8596001846591332
t1,2026-02-20 11:00:00,2026-02-20 05:00:00,rolling,2026-02-19,2026-02-20 00:00:00,11.0,24.0,0.3061582686436797,0.03596923652270961,0.29305154221146273,0.7214545280713583
t1,2026-02-20 12:00:00,2026-02-20 06:00:00,rolling,2026-02-19,2026-02-20 00:00:00,12.0,24.0,0.2485151910979938,0.022669418864776712,0.23159017931946513,0.6944372667023376
t1,2026-02-20 13:00:00,2026-02-20 07:00:00,rolling,2026-02-19,2026-02-20 00:00:00,13.0,24.0,0.23030768038736213,0.016076881963808357,0.19611849449889035,0.6032408132880531
t1,2026-02-20 14:00:00,2026-02-20 08:00:00,rolling,2026-02-19,2026-02-20 00:00:00,14.0,24.0,0.18693239652964416,0.012010577842822013,0.13908880858026343,0.4941072201910953
t1,2026-02-20 15:00:00,2026-02-20 09:00:00,rolling,2026-02-19,2026-02-20 00:00:00,15.0,24.0,0.14552030267385715,0.011069443298800379,0.10086998429645036,0.4131137927544595
t1,2026-02-20 16:00:00,2026-02-20 10:00:00,rolling,2026-02-19,2026-02-20 00:00:00,16.0,24.0,0.1060568280745819,0.012298715069745213,0.06524149034892728,0.3135701693093339
t1,2026-02-20 17:00:00,2026-02-20 11:00:00,rolling,2026-02-19,2026-02-20 00:00:00,17.0,24.0,0.09258507909078724,0.00905472677014727,0.05740659605608423,0.27143783884989375
t1,2026-02-20 18:00:00,2026-02-20 12:00:00,rolling,2026-02-19,2026-02-20 00:00:00,18.0,24.0,0.12386544724211994,0.00980894082751206,0.0674883647317964,0.3153542700470563
t1,2026-02-20 19:00:00,2026-02-20 13:00:00,rolling,2026-02-19,2026-02-20 00:00:00,19.0,24.0,0.2082751839621399,0.011522773397273088,0.1172929367073184,0.5390646019307583
t1,2026-02-20 20:00:00,2026-02-20 14:00:00,rolling,2026-02-19,2026-02-20 00:00:00,20.0,24.0,0.2595806167101482,0.022622431374472445,0.15425437833929656,0.6525491497129908
t1,2026-02-20 21:00:00,2026-02-20 15:00:00,rolling,2026-02-19,2026-02-20 00:00:00,21.0,24.0,0.3739196740552411,0.028097428488080285,0.3060221187914672,0.8088665369002254
t1,2026-02-20 22:00:00,2026-02-20 16:00:00,rolling,2026-02-19,2026-02-20 00:00:00,22.0,24.0,0.504897126327005,0.06329648348658147,0.44206066096059404,0.9077978324079742
t1,2026-02-20 23:00:00,2026-02-20 17:00:00,rolling,2026-02-19,2026-02-20 00:00:00,23.0,24.0,0.587559093550977,0.14280010286692962,0.538130119847672,0.9522063589696926
t1,2026-02-21 00:00:00,2026-02-20 18:00:00,rolling,2026-02-20,2026-02-21 00:00:00,0.0,24.0,0.6589559945615949,0.3352413169243493,0.6998076914243311,0.9773052107834115
t1,2026-02-21 01:00:00,2026-02-20 19:00:00,rolling,2026-02-20,2026-02-21 00:00:00,1.0,24.0,0.6502336804381764,0.3398302953092038,0.6867279448157709,0.9683281155129762
t1,2026-02-21 02:00:00,2026-02-20 20:00:00,rolling,2026-02-20,2026-02-21 00:00:00,2.0,24.0,0.6358058067323302,0.34218492692834734,0.6663332850498107,0.9702853162702044
t1,2026-02-21 03:00:00,2026-02-20 21:00:00,rolling,2026-02-20,2026-02-21 00:00:00,3.0,24.0,0.622010158148746,0.31323237056708586,0.6641725151743157,0.9603650978778179
t1,2026-02-21 04:00:00,2026-02-20 22:00:00,rolling,2026-02-20,2026-02-21 00:00:00,4.0,24.0,0.6110911563589796,0.3027812091982917,0.6190432993268676,0.9470311629829032
t1,2026-02-21 05:00:00,2026-02-20 23:00:00,rolling,2026-02-20,2026-02-21 00:00:00,5.0,24.0,0.6097398982774314,0.36366110842908045,0.6145110280769164,0.9499864132513395
t1,2026-02-21 06:00:00,2026-02-21 00:00:00,rolling,2026-02-20,2026-02-21 00:00:00,6.0,24.0,0.5991512106334728,0.349923917470174,0.5965033945370444,0.9556747351382766
t1,2026-02-21 07:00:00,2026-02-21 01:00:00,rolling,2026-02-20,2026-02-21 00:00:00,7.0,24.0,0.5092033456160964,0.2563091271549771,0.48626427444163806,0.9275195625045904
t1,2026-02-21 08:00:00,2026-02-21 02:00:00,rolling,2026-02-20,2026-02-21 00:00:00,8.0,24.0,0.5664708357044417,0.24466122309155405,0.4874769316120989,0.9147282914706948
t1,2026-02-21 09:00:00,2026-02-21 03:00:00,rolling,2026-02-20,2026-02-21 00:00:00,9.0,24.0,0.47305601803202235,0.17473935124850468,0.4513573213616981,0.8640230310771712
t1,2026-02-21 10:00:00,2026-02-21 04:00:00,rolling,2026-02-20,2026-02-21 00:00:00,10.0,24.0,0.3045672861196047,0.026210018552433156,0.21879201515599042,0.7005309285555024
t1,2026-02-21 11:00:00,2026-02-21 05:00:00,rolling,2026-02-20,2026-02-21 00:00:00,11.0,24.0,0.4232008512433,0.07013212757805476,0.30846608813822923,0.8239594455392133
t1,2026-02-21 12:00:00,2026-02-21 06:00:00,rolling,2026-02-20,2026-02-21 00:00:00,12.0,24.0,0.6498980152655405,0.20621176054933785,0.6254985420784358,0.9778251738770491
t1,2026-02-21 13:00:00,2026-02-21 07:00:00,rolling,2026-02-20,2026-02-21 00:00:00,13.0,24.0,0.8168543481305997,0.4140411206450658,0.8988588750427395,0.9893265675269743
t1,2026-02-21 14:00:00,2026-02-21 08:00:00,rolling,2026-02-20,2026-02-21 00:00:00,14.0,24.0,0.8533596891717604,0.4736529837399451,0.9112238841258863,0.9893682967431366
t1,2026-02-21 15:00:00,2026-02-21 09:00:00,rolling,2026-02-20,2026-02-21 00:00:00,15.0,24.0,0.8571554527499529,0.571182601125852,0.9276540674977646,0.9884832976882052
t1,2026-02-21 16:00:00,2026-02-21 10:00:00,rolling,2026-02-20,2026-02-21 00:00:00,16.0,24.0,0.7706591984700585,0.3589599892931666,0.8414423636620595,0.9823042542516728
t1,2026-02-21 17:00:00,2026-02-21 11:00:00,rolling,2026-02-20,2026-02-21 00:00:00,17.0,24.0,0.7028689285806878,0.4120651896931576,0.7499183311601026,0.967430493090849
t1,2026-02-21 18:00:00,2026-02-21 12:00:00,rolling,2026-02-20,2026-02-21 00:00:00,18.0,24.0,0.6120946455399948,0.3016300265579666,0.6426345824830354,0.9346342806468753
t1,2026-02-21 19:00:00,2026-02-21 13:00:00,rolling,2026-02-20,2026-02-21 00:00:00,19.0,24.0,0.4598184121685244,0.17565479058753886,0.43030696586806727,0.830749066137438
t1,2026-02-21 20:00:00,2026-02-21 14:00:00,rolling,2026-02-20,2026-02-21 00:00:00,20.0,24.0,0.37467192655001197,0.05420585437592807,0.29087103663993735,0.8175506816233482
t1,2026-02-21 21:00:00,2026-02-21 15:00:00,rolling,2026-02-20,2026-02-21 00:00:00,21.0,24.0,0.3325830063334767,0.044448661591645844,0.25435681035370056,0.6313661633105834
t1,2026-02-21 22:00:00,2026-02-21 16:00:00,rolling,2026-02-20,2026-02-21 00:00:00,22.0,24.0,0.29498092609293136,0.039362779047136906,0.22136617841886627,0.5943690516740998
t1,2026-02-21 23:00:00,2026-02-21 17:00:00,rolling,2026-02-20,2026-02-21 00:00:00,23.0,24.0,0.4900834907585922,0.0572662940316,0.4213564336371362,0.8456662107179591
t1,2026-02-22 00:00:00,2026-02-21 18:00:00,rolling,2026-02-21,2026-02-22 00:00:00,0.0,24.0,0.10476908549098872,0.009899938202011979,0.06798987197009798,0.3028601619646718
t1,2026-02-22 01:00:00,2026-02-21 19:00:00,rolling,2026-02-21,2026-02-22 00:00:00,1.0,24.0,0.09993303090055476,0.00935616758649747,0.06731500414810936,0.2889173414177485
t1,2026-02-22 02:00:00,2026-02-21 20:00:00,rolling,2026-02-21,2026-02-22 00:00:00,2.0,24.0,0.07620279895859716,0.00923545791159439,0.0399432429194872,0.26132076025169215
t1,2026-02-22 03:00:00,2026-02-21 21:00:00,rolling,2026-02-21,2026-02-22 00:00:00,3.0,24.0,0.05531142241139192,0.009073259758361416,0.017402441476882243,0.19926096461229914
t1,2026-02-22 04:00:00,2026-02-21 22:00:00,rolling,2026-02-21,2026-02-22 00:00:00,4.0,24.0,0.05478764358262847,0.009114083977184774,0.017298464012291744,0.17324192619945744
t1,2026-02-22 05:00:00,2026-02-21 23:00:00,rolling,2026-02-21,2026-02-22 00:00:00,5.0,24.0,0.05584746938070702,0.009129143364261837,0.021296756482900685,0.19633419073869018
t1,2026-02-22 06:00:00,2026-02-22 00:00:00,rolling,2026-02-21,2026-02-22 00:00:00,6.0,24.0,0.09966796365628808,0.009901186976498343,0.03766170931837461,0.2778499618804685
t1,2026-02-22 07:00:00,2026-02-22 01:00:00,rolling,2026-02-21,2026-02-22 00:00:00,7.0,24.0,0.16913262858819456,0.015914991547134126,0.11275410772171837,0.4596793652263738
t1,2026-02-22 08:00:00,2026-02-22 02:00:00,rolling,2026-02-21,2026-02-22 00:00:00,8.0,24.0,0.26220174322858114,0.03856895933600479,0.19385840560329562,0.658148626438521
t1,2026-02-22 09:00:00,2026-02-22 03:00:00,rolling,2026-02-21,2026-02-22 00:00:00,9.0,24.0,0.4268461746459296,0.06884148709828584,0.34760105324453394,0.8758959472123818
t1,2026-02-22 10:00:00,2026-02-22 04:00:00,rolling,2026-02-21,2026-02-22 00:00:00,10.0,24.0,0.5832826025767348,0.12631432896971795,0.46993351575285214,0.9616283167057046
t1,2026-02-22 11:00:00,2026-02-22 05:00:00,rolling,2026-02-21,2026-02-22 00:00:00,11.0,24.0,0.7212125252139656,0.21620527625349345,0.6580706289319227,0.9824935790865434
t1,2026-02-22 12:00:00,2026-02-22 06:00:00,rolling,2026-02-21,2026-02-22 00:00:00,12.0,24.0,0.8836253918000195,0.5248023367486351,0.9318663666362962,0.98853037048716
t1,2026-02-22 13:00:00,2026-02-22 07:00:00,rolling,2026-02-21,2026-02-22 00:00:00,13.0,24.0,0.8917711974686467,0.5924799969920531,0.9409954253642695,0.9883690758324679
t1,2026-02-22 14:00:00,2026-02-22 08:00:00,rolling,2026-02-21,2026-02-22 00:00:00,14.0,24.0,0.8924462665386768,0.6152324611173744,0.9425598042337026,0.985906157020372
t1,2026-02-22 15:00:00,2026-02-22 09:00:00,rolling,2026-02-21,2026-02-22 00:00:00,15.0,24.0,0.8934247530600058,0.6136040357542818,0.9451824045258037,0.9872191562454901
t1,2026-02-22 16:00:00,2026-02-22 10:00:00,rolling,2026-02-21,2026-02-22 00:00:00,16.0,24.0,0.8902271793202813,0.6044174615666023,0.9434446751002415,0.9866602000841657
t1,2026-02-22 17:00:00,2026-02-22 11:00:00,rolling,2026-02-21,2026-02-22 00:00:00,17.0,24.0,0.8011611325815671,0.526634941645456,0.8587964883514877,0.9825697148965923
t1,2026-02-22 18:00:00,2026-02-22 12:00:00,rolling,2026-02-21,2026-02-22 00:00:00,18.0,24.0,0.6599337997325989,0.30950446192579967,0.6629164174046036,0.9789047259081387
t1,2026-02-22 19:00:00,2026-02-22 13:00:00,rolling,2026-02-21,2026-02-22 00:00:00,19.0,24.0,0.5277286182780502,0.16942139369589193,0.49321756388893484,0.9477416911666049
t1,2026-02-22 20:00:00,2026-02-22 14:00:00,rolling,2026-02-21,2026-02-22 00:00:00,20.0,24.0,0.32743011121121857,0.05474966788281954,0.2518611254187112,0.7545038901637974
t1,2026-02-22 21:00:00,2026-02-22 15:00:00,rolling,2026-02-21,2026-02-22 00:00:00,21.0,24.0,0.2525206545833864,0.01641604597948082,0.21228289555845142,0.6634029013682052
t1,2026-02-22 22:00:00,2026-02-22 16:00:00,rolling,2026-02-21,2026-02-22 00:00:00,22.0,24.0,0.2212957852302153,0.021376785433360607,0.11993658461822035,0.6086865608182516
t1,2026-02-22 23:00:00,2026-02-22 17:00:00,rolling,2026-02-21,2026-02-22 00:00:00,23.0,24.0,0.31422873166824694,0.02494639602578652,0.2517310824705572,0.7858593650006362
t1,2026-02-23 00:00:00,2026-02-22 18:00:00,rolling,2026-02-22,2026-02-23 00:00:00,0.0,24.0,0.07748571017102163,0.009459611620391722,0.032066197241785575,0.28910793632594955
t1,2026-02-23 01:00:00,2026-02-22 19:00:00,rolling,2026-02-22,2026-02-23 00:00:00,1.0,24.0,0.07522634528625548,0.009480835333201027,0.03303260917136901,0.2612073391720737
t1,2026-02-23 02:00:00,2026-02-22 20:00:00,rolling,2026-02-22,2026-02-23 00:00:00,2.0,24.0,0.07110088709722309,0.009883834997125708,0.030990900100980236,0.23909047529932953
t1,2026-02-23 03:00:00,2026-02-22 21:00:00,rolling,2026-02-22,2026-02-23 00:00:00,3.0,24.0,0.07155709385806484,0.009744330337607838,0.034274366153352914,0.2338712013597731
t1,2026-02-23 04:00:00,2026-02-22 22:00:00,rolling,2026-02-22,2026-02-23 00:00:00,4.0,24.0,0.07188977058997746,0.009327143397687991,0.036524732751606136,0.23844386977883317
t1,2026-02-23 05:00:00,2026-02-22 23:00:00,rolling,2026-02-22,2026-02-23 00:00:00,5.0,24.0,0.07524544473801978,0.009531732929872931,0.03191314167850561,0.22338488560119102
t1,2026-02-23 06:00:00,2026-02-23 00:00:00,rolling,2026-02-22,2026-02-23 00:00:00,6.0,24.0,0.06075513733193147,0.009647637062530872,0.02099023482407155,0.2057737257831866
t1,2026-02-23 07:00:00,2026-02-23 01:00:00,rolling,2026-02-22,2026-02-23 00:00:00,7.0,24.0,0.05965768829647264,0.009790009345623008,0.01838689640172441,0.18173866632812463
t1,2026-02-23 08:00:00,2026-02-23 02:00:00,rolling,2026-02-22,2026-02-23 00:00:00,8.0,24.0,0.05558160936465251,0.009140378302296541,0.020220276320063006,0.19568450083686975
t1,2026-02-23 09:00:00,2026-02-23 03:00:00,rolling,2026-02-22,2026-02-23 00:00:00,9.0,24.0,0.06256837930066488,0.00867544413828276,0.024311890999417902,0.20758062095454105
t1,2026-02-23 10:00:00,2026-02-23 04:00:00,rolling,2026-02-22,2026-02-23 00:00:00,10.0,24.0,0.07301090809107807,0.008898101709864879,0.04266305425818083,0.25340849341789085
t1,2026-02-23 11:00:00,2026-02-23 05:00:00,rolling,2026-02-22,2026-02-23 00:00:00,11.0,24.0,0.14721384206559734,0.012323450854586627,0.09736158514360739,0.34956135452117554
t1,2026-02-23 12:00:00,2026-02-23 06:00:00,rolling,2026-02-22,2026-02-23 00:00:00,12.0,24.0,0.21700890491782648,0.016796501188272292,0.1596681169511898,0.501620143318641
t1,2026-02-23 13:00:00,2026-02-23 07:00:00,rolling,2026-02-22,2026-02-23 00:00:00,13.0,24.0,0.32299891850351714,0.026214976758502973,0.2861388710711872,0.6576750416463067
t1,2026-02-23 14:00:00,2026-02-23 08:00:00,rolling,2026-02-22,2026-02-23 00:00:00,14.0,24.0,0.40731397885432175,0.042733953918841175,0.4210630429491647,0.7906420883097457
t1,2026-02-23 15:00:00,2026-02-23 09:00:00,rolling,2026-02-22,2026-02-23 00:00:00,15.0,24.0,0.48916443852321706,0.10048238556591187,0.45650762691741037,0.8707374059224345
t1,2026-02-23 16:00:00,2026-02-23 10:00:00,rolling,2026-02-22,2026-02-23 00:00:00,16.0,24.0,0.5465144289101662,0.15375707002836866,0.539538299608756,0.931038840195584
t1,2026-02-23 17:00:00,2026-02-23 11:00:00,rolling,2026-02-22,2026-02-23 00:00:00,17.0,24.0,0.6409860509387413,0.24053396098863142,0.6331444718918818,0.9736134363493031
t1,2026-02-23 18:00:00,2026-02-23 12:00:00,rolling,2026-02-22,2026-02-23 00:00:00,18.0,24.0,0.7237146046133469,0.3454675011025376,0.731079355814513,0.9770308790999037
t1,2026-02-23 19:00:00,2026-02-23 13:00:00,rolling,2026-02-22,2026-02-23 00:00:00,19.0,24.0,0.7751901302713706,0.4900482564466027,0.7879146027991193,0.9779563385698762
t1,2026-02-23 20:00:00,2026-02-23 14:00:00,rolling,2026-02-22,2026-02-23 00:00:00,20.0,24.0,0.7702023533744964,0.4978562268995565,0.7777638872586605,0.9824655401683637
t1,2026-02-23 21:00:00,2026-02-23 15:00:00,rolling,2026-02-22,2026-02-23 00:00:00,21.0,24.0,0.7606045242151955,0.4631143255561925,0.7763142832219169,0.9850602272705997
t1,2026-02-23 22:00:00,2026-02-23 16:00:00,rolling,2026-02-22,2026-02-23 00:00:00,22.0,24.0,0.7940610318884755,0.4797543554024389,0.8256794722482661,0.9909326865283916
t1,2026-02-23 23:00:00,2026-02-23 17:00:00,rolling,2026-02-22,2026-02-23 00:00:00,23.0,24.0,0.8589623492070235,0.5550423925252052,0.9127384538811465,0.9916804242425226
t1,2026-02-24 00:00:00,2026-02-23 18:00:00,rolling,2026-02-23,2026-02-24 00:00:00,0.0,24.0,0.9111733114566632,0.6876243855585998,0.9355357828792639,0.9895418475468988
t1,2026-02-24 01:00:00,2026-02-23 19:00:00,rolling,2026-02-23,2026-02-24 00:00:00,1.0,24.0,0.9031010683971659,0.6857224040131219,0.9390449346991192,0.9889689890787303
t1,2026-02-24 02:00:00,2026-02-23 20:00:00,rolling,2026-02-23,2026-02-24 00:00:00,2.0,24.0,0.901270544369453,0.6907395872832899,0.9376834787785491,0.9887384305458871
t1,2026-02-24 03:00:00,2026-02-23 21:00:00,rolling,2026-02-23,2026-02-24 00:00:00,3.0,24.0,0.8678476923884949,0.6527809643653617,0.9056393069548193,0.9842641724787231
t1,2026-02-24 04:00:00,2026-02-23 22:00:00,rolling,2026-02-23,2026-02-24 00:00:00,4.0,24.0,0.8310971378867013,0.6088896371925699,0.8516865830336804,0.983072937502197
t1,2026-02-24 05:00:00,2026-02-23 23:00:00,rolling,2026-02-23,2026-02-24 00:00:00,5.0,24.0,0.8030887620393623,0.5085627403437093,0.8250927019903408,0.9766954784926236
t1,2026-02-24 06:00:00,2026-02-24 00:00:00,rolling,2026-02-23,2026-02-24 00:00:00,6.0,24.0,0.7778855212497582,0.4526005925198497,0.8128041808835079,0.9753174103333393
t1,2026-02-24 07:00:00,2026-02-24 01:00:00,rolling,2026-02-23,2026-02-24 00:00:00,7.0,24.0,0.7582893230751422,0.42981528739673747,0.7543130801767203,0.9742467230479479
t1,2026-02-24 08:00:00,2026-02-24 02:00:00,rolling,2026-02-23,2026-02-24 00:00:00,8.0,24.0,0.7104190210579914,0.36381801670440356,0.7042870759046976,0.9665122602476036
t1,2026-02-24 09:00:00,2026-02-24 03:00:00,rolling,2026-02-23,2026-02-24 00:00:00,9.0,24.0,0.6860556772938308,0.3036309154253712,0.6803315988886383,0.9450390735827987
t1,2026-02-24 10:00:00,2026-02-24 04:00:00,rolling,2026-02-23,2026-02-24 00:00:00,10.0,24.0,0.5831626263015219,0.2824467288322648,0.5642587267179415,0.9157446733378554
t1,2026-02-24 11:00:00,2026-02-24 05:00:00,rolling,2026-02-23,2026-02-24 00:00:00,11.0,24.0,0.5376957602174252,0.26047449005663975,0.5332478518265118,0.92327624991971
t1,2026-02-24 12:00:00,2026-02-24 06:00:00,rolling,2026-02-23,2026-02-24 00:00:00,12.0,24.0,0.5066114567986457,0.2391841340117294,0.48083245258036056,0.8999890744954157
t1,2026-02-24 13:00:00,2026-02-24 07:00:00,rolling,2026-02-23,2026-02-24 00:00:00,13.0,24.0,0.5004904846112788,0.22514690014436628,0.4944694110757091,0.8780370905955862
t1,2026-02-24 14:00:00,2026-02-24 08:00:00,rolling,2026-02-23,2026-02-24 00:00:00,14.0,24.0,0.5072434477384661,0.20570071387836486,0.4988662166759115,0.8918788319722255
t1,2026-02-24 15:00:00,2026-02-24 09:00:00,rolling,2026-02-23,2026-02-24 00:00:00,15.0,24.0,0.5098405144234459,0.14723530011606273,0.47855619876886174,0.9003919761154322
t1,2026-02-24 16:00:00,2026-02-24 10:00:00,rolling,2026-02-23,2026-02-24 00:00:00,16.0,24.0,0.46334056261129664,0.13323022489511196,0.46318959051976916,0.8814007744840393
t1,2026-02-24 17:00:00,2026-02-24 11:00:00,rolling,2026-02-23,2026-02-24 00:00:00,17.0,24.0,0.3859957309806362,0.07221868333797837,0.37525000569256484,0.8403046954915077
t1,2026-02-24 18:00:00,2026-02-24 12:00:00,rolling,2026-02-23,2026-02-24 00:00:00,18.0,24.0,0.29453811069052127,0.05091368824536729,0.3323234867084016,0.793968043993158
t1,2026-02-24 19:00:00,2026-02-24 13:00:00,rolling,2026-02-23,2026-02-24 00:00:00,19.0,24.0,0.2980094146968656,0.03903478868083981,0.3042419226896753,0.7586481029133387
t1,2026-02-24 20:00:00,2026-02-24 14:00:00,rolling,2026-02-23,2026-02-24 00:00:00,20.0,24.0,0.2345626211763852,0.02230540181673844,0.16380035047460184,0.6605191415898755
t1,2026-02-24 21:00:00,2026-02-24 15:00:00,rolling,2026-02-23,2026-02-24 00:00:00,21.0,24.0,0.1739493366637832,0.01668533520937186,0.11382992189836062,0.4584763947093011
t1,2026-02-24 22:00:00,2026-02-24 16:00:00,rolling,2026-02-23,2026-02-24 00:00:00,22.0,24.0,0.11155603506141933,0.010773043493337898,0.07541192020893799,0.26090642033399153
t1,2026-02-24 23:00:00,2026-02-24 17:00:00,rolling,2026-02-23,2026-02-24 00:00:00,23.0,24.0,0.0718762823428152,0.008581112568761075,0.035653974152910876,0.19129295150586337
t1,2026-02-25 00:00:00,2026-02-24 18:00:00,rolling,2026-02-24,2026-02-25 00:00:00,0.0,24.0,0.04827064361875411,0.009336282533392163,0.017680684377743415,0.15713094333853933
t1,2026-02-25 01:00:00,2026-02-24 19:00:00,rolling,2026-02-24,2026-02-25 00:00:00,1.0,24.0,0.04924787909550217,0.009252255073370892,0.017879208451370737,0.15858028398005933
t1,2026-02-25 02:00:00,2026-02-24 20:00:00,rolling,2026-02-24,2026-02-25 00:00:00,2.0,24.0,0.051930340779522584,0.009257696251886466,0.0182774513512399,0.1643070757644162
t1,2026-02-25 03:00:00,2026-02-24 21:00:00,rolling,2026-02-24,2026-02-25 00:00:00,3.0,24.0,0.05778489693779952,0.009385093200366122,0.02256180975989204,0.1988106472213283
t1,2026-02-25 04:00:00,2026-02-24 22:00:00,rolling,2026-02-24,2026-02-25 00:00:00,4.0,24.0,0.06485082555114986,0.009349501069925315,0.029614686740669152,0.2223950243717924
t1,2026-02-25 05:00:00,2026-02-24 23:00:00,rolling,2026-02-24,2026-02-25 00:00:00,5.0,24.0,0.07349950716749071,0.01013530601856203,0.038589350797616426,0.26254574611296394
t1,2026-02-25 06:00:00,2026-02-25 00:00:00,rolling,2026-02-24,2026-02-25 00:00:00,6.0,24.0,0.12028172463054196,0.009304432026159826,0.07322132132912267,0.3613542052299706
t1,2026-02-25 07:00:00,2026-02-25 01:00:00,rolling,2026-02-24,2026-02-25 00:00:00,7.0,24.0,0.15916412056367368,0.011194021972053374,0.08929345644620461,0.460319552455315
t1,2026-02-25 08:00:00,2026-02-25 02:00:00,rolling,2026-02-24,2026-02-25 00:00:00,8.0,24.0,0.18946693290695232,0.010007213440463224,0.1552338183933848,0.5220600510339628
t1,2026-02-25 09:00:00,2026-02-25 03:00:00,rolling,2026-02-24,2026-02-25 00:00:00,9.0,24.0,0.16472941176414072,0.009249680547746955,0.13756324700610706,0.4825611782855313
t1,2026-02-25 10:00:00,2026-02-25 04:00:00,rolling,2026-02-24,2026-02-25 00:00:00,10.0,24.0,0.14761228103806706,0.008092456038012215,0.1209658192786298,0.391644531987827
t1,2026-02-25 11:00:00,2026-02-25 05:00:00,rolling,2026-02-24,2026-02-25 00:00:00,11.0,24.0,0.08107383999949212,0.008279251333438122,0.038660498829854714,0.26491102673151373
t1,2026-02-25 12:00:00,2026-02-25 06:00:00,rolling,2026-02-24,2026-02-25 00:00:00,12.0,24.0,0.08381449419582103,0.00844476322757177,0.04208442754322149,0.27022935311068536
t1,2026-02-25 13:00:00,2026-02-25 07:00:00,rolling,2026-02-24,2026-02-25 00:00:00,13.0,24.0,0.07288884504300569,0.009477334995501284,0.02926783329575261,0.23699068086903857
t1,2026-02-25 14:00:00,2026-02-25 08:00:00,rolling,2026-02-24,2026-02-25 00:00:00,14.0,24.0,0.062351999352315834,0.009646178114470345,0.01864994586719956,0.1858454588467458
t1,2026-02-25 15:00:00,2026-02-25 09:00:00,rolling,2026-02-24,2026-02-25 00:00:00,15.0,24.0,0.05800263637444528,0.00908345698900765,0.017550160149390964,0.1910137473701361
t1,2026-02-25 16:00:00,2026-02-25 10:00:00,rolling,2026-02-24,2026-02-25 00:00:00,16.0,24.0,0.06070273905690041,0.009194158251395865,0.019690213524831923,0.21315743539958787
t1,2026-02-25 17:00:00,2026-02-25 11:00:00,rolling,2026-02-24,2026-02-25 00:00:00,17.0,24.0,0.06746201338766604,0.008881387545912629,0.025396548657095164,0.2331102112515758
t1,2026-02-25 18:00:00,2026-02-25 12:00:00,rolling,2026-02-24,2026-02-25 00:00:00,18.0,24.0,0.09374668557077297,0.009663561328700021,0.0379591125590772,0.25962291957205014
t1,2026-02-25 19:00:00,2026-02-25 13:00:00,rolling,2026-02-24,2026-02-25 00:00:00,19.0,24.0,0.13708594648920308,0.009001935704269583,0.07200190453333802,0.35928319025363303
t1,2026-02-25 20:00:00,2026-02-25 14:00:00,rolling,2026-02-24,2026-02-25 00:00:00,20.0,24.0,0.18083664332086652,0.008722039539133739,0.12269490440639352,0.4478591337408388
t1,2026-02-25 21:00:00,2026-02-25 15:00:00,rolling,2026-02-24,2026-02-25 00:00:00,21.0,24.0,0.22893620371062023,0.024527227450523967,0.1874784073899085,0.6145725640113964
t1,2026-02-25 22:00:00,2026-02-25 16:00:00,rolling,2026-02-24,2026-02-25 00:00:00,22.0,24.0,0.3339789226578189,0.03588831010582594,0.26004807472259994,0.7738050936578532
t1,2026-02-25 23:00:00,2026-02-25 17:00:00,rolling,2026-02-24,2026-02-25 00:00:00,23.0,24.0,0.5357521380464725,0.09819777245218139,0.4917086863493399,0.9481761282809964
t1,2026-02-26 00:00:00,2026-02-25 18:00:00,rolling,2026-02-25,2026-02-26 00:00:00,0.0,24.0,0.6752027618417282,0.3861889770114251,0.6881109492051083,0.9812660674048169
t1,2026-02-26 01:00:00,2026-02-25 19:00:00,rolling,2026-02-25,2026-02-26 00:00:00,1.0,24.0,0.6946973388864554,0.43466466082533495,0.749346491007877,0.9876917332056652
t1,2026-02-26 02:00:00,2026-02-25 20:00:00,rolling,2026-02-25,2026-02-26 00:00:00,2.0,24.0,0.7155039937655737,0.4510532258933111,0.7968254513774694,0.9873276972264833
t1,2026-02-26 03:00:00,2026-02-25 21:00:00,rolling,2026-02-25,2026-02-26 00:00:00,3.0,24.0,0.732304868555107,0.5052440479129644,0.7829380411744363,0.9874137771347943
t1,2026-02-26 04:00:00,2026-02-25 22:00:00,rolling,2026-02-25,2026-02-26 00:00:00,4.0,24.0,0.7879115143314515,0.5229338517769407,0.8587232243012721,0.982110618397749
t1,2026-02-26 05:00:00,2026-02-25 23:00:00,rolling,2026-02-25,2026-02-26 00:00:00,5.0,24.0,0.7779801208545517,0.4218316440793419,0.8493225356515198,0.9815312717544877
t1,2026-02-26 06:00:00,2026-02-26 00:00:00,rolling,2026-02-25,2026-02-26 00:00:00,6.0,24.0,0.7405464225859871,0.4312920273707768,0.8370546864991074,0.9784325269815729
t1,2026-02-26 07:00:00,2026-02-26 01:00:00,rolling,2026-02-25,2026-02-26 00:00:00,7.0,24.0,0.682039512680729,0.3491984788473084,0.774485313095283,0.9691787810264909
t1,2026-02-26 08:00:00,2026-02-26 02:00:00,rolling,2026-02-25,2026-02-26 00:00:00,8.0,24.0,0.6194962400299662,0.2577397353128389,0.6796684690320904,0.9513365328516908
t1,2026-02-26 09:00:00,2026-02-26 03:00:00,rolling,2026-02-25,2026-02-26 00:00:00,9.0,24.0,0.46070345462378415,0.09386169579336912,0.44979479679254564,0.7794788631782573
t1,2026-02-26 10:00:00,2026-02-26 04:00:00,rolling,2026-02-25,2026-02-26 00:00:00,10.0,24.0,0.3062501394624019,0.02780167932743461,0.20066081477863015,0.679218532934823
t1,2026-02-26 11:00:00,2026-02-26 05:00:00,rolling,2026-02-25,2026-02-26 00:00:00,11.0,24.0,0.34591998673589586,0.018042942189125097,0.2546302331626243,0.888128884114533
t1,2026-02-26 12:00:00,2026-02-26 06:00:00,rolling,2026-02-25,2026-02-26 00:00:00,12.0,24.0,0.3514935332702314,0.008856726870127396,0.35199978086370065,0.841255302991889
t1,2026-02-26 13:00:00,2026-02-26 07:00:00,rolling,2026-02-25,2026-02-26 00:00:00,13.0,24.0,0.48575944738505533,0.057948328522681405,0.5103382913680609,0.8902207095580518
t1,2026-02-26 14:00:00,2026-02-26 08:00:00,rolling,2026-02-25,2026-02-26 00:00:00,14.0,24.0,0.414568706944694,0.047167767605664004,0.4378403016170455,0.7885260856686216
t1,2026-02-26 15:00:00,2026-02-26 09:00:00,rolling,2026-02-25,2026-02-26 00:00:00,15.0,24.0,0.3968542711562313,0.03840774893889618,0.4472975214383645,0.8363063517495394
t1,2026-02-26 16:00:00,2026-02-26 10:00:00,rolling,2026-02-25,2026-02-26 00:00:00,16.0,24.0,0.49992357172189394,0.09367874033577729,0.500792564804356,0.9489762881362359
t1,2026-02-26 17:00:00,2026-02-26 11:00:00,rolling,2026-02-25,2026-02-26 00:00:00,17.0,24.0,0.6104277768632839,0.2234055062666436,0.6929689824939468,0.9730126733375792
t1,2026-02-26 18:00:00,2026-02-26 12:00:00,rolling,2026-02-25,2026-02-26 00:00:00,18.0,24.0,0.7652788774186662,0.34108946204360696,0.8026816502821191,0.9801067444359298
t1,2026-02-26 19:00:00,2026-02-26 13:00:00,rolling,2026-02-25,2026-02-26 00:00:00,19.0,24.0,0.7684895865190395,0.418928353271751,0.823054262482114,0.982081740229721
t1,2026-02-26 20:00:00,2026-02-26 14:00:00,rolling,2026-02-25,2026-02-26 00:00:00,20.0,24.0,0.767566918916949,0.4198661675204497,0.8461119292525983,0.9874693540953349
t1,2026-02-26 21:00:00,2026-02-26 15:00:00,rolling,2026-02-25,2026-02-26 00:00:00,21.0,24.0,0.7990936474580472,0.47792678060993266,0.8642216007456356,0.9868965866961651
t1,2026-02-26 22:00:00,2026-02-26 16:00:00,rolling,2026-02-25,2026-02-26 00:00:00,22.0,24.0,0.8444979181641907,0.5491495166709425,0.8810564509371741,0.9871255530968503
t1,2026-02-26 23:00:00,2026-02-26 17:00:00,rolling,2026-02-25,2026-02-26 00:00:00,23.0,24.0,0.8381538823493925,0.568468061261571,0.8931738721704033,0.9886764774641836
t1,2026-02-27 00:00:00,2026-02-26 18:00:00,rolling,2026-02-26,2026-02-27 00:00:00,0.0,24.0,0.7495005966282875,0.44394865613407625,0.7994917432517299,0.9785525897058219
t1,2026-02-27 01:00:00,2026-02-26 19:00:00,rolling,2026-02-26,2026-02-27 00:00:00,1.0,24.0,0.7293888236171466,0.4411506278760627,0.7504634518064836,0.9556331514191845
t1,2026-02-27 02:00:00,2026-02-26 20:00:00,rolling,2026-02-26,2026-02-27 00:00:00,2.0,24.0,0.6716448552759092,0.4292177557532071,0.6728097679994008,0.945818695804354
t1,2026-02-27 03:00:00,2026-02-26 21:00:00,rolling,2026-02-26,2026-02-27 00:00:00,3.0,24.0,0.5886106117075611,0.33213383058909834,0.632610540772552,0.9177225998102989
t1,2026-02-27 04:00:00,2026-02-26 22:00:00,rolling,2026-02-26,2026-02-27 00:00:00,4.0,24.0,0.5506254242351202,0.20348056765037173,0.5435946010359024,0.928864363557523
t1,2026-02-27 05:00:00,2026-02-26 23:00:00,rolling,2026-02-26,2026-02-27 00:00:00,5.0,24.0,0.497258442447253,0.1317865158972187,0.5274874144610798,0.8990125813056931
t1,2026-02-27 06:00:00,2026-02-27 00:00:00,rolling,2026-02-26,2026-02-27 00:00:00,6.0,24.0,0.38613156588663794,0.060153217907087234,0.4369881482371251,0.8340790421991353
t1,2026-02-27 07:00:00,2026-02-27 01:00:00,rolling,2026-02-26,2026-02-27 00:00:00,7.0,24.0,0.3804605892523905,0.04920286796929319,0.40803999947464553,0.7934291558923472
t1,2026-02-27 08:00:00,2026-02-27 02:00:00,rolling,2026-02-26,2026-02-27 00:00:00,8.0,24.0,0.3755414459083151,0.031269087794983386,0.36912919705099817,0.7933657669732612
t1,2026-02-27 09:00:00,2026-02-27 03:00:00,rolling,2026-02-26,2026-02-27 00:00:00,9.0,24.0,0.3191420591438242,0.029824943546154708,0.29268985655135077,0.7612931278693321
t1,2026-02-27 10:00:00,2026-02-27 04:00:00,rolling,2026-02-26,2026-02-27 00:00:00,10.0,24.0,0.23048562219191954,0.023136681728535873,0.23024499081178842,0.6729001746817617
t1,2026-02-27 11:00:00,2026-02-27 05:00:00,rolling,2026-02-26,2026-02-27 00:00:00,11.0,24.0,0.22370771860499067,0.021412414863534228,0.1890339900593823,0.6432466671179158
t1,2026-02-27 12:00:00,2026-02-27 06:00:00,rolling,2026-02-26,2026-02-27 00:00:00,12.0,24.0,0.24837292730033214,0.020970690497343826,0.2131198211455116,0.6653239339152961
t1,2026-02-27 13:00:00,2026-02-27 07:00:00,rolling,2026-02-26,2026-02-27 00:00:00,13.0,24.0,0.32168031334155556,0.029625329348186586,0.356381129977857,0.744997482530715
t1,2026-02-27 14:00:00,2026-02-27 08:00:00,rolling,2026-02-26,2026-02-27 00:00:00,14.0,24.0,0.4180373498321628,0.031787078996266156,0.4202963547441729,0.8833974311653051
t1,2026-02-27 15:00:00,2026-02-27 09:00:00,rolling,2026-02-26,2026-02-27 00:00:00,15.0,24.0,0.5307029583493075,0.1214681358588778,0.5389912145019746,0.944116547286934
t1,2026-02-27 16:00:00,2026-02-27 10:00:00,rolling,2026-02-26,2026-02-27 00:00:00,16.0,24.0,0.6987384506268198,0.2715179424807552,0.727513253723432,0.9663720840650123
t1,2026-02-27 17:00:00,2026-02-27 11:00:00,rolling,2026-02-26,2026-02-27 00:00:00,17.0,24.0,0.7870182771055889,0.42801085211289197,0.8403947432324255,0.9822899568324086
t1,2026-02-27 18:00:00,2026-02-27 12:00:00,rolling,2026-02-26,2026-02-27 00:00:00,18.0,24.0,0.7866615221340285,0.450804805213558,0.8412973648555889,0.9835900082836712
t1,2026-02-27 19:00:00,2026-02-27 13:00:00,rolling,2026-02-26,2026-02-27 00:00:00,19.0,24.0,0.8122532007747172,0.4667346903228471,0.8608315560200872,0.9829812383928986
t1,2026-02-27 20:00:00,2026-02-27 14:00:00,rolling,2026-02-26,2026-02-27 00:00:00,20.0,24.0,0.8161825087220996,0.48479488309828633,0.8586314512459824,0.9829482071862502
t1,2026-02-27 21:00:00,2026-02-27 15:00:00,rolling,2026-02-26,2026-02-27 00:00:00,21.0,24.0,0.7908782527510251,0.4975800438613609,0.8104591813182813,0.9761303128169845
t1,2026-02-27 22:00:00,2026-02-27 16:00:00,rolling,2026-02-26,2026-02-27 00:00:00,22.0,24.0,0.7695317941923299,0.48915958892188227,0.7543930678622784,0.9694407939682747
t1,2026-02-27 23:00:00,2026-02-27 17:00:00,rolling,2026-02-26,2026-02-27 00:00:00,23.0,24.0,0.7305736927181,0.4253901088679752,0.7002346622074374,0.9680102458561648
t1,2026-02-28 00:00:00,2026-02-27 18:00:00,rolling,2026-02-27,2026-02-28 00:00:00,0.0,24.0,0.6183783497203076,0.3034843760861082,0.5693984494715265,0.9633625565275353
t1,2026-02-28 01:00:00,2026-02-27 19:00:00,rolling,2026-02-27,2026-02-28 00:00:00,1.0,24.0,0.6093218453553122,0.3098076113715242,0.5876931607468104,0.9605765074061166
t1,2026-02-28 02:00:00,2026-02-27 20:00:00,rolling,2026-02-27,2026-02-28 00:00:00,2.0,24.0,0.7329045770941714,0.3641200959908363,0.7416512540862118,0.9731686277490972
t1,2026-02-28 03:00:00,2026-02-27 21:00:00,rolling,2026-02-27,2026-02-28 00:00:00,3.0,24.0,0.7743976472711517,0.4191163718363806,0.8169676057062991,0.9807669185758646
t1,2026-02-28 04:00:00,2026-02-27 22:00:00,rolling,2026-02-27,2026-02-28 00:00:00,4.0,24.0,0.8381758643405794,0.4987625869925241,0.8546523102765781,0.9826580602654056
t1,2026-02-28 05:00:00,2026-02-27 23:00:00,rolling,2026-02-27,2026-02-28 00:00:00,5.0,24.0,0.8542627197185516,0.5686820264072932,0.8758137080476329,0.9828261881208221
t1,2026-02-28 06:00:00,2026-02-28 00:00:00,rolling,2026-02-27,2026-02-28 00:00:00,6.0,24.0,0.848984289282579,0.5786047286365973,0.892721044658422,0.9860572051286254
t1,2026-02-28 07:00:00,2026-02-28 01:00:00,rolling,2026-02-27,2026-02-28 00:00:00,7.0,24.0,0.8554062259760797,0.587242455172436,0.9018692756240546,0.9885721803637608
t1,2026-02-28 08:00:00,2026-02-28 02:00:00,rolling,2026-02-27,2026-02-28 00:00:00,8.0,24.0,0.8567034413617525,0.5904446305658503,0.8929949149508991,0.9888852853797033
t1,2026-02-28 09:00:00,2026-02-28 03:00:00,rolling,2026-02-27,2026-02-28 00:00:00,9.0,24.0,0.8640670696401458,0.6619547052262439,0.9075484130417565,0.9889193538035965
t1,2026-02-28 10:00:00,2026-02-28 04:00:00,rolling,2026-02-27,2026-02-28 00:00:00,10.0,24.0,0.8561479827187548,0.6411470389311102,0.9003920914784738,0.9890149874368854
t1,2026-02-28 11:00:00,2026-02-28 05:00:00,rolling,2026-02-27,2026-02-28 00:00:00,11.0,24.0,0.8672644289972211,0.6712723033628808,0.9064908026331128,0.98918609778577
t1,2026-02-28 12:00:00,2026-02-28 06:00:00,rolling,2026-02-27,2026-02-28 00:00:00,12.0,24.0,0.8522142059756577,0.6145934412407291,0.902260938563563,0.9893622533067539
t1,2026-02-28 13:00:00,2026-02-28 07:00:00,rolling,2026-02-27,2026-02-28 00:00:00,13.0,24.0,0.8513883041023598,0.6195333698297779,0.9014273080980959,0.9891926343393164
t1,2026-02-28 14:00:00,2026-02-28 08:00:00,rolling,2026-02-27,2026-02-28 00:00:00,14.0,24.0,0.8381042603992038,0.587735156864444,0.8930826667995015,0.9887246660982667
t1,2026-02-28 15:00:00,2026-02-28 09:00:00,rolling,2026-02-27,2026-02-28 00:00:00,15.0,24.0,0.8420442842902607,0.5737699501299929,0.87870128583357,0.9882425961199772
t1,2026-02-28 16:00:00,2026-02-28 10:00:00,rolling,2026-02-27,2026-02-28 00:00:00,16.0,24.0,0.7864807858147017,0.5359086903926031,0.8236326774792511,0.9866406431201405
t1,2026-02-28 17:00:00,2026-02-28 11:00:00,rolling,2026-02-27,2026-02-28 00:00:00,17.0,24.0,0.7753379066084728,0.533646606002372,0.7872777119116088,0.9763823078336206
t1,2026-02-28 18:00:00,2026-02-28 12:00:00,rolling,2026-02-27,2026-02-28 00:00:00,18.0,24.0,0.7491285143256252,0.36374406948341065,0.7595720912070543,0.9703170986677854
t1,2026-02-28 19:00:00,2026-02-28 13:00:00,rolling,2026-02-27,2026-02-28 00:00:00,19.0,24.0,0.6848470374087658,0.29475935865707287,0.6660132257849929,0.9641731481892245
t1,2026-02-28 20:00:00,2026-02-28 14:00:00,rolling,2026-02-27,2026-02-28 00:00:00,20.0,24.0,0.6293805345471666,0.2181078941996338,0.5577358641073162,0.9383844300362653
t1,2026-02-28 21:00:00,2026-02-28 15:00:00,rolling,2026-02-27,2026-02-28 00:00:00,21.0,24.0,0.4337686858783562,0.06936564122223227,0.39448228648568695,0.8450657881628321
t1,2026-02-28 22:00:00,2026-02-28 16:00:00,rolling,2026-02-27,2026-02-28 00:00:00,22.0,24.0,0.2844707305442584,0.04911997296229847,0.2533584773343831,0.7676072916649714
t1,2026-02-28 23:00:00,2026-02-28 17:00:00,rolling,2026-02-27,2026-02-28 00:00:00,23.0,24.0,0.19651869761384366,0.02548229161237755,0.17204264794808866,0.6723954802409589
t2,2026-02-01 00:00:00,2026-01-31 18:00:00,rolling,2026-01-31,2026-02-01 00:00:00,0.0,24.0,0.06480766389772237,0.0,0.0,0.22588246153312125
t2,2026-02-01 01:00:00,2026-01-31 19:00:00,rolling,2026-01-31,2026-02-01 00:00:00,1.0,24.0,0.026687032196912066,0.0,0.0,0.16494594100442514
t2,2026-02-01 02:00:00,2026-01-31 20:00:00,rolling,2026-01-31,2026-02-01 00:00:00,2.0,24.0,0.03354991278348679,0.0,0.0,0.15494198960216593
t2,2026-02-01 03:00:00,2026-01-31 21:00:00,rolling,2026-01-31,2026-02-01 00:00:00,3.0,24.0,0.037218111216682115,0.0,0.0,0.17218363756027055
t2,2026-02-01 04:00:00,2026-01-31 22:00:00,rolling,2026-01-31,2026-02-01 00:00:00,4.0,24.0,0.0482998224098591,0.0,0.0,0.21631729232089958
t2,2026-02-01 05:00:00,2026-01-31 23:00:00,rolling,2026-01-31,2026-02-01 00:00:00,5.0,24.0,0.07451974707764071,0.0,0.0,0.3281024352918268
t2,2026-02-01 06:00:00,2026-02-01 00:00:00,rolling,2026-01-31,2026-02-01 00:00:00,6.0,24.0,0.10395384229843724,0.0,0.03940965058983158,0.4451493218078953
t2,2026-02-01 07:00:00,2026-02-01 01:00:00,rolling,2026-01-31,2026-02-01 00:00:00,7.0,24.0,0.1511902715619832,0.0,0.05690230581784364,0.655097732606691
t2,2026-02-01 08:00:00,2026-02-01 02:00:00,rolling,2026-01-31,2026-02-01 00:00:00,8.0,24.0,0.13599091298888774,0.0,0.07386089054602905,0.6445331086438774
t2,2026-02-01 09:00:00,2026-02-01 03:00:00,rolling,2026-01-31,2026-02-01 00:00:00,9.0,24.0,0.2595332355679787,0.0,0.17356253409098293,0.735469460958694
t2,2026-02-01 10:00:00,2026-02-01 04:00:00,rolling,2026-01-31,2026-02-01 00:00:00,10.0,24.0,0.41189730178392936,0.0,0.3712158143101604,0.8948552836391067
t2,2026-02-01 11:00:00,2026-02-01 05:00:00,rolling,2026-01-31,2026-02-01 00:00:00,11.0,24.0,0.40588829454859177,0.0,0.41530087357472345,0.8694214404844944
t2,2026-02-01 12:00:00,2026-02-01 06:00:00,rolling,2026-01-31,2026-02-01 00:00:00,12.0,24.0,0.2643125661772572,0.0,0.2556402748673974,0.7350608174614917
t2,2026-02-01 13:00:00,2026-02-01 07:00:00,rolling,2026-01-31,2026-02-01 00:00:00,13.0,24.0,0.2143456405878647,0.0,0.2199224837294705,0.6968283954201566
t2,2026-02-01 14:00:00,2026-02-01 08:00:00,rolling,2026-01-31,2026-02-01 00:00:00,14.0,24.0,0.240528701043117,0.0,0.23212881222729717,0.6948514947622204
t2,2026-02-01 15:00:00,2026-02-01 09:00:00,rolling,2026-01-31,2026-02-01 00:00:00,15.0,24.0,0.2298029139447397,0.0,0.18176370478517304,0.7152913542867024
t2,2026-02-01 16:00:00,2026-02-01 10:00:00,rolling,2026-01-31,2026-02-01 00:00:00,16.0,24.0,0.24292510235542522,0.0,0.17713844170843326,0.6646297378478183
t2,2026-02-01 17:00:00,2026-02-01 11:00:00,rolling,2026-01-31,2026-02-01 00:00:00,17.0,24.0,0.21086330217018281,0.0,0.1594841533284502,0.6269373520280518
t2,2026-02-01 18:00:00,2026-02-01 12:00:00,rolling,2026-01-31,2026-02-01 00:00:00,18.0,24.0,0.2128062340708614,0.0,0.12802550670566828,0.664123273498307
t2,2026-02-01 19:00:00,2026-02-01 13:00:00,rolling,2026-01-31,2026-02-01 00:00:00,19.0,24.0,0.20687068729029842,0.0,0.11231507031503452,0.6710764237646165
t2,2026-02-01 20:00:00,2026-02-01 14:00:00,rolling,2026-01-31,2026-02-01 00:00:00,20.0,24.0,0.22946290286933582,0.0,0.1634874138308428,0.6684357061067963
t2,2026-02-01 21:00:00,2026-02-01 15:00:00,rolling,2026-01-31,2026-02-01 00:00:00,21.0,24.0,0.2460673926603951,0.0,0.1818715604507971,0.66227718771393
t2,2026-02-01 22:00:00,2026-02-01 16:00:00,rolling,2026-01-31,2026-02-01 00:00:00,22.0,24.0,0.25120384877275337,0.027158017664256073,0.211294697115184,0.6728791592004838
t2,2026-02-01 23:00:00,2026-02-01 17:00:00,rolling,2026-01-31,2026-02-01 00:00:00,23.0,24.0,0.23489683573211437,0.005406231883081286,0.18056651758377248,0.6801309677430374
t2,2026-02-02 00:00:00,2026-02-01 18:00:00,rolling,2026-02-01,2026-02-02 00:00:00,0.0,24.0,0.23886510867988353,0.0,0.21881166573087263,0.6778350474698329
t2,2026-02-02 01:00:00,2026-02-01 19:00:00,rolling,2026-02-01,2026-02-02 00:00:00,1.0,24.0,0.35174595250411317,0.018630789852965346,0.3023480817892405,0.7339524636408143
t2,2026-02-02 02:00:00,2026-02-01 20:00:00,rolling,2026-02-01,2026-02-02 00:00:00,2.0,24.0,0.4353807505864858,0.05580700897387031,0.422818262139892,0.8693520223926374
t2,2026-02-02 03:00:00,2026-02-01 21:00:00,rolling,2026-02-01,2026-02-02 00:00:00,3.0,24.0,0.4712625169625379,0.16802522463874814,0.4570658483723485,0.9506676225343724
t2,2026-02-02 04:00:00,2026-02-01 22:00:00,rolling,2026-02-01,2026-02-02 00:00:00,4.0,24.0,0.6192983733290077,0.2618874568159018,0.566799806182579,0.9642926420249328
t2,2026-02-02 05:00:00,2026-02-01 23:00:00,rolling,2026-02-01,2026-02-02 00:00:00,5.0,24.0,0.7161475860301527,0.3610267861531413,0.7080039019881231,0.9604969741328554
t2,2026-02-02 06:00:00,2026-02-02 00:00:00,rolling,2026-02-01,2026-02-02 00:00:00,6.0,24.0,0.6757465269888085,0.34341350803954546,0.7315113346045259,0.9658246474743435
t2,2026-02-02 07:00:00,2026-02-02 01:00:00,rolling,2026-02-01,2026-02-02 00:00:00,7.0,24.0,0.6887562698693913,0.3470710798503892,0.7465963093379372,0.9652775144755892
t2,2026-02-02 08:00:00,2026-02-02 02:00:00,rolling,2026-02-01,2026-02-02 00:00:00,8.0,24.0,0.7342949435047221,0.3802349213006166,0.769763602012532,0.9663662881986214
t2,2026-02-02 09:00:00,2026-02-02 03:00:00,rolling,2026-02-01,2026-02-02 00:00:00,9.0,24.0,0.7396367280325887,0.4181230466212231,0.7782543334996112,0.9656374268313268
t2,2026-02-02 10:00:00,2026-02-02 04:00:00,rolling,2026-02-01,2026-02-02 00:00:00,10.0,24.0,0.8190762099749659,0.5790446636148638,0.8523551924043102,0.9564271445613479
t2,2026-02-02 11:00:00,2026-02-02 05:00:00,rolling,2026-02-01,2026-02-02 00:00:00,11.0,24.0,0.8539027401431022,0.6021840262693736,0.8707247634116045,0.9506438972438543
t2,2026-02-02 12:00:00,2026-02-02 06:00:00,rolling,2026-02-01,2026-02-02 00:00:00,12.0,24.0,0.8831045942074042,0.6140844257711532,0.9171255910071816,0.942358975391393
t2,2026-02-02 13:00:00,2026-02-02 07:00:00,rolling,2026-02-01,2026-02-02 00:00:00,13.0,24.0,0.8849466542184382,0.6410312476271502,0.9185070432940105,0.9409809140642509
t2,2026-02-02 14:00:00,2026-02-02 08:00:00,rolling,2026-02-01,2026-02-02 00:00:00,14.0,24.0,0.8876305305132111,0.6475270836417439,0.9172206152131557,0.939398610184437
t2,2026-02-02 15:00:00,2026-02-02 09:00:00,rolling,2026-02-01,2026-02-02 00:00:00,15.0,24.0,0.8695714712682359,0.6189050264130402,0.9092085510367298,0.9445770505605213
t2,2026-02-02 16:00:00,2026-02-02 10:00:00,rolling,2026-02-01,2026-02-02 00:00:00,16.0,24.0,0.8083840352552079,0.3963786384112564,0.8930442372327098,0.940315563706752
t2,2026-02-02 17:00:00,2026-02-02 11:00:00,rolling,2026-02-01,2026-02-02 00:00:00,17.0,24.0,0.6698734019185426,0.1944741932402485,0.7498515350590179,0.9524971124843473
t2,2026-02-02 18:00:00,2026-02-02 12:00:00,rolling,2026-02-01,2026-02-02 00:00:00,18.0,24.0,0.32760560859878735,0.00913522621719881,0.3138910247766382,0.8444263786581324
t2,2026-02-02 19:00:00,2026-02-02 13:00:00,rolling,2026-02-01,2026-02-02 00:00:00,19.0,24.0,0.20922454332271784,0.0,0.15819740621852746,0.669672484745137
t2,2026-02-02 20:00:00,2026-02-02 14:00:00,rolling,2026-02-01,2026-02-02 00:00:00,20.0,24.0,0.1620292480404978,0.0,0.07675765671848332,0.5896761819988002
t2,2026-02-02 21:00:00,2026-02-02 15:00:00,rolling,2026-02-01,2026-02-02 00:00:00,21.0,24.0,0.13791732979655347,0.0,0.06576226203684662,0.5904329181036606
t2,2026-02-02 22:00:00,2026-02-02 16:00:00,rolling,2026-02-01,2026-02-02 00:00:00,22.0,24.0,0.13460914505945082,0.0,0.07263731226895322,0.5442894642082888
t2,2026-02-02 23:00:00,2026-02-02 17:00:00,rolling,2026-02-01,2026-02-02 00:00:00,23.0,24.0,0.15374052258447163,0.0,0.10039053936481539,0.5739505110574015
t2,2026-02-03 00:00:00,2026-02-02 18:00:00,rolling,2026-02-02,2026-02-03 00:00:00,0.0,24.0,0.20235810365451223,0.007779350849424549,0.15453423575910025,0.6421116441105352
t2,2026-02-03 01:00:00,2026-02-02 19:00:00,rolling,2026-02-02,2026-02-03 00:00:00,1.0,24.0,0.24939594200584225,0.023879770277739742,0.2867104151080959,0.6832168030735123
t2,2026-02-03 02:00:00,2026-02-02 20:00:00,rolling,2026-02-02,2026-02-03 00:00:00,2.0,24.0,0.44023703275073905,0.07866285784016364,0.4618883173207981,0.8472964836319115
t2,2026-02-03 03:00:00,2026-02-02 21:00:00,rolling,2026-02-02,2026-02-03 00:00:00,3.0,24.0,0.49106490887695997,0.13160462300375025,0.4640303214649841,0.926776444633655
t2,2026-02-03 04:00:00,2026-02-02 22:00:00,rolling,2026-02-02,2026-02-03 00:00:00,4.0,24.0,0.4892337649862195,0.20083905766494453,0.4678803645273031,0.9567960768381902
t2,2026-02-03 05:00:00,2026-02-02 23:00:00,rolling,2026-02-02,2026-02-03 00:00:00,5.0,24.0,0.493422591698615,0.17705485267889698,0.46442741201209364,0.9372567364461317
t2,2026-02-03 06:00:00,2026-02-03 00:00:00,rolling,2026-02-02,2026-02-03 00:00:00,6.0,24.0,0.4101715405041762,0.13833839437640827,0.40705818229440854,0.9154100528913807
t2,2026-02-03 07:00:00,2026-02-03 01:00:00,rolling,2026-02-02,2026-02-03 00:00:00,7.0,24.0,0.33730423234911033,0.10050771873275435,0.31561130984297114,0.8296717909216618
t2,2026-02-03 08:00:00,2026-02-03 02:00:00,rolling,2026-02-02,2026-02-03 00:00:00,8.0,24.0,0.27400091964171713,0.02183812263924212,0.2122588601555126,0.7455650757843748
t2,2026-02-03 09:00:00,2026-02-03 03:00:00,rolling,2026-02-02,2026-02-03 00:00:00,9.0,24.0,0.16351920579344198,0.0,0.08531879963169607,0.4888191239147667
t2,2026-02-03 10:00:00,2026-02-03 04:00:00,rolling,2026-02-02,2026-02-03 00:00:00,10.0,24.0,0.06821779261191638,0.0,0.030192570363060167,0.31062680778021035
t2,2026-02-03 11:00:00,2026-02-03 05:00:00,rolling,2026-02-02,2026-02-03 00:00:00,11.0,24.0,0.05869007791797537,0.0,0.03949271366815529,0.2901964040215506
t2,2026-02-03 12:00:00,2026-02-03 06:00:00,rolling,2026-02-02,2026-02-03 00:00:00,12.0,24.0,0.04084714054011493,0.0,0.010967716850122104,0.23057699935245032
t2,2026-02-03 13:00:00,2026-02-03 07:00:00,rolling,2026-02-02,2026-02-03 00:00:00,13.0,24.0,0.041997396035695675,0.0,0.0,0.21752140248559063
t2,2026-02-03 14:00:00,2026-02-03 08:00:00,rolling,2026-02-02,2026-02-03 00:00:00,14.0,24.0,0.0413633397402325,0.0,0.0,0.2090690240154826
t2,2026-02-03 15:00:00,2026-02-03 09:00:00,rolling,2026-02-02,2026-02-03 00:00:00,15.0,24.0,0.04109500100380539,0.0,0.004005079547622064,0.19407443391253837
t2,2026-02-03 16:00:00,2026-02-03 10:00:00,rolling,2026-02-02,2026-02-03 00:00:00,16.0,24.0,0.06678384245272906,0.0,0.01391090328869956,0.23888085776840523
t2,2026-02-03 17:00:00,2026-02-03 11:00:00,rolling,2026-02-02,2026-02-03 00:00:00,17.0,24.0,0.17900608321377087,0.0,0.10500208315887151,0.4789676565548138
t2,2026-02-03 18:00:00,2026-02-03 12:00:00,rolling,2026-02-02,2026-02-03 00:00:00,18.0,24.0,0.31275728750588444,0.0,0.2657803498729989,0.7178520988185546
t2,2026-02-03 19:00:00,2026-02-03 13:00:00,rolling,2026-02-02,2026-02-03 00:00:00,19.0,24.0,0.3886216548665118,0.0,0.34332601330720663,0.8344040048005104
t2,2026-02-03 20:00:00,2026-02-03 14:00:00,rolling,2026-02-02,2026-02-03 00:00:00,20.0,24.0,0.43036987150710776,0.0,0.475586147980378,0.9048735472792092
t2,2026-02-03 21:00:00,2026-02-03 15:00:00,rolling,2026-02-02,2026-02-03 00:00:00,21.0,24.0,0.4436307996466555,0.0,0.4766256086680995,0.908803339854376
t2,2026-02-03 22:00:00,2026-02-03 16:00:00,rolling,2026-02-02,2026-02-03 00:00:00,22.0,24.0,0.4735748577627376,0.025363669100342323,0.4736240769229288,0.9308642327431157
t2,2026-02-03 23:00:00,2026-02-03 17:00:00,rolling,2026-02-02,2026-02-03 00:00:00,23.0,24.0,0.41327759804781655,0.02653398100965998,0.40640457754144593,0.8475722802263658
t2,2026-02-04 00:00:00,2026-02-03 18:00:00,rolling,2026-02-03,2026-02-04 00:00:00,0.0,24.0,0.5480984490076293,0.0386485437717613,0.5635491800170622,0.9125403505208358
t2,2026-02-04 01:00:00,2026-02-03 19:00:00,rolling,2026-02-03,2026-02-04 00:00:00,1.0,24.0,0.5541303764248703,0.01586246542067038,0.5447424940819531,0.9248818756975941
t2,2026-02-04 02:00:00,2026-02-03 20:00:00,rolling,2026-02-03,2026-02-04 00:00:00,2.0,24.0,0.48865368201317017,0.021770296474409923,0.44203642785367847,0.9423486271055765
t2,2026-02-04 03:00:00,2026-02-03 21:00:00,rolling,2026-02-03,2026-02-04 00:00:00,3.0,24.0,0.5190731370759256,0.02146539882919174,0.47507140220091887,0.9224999460085379
t2,2026-02-04 04:00:00,2026-02-03 22:00:00,rolling,2026-02-03,2026-02-04 00:00:00,4.0,24.0,0.5571156886261719,0.04392487354550134,0.5042532239159141,0.946260243194506
t2,2026-02-04 05:00:00,2026-02-03 23:00:00,rolling,2026-02-03,2026-02-04 00:00:00,5.0,24.0,0.6153379162558509,0.053703368590169664,0.5563410843182562,0.9602344304841716
t2,2026-02-04 06:00:00,2026-02-04 00:00:00,rolling,2026-02-03,2026-02-04 00:00:00,6.0,24.0,0.6539714617221255,0.11921437987289862,0.6355648125989991,0.9489996405557521
t2,2026-02-04 07:00:00,2026-02-04 01:00:00,rolling,2026-02-03,2026-02-04 00:00:00,7.0,24.0,0.5736663372319323,0.02605841360564287,0.54706280331778,0.9591680948901227
t2,2026-02-04 08:00:00,2026-02-04 02:00:00,rolling,2026-02-03,2026-02-04 00:00:00,8.0,24.0,0.43343376286742885,0.011750115210170164,0.3559980864252295,0.9102934439018615
t2,2026-02-04 09:00:00,2026-02-04 03:00:00,rolling,2026-02-03,2026-02-04 00:00:00,9.0,24.0,0.3409115477746998,0.0,0.2754475939176135,0.9061677860445669
t2,2026-02-04 10:00:00,2026-02-04 04:00:00,rolling,2026-02-03,2026-02-04 00:00:00,10.0,24.0,0.24256636795687045,0.0,0.16444601125457406,0.825186713432121
t2,2026-02-04 11:00:00,2026-02-04 05:00:00,rolling,2026-02-03,2026-02-04 00:00:00,11.0,24.0,0.24035969743845306,0.0,0.20009771343470437,0.7395641499121431
t2,2026-02-04 12:00:00,2026-02-04 06:00:00,rolling,2026-02-03,2026-02-04 00:00:00,12.0,24.0,0.19487632706826782,0.0,0.16045831911987532,0.6903872171862263
t2,2026-02-04 13:00:00,2026-02-04 07:00:00,rolling,2026-02-03,2026-02-04 00:00:00,13.0,24.0,0.17667927357860536,0.0,0.14622023206787746,0.628097856932964
t2,2026-02-04 14:00:00,2026-02-04 08:00:00,rolling,2026-02-03,2026-02-04 00:00:00,14.0,24.0,0.15073573384148217,0.0,0.09886171868389149,0.537535956071157
t2,2026-02-04 15:00:00,2026-02-04 09:00:00,rolling,2026-02-03,2026-02-04 00:00:00,15.0,24.0,0.14066521806929325,0.0,0.07796401139669068,0.558743848050154
t2,2026-02-04 16:00:00,2026-02-04 10:00:00,rolling,2026-02-03,2026-02-04 00:00:00,16.0,24.0,0.11269854230403971,0.0,0.058171382520589135,0.4769520373124316
t2,2026-02-04 17:00:00,2026-02-04 11:00:00,rolling,2026-02-03,2026-02-04 00:00:00,17.0,24.0,0.1347994866955899,0.0,0.07861022386490493,0.41157008522591354
t2,2026-02-04 18:00:00,2026-02-04 12:00:00,rolling,2026-02-03,2026-02-04 00:00:00,18.0,24.0,0.12982617522269185,0.0,0.05878939758649257,0.32505991362809283
t2,2026-02-04 19:00:00,2026-02-04 13:00:00,rolling,2026-02-03,2026-02-04 00:00:00,19.0,24.0,0.21667356833996124,0.0,0.08864891831067775,0.5492083013262677
t2,2026-02-04 20:00:00,2026-02-04 14:00:00,rolling,2026-02-03,2026-02-04 00:00:00,20.0,24.0,0.36038197547974127,0.0,0.2453979331777744,0.8271036087831042
t2,2026-02-04 21:00:00,2026-02-04 15:00:00,rolling,2026-02-03,2026-02-04 00:00:00,21.0,24.0,0.546802375401342,0.05182154743175155,0.4849543049286714,0.9929967972562725
t2,2026-02-04 22:00:00,2026-02-04 16:00:00,rolling,2026-02-03,2026-02-04 00:00:00,22.0,24.0,0.6840852923373072,0.19948558449347054,0.6595910866695177,0.9895933017803993
t2,2026-02-04 23:00:00,2026-02-04 17:00:00,rolling,2026-02-03,2026-02-04 00:00:00,23.0,24.0,0.7360154755833734,0.35764960864407636,0.7636601545038367,0.9837485492627811
t2,2026-02-05 00:00:00,2026-02-04 18:00:00,rolling,2026-02-04,2026-02-05 00:00:00,0.0,24.0,0.8718228823936581,0.5978541943008712,0.902124959709796,0.9714375362728752
t2,2026-02-05 01:00:00,2026-02-04 19:00:00,rolling,2026-02-04,2026-02-05 00:00:00,1.0,24.0,0.8865865808376109,0.6665992237481938,0.938177532986723,0.968511884233479
t2,2026-02-05 02:00:00,2026-02-04 20:00:00,rolling,2026-02-04,2026-02-05 00:00:00,2.0,24.0,0.9015176053601109,0.699525696494556,0.9395110835898148,0.9686491964137828
t2,2026-02-05 03:00:00,2026-02-04 21:00:00,rolling,2026-02-04,2026-02-05 00:00:00,3.0,24.0,0.9165128744648369,0.7793659498371,0.9408308980629639,0.9685987950467257
t2,2026-02-05 04:00:00,2026-02-04 22:00:00,rolling,2026-02-04,2026-02-05 00:00:00,4.0,24.0,0.9165128744648369,0.7793659498371,0.9408308980629639,0.9684670880499386
t2,2026-02-05 05:00:00,2026-02-04 23:00:00,rolling,2026-02-04,2026-02-05 00:00:00,5.0,24.0,0.910723863330695,0.7685618519066858,0.940983616840055,0.9683760587451077
t2,2026-02-05 06:00:00,2026-02-05 00:00:00,rolling,2026-02-04,2026-02-05 00:00:00,6.0,24.0,0.9120253567549147,0.7541740834479849,0.9403847067625497,0.9684515592475583
t2,2026-02-05 07:00:00,2026-02-05 01:00:00,rolling,2026-02-04,2026-02-05 00:00:00,7.0,24.0,0.9150316408871345,0.7362167000164243,0.940983616840055,0.9683763221558607
t2,2026-02-05 08:00:00,2026-02-05 02:00:00,rolling,2026-02-04,2026-02-05 00:00:00,8.0,24.0,0.9077431091424459,0.7375112016223492,0.9410836167446875,0.9683638413922387
t2,2026-02-05 09:00:00,2026-02-05 03:00:00,rolling,2026-02-04,2026-02-05 00:00:00,9.0,24.0,0.9051279133899082,0.7383666228453699,0.9410836167446875,0.9683796260772303
t2,2026-02-05 10:00:00,2026-02-05 04:00:00,rolling,2026-02-04,2026-02-05 00:00:00,10.0,24.0,0.9089546184822853,0.7383666228453699,0.9410836167446875,0.9653241707411129
t2,2026-02-05 11:00:00,2026-02-05 05:00:00,rolling,2026-02-04,2026-02-05 00:00:00,11.0,24.0,0.9131838573027906,0.7382346216291625,0.9410836167446875,0.9636841124259882
t2,2026-02-05 12:00:00,2026-02-05 06:00:00,rolling,2026-02-04,2026-02-05 00:00:00,12.0,24.0,0.9152065774655413,0.7407194272800146,0.9410836167446875,0.9622647326758577
t2,2026-02-05 13:00:00,2026-02-05 07:00:00,rolling,2026-02-04,2026-02-05 00:00:00,13.0,24.0,0.9162872592000963,0.7430312819273175,0.9410836167446875,0.9617692306948139
t2,2026-02-05 14:00:00,2026-02-05 08:00:00,rolling,2026-02-04,2026-02-05 00:00:00,14.0,24.0,0.9160322911400669,0.7394414466591492,0.9410359619998502,0.9607332558968785
t2,2026-02-05 15:00:00,2026-02-05 09:00:00,rolling,2026-02-04,2026-02-05 00:00:00,15.0,24.0,0.9118223757046282,0.7271936478283479,0.9410359619998502,0.9605268483571429
t2,2026-02-05 16:00:00,2026-02-05 10:00:00,rolling,2026-02-04,2026-02-05 00:00:00,16.0,24.0,0.9041467470478675,0.6427623556978197,0.9390807620776582,0.96080714364622
t2,2026-02-05 17:00:00,2026-02-05 11:00:00,rolling,2026-02-04,2026-02-05 00:00:00,17.0,24.0,0.8702253530902079,0.5204254914006999,0.88766618166098,0.9674090501186757
t2,2026-02-05 18:00:00,2026-02-05 12:00:00,rolling,2026-02-04,2026-02-05 00:00:00,18.0,24.0,0.8568959588055437,0.44088746910108867,0.8656998712828063,0.9688674710182861
t2,2026-02-05 19:00:00,2026-02-05 13:00:00,rolling,2026-02-04,2026-02-05 00:00:00,19.0,24.0,0.8187154758680247,0.45020894189889205,0.8501847061790484,0.9707421586543599
t2,2026-02-05 20:00:00,2026-02-05 14:00:00,rolling,2026-02-04,2026-02-05 00:00:00,20.0,24.0,0.7947629122140418,0.3935002840290619,0.8327451083149422,0.9737985652245169
t2,2026-02-05 21:00:00,2026-02-05 15:00:00,rolling,2026-02-04,2026-02-05 00:00:00,21.0,24.0,0.7503974093619049,0.40434382553417975,0.7866580129000283,0.9798815961560052
t2,2026-02-05 22:00:00,2026-02-05 16:00:00,rolling,2026-02-04,2026-02-05 00:00:00,22.0,24.0,0.6948493360316861,0.3613335420063995,0.7296686274411828,0.9868140678453654
t2,2026-02-05 23:00:00,2026-02-05 17:00:00,rolling,2026-02-04,2026-02-05 00:00:00,23.0,24.0,0.6412947442423411,0.3436777865191782,0.7029958743438469,0.986325987742907
t2,2026-02-06 00:00:00,2026-02-05 18:00:00,rolling,2026-02-05,2026-02-06 00:00:00,0.0,24.0,0.596571645954185,0.2841727690555609,0.6501347727035783,0.9957392403527929
t2,2026-02-06 01:00:00,2026-02-05 19:00:00,rolling,2026-02-05,2026-02-06 00:00:00,1.0,24.0,0.5795069544717207,0.27147413672420256,0.6517680633490376,0.9894177863556963
t2,2026-02-06 02:00:00,2026-02-05 20:00:00,rolling,2026-02-05,2026-02-06 00:00:00,2.0,24.0,0.5399531382540425,0.23053161066417394,0.5826815796621745,0.9904624413417141
t2,2026-02-06 03:00:00,2026-02-05 21:00:00,rolling,2026-02-05,2026-02-06 00:00:00,3.0,24.0,0.5012768467117317,0.18780037371090746,0.5329928066969545,0.9448735994803166
t2,2026-02-06 04:00:00,2026-02-05 22:00:00,rolling,2026-02-05,2026-02-06 00:00:00,4.0,24.0,0.39859256536408866,0.13006473183952844,0.40955180867021757,0.9245005209119322
t2,2026-02-06 05:00:00,2026-02-05 23:00:00,rolling,2026-02-05,2026-02-06 00:00:00,5.0,24.0,0.28496219611465406,0.02392975310016146,0.24202071698905248,0.8232815804447939
t2,2026-02-06 06:00:00,2026-02-06 00:00:00,rolling,2026-02-05,2026-02-06 00:00:00,6.0,24.0,0.13952957873435176,0.0,0.10233830085994178,0.5248112664312545
t2,2026-02-06 07:00:00,2026-02-06 01:00:00,rolling,2026-02-05,2026-02-06 00:00:00,7.0,24.0,0.08138329943693445,0.0,0.033636986926334676,0.3793597773289181
t2,2026-02-06 08:00:00,2026-02-06 02:00:00,rolling,2026-02-05,2026-02-06 00:00:00,8.0,24.0,0.08208337339191052,0.0,0.048307468612246975,0.3113690011765808
t2,2026-02-06 09:00:00,2026-02-06 03:00:00,rolling,2026-02-05,2026-02-06 00:00:00,9.0,24.0,0.09632992115573108,0.0,0.06743902421548612,0.3426347732128858
t2,2026-02-06 10:00:00,2026-02-06 04:00:00,rolling,2026-02-05,2026-02-06 00:00:00,10.0,24.0,0.23605461116113952,0.0,0.1039046948015181,0.5692980499369751
t2,2026-02-06 11:00:00,2026-02-06 05:00:00,rolling,2026-02-05,2026-02-06 00:00:00,11.0,24.0,0.3331579067645394,0.0,0.28010571952385876,0.7838147943956938
t2,2026-02-06 12:00:00,2026-02-06 06:00:00,rolling,2026-02-05,2026-02-06 00:00:00,12.0,24.0,0.5277721821396071,0.0,0.47401630245122994,0.9963336831369854
t2,2026-02-06 13:00:00,2026-02-06 07:00:00,rolling,2026-02-05,2026-02-06 00:00:00,13.0,24.0,0.65966188584823,0.14439756853627217,0.6241441977792407,1.0
t2,2026-02-06 14:00:00,2026-02-06 08:00:00,rolling,2026-02-05,2026-02-06 00:00:00,14.0,24.0,0.7644940063262877,0.26041952626851117,0.8370360486726707,0.9835963324906608
t2,2026-02-06 15:00:00,2026-02-06 09:00:00,rolling,2026-02-05,2026-02-06 00:00:00,15.0,24.0,0.8785548158172889,0.6269691368799846,0.9365932305799265,0.9643717054466414
t2,2026-02-06 16:00:00,2026-02-06 10:00:00,rolling,2026-02-05,2026-02-06 00:00:00,16.0,24.0,0.9140798659515651,0.7691006453137293,0.9406029152716274,0.9657156691973153
t2,2026-02-06 17:00:00,2026-02-06 11:00:00,rolling,2026-02-05,2026-02-06 00:00:00,17.0,24.0,0.9164566801776718,0.7805523420134942,0.9407013917256158,0.9658207277088067
t2,2026-02-06 18:00:00,2026-02-06 12:00:00,rolling,2026-02-05,2026-02-06 00:00:00,18.0,24.0,0.9147111001875347,0.79338904249787,0.9412018253491329,0.9661668881486125
t2,2026-02-06 19:00:00,2026-02-06 13:00:00,rolling,2026-02-05,2026-02-06 00:00:00,19.0,24.0,0.9145123666458844,0.7933718595178869,0.9413003018031212,0.967170227292362
t2,2026-02-06 20:00:00,2026-02-06 14:00:00,rolling,2026-02-05,2026-02-06 00:00:00,20.0,24.0,0.9182240524507577,0.7870979376466284,0.9413003018031212,0.9673875142177363
t2,2026-02-06 21:00:00,2026-02-06 15:00:00,rolling,2026-02-05,2026-02-06 00:00:00,21.0,24.0,0.9182240524507577,0.7742784201422359,0.9407013917256158,0.967903210020222
t2,2026-02-06 22:00:00,2026-02-06 16:00:00,rolling,2026-02-05,2026-02-06 00:00:00,22.0,24.0,0.9060144832878754,0.5477430423317542,0.9384543168941418,0.9694746857123233
t2,2026-02-06 23:00:00,2026-02-06 17:00:00,rolling,2026-02-05,2026-02-06 00:00:00,23.0,24.0,0.8973504602682401,0.6017648940574665,0.9375394600790702,0.9692801703031908
t2,2026-02-07 00:00:00,2026-02-06 18:00:00,rolling,2026-02-06,2026-02-07 00:00:00,0.0,24.0,0.8088148254129268,0.4106856095460661,0.8604099439217621,0.9710860125990808
t2,2026-02-07 01:00:00,2026-02-06 19:00:00,rolling,2026-02-06,2026-02-07 00:00:00,1.0,24.0,0.6949123540742566,0.23408491118083485,0.744413363657813,0.9799582040097828
t2,2026-02-07 02:00:00,2026-02-06 20:00:00,rolling,2026-02-06,2026-02-07 00:00:00,2.0,24.0,0.5986903060969126,0.1729403261435838,0.6899708960696485,0.9730394406640719
t2,2026-02-07 03:00:00,2026-02-06 21:00:00,rolling,2026-02-06,2026-02-07 00:00:00,3.0,24.0,0.4141017629504688,0.05749670599079948,0.42289048735326407,0.9168111225862012
t2,2026-02-07 04:00:00,2026-02-06 22:00:00,rolling,2026-02-06,2026-02-07 00:00:00,4.0,24.0,0.29389849898393183,0.0,0.28099967121969815,0.8893889441505656
t2,2026-02-07 05:00:00,2026-02-06 23:00:00,rolling,2026-02-06,2026-02-07 00:00:00,5.0,24.0,0.208885493365617,0.0,0.1205060668213207,0.8698835020691312
t2,2026-02-07 06:00:00,2026-02-07 00:00:00,rolling,2026-02-06,2026-02-07 00:00:00,6.0,24.0,0.15129331402613178,0.0,0.07449579817660248,0.5319231565131431
t2,2026-02-07 07:00:00,2026-02-07 01:00:00,rolling,2026-02-06,2026-02-07 00:00:00,7.0,24.0,0.066410675949204,0.0,0.015616944330963632,0.2655966888916925
t2,2026-02-07 08:00:00,2026-02-07 02:00:00,rolling,2026-02-06,2026-02-07 00:00:00,8.0,24.0,0.03288877155844227,0.0,0.0002794079624832274,0.2463306768683276
t2,2026-02-07 09:00:00,2026-02-07 03:00:00,rolling,2026-02-06,2026-02-07 00:00:00,9.0,24.0,0.08484961790721686,0.0,0.014195574206084603,0.3343783016184275
t2,2026-02-07 10:00:00,2026-02-07 04:00:00,rolling,2026-02-06,2026-02-07 00:00:00,10.0,24.0,0.18774365193431578,0.0,0.12462977514441059,0.4764650412581016
t2,2026-02-07 11:00:00,2026-02-07 05:00:00,rolling,2026-02-06,2026-02-07 00:00:00,11.0,24.0,0.24874161529517158,0.0,0.20670092829948103,0.7500459097486968
t2,2026-02-07 12:00:00,2026-02-07 06:00:00,rolling,2026-02-06,2026-02-07 00:00:00,12.0,24.0,0.29970215013675783,0.0,0.2696070987552403,0.7932249225121162
t2,2026-02-07 13:00:00,2026-02-07 07:00:00,rolling,2026-02-06,2026-02-07 00:00:00,13.0,24.0,0.3546735225845514,0.0,0.2595725649617848,0.838896893073011
t2,2026-02-07 14:00:00,2026-02-07 08:00:00,rolling,2026-02-06,2026-02-07 00:00:00,14.0,24.0,0.27199083225374227,0.0,0.20325094795480333,0.7410600254158066
t2,2026-02-07 15:00:00,2026-02-07 09:00:00,rolling,2026-02-06,2026-02-07 00:00:00,15.0,24.0,0.16590320276489443,0.0,0.08886648285690704,0.5555128867002713
t2,2026-02-07 16:00:00,2026-02-07 10:00:00,rolling,2026-02-06,2026-02-07 00:00:00,16.0,24.0,0.09956071793023849,0.0,0.0505182378594491,0.3014162629262502
t2,2026-02-07 17:00:00,2026-02-07 11:00:00,rolling,2026-02-06,2026-02-07 00:00:00,17.0,24.0,0.12025653988162888,0.0,0.04558286994589321,0.35297991160975467
t2,2026-02-07 18:00:00,2026-02-07 12:00:00,rolling,2026-02-06,2026-02-07 00:00:00,18.0,24.0,0.23126697075000863,0.0,0.12766590044416384,0.5274326999000678
t2,2026-02-07 19:00:00,2026-02-07 13:00:00,rolling,2026-02-06,2026-02-07 00:00:00,19.0,24.0,0.29815033665517865,0.0,0.19910866100164998,0.8301791082373826
t2,2026-02-07 20:00:00,2026-02-07 14:00:00,rolling,2026-02-06,2026-02-07 00:00:00,20.0,24.0,0.42149412843863127,0.0,0.3515021260570482,0.9582065466678076
t2,2026-02-07 21:00:00,2026-02-07 15:00:00,rolling,2026-02-06,2026-02-07 00:00:00,21.0,24.0,0.55943901617974,0.011760416370959481,0.4962586799816144,1.0
t2,2026-02-07 22:00:00,2026-02-07 16:00:00,rolling,2026-02-06,2026-02-07 00:00:00,22.0,24.0,0.6401413629841903,0.060443156888185134,0.5907190240703537,1.0
t2,2026-02-07 23:00:00,2026-02-07 17:00:00,rolling,2026-02-06,2026-02-07 00:00:00,23.0,24.0,0.6194509442947091,0.22139397276360084,0.6246111790191831,0.9666586574402556
t2,2026-02-08 00:00:00,2026-02-07 18:00:00,rolling,2026-02-07,2026-02-08 00:00:00,0.0,24.0,0.8937783425692581,0.6924451733843716,0.9367334908968143,0.9696257889209514
t2,2026-02-08 01:00:00,2026-02-07 19:00:00,rolling,2026-02-07,2026-02-08 00:00:00,1.0,24.0,0.8816896967772914,0.6646885655561456,0.9349065954304759,0.9698288645764812
t2,2026-02-08 02:00:00,2026-02-07 20:00:00,rolling,2026-02-07,2026-02-08 00:00:00,2.0,24.0,0.8544613513395891,0.6428109753361219,0.9189669819701891,0.9728665393029226
t2,2026-02-08 03:00:00,2026-02-07 21:00:00,rolling,2026-02-07,2026-02-08 00:00:00,3.0,24.0,0.8121297820404971,0.4962033881499275,0.8612877425684654,0.9713652928427433
t2,2026-02-08 04:00:00,2026-02-07 22:00:00,rolling,2026-02-07,2026-02-08 00:00:00,4.0,24.0,0.7797970868564715,0.40553645310729397,0.846038380599088,0.9736714208810746
t2,2026-02-08 05:00:00,2026-02-07 23:00:00,rolling,2026-02-07,2026-02-08 00:00:00,5.0,24.0,0.7166733734318179,0.31533701788458657,0.7660982337435591,0.9751283402370536
t2,2026-02-08 06:00:00,2026-02-08 00:00:00,rolling,2026-02-07,2026-02-08 00:00:00,6.0,24.0,0.6101854654254586,0.18777182804282916,0.6089614987650122,0.986141354485629
t2,2026-02-08 07:00:00,2026-02-08 01:00:00,rolling,2026-02-07,2026-02-08 00:00:00,7.0,24.0,0.5186044159844329,0.029415730602650014,0.5330906522532531,0.9354906572914881
t2,2026-02-08 08:00:00,2026-02-08 02:00:00,rolling,2026-02-07,2026-02-08 00:00:00,8.0,24.0,0.38970468562223354,0.0,0.37427260459068074,0.8182497648679337
t2,2026-02-08 09:00:00,2026-02-08 03:00:00,rolling,2026-02-07,2026-02-08 00:00:00,9.0,24.0,0.2288794775458361,0.0,0.16961630771236835,0.6008814450099078
t2,2026-02-08 10:00:00,2026-02-08 04:00:00,rolling,2026-02-07,2026-02-08 00:00:00,10.0,24.0,0.12780982671116956,0.0,0.08202980936377252,0.3987197177082009
t2,2026-02-08 11:00:00,2026-02-08 05:00:00,rolling,2026-02-07,2026-02-08 00:00:00,11.0,24.0,0.07815070834045737,0.0,0.02379790126037843,0.28057332745694036
t2,2026-02-08 12:00:00,2026-02-08 06:00:00,rolling,2026-02-07,2026-02-08 00:00:00,12.0,24.0,0.04696843384486588,0.0,0.004699975496368487,0.2477300396950113
t2,2026-02-08 13:00:00,2026-02-08 07:00:00,rolling,2026-02-07,2026-02-08 00:00:00,13.0,24.0,0.11434679201845224,0.0,0.010557439055282062,0.36545166110013466
t2,2026-02-08 14:00:00,2026-02-08 08:00:00,rolling,2026-02-07,2026-02-08 00:00:00,14.0,24.0,0.18591815896095132,0.0,0.10300599350388093,0.5469290713817533
t2,2026-02-08 15:00:00,2026-02-08 09:00:00,rolling,2026-02-07,2026-02-08 00:00:00,15.0,24.0,0.47867853910279656,0.0,0.3717035049140792,0.900874827400337
t2,2026-02-08 16:00:00,2026-02-08 10:00:00,rolling,2026-02-07,2026-02-08 00:00:00,16.0,24.0,0.6987275073305023,0.07024845238449118,0.6685510042117224,1.0
t2,2026-02-08 17:00:00,2026-02-08 11:00:00,rolling,2026-02-07,2026-02-08 00:00:00,17.0,24.0,0.8419422970974365,0.32341130328723655,0.8675455681798546,0.9822965513707325
t2,2026-02-08 18:00:00,2026-02-08 12:00:00,rolling,2026-02-07,2026-02-08 00:00:00,18.0,24.0,0.8887025622775211,0.5012398869974648,0.9307322574476425,0.9729526944227443
t2,2026-02-08 19:00:00,2026-02-08 13:00:00,rolling,2026-02-07,2026-02-08 00:00:00,19.0,24.0,0.9179177112075549,0.7448918202853168,0.9401444051124004,0.9689565893952861
t2,2026-02-08 20:00:00,2026-02-08 14:00:00,rolling,2026-02-07,2026-02-08 00:00:00,20.0,24.0,0.918369153670636,0.7434377821804821,0.9404452047913437,0.9691539200925231
t2,2026-02-08 21:00:00,2026-02-08 15:00:00,rolling,2026-02-07,2026-02-08 00:00:00,21.0,24.0,0.9191848561553889,0.7732029516097354,0.9404452047913437,0.9692987285458374
t2,2026-02-08 22:00:00,2026-02-08 16:00:00,rolling,2026-02-07,2026-02-08 00:00:00,22.0,24.0,0.9130454177740245,0.7732029516097354,0.9404452047913437,0.9692987285458374
t2,2026-02-08 23:00:00,2026-02-08 17:00:00,rolling,2026-02-07,2026-02-08 00:00:00,23.0,24.0,0.9139762079474538,0.7732029516097354,0.9404452047913437,0.9692939391201791
t2,2026-02-09 00:00:00,2026-02-08 18:00:00,rolling,2026-02-08,2026-02-09 00:00:00,0.0,24.0,0.9118045182961806,0.7612138444175007,0.9376884890088902,0.9681892251749753
t2,2026-02-09 01:00:00,2026-02-08 19:00:00,rolling,2026-02-08,2026-02-09 00:00:00,1.0,24.0,0.9118045182961806,0.7612138444175007,0.9376884890088902,0.9681892251749753
t2,2026-02-09 02:00:00,2026-02-08 20:00:00,rolling,2026-02-08,2026-02-09 00:00:00,2.0,24.0,0.9118045182961806,0.7585009148162144,0.9376884890088902,0.9680815798399047
t2,2026-02-09 03:00:00,2026-02-08 21:00:00,rolling,2026-02-08,2026-02-09 00:00:00,3.0,24.0,0.9106904280942197,0.7611183233236427,0.9377408341686854,0.9680717177824918
t2,2026-02-09 04:00:00,2026-02-08 22:00:00,rolling,2026-02-08,2026-02-09 00:00:00,4.0,24.0,0.9075364232295455,0.7266263133020376,0.9357856342464934,0.9685756761568213
t2,2026-02-09 05:00:00,2026-02-08 23:00:00,rolling,2026-02-08,2026-02-09 00:00:00,5.0,24.0,0.8606099572327998,0.6463308061774616,0.8891591516641894,0.9803597094759071
t2,2026-02-09 06:00:00,2026-02-09 00:00:00,rolling,2026-02-08,2026-02-09 00:00:00,6.0,24.0,0.855349709684384,0.6474145303082751,0.8891591516641894,0.9803560791695766
t2,2026-02-09 07:00:00,2026-02-09 01:00:00,rolling,2026-02-08,2026-02-09 00:00:00,7.0,24.0,0.8538579890307173,0.6357539321385205,0.8891591516641894,0.9803555329642192
t2,2026-02-09 08:00:00,2026-02-09 02:00:00,rolling,2026-02-08,2026-02-09 00:00:00,8.0,24.0,0.8478227296194008,0.6364424636262976,0.8891591516641894,0.9803555329642192
t2,2026-02-09 09:00:00,2026-02-09 03:00:00,rolling,2026-02-08,2026-02-09 00:00:00,9.0,24.0,0.8491099180293004,0.6351487337264229,0.8891591516641894,0.9804361951234818
t2,2026-02-09 10:00:00,2026-02-09 04:00:00,rolling,2026-02-08,2026-02-09 00:00:00,10.0,24.0,0.8491099180293004,0.6510490252719191,0.8909022562618322,0.9791358114241832
t2,2026-02-09 11:00:00,2026-02-09 05:00:00,rolling,2026-02-08,2026-02-09 00:00:00,11.0,24.0,0.8515590866578353,0.635374471606021,0.8909022562618322,0.9751433774005349
t2,2026-02-09 12:00:00,2026-02-09 06:00:00,rolling,2026-02-08,2026-02-09 00:00:00,12.0,24.0,0.8530801016511537,0.6368592460540892,0.8909022562618322,0.974144831042328
t2,2026-02-09 13:00:00,2026-02-09 07:00:00,rolling,2026-02-08,2026-02-09 00:00:00,13.0,24.0,0.8549049655205094,0.6059299387067865,0.8909022562618322,0.9726155686243463
t2,2026-02-09 14:00:00,2026-02-09 08:00:00,rolling,2026-02-08,2026-02-09 00:00:00,14.0,24.0,0.8488764538259972,0.5382276252278853,0.8923124209707406,0.9710379953873931
t2,2026-02-09 15:00:00,2026-02-09 09:00:00,rolling,2026-02-08,2026-02-09 00:00:00,15.0,24.0,0.8423414369117713,0.5281817133201401,0.8923124209707406,0.9709507508784384
t2,2026-02-09 16:00:00,2026-02-09 10:00:00,rolling,2026-02-08,2026-02-09 00:00:00,16.0,24.0,0.8331058648681214,0.5230120450972304,0.8886867209703694,0.971637951793228
t2,2026-02-09 17:00:00,2026-02-09 11:00:00,rolling,2026-02-08,2026-02-09 00:00:00,17.0,24.0,0.7876638854627558,0.5119809983944458,0.866776992325075,0.976808716449062
t2,2026-02-09 18:00:00,2026-02-09 12:00:00,rolling,2026-02-08,2026-02-09 00:00:00,18.0,24.0,0.7181763146510882,0.20409803981345587,0.811919826527407,0.9941895835167412
t2,2026-02-09 19:00:00,2026-02-09 13:00:00,rolling,2026-02-08,2026-02-09 00:00:00,19.0,24.0,0.5537517017298449,0.1759219761518948,0.6508032389889729,1.0
t2,2026-02-09 20:00:00,2026-02-09 14:00:00,rolling,2026-02-08,2026-02-09 00:00:00,20.0,24.0,0.3785225345929565,0.05260746699104918,0.3824914972156616,1.0
t2,2026-02-09 21:00:00,2026-02-09 15:00:00,rolling,2026-02-08,2026-02-09 00:00:00,21.0,24.0,0.2866030732234499,0.0,0.2868528881113577,0.8567873803568246
t2,2026-02-09 22:00:00,2026-02-09 16:00:00,rolling,2026-02-08,2026-02-09 00:00:00,22.0,24.0,0.2063862298268307,0.0,0.16082348183515932,0.7205647272668858
t2,2026-02-09 23:00:00,2026-02-09 17:00:00,rolling,2026-02-08,2026-02-09 00:00:00,23.0,24.0,0.1934113651317305,0.0,0.14454743204334367,0.714789326697418
t2,2026-02-10 00:00:00,2026-02-09 18:00:00,rolling,2026-02-09,2026-02-10 00:00:00,0.0,24.0,0.13658383931492935,0.0,0.11671479109226274,0.38020457264441637
t2,2026-02-10 01:00:00,2026-02-09 19:00:00,rolling,2026-02-09,2026-02-10 00:00:00,1.0,24.0,0.13951842878347073,0.0,0.09005529548628946,0.4076092003926658
t2,2026-02-10 02:00:00,2026-02-09 20:00:00,rolling,2026-02-09,2026-02-10 00:00:00,2.0,24.0,0.14173365909126753,0.0,0.06864141149869742,0.4158894937224572
t2,2026-02-10 03:00:00,2026-02-09 21:00:00,rolling,2026-02-09,2026-02-10 00:00:00,3.0,24.0,0.16657519106138152,0.0032989896468338317,0.06488281386573803,0.5131227744998822
t2,2026-02-10 04:00:00,2026-02-09 22:00:00,rolling,2026-02-09,2026-02-10 00:00:00,4.0,24.0,0.22068258033439705,0.0,0.12642403849509867,0.5730169684549876
t2,2026-02-10 05:00:00,2026-02-09 23:00:00,rolling,2026-02-09,2026-02-10 00:00:00,5.0,24.0,0.18899920011949614,0.0,0.12085371711133087,0.5834219179949073
t2,2026-02-10 06:00:00,2026-02-10 00:00:00,rolling,2026-02-09,2026-02-10 00:00:00,6.0,24.0,0.2572973936092987,0.0,0.13691424573253008,0.7377918263254075
t2,2026-02-10 07:00:00,2026-02-10 01:00:00,rolling,2026-02-09,2026-02-10 00:00:00,7.0,24.0,0.3164566856473858,0.0,0.22159497459396107,0.8646848654752445
t2,2026-02-10 08:00:00,2026-02-10 02:00:00,rolling,2026-02-09,2026-02-10 00:00:00,8.0,24.0,0.37670616417527264,0.0,0.2627560534223027,0.9535582430260722
t2,2026-02-10 09:00:00,2026-02-10 03:00:00,rolling,2026-02-09,2026-02-10 00:00:00,9.0,24.0,0.34715292814539506,0.0,0.2924660379173284,0.9130981374161015
t2,2026-02-10 10:00:00,2026-02-10 04:00:00,rolling,2026-02-09,2026-02-10 00:00:00,10.0,24.0,0.4294970733928153,0.0,0.33843650059350683,0.9749606201653519
t2,2026-02-10 11:00:00,2026-02-10 05:00:00,rolling,2026-02-09,2026-02-10 00:00:00,11.0,24.0,0.3860337918464681,0.0,0.31612925940516806,0.9787788355000135
t2,2026-02-10 12:00:00,2026-02-10 06:00:00,rolling,2026-02-09,2026-02-10 00:00:00,12.0,24.0,0.22708377083103898,0.0,0.20092807886268535,0.777156270564122
t2,2026-02-10 13:00:00,2026-02-10 07:00:00,rolling,2026-02-09,2026-02-10 00:00:00,13.0,24.0,0.22542630208340098,0.0,0.17860030660365672,0.7182333867307327
t2,2026-02-10 14:00:00,2026-02-10 08:00:00,rolling,2026-02-09,2026-02-10 00:00:00,14.0,24.0,0.202754418970569,0.0,0.12216504296023595,0.6319285929532921
t2,2026-02-10 15:00:00,2026-02-10 09:00:00,rolling,2026-02-09,2026-02-10 00:00:00,15.0,24.0,0.16937019632862396,0.0,0.09393881905371838,0.5413515476094288
t2,2026-02-10 16:00:00,2026-02-10 10:00:00,rolling,2026-02-09,2026-02-10 00:00:00,16.0,24.0,0.12963638799129754,0.0,0.0737346236843167,0.364711851168745
t2,2026-02-10 17:00:00,2026-02-10 11:00:00,rolling,2026-02-09,2026-02-10 00:00:00,17.0,24.0,0.11603921607318286,0.0,0.06718823197831299,0.37146736088350096
t2,2026-02-10 18:00:00,2026-02-10 12:00:00,rolling,2026-02-09,2026-02-10 00:00:00,18.0,24.0,0.1810068806647419,0.0,0.08032511002977719,0.5081473131380321
t2,2026-02-10 19:00:00,2026-02-10 13:00:00,rolling,2026-02-09,2026-02-10 00:00:00,19.0,24.0,0.22886582537855876,0.0025144219173916793,0.1549545014320006,0.6065057516339245
t2,2026-02-10 20:00:00,2026-02-10 14:00:00,rolling,2026-02-09,2026-02-10 00:00:00,20.0,24.0,0.4303035324598349,0.008047097731981923,0.349441660210223,0.9479752071564957
t2,2026-02-10 21:00:00,2026-02-10 15:00:00,rolling,2026-02-09,2026-02-10 00:00:00,21.0,24.0,0.5721461793730945,0.054567944004067725,0.5610073086548909,1.0
t2,2026-02-10 22:00:00,2026-02-10 16:00:00,rolling,2026-02-09,2026-02-10 00:00:00,22.0,24.0,0.7961022863039835,0.27974025003315894,0.8086070288949929,1.0
t2,2026-02-10 23:00:00,2026-02-10 17:00:00,rolling,2026-02-09,2026-02-10 00:00:00,23.0,24.0,0.8431844685687441,0.5283181987750958,0.8815520952232864,0.9986293576884928
t2,2026-02-11 00:00:00,2026-02-10 18:00:00,rolling,2026-02-10,2026-02-11 00:00:00,0.0,24.0,0.869894517619039,0.670690901972755,0.8991809433642626,0.9912661221117169
t2,2026-02-11 01:00:00,2026-02-10 19:00:00,rolling,2026-02-10,2026-02-11 00:00:00,1.0,24.0,0.8668485578308474,0.6541813710489802,0.9029556834810446,0.9900659489657606
t2,2026-02-11 02:00:00,2026-02-10 20:00:00,rolling,2026-02-10,2026-02-11 00:00:00,2.0,24.0,0.8535919525266576,0.5676230168309788,0.9029556834810446,0.9897798488818009
t2,2026-02-11 03:00:00,2026-02-10 21:00:00,rolling,2026-02-10,2026-02-11 00:00:00,3.0,24.0,0.8318418467088091,0.5621184324708103,0.8966336613596426,0.9924268788345767
t2,2026-02-11 04:00:00,2026-02-10 22:00:00,rolling,2026-02-10,2026-02-11 00:00:00,4.0,24.0,0.7277561126794381,0.410345274407938,0.8034542994452606,1.0
t2,2026-02-11 05:00:00,2026-02-10 23:00:00,rolling,2026-02-10,2026-02-11 00:00:00,5.0,24.0,0.6423044610862979,0.14539791751493858,0.7209142775594732,1.0
t2,2026-02-11 06:00:00,2026-02-11 00:00:00,rolling,2026-02-10,2026-02-11 00:00:00,6.0,24.0,0.32238869426006744,0.03903899154941037,0.30032297312933354,0.9651026015496429
t2,2026-02-11 07:00:00,2026-02-11 01:00:00,rolling,2026-02-10,2026-02-11 00:00:00,7.0,24.0,0.20040136540586562,0.0,0.10206432103454842,0.671124610264037
t2,2026-02-11 08:00:00,2026-02-11 02:00:00,rolling,2026-02-10,2026-02-11 00:00:00,8.0,24.0,0.14441567922891482,0.0,0.0868172129885848,0.45286836821414356
t2,2026-02-11 09:00:00,2026-02-11 03:00:00,rolling,2026-02-10,2026-02-11 00:00:00,9.0,24.0,0.2199175790826358,0.0,0.14355986423342906,0.5414274119382293
t2,2026-02-11 10:00:00,2026-02-11 04:00:00,rolling,2026-02-10,2026-02-11 00:00:00,10.0,24.0,0.2567671954095664,0.0,0.15256723671849526,0.6991515464964229
t2,2026-02-11 11:00:00,2026-02-11 05:00:00,rolling,2026-02-10,2026-02-11 00:00:00,11.0,24.0,0.3619555969523775,0.0,0.2523776336414795,0.923270461542752
t2,2026-02-11 12:00:00,2026-02-11 06:00:00,rolling,2026-02-10,2026-02-11 00:00:00,12.0,24.0,0.4595672558652498,0.0,0.3516361106897384,1.0
t2,2026-02-11 13:00:00,2026-02-11 07:00:00,rolling,2026-02-10,2026-02-11 00:00:00,13.0,24.0,0.3899274139822194,0.0,0.34947490071880155,1.0
t2,2026-02-11 14:00:00,2026-02-11 08:00:00,rolling,2026-02-10,2026-02-11 00:00:00,14.0,24.0,0.36632143671196743,0.0,0.22821444450564873,0.9806427214062614
t2,2026-02-11 15:00:00,2026-02-11 09:00:00,rolling,2026-02-10,2026-02-11 00:00:00,15.0,24.0,0.40215192461777577,0.0,0.26575227374327237,0.9670960196165017
t2,2026-02-11 16:00:00,2026-02-11 10:00:00,rolling,2026-02-10,2026-02-11 00:00:00,16.0,24.0,0.594878039355282,0.0,0.47242012017092744,1.0
t2,2026-02-11 17:00:00,2026-02-11 11:00:00,rolling,2026-02-10,2026-02-11 00:00:00,17.0,24.0,0.6731037118021639,0.08746363198407214,0.6130010576651486,1.0
t2,2026-02-11 18:00:00,2026-02-11 12:00:00,rolling,2026-02-10,2026-02-11 00:00:00,18.0,24.0,0.8052880163168538,0.20760367452350648,0.8747728767736356,1.0
t2,2026-02-11 19:00:00,2026-02-11 13:00:00,rolling,2026-02-10,2026-02-11 00:00:00,19.0,24.0,0.8387997787175736,0.32385151516487787,0.9156096069994767,0.992574828036716
t2,2026-02-11 20:00:00,2026-02-11 14:00:00,rolling,2026-02-10,2026-02-11 00:00:00,20.0,24.0,0.8756790824554967,0.5044602079300506,0.9356832146972329,0.9849627558112141
t2,2026-02-11 21:00:00,2026-02-11 15:00:00,rolling,2026-02-10,2026-02-11 00:00:00,21.0,24.0,0.8898729782406701,0.6219804205263626,0.9336423899907103,0.9851411343732458
t2,2026-02-11 22:00:00,2026-02-11 16:00:00,rolling,2026-02-10,2026-02-11 00:00:00,22.0,24.0,0.8463735599089338,0.3377141823073958,0.8938488596993196,0.9915854502464221
t2,2026-02-11 23:00:00,2026-02-11 17:00:00,rolling,2026-02-10,2026-02-11 00:00:00,23.0,24.0,0.8670944461716704,0.3914772234200534,0.8922251875275902,0.9924704840968759
t2,2026-02-12 00:00:00,2026-02-11 18:00:00,rolling,2026-02-11,2026-02-12 00:00:00,0.0,24.0,0.555737144510937,0.12382137109834046,0.5743757606106609,0.9617994371354286
t2,2026-02-12 01:00:00,2026-02-11 19:00:00,rolling,2026-02-11,2026-02-12 00:00:00,1.0,24.0,0.5799117745885712,0.15211477049979777,0.5701444585274035,0.9802266742596463
t2,2026-02-12 02:00:00,2026-02-11 20:00:00,rolling,2026-02-11,2026-02-12 00:00:00,2.0,24.0,0.5574624432754006,0.11448418176687458,0.5203310552413678,0.9878720859814103
t2,2026-02-12 03:00:00,2026-02-11 21:00:00,rolling,2026-02-11,2026-02-12 00:00:00,3.0,24.0,0.4527691925389273,0.07900258914655856,0.431451329579594,0.9469120090917065
t2,2026-02-12 04:00:00,2026-02-11 22:00:00,rolling,2026-02-11,2026-02-12 00:00:00,4.0,24.0,0.37435456603542117,0.05389112234495602,0.3958976691703632,0.8733341026438313
t2,2026-02-12 05:00:00,2026-02-11 23:00:00,rolling,2026-02-11,2026-02-12 00:00:00,5.0,24.0,0.27541432839436064,0.04152754731926228,0.3003675676753014,0.7802441067410886
t2,2026-02-12 06:00:00,2026-02-12 00:00:00,rolling,2026-02-11,2026-02-12 00:00:00,6.0,24.0,0.1474872987386411,9.574812532504862e-05,0.09782347255954596,0.44237361681942444
t2,2026-02-12 07:00:00,2026-02-12 01:00:00,rolling,2026-02-11,2026-02-12 00:00:00,7.0,24.0,0.10300720773741831,0.002276696589569867,0.05535886843785557,0.3309756605620709
t2,2026-02-12 08:00:00,2026-02-12 02:00:00,rolling,2026-02-11,2026-02-12 00:00:00,8.0,24.0,0.07346683298867634,0.003204276223843165,0.03865460984422029,0.28061555636265334
t2,2026-02-12 09:00:00,2026-02-12 03:00:00,rolling,2026-02-11,2026-02-12 00:00:00,9.0,24.0,0.05802745765108702,0.005483736859090959,0.01986622712084733,0.21822324492761136
t2,2026-02-12 10:00:00,2026-02-12 04:00:00,rolling,2026-02-11,2026-02-12 00:00:00,10.0,24.0,0.05802107811380114,0.005986033356526111,0.021255300209562393,0.22363364137955236
t2,2026-02-12 11:00:00,2026-02-12 05:00:00,rolling,2026-02-11,2026-02-12 00:00:00,11.0,24.0,0.06931558327191585,0.004671679620718516,0.04087922713957379,0.2968230816585432
t2,2026-02-12 12:00:00,2026-02-12 06:00:00,rolling,2026-02-11,2026-02-12 00:00:00,12.0,24.0,0.14568722603973838,0.004268610276828566,0.09573130641732776,0.47365108568672576
t2,2026-02-12 13:00:00,2026-02-12 07:00:00,rolling,2026-02-11,2026-02-12 00:00:00,13.0,24.0,0.22277210308750398,0.0025407482836221074,0.13064209421213807,0.6371377475816005
t2,2026-02-12 14:00:00,2026-02-12 08:00:00,rolling,2026-02-11,2026-02-12 00:00:00,14.0,24.0,0.2529009953308729,0.0007002711396965899,0.18011753075619327,0.7015176584435584
t2,2026-02-12 15:00:00,2026-02-12 09:00:00,rolling,2026-02-11,2026-02-12 00:00:00,15.0,24.0,0.2621396284283092,0.00325748841963569,0.15729441444768713,0.706812319227426
t2,2026-02-12 16:00:00,2026-02-12 10:00:00,rolling,2026-02-11,2026-02-12 00:00:00,16.0,24.0,0.24533077182212334,0.0,0.13903670091241568,0.6903008143467549
t2,2026-02-12 17:00:00,2026-02-12 11:00:00,rolling,2026-02-11,2026-02-12 00:00:00,17.0,24.0,0.2046135869069004,0.00027957520420907045,0.12085841601745645,0.6255864172378034
t2,2026-02-12 18:00:00,2026-02-12 12:00:00,rolling,2026-02-11,2026-02-12 00:00:00,18.0,24.0,0.19670131823230308,0.0,0.1869350549492839,0.5685263489835202
t2,2026-02-12 19:00:00,2026-02-12 13:00:00,rolling,2026-02-11,2026-02-12 00:00:00,19.0,24.0,0.21811098874987458,0.0031646887680730207,0.1552694582123494,0.5620795220273718
t2,2026-02-12 20:00:00,2026-02-12 14:00:00,rolling,2026-02-11,2026-02-12 00:00:00,20.0,24.0,0.2094207254093267,0.004487401029635851,0.13438969464883235,0.6432152632166079
t2,2026-02-12 21:00:00,2026-02-12 15:00:00,rolling,2026-02-11,2026-02-12 00:00:00,21.0,24.0,0.19685647777839238,0.002269162431251262,0.11514999551708797,0.5521161579709191
t2,2026-02-12 22:00:00,2026-02-12 16:00:00,rolling,2026-02-11,2026-02-12 00:00:00,22.0,24.0,0.15435134650956092,0.0001378518370913906,0.10730183848431521,0.4177113431654862
t2,2026-02-12 23:00:00,2026-02-12 17:00:00,rolling,2026-02-11,2026-02-12 00:00:00,23.0,24.0,0.15458210766921024,0.000999066469883278,0.08144023660352209,0.4323464387258392
t2,2026-02-13 00:00:00,2026-02-12 18:00:00,rolling,2026-02-12,2026-02-13 00:00:00,0.0,24.0,0.0,0.0,0.0,0.1302328223069469
t2,2026-02-13 01:00:00,2026-02-12 19:00:00,rolling,2026-02-12,2026-02-13 00:00:00,1.0,24.0,0.00012027229505159887,0.0,0.0,0.13135953665923467
t2,2026-02-13 02:00:00,2026-02-12 20:00:00,rolling,2026-02-12,2026-02-13 00:00:00,2.0,24.0,0.0,0.0,0.0,0.13382634532537363
t2,2026-02-13 03:00:00,2026-02-12 21:00:00,rolling,2026-02-12,2026-02-13 00:00:00,3.0,24.0,0.005923194131779497,0.0,0.0,0.15674773569162076
t2,2026-02-13 04:00:00,2026-02-12 22:00:00,rolling,2026-02-12,2026-02-13 00:00:00,4.0,24.0,0.004193405298042713,0.0,0.0,0.14316652404033575
t2,2026-02-13 05:00:00,2026-02-12 23:00:00,rolling,2026-02-12,2026-02-13 00:00:00,5.0,24.0,0.0,0.0,0.0,0.13569559285935823
t2,2026-02-13 06:00:00,2026-02-13 00:00:00,rolling,2026-02-12,2026-02-13 00:00:00,6.0,24.0,0.0038342849872162257,0.0,0.0,0.14935065032113864
t2,2026-02-13 07:00:00,2026-02-13 01:00:00,rolling,2026-02-12,2026-02-13 00:00:00,7.0,24.0,0.00390782739534188,0.0,0.0,0.1468163120883787
t2,2026-02-13 08:00:00,2026-02-13 02:00:00,rolling,2026-02-12,2026-02-13 00:00:00,8.0,24.0,0.0019374244883968994,0.0,0.0,0.1339268857282788
t2,2026-02-13 09:00:00,2026-02-13 03:00:00,rolling,2026-02-12,2026-02-13 00:00:00,9.0,24.0,0.0,0.0,0.0,0.15153468119953242
t2,2026-02-13 10:00:00,2026-02-13 04:00:00,rolling,2026-02-12,2026-02-13 00:00:00,10.0,24.0,0.0,0.0,0.0,0.14946069860095906
t2,2026-02-13 11:00:00,2026-02-13 05:00:00,rolling,2026-02-12,2026-02-13 00:00:00,11.0,24.0,0.0038583613989455826,0.0,0.0,0.14658795943358166
t2,2026-02-13 12:00:00,2026-02-13 06:00:00,rolling,2026-02-12,2026-02-13 00:00:00,12.0,24.0,0.002942215546396787,0.0,0.0,0.1386239883017008
t2,2026-02-13 13:00:00,2026-02-13 07:00:00,rolling,2026-02-12,2026-02-13 00:00:00,13.0,24.0,0.0,0.0,0.0,0.15719543412899917
t2,2026-02-13 14:00:00,2026-02-13 08:00:00,rolling,2026-02-12,2026-02-13 00:00:00,14.0,24.0,0.0009852019002537168,0.0,0.0,0.13855958689767062
t2,2026-02-13 15:00:00,2026-02-13 09:00:00,rolling,2026-02-12,2026-02-13 00:00:00,15.0,24.0,0.0024685982843745055,0.0,0.0,0.1387341111726425
t2,2026-02-13 16:00:00,2026-02-13 10:00:00,rolling,2026-02-12,2026-02-13 00:00:00,16.0,24.0,0.008144607572265095,0.0,0.0,0.15807574853247014
t2,2026-02-13 17:00:00,2026-02-13 11:00:00,rolling,2026-02-12,2026-02-13 00:00:00,17.0,24.0,0.02066665402046417,0.0,0.0,0.1800814233717412
t2,2026-02-13 18:00:00,2026-02-13 12:00:00,rolling,2026-02-12,2026-02-13 00:00:00,18.0,24.0,0.02219765568960263,0.0,0.0,0.2446969302923109
t2,2026-02-13 19:00:00,2026-02-13 13:00:00,rolling,2026-02-12,2026-02-13 00:00:00,19.0,24.0,0.1122448667920613,0.0,0.05229137540465218,0.38450056843548974
t2,2026-02-13 20:00:00,2026-02-13 14:00:00,rolling,2026-02-12,2026-02-13 00:00:00,20.0,24.0,0.21304830880398665,0.0,0.14491413165990386,0.609681007681863
t2,2026-02-13 21:00:00,2026-02-13 15:00:00,rolling,2026-02-12,2026-02-13 00:00:00,21.0,24.0,0.34872011128547953,0.0,0.2972832656589364,0.8022357027930398
t2,2026-02-13 22:00:00,2026-02-13 16:00:00,rolling,2026-02-12,2026-02-13 00:00:00,22.0,24.0,0.47834240723333604,0.017614207406291438,0.400749050948673,0.9899501350752165
t2,2026-02-13 23:00:00,2026-02-13 17:00:00,rolling,2026-02-12,2026-02-13 00:00:00,23.0,24.0,0.5841164982011242,0.0889806693615493,0.5432992109334882,0.9850184044299575
t2,2026-02-14 00:00:00,2026-02-13 18:00:00,rolling,2026-02-13,2026-02-14 00:00:00,0.0,24.0,0.7043972643011925,0.3586523692067103,0.7625365236912355,0.9394522543650244
t2,2026-02-14 01:00:00,2026-02-13 19:00:00,rolling,2026-02-13,2026-02-14 00:00:00,1.0,24.0,0.6899887769997363,0.29269452172482935,0.7528928664772507,0.9447607338037383
t2,2026-02-14 02:00:00,2026-02-13 20:00:00,rolling,2026-02-13,2026-02-14 00:00:00,2.0,24.0,0.7619386256385611,0.32489722978322044,0.8250359287236166,0.927275545627642
t2,2026-02-14 03:00:00,2026-02-13 21:00:00,rolling,2026-02-13,2026-02-14 00:00:00,3.0,24.0,0.7198017684394366,0.3388913247063137,0.799478423529962,0.9307888316239897
t2,2026-02-14 04:00:00,2026-02-13 22:00:00,rolling,2026-02-13,2026-02-14 00:00:00,4.0,24.0,0.707423118240465,0.35267803040708484,0.7881079939768709,0.9269773374862142
t2,2026-02-14 05:00:00,2026-02-13 23:00:00,rolling,2026-02-13,2026-02-14 00:00:00,5.0,24.0,0.6245098142618637,0.19405548143336093,0.6733671795492691,0.9271834293553503
t2,2026-02-14 06:00:00,2026-02-14 00:00:00,rolling,2026-02-13,2026-02-14 00:00:00,6.0,24.0,0.3596338488723241,0.0,0.34140208505404057,0.8254265560156522
t2,2026-02-14 07:00:00,2026-02-14 01:00:00,rolling,2026-02-13,2026-02-14 00:00:00,7.0,24.0,0.29791297666868133,0.0,0.23399667918602005,0.7430139064144131
t2,2026-02-14 08:00:00,2026-02-14 02:00:00,rolling,2026-02-13,2026-02-14 00:00:00,8.0,24.0,0.14976310393295253,0.0,0.10940212817905856,0.6934657267885208
t2,2026-02-14 09:00:00,2026-02-14 03:00:00,rolling,2026-02-13,2026-02-14 00:00:00,9.0,24.0,0.1361458101690233,0.0,0.07350814478608192,0.6195092941567946
t2,2026-02-14 10:00:00,2026-02-14 04:00:00,rolling,2026-02-13,2026-02-14 00:00:00,10.0,24.0,0.08300976100994423,0.0,0.0023207582351319617,0.5501932958198071
t2,2026-02-14 11:00:00,2026-02-14 05:00:00,rolling,2026-02-13,2026-02-14 00:00:00,11.0,24.0,0.09979078013679205,0.0,0.01026886745448935,0.5325631206871588
t2,2026-02-14 12:00:00,2026-02-14 06:00:00,rolling,2026-02-13,2026-02-14 00:00:00,12.0,24.0,0.11014200813986069,0.0,0.01450009115062409,0.6143775695208734
t2,2026-02-14 13:00:00,2026-02-14 07:00:00,rolling,2026-02-13,2026-02-14 00:00:00,13.0,24.0,0.03608739668649137,0.0,0.0,0.3606722160647337
t2,2026-02-14 14:00:00,2026-02-14 08:00:00,rolling,2026-02-13,2026-02-14 00:00:00,14.0,24.0,0.004899566541710129,0.0,0.0,0.20783473594668053
t2,2026-02-14 15:00:00,2026-02-14 09:00:00,rolling,2026-02-13,2026-02-14 00:00:00,15.0,24.0,0.011479529245131154,0.0,0.0,0.25407046019297425
t2,2026-02-14 16:00:00,2026-02-14 10:00:00,rolling,2026-02-13,2026-02-14 00:00:00,16.0,24.0,0.0,0.0,0.0,0.17543945545402495
t2,2026-02-14 17:00:00,2026-02-14 11:00:00,rolling,2026-02-13,2026-02-14 00:00:00,17.0,24.0,0.0,0.0,0.0,0.20592102633033735
t2,2026-02-14 18:00:00,2026-02-14 12:00:00,rolling,2026-02-13,2026-02-14 00:00:00,18.0,24.0,0.0,0.0,0.0,0.14161448411064353
t2,2026-02-14 19:00:00,2026-02-14 13:00:00,rolling,2026-02-13,2026-02-14 00:00:00,19.0,24.0,0.0,0.0,0.0,0.1292586066547553
t2,2026-02-14 20:00:00,2026-02-14 14:00:00,rolling,2026-02-13,2026-02-14 00:00:00,20.0,24.0,0.0,0.0,0.0,0.17490522119810423
t2,2026-02-14 21:00:00,2026-02-14 15:00:00,rolling,2026-02-13,2026-02-14 00:00:00,21.0,24.0,0.0,0.0,0.0,0.16533988461083207
t2,2026-02-14 22:00:00,2026-02-14 16:00:00,rolling,2026-02-13,2026-02-14 00:00:00,22.0,24.0,0.0009605261053178549,0.0,0.0,0.1867261602394739
t2,2026-02-14 23:00:00,2026-02-14 17:00:00,rolling,2026-02-13,2026-02-14 00:00:00,23.0,24.0,0.0,0.0,0.0,0.17560246955841646
t2,2026-02-15 00:00:00,2026-02-14 18:00:00,rolling,2026-02-14,2026-02-15 00:00:00,0.0,24.0,0.06372292185260822,0.006513964345579536,0.021919090051296105,0.20919892231823609
t2,2026-02-15 01:00:00,2026-02-14 19:00:00,rolling,2026-02-14,2026-02-15 00:00:00,1.0,24.0,0.04627521125360897,0.0066907973505360655,0.01894406744060044,0.17002473675066304
t2,2026-02-15 02:00:00,2026-02-14 20:00:00,rolling,2026-02-14,2026-02-15 00:00:00,2.0,24.0,0.045990009567476335,0.006974007037531302,0.016793362730523086,0.1621459882015409
t2,2026-02-15 03:00:00,2026-02-14 21:00:00,rolling,2026-02-14,2026-02-15 00:00:00,3.0,24.0,0.05077019464028893,0.004942644187991643,0.020755676417914624,0.18497004153705188
t2,2026-02-15 04:00:00,2026-02-14 22:00:00,rolling,2026-02-14,2026-02-15 00:00:00,4.0,24.0,0.047980147194981955,0.006276779443258853,0.018320794668886864,0.2104352646302077
t2,2026-02-15 05:00:00,2026-02-14 23:00:00,rolling,2026-02-14,2026-02-15 00:00:00,5.0,24.0,0.09465824352659113,0.007616036515860174,0.045383388143822034,0.30980800215630483
t2,2026-02-15 06:00:00,2026-02-15 00:00:00,rolling,2026-02-14,2026-02-15 00:00:00,6.0,24.0,0.16247057322207206,0.011880449982466748,0.1116026957001644,0.4382131093512722
t2,2026-02-15 07:00:00,2026-02-15 01:00:00,rolling,2026-02-14,2026-02-15 00:00:00,7.0,24.0,0.23514803595917685,0.03740882721828612,0.1915463137450785,0.6398387730851894
t2,2026-02-15 08:00:00,2026-02-15 02:00:00,rolling,2026-02-14,2026-02-15 00:00:00,8.0,24.0,0.35792550018061464,0.09458358885733545,0.33468112199647143,0.8120365123110798
t2,2026-02-15 09:00:00,2026-02-15 03:00:00,rolling,2026-02-14,2026-02-15 00:00:00,9.0,24.0,0.5796146980379325,0.22312518036366707,0.5221298914573624,0.9573189618004303
t2,2026-02-15 10:00:00,2026-02-15 04:00:00,rolling,2026-02-14,2026-02-15 00:00:00,10.0,24.0,0.7957181833143943,0.34259505313549093,0.7807559160980603,0.9752837460149866
t2,2026-02-15 11:00:00,2026-02-15 05:00:00,rolling,2026-02-14,2026-02-15 00:00:00,11.0,24.0,0.8843207474893585,0.5583566896138215,0.9367285679724502,0.9774519912524905
t2,2026-02-15 12:00:00,2026-02-15 06:00:00,rolling,2026-02-14,2026-02-15 00:00:00,12.0,24.0,0.8777095605644433,0.6182030181357003,0.9409972277860242,0.976902249244376
t2,2026-02-15 13:00:00,2026-02-15 07:00:00,rolling,2026-02-14,2026-02-15 00:00:00,13.0,24.0,0.8858871587970881,0.6198725734800319,0.9497553887868712,0.9763127316060066
t2,2026-02-15 14:00:00,2026-02-15 08:00:00,rolling,2026-02-14,2026-02-15 00:00:00,14.0,24.0,0.907582420217541,0.7028718497612656,0.9537775449077764,0.9742804305521737
t2,2026-02-15 15:00:00,2026-02-15 09:00:00,rolling,2026-02-14,2026-02-15 00:00:00,15.0,24.0,0.9107491618166804,0.7168445920435196,0.9556568636356698,0.9736749094655096
t2,2026-02-15 16:00:00,2026-02-15 10:00:00,rolling,2026-02-14,2026-02-15 00:00:00,16.0,24.0,0.9084286851473693,0.6841874651740008,0.9391086995065282,0.9736723193283157
t2,2026-02-15 17:00:00,2026-02-15 11:00:00,rolling,2026-02-14,2026-02-15 00:00:00,17.0,24.0,0.8555092871945914,0.617801496898077,0.8922708809323193,0.9741854034083199
t2,2026-02-15 18:00:00,2026-02-15 12:00:00,rolling,2026-02-14,2026-02-15 00:00:00,18.0,24.0,0.8917274784397236,0.633510080733769,0.9156646750273114,0.9746618380742782
t2,2026-02-15 19:00:00,2026-02-15 13:00:00,rolling,2026-02-14,2026-02-15 00:00:00,19.0,24.0,0.8913886483160687,0.62026485432106,0.9096055075567832,0.9760761994072985
t2,2026-02-15 20:00:00,2026-02-15 14:00:00,rolling,2026-02-14,2026-02-15 00:00:00,20.0,24.0,0.8532233553437699,0.6069577314042298,0.8666791196272825,0.9758122949756209
t2,2026-02-15 21:00:00,2026-02-15 15:00:00,rolling,2026-02-14,2026-02-15 00:00:00,21.0,24.0,0.8364328729700671,0.5939720829888364,0.8635909355529356,0.9758374685674458
t2,2026-02-15 22:00:00,2026-02-15 16:00:00,rolling,2026-02-14,2026-02-15 00:00:00,22.0,24.0,0.7884765647611482,0.5085124016025895,0.8074976161638501,0.976085808468817
t2,2026-02-15 23:00:00,2026-02-15 17:00:00,rolling,2026-02-14,2026-02-15 00:00:00,23.0,24.0,0.7390018738421524,0.4525841541312288,0.7785603058015605,0.9766571747968564
t2,2026-02-16 00:00:00,2026-02-15 18:00:00,rolling,2026-02-15,2026-02-16 00:00:00,0.0,24.0,0.620310006593031,0.3645983665562556,0.6094665078133579,0.9547513237023586
t2,2026-02-16 01:00:00,2026-02-15 19:00:00,rolling,2026-02-15,2026-02-16 00:00:00,1.0,24.0,0.5702523605557205,0.2955868432550904,0.5733961096788233,0.9670109848386969
t2,2026-02-16 02:00:00,2026-02-15 20:00:00,rolling,2026-02-15,2026-02-16 00:00:00,2.0,24.0,0.6063957322083438,0.3098460402267214,0.6116907104228853,0.9752398061905205
t2,2026-02-16 03:00:00,2026-02-15 21:00:00,rolling,2026-02-15,2026-02-16 00:00:00,3.0,24.0,0.6336963968035897,0.345974695887704,0.6713995826615703,0.9765972896814397
t2,2026-02-16 04:00:00,2026-02-15 22:00:00,rolling,2026-02-15,2026-02-16 00:00:00,4.0,24.0,0.6600984955288255,0.37321899243077516,0.6659492924353153,0.9770890205282717
t2,2026-02-16 05:00:00,2026-02-15 23:00:00,rolling,2026-02-15,2026-02-16 00:00:00,5.0,24.0,0.7896384896657117,0.4409719008118346,0.8090042504555109,0.9819296598208092
t2,2026-02-16 06:00:00,2026-02-16 00:00:00,rolling,2026-02-15,2026-02-16 00:00:00,6.0,24.0,0.8095299125895848,0.4894163584998745,0.8200363761804432,0.9781156878719757
t2,2026-02-16 07:00:00,2026-02-16 01:00:00,rolling,2026-02-15,2026-02-16 00:00:00,7.0,24.0,0.7790624256409442,0.47411309800156215,0.7979608629976035,0.9730149968673243
t2,2026-02-16 08:00:00,2026-02-16 02:00:00,rolling,2026-02-15,2026-02-16 00:00:00,8.0,24.0,0.6758149968669086,0.4043697808475632,0.7217012543861566,0.9731974078594845
t2,2026-02-16 09:00:00,2026-02-16 03:00:00,rolling,2026-02-15,2026-02-16 00:00:00,9.0,24.0,0.6525206639172719,0.3620930877669828,0.6950042543369908,0.982386582101126
t2,2026-02-16 10:00:00,2026-02-16 04:00:00,rolling,2026-02-15,2026-02-16 00:00:00,10.0,24.0,0.6740040145777269,0.3778886744662285,0.7100511237248478,0.9779727109468636
t2,2026-02-16 11:00:00,2026-02-16 05:00:00,rolling,2026-02-15,2026-02-16 00:00:00,11.0,24.0,0.7124007766655037,0.3917938518273013,0.7580107655713746,0.9770198069048928
t2,2026-02-16 12:00:00,2026-02-16 06:00:00,rolling,2026-02-15,2026-02-16 00:00:00,12.0,24.0,0.7859824777918933,0.4532023681296202,0.8399983242934075,0.9724603990163175
t2,2026-02-16 13:00:00,2026-02-16 07:00:00,rolling,2026-02-15,2026-02-16 00:00:00,13.0,24.0,0.8049889456655079,0.514318410544902,0.8739925846757292,0.9756661286260561
t2,2026-02-16 14:00:00,2026-02-16 08:00:00,rolling,2026-02-15,2026-02-16 00:00:00,14.0,24.0,0.811846399031555,0.48396106384413873,0.8440076468318752,0.9746224687484123
t2,2026-02-16 15:00:00,2026-02-16 09:00:00,rolling,2026-02-15,2026-02-16 00:00:00,15.0,24.0,0.7843031722009602,0.4793902950756825,0.8336464832399405,0.9762552536943367
t2,2026-02-16 16:00:00,2026-02-16 10:00:00,rolling,2026-02-15,2026-02-16 00:00:00,16.0,24.0,0.7632630492365492,0.4515852997251874,0.7929836133595651,0.978459427787779
t2,2026-02-16 17:00:00,2026-02-16 11:00:00,rolling,2026-02-15,2026-02-16 00:00:00,17.0,24.0,0.682699814410013,0.386115417391475,0.7313130849560252,0.9794567350030563
t2,2026-02-16 18:00:00,2026-02-16 12:00:00,rolling,2026-02-15,2026-02-16 00:00:00,18.0,24.0,0.6391990338068189,0.3661930960668296,0.7184923136272944,0.978475526828285
t2,2026-02-16 19:00:00,2026-02-16 13:00:00,rolling,2026-02-15,2026-02-16 00:00:00,19.0,24.0,0.6336208425976104,0.3407048647141077,0.6823006324137197,0.9783799443393164
t2,2026-02-16 20:00:00,2026-02-16 14:00:00,rolling,2026-02-15,2026-02-16 00:00:00,20.0,24.0,0.6589982903943052,0.3534689431430392,0.7029738419546152,0.9782569786677404
t2,2026-02-16 21:00:00,2026-02-16 15:00:00,rolling,2026-02-15,2026-02-16 00:00:00,21.0,24.0,0.6710486061864288,0.3750878162400688,0.7154770889789711,0.9754004664102154
t2,2026-02-16 22:00:00,2026-02-16 16:00:00,rolling,2026-02-15,2026-02-16 00:00:00,22.0,24.0,0.6812231352984832,0.3640916179380182,0.7442361841000594,0.9756672432402519
t2,2026-02-16 23:00:00,2026-02-16 17:00:00,rolling,2026-02-15,2026-02-16 00:00:00,23.0,24.0,0.6636975497130398,0.35760545113025216,0.7645056515795328,0.9742581204496207
t2,2026-02-17 00:00:00,2026-02-16 18:00:00,rolling,2026-02-16,2026-02-17 00:00:00,0.0,24.0,0.6409661534059673,0.29625903224341277,0.6921297675989346,0.9692942574192941
t2,2026-02-17 01:00:00,2026-02-16 19:00:00,rolling,2026-02-16,2026-02-17 00:00:00,1.0,24.0,0.6147046389689016,0.35313512763618166,0.6651077157328275,0.9673246508888349
t2,2026-02-17 02:00:00,2026-02-16 20:00:00,rolling,2026-02-16,2026-02-17 00:00:00,2.0,24.0,0.6110786958586593,0.35100998145538387,0.6481084969554761,0.969502666259355
t2,2026-02-17 03:00:00,2026-02-16 21:00:00,rolling,2026-02-16,2026-02-17 00:00:00,3.0,24.0,0.5740456572134902,0.2750805989249705,0.6013476306375489,0.953060689519233
t2,2026-02-17 04:00:00,2026-02-16 22:00:00,rolling,2026-02-16,2026-02-17 00:00:00,4.0,24.0,0.47442805941245014,0.23418657370248583,0.46940278007303066,0.9155735429614479
t2,2026-02-17 05:00:00,2026-02-16 23:00:00,rolling,2026-02-16,2026-02-17 00:00:00,5.0,24.0,0.3922029481538395,0.15110809739460532,0.3593225606618238,0.8385386611070558
t2,2026-02-17 06:00:00,2026-02-17 00:00:00,rolling,2026-02-16,2026-02-17 00:00:00,6.0,24.0,0.3117765117773952,0.030841619835270534,0.26216393805518096,0.7350608813690804
t2,2026-02-17 07:00:00,2026-02-17 01:00:00,rolling,2026-02-16,2026-02-17 00:00:00,7.0,24.0,0.29648366904208695,0.03073684132174312,0.24248406000902328,0.6807058503805321
t2,2026-02-17 08:00:00,2026-02-17 02:00:00,rolling,2026-02-16,2026-02-17 00:00:00,8.0,24.0,0.21743364461990633,0.03660447175826245,0.1821763681985383,0.5595262024849113
t2,2026-02-17 09:00:00,2026-02-17 03:00:00,rolling,2026-02-16,2026-02-17 00:00:00,9.0,24.0,0.133446258247264,0.0109451459023851,0.07750900697504488,0.4931985822759897
t2,2026-02-17 10:00:00,2026-02-17 04:00:00,rolling,2026-02-16,2026-02-17 00:00:00,10.0,24.0,0.15702777615738756,0.012102893643990975,0.09701904875836558,0.5131570406287581
t2,2026-02-17 11:00:00,2026-02-17 05:00:00,rolling,2026-02-16,2026-02-17 00:00:00,11.0,24.0,0.14889510176854456,0.014192949327735085,0.09468932134633289,0.4474885692139727
t2,2026-02-17 12:00:00,2026-02-17 06:00:00,rolling,2026-02-16,2026-02-17 00:00:00,12.0,24.0,0.1521682204185459,0.013437538040821775,0.0908770566577829,0.3662098087666575
t2,2026-02-17 13:00:00,2026-02-17 07:00:00,rolling,2026-02-16,2026-02-17 00:00:00,13.0,24.0,0.15642496586156096,0.014104225299220188,0.11602570459755747,0.4556310253523576
t2,2026-02-17 14:00:00,2026-02-17 08:00:00,rolling,2026-02-16,2026-02-17 00:00:00,14.0,24.0,0.20002495819581037,0.013967641345918214,0.14764961511092295,0.5352530313477044
t2,2026-02-17 15:00:00,2026-02-17 09:00:00,rolling,2026-02-16,2026-02-17 00:00:00,15.0,24.0,0.27852847135169523,0.029258436903291662,0.21402429369541764,0.6170448606355177
t2,2026-02-17 16:00:00,2026-02-17 10:00:00,rolling,2026-02-16,2026-02-17 00:00:00,16.0,24.0,0.37371529452350594,0.05533719306496332,0.26305595090859824,0.750366086939155
t2,2026-02-17 17:00:00,2026-02-17 11:00:00,rolling,2026-02-16,2026-02-17 00:00:00,17.0,24.0,0.52440678766159,0.07168335074895865,0.42769802931544715,0.881055213012971
t2,2026-02-17 18:00:00,2026-02-17 12:00:00,rolling,2026-02-16,2026-02-17 00:00:00,18.0,24.0,0.6416657401167523,0.11065944483505435,0.5745987196749235,0.9880051369244309
t2,2026-02-17 19:00:00,2026-02-17 13:00:00,rolling,2026-02-16,2026-02-17 00:00:00,19.0,24.0,0.6736264433649587,0.18836459011483414,0.6140048754578259,0.9805527914622754
t2,2026-02-17 20:00:00,2026-02-17 14:00:00,rolling,2026-02-16,2026-02-17 00:00:00,20.0,24.0,0.7140195940684277,0.2863716790081162,0.680707043655876,0.9824651833202453
t2,2026-02-17 21:00:00,2026-02-17 15:00:00,rolling,2026-02-16,2026-02-17 00:00:00,21.0,24.0,0.6811765854757089,0.3420261056839059,0.7317399084555621,0.9832003215800482
t2,2026-02-17 22:00:00,2026-02-17 16:00:00,rolling,2026-02-16,2026-02-17 00:00:00,22.0,24.0,0.6753016706475728,0.3829527058931807,0.730337514649996,0.9795195958594868
t2,2026-02-17 23:00:00,2026-02-17 17:00:00,rolling,2026-02-16,2026-02-17 00:00:00,23.0,24.0,0.6528889057270301,0.3686787222437243,0.7222825481626037,0.9772411226354267
t2,2026-02-18 00:00:00,2026-02-17 18:00:00,rolling,2026-02-17,2026-02-18 00:00:00,0.0,24.0,0.758173342650282,0.5486831813566974,0.7997124898450364,0.9756280644727435
t2,2026-02-18 01:00:00,2026-02-17 19:00:00,rolling,2026-02-17,2026-02-18 00:00:00,1.0,24.0,0.7865979627528674,0.554429334416612,0.8293538770520962,0.9760321774675449
t2,2026-02-18 02:00:00,2026-02-17 20:00:00,rolling,2026-02-17,2026-02-18 00:00:00,2.0,24.0,0.7698225578469506,0.5615362107547204,0.7980096106612226,0.975753546149
t2,2026-02-18 03:00:00,2026-02-17 21:00:00,rolling,2026-02-17,2026-02-18 00:00:00,3.0,24.0,0.7059081548109258,0.490526366399007,0.7681748434301232,0.9759096050987776
t2,2026-02-18 04:00:00,2026-02-17 22:00:00,rolling,2026-02-17,2026-02-18 00:00:00,4.0,24.0,0.7152979050786084,0.5110682012086594,0.7864144278635816,0.9759953375630194
t2,2026-02-18 05:00:00,2026-02-17 23:00:00,rolling,2026-02-17,2026-02-18 00:00:00,5.0,24.0,0.7588328645508449,0.4935480768418464,0.8465837039749017,0.9760812045212685
t2,2026-02-18 06:00:00,2026-02-18 00:00:00,rolling,2026-02-17,2026-02-18 00:00:00,6.0,24.0,0.816960860656195,0.56195331044801,0.8905995767773139,0.9755076559414333
t2,2026-02-18 07:00:00,2026-02-18 01:00:00,rolling,2026-02-17,2026-02-18 00:00:00,7.0,24.0,0.8463060196123948,0.6910135529383635,0.8988835317568785,0.9766468431460028
t2,2026-02-18 08:00:00,2026-02-18 02:00:00,rolling,2026-02-17,2026-02-18 00:00:00,8.0,24.0,0.8751179569057951,0.7163563974057954,0.9183372290973538,0.9769365539708877
t2,2026-02-18 09:00:00,2026-02-18 03:00:00,rolling,2026-02-17,2026-02-18 00:00:00,9.0,24.0,0.9035169537112114,0.741593847345865,0.955022306391726,0.976541061584727
t2,2026-02-18 10:00:00,2026-02-18 04:00:00,rolling,2026-02-17,2026-02-18 00:00:00,10.0,24.0,0.9073655858120561,0.745282741877764,0.9560214967462899,0.9738112824304036
t2,2026-02-18 11:00:00,2026-02-18 05:00:00,rolling,2026-02-17,2026-02-18 00:00:00,11.0,24.0,0.9176338490291052,0.7412296477393886,0.9560103204864708,0.973163788795914
t2,2026-02-18 12:00:00,2026-02-18 06:00:00,rolling,2026-02-17,2026-02-18 00:00:00,12.0,24.0,0.9184938126647573,0.7405180684478124,0.9560103204864708,0.9731665655684003
t2,2026-02-18 13:00:00,2026-02-18 07:00:00,rolling,2026-02-17,2026-02-18 00:00:00,13.0,24.0,0.9207576864360564,0.7445312530468808,0.9560103204864708,0.9732430562451766
t2,2026-02-18 14:00:00,2026-02-18 08:00:00,rolling,2026-02-17,2026-02-18 00:00:00,14.0,24.0,0.9365010554930036,0.7876991572464003,0.9561630392635619,0.9730318110420602
t2,2026-02-18 15:00:00,2026-02-18 09:00:00,rolling,2026-02-17,2026-02-18 00:00:00,15.0,24.0,0.918294946766174,0.7438003740710796,0.956017198881055,0.9731001689521499
t2,2026-02-18 16:00:00,2026-02-18 10:00:00,rolling,2026-02-17,2026-02-18 00:00:00,16.0,24.0,0.9289066330405463,0.7290191047506076,0.9534046495092019,0.9728792843905637
t2,2026-02-18 17:00:00,2026-02-18 11:00:00,rolling,2026-02-17,2026-02-18 00:00:00,17.0,24.0,0.916351823806987,0.6897251533180827,0.9545271205299628,0.9727768121506224
t2,2026-02-18 18:00:00,2026-02-18 12:00:00,rolling,2026-02-17,2026-02-18 00:00:00,18.0,24.0,0.8679016651539442,0.6205931617881594,0.8976102567490961,0.9722227587890564
t2,2026-02-18 19:00:00,2026-02-18 13:00:00,rolling,2026-02-17,2026-02-18 00:00:00,19.0,24.0,0.8141514134465752,0.5225027171481075,0.8391219686488907,0.9736746851023076
t2,2026-02-18 20:00:00,2026-02-18 14:00:00,rolling,2026-02-17,2026-02-18 00:00:00,20.0,24.0,0.6931799222289062,0.44641948424690653,0.7013821029095368,0.9737756966667696
t2,2026-02-18 21:00:00,2026-02-18 15:00:00,rolling,2026-02-17,2026-02-18 00:00:00,21.0,24.0,0.6883998077123283,0.39412715183984065,0.6832817830253337,0.9697587892198957
t2,2026-02-18 22:00:00,2026-02-18 16:00:00,rolling,2026-02-17,2026-02-18 00:00:00,22.0,24.0,0.6955546828151146,0.4416900459676159,0.7231474986668958,0.9726846191326941
t2,2026-02-18 23:00:00,2026-02-18 17:00:00,rolling,2026-02-17,2026-02-18 00:00:00,23.0,24.0,0.66764874731499,0.3888803351242822,0.7037275173994767,0.9653893308269207
t2,2026-02-19 00:00:00,2026-02-18 18:00:00,rolling,2026-02-18,2026-02-19 00:00:00,0.0,24.0,0.7151843738697364,0.4418416931789557,0.7406461451584435,0.9722803705788687
t2,2026-02-19 01:00:00,2026-02-18 19:00:00,rolling,2026-02-18,2026-02-19 00:00:00,1.0,24.0,0.7245553734288452,0.4097551076381727,0.7734210129810569,0.9714637191385547
t2,2026-02-19 02:00:00,2026-02-18 20:00:00,rolling,2026-02-18,2026-02-19 00:00:00,2.0,24.0,0.7053743412156729,0.41751798790038586,0.7391785927853494,0.9669714033564273
t2,2026-02-19 03:00:00,2026-02-18 21:00:00,rolling,2026-02-18,2026-02-19 00:00:00,3.0,24.0,0.6606996457520823,0.33805160994111216,0.7270991903476913,0.9641955475063543
t2,2026-02-19 04:00:00,2026-02-18 22:00:00,rolling,2026-02-18,2026-02-19 00:00:00,4.0,24.0,0.6423859135815194,0.3206349738222645,0.7032397968411858,0.9639435574109385
t2,2026-02-19 05:00:00,2026-02-18 23:00:00,rolling,2026-02-18,2026-02-19 00:00:00,5.0,24.0,0.6087180799667532,0.3057559481763216,0.6637664923942906,0.9438823197149315
t2,2026-02-19 06:00:00,2026-02-19 00:00:00,rolling,2026-02-18,2026-02-19 00:00:00,6.0,24.0,0.49792980335151116,0.27327432241730637,0.5676987600753371,0.8879246458675835
t2,2026-02-19 07:00:00,2026-02-19 01:00:00,rolling,2026-02-18,2026-02-19 00:00:00,7.0,24.0,0.42152151897727663,0.2566863551117312,0.4902334109869281,0.8681625849940998
t2,2026-02-19 08:00:00,2026-02-19 02:00:00,rolling,2026-02-18,2026-02-19 00:00:00,8.0,24.0,0.40910595259023724,0.17396654973908335,0.41921063630614835,0.8301743429644834
t2,2026-02-19 09:00:00,2026-02-19 03:00:00,rolling,2026-02-18,2026-02-19 00:00:00,9.0,24.0,0.3384026579820769,0.08341223239650428,0.29348914464541814,0.766805059313431
t2,2026-02-19 10:00:00,2026-02-19 04:00:00,rolling,2026-02-18,2026-02-19 00:00:00,10.0,24.0,0.46457554694125525,0.10387903509738,0.3938521000436378,0.8383664641209602
t2,2026-02-19 11:00:00,2026-02-19 05:00:00,rolling,2026-02-18,2026-02-19 00:00:00,11.0,24.0,0.548508707044911,0.1351795516452686,0.4842734875269115,0.8466434485657625
t2,2026-02-19 12:00:00,2026-02-19 06:00:00,rolling,2026-02-18,2026-02-19 00:00:00,12.0,24.0,0.380936675285159,0.08458215668986656,0.38661046764419205,0.7900401865702353
t2,2026-02-19 13:00:00,2026-02-19 07:00:00,rolling,2026-02-18,2026-02-19 00:00:00,13.0,24.0,0.35353681008222554,0.06793071987832626,0.307302435001017,0.7602159609855706
t2,2026-02-19 14:00:00,2026-02-19 08:00:00,rolling,2026-02-18,2026-02-19 00:00:00,14.0,24.0,0.335732921664158,0.046842527821677825,0.2952581371704606,0.7488996953718308
t2,2026-02-19 15:00:00,2026-02-19 09:00:00,rolling,2026-02-18,2026-02-19 00:00:00,15.0,24.0,0.2718133821971788,0.037779766363696905,0.20128860634363704,0.6576296609268333
t2,2026-02-19 16:00:00,2026-02-19 10:00:00,rolling,2026-02-18,2026-02-19 00:00:00,16.0,24.0,0.2538176941287867,0.02856542509154914,0.1688617127816966,0.6293930256198058
t2,2026-02-19 17:00:00,2026-02-19 11:00:00,rolling,2026-02-18,2026-02-19 00:00:00,17.0,24.0,0.22055839888472994,0.023396478542847692,0.14156891796166962,0.5694523184965193
t2,2026-02-19 18:00:00,2026-02-19 12:00:00,rolling,2026-02-18,2026-02-19 00:00:00,18.0,24.0,0.15480537804061797,0.014464774140450434,0.0869151093011969,0.4354692527407564
t2,2026-02-19 19:00:00,2026-02-19 13:00:00,rolling,2026-02-18,2026-02-19 00:00:00,19.0,24.0,0.13448594731014282,0.010394402967811764,0.06994552812336065,0.3512922371518641
t2,2026-02-19 20:00:00,2026-02-19 14:00:00,rolling,2026-02-18,2026-02-19 00:00:00,20.0,24.0,0.08405588018785039,0.008490294182411172,0.03099186901628463,0.24820636332428184
t2,2026-02-19 21:00:00,2026-02-19 15:00:00,rolling,2026-02-18,2026-02-19 00:00:00,21.0,24.0,0.0953898514234878,0.008891051453146748,0.027741899943549017,0.2669112467988632
t2,2026-02-19 22:00:00,2026-02-19 16:00:00,rolling,2026-02-18,2026-02-19 00:00:00,22.0,24.0,0.11494749957904693,0.008903537974118709,0.04582900049231665,0.3480014550304431
t2,2026-02-19 23:00:00,2026-02-19 17:00:00,rolling,2026-02-18,2026-02-19 00:00:00,23.0,24.0,0.18821162117983328,0.01316320983768559,0.08159542535257393,0.48974904066374675
t2,2026-02-20 00:00:00,2026-02-19 18:00:00,rolling,2026-02-19,2026-02-20 00:00:00,0.0,24.0,0.2794564299300325,0.022897543181104207,0.2558796075042896,0.7611789050235108
t2,2026-02-20 01:00:00,2026-02-19 19:00:00,rolling,2026-02-19,2026-02-20 00:00:00,1.0,24.0,0.2926445598297466,0.01770942208309754,0.21629117732499134,0.7869530208060466
t2,2026-02-20 02:00:00,2026-02-19 20:00:00,rolling,2026-02-19,2026-02-20 00:00:00,2.0,24.0,0.2722468489393068,0.020739339241329615,0.2213464080981736,0.7208742906453268
t2,2026-02-20 03:00:00,2026-02-19 21:00:00,rolling,2026-02-19,2026-02-20 00:00:00,3.0,24.0,0.3370049775723398,0.028642176581120223,0.2940518900722607,0.7500699824097491
t2,2026-02-20 04:00:00,2026-02-19 22:00:00,rolling,2026-02-19,2026-02-20 00:00:00,4.0,24.0,0.3672736687836903,0.03560481765118259,0.31310539171580853,0.7958279679935989
t2,2026-02-20 05:00:00,2026-02-19 23:00:00,rolling,2026-02-19,2026-02-20 00:00:00,5.0,24.0,0.40321441725973206,0.052125285791618195,0.34454666111716525,0.8159646142442151
t2,2026-02-20 06:00:00,2026-02-20 00:00:00,rolling,2026-02-19,2026-02-20 00:00:00,6.0,24.0,0.4821640022103063,0.08745018117691793,0.4679462155753154,0.8834554178355798
t2,2026-02-20 07:00:00,2026-02-20 01:00:00,rolling,2026-02-19,2026-02-20 00:00:00,7.0,24.0,0.5317913362979009,0.08981395772030284,0.5477596278785177,0.9354335892210293
t2,2026-02-20 08:00:00,2026-02-20 02:00:00,rolling,2026-02-19,2026-02-20 00:00:00,8.0,24.0,0.5258200760051621,0.08424443740586209,0.5514524111528992,0.9378174342489383
t2,2026-02-20 09:00:00,2026-02-20 03:00:00,rolling,2026-02-19,2026-02-20 00:00:00,9.0,24.0,0.49537794819099373,0.08146747395072844,0.5250783139109786,0.9138301642795718
t2,2026-02-20 10:00:00,2026-02-20 04:00:00,rolling,2026-02-19,2026-02-20 00:00:00,10.0,24.0,0.4124765979007358,0.047174615668783476,0.4412153013572897,0.859567866327999
t2,2026-02-20 11:00:00,2026-02-20 05:00:00,rolling,2026-02-19,2026-02-20 00:00:00,11.0,24.0,0.3061582686436797,0.043966404306969534,0.29305154221146273,0.7214545280713583
t2,2026-02-20 12:00:00,2026-02-20 06:00:00,rolling,2026-02-19,2026-02-20 00:00:00,12.0,24.0,0.2485151910979938,0.02557387111853809,0.23159017931946513,0.6944372667023376
t2,2026-02-20 13:00:00,2026-02-20 07:00:00,rolling,2026-02-19,2026-02-20 00:00:00,13.0,24.0,0.23030768038736213,0.01649345934604091,0.19611849449889035,0.6032408132880531
t2,2026-02-20 14:00:00,2026-02-20 08:00:00,rolling,2026-02-19,2026-02-20 00:00:00,14.0,24.0,0.18693239652964416,0.011809164404954975,0.13908880858026343,0.4941072201910953
t2,2026-02-20 15:00:00,2026-02-20 09:00:00,rolling,2026-02-19,2026-02-20 00:00:00,15.0,24.0,0.14552030267385715,0.009790935522766095,0.10086998429645036,0.4131137927544595
t2,2026-02-20 16:00:00,2026-02-20 10:00:00,rolling,2026-02-19,2026-02-20 00:00:00,16.0,24.0,0.1060568280745819,0.010413396115571735,0.06524149034892728,0.3135701693093339
t2,2026-02-20 17:00:00,2026-02-20 11:00:00,rolling,2026-02-19,2026-02-20 00:00:00,17.0,24.0,0.09258507909078724,0.009296714861945221,0.05740659605608423,0.27143783884989375
t2,2026-02-20 18:00:00,2026-02-20 12:00:00,rolling,2026-02-19,2026-02-20 00:00:00,18.0,24.0,0.12386544724211994,0.009221132865274094,0.0674883647317964,0.3153542700470563
t2,2026-02-20 19:00:00,2026-02-20 13:00:00,rolling,2026-02-19,2026-02-20 00:00:00,19.0,24.0,0.2082751839621399,0.011935874169113288,0.1172929367073184,0.5390646019307583
t2,2026-02-20 20:00:00,2026-02-20 14:00:00,rolling,2026-02-19,2026-02-20 00:00:00,20.0,24.0,0.2595806167101482,0.02142845168257752,0.15425437833929656,0.6525491497129908
t2,2026-02-20 21:00:00,2026-02-20 15:00:00,rolling,2026-02-19,2026-02-20 00:00:00,21.0,24.0,0.3739196740552411,0.02790876762338654,0.3060221187914672,0.8087129796664563
t2,2026-02-20 22:00:00,2026-02-20 16:00:00,rolling,2026-02-19,2026-02-20 00:00:00,22.0,24.0,0.504897126327005,0.07269571000546819,0.44206066096059404,0.9055128199544908
t2,2026-02-20 23:00:00,2026-02-20 17:00:00,rolling,2026-02-19,2026-02-20 00:00:00,23.0,24.0,0.587559093550977,0.15304579387641243,0.538130119847672,0.9480248097598718
t2,2026-02-21 00:00:00,2026-02-20 18:00:00,rolling,2026-02-20,2026-02-21 00:00:00,0.0,24.0,0.6589559945615949,0.3407502296329184,0.6998076914243311,0.9666960044355035
t2,2026-02-21 01:00:00,2026-02-20 19:00:00,rolling,2026-02-20,2026-02-21 00:00:00,1.0,24.0,0.6502336804381764,0.3453815433802982,0.6867279448157709,0.958164950595307
t2,2026-02-21 02:00:00,2026-02-20 20:00:00,rolling,2026-02-20,2026-02-21 00:00:00,2.0,24.0,0.6358058067323302,0.3477494921644368,0.6663332850498107,0.9616096418245784
t2,2026-02-21 03:00:00,2026-02-20 21:00:00,rolling,2026-02-20,2026-02-21 00:00:00,3.0,24.0,0.622010158148746,0.31702655634215854,0.6641725151743157,0.9526138721418742
t2,2026-02-21 04:00:00,2026-02-20 22:00:00,rolling,2026-02-20,2026-02-21 00:00:00,4.0,24.0,0.6110911563589796,0.30814311587165966,0.6190432993268676,0.9428394066975702
t2,2026-02-21 05:00:00,2026-02-20 23:00:00,rolling,2026-02-20,2026-02-21 00:00:00,5.0,24.0,0.6097398982774314,0.3647464503339264,0.6145110280769164,0.9461997810915301
t2,2026-02-21 06:00:00,2026-02-21 00:00:00,rolling,2026-02-20,2026-02-21 00:00:00,6.0,24.0,0.5991512106334728,0.35123787471127516,0.5965033945370444,0.9521314562768128
t2,2026-02-21 07:00:00,2026-02-21 01:00:00,rolling,2026-02-20,2026-02-21 00:00:00,7.0,24.0,0.5092033456160964,0.25651848515804376,0.48626427444163806,0.9251908429017912
t2,2026-02-21 08:00:00,2026-02-21 02:00:00,rolling,2026-02-20,2026-02-21 00:00:00,8.0,24.0,0.5664708357044417,0.2438742957056652,0.4874769316120989,0.9138693209477946
t2,2026-02-21 09:00:00,2026-02-21 03:00:00,rolling,2026-02-20,2026-02-21 00:00:00,9.0,24.0,0.47305601803202235,0.17968952862930665,0.4513573213616981,0.8636111660182709
t2,2026-02-21 10:00:00,2026-02-21 04:00:00,rolling,2026-02-20,2026-02-21 00:00:00,10.0,24.0,0.3045672861196047,0.025129731008118814,0.21879201515599042,0.6996118611135044
t2,2026-02-21 11:00:00,2026-02-21 05:00:00,rolling,2026-02-20,2026-02-21 00:00:00,11.0,24.0,0.4232008512433,0.0698351523926982,0.30846608813822923,0.8209218475484316
t2,2026-02-21 12:00:00,2026-02-21 06:00:00,rolling,2026-02-20,2026-02-21 00:00:00,12.0,24.0,0.6498980152655405,0.21343956752033752,0.6254985420784358,0.9714298810823839
t2,2026-02-21 13:00:00,2026-02-21 07:00:00,rolling,2026-02-20,2026-02-21 00:00:00,13.0,24.0,0.8168543481305997,0.4187115014933307,0.8988588750427395,0.9772648312916691
t2,2026-02-21 14:00:00,2026-02-21 08:00:00,rolling,2026-02-20,2026-02-21 00:00:00,14.0,24.0,0.8533596891717604,0.4761369172048677,0.9112238841258863,0.976966552408128
t2,2026-02-21 15:00:00,2026-02-21 09:00:00,rolling,2026-02-20,2026-02-21 00:00:00,15.0,24.0,0.8571554527499529,0.5739820193080376,0.9276540674977646,0.9761700803302257
t2,2026-02-21 16:00:00,2026-02-21 10:00:00,rolling,2026-02-20,2026-02-21 00:00:00,16.0,24.0,0.7706591984700585,0.3601170450468743,0.8414423636620595,0.9715207753511907
t2,2026-02-21 17:00:00,2026-02-21 11:00:00,rolling,2026-02-20,2026-02-21 00:00:00,17.0,24.0,0.7028689285806878,0.41357528125654924,0.7499183311601026,0.9603295640884867
t2,2026-02-21 18:00:00,2026-02-21 12:00:00,rolling,2026-02-20,2026-02-21 00:00:00,18.0,24.0,0.6120946455399948,0.3035309872168547,0.6426345824830354,0.9332968597551836
t2,2026-02-21 19:00:00,2026-02-21 13:00:00,rolling,2026-02-20,2026-02-21 00:00:00,19.0,24.0,0.4598184121685244,0.17578716547510273,0.43030696586806727,0.8305213808729496
t2,2026-02-21 20:00:00,2026-02-21 14:00:00,rolling,2026-02-20,2026-02-21 00:00:00,20.0,24.0,0.37467192655001197,0.05316409654987065,0.29087103663993735,0.8170715444958564
t2,2026-02-21 21:00:00,2026-02-21 15:00:00,rolling,2026-02-20,2026-02-21 00:00:00,21.0,24.0,0.3325830063334767,0.04238555255630233,0.25435681035370056,0.6309290851492191
t2,2026-02-21 22:00:00,2026-02-21 16:00:00,rolling,2026-02-20,2026-02-21 00:00:00,22.0,24.0,0.29498092609293136,0.041738011236795505,0.22136617841886627,0.5940369686436661
t2,2026-02-21 23:00:00,2026-02-21 17:00:00,rolling,2026-02-20,2026-02-21 00:00:00,23.0,24.0,0.4900834907585922,0.06249714183326186,0.4213564336371362,0.8455898665945273
t2,2026-02-22 00:00:00,2026-02-21 18:00:00,rolling,2026-02-21,2026-02-22 00:00:00,0.0,24.0,0.10476908549098872,0.009350803291847898,0.06798987197009798,0.3028601619646718
t2,2026-02-22 01:00:00,2026-02-21 19:00:00,rolling,2026-02-21,2026-02-22 00:00:00,1.0,24.0,0.09993303090055476,0.008550233508822575,0.06731500414810936,0.2889173414177485
t2,2026-02-22 02:00:00,2026-02-21 20:00:00,rolling,2026-02-21,2026-02-22 00:00:00,2.0,24.0,0.07620279895859716,0.007990386853714051,0.0399432429194872,0.26132076025169215
t2,2026-02-22 03:00:00,2026-02-21 21:00:00,rolling,2026-02-21,2026-02-22 00:00:00,3.0,24.0,0.05531142241139192,0.0077067930646907805,0.017402441476882243,0.19926096461229914
t2,2026-02-22 04:00:00,2026-02-21 22:00:00,rolling,2026-02-21,2026-02-22 00:00:00,4.0,24.0,0.05478764358262847,0.008029091822635446,0.017298464012291744,0.17324192619945744
t2,2026-02-22 05:00:00,2026-02-21 23:00:00,rolling,2026-02-21,2026-02-22 00:00:00,5.0,24.0,0.05584746938070702,0.008299822437439715,0.021296756482900685,0.19633419073869018
t2,2026-02-22 06:00:00,2026-02-22 00:00:00,rolling,2026-02-21,2026-02-22 00:00:00,6.0,24.0,0.09966796365628808,0.008718901083960806,0.03766170931837461,0.2778499618804685
t2,2026-02-22 07:00:00,2026-02-22 01:00:00,rolling,2026-02-21,2026-02-22 00:00:00,7.0,24.0,0.16913262858819456,0.015991397376770924,0.11275410772171837,0.45955666082779906
t2,2026-02-22 08:00:00,2026-02-22 02:00:00,rolling,2026-02-21,2026-02-22 00:00:00,8.0,24.0,0.26220174322858114,0.03984476548702933,0.19385840560329562,0.6578750547448166
t2,2026-02-22 09:00:00,2026-02-22 03:00:00,rolling,2026-02-21,2026-02-22 00:00:00,9.0,24.0,0.4268461746459296,0.07538526763852768,0.34760105324453394,0.8742837547224318
t2,2026-02-22 10:00:00,2026-02-22 04:00:00,rolling,2026-02-21,2026-02-22 00:00:00,10.0,24.0,0.5832826025767348,0.13692985293649815,0.46993351575285214,0.9591478775237487
t2,2026-02-22 11:00:00,2026-02-22 05:00:00,rolling,2026-02-21,2026-02-22 00:00:00,11.0,24.0,0.7212125252139656,0.2243639781965232,0.6580706289319227,0.9776305681136057
t2,2026-02-22 12:00:00,2026-02-22 06:00:00,rolling,2026-02-21,2026-02-22 00:00:00,12.0,24.0,0.8836253918000195,0.5289192438637865,0.9318663666362962,0.9769149824568317
t2,2026-02-22 13:00:00,2026-02-22 07:00:00,rolling,2026-02-21,2026-02-22 00:00:00,13.0,24.0,0.8917711974686467,0.5973909799417023,0.9409954253642695,0.9761612845371813
t2,2026-02-22 14:00:00,2026-02-22 08:00:00,rolling,2026-02-21,2026-02-22 00:00:00,14.0,24.0,0.8924462665386768,0.6177824171022057,0.9425598042337026,0.973490897165661
t2,2026-02-22 15:00:00,2026-02-22 09:00:00,rolling,2026-02-21,2026-02-22 00:00:00,15.0,24.0,0.8934247530600058,0.6161539917391131,0.9451824045258037,0.9750388736983011
t2,2026-02-22 16:00:00,2026-02-22 10:00:00,rolling,2026-02-21,2026-02-22 00:00:00,16.0,24.0,0.8902271793202813,0.604750993802558,0.9434446751002415,0.9746484973625738
t2,2026-02-22 17:00:00,2026-02-22 11:00:00,rolling,2026-02-21,2026-02-22 00:00:00,17.0,24.0,0.8011611325815671,0.5294451518549639,0.8587964883514877,0.9730622303170791
t2,2026-02-22 18:00:00,2026-02-22 12:00:00,rolling,2026-02-21,2026-02-22 00:00:00,18.0,24.0,0.6599337997325989,0.3119088841908113,0.6629164174046036,0.9761999015316107
t2,2026-02-22 19:00:00,2026-02-22 13:00:00,rolling,2026-02-21,2026-02-22 00:00:00,19.0,24.0,0.5277286182780502,0.16757075583892447,0.49321756388893484,0.9461220273086779
t2,2026-02-22 20:00:00,2026-02-22 14:00:00,rolling,2026-02-21,2026-02-22 00:00:00,20.0,24.0,0.32743011121121857,0.05543690398517097,0.2518611254187112,0.7551467614332669
t2,2026-02-22 21:00:00,2026-02-22 15:00:00,rolling,2026-02-21,2026-02-22 00:00:00,21.0,24.0,0.2525206545833864,0.014756395891076081,0.21228289555845142,0.6634652995652821
t2,2026-02-22 22:00:00,2026-02-22 16:00:00,rolling,2026-02-21,2026-02-22 00:00:00,22.0,24.0,0.2212957852302153,0.018299453136006817,0.11993658461822035,0.6085016712969203
t2,2026-02-22 23:00:00,2026-02-22 17:00:00,rolling,2026-02-21,2026-02-22 00:00:00,23.0,24.0,0.31422873166824694,0.02076673378387126,0.2517310824705572,0.7858082122809591
t2,2026-02-23 00:00:00,2026-02-22 18:00:00,rolling,2026-02-22,2026-02-23 00:00:00,0.0,24.0,0.07748571017102163,0.009217277945105923,0.032066197241785575,0.28910793632594955
t2,2026-02-23 01:00:00,2026-02-22 19:00:00,rolling,2026-02-22,2026-02-23 00:00:00,1.0,24.0,0.07522634528625548,0.009230700645121513,0.03303260917136901,0.2612073391720737
t2,2026-02-23 02:00:00,2026-02-22 20:00:00,rolling,2026-02-22,2026-02-23 00:00:00,2.0,24.0,0.07110088709722309,0.009140113809997043,0.030990900100980236,0.23909047529932953
t2,2026-02-23 03:00:00,2026-02-22 21:00:00,rolling,2026-02-22,2026-02-23 00:00:00,3.0,24.0,0.07155709385806484,0.009029520201117172,0.034274366153352914,0.2338712013597731
t2,2026-02-23 04:00:00,2026-02-22 22:00:00,rolling,2026-02-22,2026-02-23 00:00:00,4.0,24.0,0.07188977058997746,0.008498606011679467,0.036524732751606136,0.23844386977883317
t2,2026-02-23 05:00:00,2026-02-22 23:00:00,rolling,2026-02-22,2026-02-23 00:00:00,5.0,24.0,0.07524544473801978,0.009002533437555351,0.03191314167850561,0.22338488560119102
t2,2026-02-23 06:00:00,2026-02-23 00:00:00,rolling,2026-02-22,2026-02-23 00:00:00,6.0,24.0,0.06075513733193147,0.008930805785013412,0.02099023482407155,0.2057737257831866
t2,2026-02-23 07:00:00,2026-02-23 01:00:00,rolling,2026-02-22,2026-02-23 00:00:00,7.0,24.0,0.05965768829647264,0.008881501010316734,0.01838689640172441,0.18173866632812463
t2,2026-02-23 08:00:00,2026-02-23 02:00:00,rolling,2026-02-22,2026-02-23 00:00:00,8.0,24.0,0.05558160936465251,0.00812821460584354,0.020220276320063006,0.19568450083686975
t2,2026-02-23 09:00:00,2026-02-23 03:00:00,rolling,2026-02-22,2026-02-23 00:00:00,9.0,24.0,0.06256837930066488,0.007630992779974412,0.024311890999417902,0.20758062095454105
t2,2026-02-23 10:00:00,2026-02-23 04:00:00,rolling,2026-02-22,2026-02-23 00:00:00,10.0,24.0,0.07301090809107807,0.008608243083398918,0.04266305425818083,0.25340849341789085
t2,2026-02-23 11:00:00,2026-02-23 05:00:00,rolling,2026-02-22,2026-02-23 00:00:00,11.0,24.0,0.14721384206559734,0.013749515737541053,0.09736158514360739,0.34956135452117554
t2,2026-02-23 12:00:00,2026-02-23 06:00:00,rolling,2026-02-22,2026-02-23 00:00:00,12.0,24.0,0.21700890491782648,0.022754838095449575,0.1596681169511898,0.501620143318641
t2,2026-02-23 13:00:00,2026-02-23 07:00:00,rolling,2026-02-22,2026-02-23 00:00:00,13.0,24.0,0.32299891850351714,0.03522526990958964,0.2861388710711872,0.6575523372477319
t2,2026-02-23 14:00:00,2026-02-23 08:00:00,rolling,2026-02-22,2026-02-23 00:00:00,14.0,24.0,0.40731397885432175,0.05440023926596514,0.4210630429491647,0.7904870655800366
t2,2026-02-23 15:00:00,2026-02-23 09:00:00,rolling,2026-02-22,2026-02-23 00:00:00,15.0,24.0,0.48916443852321706,0.11201962456502852,0.45650762691741037,0.8704369318773564
t2,2026-02-23 16:00:00,2026-02-23 10:00:00,rolling,2026-02-22,2026-02-23 00:00:00,16.0,24.0,0.5465144289101662,0.15936648498026124,0.539538299608756,0.9290254509511356
t2,2026-02-23 17:00:00,2026-02-23 11:00:00,rolling,2026-02-22,2026-02-23 00:00:00,17.0,24.0,0.6409860509387413,0.24275837493660826,0.6331444718918818,0.9686489309253037
t2,2026-02-23 18:00:00,2026-02-23 12:00:00,rolling,2026-02-22,2026-02-23 00:00:00,18.0,24.0,0.7237146046133469,0.35010692137213134,0.731079355814513,0.9705662587918309
t2,2026-02-23 19:00:00,2026-02-23 13:00:00,rolling,2026-02-22,2026-02-23 00:00:00,19.0,24.0,0.7751901302713706,0.49166505457342863,0.7879146027991193,0.9682020843619387
t2,2026-02-23 20:00:00,2026-02-23 14:00:00,rolling,2026-02-22,2026-02-23 00:00:00,20.0,24.0,0.7702023533744964,0.4985163593995635,0.7777638872586605,0.9740812863819154
t2,2026-02-23 21:00:00,2026-02-23 15:00:00,rolling,2026-02-22,2026-02-23 00:00:00,21.0,24.0,0.7606045242151955,0.46361161038773296,0.7763142832219169,0.9807551993251993
t2,2026-02-23 22:00:00,2026-02-23 16:00:00,rolling,2026-02-22,2026-02-23 00:00:00,22.0,24.0,0.7940610318884755,0.4800397084185669,0.8256794722482661,0.983543139989444
t2,2026-02-23 23:00:00,2026-02-23 17:00:00,rolling,2026-02-22,2026-02-23 00:00:00,23.0,24.0,0.8589623492070235,0.5550436285706272,0.9127384538811465,0.9819291675070456
t2,2026-02-24 00:00:00,2026-02-23 18:00:00,rolling,2026-02-23,2026-02-24 00:00:00,0.0,24.0,0.9111733114566632,0.6876272538130226,0.9355357828792639,0.9780658733656091
t2,2026-02-24 01:00:00,2026-02-23 19:00:00,rolling,2026-02-23,2026-02-24 00:00:00,1.0,24.0,0.9031010683971659,0.6857252722675446,0.9390449346991192,0.9784943601432293
t2,2026-02-24 02:00:00,2026-02-23 20:00:00,rolling,2026-02-23,2026-02-24 00:00:00,2.0,24.0,0.901270544369453,0.6907424555377126,0.9376834787785491,0.9783287158562353
t2,2026-02-24 03:00:00,2026-02-23 21:00:00,rolling,2026-02-23,2026-02-24 00:00:00,3.0,24.0,0.8678476923884949,0.6526726650581187,0.9056393069548193,0.9757618201409155
t2,2026-02-24 04:00:00,2026-02-23 22:00:00,rolling,2026-02-23,2026-02-24 00:00:00,4.0,24.0,0.8310971378867013,0.608781337885327,0.8516865830336804,0.9750477698590888
t2,2026-02-24 05:00:00,2026-02-23 23:00:00,rolling,2026-02-23,2026-02-24 00:00:00,5.0,24.0,0.8030887620393623,0.5101476245162067,0.8250927019903408,0.9698923436763469
t2,2026-02-24 06:00:00,2026-02-24 00:00:00,rolling,2026-02-23,2026-02-24 00:00:00,6.0,24.0,0.7778855212497582,0.45369210099255475,0.8128041808835079,0.9694110479888115
t2,2026-02-24 07:00:00,2026-02-24 01:00:00,rolling,2026-02-23,2026-02-24 00:00:00,7.0,24.0,0.7582893230751422,0.4306094431988051,0.7543130801767203,0.9702517728903225
t2,2026-02-24 08:00:00,2026-02-24 02:00:00,rolling,2026-02-23,2026-02-24 00:00:00,8.0,24.0,0.7104190210579914,0.3642456819698969,0.7042870759046976,0.9641548460842284
t2,2026-02-24 09:00:00,2026-02-24 03:00:00,rolling,2026-02-23,2026-02-24 00:00:00,9.0,24.0,0.6860556772938308,0.30711147023328295,0.6803315988886383,0.9436717459673497
t2,2026-02-24 10:00:00,2026-02-24 04:00:00,rolling,2026-02-23,2026-02-24 00:00:00,10.0,24.0,0.5831626263015219,0.2869565796019317,0.5642587267179415,0.9155231175310801
t2,2026-02-24 11:00:00,2026-02-24 05:00:00,rolling,2026-02-23,2026-02-24 00:00:00,11.0,24.0,0.5376957602174252,0.26554973631078743,0.5332478518265118,0.9233655110024631
t2,2026-02-24 12:00:00,2026-02-24 06:00:00,rolling,2026-02-23,2026-02-24 00:00:00,12.0,24.0,0.5066114567986457,0.2426447800348255,0.48083245258036056,0.9000783355781687
t2,2026-02-24 13:00:00,2026-02-24 07:00:00,rolling,2026-02-23,2026-02-24 00:00:00,13.0,24.0,0.5004904846112788,0.2288453555682719,0.4944694110757091,0.8784326039904442
t2,2026-02-24 14:00:00,2026-02-24 08:00:00,rolling,2026-02-23,2026-02-24 00:00:00,14.0,24.0,0.5072434477384661,0.20935600883344047,0.4988662166759115,0.8921016317726975
t2,2026-02-24 15:00:00,2026-02-24 09:00:00,rolling,2026-02-23,2026-02-24 00:00:00,15.0,24.0,0.5098405144234459,0.1507101427578359,0.47855619876886174,0.9010406570715246
t2,2026-02-24 16:00:00,2026-02-24 10:00:00,rolling,2026-02-23,2026-02-24 00:00:00,16.0,24.0,0.46334056261129664,0.13328692596453376,0.46318959051976916,0.8811621119781987
t2,2026-02-24 17:00:00,2026-02-24 11:00:00,rolling,2026-02-23,2026-02-24 00:00:00,17.0,24.0,0.3859957309806362,0.07431083940136977,0.37525000569256484,0.8403206163567748
t2,2026-02-24 18:00:00,2026-02-24 12:00:00,rolling,2026-02-23,2026-02-24 00:00:00,18.0,24.0,0.29453811069052127,0.055845723349116874,0.3323234867084016,0.794106669257
t2,2026-02-24 19:00:00,2026-02-24 13:00:00,rolling,2026-02-23,2026-02-24 00:00:00,19.0,24.0,0.2980094146968656,0.03555568286274397,0.3042419226896753,0.7586157845822045
t2,2026-02-24 20:00:00,2026-02-24 14:00:00,rolling,2026-02-23,2026-02-24 00:00:00,20.0,24.0,0.2345626211763852,0.020142447950855527,0.16380035047460184,0.6604868232587412
t2,2026-02-24 21:00:00,2026-02-24 15:00:00,rolling,2026-02-23,2026-02-24 00:00:00,21.0,24.0,0.1739493366637832,0.014321286029910481,0.11382992189836062,0.4584763947093011
t2,2026-02-24 22:00:00,2026-02-24 16:00:00,rolling,2026-02-23,2026-02-24 00:00:00,22.0,24.0,0.11155603506141933,0.008587996176580166,0.07541192020893799,0.26090642033399153
t2,2026-02-24 23:00:00,2026-02-24 17:00:00,rolling,2026-02-23,2026-02-24 00:00:00,23.0,24.0,0.0718762823428152,0.006895060180369155,0.035653974152910876,0.19129295150586337
t2,2026-02-25 00:00:00,2026-02-24 18:00:00,rolling,2026-02-24,2026-02-25 00:00:00,0.0,24.0,0.04827064361875411,0.008063886614595735,0.017680684377743415,0.15713094333853933
t2,2026-02-25 01:00:00,2026-02-24 19:00:00,rolling,2026-02-24,2026-02-25 00:00:00,1.0,24.0,0.04924787909550217,0.00803663498175677,0.017879208451370737,0.15858028398005933
t2,2026-02-25 02:00:00,2026-02-24 20:00:00,rolling,2026-02-24,2026-02-25 00:00:00,2.0,24.0,0.051930340779522584,0.008059099983751997,0.0182774513512399,0.1643070757644162
t2,2026-02-25 03:00:00,2026-02-24 21:00:00,rolling,2026-02-24,2026-02-25 00:00:00,3.0,24.0,0.05778489693779952,0.008398004613088131,0.02256180975989204,0.1988106472213283
t2,2026-02-25 04:00:00,2026-02-24 22:00:00,rolling,2026-02-24,2026-02-25 00:00:00,4.0,24.0,0.06485082555114986,0.008400070126537481,0.029614686740669152,0.2223950243717924
t2,2026-02-25 05:00:00,2026-02-24 23:00:00,rolling,2026-02-24,2026-02-25 00:00:00,5.0,24.0,0.07349950716749071,0.009212505885223179,0.038589350797616426,0.26254574611296394
t2,2026-02-25 06:00:00,2026-02-25 00:00:00,rolling,2026-02-24,2026-02-25 00:00:00,6.0,24.0,0.12028172463054196,0.008752462533153203,0.07322132132912267,0.3613542052299706
t2,2026-02-25 07:00:00,2026-02-25 01:00:00,rolling,2026-02-24,2026-02-25 00:00:00,7.0,24.0,0.15916412056367368,0.011550943969999908,0.08929345644620461,0.460319552455315
t2,2026-02-25 08:00:00,2026-02-25 02:00:00,rolling,2026-02-24,2026-02-25 00:00:00,8.0,24.0,0.18946693290695232,0.010447182905279335,0.1552338183933848,0.5220600510339628
t2,2026-02-25 09:00:00,2026-02-25 03:00:00,rolling,2026-02-24,2026-02-25 00:00:00,9.0,24.0,0.16472941176414072,0.009476748980349054,0.13756324700610706,0.4825611782855313
t2,2026-02-25 10:00:00,2026-02-25 04:00:00,rolling,2026-02-24,2026-02-25 00:00:00,10.0,24.0,0.14761228103806706,0.007871537354531602,0.1209658192786298,0.391644531987827
t2,2026-02-25 11:00:00,2026-02-25 05:00:00,rolling,2026-02-24,2026-02-25 00:00:00,11.0,24.0,0.08107383999949212,0.008038319981683716,0.038660498829854714,0.26491102673151373
t2,2026-02-25 12:00:00,2026-02-25 06:00:00,rolling,2026-02-24,2026-02-25 00:00:00,12.0,24.0,0.08381449419582103,0.0078023260333346355,0.04208442754322149,0.27022935311068536
t2,2026-02-25 13:00:00,2026-02-25 07:00:00,rolling,2026-02-24,2026-02-25 00:00:00,13.0,24.0,0.07288884504300569,0.00890490903084593,0.02926783329575261,0.23699068086903857
t2,2026-02-25 14:00:00,2026-02-25 08:00:00,rolling,2026-02-24,2026-02-25 00:00:00,14.0,24.0,0.062351999352315834,0.009092948786860877,0.01864994586719956,0.1858454588467458
t2,2026-02-25 15:00:00,2026-02-25 09:00:00,rolling,2026-02-24,2026-02-25 00:00:00,15.0,24.0,0.05800263637444528,0.008364540663070118,0.017550160149390964,0.1910137473701361
t2,2026-02-25 16:00:00,2026-02-25 10:00:00,rolling,2026-02-24,2026-02-25 00:00:00,16.0,24.0,0.06070273905690041,0.008506486368293055,0.019690213524831923,0.21315743539958787
t2,2026-02-25 17:00:00,2026-02-25 11:00:00,rolling,2026-02-24,2026-02-25 00:00:00,17.0,24.0,0.06746201338766604,0.008268341540286528,0.025396548657095164,0.2331102112515758
t2,2026-02-25 18:00:00,2026-02-25 12:00:00,rolling,2026-02-24,2026-02-25 00:00:00,18.0,24.0,0.09374668557077297,0.009208809078211611,0.0379591125590772,0.25962291957205014
t2,2026-02-25 19:00:00,2026-02-25 13:00:00,rolling,2026-02-24,2026-02-25 00:00:00,19.0,24.0,0.13708594648920308,0.008582258502148919,0.07200190453333802,0.35928319025363303
t2,2026-02-25 20:00:00,2026-02-25 14:00:00,rolling,2026-02-24,2026-02-25 00:00:00,20.0,24.0,0.18083664332086652,0.008578843125797608,0.12269490440639352,0.4478591337408388
t2,2026-02-25 21:00:00,2026-02-25 15:00:00,rolling,2026-02-24,2026-02-25 00:00:00,21.0,24.0,0.22893620371062023,0.021525169766435627,0.1874784073899085,0.6143060430140457
t2,2026-02-25 22:00:00,2026-02-25 16:00:00,rolling,2026-02-24,2026-02-25 00:00:00,22.0,24.0,0.3339789226578189,0.0357451911079758,0.26004807472259994,0.7716956726276945
t2,2026-02-25 23:00:00,2026-02-25 17:00:00,rolling,2026-02-24,2026-02-25 00:00:00,23.0,24.0,0.5357521380464725,0.09831463270270924,0.4917086863493399,0.9439045939357977
t2,2026-02-26 00:00:00,2026-02-25 18:00:00,rolling,2026-02-25,2026-02-26 00:00:00,0.0,24.0,0.6752027618417282,0.38490622596771684,0.6881109492051083,0.974332189214803
t2,2026-02-26 01:00:00,2026-02-25 19:00:00,rolling,2026-02-25,2026-02-26 00:00:00,1.0,24.0,0.6946973388864554,0.43456001920017484,0.749346491007877,0.9780004844446524
t2,2026-02-26 02:00:00,2026-02-25 20:00:00,rolling,2026-02-25,2026-02-26 00:00:00,2.0,24.0,0.7155039937655737,0.45094205833164536,0.7968254513774694,0.9773328884724507
t2,2026-02-26 03:00:00,2026-02-25 21:00:00,rolling,2026-02-25,2026-02-26 00:00:00,3.0,24.0,0.732304868555107,0.5051328803512987,0.7829380411744363,0.9773323355408311
t2,2026-02-26 04:00:00,2026-02-25 22:00:00,rolling,2026-02-25,2026-02-26 00:00:00,4.0,24.0,0.7879115143314515,0.5228480891949783,0.8587232243012721,0.9737917017529464
t2,2026-02-26 05:00:00,2026-02-25 23:00:00,rolling,2026-02-25,2026-02-26 00:00:00,5.0,24.0,0.7779801208545517,0.4227371119536159,0.8493225356515198,0.9732694974364215
t2,2026-02-26 06:00:00,2026-02-26 00:00:00,rolling,2026-02-25,2026-02-26 00:00:00,6.0,24.0,0.7405464225859871,0.4294659796267411,0.8370546864991074,0.9707397178634085
t2,2026-02-26 07:00:00,2026-02-26 01:00:00,rolling,2026-02-25,2026-02-26 00:00:00,7.0,24.0,0.682039512680729,0.3471251429224736,0.774485313095283,0.9637274522886112
t2,2026-02-26 08:00:00,2026-02-26 02:00:00,rolling,2026-02-25,2026-02-26 00:00:00,8.0,24.0,0.6194962400299662,0.25932504262077494,0.6796684690320904,0.9495719634649102
t2,2026-02-26 09:00:00,2026-02-26 03:00:00,rolling,2026-02-25,2026-02-26 00:00:00,9.0,24.0,0.46070345462378415,0.09493328134137265,0.44979479679254564,0.7792367492301572
t2,2026-02-26 10:00:00,2026-02-26 04:00:00,rolling,2026-02-25,2026-02-26 00:00:00,10.0,24.0,0.3062501394624019,0.02691711825590801,0.20066081477863015,0.6788499050534232
t2,2026-02-26 11:00:00,2026-02-26 05:00:00,rolling,2026-02-25,2026-02-26 00:00:00,11.0,24.0,0.34591998673589586,0.02019722544804809,0.2546302331626243,0.8876418868130077
t2,2026-02-26 12:00:00,2026-02-26 06:00:00,rolling,2026-02-25,2026-02-26 00:00:00,12.0,24.0,0.3514935332702314,0.018798615993418723,0.35199978086370065,0.8412853828578316
t2,2026-02-26 13:00:00,2026-02-26 07:00:00,rolling,2026-02-25,2026-02-26 00:00:00,13.0,24.0,0.48575944738505533,0.06896732339618045,0.5103382913680609,0.8897925453890371
t2,2026-02-26 14:00:00,2026-02-26 08:00:00,rolling,2026-02-25,2026-02-26 00:00:00,14.0,24.0,0.414568706944694,0.05072619946112275,0.4378403016170455,0.7889132449396669
t2,2026-02-26 15:00:00,2026-02-26 09:00:00,rolling,2026-02-25,2026-02-26 00:00:00,15.0,24.0,0.3968542711562313,0.045256448284314736,0.4472975214383645,0.8339995505292268
t2,2026-02-26 16:00:00,2026-02-26 10:00:00,rolling,2026-02-25,2026-02-26 00:00:00,16.0,24.0,0.49992357172189394,0.09121240560661031,0.500792564804356,0.9463038738510208
t2,2026-02-26 17:00:00,2026-02-26 11:00:00,rolling,2026-02-25,2026-02-26 00:00:00,17.0,24.0,0.6104277768632839,0.2246432923154699,0.6929689824939468,0.9666314150957773
t2,2026-02-26 18:00:00,2026-02-26 12:00:00,rolling,2026-02-25,2026-02-26 00:00:00,18.0,24.0,0.7652788774186662,0.3406965388186116,0.8026816502821191,0.9722626211302786
t2,2026-02-26 19:00:00,2026-02-26 13:00:00,rolling,2026-02-25,2026-02-26 00:00:00,19.0,24.0,0.7684895865190395,0.41796608138642144,0.823054262482114,0.974072528337258
t2,2026-02-26 20:00:00,2026-02-26 14:00:00,rolling,2026-02-25,2026-02-26 00:00:00,20.0,24.0,0.767566918916949,0.41754598346274013,0.8461119292525983,0.9786140412167229
t2,2026-02-26 21:00:00,2026-02-26 15:00:00,rolling,2026-02-25,2026-02-26 00:00:00,21.0,24.0,0.7990936474580472,0.47729100632552157,0.8642216007456356,0.9784265633724857
t2,2026-02-26 22:00:00,2026-02-26 16:00:00,rolling,2026-02-25,2026-02-26 00:00:00,22.0,24.0,0.8444979181641907,0.5490383491092767,0.8810564509371741,0.9779829084219399
t2,2026-02-26 23:00:00,2026-02-26 17:00:00,rolling,2026-02-25,2026-02-26 00:00:00,23.0,24.0,0.8381538823493925,0.5683568936999053,0.8931738721704033,0.9773458207056914
t2,2026-02-27 00:00:00,2026-02-26 18:00:00,rolling,2026-02-26,2026-02-27 00:00:00,0.0,24.0,0.7495005966282875,0.441727816199514,0.7994917432517299,0.9720740302301746
t2,2026-02-27 01:00:00,2026-02-26 19:00:00,rolling,2026-02-26,2026-02-27 00:00:00,1.0,24.0,0.7293888236171466,0.4419693329086013,0.7504634518064836,0.9515090669985427
t2,2026-02-27 02:00:00,2026-02-26 20:00:00,rolling,2026-02-26,2026-02-27 00:00:00,2.0,24.0,0.6716448552759092,0.42942901228226193,0.6728097679994008,0.94414645465669
t2,2026-02-27 03:00:00,2026-02-26 21:00:00,rolling,2026-02-26,2026-02-27 00:00:00,3.0,24.0,0.5886106117075611,0.33007917788318675,0.632610540772552,0.917428012765191
t2,2026-02-27 04:00:00,2026-02-26 22:00:00,rolling,2026-02-26,2026-02-27 00:00:00,4.0,24.0,0.5506254242351202,0.20155639839652068,0.5435946010359024,0.9295675617341542
t2,2026-02-27 05:00:00,2026-02-26 23:00:00,rolling,2026-02-26,2026-02-27 00:00:00,5.0,24.0,0.497258442447253,0.12906326822079897,0.5274874144610798,0.8990601516905506
t2,2026-02-27 06:00:00,2026-02-27 00:00:00,rolling,2026-02-26,2026-02-27 00:00:00,6.0,24.0,0.38613156588663794,0.06546370367156196,0.4369881482371251,0.8338972184750397
t2,2026-02-27 07:00:00,2026-02-27 01:00:00,rolling,2026-02-26,2026-02-27 00:00:00,7.0,24.0,0.3804605892523905,0.05379246127382629,0.40803999947464553,0.7935677811561892
t2,2026-02-27 08:00:00,2026-02-27 02:00:00,rolling,2026-02-26,2026-02-27 00:00:00,8.0,24.0,0.3755414459083151,0.0345327828142201,0.36912919705099817,0.7935043922371032
t2,2026-02-27 09:00:00,2026-02-27 03:00:00,rolling,2026-02-26,2026-02-27 00:00:00,9.0,24.0,0.3191420591438242,0.03162234548384594,0.29268985655135077,0.7614317531331741
t2,2026-02-27 10:00:00,2026-02-27 04:00:00,rolling,2026-02-26,2026-02-27 00:00:00,10.0,24.0,0.23048562219191954,0.024983786619371676,0.23024499081178842,0.6730387999456037
t2,2026-02-27 11:00:00,2026-02-27 05:00:00,rolling,2026-02-26,2026-02-27 00:00:00,11.0,24.0,0.22370771860499067,0.02315349531490133,0.1890339900593823,0.6433852923817578
t2,2026-02-27 12:00:00,2026-02-27 06:00:00,rolling,2026-02-26,2026-02-27 00:00:00,12.0,24.0,0.24837292730033214,0.024493315635139144,0.2131198211455116,0.6654948775102724
t2,2026-02-27 13:00:00,2026-02-27 07:00:00,rolling,2026-02-26,2026-02-27 00:00:00,13.0,24.0,0.32168031334155556,0.03464816547468039,0.356381129977857,0.745193493156028
t2,2026-02-27 14:00:00,2026-02-27 08:00:00,rolling,2026-02-26,2026-02-27 00:00:00,14.0,24.0,0.4180373498321628,0.0411503358810925,0.4202963547441729,0.8811812273853389
t2,2026-02-27 15:00:00,2026-02-27 09:00:00,rolling,2026-02-26,2026-02-27 00:00:00,15.0,24.0,0.5307029583493075,0.1289826344298808,0.5389912145019746,0.940958939494023
t2,2026-02-27 16:00:00,2026-02-27 10:00:00,rolling,2026-02-26,2026-02-27 00:00:00,16.0,24.0,0.6987384506268198,0.27649079221292205,0.727513253723432,0.9609385183168463
t2,2026-02-27 17:00:00,2026-02-27 11:00:00,rolling,2026-02-26,2026-02-27 00:00:00,17.0,24.0,0.7870182771055889,0.43033467342286497,0.8403947432324255,0.9735687850493896
t2,2026-02-27 18:00:00,2026-02-27 12:00:00,rolling,2026-02-26,2026-02-27 00:00:00,18.0,24.0,0.7866615221340285,0.4534252601031161,0.8412973648555889,0.9747356035513982
t2,2026-02-27 19:00:00,2026-02-27 13:00:00,rolling,2026-02-26,2026-02-27 00:00:00,19.0,24.0,0.8122532007747172,0.4695863152475902,0.8608315560200872,0.9754111333104435
t2,2026-02-27 20:00:00,2026-02-27 14:00:00,rolling,2026-02-26,2026-02-27 00:00:00,20.0,24.0,0.8161825087220996,0.48693602984914214,0.8586314512459824,0.975491988526398
t2,2026-02-27 21:00:00,2026-02-27 15:00:00,rolling,2026-02-26,2026-02-27 00:00:00,21.0,24.0,0.7908782527510251,0.499060469744021,0.8104591813182813,0.9690652374645737
t2,2026-02-27 22:00:00,2026-02-27 16:00:00,rolling,2026-02-26,2026-02-27 00:00:00,22.0,24.0,0.7695317941923299,0.4893112236864359,0.7543930678622784,0.96329229107638
t2,2026-02-27 23:00:00,2026-02-27 17:00:00,rolling,2026-02-26,2026-02-27 00:00:00,23.0,24.0,0.7305736927181,0.4254402771475147,0.7002346622074374,0.96261955829582
t2,2026-02-28 00:00:00,2026-02-27 18:00:00,rolling,2026-02-27,2026-02-28 00:00:00,0.0,24.0,0.6183783497203076,0.30302261714357176,0.5693984494715265,0.9602296420722414
t2,2026-02-28 01:00:00,2026-02-27 19:00:00,rolling,2026-02-27,2026-02-28 00:00:00,1.0,24.0,0.6093218453553122,0.30904959564548723,0.5876931607468104,0.9569950224269677
t2,2026-02-28 02:00:00,2026-02-27 20:00:00,rolling,2026-02-27,2026-02-28 00:00:00,2.0,24.0,0.7329045770941714,0.3633523518250865,0.7416512540862118,0.9683095232306848
t2,2026-02-28 03:00:00,2026-02-27 21:00:00,rolling,2026-02-27,2026-02-28 00:00:00,3.0,24.0,0.7743976472711517,0.418376692634555,0.8169676057062991,0.9730237346924034
t2,2026-02-28 04:00:00,2026-02-27 22:00:00,rolling,2026-02-27,2026-02-28 00:00:00,4.0,24.0,0.8381758643405794,0.4985219396469669,0.8546523102765781,0.9735721161903838
t2,2026-02-28 05:00:00,2026-02-27 23:00:00,rolling,2026-02-27,2026-02-28 00:00:00,5.0,24.0,0.8542627197185516,0.5693847101527247,0.8758137080476329,0.9738561694077338
t2,2026-02-28 06:00:00,2026-02-28 00:00:00,rolling,2026-02-27,2026-02-28 00:00:00,6.0,24.0,0.848984289282579,0.5793074123820289,0.892721044658422,0.9755017030554739
t2,2026-02-28 07:00:00,2026-02-28 01:00:00,rolling,2026-02-27,2026-02-28 00:00:00,7.0,24.0,0.8554062259760797,0.5879451389178676,0.9018692756240546,0.978500413828258
t2,2026-02-28 08:00:00,2026-02-28 02:00:00,rolling,2026-02-27,2026-02-28 00:00:00,8.0,24.0,0.8567034413617525,0.591147314311282,0.8929949149508991,0.9789201734190639
t2,2026-02-28 09:00:00,2026-02-28 03:00:00,rolling,2026-02-27,2026-02-28 00:00:00,9.0,24.0,0.8640670696401458,0.6626573889716755,0.9075484130417565,0.9799790551613375
t2,2026-02-28 10:00:00,2026-02-28 04:00:00,rolling,2026-02-27,2026-02-28 00:00:00,10.0,24.0,0.8561479827187548,0.6418497226765418,0.9003920914784738,0.9802492809847224
t2,2026-02-28 11:00:00,2026-02-28 05:00:00,rolling,2026-02-27,2026-02-28 00:00:00,11.0,24.0,0.8672644289972211,0.6719749871083124,0.9064908026331128,0.9802532254153233
t2,2026-02-28 12:00:00,2026-02-28 06:00:00,rolling,2026-02-27,2026-02-28 00:00:00,12.0,24.0,0.8522142059756577,0.6152961249861607,0.902260938563563,0.9798429761011479
t2,2026-02-28 13:00:00,2026-02-28 07:00:00,rolling,2026-02-27,2026-02-28 00:00:00,13.0,24.0,0.8513883041023598,0.6202360535752095,0.9014273080980959,0.9797276587054836
t2,2026-02-28 14:00:00,2026-02-28 08:00:00,rolling,2026-02-27,2026-02-28 00:00:00,14.0,24.0,0.8381042603992038,0.5884378406098756,0.8930826667995015,0.9791634623226835
t2,2026-02-28 15:00:00,2026-02-28 09:00:00,rolling,2026-02-27,2026-02-28 00:00:00,15.0,24.0,0.8420442842902607,0.5744726338754246,0.87870128583357,0.978942796699511
t2,2026-02-28 16:00:00,2026-02-28 10:00:00,rolling,2026-02-27,2026-02-28 00:00:00,16.0,24.0,0.7864807858147017,0.5366113741380348,0.8236326774792511,0.977748515824526
t2,2026-02-28 17:00:00,2026-02-28 11:00:00,rolling,2026-02-27,2026-02-28 00:00:00,17.0,24.0,0.7753379066084728,0.5343492897478037,0.7872777119116088,0.9695646294046234
t2,2026-02-28 18:00:00,2026-02-28 12:00:00,rolling,2026-02-27,2026-02-28 00:00:00,18.0,24.0,0.7491285143256252,0.3644586339540922,0.7595720912070543,0.9656852887337879
t2,2026-02-28 19:00:00,2026-02-28 13:00:00,rolling,2026-02-27,2026-02-28 00:00:00,19.0,24.0,0.6848470374087658,0.2951639560827208,0.6660132257849929,0.9624140997282089
t2,2026-02-28 20:00:00,2026-02-28 14:00:00,rolling,2026-02-27,2026-02-28 00:00:00,20.0,24.0,0.6293805345471666,0.2168464164026846,0.5577358641073162,0.9374113720459474
t2,2026-02-28 21:00:00,2026-02-28 15:00:00,rolling,2026-02-27,2026-02-28 00:00:00,21.0,24.0,0.4337686858783562,0.06767166494571739,0.39448228648568695,0.8445946756080919
t2,2026-02-28 22:00:00,2026-02-28 16:00:00,rolling,2026-02-27,2026-02-28 00:00:00,22.0,24.0,0.2844707305442584,0.04943982926604954,0.2533584773343831,0.7672588835088061
t2,2026-02-28 23:00:00,2026-02-28 17:00:00,rolling,2026-02-27,2026-02-28 00:00:00,23.0,24.0,0.19651869761384366,0.02068986494130978,0.17204264794808866,0.6725341055048009
