turbine,issue_time_utc,time_utc,time_local,lead_hours,forecast,p10,p50,p90,wind_speed_100m,ws100_ens_std,temperature_2m,power
t1,2026-01-30,2026-01-31 00:00:00,2026-01-31 06:00:00,24.0,0.7701282893142465,0.3830977335716139,0.8590778315585721,0.9682583631933286,12.398148148148147,2.2761398808512725,-2.6999999999999997,0.145
t1,2026-01-30,2026-01-31 01:00:00,2026-01-31 07:00:00,25.0,0.7844280653622225,0.4101731262620516,0.8838362868658058,0.9647245898547637,12.546296296296296,2.211315828974515,-2.8666666666666667,0.48
t1,2026-01-30,2026-01-31 02:00:00,2026-01-31 08:00:00,26.0,0.8120654708699038,0.48231400993260803,0.9029313473801002,0.9616859508549521,12.842592592592593,1.932569559648671,-3.0,0.5016666666666666
t1,2026-01-30,2026-01-31 03:00:00,2026-01-31 09:00:00,27.0,0.8331779674304134,0.5211573988921954,0.9120205132772007,0.9601958789249375,12.925925925925926,1.6947479995247103,-2.466666666666667,0.5216666666666666
t1,2026-01-30,2026-01-31 04:00:00,2026-01-31 10:00:00,28.0,0.8868348090754308,0.6956207056243093,0.9309725865353028,0.957055838845926,13.018518518518519,1.6796561719492114,-0.39999999999999997,0.9500000000000001
t1,2026-01-30,2026-01-31 05:00:00,2026-01-31 11:00:00,29.0,0.885417153783837,0.6794751383299031,0.9315463358189979,0.9569598209423704,13.305555555555557,2.2496570383334995,1.6666666666666667,0.9583333333333334
t1,2026-01-30,2026-01-31 06:00:00,2026-01-31 12:00:00,30.0,0.8877958580555526,0.6712326370861943,0.9312996998362627,0.9572270410208311,12.796296296296298,2.927932387512325,3.366666666666667,0.9266666666666666
t1,2026-01-30,2026-01-31 07:00:00,2026-01-31 13:00:00,31.0,0.8872783396485284,0.6769537213899214,0.9299693942333142,0.9570420227142049,12.722222222222223,3.2478625449841787,4.699999999999999,0.945
t1,2026-01-30,2026-01-31 08:00:00,2026-01-31 14:00:00,32.0,0.8708233982022592,0.606177677147411,0.9151183474858888,0.958905367734008,12.592592592592593,3.215790195949067,5.766666666666667,0.8783333333333333
t1,2026-01-30,2026-01-31 09:00:00,2026-01-31 15:00:00,33.0,0.8676798745783176,0.5718944682894451,0.9170764414370829,0.9560302238359503,11.75925925925926,2.42707422639101,6.133333333333333,0.875
t1,2026-01-30,2026-01-31 10:00:00,2026-01-31 16:00:00,34.0,0.8153501211779046,0.5211623055158454,0.9091457534118529,0.9563466767617153,11.046296296296296,1.8801540957773422,5.766666666666667,0.8450000000000001
t1,2026-01-30,2026-01-31 11:00:00,2026-01-31 17:00:00,35.0,0.7315356560859376,0.33569373080292003,0.7754645172159205,0.9669685815438493,10.555555555555555,1.376892636821526,4.366666666666666,0.7983333333333333
t1,2026-01-30,2026-01-31 12:00:00,2026-01-31 18:00:00,36.0,0.5986471404943992,0.11384379303067482,0.5982302437703074,0.9713233394668386,10.092592592592593,1.0297778337249621,2.533333333333333,0.81
t1,2026-01-30,2026-01-31 13:00:00,2026-01-31 19:00:00,37.0,0.341622208774358,0.05052246390975848,0.24120201261732627,0.8411634282374385,8.916666666666666,1.647341667020304,1.2333333333333334,0.8216666666666667
t1,2026-01-30,2026-01-31 14:00:00,2026-01-31 20:00:00,38.0,0.16500163340749027,0.0,0.10484163767623048,0.6414293973223621,7.166666666666667,2.242442726741543,0.5666666666666667,0.3383333333333334
t1,2026-01-30,2026-01-31 15:00:00,2026-01-31 21:00:00,39.0,0.1605491562069972,0.0,0.09022280818760109,0.586391140754595,5.055555555555556,3.4888490797445755,-0.20000000000000004,0.03
t1,2026-01-30,2026-01-31 16:00:00,2026-01-31 22:00:00,40.0,0.1369517622009292,0.0,0.06800528358061464,0.4234931173425629,5.305555555555556,0.4819264325804855,-0.8666666666666667,0.016666666666666666
t1,2026-01-30,2026-01-31 17:00:00,2026-01-31 23:00:00,41.0,0.139220082580315,0.0,0.04598426794653373,0.5491846788272294,5.435185185185186,2.394427257822654,-1.4333333333333333,0.19999999999999998
t1,2026-01-30,2026-01-31 18:00:00,2026-02-01 00:00:00,42.0,0.046996831977136465,0.0,0.0,0.2392479194950664,3.6203703703703702,1.8194621147007366,-2.066666666666667,
t1,2026-01-30,2026-01-31 19:00:00,2026-02-01 01:00:00,43.0,0.028886646182755375,0.0,0.0,0.16457073996576987,3.2870370370370376,2.1463314476398034,-2.3666666666666667,
t1,2026-01-30,2026-01-31 20:00:00,2026-02-01 02:00:00,44.0,0.01538717438393946,0.0,0.0,0.1463891169171287,2.8518518518518516,2.152792712015105,-2.433333333333333,
t1,2026-01-30,2026-01-31 21:00:00,2026-02-01 03:00:00,45.0,0.017903317329171962,0.0,0.0,0.15024679754887807,2.6203703703703702,3.1102842816625627,-2.5,
t1,2026-01-30,2026-01-31 22:00:00,2026-02-01 04:00:00,46.0,0.028804557100790766,0.0,0.0,0.2124728311806331,3.3333333333333335,4.259068031133943,-2.6,
t1,2026-01-30,2026-01-31 23:00:00,2026-02-01 05:00:00,47.0,0.04486173104808975,0.0,0.0,0.27999427803821286,4.166666666666667,5.389747926948846,-2.866666666666667,
t1,2026-01-30,2026-02-01 00:00:00,2026-02-01 06:00:00,48.0,0.04328095910485814,0.0,0.0,0.2912125180774733,3.8425925925925934,5.501496242418948,-2.733333333333333,
t1,2026-01-30,2026-02-01 01:00:00,2026-02-01 07:00:00,49.0,0.06711233548647208,0.0,0.004338059346827114,0.41593127837721805,4.037037037037037,5.573051155063512,-2.6999999999999997,
t1,2026-01-30,2026-02-01 02:00:00,2026-02-01 08:00:00,50.0,0.13050012778099337,0.0,0.026640888871118214,0.5531656852865117,4.814814814814816,5.227858463580125,-2.6666666666666665,
t1,2026-01-30,2026-02-01 03:00:00,2026-02-01 09:00:00,51.0,0.14918718242927118,0.0,0.0980999151449273,0.659752197700034,6.416666666666667,4.211517863674494,-2.3333333333333335,
t1,2026-01-30,2026-02-01 04:00:00,2026-02-01 10:00:00,52.0,0.23728194356380145,0.0,0.17638002969034947,0.77944628772103,6.888888888888889,3.2175492936068792,-0.7333333333333333,
t1,2026-01-30,2026-02-01 05:00:00,2026-02-01 11:00:00,53.0,0.3879716042234067,0.0,0.33860477229599345,0.8641606107413635,7.6944444444444455,2.9111058100036553,1.5,
t1,2026-01-30,2026-02-01 06:00:00,2026-02-01 12:00:00,54.0,0.43876970121903885,0.0,0.43036888316216254,0.8696694049341334,7.962962962962963,3.7033448900265276,3.3666666666666667,
t1,2026-01-30,2026-02-01 07:00:00,2026-02-01 13:00:00,55.0,0.48683128769671313,0.0,0.4862903446785559,0.8486223249663074,8.074074074074074,3.4973902674891133,4.433333333333334,
t1,2026-01-30,2026-02-01 08:00:00,2026-02-01 14:00:00,56.0,0.5175867599608391,0.0,0.534694992247445,0.8472114590821871,7.935185185185186,3.1652449700085787,5.3,
t1,2026-01-30,2026-02-01 09:00:00,2026-02-01 15:00:00,57.0,0.5147970009019401,0.0,0.5449420684102814,0.850988484670441,7.944444444444444,2.9585615457098546,5.666666666666667,
t1,2026-01-30,2026-02-01 10:00:00,2026-02-01 16:00:00,58.0,0.5574933350997412,0.0,0.5366938304333941,0.8498044968660226,7.898148148148149,2.7916781831345285,5.233333333333333,
t1,2026-01-30,2026-02-01 11:00:00,2026-02-01 17:00:00,59.0,0.43109594838594534,0.0,0.4536544341172555,0.8344638626196877,8.129629629629632,2.7157424770486047,3.866666666666667,
t1,2026-01-30,2026-02-01 12:00:00,2026-02-01 18:00:00,60.0,0.3762873677643817,0.0,0.33914957505459475,0.8096675415594103,7.583333333333333,3.890971664485255,2.266666666666667,
t1,2026-01-30,2026-02-01 13:00:00,2026-02-01 19:00:00,61.0,0.30479012041016046,0.0,0.2565059920470197,0.7678410775815527,7.546296296296297,3.697089000577252,0.8333333333333334,
t1,2026-01-30,2026-02-01 14:00:00,2026-02-01 20:00:00,62.0,0.2718736163870111,0.0,0.21661309421431013,0.7308067397051916,7.712962962962963,3.5242034969714564,0.1333333333333333,
t1,2026-01-30,2026-02-01 15:00:00,2026-02-01 21:00:00,63.0,0.28672982181196327,0.0,0.21203005207400488,0.7362491926747785,8.027777777777777,3.4157632048496773,-0.26666666666666666,
t1,2026-01-30,2026-02-01 16:00:00,2026-02-01 22:00:00,64.0,0.2739355824058618,0.0,0.19108867367743645,0.7670994748143117,8.24074074074074,3.5224515055644834,-0.5333333333333333,
t1,2026-01-30,2026-02-01 17:00:00,2026-02-01 23:00:00,65.0,0.2430475550150526,0.0,0.19100626471808996,0.7471839607418462,8.314814814814815,3.4143322347207947,-0.6,
t1,2026-01-30,2026-02-01 18:00:00,2026-02-02 00:00:00,66.0,0.25740089990234805,0.0,0.18117508064109475,0.7867406686287254,7.648148148148149,4.283756043896688,-0.8333333333333334,
t1,2026-01-30,2026-02-01 19:00:00,2026-02-02 01:00:00,67.0,0.31734670853845065,0.0,0.2045330717210699,0.8333206526450584,7.990740740740741,4.0690731090849415,-1.0,
t1,2026-01-30,2026-02-01 20:00:00,2026-02-02 02:00:00,68.0,0.40060103740115655,0.008632244486666996,0.3018319455046064,0.9304869141939078,8.416666666666666,3.828197042028087,-1.2,
t1,2026-01-30,2026-02-01 21:00:00,2026-02-02 03:00:00,69.0,0.48927313437615483,0.08385733594040184,0.42984869425855,0.9590826255803655,8.87037037037037,3.298116434642796,-1.4333333333333336,
t1,2026-01-30,2026-02-01 22:00:00,2026-02-02 04:00:00,70.0,0.5151813225503002,0.09018924319894889,0.45200227961836076,0.9904207380952887,9.416666666666666,2.7927374950126236,-1.5666666666666667,
t1,2026-01-30,2026-02-01 23:00:00,2026-02-02 05:00:00,71.0,0.5193844325909102,0.14049509672332794,0.5093997970135685,1.0,9.972222222222221,2.4423918149588077,-1.6333333333333335,
t1,2026-01-31,2026-02-01 00:00:00,2026-02-01 06:00:00,24.0,0.10514084246276512,0.0,0.02213096556847071,0.5397561821706649,4.398148148148148,5.554189646901234,-2.6333333333333333,
t1,2026-01-31,2026-02-01 01:00:00,2026-02-01 07:00:00,25.0,0.11969144095401502,0.0,0.05195285808442871,0.6370426670339028,5.638888888888889,5.2779970714675235,-2.766666666666667,
t1,2026-01-31,2026-02-01 02:00:00,2026-02-01 08:00:00,26.0,0.10817911781894413,0.0,0.07723831905497441,0.7022219991407039,6.777777777777779,4.150338376804393,-2.766666666666667,
t1,2026-01-31,2026-02-01 03:00:00,2026-02-01 09:00:00,27.0,0.2051350019577927,0.0,0.14438219974593197,0.7541831635871052,7.546296296296297,2.208697267938542,-2.266666666666667,
t1,2026-01-31,2026-02-01 04:00:00,2026-02-01 10:00:00,28.0,0.34020284768761927,0.0,0.3163500069443576,0.8659218178176002,8.62962962962963,2.3950716717370275,-0.4666666666666666,
t1,2026-01-31,2026-02-01 05:00:00,2026-02-01 11:00:00,29.0,0.3722878299032275,0.0,0.31767477616748474,0.8611461042207721,8.250000000000002,2.3575135991909724,1.8333333333333333,
t1,2026-01-31,2026-02-01 06:00:00,2026-02-01 12:00:00,30.0,0.2901742538202982,0.0,0.25528194982039737,0.7276981714467751,7.324074074074075,2.8977339663809203,3.2000000000000006,
t1,2026-01-31,2026-02-01 07:00:00,2026-02-01 13:00:00,31.0,0.22175539155586868,0.0,0.18898607527105762,0.7279750352409754,7.027777777777778,3.738046793067269,4.3999999999999995,
t1,2026-01-31,2026-02-01 08:00:00,2026-02-01 14:00:00,32.0,0.24925025395228653,0.0,0.22222191115894538,0.7349031028302577,6.842592592592593,3.6885221258996173,5.400000000000001,
t1,2026-01-31,2026-02-01 09:00:00,2026-02-01 15:00:00,33.0,0.22242015282417574,0.0,0.1772247772723615,0.6816984975211358,6.5,3.57147045830816,5.8,
t1,2026-01-31,2026-02-01 10:00:00,2026-02-01 16:00:00,34.0,0.21675544946279537,0.0,0.18734876453658927,0.6812098299304596,6.583333333333333,3.452834763094604,5.166666666666667,
t1,2026-01-31,2026-02-01 11:00:00,2026-02-01 17:00:00,35.0,0.2111506496815718,0.0,0.15509483945565652,0.6653553565350533,6.916666666666667,3.329975160252886,3.6999999999999997,
t1,2026-01-31,2026-02-01 12:00:00,2026-02-01 18:00:00,36.0,0.21821572703835843,0.0,0.1689609689683331,0.6365564569402611,6.287037037037037,3.340540048993582,2.0,
t1,2026-01-31,2026-02-01 13:00:00,2026-02-01 19:00:00,37.0,0.19246605783847384,0.0,0.17772433197933146,0.5868097010621018,6.777777777777778,3.3555969460287582,0.8000000000000002,
t1,2026-01-31,2026-02-01 14:00:00,2026-02-01 20:00:00,38.0,0.2188853268792126,0.0,0.20155629529499217,0.5985824268163258,7.018518518518519,2.944619142266809,0.3,
t1,2026-01-31,2026-02-01 15:00:00,2026-02-01 21:00:00,39.0,0.21591466403953344,0.0,0.19896285585746937,0.6047946356369367,7.314814814814816,2.8087623770150048,-0.1333333333333334,
t1,2026-01-31,2026-02-01 16:00:00,2026-02-01 22:00:00,40.0,0.25213573593648253,0.0,0.21301349069420925,0.6286766307142216,7.500000000000001,2.530523539253498,-0.2333333333333333,
t1,2026-01-31,2026-02-01 17:00:00,2026-02-01 23:00:00,41.0,0.2620403825997474,0.0,0.21168032400516665,0.6645741258102799,7.694444444444444,2.550114981673,-0.6,
t1,2026-01-31,2026-02-01 18:00:00,2026-02-02 00:00:00,42.0,0.19930141095404735,0.0,0.18178075248052353,0.6855114338761069,7.796296296296297,2.619421369836705,-0.7999999999999999,
t1,2026-01-31,2026-02-01 19:00:00,2026-02-02 01:00:00,43.0,0.31852355788575365,0.0,0.24791914325046385,0.7267415073334025,8.0,3.0224213578185175,-0.9666666666666667,
t1,2026-01-31,2026-02-01 20:00:00,2026-02-02 02:00:00,44.0,0.4379560928367412,0.029433275739369213,0.34827129851903255,0.9204987301715764,8.481481481481481,3.328855016392965,-1.1333333333333333,
t1,2026-01-31,2026-02-01 21:00:00,2026-02-02 03:00:00,45.0,0.5063972077916076,0.08447594166544903,0.4609322626013465,0.9864883974993719,9.055555555555555,3.0815810836823103,-1.366666666666667,
t1,2026-01-31,2026-02-01 22:00:00,2026-02-02 04:00:00,46.0,0.5527899618475383,0.158427825166587,0.5580857384096009,0.9839108277766362,9.814814814814815,2.3863574011640702,-1.6333333333333335,
t1,2026-01-31,2026-02-01 23:00:00,2026-02-02 05:00:00,47.0,0.6272485412643871,0.26173918643929683,0.6403786171294023,0.9847426811359253,10.36111111111111,1.927705730321941,-1.8333333333333333,
t1,2026-01-31,2026-02-02 00:00:00,2026-02-02 06:00:00,48.0,0.6019998876117247,0.3287034585925061,0.6585074055013255,0.9827295878938413,10.462962962962964,1.523563210361513,-1.9666666666666668,
t1,2026-01-31,2026-02-02 01:00:00,2026-02-02 07:00:00,49.0,0.6106734995498312,0.3758222766103234,0.6667216335976726,0.9809703208804128,10.731481481481483,1.2946749119265486,-2.1,
t1,2026-01-31,2026-02-02 02:00:00,2026-02-02 08:00:00,50.0,0.6191747772067785,0.4007530453756518,0.6885924016965744,0.9778835290618498,10.944444444444445,1.1399046960379555,-2.1333333333333333,
t1,2026-01-31,2026-02-02 03:00:00,2026-02-02 09:00:00,51.0,0.6845607378038883,0.4476105554317409,0.7465107263332519,0.9732730670851104,11.314814814814815,0.8890335530429742,-1.3,
t1,2026-01-31,2026-02-02 04:00:00,2026-02-02 10:00:00,52.0,0.7733326018093124,0.5731650383037246,0.7953288941878378,0.9703311524610528,11.444444444444445,0.7222222222222228,0.9999999999999999,
t1,2026-01-31,2026-02-02 05:00:00,2026-02-02 11:00:00,53.0,0.8172013678896847,0.6367439347302752,0.8145798133379845,0.9680130824509826,12.287037037037038,1.2064427525690304,3.3000000000000003,
t1,2026-01-31,2026-02-02 06:00:00,2026-02-02 12:00:00,54.0,0.8647611133778078,0.6710130251867431,0.900836092019041,0.9544957634613979,11.722222222222223,2.028158259585757,5.066666666666667,
t1,2026-01-31,2026-02-02 07:00:00,2026-02-02 13:00:00,55.0,0.8664241978749274,0.6901298560126965,0.909150048654517,0.9544301556263041,11.981481481481483,1.972287427195451,6.5,
t1,2026-01-31,2026-02-02 08:00:00,2026-02-02 14:00:00,56.0,0.8905976279268708,0.7063713494246453,0.9229162861405494,0.9527655068963699,12.416666666666666,2.0178600692960003,7.333333333333333,
t1,2026-01-31,2026-02-02 09:00:00,2026-02-02 15:00:00,57.0,0.8845882678847875,0.6753242911600712,0.9122789445818591,0.953248945633818,12.435185185185185,1.8655282022127215,7.566666666666667,
t1,2026-01-31,2026-02-02 10:00:00,2026-02-02 16:00:00,58.0,0.8256585134580527,0.5605770839969058,0.8903087009927363,0.9546175723417385,12.324074074074076,1.620026418521568,6.8,
t1,2026-01-31,2026-02-02 11:00:00,2026-02-02 17:00:00,59.0,0.7249877529622291,0.38956575162653206,0.7836162542298075,0.9670230162946463,12.101851851851853,1.2172668906725317,5.3,
t1,2026-01-31,2026-02-02 12:00:00,2026-02-02 18:00:00,60.0,0.5680709484768797,0.15660596161059015,0.6723333745136028,0.9252292890394753,10.305555555555557,0.6092142277628142,3.3666666666666667,
t1,2026-01-31,2026-02-02 13:00:00,2026-02-02 19:00:00,61.0,0.33281816446692747,0.030373118417059863,0.23694600356337256,0.8265053563722456,8.296296296296296,1.9613025821963428,1.9666666666666668,
t1,2026-01-31,2026-02-02 14:00:00,2026-02-02 20:00:00,62.0,0.21450536032832104,0.0,0.179573497045413,0.6632468098967169,7.064814814814816,2.3280915549148506,1.0666666666666667,
t1,2026-01-31,2026-02-02 15:00:00,2026-02-02 21:00:00,63.0,0.18481710399912477,0.0,0.15795065208647904,0.6484583879495924,6.805555555555556,1.9497942278261562,0.6666666666666666,
t1,2026-01-31,2026-02-02 16:00:00,2026-02-02 22:00:00,64.0,0.24492692250583817,0.0,0.19323743685515382,0.6855954387425376,6.6944444444444455,1.0555555555555558,0.2666666666666666,
t1,2026-01-31,2026-02-02 17:00:00,2026-02-02 23:00:00,65.0,0.2567583691225574,0.0,0.16835382942843397,0.7063085371957836,6.8240740740740735,0.4206598774666875,-0.09999999999999994,
t1,2026-01-31,2026-02-02 18:00:00,2026-02-03 00:00:00,66.0,0.2803630619876317,0.0,0.20727425263457008,0.7351838380200567,6.444444444444444,0.29000851413640416,-0.19999999999999996,
t1,2026-01-31,2026-02-02 19:00:00,2026-02-03 01:00:00,67.0,0.32163510008314633,0.0,0.24671825712452186,0.8759646661270681,7.361111111111112,0.5780181124079109,-0.1333333333333334,
t1,2026-01-31,2026-02-02 20:00:00,2026-02-03 02:00:00,68.0,0.35809900724430105,0.036799873410167216,0.29033201803355607,0.9195471468083558,8.62962962962963,0.9519040913752573,0.10000000000000009,
t1,2026-01-31,2026-02-02 21:00:00,2026-02-03 03:00:00,69.0,0.4199600149046737,0.08376820887513642,0.3900113705274562,0.9421295773380185,9.50925925925926,1.3368972431279549,0.20000000000000004,
t1,2026-01-31,2026-02-02 22:00:00,2026-02-03 04:00:00,70.0,0.42634570366603425,0.11788623802499199,0.46332067715464115,0.9489247749808313,9.666666666666666,1.0551899951790322,-0.03333333333333336,
t1,2026-01-31,2026-02-02 23:00:00,2026-02-03 05:00:00,71.0,0.49991450892994743,0.20105315629230341,0.5612870553207218,0.9435249481970501,10.027777777777777,1.4561491580090178,-0.23333333333333325,
t1,2026-02-01,2026-02-02 00:00:00,2026-02-02 06:00:00,24.0,0.7528940534938543,0.4457897993811049,0.8183070173595703,0.9787631962354547,11.101851851851853,1.307130649544805,-1.7666666666666666,
t1,2026-02-01,2026-02-02 01:00:00,2026-02-02 07:00:00,25.0,0.7824550686393771,0.49870447600735424,0.8469731263115577,0.9706058849851298,11.481481481481481,1.1153852976168908,-1.8333333333333333,
t1,2026-02-01,2026-02-02 02:00:00,2026-02-02 08:00:00,26.0,0.75563980654567,0.47485682110717947,0.8363987226623758,0.9717709811032685,11.740740740740742,1.0323970270197296,-1.9000000000000001,
t1,2026-02-01,2026-02-02 03:00:00,2026-02-02 09:00:00,27.0,0.7684315177340908,0.45890244710022604,0.8660650064220221,0.9672065800298671,12.101851851851853,1.4662702887499235,-1.0333333333333334,
t1,2026-02-01,2026-02-02 04:00:00,2026-02-02 10:00:00,28.0,0.832468540878872,0.6226270639460663,0.8865554551726598,0.9665737313267371,12.148148148148147,1.12811069707541,0.8999999999999999,
t1,2026-02-01,2026-02-02 05:00:00,2026-02-02 11:00:00,29.0,0.8746540256962656,0.695375871257692,0.89471330160354,0.9663419251677142,12.537037037037038,1.5836581862980428,3.1999999999999997,
t1,2026-02-01,2026-02-02 06:00:00,2026-02-02 12:00:00,30.0,0.8881445854436835,0.694859093380618,0.9253449844247885,0.9612248597993419,11.842592592592593,1.7849969164593942,5.433333333333334,
t1,2026-02-01,2026-02-02 07:00:00,2026-02-02 13:00:00,31.0,0.8911539768862299,0.7027530431923732,0.9280542385119155,0.9610223199900416,12.333333333333334,1.9545372980280313,6.8,
t1,2026-02-01,2026-02-02 08:00:00,2026-02-02 14:00:00,32.0,0.8875792518793773,0.6874141631925468,0.9261844745618707,0.9609017040439318,12.527777777777779,1.9955583395179788,7.6000000000000005,
t1,2026-02-01,2026-02-02 09:00:00,2026-02-02 15:00:00,33.0,0.8460938178287423,0.5720821119977952,0.9068148018975898,0.9655608924712885,12.407407407407407,1.8799488873184929,7.766666666666667,
t1,2026-02-01,2026-02-02 10:00:00,2026-02-02 16:00:00,34.0,0.8086794825567294,0.5176329616492337,0.9030919672738323,0.9581765025618226,11.851851851851853,1.1153852976168896,7.133333333333333,
t1,2026-02-01,2026-02-02 11:00:00,2026-02-02 17:00:00,35.0,0.647623592533487,0.179927926977981,0.723786284207481,0.9787767301700495,10.657407407407408,1.2201160303725291,5.6000000000000005,
t1,2026-02-01,2026-02-02 12:00:00,2026-02-02 18:00:00,36.0,0.360646083889463,0.01602789955203232,0.3603919573728712,0.8978171078511357,8.935185185185187,3.0878761995695867,3.4333333333333336,
t1,2026-02-01,2026-02-02 13:00:00,2026-02-02 19:00:00,37.0,0.21100359042494077,0.0,0.16482677717390304,0.7566033661277451,7.26851851851852,3.679306217031022,2.0333333333333337,
t1,2026-02-01,2026-02-02 14:00:00,2026-02-02 20:00:00,38.0,0.1897886968804241,0.0,0.12025668449540723,0.7065037366508709,6.2592592592592595,3.402333682282899,1.1666666666666667,
t1,2026-02-01,2026-02-02 15:00:00,2026-02-02 21:00:00,39.0,0.16558912255324182,0.0,0.09756514867300832,0.6676980996483709,5.564814814814816,3.125257191062532,0.7333333333333334,
t1,2026-02-01,2026-02-02 16:00:00,2026-02-02 22:00:00,40.0,0.16705910563289533,0.0,0.11623542756164877,0.6396641575020492,5.657407407407407,2.760688170901367,0.36666666666666664,
t1,2026-02-01,2026-02-02 17:00:00,2026-02-02 23:00:00,41.0,0.18396671867538777,0.0,0.14059725831148057,0.6192414165322861,5.888888888888889,2.3575135991909724,-0.16666666666666666,
t1,2026-02-01,2026-02-02 18:00:00,2026-02-03 00:00:00,42.0,0.20543323334359037,0.0,0.15611236533487416,0.6714290835025001,5.907407407407407,2.294204543103493,-0.5333333333333333,
t1,2026-02-01,2026-02-02 19:00:00,2026-02-03 01:00:00,43.0,0.302245540829824,0.0,0.2610076509210566,0.8029539890288997,6.731481481481481,1.9112914428270402,-0.3333333333333333,
t1,2026-02-01,2026-02-02 20:00:00,2026-02-03 02:00:00,44.0,0.42274244258448046,0.024396038149724186,0.4226485963514445,0.9625776836087119,8.092592592592593,1.550670238735629,-0.16666666666666666,
t1,2026-02-01,2026-02-02 21:00:00,2026-02-03 03:00:00,45.0,0.5191116366823818,0.09308540258090064,0.47864908814921125,0.9871412194921552,9.13888888888889,1.6189941245442006,0.03333333333333351,
t1,2026-02-01,2026-02-02 22:00:00,2026-02-03 04:00:00,46.0,0.5683234075163204,0.08702099828342402,0.5432332163959079,0.9996077913838048,9.879629629629632,1.5970007898037324,0.0,
t1,2026-02-01,2026-02-02 23:00:00,2026-02-03 05:00:00,47.0,0.5171282048801275,0.06425298992101258,0.4678833838964198,0.9648963780873482,10.296296296296296,2.0158196364219587,-0.30000000000000004,
t1,2026-02-01,2026-02-03 00:00:00,2026-02-03 06:00:00,48.0,0.3052237211737801,0.0,0.28787642263365393,0.8334658058566233,8.916666666666666,2.615982453597666,-0.5666666666666668,
t1,2026-02-01,2026-02-03 01:00:00,2026-02-03 07:00:00,49.0,0.18531714710496455,0.0,0.12749023344164745,0.7584230718435107,7.629629629629629,4.153900195151024,-0.9666666666666667,
t1,2026-02-01,2026-02-03 02:00:00,2026-02-03 08:00:00,50.0,0.19293020402297256,0.0,0.10650278807629081,0.7601402865729999,6.5092592592592595,4.74962095087121,-1.5666666666666667,
t1,2026-02-01,2026-02-03 03:00:00,2026-02-03 09:00:00,51.0,0.14576583581080055,0.0,0.0456473828198327,0.605683307569148,6.62037037037037,2.6270690454472883,-1.0,
t1,2026-02-01,2026-02-03 04:00:00,2026-02-03 10:00:00,52.0,0.08800903497884338,0.0,0.03765336510807775,0.49978707455718113,5.407407407407408,2.248170266533454,1.0333333333333334,
t1,2026-02-01,2026-02-03 05:00:00,2026-02-03 11:00:00,53.0,0.07041600136126595,0.0,0.007058257994259701,0.3676865193320174,4.111111111111112,2.9096476389274444,3.466666666666667,
t1,2026-02-01,2026-02-03 06:00:00,2026-02-03 12:00:00,54.0,0.03379356647028814,0.0,0.0,0.3388750136321587,3.1759259259259256,4.459378843603881,5.366666666666667,
t1,2026-02-01,2026-02-03 07:00:00,2026-02-03 13:00:00,55.0,0.036706672927141026,0.0,0.0,0.28751603228771516,3.2037037037037037,3.82056380903788,6.8,
t1,2026-02-01,2026-02-03 08:00:00,2026-02-03 14:00:00,56.0,0.045098382187483965,0.0,0.0,0.25474642804230346,3.342592592592593,3.012491142004975,7.666666666666667,
t1,2026-02-01,2026-02-03 09:00:00,2026-02-03 15:00:00,57.0,0.07676229664051354,0.0,0.02728075409942724,0.32223068686094203,3.5185185185185186,2.342629190169401,7.8999999999999995,
t1,2026-02-01,2026-02-03 10:00:00,2026-02-03 16:00:00,58.0,0.09398618967148008,0.0,0.04508597573974439,0.37725677657904033,3.9907407407407405,1.1153852976168899,7.2,
t1,2026-02-01,2026-02-03 11:00:00,2026-02-03 17:00:00,59.0,0.1239623455278429,0.0,0.06186693621073723,0.5410756295663902,5.157407407407408,0.8794346762518741,5.5,
t1,2026-02-01,2026-02-03 12:00:00,2026-02-03 18:00:00,60.0,0.26695422229441124,0.0,0.11751513197774364,0.8194502941630126,5.222222222222222,3.3034540472020057,3.4,
t1,2026-02-01,2026-02-03 13:00:00,2026-02-03 19:00:00,61.0,0.30454374120741934,0.0,0.2040521942582701,0.833805611591087,5.5092592592592595,3.6282003043602313,2.9333333333333336,
t1,2026-02-01,2026-02-03 14:00:00,2026-02-03 20:00:00,62.0,0.33857871937896905,0.0,0.22579062461956084,0.8697690282157127,5.4907407407407405,3.794116356945469,2.733333333333333,
t1,2026-02-01,2026-02-03 15:00:00,2026-02-03 21:00:00,63.0,0.458943998054732,0.0,0.3149384386349679,0.8954600526786345,5.703703703703703,3.669015801919162,2.9,
t1,2026-02-01,2026-02-03 16:00:00,2026-02-03 22:00:00,64.0,0.433784615185474,0.0,0.314803175816794,0.8977003599108437,5.916666666666667,2.98620800876378,2.866666666666667,
t1,2026-02-01,2026-02-03 17:00:00,2026-02-03 23:00:00,65.0,0.42445137637098496,0.0,0.3187162935210358,0.8668648725746558,5.407407407407407,2.396842916646435,3.0,
t1,2026-02-01,2026-02-03 18:00:00,2026-02-04 00:00:00,66.0,0.45318351767182447,0.0,0.3149819644025012,0.8845529607147091,5.9444444444444455,1.4680233624137573,2.8333333333333335,
t1,2026-02-01,2026-02-03 19:00:00,2026-02-04 01:00:00,67.0,0.4028510808428089,0.0,0.2861386268819812,0.842287279460551,6.333333333333335,1.1749047768087,2.6,
t1,2026-02-01,2026-02-03 20:00:00,2026-02-04 02:00:00,68.0,0.44587259855719,0.0,0.32095982845132587,0.8525119735559948,6.046296296296297,1.5456862846434847,2.5,
t1,2026-02-01,2026-02-03 21:00:00,2026-02-04 03:00:00,69.0,0.40072131200400124,0.0,0.25767177195343655,0.8442808541727325,6.064814814814814,1.5238164131237566,2.6,
t1,2026-02-01,2026-02-03 22:00:00,2026-02-04 04:00:00,70.0,0.47428411017821703,0.0,0.3584135701243461,0.9239500396642548,7.037037037037038,1.240498870841756,2.466666666666667,
t1,2026-02-01,2026-02-03 23:00:00,2026-02-04 05:00:00,71.0,0.4876330017439535,0.0,0.3953535219898612,0.9473935929408225,7.685185185185186,2.1119028729692966,2.5333333333333337,
t1,2026-02-02,2026-02-03 00:00:00,2026-02-03 06:00:00,24.0,0.5111569656351189,0.05878677974303115,0.43511708555767786,0.9553608413911836,9.61111111111111,1.7094057158072706,-0.6,
t1,2026-02-02,2026-02-03 01:00:00,2026-02-03 07:00:00,25.0,0.3482872974844845,0.01516710526516235,0.3104028343240486,0.8940335297581657,8.981481481481483,1.2254796658952094,-0.9666666666666668,
t1,2026-02-02,2026-02-03 02:00:00,2026-02-03 08:00:00,26.0,0.29437768796381364,0.0,0.16070345316560591,0.7200825074546557,8.083333333333334,0.8753306253660414,-1.2999999999999998,
t1,2026-02-02,2026-02-03 03:00:00,2026-02-03 09:00:00,27.0,0.17202144434000166,0.0,0.05927257895349845,0.5177658011506266,6.685185185185186,1.1007619882302035,-0.7333333333333334,
t1,2026-02-02,2026-02-03 04:00:00,2026-02-03 10:00:00,28.0,0.0688956556624314,0.0,0.009541163964905314,0.33829315711506114,4.407407407407407,2.293363569281014,1.2666666666666668,
t1,2026-02-02,2026-02-03 05:00:00,2026-02-03 11:00:00,29.0,0.05653211812056867,0.0,0.0,0.30535129837982417,2.861111111111111,2.9059326290271157,3.2999999999999994,
t1,2026-02-02,2026-02-03 06:00:00,2026-02-03 12:00:00,30.0,0.036475476799565185,0.0,0.0,0.27396916656601533,3.638888888888889,3.0551767441952693,4.966666666666666,
t1,2026-02-02,2026-02-03 07:00:00,2026-02-03 13:00:00,31.0,0.030708090320222772,0.0,0.0,0.22937289929487667,3.361111111111111,2.7021653411411006,6.166666666666667,
t1,2026-02-02,2026-02-03 08:00:00,2026-02-03 14:00:00,32.0,0.02765685026068096,0.0,0.0,0.21307323868224246,2.8981481481481484,2.6610666508309424,6.8999999999999995,
t1,2026-02-02,2026-02-03 09:00:00,2026-02-03 15:00:00,33.0,0.030784087509437702,0.0,0.0,0.203000763187473,3.1018518518518516,1.6537306621335466,7.266666666666666,
t1,2026-02-02,2026-02-03 10:00:00,2026-02-03 16:00:00,34.0,0.0650553341287446,0.0,0.008864389859505176,0.27718857339346875,3.305555555555556,0.9941961204540712,6.766666666666666,
t1,2026-02-02,2026-02-03 11:00:00,2026-02-03 17:00:00,35.0,0.18326872384673676,0.0,0.08003867262842826,0.5319960988991662,3.5462962962962963,2.2247092564468205,5.5,
t1,2026-02-02,2026-02-03 12:00:00,2026-02-03 18:00:00,36.0,0.3699370936764041,0.0,0.2784008124445366,0.7938534877274874,5.416666666666667,2.766504903793964,4.133333333333334,
t1,2026-02-02,2026-02-03 13:00:00,2026-02-03 19:00:00,37.0,0.5371637399240419,0.0,0.39916140692208074,0.9519636482486078,6.592592592592593,2.0169676339034277,3.1666666666666665,
t1,2026-02-02,2026-02-03 14:00:00,2026-02-03 20:00:00,38.0,0.5559792532943162,0.0,0.4911318049462881,0.9737575279389731,7.555555555555557,1.1121522899537557,2.6,
t1,2026-02-02,2026-02-03 15:00:00,2026-02-03 21:00:00,39.0,0.5783554666495326,0.0,0.5105958942247665,1.0,7.712962962962963,1.017718541054738,2.733333333333333,
t1,2026-02-02,2026-02-03 16:00:00,2026-02-03 22:00:00,40.0,0.5877747887615131,0.0,0.5534074720354363,1.0,7.916666666666667,0.7474235581707617,2.733333333333333,
t1,2026-02-02,2026-02-03 17:00:00,2026-02-03 23:00:00,41.0,0.6030290705807625,0.0,0.5587447429155584,0.9930930984090486,8.092592592592593,0.49404894710941155,2.733333333333333,
t1,2026-02-02,2026-02-03 18:00:00,2026-02-04 00:00:00,42.0,0.5998368013103599,0.0,0.5672743051611739,0.9868350406065327,7.888888888888889,0.7733006059486146,2.3333333333333335,
t1,2026-02-02,2026-02-03 19:00:00,2026-02-04 01:00:00,43.0,0.5751471540834205,0.0,0.5599563636698137,0.9712210496382618,8.064814814814815,1.3657328938883189,2.433333333333333,
t1,2026-02-02,2026-02-03 20:00:00,2026-02-04 02:00:00,44.0,0.5564011673315257,0.0,0.5022961364461248,0.9987787797619514,7.768518518518519,1.8572375388517661,2.733333333333333,
t1,2026-02-02,2026-02-03 21:00:00,2026-02-04 03:00:00,45.0,0.541193076487997,0.0,0.46398981369869385,1.0,7.4907407407407405,2.093923699876705,2.8333333333333335,
t1,2026-02-02,2026-02-03 22:00:00,2026-02-04 04:00:00,46.0,0.5391238069160166,0.0,0.5143159847056545,1.0,7.953703703703705,2.0077652749205908,2.8000000000000003,
t1,2026-02-02,2026-02-03 23:00:00,2026-02-04 05:00:00,47.0,0.5389721952740926,0.0,0.48520768711806833,0.9792672006829646,7.981481481481481,1.87666250026948,2.733333333333333,
t1,2026-02-02,2026-02-04 00:00:00,2026-02-04 06:00:00,48.0,0.5172494346424621,0.0,0.4487032962694773,1.0,7.222222222222222,1.1111111111111112,2.066666666666667,
t1,2026-02-02,2026-02-04 01:00:00,2026-02-04 07:00:00,49.0,0.5248154418701545,0.0,0.5018159957122187,0.9988374698834693,8.027777777777779,0.9638528651609699,2.1999999999999997,
t1,2026-02-02,2026-02-04 02:00:00,2026-02-04 08:00:00,50.0,0.48053582128777633,0.0,0.4622679822269247,0.9554540344231135,8.092592592592593,0.7789343252980789,2.1333333333333333,
t1,2026-02-02,2026-02-04 03:00:00,2026-02-04 09:00:00,51.0,0.44877386409552794,0.0,0.3936936465305085,0.9305602737203014,7.944444444444444,0.7939781071086915,2.2,
t1,2026-02-02,2026-02-04 04:00:00,2026-02-04 10:00:00,52.0,0.3466898473567834,0.0,0.2688745778412279,0.8913822410662091,7.5740740740740735,0.7608948057056202,2.6333333333333333,
t1,2026-02-02,2026-02-04 05:00:00,2026-02-04 11:00:00,53.0,0.24738562786180907,0.0,0.20173324323850744,0.7852351895306968,6.722222222222222,0.8502904369452206,3.3000000000000003,
t1,2026-02-02,2026-02-04 06:00:00,2026-02-04 12:00:00,54.0,0.18623111269598225,0.0,0.1412905659121534,0.7407596950921621,6.712962962962965,1.9068454763776466,3.9333333333333336,
t1,2026-02-02,2026-02-04 07:00:00,2026-02-04 13:00:00,55.0,0.18281288717841493,0.0,0.11127120344619128,0.7039668367259887,5.805555555555556,1.4979409736347515,4.666666666666667,
t1,2026-02-02,2026-02-04 08:00:00,2026-02-04 14:00:00,56.0,0.18028353274869086,0.0,0.12236907651437097,0.6540177357387904,5.5,1.27687165939569,5.466666666666666,
t1,2026-02-02,2026-02-04 09:00:00,2026-02-04 15:00:00,57.0,0.180918085506155,0.0,0.1125380852172033,0.6380246659283307,5.518518518518519,1.1945521053977883,6.2,
t1,2026-02-02,2026-02-04 10:00:00,2026-02-04 16:00:00,58.0,0.16292889777750802,0.0,0.10446011526640293,0.5718806650466811,5.583333333333333,0.9554101956622134,6.133333333333333,
t1,2026-02-02,2026-02-04 11:00:00,2026-02-04 17:00:00,59.0,0.12046475431046476,0.0,0.06555967376631612,0.46900543376681986,5.388888888888889,0.6532208897947138,5.066666666666667,
t1,2026-02-02,2026-02-04 12:00:00,2026-02-04 18:00:00,60.0,0.10020098422768818,0.0,0.03861891883341431,0.2750476838845791,3.4166666666666665,0.4409585518440983,4.466666666666667,
t1,2026-02-02,2026-02-04 13:00:00,2026-02-04 19:00:00,61.0,0.18999214861339214,0.0,0.09989152257816718,0.505044418630383,2.9907407407407405,2.5522825256101607,2.9333333333333336,
t1,2026-02-02,2026-02-04 14:00:00,2026-02-04 20:00:00,62.0,0.30148450372171565,0.0,0.24128945644663918,0.7765102994449911,4.564814814814815,3.1741302557800677,1.8666666666666665,
t1,2026-02-02,2026-02-04 15:00:00,2026-02-04 21:00:00,63.0,0.49010264299520895,0.0,0.46891900723981544,0.9739369004340137,7.083333333333333,3.755345983633216,1.1333333333333333,
t1,2026-02-02,2026-02-04 16:00:00,2026-02-04 22:00:00,64.0,0.6705824876259936,0.09575580936517147,0.6528774582108132,1.0,9.685185185185185,1.9199515597455965,0.6666666666666666,
t1,2026-02-02,2026-02-04 17:00:00,2026-02-04 23:00:00,65.0,0.7897444035090053,0.29545499600083935,0.8060836111900329,0.9839310101209678,10.481481481481481,1.0001285925550216,0.3666666666666667,
t1,2026-02-02,2026-02-04 18:00:00,2026-02-05 00:00:00,66.0,0.8136830450765276,0.45048378549294626,0.8533078302410623,0.9734353465639392,10.722222222222223,0.7010794146735535,0.26666666666666666,
t1,2026-02-02,2026-02-04 19:00:00,2026-02-05 01:00:00,67.0,0.8637855677328815,0.6113998903075064,0.9000679345589571,0.9652231481411003,11.583333333333334,0.6291528696058959,0.3333333333333333,
t1,2026-02-02,2026-02-04 20:00:00,2026-02-05 02:00:00,68.0,0.8790548547748139,0.7122459236448504,0.9254535696801434,0.9591498406390664,12.49074074074074,0.5775729693981738,0.5,
t1,2026-02-02,2026-02-04 21:00:00,2026-02-05 03:00:00,69.0,0.8932416724100452,0.7664777969281136,0.9314806172255818,0.9585336883775357,13.314814814814815,0.39900854493361654,0.6666666666666666,
t1,2026-02-02,2026-02-04 22:00:00,2026-02-05 04:00:00,70.0,0.9000827838230157,0.8089289405569788,0.9326733656989005,0.9584361973377133,14.09259259259259,0.22280017436140687,0.6,
t1,2026-02-02,2026-02-04 23:00:00,2026-02-05 05:00:00,71.0,0.9009192870532857,0.8165742759617336,0.9330957255565663,0.9583377523533954,14.666666666666666,0.708741712342949,0.6,
t1,2026-02-03,2026-02-04 00:00:00,2026-02-04 06:00:00,24.0,0.5401252691759527,0.13473472077683402,0.6143176090428751,1.0,9.416666666666666,0.6735753140545631,2.8000000000000003,
t1,2026-02-03,2026-02-04 01:00:00,2026-02-04 07:00:00,25.0,0.5244466682392065,0.0,0.5284347549818347,1.0,9.564814814814815,2.6825817519634096,2.6333333333333333,
t1,2026-02-03,2026-02-04 02:00:00,2026-02-04 08:00:00,26.0,0.42056834478030636,0.0,0.39759419596796775,1.0,8.407407407407407,3.0360912032148653,2.566666666666667,
t1,2026-02-03,2026-02-04 03:00:00,2026-02-04 09:00:00,27.0,0.38107824917289174,0.0,0.30382197041958964,0.9820296490707745,7.62962962962963,3.4118454391152486,2.866666666666667,
t1,2026-02-03,2026-02-04 04:00:00,2026-02-04 10:00:00,28.0,0.27058750246332713,0.0,0.1383564420616728,0.8950093428217956,6.75,2.9108407423217937,3.366666666666667,
t1,2026-02-03,2026-02-04 05:00:00,2026-02-04 11:00:00,29.0,0.2559993246191757,0.0,0.1592784295622079,0.8119968554340107,5.518518518518519,3.1630502416616344,3.7999999999999994,
t1,2026-02-03,2026-02-04 06:00:00,2026-02-04 12:00:00,30.0,0.21559379065094192,0.0,0.11771137408719938,0.7502466924222154,5.453703703703703,2.431203617306988,4.333333333333333,
t1,2026-02-03,2026-02-04 07:00:00,2026-02-04 13:00:00,31.0,0.18377953124476593,0.0,0.10172749427674314,0.6382126003010502,4.87962962962963,2.217413779228577,5.033333333333334,
t1,2026-02-03,2026-02-04 08:00:00,2026-02-04 14:00:00,32.0,0.16469400803428574,0.0,0.09933322365782765,0.6200028497811083,4.814814814814816,2.4743020797576447,5.8999999999999995,
t1,2026-02-03,2026-02-04 09:00:00,2026-02-04 15:00:00,33.0,0.1589294382233854,0.0,0.09574419888316647,0.5597853936533355,4.814814814814815,2.7619456224551517,6.466666666666666,
t1,2026-02-03,2026-02-04 10:00:00,2026-02-04 16:00:00,34.0,0.14242993256296144,0.0,0.06495261051992492,0.5382378030714452,4.777777777777778,2.7768053853570924,6.166666666666667,
t1,2026-02-03,2026-02-04 11:00:00,2026-02-04 17:00:00,35.0,0.13996464081484505,0.0,0.09578166358386389,0.4707732356100135,4.268518518518518,3.2315876030542623,5.3,
t1,2026-02-03,2026-02-04 12:00:00,2026-02-04 18:00:00,36.0,0.13731653539003413,0.0,0.0789597148552572,0.3620122745909054,4.231481481481482,1.1153852976168899,4.2,
t1,2026-02-03,2026-02-04 13:00:00,2026-02-04 19:00:00,37.0,0.2693414996334677,0.0,0.13669811985100172,0.6791342869147681,3.574074074074074,4.773603904670257,2.6333333333333333,
t1,2026-02-03,2026-02-04 14:00:00,2026-02-04 20:00:00,38.0,0.47677532409313594,0.0,0.35586911919030023,0.9641369466970773,5.87962962962963,4.181209189704079,1.6666666666666667,
t1,2026-02-03,2026-02-04 15:00:00,2026-02-04 21:00:00,39.0,0.5839161851643874,0.03219401457306326,0.5735414160055505,1.0,8.361111111111112,2.896890627663043,0.8000000000000002,
t1,2026-02-03,2026-02-04 16:00:00,2026-02-04 22:00:00,40.0,0.7420950308889933,0.17011955803430434,0.7391683145491488,1.0,10.268518518518519,1.4156677669345477,0.43333333333333335,
t1,2026-02-03,2026-02-04 17:00:00,2026-02-04 23:00:00,41.0,0.8294472145696015,0.3977357782114514,0.8416788265238601,0.9870758621891732,11.055555555555557,1.0456405680399286,0.3666666666666667,
t1,2026-02-03,2026-02-04 18:00:00,2026-02-05 00:00:00,42.0,0.8466727816658993,0.5952822042362704,0.885846446086612,0.9816414007758986,11.564814814814815,1.073794663529237,0.26666666666666666,
t1,2026-02-03,2026-02-04 19:00:00,2026-02-05 01:00:00,43.0,0.8975828479874778,0.6758420288152327,0.9364611000287771,0.9715436715956081,12.416666666666666,1.0107447443700146,0.3,
t1,2026-02-03,2026-02-04 20:00:00,2026-02-05 02:00:00,44.0,0.9020567349764885,0.7804377309169233,0.9449659332321071,0.9706940369823088,13.601851851851853,0.7506855577299745,0.5,
t1,2026-02-03,2026-02-04 21:00:00,2026-02-05 03:00:00,45.0,0.9108649309301848,0.8331225557473045,0.9452115935281237,0.9708073770066609,14.25,0.8282250842153096,0.6,
t1,2026-02-03,2026-02-04 22:00:00,2026-02-05 04:00:00,46.0,0.9129969303627159,0.83516803390851,0.9454245513266978,0.9707612066552875,14.685185185185185,0.5933877766671151,0.5666666666666668,
t1,2026-02-03,2026-02-04 23:00:00,2026-02-05 05:00:00,47.0,0.9133469018060629,0.838021988369392,0.9454245513266978,0.9707612066552875,15.148148148148147,0.8855550908498248,0.6666666666666666,
t1,2026-02-03,2026-02-05 00:00:00,2026-02-05 06:00:00,48.0,0.9128959089417106,0.8143610776733496,0.9454245513266978,0.9707662387316153,15.620370370370372,1.643903189203443,0.5333333333333333,
t1,2026-02-03,2026-02-05 01:00:00,2026-02-05 07:00:00,49.0,0.9155252037210972,0.8090248944488669,0.9454245513266978,0.9707662387316153,15.759259259259261,1.442395270106755,0.4333333333333333,
t1,2026-02-03,2026-02-05 02:00:00,2026-02-05 08:00:00,50.0,0.9137284080423175,0.7822775035695446,0.9454245513266978,0.9707662387316153,16.287037037037038,1.876251297145761,0.3,
t1,2026-02-03,2026-02-05 03:00:00,2026-02-05 09:00:00,51.0,0.9157629902857859,0.7536857537668489,0.9454519111171183,0.9707600753184761,16.759259259259263,2.363941658461363,0.7666666666666666,
t1,2026-02-03,2026-02-05 04:00:00,2026-02-05 10:00:00,52.0,0.9164553172145794,0.7901263641455191,0.9454519111171183,0.9707453543459896,16.990740740740744,2.7930598145353107,2.3000000000000003,
t1,2026-02-03,2026-02-05 05:00:00,2026-02-05 11:00:00,53.0,0.9173146937242638,0.7837015057055372,0.9454519111171183,0.9707450624876958,17.064814814814813,2.9305665262213467,3.8333333333333335,
t1,2026-02-03,2026-02-05 06:00:00,2026-02-05 12:00:00,54.0,0.9232884378000188,0.8053074272320373,0.9454519111171183,0.9707450624876958,16.74074074074074,2.492323605540122,4.966666666666666,
t1,2026-02-03,2026-02-05 07:00:00,2026-02-05 13:00:00,55.0,0.9206521383982411,0.7883674643031293,0.9454519111171183,0.9707450624876958,16.787037037037038,2.8268353228277783,5.866666666666667,
t1,2026-02-03,2026-02-05 08:00:00,2026-02-05 14:00:00,56.0,0.9290887002234791,0.7671985950400945,0.9454519111171183,0.9707912265099656,16.250000000000004,2.7660865076676906,6.5,
t1,2026-02-03,2026-02-05 09:00:00,2026-02-05 15:00:00,57.0,0.9153651931365424,0.7261508648164711,0.9456543055433106,0.970674066098324,15.935185185185185,2.945536135845563,6.933333333333333,
t1,2026-02-03,2026-02-05 10:00:00,2026-02-05 16:00:00,58.0,0.9084080970732824,0.6634454677937994,0.9459687603148835,0.9706227634121775,15.583333333333334,2.8593576072128384,6.766666666666666,
t1,2026-02-03,2026-02-05 11:00:00,2026-02-05 17:00:00,59.0,0.9111423349951103,0.6056754060120739,0.9411568149247911,0.9713796342543399,15.046296296296298,2.75467242419295,6.033333333333334,
t1,2026-02-03,2026-02-05 12:00:00,2026-02-05 18:00:00,60.0,0.878979307676402,0.6179928474224963,0.9304503270570563,0.9729265970629869,13.90740740740741,2.06796802914052,4.933333333333334,
t1,2026-02-03,2026-02-05 13:00:00,2026-02-05 19:00:00,61.0,0.844765067289272,0.5500140213324163,0.8951975071630089,0.9776075937306639,12.805555555555557,1.5030832509409655,4.1000000000000005,
t1,2026-02-03,2026-02-05 14:00:00,2026-02-05 20:00:00,62.0,0.8228895990607664,0.4488660294864881,0.8953761526739443,0.9757585908385934,11.703703703703704,1.1332289349156424,3.5,
t1,2026-02-03,2026-02-05 15:00:00,2026-02-05 21:00:00,63.0,0.7572783098849354,0.4172700174003128,0.8505286932131897,0.9845870261621091,11.037037037037038,1.252261329041983,2.733333333333333,
t1,2026-02-03,2026-02-05 16:00:00,2026-02-05 22:00:00,64.0,0.6972306374448286,0.3700935945864014,0.7900344331741183,0.9961701031614622,10.740740740740742,1.191965558648452,2.2333333333333334,
t1,2026-02-03,2026-02-05 17:00:00,2026-02-05 23:00:00,65.0,0.6521720175705294,0.29751552292431627,0.7264687642204353,1.0,10.342592592592593,0.9247677942332488,1.9333333333333333,
t1,2026-02-03,2026-02-05 18:00:00,2026-02-06 00:00:00,66.0,0.6484812876618375,0.28756958063455734,0.6995836004962156,1.0,10.481481481481483,0.5894738534221113,1.8333333333333333,
t1,2026-02-03,2026-02-05 19:00:00,2026-02-06 01:00:00,67.0,0.630878317263655,0.24834117690875246,0.6473256903173927,0.9983445335661874,10.39814814814815,0.5395852697901291,1.8,
t1,2026-02-03,2026-02-05 20:00:00,2026-02-06 02:00:00,68.0,0.5698219507282895,0.1841864271339801,0.5436028548168522,0.9876726837831609,10.018518518518519,0.7382481209362095,1.7666666666666666,
t1,2026-02-03,2026-02-05 21:00:00,2026-02-06 03:00:00,69.0,0.40406611439477497,0.10543582691594044,0.3849249959569826,0.9438103734523525,9.425925925925926,0.6703217702866032,1.7333333333333334,
t1,2026-02-03,2026-02-05 22:00:00,2026-02-06 04:00:00,70.0,0.3237548557738016,0.023738451619667006,0.22389226896900777,0.9103527343534612,8.49074074074074,0.042431256434776535,1.3,
t1,2026-02-03,2026-02-05 23:00:00,2026-02-06 05:00:00,71.0,0.28020910742493427,0.0,0.1399886963579139,0.9136550957225317,7.166666666666668,0.8069910581296641,0.8333333333333334,
t1,2026-02-04,2026-02-05 00:00:00,2026-02-05 06:00:00,24.0,0.9121566072972661,0.7953808356553609,0.9445685040155843,0.9682838634701753,16.055555555555557,1.9722222222222223,0.5666666666666667,
t1,2026-02-04,2026-02-05 01:00:00,2026-02-05 07:00:00,25.0,0.9143126229109049,0.7520634391484528,0.9445685040155843,0.9682821445537393,16.84259259259259,2.6447790015572563,0.6,
t1,2026-02-04,2026-02-05 02:00:00,2026-02-05 08:00:00,26.0,0.9022517525728553,0.7278003548785765,0.9445685040155843,0.9682753470465523,17.26851851851852,2.8725947175894193,0.5333333333333333,
t1,2026-02-04,2026-02-05 03:00:00,2026-02-05 09:00:00,27.0,0.9037315008660108,0.7826020783603758,0.9445958638060049,0.9682713794249596,17.305555555555557,3.156049452741219,1.0333333333333332,
t1,2026-02-04,2026-02-05 04:00:00,2026-02-05 10:00:00,28.0,0.9082987151803418,0.789313613211619,0.9445958638060049,0.9682657012422102,17.09259259259259,3.3925678270161903,2.533333333333333,
t1,2026-02-04,2026-02-05 05:00:00,2026-02-05 11:00:00,29.0,0.9165304041071831,0.7955555201925567,0.9445958638060049,0.968265802598998,16.39814814814815,2.9664187023573514,3.9333333333333336,
t1,2026-02-04,2026-02-05 06:00:00,2026-02-05 12:00:00,30.0,0.9164980019154674,0.7955555201925567,0.9445958638060049,0.968265802598998,16.39814814814815,3.171333468287148,5.0,
t1,2026-02-04,2026-02-05 07:00:00,2026-02-05 13:00:00,31.0,0.9203625315027071,0.8046623967369704,0.9445958638060049,0.9683081081250582,16.0,3.0373193184081417,5.833333333333333,
t1,2026-02-04,2026-02-05 08:00:00,2026-02-05 14:00:00,32.0,0.9149786607044624,0.7403936467047048,0.9447982582321972,0.968212351330988,15.620370370370372,2.8811773856484475,6.533333333333334,
t1,2026-02-04,2026-02-05 09:00:00,2026-02-05 15:00:00,33.0,0.9200449182491365,0.7067811936501354,0.9449469202027456,0.9681830774963904,15.25925925925926,2.6825817519634096,6.866666666666667,
t1,2026-02-04,2026-02-05 10:00:00,2026-02-05 16:00:00,34.0,0.9094443052854969,0.6472819894726103,0.9415290713953411,0.9682839827659546,14.731481481481481,2.7434452372058233,6.633333333333333,
t1,2026-02-04,2026-02-05 11:00:00,2026-02-05 17:00:00,35.0,0.8487566347551448,0.6014576869046927,0.9086391399421889,0.9708195187472642,13.861111111111109,2.577652056321176,5.766666666666667,
t1,2026-02-04,2026-02-05 12:00:00,2026-02-05 18:00:00,36.0,0.8416275458811836,0.5438845339929899,0.8992805543195599,0.9711926310448815,12.138888888888888,1.2536982329329731,4.333333333333333,
t1,2026-02-04,2026-02-05 13:00:00,2026-02-05 19:00:00,37.0,0.808354117378658,0.48559134398673803,0.8795097987748024,0.9710193067912094,11.518518518518519,0.7828866601454811,3.266666666666667,
t1,2026-02-04,2026-02-05 14:00:00,2026-02-05 20:00:00,38.0,0.7745486151019815,0.47146909481156957,0.8765964709509104,0.9711488597115513,11.203703703703704,0.8811877039242698,2.5,
t1,2026-02-04,2026-02-05 15:00:00,2026-02-05 21:00:00,39.0,0.7440649516569209,0.4599017909605146,0.8376699302112504,0.9756734892404806,10.879629629629632,0.5985665318108876,2.0666666666666664,
t1,2026-02-04,2026-02-05 16:00:00,2026-02-05 22:00:00,40.0,0.7120302110212907,0.4377326718602209,0.8195205783615862,0.9777130510452285,10.870370370370372,0.7245333392403566,1.8999999999999997,
t1,2026-02-04,2026-02-05 17:00:00,2026-02-05 23:00:00,41.0,0.682898307449689,0.42199065974244127,0.7589176804603973,0.9832626823825981,10.694444444444445,0.409192218407118,1.9666666666666668,
t1,2026-02-04,2026-02-05 18:00:00,2026-02-06 00:00:00,42.0,0.6489654296946501,0.3476825039773176,0.7128980176764644,0.9654072308092213,10.398148148148147,0.331398706818023,1.6333333333333335,
t1,2026-02-04,2026-02-05 19:00:00,2026-02-06 01:00:00,43.0,0.6417767416524071,0.33531695060655664,0.6830287470016085,0.9607113995856696,10.314814814814815,0.34731480247242635,1.5,
t1,2026-02-04,2026-02-05 20:00:00,2026-02-06 02:00:00,44.0,0.6174158033057812,0.23004227352702294,0.624646249758068,0.9643211871588353,10.111111111111112,0.4672945511461314,1.5666666666666667,
t1,2026-02-04,2026-02-05 21:00:00,2026-02-06 03:00:00,45.0,0.5360711624561215,0.12990191506641635,0.4970001787467557,0.9597342526144571,9.907407407407407,0.5214040083444851,1.4000000000000001,
t1,2026-02-04,2026-02-05 22:00:00,2026-02-06 04:00:00,46.0,0.4280752349449193,0.06173467963411661,0.3364041416478655,0.9210661425476149,9.824074074074074,0.8166540689378561,1.1333333333333333,
t1,2026-02-04,2026-02-05 23:00:00,2026-02-06 05:00:00,47.0,0.3118723294540849,0.0,0.1442181932128318,0.7827747759784424,9.046296296296296,1.1467658943572163,0.8666666666666667,
t1,2026-02-04,2026-02-06 00:00:00,2026-02-06 06:00:00,48.0,0.15346705954361217,0.0,0.04422807408789926,0.4751292005594642,4.490740740740741,1.0961961916258325,0.7666666666666666,
t1,2026-02-04,2026-02-06 01:00:00,2026-02-06 07:00:00,49.0,0.1292333009095239,0.0,0.039465285814049234,0.37913187358606476,2.175925925925926,1.5116148397883349,0.3333333333333333,
t1,2026-02-04,2026-02-06 02:00:00,2026-02-06 08:00:00,50.0,0.14949985327076468,0.0,0.06841079396089585,0.49420518510523775,3.092592592592593,1.0032098689468039,0.5333333333333333,
t1,2026-02-04,2026-02-06 03:00:00,2026-02-06 09:00:00,51.0,0.2820648705460991,0.0,0.20677682514605383,0.7282885184547754,4.333333333333333,2.9825883613622137,1.4666666666666668,
t1,2026-02-04,2026-02-06 04:00:00,2026-02-06 10:00:00,52.0,0.43817901643995577,0.0,0.34929520996935676,0.8182862900561495,5.055555555555556,3.732676033406914,3.433333333333333,
t1,2026-02-04,2026-02-06 05:00:00,2026-02-06 11:00:00,53.0,0.5509125357061849,0.026255492436708938,0.451249200906804,0.9759473766908052,5.9259259259259265,5.039759612792312,5.5,
t1,2026-02-04,2026-02-06 06:00:00,2026-02-06 12:00:00,54.0,0.6921607391535797,0.09638001385288686,0.6007172959376085,0.9908815238683116,9.444444444444445,6.004884842801621,6.533333333333332,
t1,2026-02-04,2026-02-06 07:00:00,2026-02-06 13:00:00,55.0,0.80557715081198,0.24782290772286952,0.8149685959807316,0.976859796272685,10.5,5.208018509003541,7.0,
t1,2026-02-04,2026-02-06 08:00:00,2026-02-06 14:00:00,56.0,0.8420764241304488,0.4801324716683356,0.8870794265250119,0.9721475566066214,12.351851851851853,4.006777950838442,7.066666666666666,
t1,2026-02-04,2026-02-06 09:00:00,2026-02-06 15:00:00,57.0,0.9086753005947298,0.7852418664925672,0.9418117353337421,0.9684617154585416,14.481481481481483,1.223904566063579,6.633333333333333,
t1,2026-02-04,2026-02-06 10:00:00,2026-02-06 16:00:00,58.0,0.9099869908613628,0.8558698962264055,0.9443216657196577,0.968327583611932,15.555555555555557,0.7642675828998673,5.766666666666667,
t1,2026-02-04,2026-02-06 11:00:00,2026-02-06 17:00:00,59.0,0.9101269596341098,0.8550986921256505,0.9445685040155843,0.9682800978982096,15.731481481481483,0.9978113910035612,4.666666666666667,
t1,2026-02-04,2026-02-06 12:00:00,2026-02-06 18:00:00,60.0,0.9123548277279198,0.8575404285613685,0.9445685040155843,0.9682822597142445,16.34259259259259,0.39707003041465905,4.0,
t1,2026-02-04,2026-02-06 13:00:00,2026-02-06 19:00:00,61.0,0.914370368257268,0.8575404285613685,0.9445685040155843,0.9682822591886896,16.111111111111114,0.5299662230094142,3.5,
t1,2026-02-04,2026-02-06 14:00:00,2026-02-06 20:00:00,62.0,0.9186591895908374,0.8535141758726651,0.9445538271278091,0.968283489306124,15.185185185185185,0.5789073715681702,3.1,
t1,2026-02-04,2026-02-06 15:00:00,2026-02-06 21:00:00,63.0,0.9191651155927031,0.8623035435246262,0.9446023845129369,0.9682638036567365,14.583333333333334,0.9554101956622131,2.766666666666667,
t1,2026-02-04,2026-02-06 16:00:00,2026-02-06 22:00:00,64.0,0.9188494271785541,0.8520473707835546,0.9446023845129369,0.9682831649913707,14.148148148148147,0.9703686033345533,2.3000000000000003,
t1,2026-02-04,2026-02-06 17:00:00,2026-02-06 23:00:00,65.0,0.9097738427590082,0.8277102065476251,0.9408553531630715,0.9684579008067234,13.990740740740742,0.8912006974456274,1.8333333333333333,
t1,2026-02-04,2026-02-06 18:00:00,2026-02-07 00:00:00,66.0,0.8995927014692249,0.7424044179787221,0.9232104856031265,0.9698377418379533,12.462962962962962,1.8644938853639805,1.6333333333333335,
t1,2026-02-04,2026-02-06 19:00:00,2026-02-07 01:00:00,67.0,0.8492706739896911,0.6337269919662001,0.8909563218958026,0.9748613004975398,12.00925925925926,1.7341284975717732,1.6000000000000003,
t1,2026-02-04,2026-02-06 20:00:00,2026-02-07 02:00:00,68.0,0.7489682520578023,0.448098817155192,0.8159037364298014,0.962106747080391,11.194444444444445,2.05499241535352,1.4000000000000001,
t1,2026-02-04,2026-02-06 21:00:00,2026-02-07 03:00:00,69.0,0.6352916558725074,0.23504403453222023,0.5517209054259552,0.9049204264096997,9.953703703703704,1.0909042196549181,1.2666666666666668,
t1,2026-02-04,2026-02-06 22:00:00,2026-02-07 04:00:00,70.0,0.4823905519499181,0.14138153646541585,0.4124557578809933,0.8884355617372213,8.527777777777779,0.9910868208284047,0.9666666666666667,
t1,2026-02-04,2026-02-06 23:00:00,2026-02-07 05:00:00,71.0,0.4608429346538246,0.052733353020547824,0.3824481611823527,0.8888253099476184,7.398148148148148,1.9409359881995247,0.7000000000000001,
t1,2026-02-05,2026-02-06 00:00:00,2026-02-06 06:00:00,24.0,0.18297805226077293,0.0,0.08747695585790077,0.5333561913767577,6.62962962962963,3.524203496971457,0.10000000000000002,
t1,2026-02-05,2026-02-06 01:00:00,2026-02-06 07:00:00,25.0,0.09664640794478614,0.0,0.014626476218588067,0.35604493918499364,4.685185185185186,3.1808082545578533,-0.10000000000000002,
t1,2026-02-05,2026-02-06 02:00:00,2026-02-06 08:00:00,26.0,0.06267183495156396,0.0,0.02269718306694118,0.304956165363675,2.675925925925926,3.116232557078216,-0.20000000000000004,
t1,2026-02-05,2026-02-06 03:00:00,2026-02-06 09:00:00,27.0,0.1169091335005773,0.0,0.048644713531189945,0.35421174292386237,4.101851851851852,0.339450051478211,0.2666666666666666,
t1,2026-02-05,2026-02-06 04:00:00,2026-02-06 10:00:00,28.0,0.1891585485108944,0.0,0.07448445911885188,0.5459488050591589,4.1944444444444455,0.8953756367381223,1.9333333333333333,
t1,2026-02-05,2026-02-06 05:00:00,2026-02-06 11:00:00,29.0,0.4140594931358237,0.011117605249239326,0.3329506017555834,0.8294419858304501,4.018518518518519,2.334876033226385,3.633333333333333,
t1,2026-02-05,2026-02-06 06:00:00,2026-02-06 12:00:00,30.0,0.5799531907123673,0.041090235575487466,0.5031411043502036,0.9759996389341195,6.972222222222222,2.9028774570870546,5.233333333333333,
t1,2026-02-05,2026-02-06 07:00:00,2026-02-06 13:00:00,31.0,0.642258709360132,0.16638741406954827,0.6493743773994567,0.9906871658392037,10.018518518518519,3.58067659192604,6.3999999999999995,
t1,2026-02-05,2026-02-06 08:00:00,2026-02-06 14:00:00,32.0,0.7991641343344928,0.4684007340231815,0.8874802333521198,0.9784610581473532,13.324074074074074,3.0712140868194435,5.533333333333334,
t1,2026-02-05,2026-02-06 09:00:00,2026-02-06 15:00:00,33.0,0.9036883477553928,0.7066781624692713,0.9447846409318355,0.9728549582569603,14.25,1.9774968589508541,5.033333333333334,
t1,2026-02-05,2026-02-06 10:00:00,2026-02-06 16:00:00,34.0,0.91272805044702,0.850817677855086,0.9482989136754422,0.9724966273417428,14.703703703703704,0.9305901043890548,4.566666666666666,
t1,2026-02-05,2026-02-06 11:00:00,2026-02-06 17:00:00,35.0,0.9134456408356371,0.8511046338113418,0.9474750577330733,0.9725605303477272,15.861111111111112,0.48828877309019336,4.266666666666667,
t1,2026-02-05,2026-02-06 12:00:00,2026-02-06 18:00:00,36.0,0.9128346250799724,0.8662919653870154,0.9483135905632174,0.9724755867111883,16.89814814814815,0.5280213862734546,3.6666666666666665,
t1,2026-02-05,2026-02-06 13:00:00,2026-02-06 19:00:00,37.0,0.9200686279146126,0.8584901170663033,0.9483135905632174,0.972475587246658,16.990740740740744,0.5619996631664261,3.133333333333333,
t1,2026-02-05,2026-02-06 14:00:00,2026-02-06 20:00:00,38.0,0.9236276785250913,0.8596437007269935,0.9483135905632174,0.9724755867111883,16.462962962962965,0.7372021962727041,2.533333333333333,
t1,2026-02-05,2026-02-06 15:00:00,2026-02-06 21:00:00,39.0,0.9219323776971073,0.8490910697426213,0.9475089382304258,0.9725664992556082,15.685185185185185,0.23295825232239065,2.066666666666667,
t1,2026-02-05,2026-02-06 16:00:00,2026-02-06 22:00:00,40.0,0.9137302600926058,0.7876658004440205,0.9466612552147144,0.9727108491428115,14.268518518518519,0.7460458177216184,1.7,
t1,2026-02-05,2026-02-06 17:00:00,2026-02-06 23:00:00,41.0,0.887776360484881,0.6210497110413857,0.9163338612927415,0.975350894052298,12.962962962962964,0.21032993873334435,1.5,
t1,2026-02-05,2026-02-06 18:00:00,2026-02-07 00:00:00,42.0,0.8152849714825293,0.494302044339227,0.8642275817217364,0.9783912493564626,12.305555555555557,0.5464532103585003,1.1666666666666667,
t1,2026-02-05,2026-02-06 19:00:00,2026-02-07 01:00:00,43.0,0.7324738007667504,0.3910359433463218,0.7645193544148058,0.9729263833682644,11.555555555555555,0.9658521472618724,0.9,
t1,2026-02-05,2026-02-06 20:00:00,2026-02-07 02:00:00,44.0,0.5685203856043756,0.22908376966563165,0.6154227748544636,0.9572708466737201,10.425925925925926,0.803797570896692,0.8333333333333334,
t1,2026-02-05,2026-02-06 21:00:00,2026-02-07 03:00:00,45.0,0.43166065771587914,0.08360530229055124,0.4209611334004803,0.8731813575368312,9.00925925925926,1.0993591474033515,0.6,
t1,2026-02-05,2026-02-06 22:00:00,2026-02-07 04:00:00,46.0,0.3272919603591606,0.0,0.23620828048698603,0.8332486999442934,7.601851851851852,1.6801154918170431,0.3,
t1,2026-02-05,2026-02-06 23:00:00,2026-02-07 05:00:00,47.0,0.31321096425922446,0.0,0.20533065281152438,0.8487208998541089,6.592592592592593,2.7047816217578786,0.09999999999999998,
t1,2026-02-05,2026-02-07 00:00:00,2026-02-07 06:00:00,48.0,0.23924215402113766,0.0,0.12301937657970669,0.7150492401593926,6.546296296296297,1.0585969828109563,0.39999999999999997,
t1,2026-02-05,2026-02-07 01:00:00,2026-02-07 07:00:00,49.0,0.12949051178033272,0.0,0.050389230858504316,0.42261720022185867,4.833333333333333,1.4215601757693321,0.2333333333333333,
t1,2026-02-05,2026-02-07 02:00:00,2026-02-07 08:00:00,50.0,0.06221295206043856,0.0,0.012737838164209061,0.26723295566833816,2.9814814814814814,1.8848677241251068,0.16666666666666666,
t1,2026-02-05,2026-02-07 03:00:00,2026-02-07 09:00:00,51.0,0.08397295983192804,0.0,0.020833893916358297,0.327306150603089,2.240740740740741,0.15795113064103675,0.2333333333333333,
t1,2026-02-05,2026-02-07 04:00:00,2026-02-07 10:00:00,52.0,0.16661628197585956,0.0,0.10859238477024993,0.4995391894888128,3.064814814814815,2.2064253346083675,0.8666666666666667,
t1,2026-02-05,2026-02-07 05:00:00,2026-02-07 11:00:00,53.0,0.22476910928363442,0.0,0.13427795842214327,0.6779757770609709,4.787037037037038,3.583369221755396,1.9333333333333336,
t1,2026-02-05,2026-02-07 06:00:00,2026-02-07 12:00:00,54.0,0.24350468207253542,0.0,0.18424580097304116,0.7956421718917579,5.953703703703703,4.764219565242939,3.266666666666667,
t1,2026-02-05,2026-02-07 07:00:00,2026-02-07 13:00:00,55.0,0.25597993787255796,0.0,0.16027530046886002,0.7812123420813577,6.1759259259259265,3.4079986403328104,3.733333333333333,
t1,2026-02-05,2026-02-07 08:00:00,2026-02-07 14:00:00,56.0,0.2496152839055891,0.0,0.14343060276622605,0.7596969628472428,6.287037037037037,2.3798818139898605,3.966666666666667,
t1,2026-02-05,2026-02-07 09:00:00,2026-02-07 15:00:00,57.0,0.20213476673131825,0.0,0.11339863470805459,0.6905862196201811,5.9444444444444455,2.1094657330737436,4.133333333333334,
t1,2026-02-05,2026-02-07 10:00:00,2026-02-07 16:00:00,58.0,0.1332578775066153,0.0,0.0653691185508642,0.50834734671844,5.12962962962963,1.8470307614506198,3.8666666666666667,
t1,2026-02-05,2026-02-07 11:00:00,2026-02-07 17:00:00,59.0,0.11740461449347567,0.0,0.06025070837843016,0.3749233650858426,4.268518518518519,1.873576277028406,3.2000000000000006,
t1,2026-02-05,2026-02-07 12:00:00,2026-02-07 18:00:00,60.0,0.17309589533754585,0.0,0.07664718405927645,0.46990331979000105,2.7870370370370368,2.0488504254443813,1.8999999999999997,
t1,2026-02-05,2026-02-07 13:00:00,2026-02-07 19:00:00,61.0,0.22360908565538948,0.0,0.12241179053975362,0.5806384204390936,3.5740740740740744,0.9671827060236737,0.8333333333333334,
t1,2026-02-05,2026-02-07 14:00:00,2026-02-07 20:00:00,62.0,0.3789839159242692,0.0,0.2794703287314509,0.9478128099865133,5.592592592592593,3.9452594358876967,0.6333333333333333,
t1,2026-02-05,2026-02-07 15:00:00,2026-02-07 21:00:00,63.0,0.40991045350813515,0.0,0.38896312697592794,0.958112183764052,7.842592592592593,3.1557234566703434,0.36666666666666664,
t1,2026-02-05,2026-02-07 16:00:00,2026-02-07 22:00:00,64.0,0.5317914791668358,0.010240945453936667,0.4550734824713763,0.9699050961224198,8.5,3.4441084065472416,0.033333333333333354,
t1,2026-02-05,2026-02-07 17:00:00,2026-02-07 23:00:00,65.0,0.549546004292651,0.06944598071444613,0.5187507034922993,0.9799630245545806,8.768518518518519,3.3772949825528946,-0.10000000000000002,
t1,2026-02-05,2026-02-07 18:00:00,2026-02-08 00:00:00,66.0,0.5935211786813115,0.14932224389614168,0.5643578606474465,0.9897912976566924,9.120370370370372,3.3326774045994276,-0.39999999999999997,
t1,2026-02-05,2026-02-07 19:00:00,2026-02-08 01:00:00,67.0,0.6405260649250516,0.18728053585065774,0.629022265543918,0.9955480659705871,9.527777777777779,2.8647495743008307,-0.6666666666666666,
t1,2026-02-05,2026-02-07 20:00:00,2026-02-08 02:00:00,68.0,0.7072575525278106,0.3036017688718327,0.6914931912977745,0.9868319972181465,9.962962962962964,2.1304547515870116,-0.8000000000000002,
t1,2026-02-05,2026-02-07 21:00:00,2026-02-08 03:00:00,69.0,0.7246367551204723,0.36108769134240454,0.7252142420816993,0.9915016936366005,10.37962962962963,1.041697530406964,-0.8333333333333334,
t1,2026-02-05,2026-02-07 22:00:00,2026-02-08 04:00:00,70.0,0.7160945299881353,0.32571482216536435,0.7294427436675742,0.9829827626609104,10.194444444444445,0.6309898162000303,-0.8666666666666667,
t1,2026-02-05,2026-02-07 23:00:00,2026-02-08 05:00:00,71.0,0.6970809623957503,0.34053060794943174,0.7159075252962294,0.9752510839886405,9.75925925925926,0.4724944748952982,-0.6666666666666666,
t1,2026-02-06,2026-02-07 00:00:00,2026-02-07 06:00:00,24.0,0.10899750296336877,0.0,0.022108050538569363,0.4156386121395186,5.037037037037037,1.2970566553077738,-0.033333333333333326,
t1,2026-02-06,2026-02-07 01:00:00,2026-02-07 07:00:00,25.0,0.07174161950965707,0.0,0.009076102841610579,0.2641134398929497,3.8333333333333335,1.3143909071467759,-0.1333333333333333,
t1,2026-02-06,2026-02-07 02:00:00,2026-02-07 08:00:00,26.0,0.07460991640692051,0.0,0.00657931762204696,0.21183755036005247,2.1018518518518516,1.3620556057852518,-0.3999999999999999,
t1,2026-02-06,2026-02-07 03:00:00,2026-02-07 09:00:00,27.0,0.13863370136338513,0.0,0.024466151673820862,0.4134828147513551,1.6944444444444446,0.9179284245476836,-0.20000000000000004,
t1,2026-02-06,2026-02-07 04:00:00,2026-02-07 10:00:00,28.0,0.2059280793912669,0.0,0.12384590918479407,0.48987168118380453,2.8333333333333335,1.8132315467075102,0.8000000000000002,
t1,2026-02-06,2026-02-07 05:00:00,2026-02-07 11:00:00,29.0,0.2960090940213773,0.0,0.2095486386370572,0.7607864804494145,5.953703703703703,2.37939543450534,2.033333333333333,
t1,2026-02-06,2026-02-07 06:00:00,2026-02-07 12:00:00,30.0,0.3808698444393139,0.0,0.28908788332495483,0.8944528099283888,7.120370370370369,2.5811420415550796,3.266666666666667,
t1,2026-02-06,2026-02-07 07:00:00,2026-02-07 13:00:00,31.0,0.40754929536489376,0.0212963002200518,0.2874652207635175,0.850227383023586,7.25,1.7803800398846734,3.866666666666667,
t1,2026-02-06,2026-02-07 08:00:00,2026-02-07 14:00:00,32.0,0.2924343017149321,0.024792880022391744,0.19526077532991384,0.7735094212313715,6.768518518518519,1.4636367412333107,3.9666666666666663,
t1,2026-02-06,2026-02-07 09:00:00,2026-02-07 15:00:00,33.0,0.17805404877880823,0.0,0.09241573343392957,0.6348236723411322,5.5740740740740735,1.4066457490692121,3.9333333333333336,
t1,2026-02-06,2026-02-07 10:00:00,2026-02-07 16:00:00,34.0,0.12228183182698135,0.0,0.0651009346097319,0.3247002149514572,4.361111111111111,1.317908462697384,3.5666666666666664,
t1,2026-02-06,2026-02-07 11:00:00,2026-02-07 17:00:00,35.0,0.14368876540760062,0.0,0.0887743368711041,0.41643696899199295,3.1666666666666665,1.2918906615814985,2.966666666666667,
t1,2026-02-06,2026-02-07 12:00:00,2026-02-07 18:00:00,36.0,0.22270879361993887,0.0,0.1422860174405867,0.5759568866817623,3.0462962962962963,2.2581015552328143,1.5666666666666667,
t1,2026-02-06,2026-02-07 13:00:00,2026-02-07 19:00:00,37.0,0.30897780122037927,0.0,0.2235574454756583,0.762475122319727,5.518518518518519,3.103454533443702,0.3,
t1,2026-02-06,2026-02-07 14:00:00,2026-02-07 20:00:00,38.0,0.4835924958550769,0.0,0.4169250731062465,0.9816433127865237,7.018518518518519,2.849265301301662,0.23333333333333336,
t1,2026-02-06,2026-02-07 15:00:00,2026-02-07 21:00:00,39.0,0.6209239421707149,0.048517393578810575,0.5864375612072574,1.0,8.185185185185185,2.238884293718288,3.700743415417188e-17,
t1,2026-02-06,2026-02-07 16:00:00,2026-02-07 22:00:00,40.0,0.7274743142951523,0.16662870505716365,0.6996604306964043,1.0,9.666666666666668,2.4354316168789936,-0.19999999999999998,
t1,2026-02-06,2026-02-07 17:00:00,2026-02-07 23:00:00,41.0,0.8465097111222034,0.37698272276671196,0.8841895025549753,0.9859276101236216,10.805555555555557,2.0224435165852657,-0.3333333333333333,
t1,2026-02-06,2026-02-07 18:00:00,2026-02-08 00:00:00,42.0,0.8877641021355939,0.5986183768943512,0.9150066486177056,0.9814537841212457,12.277777777777779,0.6309898162000296,-0.4666666666666666,
t1,2026-02-06,2026-02-07 19:00:00,2026-02-08 01:00:00,43.0,0.8860956992932889,0.7181250156053767,0.9315980683803989,0.9773211979791236,12.861111111111112,1.0209986638605062,-0.5333333333333333,
t1,2026-02-06,2026-02-07 20:00:00,2026-02-08 02:00:00,44.0,0.851165132070031,0.6304432667107203,0.9079529487006179,0.9791444989947244,12.453703703703704,1.768712419077556,-0.6666666666666666,
t1,2026-02-06,2026-02-07 21:00:00,2026-02-08 03:00:00,45.0,0.8315803894442251,0.5931459644018418,0.8729902316874236,0.9844231156484557,12.083333333333336,1.4452455043698407,-0.8666666666666667,
t1,2026-02-06,2026-02-07 22:00:00,2026-02-08 04:00:00,46.0,0.8041871475141732,0.4790315192517883,0.8518667290712295,0.9923032831323416,11.064814814814815,0.8634972912617968,-0.9333333333333332,
t1,2026-02-06,2026-02-07 23:00:00,2026-02-08 05:00:00,47.0,0.7441968120276563,0.3882814517925565,0.7685708383223798,0.9932858457287123,9.916666666666666,0.6532208897947136,-1.0999999999999999,
t1,2026-02-06,2026-02-08 00:00:00,2026-02-08 06:00:00,48.0,0.642075232800506,0.1874035127324698,0.5867658108874889,0.9757173656960503,9.592592592592593,0.7709688736357824,-0.6999999999999998,
t1,2026-02-06,2026-02-08 01:00:00,2026-02-08 07:00:00,49.0,0.507657165319571,0.09377042937718466,0.4887294939282226,0.9575846448219447,8.62962962962963,0.4659165046447828,-0.9,
t1,2026-02-06,2026-02-08 02:00:00,2026-02-08 08:00:00,50.0,0.41164362557657985,0.0,0.354543403328033,0.931007359105407,8.111111111111112,0.2649831115047075,-0.9333333333333335,
t1,2026-02-06,2026-02-08 03:00:00,2026-02-08 09:00:00,51.0,0.30483733747222513,0.0,0.22887620768092717,0.8490463471212439,7.351851851851852,0.1425444844290801,-0.39999999999999997,
t1,2026-02-06,2026-02-08 04:00:00,2026-02-08 10:00:00,52.0,0.17092164787028288,0.0,0.13378671241397164,0.7406052349976194,6.527777777777779,0.7742977702647972,0.5333333333333333,
t1,2026-02-06,2026-02-08 05:00:00,2026-02-08 11:00:00,53.0,0.10735428570250487,0.0,0.048130083804714466,0.46858249652898737,5.5,1.010744744370014,1.5,
t1,2026-02-06,2026-02-08 06:00:00,2026-02-08 12:00:00,54.0,0.06815716449327602,0.0,0.012083005992674593,0.2808544924603493,2.7314814814814814,1.926371031186422,2.3333333333333335,
t1,2026-02-06,2026-02-08 07:00:00,2026-02-08 13:00:00,55.0,0.07975266846640872,0.0,0.006249362102450737,0.2719800598527737,1.8240740740740744,1.0483428035451268,3.1666666666666665,
t1,2026-02-06,2026-02-08 08:00:00,2026-02-08 14:00:00,56.0,0.14379782922538217,0.0,0.04234053343192426,0.4386871195717058,1.7870370370370372,0.2740490479064582,3.9,
t1,2026-02-06,2026-02-08 09:00:00,2026-02-08 15:00:00,57.0,0.38086802517340784,0.0,0.26306899046217447,0.8273848946511608,3.333333333333334,1.5488446510500724,4.5,
t1,2026-02-06,2026-02-08 10:00:00,2026-02-08 16:00:00,58.0,0.6599152931315965,0.14312676019851006,0.5616204029924865,1.0,6.342592592592593,1.476496241872418,4.5,
t1,2026-02-06,2026-02-08 11:00:00,2026-02-08 17:00:00,59.0,0.8430823843870009,0.3583310610962186,0.8578552127337655,0.9908929817436719,10.027777777777779,1.0352580640880125,3.6666666666666665,
t1,2026-02-06,2026-02-08 12:00:00,2026-02-08 18:00:00,60.0,0.9170297184399951,0.7161298155102261,0.9408771880092631,0.9776438432798645,14.50925925925926,1.3197611705627288,1.7333333333333334,
t1,2026-02-06,2026-02-08 13:00:00,2026-02-08 19:00:00,61.0,0.9390374845727845,0.8293576657993011,0.950379603885527,0.9762831955350214,15.75925925925926,0.7486270011369321,0.5333333333333333,
t1,2026-02-06,2026-02-08 14:00:00,2026-02-08 20:00:00,62.0,0.9356900373025979,0.8259894010461026,0.951370724616188,0.9761179828212889,16.36111111111111,1.1925048852036482,-0.06666666666666667,
t1,2026-02-06,2026-02-08 15:00:00,2026-02-08 21:00:00,63.0,0.9331861462450196,0.8442775502298756,0.9514046051135405,0.9761041523098781,16.89814814814815,1.7778501142690817,-0.5,
t1,2026-02-06,2026-02-08 16:00:00,2026-02-08 22:00:00,64.0,0.9289636334770801,0.8410374304564934,0.9514046051135405,0.9761041523098781,16.768518518518523,2.071509658045188,-0.6333333333333333,
t1,2026-02-06,2026-02-08 17:00:00,2026-02-08 23:00:00,65.0,0.930078557781132,0.8493753526499747,0.9514046051135405,0.9761028295853367,17.037037037037038,2.1731266469923725,-0.7333333333333334,
t1,2026-02-06,2026-02-08 18:00:00,2026-02-09 00:00:00,66.0,0.9298528930533532,0.8268540021434027,0.9514046051135405,0.9760884888391399,17.10185185185185,2.5099083484652325,-0.8666666666666667,
t1,2026-02-06,2026-02-08 19:00:00,2026-02-09 01:00:00,67.0,0.9298528930533532,0.8425546112354773,0.9514046051135405,0.9760885134956141,17.546296296296298,2.2402624221650047,-1.0333333333333334,
t1,2026-02-06,2026-02-08 20:00:00,2026-02-09 02:00:00,68.0,0.9298528930533532,0.8569819586694623,0.9514046051135405,0.9760882322112093,17.962962962962962,1.9309718442728472,-1.2,
t1,2026-02-06,2026-02-08 21:00:00,2026-02-09 03:00:00,69.0,0.9298528930533532,0.8551950851658737,0.9514046051135405,0.9760928528939676,18.38888888888889,1.7495590273333037,-1.366666666666667,
t1,2026-02-06,2026-02-08 22:00:00,2026-02-09 04:00:00,70.0,0.9215178684917135,0.8098663237979863,0.9515731190423803,0.9759858378851717,18.58333333333334,1.7347216662217788,-1.5,
t1,2026-02-06,2026-02-08 23:00:00,2026-02-09 05:00:00,71.0,0.915259284971713,0.781977997080219,0.9518155478723301,0.9759542054759981,18.62962962962963,1.7240879977159842,-1.5666666666666667,
t1,2026-02-07,2026-02-08 00:00:00,2026-02-08 06:00:00,24.0,0.49170796701516584,0.08457948929964615,0.4763192155790994,0.9632297542442547,9.324074074074074,0.5888190035401717,-1.2333333333333334,
t1,2026-02-07,2026-02-08 01:00:00,2026-02-08 07:00:00,25.0,0.4353815061887317,0.0,0.371290735078955,0.9302528190758568,8.194444444444445,0.32749517007087786,-1.3333333333333333,
t1,2026-02-07,2026-02-08 02:00:00,2026-02-08 08:00:00,26.0,0.3110133778180636,0.0,0.22646339943864213,0.8280768939658071,7.324074074074075,0.16743649370393615,-1.1666666666666667,
t1,2026-02-07,2026-02-08 03:00:00,2026-02-08 09:00:00,27.0,0.21956319179094771,0.0,0.11823426520809718,0.6653834773201452,6.361111111111112,0.15466012118972275,-0.7666666666666666,
t1,2026-02-07,2026-02-08 04:00:00,2026-02-08 10:00:00,28.0,0.10295661823963047,0.0,0.043335803501141704,0.4704150847987966,5.5,0.5068968775248517,0.5,
t1,2026-02-07,2026-02-08 05:00:00,2026-02-08 11:00:00,29.0,0.07266064923854076,0.0,0.01599201406002126,0.2957996352394654,4.231481481481482,1.1167680071944237,1.5333333333333334,
t1,2026-02-07,2026-02-08 06:00:00,2026-02-08 12:00:00,30.0,0.05308801097363168,0.0,0.0035772367531451826,0.2304047581799173,2.2962962962962963,1.1987433406312709,2.3666666666666667,
t1,2026-02-07,2026-02-08 07:00:00,2026-02-08 13:00:00,31.0,0.11250583248098778,0.0,0.015695321010531702,0.3284203421628882,1.1574074074074072,0.7159629045267892,3.4000000000000004,
t1,2026-02-07,2026-02-08 08:00:00,2026-02-08 14:00:00,32.0,0.20924058035928816,0.0,0.08036416195126345,0.6806172677127182,2.2222222222222223,1.5562994253146045,4.266666666666667,
t1,2026-02-07,2026-02-08 09:00:00,2026-02-08 15:00:00,33.0,0.541488854892831,0.03306398192800941,0.43691174361794843,0.9574211013995844,5.083333333333334,2.1822799268224835,4.666666666666667,
t1,2026-02-07,2026-02-08 10:00:00,2026-02-08 16:00:00,34.0,0.7141564789748732,0.1317765581479603,0.6827545808281785,1.0,8.425925925925926,2.24404791143295,4.3999999999999995,
t1,2026-02-07,2026-02-08 11:00:00,2026-02-08 17:00:00,35.0,0.862032634595832,0.4686584702873495,0.9108552584728961,0.9757403111826928,12.018518518518519,1.9946559260620575,3.5,
t1,2026-02-07,2026-02-08 12:00:00,2026-02-08 18:00:00,36.0,0.91163794878198,0.6952461421724236,0.940703888954913,0.971847411614234,14.611111111111112,1.2143051663552447,1.8666666666666665,
t1,2026-02-07,2026-02-08 13:00:00,2026-02-08 19:00:00,37.0,0.9331011077768017,0.8163096573435366,0.9454187825530118,0.97124955809368,15.694444444444445,1.1252571722516171,0.8000000000000002,
t1,2026-02-07,2026-02-08 14:00:00,2026-02-08 20:00:00,38.0,0.9332599538799218,0.7854774130079039,0.946111220071975,0.9711037932102177,16.324074074074073,1.8066947972845275,0.10000000000000002,
t1,2026-02-07,2026-02-08 15:00:00,2026-02-08 21:00:00,39.0,0.9253537196670825,0.7889225522924292,0.9461451005693275,0.97109942876448,16.59259259259259,2.0460239470176167,-0.30000000000000004,
t1,2026-02-07,2026-02-08 16:00:00,2026-02-08 22:00:00,40.0,0.9265753766173935,0.8043285535592952,0.9461451005693275,0.9711012325176065,16.972222222222225,2.3228933107943925,-0.5333333333333333,
t1,2026-02-07,2026-02-08 17:00:00,2026-02-08 23:00:00,41.0,0.9248612721636702,0.8158886600378905,0.9461451005693275,0.9710998960509548,17.02777777777778,2.3295273191925014,-0.6,
t1,2026-02-07,2026-02-08 18:00:00,2026-02-09 00:00:00,42.0,0.9245933885091402,0.8507414740514063,0.9461451005693275,0.9710999209635911,17.444444444444446,1.9657562236615707,-0.8999999999999999,
t1,2026-02-07,2026-02-08 19:00:00,2026-02-09 01:00:00,43.0,0.9245933885091402,0.8507414740514063,0.9461451005693275,0.9710854561404948,17.740740740740744,1.9956227820071217,-1.0,
t1,2026-02-07,2026-02-08 20:00:00,2026-02-09 02:00:00,44.0,0.9228124506593334,0.8507414740514063,0.9461451005693275,0.9710878095099534,17.90740740740741,1.8236980247828056,-1.1333333333333335,
t1,2026-02-07,2026-02-08 21:00:00,2026-02-09 03:00:00,45.0,0.9195266892127107,0.829091424196035,0.9461451005693275,0.9711122123049774,18.25925925925926,1.7849969164593937,-1.4000000000000001,
t1,2026-02-07,2026-02-08 22:00:00,2026-02-09 04:00:00,46.0,0.9084806894461662,0.7651929580634509,0.9465560433281172,0.9709454833765723,18.342592592592595,1.8135152187284436,-1.5333333333333332,
t1,2026-02-07,2026-02-08 23:00:00,2026-02-09 05:00:00,47.0,0.8516651068018812,0.6766482051866601,0.9160885105830932,0.9752787606940682,18.35185185185185,1.774592053045576,-1.5333333333333332,
t1,2026-02-07,2026-02-09 00:00:00,2026-02-09 06:00:00,48.0,0.8519638220192725,0.6840714228128492,0.9165667198300474,0.9752107468742361,18.787037037037038,2.007765274920592,-1.5,
t1,2026-02-07,2026-02-09 01:00:00,2026-02-09 07:00:00,49.0,0.8503322432108986,0.676783550961288,0.9160885105830932,0.9752787606940682,18.48148148148148,2.1056825916919992,-1.5,
t1,2026-02-07,2026-02-09 02:00:00,2026-02-09 08:00:00,50.0,0.8464109054369962,0.6664829750258287,0.9160885105830932,0.9752787732199255,18.203703703703706,2.339662931651663,-1.4666666666666668,
t1,2026-02-07,2026-02-09 03:00:00,2026-02-09 09:00:00,51.0,0.8451609296006153,0.67203051250224,0.9161158703735137,0.9752730850247929,17.5462962962963,2.362309064289925,-0.7666666666666666,
t1,2026-02-07,2026-02-09 04:00:00,2026-02-09 10:00:00,52.0,0.845739513717583,0.6852415610434932,0.9161158703735137,0.9752729628085309,17.166666666666668,2.5994123267470384,0.7999999999999999,
t1,2026-02-07,2026-02-09 05:00:00,2026-02-09 11:00:00,53.0,0.8504400318565629,0.6353255673330152,0.9161158703735137,0.9752728874278911,16.833333333333332,3.231189629185061,2.4,
t1,2026-02-07,2026-02-09 06:00:00,2026-02-09 12:00:00,54.0,0.8542131463815913,0.6248557261799886,0.9161158703735137,0.975311031966028,16.055555555555557,3.638464775963336,3.9333333333333336,
t1,2026-02-07,2026-02-09 07:00:00,2026-02-09 13:00:00,55.0,0.856119358928497,0.5709346782682796,0.9161158703735137,0.9753106890979425,15.444444444444443,4.091922184071175,5.066666666666667,
t1,2026-02-07,2026-02-09 08:00:00,2026-02-09 14:00:00,56.0,0.857463197236793,0.5635842029954252,0.9161158703735137,0.9753125217701981,14.703703703703704,3.7747468778408897,6.099999999999999,
t1,2026-02-07,2026-02-09 09:00:00,2026-02-09 15:00:00,57.0,0.8582727219881223,0.5634304754775715,0.9161011934857385,0.9752313380639367,14.175925925925926,3.5252980494489483,6.533333333333334,
t1,2026-02-07,2026-02-09 10:00:00,2026-02-09 16:00:00,58.0,0.8366710202201362,0.6056457387895122,0.9049224010405881,0.97620086609804,13.148148148148147,2.58681565372128,6.233333333333333,
t1,2026-02-07,2026-02-09 11:00:00,2026-02-09 17:00:00,59.0,0.8250758635321059,0.5514792974469109,0.8852274866013834,0.9778551217155038,12.685185185185185,1.8932411732047498,5.466666666666666,
t1,2026-02-07,2026-02-09 12:00:00,2026-02-09 18:00:00,60.0,0.7468903540323261,0.4167764214052051,0.8406847786188848,0.9820806238325085,12.231481481481481,1.5278619505432076,4.333333333333333,
t1,2026-02-07,2026-02-09 13:00:00,2026-02-09 19:00:00,61.0,0.6623623229875212,0.20080719561046778,0.7076730935272829,1.0,11.138888888888891,2.8318351158668817,3.1666666666666665,
t1,2026-02-07,2026-02-09 14:00:00,2026-02-09 20:00:00,62.0,0.5160648901386513,0.05331629767638746,0.5684887539480502,1.0,10.074074074074074,3.532185930632712,2.733333333333333,
t1,2026-02-07,2026-02-09 15:00:00,2026-02-09 21:00:00,63.0,0.39707903828251057,0.0007105236920874614,0.3398938624493395,0.9885286773454854,8.842592592592593,3.670487627532384,2.4000000000000004,
t1,2026-02-07,2026-02-09 16:00:00,2026-02-09 22:00:00,64.0,0.24858996468170572,0.0,0.16995316570160385,0.8851001036956068,7.12037037037037,3.4350603950579197,1.9666666666666668,
t1,2026-02-07,2026-02-09 17:00:00,2026-02-09 23:00:00,65.0,0.2533994162352588,0.0,0.13016851816063782,0.8433469461724192,5.185185185185186,3.5295635608444784,1.2666666666666668,
t1,2026-02-07,2026-02-09 18:00:00,2026-02-10 00:00:00,66.0,0.2531076524624901,0.0,0.10056126855651608,0.7756572976517871,5.305555555555555,1.6841673768026806,0.6333333333333333,
t1,2026-02-07,2026-02-09 19:00:00,2026-02-10 01:00:00,67.0,0.30436364232328195,0.0,0.14193926844664437,0.8163521379901696,5.87962962962963,1.3648851682957603,0.9,
t1,2026-02-07,2026-02-09 20:00:00,2026-02-10 02:00:00,68.0,0.2805401110198724,0.0,0.09487906070082275,0.8765155020878723,6.212962962962965,1.4137588166902963,1.1666666666666667,
t1,2026-02-07,2026-02-09 21:00:00,2026-02-10 03:00:00,69.0,0.2942551070017119,0.0,0.1435459257980907,0.911269280478015,6.842592592592593,1.7726343419577728,1.2333333333333334,
t1,2026-02-07,2026-02-09 22:00:00,2026-02-10 04:00:00,70.0,0.29383603822502324,0.0,0.1997724578463489,0.8367797619819682,7.388888888888889,0.5407756203869944,1.2,
t1,2026-02-07,2026-02-09 23:00:00,2026-02-10 05:00:00,71.0,0.27971623367428294,0.0,0.16494497664636198,0.8385277040319861,7.481481481481482,0.8581190551183449,0.8333333333333334,
t1,2026-02-08,2026-02-09 00:00:00,2026-02-09 06:00:00,24.0,0.8361085312436701,0.6733497944220495,0.9076400425426111,0.9665105343922799,18.092592592592595,1.7691486176338393,-1.633333333333333,
t1,2026-02-08,2026-02-09 01:00:00,2026-02-09 07:00:00,25.0,0.8339654167055325,0.6634595124181073,0.9076400425426111,0.966510571077635,17.35185185185185,1.5768222197689883,-1.6666666666666667,
t1,2026-02-08,2026-02-09 02:00:00,2026-02-09 08:00:00,26.0,0.829946202217339,0.671386601679278,0.9076400425426111,0.9665105716285229,17.037037037037038,1.6947479995247103,-1.633333333333333,
t1,2026-02-08,2026-02-09 03:00:00,2026-02-09 09:00:00,27.0,0.8297004414648073,0.6066369521861752,0.9076674023330317,0.9664481365862096,16.59259259259259,1.9393451654571177,-0.9,
t1,2026-02-08,2026-02-09 04:00:00,2026-02-09 10:00:00,28.0,0.8371022968826428,0.6257369056552002,0.9076674023330317,0.9664481365862096,16.240740740740744,2.10164789351422,0.8333333333333334,
t1,2026-02-08,2026-02-09 05:00:00,2026-02-09 11:00:00,29.0,0.8412853472835562,0.6339315628890121,0.9076674023330317,0.9665048421435715,15.944444444444445,2.887152255796037,2.766666666666667,
t1,2026-02-08,2026-02-09 06:00:00,2026-02-09 12:00:00,30.0,0.8501603831288018,0.6339315628890121,0.9076674023330317,0.9665048421435715,15.472222222222221,3.4961398466252023,4.0,
t1,2026-02-08,2026-02-09 07:00:00,2026-02-09 13:00:00,31.0,0.8498650863128937,0.6319849374776192,0.9076674023330317,0.9665047330188957,15.259259259259261,3.4392134711895292,5.366666666666667,
t1,2026-02-08,2026-02-09 08:00:00,2026-02-09 14:00:00,32.0,0.8536707288707972,0.577441521035403,0.9076674023330317,0.9665051096622769,14.90740740740741,3.1610980927936057,6.233333333333333,
t1,2026-02-08,2026-02-09 09:00:00,2026-02-09 15:00:00,33.0,0.8514163810837194,0.6113732001257245,0.904452681467281,0.9669670920086568,14.15740740740741,2.6273627422615,6.433333333333334,
t1,2026-02-08,2026-02-09 10:00:00,2026-02-09 16:00:00,34.0,0.8240725778664352,0.57394643492225,0.8963847636058229,0.9680344153747207,13.787037037037038,2.857242980315058,6.366666666666667,
t1,2026-02-08,2026-02-09 11:00:00,2026-02-09 17:00:00,35.0,0.7620633248356047,0.4647194147394803,0.8651379926754805,0.9707013209963973,13.296296296296296,1.805626779222002,5.6000000000000005,
t1,2026-02-08,2026-02-09 12:00:00,2026-02-09 18:00:00,36.0,0.7017611754328767,0.3236329897870281,0.7774526280110681,0.9783931821394669,11.675925925925926,1.1971330636217765,3.766666666666667,
t1,2026-02-08,2026-02-09 13:00:00,2026-02-09 19:00:00,37.0,0.509944347621789,0.09745552532574603,0.5528072885211905,0.9947324934744781,10.537037037037038,1.7538171186291651,2.5333333333333337,
t1,2026-02-08,2026-02-09 14:00:00,2026-02-09 20:00:00,38.0,0.39018675364647226,0.06168365901078826,0.3786057118398614,0.9732353404576066,9.092592592592593,2.257759824221414,1.8,
t1,2026-02-08,2026-02-09 15:00:00,2026-02-09 21:00:00,39.0,0.30692770122794155,0.0,0.19634745896878134,0.8912815768558212,7.87037037037037,2.469932356082126,1.4000000000000001,
t1,2026-02-08,2026-02-09 16:00:00,2026-02-09 22:00:00,40.0,0.23000820333562444,0.0,0.13579206936948426,0.7980239658670987,6.6759259259259265,2.9982419402893896,1.4333333333333333,
t1,2026-02-08,2026-02-09 17:00:00,2026-02-09 23:00:00,41.0,0.24294930563072092,0.0,0.12094263306990609,0.7298178428498263,5.768518518518519,3.1643916454188643,1.2,
t1,2026-02-08,2026-02-09 18:00:00,2026-02-10 00:00:00,42.0,0.21260541736991168,0.0,0.11043981662616618,0.621278421472888,4.888888888888889,3.486194111451061,0.6666666666666666,
t1,2026-02-08,2026-02-09 19:00:00,2026-02-10 01:00:00,43.0,0.19587726673780137,0.0,0.09445222271370529,0.5373698030988346,4.407407407407407,2.8449290675123966,0.6333333333333334,
t1,2026-02-08,2026-02-09 20:00:00,2026-02-10 02:00:00,44.0,0.17926544038958203,0.0,0.08289311294092899,0.5634742719103183,4.7592592592592595,1.4762349228104255,0.4000000000000001,
t1,2026-02-08,2026-02-09 21:00:00,2026-02-10 03:00:00,45.0,0.16945260351066038,0.0,0.02934892837158579,0.5725283661558257,5.222222222222222,0.7458734212276422,0.5,
t1,2026-02-08,2026-02-09 22:00:00,2026-02-10 04:00:00,46.0,0.24246232923183825,0.0,0.09180299483717747,0.6826645738309169,5.805555555555556,0.4276334532872407,0.3666666666666667,
t1,2026-02-08,2026-02-09 23:00:00,2026-02-10 05:00:00,47.0,0.1872755039761691,0.0,0.09118823633599035,0.7430502415040786,6.018518518518519,2.1688616611830724,0.2333333333333333,
t1,2026-02-08,2026-02-10 00:00:00,2026-02-10 06:00:00,48.0,0.24838302537856072,0.0,0.19949800766982206,0.8993540123354135,6.333333333333333,3.8301113673651517,0.5,
t1,2026-02-08,2026-02-10 01:00:00,2026-02-10 07:00:00,49.0,0.2881366051383558,0.0,0.16205935461589635,0.9439481610160013,9.324074074074074,4.370419412781959,0.5666666666666667,
t1,2026-02-08,2026-02-10 02:00:00,2026-02-10 08:00:00,50.0,0.31363887223039894,0.0,0.11707293034333287,0.9344607138755611,7.407407407407407,5.197958803238499,0.3,
t1,2026-02-08,2026-02-10 03:00:00,2026-02-10 09:00:00,51.0,0.3936261723666843,0.0,0.23824663208485114,0.9598180842524899,6.981481481481481,3.2832267952885026,1.2,
t1,2026-02-08,2026-02-10 04:00:00,2026-02-10 10:00:00,52.0,0.2618144812687084,0.0,0.14402034082211235,0.8651359543760369,6.62962962962963,2.4786640999063607,2.533333333333333,
t1,2026-02-08,2026-02-10 05:00:00,2026-02-10 11:00:00,53.0,0.26011359867867706,0.0,0.14540448546126242,0.8737368891361471,6.351851851851852,2.768642385436627,4.6000000000000005,
t1,2026-02-08,2026-02-10 06:00:00,2026-02-10 12:00:00,54.0,0.27283356839592904,0.0,0.17420750309467373,0.8128954580266342,5.731481481481482,2.5718582255852067,6.3,
t1,2026-02-08,2026-02-10 07:00:00,2026-02-10 13:00:00,55.0,0.24917232199277545,0.0,0.1717072733096801,0.7509666064001377,6.287037037037037,2.033730481352407,7.8999999999999995,
t1,2026-02-08,2026-02-10 08:00:00,2026-02-10 14:00:00,56.0,0.2829796563884777,0.0,0.22947788938331232,0.7802524242039617,6.879629629629631,0.9334876415650785,8.5,
t1,2026-02-08,2026-02-10 09:00:00,2026-02-10 15:00:00,57.0,0.25164072911152097,0.0,0.20895059303590596,0.7195419442274973,7.472222222222222,2.125862207071943,9.333333333333334,
t1,2026-02-08,2026-02-10 10:00:00,2026-02-10 16:00:00,58.0,0.26185762404699636,0.0,0.16416491025118274,0.7971770504939005,6.972222222222222,2.6488117531647477,8.8,
t1,2026-02-08,2026-02-10 11:00:00,2026-02-10 17:00:00,59.0,0.34678023219095877,0.0,0.23650789440752396,0.8930003039843697,6.472222222222222,3.254033584322885,7.533333333333334,
t1,2026-02-08,2026-02-10 12:00:00,2026-02-10 18:00:00,60.0,0.30864022685967774,0.0,0.18446760744036206,0.8793583902290822,5.055555555555556,2.4745619390355653,5.966666666666666,
t1,2026-02-08,2026-02-10 13:00:00,2026-02-10 19:00:00,61.0,0.28573912670308804,0.0,0.17677968189168888,0.7784633385426417,4.703703703703703,2.7930598145353094,5.133333333333334,
t1,2026-02-08,2026-02-10 14:00:00,2026-02-10 20:00:00,62.0,0.35893458755715324,0.0,0.26860425246831615,0.8764145102012793,6.472222222222224,1.8149329137688486,4.6000000000000005,
t1,2026-02-08,2026-02-10 15:00:00,2026-02-10 21:00:00,63.0,0.5259391826257842,0.0,0.44087186701040615,1.0,7.583333333333335,4.93170956761033,3.9333333333333336,
t1,2026-02-08,2026-02-10 16:00:00,2026-02-10 22:00:00,64.0,0.647867985186448,0.08232808973925676,0.6237202929787822,1.0,8.703703703703704,6.369919503855343,2.8000000000000003,
t1,2026-02-08,2026-02-10 17:00:00,2026-02-10 23:00:00,65.0,0.8098593020813241,0.31139045670666526,0.7935246725338122,0.9816846913901153,10.851851851851853,4.709651022868004,2.3333333333333335,
t1,2026-02-08,2026-02-10 18:00:00,2026-02-11 00:00:00,66.0,0.812236540219603,0.6339005125762225,0.8625463456065219,0.9721250290097065,13.166666666666666,2.182810228541905,2.1,
t1,2026-02-08,2026-02-10 19:00:00,2026-02-11 01:00:00,67.0,0.8461401129478845,0.6731749304487376,0.9067536552386478,0.9666389663006472,14.185185185185185,1.1521361445043075,2.033333333333333,
t1,2026-02-08,2026-02-10 20:00:00,2026-02-11 02:00:00,68.0,0.837323176552398,0.6118206656924524,0.9076628152359534,0.9664019592145768,15.064814814814815,0.4600836388446235,2.033333333333333,
t1,2026-02-08,2026-02-10 21:00:00,2026-02-11 03:00:00,69.0,0.8335960220061014,0.5791320611993717,0.9057413633148949,0.9667314770769193,15.574074074074076,1.9064407834772488,1.8333333333333333,
t1,2026-02-08,2026-02-10 22:00:00,2026-02-11 04:00:00,70.0,0.8321441113632795,0.5900853470568724,0.9020708084989177,0.9672647917270526,14.916666666666666,2.2599232479046174,1.8,
t1,2026-02-08,2026-02-10 23:00:00,2026-02-11 05:00:00,71.0,0.8252859204295905,0.5159618868771625,0.883623124655736,0.9697776604692696,13.620370370370372,2.198718294806703,1.7333333333333334,
t1,2026-02-09,2026-02-10 00:00:00,2026-02-10 06:00:00,24.0,0.20292561176598922,0.0,0.09865817182204319,0.8515622380982947,7.314814814814814,2.405679579387731,0.5,
t1,2026-02-09,2026-02-10 01:00:00,2026-02-10 07:00:00,25.0,0.21501289508136762,0.0,0.148965091195791,0.9232460581950608,4.351851851851852,4.813283232186844,-0.033333333333333326,
t1,2026-02-09,2026-02-10 02:00:00,2026-02-10 08:00:00,26.0,0.27611833704023414,0.0,0.22252875623652263,1.0,8.953703703703704,6.895177088239961,-0.43333333333333335,
t1,2026-02-09,2026-02-10 03:00:00,2026-02-10 09:00:00,27.0,0.3050059598378843,0.0,0.23277569906672935,1.0,8.333333333333334,3.7593504823815933,0.46666666666666673,
t1,2026-02-09,2026-02-10 04:00:00,2026-02-10 10:00:00,28.0,0.38303984405078967,0.0,0.2868242040218807,1.0,8.351851851851853,3.27875848479971,2.1333333333333333,
t1,2026-02-09,2026-02-10 05:00:00,2026-02-10 11:00:00,29.0,0.38291636212595886,0.0,0.36341393001084094,1.0,9.074074074074074,3.3182916795818134,3.8000000000000003,
t1,2026-02-09,2026-02-10 06:00:00,2026-02-10 12:00:00,30.0,0.22760174077906498,0.0,0.17619823178857769,0.8462386052479267,7.268518518518519,2.553340424836234,5.966666666666666,
t1,2026-02-09,2026-02-10 07:00:00,2026-02-10 13:00:00,31.0,0.21610063084778985,0.0,0.1390022173715515,0.7834857554132584,7.231481481481482,1.7261007700342283,7.3999999999999995,
t1,2026-02-09,2026-02-10 08:00:00,2026-02-10 14:00:00,32.0,0.18328291804734215,0.0,0.07942279615317815,0.6625999815739201,5.87962962962963,1.3892592098897076,8.733333333333333,
t1,2026-02-09,2026-02-10 09:00:00,2026-02-10 15:00:00,33.0,0.1432627935678487,0.0,0.06581164311844155,0.4512367808322135,4.62037037037037,2.308788451813275,9.066666666666668,
t1,2026-02-09,2026-02-10 10:00:00,2026-02-10 16:00:00,34.0,0.14689753933779542,0.0,0.032358155045239645,0.5077570398975384,4.203703703703703,1.397013275003133,8.766666666666666,
t1,2026-02-09,2026-02-10 11:00:00,2026-02-10 17:00:00,35.0,0.1214545493546119,0.0,0.02797869915378333,0.48037629023591305,4.074074074074074,1.4546470164224832,7.633333333333333,
t1,2026-02-09,2026-02-10 12:00:00,2026-02-10 18:00:00,36.0,0.16243632183437812,0.0,0.038634660609259325,0.5573931619058511,3.0092592592592595,1.2254796658952092,6.133333333333333,
t1,2026-02-09,2026-02-10 13:00:00,2026-02-10 19:00:00,37.0,0.27712702782498927,0.0,0.1243298980526857,0.7651486756795964,3.157407407407407,1.0564080378276337,5.066666666666666,
t1,2026-02-09,2026-02-10 14:00:00,2026-02-10 20:00:00,38.0,0.4412376637877327,0.0,0.37957619482394483,0.9890033046261533,5.416666666666667,2.163102481547976,4.233333333333333,
t1,2026-02-09,2026-02-10 15:00:00,2026-02-10 21:00:00,39.0,0.6209315322140817,0.0,0.5859697093241578,1.0,7.9444444444444455,4.119267434572666,3.566666666666667,
t1,2026-02-09,2026-02-10 16:00:00,2026-02-10 22:00:00,40.0,0.7652475831789649,0.25073655566312725,0.7394303113245101,1.0,11.027777777777779,2.837007421758201,2.8333333333333335,
t1,2026-02-09,2026-02-10 17:00:00,2026-02-10 23:00:00,41.0,0.8219271336270912,0.5607108198471513,0.8613910874789299,0.9691109821293393,13.222222222222221,1.614699069925958,2.6,
t1,2026-02-09,2026-02-10 18:00:00,2026-02-11 00:00:00,42.0,0.8154118046613421,0.6167064422061593,0.8888642597161939,0.96197673281977,14.203703703703702,1.1311844187843165,2.1666666666666665,
t1,2026-02-09,2026-02-10 19:00:00,2026-02-11 01:00:00,43.0,0.8321896657992738,0.6168758272821278,0.8945442768488784,0.9604009066176409,15.111111111111114,0.07349309197401682,1.9666666666666666,
t1,2026-02-09,2026-02-10 20:00:00,2026-02-11 02:00:00,44.0,0.8170818679352011,0.5736848760363855,0.8944496092407189,0.9603326878755989,15.212962962962962,1.2172668906725312,1.8,
t1,2026-02-09,2026-02-10 21:00:00,2026-02-11 03:00:00,45.0,0.804900858201628,0.50244872469812,0.8736420881540399,0.9660102805265194,14.731481481481481,1.9068454763776475,1.6666666666666667,
t1,2026-02-09,2026-02-10 22:00:00,2026-02-11 04:00:00,46.0,0.7145828094211968,0.2653780981138134,0.7889804186025928,0.9888024955149015,13.90740740740741,2.0318325771084536,1.5,
t1,2026-02-09,2026-02-10 23:00:00,2026-02-11 05:00:00,47.0,0.6250282735173843,0.12964718589602742,0.6871228111447616,1.0,12.768518518518519,2.2533126049159833,1.8333333333333333,
t1,2026-02-09,2026-02-11 00:00:00,2026-02-11 06:00:00,48.0,0.39041089660297656,0.0,0.3655802587928912,0.9610971579418603,10.361111111111112,2.435431616878993,1.3666666666666665,
t1,2026-02-09,2026-02-11 01:00:00,2026-02-11 07:00:00,49.0,0.16568952357552447,0.0,0.037447028794660026,0.7371032287436637,6.583333333333333,3.1241048100531983,1.0999999999999999,
t1,2026-02-09,2026-02-11 02:00:00,2026-02-11 08:00:00,50.0,0.13290480557409495,0.0,0.03539554788652473,0.5332630595893468,3.805555555555556,2.5937662687277983,-0.09999999999999998,
t1,2026-02-09,2026-02-11 03:00:00,2026-02-11 09:00:00,51.0,0.13458587745948286,0.0,0.03519339906671952,0.48525522649300457,3.2685185185185186,1.8975157031290675,0.7666666666666666,
t1,2026-02-09,2026-02-11 04:00:00,2026-02-11 10:00:00,52.0,0.19332998699485648,0.0,0.09965726074522281,0.7485081180067251,3.3333333333333335,1.8010627863830364,3.266666666666667,
t1,2026-02-09,2026-02-11 05:00:00,2026-02-11 11:00:00,53.0,0.3705402071466538,0.0,0.260308827044397,1.0,4.537037037037037,2.023841943925407,6.266666666666667,
t1,2026-02-09,2026-02-11 06:00:00,2026-02-11 12:00:00,54.0,0.5159726951771378,0.0,0.4060636039093086,1.0,9.481481481481483,2.296053601272779,8.933333333333332,
t1,2026-02-09,2026-02-11 07:00:00,2026-02-11 13:00:00,55.0,0.4519793196249251,0.0,0.41875045597590366,1.0,10.15740740740741,5.133280222588808,10.133333333333333,
t1,2026-02-09,2026-02-11 08:00:00,2026-02-11 14:00:00,56.0,0.40945983317025053,0.0,0.36038577698515706,1.0,8.287037037037038,7.532149885192416,10.9,
t1,2026-02-09,2026-02-11 09:00:00,2026-02-11 15:00:00,57.0,0.48667758286773066,0.0,0.38727597815920056,1.0,6.287037037037037,7.010372239049874,10.700000000000001,
t1,2026-02-09,2026-02-11 10:00:00,2026-02-11 16:00:00,58.0,0.6027621766790187,0.0820459196324197,0.585576294269507,1.0,8.740740740740742,0.851801528304217,9.200000000000001,
t1,2026-02-09,2026-02-11 11:00:00,2026-02-11 17:00:00,59.0,0.8200402441360887,0.23867165681132385,0.8112833863726627,0.9909092635597078,9.314814814814815,6.020113748703184,6.666666666666667,
t1,2026-02-09,2026-02-11 12:00:00,2026-02-11 18:00:00,60.0,0.8492759887294314,0.5458050974043679,0.875691852721693,0.9657642217695803,13.435185185185185,4.375977257108692,4.066666666666666,
t1,2026-02-09,2026-02-11 13:00:00,2026-02-11 19:00:00,61.0,0.8640337243130457,0.5417917100571178,0.8804372139437256,0.9645129057509099,13.25925925925926,5.375508397814984,3.4666666666666663,
t1,2026-02-09,2026-02-11 14:00:00,2026-02-11 20:00:00,62.0,0.8744869297757552,0.6656530723072446,0.9218300697290158,0.9531852193000842,13.462962962962964,3.2784054640680544,2.466666666666667,
t1,2026-02-09,2026-02-11 15:00:00,2026-02-11 21:00:00,63.0,0.878865303131991,0.7212885226256787,0.9193742127796373,0.9538083335155544,13.518518518518519,0.1674364937039357,1.7666666666666666,
t1,2026-02-09,2026-02-11 16:00:00,2026-02-11 22:00:00,64.0,0.866584302229376,0.6711306753807906,0.9166182432802338,0.9542433831844335,13.185185185185185,1.6307077662567384,1.4333333333333333,
t1,2026-02-09,2026-02-11 17:00:00,2026-02-11 23:00:00,65.0,0.8599022345303268,0.6142862645594693,0.9143781004901322,0.9544812578597356,12.75,2.027777777777778,1.2666666666666666,
t1,2026-02-09,2026-02-11 18:00:00,2026-02-12 00:00:00,66.0,0.8182315094562155,0.47155303945386906,0.8865868783781055,0.9706286988125675,11.129629629629632,1.963465169859407,1.0666666666666667,
t1,2026-02-09,2026-02-11 19:00:00,2026-02-12 01:00:00,67.0,0.7807441731602038,0.41246979226416325,0.8420163967180052,0.9824950761930773,11.092592592592593,1.5797555418533784,1.0333333333333334,
t1,2026-02-09,2026-02-11 20:00:00,2026-02-12 02:00:00,68.0,0.7350751295407688,0.34531479763949313,0.8136813762635559,0.9883674736674835,10.620370370370368,1.2817972207905348,0.6333333333333333,
t1,2026-02-09,2026-02-11 21:00:00,2026-02-12 03:00:00,69.0,0.6788766483663451,0.27679548528954745,0.6789643952044161,1.0,10.083333333333334,1.9222944751995514,0.3333333333333333,
t1,2026-02-09,2026-02-11 22:00:00,2026-02-12 04:00:00,70.0,0.5978148588664732,0.11679643105214804,0.5755932722174657,1.0,9.50925925925926,1.7865092292897478,0.26666666666666666,
t1,2026-02-09,2026-02-11 23:00:00,2026-02-12 05:00:00,71.0,0.5279395763195174,0.12870661184580534,0.5449966555563425,1.0,9.157407407407407,1.0032098689468039,0.19999999999999998,
t1,2026-02-10,2026-02-11 00:00:00,2026-02-11 06:00:00,24.0,0.30868802268943973,0.0,0.151966700327595,0.8679885553036478,9.166666666666666,0.5471587667664509,1.9666666666666668,
t1,2026-02-10,2026-02-11 01:00:00,2026-02-11 07:00:00,25.0,0.17147622868852144,0.0,0.037260710799250286,0.6831207798018604,4.962962962962963,2.798855218652695,0.8666666666666667,
t1,2026-02-10,2026-02-11 02:00:00,2026-02-11 08:00:00,26.0,0.1221259261076795,0.0,0.04351908127014458,0.4475774953514225,4.194444444444445,2.3896962460003466,0.7999999999999999,
t1,2026-02-10,2026-02-11 03:00:00,2026-02-11 09:00:00,27.0,0.17671961741651887,0.0,0.12582323435245993,0.6395514382220895,4.7592592592592595,3.9162069601506646,1.5666666666666667,
t1,2026-02-10,2026-02-11 04:00:00,2026-02-11 10:00:00,28.0,0.2082969348019398,0.0,0.11632746148267342,0.7456074728625761,4.8240740740740735,3.4552176207272907,3.5999999999999996,
t1,2026-02-10,2026-02-11 05:00:00,2026-02-11 11:00:00,29.0,0.3120786185707136,0.0,0.21326160442033407,1.0,6.527777777777778,3.4695545307683684,6.066666666666666,
t1,2026-02-10,2026-02-11 06:00:00,2026-02-11 12:00:00,30.0,0.44827101627727656,0.0,0.3981843909592098,1.0,8.481481481481481,4.934551067592992,7.966666666666666,
t1,2026-02-10,2026-02-11 07:00:00,2026-02-11 13:00:00,31.0,0.3818692393028792,0.0,0.35058290608183795,1.0,9.25,7.523266380837319,9.066666666666668,
t1,2026-02-10,2026-02-11 08:00:00,2026-02-11 14:00:00,32.0,0.33853478058281067,0.0,0.2442867644434454,0.9840003179587422,7.666666666666667,7.773609994441386,9.9,
t1,2026-02-10,2026-02-11 09:00:00,2026-02-11 15:00:00,33.0,0.33107189787986646,0.0,0.24167292507026086,0.9913746697311805,5.842592592592593,5.953545300582715,9.566666666666666,
t1,2026-02-10,2026-02-11 10:00:00,2026-02-11 16:00:00,34.0,0.5701571479077451,0.0,0.4829153982741904,1.0,7.046296296296298,2.331072537900684,8.833333333333334,
t1,2026-02-10,2026-02-11 11:00:00,2026-02-11 17:00:00,35.0,0.6505827992857227,0.07810591713236503,0.6658748249036761,1.0,8.694444444444445,4.462117639323339,6.333333333333333,
t1,2026-02-10,2026-02-11 12:00:00,2026-02-11 18:00:00,36.0,0.8180588878894851,0.2757405547646965,0.8431061289407016,0.9771616725242915,10.972222222222223,5.087430043199066,4.5,
t1,2026-02-10,2026-02-11 13:00:00,2026-02-11 19:00:00,37.0,0.8369710861837345,0.4199891156232998,0.8879015526142235,0.9568849883709876,13.453703703703704,3.7930993765861762,3.2999999999999994,
t1,2026-02-10,2026-02-11 14:00:00,2026-02-11 20:00:00,38.0,0.8577294263688588,0.5360232502220076,0.9057435174152879,0.9521005322788992,14.509259259259261,2.463049984538974,2.5666666666666664,
t1,2026-02-10,2026-02-11 15:00:00,2026-02-11 21:00:00,39.0,0.7840720017877818,0.4373257690493646,0.8619488423155792,0.9630702794941811,14.129629629629628,2.0196437570397903,1.9666666666666668,
t1,2026-02-10,2026-02-11 16:00:00,2026-02-11 22:00:00,40.0,0.7236913188464232,0.25246726131835906,0.7952234263110873,0.9838532759048655,12.444444444444445,1.7801633300013462,1.6333333333333335,
t1,2026-02-10,2026-02-11 17:00:00,2026-02-11 23:00:00,41.0,0.6717769602659792,0.18284197992612616,0.7177480700103234,1.0,10.870370370370372,1.5677432602442125,1.5999999999999999,
t1,2026-02-10,2026-02-11 18:00:00,2026-02-12 00:00:00,42.0,0.5906871725965133,0.0,0.5620702287164484,1.0,8.527777777777779,1.4690742024641499,1.1,
t1,2026-02-10,2026-02-11 19:00:00,2026-02-12 01:00:00,43.0,0.6092119963280075,0.013893331196328074,0.5743280735915481,1.0,8.685185185185185,1.881179802294207,1.1333333333333333,
t1,2026-02-10,2026-02-11 20:00:00,2026-02-12 02:00:00,44.0,0.5566223022042618,0.0255206067664705,0.5233153952687757,1.0,9.564814814814815,2.6254531256958935,1.0999999999999999,
t1,2026-02-10,2026-02-11 21:00:00,2026-02-12 03:00:00,45.0,0.508691925517585,0.0,0.42549573276839203,1.0,9.120370370370372,2.4200699748411356,0.9666666666666667,
t1,2026-02-10,2026-02-11 22:00:00,2026-02-12 04:00:00,46.0,0.4426355058157035,0.0,0.3817887807968366,0.983518496352352,8.342592592592593,1.6235946756447235,0.9333333333333332,
t1,2026-02-10,2026-02-11 23:00:00,2026-02-12 05:00:00,47.0,0.4376905598351042,0.0,0.3302231802070143,1.0,7.296296296296297,0.04243125643477576,0.9,
t1,2026-02-10,2026-02-12 00:00:00,2026-02-12 06:00:00,48.0,0.3673030197385018,0.0,0.3653610192966513,0.9944539024504255,8.61111111111111,1.1375330683024039,0.3,
t1,2026-02-10,2026-02-12 01:00:00,2026-02-12 07:00:00,49.0,0.21758306860332707,0.0,0.18055337507573727,0.8644055715129542,7.527777777777778,1.5562994253146036,0.13333333333333333,
t1,2026-02-10,2026-02-12 02:00:00,2026-02-12 08:00:00,50.0,0.11267323695656928,0.0,0.03244575768821829,0.712920664301012,6.583333333333333,2.5410214724509497,0.10000000000000002,
t1,2026-02-10,2026-02-12 03:00:00,2026-02-12 09:00:00,51.0,0.08731568641380688,0.0,0.013227462439385398,0.58779150511648,5.527777777777779,2.872415639307493,-0.06666666666666668,
t1,2026-02-10,2026-02-12 04:00:00,2026-02-12 10:00:00,52.0,0.06138190077718759,0.0,0.0,0.44677317321095195,4.5092592592592595,2.500360056376408,0.4000000000000001,
t1,2026-02-10,2026-02-12 05:00:00,2026-02-12 11:00:00,53.0,0.035678099549885996,0.0,0.0,0.34244174583998993,3.7314814814814814,2.9030546562971495,0.8666666666666667,
t1,2026-02-10,2026-02-12 06:00:00,2026-02-12 12:00:00,54.0,0.026485738692476814,0.0,0.0,0.21152350217422025,2.638888888888889,1.9932370223233595,1.7666666666666668,
t1,2026-02-10,2026-02-12 07:00:00,2026-02-12 13:00:00,55.0,0.024050593784204384,0.0,0.0,0.21734088122243944,2.6296296296296298,1.8860954289426055,2.1999999999999997,
t1,2026-02-10,2026-02-12 08:00:00,2026-02-12 14:00:00,56.0,0.024343844573452282,0.0,0.0,0.2143938668869545,2.564814814814815,1.6123877445214994,2.6999999999999997,
t1,2026-02-10,2026-02-12 09:00:00,2026-02-12 15:00:00,57.0,0.03065912515336692,0.0,0.0,0.22914411782252467,2.5740740740740744,0.913434255936187,2.8333333333333335,
t1,2026-02-10,2026-02-12 10:00:00,2026-02-12 16:00:00,58.0,0.08407914494492294,0.0,0.027502495573912704,0.38462509474683365,2.9537037037037037,0.8307057339761809,2.4,
t1,2026-02-10,2026-02-12 11:00:00,2026-02-12 17:00:00,59.0,0.12490471179310103,0.0,0.07670148986386899,0.4838239563650286,3.8888888888888893,1.5041095967423206,1.5999999999999999,
t1,2026-02-10,2026-02-12 12:00:00,2026-02-12 18:00:00,60.0,0.18484750960111268,0.0,0.10713997837162417,0.6110494372216777,5.037037037037037,1.905631139846393,0.5,
t1,2026-02-10,2026-02-12 13:00:00,2026-02-12 19:00:00,61.0,0.2147506974172442,0.0,0.13393525877506662,0.700007433503776,5.4259259259259265,2.706635270145704,0.1666666666666667,
t1,2026-02-10,2026-02-12 14:00:00,2026-02-12 20:00:00,62.0,0.22622972372193242,0.0,0.13784168257147483,0.7247488291352826,5.925925925925927,2.0946605645446326,-0.09999999999999998,
t1,2026-02-10,2026-02-12 15:00:00,2026-02-12 21:00:00,63.0,0.21064692517558656,0.0,0.12598436464376536,0.7661781709334583,6.361111111111111,1.4632852434517694,-0.2333333333333333,
t1,2026-02-10,2026-02-12 16:00:00,2026-02-12 22:00:00,64.0,0.19186410776974502,0.0,0.123886221418581,0.8039544306522679,6.75,1.0485881160098263,-0.5333333333333333,
t1,2026-02-10,2026-02-12 17:00:00,2026-02-12 23:00:00,65.0,0.15714099443065488,0.0,0.08151260836986315,0.7836500351300099,6.7407407407407405,2.03979190821186,-0.7666666666666666,
t1,2026-02-10,2026-02-12 18:00:00,2026-02-13 00:00:00,66.0,0.13799644626955287,0.0,0.056790523048789766,0.7078011389257299,5.537037037037037,2.1581623222208055,-0.23333333333333336,
t1,2026-02-10,2026-02-12 19:00:00,2026-02-13 01:00:00,67.0,0.11473374984763937,0.0,0.039387702621800004,0.5676764773642662,5.342592592592593,2.4520609455432454,-0.6666666666666666,
t1,2026-02-10,2026-02-12 20:00:00,2026-02-13 02:00:00,68.0,0.10489401833049986,0.0,0.010247590715066007,0.5579234807333812,4.601851851851852,2.858862834733232,-1.2999999999999998,
t1,2026-02-10,2026-02-12 21:00:00,2026-02-13 03:00:00,69.0,0.06537160456874086,0.0,0.0,0.42314935072341703,3.6944444444444446,2.7939805225688006,-1.5666666666666667,
t1,2026-02-10,2026-02-12 22:00:00,2026-02-13 04:00:00,70.0,0.05570371474101742,0.0,0.0,0.3451024453573628,3.157407407407407,2.084690915697521,-1.7666666666666666,
t1,2026-02-10,2026-02-12 23:00:00,2026-02-13 05:00:00,71.0,0.025302970751116018,0.0,0.0,0.24243220121839876,2.6666666666666665,2.0367003088692623,-1.9666666666666668,
t1,2026-02-11,2026-02-12 00:00:00,2026-02-12 06:00:00,24.0,0.10587964150032372,0.0,0.039197511071511724,0.4692413179685836,5.222222222222222,1.6459358852250605,0.4666666666666666,
t1,2026-02-11,2026-02-12 01:00:00,2026-02-12 07:00:00,25.0,0.05256583754190871,0.0,0.0,0.3583993407802915,4.833333333333333,1.8291197370171477,0.3333333333333333,
t1,2026-02-11,2026-02-12 02:00:00,2026-02-12 08:00:00,26.0,0.022774725498098662,0.0,0.0,0.23324234513775202,3.925925925925926,1.4995712693198506,0.09999999999999998,
t1,2026-02-11,2026-02-12 03:00:00,2026-02-12 09:00:00,27.0,0.019581398775317414,0.0,0.0,0.2088045120731987,3.0,1.4784981535745847,0.13333333333333333,
t1,2026-02-11,2026-02-12 04:00:00,2026-02-12 10:00:00,28.0,0.026791958040460785,0.0,0.0,0.1997898594569211,1.6018518518518519,0.689612821532053,0.4666666666666666,
t1,2026-02-11,2026-02-12 05:00:00,2026-02-12 11:00:00,29.0,0.05621654158213219,0.0,0.0,0.30299524830369645,1.0092592592592593,0.6985066375015665,1.0666666666666667,
t1,2026-02-11,2026-02-12 06:00:00,2026-02-12 12:00:00,30.0,0.13071671637626261,0.0,0.05743708983969014,0.6222031510074287,3.9351851851851856,2.6455082671897943,2.8000000000000003,
t1,2026-02-11,2026-02-12 07:00:00,2026-02-12 13:00:00,31.0,0.16994883601493946,0.0,0.10052712134168629,0.7627018332575058,4.907407407407407,2.840993638846641,3.4333333333333336,
t1,2026-02-11,2026-02-12 08:00:00,2026-02-12 14:00:00,32.0,0.19444405998242825,0.0,0.15097910865919126,0.7901728113286252,5.361111111111112,2.7581249221925668,4.0,
t1,2026-02-11,2026-02-12 09:00:00,2026-02-12 15:00:00,33.0,0.21357966632318684,0.0,0.11181621903742953,0.8583538907762823,5.398148148148149,3.2804054125644124,4.366666666666666,
t1,2026-02-11,2026-02-12 10:00:00,2026-02-12 16:00:00,34.0,0.20429179148430746,0.0,0.11622254734448928,0.8566792336625437,5.037037037037037,3.8905089218226823,4.2,
t1,2026-02-11,2026-02-12 11:00:00,2026-02-12 17:00:00,35.0,0.20217675672508587,0.0,0.12634137047827776,0.7562196792904371,5.87037037037037,2.3750135368901635,3.233333333333333,
t1,2026-02-11,2026-02-12 12:00:00,2026-02-12 18:00:00,36.0,0.22714585302676357,0.0,0.16474492754242687,0.6866161463897157,3.5740740740740744,1.764125822523857,2.1666666666666665,
t1,2026-02-11,2026-02-12 13:00:00,2026-02-12 19:00:00,37.0,0.17554153814958048,0.0,0.11573576914198869,0.6645032140562226,5.379629629629631,0.6551866507531294,0.6666666666666666,
t1,2026-02-11,2026-02-12 14:00:00,2026-02-12 20:00:00,38.0,0.16114589838790624,0.0,0.08835315787132147,0.7916052915717661,6.907407407407407,1.6078351112150666,0.10000000000000002,
t1,2026-02-11,2026-02-12 15:00:00,2026-02-12 21:00:00,39.0,0.14764800716904042,0.0,0.06707821986019089,0.7367343759800469,5.787037037037037,1.4866518573142693,0.10000000000000003,
t1,2026-02-11,2026-02-12 16:00:00,2026-02-12 22:00:00,40.0,0.11124828725383853,0.0,0.04874422510632872,0.5349338814944086,5.268518518518518,1.0338907297931745,-0.10000000000000002,
t1,2026-02-11,2026-02-12 17:00:00,2026-02-12 23:00:00,41.0,0.07037124468899231,0.0,0.0,0.33617264077677167,4.592592592592593,0.8661738864951372,-0.09999999999999998,
t1,2026-02-11,2026-02-12 18:00:00,2026-02-13 00:00:00,42.0,0.02055568355013012,0.0,0.0,0.20637772074881594,2.657407407407408,0.4359724950738356,-0.5666666666666668,
t1,2026-02-11,2026-02-12 19:00:00,2026-02-13 01:00:00,43.0,0.023607861776353052,0.0,0.0,0.19034755393278063,1.9444444444444444,0.5321456683518896,-1.2,
t1,2026-02-11,2026-02-12 20:00:00,2026-02-13 02:00:00,44.0,0.016600955716680035,0.0,0.0,0.18636596484171036,1.3240740740740742,0.2782403555799393,-1.6333333333333335,
t1,2026-02-11,2026-02-12 21:00:00,2026-02-13 03:00:00,45.0,0.02494930719246654,0.0,0.0,0.1942489393308104,0.9166666666666666,0.2545875386086578,-1.9333333333333336,
t1,2026-02-11,2026-02-12 22:00:00,2026-02-13 04:00:00,46.0,0.01438371695175373,0.0,0.0,0.17931120305812248,1.4722222222222223,0.7822293244627069,-1.8333333333333333,
t1,2026-02-11,2026-02-12 23:00:00,2026-02-13 05:00:00,47.0,0.013240141297260533,0.0,0.0,0.18332426896631607,1.6111111111111114,1.1827593808913206,-1.7666666666666666,
t1,2026-02-11,2026-02-13 00:00:00,2026-02-13 06:00:00,48.0,0.014132059158224533,0.0,0.0,0.1914150373237037,2.388888888888889,1.3214166546962551,-1.6666666666666667,
t1,2026-02-11,2026-02-13 01:00:00,2026-02-13 07:00:00,49.0,0.014087191748626798,0.0,0.0,0.18137698823343953,2.2870370370370368,1.0338907297931748,-1.6666666666666667,
t1,2026-02-11,2026-02-13 02:00:00,2026-02-13 08:00:00,50.0,0.020939832509811997,0.0,0.0,0.18850543813085985,2.5462962962962963,0.6250514382125064,-1.6000000000000003,
t1,2026-02-11,2026-02-13 03:00:00,2026-02-13 09:00:00,51.0,0.030895205714483363,0.0,0.0,0.19819933532882475,2.7962962962962963,0.11226255234242752,-1.3666666666666665,
t1,2026-02-11,2026-02-13 04:00:00,2026-02-13 10:00:00,52.0,0.03804935947075281,0.0,0.0,0.2562971074299573,3.3333333333333335,0.847563683466242,-1.0999999999999999,
t1,2026-02-11,2026-02-13 05:00:00,2026-02-13 11:00:00,53.0,0.027859079386301618,0.0,0.0,0.25603376089362784,3.1944444444444446,1.6146990699259578,-0.7666666666666666,
t1,2026-02-11,2026-02-13 06:00:00,2026-02-13 12:00:00,54.0,0.02573966208099935,0.0,0.0,0.2369380445215041,2.6296296296296298,1.725877244584471,0.19999999999999996,
t1,2026-02-11,2026-02-13 07:00:00,2026-02-13 13:00:00,55.0,0.02573966208099935,0.0,0.0,0.22569890752754124,2.2962962962962963,1.386201102994218,0.9333333333333332,
t1,2026-02-11,2026-02-13 08:00:00,2026-02-13 14:00:00,56.0,0.02535739556525613,0.0,0.0,0.22247611914559462,1.8240740740740742,1.549176736099139,1.6333333333333335,
t1,2026-02-11,2026-02-13 09:00:00,2026-02-13 15:00:00,57.0,0.02867831647668432,0.0,0.0,0.22446814158590372,1.287037037037037,1.236761169062326,2.0666666666666664,
t1,2026-02-11,2026-02-13 10:00:00,2026-02-13 16:00:00,58.0,0.02806864314069745,0.0,0.0,0.24212833561391403,1.1296296296296298,0.06990587440065506,2.1,
t1,2026-02-11,2026-02-13 11:00:00,2026-02-13 17:00:00,59.0,0.035835481099655904,0.0,0.0,0.23770033979879998,1.2314814814814816,1.028278156472357,1.7666666666666668,
t1,2026-02-11,2026-02-13 12:00:00,2026-02-13 18:00:00,60.0,0.06315640952931517,0.0,0.0,0.3025925767591722,1.6203703703703705,1.7225208821086646,0.6,
t1,2026-02-11,2026-02-13 13:00:00,2026-02-13 19:00:00,61.0,0.11554212093624036,0.0,0.015451468768668479,0.3752159939203412,2.3703703703703702,2.488605721325496,0.5,
t1,2026-02-11,2026-02-13 14:00:00,2026-02-13 20:00:00,62.0,0.18151940268448544,0.0,0.050288745186999335,0.6620564139359089,2.9722222222222228,3.5126534938563516,0.5666666666666668,
t1,2026-02-11,2026-02-13 15:00:00,2026-02-13 21:00:00,63.0,0.27242528512542796,0.0,0.1509646054176903,0.8543583353514618,3.657407407407407,4.341901548112064,0.7333333333333334,
t1,2026-02-11,2026-02-13 16:00:00,2026-02-13 22:00:00,64.0,0.3653114560362611,0.0,0.27798113419896403,0.9532925580966154,5.111111111111111,4.065531869597882,0.7999999999999999,
t1,2026-02-11,2026-02-13 17:00:00,2026-02-13 23:00:00,65.0,0.5085776385697761,0.0,0.43541794714773496,1.0,7.0,3.27742465141138,0.9333333333333332,
t1,2026-02-11,2026-02-13 18:00:00,2026-02-14 00:00:00,66.0,0.6195249012209418,0.0,0.5928447011584762,1.0,9.0,2.1061711208074856,0.6,
t1,2026-02-11,2026-02-13 19:00:00,2026-02-14 01:00:00,67.0,0.6882339471165839,0.12157406554622896,0.7373430888974274,1.0,9.972222222222223,1.5774745405000763,0.6,
t1,2026-02-11,2026-02-13 20:00:00,2026-02-14 02:00:00,68.0,0.7451794187700522,0.2017877367571259,0.823201150225242,0.987712626103892,10.703703703703704,1.1667768907367013,0.5333333333333333,
t1,2026-02-11,2026-02-13 21:00:00,2026-02-14 03:00:00,69.0,0.7836103994215775,0.2599011944530879,0.8325825058432846,0.9797155801524122,10.898148148148147,1.3071306495448052,0.4000000000000001,
t1,2026-02-11,2026-02-13 22:00:00,2026-02-14 04:00:00,70.0,0.7827268900438846,0.28923246992392615,0.8333460883934508,0.981204640549636,11.037037037037038,1.1133080133145048,0.43333333333333335,
t1,2026-02-11,2026-02-13 23:00:00,2026-02-14 05:00:00,71.0,0.715749896840215,0.23823149628153906,0.7917135203603107,0.9955485088956928,10.583333333333334,1.4356032843802833,0.3666666666666667,
t1,2026-02-12,2026-02-13 00:00:00,2026-02-13 06:00:00,24.0,0.012612781171100644,0.0,0.0,0.16781666168811973,1.9814814814814816,0.918908593993563,-1.7,
t1,2026-02-12,2026-02-13 01:00:00,2026-02-13 07:00:00,25.0,0.012008481620513961,0.0,0.0,0.16957880278039328,1.972222222222222,1.8301740455587923,-1.5666666666666667,
t1,2026-02-12,2026-02-13 02:00:00,2026-02-13 08:00:00,26.0,0.0218699651930978,0.0,0.0,0.18142920883547434,2.055555555555556,2.0654790494468114,-1.5,
t1,2026-02-12,2026-02-13 03:00:00,2026-02-13 09:00:00,27.0,0.02278894384922695,0.0,0.0,0.16788844680265255,2.027777777777778,1.567415108851765,-1.3666666666666665,
t1,2026-02-12,2026-02-13 04:00:00,2026-02-13 10:00:00,28.0,0.019997919618380884,0.0,0.0,0.17259907240901287,2.1944444444444446,1.4863058024079718,-1.0,
t1,2026-02-12,2026-02-13 05:00:00,2026-02-13 11:00:00,29.0,0.04189338073527401,0.0,0.0,0.20332141321731304,2.8796296296296298,2.0582439876645333,-0.5,
t1,2026-02-12,2026-02-13 06:00:00,2026-02-13 12:00:00,30.0,0.033201223895080394,0.0,0.0,0.19414116869710651,2.361111111111111,1.6332293995654554,-0.3,
t1,2026-02-12,2026-02-13 07:00:00,2026-02-13 13:00:00,31.0,0.026747232558901775,0.0,0.0,0.17929531976673596,1.712962962962963,1.4514608789518137,-0.03333333333333336,
t1,2026-02-12,2026-02-13 08:00:00,2026-02-13 14:00:00,32.0,0.023208609194039657,0.0,0.0,0.1622042932496816,1.6759259259259258,0.7965654153334488,0.3666666666666667,
t1,2026-02-12,2026-02-13 09:00:00,2026-02-13 15:00:00,33.0,0.02456749982505036,0.0,0.0,0.16435794638009038,2.0,0.7043734629503315,0.5666666666666668,
t1,2026-02-12,2026-02-13 10:00:00,2026-02-13 16:00:00,34.0,0.024788615242195493,0.0,0.0,0.1663697758816772,1.6666666666666667,1.0833333333333335,0.6333333333333333,
t1,2026-02-12,2026-02-13 11:00:00,2026-02-13 17:00:00,35.0,0.04698028433306665,0.0,0.0,0.18847173381869103,1.3333333333333333,1.103795360350307,0.5666666666666668,
t1,2026-02-12,2026-02-13 12:00:00,2026-02-13 18:00:00,36.0,0.07609216844513303,0.0,0.01017541827166827,0.2696001631330938,2.0925925925925926,0.8033174528423694,0.3,
t1,2026-02-12,2026-02-13 13:00:00,2026-02-13 19:00:00,37.0,0.19446564320547194,0.0,0.053317274335859026,0.47564316849041155,3.1203703703703702,1.4793677049957397,-0.09999999999999994,
t1,2026-02-12,2026-02-13 14:00:00,2026-02-13 20:00:00,38.0,0.26822960602710616,0.0,0.16159967888658283,0.6221574639235026,4.787037037037037,2.14992343628628,-0.4333333333333333,
t1,2026-02-12,2026-02-13 15:00:00,2026-02-13 21:00:00,39.0,0.3813801484863917,0.0033004897045145754,0.31466352130911207,0.8539444932360334,6.666666666666667,1.8047006523089766,-0.3333333333333333,
t1,2026-02-12,2026-02-13 16:00:00,2026-02-13 22:00:00,40.0,0.5347245054683426,0.020130815008819247,0.5106679696350699,0.9729269251825178,7.935185185185186,2.141832990611262,-0.20000000000000004,
t1,2026-02-12,2026-02-13 17:00:00,2026-02-13 23:00:00,41.0,0.6372324699845021,0.11029010584638249,0.5904585189849635,0.9670601507969669,9.12962962962963,2.250057155195417,-0.09999999999999994,
t1,2026-02-12,2026-02-13 18:00:00,2026-02-14 00:00:00,42.0,0.6991039057301366,0.2263578958508926,0.7434914729240628,0.958466391598896,10.046296296296296,2.6049474138275013,-0.3,
t1,2026-02-12,2026-02-13 19:00:00,2026-02-14 01:00:00,43.0,0.7546181346358068,0.29340992490505524,0.7884192927824942,0.9593077769799858,11.018518518518519,2.81150816987972,-0.1666666666666667,
t1,2026-02-12,2026-02-13 20:00:00,2026-02-14 02:00:00,44.0,0.8130041839465737,0.40418861112419296,0.842375895622386,0.9585934272775236,11.388888888888891,2.8667689473570874,-0.16666666666666666,
t1,2026-02-12,2026-02-13 21:00:00,2026-02-14 03:00:00,45.0,0.7977457236036168,0.3936266673497659,0.8427304008847244,0.962663074434021,10.953703703703704,2.4043962650064477,-0.16666666666666666,
t1,2026-02-12,2026-02-13 22:00:00,2026-02-14 04:00:00,46.0,0.7560477714477385,0.41452841599918894,0.8112372562731728,0.9637002195931823,10.953703703703704,1.4445334730398287,-0.03333333333333335,
t1,2026-02-12,2026-02-13 23:00:00,2026-02-14 05:00:00,47.0,0.7046327416513567,0.29759041336582626,0.7451396775692608,0.9664630735909124,10.564814814814815,1.2305064366085123,0.033333333333333354,
t1,2026-02-12,2026-02-14 00:00:00,2026-02-14 06:00:00,48.0,0.6365954686016636,0.18495370666959204,0.6393366892025265,0.9639508119992002,9.916666666666666,1.0610238474880151,0.3333333333333333,
t1,2026-02-12,2026-02-14 01:00:00,2026-02-14 07:00:00,49.0,0.4275391652100859,0.028730502343236097,0.4020528234738618,0.8934898814775609,9.074074074074074,2.105316120462243,0.39999999999999997,
t1,2026-02-12,2026-02-14 02:00:00,2026-02-14 08:00:00,50.0,0.2570618857109873,0.0,0.16757744097965505,0.7700987902875083,7.648148148148148,3.126244608119179,0.26666666666666666,
t1,2026-02-12,2026-02-14 03:00:00,2026-02-14 09:00:00,51.0,0.240589687201538,0.0,0.15988467286631042,0.7379743822366487,6.796296296296298,3.9661310458998997,0.8666666666666666,
t1,2026-02-12,2026-02-14 04:00:00,2026-02-14 10:00:00,52.0,0.2617546190999631,0.0,0.15426360522311008,0.808867144218523,6.6759259259259265,4.518338262949801,2.0,
t1,2026-02-12,2026-02-14 05:00:00,2026-02-14 11:00:00,53.0,0.27330742074138636,0.0,0.19038093562371156,0.8342126546868132,6.851851851851852,4.347229617790419,3.233333333333333,
t1,2026-02-12,2026-02-14 06:00:00,2026-02-14 12:00:00,54.0,0.2997193248784183,0.0,0.2093698229440875,0.8761336771436858,7.4259259259259265,4.446382679217023,4.066666666666667,
t1,2026-02-12,2026-02-14 07:00:00,2026-02-14 13:00:00,55.0,0.29393295379885764,0.0,0.19269866025321875,0.8797501674867292,6.4907407407407405,5.193800712736426,5.066666666666666,
t1,2026-02-12,2026-02-14 08:00:00,2026-02-14 14:00:00,56.0,0.2604184223564572,0.0,0.1927892220400071,0.8446642712899539,6.898148148148148,4.003888285052039,5.5,
t1,2026-02-12,2026-02-14 09:00:00,2026-02-14 15:00:00,57.0,0.22350116821286298,0.0,0.15385458125251067,0.7554239663131204,6.5092592592592595,2.2500571551954165,5.366666666666667,
t1,2026-02-12,2026-02-14 10:00:00,2026-02-14 16:00:00,58.0,0.25515034640517664,0.0,0.16343985039665718,0.7593065313342688,5.388888888888889,4.516430908156146,5.066666666666666,
t1,2026-02-12,2026-02-14 11:00:00,2026-02-14 17:00:00,59.0,0.26047525826343193,0.0,0.20065772944776541,0.7584965073636651,6.981481481481482,1.2745530968570193,3.966666666666667,
t1,2026-02-12,2026-02-14 12:00:00,2026-02-14 18:00:00,60.0,0.36506310508744705,0.0,0.25058086678454017,0.8591015587072288,7.472222222222222,2.213350345762374,2.0,
t1,2026-02-12,2026-02-14 13:00:00,2026-02-14 19:00:00,61.0,0.2763449250072176,0.0,0.1575372517234987,0.8164124251805924,6.907407407407408,2.342135074631464,1.3333333333333333,
t1,2026-02-12,2026-02-14 14:00:00,2026-02-14 20:00:00,62.0,0.18598506304755152,0.0,0.0963689909435014,0.6441122395754345,5.648148148148149,2.3401575691734244,0.9666666666666667,
t1,2026-02-12,2026-02-14 15:00:00,2026-02-14 21:00:00,63.0,0.11997558559977012,0.0,0.046940879229396056,0.46908611387222504,3.5740740740740744,2.7444294496516446,0.9333333333333332,
t1,2026-02-12,2026-02-14 16:00:00,2026-02-14 22:00:00,64.0,0.1034052025885101,0.0,0.036093852469452826,0.49525326628815103,4.657407407407407,2.417198749428496,0.7333333333333334,
t1,2026-02-12,2026-02-14 17:00:00,2026-02-14 23:00:00,65.0,0.07306183245411468,0.0,0.012372181418970125,0.3903378494523707,3.8981481481481484,2.1293679388330338,0.7666666666666666,
t1,2026-02-12,2026-02-14 18:00:00,2026-02-15 00:00:00,66.0,0.04906115166777846,0.0,0.0,0.29676246405523204,3.7777777777777786,1.3768926368215255,0.7000000000000001,
t1,2026-02-12,2026-02-14 19:00:00,2026-02-15 01:00:00,67.0,0.03903915013392944,0.0,0.0,0.23932063487041427,2.7870370370370368,1.2681805443248666,0.6,
t1,2026-02-12,2026-02-14 20:00:00,2026-02-15 02:00:00,68.0,0.037204417437285746,0.0,0.0,0.22577711191922004,1.777777777777778,0.9887484294754272,0.2666666666666666,
t1,2026-02-12,2026-02-14 21:00:00,2026-02-15 03:00:00,69.0,0.03526216403968687,0.0,0.0,0.2076932189708312,1.3888888888888886,0.8347210667398177,-0.16666666666666666,
t1,2026-02-12,2026-02-14 22:00:00,2026-02-15 04:00:00,70.0,0.045413013770143805,0.0,0.0,0.2298385415998964,1.5277777777777777,0.43390275977259185,-0.4666666666666666,
t1,2026-02-12,2026-02-14 23:00:00,2026-02-15 05:00:00,71.0,0.04992803675667477,0.0,0.0,0.2509701045710534,2.111111111111111,1.7012613330869513,-0.5666666666666667,
t1,2026-02-13,2026-02-14 00:00:00,2026-02-14 06:00:00,24.0,0.2883915239254113,0.0,0.2462840684530045,0.8052546441973634,8.64814814814815,3.121304399167659,1.850371707708594e-17,
t1,2026-02-13,2026-02-14 01:00:00,2026-02-14 07:00:00,25.0,0.22076949073818097,0.0,0.1659380172597245,0.7145051840958951,8.055555555555555,2.622169255585587,-0.16666666666666666,
t1,2026-02-13,2026-02-14 02:00:00,2026-02-14 08:00:00,26.0,0.18338974059228108,0.0,0.09712487624356327,0.6402622411266186,7.50925925925926,1.848074851957089,-0.19999999999999998,
t1,2026-02-13,2026-02-14 03:00:00,2026-02-14 09:00:00,27.0,0.15062503648375958,0.0,0.07100832472609954,0.5996952743013684,7.018518518518519,1.865528202212721,0.6333333333333334,
t1,2026-02-13,2026-02-14 04:00:00,2026-02-14 10:00:00,28.0,0.1039772919788725,0.0,0.003421822527135049,0.6006984222275059,6.0555555555555545,2.597333628032533,1.866666666666667,
t1,2026-02-13,2026-02-14 05:00:00,2026-02-14 11:00:00,29.0,0.12475564918283936,0.0,0.02908287926848893,0.5567621540454085,5.046296296296296,4.131549545399467,2.766666666666667,
t1,2026-02-13,2026-02-14 06:00:00,2026-02-14 12:00:00,30.0,0.11827271807463126,0.0,0.026601892222757453,0.6110564808519466,6.120370370370371,3.266025699273164,2.7000000000000006,
t1,2026-02-13,2026-02-14 07:00:00,2026-02-14 13:00:00,31.0,0.05994001348116472,0.0,0.0,0.4521284644665444,4.666666666666667,4.121233783860675,3.3666666666666667,
t1,2026-02-13,2026-02-14 08:00:00,2026-02-14 14:00:00,32.0,0.015865075009802734,0.0,0.0,0.2780197849739192,3.7870370370370368,2.987155286860549,4.033333333333334,
t1,2026-02-13,2026-02-14 09:00:00,2026-02-14 15:00:00,33.0,0.0049748824311147966,0.0,0.0,0.1989090076327987,3.564814814814815,1.492091635443236,4.233333333333333,
t1,2026-02-13,2026-02-14 10:00:00,2026-02-14 16:00:00,34.0,0.010807122472425185,0.0,0.0,0.19396272965518027,3.490740740740741,1.8098950700549064,3.8000000000000003,
t1,2026-02-13,2026-02-14 11:00:00,2026-02-14 17:00:00,35.0,0.011685431891417894,0.0,0.0,0.1817823662493705,2.703703703703704,1.2488678000064715,3.0,
t1,2026-02-13,2026-02-14 12:00:00,2026-02-14 18:00:00,36.0,0.0324750033945109,0.0,0.0,0.22613681304268796,3.2222222222222228,1.1399046960379553,1.9666666666666666,
t1,2026-02-13,2026-02-14 13:00:00,2026-02-14 19:00:00,37.0,0.019982795274152587,0.0,0.0,0.20309531289966923,2.759259259259259,0.31590226128207377,0.8000000000000002,
t1,2026-02-13,2026-02-14 14:00:00,2026-02-14 20:00:00,38.0,0.036444387836127426,0.0,0.0,0.2692242645691906,2.425925925925926,1.348963174475321,0.2000000000000001,
t1,2026-02-13,2026-02-14 15:00:00,2026-02-14 21:00:00,39.0,0.03829921464906175,0.0,0.0,0.25220761767860617,2.657407407407408,1.6699812719188416,-0.13333333333333341,
t1,2026-02-13,2026-02-14 16:00:00,2026-02-14 22:00:00,40.0,0.03640445274649533,0.0,0.0,0.22654058745288685,2.7592592592592595,1.1403558754326408,-0.26666666666666666,
t1,2026-02-13,2026-02-14 17:00:00,2026-02-14 23:00:00,41.0,0.027455522189538756,0.0,0.0,0.23123649736154062,2.8240740740740744,0.7639309752716038,-0.2666666666666667,
t1,2026-02-13,2026-02-14 18:00:00,2026-02-15 00:00:00,42.0,0.014757246549317052,0.0,0.0,0.1825958846890217,4.0,1.7574796066814644,-0.43333333333333335,
t1,2026-02-13,2026-02-14 19:00:00,2026-02-15 01:00:00,43.0,0.001121542016897778,0.0,0.0,0.16231382201453212,3.111111111111111,1.5232255412061328,-0.6666666666666666,
t1,2026-02-13,2026-02-14 20:00:00,2026-02-15 02:00:00,44.0,0.0,0.0,0.0,0.1382340086908397,2.2222222222222223,1.5398512835039109,-0.7000000000000001,
t1,2026-02-13,2026-02-14 21:00:00,2026-02-15 03:00:00,45.0,0.0,0.0,0.0,0.13562620714451215,1.7962962962962965,1.5331555184068573,-0.7000000000000001,
t1,2026-02-13,2026-02-14 22:00:00,2026-02-15 04:00:00,46.0,0.003868547320123497,0.0,0.0,0.15739932299039255,2.75,2.6711478551734147,-0.6333333333333332,
t1,2026-02-13,2026-02-14 23:00:00,2026-02-15 05:00:00,47.0,0.019617677004211506,0.0,0.0,0.24048893227998042,2.972222222222222,2.9584311407931763,-1.1333333333333333,
t1,2026-02-13,2026-02-15 00:00:00,2026-02-15 06:00:00,48.0,0.11437994996850577,0.0,0.042084240523334746,0.42235145664693335,3.5833333333333335,1.8316490579816154,0.13333333333333336,
t1,2026-02-13,2026-02-15 01:00:00,2026-02-15 07:00:00,49.0,0.1807508457883596,0.0,0.09072592969020697,0.5986660378381633,4.740740740740741,2.138046972348147,0.1666666666666667,
t1,2026-02-13,2026-02-15 02:00:00,2026-02-15 08:00:00,50.0,0.26661472964234323,0.0,0.214863973659085,0.8492513455953574,6.435185185185186,1.9183433353452075,0.7000000000000001,
t1,2026-02-13,2026-02-15 03:00:00,2026-02-15 09:00:00,51.0,0.42461367197466393,0.0,0.4310703310260868,0.9353820721657757,7.814814814814814,1.940935988199524,1.4000000000000001,
t1,2026-02-13,2026-02-15 04:00:00,2026-02-15 10:00:00,52.0,0.6056374418995681,0.075199945700957,0.5672721248792421,0.949355809910436,9.12037037037037,2.110075281944521,2.466666666666667,
t1,2026-02-13,2026-02-15 05:00:00,2026-02-15 11:00:00,53.0,0.7281782403250857,0.30852985612820605,0.7853159301533874,0.9316590378093748,10.453703703703704,1.8852770478964367,3.533333333333333,
t1,2026-02-13,2026-02-15 06:00:00,2026-02-15 12:00:00,54.0,0.7906130739507035,0.5038549446161209,0.8439698316208313,0.9299055251828887,11.342592592592593,1.2239045660635777,3.9666666666666663,
t1,2026-02-13,2026-02-15 07:00:00,2026-02-15 13:00:00,55.0,0.8363211360859295,0.5699697982752436,0.8822918500425694,0.92541843966904,11.620370370370372,1.3923105998965744,4.933333333333333,
t1,2026-02-13,2026-02-15 08:00:00,2026-02-15 14:00:00,56.0,0.8430798848764003,0.6733960046962628,0.8948171948397508,0.9240793300500743,11.777777777777777,1.2363451713482165,5.733333333333333,
t1,2026-02-13,2026-02-15 09:00:00,2026-02-15 15:00:00,57.0,0.8553974596763856,0.7043535442086022,0.9039050807950504,0.9245706305525159,11.712962962962962,1.2074017268668917,6.266666666666667,
t1,2026-02-13,2026-02-15 10:00:00,2026-02-15 16:00:00,58.0,0.8500300860630304,0.6885309255597218,0.8995880093915186,0.9261718301170504,11.462962962962964,1.0607814108694067,6.333333333333333,
t1,2026-02-13,2026-02-15 11:00:00,2026-02-15 17:00:00,59.0,0.8382051039192595,0.657937457630282,0.8634025323642694,0.9291385253514846,11.268518518518519,0.9531192024042804,5.900000000000001,
t1,2026-02-13,2026-02-15 12:00:00,2026-02-15 18:00:00,60.0,0.818896982741699,0.5926772262295272,0.8517867644844209,0.9287528542615376,11.907407407407407,0.7858378663969912,5.0,
t1,2026-02-13,2026-02-15 13:00:00,2026-02-15 19:00:00,61.0,0.8248311872591088,0.5711346510355106,0.8640019895226275,0.9275926894996313,12.064814814814815,0.9429454334875265,4.066666666666666,
t1,2026-02-13,2026-02-15 14:00:00,2026-02-15 20:00:00,62.0,0.8326623630453039,0.5802922339652985,0.8720818697920528,0.9270270140863629,12.222222222222223,1.0289032876362294,3.5,
t1,2026-02-13,2026-02-15 15:00:00,2026-02-15 21:00:00,63.0,0.8140604186249905,0.5658488595393798,0.8572620713732411,0.9277046856360271,12.25925925925926,1.0578678377471917,3.233333333333333,
t1,2026-02-13,2026-02-15 16:00:00,2026-02-15 22:00:00,64.0,0.8037132881672384,0.5469639888641237,0.8397279950724558,0.9292188931531625,12.046296296296296,1.1608098138232263,2.966666666666667,
t1,2026-02-13,2026-02-15 17:00:00,2026-02-15 23:00:00,65.0,0.783535061451276,0.5144519331026143,0.836549907778028,0.9292746071895706,11.842592592592593,1.4170297283503988,2.9,
t1,2026-02-13,2026-02-15 18:00:00,2026-02-16 00:00:00,66.0,0.767680507986208,0.4804197383443361,0.8243525131245516,0.930844999553153,11.074074074074076,0.7094671390552045,2.5,
t1,2026-02-13,2026-02-15 19:00:00,2026-02-16 01:00:00,67.0,0.7462669319356173,0.42723904893010006,0.7984455814456156,0.9327769941923694,10.981481481481481,0.8246460769708266,2.433333333333333,
t1,2026-02-13,2026-02-15 20:00:00,2026-02-16 02:00:00,68.0,0.7266657978994638,0.4066400690100612,0.7965172438170648,0.9359646765157044,10.870370370370372,0.7877991952372517,2.3333333333333335,
t1,2026-02-13,2026-02-15 21:00:00,2026-02-16 03:00:00,69.0,0.7014955441680321,0.40268149990253854,0.7742882083867785,0.9384358806250359,10.75,0.9477067838462213,2.2333333333333334,
t1,2026-02-13,2026-02-15 22:00:00,2026-02-16 04:00:00,70.0,0.6702929433707469,0.2984963703156169,0.7049860557370646,0.945046749802003,10.5,1.5585289043450603,2.1333333333333333,
t1,2026-02-13,2026-02-15 23:00:00,2026-02-16 05:00:00,71.0,0.5920980399110646,0.15105120511931713,0.6116992817312661,0.9535054716369205,9.611111111111112,2.6011927463576594,2.2,
t1,2026-02-14,2026-02-15 00:00:00,2026-02-15 06:00:00,24.0,0.19672728744438533,0.017624963877757097,0.10980446548002686,0.5279939739472126,4.37962962962963,2.200296930953216,-1.0999999999999999,
t1,2026-02-14,2026-02-15 01:00:00,2026-02-15 07:00:00,25.0,0.28055029662120873,0.025838552714021412,0.1855133979536148,0.6763025862602701,6.277777777777779,2.300865376653202,-1.2,
t1,2026-02-14,2026-02-15 02:00:00,2026-02-15 08:00:00,26.0,0.3884011175929691,0.05963714430868233,0.2870569966921273,0.8457014093740869,7.712962962962965,1.7612805152780016,-0.6999999999999998,
t1,2026-02-14,2026-02-15 03:00:00,2026-02-15 09:00:00,27.0,0.5326946492387693,0.171466777455626,0.4888652739201582,0.9384897430167891,8.675925925925926,1.4257154726850296,0.5,
t1,2026-02-14,2026-02-15 04:00:00,2026-02-15 10:00:00,28.0,0.71108845306836,0.34415596737432846,0.726299196111597,0.9661620579668191,10.046296296296296,1.4181183557030392,1.8666666666666665,
t1,2026-02-14,2026-02-15 05:00:00,2026-02-15 11:00:00,29.0,0.8565706801364087,0.6106795673487826,0.9072774937773411,0.9796152610614077,11.018518518518519,1.2745530968570196,3.033333333333333,
t1,2026-02-14,2026-02-15 06:00:00,2026-02-15 12:00:00,30.0,0.9023030244324797,0.7751539835778208,0.94083132365323,0.9873675913056407,12.444444444444445,0.8678055195451834,4.033333333333333,
t1,2026-02-14,2026-02-15 07:00:00,2026-02-15 13:00:00,31.0,0.9157381680444666,0.8005339115056255,0.9571493045710127,0.9874470404068885,12.333333333333336,0.9145598685085746,5.166666666666667,
t1,2026-02-14,2026-02-15 08:00:00,2026-02-15 14:00:00,32.0,0.917310109185999,0.7860710772144827,0.9640516659192967,0.9881533117547849,12.00925925925926,1.0070482066589355,5.933333333333333,
t1,2026-02-14,2026-02-15 09:00:00,2026-02-15 15:00:00,33.0,0.9184380981583756,0.7895205504855116,0.9650684464101236,0.9884061450729832,11.787037037037038,1.0873619301217925,6.366666666666667,
t1,2026-02-14,2026-02-15 10:00:00,2026-02-15 16:00:00,34.0,0.8996869659785435,0.7614644330787661,0.923184874017762,0.9871270919277015,11.620370370370372,1.144408485591139,6.3,
t1,2026-02-14,2026-02-15 11:00:00,2026-02-15 17:00:00,35.0,0.8602387292424261,0.6905592975104942,0.8688784513966267,0.9851414747963689,11.555555555555557,1.1152699944380402,5.733333333333333,
t1,2026-02-14,2026-02-15 12:00:00,2026-02-15 18:00:00,36.0,0.8895185735223385,0.6826997683365607,0.9084287727706494,0.9861201152195247,11.527777777777779,1.055189995179032,4.666666666666667,
t1,2026-02-14,2026-02-15 13:00:00,2026-02-15 19:00:00,37.0,0.879237716998161,0.6583559594395106,0.9004043289204798,0.9853029907304955,11.694444444444445,1.114231728896199,3.9000000000000004,
t1,2026-02-14,2026-02-15 14:00:00,2026-02-15 20:00:00,38.0,0.8436386309557808,0.6329171164738587,0.8614312410980828,0.9834969028571032,11.75,0.9145598685085741,3.5333333333333337,
t1,2026-02-14,2026-02-15 15:00:00,2026-02-15 21:00:00,39.0,0.8083003795559455,0.5663261782900462,0.8470451900630035,0.9776217181364549,11.75925925925926,0.8037975708966926,3.266666666666667,
t1,2026-02-14,2026-02-15 16:00:00,2026-02-15 22:00:00,40.0,0.7716396132486252,0.5001855848483878,0.8442190178639285,0.9759946828935796,11.351851851851853,0.7138042174891871,3.1,
t1,2026-02-14,2026-02-15 17:00:00,2026-02-15 23:00:00,41.0,0.6987075846368177,0.46111326398033725,0.7825619646594625,0.9635605858919439,10.842592592592593,1.054946217886838,3.0,
t1,2026-02-14,2026-02-15 18:00:00,2026-02-16 00:00:00,42.0,0.6666693338312037,0.3607511421754564,0.6518559508789273,0.9535490204875448,10.027777777777779,1.959662669384141,2.733333333333333,
t1,2026-02-14,2026-02-15 19:00:00,2026-02-16 01:00:00,43.0,0.6160061019036364,0.2644992916132885,0.6196010082586528,0.9535525904389177,9.435185185185185,2.839091824304257,2.8000000000000003,
t1,2026-02-14,2026-02-15 20:00:00,2026-02-16 02:00:00,44.0,0.6496901518035066,0.2894845887893707,0.6445842999622052,0.9567425369661342,9.898148148148147,2.9218648563345857,2.766666666666667,
t1,2026-02-14,2026-02-15 21:00:00,2026-02-16 03:00:00,45.0,0.6690922914091756,0.3239425589743347,0.6710908881696956,0.9637168137914022,10.277777777777777,3.0373193184081426,2.8000000000000003,
t1,2026-02-14,2026-02-15 22:00:00,2026-02-16 04:00:00,46.0,0.6844233554578626,0.3141270281330263,0.6737794320686968,0.9636681070970181,10.064814814814815,2.7522904789753633,2.6999999999999997,
t1,2026-02-14,2026-02-15 23:00:00,2026-02-16 05:00:00,47.0,0.7685360197152868,0.4466239736423292,0.7727130912321539,0.9688672136329617,10.055555555555557,2.245881003410795,2.733333333333334,
t1,2026-02-14,2026-02-16 00:00:00,2026-02-16 06:00:00,48.0,0.6553545123132756,0.381755815314529,0.6721183242837515,0.9644016483053048,10.63888888888889,1.688057178248722,2.3666666666666667,
t1,2026-02-14,2026-02-16 01:00:00,2026-02-16 07:00:00,49.0,0.6320296750920592,0.3200076980711822,0.6265872565684402,0.9626515250993114,9.833333333333334,2.3966282900136666,2.266666666666667,
t1,2026-02-14,2026-02-16 02:00:00,2026-02-16 08:00:00,50.0,0.6196918504518891,0.3101464519095717,0.6311889960985863,0.9548379473990848,9.888888888888888,2.2858934012712204,2.4,
t1,2026-02-14,2026-02-16 03:00:00,2026-02-16 09:00:00,51.0,0.5929979534481503,0.287262930583673,0.6042442734627124,0.945313617157207,9.925925925925926,2.6135233144600676,2.766666666666667,
t1,2026-02-14,2026-02-16 04:00:00,2026-02-16 10:00:00,52.0,0.7217277251885706,0.42716166120163906,0.7984026207498617,0.9691147011707812,10.212962962962962,0.8683980805698787,3.366666666666667,
t1,2026-02-14,2026-02-16 05:00:00,2026-02-16 11:00:00,53.0,0.703034862050751,0.3811294999918746,0.7736145847314498,0.9533612633417698,10.175925925925926,1.4224645337561987,3.9,
t1,2026-02-14,2026-02-16 06:00:00,2026-02-16 12:00:00,54.0,0.676432488302772,0.29287223833166615,0.6858941008821853,0.9322704398641669,9.5,0.4589642122738425,4.466666666666666,
t1,2026-02-14,2026-02-16 07:00:00,2026-02-16 13:00:00,55.0,0.6563814402727062,0.30016976583140825,0.6536178063934633,0.9222319948550809,9.111111111111112,0.30555555555555536,5.400000000000001,
t1,2026-02-14,2026-02-16 08:00:00,2026-02-16 14:00:00,56.0,0.651373758204905,0.37270628091456726,0.6369590503694944,0.9276321030150506,8.842592592592593,0.6587102374752745,6.733333333333333,
t1,2026-02-14,2026-02-16 09:00:00,2026-02-16 15:00:00,57.0,0.650719019611453,0.39050644247468175,0.6336799245630215,0.9541042136705462,9.092592592592593,1.4835344571652895,7.566666666666666,
t1,2026-02-14,2026-02-16 10:00:00,2026-02-16 16:00:00,58.0,0.7315073919863871,0.47741811748880114,0.7319386053297124,0.9631975369065388,9.675925925925926,1.532148629822941,7.5,
t1,2026-02-14,2026-02-16 11:00:00,2026-02-16 17:00:00,59.0,0.8218030304599938,0.5808614018466074,0.827673110113783,0.9767694749924873,10.574074074074074,1.762375407848537,6.8,
t1,2026-02-14,2026-02-16 12:00:00,2026-02-16 18:00:00,60.0,0.8487276728153678,0.6602289254976574,0.8545601298396865,0.9809390659688834,11.314814814814815,1.298840096666183,5.333333333333333,
t1,2026-02-14,2026-02-16 13:00:00,2026-02-16 19:00:00,61.0,0.8492211669346023,0.6096209061505435,0.8582896497967526,0.9826313293875842,12.027777777777779,2.245881003410795,4.366666666666666,
t1,2026-02-14,2026-02-16 14:00:00,2026-02-16 20:00:00,62.0,0.8468088641323274,0.5357222971877843,0.8624751998193477,0.9834344985321427,11.953703703703704,2.788359474614201,3.9333333333333336,
t1,2026-02-14,2026-02-16 15:00:00,2026-02-16 21:00:00,63.0,0.8041852348192663,0.49260269914353805,0.8415580229633194,0.981157371724369,11.75,2.677207177564886,3.6999999999999997,
t1,2026-02-14,2026-02-16 16:00:00,2026-02-16 22:00:00,64.0,0.8126447468214381,0.5229382378262484,0.8402854918970114,0.9821406942208035,11.722222222222221,2.5087808755412415,3.266666666666667,
t1,2026-02-14,2026-02-16 17:00:00,2026-02-16 23:00:00,65.0,0.8408154030094546,0.6016636873529626,0.8434045115227383,0.9820032887939604,11.75,2.0632364005233246,3.4666666666666663,
t1,2026-02-14,2026-02-16 18:00:00,2026-02-17 00:00:00,66.0,0.7758379030774718,0.5073622810322632,0.784704634227465,0.9774746181184516,11.250000000000002,1.7605502086100917,3.3000000000000003,
t1,2026-02-14,2026-02-16 19:00:00,2026-02-17 01:00:00,67.0,0.7649160694908164,0.5035033733136636,0.7885518476837775,0.979527805448815,11.49074074074074,1.6796561719492105,3.1999999999999997,
t1,2026-02-14,2026-02-16 20:00:00,2026-02-17 02:00:00,68.0,0.7536129050720896,0.4718624122770353,0.787019865253206,0.9775952889631777,11.398148148148147,1.5865788698605774,3.033333333333333,
t1,2026-02-14,2026-02-16 21:00:00,2026-02-17 03:00:00,69.0,0.7432359496697823,0.4858178396848192,0.770737322159384,0.9718021047340071,11.018518518518519,1.0279028952872535,3.266666666666667,
t1,2026-02-14,2026-02-16 22:00:00,2026-02-17 04:00:00,70.0,0.7241102862013609,0.43420479781051435,0.7391070206171114,0.971018786146999,10.972222222222221,1.2143051663552447,3.133333333333333,
t1,2026-02-14,2026-02-16 23:00:00,2026-02-17 05:00:00,71.0,0.7163376851343969,0.4294868022676602,0.7299107129694434,0.968604243370901,10.314814814814815,1.0585969828109574,3.4333333333333336,
t1,2026-02-15,2026-02-16 00:00:00,2026-02-16 06:00:00,24.0,0.7846490155434327,0.527922171412981,0.8249412884140276,0.9592840337273405,10.342592592592593,1.1818892248927972,2.766666666666667,
t1,2026-02-15,2026-02-16 01:00:00,2026-02-16 07:00:00,25.0,0.7408135314552794,0.46446203350872806,0.7905427736348426,0.955215307466877,10.398148148148149,1.0184764301068174,2.966666666666667,
t1,2026-02-15,2026-02-16 02:00:00,2026-02-16 08:00:00,26.0,0.6379533583931918,0.3896474471316055,0.7337043957370755,0.9236671470909915,9.842592592592593,0.27404904790645884,2.9333333333333336,
t1,2026-02-15,2026-02-16 03:00:00,2026-02-16 09:00:00,27.0,0.5789288656897339,0.329937343078743,0.6359851599908741,0.9104282210459131,9.416666666666666,0.5357583756107198,3.4333333333333336,
t1,2026-02-15,2026-02-16 04:00:00,2026-02-16 10:00:00,28.0,0.5964932708559806,0.33481197788125244,0.6353912630699726,0.9182910564353769,9.333333333333334,0.6364688465216445,4.1,
t1,2026-02-15,2026-02-16 05:00:00,2026-02-16 11:00:00,29.0,0.669912681290944,0.3773822077813309,0.726032705329425,0.9289323682227186,9.583333333333334,0.712000312109794,4.933333333333334,
t1,2026-02-15,2026-02-16 06:00:00,2026-02-16 12:00:00,30.0,0.7810349738334831,0.4969796637167706,0.8628030861310124,0.951421629202383,10.14814814814815,0.4781759753213093,5.966666666666666,
t1,2026-02-15,2026-02-16 07:00:00,2026-02-16 13:00:00,31.0,0.7927657337935237,0.5139749967229663,0.8908813209611285,0.9531359543927659,9.888888888888888,0.5189317136741505,6.666666666666667,
t1,2026-02-15,2026-02-16 08:00:00,2026-02-16 14:00:00,32.0,0.8038157719895465,0.5254142874147394,0.8814150975147729,0.9483170117875023,9.898148148148149,0.6408986103952665,7.333333333333333,
t1,2026-02-15,2026-02-16 09:00:00,2026-02-16 15:00:00,33.0,0.7921066327544843,0.5195169147266285,0.8578714405695985,0.9516471417127044,9.898148148148149,0.8855550908498238,7.733333333333334,
t1,2026-02-15,2026-02-16 10:00:00,2026-02-16 16:00:00,34.0,0.7469186225752886,0.44431784143936687,0.8116029745993639,0.9518132074865646,9.851851851851853,0.9786822416091705,7.6000000000000005,
t1,2026-02-15,2026-02-16 11:00:00,2026-02-16 17:00:00,35.0,0.7192767926416362,0.39557270549637463,0.7330017874325526,0.9426518820843104,10.055555555555557,1.34829567772351,6.966666666666668,
t1,2026-02-15,2026-02-16 12:00:00,2026-02-16 18:00:00,36.0,0.6737111598575618,0.3963721817279003,0.7213244899311492,0.9319490223675706,9.500000000000002,0.8036375634160796,6.099999999999999,
t1,2026-02-15,2026-02-16 13:00:00,2026-02-16 19:00:00,37.0,0.6767387368789488,0.37701657256098,0.7043426951768569,0.9435625328696449,9.768518518518519,1.167438016613192,5.366666666666666,
t1,2026-02-15,2026-02-16 14:00:00,2026-02-16 20:00:00,38.0,0.6955629528398654,0.43361906059651295,0.7475120835477641,0.946218732391088,10.148148148148147,1.886913455045375,4.9,
t1,2026-02-15,2026-02-16 15:00:00,2026-02-16 21:00:00,39.0,0.712028563446328,0.4317380136378997,0.7458494177759433,0.9519140845529601,10.324074074074074,1.9660178883846813,4.6000000000000005,
t1,2026-02-15,2026-02-16 16:00:00,2026-02-16 22:00:00,40.0,0.7124557019429291,0.4490354992546437,0.7308560399125429,0.9497969061336994,10.185185185185185,1.9068454763776463,4.3,
t1,2026-02-15,2026-02-16 17:00:00,2026-02-16 23:00:00,41.0,0.7042382100422819,0.447780210157418,0.7171518713559643,0.9468574767483736,10.435185185185185,2.1855186500113253,4.166666666666667,
t1,2026-02-15,2026-02-16 18:00:00,2026-02-17 00:00:00,42.0,0.6565476029567245,0.3790550342305695,0.6721690684499163,0.9381174012113265,10.722222222222223,3.1111111111111116,4.133333333333334,
t1,2026-02-15,2026-02-16 19:00:00,2026-02-17 01:00:00,43.0,0.6455096156748429,0.3904771110830695,0.7045584384797708,0.9475376068544714,10.833333333333334,2.920368021793837,3.9333333333333336,
t1,2026-02-15,2026-02-16 20:00:00,2026-02-17 02:00:00,44.0,0.6399710441657271,0.365438579789666,0.6727634582309808,0.9437942559178987,10.925925925925926,2.5428933489948293,3.7999999999999994,
t1,2026-02-15,2026-02-16 21:00:00,2026-02-17 03:00:00,45.0,0.6244968737938305,0.2939634396610007,0.6391138024997166,0.9299686633174282,10.49074074074074,1.836347130009194,3.7000000000000006,
t1,2026-02-15,2026-02-16 22:00:00,2026-02-17 04:00:00,46.0,0.5357395355950426,0.18426081409319,0.4704378779285676,0.8799165262908927,9.814814814814815,1.6325993563750463,3.533333333333333,
t1,2026-02-15,2026-02-16 23:00:00,2026-02-17 05:00:00,47.0,0.3637618411272703,0.09725857047367442,0.26049604197206194,0.7814830632031007,8.814814814814815,1.571675732793981,3.533333333333333,
t1,2026-02-15,2026-02-17 00:00:00,2026-02-17 06:00:00,48.0,0.2635009020885299,0.03623218079680718,0.16948974955676469,0.6513681959254609,7.203703703703705,2.7940265500062664,3.6,
t1,2026-02-15,2026-02-17 01:00:00,2026-02-17 07:00:00,49.0,0.20551409664302836,0.02708475334672493,0.10391137221706158,0.5517564884565477,6.314814814814814,2.5086783528761316,3.2000000000000006,
t1,2026-02-15,2026-02-17 02:00:00,2026-02-17 08:00:00,50.0,0.20208578564938218,0.029730560957718852,0.10755920729320136,0.5349901425171596,5.861111111111112,2.0485993408324767,2.8666666666666667,
t1,2026-02-15,2026-02-17 03:00:00,2026-02-17 09:00:00,51.0,0.18402860612454142,0.02224605994753502,0.10233096757895205,0.4737337505680604,5.638888888888888,1.752643506038595,3.133333333333333,
t1,2026-02-15,2026-02-17 04:00:00,2026-02-17 10:00:00,52.0,0.20111348987015745,0.027801728714847623,0.09714760840778044,0.5161291451987376,5.416666666666667,1.044163673845139,3.7999999999999994,
t1,2026-02-15,2026-02-17 05:00:00,2026-02-17 11:00:00,53.0,0.2648071067982615,0.035044110843108545,0.14404817771078865,0.5972524007053053,5.851851851851852,1.1112268458243162,4.666666666666667,
t1,2026-02-15,2026-02-17 06:00:00,2026-02-17 12:00:00,54.0,0.3568218379877699,0.05294693061579614,0.257424491345424,0.7102876110240949,6.583333333333333,1.0095989914103471,7.1000000000000005,
t1,2026-02-15,2026-02-17 07:00:00,2026-02-17 13:00:00,55.0,0.4148945004533227,0.07312235402817324,0.3207854372505959,0.7444254634957339,6.851851851851852,1.194875030054842,7.766666666666666,
t1,2026-02-15,2026-02-17 08:00:00,2026-02-17 14:00:00,56.0,0.45994540561724284,0.08784268510380716,0.3830236044270895,0.7731395624058722,7.027777777777779,1.3184938095895347,8.4,
t1,2026-02-15,2026-02-17 09:00:00,2026-02-17 15:00:00,57.0,0.4704864895735421,0.10125030927377054,0.4610305370894821,0.8013722924253807,7.268518518518519,1.2326992030105646,8.666666666666666,
t1,2026-02-15,2026-02-17 10:00:00,2026-02-17 16:00:00,58.0,0.5096656061305956,0.12468107034788434,0.5215677799325107,0.8204672591109505,7.4907407407407405,1.1945521053977879,8.666666666666666,
t1,2026-02-15,2026-02-17 11:00:00,2026-02-17 17:00:00,59.0,0.5508637456166298,0.13935907475699616,0.5817015400234449,0.8648321848659302,7.796296296296297,1.3197611705627277,8.366666666666667,
t1,2026-02-15,2026-02-17 12:00:00,2026-02-17 18:00:00,60.0,0.5806625411059085,0.17859687635652188,0.569636648365985,0.904065592042884,8.481481481481481,1.4211077809592352,7.166666666666667,
t1,2026-02-15,2026-02-17 13:00:00,2026-02-17 19:00:00,61.0,0.6136386115277478,0.2537184489713602,0.6321170505577315,0.9313972334863836,9.222222222222223,1.3768926368215255,6.433333333333333,
t1,2026-02-15,2026-02-17 14:00:00,2026-02-17 20:00:00,62.0,0.7302083247295351,0.4094160322415309,0.7221951735218515,0.9480778135746619,10.0,1.4095682729294743,5.900000000000001,
t1,2026-02-15,2026-02-17 15:00:00,2026-02-17 21:00:00,63.0,0.7515940069876634,0.48957656000394056,0.7812011686040008,0.9594308268633839,10.75925925925926,1.392864679881324,5.533333333333334,
t1,2026-02-15,2026-02-17 16:00:00,2026-02-17 22:00:00,64.0,0.7278332790216085,0.5143356714610399,0.772602021138389,0.959958288158463,11.287037037037038,1.547681792243208,5.266666666666667,
t1,2026-02-15,2026-02-17 17:00:00,2026-02-17 23:00:00,65.0,0.7483559197231694,0.49947436349998003,0.7799742029323795,0.9608781497938808,11.537037037037038,1.716238110236691,4.666666666666667,
t1,2026-02-15,2026-02-17 18:00:00,2026-02-18 00:00:00,66.0,0.7621524591304726,0.5079515308510357,0.8149447208427054,0.964949399630721,11.472222222222223,2.1657761702800893,4.066666666666666,
t1,2026-02-15,2026-02-17 19:00:00,2026-02-18 01:00:00,67.0,0.7888074011532634,0.5153336632035517,0.824953431780905,0.9671503347486589,11.5,2.0485993408324776,3.6666666666666665,
t1,2026-02-15,2026-02-17 20:00:00,2026-02-18 02:00:00,68.0,0.7780576058507731,0.5121398207249277,0.829513357036812,0.967584713696127,11.666666666666666,1.8055555555555556,3.3333333333333335,
t1,2026-02-15,2026-02-17 21:00:00,2026-02-18 03:00:00,69.0,0.7887627435930569,0.5724893871332347,0.8542392304016824,0.9715147116343635,12.037037037037038,1.3089003646607527,3.1999999999999997,
t1,2026-02-15,2026-02-17 22:00:00,2026-02-18 04:00:00,70.0,0.7949877265172176,0.5657151306616641,0.8634746209106267,0.9721920936846492,11.916666666666666,0.9464847243000456,3.033333333333333,
t1,2026-02-15,2026-02-17 23:00:00,2026-02-18 05:00:00,71.0,0.8517506396005106,0.6590283793842266,0.876885910897812,0.9744953102902308,12.101851851851853,0.8829372510549167,2.8333333333333335,
t1,2026-02-16,2026-02-17 00:00:00,2026-02-17 06:00:00,24.0,0.33473287333503216,0.05069514283566809,0.23579092364738347,0.7590240745438743,7.787037037037038,1.367144601766733,3.3666666666666667,
t1,2026-02-16,2026-02-17 01:00:00,2026-02-17 07:00:00,25.0,0.3107983518330865,0.050681375530763184,0.19688145816870975,0.6695841925224068,7.2592592592592595,1.2239045660635777,3.3000000000000003,
t1,2026-02-16,2026-02-17 02:00:00,2026-02-17 08:00:00,26.0,0.2517183820919852,0.046360351055141996,0.1671064235503427,0.5791991198062155,6.6944444444444455,1.227576655221353,3.4000000000000004,
t1,2026-02-16,2026-02-17 03:00:00,2026-02-17 09:00:00,27.0,0.1771697603269414,0.023555797068511353,0.08299053048695504,0.4921652181203167,6.194444444444444,1.6146990699259582,3.733333333333334,
t1,2026-02-16,2026-02-17 04:00:00,2026-02-17 10:00:00,28.0,0.1818425843133711,0.021572513757810642,0.08201410438512835,0.517037006015021,5.851851851851852,2.3134625679915253,4.166666666666667,
t1,2026-02-16,2026-02-17 05:00:00,2026-02-17 11:00:00,29.0,0.1620130248315732,0.023795299084254623,0.10347587784670366,0.4587791469384956,5.453703703703703,2.3772866401734825,4.733333333333333,
t1,2026-02-16,2026-02-17 06:00:00,2026-02-17 12:00:00,30.0,0.1843734014224205,0.025900508083369175,0.12054868408494193,0.44470123091126523,4.787037037037037,2.9523391716335947,6.3,
t1,2026-02-16,2026-02-17 07:00:00,2026-02-17 13:00:00,31.0,0.18776739989323435,0.030241714576145773,0.15529052408239966,0.4975204163279848,4.6759259259259265,2.485813659010889,7.0,
t1,2026-02-16,2026-02-17 08:00:00,2026-02-17 14:00:00,32.0,0.23386946157503222,0.03386072541233609,0.17831526340472015,0.5560025524882981,5.268518518518518,2.6244242950899603,7.400000000000001,
t1,2026-02-16,2026-02-17 09:00:00,2026-02-17 15:00:00,33.0,0.3074653929732138,0.0499567061894193,0.23236605774728475,0.6719766451415117,5.7407407407407405,2.8974676754091933,7.966666666666666,
t1,2026-02-16,2026-02-17 10:00:00,2026-02-17 16:00:00,34.0,0.41009449455288344,0.07437539557095524,0.29316511710509047,0.7829718475319617,6.277777777777779,3.25616698846821,8.266666666666666,
t1,2026-02-16,2026-02-17 11:00:00,2026-02-17 17:00:00,35.0,0.5675470943442786,0.10734961549607852,0.4599831747831794,0.890672571102728,6.916666666666667,3.6162356800721875,8.166666666666666,
t1,2026-02-16,2026-02-17 12:00:00,2026-02-17 18:00:00,36.0,0.6762765383479876,0.16215165922747965,0.6253072682686709,0.9580240772284514,8.537037037037036,1.9068454763776461,7.533333333333334,
t1,2026-02-16,2026-02-17 13:00:00,2026-02-17 19:00:00,37.0,0.7036109167442165,0.22869999336352176,0.6908436620753485,0.9602190350113711,9.36111111111111,2.677207177564885,6.599999999999999,
t1,2026-02-16,2026-02-17 14:00:00,2026-02-17 20:00:00,38.0,0.7648465006198738,0.33878068150799967,0.771991841856742,0.9678264796680431,10.055555555555557,3.4123730926522082,5.733333333333333,
t1,2026-02-16,2026-02-17 15:00:00,2026-02-17 21:00:00,39.0,0.7360918694209811,0.3483901591909655,0.7594888291327944,0.9652595330153425,10.712962962962962,3.54874927251517,5.266666666666667,
t1,2026-02-16,2026-02-17 16:00:00,2026-02-17 22:00:00,40.0,0.7302087423119668,0.420233214410455,0.7654115669919461,0.9644263150312348,11.14814814814815,3.516970907206927,4.766666666666667,
t1,2026-02-16,2026-02-17 17:00:00,2026-02-17 23:00:00,41.0,0.7301354930196305,0.4140814346315635,0.7505759283064755,0.9621977444101892,10.879629629629632,2.984700355813255,4.566666666666667,
t1,2026-02-16,2026-02-17 18:00:00,2026-02-18 00:00:00,42.0,0.7942968425666046,0.5019654533056357,0.8160122741816351,0.9703039249902744,11.203703703703704,2.1228353777795075,4.033333333333333,
t1,2026-02-16,2026-02-17 19:00:00,2026-02-18 01:00:00,43.0,0.8269825483688226,0.5596664072759803,0.8602475565393385,0.9732476001049966,11.685185185185185,1.260246073038537,3.933333333333333,
t1,2026-02-16,2026-02-17 20:00:00,2026-02-18 02:00:00,44.0,0.7973146146317545,0.5537911545482598,0.8411675224060541,0.9730447177093997,11.416666666666666,1.0974859036188007,3.6999999999999997,
t1,2026-02-16,2026-02-17 21:00:00,2026-02-18 03:00:00,45.0,0.7713444102426619,0.5349121589584344,0.8197165369915433,0.9702075219163183,11.435185185185185,1.2793870703271009,3.5666666666666664,
t1,2026-02-16,2026-02-17 22:00:00,2026-02-18 04:00:00,46.0,0.8206191297182385,0.5715894387034592,0.8425005174715101,0.9729661252642402,11.333333333333334,1.1121522899537561,3.366666666666667,
t1,2026-02-16,2026-02-17 23:00:00,2026-02-18 05:00:00,47.0,0.8225955534527909,0.6003081285938763,0.8677061887814616,0.9750471315634757,11.24074074074074,0.5169453648965878,3.233333333333333,
t1,2026-02-16,2026-02-18 00:00:00,2026-02-18 06:00:00,48.0,0.8249380753760024,0.616094856067066,0.8767473067124043,0.9754741593441376,12.083333333333334,0.8475636834662423,2.6,
t1,2026-02-16,2026-02-18 01:00:00,2026-02-18 07:00:00,49.0,0.8272990889771669,0.6119988193157255,0.8965043621472264,0.9761029215669125,12.083333333333334,0.53214566835189,2.766666666666667,
t1,2026-02-16,2026-02-18 02:00:00,2026-02-18 08:00:00,50.0,0.840966634996107,0.601906441432341,0.9168092650042423,0.9802155016067705,12.203703703703704,1.029777833724962,2.733333333333333,
t1,2026-02-16,2026-02-18 03:00:00,2026-02-18 09:00:00,51.0,0.912295741458086,0.7523037073860992,0.9554129395095291,0.9846665374888813,12.324074074074076,0.3072344448710556,4.066666666666666,
t1,2026-02-16,2026-02-18 04:00:00,2026-02-18 10:00:00,52.0,0.9318584100524807,0.8208850942804096,0.9626845643044728,0.9864861594175947,12.75925925925926,0.6176002276167517,6.033333333333334,
t1,2026-02-16,2026-02-18 05:00:00,2026-02-18 11:00:00,53.0,0.9370162458154554,0.8253993414579097,0.9657427597408856,0.9868009940956618,12.462962962962964,1.0230119735088081,8.4,
t1,2026-02-16,2026-02-18 06:00:00,2026-02-18 12:00:00,54.0,0.9367906985767191,0.8243833270777414,0.9661184645662203,0.9868868862895005,12.75925925925926,1.0527496820251792,10.566666666666668,
t1,2026-02-16,2026-02-18 07:00:00,2026-02-18 13:00:00,55.0,0.9346302641061263,0.8387491920034784,0.9667482152394563,0.9870562619963582,13.037037037037038,0.9230975319531206,11.833333333333334,
t1,2026-02-16,2026-02-18 08:00:00,2026-02-18 14:00:00,56.0,0.9415353304813255,0.8716846837626496,0.9664064006774629,0.9870072486171237,13.203703703703704,0.7105538904796175,12.766666666666666,
t1,2026-02-16,2026-02-18 09:00:00,2026-02-18 15:00:00,57.0,0.9418826115455377,0.8743331676210823,0.9657773389541083,0.9868289248060358,12.935185185185185,0.6194714327288043,13.1,
t1,2026-02-16,2026-02-18 10:00:00,2026-02-18 16:00:00,58.0,0.9328330588833458,0.8079749981296783,0.9590701717837583,0.985301310975988,12.388888888888891,1.1183790077331885,13.0,
t1,2026-02-16,2026-02-18 11:00:00,2026-02-18 17:00:00,59.0,0.9138938731410914,0.768057009949513,0.9440080869006737,0.9831138375945068,12.00925925925926,1.506757754266144,12.333333333333334,
t1,2026-02-16,2026-02-18 12:00:00,2026-02-18 18:00:00,60.0,0.857933619992087,0.6594025802741663,0.8914382696375176,0.9771366502288303,11.953703703703702,1.7700206922600663,10.966666666666667,
t1,2026-02-16,2026-02-18 13:00:00,2026-02-18 19:00:00,61.0,0.8424902065120407,0.5838296607858967,0.8844365049352063,0.9775996515045121,11.185185185185185,0.7501714481677442,9.566666666666666,
t1,2026-02-16,2026-02-18 14:00:00,2026-02-18 20:00:00,62.0,0.7342460211721886,0.4793854598028356,0.7740773162292376,0.964874380590621,10.814814814814817,1.3948022264926336,8.533333333333333,
t1,2026-02-16,2026-02-18 15:00:00,2026-02-18 21:00:00,63.0,0.7366259994287105,0.4488438096183873,0.7710727780344477,0.9632746815653592,10.481481481481483,1.5139101255731,7.733333333333333,
t1,2026-02-16,2026-02-18 16:00:00,2026-02-18 22:00:00,64.0,0.7216416441080796,0.42171880768932407,0.7558674665225322,0.9571475113943964,10.333333333333334,1.8081178400360944,7.166666666666667,
t1,2026-02-16,2026-02-18 17:00:00,2026-02-18 23:00:00,65.0,0.721134643022545,0.4464385704446598,0.7716219728807212,0.9527270673733093,10.425925925925926,1.5217896114112415,6.7,
t1,2026-02-16,2026-02-18 18:00:00,2026-02-19 00:00:00,66.0,0.7284676338944467,0.4545386520206635,0.7778523646637376,0.9630396887662044,10.620370370370372,1.4594131804515547,6.533333333333332,
t1,2026-02-16,2026-02-18 19:00:00,2026-02-19 01:00:00,67.0,0.7239720899456793,0.45002551619984515,0.7820893533449449,0.9595872603046158,10.787037037037038,1.7981328908076055,6.099999999999999,
t1,2026-02-16,2026-02-18 20:00:00,2026-02-19 02:00:00,68.0,0.722202231976828,0.44621889476118626,0.7778797019511625,0.9588297471070707,10.962962962962964,1.7735047025709159,5.566666666666666,
t1,2026-02-16,2026-02-18 21:00:00,2026-02-19 03:00:00,69.0,0.7162798757985551,0.44189443522838806,0.7630991058192269,0.9622956746075285,10.851851851851853,1.5556382253164922,5.266666666666667,
t1,2026-02-16,2026-02-18 22:00:00,2026-02-19 04:00:00,70.0,0.7003594334055203,0.4355773602307559,0.7181269403168018,0.9525349363035015,10.916666666666666,2.1806882479088805,5.1000000000000005,
t1,2026-02-16,2026-02-18 23:00:00,2026-02-19 05:00:00,71.0,0.6581790553463231,0.4082855492196387,0.6781853970266212,0.9386766243516509,10.5,1.9592688860647054,5.133333333333334,
t1,2026-02-17,2026-02-18 00:00:00,2026-02-18 06:00:00,24.0,0.8327058561383853,0.6257281123916687,0.9069002482862412,0.9790753336462736,11.814814814814815,0.6176002276167517,3.4333333333333336,
t1,2026-02-17,2026-02-18 01:00:00,2026-02-18 07:00:00,25.0,0.8679365403916406,0.6946805498705861,0.9076497647203452,0.9794482135240505,12.638888888888888,0.8875858504816921,3.4333333333333336,
t1,2026-02-17,2026-02-18 02:00:00,2026-02-18 08:00:00,26.0,0.8992750750759023,0.7894327431700027,0.9391603274909583,0.9833158579689127,13.00925925925926,1.1112268458243157,3.4333333333333336,
t1,2026-02-17,2026-02-18 03:00:00,2026-02-18 09:00:00,27.0,0.9156265473260168,0.8002657558376058,0.9546017948817245,0.9851502739707891,12.953703703703704,0.7061968505803086,4.3999999999999995,
t1,2026-02-17,2026-02-18 04:00:00,2026-02-18 10:00:00,28.0,0.9207751435242187,0.8173118395589609,0.9657306173272517,0.9864612150533901,12.962962962962962,0.5835537502440268,6.400000000000001,
t1,2026-02-17,2026-02-18 05:00:00,2026-02-18 11:00:00,29.0,0.9287456386909583,0.8179374857315684,0.9670230795865334,0.9868287009841202,12.962962962962964,0.7926812861416469,8.5,
t1,2026-02-17,2026-02-18 06:00:00,2026-02-18 12:00:00,30.0,0.9342270550720357,0.8271919346278738,0.9670230795865334,0.9868300205817239,12.981481481481483,0.9363762125997399,9.933333333333334,
t1,2026-02-17,2026-02-18 07:00:00,2026-02-18 13:00:00,31.0,0.9346874752111503,0.8316876771132499,0.9667482152394563,0.9868002375795834,13.0,0.9765775461803854,11.233333333333334,
t1,2026-02-17,2026-02-18 08:00:00,2026-02-18 14:00:00,32.0,0.948787958088364,0.8734316064893048,0.9664165486734553,0.9867955783837599,12.99074074074074,1.6066349056847382,12.333333333333334,
t1,2026-02-17,2026-02-18 09:00:00,2026-02-18 15:00:00,33.0,0.933134597449972,0.8479516973102694,0.9664138538575483,0.9867432920213011,12.833333333333334,1.3653561919382784,12.9,
t1,2026-02-17,2026-02-18 10:00:00,2026-02-18 16:00:00,34.0,0.9305537812417343,0.8167999795375147,0.9582078424810986,0.9850349498322855,12.731481481481483,1.122969131713732,12.666666666666666,
t1,2026-02-17,2026-02-18 11:00:00,2026-02-18 17:00:00,35.0,0.9069205668155805,0.7371960504242407,0.9507638808690557,0.9839029786347657,12.425925925925926,1.1032126673041838,11.766666666666666,
t1,2026-02-17,2026-02-18 12:00:00,2026-02-18 18:00:00,36.0,0.8749153437309628,0.6548917129511422,0.9277405187023493,0.981373503330495,11.555555555555557,1.2549285553418346,10.233333333333333,
t1,2026-02-17,2026-02-18 13:00:00,2026-02-18 19:00:00,37.0,0.8008587777805285,0.5130396438109422,0.8782696124063447,0.9749017597623574,10.537037037037038,1.073794663529238,8.933333333333335,
t1,2026-02-17,2026-02-18 14:00:00,2026-02-18 20:00:00,38.0,0.7588743107675255,0.4542033224437659,0.790303566970028,0.9658360544533184,10.444444444444445,1.6501496378087943,8.066666666666666,
t1,2026-02-17,2026-02-18 15:00:00,2026-02-18 21:00:00,39.0,0.7273814920351711,0.44445560213533714,0.7740957308874847,0.9642329558692033,10.314814814814817,1.7946966913636877,7.433333333333334,
t1,2026-02-17,2026-02-18 16:00:00,2026-02-18 22:00:00,40.0,0.7384082087689203,0.4708611618257672,0.7958142465340492,0.9677916949738737,10.314814814814817,1.8258122945635524,6.933333333333334,
t1,2026-02-17,2026-02-18 17:00:00,2026-02-18 23:00:00,41.0,0.7505247101606574,0.4845909999817916,0.812710794900217,0.9602489488666404,10.555555555555555,1.3214166546962545,6.666666666666667,
t1,2026-02-17,2026-02-18 18:00:00,2026-02-19 00:00:00,42.0,0.7728985003231692,0.5211301342823567,0.8047708806508758,0.9658612649765163,11.00925925925926,1.2833012662339642,6.366666666666666,
t1,2026-02-17,2026-02-18 19:00:00,2026-02-19 01:00:00,43.0,0.7525162370676912,0.517145671913724,0.8364280384523015,0.9641154417279232,11.305555555555555,1.002696980432225,6.166666666666667,
t1,2026-02-17,2026-02-18 20:00:00,2026-02-19 02:00:00,44.0,0.7714286834740997,0.5195876730401496,0.838916871290375,0.9703082807075198,11.24074074074074,0.9786822416091714,5.866666666666667,
t1,2026-02-17,2026-02-18 21:00:00,2026-02-19 03:00:00,45.0,0.7617806570595465,0.5128542278028967,0.8340061051763525,0.9636414717059822,11.425925925925926,1.4300385617408518,5.633333333333333,
t1,2026-02-17,2026-02-18 22:00:00,2026-02-19 04:00:00,46.0,0.7951059510317664,0.5459313644359033,0.8477209096910776,0.9662164608795284,11.231481481481481,1.3337190800022842,5.233333333333333,
t1,2026-02-17,2026-02-18 23:00:00,2026-02-19 05:00:00,47.0,0.7540400054068953,0.49901660057835245,0.8218952599343878,0.9642416189552497,10.953703703703704,1.3153689494780652,5.1,
t1,2026-02-17,2026-02-19 00:00:00,2026-02-19 06:00:00,48.0,0.7072163634509849,0.45787285500484126,0.7509236605356442,0.9529602919209615,11.25925925925926,1.9453040427989758,5.1000000000000005,
t1,2026-02-17,2026-02-19 01:00:00,2026-02-19 07:00:00,49.0,0.6651813983983468,0.4411667599944293,0.7126706655613214,0.9473299596687619,10.796296296296298,1.409385792732849,5.0,
t1,2026-02-17,2026-02-19 02:00:00,2026-02-19 08:00:00,50.0,0.65824250866931,0.44820497513407115,0.6934349350906152,0.9462282742168038,10.75,1.2677748563604467,4.933333333333334,
t1,2026-02-17,2026-02-19 03:00:00,2026-02-19 09:00:00,51.0,0.6295695853421752,0.39304032403400446,0.6611213572499558,0.9435694147694524,10.370370370370372,0.9703686033345513,6.066666666666667,
t1,2026-02-17,2026-02-19 04:00:00,2026-02-19 10:00:00,52.0,0.6900090775417868,0.3838832403107054,0.7146216043985133,0.9497365865593054,10.425925925925926,1.2179006088364164,7.933333333333333,
t1,2026-02-17,2026-02-19 05:00:00,2026-02-19 11:00:00,53.0,0.7024141899406365,0.3039270670543248,0.6976897845509284,0.9332720039375152,9.879629629629632,1.1332289349156424,9.966666666666667,
t1,2026-02-17,2026-02-19 06:00:00,2026-02-19 12:00:00,54.0,0.5633209349820908,0.17047128579842924,0.5659132403674535,0.8727732201044192,8.740740740740742,2.452060945543246,11.366666666666667,
t1,2026-02-17,2026-02-19 07:00:00,2026-02-19 13:00:00,55.0,0.44337250794829375,0.09148230464496798,0.37464060981268266,0.787913657290101,7.7592592592592595,2.4064813033502848,12.799999999999999,
t1,2026-02-17,2026-02-19 08:00:00,2026-02-19 14:00:00,56.0,0.34541519623106026,0.094103087908117,0.2642788804692681,0.7319730475877082,6.851851851851852,1.9847670925130316,14.0,
t1,2026-02-17,2026-02-19 09:00:00,2026-02-19 15:00:00,57.0,0.3131728074293035,0.06626397208660817,0.19645487514905963,0.6887979827676258,6.166666666666667,1.7751717009633838,14.600000000000001,
t1,2026-02-17,2026-02-19 10:00:00,2026-02-19 16:00:00,58.0,0.2975666488252742,0.05893156474289979,0.19389450548866452,0.6701147166902364,5.842592592592593,1.5960341797344628,14.466666666666667,
t1,2026-02-17,2026-02-19 11:00:00,2026-02-19 17:00:00,59.0,0.265120698246178,0.03409477017776448,0.15896041735004454,0.6269224777715904,5.592592592592593,1.6235946756447228,13.799999999999999,
t1,2026-02-17,2026-02-19 12:00:00,2026-02-19 18:00:00,60.0,0.2814932722213635,0.03641251718235014,0.15985817360320598,0.6700920526110293,5.962962962962963,2.1119028729692966,11.766666666666666,
t1,2026-02-17,2026-02-19 13:00:00,2026-02-19 19:00:00,61.0,0.2585207571715899,0.026675737691471135,0.12406312734635733,0.6649924404591507,5.953703703703705,2.696782109265776,9.933333333333334,
t1,2026-02-17,2026-02-19 14:00:00,2026-02-19 20:00:00,62.0,0.24350577101858678,0.019565198352385973,0.08604787978879702,0.5414731846981445,5.268518518518519,3.7567155232508287,8.466666666666667,
t1,2026-02-17,2026-02-19 15:00:00,2026-02-19 21:00:00,63.0,0.17012624287050332,0.016298825715208846,0.06351704639767206,0.4470836330219965,4.592592592592593,3.6667017394506654,7.666666666666667,
t1,2026-02-17,2026-02-19 16:00:00,2026-02-19 22:00:00,64.0,0.152594687050064,0.016446344847071255,0.06761226240283406,0.4133619241994888,3.6203703703703702,3.2373130020513967,6.833333333333333,
t1,2026-02-17,2026-02-19 17:00:00,2026-02-19 23:00:00,65.0,0.1888376574704039,0.0189223359316186,0.0887497741071939,0.533292821214846,4.055555555555555,2.852197549995009,6.7,
t1,2026-02-17,2026-02-19 18:00:00,2026-02-20 00:00:00,66.0,0.2209764977997275,0.018129510787547848,0.07889381981643809,0.5359213768445512,4.722222222222222,1.2586123065787993,6.6000000000000005,
t1,2026-02-17,2026-02-19 19:00:00,2026-02-20 01:00:00,67.0,0.3306530297896438,0.021734768817292444,0.108102704075343,0.6975221107703939,5.518518518518519,1.0658609997471025,6.366666666666667,
t1,2026-02-17,2026-02-19 20:00:00,2026-02-20 02:00:00,68.0,0.437737331915112,0.030237816045096844,0.16074504911806742,0.8105125702496673,5.685185185185186,2.806288866393852,6.133333333333333,
t1,2026-02-17,2026-02-19 21:00:00,2026-02-20 03:00:00,69.0,0.35645882236830134,0.03577594901708625,0.184141997280479,0.7553037854485788,5.916666666666667,3.9642499640887654,6.233333333333334,
t1,2026-02-17,2026-02-19 22:00:00,2026-02-20 04:00:00,70.0,0.3762667522853166,0.044249224932633086,0.2570123468171586,0.7402729478132383,6.037037037037037,5.016510805174869,6.433333333333334,
t1,2026-02-17,2026-02-19 23:00:00,2026-02-20 05:00:00,71.0,0.44897130824974857,0.05683633301517085,0.3048064254527395,0.8491350701900519,6.935185185185186,4.645149910979543,6.966666666666666,
t1,2026-02-18,2026-02-19 00:00:00,2026-02-19 06:00:00,24.0,0.5602266592470082,0.1951588501995662,0.5304471644289567,0.9440844424753585,9.925925925925927,0.7936541005222116,4.833333333333333,
t1,2026-02-18,2026-02-19 01:00:00,2026-02-19 07:00:00,25.0,0.4014337318310913,0.16358720954738928,0.4396569764440778,0.8740405070255494,9.314814814814815,0.9301754336943968,4.7,
t1,2026-02-18,2026-02-19 02:00:00,2026-02-19 08:00:00,26.0,0.35710539412806797,0.11796366716489054,0.3965045417213227,0.8735420728467872,9.231481481481481,2.1376860494681007,4.566666666666666,
t1,2026-02-18,2026-02-19 03:00:00,2026-02-19 09:00:00,27.0,0.3376189948529873,0.05975056359696321,0.2995946815252509,0.810024202255426,8.435185185185185,2.0713234074948828,5.566666666666666,
t1,2026-02-18,2026-02-19 04:00:00,2026-02-19 10:00:00,28.0,0.47179078789428625,0.09249556246957544,0.4070002202075394,0.8575813205283177,8.277777777777779,2.2640166971421105,7.3,
t1,2026-02-18,2026-02-19 05:00:00,2026-02-19 11:00:00,29.0,0.5350566677807616,0.1242545129884834,0.4942351433149922,0.8932356254486759,8.185185185185185,1.8899778995811956,9.4,
t1,2026-02-18,2026-02-19 06:00:00,2026-02-19 12:00:00,30.0,0.38701630585527835,0.07524603238042935,0.3636606955023867,0.8587400526324761,7.666666666666668,2.661598192491047,11.5,
t1,2026-02-18,2026-02-19 07:00:00,2026-02-19 13:00:00,31.0,0.4466606297499995,0.054485394859943984,0.35764860204235266,0.7992329139509361,7.2592592592592595,1.861180208778109,13.200000000000001,
t1,2026-02-18,2026-02-19 08:00:00,2026-02-19 14:00:00,32.0,0.47922461133228716,0.041109419728578594,0.35141789897595666,0.8398709118749593,6.870370370370371,1.4153952173860056,14.166666666666666,
t1,2026-02-18,2026-02-19 09:00:00,2026-02-19 15:00:00,33.0,0.3633191106282744,0.056529508386250066,0.25411576664099417,0.7640651139928983,6.435185185185186,1.4490666784807138,14.4,
t1,2026-02-18,2026-02-19 10:00:00,2026-02-19 16:00:00,34.0,0.29633936776768915,0.031898509976257004,0.1827598905769742,0.7148205662833059,5.953703703703703,1.0944350441408666,14.299999999999999,
t1,2026-02-18,2026-02-19 11:00:00,2026-02-19 17:00:00,35.0,0.2910053382773883,0.019220119024867588,0.1738584084247777,0.6516597598468785,6.0092592592592595,0.8251137843968225,13.5,
t1,2026-02-18,2026-02-19 12:00:00,2026-02-19 18:00:00,36.0,0.24747998546191075,0.015767999757700237,0.12768373753919354,0.6049426799473047,5.787037037037037,1.070916495305631,11.466666666666667,
t1,2026-02-18,2026-02-19 13:00:00,2026-02-19 19:00:00,37.0,0.20466084878806926,0.010765461601995784,0.09518771615357596,0.5461728549146719,5.25,1.6944444444444444,9.700000000000001,
t1,2026-02-18,2026-02-19 14:00:00,2026-02-19 20:00:00,38.0,0.12529518316057683,0.009741514104521742,0.04120764026227757,0.39215055822522055,3.9629629629629632,3.031258617568677,8.5,
t1,2026-02-18,2026-02-19 15:00:00,2026-02-19 21:00:00,39.0,0.13599511444191129,0.010629813797328153,0.06934382574784059,0.4054863028022369,2.5462962962962963,3.3743235871477846,7.833333333333333,
t1,2026-02-18,2026-02-19 16:00:00,2026-02-19 22:00:00,40.0,0.24753854674204534,0.01378907072756439,0.11464800657893422,0.5456779459555597,3.1944444444444446,1.7587962353640814,7.766666666666667,
t1,2026-02-18,2026-02-19 17:00:00,2026-02-19 23:00:00,41.0,0.3425407141137952,0.018160623659905624,0.19321287416865954,0.7603939918130264,5.5555555555555545,0.7206178761707135,7.666666666666667,
t1,2026-02-18,2026-02-19 18:00:00,2026-02-20 00:00:00,42.0,0.4058912626080133,0.0242066948937814,0.22249697359375292,0.8916159149202321,6.787037037037038,2.0454581826463074,7.666666666666667,
t1,2026-02-18,2026-02-19 19:00:00,2026-02-20 01:00:00,43.0,0.3793059447831005,0.01895282185142265,0.23897570153523812,0.8868801100562548,6.7407407407407405,3.43999862426999,7.599999999999999,
t1,2026-02-18,2026-02-19 20:00:00,2026-02-20 02:00:00,44.0,0.39041047462278344,0.022765373920797045,0.2746691380992045,0.8189534320054606,5.87037037037037,4.339412876787174,7.966666666666666,
t1,2026-02-18,2026-02-19 21:00:00,2026-02-20 03:00:00,45.0,0.458187623009371,0.024539527353147596,0.3344378913596078,0.9095653005798995,5.962962962962963,3.831454182456496,8.299999999999999,
t1,2026-02-18,2026-02-19 22:00:00,2026-02-20 04:00:00,46.0,0.529223805664885,0.02804296418366326,0.3844480750208192,0.9116296879904893,6.287037037037037,3.3196865710547363,8.1,
t1,2026-02-18,2026-02-19 23:00:00,2026-02-20 05:00:00,47.0,0.4827212863355298,0.029505286057194,0.338698739346236,0.8698846574932994,6.407407407407407,2.9247682895103164,7.633333333333334,
t1,2026-02-18,2026-02-20 00:00:00,2026-02-20 06:00:00,48.0,0.5093478075424198,0.029757993301229475,0.38648057399527624,0.9165898508457935,7.064814814814814,3.0085184273279792,6.733333333333333,
t1,2026-02-18,2026-02-20 01:00:00,2026-02-20 07:00:00,49.0,0.5030326439570625,0.03393633915683199,0.38227325961300457,0.9280672418944588,7.657407407407408,2.9318827080890824,6.633333333333333,
t1,2026-02-18,2026-02-20 02:00:00,2026-02-20 08:00:00,50.0,0.46645587091964424,0.031102169521674678,0.32017997893473066,0.9018977239638652,7.6759259259259265,2.9350391364529176,6.466666666666666,
t1,2026-02-18,2026-02-20 03:00:00,2026-02-20 09:00:00,51.0,0.41521684561359656,0.021916410259718955,0.2806414541703286,0.8458960770592246,7.092592592592593,3.238147110280651,7.433333333333334,
t1,2026-02-18,2026-02-20 04:00:00,2026-02-20 10:00:00,52.0,0.2984788853979546,0.0170701844628383,0.1853005014789223,0.7746417574381937,6.111111111111112,3.3902547338649685,9.333333333333334,
t1,2026-02-18,2026-02-20 05:00:00,2026-02-20 11:00:00,53.0,0.22350894276806144,0.01113904197727502,0.15363055055125982,0.6131908354148745,4.4907407407407405,2.7499064705381926,11.133333333333333,
t1,2026-02-18,2026-02-20 06:00:00,2026-02-20 12:00:00,54.0,0.14062570833107899,0.009927507551283495,0.08115405808628715,0.4271621411083725,5.1759259259259265,0.30723444487105644,12.633333333333333,
t1,2026-02-18,2026-02-20 07:00:00,2026-02-20 13:00:00,55.0,0.10420221212796117,0.00969043380517982,0.03292246563319063,0.31973505579408595,4.212962962962963,0.451620311046563,13.5,
t1,2026-02-18,2026-02-20 08:00:00,2026-02-20 14:00:00,56.0,0.10466631611561433,0.009311689991664466,0.024040017630878912,0.27297700167374406,3.4907407407407405,0.8297763593790574,14.133333333333335,
t1,2026-02-18,2026-02-20 09:00:00,2026-02-20 15:00:00,57.0,0.10879106440958075,0.009353561146716052,0.03372524647070623,0.2635863134157157,2.7314814814814814,1.379225643064106,14.4,
t1,2026-02-18,2026-02-20 10:00:00,2026-02-20 16:00:00,58.0,0.11119654330666319,0.01095345062633893,0.0403691565098892,0.2909273911322566,2.4722222222222223,0.9477067838462211,14.066666666666668,
t1,2026-02-18,2026-02-20 11:00:00,2026-02-20 17:00:00,59.0,0.16236356279634592,0.012938022749216087,0.07695783677514023,0.4090189125976921,3.2870370370370368,1.836347130009194,13.0,
t1,2026-02-18,2026-02-20 12:00:00,2026-02-20 18:00:00,60.0,0.2650966369478317,0.023275100626053733,0.12044157160717739,0.5380624695063232,2.527777777777778,0.847563683466242,11.666666666666666,
t1,2026-02-18,2026-02-20 13:00:00,2026-02-20 19:00:00,61.0,0.5364134918770415,0.0437413977353627,0.40021558869072077,0.9603844273056941,5.703703703703705,4.667107562946801,10.299999999999999,
t1,2026-02-18,2026-02-20 14:00:00,2026-02-20 20:00:00,62.0,0.6525021996334244,0.12643414501135133,0.6022870009338229,1.0,8.222222222222223,5.819295277854889,9.633333333333333,
t1,2026-02-18,2026-02-20 15:00:00,2026-02-20 21:00:00,63.0,0.7454322978823533,0.16924413225915208,0.6931802080261068,0.989835759263931,9.981481481481481,5.53832977600819,9.1,
t1,2026-02-18,2026-02-20 16:00:00,2026-02-20 22:00:00,64.0,0.7492114673560615,0.24639830433768156,0.8006030492951938,0.9858203845495312,11.435185185185185,4.095063775462219,8.166666666666666,
t1,2026-02-18,2026-02-20 17:00:00,2026-02-20 23:00:00,65.0,0.7273802201155649,0.3431835858885517,0.7781247474794605,0.9877420633074141,11.712962962962962,2.9587354099914793,7.566666666666666,
t1,2026-02-18,2026-02-20 18:00:00,2026-02-21 00:00:00,66.0,0.7130223515126368,0.32906602964972353,0.7522460494227098,0.988894847135228,10.74074074074074,2.8404503931971767,6.766666666666666,
t1,2026-02-18,2026-02-20 19:00:00,2026-02-21 01:00:00,67.0,0.7321860736929259,0.4308662616159916,0.7924878512697667,0.9895450976611363,10.907407407407407,1.922562055166771,6.333333333333333,
t1,2026-02-18,2026-02-20 20:00:00,2026-02-21 02:00:00,68.0,0.7212515889442543,0.4145357062996647,0.7587051983431131,0.9883420031049559,10.91666666666667,1.6168480234283615,5.933333333333333,
t1,2026-02-18,2026-02-20 21:00:00,2026-02-21 03:00:00,69.0,0.7208617932374761,0.39197694082258855,0.7413236526913333,0.9863282915646225,10.518518518518519,1.1534748004297009,5.633333333333333,
t1,2026-02-18,2026-02-20 22:00:00,2026-02-21 04:00:00,70.0,0.6931555346375895,0.381545403470918,0.7099342509044709,0.9659535123297909,10.166666666666666,0.7489704868173758,5.366666666666667,
t1,2026-02-18,2026-02-20 23:00:00,2026-02-21 05:00:00,71.0,0.6665511117696103,0.38003375570123255,0.7054782946195262,0.965455031436697,9.824074074074074,0.5228817742035365,5.166666666666667,
t1,2026-02-19,2026-02-20 00:00:00,2026-02-20 06:00:00,24.0,0.5764073111507575,0.044671097124390644,0.5253950627949877,0.9689399576337822,7.601851851851852,1.6560619409500883,7.533333333333334,
t1,2026-02-19,2026-02-20 01:00:00,2026-02-20 07:00:00,25.0,0.6097016302021131,0.04619633283504624,0.5542694177109475,0.9944809477705191,8.194444444444445,1.5002571795989756,7.566666666666667,
t1,2026-02-19,2026-02-20 02:00:00,2026-02-20 08:00:00,26.0,0.5932846654314732,0.051799084485673635,0.5504569955256836,0.9731438537506345,8.666666666666666,1.6729049916570606,7.633333333333333,
t1,2026-02-19,2026-02-20 03:00:00,2026-02-20 09:00:00,27.0,0.5380559060334951,0.04256927165974585,0.5220641468559737,0.9469935194669041,8.574074074074074,1.545686284643484,8.433333333333334,
t1,2026-02-19,2026-02-20 04:00:00,2026-02-20 10:00:00,28.0,0.4475716680118278,0.04561836488299565,0.41392769883263986,0.8865709772980094,7.935185185185186,1.2501028764250135,10.1,
t1,2026-02-19,2026-02-20 05:00:00,2026-02-20 11:00:00,29.0,0.3359081769726703,0.040255815308042314,0.2549786281012348,0.7374111685631626,6.712962962962963,1.0039787104459965,11.700000000000001,
t1,2026-02-19,2026-02-20 06:00:00,2026-02-20 12:00:00,30.0,0.274376794308305,0.02571954775886056,0.19027636137547205,0.7038263034748032,6.981481481481481,0.9062256098605237,12.133333333333333,
t1,2026-02-19,2026-02-20 07:00:00,2026-02-20 13:00:00,31.0,0.2126141199014612,0.012393404528237648,0.15529543248016456,0.6636584328364029,6.398148148148149,0.8581190551183452,13.200000000000001,
t1,2026-02-19,2026-02-20 08:00:00,2026-02-20 14:00:00,32.0,0.1750815515421853,0.01150611207808515,0.12398759402185539,0.5207612745464101,5.6944444444444455,0.7949493345141216,13.866666666666667,
t1,2026-02-19,2026-02-20 09:00:00,2026-02-20 15:00:00,33.0,0.14153690291800047,0.009379660334569148,0.09871072720552285,0.40155473804562186,5.157407407407407,0.42157601621600804,13.933333333333335,
t1,2026-02-19,2026-02-20 10:00:00,2026-02-20 16:00:00,34.0,0.12445991710107017,0.010238902790772914,0.07211879857717336,0.36699976259104233,4.833333333333334,0.16896562584161742,13.466666666666667,
t1,2026-02-19,2026-02-20 11:00:00,2026-02-20 17:00:00,35.0,0.11493517766856463,0.009490048890703713,0.05600854729288613,0.32246820698630185,4.481481481481482,0.6213370025854678,12.4,
t1,2026-02-19,2026-02-20 12:00:00,2026-02-20 18:00:00,36.0,0.1669781876487291,0.010562883328667557,0.09122400502577208,0.38295548651002825,3.611111111111112,1.167658308721317,11.033333333333333,
t1,2026-02-19,2026-02-20 13:00:00,2026-02-20 19:00:00,37.0,0.21428725222444522,0.01340337992209847,0.1323567991064523,0.48143142544911877,2.8518518518518525,1.3755844249947242,9.299999999999999,
t1,2026-02-19,2026-02-20 14:00:00,2026-02-20 20:00:00,38.0,0.27739952281731584,0.009183498495919413,0.1801882102144283,0.642071475746856,5.5740740740740735,2.685312896068955,8.466666666666667,
t1,2026-02-19,2026-02-20 15:00:00,2026-02-20 21:00:00,39.0,0.3672564633845481,0.02846848898290889,0.28930322455851804,0.8713911668327295,7.092592592592593,4.824091846132046,7.566666666666667,
t1,2026-02-19,2026-02-20 16:00:00,2026-02-20 22:00:00,40.0,0.5595650106794074,0.05116982399788241,0.4660373491198237,0.9649037432044536,7.990740740740741,6.308328644582956,7.266666666666667,
t1,2026-02-19,2026-02-20 17:00:00,2026-02-20 23:00:00,41.0,0.6230454826312237,0.136443888644977,0.5389753042492159,0.9821175210330391,9.222222222222223,5.966211445494174,7.133333333333333,
t1,2026-02-19,2026-02-20 18:00:00,2026-02-21 00:00:00,42.0,0.6734857106100801,0.2538553570813202,0.6541773178644622,0.9689980717968774,10.62037037037037,3.5644780985757705,6.766666666666667,
t1,2026-02-19,2026-02-20 19:00:00,2026-02-21 01:00:00,43.0,0.67123179493793,0.2662529732898818,0.6739827407988618,0.9775966351457549,10.694444444444445,3.617195728499028,6.3,
t1,2026-02-19,2026-02-20 20:00:00,2026-02-21 02:00:00,44.0,0.6711537715806636,0.27552525495122426,0.6577693337571769,0.9790585856729388,10.666666666666666,3.338884266959271,5.8,
t1,2026-02-19,2026-02-20 21:00:00,2026-02-21 03:00:00,45.0,0.6684368790507806,0.2673082613826927,0.6356756287469391,0.9717293667727501,10.305555555555555,3.2809542047744533,5.466666666666666,
t1,2026-02-19,2026-02-20 22:00:00,2026-02-21 04:00:00,46.0,0.6358420485977994,0.28021754884062355,0.6168600928715148,0.9613091188229206,9.972222222222223,3.030325126182069,5.066666666666666,
t1,2026-02-19,2026-02-20 23:00:00,2026-02-21 05:00:00,47.0,0.6338618580331924,0.29689741573578576,0.5809499544456421,0.9701534354194754,9.87037037037037,2.3953938136836177,4.7,
t1,2026-02-19,2026-02-21 00:00:00,2026-02-21 06:00:00,48.0,0.6204231078813988,0.2939124799132507,0.6403880407539582,0.9654930852223352,9.935185185185185,0.3394500514782111,5.066666666666666,
t1,2026-02-19,2026-02-21 01:00:00,2026-02-21 07:00:00,49.0,0.5692747918907878,0.18043987192386657,0.572872250561854,0.9623991726150805,9.814814814814815,0.5888190035401717,5.366666666666667,
t1,2026-02-19,2026-02-21 02:00:00,2026-02-21 08:00:00,50.0,0.5112945839933171,0.14951072046091624,0.47168814140687,0.950996340264922,9.694444444444445,1.473008175951428,5.633333333333333,
t1,2026-02-19,2026-02-21 03:00:00,2026-02-21 09:00:00,51.0,0.4036173277755286,0.07320429831147535,0.3561432401094578,0.8555490668776776,8.870370370370372,1.5962758871256963,6.366666666666667,
t1,2026-02-19,2026-02-21 04:00:00,2026-02-21 10:00:00,52.0,0.3355755949415331,0.023377565212256354,0.2222044023386592,0.7836113460885937,6.287037037037038,2.5528870931335894,7.633333333333333,
t1,2026-02-19,2026-02-21 05:00:00,2026-02-21 11:00:00,53.0,0.4705877823886014,0.043444988328373894,0.35329555563181547,0.8951482561977462,6.027777777777779,3.3642088571561524,8.5,
t1,2026-02-19,2026-02-21 06:00:00,2026-02-21 12:00:00,54.0,0.5906052790411074,0.1509812584193587,0.5154424712491007,0.9606686899675687,8.824074074074074,3.8036626814478027,9.1,
t1,2026-02-19,2026-02-21 07:00:00,2026-02-21 13:00:00,55.0,0.674250401365232,0.24444890221789214,0.7241989106630998,0.9733773389999344,10.194444444444445,3.909864068869535,9.433333333333332,
t1,2026-02-19,2026-02-21 08:00:00,2026-02-21 14:00:00,56.0,0.632145494261603,0.2589135185257883,0.7221886804709166,0.9757811216538383,12.361111111111112,3.1550713634784824,8.9,
t1,2026-02-19,2026-02-21 09:00:00,2026-02-21 15:00:00,57.0,0.6305876797398251,0.2560776032317959,0.6722810461988361,0.9728326455677438,11.925925925925926,4.045872509377912,8.533333333333333,
t1,2026-02-19,2026-02-21 10:00:00,2026-02-21 16:00:00,58.0,0.543030188877995,0.18256390308181616,0.5706256568506181,0.8921872618525761,9.75925925925926,2.425643183975557,8.233333333333334,
t1,2026-02-19,2026-02-21 11:00:00,2026-02-21 17:00:00,59.0,0.4783623444447764,0.12366318314419186,0.45536943763099763,0.8534288150076792,8.907407407407407,2.0354370821094765,7.599999999999999,
t1,2026-02-19,2026-02-21 12:00:00,2026-02-21 18:00:00,60.0,0.4036156245720484,0.058418618920611086,0.3334797778055799,0.8040419164444715,7.5,2.4057864913527363,6.2,
t1,2026-02-19,2026-02-21 13:00:00,2026-02-21 19:00:00,61.0,0.46588333379981184,0.04689827800192203,0.345399826859039,0.8291633838801739,6.6759259259259265,2.5715581896262325,5.966666666666666,
t1,2026-02-19,2026-02-21 14:00:00,2026-02-21 20:00:00,62.0,0.4970109829043833,0.06072651559159958,0.40969515540404117,0.9370655345309999,6.8240740740740735,0.7769506183628956,5.866666666666667,
t1,2026-02-19,2026-02-21 15:00:00,2026-02-21 21:00:00,63.0,0.584270371506128,0.14950607063044158,0.49179979292171916,0.9669119148545687,8.555555555555555,1.500771406582233,5.666666666666667,
t1,2026-02-19,2026-02-21 16:00:00,2026-02-21 22:00:00,64.0,0.5684475419887248,0.15351463876292673,0.48755395567647986,0.9821904057376498,10.592592592592593,5.092079098690936,5.133333333333334,
t1,2026-02-19,2026-02-21 17:00:00,2026-02-21 23:00:00,65.0,0.6050512008191843,0.15878333702927983,0.5813425477621758,0.9672480135230316,9.546296296296298,3.3855098515190463,4.8999999999999995,
t1,2026-02-19,2026-02-21 18:00:00,2026-02-22 00:00:00,66.0,0.6713570459341998,0.1539545886303671,0.624565867561874,0.9855994665773148,9.370370370370372,2.9041176245039964,4.866666666666666,
t1,2026-02-19,2026-02-21 19:00:00,2026-02-22 01:00:00,67.0,0.6130668541869672,0.13540693819914046,0.5880295360163349,0.9799996572860337,9.379629629629632,2.736686816665416,4.1000000000000005,
t1,2026-02-19,2026-02-21 20:00:00,2026-02-22 02:00:00,68.0,0.48813710251628806,0.06267720019809085,0.4126980427479569,0.9195897005255074,8.620370370370372,2.8672175037816316,3.266666666666667,
t1,2026-02-19,2026-02-21 21:00:00,2026-02-22 03:00:00,69.0,0.33087247425631205,0.03128290255651377,0.24806333419472357,0.8656664977046287,7.333333333333333,2.759383541819476,2.433333333333333,
t1,2026-02-19,2026-02-21 22:00:00,2026-02-22 04:00:00,70.0,0.33080162953601133,0.014756588092279697,0.14944666397244025,0.7799729802644569,5.62962962962963,2.660921666495716,1.5999999999999999,
t1,2026-02-19,2026-02-21 23:00:00,2026-02-22 05:00:00,71.0,0.21667092617308528,0.011602119042882962,0.09520105753941664,0.5916738624562172,3.7129629629629632,2.8138399871440862,0.8666666666666666,
t1,2026-02-20,2026-02-21 00:00:00,2026-02-21 06:00:00,24.0,0.6475690487908627,0.29383042440886203,0.6184109667055523,0.9783530038121956,10.083333333333334,1.5338264102531691,4.433333333333334,
t1,2026-02-20,2026-02-21 01:00:00,2026-02-21 07:00:00,25.0,0.5847291652589328,0.21812046913085467,0.5581174625415241,0.967752700403204,9.833333333333334,1.7329415511646908,4.433333333333334,
t1,2026-02-20,2026-02-21 02:00:00,2026-02-21 08:00:00,26.0,0.5240474716533499,0.13888439302964165,0.49061580281805167,0.9434823528972928,10.009259259259261,2.0679680291405202,4.8,
t1,2026-02-20,2026-02-21 03:00:00,2026-02-21 09:00:00,27.0,0.5096726536142369,0.12023333888589685,0.47096933043728584,0.8818081635852124,9.083333333333334,0.9308664488953354,5.800000000000001,
t1,2026-02-20,2026-02-21 04:00:00,2026-02-21 10:00:00,28.0,0.3426435318705497,0.04882767318239109,0.25448044031245887,0.845546410230801,7.166666666666667,3.2156302302624566,7.166666666666667,
t1,2026-02-20,2026-02-21 05:00:00,2026-02-21 11:00:00,29.0,0.49979892521047603,0.0969445014251276,0.4017748300838059,0.9098076000928011,4.4259259259259265,2.6789838992629815,8.233333333333334,
t1,2026-02-20,2026-02-21 06:00:00,2026-02-21 12:00:00,30.0,0.7028996891257463,0.292855167291792,0.7220515268447493,0.9938111570879962,8.138888888888888,7.057031779074273,8.6,
t1,2026-02-20,2026-02-21 07:00:00,2026-02-21 13:00:00,31.0,0.8552713952324722,0.5116019101770127,0.9358806760192611,0.9891868206873841,15.231481481481483,2.9959248728266528,8.766666666666667,
t1,2026-02-20,2026-02-21 08:00:00,2026-02-21 14:00:00,32.0,0.8769717548754318,0.680689765438944,0.9407312409947239,0.9891041099521538,13.287037037037038,1.251645008114301,8.466666666666667,
t1,2026-02-20,2026-02-21 09:00:00,2026-02-21 15:00:00,33.0,0.8614906158483632,0.596545625618096,0.9230458527516784,0.9878995859289755,14.00925925925926,2.5139016778884846,8.4,
t1,2026-02-20,2026-02-21 10:00:00,2026-02-21 16:00:00,34.0,0.808992259021426,0.48152185621364313,0.8644814570144207,0.9863392355211055,12.111111111111112,1.3491538271756556,7.8,
t1,2026-02-20,2026-02-21 11:00:00,2026-02-21 17:00:00,35.0,0.7120680668808596,0.3812593083419269,0.75537144087242,0.9789756195793495,11.120370370370372,1.4493328960668082,7.5,
t1,2026-02-20,2026-02-21 12:00:00,2026-02-21 18:00:00,36.0,0.5936627475843147,0.21863095901752652,0.5987303366436777,0.9280429999573133,9.99074074074074,2.03107291884021,7.1000000000000005,
t1,2026-02-20,2026-02-21 13:00:00,2026-02-21 19:00:00,37.0,0.4672190505972643,0.12130316669189507,0.4407348590935609,0.8788715530288601,9.472222222222221,2.456253043223698,6.133333333333333,
t1,2026-02-20,2026-02-21 14:00:00,2026-02-21 20:00:00,38.0,0.3837415885197254,0.03652710994240279,0.34550385616988744,0.8320277379369878,8.231481481481483,3.1429832359398895,5.266666666666667,
t1,2026-02-20,2026-02-21 15:00:00,2026-02-21 21:00:00,39.0,0.3101580151941877,0.02685893663128491,0.2365943549395318,0.7824601269722767,6.787037037037037,3.0059525992281686,4.966666666666666,
t1,2026-02-20,2026-02-21 16:00:00,2026-02-21 22:00:00,40.0,0.22415817784673694,0.019765248728272754,0.1281561483333779,0.6473072054394792,5.592592592592593,1.847657286554969,4.666666666666667,
t1,2026-02-20,2026-02-21 17:00:00,2026-02-21 23:00:00,41.0,0.17597374763997564,0.012686902175178033,0.09391636315982228,0.46514543138456904,5.212962962962963,0.8630503850171145,4.466666666666667,
t1,2026-02-20,2026-02-21 18:00:00,2026-02-22 00:00:00,42.0,0.14998924744838052,0.01043340689252114,0.08637983386089901,0.44945999021386784,4.185185185185185,1.78737283354384,4.266666666666667,
t1,2026-02-20,2026-02-21 19:00:00,2026-02-22 01:00:00,43.0,0.12488907083685506,0.009804888037048314,0.06392494204023366,0.3430582364671254,4.0,1.8208751796191545,3.733333333333333,
t1,2026-02-20,2026-02-21 20:00:00,2026-02-22 02:00:00,44.0,0.08494526412521652,0.009677851903438603,0.034076380386832306,0.24427423154395897,3.6203703703703702,1.40554823596396,3.1999999999999997,
t1,2026-02-20,2026-02-21 21:00:00,2026-02-22 03:00:00,45.0,0.0810971979900143,0.00961468237007103,0.022744552376140377,0.24381850286152934,3.1296296296296298,1.1707380458567411,2.6666666666666665,
t1,2026-02-20,2026-02-21 22:00:00,2026-02-22 04:00:00,46.0,0.0742428849779734,0.009668889756092397,0.021904256874573917,0.21225354063741422,2.564814814814815,1.207401726866892,2.3000000000000003,
t1,2026-02-20,2026-02-21 23:00:00,2026-02-22 05:00:00,47.0,0.07019394784300079,0.009632010701235434,0.02641980000061,0.21032645210294315,2.222222222222222,0.829621362392671,2.066666666666667,
t1,2026-02-20,2026-02-22 00:00:00,2026-02-22 06:00:00,48.0,0.10521262759146027,0.009695378048579216,0.022163870651126478,0.31778835908206027,3.175925925925926,2.6768228664661793,1.1,
t1,2026-02-20,2026-02-22 01:00:00,2026-02-22 07:00:00,49.0,0.0688231756231757,0.009682055809737715,0.02231647812096931,0.21401404726841172,2.611111111111111,1.2098489855768093,1.0,
t1,2026-02-20,2026-02-22 02:00:00,2026-02-22 08:00:00,50.0,0.07264134412706036,0.008123254586609134,0.026670320449974277,0.2114837362912098,2.1481481481481484,0.5139514476436265,1.0,
t1,2026-02-20,2026-02-22 03:00:00,2026-02-22 09:00:00,51.0,0.11896953570467513,0.007498346429867724,0.04387122902054423,0.33209875232735875,1.9907407407407407,1.9183433353452075,1.7999999999999998,
t1,2026-02-20,2026-02-22 04:00:00,2026-02-22 10:00:00,52.0,0.23111181710295103,0.012950142089583607,0.12107513639856056,0.5927158413598022,3.6018518518518516,3.942520396673846,3.8666666666666667,
t1,2026-02-20,2026-02-22 05:00:00,2026-02-22 11:00:00,53.0,0.45803931846680085,0.031349216124962956,0.32659552349810544,0.8927524427343934,5.351851851851852,4.551855995537999,5.5,
t1,2026-02-20,2026-02-22 06:00:00,2026-02-22 12:00:00,54.0,0.5888451263314286,0.10157730208790192,0.5430066914717803,0.9787161675436906,8.611111111111112,5.003316801117603,8.066666666666666,
t1,2026-02-20,2026-02-22 07:00:00,2026-02-22 13:00:00,55.0,0.6914435775736141,0.19632167196579808,0.6502666168130334,0.9905446402572272,9.666666666666666,3.6433390938926378,9.166666666666666,
t1,2026-02-20,2026-02-22 08:00:00,2026-02-22 14:00:00,56.0,0.7927967402605911,0.36087688072989044,0.8297107455477802,0.9953480271545607,10.018518518518519,2.3974866812625417,9.799999999999999,
t1,2026-02-20,2026-02-22 09:00:00,2026-02-22 15:00:00,57.0,0.8853733261724694,0.5597678400909666,0.9197082638632822,0.9919287726468448,10.361111111111112,1.8322808426711645,10.0,
t1,2026-02-20,2026-02-22 10:00:00,2026-02-22 16:00:00,58.0,0.8953761756030647,0.567688358249773,0.9397386840209027,0.9909070256441086,10.518518518518519,1.8893654083026223,9.799999999999999,
t1,2026-02-20,2026-02-22 11:00:00,2026-02-22 17:00:00,59.0,0.8212641655226782,0.42896018239780376,0.8499019017177227,0.9882909277376025,10.416666666666666,1.9041458990682072,9.333333333333334,
t1,2026-02-20,2026-02-22 12:00:00,2026-02-22 18:00:00,60.0,0.7866560050836533,0.3884047912610994,0.8080273892264185,0.9916989375958223,10.805555555555557,1.5833333333333337,8.0,
t1,2026-02-20,2026-02-22 13:00:00,2026-02-22 19:00:00,61.0,0.7506453913319315,0.3171784043367198,0.7824409777643732,0.9934567595501939,10.296296296296298,1.3328509930023407,6.7,
t1,2026-02-20,2026-02-22 14:00:00,2026-02-22 20:00:00,62.0,0.6197065383298914,0.17906782691618334,0.5655698575894665,0.9654189509379812,9.129629629629632,1.3472460860811235,5.666666666666667,
t1,2026-02-20,2026-02-22 15:00:00,2026-02-22 21:00:00,63.0,0.4177774385158774,0.09003298741645045,0.3619651352163916,0.8721307031446281,8.379629629629628,1.403900357572349,5.033333333333334,
t1,2026-02-20,2026-02-22 16:00:00,2026-02-22 22:00:00,64.0,0.3602183119785872,0.06245772200197939,0.23143183014596544,0.8278208748086003,7.916666666666667,1.3888888888888888,4.633333333333334,
t1,2026-02-20,2026-02-22 17:00:00,2026-02-22 23:00:00,65.0,0.3782937622943395,0.040011949418332325,0.2469102004154026,0.8801856970195937,7.555555555555557,1.76536464949285,4.233333333333333,
t1,2026-02-20,2026-02-22 18:00:00,2026-02-23 00:00:00,66.0,0.41715958308802936,0.06289984748117333,0.3937488758990239,0.9798518730189147,9.018518518518519,2.03410984970292,4.566666666666666,
t1,2026-02-20,2026-02-22 19:00:00,2026-02-23 01:00:00,67.0,0.39704753489917627,0.02364908138130139,0.26655888535619876,0.9457687043096286,8.574074074074074,2.076160491588084,4.266666666666667,
t1,2026-02-20,2026-02-22 20:00:00,2026-02-23 02:00:00,68.0,0.36853293245483076,0.02065488084359018,0.21759534190868765,0.9055601054130769,7.75,1.3333333333333335,3.9333333333333336,
t1,2026-02-20,2026-02-22 21:00:00,2026-02-23 03:00:00,69.0,0.3076076869512768,0.017085256302785984,0.11119287806958685,0.724630576886227,6.472222222222222,0.600925212577332,3.6333333333333333,
t1,2026-02-20,2026-02-22 22:00:00,2026-02-23 04:00:00,70.0,0.1905252510076468,0.008882794098352098,0.06949658720291278,0.4983496974878354,4.935185185185186,0.992383546256516,3.1666666666666665,
t1,2026-02-20,2026-02-22 23:00:00,2026-02-23 05:00:00,71.0,0.16034010294090484,0.009244083372988918,0.06002156187715537,0.44651491245116154,3.3703703703703707,1.6245448872022525,2.7999999999999994,
t1,2026-02-21,2026-02-22 00:00:00,2026-02-22 06:00:00,24.0,0.11157554557198454,0.0030660957845693036,0.05034245988818084,0.32509852326311267,1.5185185185185184,1.2223274365487824,2.1333333333333333,
t1,2026-02-21,2026-02-22 01:00:00,2026-02-22 07:00:00,25.0,0.19603732240476804,0.003965889352267329,0.09692603157304991,0.46135448507295834,2.824074074074074,2.3665514665059364,2.1,
t1,2026-02-21,2026-02-22 02:00:00,2026-02-22 08:00:00,26.0,0.2861748541160398,0.020036367599498835,0.23552320308826885,0.7292021600364401,5.935185185185186,3.867434204366363,1.9666666666666668,
t1,2026-02-21,2026-02-22 03:00:00,2026-02-22 09:00:00,27.0,0.4700987860933612,0.05417389100756621,0.4249469445632011,0.9670499066268112,7.787037037037038,4.208524320320903,2.4333333333333336,
t1,2026-02-21,2026-02-22 04:00:00,2026-02-22 10:00:00,28.0,0.611616203358617,0.15198164982351856,0.5807315484344414,0.9836594634954535,8.935185185185185,4.412763241311311,4.233333333333333,
t1,2026-02-21,2026-02-22 05:00:00,2026-02-22 11:00:00,29.0,0.7156140270378489,0.22330883764100112,0.7279637891964287,0.9879321956829061,9.481481481481481,4.99245830405177,6.166666666666667,
t1,2026-02-21,2026-02-22 06:00:00,2026-02-22 12:00:00,30.0,0.8930780274649491,0.5476357769206674,0.9352899876896165,0.9877950314223884,11.064814814814815,2.0378996490072487,7.6000000000000005,
t1,2026-02-21,2026-02-22 07:00:00,2026-02-22 13:00:00,31.0,0.9009248340542666,0.6457170371697085,0.9565655340887679,0.9876472143257995,11.472222222222221,1.5666765169115073,8.6,
t1,2026-02-21,2026-02-22 08:00:00,2026-02-22 14:00:00,32.0,0.8986617694227778,0.668288447993588,0.9705712140542226,0.9891659405792124,11.203703703703704,1.2216960146711506,9.133333333333333,
t1,2026-02-21,2026-02-22 09:00:00,2026-02-22 15:00:00,33.0,0.8869925562269635,0.6907044468809062,0.9663438018465264,0.9880357683927423,10.925925925925926,1.3501066868376075,9.4,
t1,2026-02-21,2026-02-22 10:00:00,2026-02-22 16:00:00,34.0,0.8804843244808432,0.5824478563053921,0.9528279163622148,0.9895582172825177,10.537037037037038,1.4725715867791618,9.466666666666667,
t1,2026-02-21,2026-02-22 11:00:00,2026-02-22 17:00:00,35.0,0.8077221997802149,0.4345380089311896,0.8489312904875201,0.9879401518231051,10.527777777777777,2.181749496206549,9.1,
t1,2026-02-21,2026-02-22 12:00:00,2026-02-22 18:00:00,36.0,0.7103198983294746,0.23317903746734342,0.7273871987079988,0.9929876199610244,10.083333333333334,2.403861348479993,8.3,
t1,2026-02-21,2026-02-22 13:00:00,2026-02-22 19:00:00,37.0,0.5578087727676687,0.10972329718130235,0.5242837979264556,0.9814924369493548,9.592592592592593,2.894270272715151,6.8999999999999995,
t1,2026-02-21,2026-02-22 14:00:00,2026-02-22 20:00:00,38.0,0.3647958069055864,0.04768543245668086,0.25832804023841544,0.9004092894867815,8.407407407407408,2.875011182658517,5.833333333333333,
t1,2026-02-21,2026-02-22 15:00:00,2026-02-22 21:00:00,39.0,0.2573604338423774,0.023344221551223683,0.14898319696920395,0.761629713742224,7.314814814814814,2.8340594567007984,5.066666666666666,
t1,2026-02-21,2026-02-22 16:00:00,2026-02-22 22:00:00,40.0,0.21199995863576698,0.01039995519310091,0.09893231383416408,0.6825404497583681,6.537037037037037,2.7234029941073277,4.366666666666666,
t1,2026-02-21,2026-02-22 17:00:00,2026-02-22 23:00:00,41.0,0.20887212168824948,0.00825780126037951,0.08572038466090187,0.6250417418216697,5.518518518518519,2.987930109197429,3.6666666666666665,
t1,2026-02-21,2026-02-22 18:00:00,2026-02-23 00:00:00,42.0,0.158761500421553,0.00906232176417082,0.06990921059062774,0.45919985447964434,4.62037037037037,1.821581301016782,3.266666666666667,
t1,2026-02-21,2026-02-22 19:00:00,2026-02-23 01:00:00,43.0,0.15823672919635043,0.00947012846434193,0.0643677834253047,0.42245192620147476,4.555555555555556,1.5949863577728434,2.9,
t1,2026-02-21,2026-02-22 20:00:00,2026-02-23 02:00:00,44.0,0.1326360190845132,0.009521876426434506,0.048004885435501375,0.36140272819939917,4.231481481481482,1.6796561719492114,2.766666666666667,
t1,2026-02-21,2026-02-22 21:00:00,2026-02-23 03:00:00,45.0,0.13386854490433495,0.00958393346691785,0.04465906188844663,0.36101852338083934,3.9444444444444446,2.108368101016214,2.6666666666666665,
t1,2026-02-21,2026-02-22 22:00:00,2026-02-23 04:00:00,46.0,0.12232661909815043,0.009593781410601722,0.035887379024336516,0.3226119491059315,3.898148148148149,2.0729990600288897,2.6333333333333333,
t1,2026-02-21,2026-02-22 23:00:00,2026-02-23 05:00:00,47.0,0.12218499173909535,0.009550637348878165,0.01897848213634332,0.35265052326739493,3.5462962962962963,2.6845944433196762,2.466666666666667,
t1,2026-02-21,2026-02-23 00:00:00,2026-02-23 06:00:00,48.0,0.10783841792448419,0.009752952914591134,0.020504047078269985,0.29189330597309576,2.240740740740741,0.8133404168888054,2.4,
t1,2026-02-21,2026-02-23 01:00:00,2026-02-23 07:00:00,49.0,0.10326416330977263,0.00969200548466037,0.02126315352463307,0.2811027485905904,1.5370370370370372,0.9322469426819902,2.2666666666666666,
t1,2026-02-21,2026-02-23 02:00:00,2026-02-23 08:00:00,50.0,0.10503635809973355,0.009669276855090609,0.019142360735130558,0.2908895974259791,1.1574074074074074,0.38322596456620145,2.2666666666666666,
t1,2026-02-21,2026-02-23 03:00:00,2026-02-23 09:00:00,51.0,0.12486345724065814,0.009748687314847236,0.02951096840817519,0.3550824930764617,1.1944444444444444,1.3746492257398468,3.3333333333333335,
t1,2026-02-21,2026-02-23 04:00:00,2026-02-23 10:00:00,52.0,0.1394132239786064,0.009740325892038586,0.038924935664248324,0.37782737834401825,1.7685185185185184,1.8636660185791298,5.066666666666666,
t1,2026-02-21,2026-02-23 05:00:00,2026-02-23 11:00:00,53.0,0.20353736164558062,0.010221797582453411,0.10806037493266829,0.5099372000969816,3.203703703703704,1.781318811391978,6.8999999999999995,
t1,2026-02-21,2026-02-23 06:00:00,2026-02-23 12:00:00,54.0,0.2627411110682274,0.014049134271018912,0.18330576283448718,0.5888098540433462,3.9722222222222228,2.6199613605670216,8.266666666666667,
t1,2026-02-21,2026-02-23 07:00:00,2026-02-23 13:00:00,55.0,0.3675021464113877,0.02360499343437428,0.28356617860558914,0.778600461052917,6.0092592592592595,3.4384281388221014,9.1,
t1,2026-02-21,2026-02-23 08:00:00,2026-02-23 14:00:00,56.0,0.45358283356119167,0.03168243586648497,0.37778238253225677,0.8930044031581416,7.564814814814814,3.78943598743674,8.9,
t1,2026-02-21,2026-02-23 09:00:00,2026-02-23 15:00:00,57.0,0.5487933744706118,0.06464284492648077,0.47941196064325803,0.9289458489788833,8.148148148148149,3.1703600943066412,8.466666666666667,
t1,2026-02-21,2026-02-23 10:00:00,2026-02-23 16:00:00,58.0,0.5728636082744396,0.0845922913805977,0.5260868484999803,0.9778639917573608,8.314814814814817,2.8404503931971763,8.1,
t1,2026-02-21,2026-02-23 11:00:00,2026-02-23 17:00:00,59.0,0.5922069404254005,0.1955402792529533,0.6066763072391852,0.9753778878893958,9.046296296296296,1.6851597474677575,7.333333333333333,
t1,2026-02-21,2026-02-23 12:00:00,2026-02-23 18:00:00,60.0,0.7010778163997545,0.3164159494471152,0.7279413745706103,0.9767375170898228,10.185185185185185,0.18495355884664966,6.033333333333334,
t1,2026-02-21,2026-02-23 13:00:00,2026-02-23 19:00:00,61.0,0.7409129767366815,0.3334169102089914,0.8312273136449311,0.9855083851461123,10.25925925925926,1.7234165512299973,5.0,
t1,2026-02-21,2026-02-23 14:00:00,2026-02-23 20:00:00,62.0,0.810218237309605,0.528970804893996,0.8750717424179546,0.9899281747573611,10.00925925925926,2.058243987664534,3.866666666666667,
t1,2026-02-21,2026-02-23 15:00:00,2026-02-23 21:00:00,63.0,0.8352537583649413,0.6151560231506751,0.9219578691023164,0.9915376809100748,10.888888888888891,1.8788540636762059,2.4666666666666663,
t1,2026-02-21,2026-02-23 16:00:00,2026-02-23 22:00:00,64.0,0.8769680507884214,0.6526402295153371,0.9371489350895713,0.9923065490248357,11.138888888888891,2.458451032963944,1.2333333333333334,
t1,2026-02-21,2026-02-23 17:00:00,2026-02-23 23:00:00,65.0,0.8951883557142213,0.7327582218104907,0.951052917248641,0.9895246923874642,12.148148148148147,2.058243987664534,0.06666666666666665,
t1,2026-02-21,2026-02-23 18:00:00,2026-02-24 00:00:00,66.0,0.8979444356960423,0.7387331082329658,0.9567889157259925,0.9889266325440872,12.370370370370372,1.460470215728075,-0.26666666666666666,
t1,2026-02-21,2026-02-23 19:00:00,2026-02-24 01:00:00,67.0,0.8926608941953171,0.7324963863641775,0.9486656566885322,0.9891783225567138,12.444444444444443,1.3802509165338717,-0.8666666666666667,
t1,2026-02-21,2026-02-23 20:00:00,2026-02-24 02:00:00,68.0,0.8591325035769732,0.6760137257711499,0.9328012683181732,0.9914416754044326,11.648148148148147,1.1226255234242728,-1.3,
t1,2026-02-21,2026-02-23 21:00:00,2026-02-24 03:00:00,69.0,0.8620043451210079,0.663977077812096,0.940206718573835,0.9932115801425976,11.231481481481483,1.0719967139560225,-1.5333333333333332,
t1,2026-02-21,2026-02-23 22:00:00,2026-02-24 04:00:00,70.0,0.8669449901720802,0.6766234922636355,0.9409504947392016,0.990878824819921,11.379629629629632,1.1063555638875122,-1.8333333333333333,
t1,2026-02-21,2026-02-23 23:00:00,2026-02-24 05:00:00,71.0,0.8594404999994831,0.682828335429862,0.9361702879605287,0.9898905619086671,11.592592592592595,1.2454650246281578,-2.033333333333333,
t1,2026-02-22,2026-02-23 00:00:00,2026-02-23 06:00:00,24.0,0.1094527547119073,0.009969032832877887,0.023715803999836478,0.28594821521400055,3.1111111111111107,1.7429310491167769,2.3000000000000003,
t1,2026-02-22,2026-02-23 01:00:00,2026-02-23 07:00:00,25.0,0.10967877267902194,0.010042060206259881,0.024947255971123745,0.300119079738141,2.722222222222222,0.5534683012547578,2.1666666666666665,
t1,2026-02-22,2026-02-23 02:00:00,2026-02-23 08:00:00,26.0,0.11373693556333236,0.00977002075290199,0.02225420920318276,0.27966197130880655,2.064814814814815,1.4793677049957399,2.4333333333333336,
t1,2026-02-22,2026-02-23 03:00:00,2026-02-23 09:00:00,27.0,0.10984598062677282,0.009597719868680049,0.02792174910777076,0.3156221715288244,2.351851851851852,1.4088382103281623,3.5666666666666664,
t1,2026-02-22,2026-02-23 04:00:00,2026-02-23 10:00:00,28.0,0.13817929293338302,0.009641466472766725,0.057644257606603494,0.36578858254419755,2.8888888888888893,2.1247730452514597,5.3999999999999995,
t1,2026-02-22,2026-02-23 05:00:00,2026-02-23 11:00:00,29.0,0.1899819619960233,0.012791259488018637,0.09246739311854388,0.4904839267762412,3.6018518518518525,1.908867653915433,7.1000000000000005,
t1,2026-02-22,2026-02-23 06:00:00,2026-02-23 12:00:00,30.0,0.2156040306725293,0.01950675539473758,0.14506637354646826,0.5658298201562503,3.7129629629629632,1.4995712693198504,8.5,
t1,2026-02-22,2026-02-23 07:00:00,2026-02-23 13:00:00,31.0,0.3435270730661253,0.0352599421221758,0.2770038927506577,0.7270126780343844,5.305555555555555,0.728074579004509,8.933333333333334,
t1,2026-02-22,2026-02-23 08:00:00,2026-02-23 14:00:00,32.0,0.4633232236399674,0.061683603693482414,0.3920685205665809,0.8839801718564422,7.805555555555556,1.5282827448309904,8.866666666666667,
t1,2026-02-22,2026-02-23 09:00:00,2026-02-23 15:00:00,33.0,0.5607424864607167,0.11925366876845837,0.44547051094806933,0.9368727493416865,8.703703703703704,1.9771716715879881,8.6,
t1,2026-02-22,2026-02-23 10:00:00,2026-02-23 16:00:00,34.0,0.5927004730078461,0.16662354006549987,0.5486052796756565,0.9610457737897861,8.574074074074074,0.920167277689248,7.833333333333333,
t1,2026-02-22,2026-02-23 11:00:00,2026-02-23 17:00:00,35.0,0.6340170787413978,0.2513234534331902,0.6456236075677845,0.9724861142638705,9.370370370370372,0.9923835462565163,7.0,
t1,2026-02-22,2026-02-23 12:00:00,2026-02-23 18:00:00,36.0,0.7574622483862488,0.38479938914630984,0.777483620510106,0.9794983285153842,10.222222222222221,1.309096851994242,6.266666666666666,
t1,2026-02-22,2026-02-23 13:00:00,2026-02-23 19:00:00,37.0,0.7757146574520175,0.4191140835760619,0.7939290024840275,0.9899722460407339,10.657407407407407,1.2904962837746623,5.433333333333333,
t1,2026-02-22,2026-02-23 14:00:00,2026-02-23 20:00:00,38.0,0.7776910549238949,0.4664100148473302,0.8153296760816521,0.9884305139963809,10.50925925925926,1.3912017778996966,4.7,
t1,2026-02-22,2026-02-23 15:00:00,2026-02-23 21:00:00,39.0,0.7645660429992722,0.5511691404917715,0.838031446266232,0.9803370819702503,10.083333333333334,1.0911399634112422,4.033333333333334,
t1,2026-02-22,2026-02-23 16:00:00,2026-02-23 22:00:00,40.0,0.8056596963142955,0.5287063651812436,0.864975229321548,0.9865960917690649,9.546296296296296,1.5812201622943252,3.1666666666666665,
t1,2026-02-22,2026-02-23 17:00:00,2026-02-23 23:00:00,41.0,0.8714296831197913,0.7047110476066588,0.9306462432448721,0.9891868300922502,10.63888888888889,0.7876359377087683,2.1,
t1,2026-02-22,2026-02-23 18:00:00,2026-02-24 00:00:00,42.0,0.9028615933905181,0.7737553483743103,0.9362681537307582,0.9907584172732545,11.592592592592595,0.48934112080458647,1.0999999999999999,
t1,2026-02-22,2026-02-23 19:00:00,2026-02-24 01:00:00,43.0,0.9034182013899753,0.7570395959290951,0.9330539510353365,0.9897309298012205,11.620370370370372,0.2625453125695884,0.13333333333333333,
t1,2026-02-22,2026-02-23 20:00:00,2026-02-24 02:00:00,44.0,0.884769478538892,0.7208589438051768,0.938989557341211,0.9895784395948206,11.740740740740742,0.7664519291324018,-0.6666666666666666,
t1,2026-02-22,2026-02-23 21:00:00,2026-02-24 03:00:00,45.0,0.856938898176347,0.6569261530237086,0.9258579887211977,0.9893213603760179,11.629629629629632,1.1406941428674109,-1.0999999999999999,
t1,2026-02-22,2026-02-23 22:00:00,2026-02-24 04:00:00,46.0,0.833128484271366,0.6023005782588731,0.9143718894046395,0.9884054178082186,11.379629629629628,1.2289377794842276,-1.6333333333333335,
t1,2026-02-22,2026-02-23 23:00:00,2026-02-24 05:00:00,47.0,0.8123240713906904,0.556359746353577,0.8723149704168998,0.986124537527924,11.222222222222223,1.2288331311441492,-1.8333333333333333,
t1,2026-02-22,2026-02-24 00:00:00,2026-02-24 06:00:00,48.0,0.8080668944218771,0.5764173005367892,0.8940156603579688,0.9855206136644724,10.787037037037038,0.23129622216290383,-2.1,
t1,2026-02-22,2026-02-24 01:00:00,2026-02-24 07:00:00,49.0,0.7677728347908305,0.5330012095777401,0.86245895780152,0.9786715597773804,10.444444444444443,0.409192218407118,-2.1,
t1,2026-02-22,2026-02-24 02:00:00,2026-02-24 08:00:00,50.0,0.7218410200029693,0.4988478296616565,0.8066257748309982,0.9701959667990517,9.990740740740742,0.6668595400011421,-1.9666666666666668,
t1,2026-02-22,2026-02-24 03:00:00,2026-02-24 09:00:00,51.0,0.7177054447647582,0.34373613009961596,0.7099330143179658,0.9664299548533476,9.5,0.8296213623926711,-1.5999999999999999,
t1,2026-02-22,2026-02-24 04:00:00,2026-02-24 10:00:00,52.0,0.5823470535233795,0.2589583452575258,0.5608798376496651,0.9291372604487591,9.351851851851853,1.032397027019731,-1.1333333333333335,
t1,2026-02-22,2026-02-24 05:00:00,2026-02-24 11:00:00,53.0,0.5687326171309219,0.20011652808206365,0.5310534169116967,0.9109686780984969,9.055555555555555,1.2813958438523105,-0.5666666666666667,
t1,2026-02-22,2026-02-24 06:00:00,2026-02-24 12:00:00,54.0,0.5241860515546991,0.15547655260664003,0.4905066526031543,0.9087696036413113,9.296296296296296,2.099811376988429,-0.8000000000000002,
t1,2026-02-22,2026-02-24 07:00:00,2026-02-24 13:00:00,55.0,0.5056584563754276,0.16537490345766345,0.47481137744879587,0.8900967982998682,8.870370370370372,2.3164623766396106,-0.3666666666666667,
t1,2026-02-22,2026-02-24 08:00:00,2026-02-24 14:00:00,56.0,0.5037932195565357,0.14791212019055594,0.46474539004894366,0.8984406096650263,8.787037037037038,2.504984742402792,0.0,
t1,2026-02-22,2026-02-24 09:00:00,2026-02-24 15:00:00,57.0,0.49871138332041576,0.10233484219064198,0.4471013683369228,0.9048872423798077,8.888888888888891,2.6356705521098913,0.16666666666666674,
t1,2026-02-22,2026-02-24 10:00:00,2026-02-24 16:00:00,58.0,0.4741344386597529,0.07966231628180324,0.4001428846562188,0.884946572050486,8.888888888888891,2.8285635232284028,0.20000000000000004,
t1,2026-02-22,2026-02-24 11:00:00,2026-02-24 17:00:00,59.0,0.4438466192506293,0.042218916908901304,0.3628790290855277,0.8418604388215833,8.629629629629632,2.7896044529852664,0.0,
t1,2026-02-22,2026-02-24 12:00:00,2026-02-24 18:00:00,60.0,0.3415861652314654,0.029002272418727233,0.29570689731255156,0.7790047053124455,8.24074074074074,2.4200699748411347,-0.23333333333333336,
t1,2026-02-22,2026-02-24 13:00:00,2026-02-24 19:00:00,61.0,0.26428619119052915,0.024687329022210245,0.23274058088863397,0.7433241679853642,7.740740740740741,2.658020319045907,-0.7999999999999999,
t1,2026-02-22,2026-02-24 14:00:00,2026-02-24 20:00:00,62.0,0.2273101465754328,0.013841966306160542,0.16489278164185553,0.6993199151793789,6.953703703703705,2.5625407755463034,-1.2,
t1,2026-02-22,2026-02-24 15:00:00,2026-02-24 21:00:00,63.0,0.19072916876590168,0.011474953441092407,0.10295574784273616,0.6284251375424115,6.157407407407407,2.5178886739658677,-1.5333333333333332,
t1,2026-02-22,2026-02-24 16:00:00,2026-02-24 22:00:00,64.0,0.1515624572158424,0.008952020280691458,0.08354992019156203,0.5016579715984864,5.472222222222222,2.550114981673001,-1.9333333333333336,
t1,2026-02-22,2026-02-24 17:00:00,2026-02-24 23:00:00,65.0,0.1033316891892384,0.009650035683021616,0.028320044908123603,0.361526727029149,4.37962962962963,2.336032389566309,-2.266666666666667,
t1,2026-02-22,2026-02-24 18:00:00,2026-02-25 00:00:00,66.0,0.06662571430899399,0.0037141172314307715,0.014745379380789876,0.23387730637831036,2.175925925925926,1.2436050409765904,-2.533333333333333,
t1,2026-02-22,2026-02-24 19:00:00,2026-02-25 01:00:00,67.0,0.06940049026160393,0.009914368776756294,0.014778107633582229,0.23046259976771782,1.0648148148148149,0.7138042174891865,-2.733333333333333,
t1,2026-02-22,2026-02-24 20:00:00,2026-02-25 02:00:00,68.0,0.08548389769618742,0.010012778289427713,0.020365586447592062,0.2547829220851595,1.027777777777778,0.5739993977714395,-3.0,
t1,2026-02-22,2026-02-24 21:00:00,2026-02-25 03:00:00,69.0,0.0926380083969367,0.01029036409564927,0.025544428948327657,0.28114871474901426,2.2222222222222228,1.233220715579062,-3.133333333333333,
t1,2026-02-22,2026-02-24 22:00:00,2026-02-25 04:00:00,70.0,0.10383264171488567,0.010300615291613436,0.05121196015918277,0.33860147748177244,3.435185185185185,1.910887691505528,-3.033333333333333,
t1,2026-02-22,2026-02-24 23:00:00,2026-02-25 05:00:00,71.0,0.13598919680883562,0.009518915732950887,0.08875579272548544,0.43650199254728644,4.5092592592592595,2.423097021779098,-2.6666666666666665,
t1,2026-02-23,2026-02-24 00:00:00,2026-02-24 06:00:00,24.0,0.7530459957048787,0.3652906560341508,0.8004059582770676,0.9824666418085999,10.046296296296298,1.4804104925112656,-2.1,
t1,2026-02-23,2026-02-24 01:00:00,2026-02-24 07:00:00,25.0,0.7198075540448367,0.34145259871833267,0.7689442006166504,0.9798428629231655,9.907407407407408,1.6190735551403261,-2.2666666666666666,
t1,2026-02-23,2026-02-24 02:00:00,2026-02-24 08:00:00,26.0,0.6727934237210875,0.2582199527808308,0.6974063511383061,0.9717107383866088,9.703703703703704,1.7341284975717723,-2.433333333333333,
t1,2026-02-23,2026-02-24 03:00:00,2026-02-24 09:00:00,27.0,0.6534052561614282,0.1986494093480456,0.6728964941247617,0.968224488489623,9.5,1.682104428578076,-2.1333333333333333,
t1,2026-02-23,2026-02-24 04:00:00,2026-02-24 10:00:00,28.0,0.5604396733840886,0.2016879610379847,0.5668349736516858,0.9399831110927644,9.222222222222223,1.543354931454345,-1.5666666666666664,
t1,2026-02-23,2026-02-24 05:00:00,2026-02-24 11:00:00,29.0,0.5214192950947648,0.17495093240912668,0.5438064936753635,0.9062719852875027,9.111111111111112,1.2729376930432887,-1.0999999999999999,
t1,2026-02-23,2026-02-24 06:00:00,2026-02-24 12:00:00,30.0,0.4950406090636943,0.1824394807466525,0.4902082940777686,0.88843022263337,9.018518518518519,1.2697007197349592,-0.5666666666666667,
t1,2026-02-23,2026-02-24 07:00:00,2026-02-24 13:00:00,31.0,0.49813794219968394,0.1724193676725894,0.4950826841971224,0.8648312103589767,8.962962962962964,1.5215360713637074,-0.06666666666666665,
t1,2026-02-23,2026-02-24 08:00:00,2026-02-24 14:00:00,32.0,0.5214732401258142,0.170421537618287,0.507416179106541,0.8986964611403359,8.861111111111112,1.5840641588203617,0.2333333333333333,
t1,2026-02-23,2026-02-24 09:00:00,2026-02-24 15:00:00,33.0,0.5163507291256401,0.15026577527524526,0.5014044965002947,0.8937470323527018,8.851851851851853,1.4892447059629534,0.19999999999999996,
t1,2026-02-23,2026-02-24 10:00:00,2026-02-24 16:00:00,34.0,0.48961238444992305,0.14809180711615128,0.469903564747329,0.8714514652293903,8.86111111111111,1.5413538221116756,0.03333333333333329,
t1,2026-02-23,2026-02-24 11:00:00,2026-02-24 17:00:00,35.0,0.39366369615135477,0.07249537852899297,0.37432534259885725,0.8236442235051844,8.592592592592593,1.4764962418724181,-0.16666666666666666,
t1,2026-02-23,2026-02-24 12:00:00,2026-02-24 18:00:00,36.0,0.34825283968615045,0.04442289829941424,0.32917055127273254,0.7838324076836787,7.620370370370371,0.6817355605259245,-0.26666666666666666,
t1,2026-02-23,2026-02-24 13:00:00,2026-02-24 19:00:00,37.0,0.29498990528082714,0.03152386716492079,0.23868760215865686,0.7775903333235061,7.268518518518519,0.8634972912617968,-0.5666666666666668,
t1,2026-02-23,2026-02-24 14:00:00,2026-02-24 20:00:00,38.0,0.2188177607432848,0.016601962797848653,0.14000112583717786,0.7065276661992761,6.703703703703703,0.7034599967860212,-0.8333333333333334,
t1,2026-02-23,2026-02-24 15:00:00,2026-02-24 21:00:00,39.0,0.18332764642155489,0.013110857154963592,0.12160195538962391,0.5187916475984247,5.8240740740740735,0.45247376751372625,-0.9,
t1,2026-02-23,2026-02-24 16:00:00,2026-02-24 22:00:00,40.0,0.1346366436827447,0.009002066752295389,0.0662359629062517,0.36054941476291763,4.796296296296297,0.4169751944147296,-1.0,
t1,2026-02-23,2026-02-24 17:00:00,2026-02-24 23:00:00,41.0,0.09189445154154958,0.0038130882330642095,0.02348271939494594,0.23903658294745728,4.018518518518518,0.6062517235137351,-1.1666666666666665,
t1,2026-02-23,2026-02-24 18:00:00,2026-02-25 00:00:00,42.0,0.06725594621330165,0.00347455838742935,0.017731124012738728,0.1880941417318151,1.8796296296296298,0.5280213862734537,-1.4000000000000001,
t1,2026-02-23,2026-02-24 19:00:00,2026-02-25 01:00:00,43.0,0.0629702377143727,0.009731034444501813,0.015364903750287597,0.18766574512131134,0.9629629629629629,0.5619996631664266,-1.5333333333333332,
t1,2026-02-23,2026-02-24 20:00:00,2026-02-25 02:00:00,44.0,0.06347582608613125,0.00976774686822147,0.015922338685866635,0.188750829127352,0.6481481481481481,0.1849535588466498,-1.5666666666666667,
t1,2026-02-23,2026-02-24 21:00:00,2026-02-25 03:00:00,45.0,0.07825217801216695,0.010008049789822983,0.022858068759622728,0.21306741733593082,1.0555555555555556,0.7997877804937761,-1.6000000000000003,
t1,2026-02-23,2026-02-24 22:00:00,2026-02-25 04:00:00,46.0,0.11262319676967082,0.009771273168959788,0.04474327836661973,0.29795960422585704,1.8333333333333333,0.9464847243000455,-1.5,
t1,2026-02-23,2026-02-24 23:00:00,2026-02-25 05:00:00,47.0,0.16196181513294747,0.011834199825503194,0.08468484734692716,0.43737858054559997,2.8518518518518516,1.4148499607812246,-1.2333333333333334,
t1,2026-02-23,2026-02-25 00:00:00,2026-02-25 06:00:00,48.0,0.30871521388842477,0.024764169229233465,0.20730555961905903,0.6279187740292637,4.935185185185186,3.414332234720795,-2.266666666666667,
t1,2026-02-23,2026-02-25 01:00:00,2026-02-25 07:00:00,49.0,0.3890566495492004,0.028549479649913907,0.2807435807117576,0.8317249139013329,6.064814814814814,3.8172299977820403,-2.1999999999999997,
t1,2026-02-23,2026-02-25 02:00:00,2026-02-25 08:00:00,50.0,0.4160164671473662,0.03403567381895479,0.3372741999537949,0.8894020193379027,7.296296296296297,3.750034293396007,-2.0,
t1,2026-02-23,2026-02-25 03:00:00,2026-02-25 09:00:00,51.0,0.48848236552691315,0.06924506145156532,0.4109097540997806,0.947638870144319,8.564814814814815,3.169873295231046,-1.2666666666666666,
t1,2026-02-23,2026-02-25 04:00:00,2026-02-25 10:00:00,52.0,0.6031809481600293,0.10463040386399648,0.5408045348279624,0.952078440975836,8.916666666666666,2.9566048680334363,-0.033333333333333326,
t1,2026-02-23,2026-02-25 05:00:00,2026-02-25 11:00:00,53.0,0.6819193426109186,0.15273435429234114,0.6324792830321434,0.9598626233766987,8.620370370370372,2.8948034184164775,1.2333333333333334,
t1,2026-02-23,2026-02-25 06:00:00,2026-02-25 12:00:00,54.0,0.7211484599305,0.22795266102458045,0.7259110427555318,0.9621030585376478,8.925925925925926,1.7392379249748389,2.5333333333333337,
t1,2026-02-23,2026-02-25 07:00:00,2026-02-25 13:00:00,55.0,0.7122943766852919,0.19880596156184574,0.7152046679741281,0.9461403224239786,8.851851851851853,1.6162115943450825,3.4333333333333336,
t1,2026-02-23,2026-02-25 08:00:00,2026-02-25 14:00:00,56.0,0.6510761272026979,0.14461249089208575,0.6800769109477464,0.9000042054096591,8.148148148148147,1.5062455710024873,4.133333333333333,
t1,2026-02-23,2026-02-25 09:00:00,2026-02-25 15:00:00,57.0,0.5315223970117868,0.07466956141324688,0.5291754784790549,0.8785699080181364,7.814814814814816,1.5318968042691525,4.533333333333333,
t1,2026-02-23,2026-02-25 10:00:00,2026-02-25 16:00:00,58.0,0.4402499930493894,0.07861326980582366,0.37931490251420585,0.8312597853027527,7.111111111111112,1.736722114704509,4.533333333333332,
t1,2026-02-23,2026-02-25 11:00:00,2026-02-25 17:00:00,59.0,0.3271573394383765,0.0315072943297542,0.25879215086365226,0.7913944384608247,6.916666666666667,2.5043172599076984,4.266666666666667,
t1,2026-02-23,2026-02-25 12:00:00,2026-02-25 18:00:00,60.0,0.30914463564457806,0.01914959539762443,0.20376183507329576,0.7595843300425702,5.814814814814816,2.1100752819445208,3.266666666666667,
t1,2026-02-23,2026-02-25 13:00:00,2026-02-25 19:00:00,61.0,0.37610964489132687,0.030762777496627213,0.24728816983423493,0.7868853478224269,6.305555555555556,1.529292178722312,2.8333333333333335,
t1,2026-02-23,2026-02-25 14:00:00,2026-02-25 20:00:00,62.0,0.447678288735429,0.03458997290499098,0.27361499864822975,0.8548746447907095,6.0740740740740735,0.5048631807487249,2.4,
t1,2026-02-23,2026-02-25 15:00:00,2026-02-25 21:00:00,63.0,0.5950545126780262,0.1040192747714189,0.5041360862556811,0.9799026472655393,6.7407407407407405,0.3699071176932996,1.7666666666666666,
t1,2026-02-23,2026-02-25 16:00:00,2026-02-25 22:00:00,64.0,0.7346905081779549,0.24385049292492175,0.7320776299368827,0.9984280019320503,8.777777777777779,1.5275252316519468,1.6666666666666667,
t1,2026-02-23,2026-02-25 17:00:00,2026-02-25 23:00:00,65.0,0.8018473527444474,0.3603145886492701,0.8493558786780593,0.9907623101966441,10.555555555555555,2.592873662012958,1.8,
t1,2026-02-23,2026-02-25 18:00:00,2026-02-26 00:00:00,66.0,0.8437354649360941,0.5391119024284885,0.9007337916919069,0.990842679582554,11.064814814814815,0.6163496015052827,1.5666666666666667,
t1,2026-02-23,2026-02-25 19:00:00,2026-02-26 01:00:00,67.0,0.8426280109084342,0.5857601202529775,0.9105483658803168,0.9892261283922934,11.824074074074074,1.2128215919877785,1.5333333333333334,
t1,2026-02-23,2026-02-25 20:00:00,2026-02-26 02:00:00,68.0,0.8449768296634326,0.5791793219631107,0.9026592872747672,0.9883060912090579,11.972222222222223,1.1097213530798995,1.4333333333333333,
t1,2026-02-23,2026-02-25 21:00:00,2026-02-26 03:00:00,69.0,0.8377451021830403,0.5687929502619673,0.9148825979801135,0.9881088594235812,12.037037037037038,1.438645768106428,1.3333333333333333,
t1,2026-02-23,2026-02-25 22:00:00,2026-02-26 04:00:00,70.0,0.8566575157880656,0.5818560369716406,0.9253554447001314,0.9864164162700818,12.15740740740741,1.9385492645349012,1.3333333333333333,
t1,2026-02-23,2026-02-25 23:00:00,2026-02-26 05:00:00,71.0,0.8431038731748588,0.5574550414937164,0.899959825852518,0.9879452088846564,11.638888888888891,1.7166127283867085,1.3,
t1,2026-02-24,2026-02-25 00:00:00,2026-02-25 06:00:00,24.0,0.1374888256394827,0.010342172951973939,0.07727593653737243,0.3882262227440964,3.2129629629629632,2.521716379361959,-1.0666666666666667,
t1,2026-02-24,2026-02-25 01:00:00,2026-02-25 07:00:00,25.0,0.17384136972390446,0.010406491847263728,0.09471658962637827,0.5122821046657374,4.1759259259259265,2.5477436963687756,-0.8333333333333334,
t1,2026-02-24,2026-02-25 02:00:00,2026-02-25 08:00:00,26.0,0.19938682143554148,0.011712282305830726,0.12635303659000827,0.5399561665081533,5.009259259259259,2.32809155491485,-0.3333333333333333,
t1,2026-02-24,2026-02-25 03:00:00,2026-02-25 09:00:00,27.0,0.17794859981840067,0.011343017562279149,0.1352886883264545,0.5119811347996804,5.453703703703703,1.98418386161863,-0.03333333333333333,
t1,2026-02-24,2026-02-25 04:00:00,2026-02-25 10:00:00,28.0,0.1518595747681738,0.009498158450922861,0.09939211425885817,0.4369634695429311,5.037037037037037,1.3235559721910646,0.5,
t1,2026-02-24,2026-02-25 05:00:00,2026-02-25 11:00:00,29.0,0.08847767187649769,0.010080682705823945,0.030216606249339355,0.28734835358189204,4.287037037037037,1.3626219883473083,1.1666666666666667,
t1,2026-02-24,2026-02-25 06:00:00,2026-02-25 12:00:00,30.0,0.07691033594155491,0.010098741306810544,0.033790413709007615,0.2669961470144678,3.3796296296296298,2.0039184864688293,1.5666666666666667,
t1,2026-02-24,2026-02-25 07:00:00,2026-02-25 13:00:00,31.0,0.07979367746814217,0.010338391363126434,0.031458365806694706,0.2492540967653003,3.175925925925926,1.6502275687936454,2.1666666666666665,
t1,2026-02-24,2026-02-25 08:00:00,2026-02-25 14:00:00,32.0,0.07637390539746142,0.010115877251771299,0.014202169540179685,0.22850202665277472,3.018518518518519,1.614061793504521,2.6999999999999997,
t1,2026-02-24,2026-02-25 09:00:00,2026-02-25 15:00:00,33.0,0.06623817066521107,0.009718984349661286,0.014009070359150652,0.24861916039230308,2.5,2.2116065888181162,3.1333333333333333,
t1,2026-02-24,2026-02-25 10:00:00,2026-02-25 16:00:00,34.0,0.07270450968666439,0.009762067378385496,0.021151169541259392,0.2515966987897371,2.0185185185185186,2.485813659010889,2.766666666666667,
t1,2026-02-24,2026-02-25 11:00:00,2026-02-25 17:00:00,35.0,0.08934599379483027,0.00921271309762783,0.022061171412835565,0.27052416269358803,2.8981481481481484,2.0299328984024227,2.1333333333333333,
t1,2026-02-24,2026-02-25 12:00:00,2026-02-25 18:00:00,36.0,0.12334272934729304,0.010272731723285052,0.05706688525235966,0.35985117637684333,2.944444444444444,2.2194427061597977,1.4333333333333333,
t1,2026-02-24,2026-02-25 13:00:00,2026-02-25 19:00:00,37.0,0.14712466268026786,0.01010001259007522,0.09321698217121752,0.40019334575909016,3.425925925925926,1.8403345553784956,0.7333333333333334,
t1,2026-02-24,2026-02-25 14:00:00,2026-02-25 20:00:00,38.0,0.22384310083723477,0.009896759368123512,0.12688102613810479,0.5400426384615541,3.7962962962962963,3.035455776246349,0.6,
t1,2026-02-24,2026-02-25 15:00:00,2026-02-25 21:00:00,39.0,0.2871714172518549,0.021782665561500138,0.21563905983214277,0.6710823582209287,4.583333333333333,4.123479892003002,0.3333333333333333,
t1,2026-02-24,2026-02-25 16:00:00,2026-02-25 22:00:00,40.0,0.362820737235791,0.03347057751478973,0.32533325371302063,0.8414653869801199,5.268518518518518,3.3271161155106284,0.3333333333333333,
t1,2026-02-24,2026-02-25 17:00:00,2026-02-25 23:00:00,41.0,0.5587151417579475,0.06857640584554037,0.4818915445551517,0.9894627629029187,7.490740740740741,2.414643682870485,0.43333333333333335,
t1,2026-02-24,2026-02-25 18:00:00,2026-02-26 00:00:00,42.0,0.6922369691773363,0.18528920394520576,0.6461123074332018,0.999257564231358,9.601851851851853,2.487054962567429,0.8000000000000002,
t1,2026-02-24,2026-02-25 19:00:00,2026-02-26 01:00:00,43.0,0.749620299522472,0.29319721250496983,0.7496218828344721,0.990430095250415,10.666666666666666,2.307562713993348,0.8666666666666667,
t1,2026-02-24,2026-02-25 20:00:00,2026-02-26 02:00:00,44.0,0.7691725630373718,0.3744999120136507,0.8199454254364492,0.9918055150434674,11.101851851851853,2.1953818907175426,0.8666666666666666,
t1,2026-02-24,2026-02-25 21:00:00,2026-02-26 03:00:00,45.0,0.7585467656018836,0.37345067179238056,0.8093507229663729,0.9905721201427016,10.916666666666666,2.1204108034314113,0.7999999999999999,
t1,2026-02-24,2026-02-25 22:00:00,2026-02-26 04:00:00,46.0,0.8139671535217196,0.5489698532703458,0.8952805564915131,0.9862923284194341,11.731481481481481,0.35825078003987165,0.7999999999999999,
t1,2026-02-24,2026-02-25 23:00:00,2026-02-26 05:00:00,47.0,0.8050379333326433,0.5023391516866997,0.877086024372428,0.9876982341282085,11.277777777777779,0.37371177908538034,0.5666666666666668,
t1,2026-02-24,2026-02-26 00:00:00,2026-02-26 06:00:00,48.0,0.8092399534685182,0.48856215440017803,0.8771676328122242,0.9879175072349687,11.055555555555557,0.8731240914167623,1.1666666666666667,
t1,2026-02-24,2026-02-26 01:00:00,2026-02-26 07:00:00,49.0,0.7408324751235021,0.44439932133827326,0.8229850210573172,0.9838371421977923,10.712962962962962,0.46175769036265546,1.3,
t1,2026-02-24,2026-02-26 02:00:00,2026-02-26 08:00:00,50.0,0.544780323567357,0.14650299149704518,0.612262639875418,0.9967331494108872,10.305555555555555,3.192874010111337,1.5999999999999999,
t1,2026-02-24,2026-02-26 03:00:00,2026-02-26 09:00:00,51.0,0.7070254806309771,0.27251622770761164,0.7467312191171945,0.9825632812844429,11.416666666666666,1.3752104216096181,1.5333333333333332,
t1,2026-02-24,2026-02-26 04:00:00,2026-02-26 10:00:00,52.0,0.4925977255014773,0.07655808960837418,0.4351744314369247,0.945063021413444,9.398148148148147,4.002057084219289,1.366666666666667,
t1,2026-02-24,2026-02-26 05:00:00,2026-02-26 11:00:00,53.0,0.3937291055212306,0.036358754764461126,0.3300914655000575,0.8376777168309311,6.203703703703705,2.414643682870485,2.266666666666667,
t1,2026-02-24,2026-02-26 06:00:00,2026-02-26 12:00:00,54.0,0.3860628981704382,0.03939243761566928,0.31835403228446585,0.7838311418988454,8.101851851851853,1.3056540545979491,2.566666666666667,
t1,2026-02-24,2026-02-26 07:00:00,2026-02-26 13:00:00,55.0,0.5167032698923542,0.04521536760867368,0.4462139442570677,0.9621701888367115,5.9444444444444455,4.44157893735889,2.5,
t1,2026-02-24,2026-02-26 08:00:00,2026-02-26 14:00:00,56.0,0.4963780994983642,0.03526968575328752,0.4470005418764835,0.9288867192190128,7.324074074074073,2.8819807003520412,1.8333333333333333,
t1,2026-02-24,2026-02-26 09:00:00,2026-02-26 15:00:00,57.0,0.5982529761258963,0.06036097786943892,0.5108068605926587,0.9436797992865702,8.074074074074074,2.3515055154730997,1.2666666666666666,
t1,2026-02-24,2026-02-26 10:00:00,2026-02-26 16:00:00,58.0,0.5188000882011592,0.05273831753751569,0.4690006000409196,0.9051587573764661,8.907407407407407,1.5610847500080893,1.2,
t1,2026-02-24,2026-02-26 11:00:00,2026-02-26 17:00:00,59.0,0.5287772678022803,0.07022891380882977,0.44121524253153127,0.9225379978106937,8.212962962962962,0.8981004187394177,0.5333333333333333,
t1,2026-02-24,2026-02-26 12:00:00,2026-02-26 18:00:00,60.0,0.6125939323715774,0.1309555477150358,0.5605582832576315,0.9775292708776141,8.675925925925926,0.6188483263521087,0.5666666666666668,
t1,2026-02-24,2026-02-26 13:00:00,2026-02-26 19:00:00,61.0,0.7040553835624495,0.20952367208304049,0.7009702093111249,0.9931829135659916,8.425925925925926,1.7687124190775554,0.8333333333333334,
t1,2026-02-24,2026-02-26 14:00:00,2026-02-26 20:00:00,62.0,0.6880955543434549,0.3055531773787958,0.7389381547646009,0.9800309115155397,8.925925925925927,1.777850114269081,0.9333333333333332,
t1,2026-02-24,2026-02-26 15:00:00,2026-02-26 21:00:00,63.0,0.8382352969277298,0.5064479667676484,0.9040663159571737,0.989366724324363,11.472222222222223,0.33793125168323424,0.9666666666666668,
t1,2026-02-24,2026-02-26 16:00:00,2026-02-26 22:00:00,64.0,0.853674618804183,0.6559211084890282,0.9269440142652413,0.9893830020425263,11.833333333333334,1.1650120541950435,1.2333333333333334,
t1,2026-02-24,2026-02-26 17:00:00,2026-02-26 23:00:00,65.0,0.8522428866624348,0.619610724723979,0.9208276434122735,0.9897653755359381,11.25,1.0555555555555545,1.0999999999999999,
t1,2026-02-24,2026-02-26 18:00:00,2026-02-27 00:00:00,66.0,0.8561481007005219,0.6238587023456147,0.9113589586368058,0.9909625859947252,11.694444444444445,2.328533422829607,0.06666666666666658,
t1,2026-02-24,2026-02-26 19:00:00,2026-02-27 01:00:00,67.0,0.8739297602215775,0.6444118988013751,0.9338969485399042,0.9909041065589816,11.90740740740741,2.4199105516917983,-0.16666666666666666,
t1,2026-02-24,2026-02-26 20:00:00,2026-02-27 02:00:00,68.0,0.8572403587236355,0.6232205185042476,0.920017138740868,0.9888103357954997,11.842592592592593,1.7036030566084335,-0.3999999999999999,
t1,2026-02-24,2026-02-26 21:00:00,2026-02-27 03:00:00,69.0,0.8491118197690393,0.6083958661962519,0.91142422199299,0.989772515337842,11.888888888888891,1.1824331474329306,-0.8333333333333334,
t1,2026-02-24,2026-02-26 22:00:00,2026-02-27 04:00:00,70.0,0.8296983673046707,0.5844766026016859,0.9024845466823379,0.9873179402844111,11.518518518518519,0.7506855577299745,-0.9666666666666668,
t1,2026-02-24,2026-02-26 23:00:00,2026-02-27 05:00:00,71.0,0.790965525792775,0.5119025030939949,0.8427453373550038,0.9855025498698882,10.24074074074074,1.5640475875008022,-0.9333333333333332,
t1,2026-02-25,2026-02-26 00:00:00,2026-02-26 06:00:00,24.0,0.7457845997454815,0.4020125238186715,0.7736451990122649,0.9793819202352337,11.685185185185185,1.2392542228318553,0.5,
t1,2026-02-25,2026-02-26 01:00:00,2026-02-26 07:00:00,25.0,0.6343241166327426,0.2631650166949972,0.7037653097551656,0.9992512637324907,11.462962962962964,0.9579642338057447,0.6666666666666666,
t1,2026-02-25,2026-02-26 02:00:00,2026-02-26 08:00:00,26.0,0.5717765390887021,0.15879786891197875,0.640069485950214,0.9367797233165039,10.851851851851853,1.3032880229565118,0.8333333333333334,
t1,2026-02-25,2026-02-26 03:00:00,2026-02-26 09:00:00,27.0,0.387502493017971,0.034068462392240643,0.3381998334218063,0.8376646659879928,8.24074074074074,0.603700863433446,1.4333333333333333,
t1,2026-02-25,2026-02-26 04:00:00,2026-02-26 10:00:00,28.0,0.3118052381610744,0.013309717581032708,0.18870047404486934,0.7536694694499383,4.25,2.7705461421759296,2.6333333333333333,
t1,2026-02-25,2026-02-26 05:00:00,2026-02-26 11:00:00,29.0,0.35850734166541315,0.02014213677447911,0.26250176827969357,0.9089843394895036,6.916666666666667,5.240290845759246,2.9,
t1,2026-02-25,2026-02-26 06:00:00,2026-02-26 12:00:00,30.0,0.4082078179295563,0.0393048417404416,0.40323725583082887,0.8773486186746192,7.453703703703703,3.806704341341317,3.033333333333333,
t1,2026-02-25,2026-02-26 07:00:00,2026-02-26 13:00:00,31.0,0.4943678951412085,0.05160190948245638,0.5100957440461095,0.8530189368328428,8.212962962962964,1.3811823228862654,2.6666666666666665,
t1,2026-02-25,2026-02-26 08:00:00,2026-02-26 14:00:00,32.0,0.377078565353776,0.04540436784938645,0.36222304014137324,0.8103075391725209,8.00925925925926,0.57890737156817,2.0666666666666664,
t1,2026-02-25,2026-02-26 09:00:00,2026-02-26 15:00:00,33.0,0.41865231984246737,0.04467145814758312,0.408743353932791,0.9165442415355188,7.842592592592593,1.430038561740851,0.9666666666666667,
t1,2026-02-25,2026-02-26 10:00:00,2026-02-26 16:00:00,34.0,0.4584156587063767,0.10398870053615542,0.4695179126360344,0.9338419582994092,8.092592592592593,1.0070482066589361,0.1333333333333334,
t1,2026-02-25,2026-02-26 11:00:00,2026-02-26 17:00:00,35.0,0.5878579924808015,0.2376290655030216,0.6180481154250247,0.958934456414037,9.63888888888889,1.3611111111111118,0.2333333333333333,
t1,2026-02-25,2026-02-26 12:00:00,2026-02-26 18:00:00,36.0,0.720708441081619,0.33203870275146163,0.80667717152989,0.979404795490003,10.879629629629628,2.158162322220806,0.6,
t1,2026-02-25,2026-02-26 13:00:00,2026-02-26 19:00:00,37.0,0.7553661657355645,0.4674867889097144,0.8471897885014174,0.9809033440089687,11.14814814814815,2.1010971071080804,1.0999999999999999,
t1,2026-02-25,2026-02-26 14:00:00,2026-02-26 20:00:00,38.0,0.7765926751619373,0.4949007508201748,0.8453124439805558,0.9784001926197916,10.824074074074074,1.4343486211790315,1.4333333333333333,
t1,2026-02-25,2026-02-26 15:00:00,2026-02-26 21:00:00,39.0,0.8022059357465522,0.5783370503606701,0.8617467744035127,0.9784453802911947,10.888888888888891,0.4867059852204227,1.633333333333333,
t1,2026-02-25,2026-02-26 16:00:00,2026-02-26 22:00:00,40.0,0.7954404912957768,0.5817269932279435,0.8663672958146106,0.9848401624024782,11.555555555555555,1.0826208483280608,1.5666666666666667,
t1,2026-02-25,2026-02-26 17:00:00,2026-02-26 23:00:00,41.0,0.7777622392002645,0.5607141680520991,0.8508242997274452,0.9815152355950715,11.296296296296298,1.0005142710548216,1.5666666666666667,
t1,2026-02-25,2026-02-26 18:00:00,2026-02-27 00:00:00,42.0,0.7488656658643918,0.5218379129072923,0.8047656201608396,0.9693813548745079,11.416666666666666,2.0053939608644487,1.7,
t1,2026-02-25,2026-02-26 19:00:00,2026-02-27 01:00:00,43.0,0.709505724836879,0.4498376152016482,0.7600958774582437,0.9331266295192566,10.842592592592593,1.9453040427989758,1.5,
t1,2026-02-25,2026-02-26 20:00:00,2026-02-27 02:00:00,44.0,0.6470775489439797,0.3955221328132683,0.6409161878599829,0.9022954182385349,10.305555555555555,1.6218511752216678,1.2000000000000002,
t1,2026-02-25,2026-02-26 21:00:00,2026-02-27 03:00:00,45.0,0.5959910251768613,0.30106060068449436,0.5632061430534686,0.876586412126442,9.342592592592593,0.7501714481677433,0.8333333333333334,
t1,2026-02-25,2026-02-26 22:00:00,2026-02-27 04:00:00,46.0,0.5591225759542696,0.2553896488459905,0.5436268827465706,0.9149962894394205,9.287037037037038,1.1507959313971206,0.6,
t1,2026-02-25,2026-02-26 23:00:00,2026-02-27 05:00:00,47.0,0.5197881579407441,0.16794849852032065,0.5162786783713434,0.8944194542799531,8.879629629629632,1.2565671113592767,0.4000000000000001,
t1,2026-02-25,2026-02-27 00:00:00,2026-02-27 06:00:00,48.0,0.583096737726105,0.18107426321856132,0.5698441628019569,0.91586133944947,9.555555555555555,0.8664707755823451,-0.8000000000000002,
t1,2026-02-25,2026-02-27 01:00:00,2026-02-27 07:00:00,49.0,0.5402623177065273,0.10565870435072121,0.4923852377139915,0.9105327693495466,8.574074074074074,1.7396815138258288,-0.7000000000000001,
t1,2026-02-25,2026-02-27 02:00:00,2026-02-27 08:00:00,50.0,0.4052803460304049,0.03521945356725129,0.3856154687406559,0.8750499883520232,8.175925925925926,2.0184972815736377,-0.7333333333333334,
t1,2026-02-25,2026-02-27 03:00:00,2026-02-27 09:00:00,51.0,0.3812961970105276,0.025953892290300838,0.3036707757829321,0.8241599955400646,7.87962962962963,1.8224282855484542,-0.4666666666666666,
t1,2026-02-25,2026-02-27 04:00:00,2026-02-27 10:00:00,52.0,0.33080855257478253,0.02163385699247546,0.2590542781418144,0.7778841812497849,6.9259259259259265,1.3657328938883178,-0.0333333333333334,
t1,2026-02-25,2026-02-27 05:00:00,2026-02-27 11:00:00,53.0,0.2615066284790948,0.018653783310983718,0.19524980772661973,0.7167239394593088,6.185185185185186,0.7398142353865996,0.7000000000000001,
t1,2026-02-25,2026-02-27 06:00:00,2026-02-27 12:00:00,54.0,0.295023398342542,0.02014369398003924,0.2512893734685036,0.760261221402955,6.5,1.709405715807271,0.4666666666666666,
t1,2026-02-25,2026-02-27 07:00:00,2026-02-27 13:00:00,55.0,0.3742079130862971,0.04660954124838455,0.3532874654896111,0.8929425114586771,7.361111111111112,2.3334986713908195,0.6,
t1,2026-02-25,2026-02-27 08:00:00,2026-02-27 14:00:00,56.0,0.5369308559631751,0.14545842592128405,0.490067662246606,0.9620194385560705,8.685185185185185,2.6559874900543305,0.5333333333333333,
t1,2026-02-25,2026-02-27 09:00:00,2026-02-27 15:00:00,57.0,0.6379582379897957,0.2925569230496557,0.6557519588769757,0.9708653133591397,9.861111111111112,2.647500568320857,0.20000000000000004,
t1,2026-02-25,2026-02-27 10:00:00,2026-02-27 16:00:00,58.0,0.775554483431754,0.41527064278438297,0.8413792138749827,0.9809718891269785,10.833333333333334,2.5289984842489193,-0.4666666666666666,
t1,2026-02-25,2026-02-27 11:00:00,2026-02-27 17:00:00,59.0,0.8030341858497249,0.5638923466692575,0.8724519517648233,0.9850617661802585,11.740740740740742,2.4203887896377534,-1.6000000000000003,
t1,2026-02-25,2026-02-27 12:00:00,2026-02-27 18:00:00,60.0,0.8111779159636121,0.6290021320897221,0.8608546917419939,0.9851668489380636,11.796296296296296,2.0998113769884292,-2.6333333333333333,
t1,2026-02-25,2026-02-27 13:00:00,2026-02-27 19:00:00,61.0,0.8081157673400724,0.6275116926853106,0.855017133764486,0.9843091655743731,11.870370370370372,1.9956227820071222,-3.5,
t1,2026-02-25,2026-02-27 14:00:00,2026-02-27 20:00:00,62.0,0.7817972821251508,0.5734047636834974,0.8422352268312371,0.9825087594389025,11.444444444444445,2.032908273725776,-4.1,
t1,2026-02-25,2026-02-27 15:00:00,2026-02-27 21:00:00,63.0,0.7499771820253912,0.5343854550888069,0.7845513971302002,0.9758180563221254,11.055555555555557,2.1886350670658015,-4.566666666666666,
t1,2026-02-25,2026-02-27 16:00:00,2026-02-27 22:00:00,64.0,0.7143948453102834,0.4468380881063804,0.7376523217834959,0.9701069619084913,10.481481481481483,2.5580201481202804,-4.8,
t1,2026-02-25,2026-02-27 17:00:00,2026-02-27 23:00:00,65.0,0.6469811498968167,0.39687743328299646,0.6527815590854439,0.9444204859460598,10.037037037037038,2.9518164178364916,-4.966666666666667,
t1,2026-02-25,2026-02-27 18:00:00,2026-02-28 00:00:00,66.0,0.6573684404290424,0.4090455347977437,0.6203971237042106,0.9424654911427304,9.75925925925926,2.6974973159481226,-4.733333333333333,
t1,2026-02-25,2026-02-27 19:00:00,2026-02-28 01:00:00,67.0,0.6758299814914444,0.38253570148341,0.668247199258274,0.9569444526972458,9.935185185185185,3.1389298587952252,-5.2,
t1,2026-02-25,2026-02-27 20:00:00,2026-02-28 02:00:00,68.0,0.7065053898324941,0.39110587771088084,0.7126537480422889,0.9624417851109061,10.185185185185185,3.439549987313215,-5.666666666666667,
t1,2026-02-25,2026-02-27 21:00:00,2026-02-28 03:00:00,69.0,0.744234888946091,0.43215099893496267,0.7654447440590145,0.9639730890555752,10.370370370370372,3.4401107743672577,-6.2,
t1,2026-02-25,2026-02-27 22:00:00,2026-02-28 04:00:00,70.0,0.7489771925234006,0.48604445421098025,0.7933349588179496,0.972511318014084,10.648148148148149,2.913402053035891,-6.733333333333333,
t1,2026-02-25,2026-02-27 23:00:00,2026-02-28 05:00:00,71.0,0.7678207296090653,0.537204475300401,0.7977631444857661,0.9804733789319829,11.092592592592593,2.4422865054054563,-7.366666666666667,
t1,2026-02-26,2026-02-27 00:00:00,2026-02-27 06:00:00,24.0,0.3612710648080949,0.02309302203654264,0.31276076870227076,0.8309382937685615,7.879629629629631,1.2216960146711517,0.5,
t1,2026-02-26,2026-02-27 01:00:00,2026-02-27 07:00:00,25.0,0.3489100717521089,0.025516843229748988,0.27014953738672326,0.7843299408671837,7.453703703703705,0.7980170898672317,0.13333333333333333,
t1,2026-02-26,2026-02-27 02:00:00,2026-02-27 08:00:00,26.0,0.36042531291334223,0.02493771820144168,0.2550034447580905,0.79069779357061,7.018518518518519,0.47898211690287285,0.2333333333333333,
t1,2026-02-26,2026-02-27 03:00:00,2026-02-27 09:00:00,27.0,0.31262571594811406,0.023229919409957372,0.22205171496139395,0.7575043549133076,6.814814814814814,0.610058015186264,0.5333333333333333,
t1,2026-02-26,2026-02-27 04:00:00,2026-02-27 10:00:00,28.0,0.25277831300131626,0.013262647855276286,0.16623277979087925,0.710170576812358,6.666666666666667,0.20971762320196546,0.8333333333333334,
t1,2026-02-26,2026-02-27 05:00:00,2026-02-27 11:00:00,29.0,0.2417589247279352,0.013858387251631146,0.18473211740775608,0.7156631937308733,6.342592592592593,0.7455285086444692,1.4333333333333333,
t1,2026-02-26,2026-02-27 06:00:00,2026-02-27 12:00:00,30.0,0.26947356491631197,0.014933298490266169,0.234520938164064,0.7163821066998814,6.0740740740740735,0.9036676525899598,2.1333333333333333,
t1,2026-02-26,2026-02-27 07:00:00,2026-02-27 13:00:00,31.0,0.3494030591988734,0.024454432078345193,0.30165536115691444,0.7924231845201618,6.666666666666667,1.370151383904281,2.433333333333333,
t1,2026-02-26,2026-02-27 08:00:00,2026-02-27 14:00:00,32.0,0.45059012631816164,0.05925594470393048,0.41849303292115314,0.9100784755832574,7.685185185185186,1.6066349056847395,2.5,
t1,2026-02-26,2026-02-27 09:00:00,2026-02-27 15:00:00,33.0,0.5127977847851991,0.14081525854195953,0.531095343154197,0.951683714311804,8.722222222222223,1.7653646494928503,2.1,
t1,2026-02-26,2026-02-27 10:00:00,2026-02-27 16:00:00,34.0,0.621303899439136,0.2423169027847427,0.6686491745478843,0.9637610164602067,9.898148148148149,1.748309000760425,1.3,
t1,2026-02-26,2026-02-27 11:00:00,2026-02-27 17:00:00,35.0,0.7511897045476132,0.40202624763373745,0.8440200566933399,0.9857733915245424,10.898148148148147,1.4985418152378875,0.06666666666666665,
t1,2026-02-26,2026-02-27 12:00:00,2026-02-27 18:00:00,36.0,0.7520653069297206,0.43965433361353495,0.8367122106010781,0.9854445416443214,11.046296296296298,2.4610128732170247,-0.3666666666666667,
t1,2026-02-26,2026-02-27 13:00:00,2026-02-27 19:00:00,37.0,0.7728238344459886,0.44647828256827193,0.852039448282042,0.9869292186540713,11.157407407407407,2.415602149538695,-1.3666666666666665,
t1,2026-02-26,2026-02-27 14:00:00,2026-02-27 20:00:00,38.0,0.7723287928076442,0.521795768444614,0.8518291889191065,0.9862274401464471,11.194444444444445,2.430674600259295,-2.1666666666666665,
t1,2026-02-26,2026-02-27 15:00:00,2026-02-27 21:00:00,39.0,0.7682057709921759,0.511140893077496,0.8108100405144094,0.982752041210769,10.981481481481483,2.2452510468485447,-2.9000000000000004,
t1,2026-02-26,2026-02-27 16:00:00,2026-02-27 22:00:00,40.0,0.7344560293201585,0.5064330159559363,0.7636998220393582,0.9743380972067545,10.62962962962963,2.07541705858803,-3.466666666666667,
t1,2026-02-26,2026-02-27 17:00:00,2026-02-27 23:00:00,41.0,0.6985877686718057,0.4807352343360829,0.6967310038140714,0.9739261248318715,10.305555555555557,2.2102105927258457,-4.1,
t1,2026-02-26,2026-02-27 18:00:00,2026-02-28 00:00:00,42.0,0.615253483284356,0.36394349714140534,0.5734500350173714,0.9592927340772693,9.435185185185185,2.2562213941508187,-3.8666666666666667,
t1,2026-02-26,2026-02-27 19:00:00,2026-02-28 01:00:00,43.0,0.6226861525125265,0.3509121261506669,0.5959377676203105,0.9607871448025909,9.472222222222221,2.3552214123590516,-4.266666666666667,
t1,2026-02-26,2026-02-27 20:00:00,2026-02-28 02:00:00,44.0,0.6922584008869082,0.4265926483289456,0.6731392375745017,0.9705153737152927,9.805555555555557,2.436856911051257,-4.7,
t1,2026-02-26,2026-02-27 21:00:00,2026-02-28 03:00:00,45.0,0.7547177043561051,0.48869378658426743,0.7736395908847739,0.9850639135891256,10.425925925925926,2.424847795486496,-5.233333333333333,
t1,2026-02-26,2026-02-27 22:00:00,2026-02-28 04:00:00,46.0,0.7920028093567099,0.571599137762315,0.8083145894755944,0.9860112758979857,10.694444444444445,2.18174949620655,-5.633333333333333,
t1,2026-02-26,2026-02-27 23:00:00,2026-02-28 05:00:00,47.0,0.7835398323952638,0.5791764818592312,0.8261977121733936,0.9860688569710391,10.879629629629632,2.1266484770304577,-5.866666666666667,
t1,2026-02-26,2026-02-28 00:00:00,2026-02-28 06:00:00,48.0,0.7768695765932605,0.5809091022066191,0.8193762579806964,0.9874784935119147,11.759259259259261,2.27647885276323,-7.866666666666667,
t1,2026-02-26,2026-02-28 01:00:00,2026-02-28 07:00:00,49.0,0.7520336315779649,0.551393657256594,0.8033529217867463,0.987167186310941,11.555555555555557,2.025493386014904,-8.133333333333333,
t1,2026-02-26,2026-02-28 02:00:00,2026-02-28 08:00:00,50.0,0.7382031440059206,0.553448099218755,0.7947416435289744,0.986509957749143,11.157407407407407,1.8954814149019463,-8.200000000000001,
t1,2026-02-26,2026-02-28 03:00:00,2026-02-28 09:00:00,51.0,0.7315808285168142,0.5403044778647946,0.7858100900110184,0.9861306307420724,10.925925925925926,1.8262348547916742,-8.166666666666666,
t1,2026-02-26,2026-02-28 04:00:00,2026-02-28 10:00:00,52.0,0.7382345160090384,0.5242691960035276,0.7913241178263182,0.9857137599694835,10.64814814814815,1.486132744736965,-7.966666666666666,
t1,2026-02-26,2026-02-28 05:00:00,2026-02-28 11:00:00,53.0,0.7420501572917522,0.525365825962684,0.795123701288283,0.9884190860155223,10.731481481481483,1.2793870703271026,-7.666666666666667,
t1,2026-02-26,2026-02-28 06:00:00,2026-02-28 12:00:00,54.0,0.7940735115354924,0.6227556441277801,0.8480083076156284,0.9842778035932248,10.314814814814815,0.8608123735093686,-6.466666666666666,
t1,2026-02-26,2026-02-28 07:00:00,2026-02-28 13:00:00,55.0,0.8045730198007383,0.6116162552609742,0.8545822010371842,0.9830994594723416,10.620370370370372,0.6528270272989757,-6.266666666666667,
t1,2026-02-26,2026-02-28 08:00:00,2026-02-28 14:00:00,56.0,0.8036362235649392,0.6154783669354754,0.8546042767696911,0.976474723617967,10.805555555555557,0.8069910581296647,-6.133333333333333,
t1,2026-02-26,2026-02-28 09:00:00,2026-02-28 15:00:00,57.0,0.7300618471605619,0.5349275219858396,0.776292792485475,0.9792458212138491,10.888888888888891,1.1097213530798995,-6.166666666666667,
t1,2026-02-26,2026-02-28 10:00:00,2026-02-28 16:00:00,58.0,0.702319823447662,0.4878227150255124,0.742177764729642,0.9741684837611289,10.592592592592593,1.5189983433428058,-6.2,
t1,2026-02-26,2026-02-28 11:00:00,2026-02-28 17:00:00,59.0,0.6766970222614224,0.36155091034095205,0.6791406749091896,0.9648518125824742,10.157407407407407,1.8975157031290675,-6.333333333333333,
t1,2026-02-26,2026-02-28 12:00:00,2026-02-28 18:00:00,60.0,0.6281632325375631,0.2424833021205807,0.6317099778624774,0.9166118766301997,9.944444444444445,2.466441431158123,-6.866666666666667,
t1,2026-02-26,2026-02-28 13:00:00,2026-02-28 19:00:00,61.0,0.5524382182431291,0.13281151811194972,0.4959980368761013,0.8986672861672599,9.444444444444445,2.4584510329639446,-7.233333333333333,
t1,2026-02-26,2026-02-28 14:00:00,2026-02-28 20:00:00,62.0,0.46512269829116387,0.0946508237737966,0.42184760117828984,0.8497220413454911,8.675925925925926,2.0796881690913276,-7.2,
t1,2026-02-26,2026-02-28 15:00:00,2026-02-28 21:00:00,63.0,0.3125486291678812,0.03956395218980613,0.2996939167447358,0.7869971366443743,7.842592592592593,1.680115491817042,-7.366666666666666,
t1,2026-02-26,2026-02-28 16:00:00,2026-02-28 22:00:00,64.0,0.2667072001650901,0.02588430262890733,0.20488741290486503,0.7058791230822928,7.240740740740741,1.428689001628586,-7.633333333333333,
t1,2026-02-26,2026-02-28 17:00:00,2026-02-28 23:00:00,65.0,0.21062179236880005,0.014732963403497367,0.15183286578829433,0.6452220303228074,6.518518518518518,1.0323970270197302,-7.966666666666666,
t1,2026-02-26,2026-02-28 18:00:00,2026-03-01 00:00:00,66.0,0.15568435060678287,0.011201590656252806,0.11074302985776721,0.5474838689842818,6.351851851851852,1.8678016831484054,-8.866666666666667,
t1,2026-02-26,2026-02-28 19:00:00,2026-03-01 01:00:00,67.0,0.13419443799228448,0.007885570469749657,0.07632235394436744,0.5129497093496403,5.6759259259259265,2.294036373002494,-9.333333333333334,
t1,2026-02-26,2026-02-28 20:00:00,2026-03-01 02:00:00,68.0,0.1173465693290711,0.008183462977717935,0.06677904430921826,0.4046647853925994,5.185185185185185,2.5762048202191075,-9.566666666666666,
t1,2026-02-26,2026-02-28 21:00:00,2026-03-01 03:00:00,69.0,0.11004660607428789,0.008793391978434545,0.061238674226326756,0.414470102312153,4.888888888888889,3.113590282044901,-9.799999999999999,
t1,2026-02-26,2026-02-28 22:00:00,2026-03-01 04:00:00,70.0,0.10664981555558964,0.008979910402955052,0.037439434047434404,0.38663352006864815,4.703703703703704,3.0676947417900933,-9.9,
t1,2026-02-26,2026-02-28 23:00:00,2026-03-01 05:00:00,71.0,0.10424863110390399,0.008425860445640917,0.03261531231315181,0.3863276893862098,4.5,2.8203679385218474,-9.866666666666665,
t1,2026-02-27,2026-02-28 00:00:00,2026-02-28 06:00:00,24.0,0.8553086886129176,0.6315059275409964,0.9077203839076303,0.9906388231013107,11.314814814814815,1.8860954289426057,-6.900000000000001,
t1,2026-02-27,2026-02-28 01:00:00,2026-02-28 07:00:00,25.0,0.8518446995865577,0.6455487607118857,0.9125524108361637,0.9905217491853169,11.092592592592593,1.5139101255730982,-7.099999999999999,
t1,2026-02-27,2026-02-28 02:00:00,2026-02-28 08:00:00,26.0,0.8426103069928259,0.6339448206637817,0.915739165376191,0.9887620579520434,11.879629629629632,2.026508989155383,-7.566666666666667,
t1,2026-02-27,2026-02-28 03:00:00,2026-02-28 09:00:00,27.0,0.8523888268209086,0.6209926031406123,0.920607192500954,0.9894948918043633,12.481481481481481,2.4384923325627006,-7.766666666666667,
t1,2026-02-27,2026-02-28 04:00:00,2026-02-28 10:00:00,28.0,0.8544151046822046,0.6310523347642278,0.9164890556032235,0.9894732962655658,12.666666666666666,2.5426910503987266,-7.866666666666667,
t1,2026-02-27,2026-02-28 05:00:00,2026-02-28 11:00:00,29.0,0.8595570351425599,0.6755303550991838,0.9177937760038235,0.9895180111772198,12.444444444444445,2.1523745142011688,-7.733333333333333,
t1,2026-02-27,2026-02-28 06:00:00,2026-02-28 12:00:00,30.0,0.8609693281263197,0.679761133081215,0.9154051379540518,0.9894176324672688,12.083333333333336,2.000578620003427,-6.866666666666667,
t1,2026-02-27,2026-02-28 07:00:00,2026-02-28 13:00:00,31.0,0.8570001144030887,0.6655022524071564,0.9014187438983852,0.989071416236399,12.064814814814817,2.0976054346970936,-6.599999999999999,
t1,2026-02-27,2026-02-28 08:00:00,2026-02-28 14:00:00,32.0,0.8338979021634866,0.5913681370560286,0.8889877193495092,0.9889497991547939,12.175925925925926,2.7082027508880673,-6.366666666666667,
t1,2026-02-27,2026-02-28 09:00:00,2026-02-28 15:00:00,33.0,0.7991653013514648,0.5422009259340894,0.8794950674118466,0.9883299038306254,11.888888888888891,2.737485554389982,-6.433333333333333,
t1,2026-02-27,2026-02-28 10:00:00,2026-02-28 16:00:00,34.0,0.7520340757825975,0.49494463017123924,0.8227386599789525,0.9846499101786946,11.648148148148147,2.639083813463603,-6.3999999999999995,
t1,2026-02-27,2026-02-28 11:00:00,2026-02-28 17:00:00,35.0,0.7299386322426864,0.4630493514258624,0.8015841731038288,0.9794248293496225,11.351851851851853,2.6141137188308057,-6.533333333333334,
t1,2026-02-27,2026-02-28 12:00:00,2026-02-28 18:00:00,36.0,0.7296570146262228,0.4128199692725005,0.7701297102277204,0.9700296492447672,10.212962962962964,2.2369879808209627,-6.466666666666666,
t1,2026-02-27,2026-02-28 13:00:00,2026-02-28 19:00:00,37.0,0.6786066141604179,0.26041237447837734,0.6552444865897722,0.953557610683855,9.731481481481481,2.1113547617681765,-6.833333333333333,
t1,2026-02-27,2026-02-28 14:00:00,2026-02-28 20:00:00,38.0,0.5990279589923739,0.1908708820141911,0.5699058531570241,0.92860358046696,9.074074074074074,1.9309718442728487,-6.833333333333333,
t1,2026-02-27,2026-02-28 15:00:00,2026-02-28 21:00:00,39.0,0.46602104815234957,0.07613290605645048,0.40900336769780576,0.900549446262443,8.444444444444445,1.9657562236615702,-6.866666666666667,
t1,2026-02-27,2026-02-28 16:00:00,2026-02-28 22:00:00,40.0,0.34256506137732845,0.04456280999558554,0.32918302069584315,0.8016268217482265,7.981481481481481,2.1157356754943826,-6.8999999999999995,
t1,2026-02-27,2026-02-28 17:00:00,2026-02-28 23:00:00,41.0,0.3256256007026212,0.0338916271550085,0.30633249071061214,0.740015035668091,7.4259259259259265,2.143093510381356,-7.233333333333334,
t1,2026-02-27,2026-02-28 18:00:00,2026-03-01 00:00:00,42.0,0.25051673522191553,0.030353103770959813,0.23680239367454212,0.742715776530936,7.666666666666667,2.5704577581473216,-7.566666666666666,
t1,2026-02-27,2026-02-28 19:00:00,2026-03-01 01:00:00,43.0,0.25013831762053085,0.026634903689872858,0.20825039569880385,0.7287043814376827,7.351851851851852,2.653080746709318,-7.800000000000001,
t1,2026-02-27,2026-02-28 20:00:00,2026-03-01 02:00:00,44.0,0.2249077203740245,0.017263508351491447,0.16965662330113734,0.6850277725341052,6.9259259259259265,2.5865173528242384,-8.0,
t1,2026-02-27,2026-02-28 21:00:00,2026-03-01 03:00:00,45.0,0.18750256970233442,0.01053159086852178,0.11043910905586751,0.6760536479121713,6.666666666666667,2.5704577581473216,-8.033333333333333,
t1,2026-02-27,2026-02-28 22:00:00,2026-03-01 04:00:00,46.0,0.17363181642270875,0.007382250087934544,0.10194012277968627,0.6348984599150483,6.638888888888889,2.683252816827432,-7.966666666666666,
t1,2026-02-27,2026-02-28 23:00:00,2026-03-01 05:00:00,47.0,0.16010345277260885,0.007904698564053427,0.07967668492177636,0.5768173686271894,6.546296296296297,2.584129706003273,-7.766666666666667,
t1,2026-02-27,2026-03-01 00:00:00,2026-03-01 06:00:00,48.0,0.10775093636753807,0.007286325826219773,0.06006687432133317,0.4564214343189305,5.083333333333333,3.467552415333677,-8.766666666666667,
t1,2026-02-27,2026-03-01 01:00:00,2026-03-01 07:00:00,49.0,0.08687619411629498,0.007522495954801053,0.03298195021945633,0.377881774480789,4.638888888888888,3.3333333333333335,-8.633333333333333,
t1,2026-02-27,2026-03-01 02:00:00,2026-03-01 08:00:00,50.0,0.08414974043732827,0.007184455800918132,0.029233604688534216,0.3499925182630814,4.083333333333334,3.1381513391104154,-8.466666666666667,
t1,2026-02-27,2026-03-01 03:00:00,2026-03-01 09:00:00,51.0,0.06742678913637266,0.007551952810277224,0.02202240975443381,0.27668413600944,3.8796296296296298,2.8981333569614267,-7.766666666666667,
t1,2026-02-27,2026-03-01 04:00:00,2026-03-01 10:00:00,52.0,0.06456164534171573,0.008020228534501048,0.013366249025222564,0.26281800812652656,3.657407407407408,2.9410794888392227,-6.933333333333334,
t1,2026-02-27,2026-03-01 05:00:00,2026-03-01 11:00:00,53.0,0.06479296169577191,0.008962974911968515,0.010148295409355286,0.26749271120549784,3.5462962962962963,2.541982878528593,-5.866666666666667,
t1,2026-02-27,2026-03-01 06:00:00,2026-03-01 12:00:00,54.0,0.07182894757414046,0.008879908759049239,0.019961992099505818,0.23387387829177714,3.5462962962962963,1.2547235853845118,-4.7,
t1,2026-02-27,2026-03-01 07:00:00,2026-03-01 13:00:00,55.0,0.07734586778055992,0.008180901123939884,0.02285693788978863,0.24439982173206243,3.592592592592593,1.4762349228104255,-3.9,
t1,2026-02-27,2026-03-01 08:00:00,2026-03-01 14:00:00,56.0,0.07639945304765554,0.007930773121867367,0.024626445228370198,0.27343035185632664,3.6296296296296298,1.4995712693198506,-3.1666666666666665,
t1,2026-02-27,2026-03-01 09:00:00,2026-03-01 15:00:00,57.0,0.08005973142404951,0.008643043478527226,0.0294134016647209,0.2768014792679818,3.675925925925926,1.5116148397883349,-2.7000000000000006,
t1,2026-02-27,2026-03-01 10:00:00,2026-03-01 16:00:00,58.0,0.0786110478352243,0.008214447671239949,0.031554238561451224,0.2656644662947582,3.7314814814814814,1.6632681399431046,-2.6,
t1,2026-02-27,2026-03-01 11:00:00,2026-03-01 17:00:00,59.0,0.0725740861189069,0.008435742764317366,0.015603087386989187,0.2423338646981439,3.6203703703703702,1.4806710746400502,-3.0666666666666664,
t1,2026-02-27,2026-03-01 12:00:00,2026-03-01 18:00:00,60.0,0.07308815321265588,0.008958479453625004,0.014932617297293845,0.23011302632510422,3.1018518518518516,0.965985285610739,-4.2,
t1,2026-02-27,2026-03-01 13:00:00,2026-03-01 19:00:00,61.0,0.09329285063717825,0.00928408981229013,0.01699904613819677,0.261650934871377,2.0092592592592595,1.0279028952872533,-5.733333333333333,
t1,2026-02-27,2026-03-01 14:00:00,2026-03-01 20:00:00,62.0,0.15155400127187807,0.0087200137634482,0.04363517974435718,0.38223395512135266,1.8148148148148149,0.8109652329499076,-6.5,
t1,2026-02-27,2026-03-01 15:00:00,2026-03-01 21:00:00,63.0,0.2871928963740717,0.030307857936329254,0.10558380200335138,0.6217164848135193,3.453703703703704,1.7323477729902743,-6.6000000000000005,
t1,2026-02-27,2026-03-01 16:00:00,2026-03-01 22:00:00,64.0,0.5795527312874306,0.09241151945285767,0.42731807442490594,0.9298994130206184,5.7407407407407405,2.0529888880570186,-6.366666666666667,
t1,2026-02-27,2026-03-01 17:00:00,2026-03-01 23:00:00,65.0,0.673855061253919,0.19542243998272935,0.6703377669103341,0.9993412766503755,8.981481481481483,1.70925524657448,-5.566666666666666,
t1,2026-02-27,2026-03-01 18:00:00,2026-03-02 00:00:00,66.0,0.9012490970107039,0.5933483612518402,0.9437327256939532,0.9897807400059285,13.287037037037038,0.6119522830317887,-3.1999999999999997,
t1,2026-02-27,2026-03-01 19:00:00,2026-03-02 01:00:00,67.0,0.9057696738103278,0.7082576736821025,0.9531246116877151,0.9894817074586375,14.092592592592593,0.8881652146755536,-2.8666666666666667,
t1,2026-02-27,2026-03-01 20:00:00,2026-03-02 02:00:00,68.0,0.9165732784404328,0.8058888587516756,0.9656666150974874,0.9894644138156831,14.212962962962964,1.3722147248258223,-2.8666666666666667,
t1,2026-02-27,2026-03-01 21:00:00,2026-03-02 03:00:00,69.0,0.9274547782473035,0.8120742747318694,0.9665902355238476,0.98954894885402,14.268518518518519,1.7137635766662271,-2.8333333333333335,
t1,2026-02-27,2026-03-01 22:00:00,2026-03-02 04:00:00,70.0,0.9165097222446004,0.7943204410917701,0.9647655100647556,0.9894551999290032,14.277777777777779,2.0005786200034277,-2.6666666666666665,
t1,2026-02-27,2026-03-01 23:00:00,2026-03-02 05:00:00,71.0,0.9160587151942007,0.770176224665701,0.9599147270349502,0.9894926101463194,13.861111111111109,2.2243045799075114,-2.5333333333333337,
t2,2026-01-30,2026-01-31 00:00:00,2026-01-31 06:00:00,24.0,0.7649824998050218,0.37222460896218046,0.8539320420493474,0.9524143410287951,12.398148148148147,2.2761398808512725,-2.6999999999999997,0.10333333333333333
t2,2026-01-30,2026-01-31 01:00:00,2026-01-31 07:00:00,25.0,0.7792822758529978,0.4014868912094474,0.8786904973565811,0.9488042885022719,12.546296296296296,2.211315828974515,-2.8666666666666667,0.4716666666666667
t2,2026-01-30,2026-01-31 02:00:00,2026-01-31 08:00:00,26.0,0.806919681360679,0.47402427151265114,0.8977855578708754,0.9457055027768932,12.842592592592593,1.932569559648671,-3.0,0.48
t2,2026-01-30,2026-01-31 03:00:00,2026-01-31 09:00:00,27.0,0.8280321779211887,0.5130900615690517,0.906874723767976,0.9440421465384401,12.925925925925926,1.6947479995247103,-2.466666666666667,0.6583333333333333
t2,2026-01-30,2026-01-31 04:00:00,2026-01-31 10:00:00,28.0,0.881689019566206,0.688711683730973,0.9258267970260781,0.9407401283488046,13.018518518518519,1.6796561719492114,-0.39999999999999997,0.9383333333333334
t2,2026-01-30,2026-01-31 05:00:00,2026-01-31 11:00:00,29.0,0.8802713642746123,0.6702715747685418,0.9264005463097732,0.9381285261883734,13.305555555555557,2.2496570383334995,1.6666666666666667,0.9766666666666666
t2,2026-01-30,2026-01-31 06:00:00,2026-01-31 12:00:00,30.0,0.8826500685463279,0.6619693075816835,0.926153910327038,0.9363543013394616,12.796296296296298,2.927932387512325,3.366666666666667,0.9683333333333333
t2,2026-01-30,2026-01-31 07:00:00,2026-01-31 13:00:00,31.0,0.8821325501393037,0.6677421414469429,0.9248236047240894,0.9343496359725181,12.722222222222223,3.2478625449841787,4.699999999999999,0.9766666666666666
t2,2026-01-30,2026-01-31 08:00:00,2026-01-31 14:00:00,32.0,0.8656776086930345,0.5976022854045355,0.9099725579766641,0.9353154168218488,12.592592592592593,3.215790195949067,5.766666666666667,0.8933333333333332
t2,2026-01-30,2026-01-31 09:00:00,2026-01-31 15:00:00,33.0,0.8625340850690929,0.5630448735417136,0.9119306519278582,0.9341541224792222,11.75925925925926,2.42707422639101,6.133333333333333,0.9
t2,2026-01-30,2026-01-31 10:00:00,2026-01-31 16:00:00,34.0,0.8102043316686799,0.515620113754141,0.9039999639026282,0.9382659506883333,11.046296296296296,1.8801540957773422,5.766666666666667,0.94
t2,2026-01-30,2026-01-31 11:00:00,2026-01-31 17:00:00,35.0,0.724018099337346,0.3296900392658453,0.7703187277066957,0.9556027806238133,10.555555555555555,1.376892636821526,4.366666666666666,0.8566666666666666
t2,2026-01-30,2026-01-31 12:00:00,2026-01-31 18:00:00,36.0,0.5894879180909545,0.10881719198132622,0.5930844542610827,0.9656959860453223,10.092592592592593,1.0297778337249621,2.533333333333333,0.8250000000000001
t2,2026-01-30,2026-01-31 13:00:00,2026-01-31 19:00:00,37.0,0.3317581156352201,0.03992487545483023,0.23347845239771153,0.8401546064506387,8.916666666666666,1.647341667020304,1.2333333333333334,0.8833333333333333
t2,2026-01-30,2026-01-31 14:00:00,2026-01-31 20:00:00,38.0,0.15985584389826557,0.0,0.09536510656536017,0.6410470404742783,7.166666666666667,2.242442726741543,0.5666666666666667,0.3516666666666666
t2,2026-01-30,2026-01-31 15:00:00,2026-01-31 21:00:00,39.0,0.1554033666977725,0.0,0.08507701867837637,0.5849540140840925,5.055555555555556,3.4888490797445755,-0.20000000000000004,0.02666666666666667
t2,2026-01-30,2026-01-31 16:00:00,2026-01-31 22:00:00,40.0,0.13180597269170446,0.0,0.06285949407138992,0.4210044593593869,5.305555555555556,0.4819264325804855,-0.8666666666666667,0.02
t2,2026-01-30,2026-01-31 17:00:00,2026-01-31 23:00:00,41.0,0.12935598944117715,0.0,0.04083847843730902,0.5478001141720938,5.435185185185186,2.394427257822654,-1.4333333333333333,0.19999999999999998
t2,2026-01-30,2026-01-31 18:00:00,2026-02-01 00:00:00,42.0,0.04020937681305865,0.0,0.0,0.23499611417894167,3.6203703703703702,1.8194621147007366,-2.066666666666667,
t2,2026-01-30,2026-01-31 19:00:00,2026-02-01 01:00:00,43.0,0.023740856673530666,0.0,0.0,0.1597607521489845,3.2870370370370376,2.1463314476398034,-2.3666666666666667,
t2,2026-01-30,2026-01-31 20:00:00,2026-02-01 02:00:00,44.0,0.010241384874714751,0.0,0.0,0.14144322863003456,2.8518518518518516,2.152792712015105,-2.433333333333333,
t2,2026-01-30,2026-01-31 21:00:00,2026-02-01 03:00:00,45.0,0.012757527819947254,0.0,0.0,0.14532974390491524,2.6203703703703702,3.1102842816625627,-2.5,
t2,2026-01-30,2026-01-31 22:00:00,2026-02-01 04:00:00,46.0,0.023658767591566057,0.0,0.0,0.20802089262641657,3.3333333333333335,4.259068031133943,-2.6,
t2,2026-01-30,2026-01-31 23:00:00,2026-02-01 05:00:00,47.0,0.03971594153886504,0.0,0.0,0.2760470357016729,4.166666666666667,5.389747926948846,-2.866666666666667,
t2,2026-01-30,2026-02-01 00:00:00,2026-02-01 06:00:00,48.0,0.03813516959563343,0.0,0.0,0.2873491276662149,3.8425925925925934,5.501496242418948,-2.733333333333333,
t2,2026-01-30,2026-02-01 01:00:00,2026-02-01 07:00:00,49.0,0.06196654597724738,0.0,0.0,0.41372160858221707,4.037037037037037,5.573051155063512,-2.6999999999999997,
t2,2026-01-30,2026-02-01 02:00:00,2026-02-01 08:00:00,50.0,0.12535433827176867,0.0,0.021495099361893505,0.5514618061061111,4.814814814814816,5.227858463580125,-2.6666666666666665,
t2,2026-01-30,2026-02-01 03:00:00,2026-02-01 09:00:00,51.0,0.14404139292004647,0.0,0.091201154744447,0.6576658568684769,6.416666666666667,4.211517863674494,-2.3333333333333335,
t2,2026-01-30,2026-02-01 04:00:00,2026-02-01 10:00:00,52.0,0.23213615405457672,0.0,0.16948126928986912,0.7791128341758264,6.888888888888889,3.2175492936068792,-0.7333333333333333,
t2,2026-01-30,2026-02-01 05:00:00,2026-02-01 11:00:00,53.0,0.382825814714182,0.0,0.3334589827867687,0.8614339182040454,7.6944444444444455,2.9111058100036553,1.5,
t2,2026-01-30,2026-02-01 06:00:00,2026-02-01 12:00:00,54.0,0.4336239117098141,0.0,0.4252230936529378,0.8660875374556425,7.962962962962963,3.7033448900265276,3.3666666666666667,
t2,2026-01-30,2026-02-01 07:00:00,2026-02-01 13:00:00,55.0,0.4816854981874884,0.0,0.4811445551693312,0.8444651479591403,8.074074074074074,3.4973902674891133,4.433333333333334,
t2,2026-01-30,2026-02-01 08:00:00,2026-02-01 14:00:00,56.0,0.5124409704516144,0.0,0.5295492027382203,0.8428544067825532,7.935185185185186,3.1652449700085787,5.3,
t2,2026-01-30,2026-02-01 09:00:00,2026-02-01 15:00:00,57.0,0.5096512113927154,0.0,0.5397962789010566,0.8464819573825335,7.944444444444444,2.9585615457098546,5.666666666666667,
t2,2026-01-30,2026-02-01 10:00:00,2026-02-01 16:00:00,58.0,0.5523475455905165,0.0,0.5315480409241694,0.8465206647802627,7.898148148148149,2.7916781831345285,5.233333333333333,
t2,2026-01-30,2026-02-01 11:00:00,2026-02-01 17:00:00,59.0,0.4259501588767206,0.0,0.44593087389764074,0.8316151695642431,8.129629629629632,2.7157424770486047,3.866666666666667,
t2,2026-01-30,2026-02-01 12:00:00,2026-02-01 18:00:00,60.0,0.371141578255157,0.0,0.33142601483498,0.8069394855167382,7.583333333333333,3.890971664485255,2.266666666666667,
t2,2026-01-30,2026-02-01 13:00:00,2026-02-01 19:00:00,61.0,0.29964433090093573,0.0,0.24878243182740495,0.7668641997920249,7.546296296296297,3.697089000577252,0.8333333333333334,
t2,2026-01-30,2026-02-01 14:00:00,2026-02-01 20:00:00,62.0,0.26672782687778634,0.0,0.2114673047050854,0.7294433781879819,7.712962962962963,3.5242034969714564,0.1333333333333333,
t2,2026-01-30,2026-02-01 15:00:00,2026-02-01 21:00:00,63.0,0.28158403230273854,0.0,0.20688426256478015,0.7350798675764576,8.027777777777777,3.4157632048496773,-0.26666666666666666,
t2,2026-01-30,2026-02-01 16:00:00,2026-02-01 22:00:00,64.0,0.26878979289663707,0.0,0.18594288416821175,0.7651337177583462,8.24074074074074,3.5224515055644834,-0.5333333333333333,
t2,2026-01-30,2026-02-01 17:00:00,2026-02-01 23:00:00,65.0,0.23790176550582787,0.0,0.18328270449847528,0.7450996989043199,8.314814814814815,3.4143322347207947,-0.6,
t2,2026-01-30,2026-02-01 18:00:00,2026-02-02 00:00:00,66.0,0.2522551103931233,0.0,0.17602929113187005,0.7850118310326248,7.648148148148149,4.283756043896688,-0.8333333333333334,
t2,2026-01-30,2026-02-01 19:00:00,2026-02-02 01:00:00,67.0,0.3122009190292259,0.0,0.1993872822118452,0.8308892744975849,7.990740740740741,4.0690731090849415,-1.0,
t2,2026-01-30,2026-02-01 20:00:00,2026-02-02 02:00:00,68.0,0.3954552478919318,0.002853843612046658,0.2966861559953817,0.9246148425115097,8.416666666666666,3.828197042028087,-1.2,
t2,2026-01-30,2026-02-01 21:00:00,2026-02-02 03:00:00,69.0,0.4841273448669301,0.07836377982713494,0.42470290474932526,0.9514835631096913,8.87037037037037,3.298116434642796,-1.4333333333333336,
t2,2026-01-30,2026-02-01 22:00:00,2026-02-02 04:00:00,70.0,0.5100355330410755,0.08068616481147645,0.44685649010913603,0.9826010614067955,9.416666666666666,2.7927374950126236,-1.5666666666666667,
t2,2026-01-30,2026-02-01 23:00:00,2026-02-02 05:00:00,71.0,0.5142386430816854,0.12824940369712368,0.5042540075043438,0.9923820559183514,9.972222222222221,2.4423918149588077,-1.6333333333333335,
t2,2026-01-31,2026-02-01 00:00:00,2026-02-01 06:00:00,24.0,0.10093203246057446,0.0,0.017922155566280046,0.5598119278455294,4.398148148148148,5.554189646901234,-2.6333333333333333,
t2,2026-01-31,2026-02-01 01:00:00,2026-02-01 07:00:00,25.0,0.11548263095182436,0.0,0.04774404808223805,0.6598165302371578,5.638888888888889,5.2779970714675235,-2.766666666666667,
t2,2026-01-31,2026-02-01 02:00:00,2026-02-01 08:00:00,26.0,0.10397030781675347,0.0,0.07302950905278374,0.7271858491720191,6.777777777777779,4.150338376804393,-2.766666666666667,
t2,2026-01-31,2026-02-01 03:00:00,2026-02-01 09:00:00,27.0,0.20092619195560202,0.0,0.14017338974374133,0.7787414778357373,7.546296296296297,2.208697267938542,-2.266666666666667,
t2,2026-01-31,2026-02-01 04:00:00,2026-02-01 10:00:00,28.0,0.33599403768542857,0.0,0.3121411969421669,0.887525374059925,8.62962962962963,2.3950716717370275,-0.4666666666666666,
t2,2026-01-31,2026-02-01 05:00:00,2026-02-01 11:00:00,29.0,0.3680790199010368,0.0,0.31346596616529404,0.8824551522050341,8.250000000000002,2.3575135991909724,1.8333333333333333,
t2,2026-01-31,2026-02-01 06:00:00,2026-02-01 12:00:00,30.0,0.2859654438181075,0.0,0.25107313981820667,0.7454092142952564,7.324074074074075,2.8977339663809203,3.2000000000000006,
t2,2026-01-31,2026-02-01 07:00:00,2026-02-01 13:00:00,31.0,0.217546581553678,0.0,0.18477726526886695,0.7490730387389425,7.027777777777778,3.738046793067269,4.3999999999999995,
t2,2026-01-31,2026-02-01 08:00:00,2026-02-01 14:00:00,32.0,0.24504144395009586,0.0,0.2180131011567547,0.7547624509249029,6.842592592592593,3.6885221258996173,5.400000000000001,
t2,2026-01-31,2026-02-01 09:00:00,2026-02-01 15:00:00,33.0,0.21821134282198507,0.0,0.17301596727017082,0.701241953097973,6.5,3.57147045830816,5.8,
t2,2026-01-31,2026-02-01 10:00:00,2026-02-01 16:00:00,34.0,0.2125466394606047,0.0,0.18313995453439863,0.7002536071563852,6.583333333333333,3.452834763094604,5.166666666666667,
t2,2026-01-31,2026-02-01 11:00:00,2026-02-01 17:00:00,35.0,0.20694183967938112,0.0,0.15088602945346585,0.685171273351507,6.916666666666667,3.329975160252886,3.6999999999999997,
t2,2026-01-31,2026-02-01 12:00:00,2026-02-01 18:00:00,36.0,0.21400691703616775,0.0,0.16475215896614243,0.6543635652467337,6.287037037037037,3.340540048993582,2.0,
t2,2026-01-31,2026-02-01 13:00:00,2026-02-01 19:00:00,37.0,0.18825724783628317,0.0,0.17351552197714082,0.6018619624317896,6.777777777777778,3.3555969460287582,0.8000000000000002,
t2,2026-01-31,2026-02-01 14:00:00,2026-02-01 20:00:00,38.0,0.21467651687702194,0.0,0.1973474852928015,0.61306690001045,7.018518518518519,2.944619142266809,0.3,
t2,2026-01-31,2026-02-01 15:00:00,2026-02-01 21:00:00,39.0,0.21170585403734277,0.0,0.19475404585527872,0.61969370742684,7.314814814814816,2.8087623770150048,-0.1333333333333334,
t2,2026-01-31,2026-02-01 16:00:00,2026-02-01 22:00:00,40.0,0.24792692593429183,0.0,0.20880468069201857,0.6440385949602899,7.500000000000001,2.530523539253498,-0.2333333333333333,
t2,2026-01-31,2026-02-01 17:00:00,2026-02-01 23:00:00,41.0,0.2578315725975567,0.0,0.20747151400297598,0.6814126031074068,7.694444444444444,2.550114981673,-0.6,
t2,2026-01-31,2026-02-01 18:00:00,2026-02-02 00:00:00,42.0,0.1950926009518567,0.0,0.17757194247833286,0.7050902318990477,7.796296296296297,2.619421369836705,-0.7999999999999999,
t2,2026-01-31,2026-02-01 19:00:00,2026-02-02 01:00:00,43.0,0.31431474788356295,0.0,0.24371033324827318,0.7465353828212837,8.0,3.0224213578185175,-0.9666666666666667,
t2,2026-01-31,2026-02-01 20:00:00,2026-02-02 02:00:00,44.0,0.4337472828345505,0.010966750575335138,0.34406248851684185,0.9397844597036874,8.481481481481481,3.328855016392965,-1.1333333333333333,
t2,2026-01-31,2026-02-01 21:00:00,2026-02-02 03:00:00,45.0,0.5021883977894169,0.06213183824301721,0.4567234525991558,1.0,9.055555555555555,3.0815810836823103,-1.366666666666667,
t2,2026-01-31,2026-02-01 22:00:00,2026-02-02 04:00:00,46.0,0.5485811518453476,0.1331750935972424,0.5538769284074102,0.9914748888302255,9.814814814814815,2.3863574011640702,-1.6333333333333335,
t2,2026-01-31,2026-02-01 23:00:00,2026-02-02 05:00:00,47.0,0.6230397312621965,0.24095363509108314,0.6361698071272116,0.984788278917236,10.36111111111111,1.927705730321941,-1.8333333333333333,
t2,2026-01-31,2026-02-02 00:00:00,2026-02-02 06:00:00,48.0,0.5977910776095341,0.30921577969119596,0.6542985954991348,0.9835703103730542,10.462962962962964,1.523563210361513,-1.9666666666666668,
t2,2026-01-31,2026-02-02 01:00:00,2026-02-02 07:00:00,49.0,0.6064646895476405,0.3571472225906935,0.6625128235954819,0.9789195298818145,10.731481481481483,1.2946749119265486,-2.1,
t2,2026-01-31,2026-02-02 02:00:00,2026-02-02 08:00:00,50.0,0.6149659672045878,0.38471982036239966,0.6843835916943838,0.9744723571610231,10.944444444444445,1.1399046960379555,-2.1333333333333333,
t2,2026-01-31,2026-02-02 03:00:00,2026-02-02 09:00:00,51.0,0.6803519278016976,0.43133062615005013,0.7423019163310612,0.9665116843411623,11.314814814814815,0.8890335530429742,-1.3,
t2,2026-01-31,2026-02-02 04:00:00,2026-02-02 10:00:00,52.0,0.7691237918071218,0.560975908627525,0.7911200841856472,0.9591827068334993,11.444444444444445,0.7222222222222228,0.9999999999999999,
t2,2026-01-31,2026-02-02 05:00:00,2026-02-02 11:00:00,53.0,0.812992557887494,0.6266678405332722,0.8103710033357938,0.9534931549689376,12.287037037037038,1.2064427525690304,3.3000000000000003,
t2,2026-01-31,2026-02-02 06:00:00,2026-02-02 12:00:00,54.0,0.8605523033756172,0.6559468397576229,0.8966272820168504,0.933692687111057,11.722222222222223,2.028158259585757,5.066666666666667,
t2,2026-01-31,2026-02-02 07:00:00,2026-02-02 13:00:00,55.0,0.8622153878727368,0.6755723050802602,0.9049412386523263,0.9320128064128594,11.981481481481483,1.972287427195451,6.5,
t2,2026-01-31,2026-02-02 08:00:00,2026-02-02 14:00:00,56.0,0.8863888179246802,0.6919303416019263,0.9187074761383588,0.9290052566490962,12.416666666666666,2.0178600692960003,7.333333333333333,
t2,2026-01-31,2026-02-02 09:00:00,2026-02-02 15:00:00,57.0,0.8803794578825969,0.6599264385628327,0.9080701345796685,0.9299961147838914,12.435185185185185,1.8655282022127215,7.566666666666667,
t2,2026-01-31,2026-02-02 10:00:00,2026-02-02 16:00:00,58.0,0.8214497034558621,0.5425986642610459,0.8860998909905456,0.9338284277861318,12.324074074074076,1.620026418521568,6.8,
t2,2026-01-31,2026-02-02 11:00:00,2026-02-02 17:00:00,59.0,0.7207789429600384,0.3668135132797116,0.7794074442276169,0.9577911059101943,12.101851851851853,1.2172668906725317,5.3,
t2,2026-01-31,2026-02-02 12:00:00,2026-02-02 18:00:00,60.0,0.563862138474689,0.13084582598225214,0.6681245645114121,0.9306836502513183,10.305555555555557,0.6092142277628142,3.3666666666666667,
t2,2026-01-31,2026-02-02 13:00:00,2026-02-02 19:00:00,61.0,0.32860935446473677,0.012375912463788524,0.2327371935611819,0.8489646203865449,8.296296296296296,1.9613025821963428,1.9666666666666668,
t2,2026-01-31,2026-02-02 14:00:00,2026-02-02 20:00:00,62.0,0.21029655032613037,0.0,0.17536468704322233,0.6813485446514127,7.064814814814816,2.3280915549148506,1.0666666666666667,
t2,2026-01-31,2026-02-02 15:00:00,2026-02-02 21:00:00,63.0,0.18060829399693412,0.0,0.15374184208428837,0.6669635201581088,6.805555555555556,1.9497942278261562,0.6666666666666666,
t2,2026-01-31,2026-02-02 16:00:00,2026-02-02 22:00:00,64.0,0.2407181125036475,0.0,0.18902862685296318,0.7043038475914714,6.6944444444444455,1.0555555555555558,0.2666666666666666,
t2,2026-01-31,2026-02-02 17:00:00,2026-02-02 23:00:00,65.0,0.2525495591203667,0.0,0.16414501942624332,0.7278018609384747,6.8240740740740735,0.4206598774666875,-0.09999999999999994,
t2,2026-01-31,2026-02-02 18:00:00,2026-02-03 00:00:00,66.0,0.276154251985441,0.0,0.2030654426323794,0.757199380738347,6.444444444444444,0.29000851413640416,-0.19999999999999996,
t2,2026-01-31,2026-02-02 19:00:00,2026-02-03 01:00:00,67.0,0.31742629008095563,0.0,0.2425094471223312,0.8981838856964774,7.361111111111112,0.5780181124079109,-0.1333333333333334,
t2,2026-01-31,2026-02-02 20:00:00,2026-02-03 02:00:00,68.0,0.35389019724211035,0.02053164148473169,0.2861232080313654,0.9409569584309146,8.62962962962963,0.9519040913752573,0.10000000000000009,
t2,2026-01-31,2026-02-02 21:00:00,2026-02-03 03:00:00,69.0,0.415751204902483,0.06642852125757337,0.3858025605252655,0.9594991113116602,9.50925925925926,1.3368972431279549,0.20000000000000004,
t2,2026-01-31,2026-02-02 22:00:00,2026-02-03 04:00:00,70.0,0.42213689366384355,0.09940026220273235,0.45911186715245045,0.9629390493505383,9.666666666666666,1.0551899951790322,-0.03333333333333336,
t2,2026-01-31,2026-02-02 23:00:00,2026-02-03 05:00:00,71.0,0.49570569892775673,0.17829337637024684,0.5570782453185311,0.9503021591173602,10.027777777777777,1.4561491580090178,-0.23333333333333325,
t2,2026-02-01,2026-02-02 00:00:00,2026-02-02 06:00:00,24.0,0.7546310001291214,0.42576364385640086,0.8159126517413074,0.9711256518701784,11.101851851851853,1.307130649544805,-1.7666666666666666,
t2,2026-02-01,2026-02-02 01:00:00,2026-02-02 07:00:00,25.0,0.7841920152746442,0.47978309911234013,0.8445787606932948,0.9619475239481958,11.481481481481481,1.1153852976168908,-1.8333333333333333,
t2,2026-02-01,2026-02-02 02:00:00,2026-02-02 08:00:00,26.0,0.7573767531809371,0.45528804051672406,0.8340043570441129,0.9639140697990584,11.740740740740742,1.0323970270197296,-1.9000000000000001,
t2,2026-02-01,2026-02-02 03:00:00,2026-02-02 09:00:00,27.0,0.769497998156734,0.4376296128559984,0.8636706408037592,0.9580292758328582,12.101851851851853,1.4662702887499235,-1.0333333333333334,
t2,2026-02-01,2026-02-02 04:00:00,2026-02-02 10:00:00,28.0,0.8315202145080053,0.6083239778195006,0.8841610895543969,0.9550049456362805,12.148148148148147,1.12811069707541,0.8999999999999999,
t2,2026-02-01,2026-02-02 05:00:00,2026-02-02 11:00:00,29.0,0.8721660295311626,0.6831954542485305,0.8923189359852771,0.950318833832626,12.537037037037038,1.5836581862980428,3.1999999999999997,
t2,2026-02-01,2026-02-02 06:00:00,2026-02-02 12:00:00,30.0,0.887366736395523,0.6811552450669359,0.9229506188065256,0.9416924941900486,11.842592592592593,1.7849969164593942,5.433333333333334,
t2,2026-02-01,2026-02-02 07:00:00,2026-02-02 13:00:00,31.0,0.8903761278380694,0.6893027717038129,0.9256598728936526,0.9396511444706773,12.333333333333334,1.9545372980280313,6.8,
t2,2026-02-01,2026-02-02 08:00:00,2026-02-02 14:00:00,32.0,0.8868014028312168,0.6729042267299354,0.9237901089436078,0.9393006657849361,12.527777777777779,1.9955583395179788,7.6000000000000005,
t2,2026-02-01,2026-02-02 09:00:00,2026-02-02 15:00:00,33.0,0.8464406233411531,0.5544720474148302,0.9044204362793269,0.9457120163902645,12.407407407407407,1.8799488873184929,7.766666666666667,
t2,2026-02-01,2026-02-02 10:00:00,2026-02-02 16:00:00,34.0,0.8080146727715073,0.49771576089772207,0.9006976016555694,0.9443032810025644,11.851851851851853,1.1153852976168896,7.133333333333333,
t2,2026-02-01,2026-02-02 11:00:00,2026-02-02 17:00:00,35.0,0.6469587827482649,0.14964381576281982,0.7213919185892181,0.9837003255901146,10.657407407407408,1.2201160303725291,5.6000000000000005,
t2,2026-02-01,2026-02-02 12:00:00,2026-02-02 18:00:00,36.0,0.36144480916546423,0.0,0.3579975917546083,0.9202161070239078,8.935185185185187,3.0878761995695867,3.4333333333333336,
t2,2026-02-01,2026-02-02 13:00:00,2026-02-02 19:00:00,37.0,0.211802315700942,0.0,0.16243241155564014,0.7830859879119851,7.26851851851852,3.679306217031022,2.0333333333333337,
t2,2026-02-01,2026-02-02 14:00:00,2026-02-02 20:00:00,38.0,0.1927902540798274,0.0,0.11786231887714435,0.7325162344799605,6.2592592592592595,3.402333682282899,1.1666666666666667,
t2,2026-02-01,2026-02-02 15:00:00,2026-02-02 21:00:00,39.0,0.1685906797526451,0.0,0.09517078305474544,0.6931882061928476,5.564814814814816,3.125257191062532,0.7333333333333334,
t2,2026-02-01,2026-02-02 16:00:00,2026-02-02 22:00:00,40.0,0.17006066283229862,0.0,0.11384106194338589,0.6628700204343934,5.657407407407407,2.760688170901367,0.36666666666666664,
t2,2026-02-01,2026-02-02 17:00:00,2026-02-02 23:00:00,41.0,0.1869682758747911,0.0,0.1382028926932177,0.6402569234410064,5.888888888888889,2.3575135991909724,-0.16666666666666666,
t2,2026-02-01,2026-02-02 18:00:00,2026-02-03 00:00:00,42.0,0.20843479054299366,0.0,0.15371799971661126,0.693359906176898,5.907407407407407,2.294204543103493,-0.5333333333333333,
t2,2026-02-01,2026-02-02 19:00:00,2026-02-03 01:00:00,43.0,0.30205400713496317,0.0,0.2586132853027937,0.827458473594462,6.731481481481481,1.9112914428270402,-0.3333333333333333,
t2,2026-02-01,2026-02-02 20:00:00,2026-02-03 02:00:00,44.0,0.4225509088896196,0.002512911377083704,0.42025423073318163,0.9806246762706738,8.092592592592593,1.550670238735629,-0.16666666666666666,
t2,2026-02-01,2026-02-02 21:00:00,2026-02-03 03:00:00,45.0,0.5229440757616796,0.06764676558367483,0.47625472253094836,1.0,9.13888888888889,1.6189941245442006,0.03333333333333351,
t2,2026-02-01,2026-02-02 22:00:00,2026-02-03 04:00:00,46.0,0.5711850087121588,0.05776566188950166,0.540838850777645,1.0,9.879629629629632,1.5970007898037324,0.0,
t2,2026-02-01,2026-02-02 23:00:00,2026-02-03 05:00:00,47.0,0.518978190778333,0.035218999136520324,0.4654890182781569,0.9838823936996026,10.296296296296296,2.0158196364219587,-0.30000000000000004,
t2,2026-02-01,2026-02-03 00:00:00,2026-02-03 06:00:00,48.0,0.30914214340567847,0.0,0.28548205701539103,0.8562776657115885,8.916666666666666,2.615982453597666,-0.5666666666666668,
t2,2026-02-01,2026-02-03 01:00:00,2026-02-03 07:00:00,49.0,0.18292278148670169,0.0,0.12509586782338458,0.7853098424788214,7.629629629629629,4.153900195151024,-0.9666666666666667,
t2,2026-02-01,2026-02-03 02:00:00,2026-02-03 08:00:00,50.0,0.1905358384047097,0.0,0.10410842245802793,0.7893535347468736,6.5092592592592595,4.74962095087121,-1.5666666666666667,
t2,2026-02-01,2026-02-03 03:00:00,2026-02-03 09:00:00,51.0,0.14337147019253768,0.0,0.043253017201569814,0.6306795814974867,6.62037037037037,2.6270690454472883,-1.0,
t2,2026-02-01,2026-02-03 04:00:00,2026-02-03 10:00:00,52.0,0.08561466936058049,0.0,0.03525899948981486,0.5199950765701026,5.407407407407408,2.248170266533454,1.0333333333333334,
t2,2026-02-01,2026-02-03 05:00:00,2026-02-03 11:00:00,53.0,0.06802163574300307,0.0,0.004663892375996813,0.3829300199292865,4.111111111111112,2.9096476389274444,3.466666666666667,
t2,2026-02-01,2026-02-03 06:00:00,2026-02-03 12:00:00,54.0,0.03139920085202525,0.0,0.0,0.3525334297412307,3.1759259259259256,4.459378843603881,5.366666666666667,
t2,2026-02-01,2026-02-03 07:00:00,2026-02-03 13:00:00,55.0,0.03431230730887814,0.0,0.0,0.29866254642172024,3.2037037037037037,3.82056380903788,6.8,
t2,2026-02-01,2026-02-03 08:00:00,2026-02-03 14:00:00,56.0,0.04270401656922108,0.0,0.0,0.26429022281795195,3.342592592592593,3.012491142004975,7.666666666666667,
t2,2026-02-01,2026-02-03 09:00:00,2026-02-03 15:00:00,57.0,0.07436793102225064,0.0,0.024886388481164354,0.33426194455636443,3.5185185185185186,2.342629190169401,7.8999999999999995,
t2,2026-02-01,2026-02-03 10:00:00,2026-02-03 16:00:00,58.0,0.0915918240532172,0.0,0.0426916101214815,0.3911084592437832,3.9907407407407405,1.1153852976168899,7.2,
t2,2026-02-01,2026-02-03 11:00:00,2026-02-03 17:00:00,59.0,0.12156797990958002,0.0,0.05947257059247434,0.5621187471652586,5.157407407407408,0.8794346762518741,5.5,
t2,2026-02-01,2026-02-03 12:00:00,2026-02-03 18:00:00,60.0,0.26455985667614834,0.0,0.11512076635948076,0.8513866779892756,5.222222222222222,3.3034540472020057,3.4,
t2,2026-02-01,2026-02-03 13:00:00,2026-02-03 19:00:00,61.0,0.3043522075125585,0.0,0.20165782864000723,0.8622116787577834,5.5092592592592595,3.6282003043602313,2.9333333333333336,
t2,2026-02-01,2026-02-03 14:00:00,2026-02-03 20:00:00,62.0,0.33618435376070616,0.0,0.22339625900129798,0.8988708212351186,5.4907407407407405,3.794116356945469,2.733333333333333,
t2,2026-02-01,2026-02-03 15:00:00,2026-02-03 21:00:00,63.0,0.4565496324364691,0.0,0.312544073016705,0.9214582554235511,5.703703703703703,3.669015801919162,2.9,
t2,2026-02-01,2026-02-03 16:00:00,2026-02-03 22:00:00,64.0,0.4313902495672111,0.0,0.3124088101985311,0.9238147487432813,5.916666666666667,2.98620800876378,2.866666666666667,
t2,2026-02-01,2026-02-03 17:00:00,2026-02-03 23:00:00,65.0,0.42205701075272206,0.0,0.3163219279027729,0.8912797516554009,5.407407407407407,2.396842916646435,3.0,
t2,2026-02-01,2026-02-03 18:00:00,2026-02-04 00:00:00,66.0,0.45078915205356157,0.0,0.3125875987842383,0.9100155827766021,5.9444444444444455,1.4680233624137573,2.8333333333333335,
t2,2026-02-01,2026-02-03 19:00:00,2026-02-04 01:00:00,67.0,0.40265954714794805,0.0,0.2837442612637183,0.8670934318874949,6.333333333333335,1.1749047768087,2.6,
t2,2026-02-01,2026-02-03 20:00:00,2026-02-04 02:00:00,68.0,0.44347823293892713,0.0,0.318565462833063,0.8761151423160882,6.046296296296297,1.5456862846434847,2.5,
t2,2026-02-01,2026-02-03 21:00:00,2026-02-04 03:00:00,69.0,0.4005297783091404,0.0,0.25527740633517365,0.8705767871866934,6.064814814814814,1.5238164131237566,2.6,
t2,2026-02-01,2026-02-03 22:00:00,2026-02-04 04:00:00,70.0,0.4721101233022639,0.0,0.3560192045060832,0.9492153381908575,7.037037037037038,1.240498870841756,2.466666666666667,
t2,2026-02-01,2026-02-03 23:00:00,2026-02-04 05:00:00,71.0,0.48545901486800036,0.0,0.3929591563715983,0.9719987999043838,7.685185185185186,2.1119028729692966,2.5333333333333337,
t2,2026-02-02,2026-02-03 00:00:00,2026-02-03 06:00:00,24.0,0.5088674135561132,0.03396629129808587,0.4328275334786721,0.9712478134122341,9.61111111111111,1.7094057158072706,-0.6,
t2,2026-02-02,2026-02-03 01:00:00,2026-02-03 07:00:00,25.0,0.34599774540547873,0.0,0.3081132822450428,0.9131461573284632,8.981481481481483,1.2254796658952094,-0.9666666666666668,
t2,2026-02-02,2026-02-03 02:00:00,2026-02-03 08:00:00,26.0,0.29208813588480786,0.0,0.1584139010866002,0.7390747896599192,8.083333333333334,0.8753306253660414,-1.2999999999999998,
t2,2026-02-02,2026-02-03 03:00:00,2026-02-03 09:00:00,27.0,0.16973189226099591,0.0,0.056983026874492713,0.5329198353132643,6.685185185185186,1.1007619882302035,-0.7333333333333334,
t2,2026-02-02,2026-02-03 04:00:00,2026-02-03 10:00:00,28.0,0.06660610358342567,0.0,0.007251611885899574,0.34851112634061515,4.407407407407407,2.293363569281014,1.2666666666666668,
t2,2026-02-02,2026-02-03 05:00:00,2026-02-03 11:00:00,29.0,0.05424256604156293,0.0,0.0,0.314220619290729,2.861111111111111,2.9059326290271157,3.2999999999999994,
t2,2026-02-02,2026-02-03 06:00:00,2026-02-03 12:00:00,30.0,0.034185924720559445,0.0,0.0,0.281644539788626,3.638888888888889,3.0551767441952693,4.966666666666666,
t2,2026-02-02,2026-02-03 07:00:00,2026-02-03 13:00:00,31.0,0.028418538241217033,0.0,0.0,0.2353515869471497,3.361111111111111,2.7021653411411006,6.166666666666667,
t2,2026-02-02,2026-02-03 08:00:00,2026-02-03 14:00:00,32.0,0.02536729818167522,0.0,0.0,0.21843179822391118,2.8981481481481484,2.6610666508309424,6.8999999999999995,
t2,2026-02-02,2026-02-03 09:00:00,2026-02-03 15:00:00,33.0,0.028494535430431962,0.0,0.0,0.2079761107503084,3.1018518518518516,1.6537306621335466,7.266666666666666,
t2,2026-02-02,2026-02-03 10:00:00,2026-02-03 16:00:00,34.0,0.06276578204973887,0.0,0.006574837780499436,0.28510753871361627,3.305555555555556,0.9941961204540712,6.766666666666666,
t2,2026-02-02,2026-02-03 11:00:00,2026-02-03 17:00:00,35.0,0.180979171767731,0.0,0.07774912054942251,0.5469014756893928,3.5462962962962963,2.2247092564468205,5.5,
t2,2026-02-02,2026-02-03 12:00:00,2026-02-03 18:00:00,36.0,0.3676475415973983,0.0,0.27611126036553085,0.8111745705706226,5.416666666666667,2.766504903793964,4.133333333333334,
t2,2026-02-02,2026-02-03 13:00:00,2026-02-03 19:00:00,37.0,0.5348741878450362,0.0,0.39687185484307497,0.9707057125693906,6.592592592592593,2.0169676339034277,3.1666666666666665,
t2,2026-02-02,2026-02-03 14:00:00,2026-02-03 20:00:00,38.0,0.5536897012153105,0.0,0.48884225286728233,0.9898296942319758,7.555555555555557,1.1121522899537557,2.6,
t2,2026-02-02,2026-02-03 15:00:00,2026-02-03 21:00:00,39.0,0.5760659145705269,0.0,0.5083063421457608,1.0,7.712962962962963,1.017718541054738,2.733333333333333,
t2,2026-02-02,2026-02-03 16:00:00,2026-02-03 22:00:00,40.0,0.5854852366825074,0.0,0.5511179199564306,1.0,7.916666666666667,0.7474235581707617,2.733333333333333,
t2,2026-02-02,2026-02-03 17:00:00,2026-02-03 23:00:00,41.0,0.6007395185017568,0.0,0.5564551908365527,1.0,8.092592592592593,0.49404894710941155,2.733333333333333,
t2,2026-02-02,2026-02-03 18:00:00,2026-02-04 00:00:00,42.0,0.5975472492313542,0.0,0.5649847530821682,1.0,7.888888888888889,0.7733006059486146,2.3333333333333335,
t2,2026-02-02,2026-02-03 19:00:00,2026-02-04 01:00:00,43.0,0.5728576020044148,0.0,0.557666811590808,0.9845782523432309,8.064814814814815,1.3657328938883189,2.433333333333333,
t2,2026-02-02,2026-02-03 20:00:00,2026-02-04 02:00:00,44.0,0.55411161525252,0.0,0.5000065843671191,1.0,7.768518518518519,1.8572375388517661,2.733333333333333,
t2,2026-02-02,2026-02-03 21:00:00,2026-02-04 03:00:00,45.0,0.5389035244089913,0.0,0.4617002616196881,1.0,7.4907407407407405,2.093923699876705,2.8333333333333335,
t2,2026-02-02,2026-02-03 22:00:00,2026-02-04 04:00:00,46.0,0.5368342548370109,0.0,0.5120264326266488,1.0,7.953703703703705,2.0077652749205908,2.8000000000000003,
t2,2026-02-02,2026-02-03 23:00:00,2026-02-04 05:00:00,47.0,0.5366826431950869,0.0,0.48291813503906256,0.9948686629601575,7.981481481481481,1.87666250026948,2.733333333333333,
t2,2026-02-02,2026-02-04 00:00:00,2026-02-04 06:00:00,48.0,0.5149598825634564,0.0,0.44641374419047153,1.0,7.222222222222222,1.1111111111111112,2.066666666666667,
t2,2026-02-02,2026-02-04 01:00:00,2026-02-04 07:00:00,49.0,0.5225258897911488,0.0,0.49952644363321297,1.0,8.027777777777779,0.9638528651609699,2.1999999999999997,
t2,2026-02-02,2026-02-04 02:00:00,2026-02-04 08:00:00,50.0,0.47824626920877056,0.0,0.45997843014791895,0.9719279733144519,8.092592592592593,0.7789343252980789,2.1333333333333333,
t2,2026-02-02,2026-02-04 03:00:00,2026-02-04 09:00:00,51.0,0.44648431201652217,0.0,0.3914040944515027,0.9486960602466697,7.944444444444444,0.7939781071086915,2.2,
t2,2026-02-02,2026-02-04 04:00:00,2026-02-04 10:00:00,52.0,0.3444002952777776,0.0,0.26658502576222215,0.9127762803334678,7.5740740740740735,0.7608948057056202,2.6333333333333333,
t2,2026-02-02,2026-02-04 05:00:00,2026-02-04 11:00:00,53.0,0.24509607578280332,0.0,0.19944369115950172,0.8051452382953832,6.722222222222222,0.8502904369452206,3.3000000000000003,
t2,2026-02-02,2026-02-04 06:00:00,2026-02-04 12:00:00,54.0,0.18394156061697653,0.0,0.13900101383314764,0.7612772226989677,6.712962962962965,1.9068454763776466,3.9333333333333336,
t2,2026-02-02,2026-02-04 07:00:00,2026-02-04 13:00:00,55.0,0.1805233350994092,0.0,0.10898165136718554,0.7242266635551764,5.805555555555556,1.4979409736347515,4.666666666666667,
t2,2026-02-02,2026-02-04 08:00:00,2026-02-04 14:00:00,56.0,0.1779939806696851,0.0,0.12007952443536524,0.6719550022657266,5.5,1.27687165939569,5.466666666666666,
t2,2026-02-02,2026-02-04 09:00:00,2026-02-04 15:00:00,57.0,0.1786285334271493,0.0,0.11024853313819757,0.6557274933343149,5.518518518518519,1.1945521053977883,6.2,
t2,2026-02-02,2026-02-04 10:00:00,2026-02-04 16:00:00,58.0,0.16063934569850227,0.0,0.1021705631873972,0.5873743435073475,5.583333333333333,0.9554101956622134,6.133333333333333,
t2,2026-02-02,2026-02-04 11:00:00,2026-02-04 17:00:00,59.0,0.11817520223145903,0.0,0.06327012168731039,0.48206516182475867,5.388888888888889,0.6532208897947138,5.066666666666667,
t2,2026-02-02,2026-02-04 12:00:00,2026-02-04 18:00:00,60.0,0.09791143214868245,0.0,0.03632936675440857,0.2817531732882194,3.4166666666666665,0.4409585518440983,4.466666666666667,
t2,2026-02-02,2026-02-04 13:00:00,2026-02-04 19:00:00,61.0,0.1877025965343864,0.0,0.09760197049916144,0.5227657903999258,2.9907407407407405,2.5522825256101607,2.9333333333333336,
t2,2026-02-02,2026-02-04 14:00:00,2026-02-04 20:00:00,62.0,0.29919495164270987,0.0,0.23899990436763344,0.8083898289820468,4.564814814814815,3.1741302557800677,1.8666666666666665,
t2,2026-02-02,2026-02-04 15:00:00,2026-02-04 21:00:00,63.0,0.4878130909162032,0.0,0.46662945516080967,0.985241644669469,7.083333333333333,3.755345983633216,1.1333333333333333,
t2,2026-02-02,2026-02-04 16:00:00,2026-02-04 22:00:00,64.0,0.6682929355469879,0.06731592738825076,0.6505879061318075,1.0,9.685185185185185,1.9199515597455965,0.6666666666666666,
t2,2026-02-02,2026-02-04 17:00:00,2026-02-04 23:00:00,65.0,0.7874548514299996,0.27239878315745325,0.8037940591110272,0.9753423745982983,10.481481481481481,1.0001285925550216,0.3666666666666667,
t2,2026-02-02,2026-02-04 18:00:00,2026-02-05 00:00:00,66.0,0.8113934929975218,0.4346944604841364,0.8510182781620566,0.9626499469573934,10.722222222222223,0.7010794146735535,0.26666666666666666,
t2,2026-02-02,2026-02-04 19:00:00,2026-02-05 01:00:00,67.0,0.8614960156538758,0.5980920073494298,0.8977783824799513,0.9530540441749911,11.583333333333334,0.6291528696058959,0.3333333333333333,
t2,2026-02-02,2026-02-04 20:00:00,2026-02-05 02:00:00,68.0,0.8767653026958082,0.701844788273136,0.9231640176011376,0.9463552584409091,12.49074074074074,0.5775729693981738,0.5,
t2,2026-02-02,2026-02-04 21:00:00,2026-02-05 03:00:00,69.0,0.8909521203310394,0.7579106363990188,0.9291910651465761,0.9461470205983452,13.314814814814815,0.39900854493361654,0.6666666666666666,
t2,2026-02-02,2026-02-04 22:00:00,2026-02-05 04:00:00,70.0,0.8977932317440099,0.8019314747130939,0.9303838136198948,0.9460894167756573,14.09259259259259,0.22280017436140687,0.6,
t2,2026-02-02,2026-02-04 23:00:00,2026-02-05 05:00:00,71.0,0.89862973497428,0.8098516115560753,0.9308061734775606,0.9457866708433925,14.666666666666666,0.708741712342949,0.6,
t2,2026-02-03,2026-02-04 00:00:00,2026-02-04 06:00:00,24.0,0.5391242990105765,0.10855306519115249,0.6133166388774989,1.0,9.416666666666666,0.6735753140545631,2.8000000000000003,
t2,2026-02-03,2026-02-04 01:00:00,2026-02-04 07:00:00,25.0,0.5234456980738302,0.0,0.5274337848164584,1.0,9.564814814814815,2.6825817519634096,2.6333333333333333,
t2,2026-02-03,2026-02-04 02:00:00,2026-02-04 08:00:00,26.0,0.4195673746149301,0.0,0.3965932258025915,1.0,8.407407407407407,3.0360912032148653,2.566666666666667,
t2,2026-02-03,2026-02-04 03:00:00,2026-02-04 09:00:00,27.0,0.3800772790075155,0.0,0.3028210002542134,1.0,7.62962962962963,3.4118454391152486,2.866666666666667,
t2,2026-02-03,2026-02-04 04:00:00,2026-02-04 10:00:00,28.0,0.2695865322979509,0.0,0.13735547189629657,0.9349655654155558,6.75,2.9108407423217937,3.366666666666667,
t2,2026-02-03,2026-02-04 05:00:00,2026-02-04 11:00:00,29.0,0.2549983544537994,0.0,0.1582774593968317,0.8463271637967621,5.518518518518519,3.1630502416616344,3.7999999999999994,
t2,2026-02-03,2026-02-04 06:00:00,2026-02-04 12:00:00,30.0,0.2145928204855657,0.0,0.11671040392182316,0.7834845006108021,5.453703703703703,2.431203617306988,4.333333333333333,
t2,2026-02-03,2026-02-04 07:00:00,2026-02-04 13:00:00,31.0,0.1827785610793897,0.0,0.10072652411136693,0.6662512649243195,4.87962962962963,2.217413779228577,5.033333333333334,
t2,2026-02-03,2026-02-04 08:00:00,2026-02-04 14:00:00,32.0,0.1636930378689095,0.0,0.09833225349245142,0.647185431439211,4.814814814814816,2.4743020797576447,5.8999999999999995,
t2,2026-02-03,2026-02-04 09:00:00,2026-02-04 15:00:00,33.0,0.15792846805800917,0.0,0.09474322871779026,0.5839027104109179,4.814814814814815,2.7619456224551517,6.466666666666666,
t2,2026-02-03,2026-02-04 10:00:00,2026-02-04 16:00:00,34.0,0.1414289623975852,0.0,0.0639516403545487,0.5628554921908007,4.777777777777778,2.7768053853570924,6.166666666666667,
t2,2026-02-03,2026-02-04 11:00:00,2026-02-04 17:00:00,35.0,0.13896367064946882,0.0,0.09478069341848766,0.4900703467486242,4.268518518518518,3.2315876030542623,5.3,
t2,2026-02-03,2026-02-04 12:00:00,2026-02-04 18:00:00,36.0,0.1363155652246579,0.0,0.07795874468988098,0.37615961520796515,4.231481481481482,1.1153852976168899,4.2,
t2,2026-02-03,2026-02-04 13:00:00,2026-02-04 19:00:00,37.0,0.26834052946809145,0.0,0.1356971496856255,0.7240682617907772,3.574074074074074,4.773603904670257,2.6333333333333333,
t2,2026-02-03,2026-02-04 14:00:00,2026-02-04 20:00:00,38.0,0.4757743539277597,0.0,0.354868149024924,1.0,5.87962962962963,4.181209189704079,1.6666666666666667,
t2,2026-02-03,2026-02-04 15:00:00,2026-02-04 21:00:00,39.0,0.5829152149990111,0.0012658696228624589,0.5725404458401743,1.0,8.361111111111112,2.896890627663043,0.8000000000000002,
t2,2026-02-03,2026-02-04 16:00:00,2026-02-04 22:00:00,40.0,0.741094060723617,0.1369120940300974,0.7381673443837725,1.0,10.268518518518519,1.4156677669345477,0.43333333333333335,
t2,2026-02-03,2026-02-04 17:00:00,2026-02-04 23:00:00,41.0,0.8284462444042252,0.37031510657836103,0.8406778563584838,0.9799870901985127,11.055555555555557,1.0456405680399286,0.3666666666666667,
t2,2026-02-03,2026-02-04 18:00:00,2026-02-05 00:00:00,42.0,0.8456718115005231,0.5785471237478663,0.8848454759212357,0.9737195567691997,11.564814814814815,1.073794663529237,0.26666666666666666,
t2,2026-02-03,2026-02-04 19:00:00,2026-02-05 01:00:00,43.0,0.8965818778221015,0.6607338960054299,0.9354601298634009,0.9606039572518913,12.416666666666666,1.0107447443700146,0.3,
t2,2026-02-03,2026-02-04 20:00:00,2026-02-05 02:00:00,44.0,0.9010557648111123,0.7705309423904891,0.9439649630667308,0.9598072388876379,13.601851851851853,0.7506855577299745,0.5,
t2,2026-02-03,2026-02-04 21:00:00,2026-02-05 03:00:00,45.0,0.9098639607648086,0.8260542694823492,0.9442106233627474,0.9600376000398685,14.25,0.8282250842153096,0.6,
t2,2026-02-03,2026-02-04 22:00:00,2026-02-05 04:00:00,46.0,0.9119959601973396,0.8281989409323822,0.9444235811613215,0.959898957092492,14.685185185185185,0.5933877766671151,0.5666666666666668,
t2,2026-02-03,2026-02-04 23:00:00,2026-02-05 05:00:00,47.0,0.9123459316406867,0.8312073783310323,0.9444235811613215,0.9598573130754422,15.148148148148147,0.8855550908498248,0.6666666666666666,
t2,2026-02-03,2026-02-05 00:00:00,2026-02-05 06:00:00,48.0,0.9118949387763343,0.8062657159465195,0.9444235811613215,0.9600137732345614,15.620370370370372,1.643903189203443,0.5333333333333333,
t2,2026-02-03,2026-02-05 01:00:00,2026-02-05 07:00:00,49.0,0.914524233555721,0.8006406881478555,0.9444235811613215,0.9600102968299737,15.759259259259261,1.442395270106755,0.4333333333333333,
t2,2026-02-03,2026-02-05 02:00:00,2026-02-05 08:00:00,50.0,0.9127274378769412,0.7724454761567024,0.9444235811613215,0.9600870918665709,16.287037037037038,1.876251297145761,0.3,
t2,2026-02-03,2026-02-05 03:00:00,2026-02-05 09:00:00,51.0,0.9147620201204096,0.7423045901688119,0.9444509409517421,0.9592439299366761,16.759259259259263,2.363941658461363,0.7666666666666666,
t2,2026-02-03,2026-02-05 04:00:00,2026-02-05 10:00:00,52.0,0.9154543470492031,0.7807177101381286,0.9444509409517421,0.9560656500299064,16.990740740740744,2.7930598145353107,2.3000000000000003,
t2,2026-02-03,2026-02-05 05:00:00,2026-02-05 11:00:00,53.0,0.9163137235588875,0.7739450777514505,0.9444509409517421,0.9541235257521626,17.064814814814813,2.9305665262213467,3.8333333333333335,
t2,2026-02-03,2026-02-05 06:00:00,2026-02-05 12:00:00,54.0,0.9222874676346425,0.7967205155671376,0.9444509409517421,0.9529848241820355,16.74074074074074,2.492323605540122,4.966666666666666,
t2,2026-02-03,2026-02-05 07:00:00,2026-02-05 13:00:00,55.0,0.9196511682328649,0.7788636020439547,0.9444509409517421,0.9516951921453786,16.787037037037038,2.8268353228277783,5.866666666666667,
t2,2026-02-03,2026-02-05 08:00:00,2026-02-05 14:00:00,56.0,0.9280877300581029,0.7565488738830974,0.9444509409517421,0.9514941987627377,16.250000000000004,2.7660865076676906,6.5,
t2,2026-02-03,2026-02-05 09:00:00,2026-02-05 15:00:00,57.0,0.9143642229711662,0.7132682977866522,0.9446533353779344,0.9505935070790241,15.935185185185185,2.945536135845563,6.933333333333333,
t2,2026-02-03,2026-02-05 10:00:00,2026-02-05 16:00:00,58.0,0.9074071269079061,0.647151671896694,0.9449677901495073,0.9508921939366806,15.583333333333334,2.8593576072128384,6.766666666666666,
t2,2026-02-03,2026-02-05 11:00:00,2026-02-05 17:00:00,59.0,0.9101413648297341,0.5865150172835212,0.9401558447594148,0.9529929240414612,15.046296296296298,2.75467242419295,6.033333333333334,
t2,2026-02-03,2026-02-05 12:00:00,2026-02-05 18:00:00,60.0,0.8779783375110257,0.6000787309392106,0.9294493568916801,0.9560414223572181,13.90740740740741,2.06796802914052,4.933333333333334,
t2,2026-02-03,2026-02-05 13:00:00,2026-02-05 19:00:00,61.0,0.8437640971238958,0.5280872396771814,0.8941965369976327,0.9636286287145576,12.805555555555557,1.5030832509409655,4.1000000000000005,
t2,2026-02-03,2026-02-05 14:00:00,2026-02-05 20:00:00,62.0,0.8218886288953902,0.421457858846169,0.8943751825085681,0.9615414594985365,11.703703703703704,1.1332289349156424,3.5,
t2,2026-02-03,2026-02-05 15:00:00,2026-02-05 21:00:00,63.0,0.7562773397195591,0.3905153839285748,0.8495277230478134,0.9742119245901134,11.037037037037038,1.252261329041983,2.733333333333333,
t2,2026-02-03,2026-02-05 16:00:00,2026-02-05 22:00:00,64.0,0.6962296672794523,0.3450818629674646,0.789033463008742,0.9914871584184546,10.740740740740742,1.191965558648452,2.2333333333333334,
t2,2026-02-03,2026-02-05 17:00:00,2026-02-05 23:00:00,65.0,0.6511710474051532,0.27341754889113956,0.725467794055059,1.0,10.342592592592593,0.9247677942332488,1.9333333333333333,
t2,2026-02-03,2026-02-05 18:00:00,2026-02-06 00:00:00,66.0,0.6474803174964613,0.26354265393410736,0.6985826303308393,1.0,10.481481481481483,0.5894738534221113,1.8333333333333333,
t2,2026-02-03,2026-02-05 19:00:00,2026-02-06 01:00:00,67.0,0.6298773470982787,0.22489084997201514,0.6463247201520165,1.0,10.39814814814815,0.5395852697901291,1.8,
t2,2026-02-03,2026-02-05 20:00:00,2026-02-06 02:00:00,68.0,0.5688209805629132,0.16329089146828524,0.542601884651476,1.0,10.018518518518519,0.7382481209362095,1.7666666666666666,
t2,2026-02-03,2026-02-05 21:00:00,2026-02-06 03:00:00,69.0,0.4030651442293987,0.09075815743943666,0.38392402579160634,0.9721329958889833,9.425925925925926,0.6703217702866032,1.7333333333333334,
t2,2026-02-03,2026-02-05 22:00:00,2026-02-06 04:00:00,70.0,0.32275388560842533,0.010887429607960214,0.22289129880363157,0.9467464521113867,8.49074074074074,0.042431256434776535,1.3,
t2,2026-02-03,2026-02-05 23:00:00,2026-02-06 05:00:00,71.0,0.279208137259558,0.0,0.13898772619253766,0.9547692212713718,7.166666666666668,0.8069910581296641,0.8333333333333334,
t2,2026-02-04,2026-02-05 00:00:00,2026-02-05 06:00:00,24.0,0.9107865367802456,0.7864934007457822,0.9431984334985638,0.957681237990561,16.055555555555557,1.9722222222222223,0.5666666666666667,
t2,2026-02-04,2026-02-05 01:00:00,2026-02-05 07:00:00,25.0,0.9129425523938843,0.7409932993433656,0.9431984334985638,0.9571786976905403,16.84259259259259,2.6447790015572563,0.6,
t2,2026-02-04,2026-02-05 02:00:00,2026-02-05 08:00:00,26.0,0.9008816820558347,0.7155076311444772,0.9431984334985638,0.9570140898224099,17.26851851851852,2.8725947175894193,0.5333333333333333,
t2,2026-02-04,2026-02-05 03:00:00,2026-02-05 09:00:00,27.0,0.9023614303489903,0.7730693605688881,0.9432257932889844,0.9564045471702454,17.305555555555557,3.156049452741219,1.0333333333333332,
t2,2026-02-04,2026-02-05 04:00:00,2026-02-05 10:00:00,28.0,0.9069286446633212,0.7801190805641497,0.9432257932889844,0.9535138889697381,17.09259259259259,3.3925678270161903,2.533333333333333,
t2,2026-02-04,2026-02-05 05:00:00,2026-02-05 11:00:00,29.0,0.9151603335901626,0.786675508777277,0.9432257932889844,0.9522455083046454,16.39814814814815,2.9664187023573514,3.9333333333333336,
t2,2026-02-04,2026-02-05 06:00:00,2026-02-05 12:00:00,30.0,0.9151279313984468,0.786675508777277,0.9432257932889844,0.9510854510134833,16.39814814814815,3.171333468287148,5.0,
t2,2026-02-04,2026-02-05 07:00:00,2026-02-05 13:00:00,31.0,0.9189924609856865,0.7962412684868669,0.9432257932889844,0.9501702902246079,16.0,3.0373193184081417,5.833333333333333,
t2,2026-02-04,2026-02-05 08:00:00,2026-02-05 14:00:00,32.0,0.9136085901874419,0.7287239048726177,0.9434281877151767,0.9495190903387384,15.620370370370372,2.8811773856484475,6.533333333333334,
t2,2026-02-04,2026-02-05 09:00:00,2026-02-05 15:00:00,33.0,0.9186748477321159,0.6934102749933655,0.9435768496857251,0.9491311238381077,15.25925925925926,2.6825817519634096,6.866666666666667,
t2,2026-02-04,2026-02-05 10:00:00,2026-02-05 16:00:00,34.0,0.9080742347684764,0.6310852073340961,0.9401590008783206,0.9496611662750181,14.731481481481481,2.7434452372058233,6.633333333333333,
t2,2026-02-04,2026-02-05 11:00:00,2026-02-05 17:00:00,35.0,0.8473865642381243,0.5829428437226558,0.9072690694251684,0.9547534650658087,13.861111111111109,2.577652056321176,5.766666666666667,
t2,2026-02-04,2026-02-05 12:00:00,2026-02-05 18:00:00,36.0,0.8402574753641631,0.5224717875819612,0.8979104838025393,0.9569535235144024,12.138888888888888,1.2536982329329731,4.333333333333333,
t2,2026-02-04,2026-02-05 13:00:00,2026-02-05 19:00:00,37.0,0.8069840468616375,0.462280283259651,0.8781397282577819,0.9575988593180038,11.518518518518519,0.7828866601454811,3.266666666666667,
t2,2026-02-04,2026-02-05 14:00:00,2026-02-05 20:00:00,38.0,0.7731785445849609,0.44759323173070076,0.8752264004338899,0.9587192761522787,11.203703703703704,0.8811877039242698,2.5,
t2,2026-02-04,2026-02-05 15:00:00,2026-02-05 21:00:00,39.0,0.7426948811399003,0.4383112791778345,0.8362998596942298,0.9671990677590506,10.879629629629632,0.5985665318108876,2.0666666666666664,
t2,2026-02-04,2026-02-05 16:00:00,2026-02-05 22:00:00,40.0,0.7106601405042702,0.4159360080898657,0.8181505078445657,0.9706595465558024,10.870370370370372,0.7245333392403566,1.8999999999999997,
t2,2026-02-04,2026-02-05 17:00:00,2026-02-05 23:00:00,41.0,0.6815282369326685,0.4024544752001181,0.7575476099433768,0.9821888267073682,10.694444444444445,0.409192218407118,1.9666666666666668,
t2,2026-02-04,2026-02-05 18:00:00,2026-02-06 00:00:00,42.0,0.6475953591776296,0.3264919137568008,0.7115279471594439,0.9678075796062628,10.398148148148147,0.331398706818023,1.6333333333333335,
t2,2026-02-04,2026-02-05 19:00:00,2026-02-06 01:00:00,43.0,0.6404066711353865,0.31571574647554124,0.681658676484588,0.9651921209872834,10.314814814814815,0.34731480247242635,1.5,
t2,2026-02-04,2026-02-05 20:00:00,2026-02-06 02:00:00,44.0,0.6160457327887606,0.20918172669448293,0.6232761792410475,0.9720279687016948,10.111111111111112,0.4672945511461314,1.5666666666666667,
t2,2026-02-04,2026-02-05 21:00:00,2026-02-06 03:00:00,45.0,0.534701091939101,0.11065319689271408,0.49563010822973513,0.9789832096242135,9.907407407407407,0.5214040083444851,1.4000000000000001,
t2,2026-02-04,2026-02-05 22:00:00,2026-02-06 04:00:00,46.0,0.4267051644278987,0.0462243912195871,0.3350340711308449,0.9480110003239741,9.824074074074074,0.8166540689378561,1.1333333333333333,
t2,2026-02-04,2026-02-05 23:00:00,2026-02-06 05:00:00,47.0,0.3105022589370643,0.0,0.14284812269581126,0.8128196795659264,9.046296296296296,1.1467658943572163,0.8666666666666667,
t2,2026-02-04,2026-02-06 00:00:00,2026-02-06 06:00:00,48.0,0.15209698902659163,0.0,0.04285800357087872,0.4954716537413138,4.490740740740741,1.0961961916258325,0.7666666666666666,
t2,2026-02-04,2026-02-06 01:00:00,2026-02-06 07:00:00,49.0,0.12786323039250336,0.0,0.03809521529702868,0.394877142026509,2.175925925925926,1.5116148397883349,0.3333333333333333,
t2,2026-02-04,2026-02-06 02:00:00,2026-02-06 08:00:00,50.0,0.14812978275374414,0.0,0.0670407234438753,0.5142903168158623,3.092592592592593,1.0032098689468039,0.5333333333333333,
t2,2026-02-04,2026-02-06 03:00:00,2026-02-06 09:00:00,51.0,0.2806948000290785,0.0,0.2054067546290333,0.7522312614647484,4.333333333333333,2.9825883613622137,1.4666666666666668,
t2,2026-02-04,2026-02-06 04:00:00,2026-02-06 10:00:00,52.0,0.4368089459229352,0.0,0.34792513945233616,0.8523477387225589,5.055555555555556,3.732676033406914,3.433333333333333,
t2,2026-02-04,2026-02-06 05:00:00,2026-02-06 11:00:00,53.0,0.5495424651891644,0.005995772245686537,0.4498791303897834,0.9985692561817605,5.9259259259259265,5.039759612792312,5.5,
t2,2026-02-04,2026-02-06 06:00:00,2026-02-06 12:00:00,54.0,0.6907906686365591,0.07178584839275304,0.5993472254205879,0.997946488784254,9.444444444444445,6.004884842801621,6.533333333333332,
t2,2026-02-04,2026-02-06 07:00:00,2026-02-06 13:00:00,55.0,0.8042070802949595,0.2170345651075143,0.813598525463711,0.9677687690751373,10.5,5.208018509003541,7.0,
t2,2026-02-04,2026-02-06 08:00:00,2026-02-06 14:00:00,56.0,0.8407063536134283,0.4598956578322115,0.8857093560079914,0.9557740074573714,12.351851851851853,4.006777950838442,7.066666666666666,
t2,2026-02-04,2026-02-06 09:00:00,2026-02-06 15:00:00,57.0,0.9073052300777092,0.7759824525069416,0.9404416648167215,0.9493777826820403,14.481481481481483,1.223904566063579,6.633333333333333,
t2,2026-02-04,2026-02-06 10:00:00,2026-02-06 16:00:00,58.0,0.9086169203443423,0.8500428609363863,0.9429515952026372,0.9503713900962689,15.555555555555557,0.7642675828998673,5.766666666666667,
t2,2026-02-04,2026-02-06 11:00:00,2026-02-06 17:00:00,59.0,0.9087568891170893,0.8492203590591658,0.9431984334985638,0.9514999909724295,15.731481481481483,0.9978113910035612,4.666666666666667,
t2,2026-02-04,2026-02-06 12:00:00,2026-02-06 18:00:00,60.0,0.9109847572108992,0.851785131284233,0.9431984334985638,0.9526758016728373,16.34259259259259,0.39707003041465905,4.0,
t2,2026-02-04,2026-02-06 13:00:00,2026-02-06 19:00:00,61.0,0.9130002977402475,0.851785131284233,0.9431984334985638,0.9536991230051642,16.111111111111114,0.5299662230094142,3.5,
t2,2026-02-04,2026-02-06 14:00:00,2026-02-06 20:00:00,62.0,0.9172891190738168,0.847556740728403,0.9431837566107886,0.9546892933235234,15.185185185185185,0.5789073715681702,3.1,
t2,2026-02-04,2026-02-06 15:00:00,2026-02-06 21:00:00,63.0,0.9177950450756825,0.8567865459619969,0.9432323139959163,0.9544899443870175,14.583333333333334,0.9554101956622131,2.766666666666667,
t2,2026-02-04,2026-02-06 16:00:00,2026-02-06 22:00:00,64.0,0.9174793566615336,0.8460135785782106,0.9432323139959163,0.9551627998418064,14.148148148148147,0.9703686033345533,2.3000000000000003,
t2,2026-02-04,2026-02-06 17:00:00,2026-02-06 23:00:00,65.0,0.9084037722419877,0.8206438963841116,0.9394852826460509,0.9567945151028318,13.990740740740742,0.8912006974456274,1.8333333333333333,
t2,2026-02-04,2026-02-06 18:00:00,2026-02-07 00:00:00,66.0,0.8982226309522043,0.7321497015001679,0.9218404150861059,0.958756795920173,12.462962962962962,1.8644938853639805,1.6333333333333335,
t2,2026-02-04,2026-02-06 19:00:00,2026-02-07 01:00:00,67.0,0.8479006034726706,0.6194484393126125,0.8895862513787821,0.9677528072444076,12.00925925925926,1.7341284975717732,1.6000000000000003,
t2,2026-02-04,2026-02-06 20:00:00,2026-02-07 02:00:00,68.0,0.7475981815407817,0.4288161519535999,0.8145336659127809,0.9633616770304376,11.194444444444445,2.05499241535352,1.4000000000000001,
t2,2026-02-04,2026-02-06 21:00:00,2026-02-07 03:00:00,69.0,0.6339215853554868,0.2186767585879541,0.5503508349089347,0.9198798640103666,9.953703703703704,1.0909042196549181,1.2666666666666668,
t2,2026-02-04,2026-02-06 22:00:00,2026-02-07 04:00:00,70.0,0.4810204814328975,0.12916871641750655,0.4110856873639727,0.9105856559035632,8.527777777777779,0.9910868208284047,0.9666666666666667,
t2,2026-02-04,2026-02-06 23:00:00,2026-02-07 05:00:00,71.0,0.459472864136804,0.03677724208725852,0.3810780906653321,0.912701275744146,7.398148148148148,1.9409359881995247,0.7000000000000001,
t2,2026-02-05,2026-02-06 00:00:00,2026-02-06 06:00:00,24.0,0.18324020962971738,0.0,0.08773911322684522,0.5571343836323227,6.62962962962963,3.524203496971457,0.10000000000000002,
t2,2026-02-05,2026-02-06 01:00:00,2026-02-06 07:00:00,25.0,0.09690856531373059,0.0,0.014888633587532514,0.3743137850168163,4.685185185185186,3.1808082545578533,-0.10000000000000002,
t2,2026-02-05,2026-02-06 02:00:00,2026-02-06 08:00:00,26.0,0.0629339923205084,0.0,0.022959340435885628,0.32010489188856595,2.675925925925926,3.116232557078216,-0.20000000000000004,
t2,2026-02-05,2026-02-06 03:00:00,2026-02-06 09:00:00,27.0,0.11717129086952174,0.0,0.04890687090013439,0.37058975488073637,4.101851851851852,0.339450051478211,0.2666666666666666,
t2,2026-02-05,2026-02-06 04:00:00,2026-02-06 10:00:00,28.0,0.18942070587983884,0.0,0.07474661648779632,0.573724980810276,4.1944444444444455,0.8953756367381223,1.9333333333333333,
t2,2026-02-05,2026-02-06 05:00:00,2026-02-06 11:00:00,29.0,0.41432165050476816,0.0,0.33321275912452786,0.8672735510594305,4.018518518518519,2.334876033226385,3.633333333333333,
t2,2026-02-05,2026-02-06 06:00:00,2026-02-06 12:00:00,30.0,0.5802153480813117,0.022006842926353465,0.5034032617191482,0.9919789398003,6.972222222222222,2.9028774570870546,5.233333333333333,
t2,2026-02-05,2026-02-06 07:00:00,2026-02-06 13:00:00,31.0,0.6425208667290765,0.14205293330887014,0.6496365347684012,0.99605450407151,10.018518518518519,3.58067659192604,6.3999999999999995,
t2,2026-02-05,2026-02-06 08:00:00,2026-02-06 14:00:00,32.0,0.7994262917034374,0.44910451128571277,0.8877423907210642,0.965272964129749,13.324074074074074,3.0712140868194435,5.533333333333334,
t2,2026-02-05,2026-02-06 09:00:00,2026-02-06 15:00:00,33.0,0.9039505051243373,0.6943823897795527,0.94504679830078,0.957481207836069,14.25,1.9774968589508541,5.033333333333334,
t2,2026-02-05,2026-02-06 10:00:00,2026-02-06 16:00:00,34.0,0.9129902078159644,0.8459385952654691,0.9485610710443866,0.9576013708729464,14.703703703703704,0.9305901043890548,4.566666666666666,
t2,2026-02-05,2026-02-06 11:00:00,2026-02-06 17:00:00,35.0,0.9137077982045816,0.8462841363480991,0.9477372151020178,0.9586027918860006,15.861111111111112,0.48828877309019336,4.266666666666667,
t2,2026-02-05,2026-02-06 12:00:00,2026-02-06 18:00:00,36.0,0.9130967824489169,0.8622282352836348,0.9485757479321619,0.9589678263402203,16.89814814814815,0.5280213862734546,3.6666666666666665,
t2,2026-02-05,2026-02-06 13:00:00,2026-02-06 19:00:00,37.0,0.9203307852835572,0.8540149111132423,0.9485757479321619,0.959477298947367,16.990740740740744,0.5619996631664261,3.133333333333333,
t2,2026-02-05,2026-02-06 14:00:00,2026-02-06 20:00:00,38.0,0.9238898358940357,0.855229335717956,0.9485757479321619,0.9602421260189745,16.462962962962965,0.7372021962727041,2.533333333333333,
t2,2026-02-05,2026-02-06 15:00:00,2026-02-06 21:00:00,39.0,0.9221945350660519,0.8441625883814781,0.9477710955993703,0.9618117380673794,15.685185185185185,0.23295825232239065,2.066666666666667,
t2,2026-02-05,2026-02-06 16:00:00,2026-02-06 22:00:00,40.0,0.9139924174615504,0.7795424077281964,0.946923412583659,0.9627113971085971,14.268518518518519,0.7460458177216184,1.7,
t2,2026-02-05,2026-02-06 17:00:00,2026-02-06 23:00:00,41.0,0.8880385178538255,0.6057425273640862,0.9165960186616859,0.9678383249916744,12.962962962962964,0.21032993873334435,1.5,
t2,2026-02-05,2026-02-06 18:00:00,2026-02-07 00:00:00,42.0,0.8155471288514737,0.47793889648988225,0.8644897390906809,0.9733711998459054,12.305555555555557,0.5464532103585003,1.1666666666666667,
t2,2026-02-05,2026-02-06 19:00:00,2026-02-07 01:00:00,43.0,0.7327359581356949,0.37292128468450825,0.7647815117837502,0.9780144758491051,11.555555555555555,0.9658521472618724,0.9,
t2,2026-02-05,2026-02-06 20:00:00,2026-02-07 02:00:00,44.0,0.56878254297332,0.20828592706988397,0.6156849322234081,0.9739609360452568,10.425925925925926,0.803797570896692,0.8333333333333334,
t2,2026-02-05,2026-02-06 21:00:00,2026-02-07 03:00:00,45.0,0.4319228150848236,0.06449817679225334,0.4212232907694248,0.8970252058489203,9.00925925925926,1.0993591474033515,0.6,
t2,2026-02-05,2026-02-06 22:00:00,2026-02-07 04:00:00,46.0,0.32755411772810505,0.0,0.23647043785593047,0.8648938876482797,7.601851851851852,1.6801154918170431,0.3,
t2,2026-02-05,2026-02-06 23:00:00,2026-02-07 05:00:00,47.0,0.3134731216281689,0.0,0.20559281018046882,0.8829159841007953,6.592592592592593,2.7047816217578786,0.09999999999999998,
t2,2026-02-05,2026-02-07 00:00:00,2026-02-07 06:00:00,48.0,0.2395043113900821,0.0,0.12328153394865113,0.7465355358528325,6.546296296296297,1.0585969828109563,0.39999999999999997,
t2,2026-02-05,2026-02-07 01:00:00,2026-02-07 07:00:00,49.0,0.12975266914927716,0.0,0.05065138822744876,0.4425109645732152,4.833333333333333,1.4215601757693321,0.2333333333333333,
t2,2026-02-05,2026-02-07 02:00:00,2026-02-07 08:00:00,50.0,0.062475109429383,0.0,0.012999995533153508,0.2809173932982987,2.9814814814814814,1.8848677241251068,0.16666666666666666,
t2,2026-02-05,2026-02-07 03:00:00,2026-02-07 09:00:00,51.0,0.08423511720087248,0.0,0.021096051285302744,0.34373190498645795,2.240740740740741,0.15795113064103675,0.2333333333333333,
t2,2026-02-05,2026-02-07 04:00:00,2026-02-07 10:00:00,52.0,0.166878439344804,0.0,0.10885454213919438,0.5204202004984215,3.064814814814815,2.2064253346083675,0.8666666666666667,
t2,2026-02-05,2026-02-07 05:00:00,2026-02-07 11:00:00,53.0,0.22503126665257886,0.0,0.1345401157910877,0.7069130012470815,4.787037037037038,3.583369221755396,1.9333333333333336,
t2,2026-02-05,2026-02-07 06:00:00,2026-02-07 12:00:00,54.0,0.24376683944147987,0.0,0.1845079583419856,0.826610700882658,5.953703703703703,4.764219565242939,3.266666666666667,
t2,2026-02-05,2026-02-07 07:00:00,2026-02-07 13:00:00,55.0,0.25624209524150243,0.0,0.16053745783780446,0.8142232259433906,6.1759259259259265,3.4079986403328104,3.733333333333333,
t2,2026-02-05,2026-02-07 08:00:00,2026-02-07 14:00:00,56.0,0.24987744127453354,0.0,0.1436927601351705,0.7924615111522705,6.287037037037037,2.3798818139898605,3.966666666666667,
t2,2026-02-05,2026-02-07 09:00:00,2026-02-07 15:00:00,57.0,0.2023969241002627,0.0,0.11366079207699903,0.7212897214198057,5.9444444444444455,2.1094657330737436,4.133333333333334,
t2,2026-02-05,2026-02-07 10:00:00,2026-02-07 16:00:00,58.0,0.13352003487555975,0.0,0.06563127591980865,0.5319725374779839,5.12962962962963,1.8470307614506198,3.8666666666666667,
t2,2026-02-05,2026-02-07 11:00:00,2026-02-07 17:00:00,59.0,0.11766677186242011,0.0,0.060512865747374606,0.3917816152609167,4.268518518518519,1.873576277028406,3.2000000000000006,
t2,2026-02-05,2026-02-07 12:00:00,2026-02-07 18:00:00,60.0,0.1733580527064903,0.0,0.0769093414282209,0.4909061268024748,2.7870370370370368,2.0488504254443813,1.8999999999999997,
t2,2026-02-05,2026-02-07 13:00:00,2026-02-07 19:00:00,61.0,0.22387124302433392,0.0,0.12267394790869807,0.6049029337840186,3.5740740740740744,0.9671827060236737,0.8333333333333334,
t2,2026-02-05,2026-02-07 14:00:00,2026-02-07 20:00:00,62.0,0.3792460732932137,0.0,0.27973248610039536,0.9825698280511163,5.592592592592593,3.9452594358876967,0.6333333333333333,
t2,2026-02-05,2026-02-07 15:00:00,2026-02-07 21:00:00,63.0,0.4101726108770796,0.0,0.3892252843448724,0.9863892824282319,7.842592592592593,3.1557234566703434,0.36666666666666664,
t2,2026-02-05,2026-02-07 16:00:00,2026-02-07 22:00:00,64.0,0.5320536365357802,0.0,0.45533563984032077,0.9943549930583371,8.5,3.4441084065472416,0.033333333333333354,
t2,2026-02-05,2026-02-07 17:00:00,2026-02-07 23:00:00,65.0,0.5498081616615955,0.047215162876082684,0.5190128608612439,0.997201010587125,8.768518518518519,3.3772949825528946,-0.10000000000000002,
t2,2026-02-05,2026-02-07 18:00:00,2026-02-08 00:00:00,66.0,0.593783336050256,0.1305815579513016,0.564620018016391,1.0,9.120370370370372,3.3326774045994276,-0.39999999999999997,
t2,2026-02-05,2026-02-07 19:00:00,2026-02-08 01:00:00,67.0,0.640788222293996,0.16227750489640663,0.6292844229128625,1.0,9.527777777777779,2.8647495743008307,-0.6666666666666666,
t2,2026-02-05,2026-02-07 20:00:00,2026-02-08 02:00:00,68.0,0.7075197098967552,0.28216360881475555,0.691755348666719,0.9952035624810307,9.962962962962964,2.1304547515870116,-0.8000000000000002,
t2,2026-02-05,2026-02-07 21:00:00,2026-02-08 03:00:00,69.0,0.7248989124894167,0.34128321822650115,0.7254763994506437,0.9982712981575403,10.37962962962963,1.041697530406964,-0.8333333333333334,
t2,2026-02-05,2026-02-07 22:00:00,2026-02-08 04:00:00,70.0,0.7163566873570797,0.30275412608240276,0.7297049010365186,0.9910276619829145,10.194444444444445,0.6309898162000303,-0.8666666666666667,
t2,2026-02-05,2026-02-07 23:00:00,2026-02-08 05:00:00,71.0,0.6973431197646949,0.3193065542387684,0.7161696826651738,0.9852963210505857,9.75925925925926,0.4724944748952982,-0.6666666666666666,
t2,2026-02-06,2026-02-07 00:00:00,2026-02-07 06:00:00,24.0,0.10840560365563881,0.0,0.0215161512308394,0.44604258656933377,5.037037037037037,1.2970566553077738,-0.033333333333333326,
t2,2026-02-06,2026-02-07 01:00:00,2026-02-07 07:00:00,25.0,0.07114972020192711,0.0,0.008484203533880616,0.2836091929023454,3.8333333333333335,1.3143909071467759,-0.1333333333333333,
t2,2026-02-06,2026-02-07 02:00:00,2026-02-07 08:00:00,26.0,0.07401801709919054,0.0,0.005987418314316997,0.22741252317441774,2.1018518518518516,1.3620556057852518,-0.3999999999999999,
t2,2026-02-06,2026-02-07 03:00:00,2026-02-07 09:00:00,27.0,0.13804180205565517,0.0,0.0238742523660909,0.44353125839818186,1.6944444444444446,0.9179284245476836,-0.20000000000000004,
t2,2026-02-06,2026-02-07 04:00:00,2026-02-07 10:00:00,28.0,0.20533618008353693,0.0,0.12325400987706411,0.5181092800665436,2.8333333333333335,1.8132315467075102,0.8000000000000002,
t2,2026-02-06,2026-02-07 05:00:00,2026-02-07 11:00:00,29.0,0.29541719471364736,0.0,0.20895673932932723,0.8036120440057213,5.953703703703703,2.37939543450534,2.033333333333333,
t2,2026-02-06,2026-02-07 06:00:00,2026-02-07 12:00:00,30.0,0.3802779451315839,0.0,0.28849598401722487,0.9415416161643501,7.120370370370369,2.5811420415550796,3.266666666666667,
t2,2026-02-06,2026-02-07 07:00:00,2026-02-07 13:00:00,31.0,0.4069573960571638,0.0,0.28687332145578753,0.8939606432529417,7.25,1.7803800398846734,3.866666666666667,
t2,2026-02-06,2026-02-07 08:00:00,2026-02-07 14:00:00,32.0,0.29184240240720216,0.009261207151373324,0.19466887602218388,0.8184624522699732,6.768518518518519,1.4636367412333107,3.9666666666666663,
t2,2026-02-06,2026-02-07 09:00:00,2026-02-07 15:00:00,33.0,0.17746214947107827,0.0,0.0918238341261996,0.6769537611814485,5.5740740740740735,1.4066457490692121,3.9333333333333336,
t2,2026-02-06,2026-02-07 10:00:00,2026-02-07 16:00:00,34.0,0.12168993251925139,0.0,0.06450903530200194,0.3445552829214277,4.361111111111111,1.317908462697384,3.5666666666666664,
t2,2026-02-06,2026-02-07 11:00:00,2026-02-07 17:00:00,35.0,0.14309686609987066,0.0,0.08818243756337413,0.4416529498458791,3.1666666666666665,1.2918906615814985,2.966666666666667,
t2,2026-02-06,2026-02-07 12:00:00,2026-02-07 18:00:00,36.0,0.2221168943122089,0.0,0.14169411813285673,0.6095224552259992,3.0462962962962963,2.2581015552328143,1.5666666666666667,
t2,2026-02-06,2026-02-07 13:00:00,2026-02-07 19:00:00,37.0,0.3083859019126493,0.0,0.22296554616792835,0.8057395223398582,5.518518518518519,3.103454533443702,0.3,
t2,2026-02-06,2026-02-07 14:00:00,2026-02-07 20:00:00,38.0,0.48300059654734695,0.0,0.41633317379851653,1.0,7.018518518518519,2.849265301301662,0.23333333333333336,
t2,2026-02-06,2026-02-07 15:00:00,2026-02-07 21:00:00,39.0,0.6203320428629849,0.007474886365468114,0.5858456618995275,1.0,8.185185185185185,2.238884293718288,3.700743415417188e-17,
t2,2026-02-06,2026-02-07 16:00:00,2026-02-07 22:00:00,40.0,0.7268824149874223,0.1230856253167043,0.6990685313886743,1.0,9.666666666666668,2.4354316168789936,-0.19999999999999998,
t2,2026-02-06,2026-02-07 17:00:00,2026-02-07 23:00:00,41.0,0.8459178118144735,0.3361593407929083,0.8835976032472453,0.982016072027573,10.805555555555557,2.0224435165852657,-0.3333333333333333,
t2,2026-02-06,2026-02-07 18:00:00,2026-02-08 00:00:00,42.0,0.8871722028278639,0.5732259563705837,0.9144147493099757,0.9744489264765923,12.277777777777779,0.6309898162000296,-0.4666666666666666,
t2,2026-02-06,2026-02-07 19:00:00,2026-02-08 01:00:00,43.0,0.885503799985559,0.7007203337118878,0.931006169072669,0.9689110477484135,12.861111111111112,1.0209986638605062,-0.5333333333333333,
t2,2026-02-06,2026-02-07 20:00:00,2026-02-08 02:00:00,44.0,0.850573232762301,0.6140631930147097,0.907361049392888,0.9724569206573156,12.453703703703704,1.768712419077556,-0.6666666666666666,
t2,2026-02-06,2026-02-07 21:00:00,2026-02-08 03:00:00,45.0,0.8309884901364951,0.5774840711743308,0.8723983323796937,0.9819838503995925,12.083333333333336,1.4452455043698407,-0.8666666666666667,
t2,2026-02-06,2026-02-07 22:00:00,2026-02-08 04:00:00,46.0,0.8035952482064432,0.45219649944174367,0.8512748297634996,0.9949972426731999,11.064814814814815,0.8634972912617968,-0.9333333333333332,
t2,2026-02-06,2026-02-07 23:00:00,2026-02-08 05:00:00,47.0,0.7436049127199263,0.35950190625307515,0.7679789390146499,1.0,9.916666666666666,0.6532208897947136,-1.0999999999999999,
t2,2026-02-06,2026-02-08 00:00:00,2026-02-08 06:00:00,48.0,0.6414833334927761,0.15521262209841924,0.586173911579759,1.0,9.592592592592593,0.7709688736357824,-0.6999999999999998,
t2,2026-02-06,2026-02-08 01:00:00,2026-02-08 07:00:00,49.0,0.507065266011841,0.05919685651392964,0.48813759462049267,0.9937563642981434,8.62962962962963,0.4659165046447828,-0.9,
t2,2026-02-06,2026-02-08 02:00:00,2026-02-08 08:00:00,50.0,0.4110517262688499,0.0,0.35395150402030306,0.9758198215703212,8.111111111111112,0.2649831115047075,-0.9333333333333335,
t2,2026-02-06,2026-02-08 03:00:00,2026-02-08 09:00:00,51.0,0.3042454381644952,0.0,0.22828430837319721,0.8973012648426325,7.351851851851852,0.1425444844290801,-0.39999999999999997,
t2,2026-02-06,2026-02-08 04:00:00,2026-02-08 10:00:00,52.0,0.17032974856255292,0.0,0.13319481310624168,0.7878085316489752,6.527777777777779,0.7742977702647972,0.5333333333333333,
t2,2026-02-06,2026-02-08 05:00:00,2026-02-08 11:00:00,53.0,0.1067623863947749,0.0,0.0475381844969845,0.5011069321875438,5.5,1.010744744370014,1.5,
t2,2026-02-06,2026-02-08 06:00:00,2026-02-08 12:00:00,54.0,0.06756526518554606,0.0,0.01149110668494463,0.30143199617156974,2.7314814814814814,1.926371031186422,2.3333333333333335,
t2,2026-02-06,2026-02-08 07:00:00,2026-02-08 13:00:00,55.0,0.07916076915867876,0.0,0.005657462794720774,0.2923180601750777,1.8240740740740744,1.0483428035451268,3.1666666666666665,
t2,2026-02-06,2026-02-08 08:00:00,2026-02-08 14:00:00,56.0,0.1432059299176522,0.0,0.0417486341241943,0.4745558347626644,1.7870370370370372,0.2740490479064582,3.9,
t2,2026-02-06,2026-02-08 09:00:00,2026-02-08 15:00:00,57.0,0.3802761258656779,0.0,0.2624770911544445,0.8851231914576521,3.333333333333334,1.5488446510500724,4.5,
t2,2026-02-06,2026-02-08 10:00:00,2026-02-08 16:00:00,58.0,0.6593233938238665,0.11039680571231014,0.5610285036847565,1.0,6.342592592592593,1.476496241872418,4.5,
t2,2026-02-06,2026-02-08 11:00:00,2026-02-08 17:00:00,59.0,0.8424904850792709,0.31825900635647086,0.8572633134260356,0.9867095298516939,10.027777777777779,1.0352580640880125,3.6666666666666665,
t2,2026-02-06,2026-02-08 12:00:00,2026-02-08 18:00:00,60.0,0.9164378191322652,0.6978360097673636,0.9402852887015332,0.9657184442770798,14.50925925925926,1.3197611705627288,1.7333333333333334,
t2,2026-02-06,2026-02-08 13:00:00,2026-02-08 19:00:00,61.0,0.9384455852650545,0.8192336460454914,0.949787704577797,0.9659776231873076,15.75925925925926,0.7486270011369321,0.5333333333333333,
t2,2026-02-06,2026-02-08 14:00:00,2026-02-08 20:00:00,62.0,0.935098137994868,0.8155220205086189,0.950778825308458,0.9661815446781844,16.36111111111111,1.1925048852036482,-0.06666666666666667,
t2,2026-02-06,2026-02-08 15:00:00,2026-02-08 21:00:00,63.0,0.9325942469372897,0.8352479411454493,0.9508127058058106,0.9659745394851698,16.89814814814815,1.7778501142690817,-0.5,
t2,2026-02-06,2026-02-08 16:00:00,2026-02-08 22:00:00,64.0,0.9283717341693501,0.8317526179566531,0.9508127058058106,0.9658584458098136,16.768518518518523,2.071509658045188,-0.6333333333333333,
t2,2026-02-06,2026-02-08 17:00:00,2026-02-08 23:00:00,65.0,0.9294866584734021,0.8407472647066498,0.9508127058058106,0.9657088997809878,17.037037037037038,2.1731266469923725,-0.7333333333333334,
t2,2026-02-06,2026-02-08 18:00:00,2026-02-09 00:00:00,66.0,0.9292609937456232,0.8164520521298466,0.9508127058058106,0.9656183182696305,17.10185185185185,2.5099083484652325,-0.8666666666666667,
t2,2026-02-06,2026-02-08 19:00:00,2026-02-09 01:00:00,67.0,0.9292609937456232,0.8333892973170716,0.9508127058058106,0.9656950577996178,17.546296296296298,2.2402624221650047,-1.0333333333333334,
t2,2026-02-06,2026-02-08 20:00:00,2026-02-09 02:00:00,68.0,0.9292609937456232,0.8489529942066419,0.9508127058058106,0.9656947543602478,17.962962962962962,1.9309718442728472,-1.2,
t2,2026-02-06,2026-02-08 21:00:00,2026-02-09 03:00:00,69.0,0.9292609937456232,0.8470253801585914,0.9508127058058106,0.9656725066128417,18.38888888888889,1.7495590273333037,-1.366666666666667,
t2,2026-02-06,2026-02-08 22:00:00,2026-02-09 04:00:00,70.0,0.9209259691839835,0.7981130907547551,0.9509812197346503,0.9656368899752691,18.58333333333334,1.7347216662217788,-1.5,
t2,2026-02-06,2026-02-08 23:00:00,2026-02-09 05:00:00,71.0,0.9146673856639831,0.7680090851744579,0.9512236485646002,0.9655836715232486,18.62962962962963,1.7240879977159842,-1.5666666666666667,
t2,2026-02-07,2026-02-08 00:00:00,2026-02-08 06:00:00,24.0,0.49026500401689543,0.052939657286190545,0.474876252580829,0.9957784467869166,9.324074074074074,0.5888190035401717,-1.2333333333333334,
t2,2026-02-07,2026-02-08 01:00:00,2026-02-08 07:00:00,25.0,0.4339385431904613,0.0,0.3698477720806846,0.9676891925539894,8.194444444444445,0.32749517007087786,-1.3333333333333333,
t2,2026-02-07,2026-02-08 02:00:00,2026-02-08 08:00:00,26.0,0.3095704148197932,0.0,0.22502043644037176,0.8684799419084076,7.324074074074075,0.16743649370393615,-1.1666666666666667,
t2,2026-02-07,2026-02-08 03:00:00,2026-02-08 09:00:00,27.0,0.21812022879267734,0.0,0.11679130220982681,0.7019981910937775,6.361111111111112,0.15466012118972275,-0.7666666666666666,
t2,2026-02-07,2026-02-08 04:00:00,2026-02-08 10:00:00,28.0,0.10151365524136009,0.0,0.04189284050287133,0.498678177998363,5.5,0.5068968775248517,0.5,
t2,2026-02-07,2026-02-08 05:00:00,2026-02-08 11:00:00,29.0,0.07121768624027039,0.0,0.014549051061750886,0.3138190561200948,4.231481481481482,1.1167680071944237,1.5333333333333334,
t2,2026-02-07,2026-02-08 06:00:00,2026-02-08 12:00:00,30.0,0.051645047975361305,0.0,0.0021342737548748075,0.24473907915160742,2.2962962962962963,1.1987433406312709,2.3666666666666667,
t2,2026-02-07,2026-02-08 07:00:00,2026-02-08 13:00:00,31.0,0.1110628694827174,0.0,0.014252358012261327,0.3485560915642996,1.1574074074074072,0.7159629045267892,3.4000000000000004,
t2,2026-02-07,2026-02-08 08:00:00,2026-02-08 14:00:00,32.0,0.2077976173610178,0.0,0.07892119895299307,0.7366815698077238,2.2222222222222223,1.5562994253146045,4.266666666666667,
t2,2026-02-07,2026-02-08 09:00:00,2026-02-08 15:00:00,33.0,0.5400458918945606,0.0,0.43546878061967803,1.0,5.083333333333334,2.1822799268224835,4.666666666666667,
t2,2026-02-07,2026-02-08 10:00:00,2026-02-08 16:00:00,34.0,0.7127135159766028,0.08935428768283615,0.6813116178299081,1.0,8.425925925925926,2.24404791143295,4.3999999999999995,
t2,2026-02-07,2026-02-08 11:00:00,2026-02-08 17:00:00,35.0,0.8605896715975616,0.4353849303889132,0.9094122954746257,0.9620732363100815,12.018518518518519,1.9946559260620575,3.5,
t2,2026-02-07,2026-02-08 12:00:00,2026-02-08 18:00:00,36.0,0.9101949857837096,0.67673004559118,0.9392609259566426,0.9585468255431105,14.611111111111112,1.2143051663552447,1.8666666666666665,
t2,2026-02-07,2026-02-08 13:00:00,2026-02-08 19:00:00,37.0,0.9316581447785313,0.8058863408205696,0.9439758195547414,0.9598422390963135,15.694444444444445,1.1252571722516171,0.8000000000000002,
t2,2026-02-07,2026-02-08 14:00:00,2026-02-08 20:00:00,38.0,0.9318169908816514,0.7728613561395236,0.9446682570737046,0.9596861514405081,16.324074074074073,1.8066947972845275,0.10000000000000002,
t2,2026-02-07,2026-02-08 15:00:00,2026-02-08 21:00:00,39.0,0.9239107566688121,0.77654376997628,0.9447021375710571,0.9599024197987824,16.59259259259259,2.0460239470176167,-0.30000000000000004,
t2,2026-02-07,2026-02-08 16:00:00,2026-02-08 22:00:00,40.0,0.9251324136191231,0.7930213557462082,0.9447021375710571,0.9599043490143093,16.972222222222225,2.3228933107943925,-0.5333333333333333,
t2,2026-02-07,2026-02-08 17:00:00,2026-02-08 23:00:00,41.0,0.9234183091653998,0.8053855405019391,0.9447021375710571,0.9598198341467457,17.02777777777778,2.3295273191925014,-0.6,
t2,2026-02-07,2026-02-08 18:00:00,2026-02-09 00:00:00,42.0,0.9231504255108698,0.8426625874320985,0.9447021375710571,0.9599161655924213,17.444444444444446,1.9657562236615707,-0.8999999999999999,
t2,2026-02-07,2026-02-08 19:00:00,2026-02-09 01:00:00,43.0,0.9231504255108698,0.8426625874320985,0.9447021375710571,0.9599006946496965,17.740740740740744,1.9956227820071217,-1.0,
t2,2026-02-07,2026-02-08 20:00:00,2026-02-09 02:00:00,44.0,0.921369487661063,0.8426625874320985,0.9447021375710571,0.9599003906745888,17.90740740740741,1.8236980247828056,-1.1333333333333335,
t2,2026-02-07,2026-02-08 21:00:00,2026-02-09 03:00:00,45.0,0.9180837262144403,0.8195066401336681,0.9447021375710571,0.959835300340358,18.25925925925926,1.7849969164593937,-1.4000000000000001,
t2,2026-02-07,2026-02-08 22:00:00,2026-02-09 04:00:00,46.0,0.9070377264478958,0.751135049224878,0.9451130803298468,0.959628390704634,18.342592592592595,1.8135152187284436,-1.5333333333333332,
t2,2026-02-07,2026-02-08 23:00:00,2026-02-09 05:00:00,47.0,0.8502221438036108,0.6585506595860173,0.9146455475848227,0.966382283736164,18.35185185185185,1.774592053045576,-1.5333333333333332,
t2,2026-02-07,2026-02-09 00:00:00,2026-02-09 06:00:00,48.0,0.850520859021002,0.6664569463242952,0.915123756831777,0.9662762766588057,18.787037037037038,2.007765274920592,-1.5,
t2,2026-02-07,2026-02-09 01:00:00,2026-02-09 07:00:00,49.0,0.8488892802126282,0.6586954195124508,0.9146455475848227,0.9661576535034573,18.48148148148148,2.1056825916919992,-1.5,
t2,2026-02-07,2026-02-09 02:00:00,2026-02-09 08:00:00,50.0,0.8449679424387257,0.6476783735888454,0.9146455475848227,0.9657002299028843,18.203703703703706,2.339662931651663,-1.4666666666666668,
t2,2026-02-07,2026-02-09 03:00:00,2026-02-09 09:00:00,51.0,0.8437179666023449,0.6536098742209121,0.9146729073752433,0.9656508570621232,17.5462962962963,2.362309064289925,-0.7666666666666666,
t2,2026-02-07,2026-02-09 04:00:00,2026-02-09 10:00:00,52.0,0.8442965507193126,0.6677398344668174,0.9146729073752433,0.965226666604009,17.166666666666668,2.5994123267470384,0.7999999999999999,
t2,2026-02-07,2026-02-09 05:00:00,2026-02-09 11:00:00,53.0,0.8489970688582925,0.6143518687378678,0.9146729073752433,0.9626460975861927,16.833333333333332,3.231189629185061,2.4,
t2,2026-02-07,2026-02-09 06:00:00,2026-02-09 12:00:00,54.0,0.8527701833833209,0.6031537841338146,0.9146729073752433,0.9610368119822887,16.055555555555557,3.638464775963336,3.9333333333333336,
t2,2026-02-07,2026-02-09 07:00:00,2026-02-09 13:00:00,55.0,0.8546763959302266,0.5454821874372418,0.9146729073752433,0.9601318217131216,15.444444444444443,4.091922184071175,5.066666666666667,
t2,2026-02-07,2026-02-09 08:00:00,2026-02-09 14:00:00,56.0,0.8560202342385226,0.5376204402739019,0.9146729073752433,0.9591623747199283,14.703703703703704,3.7747468778408897,6.099999999999999,
t2,2026-02-07,2026-02-09 09:00:00,2026-02-09 15:00:00,57.0,0.8568297589898519,0.5374570409081915,0.9146582304874681,0.9583795308896671,14.175925925925926,3.5252980494489483,6.533333333333334,
t2,2026-02-07,2026-02-09 10:00:00,2026-02-09 16:00:00,58.0,0.8352280572218658,0.5833915532810015,0.9034794380423177,0.9605166044629512,13.148148148148147,2.58681565372128,6.233333333333333,
t2,2026-02-07,2026-02-09 11:00:00,2026-02-09 17:00:00,59.0,0.8236329005338355,0.5268274914231841,0.883784523603113,0.9644121339917653,12.685185185185185,1.8932411732047498,5.466666666666666,
t2,2026-02-07,2026-02-09 12:00:00,2026-02-09 18:00:00,60.0,0.7454473910340557,0.3861559611339123,0.8392418156206144,0.9735712136872662,12.231481481481481,1.5278619505432076,4.333333333333333,
t2,2026-02-07,2026-02-09 13:00:00,2026-02-09 19:00:00,61.0,0.6609193599892508,0.16838434657927004,0.7062301305290125,1.0,11.138888888888891,2.8318351158668817,3.1666666666666665,
t2,2026-02-07,2026-02-09 14:00:00,2026-02-09 20:00:00,62.0,0.5146219271403809,0.01816580553653213,0.5670457909497798,1.0,10.074074074074074,3.532185930632712,2.733333333333333,
t2,2026-02-07,2026-02-09 15:00:00,2026-02-09 21:00:00,63.0,0.39563607528424016,0.0,0.3384508994510691,1.0,8.842592592592593,3.670487627532384,2.4000000000000004,
t2,2026-02-07,2026-02-09 16:00:00,2026-02-09 22:00:00,64.0,0.24714700168343534,0.0,0.16851020270333347,0.9316834435394195,7.12037037037037,3.4350603950579197,1.9666666666666668,
t2,2026-02-07,2026-02-09 17:00:00,2026-02-09 23:00:00,65.0,0.2519564532369884,0.0,0.12872555516236744,0.8913993060285783,5.185185185185186,3.5295635608444784,1.2666666666666668,
t2,2026-02-07,2026-02-09 18:00:00,2026-02-10 00:00:00,66.0,0.2516646894642197,0.0,0.0991183055582457,0.821171519086127,5.305555555555555,1.6841673768026806,0.6333333333333333,
t2,2026-02-07,2026-02-09 19:00:00,2026-02-10 01:00:00,67.0,0.30292067932501154,0.0,0.140496305448374,0.8618188413712464,5.87962962962963,1.3648851682957603,0.9,
t2,2026-02-07,2026-02-09 20:00:00,2026-02-10 02:00:00,68.0,0.279097148021602,0.0,0.09343609770255237,0.92944028079688,6.212962962962965,1.4137588166902963,1.1666666666666667,
t2,2026-02-07,2026-02-09 21:00:00,2026-02-10 03:00:00,69.0,0.2928121440034415,0.0,0.14210296279982032,0.9632263163024897,6.842592592592593,1.7726343419577728,1.2333333333333334,
t2,2026-02-07,2026-02-09 22:00:00,2026-02-10 04:00:00,70.0,0.29239307522675284,0.0,0.19832949484807852,0.8796446724951191,7.388888888888889,0.5407756203869944,1.2,
t2,2026-02-07,2026-02-09 23:00:00,2026-02-10 05:00:00,71.0,0.27827327067601254,0.0,0.1635020136480916,0.883936665793006,7.481481481481482,0.8581190551183449,0.8333333333333334,
t2,2026-02-08,2026-02-09 00:00:00,2026-02-09 06:00:00,24.0,0.8492322729739008,0.6694954498536222,0.9207637842728418,0.9722136340351232,18.092592592592595,1.7691486176338393,-1.633333333333333,
t2,2026-02-08,2026-02-09 01:00:00,2026-02-09 07:00:00,25.0,0.8470891584357632,0.6588884582865291,0.9207637842728418,0.9717727148975923,17.35185185185185,1.5768222197689883,-1.6666666666666667,
t2,2026-02-08,2026-02-09 02:00:00,2026-02-09 08:00:00,26.0,0.8430699439475696,0.6673899923086447,0.9207637842728418,0.971871946185453,17.037037037037038,1.6947479995247103,-1.633333333333333,
t2,2026-02-08,2026-02-09 03:00:00,2026-02-09 09:00:00,27.0,0.8428241831950379,0.5979462095231536,0.9207911440632623,0.971493222686307,16.59259259259259,1.9393451654571177,-0.9,
t2,2026-02-08,2026-02-09 04:00:00,2026-02-09 10:00:00,28.0,0.8502260386128735,0.6184302609685084,0.9207911440632623,0.9711476964671543,16.240740740740744,2.10164789351422,0.8333333333333334,
t2,2026-02-08,2026-02-09 05:00:00,2026-02-09 11:00:00,29.0,0.8544090890137869,0.6272187525544526,0.9207911440632623,0.968054989696177,15.944444444444445,2.887152255796037,2.766666666666667,
t2,2026-02-08,2026-02-09 06:00:00,2026-02-09 12:00:00,30.0,0.8632841248590325,0.6272187525544526,0.9207911440632623,0.9667833312745217,15.472222222222221,3.4961398466252023,4.0,
t2,2026-02-08,2026-02-09 07:00:00,2026-02-09 13:00:00,31.0,0.8629888280431244,0.6251310629097384,0.9207911440632623,0.9656458298406955,15.259259259259261,3.4392134711895292,5.366666666666667,
t2,2026-02-08,2026-02-09 08:00:00,2026-02-09 14:00:00,32.0,0.8667944706010279,0.5666351011148745,0.9207911440632623,0.9647966945353436,14.90740740740741,3.1610980927936057,6.233333333333333,
t2,2026-02-08,2026-02-09 09:00:00,2026-02-09 15:00:00,33.0,0.8645401228139501,0.6032586326796281,0.9175764231975116,0.9653912792328246,14.15740740740741,2.6273627422615,6.433333333333334,
t2,2026-02-08,2026-02-09 10:00:00,2026-02-09 16:00:00,34.0,0.8371963195966658,0.563717444580449,0.9095085053360535,0.9669908420878526,13.787037037037038,2.857242980315058,6.366666666666667,
t2,2026-02-08,2026-02-09 11:00:00,2026-02-09 17:00:00,35.0,0.7751870665658354,0.4502060115101177,0.8782617344057112,0.9731998806063756,13.296296296296296,1.805626779222002,5.6000000000000005,
t2,2026-02-08,2026-02-09 12:00:00,2026-02-09 18:00:00,36.0,0.7148849171631074,0.30511371088645683,0.7905763697412987,0.9927936100709143,11.675925925925926,1.1971330636217765,3.766666666666667,
t2,2026-02-08,2026-02-09 13:00:00,2026-02-09 19:00:00,37.0,0.5230680893520196,0.07991854252661462,0.5659310302514212,1.0,10.537037037037038,1.7538171186291651,2.5333333333333337,
t2,2026-02-08,2026-02-09 14:00:00,2026-02-09 20:00:00,38.0,0.4033104953767029,0.04907022164475505,0.39172945357009203,1.0,9.092592592592593,2.257759824221414,1.8,
t2,2026-02-08,2026-02-09 15:00:00,2026-02-09 21:00:00,39.0,0.32005144295817217,0.0,0.20947120069901198,0.9530625127673769,7.87037037037037,2.469932356082126,1.4000000000000001,
t2,2026-02-08,2026-02-09 16:00:00,2026-02-09 22:00:00,40.0,0.2431319450658551,0.0,0.1489158110997149,0.8590309574398549,6.6759259259259265,2.9982419402893896,1.4333333333333333,
t2,2026-02-08,2026-02-09 17:00:00,2026-02-09 23:00:00,41.0,0.25607304736095154,0.0,0.13406637480013675,0.7870643593847405,5.768518518518519,3.1643916454188643,1.2,
t2,2026-02-08,2026-02-09 18:00:00,2026-02-10 00:00:00,42.0,0.22572915910014232,0.0,0.12356355835639685,0.6714206135541153,4.888888888888889,3.486194111451061,0.6666666666666666,
t2,2026-02-08,2026-02-09 19:00:00,2026-02-10 01:00:00,43.0,0.20900100846803202,0.0,0.10757596444393594,0.5825900275606125,4.407407407407407,2.8449290675123966,0.6333333333333334,
t2,2026-02-08,2026-02-09 20:00:00,2026-02-10 02:00:00,44.0,0.19238918211981268,0.0,0.09601685467115964,0.6114238267332591,4.7592592592592595,1.4762349228104255,0.4000000000000001,
t2,2026-02-08,2026-02-09 21:00:00,2026-02-10 03:00:00,45.0,0.18257634524089103,0.0,0.04247267010181644,0.6250141703036599,5.222222222222222,0.7458734212276422,0.5,
t2,2026-02-08,2026-02-09 22:00:00,2026-02-10 04:00:00,46.0,0.25558607096206887,0.0,0.10492673656740811,0.7375724526466577,5.805555555555556,0.4276334532872407,0.3666666666666667,
t2,2026-02-08,2026-02-09 23:00:00,2026-02-10 05:00:00,47.0,0.20039924570639975,0.0,0.104311978066221,0.8033441967552801,6.018518518518519,2.1688616611830724,0.2333333333333333,
t2,2026-02-08,2026-02-10 00:00:00,2026-02-10 06:00:00,48.0,0.26150676710879134,0.0,0.2126217494000527,0.9629845040030548,6.333333333333333,3.8301113673651517,0.5,
t2,2026-02-08,2026-02-10 01:00:00,2026-02-10 07:00:00,49.0,0.30126034686858644,0.0,0.175183096346127,1.0,9.324074074074074,4.370419412781959,0.5666666666666667,
t2,2026-02-08,2026-02-10 02:00:00,2026-02-10 08:00:00,50.0,0.32676261396062956,0.0,0.13019667207356353,1.0,7.407407407407407,5.197958803238499,0.3,
t2,2026-02-08,2026-02-10 03:00:00,2026-02-10 09:00:00,51.0,0.4067499140969149,0.0,0.25137037381508176,1.0,6.981481481481481,3.2832267952885026,1.2,
t2,2026-02-08,2026-02-10 04:00:00,2026-02-10 10:00:00,52.0,0.274938222998939,0.0,0.157144082552343,0.9305160884078716,6.62962962962963,2.4786640999063607,2.533333333333333,
t2,2026-02-08,2026-02-10 05:00:00,2026-02-10 11:00:00,53.0,0.2732373404089077,0.0,0.15852822719149307,0.9396399953636062,6.351851851851852,2.768642385436627,4.6000000000000005,
t2,2026-02-08,2026-02-10 06:00:00,2026-02-10 12:00:00,54.0,0.28595731012615966,0.0,0.18733124482490437,0.8723023861196547,5.731481481481482,2.5718582255852067,6.3,
t2,2026-02-08,2026-02-10 07:00:00,2026-02-10 13:00:00,55.0,0.26229606372300607,0.0,0.18483101503991076,0.8060669776546672,6.287037037037037,2.033730481352407,7.8999999999999995,
t2,2026-02-08,2026-02-10 08:00:00,2026-02-10 14:00:00,56.0,0.29610339811870834,0.0,0.24260163111354296,0.8332886149511752,6.879629629629631,0.9334876415650785,8.5,
t2,2026-02-08,2026-02-10 09:00:00,2026-02-10 15:00:00,57.0,0.2647644708417516,0.0,0.2220743347661366,0.7696662188156657,7.472222222222222,2.125862207071943,9.333333333333334,
t2,2026-02-08,2026-02-10 10:00:00,2026-02-10 16:00:00,58.0,0.274981365777227,0.0,0.1772886519814134,0.8561726747772995,6.972222222222222,2.6488117531647477,8.8,
t2,2026-02-08,2026-02-10 11:00:00,2026-02-10 17:00:00,59.0,0.3599039739211894,0.0,0.2496316361377546,0.9536974503851784,6.472222222222222,3.254033584322885,7.533333333333334,
t2,2026-02-08,2026-02-10 12:00:00,2026-02-10 18:00:00,60.0,0.32176396858990836,0.0,0.1975913491705927,0.9428381146473243,5.055555555555556,2.4745619390355653,5.966666666666666,
t2,2026-02-08,2026-02-10 13:00:00,2026-02-10 19:00:00,61.0,0.29886286843331866,0.0,0.18990342362191953,0.8346845822453814,4.703703703703703,2.7930598145353094,5.133333333333334,
t2,2026-02-08,2026-02-10 14:00:00,2026-02-10 20:00:00,62.0,0.37205832928738386,0.0,0.28172799419854677,0.9468254812472314,6.472222222222224,1.8149329137688486,4.6000000000000005,
t2,2026-02-08,2026-02-10 15:00:00,2026-02-10 21:00:00,63.0,0.5390629243560149,0.0,0.45399560874063677,1.0,7.583333333333335,4.93170956761033,3.9333333333333336,
t2,2026-02-08,2026-02-10 16:00:00,2026-02-10 22:00:00,64.0,0.6609917269166786,0.05631413071141922,0.6368440347090129,1.0,8.703703703703704,6.369919503855343,2.8000000000000003,
t2,2026-02-08,2026-02-10 17:00:00,2026-02-10 23:00:00,65.0,0.8229830438115547,0.28706511109154653,0.8066484142640429,0.9927674121567366,10.851851851851853,4.709651022868004,2.3333333333333335,
t2,2026-02-08,2026-02-10 18:00:00,2026-02-11 00:00:00,66.0,0.8253602819498337,0.6304530302418858,0.8756700873367526,0.977937387646725,13.166666666666666,2.182810228541905,2.1,
t2,2026-02-08,2026-02-10 19:00:00,2026-02-11 01:00:00,67.0,0.8592638546781152,0.6693721471578633,0.9198773969688785,0.968738857226582,14.185185185185185,1.1521361445043075,2.033333333333333,
t2,2026-02-08,2026-02-10 20:00:00,2026-02-11 02:00:00,68.0,0.8504469182826286,0.603501674244343,0.920786556966184,0.9689044901133388,15.064814814814815,0.4600836388446235,2.033333333333333,
t2,2026-02-08,2026-02-10 21:00:00,2026-02-11 03:00:00,69.0,0.8467197637363321,0.5685877204475336,0.9188651050451255,0.9695984241838493,15.574074074074076,1.9064407834772488,1.8333333333333333,
t2,2026-02-08,2026-02-10 22:00:00,2026-02-11 04:00:00,70.0,0.8452678530935102,0.5805965137363065,0.9151945502291484,0.97060942375116,14.916666666666666,2.2599232479046174,1.8,
t2,2026-02-08,2026-02-10 23:00:00,2026-02-11 05:00:00,71.0,0.8384096621598212,0.502991218310186,0.8967468663859667,0.9749898669750684,13.620370370370372,2.198718294806703,1.7333333333333334,
t2,2026-02-09,2026-02-10 00:00:00,2026-02-10 06:00:00,24.0,0.21983648065581776,0.0,0.11556904071187171,0.917883193639815,7.314814814814814,2.405679579387731,0.5,
t2,2026-02-09,2026-02-10 01:00:00,2026-02-10 07:00:00,25.0,0.23192376397119613,0.0,0.16587596008561953,0.9907448034907634,4.351851851851852,4.813283232186844,-0.033333333333333326,
t2,2026-02-09,2026-02-10 02:00:00,2026-02-10 08:00:00,26.0,0.29302920593006265,0.0,0.23943962512635114,1.0,8.953703703703704,6.895177088239961,-0.43333333333333335,
t2,2026-02-09,2026-02-10 03:00:00,2026-02-10 09:00:00,27.0,0.3219168287277128,0.0,0.24968656795655786,1.0,8.333333333333334,3.7593504823815933,0.46666666666666673,
t2,2026-02-09,2026-02-10 04:00:00,2026-02-10 10:00:00,28.0,0.3999507129406182,0.0,0.3037350729117092,1.0,8.351851851851853,3.27875848479971,2.1333333333333333,
t2,2026-02-09,2026-02-10 05:00:00,2026-02-10 11:00:00,29.0,0.3998272310157874,0.0,0.38032479890066945,1.0,9.074074074074074,3.3182916795818134,3.8000000000000003,
t2,2026-02-09,2026-02-10 06:00:00,2026-02-10 12:00:00,30.0,0.2445126096688935,0.0,0.1931091006784062,0.9073597518915935,7.268518518518519,2.553340424836234,5.966666666666666,
t2,2026-02-09,2026-02-10 07:00:00,2026-02-10 13:00:00,31.0,0.23301149973761837,0.0,0.15591308626138004,0.8429206233831645,7.231481481481482,1.7261007700342283,7.3999999999999995,
t2,2026-02-09,2026-02-10 08:00:00,2026-02-10 14:00:00,32.0,0.20019378693717066,0.0,0.09633366504300668,0.7179897636283996,5.87962962962963,1.3892592098897076,8.733333333333333,
t2,2026-02-09,2026-02-10 09:00:00,2026-02-10 15:00:00,33.0,0.16017366245767722,0.0,0.08272251200827008,0.49357858353825784,4.62037037037037,2.308788451813275,9.066666666666668,
t2,2026-02-09,2026-02-10 10:00:00,2026-02-10 16:00:00,34.0,0.16380840822762396,0.0,0.04926902393506817,0.5560354465891173,4.203703703703703,1.397013275003133,8.766666666666666,
t2,2026-02-09,2026-02-10 11:00:00,2026-02-10 17:00:00,35.0,0.13836541824444043,0.0,0.044889568043611855,0.5271370367587074,4.074074074074074,1.4546470164224832,7.633333333333333,
t2,2026-02-09,2026-02-10 12:00:00,2026-02-10 18:00:00,36.0,0.17934719072420663,0.0,0.05554552949908785,0.6085325017027071,3.0092592592592595,1.2254796658952092,6.133333333333333,
t2,2026-02-09,2026-02-10 13:00:00,2026-02-10 19:00:00,37.0,0.2940378967148178,0.0,0.14124076694251422,0.8449449129800191,3.157407407407407,1.0564080378276337,5.066666666666666,
t2,2026-02-09,2026-02-10 14:00:00,2026-02-10 20:00:00,38.0,0.4581485326775612,0.0,0.39648706371377335,1.0,5.416666666666667,2.163102481547976,4.233333333333333,
t2,2026-02-09,2026-02-10 15:00:00,2026-02-10 21:00:00,39.0,0.6378424011039102,0.0,0.6028805782139863,1.0,7.9444444444444455,4.119267434572666,3.566666666666667,
t2,2026-02-09,2026-02-10 16:00:00,2026-02-10 22:00:00,40.0,0.7821584520687934,0.2341425030726232,0.7563411802143386,1.0,11.027777777777779,2.837007421758201,2.8333333333333335,
t2,2026-02-09,2026-02-10 17:00:00,2026-02-10 23:00:00,41.0,0.8388380025169198,0.5577823496857102,0.8783019563687584,0.9747953420364913,13.222222222222221,1.614699069925958,2.6,
t2,2026-02-09,2026-02-10 18:00:00,2026-02-11 00:00:00,42.0,0.8323226735511706,0.6156599264642586,0.9057751286060224,0.9667248901446344,14.203703703703702,1.1311844187843165,2.1666666666666665,
t2,2026-02-09,2026-02-10 19:00:00,2026-02-11 01:00:00,43.0,0.8491005346891023,0.6154657116983715,0.9114551457387069,0.9653571983956125,15.111111111111114,0.07349309197401682,1.9666666666666666,
t2,2026-02-09,2026-02-10 20:00:00,2026-02-11 02:00:00,44.0,0.8339927368250296,0.5694265001849634,0.9113604781305474,0.9656846312008097,15.212962962962962,1.2172668906725312,1.8,
t2,2026-02-09,2026-02-10 21:00:00,2026-02-11 03:00:00,45.0,0.8218117270914566,0.49486903877602867,0.8905529570438684,0.9729528818880018,14.731481481481481,1.9068454763776475,1.6666666666666667,
t2,2026-02-09,2026-02-10 22:00:00,2026-02-11 04:00:00,46.0,0.7314936783110253,0.25024704947871823,0.8058912874924213,1.0,13.90740740740741,2.0318325771084536,1.5,
t2,2026-02-09,2026-02-10 23:00:00,2026-02-11 05:00:00,47.0,0.6419391424072128,0.11051410420076735,0.7040336800345901,1.0,12.768518518518519,2.2533126049159833,1.8333333333333333,
t2,2026-02-09,2026-02-11 00:00:00,2026-02-11 06:00:00,48.0,0.4073217654928051,0.0,0.3824911276827197,1.0,10.361111111111112,2.435431616878993,1.3666666666666665,
t2,2026-02-09,2026-02-11 01:00:00,2026-02-11 07:00:00,49.0,0.18260039246535298,0.0,0.05435789768448855,0.8001822137858461,6.583333333333333,3.1241048100531983,1.0999999999999999,
t2,2026-02-09,2026-02-11 02:00:00,2026-02-11 08:00:00,50.0,0.1498156744639235,0.0,0.052306416776353254,0.5830277216320243,3.805555555555556,2.5937662687277983,-0.09999999999999998,
t2,2026-02-09,2026-02-11 03:00:00,2026-02-11 09:00:00,51.0,0.1514967463493114,0.0,0.052104267956548045,0.5319205788635619,3.2685185185185186,1.8975157031290675,0.7666666666666666,
t2,2026-02-09,2026-02-11 04:00:00,2026-02-11 10:00:00,52.0,0.210240855884685,0.0,0.11656812963505134,0.8094061291071794,3.3333333333333335,1.8010627863830364,3.266666666666667,
t2,2026-02-09,2026-02-11 05:00:00,2026-02-11 11:00:00,53.0,0.3874510760364823,0.0,0.2772196959342255,1.0,4.537037037037037,2.023841943925407,6.266666666666667,
t2,2026-02-09,2026-02-11 06:00:00,2026-02-11 12:00:00,54.0,0.5328835640669664,0.0,0.42297447279913714,1.0,9.481481481481483,2.296053601272779,8.933333333333332,
t2,2026-02-09,2026-02-11 07:00:00,2026-02-11 13:00:00,55.0,0.4688901885147536,0.0,0.43566132486573217,1.0,10.15740740740741,5.133280222588808,10.133333333333333,
t2,2026-02-09,2026-02-11 08:00:00,2026-02-11 14:00:00,56.0,0.42637070206007904,0.0,0.37729664587498557,1.0,8.287037037037038,7.532149885192416,10.9,
t2,2026-02-09,2026-02-11 09:00:00,2026-02-11 15:00:00,57.0,0.5035884517575592,0.0,0.4041868470490291,1.0,6.287037037037037,7.010372239049874,10.700000000000001,
t2,2026-02-09,2026-02-11 10:00:00,2026-02-11 16:00:00,58.0,0.6196730455688472,0.06974164795824778,0.6024871631593355,1.0,8.740740740740742,0.851801528304217,9.200000000000001,
t2,2026-02-09,2026-02-11 11:00:00,2026-02-11 17:00:00,59.0,0.8369511130259172,0.21600019452987085,0.8281942552624912,1.0,9.314814814814815,6.020113748703184,6.666666666666667,
t2,2026-02-09,2026-02-11 12:00:00,2026-02-11 18:00:00,60.0,0.86618685761926,0.540949538989833,0.8926027216115215,0.9689477013521238,13.435185185185185,4.375977257108692,4.066666666666666,
t2,2026-02-09,2026-02-11 13:00:00,2026-02-11 19:00:00,61.0,0.8809445932028742,0.5356278547054711,0.8973480828335542,0.9692012800969532,13.25925925925926,5.375508397814984,3.4666666666666663,
t2,2026-02-09,2026-02-11 14:00:00,2026-02-11 20:00:00,62.0,0.8913977986655837,0.6656609952571327,0.9387409386188443,0.9560081709226766,13.462962962962964,3.2784054640680544,2.466666666666667,
t2,2026-02-09,2026-02-11 15:00:00,2026-02-11 21:00:00,63.0,0.8957761720218195,0.7251353436427159,0.9362850816694658,0.9574786769410051,13.518518518518519,0.1674364937039357,1.7666666666666666,
t2,2026-02-09,2026-02-11 16:00:00,2026-02-11 22:00:00,64.0,0.8834951711192045,0.6718498487751008,0.9335291121700623,0.95921133409127,13.185185185185185,1.6307077662567384,1.4333333333333333,
t2,2026-02-09,2026-02-11 17:00:00,2026-02-11 23:00:00,65.0,0.8768131034201553,0.6113975550315397,0.9312889693799608,0.9589715778120966,12.75,2.027777777777778,1.2666666666666666,
t2,2026-02-09,2026-02-11 18:00:00,2026-02-12 00:00:00,66.0,0.835142378346044,0.4620851578776176,0.903497747267934,0.9785921140268402,11.129629629629632,1.963465169859407,1.0666666666666667,
t2,2026-02-09,2026-02-11 19:00:00,2026-02-12 01:00:00,67.0,0.7976550420500323,0.3999949445227872,0.8589272656078337,0.9948581918870368,11.092592592592593,1.5797555418533784,1.0333333333333334,
t2,2026-02-09,2026-02-11 20:00:00,2026-02-12 02:00:00,68.0,0.7519859984305973,0.3323303131549893,0.8305922451533844,1.0,10.620370370370368,1.2817972207905348,0.6333333333333333,
t2,2026-02-09,2026-02-11 21:00:00,2026-02-12 03:00:00,69.0,0.6957875172561736,0.26924636390852497,0.6958752640942446,1.0,10.083333333333334,1.9222944751995514,0.3333333333333333,
t2,2026-02-09,2026-02-11 22:00:00,2026-02-12 04:00:00,70.0,0.6147257277563017,0.10242357762377713,0.5925041411072942,1.0,9.50925925925926,1.7865092292897478,0.26666666666666666,
t2,2026-02-09,2026-02-11 23:00:00,2026-02-12 05:00:00,71.0,0.5448504452093459,0.11681039491125333,0.561907524446171,1.0,9.157407407407407,1.0032098689468039,0.19999999999999998,
t2,2026-02-10,2026-02-11 00:00:00,2026-02-11 06:00:00,24.0,0.3250464166877678,0.0,0.1683250943259231,0.9226084280646839,9.166666666666666,0.5471587667664509,1.9666666666666668,
t2,2026-02-10,2026-02-11 01:00:00,2026-02-11 07:00:00,25.0,0.18783462268684956,0.0,0.05361910479757839,0.7347976738649409,4.962962962962963,2.798855218652695,0.8666666666666667,
t2,2026-02-10,2026-02-11 02:00:00,2026-02-11 08:00:00,26.0,0.1384843201060076,0.0,0.05987747526847269,0.48603159987406186,4.194444444444445,2.3896962460003466,0.7999999999999999,
t2,2026-02-10,2026-02-11 03:00:00,2026-02-11 09:00:00,27.0,0.19307801141484698,0.0,0.14218162835078804,0.6838131308147788,4.7592592592592595,3.9162069601506646,1.5666666666666667,
t2,2026-02-10,2026-02-11 04:00:00,2026-02-11 10:00:00,28.0,0.22465532880026792,0.0,0.13268585548100154,0.7951695981140129,4.8240740740740735,3.4552176207272907,3.5999999999999996,
t2,2026-02-10,2026-02-11 05:00:00,2026-02-11 11:00:00,29.0,0.3284370125690417,0.0,0.22961999841866218,1.0,6.527777777777778,3.4695545307683684,6.066666666666666,
t2,2026-02-10,2026-02-11 06:00:00,2026-02-11 12:00:00,30.0,0.4646294102756046,0.0,0.4145427849575379,1.0,8.481481481481481,4.934551067592992,7.966666666666666,
t2,2026-02-10,2026-02-11 07:00:00,2026-02-11 13:00:00,31.0,0.39822763330120725,0.0,0.366941300080166,1.0,9.25,7.523266380837319,9.066666666666668,
t2,2026-02-10,2026-02-11 08:00:00,2026-02-11 14:00:00,32.0,0.3548931745811387,0.0,0.2606451584417735,1.0,7.666666666666667,7.773609994441386,9.9,
t2,2026-02-10,2026-02-11 09:00:00,2026-02-11 15:00:00,33.0,0.3474302918781945,0.0,0.25803131906858895,1.0,5.842592592592593,5.953545300582715,9.566666666666666,
t2,2026-02-10,2026-02-11 10:00:00,2026-02-11 16:00:00,34.0,0.5865155419060731,0.0,0.49927379227251845,1.0,7.046296296296298,2.331072537900684,8.833333333333334,
t2,2026-02-10,2026-02-11 11:00:00,2026-02-11 17:00:00,35.0,0.6669411932840508,0.061223926532955386,0.6822332189020042,1.0,8.694444444444445,4.462117639323339,6.333333333333333,
t2,2026-02-10,2026-02-11 12:00:00,2026-02-11 18:00:00,36.0,0.8344172818878132,0.26086394585507167,0.8594645229390296,0.9821765155837553,10.972222222222223,5.087430043199066,4.5,
t2,2026-02-10,2026-02-11 13:00:00,2026-02-11 19:00:00,37.0,0.8533294801820626,0.41075997722984653,0.9042599466125516,0.9595657250057793,13.453703703703704,3.7930993765861762,3.2999999999999994,
t2,2026-02-10,2026-02-11 14:00:00,2026-02-11 20:00:00,38.0,0.8740878203671869,0.5321695577796448,0.922101911413616,0.9542306329732841,14.509259259259261,2.463049984538974,2.5666666666666664,
t2,2026-02-10,2026-02-11 15:00:00,2026-02-11 21:00:00,39.0,0.8004303957861099,0.4371226060304925,0.8783072363139073,0.9697485985671063,14.129629629629628,2.0196437570397903,1.9666666666666668,
t2,2026-02-10,2026-02-11 16:00:00,2026-02-11 22:00:00,40.0,0.7400497128447513,0.23751002100178187,0.8115818203094154,0.996813119557778,12.444444444444445,1.7801633300013462,1.6333333333333335,
t2,2026-02-10,2026-02-11 17:00:00,2026-02-11 23:00:00,41.0,0.6881353542643073,0.1696349667813749,0.7341064640086514,1.0,10.870370370370372,1.5677432602442125,1.5999999999999999,
t2,2026-02-10,2026-02-11 18:00:00,2026-02-12 00:00:00,42.0,0.6070455665948413,0.0,0.5784286227147765,1.0,8.527777777777779,1.4690742024641499,1.1,
t2,2026-02-10,2026-02-11 19:00:00,2026-02-12 01:00:00,43.0,0.6255703903263355,0.0,0.5906864675898762,1.0,8.685185185185185,1.881179802294207,1.1333333333333333,
t2,2026-02-10,2026-02-11 20:00:00,2026-02-12 02:00:00,44.0,0.5729806962025898,0.006961471319404278,0.5396737892671037,1.0,9.564814814814815,2.6254531256958935,1.0999999999999999,
t2,2026-02-10,2026-02-11 21:00:00,2026-02-12 03:00:00,45.0,0.5250503195159131,0.0,0.4418541267667201,1.0,9.120370370370372,2.4200699748411356,0.9666666666666667,
t2,2026-02-10,2026-02-11 22:00:00,2026-02-12 04:00:00,46.0,0.45899389981403155,0.0,0.39814717479516465,1.0,8.342592592592593,1.6235946756447235,0.9333333333333332,
t2,2026-02-10,2026-02-11 23:00:00,2026-02-12 05:00:00,47.0,0.45404895383343225,0.0,0.34658157420534236,1.0,7.296296296296297,0.04243125643477576,0.9,
t2,2026-02-10,2026-02-12 00:00:00,2026-02-12 06:00:00,48.0,0.3836614137368299,0.0,0.3817194132949794,1.0,8.61111111111111,1.1375330683024039,0.3,
t2,2026-02-10,2026-02-12 01:00:00,2026-02-12 07:00:00,49.0,0.2339414626016552,0.0,0.19691176907406538,0.9181600440170294,7.527777777777778,1.5562994253146036,0.13333333333333333,
t2,2026-02-10,2026-02-12 02:00:00,2026-02-12 08:00:00,50.0,0.1290316309548974,0.0,0.04880415168654639,0.7664904515820686,6.583333333333333,2.5410214724509497,0.10000000000000002,
t2,2026-02-10,2026-02-12 03:00:00,2026-02-12 09:00:00,51.0,0.103674080412135,0.0,0.0295858564377135,0.6355696154781887,5.527777777777779,2.872415639307493,-0.06666666666666668,
t2,2026-02-10,2026-02-12 04:00:00,2026-02-12 10:00:00,52.0,0.0777402947755157,0.0,0.011450914046274293,0.4892169877093403,4.5092592592592595,2.500360056376408,0.4000000000000001,
t2,2026-02-10,2026-02-12 05:00:00,2026-02-12 11:00:00,53.0,0.0520364935482141,0.0,0.0,0.3830393434179994,3.7314814814814814,2.9030546562971495,0.8666666666666667,
t2,2026-02-10,2026-02-12 06:00:00,2026-02-12 12:00:00,54.0,0.04284413269080492,0.0,0.0,0.24496190812651544,2.638888888888889,1.9932370223233595,1.7666666666666668,
t2,2026-02-10,2026-02-12 07:00:00,2026-02-12 13:00:00,55.0,0.04040898778253249,0.0,0.0,0.2510974073251389,2.6296296296296298,1.8860954289426055,2.1999999999999997,
t2,2026-02-10,2026-02-12 08:00:00,2026-02-12 14:00:00,56.0,0.04070223857178039,0.0,0.0,0.24798923714337381,2.564814814814815,1.6123877445214994,2.6999999999999997,
t2,2026-02-10,2026-02-12 09:00:00,2026-02-12 15:00:00,57.0,0.047017519151695025,0.0,0.0,0.2635460973796669,2.5740740740740744,0.913434255936187,2.8333333333333335,
t2,2026-02-10,2026-02-12 10:00:00,2026-02-12 16:00:00,58.0,0.10043753894325105,0.0,0.04386088957224081,0.42051254023380913,2.9537037037037037,0.8307057339761809,2.4,
t2,2026-02-10,2026-02-12 11:00:00,2026-02-12 17:00:00,59.0,0.14126310579142914,0.0,0.09305988386219709,0.5224456168967538,3.8888888888888893,1.5041095967423206,1.5999999999999999,
t2,2026-02-10,2026-02-12 12:00:00,2026-02-12 18:00:00,60.0,0.2012059035994408,0.0,0.12349837236995229,0.6549638408096822,5.037037037037037,1.905631139846393,0.5,
t2,2026-02-10,2026-02-12 13:00:00,2026-02-12 19:00:00,61.0,0.23110909141557232,0.0,0.15029365277339474,0.7473211707712506,5.4259259259259265,2.706635270145704,0.1666666666666667,
t2,2026-02-10,2026-02-12 14:00:00,2026-02-12 20:00:00,62.0,0.24258811772026054,0.0,0.15420007656980295,0.773201915294915,5.925925925925927,2.0946605645446326,-0.09999999999999998,
t2,2026-02-10,2026-02-12 15:00:00,2026-02-12 21:00:00,63.0,0.22700531917391467,0.0,0.14234275864209348,0.8175452085592115,6.361111111111111,1.4632852434517694,-0.2333333333333333,
t2,2026-02-10,2026-02-12 16:00:00,2026-02-12 22:00:00,64.0,0.20822250176807314,0.0,0.1402446154169091,0.8575019779124599,6.75,1.0485881160098263,-0.5333333333333333,
t2,2026-02-10,2026-02-12 17:00:00,2026-02-12 23:00:00,65.0,0.173499388428983,0.0,0.09787100236819127,0.8384044253242154,6.7407407407407405,2.03979190821186,-0.7666666666666666,
t2,2026-02-10,2026-02-12 18:00:00,2026-02-13 00:00:00,66.0,0.154354840267881,0.0,0.07314891704711787,0.7597596877912128,5.537037037037037,2.1581623222208055,-0.23333333333333336,
t2,2026-02-10,2026-02-12 19:00:00,2026-02-13 01:00:00,67.0,0.13109214384596748,0.0,0.05574609662012811,0.612924050335624,5.342592592592593,2.4520609455432454,-0.6666666666666666,
t2,2026-02-10,2026-02-12 20:00:00,2026-02-13 02:00:00,68.0,0.12125241232882797,0.0,0.02660598471339411,0.6042312273630718,4.601851851851852,2.858862834733232,-1.2999999999999998,
t2,2026-02-10,2026-02-12 21:00:00,2026-02-13 03:00:00,69.0,0.08172999856706896,0.0,0.0,0.4681603989621915,3.6944444444444446,2.7939805225688006,-1.5666666666666667,
t2,2026-02-10,2026-02-12 22:00:00,2026-02-13 04:00:00,70.0,0.07206210873934553,0.0,0.0,0.3858455418144433,3.157407407407407,2.084690915697521,-1.7666666666666666,
t2,2026-02-10,2026-02-12 23:00:00,2026-02-13 05:00:00,71.0,0.041661364749444124,0.0,0.0,0.27756083225440137,2.6666666666666665,2.0367003088692623,-1.9666666666666668,
t2,2026-02-11,2026-02-12 00:00:00,2026-02-12 06:00:00,24.0,0.12419689430417596,0.0,0.05751476387536396,0.5377712173914925,5.222222222222222,1.6459358852250605,0.4666666666666666,
t2,2026-02-11,2026-02-12 01:00:00,2026-02-12 07:00:00,25.0,0.07088309034576094,0.0,0.009311789906894189,0.42310479779387,4.833333333333333,1.8291197370171477,0.3333333333333333,
t2,2026-02-11,2026-02-12 02:00:00,2026-02-12 08:00:00,26.0,0.041091978301950896,0.0,0.001540428301830387,0.2872528662414796,3.925925925925926,1.4995712693198506,0.09999999999999998,
t2,2026-02-11,2026-02-12 03:00:00,2026-02-12 09:00:00,27.0,0.03789865157916965,0.0,0.0,0.2607383711122073,3.0,1.4784981535745847,0.13333333333333333,
t2,2026-02-11,2026-02-12 04:00:00,2026-02-12 10:00:00,28.0,0.04510921084431302,0.0,0.0,0.25067115231789144,1.6018518518518519,0.689612821532053,0.4666666666666666,
t2,2026-02-11,2026-02-12 05:00:00,2026-02-12 11:00:00,29.0,0.07453379438598443,0.0,0.015024447661807178,0.35835109595032255,1.0092592592592593,0.6985066375015665,1.0666666666666667,
t2,2026-02-11,2026-02-12 06:00:00,2026-02-12 12:00:00,30.0,0.14903396918011486,0.0,0.07575434264354237,0.706463450070844,3.9351851851851856,2.6455082671897943,2.8000000000000003,
t2,2026-02-11,2026-02-12 07:00:00,2026-02-12 13:00:00,31.0,0.1882660888187917,0.0,0.11884437414553853,0.8583357321244944,4.907407407407407,2.840993638846641,3.4333333333333336,
t2,2026-02-11,2026-02-12 08:00:00,2026-02-12 14:00:00,32.0,0.2127613127862805,0.0,0.1692963614630435,0.8831234084534864,5.361111111111112,2.7581249221925668,4.0,
t2,2026-02-11,2026-02-12 09:00:00,2026-02-12 15:00:00,33.0,0.23189691912703908,0.0,0.13013347184128177,0.9638381523770041,5.398148148148149,3.2804054125644124,4.366666666666666,
t2,2026-02-11,2026-02-12 10:00:00,2026-02-12 16:00:00,34.0,0.2226090442881597,0.0,0.13453980014834152,0.9614534690586484,5.037037037037037,3.8905089218226823,4.2,
t2,2026-02-11,2026-02-12 11:00:00,2026-02-12 17:00:00,35.0,0.2204940095289381,0.0,0.14465862328213,0.8480825951782455,5.87037037037037,2.3750135368901635,3.233333333333333,
t2,2026-02-11,2026-02-12 12:00:00,2026-02-12 18:00:00,36.0,0.2454631058306158,0.0,0.1830621803462791,0.7658679706776009,3.5740740740740744,1.764125822523857,2.1666666666666665,
t2,2026-02-11,2026-02-12 13:00:00,2026-02-12 19:00:00,37.0,0.19385879095343272,0.0,0.13405302194584093,0.7468954874640018,5.379629629629631,0.6551866507531294,0.6666666666666666,
t2,2026-02-11,2026-02-12 14:00:00,2026-02-12 20:00:00,38.0,0.17946315119175849,0.0,0.10667041067517372,0.8920354601001546,6.907407407407407,1.6078351112150666,0.10000000000000002,
t2,2026-02-11,2026-02-12 15:00:00,2026-02-12 21:00:00,39.0,0.16596525997289266,0.0,0.08539547266404311,0.8332418210020842,5.787037037037037,1.4866518573142693,0.10000000000000003,
t2,2026-02-11,2026-02-12 16:00:00,2026-02-12 22:00:00,40.0,0.12956554005769078,0.0,0.06706147791018095,0.6100194658368621,5.268518518518518,1.0338907297931745,-0.10000000000000002,
t2,2026-02-11,2026-02-12 17:00:00,2026-02-12 23:00:00,41.0,0.08868849749284455,0.0,0.012357775977294424,0.39674697168060374,4.592592592592593,0.8661738864951372,-0.09999999999999998,
t2,2026-02-11,2026-02-12 18:00:00,2026-02-13 00:00:00,42.0,0.038872936353982354,0.0,0.0,0.25802822350356913,2.657407407407408,0.4359724950738356,-0.5666666666666668,
t2,2026-02-11,2026-02-12 19:00:00,2026-02-13 01:00:00,43.0,0.041925114580205286,0.0,0.0,0.24012634713453293,1.9444444444444444,0.5321456683518896,-1.2,
t2,2026-02-11,2026-02-12 20:00:00,2026-02-13 02:00:00,44.0,0.034918208520532276,0.0,0.0,0.2356798609264579,1.3240740740740742,0.2782403555799393,-1.6333333333333335,
t2,2026-02-11,2026-02-12 21:00:00,2026-02-13 03:00:00,45.0,0.043266559996318774,0.0,0.0,0.2444832649299003,0.9166666666666666,0.2545875386086578,-1.9333333333333336,
t2,2026-02-11,2026-02-12 22:00:00,2026-02-13 04:00:00,46.0,0.03270096975560596,0.0,0.0,0.22780137315323915,1.4722222222222223,0.7822293244627069,-1.8333333333333333,
t2,2026-02-11,2026-02-12 23:00:00,2026-02-13 05:00:00,47.0,0.03155739410111277,0.0,0.0,0.2322830114651631,1.6111111111111114,1.1827593808913206,-1.7666666666666666,
t2,2026-02-11,2026-02-13 00:00:00,2026-02-13 06:00:00,48.0,0.032449311962076774,0.0,0.0,0.24131847170251863,2.388888888888889,1.3214166546962551,-1.6666666666666667,
t2,2026-02-11,2026-02-13 01:00:00,2026-02-13 07:00:00,49.0,0.03240444455247904,0.0,0.0,0.23010836292058956,2.2870370370370368,1.0338907297931748,-1.6666666666666667,
t2,2026-02-11,2026-02-13 02:00:00,2026-02-13 08:00:00,50.0,0.03925708531366423,0.0,0.0,0.2380691427571932,2.5462962962962963,0.6250514382125064,-1.6000000000000003,
t2,2026-02-11,2026-02-13 03:00:00,2026-02-13 09:00:00,51.0,0.0492124585183356,0.0,0.0,0.24889491588629872,2.7962962962962963,0.11226255234242752,-1.3666666666666665,
t2,2026-02-11,2026-02-13 04:00:00,2026-02-13 10:00:00,52.0,0.056366612274605044,0.0,0.0,0.3137762827121587,3.3333333333333335,0.847563683466242,-1.0999999999999999,
t2,2026-02-11,2026-02-13 05:00:00,2026-02-13 11:00:00,53.0,0.04617633219015385,0.0,0.0,0.3134821873861594,3.1944444444444446,1.6146990699259578,-0.7666666666666666,
t2,2026-02-11,2026-02-13 06:00:00,2026-02-13 12:00:00,54.0,0.04405691488485158,0.0,0.0,0.29215682267878906,2.6296296296296298,1.725877244584471,0.19999999999999996,
t2,2026-02-11,2026-02-13 07:00:00,2026-02-13 13:00:00,55.0,0.04405691488485158,0.0,0.0,0.279605384925857,2.2962962962962963,1.386201102994218,0.9333333333333332,
t2,2026-02-11,2026-02-13 08:00:00,2026-02-13 14:00:00,56.0,0.043674648369108365,0.0,0.0,0.2760062982888133,1.8240740740740742,1.549176736099139,1.6333333333333335,
t2,2026-02-11,2026-02-13 09:00:00,2026-02-13 15:00:00,57.0,0.04699556928053655,0.0,0.0,0.27823091265870786,1.287037037037037,1.236761169062326,2.0666666666666664,
t2,2026-02-11,2026-02-13 10:00:00,2026-02-13 16:00:00,58.0,0.046385895944549685,0.0,0.0,0.29795314099050413,1.1296296296296298,0.06990587440065506,2.1,
t2,2026-02-11,2026-02-13 11:00:00,2026-02-13 17:00:00,59.0,0.05415273390350814,0.0,0.0,0.29300812484971844,1.2314814814814816,1.028278156472357,1.7666666666666668,
t2,2026-02-11,2026-02-13 12:00:00,2026-02-13 18:00:00,60.0,0.08147366233316741,0.0,0.0,0.3654772898126631,1.6203703703703705,1.7225208821086646,0.6,
t2,2026-02-11,2026-02-13 13:00:00,2026-02-13 19:00:00,61.0,0.1338593737400926,0.0,0.03376872157252071,0.4355399648254434,2.3703703703703702,2.488605721325496,0.5,
t2,2026-02-11,2026-02-13 14:00:00,2026-02-13 20:00:00,62.0,0.19983665548833768,0.0,0.06860599799085157,0.7518047006744163,2.9722222222222228,3.5126534938563516,0.5666666666666668,
t2,2026-02-11,2026-02-13 15:00:00,2026-02-13 21:00:00,63.0,0.2907425379292802,0.0,0.16928185822154254,0.9537450851074583,3.657407407407407,4.341901548112064,0.7333333333333334,
t2,2026-02-11,2026-02-13 16:00:00,2026-02-13 22:00:00,64.0,0.3836287088401133,0.0,0.29629838700281624,1.0,5.111111111111111,4.065531869597882,0.7999999999999999,
t2,2026-02-11,2026-02-13 17:00:00,2026-02-13 23:00:00,65.0,0.5268948913736283,0.0,0.4537351999515872,1.0,7.0,3.27742465141138,0.9333333333333332,
t2,2026-02-11,2026-02-13 18:00:00,2026-02-14 00:00:00,66.0,0.637842154024794,0.0,0.6111619539623284,1.0,9.0,2.1061711208074856,0.6,
t2,2026-02-11,2026-02-13 19:00:00,2026-02-14 01:00:00,67.0,0.7065511999204361,0.06684032616183411,0.7556603417012796,1.0,9.972222222222223,1.5774745405000763,0.6,
t2,2026-02-11,2026-02-13 20:00:00,2026-02-14 02:00:00,68.0,0.7634966715739044,0.14585703655449256,0.8415184030290942,1.0,10.703703703703704,1.1667768907367013,0.5333333333333333,
t2,2026-02-11,2026-02-13 21:00:00,2026-02-14 03:00:00,69.0,0.8019276522254297,0.20985297459532049,0.8508997586471369,0.9984744287825263,10.898148148148147,1.3071306495448052,0.4000000000000001,
t2,2026-02-11,2026-02-13 22:00:00,2026-02-14 04:00:00,70.0,0.8010441428477368,0.2418599530258544,0.851663341197303,0.9989036383439411,11.037037037037038,1.1133080133145048,0.43333333333333335,
t2,2026-02-11,2026-02-13 23:00:00,2026-02-14 05:00:00,71.0,0.7340671496440672,0.19043301579310745,0.8100307731641629,1.0,10.583333333333334,1.4356032843802833,0.3666666666666667,
t2,2026-02-12,2026-02-13 00:00:00,2026-02-13 06:00:00,24.0,0.03178384832244982,0.0,0.0,0.19237220955410167,1.9814814814814816,0.918908593993563,-1.7,
t2,2026-02-12,2026-02-13 01:00:00,2026-02-13 07:00:00,25.0,0.031179548771863137,0.0,0.0,0.19417108541851444,1.972222222222222,1.8301740455587923,-1.5666666666666667,
t2,2026-02-12,2026-02-13 02:00:00,2026-02-13 08:00:00,26.0,0.041041032344446976,0.0,0.0,0.20626853296652684,2.055555555555556,2.0654790494468114,-1.5,
t2,2026-02-12,2026-02-13 03:00:00,2026-02-13 09:00:00,27.0,0.04196001100057613,0.0,0.0,0.1924454911491586,2.027777777777778,1.567415108851765,-1.3666666666666665,
t2,2026-02-12,2026-02-13 04:00:00,2026-02-13 10:00:00,28.0,0.03916898676973006,0.0,0.0,0.19725431760847087,2.1944444444444446,1.4863058024079718,-1.0,
t2,2026-02-12,2026-02-13 05:00:00,2026-02-13 11:00:00,29.0,0.061064447886623185,0.0,0.0,0.22861711688750613,2.8796296296296298,2.0582439876645333,-0.5,
t2,2026-02-12,2026-02-13 06:00:00,2026-02-13 12:00:00,30.0,0.05237229104642957,0.0,0.0,0.21924549484814917,2.361111111111111,1.6332293995654554,-0.3,
t2,2026-02-12,2026-02-13 07:00:00,2026-02-13 13:00:00,31.0,0.04591829971025095,0.0,0.0,0.20409015941862033,1.712962962962963,1.4514608789518137,-0.03333333333333336,
t2,2026-02-12,2026-02-13 08:00:00,2026-02-13 14:00:00,32.0,0.042379676345388834,0.0,0.0,0.18664284192833877,1.6759259259259258,0.7965654153334488,0.3666666666666667,
t2,2026-02-12,2026-02-13 09:00:00,2026-02-13 15:00:00,33.0,0.04373856697639954,0.0,0.0,0.18884139155276805,2.0,0.7043734629503315,0.5666666666666668,
t2,2026-02-12,2026-02-13 10:00:00,2026-02-13 16:00:00,34.0,0.04395968239354467,0.0,0.0,0.1908951609981243,1.6666666666666667,1.0833333333333335,0.6333333333333333,
t2,2026-02-12,2026-02-13 11:00:00,2026-02-13 17:00:00,35.0,0.06615135148441582,0.0,0.00444989641766879,0.21302008737423453,1.3333333333333333,1.103795360350307,0.5666666666666668,
t2,2026-02-12,2026-02-13 12:00:00,2026-02-13 18:00:00,36.0,0.09526323559648221,0.0,0.029346485423017446,0.2941793720794167,2.0925925925925926,0.8033174528423694,0.3,
t2,2026-02-12,2026-02-13 13:00:00,2026-02-13 19:00:00,37.0,0.21363671035682114,0.0,0.0724883414872082,0.5036183237810664,3.1203703703703702,1.4793677049957397,-0.09999999999999994,
t2,2026-02-12,2026-02-13 14:00:00,2026-02-13 20:00:00,38.0,0.28740067317845536,0.0,0.18077074603793203,0.6500152857592407,4.787037037037037,2.14992343628628,-0.4333333333333333,
t2,2026-02-12,2026-02-13 15:00:00,2026-02-13 21:00:00,39.0,0.4005512156377409,0.01279683389975439,0.33383458846046127,0.8847744635574464,6.666666666666667,1.8047006523089766,-0.3333333333333333,
t2,2026-02-12,2026-02-13 16:00:00,2026-02-13 22:00:00,40.0,0.5538955726196918,0.028452136938840966,0.5298390367864191,0.9970553335393892,7.935185185185186,2.141832990611262,-0.20000000000000004,
t2,2026-02-12,2026-02-13 17:00:00,2026-02-13 23:00:00,41.0,0.6564035371358513,0.11527511935949564,0.6096295861363127,0.9841092745233134,9.12962962962963,2.250057155195417,-0.09999999999999994,
t2,2026-02-12,2026-02-13 18:00:00,2026-02-14 00:00:00,42.0,0.7182749728814858,0.23367542811561504,0.762662540075412,0.9714544755702376,10.046296296296296,2.6049474138275013,-0.3,
t2,2026-02-12,2026-02-13 19:00:00,2026-02-14 01:00:00,43.0,0.773789201787156,0.30005356308275877,0.8075903599338434,0.9701696956909556,11.018518518518519,2.81150816987972,-0.1666666666666667,
t2,2026-02-12,2026-02-13 20:00:00,2026-02-14 02:00:00,44.0,0.8321752510979229,0.4165110650871819,0.8615469627737352,0.968033093462654,11.388888888888891,2.8667689473570874,-0.16666666666666666,
t2,2026-02-12,2026-02-13 21:00:00,2026-02-14 03:00:00,45.0,0.816916790754966,0.40470470725331686,0.8619014680360736,0.9736347317308864,10.953703703703704,2.4043962650064477,-0.16666666666666666,
t2,2026-02-12,2026-02-13 22:00:00,2026-02-14 04:00:00,46.0,0.7752188385990877,0.4270258788913907,0.830408323424522,0.9762969807458346,10.953703703703704,1.4445334730398287,-0.03333333333333335,
t2,2026-02-12,2026-02-13 23:00:00,2026-02-14 05:00:00,47.0,0.7238038088027059,0.30828136383615656,0.76431074472061,0.9849792540513955,10.564814814814815,1.2305064366085123,0.033333333333333354,
t2,2026-02-12,2026-02-14 00:00:00,2026-02-14 06:00:00,48.0,0.6557665357530128,0.1928434890503506,0.6585077563538757,0.9870465360599274,9.916666666666666,1.0610238474880151,0.3333333333333333,
t2,2026-02-12,2026-02-14 01:00:00,2026-02-14 07:00:00,49.0,0.4467102323614351,0.03363711747690268,0.421223890625211,0.9217683732214565,9.074074074074074,2.105316120462243,0.39999999999999997,
t2,2026-02-12,2026-02-14 02:00:00,2026-02-14 08:00:00,50.0,0.2762329528623365,0.0,0.18674850813100424,0.8019410375221141,7.648148148148148,3.126244608119179,0.26666666666666666,
t2,2026-02-12,2026-02-14 03:00:00,2026-02-14 09:00:00,51.0,0.2597607543528872,0.0,0.17905574001765961,0.7688745295562478,6.796296296296298,3.9661310458998997,0.8666666666666666,
t2,2026-02-12,2026-02-14 04:00:00,2026-02-14 10:00:00,52.0,0.2809256862513123,0.0,0.17343467237445925,0.8402367163603102,6.6759259259259265,4.518338262949801,2.0,
t2,2026-02-12,2026-02-14 05:00:00,2026-02-14 11:00:00,53.0,0.29247848789273556,0.0,0.20955200277506075,0.8653576702635934,6.851851851851852,4.347229617790419,3.233333333333333,
t2,2026-02-12,2026-02-14 06:00:00,2026-02-14 12:00:00,54.0,0.3188903920297675,0.0,0.2285408900954367,0.9077567513518658,7.4259259259259265,4.446382679217023,4.066666666666667,
t2,2026-02-12,2026-02-14 07:00:00,2026-02-14 13:00:00,55.0,0.31310402095020684,0.0,0.21186972740456794,0.9123107416632057,6.4907407407407405,5.193800712736426,5.066666666666666,
t2,2026-02-12,2026-02-14 08:00:00,2026-02-14 14:00:00,56.0,0.2795894895078064,0.0,0.2119602891913563,0.8768656291305521,6.898148148148148,4.003888285052039,5.5,
t2,2026-02-12,2026-02-14 09:00:00,2026-02-14 15:00:00,57.0,0.24267223536421217,0.0,0.17302564840385987,0.7871357513349284,6.5092592592592595,2.2500571551954165,5.366666666666667,
t2,2026-02-12,2026-02-14 10:00:00,2026-02-14 16:00:00,58.0,0.27432141355652584,0.0,0.18261091754800635,0.7908994339706343,5.388888888888889,4.516430908156146,5.066666666666666,
t2,2026-02-12,2026-02-14 11:00:00,2026-02-14 17:00:00,59.0,0.2796463254147811,0.0,0.21982879659911458,0.7892966548917361,6.981481481481482,1.2745530968570193,3.966666666666667,
t2,2026-02-12,2026-02-14 12:00:00,2026-02-14 18:00:00,60.0,0.38423417223879625,0.0,0.26975193393588937,0.8909582553225343,7.472222222222222,2.213350345762374,2.0,
t2,2026-02-12,2026-02-14 13:00:00,2026-02-14 19:00:00,61.0,0.2955159921585668,0.0,0.1767083188748479,0.8493188450067501,6.907407407407408,2.342135074631464,1.3333333333333333,
t2,2026-02-12,2026-02-14 14:00:00,2026-02-14 20:00:00,62.0,0.20515613019890072,0.0,0.11554005809485059,0.6747019289458143,5.648148148148149,2.3401575691734244,0.9666666666666667,
t2,2026-02-12,2026-02-14 15:00:00,2026-02-14 21:00:00,63.0,0.13914665275111932,0.0,0.06611194638074523,0.49705750301383145,3.5740740740740744,2.7444294496516446,0.9333333333333332,
t2,2026-02-12,2026-02-14 16:00:00,2026-02-14 22:00:00,64.0,0.12257626973985929,0.0,0.055264919620802,0.5239962777725474,4.657407407407407,2.417198749428496,0.7333333333333334,
t2,2026-02-12,2026-02-14 17:00:00,2026-02-14 23:00:00,65.0,0.09223289960546387,0.0,0.0315432485703193,0.4173882417908699,3.8981481481481484,2.1293679388330338,0.7666666666666666,
t2,2026-02-12,2026-02-14 18:00:00,2026-02-15 00:00:00,66.0,0.06823221881912764,0.0,0.005366158741121466,0.3234781761277984,3.7777777777777786,1.3768926368215255,0.7000000000000001,
t2,2026-02-12,2026-02-14 19:00:00,2026-02-15 01:00:00,67.0,0.058210217285278615,0.0,0.0,0.2653668023998381,2.7870370370370368,1.2681805443248666,0.6,
t2,2026-02-12,2026-02-14 20:00:00,2026-02-15 02:00:00,68.0,0.05637548458863492,0.0,0.0,0.2515409421081459,1.777777777777778,0.9887484294754272,0.2666666666666666,
t2,2026-02-12,2026-02-14 21:00:00,2026-02-15 03:00:00,69.0,0.05443323119103605,0.0,0.0,0.23308006022864242,1.3888888888888886,0.8347210667398177,-0.16666666666666666,
t2,2026-02-12,2026-02-14 22:00:00,2026-02-15 04:00:00,70.0,0.06458408092149298,0.0,0.0,0.25568703906917417,1.5277777777777777,0.43390275977259185,-0.4666666666666666,
t2,2026-02-12,2026-02-14 23:00:00,2026-02-15 05:00:00,71.0,0.06909910390802394,0.0,0.0008127056919022026,0.27717917021436494,2.111111111111111,1.7012613330869513,-0.5666666666666667,
t2,2026-02-13,2026-02-14 00:00:00,2026-02-14 06:00:00,24.0,0.30892056757455727,0.0,0.2668131121021505,0.8503843431058731,8.64814814814815,3.121304399167659,1.850371707708594e-17,
t2,2026-02-13,2026-02-14 01:00:00,2026-02-14 07:00:00,25.0,0.24129853438732693,0.0,0.18646706090887047,0.7596440832096104,8.055555555555555,2.622169255585587,-0.16666666666666666,
t2,2026-02-13,2026-02-14 02:00:00,2026-02-14 08:00:00,26.0,0.20391878424142704,0.0,0.11765391989270924,0.6851535382284444,7.50925925925926,1.848074851957089,-0.19999999999999998,
t2,2026-02-13,2026-02-14 03:00:00,2026-02-14 09:00:00,27.0,0.17115408013290556,0.0,0.09153736837524551,0.6439384026286143,7.018518518518519,1.865528202212721,0.6333333333333334,
t2,2026-02-13,2026-02-14 04:00:00,2026-02-14 10:00:00,28.0,0.12450633562801847,0.0,0.023950866176281026,0.6480181174577454,6.0555555555555545,2.597333628032533,1.866666666666667,
t2,2026-02-13,2026-02-14 05:00:00,2026-02-14 11:00:00,29.0,0.14528469283198533,0.0,0.04961192291763491,0.6009600834406301,5.046296296296296,4.131549545399467,2.766666666666667,
t2,2026-02-13,2026-02-14 06:00:00,2026-02-14 12:00:00,30.0,0.13880176172377723,0.0,0.04713093587190343,0.6578010488608129,6.120370370370371,3.266025699273164,2.7000000000000006,
t2,2026-02-13,2026-02-14 07:00:00,2026-02-14 13:00:00,31.0,0.08046905713031069,0.0,0.016776535953460202,0.49343080376508763,4.666666666666667,4.121233783860675,3.3666666666666667,
t2,2026-02-13,2026-02-14 08:00:00,2026-02-14 14:00:00,32.0,0.03639411865894871,0.0,0.0,0.3137175883452059,3.7870370370370368,2.987155286860549,4.033333333333334,
t2,2026-02-13,2026-02-14 09:00:00,2026-02-14 15:00:00,33.0,0.025503926080260773,0.0,0.0,0.23105832229195664,3.564814814814815,1.492091635443236,4.233333333333333,
t2,2026-02-13,2026-02-14 10:00:00,2026-02-14 16:00:00,34.0,0.03133616612157116,0.0,0.0,0.22589018059158716,3.490740740740741,1.8098950700549064,3.8000000000000003,
t2,2026-02-13,2026-02-14 11:00:00,2026-02-14 17:00:00,35.0,0.03221447554056387,0.0,0.0,0.21316347086599885,2.703703703703704,1.2488678000064715,3.0,
t2,2026-02-13,2026-02-14 12:00:00,2026-02-14 18:00:00,36.0,0.053004047043656875,0.0,0.0,0.25950742223844764,3.2222222222222228,1.1399046960379553,1.9666666666666666,
t2,2026-02-13,2026-02-14 13:00:00,2026-02-14 19:00:00,37.0,0.040511838923298564,0.0,0.0,0.2354324029477727,2.759259259259259,0.31590226128207377,0.8000000000000002,
t2,2026-02-13,2026-02-14 14:00:00,2026-02-14 20:00:00,38.0,0.0569734314852734,0.0,0.0,0.30452754767506646,2.425925925925926,1.348963174475321,0.2000000000000001,
t2,2026-02-13,2026-02-14 15:00:00,2026-02-14 21:00:00,39.0,0.058828258298207724,0.0,0.0,0.28674762450988356,2.657407407407408,1.6699812719188416,-0.13333333333333341,
t2,2026-02-13,2026-02-14 16:00:00,2026-02-14 22:00:00,40.0,0.056933496395641305,0.0,0.0,0.25992930782116935,2.7592592592592595,1.1403558754326408,-0.26666666666666666,
t2,2026-02-13,2026-02-14 17:00:00,2026-02-14 23:00:00,41.0,0.04798456583868473,0.0,0.0,0.2648358512726106,2.8240740740740744,0.7639309752716038,-0.2666666666666667,
t2,2026-02-13,2026-02-14 18:00:00,2026-02-15 00:00:00,42.0,0.03528629019846303,0.0,0.0,0.21401347941606524,4.0,1.7574796066814644,-0.43333333333333335,
t2,2026-02-13,2026-02-14 19:00:00,2026-02-15 01:00:00,43.0,0.021650585666043755,0.0,0.0,0.19282167128238512,3.111111111111111,1.5232255412061328,-0.6666666666666666,
t2,2026-02-13,2026-02-14 20:00:00,2026-02-15 02:00:00,44.0,0.017778686254837646,0.0,0.0,0.16766176560413468,2.2222222222222223,1.5398512835039109,-0.7000000000000001,
t2,2026-02-13,2026-02-14 21:00:00,2026-02-15 03:00:00,45.0,0.019121800974863316,0.0,0.0,0.16493699195031894,1.7962962962962965,1.5331555184068573,-0.7000000000000001,
t2,2026-02-13,2026-02-14 22:00:00,2026-02-15 04:00:00,46.0,0.024397590969269474,0.0,0.0,0.18768673397032776,2.75,2.6711478551734147,-0.6333333333333332,
t2,2026-02-13,2026-02-14 23:00:00,2026-02-15 05:00:00,47.0,0.04014672065335748,0.0,0.0,0.2745033012113961,2.972222222222222,2.9584311407931763,-1.1333333333333333,
t2,2026-02-13,2026-02-15 00:00:00,2026-02-15 06:00:00,48.0,0.13490899361765174,0.0,0.06261328417248072,0.45993726511825794,3.5833333333333335,1.8316490579816154,0.13333333333333336,
t2,2026-02-13,2026-02-15 01:00:00,2026-02-15 07:00:00,49.0,0.20127988943750558,0.0,0.11125497333935294,0.6412599396595552,4.740740740740741,2.138046972348147,0.1666666666666667,
t2,2026-02-13,2026-02-15 02:00:00,2026-02-15 08:00:00,50.0,0.2871437732914892,0.0,0.23539301730823095,0.9082123178050036,6.435185185185186,1.9183433353452075,0.7000000000000001,
t2,2026-02-13,2026-02-15 03:00:00,2026-02-15 09:00:00,51.0,0.4451427156238099,0.0,0.45159937467523276,0.9726718189512071,7.814814814814814,1.940935988199524,1.4000000000000001,
t2,2026-02-13,2026-02-15 04:00:00,2026-02-15 10:00:00,52.0,0.6261664855487141,0.07031600513023217,0.587801168528388,0.975179238302355,9.12037037037037,2.110075281944521,2.466666666666667,
t2,2026-02-13,2026-02-15 05:00:00,2026-02-15 11:00:00,53.0,0.7487072839742317,0.3089654817406515,0.8058449738025334,0.9426453218552676,10.453703703703704,1.8852770478964367,3.533333333333333,
t2,2026-02-13,2026-02-15 06:00:00,2026-02-15 12:00:00,54.0,0.8111421175998494,0.508851158747263,0.8644988752699773,0.938166189559767,11.342592592592593,1.2239045660635777,3.9666666666666663,
t2,2026-02-13,2026-02-15 07:00:00,2026-02-15 13:00:00,55.0,0.8568501797350755,0.5762132592828753,0.9028208936917154,0.9303328428605155,11.620370370370372,1.3923105998965744,4.933333333333333,
t2,2026-02-13,2026-02-15 08:00:00,2026-02-15 14:00:00,56.0,0.8636089285255463,0.6839913749073326,0.9153462384888967,0.928357183178042,11.777777777777777,1.2363451713482165,5.733333333333333,
t2,2026-02-13,2026-02-15 09:00:00,2026-02-15 15:00:00,57.0,0.8759265033255316,0.7159297556712998,0.9244341244441964,0.9280496370150358,11.712962962962962,1.2074017268668917,6.266666666666667,
t2,2026-02-13,2026-02-15 10:00:00,2026-02-15 16:00:00,58.0,0.8705591297121764,0.6995910593665151,0.9201170530406646,0.9300351188131036,11.462962962962964,1.0607814108694067,6.333333333333333,
t2,2026-02-13,2026-02-15 11:00:00,2026-02-15 17:00:00,59.0,0.8587341475684055,0.6692484192234859,0.8839315760134154,0.9350121441447926,11.268518518518519,0.9531192024042804,5.900000000000001,
t2,2026-02-13,2026-02-15 12:00:00,2026-02-15 18:00:00,60.0,0.839426026390845,0.602574300080535,0.8723158081335669,0.934567060248959,11.907407407407407,0.7858378663969912,5.0,
t2,2026-02-13,2026-02-15 13:00:00,2026-02-15 19:00:00,61.0,0.8453602309082547,0.5795487874659251,0.8845310331717735,0.9336221859651073,12.064814814814815,0.9429454334875265,4.066666666666666,
t2,2026-02-13,2026-02-15 14:00:00,2026-02-15 20:00:00,62.0,0.8531914066944499,0.5887582896622645,0.8926109134411988,0.9342222307728884,12.222222222222223,1.0289032876362294,3.5,
t2,2026-02-13,2026-02-15 15:00:00,2026-02-15 21:00:00,63.0,0.8345894622741364,0.5713480198322471,0.877791115022387,0.9356513741325806,12.25925925925926,1.0578678377471917,3.233333333333333,
t2,2026-02-13,2026-02-15 16:00:00,2026-02-15 22:00:00,64.0,0.8242423318163844,0.5524025597057011,0.8602570387216018,0.9378394019069438,12.046296296296296,1.1608098138232263,2.966666666666667,
t2,2026-02-13,2026-02-15 17:00:00,2026-02-15 23:00:00,65.0,0.804064105100422,0.5180018144604156,0.8570789514271739,0.9378615765824516,11.842592592592593,1.4170297283503988,2.9,
t2,2026-02-13,2026-02-15 18:00:00,2026-02-16 00:00:00,66.0,0.788209551635354,0.4831738227040878,0.8448815567736976,0.9406731430784872,11.074074074074076,0.7094671390552045,2.5,
t2,2026-02-13,2026-02-15 19:00:00,2026-02-16 01:00:00,67.0,0.7667959755847633,0.4287300529696505,0.8189746250947616,0.9446471231484073,10.981481481481481,0.8246460769708266,2.433333333333333,
t2,2026-02-13,2026-02-15 20:00:00,2026-02-16 02:00:00,68.0,0.7471948415486098,0.4076172014765374,0.8170462874662108,0.9496370931231657,10.870370370370372,0.7877991952372517,2.3333333333333335,
t2,2026-02-13,2026-02-15 21:00:00,2026-02-16 03:00:00,69.0,0.722024587817178,0.4045253651624159,0.7948172520359245,0.953735942483489,10.75,0.9477067838462213,2.2333333333333334,
t2,2026-02-13,2026-02-15 22:00:00,2026-02-16 04:00:00,70.0,0.6908219870198928,0.300462390926343,0.7255150993862106,0.964506654033342,10.5,1.5585289043450603,2.1333333333333333,
t2,2026-02-13,2026-02-15 23:00:00,2026-02-16 05:00:00,71.0,0.6126270835602106,0.1507036307125178,0.6322283253804121,0.9791955551557954,9.611111111111112,2.6011927463576594,2.2,
t2,2026-02-14,2026-02-15 00:00:00,2026-02-15 06:00:00,24.0,0.19672728744438533,0.0004979825113646807,0.10980446548002686,0.5992262089879848,4.37962962962963,2.200296930953216,-1.0999999999999999,
t2,2026-02-14,2026-02-15 01:00:00,2026-02-15 07:00:00,25.0,0.28055029662120873,0.0,0.1855133979536148,0.7626121353937412,6.277777777777779,2.300865376653202,-1.2,
t2,2026-02-14,2026-02-15 02:00:00,2026-02-15 08:00:00,26.0,0.3884011175929691,0.019545301243752866,0.2870569966921273,0.93769503873669,7.712962962962965,1.7612805152780016,-0.6999999999999998,
t2,2026-02-14,2026-02-15 03:00:00,2026-02-15 09:00:00,27.0,0.5326946492387693,0.11548298651810857,0.4888652739201582,1.0,8.675925925925926,1.4257154726850296,0.5,
t2,2026-02-14,2026-02-15 04:00:00,2026-02-15 10:00:00,28.0,0.71108845306836,0.28038646383063226,0.726299196111597,0.9958811312907241,10.046296296296296,1.4181183557030392,1.8666666666666665,
t2,2026-02-14,2026-02-15 05:00:00,2026-02-15 11:00:00,29.0,0.8565706801364087,0.5601539711220538,0.9072774937773411,0.9769005360555827,11.018518518518519,1.2745530968570196,3.033333333333333,
t2,2026-02-14,2026-02-15 06:00:00,2026-02-15 12:00:00,30.0,0.9023030244324797,0.7470461187727254,0.94083132365323,0.9785209922931466,12.444444444444445,0.8678055195451834,4.033333333333333,
t2,2026-02-14,2026-02-15 07:00:00,2026-02-15 13:00:00,31.0,0.9157381680444666,0.773965311218371,0.9571493045710127,0.9752004349311068,12.333333333333336,0.9145598685085746,5.166666666666667,
t2,2026-02-14,2026-02-15 08:00:00,2026-02-15 14:00:00,32.0,0.917310109185999,0.7558862452423434,0.9640516659192967,0.9735903482265266,12.00925925925926,1.0070482066589355,5.933333333333333,
t2,2026-02-14,2026-02-15 09:00:00,2026-02-15 15:00:00,33.0,0.9184380981583756,0.7597478801172104,0.9650684464101236,0.9738937386150394,11.787037037037038,1.0873619301217925,6.366666666666667,
t2,2026-02-14,2026-02-15 10:00:00,2026-02-15 16:00:00,34.0,0.8996869659785435,0.7340344942178094,0.923184874017762,0.9792264835862685,11.620370370370372,1.144408485591139,6.3,
t2,2026-02-14,2026-02-15 11:00:00,2026-02-15 17:00:00,35.0,0.8602387292424261,0.6611059632010585,0.8688784513966267,0.9861791864438973,11.555555555555557,1.1152699944380402,5.733333333333333,
t2,2026-02-14,2026-02-15 12:00:00,2026-02-15 18:00:00,36.0,0.8895185735223385,0.6452465572786692,0.9084287727706494,0.9812101867905667,11.527777777777779,1.055189995179032,4.666666666666667,
t2,2026-02-14,2026-02-15 13:00:00,2026-02-15 19:00:00,37.0,0.879237716998161,0.6158579836067279,0.9004043289204798,0.9823054662904822,11.694444444444445,1.114231728896199,3.9000000000000004,
t2,2026-02-14,2026-02-15 14:00:00,2026-02-15 20:00:00,38.0,0.8436386309557808,0.5928023898747588,0.8614312410980828,0.9874930665976289,11.75,0.9145598685085741,3.5333333333333337,
t2,2026-02-14,2026-02-15 15:00:00,2026-02-15 21:00:00,39.0,0.8083003795559455,0.5184632287266543,0.8470451900630035,0.984487784746603,11.75925925925926,0.8037975708966926,3.266666666666667,
t2,2026-02-14,2026-02-15 16:00:00,2026-02-15 22:00:00,40.0,0.7716396132486252,0.44162874448239736,0.8442190178639285,0.9851623981963415,11.351851851851853,0.7138042174891871,3.1,
t2,2026-02-14,2026-02-15 17:00:00,2026-02-15 23:00:00,41.0,0.6987075846368177,0.40638286630278825,0.7825619646594625,0.9829243501148999,10.842592592592593,1.054946217886838,3.0,
t2,2026-02-14,2026-02-15 18:00:00,2026-02-16 00:00:00,42.0,0.6666693338312037,0.3083442105671718,0.6518559508789273,0.9943644252648245,10.027777777777779,1.959662669384141,2.733333333333333,
t2,2026-02-14,2026-02-15 19:00:00,2026-02-16 01:00:00,43.0,0.6160061019036364,0.2027442806816674,0.6196010082586528,1.0,9.435185185185185,2.839091824304257,2.8000000000000003,
t2,2026-02-14,2026-02-15 20:00:00,2026-02-16 02:00:00,44.0,0.6496901518035066,0.22760567606166793,0.6445842999622052,0.9999713283337643,9.898148148148147,2.9218648563345857,2.766666666666667,
t2,2026-02-14,2026-02-15 21:00:00,2026-02-16 03:00:00,45.0,0.6690922914091756,0.2591312073712963,0.6710908881696956,1.0,10.277777777777777,3.0373193184081426,2.8000000000000003,
t2,2026-02-14,2026-02-15 22:00:00,2026-02-16 04:00:00,46.0,0.6844233554578626,0.24870765805188821,0.6737794320686968,1.0,10.064814814814815,2.7522904789753633,2.6999999999999997,
t2,2026-02-14,2026-02-15 23:00:00,2026-02-16 05:00:00,47.0,0.7685360197152868,0.39074287568257404,0.7727130912321539,0.9892848016307669,10.055555555555557,2.245881003410795,2.733333333333334,
t2,2026-02-14,2026-02-16 00:00:00,2026-02-16 06:00:00,48.0,0.6553545123132756,0.33356266887056923,0.6721183242837515,1.0,10.63888888888889,1.688057178248722,2.3666666666666667,
t2,2026-02-14,2026-02-16 01:00:00,2026-02-16 07:00:00,49.0,0.6320296750920592,0.26669952086589443,0.6265872565684402,1.0,9.833333333333334,2.3966282900136666,2.266666666666667,
t2,2026-02-14,2026-02-16 02:00:00,2026-02-16 08:00:00,50.0,0.6196918504518891,0.25408895723854125,0.6311889960985863,0.9998451688981819,9.888888888888888,2.2858934012712204,2.4,
t2,2026-02-14,2026-02-16 03:00:00,2026-02-16 09:00:00,51.0,0.5929979534481503,0.23207601172686965,0.6042442734627124,0.9940285196224679,9.925925925925926,2.6135233144600676,2.766666666666667,
t2,2026-02-14,2026-02-16 04:00:00,2026-02-16 10:00:00,52.0,0.7217277251885706,0.36310544577955184,0.7984026207498617,0.9890747517607292,10.212962962962962,0.8683980805698787,3.366666666666667,
t2,2026-02-14,2026-02-16 05:00:00,2026-02-16 11:00:00,53.0,0.703034862050751,0.3154074890399664,0.7736145847314498,0.9791416876889756,10.175925925925926,1.4224645337561987,3.9,
t2,2026-02-14,2026-02-16 06:00:00,2026-02-16 12:00:00,54.0,0.676432488302772,0.22835881416732579,0.6858941008821853,0.9724320296702018,9.5,0.4589642122738425,4.466666666666666,
t2,2026-02-14,2026-02-16 07:00:00,2026-02-16 13:00:00,55.0,0.6563814402727062,0.2422743578468119,0.6536178063934633,0.9666485894916234,9.111111111111112,0.30555555555555536,5.400000000000001,
t2,2026-02-14,2026-02-16 08:00:00,2026-02-16 14:00:00,56.0,0.651373758204905,0.32616479916942426,0.6369590503694944,0.9732190737172635,8.842592592592593,0.6587102374752745,6.733333333333333,
t2,2026-02-14,2026-02-16 09:00:00,2026-02-16 15:00:00,57.0,0.650719019611453,0.3475652879773596,0.6336799245630215,1.0,9.092592592592593,1.4835344571652895,7.566666666666666,
t2,2026-02-14,2026-02-16 10:00:00,2026-02-16 16:00:00,58.0,0.7315073919863871,0.4373640225998837,0.7319386053297124,0.9908792420015501,9.675925925925926,1.532148629822941,7.5,
t2,2026-02-14,2026-02-16 11:00:00,2026-02-16 17:00:00,59.0,0.8218030304599938,0.5398300196905951,0.827673110113783,0.9859786525630492,10.574074074074074,1.762375407848537,6.8,
t2,2026-02-14,2026-02-16 12:00:00,2026-02-16 18:00:00,60.0,0.8487276728153678,0.6280830761634488,0.8545601298396865,0.9849677262338061,11.314814814814815,1.298840096666183,5.333333333333333,
t2,2026-02-14,2026-02-16 13:00:00,2026-02-16 19:00:00,61.0,0.8492211669346023,0.5682612493098682,0.8582896497967526,0.9857202532802197,12.027777777777779,2.245881003410795,4.366666666666666,
t2,2026-02-14,2026-02-16 14:00:00,2026-02-16 20:00:00,62.0,0.8468088641323274,0.48145115380046233,0.8624751998193477,0.9871703703592843,11.953703703703704,2.788359474614201,3.9333333333333336,
t2,2026-02-14,2026-02-16 15:00:00,2026-02-16 21:00:00,63.0,0.8041852348192663,0.4318459053674151,0.8415580229633194,0.9878870110806526,11.75,2.677207177564886,3.6999999999999997,
t2,2026-02-14,2026-02-16 16:00:00,2026-02-16 22:00:00,64.0,0.8126447468214381,0.46744648026386604,0.8402854918970114,0.9896635404560467,11.722222222222221,2.5087808755412415,3.266666666666667,
t2,2026-02-14,2026-02-16 17:00:00,2026-02-16 23:00:00,65.0,0.8408154030094546,0.5585875047521809,0.8434045115227383,0.9882641851324145,11.75,2.0632364005233246,3.4666666666666663,
t2,2026-02-14,2026-02-16 18:00:00,2026-02-17 00:00:00,66.0,0.7758379030774718,0.4585289745975468,0.784704634227465,0.9945080358523598,11.250000000000002,1.7605502086100917,3.3000000000000003,
t2,2026-02-14,2026-02-16 19:00:00,2026-02-17 01:00:00,67.0,0.7649160694908164,0.4530439619432584,0.7885518476837775,0.9957012425419702,11.49074074074074,1.6796561719492105,3.1999999999999997,
t2,2026-02-14,2026-02-16 20:00:00,2026-02-17 02:00:00,68.0,0.7536129050720896,0.4169491319967024,0.787019865253206,0.9940061049235829,11.398148148148147,1.5865788698605774,3.033333333333333,
t2,2026-02-14,2026-02-16 21:00:00,2026-02-17 03:00:00,69.0,0.7432359496697823,0.43651906598058127,0.770737322159384,0.9918622594092594,11.018518518518519,1.0279028952872535,3.266666666666667,
t2,2026-02-14,2026-02-16 22:00:00,2026-02-17 04:00:00,70.0,0.7241102862013609,0.3815264600087983,0.7391070206171114,0.9961532021580543,10.972222222222221,1.2143051663552447,3.133333333333333,
t2,2026-02-14,2026-02-16 23:00:00,2026-02-17 05:00:00,71.0,0.7163376851343969,0.37782020447917436,0.7299107129694434,0.9959540256162114,10.314814814814815,1.0585969828109574,3.4333333333333336,
t2,2026-02-15,2026-02-16 00:00:00,2026-02-16 06:00:00,24.0,0.7846490155434327,0.5083639939994558,0.8249412884140276,0.9584932732382825,10.342592592592593,1.1818892248927972,2.766666666666667,
t2,2026-02-15,2026-02-16 01:00:00,2026-02-16 07:00:00,25.0,0.7408135314552794,0.44295642937622254,0.7905427736348426,0.9570958381300818,10.398148148148149,1.0184764301068174,2.966666666666667,
t2,2026-02-15,2026-02-16 02:00:00,2026-02-16 08:00:00,26.0,0.6379533583931918,0.36880724213762067,0.7337043957370755,0.9324039422369325,9.842592592592593,0.27404904790645884,2.9333333333333336,
t2,2026-02-15,2026-02-16 03:00:00,2026-02-16 09:00:00,27.0,0.5789288656897339,0.3101522704330208,0.6359851599908741,0.9227518182067452,9.416666666666666,0.5357583756107198,3.4333333333333336,
t2,2026-02-15,2026-02-16 04:00:00,2026-02-16 10:00:00,28.0,0.5964932708559806,0.31612139306312453,0.6353912630699726,0.9306127373934703,9.333333333333334,0.6364688465216445,4.1,
t2,2026-02-15,2026-02-16 05:00:00,2026-02-16 11:00:00,29.0,0.669912681290944,0.35656747610008316,0.726032705329425,0.9361318842290343,9.583333333333334,0.712000312109794,4.933333333333334,
t2,2026-02-15,2026-02-16 06:00:00,2026-02-16 12:00:00,30.0,0.7810349738334831,0.4761663603873158,0.8628030861310124,0.9516256383638048,10.14814814814815,0.4781759753213093,5.966666666666666,
t2,2026-02-15,2026-02-16 07:00:00,2026-02-16 13:00:00,31.0,0.7927657337935237,0.49267279330962616,0.8908813209611285,0.9517532465123321,9.888888888888888,0.5189317136741505,6.666666666666667,
t2,2026-02-15,2026-02-16 08:00:00,2026-02-16 14:00:00,32.0,0.8038157719895465,0.5025713340140971,0.8814150975147729,0.9470879650676396,9.898148148148149,0.6408986103952665,7.333333333333333,
t2,2026-02-15,2026-02-16 09:00:00,2026-02-16 15:00:00,33.0,0.7921066327544843,0.4989594883254945,0.8578714405695985,0.9517768099391017,9.898148148148149,0.8855550908498238,7.733333333333334,
t2,2026-02-15,2026-02-16 10:00:00,2026-02-16 16:00:00,34.0,0.7469186225752886,0.4212867791772429,0.8116029745993639,0.9530257822573345,9.851851851851853,0.9786822416091705,7.6000000000000005,
t2,2026-02-15,2026-02-16 11:00:00,2026-02-16 17:00:00,35.0,0.7192767926416362,0.3732189518373228,0.7330017874325526,0.9477506126475732,10.055555555555557,1.34829567772351,6.966666666666668,
t2,2026-02-15,2026-02-16 12:00:00,2026-02-16 18:00:00,36.0,0.6737111598575618,0.3746530671717563,0.7213244899311492,0.9386158509088007,9.500000000000002,0.8036375634160796,6.099999999999999,
t2,2026-02-15,2026-02-16 13:00:00,2026-02-16 19:00:00,37.0,0.6767387368789488,0.3551479259469052,0.7043426951768569,0.9506378494717989,9.768518518518519,1.167438016613192,5.366666666666666,
t2,2026-02-15,2026-02-16 14:00:00,2026-02-16 20:00:00,38.0,0.6955629528398654,0.41263970960148505,0.7475120835477641,0.9487377170255002,10.148148148148147,1.886913455045375,4.9,
t2,2026-02-15,2026-02-16 15:00:00,2026-02-16 21:00:00,39.0,0.712028563446328,0.41074545251120526,0.7458494177759433,0.9524325460614889,10.324074074074074,1.9660178883846813,4.6000000000000005,
t2,2026-02-15,2026-02-16 16:00:00,2026-02-16 22:00:00,40.0,0.7124557019429291,0.43018465989710264,0.7308560399125429,0.9516170411085169,10.185185185185185,1.9068454763776463,4.3,
t2,2026-02-15,2026-02-16 17:00:00,2026-02-16 23:00:00,41.0,0.7042382100422819,0.4301512920007761,0.7171518713559643,0.9488354951360216,10.435185185185185,2.1855186500113253,4.166666666666667,
t2,2026-02-15,2026-02-16 18:00:00,2026-02-17 00:00:00,42.0,0.6565476029567245,0.35833778912700315,0.6721690684499163,0.9422535873009705,10.722222222222223,3.1111111111111116,4.133333333333334,
t2,2026-02-15,2026-02-16 19:00:00,2026-02-17 01:00:00,43.0,0.6455096156748429,0.37203413327680174,0.7045584384797708,0.9515627339138505,10.833333333333334,2.920368021793837,3.9333333333333336,
t2,2026-02-15,2026-02-16 20:00:00,2026-02-17 02:00:00,44.0,0.6399710441657271,0.3467475790041879,0.6727634582309808,0.9508246021543296,10.925925925925926,2.5428933489948293,3.7999999999999994,
t2,2026-02-15,2026-02-16 21:00:00,2026-02-17 03:00:00,45.0,0.6244968737938305,0.27286429061080864,0.6391138024997166,0.9412648589004993,10.49074074074074,1.836347130009194,3.7000000000000006,
t2,2026-02-15,2026-02-16 22:00:00,2026-02-17 04:00:00,46.0,0.5357395355950426,0.16248678112788528,0.4704378779285676,0.9030922922264382,9.814814814814815,1.6325993563750463,3.533333333333333,
t2,2026-02-15,2026-02-16 23:00:00,2026-02-17 05:00:00,47.0,0.3637618411272703,0.0851478565714052,0.26049604197206194,0.8127439268907026,8.814814814814815,1.571675732793981,3.533333333333333,
t2,2026-02-15,2026-02-17 00:00:00,2026-02-17 06:00:00,48.0,0.2635009020885299,0.025762821460456636,0.16948974955676469,0.6802793773488548,7.203703703703705,2.7940265500062664,3.6,
t2,2026-02-15,2026-02-17 01:00:00,2026-02-17 07:00:00,49.0,0.20551409664302836,0.0204554564767694,0.10391137221706158,0.5787021721969354,6.314814814814814,2.5086783528761316,3.2000000000000006,
t2,2026-02-15,2026-02-17 02:00:00,2026-02-17 08:00:00,50.0,0.20208578564938218,0.022879542576853096,0.10755920729320136,0.5607075577211338,5.861111111111112,2.0485993408324767,2.8666666666666667,
t2,2026-02-15,2026-02-17 03:00:00,2026-02-17 09:00:00,51.0,0.18402860612454142,0.014615295379371895,0.10233096757895205,0.49608009658776947,5.638888888888888,1.752643506038595,3.133333333333333,
t2,2026-02-15,2026-02-17 04:00:00,2026-02-17 10:00:00,52.0,0.20111348987015745,0.019626363295901714,0.09714760840778044,0.5413381819260547,5.416666666666667,1.044163673845139,3.7999999999999994,
t2,2026-02-15,2026-02-17 05:00:00,2026-02-17 11:00:00,53.0,0.2648071067982615,0.024175980185189405,0.14404817771078865,0.6245205280551369,5.851851851851852,1.1112268458243162,4.666666666666667,
t2,2026-02-15,2026-02-17 06:00:00,2026-02-17 12:00:00,54.0,0.3568218379877699,0.036695928533525934,0.257424491345424,0.7375352150685731,6.583333333333333,1.0095989914103471,7.1000000000000005,
t2,2026-02-15,2026-02-17 07:00:00,2026-02-17 13:00:00,55.0,0.4148945004533227,0.0567980002429605,0.3207854372505959,0.7699147894993845,6.851851851851852,1.194875030054842,7.766666666666666,
t2,2026-02-15,2026-02-17 08:00:00,2026-02-17 14:00:00,56.0,0.45994540561724284,0.06694815077168631,0.3830236044270895,0.7966118318235729,7.027777777777779,1.3184938095895347,8.4,
t2,2026-02-15,2026-02-17 09:00:00,2026-02-17 15:00:00,57.0,0.4704864895735421,0.07847689819008835,0.4610305370894821,0.8217158541029204,7.268518518518519,1.2326992030105646,8.666666666666666,
t2,2026-02-15,2026-02-17 10:00:00,2026-02-17 16:00:00,58.0,0.5096656061305956,0.10128269045338317,0.5215677799325107,0.8381187312996912,7.4907407407407405,1.1945521053977879,8.666666666666666,
t2,2026-02-15,2026-02-17 11:00:00,2026-02-17 17:00:00,59.0,0.5508637456166298,0.11333990706271341,0.5817015400234449,0.882552501351133,7.796296296296297,1.3197611705627277,8.366666666666667,
t2,2026-02-15,2026-02-17 12:00:00,2026-02-17 18:00:00,60.0,0.5806625411059085,0.15412868642926764,0.569636648365985,0.9192534891942664,8.481481481481481,1.4211077809592352,7.166666666666667,
t2,2026-02-15,2026-02-17 13:00:00,2026-02-17 19:00:00,61.0,0.6136386115277478,0.22936917746519786,0.6321170505577315,0.9422146633740185,9.222222222222223,1.3768926368215255,6.433333333333333,
t2,2026-02-15,2026-02-17 14:00:00,2026-02-17 20:00:00,62.0,0.7302083247295351,0.3898701848115319,0.7221951735218515,0.9521921337691961,10.0,1.4095682729294743,5.900000000000001,
t2,2026-02-15,2026-02-17 15:00:00,2026-02-17 21:00:00,63.0,0.7515940069876634,0.47022097661111983,0.7812011686040008,0.9584131293900767,10.75925925925926,1.392864679881324,5.533333333333334,
t2,2026-02-15,2026-02-17 16:00:00,2026-02-17 22:00:00,64.0,0.7278332790216085,0.49753834724767326,0.772602021138389,0.9584775753681761,11.287037037037038,1.547681792243208,5.266666666666667,
t2,2026-02-15,2026-02-17 17:00:00,2026-02-17 23:00:00,65.0,0.7483559197231694,0.48257221920548055,0.7799742029323795,0.9576475166365999,11.537037037037038,1.716238110236691,4.666666666666667,
t2,2026-02-15,2026-02-17 18:00:00,2026-02-18 00:00:00,66.0,0.7621524591304726,0.48945535009279695,0.8149447208427054,0.960923422072554,11.472222222222223,2.1657761702800893,4.066666666666666,
t2,2026-02-15,2026-02-17 19:00:00,2026-02-18 01:00:00,67.0,0.7888074011532634,0.49667944799696745,0.824953431780905,0.96161568985949,11.5,2.0485993408324776,3.6666666666666665,
t2,2026-02-15,2026-02-17 20:00:00,2026-02-18 02:00:00,68.0,0.7780576058507731,0.4930190813438131,0.829513357036812,0.962648258120186,11.666666666666666,1.8055555555555556,3.3333333333333335,
t2,2026-02-15,2026-02-17 21:00:00,2026-02-18 03:00:00,69.0,0.7887627435930569,0.5555120333370145,0.8542392304016824,0.9653637131652524,12.037037037037038,1.3089003646607527,3.1999999999999997,
t2,2026-02-15,2026-02-17 22:00:00,2026-02-18 04:00:00,70.0,0.7949877265172176,0.5477745177638275,0.8634746209106267,0.9658656110853913,11.916666666666666,0.9464847243000456,3.033333333333333,
t2,2026-02-15,2026-02-17 23:00:00,2026-02-18 05:00:00,71.0,0.8517506396005106,0.645895260935363,0.876885910897812,0.9679320878128324,12.101851851851853,0.8829372510549167,2.8333333333333335,
t2,2026-02-16,2026-02-17 00:00:00,2026-02-17 06:00:00,24.0,0.33473287333503216,0.032616179363732595,0.23579092364738347,0.7962911886287285,7.787037037037038,1.367144601766733,3.3666666666666667,
t2,2026-02-16,2026-02-17 01:00:00,2026-02-17 07:00:00,25.0,0.3107983518330865,0.03719156005519941,0.19688145816870975,0.7032522938252361,7.2592592592592595,1.2239045660635777,3.3000000000000003,
t2,2026-02-16,2026-02-17 02:00:00,2026-02-17 08:00:00,26.0,0.2517183820919852,0.03346599249084822,0.1671064235503427,0.6085502905005602,6.6944444444444455,1.227576655221353,3.4000000000000004,
t2,2026-02-16,2026-02-17 03:00:00,2026-02-17 09:00:00,27.0,0.1771697603269414,0.014101494097156372,0.08299053048695504,0.5213085545823515,6.194444444444444,1.6146990699259582,3.733333333333334,
t2,2026-02-16,2026-02-17 04:00:00,2026-02-17 10:00:00,28.0,0.1818425843133711,0.01405296279302011,0.08201410438512835,0.5480213732646654,5.851851851851852,2.3134625679915253,4.166666666666667,
t2,2026-02-16,2026-02-17 05:00:00,2026-02-17 11:00:00,29.0,0.1620130248315732,0.014342074858134199,0.10347587784670366,0.48408550881804874,5.453703703703703,2.3772866401734825,4.733333333333333,
t2,2026-02-16,2026-02-17 06:00:00,2026-02-17 12:00:00,30.0,0.1843734014224205,0.01663181123522023,0.12054868408494193,0.4677888925450412,4.787037037037037,2.9523391716335947,6.3,
t2,2026-02-16,2026-02-17 07:00:00,2026-02-17 13:00:00,31.0,0.18776739989323435,0.01775888898357092,0.15529052408239966,0.5218956311164809,4.6759259259259265,2.485813659010889,7.0,
t2,2026-02-16,2026-02-17 08:00:00,2026-02-17 14:00:00,32.0,0.23386946157503222,0.019145875151983016,0.17831526340472015,0.5829032090437185,5.268518518518518,2.6244242950899603,7.400000000000001,
t2,2026-02-16,2026-02-17 09:00:00,2026-02-17 15:00:00,33.0,0.3074653929732138,0.03540822369798058,0.23236605774728475,0.7031522831164834,5.7407407407407405,2.8974676754091933,7.966666666666666,
t2,2026-02-16,2026-02-17 10:00:00,2026-02-17 16:00:00,34.0,0.41009449455288344,0.05720371667097579,0.29316511710509047,0.8169512988235639,6.277777777777779,3.25616698846821,8.266666666666666,
t2,2026-02-16,2026-02-17 11:00:00,2026-02-17 17:00:00,35.0,0.5675470943442786,0.08186130650823459,0.4599831747831794,0.9182842228809056,6.916666666666667,3.6162356800721875,8.166666666666666,
t2,2026-02-16,2026-02-17 12:00:00,2026-02-17 18:00:00,36.0,0.6762765383479876,0.12387443265053533,0.6253072682686709,0.9765174218184969,8.537037037037036,1.9068454763776461,7.533333333333334,
t2,2026-02-16,2026-02-17 13:00:00,2026-02-17 19:00:00,37.0,0.7036109167442165,0.18950102057434892,0.6908436620753485,0.9714127080522632,9.36111111111111,2.677207177564885,6.599999999999999,
t2,2026-02-16,2026-02-17 14:00:00,2026-02-17 20:00:00,38.0,0.7648465006198738,0.30353288367486214,0.771991841856742,0.9724346055969268,10.055555555555557,3.4123730926522082,5.733333333333333,
t2,2026-02-16,2026-02-17 15:00:00,2026-02-17 21:00:00,39.0,0.7360918694209811,0.31332272756342894,0.7594888291327944,0.9687764763599815,10.712962962962962,3.54874927251517,5.266666666666667,
t2,2026-02-16,2026-02-17 16:00:00,2026-02-17 22:00:00,40.0,0.7302087423119668,0.39501283056973274,0.7654115669919461,0.9665589652588557,11.14814814814815,3.516970907206927,4.766666666666667,
t2,2026-02-16,2026-02-17 17:00:00,2026-02-17 23:00:00,41.0,0.7301354930196305,0.3872944338150727,0.7505759283064755,0.9662863961563692,10.879629629629632,2.984700355813255,4.566666666666667,
t2,2026-02-16,2026-02-17 18:00:00,2026-02-18 00:00:00,42.0,0.7942968425666046,0.47735250273537666,0.8160122741816351,0.9688873599583995,11.203703703703704,2.1228353777795075,4.033333333333333,
t2,2026-02-16,2026-02-17 19:00:00,2026-02-18 01:00:00,43.0,0.8269825483688226,0.5356892791062109,0.8602475565393385,0.9673908055945354,11.685185185185185,1.260246073038537,3.933333333333333,
t2,2026-02-16,2026-02-17 20:00:00,2026-02-18 02:00:00,44.0,0.7973146146317545,0.5313024305033687,0.8411675224060541,0.9691284186431974,11.416666666666666,1.0974859036188007,3.6999999999999997,
t2,2026-02-16,2026-02-17 21:00:00,2026-02-18 03:00:00,45.0,0.7713444102426619,0.5149006325829386,0.8197165369915433,0.9675024561443513,11.435185185185185,1.2793870703271009,3.5666666666666664,
t2,2026-02-16,2026-02-17 22:00:00,2026-02-18 04:00:00,46.0,0.8206191297182385,0.5525674581314715,0.8425005174715101,0.9684563016037695,11.333333333333334,1.1121522899537561,3.366666666666667,
t2,2026-02-16,2026-02-17 23:00:00,2026-02-18 05:00:00,47.0,0.8225955534527909,0.5815363616484448,0.8677061887814616,0.9693647558726481,11.24074074074074,0.5169453648965878,3.233333333333333,
t2,2026-02-16,2026-02-18 00:00:00,2026-02-18 06:00:00,48.0,0.8249380753760024,0.597504480877648,0.8767473067124043,0.9699472588265635,12.083333333333334,0.8475636834662423,2.6,
t2,2026-02-16,2026-02-18 01:00:00,2026-02-18 07:00:00,49.0,0.8272990889771669,0.5917374820050111,0.8965043621472264,0.9692633163362858,12.083333333333334,0.53214566835189,2.766666666666667,
t2,2026-02-16,2026-02-18 02:00:00,2026-02-18 08:00:00,50.0,0.840966634996107,0.5794521007553843,0.9168092650042423,0.9724134320603923,12.203703703703704,1.029777833724962,2.733333333333333,
t2,2026-02-16,2026-02-18 03:00:00,2026-02-18 09:00:00,51.0,0.912295741458086,0.7378340053412312,0.9554129395095291,0.9733467029082813,12.324074074074076,0.3072344448710556,4.066666666666666,
t2,2026-02-16,2026-02-18 04:00:00,2026-02-18 10:00:00,52.0,0.9318584100524807,0.8107821604625883,0.9626845643044728,0.9727881403924808,12.75925925925926,0.6176002276167517,6.033333333333334,
t2,2026-02-16,2026-02-18 05:00:00,2026-02-18 11:00:00,53.0,0.9370162458154554,0.8154034263075627,0.9657427597408856,0.9720323614116776,12.462962962962964,1.0230119735088081,8.4,
t2,2026-02-16,2026-02-18 06:00:00,2026-02-18 12:00:00,54.0,0.9367906985767191,0.81428828717141,0.9661184645662203,0.9721954724052683,12.75925925925926,1.0527496820251792,10.566666666666668,
t2,2026-02-16,2026-02-18 07:00:00,2026-02-18 13:00:00,55.0,0.9346302641061263,0.8296325024483306,0.9667482152394563,0.9724236561622863,13.037037037037038,0.9230975319531206,11.833333333333334,
t2,2026-02-16,2026-02-18 08:00:00,2026-02-18 14:00:00,56.0,0.9415353304813255,0.8649381597235489,0.9664064006774629,0.9723744170605827,13.203703703703704,0.7105538904796175,12.766666666666666,
t2,2026-02-16,2026-02-18 09:00:00,2026-02-18 15:00:00,57.0,0.9418826115455377,0.8678200857194025,0.9657773389541083,0.9720577438793399,12.935185185185185,0.6194714327288043,13.1,
t2,2026-02-16,2026-02-18 10:00:00,2026-02-18 16:00:00,58.0,0.9328330588833458,0.7968699305407217,0.9590701717837583,0.9710434336745767,12.388888888888891,1.1183790077331885,13.0,
t2,2026-02-16,2026-02-18 11:00:00,2026-02-18 17:00:00,59.0,0.9138938731410914,0.7551761972931408,0.9440080869006737,0.9702675714100414,12.00925925925926,1.506757754266144,12.333333333333334,
t2,2026-02-16,2026-02-18 12:00:00,2026-02-18 18:00:00,60.0,0.857933619992087,0.6409063742535807,0.8914382696375176,0.9677457270636042,11.953703703703702,1.7700206922600663,10.966666666666667,
t2,2026-02-16,2026-02-18 13:00:00,2026-02-18 19:00:00,61.0,0.8424902065120407,0.5603938561844556,0.8844365049352063,0.97040130328927,11.185185185185185,0.7501714481677442,9.566666666666666,
t2,2026-02-16,2026-02-18 14:00:00,2026-02-18 20:00:00,62.0,0.7342460211721886,0.45675755202676954,0.7740773162292376,0.9657960987246847,10.814814814814817,1.3948022264926336,8.533333333333333,
t2,2026-02-16,2026-02-18 15:00:00,2026-02-18 21:00:00,63.0,0.7366259994287105,0.4242515581226703,0.7710727780344477,0.9652984623480599,10.481481481481483,1.5139101255731,7.733333333333333,
t2,2026-02-16,2026-02-18 16:00:00,2026-02-18 22:00:00,64.0,0.7216416441080796,0.39675593267717985,0.7558674665225322,0.9586789770765698,10.333333333333334,1.8081178400360944,7.166666666666667,
t2,2026-02-16,2026-02-18 17:00:00,2026-02-18 23:00:00,65.0,0.721134643022545,0.42163581880430673,0.7716219728807212,0.9526518639994259,10.425925925925926,1.5217896114112415,6.7,
t2,2026-02-16,2026-02-18 18:00:00,2026-02-19 00:00:00,66.0,0.7284676338944467,0.42966302633923437,0.7778523646637376,0.9638668166610131,10.620370370370372,1.4594131804515547,6.533333333333332,
t2,2026-02-16,2026-02-18 19:00:00,2026-02-19 01:00:00,67.0,0.7239720899456793,0.4245266656949985,0.7820893533449449,0.9595944171370698,10.787037037037038,1.7981328908076055,6.099999999999999,
t2,2026-02-16,2026-02-18 20:00:00,2026-02-19 02:00:00,68.0,0.722202231976828,0.4207488214612127,0.7778797019511625,0.9591077927292455,10.962962962962964,1.7735047025709159,5.566666666666666,
t2,2026-02-16,2026-02-18 21:00:00,2026-02-19 03:00:00,69.0,0.7162798757985551,0.4171690969186559,0.7630991058192269,0.9638733230486289,10.851851851851853,1.5556382253164922,5.266666666666667,
t2,2026-02-16,2026-02-18 22:00:00,2026-02-19 04:00:00,70.0,0.7003594334055203,0.4130573206121805,0.7181269403168018,0.9568064738222708,10.916666666666666,2.1806882479088805,5.1000000000000005,
t2,2026-02-16,2026-02-18 23:00:00,2026-02-19 05:00:00,71.0,0.6581790553463231,0.38686644039660534,0.6781853970266212,0.9449193437017704,10.5,1.9592688860647054,5.133333333333334,
t2,2026-02-17,2026-02-18 00:00:00,2026-02-18 06:00:00,24.0,0.8327058561383853,0.6034243537701267,0.9069002482862412,0.9716574907057085,11.814814814814815,0.6176002276167517,3.4333333333333336,
t2,2026-02-17,2026-02-18 01:00:00,2026-02-18 07:00:00,25.0,0.8679365403916406,0.6781485714369141,0.9076497647203452,0.9725506669992723,12.638888888888888,0.8875858504816921,3.4333333333333336,
t2,2026-02-17,2026-02-18 02:00:00,2026-02-18 08:00:00,26.0,0.8992750750759023,0.7773979159716777,0.9391603274909583,0.9743923529826052,13.00925925925926,1.1112268458243157,3.4333333333333336,
t2,2026-02-17,2026-02-18 03:00:00,2026-02-18 09:00:00,27.0,0.9156265473260168,0.7878605095445222,0.9546017948817245,0.9742044783958573,12.953703703703704,0.7061968505803086,4.3999999999999995,
t2,2026-02-17,2026-02-18 04:00:00,2026-02-18 10:00:00,28.0,0.9207751435242187,0.8053789113823903,0.9657306173272517,0.9728986805573405,12.962962962962962,0.5835537502440268,6.400000000000001,
t2,2026-02-17,2026-02-18 05:00:00,2026-02-18 11:00:00,29.0,0.9287456386909583,0.8059509601072556,0.9670230795865334,0.9724855207898194,12.962962962962964,0.7926812861416469,8.5,
t2,2026-02-17,2026-02-18 06:00:00,2026-02-18 12:00:00,30.0,0.9342270550720357,0.815949264544862,0.9670230795865334,0.972411384447473,12.981481481481483,0.9363762125997399,9.933333333333334,
t2,2026-02-17,2026-02-18 07:00:00,2026-02-18 13:00:00,31.0,0.9346874752111503,0.8208317600487135,0.9667482152394563,0.9723078837996225,13.0,0.9765775461803854,11.233333333333334,
t2,2026-02-17,2026-02-18 08:00:00,2026-02-18 14:00:00,32.0,0.948787958088364,0.8659576482583774,0.9664165486734553,0.9720516273220572,12.99074074074074,1.6066349056847382,12.333333333333334,
t2,2026-02-17,2026-02-18 09:00:00,2026-02-18 15:00:00,33.0,0.933134597449972,0.8384299275572,0.9664138538575483,0.9720607878673142,12.833333333333334,1.3653561919382784,12.9,
t2,2026-02-17,2026-02-18 10:00:00,2026-02-18 16:00:00,34.0,0.9305537812417343,0.8051171682638536,0.9582078424810986,0.9707372831195779,12.731481481481483,1.122969131713732,12.666666666666666,
t2,2026-02-17,2026-02-18 11:00:00,2026-02-18 17:00:00,35.0,0.9069205668155805,0.7185381572776451,0.9507638808690557,0.9703454758156129,12.425925925925926,1.1032126673041838,11.766666666666666,
t2,2026-02-17,2026-02-18 12:00:00,2026-02-18 18:00:00,36.0,0.8749153437309628,0.6304042482678889,0.9277405187023493,0.9712118764481644,11.555555555555557,1.2549285553418346,10.233333333333333,
t2,2026-02-17,2026-02-18 13:00:00,2026-02-18 19:00:00,37.0,0.8008587777805285,0.4807656159920361,0.8782696124063447,0.9702828976361648,10.537037037037038,1.073794663529238,8.933333333333335,
t2,2026-02-17,2026-02-18 14:00:00,2026-02-18 20:00:00,38.0,0.7588743107675255,0.42387356117927016,0.790303566970028,0.9668103278806879,10.444444444444445,1.6501496378087943,8.066666666666666,
t2,2026-02-17,2026-02-18 15:00:00,2026-02-18 21:00:00,39.0,0.7273814920351711,0.41501985753254145,0.7740957308874847,0.9667085664737993,10.314814814814817,1.7946966913636877,7.433333333333334,
t2,2026-02-17,2026-02-18 16:00:00,2026-02-18 22:00:00,40.0,0.7384082087689203,0.4418021531824454,0.7958142465340492,0.968315726111802,10.314814814814817,1.8258122945635524,6.933333333333334,
t2,2026-02-17,2026-02-18 17:00:00,2026-02-18 23:00:00,41.0,0.7505247101606574,0.45643796400245457,0.812710794900217,0.959233655813006,10.555555555555555,1.3214166546962545,6.666666666666667,
t2,2026-02-17,2026-02-18 18:00:00,2026-02-19 00:00:00,42.0,0.7728985003231692,0.49666906198885574,0.8047708806508758,0.9650630159183236,11.00925925925926,1.2833012662339642,6.366666666666666,
t2,2026-02-17,2026-02-18 19:00:00,2026-02-19 01:00:00,43.0,0.7525162370676912,0.4894976399607784,0.8364280384523015,0.9602475965948761,11.305555555555555,1.002696980432225,6.166666666666667,
t2,2026-02-17,2026-02-18 20:00:00,2026-02-19 02:00:00,44.0,0.7714286834740997,0.4919358768405582,0.838916871290375,0.9666711728265888,11.24074074074074,0.9786822416091714,5.866666666666667,
t2,2026-02-17,2026-02-18 21:00:00,2026-02-19 03:00:00,45.0,0.7617806570595465,0.48334065865681924,0.8340061051763525,0.959634819106837,11.425925925925926,1.4300385617408518,5.633333333333333,
t2,2026-02-17,2026-02-18 22:00:00,2026-02-19 04:00:00,46.0,0.7951059510317664,0.5196893732089313,0.8477209096910776,0.9613825128025154,11.231481481481481,1.3337190800022842,5.233333333333333,
t2,2026-02-17,2026-02-18 23:00:00,2026-02-19 05:00:00,47.0,0.7540400054068953,0.4698230369687916,0.8218952599343878,0.9628316334631035,10.953703703703704,1.3153689494780652,5.1,
t2,2026-02-17,2026-02-19 00:00:00,2026-02-19 06:00:00,48.0,0.7072163634509849,0.4319265264271624,0.7509236605356442,0.9552746542036901,11.25925925925926,1.9453040427989758,5.1000000000000005,
t2,2026-02-17,2026-02-19 01:00:00,2026-02-19 07:00:00,49.0,0.6651813983983468,0.4174983414991332,0.7126706655613214,0.9537020796010701,10.796296296296298,1.409385792732849,5.0,
t2,2026-02-17,2026-02-19 02:00:00,2026-02-19 08:00:00,50.0,0.65824250866931,0.4287287951763771,0.6934349350906152,0.9562418411809268,10.75,1.2677748563604467,4.933333333333334,
t2,2026-02-17,2026-02-19 03:00:00,2026-02-19 09:00:00,51.0,0.6295695853421752,0.3700387213363357,0.6611213572499558,0.9566731350486158,10.370370370370372,0.9703686033345513,6.066666666666667,
t2,2026-02-17,2026-02-19 04:00:00,2026-02-19 10:00:00,52.0,0.6900090775417868,0.35672869893327286,0.7146216043985133,0.9622241883063273,10.425925925925926,1.2179006088364164,7.933333333333333,
t2,2026-02-17,2026-02-19 05:00:00,2026-02-19 11:00:00,53.0,0.7024141899406365,0.26996181024402227,0.6976897845509284,0.950323103284666,9.879629629629632,1.1332289349156424,9.966666666666667,
t2,2026-02-17,2026-02-19 06:00:00,2026-02-19 12:00:00,54.0,0.5633209349820908,0.13315983495242606,0.5659132403674535,0.8961004672126531,8.740740740740742,2.452060945543246,11.366666666666667,
t2,2026-02-17,2026-02-19 07:00:00,2026-02-19 13:00:00,55.0,0.44337250794829375,0.06728615513014008,0.37464060981268266,0.8210455028292099,7.7592592592592595,2.4064813033502848,12.799999999999999,
t2,2026-02-17,2026-02-19 08:00:00,2026-02-19 14:00:00,56.0,0.34541519623106026,0.07587788710179144,0.2642788804692681,0.7695654425259009,6.851851851851852,1.9847670925130316,14.0,
t2,2026-02-17,2026-02-19 09:00:00,2026-02-19 15:00:00,57.0,0.3131728074293035,0.052010197415734094,0.19645487514905963,0.7283716141018117,6.166666666666667,1.7751717009633838,14.600000000000001,
t2,2026-02-17,2026-02-19 10:00:00,2026-02-19 16:00:00,58.0,0.2975666488252742,0.04196113746720817,0.19389450548866452,0.7083924193336936,5.842592592592593,1.5960341797344628,14.466666666666667,
t2,2026-02-17,2026-02-19 11:00:00,2026-02-19 17:00:00,59.0,0.265120698246178,0.02062307458310686,0.15896041735004454,0.6645364054796136,5.592592592592593,1.6235946756447228,13.799999999999999,
t2,2026-02-17,2026-02-19 12:00:00,2026-02-19 18:00:00,60.0,0.2814932722213635,0.024383469679102876,0.15985817360320598,0.711103711167059,5.962962962962963,2.1119028729692966,11.766666666666666,
t2,2026-02-17,2026-02-19 13:00:00,2026-02-19 19:00:00,61.0,0.2585207571715899,0.017541664023638284,0.12406312734635733,0.7084713414201538,5.953703703703705,2.696782109265776,9.933333333333334,
t2,2026-02-17,2026-02-19 14:00:00,2026-02-19 20:00:00,62.0,0.24350577101858678,0.012901053824085448,0.08604787978879702,0.578079431110158,5.268518518518519,3.7567155232508287,8.466666666666667,
t2,2026-02-17,2026-02-19 15:00:00,2026-02-19 21:00:00,63.0,0.17012624287050332,0.01107099393564516,0.06351704639767206,0.4779140081329706,4.592592592592593,3.6667017394506654,7.666666666666667,
t2,2026-02-17,2026-02-19 16:00:00,2026-02-19 22:00:00,64.0,0.152594687050064,0.011003676104731776,0.06761226240283406,0.44115264460998066,3.6203703703703702,3.2373130020513967,6.833333333333333,
t2,2026-02-17,2026-02-19 17:00:00,2026-02-19 23:00:00,65.0,0.1888376574704039,0.01203365734908228,0.0887497741071939,0.5690243718066806,4.055555555555555,2.852197549995009,6.7,
t2,2026-02-17,2026-02-19 18:00:00,2026-02-20 00:00:00,66.0,0.2209764977997275,0.011529661638874034,0.07889381981643809,0.5726564093280487,4.722222222222222,1.2586123065787993,6.6000000000000005,
t2,2026-02-17,2026-02-19 19:00:00,2026-02-20 01:00:00,67.0,0.3306530297896438,0.013839584008413508,0.108102704075343,0.7448985560599164,5.518518518518519,1.0658609997471025,6.366666666666667,
t2,2026-02-17,2026-02-19 20:00:00,2026-02-20 02:00:00,68.0,0.437737331915112,0.01809801665091243,0.16074504911806742,0.8627396857231938,5.685185185185186,2.806288866393852,6.133333333333333,
t2,2026-02-17,2026-02-19 21:00:00,2026-02-20 03:00:00,69.0,0.35645882236830134,0.019708824916692957,0.184141997280479,0.8012127170196285,5.916666666666667,3.9642499640887654,6.233333333333334,
t2,2026-02-17,2026-02-19 22:00:00,2026-02-20 04:00:00,70.0,0.3762667522853166,0.023899843676359445,0.2570123468171586,0.7791165440091095,6.037037037037037,5.016510805174869,6.433333333333334,
t2,2026-02-17,2026-02-19 23:00:00,2026-02-20 05:00:00,71.0,0.44897130824974857,0.03305871500673624,0.3048064254527395,0.891632483612143,6.935185185185186,4.645149910979543,6.966666666666666,
t2,2026-02-18,2026-02-19 00:00:00,2026-02-19 06:00:00,24.0,0.5602266592470082,0.19098704821490292,0.5304471644289567,0.9421891348779718,9.925925925925927,0.7936541005222116,4.833333333333333,
t2,2026-02-18,2026-02-19 01:00:00,2026-02-19 07:00:00,25.0,0.4014337318310913,0.15854837542530503,0.4396569764440778,0.8737865334049143,9.314814814814815,0.9301754336943968,4.7,
t2,2026-02-18,2026-02-19 02:00:00,2026-02-19 08:00:00,26.0,0.35710539412806797,0.11283272706003317,0.3965045417213227,0.8732375256653565,9.231481481481481,2.1376860494681007,4.566666666666666,
t2,2026-02-18,2026-02-19 03:00:00,2026-02-19 09:00:00,27.0,0.3376189948529873,0.05475145310255344,0.2995946815252509,0.8100432686091956,8.435185185185185,2.0713234074948828,5.566666666666666,
t2,2026-02-18,2026-02-19 04:00:00,2026-02-19 10:00:00,28.0,0.47179078789428625,0.0865536347447058,0.4070002202075394,0.8576559065302148,8.277777777777779,2.2640166971421105,7.3,
t2,2026-02-18,2026-02-19 05:00:00,2026-02-19 11:00:00,29.0,0.5350566677807616,0.11774086969726373,0.4942351433149922,0.8932356254486759,8.185185185185185,1.8899778995811956,9.4,
t2,2026-02-18,2026-02-19 06:00:00,2026-02-19 12:00:00,30.0,0.38701630585527835,0.06925458340434586,0.3636606955023867,0.8587400526324761,7.666666666666668,2.661598192491047,11.5,
t2,2026-02-18,2026-02-19 07:00:00,2026-02-19 13:00:00,31.0,0.4466606297499995,0.050409992837882375,0.35764860204235266,0.7992329139509361,7.2592592592592595,1.861180208778109,13.200000000000001,
t2,2026-02-18,2026-02-19 08:00:00,2026-02-19 14:00:00,32.0,0.47922461133228716,0.0386123077297977,0.35141789897595666,0.8398709118749593,6.870370370370371,1.4153952173860056,14.166666666666666,
t2,2026-02-18,2026-02-19 09:00:00,2026-02-19 15:00:00,33.0,0.3633191106282744,0.05208580355661431,0.25411576664099417,0.7640651139928983,6.435185185185186,1.4490666784807138,14.4,
t2,2026-02-18,2026-02-19 10:00:00,2026-02-19 16:00:00,34.0,0.29633936776768915,0.02490627251619637,0.1827598905769742,0.7148205662833059,5.953703703703703,1.0944350441408666,14.299999999999999,
t2,2026-02-18,2026-02-19 11:00:00,2026-02-19 17:00:00,35.0,0.2910053382773883,0.015452015753515028,0.1738584084247777,0.6516597598468785,6.0092592592592595,0.8251137843968225,13.5,
t2,2026-02-18,2026-02-19 12:00:00,2026-02-19 18:00:00,36.0,0.24747998546191075,0.01031505915145346,0.12768373753919354,0.6049426799473047,5.787037037037037,1.070916495305631,11.466666666666667,
t2,2026-02-18,2026-02-19 13:00:00,2026-02-19 19:00:00,37.0,0.20466084878806926,0.009668352566682371,0.09518771615357596,0.5461728549146719,5.25,1.6944444444444444,9.700000000000001,
t2,2026-02-18,2026-02-19 14:00:00,2026-02-19 20:00:00,38.0,0.12529518316057683,0.008394859394854104,0.04120764026227757,0.39215055822522055,3.9629629629629632,3.031258617568677,8.5,
t2,2026-02-18,2026-02-19 15:00:00,2026-02-19 21:00:00,39.0,0.13599511444191129,0.009319716774976124,0.06934382574784059,0.4054863028022369,2.5462962962962963,3.3743235871477846,7.833333333333333,
t2,2026-02-18,2026-02-19 16:00:00,2026-02-19 22:00:00,40.0,0.24753854674204534,0.012524348898796424,0.11464800657893422,0.5456779459555597,3.1944444444444446,1.7587962353640814,7.766666666666667,
t2,2026-02-18,2026-02-19 17:00:00,2026-02-19 23:00:00,41.0,0.3425407141137952,0.014292894132013402,0.19321287416865954,0.7603939918130264,5.5555555555555545,0.7206178761707135,7.666666666666667,
t2,2026-02-18,2026-02-19 18:00:00,2026-02-20 00:00:00,42.0,0.4058912626080133,0.015838040240745175,0.22249697359375292,0.8916159149202321,6.787037037037038,2.0454581826463074,7.666666666666667,
t2,2026-02-18,2026-02-19 19:00:00,2026-02-20 01:00:00,43.0,0.3793059447831005,0.013241860944099943,0.23897570153523812,0.8862116193831265,6.7407407407407405,3.43999862426999,7.599999999999999,
t2,2026-02-18,2026-02-19 20:00:00,2026-02-20 02:00:00,44.0,0.39041047462278344,0.01727196524055383,0.2746691380992045,0.8189534320054606,5.87037037037037,4.339412876787174,7.966666666666666,
t2,2026-02-18,2026-02-19 21:00:00,2026-02-20 03:00:00,45.0,0.458187623009371,0.01911243096468022,0.3344378913596078,0.9095653005798995,5.962962962962963,3.831454182456496,8.299999999999999,
t2,2026-02-18,2026-02-19 22:00:00,2026-02-20 04:00:00,46.0,0.529223805664885,0.023565003485265842,0.3844480750208192,0.9116296879904893,6.287037037037037,3.3196865710547363,8.1,
t2,2026-02-18,2026-02-19 23:00:00,2026-02-20 05:00:00,47.0,0.4827212863355298,0.022953677988579488,0.338698739346236,0.8698846574932994,6.407407407407407,2.9247682895103164,7.633333333333334,
t2,2026-02-18,2026-02-20 00:00:00,2026-02-20 06:00:00,48.0,0.5093478075424198,0.02455402570785786,0.38648057399527624,0.9165898508457935,7.064814814814814,3.0085184273279792,6.733333333333333,
t2,2026-02-18,2026-02-20 01:00:00,2026-02-20 07:00:00,49.0,0.5030326439570625,0.0295273224680843,0.38227325961300457,0.9280672418944588,7.657407407407408,2.9318827080890824,6.633333333333333,
t2,2026-02-18,2026-02-20 02:00:00,2026-02-20 08:00:00,50.0,0.46645587091964424,0.02679711440150293,0.32017997893473066,0.9018977239638652,7.6759259259259265,2.9350391364529176,6.466666666666666,
t2,2026-02-18,2026-02-20 03:00:00,2026-02-20 09:00:00,51.0,0.41521684561359656,0.01918400081865577,0.2806414541703286,0.8458960770592246,7.092592592592593,3.238147110280651,7.433333333333334,
t2,2026-02-18,2026-02-20 04:00:00,2026-02-20 10:00:00,52.0,0.2984788853979546,0.013866671364835876,0.1853005014789223,0.7746417574381937,6.111111111111112,3.3902547338649685,9.333333333333334,
t2,2026-02-18,2026-02-20 05:00:00,2026-02-20 11:00:00,53.0,0.22350894276806144,0.009616354389082938,0.15363055055125982,0.6131908354148745,4.4907407407407405,2.7499064705381926,11.133333333333333,
t2,2026-02-18,2026-02-20 06:00:00,2026-02-20 12:00:00,54.0,0.14062570833107899,0.008413526210942027,0.08115405808628715,0.4271621411083725,5.1759259259259265,0.30723444487105644,12.633333333333333,
t2,2026-02-18,2026-02-20 07:00:00,2026-02-20 13:00:00,55.0,0.10420221212796117,0.008337640548162432,0.03292246563319063,0.31973505579408595,4.212962962962963,0.451620311046563,13.5,
t2,2026-02-18,2026-02-20 08:00:00,2026-02-20 14:00:00,56.0,0.10466631611561433,0.008079823611510632,0.024040017630878912,0.27297700167374406,3.4907407407407405,0.8297763593790574,14.133333333333335,
t2,2026-02-18,2026-02-20 09:00:00,2026-02-20 15:00:00,57.0,0.10879106440958075,0.008595008744390053,0.03372524647070623,0.2635863134157157,2.7314814814814814,1.379225643064106,14.4,
t2,2026-02-18,2026-02-20 10:00:00,2026-02-20 16:00:00,58.0,0.11119654330666319,0.009228925541358473,0.0403691565098892,0.2909273911322566,2.4722222222222223,0.9477067838462211,14.066666666666668,
t2,2026-02-18,2026-02-20 11:00:00,2026-02-20 17:00:00,59.0,0.16236356279634592,0.010234099015090583,0.07695783677514023,0.4090189125976921,3.2870370370370368,1.836347130009194,13.0,
t2,2026-02-18,2026-02-20 12:00:00,2026-02-20 18:00:00,60.0,0.2650966369478317,0.02500437189728799,0.12044157160717739,0.5425855783362005,2.527777777777778,0.847563683466242,11.666666666666666,
t2,2026-02-18,2026-02-20 13:00:00,2026-02-20 19:00:00,61.0,0.5364134918770415,0.04357950466614031,0.40021558869072077,0.9715009197923352,5.703703703703705,4.667107562946801,10.299999999999999,
t2,2026-02-18,2026-02-20 14:00:00,2026-02-20 20:00:00,62.0,0.6525021996334244,0.12616267803290557,0.6022870009338229,0.9973349822831591,8.222222222222223,5.819295277854889,9.633333333333333,
t2,2026-02-18,2026-02-20 15:00:00,2026-02-20 21:00:00,63.0,0.7454322978823533,0.16707813000189728,0.6931802080261068,0.9816042338162242,9.981481481481481,5.53832977600819,9.1,
t2,2026-02-18,2026-02-20 16:00:00,2026-02-20 22:00:00,64.0,0.7492114673560615,0.2420251275370952,0.8006030492951938,0.9712396784040729,11.435185185185185,4.095063775462219,8.166666666666666,
t2,2026-02-18,2026-02-20 17:00:00,2026-02-20 23:00:00,65.0,0.7273802201155649,0.34291131068614045,0.7781247474794605,0.9720944009878242,11.712962962962962,2.9587354099914793,7.566666666666666,
t2,2026-02-18,2026-02-20 18:00:00,2026-02-21 00:00:00,66.0,0.7130223515126368,0.32450815668430943,0.7522460494227098,0.9753631535023409,10.74074074074074,2.8404503931971767,6.766666666666666,
t2,2026-02-18,2026-02-20 19:00:00,2026-02-21 01:00:00,67.0,0.7321860736929259,0.42821398605276323,0.7924878512697667,0.978052869800371,10.907407407407407,1.922562055166771,6.333333333333333,
t2,2026-02-18,2026-02-20 20:00:00,2026-02-21 02:00:00,68.0,0.7212515889442543,0.4106735239123856,0.7587051983431131,0.9774313588502518,10.91666666666667,1.6168480234283615,5.933333333333333,
t2,2026-02-18,2026-02-20 21:00:00,2026-02-21 03:00:00,69.0,0.7208617932374761,0.3881493540479691,0.7413236526913333,0.9770020451868401,10.518518518518519,1.1534748004297009,5.633333333333333,
t2,2026-02-18,2026-02-20 22:00:00,2026-02-21 04:00:00,70.0,0.6931555346375895,0.3787558529621792,0.7099342509044709,0.9577687758424226,10.166666666666666,0.7489704868173758,5.366666666666667,
t2,2026-02-18,2026-02-20 23:00:00,2026-02-21 05:00:00,71.0,0.6665511117696103,0.37730174433624064,0.7054782946195262,0.959373415759037,9.824074074074074,0.5228817742035365,5.166666666666667,
t2,2026-02-19,2026-02-20 00:00:00,2026-02-20 06:00:00,24.0,0.5764073111507575,0.04242122881781103,0.5253950627949877,0.9681755716716078,7.601851851851852,1.6560619409500883,7.533333333333334,
t2,2026-02-19,2026-02-20 01:00:00,2026-02-20 07:00:00,25.0,0.6097016302021131,0.04302434940256736,0.5542694177109475,0.9938584032444326,8.194444444444445,1.5002571795989756,7.566666666666667,
t2,2026-02-19,2026-02-20 02:00:00,2026-02-20 08:00:00,26.0,0.5932846654314732,0.04872545590146508,0.5504569955256836,0.9725768288726757,8.666666666666666,1.6729049916570606,7.633333333333333,
t2,2026-02-19,2026-02-20 03:00:00,2026-02-20 09:00:00,27.0,0.5380559060334951,0.04010916006104539,0.5220641468559737,0.9463250287937759,8.574074074074074,1.545686284643484,8.433333333333334,
t2,2026-02-19,2026-02-20 04:00:00,2026-02-20 10:00:00,28.0,0.4475716680118278,0.04375752820129928,0.41392769883263986,0.8865709772980094,7.935185185185186,1.2501028764250135,10.1,
t2,2026-02-19,2026-02-20 05:00:00,2026-02-20 11:00:00,29.0,0.3359081769726703,0.038838502659061136,0.2549786281012348,0.7374111685631626,6.712962962962963,1.0039787104459965,11.700000000000001,
t2,2026-02-19,2026-02-20 06:00:00,2026-02-20 12:00:00,30.0,0.274376794308305,0.025009292633639102,0.19027636137547205,0.7038263034748032,6.981481481481481,0.9062256098605237,12.133333333333333,
t2,2026-02-19,2026-02-20 07:00:00,2026-02-20 13:00:00,31.0,0.2126141199014612,0.012650172738680736,0.15529543248016456,0.6636584328364029,6.398148148148149,0.8581190551183452,13.200000000000001,
t2,2026-02-19,2026-02-20 08:00:00,2026-02-20 14:00:00,32.0,0.1750815515421853,0.010636260055416208,0.12398759402185539,0.5207612745464101,5.6944444444444455,0.7949493345141216,13.866666666666667,
t2,2026-02-19,2026-02-20 09:00:00,2026-02-20 15:00:00,33.0,0.14153690291800047,0.008141651813686543,0.09871072720552285,0.40155473804562186,5.157407407407407,0.42157601621600804,13.933333333333335,
t2,2026-02-19,2026-02-20 10:00:00,2026-02-20 16:00:00,34.0,0.12445991710107017,0.008761621658660013,0.07211879857717336,0.36699976259104233,4.833333333333334,0.16896562584161742,13.466666666666667,
t2,2026-02-19,2026-02-20 11:00:00,2026-02-20 17:00:00,35.0,0.11493517766856463,0.008503433254987019,0.05600854729288613,0.32246820698630185,4.481481481481482,0.6213370025854678,12.4,
t2,2026-02-19,2026-02-20 12:00:00,2026-02-20 18:00:00,36.0,0.1669781876487291,0.00924579211074146,0.09122400502577208,0.38295548651002825,3.611111111111112,1.167658308721317,11.033333333333333,
t2,2026-02-19,2026-02-20 13:00:00,2026-02-20 19:00:00,37.0,0.21428725222444522,0.011972017333209756,0.1323567991064523,0.48143142544911877,2.8518518518518525,1.3755844249947242,9.299999999999999,
t2,2026-02-19,2026-02-20 14:00:00,2026-02-20 20:00:00,38.0,0.27739952281731584,0.00830157405706651,0.1801882102144283,0.64168865209125,5.5740740740740735,2.685312896068955,8.466666666666667,
t2,2026-02-19,2026-02-20 15:00:00,2026-02-20 21:00:00,39.0,0.3672564633845481,0.026100477306971518,0.28930322455851804,0.8830470234774831,7.092592592592593,4.824091846132046,7.566666666666667,
t2,2026-02-19,2026-02-20 16:00:00,2026-02-20 22:00:00,40.0,0.5595650106794074,0.04903266015037798,0.4660373491198237,0.9609761069497282,7.990740740740741,6.308328644582956,7.266666666666667,
t2,2026-02-19,2026-02-20 17:00:00,2026-02-20 23:00:00,41.0,0.6230454826312237,0.13272700037558305,0.5389753042492159,0.9766019254026067,9.222222222222223,5.966211445494174,7.133333333333333,
t2,2026-02-19,2026-02-20 18:00:00,2026-02-21 00:00:00,42.0,0.6734857106100801,0.2487297782663306,0.6541773178644622,0.9590149215524163,10.62037037037037,3.5644780985757705,6.766666666666667,
t2,2026-02-19,2026-02-20 19:00:00,2026-02-21 01:00:00,43.0,0.67123179493793,0.2652231900834374,0.6739827407988618,0.9668466207011992,10.694444444444445,3.617195728499028,6.3,
t2,2026-02-19,2026-02-20 20:00:00,2026-02-21 02:00:00,44.0,0.6711537715806636,0.27356053902527194,0.6577693337571769,0.9686809585867838,10.666666666666666,3.338884266959271,5.8,
t2,2026-02-19,2026-02-20 21:00:00,2026-02-21 03:00:00,45.0,0.6684368790507806,0.2645199977452962,0.6356756287469391,0.9612681336045507,10.305555555555555,3.2809542047744533,5.466666666666666,
t2,2026-02-19,2026-02-20 22:00:00,2026-02-21 04:00:00,46.0,0.6358420485977994,0.2778770306912535,0.6168600928715148,0.953147649107269,9.972222222222223,3.030325126182069,5.066666666666666,
t2,2026-02-19,2026-02-20 23:00:00,2026-02-21 05:00:00,47.0,0.6338618580331924,0.2929318832254689,0.5809499544456421,0.9632311852612276,9.87037037037037,2.3953938136836177,4.7,
t2,2026-02-19,2026-02-21 00:00:00,2026-02-21 06:00:00,48.0,0.6204231078813988,0.2939216219152414,0.6403880407539582,0.9603046673409372,9.935185185185185,0.3394500514782111,5.066666666666666,
t2,2026-02-19,2026-02-21 01:00:00,2026-02-21 07:00:00,49.0,0.5692747918907878,0.18118550725933774,0.572872250561854,0.959892460615701,9.814814814814815,0.5888190035401717,5.366666666666667,
t2,2026-02-19,2026-02-21 02:00:00,2026-02-21 08:00:00,50.0,0.5112945839933171,0.1492176700021389,0.47168814140687,0.9499056801474006,9.694444444444445,1.473008175951428,5.633333333333333,
t2,2026-02-19,2026-02-21 03:00:00,2026-02-21 09:00:00,51.0,0.4036173277755286,0.07367013104932835,0.3561432401094578,0.8553447796999871,8.870370370370372,1.5962758871256963,6.366666666666667,
t2,2026-02-19,2026-02-21 04:00:00,2026-02-21 10:00:00,52.0,0.3355755949415331,0.023708443902188375,0.2222044023386592,0.7885512105127273,6.287037037037038,2.5528870931335894,7.633333333333333,
t2,2026-02-19,2026-02-21 05:00:00,2026-02-21 11:00:00,53.0,0.4705877823886014,0.04607010418883217,0.35329555563181547,0.8981702462657696,6.027777777777779,3.3642088571561524,8.5,
t2,2026-02-19,2026-02-21 06:00:00,2026-02-21 12:00:00,54.0,0.5906052790411074,0.15529628712902438,0.5154424712491007,0.9528333940623271,8.824074074074074,3.8036626814478027,9.1,
t2,2026-02-19,2026-02-21 07:00:00,2026-02-21 13:00:00,55.0,0.674250401365232,0.24295333854815995,0.7241989106630998,0.9654391732250664,10.194444444444445,3.909864068869535,9.433333333333332,
t2,2026-02-19,2026-02-21 08:00:00,2026-02-21 14:00:00,56.0,0.632145494261603,0.2618387336842161,0.7221886804709166,0.9628016479322057,12.361111111111112,3.1550713634784824,8.9,
t2,2026-02-19,2026-02-21 09:00:00,2026-02-21 15:00:00,57.0,0.6305876797398251,0.259362666492113,0.6722810461988361,0.9634437989126817,11.925925925925926,4.045872509377912,8.533333333333333,
t2,2026-02-19,2026-02-21 10:00:00,2026-02-21 16:00:00,58.0,0.543030188877995,0.18490161677006572,0.5706256568506181,0.8898033666134978,9.75925925925926,2.425643183975557,8.233333333333334,
t2,2026-02-19,2026-02-21 11:00:00,2026-02-21 17:00:00,59.0,0.4783623444447764,0.1238020672057562,0.45536943763099763,0.8530787134217529,8.907407407407407,2.0354370821094765,7.599999999999999,
t2,2026-02-19,2026-02-21 12:00:00,2026-02-21 18:00:00,60.0,0.4036156245720484,0.0564489793338605,0.3334797778055799,0.8043202492443777,7.5,2.4057864913527363,6.2,
t2,2026-02-19,2026-02-21 13:00:00,2026-02-21 19:00:00,61.0,0.46588333379981184,0.047555150678090526,0.345399826859039,0.8400853110730099,6.6759259259259265,2.5715581896262325,5.966666666666666,
t2,2026-02-19,2026-02-21 14:00:00,2026-02-21 20:00:00,62.0,0.4970109829043833,0.06124543450178583,0.40969515540404117,0.9337799923564883,6.8240740740740735,0.7769506183628956,5.866666666666667,
t2,2026-02-19,2026-02-21 15:00:00,2026-02-21 21:00:00,63.0,0.584270371506128,0.14656315027236338,0.49179979292171916,0.9627162776545806,8.555555555555555,1.500771406582233,5.666666666666667,
t2,2026-02-19,2026-02-21 16:00:00,2026-02-21 22:00:00,64.0,0.5684475419887248,0.1512890237530433,0.48755395567647986,0.9786891070804502,10.592592592592593,5.092079098690936,5.133333333333334,
t2,2026-02-19,2026-02-21 17:00:00,2026-02-21 23:00:00,65.0,0.6050512008191843,0.15575367052519007,0.5813425477621758,0.9635853736576718,9.546296296296298,3.3855098515190463,4.8999999999999995,
t2,2026-02-19,2026-02-21 18:00:00,2026-02-22 00:00:00,66.0,0.6713570459341998,0.1510353696809733,0.624565867561874,0.9854143319778292,9.370370370370372,2.9041176245039964,4.866666666666666,
t2,2026-02-19,2026-02-21 19:00:00,2026-02-22 01:00:00,67.0,0.6130668541869672,0.13357253835369476,0.5880295360163349,0.9799255182063137,9.379629629629632,2.736686816665416,4.1000000000000005,
t2,2026-02-19,2026-02-21 20:00:00,2026-02-22 02:00:00,68.0,0.48813710251628806,0.0607978429848222,0.4126980427479569,0.9195630504762079,8.620370370370372,2.8672175037816316,3.266666666666667,
t2,2026-02-19,2026-02-21 21:00:00,2026-02-22 03:00:00,69.0,0.33087247425631205,0.029307604743886117,0.24806333419472357,0.8656664977046287,7.333333333333333,2.759383541819476,2.433333333333333,
t2,2026-02-19,2026-02-21 22:00:00,2026-02-22 04:00:00,70.0,0.33080162953601133,0.01343269477355407,0.14944666397244025,0.7799729802644569,5.62962962962963,2.660921666495716,1.5999999999999999,
t2,2026-02-19,2026-02-21 23:00:00,2026-02-22 05:00:00,71.0,0.21667092617308528,0.010503235896348077,0.09520105753941664,0.5916738624562172,3.7129629629629632,2.8138399871440862,0.8666666666666666,
t2,2026-02-20,2026-02-21 00:00:00,2026-02-21 06:00:00,24.0,0.6475690487908627,0.2896509225938344,0.6184109667055523,0.9703815311534506,10.083333333333334,1.5338264102531691,4.433333333333334,
t2,2026-02-20,2026-02-21 01:00:00,2026-02-21 07:00:00,25.0,0.5847291652589328,0.21206813021457763,0.5581174625415241,0.9641306005094432,9.833333333333334,1.7329415511646908,4.433333333333334,
t2,2026-02-20,2026-02-21 02:00:00,2026-02-21 08:00:00,26.0,0.5240474716533499,0.13313915616218686,0.49061580281805167,0.9402445669776861,10.009259259259261,2.0679680291405202,4.8,
t2,2026-02-20,2026-02-21 03:00:00,2026-02-21 09:00:00,27.0,0.5096726536142369,0.11584191491096132,0.47096933043728584,0.8820369888404211,9.083333333333334,0.9308664488953354,5.800000000000001,
t2,2026-02-20,2026-02-21 04:00:00,2026-02-21 10:00:00,28.0,0.3426435318705497,0.049275684431107594,0.25448044031245887,0.8564153673517033,7.166666666666667,3.2156302302624566,7.166666666666667,
t2,2026-02-20,2026-02-21 05:00:00,2026-02-21 11:00:00,29.0,0.49979892521047603,0.09656960577312976,0.4017748300838059,0.9198304008118018,4.4259259259259265,2.6789838992629815,8.233333333333334,
t2,2026-02-20,2026-02-21 06:00:00,2026-02-21 12:00:00,30.0,0.7028996891257463,0.29720971684983355,0.7220515268447493,0.9835121528928217,8.138888888888888,7.057031779074273,8.6,
t2,2026-02-20,2026-02-21 07:00:00,2026-02-21 13:00:00,31.0,0.8552713952324722,0.5115987467150893,0.9358806760192611,0.9725399653122715,15.231481481481483,2.9959248728266528,8.766666666666667,
t2,2026-02-20,2026-02-21 08:00:00,2026-02-21 14:00:00,32.0,0.8769717548754318,0.6806909860415011,0.9407312409947239,0.9731474871245519,13.287037037037038,1.251645008114301,8.466666666666667,
t2,2026-02-20,2026-02-21 09:00:00,2026-02-21 15:00:00,33.0,0.8614906158483632,0.6009103286533752,0.9230458527516784,0.9712567155470347,14.00925925925926,2.5139016778884846,8.4,
t2,2026-02-20,2026-02-21 10:00:00,2026-02-21 16:00:00,34.0,0.808992259021426,0.4844410160995991,0.8644814570144207,0.9713768379582238,12.111111111111112,1.3491538271756556,7.8,
t2,2026-02-20,2026-02-21 11:00:00,2026-02-21 17:00:00,35.0,0.7120680668808596,0.3794044757051785,0.75537144087242,0.9713184184285041,11.120370370370372,1.4493328960668082,7.5,
t2,2026-02-20,2026-02-21 12:00:00,2026-02-21 18:00:00,36.0,0.5936627475843147,0.2186714149769578,0.5987303366436777,0.9240782707815445,9.99074074074074,2.03107291884021,7.1000000000000005,
t2,2026-02-20,2026-02-21 13:00:00,2026-02-21 19:00:00,37.0,0.4672190505972643,0.1171762397981879,0.4407348590935609,0.8772238529580122,9.472222222222221,2.456253043223698,6.133333333333333,
t2,2026-02-20,2026-02-21 14:00:00,2026-02-21 20:00:00,38.0,0.3837415885197254,0.0319297383819868,0.34550385616988744,0.8306505068961779,8.231481481481483,3.1429832359398895,5.266666666666667,
t2,2026-02-20,2026-02-21 15:00:00,2026-02-21 21:00:00,39.0,0.3101580151941877,0.023331122782716984,0.2365943549395318,0.7824601269722767,6.787037037037037,3.0059525992281686,4.966666666666666,
t2,2026-02-20,2026-02-21 16:00:00,2026-02-21 22:00:00,40.0,0.22415817784673694,0.016259027477326646,0.1281561483333779,0.6473072054394792,5.592592592592593,1.847657286554969,4.666666666666667,
t2,2026-02-20,2026-02-21 17:00:00,2026-02-21 23:00:00,41.0,0.17597374763997564,0.010130246792720217,0.09391636315982228,0.46514543138456904,5.212962962962963,0.8630503850171145,4.466666666666667,
t2,2026-02-20,2026-02-21 18:00:00,2026-02-22 00:00:00,42.0,0.14998924744838052,0.00935583764361702,0.08637983386089901,0.44945999021386784,4.185185185185185,1.78737283354384,4.266666666666667,
t2,2026-02-20,2026-02-21 19:00:00,2026-02-22 01:00:00,43.0,0.12488907083685506,0.008797338047345052,0.06392494204023366,0.3430582364671254,4.0,1.8208751796191545,3.733333333333333,
t2,2026-02-20,2026-02-21 20:00:00,2026-02-22 02:00:00,44.0,0.08494526412521652,0.008302028310222594,0.034076380386832306,0.24427423154395897,3.6203703703703702,1.40554823596396,3.1999999999999997,
t2,2026-02-20,2026-02-21 21:00:00,2026-02-22 03:00:00,45.0,0.0810971979900143,0.008152256472211817,0.022744552376140377,0.24381850286152934,3.1296296296296298,1.1707380458567411,2.6666666666666665,
t2,2026-02-20,2026-02-21 22:00:00,2026-02-22 04:00:00,46.0,0.0742428849779734,0.008285807093772529,0.021904256874573917,0.21225354063741422,2.564814814814815,1.207401726866892,2.3000000000000003,
t2,2026-02-20,2026-02-21 23:00:00,2026-02-22 05:00:00,47.0,0.07019394784300079,0.008282633447187613,0.02641980000061,0.21032645210294315,2.222222222222222,0.829621362392671,2.066666666666667,
t2,2026-02-20,2026-02-22 00:00:00,2026-02-22 06:00:00,48.0,0.10521262759146027,0.008509301357786686,0.022163870651126478,0.31778835908206027,3.175925925925926,2.6768228664661793,1.1,
t2,2026-02-20,2026-02-22 01:00:00,2026-02-22 07:00:00,49.0,0.0688231756231757,0.008459627826679432,0.02231647812096931,0.21401404726841172,2.611111111111111,1.2098489855768093,1.0,
t2,2026-02-20,2026-02-22 02:00:00,2026-02-22 08:00:00,50.0,0.07264134412706036,0.006608351186924912,0.026670320449974277,0.2114837362912098,2.1481481481481484,0.5139514476436265,1.0,
t2,2026-02-20,2026-02-22 03:00:00,2026-02-22 09:00:00,51.0,0.11896953570467513,0.006152421562166088,0.04387122902054423,0.3316849823515459,1.9907407407407407,1.9183433353452075,1.7999999999999998,
t2,2026-02-20,2026-02-22 04:00:00,2026-02-22 10:00:00,52.0,0.23111181710295103,0.012217709013070387,0.12107513639856056,0.5966875700399306,3.6018518518518516,3.942520396673846,3.8666666666666667,
t2,2026-02-20,2026-02-22 05:00:00,2026-02-22 11:00:00,53.0,0.45803931846680085,0.03212552900750404,0.32659552349810544,0.8925326942400053,5.351851851851852,4.551855995537999,5.5,
t2,2026-02-20,2026-02-22 06:00:00,2026-02-22 12:00:00,54.0,0.5888451263314286,0.09847845629355788,0.5430066914717803,0.9706048104936638,8.611111111111112,5.003316801117603,8.066666666666666,
t2,2026-02-20,2026-02-22 07:00:00,2026-02-22 13:00:00,55.0,0.6914435775736141,0.19097431845731666,0.6502666168130334,0.9814591326018876,9.666666666666666,3.6433390938926378,9.166666666666666,
t2,2026-02-20,2026-02-22 08:00:00,2026-02-22 14:00:00,56.0,0.7927967402605911,0.3567725116698541,0.8297107455477802,0.9856538630150687,10.018518518518519,2.3974866812625417,9.799999999999999,
t2,2026-02-20,2026-02-22 09:00:00,2026-02-22 15:00:00,57.0,0.8853733261724694,0.55796987061594,0.9197082638632822,0.9784358764562003,10.361111111111112,1.8322808426711645,10.0,
t2,2026-02-20,2026-02-22 10:00:00,2026-02-22 16:00:00,58.0,0.8953761756030647,0.566991471893342,0.9397386840209027,0.9775585061469703,10.518518518518519,1.8893654083026223,9.799999999999999,
t2,2026-02-20,2026-02-22 11:00:00,2026-02-22 17:00:00,59.0,0.8212641655226782,0.4271077185628124,0.8499019017177227,0.9766108222038676,10.416666666666666,1.9041458990682072,9.333333333333334,
t2,2026-02-20,2026-02-22 12:00:00,2026-02-22 18:00:00,60.0,0.7866560050836533,0.3868345882245073,0.8080273892264185,0.9843569488162542,10.805555555555557,1.5833333333333337,8.0,
t2,2026-02-20,2026-02-22 13:00:00,2026-02-22 19:00:00,61.0,0.7506453913319315,0.3138773249691763,0.7824409777643732,0.9895370127687607,10.296296296296298,1.3328509930023407,6.7,
t2,2026-02-20,2026-02-22 14:00:00,2026-02-22 20:00:00,62.0,0.6197065383298914,0.17457494843534924,0.5655698575894665,0.9652677337835361,9.129629629629632,1.3472460860811235,5.666666666666667,
t2,2026-02-20,2026-02-22 15:00:00,2026-02-22 21:00:00,63.0,0.4177774385158774,0.08571833269374181,0.3619651352163916,0.871458554522167,8.379629629629628,1.403900357572349,5.033333333333334,
t2,2026-02-20,2026-02-22 16:00:00,2026-02-22 22:00:00,64.0,0.3602183119785872,0.059378525100695016,0.23143183014596544,0.8274299426835894,7.916666666666667,1.3888888888888888,4.633333333333334,
t2,2026-02-20,2026-02-22 17:00:00,2026-02-22 23:00:00,65.0,0.3782937622943395,0.036623013192934324,0.2469102004154026,0.8799317233989586,7.555555555555557,1.76536464949285,4.233333333333333,
t2,2026-02-20,2026-02-22 18:00:00,2026-02-23 00:00:00,66.0,0.41715958308802936,0.05723746955725502,0.3937488758990239,0.9786352180729228,9.018518518518519,2.03410984970292,4.566666666666666,
t2,2026-02-20,2026-02-22 19:00:00,2026-02-23 01:00:00,67.0,0.39704753489917627,0.02125239312777431,0.26655888535619876,0.9444505835684671,8.574074074074074,2.076160491588084,4.266666666666667,
t2,2026-02-20,2026-02-22 20:00:00,2026-02-23 02:00:00,68.0,0.36853293245483076,0.01742533134085703,0.21759534190868765,0.9055601054130769,7.75,1.3333333333333335,3.9333333333333336,
t2,2026-02-20,2026-02-22 21:00:00,2026-02-23 03:00:00,69.0,0.3076076869512768,0.01612265240920212,0.11119287806958685,0.724630576886227,6.472222222222222,0.600925212577332,3.6333333333333333,
t2,2026-02-20,2026-02-22 22:00:00,2026-02-23 04:00:00,70.0,0.1905252510076468,0.0076036773637216,0.06949658720291278,0.4983496974878354,4.935185185185186,0.992383546256516,3.1666666666666665,
t2,2026-02-20,2026-02-22 23:00:00,2026-02-23 05:00:00,71.0,0.16034010294090484,0.008156786411757955,0.06002156187715537,0.44651491245116154,3.3703703703703707,1.6245448872022525,2.7999999999999994,
t2,2026-02-21,2026-02-22 00:00:00,2026-02-22 06:00:00,24.0,0.11157554557198454,0.0018019665684668271,0.05034245988818084,0.32509852326311267,1.5185185185185184,1.2223274365487824,2.1333333333333333,
t2,2026-02-21,2026-02-22 01:00:00,2026-02-22 07:00:00,25.0,0.19603732240476804,0.0023366933705353792,0.09692603157304991,0.4606498409191409,2.824074074074074,2.3665514665059364,2.1,
t2,2026-02-21,2026-02-22 02:00:00,2026-02-22 08:00:00,26.0,0.2861748541160398,0.022687440739107854,0.23552320308826885,0.7294081685755369,5.935185185185186,3.867434204366363,1.9666666666666668,
t2,2026-02-21,2026-02-22 03:00:00,2026-02-22 09:00:00,27.0,0.4700987860933612,0.05264008310868021,0.4249469445632011,0.9623832846344009,7.787037037037038,4.208524320320903,2.4333333333333336,
t2,2026-02-21,2026-02-22 04:00:00,2026-02-22 10:00:00,28.0,0.611616203358617,0.14954578271500413,0.5807315484344414,0.9743347875058599,8.935185185185185,4.412763241311311,4.233333333333333,
t2,2026-02-21,2026-02-22 05:00:00,2026-02-22 11:00:00,29.0,0.7156140270378489,0.2208192018998808,0.7279637891964287,0.9778749954671937,9.481481481481481,4.99245830405177,6.166666666666667,
t2,2026-02-21,2026-02-22 06:00:00,2026-02-22 12:00:00,30.0,0.8930780274649491,0.5462944327119118,0.9352899876896165,0.9744323798587876,11.064814814814815,2.0378996490072487,7.6000000000000005,
t2,2026-02-21,2026-02-22 07:00:00,2026-02-22 13:00:00,31.0,0.9009248340542666,0.6442498286898563,0.9565655340887679,0.9724617873164668,11.472222222222221,1.5666765169115073,8.6,
t2,2026-02-21,2026-02-22 08:00:00,2026-02-22 14:00:00,32.0,0.8986617694227778,0.6668629712742704,0.9705712140542226,0.9750473219896103,11.203703703703704,1.2216960146711506,9.133333333333333,
t2,2026-02-21,2026-02-22 09:00:00,2026-02-22 15:00:00,33.0,0.8869925562269635,0.6895210971512685,0.9663438018465264,0.9758874966944218,10.925925925925926,1.3501066868376075,9.4,
t2,2026-02-21,2026-02-22 10:00:00,2026-02-22 16:00:00,34.0,0.8804843244808432,0.5820313872508132,0.9528279163622148,0.977845752062833,10.537037037037038,1.4725715867791618,9.466666666666667,
t2,2026-02-21,2026-02-22 11:00:00,2026-02-22 17:00:00,35.0,0.8077221997802149,0.43178019360781744,0.8489312904875201,0.9772368469278699,10.527777777777777,2.181749496206549,9.1,
t2,2026-02-21,2026-02-22 12:00:00,2026-02-22 18:00:00,36.0,0.7103198983294746,0.2303842483730203,0.7273871987079988,0.9882838015330521,10.083333333333334,2.403861348479993,8.3,
t2,2026-02-21,2026-02-22 13:00:00,2026-02-22 19:00:00,37.0,0.5578087727676687,0.10401919714240868,0.5242837979264556,0.9789336828110995,9.592592592592593,2.894270272715151,6.8999999999999995,
t2,2026-02-21,2026-02-22 14:00:00,2026-02-22 20:00:00,38.0,0.3647958069055864,0.03952484424433636,0.25832804023841544,0.8990005288658413,8.407407407407408,2.875011182658517,5.833333333333333,
t2,2026-02-21,2026-02-22 15:00:00,2026-02-22 21:00:00,39.0,0.2573604338423774,0.022053097295406873,0.14898319696920395,0.761629713742224,7.314814814814814,2.8340594567007984,5.066666666666666,
t2,2026-02-21,2026-02-22 16:00:00,2026-02-22 22:00:00,40.0,0.21199995863576698,0.008360955640940092,0.09893231383416408,0.6825404497583681,6.537037037037037,2.7234029941073277,4.366666666666666,
t2,2026-02-21,2026-02-22 17:00:00,2026-02-22 23:00:00,41.0,0.20887212168824948,0.006948372520589116,0.08572038466090187,0.6250417418216697,5.518518518518519,2.987930109197429,3.6666666666666665,
t2,2026-02-21,2026-02-22 18:00:00,2026-02-23 00:00:00,42.0,0.158761500421553,0.008161671140851763,0.06990921059062774,0.45919985447964434,4.62037037037037,1.821581301016782,3.266666666666667,
t2,2026-02-21,2026-02-22 19:00:00,2026-02-23 01:00:00,43.0,0.15823672919635043,0.008476888990236405,0.0643677834253047,0.42245192620147476,4.555555555555556,1.5949863577728434,2.9,
t2,2026-02-21,2026-02-22 20:00:00,2026-02-23 02:00:00,44.0,0.1326360190845132,0.008554355029304654,0.048004885435501375,0.36140272819939917,4.231481481481482,1.6796561719492114,2.766666666666667,
t2,2026-02-21,2026-02-22 21:00:00,2026-02-23 03:00:00,45.0,0.13386854490433495,0.008457217361781576,0.04465906188844663,0.36101852338083934,3.9444444444444446,2.108368101016214,2.6666666666666665,
t2,2026-02-21,2026-02-22 22:00:00,2026-02-23 04:00:00,46.0,0.12232661909815043,0.008357791756545302,0.035887379024336516,0.3226119491059315,3.898148148148149,2.0729990600288897,2.6333333333333333,
t2,2026-02-21,2026-02-22 23:00:00,2026-02-23 05:00:00,47.0,0.12218499173909535,0.008375554351738947,0.01897848213634332,0.35265052326739493,3.5462962962962963,2.6845944433196762,2.466666666666667,
t2,2026-02-21,2026-02-23 00:00:00,2026-02-23 06:00:00,48.0,0.10783841792448419,0.008592566482581046,0.020504047078269985,0.29189330597309576,2.240740740740741,0.8133404168888054,2.4,
t2,2026-02-21,2026-02-23 01:00:00,2026-02-23 07:00:00,49.0,0.10326416330977263,0.008566832466256369,0.02126315352463307,0.2811027485905904,1.5370370370370372,0.9322469426819902,2.2666666666666666,
t2,2026-02-21,2026-02-23 02:00:00,2026-02-23 08:00:00,50.0,0.10503635809973355,0.008475234769151048,0.019142360735130558,0.2908895974259791,1.1574074074074074,0.38322596456620145,2.2666666666666666,
t2,2026-02-21,2026-02-23 03:00:00,2026-02-23 09:00:00,51.0,0.12486345724065814,0.008590992547946647,0.02951096840817519,0.3550824930764617,1.1944444444444444,1.3746492257398468,3.3333333333333335,
t2,2026-02-21,2026-02-23 04:00:00,2026-02-23 10:00:00,52.0,0.1394132239786064,0.00848920992579039,0.038924935664248324,0.37782737834401825,1.7685185185185184,1.8636660185791298,5.066666666666666,
t2,2026-02-21,2026-02-23 05:00:00,2026-02-23 11:00:00,53.0,0.20353736164558062,0.009740820993547733,0.10806037493266829,0.5099372000969816,3.203703703703704,1.781318811391978,6.8999999999999995,
t2,2026-02-21,2026-02-23 06:00:00,2026-02-23 12:00:00,54.0,0.2627411110682274,0.014695095478714575,0.18330576283448718,0.5888098540433462,3.9722222222222228,2.6199613605670216,8.266666666666667,
t2,2026-02-21,2026-02-23 07:00:00,2026-02-23 13:00:00,55.0,0.3675021464113877,0.02635007816431214,0.28356617860558914,0.7785143181387817,6.0092592592592595,3.4384281388221014,9.1,
t2,2026-02-21,2026-02-23 08:00:00,2026-02-23 14:00:00,56.0,0.45358283356119167,0.035965552058603495,0.37778238253225677,0.8910275844102044,7.564814814814814,3.78943598743674,8.9,
t2,2026-02-21,2026-02-23 09:00:00,2026-02-23 15:00:00,57.0,0.5487933744706118,0.0644872860363153,0.47941196064325803,0.9278288137196028,8.148148148148149,3.1703600943066412,8.466666666666667,
t2,2026-02-21,2026-02-23 10:00:00,2026-02-23 16:00:00,58.0,0.5728636082744396,0.08405551919540227,0.5260868484999803,0.9729214754519387,8.314814814814817,2.8404503931971763,8.1,
t2,2026-02-21,2026-02-23 11:00:00,2026-02-23 17:00:00,59.0,0.5922069404254005,0.19075299588694644,0.6066763072391852,0.9684562975950828,9.046296296296296,1.6851597474677575,7.333333333333333,
t2,2026-02-21,2026-02-23 12:00:00,2026-02-23 18:00:00,60.0,0.7010778163997545,0.311345791233633,0.7279413745706103,0.9684219837865241,10.185185185185185,0.18495355884664966,6.033333333333334,
t2,2026-02-21,2026-02-23 13:00:00,2026-02-23 19:00:00,61.0,0.7409129767366815,0.32893932997061165,0.8312273136449311,0.9719250845160067,10.25925925925926,1.7234165512299973,5.0,
t2,2026-02-21,2026-02-23 14:00:00,2026-02-23 20:00:00,62.0,0.810218237309605,0.5303389520112295,0.8750717424179546,0.9757701400232069,10.00925925925926,2.058243987664534,3.866666666666667,
t2,2026-02-21,2026-02-23 15:00:00,2026-02-23 21:00:00,63.0,0.8352537583649413,0.6169857431254405,0.9219578691023164,0.977833400523542,10.888888888888891,1.8788540636762059,2.4666666666666663,
t2,2026-02-21,2026-02-23 16:00:00,2026-02-23 22:00:00,64.0,0.8769680507884214,0.6526397558813357,0.9371489350895713,0.9791473835579769,11.138888888888891,2.458451032963944,1.2333333333333334,
t2,2026-02-21,2026-02-23 17:00:00,2026-02-23 23:00:00,65.0,0.8951883557142213,0.7330627009039539,0.951052917248641,0.9782744612539873,12.148148148148147,2.058243987664534,0.06666666666666665,
t2,2026-02-21,2026-02-23 18:00:00,2026-02-24 00:00:00,66.0,0.8979444356960423,0.7390320448464365,0.9567889157259925,0.9782904524779158,12.370370370370372,1.460470215728075,-0.26666666666666666,
t2,2026-02-21,2026-02-23 19:00:00,2026-02-24 01:00:00,67.0,0.8926608941953171,0.732493533712107,0.9486656566885322,0.9785444142158803,12.444444444444443,1.3802509165338717,-0.8666666666666667,
t2,2026-02-21,2026-02-23 20:00:00,2026-02-24 02:00:00,68.0,0.8591325035769732,0.6751010743518262,0.9328012683181732,0.980322860249938,11.648148148148147,1.1226255234242728,-1.3,
t2,2026-02-21,2026-02-23 21:00:00,2026-02-24 03:00:00,69.0,0.8620043451210079,0.662159449154257,0.940206718573835,0.9818619043341805,11.231481481481483,1.0719967139560225,-1.5333333333333332,
t2,2026-02-21,2026-02-23 22:00:00,2026-02-24 04:00:00,70.0,0.8669449901720802,0.6748058636057964,0.9409504947392016,0.9799744693118143,11.379629629629632,1.1063555638875122,-1.8333333333333333,
t2,2026-02-21,2026-02-23 23:00:00,2026-02-24 05:00:00,71.0,0.8594404999994831,0.6810075433100994,0.9361702879605287,0.9787319138049393,11.592592592592595,1.2454650246281578,-2.033333333333333,
t2,2026-02-22,2026-02-23 00:00:00,2026-02-23 06:00:00,24.0,0.1094527547119073,0.00885128767761615,0.023715803999836478,0.28594821521400055,3.1111111111111107,1.7429310491167769,2.3000000000000003,
t2,2026-02-22,2026-02-23 01:00:00,2026-02-23 07:00:00,25.0,0.10967877267902194,0.008894199921304354,0.024947255971123745,0.300119079738141,2.722222222222222,0.5534683012547578,2.1666666666666665,
t2,2026-02-22,2026-02-23 02:00:00,2026-02-23 08:00:00,26.0,0.11373693556333236,0.00852281135690663,0.02225420920318276,0.27966197130880655,2.064814814814815,1.4793677049957399,2.4333333333333336,
t2,2026-02-22,2026-02-23 03:00:00,2026-02-23 09:00:00,27.0,0.10984598062677282,0.008538894394051196,0.02792174910777076,0.3156221715288244,2.351851851851852,1.4088382103281623,3.5666666666666664,
t2,2026-02-22,2026-02-23 04:00:00,2026-02-23 10:00:00,28.0,0.13817929293338302,0.008611243251028076,0.057644257606603494,0.36578858254419755,2.8888888888888893,2.1247730452514597,5.3999999999999995,
t2,2026-02-22,2026-02-23 05:00:00,2026-02-23 11:00:00,29.0,0.1899819619960233,0.012167486523316843,0.09246739311854388,0.4904839267762412,3.6018518518518525,1.908867653915433,7.1000000000000005,
t2,2026-02-22,2026-02-23 06:00:00,2026-02-23 12:00:00,30.0,0.2156040306725293,0.018225672888726875,0.14506637354646826,0.5654160501804374,3.7129629629629632,1.4995712693198504,8.5,
t2,2026-02-22,2026-02-23 07:00:00,2026-02-23 13:00:00,31.0,0.3435270730661253,0.03391176959019808,0.2770038927506577,0.7268153169501689,5.305555555555555,0.728074579004509,8.933333333333334,
t2,2026-02-22,2026-02-23 08:00:00,2026-02-23 14:00:00,32.0,0.4633232236399674,0.06287857872181546,0.3920685205665809,0.8831780571122646,7.805555555555556,1.5282827448309904,8.866666666666667,
t2,2026-02-22,2026-02-23 09:00:00,2026-02-23 15:00:00,33.0,0.5607424864607167,0.11666667452875219,0.44547051094806933,0.9322075126237642,8.703703703703704,1.9771716715879881,8.6,
t2,2026-02-22,2026-02-23 10:00:00,2026-02-23 16:00:00,34.0,0.5927004730078461,0.16093182564028033,0.5486052796756565,0.9558299758829142,8.574074074074074,0.920167277689248,7.833333333333333,
t2,2026-02-22,2026-02-23 11:00:00,2026-02-23 17:00:00,35.0,0.6340170787413978,0.24553676073030015,0.6456236075677845,0.9648138738910177,9.370370370370372,0.9923835462565163,7.0,
t2,2026-02-22,2026-02-23 12:00:00,2026-02-23 18:00:00,36.0,0.7574622483862488,0.37827309683696486,0.777483620510106,0.9699500569814951,10.222222222222221,1.309096851994242,6.266666666666666,
t2,2026-02-22,2026-02-23 13:00:00,2026-02-23 19:00:00,37.0,0.7757146574520175,0.4147701751494127,0.7939290024840275,0.9793006672224323,10.657407407407407,1.2904962837746623,5.433333333333333,
t2,2026-02-22,2026-02-23 14:00:00,2026-02-23 20:00:00,38.0,0.7776910549238949,0.4633461830996827,0.8153296760816521,0.9762588517743866,10.50925925925926,1.3912017778996966,4.7,
t2,2026-02-22,2026-02-23 15:00:00,2026-02-23 21:00:00,39.0,0.7645660429992722,0.5496669096216298,0.838031446266232,0.9693733469324437,10.083333333333334,1.0911399634112422,4.033333333333334,
t2,2026-02-22,2026-02-23 16:00:00,2026-02-23 22:00:00,40.0,0.8056596963142955,0.5303569471038645,0.864975229321548,0.9771289718268092,9.546296296296296,1.5812201622943252,3.1666666666666665,
t2,2026-02-22,2026-02-23 17:00:00,2026-02-23 23:00:00,41.0,0.8714296831197913,0.7047098863608926,0.9306462432448721,0.9771726642287198,10.63888888888889,0.7876359377087683,2.1,
t2,2026-02-22,2026-02-23 18:00:00,2026-02-24 00:00:00,42.0,0.9028615933905181,0.7737514075326022,0.9362681537307582,0.9777306267464726,11.592592592592595,0.48934112080458647,1.0999999999999999,
t2,2026-02-22,2026-02-23 19:00:00,2026-02-24 01:00:00,43.0,0.9034182013899753,0.7570416223703489,0.9330539510353365,0.9782253554978406,11.620370370370372,0.2625453125695884,0.13333333333333333,
t2,2026-02-22,2026-02-23 20:00:00,2026-02-24 02:00:00,44.0,0.884769478538892,0.7208560911531063,0.938989557341211,0.9789899043005605,11.740740740740742,0.7664519291324018,-0.6666666666666666,
t2,2026-02-22,2026-02-23 21:00:00,2026-02-24 03:00:00,45.0,0.856938898176347,0.6559447922137701,0.9258579887211977,0.9788991812269433,11.629629629629632,1.1406941428674109,-1.0999999999999999,
t2,2026-02-22,2026-02-23 22:00:00,2026-02-24 04:00:00,46.0,0.833128484271366,0.600079986838255,0.9143718894046395,0.9780833067498181,11.379629629629628,1.2289377794842276,-1.6333333333333335,
t2,2026-02-22,2026-02-23 23:00:00,2026-02-24 05:00:00,47.0,0.8123240713906904,0.5557018139039295,0.8723149704168998,0.9773079317910853,11.222222222222223,1.2288331311441492,-1.8333333333333333,
t2,2026-02-22,2026-02-24 00:00:00,2026-02-24 06:00:00,48.0,0.8080668944218771,0.574917976155249,0.8940156603579688,0.9779376249622151,10.787037037037038,0.23129622216290383,-2.1,
t2,2026-02-22,2026-02-24 01:00:00,2026-02-24 07:00:00,49.0,0.7677728347908305,0.5314987217342764,0.86245895780152,0.9727558326992433,10.444444444444443,0.409192218407118,-2.1,
t2,2026-02-22,2026-02-24 02:00:00,2026-02-24 08:00:00,50.0,0.7218410200029693,0.49885812584217054,0.8066257748309982,0.9679071777990473,9.990740740740742,0.6668595400011421,-1.9666666666666668,
t2,2026-02-22,2026-02-24 03:00:00,2026-02-24 09:00:00,51.0,0.7177054447647582,0.3436184123482412,0.7099330143179658,0.9647786343559174,9.5,0.8296213623926711,-1.5999999999999999,
t2,2026-02-22,2026-02-24 04:00:00,2026-02-24 10:00:00,52.0,0.5823470535233795,0.25578939305717774,0.5608798376496651,0.9277951027242541,9.351851851851853,1.032397027019731,-1.1333333333333335,
t2,2026-02-22,2026-02-24 05:00:00,2026-02-24 11:00:00,53.0,0.5687326171309219,0.19735522589742113,0.5310534169116967,0.9100609443587688,9.055555555555555,1.2813958438523105,-0.5666666666666667,
t2,2026-02-22,2026-02-24 06:00:00,2026-02-24 12:00:00,54.0,0.5241860515546991,0.15263593890219068,0.4905066526031543,0.9065667804107791,9.296296296296296,2.099811376988429,-0.8000000000000002,
t2,2026-02-22,2026-02-24 07:00:00,2026-02-24 13:00:00,55.0,0.5056584563754276,0.16305771978593728,0.47481137744879587,0.8881670150437405,8.870370370370372,2.3164623766396106,-0.3666666666666667,
t2,2026-02-22,2026-02-24 08:00:00,2026-02-24 14:00:00,56.0,0.5037932195565357,0.14608741842832368,0.46474539004894366,0.8963776850496351,8.787037037037038,2.504984742402792,0.0,
t2,2026-02-22,2026-02-24 09:00:00,2026-02-24 15:00:00,57.0,0.49871138332041576,0.09981653996927879,0.4471013683369228,0.9032566965425151,8.888888888888891,2.6356705521098913,0.16666666666666674,
t2,2026-02-22,2026-02-24 10:00:00,2026-02-24 16:00:00,58.0,0.4741344386597529,0.07436644368226057,0.4001428846562188,0.8835890661875979,8.888888888888891,2.8285635232284028,0.20000000000000004,
t2,2026-02-22,2026-02-24 11:00:00,2026-02-24 17:00:00,59.0,0.4438466192506293,0.042205628427212136,0.3628790290855277,0.8405853324000953,8.629629629629632,2.7896044529852664,0.0,
t2,2026-02-22,2026-02-24 12:00:00,2026-02-24 18:00:00,60.0,0.3415861652314654,0.026986108200759192,0.29570689731255156,0.7790047053124455,8.24074074074074,2.4200699748411347,-0.23333333333333336,
t2,2026-02-22,2026-02-24 13:00:00,2026-02-24 19:00:00,61.0,0.26428619119052915,0.023980044945203796,0.23274058088863397,0.7433241679853642,7.740740740740741,2.658020319045907,-0.7999999999999999,
t2,2026-02-22,2026-02-24 14:00:00,2026-02-24 20:00:00,62.0,0.2273101465754328,0.011325905795883271,0.16489278164185553,0.6993199151793789,6.953703703703705,2.5625407755463034,-1.2,
t2,2026-02-22,2026-02-24 15:00:00,2026-02-24 21:00:00,63.0,0.19072916876590168,0.008677867700006153,0.10295574784273616,0.6284251375424115,6.157407407407407,2.5178886739658677,-1.5333333333333332,
t2,2026-02-22,2026-02-24 16:00:00,2026-02-24 22:00:00,64.0,0.1515624572158424,0.0073673138911214825,0.08354992019156203,0.5016579715984864,5.472222222222222,2.550114981673001,-1.9333333333333336,
t2,2026-02-22,2026-02-24 17:00:00,2026-02-24 23:00:00,65.0,0.1033316891892384,0.008352854297038996,0.028320044908123603,0.361526727029149,4.37962962962963,2.336032389566309,-2.266666666666667,
t2,2026-02-22,2026-02-24 18:00:00,2026-02-25 00:00:00,66.0,0.06662571430899399,0.0024153004745642312,0.014745379380789876,0.23387730637831036,2.175925925925926,1.2436050409765904,-2.533333333333333,
t2,2026-02-22,2026-02-24 19:00:00,2026-02-25 01:00:00,67.0,0.06940049026160393,0.008705382629417183,0.014778107633582229,0.23046259976771782,1.0648148148148149,0.7138042174891865,-2.733333333333333,
t2,2026-02-22,2026-02-24 20:00:00,2026-02-25 02:00:00,68.0,0.08548389769618742,0.008870177590554992,0.020365586447592062,0.2547829220851595,1.027777777777778,0.5739993977714395,-3.0,
t2,2026-02-22,2026-02-24 21:00:00,2026-02-25 03:00:00,69.0,0.0926380083969367,0.009281213638408434,0.025544428948327657,0.28114871474901426,2.2222222222222228,1.233220715579062,-3.133333333333333,
t2,2026-02-22,2026-02-24 22:00:00,2026-02-25 04:00:00,70.0,0.10383264171488567,0.009293045257419398,0.05121196015918277,0.33860147748177244,3.435185185185185,1.910887691505528,-3.033333333333333,
t2,2026-02-22,2026-02-24 23:00:00,2026-02-25 05:00:00,71.0,0.13598919680883562,0.009387682824310992,0.08875579272548544,0.43650199254728644,4.5092592592592595,2.423097021779098,-2.6666666666666665,
t2,2026-02-23,2026-02-24 00:00:00,2026-02-24 06:00:00,24.0,0.7530459957048787,0.3600145763061944,0.8004059582770676,0.9754603960574659,10.046296296296298,1.4804104925112656,-2.1,
t2,2026-02-23,2026-02-24 01:00:00,2026-02-24 07:00:00,25.0,0.7198075540448367,0.3349931334964127,0.7689442006166504,0.9731628125098407,9.907407407407408,1.6190735551403261,-2.2666666666666666,
t2,2026-02-23,2026-02-24 02:00:00,2026-02-24 08:00:00,26.0,0.6727934237210875,0.2524343295333226,0.6974063511383061,0.9677964361002444,9.703703703703704,1.7341284975717723,-2.433333333333333,
t2,2026-02-23,2026-02-24 03:00:00,2026-02-24 09:00:00,27.0,0.6534052561614282,0.19309099354427936,0.6728964941247617,0.9653423517275155,9.5,1.682104428578076,-2.1333333333333333,
t2,2026-02-23,2026-02-24 04:00:00,2026-02-24 10:00:00,28.0,0.5604396733840886,0.1963820416888065,0.5668349736516858,0.9378111405614717,9.222222222222223,1.543354931454345,-1.5666666666666664,
t2,2026-02-23,2026-02-24 05:00:00,2026-02-24 11:00:00,29.0,0.5214192950947648,0.17050006380376345,0.5438064936753635,0.9053642515477747,9.111111111111112,1.2729376930432887,-1.0999999999999999,
t2,2026-02-23,2026-02-24 06:00:00,2026-02-24 12:00:00,30.0,0.4950406090636943,0.17679964446691843,0.4902082940777686,0.8875224888936419,9.018518518518519,1.2697007197349592,-0.5666666666666667,
t2,2026-02-23,2026-02-24 07:00:00,2026-02-24 13:00:00,31.0,0.49813794219968394,0.1682239433883814,0.4950826841971224,0.8639234766192486,8.962962962962964,1.5215360713637074,-0.06666666666666665,
t2,2026-02-23,2026-02-24 08:00:00,2026-02-24 14:00:00,32.0,0.5214732401258142,0.16637741920763122,0.507416179106541,0.8980081570088752,8.861111111111112,1.5840641588203617,0.2333333333333333,
t2,2026-02-23,2026-02-24 09:00:00,2026-02-24 15:00:00,33.0,0.5163507291256401,0.14578238014190242,0.5014044965002947,0.8934930587320667,8.851851851851853,1.4892447059629534,0.19999999999999996,
t2,2026-02-23,2026-02-24 10:00:00,2026-02-24 16:00:00,34.0,0.48961238444992305,0.14396473220625855,0.469903564747329,0.8715260512312875,8.86111111111111,1.5413538221116756,0.03333333333333329,
t2,2026-02-23,2026-02-24 11:00:00,2026-02-24 17:00:00,35.0,0.39366369615135477,0.0665102803345413,0.37432534259885725,0.8236442235051844,8.592592592592593,1.4764962418724181,-0.16666666666666666,
t2,2026-02-23,2026-02-24 12:00:00,2026-02-24 18:00:00,36.0,0.34825283968615045,0.04061307496220944,0.32917055127273254,0.7838324076836787,7.620370370370371,0.6817355605259245,-0.26666666666666666,
t2,2026-02-23,2026-02-24 13:00:00,2026-02-24 19:00:00,37.0,0.29498990528082714,0.025237709856511005,0.23868760215865686,0.7775903333235061,7.268518518518519,0.8634972912617968,-0.5666666666666668,
t2,2026-02-23,2026-02-24 14:00:00,2026-02-24 20:00:00,38.0,0.2188177607432848,0.013195987680299844,0.14000112583717786,0.7065276661992761,6.703703703703703,0.7034599967860212,-0.8333333333333334,
t2,2026-02-23,2026-02-24 15:00:00,2026-02-24 21:00:00,39.0,0.18332764642155489,0.01031949020144363,0.12160195538962391,0.5187916475984247,5.8240740740740735,0.45247376751372625,-0.9,
t2,2026-02-23,2026-02-24 16:00:00,2026-02-24 22:00:00,40.0,0.1346366436827447,0.007330328779127936,0.0662359629062517,0.36054941476291763,4.796296296296297,0.4169751944147296,-1.0,
t2,2026-02-23,2026-02-24 17:00:00,2026-02-24 23:00:00,41.0,0.09189445154154958,0.002540387328465195,0.02348271939494594,0.23903658294745728,4.018518518518518,0.6062517235137351,-1.1666666666666665,
t2,2026-02-23,2026-02-24 18:00:00,2026-02-25 00:00:00,42.0,0.06725594621330165,0.0023050524811559867,0.017731124012738728,0.1880941417318151,1.8796296296296298,0.5280213862734537,-1.4000000000000001,
t2,2026-02-23,2026-02-24 19:00:00,2026-02-25 01:00:00,43.0,0.0629702377143727,0.008387232703855817,0.015364903750287597,0.18766574512131134,0.9629629629629629,0.5619996631664266,-1.5333333333333332,
t2,2026-02-23,2026-02-24 20:00:00,2026-02-25 02:00:00,44.0,0.06347582608613125,0.008452045747607481,0.015922338685866635,0.188750829127352,0.6481481481481481,0.1849535588466498,-1.5666666666666667,
t2,2026-02-23,2026-02-24 21:00:00,2026-02-25 03:00:00,45.0,0.07825217801216695,0.008848929182438525,0.022858068759622728,0.21306741733593082,1.0555555555555556,0.7997877804937761,-1.6000000000000003,
t2,2026-02-23,2026-02-24 22:00:00,2026-02-25 04:00:00,46.0,0.11262319676967082,0.008566181874510815,0.04474327836661973,0.29795960422585704,1.8333333333333333,0.9464847243000455,-1.5,
t2,2026-02-23,2026-02-24 23:00:00,2026-02-25 05:00:00,47.0,0.16196181513294747,0.011051695851148288,0.08468484734692716,0.43737858054559997,2.8518518518518516,1.4148499607812246,-1.2333333333333334,
t2,2026-02-23,2026-02-25 00:00:00,2026-02-25 06:00:00,48.0,0.30871521388842477,0.023142957386524155,0.20730555961905903,0.6277769325931758,4.935185185185186,3.414332234720795,-2.266666666666667,
t2,2026-02-23,2026-02-25 01:00:00,2026-02-25 07:00:00,49.0,0.3890566495492004,0.027205461335936227,0.2807435807117576,0.8310378224341127,6.064814814814814,3.8172299977820403,-2.1999999999999997,
t2,2026-02-23,2026-02-25 02:00:00,2026-02-25 08:00:00,50.0,0.4160164671473662,0.033761747604795375,0.3372741999537949,0.8878081419158371,7.296296296296297,3.750034293396007,-2.0,
t2,2026-02-23,2026-02-25 03:00:00,2026-02-25 09:00:00,51.0,0.48848236552691315,0.06617741322468382,0.4109097540997806,0.9454851150070597,8.564814814814815,3.169873295231046,-1.2666666666666666,
t2,2026-02-23,2026-02-25 04:00:00,2026-02-25 10:00:00,52.0,0.6031809481600293,0.10155167753454458,0.5408045348279624,0.950263182212776,8.916666666666666,2.9566048680334363,-0.033333333333333326,
t2,2026-02-23,2026-02-25 05:00:00,2026-02-25 11:00:00,53.0,0.6819193426109186,0.14807951688763216,0.6324792830321434,0.9596391090470509,8.620370370370372,2.8948034184164775,1.2333333333333334,
t2,2026-02-23,2026-02-25 06:00:00,2026-02-25 12:00:00,54.0,0.7211484599305,0.22328100217422012,0.7259110427555318,0.9611768507711491,8.925925925925926,1.7392379249748389,2.5333333333333337,
t2,2026-02-23,2026-02-25 07:00:00,2026-02-25 13:00:00,55.0,0.7122943766852919,0.1971831204825256,0.7152046679741281,0.9462417882191481,8.851851851851853,1.6162115943450825,3.4333333333333336,
t2,2026-02-23,2026-02-25 08:00:00,2026-02-25 14:00:00,56.0,0.6510761272026979,0.1404414981256625,0.6800769109477464,0.9000042054096591,8.148148148148147,1.5062455710024873,4.133333333333333,
t2,2026-02-23,2026-02-25 09:00:00,2026-02-25 15:00:00,57.0,0.5315223970117868,0.07047006326316653,0.5291754784790549,0.8785699080181364,7.814814814814816,1.5318968042691525,4.533333333333333,
t2,2026-02-23,2026-02-25 10:00:00,2026-02-25 16:00:00,58.0,0.4402499930493894,0.07411436305772674,0.37931490251420585,0.8312597853027527,7.111111111111112,1.736722114704509,4.533333333333332,
t2,2026-02-23,2026-02-25 11:00:00,2026-02-25 17:00:00,59.0,0.3271573394383765,0.024893557658402333,0.25879215086365226,0.7913944384608247,6.916666666666667,2.5043172599076984,4.266666666666667,
t2,2026-02-23,2026-02-25 12:00:00,2026-02-25 18:00:00,60.0,0.30914463564457806,0.012968749997913294,0.20376183507329576,0.7595843300425702,5.814814814814816,2.1100752819445208,3.266666666666667,
t2,2026-02-23,2026-02-25 13:00:00,2026-02-25 19:00:00,61.0,0.37610964489132687,0.026319743701630514,0.24728816983423493,0.785983410405097,6.305555555555556,1.529292178722312,2.8333333333333335,
t2,2026-02-23,2026-02-25 14:00:00,2026-02-25 20:00:00,62.0,0.447678288735429,0.03304298902094878,0.27361499864822975,0.8682492871028905,6.0740740740740735,0.5048631807487249,2.4,
t2,2026-02-23,2026-02-25 15:00:00,2026-02-25 21:00:00,63.0,0.5950545126780262,0.10003730553046691,0.5041360862556811,0.9761950077918479,6.7407407407407405,0.3699071176932996,1.7666666666666666,
t2,2026-02-23,2026-02-25 16:00:00,2026-02-25 22:00:00,64.0,0.7346905081779549,0.2394010971503969,0.7320776299368827,0.9906055247670179,8.777777777777779,1.5275252316519468,1.6666666666666667,
t2,2026-02-23,2026-02-25 17:00:00,2026-02-25 23:00:00,65.0,0.8018473527444474,0.3574014889950094,0.8493558786780593,0.9790955948593587,10.555555555555555,2.592873662012958,1.8,
t2,2026-02-23,2026-02-25 18:00:00,2026-02-26 00:00:00,66.0,0.8437354649360941,0.5409640236991616,0.9007337916919069,0.9776798140005686,11.064814814814815,0.6163496015052827,1.5666666666666667,
t2,2026-02-23,2026-02-25 19:00:00,2026-02-26 01:00:00,67.0,0.8426280109084342,0.5877521130152821,0.9105483658803168,0.9767201097060094,11.824074074074074,1.2128215919877785,1.5333333333333334,
t2,2026-02-23,2026-02-25 20:00:00,2026-02-26 02:00:00,68.0,0.8449768296634326,0.5774274439968492,0.9026592872747672,0.9759438742760459,11.972222222222223,1.1097213530798995,1.4333333333333333,
t2,2026-02-23,2026-02-25 21:00:00,2026-02-26 03:00:00,69.0,0.8377451021830403,0.5670442357576292,0.9148825979801135,0.9758429409738663,12.037037037037038,1.438645768106428,1.3333333333333333,
t2,2026-02-23,2026-02-25 22:00:00,2026-02-26 04:00:00,70.0,0.8566575157880656,0.5801126393921809,0.9253554447001314,0.9746041153182586,12.15740740740741,1.9385492645349012,1.3333333333333333,
t2,2026-02-23,2026-02-25 23:00:00,2026-02-26 05:00:00,71.0,0.8431038731748588,0.5557116439142566,0.899959825852518,0.9755753936382247,11.638888888888891,1.7166127283867085,1.3,
t2,2026-02-24,2026-02-25 00:00:00,2026-02-25 06:00:00,24.0,0.1374888256394827,0.008976387283005477,0.07727593653737243,0.3882262227440964,3.2129629629629632,2.521716379361959,-1.0666666666666667,
t2,2026-02-24,2026-02-25 01:00:00,2026-02-25 07:00:00,25.0,0.17384136972390446,0.008784943782469433,0.09471658962637827,0.5122821046657374,4.1759259259259265,2.5477436963687756,-0.8333333333333334,
t2,2026-02-24,2026-02-25 02:00:00,2026-02-25 08:00:00,26.0,0.19938682143554148,0.008938629644637836,0.12635303659000827,0.5399561665081533,5.009259259259259,2.32809155491485,-0.3333333333333333,
t2,2026-02-24,2026-02-25 03:00:00,2026-02-25 09:00:00,27.0,0.17794859981840067,0.00886451189932913,0.1352886883264545,0.5119811347996804,5.453703703703703,1.98418386161863,-0.03333333333333333,
t2,2026-02-24,2026-02-25 04:00:00,2026-02-25 10:00:00,28.0,0.1518595747681738,0.008239545203855596,0.09939211425885817,0.4369634695429311,5.037037037037037,1.3235559721910646,0.5,
t2,2026-02-24,2026-02-25 05:00:00,2026-02-25 11:00:00,29.0,0.08847767187649769,0.008304587622327544,0.030216606249339355,0.28734835358189204,4.287037037037037,1.3626219883473083,1.1666666666666667,
t2,2026-02-24,2026-02-25 06:00:00,2026-02-25 12:00:00,30.0,0.07691033594155491,0.009004297144555248,0.033790413709007615,0.2669961470144678,3.3796296296296298,2.0039184864688293,1.5666666666666667,
t2,2026-02-24,2026-02-25 07:00:00,2026-02-25 13:00:00,31.0,0.07979367746814217,0.009550161945652166,0.031458365806694706,0.2492540967653003,3.175925925925926,1.6502275687936454,2.1666666666666665,
t2,2026-02-24,2026-02-25 08:00:00,2026-02-25 14:00:00,32.0,0.07637390539746142,0.008958671899525423,0.014202169540179685,0.22850202665277472,3.018518518518519,1.614061793504521,2.6999999999999997,
t2,2026-02-24,2026-02-25 09:00:00,2026-02-25 15:00:00,33.0,0.06623817066521107,0.008662502998253524,0.014009070359150652,0.24861916039230308,2.5,2.2116065888181162,3.1333333333333333,
t2,2026-02-24,2026-02-25 10:00:00,2026-02-25 16:00:00,34.0,0.07270450968666439,0.008470241500874606,0.021151169541259392,0.2515966987897371,2.0185185185185186,2.485813659010889,2.766666666666667,
t2,2026-02-24,2026-02-25 11:00:00,2026-02-25 17:00:00,35.0,0.08934599379483027,0.008099577803795747,0.022061171412835565,0.27052416269358803,2.8981481481481484,2.0299328984024227,2.1333333333333333,
t2,2026-02-24,2026-02-25 12:00:00,2026-02-25 18:00:00,36.0,0.12334272934729304,0.00900281588037281,0.05706688525235966,0.35985117637684333,2.944444444444444,2.2194427061597977,1.4333333333333333,
t2,2026-02-24,2026-02-25 13:00:00,2026-02-25 19:00:00,37.0,0.14712466268026786,0.008087958041975764,0.09321698217121752,0.40019334575909016,3.425925925925926,1.8403345553784956,0.7333333333333334,
t2,2026-02-24,2026-02-25 14:00:00,2026-02-25 20:00:00,38.0,0.22384310083723477,0.007773174706440633,0.12688102613810479,0.5400426384615541,3.7962962962962963,3.035455776246349,0.6,
t2,2026-02-24,2026-02-25 15:00:00,2026-02-25 21:00:00,39.0,0.2871714172518549,0.02134489375862005,0.21563905983214277,0.6751096065491848,4.583333333333333,4.123479892003002,0.3333333333333333,
t2,2026-02-24,2026-02-25 16:00:00,2026-02-25 22:00:00,40.0,0.362820737235791,0.034255875234678934,0.32533325371302063,0.8533050619782687,5.268518518518518,3.3271161155106284,0.3333333333333333,
t2,2026-02-24,2026-02-25 17:00:00,2026-02-25 23:00:00,41.0,0.5587151417579475,0.06698819904510062,0.4818915445551517,0.9831995559770186,7.490740740740741,2.414643682870485,0.43333333333333335,
t2,2026-02-24,2026-02-25 18:00:00,2026-02-26 00:00:00,42.0,0.6922369691773363,0.18249748745068636,0.6461123074332018,0.9899726499224719,9.601851851851853,2.487054962567429,0.8000000000000002,
t2,2026-02-24,2026-02-25 19:00:00,2026-02-26 01:00:00,43.0,0.749620299522472,0.2902264624714401,0.7496218828344721,0.9782133005323954,10.666666666666666,2.307562713993348,0.8666666666666667,
t2,2026-02-24,2026-02-25 20:00:00,2026-02-26 02:00:00,44.0,0.7691725630373718,0.3735486492598904,0.8199454254364492,0.9796850244615954,11.101851851851853,2.1953818907175426,0.8666666666666666,
t2,2026-02-24,2026-02-25 21:00:00,2026-02-26 03:00:00,45.0,0.7585467656018836,0.3719104552247186,0.8093507229663729,0.9784726880052883,10.916666666666666,2.1204108034314113,0.7999999999999999,
t2,2026-02-24,2026-02-25 22:00:00,2026-02-26 04:00:00,46.0,0.8139671535217196,0.5473627735440937,0.8952805564915131,0.973820743586777,11.731481481481481,0.35825078003987165,0.7999999999999999,
t2,2026-02-24,2026-02-25 23:00:00,2026-02-26 05:00:00,47.0,0.8050379333326433,0.49949815827464666,0.877086024372428,0.9757584391579717,11.277777777777779,0.37371177908538034,0.5666666666666668,
t2,2026-02-24,2026-02-26 00:00:00,2026-02-26 06:00:00,48.0,0.8092399534685182,0.4867186919909434,0.8771676328122242,0.9749242347823406,11.055555555555557,0.8731240914167623,1.1666666666666667,
t2,2026-02-24,2026-02-26 01:00:00,2026-02-26 07:00:00,49.0,0.7408324751235021,0.4434505455759366,0.8229850210573172,0.9743521987393973,10.712962962962962,0.46175769036265546,1.3,
t2,2026-02-24,2026-02-26 02:00:00,2026-02-26 08:00:00,50.0,0.544780323567357,0.14622572024938005,0.612262639875418,0.9879892782561317,10.305555555555555,3.192874010111337,1.5999999999999999,
t2,2026-02-24,2026-02-26 03:00:00,2026-02-26 09:00:00,51.0,0.7070254806309771,0.2696397628597162,0.7467312191171945,0.976827584616405,11.416666666666666,1.3752104216096181,1.5333333333333332,
t2,2026-02-24,2026-02-26 04:00:00,2026-02-26 10:00:00,52.0,0.4925977255014773,0.07423866199450169,0.4351744314369247,0.9436330720956783,9.398148148148147,4.002057084219289,1.366666666666667,
t2,2026-02-24,2026-02-26 05:00:00,2026-02-26 11:00:00,53.0,0.3937291055212306,0.03419704920117446,0.3300914655000575,0.8379732902899427,6.203703703703705,2.414643682870485,2.266666666666667,
t2,2026-02-24,2026-02-26 06:00:00,2026-02-26 12:00:00,54.0,0.3860628981704382,0.04007103020993874,0.31835403228446585,0.7832961795523969,8.101851851851853,1.3056540545979491,2.566666666666667,
t2,2026-02-24,2026-02-26 07:00:00,2026-02-26 13:00:00,55.0,0.5167032698923542,0.0492510159918842,0.4462139442570677,0.9601655696263186,5.9444444444444455,4.44157893735889,2.5,
t2,2026-02-24,2026-02-26 08:00:00,2026-02-26 14:00:00,56.0,0.4963780994983642,0.034247759541398554,0.4470005418764835,0.9289354881696066,7.324074074074073,2.8819807003520412,1.8333333333333333,
t2,2026-02-24,2026-02-26 09:00:00,2026-02-26 15:00:00,57.0,0.5982529761258963,0.05947683816639909,0.5108068605926587,0.9430156351878372,8.074074074074074,2.3515055154730997,1.2666666666666666,
t2,2026-02-24,2026-02-26 10:00:00,2026-02-26 16:00:00,58.0,0.5188000882011592,0.05126332505389496,0.4690006000409196,0.9043674916210195,8.907407407407407,1.5610847500080893,1.2,
t2,2026-02-24,2026-02-26 11:00:00,2026-02-26 17:00:00,59.0,0.5287772678022803,0.06750062223572227,0.44121524253153127,0.920986636074005,8.212962962962962,0.8981004187394177,0.5333333333333333,
t2,2026-02-24,2026-02-26 12:00:00,2026-02-26 18:00:00,60.0,0.6125939323715774,0.13007473199786107,0.5605582832576315,0.9833641747627007,8.675925925925926,0.6188483263521087,0.5666666666666668,
t2,2026-02-24,2026-02-26 13:00:00,2026-02-26 19:00:00,61.0,0.7040553835624495,0.21097902452530257,0.7009702093111249,0.9868958030024682,8.425925925925926,1.7687124190775554,0.8333333333333334,
t2,2026-02-24,2026-02-26 14:00:00,2026-02-26 20:00:00,62.0,0.6880955543434549,0.30253302589081527,0.7389381547646009,0.9711561016989058,8.925925925925927,1.777850114269081,0.9333333333333332,
t2,2026-02-24,2026-02-26 15:00:00,2026-02-26 21:00:00,63.0,0.8382352969277298,0.5075839547271939,0.9040663159571737,0.9778139054460817,11.472222222222223,0.33793125168323424,0.9666666666666668,
t2,2026-02-24,2026-02-26 16:00:00,2026-02-26 22:00:00,64.0,0.853674618804183,0.6580351797761487,0.9269440142652413,0.9764299517151559,11.833333333333334,1.1650120541950435,1.2333333333333334,
t2,2026-02-24,2026-02-26 17:00:00,2026-02-26 23:00:00,65.0,0.8522428866624348,0.6200260530829279,0.9208276434122735,0.9772267466356277,11.25,1.0555555555555545,1.0999999999999999,
t2,2026-02-24,2026-02-26 18:00:00,2026-02-27 00:00:00,66.0,0.8561481007005219,0.6245010506649947,0.9113589586368058,0.9792235206641671,11.694444444444445,2.328533422829607,0.06666666666666658,
t2,2026-02-24,2026-02-26 19:00:00,2026-02-27 01:00:00,67.0,0.8739297602215775,0.6424225459031699,0.9338969485399042,0.9795129622290326,11.90740740740741,2.4199105516917983,-0.16666666666666666,
t2,2026-02-24,2026-02-26 20:00:00,2026-02-27 02:00:00,68.0,0.8572403587236355,0.621232328675979,0.920017138740868,0.9781024197063648,11.842592592592593,1.7036030566084335,-0.3999999999999999,
t2,2026-02-24,2026-02-26 21:00:00,2026-02-27 03:00:00,69.0,0.8491118197690393,0.6059878409044585,0.91142422199299,0.9793624584478217,11.888888888888891,1.1824331474329306,-0.8333333333333334,
t2,2026-02-24,2026-02-26 22:00:00,2026-02-27 04:00:00,70.0,0.8296983673046707,0.5826589493335574,0.9024845466823379,0.9767137917609995,11.518518518518519,0.7506855577299745,-0.9666666666666668,
t2,2026-02-24,2026-02-26 23:00:00,2026-02-27 05:00:00,71.0,0.790965525792775,0.5115776117872886,0.8427453373550038,0.9760899283952799,10.24074074074074,1.5640475875008022,-0.9333333333333332,
t2,2026-02-25,2026-02-26 00:00:00,2026-02-26 06:00:00,24.0,0.7457845997454815,0.39951129798569635,0.7736451990122649,0.9686345989723539,11.685185185185185,1.2392542228318553,0.5,
t2,2026-02-25,2026-02-26 01:00:00,2026-02-26 07:00:00,25.0,0.6343241166327426,0.2608692675770591,0.7037653097551656,0.9922666915652707,11.462962962962964,0.9579642338057447,0.6666666666666666,
t2,2026-02-25,2026-02-26 02:00:00,2026-02-26 08:00:00,26.0,0.5717765390887021,0.1583645481979419,0.640069485950214,0.9346194476878332,10.851851851851853,1.3032880229565118,0.8333333333333334,
t2,2026-02-25,2026-02-26 03:00:00,2026-02-26 09:00:00,27.0,0.387502493017971,0.03248992540567385,0.3381998334218063,0.8375740261082141,8.24074074074074,0.603700863433446,1.4333333333333333,
t2,2026-02-25,2026-02-26 04:00:00,2026-02-26 10:00:00,28.0,0.3118052381610744,0.015418889679826213,0.18870047404486934,0.7535788295701595,4.25,2.7705461421759296,2.6333333333333333,
t2,2026-02-25,2026-02-26 05:00:00,2026-02-26 11:00:00,29.0,0.35850734166541315,0.01953088809660328,0.26250176827969357,0.9086330612065193,6.916666666666667,5.240290845759246,2.9,
t2,2026-02-25,2026-02-26 06:00:00,2026-02-26 12:00:00,30.0,0.4082078179295563,0.03986727085194713,0.40323725583082887,0.8770875331521659,7.453703703703703,3.806704341341317,3.033333333333333,
t2,2026-02-25,2026-02-26 07:00:00,2026-02-26 13:00:00,31.0,0.4943678951412085,0.050415392014757886,0.5100957440461095,0.8529920570395705,8.212962962962964,1.3811823228862654,2.6666666666666665,
t2,2026-02-25,2026-02-26 08:00:00,2026-02-26 14:00:00,32.0,0.377078565353776,0.04657273071447,0.36222304014137324,0.8110983292132136,8.00925925925926,0.57890737156817,2.0666666666666664,
t2,2026-02-25,2026-02-26 09:00:00,2026-02-26 15:00:00,33.0,0.41865231984246737,0.04550176433811347,0.408743353932791,0.9241255257093707,7.842592592592593,1.430038561740851,0.9666666666666667,
t2,2026-02-25,2026-02-26 10:00:00,2026-02-26 16:00:00,34.0,0.4584156587063767,0.10607010187169713,0.4695179126360344,0.9290852605423568,8.092592592592593,1.0070482066589361,0.1333333333333334,
t2,2026-02-25,2026-02-26 11:00:00,2026-02-26 17:00:00,35.0,0.5878579924808015,0.2394359564372744,0.6180481154250247,0.952089570474016,9.63888888888889,1.3611111111111118,0.2333333333333333,
t2,2026-02-25,2026-02-26 12:00:00,2026-02-26 18:00:00,36.0,0.720708441081619,0.3300392258445019,0.80667717152989,0.9679959350910095,10.879629629629628,2.158162322220806,0.6,
t2,2026-02-25,2026-02-26 13:00:00,2026-02-26 19:00:00,37.0,0.7553661657355645,0.4661954308094918,0.8471897885014174,0.9681808813962766,11.14814814814815,2.1010971071080804,1.0999999999999999,
t2,2026-02-25,2026-02-26 14:00:00,2026-02-26 20:00:00,38.0,0.7765926751619373,0.49464025883073187,0.8453124439805558,0.9664431207681052,10.824074074074074,1.4343486211790315,1.4333333333333333,
t2,2026-02-25,2026-02-26 15:00:00,2026-02-26 21:00:00,39.0,0.8022059357465522,0.5779976320981802,0.8617467744035127,0.9670255957806912,10.888888888888891,0.4867059852204227,1.633333333333333,
t2,2026-02-25,2026-02-26 16:00:00,2026-02-26 22:00:00,40.0,0.7954404912957768,0.5808254046925726,0.8663672958146106,0.9723155517160157,11.555555555555555,1.0826208483280608,1.5666666666666667,
t2,2026-02-25,2026-02-26 17:00:00,2026-02-26 23:00:00,41.0,0.7777622392002645,0.5585862666351451,0.8508242997274452,0.9694589293717495,11.296296296296298,1.0005142710548216,1.5666666666666667,
t2,2026-02-25,2026-02-26 18:00:00,2026-02-27 00:00:00,42.0,0.7488656658643918,0.522988392840681,0.8047656201608396,0.9603033668223645,11.416666666666666,2.0053939608644487,1.7,
t2,2026-02-25,2026-02-26 19:00:00,2026-02-27 01:00:00,43.0,0.709505724836879,0.4496383212076184,0.7600958774582437,0.9287461289564776,10.842592592592593,1.9453040427989758,1.5,
t2,2026-02-25,2026-02-26 20:00:00,2026-02-27 02:00:00,44.0,0.6470775489439797,0.3936372353900314,0.6409161878599829,0.8996146930835645,10.305555555555555,1.6218511752216678,1.2000000000000002,
t2,2026-02-25,2026-02-26 21:00:00,2026-02-27 03:00:00,45.0,0.5959910251768613,0.301090979711566,0.5632061430534686,0.8752107170626181,9.342592592592593,0.7501714481677433,0.8333333333333334,
t2,2026-02-25,2026-02-26 22:00:00,2026-02-27 04:00:00,46.0,0.5591225759542696,0.25519133063923444,0.5436268827465706,0.9111571945715159,9.287037037037038,1.1507959313971206,0.6,
t2,2026-02-25,2026-02-26 23:00:00,2026-02-27 05:00:00,47.0,0.5197881579407441,0.16799945305253164,0.5162786783713434,0.8940872145731974,8.879629629629632,1.2565671113592767,0.4000000000000001,
t2,2026-02-25,2026-02-27 00:00:00,2026-02-27 06:00:00,48.0,0.583096737726105,0.1802428738168247,0.5698441628019569,0.9150452238825881,9.555555555555555,0.8664707755823451,-0.8000000000000002,
t2,2026-02-25,2026-02-27 01:00:00,2026-02-27 07:00:00,49.0,0.5402623177065273,0.10677046598432567,0.4923852377139915,0.9099388646783155,8.574074074074074,1.7396815138258288,-0.7000000000000001,
t2,2026-02-25,2026-02-27 02:00:00,2026-02-27 08:00:00,50.0,0.4052803460304049,0.0352021596883915,0.3856154687406559,0.8743546178856226,8.175925925925926,2.0184972815736377,-0.7333333333333334,
t2,2026-02-25,2026-02-27 03:00:00,2026-02-27 09:00:00,51.0,0.3812961970105276,0.025341249599277724,0.3036707757829321,0.8234915048669363,7.87962962962963,1.8224282855484542,-0.4666666666666666,
t2,2026-02-25,2026-02-27 04:00:00,2026-02-27 10:00:00,52.0,0.33080855257478253,0.0220797421679709,0.2590542781418144,0.7778573014565126,6.9259259259259265,1.3657328938883178,-0.0333333333333334,
t2,2026-02-25,2026-02-27 05:00:00,2026-02-27 11:00:00,53.0,0.2615066284790948,0.019521015657481763,0.19524980772661973,0.7170319631034848,6.185185185185186,0.7398142353865996,0.7000000000000001,
t2,2026-02-25,2026-02-27 06:00:00,2026-02-27 12:00:00,54.0,0.295023398342542,0.023159283039838923,0.2512893734685036,0.7632099371701003,6.5,1.709405715807271,0.4666666666666666,
t2,2026-02-25,2026-02-27 07:00:00,2026-02-27 13:00:00,55.0,0.3742079130862971,0.049728023138002064,0.3532874654896111,0.8904006937180143,7.361111111111112,2.3334986713908195,0.6,
t2,2026-02-25,2026-02-27 08:00:00,2026-02-27 14:00:00,56.0,0.5369308559631751,0.14764579422129814,0.490067662246606,0.954411254536636,8.685185185185185,2.6559874900543305,0.5333333333333333,
t2,2026-02-25,2026-02-27 09:00:00,2026-02-27 15:00:00,57.0,0.6379582379897957,0.2931733972818219,0.6557519588769757,0.9616407895504561,9.861111111111112,2.647500568320857,0.20000000000000004,
t2,2026-02-25,2026-02-27 10:00:00,2026-02-27 16:00:00,58.0,0.775554483431754,0.41758368815459607,0.8413792138749827,0.970631549107264,10.833333333333334,2.5289984842489193,-0.4666666666666666,
t2,2026-02-25,2026-02-27 11:00:00,2026-02-27 17:00:00,59.0,0.8030341858497249,0.5631450080344447,0.8724519517648233,0.9750450429435368,11.740740740740742,2.4203887896377534,-1.6000000000000003,
t2,2026-02-25,2026-02-27 12:00:00,2026-02-27 18:00:00,60.0,0.8111779159636121,0.6277352647241997,0.8608546917419939,0.9756502452055363,11.796296296296296,2.0998113769884292,-2.6333333333333333,
t2,2026-02-25,2026-02-27 13:00:00,2026-02-27 19:00:00,61.0,0.8081157673400724,0.625975475872619,0.855017133764486,0.9747920761401943,11.870370370370372,1.9956227820071222,-3.5,
t2,2026-02-25,2026-02-27 14:00:00,2026-02-27 20:00:00,62.0,0.7817972821251508,0.5747555773383995,0.8422352268312371,0.9738068994016658,11.444444444444445,2.032908273725776,-4.1,
t2,2026-02-25,2026-02-27 15:00:00,2026-02-27 21:00:00,63.0,0.7499771820253912,0.5370860426711275,0.7845513971302002,0.9679542367493625,11.055555555555557,2.1886350670658015,-4.566666666666666,
t2,2026-02-25,2026-02-27 16:00:00,2026-02-27 22:00:00,64.0,0.7143948453102834,0.4500473427537566,0.7376523217834959,0.9629811218874823,10.481481481481483,2.5580201481202804,-4.8,
t2,2026-02-25,2026-02-27 17:00:00,2026-02-27 23:00:00,65.0,0.6469811498968167,0.39686234286903455,0.6527815590854439,0.9379637869322496,10.037037037037038,2.9518164178364916,-4.966666666666667,
t2,2026-02-25,2026-02-27 18:00:00,2026-02-28 00:00:00,66.0,0.6573684404290424,0.4099893181111121,0.6203971237042106,0.9356049588741648,9.75925925925926,2.6974973159481226,-4.733333333333333,
t2,2026-02-25,2026-02-27 19:00:00,2026-02-28 01:00:00,67.0,0.6758299814914444,0.38351404456074367,0.668247199258274,0.9486640680169593,9.935185185185185,3.1389298587952252,-5.2,
t2,2026-02-25,2026-02-27 20:00:00,2026-02-28 02:00:00,68.0,0.7065053898324941,0.3894817011455973,0.7126537480422889,0.9529096697863471,10.185185185185185,3.439549987313215,-5.666666666666667,
t2,2026-02-25,2026-02-27 21:00:00,2026-02-28 03:00:00,69.0,0.744234888946091,0.4303119834679493,0.7654447440590145,0.9541713816869973,10.370370370370372,3.4401107743672577,-6.2,
t2,2026-02-25,2026-02-27 22:00:00,2026-02-28 04:00:00,70.0,0.7489771925234006,0.483112484302419,0.7933349588179496,0.9623492122956689,10.648148148148149,2.913402053035891,-6.733333333333333,
t2,2026-02-25,2026-02-27 23:00:00,2026-02-28 05:00:00,71.0,0.7678207296090653,0.5356761688165296,0.7977631444857661,0.9697035722487383,11.092592592592593,2.4422865054054563,-7.366666666666667,
t2,2026-02-26,2026-02-27 00:00:00,2026-02-27 06:00:00,24.0,0.3612710648080949,0.022338551861443134,0.31276076870227076,0.8309382937685615,7.879629629629631,1.2216960146711517,0.5,
t2,2026-02-26,2026-02-27 01:00:00,2026-02-27 07:00:00,25.0,0.3489100717521089,0.023779752663823032,0.27014953738672326,0.7843299408671837,7.453703703703705,0.7980170898672317,0.13333333333333333,
t2,2026-02-26,2026-02-27 02:00:00,2026-02-27 08:00:00,26.0,0.36042531291334223,0.0220261062418061,0.2550034447580905,0.79069779357061,7.018518518518519,0.47898211690287285,0.2333333333333333,
t2,2026-02-26,2026-02-27 03:00:00,2026-02-27 09:00:00,27.0,0.31262571594811406,0.020202119493027,0.22205171496139395,0.7575043549133076,6.814814814814814,0.610058015186264,0.5333333333333333,
t2,2026-02-26,2026-02-27 04:00:00,2026-02-27 10:00:00,28.0,0.25277831300131626,0.011198972289055243,0.16623277979087925,0.710170576812358,6.666666666666667,0.20971762320196546,0.8333333333333334,
t2,2026-02-26,2026-02-27 05:00:00,2026-02-27 11:00:00,29.0,0.2417589247279352,0.01307080879568133,0.18473211740775608,0.7156631937308733,6.342592592592593,0.7455285086444692,1.4333333333333333,
t2,2026-02-26,2026-02-27 06:00:00,2026-02-27 12:00:00,30.0,0.26947356491631197,0.016078460109762497,0.234520938164064,0.7167170101373298,6.0740740740740735,0.9036676525899598,2.1333333333333333,
t2,2026-02-26,2026-02-27 07:00:00,2026-02-27 13:00:00,31.0,0.3494030591988734,0.026005848868988938,0.30165536115691444,0.7932714776201345,6.666666666666667,1.370151383904281,2.433333333333333,
t2,2026-02-26,2026-02-27 08:00:00,2026-02-27 14:00:00,32.0,0.45059012631816164,0.062131569572735815,0.41849303292115314,0.9073914901464182,7.685185185185186,1.6066349056847395,2.5,
t2,2026-02-26,2026-02-27 09:00:00,2026-02-27 15:00:00,33.0,0.5127977847851991,0.1380389275790973,0.531095343154197,0.9456012641418626,8.722222222222223,1.7653646494928503,2.1,
t2,2026-02-26,2026-02-27 10:00:00,2026-02-27 16:00:00,34.0,0.621303899439136,0.2416317729865574,0.6686491745478843,0.9543038188635106,9.898148148148149,1.748309000760425,1.3,
t2,2026-02-26,2026-02-27 11:00:00,2026-02-27 17:00:00,35.0,0.7511897045476132,0.4024593824461734,0.8440200566933399,0.9742278926353705,10.898148148148147,1.4985418152378875,0.06666666666666665,
t2,2026-02-26,2026-02-27 12:00:00,2026-02-27 18:00:00,36.0,0.7520653069297206,0.437581221426305,0.8367122106010781,0.9748102065058073,11.046296296296298,2.4610128732170247,-0.3666666666666667,
t2,2026-02-26,2026-02-27 13:00:00,2026-02-27 19:00:00,37.0,0.7728238344459886,0.4434949973864663,0.852039448282042,0.9767529103177574,11.157407407407407,2.415602149538695,-1.3666666666666665,
t2,2026-02-26,2026-02-27 14:00:00,2026-02-27 20:00:00,38.0,0.7723287928076442,0.519345660495891,0.8518291889191065,0.976261075869648,11.194444444444445,2.430674600259295,-2.1666666666666665,
t2,2026-02-26,2026-02-27 15:00:00,2026-02-27 21:00:00,39.0,0.7682057709921759,0.5114359169243304,0.8108100405144094,0.974782196628991,10.981481481481483,2.2452510468485447,-2.9000000000000004,
t2,2026-02-26,2026-02-27 16:00:00,2026-02-27 22:00:00,40.0,0.7344560293201585,0.5067280398027705,0.7636998220393582,0.9678934884357786,10.62962962962963,2.07541705858803,-3.466666666666667,
t2,2026-02-26,2026-02-27 17:00:00,2026-02-27 23:00:00,41.0,0.6985877686718057,0.48110559497554506,0.6967310038140714,0.9673903230089815,10.305555555555557,2.2102105927258457,-4.1,
t2,2026-02-26,2026-02-27 18:00:00,2026-02-28 00:00:00,42.0,0.615253483284356,0.3653982453131347,0.5734500350173714,0.954749866485517,9.435185185185185,2.2562213941508187,-3.8666666666666667,
t2,2026-02-26,2026-02-27 19:00:00,2026-02-28 01:00:00,43.0,0.6226861525125265,0.3522986851652708,0.5959377676203105,0.9550987787263081,9.472222222222221,2.3552214123590516,-4.266666666666667,
t2,2026-02-26,2026-02-27 20:00:00,2026-02-28 02:00:00,44.0,0.6922584008869082,0.42612021124113575,0.6731392375745017,0.9625633362396252,9.805555555555557,2.436856911051257,-4.7,
t2,2026-02-26,2026-02-27 21:00:00,2026-02-28 03:00:00,45.0,0.7547177043561051,0.4890533394825385,0.7736395908847739,0.9748891461104227,10.425925925925926,2.424847795486496,-5.233333333333333,
t2,2026-02-26,2026-02-27 22:00:00,2026-02-28 04:00:00,46.0,0.7920028093567099,0.5699847983756231,0.8083145894755944,0.9761731633515305,10.694444444444445,2.18174949620655,-5.633333333333333,
t2,2026-02-26,2026-02-27 23:00:00,2026-02-28 05:00:00,47.0,0.7835398323952638,0.5774557651171143,0.8261977121733936,0.9761437712650405,10.879629629629632,2.1266484770304577,-5.866666666666667,
t2,2026-02-26,2026-02-28 00:00:00,2026-02-28 06:00:00,48.0,0.7768695765932605,0.5794933381919668,0.8193762579806964,0.9774721918744926,11.759259259259261,2.27647885276323,-7.866666666666667,
t2,2026-02-26,2026-02-28 01:00:00,2026-02-28 07:00:00,49.0,0.7520336315779649,0.5506977993307811,0.8033529217867463,0.9768068851303946,11.555555555555557,2.025493386014904,-8.133333333333333,
t2,2026-02-26,2026-02-28 02:00:00,2026-02-28 08:00:00,50.0,0.7382031440059206,0.5527553298745669,0.7947416435289744,0.9762767916038856,11.157407407407407,1.8954814149019463,-8.200000000000001,
t2,2026-02-26,2026-02-28 03:00:00,2026-02-28 09:00:00,51.0,0.7315808285168142,0.5397227877264961,0.7858100900110184,0.9761136024612055,10.925925925925926,1.8262348547916742,-8.166666666666666,
t2,2026-02-26,2026-02-28 04:00:00,2026-02-28 10:00:00,52.0,0.7382345160090384,0.5247223786691863,0.7913241178263182,0.9759629441611076,10.64814814814815,1.486132744736965,-7.966666666666666,
t2,2026-02-26,2026-02-28 05:00:00,2026-02-28 11:00:00,53.0,0.7420501572917522,0.5259572801514717,0.795123701288283,0.978995038130692,10.731481481481483,1.2793870703271026,-7.666666666666667,
t2,2026-02-26,2026-02-28 06:00:00,2026-02-28 12:00:00,54.0,0.7940735115354924,0.623296059915287,0.8480083076156284,0.976239022914145,10.314814814814815,0.8608123735093686,-6.466666666666666,
t2,2026-02-26,2026-02-28 07:00:00,2026-02-28 13:00:00,55.0,0.8045730198007383,0.6121836448881195,0.8545822010371842,0.975093424665593,10.620370370370372,0.6528270272989757,-6.266666666666667,
t2,2026-02-26,2026-02-28 08:00:00,2026-02-28 14:00:00,56.0,0.8036362235649392,0.6160188576032811,0.8546042767696911,0.9694113299855937,10.805555555555557,0.8069910581296647,-6.133333333333333,
t2,2026-02-26,2026-02-28 09:00:00,2026-02-28 15:00:00,57.0,0.7300618471605619,0.5343593031246887,0.776292792485475,0.9722731765746915,10.888888888888891,1.1097213530798995,-6.166666666666667,
t2,2026-02-26,2026-02-28 10:00:00,2026-02-28 16:00:00,58.0,0.702319823447662,0.4878229774397994,0.742177764729642,0.96794993797844,10.592592592592593,1.5189983433428058,-6.2,
t2,2026-02-26,2026-02-28 11:00:00,2026-02-28 17:00:00,59.0,0.6766970222614224,0.3611831046695453,0.6791406749091896,0.9598551630162706,10.157407407407407,1.8975157031290675,-6.333333333333333,
t2,2026-02-26,2026-02-28 12:00:00,2026-02-28 18:00:00,60.0,0.6281632325375631,0.24077170510254428,0.6317099778624774,0.913501201162931,9.944444444444445,2.466441431158123,-6.866666666666667,
t2,2026-02-26,2026-02-28 13:00:00,2026-02-28 19:00:00,61.0,0.5524382182431291,0.13312748205021194,0.4959980368761013,0.8983576394187814,9.444444444444445,2.4584510329639446,-7.233333333333333,
t2,2026-02-26,2026-02-28 14:00:00,2026-02-28 20:00:00,62.0,0.46512269829116387,0.0934704108717531,0.42184760117828984,0.8496951615522188,8.675925925925926,2.0796881690913276,-7.2,
t2,2026-02-26,2026-02-28 15:00:00,2026-02-28 21:00:00,63.0,0.3125486291678812,0.03688121495096576,0.2996939167447358,0.786970256851102,7.842592592592593,1.680115491817042,-7.366666666666666,
t2,2026-02-26,2026-02-28 16:00:00,2026-02-28 22:00:00,64.0,0.2667072001650901,0.024725971882870408,0.20488741290486503,0.7058791230822928,7.240740740740741,1.428689001628586,-7.633333333333333,
t2,2026-02-26,2026-02-28 17:00:00,2026-02-28 23:00:00,65.0,0.21062179236880005,0.011319949140748277,0.15183286578829433,0.6452220303228074,6.518518518518518,1.0323970270197302,-7.966666666666666,
t2,2026-02-26,2026-02-28 18:00:00,2026-03-01 00:00:00,66.0,0.15568435060678287,0.01011200537967434,0.11074302985776721,0.5474838689842818,6.351851851851852,1.8678016831484054,-8.866666666666667,
t2,2026-02-26,2026-02-28 19:00:00,2026-03-01 01:00:00,67.0,0.13419443799228448,0.006291339943117544,0.07632235394436744,0.5129497093496403,5.6759259259259265,2.294036373002494,-9.333333333333334,
t2,2026-02-26,2026-02-28 20:00:00,2026-03-01 02:00:00,68.0,0.1173465693290711,0.006811759510082979,0.06677904430921826,0.4046647853925994,5.185185185185185,2.5762048202191075,-9.566666666666666,
t2,2026-02-26,2026-02-28 21:00:00,2026-03-01 03:00:00,69.0,0.11004660607428789,0.006891411177758142,0.061238674226326756,0.414470102312153,4.888888888888889,3.113590282044901,-9.799999999999999,
t2,2026-02-26,2026-02-28 22:00:00,2026-03-01 04:00:00,70.0,0.10664981555558964,0.00738207546053769,0.037439434047434404,0.38663352006864815,4.703703703703704,3.0676947417900933,-9.9,
t2,2026-02-26,2026-02-28 23:00:00,2026-03-01 05:00:00,71.0,0.10424863110390399,0.006890028944373291,0.03261531231315181,0.3863276893862098,4.5,2.8203679385218474,-9.866666666666665,
t2,2026-02-27,2026-02-28 00:00:00,2026-02-28 06:00:00,24.0,0.8553086886129176,0.6317169384604492,0.9077203839076303,0.9792442176728752,11.314814814814815,1.8860954289426057,-6.900000000000001,
t2,2026-02-27,2026-02-28 01:00:00,2026-02-28 07:00:00,25.0,0.8518446995865577,0.6457597716313385,0.9125524108361637,0.9792775194992998,11.092592592592593,1.5139101255730982,-7.099999999999999,
t2,2026-02-27,2026-02-28 02:00:00,2026-02-28 08:00:00,26.0,0.8426103069928259,0.6341558315832344,0.915739165376191,0.9787543311188859,11.879629629629632,2.026508989155383,-7.566666666666667,
t2,2026-02-27,2026-02-28 03:00:00,2026-02-28 09:00:00,27.0,0.8523888268209086,0.6216357008095379,0.920607192500954,0.9797324822957062,12.481481481481481,2.4384923325627006,-7.766666666666667,
t2,2026-02-27,2026-02-28 04:00:00,2026-02-28 10:00:00,28.0,0.8544151046822046,0.6316985958950769,0.9164890556032235,0.9798484782326227,12.666666666666666,2.5426910503987266,-7.866666666666667,
t2,2026-02-27,2026-02-28 05:00:00,2026-02-28 11:00:00,29.0,0.8595570351425599,0.6768395254127312,0.9177937760038235,0.9796312065033745,12.444444444444445,2.1523745142011688,-7.733333333333333,
t2,2026-02-27,2026-02-28 06:00:00,2026-02-28 12:00:00,30.0,0.8609693281263197,0.681377945950149,0.9154051379540518,0.979635338755208,12.083333333333336,2.000578620003427,-6.866666666666667,
t2,2026-02-27,2026-02-28 07:00:00,2026-02-28 13:00:00,31.0,0.8570001144030887,0.6644959876693287,0.9014187438983852,0.9792585389846555,12.064814814814817,2.0976054346970936,-6.599999999999999,
t2,2026-02-27,2026-02-28 08:00:00,2026-02-28 14:00:00,32.0,0.8338979021634866,0.5896905249132565,0.8889877193495092,0.9789075664377491,12.175925925925926,2.7082027508880673,-6.366666666666667,
t2,2026-02-27,2026-02-28 09:00:00,2026-02-28 15:00:00,33.0,0.7991653013514648,0.540523388671616,0.8794950674118466,0.9784193399456488,11.888888888888891,2.737485554389982,-6.433333333333333,
t2,2026-02-27,2026-02-28 10:00:00,2026-02-28 16:00:00,34.0,0.7520340757825975,0.49654001563467415,0.8227386599789525,0.9753519888831724,11.648148148148147,2.639083813463603,-6.3999999999999995,
t2,2026-02-27,2026-02-28 11:00:00,2026-02-28 17:00:00,35.0,0.7299386322426864,0.4634171993688294,0.8015841731038288,0.9714529699704259,11.351851851851853,2.6141137188308057,-6.533333333333334,
t2,2026-02-27,2026-02-28 12:00:00,2026-02-28 18:00:00,36.0,0.7296570146262228,0.412289957088957,0.7701297102277204,0.9659476927133201,10.212962962962964,2.2369879808209627,-6.466666666666666,
t2,2026-02-27,2026-02-28 13:00:00,2026-02-28 19:00:00,37.0,0.6786066141604179,0.2587379542752052,0.6552444865897722,0.9511281698507116,9.731481481481481,2.1113547617681765,-6.833333333333333,
t2,2026-02-27,2026-02-28 14:00:00,2026-02-28 20:00:00,38.0,0.5990279589923739,0.1867646212807685,0.5699058531570241,0.9267945342799453,9.074074074074074,1.9309718442728487,-6.833333333333333,
t2,2026-02-27,2026-02-28 15:00:00,2026-02-28 21:00:00,39.0,0.46602104815234957,0.07468601237409168,0.40900336769780576,0.900525411843713,8.444444444444445,1.9657562236615702,-6.866666666666667,
t2,2026-02-27,2026-02-28 16:00:00,2026-02-28 22:00:00,40.0,0.34256506137732845,0.04402765049563383,0.32918302069584315,0.8015999419549542,7.981481481481481,2.1157356754943826,-6.8999999999999995,
t2,2026-02-27,2026-02-28 17:00:00,2026-02-28 23:00:00,41.0,0.3256256007026212,0.032584029599709644,0.30633249071061214,0.7399881558748187,7.4259259259259265,2.143093510381356,-7.233333333333334,
t2,2026-02-27,2026-02-28 18:00:00,2026-03-01 00:00:00,42.0,0.25051673522191553,0.028552037692609188,0.23680239367454212,0.742715776530936,7.666666666666667,2.5704577581473216,-7.566666666666666,
t2,2026-02-27,2026-02-28 19:00:00,2026-03-01 01:00:00,43.0,0.25013831762053085,0.024669219617641628,0.20825039569880385,0.7287043814376827,7.351851851851852,2.653080746709318,-7.800000000000001,
t2,2026-02-27,2026-02-28 20:00:00,2026-03-01 02:00:00,44.0,0.2249077203740245,0.013942473878712544,0.16965662330113734,0.6850277725341052,6.9259259259259265,2.5865173528242384,-8.0,
t2,2026-02-27,2026-02-28 21:00:00,2026-03-01 03:00:00,45.0,0.18750256970233442,0.00805811686439006,0.11043910905586751,0.6760536479121713,6.666666666666667,2.5704577581473216,-8.033333333333333,
t2,2026-02-27,2026-02-28 22:00:00,2026-03-01 04:00:00,46.0,0.17363181642270875,0.005523797000531077,0.10194012277968627,0.6348984599150483,6.638888888888889,2.683252816827432,-7.966666666666666,
t2,2026-02-27,2026-02-28 23:00:00,2026-03-01 05:00:00,47.0,0.16010345277260885,0.006422920100134955,0.07967668492177636,0.5768173686271894,6.546296296296297,2.584129706003273,-7.766666666666667,
t2,2026-02-27,2026-03-01 00:00:00,2026-03-01 06:00:00,48.0,0.10775093636753807,0.005647314725765876,0.06006687432133317,0.4564214343189305,5.083333333333333,3.467552415333677,-8.766666666666667,
t2,2026-02-27,2026-03-01 01:00:00,2026-03-01 07:00:00,49.0,0.08687619411629498,0.006018388535225625,0.03298195021945633,0.377881774480789,4.638888888888888,3.3333333333333335,-8.633333333333333,
t2,2026-02-27,2026-03-01 02:00:00,2026-03-01 08:00:00,50.0,0.08414974043732827,0.005835864018162845,0.029233604688534216,0.3499925182630814,4.083333333333334,3.1381513391104154,-8.466666666666667,
t2,2026-02-27,2026-03-01 03:00:00,2026-03-01 09:00:00,51.0,0.06742678913637266,0.0061923430549221,0.02202240975443381,0.27668413600944,3.8796296296296298,2.8981333569614267,-7.766666666666667,
t2,2026-02-27,2026-03-01 04:00:00,2026-03-01 10:00:00,52.0,0.06456164534171573,0.006631662592404509,0.013366249025222564,0.26281800812652656,3.657407407407408,2.9410794888392227,-6.933333333333334,
t2,2026-02-27,2026-03-01 05:00:00,2026-03-01 11:00:00,53.0,0.06479296169577191,0.007383906629775124,0.010148295409355286,0.26749271120549784,3.5462962962962963,2.541982878528593,-5.866666666666667,
t2,2026-02-27,2026-03-01 06:00:00,2026-03-01 12:00:00,54.0,0.07182894757414046,0.007618757759845359,0.019961992099505818,0.23387387829177714,3.5462962962962963,1.2547235853845118,-4.7,
t2,2026-02-27,2026-03-01 07:00:00,2026-03-01 13:00:00,55.0,0.07734586778055992,0.006938016760971885,0.02285693788978863,0.24439982173206243,3.592592592592593,1.4762349228104255,-3.9,
t2,2026-02-27,2026-03-01 08:00:00,2026-03-01 14:00:00,56.0,0.07639945304765554,0.006619782667072723,0.024626445228370198,0.27343035185632664,3.6296296296296298,1.4995712693198506,-3.1666666666666665,
t2,2026-02-27,2026-03-01 09:00:00,2026-03-01 15:00:00,57.0,0.08005973142404951,0.007310118788554061,0.0294134016647209,0.2768014792679818,3.675925925925926,1.5116148397883349,-2.7000000000000006,
t2,2026-02-27,2026-03-01 10:00:00,2026-03-01 16:00:00,58.0,0.0786110478352243,0.006685584526073935,0.031554238561451224,0.2656644662947582,3.7314814814814814,1.6632681399431046,-2.6,
t2,2026-02-27,2026-03-01 11:00:00,2026-03-01 17:00:00,59.0,0.0725740861189069,0.0074073151913730826,0.015603087386989187,0.2423338646981439,3.6203703703703702,1.4806710746400502,-3.0666666666666664,
t2,2026-02-27,2026-03-01 12:00:00,2026-03-01 18:00:00,60.0,0.07308815321265588,0.007958404411704131,0.014932617297293845,0.23011302632510422,3.1018518518518516,0.965985285610739,-4.2,
t2,2026-02-27,2026-03-01 13:00:00,2026-03-01 19:00:00,61.0,0.09329285063717825,0.008294652323799511,0.01699904613819677,0.261650934871377,2.0092592592592595,1.0279028952872533,-5.733333333333333,
t2,2026-02-27,2026-03-01 14:00:00,2026-03-01 20:00:00,62.0,0.15155400127187807,0.007533256038051467,0.04363517974435718,0.38140151054103294,1.8148148148148149,0.8109652329499076,-6.5,
t2,2026-02-27,2026-03-01 15:00:00,2026-03-01 21:00:00,63.0,0.2871928963740717,0.02937076220640997,0.10558380200335138,0.6324432926144627,3.453703703703704,1.7323477729902743,-6.6000000000000005,
t2,2026-02-27,2026-03-01 16:00:00,2026-03-01 22:00:00,64.0,0.5795527312874306,0.09527334361934357,0.42731807442490594,0.9272072329128385,5.7407407407407405,2.0529888880570186,-6.366666666666667,
t2,2026-02-27,2026-03-01 17:00:00,2026-03-01 23:00:00,65.0,0.673855061253919,0.19786208149998008,0.6703377669103341,0.9903923194747669,8.981481481481483,1.70925524657448,-5.566666666666666,
t2,2026-02-27,2026-03-01 18:00:00,2026-03-02 00:00:00,66.0,0.9012490970107039,0.5920411940455946,0.9437327256939532,0.9799414691723863,13.287037037037038,0.6119522830317887,-3.1999999999999997,
t2,2026-02-27,2026-03-01 19:00:00,2026-03-02 01:00:00,67.0,0.9057696738103278,0.708050435431886,0.9531246116877151,0.9800253868630053,14.092592592592593,0.8881652146755536,-2.8666666666666667,
t2,2026-02-27,2026-03-01 20:00:00,2026-03-02 02:00:00,68.0,0.9165732784404328,0.8058888587516756,0.9656666150974874,0.9797113647842702,14.212962962962964,1.3722147248258223,-2.8666666666666667,
t2,2026-02-27,2026-03-01 21:00:00,2026-03-02 03:00:00,69.0,0.9274547782473035,0.8120742747318694,0.9665902355238476,0.9798410173641636,14.268518518518519,1.7137635766662271,-2.8333333333333335,
t2,2026-02-27,2026-03-01 22:00:00,2026-03-02 04:00:00,70.0,0.9165097222446004,0.7943204410917701,0.9647655100647556,0.9796903458969249,14.277777777777779,2.0005786200034277,-2.6666666666666665,
t2,2026-02-27,2026-03-01 23:00:00,2026-03-02 05:00:00,71.0,0.9160587151942007,0.7701727574579943,0.9599147270349502,0.979766403017631,13.861111111111109,2.2243045799075114,-2.5333333333333337,
