turbine,issue_time_utc,time_utc,time_local,lead_hours,forecast,p10,p50,p90,wind_speed_100m,ws100_ens_std,temperature_2m,power
t1,2026-01-29,2026-01-30 00:00:00,2026-01-30 06:00:00,24.0,0.8688973183938693,0.595929990781604,0.9174154132387543,0.9625975036495857,12.444444444444445,0.8988160937424128,-3.833333333333334,0.7133333333333334
t1,2026-01-29,2026-01-30 01:00:00,2026-01-30 07:00:00,25.0,0.8177690786090691,0.5105621858219268,0.9088349981304339,0.964893842161232,12.629629629629628,1.3795053386717528,-4.033333333333333,0.5516666666666666
t1,2026-01-29,2026-01-30 02:00:00,2026-01-30 08:00:00,26.0,0.8475480925539817,0.5443304804654924,0.9170512791497499,0.963466148319459,12.685185185185185,1.50214181792275,-4.133333333333333,0.5716666666666667
t1,2026-01-29,2026-01-30 03:00:00,2026-01-30 09:00:00,27.0,0.8687177998343192,0.5889811197768609,0.9211773791134995,0.9625068121836334,12.731481481481481,1.5441879616501841,-3.6999999999999997,0.7983333333333333
t1,2026-01-29,2026-01-30 04:00:00,2026-01-30 10:00:00,28.0,0.8862688559489721,0.6961551102334729,0.9326344606269922,0.9598273760515388,12.981481481481481,1.6150176138371097,-2.1,0.9416666666666668
t1,2026-01-29,2026-01-30 05:00:00,2026-01-30 11:00:00,29.0,0.8947717407189001,0.69986957819589,0.9327778388720788,0.9597330922229157,13.24074074074074,2.173126646992373,-0.43333333333333335,0.96
t1,2026-01-29,2026-01-30 06:00:00,2026-01-30 12:00:00,30.0,0.8715316373410433,0.5812900270625618,0.929297573970769,0.9606441839104306,12.944444444444443,3.937101929711532,0.5666666666666668,0.975
t1,2026-01-29,2026-01-30 07:00:00,2026-01-30 13:00:00,31.0,0.8832151954037968,0.5798900833364523,0.9307487888328805,0.9605388809406937,13.074074074074074,4.022154439780819,1.5999999999999999,0.9833333333333334
t1,2026-01-29,2026-01-30 08:00:00,2026-01-30 14:00:00,32.0,0.8795772456259142,0.5886200059320064,0.9249109255631822,0.9615816734017772,12.75,3.8742781087833027,2.466666666666667,0.945
t1,2026-01-29,2026-01-30 09:00:00,2026-01-30 15:00:00,33.0,0.8722745266752638,0.5694248754553048,0.9214333809621836,0.9620292734341847,12.5,3.732159206904097,2.8000000000000003,0.9633333333333334
t1,2026-01-29,2026-01-30 10:00:00,2026-01-30 16:00:00,34.0,0.8663068678926833,0.551943452959565,0.9086462063827196,0.9647014061428411,12.018518518518519,3.4601270820402417,2.466666666666667,0.93
t1,2026-01-29,2026-01-30 11:00:00,2026-01-30 17:00:00,35.0,0.8555853254807335,0.4334147884124181,0.8978778167391179,0.9638339261728901,11.361111111111112,3.3983247506839476,1.3333333333333333,0.9616666666666666
t1,2026-01-29,2026-01-30 12:00:00,2026-01-30 18:00:00,36.0,0.866218987168879,0.6137555335350722,0.906517746586541,0.964069169318474,12.425925925925926,1.3264676629700969,-0.09999999999999994,0.7466666666666667
t1,2026-01-29,2026-01-30 13:00:00,2026-01-30 19:00:00,37.0,0.7918246793811089,0.448360662064518,0.8608499791931777,0.9744637303931373,11.962962962962962,1.7719812909489905,-0.9,0.75
t1,2026-01-29,2026-01-30 14:00:00,2026-01-30 20:00:00,38.0,0.713530319681474,0.3299429798507027,0.7753513232823767,0.9922620293742994,11.388888888888891,2.128401417165614,-1.4333333333333333,0.5399999999999999
t1,2026-01-29,2026-01-30 15:00:00,2026-01-30 21:00:00,39.0,0.6796861788197869,0.2151189298817643,0.7323414100337721,0.986817363727927,10.833333333333334,2.3305207916888078,-1.8,0.46166666666666667
t1,2026-01-29,2026-01-30 16:00:00,2026-01-30 22:00:00,40.0,0.6054334371370045,0.1594543366079056,0.6520291463103832,0.9668136771234035,10.277777777777779,2.574357165355036,-2.1,0.29
t1,2026-01-29,2026-01-30 17:00:00,2026-01-30 23:00:00,41.0,0.5260955838140972,0.11565368740657356,0.5751539914207094,0.959871700210049,10.231481481481481,2.908630905573268,-2.3000000000000003,0.155
t1,2026-01-29,2026-01-30 18:00:00,2026-01-31 00:00:00,42.0,0.49581701169048153,0.104650177726678,0.47642921516149295,0.9663906334511232,9.222222222222223,4.537991207299863,-2.6,0.13833333333333334
t1,2026-01-29,2026-01-30 19:00:00,2026-01-31 01:00:00,43.0,0.46982214415817447,0.09455677831382142,0.4923319679896089,1.0,9.444444444444445,4.55326839604473,-2.733333333333333,0.14333333333333334
t1,2026-01-29,2026-01-30 20:00:00,2026-01-31 02:00:00,44.0,0.5559703669251191,0.08137647533565917,0.5695322762860754,0.9891913478405203,9.712962962962962,4.194751031228406,-2.733333333333333,0.18666666666666668
t1,2026-01-29,2026-01-30 21:00:00,2026-01-31 03:00:00,45.0,0.6550181828335621,0.12959335310060427,0.6790487480152033,0.9797631745779121,10.055555555555555,3.9111466223135345,-2.8333333333333335,0.13
t1,2026-01-29,2026-01-30 22:00:00,2026-01-31 04:00:00,46.0,0.7009480955627976,0.14894899349000235,0.7397814854016932,0.9743717633452791,10.481481481481483,3.2914420145248533,-3.233333333333333,0.07833333333333334
t1,2026-01-29,2026-01-30 23:00:00,2026-01-31 05:00:00,47.0,0.6812201976674429,0.20563505807578963,0.7491092353916148,0.9852506094941227,11.388888888888891,3.0872097754332906,-3.533333333333333,0.11166666666666668
t1,2026-01-30,2026-01-31 00:00:00,2026-01-31 06:00:00,24.0,0.771729612796558,0.38015330850501355,0.8606791550408837,0.9709023925478963,12.398148148148147,2.2761398808512725,-2.6999999999999997,0.145
t1,2026-01-30,2026-01-31 01:00:00,2026-01-31 07:00:00,25.0,0.7860293888445341,0.40725082862219064,0.8854376103481174,0.9670984201866076,12.546296296296296,2.211315828974515,-2.8666666666666667,0.48
t1,2026-01-30,2026-01-31 02:00:00,2026-01-31 08:00:00,26.0,0.8136667943522153,0.47989831535169486,0.9045326708624117,0.9638483979107435,12.842592592592593,1.932569559648671,-3.0,0.5016666666666666
t1,2026-01-30,2026-01-31 03:00:00,2026-01-31 09:00:00,27.0,0.834779290912725,0.5190258658064419,0.9136218367595123,0.962257291178634,12.925925925925926,1.6947479995247103,-2.466666666666667,0.5216666666666666
t1,2026-01-30,2026-01-31 04:00:00,2026-01-31 10:00:00,28.0,0.8884361325577423,0.69497435010563,0.9325739100176144,0.9589062649836708,13.018518518518519,1.6796561719492114,-0.39999999999999997,0.9500000000000001
t1,2026-01-30,2026-01-31 05:00:00,2026-01-31 11:00:00,29.0,0.8870184772661486,0.6786691084689664,0.9331476593013095,0.9588038506084299,13.305555555555557,2.2496570383334995,1.6666666666666667,0.9583333333333334
t1,2026-01-30,2026-01-31 06:00:00,2026-01-31 12:00:00,30.0,0.8893971815378642,0.6703502443834894,0.9329010233185743,0.9590759781619181,12.796296296296298,2.927932387512325,3.366666666666667,0.9266666666666666
t1,2026-01-30,2026-01-31 07:00:00,2026-01-31 13:00:00,31.0,0.88887966313084,0.6761386715143045,0.9315707177156257,0.9589018976824982,12.722222222222223,3.2478625449841787,4.699999999999999,0.945
t1,2026-01-30,2026-01-31 08:00:00,2026-01-31 14:00:00,32.0,0.8724247216845707,0.6048285272594484,0.9167196709682004,0.9609248700111807,12.592592592592593,3.215790195949067,5.766666666666667,0.8783333333333333
t1,2026-01-30,2026-01-31 09:00:00,2026-01-31 15:00:00,33.0,0.8692811980606292,0.5701992034055989,0.9186777649193945,0.9580035672841453,11.75925925925926,2.42707422639101,6.133333333333333,0.875
t1,2026-01-30,2026-01-31 10:00:00,2026-01-31 16:00:00,34.0,0.8169514446602162,0.5190582740836676,0.9107470768941645,0.9583987828076935,11.046296296296296,1.8801540957773422,5.766666666666667,0.8450000000000001
t1,2026-01-30,2026-01-31 11:00:00,2026-01-31 17:00:00,35.0,0.7331369795682492,0.3330951152065907,0.777065840698232,0.970398824609587,10.555555555555555,1.376892636821526,4.366666666666666,0.7983333333333333
t1,2026-01-30,2026-01-31 12:00:00,2026-01-31 18:00:00,36.0,0.6002484639767107,0.11081908484721992,0.599831567252619,0.9764878106638222,10.092592592592593,1.0297778337249621,2.533333333333333,0.81
t1,2026-01-30,2026-01-31 13:00:00,2026-01-31 19:00:00,37.0,0.3432235322566695,0.05030274217293071,0.24280333609963778,0.8484945579574322,8.916666666666666,1.647341667020304,1.2333333333333334,0.8216666666666667
t1,2026-01-30,2026-01-31 14:00:00,2026-01-31 20:00:00,38.0,0.16660295688980178,0.0,0.10644296115854199,0.6481552901723663,7.166666666666667,2.242442726741543,0.5666666666666667,0.3383333333333334
t1,2026-01-30,2026-01-31 15:00:00,2026-01-31 21:00:00,39.0,0.1621504796893087,0.0,0.0918241316699126,0.5927310163051998,5.055555555555556,3.4888490797445755,-0.20000000000000004,0.03
t1,2026-01-30,2026-01-31 16:00:00,2026-01-31 22:00:00,40.0,0.1385530856832407,0.0,0.06960660706292615,0.4284894531611328,5.305555555555556,0.4819264325804855,-0.8666666666666667,0.016666666666666666
t1,2026-01-30,2026-01-31 17:00:00,2026-01-31 23:00:00,41.0,0.14082140606262653,0.0,0.047585591428845254,0.5555917127735851,5.435185185185186,2.394427257822654,-1.4333333333333333,0.19999999999999998
t1,2026-01-30,2026-01-31 18:00:00,2026-02-01 00:00:00,42.0,0.04859815545944799,0.0,0.0,0.24341630089261315,3.6203703703703702,1.8194621147007366,-2.066666666666667,
t1,2026-01-30,2026-01-31 19:00:00,2026-02-01 01:00:00,43.0,0.0304879696650669,0.0,0.0,0.1680259325516041,3.2870370370370376,2.1463314476398034,-2.3666666666666667,
t1,2026-01-30,2026-01-31 20:00:00,2026-02-01 02:00:00,44.0,0.016988497866250986,0.0,0.0,0.14967066970806442,2.8518518518518516,2.152792712015105,-2.433333333333333,
t1,2026-01-30,2026-01-31 21:00:00,2026-02-01 03:00:00,45.0,0.019504640811483488,0.0,0.0,0.15356519231326626,2.6203703703703702,3.1102842816625627,-2.5,
t1,2026-01-30,2026-01-31 22:00:00,2026-02-01 04:00:00,46.0,0.030405880583102292,0.0,0.0,0.21638550268743637,3.3333333333333335,4.259068031133943,-2.6,
t1,2026-01-30,2026-01-31 23:00:00,2026-02-01 05:00:00,47.0,0.046463054530401275,0.0,0.0,0.28455179902584815,4.166666666666667,5.389747926948846,-2.866666666666667,
t1,2026-01-31,2026-02-01 00:00:00,2026-02-01 06:00:00,24.0,0.10664930092161416,0.0,0.02363942402731975,0.5496866184702219,4.398148148148148,5.554189646901234,-2.6333333333333333,
t1,2026-01-31,2026-02-01 01:00:00,2026-02-01 07:00:00,25.0,0.12119989941286406,0.0,0.05346131654327775,0.648070780346784,5.638888888888889,5.2779970714675235,-2.766666666666667,
t1,2026-01-31,2026-02-01 02:00:00,2026-02-01 08:00:00,26.0,0.10968757627779317,0.0,0.07874677751382345,0.7138992023508958,6.777777777777779,4.150338376804393,-2.766666666666667,
t1,2026-01-31,2026-02-01 03:00:00,2026-02-01 09:00:00,27.0,0.20664346041664172,0.0,0.14589065820478103,0.7656133376811098,7.546296296296297,2.208697267938542,-2.266666666666667,
t1,2026-01-31,2026-02-01 04:00:00,2026-02-01 10:00:00,28.0,0.3417113061464683,0.0,0.3178584654032066,0.8763720385102033,8.62962962962963,2.3950716717370275,-0.4666666666666666,
t1,2026-01-31,2026-02-01 05:00:00,2026-02-01 11:00:00,29.0,0.3737962883620765,0.0,0.31918323462633374,0.8714970675173299,8.250000000000002,2.3575135991909724,1.8333333333333333,
t1,2026-01-31,2026-02-01 06:00:00,2026-02-01 12:00:00,30.0,0.2916827122791472,0.0,0.2567904082792464,0.7368930385706527,7.324074074074075,2.8977339663809203,3.2000000000000006,
t1,2026-01-31,2026-02-01 07:00:00,2026-02-01 13:00:00,31.0,0.2232638500147177,0.0,0.19049453372990666,0.738253068542121,7.027777777777778,3.738046793067269,4.3999999999999995,
t1,2026-01-31,2026-02-01 08:00:00,2026-02-01 14:00:00,32.0,0.25075871241113556,0.0,0.2237303696177944,0.7447530977852352,6.842592592592593,3.6885221258996173,5.400000000000001,
t1,2026-01-31,2026-02-01 09:00:00,2026-02-01 15:00:00,33.0,0.22392861128302477,0.0,0.17873323573121053,0.6914149534980423,6.5,3.57147045830816,5.8,
t1,2026-01-31,2026-02-01 10:00:00,2026-02-01 16:00:00,34.0,0.2182639079216444,0.0,0.18885722299543833,0.6907536135932044,6.583333333333333,3.452834763094604,5.166666666666667,
t1,2026-01-31,2026-02-01 11:00:00,2026-02-01 17:00:00,35.0,0.21265910814042083,0.0,0.15660329791450556,0.6751659661063231,6.916666666666667,3.329975160252886,3.6999999999999997,
t1,2026-01-31,2026-02-01 12:00:00,2026-02-01 18:00:00,36.0,0.21972418549720746,0.0,0.17046942742718213,0.6456728887199716,6.287037037037037,3.340540048993582,2.0,
t1,2026-01-31,2026-02-01 13:00:00,2026-02-01 19:00:00,37.0,0.19397451629732287,0.0,0.17923279043818052,0.5949741488407694,6.777777777777778,3.3555969460287582,0.8000000000000002,
t1,2026-01-31,2026-02-01 14:00:00,2026-02-01 20:00:00,38.0,0.22039378533806164,0.0,0.2030647537538412,0.6065506657777628,7.018518518518519,2.944619142266809,0.3,
t1,2026-01-31,2026-02-01 15:00:00,2026-02-01 21:00:00,39.0,0.21742312249838247,0.0,0.20047131431631843,0.6129061461626724,7.314814814814816,2.8087623770150048,-0.1333333333333334,
t1,2026-01-31,2026-02-01 16:00:00,2026-02-01 22:00:00,40.0,0.25364419439533153,0.0,0.21452194915305828,0.6369481015653708,7.500000000000001,2.530523539253498,-0.2333333333333333,
t1,2026-01-31,2026-02-01 17:00:00,2026-02-01 23:00:00,41.0,0.2635488410585964,0.0,0.21318878246401568,0.6734513550334946,7.694444444444444,2.550114981673,-0.6,
t1,2026-01-31,2026-02-01 18:00:00,2026-02-02 00:00:00,42.0,0.2008098694128964,0.0,0.18328921093937256,0.6952158003014312,7.796296296296297,2.619421369836705,-0.7999999999999999,
t1,2026-01-31,2026-02-01 19:00:00,2026-02-02 01:00:00,43.0,0.32003201634460265,0.0,0.24942760170931288,0.7360406050629058,8.0,3.0224213578185175,-0.9666666666666667,
t1,2026-01-31,2026-02-01 20:00:00,2026-02-02 02:00:00,44.0,0.4394645512955902,0.025754106786532227,0.34977975697788155,0.9313175672492605,8.481481481481481,3.328855016392965,-1.1333333333333333,
t1,2026-01-31,2026-02-01 21:00:00,2026-02-02 03:00:00,45.0,0.5079056662504566,0.07985929900629518,0.4624407210601955,0.9965478731424572,9.055555555555555,3.0815810836823103,-1.366666666666667,
t1,2026-01-31,2026-02-01 22:00:00,2026-02-02 04:00:00,46.0,0.5542984203063873,0.15343368293822296,0.5595941968684499,0.992347637775636,9.814814814814815,2.3863574011640702,-1.6333333333333335,
t1,2026-01-31,2026-02-01 23:00:00,2026-02-02 05:00:00,47.0,0.6287569997232362,0.2570870236752793,0.6418870755882513,0.9918540863276187,10.36111111111111,1.927705730321941,-1.8333333333333333,
t1,2026-02-01,2026-02-02 00:00:00,2026-02-02 06:00:00,24.0,0.7540739028383522,0.4496100376396378,0.8194868667040682,0.9788057378383362,11.101851851851853,1.307130649544805,-1.7666666666666666,
t1,2026-02-01,2026-02-02 01:00:00,2026-02-02 07:00:00,25.0,0.783634917983875,0.5023528412726982,0.8481529756560556,0.9709094296927984,11.481481481481481,1.1153852976168908,-1.8333333333333333,
t1,2026-02-01,2026-02-02 02:00:00,2026-02-02 08:00:00,26.0,0.7568196558901679,0.4785992667096593,0.8375785720068737,0.9719913166502703,11.740740740740742,1.0323970270197296,-1.9000000000000001,
t1,2026-02-01,2026-02-02 03:00:00,2026-02-02 09:00:00,27.0,0.7696113670785887,0.462968250317346,0.86724485576652,0.9676695414647232,12.101851851851853,1.4662702887499235,-1.0333333333333334,
t1,2026-02-01,2026-02-02 04:00:00,2026-02-02 10:00:00,28.0,0.8336483902233699,0.6256776284271033,0.8877353045171577,0.9671864139495894,12.148148148148147,1.12811069707541,0.8999999999999999,
t1,2026-02-01,2026-02-02 05:00:00,2026-02-02 11:00:00,29.0,0.8758338750407635,0.6979686172841033,0.8958931509480379,0.9670140733524838,12.537037037037038,1.5836581862980428,3.1999999999999997,
t1,2026-02-01,2026-02-02 06:00:00,2026-02-02 12:00:00,30.0,0.8893244347881814,0.69767261859883,0.9265248337692864,0.9621503938515426,11.842592592592593,1.7849969164593942,5.433333333333334,
t1,2026-02-01,2026-02-02 07:00:00,2026-02-02 13:00:00,31.0,0.8923338262307278,0.7055298194699906,0.9292340878564134,0.9619684927347726,12.333333333333334,1.9545372980280313,6.8,
t1,2026-02-01,2026-02-02 08:00:00,2026-02-02 14:00:00,32.0,0.8887591012238751,0.6902864080900917,0.9273643239063686,0.9618354788892485,12.527777777777779,1.9955583395179788,7.6000000000000005,
t1,2026-02-01,2026-02-02 09:00:00,2026-02-02 15:00:00,33.0,0.8472736671732402,0.5756345348527814,0.9079946512420877,0.9663243515959318,12.407407407407407,1.8799488873184929,7.766666666666667,
t1,2026-02-01,2026-02-02 10:00:00,2026-02-02 16:00:00,34.0,0.8098593319012273,0.5215449308425513,0.9042718166183302,0.9589659146613028,11.851851851851853,1.1153852976168896,7.133333333333333,
t1,2026-02-01,2026-02-02 11:00:00,2026-02-02 17:00:00,35.0,0.6488034418779849,0.18496262519369822,0.7249661335519789,0.9781492162190787,10.657407407407408,1.2201160303725291,5.6000000000000005,
t1,2026-02-01,2026-02-02 12:00:00,2026-02-02 18:00:00,36.0,0.36182593323396095,0.019648589203446698,0.36157180671736916,0.8951877066671696,8.935185185185187,3.0878761995695867,3.4333333333333336,
t1,2026-02-01,2026-02-02 13:00:00,2026-02-02 19:00:00,37.0,0.21218343976943865,0.0,0.16600662651840092,0.7535887238631345,7.26851851851852,3.679306217031022,2.0333333333333337,
t1,2026-02-01,2026-02-02 14:00:00,2026-02-02 20:00:00,38.0,0.190968546224922,0.0,0.12143653383990513,0.7035282875482338,6.2592592592592595,3.402333682282899,1.1666666666666667,
t1,2026-02-01,2026-02-02 15:00:00,2026-02-02 21:00:00,39.0,0.1667689718977397,0.0,0.09874499801750622,0.6648368667270596,5.564814814814816,3.125257191062532,0.7333333333333334,
t1,2026-02-01,2026-02-02 16:00:00,2026-02-02 22:00:00,40.0,0.16823895497739322,0.0,0.11741527690614667,0.637133962453641,5.657407407407407,2.760688170901367,0.36666666666666664,
t1,2026-02-01,2026-02-02 17:00:00,2026-02-02 23:00:00,41.0,0.1851465680198857,0.0,0.14177710765597848,0.6170286529500794,5.888888888888889,2.3575135991909724,-0.16666666666666666,
t1,2026-02-01,2026-02-02 18:00:00,2026-02-03 00:00:00,42.0,0.20661308268808826,0.0,0.15729221467937204,0.668956386107681,5.907407407407407,2.294204543103493,-0.5333333333333333,
t1,2026-02-01,2026-02-02 19:00:00,2026-02-03 01:00:00,43.0,0.30342539017432196,0.0,0.26218750026555454,0.8002925418263356,6.731481481481481,1.9112914428270402,-0.3333333333333333,
t1,2026-02-01,2026-02-02 20:00:00,2026-02-03 02:00:00,44.0,0.4239222919289784,0.028398687592881278,0.42382844569594247,0.9599305346090916,8.092592592592593,1.550670238735629,-0.16666666666666666,
t1,2026-02-01,2026-02-02 21:00:00,2026-02-03 03:00:00,45.0,0.5202914860268797,0.09699811374197059,0.4798289374937092,0.9847168945282603,9.13888888888889,1.6189941245442006,0.03333333333333351,
t1,2026-02-01,2026-02-02 22:00:00,2026-02-03 04:00:00,46.0,0.5695032568608183,0.09143446375360964,0.5444130657404058,0.9975528738228034,9.879629629629632,1.5970007898037324,0.0,
t1,2026-02-01,2026-02-02 23:00:00,2026-02-03 05:00:00,47.0,0.5183080542246253,0.068293757274626,0.46906323324091775,0.9625534168430778,10.296296296296296,2.0158196364219587,-0.30000000000000004,
t1,2026-02-02,2026-02-03 00:00:00,2026-02-03 06:00:00,24.0,0.512035155697045,0.06313711311192383,0.43599527561960394,0.9514390968028874,9.61111111111111,1.7094057158072706,-0.6,
t1,2026-02-02,2026-02-03 01:00:00,2026-02-03 07:00:00,25.0,0.3491654875464106,0.018769234230733678,0.31128102438597466,0.8895269570689093,8.981481481481483,1.2254796658952094,-0.9666666666666668,
t1,2026-02-02,2026-02-03 02:00:00,2026-02-03 08:00:00,26.0,0.2952558780257397,0.0,0.161581643227532,0.7157996881336074,8.083333333333334,0.8753306253660414,-1.2999999999999998,
t1,2026-02-02,2026-02-03 03:00:00,2026-02-03 09:00:00,27.0,0.17289963440192774,0.0,0.06015076901542453,0.5144137866604767,6.685185185185186,1.1007619882302035,-0.7333333333333334,
t1,2026-02-02,2026-02-03 04:00:00,2026-02-03 10:00:00,28.0,0.06977384572435748,0.0,0.01041935402683139,0.33613817654195877,4.407407407407407,2.293363569281014,1.2666666666666668,
t1,2026-02-02,2026-02-03 05:00:00,2026-02-03 11:00:00,29.0,0.05741030818249475,0.0,0.0,0.3035400314662421,2.861111111111111,2.9059326290271157,3.2999999999999994,
t1,2026-02-02,2026-02-03 06:00:00,2026-02-03 12:00:00,30.0,0.03735366686149126,0.0,0.0,0.27244744119945213,3.638888888888889,3.0551767441952693,4.966666666666666,
t1,2026-02-02,2026-02-03 07:00:00,2026-02-03 13:00:00,31.0,0.03158628038214885,0.0,0.0,0.22826263329931998,3.361111111111111,2.7021653411411006,6.166666666666667,
t1,2026-02-02,2026-02-03 08:00:00,2026-02-03 14:00:00,32.0,0.028535040322607036,0.0,0.0,0.21211335854885938,2.8981481481481484,2.6610666508309424,6.8999999999999995,
t1,2026-02-02,2026-02-03 09:00:00,2026-02-03 15:00:00,33.0,0.03166227757136378,0.0,0.0,0.2021338149222743,3.1018518518518516,1.6537306621335466,7.266666666666666,
t1,2026-02-02,2026-02-03 10:00:00,2026-02-03 16:00:00,34.0,0.06593352419067068,0.0,0.009742579921431252,0.275591119045259,3.305555555555556,0.9941961204540712,6.766666666666666,
t1,2026-02-02,2026-02-03 11:00:00,2026-02-03 17:00:00,35.0,0.18414691390866283,0.0,0.08091686269035434,0.5287043857446537,3.5462962962962963,2.2247092564468205,5.5,
t1,2026-02-02,2026-02-03 12:00:00,2026-02-03 18:00:00,36.0,0.37081528373833017,0.0,0.2792790025064627,0.789975947174874,5.416666666666667,2.766504903793964,4.133333333333334,
t1,2026-02-02,2026-02-03 13:00:00,2026-02-03 19:00:00,37.0,0.538041929985968,0.0,0.4000395969840068,0.9477415086994412,6.592592592592593,2.0169676339034277,3.1666666666666665,
t1,2026-02-02,2026-02-03 14:00:00,2026-02-03 20:00:00,38.0,0.5568574433562423,0.0,0.4920099950082142,0.9701828593074399,7.555555555555557,1.1121522899537557,2.6,
t1,2026-02-02,2026-02-03 15:00:00,2026-02-03 21:00:00,39.0,0.5792336567114588,0.0,0.5114740842866926,1.0,7.712962962962963,1.017718541054738,2.733333333333333,
t1,2026-02-02,2026-02-03 16:00:00,2026-02-03 22:00:00,40.0,0.5886529788234393,0.0,0.5542856620973624,1.0,7.916666666666667,0.7474235581707617,2.733333333333333,
t1,2026-02-02,2026-02-03 17:00:00,2026-02-03 23:00:00,41.0,0.6039072606426886,0.0,0.5596229329774846,0.9899638521520897,8.092592592592593,0.49404894710941155,2.733333333333333,
t1,2026-02-02,2026-02-03 18:00:00,2026-02-04 00:00:00,42.0,0.600714991372286,0.0,0.5681524952231001,0.9838422296437364,7.888888888888889,0.7733006059486146,2.3333333333333335,
t1,2026-02-02,2026-02-03 19:00:00,2026-02-04 01:00:00,43.0,0.5760253441453467,0.0,0.5608345537317398,0.9683047806712082,8.064814814814815,1.3657328938883189,2.433333333333333,
t1,2026-02-02,2026-02-03 20:00:00,2026-02-04 02:00:00,44.0,0.5572793573934518,0.0,0.5031743265080509,0.9950762627684558,7.768518518518519,1.8572375388517661,2.733333333333333,
t1,2026-02-02,2026-02-03 21:00:00,2026-02-04 03:00:00,45.0,0.5420712665499231,0.0,0.46486800376061993,1.0,7.4907407407407405,2.093923699876705,2.8333333333333335,
t1,2026-02-02,2026-02-03 22:00:00,2026-02-04 04:00:00,46.0,0.5400019969779427,0.0,0.5151941747675807,1.0,7.953703703703705,2.0077652749205908,2.8000000000000003,
t1,2026-02-02,2026-02-03 23:00:00,2026-02-04 05:00:00,47.0,0.5398503853360187,0.0,0.4860858771799944,0.9755870402566034,7.981481481481481,1.87666250026948,2.733333333333333,
t1,2026-02-03,2026-02-04 00:00:00,2026-02-04 06:00:00,24.0,0.5405758693053109,0.14669527637534402,0.6147682091722333,0.9960492392638702,9.416666666666666,0.6735753140545631,2.8000000000000003,
t1,2026-02-03,2026-02-04 01:00:00,2026-02-04 07:00:00,25.0,0.5248972683685647,0.007659633114405318,0.5288853551111928,1.0,9.564814814814815,2.6825817519634096,2.6333333333333333,
t1,2026-02-03,2026-02-04 02:00:00,2026-02-04 08:00:00,26.0,0.42101894490966457,0.0,0.39804479609732596,0.9881586575433896,8.407407407407407,3.0360912032148653,2.566666666666667,
t1,2026-02-03,2026-02-04 03:00:00,2026-02-04 09:00:00,27.0,0.38152884930224995,0.0,0.30427257054894785,0.9662033127807882,7.62962962962963,3.4118454391152486,2.866666666666667,
t1,2026-02-03,2026-02-04 04:00:00,2026-02-04 10:00:00,28.0,0.27103810259268535,0.0,0.13880704219103102,0.8773003267379034,6.75,2.9108407423217937,3.366666666666667,
t1,2026-02-03,2026-02-04 05:00:00,2026-02-04 11:00:00,29.0,0.2564499247485339,0.0,0.15972902969156613,0.7967822594116838,5.518518518518519,3.1630502416616344,3.7999999999999994,
t1,2026-02-03,2026-02-04 06:00:00,2026-02-04 12:00:00,30.0,0.21604439078030013,0.0,0.11816197421655761,0.735516489556236,5.453703703703703,2.431203617306988,4.333333333333333,
t1,2026-02-03,2026-02-04 07:00:00,2026-02-04 13:00:00,31.0,0.18423013137412414,0.0,0.10217809440610137,0.6257875957512492,4.87962962962963,2.217413779228577,5.033333333333334,
t1,2026-02-03,2026-02-04 08:00:00,2026-02-04 14:00:00,32.0,0.16514460816364396,0.0,0.09978382378718587,0.6079574156326664,4.814814814814816,2.4743020797576447,5.8999999999999995,
t1,2026-02-03,2026-02-04 09:00:00,2026-02-04 15:00:00,33.0,0.1593800383527436,0.0,0.0961947990125247,0.5490990378605014,4.814814814814815,2.7619456224551517,6.466666666666666,
t1,2026-02-03,2026-02-04 10:00:00,2026-02-04 16:00:00,34.0,0.14288053269231965,0.0,0.06540321064928314,0.5273295919843052,4.777777777777778,2.7768053853570924,6.166666666666667,
t1,2026-02-03,2026-02-04 11:00:00,2026-02-04 17:00:00,35.0,0.14041524094420327,0.0,0.0962322637132221,0.4622240644778627,4.268518518518518,3.2315876030542623,5.3,
t1,2026-02-03,2026-02-04 12:00:00,2026-02-04 18:00:00,36.0,0.13776713551939235,0.0,0.07941031498461543,0.35566963326461887,4.231481481481482,1.1153852976168899,4.2,
t1,2026-02-03,2026-02-04 13:00:00,2026-02-04 19:00:00,37.0,0.2697920997628259,0.0,0.13714871998035993,0.6665664573200493,3.574074074074074,4.773603904670257,2.6333333333333333,
t1,2026-02-03,2026-02-04 14:00:00,2026-02-04 20:00:00,38.0,0.47722592422249416,0.0,0.35631971931965845,0.9499891618981623,5.87962962962963,4.181209189704079,1.6666666666666667,
t1,2026-02-03,2026-02-04 15:00:00,2026-02-04 21:00:00,39.0,0.5843667852937455,0.045636914128193484,0.5739920161349087,1.0,8.361111111111112,2.896890627663043,0.8000000000000002,
t1,2026-02-03,2026-02-04 16:00:00,2026-02-04 22:00:00,40.0,0.7425456310183515,0.18422728815623357,0.7396189146785069,1.0,10.268518518518519,1.4156677669345477,0.43333333333333335,
t1,2026-02-03,2026-02-04 17:00:00,2026-02-04 23:00:00,41.0,0.8298978146989596,0.40884098016655435,0.8421294266532182,0.9840369437247694,11.055555555555557,1.0456405680399286,0.3666666666666667,
t1,2026-02-03,2026-02-04 18:00:00,2026-02-05 00:00:00,42.0,0.8471233817952575,0.6027063256618472,0.8862970462159702,0.9797929287539763,11.564814814814815,1.073794663529237,0.26666666666666666,
t1,2026-02-03,2026-02-04 19:00:00,2026-02-05 01:00:00,43.0,0.8980334481168359,0.6825474682590735,0.9369117001581353,0.9711522924835102,12.416666666666666,1.0107447443700146,0.3,
t1,2026-02-03,2026-02-04 20:00:00,2026-02-05 02:00:00,44.0,0.9025073351058467,0.7848369962893517,0.9454165333614652,0.9705271644375664,13.601851851851853,0.7506855577299745,0.5,
t1,2026-02-03,2026-02-04 21:00:00,2026-02-05 03:00:00,45.0,0.911315531059543,0.8362632848720942,0.9456621936574818,0.9706436801390991,14.25,0.8282250842153096,0.6,
t1,2026-02-03,2026-02-04 22:00:00,2026-02-05 04:00:00,46.0,0.9134475304920741,0.8382647826739369,0.9458751514560559,0.9706037288450351,14.685185185185185,0.5933877766671151,0.5666666666666668,
t1,2026-02-03,2026-02-04 23:00:00,2026-02-05 05:00:00,47.0,0.9137975019354211,0.8410502424291915,0.9458751514560559,0.9706037288450351,15.148148148148147,0.8855550908498248,0.6666666666666666,
t1,2026-02-04,2026-02-05 00:00:00,2026-02-05 06:00:00,24.0,0.9122746278808028,0.7971122520413633,0.9446865245991211,0.9681454133827875,16.055555555555557,1.9722222222222223,0.5666666666666667,
t1,2026-02-04,2026-02-05 01:00:00,2026-02-05 07:00:00,25.0,0.9144306434944416,0.7542633131922907,0.9446865245991211,0.9681437130556397,16.84259259259259,2.6447790015572563,0.6,
t1,2026-02-04,2026-02-05 02:00:00,2026-02-05 08:00:00,26.0,0.902369773156392,0.7302626229845119,0.9446865245991211,0.9681369890603568,17.26851851851852,2.8725947175894193,0.5333333333333333,
t1,2026-02-04,2026-02-05 03:00:00,2026-02-05 09:00:00,27.0,0.9038495214495476,0.7844719869942869,0.9447138843895416,0.9681333602302714,17.305555555555557,3.156049452741219,1.0333333333333332,
t1,2026-02-04,2026-02-05 04:00:00,2026-02-05 10:00:00,28.0,0.9084167357638785,0.7911109396926209,0.9447138843895416,0.9681277434544489,17.09259259259259,3.3925678270161903,2.533333333333333,
t1,2026-02-04,2026-02-05 05:00:00,2026-02-05 11:00:00,29.0,0.9166484246907198,0.797285343329394,0.9447138843895416,0.9681278437151096,16.39814814814815,2.9664187023573514,3.9333333333333336,
t1,2026-02-04,2026-02-05 06:00:00,2026-02-05 12:00:00,30.0,0.9166160224990041,0.797285343329394,0.9447138843895416,0.9681278437151096,16.39814814814815,3.171333468287148,5.0,
t1,2026-02-04,2026-02-05 07:00:00,2026-02-05 13:00:00,31.0,0.9204805520862438,0.8062937332056278,0.9447138843895416,0.9681696917264241,16.0,3.0373193184081417,5.833333333333333,
t1,2026-02-04,2026-02-05 08:00:00,2026-02-05 14:00:00,32.0,0.9150966812879991,0.7427222088555699,0.9449162788157339,0.9680771593002427,15.620370370370372,2.8811773856484475,6.533333333333334,
t1,2026-02-04,2026-02-05 09:00:00,2026-02-05 15:00:00,33.0,0.9201629388326732,0.7094748666836008,0.9450649407862823,0.9680498097592835,15.25925925925926,2.6825817519634096,6.866666666666667,
t1,2026-02-04,2026-02-05 10:00:00,2026-02-05 16:00:00,34.0,0.9095623258690336,0.6505821564900978,0.9416470919788779,0.968112661326956,14.731481481481481,2.7434452372058233,6.633333333333333,
t1,2026-02-04,2026-02-05 11:00:00,2026-02-05 17:00:00,35.0,0.8488746553386816,0.6048977331782437,0.9087571605257256,0.9702650872222419,13.861111111111109,2.577652056321176,5.766666666666667,
t1,2026-02-04,2026-02-05 12:00:00,2026-02-05 18:00:00,36.0,0.8417455664647203,0.5478459985669736,0.8993985749030966,0.9705329556967741,12.138888888888888,1.2536982329329731,4.333333333333333,
t1,2026-02-04,2026-02-05 13:00:00,2026-02-05 19:00:00,37.0,0.8084721379621947,0.48996941091629215,0.8796278193583391,0.9701476942653736,11.518518518518519,0.7828866601454811,3.266666666666667,
t1,2026-02-04,2026-02-05 14:00:00,2026-02-05 20:00:00,38.0,0.7746666356855182,0.47596838105406747,0.8767144915344471,0.9702443398343632,11.203703703703704,0.8811877039242698,2.5,
t1,2026-02-04,2026-02-05 15:00:00,2026-02-05 21:00:00,39.0,0.7441829722404576,0.46410519967881825,0.8377879507947871,0.9742990650039436,10.879629629629632,0.5985665318108876,2.0666666666666664,
t1,2026-02-04,2026-02-05 16:00:00,2026-02-05 22:00:00,40.0,0.7121482316048274,0.4419795525067365,0.8196385989451229,0.9761202930220966,10.870370370370372,0.7245333392403566,1.8999999999999997,
t1,2026-02-04,2026-02-05 17:00:00,2026-02-05 23:00:00,41.0,0.6830163280332258,0.42575239060671694,0.759035701043934,0.9809545152766036,10.694444444444445,0.409192218407118,1.9666666666666668,
t1,2026-02-04,2026-02-05 18:00:00,2026-02-06 00:00:00,42.0,0.6490834502781868,0.3517501618416971,0.7130160382600012,0.9627944807531325,10.398148148148147,0.331398706818023,1.6333333333333335,
t1,2026-02-04,2026-02-05 19:00:00,2026-02-06 01:00:00,43.0,0.6418947622359438,0.3391953138439983,0.6831467675851453,0.9578264103962075,10.314814814814815,0.34731480247242635,1.5,
t1,2026-02-04,2026-02-05 20:00:00,2026-02-06 02:00:00,44.0,0.6175338238893179,0.23442775405470323,0.6247642703416048,0.9607657800105174,10.111111111111112,0.4672945511461314,1.5666666666666667,
t1,2026-02-04,2026-02-05 21:00:00,2026-02-06 03:00:00,45.0,0.5361891830396582,0.13398993400319642,0.4971181993302925,0.9548480176811549,9.907407407407407,0.5214040083444851,1.4000000000000001,
t1,2026-02-04,2026-02-05 22:00:00,2026-02-06 04:00:00,46.0,0.42819325552845605,0.06482312372483268,0.33652216223140224,0.9148613133374597,9.824074074074074,0.8166540689378561,1.1333333333333333,
t1,2026-02-04,2026-02-05 23:00:00,2026-02-06 05:00:00,47.0,0.31199035003762166,0.0,0.14433621379636857,0.7759871017308,9.046296296296296,1.1467658943572163,0.8666666666666667,
t1,2026-02-05,2026-02-06 00:00:00,2026-02-06 06:00:00,24.0,0.18259003645333569,0.0,0.08708894005046353,0.5194255507264152,6.62962962962963,3.524203496971457,0.10000000000000002,
t1,2026-02-05,2026-02-06 01:00:00,2026-02-06 07:00:00,25.0,0.0962583921373489,0.0,0.014238460411150823,0.34528707030957273,4.685185185185186,3.1808082545578533,-0.10000000000000002,
t1,2026-02-05,2026-02-06 02:00:00,2026-02-06 08:00:00,26.0,0.062283819144126715,0.0,0.022309167259503937,0.2959951387468495,2.675925925925926,3.116232557078216,-0.20000000000000004,
t1,2026-02-05,2026-02-06 03:00:00,2026-02-06 09:00:00,27.0,0.11652111769314005,0.0,0.0482566977237527,0.34454278439970387,4.101851851851852,0.339450051478211,0.2666666666666666,
t1,2026-02-05,2026-02-06 04:00:00,2026-02-06 10:00:00,28.0,0.18877053270345714,0.0,0.07409644331141463,0.5312410715899528,4.1944444444444455,0.8953756367381223,1.9333333333333333,
t1,2026-02-05,2026-02-06 05:00:00,2026-02-06 11:00:00,29.0,0.4136714773283865,0.02050457599994865,0.33256258594814614,0.8139741097903728,4.018518518518519,2.334876033226385,3.633333333333333,
t1,2026-02-05,2026-02-06 06:00:00,2026-02-06 12:00:00,30.0,0.5795651749049301,0.05473602326390703,0.5027530885427665,0.9612495599770401,6.972222222222222,2.9028774570870546,5.233333333333333,
t1,2026-02-05,2026-02-06 07:00:00,2026-02-06 13:00:00,31.0,0.6418706935526948,0.18066909069750692,0.6489863615920195,0.9799325066007338,10.018518518518519,3.58067659192604,6.3999999999999995,
t1,2026-02-05,2026-02-06 08:00:00,2026-02-06 14:00:00,32.0,0.7987761185270557,0.48074135858887157,0.8870922175446826,0.9753096950477593,13.324074074074074,3.0712140868194435,5.533333333333334,
t1,2026-02-05,2026-02-06 09:00:00,2026-02-06 15:00:00,33.0,0.9033003319479556,0.7135221199263695,0.9443966251243983,0.9716143668046557,14.25,1.9774968589508541,5.033333333333334,
t1,2026-02-05,2026-02-06 10:00:00,2026-02-06 16:00:00,34.0,0.9123400346395828,0.8533904453736578,0.947910897868005,0.9713736579142802,14.703703703703704,0.9305901043890548,4.566666666666666,
t1,2026-02-05,2026-02-06 11:00:00,2026-02-06 17:00:00,35.0,0.9130576250281999,0.8536436628024924,0.9470870419256361,0.9714105971474966,15.861111111111112,0.48828877309019336,4.266666666666667,
t1,2026-02-05,2026-02-06 12:00:00,2026-02-06 18:00:00,36.0,0.9124466092725352,0.8683951804113393,0.9479255747557802,0.9713537021266888,16.89814814814815,0.5280213862734546,3.6666666666666665,
t1,2026-02-05,2026-02-06 13:00:00,2026-02-06 19:00:00,37.0,0.9196806121071754,0.8608302964892177,0.9479255747557802,0.9713537026458947,16.990740740740744,0.5619996631664261,3.133333333333333,
t1,2026-02-05,2026-02-06 14:00:00,2026-02-06 20:00:00,38.0,0.9232396627176541,0.8619488425220097,0.9479255747557802,0.9713537021266888,16.462962962962965,0.7372021962727041,2.533333333333333,
t1,2026-02-05,2026-02-06 15:00:00,2026-02-06 21:00:00,39.0,0.9215443618896701,0.8516922854682869,0.9471209224229886,0.9714174138100047,15.685185185185185,0.23295825232239065,2.066666666666667,
t1,2026-02-05,2026-02-06 16:00:00,2026-02-06 22:00:00,40.0,0.9133422442851686,0.7921069303427766,0.9462732394072773,0.9715316328268605,14.268518518518519,0.7460458177216184,1.7,
t1,2026-02-05,2026-02-06 17:00:00,2026-02-06 23:00:00,41.0,0.8873883446774438,0.6296303175656361,0.9159458454853043,0.9731703625358167,12.962962962962964,0.21032993873334435,1.5,
t1,2026-02-05,2026-02-06 18:00:00,2026-02-07 00:00:00,42.0,0.8148969556750921,0.5051497228039211,0.8638395659142992,0.9745357571601145,12.305555555555557,0.5464532103585003,1.1666666666666667,
t1,2026-02-05,2026-02-06 19:00:00,2026-02-07 01:00:00,43.0,0.7320857849593132,0.40199168458839896,0.7641313386073686,0.9662084513348408,11.555555555555555,0.9658521472618724,0.9,
t1,2026-02-05,2026-02-06 20:00:00,2026-02-07 02:00:00,44.0,0.5681323697969384,0.24042997198872756,0.6150347590470264,0.9464999293514107,10.425925925925926,0.803797570896692,0.8333333333333334,
t1,2026-02-05,2026-02-06 21:00:00,2026-02-07 03:00:00,45.0,0.43127264190844194,0.09346374582758626,0.42057311759304306,0.8590581229661194,9.00925925925926,1.0993591474033515,0.6,
t1,2026-02-05,2026-02-06 22:00:00,2026-02-07 04:00:00,46.0,0.32690394455172334,0.0,0.23582026467954878,0.8147268627505512,7.601851851851852,1.6801154918170431,0.3,
t1,2026-02-05,2026-02-06 23:00:00,2026-02-07 05:00:00,47.0,0.31282294845178726,0.0,0.20494263700408713,0.8287912861224206,6.592592592592593,2.7047816217578786,0.09999999999999998,
t1,2026-02-06,2026-02-07 00:00:00,2026-02-07 06:00:00,24.0,0.10819298094407782,0.0,0.021303528519278418,0.40262386411707346,5.037037037037037,1.2970566553077738,-0.033333333333333326,
t1,2026-02-06,2026-02-07 01:00:00,2026-02-07 07:00:00,25.0,0.07093709749036613,0.0,0.008271580822319633,0.2553957750875663,3.8333333333333335,1.3143909071467759,-0.1333333333333333,
t1,2026-02-06,2026-02-07 02:00:00,2026-02-07 08:00:00,26.0,0.07380539438762956,0.0,0.0057747956027560145,0.20466440121166835,2.1018518518518516,1.3620556057852518,-0.3999999999999999,
t1,2026-02-06,2026-02-07 03:00:00,2026-02-07 09:00:00,27.0,0.13782917934409417,0.0,0.023661629654529916,0.4006081212164242,1.6944444444444446,0.9179284245476836,-0.20000000000000004,
t1,2026-02-06,2026-02-07 04:00:00,2026-02-07 10:00:00,28.0,0.20512355737197593,0.0,0.12304138716550313,0.4777103349806302,2.8333333333333335,1.8132315467075102,0.8000000000000002,
t1,2026-02-06,2026-02-07 05:00:00,2026-02-07 11:00:00,29.0,0.2952045720020864,0.0,0.20874411661776623,0.7428784872215901,5.953703703703703,2.37939543450534,2.033333333333333,
t1,2026-02-06,2026-02-07 06:00:00,2026-02-07 12:00:00,30.0,0.38006532242002294,0.0017876304530837772,0.2882833613056639,0.874865394559874,7.120370370370369,2.5811420415550796,3.266666666666667,
t1,2026-02-06,2026-02-07 07:00:00,2026-02-07 13:00:00,31.0,0.40674477334560283,0.028750304963281736,0.28666069874422656,0.8319618202168528,7.25,1.7803800398846734,3.866666666666667,
t1,2026-02-06,2026-02-07 08:00:00,2026-02-07 14:00:00,32.0,0.2916297796956412,0.029277531782944455,0.19445625331062288,0.7547633532651756,6.768518518518519,1.4636367412333107,3.9666666666666663,
t1,2026-02-06,2026-02-07 09:00:00,2026-02-07 15:00:00,33.0,0.17724952675951727,0.0,0.09161121141463863,0.6171896479497285,5.5740740740740735,1.4066457490692121,3.9333333333333336,
t1,2026-02-06,2026-02-07 10:00:00,2026-02-07 16:00:00,34.0,0.1214773098076904,0.0,0.06429641259044096,0.3158410049548628,4.361111111111111,1.317908462697384,3.5666666666666664,
t1,2026-02-06,2026-02-07 11:00:00,2026-02-07 17:00:00,35.0,0.14288424338830966,0.0,0.08796981485181316,0.40546593087111044,3.1666666666666665,1.2918906615814985,2.966666666666667,
t1,2026-02-06,2026-02-07 12:00:00,2026-02-07 18:00:00,36.0,0.2219042716006479,0.0,0.14148149542129573,0.5616966897007167,3.0462962962962963,2.2581015552328143,1.5666666666666667,
t1,2026-02-06,2026-02-07 13:00:00,2026-02-07 19:00:00,37.0,0.30817327920108833,0.0,0.22275292345636735,0.7449493916487088,5.518518518518519,3.103454533443702,0.3,
t1,2026-02-06,2026-02-07 14:00:00,2026-02-07 20:00:00,38.0,0.482787973835786,0.0,0.41612055108695556,0.9633170580038403,7.018518518518519,2.849265301301662,0.23333333333333336,
t1,2026-02-06,2026-02-07 15:00:00,2026-02-07 21:00:00,39.0,0.620119420151424,0.06440313010431387,0.5856330391879665,0.9984726734614399,8.185185185185185,2.238884293718288,3.700743415417188e-17,
t1,2026-02-06,2026-02-07 16:00:00,2026-02-07 22:00:00,40.0,0.7266697922758614,0.18236276598916623,0.6988559086771133,0.9943949152679288,9.666666666666668,2.4354316168789936,-0.19999999999999998,
t1,2026-02-06,2026-02-07 17:00:00,2026-02-07 23:00:00,41.0,0.8457051891029125,0.39191550304575373,0.8833849805356844,0.981966420216854,10.805555555555557,2.0224435165852657,-0.3333333333333333,
t1,2026-02-06,2026-02-07 18:00:00,2026-02-08 00:00:00,42.0,0.8869595801163029,0.607630557005572,0.9142021265984147,0.9785875809495183,12.277777777777779,0.6309898162000296,-0.4666666666666666,
t1,2026-02-06,2026-02-07 19:00:00,2026-02-08 01:00:00,43.0,0.885291177273998,0.7239440051358936,0.930793546361108,0.9750980066099842,12.861111111111112,1.0209986638605062,-0.5333333333333333,
t1,2026-02-06,2026-02-07 20:00:00,2026-02-08 02:00:00,44.0,0.85036061005074,0.6382491456762355,0.907148426681327,0.9761310890174827,12.453703703703704,1.768712419077556,-0.6666666666666666,
t1,2026-02-06,2026-02-07 21:00:00,2026-02-08 03:00:00,45.0,0.8307758674249341,0.6010242794545771,0.8721857096681327,0.9801611221387366,12.083333333333336,1.4452455043698407,-0.8666666666666667,
t1,2026-02-06,2026-02-07 22:00:00,2026-02-08 04:00:00,46.0,0.8033826254948823,0.4897951004957073,0.8510622070519386,0.987141381454367,11.064814814814815,0.8634972912617968,-0.9333333333333332,
t1,2026-02-06,2026-02-07 23:00:00,2026-02-08 05:00:00,47.0,0.7433922900083654,0.39927631668044705,0.7677663163030889,0.9855090036548633,9.916666666666666,0.6532208897947136,-1.0999999999999999,
t1,2026-02-07,2026-02-08 00:00:00,2026-02-08 06:00:00,24.0,0.4906162750507763,0.09037646865539295,0.4752275236147099,0.9535758296591632,9.324074074074074,0.5888190035401717,-1.2333333333333334,
t1,2026-02-07,2026-02-08 01:00:00,2026-02-08 07:00:00,25.0,0.4342898142243422,0.0,0.37019904311456553,0.9193318812659073,8.194444444444445,0.32749517007087786,-1.3333333333333333,
t1,2026-02-07,2026-02-08 02:00:00,2026-02-08 08:00:00,26.0,0.3099216858536741,0.0,0.22537170747425267,0.8164059389153964,7.324074074074075,0.16743649370393615,-1.1666666666666667,
t1,2026-02-07,2026-02-08 03:00:00,2026-02-08 09:00:00,27.0,0.21847149982655825,0.0,0.11714257324370772,0.6546702666981798,6.361111111111112,0.15466012118972275,-0.7666666666666666,
t1,2026-02-07,2026-02-08 04:00:00,2026-02-08 10:00:00,28.0,0.101864926275241,0.0,0.04224411153675224,0.46181328191346144,5.5,0.5068968775248517,0.5,
t1,2026-02-07,2026-02-08 05:00:00,2026-02-08 11:00:00,29.0,0.0715689572741513,0.0,0.014900322095631795,0.2897875775172273,4.231481481481482,1.1167680071944237,1.5333333333333334,
t1,2026-02-07,2026-02-08 06:00:00,2026-02-08 12:00:00,30.0,0.05199631900924222,0.0,0.0024855447887557162,0.2253243458059068,2.2962962962962963,1.1987433406312709,2.3666666666666667,
t1,2026-02-07,2026-02-08 07:00:00,2026-02-08 13:00:00,31.0,0.11141414051659831,0.0,0.014603629046142236,0.3218294379925748,1.1574074074074072,0.7159629045267892,3.4000000000000004,
t1,2026-02-07,2026-02-08 08:00:00,2026-02-08 14:00:00,32.0,0.2081488883948987,0.0,0.07927246998687398,0.6689702348495302,2.2222222222222223,1.5562994253146045,4.266666666666667,
t1,2026-02-07,2026-02-08 09:00:00,2026-02-08 15:00:00,33.0,0.5403971629284415,0.03907387886826469,0.43582005165355897,0.9471763477356137,5.083333333333334,2.1822799268224835,4.666666666666667,
t1,2026-02-07,2026-02-08 10:00:00,2026-02-08 16:00:00,34.0,0.7130647870104837,0.14037371377355223,0.681662888863789,1.0,8.425925925925926,2.24404791143295,4.3999999999999995,
t1,2026-02-07,2026-02-08 11:00:00,2026-02-08 17:00:00,35.0,0.8609409426314425,0.47534272783301085,0.9097635665085065,0.9735076274533051,12.018518518518519,1.9946559260620575,3.5,
t1,2026-02-07,2026-02-08 12:00:00,2026-02-08 18:00:00,36.0,0.9105462568175905,0.698470779717489,0.9396121969905235,0.9702080665093554,14.611111111111112,1.2143051663552447,1.8666666666666665,
t1,2026-02-07,2026-02-08 13:00:00,2026-02-08 19:00:00,37.0,0.9320094158124121,0.8174883256932397,0.9443270905886223,0.9697036366735907,15.694444444444445,1.1252571722516171,0.8000000000000002,
t1,2026-02-07,2026-02-08 14:00:00,2026-02-08 20:00:00,38.0,0.9321682619155323,0.7872104371127169,0.9450195281075855,0.9695726114258169,16.324074074074073,1.8066947972845275,0.10000000000000002,
t1,2026-02-07,2026-02-08 15:00:00,2026-02-08 21:00:00,39.0,0.924262027702693,0.7905955900364103,0.945053408604938,0.9695689195103969,16.59259259259259,2.0460239470176167,-0.30000000000000004,
t1,2026-02-07,2026-02-08 16:00:00,2026-02-08 22:00:00,40.0,0.925483684653004,0.805730679593369,0.945053408604938,0.9695706915448552,16.972222222222225,2.3228933107943925,-0.5333333333333333,
t1,2026-02-07,2026-02-08 17:00:00,2026-02-08 23:00:00,41.0,0.9237695801992807,0.8170875037173428,0.945053408604938,0.9695693785797247,17.02777777777778,2.3295273191925014,-0.6,
t1,2026-02-07,2026-02-08 18:00:00,2026-02-09 00:00:00,42.0,0.9235016965447507,0.8513274373814461,0.945053408604938,0.969569403054277,17.444444444444446,1.9657562236615707,-0.8999999999999999,
t1,2026-02-07,2026-02-08 19:00:00,2026-02-09 01:00:00,43.0,0.9235016965447507,0.8513274373814461,0.945053408604938,0.9695551925924448,17.740740740740744,1.9956227820071217,-1.0,
t1,2026-02-07,2026-02-08 20:00:00,2026-02-09 02:00:00,44.0,0.9217207586949439,0.8513274373814461,0.945053408604938,0.9695575045783327,17.90740740740741,1.8236980247828056,-1.1333333333333335,
t1,2026-02-07,2026-02-08 21:00:00,2026-02-09 03:00:00,45.0,0.9184349972483212,0.830058099686505,0.945053408604938,0.9695814782546767,18.25925925925926,1.7849969164593937,-1.4000000000000001,
t1,2026-02-07,2026-02-08 22:00:00,2026-02-09 04:00:00,46.0,0.9073889974817767,0.7672905027278298,0.9454643513637276,0.9694249075770617,18.342592592592595,1.8135152187284436,-1.5333333333333332,
t1,2026-02-07,2026-02-08 23:00:00,2026-02-09 05:00:00,47.0,0.8505734148374917,0.6797670271273435,0.9149968186187036,0.9731462190250961,18.35185185185185,1.774592053045576,-1.5333333333333332,
t1,2026-02-08,2026-02-09 00:00:00,2026-02-09 06:00:00,24.0,0.8348255779962114,0.6711038092283669,0.9063570892951524,0.9654695637488601,18.092592592592595,1.7691486176338393,-1.633333333333333,
t1,2026-02-08,2026-02-09 01:00:00,2026-02-09 07:00:00,25.0,0.8326824634580737,0.6611728739851056,0.9063570892951524,0.9654696005850076,17.35185185185185,1.5768222197689883,-1.6666666666666667,
t1,2026-02-08,2026-02-09 02:00:00,2026-02-09 08:00:00,26.0,0.8286632489698802,0.6691325469336484,0.9063570892951524,0.9654696011381598,17.037037037037038,1.6947479995247103,-1.633333333333333,
t1,2026-02-08,2026-02-09 03:00:00,2026-02-09 09:00:00,27.0,0.8284174882173485,0.6041166365533712,0.9063844490855729,0.9654067970011309,16.59259259259259,1.9393451654571177,-0.9,
t1,2026-02-08,2026-02-09 04:00:00,2026-02-09 10:00:00,28.0,0.8358193436351841,0.6232950989040489,0.9063844490855729,0.9654067970011309,16.240740740740744,2.10164789351422,0.8333333333333334,
t1,2026-02-08,2026-02-09 05:00:00,2026-02-09 11:00:00,29.0,0.8400023940360974,0.6315234396426922,0.9063844490855729,0.9654637356423008,15.944444444444445,2.887152255796037,2.766666666666667,
t1,2026-02-08,2026-02-09 06:00:00,2026-02-09 12:00:00,30.0,0.8488774298813431,0.6315234396426922,0.9063844490855729,0.9654637356423008,15.472222222222221,3.4961398466252023,4.0,
t1,2026-02-08,2026-02-09 07:00:00,2026-02-09 13:00:00,31.0,0.848582133065435,0.6295688127780867,0.9063844490855729,0.9654636260690765,15.259259259259261,3.4392134711895292,5.366666666666667,
t1,2026-02-08,2026-02-09 08:00:00,2026-02-09 14:00:00,32.0,0.8523877756233385,0.5748011998406624,0.9063844490855729,0.9654640042606212,14.90740740740741,3.1610980927936057,6.233333333333333,
t1,2026-02-08,2026-02-09 09:00:00,2026-02-09 15:00:00,33.0,0.8501334278362607,0.608885566335312,0.9031697282198222,0.9659410994112193,14.15740740740741,2.6273627422615,6.433333333333334,
t1,2026-02-08,2026-02-09 10:00:00,2026-02-09 16:00:00,34.0,0.8227896246189764,0.5713381238602844,0.8951018103583641,0.9670459724798812,13.787037037037038,2.857242980315058,6.366666666666667,
t1,2026-02-08,2026-02-09 11:00:00,2026-02-09 17:00:00,35.0,0.7607803715881459,0.46179057189351175,0.8638550394280218,0.9698522776463341,13.296296296296296,1.805626779222002,5.6000000000000005,
t1,2026-02-08,2026-02-09 12:00:00,2026-02-09 18:00:00,36.0,0.700478222185418,0.3204846460124799,0.7761696747636093,0.977936179500153,11.675925925925926,1.1971330636217765,3.766666666666667,
t1,2026-02-08,2026-02-09 13:00:00,2026-02-09 19:00:00,37.0,0.5086613943743302,0.0943008838699887,0.5515243352737318,0.9952660396059972,10.537037037037038,1.7538171186291651,2.5333333333333337,
t1,2026-02-08,2026-02-09 14:00:00,2026-02-09 20:00:00,38.0,0.38890380039901346,0.05909802217412513,0.3773227585924026,0.9743965663133066,9.092592592592593,2.257759824221414,1.8,
t1,2026-02-08,2026-02-09 15:00:00,2026-02-09 21:00:00,39.0,0.30564474798048274,0.0,0.1950645057213225,0.8928550965576837,7.87037037037037,2.469932356082126,1.4000000000000001,
t1,2026-02-08,2026-02-09 16:00:00,2026-02-09 22:00:00,40.0,0.2287252500881656,0.0,0.13450911612202543,0.7994630656169438,6.6759259259259265,2.9982419402893896,1.4333333333333333,
t1,2026-02-08,2026-02-09 17:00:00,2026-02-09 23:00:00,41.0,0.2416663523832621,0.0,0.11965967982244727,0.7310376240652211,5.768518518518519,3.1643916454188643,1.2,
t1,2026-02-08,2026-02-09 18:00:00,2026-02-10 00:00:00,42.0,0.21132246412245284,0.0,0.10915686337870736,0.6220952308052986,4.888888888888889,3.486194111451061,0.6666666666666666,
t1,2026-02-08,2026-02-09 19:00:00,2026-02-10 01:00:00,43.0,0.19459431349034254,0.0,0.09316926946624648,0.5379074283128216,4.407407407407407,2.8449290675123966,0.6333333333333334,
t1,2026-02-08,2026-02-09 20:00:00,2026-02-10 02:00:00,44.0,0.1779824871421232,0.0,0.08161015969347019,0.5641667103513888,4.7592592592592595,1.4762349228104255,0.4000000000000001,
t1,2026-02-08,2026-02-09 21:00:00,2026-02-10 03:00:00,45.0,0.16816965026320155,0.0,0.028065975124126973,0.5734781099809698,5.222222222222222,0.7458734212276422,0.5,
t1,2026-02-08,2026-02-09 22:00:00,2026-02-10 04:00:00,46.0,0.2411793759843794,0.0,0.09052004158971866,0.6838103114100369,5.805555555555556,0.4276334532872407,0.3666666666666667,
t1,2026-02-08,2026-02-09 23:00:00,2026-02-10 05:00:00,47.0,0.18599255072871027,0.0,0.08990528308853155,0.7444467166175622,6.018518518518519,2.1688616611830724,0.2333333333333333,
t1,2026-02-09,2026-02-10 00:00:00,2026-02-10 06:00:00,24.0,0.2015096365180194,0.0,0.09724219657407335,0.8334715925635321,7.314814814814814,2.405679579387731,0.5,
t1,2026-02-09,2026-02-10 01:00:00,2026-02-10 07:00:00,25.0,0.21359691983339776,0.0,0.14754911594782116,0.9046819754891157,4.351851851851852,4.813283232186844,-0.033333333333333326,
t1,2026-02-09,2026-02-10 02:00:00,2026-02-10 08:00:00,26.0,0.2747023617922643,0.0,0.22111278098855278,1.0,8.953703703703704,6.895177088239961,-0.43333333333333335,
t1,2026-02-09,2026-02-10 03:00:00,2026-02-10 09:00:00,27.0,0.3035899845899145,0.0,0.2313597238187595,1.0,8.333333333333334,3.7593504823815933,0.46666666666666673,
t1,2026-02-09,2026-02-10 04:00:00,2026-02-10 10:00:00,28.0,0.38162386880281984,0.0,0.28540822877391087,1.0,8.351851851851853,3.27875848479971,2.1333333333333333,
t1,2026-02-09,2026-02-10 05:00:00,2026-02-10 11:00:00,29.0,0.38150038687798904,0.0,0.3619979547628711,1.0,9.074074074074074,3.3182916795818134,3.8000000000000003,
t1,2026-02-09,2026-02-10 06:00:00,2026-02-10 12:00:00,30.0,0.22618576553109512,0.0,0.17478225654060783,0.8299831533564948,7.268518518518519,2.553340424836234,5.966666666666666,
t1,2026-02-09,2026-02-10 07:00:00,2026-02-10 13:00:00,31.0,0.21468465559982,0.0,0.13758624212358167,0.7677963142836897,7.231481481481482,1.7261007700342283,7.3999999999999995,
t1,2026-02-09,2026-02-10 08:00:00,2026-02-10 14:00:00,32.0,0.1818669427993723,0.0,0.07800682090520833,0.6482683006985845,5.87962962962963,1.3892592098897076,8.733333333333333,
t1,2026-02-09,2026-02-10 09:00:00,2026-02-10 15:00:00,33.0,0.14184681831987886,0.0,0.06439566787047171,0.4412847418551621,4.62037037037037,2.308788451813275,9.066666666666668,
t1,2026-02-09,2026-02-10 10:00:00,2026-02-10 16:00:00,34.0,0.1454815640898256,0.0,0.030942179797269813,0.4958123399226225,4.203703703703703,1.397013275003133,8.766666666666666,
t1,2026-02-09,2026-02-10 11:00:00,2026-02-10 17:00:00,35.0,0.12003857410664207,0.0,0.026562723905813497,0.46894100308922665,4.074074074074074,1.4546470164224832,7.633333333333333,
t1,2026-02-09,2026-02-10 12:00:00,2026-02-10 18:00:00,36.0,0.16102034658640826,0.0,0.03721868536128949,0.5444881705201766,3.0092592592592595,1.2254796658952092,6.133333333333333,
t1,2026-02-09,2026-02-10 13:00:00,2026-02-10 19:00:00,37.0,0.27571105257701944,0.0,0.12291392280471586,0.7495403985048184,3.157407407407407,1.0564080378276337,5.066666666666666,
t1,2026-02-09,2026-02-10 14:00:00,2026-02-10 20:00:00,38.0,0.4398216885397629,0.0,0.378160219575975,0.9740902630519986,5.416666666666667,2.163102481547976,4.233333333333333,
t1,2026-02-09,2026-02-10 15:00:00,2026-02-10 21:00:00,39.0,0.6195155569661118,0.0,0.5845537340761879,1.0,7.9444444444444455,4.119267434572666,3.566666666666667,
t1,2026-02-09,2026-02-10 16:00:00,2026-02-10 22:00:00,40.0,0.763831607930995,0.2601437484811378,0.7380143360765402,0.9963636050216729,11.027777777777779,2.837007421758201,2.8333333333333335,
t1,2026-02-09,2026-02-10 17:00:00,2026-02-10 23:00:00,41.0,0.8205111583791214,0.5659540519923646,0.85997511223096,0.965309319504879,13.222222222222221,1.614699069925958,2.6,
t1,2026-02-09,2026-02-10 18:00:00,2026-02-11 00:00:00,42.0,0.8139958294133722,0.6213179837112837,0.887448284468224,0.9589415255375202,14.203703703703702,1.1311844187843165,2.1666666666666665,
t1,2026-02-09,2026-02-10 19:00:00,2026-02-11 01:00:00,43.0,0.8307736905513039,0.6216094135161006,0.8931283016009085,0.9575263954993247,15.111111111111114,0.07349309197401682,1.9666666666666666,
t1,2026-02-09,2026-02-10 20:00:00,2026-02-11 02:00:00,44.0,0.8156658926872312,0.5793729216130963,0.893033633992749,0.9574575909905938,15.212962962962962,1.2172668906725312,1.8,
t1,2026-02-09,2026-02-10 21:00:00,2026-02-11 03:00:00,45.0,0.8034848829536582,0.509253620110187,0.87222611290607,0.9625486141715592,14.731481481481481,1.9068454763776475,1.6666666666666667,
t1,2026-02-09,2026-02-10 22:00:00,2026-02-11 04:00:00,46.0,0.7131668341732269,0.27555841573583906,0.787564443354623,0.98296103314609,13.90740740740741,2.0318325771084536,1.5,
t1,2026-02-09,2026-02-10 23:00:00,2026-02-11 05:00:00,47.0,0.6236122982694144,0.14057770027444694,0.6857068358967917,1.0,12.768518518518519,2.2533126049159833,1.8333333333333333,
t1,2026-02-10,2026-02-11 00:00:00,2026-02-11 06:00:00,24.0,0.30716119697499655,0.0,0.1504398746131518,0.8509572653645977,9.166666666666666,0.5471587667664509,1.9666666666666668,
t1,2026-02-10,2026-02-11 01:00:00,2026-02-11 07:00:00,25.0,0.16994940297407826,0.0,0.0357338850848071,0.6676087464232069,4.962962962962963,2.798855218652695,0.8666666666666667,
t1,2026-02-10,2026-02-11 02:00:00,2026-02-11 08:00:00,26.0,0.12059910039323632,0.0,0.041992255555701394,0.4373013428081437,4.194444444444445,2.3896962460003466,0.7999999999999999,
t1,2026-02-10,2026-02-11 03:00:00,2026-02-11 09:00:00,27.0,0.1751927917020757,0.0,0.12429640863801675,0.6269005378684237,4.7592592592592595,3.9162069601506646,1.5666666666666667,
t1,2026-02-10,2026-02-11 04:00:00,2026-02-11 10:00:00,28.0,0.20677010908749663,0.0,0.11480063576823024,0.7304544577296184,4.8240740740740735,3.4552176207272907,3.5999999999999996,
t1,2026-02-10,2026-02-11 05:00:00,2026-02-11 11:00:00,29.0,0.31055179285627044,0.0,0.21173477870589089,1.0,6.527777777777778,3.4695545307683684,6.066666666666666,
t1,2026-02-10,2026-02-11 06:00:00,2026-02-11 12:00:00,30.0,0.4467441905628333,0.0,0.3966575652447666,1.0,8.481481481481481,4.934551067592992,7.966666666666666,
t1,2026-02-10,2026-02-11 07:00:00,2026-02-11 13:00:00,31.0,0.380342413588436,0.0,0.34905608036739477,0.9875110184261102,9.25,7.523266380837319,9.066666666666668,
t1,2026-02-10,2026-02-11 08:00:00,2026-02-11 14:00:00,32.0,0.33700795486836743,0.0,0.24275993872900223,0.9664560170132973,7.666666666666667,7.773609994441386,9.9,
t1,2026-02-10,2026-02-11 09:00:00,2026-02-11 15:00:00,33.0,0.3295450721654233,0.0,0.24014609935581768,0.9736140883032202,5.842592592592593,5.953545300582715,9.566666666666666,
t1,2026-02-10,2026-02-11 10:00:00,2026-02-11 16:00:00,34.0,0.5686303221933019,0.0,0.4813885725597472,1.0,7.046296296296298,2.331072537900684,8.833333333333334,
t1,2026-02-10,2026-02-11 11:00:00,2026-02-11 17:00:00,35.0,0.6490559735712795,0.08930641522730665,0.6643479991892329,1.0,8.694444444444445,4.462117639323339,6.333333333333333,
t1,2026-02-10,2026-02-11 12:00:00,2026-02-11 18:00:00,36.0,0.8165320621750419,0.28649924685386774,0.8415793032262584,0.9727320591852003,10.972222222222223,5.087430043199066,4.5,
t1,2026-02-10,2026-02-11 13:00:00,2026-02-11 19:00:00,37.0,0.8354442604692913,0.42859428740188993,0.8863747268997804,0.9538644216424284,13.453703703703704,3.7930993765861762,3.2999999999999994,
t1,2026-02-10,2026-02-11 14:00:00,2026-02-11 20:00:00,38.0,0.8562026006544157,0.5425022061970102,0.9042166917008447,0.9495699094407823,14.509259259259261,2.463049984538974,2.5666666666666664,
t1,2026-02-10,2026-02-11 15:00:00,2026-02-11 21:00:00,39.0,0.7825451760733386,0.4449935694523307,0.860422016601136,0.9593538087372289,14.129629629629628,2.0196437570397903,1.9666666666666668,
t1,2026-02-10,2026-02-11 16:00:00,2026-02-11 22:00:00,40.0,0.7221644931319801,0.26269307064477787,0.7936966005966442,0.9782419313529107,12.444444444444445,1.7801633300013462,1.6333333333333335,
t1,2026-02-10,2026-02-11 17:00:00,2026-02-11 23:00:00,41.0,0.670250134551536,0.19289780672375212,0.7162212442958802,0.9973998371867399,10.870370370370372,1.5677432602442125,1.5999999999999999,
t1,2026-02-10,2026-02-11 18:00:00,2026-02-12 00:00:00,42.0,0.5891603468820701,0.0009118752034141808,0.5605434030020052,1.0,8.527777777777779,1.4690742024641499,1.1,
t1,2026-02-10,2026-02-11 19:00:00,2026-02-12 01:00:00,43.0,0.6076851706135643,0.024501945696882355,0.572801247877105,1.0,8.685185185185185,1.881179802294207,1.1333333333333333,
t1,2026-02-10,2026-02-11 20:00:00,2026-02-12 02:00:00,44.0,0.5550954764898186,0.03477283959038424,0.5217885695543325,1.0,9.564814814814815,2.6254531256958935,1.0999999999999999,
t1,2026-02-10,2026-02-11 21:00:00,2026-02-12 03:00:00,45.0,0.5071650998031418,0.0,0.42396890705394885,1.0,9.120370370370372,2.4200699748411356,0.9666666666666667,
t1,2026-02-10,2026-02-11 22:00:00,2026-02-12 04:00:00,46.0,0.44110868010126025,0.0,0.38026195508239335,0.9689620448200971,8.342592592592593,1.6235946756447235,0.9333333333333332,
t1,2026-02-10,2026-02-11 23:00:00,2026-02-12 05:00:00,47.0,0.436163734120661,0.0,0.32869635449257106,1.0,7.296296296296297,0.04243125643477576,0.9,
t1,2026-02-11,2026-02-12 00:00:00,2026-02-12 06:00:00,24.0,0.10428035089011803,0.0,0.03759822046130603,0.47566341189626077,5.222222222222222,1.6459358852250605,0.4666666666666666,
t1,2026-02-11,2026-02-12 01:00:00,2026-02-12 07:00:00,25.0,0.050966546931703015,0.0,0.0,0.36289001158254985,4.833333333333333,1.8291197370171477,0.3333333333333333,
t1,2026-02-11,2026-02-12 02:00:00,2026-02-12 08:00:00,26.0,0.021175434887892967,0.0,0.0,0.2353985272819858,3.925925925925926,1.4995712693198506,0.09999999999999998,
t1,2026-02-11,2026-02-12 03:00:00,2026-02-12 09:00:00,27.0,0.01798210816511172,0.0,0.0,0.21050486796638665,3.0,1.4784981535745847,0.13333333333333333,
t1,2026-02-11,2026-02-12 04:00:00,2026-02-12 10:00:00,28.0,0.02519266743025509,0.0,0.0,0.20132206970087313,1.6018518518518519,0.689612821532053,0.4666666666666666,
t1,2026-02-11,2026-02-12 05:00:00,2026-02-12 11:00:00,29.0,0.0546172509719265,0.0,0.0,0.3064524952463396,1.0092592592592593,0.6985066375015665,1.0666666666666667,
t1,2026-02-11,2026-02-12 06:00:00,2026-02-12 12:00:00,30.0,0.12911742576605692,0.0,0.055837799229484446,0.6311381494113097,3.9351851851851856,2.6455082671897943,2.8000000000000003,
t1,2026-02-11,2026-02-12 07:00:00,2026-02-12 13:00:00,31.0,0.16834954540473376,0.0,0.09892783073148059,0.7734537448047348,4.907407407407407,2.840993638846641,3.4333333333333336,
t1,2026-02-11,2026-02-12 08:00:00,2026-02-12 14:00:00,32.0,0.19284476937222256,0.0,0.14937981804898556,0.8004960700054317,5.361111111111112,2.7581249221925668,4.0,
t1,2026-02-11,2026-02-12 09:00:00,2026-02-12 15:00:00,33.0,0.21198037571298115,0.0,0.11021692842722383,0.8706793809465294,5.398148148148149,3.2804054125644124,4.366666666666666,
t1,2026-02-11,2026-02-12 10:00:00,2026-02-12 16:00:00,34.0,0.20269250087410176,0.0,0.11462325673428359,0.8688912983592758,5.037037037037037,3.8905089218226823,4.2,
t1,2026-02-11,2026-02-12 11:00:00,2026-02-12 17:00:00,35.0,0.20057746611488017,0.0,0.12474207986807206,0.766369182747304,5.87037037037037,2.3750135368901635,3.233333333333333,
t1,2026-02-11,2026-02-12 12:00:00,2026-02-12 18:00:00,36.0,0.22554656241655788,0.0,0.16314563693222117,0.6947510495023129,3.5740740740740744,1.764125822523857,2.1666666666666665,
t1,2026-02-11,2026-02-12 13:00:00,2026-02-12 19:00:00,37.0,0.1739422475393748,0.0,0.11413647853178299,0.6731397985520664,5.379629629629631,0.6551866507531294,0.6666666666666666,
t1,2026-02-11,2026-02-12 14:00:00,2026-02-12 20:00:00,38.0,0.15954660777770055,0.0,0.08675386726111578,0.8031233990057276,6.907407407407407,1.6078351112150666,0.10000000000000002,
t1,2026-02-11,2026-02-12 15:00:00,2026-02-12 21:00:00,39.0,0.14604871655883472,0.0,0.06547892924998519,0.7476258350335923,5.787037037037037,1.4866518573142693,0.10000000000000003,
t1,2026-02-11,2026-02-12 16:00:00,2026-02-12 22:00:00,40.0,0.10964899664363284,0.0,0.047144934496123024,0.5424032348913548,5.268518518518518,1.0338907297931745,-0.10000000000000002,
t1,2026-02-11,2026-02-12 17:00:00,2026-02-12 23:00:00,41.0,0.06877195407878661,0.0,0.0,0.34024872844848153,4.592592592592593,0.8661738864951372,-0.09999999999999998,
t1,2026-02-11,2026-02-12 18:00:00,2026-02-13 00:00:00,42.0,0.018956392939924425,0.0,0.0,0.20803281095954582,2.657407407407408,0.4359724950738356,-0.5666666666666668,
t1,2026-02-11,2026-02-12 19:00:00,2026-02-13 01:00:00,43.0,0.022008571166147357,0.0,0.0,0.191703641739161,1.9444444444444444,0.5321456683518896,-1.2,
t1,2026-02-11,2026-02-12 20:00:00,2026-02-13 02:00:00,44.0,0.01500166510647434,0.0,0.0,0.18764778612765934,1.3240740740740742,0.2782403555799393,-1.6333333333333335,
t1,2026-02-11,2026-02-12 21:00:00,2026-02-13 03:00:00,45.0,0.023350016582260845,0.0,0.0,0.19567779765964957,0.9166666666666666,0.2545875386086578,-1.9333333333333336,
t1,2026-02-11,2026-02-12 22:00:00,2026-02-13 04:00:00,46.0,0.012784426341548034,0.0,0.0,0.1804614355240914,1.4722222222222223,0.7822293244627069,-1.8333333333333333,
t1,2026-02-11,2026-02-12 23:00:00,2026-02-13 05:00:00,47.0,0.011640850687054838,0.0,0.0,0.18454935507349368,1.6111111111111114,1.1827593808913206,-1.7666666666666666,
t1,2026-02-12,2026-02-13 00:00:00,2026-02-13 06:00:00,24.0,0.01099907901836298,0.0,0.0,0.1663707705348753,1.9814814814814816,0.918908593993563,-1.7,
t1,2026-02-12,2026-02-13 01:00:00,2026-02-13 07:00:00,25.0,0.010394779467776297,0.0,0.0,0.16813599253130823,1.972222222222222,1.8301740455587923,-1.5666666666666667,
t1,2026-02-12,2026-02-13 02:00:00,2026-02-13 08:00:00,26.0,0.020256263040360135,0.0,0.0,0.18000711767946603,2.055555555555556,2.0654790494468114,-1.5,
t1,2026-02-12,2026-02-13 03:00:00,2026-02-13 09:00:00,27.0,0.021175241696489287,0.0,0.0,0.16644268115755212,2.027777777777778,1.567415108851765,-1.3666666666666665,
t1,2026-02-12,2026-02-13 04:00:00,2026-02-13 10:00:00,28.0,0.01838421746564322,0.0,0.0,0.17116154275936563,2.1944444444444446,1.4863058024079718,-1.0,
t1,2026-02-12,2026-02-13 05:00:00,2026-02-13 11:00:00,29.0,0.040279678582536345,0.0,0.0,0.20193759810164752,2.8796296296296298,2.0582439876645333,-0.5,
t1,2026-02-12,2026-02-13 06:00:00,2026-02-13 12:00:00,30.0,0.03158752174234273,0.0,0.0,0.19274130296344552,2.361111111111111,1.6332293995654554,-0.3,
t1,2026-02-12,2026-02-13 07:00:00,2026-02-13 13:00:00,31.0,0.02513353040616411,0.0,0.0,0.17786949774732727,1.712962962962963,1.4514608789518137,-0.03333333333333336,
t1,2026-02-12,2026-02-13 08:00:00,2026-02-13 14:00:00,32.0,0.021594907041301993,0.0,0.0,0.16074858950575324,1.6759259259259258,0.7965654153334488,0.3666666666666667,
t1,2026-02-12,2026-02-13 09:00:00,2026-02-13 15:00:00,33.0,0.022953797672312697,0.0,0.0,0.1629060080547862,2.0,0.7043734629503315,0.5666666666666668,
t1,2026-02-12,2026-02-13 10:00:00,2026-02-13 16:00:00,34.0,0.02317491308945783,0.0,0.0,0.16492135501244196,1.6666666666666667,1.0833333333333335,0.6333333333333333,
t1,2026-02-12,2026-02-13 11:00:00,2026-02-13 17:00:00,35.0,0.04536658218032898,0.0,0.0,0.18706195572013784,1.3333333333333333,1.103795360350307,0.5666666666666668,
t1,2026-02-12,2026-02-13 12:00:00,2026-02-13 18:00:00,36.0,0.07447846629239538,0.0,0.008561716118930605,0.2684400357701325,2.0925925925925926,0.8033174528423694,0.3,
t1,2026-02-12,2026-02-13 13:00:00,2026-02-13 19:00:00,37.0,0.1928519410527343,0.0,0.05170357218312136,0.47476785534046767,3.1203703703703702,1.4793677049957397,-0.09999999999999994,
t1,2026-02-12,2026-02-13 14:00:00,2026-02-13 20:00:00,38.0,0.2666159038743685,0.0,0.15998597673384518,0.621348994905482,4.787037037037037,2.14992343628628,-0.4333333333333333,
t1,2026-02-12,2026-02-13 15:00:00,2026-02-13 21:00:00,39.0,0.37976644633365403,0.0011424045489927814,0.3130498191563744,0.8532736627958719,6.666666666666667,1.8047006523089766,-0.3333333333333333,
t1,2026-02-12,2026-02-13 16:00:00,2026-02-13 22:00:00,40.0,0.5331108033156049,0.017659464188426788,0.5090542674823322,0.9721214304684986,7.935185185185186,2.141832990611262,-0.20000000000000004,
t1,2026-02-12,2026-02-13 17:00:00,2026-02-13 23:00:00,41.0,0.6356187678317644,0.10783688359635074,0.5888448168322258,0.9661048939520189,9.12962962962963,2.250057155195417,-0.09999999999999994,
t1,2026-02-12,2026-02-13 18:00:00,2026-02-14 00:00:00,42.0,0.6974902035773989,0.22384004419756454,0.7418777707713251,0.9572285487482353,10.046296296296296,2.6049474138275013,-0.3,
t1,2026-02-12,2026-02-13 19:00:00,2026-02-14 01:00:00,43.0,0.7530044324830691,0.2909307549262154,0.7868055906297565,0.95799285399088,11.018518518518519,2.81150816987972,-0.1666666666666667,
t1,2026-02-12,2026-02-13 20:00:00,2026-02-14 02:00:00,44.0,0.811390481793836,0.4018087881237501,0.8407621934696483,0.9571829183187003,11.388888888888891,2.8667689473570874,-0.16666666666666666,
t1,2026-02-12,2026-02-13 21:00:00,2026-02-14 03:00:00,45.0,0.7961320214508791,0.3912277581743339,0.8411166987319867,0.9612590609801062,10.953703703703704,2.4043962650064477,-0.16666666666666666,
t1,2026-02-12,2026-02-13 22:00:00,2026-02-14 04:00:00,46.0,0.7544340692950008,0.41222111336155615,0.8096235541204351,0.9623530816672823,10.953703703703704,1.4445334730398287,-0.03333333333333335,
t1,2026-02-12,2026-02-13 23:00:00,2026-02-14 05:00:00,47.0,0.703019039498619,0.29519422200399614,0.7435259754165231,0.9652363303340069,10.564814814814815,1.2305064366085123,0.033333333333333354,
t1,2026-02-13,2026-02-14 00:00:00,2026-02-14 06:00:00,24.0,0.286785521779134,0.0,0.24467806630672723,0.8002115347607373,8.64814814814815,3.121304399167659,1.850371707708594e-17,
t1,2026-02-13,2026-02-14 01:00:00,2026-02-14 07:00:00,25.0,0.2191634885919037,0.0,0.16433201511344725,0.7095260451689067,8.055555555555555,2.622169255585587,-0.16666666666666666,
t1,2026-02-13,2026-02-14 02:00:00,2026-02-14 08:00:00,26.0,0.18178373844600382,0.0,0.095518874097286,0.6353164900248359,7.50925925925926,1.848074851957089,-0.19999999999999998,
t1,2026-02-13,2026-02-14 03:00:00,2026-02-14 09:00:00,27.0,0.14901903433748231,0.0,0.06940232257982228,0.5948383787314477,7.018518518518519,1.865528202212721,0.6333333333333334,
t1,2026-02-13,2026-02-14 04:00:00,2026-02-14 10:00:00,28.0,0.10237128983259523,0.0,0.0018158203808577855,0.5954197692400798,6.0555555555555545,2.597333628032533,1.866666666666667,
t1,2026-02-13,2026-02-14 05:00:00,2026-02-14 11:00:00,29.0,0.1231496470365621,0.0,0.027476877122211668,0.5519114546628116,5.046296296296296,4.131549545399467,2.766666666666667,
t1,2026-02-13,2026-02-14 06:00:00,2026-02-14 12:00:00,30.0,0.116666715928354,0.0,0.02499589007648019,0.6058566703468302,6.120370370370371,3.266025699273164,2.7000000000000006,
t1,2026-02-13,2026-02-14 07:00:00,2026-02-14 13:00:00,31.0,0.058334011334887456,0.0,0.0,0.4476199386004133,4.666666666666667,4.121233783860675,3.3666666666666667,
t1,2026-02-13,2026-02-14 08:00:00,2026-02-14 14:00:00,32.0,0.014259072863525471,0.0,0.0,0.2745818525121014,3.7870370370370368,2.987155286860549,4.033333333333334,
t1,2026-02-13,2026-02-14 09:00:00,2026-02-14 15:00:00,33.0,0.003368880284837533,0.0,0.0,0.19595752694741336,3.564814814814815,1.492091635443236,4.233333333333333,
t1,2026-02-13,2026-02-14 10:00:00,2026-02-14 16:00:00,34.0,0.009201120326147921,0.0,0.0,0.1910416636084802,3.490740740740741,1.8098950700549064,3.8000000000000003,
t1,2026-02-13,2026-02-14 11:00:00,2026-02-14 17:00:00,35.0,0.01007942974514063,0.0,0.0,0.17893619719667672,2.703703703703704,1.2488678000064715,3.0,
t1,2026-02-13,2026-02-14 12:00:00,2026-02-14 18:00:00,36.0,0.030869001248233635,0.0,0.0,0.22301790871724803,3.2222222222222228,1.1399046960379553,1.9666666666666666,
t1,2026-02-13,2026-02-14 13:00:00,2026-02-14 19:00:00,37.0,0.018376793127875324,0.0,0.0,0.20011809064401748,2.759259259259259,0.31590226128207377,0.8000000000000002,
t1,2026-02-13,2026-02-14 14:00:00,2026-02-14 20:00:00,38.0,0.03483838568985016,0.0,0.0,0.26584041571859907,2.425925925925926,1.348963174475321,0.2000000000000001,
t1,2026-02-13,2026-02-14 15:00:00,2026-02-14 21:00:00,39.0,0.036693212502784484,0.0,0.0,0.2489284041051167,2.657407407407408,1.6699812719188416,-0.13333333333333341,
t1,2026-02-13,2026-02-14 16:00:00,2026-02-14 22:00:00,40.0,0.034798450600218064,0.0,0.0,0.22341920032060666,2.7592592592592595,1.1403558754326408,-0.26666666666666666,
t1,2026-02-13,2026-02-14 17:00:00,2026-02-14 23:00:00,41.0,0.025849520043261492,0.0,0.0,0.2280862351025861,2.8240740740740744,0.7639309752716038,-0.2666666666666667,
t1,2026-02-13,2026-02-14 18:00:00,2026-02-15 00:00:00,42.0,0.013151244403039788,0.0,0.0,0.17974471331548833,4.0,1.7574796066814644,-0.43333333333333335,
t1,2026-02-13,2026-02-14 19:00:00,2026-02-15 01:00:00,43.0,0.0,0.0,0.0,0.1595873649435163,3.111111111111111,1.5232255412061328,-0.6666666666666666,
t1,2026-02-13,2026-02-14 20:00:00,2026-02-15 02:00:00,44.0,0.0,0.0,0.0,0.13565561827219624,2.2222222222222223,1.5398512835039109,-0.7000000000000001,
t1,2026-02-13,2026-02-14 21:00:00,2026-02-15 03:00:00,45.0,0.0,0.0,0.0,0.13306385208460778,1.7962962962962965,1.5331555184068573,-0.7000000000000001,
t1,2026-02-13,2026-02-14 22:00:00,2026-02-15 04:00:00,46.0,0.0022625451738462338,0.0,0.0,0.15470308514943515,2.75,2.6711478551734147,-0.6333333333333332,
t1,2026-02-13,2026-02-14 23:00:00,2026-02-15 05:00:00,47.0,0.018011674857934243,0.0,0.0,0.23728177684472712,2.972222222222222,2.9584311407931763,-1.1333333333333333,
t1,2026-02-14,2026-02-15 00:00:00,2026-02-15 06:00:00,24.0,0.19672728744438533,0.01905451612667526,0.10980446548002686,0.521508543434877,4.37962962962963,2.200296930953216,-1.0999999999999999,
t1,2026-02-14,2026-02-15 01:00:00,2026-02-15 07:00:00,25.0,0.28055029662120873,0.028314846576976055,0.1855133979536148,0.6686912542863162,6.277777777777779,2.300865376653202,-1.2,
t1,2026-02-14,2026-02-15 02:00:00,2026-02-15 08:00:00,26.0,0.3884011175929691,0.06316405165546043,0.2870569966921273,0.837037754628579,7.712962962962965,1.7612805152780016,-0.6999999999999998,
t1,2026-02-14,2026-02-15 03:00:00,2026-02-15 09:00:00,27.0,0.5326946492387693,0.176389105376012,0.4888652739201582,0.9315168080389122,8.675925925925926,1.4257154726850296,0.5,
t1,2026-02-14,2026-02-15 04:00:00,2026-02-15 10:00:00,28.0,0.71108845306836,0.3500823794567817,0.726299196111597,0.962442180036945,10.046296296296296,1.4181183557030392,1.8666666666666665,
t1,2026-02-14,2026-02-15 05:00:00,2026-02-15 11:00:00,29.0,0.8565706801364087,0.6152793126867414,0.9072774937773411,0.9784934214321499,11.018518518518519,1.2745530968570196,3.033333333333333,
t1,2026-02-14,2026-02-15 06:00:00,2026-02-15 12:00:00,30.0,0.9023030244324797,0.7777233662494858,0.94083132365323,0.9866458904402379,12.444444444444445,0.8678055195451834,4.033333333333333,
t1,2026-02-14,2026-02-15 07:00:00,2026-02-15 13:00:00,31.0,0.9157381680444666,0.8029627583043188,0.9571493045710127,0.9869771724248702,12.333333333333336,0.9145598685085746,5.166666666666667,
t1,2026-02-14,2026-02-15 08:00:00,2026-02-15 14:00:00,32.0,0.917310109185999,0.7888312630087664,0.9640516659192967,0.9877795349236255,12.00925925925926,1.0070482066589355,5.933333333333333,
t1,2026-02-14,2026-02-15 09:00:00,2026-02-15 15:00:00,33.0,0.9184380981583756,0.7922430092214536,0.9650684464101236,0.9880442158042395,11.787037037037038,1.0873619301217925,6.366666666666667,
t1,2026-02-14,2026-02-15 10:00:00,2026-02-15 16:00:00,34.0,0.8996869659785435,0.7639724507618937,0.923184874017762,0.9861354534416488,11.620370370370372,1.144408485591139,6.3,
t1,2026-02-14,2026-02-15 11:00:00,2026-02-15 17:00:00,35.0,0.8602387292424261,0.6933247338931185,0.8688784513966267,0.9833384267902704,11.555555555555557,1.1152699944380402,5.733333333333333,
t1,2026-02-14,2026-02-15 12:00:00,2026-02-15 18:00:00,36.0,0.8895185735223385,0.6862004534164946,0.9084287727706494,0.9849152504568742,11.527777777777779,1.055189995179032,4.666666666666667,
t1,2026-02-14,2026-02-15 13:00:00,2026-02-15 19:00:00,37.0,0.879237716998161,0.6621097309930983,0.9004043289204798,0.9839863523151099,11.694444444444445,1.114231728896199,3.9000000000000004,
t1,2026-02-14,2026-02-15 14:00:00,2026-02-15 20:00:00,38.0,0.8436386309557808,0.6364609941808096,0.8614312410980828,0.9816038654870792,11.75,0.9145598685085741,3.5333333333333337,
t1,2026-02-14,2026-02-15 15:00:00,2026-02-15 21:00:00,39.0,0.8083003795559455,0.570679667814492,0.8470451900630035,0.9755966912474103,11.75925925925926,0.8037975708966926,3.266666666666667,
t1,2026-02-14,2026-02-15 16:00:00,2026-02-15 22:00:00,40.0,0.7716396132486252,0.5055209767665656,0.8442190178639285,0.9739510593653398,11.351851851851853,0.7138042174891871,3.1,
t1,2026-02-14,2026-02-15 17:00:00,2026-02-15 23:00:00,41.0,0.6987075846368177,0.46609840389734836,0.7825619646594625,0.9607535953838979,10.842592592592593,1.054946217886838,3.0,
t1,2026-02-14,2026-02-15 18:00:00,2026-02-16 00:00:00,42.0,0.6666693338312037,0.3652656983047411,0.6518559508789273,0.9488702578706355,10.027777777777779,1.959662669384141,2.733333333333333,
t1,2026-02-14,2026-02-15 19:00:00,2026-02-16 01:00:00,43.0,0.6160061019036364,0.2700063343809463,0.6196010082586528,0.9483735514222453,9.435185185185185,2.839091824304257,2.8000000000000003,
t1,2026-02-14,2026-02-15 20:00:00,2026-02-16 02:00:00,44.0,0.6496901518035066,0.2949916004554526,0.6445842999622052,0.9519014768392013,9.898148148148147,2.9218648563345857,2.766666666666667,
t1,2026-02-14,2026-02-15 21:00:00,2026-02-16 03:00:00,45.0,0.6690922914091756,0.3293262578019837,0.6710908881696956,0.9591786676440166,10.277777777777777,3.0373193184081426,2.8000000000000003,
t1,2026-02-14,2026-02-15 22:00:00,2026-02-16 04:00:00,46.0,0.6844233554578626,0.31970464456551084,0.6737794320686968,0.9591724111980457,10.064814814814815,2.7522904789753633,2.6999999999999997,
t1,2026-02-14,2026-02-15 23:00:00,2026-02-16 05:00:00,47.0,0.7685360197152868,0.45168107878279345,0.7727130912321539,0.9658251862631181,10.055555555555557,2.245881003410795,2.733333333333334,
t1,2026-02-15,2026-02-16 00:00:00,2026-02-16 06:00:00,24.0,0.7846490155434327,0.5324700979587889,0.8249412884140276,0.9572269912587745,10.342592592592593,1.1818892248927972,2.766666666666667,
t1,2026-02-15,2026-02-16 01:00:00,2026-02-16 07:00:00,25.0,0.7408135314552794,0.4694549486755017,0.7905427736348426,0.9526938583576686,10.398148148148149,1.0184764301068174,2.966666666666667,
t1,2026-02-15,2026-02-16 02:00:00,2026-02-16 08:00:00,26.0,0.6379533583931918,0.39491561217643983,0.7337043957370755,0.9207584567402821,9.842592592592593,0.27404904790645884,2.9333333333333336,
t1,2026-02-15,2026-02-16 03:00:00,2026-02-16 09:00:00,27.0,0.5789288656897339,0.3346235161603778,0.6359851599908741,0.9062259767752838,9.416666666666666,0.5357583756107198,3.4333333333333336,
t1,2026-02-15,2026-02-16 04:00:00,2026-02-16 10:00:00,28.0,0.5964932708559806,0.339414417360678,0.6353912630699726,0.9139593235387178,9.333333333333334,0.6364688465216445,4.1,
t1,2026-02-15,2026-02-16 05:00:00,2026-02-16 11:00:00,29.0,0.669912681290944,0.38272070878092324,0.726032705329425,0.9258255891967591,9.583333333333334,0.712000312109794,4.933333333333334,
t1,2026-02-15,2026-02-16 06:00:00,2026-02-16 12:00:00,30.0,0.7810349738334831,0.5025811147973425,0.8628030861310124,0.9500647110734948,10.14814814814815,0.4781759753213093,5.966666666666666,
t1,2026-02-15,2026-02-16 07:00:00,2026-02-16 13:00:00,31.0,0.7927657337935237,0.5197461480703713,0.8908813209611285,0.9521827177700124,9.888888888888888,0.5189317136741505,6.666666666666667,
t1,2026-02-15,2026-02-16 08:00:00,2026-02-16 14:00:00,32.0,0.8038157719895465,0.5308653356534201,0.8814150975147729,0.9472926164726201,9.898148148148149,0.6408986103952665,7.333333333333333,
t1,2026-02-15,2026-02-16 09:00:00,2026-02-16 15:00:00,33.0,0.7921066327544843,0.5246977648534237,0.8578714405695985,0.9502112577033294,9.898148148148149,0.8855550908498238,7.733333333333334,
t1,2026-02-15,2026-02-16 10:00:00,2026-02-16 16:00:00,34.0,0.7469186225752886,0.4499416740863848,0.8116029745993639,0.9496663226443363,9.851851851851853,0.9786822416091705,7.6000000000000005,
t1,2026-02-15,2026-02-16 11:00:00,2026-02-16 17:00:00,35.0,0.7192767926416362,0.40073938532008346,0.7330017874325526,0.9394417411330311,10.055555555555557,1.34829567772351,6.966666666666668,
t1,2026-02-15,2026-02-16 12:00:00,2026-02-16 18:00:00,36.0,0.6737111598575618,0.40134781845970663,0.7213244899311492,0.9287239609239242,9.500000000000002,0.8036375634160796,6.099999999999999,
t1,2026-02-15,2026-02-16 13:00:00,2026-02-16 19:00:00,37.0,0.6767387368789488,0.38202855689792037,0.7043426951768569,0.9398996230168657,9.768518518518519,1.167438016613192,5.366666666666666,
t1,2026-02-15,2026-02-16 14:00:00,2026-02-16 20:00:00,38.0,0.6955629528398654,0.4384253586760364,0.7475120835477641,0.9431761563702998,10.148148148148147,1.886913455045375,4.9,
t1,2026-02-15,2026-02-16 15:00:00,2026-02-16 21:00:00,39.0,0.712028563446328,0.4365476555479703,0.7458494177759433,0.9487588433090608,10.324074074074074,1.9660178883846813,4.6000000000000005,
t1,2026-02-15,2026-02-16 16:00:00,2026-02-16 22:00:00,40.0,0.7124557019429291,0.4533507067434851,0.7308560399125429,0.9464445058319846,10.185185185185185,1.9068454763776463,4.3,
t1,2026-02-15,2026-02-16 17:00:00,2026-02-16 23:00:00,41.0,0.7042382100422819,0.4519048016686402,0.7171518713559643,0.9433402478540418,10.435185185185185,2.1855186500113253,4.166666666666667,
t1,2026-02-15,2026-02-16 18:00:00,2026-02-17 00:00:00,42.0,0.6565476029567245,0.38354316654553533,0.6721690684499163,0.934045227357363,10.722222222222223,3.1111111111111116,4.133333333333334,
t1,2026-02-15,2026-02-16 19:00:00,2026-02-17 01:00:00,43.0,0.6455096156748429,0.39528629246113206,0.7045584384797708,0.9438171345121954,10.833333333333334,2.920368021793837,3.9333333333333336,
t1,2026-02-15,2026-02-16 20:00:00,2026-02-17 02:00:00,44.0,0.6399710441657271,0.3701443071077009,0.6727634582309808,0.9396442598773156,10.925925925925926,2.5428933489948293,3.7999999999999994,
t1,2026-02-15,2026-02-16 21:00:00,2026-02-17 03:00:00,45.0,0.6244968737938305,0.2992483469534962,0.6391138024997166,0.9255151232360823,10.49074074074074,1.836347130009194,3.7000000000000006,
t1,2026-02-15,2026-02-16 22:00:00,2026-02-17 04:00:00,46.0,0.5357395355950426,0.1886427282223525,0.4704378779285676,0.8736466308254704,9.814814814814815,1.6325993563750463,3.533333333333333,
t1,2026-02-15,2026-02-16 23:00:00,2026-02-17 05:00:00,47.0,0.3637618411272703,0.09975804605421579,0.26049604197206194,0.7735057628602757,8.814814814814815,1.571675732793981,3.533333333333333,
t1,2026-02-16,2026-02-17 00:00:00,2026-02-17 06:00:00,24.0,0.33473287333503216,0.05381189688802518,0.23579092364738347,0.7502135601375892,7.787037037037038,1.367144601766733,3.3666666666666667,
t1,2026-02-16,2026-02-17 01:00:00,2026-02-17 07:00:00,25.0,0.3107983518330865,0.053143180429926606,0.19688145816870975,0.6616245396529778,7.2592592592592595,1.2239045660635777,3.3000000000000003,
t1,2026-02-16,2026-02-17 02:00:00,2026-02-17 08:00:00,26.0,0.2517183820919852,0.04839354602644412,0.1671064235503427,0.572260055202097,6.6944444444444455,1.227576655221353,3.4000000000000004,
t1,2026-02-16,2026-02-17 03:00:00,2026-02-17 09:00:00,27.0,0.1771697603269414,0.024556594846939013,0.08299053048695504,0.4852752886999347,6.194444444444444,1.6146990699259582,3.733333333333334,
t1,2026-02-16,2026-02-17 04:00:00,2026-02-17 10:00:00,28.0,0.1818425843133711,0.022590265603328004,0.08201410438512835,0.5097118288252593,5.851851851851852,2.3134625679915253,4.166666666666667,
t1,2026-02-16,2026-02-17 05:00:00,2026-02-17 11:00:00,29.0,0.1620130248315732,0.025137008580078543,0.10347587784670366,0.4527963368555147,5.453703703703703,2.3772866401734825,4.733333333333333,
t1,2026-02-16,2026-02-17 06:00:00,2026-02-17 12:00:00,30.0,0.1843734014224205,0.02749425098127556,0.12054868408494193,0.4392429554202073,4.787037037037037,2.9523391716335947,6.3,
t1,2026-02-16,2026-02-17 07:00:00,2026-02-17 13:00:00,31.0,0.18776739989323435,0.032347361620405024,0.15529052408239966,0.4917577436251468,4.6759259259259265,2.485813659010889,7.0,
t1,2026-02-16,2026-02-17 08:00:00,2026-02-17 14:00:00,32.0,0.23386946157503222,0.03629313778119023,0.17831526340472015,0.5496428268175523,5.268518518518518,2.6244242950899603,7.400000000000001,
t1,2026-02-16,2026-02-17 09:00:00,2026-02-17 15:00:00,33.0,0.3074653929732138,0.05302822453069431,0.23236605774728475,0.6645742177403502,5.7407407407407405,2.8974676754091933,7.966666666666666,
t1,2026-02-16,2026-02-17 10:00:00,2026-02-17 16:00:00,34.0,0.41009449455288344,0.07805950845680895,0.29316511710509047,0.774724187292301,6.277777777777779,3.25616698846821,8.266666666666666,
t1,2026-02-16,2026-02-17 11:00:00,2026-02-17 17:00:00,35.0,0.5675470943442786,0.11328747140011547,0.4599831747831794,0.8834203640810474,6.916666666666667,3.6162356800721875,8.166666666666666,
t1,2026-02-16,2026-02-17 12:00:00,2026-02-17 18:00:00,36.0,0.6762765383479876,0.16995055186036717,0.6253072682686709,0.9524215915420403,8.537037037037036,1.9068454763776461,7.533333333333334,
t1,2026-02-16,2026-02-17 13:00:00,2026-02-17 19:00:00,37.0,0.7036109167442165,0.2364818463366803,0.6908436620753485,0.9556831305108919,9.36111111111111,2.677207177564885,6.599999999999999,
t1,2026-02-16,2026-02-17 14:00:00,2026-02-17 20:00:00,38.0,0.7648465006198738,0.34607535150869906,0.771991841856742,0.9645288982844289,10.055555555555557,3.4123730926522082,5.733333333333333,
t1,2026-02-16,2026-02-17 15:00:00,2026-02-17 21:00:00,39.0,0.7360918694209811,0.35531248578231645,0.7594888291327944,0.9617946421768275,10.712962962962962,3.54874927251517,5.266666666666667,
t1,2026-02-16,2026-02-17 16:00:00,2026-02-17 22:00:00,40.0,0.7302087423119668,0.4260455350612897,0.7654115669919461,0.9610751850394537,11.14814814814815,3.516970907206927,4.766666666666667,
t1,2026-02-16,2026-02-17 17:00:00,2026-02-17 23:00:00,41.0,0.7301354930196305,0.4197475312446676,0.7505759283064755,0.9586343290259166,10.879629629629632,2.984700355813255,4.566666666666667,
t1,2026-02-16,2026-02-17 18:00:00,2026-02-18 00:00:00,42.0,0.7942968425666046,0.5072535625067351,0.8160122741816351,0.967705869400926,11.203703703703704,2.1228353777795075,4.033333333333333,
t1,2026-02-16,2026-02-17 19:00:00,2026-02-18 01:00:00,43.0,0.8269825483688226,0.5647277734017792,0.8602475565393385,0.9713448374263699,11.685185185185185,1.260246073038537,3.933333333333333,
t1,2026-02-16,2026-02-17 20:00:00,2026-02-18 02:00:00,44.0,0.7973146146317545,0.5586301706249339,0.8411675224060541,0.9708240901992929,11.416666666666666,1.0974859036188007,3.6999999999999997,
t1,2026-02-16,2026-02-17 21:00:00,2026-02-18 03:00:00,45.0,0.7713444102426619,0.5397078663239452,0.8197165369915433,0.9676734642244003,11.435185185185185,1.2793870703271009,3.5666666666666664,
t1,2026-02-16,2026-02-17 22:00:00,2026-02-18 04:00:00,46.0,0.8206191297182385,0.5761512023421327,0.8425005174715101,0.9707692669134015,11.333333333333334,1.1121522899537561,3.366666666666667,
t1,2026-02-16,2026-02-17 23:00:00,2026-02-18 05:00:00,47.0,0.8225955534527909,0.6048107379133715,0.8677061887814616,0.9732396602265683,11.24074074074074,0.5169453648965878,3.233333333333333,
t1,2026-02-17,2026-02-18 00:00:00,2026-02-18 06:00:00,24.0,0.8327058561383853,0.6291842106698589,0.9069002482862412,0.9781881753670671,11.814814814814815,0.6176002276167517,3.4333333333333336,
t1,2026-02-17,2026-02-18 01:00:00,2026-02-18 07:00:00,25.0,0.8679365403916406,0.6972983147298528,0.9076497647203452,0.9785656847681419,12.638888888888888,0.8875858504816921,3.4333333333333336,
t1,2026-02-17,2026-02-18 02:00:00,2026-02-18 08:00:00,26.0,0.8992750750759023,0.7912731575649883,0.9391603274909583,0.9827731091208738,13.00925925925926,1.1112268458243157,3.4333333333333336,
t1,2026-02-17,2026-02-18 03:00:00,2026-02-18 09:00:00,27.0,0.9156265473260168,0.8021628162170278,0.9546017948817245,0.9847747796294131,12.953703703703704,0.7061968505803086,4.3999999999999995,
t1,2026-02-17,2026-02-18 04:00:00,2026-02-18 10:00:00,28.0,0.9207751435242187,0.8191361664278525,0.9657306173272517,0.9862063996788893,12.962962962962962,0.5835537502440268,6.400000000000001,
t1,2026-02-17,2026-02-18 05:00:00,2026-02-18 11:00:00,29.0,0.9287456386909583,0.8197700089386983,0.9670230795865334,0.9865852551896324,12.962962962962964,0.7926812861416469,8.5,
t1,2026-02-17,2026-02-18 06:00:00,2026-02-18 12:00:00,30.0,0.9342270550720357,0.8289107044405062,0.9670230795865334,0.986586558567069,12.981481481481483,0.9363762125997399,9.933333333333334,
t1,2026-02-17,2026-02-18 07:00:00,2026-02-18 13:00:00,31.0,0.9346874752111503,0.8333478078078662,0.9667482152394563,0.986553763085717,13.0,0.9765775461803854,11.233333333333334,
t1,2026-02-17,2026-02-18 08:00:00,2026-02-18 14:00:00,32.0,0.948787958088364,0.8745745543762204,0.9664165486734553,0.986545084396264,12.99074074074074,1.6066349056847382,12.333333333333334,
t1,2026-02-17,2026-02-18 09:00:00,2026-02-18 15:00:00,33.0,0.933134597449972,0.849407804808159,0.9664138538575483,0.9864934076008168,12.833333333333334,1.3653561919382784,12.9,
t1,2026-02-17,2026-02-18 10:00:00,2026-02-18 16:00:00,34.0,0.9305537812417343,0.8185381299772336,0.9582078424810986,0.9847051976709261,12.731481481481483,1.122969131713732,12.666666666666666,
t1,2026-02-17,2026-02-18 11:00:00,2026-02-18 17:00:00,35.0,0.9069205668155805,0.7398211733181888,0.9507638808690557,0.9834956410500352,12.425925925925926,1.1032126673041838,11.766666666666666,
t1,2026-02-17,2026-02-18 12:00:00,2026-02-18 18:00:00,36.0,0.8749153437309628,0.6582455029160077,0.9277405187023493,0.9807142599625923,11.555555555555557,1.2549285553418346,10.233333333333333,
t1,2026-02-17,2026-02-18 13:00:00,2026-02-18 19:00:00,37.0,0.8008587777805285,0.517528960156568,0.8782696124063447,0.9737139813324913,10.537037037037038,1.073794663529238,8.933333333333335,
t1,2026-02-17,2026-02-18 14:00:00,2026-02-18 20:00:00,38.0,0.7588743107675255,0.4583345834334467,0.790303566970028,0.9636784525777724,10.444444444444445,1.6501496378087943,8.066666666666666,
t1,2026-02-17,2026-02-18 15:00:00,2026-02-18 21:00:00,39.0,0.7273814920351711,0.4485074569814014,0.7740957308874847,0.961895836176356,10.314814814814817,1.7946966913636877,7.433333333333334,
t1,2026-02-17,2026-02-18 16:00:00,2026-02-18 22:00:00,40.0,0.7384082087689203,0.4748554046869231,0.7958142465340492,0.9656777907580475,10.314814814814817,1.8258122945635524,6.933333333333334,
t1,2026-02-17,2026-02-18 17:00:00,2026-02-18 23:00:00,41.0,0.7505247101606574,0.4886241672607956,0.812710794900217,0.9584354464074851,10.555555555555555,1.3214166546962545,6.666666666666667,
t1,2026-02-17,2026-02-18 18:00:00,2026-02-19 00:00:00,42.0,0.7728985003231692,0.524616576109282,0.8047708806508758,0.9638811818572217,11.00925925925926,1.2833012662339642,6.366666666666666,
t1,2026-02-17,2026-02-18 19:00:00,2026-02-19 01:00:00,43.0,0.7525162370676912,0.5210702117111674,0.8364280384523015,0.9625459397813544,11.305555555555555,1.002696980432225,6.166666666666667,
t1,2026-02-17,2026-02-18 20:00:00,2026-02-19 02:00:00,44.0,0.7714286834740997,0.5235127884813975,0.838916871290375,0.9686932500345451,11.24074074074074,0.9786822416091714,5.866666666666667,
t1,2026-02-17,2026-02-18 21:00:00,2026-02-19 03:00:00,45.0,0.7617806570595465,0.5168017471646449,0.8340061051763525,0.9620480258773971,11.425925925925926,1.4300385617408518,5.633333333333333,
t1,2026-02-17,2026-02-18 22:00:00,2026-02-19 04:00:00,46.0,0.7951059510317664,0.5496408868052296,0.8477209096910776,0.9647599429029777,11.231481481481481,1.3337190800022842,5.233333333333333,
t1,2026-02-17,2026-02-18 23:00:00,2026-02-19 05:00:00,47.0,0.7540400054068953,0.5029853451166916,0.8218952599343878,0.9624919327541139,10.953703703703704,1.3153689494780652,5.1,
t1,2026-02-18,2026-02-19 00:00:00,2026-02-19 06:00:00,24.0,0.5602266592470082,0.1951588501995662,0.5304471644289567,0.9440844424753585,9.925925925925927,0.7936541005222116,4.833333333333333,
t1,2026-02-18,2026-02-19 01:00:00,2026-02-19 07:00:00,25.0,0.4014337318310913,0.16358720954738928,0.4396569764440778,0.8740405070255494,9.314814814814815,0.9301754336943968,4.7,
t1,2026-02-18,2026-02-19 02:00:00,2026-02-19 08:00:00,26.0,0.35710539412806797,0.11796366716489054,0.3965045417213227,0.8735420728467872,9.231481481481481,2.1376860494681007,4.566666666666666,
t1,2026-02-18,2026-02-19 03:00:00,2026-02-19 09:00:00,27.0,0.3376189948529873,0.05975056359696321,0.2995946815252509,0.810024202255426,8.435185185185185,2.0713234074948828,5.566666666666666,
t1,2026-02-18,2026-02-19 04:00:00,2026-02-19 10:00:00,28.0,0.47179078789428625,0.09249556246957544,0.4070002202075394,0.8575813205283177,8.277777777777779,2.2640166971421105,7.3,
t1,2026-02-18,2026-02-19 05:00:00,2026-02-19 11:00:00,29.0,0.5350566677807616,0.1242545129884834,0.4942351433149922,0.8932356254486759,8.185185185185185,1.8899778995811956,9.4,
t1,2026-02-18,2026-02-19 06:00:00,2026-02-19 12:00:00,30.0,0.38701630585527835,0.07524603238042935,0.3636606955023867,0.8587400526324761,7.666666666666668,2.661598192491047,11.5,
t1,2026-02-18,2026-02-19 07:00:00,2026-02-19 13:00:00,31.0,0.4466606297499995,0.054485394859943984,0.35764860204235266,0.7992329139509361,7.2592592592592595,1.861180208778109,13.200000000000001,
t1,2026-02-18,2026-02-19 08:00:00,2026-02-19 14:00:00,32.0,0.47922461133228716,0.041109419728578594,0.35141789897595666,0.8398709118749593,6.870370370370371,1.4153952173860056,14.166666666666666,
t1,2026-02-18,2026-02-19 09:00:00,2026-02-19 15:00:00,33.0,0.3633191106282744,0.056529508386250066,0.25411576664099417,0.7640651139928983,6.435185185185186,1.4490666784807138,14.4,
t1,2026-02-18,2026-02-19 10:00:00,2026-02-19 16:00:00,34.0,0.29633936776768915,0.031898509976257004,0.1827598905769742,0.7148205662833059,5.953703703703703,1.0944350441408666,14.299999999999999,
t1,2026-02-18,2026-02-19 11:00:00,2026-02-19 17:00:00,35.0,0.2910053382773883,0.019220119024867588,0.1738584084247777,0.6516597598468785,6.0092592592592595,0.8251137843968225,13.5,
t1,2026-02-18,2026-02-19 12:00:00,2026-02-19 18:00:00,36.0,0.24747998546191075,0.015767999757700237,0.12768373753919354,0.6049426799473047,5.787037037037037,1.070916495305631,11.466666666666667,
t1,2026-02-18,2026-02-19 13:00:00,2026-02-19 19:00:00,37.0,0.20466084878806926,0.010765461601995784,0.09518771615357596,0.5461728549146719,5.25,1.6944444444444444,9.700000000000001,
t1,2026-02-18,2026-02-19 14:00:00,2026-02-19 20:00:00,38.0,0.12529518316057683,0.009741514104521742,0.04120764026227757,0.39215055822522055,3.9629629629629632,3.031258617568677,8.5,
t1,2026-02-18,2026-02-19 15:00:00,2026-02-19 21:00:00,39.0,0.13599511444191129,0.010629813797328153,0.06934382574784059,0.4054863028022369,2.5462962962962963,3.3743235871477846,7.833333333333333,
t1,2026-02-18,2026-02-19 16:00:00,2026-02-19 22:00:00,40.0,0.24753854674204534,0.01378907072756439,0.11464800657893422,0.5456779459555597,3.1944444444444446,1.7587962353640814,7.766666666666667,
t1,2026-02-18,2026-02-19 17:00:00,2026-02-19 23:00:00,41.0,0.3425407141137952,0.018160623659905624,0.19321287416865954,0.7603939918130264,5.5555555555555545,0.7206178761707135,7.666666666666667,
t1,2026-02-18,2026-02-19 18:00:00,2026-02-20 00:00:00,42.0,0.4058912626080133,0.0242066948937814,0.22249697359375292,0.8916159149202321,6.787037037037038,2.0454581826463074,7.666666666666667,
t1,2026-02-18,2026-02-19 19:00:00,2026-02-20 01:00:00,43.0,0.3793059447831005,0.01895282185142265,0.23897570153523812,0.8868801100562548,6.7407407407407405,3.43999862426999,7.599999999999999,
t1,2026-02-18,2026-02-19 20:00:00,2026-02-20 02:00:00,44.0,0.39041047462278344,0.022765373920797045,0.2746691380992045,0.8189534320054606,5.87037037037037,4.339412876787174,7.966666666666666,
t1,2026-02-18,2026-02-19 21:00:00,2026-02-20 03:00:00,45.0,0.458187623009371,0.024539527353147596,0.3344378913596078,0.9095653005798995,5.962962962962963,3.831454182456496,8.299999999999999,
t1,2026-02-18,2026-02-19 22:00:00,2026-02-20 04:00:00,46.0,0.529223805664885,0.02804296418366326,0.3844480750208192,0.9116296879904893,6.287037037037037,3.3196865710547363,8.1,
t1,2026-02-18,2026-02-19 23:00:00,2026-02-20 05:00:00,47.0,0.4827212863355298,0.029505286057194,0.338698739346236,0.8698846574932994,6.407407407407407,2.9247682895103164,7.633333333333334,
t1,2026-02-19,2026-02-20 00:00:00,2026-02-20 06:00:00,24.0,0.5764073111507575,0.044671097124390644,0.5253950627949877,0.9689399576337822,7.601851851851852,1.6560619409500883,7.533333333333334,
t1,2026-02-19,2026-02-20 01:00:00,2026-02-20 07:00:00,25.0,0.6097016302021131,0.04619633283504624,0.5542694177109475,0.9944809477705191,8.194444444444445,1.5002571795989756,7.566666666666667,
t1,2026-02-19,2026-02-20 02:00:00,2026-02-20 08:00:00,26.0,0.5932846654314732,0.051799084485673635,0.5504569955256836,0.9731438537506345,8.666666666666666,1.6729049916570606,7.633333333333333,
t1,2026-02-19,2026-02-20 03:00:00,2026-02-20 09:00:00,27.0,0.5380559060334951,0.04256927165974585,0.5220641468559737,0.9469935194669041,8.574074074074074,1.545686284643484,8.433333333333334,
t1,2026-02-19,2026-02-20 04:00:00,2026-02-20 10:00:00,28.0,0.4475716680118278,0.04561836488299565,0.41392769883263986,0.8865709772980094,7.935185185185186,1.2501028764250135,10.1,
t1,2026-02-19,2026-02-20 05:00:00,2026-02-20 11:00:00,29.0,0.3359081769726703,0.040255815308042314,0.2549786281012348,0.7374111685631626,6.712962962962963,1.0039787104459965,11.700000000000001,
t1,2026-02-19,2026-02-20 06:00:00,2026-02-20 12:00:00,30.0,0.274376794308305,0.02571954775886056,0.19027636137547205,0.7038263034748032,6.981481481481481,0.9062256098605237,12.133333333333333,
t1,2026-02-19,2026-02-20 07:00:00,2026-02-20 13:00:00,31.0,0.2126141199014612,0.012393404528237648,0.15529543248016456,0.6636584328364029,6.398148148148149,0.8581190551183452,13.200000000000001,
t1,2026-02-19,2026-02-20 08:00:00,2026-02-20 14:00:00,32.0,0.1750815515421853,0.01150611207808515,0.12398759402185539,0.5207612745464101,5.6944444444444455,0.7949493345141216,13.866666666666667,
t1,2026-02-19,2026-02-20 09:00:00,2026-02-20 15:00:00,33.0,0.14153690291800047,0.009379660334569148,0.09871072720552285,0.40155473804562186,5.157407407407407,0.42157601621600804,13.933333333333335,
t1,2026-02-19,2026-02-20 10:00:00,2026-02-20 16:00:00,34.0,0.12445991710107017,0.010238902790772914,0.07211879857717336,0.36699976259104233,4.833333333333334,0.16896562584161742,13.466666666666667,
t1,2026-02-19,2026-02-20 11:00:00,2026-02-20 17:00:00,35.0,0.11493517766856463,0.009490048890703713,0.05600854729288613,0.32246820698630185,4.481481481481482,0.6213370025854678,12.4,
t1,2026-02-19,2026-02-20 12:00:00,2026-02-20 18:00:00,36.0,0.1669781876487291,0.010562883328667557,0.09122400502577208,0.38295548651002825,3.611111111111112,1.167658308721317,11.033333333333333,
t1,2026-02-19,2026-02-20 13:00:00,2026-02-20 19:00:00,37.0,0.21428725222444522,0.01340337992209847,0.1323567991064523,0.48143142544911877,2.8518518518518525,1.3755844249947242,9.299999999999999,
t1,2026-02-19,2026-02-20 14:00:00,2026-02-20 20:00:00,38.0,0.27739952281731584,0.009183498495919413,0.1801882102144283,0.642071475746856,5.5740740740740735,2.685312896068955,8.466666666666667,
t1,2026-02-19,2026-02-20 15:00:00,2026-02-20 21:00:00,39.0,0.3672564633845481,0.02846848898290889,0.28930322455851804,0.8713911668327295,7.092592592592593,4.824091846132046,7.566666666666667,
t1,2026-02-19,2026-02-20 16:00:00,2026-02-20 22:00:00,40.0,0.5595650106794074,0.05116982399788241,0.4660373491198237,0.9649037432044536,7.990740740740741,6.308328644582956,7.266666666666667,
t1,2026-02-19,2026-02-20 17:00:00,2026-02-20 23:00:00,41.0,0.6230454826312237,0.136443888644977,0.5389753042492159,0.9821175210330391,9.222222222222223,5.966211445494174,7.133333333333333,
t1,2026-02-19,2026-02-20 18:00:00,2026-02-21 00:00:00,42.0,0.6734857106100801,0.2538553570813202,0.6541773178644622,0.9689980717968774,10.62037037037037,3.5644780985757705,6.766666666666667,
t1,2026-02-19,2026-02-20 19:00:00,2026-02-21 01:00:00,43.0,0.67123179493793,0.2662529732898818,0.6739827407988618,0.9775966351457549,10.694444444444445,3.617195728499028,6.3,
t1,2026-02-19,2026-02-20 20:00:00,2026-02-21 02:00:00,44.0,0.6711537715806636,0.27552525495122426,0.6577693337571769,0.9790585856729388,10.666666666666666,3.338884266959271,5.8,
t1,2026-02-19,2026-02-20 21:00:00,2026-02-21 03:00:00,45.0,0.6684368790507806,0.2673082613826927,0.6356756287469391,0.9717293667727501,10.305555555555555,3.2809542047744533,5.466666666666666,
t1,2026-02-19,2026-02-20 22:00:00,2026-02-21 04:00:00,46.0,0.6358420485977994,0.28021754884062355,0.6168600928715148,0.9613091188229206,9.972222222222223,3.030325126182069,5.066666666666666,
t1,2026-02-19,2026-02-20 23:00:00,2026-02-21 05:00:00,47.0,0.6338618580331924,0.29689741573578576,0.5809499544456421,0.9701534354194754,9.87037037037037,2.3953938136836177,4.7,
t1,2026-02-20,2026-02-21 00:00:00,2026-02-21 06:00:00,24.0,0.6475690487908627,0.29383042440886203,0.6184109667055523,0.9783530038121956,10.083333333333334,1.5338264102531691,4.433333333333334,
t1,2026-02-20,2026-02-21 01:00:00,2026-02-21 07:00:00,25.0,0.5847291652589328,0.21812046913085467,0.5581174625415241,0.967752700403204,9.833333333333334,1.7329415511646908,4.433333333333334,
t1,2026-02-20,2026-02-21 02:00:00,2026-02-21 08:00:00,26.0,0.5240474716533499,0.13888439302964165,0.49061580281805167,0.9434823528972928,10.009259259259261,2.0679680291405202,4.8,
t1,2026-02-20,2026-02-21 03:00:00,2026-02-21 09:00:00,27.0,0.5096726536142369,0.12023333888589685,0.47096933043728584,0.8818081635852124,9.083333333333334,0.9308664488953354,5.800000000000001,
t1,2026-02-20,2026-02-21 04:00:00,2026-02-21 10:00:00,28.0,0.3426435318705497,0.04882767318239109,0.25448044031245887,0.845546410230801,7.166666666666667,3.2156302302624566,7.166666666666667,
t1,2026-02-20,2026-02-21 05:00:00,2026-02-21 11:00:00,29.0,0.49979892521047603,0.0969445014251276,0.4017748300838059,0.9098076000928011,4.4259259259259265,2.6789838992629815,8.233333333333334,
t1,2026-02-20,2026-02-21 06:00:00,2026-02-21 12:00:00,30.0,0.7028996891257463,0.292855167291792,0.7220515268447493,0.9938111570879962,8.138888888888888,7.057031779074273,8.6,
t1,2026-02-20,2026-02-21 07:00:00,2026-02-21 13:00:00,31.0,0.8552713952324722,0.5116019101770127,0.9358806760192611,0.9891868206873841,15.231481481481483,2.9959248728266528,8.766666666666667,
t1,2026-02-20,2026-02-21 08:00:00,2026-02-21 14:00:00,32.0,0.8769717548754318,0.680689765438944,0.9407312409947239,0.9891041099521538,13.287037037037038,1.251645008114301,8.466666666666667,
t1,2026-02-20,2026-02-21 09:00:00,2026-02-21 15:00:00,33.0,0.8614906158483632,0.596545625618096,0.9230458527516784,0.9878995859289755,14.00925925925926,2.5139016778884846,8.4,
t1,2026-02-20,2026-02-21 10:00:00,2026-02-21 16:00:00,34.0,0.808992259021426,0.48152185621364313,0.8644814570144207,0.9863392355211055,12.111111111111112,1.3491538271756556,7.8,
t1,2026-02-20,2026-02-21 11:00:00,2026-02-21 17:00:00,35.0,0.7120680668808596,0.3812593083419269,0.75537144087242,0.9789756195793495,11.120370370370372,1.4493328960668082,7.5,
t1,2026-02-20,2026-02-21 12:00:00,2026-02-21 18:00:00,36.0,0.5936627475843147,0.21863095901752652,0.5987303366436777,0.9280429999573133,9.99074074074074,2.03107291884021,7.1000000000000005,
t1,2026-02-20,2026-02-21 13:00:00,2026-02-21 19:00:00,37.0,0.4672190505972643,0.12130316669189507,0.4407348590935609,0.8788715530288601,9.472222222222221,2.456253043223698,6.133333333333333,
t1,2026-02-20,2026-02-21 14:00:00,2026-02-21 20:00:00,38.0,0.3837415885197254,0.03652710994240279,0.34550385616988744,0.8320277379369878,8.231481481481483,3.1429832359398895,5.266666666666667,
t1,2026-02-20,2026-02-21 15:00:00,2026-02-21 21:00:00,39.0,0.3101580151941877,0.02685893663128491,0.2365943549395318,0.7824601269722767,6.787037037037037,3.0059525992281686,4.966666666666666,
t1,2026-02-20,2026-02-21 16:00:00,2026-02-21 22:00:00,40.0,0.22415817784673694,0.019765248728272754,0.1281561483333779,0.6473072054394792,5.592592592592593,1.847657286554969,4.666666666666667,
t1,2026-02-20,2026-02-21 17:00:00,2026-02-21 23:00:00,41.0,0.17597374763997564,0.012686902175178033,0.09391636315982228,0.46514543138456904,5.212962962962963,0.8630503850171145,4.466666666666667,
t1,2026-02-20,2026-02-21 18:00:00,2026-02-22 00:00:00,42.0,0.14998924744838052,0.01043340689252114,0.08637983386089901,0.44945999021386784,4.185185185185185,1.78737283354384,4.266666666666667,
t1,2026-02-20,2026-02-21 19:00:00,2026-02-22 01:00:00,43.0,0.12488907083685506,0.009804888037048314,0.06392494204023366,0.3430582364671254,4.0,1.8208751796191545,3.733333333333333,
t1,2026-02-20,2026-02-21 20:00:00,2026-02-22 02:00:00,44.0,0.08494526412521652,0.009677851903438603,0.034076380386832306,0.24427423154395897,3.6203703703703702,1.40554823596396,3.1999999999999997,
t1,2026-02-20,2026-02-21 21:00:00,2026-02-22 03:00:00,45.0,0.0810971979900143,0.00961468237007103,0.022744552376140377,0.24381850286152934,3.1296296296296298,1.1707380458567411,2.6666666666666665,
t1,2026-02-20,2026-02-21 22:00:00,2026-02-22 04:00:00,46.0,0.0742428849779734,0.009668889756092397,0.021904256874573917,0.21225354063741422,2.564814814814815,1.207401726866892,2.3000000000000003,
t1,2026-02-20,2026-02-21 23:00:00,2026-02-22 05:00:00,47.0,0.07019394784300079,0.009632010701235434,0.02641980000061,0.21032645210294315,2.222222222222222,0.829621362392671,2.066666666666667,
t1,2026-02-21,2026-02-22 00:00:00,2026-02-22 06:00:00,24.0,0.11157554557198454,0.0030660957845693036,0.05034245988818084,0.32509852326311267,1.5185185185185184,1.2223274365487824,2.1333333333333333,
t1,2026-02-21,2026-02-22 01:00:00,2026-02-22 07:00:00,25.0,0.19603732240476804,0.003965889352267329,0.09692603157304991,0.46135448507295834,2.824074074074074,2.3665514665059364,2.1,
t1,2026-02-21,2026-02-22 02:00:00,2026-02-22 08:00:00,26.0,0.2861748541160398,0.020036367599498835,0.23552320308826885,0.7292021600364401,5.935185185185186,3.867434204366363,1.9666666666666668,
t1,2026-02-21,2026-02-22 03:00:00,2026-02-22 09:00:00,27.0,0.4700987860933612,0.05417389100756621,0.4249469445632011,0.9670499066268112,7.787037037037038,4.208524320320903,2.4333333333333336,
t1,2026-02-21,2026-02-22 04:00:00,2026-02-22 10:00:00,28.0,0.611616203358617,0.15198164982351856,0.5807315484344414,0.9836594634954535,8.935185185185185,4.412763241311311,4.233333333333333,
t1,2026-02-21,2026-02-22 05:00:00,2026-02-22 11:00:00,29.0,0.7156140270378489,0.22330883764100112,0.7279637891964287,0.9879321956829061,9.481481481481481,4.99245830405177,6.166666666666667,
t1,2026-02-21,2026-02-22 06:00:00,2026-02-22 12:00:00,30.0,0.8930780274649491,0.5476357769206674,0.9352899876896165,0.9877950314223884,11.064814814814815,2.0378996490072487,7.6000000000000005,
t1,2026-02-21,2026-02-22 07:00:00,2026-02-22 13:00:00,31.0,0.9009248340542666,0.6457170371697085,0.9565655340887679,0.9876472143257995,11.472222222222221,1.5666765169115073,8.6,
t1,2026-02-21,2026-02-22 08:00:00,2026-02-22 14:00:00,32.0,0.8986617694227778,0.668288447993588,0.9705712140542226,0.9891659405792124,11.203703703703704,1.2216960146711506,9.133333333333333,
t1,2026-02-21,2026-02-22 09:00:00,2026-02-22 15:00:00,33.0,0.8869925562269635,0.6907044468809062,0.9663438018465264,0.9880357683927423,10.925925925925926,1.3501066868376075,9.4,
t1,2026-02-21,2026-02-22 10:00:00,2026-02-22 16:00:00,34.0,0.8804843244808432,0.5824478563053921,0.9528279163622148,0.9895582172825177,10.537037037037038,1.4725715867791618,9.466666666666667,
t1,2026-02-21,2026-02-22 11:00:00,2026-02-22 17:00:00,35.0,0.8077221997802149,0.4345380089311896,0.8489312904875201,0.9879401518231051,10.527777777777777,2.181749496206549,9.1,
t1,2026-02-21,2026-02-22 12:00:00,2026-02-22 18:00:00,36.0,0.7103198983294746,0.23317903746734342,0.7273871987079988,0.9929876199610244,10.083333333333334,2.403861348479993,8.3,
t1,2026-02-21,2026-02-22 13:00:00,2026-02-22 19:00:00,37.0,0.5578087727676687,0.10972329718130235,0.5242837979264556,0.9814924369493548,9.592592592592593,2.894270272715151,6.8999999999999995,
t1,2026-02-21,2026-02-22 14:00:00,2026-02-22 20:00:00,38.0,0.3647958069055864,0.04768543245668086,0.25832804023841544,0.9004092894867815,8.407407407407408,2.875011182658517,5.833333333333333,
t1,2026-02-21,2026-02-22 15:00:00,2026-02-22 21:00:00,39.0,0.2573604338423774,0.023344221551223683,0.14898319696920395,0.761629713742224,7.314814814814814,2.8340594567007984,5.066666666666666,
t1,2026-02-21,2026-02-22 16:00:00,2026-02-22 22:00:00,40.0,0.21199995863576698,0.01039995519310091,0.09893231383416408,0.6825404497583681,6.537037037037037,2.7234029941073277,4.366666666666666,
t1,2026-02-21,2026-02-22 17:00:00,2026-02-22 23:00:00,41.0,0.20887212168824948,0.00825780126037951,0.08572038466090187,0.6250417418216697,5.518518518518519,2.987930109197429,3.6666666666666665,
t1,2026-02-21,2026-02-22 18:00:00,2026-02-23 00:00:00,42.0,0.158761500421553,0.00906232176417082,0.06990921059062774,0.45919985447964434,4.62037037037037,1.821581301016782,3.266666666666667,
t1,2026-02-21,2026-02-22 19:00:00,2026-02-23 01:00:00,43.0,0.15823672919635043,0.00947012846434193,0.0643677834253047,0.42245192620147476,4.555555555555556,1.5949863577728434,2.9,
t1,2026-02-21,2026-02-22 20:00:00,2026-02-23 02:00:00,44.0,0.1326360190845132,0.009521876426434506,0.048004885435501375,0.36140272819939917,4.231481481481482,1.6796561719492114,2.766666666666667,
t1,2026-02-21,2026-02-22 21:00:00,2026-02-23 03:00:00,45.0,0.13386854490433495,0.00958393346691785,0.04465906188844663,0.36101852338083934,3.9444444444444446,2.108368101016214,2.6666666666666665,
t1,2026-02-21,2026-02-22 22:00:00,2026-02-23 04:00:00,46.0,0.12232661909815043,0.009593781410601722,0.035887379024336516,0.3226119491059315,3.898148148148149,2.0729990600288897,2.6333333333333333,
t1,2026-02-21,2026-02-22 23:00:00,2026-02-23 05:00:00,47.0,0.12218499173909535,0.009550637348878165,0.01897848213634332,0.35265052326739493,3.5462962962962963,2.6845944433196762,2.466666666666667,
t1,2026-02-22,2026-02-23 00:00:00,2026-02-23 06:00:00,24.0,0.1094527547119073,0.009969032832877887,0.023715803999836478,0.28594821521400055,3.1111111111111107,1.7429310491167769,2.3000000000000003,
t1,2026-02-22,2026-02-23 01:00:00,2026-02-23 07:00:00,25.0,0.10967877267902194,0.010042060206259881,0.024947255971123745,0.300119079738141,2.722222222222222,0.5534683012547578,2.1666666666666665,
t1,2026-02-22,2026-02-23 02:00:00,2026-02-23 08:00:00,26.0,0.11373693556333236,0.00977002075290199,0.02225420920318276,0.27966197130880655,2.064814814814815,1.4793677049957399,2.4333333333333336,
t1,2026-02-22,2026-02-23 03:00:00,2026-02-23 09:00:00,27.0,0.10984598062677282,0.009597719868680049,0.02792174910777076,0.3156221715288244,2.351851851851852,1.4088382103281623,3.5666666666666664,
t1,2026-02-22,2026-02-23 04:00:00,2026-02-23 10:00:00,28.0,0.13817929293338302,0.009641466472766725,0.057644257606603494,0.36578858254419755,2.8888888888888893,2.1247730452514597,5.3999999999999995,
t1,2026-02-22,2026-02-23 05:00:00,2026-02-23 11:00:00,29.0,0.1899819619960233,0.012791259488018637,0.09246739311854388,0.4904839267762412,3.6018518518518525,1.908867653915433,7.1000000000000005,
t1,2026-02-22,2026-02-23 06:00:00,2026-02-23 12:00:00,30.0,0.2156040306725293,0.01950675539473758,0.14506637354646826,0.5658298201562503,3.7129629629629632,1.4995712693198504,8.5,
t1,2026-02-22,2026-02-23 07:00:00,2026-02-23 13:00:00,31.0,0.3435270730661253,0.0352599421221758,0.2770038927506577,0.7270126780343844,5.305555555555555,0.728074579004509,8.933333333333334,
t1,2026-02-22,2026-02-23 08:00:00,2026-02-23 14:00:00,32.0,0.4633232236399674,0.061683603693482414,0.3920685205665809,0.8839801718564422,7.805555555555556,1.5282827448309904,8.866666666666667,
t1,2026-02-22,2026-02-23 09:00:00,2026-02-23 15:00:00,33.0,0.5607424864607167,0.11925366876845837,0.44547051094806933,0.9368727493416865,8.703703703703704,1.9771716715879881,8.6,
t1,2026-02-22,2026-02-23 10:00:00,2026-02-23 16:00:00,34.0,0.5927004730078461,0.16662354006549987,0.5486052796756565,0.9610457737897861,8.574074074074074,0.920167277689248,7.833333333333333,
t1,2026-02-22,2026-02-23 11:00:00,2026-02-23 17:00:00,35.0,0.6340170787413978,0.2513234534331902,0.6456236075677845,0.9724861142638705,9.370370370370372,0.9923835462565163,7.0,
t1,2026-02-22,2026-02-23 12:00:00,2026-02-23 18:00:00,36.0,0.7574622483862488,0.38479938914630984,0.777483620510106,0.9794983285153842,10.222222222222221,1.309096851994242,6.266666666666666,
t1,2026-02-22,2026-02-23 13:00:00,2026-02-23 19:00:00,37.0,0.7757146574520175,0.4191140835760619,0.7939290024840275,0.9899722460407339,10.657407407407407,1.2904962837746623,5.433333333333333,
t1,2026-02-22,2026-02-23 14:00:00,2026-02-23 20:00:00,38.0,0.7776910549238949,0.4664100148473302,0.8153296760816521,0.9884305139963809,10.50925925925926,1.3912017778996966,4.7,
t1,2026-02-22,2026-02-23 15:00:00,2026-02-23 21:00:00,39.0,0.7645660429992722,0.5511691404917715,0.838031446266232,0.9803370819702503,10.083333333333334,1.0911399634112422,4.033333333333334,
t1,2026-02-22,2026-02-23 16:00:00,2026-02-23 22:00:00,40.0,0.8056596963142955,0.5287063651812436,0.864975229321548,0.9865960917690649,9.546296296296296,1.5812201622943252,3.1666666666666665,
t1,2026-02-22,2026-02-23 17:00:00,2026-02-23 23:00:00,41.0,0.8714296831197913,0.7047110476066588,0.9306462432448721,0.9891868300922502,10.63888888888889,0.7876359377087683,2.1,
t1,2026-02-22,2026-02-23 18:00:00,2026-02-24 00:00:00,42.0,0.9028615933905181,0.7737553483743103,0.9362681537307582,0.9907584172732545,11.592592592592595,0.48934112080458647,1.0999999999999999,
t1,2026-02-22,2026-02-23 19:00:00,2026-02-24 01:00:00,43.0,0.9034182013899753,0.7570395959290951,0.9330539510353365,0.9897309298012205,11.620370370370372,0.2625453125695884,0.13333333333333333,
t1,2026-02-22,2026-02-23 20:00:00,2026-02-24 02:00:00,44.0,0.884769478538892,0.7208589438051768,0.938989557341211,0.9895784395948206,11.740740740740742,0.7664519291324018,-0.6666666666666666,
t1,2026-02-22,2026-02-23 21:00:00,2026-02-24 03:00:00,45.0,0.856938898176347,0.6569261530237086,0.9258579887211977,0.9893213603760179,11.629629629629632,1.1406941428674109,-1.0999999999999999,
t1,2026-02-22,2026-02-23 22:00:00,2026-02-24 04:00:00,46.0,0.833128484271366,0.6023005782588731,0.9143718894046395,0.9884054178082186,11.379629629629628,1.2289377794842276,-1.6333333333333335,
t1,2026-02-22,2026-02-23 23:00:00,2026-02-24 05:00:00,47.0,0.8123240713906904,0.556359746353577,0.8723149704168998,0.986124537527924,11.222222222222223,1.2288331311441492,-1.8333333333333333,
t1,2026-02-23,2026-02-24 00:00:00,2026-02-24 06:00:00,24.0,0.7530459957048787,0.3652906560341508,0.8004059582770676,0.9824666418085999,10.046296296296298,1.4804104925112656,-2.1,
t1,2026-02-23,2026-02-24 01:00:00,2026-02-24 07:00:00,25.0,0.7198075540448367,0.34145259871833267,0.7689442006166504,0.9798428629231655,9.907407407407408,1.6190735551403261,-2.2666666666666666,
t1,2026-02-23,2026-02-24 02:00:00,2026-02-24 08:00:00,26.0,0.6727934237210875,0.2582199527808308,0.6974063511383061,0.9717107383866088,9.703703703703704,1.7341284975717723,-2.433333333333333,
t1,2026-02-23,2026-02-24 03:00:00,2026-02-24 09:00:00,27.0,0.6534052561614282,0.1986494093480456,0.6728964941247617,0.968224488489623,9.5,1.682104428578076,-2.1333333333333333,
t1,2026-02-23,2026-02-24 04:00:00,2026-02-24 10:00:00,28.0,0.5604396733840886,0.2016879610379847,0.5668349736516858,0.9399831110927644,9.222222222222223,1.543354931454345,-1.5666666666666664,
t1,2026-02-23,2026-02-24 05:00:00,2026-02-24 11:00:00,29.0,0.5214192950947648,0.17495093240912668,0.5438064936753635,0.9062719852875027,9.111111111111112,1.2729376930432887,-1.0999999999999999,
t1,2026-02-23,2026-02-24 06:00:00,2026-02-24 12:00:00,30.0,0.4950406090636943,0.1824394807466525,0.4902082940777686,0.88843022263337,9.018518518518519,1.2697007197349592,-0.5666666666666667,
t1,2026-02-23,2026-02-24 07:00:00,2026-02-24 13:00:00,31.0,0.49813794219968394,0.1724193676725894,0.4950826841971224,0.8648312103589767,8.962962962962964,1.5215360713637074,-0.06666666666666665,
t1,2026-02-23,2026-02-24 08:00:00,2026-02-24 14:00:00,32.0,0.5214732401258142,0.170421537618287,0.507416179106541,0.8986964611403359,8.861111111111112,1.5840641588203617,0.2333333333333333,
t1,2026-02-23,2026-02-24 09:00:00,2026-02-24 15:00:00,33.0,0.5163507291256401,0.15026577527524526,0.5014044965002947,0.8937470323527018,8.851851851851853,1.4892447059629534,0.19999999999999996,
t1,2026-02-23,2026-02-24 10:00:00,2026-02-24 16:00:00,34.0,0.48961238444992305,0.14809180711615128,0.469903564747329,0.8714514652293903,8.86111111111111,1.5413538221116756,0.03333333333333329,
t1,2026-02-23,2026-02-24 11:00:00,2026-02-24 17:00:00,35.0,0.39366369615135477,0.07249537852899297,0.37432534259885725,0.8236442235051844,8.592592592592593,1.4764962418724181,-0.16666666666666666,
t1,2026-02-23,2026-02-24 12:00:00,2026-02-24 18:00:00,36.0,0.34825283968615045,0.04442289829941424,0.32917055127273254,0.7838324076836787,7.620370370370371,0.6817355605259245,-0.26666666666666666,
t1,2026-02-23,2026-02-24 13:00:00,2026-02-24 19:00:00,37.0,0.29498990528082714,0.03152386716492079,0.23868760215865686,0.7775903333235061,7.268518518518519,0.8634972912617968,-0.5666666666666668,
t1,2026-02-23,2026-02-24 14:00:00,2026-02-24 20:00:00,38.0,0.2188177607432848,0.016601962797848653,0.14000112583717786,0.7065276661992761,6.703703703703703,0.7034599967860212,-0.8333333333333334,
t1,2026-02-23,2026-02-24 15:00:00,2026-02-24 21:00:00,39.0,0.18332764642155489,0.013110857154963592,0.12160195538962391,0.5187916475984247,5.8240740740740735,0.45247376751372625,-0.9,
t1,2026-02-23,2026-02-24 16:00:00,2026-02-24 22:00:00,40.0,0.1346366436827447,0.009002066752295389,0.0662359629062517,0.36054941476291763,4.796296296296297,0.4169751944147296,-1.0,
t1,2026-02-23,2026-02-24 17:00:00,2026-02-24 23:00:00,41.0,0.09189445154154958,0.0038130882330642095,0.02348271939494594,0.23903658294745728,4.018518518518518,0.6062517235137351,-1.1666666666666665,
t1,2026-02-23,2026-02-24 18:00:00,2026-02-25 00:00:00,42.0,0.06725594621330165,0.00347455838742935,0.017731124012738728,0.1880941417318151,1.8796296296296298,0.5280213862734537,-1.4000000000000001,
t1,2026-02-23,2026-02-24 19:00:00,2026-02-25 01:00:00,43.0,0.0629702377143727,0.009731034444501813,0.015364903750287597,0.18766574512131134,0.9629629629629629,0.5619996631664266,-1.5333333333333332,
t1,2026-02-23,2026-02-24 20:00:00,2026-02-25 02:00:00,44.0,0.06347582608613125,0.00976774686822147,0.015922338685866635,0.188750829127352,0.6481481481481481,0.1849535588466498,-1.5666666666666667,
t1,2026-02-23,2026-02-24 21:00:00,2026-02-25 03:00:00,45.0,0.07825217801216695,0.010008049789822983,0.022858068759622728,0.21306741733593082,1.0555555555555556,0.7997877804937761,-1.6000000000000003,
t1,2026-02-23,2026-02-24 22:00:00,2026-02-25 04:00:00,46.0,0.11262319676967082,0.009771273168959788,0.04474327836661973,0.29795960422585704,1.8333333333333333,0.9464847243000455,-1.5,
t1,2026-02-23,2026-02-24 23:00:00,2026-02-25 05:00:00,47.0,0.16196181513294747,0.011834199825503194,0.08468484734692716,0.43737858054559997,2.8518518518518516,1.4148499607812246,-1.2333333333333334,
t1,2026-02-24,2026-02-25 00:00:00,2026-02-25 06:00:00,24.0,0.1374888256394827,0.010342172951973939,0.07727593653737243,0.3882262227440964,3.2129629629629632,2.521716379361959,-1.0666666666666667,
t1,2026-02-24,2026-02-25 01:00:00,2026-02-25 07:00:00,25.0,0.17384136972390446,0.010406491847263728,0.09471658962637827,0.5122821046657374,4.1759259259259265,2.5477436963687756,-0.8333333333333334,
t1,2026-02-24,2026-02-25 02:00:00,2026-02-25 08:00:00,26.0,0.19938682143554148,0.011712282305830726,0.12635303659000827,0.5399561665081533,5.009259259259259,2.32809155491485,-0.3333333333333333,
t1,2026-02-24,2026-02-25 03:00:00,2026-02-25 09:00:00,27.0,0.17794859981840067,0.011343017562279149,0.1352886883264545,0.5119811347996804,5.453703703703703,1.98418386161863,-0.03333333333333333,
t1,2026-02-24,2026-02-25 04:00:00,2026-02-25 10:00:00,28.0,0.1518595747681738,0.009498158450922861,0.09939211425885817,0.4369634695429311,5.037037037037037,1.3235559721910646,0.5,
t1,2026-02-24,2026-02-25 05:00:00,2026-02-25 11:00:00,29.0,0.08847767187649769,0.010080682705823945,0.030216606249339355,0.28734835358189204,4.287037037037037,1.3626219883473083,1.1666666666666667,
t1,2026-02-24,2026-02-25 06:00:00,2026-02-25 12:00:00,30.0,0.07691033594155491,0.010098741306810544,0.033790413709007615,0.2669961470144678,3.3796296296296298,2.0039184864688293,1.5666666666666667,
t1,2026-02-24,2026-02-25 07:00:00,2026-02-25 13:00:00,31.0,0.07979367746814217,0.010338391363126434,0.031458365806694706,0.2492540967653003,3.175925925925926,1.6502275687936454,2.1666666666666665,
t1,2026-02-24,2026-02-25 08:00:00,2026-02-25 14:00:00,32.0,0.07637390539746142,0.010115877251771299,0.014202169540179685,0.22850202665277472,3.018518518518519,1.614061793504521,2.6999999999999997,
t1,2026-02-24,2026-02-25 09:00:00,2026-02-25 15:00:00,33.0,0.06623817066521107,0.009718984349661286,0.014009070359150652,0.24861916039230308,2.5,2.2116065888181162,3.1333333333333333,
t1,2026-02-24,2026-02-25 10:00:00,2026-02-25 16:00:00,34.0,0.07270450968666439,0.009762067378385496,0.021151169541259392,0.2515966987897371,2.0185185185185186,2.485813659010889,2.766666666666667,
t1,2026-02-24,2026-02-25 11:00:00,2026-02-25 17:00:00,35.0,0.08934599379483027,0.00921271309762783,0.022061171412835565,0.27052416269358803,2.8981481481481484,2.0299328984024227,2.1333333333333333,
t1,2026-02-24,2026-02-25 12:00:00,2026-02-25 18:00:00,36.0,0.12334272934729304,0.010272731723285052,0.05706688525235966,0.35985117637684333,2.944444444444444,2.2194427061597977,1.4333333333333333,
t1,2026-02-24,2026-02-25 13:00:00,2026-02-25 19:00:00,37.0,0.14712466268026786,0.01010001259007522,0.09321698217121752,0.40019334575909016,3.425925925925926,1.8403345553784956,0.7333333333333334,
t1,2026-02-24,2026-02-25 14:00:00,2026-02-25 20:00:00,38.0,0.22384310083723477,0.009896759368123512,0.12688102613810479,0.5400426384615541,3.7962962962962963,3.035455776246349,0.6,
t1,2026-02-24,2026-02-25 15:00:00,2026-02-25 21:00:00,39.0,0.2871714172518549,0.021782665561500138,0.21563905983214277,0.6710823582209287,4.583333333333333,4.123479892003002,0.3333333333333333,
t1,2026-02-24,2026-02-25 16:00:00,2026-02-25 22:00:00,40.0,0.362820737235791,0.03347057751478973,0.32533325371302063,0.8414653869801199,5.268518518518518,3.3271161155106284,0.3333333333333333,
t1,2026-02-24,2026-02-25 17:00:00,2026-02-25 23:00:00,41.0,0.5587151417579475,0.06857640584554037,0.4818915445551517,0.9894627629029187,7.490740740740741,2.414643682870485,0.43333333333333335,
t1,2026-02-24,2026-02-25 18:00:00,2026-02-26 00:00:00,42.0,0.6922369691773363,0.18528920394520576,0.6461123074332018,0.999257564231358,9.601851851851853,2.487054962567429,0.8000000000000002,
t1,2026-02-24,2026-02-25 19:00:00,2026-02-26 01:00:00,43.0,0.749620299522472,0.29319721250496983,0.7496218828344721,0.990430095250415,10.666666666666666,2.307562713993348,0.8666666666666667,
t1,2026-02-24,2026-02-25 20:00:00,2026-02-26 02:00:00,44.0,0.7691725630373718,0.3744999120136507,0.8199454254364492,0.9918055150434674,11.101851851851853,2.1953818907175426,0.8666666666666666,
t1,2026-02-24,2026-02-25 21:00:00,2026-02-26 03:00:00,45.0,0.7585467656018836,0.37345067179238056,0.8093507229663729,0.9905721201427016,10.916666666666666,2.1204108034314113,0.7999999999999999,
t1,2026-02-24,2026-02-25 22:00:00,2026-02-26 04:00:00,46.0,0.8139671535217196,0.5489698532703458,0.8952805564915131,0.9862923284194341,11.731481481481481,0.35825078003987165,0.7999999999999999,
t1,2026-02-24,2026-02-25 23:00:00,2026-02-26 05:00:00,47.0,0.8050379333326433,0.5023391516866997,0.877086024372428,0.9876982341282085,11.277777777777779,0.37371177908538034,0.5666666666666668,
t1,2026-02-25,2026-02-26 00:00:00,2026-02-26 06:00:00,24.0,0.7457845997454815,0.4020125238186715,0.7736451990122649,0.9793819202352337,11.685185185185185,1.2392542228318553,0.5,
t1,2026-02-25,2026-02-26 01:00:00,2026-02-26 07:00:00,25.0,0.6343241166327426,0.2631650166949972,0.7037653097551656,0.9992512637324907,11.462962962962964,0.9579642338057447,0.6666666666666666,
t1,2026-02-25,2026-02-26 02:00:00,2026-02-26 08:00:00,26.0,0.5717765390887021,0.15879786891197875,0.640069485950214,0.9367797233165039,10.851851851851853,1.3032880229565118,0.8333333333333334,
t1,2026-02-25,2026-02-26 03:00:00,2026-02-26 09:00:00,27.0,0.387502493017971,0.034068462392240643,0.3381998334218063,0.8376646659879928,8.24074074074074,0.603700863433446,1.4333333333333333,
t1,2026-02-25,2026-02-26 04:00:00,2026-02-26 10:00:00,28.0,0.3118052381610744,0.013309717581032708,0.18870047404486934,0.7536694694499383,4.25,2.7705461421759296,2.6333333333333333,
t1,2026-02-25,2026-02-26 05:00:00,2026-02-26 11:00:00,29.0,0.35850734166541315,0.02014213677447911,0.26250176827969357,0.9089843394895036,6.916666666666667,5.240290845759246,2.9,
t1,2026-02-25,2026-02-26 06:00:00,2026-02-26 12:00:00,30.0,0.4082078179295563,0.0393048417404416,0.40323725583082887,0.8773486186746192,7.453703703703703,3.806704341341317,3.033333333333333,
t1,2026-02-25,2026-02-26 07:00:00,2026-02-26 13:00:00,31.0,0.4943678951412085,0.05160190948245638,0.5100957440461095,0.8530189368328428,8.212962962962964,1.3811823228862654,2.6666666666666665,
t1,2026-02-25,2026-02-26 08:00:00,2026-02-26 14:00:00,32.0,0.377078565353776,0.04540436784938645,0.36222304014137324,0.8103075391725209,8.00925925925926,0.57890737156817,2.0666666666666664,
t1,2026-02-25,2026-02-26 09:00:00,2026-02-26 15:00:00,33.0,0.41865231984246737,0.04467145814758312,0.408743353932791,0.9165442415355188,7.842592592592593,1.430038561740851,0.9666666666666667,
t1,2026-02-25,2026-02-26 10:00:00,2026-02-26 16:00:00,34.0,0.4584156587063767,0.10398870053615542,0.4695179126360344,0.9338419582994092,8.092592592592593,1.0070482066589361,0.1333333333333334,
t1,2026-02-25,2026-02-26 11:00:00,2026-02-26 17:00:00,35.0,0.5878579924808015,0.2376290655030216,0.6180481154250247,0.958934456414037,9.63888888888889,1.3611111111111118,0.2333333333333333,
t1,2026-02-25,2026-02-26 12:00:00,2026-02-26 18:00:00,36.0,0.720708441081619,0.33203870275146163,0.80667717152989,0.979404795490003,10.879629629629628,2.158162322220806,0.6,
t1,2026-02-25,2026-02-26 13:00:00,2026-02-26 19:00:00,37.0,0.7553661657355645,0.4674867889097144,0.8471897885014174,0.9809033440089687,11.14814814814815,2.1010971071080804,1.0999999999999999,
t1,2026-02-25,2026-02-26 14:00:00,2026-02-26 20:00:00,38.0,0.7765926751619373,0.4949007508201748,0.8453124439805558,0.9784001926197916,10.824074074074074,1.4343486211790315,1.4333333333333333,
t1,2026-02-25,2026-02-26 15:00:00,2026-02-26 21:00:00,39.0,0.8022059357465522,0.5783370503606701,0.8617467744035127,0.9784453802911947,10.888888888888891,0.4867059852204227,1.633333333333333,
t1,2026-02-25,2026-02-26 16:00:00,2026-02-26 22:00:00,40.0,0.7954404912957768,0.5817269932279435,0.8663672958146106,0.9848401624024782,11.555555555555555,1.0826208483280608,1.5666666666666667,
t1,2026-02-25,2026-02-26 17:00:00,2026-02-26 23:00:00,41.0,0.7777622392002645,0.5607141680520991,0.8508242997274452,0.9815152355950715,11.296296296296298,1.0005142710548216,1.5666666666666667,
t1,2026-02-25,2026-02-26 18:00:00,2026-02-27 00:00:00,42.0,0.7488656658643918,0.5218379129072923,0.8047656201608396,0.9693813548745079,11.416666666666666,2.0053939608644487,1.7,
t1,2026-02-25,2026-02-26 19:00:00,2026-02-27 01:00:00,43.0,0.709505724836879,0.4498376152016482,0.7600958774582437,0.9331266295192566,10.842592592592593,1.9453040427989758,1.5,
t1,2026-02-25,2026-02-26 20:00:00,2026-02-27 02:00:00,44.0,0.6470775489439797,0.3955221328132683,0.6409161878599829,0.9022954182385349,10.305555555555555,1.6218511752216678,1.2000000000000002,
t1,2026-02-25,2026-02-26 21:00:00,2026-02-27 03:00:00,45.0,0.5959910251768613,0.30106060068449436,0.5632061430534686,0.876586412126442,9.342592592592593,0.7501714481677433,0.8333333333333334,
t1,2026-02-25,2026-02-26 22:00:00,2026-02-27 04:00:00,46.0,0.5591225759542696,0.2553896488459905,0.5436268827465706,0.9149962894394205,9.287037037037038,1.1507959313971206,0.6,
t1,2026-02-25,2026-02-26 23:00:00,2026-02-27 05:00:00,47.0,0.5197881579407441,0.16794849852032065,0.5162786783713434,0.8944194542799531,8.879629629629632,1.2565671113592767,0.4000000000000001,
t1,2026-02-26,2026-02-27 00:00:00,2026-02-27 06:00:00,24.0,0.3612710648080949,0.02309302203654264,0.31276076870227076,0.8309382937685615,7.879629629629631,1.2216960146711517,0.5,
t1,2026-02-26,2026-02-27 01:00:00,2026-02-27 07:00:00,25.0,0.3489100717521089,0.025516843229748988,0.27014953738672326,0.7843299408671837,7.453703703703705,0.7980170898672317,0.13333333333333333,
t1,2026-02-26,2026-02-27 02:00:00,2026-02-27 08:00:00,26.0,0.36042531291334223,0.02493771820144168,0.2550034447580905,0.79069779357061,7.018518518518519,0.47898211690287285,0.2333333333333333,
t1,2026-02-26,2026-02-27 03:00:00,2026-02-27 09:00:00,27.0,0.31262571594811406,0.023229919409957372,0.22205171496139395,0.7575043549133076,6.814814814814814,0.610058015186264,0.5333333333333333,
t1,2026-02-26,2026-02-27 04:00:00,2026-02-27 10:00:00,28.0,0.25277831300131626,0.013262647855276286,0.16623277979087925,0.710170576812358,6.666666666666667,0.20971762320196546,0.8333333333333334,
t1,2026-02-26,2026-02-27 05:00:00,2026-02-27 11:00:00,29.0,0.2417589247279352,0.013858387251631146,0.18473211740775608,0.7156631937308733,6.342592592592593,0.7455285086444692,1.4333333333333333,
t1,2026-02-26,2026-02-27 06:00:00,2026-02-27 12:00:00,30.0,0.26947356491631197,0.014933298490266169,0.234520938164064,0.7163821066998814,6.0740740740740735,0.9036676525899598,2.1333333333333333,
t1,2026-02-26,2026-02-27 07:00:00,2026-02-27 13:00:00,31.0,0.3494030591988734,0.024454432078345193,0.30165536115691444,0.7924231845201618,6.666666666666667,1.370151383904281,2.433333333333333,
t1,2026-02-26,2026-02-27 08:00:00,2026-02-27 14:00:00,32.0,0.45059012631816164,0.05925594470393048,0.41849303292115314,0.9100784755832574,7.685185185185186,1.6066349056847395,2.5,
t1,2026-02-26,2026-02-27 09:00:00,2026-02-27 15:00:00,33.0,0.5127977847851991,0.14081525854195953,0.531095343154197,0.951683714311804,8.722222222222223,1.7653646494928503,2.1,
t1,2026-02-26,2026-02-27 10:00:00,2026-02-27 16:00:00,34.0,0.621303899439136,0.2423169027847427,0.6686491745478843,0.9637610164602067,9.898148148148149,1.748309000760425,1.3,
t1,2026-02-26,2026-02-27 11:00:00,2026-02-27 17:00:00,35.0,0.7511897045476132,0.40202624763373745,0.8440200566933399,0.9857733915245424,10.898148148148147,1.4985418152378875,0.06666666666666665,
t1,2026-02-26,2026-02-27 12:00:00,2026-02-27 18:00:00,36.0,0.7520653069297206,0.43965433361353495,0.8367122106010781,0.9854445416443214,11.046296296296298,2.4610128732170247,-0.3666666666666667,
t1,2026-02-26,2026-02-27 13:00:00,2026-02-27 19:00:00,37.0,0.7728238344459886,0.44647828256827193,0.852039448282042,0.9869292186540713,11.157407407407407,2.415602149538695,-1.3666666666666665,
t1,2026-02-26,2026-02-27 14:00:00,2026-02-27 20:00:00,38.0,0.7723287928076442,0.521795768444614,0.8518291889191065,0.9862274401464471,11.194444444444445,2.430674600259295,-2.1666666666666665,
t1,2026-02-26,2026-02-27 15:00:00,2026-02-27 21:00:00,39.0,0.7682057709921759,0.511140893077496,0.8108100405144094,0.982752041210769,10.981481481481483,2.2452510468485447,-2.9000000000000004,
t1,2026-02-26,2026-02-27 16:00:00,2026-02-27 22:00:00,40.0,0.7344560293201585,0.5064330159559363,0.7636998220393582,0.9743380972067545,10.62962962962963,2.07541705858803,-3.466666666666667,
t1,2026-02-26,2026-02-27 17:00:00,2026-02-27 23:00:00,41.0,0.6985877686718057,0.4807352343360829,0.6967310038140714,0.9739261248318715,10.305555555555557,2.2102105927258457,-4.1,
t1,2026-02-26,2026-02-27 18:00:00,2026-02-28 00:00:00,42.0,0.615253483284356,0.36394349714140534,0.5734500350173714,0.9592927340772693,9.435185185185185,2.2562213941508187,-3.8666666666666667,
t1,2026-02-26,2026-02-27 19:00:00,2026-02-28 01:00:00,43.0,0.6226861525125265,0.3509121261506669,0.5959377676203105,0.9607871448025909,9.472222222222221,2.3552214123590516,-4.266666666666667,
t1,2026-02-26,2026-02-27 20:00:00,2026-02-28 02:00:00,44.0,0.6922584008869082,0.4265926483289456,0.6731392375745017,0.9705153737152927,9.805555555555557,2.436856911051257,-4.7,
t1,2026-02-26,2026-02-27 21:00:00,2026-02-28 03:00:00,45.0,0.7547177043561051,0.48869378658426743,0.7736395908847739,0.9850639135891256,10.425925925925926,2.424847795486496,-5.233333333333333,
t1,2026-02-26,2026-02-27 22:00:00,2026-02-28 04:00:00,46.0,0.7920028093567099,0.571599137762315,0.8083145894755944,0.9860112758979857,10.694444444444445,2.18174949620655,-5.633333333333333,
t1,2026-02-26,2026-02-27 23:00:00,2026-02-28 05:00:00,47.0,0.7835398323952638,0.5791764818592312,0.8261977121733936,0.9860688569710391,10.879629629629632,2.1266484770304577,-5.866666666666667,
t1,2026-02-27,2026-02-28 00:00:00,2026-02-28 06:00:00,24.0,0.8553086886129176,0.6315059275409964,0.9077203839076303,0.9906388231013107,11.314814814814815,1.8860954289426057,-6.900000000000001,
t1,2026-02-27,2026-02-28 01:00:00,2026-02-28 07:00:00,25.0,0.8518446995865577,0.6455487607118857,0.9125524108361637,0.9905217491853169,11.092592592592593,1.5139101255730982,-7.099999999999999,
t1,2026-02-27,2026-02-28 02:00:00,2026-02-28 08:00:00,26.0,0.8426103069928259,0.6339448206637817,0.915739165376191,0.9887620579520434,11.879629629629632,2.026508989155383,-7.566666666666667,
t1,2026-02-27,2026-02-28 03:00:00,2026-02-28 09:00:00,27.0,0.8523888268209086,0.6209926031406123,0.920607192500954,0.9894948918043633,12.481481481481481,2.4384923325627006,-7.766666666666667,
t1,2026-02-27,2026-02-28 04:00:00,2026-02-28 10:00:00,28.0,0.8544151046822046,0.6310523347642278,0.9164890556032235,0.9894732962655658,12.666666666666666,2.5426910503987266,-7.866666666666667,
t1,2026-02-27,2026-02-28 05:00:00,2026-02-28 11:00:00,29.0,0.8595570351425599,0.6755303550991838,0.9177937760038235,0.9895180111772198,12.444444444444445,2.1523745142011688,-7.733333333333333,
t1,2026-02-27,2026-02-28 06:00:00,2026-02-28 12:00:00,30.0,0.8609693281263197,0.679761133081215,0.9154051379540518,0.9894176324672688,12.083333333333336,2.000578620003427,-6.866666666666667,
t1,2026-02-27,2026-02-28 07:00:00,2026-02-28 13:00:00,31.0,0.8570001144030887,0.6655022524071564,0.9014187438983852,0.989071416236399,12.064814814814817,2.0976054346970936,-6.599999999999999,
t1,2026-02-27,2026-02-28 08:00:00,2026-02-28 14:00:00,32.0,0.8338979021634866,0.5913681370560286,0.8889877193495092,0.9889497991547939,12.175925925925926,2.7082027508880673,-6.366666666666667,
t1,2026-02-27,2026-02-28 09:00:00,2026-02-28 15:00:00,33.0,0.7991653013514648,0.5422009259340894,0.8794950674118466,0.9883299038306254,11.888888888888891,2.737485554389982,-6.433333333333333,
t1,2026-02-27,2026-02-28 10:00:00,2026-02-28 16:00:00,34.0,0.7520340757825975,0.49494463017123924,0.8227386599789525,0.9846499101786946,11.648148148148147,2.639083813463603,-6.3999999999999995,
t1,2026-02-27,2026-02-28 11:00:00,2026-02-28 17:00:00,35.0,0.7299386322426864,0.4630493514258624,0.8015841731038288,0.9794248293496225,11.351851851851853,2.6141137188308057,-6.533333333333334,
t1,2026-02-27,2026-02-28 12:00:00,2026-02-28 18:00:00,36.0,0.7296570146262228,0.4128199692725005,0.7701297102277204,0.9700296492447672,10.212962962962964,2.2369879808209627,-6.466666666666666,
t1,2026-02-27,2026-02-28 13:00:00,2026-02-28 19:00:00,37.0,0.6786066141604179,0.26041237447837734,0.6552444865897722,0.953557610683855,9.731481481481481,2.1113547617681765,-6.833333333333333,
t1,2026-02-27,2026-02-28 14:00:00,2026-02-28 20:00:00,38.0,0.5990279589923739,0.1908708820141911,0.5699058531570241,0.92860358046696,9.074074074074074,1.9309718442728487,-6.833333333333333,
t1,2026-02-27,2026-02-28 15:00:00,2026-02-28 21:00:00,39.0,0.46602104815234957,0.07613290605645048,0.40900336769780576,0.900549446262443,8.444444444444445,1.9657562236615702,-6.866666666666667,
t1,2026-02-27,2026-02-28 16:00:00,2026-02-28 22:00:00,40.0,0.34256506137732845,0.04456280999558554,0.32918302069584315,0.8016268217482265,7.981481481481481,2.1157356754943826,-6.8999999999999995,
t1,2026-02-27,2026-02-28 17:00:00,2026-02-28 23:00:00,41.0,0.3256256007026212,0.0338916271550085,0.30633249071061214,0.740015035668091,7.4259259259259265,2.143093510381356,-7.233333333333334,
t1,2026-02-27,2026-02-28 18:00:00,2026-03-01 00:00:00,42.0,0.25051673522191553,0.030353103770959813,0.23680239367454212,0.742715776530936,7.666666666666667,2.5704577581473216,-7.566666666666666,
t1,2026-02-27,2026-02-28 19:00:00,2026-03-01 01:00:00,43.0,0.25013831762053085,0.026634903689872858,0.20825039569880385,0.7287043814376827,7.351851851851852,2.653080746709318,-7.800000000000001,
t1,2026-02-27,2026-02-28 20:00:00,2026-03-01 02:00:00,44.0,0.2249077203740245,0.017263508351491447,0.16965662330113734,0.6850277725341052,6.9259259259259265,2.5865173528242384,-8.0,
t1,2026-02-27,2026-02-28 21:00:00,2026-03-01 03:00:00,45.0,0.18750256970233442,0.01053159086852178,0.11043910905586751,0.6760536479121713,6.666666666666667,2.5704577581473216,-8.033333333333333,
t1,2026-02-27,2026-02-28 22:00:00,2026-03-01 04:00:00,46.0,0.17363181642270875,0.007382250087934544,0.10194012277968627,0.6348984599150483,6.638888888888889,2.683252816827432,-7.966666666666666,
t1,2026-02-27,2026-02-28 23:00:00,2026-03-01 05:00:00,47.0,0.16010345277260885,0.007904698564053427,0.07967668492177636,0.5768173686271894,6.546296296296297,2.584129706003273,-7.766666666666667,
t2,2026-01-29,2026-01-30 00:00:00,2026-01-30 06:00:00,24.0,0.8627224165615218,0.5802237660972466,0.9112405114064068,0.9459919047705824,12.444444444444445,0.8988160937424128,-3.833333333333334,0.685
t2,2026-01-29,2026-01-30 01:00:00,2026-01-30 07:00:00,25.0,0.8115941767767216,0.49257938698362314,0.9026600962980864,0.9487458352330125,12.629629629629628,1.3795053386717528,-4.033333333333333,0.49500000000000005
t2,2026-01-29,2026-01-30 02:00:00,2026-01-30 08:00:00,26.0,0.8413731907216342,0.5271052416108117,0.9108763773174025,0.9471435944608874,12.685185185185185,1.50214181792275,-4.133333333333333,0.5233333333333333
t2,2026-01-29,2026-01-30 03:00:00,2026-01-30 09:00:00,27.0,0.8625428980019717,0.5729573427645211,0.915002477281152,0.9460305818059166,12.731481481481481,1.5441879616501841,-3.6999999999999997,0.7983333333333333
t2,2026-01-29,2026-01-30 04:00:00,2026-01-30 10:00:00,28.0,0.8800939541166246,0.6829691252260098,0.9264595587946447,0.9428587320939322,12.981481481481481,1.6150176138371097,-2.1,0.9466666666666667
t2,2026-01-29,2026-01-30 05:00:00,2026-01-30 11:00:00,29.0,0.8885968388865526,0.6867850642340685,0.9266029370397313,0.942278820068825,13.24074074074074,2.173126646992373,-0.43333333333333335,0.9716666666666667
t2,2026-01-29,2026-01-30 06:00:00,2026-01-30 12:00:00,30.0,0.8653567355086959,0.5647930770135039,0.9231226721384215,0.94304665944972,12.944444444444443,3.937101929711532,0.5666666666666668,0.9766666666666666
t2,2026-01-29,2026-01-30 07:00:00,2026-01-30 13:00:00,31.0,0.8770402935714493,0.5633086028200439,0.924573887000533,0.9405217744379295,13.074074074074074,4.022154439780819,1.5999999999999999,0.985
t2,2026-01-29,2026-01-30 08:00:00,2026-01-30 14:00:00,32.0,0.8734023437935667,0.5724704276438838,0.9187360237308347,0.9405529406695434,12.75,3.8742781087833027,2.466666666666667,0.9733333333333333
t2,2026-01-29,2026-01-30 09:00:00,2026-01-30 15:00:00,33.0,0.8660996248429164,0.5546627488367929,0.9152584791298362,0.9403176546806687,12.5,3.732159206904097,2.8000000000000003,0.9666666666666667
t2,2026-01-29,2026-01-30 10:00:00,2026-01-30 16:00:00,34.0,0.8601319660603358,0.5361509414790622,0.9024713045503722,0.9440153569826373,12.018518518518519,3.4601270820402417,2.466666666666667,0.9683333333333333
t2,2026-01-29,2026-01-30 11:00:00,2026-01-30 17:00:00,35.0,0.849410423648386,0.41704621614935233,0.8917029149067704,0.9458512492393365,11.361111111111112,3.3983247506839476,1.3333333333333333,0.985
t2,2026-01-29,2026-01-30 12:00:00,2026-01-30 18:00:00,36.0,0.8600440853365315,0.5984769867589818,0.9003428447541936,0.9473092184608934,12.425925925925926,1.3264676629700969,-0.09999999999999994,0.7883333333333334
t2,2026-01-29,2026-01-30 13:00:00,2026-01-30 19:00:00,37.0,0.7856497775487614,0.4306187962029221,0.8546750773608303,0.9604075206672358,11.962962962962962,1.7719812909489905,-0.9,0.82
t2,2026-01-29,2026-01-30 14:00:00,2026-01-30 20:00:00,38.0,0.7073554178491265,0.3112251385770036,0.7691764214500292,0.9815402675254965,11.388888888888891,2.128401417165614,-1.4333333333333333,0.6033333333333334
t2,2026-01-29,2026-01-30 15:00:00,2026-01-30 21:00:00,39.0,0.6735112769874394,0.1955564516697178,0.7285968209346616,0.978321255738467,10.833333333333334,2.3305207916888078,-1.8,0.5783333333333333
t2,2026-01-29,2026-01-30 16:00:00,2026-01-30 22:00:00,40.0,0.599258535304657,0.14072368084233589,0.6482845572112725,0.9633252986497609,10.277777777777779,2.574357165355036,-2.1,0.26333333333333336
t2,2026-01-29,2026-01-30 17:00:00,2026-01-30 23:00:00,41.0,0.5199206819817497,0.09839789884234212,0.5714094023215988,0.9578583514669923,10.231481481481481,2.908630905573268,-2.3000000000000003,0.145
t2,2026-01-29,2026-01-30 18:00:00,2026-01-31 00:00:00,42.0,0.48964210985813406,0.0894714476778043,0.4726846260623825,0.9659625242393195,9.222222222222223,4.537991207299863,-2.6,0.15333333333333335
t2,2026-01-29,2026-01-30 19:00:00,2026-01-31 01:00:00,43.0,0.463647242325827,0.07881819143352509,0.4885873788904982,0.9998871015514974,9.444444444444445,4.55326839604473,-2.733333333333333,0.11666666666666665
t2,2026-01-29,2026-01-30 20:00:00,2026-01-31 02:00:00,44.0,0.5497954650927717,0.06280950445362643,0.5633573744537279,0.9849376571330023,9.712962962962962,4.194751031228406,-2.733333333333333,0.16
t2,2026-01-29,2026-01-30 21:00:00,2026-01-31 03:00:00,45.0,0.6488432810012146,0.10874703513333084,0.6728738461828558,0.970369976812582,10.055555555555555,3.9111466223135345,-2.8333333333333335,0.12166666666666666
t2,2026-01-29,2026-01-30 22:00:00,2026-01-31 04:00:00,46.0,0.6947731937304501,0.1281149340127753,0.7336065835693457,0.9627273675552578,10.481481481481483,3.2914420145248533,-3.233333333333333,0.07166666666666667
t2,2026-01-29,2026-01-30 23:00:00,2026-01-31 05:00:00,47.0,0.6750452958350954,0.18444405219940985,0.7429343335592673,0.9720227968550645,11.388888888888891,3.0872097754332906,-3.533333333333333,0.10666666666666667
t2,2026-01-30,2026-01-31 00:00:00,2026-01-31 06:00:00,24.0,0.7663654230670915,0.363570405495444,0.8553149653114172,0.9558492968058417,12.398148148148147,2.2761398808512725,-2.6999999999999997,0.10333333333333333
t2,2026-01-30,2026-01-31 01:00:00,2026-01-31 07:00:00,25.0,0.7806651991150676,0.39292653201136174,0.8800734206186509,0.9516481421109138,12.546296296296296,2.211315828974515,-2.8666666666666667,0.4716666666666667
t2,2026-01-30,2026-01-31 02:00:00,2026-01-31 08:00:00,26.0,0.8083026046227488,0.46657746651688475,0.8991684811329452,0.948086912935411,12.842592592592593,1.932569559648671,-3.0,0.48
t2,2026-01-30,2026-01-31 03:00:00,2026-01-31 09:00:00,27.0,0.8294151011832585,0.5062678663569884,0.9082576470300457,0.9461995111043101,12.925925925925926,1.6947479995247103,-2.466666666666667,0.6583333333333333
t2,2026-01-30,2026-01-31 04:00:00,2026-01-31 10:00:00,28.0,0.8830719428282758,0.6851539432665033,0.9272097202881479,0.9424337941615457,13.018518518518519,1.6796561719492114,-0.39999999999999997,0.9383333333333334
t2,2026-01-30,2026-01-31 05:00:00,2026-01-31 11:00:00,29.0,0.8816542875366821,0.6663176508704953,0.927783469571843,0.9397558202286975,13.305555555555557,2.2496570383334995,1.6666666666666667,0.9766666666666666
t2,2026-01-30,2026-01-31 06:00:00,2026-01-31 12:00:00,30.0,0.8840329918083977,0.6578475320257164,0.9275368335891078,0.9379497656798763,12.796296296296298,2.927932387512325,3.366666666666667,0.9683333333333333
t2,2026-01-30,2026-01-31 07:00:00,2026-01-31 13:00:00,31.0,0.8835154734013735,0.6637683708959181,0.9262065279861592,0.9359310489739932,12.722222222222223,3.2478625449841787,4.699999999999999,0.9766666666666666
t2,2026-01-30,2026-01-31 08:00:00,2026-01-31 14:00:00,32.0,0.8670605319551042,0.5924764861583709,0.9113554812387339,0.937226398130001,12.592592592592593,3.215790195949067,5.766666666666667,0.8933333333333332
t2,2026-01-30,2026-01-31 09:00:00,2026-01-31 15:00:00,33.0,0.8639170083311627,0.5571582166997406,0.913313575189928,0.9360001064602192,11.75925925925926,2.42707422639101,6.133333333333333,0.9
t2,2026-01-30,2026-01-31 10:00:00,2026-01-31 16:00:00,34.0,0.8115872549307497,0.5089105362427179,0.905382887164698,0.9403628593038188,11.046296296296296,1.8801540957773422,5.766666666666667,0.94
t2,2026-01-30,2026-01-31 11:00:00,2026-01-31 17:00:00,35.0,0.7254010225994157,0.32189177560313653,0.7717016509687655,0.9608463865164943,10.555555555555555,1.376892636821526,4.366666666666666,0.8566666666666666
t2,2026-01-30,2026-01-31 12:00:00,2026-01-31 18:00:00,36.0,0.5908708413530243,0.10010965047526271,0.5944673775231525,0.9748428525398318,10.092592592592593,1.0297778337249621,2.533333333333333,0.8250000000000001
t2,2026-01-30,2026-01-31 13:00:00,2026-01-31 19:00:00,37.0,0.33314103889728996,0.037274807637358354,0.23486137565978138,0.8541785749267069,8.916666666666666,1.647341667020304,1.2333333333333334,0.8833333333333333
t2,2026-01-30,2026-01-31 14:00:00,2026-01-31 20:00:00,38.0,0.1612387671603354,0.0,0.09674802982743,0.6538000991091043,7.166666666666667,2.242442726741543,0.5666666666666667,0.3516666666666666
t2,2026-01-30,2026-01-31 15:00:00,2026-01-31 21:00:00,39.0,0.1567862899598423,0.0,0.0864599419404462,0.5967526552842208,5.055555555555556,3.4888490797445755,-0.20000000000000004,0.02666666666666667
t2,2026-01-30,2026-01-31 16:00:00,2026-01-31 22:00:00,40.0,0.1331888959537743,0.0,0.06424241733345976,0.4298498923461699,5.305555555555556,0.4819264325804855,-0.8666666666666667,0.02
t2,2026-01-30,2026-01-31 17:00:00,2026-01-31 23:00:00,41.0,0.130738912703247,0.0,0.042221401699378845,0.5597463749187074,5.435185185185186,2.394427257822654,-1.4333333333333333,0.19999999999999998
t2,2026-01-30,2026-01-31 18:00:00,2026-02-01 00:00:00,42.0,0.04159230007512848,0.0,0.0,0.24154971350113902,3.6203703703703702,1.8194621147007366,-2.066666666666667,
t2,2026-01-30,2026-01-31 19:00:00,2026-02-01 01:00:00,43.0,0.025123779935600492,0.0,0.0,0.16474670519605017,3.2870370370370376,2.1463314476398034,-2.3666666666666667,
t2,2026-01-30,2026-01-31 20:00:00,2026-02-01 02:00:00,44.0,0.011624308136784577,0.0,0.0,0.1460475074651428,2.8518518518518516,2.152792712015105,-2.433333333333333,
t2,2026-01-30,2026-01-31 21:00:00,2026-02-01 03:00:00,45.0,0.014140451082017079,0.0,0.0,0.15001500435597534,2.6203703703703702,3.1102842816625627,-2.5,
t2,2026-01-30,2026-01-31 22:00:00,2026-02-01 04:00:00,46.0,0.025041690853635883,0.0,0.0,0.21401242107599913,3.3333333333333335,4.259068031133943,-2.6,
t2,2026-01-30,2026-01-31 23:00:00,2026-02-01 05:00:00,47.0,0.041098864800934866,0.0,0.0,0.28345599508966224,4.166666666666667,5.389747926948846,-2.866666666666667,
t2,2026-01-31,2026-02-01 00:00:00,2026-02-01 06:00:00,24.0,0.10233984742703324,0.0,0.019329970532738827,0.5659121701408623,4.398148148148148,5.554189646901234,-2.6333333333333333,
t2,2026-01-31,2026-02-01 01:00:00,2026-02-01 07:00:00,25.0,0.11689044591828314,0.0,0.04915186304869683,0.6665245110112034,5.638888888888889,5.2779970714675235,-2.766666666666667,
t2,2026-01-31,2026-02-01 02:00:00,2026-02-01 08:00:00,26.0,0.10537812278321225,0.0,0.07443732401924252,0.7342582498988267,6.777777777777779,4.150338376804393,-2.766666666666667,
t2,2026-01-31,2026-02-01 03:00:00,2026-02-01 09:00:00,27.0,0.20233400692206083,0.0,0.14158120471020008,0.7856788940259031,7.546296296296297,2.208697267938542,-2.266666666666667,
t2,2026-01-31,2026-02-01 04:00:00,2026-02-01 10:00:00,28.0,0.3374018526518874,0.0,0.3135490119086257,0.8939156570031326,8.62962962962963,2.3950716717370275,-0.4666666666666666,
t2,2026-01-31,2026-02-01 05:00:00,2026-02-01 11:00:00,29.0,0.3694868348674956,0.0,0.31487378113175285,0.8887900585155066,8.250000000000002,2.3575135991909724,1.8333333333333333,
t2,2026-01-31,2026-02-01 06:00:00,2026-02-01 12:00:00,30.0,0.2873732587845663,0.0,0.2524809547846655,0.7510976712376058,7.324074074074075,2.8977339663809203,3.2000000000000006,
t2,2026-01-31,2026-02-01 07:00:00,2026-02-01 13:00:00,31.0,0.21895439652013682,0.0,0.18618508023532576,0.7553673030249033,7.027777777777778,3.738046793067269,4.3999999999999995,
t2,2026-01-31,2026-02-01 08:00:00,2026-02-01 14:00:00,32.0,0.24644925891655467,0.0,0.21942091612321352,0.7608181803685323,6.842592592592593,3.6885221258996173,5.400000000000001,
t2,2026-01-31,2026-02-01 09:00:00,2026-02-01 15:00:00,33.0,0.21961915778844388,0.0,0.17442378223662963,0.7072238755278266,6.5,3.57147045830816,5.8,
t2,2026-01-31,2026-02-01 10:00:00,2026-02-01 16:00:00,34.0,0.2139544544270635,0.0,0.18454776950085738,0.7061393037139487,6.583333333333333,3.452834763094604,5.166666666666667,
t2,2026-01-31,2026-02-01 11:00:00,2026-02-01 17:00:00,35.0,0.20834965464583993,0.0,0.15229384441992466,0.6912056651757207,6.916666666666667,3.329975160252886,3.6999999999999997,
t2,2026-01-31,2026-02-01 12:00:00,2026-02-01 18:00:00,36.0,0.21541473200262656,0.0,0.16615997393260123,0.6600111095103447,6.287037037037037,3.340540048993582,2.0,
t2,2026-01-31,2026-02-01 13:00:00,2026-02-01 19:00:00,37.0,0.18966506280274198,0.0,0.17492333694359957,0.6069789903161469,6.777777777777778,3.3555969460287582,0.8000000000000002,
t2,2026-01-31,2026-02-01 14:00:00,2026-02-01 20:00:00,38.0,0.21608433184348075,0.0,0.1987553002592603,0.6180745857302533,7.018518518518519,2.944619142266809,0.3,
t2,2026-01-31,2026-02-01 15:00:00,2026-02-01 21:00:00,39.0,0.21311366900380158,0.0,0.19616186082173748,0.6247812347316475,7.314814814814816,2.8087623770150048,-0.1333333333333334,
t2,2026-01-31,2026-02-01 16:00:00,2026-02-01 22:00:00,40.0,0.24933474090075064,0.0,0.21021249565847738,0.6492152640705999,7.500000000000001,2.530523539253498,-0.2333333333333333,
t2,2026-01-31,2026-02-01 17:00:00,2026-02-01 23:00:00,41.0,0.2592393875640155,0.0,0.20887932896943479,0.6869244522013889,7.694444444444444,2.550114981673,-0.6,
t2,2026-01-31,2026-02-01 18:00:00,2026-02-02 00:00:00,42.0,0.19650041591831546,0.0,0.17897975744479167,0.7110660261195659,7.796296296296297,2.619421369836705,-0.7999999999999999,
t2,2026-01-31,2026-02-01 19:00:00,2026-02-02 01:00:00,43.0,0.31572256285002176,0.0,0.245118148214732,0.7522973489914728,8.0,3.0224213578185175,-0.9666666666666667,
t2,2026-01-31,2026-02-01 20:00:00,2026-02-02 02:00:00,44.0,0.4351550978010093,0.009490164278278812,0.34547030348330066,0.9463508552542567,8.481481481481481,3.328855016392965,-1.1333333333333333,
t2,2026-01-31,2026-02-01 21:00:00,2026-02-02 03:00:00,45.0,0.5035962127558757,0.06012273602508028,0.4581312675656146,1.0,9.055555555555555,3.0815810836823103,-1.366666666666667,
t2,2026-01-31,2026-02-01 22:00:00,2026-02-02 04:00:00,46.0,0.5499889668118064,0.13093989316101645,0.555284743373869,0.9966720291052442,9.814814814814815,2.3863574011640702,-1.6333333333333335,
t2,2026-01-31,2026-02-01 23:00:00,2026-02-02 05:00:00,47.0,0.6244475462286553,0.2389391245933153,0.6375776220936704,0.9892149123373023,10.36111111111111,1.927705730321941,-1.8333333333333333,
t2,2026-02-01,2026-02-02 00:00:00,2026-02-02 06:00:00,24.0,0.7558738417485164,0.4278414002475507,0.8171554933607024,0.9720363393024372,11.101851851851853,1.307130649544805,-1.7666666666666666,
t2,2026-02-01,2026-02-02 01:00:00,2026-02-02 07:00:00,25.0,0.7854348568940391,0.48180659960916555,0.8458216023126898,0.9629391976491707,11.481481481481481,1.1153852976168908,-1.8333333333333333,
t2,2026-02-01,2026-02-02 02:00:00,2026-02-02 08:00:00,26.0,0.758619594800332,0.4573413310686627,0.8352471986635078,0.964878906000058,11.740740740740742,1.0323970270197296,-1.9000000000000001,
t2,2026-02-01,2026-02-02 03:00:00,2026-02-02 09:00:00,27.0,0.770740839776129,0.43978417779242956,0.8649134824231541,0.9590701909661254,12.101851851851853,1.4662702887499235,-1.0333333333333334,
t2,2026-02-01,2026-02-02 04:00:00,2026-02-02 10:00:00,28.0,0.8327630561274002,0.6101571079556707,0.8854039311737918,0.9560961821490739,12.148148148148147,1.12811069707541,0.8999999999999999,
t2,2026-02-01,2026-02-02 05:00:00,2026-02-02 11:00:00,29.0,0.8734088711505575,0.6848858179184603,0.893561777604672,0.9514375562808983,12.537037037037038,1.5836581862980428,3.1999999999999997,
t2,2026-02-01,2026-02-02 06:00:00,2026-02-02 12:00:00,30.0,0.8886095780149179,0.6829155262419807,0.9241934604259205,0.9428952283933234,11.842592592592593,1.7849969164593942,5.433333333333334,
t2,2026-02-01,2026-02-02 07:00:00,2026-02-02 13:00:00,31.0,0.8916189694574643,0.6910514150328223,0.9269027145130475,0.9408640449161124,12.333333333333334,1.9545372980280313,6.8,
t2,2026-02-01,2026-02-02 08:00:00,2026-02-02 14:00:00,32.0,0.8880442444506117,0.6746839614974651,0.9250329505630027,0.9405103149758914,12.527777777777779,1.9955583395179788,7.6000000000000005,
t2,2026-02-01,2026-02-02 09:00:00,2026-02-02 15:00:00,33.0,0.847683464960548,0.5564637749042644,0.9056632778987218,0.9468664944626889,12.407407407407407,1.8799488873184929,7.766666666666667,
t2,2026-02-01,2026-02-02 10:00:00,2026-02-02 16:00:00,34.0,0.8092575143909022,0.49982097941619386,0.9019404432749644,0.9454528069269725,11.851851851851853,1.1153852976168896,7.133333333333333,
t2,2026-02-01,2026-02-02 11:00:00,2026-02-02 17:00:00,35.0,0.6482016243676598,0.15211019230637235,0.7226347602086131,0.9843818299785171,10.657407407407408,1.2201160303725291,5.6000000000000005,
t2,2026-02-01,2026-02-02 12:00:00,2026-02-02 18:00:00,36.0,0.3626876507848592,0.0,0.35924043337400324,0.9202558069362476,8.935185185185187,3.0878761995695867,3.4333333333333336,
t2,2026-02-01,2026-02-02 13:00:00,2026-02-02 19:00:00,37.0,0.2130451573203369,0.0,0.16367525317503506,0.7830006374084482,7.26851851851852,3.679306217031022,2.0333333333333337,
t2,2026-02-01,2026-02-02 14:00:00,2026-02-02 20:00:00,38.0,0.1940330956992223,0.0,0.11910516049653927,0.7324437231873081,6.2592592592592595,3.402333682282899,1.1666666666666667,
t2,2026-02-01,2026-02-02 15:00:00,2026-02-02 21:00:00,39.0,0.16983352137204002,0.0,0.09641362467414036,0.6931512968190217,5.564814814814816,3.125257191062532,0.7333333333333334,
t2,2026-02-01,2026-02-02 16:00:00,2026-02-02 22:00:00,40.0,0.17130350445169354,0.0,0.11508390356278081,0.6629379458594591,5.657407407407407,2.760688170901367,0.36666666666666664,
t2,2026-02-01,2026-02-02 17:00:00,2026-02-02 23:00:00,41.0,0.188211117494186,0.0,0.13944573431261262,0.6404253747171761,5.888888888888889,2.3575135991909724,-0.16666666666666666,
t2,2026-02-01,2026-02-02 18:00:00,2026-02-03 00:00:00,42.0,0.20967763216238858,0.0,0.15496084133600618,0.6934479197945399,5.907407407407407,2.294204543103493,-0.5333333333333333,
t2,2026-02-01,2026-02-02 19:00:00,2026-02-03 01:00:00,43.0,0.30329684875435814,0.0,0.2598561269221886,0.8274839924962595,6.731481481481481,1.9112914428270402,-0.3333333333333333,
t2,2026-02-01,2026-02-02 20:00:00,2026-02-03 02:00:00,44.0,0.4237937505090146,0.004649715024457657,0.4214970723525766,0.9806683310327947,8.092592592592593,1.550670238735629,-0.16666666666666666,
t2,2026-02-01,2026-02-02 21:00:00,2026-02-03 03:00:00,45.0,0.5241869173810745,0.06976402393159442,0.4774975641503433,1.0,9.13888888888889,1.6189941245442006,0.03333333333333351,
t2,2026-02-01,2026-02-02 22:00:00,2026-02-03 04:00:00,46.0,0.5724278503315537,0.06004227505025711,0.54208169239704,1.0,9.879629629629632,1.5970007898037324,0.0,
t2,2026-02-01,2026-02-02 23:00:00,2026-02-03 05:00:00,47.0,0.5202210323977279,0.037382614069609243,0.46673185989755184,0.984015878950092,10.296296296296296,2.0158196364219587,-0.30000000000000004,
t2,2026-02-02,2026-02-03 00:00:00,2026-02-03 06:00:00,24.0,0.5099421613398877,0.0341100044380242,0.43390228126244657,0.9735793590007327,9.61111111111111,1.7094057158072706,-0.6,
t2,2026-02-02,2026-02-03 01:00:00,2026-02-03 07:00:00,25.0,0.3470724931892532,0.0,0.3091880300288173,0.9156331921629495,8.981481481481483,1.2254796658952094,-0.9666666666666668,
t2,2026-02-02,2026-02-03 02:00:00,2026-02-03 08:00:00,26.0,0.29316288366858234,0.0,0.15948864887037467,0.7415049346254978,8.083333333333334,0.8753306253660414,-1.2999999999999998,
t2,2026-02-02,2026-02-03 03:00:00,2026-02-03 09:00:00,27.0,0.1708066400447704,0.0,0.05805777465826719,0.5351055299880196,6.685185185185186,1.1007619882302035,-0.7333333333333334,
t2,2026-02-02,2026-02-03 04:00:00,2026-02-03 10:00:00,28.0,0.06768085136720015,0.0,0.00832635966967405,0.35038245297662163,4.407407407407407,2.293363569281014,1.2666666666666668,
t2,2026-02-02,2026-02-03 05:00:00,2026-02-03 11:00:00,29.0,0.05531731382533741,0.0,0.0,0.31624700151538776,2.861111111111111,2.9059326290271157,3.2999999999999994,
t2,2026-02-02,2026-02-03 06:00:00,2026-02-03 12:00:00,30.0,0.03526067250433392,0.0,0.0,0.2835948818886264,3.638888888888889,3.0551767441952693,4.966666666666666,
t2,2026-02-02,2026-02-03 07:00:00,2026-02-03 13:00:00,31.0,0.02949328602499151,0.0,0.0,0.2371938705588767,3.361111111111111,2.7021653411411006,6.166666666666667,
t2,2026-02-02,2026-02-03 08:00:00,2026-02-03 14:00:00,32.0,0.026442045965449697,0.0,0.0,0.22023458712469157,2.8981481481481484,2.6610666508309424,6.8999999999999995,
t2,2026-02-02,2026-02-03 09:00:00,2026-02-03 15:00:00,33.0,0.02956928321420644,0.0,0.0,0.20975449365162432,3.1018518518518516,1.6537306621335466,7.266666666666666,
t2,2026-02-02,2026-02-03 10:00:00,2026-02-03 16:00:00,34.0,0.06384052983351335,0.0,0.007649585564273913,0.2868324464191526,3.305555555555556,0.9941961204540712,6.766666666666666,
t2,2026-02-02,2026-02-03 11:00:00,2026-02-03 17:00:00,35.0,0.1820539195515055,0.0,0.07882386833319699,0.5490713338766867,3.5462962962962963,2.2247092564468205,5.5,
t2,2026-02-02,2026-02-03 12:00:00,2026-02-03 18:00:00,36.0,0.3687222893811728,0.0,0.27718600814930533,0.8134982802132209,5.416666666666667,2.766504903793964,4.133333333333334,
t2,2026-02-02,2026-02-03 13:00:00,2026-02-03 19:00:00,37.0,0.5359489356288106,0.0,0.39794660262684944,0.9731199216616355,6.592592592592593,2.0169676339034277,3.1666666666666665,
t2,2026-02-02,2026-02-03 14:00:00,2026-02-03 20:00:00,38.0,0.554764448999085,0.0,0.4899170006510568,0.9920738628937663,7.555555555555557,1.1121522899537557,2.6,
t2,2026-02-02,2026-02-03 15:00:00,2026-02-03 21:00:00,39.0,0.5771406623543014,0.0,0.5093810899295352,1.0,7.712962962962963,1.017718541054738,2.733333333333333,
t2,2026-02-02,2026-02-03 16:00:00,2026-02-03 22:00:00,40.0,0.5865599844662819,0.0,0.552192667740205,1.0,7.916666666666667,0.7474235581707617,2.733333333333333,
t2,2026-02-02,2026-02-03 17:00:00,2026-02-03 23:00:00,41.0,0.6018142662855313,0.0,0.5575299386203272,1.0,8.092592592592593,0.49404894710941155,2.733333333333333,
t2,2026-02-02,2026-02-03 18:00:00,2026-02-04 00:00:00,42.0,0.5986219970151286,0.0,0.5660595008659427,1.0,7.888888888888889,0.7733006059486146,2.3333333333333335,
t2,2026-02-02,2026-02-03 19:00:00,2026-02-04 01:00:00,43.0,0.5739323497881893,0.0,0.5587415593745825,0.9866495104397587,8.064814814814815,1.3657328938883189,2.433333333333333,
t2,2026-02-02,2026-02-03 20:00:00,2026-02-04 02:00:00,44.0,0.5551863630362944,0.0,0.5010813321508936,1.0,7.768518518518519,1.8572375388517661,2.733333333333333,
t2,2026-02-02,2026-02-03 21:00:00,2026-02-04 03:00:00,45.0,0.5399782721927657,0.0,0.46277500940346256,1.0,7.4907407407407405,2.093923699876705,2.8333333333333335,
t2,2026-02-02,2026-02-03 22:00:00,2026-02-04 04:00:00,46.0,0.5379090026207853,0.0,0.5131011804104233,1.0,7.953703703703705,2.0077652749205908,2.8000000000000003,
t2,2026-02-02,2026-02-03 23:00:00,2026-02-04 05:00:00,47.0,0.5377573909788613,0.0,0.48399288282283703,0.9971384220085486,7.981481481481481,1.87666250026948,2.733333333333333,
t2,2026-02-03,2026-02-04 00:00:00,2026-02-04 06:00:00,24.0,0.5399164164405396,0.11794888839452772,0.614108756307462,1.0,9.416666666666666,0.6735753140545631,2.8000000000000003,
t2,2026-02-03,2026-02-04 01:00:00,2026-02-04 07:00:00,25.0,0.5242378155037933,0.0,0.5282259022464215,1.0,9.564814814814815,2.6825817519634096,2.6333333333333333,
t2,2026-02-03,2026-02-04 02:00:00,2026-02-04 08:00:00,26.0,0.42035949204489315,0.0,0.39738534323255453,1.0,8.407407407407407,3.0360912032148653,2.566666666666667,
t2,2026-02-03,2026-02-04 03:00:00,2026-02-04 09:00:00,27.0,0.3808693964374785,0.0,0.3036131176841764,1.0,7.62962962962963,3.4118454391152486,2.866666666666667,
t2,2026-02-03,2026-02-04 04:00:00,2026-02-04 10:00:00,28.0,0.2703786497279139,0.0,0.1381475893262596,0.9221624019570296,6.75,2.9108407423217937,3.366666666666667,
t2,2026-02-03,2026-02-04 05:00:00,2026-02-04 11:00:00,29.0,0.25579047188376247,0.0,0.1590695768267947,0.8353914594845431,5.518518518518519,3.1630502416616344,3.7999999999999994,
t2,2026-02-03,2026-02-04 06:00:00,2026-02-04 12:00:00,30.0,0.2153849379155287,0.0,0.1175025213517862,0.7729114394813285,5.453703703703703,2.431203617306988,4.333333333333333,
t2,2026-02-03,2026-02-04 07:00:00,2026-02-04 13:00:00,31.0,0.1835706785093527,0.0,0.10151864154132996,0.6574040012040032,4.87962962962963,2.217413779228577,5.033333333333334,
t2,2026-02-03,2026-02-04 08:00:00,2026-02-04 14:00:00,32.0,0.16448515529887253,0.0,0.09912437092241447,0.63862233486003,4.814814814814816,2.4743020797576447,5.8999999999999995,
t2,2026-02-03,2026-02-04 09:00:00,2026-02-04 15:00:00,33.0,0.1587205854879722,0.0,0.09553534614775329,0.5763570941450307,4.814814814814815,2.7619456224551517,6.466666666666666,
t2,2026-02-03,2026-02-04 10:00:00,2026-02-04 16:00:00,34.0,0.14222107982754822,0.0,0.06474375778451173,0.5551437829300357,4.777777777777778,2.7768053853570924,6.166666666666667,
t2,2026-02-03,2026-02-04 11:00:00,2026-02-04 17:00:00,35.0,0.13975578807943184,0.0,0.0955728108484507,0.4841247436895887,4.268518518518518,3.2315876030542623,5.3,
t2,2026-02-03,2026-02-04 12:00:00,2026-02-04 18:00:00,36.0,0.13710768265462092,0.0,0.07875086211984401,0.37186889250234567,4.231481481481482,1.1153852976168899,4.2,
t2,2026-02-03,2026-02-04 13:00:00,2026-02-04 19:00:00,37.0,0.2691326468980545,0.0,0.1364892671155885,0.7148315811893007,3.574074074074074,4.773603904670257,2.6333333333333333,
t2,2026-02-03,2026-02-04 14:00:00,2026-02-04 20:00:00,38.0,0.47656647135772273,0.0,0.355660266454887,0.9989591306242067,5.87962962962963,4.181209189704079,1.6666666666666667,
t2,2026-02-03,2026-02-04 15:00:00,2026-02-04 21:00:00,39.0,0.5837073324289742,0.011795374269001013,0.5733325632701374,1.0,8.361111111111112,2.896890627663043,0.8000000000000002,
t2,2026-02-03,2026-02-04 16:00:00,2026-02-04 22:00:00,40.0,0.7418861781535802,0.14795261990004194,0.7389594618137356,1.0,10.268518518518519,1.4156677669345477,0.43333333333333335,
t2,2026-02-03,2026-02-04 17:00:00,2026-02-04 23:00:00,41.0,0.8292383618341883,0.37912456701175556,0.8414699737884469,0.9784046787956487,11.055555555555557,1.0456405680399286,0.3666666666666667,
t2,2026-02-03,2026-02-04 18:00:00,2026-02-05 00:00:00,42.0,0.8464639289304862,0.5845601030592341,0.8856375933511988,0.9729968136142081,11.564814814814815,1.073794663529237,0.26666666666666666,
t2,2026-02-03,2026-02-04 19:00:00,2026-02-05 01:00:00,43.0,0.8973739952520646,0.6662087278933511,0.936252247293364,0.9609674976130137,12.416666666666666,1.0107447443700146,0.3,
t2,2026-02-03,2026-02-04 20:00:00,2026-02-05 02:00:00,44.0,0.9018478822410754,0.7742792463655723,0.9447570804966939,0.960329324391666,13.601851851851853,0.7506855577299745,0.5,
t2,2026-02-03,2026-02-04 21:00:00,2026-02-05 03:00:00,45.0,0.9106560781947717,0.8288603644595071,0.9450027407927105,0.9605599463181256,14.25,0.8282250842153096,0.6,
t2,2026-02-03,2026-02-04 22:00:00,2026-02-05 04:00:00,46.0,0.9127880776273027,0.8309721098095559,0.9452156985912846,0.9604272964128892,14.685185185185185,0.5933877766671151,0.5666666666666668,
t2,2026-02-03,2026-02-04 23:00:00,2026-02-05 05:00:00,47.0,0.9131380490706498,0.8339292683292118,0.9452156985912846,0.9603863622189894,15.148148148148147,0.8855550908498248,0.6666666666666666,
t2,2026-02-04,2026-02-05 00:00:00,2026-02-05 06:00:00,24.0,0.9113310104943979,0.7897165933883975,0.9437429072127161,0.9579781423583533,16.055555555555557,1.9722222222222223,0.5666666666666667,
t2,2026-02-04,2026-02-05 01:00:00,2026-02-05 07:00:00,25.0,0.9134870261080367,0.7449942716190442,0.9437429072127161,0.957484192492158,16.84259259259259,2.6447790015572563,0.6,
t2,2026-02-04,2026-02-05 02:00:00,2026-02-05 08:00:00,26.0,0.9014261557699871,0.7199442559362852,0.9437429072127161,0.9573223984341803,17.26851851851852,2.8725947175894193,0.5333333333333333,
t2,2026-02-04,2026-02-05 03:00:00,2026-02-05 09:00:00,27.0,0.9029059040631426,0.7765224917085243,0.9437702670031367,0.9567237430049631,17.305555555555557,3.156049452741219,1.0333333333333332,
t2,2026-02-04,2026-02-05 04:00:00,2026-02-05 10:00:00,28.0,0.9074731183774736,0.7834517036507901,0.9437702670031367,0.9538824977728934,17.09259259259259,3.3925678270161903,2.533333333333333,
t2,2026-02-04,2026-02-05 05:00:00,2026-02-05 11:00:00,29.0,0.9157048073043149,0.7898960561503995,0.9437702670031367,0.9526357988319698,16.39814814814815,2.9664187023573514,3.9333333333333336,
t2,2026-02-04,2026-02-05 06:00:00,2026-02-05 12:00:00,30.0,0.9156724051125992,0.7898960561503995,0.9437702670031367,0.9514955715830811,16.39814814814815,3.171333468287148,5.0,
t2,2026-02-04,2026-02-05 07:00:00,2026-02-05 13:00:00,31.0,0.9195369346998389,0.7992982985743663,0.9437702670031367,0.9505960545708265,16.0,3.0373193184081417,5.833333333333333,
t2,2026-02-04,2026-02-05 08:00:00,2026-02-05 14:00:00,32.0,0.9141530639015942,0.7329385378431085,0.943972661429329,0.9499594460430059,15.620370370370372,2.8811773856484475,6.533333333333334,
t2,2026-02-04,2026-02-05 09:00:00,2026-02-05 15:00:00,33.0,0.9192193214462683,0.6982311010819457,0.9441213233998774,0.9495806526800725,15.25925925925926,2.6825817519634096,6.866666666666667,
t2,2026-02-04,2026-02-05 10:00:00,2026-02-05 16:00:00,34.0,0.9086187084826287,0.6369129945865246,0.9407034745924729,0.9500432097859894,14.731481481481481,2.7434452372058233,6.633333333333333,
t2,2026-02-04,2026-02-05 11:00:00,2026-02-05 17:00:00,35.0,0.8479310379522766,0.58903135635199,0.9078135431393207,0.9544862395819533,13.861111111111109,2.577652056321176,5.766666666666667,
t2,2026-02-04,2026-02-05 12:00:00,2026-02-05 18:00:00,36.0,0.8408019490783154,0.5294340177929971,0.8984549575166917,0.9564887143402403,12.138888888888888,1.2536982329329731,4.333333333333333,
t2,2026-02-04,2026-02-05 13:00:00,2026-02-05 19:00:00,37.0,0.8075285205757898,0.46993346654954493,0.8786842019719342,0.9567850570746377,11.518518518518519,0.7828866601454811,3.266666666666667,
t2,2026-02-04,2026-02-05 14:00:00,2026-02-05 20:00:00,38.0,0.7737230182991133,0.4554476752864152,0.8757708741480422,0.9578365209979651,11.203703703703704,0.8811877039242698,2.5,
t2,2026-02-04,2026-02-05 15:00:00,2026-02-05 21:00:00,39.0,0.7432393548540527,0.44565897755691053,0.8368443334083822,0.9655059478222241,10.879629629629632,0.5985665318108876,2.0666666666666664,
t2,2026-02-04,2026-02-05 16:00:00,2026-02-05 22:00:00,40.0,0.7112046142184225,0.42335594441596197,0.818694981558718,0.9685970277466069,10.870370370370372,0.7245333392403566,1.8999999999999997,
t2,2026-02-04,2026-02-05 17:00:00,2026-02-05 23:00:00,41.0,0.6820727106468208,0.4090689179809605,0.7580920836575291,0.9788932790202425,10.694444444444445,0.409192218407118,1.9666666666666668,
t2,2026-02-04,2026-02-05 18:00:00,2026-02-06 00:00:00,42.0,0.6481398328917819,0.3336182010393988,0.7120724208735962,0.9639712042158567,10.398148148148147,0.331398706818023,1.6333333333333335,
t2,2026-02-04,2026-02-05 19:00:00,2026-02-06 01:00:00,43.0,0.6409511448495389,0.3225156558711941,0.6822031501987403,0.9608898683946944,10.314814814814815,0.34731480247242635,1.5,
t2,2026-02-04,2026-02-05 20:00:00,2026-02-06 02:00:00,44.0,0.616590206502913,0.21680473916851006,0.6238206529551998,0.966610872430808,10.111111111111112,0.4672945511461314,1.5666666666666667,
t2,2026-02-04,2026-02-05 21:00:00,2026-02-06 03:00:00,45.0,0.5352455656532533,0.11777847354155319,0.4961745819438876,0.9712652358656078,9.907407407407407,0.5214040083444851,1.4000000000000001,
t2,2026-02-04,2026-02-05 22:00:00,2026-02-06 04:00:00,46.0,0.42724963814205114,0.05170578331288378,0.33557854484499733,0.938077234289878,9.824074074074074,0.8166540689378561,1.1333333333333333,
t2,2026-02-04,2026-02-05 23:00:00,2026-02-06 05:00:00,47.0,0.31104673265121674,0.0,0.14339259640996366,0.8019116462393439,9.046296296296296,1.1467658943572163,0.8666666666666667,
t2,2026-02-05,2026-02-06 00:00:00,2026-02-06 06:00:00,24.0,0.18329473536026553,0.0,0.08779363895739335,0.5518079425647346,6.62962962962963,3.524203496971457,0.10000000000000002,
t2,2026-02-05,2026-02-06 01:00:00,2026-02-06 07:00:00,25.0,0.09696309104427872,0.0,0.01494315931808065,0.37024799908639394,4.685185185185186,3.1808082545578533,-0.10000000000000002,
t2,2026-02-05,2026-02-06 02:00:00,2026-02-06 08:00:00,26.0,0.06298851805105654,0.0,0.023013866166433763,0.31675305533259257,2.675925925925926,3.116232557078216,-0.20000000000000004,
t2,2026-02-05,2026-02-06 03:00:00,2026-02-06 09:00:00,27.0,0.11722581660006988,0.0,0.048961396630682524,0.3669566317844587,4.101851851851852,0.339450051478211,0.2666666666666666,
t2,2026-02-05,2026-02-06 04:00:00,2026-02-06 10:00:00,28.0,0.18947523161038698,0.0,0.07480114221834445,0.5680594105349819,4.1944444444444455,0.8953756367381223,1.9333333333333333,
t2,2026-02-05,2026-02-06 05:00:00,2026-02-06 11:00:00,29.0,0.4143761762353163,0.0,0.333267284855076,0.8612058093306034,4.018518518518519,2.334876033226385,3.633333333333333,
t2,2026-02-05,2026-02-06 06:00:00,2026-02-06 12:00:00,30.0,0.5802698738118599,0.027579912003169504,0.5034577874496963,0.9864326219180428,6.972222222222222,2.9028774570870546,5.233333333333333,
t2,2026-02-05,2026-02-06 07:00:00,2026-02-06 13:00:00,31.0,0.6425753924596246,0.14792620217326546,0.6496910604989493,0.9921378274729686,10.018518518518519,3.58067659192604,6.3999999999999995,
t2,2026-02-05,2026-02-06 08:00:00,2026-02-06 14:00:00,32.0,0.7994808174339855,0.4541874129170398,0.8877969164516124,0.9644387091936486,13.324074074074074,3.0712140868194435,5.533333333333334,
t2,2026-02-05,2026-02-06 09:00:00,2026-02-06 15:00:00,33.0,0.9040050308548854,0.6973104358558897,0.9451013240313281,0.957393190279366,14.25,1.9774968589508541,5.033333333333334,
t2,2026-02-05,2026-02-06 10:00:00,2026-02-06 16:00:00,34.0,0.9130447335465126,0.8471695455782928,0.9486155967749348,0.9575522620841679,14.703703703703704,0.9305901043890548,4.566666666666666,
t2,2026-02-05,2026-02-06 11:00:00,2026-02-06 17:00:00,35.0,0.9137623239351297,0.8475016811433088,0.9477917408325659,0.9585327588244102,15.861111111111112,0.48828877309019336,4.266666666666667,
t2,2026-02-05,2026-02-06 12:00:00,2026-02-06 18:00:00,36.0,0.913151308179465,0.8632726156802983,0.94863027366271,0.9589032212818511,16.89814814814815,0.5280213862734546,3.6666666666666665,
t2,2026-02-05,2026-02-06 13:00:00,2026-02-06 19:00:00,37.0,0.9203853110141053,0.8551534458984343,0.94863027366271,0.9594068534910297,16.990740740740744,0.5619996631664261,3.133333333333333,
t2,2026-02-05,2026-02-06 14:00:00,2026-02-06 20:00:00,38.0,0.9239443616245839,0.8563539488066828,0.94863027366271,0.9601629128793261,16.462962962962965,0.7372021962727041,2.533333333333333,
t2,2026-02-05,2026-02-06 15:00:00,2026-02-06 21:00:00,39.0,0.9222490607966,0.8454048421793806,0.9478256213299184,0.961705307274272,15.685185185185185,0.23295825232239065,2.066666666666667,
t2,2026-02-05,2026-02-06 16:00:00,2026-02-06 22:00:00,40.0,0.9140469431920984,0.7815157249049981,0.9469779383142071,0.9625849354583718,14.268518518518519,0.7460458177216184,1.7,
t2,2026-02-05,2026-02-06 17:00:00,2026-02-06 23:00:00,41.0,0.8880930435843736,0.6093605579299348,0.9166505443922341,0.9673054286359637,12.962962962962964,0.21032993873334435,1.5,
t2,2026-02-05,2026-02-06 18:00:00,2026-02-07 00:00:00,42.0,0.8156016545820219,0.4824246923694238,0.864544264821229,0.9721775503983134,12.305555555555557,0.5464532103585003,1.1666666666666667,
t2,2026-02-05,2026-02-06 19:00:00,2026-02-07 01:00:00,43.0,0.732790483866243,0.3774679453053583,0.7648360375142984,0.9756245809127966,11.555555555555555,0.9658521472618724,0.9,
t2,2026-02-05,2026-02-06 20:00:00,2026-02-07 02:00:00,44.0,0.5688370687038682,0.21301071826440066,0.6157394579539562,0.9699083235009158,10.425925925925926,0.803797570896692,0.8333333333333334,
t2,2026-02-05,2026-02-06 21:00:00,2026-02-07 03:00:00,45.0,0.43197734081537176,0.06864206199315659,0.4212778164999729,0.8916253214714995,9.00925925925926,1.0993591474033515,0.6,
t2,2026-02-05,2026-02-06 22:00:00,2026-02-07 04:00:00,46.0,0.3276086434586532,0.0,0.23652496358647862,0.8577444087121813,7.601851851851852,1.6801154918170431,0.3,
t2,2026-02-05,2026-02-06 23:00:00,2026-02-07 05:00:00,47.0,0.3135276473587171,0.0,0.20564733591101697,0.8752059375395833,6.592592592592593,2.7047816217578786,0.09999999999999998,
t2,2026-02-06,2026-02-07 00:00:00,2026-02-07 06:00:00,24.0,0.10801750521852627,0.0,0.021128052793726863,0.44989430653056167,5.037037037037037,1.2970566553077738,-0.033333333333333326,
t2,2026-02-06,2026-02-07 01:00:00,2026-02-07 07:00:00,25.0,0.07076162176481457,0.0,0.008096105096768079,0.28596881497134813,3.8333333333333335,1.3143909071467759,-0.1333333333333333,
t2,2026-02-06,2026-02-07 02:00:00,2026-02-07 08:00:00,26.0,0.073629918662078,0.0,0.00559931987720446,0.22923583527689095,2.1018518518518516,1.3620556057852518,-0.3999999999999999,
t2,2026-02-06,2026-02-07 03:00:00,2026-02-07 09:00:00,27.0,0.13765370361854262,0.0,0.023486153928978362,0.44733434653287524,1.6944444444444446,0.9179284245476836,-0.20000000000000004,
t2,2026-02-06,2026-02-07 04:00:00,2026-02-07 10:00:00,28.0,0.2049480816464244,0.0,0.12286591143995157,0.5216646690070692,2.8333333333333335,1.8132315467075102,0.8000000000000002,
t2,2026-02-06,2026-02-07 05:00:00,2026-02-07 11:00:00,29.0,0.29502909627653484,0.0,0.2085686408922147,0.809162870195122,5.953703703703703,2.37939543450534,2.033333333333333,
t2,2026-02-06,2026-02-07 06:00:00,2026-02-07 12:00:00,30.0,0.3798898466944714,0.0,0.28810788558011236,0.9476755965794662,7.120370370370369,2.5811420415550796,3.266666666666667,
t2,2026-02-06,2026-02-07 07:00:00,2026-02-07 13:00:00,31.0,0.4065692976200513,0.0,0.286485223018675,0.8996356301318293,7.25,1.7803800398846734,3.866666666666667,
t2,2026-02-06,2026-02-07 08:00:00,2026-02-07 14:00:00,32.0,0.29145430397008965,0.007021410491875463,0.19428077758507134,0.824304287380422,6.768518518518519,1.4636367412333107,3.9666666666666663,
t2,2026-02-06,2026-02-07 09:00:00,2026-02-07 15:00:00,33.0,0.17707405103396573,0.0,0.09143573568908707,0.6824094557890973,5.5740740740740735,1.4066457490692121,3.9333333333333336,
t2,2026-02-06,2026-02-07 10:00:00,2026-02-07 16:00:00,34.0,0.12130183408213885,0.0,0.0641209368648894,0.34696405444153305,4.361111111111111,1.317908462697384,3.5666666666666664,
t2,2026-02-06,2026-02-07 11:00:00,2026-02-07 17:00:00,35.0,0.1427087676627581,0.0,0.0877943391262616,0.44479502210367566,3.1666666666666665,1.2918906615814985,2.966666666666667,
t2,2026-02-06,2026-02-07 12:00:00,2026-02-07 18:00:00,36.0,0.22172879587509636,0.0,0.1413060196957442,0.6138066387147247,3.0462962962962963,2.2581015552328143,1.5666666666666667,
t2,2026-02-06,2026-02-07 13:00:00,2026-02-07 19:00:00,37.0,0.3079978034755368,0.0,0.2225774477308158,0.8111716876615328,5.518518518518519,3.103454533443702,0.3,
t2,2026-02-06,2026-02-07 14:00:00,2026-02-07 20:00:00,38.0,0.48261249811023443,0.0,0.415945075361404,1.0,7.018518518518519,2.849265301301662,0.23333333333333336,
t2,2026-02-06,2026-02-07 15:00:00,2026-02-07 21:00:00,39.0,0.6199439444258724,0.0013104996903418042,0.585457563462415,1.0,8.185185185185185,2.238884293718288,3.700743415417188e-17,
t2,2026-02-06,2026-02-07 16:00:00,2026-02-07 22:00:00,40.0,0.7264943165503098,0.11694508670387849,0.6986804329515618,1.0,9.666666666666668,2.4354316168789936,-0.19999999999999998,
t2,2026-02-06,2026-02-07 17:00:00,2026-02-07 23:00:00,41.0,0.8455297133773609,0.33030388243683406,0.8832095048101328,0.9826108957360239,10.805555555555557,2.0224435165852657,-0.3333333333333333,
t2,2026-02-06,2026-02-07 18:00:00,2026-02-08 00:00:00,42.0,0.8867841043907514,0.5694303468783385,0.9140266508728632,0.974660399674347,12.277777777777779,0.6309898162000296,-0.4666666666666666,
t2,2026-02-06,2026-02-07 19:00:00,2026-02-08 01:00:00,43.0,0.8851157015484464,0.6980323310983456,0.9306180706355565,0.9689015118426736,12.861111111111112,1.0209986638605062,-0.5333333333333333,
t2,2026-02-06,2026-02-07 20:00:00,2026-02-08 02:00:00,44.0,0.8501851343251885,0.6107458785284847,0.9069729509557755,0.9727189458630874,12.453703703703704,1.768712419077556,-0.6666666666666666,
t2,2026-02-06,2026-02-07 21:00:00,2026-02-08 03:00:00,45.0,0.8306003916993826,0.5741506133755698,0.8720102339425811,0.9826902013461136,12.083333333333336,1.4452455043698407,-0.8666666666666667,
t2,2026-02-06,2026-02-07 22:00:00,2026-02-08 04:00:00,46.0,0.8032071497693307,0.44782273720037824,0.850886731326387,0.9960445246500834,11.064814814814815,0.8634972912617968,-0.9333333333333332,
t2,2026-02-06,2026-02-07 23:00:00,2026-02-08 05:00:00,47.0,0.7432168142828138,0.35503427755674305,0.7675908405775373,1.0,9.916666666666666,0.6532208897947136,-1.0999999999999999,
t2,2026-02-07,2026-02-08 00:00:00,2026-02-08 06:00:00,24.0,0.489542581777388,0.054120496809971774,0.4741538303413216,0.9927063510663656,9.324074074074074,0.5888190035401717,-1.2333333333333334,
t2,2026-02-07,2026-02-08 01:00:00,2026-02-08 07:00:00,25.0,0.4332161209509539,0.0,0.3691253498411772,0.9642700411642113,8.194444444444445,0.32749517007087786,-1.3333333333333333,
t2,2026-02-07,2026-02-08 02:00:00,2026-02-08 08:00:00,26.0,0.3088479925802858,0.0,0.22429801420086432,0.8648550175236982,7.324074074074075,0.16743649370393615,-1.1666666666666667,
t2,2026-02-07,2026-02-08 03:00:00,2026-02-08 09:00:00,27.0,0.21739780655316993,0.0,0.11606887997031938,0.6986360312547186,6.361111111111112,0.15466012118972275,-0.7666666666666666,
t2,2026-02-07,2026-02-08 04:00:00,2026-02-08 10:00:00,28.0,0.10079123300185266,0.0,0.0411704182633639,0.49589529910119357,5.5,0.5068968775248517,0.5,
t2,2026-02-07,2026-02-08 05:00:00,2026-02-08 11:00:00,29.0,0.07049526400076296,0.0,0.013826628822243454,0.3117466937145087,4.231481481481482,1.1167680071944237,1.5333333333333334,
t2,2026-02-07,2026-02-08 06:00:00,2026-02-08 12:00:00,30.0,0.05092262573585388,0.0,0.001411851515367376,0.2429223208084035,2.2962962962962963,1.1987433406312709,2.3666666666666667,
t2,2026-02-07,2026-02-08 07:00:00,2026-02-08 13:00:00,31.0,0.11034044724320997,0.0,0.013529935772753895,0.3463256998324804,1.1574074074074072,0.7159629045267892,3.4000000000000004,
t2,2026-02-07,2026-02-08 08:00:00,2026-02-08 14:00:00,32.0,0.20707519512151035,0.0,0.07819877671348564,0.7329921374126261,2.2222222222222223,1.5562994253146045,4.266666666666667,
t2,2026-02-07,2026-02-08 09:00:00,2026-02-08 15:00:00,33.0,0.5393234696550532,0.001110720624810435,0.4347463583801706,1.0,5.083333333333334,2.1822799268224835,4.666666666666667,
t2,2026-02-07,2026-02-08 10:00:00,2026-02-08 16:00:00,34.0,0.7119910937370953,0.09130205277605019,0.6805891955904007,1.0,8.425925925925926,2.24404791143295,4.3999999999999995,
t2,2026-02-07,2026-02-08 11:00:00,2026-02-08 17:00:00,35.0,0.8598672493580541,0.43680073974339695,0.9086898732351182,0.9611132723256088,12.018518518518519,1.9946559260620575,3.5,
t2,2026-02-07,2026-02-08 12:00:00,2026-02-08 18:00:00,36.0,0.9094725635442021,0.6771918415300773,0.9385385037171351,0.9577374089170937,14.611111111111112,1.2143051663552447,1.8666666666666665,
t2,2026-02-07,2026-02-08 13:00:00,2026-02-08 19:00:00,37.0,0.9309357225390238,0.8057868093843681,0.9432533973152339,0.959048246981212,15.694444444444445,1.1252571722516171,0.8000000000000002,
t2,2026-02-07,2026-02-08 14:00:00,2026-02-08 20:00:00,38.0,0.9310945686421439,0.7729139164657942,0.9439458348341971,0.958895986832995,16.324074074074073,1.8066947972845275,0.10000000000000002,
t2,2026-02-07,2026-02-08 15:00:00,2026-02-08 21:00:00,39.0,0.9231883344293046,0.7765798725833711,0.9439797153315497,0.9591114324803559,16.59259259259259,2.0460239470176167,-0.30000000000000004,
t2,2026-02-07,2026-02-08 16:00:00,2026-02-08 22:00:00,40.0,0.9244099913796157,0.7929831316433221,0.9439797153315497,0.9591133529936222,16.972222222222225,2.3228933107943925,-0.5333333333333333,
t2,2026-02-07,2026-02-08 17:00:00,2026-02-08 23:00:00,41.0,0.9226958869258923,0.8052915443225319,0.9439797153315497,0.9590292193537542,17.02777777777778,2.3295273191925014,-0.6,
t2,2026-02-07,2026-02-08 18:00:00,2026-02-09 00:00:00,42.0,0.9224280032713623,0.8424004428179225,0.9439797153315497,0.9591251162697891,17.444444444444446,1.9657562236615707,-0.8999999999999999,
t2,2026-02-07,2026-02-08 19:00:00,2026-02-09 01:00:00,43.0,0.9224280032713623,0.8424004428179225,0.9439797153315497,0.9591097151130323,17.740740740740744,1.9956227820071217,-1.0,
t2,2026-02-07,2026-02-08 20:00:00,2026-02-09 02:00:00,44.0,0.9206470654215555,0.8424004428179225,0.9439797153315497,0.9591094125090883,17.90740740740741,1.8236980247828056,-1.1333333333333335,
t2,2026-02-07,2026-02-08 21:00:00,2026-02-09 03:00:00,45.0,0.9173613039749329,0.8193489468270518,0.9439797153315497,0.9590446157828207,18.25925925925926,1.7849969164593937,-1.4000000000000001,
t2,2026-02-07,2026-02-08 22:00:00,2026-02-09 04:00:00,46.0,0.9063153042083884,0.7512876185685544,0.9443906580903393,0.9588404931412825,18.342592592592595,1.8135152187284436,-1.5333333333333332,
t2,2026-02-07,2026-02-08 23:00:00,2026-02-09 05:00:00,47.0,0.8494997215641034,0.6589834242005002,0.9139231253453153,0.9654264886326474,18.35185185185185,1.774592053045576,-1.5333333333333332,
t2,2026-02-08,2026-02-09 00:00:00,2026-02-09 06:00:00,24.0,0.8482601522279505,0.669842113479541,0.9197916635268915,0.9709714782369712,18.092592592592595,1.7691486176338393,-1.633333333333333,
t2,2026-02-08,2026-02-09 01:00:00,2026-02-09 07:00:00,25.0,0.8461170376898128,0.6592907928140105,0.9197916635268915,0.9705328732679535,17.35185185185185,1.5768222197689883,-1.6666666666666667,
t2,2026-02-08,2026-02-09 02:00:00,2026-02-09 08:00:00,26.0,0.8420978232016193,0.6677477064495931,0.9197916635268915,0.9706315837394051,17.037037037037038,1.6947479995247103,-1.633333333333333,
t2,2026-02-08,2026-02-09 03:00:00,2026-02-09 09:00:00,27.0,0.8418520624490876,0.5986685436522783,0.919819023317312,0.9702549915724749,16.59259259259259,1.9393451654571177,-0.9,
t2,2026-02-08,2026-02-09 04:00:00,2026-02-09 10:00:00,28.0,0.8492539178669232,0.6190450843482936,0.919819023317312,0.9699112788511469,16.240740740740744,2.10164789351422,0.8333333333333334,
t2,2026-02-08,2026-02-09 05:00:00,2026-02-09 11:00:00,29.0,0.8534369682678365,0.6277874494480546,0.919819023317312,0.9668348041826579,15.944444444444445,2.887152255796037,2.766666666666667,
t2,2026-02-08,2026-02-09 06:00:00,2026-02-09 12:00:00,30.0,0.8623120041130822,0.6277874494480546,0.919819023317312,0.9655698200729754,15.472222222222221,3.4961398466252023,4.0,
t2,2026-02-08,2026-02-09 07:00:00,2026-02-09 13:00:00,31.0,0.8620167072971741,0.6257107170633673,0.919819023317312,0.9644382888268268,15.259259259259261,3.4392134711895292,5.366666666666667,
t2,2026-02-08,2026-02-09 08:00:00,2026-02-09 14:00:00,32.0,0.8658223498550776,0.5675217719103371,0.919819023317312,0.9635936102166366,14.90740740740741,3.1610980927936057,6.233333333333333,
t2,2026-02-08,2026-02-09 09:00:00,2026-02-09 15:00:00,33.0,0.8635680020679998,0.6039362120078775,0.9166043024515613,0.9641682017356853,14.15740740740741,2.6273627422615,6.433333333333334,
t2,2026-02-08,2026-02-09 10:00:00,2026-02-09 16:00:00,34.0,0.8362241988507155,0.5645602116830237,0.9085363845901032,0.9657170247212675,13.787037037037038,2.857242980315058,6.366666666666667,
t2,2026-02-08,2026-02-09 11:00:00,2026-02-09 17:00:00,35.0,0.774214945819885,0.4514805455165407,0.8772896136597609,0.9717294760484477,13.296296296296296,1.805626779222002,5.6000000000000005,
t2,2026-02-08,2026-02-09 12:00:00,2026-02-09 18:00:00,36.0,0.7139127964171571,0.3066895457716991,0.7896042489953484,0.9907601501121037,11.675925925925926,1.1971330636217765,3.766666666666667,
t2,2026-02-08,2026-02-09 13:00:00,2026-02-09 19:00:00,37.0,0.5220959686060693,0.08149726319419226,0.5649589095054709,1.0,10.537037037037038,1.7538171186291651,2.5333333333333337,
t2,2026-02-08,2026-02-09 14:00:00,2026-02-09 20:00:00,38.0,0.40233837463075256,0.04989655131232107,0.3907573328241417,1.0,9.092592592592593,2.257759824221414,1.8,
t2,2026-02-08,2026-02-09 15:00:00,2026-02-09 21:00:00,39.0,0.31907932221222185,0.0,0.20849907995306163,0.9481876455664063,7.87037037037037,2.469932356082126,1.4000000000000001,
t2,2026-02-08,2026-02-09 16:00:00,2026-02-09 22:00:00,40.0,0.24215982431990474,0.0,0.14794369035376456,0.8543317902302683,6.6759259259259265,2.9982419402893896,1.4333333333333333,
t2,2026-02-08,2026-02-09 17:00:00,2026-02-09 23:00:00,41.0,0.2551009266150012,0.0,0.1330942540541864,0.7826649721711602,5.768518518518519,3.1643916454188643,1.2,
t2,2026-02-08,2026-02-09 18:00:00,2026-02-10 00:00:00,42.0,0.22475703835419197,0.0,0.1225914376104465,0.6675730595623364,4.888888888888889,3.486194111451061,0.6666666666666666,
t2,2026-02-08,2026-02-09 19:00:00,2026-02-10 01:00:00,43.0,0.20802888772208167,0.0,0.10660384369798559,0.5791247907429362,4.407407407407407,2.8449290675123966,0.6333333333333334,
t2,2026-02-08,2026-02-09 20:00:00,2026-02-10 02:00:00,44.0,0.19141706137386233,0.0,0.09504473392520929,0.6077465873280914,4.7592592592592595,1.4762349228104255,0.4000000000000001,
t2,2026-02-08,2026-02-09 21:00:00,2026-02-10 03:00:00,45.0,0.18160422449494068,0.0,0.04150054935586609,0.620984574654606,5.222222222222222,0.7458734212276422,0.5,
t2,2026-02-08,2026-02-09 22:00:00,2026-02-10 04:00:00,46.0,0.25461395021611855,0.0,0.10395461582145776,0.7332798845183355,5.805555555555556,0.4276334532872407,0.3666666666666667,
t2,2026-02-08,2026-02-09 23:00:00,2026-02-10 05:00:00,47.0,0.1994271249604494,0.0,0.10333985732027065,0.7987031984025634,6.018518518518519,2.1688616611830724,0.2333333333333333,
t2,2026-02-09,2026-02-10 00:00:00,2026-02-10 06:00:00,24.0,0.21869337943542153,0.0,0.11442593949147546,0.9099595186364613,7.314814814814814,2.405679579387731,0.5,
t2,2026-02-09,2026-02-10 01:00:00,2026-02-10 07:00:00,25.0,0.2307806627507999,0.0,0.1647328588652233,0.9826305127013436,4.351851851851852,4.813283232186844,-0.033333333333333326,
t2,2026-02-09,2026-02-10 02:00:00,2026-02-10 08:00:00,26.0,0.2918861047096664,0.0,0.2382965239059549,1.0,8.953703703703704,6.895177088239961,-0.43333333333333335,
t2,2026-02-09,2026-02-10 03:00:00,2026-02-10 09:00:00,27.0,0.3207737275073166,0.0,0.24854346673616162,1.0,8.333333333333334,3.7593504823815933,0.46666666666666673,
t2,2026-02-09,2026-02-10 04:00:00,2026-02-10 10:00:00,28.0,0.39880761172022194,0.0,0.30259197169131297,1.0,8.351851851851853,3.27875848479971,2.1333333333333333,
t2,2026-02-09,2026-02-10 05:00:00,2026-02-10 11:00:00,29.0,0.39868412979539114,0.0,0.3791816976802732,1.0,9.074074074074074,3.3182916795818134,3.8000000000000003,
t2,2026-02-09,2026-02-10 06:00:00,2026-02-10 12:00:00,30.0,0.24336950844849725,0.0,0.19196599945800996,0.9001803253460082,7.268518518518519,2.553340424836234,5.966666666666666,
t2,2026-02-09,2026-02-10 07:00:00,2026-02-10 13:00:00,31.0,0.23186839851722213,0.0,0.1547699850409838,0.8359714357589547,7.231481481481482,1.7261007700342283,7.3999999999999995,
t2,2026-02-09,2026-02-10 08:00:00,2026-02-10 14:00:00,32.0,0.19905068571677442,0.0,0.09519056382261043,0.7115928786766545,5.87962962962963,1.3892592098897076,8.733333333333333,
t2,2026-02-09,2026-02-10 09:00:00,2026-02-10 15:00:00,33.0,0.159030561237281,0.0,0.08157941078787383,0.48896322659730806,4.62037037037037,2.308788451813275,9.066666666666668,
t2,2026-02-09,2026-02-10 10:00:00,2026-02-10 16:00:00,34.0,0.16266530700722773,0.0,0.04812592271467192,0.5506095253449295,4.203703703703703,1.397013275003133,8.766666666666666,
t2,2026-02-09,2026-02-10 11:00:00,2026-02-10 17:00:00,35.0,0.1372223170240442,0.0,0.043746466823215605,0.5219183318220686,4.074074074074074,1.4546470164224832,7.633333333333333,
t2,2026-02-09,2026-02-10 12:00:00,2026-02-10 18:00:00,36.0,0.1782040895038104,0.0,0.0544024282786916,0.6027159581002248,3.0092592592592595,1.2254796658952092,6.133333333333333,
t2,2026-02-09,2026-02-10 13:00:00,2026-02-10 19:00:00,37.0,0.29289479549442154,0.0,0.140097665722118,0.8378546178005392,3.157407407407407,1.0564080378276337,5.066666666666666,
t2,2026-02-09,2026-02-10 14:00:00,2026-02-10 20:00:00,38.0,0.457005431457165,0.0,0.3953439624933771,1.0,5.416666666666667,2.163102481547976,4.233333333333333,
t2,2026-02-09,2026-02-10 15:00:00,2026-02-10 21:00:00,39.0,0.6366992998835139,0.0,0.60173747699359,1.0,7.9444444444444455,4.119267434572666,3.566666666666667,
t2,2026-02-09,2026-02-10 16:00:00,2026-02-10 22:00:00,40.0,0.7810153508483971,0.23741264403024465,0.7551980789939423,1.0,11.027777777777779,2.837007421758201,2.8333333333333335,
t2,2026-02-09,2026-02-10 17:00:00,2026-02-10 23:00:00,41.0,0.8376949012965235,0.5593480463022555,0.8771588551483621,0.9728367491303263,13.222222222222221,1.614699069925958,2.6,
t2,2026-02-09,2026-02-10 18:00:00,2026-02-11 00:00:00,42.0,0.8311795723307743,0.6169686672392963,0.9046320273856261,0.9650666860139154,14.203703703703702,1.1311844187843165,2.1666666666666665,
t2,2026-02-09,2026-02-10 19:00:00,2026-02-11 01:00:00,43.0,0.847957433468706,0.6168240971950698,0.9103120445183106,0.9637585563577457,15.111111111111114,0.07349309197401682,1.9666666666666666,
t2,2026-02-09,2026-02-10 20:00:00,2026-02-11 02:00:00,44.0,0.8328496356046333,0.5711731754416479,0.9102173769101511,0.96408242187825,15.212962962962962,1.2172668906725312,1.8,
t2,2026-02-09,2026-02-10 21:00:00,2026-02-11 03:00:00,45.0,0.8206686258710603,0.4970699693077255,0.8894098558234721,0.9711133966289134,14.731481481481481,1.9068454763776475,1.6666666666666667,
t2,2026-02-09,2026-02-10 22:00:00,2026-02-11 04:00:00,46.0,0.730350577090629,0.25379984791206445,0.804748186272025,1.0,13.90740740740741,2.0318325771084536,1.5,
t2,2026-02-09,2026-02-10 23:00:00,2026-02-11 05:00:00,47.0,0.6407960411868165,0.11438699735225677,0.7028905788141938,1.0,12.768518518518519,2.2533126049159833,1.8333333333333333,
t2,2026-02-10,2026-02-11 00:00:00,2026-02-11 06:00:00,24.0,0.3237719090742193,0.0,0.1670505867123746,0.9136934445112682,9.166666666666666,0.5471587667664509,1.9666666666666668,
t2,2026-02-10,2026-02-11 01:00:00,2026-02-11 07:00:00,25.0,0.18656011507330106,0.0,0.052344597184029895,0.7266232014305933,4.962962962962963,2.798855218652695,0.8666666666666667,
t2,2026-02-10,2026-02-11 02:00:00,2026-02-11 08:00:00,26.0,0.13720981249245912,0.0,0.05860296765492419,0.48044038500995667,4.194444444444445,2.3896962460003466,0.7999999999999999,
t2,2026-02-10,2026-02-11 03:00:00,2026-02-11 09:00:00,27.0,0.19180350380129849,0.0,0.14090712073723954,0.6770521935298521,4.7592592592592595,3.9162069601506646,1.5666666666666667,
t2,2026-02-10,2026-02-11 04:00:00,2026-02-11 10:00:00,28.0,0.22338082118671942,0.0,0.13141134786745304,0.7871844940047797,4.8240740740740735,3.4552176207272907,3.5999999999999996,
t2,2026-02-10,2026-02-11 05:00:00,2026-02-11 11:00:00,29.0,0.3271625049554932,0.0,0.22834549080511368,1.0,6.527777777777778,3.4695545307683684,6.066666666666666,
t2,2026-02-10,2026-02-11 06:00:00,2026-02-11 12:00:00,30.0,0.46335490266205615,0.0,0.4132682773439894,1.0,8.481481481481481,4.934551067592992,7.966666666666666,
t2,2026-02-10,2026-02-11 07:00:00,2026-02-11 13:00:00,31.0,0.3969531256876588,0.0,0.36566679246661754,1.0,9.25,7.523266380837319,9.066666666666668,
t2,2026-02-10,2026-02-11 08:00:00,2026-02-11 14:00:00,32.0,0.35361866696759026,0.0,0.259370650828225,1.0,7.666666666666667,7.773609994441386,9.9,
t2,2026-02-10,2026-02-11 09:00:00,2026-02-11 15:00:00,33.0,0.34615578426464605,0.0,0.2567568114550405,1.0,5.842592592592593,5.953545300582715,9.566666666666666,
t2,2026-02-10,2026-02-11 10:00:00,2026-02-11 16:00:00,34.0,0.5852410342925247,0.0,0.49799928465897,1.0,7.046296296296298,2.331072537900684,8.833333333333334,
t2,2026-02-10,2026-02-11 11:00:00,2026-02-11 17:00:00,35.0,0.6656666856705022,0.06623990201050367,0.6809587112884556,1.0,8.694444444444445,4.462117639323339,6.333333333333333,
t2,2026-02-10,2026-02-11 12:00:00,2026-02-11 18:00:00,36.0,0.8331427742742648,0.26565293335300966,0.8581900153254811,0.9796590028746444,10.972222222222223,5.087430043199066,4.5,
t2,2026-02-10,2026-02-11 13:00:00,2026-02-11 19:00:00,37.0,0.852054972568514,0.4144843532900288,0.9029854389990031,0.9577310002294644,13.453703703703704,3.7930993765861762,3.2999999999999994,
t2,2026-02-10,2026-02-11 14:00:00,2026-02-11 20:00:00,38.0,0.8728133127536384,0.5348448507686747,0.9208274038000674,0.9526306790545144,14.509259259259261,2.463049984538974,2.5666666666666664,
t2,2026-02-10,2026-02-11 15:00:00,2026-02-11 21:00:00,39.0,0.7991558881725613,0.44031705643569186,0.8770327287003588,0.9675478401709227,14.129629629629628,2.0196437570397903,1.9666666666666668,
t2,2026-02-10,2026-02-11 16:00:00,2026-02-11 22:00:00,40.0,0.7387752052312029,0.2420505454513513,0.8103073126958669,0.9936623206065931,12.444444444444445,1.7801633300013462,1.6333333333333335,
t2,2026-02-10,2026-02-11 17:00:00,2026-02-11 23:00:00,41.0,0.6868608466507589,0.17407824544308248,0.7328319563951029,1.0,10.870370370370372,1.5677432602442125,1.5999999999999999,
t2,2026-02-10,2026-02-11 18:00:00,2026-02-12 00:00:00,42.0,0.6057710589812928,0.0,0.577154115101228,1.0,8.527777777777779,1.4690742024641499,1.1,
t2,2026-02-10,2026-02-11 19:00:00,2026-02-12 01:00:00,43.0,0.6242958827127871,0.0025770052493230278,0.5894119599763277,1.0,8.685185185185185,1.881179802294207,1.1333333333333333,
t2,2026-02-10,2026-02-11 20:00:00,2026-02-12 02:00:00,44.0,0.5717061885890413,0.011083046936245733,0.5383992816535552,1.0,9.564814814814815,2.6254531256958935,1.0999999999999999,
t2,2026-02-10,2026-02-11 21:00:00,2026-02-12 03:00:00,45.0,0.5237758119023646,0.0,0.4405796191531716,1.0,9.120370370370372,2.4200699748411356,0.9666666666666667,
t2,2026-02-10,2026-02-11 22:00:00,2026-02-12 04:00:00,46.0,0.4577193922004831,0.0,0.3968726671816162,1.0,8.342592592592593,1.6235946756447235,0.9333333333333332,
t2,2026-02-10,2026-02-11 23:00:00,2026-02-12 05:00:00,47.0,0.4527744462198838,0.0,0.3453070665917939,1.0,7.296296296296297,0.04243125643477576,0.9,
t2,2026-02-11,2026-02-12 00:00:00,2026-02-12 06:00:00,24.0,0.12284886958398802,0.0,0.05616673915517602,0.5302979467014077,5.222222222222222,1.6459358852250605,0.4666666666666666,
t2,2026-02-11,2026-02-12 01:00:00,2026-02-12 07:00:00,25.0,0.069535065625573,0.0,0.007963765186706245,0.416479209523261,4.833333333333333,1.8291197370171477,0.3333333333333333,
t2,2026-02-11,2026-02-12 02:00:00,2026-02-12 08:00:00,26.0,0.039743953581762956,0.0,0.00019240358164244326,0.2822608322711787,3.925925925925926,1.4995712693198506,0.09999999999999998,
t2,2026-02-11,2026-02-12 03:00:00,2026-02-12 09:00:00,27.0,0.03655062685898171,0.0,0.0,0.2554109974921208,3.0,1.4784981535745847,0.13333333333333333,
t2,2026-02-11,2026-02-12 04:00:00,2026-02-12 10:00:00,28.0,0.04376118612412508,0.0,0.0,0.2454721771626178,1.6018518518518519,0.689612821532053,0.4666666666666666,
t2,2026-02-11,2026-02-12 05:00:00,2026-02-12 11:00:00,29.0,0.07318576966579649,0.0,0.013676422941619235,0.3526242437237246,1.0092592592592593,0.6985066375015665,1.0666666666666667,
t2,2026-02-11,2026-02-12 06:00:00,2026-02-12 12:00:00,30.0,0.14768594445992692,0.0,0.07440631792335443,0.6970712889519421,3.9351851851851856,2.6455082671897943,2.8000000000000003,
t2,2026-02-11,2026-02-12 07:00:00,2026-02-12 13:00:00,31.0,0.18691806409860376,0.0,0.11749634942535059,0.8475561496874419,4.907407407407407,2.840993638846641,3.4333333333333336,
t2,2026-02-11,2026-02-12 08:00:00,2026-02-12 14:00:00,32.0,0.21141328806609255,0.0,0.16794833674285556,0.8726711515865571,5.361111111111112,2.7581249221925668,4.0,
t2,2026-02-11,2026-02-12 09:00:00,2026-02-12 15:00:00,33.0,0.23054889440685114,0.0,0.12878544712109383,0.9518569624028191,5.398148148148149,3.2804054125644124,4.366666666666666,
t2,2026-02-11,2026-02-12 10:00:00,2026-02-12 16:00:00,34.0,0.22126101956797176,0.0,0.13319177542815358,0.9495588924267426,5.037037037037037,3.8905089218226823,4.2,
t2,2026-02-11,2026-02-12 11:00:00,2026-02-12 17:00:00,35.0,0.21914598480875017,0.0,0.14331059856194206,0.8377630203259556,5.87037037037037,2.3750135368901635,3.233333333333333,
t2,2026-02-11,2026-02-12 12:00:00,2026-02-12 18:00:00,36.0,0.24411508111042787,0.0,0.18171415562609117,0.757086773967066,3.5740740740740744,1.764125822523857,2.1666666666666665,
t2,2026-02-11,2026-02-12 13:00:00,2026-02-12 19:00:00,37.0,0.19251076623324478,0.0,0.132704997225653,0.737731199548153,5.379629629629631,0.6551866507531294,0.6666666666666666,
t2,2026-02-11,2026-02-12 14:00:00,2026-02-12 20:00:00,38.0,0.17811512647157055,0.0,0.10532238595498578,0.8806707993333953,6.907407407407407,1.6078351112150666,0.10000000000000002,
t2,2026-02-11,2026-02-12 15:00:00,2026-02-12 21:00:00,39.0,0.16461723525270472,0.0,0.08404744794385517,0.8223556780583465,5.787037037037037,1.4866518573142693,0.10000000000000003,
t2,2026-02-11,2026-02-12 16:00:00,2026-02-12 22:00:00,40.0,0.12821751533750284,0.0,0.06571345318999301,0.6017464925750727,5.268518518518518,1.0338907297931745,-0.10000000000000002,
t2,2026-02-11,2026-02-12 17:00:00,2026-02-12 23:00:00,41.0,0.08734047277265661,0.0,0.01100975125710648,0.39049640300787636,4.592592592592593,0.8661738864951372,-0.09999999999999998,
t2,2026-02-11,2026-02-12 18:00:00,2026-02-13 00:00:00,42.0,0.037524911633794414,0.0,0.0,0.25273541541736794,2.657407407407408,0.4359724950738356,-0.5666666666666668,
t2,2026-02-11,2026-02-12 19:00:00,2026-02-13 01:00:00,43.0,0.040577089860017346,0.0,0.0,0.23506186163573312,1.9444444444444444,0.5321456683518896,-1.2,
t2,2026-02-11,2026-02-12 20:00:00,2026-02-13 02:00:00,44.0,0.03357018380034433,0.0,0.0,0.23067208642347461,1.3240740740740742,0.2782403555799393,-1.6333333333333335,
t2,2026-02-11,2026-02-12 21:00:00,2026-02-13 03:00:00,45.0,0.04191853527613083,0.0,0.0,0.23936321080110737,0.9166666666666666,0.2545875386086578,-1.9333333333333336,
t2,2026-02-11,2026-02-12 22:00:00,2026-02-13 04:00:00,46.0,0.03135294503541802,0.0,0.0,0.22289408178823034,1.4722222222222223,0.7822293244627069,-1.8333333333333333,
t2,2026-02-11,2026-02-12 23:00:00,2026-02-13 05:00:00,47.0,0.030209369380924826,0.0,0.0,0.22731856077036772,1.6111111111111114,1.1827593808913206,-1.7666666666666666,
t2,2026-02-12,2026-02-13 00:00:00,2026-02-13 06:00:00,24.0,0.03042553711551425,0.0,0.0,0.18894193740505538,1.9814814814814816,0.918908593993563,-1.7,
t2,2026-02-12,2026-02-13 01:00:00,2026-02-13 07:00:00,25.0,0.029821237564927567,0.0,0.0,0.1907225462479216,1.972222222222222,1.8301740455587923,-1.5666666666666667,
t2,2026-02-12,2026-02-13 02:00:00,2026-02-13 08:00:00,26.0,0.03968272113751141,0.0,0.0,0.2026971480012962,2.055555555555556,2.0654790494468114,-1.5,
t2,2026-02-12,2026-02-13 03:00:00,2026-02-13 09:00:00,27.0,0.04060169979364056,0.0,0.0,0.18901447484844386,2.027777777777778,1.567415108851765,-1.3666666666666665,
t2,2026-02-12,2026-02-13 04:00:00,2026-02-13 10:00:00,28.0,0.037810675562794493,0.0,0.0,0.1937744691797122,2.1944444444444446,1.4863058024079718,-1.0,
t2,2026-02-12,2026-02-13 05:00:00,2026-02-13 11:00:00,29.0,0.05970613667968762,0.0,0.0,0.22481878904528388,2.8796296296296298,2.0582439876645333,-0.5,
t2,2026-02-12,2026-02-13 06:00:00,2026-02-13 12:00:00,30.0,0.051013979839494,0.0,0.0,0.2155423328954173,2.361111111111111,1.6332293995654554,-0.3,
t2,2026-02-12,2026-02-13 07:00:00,2026-02-13 13:00:00,31.0,0.044559988503315384,0.0,0.0,0.20054089515516985,1.712962962962963,1.4514608789518137,-0.03333333333333336,
t2,2026-02-12,2026-02-13 08:00:00,2026-02-13 14:00:00,32.0,0.04102136513845327,0.0,0.0,0.18327074971485047,1.6759259259259258,0.7965654153334488,0.3666666666666667,
t2,2026-02-12,2026-02-13 09:00:00,2026-02-13 15:00:00,33.0,0.04238025576946397,0.0,0.0,0.18544697375575547,2.0,0.7043734629503315,0.5666666666666668,
t2,2026-02-12,2026-02-13 10:00:00,2026-02-13 16:00:00,34.0,0.0426013711866091,0.0,0.0,0.1874798878150052,1.6666666666666667,1.0833333333333335,0.6333333333333333,
t2,2026-02-12,2026-02-13 11:00:00,2026-02-13 17:00:00,35.0,0.06479304027748026,0.0,0.00309158521073322,0.2095438111383853,1.3333333333333333,1.103795360350307,0.5666666666666668,
t2,2026-02-12,2026-02-13 12:00:00,2026-02-13 18:00:00,36.0,0.09390492438954665,0.0,0.027988174216081876,0.2901317657729656,2.0925925925925926,0.8033174528423694,0.3,
t2,2026-02-12,2026-02-13 13:00:00,2026-02-13 19:00:00,37.0,0.21227839914988555,0.0,0.07113003028027264,0.49788202250169183,3.1203703703703702,1.4793677049957397,-0.09999999999999994,
t2,2026-02-12,2026-02-13 14:00:00,2026-02-13 20:00:00,38.0,0.2860423619715198,0.0,0.17941243483099645,0.6438919430749863,4.787037037037037,2.14992343628628,-0.4333333333333333,
t2,2026-02-12,2026-02-13 15:00:00,2026-02-13 21:00:00,39.0,0.3991929044308053,0.0146985606397666,0.3324762772535257,0.8778215303043887,6.666666666666667,1.8047006523089766,-0.3333333333333333,
t2,2026-02-12,2026-02-13 16:00:00,2026-02-13 22:00:00,40.0,0.5525372614127562,0.03218525281917184,0.5284807255794834,0.9909525870278544,7.935185185185186,2.141832990611262,-0.20000000000000004,
t2,2026-02-12,2026-02-13 17:00:00,2026-02-13 23:00:00,41.0,0.6550452259289157,0.11893682308239534,0.608271274929377,0.9789482392530561,9.12962962962963,2.250057155195417,-0.09999999999999994,
t2,2026-02-12,2026-02-13 18:00:00,2026-02-14 00:00:00,42.0,0.7169166616745501,0.23768881551401944,0.7613042288684764,0.9679759475879847,10.046296296296296,2.6049474138275013,-0.3,
t2,2026-02-12,2026-02-13 19:00:00,2026-02-14 01:00:00,43.0,0.7724308905802204,0.30384912924289764,0.8062320487269078,0.9671604421994185,11.018518518518519,2.81150816987972,-0.1666666666666667,
t2,2026-02-12,2026-02-13 20:00:00,2026-02-14 02:00:00,44.0,0.8308169398909873,0.41967195417242803,0.8601886515667996,0.9655934489173871,11.388888888888891,2.8667689473570874,-0.16666666666666666,
t2,2026-02-12,2026-02-13 21:00:00,2026-02-14 03:00:00,45.0,0.8155584795480304,0.40798908609825035,0.860543156829138,0.9711418041917383,10.953703703703704,2.4043962650064477,-0.16666666666666666,
t2,2026-02-12,2026-02-13 22:00:00,2026-02-14 04:00:00,46.0,0.773860527392152,0.42976379019295724,0.8290500122175863,0.9734572158714089,10.953703703703704,1.4445334730398287,-0.03333333333333335,
t2,2026-02-12,2026-02-13 23:00:00,2026-02-14 05:00:00,47.0,0.7224454975957703,0.3115538883034883,0.7629524335136744,0.9813801231779409,10.564814814814815,1.2305064366085123,0.033333333333333354,
t2,2026-02-13,2026-02-14 00:00:00,2026-02-14 06:00:00,24.0,0.307564213817712,0.0,0.2654567583453052,0.8385652170373132,8.64814814814815,3.121304399167659,1.850371707708594e-17,
t2,2026-02-13,2026-02-14 01:00:00,2026-02-14 07:00:00,25.0,0.23994218063048167,0.0,0.1851107071520252,0.748011313550075,8.055555555555555,2.622169255585587,-0.16666666666666666,
t2,2026-02-13,2026-02-14 02:00:00,2026-02-14 08:00:00,26.0,0.20256243048458178,0.0,0.11629756613586398,0.6736225580024032,7.50925925925926,1.848074851957089,-0.19999999999999998,
t2,2026-02-13,2026-02-14 03:00:00,2026-02-14 09:00:00,27.0,0.1697977263760603,0.0,0.09018101461840025,0.6326781229427821,7.018518518518519,1.865528202212721,0.6333333333333334,
t2,2026-02-13,2026-02-14 04:00:00,2026-02-14 10:00:00,28.0,0.12314998187117321,0.0,0.02259451241943576,0.6354729435355795,6.0555555555555545,2.597333628032533,1.866666666666667,
t2,2026-02-13,2026-02-14 05:00:00,2026-02-14 11:00:00,29.0,0.14392833907514008,0.0,0.048255569160789644,0.5897186805902698,5.046296296296296,4.131549545399467,2.766666666666667,
t2,2026-02-13,2026-02-14 06:00:00,2026-02-14 12:00:00,30.0,0.13744540796693197,0.0,0.045774582115058166,0.6454960704797166,6.120370370370371,3.266025699273164,2.7000000000000006,
t2,2026-02-13,2026-02-14 07:00:00,2026-02-14 13:00:00,31.0,0.07911270337346543,0.0,0.015420182196614937,0.4835285779525853,4.666666666666667,4.121233783860675,3.3666666666666667,
t2,2026-02-13,2026-02-14 08:00:00,2026-02-14 14:00:00,32.0,0.035037764902103447,0.0,0.0,0.30658587237788515,3.7870370370370368,2.987155286860549,4.033333333333334,
t2,2026-02-13,2026-02-14 09:00:00,2026-02-14 15:00:00,33.0,0.02414757232341551,0.0,0.0,0.22540859349984513,3.564814814814815,1.492091635443236,4.233333333333333,
t2,2026-02-13,2026-02-14 10:00:00,2026-02-14 16:00:00,34.0,0.029979812364725897,0.0,0.0,0.22033311073640205,3.490740740740741,1.8098950700549064,3.8000000000000003,
t2,2026-02-13,2026-02-14 11:00:00,2026-02-14 17:00:00,35.0,0.030858121783718606,0.0,0.0,0.20783457652574974,2.703703703703704,1.2488678000064715,3.0,
t2,2026-02-13,2026-02-14 12:00:00,2026-02-14 18:00:00,36.0,0.05164769328681161,0.0,0.0,0.25334763325248216,3.2222222222222228,1.1399046960379553,1.9666666666666666,
t2,2026-02-13,2026-02-14 13:00:00,2026-02-14 19:00:00,37.0,0.0391554851664533,0.0,0.0,0.22970425183539675,2.759259259259259,0.31590226128207377,0.8000000000000002,
t2,2026-02-13,2026-02-14 14:00:00,2026-02-14 20:00:00,38.0,0.05561707772842814,0.0,0.0,0.29756059874552726,2.425925925925926,1.348963174475321,0.2000000000000001,
t2,2026-02-13,2026-02-14 15:00:00,2026-02-14 21:00:00,39.0,0.05747190454136246,0.0,0.0,0.2800994494984437,2.657407407407408,1.6699812719188416,-0.13333333333333341,
t2,2026-02-13,2026-02-14 16:00:00,2026-02-14 22:00:00,40.0,0.05557714263879604,0.0,0.0,0.2537619549037434,2.7592592592592595,1.1403558754326408,-0.26666666666666666,
t2,2026-02-13,2026-02-14 17:00:00,2026-02-14 23:00:00,41.0,0.04662821208183947,0.0,0.0,0.25858052957906513,2.8240740740740744,0.7639309752716038,-0.2666666666666667,
t2,2026-02-13,2026-02-14 18:00:00,2026-02-15 00:00:00,42.0,0.033929936441617764,0.0,0.0,0.2086693453836417,4.0,1.7574796066814644,-0.43333333333333335,
t2,2026-02-13,2026-02-14 19:00:00,2026-02-15 01:00:00,43.0,0.02029423190919849,0.0,0.0,0.18785748240763306,3.111111111111111,1.5232255412061328,-0.6666666666666666,
t2,2026-02-13,2026-02-14 20:00:00,2026-02-15 02:00:00,44.0,0.01642233249799238,0.0,0.0,0.1631486653891902,2.2222222222222223,1.5398512835039109,-0.7000000000000001,
t2,2026-02-13,2026-02-14 21:00:00,2026-02-15 03:00:00,45.0,0.01776544721801805,0.0,0.0,0.16047274384601024,1.7962962962962965,1.5331555184068573,-0.7000000000000001,
t2,2026-02-13,2026-02-14 22:00:00,2026-02-15 04:00:00,46.0,0.02304123721242421,0.0,0.0,0.18281460871536478,2.75,2.6711478551734147,-0.6333333333333332,
t2,2026-02-13,2026-02-14 23:00:00,2026-02-15 05:00:00,47.0,0.03879036689651222,0.0,0.0,0.2680746530717021,2.972222222222222,2.9584311407931763,-1.1333333333333333,
t2,2026-02-14,2026-02-15 00:00:00,2026-02-15 06:00:00,24.0,0.19672728744438533,0.0025223795586321873,0.10980446548002686,0.5901619347974953,4.37962962962963,2.200296930953216,-1.0999999999999999,
t2,2026-02-14,2026-02-15 01:00:00,2026-02-15 07:00:00,25.0,0.28055029662120873,0.0,0.1855133979536148,0.7519240504025652,6.277777777777779,2.300865376653202,-1.2,
t2,2026-02-14,2026-02-15 02:00:00,2026-02-15 08:00:00,26.0,0.3884011175929691,0.024499718142615756,0.2870569966921273,0.9256449782518736,7.712962962962965,1.7612805152780016,-0.6999999999999998,
t2,2026-02-14,2026-02-15 03:00:00,2026-02-15 09:00:00,27.0,0.5326946492387693,0.12239816647440999,0.4888652739201582,0.9978355614056179,8.675925925925926,1.4257154726850296,0.5,
t2,2026-02-14,2026-02-15 04:00:00,2026-02-15 10:00:00,28.0,0.71108845306836,0.2886449348202017,0.726299196111597,0.990888372775845,10.046296296296296,1.4181183557030392,1.8666666666666665,
t2,2026-02-14,2026-02-15 05:00:00,2026-02-15 11:00:00,29.0,0.8565706801364087,0.5665828289099484,0.9072774937773411,0.9756110912085624,11.018518518518519,1.2745530968570196,3.033333333333333,
t2,2026-02-14,2026-02-15 06:00:00,2026-02-15 12:00:00,30.0,0.9023030244324797,0.7506350934237229,0.94083132365323,0.9778229654988071,12.444444444444445,0.8678055195451834,4.033333333333333,
t2,2026-02-14,2026-02-15 07:00:00,2026-02-15 13:00:00,31.0,0.9157381680444666,0.7773579474571206,0.9571493045710127,0.9748661212288601,12.333333333333336,0.9145598685085746,5.166666666666667,
t2,2026-02-14,2026-02-15 08:00:00,2026-02-15 14:00:00,32.0,0.917310109185999,0.7597415468815192,0.9640516659192967,0.9734136882538229,12.00925925925926,1.0070482066589355,5.933333333333333,
t2,2026-02-14,2026-02-15 09:00:00,2026-02-15 15:00:00,33.0,0.9184380981583756,0.7635504939865618,0.9650684464101236,0.9737302908945046,11.787037037037038,1.0873619301217925,6.366666666666667,
t2,2026-02-14,2026-02-15 10:00:00,2026-02-15 16:00:00,34.0,0.8996869659785435,0.737537630170563,0.923184874017762,0.9781885719651698,11.620370370370372,1.144408485591139,6.3,
t2,2026-02-14,2026-02-15 11:00:00,2026-02-15 17:00:00,35.0,0.8602387292424261,0.6649539875833554,0.8688784513966267,0.9840067328508193,11.555555555555557,1.1152699944380402,5.733333333333333,
t2,2026-02-14,2026-02-15 12:00:00,2026-02-15 18:00:00,36.0,0.8895185735223385,0.6501207905854717,0.9084287727706494,0.9798622477147105,11.527777777777779,1.055189995179032,4.666666666666667,
t2,2026-02-14,2026-02-15 13:00:00,2026-02-15 19:00:00,37.0,0.879237716998161,0.6211278886079625,0.9004043289204798,0.9807886265188904,11.694444444444445,1.114231728896199,3.9000000000000004,
t2,2026-02-14,2026-02-15 14:00:00,2026-02-15 20:00:00,38.0,0.8436386309557808,0.597777496917433,0.8614312410980828,0.9851583543245463,11.75,0.9145598685085741,3.5333333333333337,
t2,2026-02-14,2026-02-15 15:00:00,2026-02-15 21:00:00,39.0,0.8083003795559455,0.5245486898470654,0.8470451900630035,0.9819422963611975,11.75925925925926,0.8037975708966926,3.266666666666667,
t2,2026-02-14,2026-02-15 16:00:00,2026-02-15 22:00:00,40.0,0.7716396132486252,0.449084867290098,0.8442190178639285,0.9825520739481574,11.351851851851853,0.7138042174891871,3.1,
t2,2026-02-14,2026-02-15 17:00:00,2026-02-15 23:00:00,41.0,0.6987075846368177,0.41334984424658805,0.7825619646594625,0.9792135636136476,10.842592592592593,1.054946217886838,3.0,
t2,2026-02-14,2026-02-15 18:00:00,2026-02-16 00:00:00,42.0,0.6666693338312037,0.3147061767918852,0.6518559508789273,0.9880210399012161,10.027777777777779,1.959662669384141,2.733333333333333,
t2,2026-02-14,2026-02-15 19:00:00,2026-02-16 01:00:00,43.0,0.6160061019036364,0.21046462357004286,0.6196010082586528,0.9932727702890178,9.435185185185185,2.839091824304257,2.8000000000000003,
t2,2026-02-14,2026-02-15 20:00:00,2026-02-16 02:00:00,44.0,0.6496901518035066,0.23532827651565863,0.6445842999622052,0.9933894273217373,9.898148148148147,2.9218648563345857,2.766666666666667,
t2,2026-02-14,2026-02-15 21:00:00,2026-02-16 03:00:00,45.0,0.6690922914091756,0.2667608551172643,0.6710908881696956,0.9943246635812689,10.277777777777777,3.0373193184081426,2.8000000000000003,
t2,2026-02-14,2026-02-15 22:00:00,2026-02-16 04:00:00,46.0,0.6844233554578626,0.2565801466804272,0.6737794320686968,0.9947805791073834,10.064814814814815,2.7522904789753633,2.6999999999999997,
t2,2026-02-14,2026-02-15 23:00:00,2026-02-16 05:00:00,47.0,0.7685360197152868,0.3978171072880717,0.7727130912321539,0.9852738123541445,10.055555555555557,2.245881003410795,2.733333333333334,
t2,2026-02-15,2026-02-16 00:00:00,2026-02-16 06:00:00,24.0,0.7846490155434327,0.5103181166192023,0.8249412884140276,0.957668902826817,10.342592592592593,1.1818892248927972,2.766666666666667,
t2,2026-02-15,2026-02-16 01:00:00,2026-02-16 07:00:00,25.0,0.7408135314552794,0.44510196018217274,0.7905427736348426,0.9560677634182799,10.398148148148149,1.0184764301068174,2.966666666666667,
t2,2026-02-15,2026-02-16 02:00:00,2026-02-16 08:00:00,26.0,0.6379533583931918,0.37105962660836583,0.7337043957370755,0.9311774383618936,9.842592592592593,0.27404904790645884,2.9333333333333336,
t2,2026-02-15,2026-02-16 03:00:00,2026-02-16 09:00:00,27.0,0.5789288656897339,0.31216352465426833,0.6359851599908741,0.920981706378463,9.416666666666666,0.5357583756107198,3.4333333333333336,
t2,2026-02-15,2026-02-16 04:00:00,2026-02-16 10:00:00,28.0,0.5964932708559806,0.31809213602476905,0.6353912630699726,0.9287904368969128,9.333333333333334,0.6364688465216445,4.1,
t2,2026-02-15,2026-02-16 05:00:00,2026-02-16 11:00:00,29.0,0.669912681290944,0.3588480577285985,0.726032705329425,0.9348350143488453,9.583333333333334,0.712000312109794,4.933333333333334,
t2,2026-02-15,2026-02-16 06:00:00,2026-02-16 12:00:00,30.0,0.7810349738334831,0.4785529357505229,0.8628030861310124,0.9510773673363999,10.14814814814815,0.4781759753213093,5.966666666666666,
t2,2026-02-15,2026-02-16 07:00:00,2026-02-16 13:00:00,31.0,0.7927657337935237,0.495130797421067,0.8908813209611285,0.9513775050781679,9.888888888888888,0.5189317136741505,6.666666666666667,
t2,2026-02-15,2026-02-16 08:00:00,2026-02-16 14:00:00,32.0,0.8038157719895465,0.5049098061050148,0.8814150975147729,0.9466825890717837,9.898148148148149,0.6408986103952665,7.333333333333333,
t2,2026-02-15,2026-02-16 09:00:00,2026-02-16 15:00:00,33.0,0.7921066327544843,0.5011749282093771,0.8578714405695985,0.9511971644318649,9.898148148148149,0.8855550908498238,7.733333333333334,
t2,2026-02-15,2026-02-16 10:00:00,2026-02-16 16:00:00,34.0,0.7469186225752886,0.4236960666396881,0.8116029745993639,0.9521528279669658,9.851851851851853,0.9786822416091705,7.6000000000000005,
t2,2026-02-15,2026-02-16 11:00:00,2026-02-16 17:00:00,35.0,0.7192767926416362,0.37543976738422863,0.7330017874325526,0.9464250421018625,10.055555555555557,1.34829567772351,6.966666666666668,
t2,2026-02-15,2026-02-16 12:00:00,2026-02-16 18:00:00,36.0,0.6737111598575618,0.37679295048236033,0.7213244899311492,0.937274586165392,9.500000000000002,0.8036375634160796,6.099999999999999,
t2,2026-02-15,2026-02-16 13:00:00,2026-02-16 19:00:00,37.0,0.6767387368789488,0.3573033850063155,0.7043426951768569,0.9491175543001829,9.768518518518519,1.167438016613192,5.366666666666666,
t2,2026-02-15,2026-02-16 14:00:00,2026-02-16 20:00:00,38.0,0.6955629528398654,0.41470676144696506,0.7475120835477641,0.9474956204854472,10.148148148148147,1.886913455045375,4.9,
t2,2026-02-15,2026-02-16 15:00:00,2026-02-16 21:00:00,39.0,0.712028563446328,0.4128139338901418,0.7458494177759433,0.9511573795509298,10.324074074074074,1.9660178883846813,4.6000000000000005,
t2,2026-02-15,2026-02-16 16:00:00,2026-02-16 22:00:00,40.0,0.7124557019429291,0.4320406007847306,0.7308560399125429,0.950254359470869,10.185185185185185,1.9068454763776463,4.3,
t2,2026-02-15,2026-02-16 17:00:00,2026-02-16 23:00:00,41.0,0.7042382100422819,0.43192284774369666,0.7171518713559643,0.9474053919105494,10.435185185185185,2.1855186500113253,4.166666666666667,
t2,2026-02-15,2026-02-16 18:00:00,2026-02-17 00:00:00,42.0,0.6565476029567245,0.36027496154122524,0.6721690684499163,0.9405864485742141,10.722222222222223,3.1111111111111116,4.133333333333334,
t2,2026-02-15,2026-02-16 19:00:00,2026-02-17 01:00:00,43.0,0.6455096156748429,0.374086691302526,0.7045584384797708,0.950038061458187,10.833333333333334,2.920368021793837,3.9333333333333336,
t2,2026-02-15,2026-02-16 20:00:00,2026-02-17 02:00:00,44.0,0.6399710441657271,0.3487599627576463,0.6727634582309808,0.9491082264678861,10.925925925925926,2.5428933489948293,3.7999999999999994,
t2,2026-02-15,2026-02-16 21:00:00,2026-02-17 03:00:00,45.0,0.6244968737938305,0.2751250227235674,0.6391138024997166,0.9393997844800959,10.49074074074074,1.836347130009194,3.7000000000000006,
t2,2026-02-15,2026-02-16 22:00:00,2026-02-17 04:00:00,46.0,0.5357395355950426,0.1643876572003366,0.4704378779285676,0.9004216655187451,9.814814814814815,1.6325993563750463,3.533333333333333,
t2,2026-02-15,2026-02-16 23:00:00,2026-02-17 05:00:00,47.0,0.3637618411272703,0.08623022053580956,0.26049604197206194,0.8093350908728751,8.814814814814815,1.571675732793981,3.533333333333333,
t2,2026-02-16,2026-02-17 00:00:00,2026-02-17 06:00:00,24.0,0.33473287333503216,0.03380400231949249,0.23579092364738347,0.7930143291755434,7.787037037037038,1.367144601766733,3.3666666666666667,
t2,2026-02-16,2026-02-17 01:00:00,2026-02-17 07:00:00,25.0,0.3107983518330865,0.03812515703080269,0.19688145816870975,0.700291891906972,7.2592592592592595,1.2239045660635777,3.3000000000000003,
t2,2026-02-16,2026-02-17 02:00:00,2026-02-17 08:00:00,26.0,0.2517183820919852,0.0342472961533177,0.1671064235503427,0.6059694719018134,6.6944444444444455,1.227576655221353,3.4000000000000004,
t2,2026-02-16,2026-02-17 03:00:00,2026-02-17 09:00:00,27.0,0.1771697603269414,0.014504240900714505,0.08299053048695504,0.5187460106363531,6.194444444444444,1.6146990699259582,3.733333333333334,
t2,2026-02-16,2026-02-17 04:00:00,2026-02-17 10:00:00,28.0,0.1818425843133711,0.014450284834041385,0.08201410438512835,0.5452969493532303,5.851851851851852,2.3134625679915253,4.166666666666667,
t2,2026-02-16,2026-02-17 05:00:00,2026-02-17 11:00:00,29.0,0.1620130248315732,0.01486317888460803,0.10347587784670366,0.4818603461461573,5.453703703703703,2.3772866401734825,4.733333333333333,
t2,2026-02-16,2026-02-17 06:00:00,2026-02-17 12:00:00,30.0,0.1843734014224205,0.01723934170115922,0.12054868408494193,0.46575881793007856,4.787037037037037,2.9523391716335947,6.3,
t2,2026-02-16,2026-02-17 07:00:00,2026-02-17 13:00:00,31.0,0.18776739989323435,0.018562941839104535,0.15529052408239966,0.5197523432616383,4.6759259259259265,2.485813659010889,7.0,
t2,2026-02-16,2026-02-17 08:00:00,2026-02-17 14:00:00,32.0,0.23386946157503222,0.020076429064515122,0.17831526340472015,0.5805378616618471,5.268518518518518,2.6244242950899603,7.400000000000001,
t2,2026-02-16,2026-02-17 09:00:00,2026-02-17 15:00:00,33.0,0.3074653929732138,0.03655970065652367,0.23236605774728475,0.7003999199341364,5.7407407407407405,2.8974676754091933,7.966666666666666,
t2,2026-02-16,2026-02-17 10:00:00,2026-02-17 16:00:00,34.0,0.41009449455288344,0.058583220649667145,0.29316511710509047,0.8138890813577631,6.277777777777779,3.25616698846821,8.266666666666666,
t2,2026-02-16,2026-02-17 11:00:00,2026-02-17 17:00:00,35.0,0.5675470943442786,0.08407192494309651,0.4599831747831794,0.9156048519408871,6.916666666666667,3.6162356800721875,8.166666666666666,
t2,2026-02-16,2026-02-17 12:00:00,2026-02-17 18:00:00,36.0,0.6762765383479876,0.12680596547967216,0.6253072682686709,0.9744641376657184,8.537037037037036,1.9068454763776461,7.533333333333334,
t2,2026-02-16,2026-02-17 13:00:00,2026-02-17 19:00:00,37.0,0.7036109167442165,0.19243202610053184,0.6908436620753485,0.9697724138579131,9.36111111111111,2.677207177564885,6.599999999999999,
t2,2026-02-16,2026-02-17 14:00:00,2026-02-17 20:00:00,38.0,0.7648465006198738,0.30627164092700837,0.771991841856742,0.9712627546519386,10.055555555555557,3.4123730926522082,5.733333333333333,
t2,2026-02-16,2026-02-17 15:00:00,2026-02-17 21:00:00,39.0,0.7360918694209811,0.3159311538193326,0.7594888291327944,0.9675529154660824,10.712962962962962,3.54874927251517,5.266666666666667,
t2,2026-02-16,2026-02-17 16:00:00,2026-02-17 22:00:00,40.0,0.7302087423119668,0.3971782971657804,0.7654115669919461,0.9653829948005429,11.14814814814815,3.516970907206927,4.766666666666667,
t2,2026-02-16,2026-02-17 17:00:00,2026-02-17 23:00:00,41.0,0.7301354930196305,0.38941829079385754,0.7505759283064755,0.9650252854488686,10.879629629629632,2.984700355813255,4.566666666666667,
t2,2026-02-16,2026-02-17 18:00:00,2026-02-18 00:00:00,42.0,0.7942968425666046,0.47933241343803107,0.8160122741816351,0.967993604502279,11.203703703703704,2.1228353777795075,4.033333333333333,
t2,2026-02-16,2026-02-17 19:00:00,2026-02-18 01:00:00,43.0,0.8269825483688226,0.5375867480744935,0.8602475565393385,0.9667644127265085,11.685185185185185,1.260246073038537,3.933333333333333,
t2,2026-02-16,2026-02-17 20:00:00,2026-02-18 02:00:00,44.0,0.7973146146317545,0.5331139985240316,0.8411675224060541,0.9683803193135982,11.416666666666666,1.0974859036188007,3.6999999999999997,
t2,2026-02-16,2026-02-17 21:00:00,2026-02-18 03:00:00,45.0,0.7713444102426619,0.5166826814779124,0.8197165369915433,0.9666384535443888,11.435185185185185,1.2793870703271009,3.5666666666666664,
t2,2026-02-16,2026-02-17 22:00:00,2026-02-18 04:00:00,46.0,0.8206191297182385,0.5542624972699827,0.8425005174715101,0.9677199247852307,11.333333333333334,1.1121522899537561,3.366666666666667,
t2,2026-02-16,2026-02-17 23:00:00,2026-02-18 05:00:00,47.0,0.8225955534527909,0.5832093997571572,0.8677061887814616,0.9687704281668779,11.24074074074074,0.5169453648965878,3.233333333333333,
t2,2026-02-17,2026-02-18 00:00:00,2026-02-18 06:00:00,24.0,0.8327058561383853,0.6053844545158582,0.9069002482862412,0.9712392343583294,11.814814814814815,0.6176002276167517,3.4333333333333336,
t2,2026-02-17,2026-02-18 01:00:00,2026-02-18 07:00:00,25.0,0.8679365403916406,0.6796308817891692,0.9076497647203452,0.9721314827765569,12.638888888888888,0.8875858504816921,3.4333333333333336,
t2,2026-02-17,2026-02-18 02:00:00,2026-02-18 08:00:00,26.0,0.8992750750759023,0.7784427127057176,0.9391603274909583,0.9741647951413146,13.00925925925926,1.1112268458243157,3.4333333333333336,
t2,2026-02-17,2026-02-18 03:00:00,2026-02-18 09:00:00,27.0,0.9156265473260168,0.7889374640033098,0.9546017948817245,0.9740778678964117,12.953703703703704,0.7061968505803086,4.3999999999999995,
t2,2026-02-17,2026-02-18 04:00:00,2026-02-18 10:00:00,28.0,0.9207751435242187,0.8064145966018144,0.9657306173272517,0.9728523832192764,12.962962962962962,0.5835537502440268,6.400000000000001,
t2,2026-02-17,2026-02-18 05:00:00,2026-02-18 11:00:00,29.0,0.9287456386909583,0.8069912983588696,0.9670230795865334,0.9724502397830919,12.962962962962964,0.7926812861416469,8.5,
t2,2026-02-17,2026-02-18 06:00:00,2026-02-18 12:00:00,30.0,0.9342270550720357,0.8169250253972877,0.9670230795865334,0.9723765822751522,12.981481481481483,0.9363762125997399,9.933333333333334,
t2,2026-02-17,2026-02-18 07:00:00,2026-02-18 13:00:00,31.0,0.9346874752111503,0.8217742103645447,0.9667482152394563,0.9722719748174341,13.0,0.9765775461803854,11.233333333333334,
t2,2026-02-17,2026-02-18 08:00:00,2026-02-18 14:00:00,32.0,0.948787958088364,0.8666064957259264,0.9664165486734553,0.9720152312785462,12.99074074074074,1.6066349056847382,12.333333333333334,
t2,2026-02-17,2026-02-18 09:00:00,2026-02-18 15:00:00,33.0,0.933134597449972,0.839256554626816,0.9664138538575483,0.9720243152519809,12.833333333333334,1.3653561919382784,12.9,
t2,2026-02-17,2026-02-18 10:00:00,2026-02-18 16:00:00,34.0,0.9305537812417343,0.8061059556770227,0.9582078424810986,0.9706563575291672,12.731481481481483,1.122969131713732,12.666666666666666,
t2,2026-02-17,2026-02-18 11:00:00,2026-02-18 17:00:00,35.0,0.9069205668155805,0.7200380649217608,0.9507638808690557,0.9702190015237468,12.425925925925926,1.1032126673041838,11.766666666666666,
t2,2026-02-17,2026-02-18 12:00:00,2026-02-18 18:00:00,36.0,0.8749153437309628,0.6323246941943794,0.9277405187023493,0.970931102118884,11.555555555555557,1.2549285553418346,10.233333333333333,
t2,2026-02-17,2026-02-18 13:00:00,2026-02-18 19:00:00,37.0,0.8008587777805285,0.48333302873842654,0.8782696124063447,0.9696885990040321,10.537037037037038,1.073794663529238,8.933333333333335,
t2,2026-02-17,2026-02-18 14:00:00,2026-02-18 20:00:00,38.0,0.7588743107675255,0.42624027214573446,0.790303566970028,0.9656702998259414,10.444444444444445,1.6501496378087943,8.066666666666666,
t2,2026-02-17,2026-02-18 15:00:00,2026-02-18 21:00:00,39.0,0.7273814920351711,0.417339069370633,0.7740957308874847,0.9654645119393456,10.314814814814817,1.7946966913636877,7.433333333333334,
t2,2026-02-17,2026-02-18 16:00:00,2026-02-18 22:00:00,40.0,0.7384082087689203,0.4440886589007425,0.7958142465340492,0.9672015675085321,10.314814814814817,1.8258122945635524,6.933333333333334,
t2,2026-02-17,2026-02-18 17:00:00,2026-02-18 23:00:00,41.0,0.7505247101606574,0.4587390714516641,0.812710794900217,0.9582872888226399,10.555555555555555,1.3214166546962545,6.666666666666667,
t2,2026-02-17,2026-02-18 18:00:00,2026-02-19 00:00:00,42.0,0.7728985003231692,0.49865904081562074,0.8047708806508758,0.964027715456079,11.00925925925926,1.2833012662339642,6.366666666666666,
t2,2026-02-17,2026-02-18 19:00:00,2026-02-19 01:00:00,43.0,0.7525162370676912,0.49173840618006714,0.8364280384523015,0.9594478664922979,11.305555555555555,1.002696980432225,6.166666666666667,
t2,2026-02-17,2026-02-18 20:00:00,2026-02-19 02:00:00,44.0,0.7714286834740997,0.49417696985079596,0.838916871290375,0.9658460288654487,11.24074074074074,0.9786822416091714,5.866666666666667,
t2,2026-02-17,2026-02-18 21:00:00,2026-02-19 03:00:00,45.0,0.7617806570595465,0.485605548935242,0.8340061051763525,0.9588234039654365,11.425925925925926,1.4300385617408518,5.633333333333333,
t2,2026-02-17,2026-02-18 22:00:00,2026-02-19 04:00:00,46.0,0.7951059510317664,0.5218080747957815,0.8477209096910776,0.9606483912559755,11.231481481481481,1.3337190800022842,5.233333333333333,
t2,2026-02-17,2026-02-18 23:00:00,2026-02-19 05:00:00,47.0,0.7540400054068953,0.47209701338423815,0.8218952599343878,0.9619213486732858,10.953703703703704,1.3153689494780652,5.1,
t2,2026-02-18,2026-02-19 00:00:00,2026-02-19 06:00:00,24.0,0.5602266592470082,0.19098704821490292,0.5304471644289567,0.9421891348779718,9.925925925925927,0.7936541005222116,4.833333333333333,
t2,2026-02-18,2026-02-19 01:00:00,2026-02-19 07:00:00,25.0,0.4014337318310913,0.15854837542530503,0.4396569764440778,0.8737865334049143,9.314814814814815,0.9301754336943968,4.7,
t2,2026-02-18,2026-02-19 02:00:00,2026-02-19 08:00:00,26.0,0.35710539412806797,0.11283272706003317,0.3965045417213227,0.8732375256653565,9.231481481481481,2.1376860494681007,4.566666666666666,
t2,2026-02-18,2026-02-19 03:00:00,2026-02-19 09:00:00,27.0,0.3376189948529873,0.05475145310255344,0.2995946815252509,0.8100432686091956,8.435185185185185,2.0713234074948828,5.566666666666666,
t2,2026-02-18,2026-02-19 04:00:00,2026-02-19 10:00:00,28.0,0.47179078789428625,0.0865536347447058,0.4070002202075394,0.8576559065302148,8.277777777777779,2.2640166971421105,7.3,
t2,2026-02-18,2026-02-19 05:00:00,2026-02-19 11:00:00,29.0,0.5350566677807616,0.11774086969726373,0.4942351433149922,0.8932356254486759,8.185185185185185,1.8899778995811956,9.4,
t2,2026-02-18,2026-02-19 06:00:00,2026-02-19 12:00:00,30.0,0.38701630585527835,0.06925458340434586,0.3636606955023867,0.8587400526324761,7.666666666666668,2.661598192491047,11.5,
t2,2026-02-18,2026-02-19 07:00:00,2026-02-19 13:00:00,31.0,0.4466606297499995,0.050409992837882375,0.35764860204235266,0.7992329139509361,7.2592592592592595,1.861180208778109,13.200000000000001,
t2,2026-02-18,2026-02-19 08:00:00,2026-02-19 14:00:00,32.0,0.47922461133228716,0.0386123077297977,0.35141789897595666,0.8398709118749593,6.870370370370371,1.4153952173860056,14.166666666666666,
t2,2026-02-18,2026-02-19 09:00:00,2026-02-19 15:00:00,33.0,0.3633191106282744,0.05208580355661431,0.25411576664099417,0.7640651139928983,6.435185185185186,1.4490666784807138,14.4,
t2,2026-02-18,2026-02-19 10:00:00,2026-02-19 16:00:00,34.0,0.29633936776768915,0.02490627251619637,0.1827598905769742,0.7148205662833059,5.953703703703703,1.0944350441408666,14.299999999999999,
t2,2026-02-18,2026-02-19 11:00:00,2026-02-19 17:00:00,35.0,0.2910053382773883,0.015452015753515028,0.1738584084247777,0.6516597598468785,6.0092592592592595,0.8251137843968225,13.5,
t2,2026-02-18,2026-02-19 12:00:00,2026-02-19 18:00:00,36.0,0.24747998546191075,0.01031505915145346,0.12768373753919354,0.6049426799473047,5.787037037037037,1.070916495305631,11.466666666666667,
t2,2026-02-18,2026-02-19 13:00:00,2026-02-19 19:00:00,37.0,0.20466084878806926,0.009668352566682371,0.09518771615357596,0.5461728549146719,5.25,1.6944444444444444,9.700000000000001,
t2,2026-02-18,2026-02-19 14:00:00,2026-02-19 20:00:00,38.0,0.12529518316057683,0.008394859394854104,0.04120764026227757,0.39215055822522055,3.9629629629629632,3.031258617568677,8.5,
t2,2026-02-18,2026-02-19 15:00:00,2026-02-19 21:00:00,39.0,0.13599511444191129,0.009319716774976124,0.06934382574784059,0.4054863028022369,2.5462962962962963,3.3743235871477846,7.833333333333333,
t2,2026-02-18,2026-02-19 16:00:00,2026-02-19 22:00:00,40.0,0.24753854674204534,0.012524348898796424,0.11464800657893422,0.5456779459555597,3.1944444444444446,1.7587962353640814,7.766666666666667,
t2,2026-02-18,2026-02-19 17:00:00,2026-02-19 23:00:00,41.0,0.3425407141137952,0.014292894132013402,0.19321287416865954,0.7603939918130264,5.5555555555555545,0.7206178761707135,7.666666666666667,
t2,2026-02-18,2026-02-19 18:00:00,2026-02-20 00:00:00,42.0,0.4058912626080133,0.015838040240745175,0.22249697359375292,0.8916159149202321,6.787037037037038,2.0454581826463074,7.666666666666667,
t2,2026-02-18,2026-02-19 19:00:00,2026-02-20 01:00:00,43.0,0.3793059447831005,0.013241860944099943,0.23897570153523812,0.8862116193831265,6.7407407407407405,3.43999862426999,7.599999999999999,
t2,2026-02-18,2026-02-19 20:00:00,2026-02-20 02:00:00,44.0,0.39041047462278344,0.01727196524055383,0.2746691380992045,0.8189534320054606,5.87037037037037,4.339412876787174,7.966666666666666,
t2,2026-02-18,2026-02-19 21:00:00,2026-02-20 03:00:00,45.0,0.458187623009371,0.01911243096468022,0.3344378913596078,0.9095653005798995,5.962962962962963,3.831454182456496,8.299999999999999,
t2,2026-02-18,2026-02-19 22:00:00,2026-02-20 04:00:00,46.0,0.529223805664885,0.023565003485265842,0.3844480750208192,0.9116296879904893,6.287037037037037,3.3196865710547363,8.1,
t2,2026-02-18,2026-02-19 23:00:00,2026-02-20 05:00:00,47.0,0.4827212863355298,0.022953677988579488,0.338698739346236,0.8698846574932994,6.407407407407407,2.9247682895103164,7.633333333333334,
t2,2026-02-19,2026-02-20 00:00:00,2026-02-20 06:00:00,24.0,0.5764073111507575,0.04242122881781103,0.5253950627949877,0.9681755716716078,7.601851851851852,1.6560619409500883,7.533333333333334,
t2,2026-02-19,2026-02-20 01:00:00,2026-02-20 07:00:00,25.0,0.6097016302021131,0.04302434940256736,0.5542694177109475,0.9938584032444326,8.194444444444445,1.5002571795989756,7.566666666666667,
t2,2026-02-19,2026-02-20 02:00:00,2026-02-20 08:00:00,26.0,0.5932846654314732,0.04872545590146508,0.5504569955256836,0.9725768288726757,8.666666666666666,1.6729049916570606,7.633333333333333,
t2,2026-02-19,2026-02-20 03:00:00,2026-02-20 09:00:00,27.0,0.5380559060334951,0.04010916006104539,0.5220641468559737,0.9463250287937759,8.574074074074074,1.545686284643484,8.433333333333334,
t2,2026-02-19,2026-02-20 04:00:00,2026-02-20 10:00:00,28.0,0.4475716680118278,0.04375752820129928,0.41392769883263986,0.8865709772980094,7.935185185185186,1.2501028764250135,10.1,
t2,2026-02-19,2026-02-20 05:00:00,2026-02-20 11:00:00,29.0,0.3359081769726703,0.038838502659061136,0.2549786281012348,0.7374111685631626,6.712962962962963,1.0039787104459965,11.700000000000001,
t2,2026-02-19,2026-02-20 06:00:00,2026-02-20 12:00:00,30.0,0.274376794308305,0.025009292633639102,0.19027636137547205,0.7038263034748032,6.981481481481481,0.9062256098605237,12.133333333333333,
t2,2026-02-19,2026-02-20 07:00:00,2026-02-20 13:00:00,31.0,0.2126141199014612,0.012650172738680736,0.15529543248016456,0.6636584328364029,6.398148148148149,0.8581190551183452,13.200000000000001,
t2,2026-02-19,2026-02-20 08:00:00,2026-02-20 14:00:00,32.0,0.1750815515421853,0.010636260055416208,0.12398759402185539,0.5207612745464101,5.6944444444444455,0.7949493345141216,13.866666666666667,
t2,2026-02-19,2026-02-20 09:00:00,2026-02-20 15:00:00,33.0,0.14153690291800047,0.008141651813686543,0.09871072720552285,0.40155473804562186,5.157407407407407,0.42157601621600804,13.933333333333335,
t2,2026-02-19,2026-02-20 10:00:00,2026-02-20 16:00:00,34.0,0.12445991710107017,0.008761621658660013,0.07211879857717336,0.36699976259104233,4.833333333333334,0.16896562584161742,13.466666666666667,
t2,2026-02-19,2026-02-20 11:00:00,2026-02-20 17:00:00,35.0,0.11493517766856463,0.008503433254987019,0.05600854729288613,0.32246820698630185,4.481481481481482,0.6213370025854678,12.4,
t2,2026-02-19,2026-02-20 12:00:00,2026-02-20 18:00:00,36.0,0.1669781876487291,0.00924579211074146,0.09122400502577208,0.38295548651002825,3.611111111111112,1.167658308721317,11.033333333333333,
t2,2026-02-19,2026-02-20 13:00:00,2026-02-20 19:00:00,37.0,0.21428725222444522,0.011972017333209756,0.1323567991064523,0.48143142544911877,2.8518518518518525,1.3755844249947242,9.299999999999999,
t2,2026-02-19,2026-02-20 14:00:00,2026-02-20 20:00:00,38.0,0.27739952281731584,0.00830157405706651,0.1801882102144283,0.64168865209125,5.5740740740740735,2.685312896068955,8.466666666666667,
t2,2026-02-19,2026-02-20 15:00:00,2026-02-20 21:00:00,39.0,0.3672564633845481,0.026100477306971518,0.28930322455851804,0.8830470234774831,7.092592592592593,4.824091846132046,7.566666666666667,
t2,2026-02-19,2026-02-20 16:00:00,2026-02-20 22:00:00,40.0,0.5595650106794074,0.04903266015037798,0.4660373491198237,0.9609761069497282,7.990740740740741,6.308328644582956,7.266666666666667,
t2,2026-02-19,2026-02-20 17:00:00,2026-02-20 23:00:00,41.0,0.6230454826312237,0.13272700037558305,0.5389753042492159,0.9766019254026067,9.222222222222223,5.966211445494174,7.133333333333333,
t2,2026-02-19,2026-02-20 18:00:00,2026-02-21 00:00:00,42.0,0.6734857106100801,0.2487297782663306,0.6541773178644622,0.9590149215524163,10.62037037037037,3.5644780985757705,6.766666666666667,
t2,2026-02-19,2026-02-20 19:00:00,2026-02-21 01:00:00,43.0,0.67123179493793,0.2652231900834374,0.6739827407988618,0.9668466207011992,10.694444444444445,3.617195728499028,6.3,
t2,2026-02-19,2026-02-20 20:00:00,2026-02-21 02:00:00,44.0,0.6711537715806636,0.27356053902527194,0.6577693337571769,0.9686809585867838,10.666666666666666,3.338884266959271,5.8,
t2,2026-02-19,2026-02-20 21:00:00,2026-02-21 03:00:00,45.0,0.6684368790507806,0.2645199977452962,0.6356756287469391,0.9612681336045507,10.305555555555555,3.2809542047744533,5.466666666666666,
t2,2026-02-19,2026-02-20 22:00:00,2026-02-21 04:00:00,46.0,0.6358420485977994,0.2778770306912535,0.6168600928715148,0.953147649107269,9.972222222222223,3.030325126182069,5.066666666666666,
t2,2026-02-19,2026-02-20 23:00:00,2026-02-21 05:00:00,47.0,0.6338618580331924,0.2929318832254689,0.5809499544456421,0.9632311852612276,9.87037037037037,2.3953938136836177,4.7,
t2,2026-02-20,2026-02-21 00:00:00,2026-02-21 06:00:00,24.0,0.6475690487908627,0.2896509225938344,0.6184109667055523,0.9703815311534506,10.083333333333334,1.5338264102531691,4.433333333333334,
t2,2026-02-20,2026-02-21 01:00:00,2026-02-21 07:00:00,25.0,0.5847291652589328,0.21206813021457763,0.5581174625415241,0.9641306005094432,9.833333333333334,1.7329415511646908,4.433333333333334,
t2,2026-02-20,2026-02-21 02:00:00,2026-02-21 08:00:00,26.0,0.5240474716533499,0.13313915616218686,0.49061580281805167,0.9402445669776861,10.009259259259261,2.0679680291405202,4.8,
t2,2026-02-20,2026-02-21 03:00:00,2026-02-21 09:00:00,27.0,0.5096726536142369,0.11584191491096132,0.47096933043728584,0.8820369888404211,9.083333333333334,0.9308664488953354,5.800000000000001,
t2,2026-02-20,2026-02-21 04:00:00,2026-02-21 10:00:00,28.0,0.3426435318705497,0.049275684431107594,0.25448044031245887,0.8564153673517033,7.166666666666667,3.2156302302624566,7.166666666666667,
t2,2026-02-20,2026-02-21 05:00:00,2026-02-21 11:00:00,29.0,0.49979892521047603,0.09656960577312976,0.4017748300838059,0.9198304008118018,4.4259259259259265,2.6789838992629815,8.233333333333334,
t2,2026-02-20,2026-02-21 06:00:00,2026-02-21 12:00:00,30.0,0.7028996891257463,0.29720971684983355,0.7220515268447493,0.9835121528928217,8.138888888888888,7.057031779074273,8.6,
t2,2026-02-20,2026-02-21 07:00:00,2026-02-21 13:00:00,31.0,0.8552713952324722,0.5115987467150893,0.9358806760192611,0.9725399653122715,15.231481481481483,2.9959248728266528,8.766666666666667,
t2,2026-02-20,2026-02-21 08:00:00,2026-02-21 14:00:00,32.0,0.8769717548754318,0.6806909860415011,0.9407312409947239,0.9731474871245519,13.287037037037038,1.251645008114301,8.466666666666667,
t2,2026-02-20,2026-02-21 09:00:00,2026-02-21 15:00:00,33.0,0.8614906158483632,0.6009103286533752,0.9230458527516784,0.9712567155470347,14.00925925925926,2.5139016778884846,8.4,
t2,2026-02-20,2026-02-21 10:00:00,2026-02-21 16:00:00,34.0,0.808992259021426,0.4844410160995991,0.8644814570144207,0.9713768379582238,12.111111111111112,1.3491538271756556,7.8,
t2,2026-02-20,2026-02-21 11:00:00,2026-02-21 17:00:00,35.0,0.7120680668808596,0.3794044757051785,0.75537144087242,0.9713184184285041,11.120370370370372,1.4493328960668082,7.5,
t2,2026-02-20,2026-02-21 12:00:00,2026-02-21 18:00:00,36.0,0.5936627475843147,0.2186714149769578,0.5987303366436777,0.9240782707815445,9.99074074074074,2.03107291884021,7.1000000000000005,
t2,2026-02-20,2026-02-21 13:00:00,2026-02-21 19:00:00,37.0,0.4672190505972643,0.1171762397981879,0.4407348590935609,0.8772238529580122,9.472222222222221,2.456253043223698,6.133333333333333,
t2,2026-02-20,2026-02-21 14:00:00,2026-02-21 20:00:00,38.0,0.3837415885197254,0.0319297383819868,0.34550385616988744,0.8306505068961779,8.231481481481483,3.1429832359398895,5.266666666666667,
t2,2026-02-20,2026-02-21 15:00:00,2026-02-21 21:00:00,39.0,0.3101580151941877,0.023331122782716984,0.2365943549395318,0.7824601269722767,6.787037037037037,3.0059525992281686,4.966666666666666,
t2,2026-02-20,2026-02-21 16:00:00,2026-02-21 22:00:00,40.0,0.22415817784673694,0.016259027477326646,0.1281561483333779,0.6473072054394792,5.592592592592593,1.847657286554969,4.666666666666667,
t2,2026-02-20,2026-02-21 17:00:00,2026-02-21 23:00:00,41.0,0.17597374763997564,0.010130246792720217,0.09391636315982228,0.46514543138456904,5.212962962962963,0.8630503850171145,4.466666666666667,
t2,2026-02-20,2026-02-21 18:00:00,2026-02-22 00:00:00,42.0,0.14998924744838052,0.00935583764361702,0.08637983386089901,0.44945999021386784,4.185185185185185,1.78737283354384,4.266666666666667,
t2,2026-02-20,2026-02-21 19:00:00,2026-02-22 01:00:00,43.0,0.12488907083685506,0.008797338047345052,0.06392494204023366,0.3430582364671254,4.0,1.8208751796191545,3.733333333333333,
t2,2026-02-20,2026-02-21 20:00:00,2026-02-22 02:00:00,44.0,0.08494526412521652,0.008302028310222594,0.034076380386832306,0.24427423154395897,3.6203703703703702,1.40554823596396,3.1999999999999997,
t2,2026-02-20,2026-02-21 21:00:00,2026-02-22 03:00:00,45.0,0.0810971979900143,0.008152256472211817,0.022744552376140377,0.24381850286152934,3.1296296296296298,1.1707380458567411,2.6666666666666665,
t2,2026-02-20,2026-02-21 22:00:00,2026-02-22 04:00:00,46.0,0.0742428849779734,0.008285807093772529,0.021904256874573917,0.21225354063741422,2.564814814814815,1.207401726866892,2.3000000000000003,
t2,2026-02-20,2026-02-21 23:00:00,2026-02-22 05:00:00,47.0,0.07019394784300079,0.008282633447187613,0.02641980000061,0.21032645210294315,2.222222222222222,0.829621362392671,2.066666666666667,
t2,2026-02-21,2026-02-22 00:00:00,2026-02-22 06:00:00,24.0,0.11157554557198454,0.0018019665684668271,0.05034245988818084,0.32509852326311267,1.5185185185185184,1.2223274365487824,2.1333333333333333,
t2,2026-02-21,2026-02-22 01:00:00,2026-02-22 07:00:00,25.0,0.19603732240476804,0.0023366933705353792,0.09692603157304991,0.4606498409191409,2.824074074074074,2.3665514665059364,2.1,
t2,2026-02-21,2026-02-22 02:00:00,2026-02-22 08:00:00,26.0,0.2861748541160398,0.022687440739107854,0.23552320308826885,0.7294081685755369,5.935185185185186,3.867434204366363,1.9666666666666668,
t2,2026-02-21,2026-02-22 03:00:00,2026-02-22 09:00:00,27.0,0.4700987860933612,0.05264008310868021,0.4249469445632011,0.9623832846344009,7.787037037037038,4.208524320320903,2.4333333333333336,
t2,2026-02-21,2026-02-22 04:00:00,2026-02-22 10:00:00,28.0,0.611616203358617,0.14954578271500413,0.5807315484344414,0.9743347875058599,8.935185185185185,4.412763241311311,4.233333333333333,
t2,2026-02-21,2026-02-22 05:00:00,2026-02-22 11:00:00,29.0,0.7156140270378489,0.2208192018998808,0.7279637891964287,0.9778749954671937,9.481481481481481,4.99245830405177,6.166666666666667,
t2,2026-02-21,2026-02-22 06:00:00,2026-02-22 12:00:00,30.0,0.8930780274649491,0.5462944327119118,0.9352899876896165,0.9744323798587876,11.064814814814815,2.0378996490072487,7.6000000000000005,
t2,2026-02-21,2026-02-22 07:00:00,2026-02-22 13:00:00,31.0,0.9009248340542666,0.6442498286898563,0.9565655340887679,0.9724617873164668,11.472222222222221,1.5666765169115073,8.6,
t2,2026-02-21,2026-02-22 08:00:00,2026-02-22 14:00:00,32.0,0.8986617694227778,0.6668629712742704,0.9705712140542226,0.9750473219896103,11.203703703703704,1.2216960146711506,9.133333333333333,
t2,2026-02-21,2026-02-22 09:00:00,2026-02-22 15:00:00,33.0,0.8869925562269635,0.6895210971512685,0.9663438018465264,0.9758874966944218,10.925925925925926,1.3501066868376075,9.4,
t2,2026-02-21,2026-02-22 10:00:00,2026-02-22 16:00:00,34.0,0.8804843244808432,0.5820313872508132,0.9528279163622148,0.977845752062833,10.537037037037038,1.4725715867791618,9.466666666666667,
t2,2026-02-21,2026-02-22 11:00:00,2026-02-22 17:00:00,35.0,0.8077221997802149,0.43178019360781744,0.8489312904875201,0.9772368469278699,10.527777777777777,2.181749496206549,9.1,
t2,2026-02-21,2026-02-22 12:00:00,2026-02-22 18:00:00,36.0,0.7103198983294746,0.2303842483730203,0.7273871987079988,0.9882838015330521,10.083333333333334,2.403861348479993,8.3,
t2,2026-02-21,2026-02-22 13:00:00,2026-02-22 19:00:00,37.0,0.5578087727676687,0.10401919714240868,0.5242837979264556,0.9789336828110995,9.592592592592593,2.894270272715151,6.8999999999999995,
t2,2026-02-21,2026-02-22 14:00:00,2026-02-22 20:00:00,38.0,0.3647958069055864,0.03952484424433636,0.25832804023841544,0.8990005288658413,8.407407407407408,2.875011182658517,5.833333333333333,
t2,2026-02-21,2026-02-22 15:00:00,2026-02-22 21:00:00,39.0,0.2573604338423774,0.022053097295406873,0.14898319696920395,0.761629713742224,7.314814814814814,2.8340594567007984,5.066666666666666,
t2,2026-02-21,2026-02-22 16:00:00,2026-02-22 22:00:00,40.0,0.21199995863576698,0.008360955640940092,0.09893231383416408,0.6825404497583681,6.537037037037037,2.7234029941073277,4.366666666666666,
t2,2026-02-21,2026-02-22 17:00:00,2026-02-22 23:00:00,41.0,0.20887212168824948,0.006948372520589116,0.08572038466090187,0.6250417418216697,5.518518518518519,2.987930109197429,3.6666666666666665,
t2,2026-02-21,2026-02-22 18:00:00,2026-02-23 00:00:00,42.0,0.158761500421553,0.008161671140851763,0.06990921059062774,0.45919985447964434,4.62037037037037,1.821581301016782,3.266666666666667,
t2,2026-02-21,2026-02-22 19:00:00,2026-02-23 01:00:00,43.0,0.15823672919635043,0.008476888990236405,0.0643677834253047,0.42245192620147476,4.555555555555556,1.5949863577728434,2.9,
t2,2026-02-21,2026-02-22 20:00:00,2026-02-23 02:00:00,44.0,0.1326360190845132,0.008554355029304654,0.048004885435501375,0.36140272819939917,4.231481481481482,1.6796561719492114,2.766666666666667,
t2,2026-02-21,2026-02-22 21:00:00,2026-02-23 03:00:00,45.0,0.13386854490433495,0.008457217361781576,0.04465906188844663,0.36101852338083934,3.9444444444444446,2.108368101016214,2.6666666666666665,
t2,2026-02-21,2026-02-22 22:00:00,2026-02-23 04:00:00,46.0,0.12232661909815043,0.008357791756545302,0.035887379024336516,0.3226119491059315,3.898148148148149,2.0729990600288897,2.6333333333333333,
t2,2026-02-21,2026-02-22 23:00:00,2026-02-23 05:00:00,47.0,0.12218499173909535,0.008375554351738947,0.01897848213634332,0.35265052326739493,3.5462962962962963,2.6845944433196762,2.466666666666667,
t2,2026-02-22,2026-02-23 00:00:00,2026-02-23 06:00:00,24.0,0.1094527547119073,0.00885128767761615,0.023715803999836478,0.28594821521400055,3.1111111111111107,1.7429310491167769,2.3000000000000003,
t2,2026-02-22,2026-02-23 01:00:00,2026-02-23 07:00:00,25.0,0.10967877267902194,0.008894199921304354,0.024947255971123745,0.300119079738141,2.722222222222222,0.5534683012547578,2.1666666666666665,
t2,2026-02-22,2026-02-23 02:00:00,2026-02-23 08:00:00,26.0,0.11373693556333236,0.00852281135690663,0.02225420920318276,0.27966197130880655,2.064814814814815,1.4793677049957399,2.4333333333333336,
t2,2026-02-22,2026-02-23 03:00:00,2026-02-23 09:00:00,27.0,0.10984598062677282,0.008538894394051196,0.02792174910777076,0.3156221715288244,2.351851851851852,1.4088382103281623,3.5666666666666664,
t2,2026-02-22,2026-02-23 04:00:00,2026-02-23 10:00:00,28.0,0.13817929293338302,0.008611243251028076,0.057644257606603494,0.36578858254419755,2.8888888888888893,2.1247730452514597,5.3999999999999995,
t2,2026-02-22,2026-02-23 05:00:00,2026-02-23 11:00:00,29.0,0.1899819619960233,0.012167486523316843,0.09246739311854388,0.4904839267762412,3.6018518518518525,1.908867653915433,7.1000000000000005,
t2,2026-02-22,2026-02-23 06:00:00,2026-02-23 12:00:00,30.0,0.2156040306725293,0.018225672888726875,0.14506637354646826,0.5654160501804374,3.7129629629629632,1.4995712693198504,8.5,
t2,2026-02-22,2026-02-23 07:00:00,2026-02-23 13:00:00,31.0,0.3435270730661253,0.03391176959019808,0.2770038927506577,0.7268153169501689,5.305555555555555,0.728074579004509,8.933333333333334,
t2,2026-02-22,2026-02-23 08:00:00,2026-02-23 14:00:00,32.0,0.4633232236399674,0.06287857872181546,0.3920685205665809,0.8831780571122646,7.805555555555556,1.5282827448309904,8.866666666666667,
t2,2026-02-22,2026-02-23 09:00:00,2026-02-23 15:00:00,33.0,0.5607424864607167,0.11666667452875219,0.44547051094806933,0.9322075126237642,8.703703703703704,1.9771716715879881,8.6,
t2,2026-02-22,2026-02-23 10:00:00,2026-02-23 16:00:00,34.0,0.5927004730078461,0.16093182564028033,0.5486052796756565,0.9558299758829142,8.574074074074074,0.920167277689248,7.833333333333333,
t2,2026-02-22,2026-02-23 11:00:00,2026-02-23 17:00:00,35.0,0.6340170787413978,0.24553676073030015,0.6456236075677845,0.9648138738910177,9.370370370370372,0.9923835462565163,7.0,
t2,2026-02-22,2026-02-23 12:00:00,2026-02-23 18:00:00,36.0,0.7574622483862488,0.37827309683696486,0.777483620510106,0.9699500569814951,10.222222222222221,1.309096851994242,6.266666666666666,
t2,2026-02-22,2026-02-23 13:00:00,2026-02-23 19:00:00,37.0,0.7757146574520175,0.4147701751494127,0.7939290024840275,0.9793006672224323,10.657407407407407,1.2904962837746623,5.433333333333333,
t2,2026-02-22,2026-02-23 14:00:00,2026-02-23 20:00:00,38.0,0.7776910549238949,0.4633461830996827,0.8153296760816521,0.9762588517743866,10.50925925925926,1.3912017778996966,4.7,
t2,2026-02-22,2026-02-23 15:00:00,2026-02-23 21:00:00,39.0,0.7645660429992722,0.5496669096216298,0.838031446266232,0.9693733469324437,10.083333333333334,1.0911399634112422,4.033333333333334,
t2,2026-02-22,2026-02-23 16:00:00,2026-02-23 22:00:00,40.0,0.8056596963142955,0.5303569471038645,0.864975229321548,0.9771289718268092,9.546296296296296,1.5812201622943252,3.1666666666666665,
t2,2026-02-22,2026-02-23 17:00:00,2026-02-23 23:00:00,41.0,0.8714296831197913,0.7047098863608926,0.9306462432448721,0.9771726642287198,10.63888888888889,0.7876359377087683,2.1,
t2,2026-02-22,2026-02-23 18:00:00,2026-02-24 00:00:00,42.0,0.9028615933905181,0.7737514075326022,0.9362681537307582,0.9777306267464726,11.592592592592595,0.48934112080458647,1.0999999999999999,
t2,2026-02-22,2026-02-23 19:00:00,2026-02-24 01:00:00,43.0,0.9034182013899753,0.7570416223703489,0.9330539510353365,0.9782253554978406,11.620370370370372,0.2625453125695884,0.13333333333333333,
t2,2026-02-22,2026-02-23 20:00:00,2026-02-24 02:00:00,44.0,0.884769478538892,0.7208560911531063,0.938989557341211,0.9789899043005605,11.740740740740742,0.7664519291324018,-0.6666666666666666,
t2,2026-02-22,2026-02-23 21:00:00,2026-02-24 03:00:00,45.0,0.856938898176347,0.6559447922137701,0.9258579887211977,0.9788991812269433,11.629629629629632,1.1406941428674109,-1.0999999999999999,
t2,2026-02-22,2026-02-23 22:00:00,2026-02-24 04:00:00,46.0,0.833128484271366,0.600079986838255,0.9143718894046395,0.9780833067498181,11.379629629629628,1.2289377794842276,-1.6333333333333335,
t2,2026-02-22,2026-02-23 23:00:00,2026-02-24 05:00:00,47.0,0.8123240713906904,0.5557018139039295,0.8723149704168998,0.9773079317910853,11.222222222222223,1.2288331311441492,-1.8333333333333333,
t2,2026-02-23,2026-02-24 00:00:00,2026-02-24 06:00:00,24.0,0.7530459957048787,0.3600145763061944,0.8004059582770676,0.9754603960574659,10.046296296296298,1.4804104925112656,-2.1,
t2,2026-02-23,2026-02-24 01:00:00,2026-02-24 07:00:00,25.0,0.7198075540448367,0.3349931334964127,0.7689442006166504,0.9731628125098407,9.907407407407408,1.6190735551403261,-2.2666666666666666,
t2,2026-02-23,2026-02-24 02:00:00,2026-02-24 08:00:00,26.0,0.6727934237210875,0.2524343295333226,0.6974063511383061,0.9677964361002444,9.703703703703704,1.7341284975717723,-2.433333333333333,
t2,2026-02-23,2026-02-24 03:00:00,2026-02-24 09:00:00,27.0,0.6534052561614282,0.19309099354427936,0.6728964941247617,0.9653423517275155,9.5,1.682104428578076,-2.1333333333333333,
t2,2026-02-23,2026-02-24 04:00:00,2026-02-24 10:00:00,28.0,0.5604396733840886,0.1963820416888065,0.5668349736516858,0.9378111405614717,9.222222222222223,1.543354931454345,-1.5666666666666664,
t2,2026-02-23,2026-02-24 05:00:00,2026-02-24 11:00:00,29.0,0.5214192950947648,0.17050006380376345,0.5438064936753635,0.9053642515477747,9.111111111111112,1.2729376930432887,-1.0999999999999999,
t2,2026-02-23,2026-02-24 06:00:00,2026-02-24 12:00:00,30.0,0.4950406090636943,0.17679964446691843,0.4902082940777686,0.8875224888936419,9.018518518518519,1.2697007197349592,-0.5666666666666667,
t2,2026-02-23,2026-02-24 07:00:00,2026-02-24 13:00:00,31.0,0.49813794219968394,0.1682239433883814,0.4950826841971224,0.8639234766192486,8.962962962962964,1.5215360713637074,-0.06666666666666665,
t2,2026-02-23,2026-02-24 08:00:00,2026-02-24 14:00:00,32.0,0.5214732401258142,0.16637741920763122,0.507416179106541,0.8980081570088752,8.861111111111112,1.5840641588203617,0.2333333333333333,
t2,2026-02-23,2026-02-24 09:00:00,2026-02-24 15:00:00,33.0,0.5163507291256401,0.14578238014190242,0.5014044965002947,0.8934930587320667,8.851851851851853,1.4892447059629534,0.19999999999999996,
t2,2026-02-23,2026-02-24 10:00:00,2026-02-24 16:00:00,34.0,0.48961238444992305,0.14396473220625855,0.469903564747329,0.8715260512312875,8.86111111111111,1.5413538221116756,0.03333333333333329,
t2,2026-02-23,2026-02-24 11:00:00,2026-02-24 17:00:00,35.0,0.39366369615135477,0.0665102803345413,0.37432534259885725,0.8236442235051844,8.592592592592593,1.4764962418724181,-0.16666666666666666,
t2,2026-02-23,2026-02-24 12:00:00,2026-02-24 18:00:00,36.0,0.34825283968615045,0.04061307496220944,0.32917055127273254,0.7838324076836787,7.620370370370371,0.6817355605259245,-0.26666666666666666,
t2,2026-02-23,2026-02-24 13:00:00,2026-02-24 19:00:00,37.0,0.29498990528082714,0.025237709856511005,0.23868760215865686,0.7775903333235061,7.268518518518519,0.8634972912617968,-0.5666666666666668,
t2,2026-02-23,2026-02-24 14:00:00,2026-02-24 20:00:00,38.0,0.2188177607432848,0.013195987680299844,0.14000112583717786,0.7065276661992761,6.703703703703703,0.7034599967860212,-0.8333333333333334,
t2,2026-02-23,2026-02-24 15:00:00,2026-02-24 21:00:00,39.0,0.18332764642155489,0.01031949020144363,0.12160195538962391,0.5187916475984247,5.8240740740740735,0.45247376751372625,-0.9,
t2,2026-02-23,2026-02-24 16:00:00,2026-02-24 22:00:00,40.0,0.1346366436827447,0.007330328779127936,0.0662359629062517,0.36054941476291763,4.796296296296297,0.4169751944147296,-1.0,
t2,2026-02-23,2026-02-24 17:00:00,2026-02-24 23:00:00,41.0,0.09189445154154958,0.002540387328465195,0.02348271939494594,0.23903658294745728,4.018518518518518,0.6062517235137351,-1.1666666666666665,
t2,2026-02-23,2026-02-24 18:00:00,2026-02-25 00:00:00,42.0,0.06725594621330165,0.0023050524811559867,0.017731124012738728,0.1880941417318151,1.8796296296296298,0.5280213862734537,-1.4000000000000001,
t2,2026-02-23,2026-02-24 19:00:00,2026-02-25 01:00:00,43.0,0.0629702377143727,0.008387232703855817,0.015364903750287597,0.18766574512131134,0.9629629629629629,0.5619996631664266,-1.5333333333333332,
t2,2026-02-23,2026-02-24 20:00:00,2026-02-25 02:00:00,44.0,0.06347582608613125,0.008452045747607481,0.015922338685866635,0.188750829127352,0.6481481481481481,0.1849535588466498,-1.5666666666666667,
t2,2026-02-23,2026-02-24 21:00:00,2026-02-25 03:00:00,45.0,0.07825217801216695,0.008848929182438525,0.022858068759622728,0.21306741733593082,1.0555555555555556,0.7997877804937761,-1.6000000000000003,
t2,2026-02-23,2026-02-24 22:00:00,2026-02-25 04:00:00,46.0,0.11262319676967082,0.008566181874510815,0.04474327836661973,0.29795960422585704,1.8333333333333333,0.9464847243000455,-1.5,
t2,2026-02-23,2026-02-24 23:00:00,2026-02-25 05:00:00,47.0,0.16196181513294747,0.011051695851148288,0.08468484734692716,0.43737858054559997,2.8518518518518516,1.4148499607812246,-1.2333333333333334,
t2,2026-02-24,2026-02-25 00:00:00,2026-02-25 06:00:00,24.0,0.1374888256394827,0.008976387283005477,0.07727593653737243,0.3882262227440964,3.2129629629629632,2.521716379361959,-1.0666666666666667,
t2,2026-02-24,2026-02-25 01:00:00,2026-02-25 07:00:00,25.0,0.17384136972390446,0.008784943782469433,0.09471658962637827,0.5122821046657374,4.1759259259259265,2.5477436963687756,-0.8333333333333334,
t2,2026-02-24,2026-02-25 02:00:00,2026-02-25 08:00:00,26.0,0.19938682143554148,0.008938629644637836,0.12635303659000827,0.5399561665081533,5.009259259259259,2.32809155491485,-0.3333333333333333,
t2,2026-02-24,2026-02-25 03:00:00,2026-02-25 09:00:00,27.0,0.17794859981840067,0.00886451189932913,0.1352886883264545,0.5119811347996804,5.453703703703703,1.98418386161863,-0.03333333333333333,
t2,2026-02-24,2026-02-25 04:00:00,2026-02-25 10:00:00,28.0,0.1518595747681738,0.008239545203855596,0.09939211425885817,0.4369634695429311,5.037037037037037,1.3235559721910646,0.5,
t2,2026-02-24,2026-02-25 05:00:00,2026-02-25 11:00:00,29.0,0.08847767187649769,0.008304587622327544,0.030216606249339355,0.28734835358189204,4.287037037037037,1.3626219883473083,1.1666666666666667,
t2,2026-02-24,2026-02-25 06:00:00,2026-02-25 12:00:00,30.0,0.07691033594155491,0.009004297144555248,0.033790413709007615,0.2669961470144678,3.3796296296296298,2.0039184864688293,1.5666666666666667,
t2,2026-02-24,2026-02-25 07:00:00,2026-02-25 13:00:00,31.0,0.07979367746814217,0.009550161945652166,0.031458365806694706,0.2492540967653003,3.175925925925926,1.6502275687936454,2.1666666666666665,
t2,2026-02-24,2026-02-25 08:00:00,2026-02-25 14:00:00,32.0,0.07637390539746142,0.008958671899525423,0.014202169540179685,0.22850202665277472,3.018518518518519,1.614061793504521,2.6999999999999997,
t2,2026-02-24,2026-02-25 09:00:00,2026-02-25 15:00:00,33.0,0.06623817066521107,0.008662502998253524,0.014009070359150652,0.24861916039230308,2.5,2.2116065888181162,3.1333333333333333,
t2,2026-02-24,2026-02-25 10:00:00,2026-02-25 16:00:00,34.0,0.07270450968666439,0.008470241500874606,0.021151169541259392,0.2515966987897371,2.0185185185185186,2.485813659010889,2.766666666666667,
t2,2026-02-24,2026-02-25 11:00:00,2026-02-25 17:00:00,35.0,0.08934599379483027,0.008099577803795747,0.022061171412835565,0.27052416269358803,2.8981481481481484,2.0299328984024227,2.1333333333333333,
t2,2026-02-24,2026-02-25 12:00:00,2026-02-25 18:00:00,36.0,0.12334272934729304,0.00900281588037281,0.05706688525235966,0.35985117637684333,2.944444444444444,2.2194427061597977,1.4333333333333333,
t2,2026-02-24,2026-02-25 13:00:00,2026-02-25 19:00:00,37.0,0.14712466268026786,0.008087958041975764,0.09321698217121752,0.40019334575909016,3.425925925925926,1.8403345553784956,0.7333333333333334,
t2,2026-02-24,2026-02-25 14:00:00,2026-02-25 20:00:00,38.0,0.22384310083723477,0.007773174706440633,0.12688102613810479,0.5400426384615541,3.7962962962962963,3.035455776246349,0.6,
t2,2026-02-24,2026-02-25 15:00:00,2026-02-25 21:00:00,39.0,0.2871714172518549,0.02134489375862005,0.21563905983214277,0.6751096065491848,4.583333333333333,4.123479892003002,0.3333333333333333,
t2,2026-02-24,2026-02-25 16:00:00,2026-02-25 22:00:00,40.0,0.362820737235791,0.034255875234678934,0.32533325371302063,0.8533050619782687,5.268518518518518,3.3271161155106284,0.3333333333333333,
t2,2026-02-24,2026-02-25 17:00:00,2026-02-25 23:00:00,41.0,0.5587151417579475,0.06698819904510062,0.4818915445551517,0.9831995559770186,7.490740740740741,2.414643682870485,0.43333333333333335,
t2,2026-02-24,2026-02-25 18:00:00,2026-02-26 00:00:00,42.0,0.6922369691773363,0.18249748745068636,0.6461123074332018,0.9899726499224719,9.601851851851853,2.487054962567429,0.8000000000000002,
t2,2026-02-24,2026-02-25 19:00:00,2026-02-26 01:00:00,43.0,0.749620299522472,0.2902264624714401,0.7496218828344721,0.9782133005323954,10.666666666666666,2.307562713993348,0.8666666666666667,
t2,2026-02-24,2026-02-25 20:00:00,2026-02-26 02:00:00,44.0,0.7691725630373718,0.3735486492598904,0.8199454254364492,0.9796850244615954,11.101851851851853,2.1953818907175426,0.8666666666666666,
t2,2026-02-24,2026-02-25 21:00:00,2026-02-26 03:00:00,45.0,0.7585467656018836,0.3719104552247186,0.8093507229663729,0.9784726880052883,10.916666666666666,2.1204108034314113,0.7999999999999999,
t2,2026-02-24,2026-02-25 22:00:00,2026-02-26 04:00:00,46.0,0.8139671535217196,0.5473627735440937,0.8952805564915131,0.973820743586777,11.731481481481481,0.35825078003987165,0.7999999999999999,
t2,2026-02-24,2026-02-25 23:00:00,2026-02-26 05:00:00,47.0,0.8050379333326433,0.49949815827464666,0.877086024372428,0.9757584391579717,11.277777777777779,0.37371177908538034,0.5666666666666668,
t2,2026-02-25,2026-02-26 00:00:00,2026-02-26 06:00:00,24.0,0.7457845997454815,0.39951129798569635,0.7736451990122649,0.9686345989723539,11.685185185185185,1.2392542228318553,0.5,
t2,2026-02-25,2026-02-26 01:00:00,2026-02-26 07:00:00,25.0,0.6343241166327426,0.2608692675770591,0.7037653097551656,0.9922666915652707,11.462962962962964,0.9579642338057447,0.6666666666666666,
t2,2026-02-25,2026-02-26 02:00:00,2026-02-26 08:00:00,26.0,0.5717765390887021,0.1583645481979419,0.640069485950214,0.9346194476878332,10.851851851851853,1.3032880229565118,0.8333333333333334,
t2,2026-02-25,2026-02-26 03:00:00,2026-02-26 09:00:00,27.0,0.387502493017971,0.03248992540567385,0.3381998334218063,0.8375740261082141,8.24074074074074,0.603700863433446,1.4333333333333333,
t2,2026-02-25,2026-02-26 04:00:00,2026-02-26 10:00:00,28.0,0.3118052381610744,0.015418889679826213,0.18870047404486934,0.7535788295701595,4.25,2.7705461421759296,2.6333333333333333,
t2,2026-02-25,2026-02-26 05:00:00,2026-02-26 11:00:00,29.0,0.35850734166541315,0.01953088809660328,0.26250176827969357,0.9086330612065193,6.916666666666667,5.240290845759246,2.9,
t2,2026-02-25,2026-02-26 06:00:00,2026-02-26 12:00:00,30.0,0.4082078179295563,0.03986727085194713,0.40323725583082887,0.8770875331521659,7.453703703703703,3.806704341341317,3.033333333333333,
t2,2026-02-25,2026-02-26 07:00:00,2026-02-26 13:00:00,31.0,0.4943678951412085,0.050415392014757886,0.5100957440461095,0.8529920570395705,8.212962962962964,1.3811823228862654,2.6666666666666665,
t2,2026-02-25,2026-02-26 08:00:00,2026-02-26 14:00:00,32.0,0.377078565353776,0.04657273071447,0.36222304014137324,0.8110983292132136,8.00925925925926,0.57890737156817,2.0666666666666664,
t2,2026-02-25,2026-02-26 09:00:00,2026-02-26 15:00:00,33.0,0.41865231984246737,0.04550176433811347,0.408743353932791,0.9241255257093707,7.842592592592593,1.430038561740851,0.9666666666666667,
t2,2026-02-25,2026-02-26 10:00:00,2026-02-26 16:00:00,34.0,0.4584156587063767,0.10607010187169713,0.4695179126360344,0.9290852605423568,8.092592592592593,1.0070482066589361,0.1333333333333334,
t2,2026-02-25,2026-02-26 11:00:00,2026-02-26 17:00:00,35.0,0.5878579924808015,0.2394359564372744,0.6180481154250247,0.952089570474016,9.63888888888889,1.3611111111111118,0.2333333333333333,
t2,2026-02-25,2026-02-26 12:00:00,2026-02-26 18:00:00,36.0,0.720708441081619,0.3300392258445019,0.80667717152989,0.9679959350910095,10.879629629629628,2.158162322220806,0.6,
t2,2026-02-25,2026-02-26 13:00:00,2026-02-26 19:00:00,37.0,0.7553661657355645,0.4661954308094918,0.8471897885014174,0.9681808813962766,11.14814814814815,2.1010971071080804,1.0999999999999999,
t2,2026-02-25,2026-02-26 14:00:00,2026-02-26 20:00:00,38.0,0.7765926751619373,0.49464025883073187,0.8453124439805558,0.9664431207681052,10.824074074074074,1.4343486211790315,1.4333333333333333,
t2,2026-02-25,2026-02-26 15:00:00,2026-02-26 21:00:00,39.0,0.8022059357465522,0.5779976320981802,0.8617467744035127,0.9670255957806912,10.888888888888891,0.4867059852204227,1.633333333333333,
t2,2026-02-25,2026-02-26 16:00:00,2026-02-26 22:00:00,40.0,0.7954404912957768,0.5808254046925726,0.8663672958146106,0.9723155517160157,11.555555555555555,1.0826208483280608,1.5666666666666667,
t2,2026-02-25,2026-02-26 17:00:00,2026-02-26 23:00:00,41.0,0.7777622392002645,0.5585862666351451,0.8508242997274452,0.9694589293717495,11.296296296296298,1.0005142710548216,1.5666666666666667,
t2,2026-02-25,2026-02-26 18:00:00,2026-02-27 00:00:00,42.0,0.7488656658643918,0.522988392840681,0.8047656201608396,0.9603033668223645,11.416666666666666,2.0053939608644487,1.7,
t2,2026-02-25,2026-02-26 19:00:00,2026-02-27 01:00:00,43.0,0.709505724836879,0.4496383212076184,0.7600958774582437,0.9287461289564776,10.842592592592593,1.9453040427989758,1.5,
t2,2026-02-25,2026-02-26 20:00:00,2026-02-27 02:00:00,44.0,0.6470775489439797,0.3936372353900314,0.6409161878599829,0.8996146930835645,10.305555555555555,1.6218511752216678,1.2000000000000002,
t2,2026-02-25,2026-02-26 21:00:00,2026-02-27 03:00:00,45.0,0.5959910251768613,0.301090979711566,0.5632061430534686,0.8752107170626181,9.342592592592593,0.7501714481677433,0.8333333333333334,
t2,2026-02-25,2026-02-26 22:00:00,2026-02-27 04:00:00,46.0,0.5591225759542696,0.25519133063923444,0.5436268827465706,0.9111571945715159,9.287037037037038,1.1507959313971206,0.6,
t2,2026-02-25,2026-02-26 23:00:00,2026-02-27 05:00:00,47.0,0.5197881579407441,0.16799945305253164,0.5162786783713434,0.8940872145731974,8.879629629629632,1.2565671113592767,0.4000000000000001,
t2,2026-02-26,2026-02-27 00:00:00,2026-02-27 06:00:00,24.0,0.3612710648080949,0.022338551861443134,0.31276076870227076,0.8309382937685615,7.879629629629631,1.2216960146711517,0.5,
t2,2026-02-26,2026-02-27 01:00:00,2026-02-27 07:00:00,25.0,0.3489100717521089,0.023779752663823032,0.27014953738672326,0.7843299408671837,7.453703703703705,0.7980170898672317,0.13333333333333333,
t2,2026-02-26,2026-02-27 02:00:00,2026-02-27 08:00:00,26.0,0.36042531291334223,0.0220261062418061,0.2550034447580905,0.79069779357061,7.018518518518519,0.47898211690287285,0.2333333333333333,
t2,2026-02-26,2026-02-27 03:00:00,2026-02-27 09:00:00,27.0,0.31262571594811406,0.020202119493027,0.22205171496139395,0.7575043549133076,6.814814814814814,0.610058015186264,0.5333333333333333,
t2,2026-02-26,2026-02-27 04:00:00,2026-02-27 10:00:00,28.0,0.25277831300131626,0.011198972289055243,0.16623277979087925,0.710170576812358,6.666666666666667,0.20971762320196546,0.8333333333333334,
t2,2026-02-26,2026-02-27 05:00:00,2026-02-27 11:00:00,29.0,0.2417589247279352,0.01307080879568133,0.18473211740775608,0.7156631937308733,6.342592592592593,0.7455285086444692,1.4333333333333333,
t2,2026-02-26,2026-02-27 06:00:00,2026-02-27 12:00:00,30.0,0.26947356491631197,0.016078460109762497,0.234520938164064,0.7167170101373298,6.0740740740740735,0.9036676525899598,2.1333333333333333,
t2,2026-02-26,2026-02-27 07:00:00,2026-02-27 13:00:00,31.0,0.3494030591988734,0.026005848868988938,0.30165536115691444,0.7932714776201345,6.666666666666667,1.370151383904281,2.433333333333333,
t2,2026-02-26,2026-02-27 08:00:00,2026-02-27 14:00:00,32.0,0.45059012631816164,0.062131569572735815,0.41849303292115314,0.9073914901464182,7.685185185185186,1.6066349056847395,2.5,
t2,2026-02-26,2026-02-27 09:00:00,2026-02-27 15:00:00,33.0,0.5127977847851991,0.1380389275790973,0.531095343154197,0.9456012641418626,8.722222222222223,1.7653646494928503,2.1,
t2,2026-02-26,2026-02-27 10:00:00,2026-02-27 16:00:00,34.0,0.621303899439136,0.2416317729865574,0.6686491745478843,0.9543038188635106,9.898148148148149,1.748309000760425,1.3,
t2,2026-02-26,2026-02-27 11:00:00,2026-02-27 17:00:00,35.0,0.7511897045476132,0.4024593824461734,0.8440200566933399,0.9742278926353705,10.898148148148147,1.4985418152378875,0.06666666666666665,
t2,2026-02-26,2026-02-27 12:00:00,2026-02-27 18:00:00,36.0,0.7520653069297206,0.437581221426305,0.8367122106010781,0.9748102065058073,11.046296296296298,2.4610128732170247,-0.3666666666666667,
t2,2026-02-26,2026-02-27 13:00:00,2026-02-27 19:00:00,37.0,0.7728238344459886,0.4434949973864663,0.852039448282042,0.9767529103177574,11.157407407407407,2.415602149538695,-1.3666666666666665,
t2,2026-02-26,2026-02-27 14:00:00,2026-02-27 20:00:00,38.0,0.7723287928076442,0.519345660495891,0.8518291889191065,0.976261075869648,11.194444444444445,2.430674600259295,-2.1666666666666665,
t2,2026-02-26,2026-02-27 15:00:00,2026-02-27 21:00:00,39.0,0.7682057709921759,0.5114359169243304,0.8108100405144094,0.974782196628991,10.981481481481483,2.2452510468485447,-2.9000000000000004,
t2,2026-02-26,2026-02-27 16:00:00,2026-02-27 22:00:00,40.0,0.7344560293201585,0.5067280398027705,0.7636998220393582,0.9678934884357786,10.62962962962963,2.07541705858803,-3.466666666666667,
t2,2026-02-26,2026-02-27 17:00:00,2026-02-27 23:00:00,41.0,0.6985877686718057,0.48110559497554506,0.6967310038140714,0.9673903230089815,10.305555555555557,2.2102105927258457,-4.1,
t2,2026-02-26,2026-02-27 18:00:00,2026-02-28 00:00:00,42.0,0.615253483284356,0.3653982453131347,0.5734500350173714,0.954749866485517,9.435185185185185,2.2562213941508187,-3.8666666666666667,
t2,2026-02-26,2026-02-27 19:00:00,2026-02-28 01:00:00,43.0,0.6226861525125265,0.3522986851652708,0.5959377676203105,0.9550987787263081,9.472222222222221,2.3552214123590516,-4.266666666666667,
t2,2026-02-26,2026-02-27 20:00:00,2026-02-28 02:00:00,44.0,0.6922584008869082,0.42612021124113575,0.6731392375745017,0.9625633362396252,9.805555555555557,2.436856911051257,-4.7,
t2,2026-02-26,2026-02-27 21:00:00,2026-02-28 03:00:00,45.0,0.7547177043561051,0.4890533394825385,0.7736395908847739,0.9748891461104227,10.425925925925926,2.424847795486496,-5.233333333333333,
t2,2026-02-26,2026-02-27 22:00:00,2026-02-28 04:00:00,46.0,0.7920028093567099,0.5699847983756231,0.8083145894755944,0.9761731633515305,10.694444444444445,2.18174949620655,-5.633333333333333,
t2,2026-02-26,2026-02-27 23:00:00,2026-02-28 05:00:00,47.0,0.7835398323952638,0.5774557651171143,0.8261977121733936,0.9761437712650405,10.879629629629632,2.1266484770304577,-5.866666666666667,
t2,2026-02-27,2026-02-28 00:00:00,2026-02-28 06:00:00,24.0,0.8553086886129176,0.6317169384604492,0.9077203839076303,0.9792442176728752,11.314814814814815,1.8860954289426057,-6.900000000000001,
t2,2026-02-27,2026-02-28 01:00:00,2026-02-28 07:00:00,25.0,0.8518446995865577,0.6457597716313385,0.9125524108361637,0.9792775194992998,11.092592592592593,1.5139101255730982,-7.099999999999999,
t2,2026-02-27,2026-02-28 02:00:00,2026-02-28 08:00:00,26.0,0.8426103069928259,0.6341558315832344,0.915739165376191,0.9787543311188859,11.879629629629632,2.026508989155383,-7.566666666666667,
t2,2026-02-27,2026-02-28 03:00:00,2026-02-28 09:00:00,27.0,0.8523888268209086,0.6216357008095379,0.920607192500954,0.9797324822957062,12.481481481481481,2.4384923325627006,-7.766666666666667,
t2,2026-02-27,2026-02-28 04:00:00,2026-02-28 10:00:00,28.0,0.8544151046822046,0.6316985958950769,0.9164890556032235,0.9798484782326227,12.666666666666666,2.5426910503987266,-7.866666666666667,
t2,2026-02-27,2026-02-28 05:00:00,2026-02-28 11:00:00,29.0,0.8595570351425599,0.6768395254127312,0.9177937760038235,0.9796312065033745,12.444444444444445,2.1523745142011688,-7.733333333333333,
t2,2026-02-27,2026-02-28 06:00:00,2026-02-28 12:00:00,30.0,0.8609693281263197,0.681377945950149,0.9154051379540518,0.979635338755208,12.083333333333336,2.000578620003427,-6.866666666666667,
t2,2026-02-27,2026-02-28 07:00:00,2026-02-28 13:00:00,31.0,0.8570001144030887,0.6644959876693287,0.9014187438983852,0.9792585389846555,12.064814814814817,2.0976054346970936,-6.599999999999999,
t2,2026-02-27,2026-02-28 08:00:00,2026-02-28 14:00:00,32.0,0.8338979021634866,0.5896905249132565,0.8889877193495092,0.9789075664377491,12.175925925925926,2.7082027508880673,-6.366666666666667,
t2,2026-02-27,2026-02-28 09:00:00,2026-02-28 15:00:00,33.0,0.7991653013514648,0.540523388671616,0.8794950674118466,0.9784193399456488,11.888888888888891,2.737485554389982,-6.433333333333333,
t2,2026-02-27,2026-02-28 10:00:00,2026-02-28 16:00:00,34.0,0.7520340757825975,0.49654001563467415,0.8227386599789525,0.9753519888831724,11.648148148148147,2.639083813463603,-6.3999999999999995,
t2,2026-02-27,2026-02-28 11:00:00,2026-02-28 17:00:00,35.0,0.7299386322426864,0.4634171993688294,0.8015841731038288,0.9714529699704259,11.351851851851853,2.6141137188308057,-6.533333333333334,
t2,2026-02-27,2026-02-28 12:00:00,2026-02-28 18:00:00,36.0,0.7296570146262228,0.412289957088957,0.7701297102277204,0.9659476927133201,10.212962962962964,2.2369879808209627,-6.466666666666666,
t2,2026-02-27,2026-02-28 13:00:00,2026-02-28 19:00:00,37.0,0.6786066141604179,0.2587379542752052,0.6552444865897722,0.9511281698507116,9.731481481481481,2.1113547617681765,-6.833333333333333,
t2,2026-02-27,2026-02-28 14:00:00,2026-02-28 20:00:00,38.0,0.5990279589923739,0.1867646212807685,0.5699058531570241,0.9267945342799453,9.074074074074074,1.9309718442728487,-6.833333333333333,
t2,2026-02-27,2026-02-28 15:00:00,2026-02-28 21:00:00,39.0,0.46602104815234957,0.07468601237409168,0.40900336769780576,0.900525411843713,8.444444444444445,1.9657562236615702,-6.866666666666667,
t2,2026-02-27,2026-02-28 16:00:00,2026-02-28 22:00:00,40.0,0.34256506137732845,0.04402765049563383,0.32918302069584315,0.8015999419549542,7.981481481481481,2.1157356754943826,-6.8999999999999995,
t2,2026-02-27,2026-02-28 17:00:00,2026-02-28 23:00:00,41.0,0.3256256007026212,0.032584029599709644,0.30633249071061214,0.7399881558748187,7.4259259259259265,2.143093510381356,-7.233333333333334,
t2,2026-02-27,2026-02-28 18:00:00,2026-03-01 00:00:00,42.0,0.25051673522191553,0.028552037692609188,0.23680239367454212,0.742715776530936,7.666666666666667,2.5704577581473216,-7.566666666666666,
t2,2026-02-27,2026-02-28 19:00:00,2026-03-01 01:00:00,43.0,0.25013831762053085,0.024669219617641628,0.20825039569880385,0.7287043814376827,7.351851851851852,2.653080746709318,-7.800000000000001,
t2,2026-02-27,2026-02-28 20:00:00,2026-03-01 02:00:00,44.0,0.2249077203740245,0.013942473878712544,0.16965662330113734,0.6850277725341052,6.9259259259259265,2.5865173528242384,-8.0,
t2,2026-02-27,2026-02-28 21:00:00,2026-03-01 03:00:00,45.0,0.18750256970233442,0.00805811686439006,0.11043910905586751,0.6760536479121713,6.666666666666667,2.5704577581473216,-8.033333333333333,
t2,2026-02-27,2026-02-28 22:00:00,2026-03-01 04:00:00,46.0,0.17363181642270875,0.005523797000531077,0.10194012277968627,0.6348984599150483,6.638888888888889,2.683252816827432,-7.966666666666666,
t2,2026-02-27,2026-02-28 23:00:00,2026-03-01 05:00:00,47.0,0.16010345277260885,0.006422920100134955,0.07967668492177636,0.5768173686271894,6.546296296296297,2.584129706003273,-7.766666666666667,
