turbine,policy,issue_date,issue_time_utc,issue_time_local,time_utc,time_local,horizon_day,lead_hours,nwp_lead_hours,forecast,p10,p50,p90,wind_speed_100m,ws100_ens_std,temperature_2m,power
t1,strict,2026-01-31,2026-01-30 18:00:00,2026-01-31,2026-01-31 18:00:00,2026-02-01 00:00:00,1,24.0,48.0,0.05534195634640461,0.0,0.008188664012790177,0.21772513841665947,3.425925925925926,2.8610212139778475,-2.1333333333333333,
t1,strict,2026-01-31,2026-01-30 18:00:00,2026-01-31,2026-01-31 19:00:00,2026-02-01 01:00:00,1,25.0,48.0,0.05974763449320114,0.0,0.006166529407076203,0.22242801328766185,3.657407407407407,2.9473692671105565,-2.3000000000000003,
t1,strict,2026-01-31,2026-01-30 18:00:00,2026-01-31,2026-01-31 20:00:00,2026-02-01 02:00:00,1,26.0,48.0,0.05148884609697468,0.0,0.0018232644597370139,0.19763285172152156,4.138888888888889,3.3935532563529494,-2.4,
t1,strict,2026-01-31,2026-01-30 18:00:00,2026-01-31,2026-01-31 21:00:00,2026-02-01 03:00:00,1,27.0,48.0,0.045067789528058996,0.0,0.0,0.2080183082222049,4.518518518518519,4.17206440496512,-2.566666666666667,
t1,strict,2026-01-31,2026-01-30 18:00:00,2026-01-31,2026-01-31 22:00:00,2026-02-01 04:00:00,1,28.0,48.0,0.05175454853695692,0.0,0.001698395871347052,0.23787498490090428,3.925925925925926,5.28525299081839,-2.8666666666666667,
t1,strict,2026-01-31,2026-01-30 18:00:00,2026-01-31,2026-01-31 23:00:00,2026-02-01 05:00:00,1,29.0,48.0,0.05668702044021158,0.0,0.0013680125758524474,0.2558324958767598,3.8055555555555554,5.702162790891467,-3.3333333333333335,
t1,strict,2026-01-31,2026-01-30 18:00:00,2026-01-31,2026-02-01 00:00:00,2026-02-01 06:00:00,1,30.0,48.0,0.06744375396180151,0.0,0.0021468397811578444,0.25518001849470096,3.8425925925925934,5.501496242418948,-2.733333333333333,
t1,strict,2026-01-31,2026-01-30 18:00:00,2026-01-31,2026-02-01 01:00:00,2026-02-01 07:00:00,1,31.0,48.0,0.09736263597891995,0.0,0.023832267214866566,0.3179164500345375,4.037037037037037,5.573051155063512,-2.6999999999999997,
t1,strict,2026-01-31,2026-01-30 18:00:00,2026-01-31,2026-02-01 02:00:00,2026-02-01 08:00:00,1,32.0,48.0,0.16658911328535206,0.0,0.0933515150404,0.5584734896316811,4.814814814814816,5.227858463580125,-2.6666666666666665,
t1,strict,2026-01-31,2026-01-30 18:00:00,2026-01-31,2026-02-01 03:00:00,2026-02-01 09:00:00,1,33.0,48.0,0.16906416760829543,0.0,0.12521787921840405,0.5824716298493524,6.416666666666667,4.211517863674494,-2.3333333333333335,
t1,strict,2026-01-31,2026-01-30 18:00:00,2026-01-31,2026-02-01 04:00:00,2026-02-01 10:00:00,1,34.0,48.0,0.2638499001307255,0.0,0.23464342826327755,0.6390390923113469,6.888888888888889,3.2175492936068792,-0.7333333333333333,
t1,strict,2026-01-31,2026-01-30 18:00:00,2026-01-31,2026-02-01 05:00:00,2026-02-01 11:00:00,1,35.0,48.0,0.3891647859589949,0.016928186385840704,0.3660024337238257,0.8304500717769197,7.6944444444444455,2.9111058100036553,1.5,
t1,strict,2026-01-31,2026-01-30 18:00:00,2026-01-31,2026-02-01 06:00:00,2026-02-01 12:00:00,1,36.0,48.0,0.43341909940638607,0.02006179078023823,0.40411825119636646,0.8273836781310334,7.962962962962963,3.7033448900265276,3.3666666666666667,
t1,strict,2026-01-31,2026-01-30 18:00:00,2026-01-31,2026-02-01 07:00:00,2026-02-01 13:00:00,1,37.0,48.0,0.4628585011593901,0.027226832071086837,0.4483812464006821,0.8266428730262446,8.074074074074074,3.4973902674891133,4.433333333333334,
t1,strict,2026-01-31,2026-01-30 18:00:00,2026-01-31,2026-02-01 08:00:00,2026-02-01 14:00:00,1,38.0,48.0,0.49178580000569444,0.041885524093334625,0.48986114676561016,0.8197958928836717,7.935185185185186,3.1652449700085787,5.3,
t1,strict,2026-01-31,2026-01-30 18:00:00,2026-01-31,2026-02-01 09:00:00,2026-02-01 15:00:00,1,39.0,48.0,0.5125342435280302,0.03170555059682023,0.5077364840864591,0.8089097457205172,7.944444444444444,2.9585615457098546,5.666666666666667,
t1,strict,2026-01-31,2026-01-30 18:00:00,2026-01-31,2026-02-01 10:00:00,2026-02-01 16:00:00,1,40.0,48.0,0.505140107482883,0.02526802227280206,0.4906596913288401,0.8087505446161232,7.898148148148149,2.7916781831345285,5.233333333333333,
t1,strict,2026-01-31,2026-01-30 18:00:00,2026-01-31,2026-02-01 11:00:00,2026-02-01 17:00:00,1,41.0,48.0,0.470672374716267,0.041582665618410286,0.42607306531106004,0.7888020299876939,8.129629629629632,2.7157424770486047,3.866666666666667,
t1,strict,2026-01-31,2026-01-30 18:00:00,2026-01-31,2026-02-01 12:00:00,2026-02-01 18:00:00,1,42.0,48.0,0.40888441971732287,0.02174840648226195,0.34963389113077226,0.7506063291225913,7.583333333333333,3.890971664485255,2.266666666666667,
t1,strict,2026-01-31,2026-01-30 18:00:00,2026-01-31,2026-02-01 13:00:00,2026-02-01 19:00:00,1,43.0,48.0,0.3584976774160861,0.020893041232385445,0.2846652856716719,0.7020156451064556,7.546296296296297,3.697089000577252,0.8333333333333334,
t1,strict,2026-01-31,2026-01-30 18:00:00,2026-01-31,2026-02-01 14:00:00,2026-02-01 20:00:00,1,44.0,48.0,0.28269537413207374,0.005467424213464467,0.25553479891261693,0.6839723346385956,7.712962962962963,3.5242034969714564,0.1333333333333333,
t1,strict,2026-01-31,2026-01-30 18:00:00,2026-01-31,2026-02-01 15:00:00,2026-02-01 21:00:00,1,45.0,48.0,0.2914623053808535,0.011149722324422712,0.25378314756980375,0.6861495710091171,8.027777777777777,3.4157632048496773,-0.26666666666666666,
t1,strict,2026-01-31,2026-01-30 18:00:00,2026-01-31,2026-02-01 16:00:00,2026-02-01 22:00:00,1,46.0,48.0,0.27746550510924567,0.012746608996089204,0.2293007718319345,0.6638425443824874,8.24074074074074,3.5224515055644834,-0.5333333333333333,
t1,strict,2026-01-31,2026-01-30 18:00:00,2026-01-31,2026-02-01 17:00:00,2026-02-01 23:00:00,1,47.0,48.0,0.2745947271774087,0.006805256767617979,0.2238253681540624,0.6550424509204458,8.314814814814815,3.4143322347207947,-0.6,
t1,strict,2026-02-01,2026-01-31 18:00:00,2026-02-01,2026-02-01 18:00:00,2026-02-02 00:00:00,1,24.0,48.0,0.21761318715241246,0.014091733895827546,0.1994656168745232,0.6737201482937631,7.648148148148149,4.283756043896688,-0.8333333333333334,
t1,strict,2026-02-01,2026-01-31 18:00:00,2026-02-01,2026-02-01 19:00:00,2026-02-02 01:00:00,1,25.0,48.0,0.27812194510501687,0.023425897747163277,0.2061164314917675,0.689392274399844,7.990740740740741,4.0690731090849415,-1.0,
t1,strict,2026-02-01,2026-01-31 18:00:00,2026-02-01,2026-02-01 20:00:00,2026-02-02 02:00:00,1,26.0,48.0,0.35891598749878506,0.06496794209924014,0.29697017397424375,0.783690685197912,8.416666666666666,3.828197042028087,-1.2,
t1,strict,2026-02-01,2026-01-31 18:00:00,2026-02-01,2026-02-01 21:00:00,2026-02-02 03:00:00,1,27.0,48.0,0.45706538897553317,0.17838558251853848,0.49845786791947416,0.853279984065244,8.87037037037037,3.298116434642796,-1.4333333333333336,
t1,strict,2026-02-01,2026-01-31 18:00:00,2026-02-01,2026-02-01 22:00:00,2026-02-02 04:00:00,1,28.0,48.0,0.48674101179665524,0.17542485606168529,0.4423758661454527,0.9266403685303697,9.416666666666666,2.7927374950126236,-1.5666666666666667,
t1,strict,2026-02-01,2026-01-31 18:00:00,2026-02-01,2026-02-01 23:00:00,2026-02-02 05:00:00,1,29.0,48.0,0.567781308798164,0.27867833268196657,0.5371584758229483,0.9406676988221392,9.972222222222221,2.4423918149588077,-1.6333333333333335,
t1,strict,2026-02-01,2026-01-31 18:00:00,2026-02-01,2026-02-02 00:00:00,2026-02-02 06:00:00,1,30.0,48.0,0.6313966687204811,0.35055350205584634,0.6830048957782926,0.9595214673201853,10.462962962962964,1.523563210361513,-1.9666666666666668,
t1,strict,2026-02-01,2026-01-31 18:00:00,2026-02-01,2026-02-02 01:00:00,2026-02-02 07:00:00,1,31.0,48.0,0.6349567052558328,0.3962293520877415,0.6929512000020628,0.9673807043726795,10.731481481481483,1.2946749119265486,-2.1,
t1,strict,2026-02-01,2026-01-31 18:00:00,2026-02-01,2026-02-02 02:00:00,2026-02-02 08:00:00,1,32.0,48.0,0.6314225986823842,0.3691679899968275,0.7031082898360085,0.9670161364553375,10.944444444444445,1.1399046960379555,-2.1333333333333333,
t1,strict,2026-02-01,2026-01-31 18:00:00,2026-02-01,2026-02-02 03:00:00,2026-02-02 09:00:00,1,33.0,48.0,0.7092695822647226,0.3910417204165335,0.7675082812359113,0.9662564809564707,11.314814814814815,0.8890335530429742,-1.3,
t1,strict,2026-02-01,2026-01-31 18:00:00,2026-02-01,2026-02-02 04:00:00,2026-02-02 10:00:00,1,34.0,48.0,0.8115510550876649,0.5711129092590348,0.8528323196116806,0.9757547769395671,11.444444444444445,0.7222222222222228,0.9999999999999999,
t1,strict,2026-02-01,2026-01-31 18:00:00,2026-02-01,2026-02-02 05:00:00,2026-02-02 11:00:00,1,35.0,48.0,0.8453030789571981,0.6026526167444224,0.8729179584818607,0.9758550534564755,12.287037037037038,1.2064427525690304,3.3000000000000003,
t1,strict,2026-02-01,2026-01-31 18:00:00,2026-02-01,2026-02-02 06:00:00,2026-02-02 12:00:00,1,36.0,48.0,0.8906134858314599,0.6446135281415128,0.9269520625528511,0.9730685262741475,11.722222222222223,2.028158259585757,5.066666666666667,
t1,strict,2026-02-01,2026-01-31 18:00:00,2026-02-01,2026-02-02 07:00:00,2026-02-02 13:00:00,1,37.0,48.0,0.8986737824712702,0.6799553072386877,0.9374439131516434,0.9730857341436552,11.981481481481483,1.972287427195451,6.5,
t1,strict,2026-02-01,2026-01-31 18:00:00,2026-02-01,2026-02-02 08:00:00,2026-02-02 14:00:00,1,38.0,48.0,0.9027206554702363,0.676845188580677,0.9371742666429849,0.9729188593002082,12.416666666666666,2.0178600692960003,7.333333333333333,
t1,strict,2026-02-01,2026-01-31 18:00:00,2026-02-01,2026-02-02 09:00:00,2026-02-02 15:00:00,1,39.0,48.0,0.9009277918910092,0.6793146170666042,0.9342237281381028,0.9711985711036242,12.435185185185185,1.8655282022127215,7.566666666666667,
t1,strict,2026-02-01,2026-01-31 18:00:00,2026-02-01,2026-02-02 10:00:00,2026-02-02 16:00:00,1,40.0,48.0,0.8590401333910441,0.6297634094558985,0.9230589080884085,0.9701053941436858,12.324074074074076,1.620026418521568,6.8,
t1,strict,2026-02-01,2026-01-31 18:00:00,2026-02-01,2026-02-02 11:00:00,2026-02-02 17:00:00,1,41.0,48.0,0.7084261064723092,0.37527777705152826,0.796147280490537,0.9711009889693925,12.101851851851853,1.2172668906725317,5.3,
t1,strict,2026-02-01,2026-01-31 18:00:00,2026-02-01,2026-02-02 12:00:00,2026-02-02 18:00:00,1,42.0,48.0,0.5642942625209657,0.1632030060317209,0.6817079085395057,0.9389984063370201,10.305555555555557,0.6092142277628142,3.3666666666666667,
t1,strict,2026-02-01,2026-01-31 18:00:00,2026-02-01,2026-02-02 13:00:00,2026-02-02 19:00:00,1,43.0,48.0,0.29461423311741936,0.039502601638608886,0.24941620279576943,0.8064992610184192,8.296296296296296,1.9613025821963428,1.9666666666666668,
t1,strict,2026-02-01,2026-01-31 18:00:00,2026-02-01,2026-02-02 14:00:00,2026-02-02 20:00:00,1,44.0,48.0,0.23772662671145034,0.0,0.15924827941372763,0.6977170823253981,7.064814814814816,2.3280915549148506,1.0666666666666667,
t1,strict,2026-02-01,2026-01-31 18:00:00,2026-02-01,2026-02-02 15:00:00,2026-02-02 21:00:00,1,45.0,48.0,0.21547036227744368,0.0,0.14036107860296965,0.6559346575793605,6.805555555555556,1.9497942278261562,0.6666666666666666,
t1,strict,2026-02-01,2026-01-31 18:00:00,2026-02-01,2026-02-02 16:00:00,2026-02-02 22:00:00,1,46.0,48.0,0.21042196194418697,0.014112443918051332,0.14708031860244894,0.6285478191215731,6.6944444444444455,1.0555555555555558,0.2666666666666666,
t1,strict,2026-02-01,2026-01-31 18:00:00,2026-02-01,2026-02-02 17:00:00,2026-02-02 23:00:00,1,47.0,48.0,0.2148466313909891,0.012507955953999506,0.13842269302519652,0.5257253040698211,6.8240740740740735,0.4206598774666875,-0.09999999999999994,
t1,strict,2026-02-02,2026-02-01 18:00:00,2026-02-02,2026-02-02 18:00:00,2026-02-03 00:00:00,1,24.0,48.0,0.2710090209861091,0.025985184473542977,0.2894618551655919,0.6699489814503843,6.444444444444444,0.29000851413640416,-0.19999999999999996,
t1,strict,2026-02-02,2026-02-01 18:00:00,2026-02-02,2026-02-02 19:00:00,2026-02-03 01:00:00,1,25.0,48.0,0.32294025555981143,0.029597472100011013,0.32617212890355124,0.7596075197018834,7.361111111111112,0.5780181124079109,-0.1333333333333334,
t1,strict,2026-02-02,2026-02-01 18:00:00,2026-02-02,2026-02-02 20:00:00,2026-02-03 02:00:00,1,26.0,48.0,0.3774515327233171,0.06720377042783476,0.3702547595777499,0.8679272884482099,8.62962962962963,0.9519040913752573,0.10000000000000009,
t1,strict,2026-02-02,2026-02-01 18:00:00,2026-02-02,2026-02-02 21:00:00,2026-02-03 03:00:00,1,27.0,48.0,0.3924767312538895,0.09653062831608616,0.39405629346693616,0.8798562403462592,9.50925925925926,1.3368972431279549,0.20000000000000004,
t1,strict,2026-02-02,2026-02-01 18:00:00,2026-02-02,2026-02-02 22:00:00,2026-02-03 04:00:00,1,28.0,48.0,0.37560530789511903,0.1503124861647161,0.4144977846925662,0.8506179081101086,9.666666666666666,1.0551899951790322,-0.03333333333333336,
t1,strict,2026-02-02,2026-02-01 18:00:00,2026-02-02,2026-02-02 23:00:00,2026-02-03 05:00:00,1,29.0,48.0,0.38652868360311365,0.12471813675049925,0.4286988005661491,0.8694476254547274,10.027777777777777,1.4561491580090178,-0.23333333333333325,
t1,strict,2026-02-02,2026-02-01 18:00:00,2026-02-02,2026-02-03 00:00:00,2026-02-03 06:00:00,1,30.0,48.0,0.27012681998932514,0.02595421157308206,0.24128118713616425,0.73893424106662,8.916666666666666,2.615982453597666,-0.5666666666666668,
t1,strict,2026-02-02,2026-02-01 18:00:00,2026-02-02,2026-02-03 01:00:00,2026-02-03 07:00:00,1,31.0,48.0,0.16580858240721008,0.0,0.14133427829881307,0.6361256794865475,7.629629629629629,4.153900195151024,-0.9666666666666667,
t1,strict,2026-02-02,2026-02-01 18:00:00,2026-02-02,2026-02-03 02:00:00,2026-02-03 08:00:00,1,32.0,48.0,0.1814682680718125,0.0,0.1545053721248072,0.6648676242393691,6.5092592592592595,4.74962095087121,-1.5666666666666667,
t1,strict,2026-02-02,2026-02-01 18:00:00,2026-02-02,2026-02-03 03:00:00,2026-02-03 09:00:00,1,33.0,48.0,0.11848947018148911,0.0,0.06569078924648186,0.45377051588122597,6.62037037037037,2.6270690454472883,-1.0,
t1,strict,2026-02-02,2026-02-01 18:00:00,2026-02-02,2026-02-03 04:00:00,2026-02-03 10:00:00,1,34.0,48.0,0.09274578257919869,0.0,0.045668013176741275,0.33356495961133537,5.407407407407408,2.248170266533454,1.0333333333333334,
t1,strict,2026-02-02,2026-02-01 18:00:00,2026-02-02,2026-02-03 05:00:00,2026-02-03 11:00:00,1,35.0,48.0,0.05532652676704298,0.0,0.025010503106961957,0.22645371403164485,4.111111111111112,2.9096476389274444,3.466666666666667,
t1,strict,2026-02-02,2026-02-01 18:00:00,2026-02-02,2026-02-03 06:00:00,2026-02-03 12:00:00,1,36.0,48.0,0.04267039426181742,0.0,0.018221671217839235,0.2554196197031097,3.1759259259259256,4.459378843603881,5.366666666666667,
t1,strict,2026-02-02,2026-02-01 18:00:00,2026-02-02,2026-02-03 07:00:00,2026-02-03 13:00:00,1,37.0,48.0,0.0364144852368658,0.0,0.0,0.19377882220334158,3.2037037037037037,3.82056380903788,6.8,
t1,strict,2026-02-02,2026-02-01 18:00:00,2026-02-02,2026-02-03 08:00:00,2026-02-03 14:00:00,1,38.0,48.0,0.037628390581301206,0.0,0.0025199978055064215,0.1782103448430531,3.342592592592593,3.012491142004975,7.666666666666667,
t1,strict,2026-02-02,2026-02-01 18:00:00,2026-02-02,2026-02-03 09:00:00,2026-02-03 15:00:00,1,39.0,48.0,0.058777963367896764,0.0,0.01934057179883738,0.19559974804782615,3.5185185185185186,2.342629190169401,7.8999999999999995,
t1,strict,2026-02-02,2026-02-01 18:00:00,2026-02-02,2026-02-03 10:00:00,2026-02-03 16:00:00,1,40.0,48.0,0.07468174981948006,0.0,0.03508885901860428,0.26999603539346806,3.9907407407407405,1.1153852976168899,7.2,
t1,strict,2026-02-02,2026-02-01 18:00:00,2026-02-02,2026-02-03 11:00:00,2026-02-03 17:00:00,1,41.0,48.0,0.1333020714690888,0.0,0.07134585588266124,0.4135446482113473,5.157407407407408,0.8794346762518741,5.5,
t1,strict,2026-02-02,2026-02-01 18:00:00,2026-02-02,2026-02-03 12:00:00,2026-02-03 18:00:00,1,42.0,48.0,0.20630846666409786,0.0,0.12559894864007198,0.6134390397073166,5.222222222222222,3.3034540472020057,3.4,
t1,strict,2026-02-02,2026-02-01 18:00:00,2026-02-02,2026-02-03 13:00:00,2026-02-03 19:00:00,1,43.0,48.0,0.23202386136847136,0.0,0.16589837964299822,0.6323471418174501,5.5092592592592595,3.6282003043602313,2.9333333333333336,
t1,strict,2026-02-02,2026-02-01 18:00:00,2026-02-02,2026-02-03 14:00:00,2026-02-03 20:00:00,1,44.0,48.0,0.25015317395497205,0.0,0.18092629422406523,0.6152227194375526,5.4907407407407405,3.794116356945469,2.733333333333333,
t1,strict,2026-02-02,2026-02-01 18:00:00,2026-02-02,2026-02-03 15:00:00,2026-02-03 21:00:00,1,45.0,48.0,0.263462981817458,0.0,0.19223272907970942,0.6261428129008692,5.703703703703703,3.669015801919162,2.9,
t1,strict,2026-02-02,2026-02-01 18:00:00,2026-02-02,2026-02-03 16:00:00,2026-02-03 22:00:00,1,46.0,48.0,0.2301351455293112,0.0,0.18528468415852012,0.6119751858441385,5.916666666666667,2.98620800876378,2.866666666666667,
t1,strict,2026-02-02,2026-02-01 18:00:00,2026-02-02,2026-02-03 17:00:00,2026-02-03 23:00:00,1,47.0,48.0,0.17403887944939397,0.0,0.1448046697498124,0.5183720832781654,5.407407407407407,2.396842916646435,3.0,
t1,strict,2026-02-03,2026-02-02 18:00:00,2026-02-03,2026-02-03 18:00:00,2026-02-04 00:00:00,1,24.0,48.0,0.302899360051245,0.0,0.2671892837772961,0.6680173135352045,5.9444444444444455,1.4680233624137573,2.8333333333333335,
t1,strict,2026-02-03,2026-02-02 18:00:00,2026-02-03,2026-02-03 19:00:00,2026-02-04 01:00:00,1,25.0,48.0,0.29945992575570146,0.0022788996003392237,0.26741999437913094,0.643702140872465,6.333333333333335,1.1749047768087,2.6,
t1,strict,2026-02-03,2026-02-02 18:00:00,2026-02-03,2026-02-03 20:00:00,2026-02-04 02:00:00,1,26.0,48.0,0.3139922733024408,0.00615223679632354,0.2611607118734143,0.6689848750088383,6.046296296296297,1.5456862846434847,2.5,
t1,strict,2026-02-03,2026-02-02 18:00:00,2026-02-03,2026-02-03 21:00:00,2026-02-04 03:00:00,1,27.0,48.0,0.3304368781028438,0.015015097616192408,0.25842375498360726,0.748277807161295,6.064814814814814,1.5238164131237566,2.6,
t1,strict,2026-02-03,2026-02-02 18:00:00,2026-02-03,2026-02-03 22:00:00,2026-02-04 04:00:00,1,28.0,48.0,0.4285030674382789,0.03476430497572924,0.38817448276624683,0.8325228032765037,7.037037037037038,1.240498870841756,2.466666666666667,
t1,strict,2026-02-03,2026-02-02 18:00:00,2026-02-03,2026-02-03 23:00:00,2026-02-04 05:00:00,1,29.0,48.0,0.4430812219939538,0.04262991618188866,0.41170269907915874,0.9070317222579893,7.685185185185186,2.1119028729692966,2.5333333333333337,
t1,strict,2026-02-03,2026-02-02 18:00:00,2026-02-03,2026-02-04 00:00:00,2026-02-04 06:00:00,1,30.0,48.0,0.4910633129662461,0.041558659902660944,0.4702807806578846,0.8931928647986356,7.222222222222222,1.1111111111111112,2.066666666666667,
t1,strict,2026-02-03,2026-02-02 18:00:00,2026-02-03,2026-02-04 01:00:00,2026-02-04 07:00:00,1,31.0,48.0,0.5513716469809457,0.038573204757768154,0.5396857838789221,0.9507391041785499,8.027777777777779,0.9638528651609699,2.1999999999999997,
t1,strict,2026-02-03,2026-02-02 18:00:00,2026-02-03,2026-02-04 02:00:00,2026-02-04 08:00:00,1,32.0,48.0,0.5277054153048536,0.0643988751432551,0.5532720596728482,0.920041410711825,8.092592592592593,0.7789343252980789,2.1333333333333333,
t1,strict,2026-02-03,2026-02-02 18:00:00,2026-02-03,2026-02-04 03:00:00,2026-02-04 09:00:00,1,33.0,48.0,0.4753291860951826,0.055843397051957844,0.48139815124796054,0.8760351377256437,7.944444444444444,0.7939781071086915,2.2,
t1,strict,2026-02-03,2026-02-02 18:00:00,2026-02-03,2026-02-04 04:00:00,2026-02-04 10:00:00,1,34.0,48.0,0.3630289426228591,0.01898272639571713,0.3577985465091055,0.8448455014373972,7.5740740740740735,0.7608948057056202,2.6333333333333333,
t1,strict,2026-02-03,2026-02-02 18:00:00,2026-02-03,2026-02-04 05:00:00,2026-02-04 11:00:00,1,35.0,48.0,0.25117643532608946,0.007051037008932004,0.2446081829721994,0.7298745680335812,6.722222222222222,0.8502904369452206,3.3000000000000003,
t1,strict,2026-02-03,2026-02-02 18:00:00,2026-02-03,2026-02-04 06:00:00,2026-02-04 12:00:00,1,36.0,48.0,0.20707650311796158,0.0,0.15579870975559798,0.7143976858326966,6.712962962962965,1.9068454763776466,3.9333333333333336,
t1,strict,2026-02-03,2026-02-02 18:00:00,2026-02-03,2026-02-04 07:00:00,2026-02-04 13:00:00,1,37.0,48.0,0.2039378091651047,5.529256345637723e-05,0.12984796083183195,0.6383704126694042,5.805555555555556,1.4979409736347515,4.666666666666667,
t1,strict,2026-02-03,2026-02-02 18:00:00,2026-02-03,2026-02-04 08:00:00,2026-02-04 14:00:00,1,38.0,48.0,0.22061385803241276,0.0012130291162934792,0.140456260674989,0.6375919266863377,5.5,1.27687165939569,5.466666666666666,
t1,strict,2026-02-03,2026-02-02 18:00:00,2026-02-03,2026-02-04 09:00:00,2026-02-04 15:00:00,1,39.0,48.0,0.20541971331146286,0.00028312247621686826,0.1296853219024215,0.6068330211979831,5.518518518518519,1.1945521053977883,6.2,
t1,strict,2026-02-03,2026-02-02 18:00:00,2026-02-03,2026-02-04 10:00:00,2026-02-04 16:00:00,1,40.0,48.0,0.1955990359471127,0.0011635865498779707,0.1165013482609411,0.5827495794972761,5.583333333333333,0.9554101956622134,6.133333333333333,
t1,strict,2026-02-03,2026-02-02 18:00:00,2026-02-03,2026-02-04 11:00:00,2026-02-04 17:00:00,1,41.0,48.0,0.14670424294347403,0.003643947867291164,0.06358579442807158,0.36681088353754976,5.388888888888889,0.6532208897947138,5.066666666666667,
t1,strict,2026-02-03,2026-02-02 18:00:00,2026-02-03,2026-02-04 12:00:00,2026-02-04 18:00:00,1,42.0,48.0,0.10959520233049075,0.0012353441340907725,0.06135444777286691,0.27365152235020174,3.4166666666666665,0.4409585518440983,4.466666666666667,
t1,strict,2026-02-03,2026-02-02 18:00:00,2026-02-03,2026-02-04 13:00:00,2026-02-04 19:00:00,1,43.0,48.0,0.19606571172157566,0.011038308394551277,0.10577322054823221,0.4297299976935858,2.9907407407407405,2.5522825256101607,2.9333333333333336,
t1,strict,2026-02-03,2026-02-02 18:00:00,2026-02-03,2026-02-04 14:00:00,2026-02-04 20:00:00,1,44.0,48.0,0.3087477824649041,0.020019589457231063,0.20363156214584094,0.7126610579907515,4.564814814814815,3.1741302557800677,1.8666666666666665,
t1,strict,2026-02-03,2026-02-02 18:00:00,2026-02-03,2026-02-04 15:00:00,2026-02-04 21:00:00,1,45.0,48.0,0.4245127727027089,0.050241626219009294,0.4027691889800554,0.9471256201460951,7.083333333333333,3.755345983633216,1.1333333333333333,
t1,strict,2026-02-03,2026-02-02 18:00:00,2026-02-03,2026-02-04 16:00:00,2026-02-04 22:00:00,1,46.0,48.0,0.634907713804664,0.1680451421589969,0.5955335315401622,0.9753500602907745,9.685185185185185,1.9199515597455965,0.6666666666666666,
t1,strict,2026-02-03,2026-02-02 18:00:00,2026-02-03,2026-02-04 17:00:00,2026-02-04 23:00:00,1,47.0,48.0,0.7205328729000232,0.24865152173348953,0.7023686248101848,0.9926419958658639,10.481481481481481,1.0001285925550216,0.3666666666666667,
t1,strict,2026-02-04,2026-02-03 18:00:00,2026-02-04,2026-02-04 18:00:00,2026-02-05 00:00:00,1,24.0,48.0,0.8323652467161126,0.5919868403313346,0.8644933693668568,0.9846601808640798,10.722222222222223,0.7010794146735535,0.26666666666666666,
t1,strict,2026-02-04,2026-02-03 18:00:00,2026-02-04,2026-02-04 19:00:00,2026-02-05 01:00:00,1,25.0,48.0,0.8939652087405365,0.6908166240347615,0.9416821344157195,0.9832914627209217,11.583333333333334,0.6291528696058959,0.3333333333333333,
t1,strict,2026-02-04,2026-02-03 18:00:00,2026-02-04,2026-02-04 20:00:00,2026-02-05 02:00:00,1,26.0,48.0,0.9076621590002878,0.727193488425394,0.9497883625949339,0.9833934176166762,12.49074074074074,0.5775729693981738,0.5,
t1,strict,2026-02-04,2026-02-03 18:00:00,2026-02-04,2026-02-04 21:00:00,2026-02-05 03:00:00,1,27.0,48.0,0.9129524649769482,0.7477090975673191,0.9509052854074573,0.9833177586535157,13.314814814814815,0.39900854493361654,0.6666666666666666,
t1,strict,2026-02-04,2026-02-03 18:00:00,2026-02-04,2026-02-04 22:00:00,2026-02-05 04:00:00,1,28.0,48.0,0.9268757878428768,0.8043002376666926,0.9511938114410039,0.9833484100719265,14.09259259259259,0.22280017436140687,0.6,
t1,strict,2026-02-04,2026-02-03 18:00:00,2026-02-04,2026-02-04 23:00:00,2026-02-05 05:00:00,1,29.0,48.0,0.9246939223989223,0.7948292724030077,0.9507863063378715,0.9833460825410932,14.666666666666666,0.708741712342949,0.6,
t1,strict,2026-02-04,2026-02-03 18:00:00,2026-02-04,2026-02-05 00:00:00,2026-02-05 06:00:00,1,30.0,48.0,0.9201442929704609,0.7887098151002512,0.951346530218095,0.9833539091506133,15.620370370370372,1.643903189203443,0.5333333333333333,
t1,strict,2026-02-04,2026-02-03 18:00:00,2026-02-04,2026-02-05 01:00:00,2026-02-05 07:00:00,1,31.0,48.0,0.9213097633702756,0.7875736364102843,0.951346530218095,0.9833533440108128,15.759259259259261,1.442395270106755,0.4333333333333333,
t1,strict,2026-02-04,2026-02-03 18:00:00,2026-02-04,2026-02-05 02:00:00,2026-02-05 08:00:00,1,32.0,48.0,0.9149349783035345,0.7887098151002512,0.951346530218095,0.9833533440108128,16.287037037037038,1.876251297145761,0.3,
t1,strict,2026-02-04,2026-02-03 18:00:00,2026-02-04,2026-02-05 03:00:00,2026-02-05 09:00:00,1,33.0,48.0,0.9217998565876653,0.7806877682268615,0.951346530218095,0.9833529152935955,16.759259259259263,2.363941658461363,0.7666666666666666,
t1,strict,2026-02-04,2026-02-03 18:00:00,2026-02-04,2026-02-05 04:00:00,2026-02-05 10:00:00,1,34.0,48.0,0.9268763129622352,0.7871825030947635,0.951346530218095,0.9833527563725895,16.990740740740744,2.7930598145353107,2.3000000000000003,
t1,strict,2026-02-04,2026-02-03 18:00:00,2026-02-04,2026-02-05 05:00:00,2026-02-05 11:00:00,1,35.0,48.0,0.9233621739086323,0.7712069262865304,0.9514465301227275,0.9833558324492168,17.064814814814813,2.9305665262213467,3.8333333333333335,
t1,strict,2026-02-04,2026-02-03 18:00:00,2026-02-04,2026-02-05 06:00:00,2026-02-05 12:00:00,1,36.0,48.0,0.9268140032259891,0.7990454337108459,0.951346530218095,0.9833543458216224,16.74074074074074,2.492323605540122,4.966666666666666,
t1,strict,2026-02-04,2026-02-03 18:00:00,2026-02-04,2026-02-05 07:00:00,2026-02-05 13:00:00,1,37.0,48.0,0.9260517282170196,0.7736542850553715,0.9514465301227275,0.9833600311098564,16.787037037037038,2.8268353228277783,5.866666666666667,
t1,strict,2026-02-04,2026-02-03 18:00:00,2026-02-04,2026-02-05 08:00:00,2026-02-05 14:00:00,1,38.0,48.0,0.9328252421400572,0.7940968072304693,0.951346530218095,0.9833673873776718,16.250000000000004,2.7660865076676906,6.5,
t1,strict,2026-02-04,2026-02-03 18:00:00,2026-02-04,2026-02-05 09:00:00,2026-02-05 15:00:00,1,39.0,48.0,0.9244509927672764,0.7513086182584642,0.9513988753778901,0.9833795971000927,15.935185185185185,2.945536135845563,6.933333333333333,
t1,strict,2026-02-04,2026-02-03 18:00:00,2026-02-04,2026-02-05 10:00:00,2026-02-05 16:00:00,1,40.0,48.0,0.9156724311778981,0.6936048499761248,0.9513988753778901,0.9833793048151477,15.583333333333334,2.8593576072128384,6.766666666666666,
t1,strict,2026-02-04,2026-02-03 18:00:00,2026-02-04,2026-02-05 11:00:00,2026-02-05 17:00:00,1,41.0,48.0,0.9175187987218809,0.678848368636376,0.9490680369625609,0.9831983321581501,15.046296296296298,2.75467242419295,6.033333333333334,
t1,strict,2026-02-04,2026-02-03 18:00:00,2026-02-04,2026-02-05 12:00:00,2026-02-05 18:00:00,1,42.0,48.0,0.8752577350823134,0.6005025257100363,0.9095667561101696,0.9826083206323495,13.90740740740741,2.06796802914052,4.933333333333334,
t1,strict,2026-02-04,2026-02-03 18:00:00,2026-02-04,2026-02-05 13:00:00,2026-02-05 19:00:00,1,43.0,48.0,0.8870641915774755,0.6095923938652835,0.8863279128507486,0.9819233149165852,12.805555555555557,1.5030832509409655,4.1000000000000005,
t1,strict,2026-02-04,2026-02-03 18:00:00,2026-02-04,2026-02-05 14:00:00,2026-02-05 20:00:00,1,44.0,48.0,0.8567048142001905,0.5401672695422477,0.8717484673248751,0.9796766387252024,11.703703703703704,1.1332289349156424,3.5,
t1,strict,2026-02-04,2026-02-03 18:00:00,2026-02-04,2026-02-05 15:00:00,2026-02-05 21:00:00,1,45.0,48.0,0.7363062090771036,0.4125609548491971,0.7757150966757123,0.9801906341420286,11.037037037037038,1.252261329041983,2.733333333333333,
t1,strict,2026-02-04,2026-02-03 18:00:00,2026-02-04,2026-02-05 16:00:00,2026-02-05 22:00:00,1,46.0,48.0,0.7195390125489413,0.4151732962704429,0.7802188864975022,0.9769437828108838,10.740740740740742,1.191965558648452,2.2333333333333334,
t1,strict,2026-02-04,2026-02-03 18:00:00,2026-02-04,2026-02-05 17:00:00,2026-02-05 23:00:00,1,47.0,48.0,0.683328803816712,0.3745756768361865,0.7386285420773694,0.9733418460760628,10.342592592592593,0.9247677942332488,1.9333333333333333,
t1,strict,2026-02-05,2026-02-04 18:00:00,2026-02-05,2026-02-05 18:00:00,2026-02-06 00:00:00,1,24.0,48.0,0.60192013865931,0.33340242403667647,0.6653235080642946,0.967965692979505,10.481481481481483,0.5894738534221113,1.8333333333333333,
t1,strict,2026-02-05,2026-02-04 18:00:00,2026-02-05,2026-02-05 19:00:00,2026-02-06 01:00:00,1,25.0,48.0,0.5652793710433707,0.2916971012544121,0.6434179636463506,0.95154021009324,10.39814814814815,0.5395852697901291,1.8,
t1,strict,2026-02-05,2026-02-04 18:00:00,2026-02-05,2026-02-05 20:00:00,2026-02-06 02:00:00,1,26.0,48.0,0.5158962973482268,0.2529549378212878,0.5378535585380186,0.9051958139357357,10.018518518518519,0.7382481209362095,1.7666666666666666,
t1,strict,2026-02-05,2026-02-04 18:00:00,2026-02-05,2026-02-05 21:00:00,2026-02-06 03:00:00,1,27.0,48.0,0.4230987349284557,0.187422258562421,0.36708890319653903,0.8466304344880353,9.425925925925926,0.6703217702866032,1.7333333333333334,
t1,strict,2026-02-05,2026-02-04 18:00:00,2026-02-05,2026-02-05 22:00:00,2026-02-06 04:00:00,1,28.0,48.0,0.3436376075109836,0.09252631190872762,0.2696447673868377,0.7870343141704166,8.49074074074074,0.042431256434776535,1.3,
t1,strict,2026-02-05,2026-02-04 18:00:00,2026-02-05,2026-02-05 23:00:00,2026-02-06 05:00:00,1,29.0,48.0,0.24195785185295665,0.022087198958477522,0.17191976467229775,0.629665624841206,7.166666666666668,0.8069910581296641,0.8333333333333334,
t1,strict,2026-02-05,2026-02-04 18:00:00,2026-02-05,2026-02-06 00:00:00,2026-02-06 06:00:00,1,30.0,48.0,0.09167354667984529,0.005756874937108303,0.047275470910495894,0.32752736468432153,4.490740740740741,1.0961961916258325,0.7666666666666666,
t1,strict,2026-02-05,2026-02-04 18:00:00,2026-02-05,2026-02-06 01:00:00,2026-02-06 07:00:00,1,31.0,48.0,0.0905837962206819,0.005772738098639152,0.04476887688035887,0.31334540808022193,2.175925925925926,1.5116148397883349,0.3333333333333333,
t1,strict,2026-02-05,2026-02-04 18:00:00,2026-02-05,2026-02-06 02:00:00,2026-02-06 08:00:00,1,32.0,48.0,0.12241248680087172,0.005876940385651855,0.06010349301216721,0.3709075411969963,3.092592592592593,1.0032098689468039,0.5333333333333333,
t1,strict,2026-02-05,2026-02-04 18:00:00,2026-02-05,2026-02-06 03:00:00,2026-02-06 09:00:00,1,33.0,48.0,0.26212686228364435,0.021613326288067752,0.18307348437094578,0.53265016212335,4.333333333333333,2.9825883613622137,1.4666666666666668,
t1,strict,2026-02-05,2026-02-04 18:00:00,2026-02-05,2026-02-06 04:00:00,2026-02-06 10:00:00,1,34.0,48.0,0.40386215667301,0.03573032893783312,0.3121528347903191,0.7515252854636014,5.055555555555556,3.732676033406914,3.433333333333333,
t1,strict,2026-02-05,2026-02-04 18:00:00,2026-02-05,2026-02-06 05:00:00,2026-02-06 11:00:00,1,35.0,48.0,0.5042706759141019,0.04839516546054412,0.4156583059454339,0.9477031724412961,5.9259259259259265,5.039759612792312,5.5,
t1,strict,2026-02-05,2026-02-04 18:00:00,2026-02-05,2026-02-06 06:00:00,2026-02-06 12:00:00,1,36.0,48.0,0.657121117097297,0.10987371805998569,0.6037434772748197,0.9567490572204798,9.444444444444445,6.004884842801621,6.533333333333332,
t1,strict,2026-02-05,2026-02-04 18:00:00,2026-02-05,2026-02-06 07:00:00,2026-02-06 13:00:00,1,37.0,48.0,0.7996207277697716,0.25067713796111857,0.8272609505648354,0.9796343665636922,10.5,5.208018509003541,7.0,
t1,strict,2026-02-05,2026-02-04 18:00:00,2026-02-05,2026-02-06 08:00:00,2026-02-06 14:00:00,1,38.0,48.0,0.8056977962988284,0.4366636724919654,0.8932388158935296,0.9889856288973302,12.351851851851853,4.006777950838442,7.066666666666666,
t1,strict,2026-02-05,2026-02-04 18:00:00,2026-02-05,2026-02-06 09:00:00,2026-02-06 15:00:00,1,39.0,48.0,0.9161305615307804,0.7159334715293673,0.9477749795322852,0.9870274147697489,14.481481481481483,1.223904566063579,6.633333333333333,
t1,strict,2026-02-05,2026-02-04 18:00:00,2026-02-05,2026-02-06 10:00:00,2026-02-06 16:00:00,1,40.0,48.0,0.9281562768615982,0.8269926254900887,0.9549299467259681,0.9872058243324602,15.555555555555557,0.7642675828998673,5.766666666666667,
t1,strict,2026-02-05,2026-02-04 18:00:00,2026-02-05,2026-02-06 11:00:00,2026-02-06 17:00:00,1,41.0,48.0,0.9300495578278423,0.8297192387060688,0.9549299467259681,0.9872906361034046,15.731481481481483,0.9978113910035612,4.666666666666667,
t1,strict,2026-02-05,2026-02-04 18:00:00,2026-02-05,2026-02-06 12:00:00,2026-02-06 18:00:00,1,42.0,48.0,0.9320511879872124,0.8286869807317891,0.9549299467259681,0.9873115641480574,16.34259259259259,0.39707003041465905,4.0,
t1,strict,2026-02-05,2026-02-04 18:00:00,2026-02-05,2026-02-06 13:00:00,2026-02-06 19:00:00,1,43.0,48.0,0.9300989859213867,0.8286869807317891,0.9549299467259681,0.9873124542631263,16.111111111111114,0.5299662230094142,3.5,
t1,strict,2026-02-05,2026-02-04 18:00:00,2026-02-05,2026-02-06 14:00:00,2026-02-06 20:00:00,1,44.0,48.0,0.9315477501546996,0.828684584263047,0.9545224416228357,0.9873071825899431,15.185185185185185,0.5789073715681702,3.1,
t1,strict,2026-02-05,2026-02-04 18:00:00,2026-02-05,2026-02-06 15:00:00,2026-02-06 21:00:00,1,45.0,48.0,0.9315995930531229,0.8254410764026368,0.9549299467259681,0.9873089731437648,14.583333333333334,0.9554101956622131,2.766666666666667,
t1,strict,2026-02-05,2026-02-04 18:00:00,2026-02-05,2026-02-06 16:00:00,2026-02-06 22:00:00,1,46.0,48.0,0.9160579364573781,0.8197233432468174,0.9460820399442734,0.9871937897445957,14.148148148148147,0.9703686033345533,2.3000000000000003,
t1,strict,2026-02-05,2026-02-04 18:00:00,2026-02-05,2026-02-06 17:00:00,2026-02-06 23:00:00,1,47.0,48.0,0.8483432967231733,0.6833881279499363,0.8997431149228321,0.9869706405388411,13.990740740740742,0.8912006974456274,1.8333333333333333,
t1,strict,2026-02-06,2026-02-05 18:00:00,2026-02-06,2026-02-06 18:00:00,2026-02-07 00:00:00,1,24.0,48.0,0.8987311089679487,0.650001238284825,0.9323637771429035,0.9919524377063043,12.462962962962962,1.8644938853639805,1.6333333333333335,
t1,strict,2026-02-06,2026-02-05 18:00:00,2026-02-06,2026-02-06 19:00:00,2026-02-07 01:00:00,1,25.0,48.0,0.8382045515169593,0.5459972585477844,0.8840972835445068,0.9894439694705006,12.00925925925926,1.7341284975717732,1.6000000000000003,
t1,strict,2026-02-06,2026-02-05 18:00:00,2026-02-06,2026-02-06 20:00:00,2026-02-07 02:00:00,1,26.0,48.0,0.7554131142889596,0.4562699407454461,0.7991639767738853,0.9744220603113867,11.194444444444445,2.05499241535352,1.4000000000000001,
t1,strict,2026-02-06,2026-02-05 18:00:00,2026-02-06,2026-02-06 21:00:00,2026-02-07 03:00:00,1,27.0,48.0,0.5748345516424754,0.24590427064307557,0.6127858258712052,0.9123645155540014,9.953703703703704,1.0909042196549181,1.2666666666666668,
t1,strict,2026-02-06,2026-02-05 18:00:00,2026-02-06,2026-02-06 22:00:00,2026-02-07 04:00:00,1,28.0,48.0,0.46856000723356517,0.10990884705151421,0.45727940657471294,0.8511568532856109,8.527777777777779,0.9910868208284047,0.9666666666666667,
t1,strict,2026-02-06,2026-02-05 18:00:00,2026-02-06,2026-02-06 23:00:00,2026-02-07 05:00:00,1,29.0,48.0,0.32691306346671867,0.022208018322417367,0.2792233696654179,0.8122390478990722,7.398148148148148,1.9409359881995247,0.7000000000000001,
t1,strict,2026-02-06,2026-02-05 18:00:00,2026-02-06,2026-02-07 00:00:00,2026-02-07 06:00:00,1,30.0,48.0,0.2463345903394178,0.0278869189830772,0.14375321478531997,0.5637027850095683,6.546296296296297,1.0585969828109563,0.39999999999999997,
t1,strict,2026-02-06,2026-02-05 18:00:00,2026-02-06,2026-02-07 01:00:00,2026-02-07 07:00:00,1,31.0,48.0,0.13454063650762996,0.008662634534115879,0.06465218281962412,0.36364777951644434,4.833333333333333,1.4215601757693321,0.2333333333333333,
t1,strict,2026-02-06,2026-02-05 18:00:00,2026-02-06,2026-02-07 02:00:00,2026-02-07 08:00:00,1,32.0,48.0,0.07957820191035102,0.009837156716792042,0.034513430588919765,0.2937949608671321,2.9814814814814814,1.8848677241251068,0.16666666666666666,
t1,strict,2026-02-06,2026-02-05 18:00:00,2026-02-06,2026-02-07 03:00:00,2026-02-07 09:00:00,1,33.0,48.0,0.08435593359209767,0.010011208965172023,0.03357385577649561,0.3074922003637814,2.240740740740741,0.15795113064103675,0.2333333333333333,
t1,strict,2026-02-06,2026-02-05 18:00:00,2026-02-06,2026-02-07 04:00:00,2026-02-07 10:00:00,1,34.0,48.0,0.13555212771994363,0.009627611173968459,0.10272581494450012,0.33640882913505404,3.064814814814815,2.2064253346083675,0.8666666666666667,
t1,strict,2026-02-06,2026-02-05 18:00:00,2026-02-06,2026-02-07 05:00:00,2026-02-07 11:00:00,1,35.0,48.0,0.2025941239938728,0.008495086170654781,0.1449982098624601,0.5013844568060768,4.787037037037038,3.583369221755396,1.9333333333333336,
t1,strict,2026-02-06,2026-02-05 18:00:00,2026-02-06,2026-02-07 06:00:00,2026-02-07 12:00:00,1,36.0,48.0,0.2201507379214135,0.007838402094324876,0.14525596149258327,0.6583690067356376,5.953703703703703,4.764219565242939,3.266666666666667,
t1,strict,2026-02-06,2026-02-05 18:00:00,2026-02-06,2026-02-07 07:00:00,2026-02-07 13:00:00,1,37.0,48.0,0.23744468507930386,0.017927994384198176,0.18765912971169177,0.5981237411672506,6.1759259259259265,3.4079986403328104,3.733333333333333,
t1,strict,2026-02-06,2026-02-05 18:00:00,2026-02-06,2026-02-07 08:00:00,2026-02-07 14:00:00,1,38.0,48.0,0.22684308521130042,0.02818387871552308,0.16806069790022157,0.6145142670996241,6.287037037037037,2.3798818139898605,3.966666666666667,
t1,strict,2026-02-06,2026-02-05 18:00:00,2026-02-06,2026-02-07 09:00:00,2026-02-07 15:00:00,1,39.0,48.0,0.19986240667692,0.016640375636335983,0.1311853130993746,0.5401362992068818,5.9444444444444455,2.1094657330737436,4.133333333333334,
t1,strict,2026-02-06,2026-02-05 18:00:00,2026-02-06,2026-02-07 10:00:00,2026-02-07 16:00:00,1,40.0,48.0,0.142642334856819,0.009381834847602827,0.09242741485040921,0.3469439158469879,5.12962962962963,1.8470307614506198,3.8666666666666667,
t1,strict,2026-02-06,2026-02-05 18:00:00,2026-02-06,2026-02-07 11:00:00,2026-02-07 17:00:00,1,41.0,48.0,0.10272051978582629,0.009853756199909636,0.054124762174078696,0.2617237744148395,4.268518518518519,1.873576277028406,3.2000000000000006,
t1,strict,2026-02-06,2026-02-05 18:00:00,2026-02-06,2026-02-07 12:00:00,2026-02-07 18:00:00,1,42.0,48.0,0.16835049046981698,0.008587836084659406,0.08276088033343322,0.36585200380442273,2.7870370370370368,2.0488504254443813,1.8999999999999997,
t1,strict,2026-02-06,2026-02-05 18:00:00,2026-02-06,2026-02-07 13:00:00,2026-02-07 19:00:00,1,43.0,48.0,0.21723431521670217,0.01049574928511171,0.13021332189478815,0.4793814066882781,3.5740740740740744,0.9671827060236737,0.8333333333333334,
t1,strict,2026-02-06,2026-02-05 18:00:00,2026-02-06,2026-02-07 14:00:00,2026-02-07 20:00:00,1,44.0,48.0,0.3931204670105387,0.01997689321884588,0.32520746406222323,0.9214196952465209,5.592592592592593,3.9452594358876967,0.6333333333333333,
t1,strict,2026-02-06,2026-02-05 18:00:00,2026-02-06,2026-02-07 15:00:00,2026-02-07 21:00:00,1,45.0,48.0,0.4402261106536807,0.02445531994718103,0.3712188073269734,0.8929120101008856,7.842592592592593,3.1557234566703434,0.36666666666666664,
t1,strict,2026-02-06,2026-02-05 18:00:00,2026-02-06,2026-02-07 16:00:00,2026-02-07 22:00:00,1,46.0,48.0,0.512561165372536,0.05143827778490001,0.4267582202409496,0.9393777310575364,8.5,3.4441084065472416,0.033333333333333354,
t1,strict,2026-02-06,2026-02-05 18:00:00,2026-02-06,2026-02-07 17:00:00,2026-02-07 23:00:00,1,47.0,48.0,0.4922565022246375,0.0593078658815378,0.4494957361904544,0.9197638177578158,8.768518518518519,3.3772949825528946,-0.10000000000000002,
t1,strict,2026-02-07,2026-02-06 18:00:00,2026-02-07,2026-02-07 18:00:00,2026-02-08 00:00:00,1,24.0,48.0,0.5649258628647886,0.21789042614634163,0.5728128119430614,0.9593977401732796,9.120370370370372,3.3326774045994276,-0.39999999999999997,
t1,strict,2026-02-07,2026-02-06 18:00:00,2026-02-07,2026-02-07 19:00:00,2026-02-08 01:00:00,1,25.0,48.0,0.6109217138334917,0.24632529748896526,0.6266102021120461,0.9861028161929131,9.527777777777779,2.8647495743008307,-0.6666666666666666,
t1,strict,2026-02-07,2026-02-06 18:00:00,2026-02-07,2026-02-07 20:00:00,2026-02-08 02:00:00,1,26.0,48.0,0.705223417525321,0.3685141283695146,0.7283672213831625,0.9739863985835697,9.962962962962964,2.1304547515870116,-0.8000000000000002,
t1,strict,2026-02-07,2026-02-06 18:00:00,2026-02-07,2026-02-07 21:00:00,2026-02-08 03:00:00,1,27.0,48.0,0.7136069417857694,0.44906919807383283,0.7458107607382968,0.9748522030222608,10.37962962962963,1.041697530406964,-0.8333333333333334,
t1,strict,2026-02-07,2026-02-06 18:00:00,2026-02-07,2026-02-07 22:00:00,2026-02-08 04:00:00,1,28.0,48.0,0.7181485725016952,0.4190514420449436,0.7639357424028901,0.970159219206338,10.194444444444445,0.6309898162000303,-0.8666666666666667,
t1,strict,2026-02-07,2026-02-06 18:00:00,2026-02-07,2026-02-07 23:00:00,2026-02-08 05:00:00,1,29.0,48.0,0.6994469879590128,0.3495326915392837,0.7140853981652905,0.9426288063896232,9.75925925925926,0.4724944748952982,-0.6666666666666666,
t1,strict,2026-02-07,2026-02-06 18:00:00,2026-02-07,2026-02-08 00:00:00,2026-02-08 06:00:00,1,30.0,48.0,0.6582995855858252,0.16428694862899662,0.6739452179155253,0.9237938117453101,9.592592592592593,0.7709688736357824,-0.6999999999999998,
t1,strict,2026-02-07,2026-02-06 18:00:00,2026-02-07,2026-02-08 01:00:00,2026-02-08 07:00:00,1,31.0,48.0,0.5622108880948403,0.1455770768925751,0.590187319081644,0.9117206731459029,8.62962962962963,0.4659165046447828,-0.9,
t1,strict,2026-02-07,2026-02-06 18:00:00,2026-02-07,2026-02-08 02:00:00,2026-02-08 08:00:00,1,32.0,48.0,0.4698247753405208,0.06722727709079307,0.4762929430976648,0.8902666570356453,8.111111111111112,0.2649831115047075,-0.9333333333333335,
t1,strict,2026-02-07,2026-02-06 18:00:00,2026-02-07,2026-02-08 03:00:00,2026-02-08 09:00:00,1,33.0,48.0,0.3687356153346912,0.04879634831364443,0.3578007219505799,0.7995653671026813,7.351851851851852,0.1425444844290801,-0.39999999999999997,
t1,strict,2026-02-07,2026-02-06 18:00:00,2026-02-07,2026-02-08 04:00:00,2026-02-08 10:00:00,1,34.0,48.0,0.20825067582461934,0.0011630236391340365,0.1803186734467753,0.6311600074852658,6.527777777777779,0.7742977702647972,0.5333333333333333,
t1,strict,2026-02-07,2026-02-06 18:00:00,2026-02-07,2026-02-08 05:00:00,2026-02-08 11:00:00,1,35.0,48.0,0.13316353023646813,0.0,0.07617421560502001,0.4668334642911138,5.5,1.010744744370014,1.5,
t1,strict,2026-02-07,2026-02-06 18:00:00,2026-02-07,2026-02-08 06:00:00,2026-02-08 12:00:00,1,36.0,48.0,0.07410714866984797,0.0,0.025076542987860724,0.2673395960140775,2.7314814814814814,1.926371031186422,2.3333333333333335,
t1,strict,2026-02-07,2026-02-06 18:00:00,2026-02-07,2026-02-08 07:00:00,2026-02-08 13:00:00,1,37.0,48.0,0.05135792719834449,0.0,0.014018004423384795,0.25373331215172806,1.8240740740740744,1.0483428035451268,3.1666666666666665,
t1,strict,2026-02-07,2026-02-06 18:00:00,2026-02-07,2026-02-08 08:00:00,2026-02-08 14:00:00,1,38.0,48.0,0.15407370792073402,0.005306454861600127,0.049026679390952316,0.40350231281367777,1.7870370370370372,0.2740490479064582,3.9,
t1,strict,2026-02-07,2026-02-06 18:00:00,2026-02-07,2026-02-08 09:00:00,2026-02-08 15:00:00,1,39.0,48.0,0.3308718161969483,0.0015832094801571939,0.2488501621104178,0.6883822052922458,3.333333333333334,1.5488446510500724,4.5,
t1,strict,2026-02-07,2026-02-06 18:00:00,2026-02-07,2026-02-08 10:00:00,2026-02-08 16:00:00,1,40.0,48.0,0.6316040374932996,0.0968198062330003,0.5073283276844857,0.9888499791345144,6.342592592592593,1.476496241872418,4.5,
t1,strict,2026-02-07,2026-02-06 18:00:00,2026-02-07,2026-02-08 11:00:00,2026-02-08 17:00:00,1,41.0,48.0,0.8572577894396116,0.35565904107983926,0.8599739227701261,0.9872651295247747,10.027777777777779,1.0352580640880125,3.6666666666666665,
t1,strict,2026-02-07,2026-02-06 18:00:00,2026-02-07,2026-02-08 12:00:00,2026-02-08 18:00:00,1,42.0,48.0,0.873049798747262,0.4831372530554306,0.9317069274833983,0.9826953095031937,14.50925925925926,1.3197611705627288,1.7333333333333334,
t1,strict,2026-02-07,2026-02-06 18:00:00,2026-02-07,2026-02-08 13:00:00,2026-02-08 19:00:00,1,43.0,48.0,0.9292624597320885,0.7782183253713185,0.9461325839212875,0.981633412081611,15.75925925925926,0.7486270011369321,0.5333333333333333,
t1,strict,2026-02-07,2026-02-06 18:00:00,2026-02-07,2026-02-08 14:00:00,2026-02-08 20:00:00,1,44.0,48.0,0.9250535477323452,0.7899405847158273,0.946898927295858,0.9815064306574058,16.36111111111111,1.1925048852036482,-0.06666666666666667,
t1,strict,2026-02-07,2026-02-06 18:00:00,2026-02-07,2026-02-08 15:00:00,2026-02-08 21:00:00,1,45.0,48.0,0.9256385786599032,0.7968033015163667,0.946898927295858,0.981585757055893,16.89814814814815,1.7778501142690817,-0.5,
t1,strict,2026-02-07,2026-02-06 18:00:00,2026-02-07,2026-02-08 16:00:00,2026-02-08 22:00:00,1,46.0,48.0,0.9194991402785387,0.7968033015163667,0.946898927295858,0.9815854116095608,16.768518518518523,2.071509658045188,-0.6333333333333333,
t1,strict,2026-02-07,2026-02-06 18:00:00,2026-02-07,2026-02-08 17:00:00,2026-02-08 23:00:00,1,47.0,48.0,0.9192815368354901,0.7968033015163667,0.946898927295858,0.9815811132230727,17.037037037037038,2.1731266469923725,-0.7333333333333334,
t1,strict,2026-02-08,2026-02-07 18:00:00,2026-02-08,2026-02-08 18:00:00,2026-02-09 00:00:00,1,24.0,48.0,0.9080810332433065,0.7718573449494106,0.9329438922354965,0.968343010629586,17.10185185185185,2.5099083484652325,-0.8666666666666667,
t1,strict,2026-02-08,2026-02-07 18:00:00,2026-02-08,2026-02-08 19:00:00,2026-02-09 01:00:00,1,25.0,48.0,0.9080810332433065,0.7797319261704853,0.9329438922354965,0.968345000410171,17.546296296296298,2.2402624221650047,-1.0333333333333334,
t1,strict,2026-02-08,2026-02-07 18:00:00,2026-02-08,2026-02-08 20:00:00,2026-02-09 02:00:00,1,26.0,48.0,0.9080810332433065,0.7797319261704853,0.9329438922354965,0.9683521706468847,17.962962962962962,1.9309718442728472,-1.2,
t1,strict,2026-02-08,2026-02-07 18:00:00,2026-02-08,2026-02-08 21:00:00,2026-02-09 03:00:00,1,27.0,48.0,0.905945831320826,0.7820160248064547,0.9329438922354965,0.9683587790444126,18.38888888888889,1.7495590273333037,-1.366666666666667,
t1,strict,2026-02-08,2026-02-07 18:00:00,2026-02-08,2026-02-08 22:00:00,2026-02-09 04:00:00,1,28.0,48.0,0.9058555900607693,0.7793508724557034,0.9329962373952916,0.9683725003077396,18.58333333333334,1.7347216662217788,-1.5,
t1,strict,2026-02-08,2026-02-07 18:00:00,2026-02-08,2026-02-08 23:00:00,2026-02-09 05:00:00,1,29.0,48.0,0.9039158673904106,0.7570352310026283,0.9327841420707422,0.9683920049119121,18.62962962962963,1.7240879977159842,-1.5666666666666667,
t1,strict,2026-02-08,2026-02-07 18:00:00,2026-02-08,2026-02-09 00:00:00,2026-02-09 06:00:00,1,30.0,48.0,0.8540747543589227,0.6828657482493967,0.8844145548907956,0.9728401446997058,18.787037037037038,2.007765274920592,-1.5,
t1,strict,2026-02-08,2026-02-07 18:00:00,2026-02-08,2026-02-09 01:00:00,2026-02-09 07:00:00,1,31.0,48.0,0.8494115088678132,0.6755255312154731,0.8844145548907956,0.9728369929360539,18.48148148148148,2.1056825916919992,-1.5,
t1,strict,2026-02-08,2026-02-07 18:00:00,2026-02-08,2026-02-09 02:00:00,2026-02-09 08:00:00,1,32.0,48.0,0.8474084211200147,0.6642196721673148,0.8844145548907956,0.9728365187308394,18.203703703703706,2.339662931651663,-1.4666666666666668,
t1,strict,2026-02-08,2026-02-07 18:00:00,2026-02-08,2026-02-09 03:00:00,2026-02-09 09:00:00,1,33.0,48.0,0.8446963290038537,0.6546964771141088,0.8844145548907956,0.9728366808918096,17.5462962962963,2.362309064289925,-0.7666666666666666,
t1,strict,2026-02-08,2026-02-07 18:00:00,2026-02-08,2026-02-09 04:00:00,2026-02-09 10:00:00,1,34.0,48.0,0.8443653212559066,0.6631594523822792,0.8861576594884384,0.9726763823784852,17.166666666666668,2.5994123267470384,0.7999999999999999,
t1,strict,2026-02-08,2026-02-07 18:00:00,2026-02-08,2026-02-09 05:00:00,2026-02-09 11:00:00,1,35.0,48.0,0.8463469830649906,0.637626863181805,0.8861576594884384,0.972677218839645,16.833333333333332,3.231189629185061,2.4,
t1,strict,2026-02-08,2026-02-07 18:00:00,2026-02-08,2026-02-09 06:00:00,2026-02-09 12:00:00,1,36.0,48.0,0.8451133426133435,0.6319732338612144,0.8861576594884384,0.9726778508126495,16.055555555555557,3.638464775963336,3.9333333333333336,
t1,strict,2026-02-08,2026-02-07 18:00:00,2026-02-08,2026-02-09 07:00:00,2026-02-09 13:00:00,1,37.0,48.0,0.834113865511517,0.6018925370573306,0.8875678241973468,0.9725484789910289,15.444444444444443,4.091922184071175,5.066666666666667,
t1,strict,2026-02-08,2026-02-07 18:00:00,2026-02-08,2026-02-09 08:00:00,2026-02-09 14:00:00,1,38.0,48.0,0.8388682438310293,0.5632866359137909,0.8875678241973468,0.9725161962957288,14.703703703703704,3.7747468778408897,6.099999999999999,
t1,strict,2026-02-08,2026-02-07 18:00:00,2026-02-08,2026-02-09 09:00:00,2026-02-09 15:00:00,1,39.0,48.0,0.8414265340978193,0.5713301208669342,0.8871603190942144,0.9724548249366342,14.175925925925926,3.5252980494489483,6.533333333333334,
t1,strict,2026-02-08,2026-02-07 18:00:00,2026-02-08,2026-02-09 10:00:00,2026-02-09 16:00:00,1,40.0,48.0,0.8307388011325869,0.5721506384434778,0.8864870086416391,0.9724989576675379,13.148148148148147,2.58681565372128,6.233333333333333,
t1,strict,2026-02-08,2026-02-07 18:00:00,2026-02-08,2026-02-09 11:00:00,2026-02-09 17:00:00,1,41.0,48.0,0.8087708496992204,0.5580940146025792,0.8648462747274853,0.973582889624003,12.685185185185185,1.8932411732047498,5.466666666666666,
t1,strict,2026-02-08,2026-02-07 18:00:00,2026-02-08,2026-02-09 12:00:00,2026-02-09 18:00:00,1,42.0,48.0,0.7728253778947722,0.5410391841026039,0.8405709052032083,0.9779696075411389,12.231481481481481,1.5278619505432076,4.333333333333333,
t1,strict,2026-02-08,2026-02-07 18:00:00,2026-02-08,2026-02-09 13:00:00,2026-02-09 19:00:00,1,43.0,48.0,0.6811883147731452,0.32470063543678745,0.7517047974681811,0.9902835577562155,11.138888888888891,2.8318351158668817,3.1666666666666665,
t1,strict,2026-02-08,2026-02-07 18:00:00,2026-02-08,2026-02-09 14:00:00,2026-02-09 20:00:00,1,44.0,48.0,0.547417337689873,0.18835194914370723,0.558901897629145,0.9486697293167154,10.074074074074074,3.532185930632712,2.733333333333333,
t1,strict,2026-02-08,2026-02-07 18:00:00,2026-02-08,2026-02-09 15:00:00,2026-02-09 21:00:00,1,45.0,48.0,0.4091526578395576,0.12845179650104321,0.38239108688057916,0.8922628785748656,8.842592592592593,3.670487627532384,2.4000000000000004,
t1,strict,2026-02-08,2026-02-07 18:00:00,2026-02-08,2026-02-09 16:00:00,2026-02-09 22:00:00,1,46.0,48.0,0.26283861466192143,0.0,0.19317027437879017,0.7658339048236907,7.12037037037037,3.4350603950579197,1.9666666666666668,
t1,strict,2026-02-08,2026-02-07 18:00:00,2026-02-08,2026-02-09 17:00:00,2026-02-09 23:00:00,1,47.0,48.0,0.2940066174129785,0.0,0.2524106056624006,0.758745465660859,5.185185185185186,3.5295635608444784,1.2666666666666668,
t1,strict,2026-02-09,2026-02-08 18:00:00,2026-02-09,2026-02-09 18:00:00,2026-02-10 00:00:00,1,24.0,48.0,0.12932126525661128,0.0,0.0809065806881805,0.571808090123585,5.305555555555555,1.6841673768026806,0.6333333333333333,
t1,strict,2026-02-09,2026-02-08 18:00:00,2026-02-09,2026-02-09 19:00:00,2026-02-10 01:00:00,1,25.0,48.0,0.20648276739640542,0.0,0.13158340859610138,0.6676528132519696,5.87962962962963,1.3648851682957603,0.9,
t1,strict,2026-02-09,2026-02-08 18:00:00,2026-02-09,2026-02-09 20:00:00,2026-02-10 02:00:00,1,26.0,48.0,0.2366932247143072,0.0,0.1570425175936292,0.7690916409752205,6.212962962962965,1.4137588166902963,1.1666666666666667,
t1,strict,2026-02-09,2026-02-08 18:00:00,2026-02-09,2026-02-09 21:00:00,2026-02-10 03:00:00,1,27.0,48.0,0.2605015854728179,0.0,0.1817207849594725,0.8612034942749934,6.842592592592593,1.7726343419577728,1.2333333333333334,
t1,strict,2026-02-09,2026-02-08 18:00:00,2026-02-09,2026-02-09 22:00:00,2026-02-10 04:00:00,1,28.0,48.0,0.24710388529792804,0.0,0.22635961472483274,0.7230568271781486,7.388888888888889,0.5407756203869944,1.2,
t1,strict,2026-02-09,2026-02-08 18:00:00,2026-02-09,2026-02-09 23:00:00,2026-02-10 05:00:00,1,29.0,48.0,0.2507393599477912,0.00437022306704718,0.22310865876599403,0.6942922016834971,7.481481481481482,0.8581190551183449,0.8333333333333334,
t1,strict,2026-02-09,2026-02-08 18:00:00,2026-02-09,2026-02-10 00:00:00,2026-02-10 06:00:00,1,30.0,48.0,0.2718079888638837,0.0,0.25298054437042156,0.7916052834633196,6.333333333333333,3.8301113673651517,0.5,
t1,strict,2026-02-09,2026-02-08 18:00:00,2026-02-09,2026-02-10 01:00:00,2026-02-10 07:00:00,1,31.0,48.0,0.2746468485819871,0.0,0.19925389456744902,0.8438304917309769,9.324074074074074,4.370419412781959,0.5666666666666667,
t1,strict,2026-02-09,2026-02-08 18:00:00,2026-02-09,2026-02-10 02:00:00,2026-02-10 08:00:00,1,32.0,48.0,0.2828657227676409,0.0,0.15995878437099656,0.9162991841212611,7.407407407407407,5.197958803238499,0.3,
t1,strict,2026-02-09,2026-02-08 18:00:00,2026-02-09,2026-02-10 03:00:00,2026-02-10 09:00:00,1,33.0,48.0,0.2552200106738786,0.0,0.16189166248678855,0.7824536425570333,6.981481481481481,3.2832267952885026,1.2,
t1,strict,2026-02-09,2026-02-08 18:00:00,2026-02-09,2026-02-10 04:00:00,2026-02-10 10:00:00,1,34.0,48.0,0.20855459167549842,0.0,0.16546644186076495,0.6777499945502586,6.62962962962963,2.4786640999063607,2.533333333333333,
t1,strict,2026-02-09,2026-02-08 18:00:00,2026-02-09,2026-02-10 05:00:00,2026-02-10 11:00:00,1,35.0,48.0,0.1963363742684526,0.0,0.11700987380420096,0.6427922505306531,6.351851851851852,2.768642385436627,4.6000000000000005,
t1,strict,2026-02-09,2026-02-08 18:00:00,2026-02-09,2026-02-10 06:00:00,2026-02-10 12:00:00,1,36.0,48.0,0.21841404127496164,0.0,0.13092695463362852,0.5891387659019115,5.731481481481482,2.5718582255852067,6.3,
t1,strict,2026-02-09,2026-02-08 18:00:00,2026-02-09,2026-02-10 07:00:00,2026-02-10 13:00:00,1,37.0,48.0,0.19706203062671906,0.0,0.15459910030836346,0.6241965734558959,6.287037037037037,2.033730481352407,7.8999999999999995,
t1,strict,2026-02-09,2026-02-08 18:00:00,2026-02-09,2026-02-10 08:00:00,2026-02-10 14:00:00,1,38.0,48.0,0.24937138401769304,0.0,0.24184778459736173,0.7191352494983476,6.879629629629631,0.9334876415650785,8.5,
t1,strict,2026-02-09,2026-02-08 18:00:00,2026-02-09,2026-02-10 09:00:00,2026-02-10 15:00:00,1,39.0,48.0,0.24038526908095526,0.0,0.2097927146909768,0.7414242690935997,7.472222222222222,2.125862207071943,9.333333333333334,
t1,strict,2026-02-09,2026-02-08 18:00:00,2026-02-09,2026-02-10 10:00:00,2026-02-10 16:00:00,1,40.0,48.0,0.21218692749471954,0.0,0.16650666964143365,0.8246692546860295,6.972222222222222,2.6488117531647477,8.8,
t1,strict,2026-02-09,2026-02-08 18:00:00,2026-02-09,2026-02-10 11:00:00,2026-02-10 17:00:00,1,41.0,48.0,0.25471477769624556,0.0,0.16758161164122887,0.7909153881952314,6.472222222222222,3.254033584322885,7.533333333333334,
t1,strict,2026-02-09,2026-02-08 18:00:00,2026-02-09,2026-02-10 12:00:00,2026-02-10 18:00:00,1,42.0,48.0,0.21772695107295367,0.0,0.15018703790252172,0.5946406011531256,5.055555555555556,2.4745619390355653,5.966666666666666,
t1,strict,2026-02-09,2026-02-08 18:00:00,2026-02-09,2026-02-10 13:00:00,2026-02-10 19:00:00,1,43.0,48.0,0.22020651034200442,0.0,0.1319269090500665,0.6239930081239242,4.703703703703703,2.7930598145353094,5.133333333333334,
t1,strict,2026-02-09,2026-02-08 18:00:00,2026-02-09,2026-02-10 14:00:00,2026-02-10 20:00:00,1,44.0,48.0,0.28164193268951404,0.012230875730363189,0.20162506840840763,0.7440179768630236,6.472222222222224,1.8149329137688486,4.6000000000000005,
t1,strict,2026-02-09,2026-02-08 18:00:00,2026-02-09,2026-02-10 15:00:00,2026-02-10 21:00:00,1,45.0,48.0,0.42070614505152054,0.0,0.398720487735536,0.8926893737763559,7.583333333333335,4.93170956761033,3.9333333333333336,
t1,strict,2026-02-09,2026-02-08 18:00:00,2026-02-09,2026-02-10 16:00:00,2026-02-10 22:00:00,1,46.0,48.0,0.5773939145034769,0.0936583268095954,0.5459532173632137,0.9824060557027632,8.703703703703704,6.369919503855343,2.8000000000000003,
t1,strict,2026-02-09,2026-02-08 18:00:00,2026-02-09,2026-02-10 17:00:00,2026-02-10 23:00:00,1,47.0,48.0,0.7085037773547191,0.27139764724548543,0.662978442145246,0.9810904874253819,10.851851851851853,4.709651022868004,2.3333333333333335,
t1,strict,2026-02-10,2026-02-09 18:00:00,2026-02-10,2026-02-10 18:00:00,2026-02-11 00:00:00,1,24.0,48.0,0.8681860660017459,0.7086400265307943,0.9030610921800301,0.9904074719748579,13.166666666666666,2.182810228541905,2.1,
t1,strict,2026-02-10,2026-02-09 18:00:00,2026-02-10,2026-02-10 19:00:00,2026-02-11 01:00:00,1,25.0,48.0,0.8759626034603356,0.7150479526874689,0.9060817154331176,0.9902176904709525,14.185185185185185,1.1521361445043075,2.033333333333333,
t1,strict,2026-02-10,2026-02-09 18:00:00,2026-02-10,2026-02-10 20:00:00,2026-02-11 02:00:00,1,26.0,48.0,0.8599776070475423,0.6214042551879557,0.9061886457874105,0.9901341157504149,15.064814814814815,0.4600836388446235,2.033333333333333,
t1,strict,2026-02-10,2026-02-09 18:00:00,2026-02-10,2026-02-10 21:00:00,2026-02-11 03:00:00,1,27.0,48.0,0.8448778402189261,0.6019936390972692,0.9024638668098678,0.9902584554054134,15.574074074074076,1.9064407834772488,1.8333333333333333,
t1,strict,2026-02-10,2026-02-09 18:00:00,2026-02-10,2026-02-10 22:00:00,2026-02-11 04:00:00,1,28.0,48.0,0.7688761753233835,0.5127097652482429,0.861603687931542,0.9937883947824641,14.916666666666666,2.2599232479046174,1.8,
t1,strict,2026-02-10,2026-02-09 18:00:00,2026-02-10,2026-02-10 23:00:00,2026-02-11 05:00:00,1,29.0,48.0,0.6604418658299176,0.23116699114406658,0.7439107467299869,0.9877672085494731,13.620370370370372,2.198718294806703,1.7333333333333334,
t1,strict,2026-02-10,2026-02-09 18:00:00,2026-02-10,2026-02-11 00:00:00,2026-02-11 06:00:00,1,30.0,48.0,0.3739652520656824,0.1066629944355556,0.41037058023862616,0.9199478097450342,10.361111111111112,2.435431616878993,1.3666666666666665,
t1,strict,2026-02-10,2026-02-09 18:00:00,2026-02-10,2026-02-11 01:00:00,2026-02-11 07:00:00,1,31.0,48.0,0.16545311671591048,0.006982784187011787,0.11573472851935347,0.5626284204375165,6.583333333333333,3.1241048100531983,1.0999999999999999,
t1,strict,2026-02-10,2026-02-09 18:00:00,2026-02-10,2026-02-11 02:00:00,2026-02-11 08:00:00,1,32.0,48.0,0.11863399666091491,0.005372886519624434,0.0575279566556306,0.41763072822930347,3.805555555555556,2.5937662687277983,-0.09999999999999998,
t1,strict,2026-02-10,2026-02-09 18:00:00,2026-02-10,2026-02-11 03:00:00,2026-02-11 09:00:00,1,33.0,48.0,0.15017698575752103,0.010404634546632527,0.08686683975414157,0.3823619440354857,3.2685185185185186,1.8975157031290675,0.7666666666666666,
t1,strict,2026-02-10,2026-02-09 18:00:00,2026-02-10,2026-02-11 04:00:00,2026-02-11 10:00:00,1,34.0,48.0,0.264299114454581,0.016274361845925123,0.1345470825449628,0.6030234579331477,3.3333333333333335,1.8010627863830364,3.266666666666667,
t1,strict,2026-02-10,2026-02-09 18:00:00,2026-02-10,2026-02-11 05:00:00,2026-02-11 11:00:00,1,35.0,48.0,0.48848993994568557,0.03460407385309683,0.3308712504869963,0.976648434028901,4.537037037037037,2.023841943925407,6.266666666666667,
t1,strict,2026-02-10,2026-02-09 18:00:00,2026-02-10,2026-02-11 06:00:00,2026-02-11 12:00:00,1,36.0,48.0,0.5368533790605082,0.023978346380950977,0.44495040913126094,0.9630462115669035,9.481481481481483,2.296053601272779,8.933333333333332,
t1,strict,2026-02-10,2026-02-09 18:00:00,2026-02-10,2026-02-11 07:00:00,2026-02-11 13:00:00,1,37.0,48.0,0.4547672531234124,0.01872004060280047,0.394363299728651,0.9176261519335673,10.15740740740741,5.133280222588808,10.133333333333333,
t1,strict,2026-02-10,2026-02-09 18:00:00,2026-02-10,2026-02-11 08:00:00,2026-02-11 14:00:00,1,38.0,48.0,0.45397227600227935,0.013474800129064768,0.3102147420896623,0.890895067450572,8.287037037037038,7.532149885192416,10.9,
t1,strict,2026-02-10,2026-02-09 18:00:00,2026-02-10,2026-02-11 09:00:00,2026-02-11 15:00:00,1,39.0,48.0,0.4955229188295185,0.014860566805161846,0.35643326377792667,0.9535691254619258,6.287037037037037,7.010372239049874,10.700000000000001,
t1,strict,2026-02-10,2026-02-09 18:00:00,2026-02-10,2026-02-11 10:00:00,2026-02-11 16:00:00,1,40.0,48.0,0.6783877984826703,0.20325232628971385,0.6182284539501657,0.9677249595523347,8.740740740740742,0.851801528304217,9.200000000000001,
t1,strict,2026-02-10,2026-02-09 18:00:00,2026-02-10,2026-02-11 11:00:00,2026-02-11 17:00:00,1,41.0,48.0,0.8130745046844183,0.29595917463137167,0.8449783399073368,0.9989128883882155,9.314814814814815,6.020113748703184,6.666666666666667,
t1,strict,2026-02-10,2026-02-09 18:00:00,2026-02-10,2026-02-11 12:00:00,2026-02-11 18:00:00,1,42.0,48.0,0.8498881326813319,0.5560482171028784,0.9113210939447041,0.996218855789919,13.435185185185185,4.375977257108692,4.066666666666666,
t1,strict,2026-02-10,2026-02-09 18:00:00,2026-02-10,2026-02-11 13:00:00,2026-02-11 19:00:00,1,43.0,48.0,0.8814374520878249,0.6410299718606806,0.9332869390303491,0.9909531546656468,13.25925925925926,5.375508397814984,3.4666666666666663,
t1,strict,2026-02-10,2026-02-09 18:00:00,2026-02-10,2026-02-11 14:00:00,2026-02-11 20:00:00,1,44.0,48.0,0.8948141362122317,0.7114278786440935,0.9497867902588707,0.989199948160943,13.462962962962964,3.2784054640680544,2.466666666666667,
t1,strict,2026-02-10,2026-02-09 18:00:00,2026-02-10,2026-02-11 15:00:00,2026-02-11 21:00:00,1,45.0,48.0,0.9165270595804109,0.7388575119996933,0.9485030657689003,0.9875436848955917,13.518518518518519,0.1674364937039357,1.7666666666666666,
t1,strict,2026-02-10,2026-02-09 18:00:00,2026-02-10,2026-02-11 16:00:00,2026-02-11 22:00:00,1,46.0,48.0,0.8737904886570362,0.6879520062886341,0.9159947905257115,0.9894437619868922,13.185185185185185,1.6307077662567384,1.4333333333333333,
t1,strict,2026-02-10,2026-02-09 18:00:00,2026-02-10,2026-02-11 17:00:00,2026-02-11 23:00:00,1,47.0,48.0,0.8454295633913695,0.5580857422054164,0.8863676227091072,0.9902043092030861,12.75,2.027777777777778,1.2666666666666666,
t1,strict,2026-02-11,2026-02-10 18:00:00,2026-02-11,2026-02-11 18:00:00,2026-02-12 00:00:00,1,24.0,48.0,0.835563101170892,0.5022148745050534,0.8877415805311863,0.9819769995657955,11.129629629629632,1.963465169859407,1.0666666666666667,
t1,strict,2026-02-11,2026-02-10 18:00:00,2026-02-11,2026-02-11 19:00:00,2026-02-12 01:00:00,1,25.0,48.0,0.8014603754615272,0.4709598216462559,0.8251824993252422,0.9870644595400453,11.092592592592593,1.5797555418533784,1.0333333333333334,
t1,strict,2026-02-11,2026-02-10 18:00:00,2026-02-11,2026-02-11 20:00:00,2026-02-12 02:00:00,1,26.0,48.0,0.7822117679289442,0.41818866362849155,0.8026423448654764,0.9849659535054995,10.620370370370368,1.2817972207905348,0.6333333333333333,
t1,strict,2026-02-11,2026-02-10 18:00:00,2026-02-11,2026-02-11 21:00:00,2026-02-12 03:00:00,1,27.0,48.0,0.7025916219193153,0.3437276282643052,0.7121993657828222,0.9756995765963622,10.083333333333334,1.9222944751995514,0.3333333333333333,
t1,strict,2026-02-11,2026-02-10 18:00:00,2026-02-11,2026-02-11 22:00:00,2026-02-12 04:00:00,1,28.0,48.0,0.6396527521305101,0.21654386216150928,0.6297474681132214,0.967180680558682,9.50925925925926,1.7865092292897478,0.26666666666666666,
t1,strict,2026-02-11,2026-02-10 18:00:00,2026-02-11,2026-02-11 23:00:00,2026-02-12 05:00:00,1,29.0,48.0,0.5236757680097023,0.14237911349557053,0.49997193367693965,0.9380746607470508,9.157407407407407,1.0032098689468039,0.19999999999999998,
t1,strict,2026-02-11,2026-02-10 18:00:00,2026-02-11,2026-02-12 00:00:00,2026-02-12 06:00:00,1,30.0,48.0,0.4588659845766684,0.051606320853480325,0.44557976695393015,0.8696312530561561,8.61111111111111,1.1375330683024039,0.3,
t1,strict,2026-02-11,2026-02-10 18:00:00,2026-02-11,2026-02-12 01:00:00,2026-02-12 07:00:00,1,31.0,48.0,0.2538441569863717,0.0,0.2209545219038184,0.7953536539504062,7.527777777777778,1.5562994253146036,0.13333333333333333,
t1,strict,2026-02-11,2026-02-10 18:00:00,2026-02-11,2026-02-12 02:00:00,2026-02-12 08:00:00,1,32.0,48.0,0.1258983024644242,0.0,0.0753432832709843,0.5497917791155535,6.583333333333333,2.5410214724509497,0.10000000000000002,
t1,strict,2026-02-11,2026-02-10 18:00:00,2026-02-11,2026-02-12 03:00:00,2026-02-12 09:00:00,1,33.0,48.0,0.09199224976335453,0.0,0.04928356568847354,0.41059375950931715,5.527777777777779,2.872415639307493,-0.06666666666666668,
t1,strict,2026-02-11,2026-02-10 18:00:00,2026-02-11,2026-02-12 04:00:00,2026-02-12 10:00:00,1,34.0,48.0,0.0668913374915639,0.0,0.030976149709884368,0.2751499363862688,4.5092592592592595,2.500360056376408,0.4000000000000001,
t1,strict,2026-02-11,2026-02-10 18:00:00,2026-02-11,2026-02-12 05:00:00,2026-02-12 11:00:00,1,35.0,48.0,0.053973094178202646,0.0,0.02695311503935481,0.24155134124902455,3.7314814814814814,2.9030546562971495,0.8666666666666667,
t1,strict,2026-02-11,2026-02-10 18:00:00,2026-02-11,2026-02-12 06:00:00,2026-02-12 12:00:00,1,36.0,48.0,0.03949191953784245,0.0,0.002772272434551743,0.1739411066074611,2.638888888888889,1.9932370223233595,1.7666666666666668,
t1,strict,2026-02-11,2026-02-10 18:00:00,2026-02-11,2026-02-12 07:00:00,2026-02-12 13:00:00,1,37.0,48.0,0.04065897694942554,0.0,0.002803946423797594,0.1735405426422179,2.6296296296296298,1.8860954289426055,2.1999999999999997,
t1,strict,2026-02-11,2026-02-10 18:00:00,2026-02-11,2026-02-12 08:00:00,2026-02-12 14:00:00,1,38.0,48.0,0.04302627857196707,0.0,0.005021566181448235,0.1746210540690721,2.564814814814815,1.6123877445214994,2.6999999999999997,
t1,strict,2026-02-11,2026-02-10 18:00:00,2026-02-11,2026-02-12 09:00:00,2026-02-12 15:00:00,1,39.0,48.0,0.04341090265710307,0.0,0.009944280228396983,0.20377915526982196,2.5740740740740744,0.913434255936187,2.8333333333333335,
t1,strict,2026-02-11,2026-02-10 18:00:00,2026-02-11,2026-02-12 10:00:00,2026-02-12 16:00:00,1,40.0,48.0,0.0706603247619233,0.0,0.04051467759716077,0.2683906085272474,2.9537037037037037,0.8307057339761809,2.4,
t1,strict,2026-02-11,2026-02-10 18:00:00,2026-02-11,2026-02-12 11:00:00,2026-02-12 17:00:00,1,41.0,48.0,0.1275854785989495,0.0,0.0874334592097989,0.3724737038684764,3.8888888888888893,1.5041095967423206,1.5999999999999999,
t1,strict,2026-02-11,2026-02-10 18:00:00,2026-02-11,2026-02-12 12:00:00,2026-02-12 18:00:00,1,42.0,48.0,0.16420720775096362,0.0,0.11030016245480867,0.42060850433814445,5.037037037037037,1.905631139846393,0.5,
t1,strict,2026-02-11,2026-02-10 18:00:00,2026-02-11,2026-02-12 13:00:00,2026-02-12 19:00:00,1,43.0,48.0,0.19189189230257991,0.0,0.12164875259853736,0.499952913217769,5.4259259259259265,2.706635270145704,0.1666666666666667,
t1,strict,2026-02-11,2026-02-10 18:00:00,2026-02-11,2026-02-12 14:00:00,2026-02-12 20:00:00,1,44.0,48.0,0.18896258953442016,0.0,0.1368531809740549,0.4766458997914828,5.925925925925927,2.0946605645446326,-0.09999999999999998,
t1,strict,2026-02-11,2026-02-10 18:00:00,2026-02-11,2026-02-12 15:00:00,2026-02-12 21:00:00,1,45.0,48.0,0.1980049983714351,0.0,0.1353510251082411,0.5932424162792642,6.361111111111111,1.4632852434517694,-0.2333333333333333,
t1,strict,2026-02-11,2026-02-10 18:00:00,2026-02-11,2026-02-12 16:00:00,2026-02-12 22:00:00,1,46.0,48.0,0.20920115638050696,0.0,0.15895794361279697,0.7214403303080172,6.75,1.0485881160098263,-0.5333333333333333,
t1,strict,2026-02-11,2026-02-10 18:00:00,2026-02-11,2026-02-12 17:00:00,2026-02-12 23:00:00,1,47.0,48.0,0.16662820435874767,0.0,0.10192416261637366,0.6273492506393874,6.7407407407407405,2.03979190821186,-0.7666666666666666,
t1,strict,2026-02-12,2026-02-11 18:00:00,2026-02-12,2026-02-12 18:00:00,2026-02-13 00:00:00,1,24.0,48.0,0.17637677174909755,0.005967142277543386,0.08344451293251945,0.4837904582484679,5.537037037037037,2.1581623222208055,-0.23333333333333336,
t1,strict,2026-02-12,2026-02-11 18:00:00,2026-02-12,2026-02-12 19:00:00,2026-02-13 01:00:00,1,25.0,48.0,0.1542377822590256,0.0040769098590480585,0.07002214770682001,0.4301259384975044,5.342592592592593,2.4520609455432454,-0.6666666666666666,
t1,strict,2026-02-12,2026-02-11 18:00:00,2026-02-12,2026-02-12 20:00:00,2026-02-13 02:00:00,1,26.0,48.0,0.1010321290323908,0.0034344592735515156,0.04046762476611415,0.3662253898118286,4.601851851851852,2.858862834733232,-1.2999999999999998,
t1,strict,2026-02-12,2026-02-11 18:00:00,2026-02-12,2026-02-12 21:00:00,2026-02-13 03:00:00,1,27.0,48.0,0.09573039805000046,0.0038999567659693812,0.03114301778834479,0.3051184065331933,3.6944444444444446,2.7939805225688006,-1.5666666666666667,
t1,strict,2026-02-12,2026-02-11 18:00:00,2026-02-12,2026-02-12 22:00:00,2026-02-13 04:00:00,1,28.0,48.0,0.06544135918708739,0.0043083369224471615,0.01613386561665445,0.22627951272435481,3.157407407407407,2.084690915697521,-1.7666666666666666,
t1,strict,2026-02-12,2026-02-11 18:00:00,2026-02-12,2026-02-12 23:00:00,2026-02-13 05:00:00,1,29.0,48.0,0.0449892075120491,0.004375035347785447,0.014927858730329407,0.1532208263708504,2.6666666666666665,2.0367003088692623,-1.9666666666666668,
t1,strict,2026-02-12,2026-02-11 18:00:00,2026-02-12,2026-02-13 00:00:00,2026-02-13 06:00:00,1,30.0,48.0,0.044412614233360445,0.0042659275869507685,0.014552480093007674,0.15680416901829355,2.388888888888889,1.3214166546962551,-1.6666666666666667,
t1,strict,2026-02-12,2026-02-11 18:00:00,2026-02-12,2026-02-13 01:00:00,2026-02-13 07:00:00,1,31.0,48.0,0.0429063296804726,0.00372222188169565,0.014136986067304059,0.15667078287713462,2.2870370370370368,1.0338907297931748,-1.6666666666666667,
t1,strict,2026-02-12,2026-02-11 18:00:00,2026-02-12,2026-02-13 02:00:00,2026-02-13 08:00:00,1,32.0,48.0,0.05136515934157179,0.003748504487904236,0.013308022633748046,0.1687163470427353,2.5462962962962963,0.6250514382125064,-1.6000000000000003,
t1,strict,2026-02-12,2026-02-11 18:00:00,2026-02-12,2026-02-13 03:00:00,2026-02-13 09:00:00,1,33.0,48.0,0.054544062225675524,0.002792386508581955,0.013666290671864756,0.16971438655982363,2.7962962962962963,0.11226255234242752,-1.3666666666666665,
t1,strict,2026-02-12,2026-02-11 18:00:00,2026-02-12,2026-02-13 04:00:00,2026-02-13 10:00:00,1,34.0,48.0,0.05537965753281675,0.0032016199829908373,0.020046790955142172,0.18105332151067602,3.3333333333333335,0.847563683466242,-1.0999999999999999,
t1,strict,2026-02-12,2026-02-11 18:00:00,2026-02-12,2026-02-13 05:00:00,2026-02-13 11:00:00,1,35.0,48.0,0.047903007423767324,0.002868686982008789,0.014865453228089947,0.15255195282619888,3.1944444444444446,1.6146990699259578,-0.7666666666666666,
t1,strict,2026-02-12,2026-02-11 18:00:00,2026-02-12,2026-02-13 06:00:00,2026-02-13 12:00:00,1,36.0,48.0,0.04652991985690255,0.003472989277013807,0.013993482622151752,0.16391999792182171,2.6296296296296298,1.725877244584471,0.19999999999999996,
t1,strict,2026-02-12,2026-02-11 18:00:00,2026-02-12,2026-02-13 07:00:00,2026-02-13 13:00:00,1,37.0,48.0,0.050951727138039415,0.00429091961229941,0.01637233067201129,0.16466392127710078,2.2962962962962963,1.386201102994218,0.9333333333333332,
t1,strict,2026-02-12,2026-02-11 18:00:00,2026-02-12,2026-02-13 08:00:00,2026-02-13 14:00:00,1,38.0,48.0,0.051882306867849906,0.004319562416051671,0.015510455762128571,0.16337162003341524,1.8240740740740742,1.549176736099139,1.6333333333333335,
t1,strict,2026-02-12,2026-02-11 18:00:00,2026-02-12,2026-02-13 09:00:00,2026-02-13 15:00:00,1,39.0,48.0,0.048869060610083045,0.004832480059973797,0.01665730556009639,0.160186705029137,1.287037037037037,1.236761169062326,2.0666666666666664,
t1,strict,2026-02-12,2026-02-11 18:00:00,2026-02-12,2026-02-13 10:00:00,2026-02-13 16:00:00,1,40.0,48.0,0.049694668733197875,0.004289779542318361,0.015963625738263012,0.16445015294933044,1.1296296296296298,0.06990587440065506,2.1,
t1,strict,2026-02-12,2026-02-11 18:00:00,2026-02-12,2026-02-13 11:00:00,2026-02-13 17:00:00,1,41.0,48.0,0.05549750639897234,0.003976591322633914,0.01550178059282464,0.16892493470311096,1.2314814814814816,1.028278156472357,1.7666666666666668,
t1,strict,2026-02-12,2026-02-11 18:00:00,2026-02-12,2026-02-13 12:00:00,2026-02-13 18:00:00,1,42.0,48.0,0.059117945391872526,0.003988712668613836,0.0159785464352016,0.17636407613974747,1.6203703703703705,1.7225208821086646,0.6,
t1,strict,2026-02-12,2026-02-11 18:00:00,2026-02-12,2026-02-13 13:00:00,2026-02-13 19:00:00,1,43.0,48.0,0.0913244440025452,0.004640896836437924,0.03702250666642884,0.2636532140819137,2.3703703703703702,2.488605721325496,0.5,
t1,strict,2026-02-12,2026-02-11 18:00:00,2026-02-12,2026-02-13 14:00:00,2026-02-13 20:00:00,1,44.0,48.0,0.1362393592913938,0.006652922393271088,0.06094568286617323,0.43695348241792953,2.9722222222222228,3.5126534938563516,0.5666666666666668,
t1,strict,2026-02-12,2026-02-11 18:00:00,2026-02-12,2026-02-13 15:00:00,2026-02-13 21:00:00,1,45.0,48.0,0.2607696287846959,0.011647933077819028,0.15037640798933352,0.6551464124841677,3.657407407407407,4.341901548112064,0.7333333333333334,
t1,strict,2026-02-12,2026-02-11 18:00:00,2026-02-12,2026-02-13 16:00:00,2026-02-13 22:00:00,1,46.0,48.0,0.3387955266731224,0.049302374387829084,0.25499608843422183,0.7707155198023025,5.111111111111111,4.065531869597882,0.7999999999999999,
t1,strict,2026-02-12,2026-02-11 18:00:00,2026-02-12,2026-02-13 17:00:00,2026-02-13 23:00:00,1,47.0,48.0,0.4298966345143787,0.07002616624034036,0.38883310847627667,0.8444363964154902,7.0,3.27742465141138,0.9333333333333332,
t1,strict,2026-02-13,2026-02-12 18:00:00,2026-02-13,2026-02-13 18:00:00,2026-02-14 00:00:00,1,24.0,48.0,0.6300799129420188,0.24056853721163096,0.6491014375883277,0.9658358258481198,9.0,2.1061711208074856,0.6,
t1,strict,2026-02-13,2026-02-12 18:00:00,2026-02-13,2026-02-13 19:00:00,2026-02-14 01:00:00,1,25.0,48.0,0.6602341126159732,0.3095083996063665,0.6890445965289395,0.9635825399543965,9.972222222222223,1.5774745405000763,0.6,
t1,strict,2026-02-13,2026-02-12 18:00:00,2026-02-13,2026-02-13 20:00:00,2026-02-14 02:00:00,1,26.0,48.0,0.7253917644908833,0.36397575936517573,0.7490702879141344,0.9540171268354405,10.703703703703704,1.1667768907367013,0.5333333333333333,
t1,strict,2026-02-13,2026-02-12 18:00:00,2026-02-13,2026-02-13 21:00:00,2026-02-14 03:00:00,1,27.0,48.0,0.6848489589654323,0.3491265999325877,0.7414352017887347,0.9555810425248936,10.898148148148147,1.3071306495448052,0.4000000000000001,
t1,strict,2026-02-13,2026-02-12 18:00:00,2026-02-13,2026-02-13 22:00:00,2026-02-14 04:00:00,1,28.0,48.0,0.701125028906596,0.3241155284519352,0.7223677799271367,0.9528998679476,11.037037037037038,1.1133080133145048,0.43333333333333335,
t1,strict,2026-02-13,2026-02-12 18:00:00,2026-02-13,2026-02-13 23:00:00,2026-02-14 05:00:00,1,29.0,48.0,0.6183883199566815,0.21566774395712807,0.6780663314620592,0.9583979420561877,10.583333333333334,1.4356032843802833,0.3666666666666667,
t1,strict,2026-02-13,2026-02-12 18:00:00,2026-02-13,2026-02-14 00:00:00,2026-02-14 06:00:00,1,30.0,48.0,0.5643115174891278,0.17528524562754733,0.6089719405171277,0.9599735616367988,9.916666666666666,1.0610238474880151,0.3333333333333333,
t1,strict,2026-02-13,2026-02-12 18:00:00,2026-02-13,2026-02-14 01:00:00,2026-02-14 07:00:00,1,31.0,48.0,0.37285836860832916,0.018453848802773065,0.33798983264060684,0.9216414390183374,9.074074074074074,2.105316120462243,0.39999999999999997,
t1,strict,2026-02-13,2026-02-12 18:00:00,2026-02-13,2026-02-14 02:00:00,2026-02-14 08:00:00,1,32.0,48.0,0.12726888410873877,0.0,0.1054933163400434,0.7532859548546742,7.648148148148148,3.126244608119179,0.26666666666666666,
t1,strict,2026-02-13,2026-02-12 18:00:00,2026-02-13,2026-02-14 03:00:00,2026-02-14 09:00:00,1,33.0,48.0,0.12336697287859376,0.0,0.09597252478421746,0.7016698761701843,6.796296296296298,3.9661310458998997,0.8666666666666666,
t1,strict,2026-02-13,2026-02-12 18:00:00,2026-02-13,2026-02-14 04:00:00,2026-02-14 10:00:00,1,34.0,48.0,0.16941821485451913,0.0,0.13083802994557825,0.7387531144327979,6.6759259259259265,4.518338262949801,2.0,
t1,strict,2026-02-13,2026-02-12 18:00:00,2026-02-13,2026-02-14 05:00:00,2026-02-14 11:00:00,1,35.0,48.0,0.17538638715359095,0.0,0.14621649847340562,0.7612733669735061,6.851851851851852,4.347229617790419,3.233333333333333,
t1,strict,2026-02-13,2026-02-12 18:00:00,2026-02-13,2026-02-14 06:00:00,2026-02-14 12:00:00,1,36.0,48.0,0.18966534776841915,0.0,0.1454484856236245,0.9045612436646682,7.4259259259259265,4.446382679217023,4.066666666666667,
t1,strict,2026-02-13,2026-02-12 18:00:00,2026-02-13,2026-02-14 07:00:00,2026-02-14 13:00:00,1,37.0,48.0,0.1835565332300636,0.0,0.11682072548668236,0.9002084863273571,6.4907407407407405,5.193800712736426,5.066666666666666,
t1,strict,2026-02-13,2026-02-12 18:00:00,2026-02-13,2026-02-14 08:00:00,2026-02-14 14:00:00,1,38.0,48.0,0.15902895011485896,0.0,0.09903519254983563,0.818448396321888,6.898148148148148,4.003888285052039,5.5,
t1,strict,2026-02-13,2026-02-12 18:00:00,2026-02-13,2026-02-14 09:00:00,2026-02-14 15:00:00,1,39.0,48.0,0.1464324451087745,0.0,0.0759329177504016,0.6427495056274284,6.5092592592592595,2.2500571551954165,5.366666666666667,
t1,strict,2026-02-13,2026-02-12 18:00:00,2026-02-13,2026-02-14 10:00:00,2026-02-14 16:00:00,1,40.0,48.0,0.1229111312664976,0.0,0.09769874034161248,0.6894290078980887,5.388888888888889,4.516430908156146,5.066666666666666,
t1,strict,2026-02-13,2026-02-12 18:00:00,2026-02-13,2026-02-14 11:00:00,2026-02-14 17:00:00,1,41.0,48.0,0.22291350611039978,0.0,0.16111045555410092,0.7244463943017152,6.981481481481482,1.2745530968570193,3.966666666666667,
t1,strict,2026-02-13,2026-02-12 18:00:00,2026-02-13,2026-02-14 12:00:00,2026-02-14 18:00:00,1,42.0,48.0,0.2753475827399323,0.0,0.2176058417893274,0.8368784110847932,7.472222222222222,2.213350345762374,2.0,
t1,strict,2026-02-13,2026-02-12 18:00:00,2026-02-13,2026-02-14 13:00:00,2026-02-14 19:00:00,1,43.0,48.0,0.2195247034383343,0.0,0.11525208859488674,0.8319098005199083,6.907407407407408,2.342135074631464,1.3333333333333333,
t1,strict,2026-02-13,2026-02-12 18:00:00,2026-02-13,2026-02-14 14:00:00,2026-02-14 20:00:00,1,44.0,48.0,0.14843092221241055,0.0,0.05729567017664612,0.66187527202898,5.648148148148149,2.3401575691734244,0.9666666666666667,
t1,strict,2026-02-13,2026-02-12 18:00:00,2026-02-13,2026-02-14 15:00:00,2026-02-14 21:00:00,1,45.0,48.0,0.05691112902977087,0.0,0.012565347043587957,0.29467556580056664,3.5740740740740744,2.7444294496516446,0.9333333333333332,
t1,strict,2026-02-13,2026-02-12 18:00:00,2026-02-13,2026-02-14 16:00:00,2026-02-14 22:00:00,1,46.0,48.0,0.05269611092366544,0.0,0.0,0.3193314958214788,4.657407407407407,2.417198749428496,0.7333333333333334,
t1,strict,2026-02-13,2026-02-12 18:00:00,2026-02-13,2026-02-14 17:00:00,2026-02-14 23:00:00,1,47.0,48.0,0.019706732993172688,0.0,0.0,0.2713871824760168,3.8981481481481484,2.1293679388330338,0.7666666666666666,
t1,strict,2026-02-14,2026-02-13 18:00:00,2026-02-14,2026-02-14 18:00:00,2026-02-15 00:00:00,1,24.0,48.0,0.0,0.0,0.0,0.16452068639601658,3.7777777777777786,1.3768926368215255,0.7000000000000001,
t1,strict,2026-02-14,2026-02-13 18:00:00,2026-02-14,2026-02-14 19:00:00,2026-02-15 01:00:00,1,25.0,48.0,0.0,0.0,0.0,0.09145487659715297,2.7870370370370368,1.2681805443248666,0.6,
t1,strict,2026-02-14,2026-02-13 18:00:00,2026-02-14,2026-02-14 20:00:00,2026-02-15 02:00:00,1,26.0,48.0,0.0,0.0,0.0,0.09669346120918608,1.777777777777778,0.9887484294754272,0.2666666666666666,
t1,strict,2026-02-14,2026-02-13 18:00:00,2026-02-14,2026-02-14 21:00:00,2026-02-15 03:00:00,1,27.0,48.0,0.0,0.0,0.0,0.10124927774935084,1.3888888888888886,0.8347210667398177,-0.16666666666666666,
t1,strict,2026-02-14,2026-02-13 18:00:00,2026-02-14,2026-02-14 22:00:00,2026-02-15 04:00:00,1,28.0,48.0,0.0,0.0,0.0,0.13934282111553725,1.5277777777777777,0.43390275977259185,-0.4666666666666666,
t1,strict,2026-02-14,2026-02-13 18:00:00,2026-02-14,2026-02-14 23:00:00,2026-02-15 05:00:00,1,29.0,48.0,0.0,0.0,0.0,0.20623099283352112,2.111111111111111,1.7012613330869513,-0.5666666666666667,
t1,strict,2026-02-14,2026-02-13 18:00:00,2026-02-14,2026-02-15 00:00:00,2026-02-15 06:00:00,1,30.0,48.0,0.07999237564023766,0.0,0.019027000754207185,0.3627296788434262,3.5833333333333335,1.8316490579816154,0.13333333333333336,
t1,strict,2026-02-14,2026-02-13 18:00:00,2026-02-14,2026-02-15 01:00:00,2026-02-15 07:00:00,1,31.0,48.0,0.16603593797468885,0.0,0.12244872071051878,0.6694537020401645,4.740740740740741,2.138046972348147,0.1666666666666667,
t1,strict,2026-02-14,2026-02-13 18:00:00,2026-02-14,2026-02-15 02:00:00,2026-02-15 08:00:00,1,32.0,48.0,0.24984273830505133,0.0,0.2228169697409247,0.7638206146499396,6.435185185185186,1.9183433353452075,0.7000000000000001,
t1,strict,2026-02-14,2026-02-13 18:00:00,2026-02-14,2026-02-15 03:00:00,2026-02-15 09:00:00,1,33.0,48.0,0.4180440294312586,0.0,0.3397288466190587,0.9400579567993632,7.814814814814814,1.940935988199524,1.4000000000000001,
t1,strict,2026-02-14,2026-02-13 18:00:00,2026-02-14,2026-02-15 04:00:00,2026-02-15 10:00:00,1,34.0,48.0,0.6282075361073012,0.015137726031754117,0.5669028305148983,0.9528854267027986,9.12037037037037,2.110075281944521,2.466666666666667,
t1,strict,2026-02-14,2026-02-13 18:00:00,2026-02-14,2026-02-15 05:00:00,2026-02-15 11:00:00,1,35.0,48.0,0.7119230759082812,0.19852708883403347,0.7429740604134831,0.9235867583452328,10.453703703703704,1.8852770478964367,3.533333333333333,
t1,strict,2026-02-14,2026-02-13 18:00:00,2026-02-14,2026-02-15 06:00:00,2026-02-15 12:00:00,1,36.0,48.0,0.7629504486036135,0.4197530207757827,0.8050934596716988,0.9205766569012083,11.342592592592593,1.2239045660635777,3.9666666666666663,
t1,strict,2026-02-14,2026-02-13 18:00:00,2026-02-14,2026-02-15 07:00:00,2026-02-15 13:00:00,1,37.0,48.0,0.7922361747178638,0.467456353046826,0.849249715746933,0.9108044099716744,11.620370370370372,1.3923105998965744,4.933333333333333,
t1,strict,2026-02-14,2026-02-13 18:00:00,2026-02-14,2026-02-15 08:00:00,2026-02-15 14:00:00,1,38.0,48.0,0.7902583290336652,0.4734275459371095,0.8617825315563681,0.9073995917545121,11.777777777777777,1.2363451713482165,5.733333333333333,
t1,strict,2026-02-14,2026-02-13 18:00:00,2026-02-14,2026-02-15 09:00:00,2026-02-15 15:00:00,1,39.0,48.0,0.8087517769628312,0.5664548283215471,0.8666790748468812,0.9075114243741043,11.712962962962962,1.2074017268668917,6.266666666666667,
t1,strict,2026-02-14,2026-02-13 18:00:00,2026-02-14,2026-02-15 10:00:00,2026-02-15 16:00:00,1,40.0,48.0,0.8182955019250506,0.5690900379280079,0.8688770247518588,0.907517178551622,11.462962962962964,1.0607814108694067,6.333333333333333,
t1,strict,2026-02-14,2026-02-13 18:00:00,2026-02-14,2026-02-15 11:00:00,2026-02-15 17:00:00,1,41.0,48.0,0.7780846248001526,0.5410310112168124,0.808005503829983,0.9195812268211225,11.268518518518519,0.9531192024042804,5.900000000000001,
t1,strict,2026-02-14,2026-02-13 18:00:00,2026-02-14,2026-02-15 12:00:00,2026-02-15 18:00:00,1,42.0,48.0,0.7707960045276664,0.4712200364138945,0.799943414438087,0.9209799773319826,11.907407407407407,0.7858378663969912,5.0,
t1,strict,2026-02-14,2026-02-13 18:00:00,2026-02-14,2026-02-15 13:00:00,2026-02-15 19:00:00,1,43.0,48.0,0.7746894848105964,0.48537717443665807,0.7982365639486803,0.921560699160906,12.064814814814815,0.9429454334875265,4.066666666666666,
t1,strict,2026-02-14,2026-02-13 18:00:00,2026-02-14,2026-02-15 14:00:00,2026-02-15 20:00:00,1,44.0,48.0,0.7888805780010765,0.5110257020238675,0.8214106876744096,0.9173559916220692,12.222222222222223,1.0289032876362294,3.5,
t1,strict,2026-02-14,2026-02-13 18:00:00,2026-02-14,2026-02-15 15:00:00,2026-02-15 21:00:00,1,45.0,48.0,0.7761424366494418,0.5213313729000639,0.8110200764583237,0.9197671468920167,12.25925925925926,1.0578678377471917,3.233333333333333,
t1,strict,2026-02-14,2026-02-13 18:00:00,2026-02-14,2026-02-15 16:00:00,2026-02-15 22:00:00,1,46.0,48.0,0.7733082487630982,0.5093722263510303,0.8081812831267865,0.9201925875841591,12.046296296296296,1.1608098138232263,2.966666666666667,
t1,strict,2026-02-14,2026-02-13 18:00:00,2026-02-14,2026-02-15 17:00:00,2026-02-15 23:00:00,1,47.0,48.0,0.7628574173675805,0.4957218443450685,0.8080707720943485,0.9203351173237652,11.842592592592593,1.4170297283503988,2.9,
t1,strict,2026-02-15,2026-02-14 18:00:00,2026-02-15,2026-02-15 18:00:00,2026-02-16 00:00:00,1,24.0,48.0,0.7893501430958616,0.5326841762591124,0.8166850287772638,0.9656593823497268,11.074074074074076,0.7094671390552045,2.5,
t1,strict,2026-02-15,2026-02-14 18:00:00,2026-02-15,2026-02-15 19:00:00,2026-02-16 01:00:00,1,25.0,48.0,0.7741770221145311,0.4953180321583555,0.8032943062867985,0.9641508776854857,10.981481481481481,0.8246460769708266,2.433333333333333,
t1,strict,2026-02-15,2026-02-14 18:00:00,2026-02-15,2026-02-15 20:00:00,2026-02-16 02:00:00,1,26.0,48.0,0.7539084429024044,0.49718520842241126,0.7851206189808735,0.9603309726397935,10.870370370370372,0.7877991952372517,2.3333333333333335,
t1,strict,2026-02-15,2026-02-14 18:00:00,2026-02-15,2026-02-15 21:00:00,2026-02-16 03:00:00,1,27.0,48.0,0.7217221873147224,0.45946533782139143,0.7648834487588982,0.9523522322428692,10.75,0.9477067838462213,2.2333333333333334,
t1,strict,2026-02-15,2026-02-14 18:00:00,2026-02-15,2026-02-15 22:00:00,2026-02-16 04:00:00,1,28.0,48.0,0.693825191150544,0.4584934435302875,0.7292220003898574,0.9537355931121104,10.5,1.5585289043450603,2.1333333333333333,
t1,strict,2026-02-15,2026-02-14 18:00:00,2026-02-15,2026-02-15 23:00:00,2026-02-16 05:00:00,1,29.0,48.0,0.6408725961889095,0.34900740561446014,0.6629536321160129,0.937014846104661,9.611111111111112,2.6011927463576594,2.2,
t1,strict,2026-02-15,2026-02-14 18:00:00,2026-02-15,2026-02-16 00:00:00,2026-02-16 06:00:00,1,30.0,48.0,0.6212362379560524,0.3885679392783697,0.6804903588162758,0.9402693663176955,10.63888888888889,1.688057178248722,2.3666666666666667,
t1,strict,2026-02-15,2026-02-14 18:00:00,2026-02-15,2026-02-16 01:00:00,2026-02-16 07:00:00,1,31.0,48.0,0.6016451321002672,0.37131857987563976,0.6069130447545081,0.9342499848547264,9.833333333333334,2.3966282900136666,2.266666666666667,
t1,strict,2026-02-15,2026-02-14 18:00:00,2026-02-15,2026-02-16 02:00:00,2026-02-16 08:00:00,1,32.0,48.0,0.6178621570987726,0.3808849338129844,0.6088172411046143,0.9301863083771389,9.888888888888888,2.2858934012712204,2.4,
t1,strict,2026-02-15,2026-02-14 18:00:00,2026-02-15,2026-02-16 03:00:00,2026-02-16 09:00:00,1,33.0,48.0,0.6147603693082068,0.3726660950878085,0.5861886695214703,0.9187047633890371,9.925925925925926,2.6135233144600676,2.766666666666667,
t1,strict,2026-02-15,2026-02-14 18:00:00,2026-02-15,2026-02-16 04:00:00,2026-02-16 10:00:00,1,34.0,48.0,0.7841139039523999,0.4857133761798696,0.7620378906240792,0.9511666733989668,10.212962962962962,0.8683980805698787,3.366666666666667,
t1,strict,2026-02-15,2026-02-14 18:00:00,2026-02-15,2026-02-16 05:00:00,2026-02-16 11:00:00,1,35.0,48.0,0.7693528602421227,0.46496511803081964,0.7448379891998993,0.9457784811605352,10.175925925925926,1.4224645337561987,3.9,
t1,strict,2026-02-15,2026-02-14 18:00:00,2026-02-15,2026-02-16 06:00:00,2026-02-16 12:00:00,1,36.0,48.0,0.7118982671601767,0.43181476350343595,0.7476957099861451,0.940784282891296,9.5,0.4589642122738425,4.466666666666666,
t1,strict,2026-02-15,2026-02-14 18:00:00,2026-02-15,2026-02-16 07:00:00,2026-02-16 13:00:00,1,37.0,48.0,0.6707339922509176,0.36607835715062836,0.686519947326687,0.9150662821278109,9.111111111111112,0.30555555555555536,5.400000000000001,
t1,strict,2026-02-15,2026-02-14 18:00:00,2026-02-15,2026-02-16 08:00:00,2026-02-16 14:00:00,1,38.0,48.0,0.6576764329313035,0.3640745885173282,0.6837066317920487,0.9272039885020005,8.842592592592593,0.6587102374752745,6.733333333333333,
t1,strict,2026-02-15,2026-02-14 18:00:00,2026-02-15,2026-02-16 09:00:00,2026-02-16 15:00:00,1,39.0,48.0,0.6744604654019047,0.35712065721401376,0.6624457046869603,0.9351120164183517,9.092592592592593,1.4835344571652895,7.566666666666666,
t1,strict,2026-02-15,2026-02-14 18:00:00,2026-02-15,2026-02-16 10:00:00,2026-02-16 16:00:00,1,40.0,48.0,0.7191623318844809,0.47709600243994443,0.7661232366566871,0.9588532362584979,9.675925925925926,1.532148629822941,7.5,
t1,strict,2026-02-15,2026-02-14 18:00:00,2026-02-15,2026-02-16 11:00:00,2026-02-16 17:00:00,1,41.0,48.0,0.8280059147748997,0.5311961270353034,0.8677831119130672,0.9727363572998723,10.574074074074074,1.762375407848537,6.8,
t1,strict,2026-02-15,2026-02-14 18:00:00,2026-02-15,2026-02-16 12:00:00,2026-02-16 18:00:00,1,42.0,48.0,0.8276666059529524,0.5588671962028348,0.8683898252890959,0.9740577694355982,11.314814814814815,1.298840096666183,5.333333333333333,
t1,strict,2026-02-15,2026-02-14 18:00:00,2026-02-15,2026-02-16 13:00:00,2026-02-16 19:00:00,1,43.0,48.0,0.8224240701887453,0.5774513617218295,0.8581681754170752,0.9730082630060513,12.027777777777779,2.245881003410795,4.366666666666666,
t1,strict,2026-02-15,2026-02-14 18:00:00,2026-02-15,2026-02-16 14:00:00,2026-02-16 20:00:00,1,44.0,48.0,0.7792105865453441,0.5653780392450254,0.8236772913249232,0.9698101718321487,11.953703703703704,2.788359474614201,3.9333333333333336,
t1,strict,2026-02-15,2026-02-14 18:00:00,2026-02-15,2026-02-16 15:00:00,2026-02-16 21:00:00,1,45.0,48.0,0.7744967821978832,0.5636883377351839,0.8285832301862716,0.969672168952245,11.75,2.677207177564886,3.6999999999999997,
t1,strict,2026-02-15,2026-02-14 18:00:00,2026-02-15,2026-02-16 16:00:00,2026-02-16 22:00:00,1,46.0,48.0,0.7619966688213272,0.5887051410351685,0.8240298556334926,0.969640811466675,11.722222222222221,2.5087808755412415,3.266666666666667,
t1,strict,2026-02-15,2026-02-14 18:00:00,2026-02-15,2026-02-16 17:00:00,2026-02-16 23:00:00,1,47.0,48.0,0.7519629433594273,0.5795655713857961,0.8191139296430227,0.9644409623585948,11.75,2.0632364005233246,3.4666666666666663,
t1,strict,2026-02-16,2026-02-15 18:00:00,2026-02-16,2026-02-16 18:00:00,2026-02-17 00:00:00,1,24.0,48.0,0.7651348445812798,0.5906364136389123,0.8007251965982966,0.963527010497864,11.250000000000002,1.7605502086100917,3.3000000000000003,
t1,strict,2026-02-16,2026-02-15 18:00:00,2026-02-16,2026-02-16 19:00:00,2026-02-17 01:00:00,1,25.0,48.0,0.7547821126983902,0.5359198831533291,0.7737707304557087,0.958545938562473,11.49074074074074,1.6796561719492105,3.1999999999999997,
t1,strict,2026-02-16,2026-02-15 18:00:00,2026-02-16,2026-02-16 20:00:00,2026-02-17 02:00:00,1,26.0,48.0,0.7480655740296538,0.5382627817176479,0.7704047380833323,0.9569466233584794,11.398148148148147,1.5865788698605774,3.033333333333333,
t1,strict,2026-02-16,2026-02-15 18:00:00,2026-02-16,2026-02-16 21:00:00,2026-02-17 03:00:00,1,27.0,48.0,0.7087680041939344,0.46382480014211774,0.728583637837243,0.9451685664474565,11.018518518518519,1.0279028952872535,3.266666666666667,
t1,strict,2026-02-16,2026-02-15 18:00:00,2026-02-16,2026-02-16 22:00:00,2026-02-17 04:00:00,1,28.0,48.0,0.6787949597321208,0.4155931621524612,0.6775404382261448,0.9341886447351266,10.972222222222221,1.2143051663552447,3.133333333333333,
t1,strict,2026-02-16,2026-02-15 18:00:00,2026-02-16,2026-02-16 23:00:00,2026-02-17 05:00:00,1,29.0,48.0,0.5554002487306698,0.24796511133298704,0.5613492168418329,0.8670110277388274,10.314814814814815,1.0585969828109574,3.4333333333333336,
t1,strict,2026-02-16,2026-02-15 18:00:00,2026-02-16,2026-02-17 00:00:00,2026-02-17 06:00:00,1,30.0,48.0,0.2766368845028399,0.06898803153741531,0.24593795232515084,0.6125363699775648,7.203703703703705,2.7940265500062664,3.6,
t1,strict,2026-02-16,2026-02-15 18:00:00,2026-02-16,2026-02-17 01:00:00,2026-02-17 07:00:00,1,31.0,48.0,0.20422735476027445,0.033243905377825275,0.11824411389092343,0.52816422001941,6.314814814814814,2.5086783528761316,3.2000000000000006,
t1,strict,2026-02-16,2026-02-15 18:00:00,2026-02-16,2026-02-17 02:00:00,2026-02-17 08:00:00,1,32.0,48.0,0.21728306182892007,0.03969321464877219,0.11869685344756456,0.5024823933096694,5.861111111111112,2.0485993408324767,2.8666666666666667,
t1,strict,2026-02-16,2026-02-15 18:00:00,2026-02-16,2026-02-17 03:00:00,2026-02-17 09:00:00,1,33.0,48.0,0.16716947319737196,0.029522188925387507,0.10523024058454952,0.4444540025880782,5.638888888888888,1.752643506038595,3.133333333333333,
t1,strict,2026-02-16,2026-02-15 18:00:00,2026-02-16,2026-02-17 04:00:00,2026-02-17 10:00:00,1,34.0,48.0,0.1845011928314585,0.03263498244794809,0.11132214495384987,0.45236198069089195,5.416666666666667,1.044163673845139,3.7999999999999994,
t1,strict,2026-02-16,2026-02-15 18:00:00,2026-02-16,2026-02-17 05:00:00,2026-02-17 11:00:00,1,35.0,48.0,0.2543211563478878,0.04075282458266505,0.16515890358081495,0.5475298226631019,5.851851851851852,1.1112268458243162,4.666666666666667,
t1,strict,2026-02-16,2026-02-15 18:00:00,2026-02-16,2026-02-17 06:00:00,2026-02-17 12:00:00,1,36.0,48.0,0.2898198082934881,0.0720407148654156,0.21198117851717438,0.6727093767662412,6.583333333333333,1.0095989914103471,7.1000000000000005,
t1,strict,2026-02-16,2026-02-15 18:00:00,2026-02-16,2026-02-17 07:00:00,2026-02-17 13:00:00,1,37.0,48.0,0.3298170268990019,0.0837343059037032,0.28077033164387694,0.7065885382845322,6.851851851851852,1.194875030054842,7.766666666666666,
t1,strict,2026-02-16,2026-02-15 18:00:00,2026-02-16,2026-02-17 08:00:00,2026-02-17 14:00:00,1,38.0,48.0,0.34489386226540053,0.08785540705214978,0.34170286057786964,0.7619498663210733,7.027777777777779,1.3184938095895347,8.4,
t1,strict,2026-02-16,2026-02-15 18:00:00,2026-02-16,2026-02-17 09:00:00,2026-02-17 15:00:00,1,39.0,48.0,0.41786565842764095,0.11923603762573959,0.4498805522356322,0.794440912732866,7.268518518518519,1.2326992030105646,8.666666666666666,
t1,strict,2026-02-16,2026-02-15 18:00:00,2026-02-16,2026-02-17 10:00:00,2026-02-17 16:00:00,1,40.0,48.0,0.5086913064911343,0.16402967929743256,0.5378582981570005,0.8410323905354353,7.4907407407407405,1.1945521053977879,8.666666666666666,
t1,strict,2026-02-16,2026-02-15 18:00:00,2026-02-16,2026-02-17 11:00:00,2026-02-17 17:00:00,1,41.0,48.0,0.5888748850141952,0.17845515437143822,0.5777965596292169,0.879594131623507,7.796296296296297,1.3197611705627277,8.366666666666667,
t1,strict,2026-02-16,2026-02-15 18:00:00,2026-02-16,2026-02-17 12:00:00,2026-02-17 18:00:00,1,42.0,48.0,0.6265991441941011,0.21971832925278695,0.596607764255889,0.9217341402674493,8.481481481481481,1.4211077809592352,7.166666666666667,
t1,strict,2026-02-16,2026-02-15 18:00:00,2026-02-16,2026-02-17 13:00:00,2026-02-17 19:00:00,1,43.0,48.0,0.6809867243571782,0.33101415850173266,0.6738491159030815,0.939460453099499,9.222222222222223,1.3768926368215255,6.433333333333333,
t1,strict,2026-02-16,2026-02-15 18:00:00,2026-02-16,2026-02-17 14:00:00,2026-02-17 20:00:00,1,44.0,48.0,0.7345416399515347,0.4226856516549838,0.7156023840836602,0.9527356729810679,10.0,1.4095682729294743,5.900000000000001,
t1,strict,2026-02-16,2026-02-15 18:00:00,2026-02-16,2026-02-17 15:00:00,2026-02-17 21:00:00,1,45.0,48.0,0.7166118868908453,0.47615263352774995,0.7788496355049067,0.9620901466764508,10.75925925925926,1.392864679881324,5.533333333333334,
t1,strict,2026-02-16,2026-02-15 18:00:00,2026-02-16,2026-02-17 16:00:00,2026-02-17 22:00:00,1,46.0,48.0,0.6913580408103611,0.47470432081252145,0.7441342722685245,0.9499960858691308,11.287037037037038,1.547681792243208,5.266666666666667,
t1,strict,2026-02-16,2026-02-15 18:00:00,2026-02-16,2026-02-17 17:00:00,2026-02-17 23:00:00,1,47.0,48.0,0.6973167977290718,0.4764384589656399,0.7566897735158776,0.9525679568696408,11.537037037037038,1.716238110236691,4.666666666666667,
t1,strict,2026-02-17,2026-02-16 18:00:00,2026-02-17,2026-02-17 18:00:00,2026-02-18 00:00:00,1,24.0,48.0,0.7413914807276266,0.5758786863368943,0.8299404887619796,0.9644893427524333,11.472222222222223,2.1657761702800893,4.066666666666666,
t1,strict,2026-02-17,2026-02-16 18:00:00,2026-02-17,2026-02-17 19:00:00,2026-02-18 01:00:00,1,25.0,48.0,0.7563025078582378,0.5685766268983545,0.8351606207463277,0.965291529155153,11.5,2.0485993408324776,3.6666666666666665,
t1,strict,2026-02-17,2026-02-16 18:00:00,2026-02-17,2026-02-17 20:00:00,2026-02-18 02:00:00,1,26.0,48.0,0.7551675077295412,0.5677622150330425,0.8354958978934373,0.9650620947580979,11.666666666666666,1.8055555555555556,3.3333333333333335,
t1,strict,2026-02-17,2026-02-16 18:00:00,2026-02-17,2026-02-17 21:00:00,2026-02-18 03:00:00,1,27.0,48.0,0.7734600767543052,0.5844524628795307,0.8703355391739033,0.970927684420073,12.037037037037038,1.3089003646607527,3.1999999999999997,
t1,strict,2026-02-17,2026-02-16 18:00:00,2026-02-17,2026-02-17 22:00:00,2026-02-18 04:00:00,1,28.0,48.0,0.7709366902633569,0.581278473072478,0.8691220299102922,0.9702584794578708,11.916666666666666,0.9464847243000456,3.033333333333333,
t1,strict,2026-02-17,2026-02-16 18:00:00,2026-02-17,2026-02-17 23:00:00,2026-02-18 05:00:00,1,29.0,48.0,0.8507765474727133,0.6708022906620899,0.9118925146608946,0.977257971881859,12.101851851851853,0.8829372510549167,2.8333333333333335,
t1,strict,2026-02-17,2026-02-16 18:00:00,2026-02-17,2026-02-18 00:00:00,2026-02-18 06:00:00,1,30.0,48.0,0.7630189895044477,0.5772486339756218,0.8657512610262131,0.9701458814087469,12.083333333333334,0.8475636834662423,2.6,
t1,strict,2026-02-17,2026-02-16 18:00:00,2026-02-17,2026-02-18 01:00:00,2026-02-18 07:00:00,1,31.0,48.0,0.7924734809105992,0.5626100618238554,0.8800455032928812,0.9717045994234047,12.083333333333334,0.53214566835189,2.766666666666667,
t1,strict,2026-02-17,2026-02-16 18:00:00,2026-02-17,2026-02-18 02:00:00,2026-02-18 08:00:00,1,32.0,48.0,0.7894998471447154,0.605665291824772,0.8921350793528215,0.973993506952589,12.203703703703704,1.029777833724962,2.733333333333333,
t1,strict,2026-02-17,2026-02-16 18:00:00,2026-02-17,2026-02-18 03:00:00,2026-02-18 09:00:00,1,33.0,48.0,0.8989324598115003,0.759043527998429,0.9571856800185682,0.9839870319301516,12.324074074074076,0.3072344448710556,4.066666666666666,
t1,strict,2026-02-17,2026-02-16 18:00:00,2026-02-17,2026-02-18 04:00:00,2026-02-18 10:00:00,1,34.0,48.0,0.9124219545230013,0.7778184538503818,0.9559521355150912,0.9839645375282964,12.75925925925926,0.6176002276167517,6.033333333333334,
t1,strict,2026-02-17,2026-02-16 18:00:00,2026-02-17,2026-02-18 05:00:00,2026-02-18 11:00:00,1,35.0,48.0,0.9181627673095308,0.7694401554404949,0.9560818654860507,0.9839580137807402,12.462962962962964,1.0230119735088081,8.4,
t1,strict,2026-02-17,2026-02-16 18:00:00,2026-02-17,2026-02-18 06:00:00,2026-02-18 12:00:00,1,36.0,48.0,0.9219461172054385,0.7759934424037178,0.9560818654860507,0.9840255581754855,12.75925925925926,1.0527496820251792,10.566666666666668,
t1,strict,2026-02-17,2026-02-16 18:00:00,2026-02-17,2026-02-18 07:00:00,2026-02-18 13:00:00,1,37.0,48.0,0.9216108931332977,0.7848033556831289,0.9562277058685577,0.9839894266049944,13.037037037037038,0.9230975319531206,11.833333333333334,
t1,strict,2026-02-17,2026-02-16 18:00:00,2026-02-17,2026-02-18 08:00:00,2026-02-18 14:00:00,1,38.0,48.0,0.9308112476382817,0.8241246019244771,0.9560103204864708,0.9839496221938673,13.203703703703704,0.7105538904796175,12.766666666666666,
t1,strict,2026-02-17,2026-02-16 18:00:00,2026-02-17,2026-02-18 09:00:00,2026-02-18 15:00:00,1,39.0,48.0,0.9265871802799535,0.82318951158418,0.9560103204864708,0.9838412609931679,12.935185185185185,0.6194714327288043,13.1,
t1,strict,2026-02-17,2026-02-16 18:00:00,2026-02-17,2026-02-18 10:00:00,2026-02-18 16:00:00,1,40.0,48.0,0.9182178554797216,0.7411587169601077,0.955697850394922,0.9838328431757435,12.388888888888891,1.1183790077331885,13.0,
t1,strict,2026-02-17,2026-02-16 18:00:00,2026-02-17,2026-02-18 11:00:00,2026-02-18 17:00:00,1,41.0,48.0,0.918092452916046,0.7351947238200937,0.9494455602348774,0.982680651752238,12.00925925925926,1.506757754266144,12.333333333333334,
t1,strict,2026-02-17,2026-02-16 18:00:00,2026-02-17,2026-02-18 12:00:00,2026-02-18 18:00:00,1,42.0,48.0,0.8452236301008124,0.6559785292552981,0.8712690895681002,0.9701174920933143,11.953703703703702,1.7700206922600663,10.966666666666667,
t1,strict,2026-02-17,2026-02-16 18:00:00,2026-02-17,2026-02-18 13:00:00,2026-02-18 19:00:00,1,43.0,48.0,0.8197432121087279,0.5899681892536652,0.8245582735297413,0.9636638415508785,11.185185185185185,0.7501714481677442,9.566666666666666,
t1,strict,2026-02-17,2026-02-16 18:00:00,2026-02-17,2026-02-18 14:00:00,2026-02-18 20:00:00,1,44.0,48.0,0.6929149567788935,0.49089233797319276,0.7126887913101693,0.9447063198962243,10.814814814814817,1.3948022264926336,8.533333333333333,
t1,strict,2026-02-17,2026-02-16 18:00:00,2026-02-17,2026-02-18 15:00:00,2026-02-18 21:00:00,1,45.0,48.0,0.6908384410414901,0.4880040580460221,0.7006361850811569,0.9410829229081003,10.481481481481483,1.5139101255731,7.733333333333333,
t1,strict,2026-02-17,2026-02-16 18:00:00,2026-02-17,2026-02-18 16:00:00,2026-02-18 22:00:00,1,46.0,48.0,0.6187060400041019,0.41872009425655465,0.6599107854189489,0.9292288429493871,10.333333333333334,1.8081178400360944,7.166666666666667,
t1,strict,2026-02-17,2026-02-16 18:00:00,2026-02-17,2026-02-18 17:00:00,2026-02-18 23:00:00,1,47.0,48.0,0.5511552482258464,0.3733972667645417,0.5327663747312221,0.8911955120731498,10.425925925925926,1.5217896114112415,6.7,
t1,strict,2026-02-18,2026-02-17 18:00:00,2026-02-18,2026-02-18 18:00:00,2026-02-19 00:00:00,1,24.0,48.0,0.6850838870420319,0.4340840693433104,0.7186017343053264,0.976482348008768,10.620370370370372,1.4594131804515547,6.533333333333332,
t1,strict,2026-02-18,2026-02-17 18:00:00,2026-02-18,2026-02-18 19:00:00,2026-02-19 01:00:00,1,25.0,48.0,0.6781345899099613,0.38224592632915094,0.7048126484874632,0.9738633981417284,10.787037037037038,1.7981328908076055,6.099999999999999,
t1,strict,2026-02-18,2026-02-17 18:00:00,2026-02-18,2026-02-18 20:00:00,2026-02-19 02:00:00,1,26.0,48.0,0.6737241484853699,0.3923020173842993,0.7045747346362815,0.9745903991837709,10.962962962962964,1.7735047025709159,5.566666666666666,
t1,strict,2026-02-18,2026-02-17 18:00:00,2026-02-18,2026-02-18 21:00:00,2026-02-19 03:00:00,1,27.0,48.0,0.6511808503342832,0.425809972129149,0.678102259398752,0.9748113926596004,10.851851851851853,1.5556382253164922,5.266666666666667,
t1,strict,2026-02-18,2026-02-17 18:00:00,2026-02-18,2026-02-18 22:00:00,2026-02-19 04:00:00,1,28.0,48.0,0.6893796039196404,0.3894853856554252,0.693134490774704,0.9734646460945949,10.916666666666666,2.1806882479088805,5.1000000000000005,
t1,strict,2026-02-18,2026-02-17 18:00:00,2026-02-18,2026-02-18 23:00:00,2026-02-19 05:00:00,1,29.0,48.0,0.6579910277132055,0.3280851161159158,0.7060286506664863,0.967047306596207,10.5,1.9592688860647054,5.133333333333334,
t1,strict,2026-02-18,2026-02-17 18:00:00,2026-02-18,2026-02-19 00:00:00,2026-02-19 06:00:00,1,30.0,48.0,0.6492421369598097,0.3332545707573979,0.6972023350359587,0.9739559998658139,11.25925925925926,1.9453040427989758,5.1000000000000005,
t1,strict,2026-02-18,2026-02-17 18:00:00,2026-02-18,2026-02-19 01:00:00,2026-02-19 07:00:00,1,31.0,48.0,0.6172250300057819,0.3338418752030897,0.6628258952424164,0.9714862337712888,10.796296296296298,1.409385792732849,5.0,
t1,strict,2026-02-18,2026-02-17 18:00:00,2026-02-18,2026-02-19 02:00:00,2026-02-19 08:00:00,1,32.0,48.0,0.6019159727991679,0.32590058854168,0.6363867337290913,0.9703520472943152,10.75,1.2677748563604467,4.933333333333334,
t1,strict,2026-02-18,2026-02-17 18:00:00,2026-02-18,2026-02-19 03:00:00,2026-02-19 09:00:00,1,33.0,48.0,0.6018884516071409,0.3532134129552466,0.6568118683639409,0.9643627345988727,10.370370370370372,0.9703686033345513,6.066666666666667,
t1,strict,2026-02-18,2026-02-17 18:00:00,2026-02-18,2026-02-19 04:00:00,2026-02-19 10:00:00,1,34.0,48.0,0.6726666455407523,0.39519788211899726,0.6858969955750064,0.964809054025232,10.425925925925926,1.2179006088364164,7.933333333333333,
t1,strict,2026-02-18,2026-02-17 18:00:00,2026-02-18,2026-02-19 05:00:00,2026-02-19 11:00:00,1,35.0,48.0,0.6941665748406787,0.32777878280113265,0.6918399145067649,0.9559750662967285,9.879629629629632,1.1332289349156424,9.966666666666667,
t1,strict,2026-02-18,2026-02-17 18:00:00,2026-02-18,2026-02-19 06:00:00,2026-02-19 12:00:00,1,36.0,48.0,0.4948874796599009,0.16751049754095276,0.5016373642088794,0.8527271118584854,8.740740740740742,2.452060945543246,11.366666666666667,
t1,strict,2026-02-18,2026-02-17 18:00:00,2026-02-18,2026-02-19 07:00:00,2026-02-19 13:00:00,1,37.0,48.0,0.3664599565439293,0.06307431684999014,0.3523289478826856,0.7810880065241756,7.7592592592592595,2.4064813033502848,12.799999999999999,
t1,strict,2026-02-18,2026-02-17 18:00:00,2026-02-18,2026-02-19 08:00:00,2026-02-19 14:00:00,1,38.0,48.0,0.30267099856490215,0.059487566082582675,0.2324219070711232,0.6976287802418173,6.851851851851852,1.9847670925130316,14.0,
t1,strict,2026-02-18,2026-02-17 18:00:00,2026-02-18,2026-02-19 09:00:00,2026-02-19 15:00:00,1,39.0,48.0,0.2919808138897382,0.04496518599549571,0.22375549029460717,0.6592408671628567,6.166666666666667,1.7751717009633838,14.600000000000001,
t1,strict,2026-02-18,2026-02-17 18:00:00,2026-02-18,2026-02-19 10:00:00,2026-02-19 16:00:00,1,40.0,48.0,0.2741101452500549,0.028208138659367634,0.21269337860208531,0.6205411223065628,5.842592592592593,1.5960341797344628,14.466666666666667,
t1,strict,2026-02-18,2026-02-17 18:00:00,2026-02-18,2026-02-19 11:00:00,2026-02-19 17:00:00,1,41.0,48.0,0.24050085718970235,0.01659306615139186,0.12781226574079302,0.528432689763972,5.592592592592593,1.6235946756447228,13.799999999999999,
t1,strict,2026-02-18,2026-02-17 18:00:00,2026-02-18,2026-02-19 12:00:00,2026-02-19 18:00:00,1,42.0,48.0,0.19629740216039904,0.01481584173408182,0.10306843061789701,0.49237044919707773,5.962962962962963,2.1119028729692966,11.766666666666666,
t1,strict,2026-02-18,2026-02-17 18:00:00,2026-02-18,2026-02-19 13:00:00,2026-02-19 19:00:00,1,43.0,48.0,0.16222603254569962,0.011277067899087985,0.09091121697037861,0.44424027379008246,5.953703703703705,2.696782109265776,9.933333333333334,
t1,strict,2026-02-18,2026-02-17 18:00:00,2026-02-18,2026-02-19 14:00:00,2026-02-19 20:00:00,1,44.0,48.0,0.13473881384738653,0.009594239390617411,0.06360172541160436,0.3950843466304861,5.268518518518519,3.7567155232508287,8.466666666666667,
t1,strict,2026-02-18,2026-02-17 18:00:00,2026-02-18,2026-02-19 15:00:00,2026-02-19 21:00:00,1,45.0,48.0,0.11953613346592724,0.00855799307023797,0.06634320638337106,0.3186998696302338,4.592592592592593,3.6667017394506654,7.666666666666667,
t1,strict,2026-02-18,2026-02-17 18:00:00,2026-02-18,2026-02-19 16:00:00,2026-02-19 22:00:00,1,46.0,48.0,0.16134405683465938,0.012998325374249341,0.08776859650858773,0.36551318902146246,3.6203703703703702,3.2373130020513967,6.833333333333333,
t1,strict,2026-02-18,2026-02-17 18:00:00,2026-02-18,2026-02-19 17:00:00,2026-02-19 23:00:00,1,47.0,48.0,0.2502992369172238,0.016050771499454396,0.1709236997356283,0.5692457061781969,4.055555555555555,2.852197549995009,6.7,
t1,strict,2026-02-19,2026-02-18 18:00:00,2026-02-19,2026-02-19 18:00:00,2026-02-20 00:00:00,1,24.0,48.0,0.1302882865134286,0.011463968750746524,0.06839822988004438,0.45824525234097085,4.722222222222222,1.2586123065787993,6.6000000000000005,
t1,strict,2026-02-19,2026-02-18 18:00:00,2026-02-19,2026-02-19 19:00:00,2026-02-20 01:00:00,1,25.0,48.0,0.23663554208682377,0.01302532303698843,0.12000692938523619,0.6655616357213372,5.518518518518519,1.0658609997471025,6.366666666666667,
t1,strict,2026-02-19,2026-02-18 18:00:00,2026-02-19,2026-02-19 20:00:00,2026-02-20 02:00:00,1,26.0,48.0,0.2835079925343317,0.012441623695882998,0.1396253531844417,0.8028476171371357,5.685185185185186,2.806288866393852,6.133333333333333,
t1,strict,2026-02-19,2026-02-18 18:00:00,2026-02-19,2026-02-19 21:00:00,2026-02-20 03:00:00,1,27.0,48.0,0.26747155681898377,0.013259510280412801,0.15950000628043723,0.8235880091666672,5.916666666666667,3.9642499640887654,6.233333333333334,
t1,strict,2026-02-19,2026-02-18 18:00:00,2026-02-19,2026-02-19 22:00:00,2026-02-20 04:00:00,1,28.0,48.0,0.3116409915503812,0.030237067210664017,0.21726757641854813,0.8224226917804651,6.037037037037037,5.016510805174869,6.433333333333334,
t1,strict,2026-02-19,2026-02-18 18:00:00,2026-02-19,2026-02-19 23:00:00,2026-02-20 05:00:00,1,29.0,48.0,0.39426872825078624,0.03526310257985399,0.303371464023283,0.8805160295765232,6.935185185185186,4.645149910979543,6.966666666666666,
t1,strict,2026-02-19,2026-02-18 18:00:00,2026-02-19,2026-02-20 00:00:00,2026-02-20 06:00:00,1,30.0,48.0,0.4450368844030094,0.03206088583800884,0.3769172932645701,0.8825377195895123,7.064814814814814,3.0085184273279792,6.733333333333333,
t1,strict,2026-02-19,2026-02-18 18:00:00,2026-02-19,2026-02-20 01:00:00,2026-02-20 07:00:00,1,31.0,48.0,0.4334588362241352,0.04355835187937794,0.35949989386391557,0.895880034758803,7.657407407407408,2.9318827080890824,6.633333333333333,
t1,strict,2026-02-19,2026-02-18 18:00:00,2026-02-19,2026-02-20 02:00:00,2026-02-20 08:00:00,1,32.0,48.0,0.3800699124513143,0.03271997939643933,0.2913617634056697,0.8623788586984542,7.6759259259259265,2.9350391364529176,6.466666666666666,
t1,strict,2026-02-19,2026-02-18 18:00:00,2026-02-19,2026-02-20 03:00:00,2026-02-20 09:00:00,1,33.0,48.0,0.32326891636131727,0.013886075269623488,0.23524712946561688,0.8051481416682339,7.092592592592593,3.238147110280651,7.433333333333334,
t1,strict,2026-02-19,2026-02-18 18:00:00,2026-02-19,2026-02-20 04:00:00,2026-02-20 10:00:00,1,34.0,48.0,0.29403284934878265,0.009720426526276646,0.1923604857014944,0.7794931073395759,6.111111111111112,3.3902547338649685,9.333333333333334,
t1,strict,2026-02-19,2026-02-18 18:00:00,2026-02-19,2026-02-20 05:00:00,2026-02-20 11:00:00,1,35.0,48.0,0.19972918124018935,0.0088789674019581,0.17355510693603485,0.5721653499020097,4.4907407407407405,2.7499064705381926,11.133333333333333,
t1,strict,2026-02-19,2026-02-18 18:00:00,2026-02-19,2026-02-20 06:00:00,2026-02-20 12:00:00,1,36.0,48.0,0.15229000118895417,0.01229419774232796,0.0849505284791061,0.3930533329542236,5.1759259259259265,0.30723444487105644,12.633333333333333,
t1,strict,2026-02-19,2026-02-18 18:00:00,2026-02-19,2026-02-20 07:00:00,2026-02-20 13:00:00,1,37.0,48.0,0.0876220798465966,0.009565640745110028,0.03868332161287208,0.2434565376614084,4.212962962962963,0.451620311046563,13.5,
t1,strict,2026-02-19,2026-02-18 18:00:00,2026-02-19,2026-02-20 08:00:00,2026-02-20 14:00:00,1,38.0,48.0,0.08099785526548096,0.008739296441033138,0.03758482647147934,0.21790863763097237,3.4907407407407405,0.8297763593790574,14.133333333333335,
t1,strict,2026-02-19,2026-02-18 18:00:00,2026-02-19,2026-02-20 09:00:00,2026-02-20 15:00:00,1,39.0,48.0,0.07978785904411924,0.008871076867709994,0.021932387537198145,0.1993322432623953,2.7314814814814814,1.379225643064106,14.4,
t1,strict,2026-02-19,2026-02-18 18:00:00,2026-02-19,2026-02-20 10:00:00,2026-02-20 16:00:00,1,40.0,48.0,0.09295097800389986,0.009287702515125756,0.03508000119296407,0.2703453250234851,2.4722222222222223,0.9477067838462211,14.066666666666668,
t1,strict,2026-02-19,2026-02-18 18:00:00,2026-02-19,2026-02-20 11:00:00,2026-02-20 17:00:00,1,41.0,48.0,0.1417786645971678,0.012900337124345386,0.05531311016163658,0.33316770378718774,3.2870370370370368,1.836347130009194,13.0,
t1,strict,2026-02-19,2026-02-18 18:00:00,2026-02-19,2026-02-20 12:00:00,2026-02-20 18:00:00,1,42.0,48.0,0.2102262219854382,0.022299575240646113,0.13685883041115587,0.5695227864493346,2.527777777777778,0.847563683466242,11.666666666666666,
t1,strict,2026-02-19,2026-02-18 18:00:00,2026-02-19,2026-02-20 13:00:00,2026-02-20 19:00:00,1,43.0,48.0,0.3855150714277245,0.029778973760827592,0.2688474482854138,0.8520978674184899,5.703703703703705,4.667107562946801,10.299999999999999,
t1,strict,2026-02-19,2026-02-18 18:00:00,2026-02-19,2026-02-20 14:00:00,2026-02-20 20:00:00,1,44.0,48.0,0.5479126831911885,0.08589359769462501,0.4592597137859068,0.9662525502710393,8.222222222222223,5.819295277854889,9.633333333333333,
t1,strict,2026-02-19,2026-02-18 18:00:00,2026-02-19,2026-02-20 15:00:00,2026-02-20 21:00:00,1,45.0,48.0,0.6819158006712861,0.1739285037480367,0.6044528575505809,0.9736941468226992,9.981481481481481,5.53832977600819,9.1,
t1,strict,2026-02-19,2026-02-18 18:00:00,2026-02-19,2026-02-20 16:00:00,2026-02-20 22:00:00,1,46.0,48.0,0.7360553294006779,0.3110631630129745,0.7923945475507576,0.9854178903920653,11.435185185185185,4.095063775462219,8.166666666666666,
t1,strict,2026-02-19,2026-02-18 18:00:00,2026-02-19,2026-02-20 17:00:00,2026-02-20 23:00:00,1,47.0,48.0,0.7410047934323867,0.3838885987287052,0.7930599683551416,0.9871524573727982,11.712962962962962,2.9587354099914793,7.566666666666666,
t1,strict,2026-02-20,2026-02-19 18:00:00,2026-02-20,2026-02-20 18:00:00,2026-02-21 00:00:00,1,24.0,48.0,0.6589864709200356,0.37274216171438673,0.7098055380118901,0.9762746436046879,10.74074074074074,2.8404503931971767,6.766666666666666,
t1,strict,2026-02-20,2026-02-19 18:00:00,2026-02-20,2026-02-20 19:00:00,2026-02-21 01:00:00,1,25.0,48.0,0.6690731668634585,0.458654663804135,0.7092512354149426,0.9803565597188254,10.907407407407407,1.922562055166771,6.333333333333333,
t1,strict,2026-02-20,2026-02-19 18:00:00,2026-02-20,2026-02-20 20:00:00,2026-02-21 02:00:00,1,26.0,48.0,0.6510020623584788,0.4401425549270879,0.6757326230995776,0.9766787999716168,10.91666666666667,1.6168480234283615,5.933333333333333,
t1,strict,2026-02-20,2026-02-19 18:00:00,2026-02-20,2026-02-20 21:00:00,2026-02-21 03:00:00,1,27.0,48.0,0.6151136833249489,0.3680370162680215,0.6426466309531446,0.9691900806033915,10.518518518518519,1.1534748004297009,5.633333333333333,
t1,strict,2026-02-20,2026-02-19 18:00:00,2026-02-20,2026-02-20 22:00:00,2026-02-21 04:00:00,1,28.0,48.0,0.5576394126919354,0.35482580725181084,0.599123345045694,0.9580291118334874,10.166666666666666,0.7489704868173758,5.366666666666667,
t1,strict,2026-02-20,2026-02-19 18:00:00,2026-02-20,2026-02-20 23:00:00,2026-02-21 05:00:00,1,29.0,48.0,0.5404777789879285,0.34521133349213695,0.5805299061949716,0.953606834685255,9.824074074074074,0.5228817742035365,5.166666666666667,
t1,strict,2026-02-20,2026-02-19 18:00:00,2026-02-20,2026-02-21 00:00:00,2026-02-21 06:00:00,1,30.0,48.0,0.5352825996835595,0.30284473833717457,0.570919893377311,0.9514563045587574,9.935185185185185,0.3394500514782111,5.066666666666666,
t1,strict,2026-02-20,2026-02-19 18:00:00,2026-02-20,2026-02-21 01:00:00,2026-02-21 07:00:00,1,31.0,48.0,0.5289502539575697,0.23696538212928764,0.5320556092276932,0.9565002161634741,9.814814814814815,0.5888190035401717,5.366666666666667,
t1,strict,2026-02-20,2026-02-19 18:00:00,2026-02-20,2026-02-21 02:00:00,2026-02-21 08:00:00,1,32.0,48.0,0.4783335738698955,0.1978920753619881,0.44002887002665253,0.9163931500093483,9.694444444444445,1.473008175951428,5.633333333333333,
t1,strict,2026-02-20,2026-02-19 18:00:00,2026-02-20,2026-02-21 03:00:00,2026-02-21 09:00:00,1,33.0,48.0,0.43543917420094547,0.132642400306453,0.3917318020321948,0.7933267325515387,8.870370370370372,1.5962758871256963,6.366666666666667,
t1,strict,2026-02-20,2026-02-19 18:00:00,2026-02-20,2026-02-21 04:00:00,2026-02-21 10:00:00,1,34.0,48.0,0.33173973174877847,0.03462634259875376,0.2507823097473383,0.6412612897029882,6.287037037037038,2.5528870931335894,7.633333333333333,
t1,strict,2026-02-20,2026-02-19 18:00:00,2026-02-20,2026-02-21 05:00:00,2026-02-21 11:00:00,1,35.0,48.0,0.4419237207408568,0.04173241164930996,0.3772046440296638,0.8765912355873059,6.027777777777779,3.3642088571561524,8.5,
t1,strict,2026-02-20,2026-02-19 18:00:00,2026-02-20,2026-02-21 06:00:00,2026-02-21 12:00:00,1,36.0,48.0,0.6190506271421876,0.1310643011834422,0.5393165149616869,0.9598843329079995,8.824074074074074,3.8036626814478027,9.1,
t1,strict,2026-02-20,2026-02-19 18:00:00,2026-02-20,2026-02-21 07:00:00,2026-02-21 13:00:00,1,37.0,48.0,0.7141707476692033,0.24029501490112062,0.7703834152403045,0.962004476695609,10.194444444444445,3.909864068869535,9.433333333333332,
t1,strict,2026-02-20,2026-02-19 18:00:00,2026-02-20,2026-02-21 08:00:00,2026-02-21 14:00:00,1,38.0,48.0,0.7098902103214576,0.333406660972811,0.7493984844488989,0.9694969967243556,12.361111111111112,3.1550713634784824,8.9,
t1,strict,2026-02-20,2026-02-19 18:00:00,2026-02-20,2026-02-21 09:00:00,2026-02-21 15:00:00,1,39.0,48.0,0.6103035780608385,0.24496158549595914,0.6888755045337586,0.9422202338039981,11.925925925925926,4.045872509377912,8.533333333333333,
t1,strict,2026-02-20,2026-02-19 18:00:00,2026-02-20,2026-02-21 10:00:00,2026-02-21 16:00:00,1,40.0,48.0,0.5675119261021262,0.1429408268815724,0.5821638904391248,0.8999477453625457,9.75925925925926,2.425643183975557,8.233333333333334,
t1,strict,2026-02-20,2026-02-19 18:00:00,2026-02-20,2026-02-21 11:00:00,2026-02-21 17:00:00,1,41.0,48.0,0.469470308209599,0.17297162468241964,0.44831505497986596,0.8025272420756527,8.907407407407407,2.0354370821094765,7.599999999999999,
t1,strict,2026-02-20,2026-02-19 18:00:00,2026-02-20,2026-02-21 12:00:00,2026-02-21 18:00:00,1,42.0,48.0,0.40623737817686223,0.0689833432898123,0.33395828887948537,0.7442992187145171,7.5,2.4057864913527363,6.2,
t1,strict,2026-02-20,2026-02-19 18:00:00,2026-02-20,2026-02-21 13:00:00,2026-02-21 19:00:00,1,43.0,48.0,0.48466252159789397,0.07498954242333497,0.3843873287698624,0.8032596004454435,6.6759259259259265,2.5715581896262325,5.966666666666666,
t1,strict,2026-02-20,2026-02-19 18:00:00,2026-02-20,2026-02-21 14:00:00,2026-02-21 20:00:00,1,44.0,48.0,0.5692026310706373,0.09942701803961755,0.5400338547552078,0.8456102962745258,6.8240740740740735,0.7769506183628956,5.866666666666667,
t1,strict,2026-02-20,2026-02-19 18:00:00,2026-02-20,2026-02-21 15:00:00,2026-02-21 21:00:00,1,45.0,48.0,0.6098788767887142,0.14853253022449048,0.5754398328372338,0.9685872628306301,8.555555555555555,1.500771406582233,5.666666666666667,
t1,strict,2026-02-20,2026-02-19 18:00:00,2026-02-20,2026-02-21 16:00:00,2026-02-21 22:00:00,1,46.0,48.0,0.5295413801891681,0.125579810934796,0.5096038099040971,0.9549440065819049,10.592592592592593,5.092079098690936,5.133333333333334,
t1,strict,2026-02-20,2026-02-19 18:00:00,2026-02-20,2026-02-21 17:00:00,2026-02-21 23:00:00,1,47.0,48.0,0.533368891900346,0.10334183795840794,0.49536230467912507,0.9359555660284549,9.546296296296298,3.3855098515190463,4.8999999999999995,
t1,strict,2026-02-21,2026-02-20 18:00:00,2026-02-21,2026-02-21 18:00:00,2026-02-22 00:00:00,1,24.0,48.0,0.6606808661062117,0.18234500150317384,0.6332161024250403,0.9600028475540806,9.370370370370372,2.9041176245039964,4.866666666666666,
t1,strict,2026-02-21,2026-02-20 18:00:00,2026-02-21,2026-02-21 19:00:00,2026-02-22 01:00:00,1,25.0,48.0,0.5835979638165264,0.13803621753758527,0.5557342489370244,0.9466752464144089,9.379629629629632,2.736686816665416,4.1000000000000005,
t1,strict,2026-02-21,2026-02-20 18:00:00,2026-02-21,2026-02-21 20:00:00,2026-02-22 02:00:00,1,26.0,48.0,0.434426283366254,0.06925473885912246,0.36611850783544314,0.8982313185297954,8.620370370370372,2.8672175037816316,3.266666666666667,
t1,strict,2026-02-21,2026-02-20 18:00:00,2026-02-21,2026-02-21 21:00:00,2026-02-22 03:00:00,1,27.0,48.0,0.3070592208196624,0.02964813673888214,0.22408490347285015,0.7908782099080097,7.333333333333333,2.759383541819476,2.433333333333333,
t1,strict,2026-02-21,2026-02-20 18:00:00,2026-02-21,2026-02-21 22:00:00,2026-02-22 04:00:00,1,28.0,48.0,0.22358746168613386,0.016072891761427354,0.13788398139210217,0.6147064856549616,5.62962962962963,2.660921666495716,1.5999999999999999,
t1,strict,2026-02-21,2026-02-20 18:00:00,2026-02-21,2026-02-21 23:00:00,2026-02-22 05:00:00,1,29.0,48.0,0.11861011507997644,0.009930689524562756,0.07063939254958092,0.3555101025944198,3.7129629629629632,2.8138399871440862,0.8666666666666666,
t1,strict,2026-02-21,2026-02-20 18:00:00,2026-02-21,2026-02-22 00:00:00,2026-02-22 06:00:00,1,30.0,48.0,0.07548266977496954,0.009393719801499313,0.024390653437619637,0.28338549335599317,3.175925925925926,2.6768228664661793,1.1,
t1,strict,2026-02-21,2026-02-20 18:00:00,2026-02-21,2026-02-22 01:00:00,2026-02-22 07:00:00,1,31.0,48.0,0.05459404278402369,0.008901681132781069,0.018461035100812824,0.19262627264478058,2.611111111111111,1.2098489855768093,1.0,
t1,strict,2026-02-21,2026-02-20 18:00:00,2026-02-21,2026-02-22 02:00:00,2026-02-22 08:00:00,1,32.0,48.0,0.055585122219401505,0.008980738274962236,0.022340980015305885,0.2074189508462428,2.1481481481481484,0.5139514476436265,1.0,
t1,strict,2026-02-21,2026-02-20 18:00:00,2026-02-21,2026-02-22 03:00:00,2026-02-22 09:00:00,1,33.0,48.0,0.09955889005421104,0.00984541324053725,0.04670307665407261,0.3091091275614996,1.9907407407407407,1.9183433353452075,1.7999999999999998,
t1,strict,2026-02-21,2026-02-20 18:00:00,2026-02-21,2026-02-22 04:00:00,2026-02-22 10:00:00,1,34.0,48.0,0.17957235851905584,0.018335682120682855,0.16555647405633914,0.5238318780134553,3.6018518518518516,3.942520396673846,3.8666666666666667,
t1,strict,2026-02-21,2026-02-20 18:00:00,2026-02-21,2026-02-22 05:00:00,2026-02-22 11:00:00,1,35.0,48.0,0.39539939160502974,0.031397212584645874,0.30262139428371343,0.8503513022936575,5.351851851851852,4.551855995537999,5.5,
t1,strict,2026-02-21,2026-02-20 18:00:00,2026-02-21,2026-02-22 06:00:00,2026-02-22 12:00:00,1,36.0,48.0,0.5645912639398957,0.06271409115419173,0.4620881873880612,0.9412570178713483,8.611111111111112,5.003316801117603,8.066666666666666,
t1,strict,2026-02-21,2026-02-20 18:00:00,2026-02-21,2026-02-22 07:00:00,2026-02-22 13:00:00,1,37.0,48.0,0.6272880435049101,0.15084612492767993,0.6286549234527092,0.9784422677384812,9.666666666666666,3.6433390938926378,9.166666666666666,
t1,strict,2026-02-21,2026-02-20 18:00:00,2026-02-21,2026-02-22 08:00:00,2026-02-22 14:00:00,1,38.0,48.0,0.8034715849382265,0.35735013164624185,0.7516893281926602,0.9837993815240189,10.018518518518519,2.3974866812625417,9.799999999999999,
t1,strict,2026-02-21,2026-02-20 18:00:00,2026-02-21,2026-02-22 09:00:00,2026-02-22 15:00:00,1,39.0,48.0,0.8687093003363073,0.5444406935847345,0.9130913726194693,0.9884895001580769,10.361111111111112,1.8322808426711645,10.0,
t1,strict,2026-02-21,2026-02-20 18:00:00,2026-02-21,2026-02-22 10:00:00,2026-02-22 16:00:00,1,40.0,48.0,0.8992452560267933,0.5611077808836006,0.9422748260489694,0.9869966513892783,10.518518518518519,1.8893654083026223,9.799999999999999,
t1,strict,2026-02-21,2026-02-20 18:00:00,2026-02-21,2026-02-22 11:00:00,2026-02-22 17:00:00,1,41.0,48.0,0.8198154114029274,0.5293841452974204,0.8747137370788834,0.9873607136164654,10.416666666666666,1.9041458990682072,9.333333333333334,
t1,strict,2026-02-21,2026-02-20 18:00:00,2026-02-21,2026-02-22 12:00:00,2026-02-22 18:00:00,1,42.0,48.0,0.7672705732966486,0.5024608461603695,0.8297217655637497,0.9777760593086477,10.805555555555557,1.5833333333333337,8.0,
t1,strict,2026-02-21,2026-02-20 18:00:00,2026-02-21,2026-02-22 13:00:00,2026-02-22 19:00:00,1,43.0,48.0,0.6878952819548813,0.37348523209541545,0.7154039739589794,0.9769008046450546,10.296296296296298,1.3328509930023407,6.7,
t1,strict,2026-02-21,2026-02-20 18:00:00,2026-02-21,2026-02-22 14:00:00,2026-02-22 20:00:00,1,44.0,48.0,0.594736528990878,0.23360072555264022,0.5301906817784577,0.9119516149493071,9.129629629629632,1.3472460860811235,5.666666666666667,
t1,strict,2026-02-21,2026-02-20 18:00:00,2026-02-21,2026-02-22 15:00:00,2026-02-22 21:00:00,1,45.0,48.0,0.392978139686321,0.11281375354251566,0.36304126319355595,0.796292885084032,8.379629629629628,1.403900357572349,5.033333333333334,
t1,strict,2026-02-21,2026-02-20 18:00:00,2026-02-21,2026-02-22 16:00:00,2026-02-22 22:00:00,1,46.0,48.0,0.34417932401518403,0.0726518186632986,0.3384407236424304,0.7570028274390206,7.916666666666667,1.3888888888888888,4.633333333333334,
t1,strict,2026-02-21,2026-02-20 18:00:00,2026-02-21,2026-02-22 17:00:00,2026-02-22 23:00:00,1,47.0,48.0,0.3657320290062855,0.05117558372170544,0.3205250451167742,0.7965333334072422,7.555555555555557,1.76536464949285,4.233333333333333,
t1,strict,2026-02-22,2026-02-21 18:00:00,2026-02-22,2026-02-22 18:00:00,2026-02-23 00:00:00,1,24.0,48.0,0.4087376575780052,0.10969973952383616,0.3306635828982615,0.8887897952598381,9.018518518518519,2.03410984970292,4.566666666666666,
t1,strict,2026-02-22,2026-02-21 18:00:00,2026-02-22,2026-02-22 19:00:00,2026-02-23 01:00:00,1,25.0,48.0,0.36192274438956284,0.03166595124977215,0.27821715031335736,0.8679100935947321,8.574074074074074,2.076160491588084,4.266666666666667,
t1,strict,2026-02-22,2026-02-21 18:00:00,2026-02-22,2026-02-22 20:00:00,2026-02-23 02:00:00,1,26.0,48.0,0.3291482916723967,0.014703431927927783,0.24082630685645215,0.794468309743827,7.75,1.3333333333333335,3.9333333333333336,
t1,strict,2026-02-22,2026-02-21 18:00:00,2026-02-22,2026-02-22 21:00:00,2026-02-23 03:00:00,1,27.0,48.0,0.22027407375186664,0.012671904298053809,0.11437500827565006,0.5535509590021654,6.472222222222222,0.600925212577332,3.6333333333333333,
t1,strict,2026-02-22,2026-02-21 18:00:00,2026-02-22,2026-02-22 22:00:00,2026-02-23 04:00:00,1,28.0,48.0,0.10897905005528949,0.008460777926890935,0.05655195151310264,0.34227164364684304,4.935185185185186,0.992383546256516,3.1666666666666665,
t1,strict,2026-02-22,2026-02-21 18:00:00,2026-02-22,2026-02-22 23:00:00,2026-02-23 05:00:00,1,29.0,48.0,0.06834185225657058,0.008471714509854757,0.03577762147922366,0.24886315501702078,3.3703703703703707,1.6245448872022525,2.7999999999999994,
t1,strict,2026-02-22,2026-02-21 18:00:00,2026-02-22,2026-02-23 00:00:00,2026-02-23 06:00:00,1,30.0,48.0,0.05702639070308673,0.008450720475230405,0.017857493867350478,0.20116736590345047,2.240740740740741,0.8133404168888054,2.4,
t1,strict,2026-02-22,2026-02-21 18:00:00,2026-02-22,2026-02-23 01:00:00,2026-02-23 07:00:00,1,31.0,48.0,0.05796849613323368,0.009152132008181182,0.01835567304399506,0.20850692571206586,1.5370370370370372,0.9322469426819902,2.2666666666666666,
t1,strict,2026-02-22,2026-02-21 18:00:00,2026-02-22,2026-02-23 02:00:00,2026-02-23 08:00:00,1,32.0,48.0,0.06104476745478461,0.009236409299070105,0.018286869460955858,0.19959374111868136,1.1574074074074074,0.38322596456620145,2.2666666666666666,
t1,strict,2026-02-22,2026-02-21 18:00:00,2026-02-22,2026-02-23 03:00:00,2026-02-23 09:00:00,1,33.0,48.0,0.0741765102439967,0.009013713249833848,0.022638042368585312,0.22962723804280646,1.1944444444444444,1.3746492257398468,3.3333333333333335,
t1,strict,2026-02-22,2026-02-21 18:00:00,2026-02-22,2026-02-23 04:00:00,2026-02-23 10:00:00,1,34.0,48.0,0.08527794388532971,0.009557321625004543,0.04237859761092785,0.27327182245802756,1.7685185185185184,1.8636660185791298,5.066666666666666,
t1,strict,2026-02-22,2026-02-21 18:00:00,2026-02-22,2026-02-23 05:00:00,2026-02-23 11:00:00,1,35.0,48.0,0.13787876916007247,0.012061946354772675,0.08348108039446112,0.36642223247744826,3.203703703703704,1.781318811391978,6.8999999999999995,
t1,strict,2026-02-22,2026-02-21 18:00:00,2026-02-22,2026-02-23 06:00:00,2026-02-23 12:00:00,1,36.0,48.0,0.24383531180305337,0.015100095629215183,0.17529981242813636,0.5214049463388577,3.9722222222222228,2.6199613605670216,8.266666666666667,
t1,strict,2026-02-22,2026-02-21 18:00:00,2026-02-22,2026-02-23 07:00:00,2026-02-23 13:00:00,1,37.0,48.0,0.3577882536838737,0.03437936942266395,0.29050062989879,0.7389970422739589,6.0092592592592595,3.4384281388221014,9.1,
t1,strict,2026-02-22,2026-02-21 18:00:00,2026-02-22,2026-02-23 08:00:00,2026-02-23 14:00:00,1,38.0,48.0,0.39664973673460086,0.053889679733537206,0.35628437369686183,0.8276713355355059,7.564814814814814,3.78943598743674,8.9,
t1,strict,2026-02-22,2026-02-21 18:00:00,2026-02-22,2026-02-23 09:00:00,2026-02-23 15:00:00,1,39.0,48.0,0.4876741094450867,0.06934954394236809,0.42200446456855945,0.8604739931698558,8.148148148148149,3.1703600943066412,8.466666666666667,
t1,strict,2026-02-22,2026-02-21 18:00:00,2026-02-22,2026-02-23 10:00:00,2026-02-23 16:00:00,1,40.0,48.0,0.5142766455886069,0.08186349058205197,0.471388391359506,0.928584900429936,8.314814814814817,2.8404503931971763,8.1,
t1,strict,2026-02-22,2026-02-21 18:00:00,2026-02-22,2026-02-23 11:00:00,2026-02-23 17:00:00,1,41.0,48.0,0.5729517300011223,0.21195222807898062,0.5546275854294618,0.9565770995429759,9.046296296296296,1.6851597474677575,7.333333333333333,
t1,strict,2026-02-22,2026-02-21 18:00:00,2026-02-22,2026-02-23 12:00:00,2026-02-23 18:00:00,1,42.0,48.0,0.7045683627953018,0.3109552982396246,0.6891752188009028,0.9752171644559874,10.185185185185185,0.18495355884664966,6.033333333333334,
t1,strict,2026-02-22,2026-02-21 18:00:00,2026-02-22,2026-02-23 13:00:00,2026-02-23 19:00:00,1,43.0,48.0,0.7406552374454343,0.4364469970996883,0.77378108980917,0.9763520420799965,10.25925925925926,1.7234165512299973,5.0,
t1,strict,2026-02-22,2026-02-21 18:00:00,2026-02-22,2026-02-23 14:00:00,2026-02-23 20:00:00,1,44.0,48.0,0.7929445883147275,0.4392995567011861,0.8352449677916147,0.9863791222312184,10.00925925925926,2.058243987664534,3.866666666666667,
t1,strict,2026-02-22,2026-02-21 18:00:00,2026-02-22,2026-02-23 15:00:00,2026-02-23 21:00:00,1,45.0,48.0,0.8164987848710521,0.5042125617281836,0.8765952362155474,0.9911888773078624,10.888888888888891,1.8788540636762059,2.4666666666666663,
t1,strict,2026-02-22,2026-02-21 18:00:00,2026-02-22,2026-02-23 16:00:00,2026-02-23 22:00:00,1,46.0,48.0,0.8467720739747198,0.545703057005281,0.9038319931388954,0.9890533341123845,11.138888888888891,2.458451032963944,1.2333333333333334,
t1,strict,2026-02-22,2026-02-21 18:00:00,2026-02-22,2026-02-23 17:00:00,2026-02-23 23:00:00,1,47.0,48.0,0.8865419149333768,0.6655101997177596,0.9250150325989349,0.9925380386050989,12.148148148148147,2.058243987664534,0.06666666666666665,
t1,strict,2026-02-23,2026-02-22 18:00:00,2026-02-23,2026-02-23 18:00:00,2026-02-24 00:00:00,1,24.0,48.0,0.9149930753825702,0.7425889746586186,0.9553151010229838,0.9891909888273464,12.370370370370372,1.460470215728075,-0.26666666666666666,
t1,strict,2026-02-23,2026-02-22 18:00:00,2026-02-23,2026-02-23 19:00:00,2026-02-24 01:00:00,1,25.0,48.0,0.9114544958024434,0.7033956927489087,0.9475860276791038,0.9892596895320871,12.444444444444443,1.3802509165338717,-0.8666666666666667,
t1,strict,2026-02-23,2026-02-22 18:00:00,2026-02-23,2026-02-23 20:00:00,2026-02-24 02:00:00,1,26.0,48.0,0.87720772335691,0.6304198078906115,0.9002864658275544,0.9898832747985996,11.648148148148147,1.1226255234242728,-1.3,
t1,strict,2026-02-23,2026-02-22 18:00:00,2026-02-23,2026-02-23 21:00:00,2026-02-24 03:00:00,1,27.0,48.0,0.8777271626654551,0.6104776004991942,0.9104676347827152,0.9888549702643289,11.231481481481483,1.0719967139560225,-1.5333333333333332,
t1,strict,2026-02-23,2026-02-22 18:00:00,2026-02-23,2026-02-23 22:00:00,2026-02-24 04:00:00,1,28.0,48.0,0.8656574286738197,0.6116386265286695,0.9073467577608468,0.9889144757694363,11.379629629629632,1.1063555638875122,-1.8333333333333333,
t1,strict,2026-02-23,2026-02-22 18:00:00,2026-02-23,2026-02-23 23:00:00,2026-02-24 05:00:00,1,29.0,48.0,0.8577264077021897,0.6209028887651978,0.8842657077220183,0.9808307318046529,11.592592592592595,1.2454650246281578,-2.033333333333333,
t1,strict,2026-02-23,2026-02-22 18:00:00,2026-02-23,2026-02-24 00:00:00,2026-02-24 06:00:00,1,30.0,48.0,0.8360773870418283,0.6172179681335342,0.8558579827570028,0.9768308532733123,10.787037037037038,0.23129622216290383,-2.1,
t1,strict,2026-02-23,2026-02-22 18:00:00,2026-02-23,2026-02-24 01:00:00,2026-02-24 07:00:00,1,31.0,48.0,0.8093618922996707,0.49131247558404134,0.8418595230543011,0.9748516948527873,10.444444444444443,0.409192218407118,-2.1,
t1,strict,2026-02-23,2026-02-22 18:00:00,2026-02-23,2026-02-24 02:00:00,2026-02-24 08:00:00,1,32.0,48.0,0.7712851260949795,0.4494397999800292,0.7832372557918322,0.9647054375517086,9.990740740740742,0.6668595400011421,-1.9666666666666668,
t1,strict,2026-02-23,2026-02-22 18:00:00,2026-02-23,2026-02-24 03:00:00,2026-02-24 09:00:00,1,33.0,48.0,0.7156285283481939,0.41588039444309755,0.7436343050372232,0.9476041649109519,9.5,0.8296213623926711,-1.5999999999999999,
t1,strict,2026-02-23,2026-02-22 18:00:00,2026-02-23,2026-02-24 04:00:00,2026-02-24 10:00:00,1,34.0,48.0,0.611201290519782,0.29854467624377,0.5752446964353368,0.9260759089375297,9.351851851851853,1.032397027019731,-1.1333333333333335,
t1,strict,2026-02-23,2026-02-22 18:00:00,2026-02-23,2026-02-24 05:00:00,2026-02-24 11:00:00,1,35.0,48.0,0.5839699523500189,0.27084082091889217,0.5395992828505518,0.9294381119661926,9.055555555555555,1.2813958438523105,-0.5666666666666667,
t1,strict,2026-02-23,2026-02-22 18:00:00,2026-02-23,2026-02-24 06:00:00,2026-02-24 12:00:00,1,36.0,48.0,0.4921048991266196,0.2224732912426021,0.5052112228383535,0.9212567635114033,9.296296296296296,2.099811376988429,-0.8000000000000002,
t1,strict,2026-02-23,2026-02-22 18:00:00,2026-02-23,2026-02-24 07:00:00,2026-02-24 13:00:00,1,37.0,48.0,0.5001252449688015,0.2273449492861145,0.4891496396564255,0.892514736729146,8.870370370370372,2.3164623766396106,-0.3666666666666667,
t1,strict,2026-02-23,2026-02-22 18:00:00,2026-02-23,2026-02-24 08:00:00,2026-02-24 14:00:00,1,38.0,48.0,0.49321451487590656,0.1891161779389893,0.45997484152813717,0.8789432467099374,8.787037037037038,2.504984742402792,0.0,
t1,strict,2026-02-23,2026-02-22 18:00:00,2026-02-23,2026-02-24 09:00:00,2026-02-24 15:00:00,1,39.0,48.0,0.48386362581311343,0.12572623226681626,0.4584171790793826,0.8825152318031944,8.888888888888891,2.6356705521098913,0.16666666666666674,
t1,strict,2026-02-23,2026-02-22 18:00:00,2026-02-23,2026-02-24 10:00:00,2026-02-24 16:00:00,1,40.0,48.0,0.41975505020504406,0.08624075135213012,0.4149473239530282,0.8659143252592346,8.888888888888891,2.8285635232284028,0.20000000000000004,
t1,strict,2026-02-23,2026-02-22 18:00:00,2026-02-23,2026-02-24 11:00:00,2026-02-24 17:00:00,1,41.0,48.0,0.35872750854000257,0.022992151008594246,0.3437277911413921,0.8467102644166924,8.629629629629632,2.7896044529852664,0.0,
t1,strict,2026-02-23,2026-02-22 18:00:00,2026-02-23,2026-02-24 12:00:00,2026-02-24 18:00:00,1,42.0,48.0,0.28222722148532936,0.03138013022834539,0.2681654849301558,0.7840090512927512,8.24074074074074,2.4200699748411347,-0.23333333333333336,
t1,strict,2026-02-23,2026-02-22 18:00:00,2026-02-23,2026-02-24 13:00:00,2026-02-24 19:00:00,1,43.0,48.0,0.2140515696455184,0.011861551000616559,0.1883127876120745,0.7487039147474489,7.740740740740741,2.658020319045907,-0.7999999999999999,
t1,strict,2026-02-23,2026-02-22 18:00:00,2026-02-23,2026-02-24 14:00:00,2026-02-24 20:00:00,1,44.0,48.0,0.18059923934876573,0.010828467443597492,0.15452956022053027,0.6429015583740432,6.953703703703705,2.5625407755463034,-1.2,
t1,strict,2026-02-23,2026-02-22 18:00:00,2026-02-23,2026-02-24 15:00:00,2026-02-24 21:00:00,1,45.0,48.0,0.17631157792807872,0.011254337053369909,0.08965164527354745,0.533248420636779,6.157407407407407,2.5178886739658677,-1.5333333333333332,
t1,strict,2026-02-23,2026-02-22 18:00:00,2026-02-23,2026-02-24 16:00:00,2026-02-24 22:00:00,1,46.0,48.0,0.1503045041789908,0.009106549023853572,0.07552569681656265,0.409939919445829,5.472222222222222,2.550114981673001,-1.9333333333333336,
t1,strict,2026-02-23,2026-02-22 18:00:00,2026-02-23,2026-02-24 17:00:00,2026-02-24 23:00:00,1,47.0,48.0,0.08520976306283488,0.009280804451651298,0.033432398256502294,0.2586906300908248,4.37962962962963,2.336032389566309,-2.266666666666667,
t1,strict,2026-02-24,2026-02-23 18:00:00,2026-02-24,2026-02-24 18:00:00,2026-02-25 00:00:00,1,24.0,48.0,0.04789451671723036,0.00917970739138072,0.017535021378040732,0.1605874301206028,2.175925925925926,1.2436050409765904,-2.533333333333333,
t1,strict,2026-02-24,2026-02-23 18:00:00,2026-02-24,2026-02-24 19:00:00,2026-02-25 01:00:00,1,25.0,48.0,0.05137688006931591,0.00930262206416862,0.018146213169695787,0.16262279653183007,1.0648148148148149,0.7138042174891865,-2.733333333333333,
t1,strict,2026-02-24,2026-02-23 18:00:00,2026-02-24,2026-02-24 20:00:00,2026-02-25 02:00:00,1,26.0,48.0,0.059310671435934464,0.009342867256957578,0.022847052065768304,0.1998687926066247,1.027777777777778,0.5739993977714395,-3.0,
t1,strict,2026-02-24,2026-02-23 18:00:00,2026-02-24,2026-02-24 21:00:00,2026-02-25 03:00:00,1,27.0,48.0,0.06821258886344415,0.009170383892809735,0.033570317288428436,0.22886819277285406,2.2222222222222228,1.233220715579062,-3.133333333333333,
t1,strict,2026-02-24,2026-02-23 18:00:00,2026-02-24,2026-02-24 22:00:00,2026-02-25 04:00:00,1,28.0,48.0,0.09503373777705211,0.010748202037139472,0.06142262826908104,0.3193283526314952,3.435185185185185,1.910887691505528,-3.033333333333333,
t1,strict,2026-02-24,2026-02-23 18:00:00,2026-02-24,2026-02-24 23:00:00,2026-02-25 05:00:00,1,29.0,48.0,0.18075767352317001,0.01657544172137569,0.12107248531741674,0.4567318339398475,4.5092592592592595,2.423097021779098,-2.6666666666666665,
t1,strict,2026-02-24,2026-02-23 18:00:00,2026-02-24,2026-02-25 00:00:00,2026-02-25 06:00:00,1,30.0,48.0,0.27330344867405215,0.020510009493630275,0.21714551577971442,0.6248030095702055,4.935185185185186,3.414332234720795,-2.266666666666667,
t1,strict,2026-02-24,2026-02-23 18:00:00,2026-02-24,2026-02-25 01:00:00,2026-02-25 07:00:00,1,31.0,48.0,0.35021272032042106,0.038553177450966,0.29531034280409824,0.7533773862013395,6.064814814814814,3.8172299977820403,-2.1999999999999997,
t1,strict,2026-02-24,2026-02-23 18:00:00,2026-02-24,2026-02-25 02:00:00,2026-02-25 08:00:00,1,32.0,48.0,0.4039715737929377,0.04413312730703111,0.306420120118671,0.8116007357106305,7.296296296296297,3.750034293396007,-2.0,
t1,strict,2026-02-24,2026-02-23 18:00:00,2026-02-24,2026-02-25 03:00:00,2026-02-25 09:00:00,1,33.0,48.0,0.4718536757396137,0.08360713058207171,0.37875629884331075,0.9141449187380335,8.564814814814815,3.169873295231046,-1.2666666666666666,
t1,strict,2026-02-24,2026-02-23 18:00:00,2026-02-24,2026-02-25 04:00:00,2026-02-25 10:00:00,1,34.0,48.0,0.5751024613152104,0.11788235974078111,0.5389007184464709,0.9312488745932401,8.916666666666666,2.9566048680334363,-0.033333333333333326,
t1,strict,2026-02-24,2026-02-23 18:00:00,2026-02-24,2026-02-25 05:00:00,2026-02-25 11:00:00,1,35.0,48.0,0.6556769264217259,0.14786989729770697,0.5689154835486145,0.9352294631961523,8.620370370370372,2.8948034184164775,1.2333333333333334,
t1,strict,2026-02-24,2026-02-23 18:00:00,2026-02-24,2026-02-25 06:00:00,2026-02-25 12:00:00,1,36.0,48.0,0.7458411498001327,0.21913511144495432,0.7290580926783174,0.9460788308009426,8.925925925925926,1.7392379249748389,2.5333333333333337,
t1,strict,2026-02-24,2026-02-23 18:00:00,2026-02-24,2026-02-25 07:00:00,2026-02-25 13:00:00,1,37.0,48.0,0.6944422427544331,0.18034456444353644,0.700756241333565,0.9112854724034002,8.851851851851853,1.6162115943450825,3.4333333333333336,
t1,strict,2026-02-24,2026-02-23 18:00:00,2026-02-24,2026-02-25 08:00:00,2026-02-25 14:00:00,1,38.0,48.0,0.6441000391866606,0.15474643657858744,0.6820671250164031,0.8694331035715589,8.148148148148147,1.5062455710024873,4.133333333333333,
t1,strict,2026-02-24,2026-02-23 18:00:00,2026-02-24,2026-02-25 09:00:00,2026-02-25 15:00:00,1,39.0,48.0,0.47660300123404614,0.09204783460878656,0.49188365013526086,0.841022335537076,7.814814814814816,1.5318968042691525,4.533333333333333,
t1,strict,2026-02-24,2026-02-23 18:00:00,2026-02-24,2026-02-25 10:00:00,2026-02-25 16:00:00,1,40.0,48.0,0.3439480654251017,0.07718885838169784,0.3048323812856592,0.7584257640391857,7.111111111111112,1.736722114704509,4.533333333333332,
t1,strict,2026-02-24,2026-02-23 18:00:00,2026-02-24,2026-02-25 11:00:00,2026-02-25 17:00:00,1,41.0,48.0,0.26814302900064174,0.043801047517368484,0.21315020200114185,0.6654041824252014,6.916666666666667,2.5043172599076984,4.266666666666667,
t1,strict,2026-02-24,2026-02-23 18:00:00,2026-02-24,2026-02-25 12:00:00,2026-02-25 18:00:00,1,42.0,48.0,0.2305939820689181,0.019118863379025533,0.144733729351504,0.5714228528250195,5.814814814814816,2.1100752819445208,3.266666666666667,
t1,strict,2026-02-24,2026-02-23 18:00:00,2026-02-24,2026-02-25 13:00:00,2026-02-25 19:00:00,1,43.0,48.0,0.26278453722595274,0.0257248989100439,0.17141431554250966,0.6474306807611436,6.305555555555556,1.529292178722312,2.8333333333333335,
t1,strict,2026-02-24,2026-02-23 18:00:00,2026-02-24,2026-02-25 14:00:00,2026-02-25 20:00:00,1,44.0,48.0,0.3254589347522603,0.04720831161636698,0.2183696748768737,0.7651940808767798,6.0740740740740735,0.5048631807487249,2.4,
t1,strict,2026-02-24,2026-02-23 18:00:00,2026-02-24,2026-02-25 15:00:00,2026-02-25 21:00:00,1,45.0,48.0,0.5772129127654435,0.11982688522862163,0.5163394405406244,0.9142133732324744,6.7407407407407405,0.3699071176932996,1.7666666666666666,
t1,strict,2026-02-24,2026-02-23 18:00:00,2026-02-24,2026-02-25 16:00:00,2026-02-25 22:00:00,1,46.0,48.0,0.7561838647635337,0.2561880458884335,0.7153742110594894,0.9863180741595208,8.777777777777779,1.5275252316519468,1.6666666666666667,
t1,strict,2026-02-24,2026-02-23 18:00:00,2026-02-24,2026-02-25 17:00:00,2026-02-25 23:00:00,1,47.0,48.0,0.7650195528361303,0.35863747037380506,0.8171245443065966,0.9914551838972401,10.555555555555555,2.592873662012958,1.8,
t1,strict,2026-02-25,2026-02-24 18:00:00,2026-02-25,2026-02-25 18:00:00,2026-02-26 00:00:00,1,24.0,48.0,0.829123605988433,0.5981206567689169,0.8805878101505472,0.9892271631598217,11.064814814814815,0.6163496015052827,1.5666666666666667,
t1,strict,2026-02-25,2026-02-24 18:00:00,2026-02-25,2026-02-25 19:00:00,2026-02-26 01:00:00,1,25.0,48.0,0.8246201447269776,0.6263308796189586,0.8759248267587462,0.9892210171299183,11.824074074074074,1.2128215919877785,1.5333333333333334,
t1,strict,2026-02-25,2026-02-24 18:00:00,2026-02-25,2026-02-25 20:00:00,2026-02-26 02:00:00,1,26.0,48.0,0.811084266549766,0.6033636506352698,0.8717002370350249,0.9881285733677887,11.972222222222223,1.1097213530798995,1.4333333333333333,
t1,strict,2026-02-25,2026-02-24 18:00:00,2026-02-25,2026-02-25 21:00:00,2026-02-26 03:00:00,1,27.0,48.0,0.8173281015645066,0.5898828307237047,0.8821859589196196,0.9857829283609629,12.037037037037038,1.438645768106428,1.3333333333333333,
t1,strict,2026-02-25,2026-02-24 18:00:00,2026-02-25,2026-02-25 22:00:00,2026-02-26 04:00:00,1,28.0,48.0,0.8376421702229935,0.5782116357653501,0.8916532375337366,0.9853919995204762,12.15740740740741,1.9385492645349012,1.3333333333333333,
t1,strict,2026-02-25,2026-02-24 18:00:00,2026-02-25,2026-02-25 23:00:00,2026-02-26 05:00:00,1,29.0,48.0,0.7653135107407658,0.5405462823126108,0.8609662515058699,0.9859195290393737,11.638888888888891,1.7166127283867085,1.3,
t1,strict,2026-02-25,2026-02-24 18:00:00,2026-02-25,2026-02-26 00:00:00,2026-02-26 06:00:00,1,30.0,48.0,0.7497721278945596,0.5051730129087741,0.8306088743765943,0.9817747067103402,11.055555555555557,0.8731240914167623,1.1666666666666667,
t1,strict,2026-02-25,2026-02-24 18:00:00,2026-02-25,2026-02-26 01:00:00,2026-02-26 07:00:00,1,31.0,48.0,0.7159258281063938,0.39237556716506405,0.7858294711559053,0.978745507651963,10.712962962962962,0.46175769036265546,1.3,
t1,strict,2026-02-25,2026-02-24 18:00:00,2026-02-25,2026-02-26 02:00:00,2026-02-26 08:00:00,1,32.0,48.0,0.5635612679221567,0.18933305982433063,0.6202192093396348,0.961924843172537,10.305555555555555,3.192874010111337,1.5999999999999999,
t1,strict,2026-02-25,2026-02-24 18:00:00,2026-02-25,2026-02-26 03:00:00,2026-02-26 09:00:00,1,33.0,48.0,0.683243666811757,0.3091407701472627,0.7515064527191133,0.9786699752401915,11.416666666666666,1.3752104216096181,1.5333333333333332,
t1,strict,2026-02-25,2026-02-24 18:00:00,2026-02-25,2026-02-26 04:00:00,2026-02-26 10:00:00,1,34.0,48.0,0.4209596420519645,0.08918238789310931,0.3511431905394664,0.8722658317958393,9.398148148148147,4.002057084219289,1.366666666666667,
t1,strict,2026-02-25,2026-02-24 18:00:00,2026-02-25,2026-02-26 05:00:00,2026-02-26 11:00:00,1,35.0,48.0,0.30473056170166646,0.013332025005900573,0.25327786843616573,0.7275007019425699,6.203703703703705,2.414643682870485,2.266666666666667,
t1,strict,2026-02-25,2026-02-24 18:00:00,2026-02-25,2026-02-26 06:00:00,2026-02-26 12:00:00,1,36.0,48.0,0.3681181213590253,0.032608144367842984,0.35962047039574624,0.7103547615974608,8.101851851851853,1.3056540545979491,2.566666666666667,
t1,strict,2026-02-25,2026-02-24 18:00:00,2026-02-25,2026-02-26 07:00:00,2026-02-26 13:00:00,1,37.0,48.0,0.48019353965497497,0.03694729148453313,0.3689138574035149,0.8908707999125192,5.9444444444444455,4.44157893735889,2.5,
t1,strict,2026-02-25,2026-02-24 18:00:00,2026-02-25,2026-02-26 08:00:00,2026-02-26 14:00:00,1,38.0,48.0,0.44386209891972406,0.03572587275754068,0.40936485328170513,0.8417398391470006,7.324074074074073,2.8819807003520412,1.8333333333333333,
t1,strict,2026-02-25,2026-02-24 18:00:00,2026-02-25,2026-02-26 09:00:00,2026-02-26 15:00:00,1,39.0,48.0,0.5334921194213866,0.07511557411582508,0.5119190747204859,0.9066219733943854,8.074074074074074,2.3515055154730997,1.2666666666666666,
t1,strict,2026-02-25,2026-02-24 18:00:00,2026-02-25,2026-02-26 10:00:00,2026-02-26 16:00:00,1,40.0,48.0,0.46630407202397844,0.0857470777659474,0.5174235850221499,0.8951874960279873,8.907407407407407,1.5610847500080893,1.2,
t1,strict,2026-02-25,2026-02-24 18:00:00,2026-02-25,2026-02-26 11:00:00,2026-02-26 17:00:00,1,41.0,48.0,0.49191255361472547,0.08721416560275591,0.5664191140841193,0.8857882697528364,8.212962962962962,0.8981004187394177,0.5333333333333333,
t1,strict,2026-02-25,2026-02-24 18:00:00,2026-02-25,2026-02-26 12:00:00,2026-02-26 18:00:00,1,42.0,48.0,0.5914918319773339,0.1060761770223948,0.6347528271449656,0.937288637567125,8.675925925925926,0.6188483263521087,0.5666666666666668,
t1,strict,2026-02-25,2026-02-24 18:00:00,2026-02-25,2026-02-26 13:00:00,2026-02-26 19:00:00,1,43.0,48.0,0.646141705798013,0.22117755557830693,0.6524096247295627,0.9769947866534893,8.425925925925926,1.7687124190775554,0.8333333333333334,
t1,strict,2026-02-25,2026-02-24 18:00:00,2026-02-25,2026-02-26 14:00:00,2026-02-26 20:00:00,1,44.0,48.0,0.6255107330647309,0.2830750001063611,0.6658294278093029,0.9710722276562044,8.925925925925927,1.777850114269081,0.9333333333333332,
t1,strict,2026-02-25,2026-02-24 18:00:00,2026-02-25,2026-02-26 15:00:00,2026-02-26 21:00:00,1,45.0,48.0,0.757497529717666,0.38869519115017975,0.8214513028070711,0.9841234562719281,11.472222222222223,0.33793125168323424,0.9666666666666668,
t1,strict,2026-02-25,2026-02-24 18:00:00,2026-02-25,2026-02-26 16:00:00,2026-02-26 22:00:00,1,46.0,48.0,0.7420353913150761,0.44948963176023365,0.8167576789220029,0.9779528596217728,11.833333333333334,1.1650120541950435,1.2333333333333334,
t1,strict,2026-02-25,2026-02-24 18:00:00,2026-02-25,2026-02-26 17:00:00,2026-02-26 23:00:00,1,47.0,48.0,0.7065372388807252,0.4064263893368872,0.7664909566311403,0.978801689321687,11.25,1.0555555555555545,1.0999999999999999,
t1,strict,2026-02-26,2026-02-25 18:00:00,2026-02-26,2026-02-26 18:00:00,2026-02-27 00:00:00,1,24.0,48.0,0.8317061318428255,0.5624869453861908,0.8887163190950583,0.9892561269167383,11.694444444444445,2.328533422829607,0.06666666666666658,
t1,strict,2026-02-26,2026-02-25 18:00:00,2026-02-26,2026-02-26 19:00:00,2026-02-27 01:00:00,1,25.0,48.0,0.8464675927887081,0.5677900509493105,0.9009650059738523,0.9888348563647299,11.90740740740741,2.4199105516917983,-0.16666666666666666,
t1,strict,2026-02-26,2026-02-25 18:00:00,2026-02-26,2026-02-26 20:00:00,2026-02-27 02:00:00,1,26.0,48.0,0.8360530331520498,0.5659155422516391,0.8867251796241985,0.9818763733339403,11.842592592592593,1.7036030566084335,-0.3999999999999999,
t1,strict,2026-02-26,2026-02-25 18:00:00,2026-02-26,2026-02-26 21:00:00,2026-02-27 03:00:00,1,27.0,48.0,0.8011008398900802,0.5047555165854369,0.8393657094841882,0.9791047833395218,11.888888888888891,1.1824331474329306,-0.8333333333333334,
t1,strict,2026-02-26,2026-02-25 18:00:00,2026-02-26,2026-02-26 22:00:00,2026-02-27 04:00:00,1,28.0,48.0,0.7969135932140012,0.49491677211975266,0.8482480437964113,0.9725370274584886,11.518518518518519,0.7506855577299745,-0.9666666666666668,
t1,strict,2026-02-26,2026-02-25 18:00:00,2026-02-26,2026-02-26 23:00:00,2026-02-27 05:00:00,1,29.0,48.0,0.7022689063378869,0.3765948437740669,0.7542904640304366,0.950601234012589,10.24074074074074,1.5640475875008022,-0.9333333333333332,
t1,strict,2026-02-26,2026-02-25 18:00:00,2026-02-26,2026-02-27 00:00:00,2026-02-27 06:00:00,1,30.0,48.0,0.6929051634971747,0.35078587869320715,0.7439021752929623,0.9402471221938413,9.555555555555555,0.8664707755823451,-0.8000000000000002,
t1,strict,2026-02-26,2026-02-25 18:00:00,2026-02-26,2026-02-27 01:00:00,2026-02-27 07:00:00,1,31.0,48.0,0.5720570793783386,0.21401625411184144,0.5898955655435557,0.9224254148594577,8.574074074074074,1.7396815138258288,-0.7000000000000001,
t1,strict,2026-02-26,2026-02-25 18:00:00,2026-02-26,2026-02-27 02:00:00,2026-02-27 08:00:00,1,32.0,48.0,0.4475465440771549,0.06612658408718881,0.46836118537012417,0.8716472822369039,8.175925925925926,2.0184972815736377,-0.7333333333333334,
t1,strict,2026-02-26,2026-02-25 18:00:00,2026-02-26,2026-02-27 03:00:00,2026-02-27 09:00:00,1,33.0,48.0,0.38681064599271425,0.040487051095212036,0.3598870688873522,0.8401141271638977,7.87962962962963,1.8224282855484542,-0.4666666666666666,
t1,strict,2026-02-26,2026-02-25 18:00:00,2026-02-26,2026-02-27 04:00:00,2026-02-27 10:00:00,1,34.0,48.0,0.31549732938670527,0.03016752190676575,0.2999428335022289,0.7328931322012193,6.9259259259259265,1.3657328938883178,-0.0333333333333334,
t1,strict,2026-02-26,2026-02-25 18:00:00,2026-02-26,2026-02-27 05:00:00,2026-02-27 11:00:00,1,35.0,48.0,0.2627185781426735,0.039268454893592646,0.25695239034644174,0.6752574880220754,6.185185185185186,0.7398142353865996,0.7000000000000001,
t1,strict,2026-02-26,2026-02-25 18:00:00,2026-02-26,2026-02-27 06:00:00,2026-02-27 12:00:00,1,36.0,48.0,0.28772543310155685,0.029417840472632878,0.2665867244462821,0.7269578772382616,6.5,1.709405715807271,0.4666666666666666,
t1,strict,2026-02-26,2026-02-25 18:00:00,2026-02-26,2026-02-27 07:00:00,2026-02-27 13:00:00,1,37.0,48.0,0.38936049247790794,0.052403357528800265,0.4106787004080297,0.8597410968241376,7.361111111111112,2.3334986713908195,0.6,
t1,strict,2026-02-26,2026-02-25 18:00:00,2026-02-26,2026-02-27 08:00:00,2026-02-27 14:00:00,1,38.0,48.0,0.5875009318920815,0.146683014393114,0.5426356002756274,0.9667761100550042,8.685185185185185,2.6559874900543305,0.5333333333333333,
t1,strict,2026-02-26,2026-02-25 18:00:00,2026-02-26,2026-02-27 09:00:00,2026-02-27 15:00:00,1,39.0,48.0,0.699631184798872,0.2861606320731603,0.7449130477534831,0.9746416710379469,9.861111111111112,2.647500568320857,0.20000000000000004,
t1,strict,2026-02-26,2026-02-25 18:00:00,2026-02-26,2026-02-27 10:00:00,2026-02-27 16:00:00,1,40.0,48.0,0.8262214868040715,0.42232234571404614,0.8587226374857879,0.9838155046966457,10.833333333333334,2.5289984842489193,-0.4666666666666666,
t1,strict,2026-02-26,2026-02-25 18:00:00,2026-02-26,2026-02-27 11:00:00,2026-02-27 17:00:00,1,41.0,48.0,0.8050038530858565,0.47815788330727216,0.8732843300342117,0.9804209792973149,11.740740740740742,2.4203887896377534,-1.6000000000000003,
t1,strict,2026-02-26,2026-02-25 18:00:00,2026-02-26,2026-02-27 12:00:00,2026-02-27 18:00:00,1,42.0,48.0,0.8222483376246007,0.48731457902555364,0.8830859582226145,0.9824182567358848,11.796296296296296,2.0998113769884292,-2.6333333333333333,
t1,strict,2026-02-26,2026-02-25 18:00:00,2026-02-26,2026-02-27 13:00:00,2026-02-27 19:00:00,1,43.0,48.0,0.8313409762128522,0.4983240057109699,0.8803957601148142,0.9841725039985604,11.870370370370372,1.9956227820071222,-3.5,
t1,strict,2026-02-26,2026-02-25 18:00:00,2026-02-26,2026-02-27 14:00:00,2026-02-27 20:00:00,1,44.0,48.0,0.8170884247959741,0.5321841173721462,0.8597317255283229,0.9821582588503317,11.444444444444445,2.032908273725776,-4.1,
t1,strict,2026-02-26,2026-02-25 18:00:00,2026-02-26,2026-02-27 15:00:00,2026-02-27 21:00:00,1,45.0,48.0,0.7979841602891813,0.5726644722819526,0.8097753624561108,0.979101883638178,11.055555555555557,2.1886350670658015,-4.566666666666666,
t1,strict,2026-02-26,2026-02-25 18:00:00,2026-02-26,2026-02-27 16:00:00,2026-02-27 22:00:00,1,46.0,48.0,0.7752298988104174,0.534385756835815,0.7791997277089534,0.9800023136674412,10.481481481481483,2.5580201481202804,-4.8,
t1,strict,2026-02-26,2026-02-25 18:00:00,2026-02-26,2026-02-27 17:00:00,2026-02-27 23:00:00,1,47.0,48.0,0.734627000285621,0.41535730575119867,0.7267572785012338,0.964625663801869,10.037037037037038,2.9518164178364916,-4.966666666666667,
t1,strict,2026-02-27,2026-02-26 18:00:00,2026-02-27,2026-02-27 18:00:00,2026-02-28 00:00:00,1,24.0,48.0,0.6596554737377106,0.3070656578538267,0.6055394805369785,0.9565112368990162,9.75925925925926,2.6974973159481226,-4.733333333333333,
t1,strict,2026-02-27,2026-02-26 18:00:00,2026-02-27,2026-02-27 19:00:00,2026-02-28 01:00:00,1,25.0,48.0,0.7024791734152204,0.2790815150425195,0.6252870941949745,0.9684359860697919,9.935185185185185,3.1389298587952252,-5.2,
t1,strict,2026-02-27,2026-02-26 18:00:00,2026-02-27,2026-02-27 20:00:00,2026-02-28 02:00:00,1,26.0,48.0,0.742776195827289,0.326315703934334,0.721281869650753,0.9707832873513785,10.185185185185185,3.439549987313215,-5.666666666666667,
t1,strict,2026-02-27,2026-02-26 18:00:00,2026-02-27,2026-02-27 21:00:00,2026-02-28 03:00:00,1,27.0,48.0,0.8105555901767718,0.35430016065451414,0.8193516354010173,0.9722582083719594,10.370370370370372,3.4401107743672577,-6.2,
t1,strict,2026-02-27,2026-02-26 18:00:00,2026-02-27,2026-02-27 22:00:00,2026-02-28 04:00:00,1,28.0,48.0,0.8173083855463725,0.4054001431583164,0.8520907721041323,0.9789376975134999,10.648148148148149,2.913402053035891,-6.733333333333333,
t1,strict,2026-02-27,2026-02-26 18:00:00,2026-02-27,2026-02-27 23:00:00,2026-02-28 05:00:00,1,29.0,48.0,0.8392081859982169,0.48943114993721637,0.8710923665800695,0.9827551097150887,11.092592592592593,2.4422865054054563,-7.366666666666667,
t1,strict,2026-02-27,2026-02-26 18:00:00,2026-02-27,2026-02-28 00:00:00,2026-02-28 06:00:00,1,30.0,48.0,0.8392470900051622,0.504114812492863,0.8639511910544112,0.9830163979006161,11.759259259259261,2.27647885276323,-7.866666666666667,
t1,strict,2026-02-27,2026-02-26 18:00:00,2026-02-27,2026-02-28 01:00:00,2026-02-28 07:00:00,1,31.0,48.0,0.8224389279855111,0.5635654617073432,0.8526521418047505,0.9825447901426294,11.555555555555557,2.025493386014904,-8.133333333333333,
t1,strict,2026-02-27,2026-02-26 18:00:00,2026-02-27,2026-02-28 02:00:00,2026-02-28 08:00:00,1,32.0,48.0,0.822754123831197,0.5703054022307149,0.8523616382377367,0.9825021031201961,11.157407407407407,1.8954814149019463,-8.200000000000001,
t1,strict,2026-02-27,2026-02-26 18:00:00,2026-02-27,2026-02-28 03:00:00,2026-02-28 09:00:00,1,33.0,48.0,0.8211919270074242,0.5622923515467765,0.8509698772808612,0.982891948340277,10.925925925925926,1.8262348547916742,-8.166666666666666,
t1,strict,2026-02-27,2026-02-26 18:00:00,2026-02-27,2026-02-28 04:00:00,2026-02-28 10:00:00,1,34.0,48.0,0.8013682289633587,0.5586098031757083,0.8181080498885841,0.9811480800767393,10.64814814814815,1.486132744736965,-7.966666666666666,
t1,strict,2026-02-27,2026-02-26 18:00:00,2026-02-27,2026-02-28 05:00:00,2026-02-28 11:00:00,1,35.0,48.0,0.8173632794462965,0.5695276782130603,0.8328452774462052,0.9785003883685891,10.731481481481483,1.2793870703271026,-7.666666666666667,
t1,strict,2026-02-27,2026-02-26 18:00:00,2026-02-27,2026-02-28 06:00:00,2026-02-28 12:00:00,1,36.0,48.0,0.8482453837939496,0.6105026813018712,0.8736126492083506,0.9777525789132703,10.314814814814815,0.8608123735093686,-6.466666666666666,
t1,strict,2026-02-27,2026-02-26 18:00:00,2026-02-27,2026-02-28 07:00:00,2026-02-28 13:00:00,1,37.0,48.0,0.8647270185857805,0.5585657393442448,0.8918431159394299,0.9742367939068972,10.620370370370372,0.6528270272989757,-6.266666666666667,
t1,strict,2026-02-27,2026-02-26 18:00:00,2026-02-27,2026-02-28 08:00:00,2026-02-28 14:00:00,1,38.0,48.0,0.8336278365758087,0.524849628494841,0.8671395224384959,0.9688707704124836,10.805555555555557,0.8069910581296647,-6.133333333333333,
t1,strict,2026-02-27,2026-02-26 18:00:00,2026-02-27,2026-02-28 09:00:00,2026-02-28 15:00:00,1,39.0,48.0,0.7752167765457595,0.479145536218534,0.7935443533633755,0.970371777346812,10.888888888888891,1.1097213530798995,-6.166666666666667,
t1,strict,2026-02-27,2026-02-26 18:00:00,2026-02-27,2026-02-28 10:00:00,2026-02-28 16:00:00,1,40.0,48.0,0.7422979716281438,0.4568773986437236,0.7409590338374935,0.9684032508054077,10.592592592592593,1.5189983433428058,-6.2,
t1,strict,2026-02-27,2026-02-26 18:00:00,2026-02-27,2026-02-28 11:00:00,2026-02-28 17:00:00,1,41.0,48.0,0.708086706560653,0.3889331470982632,0.6917277232835084,0.9624887435185484,10.157407407407407,1.8975157031290675,-6.333333333333333,
t1,strict,2026-02-27,2026-02-26 18:00:00,2026-02-27,2026-02-28 12:00:00,2026-02-28 18:00:00,1,42.0,48.0,0.6770830481097904,0.24291795676983677,0.6280624046980156,0.9330021109981969,9.944444444444445,2.466441431158123,-6.866666666666667,
t1,strict,2026-02-27,2026-02-26 18:00:00,2026-02-27,2026-02-28 13:00:00,2026-02-28 19:00:00,1,43.0,48.0,0.5844782385868947,0.15494705228983244,0.5505188166185513,0.9022117967982028,9.444444444444445,2.4584510329639446,-7.233333333333333,
t1,strict,2026-02-27,2026-02-26 18:00:00,2026-02-27,2026-02-28 14:00:00,2026-02-28 20:00:00,1,44.0,48.0,0.45333177623848697,0.07910940134275336,0.44588514013200625,0.8449064015133187,8.675925925925926,2.0796881690913276,-7.2,
t1,strict,2026-02-27,2026-02-26 18:00:00,2026-02-27,2026-02-28 15:00:00,2026-02-28 21:00:00,1,45.0,48.0,0.2892786601256437,0.04312654386215645,0.2929353393330208,0.7914842508298549,7.842592592592593,1.680115491817042,-7.366666666666666,
t1,strict,2026-02-27,2026-02-26 18:00:00,2026-02-27,2026-02-28 16:00:00,2026-02-28 22:00:00,1,46.0,48.0,0.21702512832319004,0.03538845833983801,0.21275662649246918,0.7673436507479708,7.240740740740741,1.428689001628586,-7.633333333333333,
t1,strict,2026-02-27,2026-02-26 18:00:00,2026-02-27,2026-02-28 17:00:00,2026-02-28 23:00:00,1,47.0,48.0,0.2182805292706397,0.01912756509958904,0.17514926765016134,0.6229510639214391,6.518518518518518,1.0323970270197302,-7.966666666666666,
t2,strict,2026-01-31,2026-01-30 18:00:00,2026-01-31,2026-01-31 18:00:00,2026-02-01 00:00:00,1,24.0,48.0,0.05068555182575031,0.0,0.003532259492135873,0.22274528721676343,3.425925925925926,2.8610212139778475,-2.1333333333333333,
t2,strict,2026-01-31,2026-01-30 18:00:00,2026-01-31,2026-01-31 19:00:00,2026-02-01 01:00:00,1,25.0,48.0,0.05509122997254684,0.0,0.0015101248864218993,0.22770702627983636,3.657407407407407,2.9473692671105565,-2.3000000000000003,
t2,strict,2026-01-31,2026-01-30 18:00:00,2026-01-31,2026-01-31 20:00:00,2026-02-01 02:00:00,1,26.0,48.0,0.04683244157632038,0.0,0.0,0.20028268469596155,4.138888888888889,3.3935532563529494,-2.4,
t2,strict,2026-01-31,2026-01-30 18:00:00,2026-01-31,2026-01-31 21:00:00,2026-02-01 03:00:00,1,27.0,48.0,0.040411385007404696,0.0,0.0,0.21098941948785718,4.518518518518519,4.17206440496512,-2.566666666666667,
t2,strict,2026-01-31,2026-01-30 18:00:00,2026-01-31,2026-01-31 22:00:00,2026-02-01 04:00:00,1,28.0,48.0,0.04709814401630262,0.0,0.0,0.2420684734911399,3.925925925925926,5.28525299081839,-2.8666666666666667,
t2,strict,2026-01-31,2026-01-30 18:00:00,2026-01-31,2026-01-31 23:00:00,2026-02-01 05:00:00,1,29.0,48.0,0.05203061591955728,0.0,0.0,0.26000380954813207,3.8055555555555554,5.702162790891467,-3.3333333333333335,
t2,strict,2026-01-31,2026-01-30 18:00:00,2026-01-31,2026-02-01 00:00:00,2026-02-01 06:00:00,1,30.0,48.0,0.06278734944114721,0.0,0.0,0.2600589299328372,3.8425925925925934,5.501496242418948,-2.733333333333333,
t2,strict,2026-01-31,2026-01-30 18:00:00,2026-01-31,2026-02-01 01:00:00,2026-02-01 07:00:00,1,31.0,48.0,0.09270623145826565,0.0,0.019175862694212262,0.3245801580951251,4.037037037037037,5.573051155063512,-2.6999999999999997,
t2,strict,2026-01-31,2026-01-30 18:00:00,2026-01-31,2026-02-01 02:00:00,2026-02-01 08:00:00,1,32.0,48.0,0.173271009141072,0.0,0.09006005607190415,0.5714769073024715,4.814814814814816,5.227858463580125,-2.6666666666666665,
t2,strict,2026-01-31,2026-01-30 18:00:00,2026-01-31,2026-02-01 03:00:00,2026-02-01 09:00:00,1,33.0,48.0,0.18074595196772983,0.0,0.12192642024990824,0.5951721778445572,6.416666666666667,4.211517863674494,-2.3333333333333335,
t2,strict,2026-01-31,2026-01-30 18:00:00,2026-01-31,2026-02-01 04:00:00,2026-02-01 10:00:00,1,34.0,48.0,0.2683666036351898,0.0,0.22998702374262325,0.6498162842879189,6.888888888888889,3.2175492936068792,-0.7333333333333333,
t2,strict,2026-01-31,2026-01-30 18:00:00,2026-01-31,2026-02-01 05:00:00,2026-02-01 11:00:00,1,35.0,48.0,0.3845083814383406,0.012559395638147286,0.3613460292031714,0.8435388301218181,7.6944444444444455,2.9111058100036553,1.5,
t2,strict,2026-01-31,2026-01-30 18:00:00,2026-01-31,2026-02-01 06:00:00,2026-02-01 12:00:00,1,36.0,48.0,0.42876269488573177,0.009339621541409271,0.39946184667571216,0.8393082644834114,7.962962962962963,3.7033448900265276,3.3666666666666667,
t2,strict,2026-01-31,2026-01-30 18:00:00,2026-01-31,2026-02-01 07:00:00,2026-02-01 13:00:00,1,37.0,48.0,0.4582020966387358,0.016855658859282252,0.4437248418800278,0.8368351387852531,8.074074074074074,3.4973902674891133,4.433333333333334,
t2,strict,2026-01-31,2026-01-30 18:00:00,2026-01-31,2026-02-01 08:00:00,2026-02-01 14:00:00,1,38.0,48.0,0.48712939548504014,0.03266467393861877,0.48520474224495586,0.8286663226659283,7.935185185185186,3.1652449700085787,5.3,
t2,strict,2026-01-31,2026-01-30 18:00:00,2026-01-31,2026-02-01 09:00:00,2026-02-01 15:00:00,1,39.0,48.0,0.5078778390073759,0.018868292951911114,0.5030800795658047,0.8166836014006496,7.944444444444444,2.9585615457098546,5.666666666666667,
t2,strict,2026-01-31,2026-01-30 18:00:00,2026-01-31,2026-02-01 10:00:00,2026-02-01 16:00:00,1,40.0,48.0,0.5004837029622287,0.010093913021148537,0.4860032868081858,0.8163905083632098,7.898148148148149,2.7916781831345285,5.233333333333333,
t2,strict,2026-01-31,2026-01-30 18:00:00,2026-01-31,2026-02-01 11:00:00,2026-02-01 17:00:00,1,41.0,48.0,0.4660159701956127,0.030715811802486948,0.42141666079040574,0.7981602379514421,8.129629629629632,2.7157424770486047,3.866666666666667,
t2,strict,2026-01-31,2026-01-30 18:00:00,2026-01-31,2026-02-01 12:00:00,2026-02-01 18:00:00,1,42.0,48.0,0.40422801519666857,0.004724900453211944,0.34497748661011796,0.7622217307881392,7.583333333333333,3.890971664485255,2.266666666666667,
t2,strict,2026-01-31,2026-01-30 18:00:00,2026-01-31,2026-02-01 13:00:00,2026-02-01 19:00:00,1,43.0,48.0,0.35707429840910654,0.0,0.2800088811510176,0.7134763814417683,7.546296296296297,3.697089000577252,0.8333333333333334,
t2,strict,2026-01-31,2026-01-30 18:00:00,2026-01-31,2026-02-01 14:00:00,2026-02-01 20:00:00,1,44.0,48.0,0.2843469443621505,0.0,0.25087839439196263,0.6958598470168121,7.712962962962963,3.5242034969714564,0.1333333333333333,
t2,strict,2026-01-31,2026-01-30 18:00:00,2026-01-31,2026-02-01 15:00:00,2026-02-01 21:00:00,1,45.0,48.0,0.2931138756109303,0.0,0.24912674304914945,0.6981883171286642,8.027777777777777,3.4157632048496773,-0.26666666666666666,
t2,strict,2026-01-31,2026-01-30 18:00:00,2026-01-31,2026-02-01 16:00:00,2026-02-01 22:00:00,1,46.0,48.0,0.28198220861371004,0.0,0.2246443673112802,0.6767501224678573,8.24074074074074,3.5224515055644834,-0.5333333333333333,
t2,strict,2026-01-31,2026-01-30 18:00:00,2026-01-31,2026-02-01 17:00:00,2026-02-01 23:00:00,1,47.0,48.0,0.27911143068187305,0.0,0.2191689636334081,0.6678220525118279,8.314814814814815,3.4143322347207947,-0.6,
t2,strict,2026-02-01,2026-01-31 18:00:00,2026-02-01,2026-02-01 18:00:00,2026-02-02 00:00:00,1,24.0,48.0,0.21527345628068162,0.0,0.19712588600279235,0.704083409884069,7.648148148148149,4.283756043896688,-0.8333333333333334,
t2,strict,2026-02-01,2026-01-31 18:00:00,2026-02-01,2026-02-01 19:00:00,2026-02-02 01:00:00,1,25.0,48.0,0.275782214233286,0.0048211698380746515,0.20377670062003667,0.721180226749343,7.990740740740741,4.0690731090849415,-1.0,
t2,strict,2026-02-01,2026-01-31 18:00:00,2026-02-01,2026-02-01 20:00:00,2026-02-02 02:00:00,1,26.0,48.0,0.3565762566270542,0.046003270385136935,0.2946304431025129,0.8143519143144478,8.416666666666666,3.828197042028087,-1.2,
t2,strict,2026-02-01,2026-01-31 18:00:00,2026-02-01,2026-02-01 21:00:00,2026-02-02 03:00:00,1,27.0,48.0,0.45472565810380233,0.1581497653259863,0.4961181370477433,0.8739945210469491,8.87037037037037,3.298116434642796,-1.4333333333333336,
t2,strict,2026-02-01,2026-01-31 18:00:00,2026-02-01,2026-02-01 22:00:00,2026-02-02 04:00:00,1,28.0,48.0,0.4844012809249244,0.15551289980171462,0.4400361352737219,0.9534317631469702,9.416666666666666,2.7927374950126236,-1.5666666666666667,
t2,strict,2026-02-01,2026-01-31 18:00:00,2026-02-01,2026-02-01 23:00:00,2026-02-02 05:00:00,1,29.0,48.0,0.5654415779264332,0.2613835783513156,0.5348187449512175,0.9610899269561863,9.972222222222221,2.4423918149588077,-1.6333333333333335,
t2,strict,2026-02-01,2026-01-31 18:00:00,2026-02-01,2026-02-02 00:00:00,2026-02-02 06:00:00,1,30.0,48.0,0.6290569378487503,0.327699820806333,0.6806651649065618,0.9675751120966803,10.462962962962964,1.523563210361513,-1.9666666666666668,
t2,strict,2026-02-01,2026-01-31 18:00:00,2026-02-01,2026-02-02 01:00:00,2026-02-02 07:00:00,1,31.0,48.0,0.632616974384102,0.37580066981864413,0.690611469130332,0.9746312723252938,10.731481481481483,1.2946749119265486,-2.1,
t2,strict,2026-02-01,2026-01-31 18:00:00,2026-02-01,2026-02-02 02:00:00,2026-02-02 08:00:00,1,32.0,48.0,0.6290828678106534,0.3478228764707166,0.7007685589642777,0.9735869331493977,10.944444444444445,1.1399046960379555,-2.1333333333333333,
t2,strict,2026-02-01,2026-01-31 18:00:00,2026-02-01,2026-02-02 03:00:00,2026-02-02 09:00:00,1,33.0,48.0,0.7069298513929918,0.36445795435284745,0.7651685503641805,0.9684368700090638,11.314814814814815,0.8890335530429742,-1.3,
t2,strict,2026-02-01,2026-01-31 18:00:00,2026-02-01,2026-02-02 04:00:00,2026-02-02 10:00:00,1,34.0,48.0,0.8092113242159341,0.550956877352359,0.8504925887399498,0.9700646119408682,11.444444444444445,0.7222222222222228,0.9999999999999999,
t2,strict,2026-02-01,2026-01-31 18:00:00,2026-02-01,2026-02-02 05:00:00,2026-02-02 11:00:00,1,35.0,48.0,0.8429633480854674,0.5832739836007385,0.8705782276101299,0.9659251907892283,12.287037037037038,1.2064427525690304,3.3000000000000003,
t2,strict,2026-02-01,2026-01-31 18:00:00,2026-02-01,2026-02-02 06:00:00,2026-02-02 12:00:00,1,36.0,48.0,0.8882737549597292,0.6230195556033888,0.9246123316811203,0.9577486908032383,11.722222222222223,2.028158259585757,5.066666666666667,
t2,strict,2026-02-01,2026-01-31 18:00:00,2026-02-01,2026-02-02 07:00:00,2026-02-02 13:00:00,1,37.0,48.0,0.8963340515995394,0.6600479234860915,0.9351041822799127,0.9559681251473038,11.981481481481483,1.972287427195451,6.5,
t2,strict,2026-02-01,2026-01-31 18:00:00,2026-02-01,2026-02-02 08:00:00,2026-02-02 14:00:00,1,38.0,48.0,0.9003809245985055,0.65674501922417,0.9348345357712541,0.9551709273208379,12.416666666666666,2.0178600692960003,7.333333333333333,
t2,strict,2026-02-01,2026-01-31 18:00:00,2026-02-01,2026-02-02 09:00:00,2026-02-02 15:00:00,1,39.0,48.0,0.8985880610192785,0.6595823061345278,0.931883997266372,0.954195515490781,12.435185185185185,1.8655282022127215,7.566666666666667,
t2,strict,2026-02-01,2026-01-31 18:00:00,2026-02-01,2026-02-02 10:00:00,2026-02-02 16:00:00,1,40.0,48.0,0.8567004025193133,0.607421633723192,0.9207191772166777,0.9581231362643655,12.324074074074076,1.620026418521568,6.8,
t2,strict,2026-02-01,2026-01-31 18:00:00,2026-02-01,2026-02-02 11:00:00,2026-02-02 17:00:00,1,41.0,48.0,0.7040581209517045,0.34147658835928446,0.7938075496188062,0.9714734358388277,12.101851851851853,1.2172668906725317,5.3,
t2,strict,2026-02-01,2026-01-31 18:00:00,2026-02-01,2026-02-02 12:00:00,2026-02-02 18:00:00,1,42.0,48.0,0.559926277000361,0.12341787117516656,0.6793681776677749,0.9540079837016855,10.305555555555557,0.6092142277628142,3.3666666666666667,
t2,strict,2026-02-01,2026-01-31 18:00:00,2026-02-01,2026-02-02 13:00:00,2026-02-02 19:00:00,1,43.0,48.0,0.2922745022456885,0.02105743331074003,0.2470764719240386,0.8424773398359404,8.296296296296296,1.9613025821963428,1.9666666666666668,
t2,strict,2026-02-01,2026-01-31 18:00:00,2026-02-01,2026-02-02 14:00:00,2026-02-02 20:00:00,1,44.0,48.0,0.2353868958397195,0.0,0.1569085485419968,0.7327666863970487,7.064814814814816,2.3280915549148506,1.0666666666666667,
t2,strict,2026-02-01,2026-01-31 18:00:00,2026-02-01,2026-02-02 15:00:00,2026-02-02 21:00:00,1,45.0,48.0,0.21313063140571284,0.0,0.1366361221907496,0.6895960855507437,6.805555555555556,1.9497942278261562,0.6666666666666666,
t2,strict,2026-02-01,2026-01-31 18:00:00,2026-02-01,2026-02-02 16:00:00,2026-02-02 22:00:00,1,46.0,48.0,0.20808223107245613,0.0032085210482456494,0.14385643265104817,0.6591829434380702,6.6944444444444455,1.0555555555555558,0.2666666666666666,
t2,strict,2026-02-01,2026-01-31 18:00:00,2026-02-01,2026-02-02 17:00:00,2026-02-02 23:00:00,1,47.0,48.0,0.21250690051925827,0.002914045648621133,0.13519880707379575,0.5497417832498636,6.8240740740740735,0.4206598774666875,-0.09999999999999994,
t2,strict,2026-02-02,2026-02-01 18:00:00,2026-02-02,2026-02-02 18:00:00,2026-02-03 00:00:00,1,24.0,48.0,0.2684408452914908,0.01681610842838205,0.28689367947097366,0.685915581017404,6.444444444444444,0.29000851413640416,-0.19999999999999996,
t2,strict,2026-02-02,2026-02-01 18:00:00,2026-02-02,2026-02-02 19:00:00,2026-02-03 01:00:00,1,25.0,48.0,0.32037207986519317,0.02200285523943607,0.323603953208933,0.777464297596721,7.361111111111112,0.5780181124079109,-0.1333333333333334,
t2,strict,2026-02-02,2026-02-01 18:00:00,2026-02-02,2026-02-02 20:00:00,2026-02-03 02:00:00,1,26.0,48.0,0.37488335702869885,0.05664942885861235,0.36768658388313163,0.8878867140680244,8.62962962962963,0.9519040913752573,0.10000000000000009,
t2,strict,2026-02-02,2026-02-01 18:00:00,2026-02-02,2026-02-02 21:00:00,2026-02-03 03:00:00,1,27.0,48.0,0.38990855555927123,0.07893197035513128,0.3914881177723179,0.8992400258471227,9.50925925925926,1.3368972431279549,0.20000000000000004,
t2,strict,2026-02-02,2026-02-01 18:00:00,2026-02-02,2026-02-02 22:00:00,2026-02-03 04:00:00,1,28.0,48.0,0.3730371322005008,0.1331883890591798,0.41192960899794795,0.8680215197274187,9.666666666666666,1.0551899951790322,-0.03333333333333336,
t2,strict,2026-02-02,2026-02-01 18:00:00,2026-02-02,2026-02-02 23:00:00,2026-02-03 05:00:00,1,29.0,48.0,0.3839605079084954,0.10621091476928063,0.42613062487153086,0.8881644418851926,10.027777777777777,1.4561491580090178,-0.23333333333333325,
t2,strict,2026-02-02,2026-02-01 18:00:00,2026-02-02,2026-02-03 00:00:00,2026-02-03 06:00:00,1,30.0,48.0,0.2675586442947069,0.009996729485855671,0.238713011441546,0.7607793881849271,8.916666666666666,2.615982453597666,-0.5666666666666668,
t2,strict,2026-02-02,2026-02-01 18:00:00,2026-02-02,2026-02-03 01:00:00,2026-02-03 07:00:00,1,31.0,48.0,0.16324040671259182,0.0,0.1387661026041948,0.6587872726049222,7.629629629629629,4.153900195151024,-0.9666666666666667,
t2,strict,2026-02-02,2026-02-01 18:00:00,2026-02-02,2026-02-03 02:00:00,2026-02-03 08:00:00,1,32.0,48.0,0.17890009237719423,0.0,0.15193719643018894,0.6875055443521709,6.5092592592592595,4.74962095087121,-1.5666666666666667,
t2,strict,2026-02-02,2026-02-01 18:00:00,2026-02-02,2026-02-03 03:00:00,2026-02-03 09:00:00,1,33.0,48.0,0.11592129448687086,0.0,0.0631226135518636,0.4703690687797659,6.62037037037037,2.6270690454472883,-1.0,
t2,strict,2026-02-02,2026-02-01 18:00:00,2026-02-02,2026-02-03 04:00:00,2026-02-03 10:00:00,1,34.0,48.0,0.09017760688458042,0.0,0.04309983748212301,0.3452156215843297,5.407407407407408,2.248170266533454,1.0333333333333334,
t2,strict,2026-02-02,2026-02-01 18:00:00,2026-02-02,2026-02-03 05:00:00,2026-02-03 11:00:00,1,35.0,48.0,0.052758351072424714,0.0,0.022442327412343692,0.2338345438782556,4.111111111111112,2.9096476389274444,3.466666666666667,
t2,strict,2026-02-02,2026-02-01 18:00:00,2026-02-02,2026-02-03 06:00:00,2026-02-03 12:00:00,1,36.0,48.0,0.04010221856719916,0.0,0.01565349552322097,0.2645663272900653,3.1759259259259256,4.459378843603881,5.366666666666667,
t2,strict,2026-02-02,2026-02-01 18:00:00,2026-02-02,2026-02-03 07:00:00,2026-02-03 13:00:00,1,37.0,48.0,0.03384630954224754,0.0,0.0,0.20050667966691973,3.2037037037037037,3.82056380903788,6.8,
t2,strict,2026-02-02,2026-02-01 18:00:00,2026-02-02,2026-02-03 08:00:00,2026-02-03 14:00:00,1,38.0,48.0,0.03506021488668294,0.0,0.0,0.18431412750019419,3.342592592592593,3.012491142004975,7.666666666666667,
t2,strict,2026-02-02,2026-02-01 18:00:00,2026-02-02,2026-02-03 09:00:00,2026-02-03 15:00:00,1,39.0,48.0,0.0562097876732785,0.0,0.016772396104219114,0.20173677275755064,3.5185185185185186,2.342629190169401,7.8999999999999995,
t2,strict,2026-02-02,2026-02-01 18:00:00,2026-02-02,2026-02-03 10:00:00,2026-02-03 16:00:00,1,40.0,48.0,0.0721135741248618,0.0,0.03252068332398601,0.2790296048691142,3.9907407407407405,1.1153852976168899,7.2,
t2,strict,2026-02-02,2026-02-01 18:00:00,2026-02-02,2026-02-03 11:00:00,2026-02-03 17:00:00,1,41.0,48.0,0.13073389577447053,0.0,0.06877768018804298,0.4278772043182733,5.157407407407408,0.8794346762518741,5.5,
t2,strict,2026-02-02,2026-02-01 18:00:00,2026-02-02,2026-02-03 12:00:00,2026-02-03 18:00:00,1,42.0,48.0,0.2037402909694796,0.0,0.12303077294545373,0.6349288490815332,5.222222222222222,3.3034540472020057,3.4,
t2,strict,2026-02-02,2026-02-01 18:00:00,2026-02-02,2026-02-03 13:00:00,2026-02-03 19:00:00,1,43.0,48.0,0.2294556856738531,0.0,0.16333020394837997,0.6527804626224482,5.5092592592592595,3.6282003043602313,2.9333333333333336,
t2,strict,2026-02-02,2026-02-01 18:00:00,2026-02-02,2026-02-03 14:00:00,2026-02-03 20:00:00,1,44.0,48.0,0.2475849982603538,0.0,0.17835811852944697,0.6340680801563319,5.4907407407407405,3.794116356945469,2.733333333333333,
t2,strict,2026-02-02,2026-02-01 18:00:00,2026-02-02,2026-02-03 15:00:00,2026-02-03 21:00:00,1,45.0,48.0,0.2608948061228397,0.0,0.18966455338509117,0.6449690927450167,5.703703703703703,3.669015801919162,2.9,
t2,strict,2026-02-02,2026-02-01 18:00:00,2026-02-02,2026-02-03 16:00:00,2026-02-03 22:00:00,1,46.0,48.0,0.22756696983469293,0.0,0.18271650846390186,0.6304449003697421,5.916666666666667,2.98620800876378,2.866666666666667,
t2,strict,2026-02-02,2026-02-01 18:00:00,2026-02-02,2026-02-03 17:00:00,2026-02-03 23:00:00,1,47.0,48.0,0.17147070375477572,0.0,0.14223649405519415,0.5342181209073488,5.407407407407407,2.396842916646435,3.0,
t2,strict,2026-02-03,2026-02-02 18:00:00,2026-02-03,2026-02-03 18:00:00,2026-02-04 00:00:00,1,24.0,48.0,0.30182197836602354,0.0,0.26611190209207464,0.6906258262504642,5.9444444444444455,1.4680233624137573,2.8333333333333335,
t2,strict,2026-02-03,2026-02-02 18:00:00,2026-02-03,2026-02-03 19:00:00,2026-02-04 01:00:00,1,25.0,48.0,0.29838254407048,0.0,0.26634261269390946,0.6648579721925683,6.333333333333335,1.1749047768087,2.6,
t2,strict,2026-02-03,2026-02-02 18:00:00,2026-02-03,2026-02-03 20:00:00,2026-02-04 02:00:00,1,26.0,48.0,0.3129148916172193,0.0,0.2600833301881928,0.692007434865364,6.046296296296297,1.5456862846434847,2.5,
t2,strict,2026-02-03,2026-02-02 18:00:00,2026-02-03,2026-02-03 21:00:00,2026-02-04 03:00:00,1,27.0,48.0,0.3293594964176223,0.005583679682717002,0.2573463732983858,0.7760183120489987,6.064814814814814,1.5238164131237566,2.6,
t2,strict,2026-02-03,2026-02-02 18:00:00,2026-02-03,2026-02-03 22:00:00,2026-02-04 04:00:00,1,28.0,48.0,0.4274256857530574,0.018851108089813606,0.38709710108102535,0.8575701751017824,7.037037037037038,1.240498870841756,2.466666666666667,
t2,strict,2026-02-03,2026-02-02 18:00:00,2026-02-03,2026-02-03 23:00:00,2026-02-04 05:00:00,1,29.0,48.0,0.4420038403087323,0.027368836869201996,0.41062531739393726,0.9350962484256222,7.685185185185186,2.1119028729692966,2.5333333333333337,
t2,strict,2026-02-03,2026-02-02 18:00:00,2026-02-03,2026-02-04 00:00:00,2026-02-04 06:00:00,1,30.0,48.0,0.48998593128102463,0.026355001899624753,0.4692033989726631,0.9169715912294704,7.222222222222222,1.1111111111111112,2.066666666666667,
t2,strict,2026-02-03,2026-02-02 18:00:00,2026-02-03,2026-02-04 01:00:00,2026-02-04 07:00:00,1,31.0,48.0,0.5502942652957242,0.019046710997498995,0.5386084021937007,0.9738160018988076,8.027777777777779,0.9638528651609699,2.1999999999999997,
t2,strict,2026-02-03,2026-02-02 18:00:00,2026-02-03,2026-02-04 02:00:00,2026-02-04 08:00:00,1,32.0,48.0,0.5266280336196322,0.041902612828298436,0.5521946779876268,0.940497482057443,8.092592592592593,0.7789343252980789,2.1333333333333333,
t2,strict,2026-02-03,2026-02-02 18:00:00,2026-02-03,2026-02-04 03:00:00,2026-02-04 09:00:00,1,33.0,48.0,0.4742518044099611,0.036203401143684366,0.48032076956273906,0.8982772503691334,7.944444444444444,0.7939781071086915,2.2,
t2,strict,2026-02-03,2026-02-02 18:00:00,2026-02-03,2026-02-04 04:00:00,2026-02-04 10:00:00,1,34.0,48.0,0.36195156093763764,0.0013103039161360686,0.356721164823884,0.8725566469304373,7.5740740740740735,0.7608948057056202,2.6333333333333333,
t2,strict,2026-02-03,2026-02-02 18:00:00,2026-02-03,2026-02-04 05:00:00,2026-02-04 11:00:00,1,35.0,48.0,0.250099053640868,0.0,0.24353080128697793,0.7574803353379225,6.722222222222222,0.8502904369452206,3.3000000000000003,
t2,strict,2026-02-03,2026-02-02 18:00:00,2026-02-03,2026-02-04 06:00:00,2026-02-04 12:00:00,1,36.0,48.0,0.2059991214327401,0.0,0.1547213280703765,0.7463434432477578,6.712962962962965,1.9068454763776466,3.9333333333333336,
t2,strict,2026-02-03,2026-02-02 18:00:00,2026-02-03,2026-02-04 07:00:00,2026-02-04 13:00:00,1,37.0,48.0,0.20286042747988323,0.0,0.12877057914661047,0.6673525270852403,5.805555555555556,1.4979409736347515,4.666666666666667,
t2,strict,2026-02-03,2026-02-02 18:00:00,2026-02-03,2026-02-04 08:00:00,2026-02-04 14:00:00,1,38.0,48.0,0.21953647634719128,0.0,0.13937887898976753,0.6659001451277616,5.5,1.27687165939569,5.466666666666666,
t2,strict,2026-02-03,2026-02-02 18:00:00,2026-02-03,2026-02-04 09:00:00,2026-02-04 15:00:00,1,39.0,48.0,0.20434233162624138,0.0,0.1286079402172,0.6339583061486032,5.518518518518519,1.1945521053977883,6.2,
t2,strict,2026-02-03,2026-02-02 18:00:00,2026-02-03,2026-02-04 10:00:00,2026-02-04 16:00:00,1,40.0,48.0,0.19452165426189122,0.0,0.11542396657571963,0.6092298090511898,5.583333333333333,0.9554101956622134,6.133333333333333,
t2,strict,2026-02-03,2026-02-02 18:00:00,2026-02-03,2026-02-04 11:00:00,2026-02-04 17:00:00,1,41.0,48.0,0.14562686125825255,0.0,0.06250841274285011,0.38367905470720143,5.388888888888889,0.6532208897947138,5.066666666666667,
t2,strict,2026-02-03,2026-02-02 18:00:00,2026-02-03,2026-02-04 12:00:00,2026-02-04 18:00:00,1,42.0,48.0,0.10851782064526927,0.0,0.06027706608764544,0.2851383660856116,3.4166666666666665,0.4409585518440983,4.466666666666667,
t2,strict,2026-02-03,2026-02-02 18:00:00,2026-02-03,2026-02-04 13:00:00,2026-02-04 19:00:00,1,43.0,48.0,0.19498833003635418,0.003672713038615036,0.10469583886301075,0.4476569550074129,2.9907407407407405,2.5522825256101607,2.9333333333333336,
t2,strict,2026-02-03,2026-02-02 18:00:00,2026-02-03,2026-02-04 14:00:00,2026-02-04 20:00:00,1,44.0,48.0,0.3076704007796826,0.010701926829246394,0.20255418046061946,0.7395058212729396,4.564814814814815,3.1741302557800677,1.8666666666666665,
t2,strict,2026-02-03,2026-02-02 18:00:00,2026-02-03,2026-02-04 15:00:00,2026-02-04 21:00:00,1,45.0,48.0,0.4234353910174874,0.04106576005709406,0.40169180729483395,0.9754914641039767,7.083333333333333,3.755345983633216,1.1333333333333333,
t2,strict,2026-02-03,2026-02-02 18:00:00,2026-02-03,2026-02-04 16:00:00,2026-02-04 22:00:00,1,46.0,48.0,0.6338303321194426,0.15743569133191632,0.5944561498549408,0.9936443525718623,9.685185185185185,1.9199515597455965,0.6666666666666666,
t2,strict,2026-02-03,2026-02-02 18:00:00,2026-02-03,2026-02-04 17:00:00,2026-02-04 23:00:00,1,47.0,48.0,0.7194554912148018,0.23313979159378384,0.7012912431249634,1.0,10.481481481481481,1.0001285925550216,0.3666666666666667,
t2,strict,2026-02-04,2026-02-03 18:00:00,2026-02-04,2026-02-04 18:00:00,2026-02-05 00:00:00,1,24.0,48.0,0.8314536351413367,0.5680366695287455,0.863581757792081,0.9832569539370786,10.722222222222223,0.7010794146735535,0.26666666666666666,
t2,strict,2026-02-04,2026-02-03 18:00:00,2026-02-04,2026-02-04 19:00:00,2026-02-05 01:00:00,1,25.0,48.0,0.8930535971657607,0.6688055812455211,0.9407705228409436,0.9755472033469512,11.583333333333334,0.6291528696058959,0.3333333333333333,
t2,strict,2026-02-04,2026-02-03 18:00:00,2026-02-04,2026-02-04 20:00:00,2026-02-05 02:00:00,1,26.0,48.0,0.906750547425512,0.7075601911589484,0.9488767510201581,0.9763967293126561,12.49074074074074,0.5775729693981738,0.5,
t2,strict,2026-02-04,2026-02-03 18:00:00,2026-02-04,2026-02-04 21:00:00,2026-02-05 03:00:00,1,27.0,48.0,0.9120408534021723,0.7297073567760407,0.9499936738326815,0.9766239118848347,13.314814814814815,0.39900854493361654,0.6666666666666666,
t2,strict,2026-02-04,2026-02-03 18:00:00,2026-02-04,2026-02-04 22:00:00,2026-02-05 04:00:00,1,28.0,48.0,0.925964176268101,0.791033915191278,0.9502821998662281,0.9765636566388262,14.09259259259259,0.22280017436140687,0.6,
t2,strict,2026-02-04,2026-02-03 18:00:00,2026-02-04,2026-02-04 23:00:00,2026-02-05 05:00:00,1,29.0,48.0,0.9237823108241465,0.7808006536121999,0.9498746947630957,0.9765959707414622,14.666666666666666,0.708741712342949,0.6,
t2,strict,2026-02-04,2026-02-03 18:00:00,2026-02-04,2026-02-05 00:00:00,2026-02-05 06:00:00,1,30.0,48.0,0.919232681395685,0.7741193914067256,0.9504349186433192,0.9764993503493836,15.620370370370372,1.643903189203443,0.5333333333333333,
t2,strict,2026-02-04,2026-02-03 18:00:00,2026-02-04,2026-02-05 01:00:00,2026-02-05 07:00:00,1,31.0,48.0,0.9203981517954998,0.7728876526532016,0.9504349186433192,0.9765573373452673,15.759259259259261,1.442395270106755,0.4333333333333333,
t2,strict,2026-02-04,2026-02-03 18:00:00,2026-02-04,2026-02-05 02:00:00,2026-02-05 08:00:00,1,32.0,48.0,0.9140233667287587,0.7741193914067256,0.9504349186433192,0.9765573373452673,16.287037037037038,1.876251297145761,0.3,
t2,strict,2026-02-04,2026-02-03 18:00:00,2026-02-04,2026-02-05 03:00:00,2026-02-05 09:00:00,1,33.0,48.0,0.9208882450128895,0.765422637890931,0.9504349186433192,0.9764988855742426,16.759259259259263,2.363941658461363,0.7666666666666666,
t2,strict,2026-02-04,2026-02-03 18:00:00,2026-02-04,2026-02-05 04:00:00,2026-02-05 10:00:00,1,34.0,48.0,0.9259647013874593,0.77246362246607,0.9504349186433192,0.9738521333395118,16.990740740740744,2.7930598145353107,2.3000000000000003,
t2,strict,2026-02-04,2026-02-03 18:00:00,2026-02-04,2026-02-05 05:00:00,2026-02-05 11:00:00,1,35.0,48.0,0.9224505623338565,0.7551359844495391,0.9505349185479517,0.9720422207195003,17.064814814814813,2.9305665262213467,3.8333333333333335,
t2,strict,2026-02-04,2026-02-03 18:00:00,2026-02-04,2026-02-05 06:00:00,2026-02-05 12:00:00,1,36.0,48.0,0.9259023916512132,0.7853243031840136,0.9504349186433192,0.9707418695409754,16.74074074074074,2.492323605540122,4.966666666666666,
t2,strict,2026-02-04,2026-02-03 18:00:00,2026-02-04,2026-02-05 07:00:00,2026-02-05 13:00:00,1,37.0,48.0,0.9251401166422438,0.7577891821075996,0.9505349185479517,0.970178823840287,16.787037037037038,2.8268353228277783,5.866666666666667,
t2,strict,2026-02-04,2026-02-03 18:00:00,2026-02-04,2026-02-05 08:00:00,2026-02-05 14:00:00,1,38.0,48.0,0.9319136305652814,0.7799594648303099,0.9504349186433192,0.9692049843928549,16.250000000000004,2.7660865076676906,6.5,
t2,strict,2026-02-04,2026-02-03 18:00:00,2026-02-04,2026-02-05 09:00:00,2026-02-05 15:00:00,1,39.0,48.0,0.9235393811925006,0.7335681065675873,0.9504872638031143,0.9689416308681544,15.935185185185185,2.945536135845563,6.933333333333333,
t2,strict,2026-02-04,2026-02-03 18:00:00,2026-02-04,2026-02-05 10:00:00,2026-02-05 16:00:00,1,40.0,48.0,0.9147608196031223,0.6710110737299102,0.9504872638031143,0.9690432232513838,15.583333333333334,2.8593576072128384,6.766666666666666,
t2,strict,2026-02-04,2026-02-03 18:00:00,2026-02-04,2026-02-05 11:00:00,2026-02-05 17:00:00,1,41.0,48.0,0.9166071871471051,0.6552095145004939,0.9481564253877851,0.9698111515249729,15.046296296296298,2.75467242419295,6.033333333333334,
t2,strict,2026-02-04,2026-02-03 18:00:00,2026-02-04,2026-02-05 12:00:00,2026-02-05 18:00:00,1,42.0,48.0,0.8743461235075376,0.5735965896851745,0.9086551445353938,0.973337490483135,13.90740740740741,2.06796802914052,4.933333333333334,
t2,strict,2026-02-04,2026-02-03 18:00:00,2026-02-04,2026-02-05 13:00:00,2026-02-05 19:00:00,1,43.0,48.0,0.8861525800026997,0.586739838336168,0.8854163012759728,0.9751123378784767,12.805555555555557,1.5030832509409655,4.1000000000000005,
t2,strict,2026-02-04,2026-02-03 18:00:00,2026-02-04,2026-02-05 14:00:00,2026-02-05 20:00:00,1,44.0,48.0,0.8557932026254147,0.5112485324833647,0.8708368557500993,0.9732467133042426,11.703703703703704,1.1332289349156424,3.5,
t2,strict,2026-02-04,2026-02-03 18:00:00,2026-02-04,2026-02-05 15:00:00,2026-02-05 21:00:00,1,45.0,48.0,0.7353945975023278,0.38098672656682714,0.7748034851009364,0.9826131080415255,11.037037037037038,1.252261329041983,2.733333333333333,
t2,strict,2026-02-04,2026-02-03 18:00:00,2026-02-04,2026-02-05 16:00:00,2026-02-05 22:00:00,1,46.0,48.0,0.7186274009741654,0.3834399847989874,0.7793072749227263,0.9799927591997667,10.740740740740742,1.191965558648452,2.2333333333333334,
t2,strict,2026-02-04,2026-02-03 18:00:00,2026-02-04,2026-02-05 17:00:00,2026-02-05 23:00:00,1,47.0,48.0,0.6824171922419362,0.3429258600329401,0.7377169305025936,0.9795850972748403,10.342592592592593,0.9247677942332488,1.9333333333333333,
t2,strict,2026-02-05,2026-02-04 18:00:00,2026-02-05,2026-02-05 18:00:00,2026-02-06 00:00:00,1,24.0,48.0,0.6011383919500469,0.29771715853849634,0.6645417613550315,0.991561237430392,10.481481481481483,0.5894738534221113,1.8333333333333333,
t2,strict,2026-02-05,2026-02-04 18:00:00,2026-02-05,2026-02-05 19:00:00,2026-02-06 01:00:00,1,25.0,48.0,0.5644976243341076,0.25296856486066904,0.6426362169370875,0.9776175579096179,10.39814814814815,0.5395852697901291,1.8,
t2,strict,2026-02-05,2026-02-04 18:00:00,2026-02-05,2026-02-05 20:00:00,2026-02-06 02:00:00,1,26.0,48.0,0.5151145506389637,0.22120847058466275,0.5370718118287555,0.9427026219075296,10.018518518518519,0.7382481209362095,1.7666666666666666,
t2,strict,2026-02-05,2026-02-04 18:00:00,2026-02-05,2026-02-05 21:00:00,2026-02-06 03:00:00,1,27.0,48.0,0.4223169882191925,0.16339810669152277,0.36630715648727585,0.8973346980712092,9.425925925925926,0.6703217702866032,1.7333333333333334,
t2,strict,2026-02-05,2026-02-04 18:00:00,2026-02-05,2026-02-05 22:00:00,2026-02-06 04:00:00,1,28.0,48.0,0.3428558608017204,0.0773108558099852,0.2688630206775745,0.8417124679643945,8.49074074074074,0.042431256434776535,1.3,
t2,strict,2026-02-05,2026-02-04 18:00:00,2026-02-05,2026-02-05 23:00:00,2026-02-06 05:00:00,1,29.0,48.0,0.24117610514369345,0.0038403476896535227,0.17113801796303454,0.6779463654436679,7.166666666666668,0.8069910581296641,0.8333333333333334,
t2,strict,2026-02-05,2026-02-04 18:00:00,2026-02-05,2026-02-06 00:00:00,2026-02-06 06:00:00,1,30.0,48.0,0.0908917999705821,0.0005375726996845673,0.04649372420123271,0.3568055834791863,4.490740740740741,1.0961961916258325,0.7666666666666666,
t2,strict,2026-02-05,2026-02-04 18:00:00,2026-02-05,2026-02-06 01:00:00,2026-02-06 07:00:00,1,31.0,48.0,0.08980204951141871,0.000981544170789897,0.043987130171095686,0.34137132134560205,2.175925925925926,1.5116148397883349,0.3333333333333333,
t2,strict,2026-02-05,2026-02-04 18:00:00,2026-02-05,2026-02-06 02:00:00,2026-02-06 08:00:00,1,32.0,48.0,0.12163074009160853,0.0,0.05932174630290403,0.40346280014065217,3.092592592592593,1.0032098689468039,0.5333333333333333,
t2,strict,2026-02-05,2026-02-04 18:00:00,2026-02-05,2026-02-06 03:00:00,2026-02-06 09:00:00,1,33.0,48.0,0.26134511557438117,0.005859323332821881,0.18229173766168258,0.5693286193361625,4.333333333333333,2.9825883613622137,1.4666666666666668,
t2,strict,2026-02-05,2026-02-04 18:00:00,2026-02-05,2026-02-06 04:00:00,2026-02-06 10:00:00,1,34.0,48.0,0.40308040996374683,0.014650482203156512,0.3113710880810559,0.7965434233035131,5.055555555555556,3.732676033406914,3.433333333333333,
t2,strict,2026-02-05,2026-02-04 18:00:00,2026-02-05,2026-02-06 05:00:00,2026-02-06 11:00:00,1,35.0,48.0,0.5034889292048388,0.017103334635898082,0.4148765592361707,1.0,5.9259259259259265,5.039759612792312,5.5,
t2,strict,2026-02-05,2026-02-04 18:00:00,2026-02-05,2026-02-06 06:00:00,2026-02-06 12:00:00,1,36.0,48.0,0.6563393703880339,0.07385147336523645,0.6029617305655566,0.986621299595142,9.444444444444445,6.004884842801621,6.533333333333332,
t2,strict,2026-02-05,2026-02-04 18:00:00,2026-02-05,2026-02-06 07:00:00,2026-02-06 13:00:00,1,37.0,48.0,0.7988389810605084,0.1938980386916268,0.8264792038555723,0.9818051344154527,10.5,5.208018509003541,7.0,
t2,strict,2026-02-05,2026-02-04 18:00:00,2026-02-05,2026-02-06 08:00:00,2026-02-06 14:00:00,1,38.0,48.0,0.8049160495895653,0.3872433023602714,0.8924570691842665,0.9847947377147912,12.351851851851853,4.006777950838442,7.066666666666666,
t2,strict,2026-02-05,2026-02-04 18:00:00,2026-02-05,2026-02-06 09:00:00,2026-02-06 15:00:00,1,39.0,48.0,0.9153488148215173,0.6902842827516588,0.9469932328230221,0.9747279216588711,14.481481481481483,1.223904566063579,6.633333333333333,
t2,strict,2026-02-05,2026-02-04 18:00:00,2026-02-05,2026-02-06 10:00:00,2026-02-06 16:00:00,1,40.0,48.0,0.9273745301523351,0.8124882544258059,0.954148200016705,0.9747707932270021,15.555555555555557,0.7642675828998673,5.766666666666667,
t2,strict,2026-02-05,2026-02-04 18:00:00,2026-02-05,2026-02-06 11:00:00,2026-02-06 17:00:00,1,41.0,48.0,0.9292678111185791,0.8155073256091946,0.954148200016705,0.976221431925689,15.731481481481483,0.9978113910035612,4.666666666666667,
t2,strict,2026-02-05,2026-02-04 18:00:00,2026-02-05,2026-02-06 12:00:00,2026-02-06 18:00:00,1,42.0,48.0,0.9312694412779493,0.8143643471017532,0.954148200016705,0.9771964629298127,16.34259259259259,0.39707003041465905,4.0,
t2,strict,2026-02-05,2026-02-04 18:00:00,2026-02-05,2026-02-06 13:00:00,2026-02-06 19:00:00,1,43.0,48.0,0.9293172392121236,0.8143643471017532,0.954148200016705,0.9776022452763073,16.111111111111114,0.5299662230094142,3.5,
t2,strict,2026-02-05,2026-02-04 18:00:00,2026-02-05,2026-02-06 14:00:00,2026-02-06 20:00:00,1,44.0,48.0,0.9307660034454365,0.814405402798173,0.9537406949135726,0.9784317816792649,15.185185185185185,0.5789073715681702,3.1,
t2,strict,2026-02-05,2026-02-04 18:00:00,2026-02-05,2026-02-06 15:00:00,2026-02-06 21:00:00,1,45.0,48.0,0.9308178463438598,0.8107702853673104,0.954148200016705,0.9783907118133301,14.583333333333334,0.9554101956622131,2.766666666666667,
t2,strict,2026-02-05,2026-02-04 18:00:00,2026-02-05,2026-02-06 16:00:00,2026-02-06 22:00:00,1,46.0,48.0,0.915276189748115,0.8053882962806878,0.9453002932350103,0.9795280177010526,14.148148148148147,0.9703686033345533,2.3000000000000003,
t2,strict,2026-02-05,2026-02-04 18:00:00,2026-02-05,2026-02-06 17:00:00,2026-02-06 23:00:00,1,47.0,48.0,0.8475615500139102,0.659400031561909,0.898961368213569,0.9843617358080319,13.990740740740742,0.8912006974456274,1.8333333333333333,
t2,strict,2026-02-06,2026-02-05 18:00:00,2026-02-06,2026-02-06 18:00:00,2026-02-07 00:00:00,1,24.0,48.0,0.8983220255415647,0.6327680672037601,0.9319546937165195,0.9873578074475787,12.462962962962962,1.8644938853639805,1.6333333333333335,
t2,strict,2026-02-06,2026-02-05 18:00:00,2026-02-06,2026-02-06 19:00:00,2026-02-07 01:00:00,1,25.0,48.0,0.8377954680905753,0.5220862231444761,0.8836882001181228,0.9889455645440896,12.00925925925926,1.7341284975717732,1.6000000000000003,
t2,strict,2026-02-06,2026-02-05 18:00:00,2026-02-06,2026-02-06 20:00:00,2026-02-07 02:00:00,1,26.0,48.0,0.7550040308625756,0.43230370543860913,0.7987548933475013,0.9819823588692562,11.194444444444445,2.05499241535352,1.4000000000000001,
t2,strict,2026-02-06,2026-02-05 18:00:00,2026-02-06,2026-02-06 21:00:00,2026-02-07 03:00:00,1,27.0,48.0,0.5744254682160914,0.22123998023769448,0.6123767424448212,0.9337184649717118,9.953703703703704,1.0909042196549181,1.2666666666666668,
t2,strict,2026-02-06,2026-02-05 18:00:00,2026-02-06,2026-02-06 22:00:00,2026-02-07 04:00:00,1,28.0,48.0,0.4681509238071811,0.08835942393089502,0.45687032314832887,0.8788835472972345,8.527777777777779,0.9910868208284047,0.9666666666666667,
t2,strict,2026-02-06,2026-02-05 18:00:00,2026-02-06,2026-02-06 23:00:00,2026-02-07 05:00:00,1,29.0,48.0,0.3265039800403346,0.004502247008372151,0.2788142862390338,0.8498498517991361,7.398148148148148,1.9409359881995247,0.7000000000000001,
t2,strict,2026-02-06,2026-02-05 18:00:00,2026-02-06,2026-02-07 00:00:00,2026-02-07 06:00:00,1,30.0,48.0,0.2459255069130337,0.019091688590873887,0.14334413135893587,0.5930898542377907,6.546296296296297,1.0585969828109563,0.39999999999999997,
t2,strict,2026-02-06,2026-02-05 18:00:00,2026-02-06,2026-02-07 01:00:00,2026-02-07 07:00:00,1,31.0,48.0,0.13413155308124586,0.004535302462444914,0.06424309939324002,0.3844787629039589,4.833333333333333,1.4215601757693321,0.2333333333333333,
t2,strict,2026-02-06,2026-02-05 18:00:00,2026-02-06,2026-02-07 02:00:00,2026-02-07 08:00:00,1,32.0,48.0,0.07916911848396692,0.007366950330885552,0.03410434716253568,0.3118047340645909,2.9814814814814814,1.8848677241251068,0.16666666666666666,
t2,strict,2026-02-06,2026-02-05 18:00:00,2026-02-06,2026-02-07 03:00:00,2026-02-07 09:00:00,1,33.0,48.0,0.08394685016571357,0.007399923788907695,0.033164772350111525,0.32654174443847683,2.240740740740741,0.15795113064103675,0.2333333333333333,
t2,strict,2026-02-06,2026-02-05 18:00:00,2026-02-06,2026-02-07 04:00:00,2026-02-07 10:00:00,1,34.0,48.0,0.13514304429355953,0.0033590819839239006,0.10231673151811602,0.35260013343850494,3.064814814814815,2.2064253346083675,0.8666666666666667,
t2,strict,2026-02-06,2026-02-05 18:00:00,2026-02-06,2026-02-07 05:00:00,2026-02-07 11:00:00,1,35.0,48.0,0.2021850405674887,0.0,0.144589126436076,0.5262923605870747,4.787037037037038,3.583369221755396,1.9333333333333336,
t2,strict,2026-02-06,2026-02-05 18:00:00,2026-02-06,2026-02-07 06:00:00,2026-02-07 12:00:00,1,36.0,48.0,0.2197416544950294,0.0,0.14484687806619917,0.6943995525248132,5.953703703703703,4.764219565242939,3.266666666666667,
t2,strict,2026-02-06,2026-02-05 18:00:00,2026-02-06,2026-02-07 07:00:00,2026-02-07 13:00:00,1,37.0,48.0,0.23703560165291976,0.005207912835356904,0.18725004628530767,0.6268732669925515,6.1759259259259265,3.4079986403328104,3.733333333333333,
t2,strict,2026-02-06,2026-02-05 18:00:00,2026-02-06,2026-02-07 08:00:00,2026-02-07 14:00:00,1,38.0,48.0,0.22643400178491632,0.018538013568663192,0.16765161447383747,0.6458203786254728,6.287037037037037,2.3798818139898605,3.966666666666667,
t2,strict,2026-02-06,2026-02-05 18:00:00,2026-02-06,2026-02-07 09:00:00,2026-02-07 15:00:00,1,39.0,48.0,0.1994533232505359,0.011379416453797503,0.1307762296729905,0.5687783000255304,5.9444444444444455,2.1094657330737436,4.133333333333334,
t2,strict,2026-02-06,2026-02-05 18:00:00,2026-02-06,2026-02-07 10:00:00,2026-02-07 16:00:00,1,40.0,48.0,0.1422332514304349,0.003926457883339757,0.09201833142402512,0.3646151906135996,5.12962962962963,1.8470307614506198,3.8666666666666667,
t2,strict,2026-02-06,2026-02-05 18:00:00,2026-02-06,2026-02-07 11:00:00,2026-02-07 17:00:00,1,41.0,48.0,0.10231143635944219,0.006633023828365302,0.05371567874769461,0.276062121851005,4.268518518518519,1.873576277028406,3.2000000000000006,
t2,strict,2026-02-06,2026-02-05 18:00:00,2026-02-06,2026-02-07 12:00:00,2026-02-07 18:00:00,1,42.0,48.0,0.16794140704343288,0.002418865420557484,0.08235179690704912,0.38555316428588604,2.7870370370370368,2.0488504254443813,1.8999999999999997,
t2,strict,2026-02-06,2026-02-05 18:00:00,2026-02-06,2026-02-07 13:00:00,2026-02-07 19:00:00,1,43.0,48.0,0.21682523179031807,0.0022008443412121215,0.12980423846840405,0.5036389156088685,3.5740740740740744,0.9671827060236737,0.8333333333333334,
t2,strict,2026-02-06,2026-02-05 18:00:00,2026-02-06,2026-02-07 14:00:00,2026-02-07 20:00:00,1,44.0,48.0,0.39271138358415464,0.005605777587007976,0.32479838063583916,0.9631904911364695,5.592592592592593,3.9452594358876967,0.6333333333333333,
t2,strict,2026-02-06,2026-02-05 18:00:00,2026-02-06,2026-02-07 15:00:00,2026-02-07 21:00:00,1,45.0,48.0,0.43981702722729665,0.010700644565106832,0.3708097239005893,0.9293891188602228,7.842592592592593,3.1557234566703434,0.36666666666666664,
t2,strict,2026-02-06,2026-02-05 18:00:00,2026-02-06,2026-02-07 16:00:00,2026-02-07 22:00:00,1,46.0,48.0,0.512152081946152,0.0374825897052235,0.42634913681456554,0.9758569198292816,8.5,3.4441084065472416,0.033333333333333354,
t2,strict,2026-02-06,2026-02-05 18:00:00,2026-02-06,2026-02-07 17:00:00,2026-02-07 23:00:00,1,47.0,48.0,0.49184741879825344,0.0430660375116067,0.44908665276407034,0.9522211889499352,8.768518518518519,3.3772949825528946,-0.10000000000000002,
t2,strict,2026-02-07,2026-02-06 18:00:00,2026-02-07,2026-02-07 18:00:00,2026-02-08 00:00:00,1,24.0,48.0,0.5638299989991278,0.19223642810689479,0.5717169480774006,0.9888481329197161,9.120370370370372,3.3326774045994276,-0.39999999999999997,
t2,strict,2026-02-07,2026-02-06 18:00:00,2026-02-07,2026-02-07 19:00:00,2026-02-08 01:00:00,1,25.0,48.0,0.6098258499678308,0.2209629888927206,0.6255143382463852,1.0,9.527777777777779,2.8647495743008307,-0.6666666666666666,
t2,strict,2026-02-07,2026-02-06 18:00:00,2026-02-07,2026-02-07 20:00:00,2026-02-08 02:00:00,1,26.0,48.0,0.7041275536596602,0.33943770737289236,0.7272713575175016,0.9893710070630275,9.962962962962964,2.1304547515870116,-0.8000000000000002,
t2,strict,2026-02-07,2026-02-06 18:00:00,2026-02-07,2026-02-07 21:00:00,2026-02-08 03:00:00,1,27.0,48.0,0.7125110779201086,0.42372144227110486,0.7447148968726359,0.9878282097401234,10.37962962962963,1.041697530406964,-0.8333333333333334,
t2,strict,2026-02-07,2026-02-06 18:00:00,2026-02-07,2026-02-07 22:00:00,2026-02-08 04:00:00,1,28.0,48.0,0.7170527086360343,0.3893365358148778,0.7628398785372292,0.98174044646723,10.194444444444445,0.6309898162000303,-0.8666666666666667,
t2,strict,2026-02-07,2026-02-06 18:00:00,2026-02-07,2026-02-07 23:00:00,2026-02-08 05:00:00,1,29.0,48.0,0.698351124093352,0.3178291650797459,0.7129895342996296,0.9610000054058626,9.75925925925926,0.4724944748952982,-0.6666666666666666,
t2,strict,2026-02-07,2026-02-06 18:00:00,2026-02-07,2026-02-08 00:00:00,2026-02-08 06:00:00,1,30.0,48.0,0.6572037217201644,0.11904948197209864,0.6728493540498645,0.9445259792063074,9.592592592592593,0.7709688736357824,-0.6999999999999998,
t2,strict,2026-02-07,2026-02-06 18:00:00,2026-02-07,2026-02-08 01:00:00,2026-02-08 07:00:00,1,31.0,48.0,0.5611150242291795,0.10701719304937246,0.5890914552159832,0.9385991266535125,8.62962962962963,0.4659165046447828,-0.9,
t2,strict,2026-02-07,2026-02-06 18:00:00,2026-02-07,2026-02-08 02:00:00,2026-02-08 08:00:00,1,32.0,48.0,0.4687289114748599,0.04052913033731592,0.4751970792320039,0.9252776482440328,8.111111111111112,0.2649831115047075,-0.9333333333333335,
t2,strict,2026-02-07,2026-02-06 18:00:00,2026-02-07,2026-02-08 03:00:00,2026-02-08 09:00:00,1,33.0,48.0,0.3676397514690303,0.021252403767866412,0.356704858084919,0.8367907225541531,7.351851851851852,0.1425444844290801,-0.39999999999999997,
t2,strict,2026-02-07,2026-02-06 18:00:00,2026-02-07,2026-02-08 04:00:00,2026-02-08 10:00:00,1,34.0,48.0,0.20715481195895843,0.0,0.1792228095811144,0.669211073958792,6.527777777777779,0.7742977702647972,0.5333333333333333,
t2,strict,2026-02-07,2026-02-06 18:00:00,2026-02-07,2026-02-08 05:00:00,2026-02-08 11:00:00,1,35.0,48.0,0.13206766637080722,0.0,0.07507835173935909,0.4996588699277029,5.5,1.010744744370014,1.5,
t2,strict,2026-02-07,2026-02-06 18:00:00,2026-02-07,2026-02-08 06:00:00,2026-02-08 12:00:00,1,36.0,48.0,0.07301128480418706,0.0,0.023980679122199818,0.28727963579022053,2.7314814814814814,1.926371031186422,2.3333333333333335,
t2,strict,2026-02-07,2026-02-06 18:00:00,2026-02-07,2026-02-08 07:00:00,2026-02-08 13:00:00,1,37.0,48.0,0.050262063332683585,0.0,0.012922140557723887,0.2734521290714741,1.8240740740740744,1.0483428035451268,3.1666666666666665,
t2,strict,2026-02-07,2026-02-06 18:00:00,2026-02-07,2026-02-08 08:00:00,2026-02-08 14:00:00,1,38.0,48.0,0.15297784405507311,0.00011259230527152497,0.04793081552529141,0.4330104607583536,1.7870370370370372,0.2740490479064582,3.9,
t2,strict,2026-02-07,2026-02-06 18:00:00,2026-02-07,2026-02-08 09:00:00,2026-02-08 15:00:00,1,39.0,48.0,0.32977595233128737,0.0,0.2477542982447569,0.7233301139680444,3.333333333333334,1.5488446510500724,4.5,
t2,strict,2026-02-07,2026-02-06 18:00:00,2026-02-07,2026-02-08 10:00:00,2026-02-08 16:00:00,1,40.0,48.0,0.6305081736276388,0.0786346130165706,0.5062324638188248,1.0,6.342592592592593,1.476496241872418,4.5,
t2,strict,2026-02-07,2026-02-06 18:00:00,2026-02-07,2026-02-08 11:00:00,2026-02-08 17:00:00,1,41.0,48.0,0.8561619255739508,0.3206255070870693,0.8588780589044652,0.9892437493348325,10.027777777777779,1.0352580640880125,3.6666666666666665,
t2,strict,2026-02-07,2026-02-06 18:00:00,2026-02-07,2026-02-08 12:00:00,2026-02-08 18:00:00,1,42.0,48.0,0.8719539348816011,0.4450719976671366,0.9306110636177375,0.9768118869899406,14.50925925925926,1.3197611705627288,1.7333333333333334,
t2,strict,2026-02-07,2026-02-06 18:00:00,2026-02-07,2026-02-08 13:00:00,2026-02-08 19:00:00,1,43.0,48.0,0.9281665958664277,0.7625423259099924,0.9450367200556267,0.9737809619383745,15.75925925925926,0.7486270011369321,0.5333333333333333,
t2,strict,2026-02-07,2026-02-06 18:00:00,2026-02-07,2026-02-08 14:00:00,2026-02-08 20:00:00,1,44.0,48.0,0.9239576838666843,0.7752158966070679,0.9458030634301972,0.9738566932527736,16.36111111111111,1.1925048852036482,-0.06666666666666667,
t2,strict,2026-02-07,2026-02-06 18:00:00,2026-02-07,2026-02-08 15:00:00,2026-02-08 21:00:00,1,45.0,48.0,0.9245427147942423,0.7826745088507374,0.9458030634301972,0.9739472454462317,16.89814814814815,1.7778501142690817,-0.5,
t2,strict,2026-02-07,2026-02-06 18:00:00,2026-02-07,2026-02-08 16:00:00,2026-02-08 22:00:00,1,46.0,48.0,0.9184032764128779,0.7826745088507374,0.9458030634301972,0.9739468700045053,16.768518518518523,2.071509658045188,-0.6333333333333333,
t2,strict,2026-02-07,2026-02-06 18:00:00,2026-02-07,2026-02-08 17:00:00,2026-02-08 23:00:00,1,47.0,48.0,0.9181856729698292,0.7826745088507374,0.9458030634301972,0.9739558260874562,17.037037037037038,2.1731266469923725,-0.7333333333333334,
t2,strict,2026-02-08,2026-02-07 18:00:00,2026-02-08,2026-02-08 18:00:00,2026-02-09 00:00:00,1,24.0,48.0,0.920646986543817,0.7752644166385445,0.945509845536007,0.9734795672709178,17.10185185185185,2.5099083484652325,-0.8666666666666667,
t2,strict,2026-02-08,2026-02-07 18:00:00,2026-02-08,2026-02-08 19:00:00,2026-02-09 01:00:00,1,25.0,48.0,0.920646986543817,0.7835867221318076,0.945509845536007,0.973396821643313,17.546296296296298,2.2402624221650047,-1.0333333333333334,
t2,strict,2026-02-08,2026-02-07 18:00:00,2026-02-08,2026-02-08 20:00:00,2026-02-09 02:00:00,1,26.0,48.0,0.920646986543817,0.7835867221318076,0.945509845536007,0.9733807980176074,17.962962962962962,1.9309718442728472,-1.2,
t2,strict,2026-02-08,2026-02-07 18:00:00,2026-02-08,2026-02-08 21:00:00,2026-02-09 03:00:00,1,27.0,48.0,0.9185117846213365,0.7860006875341086,0.945509845536007,0.9734001526064738,18.38888888888889,1.7495590273333037,-1.366666666666667,
t2,strict,2026-02-08,2026-02-07 18:00:00,2026-02-08,2026-02-08 22:00:00,2026-02-09 04:00:00,1,28.0,48.0,0.9184215433612799,0.7831810267008201,0.9455621906958022,0.9733920804544298,18.58333333333334,1.7347216662217788,-1.5,
t2,strict,2026-02-08,2026-02-07 18:00:00,2026-02-08,2026-02-08 23:00:00,2026-02-09 05:00:00,1,29.0,48.0,0.9164818206909212,0.7596086461494561,0.9453500953712528,0.9734247531124474,18.62962962962963,1.7240879977159842,-1.5666666666666667,
t2,strict,2026-02-08,2026-02-07 18:00:00,2026-02-08,2026-02-09 00:00:00,2026-02-09 06:00:00,1,30.0,48.0,0.8666407076594332,0.6839722613294621,0.8969805081913061,0.98061965568259,18.787037037037038,2.007765274920592,-1.5,
t2,strict,2026-02-08,2026-02-07 18:00:00,2026-02-08,2026-02-09 01:00:00,2026-02-09 07:00:00,1,31.0,48.0,0.8619774621683238,0.6762147023141741,0.8969805081913061,0.9806163247194292,18.48148148148148,2.1056825916919992,-1.5,
t2,strict,2026-02-08,2026-02-07 18:00:00,2026-02-08,2026-02-09 02:00:00,2026-02-09 08:00:00,1,32.0,48.0,0.8599743744205253,0.6642660271756499,0.8969805081913061,0.9806158235523765,18.203703703703706,2.339662931651663,-1.4666666666666668,
t2,strict,2026-02-08,2026-02-07 18:00:00,2026-02-08,2026-02-09 03:00:00,2026-02-09 09:00:00,1,33.0,48.0,0.8572622823043643,0.6542013727794768,0.8969805081913061,0.9804916362955284,17.5462962962963,2.362309064289925,-0.7666666666666666,
t2,strict,2026-02-08,2026-02-07 18:00:00,2026-02-08,2026-02-09 04:00:00,2026-02-09 10:00:00,1,34.0,48.0,0.8569312745564172,0.663046419058244,0.898723612788949,0.9798926937402199,17.166666666666668,2.5994123267470384,0.7999999999999999,
t2,strict,2026-02-08,2026-02-07 18:00:00,2026-02-08,2026-02-09 05:00:00,2026-02-09 11:00:00,1,35.0,48.0,0.8589129363655011,0.6360621260025511,0.898723612788949,0.9763568313636661,16.833333333333332,3.231189629185061,2.4,
t2,strict,2026-02-08,2026-02-07 18:00:00,2026-02-08,2026-02-09 06:00:00,2026-02-09 12:00:00,1,36.0,48.0,0.8576792959138541,0.6300870488485177,0.898723612788949,0.9751022774967014,16.055555555555557,3.638464775963336,3.9333333333333336,
t2,strict,2026-02-08,2026-02-07 18:00:00,2026-02-08,2026-02-09 07:00:00,2026-02-09 13:00:00,1,37.0,48.0,0.8466798188120276,0.5982158793000434,0.9001337774978574,0.9734978974343877,15.444444444444443,4.091922184071175,5.066666666666667,
t2,strict,2026-02-08,2026-02-07 18:00:00,2026-02-08,2026-02-09 08:00:00,2026-02-09 14:00:00,1,38.0,48.0,0.8514341971315399,0.5574149663195052,0.9001337774978574,0.9729454408302026,14.703703703703704,3.7747468778408897,6.099999999999999,
t2,strict,2026-02-08,2026-02-07 18:00:00,2026-02-08,2026-02-09 09:00:00,2026-02-09 15:00:00,1,39.0,48.0,0.8539924873983299,0.5659389483639846,0.899726272394725,0.9722789271946619,14.175925925925926,3.5252980494489483,6.533333333333334,
t2,strict,2026-02-08,2026-02-07 18:00:00,2026-02-08,2026-02-09 10:00:00,2026-02-09 16:00:00,1,40.0,48.0,0.8433047544330975,0.5668444003704789,0.8990529619421497,0.972400057615966,13.148148148148147,2.58681565372128,6.233333333333333,
t2,strict,2026-02-08,2026-02-07 18:00:00,2026-02-08,2026-02-09 11:00:00,2026-02-09 17:00:00,1,41.0,48.0,0.821336802999731,0.5532189855129428,0.8774122280279959,0.9755077688130475,12.685185185185185,1.8932411732047498,5.466666666666666,
t2,strict,2026-02-08,2026-02-07 18:00:00,2026-02-08,2026-02-09 12:00:00,2026-02-09 18:00:00,1,42.0,48.0,0.7853913311952828,0.53657469247378,0.8531368585037189,0.9827062587327207,12.231481481481481,1.5278619505432076,4.333333333333333,
t2,strict,2026-02-08,2026-02-07 18:00:00,2026-02-08,2026-02-09 13:00:00,2026-02-09 19:00:00,1,43.0,48.0,0.6937542680736558,0.31224647449574144,0.7642707507686917,1.0,11.138888888888891,2.8318351158668817,3.1666666666666665,
t2,strict,2026-02-08,2026-02-07 18:00:00,2026-02-08,2026-02-09 14:00:00,2026-02-09 20:00:00,1,44.0,48.0,0.5599832909903836,0.18276178990167535,0.5714678509296556,0.9814494529516375,10.074074074074074,3.532185930632712,2.733333333333333,
t2,strict,2026-02-08,2026-02-07 18:00:00,2026-02-08,2026-02-09 15:00:00,2026-02-09 21:00:00,1,45.0,48.0,0.42171861114006814,0.13037979327687438,0.3949570401810897,0.9329206192326555,8.842592592592593,3.670487627532384,2.4000000000000004,
t2,strict,2026-02-08,2026-02-07 18:00:00,2026-02-08,2026-02-09 16:00:00,2026-02-09 22:00:00,1,46.0,48.0,0.27540456796243196,0.0,0.20573622767930067,0.8106227591708648,7.12037037037037,3.4350603950579197,1.9666666666666668,
t2,strict,2026-02-08,2026-02-07 18:00:00,2026-02-08,2026-02-09 17:00:00,2026-02-09 23:00:00,1,47.0,48.0,0.30657257071348903,0.0,0.2649765589629111,0.7997592458934086,5.185185185185186,3.5295635608444784,1.2666666666666668,
t2,strict,2026-02-09,2026-02-08 18:00:00,2026-02-09,2026-02-09 18:00:00,2026-02-10 00:00:00,1,24.0,48.0,0.14481998494672174,0.0,0.09640530037829095,0.6145832647235494,5.305555555555555,1.6841673768026806,0.6333333333333333,
t2,strict,2026-02-09,2026-02-08 18:00:00,2026-02-09,2026-02-09 19:00:00,2026-02-10 01:00:00,1,25.0,48.0,0.22198148708651588,0.0,0.14708212828621184,0.7129376970984403,5.87962962962963,1.3648851682957603,0.9,
t2,strict,2026-02-09,2026-02-08 18:00:00,2026-02-09,2026-02-09 20:00:00,2026-02-10 02:00:00,1,26.0,48.0,0.25219194440441767,0.0008778243024870069,0.17254123728373966,0.8185601087158136,6.212962962962965,1.4137588166902963,1.1666666666666667,
t2,strict,2026-02-09,2026-02-08 18:00:00,2026-02-09,2026-02-09 21:00:00,2026-02-10 03:00:00,1,27.0,48.0,0.27600030516292834,0.0,0.19721950464958296,0.9144242901961951,6.842592592592593,1.7726343419577728,1.2333333333333334,
t2,strict,2026-02-09,2026-02-08 18:00:00,2026-02-09,2026-02-09 22:00:00,2026-02-10 04:00:00,1,28.0,48.0,0.2626026049880385,0.009821168890417509,0.2418583344149432,0.7661158805316901,7.388888888888889,0.5407756203869944,1.2,
t2,strict,2026-02-09,2026-02-08 18:00:00,2026-02-09,2026-02-09 23:00:00,2026-02-10 05:00:00,1,29.0,48.0,0.26623807963790164,0.011835042498595849,0.2386073784561045,0.7359390612634759,7.481481481481482,0.8581190551183449,0.8333333333333334,
t2,strict,2026-02-09,2026-02-08 18:00:00,2026-02-09,2026-02-10 00:00:00,2026-02-10 06:00:00,1,30.0,48.0,0.28730670855399415,0.0,0.268479264060532,0.8367754018408798,6.333333333333333,3.8301113673651517,0.5,
t2,strict,2026-02-09,2026-02-08 18:00:00,2026-02-09,2026-02-10 01:00:00,2026-02-10 07:00:00,1,31.0,48.0,0.2901455682720976,0.0,0.21475261425755948,0.8947720339214695,9.324074074074074,4.370419412781959,0.5666666666666667,
t2,strict,2026-02-09,2026-02-08 18:00:00,2026-02-09,2026-02-10 02:00:00,2026-02-10 08:00:00,1,32.0,48.0,0.29836444245775134,0.0,0.17545750406110702,0.9737850533530046,7.407407407407407,5.197958803238499,0.3,
t2,strict,2026-02-09,2026-02-08 18:00:00,2026-02-09,2026-02-10 03:00:00,2026-02-10 09:00:00,1,33.0,48.0,0.2707187303639891,0.0,0.177390382176899,0.8323951187263217,6.981481481481481,3.2832267952885026,1.2,
t2,strict,2026-02-09,2026-02-08 18:00:00,2026-02-09,2026-02-10 04:00:00,2026-02-10 10:00:00,1,34.0,48.0,0.22405331136560888,0.0,0.18096516155087541,0.7216750874218916,6.62962962962963,2.4786640999063607,2.533333333333333,
t2,strict,2026-02-09,2026-02-08 18:00:00,2026-02-09,2026-02-10 05:00:00,2026-02-10 11:00:00,1,35.0,48.0,0.21183509395856306,0.0,0.1325085934943114,0.6874673921556574,6.351851851851852,2.768642385436627,4.6000000000000005,
t2,strict,2026-02-09,2026-02-08 18:00:00,2026-02-09,2026-02-10 06:00:00,2026-02-10 12:00:00,1,36.0,48.0,0.2339127609650721,0.0,0.14642567432373899,0.6301030178231628,5.731481481481482,2.5718582255852067,6.3,
t2,strict,2026-02-09,2026-02-08 18:00:00,2026-02-09,2026-02-10 07:00:00,2026-02-10 13:00:00,1,37.0,48.0,0.21256075031682953,0.0,0.17009781999847393,0.6657934583735814,6.287037037037037,2.033730481352407,7.8999999999999995,
t2,strict,2026-02-09,2026-02-08 18:00:00,2026-02-09,2026-02-10 08:00:00,2026-02-10 14:00:00,1,38.0,48.0,0.2648701037078035,0.0,0.2573465042874722,0.7611212674421847,6.879629629629631,0.9334876415650785,8.5,
t2,strict,2026-02-09,2026-02-08 18:00:00,2026-02-09,2026-02-10 09:00:00,2026-02-10 15:00:00,1,39.0,48.0,0.2558839887710657,0.0,0.22529143438108726,0.786424414467986,7.472222222222222,2.125862207071943,9.333333333333334,
t2,strict,2026-02-09,2026-02-08 18:00:00,2026-02-09,2026-02-10 10:00:00,2026-02-10 16:00:00,1,40.0,48.0,0.22768564718483,0.0,0.18200538933154412,0.8766999711335676,6.972222222222222,2.6488117531647477,8.8,
t2,strict,2026-02-09,2026-02-08 18:00:00,2026-02-09,2026-02-10 11:00:00,2026-02-10 17:00:00,1,41.0,48.0,0.270213497386356,0.0,0.18308033133133933,0.8410108764837643,6.472222222222222,3.254033584322885,7.533333333333334,
t2,strict,2026-02-09,2026-02-08 18:00:00,2026-02-09,2026-02-10 12:00:00,2026-02-10 18:00:00,1,42.0,48.0,0.23322567076306414,0.0,0.16568575759263218,0.6347967880163136,5.055555555555556,2.4745619390355653,5.966666666666666,
t2,strict,2026-02-09,2026-02-08 18:00:00,2026-02-09,2026-02-10 13:00:00,2026-02-10 19:00:00,1,43.0,48.0,0.23570523003211488,0.0,0.14742562874017695,0.6667947382612008,4.703703703703703,2.7930598145353094,5.133333333333334,
t2,strict,2026-02-09,2026-02-08 18:00:00,2026-02-09,2026-02-10 14:00:00,2026-02-10 20:00:00,1,44.0,48.0,0.2971406523796245,0.020908609328607247,0.2171237880985181,0.7896916929052321,6.472222222222224,1.8149329137688486,4.6000000000000005,
t2,strict,2026-02-09,2026-02-08 18:00:00,2026-02-09,2026-02-10 15:00:00,2026-02-10 21:00:00,1,45.0,48.0,0.436204864741631,0.0,0.41421920742564644,0.9339653280939475,7.583333333333335,4.93170956761033,3.9333333333333336,
t2,strict,2026-02-09,2026-02-08 18:00:00,2026-02-09,2026-02-10 16:00:00,2026-02-10 22:00:00,1,46.0,48.0,0.5928926341935873,0.10145510608194619,0.5614519370533241,1.0,8.703703703703704,6.369919503855343,2.8000000000000003,
t2,strict,2026-02-09,2026-02-08 18:00:00,2026-02-09,2026-02-10 17:00:00,2026-02-10 23:00:00,1,47.0,48.0,0.7240024970448296,0.27524809348980367,0.6784771618353564,1.0,10.851851851851853,4.709651022868004,2.3333333333333335,
t2,strict,2026-02-10,2026-02-09 18:00:00,2026-02-10,2026-02-10 18:00:00,2026-02-11 00:00:00,1,24.0,48.0,0.8844119996856776,0.6520174819947469,0.9192870258639618,1.0,13.166666666666666,2.182810228541905,2.1,
t2,strict,2026-02-10,2026-02-09 18:00:00,2026-02-10,2026-02-10 19:00:00,2026-02-11 01:00:00,1,25.0,48.0,0.8921885371442674,0.6596946114703748,0.9223076491170493,1.0,14.185185185185185,1.1521361445043075,2.033333333333333,
t2,strict,2026-02-10,2026-02-09 18:00:00,2026-02-10,2026-02-10 20:00:00,2026-02-11 02:00:00,1,26.0,48.0,0.8762035407314741,0.5307982586195187,0.9224145794713423,1.0,15.064814814814815,0.4600836388446235,2.033333333333333,
t2,strict,2026-02-10,2026-02-09 18:00:00,2026-02-10,2026-02-10 21:00:00,2026-02-11 03:00:00,1,27.0,48.0,0.8611037739028579,0.5055102477131871,0.9186898004937996,1.0,15.574074074074076,1.9064407834772488,1.8333333333333333,
t2,strict,2026-02-10,2026-02-09 18:00:00,2026-02-10,2026-02-10 22:00:00,2026-02-11 04:00:00,1,28.0,48.0,0.7851021090073153,0.3981271076486435,0.8778296216154737,1.0,14.916666666666666,2.2599232479046174,1.8,
t2,strict,2026-02-10,2026-02-09 18:00:00,2026-02-10,2026-02-10 23:00:00,2026-02-11 05:00:00,1,29.0,48.0,0.6766677995138494,0.05290119876070698,0.7601366804139187,1.0,13.620370370370372,2.198718294806703,1.7333333333333334,
t2,strict,2026-02-10,2026-02-09 18:00:00,2026-02-10,2026-02-11 00:00:00,2026-02-11 06:00:00,1,30.0,48.0,0.39019118574961426,0.008743860520458613,0.42659651392255804,1.0,10.361111111111112,2.435431616878993,1.3666666666666665,
t2,strict,2026-02-10,2026-02-09 18:00:00,2026-02-10,2026-02-11 01:00:00,2026-02-11 07:00:00,1,31.0,48.0,0.18167905039984233,0.0,0.1319606622032853,0.7461294290404775,6.583333333333333,3.1241048100531983,1.0999999999999999,
t2,strict,2026-02-10,2026-02-09 18:00:00,2026-02-10,2026-02-11 02:00:00,2026-02-11 08:00:00,1,32.0,48.0,0.13485993034484675,0.003402183164585182,0.07375389033956245,0.5681841988085171,3.805555555555556,2.5937662687277983,-0.09999999999999998,
t2,strict,2026-02-10,2026-02-09 18:00:00,2026-02-10,2026-02-11 03:00:00,2026-02-11 09:00:00,1,33.0,48.0,0.16640291944145288,0.0,0.10309277343807341,0.5094441457053962,3.2685185185185186,1.8975157031290675,0.7666666666666666,
t2,strict,2026-02-10,2026-02-09 18:00:00,2026-02-10,2026-02-11 04:00:00,2026-02-11 10:00:00,1,34.0,48.0,0.28052504813851287,0.0,0.15077301622889466,0.7929952052006295,3.3333333333333335,1.8010627863830364,3.266666666666667,
t2,strict,2026-02-10,2026-02-09 18:00:00,2026-02-10,2026-02-11 05:00:00,2026-02-11 11:00:00,1,35.0,48.0,0.5047158736296175,0.0,0.34709718417092816,1.0,4.537037037037037,2.023841943925407,6.266666666666667,
t2,strict,2026-02-10,2026-02-09 18:00:00,2026-02-10,2026-02-11 06:00:00,2026-02-11 12:00:00,1,36.0,48.0,0.55307931274444,0.0,0.4611763428151928,1.0,9.481481481481483,2.296053601272779,8.933333333333332,
t2,strict,2026-02-10,2026-02-09 18:00:00,2026-02-10,2026-02-11 07:00:00,2026-02-11 13:00:00,1,37.0,48.0,0.47099318680734426,0.0,0.41058923341258285,1.0,10.15740740740741,5.133280222588808,10.133333333333333,
t2,strict,2026-02-10,2026-02-09 18:00:00,2026-02-10,2026-02-11 08:00:00,2026-02-11 14:00:00,1,38.0,48.0,0.47019820968621123,0.0,0.3264406757735942,1.0,8.287037037037038,7.532149885192416,10.9,
t2,strict,2026-02-10,2026-02-09 18:00:00,2026-02-10,2026-02-11 09:00:00,2026-02-11 15:00:00,1,39.0,48.0,0.5117488525134504,0.0,0.37265919746185855,1.0,6.287037037037037,7.010372239049874,10.700000000000001,
t2,strict,2026-02-10,2026-02-09 18:00:00,2026-02-10,2026-02-11 10:00:00,2026-02-11 16:00:00,1,40.0,48.0,0.694613732166602,0.0692014687915613,0.6344543876340974,1.0,8.740740740740742,0.851801528304217,9.200000000000001,
t2,strict,2026-02-10,2026-02-09 18:00:00,2026-02-10,2026-02-11 11:00:00,2026-02-11 17:00:00,1,41.0,48.0,0.8293004383683501,0.11523348282868728,0.8612042735912686,1.0,9.314814814814815,6.020113748703184,6.666666666666667,
t2,strict,2026-02-10,2026-02-09 18:00:00,2026-02-10,2026-02-11 12:00:00,2026-02-11 18:00:00,1,42.0,48.0,0.8661140663652637,0.43814089383225374,0.9275470276286358,1.0,13.435185185185185,4.375977257108692,4.066666666666666,
t2,strict,2026-02-10,2026-02-09 18:00:00,2026-02-10,2026-02-11 13:00:00,2026-02-11 19:00:00,1,43.0,48.0,0.8976633857717566,0.5462548987543472,0.9495128727142809,1.0,13.25925925925926,5.375508397814984,3.4666666666666663,
t2,strict,2026-02-10,2026-02-09 18:00:00,2026-02-10,2026-02-11 14:00:00,2026-02-11 20:00:00,1,44.0,48.0,0.9110400698961635,0.6383420707051581,0.9660127239428025,1.0,13.462962962962964,3.2784054640680544,2.466666666666667,
t2,strict,2026-02-10,2026-02-09 18:00:00,2026-02-10,2026-02-11 15:00:00,2026-02-11 21:00:00,1,45.0,48.0,0.9327529932643427,0.6765346221311868,0.9647289994528321,1.0,13.518518518518519,0.1674364937039357,1.7666666666666666,
t2,strict,2026-02-10,2026-02-09 18:00:00,2026-02-10,2026-02-11 16:00:00,2026-02-11 22:00:00,1,46.0,48.0,0.890016422340968,0.6187357777864193,0.9322207242096433,1.0,13.185185185185185,1.6307077662567384,1.4333333333333333,
t2,strict,2026-02-10,2026-02-09 18:00:00,2026-02-10,2026-02-11 17:00:00,2026-02-11 23:00:00,1,47.0,48.0,0.8616554970753013,0.4516034597609118,0.902593556393039,1.0,12.75,2.027777777777778,1.2666666666666666,
t2,strict,2026-02-11,2026-02-10 18:00:00,2026-02-11,2026-02-11 18:00:00,2026-02-12 00:00:00,1,24.0,48.0,0.8540400916283755,0.49259869660095845,0.9062185709886698,0.9974162398290147,11.129629629629632,1.963465169859407,1.0666666666666667,
t2,strict,2026-02-11,2026-02-10 18:00:00,2026-02-11,2026-02-11 19:00:00,2026-02-12 01:00:00,1,25.0,48.0,0.8199373659190106,0.46418412187553304,0.8436594897827256,1.0,11.092592592592593,1.5797555418533784,1.0333333333333334,
t2,strict,2026-02-11,2026-02-10 18:00:00,2026-02-11,2026-02-11 20:00:00,2026-02-12 02:00:00,1,26.0,48.0,0.8006887583864276,0.40553789175047333,0.8211193353229598,1.0,10.620370370370368,1.2817972207905348,0.6333333333333333,
t2,strict,2026-02-11,2026-02-10 18:00:00,2026-02-11,2026-02-11 21:00:00,2026-02-12 03:00:00,1,27.0,48.0,0.7210686123767988,0.33203188789005705,0.7306763562403056,1.0,10.083333333333334,1.9222944751995514,0.3333333333333333,
t2,strict,2026-02-11,2026-02-10 18:00:00,2026-02-11,2026-02-11 22:00:00,2026-02-12 04:00:00,1,28.0,48.0,0.6581297425879935,0.2036452499288487,0.6482244585707048,1.0,9.50925925925926,1.7865092292897478,0.26666666666666666,
t2,strict,2026-02-11,2026-02-10 18:00:00,2026-02-11,2026-02-11 23:00:00,2026-02-12 05:00:00,1,29.0,48.0,0.5421527584671857,0.131126882656383,0.5184489241344231,0.9915523417778678,9.157407407407407,1.0032098689468039,0.19999999999999998,
t2,strict,2026-02-11,2026-02-10 18:00:00,2026-02-11,2026-02-12 00:00:00,2026-02-12 06:00:00,1,30.0,48.0,0.47734297503415185,0.04137375707289381,0.4640567574114136,0.921705856012796,8.61111111111111,1.1375330683024039,0.3,
t2,strict,2026-02-11,2026-02-10 18:00:00,2026-02-11,2026-02-12 01:00:00,2026-02-12 07:00:00,1,31.0,48.0,0.27232114744385516,0.0,0.23943151236130183,0.8594692660288934,7.527777777777778,1.5562994253146036,0.13333333333333333,
t2,strict,2026-02-11,2026-02-10 18:00:00,2026-02-11,2026-02-12 02:00:00,2026-02-12 08:00:00,1,32.0,48.0,0.14437529292190765,0.0,0.09382027372846774,0.6057948943508118,6.583333333333333,2.5410214724509497,0.10000000000000002,
t2,strict,2026-02-11,2026-02-10 18:00:00,2026-02-11,2026-02-12 03:00:00,2026-02-12 09:00:00,1,33.0,48.0,0.11046924022083797,0.0,0.06776055614595698,0.457648291123649,5.527777777777779,2.872415639307493,-0.06666666666666668,
t2,strict,2026-02-11,2026-02-10 18:00:00,2026-02-11,2026-02-12 04:00:00,2026-02-12 10:00:00,1,34.0,48.0,0.08536832794904733,0.0,0.04945314016736781,0.3129396574489338,4.5092592592592595,2.500360056376408,0.4000000000000001,
t2,strict,2026-02-11,2026-02-10 18:00:00,2026-02-11,2026-02-12 05:00:00,2026-02-12 11:00:00,1,35.0,48.0,0.07245008463568609,0.0015809601945931118,0.04543010549683825,0.2770018069822551,3.7314814814814814,2.9030546562971495,0.8666666666666667,
t2,strict,2026-02-11,2026-02-10 18:00:00,2026-02-11,2026-02-12 06:00:00,2026-02-12 12:00:00,1,36.0,48.0,0.05796890999532589,0.009480831488559072,0.021249262892035183,0.20595655927000364,2.638888888888889,1.9932370223233595,1.7666666666666668,
t2,strict,2026-02-11,2026-02-10 18:00:00,2026-02-11,2026-02-12 07:00:00,2026-02-12 13:00:00,1,37.0,48.0,0.059135967406908976,0.009818171683072687,0.021280936881281035,0.2055218077890324,2.6296296296296298,1.8860954289426055,2.1999999999999997,
t2,strict,2026-02-11,2026-02-10 18:00:00,2026-02-11,2026-02-12 08:00:00,2026-02-12 14:00:00,1,38.0,48.0,0.06150326902945051,0.009748551101833352,0.023498556638931675,0.20651238054081217,2.564814814814815,1.6123877445214994,2.6999999999999997,
t2,strict,2026-02-11,2026-02-10 18:00:00,2026-02-11,2026-02-12 09:00:00,2026-02-12 15:00:00,1,39.0,48.0,0.061887893114586506,0.00871706467187892,0.028421270685880424,0.23758736032867248,2.5740740740740744,0.913434255936187,2.8333333333333335,
t2,strict,2026-02-11,2026-02-10 18:00:00,2026-02-11,2026-02-12 10:00:00,2026-02-12 16:00:00,1,40.0,48.0,0.08913731521940674,0.0026033596850700003,0.05899166805464421,0.3048912637087844,2.9537037037037037,0.8307057339761809,2.4,
t2,strict,2026-02-11,2026-02-10 18:00:00,2026-02-11,2026-02-12 11:00:00,2026-02-12 17:00:00,1,41.0,48.0,0.14606246905643294,0.0,0.10591044966728234,0.4134957247801257,3.8888888888888893,1.5041095967423206,1.5999999999999999,
t2,strict,2026-02-11,2026-02-10 18:00:00,2026-02-11,2026-02-12 12:00:00,2026-02-12 18:00:00,1,42.0,48.0,0.18268419820844706,0.0,0.1287771529122921,0.4636290852150047,5.037037037037037,1.905631139846393,0.5,
t2,strict,2026-02-11,2026-02-10 18:00:00,2026-02-11,2026-02-12 13:00:00,2026-02-12 19:00:00,1,43.0,48.0,0.21036888276006335,0.0,0.1401257430560208,0.5483515690608235,5.4259259259259265,2.706635270145704,0.1666666666666667,
t2,strict,2026-02-11,2026-02-10 18:00:00,2026-02-11,2026-02-12 14:00:00,2026-02-12 20:00:00,1,44.0,48.0,0.2074395799919036,0.0,0.15533017143153835,0.5219985239091043,5.925925925925927,2.0946605645446326,-0.09999999999999998,
t2,strict,2026-02-11,2026-02-10 18:00:00,2026-02-11,2026-02-12 15:00:00,2026-02-12 21:00:00,1,45.0,48.0,0.21648198882891853,0.0,0.15382801556572454,0.6479359605465882,6.361111111111111,1.4632852434517694,-0.2333333333333333,
t2,strict,2026-02-11,2026-02-10 18:00:00,2026-02-11,2026-02-12 16:00:00,2026-02-12 22:00:00,1,46.0,48.0,0.2276781468379904,0.0,0.1774349340702804,0.7843672842875076,6.75,1.0485881160098263,-0.5333333333333333,
t2,strict,2026-02-11,2026-02-10 18:00:00,2026-02-11,2026-02-12 17:00:00,2026-02-12 23:00:00,1,47.0,48.0,0.1851051948162311,0.0,0.1204011530738571,0.6873451871826752,6.7407407407407405,2.03979190821186,-0.7666666666666666,
t2,strict,2026-02-12,2026-02-11 18:00:00,2026-02-12,2026-02-12 18:00:00,2026-02-13 00:00:00,1,24.0,48.0,0.1946998182031772,0.0004805285711877022,0.10176755938659911,0.6112241338244948,5.537037037037037,2.1581623222208055,-0.23333333333333336,
t2,strict,2026-02-12,2026-02-11 18:00:00,2026-02-12,2026-02-12 19:00:00,2026-02-13 01:00:00,1,25.0,48.0,0.17256082871310524,0.0033262116473944947,0.08834519416089967,0.5465879732801497,5.342592592592593,2.4520609455432454,-0.6666666666666666,
t2,strict,2026-02-12,2026-02-11 18:00:00,2026-02-12,2026-02-12 20:00:00,2026-02-13 02:00:00,1,26.0,48.0,0.11935517548647046,0.009982063427689848,0.0587906712201938,0.47332330725037197,4.601851851851852,2.858862834733232,-1.2999999999999998,
t2,strict,2026-02-12,2026-02-11 18:00:00,2026-02-12,2026-02-12 21:00:00,2026-02-13 03:00:00,1,27.0,48.0,0.11405344450408011,0.013182533046741482,0.04946606424242444,0.39809835144011807,3.6944444444444446,2.7939805225688006,-1.5666666666666667,
t2,strict,2026-02-12,2026-02-11 18:00:00,2026-02-12,2026-02-12 22:00:00,2026-02-13 04:00:00,1,28.0,48.0,0.08376440564116705,0.017862706901426727,0.0344569120707341,0.30189677171645785,3.157407407407407,2.084690915697521,-1.7666666666666666,
t2,strict,2026-02-12,2026-02-11 18:00:00,2026-02-12,2026-02-12 23:00:00,2026-02-13 05:00:00,1,29.0,48.0,0.06331225396612876,0.018325766190289465,0.033250905184409055,0.20924813550922555,2.6666666666666665,2.0367003088692623,-1.9666666666666668,
t2,strict,2026-02-12,2026-02-11 18:00:00,2026-02-12,2026-02-13 00:00:00,2026-02-13 06:00:00,1,30.0,48.0,0.0627356606874401,0.018544244503611036,0.03287552654708732,0.21391078587391055,2.388888888888889,1.3214166546962551,-1.6666666666666667,
t2,strict,2026-02-12,2026-02-11 18:00:00,2026-02-12,2026-02-13 01:00:00,2026-02-13 07:00:00,1,31.0,48.0,0.06122937613455225,0.018024484463412434,0.03246003252138371,0.21385431376508207,2.2870370370370368,1.0338907297931748,-1.6666666666666667,
t2,strict,2026-02-12,2026-02-11 18:00:00,2026-02-12,2026-02-13 02:00:00,2026-02-13 08:00:00,1,32.0,48.0,0.06968820579565144,0.018394717263707144,0.031631069087827694,0.22940999546461716,2.5462962962962963,0.6250514382125064,-1.6000000000000003,
t2,strict,2026-02-12,2026-02-11 18:00:00,2026-02-12,2026-02-13 03:00:00,2026-02-13 09:00:00,1,33.0,48.0,0.07286710867975518,0.01718600144557947,0.03198933712594441,0.23058246259225304,2.7962962962962963,0.11226255234242752,-1.3666666666666665,
t2,strict,2026-02-12,2026-02-11 18:00:00,2026-02-12,2026-02-13 04:00:00,2026-02-13 10:00:00,1,34.0,48.0,0.07370270398689639,0.015534478843355074,0.03836983740922182,0.24327326760850987,3.3333333333333335,0.847563683466242,-1.0999999999999999,
t2,strict,2026-02-12,2026-02-11 18:00:00,2026-02-12,2026-02-13 05:00:00,2026-02-13 11:00:00,1,35.0,48.0,0.06622605387784698,0.01712205616951923,0.033188499682169595,0.20841391421934247,3.1944444444444446,1.6146990699259578,-0.7666666666666666,
t2,strict,2026-02-12,2026-02-11 18:00:00,2026-02-12,2026-02-13 06:00:00,2026-02-13 12:00:00,1,36.0,48.0,0.06485296631098221,0.01837878983750703,0.0323165290762314,0.22311908321320423,2.6296296296296298,1.725877244584471,0.19999999999999996,
t2,strict,2026-02-12,2026-02-11 18:00:00,2026-02-12,2026-02-13 07:00:00,2026-02-13 13:00:00,1,37.0,48.0,0.06927477359211907,0.018455858613258373,0.03469537712609094,0.22341725989600067,2.2962962962962963,1.386201102994218,0.9333333333333332,
t2,strict,2026-02-12,2026-02-11 18:00:00,2026-02-12,2026-02-13 08:00:00,2026-02-13 14:00:00,1,38.0,48.0,0.07020535332192956,0.018665643986747527,0.03383350221620822,0.22200760700506345,1.8240740740740742,1.549176736099139,1.6333333333333335,
t2,strict,2026-02-12,2026-02-11 18:00:00,2026-02-12,2026-02-13 09:00:00,2026-02-13 15:00:00,1,39.0,48.0,0.0671921070641627,0.019087228071615427,0.03498035201417604,0.2176416775155439,1.287037037037037,1.236761169062326,2.0666666666666664,
t2,strict,2026-02-12,2026-02-11 18:00:00,2026-02-12,2026-02-13 10:00:00,2026-02-13 16:00:00,1,40.0,48.0,0.06801771518727753,0.01825737975681008,0.03428667219234266,0.22325663918031777,1.1296296296296298,0.06990587440065506,2.1,
t2,strict,2026-02-12,2026-02-11 18:00:00,2026-02-12,2026-02-13 11:00:00,2026-02-13 17:00:00,1,41.0,48.0,0.073820552853052,0.017977625137340147,0.03382482704690429,0.2290773453188171,1.2314814814814816,1.028278156472357,1.7666666666666668,
t2,strict,2026-02-12,2026-02-11 18:00:00,2026-02-12,2026-02-13 12:00:00,2026-02-13 18:00:00,1,42.0,48.0,0.07744099184595218,0.017921264800117208,0.03430159288928125,0.23841471226027514,1.6203703703703705,1.7225208821086646,0.6,
t2,strict,2026-02-12,2026-02-11 18:00:00,2026-02-12,2026-02-13 13:00:00,2026-02-13 19:00:00,1,43.0,48.0,0.10964749045662486,0.013513610416484516,0.05534555312050849,0.3437649680206205,2.3703703703703702,2.488605721325496,0.5,
t2,strict,2026-02-12,2026-02-11 18:00:00,2026-02-12,2026-02-13 14:00:00,2026-02-13 20:00:00,1,44.0,48.0,0.15456240574547345,0.00919289076173438,0.07926872932025289,0.5577914801925661,2.9722222222222228,3.5126534938563516,0.5666666666666668,
t2,strict,2026-02-12,2026-02-11 18:00:00,2026-02-12,2026-02-13 15:00:00,2026-02-13 21:00:00,1,45.0,48.0,0.27909267523877557,0.0,0.16869945444341317,0.8110902011158108,3.657407407407407,4.341901548112064,0.7333333333333334,
t2,strict,2026-02-12,2026-02-11 18:00:00,2026-02-12,2026-02-13 16:00:00,2026-02-13 22:00:00,1,46.0,48.0,0.3571185731272021,0.013334921903943198,0.2733191348883015,0.9296445655595609,5.111111111111111,4.065531869597882,0.7999999999999999,
t2,strict,2026-02-12,2026-02-11 18:00:00,2026-02-12,2026-02-13 17:00:00,2026-02-13 23:00:00,1,47.0,48.0,0.4482196809684584,0.01559854548799966,0.40715615493035634,0.9867891518048564,7.0,3.27742465141138,0.9333333333333332,
t2,strict,2026-02-13,2026-02-12 18:00:00,2026-02-13,2026-02-13 18:00:00,2026-02-14 00:00:00,1,24.0,48.0,0.651317515948937,0.27880297854069036,0.670339040595246,0.9710996941439753,9.0,2.1061711208074856,0.6,
t2,strict,2026-02-13,2026-02-12 18:00:00,2026-02-13,2026-02-13 19:00:00,2026-02-14 01:00:00,1,25.0,48.0,0.6814717156228914,0.3428574765819217,0.7102821995358577,0.9692197738966469,9.972222222222223,1.5774745405000763,0.6,
t2,strict,2026-02-13,2026-02-12 18:00:00,2026-02-13,2026-02-13 20:00:00,2026-02-14 02:00:00,1,26.0,48.0,0.7466293674978015,0.3994030953441873,0.7703078909210527,0.9586698850544653,10.703703703703704,1.1667768907367013,0.5333333333333333,
t2,strict,2026-02-13,2026-02-12 18:00:00,2026-02-13,2026-02-13 21:00:00,2026-02-14 03:00:00,1,27.0,48.0,0.7060865619723505,0.38467550625606345,0.7626728047956529,0.9600167388857901,10.898148148148147,1.3071306495448052,0.4000000000000001,
t2,strict,2026-02-13,2026-02-12 18:00:00,2026-02-13,2026-02-13 22:00:00,2026-02-14 04:00:00,1,28.0,48.0,0.7223626319135142,0.3594722534713224,0.743605382934055,0.9576337342553277,11.037037037037038,1.1133080133145048,0.43333333333333335,
t2,strict,2026-02-13,2026-02-12 18:00:00,2026-02-13,2026-02-13 23:00:00,2026-02-14 05:00:00,1,29.0,48.0,0.6396259229635998,0.2541482327895632,0.6993039344689774,0.9642725292871508,10.583333333333334,1.4356032843802833,0.3666666666666667,
t2,strict,2026-02-13,2026-02-12 18:00:00,2026-02-13,2026-02-14 00:00:00,2026-02-14 06:00:00,1,30.0,48.0,0.585549120496046,0.21176040152049952,0.6302095435240459,0.9690374639848243,9.916666666666666,1.0610238474880151,0.3333333333333333,
t2,strict,2026-02-13,2026-02-12 18:00:00,2026-02-13,2026-02-14 01:00:00,2026-02-14 07:00:00,1,31.0,48.0,0.39409597161524745,0.04861621496795615,0.35922743564752513,0.9234771007077576,9.074074074074074,2.105316120462243,0.39999999999999997,
t2,strict,2026-02-13,2026-02-12 18:00:00,2026-02-13,2026-02-14 02:00:00,2026-02-14 08:00:00,1,32.0,48.0,0.148506487115657,0.0,0.12673091934696165,0.7529168468138661,7.648148148148148,3.126244608119179,0.26666666666666666,
t2,strict,2026-02-13,2026-02-12 18:00:00,2026-02-13,2026-02-14 03:00:00,2026-02-14 09:00:00,1,33.0,48.0,0.144604575885512,0.0,0.11721012779113571,0.7027855807258176,6.796296296296298,3.9661310458998997,0.8666666666666666,
t2,strict,2026-02-13,2026-02-12 18:00:00,2026-02-13,2026-02-14 04:00:00,2026-02-14 10:00:00,1,34.0,48.0,0.19065581786143737,0.0,0.1520756329524965,0.740042912912691,6.6759259259259265,4.518338262949801,2.0,
t2,strict,2026-02-13,2026-02-12 18:00:00,2026-02-13,2026-02-14 05:00:00,2026-02-14 11:00:00,1,35.0,48.0,0.19662399016050922,0.0,0.16745410148032389,0.7623270362676107,6.851851851851852,4.347229617790419,3.233333333333333,
t2,strict,2026-02-13,2026-02-12 18:00:00,2026-02-13,2026-02-14 06:00:00,2026-02-14 12:00:00,1,36.0,48.0,0.2109029507753374,0.0,0.16668608863054277,0.900517766671314,7.4259259259259265,4.446382679217023,4.066666666666667,
t2,strict,2026-02-13,2026-02-12 18:00:00,2026-02-13,2026-02-14 07:00:00,2026-02-14 13:00:00,1,37.0,48.0,0.20479413623698187,0.0,0.1380583284936006,0.8955068525294394,6.4907407407407405,5.193800712736426,5.066666666666666,
t2,strict,2026-02-13,2026-02-12 18:00:00,2026-02-13,2026-02-14 08:00:00,2026-02-14 14:00:00,1,38.0,48.0,0.18026655312177722,0.0,0.12027279555675388,0.8158619567169865,6.898148148148148,4.003888285052039,5.5,
t2,strict,2026-02-13,2026-02-12 18:00:00,2026-02-13,2026-02-14 09:00:00,2026-02-14 15:00:00,1,39.0,48.0,0.16767004811569278,0.0,0.09717052075731986,0.6451019726452021,6.5092592592592595,2.2500571551954165,5.366666666666667,
t2,strict,2026-02-13,2026-02-12 18:00:00,2026-02-13,2026-02-14 10:00:00,2026-02-14 16:00:00,1,40.0,48.0,0.14414873427341585,0.0,0.11893634334853073,0.6909577525956263,5.388888888888889,4.516430908156146,5.066666666666666,
t2,strict,2026-02-13,2026-02-12 18:00:00,2026-02-13,2026-02-14 11:00:00,2026-02-14 17:00:00,1,41.0,48.0,0.24415110911731805,0.0,0.18234805856101918,0.7269139422073263,6.981481481481482,1.2745530968570193,3.966666666666667,
t2,strict,2026-02-13,2026-02-12 18:00:00,2026-02-13,2026-02-14 12:00:00,2026-02-14 18:00:00,1,42.0,48.0,0.29658518574685055,0.0,0.23884344479624567,0.837602926619489,7.472222222222222,2.213350345762374,2.0,
t2,strict,2026-02-13,2026-02-12 18:00:00,2026-02-13,2026-02-14 13:00:00,2026-02-14 19:00:00,1,43.0,48.0,0.24076230644525257,0.0,0.136489691601805,0.8294144658889339,6.907407407407408,2.342135074631464,1.3333333333333333,
t2,strict,2026-02-13,2026-02-12 18:00:00,2026-02-13,2026-02-14 14:00:00,2026-02-14 20:00:00,1,44.0,48.0,0.1696685252193288,0.0,0.07853327318356437,0.663085581930029,5.648148148148149,2.3401575691734244,0.9666666666666667,
t2,strict,2026-02-13,2026-02-12 18:00:00,2026-02-13,2026-02-14 15:00:00,2026-02-14 21:00:00,1,45.0,48.0,0.07814873203668912,0.0,0.03380295005050621,0.30658574359584695,3.5740740740740744,2.7444294496516446,0.9333333333333332,
t2,strict,2026-02-13,2026-02-12 18:00:00,2026-02-13,2026-02-14 16:00:00,2026-02-14 22:00:00,1,46.0,48.0,0.07393371393058369,0.0,0.017756412983733122,0.33062792801557317,4.657407407407407,2.417198749428496,0.7333333333333334,
t2,strict,2026-02-13,2026-02-12 18:00:00,2026-02-13,2026-02-14 17:00:00,2026-02-14 23:00:00,1,47.0,48.0,0.04094433600009094,0.0,0.0009548649775380572,0.28724621099184255,3.8981481481481484,2.1293679388330338,0.7666666666666666,
t2,strict,2026-02-14,2026-02-13 18:00:00,2026-02-14,2026-02-14 18:00:00,2026-02-15 00:00:00,1,24.0,48.0,0.0,0.0,0.0,0.19306332701485918,3.7777777777777786,1.3768926368215255,0.7000000000000001,
t2,strict,2026-02-14,2026-02-13 18:00:00,2026-02-14,2026-02-14 19:00:00,2026-02-15 01:00:00,1,25.0,48.0,0.0,0.0,0.0,0.11914845508509796,2.7870370370370368,1.2681805443248666,0.6,
t2,strict,2026-02-14,2026-02-13 18:00:00,2026-02-14,2026-02-14 20:00:00,2026-02-15 02:00:00,1,26.0,48.0,0.0,0.0,0.0,0.12444791473329127,1.777777777777778,0.9887484294754272,0.2666666666666666,
t2,strict,2026-02-14,2026-02-13 18:00:00,2026-02-14,2026-02-14 21:00:00,2026-02-15 03:00:00,1,27.0,48.0,0.0,0.0,0.0,0.12905667219493788,1.3888888888888886,0.8347210667398177,-0.16666666666666666,
t2,strict,2026-02-14,2026-02-13 18:00:00,2026-02-14,2026-02-14 22:00:00,2026-02-15 04:00:00,1,28.0,48.0,0.0,0.0,0.0,0.16759288204484596,1.5277777777777777,0.43390275977259185,-0.4666666666666666,
t2,strict,2026-02-14,2026-02-13 18:00:00,2026-02-14,2026-02-14 23:00:00,2026-02-15 05:00:00,1,29.0,48.0,0.003951425682268736,0.0,0.0,0.2352583285753181,2.111111111111111,1.7012613330869513,-0.5666666666666667,
t2,strict,2026-02-14,2026-02-13 18:00:00,2026-02-14,2026-02-15 00:00:00,2026-02-15 06:00:00,1,30.0,48.0,0.10184465615525541,0.0,0.04087928126922494,0.3885759605069564,3.5833333333333335,1.8316490579816154,0.13333333333333336,
t2,strict,2026-02-14,2026-02-13 18:00:00,2026-02-14,2026-02-15 01:00:00,2026-02-15 07:00:00,1,31.0,48.0,0.1878882184897066,0.0,0.14430100122553652,0.6976624605896813,4.740740740740741,2.138046972348147,0.1666666666666667,
t2,strict,2026-02-14,2026-02-13 18:00:00,2026-02-14,2026-02-15 02:00:00,2026-02-15 08:00:00,1,32.0,48.0,0.2716950188200691,0.0,0.24466925025594244,0.7916348321442606,6.435185185185186,1.9183433353452075,0.7000000000000001,
t2,strict,2026-02-14,2026-02-13 18:00:00,2026-02-14,2026-02-15 03:00:00,2026-02-15 09:00:00,1,33.0,48.0,0.4398963099462764,0.0019286500259476647,0.3615811271340765,0.966354519119075,7.814814814814814,1.940935988199524,1.4000000000000001,
t2,strict,2026-02-14,2026-02-13 18:00:00,2026-02-14,2026-02-15 04:00:00,2026-02-15 10:00:00,1,34.0,48.0,0.6500598166223189,0.05111440823858393,0.5887551110299161,0.9730672069733208,9.12037037037037,2.110075281944521,2.466666666666667,
t2,strict,2026-02-14,2026-02-13 18:00:00,2026-02-14,2026-02-15 05:00:00,2026-02-15 11:00:00,1,35.0,48.0,0.7337753564232989,0.22274139480853739,0.7648263409285009,0.9372484193969803,10.453703703703704,1.8852770478964367,3.533333333333333,
t2,strict,2026-02-14,2026-02-13 18:00:00,2026-02-14,2026-02-15 06:00:00,2026-02-15 12:00:00,1,36.0,48.0,0.7848027291186312,0.440629589906244,0.8269457401867165,0.930840333897906,11.342592592592593,1.2239045660635777,3.9666666666666663,
t2,strict,2026-02-14,2026-02-13 18:00:00,2026-02-14,2026-02-15 07:00:00,2026-02-15 13:00:00,1,37.0,48.0,0.8140884552328815,0.48904146041943297,0.8711019962619507,0.9194636348933436,11.620370370370372,1.3923105998965744,4.933333333333333,
t2,strict,2026-02-14,2026-02-13 18:00:00,2026-02-14,2026-02-15 08:00:00,2026-02-15 14:00:00,1,38.0,48.0,0.812110609548683,0.4931787829298717,0.8836348120713858,0.9151916051289485,11.777777777777777,1.2363451713482165,5.733333333333333,
t2,strict,2026-02-14,2026-02-13 18:00:00,2026-02-14,2026-02-15 09:00:00,2026-02-15 15:00:00,1,39.0,48.0,0.8306040574778489,0.5848183493305299,0.888531355361899,0.9120377152756367,11.712962962962962,1.2074017268668917,6.266666666666667,
t2,strict,2026-02-14,2026-02-13 18:00:00,2026-02-14,2026-02-15 10:00:00,2026-02-15 16:00:00,1,40.0,48.0,0.8401477824400684,0.5874586401186667,0.8907293052668765,0.9113666361704387,11.462962962962964,1.0607814108694067,6.333333333333333,
t2,strict,2026-02-14,2026-02-13 18:00:00,2026-02-14,2026-02-15 11:00:00,2026-02-15 17:00:00,1,41.0,48.0,0.7999369053151704,0.5597809113952891,0.8298577843450008,0.9248442900433583,11.268518518518519,0.9531192024042804,5.900000000000001,
t2,strict,2026-02-14,2026-02-13 18:00:00,2026-02-14,2026-02-15 12:00:00,2026-02-15 18:00:00,1,42.0,48.0,0.7926482850426841,0.4907717592947299,0.8217956949531048,0.9268906780428213,11.907407407407407,0.7858378663969912,5.0,
t2,strict,2026-02-14,2026-02-13 18:00:00,2026-02-14,2026-02-15 13:00:00,2026-02-15 19:00:00,1,43.0,48.0,0.7965417653256142,0.5051132449888291,0.820088844463698,0.9292266476298258,12.064814814814815,0.9429454334875265,4.066666666666666,
t2,strict,2026-02-14,2026-02-13 18:00:00,2026-02-14,2026-02-15 14:00:00,2026-02-15 20:00:00,1,44.0,48.0,0.8107328585160942,0.5291356729221683,0.8432629681894274,0.9246627518340911,12.222222222222223,1.0289032876362294,3.5,
t2,strict,2026-02-14,2026-02-13 18:00:00,2026-02-14,2026-02-15 15:00:00,2026-02-15 21:00:00,1,45.0,48.0,0.7979947171644596,0.5396818451959857,0.8328723569733415,0.9278525148779978,12.25925925925926,1.0578678377471917,3.233333333333333,
t2,strict,2026-02-14,2026-02-13 18:00:00,2026-02-14,2026-02-15 16:00:00,2026-02-15 22:00:00,1,46.0,48.0,0.795160529278116,0.5276167154715283,0.8300335636418043,0.9283764750464555,12.046296296296296,1.1608098138232263,2.966666666666667,
t2,strict,2026-02-14,2026-02-13 18:00:00,2026-02-14,2026-02-15 17:00:00,2026-02-15 23:00:00,1,47.0,48.0,0.7847096978825983,0.5138089932303388,0.8299230526093663,0.9284788738523757,11.842592592592593,1.4170297283503988,2.9,
t2,strict,2026-02-15,2026-02-14 18:00:00,2026-02-15,2026-02-15 18:00:00,2026-02-16 00:00:00,1,24.0,48.0,0.7893501430958616,0.5050612231615841,0.8166850287772638,0.9700398678090948,11.074074074074076,0.7094671390552045,2.5,
t2,strict,2026-02-15,2026-02-14 18:00:00,2026-02-15,2026-02-15 19:00:00,2026-02-16 01:00:00,1,25.0,48.0,0.7741770221145311,0.4646142890177223,0.8032943062867985,0.9695391974995937,10.981481481481481,0.8246460769708266,2.433333333333333,
t2,strict,2026-02-15,2026-02-14 18:00:00,2026-02-15,2026-02-15 20:00:00,2026-02-16 02:00:00,1,26.0,48.0,0.7539084429024044,0.4680425278621048,0.7851206189808735,0.9671240908710892,10.870370370370372,0.7877991952372517,2.3333333333333335,
t2,strict,2026-02-15,2026-02-14 18:00:00,2026-02-15,2026-02-15 21:00:00,2026-02-16 03:00:00,1,27.0,48.0,0.7217221873147224,0.42872867790670477,0.7648834487588982,0.9605281205104884,10.75,0.9477067838462213,2.2333333333333334,
t2,strict,2026-02-15,2026-02-14 18:00:00,2026-02-15,2026-02-15 22:00:00,2026-02-16 04:00:00,1,28.0,48.0,0.693825191150544,0.4310163467741547,0.7292220003898574,0.9672151735479664,10.5,1.5585289043450603,2.1333333333333333,
t2,strict,2026-02-15,2026-02-14 18:00:00,2026-02-15,2026-02-15 23:00:00,2026-02-16 05:00:00,1,29.0,48.0,0.6408725961889095,0.3193381558356764,0.6629536321160129,0.9548343994481665,9.611111111111112,2.6011927463576594,2.2,
t2,strict,2026-02-15,2026-02-14 18:00:00,2026-02-15,2026-02-16 00:00:00,2026-02-16 06:00:00,1,30.0,48.0,0.6212362379560524,0.3614436629027818,0.6804903588162758,0.9579616913255993,10.63888888888889,1.688057178248722,2.3666666666666667,
t2,strict,2026-02-15,2026-02-14 18:00:00,2026-02-15,2026-02-16 01:00:00,2026-02-16 07:00:00,1,31.0,48.0,0.6016451321002672,0.3501777217197424,0.6069130447545081,0.957132163534161,9.833333333333334,2.3966282900136666,2.266666666666667,
t2,strict,2026-02-15,2026-02-14 18:00:00,2026-02-15,2026-02-16 02:00:00,2026-02-16 08:00:00,1,32.0,48.0,0.6178621570987726,0.36029930091383267,0.6088172411046143,0.9551022571823107,9.888888888888888,2.2858934012712204,2.4,
t2,strict,2026-02-15,2026-02-14 18:00:00,2026-02-15,2026-02-16 03:00:00,2026-02-16 09:00:00,1,33.0,48.0,0.6147603693082068,0.3531048228607905,0.5861886695214703,0.9448372074217068,9.925925925925926,2.6135233144600676,2.766666666666667,
t2,strict,2026-02-15,2026-02-14 18:00:00,2026-02-15,2026-02-16 04:00:00,2026-02-16 10:00:00,1,34.0,48.0,0.7841139039523999,0.46265874052633515,0.7620378906240792,0.9633390153616924,10.212962962962962,0.8683980805698787,3.366666666666667,
t2,strict,2026-02-15,2026-02-14 18:00:00,2026-02-15,2026-02-16 05:00:00,2026-02-16 11:00:00,1,35.0,48.0,0.7693528602421227,0.4429354040675663,0.7448379891998993,0.9615621178733315,10.175925925925926,1.4224645337561987,3.9,
t2,strict,2026-02-15,2026-02-14 18:00:00,2026-02-15,2026-02-16 06:00:00,2026-02-16 12:00:00,1,36.0,48.0,0.7118982671601767,0.40518657374187006,0.7476957099861451,0.9568556769929957,9.5,0.4589642122738425,4.466666666666666,
t2,strict,2026-02-15,2026-02-14 18:00:00,2026-02-15,2026-02-16 07:00:00,2026-02-16 13:00:00,1,37.0,48.0,0.6707339922509176,0.338910007789519,0.686519947326687,0.9347629421100004,9.111111111111112,0.30555555555555536,5.400000000000001,
t2,strict,2026-02-15,2026-02-14 18:00:00,2026-02-15,2026-02-16 08:00:00,2026-02-16 14:00:00,1,38.0,48.0,0.6576764329313035,0.3353550756734819,0.6837066317920487,0.9462789315461457,8.842592592592593,0.6587102374752745,6.733333333333333,
t2,strict,2026-02-15,2026-02-14 18:00:00,2026-02-15,2026-02-16 09:00:00,2026-02-16 15:00:00,1,39.0,48.0,0.6744604654019047,0.3301578860827876,0.6624457046869603,0.9559145334918802,9.092592592592593,1.4835344571652895,7.566666666666666,
t2,strict,2026-02-15,2026-02-14 18:00:00,2026-02-15,2026-02-16 10:00:00,2026-02-16 16:00:00,1,40.0,48.0,0.7191623318844809,0.45157676971867006,0.7661232366566871,0.9698627314606927,9.675925925925926,1.532148629822941,7.5,
t2,strict,2026-02-15,2026-02-14 18:00:00,2026-02-15,2026-02-16 11:00:00,2026-02-16 17:00:00,1,41.0,48.0,0.8280059147748997,0.5015308187136738,0.8677831119130672,0.9702546645017229,10.574074074074074,1.762375407848537,6.8,
t2,strict,2026-02-15,2026-02-14 18:00:00,2026-02-15,2026-02-16 12:00:00,2026-02-16 18:00:00,1,42.0,48.0,0.8276666059529524,0.529975540680752,0.8683898252890959,0.9717061327760547,11.314814814814815,1.298840096666183,5.333333333333333,
t2,strict,2026-02-15,2026-02-14 18:00:00,2026-02-15,2026-02-16 13:00:00,2026-02-16 19:00:00,1,43.0,48.0,0.8224240701887453,0.5542570539139582,0.8581681754170752,0.972137060294884,12.027777777777779,2.245881003410795,4.366666666666666,
t2,strict,2026-02-15,2026-02-14 18:00:00,2026-02-15,2026-02-16 14:00:00,2026-02-16 20:00:00,1,44.0,48.0,0.7792105865453441,0.54171942147308,0.8236772913249232,0.9721089920760202,11.953703703703704,2.788359474614201,3.9333333333333336,
t2,strict,2026-02-15,2026-02-14 18:00:00,2026-02-15,2026-02-16 15:00:00,2026-02-16 21:00:00,1,45.0,48.0,0.7744967821978832,0.5394283646604161,0.8285832301862716,0.9716303718045706,11.75,2.677207177564886,3.6999999999999997,
t2,strict,2026-02-15,2026-02-14 18:00:00,2026-02-15,2026-02-16 16:00:00,2026-02-16 22:00:00,1,46.0,48.0,0.7619966688213272,0.5671412190269254,0.8240298556334926,0.9729545643574561,11.722222222222221,2.5087808755412415,3.266666666666667,
t2,strict,2026-02-15,2026-02-14 18:00:00,2026-02-15,2026-02-16 17:00:00,2026-02-16 23:00:00,1,47.0,48.0,0.7519629433594273,0.5576165600809007,0.8191139296430227,0.9677827182382999,11.75,2.0632364005233246,3.4666666666666663,
t2,strict,2026-02-16,2026-02-15 18:00:00,2026-02-16,2026-02-16 18:00:00,2026-02-17 00:00:00,1,24.0,48.0,0.7651348445812798,0.5692873976635402,0.8007251965982966,0.9680863433453686,11.250000000000002,1.7605502086100917,3.3000000000000003,
t2,strict,2026-02-16,2026-02-15 18:00:00,2026-02-16,2026-02-16 19:00:00,2026-02-17 01:00:00,1,25.0,48.0,0.7547821126983902,0.5134364312815469,0.7737707304557087,0.9674369901227182,11.49074074074074,1.6796561719492105,3.1999999999999997,
t2,strict,2026-02-16,2026-02-15 18:00:00,2026-02-16,2026-02-16 20:00:00,2026-02-17 02:00:00,1,26.0,48.0,0.7480655740296538,0.5159611858128799,0.7704047380833323,0.9659663698511423,11.398148148148147,1.5865788698605774,3.033333333333333,
t2,strict,2026-02-16,2026-02-15 18:00:00,2026-02-16,2026-02-16 21:00:00,2026-02-17 03:00:00,1,27.0,48.0,0.7087680041939344,0.43612030591601914,0.728583637837243,0.9581618075453465,11.018518518518519,1.0279028952872535,3.266666666666667,
t2,strict,2026-02-16,2026-02-15 18:00:00,2026-02-16,2026-02-16 22:00:00,2026-02-17 04:00:00,1,28.0,48.0,0.6787949597321208,0.38789303874248576,0.6775404382261448,0.9539840290551886,10.972222222222221,1.2143051663552447,3.133333333333333,
t2,strict,2026-02-16,2026-02-15 18:00:00,2026-02-16,2026-02-16 23:00:00,2026-02-17 05:00:00,1,29.0,48.0,0.5554002487306698,0.21738327167623145,0.5613492168418329,0.8967510141473695,10.314814814814815,1.0585969828109574,3.4333333333333336,
t2,strict,2026-02-16,2026-02-15 18:00:00,2026-02-16,2026-02-17 00:00:00,2026-02-17 06:00:00,1,30.0,48.0,0.2766368845028399,0.054534921140106135,0.24593795232515084,0.6498240243009317,7.203703703703705,2.7940265500062664,3.6,
t2,strict,2026-02-16,2026-02-15 18:00:00,2026-02-16,2026-02-17 01:00:00,2026-02-17 07:00:00,1,31.0,48.0,0.20422735476027445,0.025877740667751115,0.11824411389092343,0.5699079797417144,6.314814814814814,2.5086783528761316,3.2000000000000006,
t2,strict,2026-02-16,2026-02-15 18:00:00,2026-02-16,2026-02-17 02:00:00,2026-02-17 08:00:00,1,32.0,48.0,0.21728306182892007,0.032622429770705966,0.11869685344756456,0.5414514808406039,5.861111111111112,2.0485993408324767,2.8666666666666667,
t2,strict,2026-02-16,2026-02-15 18:00:00,2026-02-16,2026-02-17 03:00:00,2026-02-17 09:00:00,1,33.0,48.0,0.16716947319737196,0.023373020385623555,0.10523024058454952,0.47891738264217787,5.638888888888888,1.752643506038595,3.133333333333333,
t2,strict,2026-02-16,2026-02-15 18:00:00,2026-02-16,2026-02-17 04:00:00,2026-02-17 10:00:00,1,34.0,48.0,0.1845011928314585,0.026308036855494946,0.11132214495384987,0.48684502449259226,5.416666666666667,1.044163673845139,3.7999999999999994,
t2,strict,2026-02-16,2026-02-15 18:00:00,2026-02-16,2026-02-17 05:00:00,2026-02-17 11:00:00,1,35.0,48.0,0.2543211563478878,0.02862953703362109,0.16515890358081495,0.5861919136259225,5.851851851851852,1.1112268458243162,4.666666666666667,
t2,strict,2026-02-16,2026-02-15 18:00:00,2026-02-16,2026-02-17 06:00:00,2026-02-17 12:00:00,1,36.0,48.0,0.2898198082934881,0.0581881128786772,0.21198117851717438,0.7192632900542333,6.583333333333333,1.0095989914103471,7.1000000000000005,
t2,strict,2026-02-16,2026-02-15 18:00:00,2026-02-16,2026-02-17 07:00:00,2026-02-17 13:00:00,1,37.0,48.0,0.3298170268990019,0.06768203264980913,0.28077033164387694,0.7496126505240683,6.851851851851852,1.194875030054842,7.766666666666666,
t2,strict,2026-02-16,2026-02-15 18:00:00,2026-02-16,2026-02-17 08:00:00,2026-02-17 14:00:00,1,38.0,48.0,0.34489386226540053,0.06592486508848633,0.34170286057786964,0.8044106661717217,7.027777777777779,1.3184938095895347,8.4,
t2,strict,2026-02-16,2026-02-15 18:00:00,2026-02-16,2026-02-17 09:00:00,2026-02-17 15:00:00,1,39.0,48.0,0.41786565842764095,0.09195275271315628,0.4498805522356322,0.8292489235843052,7.268518518518519,1.2326992030105646,8.666666666666666,
t2,strict,2026-02-16,2026-02-15 18:00:00,2026-02-16,2026-02-17 10:00:00,2026-02-17 16:00:00,1,40.0,48.0,0.5086913064911343,0.1366091913978547,0.5378582981570005,0.8715813280993587,7.4907407407407405,1.1945521053977879,8.666666666666666,
t2,strict,2026-02-16,2026-02-15 18:00:00,2026-02-16,2026-02-17 11:00:00,2026-02-17 17:00:00,1,41.0,48.0,0.5888748850141952,0.14904702839767653,0.5777965596292169,0.9091851300171652,7.796296296296297,1.3197611705627277,8.366666666666667,
t2,strict,2026-02-16,2026-02-15 18:00:00,2026-02-16,2026-02-17 12:00:00,2026-02-17 18:00:00,1,42.0,48.0,0.6265991441941011,0.1931525367076526,0.596607764255889,0.9510253358942162,8.481481481481481,1.4211077809592352,7.166666666666667,
t2,strict,2026-02-16,2026-02-15 18:00:00,2026-02-16,2026-02-17 13:00:00,2026-02-17 19:00:00,1,43.0,48.0,0.6809867243571782,0.3008414401997153,0.6738491159030815,0.9609291014278498,9.222222222222223,1.3768926368215255,6.433333333333333,
t2,strict,2026-02-16,2026-02-15 18:00:00,2026-02-16,2026-02-17 14:00:00,2026-02-17 20:00:00,1,44.0,48.0,0.7345416399515347,0.39500510505638886,0.7156023840836602,0.9703225120327903,10.0,1.4095682729294743,5.900000000000001,
t2,strict,2026-02-16,2026-02-15 18:00:00,2026-02-16,2026-02-17 15:00:00,2026-02-17 21:00:00,1,45.0,48.0,0.7166118868908453,0.4471149992733406,0.7788496355049067,0.9715217956211379,10.75925925925926,1.392864679881324,5.533333333333334,
t2,strict,2026-02-16,2026-02-15 18:00:00,2026-02-16,2026-02-17 16:00:00,2026-02-17 22:00:00,1,46.0,48.0,0.6913580408103611,0.4492229767852352,0.7441342722685245,0.9628545322610993,11.287037037037038,1.547681792243208,5.266666666666667,
t2,strict,2026-02-16,2026-02-15 18:00:00,2026-02-16,2026-02-17 17:00:00,2026-02-17 23:00:00,1,47.0,48.0,0.6973167977290718,0.4499695782756916,0.7566897735158776,0.9646420046350078,11.537037037037038,1.716238110236691,4.666666666666667,
t2,strict,2026-02-17,2026-02-16 18:00:00,2026-02-17,2026-02-17 18:00:00,2026-02-18 00:00:00,1,24.0,48.0,0.7413914807276266,0.5458955874189364,0.8299404887619796,0.96908005369082,11.472222222222223,2.1657761702800893,4.066666666666666,
t2,strict,2026-02-17,2026-02-16 18:00:00,2026-02-17,2026-02-17 19:00:00,2026-02-18 01:00:00,1,25.0,48.0,0.7563025078582378,0.5371157217910434,0.8351606207463277,0.9693465818319623,11.5,2.0485993408324776,3.6666666666666665,
t2,strict,2026-02-17,2026-02-16 18:00:00,2026-02-17,2026-02-17 20:00:00,2026-02-18 02:00:00,1,26.0,48.0,0.7551675077295412,0.5361656293981774,0.8354958978934373,0.9690905706124494,11.666666666666666,1.8055555555555556,3.3333333333333335,
t2,strict,2026-02-17,2026-02-16 18:00:00,2026-02-17,2026-02-17 21:00:00,2026-02-18 03:00:00,1,27.0,48.0,0.7734600767543052,0.5507139769139682,0.8703355391739033,0.9710487877268121,12.037037037037038,1.3089003646607527,3.1999999999999997,
t2,strict,2026-02-17,2026-02-16 18:00:00,2026-02-17,2026-02-17 22:00:00,2026-02-18 04:00:00,1,28.0,48.0,0.7709366902633569,0.5473086210318123,0.8691220299102922,0.9708608373361478,11.916666666666666,0.9464847243000456,3.033333333333333,
t2,strict,2026-02-17,2026-02-16 18:00:00,2026-02-17,2026-02-17 23:00:00,2026-02-18 05:00:00,1,29.0,48.0,0.8507765474727133,0.6423500323323859,0.9118925146608946,0.9730862447843538,12.101851851851853,0.8829372510549167,2.8333333333333335,
t2,strict,2026-02-17,2026-02-16 18:00:00,2026-02-17,2026-02-18 00:00:00,2026-02-18 06:00:00,1,30.0,48.0,0.7630189895044477,0.5432010017759753,0.8657512610262131,0.9707924319405934,12.083333333333334,0.8475636834662423,2.6,
t2,strict,2026-02-17,2026-02-16 18:00:00,2026-02-17,2026-02-18 01:00:00,2026-02-18 07:00:00,1,31.0,48.0,0.7924734809105992,0.5251479240653159,0.8800455032928812,0.9710388001695662,12.083333333333334,0.53214566835189,2.766666666666667,
t2,strict,2026-02-17,2026-02-16 18:00:00,2026-02-17,2026-02-18 02:00:00,2026-02-18 08:00:00,1,32.0,48.0,0.7894998471447154,0.5718575651438099,0.8921350793528215,0.9718806910910734,12.203703703703704,1.029777833724962,2.733333333333333,
t2,strict,2026-02-17,2026-02-16 18:00:00,2026-02-17,2026-02-18 03:00:00,2026-02-18 09:00:00,1,33.0,48.0,0.8989324598115003,0.7356597855895769,0.9571856800185682,0.9755953476513839,12.324074074074076,0.3072344448710556,4.066666666666666,
t2,strict,2026-02-17,2026-02-16 18:00:00,2026-02-17,2026-02-18 04:00:00,2026-02-18 10:00:00,1,34.0,48.0,0.9124219545230013,0.7567960107007554,0.9559521355150912,0.9732666837657759,12.75925925925926,0.6176002276167517,6.033333333333334,
t2,strict,2026-02-17,2026-02-16 18:00:00,2026-02-17,2026-02-18 05:00:00,2026-02-18 11:00:00,1,35.0,48.0,0.9181627673095308,0.7474136374787371,0.9560818654860507,0.9721962799471265,12.462962962962964,1.0230119735088081,8.4,
t2,strict,2026-02-17,2026-02-16 18:00:00,2026-02-17,2026-02-18 06:00:00,2026-02-18 12:00:00,1,36.0,48.0,0.9219461172054385,0.7547403104818154,0.9560818654860507,0.9722780046912539,12.75925925925926,1.0527496820251792,10.566666666666668,
t2,strict,2026-02-17,2026-02-16 18:00:00,2026-02-17,2026-02-18 07:00:00,2026-02-18 13:00:00,1,37.0,48.0,0.9216108931332977,0.7645727141640366,0.9562277058685577,0.9723778446393501,13.037037037037038,0.9230975319531206,11.833333333333334,
t2,strict,2026-02-17,2026-02-16 18:00:00,2026-02-17,2026-02-18 08:00:00,2026-02-18 14:00:00,1,38.0,48.0,0.9308112476382817,0.8085601112857231,0.9560103204864708,0.972360932982028,13.203703703703704,0.7105538904796175,12.766666666666666,
t2,strict,2026-02-17,2026-02-16 18:00:00,2026-02-17,2026-02-18 09:00:00,2026-02-18 15:00:00,1,39.0,48.0,0.9265871802799535,0.807514666276197,0.9560103204864708,0.9721850900493462,12.935185185185185,0.6194714327288043,13.1,
t2,strict,2026-02-17,2026-02-16 18:00:00,2026-02-17,2026-02-18 10:00:00,2026-02-18 16:00:00,1,40.0,48.0,0.9182178554797216,0.7158398850926303,0.955697850394922,0.9720713519760239,12.388888888888891,1.1183790077331885,13.0,
t2,strict,2026-02-17,2026-02-16 18:00:00,2026-02-17,2026-02-18 11:00:00,2026-02-18 17:00:00,1,41.0,48.0,0.918092452916046,0.7099099153201073,0.9494455602348774,0.9714329004237818,12.00925925925926,1.506757754266144,12.333333333333334,
t2,strict,2026-02-17,2026-02-16 18:00:00,2026-02-17,2026-02-18 12:00:00,2026-02-18 18:00:00,1,42.0,48.0,0.8452236301008124,0.6317541795988391,0.8712690895681002,0.967145652065867,11.953703703703702,1.7700206922600663,10.966666666666667,
t2,strict,2026-02-17,2026-02-16 18:00:00,2026-02-17,2026-02-18 13:00:00,2026-02-18 19:00:00,1,43.0,48.0,0.8197432121087279,0.5634662066333491,0.8245582735297413,0.9652029468270308,11.185185185185185,0.7501714481677442,9.566666666666666,
t2,strict,2026-02-17,2026-02-16 18:00:00,2026-02-17,2026-02-18 14:00:00,2026-02-18 20:00:00,1,44.0,48.0,0.6929149567788935,0.46461153550815426,0.7126887913101693,0.9580152627516839,10.814814814814817,1.3948022264926336,8.533333333333333,
t2,strict,2026-02-17,2026-02-16 18:00:00,2026-02-17,2026-02-18 15:00:00,2026-02-18 21:00:00,1,45.0,48.0,0.6908384410414901,0.4628047833801323,0.7006361850811569,0.9571395421540883,10.481481481481483,1.5139101255731,7.733333333333333,
t2,strict,2026-02-17,2026-02-16 18:00:00,2026-02-17,2026-02-18 16:00:00,2026-02-18 22:00:00,1,46.0,48.0,0.6187060400041019,0.3906287422424272,0.6599107854189489,0.9520769721571811,10.333333333333334,1.8081178400360944,7.166666666666667,
t2,strict,2026-02-17,2026-02-16 18:00:00,2026-02-17,2026-02-18 17:00:00,2026-02-18 23:00:00,1,47.0,48.0,0.5511552482258464,0.3551656922590042,0.5327663747312221,0.927674321883543,10.425925925925926,1.5217896114112415,6.7,
t2,strict,2026-02-18,2026-02-17 18:00:00,2026-02-18,2026-02-18 18:00:00,2026-02-19 00:00:00,1,24.0,48.0,0.6850838870420319,0.4338935877590037,0.7186017343053264,0.9652916918146128,10.620370370370372,1.4594131804515547,6.533333333333332,
t2,strict,2026-02-18,2026-02-17 18:00:00,2026-02-18,2026-02-18 19:00:00,2026-02-19 01:00:00,1,25.0,48.0,0.6781345899099613,0.38205544474484426,0.7048126484874632,0.9631548889422277,10.787037037037038,1.7981328908076055,6.099999999999999,
t2,strict,2026-02-18,2026-02-17 18:00:00,2026-02-18,2026-02-18 20:00:00,2026-02-19 02:00:00,1,26.0,48.0,0.6737241484853699,0.39211153579999264,0.7045747346362815,0.9641028466551029,10.962962962962964,1.7735047025709159,5.566666666666666,
t2,strict,2026-02-18,2026-02-17 18:00:00,2026-02-18,2026-02-18 21:00:00,2026-02-19 03:00:00,1,27.0,48.0,0.6511808503342832,0.4256194905448423,0.678102259398752,0.9641163628068548,10.851851851851853,1.5556382253164922,5.266666666666667,
t2,strict,2026-02-18,2026-02-17 18:00:00,2026-02-18,2026-02-18 22:00:00,2026-02-19 04:00:00,1,28.0,48.0,0.6893796039196404,0.3892949040711185,0.693134490774704,0.9627581518766859,10.916666666666666,2.1806882479088805,5.1000000000000005,
t2,strict,2026-02-18,2026-02-17 18:00:00,2026-02-18,2026-02-18 23:00:00,2026-02-19 05:00:00,1,29.0,48.0,0.6579910277132055,0.3265571584331195,0.7060286506664863,0.956865525224682,10.5,1.9592688860647054,5.133333333333334,
t2,strict,2026-02-18,2026-02-17 18:00:00,2026-02-18,2026-02-19 00:00:00,2026-02-19 06:00:00,1,30.0,48.0,0.6492421369598097,0.33183883044023704,0.6972023350359587,0.9630315608444237,11.25925925925926,1.9453040427989758,5.1000000000000005,
t2,strict,2026-02-18,2026-02-17 18:00:00,2026-02-18,2026-02-19 01:00:00,2026-02-19 07:00:00,1,31.0,48.0,0.6172250300057819,0.3321528552966265,0.6628258952424164,0.9608752431266292,10.796296296296298,1.409385792732849,5.0,
t2,strict,2026-02-18,2026-02-17 18:00:00,2026-02-18,2026-02-19 02:00:00,2026-02-19 08:00:00,1,32.0,48.0,0.6019159727991679,0.3253683448878486,0.6363867337290913,0.9606395891466166,10.75,1.2677748563604467,4.933333333333334,
t2,strict,2026-02-18,2026-02-17 18:00:00,2026-02-18,2026-02-19 03:00:00,2026-02-19 09:00:00,1,33.0,48.0,0.6018884516071409,0.35404540199753465,0.6568118683639409,0.9552265173897199,10.370370370370372,0.9703686033345513,6.066666666666667,
t2,strict,2026-02-18,2026-02-17 18:00:00,2026-02-18,2026-02-19 04:00:00,2026-02-19 10:00:00,1,34.0,48.0,0.6726666455407523,0.3955446530275419,0.6858969955750064,0.9587572718495221,10.425925925925926,1.2179006088364164,7.933333333333333,
t2,strict,2026-02-18,2026-02-17 18:00:00,2026-02-18,2026-02-19 05:00:00,2026-02-19 11:00:00,1,35.0,48.0,0.6941665748406787,0.3281275879987505,0.6918399145067649,0.9548011742091278,9.879629629629632,1.1332289349156424,9.966666666666667,
t2,strict,2026-02-18,2026-02-17 18:00:00,2026-02-18,2026-02-19 06:00:00,2026-02-19 12:00:00,1,36.0,48.0,0.4948874796599009,0.17211884874602082,0.5016373642088794,0.8522843595461728,8.740740740740742,2.452060945543246,11.366666666666667,
t2,strict,2026-02-18,2026-02-17 18:00:00,2026-02-18,2026-02-19 07:00:00,2026-02-19 13:00:00,1,37.0,48.0,0.3664599565439293,0.0729269980880439,0.3523289478826856,0.7807568707672309,7.7592592592592595,2.4064813033502848,12.799999999999999,
t2,strict,2026-02-18,2026-02-17 18:00:00,2026-02-18,2026-02-19 08:00:00,2026-02-19 14:00:00,1,38.0,48.0,0.30267099856490215,0.06479784079850638,0.2324219070711232,0.6977997238367936,6.851851851851852,1.9847670925130316,14.0,
t2,strict,2026-02-18,2026-02-17 18:00:00,2026-02-18,2026-02-19 09:00:00,2026-02-19 15:00:00,1,39.0,48.0,0.2919808138897382,0.04903067818233753,0.22375549029460717,0.659411810757833,6.166666666666667,1.7751717009633838,14.600000000000001,
t2,strict,2026-02-18,2026-02-17 18:00:00,2026-02-18,2026-02-19 10:00:00,2026-02-19 16:00:00,1,40.0,48.0,0.2741101452500549,0.03398806523988531,0.21269337860208531,0.6205411223065628,5.842592592592593,1.5960341797344628,14.466666666666667,
t2,strict,2026-02-18,2026-02-17 18:00:00,2026-02-18,2026-02-19 11:00:00,2026-02-19 17:00:00,1,41.0,48.0,0.24050085718970235,0.019496190010868473,0.12781226574079302,0.528432689763972,5.592592592592593,1.6235946756447228,13.799999999999999,
t2,strict,2026-02-18,2026-02-17 18:00:00,2026-02-18,2026-02-19 12:00:00,2026-02-19 18:00:00,1,42.0,48.0,0.19629740216039904,0.01366098594860789,0.10306843061789701,0.49237044919707773,5.962962962962963,2.1119028729692966,11.766666666666666,
t2,strict,2026-02-18,2026-02-17 18:00:00,2026-02-18,2026-02-19 13:00:00,2026-02-19 19:00:00,1,43.0,48.0,0.16222603254569962,0.010832925238057673,0.09091121697037861,0.44424027379008246,5.953703703703705,2.696782109265776,9.933333333333334,
t2,strict,2026-02-18,2026-02-17 18:00:00,2026-02-18,2026-02-19 14:00:00,2026-02-19 20:00:00,1,44.0,48.0,0.13473881384738653,0.009854250621748512,0.06360172541160436,0.3950843466304861,5.268518518518519,3.7567155232508287,8.466666666666667,
t2,strict,2026-02-18,2026-02-17 18:00:00,2026-02-18,2026-02-19 15:00:00,2026-02-19 21:00:00,1,45.0,48.0,0.11953613346592724,0.008409340376292334,0.06634320638337106,0.3186998696302338,4.592592592592593,3.6667017394506654,7.666666666666667,
t2,strict,2026-02-18,2026-02-17 18:00:00,2026-02-18,2026-02-19 16:00:00,2026-02-19 22:00:00,1,46.0,48.0,0.16134405683465938,0.011193445523749181,0.08776859650858773,0.36551318902146246,3.6203703703703702,3.2373130020513967,6.833333333333333,
t2,strict,2026-02-18,2026-02-17 18:00:00,2026-02-18,2026-02-19 17:00:00,2026-02-19 23:00:00,1,47.0,48.0,0.2502992369172238,0.013720380991267966,0.1709236997356283,0.569123001779622,4.055555555555555,2.852197549995009,6.7,
t2,strict,2026-02-19,2026-02-18 18:00:00,2026-02-19,2026-02-19 18:00:00,2026-02-20 00:00:00,1,24.0,48.0,0.1302882865134286,0.010091445013018797,0.06839822988004438,0.45824525234097085,4.722222222222222,1.2586123065787993,6.6000000000000005,
t2,strict,2026-02-19,2026-02-18 18:00:00,2026-02-19,2026-02-19 19:00:00,2026-02-20 01:00:00,1,25.0,48.0,0.23663554208682377,0.012182676061243377,0.12000692938523619,0.6655293173902029,5.518518518518519,1.0658609997471025,6.366666666666667,
t2,strict,2026-02-19,2026-02-18 18:00:00,2026-02-19,2026-02-19 20:00:00,2026-02-20 02:00:00,1,26.0,48.0,0.2835079925343317,0.012192545574454552,0.1396253531844417,0.8028152988060014,5.685185185185186,2.806288866393852,6.133333333333333,
t2,strict,2026-02-19,2026-02-18 18:00:00,2026-02-19,2026-02-19 21:00:00,2026-02-20 03:00:00,1,27.0,48.0,0.26747155681898377,0.014372019442123215,0.15950000628043723,0.8234329864369581,5.916666666666667,3.9642499640887654,6.233333333333334,
t2,strict,2026-02-19,2026-02-18 18:00:00,2026-02-19,2026-02-19 22:00:00,2026-02-20 04:00:00,1,28.0,48.0,0.3116409915503812,0.03425642152515168,0.21726757641854813,0.822267669050756,6.037037037037037,5.016510805174869,6.433333333333334,
t2,strict,2026-02-19,2026-02-18 18:00:00,2026-02-19,2026-02-19 23:00:00,2026-02-20 05:00:00,1,29.0,48.0,0.39426872825078624,0.042254949666879704,0.303371464023283,0.8804739706103957,6.935185185185186,4.645149910979543,6.966666666666666,
t2,strict,2026-02-19,2026-02-18 18:00:00,2026-02-19,2026-02-20 00:00:00,2026-02-20 06:00:00,1,30.0,48.0,0.4450368844030094,0.03784353850323052,0.3769172932645701,0.8825054012583781,7.064814814814814,3.0085184273279792,6.733333333333333,
t2,strict,2026-02-19,2026-02-18 18:00:00,2026-02-19,2026-02-20 01:00:00,2026-02-20 07:00:00,1,31.0,48.0,0.4334588362241352,0.05098251628193266,0.35949989386391557,0.8958477164276687,7.657407407407408,2.9318827080890824,6.633333333333333,
t2,strict,2026-02-19,2026-02-18 18:00:00,2026-02-19,2026-02-20 02:00:00,2026-02-20 08:00:00,1,32.0,48.0,0.3800699124513143,0.035448058160317195,0.2913617634056697,0.86234654036732,7.6759259259259265,2.9350391364529176,6.466666666666666,
t2,strict,2026-02-19,2026-02-18 18:00:00,2026-02-19,2026-02-20 03:00:00,2026-02-20 09:00:00,1,33.0,48.0,0.32326891636131727,0.019745591104301533,0.23524712946561688,0.8051158233370996,7.092592592592593,3.238147110280651,7.433333333333334,
t2,strict,2026-02-19,2026-02-18 18:00:00,2026-02-19,2026-02-20 04:00:00,2026-02-20 10:00:00,1,34.0,48.0,0.29403284934878265,0.013575868900296906,0.1923604857014944,0.7794607890084416,6.111111111111112,3.3902547338649685,9.333333333333334,
t2,strict,2026-02-19,2026-02-18 18:00:00,2026-02-19,2026-02-20 05:00:00,2026-02-20 11:00:00,1,35.0,48.0,0.19972918124018935,0.010731304580928816,0.17355510693603485,0.5721653499020097,4.4907407407407405,2.7499064705381926,11.133333333333333,
t2,strict,2026-02-19,2026-02-18 18:00:00,2026-02-19,2026-02-20 06:00:00,2026-02-20 12:00:00,1,36.0,48.0,0.15229000118895417,0.010204933048385304,0.0849505284791061,0.3930533329542236,5.1759259259259265,0.30723444487105644,12.633333333333333,
t2,strict,2026-02-19,2026-02-18 18:00:00,2026-02-19,2026-02-20 07:00:00,2026-02-20 13:00:00,1,37.0,48.0,0.0876220798465966,0.008405988664676768,0.03868332161287208,0.2434565376614084,4.212962962962963,0.451620311046563,13.5,
t2,strict,2026-02-19,2026-02-18 18:00:00,2026-02-19,2026-02-20 08:00:00,2026-02-20 14:00:00,1,38.0,48.0,0.08099785526548096,0.00793749461344958,0.03758482647147934,0.21790863763097237,3.4907407407407405,0.8297763593790574,14.133333333333335,
t2,strict,2026-02-19,2026-02-18 18:00:00,2026-02-19,2026-02-20 09:00:00,2026-02-20 15:00:00,1,39.0,48.0,0.07978785904411924,0.008472996185092741,0.021932387537198145,0.1993322432623953,2.7314814814814814,1.379225643064106,14.4,
t2,strict,2026-02-19,2026-02-18 18:00:00,2026-02-19,2026-02-20 10:00:00,2026-02-20 16:00:00,1,40.0,48.0,0.09295097800389986,0.009506852859486483,0.03508000119296407,0.2703453250234851,2.4722222222222223,0.9477067838462211,14.066666666666668,
t2,strict,2026-02-19,2026-02-18 18:00:00,2026-02-19,2026-02-20 11:00:00,2026-02-20 17:00:00,1,41.0,48.0,0.1417786645971678,0.013208799763711292,0.05531311016163658,0.33316770378718774,3.2870370370370368,1.836347130009194,13.0,
t2,strict,2026-02-19,2026-02-18 18:00:00,2026-02-19,2026-02-20 12:00:00,2026-02-20 18:00:00,1,42.0,48.0,0.2102262219854382,0.023425976404167066,0.13685883041115587,0.5692492147556302,2.527777777777778,0.847563683466242,11.666666666666666,
t2,strict,2026-02-19,2026-02-18 18:00:00,2026-02-19,2026-02-20 13:00:00,2026-02-20 19:00:00,1,43.0,48.0,0.3855150714277245,0.03162028403797501,0.2688474482854138,0.849926817530744,5.703703703703705,4.667107562946801,10.299999999999999,
t2,strict,2026-02-19,2026-02-18 18:00:00,2026-02-19,2026-02-20 14:00:00,2026-02-20 20:00:00,1,44.0,48.0,0.5479126831911885,0.09714710870962247,0.4592597137859068,0.962663413530582,8.222222222222223,5.819295277854889,9.633333333333333,
t2,strict,2026-02-19,2026-02-18 18:00:00,2026-02-19,2026-02-20 15:00:00,2026-02-20 21:00:00,1,45.0,48.0,0.6819158006712861,0.18796502586422212,0.6044528575505809,0.9687192981320015,9.981481481481481,5.53832977600819,9.1,
t2,strict,2026-02-19,2026-02-18 18:00:00,2026-02-19,2026-02-20 16:00:00,2026-02-20 22:00:00,1,46.0,48.0,0.7360553294006779,0.3183614100445604,0.7923945475507576,0.9741355912270501,11.435185185185185,4.095063775462219,8.166666666666666,
t2,strict,2026-02-19,2026-02-18 18:00:00,2026-02-19,2026-02-20 17:00:00,2026-02-20 23:00:00,1,47.0,48.0,0.7410047934323867,0.3861513875360885,0.7930599683551416,0.9753058794761005,11.712962962962962,2.9587354099914793,7.566666666666666,
t2,strict,2026-02-20,2026-02-19 18:00:00,2026-02-20,2026-02-20 18:00:00,2026-02-21 00:00:00,1,24.0,48.0,0.6589864709200356,0.3749434098017504,0.7098055380118901,0.9658118552767727,10.74074074074074,2.8404503931971767,6.766666666666666,
t2,strict,2026-02-20,2026-02-19 18:00:00,2026-02-20,2026-02-20 19:00:00,2026-02-21 01:00:00,1,25.0,48.0,0.6690731668634585,0.45887702847842504,0.7092512354149426,0.970063999138731,10.907407407407407,1.922562055166771,6.333333333333333,
t2,strict,2026-02-20,2026-02-19 18:00:00,2026-02-20,2026-02-20 20:00:00,2026-02-21 02:00:00,1,26.0,48.0,0.6510020623584788,0.44036491960137797,0.6757326230995776,0.9674524448512944,10.91666666666667,1.6168480234283615,5.933333333333333,
t2,strict,2026-02-20,2026-02-19 18:00:00,2026-02-20,2026-02-20 21:00:00,2026-02-21 03:00:00,1,27.0,48.0,0.6151136833249489,0.3680259979621187,0.6426466309531446,0.9611687059277314,10.518518518518519,1.1534748004297009,5.633333333333333,
t2,strict,2026-02-20,2026-02-19 18:00:00,2026-02-20,2026-02-20 22:00:00,2026-02-21 04:00:00,1,28.0,48.0,0.5576394126919354,0.35465367720212515,0.599123345045694,0.953299301748723,10.166666666666666,0.7489704868173758,5.366666666666667,
t2,strict,2026-02-20,2026-02-19 18:00:00,2026-02-20,2026-02-20 23:00:00,2026-02-21 05:00:00,1,29.0,48.0,0.5404777789879285,0.34535301214881203,0.5805299061949716,0.9496375485226931,9.824074074074074,0.5228817742035365,5.166666666666667,
t2,strict,2026-02-20,2026-02-19 18:00:00,2026-02-20,2026-02-21 00:00:00,2026-02-21 06:00:00,1,30.0,48.0,0.5352825996835595,0.30312414982167335,0.570919893377311,0.9478177928932071,9.935185185185185,0.3394500514782111,5.066666666666666,
t2,strict,2026-02-20,2026-02-19 18:00:00,2026-02-20,2026-02-21 01:00:00,2026-02-21 07:00:00,1,31.0,48.0,0.5289502539575697,0.23810116414524554,0.5320556092276932,0.9543715827242085,9.814814814814815,0.5888190035401717,5.366666666666667,
t2,strict,2026-02-20,2026-02-19 18:00:00,2026-02-20,2026-02-21 02:00:00,2026-02-21 08:00:00,1,32.0,48.0,0.4783335738698955,0.20036476193870006,0.44002887002665253,0.915687287350294,9.694444444444445,1.473008175951428,5.633333333333333,
t2,strict,2026-02-20,2026-02-19 18:00:00,2026-02-20,2026-02-21 03:00:00,2026-02-21 09:00:00,1,33.0,48.0,0.43543917420094547,0.13909470362024398,0.3917318020321948,0.7929148674926385,8.870370370370372,1.5962758871256963,6.366666666666667,
t2,strict,2026-02-20,2026-02-19 18:00:00,2026-02-20,2026-02-21 04:00:00,2026-02-21 10:00:00,1,34.0,48.0,0.33173973174877847,0.03612665853637374,0.2507823097473383,0.6401797160831671,6.287037037037038,2.5528870931335894,7.633333333333333,
t2,strict,2026-02-20,2026-02-19 18:00:00,2026-02-20,2026-02-21 05:00:00,2026-02-21 11:00:00,1,35.0,48.0,0.4419237207408568,0.04390768316131831,0.3772046440296638,0.874703746594341,6.027777777777779,3.3642088571561524,8.5,
t2,strict,2026-02-20,2026-02-19 18:00:00,2026-02-20,2026-02-21 06:00:00,2026-02-21 12:00:00,1,36.0,48.0,0.6190506271421876,0.13589530955824164,0.5393165149616869,0.9552508740001067,8.824074074074074,3.8036626814478027,9.1,
t2,strict,2026-02-20,2026-02-19 18:00:00,2026-02-20,2026-02-21 07:00:00,2026-02-21 13:00:00,1,37.0,48.0,0.7141707476692033,0.2454365728938066,0.7703834152403045,0.9553985587992633,10.194444444444445,3.909864068869535,9.433333333333332,
t2,strict,2026-02-20,2026-02-19 18:00:00,2026-02-20,2026-02-21 08:00:00,2026-02-21 14:00:00,1,38.0,48.0,0.7098902103214576,0.3363025041044614,0.7493984844488989,0.959362492706163,12.361111111111112,3.1550713634784824,8.9,
t2,strict,2026-02-20,2026-02-19 18:00:00,2026-02-20,2026-02-21 09:00:00,2026-02-21 15:00:00,1,39.0,48.0,0.6103035780608385,0.2476350825673921,0.6888755045337586,0.9366176197190925,11.925925925925926,4.045872509377912,8.533333333333333,
t2,strict,2026-02-20,2026-02-19 18:00:00,2026-02-20,2026-02-21 10:00:00,2026-02-21 16:00:00,1,40.0,48.0,0.5675119261021262,0.14691060613926987,0.5821638904391248,0.8997227397753659,9.75925925925926,2.425643183975557,8.233333333333334,
t2,strict,2026-02-20,2026-02-19 18:00:00,2026-02-20,2026-02-21 11:00:00,2026-02-21 17:00:00,1,41.0,48.0,0.469470308209599,0.17619742288384557,0.44831505497986596,0.8023594686783501,8.907407407407407,2.0354370821094765,7.599999999999999,
t2,strict,2026-02-20,2026-02-19 18:00:00,2026-02-20,2026-02-21 12:00:00,2026-02-21 18:00:00,1,42.0,48.0,0.40623737817686223,0.07555244923817432,0.33395828887948537,0.7436711121902716,7.5,2.4057864913527363,6.2,
t2,strict,2026-02-20,2026-02-19 18:00:00,2026-02-20,2026-02-21 13:00:00,2026-02-21 19:00:00,1,43.0,48.0,0.48466252159789397,0.08242670860744114,0.3843873287698624,0.8021798738544323,6.6759259259259265,2.5715581896262325,5.966666666666666,
t2,strict,2026-02-20,2026-02-19 18:00:00,2026-02-20,2026-02-21 14:00:00,2026-02-21 20:00:00,1,44.0,48.0,0.5692026310706373,0.10889282344176988,0.5400338547552078,0.842519196469659,6.8240740740740735,0.7769506183628956,5.866666666666667,
t2,strict,2026-02-20,2026-02-19 18:00:00,2026-02-20,2026-02-21 15:00:00,2026-02-21 21:00:00,1,45.0,48.0,0.6098788767887142,0.1581785449695961,0.5754398328372338,0.963699907350128,8.555555555555555,1.500771406582233,5.666666666666667,
t2,strict,2026-02-20,2026-02-19 18:00:00,2026-02-20,2026-02-21 16:00:00,2026-02-21 22:00:00,1,46.0,48.0,0.5295413801891681,0.12881178404934834,0.5096038099040971,0.9531420319697098,10.592592592592593,5.092079098690936,5.133333333333334,
t2,strict,2026-02-20,2026-02-19 18:00:00,2026-02-20,2026-02-21 17:00:00,2026-02-21 23:00:00,1,47.0,48.0,0.533368891900346,0.10646099561309673,0.49536230467912507,0.9355796635552573,9.546296296296298,3.3855098515190463,4.8999999999999995,
t2,strict,2026-02-21,2026-02-20 18:00:00,2026-02-21,2026-02-21 18:00:00,2026-02-22 00:00:00,1,24.0,48.0,0.6606808661062117,0.18326056475267288,0.6332161024250403,0.9592284920068885,9.370370370370372,2.9041176245039964,4.866666666666666,
t2,strict,2026-02-21,2026-02-20 18:00:00,2026-02-21,2026-02-21 19:00:00,2026-02-22 01:00:00,1,25.0,48.0,0.5835979638165264,0.14065293728301717,0.5557342489370244,0.9461686620587509,9.379629629629632,2.736686816665416,4.1000000000000005,
t2,strict,2026-02-21,2026-02-20 18:00:00,2026-02-21,2026-02-21 20:00:00,2026-02-22 02:00:00,1,26.0,48.0,0.434426283366254,0.07080590716782655,0.36611850783544314,0.8981892595636679,8.620370370370372,2.8672175037816316,3.266666666666667,
t2,strict,2026-02-21,2026-02-20 18:00:00,2026-02-21,2026-02-21 21:00:00,2026-02-22 03:00:00,1,27.0,48.0,0.3070592208196624,0.028791494876918712,0.22408490347285015,0.7908458915768755,7.333333333333333,2.759383541819476,2.433333333333333,
t2,strict,2026-02-21,2026-02-20 18:00:00,2026-02-21,2026-02-21 22:00:00,2026-02-22 04:00:00,1,28.0,48.0,0.22358746168613386,0.016514477253391235,0.13788398139210217,0.6146741673238273,5.62962962962963,2.660921666495716,1.5999999999999999,
t2,strict,2026-02-21,2026-02-20 18:00:00,2026-02-21,2026-02-21 23:00:00,2026-02-22 05:00:00,1,29.0,48.0,0.11861011507997644,0.009088594781876938,0.07063939254958092,0.3555101025944198,3.7129629629629632,2.8138399871440862,0.8666666666666666,
t2,strict,2026-02-21,2026-02-20 18:00:00,2026-02-21,2026-02-22 00:00:00,2026-02-22 06:00:00,1,30.0,48.0,0.07548266977496954,0.008537496383604688,0.024390653437619637,0.28338549335599317,3.175925925925926,2.6768228664661793,1.1,
t2,strict,2026-02-21,2026-02-20 18:00:00,2026-02-21,2026-02-22 01:00:00,2026-02-22 07:00:00,1,31.0,48.0,0.05459404278402369,0.00798732118305339,0.018461035100812824,0.19262627264478058,2.611111111111111,1.2098489855768093,1.0,
t2,strict,2026-02-21,2026-02-20 18:00:00,2026-02-21,2026-02-22 02:00:00,2026-02-22 08:00:00,1,32.0,48.0,0.055585122219401505,0.008464149820288619,0.022340980015305885,0.2074189508462428,2.1481481481481484,0.5139514476436265,1.0,
t2,strict,2026-02-21,2026-02-20 18:00:00,2026-02-21,2026-02-22 03:00:00,2026-02-22 09:00:00,1,33.0,48.0,0.09955889005421104,0.009433786457289001,0.04670307665407261,0.3091091275614996,1.9907407407407407,1.9183433353452075,1.7999999999999998,
t2,strict,2026-02-21,2026-02-20 18:00:00,2026-02-21,2026-02-22 04:00:00,2026-02-22 10:00:00,1,34.0,48.0,0.17957235851905584,0.018612352061701174,0.16555647405633914,0.5235583063197509,3.6018518518518516,3.942520396673846,3.8666666666666667,
t2,strict,2026-02-21,2026-02-20 18:00:00,2026-02-21,2026-02-22 05:00:00,2026-02-22 11:00:00,1,35.0,48.0,0.39539939160502974,0.03252364562505251,0.30262139428371343,0.8486369111661657,5.351851851851852,4.551855995537999,5.5,
t2,strict,2026-02-21,2026-02-20 18:00:00,2026-02-21,2026-02-22 06:00:00,2026-02-22 12:00:00,1,36.0,48.0,0.5645912639398957,0.07467420609582227,0.4620881873880612,0.9384656288724071,8.611111111111112,5.003316801117603,8.066666666666666,
t2,strict,2026-02-21,2026-02-20 18:00:00,2026-02-21,2026-02-22 07:00:00,2026-02-22 13:00:00,1,37.0,48.0,0.6272880435049101,0.1592881533772874,0.6286549234527092,0.9742400345318993,9.666666666666666,3.6433390938926378,9.166666666666666,
t2,strict,2026-02-21,2026-02-20 18:00:00,2026-02-21,2026-02-22 08:00:00,2026-02-22 14:00:00,1,38.0,48.0,0.8034715849382265,0.3622673779486791,0.7516893281926602,0.9777744012015572,10.018518518518519,2.3974866812625417,9.799999999999999,
t2,strict,2026-02-21,2026-02-20 18:00:00,2026-02-21,2026-02-22 09:00:00,2026-02-22 15:00:00,1,39.0,48.0,0.8687093003363073,0.547693595463404,0.9130913726194693,0.9767551206975223,10.361111111111112,1.8322808426711645,10.0,
t2,strict,2026-02-21,2026-02-20 18:00:00,2026-02-21,2026-02-22 10:00:00,2026-02-22 16:00:00,1,40.0,48.0,0.8992452560267933,0.5648871969271133,0.9422748260489694,0.9748906925349652,10.518518518518519,1.8893654083026223,9.799999999999999,
t2,strict,2026-02-21,2026-02-20 18:00:00,2026-02-21,2026-02-22 11:00:00,2026-02-22 17:00:00,1,41.0,48.0,0.8198154114029274,0.5308506203824312,0.8747137370788834,0.9755376645011602,10.416666666666666,1.9041458990682072,9.333333333333334,
t2,strict,2026-02-21,2026-02-20 18:00:00,2026-02-21,2026-02-22 12:00:00,2026-02-22 18:00:00,1,42.0,48.0,0.7672705732966486,0.5030607673320076,0.8297217655637497,0.9686682308541903,10.805555555555557,1.5833333333333337,8.0,
t2,strict,2026-02-21,2026-02-20 18:00:00,2026-02-21,2026-02-22 13:00:00,2026-02-22 19:00:00,1,43.0,48.0,0.6878952819548813,0.37223660452921736,0.7154039739589794,0.9739579112985303,10.296296296296298,1.3328509930023407,6.7,
t2,strict,2026-02-21,2026-02-20 18:00:00,2026-02-21,2026-02-22 14:00:00,2026-02-22 20:00:00,1,44.0,48.0,0.594736528990878,0.23171832319636598,0.5301906817784577,0.9116176130917323,9.129629629629632,1.3472460860811235,5.666666666666667,
t2,strict,2026-02-21,2026-02-20 18:00:00,2026-02-21,2026-02-22 15:00:00,2026-02-22 21:00:00,1,45.0,48.0,0.392978139686321,0.11332971044944516,0.36304126319355595,0.7959542685188461,8.379629629629628,1.403900357572349,5.033333333333334,
t2,strict,2026-02-21,2026-02-20 18:00:00,2026-02-21,2026-02-22 16:00:00,2026-02-22 22:00:00,1,46.0,48.0,0.34417932401518403,0.07257678815583676,0.3384407236424304,0.7566345328682089,7.916666666666667,1.3888888888888888,4.633333333333334,
t2,strict,2026-02-21,2026-02-20 18:00:00,2026-02-21,2026-02-22 17:00:00,2026-02-22 23:00:00,1,47.0,48.0,0.3657320290062855,0.052031229724559654,0.3205250451167742,0.7961309622788686,7.555555555555557,1.76536464949285,4.233333333333333,
t2,strict,2026-02-22,2026-02-21 18:00:00,2026-02-22,2026-02-22 18:00:00,2026-02-23 00:00:00,1,24.0,48.0,0.4087376575780052,0.10757795897247326,0.3306635828982615,0.8886855756432033,9.018518518518519,2.03410984970292,4.566666666666666,
t2,strict,2026-02-22,2026-02-21 18:00:00,2026-02-22,2026-02-22 19:00:00,2026-02-23 01:00:00,1,25.0,48.0,0.36192274438956284,0.03002244688128954,0.27821715031335736,0.8678156146130905,8.574074074074074,2.076160491588084,4.266666666666667,
t2,strict,2026-02-22,2026-02-21 18:00:00,2026-02-22,2026-02-22 20:00:00,2026-02-23 02:00:00,1,26.0,48.0,0.3291482916723967,0.012660424154678962,0.24082630685645215,0.7944359914126927,7.75,1.3333333333333335,3.9333333333333336,
t2,strict,2026-02-22,2026-02-21 18:00:00,2026-02-22,2026-02-22 21:00:00,2026-02-23 03:00:00,1,27.0,48.0,0.22027407375186664,0.012981315661173626,0.11437500827565006,0.5535186406710312,6.472222222222222,0.600925212577332,3.6333333333333333,
t2,strict,2026-02-22,2026-02-21 18:00:00,2026-02-22,2026-02-22 22:00:00,2026-02-23 04:00:00,1,28.0,48.0,0.10897905005528949,0.008134584997771572,0.05655195151310264,0.34227164364684304,4.935185185185186,0.992383546256516,3.1666666666666665,
t2,strict,2026-02-22,2026-02-21 18:00:00,2026-02-22,2026-02-22 23:00:00,2026-02-23 05:00:00,1,29.0,48.0,0.06834185225657058,0.007807507587126535,0.03577762147922366,0.24886315501702078,3.3703703703703707,1.6245448872022525,2.7999999999999994,
t2,strict,2026-02-22,2026-02-21 18:00:00,2026-02-22,2026-02-23 00:00:00,2026-02-23 06:00:00,1,30.0,48.0,0.05702639070308673,0.007592465864776088,0.017857493867350478,0.20116736590345047,2.240740740740741,0.8133404168888054,2.4,
t2,strict,2026-02-22,2026-02-21 18:00:00,2026-02-22,2026-02-23 01:00:00,2026-02-23 07:00:00,1,31.0,48.0,0.05796849613323368,0.008317167136621987,0.01835567304399506,0.20850692571206586,1.5370370370370372,0.9322469426819902,2.2666666666666666,
t2,strict,2026-02-22,2026-02-21 18:00:00,2026-02-22,2026-02-23 02:00:00,2026-02-23 08:00:00,1,32.0,48.0,0.06104476745478461,0.008109352436805725,0.018286869460955858,0.19959374111868136,1.1574074074074074,0.38322596456620145,2.2666666666666666,
t2,strict,2026-02-22,2026-02-21 18:00:00,2026-02-22,2026-02-23 03:00:00,2026-02-23 09:00:00,1,33.0,48.0,0.0741765102439967,0.008179553677894885,0.022638042368585312,0.22962723804280646,1.1944444444444444,1.3746492257398468,3.3333333333333335,
t2,strict,2026-02-22,2026-02-21 18:00:00,2026-02-22,2026-02-23 04:00:00,2026-02-23 10:00:00,1,34.0,48.0,0.08527794388532971,0.009074012570514465,0.04237859761092785,0.27327182245802756,1.7685185185185184,1.8636660185791298,5.066666666666666,
t2,strict,2026-02-22,2026-02-21 18:00:00,2026-02-22,2026-02-23 05:00:00,2026-02-23 11:00:00,1,35.0,48.0,0.13787876916007247,0.011971744066194036,0.08348108039446112,0.36642223247744826,3.203703703703704,1.781318811391978,6.8999999999999995,
t2,strict,2026-02-22,2026-02-21 18:00:00,2026-02-22,2026-02-23 06:00:00,2026-02-23 12:00:00,1,36.0,48.0,0.24383531180305337,0.01638779157135113,0.17529981242813636,0.5214049463388577,3.9722222222222228,2.6199613605670216,8.266666666666667,
t2,strict,2026-02-22,2026-02-21 18:00:00,2026-02-22,2026-02-23 07:00:00,2026-02-23 13:00:00,1,37.0,48.0,0.3577882536838737,0.042560445780563456,0.29050062989879,0.7390016569815699,6.0092592592592595,3.4384281388221014,9.1,
t2,strict,2026-02-22,2026-02-21 18:00:00,2026-02-22,2026-02-23 08:00:00,2026-02-23 14:00:00,1,38.0,48.0,0.39664973673460086,0.06270122596022829,0.35628437369686183,0.8276759502431169,7.564814814814814,3.78943598743674,8.9,
t2,strict,2026-02-22,2026-02-21 18:00:00,2026-02-22,2026-02-23 09:00:00,2026-02-23 15:00:00,1,39.0,48.0,0.4876741094450867,0.07978587947133352,0.42200446456855945,0.8612295812279275,8.148148148148149,3.1703600943066412,8.466666666666667,
t2,strict,2026-02-22,2026-02-21 18:00:00,2026-02-22,2026-02-23 10:00:00,2026-02-23 16:00:00,1,40.0,48.0,0.5142766455886069,0.09139955149007083,0.471388391359506,0.927102677544803,8.314814814814817,2.8404503931971763,8.1,
t2,strict,2026-02-22,2026-02-21 18:00:00,2026-02-22,2026-02-23 11:00:00,2026-02-23 17:00:00,1,41.0,48.0,0.5729517300011223,0.21504698254301646,0.5546275854294618,0.9522989730996697,9.046296296296296,1.6851597474677575,7.333333333333333,
t2,strict,2026-02-22,2026-02-21 18:00:00,2026-02-22,2026-02-23 12:00:00,2026-02-23 18:00:00,1,42.0,48.0,0.7045683627953018,0.3118652256675196,0.6891752188009028,0.969552705459024,10.185185185185185,0.18495355884664966,6.033333333333334,
t2,strict,2026-02-22,2026-02-21 18:00:00,2026-02-22,2026-02-23 13:00:00,2026-02-23 19:00:00,1,43.0,48.0,0.7406552374454343,0.43790378404077773,0.77378108980917,0.9686332466136822,10.25925925925926,1.7234165512299973,5.0,
t2,strict,2026-02-22,2026-02-21 18:00:00,2026-02-22,2026-02-23 14:00:00,2026-02-23 20:00:00,1,44.0,48.0,0.7929445883147275,0.44018044903463655,0.8352449677916147,0.9762988993278081,10.00925925925926,2.058243987664534,3.866666666666667,
t2,strict,2026-02-22,2026-02-21 18:00:00,2026-02-22,2026-02-23 15:00:00,2026-02-23 21:00:00,1,45.0,48.0,0.8164987848710521,0.5062322414291229,0.8765952362155474,0.9804463766912852,10.888888888888891,1.8788540636762059,2.4666666666666663,
t2,strict,2026-02-22,2026-02-21 18:00:00,2026-02-22,2026-02-23 16:00:00,2026-02-23 22:00:00,1,46.0,48.0,0.8467720739747198,0.5471585847955809,0.9038319931388954,0.9798178606312438,11.138888888888891,2.458451032963944,1.2333333333333334,
t2,strict,2026-02-22,2026-02-21 18:00:00,2026-02-22,2026-02-23 17:00:00,2026-02-23 23:00:00,1,47.0,48.0,0.8865419149333768,0.6655130679721823,0.9250150325989349,0.9836128422385624,12.148148148148147,2.058243987664534,0.06666666666666665,
t2,strict,2026-02-23,2026-02-22 18:00:00,2026-02-23,2026-02-23 18:00:00,2026-02-24 00:00:00,1,24.0,48.0,0.9149930753825702,0.7425918429130414,0.9553151010229838,0.9801634747378587,12.370370370370372,1.460470215728075,-0.26666666666666666,
t2,strict,2026-02-23,2026-02-22 18:00:00,2026-02-23,2026-02-23 19:00:00,2026-02-24 01:00:00,1,25.0,48.0,0.9114544958024434,0.7033985610033314,0.9475860276791038,0.9793398549263173,12.444444444444443,1.3802509165338717,-0.8666666666666667,
t2,strict,2026-02-23,2026-02-22 18:00:00,2026-02-23,2026-02-23 20:00:00,2026-02-24 02:00:00,1,26.0,48.0,0.87720772335691,0.6303115085833685,0.9002864658275544,0.9795442959115217,11.648148148148147,1.1226255234242728,-1.3,
t2,strict,2026-02-23,2026-02-22 18:00:00,2026-02-23,2026-02-23 21:00:00,2026-02-24 03:00:00,1,27.0,48.0,0.8777271626654551,0.6103693011919512,0.9104676347827152,0.9785368739492699,11.231481481481483,1.0719967139560225,-1.5333333333333332,
t2,strict,2026-02-23,2026-02-22 18:00:00,2026-02-23,2026-02-23 22:00:00,2026-02-24 04:00:00,1,28.0,48.0,0.8656574286738197,0.6115303272214265,0.9073467577608468,0.9785908132072977,11.379629629629632,1.1063555638875122,-1.8333333333333333,
t2,strict,2026-02-23,2026-02-22 18:00:00,2026-02-23,2026-02-23 23:00:00,2026-02-24 05:00:00,1,29.0,48.0,0.8577264077021897,0.6221525016303349,0.8842657077220183,0.9723402676522955,11.592592592592595,1.2454650246281578,-2.033333333333333,
t2,strict,2026-02-23,2026-02-22 18:00:00,2026-02-23,2026-02-24 00:00:00,2026-02-24 06:00:00,1,30.0,48.0,0.8360773870418283,0.6184675809986713,0.8558579827570028,0.969811156260681,10.787037037037038,0.23129622216290383,-2.1,
t2,strict,2026-02-23,2026-02-22 18:00:00,2026-02-23,2026-02-24 01:00:00,2026-02-24 07:00:00,1,31.0,48.0,0.8093618922996707,0.49272342429038357,0.8418595230543011,0.9688398611505605,10.444444444444443,0.409192218407118,-2.1,
t2,strict,2026-02-23,2026-02-22 18:00:00,2026-02-23,2026-02-24 02:00:00,2026-02-24 08:00:00,1,32.0,48.0,0.7712851260949795,0.45135892753992124,0.7832372557918322,0.9631873105104986,9.990740740740742,0.6668595400011421,-1.9666666666666668,
t2,strict,2026-02-23,2026-02-22 18:00:00,2026-02-23,2026-02-24 03:00:00,2026-02-24 09:00:00,1,33.0,48.0,0.7156285283481939,0.4171405117897831,0.7436343050372232,0.9467350884825381,9.5,0.8296213623926711,-1.5999999999999999,
t2,strict,2026-02-23,2026-02-22 18:00:00,2026-02-23,2026-02-24 04:00:00,2026-02-24 10:00:00,1,34.0,48.0,0.611201290519782,0.2997363613730996,0.5752446964353368,0.9259550113791916,9.351851851851853,1.032397027019731,-1.1333333333333335,
t2,strict,2026-02-23,2026-02-22 18:00:00,2026-02-23,2026-02-24 05:00:00,2026-02-24 11:00:00,1,35.0,48.0,0.5839699523500189,0.2756294630702364,0.5395992828505518,0.9292787168099247,9.055555555555555,1.2813958438523105,-0.5666666666666667,
t2,strict,2026-02-23,2026-02-22 18:00:00,2026-02-23,2026-02-24 06:00:00,2026-02-24 12:00:00,1,36.0,48.0,0.4921048991266196,0.2254673526276085,0.5052112228383535,0.9210507648157852,9.296296296296296,2.099811376988429,-0.8000000000000002,
t2,strict,2026-02-23,2026-02-22 18:00:00,2026-02-23,2026-02-24 07:00:00,2026-02-24 13:00:00,1,37.0,48.0,0.5001252449688015,0.23141131646036273,0.4891496396564255,0.8923027024174454,8.870370370370372,2.3164623766396106,-0.3666666666666667,
t2,strict,2026-02-23,2026-02-22 18:00:00,2026-02-23,2026-02-24 08:00:00,2026-02-24 14:00:00,1,38.0,48.0,0.49321451487590656,0.19353646314762274,0.45997484152813717,0.8788322455371657,8.787037037037038,2.504984742402792,0.0,
t2,strict,2026-02-23,2026-02-22 18:00:00,2026-02-23,2026-02-24 09:00:00,2026-02-24 15:00:00,1,39.0,48.0,0.48386362581311343,0.1294421787157737,0.4584171790793826,0.8828761423232767,8.888888888888891,2.6356705521098913,0.16666666666666674,
t2,strict,2026-02-23,2026-02-22 18:00:00,2026-02-23,2026-02-24 10:00:00,2026-02-24 16:00:00,1,40.0,48.0,0.41975505020504406,0.08754137468380913,0.4149473239530282,0.8652952414770716,8.888888888888891,2.8285635232284028,0.20000000000000004,
t2,strict,2026-02-23,2026-02-22 18:00:00,2026-02-23,2026-02-24 11:00:00,2026-02-24 17:00:00,1,41.0,48.0,0.35872750854000257,0.023881265896278685,0.3437277911413921,0.8464418301797199,8.629629629629632,2.7896044529852664,0.0,
t2,strict,2026-02-23,2026-02-22 18:00:00,2026-02-23,2026-02-24 12:00:00,2026-02-24 18:00:00,1,42.0,48.0,0.28222722148532936,0.03122173964224987,0.2681654849301558,0.7840249721580184,8.24074074074074,2.4200699748411347,-0.23333333333333336,
t2,strict,2026-02-23,2026-02-22 18:00:00,2026-02-23,2026-02-24 13:00:00,2026-02-24 19:00:00,1,43.0,48.0,0.2140515696455184,0.008986084706548412,0.1883127876120745,0.7486715964163146,7.740740740740741,2.658020319045907,-0.7999999999999999,
t2,strict,2026-02-23,2026-02-22 18:00:00,2026-02-23,2026-02-24 14:00:00,2026-02-24 20:00:00,1,44.0,48.0,0.18059923934876573,0.009505487451097548,0.15452956022053027,0.6428692400429089,6.953703703703705,2.5625407755463034,-1.2,
t2,strict,2026-02-23,2026-02-22 18:00:00,2026-02-23,2026-02-24 15:00:00,2026-02-24 21:00:00,1,45.0,48.0,0.17631157792807872,0.01047520597823845,0.08965164527354745,0.5332161023056448,6.157407407407407,2.5178886739658677,-1.5333333333333332,
t2,strict,2026-02-23,2026-02-22 18:00:00,2026-02-23,2026-02-24 16:00:00,2026-02-24 22:00:00,1,46.0,48.0,0.1503045041789908,0.007882492972483293,0.07552569681656265,0.4099076011146948,5.472222222222222,2.550114981673001,-1.9333333333333336,
t2,strict,2026-02-23,2026-02-22 18:00:00,2026-02-23,2026-02-24 17:00:00,2026-02-24 23:00:00,1,47.0,48.0,0.08520976306283488,0.008010950569590062,0.033432398256502294,0.2586906300908248,4.37962962962963,2.336032389566309,-2.266666666666667,
t2,strict,2026-02-24,2026-02-23 18:00:00,2026-02-24,2026-02-24 18:00:00,2026-02-25 00:00:00,1,24.0,48.0,0.04789451671723036,0.008074492339066363,0.017535021378040732,0.1605874301206028,2.175925925925926,1.2436050409765904,-2.533333333333333,
t2,strict,2026-02-24,2026-02-23 18:00:00,2026-02-24,2026-02-24 19:00:00,2026-02-25 01:00:00,1,25.0,48.0,0.05137688006931591,0.00834972580634229,0.018146213169695787,0.16262279653183007,1.0648148148148149,0.7138042174891865,-2.733333333333333,
t2,strict,2026-02-24,2026-02-23 18:00:00,2026-02-24,2026-02-24 20:00:00,2026-02-25 02:00:00,1,26.0,48.0,0.059310671435934464,0.00846963960032336,0.022847052065768304,0.1998687926066247,1.027777777777778,0.5739993977714395,-3.0,
t2,strict,2026-02-24,2026-02-23 18:00:00,2026-02-24,2026-02-24 21:00:00,2026-02-25 03:00:00,1,27.0,48.0,0.06821258886344415,0.00835287816061249,0.033570317288428436,0.22886819277285406,2.2222222222222228,1.233220715579062,-3.133333333333333,
t2,strict,2026-02-24,2026-02-23 18:00:00,2026-02-24,2026-02-24 22:00:00,2026-02-25 04:00:00,1,28.0,48.0,0.09503373777705211,0.009494230029774732,0.06142262826908104,0.3193283526314952,3.435185185185185,1.910887691505528,-3.033333333333333,
t2,strict,2026-02-24,2026-02-23 18:00:00,2026-02-24,2026-02-24 23:00:00,2026-02-25 05:00:00,1,29.0,48.0,0.18075767352317001,0.018975415432875235,0.12107248531741674,0.4567318339398475,4.5092592592592595,2.423097021779098,-2.6666666666666665,
t2,strict,2026-02-24,2026-02-23 18:00:00,2026-02-24,2026-02-25 00:00:00,2026-02-25 06:00:00,1,30.0,48.0,0.27330344867405215,0.02405020892577839,0.21714551577971442,0.6248030095702055,4.935185185185186,3.414332234720795,-2.266666666666667,
t2,strict,2026-02-24,2026-02-23 18:00:00,2026-02-24,2026-02-25 01:00:00,2026-02-25 07:00:00,1,31.0,48.0,0.35021272032042106,0.04191710097901401,0.29531034280409824,0.7533773862013395,6.064814814814814,3.8172299977820403,-2.1999999999999997,
t2,strict,2026-02-24,2026-02-23 18:00:00,2026-02-24,2026-02-25 02:00:00,2026-02-25 08:00:00,1,32.0,48.0,0.4039715737929377,0.04839818547750394,0.306420120118671,0.8114780313120556,7.296296296296297,3.750034293396007,-2.0,
t2,strict,2026-02-24,2026-02-23 18:00:00,2026-02-24,2026-02-25 03:00:00,2026-02-25 09:00:00,1,33.0,48.0,0.4718536757396137,0.09748272380582827,0.37875629884331075,0.9145162837099358,8.564814814814815,3.169873295231046,-1.2666666666666666,
t2,strict,2026-02-24,2026-02-23 18:00:00,2026-02-24,2026-02-25 04:00:00,2026-02-25 10:00:00,1,34.0,48.0,0.5751024613152104,0.13147299401377383,0.5389007184464709,0.9318423358797958,8.916666666666666,2.9566048680334363,-0.033333333333333326,
t2,strict,2026-02-24,2026-02-23 18:00:00,2026-02-24,2026-02-25 05:00:00,2026-02-25 11:00:00,1,35.0,48.0,0.6556769264217259,0.1642202010924384,0.5689154835486145,0.9348083183594922,8.620370370370372,2.8948034184164775,1.2333333333333334,
t2,strict,2026-02-24,2026-02-23 18:00:00,2026-02-24,2026-02-25 06:00:00,2026-02-25 12:00:00,1,36.0,48.0,0.7458411498001327,0.23360221017042068,0.7290580926783174,0.9455682034728028,8.925925925925926,1.7392379249748389,2.5333333333333337,
t2,strict,2026-02-24,2026-02-23 18:00:00,2026-02-24,2026-02-25 07:00:00,2026-02-25 13:00:00,1,37.0,48.0,0.6944422427544331,0.19321644690823978,0.700756241333565,0.9113013932686673,8.851851851851853,1.6162115943450825,3.4333333333333336,
t2,strict,2026-02-24,2026-02-23 18:00:00,2026-02-24,2026-02-25 08:00:00,2026-02-25 14:00:00,1,38.0,48.0,0.6441000391866606,0.1700038968089579,0.6820671250164031,0.869449024436826,8.148148148148147,1.5062455710024873,4.133333333333333,
t2,strict,2026-02-24,2026-02-23 18:00:00,2026-02-24,2026-02-25 09:00:00,2026-02-25 15:00:00,1,39.0,48.0,0.47660300123404614,0.10642104828782367,0.49188365013526086,0.8410705747334773,7.814814814814816,1.5318968042691525,4.533333333333333,
t2,strict,2026-02-24,2026-02-23 18:00:00,2026-02-24,2026-02-25 10:00:00,2026-02-25 16:00:00,1,40.0,48.0,0.3439480654251017,0.08438708834136577,0.3048323812856592,0.758596707634162,7.111111111111112,1.736722114704509,4.533333333333332,
t2,strict,2026-02-24,2026-02-23 18:00:00,2026-02-24,2026-02-25 11:00:00,2026-02-25 17:00:00,1,41.0,48.0,0.26814302900064174,0.04578503763344044,0.21315020200114185,0.6655751260201777,6.916666666666667,2.5043172599076984,4.266666666666667,
t2,strict,2026-02-24,2026-02-23 18:00:00,2026-02-24,2026-02-25 12:00:00,2026-02-25 18:00:00,1,42.0,48.0,0.2305939820689181,0.0197812715611399,0.144733729351504,0.5715937964199957,5.814814814814816,2.1100752819445208,3.266666666666667,
t2,strict,2026-02-24,2026-02-23 18:00:00,2026-02-24,2026-02-25 13:00:00,2026-02-25 19:00:00,1,43.0,48.0,0.26278453722595274,0.026667055547397532,0.17141431554250966,0.6476016243561199,6.305555555555556,1.529292178722312,2.8333333333333335,
t2,strict,2026-02-24,2026-02-23 18:00:00,2026-02-24,2026-02-25 14:00:00,2026-02-25 20:00:00,1,44.0,48.0,0.3254589347522603,0.04754948927900654,0.2183696748768737,0.7643615508304543,6.0740740740740735,0.5048631807487249,2.4,
t2,strict,2026-02-24,2026-02-23 18:00:00,2026-02-24,2026-02-25 15:00:00,2026-02-25 21:00:00,1,45.0,48.0,0.5772129127654435,0.1314979980494613,0.5163394405406244,0.9113734884682245,6.7407407407407405,0.3699071176932996,1.7666666666666666,
t2,strict,2026-02-24,2026-02-23 18:00:00,2026-02-24,2026-02-25 16:00:00,2026-02-25 22:00:00,1,46.0,48.0,0.7561838647635337,0.265546868028689,0.7153742110594894,0.9804478752559319,8.777777777777779,1.5275252316519468,1.6666666666666667,
t2,strict,2026-02-24,2026-02-23 18:00:00,2026-02-24,2026-02-25 17:00:00,2026-02-25 23:00:00,1,47.0,48.0,0.7650195528361303,0.3615193719863918,0.8171245443065966,0.981867612851703,10.555555555555555,2.592873662012958,1.8,
t2,strict,2026-02-25,2026-02-24 18:00:00,2026-02-25,2026-02-25 18:00:00,2026-02-26 00:00:00,1,24.0,48.0,0.829123605988433,0.5980094892072512,0.8805878101505472,0.9779823532410071,11.064814814814815,0.6163496015052827,1.5666666666666667,
t2,strict,2026-02-25,2026-02-24 18:00:00,2026-02-25,2026-02-25 19:00:00,2026-02-26 01:00:00,1,25.0,48.0,0.8246201447269776,0.6262197120572929,0.8759248267587462,0.9780897308963812,11.824074074074074,1.2128215919877785,1.5333333333333334,
t2,strict,2026-02-25,2026-02-24 18:00:00,2026-02-25,2026-02-25 20:00:00,2026-02-26 02:00:00,1,26.0,48.0,0.811084266549766,0.603252483073604,0.8717002370350249,0.9768106363676672,11.972222222222223,1.1097213530798995,1.4333333333333333,
t2,strict,2026-02-25,2026-02-24 18:00:00,2026-02-25,2026-02-25 21:00:00,2026-02-26 03:00:00,1,27.0,48.0,0.8173281015645066,0.589771663162039,0.8821859589196196,0.9743356389769318,12.037037037037038,1.438645768106428,1.3333333333333333,
t2,strict,2026-02-25,2026-02-24 18:00:00,2026-02-25,2026-02-25 22:00:00,2026-02-26 04:00:00,1,28.0,48.0,0.8376421702229935,0.5781004682036844,0.8916532375337366,0.9738657762517977,12.15740740740741,1.9385492645349012,1.3333333333333333,
t2,strict,2026-02-25,2026-02-24 18:00:00,2026-02-25,2026-02-25 23:00:00,2026-02-26 05:00:00,1,29.0,48.0,0.7653135107407658,0.5417930269233249,0.8609662515058699,0.9746596332257141,11.638888888888891,1.7166127283867085,1.3,
t2,strict,2026-02-25,2026-02-24 18:00:00,2026-02-25,2026-02-26 00:00:00,2026-02-26 06:00:00,1,30.0,48.0,0.7497721278945596,0.5064197575194884,0.8306088743765943,0.9732368857517074,11.055555555555557,0.8731240914167623,1.1666666666666667,
t2,strict,2026-02-25,2026-02-24 18:00:00,2026-02-25,2026-02-26 01:00:00,2026-02-26 07:00:00,1,31.0,48.0,0.7159258281063938,0.3908652054043891,0.7858294711559053,0.9712718847311962,10.712962962962962,0.46175769036265546,1.3,
t2,strict,2026-02-25,2026-02-24 18:00:00,2026-02-25,2026-02-26 02:00:00,2026-02-26 08:00:00,1,32.0,48.0,0.5635612679221567,0.19049893573186324,0.6202192093396348,0.9557919137120863,10.305555555555555,3.192874010111337,1.5999999999999999,
t2,strict,2026-02-25,2026-02-24 18:00:00,2026-02-25,2026-02-26 03:00:00,2026-02-26 09:00:00,1,33.0,48.0,0.683243666811757,0.3092182767774988,0.7515064527191133,0.9749938379038687,11.416666666666666,1.3752104216096181,1.5333333333333332,
t2,strict,2026-02-25,2026-02-24 18:00:00,2026-02-25,2026-02-26 04:00:00,2026-02-26 10:00:00,1,34.0,48.0,0.4209596420519645,0.0885480369961669,0.3511431905394664,0.8713279667687726,9.398148148148147,4.002057084219289,1.366666666666667,
t2,strict,2026-02-25,2026-02-24 18:00:00,2026-02-25,2026-02-26 05:00:00,2026-02-26 11:00:00,1,35.0,48.0,0.30473056170166646,0.014123366358850406,0.25327786843616573,0.7274929633333125,6.203703703703705,2.414643682870485,2.266666666666667,
t2,strict,2026-02-25,2026-02-24 18:00:00,2026-02-25,2026-02-26 06:00:00,2026-02-26 12:00:00,1,36.0,48.0,0.3681181213590253,0.03746285666477143,0.35962047039574624,0.710241119284297,8.101851851851853,1.3056540545979491,2.566666666666667,
t2,strict,2026-02-25,2026-02-24 18:00:00,2026-02-25,2026-02-26 07:00:00,2026-02-26 13:00:00,1,37.0,48.0,0.48019353965497497,0.05116393784570908,0.3689138574035149,0.8908003066177286,5.9444444444444455,4.44157893735889,2.5,
t2,strict,2026-02-25,2026-02-24 18:00:00,2026-02-25,2026-02-26 08:00:00,2026-02-26 14:00:00,1,38.0,48.0,0.44386209891972406,0.04136590123210944,0.40936485328170513,0.841657567891482,7.324074074074073,2.8819807003520412,1.8333333333333333,
t2,strict,2026-02-25,2026-02-24 18:00:00,2026-02-25,2026-02-26 09:00:00,2026-02-26 15:00:00,1,39.0,48.0,0.5334921194213866,0.08521871966564981,0.5119190747204859,0.9062503716867707,8.074074074074074,2.3515055154730997,1.2666666666666666,
t2,strict,2026-02-25,2026-02-24 18:00:00,2026-02-25,2026-02-26 10:00:00,2026-02-26 16:00:00,1,40.0,48.0,0.46630407202397844,0.09281580483420102,0.5174235850221499,0.8947571125074122,8.907407407407407,1.5610847500080893,1.2,
t2,strict,2026-02-25,2026-02-24 18:00:00,2026-02-25,2026-02-26 11:00:00,2026-02-26 17:00:00,1,41.0,48.0,0.49191255361472547,0.0883597440583533,0.5664191140841193,0.8855872803412145,8.212962962962962,0.8981004187394177,0.5333333333333333,
t2,strict,2026-02-25,2026-02-24 18:00:00,2026-02-25,2026-02-26 12:00:00,2026-02-26 18:00:00,1,42.0,48.0,0.5914918319773339,0.1037743776536665,0.6347528271449656,0.9365705929714286,8.675925925925926,0.6188483263521087,0.5666666666666668,
t2,strict,2026-02-25,2026-02-24 18:00:00,2026-02-25,2026-02-26 13:00:00,2026-02-26 19:00:00,1,43.0,48.0,0.646141705798013,0.21890280123721925,0.6524096247295627,0.9729597596856442,8.425925925925926,1.7687124190775554,0.8333333333333334,
t2,strict,2026-02-25,2026-02-24 18:00:00,2026-02-25,2026-02-26 14:00:00,2026-02-26 20:00:00,1,44.0,48.0,0.6255107330647309,0.28641589787837024,0.6658294278093029,0.9645903202960395,8.925925925925927,1.777850114269081,0.9333333333333332,
t2,strict,2026-02-25,2026-02-24 18:00:00,2026-02-25,2026-02-26 15:00:00,2026-02-26 21:00:00,1,45.0,48.0,0.757497529717666,0.38989473630956933,0.8214513028070711,0.9760601075446063,11.472222222222223,0.33793125168323424,0.9666666666666668,
t2,strict,2026-02-25,2026-02-24 18:00:00,2026-02-25,2026-02-26 16:00:00,2026-02-26 22:00:00,1,46.0,48.0,0.7420353913150761,0.44977802358746166,0.8167576789220029,0.970704897778387,11.833333333333334,1.1650120541950435,1.2333333333333334,
t2,strict,2026-02-25,2026-02-24 18:00:00,2026-02-25,2026-02-26 17:00:00,2026-02-26 23:00:00,1,47.0,48.0,0.7065372388807252,0.40555777004375826,0.7664909566311403,0.9732170094360595,11.25,1.0555555555555545,1.0999999999999999,
t2,strict,2026-02-26,2026-02-25 18:00:00,2026-02-26,2026-02-26 18:00:00,2026-02-27 00:00:00,1,24.0,48.0,0.8317061318428255,0.5623757778245251,0.8887163190950583,0.9788938581067141,11.694444444444445,2.328533422829607,0.06666666666666658,
t2,strict,2026-02-26,2026-02-25 18:00:00,2026-02-26,2026-02-26 19:00:00,2026-02-27 01:00:00,1,25.0,48.0,0.8464675927887081,0.5676788833876447,0.9009650059738523,0.9786336594236058,11.90740740740741,2.4199105516917983,-0.16666666666666666,
t2,strict,2026-02-26,2026-02-25 18:00:00,2026-02-26,2026-02-26 20:00:00,2026-02-27 02:00:00,1,26.0,48.0,0.8360530331520498,0.5658043746899734,0.8867251796241985,0.9739344023040678,11.842592592592593,1.7036030566084335,-0.3999999999999999,
t2,strict,2026-02-26,2026-02-25 18:00:00,2026-02-26,2026-02-26 21:00:00,2026-02-27 03:00:00,1,27.0,48.0,0.8011008398900802,0.5036460267743239,0.8393657094841882,0.9712612874345034,11.888888888888891,1.1824331474329306,-0.8333333333333334,
t2,strict,2026-02-26,2026-02-25 18:00:00,2026-02-26,2026-02-26 22:00:00,2026-02-27 04:00:00,1,28.0,48.0,0.7969135932140012,0.49410706236918656,0.8482480437964113,0.9656879672306056,11.518518518518519,0.7506855577299745,-0.9666666666666668,
t2,strict,2026-02-26,2026-02-25 18:00:00,2026-02-26,2026-02-26 23:00:00,2026-02-27 05:00:00,1,29.0,48.0,0.7022689063378869,0.37916886406505845,0.7542904640304366,0.9484819214260242,10.24074074074074,1.5640475875008022,-0.9333333333333332,
t2,strict,2026-02-26,2026-02-25 18:00:00,2026-02-26,2026-02-27 00:00:00,2026-02-27 06:00:00,1,30.0,48.0,0.6929051634971747,0.3520755703784681,0.7439021752929623,0.939998987604581,9.555555555555555,0.8664707755823451,-0.8000000000000002,
t2,strict,2026-02-26,2026-02-25 18:00:00,2026-02-26,2026-02-27 01:00:00,2026-02-27 07:00:00,1,31.0,48.0,0.5720570793783386,0.21196759011989455,0.5898955655435557,0.9219478861612442,8.574074074074074,1.7396815138258288,-0.7000000000000001,
t2,strict,2026-02-26,2026-02-25 18:00:00,2026-02-26,2026-02-27 02:00:00,2026-02-27 08:00:00,1,32.0,48.0,0.4475465440771549,0.07492506377233825,0.46836118537012417,0.8714654585128083,8.175925925925926,2.0184972815736377,-0.7333333333333334,
t2,strict,2026-02-26,2026-02-25 18:00:00,2026-02-26,2026-02-27 03:00:00,2026-02-27 09:00:00,1,33.0,48.0,0.38681064599271425,0.04685107582362822,0.3598870688873522,0.8399323034398021,7.87962962962963,1.8224282855484542,-0.4666666666666666,
t2,strict,2026-02-26,2026-02-25 18:00:00,2026-02-26,2026-02-27 04:00:00,2026-02-27 10:00:00,1,34.0,48.0,0.31549732938670527,0.034265123916047455,0.2999428335022289,0.7330581486641089,6.9259259259259265,1.3657328938883178,-0.0333333333333334,
t2,strict,2026-02-26,2026-02-25 18:00:00,2026-02-26,2026-02-27 05:00:00,2026-02-27 11:00:00,1,35.0,48.0,0.2627185781426735,0.043792835822145416,0.25695239034644174,0.675422504484965,6.185185185185186,0.7398142353865996,0.7000000000000001,
t2,strict,2026-02-26,2026-02-25 18:00:00,2026-02-26,2026-02-27 06:00:00,2026-02-27 12:00:00,1,36.0,48.0,0.28772543310155685,0.034537576957378066,0.2665867244462821,0.7271479607314879,6.5,1.709405715807271,0.4666666666666666,
t2,strict,2026-02-26,2026-02-25 18:00:00,2026-02-26,2026-02-27 07:00:00,2026-02-27 13:00:00,1,37.0,48.0,0.38936049247790794,0.05949422582675473,0.4106787004080297,0.8584232106258353,7.361111111111112,2.3334986713908195,0.6,
t2,strict,2026-02-26,2026-02-25 18:00:00,2026-02-26,2026-02-27 08:00:00,2026-02-27 14:00:00,1,38.0,48.0,0.5875009318920815,0.15718678385423412,0.5426356002756274,0.9630532642974887,8.685185185185185,2.6559874900543305,0.5333333333333333,
t2,strict,2026-02-26,2026-02-25 18:00:00,2026-02-26,2026-02-27 09:00:00,2026-02-27 15:00:00,1,39.0,48.0,0.699631184798872,0.2901921626970639,0.7449130477534831,0.9690126521473267,9.861111111111112,2.647500568320857,0.20000000000000004,
t2,strict,2026-02-26,2026-02-25 18:00:00,2026-02-26,2026-02-27 10:00:00,2026-02-27 16:00:00,1,40.0,48.0,0.8262214868040715,0.42541125792471546,0.8587226374857879,0.9751970407165196,10.833333333333334,2.5289984842489193,-0.4666666666666666,
t2,strict,2026-02-26,2026-02-25 18:00:00,2026-02-26,2026-02-27 11:00:00,2026-02-27 17:00:00,1,41.0,48.0,0.8050038530858565,0.48361073924355585,0.8732843300342117,0.9719020692018127,11.740740740740742,2.4203887896377534,-1.6000000000000003,
t2,strict,2026-02-26,2026-02-25 18:00:00,2026-02-26,2026-02-27 12:00:00,2026-02-27 18:00:00,1,42.0,48.0,0.8222483376246007,0.4898796705978301,0.8830859582226145,0.973870010905317,11.796296296296296,2.0998113769884292,-2.6333333333333333,
t2,strict,2026-02-26,2026-02-25 18:00:00,2026-02-26,2026-02-27 13:00:00,2026-02-27 19:00:00,1,43.0,48.0,0.8313409762128522,0.5008890972832464,0.8803957601148142,0.9760748633461027,11.870370370370372,1.9956227820071222,-3.5,
t2,strict,2026-02-26,2026-02-25 18:00:00,2026-02-26,2026-02-27 14:00:00,2026-02-27 20:00:00,1,44.0,48.0,0.8170884247959741,0.5324082211178408,0.8597317255283229,0.9742700720626,11.444444444444445,2.032908273725776,-4.1,
t2,strict,2026-02-26,2026-02-25 18:00:00,2026-02-26,2026-02-27 15:00:00,2026-02-27 21:00:00,1,45.0,48.0,0.7979841602891813,0.5720063756005814,0.8097753624561108,0.9714525375685399,11.055555555555557,2.1886350670658015,-4.566666666666666,
t2,strict,2026-02-26,2026-02-25 18:00:00,2026-02-26,2026-02-27 16:00:00,2026-02-27 22:00:00,1,46.0,48.0,0.7752298988104174,0.5333961665301098,0.7791997277089534,0.9723305284649185,10.481481481481483,2.5580201481202804,-4.8,
t2,strict,2026-02-26,2026-02-25 18:00:00,2026-02-26,2026-02-27 17:00:00,2026-02-27 23:00:00,1,47.0,48.0,0.734627000285621,0.41537581775019905,0.7267572785012338,0.9594123921503075,10.037037037037038,2.9518164178364916,-4.966666666666667,
t2,strict,2026-02-27,2026-02-26 18:00:00,2026-02-27,2026-02-27 18:00:00,2026-02-28 00:00:00,1,24.0,48.0,0.6596554737377106,0.30582789490516904,0.6055394805369785,0.9525260662373555,9.75925925925926,2.6974973159481226,-4.733333333333333,
t2,strict,2026-02-27,2026-02-26 18:00:00,2026-02-27,2026-02-27 19:00:00,2026-02-28 01:00:00,1,25.0,48.0,0.7024791734152204,0.2780901908958816,0.6252870941949745,0.9641893520585086,9.935185185185185,3.1389298587952252,-5.2,
t2,strict,2026-02-27,2026-02-26 18:00:00,2026-02-27,2026-02-27 20:00:00,2026-02-28 02:00:00,1,26.0,48.0,0.742776195827289,0.3258954776165508,0.721281869650753,0.9631950679766574,10.185185185185185,3.439549987313215,-5.666666666666667,
t2,strict,2026-02-27,2026-02-26 18:00:00,2026-02-27,2026-02-27 21:00:00,2026-02-28 03:00:00,1,27.0,48.0,0.8105555901767718,0.35421063543809167,0.8193516354010173,0.9631995733997063,10.370370370370372,3.4401107743672577,-6.2,
t2,strict,2026-02-27,2026-02-26 18:00:00,2026-02-27,2026-02-27 22:00:00,2026-02-28 04:00:00,1,28.0,48.0,0.8173083855463725,0.4051802627258069,0.8520907721041323,0.9700214086052962,10.648148148148149,2.913402053035891,-6.733333333333333,
t2,strict,2026-02-27,2026-02-26 18:00:00,2026-02-27,2026-02-27 23:00:00,2026-02-28 05:00:00,1,29.0,48.0,0.8392081859982169,0.490175205350415,0.8710923665800695,0.9739421373507781,11.092592592592593,2.4422865054054563,-7.366666666666667,
t2,strict,2026-02-27,2026-02-26 18:00:00,2026-02-27,2026-02-28 00:00:00,2026-02-28 06:00:00,1,30.0,48.0,0.8392470900051622,0.5049588308369222,0.8639511910544112,0.9743023738424678,11.759259259259261,2.27647885276323,-7.866666666666667,
t2,strict,2026-02-27,2026-02-26 18:00:00,2026-02-27,2026-02-28 01:00:00,2026-02-28 07:00:00,1,31.0,48.0,0.8224389279855111,0.5642681454527748,0.8526521418047505,0.9738150576079443,11.555555555555557,2.025493386014904,-8.133333333333333,
t2,strict,2026-02-27,2026-02-26 18:00:00,2026-02-27,2026-02-28 02:00:00,2026-02-28 08:00:00,1,32.0,48.0,0.822754123831197,0.5710080859761465,0.8523616382377367,0.9737588363483024,11.157407407407407,1.8954814149019463,-8.200000000000001,
t2,strict,2026-02-27,2026-02-26 18:00:00,2026-02-27,2026-02-28 03:00:00,2026-02-28 09:00:00,1,33.0,48.0,0.8211919270074242,0.5629950352922082,0.8509698772808612,0.9751763749603897,10.925925925925926,1.8262348547916742,-8.166666666666666,
t2,strict,2026-02-27,2026-02-26 18:00:00,2026-02-27,2026-02-28 04:00:00,2026-02-28 10:00:00,1,34.0,48.0,0.8013682289633587,0.55931248692114,0.8181080498885841,0.9736323530475441,10.64814814814815,1.486132744736965,-7.966666666666666,
t2,strict,2026-02-27,2026-02-26 18:00:00,2026-02-27,2026-02-28 05:00:00,2026-02-28 11:00:00,1,35.0,48.0,0.8173632794462965,0.570230361958492,0.8328452774462052,0.9717656349117589,10.731481481481483,1.2793870703271026,-7.666666666666667,
t2,strict,2026-02-27,2026-02-26 18:00:00,2026-02-27,2026-02-28 06:00:00,2026-02-28 12:00:00,1,36.0,48.0,0.8482453837939496,0.610505549556294,0.8736126492083506,0.9707869952860683,10.314814814814815,0.8608123735093686,-6.466666666666666,
t2,strict,2026-02-27,2026-02-26 18:00:00,2026-02-27,2026-02-28 07:00:00,2026-02-28 13:00:00,1,37.0,48.0,0.8647270185857805,0.558297728699544,0.8918431159394299,0.9677532822895591,10.620370370370372,0.6528270272989757,-6.266666666666667,
t2,strict,2026-02-27,2026-02-26 18:00:00,2026-02-27,2026-02-28 08:00:00,2026-02-28 14:00:00,1,38.0,48.0,0.8336278365758087,0.5253812726267847,0.8671395224384959,0.9624888379021816,10.805555555555557,0.8069910581296647,-6.133333333333333,
t2,strict,2026-02-27,2026-02-26 18:00:00,2026-02-27,2026-02-28 09:00:00,2026-02-28 15:00:00,1,39.0,48.0,0.7752167765457595,0.48037699584148646,0.7935443533633755,0.9640401019783262,10.888888888888891,1.1097213530798995,-6.166666666666667,
t2,strict,2026-02-27,2026-02-26 18:00:00,2026-02-27,2026-02-28 10:00:00,2026-02-28 16:00:00,1,40.0,48.0,0.7422979716281438,0.45944446503686615,0.7409590338374935,0.9631593932691649,10.592592592592593,1.5189983433428058,-6.2,
t2,strict,2026-02-27,2026-02-26 18:00:00,2026-02-27,2026-02-28 11:00:00,2026-02-28 17:00:00,1,41.0,48.0,0.708086706560653,0.3901865850543299,0.6917277232835084,0.9565607956504845,10.157407407407407,1.8975157031290675,-6.333333333333333,
t2,strict,2026-02-27,2026-02-26 18:00:00,2026-02-27,2026-02-28 12:00:00,2026-02-28 18:00:00,1,42.0,48.0,0.6770830481097904,0.244722495814944,0.6280624046980156,0.9304406464855169,9.944444444444445,2.466441431158123,-6.866666666666667,
t2,strict,2026-02-27,2026-02-26 18:00:00,2026-02-27,2026-02-28 13:00:00,2026-02-28 19:00:00,1,43.0,48.0,0.5844782385868947,0.1541130086216309,0.5505188166185513,0.9012660932619031,9.444444444444445,2.4584510329639446,-7.233333333333333,
t2,strict,2026-02-27,2026-02-26 18:00:00,2026-02-27,2026-02-28 14:00:00,2026-02-28 20:00:00,1,44.0,48.0,0.45333177623848697,0.07517898474972073,0.44588514013200625,0.8446070932392014,8.675925925925926,2.0796881690913276,-7.2,
t2,strict,2026-02-27,2026-02-26 18:00:00,2026-02-27,2026-02-28 15:00:00,2026-02-28 21:00:00,1,45.0,48.0,0.2892786601256437,0.04357223053461808,0.2929353393330208,0.7911358426736895,7.842592592592593,1.680115491817042,-7.366666666666666,
t2,strict,2026-02-27,2026-02-26 18:00:00,2026-02-27,2026-02-28 16:00:00,2026-02-28 22:00:00,1,46.0,48.0,0.21702512832319004,0.03304447541812724,0.21275662649246918,0.7674822760118128,7.240740740740741,1.428689001628586,-7.633333333333333,
t2,strict,2026-02-27,2026-02-26 18:00:00,2026-02-27,2026-02-28 17:00:00,2026-02-28 23:00:00,1,47.0,48.0,0.2182805292706397,0.01766774800898319,0.17514926765016134,0.6229187455903048,6.518518518518518,1.0323970270197302,-7.966666666666666,
