turbine,policy,issue_date,issue_time_utc,issue_time_local,time_utc,time_local,horizon_day,lead_hours,nwp_lead_hours,forecast,p10,p50,p90,wind_speed_100m,ws100_ens_std,temperature_2m,power
t1,rolling,2026-01-31,2026-01-31 18:00:00,2026-02-01,2026-01-31 18:00:00,2026-02-01 00:00:00,1,0.0,24.0,0.06709900594863272,0.0,0.0,0.21793403941587888,3.6203703703703702,1.8194621147007366,-2.066666666666667,
t1,rolling,2026-01-31,2026-01-31 18:00:00,2026-02-01,2026-01-31 19:00:00,2026-02-01 01:00:00,1,1.0,24.0,0.028978374247822423,0.0,0.0,0.15981526760459563,3.2870370370370376,2.1463314476398034,-2.3666666666666667,
t1,rolling,2026-01-31,2026-01-31 18:00:00,2026-02-01,2026-01-31 20:00:00,2026-02-01 02:00:00,1,2.0,24.0,0.035841254834397145,0.0,0.0,0.15027390613999952,2.8518518518518516,2.152792712015105,-2.433333333333333,
t1,rolling,2026-01-31,2026-01-31 18:00:00,2026-02-01,2026-01-31 21:00:00,2026-02-01 03:00:00,1,3.0,24.0,0.03950945326759247,0.0,0.0,0.16671828784465678,2.6203703703703702,3.1102842816625627,-2.5,
t1,rolling,2026-01-31,2026-01-31 18:00:00,2026-02-01,2026-01-31 22:00:00,2026-02-01 04:00:00,1,4.0,24.0,0.05059116446076945,0.0,0.0,0.20881117053596585,3.3333333333333335,4.259068031133943,-2.6,
t1,rolling,2026-01-31,2026-01-31 18:00:00,2026-02-01,2026-01-31 23:00:00,2026-02-01 05:00:00,1,5.0,24.0,0.07681108912855106,0.0,0.0019488332006115175,0.31525275758599686,4.166666666666667,5.389747926948846,-2.866666666666667,
t1,rolling,2026-01-31,2026-01-31 18:00:00,2026-02-01,2026-02-01 00:00:00,2026-02-01 06:00:00,1,6.0,24.0,0.1062451843493476,0.0,0.04170099264074193,0.42867896843775144,4.398148148148148,5.554189646901234,-2.6333333333333333,
t1,rolling,2026-01-31,2026-01-31 18:00:00,2026-02-01,2026-02-01 01:00:00,2026-02-01 07:00:00,1,7.0,24.0,0.15348161361289356,0.0,0.059193647868753994,0.6300517977409937,5.638888888888889,5.2779970714675235,-2.766666666666667,
t1,rolling,2026-01-31,2026-01-31 18:00:00,2026-02-01,2026-02-01 02:00:00,2026-02-01 08:00:00,1,8.0,24.0,0.1382822550397981,0.0,0.0761522325969394,0.6205804615053736,6.777777777777779,4.150338376804393,-2.766666666666667,
t1,rolling,2026-01-31,2026-01-31 18:00:00,2026-02-01,2026-02-01 03:00:00,2026-02-01 09:00:00,1,9.0,24.0,0.26182457761888905,0.0,0.1758538761418933,0.7119115142472736,7.546296296296297,2.208697267938542,-2.266666666666667,
t1,rolling,2026-01-31,2026-01-31 18:00:00,2026-02-01,2026-02-01 04:00:00,2026-02-01 10:00:00,1,10.0,24.0,0.4141886438348397,0.006116110742985126,0.37350715636107074,0.8731804049348308,8.62962962962963,2.3950716717370275,-0.4666666666666666,
t1,rolling,2026-01-31,2026-01-31 18:00:00,2026-02-01,2026-02-01 05:00:00,2026-02-01 11:00:00,1,11.0,24.0,0.4102078912483761,0.0,0.4175922156256338,0.8509505530647523,8.250000000000002,2.3575135991909724,1.8333333333333333,
t1,rolling,2026-01-31,2026-01-31 18:00:00,2026-02-01,2026-02-01 06:00:00,2026-02-01 12:00:00,1,12.0,24.0,0.2686321628770415,0.0,0.25793161691830774,0.7153171007302939,7.324074074074075,2.8977339663809203,3.2000000000000006,
t1,rolling,2026-01-31,2026-01-31 18:00:00,2026-02-01,2026-02-01 07:00:00,2026-02-01 13:00:00,1,13.0,24.0,0.2163536886542171,0.0,0.22221382578038087,0.6770778766641853,7.027777777777778,3.738046793067269,4.3999999999999995,
t1,rolling,2026-01-31,2026-01-31 18:00:00,2026-02-01,2026-02-01 08:00:00,2026-02-01 14:00:00,1,14.0,24.0,0.2425367491094694,0.0,0.23442015427820753,0.675746205795831,6.842592592592593,3.6885221258996173,5.400000000000001,
t1,rolling,2026-01-31,2026-01-31 18:00:00,2026-02-01,2026-02-01 09:00:00,2026-02-01 15:00:00,1,15.0,24.0,0.2318109620110921,0.0,0.1840550468360834,0.6930456858561201,6.5,3.57147045830816,5.8,
t1,rolling,2026-01-31,2026-01-31 18:00:00,2026-02-01,2026-02-01 10:00:00,2026-02-01 16:00:00,1,16.0,24.0,0.24493315042177763,0.0,0.17942978375934363,0.6443791303005428,6.583333333333333,3.452834763094604,5.166666666666667,
t1,rolling,2026-01-31,2026-01-31 18:00:00,2026-02-01,2026-02-01 11:00:00,2026-02-01 17:00:00,1,17.0,24.0,0.21315464422109318,0.0,0.16177549537936056,0.6076133205778437,6.916666666666667,3.329975160252886,3.6999999999999997,
t1,rolling,2026-01-31,2026-01-31 18:00:00,2026-02-01,2026-02-01 12:00:00,2026-02-01 18:00:00,1,18.0,24.0,0.21481428213721382,0.0,0.13031684875657865,0.6417587609880532,6.287037037037037,3.340540048993582,2.0,
t1,rolling,2026-01-31,2026-01-31 18:00:00,2026-02-01,2026-02-01 13:00:00,2026-02-01 19:00:00,1,19.0,24.0,0.20916202934120878,0.0,0.11460641236594488,0.6476639306397736,6.777777777777778,3.3555969460287582,0.8000000000000002,
t1,rolling,2026-01-31,2026-01-31 18:00:00,2026-02-01,2026-02-01 14:00:00,2026-02-01 20:00:00,1,20.0,24.0,0.23175424492024618,0.0,0.16577875588175317,0.6475115677942478,7.018518518518519,2.944619142266809,0.3,
t1,rolling,2026-01-31,2026-01-31 18:00:00,2026-02-01,2026-02-01 15:00:00,2026-02-01 21:00:00,1,21.0,24.0,0.24835873471130546,0.0023953905933127018,0.18416290250170747,0.6424879199562107,7.314814814814816,2.8087623770150048,-0.1333333333333334,
t1,rolling,2026-01-31,2026-01-31 18:00:00,2026-02-01,2026-02-01 16:00:00,2026-02-01 22:00:00,1,22.0,24.0,0.25349519082366373,0.033445272538353665,0.21358603916609437,0.6537739430521239,7.500000000000001,2.530523539253498,-0.2333333333333333,
t1,rolling,2026-01-31,2026-01-31 18:00:00,2026-02-01,2026-02-01 17:00:00,2026-02-01 23:00:00,1,23.0,24.0,0.23718817778302473,0.021889082083880823,0.18285785963468285,0.6592695295171079,7.694444444444444,2.550114981673,-0.6,
t1,rolling,2026-01-31,2026-01-31 18:00:00,2026-02-01,2026-02-01 18:00:00,2026-02-02 00:00:00,2,24.0,48.0,0.19768977835981338,0.0,0.16700605265461366,0.6752959282910905,7.648148148148149,4.283756043896688,-0.8333333333333334,
t1,rolling,2026-01-31,2026-01-31 18:00:00,2026-02-01,2026-02-01 19:00:00,2026-02-02 01:00:00,2,25.0,48.0,0.24585213294742295,0.005183023938288622,0.17100873411150422,0.7015392895968205,7.990740740740741,4.0690731090849415,-1.0,
t1,rolling,2026-01-31,2026-01-31 18:00:00,2026-02-01,2026-02-01 20:00:00,2026-02-02 02:00:00,2,26.0,48.0,0.331092583100776,0.02806151348553973,0.27212579146631977,0.7819240302324689,8.416666666666666,3.828197042028087,-1.2,
t1,rolling,2026-01-31,2026-01-31 18:00:00,2026-02-01,2026-02-01 21:00:00,2026-02-02 03:00:00,2,27.0,48.0,0.4429611295348016,0.12104916773257374,0.4819110777900605,0.8557009132682729,8.87037037037037,3.298116434642796,-1.4333333333333336,
t1,rolling,2026-01-31,2026-01-31 18:00:00,2026-02-01,2026-02-01 22:00:00,2026-02-02 04:00:00,2,28.0,48.0,0.4764677131960309,0.14373826103666526,0.4274650741263485,0.9351613215672167,9.416666666666666,2.7927374950126236,-1.5666666666666667,
t1,rolling,2026-01-31,2026-01-31 18:00:00,2026-02-01,2026-02-01 23:00:00,2026-02-02 05:00:00,2,29.0,48.0,0.5567882078327406,0.2472274046207929,0.5258304877872918,0.9457048410760827,9.972222222222221,2.4423918149588077,-1.6333333333333335,
t1,rolling,2026-01-31,2026-01-31 18:00:00,2026-02-01,2026-02-02 00:00:00,2026-02-02 06:00:00,2,30.0,48.0,0.6204035677550577,0.32673382393685224,0.6698391658344359,0.9593593628303212,10.462962962962964,1.523563210361513,-1.9666666666666668,
t1,rolling,2026-01-31,2026-01-31 18:00:00,2026-02-01,2026-02-02 01:00:00,2026-02-02 07:00:00,2,31.0,48.0,0.6239636042904094,0.3738090958733589,0.6797854700582061,0.9671368555602997,10.731481481481483,1.2946749119265486,-2.1,
t1,rolling,2026-01-31,2026-01-31 18:00:00,2026-02-01,2026-02-02 02:00:00,2026-02-02 08:00:00,2,32.0,48.0,0.6204294977169608,0.3450954232879235,0.6921151888705851,0.9663235665184868,10.944444444444445,1.1399046960379555,-2.1333333333333333,
t1,rolling,2026-01-31,2026-01-31 18:00:00,2026-02-01,2026-02-02 03:00:00,2026-02-02 09:00:00,2,33.0,48.0,0.6982764812992992,0.36530352433029273,0.7565151802704879,0.9630117980524813,11.314814814814815,0.8890335530429742,-1.3,
t1,rolling,2026-01-31,2026-01-31 18:00:00,2026-02-01,2026-02-02 04:00:00,2026-02-02 10:00:00,2,34.0,48.0,0.8005579541222415,0.5490856821975533,0.8418392186462572,0.9694174075974153,11.444444444444445,0.7222222222222228,0.9999999999999999,
t1,rolling,2026-01-31,2026-01-31 18:00:00,2026-02-01,2026-02-02 05:00:00,2026-02-02 11:00:00,2,35.0,48.0,0.8343099779917748,0.5810740120808613,0.8619248575164373,0.9687349158698305,12.287037037037038,1.2064427525690304,3.3000000000000003,
t1,rolling,2026-01-31,2026-01-31 18:00:00,2026-02-01,2026-02-02 06:00:00,2026-02-02 12:00:00,2,36.0,48.0,0.8796203848660366,0.6225620517997841,0.9159589615874277,0.9637228905959017,11.722222222222223,2.028158259585757,5.066666666666667,
t1,rolling,2026-01-31,2026-01-31 18:00:00,2026-02-01,2026-02-02 07:00:00,2026-02-02 13:00:00,2,37.0,48.0,0.8876806815058468,0.6612120150599885,0.92645081218622,0.963329837317477,11.981481481481483,1.972287427195451,6.5,
t1,rolling,2026-01-31,2026-01-31 18:00:00,2026-02-01,2026-02-02 08:00:00,2026-02-02 14:00:00,2,38.0,48.0,0.8917275545048129,0.6579906434079825,0.9261811656775615,0.963166987739849,12.416666666666666,2.0178600692960003,7.333333333333333,
t1,rolling,2026-01-31,2026-01-31 18:00:00,2026-02-01,2026-02-02 09:00:00,2026-02-02 15:00:00,2,39.0,48.0,0.8899346909255859,0.6606723561633473,0.9232306271726795,0.9616109563167122,12.435185185185185,1.8655282022127215,7.566666666666667,
t1,rolling,2026-01-31,2026-01-31 18:00:00,2026-02-01,2026-02-02 10:00:00,2026-02-02 16:00:00,2,40.0,48.0,0.8499313605943649,0.6072827808427836,0.9120658071229851,0.9611463851192494,12.324074074074076,1.620026418521568,6.8,
t1,rolling,2026-01-31,2026-01-31 18:00:00,2026-02-01,2026-02-02 11:00:00,2026-02-02 17:00:00,2,41.0,48.0,0.6992262545504477,0.34755533687527207,0.7878911252630497,0.9669066215151065,12.101851851851853,1.2172668906725317,5.3,
t1,rolling,2026-01-31,2026-01-31 18:00:00,2026-02-01,2026-02-02 12:00:00,2026-02-02 18:00:00,2,42.0,48.0,0.5556885562395716,0.1317255704115351,0.6734517533120183,0.9362499050668174,10.305555555555557,0.6092142277628142,3.3666666666666667,
t1,rolling,2026-01-31,2026-01-31 18:00:00,2026-02-01,2026-02-02 13:00:00,2026-02-02 19:00:00,2,43.0,48.0,0.2875887076984457,0.0188762607074498,0.24096154327400068,0.8153399304152887,8.296296296296296,1.9613025821963428,1.9666666666666668,
t1,rolling,2026-01-31,2026-01-31 18:00:00,2026-02-01,2026-02-02 14:00:00,2026-02-02 20:00:00,2,44.0,48.0,0.2386803198362392,0.0,0.15455385939863062,0.717554154236312,7.064814814814816,2.3280915549148506,1.0666666666666667,
t1,rolling,2026-01-31,2026-01-31 18:00:00,2026-02-01,2026-02-02 15:00:00,2026-02-02 21:00:00,2,45.0,48.0,0.2274692495047467,0.0,0.16605632260750125,0.6785871540364622,6.805555555555556,1.9497942278261562,0.6666666666666666,
t1,rolling,2026-01-31,2026-01-31 18:00:00,2026-02-01,2026-02-02 16:00:00,2026-02-02 22:00:00,2,46.0,48.0,0.21870703616766946,0.0,0.1771595012496194,0.6779464554713162,6.6944444444444455,1.0555555555555558,0.2666666666666666,
t1,rolling,2026-01-31,2026-01-31 18:00:00,2026-02-01,2026-02-02 17:00:00,2026-02-02 23:00:00,2,47.0,48.0,0.2502762118307501,0.0,0.18313241202097108,0.6827394376985487,6.8240740740740735,0.4206598774666875,-0.09999999999999994,
t1,rolling,2026-02-01,2026-02-01 18:00:00,2026-02-02,2026-02-01 18:00:00,2026-02-02 00:00:00,1,0.0,24.0,0.24140440758149312,0.0,0.22135096463248222,0.6632283101241037,7.796296296296297,2.619421369836705,-0.7999999999999999,
t1,rolling,2026-02-01,2026-02-01 18:00:00,2026-02-02,2026-02-01 19:00:00,2026-02-02 01:00:00,1,1.0,24.0,0.35428525140572276,0.03156796855203847,0.3048873806908501,0.7215154383521623,8.0,3.0224213578185175,-0.9666666666666667,
t1,rolling,2026-02-01,2026-02-01 18:00:00,2026-02-02,2026-02-01 20:00:00,2026-02-02 02:00:00,1,2.0,24.0,0.4379200494880954,0.06924091114915754,0.4253575610415016,0.8573910892228294,8.481481481481481,3.328855016392965,-1.1333333333333333,
t1,rolling,2026-02-01,2026-02-01 18:00:00,2026-02-02,2026-02-01 21:00:00,2026-02-02 03:00:00,1,3.0,24.0,0.4738018158641475,0.1765546661270611,0.45960514727395807,0.9383284666473478,9.055555555555555,3.0815810836823103,-1.366666666666667,
t1,rolling,2026-02-01,2026-02-01 18:00:00,2026-02-02,2026-02-01 22:00:00,2026-02-02 04:00:00,1,4.0,24.0,0.6218376722306174,0.27414521190743607,0.5693391050841886,0.9579239051471324,9.814814814814815,2.3863574011640702,-1.6333333333333335,
t1,rolling,2026-02-01,2026-02-01 18:00:00,2026-02-02,2026-02-01 23:00:00,2026-02-02 05:00:00,1,5.0,24.0,0.7186868849317624,0.3750821397119574,0.7105432008897328,0.9625420244147869,10.36111111111111,1.927705730321941,-1.8333333333333333,
t1,rolling,2026-02-01,2026-02-01 18:00:00,2026-02-02,2026-02-02 00:00:00,2026-02-02 06:00:00,1,6.0,24.0,0.6782858258904182,0.36096148270694944,0.7340506335061355,0.9696522936702059,11.101851851851853,1.307130649544805,-1.7666666666666666,
t1,rolling,2026-02-01,2026-02-01 18:00:00,2026-02-02,2026-02-02 01:00:00,2026-02-02 07:00:00,1,7.0,24.0,0.691295568771001,0.36484753729028063,0.7491356082395468,0.9691009496311431,11.481481481481481,1.1153852976168908,-1.8333333333333333,
t1,rolling,2026-02-01,2026-02-01 18:00:00,2026-02-02,2026-02-02 02:00:00,2026-02-02 08:00:00,1,8.0,24.0,0.7368342424063318,0.39580971072595805,0.7723029009141417,0.9723907905423966,11.740740740740742,1.0323970270197296,-1.9000000000000001,
t1,rolling,2026-02-01,2026-02-01 18:00:00,2026-02-02,2026-02-02 03:00:00,2026-02-02 09:00:00,1,9.0,24.0,0.7421760269341984,0.4326169687141229,0.7807936324012208,0.9721761041915932,12.101851851851853,1.4662702887499235,-1.0333333333333334,
t1,rolling,2026-02-01,2026-02-01 18:00:00,2026-02-02,2026-02-02 04:00:00,2026-02-02 10:00:00,1,10.0,24.0,0.8216155088765755,0.5903464074579641,0.8548944913059199,0.9660320226264856,12.148148148148147,1.12811069707541,0.8999999999999999,
t1,rolling,2026-02-01,2026-02-01 18:00:00,2026-02-02,2026-02-02 05:00:00,2026-02-02 11:00:00,1,11.0,24.0,0.8564420390447118,0.6146870891035003,0.8732640623132142,0.9644594646422588,12.537037037037038,1.5836581862980428,3.1999999999999997,
t1,rolling,2026-02-01,2026-02-01 18:00:00,2026-02-02,2026-02-02 06:00:00,2026-02-02 12:00:00,1,12.0,24.0,0.8856438931090138,0.6278559815163527,0.9196648899087912,0.9597874972229626,11.842592592592593,1.7849969164593942,5.433333333333334,
t1,rolling,2026-02-01,2026-02-01 18:00:00,2026-02-02,2026-02-02 07:00:00,2026-02-02 13:00:00,1,13.0,24.0,0.8874859531200479,0.6538628298166802,0.9210463421956201,0.9596458363327935,12.333333333333334,1.9545372980280313,6.8,
t1,rolling,2026-02-01,2026-02-01 18:00:00,2026-02-02,2026-02-02 08:00:00,2026-02-02 14:00:00,1,14.0,24.0,0.8901698294148207,0.6600725317922895,0.9197599141147653,0.9577988410948698,12.527777777777779,1.9955583395179788,7.6000000000000005,
t1,rolling,2026-02-01,2026-02-01 18:00:00,2026-02-02,2026-02-02 09:00:00,2026-02-02 15:00:00,1,15.0,24.0,0.8721107701698455,0.6322123295397486,0.9117478499383395,0.9590293973082888,12.407407407407407,1.8799488873184929,7.766666666666667,
t1,rolling,2026-02-01,2026-02-01 18:00:00,2026-02-02,2026-02-02 10:00:00,2026-02-02 16:00:00,1,16.0,24.0,0.8109233341568175,0.4180037079006848,0.8955835361343194,0.9522169616995072,11.851851851851853,1.1153852976168896,7.133333333333333,
t1,rolling,2026-02-01,2026-02-01 18:00:00,2026-02-02,2026-02-02 11:00:00,2026-02-02 17:00:00,1,17.0,24.0,0.6724127008201523,0.21793775995224496,0.7523908339606276,0.9526678306678513,10.657407407407408,1.2201160303725291,5.6000000000000005,
t1,rolling,2026-02-01,2026-02-01 18:00:00,2026-02-02,2026-02-02 12:00:00,2026-02-02 18:00:00,1,18.0,24.0,0.33014490750039693,0.02575113400329959,0.3164303236782478,0.8272776524746763,8.935185185185187,3.0878761995695867,3.4333333333333336,
t1,rolling,2026-02-01,2026-02-01 18:00:00,2026-02-02,2026-02-02 13:00:00,2026-02-02 19:00:00,1,19.0,24.0,0.21176384222432743,0.0,0.16073670512013705,0.653460112221022,7.26851851851852,3.679306217031022,2.0333333333333337,
t1,rolling,2026-02-01,2026-02-01 18:00:00,2026-02-02,2026-02-02 14:00:00,2026-02-02 20:00:00,1,20.0,24.0,0.16456854694210737,0.0,0.07929695562009292,0.5734107376122257,6.2592592592592595,3.402333682282899,1.1666666666666667,
t1,rolling,2026-02-01,2026-02-01 18:00:00,2026-02-02,2026-02-02 15:00:00,2026-02-02 21:00:00,1,21.0,24.0,0.14045662869816306,0.0,0.06830156093845623,0.5734930359156651,5.564814814814816,3.125257191062532,0.7333333333333334,
t1,rolling,2026-02-01,2026-02-01 18:00:00,2026-02-02,2026-02-02 16:00:00,2026-02-02 22:00:00,1,22.0,24.0,0.13714844396106043,0.0,0.07517661117056282,0.5292989374444796,5.657407407407407,2.760688170901367,0.36666666666666664,
t1,rolling,2026-02-01,2026-02-01 18:00:00,2026-02-02,2026-02-02 17:00:00,2026-02-02 23:00:00,1,23.0,24.0,0.15627982148608122,0.0,0.10292983826642499,0.5590250566486623,5.888888888888889,2.3575135991909724,-0.16666666666666666,
t1,rolling,2026-02-01,2026-02-01 18:00:00,2026-02-02,2026-02-02 18:00:00,2026-02-03 00:00:00,2,24.0,48.0,0.2653001336915951,0.013120898665599456,0.2144815253465391,0.6665436881109887,6.444444444444444,0.29000851413640416,-0.19999999999999996,
t1,rolling,2026-02-01,2026-02-01 18:00:00,2026-02-02,2026-02-02 19:00:00,2026-02-03 01:00:00,2,25.0,48.0,0.35199153646189846,0.014329396369226588,0.3059808691017621,0.7585261262663328,7.361111111111112,0.5780181124079109,-0.1333333333333334,
t1,rolling,2026-02-01,2026-02-01 18:00:00,2026-02-02,2026-02-02 20:00:00,2026-02-03 02:00:00,2,26.0,48.0,0.4116771819827755,0.058335454984629276,0.3483964397770627,0.8791017802818428,8.62962962962963,0.9519040913752573,0.10000000000000009,
t1,rolling,2026-02-01,2026-02-01 18:00:00,2026-02-02,2026-02-02 21:00:00,2026-02-03 03:00:00,2,27.0,48.0,0.4283422850274407,0.08556495556412891,0.3894308372275949,0.8877508590216382,9.50925925925926,1.3368972431279549,0.20000000000000004,
t1,rolling,2026-02-01,2026-02-01 18:00:00,2026-02-02,2026-02-02 22:00:00,2026-02-03 04:00:00,2,28.0,48.0,0.4102652401135171,0.14225182996659874,0.4110785345632812,0.8609391349756352,9.666666666666666,1.0551899951790322,-0.03333333333333336,
t1,rolling,2026-02-01,2026-02-01 18:00:00,2026-02-02,2026-02-02 23:00:00,2026-02-03 05:00:00,2,29.0,48.0,0.4073350173992757,0.11462442601908418,0.4213434009833326,0.8805644101747911,10.027777777777777,1.4561491580090178,-0.23333333333333325,
t1,rolling,2026-02-01,2026-02-01 18:00:00,2026-02-02,2026-02-03 00:00:00,2026-02-03 06:00:00,2,30.0,48.0,0.2734864622134712,0.019255014031045403,0.23892729577692462,0.7492049022147905,8.916666666666666,2.615982453597666,-0.5666666666666668,
t1,rolling,2026-02-01,2026-02-01 18:00:00,2026-02-02,2026-02-03 01:00:00,2026-02-03 07:00:00,2,31.0,48.0,0.15031528453857312,0.0,0.12889157597818868,0.6535832610039004,7.629629629629629,4.153900195151024,-0.9666666666666667,
t1,rolling,2026-02-01,2026-02-01 18:00:00,2026-02-02,2026-02-03 02:00:00,2026-02-03 08:00:00,2,32.0,48.0,0.18470245874979785,0.0,0.14241767947519993,0.6843942719341294,6.5092592592592595,4.74962095087121,-1.5666666666666667,
t1,rolling,2026-02-01,2026-02-01 18:00:00,2026-02-02,2026-02-03 03:00:00,2026-02-03 09:00:00,2,33.0,48.0,0.1035508520784944,0.0,0.045720992987500264,0.46388407806081167,6.62037037037037,2.6270690454472883,-1.0,
t1,rolling,2026-02-01,2026-02-01 18:00:00,2026-02-02,2026-02-03 04:00:00,2026-02-03 10:00:00,2,34.0,48.0,0.08155975020758778,0.0,0.0215769612057227,0.33391137116888187,5.407407407407408,2.248170266533454,1.0333333333333334,
t1,rolling,2026-02-01,2026-02-01 18:00:00,2026-02-02,2026-02-03 05:00:00,2026-02-03 11:00:00,2,35.0,48.0,0.043564095436648076,0.0,0.004973521583122344,0.22090104867817345,4.111111111111112,2.9096476389274444,3.466666666666667,
t1,rolling,2026-02-01,2026-02-01 18:00:00,2026-02-02,2026-02-03 06:00:00,2026-02-03 12:00:00,2,36.0,48.0,0.029798520343778084,0.0,0.00394221135376055,0.250880266093959,3.1759259259259256,4.459378843603881,5.366666666666667,
t1,rolling,2026-02-01,2026-02-01 18:00:00,2026-02-02,2026-02-03 07:00:00,2026-02-03 13:00:00,2,37.0,48.0,0.02354261131882649,0.0,0.0,0.18490546938667632,3.2037037037037037,3.82056380903788,6.8,
t1,rolling,2026-02-01,2026-02-01 18:00:00,2026-02-02,2026-02-03 08:00:00,2026-02-03 14:00:00,2,38.0,48.0,0.026474212652542864,0.0,0.0,0.16921523466311575,3.342592592592593,3.012491142004975,7.666666666666667,
t1,rolling,2026-02-01,2026-02-01 18:00:00,2026-02-02,2026-02-03 09:00:00,2026-02-03 15:00:00,2,39.0,48.0,0.04762378543913842,0.0,0.007804877291845279,0.18786978684662098,3.5185185185185186,2.342629190169401,7.8999999999999995,
t1,rolling,2026-02-01,2026-02-01 18:00:00,2026-02-02,2026-02-03 10:00:00,2026-02-03 16:00:00,2,40.0,48.0,0.06211053637710079,0.0,0.020159915385916376,0.2690290364610419,3.9907407407407405,1.1153852976168899,7.2,
t1,rolling,2026-02-01,2026-02-01 18:00:00,2026-02-02,2026-02-03 11:00:00,2026-02-03 17:00:00,2,41.0,48.0,0.12986121812187723,0.0,0.056141914677623084,0.4276980147978458,5.157407407407408,0.8794346762518741,5.5,
t1,rolling,2026-02-01,2026-02-01 18:00:00,2026-02-02,2026-02-03 12:00:00,2026-02-03 18:00:00,2,42.0,48.0,0.20435695023647119,0.0,0.10867367655743437,0.6342564885256063,5.222222222222222,3.3034540472020057,3.4,
t1,rolling,2026-02-01,2026-02-01 18:00:00,2026-02-02,2026-02-03 13:00:00,2026-02-03 19:00:00,2,43.0,48.0,0.23683418518528654,0.0,0.15563748424061344,0.6617406350644702,5.5092592592592595,3.6282003043602313,2.9333333333333336,
t1,rolling,2026-02-01,2026-02-01 18:00:00,2026-02-02,2026-02-03 14:00:00,2026-02-03 20:00:00,2,44.0,48.0,0.2518950441672163,0.0,0.170519795558726,0.6354523081345428,5.4907407407407405,3.794116356945469,2.733333333333333,
t1,rolling,2026-02-01,2026-02-01 18:00:00,2026-02-02,2026-02-03 15:00:00,2026-02-03 21:00:00,2,45.0,48.0,0.25837512581465616,0.0,0.193261380587443,0.6393963437176594,5.703703703703703,3.669015801919162,2.9,
t1,rolling,2026-02-01,2026-02-01 18:00:00,2026-02-02,2026-02-03 16:00:00,2026-02-03 22:00:00,2,46.0,48.0,0.23203415389442839,0.0,0.18837233192073563,0.6362973032147897,5.916666666666667,2.98620800876378,2.866666666666667,
t1,rolling,2026-02-01,2026-02-01 18:00:00,2026-02-02,2026-02-03 17:00:00,2026-02-03 23:00:00,2,47.0,48.0,0.19986044614031306,0.0,0.17249576990968468,0.6113760828697711,5.407407407407407,2.396842916646435,3.0,
t1,rolling,2026-02-02,2026-02-02 18:00:00,2026-02-03,2026-02-02 18:00:00,2026-02-03 00:00:00,1,0.0,24.0,0.2033516466356769,0.007617873616452969,0.1555277787402649,0.6307493121794228,5.907407407407407,2.294204543103493,-0.5333333333333333,
t1,rolling,2026-02-02,2026-02-02 18:00:00,2026-02-03,2026-02-02 19:00:00,2026-02-03 01:00:00,1,1.0,24.0,0.2503894849870069,0.02628409670931353,0.2877039580892606,0.6748761725324437,6.731481481481481,1.9112914428270402,-0.3333333333333333,
t1,rolling,2026-02-02,2026-02-02 18:00:00,2026-02-03,2026-02-02 20:00:00,2026-02-03 02:00:00,1,2.0,24.0,0.4412305757319037,0.07525930042524392,0.46288186030196277,0.8407921177554734,8.092592592592593,1.550670238735629,-0.16666666666666666,
t1,rolling,2026-02-02,2026-02-02 18:00:00,2026-02-03,2026-02-02 21:00:00,2026-02-03 03:00:00,1,3.0,24.0,0.49205845185812463,0.1328557244951124,0.46502386444614874,0.9191836677097496,9.13888888888889,1.6189941245442006,0.03333333333333351,
t1,rolling,2026-02-02,2026-02-02 18:00:00,2026-02-03,2026-02-02 22:00:00,2026-02-03 04:00:00,1,4.0,24.0,0.4902273079673842,0.2072028377709189,0.46887390750846775,0.94881408085844,9.879629629629632,1.5970007898037324,0.0,
t1,rolling,2026-02-02,2026-02-02 18:00:00,2026-02-03,2026-02-02 23:00:00,2026-02-03 05:00:00,1,5.0,24.0,0.4944161346797797,0.18518531156186901,0.4654209549932583,0.9293147095531835,10.296296296296296,2.0158196364219587,-0.30000000000000004,
t1,rolling,2026-02-02,2026-02-02 18:00:00,2026-02-03,2026-02-03 00:00:00,2026-02-03 06:00:00,1,6.0,24.0,0.41116508348534087,0.14541858993101098,0.4080517252755732,0.9038139005679173,9.61111111111111,1.7094057158072706,-0.6,
t1,rolling,2026-02-02,2026-02-02 18:00:00,2026-02-03,2026-02-03 01:00:00,2026-02-03 07:00:00,1,7.0,24.0,0.338297775330275,0.10776759376785855,0.3166048528241358,0.8177695467457915,8.981481481481483,1.2254796658952094,-0.9666666666666668,
t1,rolling,2026-02-02,2026-02-02 18:00:00,2026-02-03,2026-02-03 02:00:00,2026-02-03 08:00:00,1,8.0,24.0,0.2749944626228818,0.029773064309043112,0.21325240313667726,0.7333747887005471,8.083333333333334,0.8753306253660414,-1.2999999999999998,
t1,rolling,2026-02-02,2026-02-02 18:00:00,2026-02-03,2026-02-03 03:00:00,2026-02-03 09:00:00,1,9.0,24.0,0.16451274877460664,0.0,0.0863123426128607,0.4798107225777805,6.685185185185186,1.1007619882302035,-0.7333333333333334,
t1,rolling,2026-02-02,2026-02-02 18:00:00,2026-02-03,2026-02-03 04:00:00,2026-02-03 10:00:00,1,10.0,24.0,0.06921133559308101,0.0,0.031186113344224803,0.3046689619798837,4.407407407407407,2.293363569281014,1.2666666666666668,
t1,rolling,2026-02-02,2026-02-02 18:00:00,2026-02-03,2026-02-03 05:00:00,2026-02-03 11:00:00,1,11.0,24.0,0.059683620899140005,0.0,0.04048625664931992,0.28497551742146304,2.861111111111111,2.9059326290271157,3.2999999999999994,
t1,rolling,2026-02-02,2026-02-02 18:00:00,2026-02-03,2026-02-03 06:00:00,2026-02-03 12:00:00,1,12.0,24.0,0.041840683521279565,0.0,0.01196125983128674,0.22612687926038183,3.638888888888889,3.0551767441952693,4.966666666666666,
t1,rolling,2026-02-02,2026-02-02 18:00:00,2026-02-03,2026-02-03 07:00:00,2026-02-03 13:00:00,1,13.0,24.0,0.04299093901686031,0.0,0.0008828790733373393,0.213134738351893,3.361111111111111,2.7021653411411006,6.166666666666667,
t1,rolling,2026-02-02,2026-02-02 18:00:00,2026-02-03,2026-02-03 08:00:00,2026-02-03 14:00:00,1,14.0,24.0,0.042356882721397135,0.0,0.00031179867305923537,0.20495226353823465,2.8981481481481484,2.6610666508309424,6.8999999999999995,
t1,rolling,2026-02-02,2026-02-02 18:00:00,2026-02-03,2026-02-03 09:00:00,2026-02-03 15:00:00,1,15.0,24.0,0.04208854398497003,0.0,0.0049986225287867,0.19035654796902363,3.1018518518518516,1.6537306621335466,7.266666666666666,
t1,rolling,2026-02-02,2026-02-02 18:00:00,2026-02-03,2026-02-03 10:00:00,2026-02-03 16:00:00,1,16.0,24.0,0.0677773854338937,0.0,0.014904446269864195,0.23429785762792318,3.305555555555556,0.9941961204540712,6.766666666666666,
t1,rolling,2026-02-02,2026-02-02 18:00:00,2026-02-03,2026-02-03 11:00:00,2026-02-03 17:00:00,1,17.0,24.0,0.17999962619493554,0.0,0.10599562614003614,0.47069136103298004,3.5462962962962963,2.2247092564468205,5.5,
t1,rolling,2026-02-02,2026-02-02 18:00:00,2026-02-03,2026-02-03 12:00:00,2026-02-03 18:00:00,1,18.0,24.0,0.3137508304870491,0.0,0.2667738928541636,0.7076754473220705,5.416666666666667,2.766504903793964,4.133333333333334,
t1,rolling,2026-02-02,2026-02-02 18:00:00,2026-02-03,2026-02-03 13:00:00,2026-02-03 19:00:00,1,19.0,24.0,0.38961519784767645,0.0,0.3443195562883713,0.823260468663435,6.592592592592593,2.0169676339034277,3.1666666666666665,
t1,rolling,2026-02-02,2026-02-02 18:00:00,2026-02-03,2026-02-03 14:00:00,2026-02-03 20:00:00,1,20.0,24.0,0.4313634144882724,0.00068104481571718,0.4765796909615427,0.8952616730153005,7.555555555555557,1.1121522899537557,2.6,
t1,rolling,2026-02-02,2026-02-02 18:00:00,2026-02-03,2026-02-03 15:00:00,2026-02-03 21:00:00,1,21.0,24.0,0.4446243426278202,0.0,0.47761915164926416,0.8991198201992261,7.712962962962963,1.017718541054738,2.733333333333333,
t1,rolling,2026-02-02,2026-02-02 18:00:00,2026-02-03,2026-02-03 16:00:00,2026-02-03 22:00:00,1,22.0,24.0,0.4745684007439023,0.032003008861520243,0.47461761990409346,0.9205594670552355,7.916666666666667,0.7474235581707617,2.733333333333333,
t1,rolling,2026-02-02,2026-02-02 18:00:00,2026-02-03,2026-02-03 17:00:00,2026-02-03 23:00:00,1,23.0,24.0,0.4142711410289812,0.03434903653765409,0.4073981205226106,0.8376659176416322,8.092592592592593,0.49404894710941155,2.733333333333333,
t1,rolling,2026-02-02,2026-02-02 18:00:00,2026-02-03,2026-02-03 18:00:00,2026-02-04 00:00:00,2,24.0,48.0,0.31207375287930134,0.0,0.2579345163043593,0.7106752724087002,5.9444444444444455,1.4680233624137573,2.8333333333333335,
t1,rolling,2026-02-02,2026-02-02 18:00:00,2026-02-03,2026-02-03 19:00:00,2026-02-04 01:00:00,2,25.0,48.0,0.2745672081451833,0.0,0.24527913104791543,0.6727320556648018,6.333333333333335,1.1749047768087,2.6,
t1,rolling,2026-02-02,2026-02-02 18:00:00,2026-02-03,2026-02-03 20:00:00,2026-02-04 02:00:00,2,26.0,48.0,0.2876391604402516,0.0,0.24900065374946795,0.6831323100121647,6.046296296296297,1.5456862846434847,2.5,
t1,rolling,2026-02-02,2026-02-02 18:00:00,2026-02-03,2026-02-03 21:00:00,2026-02-04 03:00:00,2,27.0,48.0,0.2695518805793778,0.0,0.23568567168417937,0.7501091532074062,6.064814814814814,1.5238164131237566,2.6,
t1,rolling,2026-02-02,2026-02-02 18:00:00,2026-02-03,2026-02-03 22:00:00,2026-02-04 04:00:00,2,28.0,48.0,0.3808132048578829,0.008933651933628828,0.3550677867575707,0.8340323577878631,7.037037037037038,1.240498870841756,2.466666666666667,
t1,rolling,2026-02-02,2026-02-02 18:00:00,2026-02-03,2026-02-03 23:00:00,2026-02-04 05:00:00,2,29.0,48.0,0.3940409903581939,0.015089783371973087,0.38601870376862835,0.9037401067485716,7.685185185185186,2.1119028729692966,2.5333333333333337,
t1,rolling,2026-02-02,2026-02-02 18:00:00,2026-02-03,2026-02-04 00:00:00,2026-02-04 06:00:00,2,30.0,48.0,0.4193547422669597,0.007621489100927359,0.44363742883631696,0.8888293679452195,7.222222222222222,1.1111111111111112,2.066666666666667,
t1,rolling,2026-02-02,2026-02-02 18:00:00,2026-02-03,2026-02-04 01:00:00,2026-02-04 07:00:00,2,31.0,48.0,0.4740706519708425,0.00015602407790626938,0.5244760632255464,0.942033454009279,8.027777777777779,0.9638528651609699,2.1999999999999997,
t1,rolling,2026-02-02,2026-02-02 18:00:00,2026-02-03,2026-02-04 02:00:00,2026-02-04 08:00:00,2,32.0,48.0,0.4531099887960518,0.02573854850254098,0.5479218134180074,0.9092332539282402,8.092592592592593,0.7789343252980789,2.1333333333333333,
t1,rolling,2026-02-02,2026-02-02 18:00:00,2026-02-03,2026-02-04 03:00:00,2026-02-04 09:00:00,2,33.0,48.0,0.4120146446153538,0.017917311091075916,0.4833392676468134,0.8721207149444439,7.944444444444444,0.7939781071086915,2.2,
t1,rolling,2026-02-02,2026-02-02 18:00:00,2026-02-03,2026-02-04 04:00:00,2026-02-04 10:00:00,2,34.0,48.0,0.33316001489051855,0.0,0.35325674157587983,0.8499578808724126,7.5740740740740735,0.7608948057056202,2.6333333333333333,
t1,rolling,2026-02-02,2026-02-02 18:00:00,2026-02-03,2026-02-04 05:00:00,2026-02-04 11:00:00,2,35.0,48.0,0.22644907735058234,0.0,0.23587868487930563,0.732495700723232,6.722222222222222,0.8502904369452206,3.3000000000000003,
t1,rolling,2026-02-02,2026-02-02 18:00:00,2026-02-03,2026-02-04 06:00:00,2026-02-04 12:00:00,2,36.0,48.0,0.18799209201688644,0.0,0.14277230207225622,0.7200278650198024,6.712962962962965,1.9068454763776466,3.9333333333333336,
t1,rolling,2026-02-02,2026-02-02 18:00:00,2026-02-03,2026-02-04 07:00:00,2026-02-04 13:00:00,2,37.0,48.0,0.18883683519411992,0.0,0.12017842108252648,0.645869611070812,5.805555555555556,1.4979409736347515,4.666666666666667,
t1,rolling,2026-02-02,2026-02-02 18:00:00,2026-02-03,2026-02-04 08:00:00,2026-02-04 14:00:00,2,38.0,48.0,0.19723687240709958,0.0,0.12763896261573204,0.6441915352356365,5.5,1.27687165939569,5.466666666666666,
t1,rolling,2026-02-02,2026-02-02 18:00:00,2026-02-03,2026-02-04 09:00:00,2026-02-04 15:00:00,2,39.0,48.0,0.18638713454165218,0.0,0.11891687887489265,0.6122020422533773,5.518518518518519,1.1945521053977883,6.2,
t1,rolling,2026-02-02,2026-02-02 18:00:00,2026-02-03,2026-02-04 10:00:00,2026-02-04 16:00:00,2,40.0,48.0,0.17810057776877164,0.0,0.10945744294977182,0.5990928537823772,5.583333333333333,0.9554101956622134,6.133333333333333,
t1,rolling,2026-02-02,2026-02-02 18:00:00,2026-02-03,2026-02-04 11:00:00,2026-02-04 17:00:00,2,41.0,48.0,0.1276454121563909,0.0,0.05478312335795972,0.37057046993462706,5.388888888888889,0.6532208897947138,5.066666666666667,
t1,rolling,2026-02-02,2026-02-02 18:00:00,2026-02-03,2026-02-04 12:00:00,2026-02-04 18:00:00,2,42.0,48.0,0.0837205279424485,0.0,0.04212014139161429,0.263061759246496,3.4166666666666665,0.4409585518440983,4.466666666666667,
t1,rolling,2026-02-02,2026-02-02 18:00:00,2026-02-03,2026-02-04 13:00:00,2026-02-04 19:00:00,2,43.0,48.0,0.1532180337943025,0.0,0.08198860804787175,0.4176838977056221,2.9907407407407405,2.5522825256101607,2.9333333333333336,
t1,rolling,2026-02-02,2026-02-02 18:00:00,2026-02-03,2026-02-04 14:00:00,2026-02-04 20:00:00,2,44.0,48.0,0.24769468221365315,4.383430333732008e-05,0.18125158384422052,0.7167303130344036,4.564814814814815,3.1741302557800677,1.8666666666666665,
t1,rolling,2026-02-02,2026-02-02 18:00:00,2026-02-03,2026-02-04 15:00:00,2026-02-04 21:00:00,2,45.0,48.0,0.3808675147783417,0.02267541676257223,0.37205780983880155,0.959885176519203,7.083333333333333,3.755345983633216,1.1333333333333333,
t1,rolling,2026-02-02,2026-02-02 18:00:00,2026-02-03,2026-02-04 16:00:00,2026-02-04 22:00:00,2,46.0,48.0,0.5526505722770878,0.14113155960619028,0.553499633898765,0.9932952213984961,9.685185185185185,1.9199515597455965,0.6666666666666666,
t1,rolling,2026-02-02,2026-02-02 18:00:00,2026-02-03,2026-02-04 17:00:00,2026-02-04 23:00:00,2,47.0,48.0,0.6421657600060998,0.21393830432470157,0.6677805177926572,0.9960425384011599,10.481481481481481,1.0001285925550216,0.3666666666666667,
t1,rolling,2026-02-03,2026-02-03 18:00:00,2026-02-04,2026-02-03 18:00:00,2026-02-04 00:00:00,1,0.0,24.0,0.5488993608326785,0.058876426897826906,0.5643500918421115,0.8960351423150268,7.888888888888889,0.7733006059486146,2.3333333333333335,
t1,rolling,2026-02-03,2026-02-03 18:00:00,2026-02-04,2026-02-03 19:00:00,2026-02-04 01:00:00,1,1.0,24.0,0.5549312882499196,0.035037510396216054,0.5455434059070023,0.9068451370539451,8.064814814814815,1.3657328938883189,2.433333333333333,
t1,rolling,2026-02-03,2026-02-03 18:00:00,2026-02-04,2026-02-03 20:00:00,2026-02-04 02:00:00,1,2.0,24.0,0.48945459383821943,0.03379639174197113,0.44283733967872774,0.918741812326437,7.768518518518519,1.8572375388517661,2.733333333333333,
t1,rolling,2026-02-03,2026-02-03 18:00:00,2026-02-04,2026-02-03 21:00:00,2026-02-04 03:00:00,1,3.0,24.0,0.5198740489009749,0.03588479939330186,0.47587231402596814,0.9016230739303537,7.4907407407407405,2.093923699876705,2.8333333333333335,
t1,rolling,2026-02-03,2026-02-03 18:00:00,2026-02-04,2026-02-03 22:00:00,2026-02-04 04:00:00,1,4.0,24.0,0.5579166004512212,0.05845701899846423,0.5050541357409634,0.9277316116418441,7.953703703703705,2.0077652749205908,2.8000000000000003,
t1,rolling,2026-02-03,2026-02-03 18:00:00,2026-02-04,2026-02-03 23:00:00,2026-02-04 05:00:00,1,5.0,24.0,0.6161388280809001,0.06844917641847126,0.5571419961433055,0.9444796326294596,7.981481481481481,1.87666250026948,2.733333333333333,
t1,rolling,2026-02-03,2026-02-03 18:00:00,2026-02-04,2026-02-04 00:00:00,2026-02-04 06:00:00,1,6.0,24.0,0.6547723735471748,0.1400246140008276,0.6363657244240484,0.9351164148040988,9.416666666666666,0.6735753140545631,2.8000000000000003,
t1,rolling,2026-02-03,2026-02-03 18:00:00,2026-02-04,2026-02-04 01:00:00,2026-02-04 07:00:00,1,7.0,24.0,0.5744672490569815,0.04774572604686722,0.5478637151428293,0.9404303060330405,9.564814814814815,2.6825817519634096,2.6333333333333333,
t1,rolling,2026-02-03,2026-02-03 18:00:00,2026-02-04,2026-02-04 02:00:00,2026-02-04 08:00:00,1,8.0,24.0,0.4342346746924781,0.02316087433514602,0.3567989982502788,0.8837039033778249,8.407407407407407,3.0360912032148653,2.566666666666667,
t1,rolling,2026-02-03,2026-02-03 18:00:00,2026-02-04,2026-02-04 03:00:00,2026-02-04 09:00:00,1,9.0,24.0,0.34171245959974905,0.0,0.27624850574266274,0.8759908955161104,7.62962962962963,3.4118454391152486,2.866666666666667,
t1,rolling,2026-02-03,2026-02-03 18:00:00,2026-02-04,2026-02-04 04:00:00,2026-02-04 10:00:00,1,10.0,24.0,0.24336727978191966,0.0,0.16524692307962327,0.7935337405457775,6.75,2.9108407423217937,3.366666666666667,
t1,rolling,2026-02-03,2026-02-03 18:00:00,2026-02-04,2026-02-04 05:00:00,2026-02-04 11:00:00,1,11.0,24.0,0.24116060926350227,0.0,0.20089862525975358,0.7138741271476976,5.518518518518519,3.1630502416616344,3.7999999999999994,
t1,rolling,2026-02-03,2026-02-03 18:00:00,2026-02-04,2026-02-04 06:00:00,2026-02-04 12:00:00,1,12.0,24.0,0.19567723889331703,0.0,0.16125923094492453,0.6651661468866973,5.453703703703703,2.431203617306988,4.333333333333333,
t1,rolling,2026-02-03,2026-02-03 18:00:00,2026-02-04,2026-02-04 07:00:00,2026-02-04 13:00:00,1,13.0,24.0,0.17748018540365457,0.0,0.14702114389292667,0.6052394259266002,4.87962962962963,2.217413779228577,5.033333333333334,
t1,rolling,2026-02-03,2026-02-03 18:00:00,2026-02-04,2026-02-04 08:00:00,2026-02-04 14:00:00,1,14.0,24.0,0.15153664566653138,0.0,0.09966263050894071,0.5168017980351555,4.814814814814816,2.4743020797576447,5.8999999999999995,
t1,rolling,2026-02-03,2026-02-03 18:00:00,2026-02-04,2026-02-04 09:00:00,2026-02-04 15:00:00,1,15.0,24.0,0.14146612989434246,0.0,0.0787649232217399,0.5359393943349535,4.814814814814815,2.7619456224551517,6.466666666666666,
t1,rolling,2026-02-03,2026-02-03 18:00:00,2026-02-04,2026-02-04 10:00:00,2026-02-04 16:00:00,1,16.0,24.0,0.11349945412908893,0.0,0.05897229434563836,0.45719602942293924,4.777777777777778,2.7768053853570924,6.166666666666667,
t1,rolling,2026-02-03,2026-02-03 18:00:00,2026-02-04,2026-02-04 11:00:00,2026-02-04 17:00:00,1,17.0,24.0,0.1356003985206391,0.0,0.07941113568995416,0.3960338110754424,4.268518518518518,3.2315876030542623,5.3,
t1,rolling,2026-02-03,2026-02-03 18:00:00,2026-02-04,2026-02-04 12:00:00,2026-02-04 18:00:00,1,18.0,24.0,0.13062708704774106,0.0,0.059590309411541795,0.3127685358653878,4.231481481481482,1.1153852976168899,4.2,
t1,rolling,2026-02-03,2026-02-03 18:00:00,2026-02-04,2026-02-04 13:00:00,2026-02-04 19:00:00,1,19.0,24.0,0.21747448016501045,0.0,0.08944983013572698,0.5276456235215333,3.574074074074074,4.773603904670257,2.6333333333333333,
t1,rolling,2026-02-03,2026-02-03 18:00:00,2026-02-04,2026-02-04 14:00:00,2026-02-04 20:00:00,1,20.0,24.0,0.36118288730479053,0.0007486461583625648,0.2461988450028236,0.8010472699076624,5.87962962962963,4.181209189704079,1.6666666666666667,
t1,rolling,2026-02-03,2026-02-03 18:00:00,2026-02-04,2026-02-04 15:00:00,2026-02-04 21:00:00,1,21.0,24.0,0.5476032872263913,0.05999363949679909,0.4857552167537207,0.9719554009731496,8.361111111111112,2.896890627663043,0.8000000000000002,
t1,rolling,2026-02-03,2026-02-03 18:00:00,2026-02-04,2026-02-04 16:00:00,2026-02-04 22:00:00,1,22.0,24.0,0.6848862041623565,0.21422020359055233,0.660391998494567,0.9804055787443857,10.268518518518519,1.4156677669345477,0.43333333333333335,
t1,rolling,2026-02-03,2026-02-03 18:00:00,2026-02-04,2026-02-04 17:00:00,2026-02-04 23:00:00,1,23.0,24.0,0.7368163874084227,0.3745226041379559,0.764461066328886,0.9826376293716067,11.055555555555557,1.0456405680399286,0.3666666666666667,
t1,rolling,2026-02-03,2026-02-03 18:00:00,2026-02-04,2026-02-04 18:00:00,2026-02-05 00:00:00,2,24.0,48.0,0.786782822936391,0.48280981482460494,0.8219270883585429,0.9779138806823672,10.722222222222223,0.7010794146735535,0.26666666666666666,
t1,rolling,2026-02-03,2026-02-03 18:00:00,2026-02-04,2026-02-04 19:00:00,2026-02-05 01:00:00,2,25.0,48.0,0.8681190719958572,0.6496636846404888,0.9092646459153783,0.9715319895025689,11.583333333333334,0.6291528696058959,0.3333333333333333,
t1,rolling,2026-02-03,2026-02-03 18:00:00,2026-02-04,2026-02-04 20:00:00,2026-02-05 02:00:00,2,26.0,48.0,0.8959433838563852,0.6969016804498663,0.9350337015390879,0.9722913422411131,12.49074074074074,0.5775729693981738,0.5,
t1,rolling,2026-02-03,2026-02-03 18:00:00,2026-02-04,2026-02-04 21:00:00,2026-02-05 03:00:00,2,27.0,48.0,0.8994080296739297,0.718719691557105,0.9373608501044389,0.9720623824949535,13.314814814814815,0.39900854493361654,0.6666666666666666,
t1,rolling,2026-02-03,2026-02-03 18:00:00,2026-02-04,2026-02-04 22:00:00,2026-02-05 04:00:00,2,28.0,48.0,0.9133313525398584,0.7803711394103542,0.9376493761379855,0.9720771488813064,14.09259259259259,0.22280017436140687,0.6,
t1,rolling,2026-02-03,2026-02-03 18:00:00,2026-02-04,2026-02-04 23:00:00,2026-02-05 05:00:00,2,29.0,48.0,0.9111494870959039,0.7702594314882955,0.9372418710348531,0.9721034654389545,14.666666666666666,0.708741712342949,0.6,
t1,rolling,2026-02-03,2026-02-03 18:00:00,2026-02-04,2026-02-05 00:00:00,2026-02-05 06:00:00,2,30.0,48.0,0.9065998576674424,0.7636677531350289,0.9378020949150766,0.9720722402416107,15.620370370370372,1.643903189203443,0.5333333333333333,
t1,rolling,2026-02-03,2026-02-03 18:00:00,2026-02-04,2026-02-05 01:00:00,2026-02-05 07:00:00,2,31.0,48.0,0.9077653280672572,0.7624512521243036,0.9378020949150766,0.9720716351491683,15.759259259259261,1.442395270106755,0.4333333333333333,
t1,rolling,2026-02-03,2026-02-03 18:00:00,2026-02-04,2026-02-05 02:00:00,2026-02-05 08:00:00,2,32.0,48.0,0.9013905430005161,0.7636677531350289,0.9378020949150766,0.9720716351491683,16.287037037037038,1.876251297145761,0.3,
t1,rolling,2026-02-03,2026-02-03 18:00:00,2026-02-04,2026-02-05 03:00:00,2026-02-05 09:00:00,2,33.0,48.0,0.9082554212846469,0.7550785864698375,0.9378020949150766,0.9720711761237238,16.759259259259263,2.363941658461363,0.7666666666666666,
t1,rolling,2026-02-03,2026-02-03 18:00:00,2026-02-04,2026-02-05 04:00:00,2026-02-05 10:00:00,2,34.0,48.0,0.9133318776592168,0.762032467581114,0.9378020949150766,0.9720710059677737,16.990740740740744,2.7930598145353107,2.3000000000000003,
t1,rolling,2026-02-03,2026-02-03 18:00:00,2026-02-04,2026-02-05 05:00:00,2026-02-05 11:00:00,2,35.0,48.0,0.9098177386056139,0.7449204254963275,0.9379020948197091,0.9720672300000255,17.064814814814813,2.9305665262213467,3.8333333333333335,
t1,rolling,2026-02-03,2026-02-03 18:00:00,2026-02-04,2026-02-05 06:00:00,2026-02-05 12:00:00,2,36.0,48.0,0.9132695679229706,0.7747340498340334,0.9378020949150766,0.9720727077831415,16.74074074074074,2.492323605540122,4.966666666666666,
t1,rolling,2026-02-03,2026-02-03 18:00:00,2026-02-04,2026-02-05 07:00:00,2026-02-05 13:00:00,2,37.0,48.0,0.9125072929140012,0.7475408006557924,0.9379020948197091,0.9720717254856008,16.787037037037038,2.8268353228277783,5.866666666666667,
t1,rolling,2026-02-03,2026-02-03 18:00:00,2026-02-04,2026-02-05 08:00:00,2026-02-05 14:00:00,2,38.0,48.0,0.9192808068370388,0.7694355794717213,0.9378020949150766,0.9720866713139273,16.250000000000004,2.7660865076676906,6.5,
t1,rolling,2026-02-03,2026-02-03 18:00:00,2026-02-04,2026-02-05 09:00:00,2026-02-05 15:00:00,2,39.0,48.0,0.910906557464258,0.7236187725944667,0.9378544400748717,0.9720960436556589,15.935185185185185,2.945536135845563,6.933333333333333,
t1,rolling,2026-02-03,2026-02-03 18:00:00,2026-02-04,2026-02-05 10:00:00,2026-02-05 16:00:00,2,40.0,48.0,0.9021279958748797,0.6618356278673194,0.9378544400748717,0.9720957307075864,15.583333333333334,2.8593576072128384,6.766666666666666,
t1,rolling,2026-02-03,2026-02-03 18:00:00,2026-02-04,2026-02-05 11:00:00,2026-02-05 17:00:00,2,41.0,48.0,0.9039743634188625,0.6462007138607566,0.9355236016595425,0.9720667431287751,15.046296296296298,2.75467242419295,6.033333333333334,
t1,rolling,2026-02-03,2026-02-03 18:00:00,2026-02-04,2026-02-05 12:00:00,2026-02-05 18:00:00,2,42.0,48.0,0.861713299779295,0.5651087488656119,0.8960223208071512,0.9742275695508846,13.90740740740741,2.06796802914052,4.933333333333334,
t1,rolling,2026-02-03,2026-02-03 18:00:00,2026-02-04,2026-02-05 13:00:00,2026-02-05 19:00:00,2,43.0,48.0,0.8735197562744571,0.5754041139483721,0.8727834775477302,0.9751370107205549,12.805555555555557,1.5030832509409655,4.1000000000000005,
t1,rolling,2026-02-03,2026-02-03 18:00:00,2026-02-04,2026-02-05 14:00:00,2026-02-05 20:00:00,2,44.0,48.0,0.8406271552812525,0.5031816523538928,0.8582040320218567,0.9737678493345153,11.703703703703704,1.1332289349156424,3.5,
t1,rolling,2026-02-03,2026-02-03 18:00:00,2026-02-04,2026-02-05 15:00:00,2026-02-05 21:00:00,2,45.0,48.0,0.7197013990107408,0.3703133593551952,0.7614428697645595,0.9806778787860346,11.037037037037038,1.252261329041983,2.733333333333333,
t1,rolling,2026-02-03,2026-02-03 18:00:00,2026-02-04,2026-02-05 16:00:00,2026-02-05 22:00:00,2,46.0,48.0,0.6841000621214507,0.3676361564515058,0.7316392685982321,0.9787067861567209,10.740740740740742,1.191965558648452,2.2333333333333334,
t1,rolling,2026-02-03,2026-02-03 18:00:00,2026-02-04,2026-02-05 17:00:00,2026-02-05 23:00:00,2,47.0,48.0,0.6306503329920637,0.32619734802555805,0.6614328580648292,0.9782619393602486,10.342592592592593,0.9247677942332488,1.9333333333333333,
t1,rolling,2026-02-04,2026-02-04 18:00:00,2026-02-05,2026-02-04 18:00:00,2026-02-05 00:00:00,1,0.0,24.0,0.8725223470018608,0.6106360777369189,0.9028244243179987,0.9798238851051071,11.564814814814815,1.073794663529237,0.26666666666666666,
t1,rolling,2026-02-04,2026-02-04 18:00:00,2026-02-05,2026-02-04 19:00:00,2026-02-05 01:00:00,1,1.0,24.0,0.8872860454458136,0.6780829083663865,0.9388769975949257,0.9769186711801854,12.416666666666666,1.0107447443700146,0.3,
t1,rolling,2026-02-04,2026-02-04 18:00:00,2026-02-05,2026-02-04 20:00:00,2026-02-05 02:00:00,1,2.0,24.0,0.9022170699683136,0.7097548441649829,0.9402105481980175,0.976708971161284,13.601851851851853,0.7506855577299745,0.5,
t1,rolling,2026-02-04,2026-02-04 18:00:00,2026-02-05,2026-02-04 21:00:00,2026-02-05 03:00:00,1,3.0,24.0,0.9172123390730396,0.7864770955933724,0.9415303626711666,0.9767103015578203,14.25,0.8282250842153096,0.6,
t1,rolling,2026-02-04,2026-02-04 18:00:00,2026-02-05,2026-02-04 22:00:00,2026-02-05 04:00:00,1,4.0,24.0,0.9172123390730396,0.7864770955933724,0.9415303626711666,0.9767140289923423,14.685185185185185,0.5933877766671151,0.5666666666666668,
t1,rolling,2026-02-04,2026-02-04 18:00:00,2026-02-05,2026-02-04 23:00:00,2026-02-05 05:00:00,1,5.0,24.0,0.9114233279388977,0.7761080866150701,0.9416830814482577,0.976702602307435,15.148148148148147,0.8855550908498248,0.6666666666666666,
t1,rolling,2026-02-04,2026-02-04 18:00:00,2026-02-05,2026-02-05 00:00:00,2026-02-05 06:00:00,1,6.0,24.0,0.9127248213631174,0.7622678658706412,0.9410841713707524,0.9767513223497977,16.055555555555557,1.9722222222222223,0.5666666666666667,
t1,rolling,2026-02-04,2026-02-04 18:00:00,2026-02-05,2026-02-05 01:00:00,2026-02-05 07:00:00,1,7.0,24.0,0.9157311054953372,0.7450473422874713,0.9416830814482577,0.9767026610488106,16.84259259259259,2.6447790015572563,0.6,
t1,rolling,2026-02-04,2026-02-04 18:00:00,2026-02-05,2026-02-05 02:00:00,2026-02-05 08:00:00,1,8.0,24.0,0.9084425737506486,0.7462944109110452,0.9417830813528902,0.9766940284919018,17.26851851851852,2.8725947175894193,0.5333333333333333,
t1,rolling,2026-02-04,2026-02-04 18:00:00,2026-02-05,2026-02-05 03:00:00,2026-02-05 09:00:00,1,9.0,24.0,0.9058273779981109,0.7471158638444182,0.9417830813528902,0.9766961571411789,17.305555555555557,3.156049452741219,1.0333333333333332,
t1,rolling,2026-02-04,2026-02-04 18:00:00,2026-02-05,2026-02-05 04:00:00,2026-02-05 10:00:00,1,10.0,24.0,0.909654083090488,0.7471158638444182,0.9417830813528902,0.9766975209089052,17.09259259259259,3.3925678270161903,2.533333333333333,
t1,rolling,2026-02-04,2026-02-04 18:00:00,2026-02-05,2026-02-05 05:00:00,2026-02-05 11:00:00,1,11.0,24.0,0.9138833219109933,0.7469891043213384,0.9417830813528902,0.9766999904062178,16.39814814814815,2.9664187023573514,3.9333333333333336,
t1,rolling,2026-02-04,2026-02-04 18:00:00,2026-02-05,2026-02-05 06:00:00,2026-02-05 12:00:00,1,12.0,24.0,0.915906042073744,0.749375239754764,0.9417830813528902,0.9767006093102444,16.39814814814815,3.171333468287148,5.0,
t1,rolling,2026-02-04,2026-02-04 18:00:00,2026-02-05,2026-02-05 07:00:00,2026-02-05 13:00:00,1,13.0,24.0,0.916986723808299,0.7515952919705048,0.9417830813528902,0.9767040285300569,16.0,3.0373193184081417,5.833333333333333,
t1,rolling,2026-02-04,2026-02-04 18:00:00,2026-02-05,2026-02-05 08:00:00,2026-02-05 14:00:00,1,14.0,24.0,0.9167317557482696,0.7481461146738286,0.9417354266080529,0.9767261900610082,15.620370370370372,2.8811773856484475,6.533333333333334,
t1,rolling,2026-02-04,2026-02-04 18:00:00,2026-02-05,2026-02-05 09:00:00,2026-02-05 15:00:00,1,15.0,24.0,0.9125218403128309,0.7363846689601072,0.9417354266080529,0.9767264957561572,15.25925925925926,2.6825817519634096,6.866666666666667,
t1,rolling,2026-02-04,2026-02-04 18:00:00,2026-02-05,2026-02-05 10:00:00,2026-02-05 16:00:00,1,16.0,24.0,0.9048462116560702,0.6552284554852816,0.9397802266858609,0.9767140287722217,14.731481481481481,2.7434452372058233,6.633333333333333,
t1,rolling,2026-02-04,2026-02-04 18:00:00,2026-02-05,2026-02-05 11:00:00,2026-02-05 17:00:00,1,17.0,24.0,0.8709248176984106,0.5343612131283122,0.8883656462691827,0.9805553859483505,13.861111111111109,2.577652056321176,5.766666666666667,
t1,rolling,2026-02-04,2026-02-04 18:00:00,2026-02-05,2026-02-05 12:00:00,2026-02-05 18:00:00,1,18.0,24.0,0.8575954234137464,0.45710933072497373,0.866399335891009,0.9800148081906642,12.138888888888888,1.2536982329329731,4.333333333333333,
t1,rolling,2026-02-04,2026-02-04 18:00:00,2026-02-05,2026-02-05 13:00:00,2026-02-05 19:00:00,1,19.0,24.0,0.8194149404762274,0.4654445547748935,0.8508841707872511,0.9805723200809853,11.518518518518519,0.7828866601454811,3.266666666666667,
t1,rolling,2026-02-04,2026-02-04 18:00:00,2026-02-05,2026-02-05 14:00:00,2026-02-05 20:00:00,1,20.0,24.0,0.7954623768222445,0.4117619872658306,0.8334445729231449,0.9826271798888602,11.203703703703704,0.8811877039242698,2.5,
t1,rolling,2026-02-04,2026-02-04 18:00:00,2026-02-05,2026-02-05 15:00:00,2026-02-05 21:00:00,1,21.0,24.0,0.7510968739701076,0.4203448455979221,0.787357477508231,0.9860330572841653,10.879629629629632,0.5985665318108876,2.0666666666666664,
t1,rolling,2026-02-04,2026-02-04 18:00:00,2026-02-05,2026-02-05 16:00:00,2026-02-05 22:00:00,1,22.0,24.0,0.6955488006398888,0.37677945989283845,0.7303680920493855,0.9901112941317223,10.870370370370372,0.7245333392403566,1.8999999999999997,
t1,rolling,2026-02-04,2026-02-04 18:00:00,2026-02-05,2026-02-05 17:00:00,2026-02-05 23:00:00,1,23.0,24.0,0.6419942088505438,0.35876564456523563,0.7036953389520496,0.9844332479181716,10.694444444444445,0.409192218407118,1.9666666666666668,
t1,rolling,2026-02-04,2026-02-04 18:00:00,2026-02-05,2026-02-05 18:00:00,2026-02-06 00:00:00,2,24.0,48.0,0.5841732883592108,0.31340700558604595,0.6617962344406039,0.9796211846295798,10.481481481481483,0.5894738534221113,1.8333333333333333,
t1,rolling,2026-02-04,2026-02-04 18:00:00,2026-02-05,2026-02-05 19:00:00,2026-02-06 01:00:00,2,25.0,48.0,0.5538262744078678,0.2822390926879582,0.6390526093569137,0.9669056817652608,10.39814814814815,0.5395852697901291,1.8,
t1,rolling,2026-02-04,2026-02-04 18:00:00,2026-02-05,2026-02-05 20:00:00,2026-02-06 02:00:00,2,26.0,48.0,0.4912451286691843,0.21494191890991893,0.5406568600283629,0.9296511651944148,10.018518518518519,0.7382481209362095,1.7666666666666666,
t1,rolling,2026-02-04,2026-02-04 18:00:00,2026-02-05,2026-02-05 21:00:00,2026-02-06 03:00:00,2,27.0,48.0,0.41000107513470235,0.1577780391493464,0.36157881149361504,0.8801038427002358,9.425925925925926,0.6703217702866032,1.7333333333333334,
t1,rolling,2026-02-04,2026-02-04 18:00:00,2026-02-05,2026-02-05 22:00:00,2026-02-06 04:00:00,2,28.0,48.0,0.3294706565548792,0.05986628602706798,0.2599394335239559,0.825459334920779,8.49074074074074,0.042431256434776535,1.3,
t1,rolling,2026-02-04,2026-02-04 18:00:00,2026-02-05,2026-02-05 23:00:00,2026-02-06 05:00:00,2,29.0,48.0,0.22198714650241605,0.0,0.1629885656847048,0.6552167514875425,7.166666666666668,0.8069910581296641,0.8333333333333334,
t1,rolling,2026-02-04,2026-02-04 18:00:00,2026-02-05,2026-02-06 00:00:00,2026-02-06 06:00:00,2,30.0,48.0,0.07723964754836428,0.0,0.03387588685569441,0.3383785350028838,4.490740740740741,1.0961961916258325,0.7666666666666666,
t1,rolling,2026-02-04,2026-02-04 18:00:00,2026-02-05,2026-02-06 01:00:00,2026-02-06 07:00:00,2,31.0,48.0,0.07614989708920089,0.0,0.031369292825557386,0.3231862860286294,2.175925925925926,1.5116148397883349,0.3333333333333333,
t1,rolling,2026-02-04,2026-02-04 18:00:00,2026-02-05,2026-02-06 02:00:00,2026-02-06 08:00:00,2,32.0,48.0,0.10407055390999359,0.0,0.04590400148957458,0.3844665566767558,3.092592592592593,1.0032098689468039,0.5333333333333333,
t1,rolling,2026-02-04,2026-02-04 18:00:00,2026-02-05,2026-02-06 03:00:00,2026-02-06 09:00:00,2,33.0,48.0,0.2434471732932829,0.0,0.1696739003161443,0.5467463027663346,4.333333333333333,2.9825883613622137,1.4666666666666668,
t1,rolling,2026-02-04,2026-02-04 18:00:00,2026-02-05,2026-02-06 04:00:00,2026-02-06 10:00:00,2,34.0,48.0,0.38209375727702616,0.0,0.2944227794193512,0.7737386869722791,5.055555555555556,3.732676033406914,3.433333333333333,
t1,rolling,2026-02-04,2026-02-04 18:00:00,2026-02-05,2026-02-06 05:00:00,2026-02-06 11:00:00,2,35.0,48.0,0.48027205262336237,0.0,0.4037129799192418,0.977472101211941,5.9259259259259265,5.039759612792312,5.5,
t1,rolling,2026-02-04,2026-02-04 18:00:00,2026-02-05,2026-02-06 06:00:00,2026-02-06 12:00:00,2,36.0,48.0,0.634554524551512,0.04949251508724273,0.5860134219038518,0.9712526531423733,9.444444444444445,6.004884842801621,6.533333333333332,
t1,rolling,2026-02-04,2026-02-04 18:00:00,2026-02-05,2026-02-06 07:00:00,2026-02-06 13:00:00,2,37.0,48.0,0.7831923928781394,0.18710922647631767,0.8095308951938675,0.9767768618637395,10.5,5.208018509003541,7.0,
t1,rolling,2026-02-04,2026-02-04 18:00:00,2026-02-05,2026-02-06 08:00:00,2026-02-06 14:00:00,2,38.0,48.0,0.7892694614071962,0.38154116265305527,0.8798392318387281,0.983613410238246,12.351851851851853,4.006777950838442,7.066666666666666,
t1,rolling,2026-02-04,2026-02-04 18:00:00,2026-02-05,2026-02-06 09:00:00,2026-02-06 15:00:00,2,39.0,48.0,0.901074297815311,0.6824721801711124,0.9343753954774837,0.9770245278575871,14.481481481481483,1.223904566063579,6.633333333333333,
t1,rolling,2026-02-04,2026-02-04 18:00:00,2026-02-05,2026-02-06 10:00:00,2026-02-06 16:00:00,2,40.0,48.0,0.9131000131461288,0.802522370294769,0.9415303626711666,0.9765992419975769,15.555555555555557,0.7642675828998673,5.766666666666667,
t1,rolling,2026-02-04,2026-02-04 18:00:00,2026-02-05,2026-02-06 11:00:00,2026-02-06 17:00:00,2,41.0,48.0,0.9149932941123728,0.8054849227812445,0.9415303626711666,0.9766913926999286,15.731481481481483,0.9978113910035612,4.666666666666667,
t1,rolling,2026-02-04,2026-02-04 18:00:00,2026-02-05,2026-02-06 12:00:00,2026-02-06 18:00:00,2,42.0,48.0,0.916994924271743,0.8043633414691379,0.9415303626711666,0.9767141146370216,16.34259259259259,0.39707003041465905,4.0,
t1,rolling,2026-02-04,2026-02-04 18:00:00,2026-02-05,2026-02-06 13:00:00,2026-02-06 19:00:00,2,43.0,48.0,0.9150427222059173,0.8043633414691379,0.9415303626711666,0.9767150817755198,16.111111111111114,0.5299662230094142,3.5,
t1,rolling,2026-02-04,2026-02-04 18:00:00,2026-02-05,2026-02-06 14:00:00,2026-02-06 20:00:00,2,44.0,48.0,0.9164914864392302,0.804395999857135,0.9411228575680343,0.9767446161619107,15.185185185185185,0.5789073715681702,3.1,
t1,rolling,2026-02-04,2026-02-04 18:00:00,2026-02-05,2026-02-06 15:00:00,2026-02-06 21:00:00,2,45.0,48.0,0.9145216905500402,0.8008365625755152,0.9415303626711666,0.9767113064792994,14.583333333333334,0.9554101956622131,2.766666666666667,
t1,rolling,2026-02-04,2026-02-04 18:00:00,2026-02-05,2026-02-06 16:00:00,2026-02-06 22:00:00,2,46.0,48.0,0.9152052878484739,0.7946805981549988,0.9415303626711666,0.9767155120968292,14.148148148148147,0.9703686033345533,2.3000000000000003,
t1,rolling,2026-02-04,2026-02-04 18:00:00,2026-02-05,2026-02-06 17:00:00,2026-02-06 23:00:00,2,47.0,48.0,0.9132240147189992,0.8008365625755152,0.9415303626711666,0.9767164468675809,13.990740740740742,0.8912006974456274,1.8333333333333333,
t1,rolling,2026-02-05,2026-02-05 18:00:00,2026-02-06,2026-02-05 18:00:00,2026-02-06 00:00:00,1,0.0,24.0,0.5969809538190857,0.30408951627947606,0.650544080568479,0.9842031438156786,10.398148148148147,0.331398706818023,1.6333333333333335,
t1,rolling,2026-02-05,2026-02-05 18:00:00,2026-02-06,2026-02-05 19:00:00,2026-02-06 01:00:00,1,1.0,24.0,0.5799162623366214,0.29253095088579206,0.6521773712139383,0.9781504983845722,10.314814814814815,0.34731480247242635,1.5,
t1,rolling,2026-02-05,2026-02-05 18:00:00,2026-02-06,2026-02-05 20:00:00,2026-02-06 02:00:00,1,2.0,24.0,0.5403624461189431,0.250244841896694,0.5830908875270752,0.9733136663329083,10.111111111111112,0.4672945511461314,1.5666666666666667,
t1,rolling,2026-02-05,2026-02-05 18:00:00,2026-02-06,2026-02-05 21:00:00,2026-02-06 03:00:00,1,3.0,24.0,0.5016861545766323,0.20822096307168636,0.5334021145618552,0.9249589135557239,9.907407407407407,0.5214040083444851,1.4000000000000001,
t1,rolling,2026-02-05,2026-02-05 18:00:00,2026-02-06,2026-02-05 22:00:00,2026-02-06 04:00:00,1,4.0,24.0,0.39900187322898933,0.14695606928583343,0.40996111653511824,0.8972616871618939,9.824074074074074,0.8166540689378561,1.1333333333333333,
t1,rolling,2026-02-05,2026-02-05 18:00:00,2026-02-06,2026-02-05 23:00:00,2026-02-06 05:00:00,1,5.0,24.0,0.28537150397955474,0.03774211056104204,0.24243002485395315,0.7921605963497186,9.046296296296296,1.1467658943572163,0.8666666666666667,
t1,rolling,2026-02-05,2026-02-05 18:00:00,2026-02-06,2026-02-06 00:00:00,2026-02-06 06:00:00,1,6.0,24.0,0.13993888659925244,0.0,0.10274760872484247,0.5024156250221296,6.62962962962963,3.524203496971457,0.10000000000000002,
t1,rolling,2026-02-05,2026-02-05 18:00:00,2026-02-06,2026-02-06 01:00:00,2026-02-06 07:00:00,1,7.0,24.0,0.08179260730183513,0.0,0.03404629479123536,0.3611070846860617,4.685185185185186,3.1808082545578533,-0.10000000000000002,
t1,rolling,2026-02-05,2026-02-05 18:00:00,2026-02-06,2026-02-06 02:00:00,2026-02-06 08:00:00,1,8.0,24.0,0.08249268125681121,0.0,0.04871677647714766,0.29757833556397273,2.675925925925926,3.116232557078216,-0.20000000000000004,
t1,rolling,2026-02-05,2026-02-05 18:00:00,2026-02-06,2026-02-06 03:00:00,2026-02-06 09:00:00,1,9.0,24.0,0.09673922902063177,0.0,0.0678483320803868,0.3281891066587101,4.101851851851852,0.339450051478211,0.2666666666666666,
t1,rolling,2026-02-05,2026-02-05 18:00:00,2026-02-06,2026-02-06 04:00:00,2026-02-06 10:00:00,1,10.0,24.0,0.2364639190260402,0.0,0.10431400266641877,0.5446996092914842,4.1944444444444455,0.8953756367381223,1.9333333333333333,
t1,rolling,2026-02-05,2026-02-05 18:00:00,2026-02-06,2026-02-06 05:00:00,2026-02-06 11:00:00,1,11.0,24.0,0.33356721462944006,0.0,0.28051502738875944,0.7591215950822015,4.018518518518519,2.334876033226385,3.633333333333333,
t1,rolling,2026-02-05,2026-02-05 18:00:00,2026-02-06,2026-02-06 06:00:00,2026-02-06 12:00:00,1,12.0,24.0,0.5281814900045078,0.0,0.4744256103161306,0.9737242062270378,6.972222222222222,2.9028774570870546,5.233333333333333,
t1,rolling,2026-02-05,2026-02-05 18:00:00,2026-02-06,2026-02-06 07:00:00,2026-02-06 13:00:00,1,13.0,24.0,0.6600711937131307,0.1638349140442839,0.6245535056441414,0.9934004109145668,10.018518518518519,3.58067659192604,6.3999999999999995,
t1,rolling,2026-02-05,2026-02-05 18:00:00,2026-02-06,2026-02-06 08:00:00,2026-02-06 14:00:00,1,14.0,24.0,0.7649033141911884,0.2860032431001561,0.8374453565375714,0.9893490259330748,13.324074074074074,3.0712140868194435,5.533333333333334,
t1,rolling,2026-02-05,2026-02-05 18:00:00,2026-02-06,2026-02-06 09:00:00,2026-02-06 15:00:00,1,15.0,24.0,0.8789641236821896,0.644088662799339,0.9370025384448272,0.9780401802708596,14.25,1.9774968589508541,5.033333333333334,
t1,rolling,2026-02-05,2026-02-05 18:00:00,2026-02-06,2026-02-06 10:00:00,2026-02-06 16:00:00,1,16.0,24.0,0.9144891738164658,0.7787675883067882,0.9410122231365281,0.9779632331708609,14.703703703703704,0.9305901043890548,4.566666666666666,
t1,rolling,2026-02-05,2026-02-05 18:00:00,2026-02-06,2026-02-06 11:00:00,2026-02-06 17:00:00,1,17.0,24.0,0.9168659880425725,0.7896064419777651,0.9411106995905165,0.9779454844307482,15.861111111111112,0.48828877309019336,4.266666666666667,
t1,rolling,2026-02-05,2026-02-05 18:00:00,2026-02-06,2026-02-06 12:00:00,2026-02-06 18:00:00,1,18.0,24.0,0.9151204080524353,0.8017772349061099,0.9416111332140336,0.9779132641169517,16.89814814814815,0.5280213862734546,3.6666666666666665,
t1,rolling,2026-02-05,2026-02-05 18:00:00,2026-02-06,2026-02-06 13:00:00,2026-02-06 19:00:00,1,19.0,24.0,0.9149216745107851,0.8017662951836598,0.9417096096680219,0.9779016815793428,16.990740740740744,0.5619996631664261,3.133333333333333,
t1,rolling,2026-02-05,2026-02-05 18:00:00,2026-02-06,2026-02-06 14:00:00,2026-02-06 20:00:00,1,20.0,24.0,0.9186333603156583,0.7958310375150438,0.9417096096680219,0.9779066242243669,16.462962962962965,0.7372021962727041,2.533333333333333,
t1,rolling,2026-02-05,2026-02-05 18:00:00,2026-02-06,2026-02-06 15:00:00,2026-02-06 21:00:00,1,21.0,24.0,0.9186333603156583,0.7836711843091493,0.9411106995905165,0.9779402487209657,15.685185185185185,0.23295825232239065,2.066666666666667,
t1,rolling,2026-02-05,2026-02-05 18:00:00,2026-02-06,2026-02-06 16:00:00,2026-02-06 22:00:00,1,22.0,24.0,0.906423791152776,0.5692428140210937,0.9388636247590425,0.9781956583229544,14.268518518518519,0.7460458177216184,1.7,
t1,rolling,2026-02-05,2026-02-05 18:00:00,2026-02-06,2026-02-06 17:00:00,2026-02-06 23:00:00,1,23.0,24.0,0.8977597681331407,0.6202960137198212,0.9379487679439709,0.978046784088141,12.962962962962964,0.21032993873334435,1.5,
t1,rolling,2026-02-05,2026-02-05 18:00:00,2026-02-06,2026-02-06 18:00:00,2026-02-07 00:00:00,2,24.0,48.0,0.9100950853398646,0.731988101182997,0.9318185657573677,0.9791754774395421,12.462962962962962,1.8644938853639805,1.6333333333333335,
t1,rolling,2026-02-05,2026-02-05 18:00:00,2026-02-06,2026-02-06 19:00:00,2026-02-07 01:00:00,2,25.0,48.0,0.860633957084253,0.6179872076542063,0.8887500688481906,0.9822707015902779,12.00925925925926,1.7341284975717732,1.6000000000000003,
t1,rolling,2026-02-05,2026-02-05 18:00:00,2026-02-06,2026-02-06 20:00:00,2026-02-07 02:00:00,2,26.0,48.0,0.7691529244401353,0.5242268480872585,0.8034858119336128,0.9770320773028572,11.194444444444445,2.05499241535352,1.4000000000000001,
t1,rolling,2026-02-05,2026-02-05 18:00:00,2026-02-06,2026-02-06 21:00:00,2026-02-07 03:00:00,2,27.0,48.0,0.5710459348466516,0.2581681034734481,0.5894915763567747,0.9272250732019804,9.953703703703704,1.0909042196549181,1.2666666666666668,
t1,rolling,2026-02-05,2026-02-05 18:00:00,2026-02-06,2026-02-06 22:00:00,2026-02-07 04:00:00,2,28.0,48.0,0.4658526939893299,0.0728947680917924,0.44283467165587703,0.8646587391339686,8.527777777777779,0.9910868208284047,0.9666666666666667,
t1,rolling,2026-02-05,2026-02-05 18:00:00,2026-02-06,2026-02-06 23:00:00,2026-02-07 05:00:00,2,29.0,48.0,0.3136790181752459,0.0,0.2571789335144024,0.8276971988918391,7.398148148148148,1.9409359881995247,0.7000000000000001,
t1,rolling,2026-02-05,2026-02-05 18:00:00,2026-02-06,2026-02-07 00:00:00,2026-02-07 06:00:00,2,30.0,48.0,0.22965753083838764,0.0038849749683868284,0.1296518806605708,0.5723397674106784,6.546296296296297,1.0585969828109563,0.39999999999999997,
t1,rolling,2026-02-05,2026-02-05 18:00:00,2026-02-06,2026-02-07 01:00:00,2026-02-07 07:00:00,2,31.0,48.0,0.1178635770065998,0.0,0.0506529308750998,0.3649000522219212,4.833333333333333,1.4215601757693321,0.2333333333333333,
t1,rolling,2026-02-05,2026-02-05 18:00:00,2026-02-06,2026-02-07 02:00:00,2026-02-07 08:00:00,2,32.0,48.0,0.06290114240932086,0.0,0.01785486004361702,0.2929216820759632,2.9814814814814814,1.8848677241251068,0.16666666666666666,
t1,rolling,2026-02-05,2026-02-05 18:00:00,2026-02-06,2026-02-07 03:00:00,2026-02-07 09:00:00,2,33.0,48.0,0.06767887409106751,0.0,0.01689679627546546,0.3075132375438475,2.240740740740741,0.15795113064103675,0.2333333333333333,
t1,rolling,2026-02-05,2026-02-05 18:00:00,2026-02-06,2026-02-07 04:00:00,2026-02-07 10:00:00,2,34.0,48.0,0.11887506821891347,0.0,0.08289138346354963,0.33432786711514123,3.064814814814815,2.2064253346083675,0.8666666666666667,
t1,rolling,2026-02-05,2026-02-05 18:00:00,2026-02-06,2026-02-07 05:00:00,2026-02-07 11:00:00,2,35.0,48.0,0.18550029039854948,0.0,0.12208266162698944,0.502695093205775,4.787037037037038,3.583369221755396,1.9333333333333336,
t1,rolling,2026-02-05,2026-02-05 18:00:00,2026-02-06,2026-02-07 06:00:00,2026-02-07 12:00:00,2,36.0,48.0,0.20305690432609017,0.0,0.12234041325711262,0.6685338810096161,5.953703703703703,4.764219565242939,3.266666666666667,
t1,rolling,2026-02-05,2026-02-05 18:00:00,2026-02-06,2026-02-07 07:00:00,2026-02-07 13:00:00,2,37.0,48.0,0.22035085148398054,0.0,0.16474358147622112,0.597084126676585,6.1759259259259265,3.4079986403328104,3.733333333333333,
t1,rolling,2026-02-05,2026-02-05 18:00:00,2026-02-06,2026-02-07 08:00:00,2026-02-07 14:00:00,2,38.0,48.0,0.20814346183701365,0.003433065049702644,0.14685581555259095,0.615478506584522,6.287037037037037,2.3798818139898605,3.966666666666667,
t1,rolling,2026-02-05,2026-02-05 18:00:00,2026-02-06,2026-02-07 09:00:00,2026-02-07 15:00:00,2,39.0,48.0,0.18116278330263325,0.0,0.11313780273166424,0.5405263699539289,5.9444444444444455,2.1094657330737436,4.133333333333334,
t1,rolling,2026-02-05,2026-02-05 18:00:00,2026-02-06,2026-02-07 10:00:00,2026-02-07 16:00:00,2,40.0,48.0,0.12596527535578883,0.0,0.07832608072566004,0.33825768367576703,5.12962962962963,1.8470307614506198,3.8666666666666667,
t1,rolling,2026-02-05,2026-02-05 18:00:00,2026-02-06,2026-02-07 11:00:00,2026-02-07 17:00:00,2,41.0,48.0,0.08604346028479613,0.0,0.03831276216148955,0.25366997559195265,4.268518518518519,1.873576277028406,3.2000000000000006,
t1,rolling,2026-02-05,2026-02-05 18:00:00,2026-02-06,2026-02-07 12:00:00,2026-02-07 18:00:00,2,42.0,48.0,0.15084494050989528,0.0,0.06608382083240306,0.3638664315225068,2.7870370370370368,2.0488504254443813,1.8999999999999997,
t1,rolling,2026-02-05,2026-02-05 18:00:00,2026-02-06,2026-02-07 13:00:00,2026-02-07 19:00:00,2,43.0,48.0,0.19972876525678046,0.0,0.10953691926381565,0.4633819022849752,3.5740740740740744,0.9671827060236737,0.8333333333333334,
t1,rolling,2026-02-05,2026-02-05 18:00:00,2026-02-06,2026-02-07 14:00:00,2026-02-07 20:00:00,2,44.0,48.0,0.3750439165688706,0.0,0.3053730325812728,0.936808029850135,5.592592592592593,3.9452594358876967,0.6333333333333333,
t1,rolling,2026-02-05,2026-02-05 18:00:00,2026-02-06,2026-02-07 15:00:00,2026-02-07 21:00:00,2,45.0,48.0,0.42258373134716193,0.0,0.34773918889110184,0.9154285219145066,7.842592592592593,3.1557234566703434,0.36666666666666664,
t1,rolling,2026-02-05,2026-02-05 18:00:00,2026-02-06,2026-02-07 16:00:00,2026-02-07 22:00:00,2,46.0,48.0,0.49406799423607944,0.012427988896319575,0.38973457089376917,0.948847066235442,8.5,3.4441084065472416,0.033333333333333354,
t1,rolling,2026-02-05,2026-02-05 18:00:00,2026-02-06,2026-02-07 17:00:00,2026-02-07 23:00:00,2,47.0,48.0,0.47415634171148724,0.030081283810520776,0.412831341052837,0.9375595893026649,8.768518518518519,3.3772949825528946,-0.10000000000000002,
t1,rolling,2026-02-06,2026-02-06 18:00:00,2026-02-07,2026-02-06 18:00:00,2026-02-07 00:00:00,1,0.0,24.0,0.8101204236970851,0.44790483446772933,0.8617155422059204,0.9718546644871142,12.305555555555557,0.5464532103585003,1.1666666666666667,
t1,rolling,2026-02-06,2026-02-06 18:00:00,2026-02-07,2026-02-06 19:00:00,2026-02-07 01:00:00,1,1.0,24.0,0.6962179523584149,0.2761019426654717,0.7457189619419714,0.9685157951196186,11.555555555555555,0.9658521472618724,0.9,
t1,rolling,2026-02-06,2026-02-06 18:00:00,2026-02-07,2026-02-06 20:00:00,2026-02-07 02:00:00,1,2.0,24.0,0.599995904381071,0.2144468354403306,0.6912764943538068,0.9537602773014253,10.425925925925926,0.803797570896692,0.8333333333333334,
t1,rolling,2026-02-06,2026-02-06 18:00:00,2026-02-07,2026-02-06 21:00:00,2026-02-07 03:00:00,1,3.0,24.0,0.4154073612346272,0.0839615118112233,0.42419608563742245,0.8798750737144747,9.00925925925926,1.0993591474033515,0.6,
t1,rolling,2026-02-06,2026-02-06 18:00:00,2026-02-07,2026-02-06 22:00:00,2026-02-07 04:00:00,1,4.0,24.0,0.2952040972680902,0.0,0.28230526950385654,0.8438209472309823,7.601851851851852,1.6801154918170431,0.3,
t1,rolling,2026-02-06,2026-02-06 18:00:00,2026-02-07,2026-02-06 23:00:00,2026-02-07 05:00:00,1,5.0,24.0,0.21019109164977537,0.0,0.12181166510547908,0.8134445054384418,6.592592592592593,2.7047816217578786,0.09999999999999998,
t1,rolling,2026-02-06,2026-02-06 18:00:00,2026-02-07,2026-02-07 00:00:00,2026-02-07 06:00:00,1,6.0,24.0,0.15259891231029016,0.0,0.07580139646076087,0.4979951930756171,5.037037037037037,1.2970566553077738,-0.033333333333333326,
t1,rolling,2026-02-06,2026-02-06 18:00:00,2026-02-07,2026-02-07 01:00:00,2026-02-07 07:00:00,1,7.0,24.0,0.06771627423336238,0.0,0.016922542615122018,0.24762740844672057,3.8333333333333335,1.3143909071467759,-0.1333333333333333,
t1,rolling,2026-02-06,2026-02-06 18:00:00,2026-02-07,2026-02-07 02:00:00,2026-02-07 08:00:00,1,8.0,24.0,0.03419436984260066,0.0,0.0015850062466416133,0.22866430453285583,2.1018518518518516,1.3620556057852518,-0.3999999999999999,
t1,rolling,2026-02-06,2026-02-06 18:00:00,2026-02-07,2026-02-07 03:00:00,2026-02-07 09:00:00,1,9.0,24.0,0.08615521619137524,0.0,0.015501172490242989,0.3109959666747166,1.6944444444444446,0.9179284245476836,-0.20000000000000004,
t1,rolling,2026-02-06,2026-02-06 18:00:00,2026-02-07,2026-02-07 04:00:00,2026-02-07 10:00:00,1,10.0,24.0,0.18904925021847416,0.0,0.12593537342856898,0.45064211319349723,2.8333333333333335,1.8132315467075102,0.8000000000000002,
t1,rolling,2026-02-06,2026-02-06 18:00:00,2026-02-07,2026-02-07 05:00:00,2026-02-07 11:00:00,1,11.0,24.0,0.25004721357932996,0.0,0.2080065265836394,0.7094564791219388,5.953703703703703,2.37939543450534,2.033333333333333,
t1,rolling,2026-02-06,2026-02-06 18:00:00,2026-02-07,2026-02-07 06:00:00,2026-02-07 12:00:00,1,12.0,24.0,0.3010077484209162,0.0,0.2709126970393987,0.7541565694144935,7.120370370370369,2.5811420415550796,3.266666666666667,
t1,rolling,2026-02-06,2026-02-06 18:00:00,2026-02-07,2026-02-07 07:00:00,2026-02-07 13:00:00,1,13.0,24.0,0.3559791208687098,0.0030873149642038356,0.2608781632459432,0.7955332474998293,7.25,1.7803800398846734,3.866666666666667,
t1,rolling,2026-02-06,2026-02-06 18:00:00,2026-02-07,2026-02-07 08:00:00,2026-02-07 14:00:00,1,14.0,24.0,0.27329643053790065,0.0,0.20455654623896172,0.700897444885309,6.768518518518519,1.4636367412333107,3.9666666666666663,
t1,rolling,2026-02-06,2026-02-06 18:00:00,2026-02-07,2026-02-07 09:00:00,2026-02-07 15:00:00,1,15.0,24.0,0.1672088010490528,0.0,0.09017208114106542,0.5208373583564659,5.5740740740740735,1.4066457490692121,3.9333333333333336,
t1,rolling,2026-02-06,2026-02-06 18:00:00,2026-02-07,2026-02-07 10:00:00,2026-02-07 16:00:00,1,16.0,24.0,0.10086631621439687,0.0,0.051823836143607485,0.2833761777629801,4.361111111111111,1.317908462697384,3.5666666666666664,
t1,rolling,2026-02-06,2026-02-06 18:00:00,2026-02-07,2026-02-07 11:00:00,2026-02-07 17:00:00,1,17.0,24.0,0.12156213816578726,0.0,0.04688846823005159,0.33058342671042956,3.1666666666666665,1.2918906615814985,2.966666666666667,
t1,rolling,2026-02-06,2026-02-06 18:00:00,2026-02-07,2026-02-07 12:00:00,2026-02-07 18:00:00,1,18.0,24.0,0.232572569034167,0.0,0.12897149872832223,0.49791397442557384,3.0462962962962963,2.2581015552328143,1.5666666666666667,
t1,rolling,2026-02-06,2026-02-06 18:00:00,2026-02-07,2026-02-07 13:00:00,2026-02-07 19:00:00,1,19.0,24.0,0.29945593493933703,0.0,0.20041425928580836,0.7831731220794009,5.518518518518519,3.103454533443702,0.3,
t1,rolling,2026-02-06,2026-02-06 18:00:00,2026-02-07,2026-02-07 14:00:00,2026-02-07 20:00:00,1,20.0,24.0,0.42279972672278965,0.0,0.3528077243412066,0.9147291730935958,7.018518518518519,2.849265301301662,0.23333333333333336,
t1,rolling,2026-02-06,2026-02-06 18:00:00,2026-02-07,2026-02-07 15:00:00,2026-02-07 21:00:00,1,21.0,24.0,0.5607446144638983,0.03491927549645801,0.49756427826577276,0.9943199806649565,8.185185185185185,2.238884293718288,3.700743415417188e-17,
t1,rolling,2026-02-06,2026-02-06 18:00:00,2026-02-07,2026-02-07 16:00:00,2026-02-07 22:00:00,1,22.0,24.0,0.6414469612683488,0.09143681802878323,0.592024622354512,0.9791221624333732,9.666666666666668,2.4354316168789936,-0.19999999999999998,
t1,rolling,2026-02-06,2026-02-06 18:00:00,2026-02-07,2026-02-07 17:00:00,2026-02-07 23:00:00,1,23.0,24.0,0.6207565425788676,0.24559825041811167,0.6259167773033415,0.9443719272666101,10.805555555555557,2.0224435165852657,-0.3333333333333333,
t1,rolling,2026-02-06,2026-02-06 18:00:00,2026-02-07,2026-02-07 18:00:00,2026-02-08 00:00:00,2,24.0,48.0,0.5841509501082439,0.11276473136622012,0.6201851914498603,0.9661176033156003,9.120370370370372,3.3326774045994276,-0.39999999999999997,
t1,rolling,2026-02-06,2026-02-06 18:00:00,2026-02-07,2026-02-07 19:00:00,2026-02-08 01:00:00,2,25.0,48.0,0.6104420847621054,0.22349163363738417,0.6464705821390946,0.993877417030225,9.527777777777779,2.8647495743008307,-0.6666666666666666,
t1,rolling,2026-02-06,2026-02-06 18:00:00,2026-02-07,2026-02-07 20:00:00,2026-02-08 02:00:00,2,26.0,48.0,0.6966498054840278,0.3358188297604606,0.7242079658884838,0.977463445952004,9.962962962962964,2.1304547515870116,-0.8000000000000002,
t1,rolling,2026-02-06,2026-02-06 18:00:00,2026-02-07,2026-02-07 21:00:00,2026-02-08 03:00:00,2,27.0,48.0,0.704684887965367,0.4178522061327744,0.7339753191287939,0.9790580073468644,10.37962962962963,1.041697530406964,-0.8333333333333334,
t1,rolling,2026-02-06,2026-02-06 18:00:00,2026-02-07,2026-02-07 22:00:00,2026-02-08 04:00:00,2,28.0,48.0,0.7092265186812927,0.3906477914145271,0.7498666473366341,0.9736234347562618,10.194444444444445,0.6309898162000303,-0.8666666666666667,
t1,rolling,2026-02-06,2026-02-06 18:00:00,2026-02-07,2026-02-07 23:00:00,2026-02-08 05:00:00,2,29.0,48.0,0.6905249341386104,0.32168948744728243,0.7000163030990345,0.9551318022592505,9.75925925925926,0.4724944748952982,-0.6666666666666666,
t1,rolling,2026-02-06,2026-02-06 18:00:00,2026-02-07,2026-02-08 00:00:00,2026-02-08 06:00:00,2,30.0,48.0,0.6493775317654228,0.12222025712337525,0.6607790678397741,0.9303982631812948,9.592592592592593,0.7709688736357824,-0.6999999999999998,
t1,rolling,2026-02-06,2026-02-06 18:00:00,2026-02-07,2026-02-08 01:00:00,2026-02-08 07:00:00,2,31.0,48.0,0.5532888342744379,0.10652371203514549,0.5782257079391914,0.9226205599708369,8.62962962962963,0.4659165046447828,-0.9,
t1,rolling,2026-02-06,2026-02-06 18:00:00,2026-02-07,2026-02-08 02:00:00,2026-02-08 08:00:00,2,32.0,48.0,0.46416726049155355,0.03220657161922985,0.46346627246677113,0.906433901373024,8.111111111111112,0.2649831115047075,-0.9333333333333335,
t1,rolling,2026-02-06,2026-02-06 18:00:00,2026-02-07,2026-02-08 03:00:00,2026-02-08 09:00:00,2,33.0,48.0,0.35919119693030027,0.020055765524475244,0.3449740513196862,0.8189036708587638,7.351851851851852,0.1425444844290801,-0.39999999999999997,
t1,rolling,2026-02-06,2026-02-06 18:00:00,2026-02-07,2026-02-08 04:00:00,2026-02-08 10:00:00,2,34.0,48.0,0.1987062574202284,0.0,0.1665211241881949,0.6502557107341052,6.527777777777779,0.7742977702647972,0.5333333333333333,
t1,rolling,2026-02-06,2026-02-06 18:00:00,2026-02-07,2026-02-08 05:00:00,2026-02-08 11:00:00,2,35.0,48.0,0.12361911183207719,0.0,0.06473042263550856,0.4811786727439986,5.5,1.010744744370014,1.5,
t1,rolling,2026-02-06,2026-02-06 18:00:00,2026-02-07,2026-02-08 06:00:00,2026-02-08 12:00:00,2,36.0,48.0,0.06352841518877751,0.0,0.01449780950679028,0.26962410705889994,2.7314814814814814,1.926371031186422,2.3333333333333335,
t1,rolling,2026-02-06,2026-02-06 18:00:00,2026-02-07,2026-02-08 07:00:00,2026-02-08 13:00:00,2,37.0,48.0,0.04181350879395357,0.0,0.004239178410105501,0.2579585977058648,1.8240740740740744,1.0483428035451268,3.1666666666666665,
t1,rolling,2026-02-06,2026-02-06 18:00:00,2026-02-07,2026-02-08 08:00:00,2026-02-08 14:00:00,2,38.0,48.0,0.14349497443966358,0.0,0.038447945909881875,0.4176000427025372,1.7870370370370372,0.2740490479064582,3.9,
t1,rolling,2026-02-06,2026-02-06 18:00:00,2026-02-07,2026-02-08 09:00:00,2026-02-08 15:00:00,2,39.0,48.0,0.3233817931215002,0.0,0.24260189994551384,0.707181170845866,3.333333333333334,1.5488446510500724,4.5,
t1,rolling,2026-02-06,2026-02-06 18:00:00,2026-02-07,2026-02-08 10:00:00,2026-02-08 16:00:00,2,40.0,48.0,0.6249122075676529,0.062456202657865556,0.4961024347101809,1.0,6.342592592592593,1.476496241872418,4.5,
t1,rolling,2026-02-06,2026-02-06 18:00:00,2026-02-07,2026-02-08 11:00:00,2026-02-08 17:00:00,2,41.0,48.0,0.8483357356192092,0.3143584804528864,0.8501499284280819,0.985024111465008,10.027777777777779,1.0352580640880125,3.6666666666666665,
t1,rolling,2026-02-06,2026-02-06 18:00:00,2026-02-07,2026-02-08 12:00:00,2026-02-08 18:00:00,2,42.0,48.0,0.8641277449268595,0.44601128471741264,0.9211281940023279,0.9755598400501198,14.50925925925926,1.3197611705627288,1.7333333333333334,
t1,rolling,2026-02-06,2026-02-06 18:00:00,2026-02-07,2026-02-08 13:00:00,2026-02-08 19:00:00,2,43.0,48.0,0.9203404059116861,0.7571933947281568,0.9355538504402171,0.9753545482120928,15.75925925925926,0.7486270011369321,0.5333333333333333,
t1,rolling,2026-02-06,2026-02-06 18:00:00,2026-02-07,2026-02-08 14:00:00,2026-02-08 20:00:00,2,44.0,48.0,0.9161314939119427,0.769592331530917,0.9363561908610651,0.9730757495197259,16.36111111111111,1.1925048852036482,-0.06666666666666667,
t1,rolling,2026-02-06,2026-02-06 18:00:00,2026-02-07,2026-02-08 15:00:00,2026-02-08 21:00:00,2,45.0,48.0,0.9167165248395007,0.7768868946679482,0.9363201938147876,0.9731588637882467,16.89814814814815,1.7778501142690817,-0.5,
t1,rolling,2026-02-06,2026-02-06 18:00:00,2026-02-07,2026-02-08 16:00:00,2026-02-08 22:00:00,2,46.0,48.0,0.9084897887247444,0.7768868946679482,0.9363201938147876,0.9731645683948421,16.768518518518523,2.071509658045188,-0.6333333333333333,
t1,rolling,2026-02-06,2026-02-06 18:00:00,2026-02-07,2026-02-08 17:00:00,2026-02-08 23:00:00,2,47.0,48.0,0.9082721852816957,0.7768868946679482,0.9363201938147876,0.9731600025993019,17.037037037037038,2.1731266469923725,-0.7333333333333334,
t1,rolling,2026-02-07,2026-02-07 18:00:00,2026-02-08,2026-02-07 18:00:00,2026-02-08 00:00:00,1,0.0,24.0,0.8814985583373509,0.6951218160859952,0.9244537066649071,0.9653091229612494,12.277777777777779,0.6309898162000296,-0.4666666666666666,
t1,rolling,2026-02-07,2026-02-07 18:00:00,2026-02-08,2026-02-07 19:00:00,2026-02-08 01:00:00,1,1.0,24.0,0.8694099125453841,0.6689527415966416,0.9226268111985687,0.9649115409343801,12.861111111111112,1.0209986638605062,-0.5333333333333333,
t1,rolling,2026-02-07,2026-02-07 18:00:00,2026-02-08,2026-02-07 20:00:00,2026-02-08 02:00:00,1,2.0,24.0,0.8421815671076819,0.6474387009578846,0.9066871977382819,0.9667323585212921,12.453703703703704,1.768712419077556,-0.6666666666666666,
t1,rolling,2026-02-07,2026-02-07 18:00:00,2026-02-08,2026-02-07 21:00:00,2026-02-08 03:00:00,1,3.0,24.0,0.7998499978085899,0.5041416864925168,0.8490079583365582,0.9601701485413687,12.083333333333336,1.4452455043698407,-0.8666666666666667,
t1,rolling,2026-02-07,2026-02-07 18:00:00,2026-02-08,2026-02-07 22:00:00,2026-02-08 04:00:00,1,4.0,24.0,0.7675173026245643,0.4215722053572226,0.8337585963671807,0.9581085663300948,11.064814814814815,0.8634972912617968,-0.9333333333333332,
t1,rolling,2026-02-07,2026-02-07 18:00:00,2026-02-08,2026-02-07 23:00:00,2026-02-08 05:00:00,1,5.0,24.0,0.7043935891999107,0.3287296508335243,0.7538184495116519,0.9501877036049786,9.916666666666666,0.6532208897947136,-1.0999999999999999,
t1,rolling,2026-02-07,2026-02-07 18:00:00,2026-02-08,2026-02-08 00:00:00,2026-02-08 06:00:00,1,6.0,24.0,0.5979056811935514,0.20139981217989217,0.5966817145331049,0.9510668695928903,9.324074074074074,0.5888190035401717,-1.2333333333333334,
t1,rolling,2026-02-07,2026-02-07 18:00:00,2026-02-08,2026-02-08 01:00:00,2026-02-08 07:00:00,1,7.0,24.0,0.5063246317525256,0.04122933397966927,0.5208108680213459,0.8985209088407056,8.194444444444445,0.32749517007087786,-1.3333333333333333,
t1,rolling,2026-02-07,2026-02-07 18:00:00,2026-02-08,2026-02-08 02:00:00,2026-02-08 08:00:00,1,8.0,24.0,0.3774249013903262,0.0035112976163694243,0.3619928203587734,0.7786325878072673,7.324074074074075,0.16743649370393615,-1.1666666666666667,
t1,rolling,2026-02-07,2026-02-07 18:00:00,2026-02-08,2026-02-08 03:00:00,2026-02-08 09:00:00,1,9.0,24.0,0.21659969331392878,0.0,0.15733652348046104,0.5621976739617205,6.361111111111112,0.15466012118972275,-0.7666666666666666,
t1,rolling,2026-02-07,2026-02-07 18:00:00,2026-02-08,2026-02-08 04:00:00,2026-02-08 10:00:00,1,10.0,24.0,0.11553004247926224,0.0,0.06975002513186522,0.3670507562820188,5.5,0.5068968775248517,0.5,
t1,rolling,2026-02-07,2026-02-07 18:00:00,2026-02-08,2026-02-08 05:00:00,2026-02-08 11:00:00,1,11.0,24.0,0.06587092410855007,0.0,0.01151811702847112,0.2525725994675015,4.231481481481482,1.1167680071944237,1.5333333333333334,
t1,rolling,2026-02-07,2026-02-07 18:00:00,2026-02-08,2026-02-08 06:00:00,2026-02-08 12:00:00,1,12.0,24.0,0.034688649612958575,0.0,0.0,0.21966901724898513,2.2962962962962963,1.1987433406312709,2.3666666666666667,
t1,rolling,2026-02-07,2026-02-07 18:00:00,2026-02-08,2026-02-08 07:00:00,2026-02-08 13:00:00,1,13.0,24.0,0.10206700778654493,0.0,0.0,0.3312387351827724,1.1574074074074072,0.7159629045267892,3.4000000000000004,
t1,rolling,2026-02-07,2026-02-07 18:00:00,2026-02-08,2026-02-08 08:00:00,2026-02-08 14:00:00,1,14.0,24.0,0.173638374729044,0.0,0.09072620927197361,0.5076343363707464,2.2222222222222223,1.5562994253146045,4.266666666666667,
t1,rolling,2026-02-07,2026-02-07 18:00:00,2026-02-08,2026-02-08 09:00:00,2026-02-08 15:00:00,1,15.0,24.0,0.4663987548708892,0.0,0.3594237206821719,0.8591469149607821,5.083333333333334,2.1822799268224835,4.666666666666667,
t1,rolling,2026-02-07,2026-02-07 18:00:00,2026-02-08,2026-02-08 10:00:00,2026-02-08 16:00:00,1,16.0,24.0,0.686447723098595,0.07933316896638098,0.6562712199798152,0.9813037162222077,8.425925925925926,2.24404791143295,4.3999999999999995,
t1,rolling,2026-02-07,2026-02-07 18:00:00,2026-02-08,2026-02-08 11:00:00,2026-02-08 17:00:00,1,17.0,24.0,0.8296625128655293,0.3377202963851553,0.8552657839479474,0.9750783256426203,12.018518518518519,1.9946559260620575,3.5,
t1,rolling,2026-02-07,2026-02-07 18:00:00,2026-02-08,2026-02-08 12:00:00,2026-02-08 18:00:00,1,18.0,24.0,0.8764227780456139,0.5159694250379112,0.9184524732157353,0.9677655064567054,14.611111111111112,1.2143051663552447,1.8666666666666665,
t1,rolling,2026-02-07,2026-02-07 18:00:00,2026-02-08,2026-02-08 13:00:00,2026-02-08 19:00:00,1,19.0,24.0,0.9056379269756477,0.7445662754058525,0.9278646208804932,0.9644782459528981,15.694444444444445,1.1252571722516171,0.8000000000000002,
t1,rolling,2026-02-07,2026-02-07 18:00:00,2026-02-08,2026-02-08 14:00:00,2026-02-08 20:00:00,1,20.0,24.0,0.9060893694387288,0.7432196763441965,0.9281654205594365,0.9644481550516066,16.324074074074073,1.8066947972845275,0.10000000000000002,
t1,rolling,2026-02-07,2026-02-07 18:00:00,2026-02-08,2026-02-08 15:00:00,2026-02-08 21:00:00,1,21.0,24.0,0.9069050719234817,0.7711624885430017,0.9281654205594365,0.9644481550516066,16.59259259259259,2.0460239470176167,-0.30000000000000004,
t1,rolling,2026-02-07,2026-02-07 18:00:00,2026-02-08,2026-02-08 16:00:00,2026-02-08 22:00:00,1,22.0,24.0,0.9007656335421172,0.7711624885430017,0.9281654205594365,0.9644481550516066,16.972222222222225,2.3228933107943925,-0.5333333333333333,
t1,rolling,2026-02-07,2026-02-07 18:00:00,2026-02-08,2026-02-08 17:00:00,2026-02-08 23:00:00,1,23.0,24.0,0.9016964237155466,0.7711624885430017,0.9281654205594365,0.9644436588560775,17.02777777777778,2.3295273191925014,-0.6,
t1,rolling,2026-02-07,2026-02-07 18:00:00,2026-02-08,2026-02-08 18:00:00,2026-02-09 00:00:00,2,24.0,48.0,0.9033025615672465,0.7630930643859768,0.9281654205594365,0.9644436588560775,17.10185185185185,2.5099083484652325,-0.8666666666666667,
t1,rolling,2026-02-07,2026-02-07 18:00:00,2026-02-08,2026-02-08 19:00:00,2026-02-09 01:00:00,2,25.0,48.0,0.9033025615672465,0.7711624885430017,0.9281654205594365,0.9644456978703526,17.546296296296298,2.2402624221650047,-1.0333333333333334,
t1,rolling,2026-02-07,2026-02-07 18:00:00,2026-02-08,2026-02-08 20:00:00,2026-02-09 02:00:00,2,26.0,48.0,0.9021884713652857,0.7711624885430017,0.9281654205594365,0.9644530455222118,17.962962962962962,1.9309718442728472,-1.2,
t1,rolling,2026-02-07,2026-02-07 18:00:00,2026-02-08,2026-02-08 21:00:00,2026-02-09 03:00:00,2,27.0,48.0,0.901167359644766,0.7735031032617619,0.9281654205594365,0.9644565876845334,18.38888888888889,1.7495590273333037,-1.366666666666667,
t1,rolling,2026-02-07,2026-02-07 18:00:00,2026-02-08,2026-02-08 22:00:00,2026-02-09 04:00:00,2,28.0,48.0,0.9010771183847094,0.7707707111202805,0.9282177657192316,0.9644693532661328,18.58333333333334,1.7347216662217788,-1.5,
t1,rolling,2026-02-07,2026-02-07 18:00:00,2026-02-08,2026-02-08 23:00:00,2026-02-09 05:00:00,2,29.0,48.0,0.8991373957143507,0.7479081555264168,0.9280056703946823,0.9644945884112459,18.62962962962963,1.7240879977159842,-1.5666666666666667,
t1,rolling,2026-02-07,2026-02-07 18:00:00,2026-02-08,2026-02-09 00:00:00,2026-02-09 06:00:00,2,30.0,48.0,0.8492962826828627,0.6731002988381682,0.8796360832147356,0.9702496117911563,18.787037037037038,2.007765274920592,-1.5,
t1,rolling,2026-02-07,2026-02-07 18:00:00,2026-02-08,2026-02-09 01:00:00,2026-02-09 07:00:00,2,31.0,48.0,0.8446330371917533,0.6655784607888218,0.8796360832147356,0.9702463820425467,18.48148148148148,2.1056825916919992,-1.5,
t1,rolling,2026-02-07,2026-02-07 18:00:00,2026-02-08,2026-02-09 02:00:00,2026-02-09 08:00:00,2,32.0,48.0,0.8426299494439548,0.653992857750661,0.8796360832147356,0.9702458961039417,18.203703703703706,2.339662931651663,-1.4666666666666668,
t1,rolling,2026-02-07,2026-02-07 18:00:00,2026-02-08,2026-02-09 03:00:00,2026-02-09 09:00:00,2,33.0,48.0,0.8399178573277938,0.6442340276545618,0.8796360832147356,0.9702460622773056,17.5462962962963,2.362309064289925,-0.7666666666666666,
t1,rolling,2026-02-07,2026-02-07 18:00:00,2026-02-08,2026-02-09 04:00:00,2026-02-09 10:00:00,2,34.0,48.0,0.8395868495798466,0.6528632745369164,0.8813791878123785,0.9700386673356092,17.166666666666668,2.5994123267470384,0.7999999999999999,
t1,rolling,2026-02-07,2026-02-07 18:00:00,2026-02-08,2026-02-09 05:00:00,2026-02-09 11:00:00,2,35.0,48.0,0.8415685113889306,0.6266989254367641,0.8813791878123785,0.9700395244935582,16.833333333333332,3.231189629185061,2.4,
t1,rolling,2026-02-07,2026-02-07 18:00:00,2026-02-08,2026-02-09 06:00:00,2026-02-09 12:00:00,2,36.0,48.0,0.8403348709372835,0.6209054068059141,0.8813791878123785,0.9700401721036451,16.055555555555557,3.638464775963336,3.9333333333333336,
t1,rolling,2026-02-07,2026-02-07 18:00:00,2026-02-08,2026-02-09 07:00:00,2026-02-09 13:00:00,2,37.0,48.0,0.8293353938354571,0.5900455229264899,0.8827893525212869,0.9698727071048524,15.444444444444443,4.091922184071175,5.066666666666667,
t1,rolling,2026-02-07,2026-02-07 18:00:00,2026-02-08,2026-02-09 08:00:00,2026-02-09 14:00:00,2,38.0,48.0,0.8340897721549694,0.5504843853186059,0.8827893525212869,0.9698396256299149,14.703703703703704,3.7747468778408897,6.099999999999999,
t1,rolling,2026-02-07,2026-02-07 18:00:00,2026-02-08,2026-02-09 09:00:00,2026-02-09 15:00:00,2,39.0,48.0,0.8366480624217594,0.5587369754505547,0.8823818474181545,0.969786818753556,14.175925925925926,3.5252980494489483,6.533333333333334,
t1,rolling,2026-02-07,2026-02-07 18:00:00,2026-02-08,2026-02-09 10:00:00,2026-02-09 16:00:00,2,40.0,48.0,0.825960329456527,0.559594455226208,0.8817085369655792,0.9698487033791094,13.148148148148147,2.58681565372128,6.233333333333333,
t1,rolling,2026-02-07,2026-02-07 18:00:00,2026-02-08,2026-02-09 11:00:00,2026-02-09 17:00:00,2,41.0,48.0,0.8039923780231605,0.5457254871135007,0.8600678030514254,0.9714949180135244,12.685185185185185,1.8932411732047498,5.466666666666666,
t1,rolling,2026-02-07,2026-02-07 18:00:00,2026-02-08,2026-02-09 12:00:00,2026-02-09 18:00:00,2,42.0,48.0,0.7680469062187123,0.528849316402934,0.8357924335271484,0.976590829868822,12.231481481481481,1.5278619505432076,4.333333333333333,
t1,rolling,2026-02-07,2026-02-07 18:00:00,2026-02-08,2026-02-09 13:00:00,2026-02-09 19:00:00,2,43.0,48.0,0.6764098430970853,0.3064981504298504,0.7469263257921211,0.9870555278331097,11.138888888888891,2.8318351158668817,3.1666666666666665,
t1,rolling,2026-02-07,2026-02-07 18:00:00,2026-02-08,2026-02-09 14:00:00,2026-02-09 20:00:00,2,44.0,48.0,0.5481823047155664,0.19836192384900636,0.5713062306680748,0.9513389524743698,10.074074074074074,3.532185930632712,2.733333333333333,
t1,rolling,2026-02-07,2026-02-07 18:00:00,2026-02-08,2026-02-09 15:00:00,2026-02-09 21:00:00,2,45.0,48.0,0.3731348024602852,0.11203297266990145,0.34773144770468334,0.8993927230846623,8.842592592592593,3.670487627532384,2.4000000000000004,
t1,rolling,2026-02-07,2026-02-07 18:00:00,2026-02-08,2026-02-09 16:00:00,2026-02-09 22:00:00,2,46.0,48.0,0.2162756549518691,0.0,0.15809928921454885,0.7173740487976299,7.12037037037037,3.4350603950579197,1.9666666666666668,
t1,rolling,2026-02-07,2026-02-07 18:00:00,2026-02-08,2026-02-09 17:00:00,2026-02-09 23:00:00,2,47.0,48.0,0.19427921798402967,0.0,0.13186490345610333,0.6593762587135541,5.185185185185186,3.5295635608444784,1.2666666666666668,
t1,rolling,2026-02-08,2026-02-08 18:00:00,2026-02-09,2026-02-08 18:00:00,2026-02-09 00:00:00,1,0.0,24.0,0.8970830666333435,0.7504249457188388,0.9229670373460531,0.9628323173652646,17.444444444444446,1.9657562236615707,-0.8999999999999999,
t1,rolling,2026-02-08,2026-02-08 18:00:00,2026-02-09,2026-02-08 19:00:00,2026-02-09 01:00:00,1,1.0,24.0,0.8970830666333435,0.7504249457188388,0.9229670373460531,0.9628426330643883,17.740740740740744,1.9956227820071217,-1.0,
t1,rolling,2026-02-08,2026-02-08 18:00:00,2026-02-09,2026-02-08 20:00:00,2026-02-09 02:00:00,1,2.0,24.0,0.8970830666333435,0.7477724709175597,0.9229670373460531,0.9628465258075874,17.90740740740741,1.8236980247828056,-1.1333333333333335,
t1,rolling,2026-02-08,2026-02-08 18:00:00,2026-02-09,2026-02-08 21:00:00,2026-02-09 03:00:00,1,3.0,24.0,0.8959689764313826,0.7503327196698608,0.9230193825058483,0.9628589325555839,18.25925925925926,1.7849969164593937,-1.4000000000000001,
t1,rolling,2026-02-08,2026-02-08 18:00:00,2026-02-09,2026-02-08 22:00:00,2026-02-09 04:00:00,1,4.0,24.0,0.8928149715667084,0.7165657584466114,0.9210641825836563,0.9633080911581346,18.342592592592595,1.8135152187284436,-1.5333333333333332,
t1,rolling,2026-02-08,2026-02-08 18:00:00,2026-02-09,2026-02-08 23:00:00,2026-02-09 05:00:00,1,5.0,24.0,0.8458885055699626,0.637020530335608,0.8744377000013522,0.9740195839158602,18.35185185185185,1.774592053045576,-1.5333333333333332,
t1,rolling,2026-02-08,2026-02-08 18:00:00,2026-02-09,2026-02-09 00:00:00,2026-02-09 06:00:00,1,6.0,24.0,0.8406282580215468,0.6380801048071157,0.8744377000013522,0.9740160345071109,18.092592592592595,1.7691486176338393,-1.633333333333333,
t1,rolling,2026-02-08,2026-02-08 18:00:00,2026-02-09,2026-02-09 01:00:00,2026-02-09 07:00:00,1,7.0,24.0,0.8391365373678802,0.6266793508773238,0.8744377000013522,0.9740155004733689,17.35185185185185,1.5768222197689883,-1.6666666666666667,
t1,rolling,2026-02-08,2026-02-08 18:00:00,2026-02-09,2026-02-09 02:00:00,2026-02-09 08:00:00,1,8.0,24.0,0.8331012779565636,0.627352539160702,0.8744377000013522,0.9740155004733689,17.037037037037038,1.6947479995247103,-1.633333333333333,
t1,rolling,2026-02-08,2026-02-08 18:00:00,2026-02-09,2026-02-09 03:00:00,2026-02-09 09:00:00,1,9.0,24.0,0.8343884663664632,0.6260876386791517,0.8744377000013522,0.9740156830935239,16.59259259259259,1.9393451654571177,-0.9,
t1,rolling,2026-02-08,2026-02-08 18:00:00,2026-02-09,2026-02-09 04:00:00,2026-02-09 10:00:00,1,10.0,24.0,0.8343884663664632,0.6416724521137552,0.8761808045989951,0.9736154608665979,16.240740740740744,2.10164789351422,0.8333333333333334,
t1,rolling,2026-02-08,2026-02-08 18:00:00,2026-02-09,2026-02-09 05:00:00,2026-02-09 11:00:00,1,11.0,24.0,0.8368376349949982,0.6263471894897723,0.8761808045989951,0.9736161820080136,15.944444444444445,2.887152255796037,2.766666666666667,
t1,rolling,2026-02-08,2026-02-08 18:00:00,2026-02-09,2026-02-09 06:00:00,2026-02-09 12:00:00,1,12.0,24.0,0.8383586499883166,0.6277988772914818,0.8761808045989951,0.9736161894925558,15.472222222222221,3.4961398466252023,4.0,
t1,rolling,2026-02-08,2026-02-08 18:00:00,2026-02-09,2026-02-09 07:00:00,2026-02-09 13:00:00,1,13.0,24.0,0.8401835138576723,0.5975587972242233,0.8761808045989951,0.9736165455508963,15.259259259259261,3.4392134711895292,5.366666666666667,
t1,rolling,2026-02-08,2026-02-08 18:00:00,2026-02-09,2026-02-09 08:00:00,2026-02-09 14:00:00,1,14.0,24.0,0.8341550021631601,0.5313965830700057,0.8775909693079035,0.9732997960814356,14.90740740740741,3.1610980927936057,6.233333333333333,
t1,rolling,2026-02-08,2026-02-08 18:00:00,2026-02-09,2026-02-09 09:00:00,2026-02-09 15:00:00,1,15.0,24.0,0.8276199852489342,0.5215745338069034,0.8775909693079035,0.9731766420506781,14.15740740740741,2.6273627422615,6.433333333333334,
t1,rolling,2026-02-08,2026-02-08 18:00:00,2026-02-09,2026-02-09 10:00:00,2026-02-09 16:00:00,1,16.0,24.0,0.8183844132052843,0.5164392713017342,0.8739652693075323,0.9737747268559814,13.787037037037038,2.857242980315058,6.366666666666667,
t1,rolling,2026-02-08,2026-02-08 18:00:00,2026-02-09,2026-02-09 11:00:00,2026-02-09 17:00:00,1,17.0,24.0,0.7729424337999187,0.5051658045446783,0.8520555406622379,0.9778053030340846,13.296296296296296,1.805626779222002,5.6000000000000005,
t1,rolling,2026-02-08,2026-02-08 18:00:00,2026-02-09,2026-02-09 12:00:00,2026-02-09 18:00:00,1,18.0,24.0,0.7034548629882511,0.2028483741248388,0.7971983748645699,0.9913232202561918,11.675925925925926,1.1971330636217765,3.766666666666667,
t1,rolling,2026-02-08,2026-02-08 18:00:00,2026-02-09,2026-02-09 13:00:00,2026-02-09 19:00:00,1,19.0,24.0,0.5390302500670078,0.1715851245006455,0.6360817873261357,0.9922310972542618,10.537037037037038,1.7538171186291651,2.5333333333333337,
t1,rolling,2026-02-08,2026-02-08 18:00:00,2026-02-09,2026-02-09 14:00:00,2026-02-09 20:00:00,1,20.0,24.0,0.36380108293011937,0.045240047473963596,0.3677700455528245,0.989058423072118,9.092592592592593,2.257759824221414,1.8,
t1,rolling,2026-02-08,2026-02-08 18:00:00,2026-02-09,2026-02-09 15:00:00,2026-02-09 21:00:00,1,21.0,24.0,0.2718816215606128,0.0,0.27213143644852056,0.8298544294783292,7.87037037037037,2.469932356082126,1.4000000000000001,
t1,rolling,2026-02-08,2026-02-08 18:00:00,2026-02-09,2026-02-09 16:00:00,2026-02-09 22:00:00,1,22.0,24.0,0.19166477816399352,0.0,0.14610203017232215,0.6937331803562801,6.6759259259259265,2.9982419402893896,1.4333333333333333,
t1,rolling,2026-02-08,2026-02-08 18:00:00,2026-02-09,2026-02-09 17:00:00,2026-02-09 23:00:00,1,23.0,24.0,0.17868991346889332,0.0,0.1298259803805065,0.6871504161221176,5.768518518518519,3.1643916454188643,1.2,
t1,rolling,2026-02-08,2026-02-08 18:00:00,2026-02-09,2026-02-09 18:00:00,2026-02-10 00:00:00,2,24.0,48.0,0.1610861470328876,0.0,0.07811256035728573,0.6600807080297445,5.305555555555555,1.6841673768026806,0.6333333333333333,
t1,rolling,2026-02-08,2026-02-08 18:00:00,2026-02-09,2026-02-09 19:00:00,2026-02-10 01:00:00,2,25.0,48.0,0.2047324051265114,0.0,0.12561882904482705,0.7157954996525151,5.87962962962963,1.3648851682957603,0.9,
t1,rolling,2026-02-08,2026-02-08 18:00:00,2026-02-09,2026-02-09 20:00:00,2026-02-10 02:00:00,2,26.0,48.0,0.23190637801202277,0.0,0.1458325434306186,0.8135938163882754,6.212962962962965,1.4137588166902963,1.1666666666666667,
t1,rolling,2026-02-08,2026-02-08 18:00:00,2026-02-09,2026-02-09 21:00:00,2026-02-10 03:00:00,2,27.0,48.0,0.262073111661102,0.0,0.1855608802779734,0.9229799713558824,6.842592592592593,1.7726343419577728,1.2333333333333334,
t1,rolling,2026-02-08,2026-02-08 18:00:00,2026-02-09,2026-02-09 22:00:00,2026-02-10 04:00:00,2,28.0,48.0,0.24626879431021506,0.0,0.21525207195010984,0.7697888113593525,7.388888888888889,0.5407756203869944,1.2,
t1,rolling,2026-02-08,2026-02-08 18:00:00,2026-02-09,2026-02-09 23:00:00,2026-02-10 05:00:00,2,29.0,48.0,0.25087362399099705,0.0,0.21313016755934652,0.7424418966681655,7.481481481481482,0.8581190551183449,0.8333333333333334,
t1,rolling,2026-02-08,2026-02-08 18:00:00,2026-02-09,2026-02-10 00:00:00,2026-02-10 06:00:00,2,30.0,48.0,0.2752587251158168,0.0,0.26333168405501756,0.8462667711465472,6.333333333333333,3.8301113673651517,0.5,
t1,rolling,2026-02-08,2026-02-08 18:00:00,2026-02-09,2026-02-10 01:00:00,2026-02-10 07:00:00,2,31.0,48.0,0.26699926076628094,0.0,0.19905451740348867,0.9062963462295882,9.324074074074074,4.370419412781959,0.5666666666666667,
t1,rolling,2026-02-08,2026-02-08 18:00:00,2026-02-09,2026-02-10 02:00:00,2026-02-10 08:00:00,2,32.0,48.0,0.27617848653429306,0.0,0.15698882727951782,0.976002635149415,7.407407407407407,5.197958803238499,0.3,
t1,rolling,2026-02-08,2026-02-08 18:00:00,2026-02-09,2026-02-10 03:00:00,2026-02-10 09:00:00,2,33.0,48.0,0.24810293650941603,0.0,0.16429133746980223,0.825719624696923,6.981481481481481,3.2832267952885026,1.2,
t1,rolling,2026-02-08,2026-02-08 18:00:00,2026-02-09,2026-02-10 04:00:00,2026-02-10 10:00:00,2,34.0,48.0,0.19672968132648622,0.0,0.16725351026407892,0.7172080153396201,6.62962962962963,2.4786640999063607,2.533333333333333,
t1,rolling,2026-02-08,2026-02-08 18:00:00,2026-02-09,2026-02-10 05:00:00,2026-02-10 11:00:00,2,35.0,48.0,0.1911401715425212,0.0,0.11545576550353576,0.6846527763727878,6.351851851851852,2.768642385436627,4.6000000000000005,
t1,rolling,2026-02-08,2026-02-08 18:00:00,2026-02-09,2026-02-10 06:00:00,2026-02-10 12:00:00,2,36.0,48.0,0.21059292265065968,0.0,0.12561029554419711,0.6247450374984451,5.731481481481482,2.5718582255852067,6.3,
t1,rolling,2026-02-08,2026-02-08 18:00:00,2026-02-09,2026-02-10 07:00:00,2026-02-10 13:00:00,2,37.0,48.0,0.19910908671309993,0.0,0.14238984014662184,0.6685103107803992,6.287037037037037,2.033730481352407,7.8999999999999995,
t1,rolling,2026-02-08,2026-02-08 18:00:00,2026-02-09,2026-02-10 08:00:00,2026-02-10 14:00:00,2,38.0,48.0,0.24292546446381721,0.0,0.22514660497738206,0.7618972675054112,6.879629629629631,0.9334876415650785,8.5,
t1,rolling,2026-02-08,2026-02-08 18:00:00,2026-02-09,2026-02-10 09:00:00,2026-02-10 15:00:00,2,39.0,48.0,0.238575149392824,0.0,0.19530406028890368,0.790414216534,7.472222222222222,2.125862207071943,9.333333333333334,
t1,rolling,2026-02-08,2026-02-08 18:00:00,2026-02-09,2026-02-10 10:00:00,2026-02-10 16:00:00,2,40.0,48.0,0.20492417178644254,0.0,0.15082445525317056,0.8916058237572058,6.972222222222222,2.6488117531647477,8.8,
t1,rolling,2026-02-08,2026-02-08 18:00:00,2026-02-09,2026-02-10 11:00:00,2026-02-10 17:00:00,2,41.0,48.0,0.24760994630441177,0.0,0.1647482330155557,0.8515741452595698,6.472222222222222,3.254033584322885,7.533333333333334,
t1,rolling,2026-02-08,2026-02-08 18:00:00,2026-02-09,2026-02-10 12:00:00,2026-02-10 18:00:00,2,42.0,48.0,0.22933989865392604,0.0,0.1497016219437363,0.6236703717564318,5.055555555555556,2.4745619390355653,5.966666666666666,
t1,rolling,2026-02-08,2026-02-08 18:00:00,2026-02-09,2026-02-10 13:00:00,2026-02-10 19:00:00,2,43.0,48.0,0.2307487823421098,0.0,0.1315669749733195,0.6472806681647982,4.703703703703703,2.7930598145353094,5.133333333333334,
t1,rolling,2026-02-08,2026-02-08 18:00:00,2026-02-09,2026-02-10 14:00:00,2026-02-10 20:00:00,2,44.0,48.0,0.28150761688498666,0.0,0.19594351647483843,0.7736400514113989,6.472222222222224,1.8149329137688486,4.6000000000000005,
t1,rolling,2026-02-08,2026-02-08 18:00:00,2026-02-09,2026-02-10 15:00:00,2026-02-10 21:00:00,2,45.0,48.0,0.4094372425552716,0.0,0.3897168135607618,0.9275889445150836,7.583333333333335,4.93170956761033,3.9333333333333336,
t1,rolling,2026-02-08,2026-02-08 18:00:00,2026-02-09,2026-02-10 16:00:00,2026-02-10 22:00:00,2,46.0,48.0,0.601482695227441,0.03920166353659649,0.5586158913057007,1.0,8.703703703703704,6.369919503855343,2.8000000000000003,
t1,rolling,2026-02-08,2026-02-08 18:00:00,2026-02-09,2026-02-10 17:00:00,2026-02-10 23:00:00,2,47.0,48.0,0.6559065630113623,0.14460341824802841,0.6386878448037837,1.0,10.851851851851853,4.709651022868004,2.3333333333333335,
t1,rolling,2026-02-09,2026-02-09 18:00:00,2026-02-10,2026-02-09 18:00:00,2026-02-10 00:00:00,1,0.0,24.0,0.12190372329177386,0.0,0.10203467506910725,0.3510880261430027,4.888888888888889,3.486194111451061,0.6666666666666666,
t1,rolling,2026-02-09,2026-02-09 18:00:00,2026-02-10,2026-02-09 19:00:00,2026-02-10 01:00:00,1,1.0,24.0,0.12483831276031525,0.0,0.07537517946313398,0.3755305164088287,4.407407407407407,2.8449290675123966,0.6333333333333334,
t1,rolling,2026-02-09,2026-02-09 18:00:00,2026-02-10,2026-02-09 20:00:00,2026-02-10 02:00:00,1,2.0,24.0,0.12705354306811203,0.0,0.05396129547554193,0.38218388544604887,4.7592592592592595,1.4762349228104255,0.4000000000000001,
t1,rolling,2026-02-09,2026-02-09 18:00:00,2026-02-10,2026-02-09 21:00:00,2026-02-10 03:00:00,1,3.0,24.0,0.15189507503822602,0.0,0.05020269784258255,0.4738838881473688,5.222222222222222,0.7458734212276422,0.5,
t1,rolling,2026-02-09,2026-02-09 18:00:00,2026-02-10,2026-02-09 22:00:00,2026-02-10 04:00:00,1,4.0,24.0,0.20600246431124156,0.0,0.11174392247194319,0.5338631268854501,5.805555555555556,0.4276334532872407,0.3666666666666667,
t1,rolling,2026-02-09,2026-02-09 18:00:00,2026-02-10,2026-02-09 23:00:00,2026-02-10 05:00:00,1,5.0,24.0,0.17431908409634064,0.0,0.10617360108817539,0.5433979968565353,6.018518518518519,2.1688616611830724,0.2333333333333333,
t1,rolling,2026-02-09,2026-02-09 18:00:00,2026-02-10,2026-02-10 00:00:00,2026-02-10 06:00:00,1,6.0,24.0,0.24261727758614324,0.0,0.1222341297093746,0.6902212128775208,7.314814814814814,2.405679579387731,0.5,
t1,rolling,2026-02-09,2026-02-09 18:00:00,2026-02-10,2026-02-10 01:00:00,2026-02-10 07:00:00,1,7.0,24.0,0.3017765696242304,0.0,0.20691485857080558,0.8150151071656883,4.351851851851852,4.813283232186844,-0.033333333333333326,
t1,rolling,2026-02-09,2026-02-09 18:00:00,2026-02-10,2026-02-10 02:00:00,2026-02-10 08:00:00,1,8.0,24.0,0.3620260481521172,0.0,0.2480759373991472,0.901314696593987,8.953703703703704,6.895177088239961,-0.43333333333333335,
t1,rolling,2026-02-09,2026-02-09 18:00:00,2026-02-10,2026-02-10 03:00:00,2026-02-10 09:00:00,1,9.0,24.0,0.3324728121222396,0.0,0.27778592189417295,0.8644451869715523,8.333333333333334,3.7593504823815933,0.46666666666666673,
t1,rolling,2026-02-09,2026-02-09 18:00:00,2026-02-10,2026-02-10 04:00:00,2026-02-10 10:00:00,1,10.0,24.0,0.41481695736965984,0.0,0.3237563845703514,0.9249336637298612,8.351851851851853,3.27875848479971,2.1333333333333333,
t1,rolling,2026-02-09,2026-02-09 18:00:00,2026-02-10,2026-02-10 05:00:00,2026-02-10 11:00:00,1,11.0,24.0,0.37135367582331263,0.0,0.3014491433820126,0.9278347407335104,9.074074074074074,3.3182916795818134,3.8000000000000003,
t1,rolling,2026-02-09,2026-02-09 18:00:00,2026-02-10,2026-02-10 06:00:00,2026-02-10 12:00:00,1,12.0,24.0,0.21240365480788348,0.0,0.18624796283952985,0.7309413757308036,7.268518518518519,2.553340424836234,5.966666666666666,
t1,rolling,2026-02-09,2026-02-09 18:00:00,2026-02-10,2026-02-10 07:00:00,2026-02-10 13:00:00,1,13.0,24.0,0.21074618606024548,0.0,0.16392019058050122,0.6740235138036729,7.231481481481482,1.7261007700342283,7.3999999999999995,
t1,rolling,2026-02-09,2026-02-09 18:00:00,2026-02-10,2026-02-10 08:00:00,2026-02-10 14:00:00,1,14.0,24.0,0.1880743029474135,0.0,0.10748492693708046,0.5893552517833953,5.87962962962963,1.3892592098897076,8.733333333333333,
t1,rolling,2026-02-09,2026-02-09 18:00:00,2026-02-10,2026-02-10 09:00:00,2026-02-10 15:00:00,1,15.0,24.0,0.15469008030546846,0.0,0.0792587030305629,0.5021943666171302,4.62037037037037,2.308788451813275,9.066666666666668,
t1,rolling,2026-02-09,2026-02-09 18:00:00,2026-02-10,2026-02-10 10:00:00,2026-02-10 16:00:00,1,16.0,24.0,0.11495627196814205,0.0,0.059054507661161215,0.3340892857246286,4.203703703703703,1.397013275003133,8.766666666666666,
t1,rolling,2026-02-09,2026-02-09 18:00:00,2026-02-10,2026-02-10 11:00:00,2026-02-10 17:00:00,1,17.0,24.0,0.10135910005002738,0.0,0.0525081159551575,0.34011599307764506,4.074074074074074,1.4546470164224832,7.633333333333333,
t1,rolling,2026-02-09,2026-02-09 18:00:00,2026-02-10,2026-02-10 12:00:00,2026-02-10 18:00:00,1,18.0,24.0,0.1663267646415864,0.0,0.0656449940066217,0.470027102186546,3.0092592592592595,1.2254796658952092,6.133333333333333,
t1,rolling,2026-02-09,2026-02-09 18:00:00,2026-02-10,2026-02-10 13:00:00,2026-02-10 19:00:00,1,19.0,24.0,0.21418570935540326,0.0,0.1402743854088451,0.5672421463035177,3.157407407407407,1.0564080378276337,5.066666666666666,
t1,rolling,2026-02-09,2026-02-09 18:00:00,2026-02-10,2026-02-10 14:00:00,2026-02-10 20:00:00,1,20.0,24.0,0.41562341643667944,0.0036869451877479253,0.33476154418706755,0.90311732200659,5.416666666666667,2.163102481547976,4.233333333333333,
t1,rolling,2026-02-09,2026-02-09 18:00:00,2026-02-10,2026-02-10 15:00:00,2026-02-10 21:00:00,1,21.0,24.0,0.557466063349939,0.04994359205023202,0.5463271926317353,1.0,7.9444444444444455,4.119267434572666,3.566666666666667,
t1,rolling,2026-02-09,2026-02-09 18:00:00,2026-02-10,2026-02-10 16:00:00,2026-02-10 22:00:00,1,22.0,24.0,0.7814221702808279,0.28773195998146706,0.7939269128718374,1.0,11.027777777777779,2.837007421758201,2.8333333333333335,
t1,rolling,2026-02-09,2026-02-09 18:00:00,2026-02-10,2026-02-10 17:00:00,2026-02-10 23:00:00,1,23.0,24.0,0.8285043525455885,0.5325350468668381,0.8668719792001308,0.9878735774890441,13.222222222222221,1.614699069925958,2.6,
t1,rolling,2026-02-09,2026-02-09 18:00:00,2026-02-10,2026-02-10 18:00:00,2026-02-11 00:00:00,2,24.0,48.0,0.8456116138772021,0.6865021791638825,0.8704231414016054,0.9865477387714459,13.166666666666666,2.182810228541905,2.1,
t1,rolling,2026-02-09,2026-02-09 18:00:00,2026-02-10,2026-02-10 19:00:00,2026-02-11 01:00:00,2,25.0,48.0,0.8612208844674692,0.6921903676730861,0.8926684389046888,0.9839164143470333,14.185185185185185,1.1521361445043075,2.033333333333333,
t1,rolling,2026-02-09,2026-02-09 18:00:00,2026-02-10,2026-02-10 20:00:00,2026-02-11 02:00:00,2,26.0,48.0,0.845199463155466,0.592616331739175,0.8946599712038962,0.983742042903368,15.064814814814815,0.4600836388446235,2.033333333333333,
t1,rolling,2026-02-09,2026-02-09 18:00:00,2026-02-10,2026-02-10 21:00:00,2026-02-11 03:00:00,2,27.0,48.0,0.8315784024659502,0.5715838170669865,0.890899195180076,0.9841013946141379,15.574074074074076,1.9064407834772488,1.8333333333333333,
t1,rolling,2026-02-09,2026-02-09 18:00:00,2026-02-10,2026-02-10 22:00:00,2026-02-11 04:00:00,2,28.0,48.0,0.7585126911260092,0.48002458081018823,0.8501064710588859,0.9891205328019563,14.916666666666666,2.2599232479046174,1.8,
t1,rolling,2026-02-09,2026-02-09 18:00:00,2026-02-10,2026-02-10 23:00:00,2026-02-11 05:00:00,2,29.0,48.0,0.6514778725731811,0.19260506637821062,0.7287315638913983,0.9915438925044803,13.620370370370372,2.198718294806703,1.7333333333333334,
t1,rolling,2026-02-09,2026-02-09 18:00:00,2026-02-10,2026-02-11 00:00:00,2026-02-11 06:00:00,2,30.0,48.0,0.36246803519302645,0.07558739934781117,0.39896580429129397,0.9393850686764853,10.361111111111112,2.435431616878993,1.3666666666666665,
t1,rolling,2026-02-09,2026-02-09 18:00:00,2026-02-10,2026-02-11 01:00:00,2026-02-11 07:00:00,2,31.0,48.0,0.1539558998432545,0.0,0.10229346399399059,0.5785150299131265,6.583333333333333,3.1241048100531983,1.0999999999999999,
t1,rolling,2026-02-09,2026-02-09 18:00:00,2026-02-10,2026-02-11 02:00:00,2026-02-11 08:00:00,2,32.0,48.0,0.10935462784187043,0.0,0.04408669213026771,0.4282466147554073,3.805555555555556,2.5937662687277983,-0.09999999999999998,
t1,rolling,2026-02-09,2026-02-09 18:00:00,2026-02-10,2026-02-11 03:00:00,2026-02-11 09:00:00,2,33.0,48.0,0.14089761693847655,0.0,0.0734255752287787,0.38645467182478666,3.2685185185185186,1.8975157031290675,0.7666666666666666,
t1,rolling,2026-02-09,2026-02-09 18:00:00,2026-02-10,2026-02-11 04:00:00,2026-02-11 10:00:00,2,34.0,48.0,0.25280189758192506,0.0,0.12110581801959992,0.6176211596510432,3.3333333333333335,1.8010627863830364,3.266666666666667,
t1,rolling,2026-02-09,2026-02-09 18:00:00,2026-02-10,2026-02-11 05:00:00,2026-02-11 11:00:00,2,35.0,48.0,0.47699272307302965,0.004049669940523415,0.31650142909384593,1.0,4.537037037037037,2.023841943925407,6.266666666666667,
t1,rolling,2026-02-09,2026-02-09 18:00:00,2026-02-10,2026-02-11 06:00:00,2026-02-11 12:00:00,2,36.0,48.0,0.5253561621878522,0.0,0.4326170763161412,0.9831175463427279,9.481481481481483,2.296053601272779,8.933333333333332,
t1,rolling,2026-02-09,2026-02-09 18:00:00,2026-02-10,2026-02-11 07:00:00,2026-02-11 13:00:00,2,37.0,48.0,0.44327003625075645,0.0,0.38903557881882944,0.9345308267931717,10.15740740740741,5.133280222588808,10.133333333333333,
t1,rolling,2026-02-09,2026-02-09 18:00:00,2026-02-10,2026-02-11 08:00:00,2026-02-11 14:00:00,2,38.0,48.0,0.4424750591296234,0.0,0.30294297352713384,0.9115310801680719,8.287037037037038,7.532149885192416,10.9,
t1,rolling,2026-02-09,2026-02-09 18:00:00,2026-02-10,2026-02-11 09:00:00,2026-02-11 15:00:00,2,39.0,48.0,0.48470812202080077,0.0,0.3453132552900204,0.9756883227393953,6.287037037037037,7.010372239049874,10.700000000000001,
t1,rolling,2026-02-09,2026-02-09 18:00:00,2026-02-10,2026-02-11 10:00:00,2026-02-11 16:00:00,2,40.0,48.0,0.6668905816100142,0.16752426115120134,0.6067312370775096,0.9774523044833555,8.740740740740742,0.851801528304217,9.200000000000001,
t1,rolling,2026-02-09,2026-02-09 18:00:00,2026-02-10,2026-02-11 11:00:00,2026-02-11 17:00:00,2,41.0,48.0,0.8015772878117623,0.24960864039343467,0.8334811230346808,0.9941643558187864,9.314814814814815,6.020113748703184,6.666666666666667,
t1,rolling,2026-02-09,2026-02-09 18:00:00,2026-02-10,2026-02-11 12:00:00,2026-02-11 18:00:00,2,42.0,48.0,0.8383909158086759,0.5222414593128112,0.899823877072048,0.9898791916291302,13.435185185185185,4.375977257108692,4.066666666666666,
t1,rolling,2026-02-09,2026-02-09 18:00:00,2026-02-10,2026-02-11 13:00:00,2026-02-11 19:00:00,2,43.0,48.0,0.8699402352151688,0.6117842912328285,0.9217897221576931,0.9804144108210158,13.25925925925926,5.375508397814984,3.4666666666666663,
t1,rolling,2026-02-09,2026-02-09 18:00:00,2026-02-10,2026-02-11 14:00:00,2026-02-11 20:00:00,2,44.0,48.0,0.8833169193395757,0.690745000910527,0.9382895733862147,0.9783325303882245,13.462962962962964,3.2784054640680544,2.466666666666667,
t1,rolling,2026-02-09,2026-02-09 18:00:00,2026-02-10,2026-02-11 15:00:00,2026-02-11 21:00:00,2,45.0,48.0,0.9062326799311865,0.7144343887396025,0.9385515528707372,0.9781971171128813,13.518518518518519,0.1674364937039357,1.7666666666666666,
t1,rolling,2026-02-09,2026-02-09 18:00:00,2026-02-10,2026-02-11 16:00:00,2026-02-11 22:00:00,2,46.0,48.0,0.8997501005826306,0.6793566938886513,0.941207404218135,0.9777765419361105,13.185185185185185,1.6307077662567384,1.4333333333333333,
t1,rolling,2026-02-09,2026-02-09 18:00:00,2026-02-10,2026-02-11 17:00:00,2026-02-11 23:00:00,2,47.0,48.0,0.8991828508842705,0.6766515827621391,0.9413955950460994,0.9779374892487509,12.75,2.027777777777778,1.2666666666666666,
t1,rolling,2026-02-10,2026-02-10 18:00:00,2026-02-11,2026-02-10 18:00:00,2026-02-11 00:00:00,1,0.0,24.0,0.853048021841477,0.6641429351674302,0.8823344475867005,0.9836667429295264,14.203703703703702,1.1311844187843165,2.1666666666666665,
t1,rolling,2026-02-10,2026-02-10 18:00:00,2026-02-11,2026-02-10 19:00:00,2026-02-11 01:00:00,1,1.0,24.0,0.8500020620532853,0.6485476592007628,0.8861091877034826,0.9828070633831272,15.111111111111114,0.07349309197401682,1.9666666666666666,
t1,rolling,2026-02-10,2026-02-10 18:00:00,2026-02-11,2026-02-10 20:00:00,2026-02-11 02:00:00,1,2.0,24.0,0.8367454567490956,0.5659951178438556,0.8861091877034826,0.9825457482435458,15.212962962962962,1.2172668906725312,1.8,
t1,rolling,2026-02-10,2026-02-10 18:00:00,2026-02-11,2026-02-10 21:00:00,2026-02-11 03:00:00,1,3.0,24.0,0.8149953509312471,0.5604536898365162,0.8797871655820806,0.9838814054489748,14.731481481481481,1.9068454763776475,1.6666666666666667,
t1,rolling,2026-02-10,2026-02-10 18:00:00,2026-02-11,2026-02-10 22:00:00,2026-02-11 04:00:00,1,4.0,24.0,0.710909616901876,0.41186033196058086,0.7866078036676986,0.9991462481942719,13.90740740740741,2.0318325771084536,1.5,
t1,rolling,2026-02-10,2026-02-10 18:00:00,2026-02-11,2026-02-10 23:00:00,2026-02-11 05:00:00,1,5.0,24.0,0.6254579653087359,0.156459088806718,0.7040677817819112,1.0,12.768518518518519,2.2533126049159833,1.8333333333333333,
t1,rolling,2026-02-10,2026-02-10 18:00:00,2026-02-11,2026-02-11 00:00:00,2026-02-11 06:00:00,1,6.0,24.0,0.3055421984825054,0.035631953916688774,0.2834764773517715,0.9182941093717105,9.166666666666666,0.5471587667664509,1.9666666666666668,
t1,rolling,2026-02-10,2026-02-10 18:00:00,2026-02-11,2026-02-11 01:00:00,2026-02-11 07:00:00,1,7.0,24.0,0.18355486962830359,0.0,0.08521782525698639,0.6291322001373578,4.962962962962963,2.798855218652695,0.8666666666666667,
t1,rolling,2026-02-10,2026-02-10 18:00:00,2026-02-11,2026-02-11 02:00:00,2026-02-11 08:00:00,1,8.0,24.0,0.1275691834513528,0.0,0.06997071721102277,0.4197543945849134,4.194444444444445,2.3896962460003466,0.7999999999999999,
t1,rolling,2026-02-10,2026-02-10 18:00:00,2026-02-11,2026-02-11 03:00:00,2026-02-11 09:00:00,1,9.0,24.0,0.20307108330507376,0.0,0.12671336845586703,0.5063502849751729,4.7592592592592595,3.9162069601506646,1.5666666666666667,
t1,rolling,2026-02-10,2026-02-10 18:00:00,2026-02-11,2026-02-11 04:00:00,2026-02-11 10:00:00,1,10.0,24.0,0.23992069963200433,0.0,0.13572074094093323,0.6576104524857841,4.8240740740740735,3.4552176207272907,3.5999999999999996,
t1,rolling,2026-02-10,2026-02-10 18:00:00,2026-02-11,2026-02-11 05:00:00,2026-02-11 11:00:00,1,11.0,24.0,0.34510910117481547,0.0,0.23553113786391747,0.8761797749471713,6.527777777777778,3.4695545307683684,6.066666666666666,
t1,rolling,2026-02-10,2026-02-10 18:00:00,2026-02-11,2026-02-11 06:00:00,2026-02-11 12:00:00,1,12.0,24.0,0.4427207600876878,0.0,0.33478961491217635,1.0,8.481481481481481,4.934551067592992,7.966666666666666,
t1,rolling,2026-02-10,2026-02-10 18:00:00,2026-02-11,2026-02-11 07:00:00,2026-02-11 13:00:00,1,13.0,24.0,0.3730809182046574,0.0,0.3326284049412395,0.9773157602885079,9.25,7.523266380837319,9.066666666666668,
t1,rolling,2026-02-10,2026-02-10 18:00:00,2026-02-11,2026-02-11 08:00:00,2026-02-11 14:00:00,1,14.0,24.0,0.3494749409344054,0.0,0.2113679487280867,0.9303555256452226,7.666666666666667,7.773609994441386,9.9,
t1,rolling,2026-02-10,2026-02-10 18:00:00,2026-02-11,2026-02-11 09:00:00,2026-02-11 15:00:00,1,15.0,24.0,0.38530542884021374,0.0,0.2489057779657103,0.9196798854754927,5.842592592592593,5.953545300582715,9.566666666666666,
t1,rolling,2026-02-10,2026-02-10 18:00:00,2026-02-11,2026-02-11 10:00:00,2026-02-11 16:00:00,1,16.0,24.0,0.57803154357772,0.0,0.4555736243933654,1.0,7.046296296296298,2.331072537900684,8.833333333333334,
t1,rolling,2026-02-10,2026-02-10 18:00:00,2026-02-11,2026-02-11 11:00:00,2026-02-11 17:00:00,1,17.0,24.0,0.6562572160246019,0.08343238952588061,0.5961545618875865,1.0,8.694444444444445,4.462117639323339,6.333333333333333,
t1,rolling,2026-02-10,2026-02-10 18:00:00,2026-02-11,2026-02-11 12:00:00,2026-02-11 18:00:00,1,18.0,24.0,0.7884415205392917,0.2146320337233174,0.8579263809960735,0.9973538384693665,10.972222222222223,5.087430043199066,4.5,
t1,rolling,2026-02-10,2026-02-10 18:00:00,2026-02-11,2026-02-11 13:00:00,2026-02-11 19:00:00,1,19.0,24.0,0.8219532829400116,0.3317230995034909,0.8987631112219147,0.9841038682862902,13.453703703703704,3.7930993765861762,3.2999999999999994,
t1,rolling,2026-02-10,2026-02-10 18:00:00,2026-02-11,2026-02-11 14:00:00,2026-02-11 20:00:00,1,20.0,24.0,0.8588325866779347,0.5079542248830267,0.9188367189196709,0.9772569760638204,14.509259259259261,2.463049984538974,2.5666666666666664,
t1,rolling,2026-02-10,2026-02-10 18:00:00,2026-02-11,2026-02-11 15:00:00,2026-02-11 21:00:00,1,21.0,24.0,0.8730264824631081,0.6191776868163205,0.9167958942131482,0.9769268530656041,14.129629629629628,2.0196437570397903,1.9666666666666668,
t1,rolling,2026-02-10,2026-02-10 18:00:00,2026-02-11,2026-02-11 16:00:00,2026-02-11 22:00:00,1,22.0,24.0,0.8295270641313718,0.34606605894256626,0.8770023639217576,0.9835686197231085,12.444444444444445,1.7801633300013462,1.6333333333333335,
t1,rolling,2026-02-10,2026-02-10 18:00:00,2026-02-11,2026-02-11 17:00:00,2026-02-11 23:00:00,1,23.0,24.0,0.8502479503941084,0.3973327038536104,0.8753786917500281,0.9848731632975898,10.870370370370372,1.5677432602442125,1.5999999999999999,
t1,rolling,2026-02-10,2026-02-10 18:00:00,2026-02-11,2026-02-11 18:00:00,2026-02-12 00:00:00,2,24.0,48.0,0.8576245672470846,0.5479280305054202,0.8999199133060195,0.9799702961385729,11.129629629629632,1.963465169859407,1.0666666666666667,
t1,rolling,2026-02-10,2026-02-10 18:00:00,2026-02-11,2026-02-11 19:00:00,2026-02-12 01:00:00,2,25.0,48.0,0.815575707100179,0.5328390243205741,0.8374338133811007,0.9915372667306812,11.092592592592593,1.5797555418533784,1.0333333333333334,
t1,rolling,2026-02-10,2026-02-10 18:00:00,2026-02-11,2026-02-11 20:00:00,2026-02-12 02:00:00,2,26.0,48.0,0.7850642295815198,0.4842256820288965,0.8004122270687372,0.9925761485917148,10.620370370370368,1.2817972207905348,0.6333333333333333,
t1,rolling,2026-02-10,2026-02-10 18:00:00,2026-02-11,2026-02-11 21:00:00,2026-02-12 03:00:00,2,27.0,48.0,0.7012642064357033,0.32337901146353026,0.7100815461041291,0.9924748790190577,10.083333333333334,1.9222944751995514,0.3333333333333333,
t1,rolling,2026-02-10,2026-02-10 18:00:00,2026-02-11,2026-02-11 22:00:00,2026-02-12 04:00:00,2,28.0,48.0,0.6395293363848695,0.2018690676534674,0.6234859172239096,1.0,9.50925925925926,1.7865092292897478,0.26666666666666666,
t1,rolling,2026-02-10,2026-02-10 18:00:00,2026-02-11,2026-02-11 23:00:00,2026-02-12 05:00:00,2,29.0,48.0,0.5423688494092193,0.11795857161201945,0.4950861653284366,0.9681596253076906,9.157407407407407,1.0032098689468039,0.19999999999999998,
t1,rolling,2026-02-10,2026-02-10 18:00:00,2026-02-11,2026-02-12 00:00:00,2026-02-12 06:00:00,2,30.0,48.0,0.4701257152445246,0.011639663053009897,0.44266476299620633,0.90008723693984,8.61111111111111,1.1375330683024039,0.3,
t1,rolling,2026-02-10,2026-02-10 18:00:00,2026-02-11,2026-02-12 01:00:00,2026-02-12 07:00:00,2,31.0,48.0,0.2655137327887931,0.0,0.21870566584783355,0.834473275170195,7.527777777777778,1.5562994253146036,0.13333333333333333,
t1,rolling,2026-02-10,2026-02-10 18:00:00,2026-02-11,2026-02-12 02:00:00,2026-02-12 08:00:00,2,32.0,48.0,0.11327337597679009,0.0,0.06782665576696871,0.5795300503933771,6.583333333333333,2.5410214724509497,0.10000000000000002,
t1,rolling,2026-02-10,2026-02-10 18:00:00,2026-02-11,2026-02-12 03:00:00,2026-02-12 09:00:00,2,33.0,48.0,0.08131210912416396,0.0,0.02763904206268217,0.4276370518292454,5.527777777777779,2.872415639307493,-0.06666666666666668,
t1,rolling,2026-02-10,2026-02-10 18:00:00,2026-02-11,2026-02-12 04:00:00,2026-02-12 10:00:00,2,34.0,48.0,0.060388819200373506,0.0,0.012650090279351652,0.2811333164930239,4.5092592592592595,2.500360056376408,0.4000000000000001,
t1,rolling,2026-02-10,2026-02-10 18:00:00,2026-02-11,2026-02-12 05:00:00,2026-02-12 11:00:00,2,35.0,48.0,0.04810921643167562,0.0,0.010980105397460718,0.25259336590461495,3.7314814814814814,2.9030546562971495,0.8666666666666667,
t1,rolling,2026-02-10,2026-02-10 18:00:00,2026-02-11,2026-02-12 06:00:00,2026-02-12 12:00:00,2,36.0,48.0,0.02924424093618148,0.0,0.0,0.17841329885488552,2.638888888888889,1.9932370223233595,1.7666666666666668,
t1,rolling,2026-02-10,2026-02-10 18:00:00,2026-02-11,2026-02-12 07:00:00,2026-02-12 13:00:00,2,37.0,48.0,0.03189640967242954,0.0,0.0,0.17515774806031817,2.6296296296296298,1.8860954289426055,2.1999999999999997,
t1,rolling,2026-02-10,2026-02-10 18:00:00,2026-02-11,2026-02-12 08:00:00,2026-02-12 14:00:00,2,38.0,48.0,0.03269061078671642,0.0,0.0,0.1766278035093892,2.564814814814815,1.6123877445214994,2.6999999999999997,
t1,rolling,2026-02-10,2026-02-10 18:00:00,2026-02-11,2026-02-12 09:00:00,2026-02-12 15:00:00,2,39.0,48.0,0.03931588422289636,0.0,0.0007663013656132173,0.2100933233212413,2.5740740740740744,0.913434255936187,2.8333333333333335,
t1,rolling,2026-02-10,2026-02-10 18:00:00,2026-02-11,2026-02-12 10:00:00,2026-02-12 16:00:00,2,40.0,48.0,0.0748324821721175,0.0,0.03573199177078673,0.2785117615476783,2.9537037037037037,0.8307057339761809,2.4,
t1,rolling,2026-02-10,2026-02-10 18:00:00,2026-02-11,2026-02-12 11:00:00,2026-02-12 17:00:00,2,41.0,48.0,0.14666894660287036,0.0,0.08923283178394806,0.39310421765955816,3.8888888888888893,1.5041095967423206,1.5999999999999999,
t1,rolling,2026-02-10,2026-02-10 18:00:00,2026-02-11,2026-02-12 12:00:00,2026-02-12 18:00:00,2,42.0,48.0,0.1812950987881264,0.0,0.11606847704604485,0.44590290974097135,5.037037037037037,1.905631139846393,0.5,
t1,rolling,2026-02-10,2026-02-10 18:00:00,2026-02-11,2026-02-12 13:00:00,2026-02-12 19:00:00,2,43.0,48.0,0.19459376214524793,0.0,0.11929928407154138,0.5338275165142212,5.4259259259259265,2.706635270145704,0.1666666666666667,
t1,rolling,2026-02-10,2026-02-10 18:00:00,2026-02-11,2026-02-12 14:00:00,2026-02-12 20:00:00,2,44.0,48.0,0.19161036320674874,0.0,0.13986198008197429,0.49023984393440034,5.925925925925927,2.0946605645446326,-0.09999999999999998,
t1,rolling,2026-02-10,2026-02-10 18:00:00,2026-02-11,2026-02-12 15:00:00,2026-02-12 21:00:00,2,45.0,48.0,0.20982344108245607,0.0,0.15745455443862671,0.6240213294686552,6.361111111111111,1.4632852434517694,-0.2333333333333333,
t1,rolling,2026-02-10,2026-02-10 18:00:00,2026-02-11,2026-02-12 16:00:00,2026-02-12 22:00:00,2,46.0,48.0,0.21830935057751416,0.0,0.18337449828948874,0.7487314642266061,6.75,1.0485881160098263,-0.5333333333333333,
t1,rolling,2026-02-10,2026-02-10 18:00:00,2026-02-11,2026-02-12 17:00:00,2026-02-12 23:00:00,2,47.0,48.0,0.21576364390276917,0.0,0.2047034104634565,0.8345976805205351,6.7407407407407405,2.03979190821186,-0.7666666666666666,
t1,rolling,2026-02-11,2026-02-11 18:00:00,2026-02-12,2026-02-11 18:00:00,2026-02-12 00:00:00,1,0.0,24.0,0.5392097255476683,0.14347578498191482,0.5578483416473922,0.9179084748560848,8.527777777777779,1.4690742024641499,1.1,
t1,rolling,2026-02-11,2026-02-11 18:00:00,2026-02-12,2026-02-11 19:00:00,2026-02-12 01:00:00,1,1.0,24.0,0.5633843556253025,0.16957635529596865,0.5536170395641348,0.9331368911434783,8.685185185185185,1.881179802294207,1.1333333333333333,
t1,rolling,2026-02-11,2026-02-11 18:00:00,2026-02-12,2026-02-11 20:00:00,2026-02-12 02:00:00,1,2.0,24.0,0.5409350243121319,0.13193027731885476,0.5038036362780991,0.9363017903937909,9.564814814814815,2.6254531256958935,1.0999999999999999,
t1,rolling,2026-02-11,2026-02-11 18:00:00,2026-02-12,2026-02-11 21:00:00,2026-02-12 03:00:00,1,3.0,24.0,0.4362417735756586,0.09242875433234576,0.4149239106163253,0.8911783321968445,9.120370370370372,2.4200699748411356,0.9666666666666667,
t1,rolling,2026-02-11,2026-02-11 18:00:00,2026-02-12,2026-02-11 22:00:00,2026-02-12 04:00:00,1,4.0,24.0,0.35782714707215246,0.06365762598858776,0.3793702502070945,0.8200602913217264,8.342592592592593,1.6235946756447235,0.9333333333333332,
t1,rolling,2026-02-11,2026-02-11 18:00:00,2026-02-12,2026-02-11 23:00:00,2026-02-12 05:00:00,1,5.0,24.0,0.25888690943109194,0.04714831037653719,0.28384014871203267,0.7267823221396819,7.296296296296297,0.04243125643477576,0.9,
t1,rolling,2026-02-11,2026-02-11 18:00:00,2026-02-12,2026-02-12 00:00:00,2026-02-12 06:00:00,1,6.0,24.0,0.13095987977537243,0.0,0.08129605359627728,0.3993038135002024,5.222222222222222,1.6459358852250605,0.4666666666666666,
t1,rolling,2026-02-11,2026-02-11 18:00:00,2026-02-12,2026-02-12 01:00:00,2026-02-12 07:00:00,1,7.0,24.0,0.08647978877414964,0.0,0.03883144947458689,0.2932161308207609,4.833333333333333,1.8291197370171477,0.3333333333333333,
t1,rolling,2026-02-11,2026-02-11 18:00:00,2026-02-12,2026-02-12 02:00:00,2026-02-12 08:00:00,1,8.0,24.0,0.05693941402540766,0.0,0.022127190880951608,0.24544870117039108,3.925925925925926,1.4995712693198506,0.09999999999999998,
t1,rolling,2026-02-11,2026-02-11 18:00:00,2026-02-12,2026-02-12 03:00:00,2026-02-12 09:00:00,1,9.0,24.0,0.04150003868781834,0.0,0.0033388081575786432,0.18641541382683746,3.0,1.4784981535745847,0.13333333333333333,
t1,rolling,2026-02-11,2026-02-11 18:00:00,2026-02-12,2026-02-12 04:00:00,2026-02-12 10:00:00,1,10.0,24.0,0.04149365915053246,0.0,0.004727881246293707,0.1915160280537395,1.6018518518518519,0.689612821532053,0.4666666666666666,
t1,rolling,2026-02-11,2026-02-11 18:00:00,2026-02-12,2026-02-12 05:00:00,2026-02-12 11:00:00,1,11.0,24.0,0.05278816430864717,0.0,0.024351808176305105,0.26057905460973907,1.0092592592592593,0.6985066375015665,1.0666666666666667,
t1,rolling,2026-02-11,2026-02-11 18:00:00,2026-02-12,2026-02-12 06:00:00,2026-02-12 12:00:00,1,12.0,24.0,0.1291598070764697,0.0,0.07920388745405907,0.4280435294212742,3.9351851851851856,2.6455082671897943,2.8000000000000003,
t1,rolling,2026-02-11,2026-02-11 18:00:00,2026-02-12,2026-02-12 07:00:00,2026-02-12 13:00:00,1,13.0,24.0,0.2062446841242353,0.0,0.1141146752488694,0.5816253622916325,4.907407407407407,2.840993638846641,3.4333333333333336,
t1,rolling,2026-02-11,2026-02-11 18:00:00,2026-02-12,2026-02-12 08:00:00,2026-02-12 14:00:00,1,14.0,24.0,0.2363735763676042,0.0,0.1635901117929246,0.6448571085320982,5.361111111111112,2.7581249221925668,4.0,
t1,rolling,2026-02-11,2026-02-11 18:00:00,2026-02-12,2026-02-12 09:00:00,2026-02-12 15:00:00,1,15.0,24.0,0.24561220946504048,0.0,0.14076699548441846,0.6479857192960945,5.398148148148149,3.2804054125644124,4.366666666666666,
t1,rolling,2026-02-11,2026-02-11 18:00:00,2026-02-12,2026-02-12 10:00:00,2026-02-12 16:00:00,1,16.0,24.0,0.22880335285885467,0.0,0.12250928194914701,0.6313396954142032,5.037037037037037,3.8905089218226823,4.2,
t1,rolling,2026-02-11,2026-02-11 18:00:00,2026-02-12,2026-02-12 11:00:00,2026-02-12 17:00:00,1,17.0,24.0,0.18808616794363173,0.0,0.10433099705418777,0.570177329446969,5.87037037037037,2.3750135368901635,3.233333333333333,
t1,rolling,2026-02-11,2026-02-11 18:00:00,2026-02-12,2026-02-12 12:00:00,2026-02-12 18:00:00,1,18.0,24.0,0.1801738992690344,0.0,0.17040763598601522,0.5226030845624042,3.5740740740740744,1.764125822523857,2.1666666666666665,
t1,rolling,2026-02-11,2026-02-11 18:00:00,2026-02-12,2026-02-12 13:00:00,2026-02-12 19:00:00,1,19.0,24.0,0.2015835697866059,0.0,0.1387420392490807,0.5142135323116729,5.379629629629631,0.6551866507531294,0.6666666666666666,
t1,rolling,2026-02-11,2026-02-11 18:00:00,2026-02-12,2026-02-12 14:00:00,2026-02-12 20:00:00,1,20.0,24.0,0.19289330644605804,0.0008065299552693223,0.11786227568556368,0.587523393152825,6.907407407407407,1.6078351112150666,0.10000000000000002,
t1,rolling,2026-02-11,2026-02-11 18:00:00,2026-02-12,2026-02-12 15:00:00,2026-02-12 21:00:00,1,21.0,24.0,0.1803290588151237,0.0,0.09862257655381929,0.5019599697474789,5.787037037037037,1.4866518573142693,0.10000000000000003,
t1,rolling,2026-02-11,2026-02-11 18:00:00,2026-02-12,2026-02-12 16:00:00,2026-02-12 22:00:00,1,22.0,24.0,0.13782392754629225,0.0,0.09077441952104653,0.37727156044835286,5.268518518518518,1.0338907297931745,-0.10000000000000002,
t1,rolling,2026-02-11,2026-02-11 18:00:00,2026-02-12,2026-02-12 17:00:00,2026-02-12 23:00:00,1,23.0,24.0,0.13805468870594156,0.0,0.06491281764025342,0.388786997153422,4.592592592592593,0.8661738864951372,-0.09999999999999998,
t1,rolling,2026-02-11,2026-02-11 18:00:00,2026-02-12,2026-02-12 18:00:00,2026-02-13 00:00:00,2,24.0,48.0,0.16094599022722358,0.0,0.07904087717050831,0.5067292450493066,5.537037037037037,2.1581623222208055,-0.23333333333333336,
t1,rolling,2026-02-11,2026-02-11 18:00:00,2026-02-12,2026-02-12 19:00:00,2026-02-13 01:00:00,2,25.0,48.0,0.1462576236222544,0.0,0.0757568708424253,0.44659054119960273,5.342592592592593,2.4520609455432454,-0.6666666666666666,
t1,rolling,2026-02-11,2026-02-11 18:00:00,2026-02-12,2026-02-12 20:00:00,2026-02-13 02:00:00,2,26.0,48.0,0.09214687925323273,0.0,0.03842485343197689,0.38339795557938605,4.601851851851852,2.858862834733232,-1.2999999999999998,
t1,rolling,2026-02-11,2026-02-11 18:00:00,2026-02-12,2026-02-12 21:00:00,2026-02-13 03:00:00,2,27.0,48.0,0.08771884232323726,0.0,0.02460542048152225,0.31166736311025767,3.6944444444444446,2.7939805225688006,-1.5666666666666667,
t1,rolling,2026-02-11,2026-02-11 18:00:00,2026-02-12,2026-02-12 22:00:00,2026-02-13 04:00:00,2,28.0,48.0,0.058903046102039607,0.0,0.007641924801463494,0.24562159077541376,3.157407407407407,2.084690915697521,-1.7666666666666666,
t1,rolling,2026-02-11,2026-02-11 18:00:00,2026-02-12,2026-02-12 23:00:00,2026-02-13 05:00:00,2,29.0,48.0,0.03935768809679908,0.0,0.007106342121088384,0.17687943942172937,2.6666666666666665,2.0367003088692623,-1.9666666666666668,
t1,rolling,2026-02-11,2026-02-11 18:00:00,2026-02-12,2026-02-13 00:00:00,2026-02-13 06:00:00,2,30.0,48.0,0.0378687286755689,0.0,0.006276836638846685,0.1810952527302821,2.388888888888889,1.3214166546962551,-1.6666666666666667,
t1,rolling,2026-02-11,2026-02-11 18:00:00,2026-02-12,2026-02-13 01:00:00,2026-02-13 07:00:00,2,31.0,48.0,0.03636244412268106,0.0,0.006081690721959684,0.18054006591847072,2.2870370370370368,1.0338907297931748,-1.6666666666666667,
t1,rolling,2026-02-11,2026-02-11 18:00:00,2026-02-12,2026-02-13 02:00:00,2026-02-13 08:00:00,2,32.0,48.0,0.04482127378378022,0.0,0.004217556004854517,0.17954087724149184,2.5462962962962963,0.6250514382125064,-1.6000000000000003,
t1,rolling,2026-02-11,2026-02-11 18:00:00,2026-02-12,2026-02-13 03:00:00,2026-02-13 09:00:00,2,33.0,48.0,0.04800017666788394,0.0,0.0072763833309980736,0.18728765420687415,2.7962962962962963,0.11226255234242752,-1.3666666666666665,
t1,rolling,2026-02-11,2026-02-11 18:00:00,2026-02-12,2026-02-13 04:00:00,2026-02-13 10:00:00,2,34.0,48.0,0.050206905439803044,0.0,0.02259714095398753,0.19495060546461962,3.3333333333333335,0.847563683466242,-1.0999999999999999,
t1,rolling,2026-02-11,2026-02-11 18:00:00,2026-02-12,2026-02-13 05:00:00,2026-02-13 11:00:00,2,35.0,48.0,0.0445163155256899,0.0,0.007786085320664375,0.17660511790748024,3.1944444444444446,1.6146990699259578,-0.7666666666666666,
t1,rolling,2026-02-11,2026-02-11 18:00:00,2026-02-12,2026-02-13 06:00:00,2026-02-13 12:00:00,2,36.0,48.0,0.040898400441652515,0.0,0.0032993525520452448,0.1961244888167502,2.6296296296296298,1.725877244584471,0.19999999999999996,
t1,rolling,2026-02-11,2026-02-11 18:00:00,2026-02-12,2026-02-13 07:00:00,2026-02-13 13:00:00,2,37.0,48.0,0.04532020772278939,0.0,0.005224073756984787,0.20251288237072762,2.2962962962962963,1.386201102994218,0.9333333333333332,
t1,rolling,2026-02-11,2026-02-11 18:00:00,2026-02-12,2026-02-13 08:00:00,2026-02-13 14:00:00,2,38.0,48.0,0.04676439163447777,0.0,0.004362198847102077,0.21574413805586667,1.8240740740740742,1.549176736099139,1.6333333333333335,
t1,rolling,2026-02-11,2026-02-11 18:00:00,2026-02-12,2026-02-13 09:00:00,2026-02-13 15:00:00,2,39.0,48.0,0.045181373182269606,0.0,0.005509048645069889,0.21234746946445793,1.287037037037037,1.236761169062326,2.0666666666666664,
t1,rolling,2026-02-11,2026-02-11 18:00:00,2026-02-12,2026-02-13 10:00:00,2026-02-13 16:00:00,2,40.0,48.0,0.044576753499825754,0.0,0.004776569264101839,0.21363647626776308,1.1296296296296298,0.06990587440065506,2.1,
t1,rolling,2026-02-11,2026-02-11 18:00:00,2026-02-12,2026-02-13 11:00:00,2026-02-13 17:00:00,2,41.0,48.0,0.049865986983722306,0.0,0.0043828111755222325,0.20181665442769595,1.2314814814814816,1.028278156472357,1.7666666666666668,
t1,rolling,2026-02-11,2026-02-11 18:00:00,2026-02-12,2026-02-13 12:00:00,2026-02-13 18:00:00,2,42.0,48.0,0.052574059834080984,0.0,0.005538708906233283,0.19028677273450886,1.6203703703703705,1.7225208821086646,0.6,
t1,rolling,2026-02-11,2026-02-11 18:00:00,2026-02-12,2026-02-13 13:00:00,2026-02-13 19:00:00,2,43.0,48.0,0.08291105479937094,0.0,0.025172609892137154,0.2760072643217567,2.3703703703703702,2.488605721325496,0.5,
t1,rolling,2026-02-11,2026-02-11 18:00:00,2026-02-12,2026-02-13 14:00:00,2026-02-13 20:00:00,2,44.0,48.0,0.12236464479702855,0.0,0.0467778209168162,0.44052045921340505,2.9722222222222228,3.5126534938563516,0.5666666666666668,
t1,rolling,2026-02-11,2026-02-11 18:00:00,2026-02-12,2026-02-13 15:00:00,2026-02-13 21:00:00,2,45.0,48.0,0.2099680093867293,0.0,0.12194316166745825,0.6405177658613139,3.657407407407407,4.341901548112064,0.7333333333333334,
t1,rolling,2026-02-11,2026-02-11 18:00:00,2026-02-12,2026-02-13 16:00:00,2026-02-13 22:00:00,2,46.0,48.0,0.27909494611526964,0.00452599103635673,0.22521445265413517,0.7662660555038607,5.111111111111111,4.065531869597882,0.7999999999999999,
t1,rolling,2026-02-11,2026-02-11 18:00:00,2026-02-12,2026-02-13 17:00:00,2026-02-13 23:00:00,2,47.0,48.0,0.2990909817324265,0.006173136348612385,0.27311146706020195,0.7825533455871143,7.0,3.27742465141138,0.9333333333333332,
t1,rolling,2026-02-12,2026-02-12 18:00:00,2026-02-13,2026-02-12 18:00:00,2026-02-13 00:00:00,1,0.0,24.0,0.0,0.0,0.0,0.10323098633104588,2.657407407407408,0.4359724950738356,-0.5666666666666668,
t1,rolling,2026-02-12,2026-02-12 18:00:00,2026-02-13,2026-02-12 19:00:00,2026-02-13 01:00:00,1,1.0,24.0,0.0,0.0,0.0,0.10431894084976849,1.9444444444444444,0.5321456683518896,-1.2,
t1,rolling,2026-02-12,2026-02-12 18:00:00,2026-02-13,2026-02-12 20:00:00,2026-02-13 02:00:00,1,2.0,24.0,0.0,0.0,0.0,0.1067008894152595,1.3240740740740742,0.2782403555799393,-1.6333333333333335,
t1,rolling,2026-02-12,2026-02-12 18:00:00,2026-02-13,2026-02-12 21:00:00,2026-02-13 03:00:00,1,3.0,24.0,0.0,0.0,0.0,0.1288337664605626,0.9166666666666666,0.2545875386086578,-1.9333333333333336,
t1,rolling,2026-02-12,2026-02-12 18:00:00,2026-02-13,2026-02-12 22:00:00,2026-02-13 04:00:00,1,4.0,24.0,0.0,0.0,0.0,0.11571975885451596,1.4722222222222223,0.7822293244627069,-1.8333333333333333,
t1,rolling,2026-02-12,2026-02-12 18:00:00,2026-02-13,2026-02-12 23:00:00,2026-02-13 05:00:00,1,5.0,24.0,0.0,0.0,0.0,0.10850583340756806,1.6111111111111114,1.1827593808913206,-1.7666666666666666,
t1,rolling,2026-02-12,2026-02-12 18:00:00,2026-02-13,2026-02-13 00:00:00,2026-02-13 06:00:00,1,6.0,24.0,0.0,0.0,0.0,0.12169114647187401,1.9814814814814816,0.918908593993563,-1.7,
t1,rolling,2026-02-12,2026-02-12 18:00:00,2026-02-13,2026-02-13 01:00:00,2026-02-13 07:00:00,1,7.0,24.0,0.0,0.0,0.0,0.11924399140838864,1.972222222222222,1.8301740455587923,-1.5666666666666667,
t1,rolling,2026-02-12,2026-02-12 18:00:00,2026-02-13,2026-02-13 02:00:00,2026-02-13 08:00:00,1,8.0,24.0,0.0,0.0,0.0,0.10679797115157781,2.055555555555556,2.0654790494468114,-1.5,
t1,rolling,2026-02-12,2026-02-12 18:00:00,2026-02-13,2026-02-13 03:00:00,2026-02-13 09:00:00,1,9.0,24.0,0.0,0.0,0.0,0.12380004502131874,2.027777777777778,1.567415108851765,-1.3666666666666665,
t1,rolling,2026-02-12,2026-02-12 18:00:00,2026-02-13,2026-02-13 04:00:00,2026-02-13 10:00:00,1,10.0,24.0,0.0,0.0,0.0,0.12179740900688579,2.1944444444444446,1.4863058024079718,-1.0,
t1,rolling,2026-02-12,2026-02-12 18:00:00,2026-02-13,2026-02-13 05:00:00,2026-02-13 11:00:00,1,11.0,24.0,0.0,0.0,0.0,0.1190234942591828,2.8796296296296298,2.0582439876645333,-0.5,
t1,rolling,2026-02-12,2026-02-12 18:00:00,2026-02-13,2026-02-13 06:00:00,2026-02-13 12:00:00,1,12.0,24.0,0.0,0.0,0.0,0.11133348981190362,2.361111111111111,1.6332293995654554,-0.3,
t1,rolling,2026-02-12,2026-02-12 18:00:00,2026-02-13,2026-02-13 07:00:00,2026-02-13 13:00:00,1,13.0,24.0,0.0,0.0,0.0,0.12926606373003635,1.712962962962963,1.4514608789518137,-0.03333333333333336,
t1,rolling,2026-02-12,2026-02-12 18:00:00,2026-02-13,2026-02-13 08:00:00,2026-02-13 14:00:00,1,14.0,24.0,0.0,0.0,0.0,0.11127130386531969,1.6759259259259258,0.7965654153334488,0.3666666666666667,
t1,rolling,2026-02-12,2026-02-12 18:00:00,2026-02-13,2026-02-13 09:00:00,2026-02-13 15:00:00,1,15.0,24.0,0.0,0.0,0.0,0.11143982437204522,2.0,0.7043734629503315,0.5666666666666668,
t1,rolling,2026-02-12,2026-02-12 18:00:00,2026-02-13,2026-02-13 10:00:00,2026-02-13 16:00:00,1,16.0,24.0,0.0,0.0,0.0,0.13011609464622037,1.6666666666666667,1.0833333333333335,0.6333333333333333,
t1,rolling,2026-02-12,2026-02-12 18:00:00,2026-02-13,2026-02-13 11:00:00,2026-02-13 17:00:00,1,17.0,24.0,0.0010923660809405017,0.0,0.0,0.15136475747749917,1.3333333333333333,1.103795360350307,0.5666666666666668,
t1,rolling,2026-02-12,2026-02-12 18:00:00,2026-02-13,2026-02-13 12:00:00,2026-02-13 18:00:00,1,18.0,24.0,0.0026233677500789587,0.0,0.0,0.2137574416489983,2.0925925925925926,0.8033174528423694,0.3,
t1,rolling,2026-02-12,2026-02-12 18:00:00,2026-02-13,2026-02-13 13:00:00,2026-02-13 19:00:00,1,19.0,24.0,0.09267057885253763,0.0,0.03271708746512851,0.3534980307319109,3.1203703703703702,1.4793677049957397,-0.09999999999999994,
t1,rolling,2026-02-12,2026-02-12 18:00:00,2026-02-13,2026-02-13 14:00:00,2026-02-13 20:00:00,1,20.0,24.0,0.19347402086446297,0.0,0.12533984372038018,0.5742595653940353,4.787037037037037,2.14992343628628,-0.4333333333333333,
t1,rolling,2026-02-12,2026-02-12 18:00:00,2026-02-13,2026-02-13 15:00:00,2026-02-13 21:00:00,1,21.0,24.0,0.3291458233459559,0.0,0.2777089777194128,0.7654318465355433,6.666666666666667,1.8047006523089766,-0.3333333333333333,
t1,rolling,2026-02-12,2026-02-12 18:00:00,2026-02-13,2026-02-13 16:00:00,2026-02-13 22:00:00,1,22.0,24.0,0.4587681192938124,0.0,0.3811747630091494,0.9507607456607559,7.935185185185186,2.141832990611262,-0.20000000000000004,
t1,rolling,2026-02-12,2026-02-12 18:00:00,2026-02-13,2026-02-13 17:00:00,2026-02-13 23:00:00,1,23.0,24.0,0.5645422102616005,0.0693472842568173,0.5237249229939644,0.952744815984756,9.12962962962963,2.250057155195417,-0.09999999999999994,
t1,rolling,2026-02-12,2026-02-12 18:00:00,2026-02-13,2026-02-13 18:00:00,2026-02-14 00:00:00,2,24.0,48.0,0.6380720103697586,0.14180992770285156,0.613274111778368,0.9527584816233354,9.0,2.1061711208074856,0.6,
t1,rolling,2026-02-12,2026-02-12 18:00:00,2026-02-13,2026-02-13 19:00:00,2026-02-14 01:00:00,2,25.0,48.0,0.6638466546286967,0.22565591033326998,0.6701105528170874,0.9503990905115949,9.972222222222223,1.5774745405000763,0.6,
t1,rolling,2026-02-12,2026-02-12 18:00:00,2026-02-13,2026-02-13 20:00:00,2026-02-14 02:00:00,2,26.0,48.0,0.7248447062113301,0.35744098877823155,0.751693371583865,0.9435549901259151,10.703703703703704,1.1667768907367013,0.5333333333333333,
t1,rolling,2026-02-12,2026-02-12 18:00:00,2026-02-13,2026-02-13 21:00:00,2026-02-14 03:00:00,2,27.0,48.0,0.6839032435186101,0.3573425709794681,0.7403625584897562,0.9451532513248202,10.898148148148147,1.3071306495448052,0.4000000000000001,
t1,rolling,2026-02-12,2026-02-12 18:00:00,2026-02-13,2026-02-13 22:00:00,2026-02-14 04:00:00,2,28.0,48.0,0.7023695204396341,0.3363535573476649,0.7239170231505658,0.9396253639351358,11.037037037037038,1.1133080133145048,0.43333333333333335,
t1,rolling,2026-02-12,2026-02-12 18:00:00,2026-02-13,2026-02-13 23:00:00,2026-02-14 05:00:00,2,29.0,48.0,0.6135071303116799,0.24077330414721942,0.6769936881630807,0.9397196597784973,10.583333333333334,1.4356032843802833,0.3666666666666667,
t1,rolling,2026-02-12,2026-02-12 18:00:00,2026-02-13,2026-02-14 00:00:00,2026-02-14 06:00:00,2,30.0,48.0,0.5513004928658847,0.1988816000791505,0.6074463556499017,0.9367658415016864,9.916666666666666,1.0610238474880151,0.3333333333333333,
t1,rolling,2026-02-12,2026-02-12 18:00:00,2026-02-13,2026-02-14 01:00:00,2026-02-14 07:00:00,2,31.0,48.0,0.3675589278686099,0.033356380498380966,0.34783325895930073,0.8852476577225339,9.074074074074074,2.105316120462243,0.39999999999999997,
t1,rolling,2026-02-12,2026-02-12 18:00:00,2026-02-13,2026-02-14 02:00:00,2026-02-14 08:00:00,2,32.0,48.0,0.1244393831854303,0.0,0.10781963866255642,0.7171365302112925,7.648148148148148,3.126244608119179,0.26666666666666666,
t1,rolling,2026-02-12,2026-02-12 18:00:00,2026-02-13,2026-02-14 03:00:00,2026-02-14 09:00:00,2,33.0,48.0,0.12021644890002389,0.0,0.10025518222951946,0.6708661359449515,6.796296296296298,3.9661310458998997,0.8666666666666666,
t1,rolling,2026-02-12,2026-02-12 18:00:00,2026-02-13,2026-02-14 04:00:00,2026-02-14 10:00:00,2,34.0,48.0,0.1684058601515688,0.0,0.13329774715730514,0.7081020267870146,6.6759259259259265,4.518338262949801,2.0,
t1,rolling,2026-02-12,2026-02-12 18:00:00,2026-02-13,2026-02-14 05:00:00,2026-02-14 11:00:00,2,35.0,48.0,0.17077379559963468,0.0,0.15349115184978301,0.7281998734259828,6.851851851851852,4.347229617790419,3.233333333333333,
t1,rolling,2026-02-12,2026-02-12 18:00:00,2026-02-13,2026-02-14 06:00:00,2026-02-14 12:00:00,2,36.0,48.0,0.18408246569081033,0.0,0.1469525035525704,0.8680922858904958,7.4259259259259265,4.446382679217023,4.066666666666667,
t1,rolling,2026-02-12,2026-02-12 18:00:00,2026-02-13,2026-02-14 07:00:00,2026-02-14 13:00:00,2,37.0,48.0,0.1761363598131635,0.0,0.12007477730874058,0.8592619521480154,6.4907407407407405,5.193800712736426,5.066666666666666,
t1,rolling,2026-02-12,2026-02-12 18:00:00,2026-02-13,2026-02-14 08:00:00,2026-02-14 14:00:00,2,38.0,48.0,0.15264914020693005,0.0,0.10004245825347452,0.7817848806771774,6.898148148148148,4.003888285052039,5.5,
t1,rolling,2026-02-12,2026-02-12 18:00:00,2026-02-13,2026-02-14 09:00:00,2026-02-14 15:00:00,2,39.0,48.0,0.14679193308811095,0.0,0.07989072863769933,0.6147347141773282,6.5092592592592595,2.2500571551954165,5.366666666666667,
t1,rolling,2026-02-12,2026-02-12 18:00:00,2026-02-13,2026-02-14 10:00:00,2026-02-14 16:00:00,2,40.0,48.0,0.11063773322641002,0.0,0.09836896488865943,0.6530665405623836,5.388888888888889,4.516430908156146,5.066666666666666,
t1,rolling,2026-02-12,2026-02-12 18:00:00,2026-02-13,2026-02-14 11:00:00,2026-02-14 17:00:00,2,41.0,48.0,0.2128597684183015,0.0,0.1617816393264762,0.6938527354324766,6.981481481481482,1.2745530968570193,3.966666666666667,
t1,rolling,2026-02-12,2026-02-12 18:00:00,2026-02-13,2026-02-14 12:00:00,2026-02-14 18:00:00,2,42.0,48.0,0.26792220620529666,0.0,0.21532513003920217,0.8003850538728985,7.472222222222222,2.213350345762374,2.0,
t1,rolling,2026-02-12,2026-02-12 18:00:00,2026-02-13,2026-02-14 13:00:00,2026-02-14 19:00:00,2,43.0,48.0,0.21580078664634944,0.0,0.11634298047249725,0.7833726636161684,6.907407407407408,2.342135074631464,1.3333333333333333,
t1,rolling,2026-02-12,2026-02-12 18:00:00,2026-02-13,2026-02-14 14:00:00,2026-02-14 20:00:00,2,44.0,48.0,0.1430163861969861,0.0,0.06018208064417213,0.6284818009264781,5.648148148148149,2.3401575691734244,0.9666666666666667,
t1,rolling,2026-02-12,2026-02-12 18:00:00,2026-02-13,2026-02-14 15:00:00,2026-02-14 21:00:00,2,45.0,48.0,0.053515900912441836,0.0,0.012567443581020021,0.29880415272865934,3.5740740740740744,2.7444294496516446,0.9333333333333332,
t1,rolling,2026-02-12,2026-02-12 18:00:00,2026-02-13,2026-02-14 16:00:00,2026-02-14 22:00:00,2,46.0,48.0,0.026305136343009405,0.0,0.0,0.2794526846944691,4.657407407407407,2.417198749428496,0.7333333333333334,
t1,rolling,2026-02-12,2026-02-12 18:00:00,2026-02-13,2026-02-14 17:00:00,2026-02-14 23:00:00,2,47.0,48.0,0.010983289670847995,0.0,0.0,0.22161325090965456,3.8981481481481484,2.1293679388330338,0.7666666666666666,
t1,rolling,2026-02-13,2026-02-13 18:00:00,2026-02-14,2026-02-13 18:00:00,2026-02-14 00:00:00,1,0.0,24.0,0.6840659507930743,0.3473223892243764,0.7422052101831172,0.9236127354980294,10.046296296296296,2.6049474138275013,-0.3,
t1,rolling,2026-02-13,2026-02-13 18:00:00,2026-02-14,2026-02-13 19:00:00,2026-02-14 01:00:00,1,1.0,24.0,0.669657463491618,0.2826408758700396,0.7325615529691325,0.9287592663264138,11.018518518518519,2.81150816987972,-0.1666666666666667,
t1,rolling,2026-02-13,2026-02-13 18:00:00,2026-02-14,2026-02-13 20:00:00,2026-02-14 02:00:00,1,2.0,24.0,0.7416073121304428,0.3151136031044148,0.8047046152154984,0.914086994864273,11.388888888888891,2.8667689473570874,-0.16666666666666666,
t1,rolling,2026-02-13,2026-02-13 18:00:00,2026-02-14,2026-02-13 21:00:00,2026-02-14 03:00:00,1,3.0,24.0,0.6994704549313183,0.3290062468379953,0.7791471100218438,0.9155378572824479,10.953703703703704,2.4043962650064477,-0.16666666666666666,
t1,rolling,2026-02-13,2026-02-13 18:00:00,2026-02-14,2026-02-13 22:00:00,2026-02-14 04:00:00,1,4.0,24.0,0.6870918047323468,0.34271898653378624,0.7677766804687527,0.9093827728242017,10.953703703703704,1.4445334730398287,-0.03333333333333335,
t1,rolling,2026-02-13,2026-02-13 18:00:00,2026-02-14,2026-02-13 23:00:00,2026-02-14 05:00:00,1,5.0,24.0,0.6041785007537455,0.18513657740665085,0.6530358660411508,0.9020234593824638,10.564814814814815,1.2305064366085123,0.033333333333333354,
t1,rolling,2026-02-13,2026-02-13 18:00:00,2026-02-14,2026-02-14 00:00:00,2026-02-14 06:00:00,1,6.0,24.0,0.33930253536420585,0.0,0.3210707715459223,0.7920527002120726,8.64814814814815,3.121304399167659,1.850371707708594e-17,
t1,rolling,2026-02-13,2026-02-13 18:00:00,2026-02-14,2026-02-14 01:00:00,2026-02-14 07:00:00,1,7.0,24.0,0.27758166316056304,0.0,0.2136653656779018,0.7089221559480872,8.055555555555555,2.622169255585587,-0.16666666666666666,
t1,rolling,2026-02-13,2026-02-13 18:00:00,2026-02-14,2026-02-14 02:00:00,2026-02-14 08:00:00,1,8.0,24.0,0.12943179042483427,0.0,0.0890708146709403,0.6574713214458581,7.50925925925926,1.848074851957089,-0.19999999999999998,
t1,rolling,2026-02-13,2026-02-13 18:00:00,2026-02-14,2026-02-14 03:00:00,2026-02-14 09:00:00,1,9.0,24.0,0.11581449666090504,0.0,0.05317683127796366,0.5845219146354838,7.018518518518519,1.865528202212721,0.6333333333333334,
t1,rolling,2026-02-13,2026-02-13 18:00:00,2026-02-14,2026-02-14 04:00:00,2026-02-14 10:00:00,1,10.0,24.0,0.06267844750182597,0.0,0.0,0.5112092165137451,6.0555555555555545,2.597333628032533,1.866666666666667,
t1,rolling,2026-02-13,2026-02-13 18:00:00,2026-02-14,2026-02-14 05:00:00,2026-02-14 11:00:00,1,11.0,24.0,0.07945946662867379,0.0,0.0,0.49609052860895503,5.046296296296296,4.131549545399467,2.766666666666667,
t1,rolling,2026-02-13,2026-02-13 18:00:00,2026-02-14,2026-02-14 06:00:00,2026-02-14 12:00:00,1,12.0,24.0,0.08981069463174243,0.0,0.0,0.5768290867123526,6.120370370370371,3.266025699273164,2.7000000000000006,
t1,rolling,2026-02-13,2026-02-13 18:00:00,2026-02-14,2026-02-14 07:00:00,2026-02-14 13:00:00,1,13.0,24.0,0.015756083178373112,0.0,0.0,0.3261052045739309,4.666666666666667,4.121233783860675,3.3666666666666667,
t1,rolling,2026-02-13,2026-02-13 18:00:00,2026-02-14,2026-02-14 08:00:00,2026-02-14 14:00:00,1,14.0,24.0,0.0,0.0,0.0,0.17731137619210302,3.7870370370370368,2.987155286860549,4.033333333333334,
t1,rolling,2026-02-13,2026-02-13 18:00:00,2026-02-14,2026-02-14 09:00:00,2026-02-14 15:00:00,1,15.0,24.0,0.0,0.0,0.0,0.22232383264780148,3.564814814814815,1.492091635443236,4.233333333333333,
t1,rolling,2026-02-13,2026-02-13 18:00:00,2026-02-14,2026-02-14 10:00:00,2026-02-14 16:00:00,1,16.0,24.0,0.0,0.0,0.0,0.1457731841054356,3.490740740740741,1.8098950700549064,3.8000000000000003,
t1,rolling,2026-02-13,2026-02-13 18:00:00,2026-02-14,2026-02-14 11:00:00,2026-02-14 17:00:00,1,17.0,24.0,0.0,0.0,0.0,0.17544829797328604,2.703703703703704,1.2488678000064715,3.0,
t1,rolling,2026-02-13,2026-02-13 18:00:00,2026-02-14,2026-02-14 12:00:00,2026-02-14 18:00:00,1,18.0,24.0,0.0,0.0,0.0,0.11284312678441827,3.2222222222222228,1.1399046960379553,1.9666666666666666,
t1,rolling,2026-02-13,2026-02-13 18:00:00,2026-02-14,2026-02-14 13:00:00,2026-02-14 19:00:00,1,19.0,24.0,0.0,0.0,0.0,0.1008141512460996,2.759259259259259,0.31590226128207377,0.8000000000000002,
t1,rolling,2026-02-13,2026-02-13 18:00:00,2026-02-14,2026-02-14 14:00:00,2026-02-14 20:00:00,1,20.0,24.0,0.0,0.0,0.0,0.1452530841919212,2.425925925925926,1.348963174475321,0.2000000000000001,
t1,rolling,2026-02-13,2026-02-13 18:00:00,2026-02-14,2026-02-14 15:00:00,2026-02-14 21:00:00,1,21.0,24.0,0.0,0.0,0.0,0.13594081962513008,2.657407407407408,1.6699812719188416,-0.13333333333333341,
t1,rolling,2026-02-13,2026-02-13 18:00:00,2026-02-14,2026-02-14 16:00:00,2026-02-14 22:00:00,1,22.0,24.0,0.0,0.0,0.0,0.15676127428819228,2.7592592592592595,1.1403558754326408,-0.26666666666666666,
t1,rolling,2026-02-13,2026-02-13 18:00:00,2026-02-14,2026-02-14 17:00:00,2026-02-14 23:00:00,1,23.0,24.0,0.0,0.0,0.0,0.14593188531311002,2.8240740740740744,0.7639309752716038,-0.2666666666666667,
t1,rolling,2026-02-13,2026-02-13 18:00:00,2026-02-14,2026-02-14 18:00:00,2026-02-15 00:00:00,2,24.0,48.0,0.0,0.0,0.0,0.16565615729546196,3.7777777777777786,1.3768926368215255,0.7000000000000001,
t1,rolling,2026-02-13,2026-02-13 18:00:00,2026-02-14,2026-02-14 19:00:00,2026-02-15 01:00:00,2,25.0,48.0,0.0,0.0,0.0,0.09309294596654225,2.7870370370370368,1.2681805443248666,0.6,
t1,rolling,2026-02-13,2026-02-13 18:00:00,2026-02-14,2026-02-14 20:00:00,2026-02-15 02:00:00,2,26.0,48.0,0.0,0.0,0.0,0.08959944743654102,1.777777777777778,0.9887484294754272,0.2666666666666666,
t1,rolling,2026-02-13,2026-02-13 18:00:00,2026-02-14,2026-02-14 21:00:00,2026-02-15 03:00:00,2,27.0,48.0,0.0,0.0,0.0,0.0972080004785979,1.3888888888888886,0.8347210667398177,-0.16666666666666666,
t1,rolling,2026-02-13,2026-02-13 18:00:00,2026-02-14,2026-02-14 22:00:00,2026-02-15 04:00:00,2,28.0,48.0,0.0,0.0,0.0,0.13036405437858792,1.5277777777777777,0.43390275977259185,-0.4666666666666666,
t1,rolling,2026-02-13,2026-02-13 18:00:00,2026-02-14,2026-02-14 23:00:00,2026-02-15 05:00:00,2,29.0,48.0,0.0,0.0,0.0,0.20582142210389773,2.111111111111111,1.7012613330869513,-0.5666666666666667,
t1,rolling,2026-02-13,2026-02-13 18:00:00,2026-02-14,2026-02-15 00:00:00,2026-02-15 06:00:00,2,30.0,48.0,0.09950331664867226,0.0,0.021195601042432385,0.36187028193846815,3.5833333333333335,1.8316490579816154,0.13333333333333336,
t1,rolling,2026-02-13,2026-02-13 18:00:00,2026-02-14,2026-02-15 01:00:00,2026-02-15 07:00:00,2,31.0,48.0,0.18618961581321358,0.0,0.13119109870537868,0.6723395385233091,4.740740740740741,2.138046972348147,0.1666666666666667,
t1,rolling,2026-02-13,2026-02-13 18:00:00,2026-02-14,2026-02-15 02:00:00,2026-02-15 08:00:00,2,32.0,48.0,0.2676410568188109,0.0,0.2391375084965357,0.7582493163101953,6.435185185185186,1.9183433353452075,0.7000000000000001,
t1,rolling,2026-02-13,2026-02-13 18:00:00,2026-02-14,2026-02-15 03:00:00,2026-02-15 09:00:00,2,33.0,48.0,0.43184911684148597,0.0,0.3533190456806507,0.949927234017031,7.814814814814814,1.940935988199524,1.4000000000000001,
t1,rolling,2026-02-13,2026-02-13 18:00:00,2026-02-14,2026-02-15 04:00:00,2026-02-15 10:00:00,2,34.0,48.0,0.6296343154389539,0.0,0.5663685710256932,0.962443658027661,9.12037037037037,2.110075281944521,2.466666666666667,
t1,rolling,2026-02-13,2026-02-13 18:00:00,2026-02-14,2026-02-15 05:00:00,2026-02-15 11:00:00,2,35.0,48.0,0.7094251714470211,0.1827647088002885,0.7406027795978056,0.9281885394710088,10.453703703703704,1.8852770478964367,3.533333333333333,
t1,rolling,2026-02-13,2026-02-13 18:00:00,2026-02-14,2026-02-15 06:00:00,2026-02-15 12:00:00,2,36.0,48.0,0.759249649188153,0.4059198212459243,0.802722178856021,0.9188536901604267,11.342592592592593,1.2239045660635777,3.9666666666666663,
t1,rolling,2026-02-13,2026-02-13 18:00:00,2026-02-14,2026-02-15 07:00:00,2026-02-15 13:00:00,2,37.0,48.0,0.7871633041262405,0.4519499227178214,0.8441796481395222,0.9069656345818956,11.620370370370372,1.3923105998965744,4.933333333333333,
t1,rolling,2026-02-13,2026-02-13 18:00:00,2026-02-14,2026-02-15 08:00:00,2026-02-15 14:00:00,2,38.0,48.0,0.7890908439802222,0.4568004763222614,0.8567124639489573,0.9042950784622593,11.777777777777777,1.2363451713482165,5.733333333333333,
t1,rolling,2026-02-13,2026-02-13 18:00:00,2026-02-14,2026-02-15 09:00:00,2026-02-15 15:00:00,2,39.0,48.0,0.8068372817217672,0.5514554101340666,0.8616090072394704,0.9043998450045476,11.712962962962962,1.2074017268668917,6.266666666666667,
t1,rolling,2026-02-13,2026-02-13 18:00:00,2026-02-14,2026-02-15 10:00:00,2026-02-15 16:00:00,2,40.0,48.0,0.8163810066839866,0.5539258917021086,0.8645616962834742,0.9030956353947612,11.462962962962964,1.0607814108694067,6.333333333333333,
t1,rolling,2026-02-13,2026-02-13 18:00:00,2026-02-14,2026-02-15 11:00:00,2026-02-15 17:00:00,2,41.0,48.0,0.7761701295590886,0.5261556945234716,0.8036901753615985,0.916696018879958,11.268518518518519,0.9531192024042804,5.900000000000001,
t1,rolling,2026-02-13,2026-02-13 18:00:00,2026-02-14,2026-02-15 12:00:00,2026-02-15 18:00:00,2,42.0,48.0,0.7688815092866024,0.4569259362788124,0.7956280859697025,0.918300262625765,11.907407407407407,0.7858378663969912,5.0,
t1,rolling,2026-02-13,2026-02-13 18:00:00,2026-02-14,2026-02-15 13:00:00,2026-02-15 19:00:00,2,43.0,48.0,0.7727749895695324,0.47023707831363026,0.7939212354802957,0.9189635223993652,12.064814814814815,0.9429454334875265,4.066666666666666,
t1,rolling,2026-02-13,2026-02-13 18:00:00,2026-02-14,2026-02-15 14:00:00,2026-02-15 20:00:00,2,44.0,48.0,0.7869660827600125,0.49721009967161617,0.817095359206025,0.9141848354950045,12.222222222222223,1.0289032876362294,3.5,
t1,rolling,2026-02-13,2026-02-13 18:00:00,2026-02-14,2026-02-15 15:00:00,2026-02-15 21:00:00,2,45.0,48.0,0.7742279414083778,0.5085353553229857,0.8067047479899392,0.9166892939122799,12.25925925925926,1.0578678377471917,3.233333333333333,
t1,rolling,2026-02-13,2026-02-13 18:00:00,2026-02-14,2026-02-15 16:00:00,2026-02-15 22:00:00,2,46.0,48.0,0.7713937535220342,0.4953304767694163,0.8038659546584019,0.917185635075844,12.046296296296296,1.1608098138232263,2.966666666666667,
t1,rolling,2026-02-13,2026-02-13 18:00:00,2026-02-14,2026-02-15 17:00:00,2026-02-15 23:00:00,2,47.0,48.0,0.7609429221265165,0.4811124468481775,0.803755443625964,0.9173336609624471,11.842592592592593,1.4170297283503988,2.9,
t1,rolling,2026-02-14,2026-02-14 18:00:00,2026-02-15,2026-02-14 18:00:00,2026-02-15 00:00:00,1,0.0,24.0,0.06372292185260822,0.008709971890715295,0.021919090051296105,0.19476142078808706,4.0,1.7574796066814644,-0.43333333333333335,
t1,rolling,2026-02-14,2026-02-14 18:00:00,2026-02-15,2026-02-14 19:00:00,2026-02-15 01:00:00,1,1.0,24.0,0.04627521125360897,0.008592592201076022,0.01894406744060044,0.158377847878876,3.111111111111111,1.5232255412061328,-0.6666666666666666,
t1,rolling,2026-02-14,2026-02-14 18:00:00,2026-02-15,2026-02-14 20:00:00,2026-02-15 02:00:00,1,2.0,24.0,0.045990009567476335,0.008674091426034003,0.016793362730523086,0.15094067726524185,2.2222222222222223,1.5398512835039109,-0.7000000000000001,
t1,rolling,2026-02-14,2026-02-14 18:00:00,2026-02-15,2026-02-14 21:00:00,2026-02-15 03:00:00,1,3.0,24.0,0.05077019464028893,0.006997166715538405,0.020755676417914624,0.1723106690943176,1.7962962962962965,1.5331555184068573,-0.7000000000000001,
t1,rolling,2026-02-14,2026-02-14 18:00:00,2026-02-15,2026-02-14 22:00:00,2026-02-15 04:00:00,1,4.0,24.0,0.047980147194981955,0.007899383003415682,0.018320794668886864,0.19562505831777943,2.75,2.6711478551734147,-0.6333333333333332,
t1,rolling,2026-02-14,2026-02-14 18:00:00,2026-02-15,2026-02-14 23:00:00,2026-02-15 05:00:00,1,5.0,24.0,0.09465824352659113,0.010979769472085149,0.045383388143822034,0.28942336851367745,2.972222222222222,2.9584311407931763,-1.1333333333333333,
t1,rolling,2026-02-14,2026-02-14 18:00:00,2026-02-15,2026-02-15 00:00:00,2026-02-15 06:00:00,1,6.0,24.0,0.16247057322207206,0.020917197552368302,0.1116026957001644,0.41314861210886933,4.37962962962963,2.200296930953216,-1.0999999999999999,
t1,rolling,2026-02-14,2026-02-14 18:00:00,2026-02-15,2026-02-15 01:00:00,2026-02-15 07:00:00,1,7.0,24.0,0.23514803595917685,0.04758059059965314,0.1915463137450785,0.6055339968549419,6.277777777777779,2.300865376653202,-1.2,
t1,rolling,2026-02-14,2026-02-14 18:00:00,2026-02-15,2026-02-15 02:00:00,2026-02-15 08:00:00,1,8.0,24.0,0.35792550018061464,0.10024134149856748,0.33468112199647143,0.7761007979664984,7.712962962962965,1.7612805152780016,-0.6999999999999998,
t1,rolling,2026-02-14,2026-02-14 18:00:00,2026-02-15,2026-02-15 03:00:00,2026-02-15 09:00:00,1,9.0,24.0,0.5796146980379325,0.23490190903039865,0.5221298914573624,0.9271499641426444,8.675925925925926,1.4257154726850296,0.5,
t1,rolling,2026-02-14,2026-02-14 18:00:00,2026-02-15,2026-02-15 04:00:00,2026-02-15 10:00:00,1,10.0,24.0,0.7957181833143943,0.3737169216703665,0.7807559160980603,0.9649705005760618,10.046296296296296,1.4181183557030392,1.8666666666666665,
t1,rolling,2026-02-14,2026-02-14 18:00:00,2026-02-15,2026-02-15 05:00:00,2026-02-15 11:00:00,1,11.0,24.0,0.8843207474893585,0.5848540038255309,0.9367285679724502,0.9836061073929909,11.018518518518519,1.2745530968570196,3.033333333333333,
t1,rolling,2026-02-14,2026-02-14 18:00:00,2026-02-15,2026-02-15 06:00:00,2026-02-15 12:00:00,1,12.0,24.0,0.8777095605644433,0.640415820409816,0.9409972277860242,0.9841867942300276,12.444444444444445,0.8678055195451834,4.033333333333333,
t1,rolling,2026-02-14,2026-02-14 18:00:00,2026-02-15,2026-02-15 07:00:00,2026-02-15 13:00:00,1,13.0,24.0,0.8858871587970881,0.6420049480924428,0.9497553887868712,0.9849216965934078,12.333333333333336,0.9145598685085746,5.166666666666667,
t1,rolling,2026-02-14,2026-02-14 18:00:00,2026-02-15,2026-02-15 08:00:00,2026-02-15 14:00:00,1,14.0,24.0,0.907582420217541,0.7222143027833166,0.9537775449077764,0.9859679375435222,12.00925925925926,1.0070482066589355,5.933333333333333,
t1,rolling,2026-02-14,2026-02-14 18:00:00,2026-02-15,2026-02-15 09:00:00,2026-02-15 15:00:00,1,15.0,24.0,0.9107491618166804,0.7352547566340968,0.9556568636356698,0.9865568759496672,11.787037037037038,1.0873619301217925,6.366666666666667,
t1,rolling,2026-02-14,2026-02-14 18:00:00,2026-02-15,2026-02-15 10:00:00,2026-02-15 16:00:00,1,16.0,24.0,0.9084286851473693,0.7038394782401884,0.9391086995065282,0.9851040841534457,11.620370370370372,1.144408485591139,6.3,
t1,rolling,2026-02-14,2026-02-14 18:00:00,2026-02-15,2026-02-15 11:00:00,2026-02-15 17:00:00,1,17.0,24.0,0.8555092871945914,0.637801445881435,0.8922708809323193,0.9815012440857336,11.555555555555557,1.1152699944380402,5.733333333333333,
t1,rolling,2026-02-14,2026-02-14 18:00:00,2026-02-15,2026-02-15 12:00:00,2026-02-15 18:00:00,1,18.0,24.0,0.8917274784397236,0.6541024866492757,0.9156646750273114,0.983239601570483,11.527777777777779,1.055189995179032,4.666666666666667,
t1,rolling,2026-02-14,2026-02-14 18:00:00,2026-02-15,2026-02-15 13:00:00,2026-02-15 19:00:00,1,19.0,24.0,0.8913886483160687,0.6414112373291219,0.9096055075567832,0.982981765088098,11.694444444444445,1.114231728896199,3.9000000000000004,
t1,rolling,2026-02-14,2026-02-14 18:00:00,2026-02-15,2026-02-15 14:00:00,2026-02-15 20:00:00,1,20.0,24.0,0.8532233553437699,0.6270831382632749,0.8666791196272825,0.9793809744220345,11.75,0.9145598685085741,3.5333333333333337,
t1,rolling,2026-02-14,2026-02-14 18:00:00,2026-02-15,2026-02-15 15:00:00,2026-02-15 21:00:00,1,21.0,24.0,0.8364328729700671,0.6148604906197146,0.8635909355529356,0.9788538149758643,11.75925925925926,0.8037975708966926,3.266666666666667,
t1,rolling,2026-02-14,2026-02-14 18:00:00,2026-02-15,2026-02-15 16:00:00,2026-02-15 22:00:00,1,22.0,24.0,0.7884765647611482,0.5316646776443739,0.8074976161638501,0.9746423077877912,11.351851851851853,0.7138042174891871,3.1,
t1,rolling,2026-02-14,2026-02-14 18:00:00,2026-02-15,2026-02-15 17:00:00,2026-02-15 23:00:00,1,23.0,24.0,0.7390018738421524,0.47781717582029104,0.7785603058015605,0.972635197350604,10.842592592592593,1.054946217886838,3.0,
t1,rolling,2026-02-14,2026-02-14 18:00:00,2026-02-15,2026-02-15 18:00:00,2026-02-16 00:00:00,2,24.0,48.0,0.8271749805421723,0.6015176813876361,0.842044708818022,0.9771500000313086,11.074074074074076,0.7094671390552045,2.5,
t1,rolling,2026-02-14,2026-02-14 18:00:00,2026-02-15,2026-02-15 19:00:00,2026-02-16 01:00:00,2,25.0,48.0,0.8256373029504497,0.5769582634688671,0.826433929369416,0.9731097357088297,10.981481481481481,0.8246460769708266,2.433333333333333,
t1,rolling,2026-02-14,2026-02-14 18:00:00,2026-02-15,2026-02-15 20:00:00,2026-02-16 02:00:00,2,26.0,48.0,0.782905543156913,0.5754017915752765,0.796634870707944,0.9700470491798273,10.870370370370372,0.7877991952372517,2.3333333333333335,
t1,rolling,2026-02-14,2026-02-14 18:00:00,2026-02-15,2026-02-15 21:00:00,2026-02-16 03:00:00,2,27.0,48.0,0.7329435410981144,0.47400029086080786,0.7669098938988916,0.9672803937700258,10.75,0.9477067838462213,2.2333333333333334,
t1,rolling,2026-02-14,2026-02-14 18:00:00,2026-02-15,2026-02-15 22:00:00,2026-02-16 04:00:00,2,28.0,48.0,0.7074236154283234,0.46381544008463055,0.7309711723983136,0.9638669344385842,10.5,1.5585289043450603,2.1333333333333333,
t1,rolling,2026-02-14,2026-02-14 18:00:00,2026-02-15,2026-02-15 23:00:00,2026-02-16 05:00:00,2,29.0,48.0,0.6526961133213319,0.3473407707279095,0.6608141149042492,0.9548123119733685,9.611111111111112,2.6011927463576594,2.2,
t1,rolling,2026-02-14,2026-02-14 18:00:00,2026-02-15,2026-02-16 00:00:00,2026-02-16 06:00:00,2,30.0,48.0,0.6346185490052404,0.38521449927961077,0.6848302927242284,0.9580037940287871,10.63888888888889,1.688057178248722,2.3666666666666667,
t1,rolling,2026-02-14,2026-02-14 18:00:00,2026-02-15,2026-02-16 01:00:00,2026-02-16 07:00:00,2,31.0,48.0,0.6130118827514182,0.376676439300902,0.6092596452891368,0.9548403507853938,9.833333333333334,2.3966282900136666,2.266666666666667,
t1,rolling,2026-02-14,2026-02-14 18:00:00,2026-02-15,2026-02-16 02:00:00,2026-02-16 08:00:00,2,32.0,48.0,0.6267763526591836,0.38382773685061006,0.6150145684194109,0.9510653912870766,9.888888888888888,2.2858934012712204,2.4,
t1,rolling,2026-02-14,2026-02-14 18:00:00,2026-02-15,2026-02-16 03:00:00,2026-02-16 09:00:00,2,33.0,48.0,0.6236745648686177,0.3731592545759743,0.5939588102247845,0.9373247703370143,9.925925925925926,2.6135233144600676,2.766666666666667,
t1,rolling,2026-02-14,2026-02-14 18:00:00,2026-02-15,2026-02-16 04:00:00,2026-02-16 10:00:00,2,34.0,48.0,0.7927138089326177,0.48630575894086747,0.7663778245320317,0.9651292546846644,10.212962962962962,0.8683980805698787,3.366666666666667,
t1,rolling,2026-02-14,2026-02-14 18:00:00,2026-02-15,2026-02-16 05:00:00,2026-02-16 11:00:00,2,35.0,48.0,0.7819836236442925,0.4657696967311955,0.7473921789347514,0.9610614403160485,10.175925925925926,1.4224645337561987,3.9,
t1,rolling,2026-02-14,2026-02-14 18:00:00,2026-02-15,2026-02-16 06:00:00,2026-02-16 12:00:00,2,36.0,48.0,0.7274633426310744,0.4310863775413183,0.7480772707425639,0.9568018003812342,9.5,0.4589642122738425,4.466666666666666,
t1,rolling,2026-02-14,2026-02-14 18:00:00,2026-02-15,2026-02-16 07:00:00,2026-02-16 13:00:00,2,37.0,48.0,0.6890395567141249,0.3625557114163203,0.6886872522562062,0.9334065737621955,9.111111111111112,0.30555555555555536,5.400000000000001,
t1,rolling,2026-02-14,2026-02-14 18:00:00,2026-02-15,2026-02-16 08:00:00,2026-02-16 14:00:00,2,38.0,48.0,0.681306374668687,0.3645840776276232,0.6840881925484675,0.9458831523064763,8.842592592592593,0.6587102374752745,6.733333333333333,
t1,rolling,2026-02-14,2026-02-14 18:00:00,2026-02-15,2026-02-16 09:00:00,2026-02-16 15:00:00,2,39.0,48.0,0.6998011418900595,0.3582944332182871,0.6597087589490243,0.9489533596129722,9.092592592592593,1.4835344571652895,7.566666666666666,
t1,rolling,2026-02-14,2026-02-14 18:00:00,2026-02-15,2026-02-16 10:00:00,2026-02-16 16:00:00,2,40.0,48.0,0.7472666499097237,0.4778986623531346,0.7633862909187511,0.9681042694153228,9.675925925925926,1.532148629822941,7.5,
t1,rolling,2026-02-14,2026-02-14 18:00:00,2026-02-15,2026-02-16 11:00:00,2026-02-16 17:00:00,2,41.0,48.0,0.8336451255066236,0.5298857597137502,0.8650461661751312,0.9797376382691794,10.574074074074074,1.762375407848537,6.8,
t1,rolling,2026-02-14,2026-02-14 18:00:00,2026-02-15,2026-02-16 12:00:00,2026-02-16 18:00:00,2,42.0,48.0,0.8349722479267123,0.5616861351505519,0.8656528795511599,0.9804243263720596,11.314814814814815,1.298840096666183,5.333333333333333,
t1,rolling,2026-02-14,2026-02-14 18:00:00,2026-02-15,2026-02-16 13:00:00,2026-02-16 19:00:00,2,43.0,48.0,0.8306047159447267,0.5808250570192013,0.8558017041377818,0.9799257369798661,12.027777777777779,2.245881003410795,4.366666666666666,
t1,rolling,2026-02-14,2026-02-14 18:00:00,2026-02-15,2026-02-16 14:00:00,2026-02-16 20:00:00,2,44.0,48.0,0.796153990082908,0.5686873608776618,0.8225121343094661,0.9789278390537353,11.953703703703704,2.788359474614201,3.9333333333333336,
t1,rolling,2026-02-14,2026-02-14 18:00:00,2026-02-15,2026-02-16 15:00:00,2026-02-16 21:00:00,2,45.0,48.0,0.7909353645207926,0.5675516683601822,0.8389080034214547,0.9797495800147095,11.75,2.677207177564886,3.6999999999999997,
t1,rolling,2026-02-14,2026-02-14 18:00:00,2026-02-15,2026-02-16 16:00:00,2026-02-16 22:00:00,2,46.0,48.0,0.7877391772020444,0.6026284670746467,0.8387844188077718,0.9782049690886769,11.722222222222221,2.5087808755412415,3.266666666666667,
t1,rolling,2026-02-14,2026-02-14 18:00:00,2026-02-15,2026-02-16 17:00:00,2026-02-16 23:00:00,2,47.0,48.0,0.8048882540590914,0.5993598646844193,0.8467334823892411,0.9787983936387814,11.75,2.0632364005233246,3.4666666666666663,
t1,rolling,2026-02-15,2026-02-15 18:00:00,2026-02-16,2026-02-15 18:00:00,2026-02-16 00:00:00,1,0.0,24.0,0.620310006593031,0.38363752468238,0.6094665078133579,0.9331387700632661,10.027777777777779,1.959662669384141,2.733333333333333,
t1,rolling,2026-02-15,2026-02-15 18:00:00,2026-02-16,2026-02-15 19:00:00,2026-02-16 01:00:00,1,1.0,24.0,0.5702523605557205,0.3123193994421434,0.5733961096788233,0.9425797836630438,9.435185185185185,2.839091824304257,2.8000000000000003,
t1,rolling,2026-02-15,2026-02-15 18:00:00,2026-02-16,2026-02-15 20:00:00,2026-02-16 02:00:00,1,2.0,24.0,0.6063957322083438,0.32731606608116415,0.6116907104228853,0.9540839342749714,9.898148148148147,2.9218648563345857,2.766666666666667,
t1,rolling,2026-02-15,2026-02-15 18:00:00,2026-02-16,2026-02-15 21:00:00,2026-02-16 03:00:00,1,3.0,24.0,0.6336963968035897,0.36831335752070815,0.6713995826615703,0.9599501412191561,10.277777777777777,3.0373193184081426,2.8000000000000003,
t1,rolling,2026-02-15,2026-02-15 18:00:00,2026-02-16,2026-02-15 22:00:00,2026-02-16 04:00:00,1,4.0,24.0,0.6600984955288255,0.396500015648808,0.6659492924353153,0.9604583529710728,10.064814814814815,2.7522904789753633,2.6999999999999997,
t1,rolling,2026-02-15,2026-02-15 18:00:00,2026-02-16,2026-02-15 23:00:00,2026-02-16 05:00:00,1,5.0,24.0,0.7896384896657117,0.466399113777826,0.8090042504555109,0.9756627905439161,10.055555555555557,2.245881003410795,2.733333333333334,
t1,rolling,2026-02-15,2026-02-15 18:00:00,2026-02-16,2026-02-16 00:00:00,2026-02-16 06:00:00,1,6.0,24.0,0.8095299125895848,0.5114969023110942,0.8200363761804432,0.974018404833212,10.342592592592593,1.1818892248927972,2.766666666666667,
t1,rolling,2026-02-15,2026-02-15 18:00:00,2026-02-16,2026-02-16 01:00:00,2026-02-16 07:00:00,1,7.0,24.0,0.7790624256409442,0.49569480127712323,0.7979608629976035,0.9667730256032774,10.398148148148149,1.0184764301068174,2.966666666666667,
t1,rolling,2026-02-15,2026-02-15 18:00:00,2026-02-16,2026-02-16 02:00:00,2026-02-16 08:00:00,1,8.0,24.0,0.6758149968669086,0.4266983946253316,0.7217012543861566,0.9565094085319732,9.842592592592593,0.27404904790645884,2.9333333333333336,
t1,rolling,2026-02-15,2026-02-15 18:00:00,2026-02-16,2026-02-16 03:00:00,2026-02-16 09:00:00,1,9.0,24.0,0.6525206639172719,0.38615562348030635,0.6950042543369908,0.9639435100283322,9.416666666666666,0.5357583756107198,3.4333333333333336,
t1,rolling,2026-02-15,2026-02-15 18:00:00,2026-02-16,2026-02-16 04:00:00,2026-02-16 10:00:00,1,10.0,24.0,0.6740040145777269,0.40259047798648107,0.7100511237248478,0.9615916570847236,9.333333333333334,0.6364688465216445,4.1,
t1,rolling,2026-02-15,2026-02-15 18:00:00,2026-02-16,2026-02-16 05:00:00,2026-02-16 11:00:00,1,11.0,24.0,0.7124007766655037,0.41587654866359286,0.7580107655713746,0.9648805354180865,9.583333333333334,0.712000312109794,4.933333333333334,
t1,rolling,2026-02-15,2026-02-15 18:00:00,2026-02-16,2026-02-16 06:00:00,2026-02-16 12:00:00,1,12.0,24.0,0.7859824777918933,0.48006651265358335,0.8399983242934075,0.966615420480997,10.14814814814815,0.4781759753213093,5.966666666666666,
t1,rolling,2026-02-15,2026-02-15 18:00:00,2026-02-16,2026-02-16 07:00:00,2026-02-16 13:00:00,1,13.0,24.0,0.8049889456655079,0.54030868365879,0.8739925846757292,0.9721915004406709,9.888888888888888,0.5189317136741505,6.666666666666667,
t1,rolling,2026-02-15,2026-02-15 18:00:00,2026-02-16,2026-02-16 08:00:00,2026-02-16 14:00:00,1,14.0,24.0,0.811846399031555,0.510023698141,0.8440076468318752,0.9690318009916807,9.898148148148149,0.6408986103952665,7.333333333333333,
t1,rolling,2026-02-15,2026-02-15 18:00:00,2026-02-16,2026-02-16 09:00:00,2026-02-16 15:00:00,1,15.0,24.0,0.7843031722009602,0.5044279777723736,0.8336464832399405,0.9700190888018454,9.898148148148149,0.8855550908498238,7.733333333333334,
t1,rolling,2026-02-15,2026-02-15 18:00:00,2026-02-16,2026-02-16 10:00:00,2026-02-16 16:00:00,1,16.0,24.0,0.7632630492365492,0.47582323944555344,0.7929836133595651,0.969383855714605,9.851851851851853,0.9786822416091705,7.6000000000000005,
t1,rolling,2026-02-15,2026-02-15 18:00:00,2026-02-16,2026-02-16 11:00:00,2026-02-16 17:00:00,1,17.0,24.0,0.682699814410013,0.41138998201056837,0.7313130849560252,0.9663587395372155,10.055555555555557,1.34829567772351,6.966666666666668,
t1,rolling,2026-02-15,2026-02-15 18:00:00,2026-02-16,2026-02-16 12:00:00,2026-02-16 18:00:00,1,18.0,24.0,0.6391990338068189,0.39194630212566706,0.7184923136272944,0.9641423275192745,9.500000000000002,0.8036375634160796,6.099999999999999,
t1,rolling,2026-02-15,2026-02-15 18:00:00,2026-02-16,2026-02-16 13:00:00,2026-02-16 19:00:00,1,19.0,24.0,0.6336208425976104,0.36641526191293977,0.6823006324137197,0.9620294766289389,9.768518518518519,1.167438016613192,5.366666666666666,
t1,rolling,2026-02-15,2026-02-15 18:00:00,2026-02-16,2026-02-16 14:00:00,2026-02-16 20:00:00,1,20.0,24.0,0.6589982903943052,0.3809930922806814,0.7029738419546152,0.9647183154387047,10.148148148148147,1.886913455045375,4.9,
t1,rolling,2026-02-15,2026-02-15 18:00:00,2026-02-16,2026-02-16 15:00:00,2026-02-16 21:00:00,1,21.0,24.0,0.6710486061864288,0.4008825697369642,0.7154770889789711,0.9655821361054607,10.324074074074074,1.9660178883846813,4.6000000000000005,
t1,rolling,2026-02-15,2026-02-15 18:00:00,2026-02-16,2026-02-16 16:00:00,2026-02-16 22:00:00,1,22.0,24.0,0.6812231352984832,0.3928147252324282,0.7442361841000594,0.9676767746498005,10.185185185185185,1.9068454763776463,4.3,
t1,rolling,2026-02-15,2026-02-15 18:00:00,2026-02-16,2026-02-16 17:00:00,2026-02-16 23:00:00,1,23.0,24.0,0.6636975497130398,0.3882072439117135,0.7645056515795328,0.9691053551082149,10.435185185185185,2.1855186500113253,4.166666666666667,
t1,rolling,2026-02-15,2026-02-15 18:00:00,2026-02-16,2026-02-16 18:00:00,2026-02-17 00:00:00,2,24.0,48.0,0.7428711853954139,0.49578371451437836,0.7726311229116761,0.9710295590403908,11.250000000000002,1.7605502086100917,3.3000000000000003,
t1,rolling,2026-02-15,2026-02-15 18:00:00,2026-02-16,2026-02-16 19:00:00,2026-02-17 01:00:00,2,25.0,48.0,0.7431374003393006,0.494810279812262,0.7755111296161874,0.9719746715857718,11.49074074074074,1.6796561719492105,3.1999999999999997,
t1,rolling,2026-02-15,2026-02-15 18:00:00,2026-02-16,2026-02-16 20:00:00,2026-02-17 02:00:00,2,26.0,48.0,0.7364208616705642,0.49996101942496185,0.7742386907151109,0.9719234944919454,11.398148148148147,1.5865788698605774,3.033333333333333,
t1,rolling,2026-02-15,2026-02-15 18:00:00,2026-02-16,2026-02-16 21:00:00,2026-02-17 03:00:00,2,27.0,48.0,0.704431423791011,0.4434795138019066,0.728583637837243,0.9623578301883848,11.018518518518519,1.0279028952872535,3.266666666666667,
t1,rolling,2026-02-15,2026-02-15 18:00:00,2026-02-16,2026-02-16 22:00:00,2026-02-17 04:00:00,2,28.0,48.0,0.6758856806831277,0.39642026456390056,0.6775404382261448,0.9510395435828853,10.972222222222221,1.2143051663552447,3.133333333333333,
t1,rolling,2026-02-15,2026-02-15 18:00:00,2026-02-16,2026-02-16 23:00:00,2026-02-17 05:00:00,2,29.0,48.0,0.5485070448790718,0.22287600908602406,0.5660212683494382,0.9026400730233521,10.314814814814815,1.0585969828109574,3.4333333333333336,
t1,rolling,2026-02-15,2026-02-15 18:00:00,2026-02-16,2026-02-17 00:00:00,2026-02-17 06:00:00,2,30.0,48.0,0.2784385721072573,0.05787397312294054,0.2523235310953643,0.6396294654580142,7.203703703703705,2.7940265500062664,3.6,
t1,rolling,2026-02-15,2026-02-15 18:00:00,2026-02-16,2026-02-17 01:00:00,2026-02-17 07:00:00,2,31.0,48.0,0.20596578294316467,0.0282825361191113,0.1237462903610643,0.5550122908673966,6.314814814814814,2.5086783528761316,3.2000000000000006,
t1,rolling,2026-02-15,2026-02-15 18:00:00,2026-02-16,2026-02-17 02:00:00,2026-02-17 08:00:00,2,32.0,48.0,0.21691819477275168,0.0347993541632179,0.12419902991770544,0.5276442660681009,5.861111111111112,2.0485993408324767,2.8666666666666667,
t1,rolling,2026-02-15,2026-02-15 18:00:00,2026-02-16,2026-02-17 03:00:00,2026-02-17 09:00:00,2,33.0,48.0,0.16783450309913278,0.023892891098527463,0.1110439986568485,0.4667634131051372,5.638888888888888,1.752643506038595,3.133333333333333,
t1,rolling,2026-02-15,2026-02-15 18:00:00,2026-02-16,2026-02-17 04:00:00,2026-02-17 10:00:00,2,34.0,48.0,0.1809268629548511,0.02681347285957862,0.11713590302614885,0.4806137365104526,5.416666666666667,1.044163673845139,3.7999999999999994,
t1,rolling,2026-02-15,2026-02-15 18:00:00,2026-02-16,2026-02-17 05:00:00,2026-02-17 11:00:00,2,35.0,48.0,0.24074560601283834,0.031928819888515425,0.1712939785313736,0.5721377117768482,5.851851851851852,1.1112268458243162,4.666666666666667,
t1,rolling,2026-02-15,2026-02-15 18:00:00,2026-02-16,2026-02-17 06:00:00,2026-02-17 12:00:00,2,36.0,48.0,0.2769982240293333,0.060418910517920005,0.22062945042762075,0.7055752536814694,6.583333333333333,1.0095989914103471,7.1000000000000005,
t1,rolling,2026-02-15,2026-02-15 18:00:00,2026-02-16,2026-02-17 07:00:00,2026-02-17 13:00:00,2,37.0,48.0,0.31765281591277694,0.06811878898711812,0.2851565357212748,0.7383376385549829,6.851851851851852,1.194875030054842,7.766666666666666,
t1,rolling,2026-02-15,2026-02-15 18:00:00,2026-02-16,2026-02-17 08:00:00,2026-02-17 14:00:00,2,38.0,48.0,0.33505447803736027,0.06834991632446552,0.3430015351269705,0.7949256137183567,7.027777777777779,1.3184938095895347,8.4,
t1,rolling,2026-02-15,2026-02-15 18:00:00,2026-02-16,2026-02-17 09:00:00,2026-02-17 15:00:00,2,39.0,48.0,0.4093948886242882,0.09333785076296502,0.44895355964204436,0.8214139987577769,7.268518518518519,1.2326992030105646,8.666666666666666,
t1,rolling,2026-02-15,2026-02-15 18:00:00,2026-02-16,2026-02-17 10:00:00,2026-02-17 16:00:00,2,40.0,48.0,0.48421666902762,0.13382827292093075,0.5369313055634126,0.8657404467480465,7.4907407407407405,1.1945521053977879,8.666666666666666,
t1,rolling,2026-02-15,2026-02-15 18:00:00,2026-02-16,2026-02-17 11:00:00,2026-02-17 17:00:00,2,41.0,48.0,0.5646925938835567,0.14270466244189356,0.5705505367015902,0.903753887179706,7.796296296296297,1.3197611705627277,8.366666666666667,
t1,rolling,2026-02-15,2026-02-15 18:00:00,2026-02-16,2026-02-17 12:00:00,2026-02-17 18:00:00,2,42.0,48.0,0.5955389949961692,0.1855559971107572,0.5911881585119058,0.944825162143499,8.481481481481481,1.4211077809592352,7.166666666666667,
t1,rolling,2026-02-15,2026-02-15 18:00:00,2026-02-16,2026-02-17 13:00:00,2026-02-17 19:00:00,2,43.0,48.0,0.6487272382969199,0.295236626831966,0.6738491159030815,0.9638839259821322,9.222222222222223,1.3768926368215255,6.433333333333333,
t1,rolling,2026-02-15,2026-02-15 18:00:00,2026-02-16,2026-02-17 14:00:00,2026-02-17 20:00:00,2,44.0,48.0,0.72767622236088,0.39325236756578963,0.7156023840836602,0.9714142799554732,10.0,1.4095682729294743,5.900000000000001,
t1,rolling,2026-02-15,2026-02-15 18:00:00,2026-02-16,2026-02-17 15:00:00,2026-02-17 21:00:00,2,45.0,48.0,0.6988465649424945,0.44357617283493045,0.781804586065906,0.9782431114794263,10.75925925925926,1.392864679881324,5.533333333333334,
t1,rolling,2026-02-15,2026-02-15 18:00:00,2026-02-16,2026-02-17 16:00:00,2026-02-17 22:00:00,2,46.0,48.0,0.6811776050941908,0.4642900682576976,0.7743297362477524,0.9777533871088682,11.287037037037038,1.547681792243208,5.266666666666667,
t1,rolling,2026-02-15,2026-02-15 18:00:00,2026-02-16,2026-02-17 17:00:00,2026-02-17 23:00:00,2,47.0,48.0,0.7114518469634153,0.4883215112706507,0.7971396299817952,0.9769989045215138,11.537037037037038,1.716238110236691,4.666666666666667,
t1,rolling,2026-02-16,2026-02-16 18:00:00,2026-02-17,2026-02-16 18:00:00,2026-02-17 00:00:00,1,0.0,24.0,0.6409661534059673,0.3297451457533486,0.6921297675989346,0.955456308651413,10.722222222222223,3.1111111111111116,4.133333333333334,
t1,rolling,2026-02-16,2026-02-16 18:00:00,2026-02-17,2026-02-16 19:00:00,2026-02-17 01:00:00,1,1.0,24.0,0.6147046389689016,0.3796197565996306,0.6651077157328275,0.9511669488970598,10.833333333333334,2.920368021793837,3.9333333333333336,
t1,rolling,2026-02-16,2026-02-16 18:00:00,2026-02-17,2026-02-16 20:00:00,2026-02-17 02:00:00,1,2.0,24.0,0.6110786958586593,0.3762505419856808,0.6481084969554761,0.9510637835737602,10.925925925925926,2.5428933489948293,3.7999999999999994,
t1,rolling,2026-02-16,2026-02-16 18:00:00,2026-02-17,2026-02-16 21:00:00,2026-02-17 03:00:00,1,3.0,24.0,0.5740456572134902,0.303478542888408,0.6013476306375489,0.9295851069369346,10.49074074074074,1.836347130009194,3.7000000000000006,
t1,rolling,2026-02-16,2026-02-16 18:00:00,2026-02-17,2026-02-16 22:00:00,2026-02-17 04:00:00,1,4.0,24.0,0.47442805941245014,0.2555519228998613,0.46940278007303066,0.8789475178282353,9.814814814814815,1.6325993563750463,3.533333333333333,
t1,rolling,2026-02-16,2026-02-16 18:00:00,2026-02-17,2026-02-16 23:00:00,2026-02-17 05:00:00,1,5.0,24.0,0.3922029481538395,0.1711084115042087,0.3593225606618238,0.7982292015434367,8.814814814814815,1.571675732793981,3.533333333333333,
t1,rolling,2026-02-16,2026-02-16 18:00:00,2026-02-17,2026-02-17 00:00:00,2026-02-17 06:00:00,1,6.0,24.0,0.3117765117773952,0.051604610715456134,0.26216393805518096,0.6953253286459256,7.787037037037038,1.367144601766733,3.3666666666666667,
t1,rolling,2026-02-16,2026-02-16 18:00:00,2026-02-17,2026-02-17 01:00:00,2026-02-17 07:00:00,1,7.0,24.0,0.29648366904208695,0.05223226684568005,0.24248406000902328,0.6439248498035214,7.2592592592592595,1.2239045660635777,3.3000000000000003,
t1,rolling,2026-02-16,2026-02-16 18:00:00,2026-02-17,2026-02-17 02:00:00,2026-02-17 08:00:00,1,8.0,24.0,0.21743364461990633,0.05010337037258428,0.1821763681985383,0.5278066717587272,6.6944444444444455,1.227576655221353,3.4000000000000004,
t1,rolling,2026-02-16,2026-02-16 18:00:00,2026-02-17,2026-02-17 03:00:00,2026-02-17 09:00:00,1,9.0,24.0,0.133446258247264,0.01866279070000835,0.07750900697504488,0.45843027821768645,6.194444444444444,1.6146990699259582,3.733333333333334,
t1,rolling,2026-02-16,2026-02-16 18:00:00,2026-02-17,2026-02-17 04:00:00,2026-02-17 10:00:00,1,10.0,24.0,0.15702777615738756,0.01777278558103941,0.09701904875836558,0.47835123097840326,5.851851851851852,2.3134625679915253,4.166666666666667,
t1,rolling,2026-02-16,2026-02-16 18:00:00,2026-02-17,2026-02-17 05:00:00,2026-02-17 11:00:00,1,11.0,24.0,0.14889510176854456,0.01931702594896592,0.09468932134633289,0.4179804163753491,5.453703703703703,2.3772866401734825,4.733333333333333,
t1,rolling,2026-02-16,2026-02-16 18:00:00,2026-02-17,2026-02-17 06:00:00,2026-02-17 12:00:00,1,12.0,24.0,0.1521682204185459,0.020418138733821353,0.0908770566577829,0.3431809588475794,4.787037037037037,2.9523391716335947,6.3,
t1,rolling,2026-02-16,2026-02-16 18:00:00,2026-02-17,2026-02-17 07:00:00,2026-02-17 13:00:00,1,13.0,24.0,0.15642496586156096,0.02331455142268722,0.11602570459755747,0.4272264134655373,4.6759259259259265,2.485813659010889,7.0,
t1,rolling,2026-02-16,2026-02-16 18:00:00,2026-02-17,2026-02-17 08:00:00,2026-02-17 14:00:00,1,14.0,24.0,0.20002495819581037,0.02531465305640987,0.14764961511092295,0.5028338555240117,5.268518518518518,2.6244242950899603,7.400000000000001,
t1,rolling,2026-02-16,2026-02-16 18:00:00,2026-02-17,2026-02-17 09:00:00,2026-02-17 15:00:00,1,15.0,24.0,0.27852847135169523,0.03995072531104921,0.21402429369541764,0.5833361932892684,5.7407407407407405,2.8974676754091933,7.966666666666666,
t1,rolling,2026-02-16,2026-02-16 18:00:00,2026-02-17,2026-02-17 10:00:00,2026-02-17 16:00:00,1,16.0,24.0,0.37371529452350594,0.064544870802868,0.26305595090859824,0.7096745459485876,6.277777777777779,3.25616698846821,8.266666666666666,
t1,rolling,2026-02-16,2026-02-16 18:00:00,2026-02-17,2026-02-17 11:00:00,2026-02-17 17:00:00,1,17.0,24.0,0.52440678766159,0.09471170800768625,0.42769802931544715,0.8434134602764574,6.916666666666667,3.6162356800721875,8.166666666666666,
t1,rolling,2026-02-16,2026-02-16 18:00:00,2026-02-17,2026-02-17 12:00:00,2026-02-17 18:00:00,1,18.0,24.0,0.6416657401167523,0.1403202751983103,0.5745987196749235,0.9559345036928537,8.537037037037036,1.9068454763776461,7.533333333333334,
t1,rolling,2026-02-16,2026-02-16 18:00:00,2026-02-17,2026-02-17 13:00:00,2026-02-17 19:00:00,1,19.0,24.0,0.6736264433649587,0.21470455829715984,0.6140048754578259,0.9542661208137536,9.36111111111111,2.677207177564885,6.599999999999999,
t1,rolling,2026-02-16,2026-02-16 18:00:00,2026-02-17,2026-02-17 14:00:00,2026-02-17 20:00:00,1,20.0,24.0,0.7140195940684277,0.31031314214359146,0.680707043655876,0.9624045639107334,10.055555555555557,3.4123730926522082,5.733333333333333,
t1,rolling,2026-02-16,2026-02-16 18:00:00,2026-02-17,2026-02-17 15:00:00,2026-02-17 21:00:00,1,21.0,24.0,0.6811765854757089,0.36753390558110793,0.7317399084555621,0.9707826424944637,10.712962962962962,3.54874927251517,5.266666666666667,
t1,rolling,2026-02-16,2026-02-16 18:00:00,2026-02-17,2026-02-17 16:00:00,2026-02-17 22:00:00,1,22.0,24.0,0.6753016706475728,0.4086320264727086,0.730337514649996,0.9672133026613627,11.14814814814815,3.516970907206927,4.766666666666667,
t1,rolling,2026-02-16,2026-02-16 18:00:00,2026-02-17,2026-02-17 17:00:00,2026-02-17 23:00:00,1,23.0,24.0,0.6528889057270301,0.395319534938994,0.7222825481626037,0.9639172601900559,10.879629629629632,2.984700355813255,4.566666666666667,
t1,rolling,2026-02-16,2026-02-16 18:00:00,2026-02-17,2026-02-17 18:00:00,2026-02-18 00:00:00,2,24.0,48.0,0.7344951025430131,0.5483055112506297,0.8279860732676639,0.9732232191232415,11.472222222222223,2.1657761702800893,4.066666666666666,
t1,rolling,2026-02-16,2026-02-16 18:00:00,2026-02-17,2026-02-17 19:00:00,2026-02-18 01:00:00,2,25.0,48.0,0.7442593846880644,0.5437991605516768,0.8311759905093842,0.9765053710595317,11.5,2.0485993408324776,3.6666666666666665,
t1,rolling,2026-02-16,2026-02-16 18:00:00,2026-02-17,2026-02-17 20:00:00,2026-02-18 02:00:00,2,26.0,48.0,0.7407786747784474,0.5430525377149171,0.8302345863451654,0.9761289006995602,11.666666666666666,1.8055555555555556,3.3333333333333335,
t1,rolling,2026-02-16,2026-02-16 18:00:00,2026-02-17,2026-02-17 21:00:00,2026-02-18 03:00:00,2,27.0,48.0,0.770384977874883,0.5592410965521277,0.8650742276256315,0.9794460417618758,12.037037037037038,1.3089003646607527,3.1999999999999997,
t1,rolling,2026-02-16,2026-02-16 18:00:00,2026-02-17,2026-02-17 22:00:00,2026-02-18 04:00:00,2,28.0,48.0,0.7709366902633569,0.5562927541968405,0.8691220299102922,0.9792245412425306,11.916666666666666,0.9464847243000456,3.033333333333333,
t1,rolling,2026-02-16,2026-02-16 18:00:00,2026-02-17,2026-02-17 23:00:00,2026-02-18 05:00:00,2,29.0,48.0,0.8507765474727133,0.6499614006068088,0.9118925146608946,0.9830528235960274,12.101851851851853,0.8829372510549167,2.8333333333333335,
t1,rolling,2026-02-16,2026-02-16 18:00:00,2026-02-17,2026-02-18 00:00:00,2026-02-18 06:00:00,2,30.0,48.0,0.7630189895044477,0.5522044864694103,0.8657512610262131,0.9794007902029849,12.083333333333334,0.8475636834662423,2.6,
t1,rolling,2026-02-16,2026-02-16 18:00:00,2026-02-17,2026-02-18 01:00:00,2026-02-18 07:00:00,2,31.0,48.0,0.7924734809105992,0.5350009300529179,0.8800455032928812,0.9798304642595607,12.083333333333334,0.53214566835189,2.766666666666667,
t1,rolling,2026-02-16,2026-02-16 18:00:00,2026-02-17,2026-02-18 02:00:00,2026-02-18 08:00:00,2,32.0,48.0,0.7894998471447154,0.5808013618844227,0.8921350793528215,0.9812505119467116,12.203703703703704,1.029777833724962,2.733333333333333,
t1,rolling,2026-02-16,2026-02-16 18:00:00,2026-02-17,2026-02-18 03:00:00,2026-02-18 09:00:00,2,33.0,48.0,0.8989324598115003,0.7420101185163271,0.9571856800185682,0.9863630553937657,12.324074074074076,0.3072344448710556,4.066666666666666,
t1,rolling,2026-02-16,2026-02-16 18:00:00,2026-02-17,2026-02-18 04:00:00,2026-02-18 10:00:00,2,34.0,48.0,0.9124219545230013,0.7620229929061995,0.9559521355150912,0.9864479243617343,12.75925925925926,0.6176002276167517,6.033333333333334,
t1,rolling,2026-02-16,2026-02-16 18:00:00,2026-02-17,2026-02-18 05:00:00,2026-02-18 11:00:00,2,35.0,48.0,0.9181627673095308,0.752890431236434,0.9560818654860507,0.9864293212969384,12.462962962962964,1.0230119735088081,8.4,
t1,rolling,2026-02-16,2026-02-16 18:00:00,2026-02-17,2026-02-18 06:00:00,2026-02-18 12:00:00,2,36.0,48.0,0.9219461172054385,0.76002468753433,0.9560818654860507,0.9865028537130073,12.75925925925926,1.0527496820251792,10.566666666666668,
t1,rolling,2026-02-16,2026-02-16 18:00:00,2026-02-17,2026-02-18 07:00:00,2026-02-18 13:00:00,2,37.0,48.0,0.9216108931332977,0.7696026979068064,0.9562277058685577,0.9864505897611547,13.037037037037038,0.9230975319531206,11.833333333333334,
t1,rolling,2026-02-16,2026-02-16 18:00:00,2026-02-17,2026-02-18 08:00:00,2026-02-18 14:00:00,2,38.0,48.0,0.9308112476382817,0.8124325215080612,0.9560103204864708,0.9864265284571322,13.203703703703704,0.7105538904796175,12.766666666666666,
t1,rolling,2026-02-16,2026-02-16 18:00:00,2026-02-17,2026-02-18 09:00:00,2026-02-18 15:00:00,2,39.0,48.0,0.9265871802799535,0.8114145324917393,0.9560103204864708,0.9863085606979182,12.935185185185185,0.6194714327288043,13.1,
t1,rolling,2026-02-16,2026-02-16 18:00:00,2026-02-17,2026-02-18 10:00:00,2026-02-18 16:00:00,2,40.0,48.0,0.9182178554797216,0.7226716639191944,0.955697850394922,0.9863270980631976,12.388888888888891,1.1183790077331885,13.0,
t1,rolling,2026-02-16,2026-02-16 18:00:00,2026-02-17,2026-02-18 11:00:00,2026-02-18 17:00:00,2,41.0,48.0,0.918092452916046,0.7167332292094544,0.9494455602348774,0.9856270463043157,12.00925925925926,1.506757754266144,12.333333333333334,
t1,rolling,2026-02-16,2026-02-16 18:00:00,2026-02-17,2026-02-18 12:00:00,2026-02-18 18:00:00,2,42.0,48.0,0.8452236301008124,0.6374248598772994,0.8712690895681002,0.9788807113710392,11.953703703703702,1.7700206922600663,10.966666666666667,
t1,rolling,2026-02-16,2026-02-16 18:00:00,2026-02-17,2026-02-18 13:00:00,2026-02-18 19:00:00,2,43.0,48.0,0.8229751419468511,0.5697035568643751,0.8245582735297413,0.9760853009210125,11.185185185185185,0.7501714481677442,9.566666666666666,
t1,rolling,2026-02-16,2026-02-16 18:00:00,2026-02-17,2026-02-18 14:00:00,2026-02-18 20:00:00,2,44.0,48.0,0.6961468866170166,0.47176190088108017,0.7126887913101693,0.9657215261826182,10.814814814814817,1.3948022264926336,8.533333333333333,
t1,rolling,2026-02-16,2026-02-16 18:00:00,2026-02-17,2026-02-18 15:00:00,2026-02-18 21:00:00,2,45.0,48.0,0.6971265910801503,0.47131436473798194,0.7023046769040516,0.9626486592392617,10.481481481481483,1.5139101255731,7.733333333333333,
t1,rolling,2026-02-16,2026-02-16 18:00:00,2026-02-17,2026-02-18 16:00:00,2026-02-18 22:00:00,2,46.0,48.0,0.663988656039527,0.4095894113602523,0.6822687915578477,0.9601632636892607,10.333333333333334,1.8081178400360944,7.166666666666667,
t1,rolling,2026-02-16,2026-02-16 18:00:00,2026-02-17,2026-02-18 17:00:00,2026-02-18 23:00:00,2,47.0,48.0,0.6663355571976547,0.4209638491943047,0.67766016459017,0.9594964489829076,10.425925925925926,1.5217896114112415,6.7,
t1,rolling,2026-02-17,2026-02-17 18:00:00,2026-02-18,2026-02-17 18:00:00,2026-02-18 00:00:00,1,0.0,24.0,0.758173342650282,0.5487943489183631,0.7997124898450364,0.9876753529902704,11.203703703703704,2.1228353777795075,4.033333333333333,
t1,rolling,2026-02-17,2026-02-17 18:00:00,2026-02-18,2026-02-17 19:00:00,2026-02-18 01:00:00,1,1.0,24.0,0.7865979627528674,0.5545405019782778,0.8293538770520962,0.9886423188543662,11.685185185185185,1.260246073038537,3.933333333333333,
t1,rolling,2026-02-17,2026-02-17 18:00:00,2026-02-18,2026-02-17 20:00:00,2026-02-18 02:00:00,1,2.0,24.0,0.7698225578469506,0.5616473783163861,0.7980096106612226,0.9882416889607759,11.416666666666666,1.0974859036188007,3.6999999999999997,
t1,rolling,2026-02-17,2026-02-17 18:00:00,2026-02-18,2026-02-17 21:00:00,2026-02-18 03:00:00,1,3.0,24.0,0.7059081548109258,0.4906375339606727,0.7681748434301232,0.9883023044534103,11.435185185185185,1.2793870703271009,3.5666666666666664,
t1,rolling,2026-02-17,2026-02-17 18:00:00,2026-02-18,2026-02-17 22:00:00,2026-02-18 04:00:00,1,4.0,24.0,0.7152979050786084,0.5111793687703251,0.7864144278635816,0.9881074733649937,11.333333333333334,1.1121522899537561,3.366666666666667,
t1,rolling,2026-02-17,2026-02-17 18:00:00,2026-02-18,2026-02-17 23:00:00,2026-02-18 05:00:00,1,5.0,24.0,0.7588328645508449,0.4923013322311321,0.8465837039749017,0.9885052534704859,11.24074074074074,0.5169453648965878,3.233333333333333,
t1,rolling,2026-02-17,2026-02-17 18:00:00,2026-02-18,2026-02-18 00:00:00,2026-02-18 06:00:00,1,6.0,24.0,0.816960860656195,0.5607065658372957,0.8905995767773139,0.9884729531176892,11.814814814814815,0.6176002276167517,3.4333333333333336,
t1,rolling,2026-02-17,2026-02-17 18:00:00,2026-02-18,2026-02-18 01:00:00,2026-02-18 07:00:00,1,7.0,24.0,0.8463060196123948,0.6897668083276493,0.8988835317568785,0.9886249582834135,12.638888888888888,0.8875858504816921,3.4333333333333336,
t1,rolling,2026-02-17,2026-02-17 18:00:00,2026-02-18,2026-02-18 02:00:00,2026-02-18 08:00:00,1,8.0,24.0,0.8751179569057951,0.7163563974057954,0.9183372290973538,0.9887468575272597,13.00925925925926,1.1112268458243157,3.4333333333333336,
t1,rolling,2026-02-17,2026-02-17 18:00:00,2026-02-18,2026-02-18 03:00:00,2026-02-18 09:00:00,1,9.0,24.0,0.9035169537112114,0.741593847345865,0.955022306391726,0.9888042088228174,12.953703703703704,0.7061968505803086,4.3999999999999995,
t1,rolling,2026-02-17,2026-02-17 18:00:00,2026-02-18,2026-02-18 04:00:00,2026-02-18 10:00:00,1,10.0,24.0,0.9073655858120561,0.745282741877764,0.9560214967462899,0.9888808053955749,12.962962962962962,0.5835537502440268,6.400000000000001,
t1,rolling,2026-02-17,2026-02-17 18:00:00,2026-02-18,2026-02-18 05:00:00,2026-02-18 11:00:00,1,11.0,24.0,0.9176338490291052,0.7412296477393886,0.9560103204864708,0.9888263327691353,12.962962962962964,0.7926812861416469,8.5,
t1,rolling,2026-02-17,2026-02-17 18:00:00,2026-02-18,2026-02-18 06:00:00,2026-02-18 12:00:00,1,12.0,24.0,0.9184938126647573,0.7405180684478124,0.9560103204864708,0.9888374943101665,12.981481481481483,0.9363762125997399,9.933333333333334,
t1,rolling,2026-02-17,2026-02-17 18:00:00,2026-02-18,2026-02-18 07:00:00,2026-02-18 13:00:00,1,13.0,24.0,0.9207576864360564,0.7445312530468808,0.9560103204864708,0.988948403307236,13.0,0.9765775461803854,11.233333333333334,
t1,rolling,2026-02-17,2026-02-17 18:00:00,2026-02-18,2026-02-18 08:00:00,2026-02-18 14:00:00,1,14.0,24.0,0.9365010554930036,0.7876991572464003,0.9561630392635619,0.9887428755346512,12.99074074074074,1.6066349056847382,12.333333333333334,
t1,rolling,2026-02-17,2026-02-17 18:00:00,2026-02-18,2026-02-18 09:00:00,2026-02-18 15:00:00,1,15.0,24.0,0.918294946766174,0.7438003740710796,0.956017198881055,0.9889219353416655,12.833333333333334,1.3653561919382784,12.9,
t1,rolling,2026-02-17,2026-02-17 18:00:00,2026-02-18,2026-02-18 10:00:00,2026-02-18 16:00:00,1,16.0,24.0,0.9289066330405463,0.7290191047506076,0.9534046495092019,0.9887148091453001,12.731481481481483,1.122969131713732,12.666666666666666,
t1,rolling,2026-02-17,2026-02-17 18:00:00,2026-02-18,2026-02-18 11:00:00,2026-02-18 17:00:00,1,17.0,24.0,0.916351823806987,0.6897251533180827,0.9545271205299628,0.9882942139281982,12.425925925925926,1.1032126673041838,11.766666666666666,
t1,rolling,2026-02-17,2026-02-17 18:00:00,2026-02-18,2026-02-18 12:00:00,2026-02-18 18:00:00,1,18.0,24.0,0.8679016651539442,0.6193464171774451,0.8976102567490961,0.9879224205364123,11.555555555555557,1.2549285553418346,10.233333333333333,
t1,rolling,2026-02-17,2026-02-17 18:00:00,2026-02-18,2026-02-18 13:00:00,2026-02-18 19:00:00,1,19.0,24.0,0.8141514134465752,0.5212559725373933,0.8391219686488907,0.9884044284486664,10.537037037037038,1.073794663529238,8.933333333333335,
t1,rolling,2026-02-17,2026-02-17 18:00:00,2026-02-18,2026-02-18 14:00:00,2026-02-18 20:00:00,1,20.0,24.0,0.6931799222289062,0.44653065180857227,0.7013821029095368,0.988308347865461,10.444444444444445,1.6501496378087943,8.066666666666666,
t1,rolling,2026-02-17,2026-02-17 18:00:00,2026-02-18,2026-02-18 15:00:00,2026-02-18 21:00:00,1,21.0,24.0,0.6883998077123283,0.3942383194015064,0.6832817830253337,0.9830184302065026,10.314814814814817,1.7946966913636877,7.433333333333334,
t1,rolling,2026-02-17,2026-02-17 18:00:00,2026-02-18,2026-02-18 16:00:00,2026-02-18 22:00:00,1,22.0,24.0,0.6955546828151146,0.44180121352928164,0.7231474986668958,0.9864231313940796,10.314814814814817,1.8258122945635524,6.933333333333334,
t1,rolling,2026-02-17,2026-02-17 18:00:00,2026-02-18,2026-02-18 17:00:00,2026-02-18 23:00:00,1,23.0,24.0,0.66764874731499,0.38899150268594795,0.7037275173994767,0.9770746185386856,10.555555555555555,1.3214166546962545,6.666666666666667,
t1,rolling,2026-02-17,2026-02-17 18:00:00,2026-02-18,2026-02-18 18:00:00,2026-02-19 00:00:00,2,24.0,48.0,0.6782381721799069,0.4207166096461823,0.7173624696231384,0.9769956805633861,10.620370370370372,1.4594131804515547,6.533333333333332,
t1,rolling,2026-02-17,2026-02-17 18:00:00,2026-02-18,2026-02-18 19:00:00,2026-02-19 01:00:00,2,25.0,48.0,0.6567564359105771,0.35619468146368727,0.6966265783761121,0.9743570631773175,10.787037037037038,1.7981328908076055,6.099999999999999,
t1,rolling,2026-02-17,2026-02-17 18:00:00,2026-02-18,2026-02-18 20:00:00,2026-02-19 02:00:00,2,26.0,48.0,0.661666660994707,0.3636818119743732,0.7021341556902574,0.974948204307741,10.962962962962964,1.7735047025709159,5.566666666666666,
t1,rolling,2026-02-17,2026-02-17 18:00:00,2026-02-18,2026-02-18 21:00:00,2026-02-19 03:00:00,2,27.0,48.0,0.6462207508265476,0.40471881072180843,0.6730290420847858,0.9750573862971047,10.851851851851853,1.5556382253164922,5.266666666666667,
t1,rolling,2026-02-17,2026-02-17 18:00:00,2026-02-18,2026-02-18 22:00:00,2026-02-19 04:00:00,2,28.0,48.0,0.6844195044119046,0.36671448023823716,0.6909338779812321,0.9739509075452585,10.916666666666666,2.1806882479088805,5.1000000000000005,
t1,rolling,2026-02-17,2026-02-17 18:00:00,2026-02-18,2026-02-18 23:00:00,2026-02-19 05:00:00,2,29.0,48.0,0.6507390609103961,0.3332699543292199,0.703156046145992,0.9675335680468705,10.5,1.9592688860647054,5.133333333333334,
t1,rolling,2026-02-17,2026-02-17 18:00:00,2026-02-18,2026-02-19 00:00:00,2026-02-19 06:00:00,2,30.0,48.0,0.6441308626809308,0.3391919771629456,0.6923856828627573,0.9744422613164775,11.25925925925926,1.9453040427989758,5.1000000000000005,
t1,rolling,2026-02-17,2026-02-17 18:00:00,2026-02-18,2026-02-19 01:00:00,2026-02-19 07:00:00,2,31.0,48.0,0.6099730632029725,0.3413236688093973,0.6580092430692152,0.9719724952219524,10.796296296296298,1.409385792732849,5.0,
t1,rolling,2026-02-17,2026-02-17 18:00:00,2026-02-18,2026-02-19 02:00:00,2026-02-19 08:00:00,2,32.0,48.0,0.5946640059963585,0.3310678695370624,0.6338835703238489,0.9708383087449788,10.75,1.2677748563604467,4.933333333333334,
t1,rolling,2026-02-17,2026-02-17 18:00:00,2026-02-18,2026-02-19 03:00:00,2026-02-19 09:00:00,2,33.0,48.0,0.5946364848043315,0.358296722289373,0.6539392638434464,0.964608728236377,10.370370370370372,0.9703686033345513,6.066666666666667,
t1,rolling,2026-02-17,2026-02-17 18:00:00,2026-02-18,2026-02-19 04:00:00,2026-02-19 10:00:00,2,34.0,48.0,0.669624341150477,0.3978715750393621,0.683393832169764,0.9649861289262474,10.425925925925926,1.2179006088364164,7.933333333333333,
t1,rolling,2026-02-17,2026-02-17 18:00:00,2026-02-18,2026-02-19 05:00:00,2026-02-19 11:00:00,2,35.0,48.0,0.6997878183888904,0.3298072944740519,0.6901417688279184,0.9578373879706868,9.879629629629632,1.1332289349156424,9.966666666666667,
t1,rolling,2026-02-17,2026-02-17 18:00:00,2026-02-18,2026-02-19 06:00:00,2026-02-19 12:00:00,2,36.0,48.0,0.49115773353305,0.1679767099192363,0.5040407275997439,0.8538436621178169,8.740740740740742,2.452060945543246,11.366666666666667,
t1,rolling,2026-02-17,2026-02-17 18:00:00,2026-02-18,2026-02-19 07:00:00,2026-02-19 13:00:00,2,37.0,48.0,0.3665788927265344,0.06330220397401466,0.3541399930059828,0.7808152460202352,7.7592592592592595,2.4064813033502848,12.799999999999999,
t1,rolling,2026-02-17,2026-02-17 18:00:00,2026-02-18,2026-02-19 08:00:00,2026-02-19 14:00:00,2,38.0,48.0,0.3007673708742506,0.05972169654736719,0.23191946342646155,0.6986242639110486,6.851851851851852,1.9847670925130316,14.0,
t1,rolling,2026-02-17,2026-02-17 18:00:00,2026-02-18,2026-02-19 09:00:00,2026-02-19 15:00:00,2,39.0,48.0,0.2871239664742276,0.043976797214228994,0.23053930669647724,0.660236350832088,6.166666666666667,1.7751717009633838,14.600000000000001,
t1,rolling,2026-02-17,2026-02-17 18:00:00,2026-02-18,2026-02-19 10:00:00,2026-02-19 16:00:00,2,40.0,48.0,0.2692532978345443,0.028366958968317386,0.21805816937927722,0.6215366059757941,5.842592592592593,1.5960341797344628,14.466666666666667,
t1,rolling,2026-02-17,2026-02-17 18:00:00,2026-02-18,2026-02-19 11:00:00,2026-02-19 17:00:00,2,41.0,48.0,0.23946654211302285,0.016240858502224592,0.13243215899922692,0.5294970921696922,5.592592592592593,1.6235946756447228,13.799999999999999,
t1,rolling,2026-02-17,2026-02-17 18:00:00,2026-02-18,2026-02-19 12:00:00,2026-02-19 18:00:00,2,42.0,48.0,0.19526308708371953,0.014547954312523903,0.1045965292081946,0.4940391352907834,5.962962962962963,2.1119028729692966,11.766666666666666,
t1,rolling,2026-02-17,2026-02-17 18:00:00,2026-02-18,2026-02-19 13:00:00,2026-02-19 19:00:00,2,43.0,48.0,0.16064436295522025,0.011005730931681548,0.09163785192208002,0.4426214726718476,5.953703703703705,2.696782109265776,9.933333333333334,
t1,rolling,2026-02-17,2026-02-17 18:00:00,2026-02-18,2026-02-19 14:00:00,2026-02-19 20:00:00,2,44.0,48.0,0.12784959947192398,0.008694109975121817,0.06034276582414844,0.37725788108122693,5.268518518518519,3.7567155232508287,8.466666666666667,
t1,rolling,2026-02-17,2026-02-17 18:00:00,2026-02-18,2026-02-19 15:00:00,2026-02-19 21:00:00,2,45.0,48.0,0.0812141996986855,0.007636386463018555,0.041160908443570156,0.27764599876425505,4.592592592592593,3.6667017394506654,7.666666666666667,
t1,rolling,2026-02-17,2026-02-17 18:00:00,2026-02-18,2026-02-19 16:00:00,2026-02-19 22:00:00,2,46.0,48.0,0.07863309228811018,0.007693413206081888,0.037364052592652734,0.24384602523221552,3.6203703703703702,3.2373130020513967,6.833333333333333,
t1,rolling,2026-02-17,2026-02-17 18:00:00,2026-02-18,2026-02-19 17:00:00,2026-02-19 23:00:00,2,47.0,48.0,0.08272756962436081,0.009849057857793915,0.03249720070702215,0.24401335893072612,4.055555555555555,2.852197549995009,6.7,
t1,rolling,2026-02-18,2026-02-18 18:00:00,2026-02-19,2026-02-18 18:00:00,2026-02-19 00:00:00,1,0.0,24.0,0.7151843738697364,0.4420190824667585,0.7406461451584435,0.9867610361709236,11.00925925925926,1.2833012662339642,6.366666666666666,
t1,rolling,2026-02-18,2026-02-18 18:00:00,2026-02-19,2026-02-18 19:00:00,2026-02-19 01:00:00,1,1.0,24.0,0.7245553734288452,0.40994558922247937,0.7734210129810569,0.9859557616615324,11.305555555555555,1.002696980432225,6.166666666666667,
t1,rolling,2026-02-18,2026-02-18 18:00:00,2026-02-19,2026-02-18 20:00:00,2026-02-19 02:00:00,1,2.0,24.0,0.7053743412156729,0.41770846948469254,0.7391785927853494,0.9782540529844218,11.24074074074074,0.9786822416091714,5.866666666666667,
t1,rolling,2026-02-18,2026-02-18 18:00:00,2026-02-19,2026-02-18 21:00:00,2026-02-19 03:00:00,1,3.0,24.0,0.6606996457520823,0.34082526243065303,0.7270991903476913,0.9752165455355861,11.425925925925926,1.4300385617408518,5.633333333333333,
t1,rolling,2026-02-18,2026-02-18 18:00:00,2026-02-19,2026-02-18 22:00:00,2026-02-19 04:00:00,1,4.0,24.0,0.6423859135815194,0.3223296852596744,0.7032397968411858,0.9742356002544366,11.231481481481481,1.3337190800022842,5.233333333333333,
t1,rolling,2026-02-18,2026-02-18 18:00:00,2026-02-19,2026-02-18 23:00:00,2026-02-19 05:00:00,1,5.0,24.0,0.6087180799667532,0.3059934033182042,0.6637664923942906,0.9507885738377525,10.953703703703704,1.3153689494780652,5.1,
t1,rolling,2026-02-18,2026-02-18 18:00:00,2026-02-19,2026-02-19 00:00:00,2026-02-19 06:00:00,1,6.0,24.0,0.49792980335151116,0.2733478535001304,0.5676987600753371,0.8894887100132005,9.925925925925927,0.7936541005222116,4.833333333333333,
t1,rolling,2026-02-18,2026-02-18 18:00:00,2026-02-19,2026-02-19 01:00:00,2026-02-19 07:00:00,1,7.0,24.0,0.42152151897727663,0.2566888029596686,0.4902334109869281,0.8688369148156083,9.314814814814815,0.9301754336943968,4.7,
t1,rolling,2026-02-18,2026-02-18 18:00:00,2026-02-19,2026-02-19 02:00:00,2026-02-19 08:00:00,1,8.0,24.0,0.40910595259023724,0.17677206080768162,0.41921063630614835,0.8312249153208843,9.231481481481481,2.1376860494681007,4.566666666666666,
t1,rolling,2026-02-18,2026-02-18 18:00:00,2026-02-19,2026-02-19 03:00:00,2026-02-19 09:00:00,1,9.0,24.0,0.3384026579820769,0.08434632156297187,0.29348914464541814,0.7673417700889047,8.435185185185185,2.0713234074948828,5.566666666666666,
t1,rolling,2026-02-18,2026-02-18 18:00:00,2026-02-19,2026-02-19 04:00:00,2026-02-19 10:00:00,1,10.0,24.0,0.46457554694125525,0.09566445129541729,0.3938521000436378,0.8387987819451241,8.277777777777779,2.2640166971421105,7.3,
t1,rolling,2026-02-18,2026-02-18 18:00:00,2026-02-19,2026-02-19 05:00:00,2026-02-19 11:00:00,1,11.0,24.0,0.548508707044911,0.1223530310057171,0.4842734875269115,0.8470972887212821,8.185185185185185,1.8899778995811956,9.4,
t1,rolling,2026-02-18,2026-02-18 18:00:00,2026-02-19,2026-02-19 06:00:00,2026-02-19 12:00:00,1,12.0,24.0,0.380936675285159,0.07442865818332162,0.38661046764419205,0.7899919473738339,7.666666666666668,2.661598192491047,11.5,
t1,rolling,2026-02-18,2026-02-18 18:00:00,2026-02-19,2026-02-19 07:00:00,2026-02-19 13:00:00,1,13.0,24.0,0.35353681008222554,0.06498653329727087,0.307302435001017,0.7600450173905944,7.2592592592592595,1.861180208778109,13.200000000000001,
t1,rolling,2026-02-18,2026-02-18 18:00:00,2026-02-19,2026-02-19 08:00:00,2026-02-19 14:00:00,1,14.0,24.0,0.335732921664158,0.04481101740610464,0.2952581371704606,0.7488996953718308,6.870370370370371,1.4153952173860056,14.166666666666666,
t1,rolling,2026-02-18,2026-02-18 18:00:00,2026-02-19,2026-02-19 09:00:00,2026-02-19 15:00:00,1,15.0,24.0,0.2718133821971788,0.03623717735538141,0.20128860634363704,0.6576296609268333,6.435185185185186,1.4490666784807138,14.4,
t1,rolling,2026-02-18,2026-02-18 18:00:00,2026-02-19,2026-02-19 10:00:00,2026-02-19 16:00:00,1,16.0,24.0,0.2538176941287867,0.029327875017126723,0.1688617127816966,0.6293930256198058,5.953703703703703,1.0944350441408666,14.299999999999999,
t1,rolling,2026-02-18,2026-02-18 18:00:00,2026-02-19,2026-02-19 11:00:00,2026-02-19 17:00:00,1,17.0,24.0,0.22055839888472994,0.022499537914034765,0.14156891796166962,0.5694523184965193,6.0092592592592595,0.8251137843968225,13.5,
t1,rolling,2026-02-18,2026-02-18 18:00:00,2026-02-19,2026-02-19 12:00:00,2026-02-19 18:00:00,1,18.0,24.0,0.15480537804061797,0.016170707234737045,0.0869151093011969,0.4354692527407564,5.787037037037037,1.070916495305631,11.466666666666667,
t1,rolling,2026-02-18,2026-02-18 18:00:00,2026-02-19,2026-02-19 13:00:00,2026-02-19 19:00:00,1,19.0,24.0,0.13448594731014282,0.010874011075936664,0.06994552812336065,0.3512922371518641,5.25,1.6944444444444444,9.700000000000001,
t1,rolling,2026-02-18,2026-02-18 18:00:00,2026-02-19,2026-02-19 14:00:00,2026-02-19 20:00:00,1,20.0,24.0,0.08405588018785039,0.009051080615677325,0.03099186901628463,0.24820636332428184,3.9629629629629632,3.031258617568677,8.5,
t1,rolling,2026-02-18,2026-02-18 18:00:00,2026-02-19,2026-02-19 15:00:00,2026-02-19 21:00:00,1,21.0,24.0,0.0953898514234878,0.009254100657666763,0.027741899943549017,0.2669112467988632,2.5462962962962963,3.3743235871477846,7.833333333333333,
t1,rolling,2026-02-18,2026-02-18 18:00:00,2026-02-19,2026-02-19 16:00:00,2026-02-19 22:00:00,1,22.0,24.0,0.11494749957904693,0.009559508246749112,0.04582900049231665,0.3480014550304431,3.1944444444444446,1.7587962353640814,7.766666666666667,
t1,rolling,2026-02-18,2026-02-18 18:00:00,2026-02-19,2026-02-19 17:00:00,2026-02-19 23:00:00,1,23.0,24.0,0.18821162117983328,0.01326651510058642,0.08159542535257393,0.48974904066374675,5.5555555555555545,0.7206178761707135,7.666666666666667,
t1,rolling,2026-02-18,2026-02-18 18:00:00,2026-02-19,2026-02-19 18:00:00,2026-02-20 00:00:00,2,24.0,48.0,0.12303132369853005,0.011048164593989638,0.07119809495168032,0.4305404840497052,4.722222222222222,1.2586123065787993,6.6000000000000005,
t1,rolling,2026-02-18,2026-02-18 18:00:00,2026-02-19,2026-02-19 19:00:00,2026-02-20 01:00:00,2,25.0,48.0,0.22366449105566832,0.012031235998648547,0.1242292816377393,0.6564643249189166,5.518518518518519,1.0658609997471025,6.366666666666667,
t1,rolling,2026-02-18,2026-02-18 18:00:00,2026-02-19,2026-02-19 20:00:00,2026-02-20 02:00:00,2,26.0,48.0,0.27535425844368033,0.011614752040370541,0.1368160469896608,0.7720151719399116,5.685185185185186,2.806288866393852,6.133333333333333,
t1,rolling,2026-02-18,2026-02-18 18:00:00,2026-02-19,2026-02-19 21:00:00,2026-02-20 03:00:00,2,27.0,48.0,0.2561223045075149,0.012743353110328728,0.16134811675928437,0.810184740734953,5.916666666666667,3.9642499640887654,6.233333333333334,
t1,rolling,2026-02-18,2026-02-18 18:00:00,2026-02-19,2026-02-19 22:00:00,2026-02-20 04:00:00,2,28.0,48.0,0.3001796100079495,0.029762421867688335,0.22039204091400702,0.8209522445258765,6.037037037037037,5.016510805174869,6.433333333333334,
t1,rolling,2026-02-18,2026-02-18 18:00:00,2026-02-19,2026-02-19 23:00:00,2026-02-20 05:00:00,2,29.0,48.0,0.3862917064316227,0.03476034088130666,0.30478834147690026,0.8756059694131976,6.935185185185186,4.645149910979543,6.966666666666666,
t1,rolling,2026-02-18,2026-02-18 18:00:00,2026-02-19,2026-02-20 00:00:00,2026-02-20 06:00:00,2,30.0,48.0,0.4369250477022847,0.030525701842989448,0.3769172932645701,0.882321587089147,7.064814814814814,3.0085184273279792,6.733333333333333,
t1,rolling,2026-02-18,2026-02-18 18:00:00,2026-02-19,2026-02-20 01:00:00,2026-02-20 07:00:00,2,31.0,48.0,0.42353777615785765,0.042064420743701925,0.35949989386391557,0.8956639022584376,7.657407407407408,2.9318827080890824,6.633333333333333,
t1,rolling,2026-02-18,2026-02-18 18:00:00,2026-02-19,2026-02-20 02:00:00,2026-02-20 08:00:00,2,32.0,48.0,0.3759431422939105,0.031226048260763303,0.29187037215956163,0.8621627261980889,7.6759259259259265,2.9350391364529176,6.466666666666666,
t1,rolling,2026-02-18,2026-02-18 18:00:00,2026-02-19,2026-02-20 03:00:00,2026-02-20 09:00:00,2,33.0,48.0,0.3215233286708963,0.011935849449999307,0.23619723657924097,0.804935321629156,7.092592592592593,3.238147110280651,7.433333333333334,
t1,rolling,2026-02-18,2026-02-18 18:00:00,2026-02-19,2026-02-20 04:00:00,2026-02-20 10:00:00,2,34.0,48.0,0.29031457845963654,0.007781758390439751,0.1956368020466492,0.7794572888206249,6.111111111111112,3.3902547338649685,9.333333333333334,
t1,rolling,2026-02-18,2026-02-18 18:00:00,2026-02-19,2026-02-20 05:00:00,2026-02-20 11:00:00,2,35.0,48.0,0.19792049253724087,0.007901706372411282,0.17705699876464834,0.5721653499020097,4.4907407407407405,2.7499064705381926,11.133333333333333,
t1,rolling,2026-02-18,2026-02-18 18:00:00,2026-02-19,2026-02-20 06:00:00,2026-02-20 12:00:00,2,36.0,48.0,0.15237988158331847,0.01209897824918565,0.08921512505049607,0.3930533329542236,5.1759259259259265,0.30723444487105644,12.633333333333333,
t1,rolling,2026-02-18,2026-02-18 18:00:00,2026-02-19,2026-02-20 07:00:00,2026-02-20 13:00:00,2,37.0,48.0,0.08771196024096091,0.009442946497440124,0.04002765773825754,0.2434565376614084,4.212962962962963,0.451620311046563,13.5,
t1,rolling,2026-02-18,2026-02-18 18:00:00,2026-02-19,2026-02-20 08:00:00,2026-02-20 14:00:00,2,38.0,48.0,0.08108773565984527,0.00880438182613712,0.03831655601716511,0.21790863763097237,3.4907407407407405,0.8297763593790574,14.133333333333335,
t1,rolling,2026-02-18,2026-02-18 18:00:00,2026-02-19,2026-02-20 09:00:00,2026-02-20 15:00:00,2,39.0,48.0,0.07987773943848354,0.008922102071963277,0.023276723662583616,0.1993322432623953,2.7314814814814814,1.379225643064106,14.4,
t1,rolling,2026-02-18,2026-02-18 18:00:00,2026-02-19,2026-02-20 10:00:00,2026-02-20 16:00:00,2,40.0,48.0,0.09565218214165261,0.009331443383912265,0.036865835678081674,0.2703453250234851,2.4722222222222223,0.9477067838462211,14.066666666666668,
t1,rolling,2026-02-18,2026-02-18 18:00:00,2026-02-19,2026-02-20 11:00:00,2026-02-20 17:00:00,2,41.0,48.0,0.14194265909294437,0.013079171371582597,0.056044839707322346,0.32781906657118975,3.2870370370370368,1.836347130009194,13.0,
t1,rolling,2026-02-18,2026-02-18 18:00:00,2026-02-19,2026-02-20 12:00:00,2026-02-20 18:00:00,2,42.0,48.0,0.2017931895954536,0.021524285997446952,0.13742409407297485,0.5695179915530093,2.527777777777778,0.847563683466242,11.666666666666666,
t1,rolling,2026-02-18,2026-02-18 18:00:00,2026-02-19,2026-02-20 13:00:00,2026-02-20 19:00:00,2,43.0,48.0,0.3724683127285127,0.028893481299679506,0.2666748193069805,0.8451612372148961,5.703703703703705,4.667107562946801,10.299999999999999,
t1,rolling,2026-02-18,2026-02-18 18:00:00,2026-02-19,2026-02-20 14:00:00,2026-02-20 20:00:00,2,44.0,48.0,0.5281067697295292,0.08604052752994898,0.45418020713824925,0.9621670228544849,8.222222222222223,5.819295277854889,9.633333333333333,
t1,rolling,2026-02-18,2026-02-18 18:00:00,2026-02-19,2026-02-20 15:00:00,2026-02-20 21:00:00,2,45.0,48.0,0.6464995962899839,0.1729255449980885,0.6019191463127695,0.9666653771687599,9.981481481481481,5.53832977600819,9.1,
t1,rolling,2026-02-18,2026-02-18 18:00:00,2026-02-19,2026-02-20 16:00:00,2026-02-20 22:00:00,2,46.0,48.0,0.716031247416989,0.2924420769119858,0.7627192894946855,0.9840717075565836,11.435185185185185,4.095063775462219,8.166666666666666,
t1,rolling,2026-02-18,2026-02-18 18:00:00,2026-02-19,2026-02-20 17:00:00,2026-02-20 23:00:00,2,47.0,48.0,0.721234992221656,0.3740416520836719,0.792152975197748,0.9853647635592283,11.712962962962962,2.9587354099914793,7.566666666666666,
t1,rolling,2026-02-19,2026-02-19 18:00:00,2026-02-20,2026-02-19 18:00:00,2026-02-20 00:00:00,1,0.0,24.0,0.2794564299300325,0.02202037735510125,0.2558796075042896,0.7611789050235108,6.787037037037038,2.0454581826463074,7.666666666666667,
t1,rolling,2026-02-19,2026-02-19 18:00:00,2026-02-20,2026-02-19 19:00:00,2026-02-20 01:00:00,1,1.0,24.0,0.2926445598297466,0.015956659747693155,0.21629117732499134,0.7869853391371808,6.7407407407407405,3.43999862426999,7.599999999999999,
t1,rolling,2026-02-19,2026-02-19 18:00:00,2026-02-20,2026-02-19 20:00:00,2026-02-20 02:00:00,1,2.0,24.0,0.2722468489393068,0.016337732401720886,0.2213464080981736,0.7209066089764611,5.87037037037037,4.339412876787174,7.966666666666666,
t1,rolling,2026-02-19,2026-02-19 18:00:00,2026-02-20,2026-02-19 21:00:00,2026-02-20 03:00:00,1,3.0,24.0,0.3370049775723398,0.022181892981653656,0.2940518900722607,0.7501023007408834,5.962962962962963,3.831454182456496,8.299999999999999,
t1,rolling,2026-02-19,2026-02-19 18:00:00,2026-02-20,2026-02-19 22:00:00,2026-02-20 04:00:00,1,4.0,24.0,0.3672736687836903,0.02941729506172185,0.31310539171580853,0.7958602863247332,6.287037037037037,3.3196865710547363,8.1,
t1,rolling,2026-02-19,2026-02-19 18:00:00,2026-02-20,2026-02-19 23:00:00,2026-02-20 05:00:00,1,5.0,24.0,0.40321441725973206,0.043894419211421475,0.34454666111716525,0.8159969325753493,6.407407407407407,2.9247682895103164,7.633333333333334,
t1,rolling,2026-02-19,2026-02-19 18:00:00,2026-02-20,2026-02-20 00:00:00,2026-02-20 06:00:00,1,6.0,24.0,0.4821640022103063,0.07659591958219815,0.4679462155753154,0.883487736166714,7.601851851851852,1.6560619409500883,7.533333333333334,
t1,rolling,2026-02-19,2026-02-19 18:00:00,2026-02-20,2026-02-20 01:00:00,2026-02-20 07:00:00,1,7.0,24.0,0.5317913362979009,0.07863662390298276,0.5477596278785177,0.9357145637911846,8.194444444444445,1.5002571795989756,7.566666666666667,
t1,rolling,2026-02-19,2026-02-19 18:00:00,2026-02-20,2026-02-20 02:00:00,2026-02-20 08:00:00,1,8.0,24.0,0.5258200760051621,0.07579940539812419,0.5514524111528992,0.9380984088190936,8.666666666666666,1.6729049916570606,7.633333333333333,
t1,rolling,2026-02-19,2026-02-19 18:00:00,2026-02-20,2026-02-20 03:00:00,2026-02-20 09:00:00,1,9.0,24.0,0.49537794819099373,0.07313681960473209,0.5250783139109786,0.913862482610706,8.574074074074074,1.545686284643484,8.433333333333334,
t1,rolling,2026-02-19,2026-02-19 18:00:00,2026-02-20,2026-02-20 04:00:00,2026-02-20 10:00:00,1,10.0,24.0,0.4124765979007358,0.041275397131325234,0.4412153013572897,0.8596001846591332,7.935185185185186,1.2501028764250135,10.1,
t1,rolling,2026-02-19,2026-02-19 18:00:00,2026-02-20,2026-02-20 05:00:00,2026-02-20 11:00:00,1,11.0,24.0,0.3061582686436797,0.03596923652270961,0.29305154221146273,0.7214545280713583,6.712962962962963,1.0039787104459965,11.700000000000001,
t1,rolling,2026-02-19,2026-02-19 18:00:00,2026-02-20,2026-02-20 06:00:00,2026-02-20 12:00:00,1,12.0,24.0,0.2485151910979938,0.022669418864776712,0.23159017931946513,0.6944372667023376,6.981481481481481,0.9062256098605237,12.133333333333333,
t1,rolling,2026-02-19,2026-02-19 18:00:00,2026-02-20,2026-02-20 07:00:00,2026-02-20 13:00:00,1,13.0,24.0,0.23030768038736213,0.016076881963808357,0.19611849449889035,0.6032408132880531,6.398148148148149,0.8581190551183452,13.200000000000001,
t1,rolling,2026-02-19,2026-02-19 18:00:00,2026-02-20,2026-02-20 08:00:00,2026-02-20 14:00:00,1,14.0,24.0,0.18693239652964416,0.012010577842822013,0.13908880858026343,0.4941072201910953,5.6944444444444455,0.7949493345141216,13.866666666666667,
t1,rolling,2026-02-19,2026-02-19 18:00:00,2026-02-20,2026-02-20 09:00:00,2026-02-20 15:00:00,1,15.0,24.0,0.14552030267385715,0.011069443298800379,0.10086998429645036,0.4131137927544595,5.157407407407407,0.42157601621600804,13.933333333333335,
t1,rolling,2026-02-19,2026-02-19 18:00:00,2026-02-20,2026-02-20 10:00:00,2026-02-20 16:00:00,1,16.0,24.0,0.1060568280745819,0.012298715069745213,0.06524149034892728,0.3135701693093339,4.833333333333334,0.16896562584161742,13.466666666666667,
t1,rolling,2026-02-19,2026-02-19 18:00:00,2026-02-20,2026-02-20 11:00:00,2026-02-20 17:00:00,1,17.0,24.0,0.09258507909078724,0.00905472677014727,0.05740659605608423,0.27143783884989375,4.481481481481482,0.6213370025854678,12.4,
t1,rolling,2026-02-19,2026-02-19 18:00:00,2026-02-20,2026-02-20 12:00:00,2026-02-20 18:00:00,1,18.0,24.0,0.12386544724211994,0.00980894082751206,0.0674883647317964,0.3153542700470563,3.611111111111112,1.167658308721317,11.033333333333333,
t1,rolling,2026-02-19,2026-02-19 18:00:00,2026-02-20,2026-02-20 13:00:00,2026-02-20 19:00:00,1,19.0,24.0,0.2082751839621399,0.011522773397273088,0.1172929367073184,0.5390646019307583,2.8518518518518525,1.3755844249947242,9.299999999999999,
t1,rolling,2026-02-19,2026-02-19 18:00:00,2026-02-20,2026-02-20 14:00:00,2026-02-20 20:00:00,1,20.0,24.0,0.2595806167101482,0.022622431374472445,0.15425437833929656,0.6525491497129908,5.5740740740740735,2.685312896068955,8.466666666666667,
t1,rolling,2026-02-19,2026-02-19 18:00:00,2026-02-20,2026-02-20 15:00:00,2026-02-20 21:00:00,1,21.0,24.0,0.3739196740552411,0.028097428488080285,0.3060221187914672,0.8088665369002254,7.092592592592593,4.824091846132046,7.566666666666667,
t1,rolling,2026-02-19,2026-02-19 18:00:00,2026-02-20,2026-02-20 16:00:00,2026-02-20 22:00:00,1,22.0,24.0,0.504897126327005,0.06329648348658147,0.44206066096059404,0.9077978324079742,7.990740740740741,6.308328644582956,7.266666666666667,
t1,rolling,2026-02-19,2026-02-19 18:00:00,2026-02-20,2026-02-20 17:00:00,2026-02-20 23:00:00,1,23.0,24.0,0.587559093550977,0.14280010286692962,0.538130119847672,0.9522063589696926,9.222222222222223,5.966211445494174,7.133333333333333,
t1,rolling,2026-02-19,2026-02-19 18:00:00,2026-02-20,2026-02-20 18:00:00,2026-02-21 00:00:00,2,24.0,48.0,0.6703044049665744,0.28136060724828665,0.6902685444390679,0.9745710773228962,10.74074074074074,2.8404503931971767,6.766666666666666,
t1,rolling,2026-02-19,2026-02-19 18:00:00,2026-02-20,2026-02-20 19:00:00,2026-02-21 01:00:00,2,25.0,48.0,0.6638981831347888,0.3919985434266274,0.7128805644290945,0.9781224058020532,10.907407407407407,1.922562055166771,6.333333333333333,
t1,rolling,2026-02-19,2026-02-19 18:00:00,2026-02-20,2026-02-20 20:00:00,2026-02-21 02:00:00,2,26.0,48.0,0.6561628934756182,0.41375013697622953,0.6879098071640888,0.9750533830929309,10.91666666666667,1.6168480234283615,5.933333333333333,
t1,rolling,2026-02-19,2026-02-19 18:00:00,2026-02-20,2026-02-20 21:00:00,2026-02-21 03:00:00,2,27.0,48.0,0.619103317245456,0.3618478187435447,0.6512982601403259,0.9668389735776732,10.518518518518519,1.1534748004297009,5.633333333333333,
t1,rolling,2026-02-19,2026-02-19 18:00:00,2026-02-20,2026-02-20 22:00:00,2026-02-21 04:00:00,2,28.0,48.0,0.5548028771132546,0.3465914016041295,0.6044420407536467,0.9557863083957899,10.166666666666666,0.7489704868173758,5.366666666666667,
t1,rolling,2026-02-19,2026-02-19 18:00:00,2026-02-20,2026-02-20 23:00:00,2026-02-21 05:00:00,2,29.0,48.0,0.5390918743201889,0.3360890655606261,0.5812846453339978,0.9515822012083475,9.824074074074074,0.5228817742035365,5.166666666666667,
t1,rolling,2026-02-19,2026-02-19 18:00:00,2026-02-20,2026-02-21 00:00:00,2026-02-21 06:00:00,2,30.0,48.0,0.5336548343793088,0.2977574030785484,0.5693611437483782,0.9494316710818499,9.935185185185185,0.3394500514782111,5.066666666666666,
t1,rolling,2026-02-19,2026-02-19 18:00:00,2026-02-20,2026-02-21 01:00:00,2026-02-21 07:00:00,2,31.0,48.0,0.5259824934663191,0.23128790326244564,0.5320053306403235,0.9503408523595855,9.814814814814815,0.5888190035401717,5.366666666666667,
t1,rolling,2026-02-19,2026-02-19 18:00:00,2026-02-20,2026-02-21 02:00:00,2026-02-21 08:00:00,2,32.0,48.0,0.4653341780375113,0.1974501597580418,0.44325148315646645,0.9144762904340816,9.694444444444445,1.473008175951428,5.633333333333333,
t1,rolling,2026-02-19,2026-02-19 18:00:00,2026-02-20,2026-02-21 03:00:00,2026-02-21 09:00:00,2,33.0,48.0,0.4097208994683377,0.12959687827389987,0.38656804487057167,0.7889108974944896,8.870370370370372,1.5962758871256963,6.366666666666667,
t1,rolling,2026-02-19,2026-02-19 18:00:00,2026-02-20,2026-02-21 04:00:00,2026-02-21 10:00:00,2,34.0,48.0,0.32646305781044815,0.02747148327567416,0.24723586926261282,0.6372018310882633,6.287037037037038,2.5528870931335894,7.633333333333333,
t1,rolling,2026-02-19,2026-02-19 18:00:00,2026-02-20,2026-02-21 05:00:00,2026-02-21 11:00:00,2,35.0,48.0,0.4234195669928595,0.036101094532495416,0.37538811466051497,0.874306975560587,6.027777777777779,3.3642088571561524,8.5,
t1,rolling,2026-02-19,2026-02-19 18:00:00,2026-02-20,2026-02-21 06:00:00,2026-02-21 12:00:00,2,36.0,48.0,0.5673247395531951,0.12348540049701204,0.5364746309458492,0.9551787539519396,8.824074074074074,3.8036626814478027,9.1,
t1,rolling,2026-02-19,2026-02-19 18:00:00,2026-02-20,2026-02-21 07:00:00,2026-02-21 13:00:00,2,37.0,48.0,0.7082261128524359,0.23623123247190825,0.7703834152403045,0.9601670484798036,10.194444444444445,3.909864068869535,9.433333333333332,
t1,rolling,2026-02-19,2026-02-19 18:00:00,2026-02-20,2026-02-21 08:00:00,2026-02-21 14:00:00,2,38.0,48.0,0.7061934537900154,0.3292643978303982,0.7493984844488989,0.9692180901951986,12.361111111111112,3.1550713634784824,8.9,
t1,rolling,2026-02-19,2026-02-19 18:00:00,2026-02-20,2026-02-21 09:00:00,2026-02-21 15:00:00,2,39.0,48.0,0.6046722386546657,0.24560984397821004,0.6880704868073626,0.9409495879569549,11.925925925925926,4.045872509377912,8.533333333333333,
t1,rolling,2026-02-19,2026-02-19 18:00:00,2026-02-20,2026-02-21 10:00:00,2026-02-21 16:00:00,2,40.0,48.0,0.5567886365653018,0.14349852215858977,0.5821638904391248,0.8997832954845594,9.75925925925926,2.425643183975557,8.233333333333334,
t1,rolling,2026-02-19,2026-02-19 18:00:00,2026-02-20,2026-02-21 11:00:00,2026-02-21 17:00:00,2,41.0,48.0,0.4429095136966568,0.16916771625606095,0.44798456811841963,0.7945994281845212,8.907407407407407,2.0354370821094765,7.599999999999999,
t1,rolling,2026-02-19,2026-02-19 18:00:00,2026-02-20,2026-02-21 12:00:00,2026-02-21 18:00:00,2,42.0,48.0,0.3857226221023992,0.06911430448082354,0.33128253379980394,0.7363714048233854,7.5,2.4057864913527363,6.2,
t1,rolling,2026-02-19,2026-02-19 18:00:00,2026-02-20,2026-02-21 13:00:00,2026-02-21 19:00:00,2,43.0,48.0,0.4665669468923442,0.0698485232448496,0.3827520526507641,0.7997688549492642,6.6759259259259265,2.5715581896262325,5.966666666666666,
t1,rolling,2026-02-19,2026-02-19 18:00:00,2026-02-20,2026-02-21 14:00:00,2026-02-21 20:00:00,2,44.0,48.0,0.5339691917036866,0.10149546455218435,0.5409210227745811,0.8481783920195175,6.8240740740740735,0.7769506183628956,5.866666666666667,
t1,rolling,2026-02-19,2026-02-19 18:00:00,2026-02-20,2026-02-21 15:00:00,2026-02-21 21:00:00,2,45.0,48.0,0.561653910454696,0.14577824157626706,0.5842004044586141,0.9728279372593515,8.555555555555555,1.500771406582233,5.666666666666667,
t1,rolling,2026-02-19,2026-02-19 18:00:00,2026-02-20,2026-02-21 16:00:00,2026-02-21 22:00:00,2,46.0,48.0,0.5261514283586268,0.13060671200395368,0.5483868322491825,0.9709626146539693,10.592592592592593,5.092079098690936,5.133333333333334,
t1,rolling,2026-02-19,2026-02-19 18:00:00,2026-02-20,2026-02-21 17:00:00,2026-02-21 23:00:00,2,47.0,48.0,0.6031429390435733,0.17153390551921613,0.615057808995204,0.973520606946625,9.546296296296298,3.3855098515190463,4.8999999999999995,
t1,rolling,2026-02-20,2026-02-20 18:00:00,2026-02-21,2026-02-20 18:00:00,2026-02-21 00:00:00,1,0.0,24.0,0.6589559945615949,0.3352413169243493,0.6998076914243311,0.9773052107834115,10.62037037037037,3.5644780985757705,6.766666666666667,
t1,rolling,2026-02-20,2026-02-20 18:00:00,2026-02-21,2026-02-20 19:00:00,2026-02-21 01:00:00,1,1.0,24.0,0.6502336804381764,0.3398302953092038,0.6867279448157709,0.9683281155129762,10.694444444444445,3.617195728499028,6.3,
t1,rolling,2026-02-20,2026-02-20 18:00:00,2026-02-21,2026-02-20 20:00:00,2026-02-21 02:00:00,1,2.0,24.0,0.6358058067323302,0.34218492692834734,0.6663332850498107,0.9702853162702044,10.666666666666666,3.338884266959271,5.8,
t1,rolling,2026-02-20,2026-02-20 18:00:00,2026-02-21,2026-02-20 21:00:00,2026-02-21 03:00:00,1,3.0,24.0,0.622010158148746,0.31323237056708586,0.6641725151743157,0.9603650978778179,10.305555555555555,3.2809542047744533,5.466666666666666,
t1,rolling,2026-02-20,2026-02-20 18:00:00,2026-02-21,2026-02-20 22:00:00,2026-02-21 04:00:00,1,4.0,24.0,0.6110911563589796,0.3027812091982917,0.6190432993268676,0.9470311629829032,9.972222222222223,3.030325126182069,5.066666666666666,
t1,rolling,2026-02-20,2026-02-20 18:00:00,2026-02-21,2026-02-20 23:00:00,2026-02-21 05:00:00,1,5.0,24.0,0.6097398982774314,0.36366110842908045,0.6145110280769164,0.9499864132513395,9.87037037037037,2.3953938136836177,4.7,
t1,rolling,2026-02-20,2026-02-20 18:00:00,2026-02-21,2026-02-21 00:00:00,2026-02-21 06:00:00,1,6.0,24.0,0.5991512106334728,0.349923917470174,0.5965033945370444,0.9556747351382766,10.083333333333334,1.5338264102531691,4.433333333333334,
t1,rolling,2026-02-20,2026-02-20 18:00:00,2026-02-21,2026-02-21 01:00:00,2026-02-21 07:00:00,1,7.0,24.0,0.5092033456160964,0.2563091271549771,0.48626427444163806,0.9275195625045904,9.833333333333334,1.7329415511646908,4.433333333333334,
t1,rolling,2026-02-20,2026-02-20 18:00:00,2026-02-21,2026-02-21 02:00:00,2026-02-21 08:00:00,1,8.0,24.0,0.5664708357044417,0.24466122309155405,0.4874769316120989,0.9147282914706948,10.009259259259261,2.0679680291405202,4.8,
t1,rolling,2026-02-20,2026-02-20 18:00:00,2026-02-21,2026-02-21 03:00:00,2026-02-21 09:00:00,1,9.0,24.0,0.47305601803202235,0.17473935124850468,0.4513573213616981,0.8640230310771712,9.083333333333334,0.9308664488953354,5.800000000000001,
t1,rolling,2026-02-20,2026-02-20 18:00:00,2026-02-21,2026-02-21 04:00:00,2026-02-21 10:00:00,1,10.0,24.0,0.3045672861196047,0.026210018552433156,0.21879201515599042,0.7005309285555024,7.166666666666667,3.2156302302624566,7.166666666666667,
t1,rolling,2026-02-20,2026-02-20 18:00:00,2026-02-21,2026-02-21 05:00:00,2026-02-21 11:00:00,1,11.0,24.0,0.4232008512433,0.07013212757805476,0.30846608813822923,0.8239594455392133,4.4259259259259265,2.6789838992629815,8.233333333333334,
t1,rolling,2026-02-20,2026-02-20 18:00:00,2026-02-21,2026-02-21 06:00:00,2026-02-21 12:00:00,1,12.0,24.0,0.6498980152655405,0.20621176054933785,0.6254985420784358,0.9778251738770491,8.138888888888888,7.057031779074273,8.6,
t1,rolling,2026-02-20,2026-02-20 18:00:00,2026-02-21,2026-02-21 07:00:00,2026-02-21 13:00:00,1,13.0,24.0,0.8168543481305997,0.4140411206450658,0.8988588750427395,0.9893265675269743,15.231481481481483,2.9959248728266528,8.766666666666667,
t1,rolling,2026-02-20,2026-02-20 18:00:00,2026-02-21,2026-02-21 08:00:00,2026-02-21 14:00:00,1,14.0,24.0,0.8533596891717604,0.4736529837399451,0.9112238841258863,0.9893682967431366,13.287037037037038,1.251645008114301,8.466666666666667,
t1,rolling,2026-02-20,2026-02-20 18:00:00,2026-02-21,2026-02-21 09:00:00,2026-02-21 15:00:00,1,15.0,24.0,0.8571554527499529,0.571182601125852,0.9276540674977646,0.9884832976882052,14.00925925925926,2.5139016778884846,8.4,
t1,rolling,2026-02-20,2026-02-20 18:00:00,2026-02-21,2026-02-21 10:00:00,2026-02-21 16:00:00,1,16.0,24.0,0.7706591984700585,0.3589599892931666,0.8414423636620595,0.9823042542516728,12.111111111111112,1.3491538271756556,7.8,
t1,rolling,2026-02-20,2026-02-20 18:00:00,2026-02-21,2026-02-21 11:00:00,2026-02-21 17:00:00,1,17.0,24.0,0.7028689285806878,0.4120651896931576,0.7499183311601026,0.967430493090849,11.120370370370372,1.4493328960668082,7.5,
t1,rolling,2026-02-20,2026-02-20 18:00:00,2026-02-21,2026-02-21 12:00:00,2026-02-21 18:00:00,1,18.0,24.0,0.6120946455399948,0.3016300265579666,0.6426345824830354,0.9346342806468753,9.99074074074074,2.03107291884021,7.1000000000000005,
t1,rolling,2026-02-20,2026-02-20 18:00:00,2026-02-21,2026-02-21 13:00:00,2026-02-21 19:00:00,1,19.0,24.0,0.4598184121685244,0.17565479058753886,0.43030696586806727,0.830749066137438,9.472222222222221,2.456253043223698,6.133333333333333,
t1,rolling,2026-02-20,2026-02-20 18:00:00,2026-02-21,2026-02-21 14:00:00,2026-02-21 20:00:00,1,20.0,24.0,0.37467192655001197,0.05420585437592807,0.29087103663993735,0.8175506816233482,8.231481481481483,3.1429832359398895,5.266666666666667,
t1,rolling,2026-02-20,2026-02-20 18:00:00,2026-02-21,2026-02-21 15:00:00,2026-02-21 21:00:00,1,21.0,24.0,0.3325830063334767,0.044448661591645844,0.25435681035370056,0.6313661633105834,6.787037037037037,3.0059525992281686,4.966666666666666,
t1,rolling,2026-02-20,2026-02-20 18:00:00,2026-02-21,2026-02-21 16:00:00,2026-02-21 22:00:00,1,22.0,24.0,0.29498092609293136,0.039362779047136906,0.22136617841886627,0.5943690516740998,5.592592592592593,1.847657286554969,4.666666666666667,
t1,rolling,2026-02-20,2026-02-20 18:00:00,2026-02-21,2026-02-21 17:00:00,2026-02-21 23:00:00,1,23.0,24.0,0.4900834907585922,0.0572662940316,0.4213564336371362,0.8456662107179591,5.212962962962963,0.8630503850171145,4.466666666666667,
t1,rolling,2026-02-20,2026-02-20 18:00:00,2026-02-21,2026-02-21 18:00:00,2026-02-22 00:00:00,2,24.0,48.0,0.6077156566274985,0.09526289923606629,0.5613905490367351,0.9618980912015628,9.370370370370372,2.9041176245039964,4.866666666666666,
t1,rolling,2026-02-20,2026-02-20 18:00:00,2026-02-21,2026-02-21 19:00:00,2026-02-22 01:00:00,2,25.0,48.0,0.5750652214272477,0.11833770622539719,0.5070786838368836,0.9436768543345675,9.379629629629632,2.736686816665416,4.1000000000000005,
t1,rolling,2026-02-20,2026-02-20 18:00:00,2026-02-21,2026-02-21 20:00:00,2026-02-22 02:00:00,2,26.0,48.0,0.4292100378047537,0.06993001036805843,0.34601904350535667,0.8959520093405595,8.620370370370372,2.8672175037816316,3.266666666666667,
t1,rolling,2026-02-20,2026-02-20 18:00:00,2026-02-21,2026-02-21 21:00:00,2026-02-22 03:00:00,2,27.0,48.0,0.3048477570211507,0.030603574509683047,0.22178799792720014,0.7877967575694941,7.333333333333333,2.759383541819476,2.433333333333333,
t1,rolling,2026-02-20,2026-02-20 18:00:00,2026-02-21,2026-02-21 22:00:00,2026-02-22 04:00:00,2,28.0,48.0,0.21834839420840002,0.01701473053114266,0.13729774173429213,0.6169120668174715,5.62962962962963,2.660921666495716,1.5999999999999999,
t1,rolling,2026-02-20,2026-02-20 18:00:00,2026-02-21,2026-02-21 23:00:00,2026-02-22 05:00:00,2,29.0,48.0,0.11872396126998433,0.009907079004422911,0.06959366881829562,0.35771568375692964,3.7129629629629632,2.8138399871440862,0.8666666666666666,
t1,rolling,2026-02-20,2026-02-20 18:00:00,2026-02-21,2026-02-22 00:00:00,2026-02-22 06:00:00,2,30.0,48.0,0.07559651596497739,0.009310917343789088,0.023524060840479918,0.28338549335599317,3.175925925925926,2.6768228664661793,1.1,
t1,rolling,2026-02-20,2026-02-20 18:00:00,2026-02-21,2026-02-22 01:00:00,2026-02-22 07:00:00,2,31.0,48.0,0.05283920499822168,0.0088593503262743,0.018461035100812824,0.19262627264478058,2.611111111111111,1.2098489855768093,1.0,
t1,rolling,2026-02-20,2026-02-20 18:00:00,2026-02-21,2026-02-22 02:00:00,2026-02-22 08:00:00,2,32.0,48.0,0.0538302844335995,0.008957904224335457,0.022173243983026884,0.2074189508462428,2.1481481481481484,0.5139514476436265,1.0,
t1,rolling,2026-02-20,2026-02-20 18:00:00,2026-02-21,2026-02-22 03:00:00,2026-02-22 09:00:00,2,33.0,48.0,0.10070132390893835,0.009858372254608755,0.04670307665407261,0.3068046731229065,1.9907407407407407,1.9183433353452075,1.7999999999999998,
t1,rolling,2026-02-20,2026-02-20 18:00:00,2026-02-21,2026-02-22 04:00:00,2026-02-22 10:00:00,2,34.0,48.0,0.18485397801586836,0.018184974638618533,0.16555647405633914,0.5194867732765819,3.6018518518518516,3.942520396673846,3.8666666666666667,
t1,rolling,2026-02-20,2026-02-20 18:00:00,2026-02-21,2026-02-22 05:00:00,2026-02-22 11:00:00,2,35.0,48.0,0.4018846781175929,0.031227994391219226,0.29833191230960165,0.8462625624155281,5.351851851851852,4.551855995537999,5.5,
t1,rolling,2026-02-20,2026-02-20 18:00:00,2026-02-21,2026-02-22 06:00:00,2026-02-22 12:00:00,2,36.0,48.0,0.5729524592664943,0.062016379451952944,0.4592155828675667,0.937543387580092,8.611111111111112,5.003316801117603,8.066666666666666,
t1,rolling,2026-02-20,2026-02-20 18:00:00,2026-02-21,2026-02-22 07:00:00,2026-02-22 13:00:00,2,37.0,48.0,0.6340163425564993,0.15041970035851734,0.6197249501091292,0.9762924650560171,9.666666666666666,3.6433390938926378,9.166666666666666,
t1,rolling,2026-02-20,2026-02-20 18:00:00,2026-02-21,2026-02-22 08:00:00,2026-02-22 14:00:00,2,38.0,48.0,0.8107161724211585,0.3564968534517251,0.7415700463353994,0.9816495788415548,10.018518518518519,2.3974866812625417,9.799999999999999,
t1,rolling,2026-02-20,2026-02-20 18:00:00,2026-02-21,2026-02-22 09:00:00,2026-02-22 15:00:00,2,39.0,48.0,0.8759538878192393,0.5436322162811307,0.9111473249667622,0.9862925888209457,10.361111111111112,1.8322808426711645,10.0,
t1,rolling,2026-02-20,2026-02-20 18:00:00,2026-02-21,2026-02-22 10:00:00,2026-02-22 16:00:00,2,40.0,48.0,0.9039944202037656,0.5626872359314653,0.9395760392572363,0.9849934057354642,10.518518518518519,1.8893654083026223,9.799999999999999,
t1,rolling,2026-02-20,2026-02-20 18:00:00,2026-02-21,2026-02-22 11:00:00,2026-02-22 17:00:00,2,41.0,48.0,0.8219145109570747,0.5309636003452851,0.8638397160825964,0.9882117792243886,10.416666666666666,1.9041458990682072,9.333333333333334,
t1,rolling,2026-02-20,2026-02-20 18:00:00,2026-02-21,2026-02-22 12:00:00,2026-02-22 18:00:00,2,42.0,48.0,0.7706637228963116,0.5024380682801942,0.8188477445674626,0.9784716974425991,10.805555555555557,1.5833333333333337,8.0,
t1,rolling,2026-02-20,2026-02-20 18:00:00,2026-02-21,2026-02-22 13:00:00,2026-02-22 19:00:00,2,43.0,48.0,0.6908608847808119,0.37661919056212445,0.7045299529626923,0.9770561127473846,10.296296296296298,1.3328509930023407,6.7,
t1,rolling,2026-02-20,2026-02-20 18:00:00,2026-02-21,2026-02-22 14:00:00,2026-02-22 20:00:00,2,44.0,48.0,0.5969044155961787,0.24123631771345264,0.5209665204022793,0.9119731685018583,9.129629629629632,1.3472460860811235,5.666666666666667,
t1,rolling,2026-02-20,2026-02-20 18:00:00,2026-02-21,2026-02-22 15:00:00,2026-02-22 21:00:00,2,45.0,48.0,0.38961873346336434,0.10426369913219063,0.32798646393868786,0.7892197720639621,8.379629629629628,1.403900357572349,5.033333333333334,
t1,rolling,2026-02-20,2026-02-20 18:00:00,2026-02-21,2026-02-22 16:00:00,2026-02-22 22:00:00,2,46.0,48.0,0.3206376457051045,0.06729614901342974,0.3010743146928356,0.7460470626303641,7.916666666666667,1.3888888888888888,4.633333333333334,
t1,rolling,2026-02-20,2026-02-20 18:00:00,2026-02-21,2026-02-22 17:00:00,2026-02-22 23:00:00,2,47.0,48.0,0.27944652305050566,0.03636209025915953,0.2582394251445214,0.7017966101329359,7.555555555555557,1.76536464949285,4.233333333333333,
t1,rolling,2026-02-21,2026-02-21 18:00:00,2026-02-22,2026-02-21 18:00:00,2026-02-22 00:00:00,1,0.0,24.0,0.10476908549098872,0.009899938202011979,0.06798987197009798,0.3028601619646718,4.185185185185185,1.78737283354384,4.266666666666667,
t1,rolling,2026-02-21,2026-02-21 18:00:00,2026-02-22,2026-02-21 19:00:00,2026-02-22 01:00:00,1,1.0,24.0,0.09993303090055476,0.00935616758649747,0.06731500414810936,0.2889173414177485,4.0,1.8208751796191545,3.733333333333333,
t1,rolling,2026-02-21,2026-02-21 18:00:00,2026-02-22,2026-02-21 20:00:00,2026-02-22 02:00:00,1,2.0,24.0,0.07620279895859716,0.00923545791159439,0.0399432429194872,0.26132076025169215,3.6203703703703702,1.40554823596396,3.1999999999999997,
t1,rolling,2026-02-21,2026-02-21 18:00:00,2026-02-22,2026-02-21 21:00:00,2026-02-22 03:00:00,1,3.0,24.0,0.05531142241139192,0.009073259758361416,0.017402441476882243,0.19926096461229914,3.1296296296296298,1.1707380458567411,2.6666666666666665,
t1,rolling,2026-02-21,2026-02-21 18:00:00,2026-02-22,2026-02-21 22:00:00,2026-02-22 04:00:00,1,4.0,24.0,0.05478764358262847,0.009114083977184774,0.017298464012291744,0.17324192619945744,2.564814814814815,1.207401726866892,2.3000000000000003,
t1,rolling,2026-02-21,2026-02-21 18:00:00,2026-02-22,2026-02-21 23:00:00,2026-02-22 05:00:00,1,5.0,24.0,0.05584746938070702,0.009129143364261837,0.021296756482900685,0.19633419073869018,2.222222222222222,0.829621362392671,2.066666666666667,
t1,rolling,2026-02-21,2026-02-21 18:00:00,2026-02-22,2026-02-22 00:00:00,2026-02-22 06:00:00,1,6.0,24.0,0.09966796365628808,0.009901186976498343,0.03766170931837461,0.2778499618804685,1.5185185185185184,1.2223274365487824,2.1333333333333333,
t1,rolling,2026-02-21,2026-02-21 18:00:00,2026-02-22,2026-02-22 01:00:00,2026-02-22 07:00:00,1,7.0,24.0,0.16913262858819456,0.015914991547134126,0.11275410772171837,0.4596793652263738,2.824074074074074,2.3665514665059364,2.1,
t1,rolling,2026-02-21,2026-02-21 18:00:00,2026-02-22,2026-02-22 02:00:00,2026-02-22 08:00:00,1,8.0,24.0,0.26220174322858114,0.03856895933600479,0.19385840560329562,0.658148626438521,5.935185185185186,3.867434204366363,1.9666666666666668,
t1,rolling,2026-02-21,2026-02-21 18:00:00,2026-02-22,2026-02-22 03:00:00,2026-02-22 09:00:00,1,9.0,24.0,0.4268461746459296,0.06884148709828584,0.34760105324453394,0.8758959472123818,7.787037037037038,4.208524320320903,2.4333333333333336,
t1,rolling,2026-02-21,2026-02-21 18:00:00,2026-02-22,2026-02-22 04:00:00,2026-02-22 10:00:00,1,10.0,24.0,0.5832826025767348,0.12631432896971795,0.46993351575285214,0.9616283167057046,8.935185185185185,4.412763241311311,4.233333333333333,
t1,rolling,2026-02-21,2026-02-21 18:00:00,2026-02-22,2026-02-22 05:00:00,2026-02-22 11:00:00,1,11.0,24.0,0.7212125252139656,0.21620527625349345,0.6580706289319227,0.9824935790865434,9.481481481481481,4.99245830405177,6.166666666666667,
t1,rolling,2026-02-21,2026-02-21 18:00:00,2026-02-22,2026-02-22 06:00:00,2026-02-22 12:00:00,1,12.0,24.0,0.8836253918000195,0.5248023367486351,0.9318663666362962,0.98853037048716,11.064814814814815,2.0378996490072487,7.6000000000000005,
t1,rolling,2026-02-21,2026-02-21 18:00:00,2026-02-22,2026-02-22 07:00:00,2026-02-22 13:00:00,1,13.0,24.0,0.8917711974686467,0.5924799969920531,0.9409954253642695,0.9883690758324679,11.472222222222221,1.5666765169115073,8.6,
t1,rolling,2026-02-21,2026-02-21 18:00:00,2026-02-22,2026-02-22 08:00:00,2026-02-22 14:00:00,1,14.0,24.0,0.8924462665386768,0.6152324611173744,0.9425598042337026,0.985906157020372,11.203703703703704,1.2216960146711506,9.133333333333333,
t1,rolling,2026-02-21,2026-02-21 18:00:00,2026-02-22,2026-02-22 09:00:00,2026-02-22 15:00:00,1,15.0,24.0,0.8934247530600058,0.6136040357542818,0.9451824045258037,0.9872191562454901,10.925925925925926,1.3501066868376075,9.4,
t1,rolling,2026-02-21,2026-02-21 18:00:00,2026-02-22,2026-02-22 10:00:00,2026-02-22 16:00:00,1,16.0,24.0,0.8902271793202813,0.6044174615666023,0.9434446751002415,0.9866602000841657,10.537037037037038,1.4725715867791618,9.466666666666667,
t1,rolling,2026-02-21,2026-02-21 18:00:00,2026-02-22,2026-02-22 11:00:00,2026-02-22 17:00:00,1,17.0,24.0,0.8011611325815671,0.526634941645456,0.8587964883514877,0.9825697148965923,10.527777777777777,2.181749496206549,9.1,
t1,rolling,2026-02-21,2026-02-21 18:00:00,2026-02-22,2026-02-22 12:00:00,2026-02-22 18:00:00,1,18.0,24.0,0.6599337997325989,0.30950446192579967,0.6629164174046036,0.9789047259081387,10.083333333333334,2.403861348479993,8.3,
t1,rolling,2026-02-21,2026-02-21 18:00:00,2026-02-22,2026-02-22 13:00:00,2026-02-22 19:00:00,1,19.0,24.0,0.5277286182780502,0.16942139369589193,0.49321756388893484,0.9477416911666049,9.592592592592593,2.894270272715151,6.8999999999999995,
t1,rolling,2026-02-21,2026-02-21 18:00:00,2026-02-22,2026-02-22 14:00:00,2026-02-22 20:00:00,1,20.0,24.0,0.32743011121121857,0.05474966788281954,0.2518611254187112,0.7545038901637974,8.407407407407408,2.875011182658517,5.833333333333333,
t1,rolling,2026-02-21,2026-02-21 18:00:00,2026-02-22,2026-02-22 15:00:00,2026-02-22 21:00:00,1,21.0,24.0,0.2525206545833864,0.01641604597948082,0.21228289555845142,0.6634029013682052,7.314814814814814,2.8340594567007984,5.066666666666666,
t1,rolling,2026-02-21,2026-02-21 18:00:00,2026-02-22,2026-02-22 16:00:00,2026-02-22 22:00:00,1,22.0,24.0,0.2212957852302153,0.021376785433360607,0.11993658461822035,0.6086865608182516,6.537037037037037,2.7234029941073277,4.366666666666666,
t1,rolling,2026-02-21,2026-02-21 18:00:00,2026-02-22,2026-02-22 17:00:00,2026-02-22 23:00:00,1,23.0,24.0,0.31422873166824694,0.02494639602578652,0.2517310824705572,0.7858593650006362,5.518518518518519,2.987930109197429,3.6666666666666665,
t1,rolling,2026-02-21,2026-02-21 18:00:00,2026-02-22,2026-02-22 18:00:00,2026-02-23 00:00:00,2,24.0,48.0,0.4284428923419845,0.07805273833912932,0.3301238622927237,0.8912257770080431,9.018518518518519,2.03410984970292,4.566666666666666,
t1,rolling,2026-02-21,2026-02-21 18:00:00,2026-02-22,2026-02-22 19:00:00,2026-02-23 01:00:00,2,25.0,48.0,0.35383708976481937,0.029745200226012406,0.2798098844585343,0.8628391398843015,8.574074074074074,2.076160491588084,4.266666666666667,
t1,rolling,2026-02-21,2026-02-21 18:00:00,2026-02-22,2026-02-22 20:00:00,2026-02-23 02:00:00,2,26.0,48.0,0.3235946668680173,0.014030868721855284,0.23642160512025326,0.7994994039408925,7.75,1.3333333333333335,3.9333333333333336,
t1,rolling,2026-02-21,2026-02-21 18:00:00,2026-02-22,2026-02-22 21:00:00,2026-02-23 03:00:00,2,27.0,48.0,0.22167061192878365,0.011903696452301606,0.11272468421228639,0.5620567748885094,6.472222222222222,0.600925212577332,3.6333333333333333,
t1,rolling,2026-02-21,2026-02-21 18:00:00,2026-02-22,2026-02-22 22:00:00,2026-02-23 04:00:00,2,28.0,48.0,0.10931376256786567,0.007999425606870558,0.05424666984369429,0.35188183452011945,4.935185185185186,0.992383546256516,3.1666666666666665,
t1,rolling,2026-02-21,2026-02-21 18:00:00,2026-02-22,2026-02-22 23:00:00,2026-02-23 05:00:00,2,29.0,48.0,0.06867656476914676,0.008488264623804816,0.03609497405272713,0.25107252110952916,3.3703703703703707,1.6245448872022525,2.7999999999999994,
t1,rolling,2026-02-21,2026-02-21 18:00:00,2026-02-22,2026-02-23 00:00:00,2026-02-23 06:00:00,2,30.0,48.0,0.0573611032156629,0.008449024414642856,0.01752383048570592,0.2010698756913678,2.240740740740741,0.8133404168888054,2.4,
t1,rolling,2026-02-21,2026-02-21 18:00:00,2026-02-22,2026-02-23 01:00:00,2026-02-23 07:00:00,2,31.0,48.0,0.05830320864580985,0.009150435947593632,0.018022009662350503,0.2084094354999832,1.5370370370370372,0.9322469426819902,2.2666666666666666,
t1,rolling,2026-02-21,2026-02-21 18:00:00,2026-02-22,2026-02-23 02:00:00,2026-02-23 08:00:00,2,32.0,48.0,0.05948091087004799,0.009223119194960265,0.017838945663067558,0.1994962509065987,1.1574074074074074,0.38322596456620145,2.2666666666666666,
t1,rolling,2026-02-21,2026-02-21 18:00:00,2026-02-22,2026-02-23 03:00:00,2026-02-23 09:00:00,2,33.0,48.0,0.07261265365926008,0.009025629415686482,0.022190118570697012,0.2355153629224162,1.1944444444444444,1.3746492257398468,3.3333333333333335,
t1,rolling,2026-02-21,2026-02-21 18:00:00,2026-02-22,2026-02-23 04:00:00,2026-02-23 10:00:00,2,34.0,48.0,0.09040663640118313,0.009592571104893512,0.04193067381303955,0.2771191528657198,1.7685185185185184,1.8636660185791298,5.066666666666666,
t1,rolling,2026-02-21,2026-02-21 18:00:00,2026-02-22,2026-02-23 05:00:00,2026-02-23 11:00:00,2,35.0,48.0,0.1411578819137052,0.012254279292330571,0.08578018697547654,0.3683136190843233,3.203703703703704,1.781318811391978,6.8999999999999995,
t1,rolling,2026-02-21,2026-02-21 18:00:00,2026-02-22,2026-02-23 06:00:00,2026-02-23 12:00:00,2,36.0,48.0,0.24153291497440368,0.015292428566773078,0.1799886639814972,0.5203080615819616,3.9722222222222228,2.6199613605670216,8.266666666666667,
t1,rolling,2026-02-21,2026-02-21 18:00:00,2026-02-22,2026-02-23 07:00:00,2026-02-23 13:00:00,2,37.0,48.0,0.3545587659537365,0.0340508322853752,0.29259030761579213,0.7422954141386637,6.0092592592592595,3.4384281388221014,9.1,
t1,rolling,2026-02-21,2026-02-21 18:00:00,2026-02-22,2026-02-23 08:00:00,2026-02-23 14:00:00,2,38.0,48.0,0.3913576854113742,0.056931861114042366,0.35800778094068086,0.8309842510821421,7.564814814814814,3.78943598743674,8.9,
t1,rolling,2026-02-21,2026-02-21 18:00:00,2026-02-22,2026-02-23 09:00:00,2026-02-23 15:00:00,2,39.0,48.0,0.48308559208808155,0.07387685629386744,0.4237278718123785,0.8644835705902802,8.148148148148149,3.1703600943066412,8.466666666666667,
t1,rolling,2026-02-21,2026-02-21 18:00:00,2026-02-22,2026-02-23 10:00:00,2026-02-23 16:00:00,2,40.0,48.0,0.5091724572904415,0.08528328554375747,0.471388391359506,0.9381086425316891,8.314814814814817,2.8404503931971763,8.1,
t1,rolling,2026-02-21,2026-02-21 18:00:00,2026-02-22,2026-02-23 11:00:00,2026-02-23 17:00:00,2,41.0,48.0,0.5635079563277315,0.21390656924981263,0.5500232104012281,0.959018114496903,9.046296296296296,1.6851597474677575,7.333333333333333,
t1,rolling,2026-02-21,2026-02-21 18:00:00,2026-02-22,2026-02-23 12:00:00,2026-02-23 18:00:00,2,42.0,48.0,0.7001192631130488,0.3101417368512391,0.6845708437726692,0.976407107026601,10.185185185185185,0.18495355884664966,6.033333333333334,
t1,rolling,2026-02-21,2026-02-21 18:00:00,2026-02-22,2026-02-23 13:00:00,2026-02-23 19:00:00,2,43.0,48.0,0.7362061377631814,0.42896790987584665,0.7691767147809364,0.9770128854348337,10.25925925925926,1.7234165512299973,5.0,
t1,rolling,2026-02-21,2026-02-21 18:00:00,2026-02-22,2026-02-23 14:00:00,2026-02-23 20:00:00,2,44.0,48.0,0.7876917213581506,0.437887270935749,0.8306405927633811,0.9870399655860556,10.00925925925926,2.058243987664534,3.866666666666667,
t1,rolling,2026-02-21,2026-02-21 18:00:00,2026-02-22,2026-02-23 15:00:00,2026-02-23 21:00:00,2,45.0,48.0,0.8128401717397488,0.5042200410405654,0.8727186527954481,0.9916907407926223,10.888888888888891,1.8788540636762059,2.4666666666666663,
t1,rolling,2026-02-21,2026-02-21 18:00:00,2026-02-22,2026-02-23 16:00:00,2026-02-23 22:00:00,2,46.0,48.0,0.8424976392394821,0.5385359280023982,0.8985715913436224,0.9898373137555709,11.138888888888891,2.458451032963944,1.2333333333333334,
t1,rolling,2026-02-21,2026-02-21 18:00:00,2026-02-22,2026-02-23 17:00:00,2026-02-23 23:00:00,2,47.0,48.0,0.8480510287257165,0.5852433158092587,0.9103191634086703,0.9934313832787423,12.148148148148147,2.058243987664534,0.06666666666666665,
t1,rolling,2026-02-22,2026-02-22 18:00:00,2026-02-23,2026-02-22 18:00:00,2026-02-23 00:00:00,1,0.0,24.0,0.07748571017102163,0.009459611620391722,0.032066197241785575,0.28910793632594955,4.62037037037037,1.821581301016782,3.266666666666667,
t1,rolling,2026-02-22,2026-02-22 18:00:00,2026-02-23,2026-02-22 19:00:00,2026-02-23 01:00:00,1,1.0,24.0,0.07522634528625548,0.009480835333201027,0.03303260917136901,0.2612073391720737,4.555555555555556,1.5949863577728434,2.9,
t1,rolling,2026-02-22,2026-02-22 18:00:00,2026-02-23,2026-02-22 20:00:00,2026-02-23 02:00:00,1,2.0,24.0,0.07110088709722309,0.009883834997125708,0.030990900100980236,0.23909047529932953,4.231481481481482,1.6796561719492114,2.766666666666667,
t1,rolling,2026-02-22,2026-02-22 18:00:00,2026-02-23,2026-02-22 21:00:00,2026-02-23 03:00:00,1,3.0,24.0,0.07155709385806484,0.009744330337607838,0.034274366153352914,0.2338712013597731,3.9444444444444446,2.108368101016214,2.6666666666666665,
t1,rolling,2026-02-22,2026-02-22 18:00:00,2026-02-23,2026-02-22 22:00:00,2026-02-23 04:00:00,1,4.0,24.0,0.07188977058997746,0.009327143397687991,0.036524732751606136,0.23844386977883317,3.898148148148149,2.0729990600288897,2.6333333333333333,
t1,rolling,2026-02-22,2026-02-22 18:00:00,2026-02-23,2026-02-22 23:00:00,2026-02-23 05:00:00,1,5.0,24.0,0.07524544473801978,0.009531732929872931,0.03191314167850561,0.22338488560119102,3.5462962962962963,2.6845944433196762,2.466666666666667,
t1,rolling,2026-02-22,2026-02-22 18:00:00,2026-02-23,2026-02-23 00:00:00,2026-02-23 06:00:00,1,6.0,24.0,0.06075513733193147,0.009647637062530872,0.02099023482407155,0.2057737257831866,3.1111111111111107,1.7429310491167769,2.3000000000000003,
t1,rolling,2026-02-22,2026-02-22 18:00:00,2026-02-23,2026-02-23 01:00:00,2026-02-23 07:00:00,1,7.0,24.0,0.05965768829647264,0.009790009345623008,0.01838689640172441,0.18173866632812463,2.722222222222222,0.5534683012547578,2.1666666666666665,
t1,rolling,2026-02-22,2026-02-22 18:00:00,2026-02-23,2026-02-23 02:00:00,2026-02-23 08:00:00,1,8.0,24.0,0.05558160936465251,0.009140378302296541,0.020220276320063006,0.19568450083686975,2.064814814814815,1.4793677049957399,2.4333333333333336,
t1,rolling,2026-02-22,2026-02-22 18:00:00,2026-02-23,2026-02-23 03:00:00,2026-02-23 09:00:00,1,9.0,24.0,0.06256837930066488,0.00867544413828276,0.024311890999417902,0.20758062095454105,2.351851851851852,1.4088382103281623,3.5666666666666664,
t1,rolling,2026-02-22,2026-02-22 18:00:00,2026-02-23,2026-02-23 04:00:00,2026-02-23 10:00:00,1,10.0,24.0,0.07301090809107807,0.008898101709864879,0.04266305425818083,0.25340849341789085,2.8888888888888893,2.1247730452514597,5.3999999999999995,
t1,rolling,2026-02-22,2026-02-22 18:00:00,2026-02-23,2026-02-23 05:00:00,2026-02-23 11:00:00,1,11.0,24.0,0.14721384206559734,0.012323450854586627,0.09736158514360739,0.34956135452117554,3.6018518518518525,1.908867653915433,7.1000000000000005,
t1,rolling,2026-02-22,2026-02-22 18:00:00,2026-02-23,2026-02-23 06:00:00,2026-02-23 12:00:00,1,12.0,24.0,0.21700890491782648,0.016796501188272292,0.1596681169511898,0.501620143318641,3.7129629629629632,1.4995712693198504,8.5,
t1,rolling,2026-02-22,2026-02-22 18:00:00,2026-02-23,2026-02-23 07:00:00,2026-02-23 13:00:00,1,13.0,24.0,0.32299891850351714,0.026214976758502973,0.2861388710711872,0.6576750416463067,5.305555555555555,0.728074579004509,8.933333333333334,
t1,rolling,2026-02-22,2026-02-22 18:00:00,2026-02-23,2026-02-23 08:00:00,2026-02-23 14:00:00,1,14.0,24.0,0.40731397885432175,0.042733953918841175,0.4210630429491647,0.7906420883097457,7.805555555555556,1.5282827448309904,8.866666666666667,
t1,rolling,2026-02-22,2026-02-22 18:00:00,2026-02-23,2026-02-23 09:00:00,2026-02-23 15:00:00,1,15.0,24.0,0.48916443852321706,0.10048238556591187,0.45650762691741037,0.8707374059224345,8.703703703703704,1.9771716715879881,8.6,
t1,rolling,2026-02-22,2026-02-22 18:00:00,2026-02-23,2026-02-23 10:00:00,2026-02-23 16:00:00,1,16.0,24.0,0.5465144289101662,0.15375707002836866,0.539538299608756,0.931038840195584,8.574074074074074,0.920167277689248,7.833333333333333,
t1,rolling,2026-02-22,2026-02-22 18:00:00,2026-02-23,2026-02-23 11:00:00,2026-02-23 17:00:00,1,17.0,24.0,0.6409860509387413,0.24053396098863142,0.6331444718918818,0.9736134363493031,9.370370370370372,0.9923835462565163,7.0,
t1,rolling,2026-02-22,2026-02-22 18:00:00,2026-02-23,2026-02-23 12:00:00,2026-02-23 18:00:00,1,18.0,24.0,0.7237146046133469,0.3454675011025376,0.731079355814513,0.9770308790999037,10.222222222222221,1.309096851994242,6.266666666666666,
t1,rolling,2026-02-22,2026-02-22 18:00:00,2026-02-23,2026-02-23 13:00:00,2026-02-23 19:00:00,1,19.0,24.0,0.7751901302713706,0.4900482564466027,0.7879146027991193,0.9779563385698762,10.657407407407407,1.2904962837746623,5.433333333333333,
t1,rolling,2026-02-22,2026-02-22 18:00:00,2026-02-23,2026-02-23 14:00:00,2026-02-23 20:00:00,1,20.0,24.0,0.7702023533744964,0.4978562268995565,0.7777638872586605,0.9824655401683637,10.50925925925926,1.3912017778996966,4.7,
t1,rolling,2026-02-22,2026-02-22 18:00:00,2026-02-23,2026-02-23 15:00:00,2026-02-23 21:00:00,1,21.0,24.0,0.7606045242151955,0.4631143255561925,0.7763142832219169,0.9850602272705997,10.083333333333334,1.0911399634112422,4.033333333333334,
t1,rolling,2026-02-22,2026-02-22 18:00:00,2026-02-23,2026-02-23 16:00:00,2026-02-23 22:00:00,1,22.0,24.0,0.7940610318884755,0.4797543554024389,0.8256794722482661,0.9909326865283916,9.546296296296296,1.5812201622943252,3.1666666666666665,
t1,rolling,2026-02-22,2026-02-22 18:00:00,2026-02-23,2026-02-23 17:00:00,2026-02-23 23:00:00,1,23.0,24.0,0.8589623492070235,0.5550423925252052,0.9127384538811465,0.9916804242425226,10.63888888888889,0.7876359377087683,2.1,
t1,rolling,2026-02-22,2026-02-22 18:00:00,2026-02-23,2026-02-23 18:00:00,2026-02-24 00:00:00,2,24.0,48.0,0.8990569961120285,0.6678637359921685,0.9367810841493469,0.9890279952079626,12.370370370370372,1.460470215728075,-0.26666666666666666,
t1,rolling,2026-02-22,2026-02-22 18:00:00,2026-02-23,2026-02-23 19:00:00,2026-02-24 01:00:00,2,25.0,48.0,0.9026566436898587,0.6623095699336433,0.9374798026676487,0.9886640113809393,12.444444444444443,1.3802509165338717,-0.8666666666666667,
t1,rolling,2026-02-22,2026-02-22 18:00:00,2026-02-23,2026-02-23 20:00:00,2026-02-24 02:00:00,2,26.0,48.0,0.8777087843590629,0.6189142909713298,0.901909238629061,0.9883088567923125,11.648148148148147,1.1226255234242728,-1.3,
t1,rolling,2026-02-22,2026-02-22 18:00:00,2026-02-23,2026-02-23 21:00:00,2026-02-24 03:00:00,2,27.0,48.0,0.8777271626654551,0.6071998601323038,0.910838109241358,0.9850973242241773,11.231481481481483,1.0719967139560225,-1.5333333333333332,
t1,rolling,2026-02-22,2026-02-22 18:00:00,2026-02-23,2026-02-23 22:00:00,2026-02-24 04:00:00,2,28.0,48.0,0.8656574286738197,0.6116088018046897,0.9077172322194896,0.9835323322529969,11.379629629629632,1.1063555638875122,-1.8333333333333333,
t1,rolling,2026-02-22,2026-02-22 18:00:00,2026-02-23,2026-02-23 23:00:00,2026-02-24 05:00:00,2,29.0,48.0,0.8588945220853071,0.6209028887651978,0.8846361821806611,0.9800719947550226,11.592592592592595,1.2454650246281578,-2.033333333333333,
t1,rolling,2026-02-22,2026-02-22 18:00:00,2026-02-23,2026-02-24 00:00:00,2026-02-24 06:00:00,2,30.0,48.0,0.8360773870418283,0.6171959392575036,0.8562284572156456,0.9764803181376313,10.787037037037038,0.23129622216290383,-2.1,
t1,rolling,2026-02-22,2026-02-22 18:00:00,2026-02-23,2026-02-24 01:00:00,2026-02-24 07:00:00,2,31.0,48.0,0.8093618922996707,0.4916918502093944,0.8449277509612864,0.9745011597171063,10.444444444444443,0.409192218407118,-2.1,
t1,rolling,2026-02-22,2026-02-22 18:00:00,2026-02-23,2026-02-24 02:00:00,2026-02-24 08:00:00,2,32.0,48.0,0.7738415150344419,0.4509860720349934,0.7911190912800701,0.9662747867208494,9.990740740740742,0.6668595400011421,-1.9666666666666668,
t1,rolling,2026-02-22,2026-02-22 18:00:00,2026-02-23,2026-02-24 03:00:00,2026-02-24 09:00:00,2,33.0,48.0,0.7213319930045513,0.41739123690888613,0.7533018846985616,0.9492718105095672,9.5,0.8296213623926711,-1.5999999999999999,
t1,rolling,2026-02-22,2026-02-22 18:00:00,2026-02-23,2026-02-24 04:00:00,2026-02-24 10:00:00,2,34.0,48.0,0.61708790120625,0.30002604983290226,0.5777851797474635,0.9279926632720206,9.351851851851853,1.032397027019731,-1.1333333333333335,
t1,rolling,2026-02-22,2026-02-22 18:00:00,2026-02-23,2026-02-24 05:00:00,2026-02-24 11:00:00,2,35.0,48.0,0.5892693939419208,0.2723221945080244,0.546953373743931,0.9338676035047933,9.055555555555555,1.2813958438523105,-0.5666666666666667,
t1,rolling,2026-02-22,2026-02-22 18:00:00,2026-02-23,2026-02-24 06:00:00,2026-02-24 12:00:00,2,36.0,48.0,0.5060943522292493,0.22397669370776507,0.5093747981263672,0.9238494465191749,9.296296296296296,2.099811376988429,-0.8000000000000002,
t1,rolling,2026-02-22,2026-02-22 18:00:00,2026-02-23,2026-02-24 07:00:00,2026-02-24 13:00:00,2,37.0,48.0,0.5040973131450367,0.2243862521219033,0.4933132149444394,0.8968996869126596,8.870370370370372,2.3164623766396106,-0.3666666666666667,
t1,rolling,2026-02-22,2026-02-22 18:00:00,2026-02-23,2026-02-24 08:00:00,2026-02-24 14:00:00,2,38.0,48.0,0.5023642740788599,0.18667950174005615,0.46235267264305074,0.8832378797604055,8.787037037037038,2.504984742402792,0.0,
t1,rolling,2026-02-22,2026-02-22 18:00:00,2026-02-23,2026-02-24 09:00:00,2026-02-24 15:00:00,2,39.0,48.0,0.48539398764637753,0.12691011223717177,0.458615683373664,0.8839254701544503,8.888888888888891,2.6356705521098913,0.16666666666666674,
t1,rolling,2026-02-22,2026-02-22 18:00:00,2026-02-23,2026-02-24 10:00:00,2026-02-24 16:00:00,2,40.0,48.0,0.43130279696470236,0.08742463132248561,0.41514582824730967,0.8673245636104906,8.888888888888891,2.8285635232284028,0.20000000000000004,
t1,rolling,2026-02-22,2026-02-22 18:00:00,2026-02-23,2026-02-24 11:00:00,2026-02-24 17:00:00,2,41.0,48.0,0.3738001010190087,0.023829292445986375,0.34655343975609637,0.8481205027679484,8.629629629629632,2.7896044529852664,0.0,
t1,rolling,2026-02-22,2026-02-22 18:00:00,2026-02-23,2026-02-24 12:00:00,2026-02-24 18:00:00,2,42.0,48.0,0.2810209435529426,0.031744442631895554,0.2702185273189911,0.7854192896440072,8.24074074074074,2.4200699748411347,-0.23333333333333336,
t1,rolling,2026-02-22,2026-02-22 18:00:00,2026-02-23,2026-02-24 13:00:00,2026-02-24 19:00:00,2,43.0,48.0,0.21296284310085564,0.014402151552325174,0.18717626277148203,0.7458593129894178,7.740740740740741,2.658020319045907,-0.7999999999999999,
t1,rolling,2026-02-22,2026-02-22 18:00:00,2026-02-23,2026-02-24 14:00:00,2026-02-24 20:00:00,2,44.0,48.0,0.17769367769245215,0.011962516017794057,0.15168768950947964,0.6262878832296981,6.953703703703705,2.5625407755463034,-1.2,
t1,rolling,2026-02-22,2026-02-22 18:00:00,2026-02-23,2026-02-24 15:00:00,2026-02-24 21:00:00,2,45.0,48.0,0.16776035591667943,0.010719112217159255,0.08358146362649738,0.5004679112207372,6.157407407407407,2.5178886739658677,-1.5333333333333332,
t1,rolling,2026-02-22,2026-02-22 18:00:00,2026-02-23,2026-02-24 16:00:00,2026-02-24 22:00:00,2,46.0,48.0,0.15418806284958597,0.008961984530338038,0.06938108673226834,0.4166730320630124,5.472222222222222,2.550114981673001,-1.9333333333333336,
t1,rolling,2026-02-22,2026-02-22 18:00:00,2026-02-23,2026-02-24 17:00:00,2026-02-24 23:00:00,2,47.0,48.0,0.11308336445197166,0.010301090021998466,0.06740493925024776,0.34391073395158944,4.37962962962963,2.336032389566309,-2.266666666666667,
t1,rolling,2026-02-23,2026-02-23 18:00:00,2026-02-24,2026-02-23 18:00:00,2026-02-24 00:00:00,1,0.0,24.0,0.9111733114566632,0.6876243855585998,0.9355357828792639,0.9895418475468988,11.592592592592595,0.48934112080458647,1.0999999999999999,
t1,rolling,2026-02-23,2026-02-23 18:00:00,2026-02-24,2026-02-23 19:00:00,2026-02-24 01:00:00,1,1.0,24.0,0.9031010683971659,0.6857224040131219,0.9390449346991192,0.9889689890787303,11.620370370370372,0.2625453125695884,0.13333333333333333,
t1,rolling,2026-02-23,2026-02-23 18:00:00,2026-02-24,2026-02-23 20:00:00,2026-02-24 02:00:00,1,2.0,24.0,0.901270544369453,0.6907395872832899,0.9376834787785491,0.9887384305458871,11.740740740740742,0.7664519291324018,-0.6666666666666666,
t1,rolling,2026-02-23,2026-02-23 18:00:00,2026-02-24,2026-02-23 21:00:00,2026-02-24 03:00:00,1,3.0,24.0,0.8678476923884949,0.6527809643653617,0.9056393069548193,0.9842641724787231,11.629629629629632,1.1406941428674109,-1.0999999999999999,
t1,rolling,2026-02-23,2026-02-23 18:00:00,2026-02-24,2026-02-23 22:00:00,2026-02-24 04:00:00,1,4.0,24.0,0.8310971378867013,0.6088896371925699,0.8516865830336804,0.983072937502197,11.379629629629628,1.2289377794842276,-1.6333333333333335,
t1,rolling,2026-02-23,2026-02-23 18:00:00,2026-02-24,2026-02-23 23:00:00,2026-02-24 05:00:00,1,5.0,24.0,0.8030887620393623,0.5085627403437093,0.8250927019903408,0.9766954784926236,11.222222222222223,1.2288331311441492,-1.8333333333333333,
t1,rolling,2026-02-23,2026-02-23 18:00:00,2026-02-24,2026-02-24 00:00:00,2026-02-24 06:00:00,1,6.0,24.0,0.7778855212497582,0.4526005925198497,0.8128041808835079,0.9753174103333393,10.046296296296298,1.4804104925112656,-2.1,
t1,rolling,2026-02-23,2026-02-23 18:00:00,2026-02-24,2026-02-24 01:00:00,2026-02-24 07:00:00,1,7.0,24.0,0.7582893230751422,0.42981528739673747,0.7543130801767203,0.9742467230479479,9.907407407407408,1.6190735551403261,-2.2666666666666666,
t1,rolling,2026-02-23,2026-02-23 18:00:00,2026-02-24,2026-02-24 02:00:00,2026-02-24 08:00:00,1,8.0,24.0,0.7104190210579914,0.36381801670440356,0.7042870759046976,0.9665122602476036,9.703703703703704,1.7341284975717723,-2.433333333333333,
t1,rolling,2026-02-23,2026-02-23 18:00:00,2026-02-24,2026-02-24 03:00:00,2026-02-24 09:00:00,1,9.0,24.0,0.6860556772938308,0.3036309154253712,0.6803315988886383,0.9450390735827987,9.5,1.682104428578076,-2.1333333333333333,
t1,rolling,2026-02-23,2026-02-23 18:00:00,2026-02-24,2026-02-24 04:00:00,2026-02-24 10:00:00,1,10.0,24.0,0.5831626263015219,0.2824467288322648,0.5642587267179415,0.9157446733378554,9.222222222222223,1.543354931454345,-1.5666666666666664,
t1,rolling,2026-02-23,2026-02-23 18:00:00,2026-02-24,2026-02-24 05:00:00,2026-02-24 11:00:00,1,11.0,24.0,0.5376957602174252,0.26047449005663975,0.5332478518265118,0.92327624991971,9.111111111111112,1.2729376930432887,-1.0999999999999999,
t1,rolling,2026-02-23,2026-02-23 18:00:00,2026-02-24,2026-02-24 06:00:00,2026-02-24 12:00:00,1,12.0,24.0,0.5066114567986457,0.2391841340117294,0.48083245258036056,0.8999890744954157,9.018518518518519,1.2697007197349592,-0.5666666666666667,
t1,rolling,2026-02-23,2026-02-23 18:00:00,2026-02-24,2026-02-24 07:00:00,2026-02-24 13:00:00,1,13.0,24.0,0.5004904846112788,0.22514690014436628,0.4944694110757091,0.8780370905955862,8.962962962962964,1.5215360713637074,-0.06666666666666665,
t1,rolling,2026-02-23,2026-02-23 18:00:00,2026-02-24,2026-02-24 08:00:00,2026-02-24 14:00:00,1,14.0,24.0,0.5072434477384661,0.20570071387836486,0.4988662166759115,0.8918788319722255,8.861111111111112,1.5840641588203617,0.2333333333333333,
t1,rolling,2026-02-23,2026-02-23 18:00:00,2026-02-24,2026-02-24 09:00:00,2026-02-24 15:00:00,1,15.0,24.0,0.5098405144234459,0.14723530011606273,0.47855619876886174,0.9003919761154322,8.851851851851853,1.4892447059629534,0.19999999999999996,
t1,rolling,2026-02-23,2026-02-23 18:00:00,2026-02-24,2026-02-24 10:00:00,2026-02-24 16:00:00,1,16.0,24.0,0.46334056261129664,0.13323022489511196,0.46318959051976916,0.8814007744840393,8.86111111111111,1.5413538221116756,0.03333333333333329,
t1,rolling,2026-02-23,2026-02-23 18:00:00,2026-02-24,2026-02-24 11:00:00,2026-02-24 17:00:00,1,17.0,24.0,0.3859957309806362,0.07221868333797837,0.37525000569256484,0.8403046954915077,8.592592592592593,1.4764962418724181,-0.16666666666666666,
t1,rolling,2026-02-23,2026-02-23 18:00:00,2026-02-24,2026-02-24 12:00:00,2026-02-24 18:00:00,1,18.0,24.0,0.29453811069052127,0.05091368824536729,0.3323234867084016,0.793968043993158,7.620370370370371,0.6817355605259245,-0.26666666666666666,
t1,rolling,2026-02-23,2026-02-23 18:00:00,2026-02-24,2026-02-24 13:00:00,2026-02-24 19:00:00,1,19.0,24.0,0.2980094146968656,0.03903478868083981,0.3042419226896753,0.7586481029133387,7.268518518518519,0.8634972912617968,-0.5666666666666668,
t1,rolling,2026-02-23,2026-02-23 18:00:00,2026-02-24,2026-02-24 14:00:00,2026-02-24 20:00:00,1,20.0,24.0,0.2345626211763852,0.02230540181673844,0.16380035047460184,0.6605191415898755,6.703703703703703,0.7034599967860212,-0.8333333333333334,
t1,rolling,2026-02-23,2026-02-23 18:00:00,2026-02-24,2026-02-24 15:00:00,2026-02-24 21:00:00,1,21.0,24.0,0.1739493366637832,0.01668533520937186,0.11382992189836062,0.4584763947093011,5.8240740740740735,0.45247376751372625,-0.9,
t1,rolling,2026-02-23,2026-02-23 18:00:00,2026-02-24,2026-02-24 16:00:00,2026-02-24 22:00:00,1,22.0,24.0,0.11155603506141933,0.010773043493337898,0.07541192020893799,0.26090642033399153,4.796296296296297,0.4169751944147296,-1.0,
t1,rolling,2026-02-23,2026-02-23 18:00:00,2026-02-24,2026-02-24 17:00:00,2026-02-24 23:00:00,1,23.0,24.0,0.0718762823428152,0.008581112568761075,0.035653974152910876,0.19129295150586337,4.018518518518518,0.6062517235137351,-1.1666666666666665,
t1,rolling,2026-02-23,2026-02-23 18:00:00,2026-02-24,2026-02-24 18:00:00,2026-02-25 00:00:00,2,24.0,48.0,0.05023477497293548,0.009071493847537837,0.017078971191251617,0.16576237131459254,2.175925925925926,1.2436050409765904,-2.533333333333333,
t1,rolling,2026-02-23,2026-02-23 18:00:00,2026-02-24,2026-02-24 19:00:00,2026-02-25 01:00:00,2,25.0,48.0,0.053659307950684965,0.009176407638616773,0.017806551073400064,0.16453385033802687,1.0648148148148149,0.7138042174891865,-2.733333333333333,
t1,rolling,2026-02-23,2026-02-23 18:00:00,2026-02-24,2026-02-24 20:00:00,2026-02-25 02:00:00,2,26.0,48.0,0.06082067710352461,0.009233584079728031,0.022336939224752543,0.193980667727015,1.027777777777778,0.5739993977714395,-3.0,
t1,rolling,2026-02-23,2026-02-23 18:00:00,2026-02-24,2026-02-24 21:00:00,2026-02-25 03:00:00,2,27.0,48.0,0.06843641608751765,0.009144436725994517,0.034201035874400085,0.21608181937936324,2.2222222222222228,1.233220715579062,-3.133333333333333,
t1,rolling,2026-02-23,2026-02-23 18:00:00,2026-02-24,2026-02-24 22:00:00,2026-02-25 04:00:00,2,28.0,48.0,0.09272483185424932,0.010849904641952715,0.062372134375371716,0.31819661702060853,3.435185185185185,1.910887691505528,-3.033333333333333,
t1,rolling,2026-02-23,2026-02-23 18:00:00,2026-02-24,2026-02-24 23:00:00,2026-02-25 05:00:00,2,29.0,48.0,0.17648745375939257,0.016587103321812624,0.12350790362196536,0.4556000983289611,4.5092592592592595,2.423097021779098,-2.6666666666666665,
t1,rolling,2026-02-23,2026-02-23 18:00:00,2026-02-24,2026-02-25 00:00:00,2026-02-25 06:00:00,2,30.0,48.0,0.27467060387638265,0.021516808196765717,0.21749948786363404,0.6210620593771305,4.935185185185186,3.414332234720795,-2.266666666666667,
t1,rolling,2026-02-23,2026-02-23 18:00:00,2026-02-24,2026-02-25 01:00:00,2026-02-25 07:00:00,2,31.0,48.0,0.35107368950179346,0.0400808462289481,0.2951164387187236,0.750485600078988,6.064814814814814,3.8172299977820403,-2.1999999999999997,
t1,rolling,2026-02-23,2026-02-23 18:00:00,2026-02-24,2026-02-25 02:00:00,2026-02-25 08:00:00,2,32.0,48.0,0.396009261355473,0.04566079608501321,0.3010393667559498,0.8051056783310642,7.296296296296297,3.750034293396007,-2.0,
t1,rolling,2026-02-23,2026-02-23 18:00:00,2026-02-24,2026-02-25 03:00:00,2026-02-25 09:00:00,2,33.0,48.0,0.4690570853995006,0.08597481478235056,0.36856193789933683,0.9055964421763951,8.564814814814815,3.169873295231046,-1.2666666666666666,
t1,rolling,2026-02-23,2026-02-23 18:00:00,2026-02-24,2026-02-25 04:00:00,2026-02-25 10:00:00,2,34.0,48.0,0.5739387672501067,0.12025004394105995,0.5339193758900396,0.9197748779078868,8.916666666666666,2.9566048680334363,-0.033333333333333326,
t1,rolling,2026-02-23,2026-02-23 18:00:00,2026-02-24,2026-02-25 05:00:00,2026-02-25 11:00:00,2,35.0,48.0,0.6539648812676898,0.1502375814979858,0.570305860444029,0.9306302095630716,8.620370370370372,2.8948034184164775,1.2333333333333334,
t1,rolling,2026-02-23,2026-02-23 18:00:00,2026-02-24,2026-02-25 06:00:00,2026-02-25 12:00:00,2,36.0,48.0,0.7490887709390449,0.2209426922801492,0.7333286715272788,0.9427153805285146,8.925925925925926,1.7392379249748389,2.5333333333333337,
t1,rolling,2026-02-23,2026-02-23 18:00:00,2026-02-24,2026-02-25 07:00:00,2026-02-25 13:00:00,2,37.0,48.0,0.6905832738758533,0.18084022824842064,0.7082317716818219,0.9041608569353202,8.851851851851853,1.6162115943450825,3.4333333333333336,
t1,rolling,2026-02-23,2026-02-23 18:00:00,2026-02-24,2026-02-25 08:00:00,2026-02-25 14:00:00,2,38.0,48.0,0.6408692820606275,0.15524210038347167,0.686026815654725,0.8644727707348147,8.148148148148147,1.5062455710024873,4.133333333333333,
t1,rolling,2026-02-23,2026-02-23 18:00:00,2026-02-24,2026-02-25 09:00:00,2026-02-25 15:00:00,2,39.0,48.0,0.46707008961818625,0.09260377321010464,0.49584334077358266,0.83588940439372,7.814814814814816,1.5318968042691525,4.533333333333333,
t1,rolling,2026-02-23,2026-02-23 18:00:00,2026-02-24,2026-02-25 10:00:00,2026-02-25 16:00:00,2,40.0,48.0,0.3445142897689091,0.07777546281329294,0.3057363869182112,0.752708665437643,7.111111111111112,1.736722114704509,4.533333333333332,
t1,rolling,2026-02-23,2026-02-23 18:00:00,2026-02-24,2026-02-25 11:00:00,2026-02-25 17:00:00,2,41.0,48.0,0.27259535530031104,0.04433846001752749,0.21572353799605248,0.6593812487563213,6.916666666666667,2.5043172599076984,4.266666666666667,
t1,rolling,2026-02-23,2026-02-23 18:00:00,2026-02-24,2026-02-25 12:00:00,2026-02-25 18:00:00,2,42.0,48.0,0.22719947855330472,0.019639258635082715,0.14528004957211132,0.5729747852520464,5.814814814814816,2.1100752819445208,3.266666666666667,
t1,rolling,2026-02-23,2026-02-23 18:00:00,2026-02-24,2026-02-25 13:00:00,2026-02-25 19:00:00,2,43.0,48.0,0.26041065268662056,0.025674424350144734,0.16257617787755527,0.6258620378656554,6.305555555555556,1.529292178722312,2.8333333333333335,
t1,rolling,2026-02-23,2026-02-23 18:00:00,2026-02-24,2026-02-25 14:00:00,2026-02-25 20:00:00,2,44.0,48.0,0.3018840964840515,0.04610892475458107,0.19455241581223764,0.7194414387585091,6.0740740740740735,0.5048631807487249,2.4,
t1,rolling,2026-02-23,2026-02-23 18:00:00,2026-02-24,2026-02-25 15:00:00,2026-02-25 21:00:00,2,45.0,48.0,0.5469909985592999,0.11857897984659319,0.48717404069171294,0.8864092851963232,6.7407407407407405,0.3699071176932996,1.7666666666666666,
t1,rolling,2026-02-23,2026-02-23 18:00:00,2026-02-24,2026-02-25 16:00:00,2026-02-25 22:00:00,2,46.0,48.0,0.7183492954671061,0.22040188046897966,0.6483201786394075,0.9813287680739056,8.777777777777779,1.5275252316519468,1.6666666666666667,
t1,rolling,2026-02-23,2026-02-23 18:00:00,2026-02-24,2026-02-25 17:00:00,2026-02-25 23:00:00,2,47.0,48.0,0.6877956209641616,0.23362549964801282,0.6630657763114439,0.989445554589602,10.555555555555555,2.592873662012958,1.8,
t1,rolling,2026-02-24,2026-02-24 18:00:00,2026-02-25,2026-02-24 18:00:00,2026-02-25 00:00:00,1,0.0,24.0,0.04827064361875411,0.009336282533392163,0.017680684377743415,0.15713094333853933,1.8796296296296298,0.5280213862734537,-1.4000000000000001,
t1,rolling,2026-02-24,2026-02-24 18:00:00,2026-02-25,2026-02-24 19:00:00,2026-02-25 01:00:00,1,1.0,24.0,0.04924787909550217,0.009252255073370892,0.017879208451370737,0.15858028398005933,0.9629629629629629,0.5619996631664266,-1.5333333333333332,
t1,rolling,2026-02-24,2026-02-24 18:00:00,2026-02-25,2026-02-24 20:00:00,2026-02-25 02:00:00,1,2.0,24.0,0.051930340779522584,0.009257696251886466,0.0182774513512399,0.1643070757644162,0.6481481481481481,0.1849535588466498,-1.5666666666666667,
t1,rolling,2026-02-24,2026-02-24 18:00:00,2026-02-25,2026-02-24 21:00:00,2026-02-25 03:00:00,1,3.0,24.0,0.05778489693779952,0.009385093200366122,0.02256180975989204,0.1988106472213283,1.0555555555555556,0.7997877804937761,-1.6000000000000003,
t1,rolling,2026-02-24,2026-02-24 18:00:00,2026-02-25,2026-02-24 22:00:00,2026-02-25 04:00:00,1,4.0,24.0,0.06485082555114986,0.009349501069925315,0.029614686740669152,0.2223950243717924,1.8333333333333333,0.9464847243000455,-1.5,
t1,rolling,2026-02-24,2026-02-24 18:00:00,2026-02-25,2026-02-24 23:00:00,2026-02-25 05:00:00,1,5.0,24.0,0.07349950716749071,0.01013530601856203,0.038589350797616426,0.26254574611296394,2.8518518518518516,1.4148499607812246,-1.2333333333333334,
t1,rolling,2026-02-24,2026-02-24 18:00:00,2026-02-25,2026-02-25 00:00:00,2026-02-25 06:00:00,1,6.0,24.0,0.12028172463054196,0.009304432026159826,0.07322132132912267,0.3613542052299706,3.2129629629629632,2.521716379361959,-1.0666666666666667,
t1,rolling,2026-02-24,2026-02-24 18:00:00,2026-02-25,2026-02-25 01:00:00,2026-02-25 07:00:00,1,7.0,24.0,0.15916412056367368,0.011194021972053374,0.08929345644620461,0.460319552455315,4.1759259259259265,2.5477436963687756,-0.8333333333333334,
t1,rolling,2026-02-24,2026-02-24 18:00:00,2026-02-25,2026-02-25 02:00:00,2026-02-25 08:00:00,1,8.0,24.0,0.18946693290695232,0.010007213440463224,0.1552338183933848,0.5220600510339628,5.009259259259259,2.32809155491485,-0.3333333333333333,
t1,rolling,2026-02-24,2026-02-24 18:00:00,2026-02-25,2026-02-25 03:00:00,2026-02-25 09:00:00,1,9.0,24.0,0.16472941176414072,0.009249680547746955,0.13756324700610706,0.4825611782855313,5.453703703703703,1.98418386161863,-0.03333333333333333,
t1,rolling,2026-02-24,2026-02-24 18:00:00,2026-02-25,2026-02-25 04:00:00,2026-02-25 10:00:00,1,10.0,24.0,0.14761228103806706,0.008092456038012215,0.1209658192786298,0.391644531987827,5.037037037037037,1.3235559721910646,0.5,
t1,rolling,2026-02-24,2026-02-24 18:00:00,2026-02-25,2026-02-25 05:00:00,2026-02-25 11:00:00,1,11.0,24.0,0.08107383999949212,0.008279251333438122,0.038660498829854714,0.26491102673151373,4.287037037037037,1.3626219883473083,1.1666666666666667,
t1,rolling,2026-02-24,2026-02-24 18:00:00,2026-02-25,2026-02-25 06:00:00,2026-02-25 12:00:00,1,12.0,24.0,0.08381449419582103,0.00844476322757177,0.04208442754322149,0.27022935311068536,3.3796296296296298,2.0039184864688293,1.5666666666666667,
t1,rolling,2026-02-24,2026-02-24 18:00:00,2026-02-25,2026-02-25 07:00:00,2026-02-25 13:00:00,1,13.0,24.0,0.07288884504300569,0.009477334995501284,0.02926783329575261,0.23699068086903857,3.175925925925926,1.6502275687936454,2.1666666666666665,
t1,rolling,2026-02-24,2026-02-24 18:00:00,2026-02-25,2026-02-25 08:00:00,2026-02-25 14:00:00,1,14.0,24.0,0.062351999352315834,0.009646178114470345,0.01864994586719956,0.1858454588467458,3.018518518518519,1.614061793504521,2.6999999999999997,
t1,rolling,2026-02-24,2026-02-24 18:00:00,2026-02-25,2026-02-25 09:00:00,2026-02-25 15:00:00,1,15.0,24.0,0.05800263637444528,0.00908345698900765,0.017550160149390964,0.1910137473701361,2.5,2.2116065888181162,3.1333333333333333,
t1,rolling,2026-02-24,2026-02-24 18:00:00,2026-02-25,2026-02-25 10:00:00,2026-02-25 16:00:00,1,16.0,24.0,0.06070273905690041,0.009194158251395865,0.019690213524831923,0.21315743539958787,2.0185185185185186,2.485813659010889,2.766666666666667,
t1,rolling,2026-02-24,2026-02-24 18:00:00,2026-02-25,2026-02-25 11:00:00,2026-02-25 17:00:00,1,17.0,24.0,0.06746201338766604,0.008881387545912629,0.025396548657095164,0.2331102112515758,2.8981481481481484,2.0299328984024227,2.1333333333333333,
t1,rolling,2026-02-24,2026-02-24 18:00:00,2026-02-25,2026-02-25 12:00:00,2026-02-25 18:00:00,1,18.0,24.0,0.09374668557077297,0.009663561328700021,0.0379591125590772,0.25962291957205014,2.944444444444444,2.2194427061597977,1.4333333333333333,
t1,rolling,2026-02-24,2026-02-24 18:00:00,2026-02-25,2026-02-25 13:00:00,2026-02-25 19:00:00,1,19.0,24.0,0.13708594648920308,0.009001935704269583,0.07200190453333802,0.35928319025363303,3.425925925925926,1.8403345553784956,0.7333333333333334,
t1,rolling,2026-02-24,2026-02-24 18:00:00,2026-02-25,2026-02-25 14:00:00,2026-02-25 20:00:00,1,20.0,24.0,0.18083664332086652,0.008722039539133739,0.12269490440639352,0.4478591337408388,3.7962962962962963,3.035455776246349,0.6,
t1,rolling,2026-02-24,2026-02-24 18:00:00,2026-02-25,2026-02-25 15:00:00,2026-02-25 21:00:00,1,21.0,24.0,0.22893620371062023,0.024527227450523967,0.1874784073899085,0.6145725640113964,4.583333333333333,4.123479892003002,0.3333333333333333,
t1,rolling,2026-02-24,2026-02-24 18:00:00,2026-02-25,2026-02-25 16:00:00,2026-02-25 22:00:00,1,22.0,24.0,0.3339789226578189,0.03588831010582594,0.26004807472259994,0.7738050936578532,5.268518518518518,3.3271161155106284,0.3333333333333333,
t1,rolling,2026-02-24,2026-02-24 18:00:00,2026-02-25,2026-02-25 17:00:00,2026-02-25 23:00:00,1,23.0,24.0,0.5357521380464725,0.09819777245218139,0.4917086863493399,0.9481761282809964,7.490740740740741,2.414643682870485,0.43333333333333335,
t1,rolling,2026-02-24,2026-02-24 18:00:00,2026-02-25,2026-02-25 18:00:00,2026-02-26 00:00:00,2,24.0,48.0,0.7759564233268353,0.2948139048818252,0.7658309611986074,0.984870101807927,11.064814814814815,0.6163496015052827,1.5666666666666667,
t1,rolling,2026-02-24,2026-02-24 18:00:00,2026-02-25,2026-02-25 19:00:00,2026-02-26 01:00:00,2,25.0,48.0,0.7991717766493516,0.4723226738012269,0.8404519875432225,0.9886244417839642,11.824074074074074,1.2128215919877785,1.5333333333333334,
t1,rolling,2026-02-24,2026-02-24 18:00:00,2026-02-25,2026-02-25 20:00:00,2026-02-26 02:00:00,2,26.0,48.0,0.7960133565331016,0.4851309510013013,0.84822621471287,0.9862338981959586,11.972222222222223,1.1097213530798995,1.4333333333333333,
t1,rolling,2026-02-24,2026-02-24 18:00:00,2026-02-25,2026-02-25 21:00:00,2026-02-26 03:00:00,2,27.0,48.0,0.8019520075930693,0.4882762819699919,0.8631520434755376,0.984261437642519,12.037037037037038,1.438645768106428,1.3333333333333333,
t1,rolling,2026-02-24,2026-02-24 18:00:00,2026-02-25,2026-02-25 22:00:00,2026-02-26 04:00:00,2,28.0,48.0,0.8216993558699015,0.4758563801848546,0.8651911512069504,0.9828885152374314,12.15740740740741,1.9385492645349012,1.3333333333333333,
t1,rolling,2026-02-24,2026-02-24 18:00:00,2026-02-25,2026-02-25 23:00:00,2026-02-26 05:00:00,2,29.0,48.0,0.7701455340197735,0.5399833539007577,0.857118804979156,0.9813084233302597,11.638888888888891,1.7166127283867085,1.3,
t1,rolling,2026-02-24,2026-02-24 18:00:00,2026-02-25,2026-02-26 00:00:00,2026-02-26 06:00:00,2,30.0,48.0,0.7553025312294448,0.5124323054140784,0.8182010933768188,0.9837222634632307,11.055555555555557,0.8731240914167623,1.1666666666666667,
t1,rolling,2026-02-24,2026-02-24 18:00:00,2026-02-25,2026-02-26 01:00:00,2026-02-26 07:00:00,2,31.0,48.0,0.7244647484996084,0.3893375544672288,0.7832467339589277,0.9789603984439096,10.712962962962962,0.46175769036265546,1.3,
t1,rolling,2026-02-24,2026-02-24 18:00:00,2026-02-25,2026-02-26 02:00:00,2026-02-26 08:00:00,2,32.0,48.0,0.5762653710367731,0.1994027611921597,0.6110610307618772,0.9723769064894082,10.305555555555555,3.192874010111337,1.5999999999999999,
t1,rolling,2026-02-24,2026-02-24 18:00:00,2026-02-25,2026-02-26 03:00:00,2026-02-26 09:00:00,2,33.0,48.0,0.6847624746754091,0.31443163832677806,0.7364681304140218,0.9805146903468941,11.416666666666666,1.3752104216096181,1.5333333333333332,
t1,rolling,2026-02-24,2026-02-24 18:00:00,2026-02-25,2026-02-26 04:00:00,2026-02-26 10:00:00,2,34.0,48.0,0.4374978543667522,0.09310609491059298,0.358217414616448,0.8879637828238203,9.398148148148147,4.002057084219289,1.366666666666667,
t1,rolling,2026-02-24,2026-02-24 18:00:00,2026-02-25,2026-02-26 05:00:00,2026-02-26 11:00:00,2,35.0,48.0,0.320522486941271,0.01333307093570234,0.27087593493030904,0.7284786353031143,6.203703703703705,2.414643682870485,2.266666666666667,
t1,rolling,2026-02-24,2026-02-24 18:00:00,2026-02-25,2026-02-26 06:00:00,2026-02-26 12:00:00,2,36.0,48.0,0.38182245027815326,0.03847433645702789,0.3604057247254065,0.7206410061952118,8.101851851851853,1.3056540545979491,2.566666666666667,
t1,rolling,2026-02-24,2026-02-24 18:00:00,2026-02-25,2026-02-26 07:00:00,2026-02-26 13:00:00,2,37.0,48.0,0.5183060574010694,0.043333048336542904,0.40195599194996706,0.8999225768798802,5.9444444444444455,4.44157893735889,2.5,
t1,rolling,2026-02-24,2026-02-24 18:00:00,2026-02-25,2026-02-26 08:00:00,2026-02-26 14:00:00,2,38.0,48.0,0.4949788442614634,0.0351847435846627,0.42926709747843955,0.8572297343537763,7.324074074074073,2.8819807003520412,1.8333333333333333,
t1,rolling,2026-02-24,2026-02-24 18:00:00,2026-02-25,2026-02-26 09:00:00,2026-02-26 15:00:00,2,39.0,48.0,0.6071967579016985,0.0773862919666601,0.5139194473413158,0.9249101967895126,8.074074074074074,2.3515055154730997,1.2666666666666666,
t1,rolling,2026-02-24,2026-02-24 18:00:00,2026-02-25,2026-02-26 10:00:00,2026-02-26 16:00:00,2,40.0,48.0,0.533182939863373,0.09356391042040815,0.5219096693752063,0.908372053345569,8.907407407407407,1.5610847500080893,1.2,
t1,rolling,2026-02-24,2026-02-24 18:00:00,2026-02-25,2026-02-26 11:00:00,2026-02-26 17:00:00,2,41.0,48.0,0.5685807711273513,0.0973241461738436,0.5664767821704221,0.8993960190606735,8.212962962962962,0.8981004187394177,0.5333333333333333,
t1,rolling,2026-02-24,2026-02-24 18:00:00,2026-02-25,2026-02-26 12:00:00,2026-02-26 18:00:00,2,42.0,48.0,0.6559140162199603,0.11735751754330805,0.636488049529105,0.9508725831542231,8.675925925925926,0.6188483263521087,0.5666666666666668,
t1,rolling,2026-02-24,2026-02-24 18:00:00,2026-02-25,2026-02-26 13:00:00,2026-02-26 19:00:00,2,43.0,48.0,0.6942481373245603,0.23528761191259961,0.6510752470575399,0.9820347107420091,8.425925925925926,1.7687124190775554,0.8333333333333334,
t1,rolling,2026-02-24,2026-02-24 18:00:00,2026-02-25,2026-02-26 14:00:00,2026-02-26 20:00:00,2,44.0,48.0,0.6634394227065149,0.29934990173959647,0.6662649104587639,0.9769946725497796,8.925925925925927,1.777850114269081,0.9333333333333332,
t1,rolling,2026-02-24,2026-02-24 18:00:00,2026-02-25,2026-02-26 15:00:00,2026-02-26 21:00:00,2,45.0,48.0,0.7908839728313168,0.39815566864614743,0.8298838460598144,0.9914010644689548,11.472222222222223,0.33793125168323424,0.9666666666666668,
t1,rolling,2026-02-24,2026-02-24 18:00:00,2026-02-25,2026-02-26 16:00:00,2026-02-26 22:00:00,2,46.0,48.0,0.8086932014172459,0.49341749170025584,0.852784258422492,0.9887745601934245,11.833333333333334,1.1650120541950435,1.2333333333333334,
t1,rolling,2026-02-24,2026-02-24 18:00:00,2026-02-25,2026-02-26 17:00:00,2026-02-26 23:00:00,2,47.0,48.0,0.7953248347093458,0.45974806225265824,0.8417334675102127,0.9889924803803002,11.25,1.0555555555555545,1.0999999999999999,
t1,rolling,2026-02-25,2026-02-25 18:00:00,2026-02-26,2026-02-25 18:00:00,2026-02-26 00:00:00,1,0.0,24.0,0.6752027618417282,0.3861889770114251,0.6881109492051083,0.9812660674048169,9.601851851851853,2.487054962567429,0.8000000000000002,
t1,rolling,2026-02-25,2026-02-25 18:00:00,2026-02-26,2026-02-25 19:00:00,2026-02-26 01:00:00,1,1.0,24.0,0.6946973388864554,0.43466466082533495,0.749346491007877,0.9876917332056652,10.666666666666666,2.307562713993348,0.8666666666666667,
t1,rolling,2026-02-25,2026-02-25 18:00:00,2026-02-26,2026-02-25 20:00:00,2026-02-26 02:00:00,1,2.0,24.0,0.7155039937655737,0.4510532258933111,0.7968254513774694,0.9873276972264833,11.101851851851853,2.1953818907175426,0.8666666666666666,
t1,rolling,2026-02-25,2026-02-25 18:00:00,2026-02-26,2026-02-25 21:00:00,2026-02-26 03:00:00,1,3.0,24.0,0.732304868555107,0.5052440479129644,0.7829380411744363,0.9874137771347943,10.916666666666666,2.1204108034314113,0.7999999999999999,
t1,rolling,2026-02-25,2026-02-25 18:00:00,2026-02-26,2026-02-25 22:00:00,2026-02-26 04:00:00,1,4.0,24.0,0.7879115143314515,0.5229338517769407,0.8587232243012721,0.982110618397749,11.731481481481481,0.35825078003987165,0.7999999999999999,
t1,rolling,2026-02-25,2026-02-25 18:00:00,2026-02-26,2026-02-25 23:00:00,2026-02-26 05:00:00,1,5.0,24.0,0.7779801208545517,0.4218316440793419,0.8493225356515198,0.9815312717544877,11.277777777777779,0.37371177908538034,0.5666666666666668,
t1,rolling,2026-02-25,2026-02-25 18:00:00,2026-02-26,2026-02-26 00:00:00,2026-02-26 06:00:00,1,6.0,24.0,0.7405464225859871,0.4312920273707768,0.8370546864991074,0.9784325269815729,11.685185185185185,1.2392542228318553,0.5,
t1,rolling,2026-02-25,2026-02-25 18:00:00,2026-02-26,2026-02-26 01:00:00,2026-02-26 07:00:00,1,7.0,24.0,0.682039512680729,0.3491984788473084,0.774485313095283,0.9691787810264909,11.462962962962964,0.9579642338057447,0.6666666666666666,
t1,rolling,2026-02-25,2026-02-25 18:00:00,2026-02-26,2026-02-26 02:00:00,2026-02-26 08:00:00,1,8.0,24.0,0.6194962400299662,0.2577397353128389,0.6796684690320904,0.9513365328516908,10.851851851851853,1.3032880229565118,0.8333333333333334,
t1,rolling,2026-02-25,2026-02-25 18:00:00,2026-02-26,2026-02-26 03:00:00,2026-02-26 09:00:00,1,9.0,24.0,0.46070345462378415,0.09386169579336912,0.44979479679254564,0.7794788631782573,8.24074074074074,0.603700863433446,1.4333333333333333,
t1,rolling,2026-02-25,2026-02-25 18:00:00,2026-02-26,2026-02-26 04:00:00,2026-02-26 10:00:00,1,10.0,24.0,0.3062501394624019,0.02780167932743461,0.20066081477863015,0.679218532934823,4.25,2.7705461421759296,2.6333333333333333,
t1,rolling,2026-02-25,2026-02-25 18:00:00,2026-02-26,2026-02-26 05:00:00,2026-02-26 11:00:00,1,11.0,24.0,0.34591998673589586,0.018042942189125097,0.2546302331626243,0.888128884114533,6.916666666666667,5.240290845759246,2.9,
t1,rolling,2026-02-25,2026-02-25 18:00:00,2026-02-26,2026-02-26 06:00:00,2026-02-26 12:00:00,1,12.0,24.0,0.3514935332702314,0.008856726870127396,0.35199978086370065,0.841255302991889,7.453703703703703,3.806704341341317,3.033333333333333,
t1,rolling,2026-02-25,2026-02-25 18:00:00,2026-02-26,2026-02-26 07:00:00,2026-02-26 13:00:00,1,13.0,24.0,0.48575944738505533,0.057948328522681405,0.5103382913680609,0.8902207095580518,8.212962962962964,1.3811823228862654,2.6666666666666665,
t1,rolling,2026-02-25,2026-02-25 18:00:00,2026-02-26,2026-02-26 08:00:00,2026-02-26 14:00:00,1,14.0,24.0,0.414568706944694,0.047167767605664004,0.4378403016170455,0.7885260856686216,8.00925925925926,0.57890737156817,2.0666666666666664,
t1,rolling,2026-02-25,2026-02-25 18:00:00,2026-02-26,2026-02-26 09:00:00,2026-02-26 15:00:00,1,15.0,24.0,0.3968542711562313,0.03840774893889618,0.4472975214383645,0.8363063517495394,7.842592592592593,1.430038561740851,0.9666666666666667,
t1,rolling,2026-02-25,2026-02-25 18:00:00,2026-02-26,2026-02-26 10:00:00,2026-02-26 16:00:00,1,16.0,24.0,0.49992357172189394,0.09367874033577729,0.500792564804356,0.9489762881362359,8.092592592592593,1.0070482066589361,0.1333333333333334,
t1,rolling,2026-02-25,2026-02-25 18:00:00,2026-02-26,2026-02-26 11:00:00,2026-02-26 17:00:00,1,17.0,24.0,0.6104277768632839,0.2234055062666436,0.6929689824939468,0.9730126733375792,9.63888888888889,1.3611111111111118,0.2333333333333333,
t1,rolling,2026-02-25,2026-02-25 18:00:00,2026-02-26,2026-02-26 12:00:00,2026-02-26 18:00:00,1,18.0,24.0,0.7652788774186662,0.34108946204360696,0.8026816502821191,0.9801067444359298,10.879629629629628,2.158162322220806,0.6,
t1,rolling,2026-02-25,2026-02-25 18:00:00,2026-02-26,2026-02-26 13:00:00,2026-02-26 19:00:00,1,19.0,24.0,0.7684895865190395,0.418928353271751,0.823054262482114,0.982081740229721,11.14814814814815,2.1010971071080804,1.0999999999999999,
t1,rolling,2026-02-25,2026-02-25 18:00:00,2026-02-26,2026-02-26 14:00:00,2026-02-26 20:00:00,1,20.0,24.0,0.767566918916949,0.4198661675204497,0.8461119292525983,0.9874693540953349,10.824074074074074,1.4343486211790315,1.4333333333333333,
t1,rolling,2026-02-25,2026-02-25 18:00:00,2026-02-26,2026-02-26 15:00:00,2026-02-26 21:00:00,1,21.0,24.0,0.7990936474580472,0.47792678060993266,0.8642216007456356,0.9868965866961651,10.888888888888891,0.4867059852204227,1.633333333333333,
t1,rolling,2026-02-25,2026-02-25 18:00:00,2026-02-26,2026-02-26 16:00:00,2026-02-26 22:00:00,1,22.0,24.0,0.8444979181641907,0.5491495166709425,0.8810564509371741,0.9871255530968503,11.555555555555555,1.0826208483280608,1.5666666666666667,
t1,rolling,2026-02-25,2026-02-25 18:00:00,2026-02-26,2026-02-26 17:00:00,2026-02-26 23:00:00,1,23.0,24.0,0.8381538823493925,0.568468061261571,0.8931738721704033,0.9886764774641836,11.296296296296298,1.0005142710548216,1.5666666666666667,
t1,rolling,2026-02-25,2026-02-25 18:00:00,2026-02-26,2026-02-26 18:00:00,2026-02-27 00:00:00,2,24.0,48.0,0.8228836861164079,0.5533666934512549,0.8875853183400241,0.9888465145020173,11.694444444444445,2.328533422829607,0.06666666666666658,
t1,rolling,2026-02-25,2026-02-25 18:00:00,2026-02-26,2026-02-26 19:00:00,2026-02-27 01:00:00,2,25.0,48.0,0.843328043693003,0.5597396677316542,0.8992764312048909,0.9888556887933561,11.90740740740741,2.4199105516917983,-0.16666666666666666,
t1,rolling,2026-02-25,2026-02-25 18:00:00,2026-02-26,2026-02-26 20:00:00,2026-02-27 02:00:00,2,26.0,48.0,0.8503961971051069,0.5644567879978116,0.9054295228518161,0.9825832849400897,11.842592592592593,1.7036030566084335,-0.3999999999999999,
t1,rolling,2026-02-25,2026-02-25 18:00:00,2026-02-26,2026-02-26 21:00:00,2026-02-27 03:00:00,2,27.0,48.0,0.8136673122291906,0.594423635424069,0.8519967122434381,0.9806843824106679,11.888888888888891,1.1824331474329306,-0.8333333333333334,
t1,rolling,2026-02-25,2026-02-25 18:00:00,2026-02-26,2026-02-26 22:00:00,2026-02-27 04:00:00,2,28.0,48.0,0.7969135932140012,0.5012065409599896,0.8482480437964113,0.9749424360203744,11.518518518518519,0.7506855577299745,-0.9666666666666668,
t1,rolling,2026-02-25,2026-02-25 18:00:00,2026-02-26,2026-02-26 23:00:00,2026-02-27 05:00:00,2,29.0,48.0,0.7007314165144364,0.3765948437740669,0.7542904640304366,0.9453575966208861,10.24074074074074,1.5640475875008022,-0.9333333333333332,
t1,rolling,2026-02-25,2026-02-25 18:00:00,2026-02-26,2026-02-27 00:00:00,2026-02-27 06:00:00,2,30.0,48.0,0.6926951028145558,0.35078587869320715,0.7439021752929623,0.9350034848021385,9.555555555555555,0.8664707755823451,-0.8000000000000002,
t1,rolling,2026-02-25,2026-02-25 18:00:00,2026-02-26,2026-02-27 01:00:00,2026-02-27 07:00:00,2,31.0,48.0,0.5708432222216893,0.21401625411184144,0.5898955655435557,0.9171817774677549,8.574074074074074,1.7396815138258288,-0.7000000000000001,
t1,rolling,2026-02-25,2026-02-25 18:00:00,2026-02-26,2026-02-27 02:00:00,2026-02-27 08:00:00,2,32.0,48.0,0.44517652423890064,0.06618423333428623,0.46836118537012417,0.8659152095477208,8.175925925925926,2.0184972815736377,-0.7333333333333334,
t1,rolling,2026-02-25,2026-02-25 18:00:00,2026-02-26,2026-02-27 03:00:00,2026-02-27 09:00:00,2,33.0,48.0,0.38444062615446,0.04054470034230948,0.3592631813611301,0.8313998715689669,7.87962962962963,1.8224282855484542,-0.4666666666666666,
t1,rolling,2026-02-25,2026-02-25 18:00:00,2026-02-26,2026-02-27 04:00:00,2026-02-27 10:00:00,2,34.0,48.0,0.31516741623147493,0.03022517115386318,0.2977741456029169,0.7250269458900608,6.9259259259259265,1.3657328938883178,-0.0333333333333334,
t1,rolling,2026-02-25,2026-02-25 18:00:00,2026-02-26,2026-02-27 05:00:00,2026-02-27 11:00:00,2,35.0,48.0,0.2627185781426735,0.03932610414069009,0.2545284383365043,0.6738849570586914,6.185185185185186,0.7398142353865996,0.7000000000000001,
t1,rolling,2026-02-25,2026-02-25 18:00:00,2026-02-26,2026-02-27 06:00:00,2026-02-27 12:00:00,2,36.0,48.0,0.28772543310155685,0.029475489719730318,0.26915236005896326,0.7245965152673487,6.5,1.709405715807271,0.4666666666666666,
t1,rolling,2026-02-25,2026-02-25 18:00:00,2026-02-26,2026-02-27 07:00:00,2026-02-27 13:00:00,2,37.0,48.0,0.38936049247790794,0.0524610067758977,0.4132474759610157,0.8571577666389876,7.361111111111112,2.3334986713908195,0.6,
t1,rolling,2026-02-25,2026-02-25 18:00:00,2026-02-26,2026-02-27 08:00:00,2026-02-27 14:00:00,2,38.0,48.0,0.5875009318920815,0.14674572728497998,0.5426356002756274,0.968180676446353,8.685185185185185,2.6559874900543305,0.5333333333333333,
t1,rolling,2026-02-25,2026-02-25 18:00:00,2026-02-26,2026-02-27 09:00:00,2026-02-27 15:00:00,2,39.0,48.0,0.699631184798872,0.2861606320731603,0.7449130477534831,0.9760462374292956,9.861111111111112,2.647500568320857,0.20000000000000004,
t1,rolling,2026-02-25,2026-02-25 18:00:00,2026-02-26,2026-02-27 10:00:00,2026-02-27 16:00:00,2,40.0,48.0,0.8262214868040715,0.42232234571404614,0.8587226374857879,0.9852200710879945,10.833333333333334,2.5289984842489193,-0.4666666666666666,
t1,rolling,2026-02-25,2026-02-25 18:00:00,2026-02-26,2026-02-27 11:00:00,2026-02-27 17:00:00,2,41.0,48.0,0.8050038530858565,0.47815788330727216,0.8732843300342117,0.9818255456886636,11.740740740740742,2.4203887896377534,-1.6000000000000003,
t1,rolling,2026-02-25,2026-02-25 18:00:00,2026-02-26,2026-02-27 12:00:00,2026-02-27 18:00:00,2,42.0,48.0,0.8222483376246007,0.48731457902555364,0.8830859582226145,0.9838228231272336,11.796296296296296,2.0998113769884292,-2.6333333333333333,
t1,rolling,2026-02-25,2026-02-25 18:00:00,2026-02-26,2026-02-27 13:00:00,2026-02-27 19:00:00,2,43.0,48.0,0.8313409762128522,0.5060053799133692,0.8803957601148142,0.9855770703899092,11.870370370370372,1.9956227820071222,-3.5,
t1,rolling,2026-02-25,2026-02-25 18:00:00,2026-02-26,2026-02-27 14:00:00,2026-02-27 20:00:00,2,44.0,48.0,0.8181309166522475,0.5838443634629024,0.8596056822347805,0.9835748364046889,11.444444444444445,2.032908273725776,-4.1,
t1,rolling,2026-02-25,2026-02-25 18:00:00,2026-02-26,2026-02-27 15:00:00,2026-02-27 21:00:00,2,45.0,48.0,0.8036208515741632,0.5726644722819526,0.8177650587622812,0.9855163676498746,11.055555555555557,2.1886350670658015,-4.566666666666666,
t1,rolling,2026-02-25,2026-02-25 18:00:00,2026-02-26,2026-02-27 16:00:00,2026-02-27 22:00:00,2,46.0,48.0,0.7770911781713781,0.534385756835815,0.7718795833422334,0.9868061336277196,10.481481481481483,2.5580201481202804,-4.8,
t1,rolling,2026-02-25,2026-02-25 18:00:00,2026-02-26,2026-02-27 17:00:00,2026-02-27 23:00:00,2,47.0,48.0,0.7180029029766752,0.4538113436000835,0.7199216856125646,0.9762358170881877,10.037037037037038,2.9518164178364916,-4.966666666666667,
t1,rolling,2026-02-26,2026-02-26 18:00:00,2026-02-27,2026-02-26 18:00:00,2026-02-27 00:00:00,1,0.0,24.0,0.7495005966282875,0.44394865613407625,0.7994917432517299,0.9785525897058219,11.416666666666666,2.0053939608644487,1.7,
t1,rolling,2026-02-26,2026-02-26 18:00:00,2026-02-27,2026-02-26 19:00:00,2026-02-27 01:00:00,1,1.0,24.0,0.7293888236171466,0.4411506278760627,0.7504634518064836,0.9556331514191845,10.842592592592593,1.9453040427989758,1.5,
t1,rolling,2026-02-26,2026-02-26 18:00:00,2026-02-27,2026-02-26 20:00:00,2026-02-27 02:00:00,1,2.0,24.0,0.6716448552759092,0.4292177557532071,0.6728097679994008,0.945818695804354,10.305555555555555,1.6218511752216678,1.2000000000000002,
t1,rolling,2026-02-26,2026-02-26 18:00:00,2026-02-27,2026-02-26 21:00:00,2026-02-27 03:00:00,1,3.0,24.0,0.5886106117075611,0.33213383058909834,0.632610540772552,0.9177225998102989,9.342592592592593,0.7501714481677433,0.8333333333333334,
t1,rolling,2026-02-26,2026-02-26 18:00:00,2026-02-27,2026-02-26 22:00:00,2026-02-27 04:00:00,1,4.0,24.0,0.5506254242351202,0.20348056765037173,0.5435946010359024,0.928864363557523,9.287037037037038,1.1507959313971206,0.6,
t1,rolling,2026-02-26,2026-02-26 18:00:00,2026-02-27,2026-02-26 23:00:00,2026-02-27 05:00:00,1,5.0,24.0,0.497258442447253,0.1317865158972187,0.5274874144610798,0.8990125813056931,8.879629629629632,1.2565671113592767,0.4000000000000001,
t1,rolling,2026-02-26,2026-02-26 18:00:00,2026-02-27,2026-02-27 00:00:00,2026-02-27 06:00:00,1,6.0,24.0,0.38613156588663794,0.060153217907087234,0.4369881482371251,0.8340790421991353,7.879629629629631,1.2216960146711517,0.5,
t1,rolling,2026-02-26,2026-02-26 18:00:00,2026-02-27,2026-02-27 01:00:00,2026-02-27 07:00:00,1,7.0,24.0,0.3804605892523905,0.04920286796929319,0.40803999947464553,0.7934291558923472,7.453703703703705,0.7980170898672317,0.13333333333333333,
t1,rolling,2026-02-26,2026-02-26 18:00:00,2026-02-27,2026-02-27 02:00:00,2026-02-27 08:00:00,1,8.0,24.0,0.3755414459083151,0.031269087794983386,0.36912919705099817,0.7933657669732612,7.018518518518519,0.47898211690287285,0.2333333333333333,
t1,rolling,2026-02-26,2026-02-26 18:00:00,2026-02-27,2026-02-27 03:00:00,2026-02-27 09:00:00,1,9.0,24.0,0.3191420591438242,0.029824943546154708,0.29268985655135077,0.7612931278693321,6.814814814814814,0.610058015186264,0.5333333333333333,
t1,rolling,2026-02-26,2026-02-26 18:00:00,2026-02-27,2026-02-27 04:00:00,2026-02-27 10:00:00,1,10.0,24.0,0.23048562219191954,0.023136681728535873,0.23024499081178842,0.6729001746817617,6.666666666666667,0.20971762320196546,0.8333333333333334,
t1,rolling,2026-02-26,2026-02-26 18:00:00,2026-02-27,2026-02-27 05:00:00,2026-02-27 11:00:00,1,11.0,24.0,0.22370771860499067,0.021412414863534228,0.1890339900593823,0.6432466671179158,6.342592592592593,0.7455285086444692,1.4333333333333333,
t1,rolling,2026-02-26,2026-02-26 18:00:00,2026-02-27,2026-02-27 06:00:00,2026-02-27 12:00:00,1,12.0,24.0,0.24837292730033214,0.020970690497343826,0.2131198211455116,0.6653239339152961,6.0740740740740735,0.9036676525899598,2.1333333333333333,
t1,rolling,2026-02-26,2026-02-26 18:00:00,2026-02-27,2026-02-27 07:00:00,2026-02-27 13:00:00,1,13.0,24.0,0.32168031334155556,0.029625329348186586,0.356381129977857,0.744997482530715,6.666666666666667,1.370151383904281,2.433333333333333,
t1,rolling,2026-02-26,2026-02-26 18:00:00,2026-02-27,2026-02-27 08:00:00,2026-02-27 14:00:00,1,14.0,24.0,0.4180373498321628,0.031787078996266156,0.4202963547441729,0.8833974311653051,7.685185185185186,1.6066349056847395,2.5,
t1,rolling,2026-02-26,2026-02-26 18:00:00,2026-02-27,2026-02-27 09:00:00,2026-02-27 15:00:00,1,15.0,24.0,0.5307029583493075,0.1214681358588778,0.5389912145019746,0.944116547286934,8.722222222222223,1.7653646494928503,2.1,
t1,rolling,2026-02-26,2026-02-26 18:00:00,2026-02-27,2026-02-27 10:00:00,2026-02-27 16:00:00,1,16.0,24.0,0.6987384506268198,0.2715179424807552,0.727513253723432,0.9663720840650123,9.898148148148149,1.748309000760425,1.3,
t1,rolling,2026-02-26,2026-02-26 18:00:00,2026-02-27,2026-02-27 11:00:00,2026-02-27 17:00:00,1,17.0,24.0,0.7870182771055889,0.42801085211289197,0.8403947432324255,0.9822899568324086,10.898148148148147,1.4985418152378875,0.06666666666666665,
t1,rolling,2026-02-26,2026-02-26 18:00:00,2026-02-27,2026-02-27 12:00:00,2026-02-27 18:00:00,1,18.0,24.0,0.7866615221340285,0.450804805213558,0.8412973648555889,0.9835900082836712,11.046296296296298,2.4610128732170247,-0.3666666666666667,
t1,rolling,2026-02-26,2026-02-26 18:00:00,2026-02-27,2026-02-27 13:00:00,2026-02-27 19:00:00,1,19.0,24.0,0.8122532007747172,0.4667346903228471,0.8608315560200872,0.9829812383928986,11.157407407407407,2.415602149538695,-1.3666666666666665,
t1,rolling,2026-02-26,2026-02-26 18:00:00,2026-02-27,2026-02-27 14:00:00,2026-02-27 20:00:00,1,20.0,24.0,0.8161825087220996,0.48479488309828633,0.8586314512459824,0.9829482071862502,11.194444444444445,2.430674600259295,-2.1666666666666665,
t1,rolling,2026-02-26,2026-02-26 18:00:00,2026-02-27,2026-02-27 15:00:00,2026-02-27 21:00:00,1,21.0,24.0,0.7908782527510251,0.4975800438613609,0.8104591813182813,0.9761303128169845,10.981481481481483,2.2452510468485447,-2.9000000000000004,
t1,rolling,2026-02-26,2026-02-26 18:00:00,2026-02-27,2026-02-27 16:00:00,2026-02-27 22:00:00,1,22.0,24.0,0.7695317941923299,0.48915958892188227,0.7543930678622784,0.9694407939682747,10.62962962962963,2.07541705858803,-3.466666666666667,
t1,rolling,2026-02-26,2026-02-26 18:00:00,2026-02-27,2026-02-27 17:00:00,2026-02-27 23:00:00,1,23.0,24.0,0.7305736927181,0.4253901088679752,0.7002346622074374,0.9680102458561648,10.305555555555557,2.2102105927258457,-4.1,
t1,rolling,2026-02-26,2026-02-26 18:00:00,2026-02-27,2026-02-27 18:00:00,2026-02-28 00:00:00,2,24.0,48.0,0.6518453172665747,0.34986592789988996,0.6243033082798768,0.9559119291469506,9.75925925925926,2.6974973159481226,-4.733333333333333,
t1,rolling,2026-02-26,2026-02-26 18:00:00,2026-02-27,2026-02-27 19:00:00,2026-02-28 01:00:00,2,25.0,48.0,0.6919464563312057,0.27319556614902735,0.6259889531356969,0.9675803922661552,9.935185185185185,3.1389298587952252,-5.2,
t1,rolling,2026-02-26,2026-02-26 18:00:00,2026-02-27,2026-02-27 20:00:00,2026-02-28 02:00:00,2,26.0,48.0,0.739267068649156,0.3342223828685927,0.7312332194252569,0.9695138271015589,10.185185185185185,3.439549987313215,-5.666666666666667,
t1,rolling,2026-02-26,2026-02-26 18:00:00,2026-02-27,2026-02-27 21:00:00,2026-02-28 03:00:00,2,27.0,48.0,0.8034161849466203,0.34236084691134033,0.8189811609423745,0.971044441863121,10.370370370370372,3.4401107743672577,-6.2,
t1,rolling,2026-02-26,2026-02-26 18:00:00,2026-02-27,2026-02-27 22:00:00,2026-02-28 04:00:00,2,28.0,48.0,0.810168980316221,0.39346082941514265,0.8517202976454895,0.9775256039874738,10.648148148148149,2.913402053035891,-6.733333333333333,
t1,rolling,2026-02-26,2026-02-26 18:00:00,2026-02-27,2026-02-27 23:00:00,2026-02-28 05:00:00,2,29.0,48.0,0.8322159693903701,0.47517891494750086,0.8707218921214267,0.9818956944405214,11.092592592592593,2.4422865054054563,-7.366666666666667,
t1,rolling,2026-02-26,2026-02-26 18:00:00,2026-02-27,2026-02-28 00:00:00,2026-02-28 06:00:00,2,30.0,48.0,0.8322548733973154,0.4907834807494981,0.8635807165957684,0.9820222568173438,11.759259259259261,2.27647885276323,-7.866666666666667,
t1,rolling,2026-02-26,2026-02-26 18:00:00,2026-02-27,2026-02-28 01:00:00,2026-02-28 07:00:00,2,31.0,48.0,0.8180673509172088,0.5503664970773865,0.8530109733927266,0.9815865532964986,11.555555555555557,2.025493386014904,-8.133333333333333,
t1,rolling,2026-02-26,2026-02-26 18:00:00,2026-02-27,2026-02-28 02:00:00,2026-02-28 08:00:00,2,32.0,48.0,0.8183825467628947,0.5597010202511635,0.8527204698257128,0.9816843772473666,11.157407407407407,1.8954814149019463,-8.200000000000001,
t1,rolling,2026-02-26,2026-02-26 18:00:00,2026-02-27,2026-02-28 03:00:00,2026-02-28 09:00:00,2,33.0,48.0,0.8168203499391219,0.5521511104342175,0.851328708868837,0.9817386270580027,10.925925925925926,1.8262348547916742,-8.166666666666666,
t1,rolling,2026-02-26,2026-02-26 18:00:00,2026-02-27,2026-02-28 04:00:00,2026-02-28 10:00:00,2,34.0,48.0,0.7969769424901689,0.5484685620631494,0.8184668814765602,0.979492261920884,10.64814814814815,1.486132744736965,-7.966666666666666,
t1,rolling,2026-02-26,2026-02-26 18:00:00,2026-02-27,2026-02-28 05:00:00,2026-02-28 11:00:00,2,35.0,48.0,0.8097310428512661,0.5567532377312232,0.8314183648610809,0.9768445702127339,10.731481481481483,1.2793870703271026,-7.666666666666667,
t1,rolling,2026-02-26,2026-02-26 18:00:00,2026-02-27,2026-02-28 06:00:00,2026-02-28 12:00:00,2,36.0,48.0,0.8430613319469199,0.5997429320769895,0.8732421747497078,0.9781374682442437,10.314814814814815,0.8608123735093686,-6.466666666666666,
t1,rolling,2026-02-26,2026-02-26 18:00:00,2026-02-27,2026-02-28 07:00:00,2026-02-28 13:00:00,2,37.0,48.0,0.8595429667387507,0.5487899965758369,0.8914726414807871,0.9746662245929577,10.620370370370372,0.6528270272989757,-6.266666666666667,
t1,rolling,2026-02-26,2026-02-26 18:00:00,2026-02-27,2026-02-28 08:00:00,2026-02-28 14:00:00,2,38.0,48.0,0.828443784728779,0.5150738857264331,0.8671395224384959,0.968139810842242,10.805555555555557,0.8069910581296647,-6.133333333333333,
t1,rolling,2026-02-26,2026-02-26 18:00:00,2026-02-27,2026-02-28 09:00:00,2026-02-28 15:00:00,2,39.0,48.0,0.7708526333261962,0.4689766798169037,0.7947104647870364,0.9669309652874681,10.888888888888891,1.1097213530798995,-6.166666666666667,
t1,rolling,2026-02-26,2026-02-26 18:00:00,2026-02-27,2026-02-28 10:00:00,2026-02-28 16:00:00,2,40.0,48.0,0.7347003121354789,0.4460182529033755,0.7423236495554358,0.9645726072261097,10.592592592592593,1.5189983433428058,-6.2,
t1,rolling,2026-02-26,2026-02-26 18:00:00,2026-02-27,2026-02-28 11:00:00,2026-02-28 17:00:00,2,41.0,48.0,0.7006353148079558,0.3783816389073749,0.6930923390014507,0.9587349990986566,10.157407407407407,1.8975157031290675,-6.333333333333333,
t1,rolling,2026-02-26,2026-02-26 18:00:00,2026-02-27,2026-02-28 12:00:00,2026-02-28 18:00:00,2,42.0,48.0,0.6697922865202495,0.23185047910114184,0.6294270204159579,0.9315568984387677,9.944444444444445,2.466441431158123,-6.866666666666667,
t1,rolling,2026-02-26,2026-02-26 18:00:00,2026-02-27,2026-02-28 13:00:00,2026-02-28 19:00:00,2,43.0,48.0,0.5526903574381696,0.14453544159714202,0.5547041560473973,0.9016888079864332,9.444444444444445,2.4584510329639446,-7.233333333333333,
t1,rolling,2026-02-26,2026-02-26 18:00:00,2026-02-27,2026-02-28 14:00:00,2026-02-28 20:00:00,2,44.0,48.0,0.43456560607403216,0.1021061085633632,0.4500423501874968,0.8509243100417065,8.675925925925926,2.0796881690913276,-7.2,
t1,rolling,2026-02-26,2026-02-26 18:00:00,2026-02-27,2026-02-28 15:00:00,2026-02-28 21:00:00,2,45.0,48.0,0.297563413793849,0.05258798393728978,0.3023180639643713,0.7907712680090797,7.842592592592593,1.680115491817042,-7.366666666666666,
t1,rolling,2026-02-26,2026-02-26 18:00:00,2026-02-27,2026-02-28 16:00:00,2026-02-28 22:00:00,2,46.0,48.0,0.23703394369878905,0.03351597649567335,0.2318151237316995,0.7576410890887746,7.240740740740741,1.428689001628586,-7.633333333333333,
t1,rolling,2026-02-26,2026-02-26 18:00:00,2026-02-27,2026-02-28 17:00:00,2026-02-28 23:00:00,2,47.0,48.0,0.22823574380516892,0.020355062684385933,0.1995270184446787,0.6476899694199112,6.518518518518518,1.0323970270197302,-7.966666666666666,
t1,rolling,2026-02-27,2026-02-27 18:00:00,2026-02-28,2026-02-27 18:00:00,2026-02-28 00:00:00,1,0.0,24.0,0.6183783497203076,0.3034843760861082,0.5693984494715265,0.9633625565275353,9.435185185185185,2.2562213941508187,-3.8666666666666667,
t1,rolling,2026-02-27,2026-02-27 18:00:00,2026-02-28,2026-02-27 19:00:00,2026-02-28 01:00:00,1,1.0,24.0,0.6093218453553122,0.3098076113715242,0.5876931607468104,0.9605765074061166,9.472222222222221,2.3552214123590516,-4.266666666666667,
t1,rolling,2026-02-27,2026-02-27 18:00:00,2026-02-28,2026-02-27 20:00:00,2026-02-28 02:00:00,1,2.0,24.0,0.7329045770941714,0.3641200959908363,0.7416512540862118,0.9731686277490972,9.805555555555557,2.436856911051257,-4.7,
t1,rolling,2026-02-27,2026-02-27 18:00:00,2026-02-28,2026-02-27 21:00:00,2026-02-28 03:00:00,1,3.0,24.0,0.7743976472711517,0.4191163718363806,0.8169676057062991,0.9807669185758646,10.425925925925926,2.424847795486496,-5.233333333333333,
t1,rolling,2026-02-27,2026-02-27 18:00:00,2026-02-28,2026-02-27 22:00:00,2026-02-28 04:00:00,1,4.0,24.0,0.8381758643405794,0.4987625869925241,0.8546523102765781,0.9826580602654056,10.694444444444445,2.18174949620655,-5.633333333333333,
t1,rolling,2026-02-27,2026-02-27 18:00:00,2026-02-28,2026-02-27 23:00:00,2026-02-28 05:00:00,1,5.0,24.0,0.8542627197185516,0.5686820264072932,0.8758137080476329,0.9828261881208221,10.879629629629632,2.1266484770304577,-5.866666666666667,
t1,rolling,2026-02-27,2026-02-27 18:00:00,2026-02-28,2026-02-28 00:00:00,2026-02-28 06:00:00,1,6.0,24.0,0.848984289282579,0.5786047286365973,0.892721044658422,0.9860572051286254,11.314814814814815,1.8860954289426057,-6.900000000000001,
t1,rolling,2026-02-27,2026-02-27 18:00:00,2026-02-28,2026-02-28 01:00:00,2026-02-28 07:00:00,1,7.0,24.0,0.8554062259760797,0.587242455172436,0.9018692756240546,0.9885721803637608,11.092592592592593,1.5139101255730982,-7.099999999999999,
t1,rolling,2026-02-27,2026-02-27 18:00:00,2026-02-28,2026-02-28 02:00:00,2026-02-28 08:00:00,1,8.0,24.0,0.8567034413617525,0.5904446305658503,0.8929949149508991,0.9888852853797033,11.879629629629632,2.026508989155383,-7.566666666666667,
t1,rolling,2026-02-27,2026-02-27 18:00:00,2026-02-28,2026-02-28 03:00:00,2026-02-28 09:00:00,1,9.0,24.0,0.8640670696401458,0.6619547052262439,0.9075484130417565,0.9889193538035965,12.481481481481481,2.4384923325627006,-7.766666666666667,
t1,rolling,2026-02-27,2026-02-27 18:00:00,2026-02-28,2026-02-28 04:00:00,2026-02-28 10:00:00,1,10.0,24.0,0.8561479827187548,0.6411470389311102,0.9003920914784738,0.9890149874368854,12.666666666666666,2.5426910503987266,-7.866666666666667,
t1,rolling,2026-02-27,2026-02-27 18:00:00,2026-02-28,2026-02-28 05:00:00,2026-02-28 11:00:00,1,11.0,24.0,0.8672644289972211,0.6712723033628808,0.9064908026331128,0.98918609778577,12.444444444444445,2.1523745142011688,-7.733333333333333,
t1,rolling,2026-02-27,2026-02-27 18:00:00,2026-02-28,2026-02-28 06:00:00,2026-02-28 12:00:00,1,12.0,24.0,0.8522142059756577,0.6145934412407291,0.902260938563563,0.9893622533067539,12.083333333333336,2.000578620003427,-6.866666666666667,
t1,rolling,2026-02-27,2026-02-27 18:00:00,2026-02-28,2026-02-28 07:00:00,2026-02-28 13:00:00,1,13.0,24.0,0.8513883041023598,0.6195333698297779,0.9014273080980959,0.9891926343393164,12.064814814814817,2.0976054346970936,-6.599999999999999,
t1,rolling,2026-02-27,2026-02-27 18:00:00,2026-02-28,2026-02-28 08:00:00,2026-02-28 14:00:00,1,14.0,24.0,0.8381042603992038,0.587735156864444,0.8930826667995015,0.9887246660982667,12.175925925925926,2.7082027508880673,-6.366666666666667,
t1,rolling,2026-02-27,2026-02-27 18:00:00,2026-02-28,2026-02-28 09:00:00,2026-02-28 15:00:00,1,15.0,24.0,0.8420442842902607,0.5737699501299929,0.87870128583357,0.9882425961199772,11.888888888888891,2.737485554389982,-6.433333333333333,
t1,rolling,2026-02-27,2026-02-27 18:00:00,2026-02-28,2026-02-28 10:00:00,2026-02-28 16:00:00,1,16.0,24.0,0.7864807858147017,0.5359086903926031,0.8236326774792511,0.9866406431201405,11.648148148148147,2.639083813463603,-6.3999999999999995,
t1,rolling,2026-02-27,2026-02-27 18:00:00,2026-02-28,2026-02-28 11:00:00,2026-02-28 17:00:00,1,17.0,24.0,0.7753379066084728,0.533646606002372,0.7872777119116088,0.9763823078336206,11.351851851851853,2.6141137188308057,-6.533333333333334,
t1,rolling,2026-02-27,2026-02-27 18:00:00,2026-02-28,2026-02-28 12:00:00,2026-02-28 18:00:00,1,18.0,24.0,0.7491285143256252,0.36374406948341065,0.7595720912070543,0.9703170986677854,10.212962962962964,2.2369879808209627,-6.466666666666666,
t1,rolling,2026-02-27,2026-02-27 18:00:00,2026-02-28,2026-02-28 13:00:00,2026-02-28 19:00:00,1,19.0,24.0,0.6848470374087658,0.29475935865707287,0.6660132257849929,0.9641731481892245,9.731481481481481,2.1113547617681765,-6.833333333333333,
t1,rolling,2026-02-27,2026-02-27 18:00:00,2026-02-28,2026-02-28 14:00:00,2026-02-28 20:00:00,1,20.0,24.0,0.6293805345471666,0.2181078941996338,0.5577358641073162,0.9383844300362653,9.074074074074074,1.9309718442728487,-6.833333333333333,
t1,rolling,2026-02-27,2026-02-27 18:00:00,2026-02-28,2026-02-28 15:00:00,2026-02-28 21:00:00,1,21.0,24.0,0.4337686858783562,0.06936564122223227,0.39448228648568695,0.8450657881628321,8.444444444444445,1.9657562236615702,-6.866666666666667,
t1,rolling,2026-02-27,2026-02-27 18:00:00,2026-02-28,2026-02-28 16:00:00,2026-02-28 22:00:00,1,22.0,24.0,0.2844707305442584,0.04911997296229847,0.2533584773343831,0.7676072916649714,7.981481481481481,2.1157356754943826,-6.8999999999999995,
t1,rolling,2026-02-27,2026-02-27 18:00:00,2026-02-28,2026-02-28 17:00:00,2026-02-28 23:00:00,1,23.0,24.0,0.19651869761384366,0.02548229161237755,0.17204264794808866,0.6723954802409589,7.4259259259259265,2.143093510381356,-7.233333333333334,
t1,rolling,2026-02-27,2026-02-27 18:00:00,2026-02-28,2026-02-28 18:00:00,2026-03-01 00:00:00,2,24.0,48.0,0.1407409630609612,0.006128393524506693,0.10596193737947669,0.4861574510354387,6.351851851851852,1.8678016831484054,-8.866666666666667,
t1,rolling,2026-02-27,2026-02-27 18:00:00,2026-02-28,2026-02-28 19:00:00,2026-03-01 01:00:00,2,25.0,48.0,0.10968838503544658,0.00748536815997264,0.05048911243015024,0.3904779941771201,5.6759259259259265,2.294036373002494,-9.333333333333334,
t1,rolling,2026-02-27,2026-02-27 18:00:00,2026-02-28,2026-02-28 20:00:00,2026-03-01 02:00:00,2,26.0,48.0,0.11106174509655896,0.007344755835331045,0.046457002284359915,0.34703396444536017,5.185185185185185,2.5762048202191075,-9.566666666666666,
t1,rolling,2026-02-27,2026-02-27 18:00:00,2026-02-28,2026-02-28 21:00:00,2026-03-01 03:00:00,2,27.0,48.0,0.10517245732434208,0.0059561304716207845,0.060756981329942665,0.2983015440130138,4.888888888888889,3.113590282044901,-9.799999999999999,
t1,rolling,2026-02-27,2026-02-27 18:00:00,2026-02-28,2026-02-28 22:00:00,2026-03-01 04:00:00,2,28.0,48.0,0.10528680204605277,0.007366114631360192,0.04094461902978446,0.2674600393842953,4.703703703703704,3.0676947417900933,-9.9,
t1,rolling,2026-02-27,2026-02-27 18:00:00,2026-02-28,2026-02-28 23:00:00,2026-03-01 05:00:00,2,29.0,48.0,0.08796398772300756,0.00825912802701224,0.03795198717197962,0.27364084776859604,4.5,2.8203679385218474,-9.866666666666665,
t1,rolling,2026-02-27,2026-02-27 18:00:00,2026-02-28,2026-03-01 00:00:00,2026-03-01 06:00:00,2,30.0,48.0,0.09693127303949675,0.0073953659358381735,0.0427391085096941,0.25207336016177156,5.083333333333333,3.467552415333677,-8.766666666666667,
t1,rolling,2026-02-27,2026-02-27 18:00:00,2026-02-28,2026-03-01 01:00:00,2026-03-01 07:00:00,2,31.0,48.0,0.07927299541263354,0.007172725534996061,0.031040316867820605,0.2548932960927332,4.638888888888888,3.3333333333333335,-8.633333333333333,
t1,rolling,2026-02-27,2026-02-27 18:00:00,2026-02-28,2026-03-01 02:00:00,2026-03-01 08:00:00,2,32.0,48.0,0.07243016274376937,0.008078044890402706,0.02875993685461684,0.21547622408195252,4.083333333333334,3.1381513391104154,-8.466666666666667,
t1,rolling,2026-02-27,2026-02-27 18:00:00,2026-02-28,2026-03-01 03:00:00,2026-03-01 09:00:00,2,33.0,48.0,0.06867781796563413,0.007970803718871305,0.028815690241941593,0.2129720334465126,3.8796296296296298,2.8981333569614267,-7.766666666666667,
t1,rolling,2026-02-27,2026-02-27 18:00:00,2026-02-28,2026-03-01 04:00:00,2026-03-01 10:00:00,2,34.0,48.0,0.06565733830754736,0.007911821684856683,0.026900904416215288,0.19025838558114455,3.657407407407408,2.9410794888392227,-6.933333333333334,
t1,rolling,2026-02-27,2026-02-27 18:00:00,2026-02-28,2026-03-01 05:00:00,2026-03-01 11:00:00,2,35.0,48.0,0.0652828231906449,0.007700269084248422,0.023672270157010095,0.18833366346070357,3.5462962962962963,2.541982878528593,-5.866666666666667,
t1,rolling,2026-02-27,2026-02-27 18:00:00,2026-02-28,2026-03-01 06:00:00,2026-03-01 12:00:00,2,36.0,48.0,0.07323331058365472,0.007838794305777469,0.031174856781724887,0.19414588282095202,3.5462962962962963,1.2547235853845118,-4.7,
t1,rolling,2026-02-27,2026-02-27 18:00:00,2026-02-28,2026-03-01 07:00:00,2026-03-01 13:00:00,2,37.0,48.0,0.07563343283563038,0.009599695053959146,0.03185930274750374,0.1943462399018954,3.592592592592593,1.4762349228104255,-3.9,
t1,rolling,2026-02-27,2026-02-27 18:00:00,2026-02-28,2026-03-01 08:00:00,2026-03-01 14:00:00,2,38.0,48.0,0.07395218328662968,0.009369315366936255,0.03399941422553004,0.19368819010427044,3.6296296296296298,1.4995712693198506,-3.1666666666666665,
t1,rolling,2026-02-27,2026-02-27 18:00:00,2026-02-28,2026-03-01 09:00:00,2026-03-01 15:00:00,2,39.0,48.0,0.07243164271309341,0.009381007102468402,0.03480884093254257,0.19368819010427044,3.675925925925926,1.5116148397883349,-2.7000000000000006,
t1,rolling,2026-02-27,2026-02-27 18:00:00,2026-02-28,2026-03-01 10:00:00,2026-03-01 16:00:00,2,40.0,48.0,0.07508429656945896,0.009040061002162047,0.03410215301304322,0.20379176679482067,3.7314814814814814,1.6632681399431046,-2.6,
t1,rolling,2026-02-27,2026-02-27 18:00:00,2026-02-28,2026-03-01 11:00:00,2026-03-01 17:00:00,2,41.0,48.0,0.07418933615998254,0.008632044483588622,0.030089622396224657,0.19390318520688649,3.6203703703703702,1.4806710746400502,-3.0666666666666664,
t1,rolling,2026-02-27,2026-02-27 18:00:00,2026-02-28,2026-03-01 12:00:00,2026-03-01 18:00:00,2,42.0,48.0,0.058622491938053765,0.008429742976467713,0.018283415638821972,0.16979044293220016,3.1018518518518516,0.965985285610739,-4.2,
t1,rolling,2026-02-27,2026-02-27 18:00:00,2026-02-28,2026-03-01 13:00:00,2026-03-01 19:00:00,2,43.0,48.0,0.07113428070297766,0.007380338283925145,0.018536445040310597,0.18055924566829973,2.0092592592592595,1.0279028952872533,-5.733333333333333,
t1,rolling,2026-02-27,2026-02-27 18:00:00,2026-02-28,2026-03-01 14:00:00,2026-03-01 20:00:00,2,44.0,48.0,0.14308891392830453,0.010578352413713049,0.03997530127389027,0.27888766925984215,1.8148148148148149,0.8109652329499076,-6.5,
t1,rolling,2026-02-27,2026-02-27 18:00:00,2026-02-28,2026-03-01 15:00:00,2026-03-01 21:00:00,2,45.0,48.0,0.2353963787554462,0.01526193805707664,0.12930668680388033,0.5100366062853945,3.453703703703704,1.7323477729902743,-6.6000000000000005,
t1,rolling,2026-02-27,2026-02-27 18:00:00,2026-02-28,2026-03-01 16:00:00,2026-03-01 22:00:00,2,46.0,48.0,0.3777908193484382,0.042892298533537626,0.28334725018284773,0.792276127089988,5.7407407407407405,2.0529888880570186,-6.366666666666667,
t1,rolling,2026-02-27,2026-02-27 18:00:00,2026-02-28,2026-03-01 17:00:00,2026-03-01 23:00:00,2,47.0,48.0,0.5195206663825416,0.11566176028526566,0.45564661074426577,0.9372239886163478,8.981481481481483,1.70925524657448,-5.566666666666666,
t2,rolling,2026-01-31,2026-01-31 18:00:00,2026-02-01,2026-01-31 18:00:00,2026-02-01 00:00:00,1,0.0,24.0,0.06480766389772237,0.0,0.0,0.22588246153312125,3.6203703703703702,1.8194621147007366,-2.066666666666667,
t2,rolling,2026-01-31,2026-01-31 18:00:00,2026-02-01,2026-01-31 19:00:00,2026-02-01 01:00:00,1,1.0,24.0,0.026687032196912066,0.0,0.0,0.16494594100442514,3.2870370370370376,2.1463314476398034,-2.3666666666666667,
t2,rolling,2026-01-31,2026-01-31 18:00:00,2026-02-01,2026-01-31 20:00:00,2026-02-01 02:00:00,1,2.0,24.0,0.03354991278348679,0.0,0.0,0.15494198960216593,2.8518518518518516,2.152792712015105,-2.433333333333333,
t2,rolling,2026-01-31,2026-01-31 18:00:00,2026-02-01,2026-01-31 21:00:00,2026-02-01 03:00:00,1,3.0,24.0,0.037218111216682115,0.0,0.0,0.17218363756027055,2.6203703703703702,3.1102842816625627,-2.5,
t2,rolling,2026-01-31,2026-01-31 18:00:00,2026-02-01,2026-01-31 22:00:00,2026-02-01 04:00:00,1,4.0,24.0,0.0482998224098591,0.0,0.0,0.21631729232089958,3.3333333333333335,4.259068031133943,-2.6,
t2,rolling,2026-01-31,2026-01-31 18:00:00,2026-02-01,2026-01-31 23:00:00,2026-02-01 05:00:00,1,5.0,24.0,0.07451974707764071,0.0,0.0,0.3281024352918268,4.166666666666667,5.389747926948846,-2.866666666666667,
t2,rolling,2026-01-31,2026-01-31 18:00:00,2026-02-01,2026-02-01 00:00:00,2026-02-01 06:00:00,1,6.0,24.0,0.10395384229843724,0.0,0.03940965058983158,0.4451493218078953,4.398148148148148,5.554189646901234,-2.6333333333333333,
t2,rolling,2026-01-31,2026-01-31 18:00:00,2026-02-01,2026-02-01 01:00:00,2026-02-01 07:00:00,1,7.0,24.0,0.1511902715619832,0.0,0.05690230581784364,0.655097732606691,5.638888888888889,5.2779970714675235,-2.766666666666667,
t2,rolling,2026-01-31,2026-01-31 18:00:00,2026-02-01,2026-02-01 02:00:00,2026-02-01 08:00:00,1,8.0,24.0,0.13599091298888774,0.0,0.07386089054602905,0.6445331086438774,6.777777777777779,4.150338376804393,-2.766666666666667,
t2,rolling,2026-01-31,2026-01-31 18:00:00,2026-02-01,2026-02-01 03:00:00,2026-02-01 09:00:00,1,9.0,24.0,0.2595332355679787,0.0,0.17356253409098293,0.735469460958694,7.546296296296297,2.208697267938542,-2.266666666666667,
t2,rolling,2026-01-31,2026-01-31 18:00:00,2026-02-01,2026-02-01 04:00:00,2026-02-01 10:00:00,1,10.0,24.0,0.41189730178392936,0.0,0.3712158143101604,0.8948552836391067,8.62962962962963,2.3950716717370275,-0.4666666666666666,
t2,rolling,2026-01-31,2026-01-31 18:00:00,2026-02-01,2026-02-01 05:00:00,2026-02-01 11:00:00,1,11.0,24.0,0.40588829454859177,0.0,0.41530087357472345,0.8694214404844944,8.250000000000002,2.3575135991909724,1.8333333333333333,
t2,rolling,2026-01-31,2026-01-31 18:00:00,2026-02-01,2026-02-01 06:00:00,2026-02-01 12:00:00,1,12.0,24.0,0.2643125661772572,0.0,0.2556402748673974,0.7350608174614917,7.324074074074075,2.8977339663809203,3.2000000000000006,
t2,rolling,2026-01-31,2026-01-31 18:00:00,2026-02-01,2026-02-01 07:00:00,2026-02-01 13:00:00,1,13.0,24.0,0.2143456405878647,0.0,0.2199224837294705,0.6968283954201566,7.027777777777778,3.738046793067269,4.3999999999999995,
t2,rolling,2026-01-31,2026-01-31 18:00:00,2026-02-01,2026-02-01 08:00:00,2026-02-01 14:00:00,1,14.0,24.0,0.240528701043117,0.0,0.23212881222729717,0.6948514947622204,6.842592592592593,3.6885221258996173,5.400000000000001,
t2,rolling,2026-01-31,2026-01-31 18:00:00,2026-02-01,2026-02-01 09:00:00,2026-02-01 15:00:00,1,15.0,24.0,0.2298029139447397,0.0,0.18176370478517304,0.7152913542867024,6.5,3.57147045830816,5.8,
t2,rolling,2026-01-31,2026-01-31 18:00:00,2026-02-01,2026-02-01 10:00:00,2026-02-01 16:00:00,1,16.0,24.0,0.24292510235542522,0.0,0.17713844170843326,0.6646297378478183,6.583333333333333,3.452834763094604,5.166666666666667,
t2,rolling,2026-01-31,2026-01-31 18:00:00,2026-02-01,2026-02-01 11:00:00,2026-02-01 17:00:00,1,17.0,24.0,0.21086330217018281,0.0,0.1594841533284502,0.6269373520280518,6.916666666666667,3.329975160252886,3.6999999999999997,
t2,rolling,2026-01-31,2026-01-31 18:00:00,2026-02-01,2026-02-01 12:00:00,2026-02-01 18:00:00,1,18.0,24.0,0.2128062340708614,0.0,0.12802550670566828,0.664123273498307,6.287037037037037,3.340540048993582,2.0,
t2,rolling,2026-01-31,2026-01-31 18:00:00,2026-02-01,2026-02-01 13:00:00,2026-02-01 19:00:00,1,19.0,24.0,0.20687068729029842,0.0,0.11231507031503452,0.6710764237646165,6.777777777777778,3.3555969460287582,0.8000000000000002,
t2,rolling,2026-01-31,2026-01-31 18:00:00,2026-02-01,2026-02-01 14:00:00,2026-02-01 20:00:00,1,20.0,24.0,0.22946290286933582,0.0,0.1634874138308428,0.6684357061067963,7.018518518518519,2.944619142266809,0.3,
t2,rolling,2026-01-31,2026-01-31 18:00:00,2026-02-01,2026-02-01 15:00:00,2026-02-01 21:00:00,1,21.0,24.0,0.2460673926603951,0.0,0.1818715604507971,0.66227718771393,7.314814814814816,2.8087623770150048,-0.1333333333333334,
t2,rolling,2026-01-31,2026-01-31 18:00:00,2026-02-01,2026-02-01 16:00:00,2026-02-01 22:00:00,1,22.0,24.0,0.25120384877275337,0.027158017664256073,0.211294697115184,0.6728791592004838,7.500000000000001,2.530523539253498,-0.2333333333333333,
t2,rolling,2026-01-31,2026-01-31 18:00:00,2026-02-01,2026-02-01 17:00:00,2026-02-01 23:00:00,1,23.0,24.0,0.23489683573211437,0.005406231883081286,0.18056651758377248,0.6801309677430374,7.694444444444444,2.550114981673,-0.6,
t2,rolling,2026-01-31,2026-01-31 18:00:00,2026-02-01,2026-02-01 18:00:00,2026-02-02 00:00:00,2,24.0,48.0,0.19539843630890302,0.0,0.1647147106037033,0.6977029045691419,7.648148148148149,4.283756043896688,-0.8333333333333334,
t2,rolling,2026-01-31,2026-01-31 18:00:00,2026-02-01,2026-02-01 19:00:00,2026-02-02 01:00:00,2,25.0,48.0,0.24356079089651259,0.0,0.16871739206059386,0.7262360793727141,7.990740740740741,4.0690731090849415,-1.0,
t2,rolling,2026-01-31,2026-01-31 18:00:00,2026-02-01,2026-02-01 20:00:00,2026-02-02 02:00:00,2,26.0,48.0,0.32880124104986563,0.014818744197874933,0.2698344494154094,0.8043894540356471,8.416666666666666,3.828197042028087,-1.2,
t2,rolling,2026-01-31,2026-01-31 18:00:00,2026-02-01,2026-02-01 21:00:00,2026-02-02 03:00:00,2,27.0,48.0,0.44066978748389124,0.10542097154730606,0.4796197357391501,0.8706976616770116,8.87037037037037,3.298116434642796,-1.4333333333333336,
t2,rolling,2026-01-31,2026-01-31 18:00:00,2026-02-01,2026-02-01 22:00:00,2026-02-02 04:00:00,2,28.0,48.0,0.4741763711451205,0.12824071125748637,0.4251737320754381,0.9536721851105534,9.416666666666666,2.7927374950126236,-1.5666666666666667,
t2,rolling,2026-01-31,2026-01-31 18:00:00,2026-02-01,2026-02-01 23:00:00,2026-02-02 05:00:00,2,29.0,48.0,0.5544968657818303,0.23406947940827327,0.5235391457363815,0.9590516134250695,9.972222222222221,2.4423918149588077,-1.6333333333333335,
t2,rolling,2026-01-31,2026-01-31 18:00:00,2026-02-01,2026-02-02 00:00:00,2026-02-02 06:00:00,2,30.0,48.0,0.6181122257041474,0.3098993057516582,0.6675478237835256,0.9625606453687664,10.462962962962964,1.523563210361513,-1.9666666666666668,
t2,rolling,2026-01-31,2026-01-31 18:00:00,2026-02-01,2026-02-02 01:00:00,2026-02-02 07:00:00,2,31.0,48.0,0.6216722622394991,0.358774686291477,0.6774941280072958,0.969558136108445,10.731481481481483,1.2946749119265486,-2.1,
t2,rolling,2026-01-31,2026-01-31 18:00:00,2026-02-01,2026-02-02 02:00:00,2026-02-02 08:00:00,2,32.0,48.0,0.6181381556660505,0.32971341999214143,0.6898238468196748,0.9681426810243965,10.944444444444445,1.1399046960379555,-2.1333333333333333,
t2,rolling,2026-01-31,2026-01-31 18:00:00,2026-02-01,2026-02-02 03:00:00,2026-02-02 09:00:00,2,33.0,48.0,0.6959851392483889,0.34537887730526207,0.7542238382195776,0.9615807622249308,11.314814814814815,0.8890335530429742,-1.3,
t2,rolling,2026-01-31,2026-01-31 18:00:00,2026-02-01,2026-02-02 04:00:00,2026-02-02 10:00:00,2,34.0,48.0,0.7982666120713312,0.5339316352638157,0.8395478765953469,0.961380713908846,11.444444444444445,0.7222222222222228,0.9999999999999999,
t2,rolling,2026-01-31,2026-01-31 18:00:00,2026-02-01,2026-02-02 05:00:00,2026-02-02 11:00:00,2,35.0,48.0,0.8320186359408644,0.5664970384625219,0.859633515465527,0.9567495276779305,12.287037037037038,1.2064427525690304,3.3000000000000003,
t2,rolling,2026-01-31,2026-01-31 18:00:00,2026-02-01,2026-02-02 06:00:00,2026-02-02 12:00:00,2,36.0,48.0,0.8773290428151262,0.6059525554106546,0.9136676195365174,0.9473101617750628,11.722222222222223,2.028158259585757,5.066666666666667,
t2,rolling,2026-01-31,2026-01-31 18:00:00,2026-02-01,2026-02-02 07:00:00,2026-02-02 13:00:00,2,37.0,48.0,0.8853893394549365,0.6459676969663345,0.9241594701353097,0.9452804679127595,11.981481481481483,1.972287427195451,6.5,
t2,rolling,2026-01-31,2026-01-31 18:00:00,2026-02-01,2026-02-02 08:00:00,2026-02-02 14:00:00,2,38.0,48.0,0.8894362124539026,0.6426032180276875,0.9238898236266512,0.9444725608737926,12.416666666666666,2.0178600692960003,7.333333333333333,
t2,rolling,2026-01-31,2026-01-31 18:00:00,2026-02-01,2026-02-02 09:00:00,2026-02-02 15:00:00,2,39.0,48.0,0.8876433488746756,0.6455579969245089,0.9209392851217691,0.943658942727742,12.435185185185185,1.8655282022127215,7.566666666666667,
t2,rolling,2026-01-31,2026-01-31 18:00:00,2026-02-01,2026-02-02 10:00:00,2026-02-02 16:00:00,2,40.0,48.0,0.8476400185434546,0.5901170285102462,0.9097744650720748,0.9481384178932195,12.324074074074076,1.620026418521568,6.8,
t2,rolling,2026-01-31,2026-01-31 18:00:00,2026-02-01,2026-02-02 11:00:00,2026-02-02 17:00:00,2,41.0,48.0,0.6949066578506635,0.3209599372546076,0.7855997832121394,0.9639463251215454,12.101851851851853,1.2172668906725317,5.3,
t2,rolling,2026-01-31,2026-01-31 18:00:00,2026-02-01,2026-02-02 12:00:00,2026-02-02 18:00:00,2,42.0,48.0,0.5513689595397874,0.10087021080951197,0.671160411261108,0.9465841519740134,10.305555555555557,0.6092142277628142,3.3666666666666667,
t2,rolling,2026-01-31,2026-01-31 18:00:00,2026-02-01,2026-02-02 13:00:00,2026-02-02 19:00:00,2,43.0,48.0,0.28529736564753533,0.0039215258191031,0.23867020122309032,0.8414142960822448,8.296296296296296,1.9613025821963428,1.9666666666666668,
t2,rolling,2026-01-31,2026-01-31 18:00:00,2026-02-01,2026-02-02 14:00:00,2026-02-02 20:00:00,2,44.0,48.0,0.23638897778532883,0.0,0.15226251734772026,0.7432040622329577,7.064814814814816,2.3280915549148506,1.0666666666666667,
t2,rolling,2026-01-31,2026-01-31 18:00:00,2026-02-01,2026-02-02 15:00:00,2026-02-02 21:00:00,2,45.0,48.0,0.22517790745383634,0.0,0.1637649805565909,0.7017901716161836,6.805555555555556,1.9497942278261562,0.6666666666666666,
t2,rolling,2026-01-31,2026-01-31 18:00:00,2026-02-01,2026-02-02 16:00:00,2026-02-02 22:00:00,2,46.0,48.0,0.2164156941167591,0.0,0.17486815919870904,0.7007946088186192,6.6944444444444455,1.0555555555555558,0.2666666666666666,
t2,rolling,2026-01-31,2026-01-31 18:00:00,2026-02-01,2026-02-02 17:00:00,2026-02-02 23:00:00,2,47.0,48.0,0.24798486977983977,0.0,0.18084106997006072,0.7054934652118492,6.8240740740740735,0.4206598774666875,-0.09999999999999994,
t2,rolling,2026-02-01,2026-02-01 18:00:00,2026-02-02,2026-02-01 18:00:00,2026-02-02 00:00:00,1,0.0,24.0,0.23886510867988353,0.0,0.21881166573087263,0.6778350474698329,7.796296296296297,2.619421369836705,-0.7999999999999999,
t2,rolling,2026-02-01,2026-02-01 18:00:00,2026-02-02,2026-02-01 19:00:00,2026-02-02 01:00:00,1,1.0,24.0,0.35174595250411317,0.018630789852965346,0.3023480817892405,0.7339524636408143,8.0,3.0224213578185175,-0.9666666666666667,
t2,rolling,2026-02-01,2026-02-01 18:00:00,2026-02-02,2026-02-01 20:00:00,2026-02-02 02:00:00,1,2.0,24.0,0.4353807505864858,0.05580700897387031,0.422818262139892,0.8693520223926374,8.481481481481481,3.328855016392965,-1.1333333333333333,
t2,rolling,2026-02-01,2026-02-01 18:00:00,2026-02-02,2026-02-01 21:00:00,2026-02-02 03:00:00,1,3.0,24.0,0.4712625169625379,0.16802522463874814,0.4570658483723485,0.9506676225343724,9.055555555555555,3.0815810836823103,-1.366666666666667,
t2,rolling,2026-02-01,2026-02-01 18:00:00,2026-02-02,2026-02-01 22:00:00,2026-02-02 04:00:00,1,4.0,24.0,0.6192983733290077,0.2618874568159018,0.566799806182579,0.9642926420249328,9.814814814814815,2.3863574011640702,-1.6333333333333335,
t2,rolling,2026-02-01,2026-02-01 18:00:00,2026-02-02,2026-02-01 23:00:00,2026-02-02 05:00:00,1,5.0,24.0,0.7161475860301527,0.3610267861531413,0.7080039019881231,0.9604969741328554,10.36111111111111,1.927705730321941,-1.8333333333333333,
t2,rolling,2026-02-01,2026-02-01 18:00:00,2026-02-02,2026-02-02 00:00:00,2026-02-02 06:00:00,1,6.0,24.0,0.6757465269888085,0.34341350803954546,0.7315113346045259,0.9658246474743435,11.101851851851853,1.307130649544805,-1.7666666666666666,
t2,rolling,2026-02-01,2026-02-01 18:00:00,2026-02-02,2026-02-02 01:00:00,2026-02-02 07:00:00,1,7.0,24.0,0.6887562698693913,0.3470710798503892,0.7465963093379372,0.9652775144755892,11.481481481481481,1.1153852976168908,-1.8333333333333333,
t2,rolling,2026-02-01,2026-02-01 18:00:00,2026-02-02,2026-02-02 02:00:00,2026-02-02 08:00:00,1,8.0,24.0,0.7342949435047221,0.3802349213006166,0.769763602012532,0.9663662881986214,11.740740740740742,1.0323970270197296,-1.9000000000000001,
t2,rolling,2026-02-01,2026-02-01 18:00:00,2026-02-02,2026-02-02 03:00:00,2026-02-02 09:00:00,1,9.0,24.0,0.7396367280325887,0.4181230466212231,0.7782543334996112,0.9656374268313268,12.101851851851853,1.4662702887499235,-1.0333333333333334,
t2,rolling,2026-02-01,2026-02-01 18:00:00,2026-02-02,2026-02-02 04:00:00,2026-02-02 10:00:00,1,10.0,24.0,0.8190762099749659,0.5790446636148638,0.8523551924043102,0.9564271445613479,12.148148148148147,1.12811069707541,0.8999999999999999,
t2,rolling,2026-02-01,2026-02-01 18:00:00,2026-02-02,2026-02-02 05:00:00,2026-02-02 11:00:00,1,11.0,24.0,0.8539027401431022,0.6021840262693736,0.8707247634116045,0.9506438972438543,12.537037037037038,1.5836581862980428,3.1999999999999997,
t2,rolling,2026-02-01,2026-02-01 18:00:00,2026-02-02,2026-02-02 06:00:00,2026-02-02 12:00:00,1,12.0,24.0,0.8831045942074042,0.6140844257711532,0.9171255910071816,0.942358975391393,11.842592592592593,1.7849969164593942,5.433333333333334,
t2,rolling,2026-02-01,2026-02-01 18:00:00,2026-02-02,2026-02-02 07:00:00,2026-02-02 13:00:00,1,13.0,24.0,0.8849466542184382,0.6410312476271502,0.9185070432940105,0.9409809140642509,12.333333333333334,1.9545372980280313,6.8,
t2,rolling,2026-02-01,2026-02-01 18:00:00,2026-02-02,2026-02-02 08:00:00,2026-02-02 14:00:00,1,14.0,24.0,0.8876305305132111,0.6475270836417439,0.9172206152131557,0.939398610184437,12.527777777777779,1.9955583395179788,7.6000000000000005,
t2,rolling,2026-02-01,2026-02-01 18:00:00,2026-02-02,2026-02-02 09:00:00,2026-02-02 15:00:00,1,15.0,24.0,0.8695714712682359,0.6189050264130402,0.9092085510367298,0.9445770505605213,12.407407407407407,1.8799488873184929,7.766666666666667,
t2,rolling,2026-02-01,2026-02-01 18:00:00,2026-02-02,2026-02-02 10:00:00,2026-02-02 16:00:00,1,16.0,24.0,0.8083840352552079,0.3963786384112564,0.8930442372327098,0.940315563706752,11.851851851851853,1.1153852976168896,7.133333333333333,
t2,rolling,2026-02-01,2026-02-01 18:00:00,2026-02-02,2026-02-02 11:00:00,2026-02-02 17:00:00,1,17.0,24.0,0.6698734019185426,0.1944741932402485,0.7498515350590179,0.9524971124843473,10.657407407407408,1.2201160303725291,5.6000000000000005,
t2,rolling,2026-02-01,2026-02-01 18:00:00,2026-02-02,2026-02-02 12:00:00,2026-02-02 18:00:00,1,18.0,24.0,0.32760560859878735,0.00913522621719881,0.3138910247766382,0.8444263786581324,8.935185185185187,3.0878761995695867,3.4333333333333336,
t2,rolling,2026-02-01,2026-02-01 18:00:00,2026-02-02,2026-02-02 13:00:00,2026-02-02 19:00:00,1,19.0,24.0,0.20922454332271784,0.0,0.15819740621852746,0.669672484745137,7.26851851851852,3.679306217031022,2.0333333333333337,
t2,rolling,2026-02-01,2026-02-01 18:00:00,2026-02-02,2026-02-02 14:00:00,2026-02-02 20:00:00,1,20.0,24.0,0.1620292480404978,0.0,0.07675765671848332,0.5896761819988002,6.2592592592592595,3.402333682282899,1.1666666666666667,
t2,rolling,2026-02-01,2026-02-01 18:00:00,2026-02-02,2026-02-02 15:00:00,2026-02-02 21:00:00,1,21.0,24.0,0.13791732979655347,0.0,0.06576226203684662,0.5904329181036606,5.564814814814816,3.125257191062532,0.7333333333333334,
t2,rolling,2026-02-01,2026-02-01 18:00:00,2026-02-02,2026-02-02 16:00:00,2026-02-02 22:00:00,1,22.0,24.0,0.13460914505945082,0.0,0.07263731226895322,0.5442894642082888,5.657407407407407,2.760688170901367,0.36666666666666664,
t2,rolling,2026-02-01,2026-02-01 18:00:00,2026-02-02,2026-02-02 17:00:00,2026-02-02 23:00:00,1,23.0,24.0,0.15374052258447163,0.0,0.10039053936481539,0.5739505110574015,5.888888888888889,2.3575135991909724,-0.16666666666666666,
t2,rolling,2026-02-01,2026-02-01 18:00:00,2026-02-02,2026-02-02 18:00:00,2026-02-03 00:00:00,2,24.0,48.0,0.2627608347899855,0.012746695336638442,0.2119422264449295,0.6811056244469209,6.444444444444444,0.29000851413640416,-0.19999999999999996,
t2,rolling,2026-02-01,2026-02-01 18:00:00,2026-02-02,2026-02-02 19:00:00,2026-02-03 01:00:00,2,25.0,48.0,0.34945223756028887,0.011897129520953675,0.3034415702001525,0.772022082355597,7.361111111111112,0.5780181124079109,-0.1333333333333334,
t2,rolling,2026-02-01,2026-02-01 18:00:00,2026-02-02,2026-02-02 20:00:00,2026-02-03 02:00:00,2,26.0,48.0,0.4091378830811659,0.05238156968963609,0.3458571408754531,0.8944713797445427,8.62962962962963,0.9519040913752573,0.10000000000000009,
t2,rolling,2026-02-01,2026-02-01 18:00:00,2026-02-02,2026-02-02 21:00:00,2026-02-03 03:00:00,2,27.0,48.0,0.4258029861258311,0.07156581809595808,0.38689153832598533,0.9019857661314159,9.50925925925926,1.3368972431279549,0.20000000000000004,
t2,rolling,2026-02-01,2026-02-01 18:00:00,2026-02-02,2026-02-02 22:00:00,2026-02-03 04:00:00,2,28.0,48.0,0.4077259412119075,0.12803495729367703,0.4085392356616716,0.8738107880108775,9.666666666666666,1.0551899951790322,-0.03333333333333336,
t2,rolling,2026-02-01,2026-02-01 18:00:00,2026-02-02,2026-02-02 23:00:00,2026-02-03 05:00:00,2,29.0,48.0,0.4047957184976661,0.09956304763868634,0.41880410208172303,0.8949143943838864,10.027777777777777,1.4561491580090178,-0.23333333333333325,
t2,rolling,2026-02-01,2026-02-01 18:00:00,2026-02-02,2026-02-03 00:00:00,2026-02-03 06:00:00,2,30.0,48.0,0.27094716331186164,0.005967889346941063,0.23638799687531503,0.7659727304850628,8.916666666666666,2.615982453597666,-0.5666666666666668,
t2,rolling,2026-02-01,2026-02-01 18:00:00,2026-02-02,2026-02-03 01:00:00,2026-02-03 07:00:00,2,31.0,48.0,0.14777598563696354,0.0,0.1263522770765791,0.6718912427023496,7.629629629629629,4.153900195151024,-0.9666666666666667,
t2,rolling,2026-02-01,2026-02-01 18:00:00,2026-02-02,2026-02-03 02:00:00,2026-02-03 08:00:00,2,32.0,48.0,0.18216315984818826,0.0,0.1398783805735903,0.7025427079393614,6.5092592592592595,4.74962095087121,-1.5666666666666667,
t2,rolling,2026-02-01,2026-02-01 18:00:00,2026-02-02,2026-02-03 03:00:00,2026-02-03 09:00:00,2,33.0,48.0,0.1010115531768848,0.0,0.04318169408589066,0.4773064409213368,6.62037037037037,2.6270690454472883,-1.0,
t2,rolling,2026-02-01,2026-02-01 18:00:00,2026-02-02,2026-02-03 04:00:00,2026-02-03 10:00:00,2,34.0,48.0,0.07902045130597818,0.0,0.0190376623041131,0.3432941581387065,5.407407407407408,2.248170266533454,1.0333333333333334,
t2,rolling,2026-02-01,2026-02-01 18:00:00,2026-02-02,2026-02-03 05:00:00,2026-02-03 11:00:00,2,35.0,48.0,0.041024796535038474,0.0,0.002434222681512742,0.22660389805711126,4.111111111111112,2.9096476389274444,3.466666666666667,
t2,rolling,2026-02-01,2026-02-01 18:00:00,2026-02-02,2026-02-03 06:00:00,2026-02-03 12:00:00,2,36.0,48.0,0.027259221442168483,0.0,0.0014029124521509478,0.2577668152565599,3.1759259259259256,4.459378843603881,5.366666666666667,
t2,rolling,2026-02-01,2026-02-01 18:00:00,2026-02-02,2026-02-03 07:00:00,2026-02-03 13:00:00,2,37.0,48.0,0.02100331241721689,0.0,0.0,0.1890584040906717,3.2037037037037037,3.82056380903788,6.8,
t2,rolling,2026-02-01,2026-02-01 18:00:00,2026-02-02,2026-02-03 08:00:00,2026-02-03 14:00:00,2,38.0,48.0,0.023934913750933262,0.0,0.0,0.1727692589693125,3.342592592592593,3.012491142004975,7.666666666666667,
t2,rolling,2026-02-01,2026-02-01 18:00:00,2026-02-02,2026-02-03 09:00:00,2026-02-03 15:00:00,2,39.0,48.0,0.04508448653752882,0.0,0.005265578390235677,0.1922037277984021,3.5185185185185186,2.342629190169401,7.8999999999999995,
t2,rolling,2026-02-01,2026-02-01 18:00:00,2026-02-02,2026-02-03 10:00:00,2026-02-03 16:00:00,2,40.0,48.0,0.05957123747549119,0.0,0.017620616484306774,0.2759892961657223,3.9907407407407405,1.1153852976168899,7.2,
t2,rolling,2026-02-01,2026-02-01 18:00:00,2026-02-02,2026-02-03 11:00:00,2026-02-03 17:00:00,2,41.0,48.0,0.12732191922026764,0.0,0.05360261577601348,0.4393413470453658,5.157407407407408,0.8794346762518741,5.5,
t2,rolling,2026-02-01,2026-02-01 18:00:00,2026-02-02,2026-02-03 12:00:00,2026-02-03 18:00:00,2,42.0,48.0,0.20181765133486157,0.0,0.10613437765582477,0.6517421855133165,5.222222222222222,3.3034540472020057,3.4,
t2,rolling,2026-02-01,2026-02-01 18:00:00,2026-02-02,2026-02-03 13:00:00,2026-02-03 19:00:00,2,43.0,48.0,0.23429488628367695,0.0,0.15309818533900382,0.6784827758332663,5.5092592592592595,3.6282003043602313,2.9333333333333336,
t2,rolling,2026-02-01,2026-02-01 18:00:00,2026-02-02,2026-02-03 14:00:00,2026-02-03 20:00:00,2,44.0,48.0,0.24935574526560672,0.0,0.1679804966571164,0.6506229285427332,5.4907407407407405,3.794116356945469,2.733333333333333,
t2,rolling,2026-02-01,2026-02-01 18:00:00,2026-02-02,2026-02-03 15:00:00,2026-02-03 21:00:00,2,45.0,48.0,0.25583582691304657,0.0,0.19072208168583338,0.6538494447251235,5.703703703703703,3.669015801919162,2.9,
t2,rolling,2026-02-01,2026-02-01 18:00:00,2026-02-02,2026-02-03 16:00:00,2026-02-03 22:00:00,2,46.0,48.0,0.2294948549928188,0.0,0.18583303301912601,0.6508187304468359,5.916666666666667,2.98620800876378,2.866666666666667,
t2,rolling,2026-02-01,2026-02-01 18:00:00,2026-02-02,2026-02-03 17:00:00,2026-02-03 23:00:00,2,47.0,48.0,0.19732114723870348,0.0,0.1699564710080751,0.6255522673431084,5.407407407407407,2.396842916646435,3.0,
t2,rolling,2026-02-02,2026-02-02 18:00:00,2026-02-03,2026-02-02 18:00:00,2026-02-03 00:00:00,1,0.0,24.0,0.20235810365451223,0.007779350849424549,0.15453423575910025,0.6421116441105352,5.907407407407407,2.294204543103493,-0.5333333333333333,
t2,rolling,2026-02-02,2026-02-02 18:00:00,2026-02-03,2026-02-02 19:00:00,2026-02-03 01:00:00,1,1.0,24.0,0.24939594200584225,0.023879770277739742,0.2867104151080959,0.6832168030735123,6.731481481481481,1.9112914428270402,-0.3333333333333333,
t2,rolling,2026-02-02,2026-02-02 18:00:00,2026-02-03,2026-02-02 20:00:00,2026-02-03 02:00:00,1,2.0,24.0,0.44023703275073905,0.07866285784016364,0.4618883173207981,0.8472964836319115,8.092592592592593,1.550670238735629,-0.16666666666666666,
t2,rolling,2026-02-02,2026-02-02 18:00:00,2026-02-03,2026-02-02 21:00:00,2026-02-03 03:00:00,1,3.0,24.0,0.49106490887695997,0.13160462300375025,0.4640303214649841,0.926776444633655,9.13888888888889,1.6189941245442006,0.03333333333333351,
t2,rolling,2026-02-02,2026-02-02 18:00:00,2026-02-03,2026-02-02 22:00:00,2026-02-03 04:00:00,1,4.0,24.0,0.4892337649862195,0.20083905766494453,0.4678803645273031,0.9567960768381902,9.879629629629632,1.5970007898037324,0.0,
t2,rolling,2026-02-02,2026-02-02 18:00:00,2026-02-03,2026-02-02 23:00:00,2026-02-03 05:00:00,1,5.0,24.0,0.493422591698615,0.17705485267889698,0.46442741201209364,0.9372567364461317,10.296296296296296,2.0158196364219587,-0.30000000000000004,
t2,rolling,2026-02-02,2026-02-02 18:00:00,2026-02-03,2026-02-03 00:00:00,2026-02-03 06:00:00,1,6.0,24.0,0.4101715405041762,0.13833839437640827,0.40705818229440854,0.9154100528913807,9.61111111111111,1.7094057158072706,-0.6,
t2,rolling,2026-02-02,2026-02-02 18:00:00,2026-02-03,2026-02-03 01:00:00,2026-02-03 07:00:00,1,7.0,24.0,0.33730423234911033,0.10050771873275435,0.31561130984297114,0.8296717909216618,8.981481481481483,1.2254796658952094,-0.9666666666666668,
t2,rolling,2026-02-02,2026-02-02 18:00:00,2026-02-03,2026-02-03 02:00:00,2026-02-03 08:00:00,1,8.0,24.0,0.27400091964171713,0.02183812263924212,0.2122588601555126,0.7455650757843748,8.083333333333334,0.8753306253660414,-1.2999999999999998,
t2,rolling,2026-02-02,2026-02-02 18:00:00,2026-02-03,2026-02-03 03:00:00,2026-02-03 09:00:00,1,9.0,24.0,0.16351920579344198,0.0,0.08531879963169607,0.4888191239147667,6.685185185185186,1.1007619882302035,-0.7333333333333334,
t2,rolling,2026-02-02,2026-02-02 18:00:00,2026-02-03,2026-02-03 04:00:00,2026-02-03 10:00:00,1,10.0,24.0,0.06821779261191638,0.0,0.030192570363060167,0.31062680778021035,4.407407407407407,2.293363569281014,1.2666666666666668,
t2,rolling,2026-02-02,2026-02-02 18:00:00,2026-02-03,2026-02-03 05:00:00,2026-02-03 11:00:00,1,11.0,24.0,0.05869007791797537,0.0,0.03949271366815529,0.2901964040215506,2.861111111111111,2.9059326290271157,3.2999999999999994,
t2,rolling,2026-02-02,2026-02-02 18:00:00,2026-02-03,2026-02-03 06:00:00,2026-02-03 12:00:00,1,12.0,24.0,0.04084714054011493,0.0,0.010967716850122104,0.23057699935245032,3.638888888888889,3.0551767441952693,4.966666666666666,
t2,rolling,2026-02-02,2026-02-02 18:00:00,2026-02-03,2026-02-03 07:00:00,2026-02-03 13:00:00,1,13.0,24.0,0.041997396035695675,0.0,0.0,0.21752140248559063,3.361111111111111,2.7021653411411006,6.166666666666667,
t2,rolling,2026-02-02,2026-02-02 18:00:00,2026-02-03,2026-02-03 08:00:00,2026-02-03 14:00:00,1,14.0,24.0,0.0413633397402325,0.0,0.0,0.2090690240154826,2.8981481481481484,2.6610666508309424,6.8999999999999995,
t2,rolling,2026-02-02,2026-02-02 18:00:00,2026-02-03,2026-02-03 09:00:00,2026-02-03 15:00:00,1,15.0,24.0,0.04109500100380539,0.0,0.004005079547622064,0.19407443391253837,3.1018518518518516,1.6537306621335466,7.266666666666666,
t2,rolling,2026-02-02,2026-02-02 18:00:00,2026-02-03,2026-02-03 10:00:00,2026-02-03 16:00:00,1,16.0,24.0,0.06678384245272906,0.0,0.01391090328869956,0.23888085776840523,3.305555555555556,0.9941961204540712,6.766666666666666,
t2,rolling,2026-02-02,2026-02-02 18:00:00,2026-02-03,2026-02-03 11:00:00,2026-02-03 17:00:00,1,17.0,24.0,0.17900608321377087,0.0,0.10500208315887151,0.4789676565548138,3.5462962962962963,2.2247092564468205,5.5,
t2,rolling,2026-02-02,2026-02-02 18:00:00,2026-02-03,2026-02-03 12:00:00,2026-02-03 18:00:00,1,18.0,24.0,0.31275728750588444,0.0,0.2657803498729989,0.7178520988185546,5.416666666666667,2.766504903793964,4.133333333333334,
t2,rolling,2026-02-02,2026-02-02 18:00:00,2026-02-03,2026-02-03 13:00:00,2026-02-03 19:00:00,1,19.0,24.0,0.3886216548665118,0.0,0.34332601330720663,0.8344040048005104,6.592592592592593,2.0169676339034277,3.1666666666666665,
t2,rolling,2026-02-02,2026-02-02 18:00:00,2026-02-03,2026-02-03 14:00:00,2026-02-03 20:00:00,1,20.0,24.0,0.43036987150710776,0.0,0.475586147980378,0.9048735472792092,7.555555555555557,1.1121522899537557,2.6,
t2,rolling,2026-02-02,2026-02-02 18:00:00,2026-02-03,2026-02-03 15:00:00,2026-02-03 21:00:00,1,21.0,24.0,0.4436307996466555,0.0,0.4766256086680995,0.908803339854376,7.712962962962963,1.017718541054738,2.733333333333333,
t2,rolling,2026-02-02,2026-02-02 18:00:00,2026-02-03,2026-02-03 16:00:00,2026-02-03 22:00:00,1,22.0,24.0,0.4735748577627376,0.025363669100342323,0.4736240769229288,0.9308642327431157,7.916666666666667,0.7474235581707617,2.733333333333333,
t2,rolling,2026-02-02,2026-02-02 18:00:00,2026-02-03,2026-02-03 17:00:00,2026-02-03 23:00:00,1,23.0,24.0,0.41327759804781655,0.02653398100965998,0.40640457754144593,0.8475722802263658,8.092592592592593,0.49404894710941155,2.733333333333333,
t2,rolling,2026-02-02,2026-02-02 18:00:00,2026-02-03,2026-02-03 18:00:00,2026-02-04 00:00:00,2,24.0,48.0,0.3110802098981367,0.0,0.25694097332319465,0.7211528528074824,5.9444444444444455,1.4680233624137573,2.8333333333333335,
t2,rolling,2026-02-02,2026-02-02 18:00:00,2026-02-03,2026-02-03 19:00:00,2026-02-04 01:00:00,2,25.0,48.0,0.27357366516401865,0.0,0.24428558806675077,0.6825668698024195,6.333333333333335,1.1749047768087,2.6,
t2,rolling,2026-02-02,2026-02-02 18:00:00,2026-02-03,2026-02-03 20:00:00,2026-02-04 02:00:00,2,26.0,48.0,0.28664561745908695,0.0,0.24800711076830328,0.693136884193123,6.046296296296297,1.5456862846434847,2.5,
t2,rolling,2026-02-02,2026-02-02 18:00:00,2026-02-03,2026-02-03 21:00:00,2026-02-04 03:00:00,2,27.0,48.0,0.2685583375982131,0.0,0.2346921287030147,0.7621545855121773,6.064814814814814,1.5238164131237566,2.6,
t2,rolling,2026-02-02,2026-02-02 18:00:00,2026-02-03,2026-02-03 22:00:00,2026-02-04 04:00:00,2,28.0,48.0,0.37981966187671823,0.004123806202735669,0.35407424377640606,0.845176495280787,7.037037037037038,1.240498870841756,2.466666666666667,
t2,rolling,2026-02-02,2026-02-02 18:00:00,2026-02-03,2026-02-03 23:00:00,2026-02-04 05:00:00,2,29.0,48.0,0.39304744737702924,0.01125598157012031,0.3850251607874637,0.9158693656418502,7.685185185185186,2.1119028729692966,2.5333333333333337,
t2,rolling,2026-02-02,2026-02-02 18:00:00,2026-02-03,2026-02-04 00:00:00,2026-02-04 06:00:00,2,30.0,48.0,0.418361199285795,0.0056978811790561745,0.4426438858551523,0.8991150724657249,7.222222222222222,1.1111111111111112,2.066666666666667,
t2,rolling,2026-02-02,2026-02-02 18:00:00,2026-02-03,2026-02-04 01:00:00,2026-02-04 07:00:00,2,31.0,48.0,0.47307710898967786,0.0,0.5234825202443818,0.9516167434051522,8.027777777777779,0.9638528651609699,2.1999999999999997,
t2,rolling,2026-02-02,2026-02-02 18:00:00,2026-02-03,2026-02-04 02:00:00,2026-02-04 08:00:00,2,32.0,48.0,0.45211644581488714,0.01870881443857897,0.5469282704368428,0.9173868834032589,8.092592592592593,0.7789343252980789,2.1333333333333333,
t2,rolling,2026-02-02,2026-02-02 18:00:00,2026-02-03,2026-02-04 03:00:00,2026-02-04 09:00:00,2,33.0,48.0,0.41102110163418915,0.011423918041991832,0.48234572466564873,0.8809725772262439,7.944444444444444,0.7939781071086915,2.2,
t2,rolling,2026-02-02,2026-02-02 18:00:00,2026-02-03,2026-02-04 04:00:00,2026-02-04 10:00:00,2,34.0,48.0,0.3321664719093539,0.0,0.35226319859471517,0.8615528465700419,7.5740740740740735,0.7608948057056202,2.6333333333333333,
t2,rolling,2026-02-02,2026-02-02 18:00:00,2026-02-03,2026-02-04 05:00:00,2026-02-04 11:00:00,2,35.0,48.0,0.22545553436941768,0.0,0.23488514189814097,0.744088528170409,6.722222222222222,0.8502904369452206,3.3000000000000003,
t2,rolling,2026-02-02,2026-02-02 18:00:00,2026-02-03,2026-02-04 06:00:00,2026-02-04 12:00:00,2,36.0,48.0,0.18699854903572177,0.0,0.14177875909109156,0.7336703635687993,6.712962962962965,1.9068454763776466,3.9333333333333336,
t2,rolling,2026-02-02,2026-02-02 18:00:00,2026-02-03,2026-02-04 07:00:00,2026-02-04 13:00:00,2,37.0,48.0,0.18784329221295532,0.0,0.11918487810136184,0.6582014460608258,5.805555555555556,1.4979409736347515,4.666666666666667,
t2,rolling,2026-02-02,2026-02-02 18:00:00,2026-02-03,2026-02-04 08:00:00,2026-02-04 14:00:00,2,38.0,48.0,0.19624332942593498,0.0,0.12664541963456738,0.656291084791409,5.5,1.27687165939569,5.466666666666666,
t2,rolling,2026-02-02,2026-02-02 18:00:00,2026-02-03,2026-02-04 09:00:00,2026-02-04 15:00:00,2,39.0,48.0,0.18539359156048751,0.0,0.11792333589372801,0.6237101806534519,5.518518518518519,1.1945521053977883,6.2,
t2,rolling,2026-02-02,2026-02-02 18:00:00,2026-02-03,2026-02-04 10:00:00,2026-02-04 16:00:00,2,40.0,48.0,0.17710703478760703,0.0,0.10846389996860718,0.610508222749088,5.583333333333333,0.9554101956622134,6.133333333333333,
t2,rolling,2026-02-02,2026-02-02 18:00:00,2026-02-03,2026-02-04 11:00:00,2026-02-04 17:00:00,2,41.0,48.0,0.1266518691752263,0.0,0.053789580376795085,0.3776036117319817,5.388888888888889,0.6532208897947138,5.066666666666667,
t2,rolling,2026-02-02,2026-02-02 18:00:00,2026-02-03,2026-02-04 12:00:00,2026-02-04 18:00:00,2,42.0,48.0,0.08272698496128386,0.0,0.041126598410449654,0.26768411170953543,3.4166666666666665,0.4409585518440983,4.466666666666667,
t2,rolling,2026-02-02,2026-02-02 18:00:00,2026-02-03,2026-02-04 13:00:00,2026-02-04 19:00:00,2,43.0,48.0,0.15222449081313782,0.0,0.08099506506670712,0.4250519993528868,2.9907407407407405,2.5522825256101607,2.9333333333333336,
t2,rolling,2026-02-02,2026-02-02 18:00:00,2026-02-03,2026-02-04 14:00:00,2026-02-04 20:00:00,2,44.0,48.0,0.2467011392324885,0.0,0.1802580408630559,0.7272453470131219,4.564814814814815,3.1741302557800677,1.8666666666666665,
t2,rolling,2026-02-02,2026-02-02 18:00:00,2026-02-03,2026-02-04 15:00:00,2026-02-04 21:00:00,2,45.0,48.0,0.379873971797177,0.02491366520549837,0.3710642668576369,0.9709882779443375,7.083333333333333,3.755345983633216,1.1333333333333333,
t2,rolling,2026-02-02,2026-02-02 18:00:00,2026-02-03,2026-02-04 16:00:00,2026-02-04 22:00:00,2,46.0,48.0,0.5516570292959232,0.14505324857726148,0.5525060909176004,0.9987598997848013,9.685185185185185,1.9199515597455965,0.6666666666666666,
t2,rolling,2026-02-02,2026-02-02 18:00:00,2026-02-03,2026-02-04 17:00:00,2026-02-04 23:00:00,2,47.0,48.0,0.6411722170249352,0.21386912398525681,0.6667869748114926,0.9960110246423988,10.481481481481481,1.0001285925550216,0.3666666666666667,
t2,rolling,2026-02-03,2026-02-03 18:00:00,2026-02-04,2026-02-03 18:00:00,2026-02-04 00:00:00,1,0.0,24.0,0.5480984490076293,0.0386485437717613,0.5635491800170622,0.9125403505208358,7.888888888888889,0.7733006059486146,2.3333333333333335,
t2,rolling,2026-02-03,2026-02-03 18:00:00,2026-02-04,2026-02-03 19:00:00,2026-02-04 01:00:00,1,1.0,24.0,0.5541303764248703,0.01586246542067038,0.5447424940819531,0.9248818756975941,8.064814814814815,1.3657328938883189,2.433333333333333,
t2,rolling,2026-02-03,2026-02-03 18:00:00,2026-02-04,2026-02-03 20:00:00,2026-02-04 02:00:00,1,2.0,24.0,0.48865368201317017,0.021770296474409923,0.44203642785367847,0.9423486271055765,7.768518518518519,1.8572375388517661,2.733333333333333,
t2,rolling,2026-02-03,2026-02-03 18:00:00,2026-02-04,2026-02-03 21:00:00,2026-02-04 03:00:00,1,3.0,24.0,0.5190731370759256,0.02146539882919174,0.47507140220091887,0.9224999460085379,7.4907407407407405,2.093923699876705,2.8333333333333335,
t2,rolling,2026-02-03,2026-02-03 18:00:00,2026-02-04,2026-02-03 22:00:00,2026-02-04 04:00:00,1,4.0,24.0,0.5571156886261719,0.04392487354550134,0.5042532239159141,0.946260243194506,7.953703703703705,2.0077652749205908,2.8000000000000003,
t2,rolling,2026-02-03,2026-02-03 18:00:00,2026-02-04,2026-02-03 23:00:00,2026-02-04 05:00:00,1,5.0,24.0,0.6153379162558509,0.053703368590169664,0.5563410843182562,0.9602344304841716,7.981481481481481,1.87666250026948,2.733333333333333,
t2,rolling,2026-02-03,2026-02-03 18:00:00,2026-02-04,2026-02-04 00:00:00,2026-02-04 06:00:00,1,6.0,24.0,0.6539714617221255,0.11921437987289862,0.6355648125989991,0.9489996405557521,9.416666666666666,0.6735753140545631,2.8000000000000003,
t2,rolling,2026-02-03,2026-02-03 18:00:00,2026-02-04,2026-02-04 01:00:00,2026-02-04 07:00:00,1,7.0,24.0,0.5736663372319323,0.02605841360564287,0.54706280331778,0.9591680948901227,9.564814814814815,2.6825817519634096,2.6333333333333333,
t2,rolling,2026-02-03,2026-02-03 18:00:00,2026-02-04,2026-02-04 02:00:00,2026-02-04 08:00:00,1,8.0,24.0,0.43343376286742885,0.011750115210170164,0.3559980864252295,0.9102934439018615,8.407407407407407,3.0360912032148653,2.566666666666667,
t2,rolling,2026-02-03,2026-02-03 18:00:00,2026-02-04,2026-02-04 03:00:00,2026-02-04 09:00:00,1,9.0,24.0,0.3409115477746998,0.0,0.2754475939176135,0.9061677860445669,7.62962962962963,3.4118454391152486,2.866666666666667,
t2,rolling,2026-02-03,2026-02-03 18:00:00,2026-02-04,2026-02-04 04:00:00,2026-02-04 10:00:00,1,10.0,24.0,0.24256636795687045,0.0,0.16444601125457406,0.825186713432121,6.75,2.9108407423217937,3.366666666666667,
t2,rolling,2026-02-03,2026-02-03 18:00:00,2026-02-04,2026-02-04 05:00:00,2026-02-04 11:00:00,1,11.0,24.0,0.24035969743845306,0.0,0.20009771343470437,0.7395641499121431,5.518518518518519,3.1630502416616344,3.7999999999999994,
t2,rolling,2026-02-03,2026-02-03 18:00:00,2026-02-04,2026-02-04 06:00:00,2026-02-04 12:00:00,1,12.0,24.0,0.19487632706826782,0.0,0.16045831911987532,0.6903872171862263,5.453703703703703,2.431203617306988,4.333333333333333,
t2,rolling,2026-02-03,2026-02-03 18:00:00,2026-02-04,2026-02-04 07:00:00,2026-02-04 13:00:00,1,13.0,24.0,0.17667927357860536,0.0,0.14622023206787746,0.628097856932964,4.87962962962963,2.217413779228577,5.033333333333334,
t2,rolling,2026-02-03,2026-02-03 18:00:00,2026-02-04,2026-02-04 08:00:00,2026-02-04 14:00:00,1,14.0,24.0,0.15073573384148217,0.0,0.09886171868389149,0.537535956071157,4.814814814814816,2.4743020797576447,5.8999999999999995,
t2,rolling,2026-02-03,2026-02-03 18:00:00,2026-02-04,2026-02-04 09:00:00,2026-02-04 15:00:00,1,15.0,24.0,0.14066521806929325,0.0,0.07796401139669068,0.558743848050154,4.814814814814815,2.7619456224551517,6.466666666666666,
t2,rolling,2026-02-03,2026-02-03 18:00:00,2026-02-04,2026-02-04 10:00:00,2026-02-04 16:00:00,1,16.0,24.0,0.11269854230403971,0.0,0.058171382520589135,0.4769520373124316,4.777777777777778,2.7768053853570924,6.166666666666667,
t2,rolling,2026-02-03,2026-02-03 18:00:00,2026-02-04,2026-02-04 11:00:00,2026-02-04 17:00:00,1,17.0,24.0,0.1347994866955899,0.0,0.07861022386490493,0.41157008522591354,4.268518518518518,3.2315876030542623,5.3,
t2,rolling,2026-02-03,2026-02-03 18:00:00,2026-02-04,2026-02-04 12:00:00,2026-02-04 18:00:00,1,18.0,24.0,0.12982617522269185,0.0,0.05878939758649257,0.32505991362809283,4.231481481481482,1.1153852976168899,4.2,
t2,rolling,2026-02-03,2026-02-03 18:00:00,2026-02-04,2026-02-04 13:00:00,2026-02-04 19:00:00,1,19.0,24.0,0.21667356833996124,0.0,0.08864891831067775,0.5492083013262677,3.574074074074074,4.773603904670257,2.6333333333333333,
t2,rolling,2026-02-03,2026-02-03 18:00:00,2026-02-04,2026-02-04 14:00:00,2026-02-04 20:00:00,1,20.0,24.0,0.36038197547974127,0.0,0.2453979331777744,0.8271036087831042,5.87962962962963,4.181209189704079,1.6666666666666667,
t2,rolling,2026-02-03,2026-02-03 18:00:00,2026-02-04,2026-02-04 15:00:00,2026-02-04 21:00:00,1,21.0,24.0,0.546802375401342,0.05182154743175155,0.4849543049286714,0.9929967972562725,8.361111111111112,2.896890627663043,0.8000000000000002,
t2,rolling,2026-02-03,2026-02-03 18:00:00,2026-02-04,2026-02-04 16:00:00,2026-02-04 22:00:00,1,22.0,24.0,0.6840852923373072,0.19948558449347054,0.6595910866695177,0.9895933017803993,10.268518518518519,1.4156677669345477,0.43333333333333335,
t2,rolling,2026-02-03,2026-02-03 18:00:00,2026-02-04,2026-02-04 17:00:00,2026-02-04 23:00:00,1,23.0,24.0,0.7360154755833734,0.35764960864407636,0.7636601545038367,0.9837485492627811,11.055555555555557,1.0456405680399286,0.3666666666666667,
t2,rolling,2026-02-03,2026-02-03 18:00:00,2026-02-04,2026-02-04 18:00:00,2026-02-05 00:00:00,2,24.0,48.0,0.7859819111113417,0.46754303274588493,0.8211261765334936,0.9760465981063897,10.722222222222223,0.7010794146735535,0.26666666666666666,
t2,rolling,2026-02-03,2026-02-03 18:00:00,2026-02-04,2026-02-04 19:00:00,2026-02-05 01:00:00,2,25.0,48.0,0.867318160170808,0.6354383523592444,0.908463734090329,0.9646232145985557,11.583333333333334,0.6291528696058959,0.3333333333333333,
t2,rolling,2026-02-03,2026-02-03 18:00:00,2026-02-04,2026-02-04 20:00:00,2026-02-05 02:00:00,2,26.0,48.0,0.8951424720313359,0.6837865446732339,0.9342327897140387,0.9641565746303848,12.49074074074074,0.5775729693981738,0.5,
t2,rolling,2026-02-03,2026-02-03 18:00:00,2026-02-04,2026-02-04 21:00:00,2026-02-05 03:00:00,2,27.0,48.0,0.8986071178488805,0.706612462425083,0.9365599382793897,0.9642141816899581,13.314814814814815,0.39900854493361654,0.6666666666666666,
t2,rolling,2026-02-03,2026-02-03 18:00:00,2026-02-04,2026-02-04 22:00:00,2026-02-05 04:00:00,2,28.0,48.0,0.9125304407148092,0.7714370944563986,0.9368484643129362,0.9641470426018905,14.09259259259259,0.22280017436140687,0.6,
t2,rolling,2026-02-03,2026-02-03 18:00:00,2026-02-04,2026-02-04 23:00:00,2026-02-05 05:00:00,2,29.0,48.0,0.9103485752708547,0.7608235652075093,0.9364409592098039,0.9641963781954342,14.666666666666666,0.708741712342949,0.6,
t2,rolling,2026-02-03,2026-02-03 18:00:00,2026-02-04,2026-02-05 00:00:00,2026-02-05 06:00:00,2,30.0,48.0,0.9057989458423932,0.7538620494616057,0.9370011830900273,0.9640743372017493,15.620370370370372,1.643903189203443,0.5333333333333333,
t2,rolling,2026-02-03,2026-02-03 18:00:00,2026-02-04,2026-02-05 01:00:00,2026-02-05 07:00:00,2,31.0,48.0,0.9069644162422079,0.7525826410526444,0.9370011830900273,0.9641345683586661,15.759259259259261,1.442395270106755,0.4333333333333333,
t2,rolling,2026-02-03,2026-02-03 18:00:00,2026-02-04,2026-02-05 02:00:00,2026-02-05 08:00:00,2,32.0,48.0,0.9005896311754669,0.7538620494616057,0.9370011830900273,0.9641345683586661,16.287037037037038,1.876251297145761,0.3,
t2,rolling,2026-02-03,2026-02-03 18:00:00,2026-02-04,2026-02-05 03:00:00,2026-02-05 09:00:00,2,33.0,48.0,0.9074545094595976,0.7448287219423265,0.9370011830900273,0.9640738544392949,16.759259259259263,2.363941658461363,0.7666666666666666,
t2,rolling,2026-02-03,2026-02-03 18:00:00,2026-02-04,2026-02-05 04:00:00,2026-02-05 10:00:00,2,34.0,48.0,0.9125309658341675,0.7521422004271324,0.9370011830900273,0.9613246699585246,16.990740740740744,2.7930598145353107,2.3000000000000003,
t2,rolling,2026-02-03,2026-02-03 18:00:00,2026-02-04,2026-02-05 05:00:00,2026-02-05 11:00:00,2,35.0,48.0,0.9090168267805646,0.7341400935003635,0.9371011829946598,0.9594408416062163,17.064814814814813,2.9305665262213467,3.8333333333333335,
t2,rolling,2026-02-03,2026-02-03 18:00:00,2026-02-04,2026-02-05 06:00:00,2026-02-05 12:00:00,2,36.0,48.0,0.9124686560979214,0.7655006037479891,0.9370011830900273,0.9580940355025164,16.74074074074074,2.492323605540122,4.966666666666666,
t2,rolling,2026-02-03,2026-02-03 18:00:00,2026-02-04,2026-02-05 07:00:00,2026-02-05 13:00:00,2,37.0,48.0,0.911706381088952,0.7368959728494926,0.9371011829946598,0.9575053292017579,16.787037037037038,2.8268353228277783,5.866666666666667,
t2,rolling,2026-02-03,2026-02-03 18:00:00,2026-02-04,2026-02-05 08:00:00,2026-02-05 14:00:00,2,38.0,48.0,0.9184798950119896,0.7599281402017957,0.9370011830900273,0.9564867463237207,16.250000000000004,2.7660865076676906,6.5,
t2,rolling,2026-02-03,2026-02-03 18:00:00,2026-02-04,2026-02-05 09:00:00,2026-02-05 15:00:00,2,39.0,48.0,0.9101056456392087,0.7117393591227105,0.9370535282498225,0.9562111749099031,15.935185185185185,2.945536135845563,6.933333333333333,
t2,rolling,2026-02-03,2026-02-03 18:00:00,2026-02-04,2026-02-05 10:00:00,2026-02-05 16:00:00,2,40.0,48.0,0.9013270840498304,0.6467612997548391,0.9370535282498225,0.9563166990310027,15.583333333333334,2.8593576072128384,6.766666666666666,
t2,rolling,2026-02-03,2026-02-03 18:00:00,2026-02-04,2026-02-05 11:00:00,2026-02-05 17:00:00,2,41.0,48.0,0.9031734515938132,0.6304384086944139,0.9347226898344932,0.9572154778826136,15.046296296296298,2.75467242419295,6.033333333333334,
t2,rolling,2026-02-03,2026-02-03 18:00:00,2026-02-04,2026-02-05 12:00:00,2026-02-05 18:00:00,2,42.0,48.0,0.8609123879542457,0.5471957165669381,0.8952214089821019,0.9624070334338128,13.90740740740741,2.06796802914052,4.933333333333334,
t2,rolling,2026-02-03,2026-02-03 18:00:00,2026-02-04,2026-02-05 13:00:00,2026-02-05 19:00:00,2,43.0,48.0,0.8727188444494078,0.5606111584253775,0.871982565722681,0.9651499383911298,12.805555555555557,1.5030832509409655,4.1000000000000005,
t2,rolling,2026-02-03,2026-02-03 18:00:00,2026-02-04,2026-02-05 14:00:00,2026-02-05 20:00:00,2,44.0,48.0,0.8398262434562033,0.48389833013031636,0.8574031201968074,0.9637833641185993,11.703703703703704,1.1332289349156424,3.5,
t2,rolling,2026-02-03,2026-02-03 18:00:00,2026-02-04,2026-02-05 15:00:00,2026-02-05 21:00:00,2,45.0,48.0,0.7189004871856916,0.34916287415133185,0.7606419579395103,0.9768477810135558,11.037037037037038,1.252261329041983,2.733333333333333,
t2,rolling,2026-02-03,2026-02-03 18:00:00,2026-02-04,2026-02-05 16:00:00,2026-02-05 22:00:00,2,46.0,48.0,0.6832991502964014,0.34788842481970744,0.7308383567731829,0.9776537373340222,10.740740740740742,1.191965558648452,2.2333333333333334,
t2,rolling,2026-02-03,2026-02-03 18:00:00,2026-02-04,2026-02-05 17:00:00,2026-02-05 23:00:00,2,47.0,48.0,0.6298494211670145,0.30793723949157276,0.6606319462397799,0.9815681347110861,10.342592592592593,0.9247677942332488,1.9333333333333333,
t2,rolling,2026-02-04,2026-02-04 18:00:00,2026-02-05,2026-02-04 18:00:00,2026-02-05 00:00:00,1,0.0,24.0,0.8718228823936581,0.5978541943008712,0.902124959709796,0.9714375362728752,11.564814814814815,1.073794663529237,0.26666666666666666,
t2,rolling,2026-02-04,2026-02-04 18:00:00,2026-02-05,2026-02-04 19:00:00,2026-02-05 01:00:00,1,1.0,24.0,0.8865865808376109,0.6665992237481938,0.938177532986723,0.968511884233479,12.416666666666666,1.0107447443700146,0.3,
t2,rolling,2026-02-04,2026-02-04 18:00:00,2026-02-05,2026-02-04 20:00:00,2026-02-05 02:00:00,1,2.0,24.0,0.9015176053601109,0.699525696494556,0.9395110835898148,0.9686491964137828,13.601851851851853,0.7506855577299745,0.5,
t2,rolling,2026-02-04,2026-02-04 18:00:00,2026-02-05,2026-02-04 21:00:00,2026-02-05 03:00:00,1,3.0,24.0,0.9165128744648369,0.7793659498371,0.9408308980629639,0.9685987950467257,14.25,0.8282250842153096,0.6,
t2,rolling,2026-02-04,2026-02-04 18:00:00,2026-02-05,2026-02-04 22:00:00,2026-02-05 04:00:00,1,4.0,24.0,0.9165128744648369,0.7793659498371,0.9408308980629639,0.9684670880499386,14.685185185185185,0.5933877766671151,0.5666666666666668,
t2,rolling,2026-02-04,2026-02-04 18:00:00,2026-02-05,2026-02-04 23:00:00,2026-02-05 05:00:00,1,5.0,24.0,0.910723863330695,0.7685618519066858,0.940983616840055,0.9683760587451077,15.148148148148147,0.8855550908498248,0.6666666666666666,
t2,rolling,2026-02-04,2026-02-04 18:00:00,2026-02-05,2026-02-05 00:00:00,2026-02-05 06:00:00,1,6.0,24.0,0.9120253567549147,0.7541740834479849,0.9403847067625497,0.9684515592475583,16.055555555555557,1.9722222222222223,0.5666666666666667,
t2,rolling,2026-02-04,2026-02-04 18:00:00,2026-02-05,2026-02-05 01:00:00,2026-02-05 07:00:00,1,7.0,24.0,0.9150316408871345,0.7362167000164243,0.940983616840055,0.9683763221558607,16.84259259259259,2.6447790015572563,0.6,
t2,rolling,2026-02-04,2026-02-04 18:00:00,2026-02-05,2026-02-05 02:00:00,2026-02-05 08:00:00,1,8.0,24.0,0.9077431091424459,0.7375112016223492,0.9410836167446875,0.9683638413922387,17.26851851851852,2.8725947175894193,0.5333333333333333,
t2,rolling,2026-02-04,2026-02-04 18:00:00,2026-02-05,2026-02-05 03:00:00,2026-02-05 09:00:00,1,9.0,24.0,0.9051279133899082,0.7383666228453699,0.9410836167446875,0.9683796260772303,17.305555555555557,3.156049452741219,1.0333333333333332,
t2,rolling,2026-02-04,2026-02-04 18:00:00,2026-02-05,2026-02-05 04:00:00,2026-02-05 10:00:00,1,10.0,24.0,0.9089546184822853,0.7383666228453699,0.9410836167446875,0.9653241707411129,17.09259259259259,3.3925678270161903,2.533333333333333,
t2,rolling,2026-02-04,2026-02-04 18:00:00,2026-02-05,2026-02-05 05:00:00,2026-02-05 11:00:00,1,11.0,24.0,0.9131838573027906,0.7382346216291625,0.9410836167446875,0.9636841124259882,16.39814814814815,2.9664187023573514,3.9333333333333336,
t2,rolling,2026-02-04,2026-02-04 18:00:00,2026-02-05,2026-02-05 06:00:00,2026-02-05 12:00:00,1,12.0,24.0,0.9152065774655413,0.7407194272800146,0.9410836167446875,0.9622647326758577,16.39814814814815,3.171333468287148,5.0,
t2,rolling,2026-02-04,2026-02-04 18:00:00,2026-02-05,2026-02-05 07:00:00,2026-02-05 13:00:00,1,13.0,24.0,0.9162872592000963,0.7430312819273175,0.9410836167446875,0.9617692306948139,16.0,3.0373193184081417,5.833333333333333,
t2,rolling,2026-02-04,2026-02-04 18:00:00,2026-02-05,2026-02-05 08:00:00,2026-02-05 14:00:00,1,14.0,24.0,0.9160322911400669,0.7394414466591492,0.9410359619998502,0.9607332558968785,15.620370370370372,2.8811773856484475,6.533333333333334,
t2,rolling,2026-02-04,2026-02-04 18:00:00,2026-02-05,2026-02-05 09:00:00,2026-02-05 15:00:00,1,15.0,24.0,0.9118223757046282,0.7271936478283479,0.9410359619998502,0.9605268483571429,15.25925925925926,2.6825817519634096,6.866666666666667,
t2,rolling,2026-02-04,2026-02-04 18:00:00,2026-02-05,2026-02-05 10:00:00,2026-02-05 16:00:00,1,16.0,24.0,0.9041467470478675,0.6427623556978197,0.9390807620776582,0.96080714364622,14.731481481481481,2.7434452372058233,6.633333333333333,
t2,rolling,2026-02-04,2026-02-04 18:00:00,2026-02-05,2026-02-05 11:00:00,2026-02-05 17:00:00,1,17.0,24.0,0.8702253530902079,0.5204254914006999,0.88766618166098,0.9674090501186757,13.861111111111109,2.577652056321176,5.766666666666667,
t2,rolling,2026-02-04,2026-02-04 18:00:00,2026-02-05,2026-02-05 12:00:00,2026-02-05 18:00:00,1,18.0,24.0,0.8568959588055437,0.44088746910108867,0.8656998712828063,0.9688674710182861,12.138888888888888,1.2536982329329731,4.333333333333333,
t2,rolling,2026-02-04,2026-02-04 18:00:00,2026-02-05,2026-02-05 13:00:00,2026-02-05 19:00:00,1,19.0,24.0,0.8187154758680247,0.45020894189889205,0.8501847061790484,0.9707421586543599,11.518518518518519,0.7828866601454811,3.266666666666667,
t2,rolling,2026-02-04,2026-02-04 18:00:00,2026-02-05,2026-02-05 14:00:00,2026-02-05 20:00:00,1,20.0,24.0,0.7947629122140418,0.3935002840290619,0.8327451083149422,0.9737985652245169,11.203703703703704,0.8811877039242698,2.5,
t2,rolling,2026-02-04,2026-02-04 18:00:00,2026-02-05,2026-02-05 15:00:00,2026-02-05 21:00:00,1,21.0,24.0,0.7503974093619049,0.40434382553417975,0.7866580129000283,0.9798815961560052,10.879629629629632,0.5985665318108876,2.0666666666666664,
t2,rolling,2026-02-04,2026-02-04 18:00:00,2026-02-05,2026-02-05 16:00:00,2026-02-05 22:00:00,1,22.0,24.0,0.6948493360316861,0.3613335420063995,0.7296686274411828,0.9868140678453654,10.870370370370372,0.7245333392403566,1.8999999999999997,
t2,rolling,2026-02-04,2026-02-04 18:00:00,2026-02-05,2026-02-05 17:00:00,2026-02-05 23:00:00,1,23.0,24.0,0.6412947442423411,0.3436777865191782,0.7029958743438469,0.986325987742907,10.694444444444445,0.409192218407118,1.9666666666666668,
t2,rolling,2026-02-04,2026-02-04 18:00:00,2026-02-05,2026-02-05 18:00:00,2026-02-06 00:00:00,2,24.0,48.0,0.5834738237510081,0.2991041243027429,0.6610967698324012,0.9838804964300423,10.481481481481483,0.5894738534221113,1.8333333333333333,
t2,rolling,2026-02-04,2026-02-04 18:00:00,2026-02-05,2026-02-05 19:00:00,2026-02-06 01:00:00,2,25.0,48.0,0.5531268097996651,0.2667683523502741,0.638353144748711,0.9733451337379515,10.39814814814815,0.5395852697901291,1.8,
t2,rolling,2026-02-04,2026-02-04 18:00:00,2026-02-05,2026-02-05 20:00:00,2026-02-06 02:00:00,2,26.0,48.0,0.49054566406098155,0.2004476483592696,0.5399573954201602,0.9441566461770419,10.018518518518519,0.7382481209362095,1.7666666666666666,
t2,rolling,2026-02-04,2026-02-04 18:00:00,2026-02-05,2026-02-05 21:00:00,2026-02-06 03:00:00,2,27.0,48.0,0.4093016105264996,0.1446822596977488,0.3608793468854123,0.901429891171954,9.425925925925926,0.6703217702866032,1.7333333333333334,
t2,rolling,2026-02-04,2026-02-04 18:00:00,2026-02-05,2026-02-05 22:00:00,2026-02-06 04:00:00,2,28.0,48.0,0.3287711919466765,0.05430982801573489,0.2592399689157531,0.8483008786049848,8.49074074074074,0.042431256434776535,1.3,
t2,rolling,2026-02-04,2026-02-04 18:00:00,2026-02-05,2026-02-05 23:00:00,2026-02-06 05:00:00,2,29.0,48.0,0.22128768189421333,0.0,0.16228910107650207,0.6748352960158266,7.166666666666668,0.8069910581296641,0.8333333333333334,
t2,rolling,2026-02-04,2026-02-04 18:00:00,2026-02-05,2026-02-06 00:00:00,2026-02-06 06:00:00,2,30.0,48.0,0.07654018294016154,0.0,0.03317642224749168,0.35027070374403274,4.490740740740741,1.0961961916258325,0.7666666666666666,
t2,rolling,2026-02-04,2026-02-04 18:00:00,2026-02-05,2026-02-06 01:00:00,2026-02-06 07:00:00,2,31.0,48.0,0.07545043248099816,0.0,0.03066982821735465,0.334553884238702,2.175925925925926,1.5116148397883349,0.3333333333333333,
t2,rolling,2026-02-04,2026-02-04 18:00:00,2026-02-05,2026-02-06 02:00:00,2026-02-06 08:00:00,2,32.0,48.0,0.10337108930179086,0.0,0.04520453688137185,0.3977671527796046,3.092592592592593,1.0032098689468039,0.5333333333333333,
t2,rolling,2026-02-04,2026-02-04 18:00:00,2026-02-05,2026-02-06 03:00:00,2026-02-06 09:00:00,2,33.0,48.0,0.24274770868508017,0.0,0.16897443570794157,0.5616029859089897,4.333333333333333,2.9825883613622137,1.4666666666666668,
t2,rolling,2026-02-04,2026-02-04 18:00:00,2026-02-05,2026-02-06 04:00:00,2026-02-06 10:00:00,2,34.0,48.0,0.3813942926688234,0.0,0.29372331481114844,0.7915031926204497,5.055555555555556,3.732676033406914,3.433333333333333,
t2,rolling,2026-02-04,2026-02-04 18:00:00,2026-02-05,2026-02-06 05:00:00,2026-02-06 11:00:00,2,35.0,48.0,0.4795725880151596,0.0,0.40301351531103907,0.9980960144158264,5.9259259259259265,5.039759612792312,5.5,
t2,rolling,2026-02-04,2026-02-04 18:00:00,2026-02-05,2026-02-06 06:00:00,2026-02-06 12:00:00,2,36.0,48.0,0.6338550599433093,0.04472369573244617,0.5853139572956491,0.9791162453516369,9.444444444444445,6.004884842801621,6.533333333333332,
t2,rolling,2026-02-04,2026-02-04 18:00:00,2026-02-05,2026-02-06 07:00:00,2026-02-06 13:00:00,2,37.0,48.0,0.7824929282699367,0.16664361644300751,0.8088314305856648,0.9693094389943552,10.5,5.208018509003541,7.0,
t2,rolling,2026-02-04,2026-02-04 18:00:00,2026-02-05,2026-02-06 08:00:00,2026-02-06 14:00:00,2,38.0,48.0,0.7885699967989935,0.3605742759524635,0.8791397672305254,0.9732253860117653,12.351851851851853,4.006777950838442,7.066666666666666,
t2,rolling,2026-02-04,2026-02-04 18:00:00,2026-02-05,2026-02-06 09:00:00,2026-02-06 15:00:00,2,39.0,48.0,0.9003748332071083,0.671356146295087,0.933675930869281,0.9620169212111309,14.481481481481483,1.223904566063579,6.633333333333333,
t2,rolling,2026-02-04,2026-02-04 18:00:00,2026-02-05,2026-02-06 10:00:00,2026-02-06 16:00:00,2,40.0,48.0,0.9124005485379261,0.7960747202987434,0.9408308980629639,0.961904345174057,15.555555555555557,0.7642675828998673,5.766666666666667,
t2,rolling,2026-02-04,2026-02-04 18:00:00,2026-02-05,2026-02-06 11:00:00,2026-02-06 17:00:00,2,41.0,48.0,0.9142938295041702,0.7991597786974495,0.9408308980629639,0.9633866901831761,15.731481481481483,0.9978113910035612,4.666666666666667,
t2,rolling,2026-02-04,2026-02-04 18:00:00,2026-02-05,2026-02-06 12:00:00,2026-02-06 18:00:00,2,42.0,48.0,0.9162954596635403,0.7979918183448338,0.9408308980629639,0.9643830144804839,16.34259259259259,0.39707003041465905,4.0,
t2,rolling,2026-02-04,2026-02-04 18:00:00,2026-02-05,2026-02-06 13:00:00,2026-02-06 19:00:00,2,43.0,48.0,0.9143432575977146,0.7979918183448338,0.9408308980629639,0.9647976659279185,16.111111111111114,0.5299662230094142,3.5,
t2,rolling,2026-02-04,2026-02-04 18:00:00,2026-02-05,2026-02-06 14:00:00,2026-02-06 20:00:00,2,44.0,48.0,0.9157920218310275,0.7980426781420067,0.9404233929598316,0.9656542400915848,15.185185185185185,0.5789073715681702,3.1,
t2,rolling,2026-02-04,2026-02-04 18:00:00,2026-02-05,2026-02-06 15:00:00,2026-02-06 21:00:00,2,45.0,48.0,0.9138222259418375,0.7943192019453538,0.9408308980629639,0.9656033731581103,14.583333333333334,0.9554101956622131,2.766666666666667,
t2,rolling,2026-02-04,2026-02-04 18:00:00,2026-02-05,2026-02-06 16:00:00,2026-02-06 22:00:00,2,46.0,48.0,0.9145058232402712,0.7879086793219237,0.9408308980629639,0.9659374977048437,14.148148148148147,0.9703686033345533,2.3000000000000003,
t2,rolling,2026-02-04,2026-02-04 18:00:00,2026-02-05,2026-02-06 17:00:00,2026-02-06 23:00:00,2,47.0,48.0,0.9125245501107965,0.7943192019453538,0.9408308980629639,0.9663075224246764,13.990740740740742,0.8912006974456274,1.8333333333333333,
t2,rolling,2026-02-05,2026-02-05 18:00:00,2026-02-06,2026-02-05 18:00:00,2026-02-06 00:00:00,1,0.0,24.0,0.596571645954185,0.2841727690555609,0.6501347727035783,0.9957392403527929,10.398148148148147,0.331398706818023,1.6333333333333335,
t2,rolling,2026-02-05,2026-02-05 18:00:00,2026-02-06,2026-02-05 19:00:00,2026-02-06 01:00:00,1,1.0,24.0,0.5795069544717207,0.27147413672420256,0.6517680633490376,0.9894177863556963,10.314814814814815,0.34731480247242635,1.5,
t2,rolling,2026-02-05,2026-02-05 18:00:00,2026-02-06,2026-02-05 20:00:00,2026-02-06 02:00:00,1,2.0,24.0,0.5399531382540425,0.23053161066417394,0.5826815796621745,0.9904624413417141,10.111111111111112,0.4672945511461314,1.5666666666666667,
t2,rolling,2026-02-05,2026-02-05 18:00:00,2026-02-06,2026-02-05 21:00:00,2026-02-06 03:00:00,1,3.0,24.0,0.5012768467117317,0.18780037371090746,0.5329928066969545,0.9448735994803166,9.907407407407407,0.5214040083444851,1.4000000000000001,
t2,rolling,2026-02-05,2026-02-05 18:00:00,2026-02-06,2026-02-05 22:00:00,2026-02-06 04:00:00,1,4.0,24.0,0.39859256536408866,0.13006473183952844,0.40955180867021757,0.9245005209119322,9.824074074074074,0.8166540689378561,1.1333333333333333,
t2,rolling,2026-02-05,2026-02-05 18:00:00,2026-02-06,2026-02-05 23:00:00,2026-02-06 05:00:00,1,5.0,24.0,0.28496219611465406,0.02392975310016146,0.24202071698905248,0.8232815804447939,9.046296296296296,1.1467658943572163,0.8666666666666667,
t2,rolling,2026-02-05,2026-02-05 18:00:00,2026-02-06,2026-02-06 00:00:00,2026-02-06 06:00:00,1,6.0,24.0,0.13952957873435176,0.0,0.10233830085994178,0.5248112664312545,6.62962962962963,3.524203496971457,0.10000000000000002,
t2,rolling,2026-02-05,2026-02-05 18:00:00,2026-02-06,2026-02-06 01:00:00,2026-02-06 07:00:00,1,7.0,24.0,0.08138329943693445,0.0,0.033636986926334676,0.3793597773289181,4.685185185185186,3.1808082545578533,-0.10000000000000002,
t2,rolling,2026-02-05,2026-02-05 18:00:00,2026-02-06,2026-02-06 02:00:00,2026-02-06 08:00:00,1,8.0,24.0,0.08208337339191052,0.0,0.048307468612246975,0.3113690011765808,2.675925925925926,3.116232557078216,-0.20000000000000004,
t2,rolling,2026-02-05,2026-02-05 18:00:00,2026-02-06,2026-02-06 03:00:00,2026-02-06 09:00:00,1,9.0,24.0,0.09632992115573108,0.0,0.06743902421548612,0.3426347732128858,4.101851851851852,0.339450051478211,0.2666666666666666,
t2,rolling,2026-02-05,2026-02-05 18:00:00,2026-02-06,2026-02-06 04:00:00,2026-02-06 10:00:00,1,10.0,24.0,0.23605461116113952,0.0,0.1039046948015181,0.5692980499369751,4.1944444444444455,0.8953756367381223,1.9333333333333333,
t2,rolling,2026-02-05,2026-02-05 18:00:00,2026-02-06,2026-02-06 05:00:00,2026-02-06 11:00:00,1,11.0,24.0,0.3331579067645394,0.0,0.28010571952385876,0.7838147943956938,4.018518518518519,2.334876033226385,3.633333333333333,
t2,rolling,2026-02-05,2026-02-05 18:00:00,2026-02-06,2026-02-06 06:00:00,2026-02-06 12:00:00,1,12.0,24.0,0.5277721821396071,0.0,0.47401630245122994,0.9963336831369854,6.972222222222222,2.9028774570870546,5.233333333333333,
t2,rolling,2026-02-05,2026-02-05 18:00:00,2026-02-06,2026-02-06 07:00:00,2026-02-06 13:00:00,1,13.0,24.0,0.65966188584823,0.14439756853627217,0.6241441977792407,1.0,10.018518518518519,3.58067659192604,6.3999999999999995,
t2,rolling,2026-02-05,2026-02-05 18:00:00,2026-02-06,2026-02-06 08:00:00,2026-02-06 14:00:00,1,14.0,24.0,0.7644940063262877,0.26041952626851117,0.8370360486726707,0.9835963324906608,13.324074074074074,3.0712140868194435,5.533333333333334,
t2,rolling,2026-02-05,2026-02-05 18:00:00,2026-02-06,2026-02-06 09:00:00,2026-02-06 15:00:00,1,15.0,24.0,0.8785548158172889,0.6269691368799846,0.9365932305799265,0.9643717054466414,14.25,1.9774968589508541,5.033333333333334,
t2,rolling,2026-02-05,2026-02-05 18:00:00,2026-02-06,2026-02-06 10:00:00,2026-02-06 16:00:00,1,16.0,24.0,0.9140798659515651,0.7691006453137293,0.9406029152716274,0.9657156691973153,14.703703703703704,0.9305901043890548,4.566666666666666,
t2,rolling,2026-02-05,2026-02-05 18:00:00,2026-02-06,2026-02-06 11:00:00,2026-02-06 17:00:00,1,17.0,24.0,0.9164566801776718,0.7805523420134942,0.9407013917256158,0.9658207277088067,15.861111111111112,0.48828877309019336,4.266666666666667,
t2,rolling,2026-02-05,2026-02-05 18:00:00,2026-02-06,2026-02-06 12:00:00,2026-02-06 18:00:00,1,18.0,24.0,0.9147111001875347,0.79338904249787,0.9412018253491329,0.9661668881486125,16.89814814814815,0.5280213862734546,3.6666666666666665,
t2,rolling,2026-02-05,2026-02-05 18:00:00,2026-02-06,2026-02-06 13:00:00,2026-02-06 19:00:00,1,19.0,24.0,0.9145123666458844,0.7933718595178869,0.9413003018031212,0.967170227292362,16.990740740740744,0.5619996631664261,3.133333333333333,
t2,rolling,2026-02-05,2026-02-05 18:00:00,2026-02-06,2026-02-06 14:00:00,2026-02-06 20:00:00,1,20.0,24.0,0.9182240524507577,0.7870979376466284,0.9413003018031212,0.9673875142177363,16.462962962962965,0.7372021962727041,2.533333333333333,
t2,rolling,2026-02-05,2026-02-05 18:00:00,2026-02-06,2026-02-06 15:00:00,2026-02-06 21:00:00,1,21.0,24.0,0.9182240524507577,0.7742784201422359,0.9407013917256158,0.967903210020222,15.685185185185185,0.23295825232239065,2.066666666666667,
t2,rolling,2026-02-05,2026-02-05 18:00:00,2026-02-06,2026-02-06 16:00:00,2026-02-06 22:00:00,1,22.0,24.0,0.9060144832878754,0.5477430423317542,0.9384543168941418,0.9694746857123233,14.268518518518519,0.7460458177216184,1.7,
t2,rolling,2026-02-05,2026-02-05 18:00:00,2026-02-06,2026-02-06 17:00:00,2026-02-06 23:00:00,1,23.0,24.0,0.8973504602682401,0.6017648940574665,0.9375394600790702,0.9692801703031908,12.962962962962964,0.21032993873334435,1.5,
t2,rolling,2026-02-05,2026-02-05 18:00:00,2026-02-06,2026-02-06 18:00:00,2026-02-07 00:00:00,2,24.0,48.0,0.9096857774749639,0.7201765208764763,0.931409257892467,0.9701295127166072,12.462962962962962,1.8644938853639805,1.6333333333333335,
t2,rolling,2026-02-05,2026-02-05 18:00:00,2026-02-06,2026-02-06 19:00:00,2026-02-07 01:00:00,2,25.0,48.0,0.8602246492193524,0.6021316126483505,0.88834076098329,0.9756335460941455,12.00925925925926,1.7341284975717732,1.6000000000000003,
t2,rolling,2026-02-05,2026-02-05 18:00:00,2026-02-06,2026-02-06 20:00:00,2026-02-07 02:00:00,2,26.0,48.0,0.7687436165752346,0.5081852692220679,0.8030765040687121,0.9781012800694714,11.194444444444445,2.05499241535352,1.4000000000000001,
t2,rolling,2026-02-05,2026-02-05 18:00:00,2026-02-06,2026-02-06 21:00:00,2026-02-07 03:00:00,2,27.0,48.0,0.5706366269817509,0.2390742360814922,0.5890822684918741,0.9461647186882233,9.953703703703704,1.0909042196549181,1.2666666666666668,
t2,rolling,2026-02-05,2026-02-05 18:00:00,2026-02-06,2026-02-06 22:00:00,2026-02-07 04:00:00,2,28.0,48.0,0.4654433861244292,0.05423278971342238,0.44242536379097636,0.8887438719179155,8.527777777777779,0.9910868208284047,0.9666666666666667,
t2,rolling,2026-02-05,2026-02-05 18:00:00,2026-02-06,2026-02-06 23:00:00,2026-02-07 05:00:00,2,29.0,48.0,0.31326971031034523,0.0,0.25676962564950173,0.8600043231962,7.398148148148148,1.9409359881995247,0.7000000000000001,
t2,rolling,2026-02-05,2026-02-05 18:00:00,2026-02-06,2026-02-07 00:00:00,2026-02-07 06:00:00,2,30.0,48.0,0.22924822297348696,0.0,0.1292425727956701,0.5971521535324374,6.546296296296297,1.0585969828109563,0.39999999999999997,
t2,rolling,2026-02-05,2026-02-05 18:00:00,2026-02-06,2026-02-07 01:00:00,2026-02-07 07:00:00,2,31.0,48.0,0.11745426914169912,0.0,0.050243623010199114,0.38242160039152545,4.833333333333333,1.4215601757693321,0.2333333333333333,
t2,rolling,2026-02-05,2026-02-05 18:00:00,2026-02-06,2026-02-07 02:00:00,2026-02-07 08:00:00,2,32.0,48.0,0.06249183454442018,0.0,0.017445552178716336,0.308207612928261,2.9814814814814814,1.8848677241251068,0.16666666666666666,
t2,rolling,2026-02-05,2026-02-05 18:00:00,2026-02-06,2026-02-07 03:00:00,2026-02-07 09:00:00,2,33.0,48.0,0.06726956622616684,0.0,0.016487488410564778,0.3236864254781442,2.240740740740741,0.15795113064103675,0.2333333333333333,
t2,rolling,2026-02-05,2026-02-05 18:00:00,2026-02-06,2026-02-07 04:00:00,2026-02-07 10:00:00,2,34.0,48.0,0.1184657603540128,0.0,0.08248207559864895,0.3482654572293092,3.064814814814815,2.2064253346083675,0.8666666666666667,
t2,rolling,2026-02-05,2026-02-05 18:00:00,2026-02-06,2026-02-07 05:00:00,2026-02-07 11:00:00,2,35.0,48.0,0.1850909825336488,0.0,0.12167335376208877,0.5240034280875517,4.787037037037038,3.583369221755396,1.9333333333333336,
t2,rolling,2026-02-05,2026-02-05 18:00:00,2026-02-06,2026-02-07 06:00:00,2026-02-07 12:00:00,2,36.0,48.0,0.2026475964611895,0.0,0.12193110539221194,0.6992787849199288,5.953703703703703,4.764219565242939,3.266666666666667,
t2,rolling,2026-02-05,2026-02-05 18:00:00,2026-02-06,2026-02-07 07:00:00,2026-02-07 13:00:00,2,37.0,48.0,0.21994154361907986,0.0,0.16433427361132044,0.6213440537775993,6.1759259259259265,3.4079986403328104,3.733333333333333,
t2,rolling,2026-02-05,2026-02-05 18:00:00,2026-02-06,2026-02-07 08:00:00,2026-02-07 14:00:00,2,38.0,48.0,0.20773415397211298,0.0,0.14644650768769027,0.6418086831463442,6.287037037037037,2.3798818139898605,3.966666666666667,
t2,rolling,2026-02-05,2026-02-05 18:00:00,2026-02-06,2026-02-07 09:00:00,2026-02-07 15:00:00,2,39.0,48.0,0.18075347543773257,0.0,0.11272849486676356,0.5645037385263851,5.9444444444444455,2.1094657330737436,4.133333333333334,
t2,rolling,2026-02-05,2026-02-05 18:00:00,2026-02-06,2026-02-07 10:00:00,2026-02-07 16:00:00,2,40.0,48.0,0.12555596749088815,0.0,0.07791677286075935,0.3526800030071344,5.12962962962963,1.8470307614506198,3.8666666666666667,
t2,rolling,2026-02-05,2026-02-05 18:00:00,2026-02-06,2026-02-07 11:00:00,2026-02-07 17:00:00,2,41.0,48.0,0.08563415241989544,0.0,0.03790345429658887,0.2655488922729563,4.268518518518519,1.873576277028406,3.2000000000000006,
t2,rolling,2026-02-05,2026-02-05 18:00:00,2026-02-06,2026-02-07 12:00:00,2026-02-07 18:00:00,2,42.0,48.0,0.1504356326449946,0.0,0.06567451296750237,0.3804485191522694,2.7870370370370368,2.0488504254443813,1.8999999999999997,
t2,rolling,2026-02-05,2026-02-05 18:00:00,2026-02-06,2026-02-07 13:00:00,2026-02-07 19:00:00,2,43.0,48.0,0.19931945739187978,0.0,0.10912761139891497,0.48301877889838896,3.5740740740740744,0.9671827060236737,0.8333333333333334,
t2,rolling,2026-02-05,2026-02-05 18:00:00,2026-02-06,2026-02-07 14:00:00,2026-02-07 20:00:00,2,44.0,48.0,0.3746346087039699,0.0,0.3049637247163721,0.9722461603495766,5.592592592592593,3.9452594358876967,0.6333333333333333,
t2,rolling,2026-02-05,2026-02-05 18:00:00,2026-02-06,2026-02-07 15:00:00,2026-02-07 21:00:00,2,45.0,48.0,0.42217442348226125,0.0,0.34732988102620116,0.947229341995605,7.842592592592593,3.1557234566703434,0.36666666666666664,
t2,rolling,2026-02-05,2026-02-05 18:00:00,2026-02-06,2026-02-07 16:00:00,2026-02-07 22:00:00,2,46.0,48.0,0.49365868637117877,0.00498181784473517,0.3893252630288685,0.9808356179312894,8.5,3.4441084065472416,0.033333333333333354,
t2,rolling,2026-02-05,2026-02-05 18:00:00,2026-02-06,2026-02-07 17:00:00,2026-02-07 23:00:00,2,47.0,48.0,0.47374703384658656,0.022152100196556945,0.4124220331879363,0.9675747448672514,8.768518518518519,3.3772949825528946,-0.10000000000000002,
t2,rolling,2026-02-06,2026-02-06 18:00:00,2026-02-07,2026-02-06 18:00:00,2026-02-07 00:00:00,1,0.0,24.0,0.8088148254129268,0.4106856095460661,0.8604099439217621,0.9710860125990808,12.305555555555557,0.5464532103585003,1.1666666666666667,
t2,rolling,2026-02-06,2026-02-06 18:00:00,2026-02-07,2026-02-06 19:00:00,2026-02-07 01:00:00,1,1.0,24.0,0.6949123540742566,0.23408491118083485,0.744413363657813,0.9799582040097828,11.555555555555555,0.9658521472618724,0.9,
t2,rolling,2026-02-06,2026-02-06 18:00:00,2026-02-07,2026-02-06 20:00:00,2026-02-07 02:00:00,1,2.0,24.0,0.5986903060969126,0.1729403261435838,0.6899708960696485,0.9730394406640719,10.425925925925926,0.803797570896692,0.8333333333333334,
t2,rolling,2026-02-06,2026-02-06 18:00:00,2026-02-07,2026-02-06 21:00:00,2026-02-07 03:00:00,1,3.0,24.0,0.4141017629504688,0.05749670599079948,0.42289048735326407,0.9168111225862012,9.00925925925926,1.0993591474033515,0.6,
t2,rolling,2026-02-06,2026-02-06 18:00:00,2026-02-07,2026-02-06 22:00:00,2026-02-07 04:00:00,1,4.0,24.0,0.29389849898393183,0.0,0.28099967121969815,0.8893889441505656,7.601851851851852,1.6801154918170431,0.3,
t2,rolling,2026-02-06,2026-02-06 18:00:00,2026-02-07,2026-02-06 23:00:00,2026-02-07 05:00:00,1,5.0,24.0,0.208885493365617,0.0,0.1205060668213207,0.8698835020691312,6.592592592592593,2.7047816217578786,0.09999999999999998,
t2,rolling,2026-02-06,2026-02-06 18:00:00,2026-02-07,2026-02-07 00:00:00,2026-02-07 06:00:00,1,6.0,24.0,0.15129331402613178,0.0,0.07449579817660248,0.5319231565131431,5.037037037037037,1.2970566553077738,-0.033333333333333326,
t2,rolling,2026-02-06,2026-02-06 18:00:00,2026-02-07,2026-02-07 01:00:00,2026-02-07 07:00:00,1,7.0,24.0,0.066410675949204,0.0,0.015616944330963632,0.2655966888916925,3.8333333333333335,1.3143909071467759,-0.1333333333333333,
t2,rolling,2026-02-06,2026-02-06 18:00:00,2026-02-07,2026-02-07 02:00:00,2026-02-07 08:00:00,1,8.0,24.0,0.03288877155844227,0.0,0.0002794079624832274,0.2463306768683276,2.1018518518518516,1.3620556057852518,-0.3999999999999999,
t2,rolling,2026-02-06,2026-02-06 18:00:00,2026-02-07,2026-02-07 03:00:00,2026-02-07 09:00:00,1,9.0,24.0,0.08484961790721686,0.0,0.014195574206084603,0.3343783016184275,1.6944444444444446,0.9179284245476836,-0.20000000000000004,
t2,rolling,2026-02-06,2026-02-06 18:00:00,2026-02-07,2026-02-07 04:00:00,2026-02-07 10:00:00,1,10.0,24.0,0.18774365193431578,0.0,0.12462977514441059,0.4764650412581016,2.8333333333333335,1.8132315467075102,0.8000000000000002,
t2,rolling,2026-02-06,2026-02-06 18:00:00,2026-02-07,2026-02-07 05:00:00,2026-02-07 11:00:00,1,11.0,24.0,0.24874161529517158,0.0,0.20670092829948103,0.7500459097486968,5.953703703703703,2.37939543450534,2.033333333333333,
t2,rolling,2026-02-06,2026-02-06 18:00:00,2026-02-07,2026-02-07 06:00:00,2026-02-07 12:00:00,1,12.0,24.0,0.29970215013675783,0.0,0.2696070987552403,0.7932249225121162,7.120370370370369,2.5811420415550796,3.266666666666667,
t2,rolling,2026-02-06,2026-02-06 18:00:00,2026-02-07,2026-02-07 07:00:00,2026-02-07 13:00:00,1,13.0,24.0,0.3546735225845514,0.0,0.2595725649617848,0.838896893073011,7.25,1.7803800398846734,3.866666666666667,
t2,rolling,2026-02-06,2026-02-06 18:00:00,2026-02-07,2026-02-07 08:00:00,2026-02-07 14:00:00,1,14.0,24.0,0.27199083225374227,0.0,0.20325094795480333,0.7410600254158066,6.768518518518519,1.4636367412333107,3.9666666666666663,
t2,rolling,2026-02-06,2026-02-06 18:00:00,2026-02-07,2026-02-07 09:00:00,2026-02-07 15:00:00,1,15.0,24.0,0.16590320276489443,0.0,0.08886648285690704,0.5555128867002713,5.5740740740740735,1.4066457490692121,3.9333333333333336,
t2,rolling,2026-02-06,2026-02-06 18:00:00,2026-02-07,2026-02-07 10:00:00,2026-02-07 16:00:00,1,16.0,24.0,0.09956071793023849,0.0,0.0505182378594491,0.3014162629262502,4.361111111111111,1.317908462697384,3.5666666666666664,
t2,rolling,2026-02-06,2026-02-06 18:00:00,2026-02-07,2026-02-07 11:00:00,2026-02-07 17:00:00,1,17.0,24.0,0.12025653988162888,0.0,0.04558286994589321,0.35297991160975467,3.1666666666666665,1.2918906615814985,2.966666666666667,
t2,rolling,2026-02-06,2026-02-06 18:00:00,2026-02-07,2026-02-07 12:00:00,2026-02-07 18:00:00,1,18.0,24.0,0.23126697075000863,0.0,0.12766590044416384,0.5274326999000678,3.0462962962962963,2.2581015552328143,1.5666666666666667,
t2,rolling,2026-02-06,2026-02-06 18:00:00,2026-02-07,2026-02-07 13:00:00,2026-02-07 19:00:00,1,19.0,24.0,0.29815033665517865,0.0,0.19910866100164998,0.8301791082373826,5.518518518518519,3.103454533443702,0.3,
t2,rolling,2026-02-06,2026-02-06 18:00:00,2026-02-07,2026-02-07 14:00:00,2026-02-07 20:00:00,1,20.0,24.0,0.42149412843863127,0.0,0.3515021260570482,0.9582065466678076,7.018518518518519,2.849265301301662,0.23333333333333336,
t2,rolling,2026-02-06,2026-02-06 18:00:00,2026-02-07,2026-02-07 15:00:00,2026-02-07 21:00:00,1,21.0,24.0,0.55943901617974,0.011760416370959481,0.4962586799816144,1.0,8.185185185185185,2.238884293718288,3.700743415417188e-17,
t2,rolling,2026-02-06,2026-02-06 18:00:00,2026-02-07,2026-02-07 16:00:00,2026-02-07 22:00:00,1,22.0,24.0,0.6401413629841903,0.060443156888185134,0.5907190240703537,1.0,9.666666666666668,2.4354316168789936,-0.19999999999999998,
t2,rolling,2026-02-06,2026-02-06 18:00:00,2026-02-07,2026-02-07 17:00:00,2026-02-07 23:00:00,1,23.0,24.0,0.6194509442947091,0.22139397276360084,0.6246111790191831,0.9666586574402556,10.805555555555557,2.0224435165852657,-0.3333333333333333,
t2,rolling,2026-02-06,2026-02-06 18:00:00,2026-02-07,2026-02-07 18:00:00,2026-02-08 00:00:00,2,24.0,48.0,0.5828453518240855,0.08183249625482136,0.6188795931657018,0.9908101696401407,9.120370370370372,3.3326774045994276,-0.39999999999999997,
t2,rolling,2026-02-06,2026-02-06 18:00:00,2026-02-07,2026-02-07 19:00:00,2026-02-08 01:00:00,2,25.0,48.0,0.6091364864779469,0.19409071025443997,0.6451649838549363,1.0,9.527777777777779,2.8647495743008307,-0.6666666666666666,
t2,rolling,2026-02-06,2026-02-06 18:00:00,2026-02-07,2026-02-07 20:00:00,2026-02-08 02:00:00,2,26.0,48.0,0.6953442071998694,0.305613155346448,0.7229023676043254,0.9920328779673191,9.962962962962964,2.1304547515870116,-0.8000000000000002,
t2,rolling,2026-02-06,2026-02-06 18:00:00,2026-02-07,2026-02-07 21:00:00,2026-02-08 03:00:00,2,27.0,48.0,0.7033792896812086,0.39174253762675226,0.7326697208446356,0.9920693736634641,10.37962962962963,1.041697530406964,-0.8333333333333334,
t2,rolling,2026-02-06,2026-02-06 18:00:00,2026-02-07,2026-02-07 22:00:00,2026-02-08 04:00:00,2,28.0,48.0,0.7079209203971344,0.36073966693568427,0.7485610490524757,0.9854741995828478,10.194444444444445,0.6309898162000303,-0.8666666666666667,
t2,rolling,2026-02-06,2026-02-06 18:00:00,2026-02-07,2026-02-07 23:00:00,2026-02-08 05:00:00,2,29.0,48.0,0.689219335854452,0.2898785700709331,0.6987107048148762,0.9743636384325278,9.75925925925926,0.4724944748952982,-0.6666666666666666,
t2,rolling,2026-02-06,2026-02-06 18:00:00,2026-02-07,2026-02-08 00:00:00,2026-02-08 06:00:00,2,30.0,48.0,0.6480719334812644,0.0760418850133352,0.6594734695556157,0.9517600932219015,9.592592592592593,0.7709688736357824,-0.6999999999999998,
t2,rolling,2026-02-06,2026-02-06 18:00:00,2026-02-07,2026-02-08 01:00:00,2026-02-08 07:00:00,2,31.0,48.0,0.5519832359902794,0.06702122434647473,0.5769201096550329,0.9501469564814717,8.62962962962963,0.4659165046447828,-0.9,
t2,rolling,2026-02-06,2026-02-06 18:00:00,2026-02-07,2026-02-08 02:00:00,2026-02-08 08:00:00,2,32.0,48.0,0.46286166220739516,0.005376091132402505,0.46216067418261275,0.9423079444408576,8.111111111111112,0.2649831115047075,-0.9333333333333335,
t2,rolling,2026-02-06,2026-02-06 18:00:00,2026-02-07,2026-02-08 03:00:00,2026-02-08 09:00:00,2,33.0,48.0,0.3578855986461419,0.0,0.34366845303552784,0.8571540473031487,7.351851851851852,0.1425444844290801,-0.39999999999999997,
t2,rolling,2026-02-06,2026-02-06 18:00:00,2026-02-07,2026-02-08 04:00:00,2026-02-08 10:00:00,2,34.0,48.0,0.19740065913607002,0.0,0.16521552590403651,0.6893650619099393,6.527777777777779,0.7742977702647972,0.5333333333333333,
t2,rolling,2026-02-06,2026-02-06 18:00:00,2026-02-07,2026-02-08 05:00:00,2026-02-08 11:00:00,2,35.0,48.0,0.1223135135479188,0.0,0.06342482435135018,0.5146664000746495,5.5,1.010744744370014,1.5,
t2,rolling,2026-02-06,2026-02-06 18:00:00,2026-02-07,2026-02-08 06:00:00,2026-02-08 12:00:00,2,36.0,48.0,0.06222281690461913,0.0,0.013192211222631894,0.28963374384012786,2.7314814814814814,1.926371031186422,2.3333333333333335,
t2,rolling,2026-02-06,2026-02-06 18:00:00,2026-02-07,2026-02-08 07:00:00,2026-02-08 13:00:00,2,37.0,48.0,0.04050791050979518,0.0,0.0029335801259471155,0.27785069293598563,1.8240740740740744,1.0483428035451268,3.1666666666666665,
t2,rolling,2026-02-06,2026-02-06 18:00:00,2026-02-07,2026-02-08 08:00:00,2026-02-08 14:00:00,2,38.0,48.0,0.1421893761555052,0.0,0.037142347625723486,0.44778600589495077,1.7870370370370372,0.2740490479064582,3.9,
t2,rolling,2026-02-06,2026-02-06 18:00:00,2026-02-07,2026-02-08 09:00:00,2026-02-08 15:00:00,2,39.0,48.0,0.32207619483734184,0.0,0.24129630166135546,0.7424438208258841,3.333333333333334,1.5488446510500724,4.5,
t2,rolling,2026-02-06,2026-02-06 18:00:00,2026-02-07,2026-02-08 10:00:00,2026-02-08 16:00:00,2,40.0,48.0,0.6236066092834944,0.04539624094065031,0.4947968364260225,1.0,6.342592592592593,1.476496241872418,4.5,
t2,rolling,2026-02-06,2026-02-06 18:00:00,2026-02-07,2026-02-08 11:00:00,2026-02-08 17:00:00,2,41.0,48.0,0.8470301373350508,0.2795479522644878,0.8488443301439235,0.9865378898772423,10.027777777777779,1.0352580640880125,3.6666666666666665,
t2,rolling,2026-02-06,2026-02-06 18:00:00,2026-02-07,2026-02-08 12:00:00,2026-02-08 18:00:00,2,42.0,48.0,0.8628221466427011,0.4079333775525287,0.9198225957181696,0.9690452239470922,14.50925925925926,1.3197611705627288,1.7333333333333334,
t2,rolling,2026-02-06,2026-02-06 18:00:00,2026-02-07,2026-02-08 13:00:00,2026-02-08 19:00:00,2,43.0,48.0,0.9190348076275277,0.7409861768291273,0.9342482521560587,0.9684815306254088,15.75925925925926,0.7486270011369321,0.5333333333333333,
t2,rolling,2026-02-06,2026-02-06 18:00:00,2026-02-07,2026-02-08 14:00:00,2026-02-08 20:00:00,2,44.0,48.0,0.9148258956277844,0.7543539834826654,0.9350505925769068,0.9647151164593856,16.36111111111111,1.1925048852036482,-0.06666666666666667,
t2,rolling,2026-02-06,2026-02-06 18:00:00,2026-02-07,2026-02-08 15:00:00,2026-02-08 21:00:00,2,45.0,48.0,0.9154109265553423,0.7622609986286326,0.9350145955306293,0.9648115893084056,16.89814814814815,1.7778501142690817,-0.5,
t2,rolling,2026-02-06,2026-02-06 18:00:00,2026-02-07,2026-02-08 16:00:00,2026-02-08 22:00:00,2,46.0,48.0,0.907184190440586,0.7622609986286326,0.9350145955306293,0.9648189571880911,16.768518518518523,2.071509658045188,-0.6333333333333333,
t2,rolling,2026-02-06,2026-02-06 18:00:00,2026-02-07,2026-02-08 17:00:00,2026-02-08 23:00:00,2,47.0,48.0,0.9069665869975374,0.7622609986286326,0.9350145955306293,0.9648284417050593,17.037037037037038,2.1731266469923725,-0.7333333333333334,
t2,rolling,2026-02-07,2026-02-07 18:00:00,2026-02-08,2026-02-07 18:00:00,2026-02-08 00:00:00,1,0.0,24.0,0.8937783425692581,0.6924451733843716,0.9367334908968143,0.9696257889209514,12.277777777777779,0.6309898162000296,-0.4666666666666666,
t2,rolling,2026-02-07,2026-02-07 18:00:00,2026-02-08,2026-02-07 19:00:00,2026-02-08 01:00:00,1,1.0,24.0,0.8816896967772914,0.6646885655561456,0.9349065954304759,0.9698288645764812,12.861111111111112,1.0209986638605062,-0.5333333333333333,
t2,rolling,2026-02-07,2026-02-07 18:00:00,2026-02-08,2026-02-07 20:00:00,2026-02-08 02:00:00,1,2.0,24.0,0.8544613513395891,0.6428109753361219,0.9189669819701891,0.9728665393029226,12.453703703703704,1.768712419077556,-0.6666666666666666,
t2,rolling,2026-02-07,2026-02-07 18:00:00,2026-02-08,2026-02-07 21:00:00,2026-02-08 03:00:00,1,3.0,24.0,0.8121297820404971,0.4962033881499275,0.8612877425684654,0.9713652928427433,12.083333333333336,1.4452455043698407,-0.8666666666666667,
t2,rolling,2026-02-07,2026-02-07 18:00:00,2026-02-08,2026-02-07 22:00:00,2026-02-08 04:00:00,1,4.0,24.0,0.7797970868564715,0.40553645310729397,0.846038380599088,0.9736714208810746,11.064814814814815,0.8634972912617968,-0.9333333333333332,
t2,rolling,2026-02-07,2026-02-07 18:00:00,2026-02-08,2026-02-07 23:00:00,2026-02-08 05:00:00,1,5.0,24.0,0.7166733734318179,0.31533701788458657,0.7660982337435591,0.9751283402370536,9.916666666666666,0.6532208897947136,-1.0999999999999999,
t2,rolling,2026-02-07,2026-02-07 18:00:00,2026-02-08,2026-02-08 00:00:00,2026-02-08 06:00:00,1,6.0,24.0,0.6101854654254586,0.18777182804282916,0.6089614987650122,0.986141354485629,9.324074074074074,0.5888190035401717,-1.2333333333333334,
t2,rolling,2026-02-07,2026-02-07 18:00:00,2026-02-08,2026-02-08 01:00:00,2026-02-08 07:00:00,1,7.0,24.0,0.5186044159844329,0.029415730602650014,0.5330906522532531,0.9354906572914881,8.194444444444445,0.32749517007087786,-1.3333333333333333,
t2,rolling,2026-02-07,2026-02-07 18:00:00,2026-02-08,2026-02-08 02:00:00,2026-02-08 08:00:00,1,8.0,24.0,0.38970468562223354,0.0,0.37427260459068074,0.8182497648679337,7.324074074074075,0.16743649370393615,-1.1666666666666667,
t2,rolling,2026-02-07,2026-02-07 18:00:00,2026-02-08,2026-02-08 03:00:00,2026-02-08 09:00:00,1,9.0,24.0,0.2288794775458361,0.0,0.16961630771236835,0.6008814450099078,6.361111111111112,0.15466012118972275,-0.7666666666666666,
t2,rolling,2026-02-07,2026-02-07 18:00:00,2026-02-08,2026-02-08 04:00:00,2026-02-08 10:00:00,1,10.0,24.0,0.12780982671116956,0.0,0.08202980936377252,0.3987197177082009,5.5,0.5068968775248517,0.5,
t2,rolling,2026-02-07,2026-02-07 18:00:00,2026-02-08,2026-02-08 05:00:00,2026-02-08 11:00:00,1,11.0,24.0,0.07815070834045737,0.0,0.02379790126037843,0.28057332745694036,4.231481481481482,1.1167680071944237,1.5333333333333334,
t2,rolling,2026-02-07,2026-02-07 18:00:00,2026-02-08,2026-02-08 06:00:00,2026-02-08 12:00:00,1,12.0,24.0,0.04696843384486588,0.0,0.004699975496368487,0.2477300396950113,2.2962962962962963,1.1987433406312709,2.3666666666666667,
t2,rolling,2026-02-07,2026-02-07 18:00:00,2026-02-08,2026-02-08 07:00:00,2026-02-08 13:00:00,1,13.0,24.0,0.11434679201845224,0.0,0.010557439055282062,0.36545166110013466,1.1574074074074072,0.7159629045267892,3.4000000000000004,
t2,rolling,2026-02-07,2026-02-07 18:00:00,2026-02-08,2026-02-08 08:00:00,2026-02-08 14:00:00,1,14.0,24.0,0.18591815896095132,0.0,0.10300599350388093,0.5469290713817533,2.2222222222222223,1.5562994253146045,4.266666666666667,
t2,rolling,2026-02-07,2026-02-07 18:00:00,2026-02-08,2026-02-08 09:00:00,2026-02-08 15:00:00,1,15.0,24.0,0.47867853910279656,0.0,0.3717035049140792,0.900874827400337,5.083333333333334,2.1822799268224835,4.666666666666667,
t2,rolling,2026-02-07,2026-02-07 18:00:00,2026-02-08,2026-02-08 10:00:00,2026-02-08 16:00:00,1,16.0,24.0,0.6987275073305023,0.07024845238449118,0.6685510042117224,1.0,8.425925925925926,2.24404791143295,4.3999999999999995,
t2,rolling,2026-02-07,2026-02-07 18:00:00,2026-02-08,2026-02-08 11:00:00,2026-02-08 17:00:00,1,17.0,24.0,0.8419422970974365,0.32341130328723655,0.8675455681798546,0.9822965513707325,12.018518518518519,1.9946559260620575,3.5,
t2,rolling,2026-02-07,2026-02-07 18:00:00,2026-02-08,2026-02-08 12:00:00,2026-02-08 18:00:00,1,18.0,24.0,0.8887025622775211,0.5012398869974648,0.9307322574476425,0.9729526944227443,14.611111111111112,1.2143051663552447,1.8666666666666665,
t2,rolling,2026-02-07,2026-02-07 18:00:00,2026-02-08,2026-02-08 13:00:00,2026-02-08 19:00:00,1,19.0,24.0,0.9179177112075549,0.7448918202853168,0.9401444051124004,0.9689565893952861,15.694444444444445,1.1252571722516171,0.8000000000000002,
t2,rolling,2026-02-07,2026-02-07 18:00:00,2026-02-08,2026-02-08 14:00:00,2026-02-08 20:00:00,1,20.0,24.0,0.918369153670636,0.7434377821804821,0.9404452047913437,0.9691539200925231,16.324074074074073,1.8066947972845275,0.10000000000000002,
t2,rolling,2026-02-07,2026-02-07 18:00:00,2026-02-08,2026-02-08 15:00:00,2026-02-08 21:00:00,1,21.0,24.0,0.9191848561553889,0.7732029516097354,0.9404452047913437,0.9692987285458374,16.59259259259259,2.0460239470176167,-0.30000000000000004,
t2,rolling,2026-02-07,2026-02-07 18:00:00,2026-02-08,2026-02-08 16:00:00,2026-02-08 22:00:00,1,22.0,24.0,0.9130454177740245,0.7732029516097354,0.9404452047913437,0.9692987285458374,16.972222222222225,2.3228933107943925,-0.5333333333333333,
t2,rolling,2026-02-07,2026-02-07 18:00:00,2026-02-08,2026-02-08 17:00:00,2026-02-08 23:00:00,1,23.0,24.0,0.9139762079474538,0.7732029516097354,0.9404452047913437,0.9692939391201791,17.02777777777778,2.3295273191925014,-0.6,
t2,rolling,2026-02-07,2026-02-07 18:00:00,2026-02-08,2026-02-08 18:00:00,2026-02-09 00:00:00,2,24.0,48.0,0.9155823457991538,0.7646072606849463,0.9404452047913437,0.9693371645265525,17.10185185185185,2.5099083484652325,-0.8666666666666667,
t2,rolling,2026-02-07,2026-02-07 18:00:00,2026-02-08,2026-02-08 19:00:00,2026-02-09 01:00:00,2,25.0,48.0,0.9155823457991538,0.7732029516097354,0.9404452047913437,0.9692517007279879,17.546296296296298,2.2402624221650047,-1.0333333333333334,
t2,rolling,2026-02-07,2026-02-07 18:00:00,2026-02-08,2026-02-08 20:00:00,2026-02-09 02:00:00,2,26.0,48.0,0.9144682555971929,0.7732029516097354,0.9404452047913437,0.9692351507306138,17.962962962962962,1.9309718442728472,-1.2,
t2,rolling,2026-02-07,2026-02-07 18:00:00,2026-02-08,2026-02-08 21:00:00,2026-02-09 03:00:00,2,27.0,48.0,0.9134471438766733,0.7756962151072255,0.9404452047913437,0.9692517007279879,18.38888888888889,1.7495590273333037,-1.366666666666667,
t2,rolling,2026-02-07,2026-02-07 18:00:00,2026-02-08,2026-02-08 22:00:00,2026-02-09 04:00:00,2,28.0,48.0,0.9133569026166166,0.7727822096721437,0.9404975499511389,0.9692416438839758,18.58333333333334,1.7347216662217788,-1.5,
t2,rolling,2026-02-07,2026-02-07 18:00:00,2026-02-08,2026-02-08 23:00:00,2026-02-09 05:00:00,2,29.0,48.0,0.9114171799462579,0.7484424502180856,0.9402854546265895,0.9692823571024597,18.62962962962963,1.7240879977159842,-1.5666666666666667,
t2,rolling,2026-02-07,2026-02-07 18:00:00,2026-02-08,2026-02-09 00:00:00,2026-02-09 06:00:00,2,30.0,48.0,0.86157606691477,0.6719103586440927,0.8919158674466429,0.9783025377785493,18.787037037037038,2.007765274920592,-1.5,
t2,rolling,2026-02-07,2026-02-07 18:00:00,2026-02-08,2026-02-09 01:00:00,2026-02-09 07:00:00,2,31.0,48.0,0.8569128214236605,0.6638979659627369,0.8919158674466429,0.9782990973941708,18.48148148148148,2.1056825916919992,-1.5,
t2,rolling,2026-02-07,2026-02-07 18:00:00,2026-02-08,2026-02-09 02:00:00,2026-02-09 08:00:00,2,32.0,48.0,0.854909733675862,0.6515567801537555,0.8919158674466429,0.9782985797639192,18.203703703703706,2.339662931651663,-1.4666666666666668,
t2,rolling,2026-02-07,2026-02-07 18:00:00,2026-02-08,2026-02-09 03:00:00,2026-02-09 09:00:00,2,33.0,48.0,0.852197641559701,0.6411615046469434,0.8919158674466429,0.9781703129900632,17.5462962962963,2.362309064289925,-0.7666666666666666,
t2,rolling,2026-02-07,2026-02-07 18:00:00,2026-02-08,2026-02-09 04:00:00,2026-02-09 10:00:00,2,34.0,48.0,0.8518666338117539,0.6502398477438507,0.8936589720442857,0.9774944348341472,17.166666666666668,2.5994123267470384,0.7999999999999999,
t2,rolling,2026-02-07,2026-02-07 18:00:00,2026-02-08,2026-02-09 05:00:00,2026-02-09 11:00:00,2,35.0,48.0,0.8538482956208379,0.6223691281315469,0.8936589720442857,0.9738424203573834,16.833333333333332,3.231189629185061,2.4,
t2,rolling,2026-02-07,2026-02-07 18:00:00,2026-02-08,2026-02-09 06:00:00,2026-02-09 12:00:00,2,36.0,48.0,0.8526146551691908,0.6161977713471298,0.8936589720442857,0.9725466547431968,16.055555555555557,3.638464775963336,3.9333333333333336,
t2,rolling,2026-02-07,2026-02-07 18:00:00,2026-02-08,2026-02-09 07:00:00,2026-02-09 13:00:00,2,37.0,48.0,0.8416151780673643,0.5832333191818275,0.8950691367531941,0.970843247719688,15.444444444444443,4.091922184071175,5.066666666666667,
t2,rolling,2026-02-07,2026-02-07 18:00:00,2026-02-08,2026-02-09 08:00:00,2026-02-09 14:00:00,2,38.0,48.0,0.8463695563868766,0.5410921075051079,0.8950691367531941,0.9702726430689961,14.703703703703704,3.7747468778408897,6.099999999999999,
t2,rolling,2026-02-07,2026-02-07 18:00:00,2026-02-08,2026-02-09 09:00:00,2026-02-09 15:00:00,2,39.0,48.0,0.8489278466536666,0.5499094864298144,0.8946616316500617,0.9695976210748691,14.175925925925926,3.5252980494489483,6.533333333333334,
t2,rolling,2026-02-07,2026-02-07 18:00:00,2026-02-08,2026-02-09 10:00:00,2026-02-09 16:00:00,2,40.0,48.0,0.8382401136884342,0.5508668003460282,0.8939883211974864,0.969744848658949,13.148148148148147,2.58681565372128,6.233333333333333,
t2,rolling,2026-02-07,2026-02-07 18:00:00,2026-02-08,2026-02-09 11:00:00,2026-02-09 17:00:00,2,41.0,48.0,0.8162721622550677,0.5375046865005597,0.8723475872833326,0.9736655394266328,12.685185185185185,1.8932411732047498,5.466666666666666,
t2,rolling,2026-02-07,2026-02-07 18:00:00,2026-02-08,2026-02-09 12:00:00,2026-02-09 18:00:00,2,42.0,48.0,0.7803266904506195,0.5211110722113637,0.8480722177590556,0.98189793691589,12.231481481481481,1.5278619505432076,4.333333333333333,
t2,rolling,2026-02-07,2026-02-07 18:00:00,2026-02-08,2026-02-09 13:00:00,2026-02-09 19:00:00,2,43.0,48.0,0.6886896273289925,0.28928800392406834,0.7592061100240284,1.0,11.138888888888891,2.8318351158668817,3.1666666666666665,
t2,rolling,2026-02-07,2026-02-07 18:00:00,2026-02-08,2026-02-09 14:00:00,2026-02-09 20:00:00,2,44.0,48.0,0.5604620889474736,0.18882903574427223,0.5835860148999821,0.9863922925561242,10.074074074074074,3.532185930632712,2.733333333333333,
t2,rolling,2026-02-07,2026-02-07 18:00:00,2026-02-08,2026-02-09 15:00:00,2026-02-09 21:00:00,2,45.0,48.0,0.38541458669219253,0.1119550577024565,0.3600112319365907,0.9467229759234083,8.842592592592593,3.670487627532384,2.4000000000000004,
t2,rolling,2026-02-07,2026-02-07 18:00:00,2026-02-08,2026-02-09 16:00:00,2026-02-09 22:00:00,2,46.0,48.0,0.2285554391837764,0.0,0.17037907344645617,0.7656929160814158,7.12037037037037,3.4350603950579197,1.9666666666666668,
t2,rolling,2026-02-07,2026-02-07 18:00:00,2026-02-08,2026-02-09 17:00:00,2026-02-09 23:00:00,2,47.0,48.0,0.20655900221593698,0.0,0.14414468768801064,0.7052743568426962,5.185185185185186,3.5295635608444784,1.2666666666666668,
t2,rolling,2026-02-08,2026-02-08 18:00:00,2026-02-09,2026-02-08 18:00:00,2026-02-09 00:00:00,1,0.0,24.0,0.9118045182961806,0.7612138444175007,0.9376884890088902,0.9681892251749753,17.444444444444446,1.9657562236615707,-0.8999999999999999,
t2,rolling,2026-02-08,2026-02-08 18:00:00,2026-02-09,2026-02-08 19:00:00,2026-02-09 01:00:00,1,1.0,24.0,0.9118045182961806,0.7612138444175007,0.9376884890088902,0.9681892251749753,17.740740740740744,1.9956227820071217,-1.0,
t2,rolling,2026-02-08,2026-02-08 18:00:00,2026-02-09,2026-02-08 20:00:00,2026-02-09 02:00:00,1,2.0,24.0,0.9118045182961806,0.7585009148162144,0.9376884890088902,0.9680815798399047,17.90740740740741,1.8236980247828056,-1.1333333333333335,
t2,rolling,2026-02-08,2026-02-08 18:00:00,2026-02-09,2026-02-08 21:00:00,2026-02-09 03:00:00,1,3.0,24.0,0.9106904280942197,0.7611183233236427,0.9377408341686854,0.9680717177824918,18.25925925925926,1.7849969164593937,-1.4000000000000001,
t2,rolling,2026-02-08,2026-02-08 18:00:00,2026-02-09,2026-02-08 22:00:00,2026-02-09 04:00:00,1,4.0,24.0,0.9075364232295455,0.7266263133020376,0.9357856342464934,0.9685756761568213,18.342592592592595,1.8135152187284436,-1.5333333333333332,
t2,rolling,2026-02-08,2026-02-08 18:00:00,2026-02-09,2026-02-08 23:00:00,2026-02-09 05:00:00,1,5.0,24.0,0.8606099572327998,0.6463308061774616,0.8891591516641894,0.9803597094759071,18.35185185185185,1.774592053045576,-1.5333333333333332,
t2,rolling,2026-02-08,2026-02-08 18:00:00,2026-02-09,2026-02-09 00:00:00,2026-02-09 06:00:00,1,6.0,24.0,0.855349709684384,0.6474145303082751,0.8891591516641894,0.9803560791695766,18.092592592592595,1.7691486176338393,-1.633333333333333,
t2,rolling,2026-02-08,2026-02-08 18:00:00,2026-02-09,2026-02-09 01:00:00,2026-02-09 07:00:00,1,7.0,24.0,0.8538579890307173,0.6357539321385205,0.8891591516641894,0.9803555329642192,17.35185185185185,1.5768222197689883,-1.6666666666666667,
t2,rolling,2026-02-08,2026-02-08 18:00:00,2026-02-09,2026-02-09 02:00:00,2026-02-09 08:00:00,1,8.0,24.0,0.8478227296194008,0.6364424636262976,0.8891591516641894,0.9803555329642192,17.037037037037038,1.6947479995247103,-1.633333333333333,
t2,rolling,2026-02-08,2026-02-08 18:00:00,2026-02-09,2026-02-09 03:00:00,2026-02-09 09:00:00,1,9.0,24.0,0.8491099180293004,0.6351487337264229,0.8891591516641894,0.9804361951234818,16.59259259259259,1.9393451654571177,-0.9,
t2,rolling,2026-02-08,2026-02-08 18:00:00,2026-02-09,2026-02-09 04:00:00,2026-02-09 10:00:00,1,10.0,24.0,0.8491099180293004,0.6510490252719191,0.8909022562618322,0.9791358114241832,16.240740740740744,2.10164789351422,0.8333333333333334,
t2,rolling,2026-02-08,2026-02-08 18:00:00,2026-02-09,2026-02-09 05:00:00,2026-02-09 11:00:00,1,11.0,24.0,0.8515590866578353,0.635374471606021,0.8909022562618322,0.9751433774005349,15.944444444444445,2.887152255796037,2.766666666666667,
t2,rolling,2026-02-08,2026-02-08 18:00:00,2026-02-09,2026-02-09 06:00:00,2026-02-09 12:00:00,1,12.0,24.0,0.8530801016511537,0.6368592460540892,0.8909022562618322,0.974144831042328,15.472222222222221,3.4961398466252023,4.0,
t2,rolling,2026-02-08,2026-02-08 18:00:00,2026-02-09,2026-02-09 07:00:00,2026-02-09 13:00:00,1,13.0,24.0,0.8549049655205094,0.6059299387067865,0.8909022562618322,0.9726155686243463,15.259259259259261,3.4392134711895292,5.366666666666667,
t2,rolling,2026-02-08,2026-02-08 18:00:00,2026-02-09,2026-02-09 08:00:00,2026-02-09 14:00:00,1,14.0,24.0,0.8488764538259972,0.5382276252278853,0.8923124209707406,0.9710379953873931,14.90740740740741,3.1610980927936057,6.233333333333333,
t2,rolling,2026-02-08,2026-02-08 18:00:00,2026-02-09,2026-02-09 09:00:00,2026-02-09 15:00:00,1,15.0,24.0,0.8423414369117713,0.5281817133201401,0.8923124209707406,0.9709507508784384,14.15740740740741,2.6273627422615,6.433333333333334,
t2,rolling,2026-02-08,2026-02-08 18:00:00,2026-02-09,2026-02-09 10:00:00,2026-02-09 16:00:00,1,16.0,24.0,0.8331058648681214,0.5230120450972304,0.8886867209703694,0.971637951793228,13.787037037037038,2.857242980315058,6.366666666666667,
t2,rolling,2026-02-08,2026-02-08 18:00:00,2026-02-09,2026-02-09 11:00:00,2026-02-09 17:00:00,1,17.0,24.0,0.7876638854627558,0.5119809983944458,0.866776992325075,0.976808716449062,13.296296296296296,1.805626779222002,5.6000000000000005,
t2,rolling,2026-02-08,2026-02-08 18:00:00,2026-02-09,2026-02-09 12:00:00,2026-02-09 18:00:00,1,18.0,24.0,0.7181763146510882,0.20409803981345587,0.811919826527407,0.9941895835167412,11.675925925925926,1.1971330636217765,3.766666666666667,
t2,rolling,2026-02-08,2026-02-08 18:00:00,2026-02-09,2026-02-09 13:00:00,2026-02-09 19:00:00,1,19.0,24.0,0.5537517017298449,0.1759219761518948,0.6508032389889729,1.0,10.537037037037038,1.7538171186291651,2.5333333333333337,
t2,rolling,2026-02-08,2026-02-08 18:00:00,2026-02-09,2026-02-09 14:00:00,2026-02-09 20:00:00,1,20.0,24.0,0.3785225345929565,0.05260746699104918,0.3824914972156616,1.0,9.092592592592593,2.257759824221414,1.8,
t2,rolling,2026-02-08,2026-02-08 18:00:00,2026-02-09,2026-02-09 15:00:00,2026-02-09 21:00:00,1,21.0,24.0,0.2866030732234499,0.0,0.2868528881113577,0.8567873803568246,7.87037037037037,2.469932356082126,1.4000000000000001,
t2,rolling,2026-02-08,2026-02-08 18:00:00,2026-02-09,2026-02-09 16:00:00,2026-02-09 22:00:00,1,22.0,24.0,0.2063862298268307,0.0,0.16082348183515932,0.7205647272668858,6.6759259259259265,2.9982419402893896,1.4333333333333333,
t2,rolling,2026-02-08,2026-02-08 18:00:00,2026-02-09,2026-02-09 17:00:00,2026-02-09 23:00:00,1,23.0,24.0,0.1934113651317305,0.0,0.14454743204334367,0.714789326697418,5.768518518518519,3.1643916454188643,1.2,
t2,rolling,2026-02-08,2026-02-08 18:00:00,2026-02-09,2026-02-09 18:00:00,2026-02-10 00:00:00,2,24.0,48.0,0.17580759869572476,0.0,0.09283401202012288,0.68828129431842,5.305555555555555,1.6841673768026806,0.6333333333333333,
t2,rolling,2026-02-08,2026-02-08 18:00:00,2026-02-09,2026-02-09 19:00:00,2026-02-10 01:00:00,2,25.0,48.0,0.21945385678934856,0.0,0.14034028070766422,0.7439739719152305,5.87962962962963,1.3648851682957603,0.9,
t2,rolling,2026-02-08,2026-02-08 18:00:00,2026-02-09,2026-02-09 20:00:00,2026-02-10 02:00:00,2,26.0,48.0,0.24662782967485994,0.0,0.16055399509345578,0.8434999364149296,6.212962962962965,1.4137588166902963,1.1666666666666667,
t2,rolling,2026-02-08,2026-02-08 18:00:00,2026-02-09,2026-02-09 21:00:00,2026-02-10 03:00:00,2,27.0,48.0,0.2767945633239391,0.0,0.20028233194081058,0.9544737217198263,6.842592592592593,1.7726343419577728,1.2333333333333334,
t2,rolling,2026-02-08,2026-02-08 18:00:00,2026-02-09,2026-02-09 22:00:00,2026-02-10 04:00:00,2,28.0,48.0,0.2609902459730522,0.0,0.229973523612947,0.7971085309500159,7.388888888888889,0.5407756203869944,1.2,
t2,rolling,2026-02-08,2026-02-08 18:00:00,2026-02-09,2026-02-09 23:00:00,2026-02-10 05:00:00,2,29.0,48.0,0.26559507565383417,0.0,0.2278516192221837,0.769192495865573,7.481481481481482,0.8581190551183449,0.8333333333333334,
t2,rolling,2026-02-08,2026-02-08 18:00:00,2026-02-09,2026-02-10 00:00:00,2026-02-10 06:00:00,2,30.0,48.0,0.2899801767786539,0.0,0.27805313571785467,0.8740008510134154,6.333333333333333,3.8301113673651517,0.5,
t2,rolling,2026-02-08,2026-02-08 18:00:00,2026-02-09,2026-02-10 01:00:00,2026-02-10 07:00:00,2,31.0,48.0,0.28172071242911806,0.0,0.21377596906632584,0.9367403555891787,9.324074074074074,4.370419412781959,0.5666666666666667,
t2,rolling,2026-02-08,2026-02-08 18:00:00,2026-02-09,2026-02-10 02:00:00,2026-02-10 08:00:00,2,32.0,48.0,0.29089993819713017,0.0,0.171710278942355,1.0,7.407407407407407,5.197958803238499,0.3,
t2,rolling,2026-02-08,2026-02-08 18:00:00,2026-02-09,2026-02-10 03:00:00,2026-02-10 09:00:00,2,33.0,48.0,0.2628243881722532,0.0,0.1790127891326394,0.8554756000977027,6.981481481481481,3.2832267952885026,1.2,
t2,rolling,2026-02-08,2026-02-08 18:00:00,2026-02-09,2026-02-10 04:00:00,2026-02-10 10:00:00,2,34.0,48.0,0.2114511329893234,0.0,0.1819749619269161,0.7444232973461461,6.62962962962963,2.4786640999063607,2.533333333333333,
t2,rolling,2026-02-08,2026-02-08 18:00:00,2026-02-09,2026-02-10 05:00:00,2026-02-10 11:00:00,2,35.0,48.0,0.20586162320535836,0.0,0.13017721716637293,0.7123066306284593,6.351851851851852,2.768642385436627,4.6000000000000005,
t2,rolling,2026-02-08,2026-02-08 18:00:00,2026-02-09,2026-02-10 06:00:00,2026-02-10 12:00:00,2,36.0,48.0,0.22531437431349685,0.0,0.14033174720703429,0.6508484960470355,5.731481481481482,2.5718582255852067,6.3,
t2,rolling,2026-02-08,2026-02-08 18:00:00,2026-02-09,2026-02-10 07:00:00,2026-02-10 13:00:00,2,37.0,48.0,0.2138305383759371,0.0,0.157111291809459,0.6952288239299178,6.287037037037037,2.033730481352407,7.8999999999999995,
t2,rolling,2026-02-08,2026-02-08 18:00:00,2026-02-09,2026-02-10 08:00:00,2026-02-10 14:00:00,2,38.0,48.0,0.25764691612665436,0.0,0.23986805664021923,0.788817413735616,6.879629629629631,0.9334876415650785,8.5,
t2,rolling,2026-02-08,2026-02-08 18:00:00,2026-02-09,2026-02-10 09:00:00,2026-02-10 15:00:00,2,39.0,48.0,0.25329660105566115,0.0,0.21002551195174085,0.8186586792359807,7.472222222222222,2.125862207071943,9.333333333333334,
t2,rolling,2026-02-08,2026-02-08 18:00:00,2026-02-09,2026-02-10 10:00:00,2026-02-10 16:00:00,2,40.0,48.0,0.2196456234492797,0.0,0.16554590691600773,0.9231704024503704,6.972222222222222,2.6488117531647477,8.8,
t2,rolling,2026-02-08,2026-02-08 18:00:00,2026-02-09,2026-02-10 11:00:00,2026-02-10 17:00:00,2,41.0,48.0,0.2623313979672489,0.0,0.17946968467839286,0.8819089794454801,6.472222222222222,3.254033584322885,7.533333333333334,
t2,rolling,2026-02-08,2026-02-08 18:00:00,2026-02-09,2026-02-10 12:00:00,2026-02-10 18:00:00,2,42.0,48.0,0.2440613503167632,0.0,0.16442307360657346,0.6491537980500943,5.055555555555556,2.4745619390355653,5.966666666666666,
t2,rolling,2026-02-08,2026-02-08 18:00:00,2026-02-09,2026-02-10 13:00:00,2026-02-10 19:00:00,2,43.0,48.0,0.24547023400494697,0.0,0.14628842663615668,0.673715538823574,4.703703703703703,2.7930598145353094,5.133333333333334,
t2,rolling,2026-02-08,2026-02-08 18:00:00,2026-02-09,2026-02-10 14:00:00,2026-02-10 20:00:00,2,44.0,48.0,0.29622906854782377,0.0,0.2106649681376756,0.8013531919077639,6.472222222222224,1.8149329137688486,4.6000000000000005,
t2,rolling,2026-02-08,2026-02-08 18:00:00,2026-02-09,2026-02-10 15:00:00,2026-02-10 21:00:00,2,45.0,48.0,0.4241586942181087,0.0,0.40443826522359894,0.9532617631479516,7.583333333333335,4.93170956761033,3.9333333333333336,
t2,rolling,2026-02-08,2026-02-08 18:00:00,2026-02-09,2026-02-10 16:00:00,2026-02-10 22:00:00,2,46.0,48.0,0.6162041468902781,0.057638810750831104,0.5733373429685378,1.0,8.703703703703704,6.369919503855343,2.8000000000000003,
t2,rolling,2026-02-08,2026-02-08 18:00:00,2026-02-09,2026-02-10 17:00:00,2026-02-10 23:00:00,2,47.0,48.0,0.6706280146741994,0.16768363869882302,0.6534092964666208,1.0,10.851851851851853,4.709651022868004,2.3333333333333335,
t2,rolling,2026-02-09,2026-02-09 18:00:00,2026-02-10,2026-02-09 18:00:00,2026-02-10 00:00:00,1,0.0,24.0,0.13658383931492935,0.0,0.11671479109226274,0.38020457264441637,4.888888888888889,3.486194111451061,0.6666666666666666,
t2,rolling,2026-02-09,2026-02-09 18:00:00,2026-02-10,2026-02-09 19:00:00,2026-02-10 01:00:00,1,1.0,24.0,0.13951842878347073,0.0,0.09005529548628946,0.4076092003926658,4.407407407407407,2.8449290675123966,0.6333333333333334,
t2,rolling,2026-02-09,2026-02-09 18:00:00,2026-02-10,2026-02-09 20:00:00,2026-02-10 02:00:00,1,2.0,24.0,0.14173365909126753,0.0,0.06864141149869742,0.4158894937224572,4.7592592592592595,1.4762349228104255,0.4000000000000001,
t2,rolling,2026-02-09,2026-02-09 18:00:00,2026-02-10,2026-02-09 21:00:00,2026-02-10 03:00:00,1,3.0,24.0,0.16657519106138152,0.0032989896468338317,0.06488281386573803,0.5131227744998822,5.222222222222222,0.7458734212276422,0.5,
t2,rolling,2026-02-09,2026-02-09 18:00:00,2026-02-10,2026-02-09 22:00:00,2026-02-10 04:00:00,1,4.0,24.0,0.22068258033439705,0.0,0.12642403849509867,0.5730169684549876,5.805555555555556,0.4276334532872407,0.3666666666666667,
t2,rolling,2026-02-09,2026-02-09 18:00:00,2026-02-10,2026-02-09 23:00:00,2026-02-10 05:00:00,1,5.0,24.0,0.18899920011949614,0.0,0.12085371711133087,0.5834219179949073,6.018518518518519,2.1688616611830724,0.2333333333333333,
t2,rolling,2026-02-09,2026-02-09 18:00:00,2026-02-10,2026-02-10 00:00:00,2026-02-10 06:00:00,1,6.0,24.0,0.2572973936092987,0.0,0.13691424573253008,0.7377918263254075,7.314814814814814,2.405679579387731,0.5,
t2,rolling,2026-02-09,2026-02-09 18:00:00,2026-02-10,2026-02-10 01:00:00,2026-02-10 07:00:00,1,7.0,24.0,0.3164566856473858,0.0,0.22159497459396107,0.8646848654752445,4.351851851851852,4.813283232186844,-0.033333333333333326,
t2,rolling,2026-02-09,2026-02-09 18:00:00,2026-02-10,2026-02-10 02:00:00,2026-02-10 08:00:00,1,8.0,24.0,0.37670616417527264,0.0,0.2627560534223027,0.9535582430260722,8.953703703703704,6.895177088239961,-0.43333333333333335,
t2,rolling,2026-02-09,2026-02-09 18:00:00,2026-02-10,2026-02-10 03:00:00,2026-02-10 09:00:00,1,9.0,24.0,0.34715292814539506,0.0,0.2924660379173284,0.9130981374161015,8.333333333333334,3.7593504823815933,0.46666666666666673,
t2,rolling,2026-02-09,2026-02-09 18:00:00,2026-02-10,2026-02-10 04:00:00,2026-02-10 10:00:00,1,10.0,24.0,0.4294970733928153,0.0,0.33843650059350683,0.9749606201653519,8.351851851851853,3.27875848479971,2.1333333333333333,
t2,rolling,2026-02-09,2026-02-09 18:00:00,2026-02-10,2026-02-10 05:00:00,2026-02-10 11:00:00,1,11.0,24.0,0.3860337918464681,0.0,0.31612925940516806,0.9787788355000135,9.074074074074074,3.3182916795818134,3.8000000000000003,
t2,rolling,2026-02-09,2026-02-09 18:00:00,2026-02-10,2026-02-10 06:00:00,2026-02-10 12:00:00,1,12.0,24.0,0.22708377083103898,0.0,0.20092807886268535,0.777156270564122,7.268518518518519,2.553340424836234,5.966666666666666,
t2,rolling,2026-02-09,2026-02-09 18:00:00,2026-02-10,2026-02-10 07:00:00,2026-02-10 13:00:00,1,13.0,24.0,0.22542630208340098,0.0,0.17860030660365672,0.7182333867307327,7.231481481481482,1.7261007700342283,7.3999999999999995,
t2,rolling,2026-02-09,2026-02-09 18:00:00,2026-02-10,2026-02-10 08:00:00,2026-02-10 14:00:00,1,14.0,24.0,0.202754418970569,0.0,0.12216504296023595,0.6319285929532921,5.87962962962963,1.3892592098897076,8.733333333333333,
t2,rolling,2026-02-09,2026-02-09 18:00:00,2026-02-10,2026-02-10 09:00:00,2026-02-10 15:00:00,1,15.0,24.0,0.16937019632862396,0.0,0.09393881905371838,0.5413515476094288,4.62037037037037,2.308788451813275,9.066666666666668,
t2,rolling,2026-02-09,2026-02-09 18:00:00,2026-02-10,2026-02-10 10:00:00,2026-02-10 16:00:00,1,16.0,24.0,0.12963638799129754,0.0,0.0737346236843167,0.364711851168745,4.203703703703703,1.397013275003133,8.766666666666666,
t2,rolling,2026-02-09,2026-02-09 18:00:00,2026-02-10,2026-02-10 11:00:00,2026-02-10 17:00:00,1,17.0,24.0,0.11603921607318286,0.0,0.06718823197831299,0.37146736088350096,4.074074074074074,1.4546470164224832,7.633333333333333,
t2,rolling,2026-02-09,2026-02-09 18:00:00,2026-02-10,2026-02-10 12:00:00,2026-02-10 18:00:00,1,18.0,24.0,0.1810068806647419,0.0,0.08032511002977719,0.5081473131380321,3.0092592592592595,1.2254796658952092,6.133333333333333,
t2,rolling,2026-02-09,2026-02-09 18:00:00,2026-02-10,2026-02-10 13:00:00,2026-02-10 19:00:00,1,19.0,24.0,0.22886582537855876,0.0025144219173916793,0.1549545014320006,0.6065057516339245,3.157407407407407,1.0564080378276337,5.066666666666666,
t2,rolling,2026-02-09,2026-02-09 18:00:00,2026-02-10,2026-02-10 14:00:00,2026-02-10 20:00:00,1,20.0,24.0,0.4303035324598349,0.008047097731981923,0.349441660210223,0.9479752071564957,5.416666666666667,2.163102481547976,4.233333333333333,
t2,rolling,2026-02-09,2026-02-09 18:00:00,2026-02-10,2026-02-10 15:00:00,2026-02-10 21:00:00,1,21.0,24.0,0.5721461793730945,0.054567944004067725,0.5610073086548909,1.0,7.9444444444444455,4.119267434572666,3.566666666666667,
t2,rolling,2026-02-09,2026-02-09 18:00:00,2026-02-10,2026-02-10 16:00:00,2026-02-10 22:00:00,1,22.0,24.0,0.7961022863039835,0.27974025003315894,0.8086070288949929,1.0,11.027777777777779,2.837007421758201,2.8333333333333335,
t2,rolling,2026-02-09,2026-02-09 18:00:00,2026-02-10,2026-02-10 17:00:00,2026-02-10 23:00:00,1,23.0,24.0,0.8431844685687441,0.5283181987750958,0.8815520952232864,0.9986293576884928,13.222222222222221,1.614699069925958,2.6,
t2,rolling,2026-02-09,2026-02-09 18:00:00,2026-02-10,2026-02-10 18:00:00,2026-02-11 00:00:00,2,24.0,48.0,0.8602917299003576,0.6905212774838414,0.8851032574247609,0.997238980290903,13.166666666666666,2.182810228541905,2.1,
t2,rolling,2026-02-09,2026-02-09 18:00:00,2026-02-10,2026-02-10 19:00:00,2026-02-11 01:00:00,2,25.0,48.0,0.8759010004906248,0.6952497296478788,0.9073485549278444,0.9907588829683323,14.185185185185185,1.1521361445043075,2.033333333333333,
t2,rolling,2026-02-09,2026-02-09 18:00:00,2026-02-10,2026-02-10 20:00:00,2026-02-11 02:00:00,2,26.0,48.0,0.8598795791786216,0.5896865261490993,0.9093400872270517,0.9903901484500701,15.064814814814815,0.4600836388446235,2.033333333333333,
t2,rolling,2026-02-09,2026-02-09 18:00:00,2026-02-10,2026-02-10 21:00:00,2026-02-11 03:00:00,2,27.0,48.0,0.8462585184891057,0.5676528514717926,0.9055793112032315,0.9909881099657167,15.574074074074076,1.9064407834772488,1.8333333333333333,
t2,rolling,2026-02-09,2026-02-09 18:00:00,2026-02-10,2026-02-10 22:00:00,2026-02-11 04:00:00,2,28.0,48.0,0.7731928071491647,0.4731875114057122,0.8647865870820415,0.9984774968641551,14.916666666666666,2.2599232479046174,1.8,
t2,rolling,2026-02-09,2026-02-09 18:00:00,2026-02-10,2026-02-10 23:00:00,2026-02-11 05:00:00,2,29.0,48.0,0.6661579885963367,0.17427416100484783,0.7434116799145538,1.0,13.620370370370372,2.198718294806703,1.7333333333333334,
t2,rolling,2026-02-09,2026-02-09 18:00:00,2026-02-10,2026-02-11 00:00:00,2026-02-11 06:00:00,2,30.0,48.0,0.3771481512161819,0.07123910268989386,0.4136459203144494,0.9836427605255491,10.361111111111112,2.435431616878993,1.3666666666666665,
t2,rolling,2026-02-09,2026-02-09 18:00:00,2026-02-10,2026-02-11 01:00:00,2026-02-11 07:00:00,2,31.0,48.0,0.16863601586641,0.0,0.11697358001714607,0.6206578167589452,6.583333333333333,3.1241048100531983,1.0999999999999999,
t2,rolling,2026-02-09,2026-02-09 18:00:00,2026-02-10,2026-02-11 02:00:00,2026-02-11 08:00:00,2,32.0,48.0,0.12403474386502591,0.0036514199192654584,0.058766808153423195,0.4647040699374201,3.805555555555556,2.5937662687277983,-0.09999999999999998,
t2,rolling,2026-02-09,2026-02-09 18:00:00,2026-02-10,2026-02-11 03:00:00,2026-02-11 09:00:00,2,33.0,48.0,0.15557773296163205,0.005473516832977102,0.08810569125193418,0.4193905399776808,3.2685185185185186,1.8975157031290675,0.7666666666666666,
t2,rolling,2026-02-09,2026-02-09 18:00:00,2026-02-10,2026-02-11 04:00:00,2026-02-11 10:00:00,2,34.0,48.0,0.2674820136050805,0.008151625167707593,0.1357859340427554,0.6596209385653831,3.3333333333333335,1.8010627863830364,3.266666666666667,
t2,rolling,2026-02-09,2026-02-09 18:00:00,2026-02-10,2026-02-11 05:00:00,2026-02-11 11:00:00,2,35.0,48.0,0.4916728390961851,0.013100136804486406,0.3311815451170014,1.0,4.537037037037037,2.023841943925407,6.266666666666667,
t2,rolling,2026-02-09,2026-02-09 18:00:00,2026-02-10,2026-02-11 06:00:00,2026-02-11 12:00:00,2,36.0,48.0,0.5400362782110077,0.0,0.44729719233929666,1.0,9.481481481481483,2.296053601272779,8.933333333333332,
t2,rolling,2026-02-09,2026-02-09 18:00:00,2026-02-10,2026-02-11 07:00:00,2026-02-11 13:00:00,2,37.0,48.0,0.4579501522739119,0.0,0.4037156948419849,0.9802634059316904,10.15740740740741,5.133280222588808,10.133333333333333,
t2,rolling,2026-02-09,2026-02-09 18:00:00,2026-02-10,2026-02-11 08:00:00,2026-02-11 14:00:00,2,38.0,48.0,0.45715517515277887,0.0,0.3176230895502893,0.9608233769919856,8.287037037037038,7.532149885192416,10.9,
t2,rolling,2026-02-09,2026-02-09 18:00:00,2026-02-10,2026-02-11 09:00:00,2026-02-11 15:00:00,2,39.0,48.0,0.4993882380439562,0.0,0.3599933713131758,1.0,6.287037037037037,7.010372239049874,10.700000000000001,
t2,rolling,2026-02-09,2026-02-09 18:00:00,2026-02-10,2026-02-11 10:00:00,2026-02-11 16:00:00,2,40.0,48.0,0.6815706976331698,0.16100074977370582,0.6214113531006652,1.0,8.740740740740742,0.851801528304217,9.200000000000001,
t2,rolling,2026-02-09,2026-02-09 18:00:00,2026-02-10,2026-02-11 11:00:00,2026-02-11 17:00:00,2,41.0,48.0,0.8162574038349178,0.2375978347276786,0.8481612390578364,1.0,9.314814814814815,6.020113748703184,6.666666666666667,
t2,rolling,2026-02-09,2026-02-09 18:00:00,2026-02-10,2026-02-11 12:00:00,2026-02-11 18:00:00,2,42.0,48.0,0.8530710318318314,0.514206746884469,0.9145039930952036,0.9971731671734045,13.435185185185185,4.375977257108692,4.066666666666666,
t2,rolling,2026-02-09,2026-02-09 18:00:00,2026-02-10,2026-02-11 13:00:00,2026-02-11 19:00:00,2,43.0,48.0,0.8846203512383244,0.6072752951796865,0.9364698381808486,0.9842857694666878,13.25925925925926,5.375508397814984,3.4666666666666663,
t2,rolling,2026-02-09,2026-02-09 18:00:00,2026-02-10,2026-02-11 14:00:00,2026-02-11 20:00:00,2,44.0,48.0,0.8979970353627312,0.6910761431278449,0.9529696894093702,0.9824009891137238,13.462962962962964,3.2784054640680544,2.466666666666667,
t2,rolling,2026-02-09,2026-02-09 18:00:00,2026-02-10,2026-02-11 15:00:00,2026-02-11 21:00:00,2,45.0,48.0,0.9209127959543421,0.7161269217221985,0.9532316688938928,0.9828020760592042,13.518518518518519,0.1674364937039357,1.7666666666666666,
t2,rolling,2026-02-09,2026-02-09 18:00:00,2026-02-10,2026-02-11 16:00:00,2026-02-11 22:00:00,2,46.0,48.0,0.9144302166057862,0.6788619938384783,0.9558875202412905,0.9834107110294326,13.185185185185185,1.6307077662567384,1.4333333333333333,
t2,rolling,2026-02-09,2026-02-09 18:00:00,2026-02-10,2026-02-11 17:00:00,2026-02-11 23:00:00,2,47.0,48.0,0.9138629669074261,0.6759891718486579,0.9560757110692549,0.9830116235442085,12.75,2.027777777777778,1.2666666666666666,
t2,rolling,2026-02-10,2026-02-10 18:00:00,2026-02-11,2026-02-10 18:00:00,2026-02-11 00:00:00,1,0.0,24.0,0.869894517619039,0.670690901972755,0.8991809433642626,0.9912661221117169,14.203703703703702,1.1311844187843165,2.1666666666666665,
t2,rolling,2026-02-10,2026-02-10 18:00:00,2026-02-11,2026-02-10 19:00:00,2026-02-11 01:00:00,1,1.0,24.0,0.8668485578308474,0.6541813710489802,0.9029556834810446,0.9900659489657606,15.111111111111114,0.07349309197401682,1.9666666666666666,
t2,rolling,2026-02-10,2026-02-10 18:00:00,2026-02-11,2026-02-10 20:00:00,2026-02-11 02:00:00,1,2.0,24.0,0.8535919525266576,0.5676230168309788,0.9029556834810446,0.9897798488818009,15.212962962962962,1.2172668906725312,1.8,
t2,rolling,2026-02-10,2026-02-10 18:00:00,2026-02-11,2026-02-10 21:00:00,2026-02-11 03:00:00,1,3.0,24.0,0.8318418467088091,0.5621184324708103,0.8966336613596426,0.9924268788345767,14.731481481481481,1.9068454763776475,1.6666666666666667,
t2,rolling,2026-02-10,2026-02-10 18:00:00,2026-02-11,2026-02-10 22:00:00,2026-02-11 04:00:00,1,4.0,24.0,0.7277561126794381,0.410345274407938,0.8034542994452606,1.0,13.90740740740741,2.0318325771084536,1.5,
t2,rolling,2026-02-10,2026-02-10 18:00:00,2026-02-11,2026-02-10 23:00:00,2026-02-11 05:00:00,1,5.0,24.0,0.6423044610862979,0.14539791751493858,0.7209142775594732,1.0,12.768518518518519,2.2533126049159833,1.8333333333333333,
t2,rolling,2026-02-10,2026-02-10 18:00:00,2026-02-11,2026-02-11 00:00:00,2026-02-11 06:00:00,1,6.0,24.0,0.32238869426006744,0.03903899154941037,0.30032297312933354,0.9651026015496429,9.166666666666666,0.5471587667664509,1.9666666666666668,
t2,rolling,2026-02-10,2026-02-10 18:00:00,2026-02-11,2026-02-11 01:00:00,2026-02-11 07:00:00,1,7.0,24.0,0.20040136540586562,0.0,0.10206432103454842,0.671124610264037,4.962962962962963,2.798855218652695,0.8666666666666667,
t2,rolling,2026-02-10,2026-02-10 18:00:00,2026-02-11,2026-02-11 02:00:00,2026-02-11 08:00:00,1,8.0,24.0,0.14441567922891482,0.0,0.0868172129885848,0.45286836821414356,4.194444444444445,2.3896962460003466,0.7999999999999999,
t2,rolling,2026-02-10,2026-02-10 18:00:00,2026-02-11,2026-02-11 03:00:00,2026-02-11 09:00:00,1,9.0,24.0,0.2199175790826358,0.0,0.14355986423342906,0.5414274119382293,4.7592592592592595,3.9162069601506646,1.5666666666666667,
t2,rolling,2026-02-10,2026-02-10 18:00:00,2026-02-11,2026-02-11 04:00:00,2026-02-11 10:00:00,1,10.0,24.0,0.2567671954095664,0.0,0.15256723671849526,0.6991515464964229,4.8240740740740735,3.4552176207272907,3.5999999999999996,
t2,rolling,2026-02-10,2026-02-10 18:00:00,2026-02-11,2026-02-11 05:00:00,2026-02-11 11:00:00,1,11.0,24.0,0.3619555969523775,0.0,0.2523776336414795,0.923270461542752,6.527777777777778,3.4695545307683684,6.066666666666666,
t2,rolling,2026-02-10,2026-02-10 18:00:00,2026-02-11,2026-02-11 06:00:00,2026-02-11 12:00:00,1,12.0,24.0,0.4595672558652498,0.0,0.3516361106897384,1.0,8.481481481481481,4.934551067592992,7.966666666666666,
t2,rolling,2026-02-10,2026-02-10 18:00:00,2026-02-11,2026-02-11 07:00:00,2026-02-11 13:00:00,1,13.0,24.0,0.3899274139822194,0.0,0.34947490071880155,1.0,9.25,7.523266380837319,9.066666666666668,
t2,rolling,2026-02-10,2026-02-10 18:00:00,2026-02-11,2026-02-11 08:00:00,2026-02-11 14:00:00,1,14.0,24.0,0.36632143671196743,0.0,0.22821444450564873,0.9806427214062614,7.666666666666667,7.773609994441386,9.9,
t2,rolling,2026-02-10,2026-02-10 18:00:00,2026-02-11,2026-02-11 09:00:00,2026-02-11 15:00:00,1,15.0,24.0,0.40215192461777577,0.0,0.26575227374327237,0.9670960196165017,5.842592592592593,5.953545300582715,9.566666666666666,
t2,rolling,2026-02-10,2026-02-10 18:00:00,2026-02-11,2026-02-11 10:00:00,2026-02-11 16:00:00,1,16.0,24.0,0.594878039355282,0.0,0.47242012017092744,1.0,7.046296296296298,2.331072537900684,8.833333333333334,
t2,rolling,2026-02-10,2026-02-10 18:00:00,2026-02-11,2026-02-11 11:00:00,2026-02-11 17:00:00,1,17.0,24.0,0.6731037118021639,0.08746363198407214,0.6130010576651486,1.0,8.694444444444445,4.462117639323339,6.333333333333333,
t2,rolling,2026-02-10,2026-02-10 18:00:00,2026-02-11,2026-02-11 12:00:00,2026-02-11 18:00:00,1,18.0,24.0,0.8052880163168538,0.20760367452350648,0.8747728767736356,1.0,10.972222222222223,5.087430043199066,4.5,
t2,rolling,2026-02-10,2026-02-10 18:00:00,2026-02-11,2026-02-11 13:00:00,2026-02-11 19:00:00,1,19.0,24.0,0.8387997787175736,0.32385151516487787,0.9156096069994767,0.992574828036716,13.453703703703704,3.7930993765861762,3.2999999999999994,
t2,rolling,2026-02-10,2026-02-10 18:00:00,2026-02-11,2026-02-11 14:00:00,2026-02-11 20:00:00,1,20.0,24.0,0.8756790824554967,0.5044602079300506,0.9356832146972329,0.9849627558112141,14.509259259259261,2.463049984538974,2.5666666666666664,
t2,rolling,2026-02-10,2026-02-10 18:00:00,2026-02-11,2026-02-11 15:00:00,2026-02-11 21:00:00,1,21.0,24.0,0.8898729782406701,0.6219804205263626,0.9336423899907103,0.9851411343732458,14.129629629629628,2.0196437570397903,1.9666666666666668,
t2,rolling,2026-02-10,2026-02-10 18:00:00,2026-02-11,2026-02-11 16:00:00,2026-02-11 22:00:00,1,22.0,24.0,0.8463735599089338,0.3377141823073958,0.8938488596993196,0.9915854502464221,12.444444444444445,1.7801633300013462,1.6333333333333335,
t2,rolling,2026-02-10,2026-02-10 18:00:00,2026-02-11,2026-02-11 17:00:00,2026-02-11 23:00:00,1,23.0,24.0,0.8670944461716704,0.3914772234200534,0.8922251875275902,0.9924704840968759,10.870370370370372,1.5677432602442125,1.5999999999999999,
t2,rolling,2026-02-10,2026-02-10 18:00:00,2026-02-11,2026-02-11 18:00:00,2026-02-12 00:00:00,2,24.0,48.0,0.8744710630246466,0.5481643542517387,0.9167664090835815,0.9869483497522,11.129629629629632,1.963465169859407,1.0666666666666667,
t2,rolling,2026-02-10,2026-02-10 18:00:00,2026-02-11,2026-02-11 19:00:00,2026-02-12 01:00:00,2,25.0,48.0,0.832422202877741,0.5351703526985725,0.8542803091586627,1.0,11.092592592592593,1.5797555418533784,1.0333333333333334,
t2,rolling,2026-02-10,2026-02-10 18:00:00,2026-02-11,2026-02-11 20:00:00,2026-02-12 02:00:00,2,26.0,48.0,0.8019107253590818,0.48600988539058054,0.8172587228462992,1.0,10.620370370370368,1.2817972207905348,0.6333333333333333,
t2,rolling,2026-02-10,2026-02-10 18:00:00,2026-02-11,2026-02-11 21:00:00,2026-02-12 03:00:00,2,27.0,48.0,0.7181107022132653,0.32088718609797867,0.7269280418816911,1.0,10.083333333333334,1.9222944751995514,0.3333333333333333,
t2,rolling,2026-02-10,2026-02-10 18:00:00,2026-02-11,2026-02-11 22:00:00,2026-02-12 04:00:00,2,28.0,48.0,0.6563758321624316,0.19996276312348493,0.6403324130014716,1.0,9.50925925925926,1.7865092292897478,0.26666666666666666,
t2,rolling,2026-02-10,2026-02-10 18:00:00,2026-02-11,2026-02-11 23:00:00,2026-02-12 05:00:00,2,29.0,48.0,0.5592153451867813,0.11604625446800648,0.5119326611059986,1.0,9.157407407407407,1.0032098689468039,0.19999999999999998,
t2,rolling,2026-02-10,2026-02-10 18:00:00,2026-02-11,2026-02-12 00:00:00,2026-02-12 06:00:00,2,30.0,48.0,0.48697221102208665,0.01198084946897493,0.45951125877376836,0.9385846549645758,8.61111111111111,1.1375330683024039,0.3,
t2,rolling,2026-02-10,2026-02-10 18:00:00,2026-02-11,2026-02-12 01:00:00,2026-02-12 07:00:00,2,31.0,48.0,0.2823602285663551,0.0,0.23555216162539558,0.8806022211007171,7.527777777777778,1.5562994253146036,0.13333333333333333,
t2,rolling,2026-02-10,2026-02-10 18:00:00,2026-02-11,2026-02-12 02:00:00,2026-02-12 08:00:00,2,32.0,48.0,0.1301198717543521,0.0,0.08467315154453074,0.6205286874541706,6.583333333333333,2.5410214724509497,0.10000000000000002,
t2,rolling,2026-02-10,2026-02-10 18:00:00,2026-02-11,2026-02-12 03:00:00,2026-02-12 09:00:00,2,33.0,48.0,0.098158604901726,0.0,0.0444855378402442,0.4633632512522107,5.527777777777779,2.872415639307493,-0.06666666666666668,
t2,rolling,2026-02-10,2026-02-10 18:00:00,2026-02-11,2026-02-12 04:00:00,2026-02-12 10:00:00,2,34.0,48.0,0.07723531497793554,0.0,0.029496586056913684,0.3106520846842264,4.5092592592592595,2.500360056376408,0.4000000000000001,
t2,rolling,2026-02-10,2026-02-10 18:00:00,2026-02-11,2026-02-12 05:00:00,2026-02-12 11:00:00,2,35.0,48.0,0.06495571220923765,0.0,0.02782660117502275,0.28084388531178656,3.7314814814814814,2.9030546562971495,0.8666666666666667,
t2,rolling,2026-02-10,2026-02-10 18:00:00,2026-02-11,2026-02-12 06:00:00,2026-02-12 12:00:00,2,36.0,48.0,0.04609073671374351,0.0,0.010427368890038827,0.20546775823051106,2.638888888888889,1.9932370223233595,1.7666666666666668,
t2,rolling,2026-02-10,2026-02-10 18:00:00,2026-02-11,2026-02-12 07:00:00,2026-02-12 13:00:00,2,37.0,48.0,0.04874290544999157,0.0,0.010645200736342595,0.2019979074082885,2.6296296296296298,1.8860954289426055,2.1999999999999997,
t2,rolling,2026-02-10,2026-02-10 18:00:00,2026-02-11,2026-02-12 08:00:00,2026-02-12 14:00:00,2,38.0,48.0,0.04953710656427845,0.0,0.012706507657314639,0.20296352543881052,2.564814814814815,1.6123877445214994,2.6999999999999997,
t2,rolling,2026-02-10,2026-02-10 18:00:00,2026-02-11,2026-02-12 09:00:00,2026-02-12 15:00:00,2,39.0,48.0,0.05616238000045839,0.0,0.01761279714317525,0.23681994860695627,2.5740740740740744,0.913434255936187,2.8333333333333335,
t2,rolling,2026-02-10,2026-02-10 18:00:00,2026-02-11,2026-02-12 10:00:00,2026-02-12 16:00:00,2,40.0,48.0,0.09167897794967954,0.0,0.05257848754834876,0.30681733960207946,2.9537037037037037,0.8307057339761809,2.4,
t2,rolling,2026-02-10,2026-02-10 18:00:00,2026-02-11,2026-02-12 11:00:00,2026-02-12 17:00:00,2,41.0,48.0,0.1635154423804324,0.0,0.10607932756151009,0.42429328907892805,3.8888888888888893,1.5041095967423206,1.5999999999999999,
t2,rolling,2026-02-10,2026-02-10 18:00:00,2026-02-11,2026-02-12 12:00:00,2026-02-12 18:00:00,2,42.0,48.0,0.19814159456568844,0.0,0.13291497282360687,0.4783174238318347,5.037037037037037,1.905631139846393,0.5,
t2,rolling,2026-02-10,2026-02-10 18:00:00,2026-02-11,2026-02-12 13:00:00,2026-02-12 19:00:00,2,43.0,48.0,0.21144025792280996,0.0,0.1361457798491034,0.570239535094604,5.4259259259259265,2.706635270145704,0.1666666666666667,
t2,rolling,2026-02-10,2026-02-10 18:00:00,2026-02-11,2026-02-12 14:00:00,2026-02-12 20:00:00,2,44.0,48.0,0.20845685898431077,0.0,0.15670847585953632,0.5236239975800697,5.925925925925927,2.0946605645446326,-0.09999999999999998,
t2,rolling,2026-02-10,2026-02-10 18:00:00,2026-02-11,2026-02-12 15:00:00,2026-02-12 21:00:00,2,45.0,48.0,0.2266699368600181,0.0,0.17430105021618875,0.6628895409255007,6.361111111111111,1.4632852434517694,-0.2333333333333333,
t2,rolling,2026-02-10,2026-02-10 18:00:00,2026-02-11,2026-02-12 16:00:00,2026-02-12 22:00:00,2,46.0,48.0,0.2351558463550762,0.0,0.20022099406705077,0.7922212076463689,6.75,1.0485881160098263,-0.5333333333333333,
t2,rolling,2026-02-10,2026-02-10 18:00:00,2026-02-11,2026-02-12 17:00:00,2026-02-12 23:00:00,2,47.0,48.0,0.2326101396803312,0.0,0.22154990624101853,0.8811335520362084,6.7407407407407405,2.03979190821186,-0.7666666666666666,
t2,rolling,2026-02-11,2026-02-11 18:00:00,2026-02-12,2026-02-11 18:00:00,2026-02-12 00:00:00,1,0.0,24.0,0.555737144510937,0.12382137109834046,0.5743757606106609,0.9617994371354286,8.527777777777779,1.4690742024641499,1.1,
t2,rolling,2026-02-11,2026-02-11 18:00:00,2026-02-12,2026-02-11 19:00:00,2026-02-12 01:00:00,1,1.0,24.0,0.5799117745885712,0.15211477049979777,0.5701444585274035,0.9802266742596463,8.685185185185185,1.881179802294207,1.1333333333333333,
t2,rolling,2026-02-11,2026-02-11 18:00:00,2026-02-12,2026-02-11 20:00:00,2026-02-12 02:00:00,1,2.0,24.0,0.5574624432754006,0.11448418176687458,0.5203310552413678,0.9878720859814103,9.564814814814815,2.6254531256958935,1.0999999999999999,
t2,rolling,2026-02-11,2026-02-11 18:00:00,2026-02-12,2026-02-11 21:00:00,2026-02-12 03:00:00,1,3.0,24.0,0.4527691925389273,0.07900258914655856,0.431451329579594,0.9469120090917065,9.120370370370372,2.4200699748411356,0.9666666666666667,
t2,rolling,2026-02-11,2026-02-11 18:00:00,2026-02-12,2026-02-11 22:00:00,2026-02-12 04:00:00,1,4.0,24.0,0.37435456603542117,0.05389112234495602,0.3958976691703632,0.8733341026438313,8.342592592592593,1.6235946756447235,0.9333333333333332,
t2,rolling,2026-02-11,2026-02-11 18:00:00,2026-02-12,2026-02-11 23:00:00,2026-02-12 05:00:00,1,5.0,24.0,0.27541432839436064,0.04152754731926228,0.3003675676753014,0.7802441067410886,7.296296296296297,0.04243125643477576,0.9,
t2,rolling,2026-02-11,2026-02-11 18:00:00,2026-02-12,2026-02-12 00:00:00,2026-02-12 06:00:00,1,6.0,24.0,0.1474872987386411,9.574812532504862e-05,0.09782347255954596,0.44237361681942444,5.222222222222222,1.6459358852250605,0.4666666666666666,
t2,rolling,2026-02-11,2026-02-11 18:00:00,2026-02-12,2026-02-12 01:00:00,2026-02-12 07:00:00,1,7.0,24.0,0.10300720773741831,0.002276696589569867,0.05535886843785557,0.3309756605620709,4.833333333333333,1.8291197370171477,0.3333333333333333,
t2,rolling,2026-02-11,2026-02-11 18:00:00,2026-02-12,2026-02-12 02:00:00,2026-02-12 08:00:00,1,8.0,24.0,0.07346683298867634,0.003204276223843165,0.03865460984422029,0.28061555636265334,3.925925925925926,1.4995712693198506,0.09999999999999998,
t2,rolling,2026-02-11,2026-02-11 18:00:00,2026-02-12,2026-02-12 03:00:00,2026-02-12 09:00:00,1,9.0,24.0,0.05802745765108702,0.005483736859090959,0.01986622712084733,0.21822324492761136,3.0,1.4784981535745847,0.13333333333333333,
t2,rolling,2026-02-11,2026-02-11 18:00:00,2026-02-12,2026-02-12 04:00:00,2026-02-12 10:00:00,1,10.0,24.0,0.05802107811380114,0.005986033356526111,0.021255300209562393,0.22363364137955236,1.6018518518518519,0.689612821532053,0.4666666666666666,
t2,rolling,2026-02-11,2026-02-11 18:00:00,2026-02-12,2026-02-12 05:00:00,2026-02-12 11:00:00,1,11.0,24.0,0.06931558327191585,0.004671679620718516,0.04087922713957379,0.2968230816585432,1.0092592592592593,0.6985066375015665,1.0666666666666667,
t2,rolling,2026-02-11,2026-02-11 18:00:00,2026-02-12,2026-02-12 06:00:00,2026-02-12 12:00:00,1,12.0,24.0,0.14568722603973838,0.004268610276828566,0.09573130641732776,0.47365108568672576,3.9351851851851856,2.6455082671897943,2.8000000000000003,
t2,rolling,2026-02-11,2026-02-11 18:00:00,2026-02-12,2026-02-12 07:00:00,2026-02-12 13:00:00,1,13.0,24.0,0.22277210308750398,0.0025407482836221074,0.13064209421213807,0.6371377475816005,4.907407407407407,2.840993638846641,3.4333333333333336,
t2,rolling,2026-02-11,2026-02-11 18:00:00,2026-02-12,2026-02-12 08:00:00,2026-02-12 14:00:00,1,14.0,24.0,0.2529009953308729,0.0007002711396965899,0.18011753075619327,0.7015176584435584,5.361111111111112,2.7581249221925668,4.0,
t2,rolling,2026-02-11,2026-02-11 18:00:00,2026-02-12,2026-02-12 09:00:00,2026-02-12 15:00:00,1,15.0,24.0,0.2621396284283092,0.00325748841963569,0.15729441444768713,0.706812319227426,5.398148148148149,3.2804054125644124,4.366666666666666,
t2,rolling,2026-02-11,2026-02-11 18:00:00,2026-02-12,2026-02-12 10:00:00,2026-02-12 16:00:00,1,16.0,24.0,0.24533077182212334,0.0,0.13903670091241568,0.6903008143467549,5.037037037037037,3.8905089218226823,4.2,
t2,rolling,2026-02-11,2026-02-11 18:00:00,2026-02-12,2026-02-12 11:00:00,2026-02-12 17:00:00,1,17.0,24.0,0.2046135869069004,0.00027957520420907045,0.12085841601745645,0.6255864172378034,5.87037037037037,2.3750135368901635,3.233333333333333,
t2,rolling,2026-02-11,2026-02-11 18:00:00,2026-02-12,2026-02-12 12:00:00,2026-02-12 18:00:00,1,18.0,24.0,0.19670131823230308,0.0,0.1869350549492839,0.5685263489835202,3.5740740740740744,1.764125822523857,2.1666666666666665,
t2,rolling,2026-02-11,2026-02-11 18:00:00,2026-02-12,2026-02-12 13:00:00,2026-02-12 19:00:00,1,19.0,24.0,0.21811098874987458,0.0031646887680730207,0.1552694582123494,0.5620795220273718,5.379629629629631,0.6551866507531294,0.6666666666666666,
t2,rolling,2026-02-11,2026-02-11 18:00:00,2026-02-12,2026-02-12 14:00:00,2026-02-12 20:00:00,1,20.0,24.0,0.2094207254093267,0.004487401029635851,0.13438969464883235,0.6432152632166079,6.907407407407407,1.6078351112150666,0.10000000000000002,
t2,rolling,2026-02-11,2026-02-11 18:00:00,2026-02-12,2026-02-12 15:00:00,2026-02-12 21:00:00,1,21.0,24.0,0.19685647777839238,0.002269162431251262,0.11514999551708797,0.5521161579709191,5.787037037037037,1.4866518573142693,0.10000000000000003,
t2,rolling,2026-02-11,2026-02-11 18:00:00,2026-02-12,2026-02-12 16:00:00,2026-02-12 22:00:00,1,22.0,24.0,0.15435134650956092,0.0001378518370913906,0.10730183848431521,0.4177113431654862,5.268518518518518,1.0338907297931745,-0.10000000000000002,
t2,rolling,2026-02-11,2026-02-11 18:00:00,2026-02-12,2026-02-12 17:00:00,2026-02-12 23:00:00,1,23.0,24.0,0.15458210766921024,0.000999066469883278,0.08144023660352209,0.4323464387258392,4.592592592592593,0.8661738864951372,-0.09999999999999998,
t2,rolling,2026-02-11,2026-02-11 18:00:00,2026-02-12,2026-02-12 18:00:00,2026-02-13 00:00:00,2,24.0,48.0,0.17747340919049226,0.0,0.09556829613377699,0.5589178771657206,5.537037037037037,2.1581623222208055,-0.23333333333333336,
t2,rolling,2026-02-11,2026-02-11 18:00:00,2026-02-12,2026-02-12 19:00:00,2026-02-13 01:00:00,2,25.0,48.0,0.16278504258552307,0.0,0.09228428980569398,0.4940338198236487,5.342592592592593,2.4520609455432454,-0.6666666666666666,
t2,rolling,2026-02-11,2026-02-11 18:00:00,2026-02-12,2026-02-12 20:00:00,2026-02-13 02:00:00,2,26.0,48.0,0.1086742982165014,0.000865189702689971,0.05495227239524557,0.42868279271982035,4.601851851851852,2.858862834733232,-1.2999999999999998,
t2,rolling,2026-02-11,2026-02-11 18:00:00,2026-02-12,2026-02-12 21:00:00,2026-02-13 03:00:00,2,27.0,48.0,0.10424626128650595,0.003173818285540725,0.04113283944479093,0.3521186696006602,3.6944444444444446,2.7939805225688006,-1.5666666666666667,
t2,rolling,2026-02-11,2026-02-11 18:00:00,2026-02-12,2026-02-12 22:00:00,2026-02-13 04:00:00,2,28.0,48.0,0.07543046506530829,0.006002846423619659,0.02416934376473218,0.28201188278646694,3.157407407407407,2.084690915697521,-1.7666666666666666,
t2,rolling,2026-02-11,2026-02-11 18:00:00,2026-02-12,2026-02-12 23:00:00,2026-02-13 05:00:00,2,29.0,48.0,0.05588510706006776,0.006190650501058475,0.02363376108435707,0.20757689877399885,2.6666666666666665,2.0367003088692623,-1.9666666666666668,
t2,rolling,2026-02-11,2026-02-11 18:00:00,2026-02-12,2026-02-13 00:00:00,2026-02-13 06:00:00,2,30.0,48.0,0.05439614763883758,0.006386191550183922,0.02280425560211537,0.2122138175001805,2.388888888888889,1.3214166546962551,-1.6666666666666667,
t2,rolling,2026-02-11,2026-02-11 18:00:00,2026-02-12,2026-02-13 01:00:00,2026-02-13 07:00:00,2,31.0,48.0,0.05288986308594974,0.0058832807561160425,0.02260910968522837,0.21162858002602103,2.2870370370370368,1.0338907297931748,-1.6666666666666667,
t2,rolling,2026-02-11,2026-02-11 18:00:00,2026-02-12,2026-02-13 02:00:00,2026-02-13 08:00:00,2,32.0,48.0,0.061348692747048905,0.006202375322088432,0.020744974968123202,0.21070158370765354,2.5462962962962963,0.6250514382125064,-1.6000000000000003,
t2,rolling,2026-02-11,2026-02-11 18:00:00,2026-02-12,2026-02-13 03:00:00,2026-02-13 09:00:00,2,33.0,48.0,0.06452759563115262,0.004885720779314779,0.02380380229426676,0.21883963842425688,2.7962962962962963,0.11226255234242752,-1.3666666666666665,
t2,rolling,2026-02-11,2026-02-11 18:00:00,2026-02-12,2026-02-13 04:00:00,2026-02-13 10:00:00,2,34.0,48.0,0.06673432440307173,0.00320949450451688,0.03912455991725621,0.2258634340842547,3.3333333333333335,0.847563683466242,-1.0999999999999999,
t2,rolling,2026-02-11,2026-02-11 18:00:00,2026-02-12,2026-02-13 05:00:00,2026-02-13 11:00:00,2,35.0,48.0,0.061043734488958584,0.005055792806713869,0.02431350428393306,0.20722294664840096,3.1944444444444446,1.6146990699259578,-0.7666666666666666,
t2,rolling,2026-02-11,2026-02-11 18:00:00,2026-02-12,2026-02-13 06:00:00,2026-02-13 12:00:00,2,36.0,48.0,0.0574258194049212,0.006436935442192732,0.01982677151531393,0.22874597693661156,2.6296296296296298,1.725877244584471,0.19999999999999996,
t2,rolling,2026-02-11,2026-02-11 18:00:00,2026-02-12,2026-02-13 07:00:00,2026-02-13 13:00:00,2,37.0,48.0,0.061847626686058074,0.006801724383940113,0.021751492720253472,0.23550692903181136,2.2962962962962963,1.386201102994218,0.9333333333333332,
t2,rolling,2026-02-11,2026-02-11 18:00:00,2026-02-12,2026-02-13 08:00:00,2026-02-13 14:00:00,2,38.0,48.0,0.06329181059774645,0.006896539831023908,0.020889617810370763,0.2499144619535333,1.8240740740740742,1.549176736099139,1.6333333333333335,
t2,rolling,2026-02-11,2026-02-11 18:00:00,2026-02-12,2026-02-13 09:00:00,2026-02-13 15:00:00,2,39.0,48.0,0.06170879214553829,0.007418790206347,0.022036467608338575,0.2461385705046207,1.287037037037037,1.236761169062326,2.0666666666666664,
t2,rolling,2026-02-11,2026-02-11 18:00:00,2026-02-12,2026-02-13 10:00:00,2026-02-13 16:00:00,2,40.0,48.0,0.061104172463094436,0.006592506994385201,0.021303988227370525,0.2475962998047902,1.1296296296296298,0.06990587440065506,2.1,
t2,rolling,2026-02-11,2026-02-11 18:00:00,2026-02-12,2026-02-13 11:00:00,2026-02-13 17:00:00,2,41.0,48.0,0.06639340594699099,0.006321897312202897,0.020910230138790918,0.23482280634407068,1.2314814814814816,1.028278156472357,1.7666666666666668,
t2,rolling,2026-02-11,2026-02-11 18:00:00,2026-02-12,2026-02-13 12:00:00,2026-02-13 18:00:00,2,42.0,48.0,0.06910147879734967,0.0062582691784715296,0.02206612786950197,0.22223411138976798,1.6203703703703705,1.7225208821086646,0.6,
t2,rolling,2026-02-11,2026-02-11 18:00:00,2026-02-12,2026-02-13 13:00:00,2026-02-13 19:00:00,2,43.0,48.0,0.09943847376263962,0.004017492249565345,0.04170002885540584,0.31347049255482157,2.3703703703703702,2.488605721325496,0.5,
t2,rolling,2026-02-11,2026-02-11 18:00:00,2026-02-12,2026-02-13 14:00:00,2026-02-13 20:00:00,2,44.0,48.0,0.13889206376029722,0.0026480041396396772,0.06330523988008488,0.48991144240590057,2.9722222222222228,3.5126534938563516,0.5666666666666668,
t2,rolling,2026-02-11,2026-02-11 18:00:00,2026-02-12,2026-02-13 15:00:00,2026-02-13 21:00:00,2,45.0,48.0,0.22649542834999797,0.0,0.13847058063072692,0.7003277967517509,3.657407407407407,4.341901548112064,0.7333333333333334,
t2,rolling,2026-02-11,2026-02-11 18:00:00,2026-02-12,2026-02-13 16:00:00,2026-02-13 22:00:00,2,46.0,48.0,0.29562236507853834,0.004257704045176169,0.24174187161740385,0.8279521196636515,5.111111111111111,4.065531869597882,0.7999999999999999,
t2,rolling,2026-02-11,2026-02-11 18:00:00,2026-02-12,2026-02-13 17:00:00,2026-02-13 23:00:00,2,47.0,48.0,0.3156184006956952,0.01148399433341224,0.28963888602347065,0.8416011173586458,7.0,3.27742465141138,0.9333333333333332,
t2,rolling,2026-02-12,2026-02-12 18:00:00,2026-02-13,2026-02-12 18:00:00,2026-02-13 00:00:00,1,0.0,24.0,0.0,0.0,0.0,0.1302328223069469,2.657407407407408,0.4359724950738356,-0.5666666666666668,
t2,rolling,2026-02-12,2026-02-12 18:00:00,2026-02-13,2026-02-12 19:00:00,2026-02-13 01:00:00,1,1.0,24.0,0.00012027229505159887,0.0,0.0,0.13135953665923467,1.9444444444444444,0.5321456683518896,-1.2,
t2,rolling,2026-02-12,2026-02-12 18:00:00,2026-02-13,2026-02-12 20:00:00,2026-02-13 02:00:00,1,2.0,24.0,0.0,0.0,0.0,0.13382634532537363,1.3240740740740742,0.2782403555799393,-1.6333333333333335,
t2,rolling,2026-02-12,2026-02-12 18:00:00,2026-02-13,2026-02-12 21:00:00,2026-02-13 03:00:00,1,3.0,24.0,0.005923194131779497,0.0,0.0,0.15674773569162076,0.9166666666666666,0.2545875386086578,-1.9333333333333336,
t2,rolling,2026-02-12,2026-02-12 18:00:00,2026-02-13,2026-02-12 22:00:00,2026-02-13 04:00:00,1,4.0,24.0,0.004193405298042713,0.0,0.0,0.14316652404033575,1.4722222222222223,0.7822293244627069,-1.8333333333333333,
t2,rolling,2026-02-12,2026-02-12 18:00:00,2026-02-13,2026-02-12 23:00:00,2026-02-13 05:00:00,1,5.0,24.0,0.0,0.0,0.0,0.13569559285935823,1.6111111111111114,1.1827593808913206,-1.7666666666666666,
t2,rolling,2026-02-12,2026-02-12 18:00:00,2026-02-13,2026-02-13 00:00:00,2026-02-13 06:00:00,1,6.0,24.0,0.0038342849872162257,0.0,0.0,0.14935065032113864,1.9814814814814816,0.918908593993563,-1.7,
t2,rolling,2026-02-12,2026-02-12 18:00:00,2026-02-13,2026-02-13 01:00:00,2026-02-13 07:00:00,1,7.0,24.0,0.00390782739534188,0.0,0.0,0.1468163120883787,1.972222222222222,1.8301740455587923,-1.5666666666666667,
t2,rolling,2026-02-12,2026-02-12 18:00:00,2026-02-13,2026-02-13 02:00:00,2026-02-13 08:00:00,1,8.0,24.0,0.0019374244883968994,0.0,0.0,0.1339268857282788,2.055555555555556,2.0654790494468114,-1.5,
t2,rolling,2026-02-12,2026-02-12 18:00:00,2026-02-13,2026-02-13 03:00:00,2026-02-13 09:00:00,1,9.0,24.0,0.0,0.0,0.0,0.15153468119953242,2.027777777777778,1.567415108851765,-1.3666666666666665,
t2,rolling,2026-02-12,2026-02-12 18:00:00,2026-02-13,2026-02-13 04:00:00,2026-02-13 10:00:00,1,10.0,24.0,0.0,0.0,0.0,0.14946069860095906,2.1944444444444446,1.4863058024079718,-1.0,
t2,rolling,2026-02-12,2026-02-12 18:00:00,2026-02-13,2026-02-13 05:00:00,2026-02-13 11:00:00,1,11.0,24.0,0.0038583613989455826,0.0,0.0,0.14658795943358166,2.8796296296296298,2.0582439876645333,-0.5,
t2,rolling,2026-02-12,2026-02-12 18:00:00,2026-02-13,2026-02-13 06:00:00,2026-02-13 12:00:00,1,12.0,24.0,0.002942215546396787,0.0,0.0,0.1386239883017008,2.361111111111111,1.6332293995654554,-0.3,
t2,rolling,2026-02-12,2026-02-12 18:00:00,2026-02-13,2026-02-13 07:00:00,2026-02-13 13:00:00,1,13.0,24.0,0.0,0.0,0.0,0.15719543412899917,1.712962962962963,1.4514608789518137,-0.03333333333333336,
t2,rolling,2026-02-12,2026-02-12 18:00:00,2026-02-13,2026-02-13 08:00:00,2026-02-13 14:00:00,1,14.0,24.0,0.0009852019002537168,0.0,0.0,0.13855958689767062,1.6759259259259258,0.7965654153334488,0.3666666666666667,
t2,rolling,2026-02-12,2026-02-12 18:00:00,2026-02-13,2026-02-13 09:00:00,2026-02-13 15:00:00,1,15.0,24.0,0.0024685982843745055,0.0,0.0,0.1387341111726425,2.0,0.7043734629503315,0.5666666666666668,
t2,rolling,2026-02-12,2026-02-12 18:00:00,2026-02-13,2026-02-13 10:00:00,2026-02-13 16:00:00,1,16.0,24.0,0.008144607572265095,0.0,0.0,0.15807574853247014,1.6666666666666667,1.0833333333333335,0.6333333333333333,
t2,rolling,2026-02-12,2026-02-12 18:00:00,2026-02-13,2026-02-13 11:00:00,2026-02-13 17:00:00,1,17.0,24.0,0.02066665402046417,0.0,0.0,0.1800814233717412,1.3333333333333333,1.103795360350307,0.5666666666666668,
t2,rolling,2026-02-12,2026-02-12 18:00:00,2026-02-13,2026-02-13 12:00:00,2026-02-13 18:00:00,1,18.0,24.0,0.02219765568960263,0.0,0.0,0.2446969302923109,2.0925925925925926,0.8033174528423694,0.3,
t2,rolling,2026-02-12,2026-02-12 18:00:00,2026-02-13,2026-02-13 13:00:00,2026-02-13 19:00:00,1,19.0,24.0,0.1122448667920613,0.0,0.05229137540465218,0.38450056843548974,3.1203703703703702,1.4793677049957397,-0.09999999999999994,
t2,rolling,2026-02-12,2026-02-12 18:00:00,2026-02-13,2026-02-13 14:00:00,2026-02-13 20:00:00,1,20.0,24.0,0.21304830880398665,0.0,0.14491413165990386,0.609681007681863,4.787037037037037,2.14992343628628,-0.4333333333333333,
t2,rolling,2026-02-12,2026-02-12 18:00:00,2026-02-13,2026-02-13 15:00:00,2026-02-13 21:00:00,1,21.0,24.0,0.34872011128547953,0.0,0.2972832656589364,0.8022357027930398,6.666666666666667,1.8047006523089766,-0.3333333333333333,
t2,rolling,2026-02-12,2026-02-12 18:00:00,2026-02-13,2026-02-13 16:00:00,2026-02-13 22:00:00,1,22.0,24.0,0.47834240723333604,0.017614207406291438,0.400749050948673,0.9899501350752165,7.935185185185186,2.141832990611262,-0.20000000000000004,
t2,rolling,2026-02-12,2026-02-12 18:00:00,2026-02-13,2026-02-13 17:00:00,2026-02-13 23:00:00,1,23.0,24.0,0.5841164982011242,0.0889806693615493,0.5432992109334882,0.9850184044299575,9.12962962962963,2.250057155195417,-0.09999999999999994,
t2,rolling,2026-02-12,2026-02-12 18:00:00,2026-02-13,2026-02-13 18:00:00,2026-02-14 00:00:00,2,24.0,48.0,0.6576462983092822,0.14866261295492894,0.6328483997178916,0.9794586258168305,9.0,2.1061711208074856,0.6,
t2,rolling,2026-02-12,2026-02-12 18:00:00,2026-02-13,2026-02-13 19:00:00,2026-02-14 01:00:00,2,25.0,48.0,0.6834209425682204,0.23408036083420447,0.6896848407566111,0.9733501171877827,9.972222222222223,1.5774745405000763,0.6,
t2,rolling,2026-02-12,2026-02-12 18:00:00,2026-02-13,2026-02-13 20:00:00,2026-02-14 02:00:00,2,26.0,48.0,0.7444189941508539,0.36446324481690734,0.7712676595233886,0.9598502205579882,10.703703703703704,1.1667768907367013,0.5333333333333333,
t2,rolling,2026-02-12,2026-02-12 18:00:00,2026-02-13,2026-02-13 21:00:00,2026-02-14 03:00:00,2,27.0,48.0,0.7034775314581337,0.36464662083731275,0.7599368464292799,0.9621833240752403,10.898148148148147,1.3071306495448052,0.4000000000000001,
t2,rolling,2026-02-12,2026-02-12 18:00:00,2026-02-13,2026-02-13 22:00:00,2026-02-14 04:00:00,2,28.0,48.0,0.7219438083791578,0.3430836724067589,0.7434913110900895,0.9578945859464194,11.037037037037038,1.1133080133145048,0.43333333333333335,
t2,rolling,2026-02-12,2026-02-12 18:00:00,2026-02-13,2026-02-13 23:00:00,2026-02-14 05:00:00,2,29.0,48.0,0.6330814182512037,0.24680370315978128,0.6965679761026045,0.962485186575114,10.583333333333334,1.4356032843802833,0.3666666666666667,
t2,rolling,2026-02-12,2026-02-12 18:00:00,2026-02-13,2026-02-14 00:00:00,2026-02-14 06:00:00,2,30.0,48.0,0.5708747808054083,0.20482835820664924,0.6270206435894254,0.9674971271601729,9.916666666666666,1.0610238474880151,0.3333333333333333,
t2,rolling,2026-02-12,2026-02-12 18:00:00,2026-02-13,2026-02-14 01:00:00,2026-02-14 07:00:00,2,31.0,48.0,0.38713321580813354,0.04010858495460812,0.3674075468988244,0.9238621384742118,9.074074074074074,2.105316120462243,0.39999999999999997,
t2,rolling,2026-02-12,2026-02-12 18:00:00,2026-02-13,2026-02-14 02:00:00,2026-02-14 08:00:00,2,32.0,48.0,0.14401367112495397,0.0,0.1273939266020801,0.7582275366417195,7.648148148148148,3.126244608119179,0.26666666666666666,
t2,rolling,2026-02-12,2026-02-12 18:00:00,2026-02-13,2026-02-14 03:00:00,2026-02-14 09:00:00,2,33.0,48.0,0.13979073683954757,0.0,0.11982947016904313,0.7106723399010412,6.796296296296298,3.9661310458998997,0.8666666666666666,
t2,rolling,2026-02-12,2026-02-12 18:00:00,2026-02-13,2026-02-14 04:00:00,2026-02-14 10:00:00,2,34.0,48.0,0.18798014809109248,0.0,0.1528720350968288,0.7483080600932838,6.6759259259259265,4.518338262949801,2.0,
t2,rolling,2026-02-12,2026-02-12 18:00:00,2026-02-13,2026-02-14 05:00:00,2026-02-14 11:00:00,2,35.0,48.0,0.19034808353915836,0.0,0.1730654397893067,0.768402502348901,6.851851851851852,4.347229617790419,3.233333333333333,
t2,rolling,2026-02-12,2026-02-12 18:00:00,2026-02-13,2026-02-14 06:00:00,2026-02-14 12:00:00,2,36.0,48.0,0.203656753630334,0.0,0.16652679149209407,0.9131734221201093,7.4259259259259265,4.446382679217023,4.066666666666667,
t2,rolling,2026-02-12,2026-02-12 18:00:00,2026-02-13,2026-02-14 07:00:00,2026-02-14 13:00:00,2,37.0,48.0,0.19571064775268718,0.0,0.13964906524826426,0.9051322614808401,6.4907407407407405,5.193800712736426,5.066666666666666,
t2,rolling,2026-02-12,2026-02-12 18:00:00,2026-02-13,2026-02-14 08:00:00,2026-02-14 14:00:00,2,38.0,48.0,0.17222342814645372,0.0,0.1196167461929982,0.8256086439416669,6.898148148148148,4.003888285052039,5.5,
t2,rolling,2026-02-12,2026-02-12 18:00:00,2026-02-13,2026-02-14 09:00:00,2026-02-14 15:00:00,2,39.0,48.0,0.16636622102763463,0.0,0.09946501657722301,0.6532173231861358,6.5092592592592595,2.2500571551954165,5.366666666666667,
t2,rolling,2026-02-12,2026-02-12 18:00:00,2026-02-13,2026-02-14 10:00:00,2026-02-14 16:00:00,2,40.0,48.0,0.1302120211659337,0.0,0.1179432528281831,0.6922564602501082,5.388888888888889,4.516430908156146,5.066666666666666,
t2,rolling,2026-02-12,2026-02-12 18:00:00,2026-02-13,2026-02-14 11:00:00,2026-02-14 17:00:00,2,41.0,48.0,0.2324340563578252,0.0,0.1813559272659999,0.7322365565497938,6.981481481481482,1.2745530968570193,3.966666666666667,
t2,rolling,2026-02-12,2026-02-12 18:00:00,2026-02-13,2026-02-14 12:00:00,2026-02-14 18:00:00,2,42.0,48.0,0.2874964941448203,0.0,0.23489941797872585,0.8407643739281151,7.472222222222222,2.213350345762374,2.0,
t2,rolling,2026-02-12,2026-02-12 18:00:00,2026-02-13,2026-02-14 13:00:00,2026-02-14 19:00:00,2,43.0,48.0,0.23537507458587312,0.0,0.13591726841202093,0.8266722658831459,6.907407407407408,2.342135074631464,1.3333333333333333,
t2,rolling,2026-02-12,2026-02-12 18:00:00,2026-02-13,2026-02-14 14:00:00,2026-02-14 20:00:00,2,44.0,48.0,0.16259067413650977,0.0,0.07975636858369581,0.6682640163334849,5.648148148148149,2.3401575691734244,0.9666666666666667,
t2,rolling,2026-02-12,2026-02-12 18:00:00,2026-02-13,2026-02-14 15:00:00,2026-02-14 21:00:00,2,45.0,48.0,0.0730901888519655,0.0,0.03214173152054369,0.32857600593021885,3.5740740740740744,2.7444294496516446,0.9333333333333332,
t2,rolling,2026-02-12,2026-02-12 18:00:00,2026-02-13,2026-02-14 16:00:00,2026-02-14 22:00:00,2,46.0,48.0,0.045879424282533075,0.0,0.006519743447118066,0.31148368027749646,4.657407407407407,2.417198749428496,0.7333333333333334,
t2,rolling,2026-02-12,2026-02-12 18:00:00,2026-02-13,2026-02-14 17:00:00,2026-02-14 23:00:00,2,47.0,48.0,0.030557577610371665,0.0,0.0,0.2528326132556107,3.8981481481481484,2.1293679388330338,0.7666666666666666,
t2,rolling,2026-02-13,2026-02-13 18:00:00,2026-02-14,2026-02-13 18:00:00,2026-02-14 00:00:00,1,0.0,24.0,0.7043972643011925,0.3586523692067103,0.7625365236912355,0.9394522543650244,10.046296296296296,2.6049474138275013,-0.3,
t2,rolling,2026-02-13,2026-02-13 18:00:00,2026-02-14,2026-02-13 19:00:00,2026-02-14 01:00:00,1,1.0,24.0,0.6899887769997363,0.29269452172482935,0.7528928664772507,0.9447607338037383,11.018518518518519,2.81150816987972,-0.1666666666666667,
t2,rolling,2026-02-13,2026-02-13 18:00:00,2026-02-14,2026-02-13 20:00:00,2026-02-14 02:00:00,1,2.0,24.0,0.7619386256385611,0.32489722978322044,0.8250359287236166,0.927275545627642,11.388888888888891,2.8667689473570874,-0.16666666666666666,
t2,rolling,2026-02-13,2026-02-13 18:00:00,2026-02-14,2026-02-13 21:00:00,2026-02-14 03:00:00,1,3.0,24.0,0.7198017684394366,0.3388913247063137,0.799478423529962,0.9307888316239897,10.953703703703704,2.4043962650064477,-0.16666666666666666,
t2,rolling,2026-02-13,2026-02-13 18:00:00,2026-02-14,2026-02-13 22:00:00,2026-02-14 04:00:00,1,4.0,24.0,0.707423118240465,0.35267803040708484,0.7881079939768709,0.9269773374862142,10.953703703703704,1.4445334730398287,-0.03333333333333335,
t2,rolling,2026-02-13,2026-02-13 18:00:00,2026-02-14,2026-02-13 23:00:00,2026-02-14 05:00:00,1,5.0,24.0,0.6245098142618637,0.19405548143336093,0.6733671795492691,0.9271834293553503,10.564814814814815,1.2305064366085123,0.033333333333333354,
t2,rolling,2026-02-13,2026-02-13 18:00:00,2026-02-14,2026-02-14 00:00:00,2026-02-14 06:00:00,1,6.0,24.0,0.3596338488723241,0.0,0.34140208505404057,0.8254265560156522,8.64814814814815,3.121304399167659,1.850371707708594e-17,
t2,rolling,2026-02-13,2026-02-13 18:00:00,2026-02-14,2026-02-14 01:00:00,2026-02-14 07:00:00,1,7.0,24.0,0.29791297666868133,0.0,0.23399667918602005,0.7430139064144131,8.055555555555555,2.622169255585587,-0.16666666666666666,
t2,rolling,2026-02-13,2026-02-13 18:00:00,2026-02-14,2026-02-14 02:00:00,2026-02-14 08:00:00,1,8.0,24.0,0.14976310393295253,0.0,0.10940212817905856,0.6934657267885208,7.50925925925926,1.848074851957089,-0.19999999999999998,
t2,rolling,2026-02-13,2026-02-13 18:00:00,2026-02-14,2026-02-14 03:00:00,2026-02-14 09:00:00,1,9.0,24.0,0.1361458101690233,0.0,0.07350814478608192,0.6195092941567946,7.018518518518519,1.865528202212721,0.6333333333333334,
t2,rolling,2026-02-13,2026-02-13 18:00:00,2026-02-14,2026-02-14 04:00:00,2026-02-14 10:00:00,1,10.0,24.0,0.08300976100994423,0.0,0.0023207582351319617,0.5501932958198071,6.0555555555555545,2.597333628032533,1.866666666666667,
t2,rolling,2026-02-13,2026-02-13 18:00:00,2026-02-14,2026-02-14 05:00:00,2026-02-14 11:00:00,1,11.0,24.0,0.09979078013679205,0.0,0.01026886745448935,0.5325631206871588,5.046296296296296,4.131549545399467,2.766666666666667,
t2,rolling,2026-02-13,2026-02-13 18:00:00,2026-02-14,2026-02-14 06:00:00,2026-02-14 12:00:00,1,12.0,24.0,0.11014200813986069,0.0,0.01450009115062409,0.6143775695208734,6.120370370370371,3.266025699273164,2.7000000000000006,
t2,rolling,2026-02-13,2026-02-13 18:00:00,2026-02-14,2026-02-14 07:00:00,2026-02-14 13:00:00,1,13.0,24.0,0.03608739668649137,0.0,0.0,0.3606722160647337,4.666666666666667,4.121233783860675,3.3666666666666667,
t2,rolling,2026-02-13,2026-02-13 18:00:00,2026-02-14,2026-02-14 08:00:00,2026-02-14 14:00:00,1,14.0,24.0,0.004899566541710129,0.0,0.0,0.20783473594668053,3.7870370370370368,2.987155286860549,4.033333333333334,
t2,rolling,2026-02-13,2026-02-13 18:00:00,2026-02-14,2026-02-14 09:00:00,2026-02-14 15:00:00,1,15.0,24.0,0.011479529245131154,0.0,0.0,0.25407046019297425,3.564814814814815,1.492091635443236,4.233333333333333,
t2,rolling,2026-02-13,2026-02-13 18:00:00,2026-02-14,2026-02-14 10:00:00,2026-02-14 16:00:00,1,16.0,24.0,0.0,0.0,0.0,0.17543945545402495,3.490740740740741,1.8098950700549064,3.8000000000000003,
t2,rolling,2026-02-13,2026-02-13 18:00:00,2026-02-14,2026-02-14 11:00:00,2026-02-14 17:00:00,1,17.0,24.0,0.0,0.0,0.0,0.20592102633033735,2.703703703703704,1.2488678000064715,3.0,
t2,rolling,2026-02-13,2026-02-13 18:00:00,2026-02-14,2026-02-14 12:00:00,2026-02-14 18:00:00,1,18.0,24.0,0.0,0.0,0.0,0.14161448411064353,3.2222222222222228,1.1399046960379553,1.9666666666666666,
t2,rolling,2026-02-13,2026-02-13 18:00:00,2026-02-14,2026-02-14 13:00:00,2026-02-14 19:00:00,1,19.0,24.0,0.0,0.0,0.0,0.1292586066547553,2.759259259259259,0.31590226128207377,0.8000000000000002,
t2,rolling,2026-02-13,2026-02-13 18:00:00,2026-02-14,2026-02-14 14:00:00,2026-02-14 20:00:00,1,20.0,24.0,0.0,0.0,0.0,0.17490522119810423,2.425925925925926,1.348963174475321,0.2000000000000001,
t2,rolling,2026-02-13,2026-02-13 18:00:00,2026-02-14,2026-02-14 15:00:00,2026-02-14 21:00:00,1,21.0,24.0,0.0,0.0,0.0,0.16533988461083207,2.657407407407408,1.6699812719188416,-0.13333333333333341,
t2,rolling,2026-02-13,2026-02-13 18:00:00,2026-02-14,2026-02-14 16:00:00,2026-02-14 22:00:00,1,22.0,24.0,0.0009605261053178549,0.0,0.0,0.1867261602394739,2.7592592592592595,1.1403558754326408,-0.26666666666666666,
t2,rolling,2026-02-13,2026-02-13 18:00:00,2026-02-14,2026-02-14 17:00:00,2026-02-14 23:00:00,1,23.0,24.0,0.0,0.0,0.0,0.17560246955841646,2.8240740740740744,0.7639309752716038,-0.2666666666666667,
t2,rolling,2026-02-13,2026-02-13 18:00:00,2026-02-14,2026-02-14 18:00:00,2026-02-15 00:00:00,2,24.0,48.0,0.0,0.0,0.0,0.19586277241996955,3.7777777777777786,1.3768926368215255,0.7000000000000001,
t2,rolling,2026-02-13,2026-02-13 18:00:00,2026-02-14,2026-02-14 19:00:00,2026-02-15 01:00:00,2,25.0,48.0,0.0,0.0,0.0,0.12132756830971413,2.7870370370370368,1.2681805443248666,0.6,
t2,rolling,2026-02-13,2026-02-13 18:00:00,2026-02-14,2026-02-14 20:00:00,2026-02-15 02:00:00,2,26.0,48.0,0.0,0.0,0.0,0.11773912974389307,1.777777777777778,0.9887484294754272,0.2666666666666666,
t2,rolling,2026-02-13,2026-02-13 18:00:00,2026-02-14,2026-02-14 21:00:00,2026-02-15 03:00:00,2,27.0,48.0,0.0,0.0,0.0,0.12555445439101764,1.3888888888888886,0.8347210667398177,-0.16666666666666666,
t2,rolling,2026-02-13,2026-02-13 18:00:00,2026-02-14,2026-02-14 22:00:00,2026-02-15 04:00:00,2,28.0,48.0,0.0,0.0,0.0,0.15961156404296414,1.5277777777777777,0.43390275977259185,-0.4666666666666666,
t2,rolling,2026-02-13,2026-02-13 18:00:00,2026-02-14,2026-02-14 23:00:00,2026-02-15 05:00:00,2,29.0,48.0,0.005243777770476674,0.0,0.0,0.2371195767401235,2.111111111111111,1.7012613330869513,-0.5666666666666667,
t2,rolling,2026-02-13,2026-02-13 18:00:00,2026-02-14,2026-02-15 00:00:00,2026-02-15 06:00:00,2,30.0,48.0,0.11983463015679052,0.0,0.041526914550550645,0.39145984076411533,3.5833333333333335,1.8316490579816154,0.13333333333333336,
t2,rolling,2026-02-13,2026-02-13 18:00:00,2026-02-14,2026-02-15 01:00:00,2026-02-15 07:00:00,2,31.0,48.0,0.20652092932133184,0.0,0.15152241221349694,0.7073772135251989,4.740740740740741,2.138046972348147,0.1666666666666667,
t2,rolling,2026-02-13,2026-02-13 18:00:00,2026-02-14,2026-02-15 02:00:00,2026-02-15 08:00:00,2,32.0,48.0,0.28797237032692913,0.0,0.25946882200465393,0.7923511589973778,6.435185185185186,1.9183433353452075,0.7000000000000001,
t2,rolling,2026-02-13,2026-02-13 18:00:00,2026-02-14,2026-02-15 03:00:00,2026-02-15 09:00:00,2,33.0,48.0,0.4521804303496042,0.0,0.373650359188769,0.9838454739648957,7.814814814814814,1.940935988199524,1.4000000000000001,
t2,rolling,2026-02-13,2026-02-13 18:00:00,2026-02-14,2026-02-15 04:00:00,2026-02-15 10:00:00,2,34.0,48.0,0.6499656289470721,0.022986266471131,0.5866998845338114,0.9871525532043876,9.12037037037037,2.110075281944521,2.466666666666667,
t2,rolling,2026-02-13,2026-02-13 18:00:00,2026-02-14,2026-02-15 05:00:00,2026-02-15 11:00:00,2,35.0,48.0,0.7297564849551393,0.19684194175320624,0.7609340931059239,0.9431224997598096,10.453703703703704,1.8852770478964367,3.533333333333333,
t2,rolling,2026-02-13,2026-02-13 18:00:00,2026-02-14,2026-02-15 06:00:00,2026-02-15 12:00:00,2,36.0,48.0,0.7795809626962712,0.41899261461798193,0.8230534923641393,0.9289476928724503,11.342592592592593,1.2239045660635777,3.9666666666666663,
t2,rolling,2026-02-13,2026-02-13 18:00:00,2026-02-14,2026-02-15 07:00:00,2026-02-15 13:00:00,2,37.0,48.0,0.8074946176343587,0.465839280984327,0.8645109616476404,0.9145975543577318,11.620370370370372,1.3923105998965744,4.933333333333333,
t2,rolling,2026-02-13,2026-02-13 18:00:00,2026-02-14,2026-02-15 08:00:00,2026-02-15 14:00:00,2,38.0,48.0,0.8094221574883405,0.4686820945569162,0.8770437774570755,0.9108062916752269,11.777777777777777,1.2363451713482165,5.733333333333333,
t2,rolling,2026-02-13,2026-02-13 18:00:00,2026-02-14,2026-02-15 09:00:00,2026-02-15 15:00:00,2,39.0,48.0,0.8271685952298854,0.5632576495319725,0.8819403207475887,0.9074505548697208,11.712962962962962,1.2074017268668917,6.266666666666667,
t2,rolling,2026-02-13,2026-02-13 18:00:00,2026-02-14,2026-02-15 10:00:00,2026-02-15 16:00:00,2,40.0,48.0,0.8367123201921048,0.5657150265302981,0.8848930097915925,0.9053336564187776,11.462962962962964,1.0607814108694067,6.333333333333333,
t2,rolling,2026-02-13,2026-02-13 18:00:00,2026-02-14,2026-02-15 11:00:00,2026-02-15 17:00:00,2,41.0,48.0,0.7965014430672068,0.5388443977456017,0.8240214888697167,0.9215664113274079,11.268518518518519,0.9531192024042804,5.900000000000001,
t2,rolling,2026-02-13,2026-02-13 18:00:00,2026-02-14,2026-02-15 12:00:00,2026-02-15 18:00:00,2,42.0,48.0,0.7892128227947206,0.46952858309164053,0.8159593994778207,0.9239911737951187,11.907407407407407,0.7858378663969912,5.0,
t2,rolling,2026-02-13,2026-02-13 18:00:00,2026-02-14,2026-02-15 13:00:00,2026-02-15 19:00:00,2,43.0,48.0,0.7931063030776506,0.4832478571854667,0.8142525489884139,0.9265122155219323,12.064814814814815,0.9429454334875265,4.066666666666666,
t2,rolling,2026-02-13,2026-02-13 18:00:00,2026-02-14,2026-02-15 14:00:00,2026-02-15 20:00:00,2,44.0,48.0,0.8072973962681307,0.5086073211898537,0.8374266727141433,0.92091004680137,12.222222222222223,1.0289032876362294,3.5,
t2,rolling,2026-02-13,2026-02-13 18:00:00,2026-02-14,2026-02-15 15:00:00,2026-02-15 21:00:00,2,45.0,48.0,0.794559254916496,0.520522731713352,0.8270360614980574,0.924428617062936,12.25925925925926,1.0578678377471917,3.233333333333333,
t2,rolling,2026-02-13,2026-02-13 18:00:00,2026-02-14,2026-02-15 16:00:00,2026-02-15 22:00:00,2,46.0,48.0,0.7917250670301524,0.5070361422920553,0.8241972681665202,0.9250784498052886,12.046296296296296,1.1608098138232263,2.966666666666667,
t2,rolling,2026-02-13,2026-02-13 18:00:00,2026-02-14,2026-02-15 17:00:00,2026-02-15 23:00:00,2,47.0,48.0,0.7812742356346347,0.49245127601164834,0.8240867571340822,0.9251888181246928,11.842592592592593,1.4170297283503988,2.9,
t2,rolling,2026-02-14,2026-02-14 18:00:00,2026-02-15,2026-02-14 18:00:00,2026-02-15 00:00:00,1,0.0,24.0,0.06372292185260822,0.006513964345579536,0.021919090051296105,0.20919892231823609,4.0,1.7574796066814644,-0.43333333333333335,
t2,rolling,2026-02-14,2026-02-14 18:00:00,2026-02-15,2026-02-14 19:00:00,2026-02-15 01:00:00,1,1.0,24.0,0.04627521125360897,0.0066907973505360655,0.01894406744060044,0.17002473675066304,3.111111111111111,1.5232255412061328,-0.6666666666666666,
t2,rolling,2026-02-14,2026-02-14 18:00:00,2026-02-15,2026-02-14 20:00:00,2026-02-15 02:00:00,1,2.0,24.0,0.045990009567476335,0.006974007037531302,0.016793362730523086,0.1621459882015409,2.2222222222222223,1.5398512835039109,-0.7000000000000001,
t2,rolling,2026-02-14,2026-02-14 18:00:00,2026-02-15,2026-02-14 21:00:00,2026-02-15 03:00:00,1,3.0,24.0,0.05077019464028893,0.004942644187991643,0.020755676417914624,0.18497004153705188,1.7962962962962965,1.5331555184068573,-0.7000000000000001,
t2,rolling,2026-02-14,2026-02-14 18:00:00,2026-02-15,2026-02-14 22:00:00,2026-02-15 04:00:00,1,4.0,24.0,0.047980147194981955,0.006276779443258853,0.018320794668886864,0.2104352646302077,2.75,2.6711478551734147,-0.6333333333333332,
t2,rolling,2026-02-14,2026-02-14 18:00:00,2026-02-15,2026-02-14 23:00:00,2026-02-15 05:00:00,1,5.0,24.0,0.09465824352659113,0.007616036515860174,0.045383388143822034,0.30980800215630483,2.972222222222222,2.9584311407931763,-1.1333333333333333,
t2,rolling,2026-02-14,2026-02-14 18:00:00,2026-02-15,2026-02-15 00:00:00,2026-02-15 06:00:00,1,6.0,24.0,0.16247057322207206,0.011880449982466748,0.1116026957001644,0.4382131093512722,4.37962962962963,2.200296930953216,-1.0999999999999999,
t2,rolling,2026-02-14,2026-02-14 18:00:00,2026-02-15,2026-02-15 01:00:00,2026-02-15 07:00:00,1,7.0,24.0,0.23514803595917685,0.03740882721828612,0.1915463137450785,0.6398387730851894,6.277777777777779,2.300865376653202,-1.2,
t2,rolling,2026-02-14,2026-02-14 18:00:00,2026-02-15,2026-02-15 02:00:00,2026-02-15 08:00:00,1,8.0,24.0,0.35792550018061464,0.09458358885733545,0.33468112199647143,0.8120365123110798,7.712962962962965,1.7612805152780016,-0.6999999999999998,
t2,rolling,2026-02-14,2026-02-14 18:00:00,2026-02-15,2026-02-15 03:00:00,2026-02-15 09:00:00,1,9.0,24.0,0.5796146980379325,0.22312518036366707,0.5221298914573624,0.9573189618004303,8.675925925925926,1.4257154726850296,0.5,
t2,rolling,2026-02-14,2026-02-14 18:00:00,2026-02-15,2026-02-15 04:00:00,2026-02-15 10:00:00,1,10.0,24.0,0.7957181833143943,0.34259505313549093,0.7807559160980603,0.9752837460149866,10.046296296296296,1.4181183557030392,1.8666666666666665,
t2,rolling,2026-02-14,2026-02-14 18:00:00,2026-02-15,2026-02-15 05:00:00,2026-02-15 11:00:00,1,11.0,24.0,0.8843207474893585,0.5583566896138215,0.9367285679724502,0.9774519912524905,11.018518518518519,1.2745530968570196,3.033333333333333,
t2,rolling,2026-02-14,2026-02-14 18:00:00,2026-02-15,2026-02-15 06:00:00,2026-02-15 12:00:00,1,12.0,24.0,0.8777095605644433,0.6182030181357003,0.9409972277860242,0.976902249244376,12.444444444444445,0.8678055195451834,4.033333333333333,
t2,rolling,2026-02-14,2026-02-14 18:00:00,2026-02-15,2026-02-15 07:00:00,2026-02-15 13:00:00,1,13.0,24.0,0.8858871587970881,0.6198725734800319,0.9497553887868712,0.9763127316060066,12.333333333333336,0.9145598685085746,5.166666666666667,
t2,rolling,2026-02-14,2026-02-14 18:00:00,2026-02-15,2026-02-15 08:00:00,2026-02-15 14:00:00,1,14.0,24.0,0.907582420217541,0.7028718497612656,0.9537775449077764,0.9742804305521737,12.00925925925926,1.0070482066589355,5.933333333333333,
t2,rolling,2026-02-14,2026-02-14 18:00:00,2026-02-15,2026-02-15 09:00:00,2026-02-15 15:00:00,1,15.0,24.0,0.9107491618166804,0.7168445920435196,0.9556568636356698,0.9736749094655096,11.787037037037038,1.0873619301217925,6.366666666666667,
t2,rolling,2026-02-14,2026-02-14 18:00:00,2026-02-15,2026-02-15 10:00:00,2026-02-15 16:00:00,1,16.0,24.0,0.9084286851473693,0.6841874651740008,0.9391086995065282,0.9736723193283157,11.620370370370372,1.144408485591139,6.3,
t2,rolling,2026-02-14,2026-02-14 18:00:00,2026-02-15,2026-02-15 11:00:00,2026-02-15 17:00:00,1,17.0,24.0,0.8555092871945914,0.617801496898077,0.8922708809323193,0.9741854034083199,11.555555555555557,1.1152699944380402,5.733333333333333,
t2,rolling,2026-02-14,2026-02-14 18:00:00,2026-02-15,2026-02-15 12:00:00,2026-02-15 18:00:00,1,18.0,24.0,0.8917274784397236,0.633510080733769,0.9156646750273114,0.9746618380742782,11.527777777777779,1.055189995179032,4.666666666666667,
t2,rolling,2026-02-14,2026-02-14 18:00:00,2026-02-15,2026-02-15 13:00:00,2026-02-15 19:00:00,1,19.0,24.0,0.8913886483160687,0.62026485432106,0.9096055075567832,0.9760761994072985,11.694444444444445,1.114231728896199,3.9000000000000004,
t2,rolling,2026-02-14,2026-02-14 18:00:00,2026-02-15,2026-02-15 14:00:00,2026-02-15 20:00:00,1,20.0,24.0,0.8532233553437699,0.6069577314042298,0.8666791196272825,0.9758122949756209,11.75,0.9145598685085741,3.5333333333333337,
t2,rolling,2026-02-14,2026-02-14 18:00:00,2026-02-15,2026-02-15 15:00:00,2026-02-15 21:00:00,1,21.0,24.0,0.8364328729700671,0.5939720829888364,0.8635909355529356,0.9758374685674458,11.75925925925926,0.8037975708966926,3.266666666666667,
t2,rolling,2026-02-14,2026-02-14 18:00:00,2026-02-15,2026-02-15 16:00:00,2026-02-15 22:00:00,1,22.0,24.0,0.7884765647611482,0.5085124016025895,0.8074976161638501,0.976085808468817,11.351851851851853,0.7138042174891871,3.1,
t2,rolling,2026-02-14,2026-02-14 18:00:00,2026-02-15,2026-02-15 17:00:00,2026-02-15 23:00:00,1,23.0,24.0,0.7390018738421524,0.4525841541312288,0.7785603058015605,0.9766571747968564,10.842592592592593,1.054946217886838,3.0,
t2,rolling,2026-02-14,2026-02-14 18:00:00,2026-02-15,2026-02-15 18:00:00,2026-02-16 00:00:00,2,24.0,48.0,0.8271749805421723,0.5813145043495459,0.842044708818022,0.9767833234013041,11.074074074074076,0.7094671390552045,2.5,
t2,rolling,2026-02-14,2026-02-14 18:00:00,2026-02-15,2026-02-15 19:00:00,2026-02-16 01:00:00,2,25.0,48.0,0.8256373029504497,0.5560076076097324,0.826433929369416,0.9756064842490224,10.981481481481481,0.8246460769708266,2.433333333333333,
t2,rolling,2026-02-14,2026-02-14 18:00:00,2026-02-15,2026-02-15 20:00:00,2026-02-16 02:00:00,2,26.0,48.0,0.782905543156913,0.5568102359894282,0.796634870707944,0.9749122982632474,10.870370370370372,0.7877991952372517,2.3333333333333335,
t2,rolling,2026-02-14,2026-02-14 18:00:00,2026-02-15,2026-02-15 21:00:00,2026-02-16 03:00:00,2,27.0,48.0,0.7329435410981144,0.44681955395972334,0.7669098938988916,0.9746716648688182,10.75,0.9477067838462213,2.2333333333333334,
t2,rolling,2026-02-14,2026-02-14 18:00:00,2026-02-15,2026-02-15 22:00:00,2026-02-16 04:00:00,2,28.0,48.0,0.7074236154283234,0.43861071467221285,0.7309711723983136,0.9759671838093411,10.5,1.5585289043450603,2.1333333333333333,
t2,rolling,2026-02-14,2026-02-14 18:00:00,2026-02-15,2026-02-15 23:00:00,2026-02-16 05:00:00,2,29.0,48.0,0.6526961133213319,0.3200171781678682,0.6608141149042492,0.971832843539941,9.611111111111112,2.6011927463576594,2.2,
t2,rolling,2026-02-14,2026-02-14 18:00:00,2026-02-15,2026-02-16 00:00:00,2026-02-16 06:00:00,2,30.0,48.0,0.6346185490052404,0.35966185701031395,0.6848302927242284,0.9745000495196268,10.63888888888889,1.688057178248722,2.3666666666666667,
t2,rolling,2026-02-14,2026-02-14 18:00:00,2026-02-15,2026-02-16 01:00:00,2026-02-16 07:00:00,2,31.0,48.0,0.6130118827514182,0.35754173626132596,0.6092596452891368,0.9763818251487778,9.833333333333334,2.3966282900136666,2.266666666666667,
t2,rolling,2026-02-14,2026-02-14 18:00:00,2026-02-15,2026-02-16 02:00:00,2026-02-16 08:00:00,2,32.0,48.0,0.6267763526591836,0.3646613906340094,0.6150145684194109,0.9744770600966322,9.888888888888888,2.2858934012712204,2.4,
t2,rolling,2026-02-14,2026-02-14 18:00:00,2026-02-15,2026-02-16 03:00:00,2026-02-16 09:00:00,2,33.0,48.0,0.6236745648686177,0.3545611963147024,0.5939588102247845,0.9615544997060289,9.925925925925926,2.6135233144600676,2.766666666666667,
t2,rolling,2026-02-14,2026-02-14 18:00:00,2026-02-15,2026-02-16 04:00:00,2026-02-16 10:00:00,2,34.0,48.0,0.7927138089326177,0.4651238303030766,0.7663778245320317,0.976362147673073,10.212962962962962,0.8683980805698787,3.366666666666667,
t2,rolling,2026-02-14,2026-02-14 18:00:00,2026-02-15,2026-02-16 05:00:00,2026-02-16 11:00:00,2,35.0,48.0,0.7819836236442925,0.4458529104619397,0.7473921789347514,0.9761616284983662,10.175925925925926,1.4224645337561987,3.9,
t2,rolling,2026-02-14,2026-02-14 18:00:00,2026-02-15,2026-02-16 06:00:00,2026-02-16 12:00:00,2,36.0,48.0,0.7274633426310744,0.40714344258727253,0.7480772707425639,0.9725270009609027,9.5,0.4589642122738425,4.466666666666666,
t2,rolling,2026-02-14,2026-02-14 18:00:00,2026-02-15,2026-02-16 07:00:00,2026-02-16 13:00:00,2,37.0,48.0,0.6890395567141249,0.33899805796797555,0.6886872522562062,0.9525442785828043,9.111111111111112,0.30555555555555536,5.400000000000001,
t2,rolling,2026-02-14,2026-02-14 18:00:00,2026-02-15,2026-02-16 08:00:00,2026-02-16 14:00:00,2,38.0,48.0,0.681306374668687,0.33989935632170254,0.6840881925484675,0.964394297145277,8.842592592592593,0.6587102374752745,6.733333333333333,
t2,rolling,2026-02-14,2026-02-14 18:00:00,2026-02-15,2026-02-16 09:00:00,2026-02-16 15:00:00,2,39.0,48.0,0.6998011418900595,0.33553048470388847,0.6597087589490243,0.9687935414259987,9.092592592592593,1.4835344571652895,7.566666666666666,
t2,rolling,2026-02-14,2026-02-14 18:00:00,2026-02-15,2026-02-16 10:00:00,2026-02-16 16:00:00,2,40.0,48.0,0.7472666499097237,0.45491317447224694,0.7633862909187511,0.9782932631002157,9.675925925925926,1.532148629822941,7.5,
t2,rolling,2026-02-14,2026-02-14 18:00:00,2026-02-15,2026-02-16 11:00:00,2026-02-16 17:00:00,2,41.0,48.0,0.8336451255066236,0.5029477951594872,0.8650461661751312,0.9767304943967069,10.574074074074074,1.762375407848537,6.8,
t2,rolling,2026-02-14,2026-02-14 18:00:00,2026-02-15,2026-02-16 12:00:00,2026-02-16 18:00:00,2,42.0,48.0,0.8349722479267123,0.5356017977764247,0.8656528795511599,0.9774909801882935,11.314814814814815,1.298840096666183,5.333333333333333,
t2,rolling,2026-02-14,2026-02-14 18:00:00,2026-02-15,2026-02-16 13:00:00,2026-02-16 19:00:00,2,43.0,48.0,0.8306047159447267,0.5603384789482628,0.8558017041377818,0.97843985158824,12.027777777777779,2.245881003410795,4.366666666666666,
t2,rolling,2026-02-14,2026-02-14 18:00:00,2026-02-15,2026-02-16 14:00:00,2026-02-16 20:00:00,2,44.0,48.0,0.796153990082908,0.5473734245283276,0.8225121343094661,0.9804670461687993,11.953703703703704,2.788359474614201,3.9333333333333336,
t2,rolling,2026-02-14,2026-02-14 18:00:00,2026-02-15,2026-02-16 15:00:00,2026-02-16 21:00:00,2,45.0,48.0,0.7909353645207926,0.544773322529835,0.8389080034214547,0.9782804567226219,11.75,2.677207177564886,3.6999999999999997,
t2,rolling,2026-02-14,2026-02-14 18:00:00,2026-02-15,2026-02-16 16:00:00,2026-02-16 22:00:00,2,46.0,48.0,0.7877391772020444,0.5827904055253295,0.8387844188077718,0.9769147408637563,11.722222222222221,2.5087808755412415,3.266666666666667,
t2,rolling,2026-02-14,2026-02-14 18:00:00,2026-02-15,2026-02-16 17:00:00,2026-02-16 23:00:00,2,47.0,48.0,0.8048882540590914,0.5785847926878307,0.8467334823892411,0.9763816847354144,11.75,2.0632364005233246,3.4666666666666663,
t2,rolling,2026-02-15,2026-02-15 18:00:00,2026-02-16,2026-02-15 18:00:00,2026-02-16 00:00:00,1,0.0,24.0,0.620310006593031,0.3645983665562556,0.6094665078133579,0.9547513237023586,10.027777777777779,1.959662669384141,2.733333333333333,
t2,rolling,2026-02-15,2026-02-15 18:00:00,2026-02-16,2026-02-15 19:00:00,2026-02-16 01:00:00,1,1.0,24.0,0.5702523605557205,0.2955868432550904,0.5733961096788233,0.9670109848386969,9.435185185185185,2.839091824304257,2.8000000000000003,
t2,rolling,2026-02-15,2026-02-15 18:00:00,2026-02-16,2026-02-15 20:00:00,2026-02-16 02:00:00,1,2.0,24.0,0.6063957322083438,0.3098460402267214,0.6116907104228853,0.9752398061905205,9.898148148148147,2.9218648563345857,2.766666666666667,
t2,rolling,2026-02-15,2026-02-15 18:00:00,2026-02-16,2026-02-15 21:00:00,2026-02-16 03:00:00,1,3.0,24.0,0.6336963968035897,0.345974695887704,0.6713995826615703,0.9765972896814397,10.277777777777777,3.0373193184081426,2.8000000000000003,
t2,rolling,2026-02-15,2026-02-15 18:00:00,2026-02-16,2026-02-15 22:00:00,2026-02-16 04:00:00,1,4.0,24.0,0.6600984955288255,0.37321899243077516,0.6659492924353153,0.9770890205282717,10.064814814814815,2.7522904789753633,2.6999999999999997,
t2,rolling,2026-02-15,2026-02-15 18:00:00,2026-02-16,2026-02-15 23:00:00,2026-02-16 05:00:00,1,5.0,24.0,0.7896384896657117,0.4409719008118346,0.8090042504555109,0.9819296598208092,10.055555555555557,2.245881003410795,2.733333333333334,
t2,rolling,2026-02-15,2026-02-15 18:00:00,2026-02-16,2026-02-16 00:00:00,2026-02-16 06:00:00,1,6.0,24.0,0.8095299125895848,0.4894163584998745,0.8200363761804432,0.9781156878719757,10.342592592592593,1.1818892248927972,2.766666666666667,
t2,rolling,2026-02-15,2026-02-15 18:00:00,2026-02-16,2026-02-16 01:00:00,2026-02-16 07:00:00,1,7.0,24.0,0.7790624256409442,0.47411309800156215,0.7979608629976035,0.9730149968673243,10.398148148148149,1.0184764301068174,2.966666666666667,
t2,rolling,2026-02-15,2026-02-15 18:00:00,2026-02-16,2026-02-16 02:00:00,2026-02-16 08:00:00,1,8.0,24.0,0.6758149968669086,0.4043697808475632,0.7217012543861566,0.9731974078594845,9.842592592592593,0.27404904790645884,2.9333333333333336,
t2,rolling,2026-02-15,2026-02-15 18:00:00,2026-02-16,2026-02-16 03:00:00,2026-02-16 09:00:00,1,9.0,24.0,0.6525206639172719,0.3620930877669828,0.6950042543369908,0.982386582101126,9.416666666666666,0.5357583756107198,3.4333333333333336,
t2,rolling,2026-02-15,2026-02-15 18:00:00,2026-02-16,2026-02-16 04:00:00,2026-02-16 10:00:00,1,10.0,24.0,0.6740040145777269,0.3778886744662285,0.7100511237248478,0.9779727109468636,9.333333333333334,0.6364688465216445,4.1,
t2,rolling,2026-02-15,2026-02-15 18:00:00,2026-02-16,2026-02-16 05:00:00,2026-02-16 11:00:00,1,11.0,24.0,0.7124007766655037,0.3917938518273013,0.7580107655713746,0.9770198069048928,9.583333333333334,0.712000312109794,4.933333333333334,
t2,rolling,2026-02-15,2026-02-15 18:00:00,2026-02-16,2026-02-16 06:00:00,2026-02-16 12:00:00,1,12.0,24.0,0.7859824777918933,0.4532023681296202,0.8399983242934075,0.9724603990163175,10.14814814814815,0.4781759753213093,5.966666666666666,
t2,rolling,2026-02-15,2026-02-15 18:00:00,2026-02-16,2026-02-16 07:00:00,2026-02-16 13:00:00,1,13.0,24.0,0.8049889456655079,0.514318410544902,0.8739925846757292,0.9756661286260561,9.888888888888888,0.5189317136741505,6.666666666666667,
t2,rolling,2026-02-15,2026-02-15 18:00:00,2026-02-16,2026-02-16 08:00:00,2026-02-16 14:00:00,1,14.0,24.0,0.811846399031555,0.48396106384413873,0.8440076468318752,0.9746224687484123,9.898148148148149,0.6408986103952665,7.333333333333333,
t2,rolling,2026-02-15,2026-02-15 18:00:00,2026-02-16,2026-02-16 09:00:00,2026-02-16 15:00:00,1,15.0,24.0,0.7843031722009602,0.4793902950756825,0.8336464832399405,0.9762552536943367,9.898148148148149,0.8855550908498238,7.733333333333334,
t2,rolling,2026-02-15,2026-02-15 18:00:00,2026-02-16,2026-02-16 10:00:00,2026-02-16 16:00:00,1,16.0,24.0,0.7632630492365492,0.4515852997251874,0.7929836133595651,0.978459427787779,9.851851851851853,0.9786822416091705,7.6000000000000005,
t2,rolling,2026-02-15,2026-02-15 18:00:00,2026-02-16,2026-02-16 11:00:00,2026-02-16 17:00:00,1,17.0,24.0,0.682699814410013,0.386115417391475,0.7313130849560252,0.9794567350030563,10.055555555555557,1.34829567772351,6.966666666666668,
t2,rolling,2026-02-15,2026-02-15 18:00:00,2026-02-16,2026-02-16 12:00:00,2026-02-16 18:00:00,1,18.0,24.0,0.6391990338068189,0.3661930960668296,0.7184923136272944,0.978475526828285,9.500000000000002,0.8036375634160796,6.099999999999999,
t2,rolling,2026-02-15,2026-02-15 18:00:00,2026-02-16,2026-02-16 13:00:00,2026-02-16 19:00:00,1,19.0,24.0,0.6336208425976104,0.3407048647141077,0.6823006324137197,0.9783799443393164,9.768518518518519,1.167438016613192,5.366666666666666,
t2,rolling,2026-02-15,2026-02-15 18:00:00,2026-02-16,2026-02-16 14:00:00,2026-02-16 20:00:00,1,20.0,24.0,0.6589982903943052,0.3534689431430392,0.7029738419546152,0.9782569786677404,10.148148148148147,1.886913455045375,4.9,
t2,rolling,2026-02-15,2026-02-15 18:00:00,2026-02-16,2026-02-16 15:00:00,2026-02-16 21:00:00,1,21.0,24.0,0.6710486061864288,0.3750878162400688,0.7154770889789711,0.9754004664102154,10.324074074074074,1.9660178883846813,4.6000000000000005,
t2,rolling,2026-02-15,2026-02-15 18:00:00,2026-02-16,2026-02-16 16:00:00,2026-02-16 22:00:00,1,22.0,24.0,0.6812231352984832,0.3640916179380182,0.7442361841000594,0.9756672432402519,10.185185185185185,1.9068454763776463,4.3,
t2,rolling,2026-02-15,2026-02-15 18:00:00,2026-02-16,2026-02-16 17:00:00,2026-02-16 23:00:00,1,23.0,24.0,0.6636975497130398,0.35760545113025216,0.7645056515795328,0.9742581204496207,10.435185185185185,2.1855186500113253,4.166666666666667,
t2,rolling,2026-02-15,2026-02-15 18:00:00,2026-02-16,2026-02-16 18:00:00,2026-02-17 00:00:00,2,24.0,48.0,0.7428711853954139,0.47434756543643697,0.7726311229116761,0.9762451929751227,11.250000000000002,1.7605502086100917,3.3000000000000003,
t2,rolling,2026-02-15,2026-02-15 18:00:00,2026-02-16,2026-02-16 19:00:00,2026-02-17 01:00:00,2,25.0,48.0,0.7431374003393006,0.4740423010660078,0.7755111296161874,0.97727683760316,11.49074074074074,1.6796561719492105,3.1999999999999997,
t2,rolling,2026-02-15,2026-02-15 18:00:00,2026-02-16,2026-02-16 20:00:00,2026-02-17 02:00:00,2,26.0,48.0,0.7364208616705642,0.47929370164389673,0.7742386907151109,0.9773455125380973,11.398148148148147,1.5865788698605774,3.033333333333333,
t2,rolling,2026-02-15,2026-02-15 18:00:00,2026-02-16,2026-02-16 21:00:00,2026-02-17 03:00:00,2,27.0,48.0,0.704431423791011,0.42147257569267144,0.728583637837243,0.9716521013166174,11.018518518518519,1.0279028952872535,3.266666666666667,
t2,rolling,2026-02-15,2026-02-15 18:00:00,2026-02-16,2026-02-16 22:00:00,2026-02-17 04:00:00,2,28.0,48.0,0.6758856806831277,0.3731436951324865,0.6775404382261448,0.966363964601358,10.972222222222221,1.2143051663552447,3.133333333333333,
t2,rolling,2026-02-15,2026-02-15 18:00:00,2026-02-16,2026-02-16 23:00:00,2026-02-17 05:00:00,2,29.0,48.0,0.5485070448790718,0.19708776556247132,0.5660212683494382,0.9281439682722059,10.314814814814815,1.0585969828109574,3.4333333333333336,
t2,rolling,2026-02-15,2026-02-15 18:00:00,2026-02-16,2026-02-17 00:00:00,2026-02-17 06:00:00,2,30.0,48.0,0.2784385721072573,0.045357063461571145,0.2523235310953643,0.6706566854034,7.203703703703705,2.7940265500062664,3.6,
t2,rolling,2026-02-15,2026-02-15 18:00:00,2026-02-16,2026-02-17 01:00:00,2026-02-17 07:00:00,2,31.0,48.0,0.20596578294316467,0.02136385407190014,0.1237462903610643,0.5896141593909773,6.314814814814814,2.5086783528761316,3.2000000000000006,
t2,rolling,2026-02-15,2026-02-15 18:00:00,2026-02-16,2026-02-17 02:00:00,2026-02-17 08:00:00,2,32.0,48.0,0.21691819477275168,0.02920318873355615,0.12419902991770544,0.5598959858681941,5.861111111111112,2.0485993408324767,2.8666666666666667,
t2,rolling,2026-02-15,2026-02-15 18:00:00,2026-02-16,2026-02-17 03:00:00,2026-02-17 09:00:00,2,33.0,48.0,0.16783450309913278,0.01908959792410593,0.1110439986568485,0.4952201368332888,5.638888888888888,1.752643506038595,3.133333333333333,
t2,rolling,2026-02-15,2026-02-15 18:00:00,2026-02-16,2026-02-17 04:00:00,2026-02-17 10:00:00,2,34.0,48.0,0.1809268629548511,0.02120988619671743,0.11713590302614885,0.5095162656050933,5.416666666666667,1.044163673845139,3.7999999999999994,
t2,rolling,2026-02-15,2026-02-15 18:00:00,2026-02-16,2026-02-17 05:00:00,2026-02-17 11:00:00,2,35.0,48.0,0.24074560601283834,0.021190975568793624,0.1712939785313736,0.604011450957788,5.851851851851852,1.1112268458243162,4.666666666666667,
t2,rolling,2026-02-15,2026-02-15 18:00:00,2026-02-16,2026-02-17 06:00:00,2026-02-17 12:00:00,2,36.0,48.0,0.2769982240293333,0.04783033255416358,0.22062945042762075,0.744104153996319,6.583333333333333,1.0095989914103471,7.1000000000000005,
t2,rolling,2026-02-15,2026-02-15 18:00:00,2026-02-16,2026-02-17 07:00:00,2026-02-17 13:00:00,2,37.0,48.0,0.31765281591277694,0.05380351153941021,0.2851565357212748,0.77434071722818,6.851851851851852,1.194875030054842,7.766666666666666,
t2,rolling,2026-02-15,2026-02-15 18:00:00,2026-02-16,2026-02-17 08:00:00,2026-02-17 14:00:00,2,38.0,48.0,0.33505447803736027,0.04931355022010697,0.3430015351269705,0.8308287380714013,7.027777777777779,1.3184938095895347,8.4,
t2,rolling,2026-02-15,2026-02-15 18:00:00,2026-02-16,2026-02-17 09:00:00,2026-02-17 15:00:00,2,39.0,48.0,0.4093948886242882,0.06995105569689408,0.44895355964204436,0.8509984430144457,7.268518518518519,1.2326992030105646,8.666666666666666,
t2,rolling,2026-02-15,2026-02-15 18:00:00,2026-02-16,2026-02-17 10:00:00,2026-02-17 16:00:00,2,40.0,48.0,0.48421666902762,0.11107922578285068,0.5369313055634126,0.8917761919514333,7.4907407407407405,1.1945521053977879,8.666666666666666,
t2,rolling,2026-02-15,2026-02-15 18:00:00,2026-02-16,2026-02-17 11:00:00,2026-02-17 17:00:00,2,41.0,48.0,0.5646925938835567,0.11860598208022771,0.5705505367015902,0.9292845552067157,7.796296296296297,1.3197611705627277,8.366666666666667,
t2,rolling,2026-02-15,2026-02-15 18:00:00,2026-02-16,2026-02-17 12:00:00,2026-02-17 18:00:00,2,42.0,48.0,0.5955389949961692,0.1638208290269368,0.5911881585119058,0.9692060036676591,8.481481481481481,1.4211077809592352,7.166666666666667,
t2,rolling,2026-02-15,2026-02-15 18:00:00,2026-02-16,2026-02-17 13:00:00,2026-02-17 19:00:00,2,43.0,48.0,0.6487272382969199,0.26885698921303575,0.6738491159030815,0.981323672313041,9.222222222222223,1.3768926368215255,6.433333333333333,
t2,rolling,2026-02-15,2026-02-15 18:00:00,2026-02-16,2026-02-17 14:00:00,2026-02-17 20:00:00,2,44.0,48.0,0.72767622236088,0.36955946469516876,0.7156023840836602,0.9850866389931929,10.0,1.4095682729294743,5.900000000000001,
t2,rolling,2026-02-15,2026-02-15 18:00:00,2026-02-16,2026-02-17 15:00:00,2026-02-17 21:00:00,2,45.0,48.0,0.6988465649424945,0.41823641464513944,0.781804586065906,0.983755394241818,10.75925925925926,1.392864679881324,5.533333333333334,
t2,rolling,2026-02-15,2026-02-15 18:00:00,2026-02-16,2026-02-17 16:00:00,2026-02-17 22:00:00,2,46.0,48.0,0.6811776050941908,0.4411943291657088,0.7743297362477524,0.9833428301201315,11.287037037037038,1.547681792243208,5.266666666666667,
t2,rolling,2026-02-15,2026-02-15 18:00:00,2026-02-16,2026-02-17 17:00:00,2026-02-17 23:00:00,2,47.0,48.0,0.7114518469634153,0.46533474114397094,0.7971396299817952,0.9808032236264083,11.537037037037038,1.716238110236691,4.666666666666667,
t2,rolling,2026-02-16,2026-02-16 18:00:00,2026-02-17,2026-02-16 18:00:00,2026-02-17 00:00:00,1,0.0,24.0,0.6409661534059673,0.29625903224341277,0.6921297675989346,0.9692942574192941,10.722222222222223,3.1111111111111116,4.133333333333334,
t2,rolling,2026-02-16,2026-02-16 18:00:00,2026-02-17,2026-02-16 19:00:00,2026-02-17 01:00:00,1,1.0,24.0,0.6147046389689016,0.35313512763618166,0.6651077157328275,0.9673246508888349,10.833333333333334,2.920368021793837,3.9333333333333336,
t2,rolling,2026-02-16,2026-02-16 18:00:00,2026-02-17,2026-02-16 20:00:00,2026-02-17 02:00:00,1,2.0,24.0,0.6110786958586593,0.35100998145538387,0.6481084969554761,0.969502666259355,10.925925925925926,2.5428933489948293,3.7999999999999994,
t2,rolling,2026-02-16,2026-02-16 18:00:00,2026-02-17,2026-02-16 21:00:00,2026-02-17 03:00:00,1,3.0,24.0,0.5740456572134902,0.2750805989249705,0.6013476306375489,0.953060689519233,10.49074074074074,1.836347130009194,3.7000000000000006,
t2,rolling,2026-02-16,2026-02-16 18:00:00,2026-02-17,2026-02-16 22:00:00,2026-02-17 04:00:00,1,4.0,24.0,0.47442805941245014,0.23418657370248583,0.46940278007303066,0.9155735429614479,9.814814814814815,1.6325993563750463,3.533333333333333,
t2,rolling,2026-02-16,2026-02-16 18:00:00,2026-02-17,2026-02-16 23:00:00,2026-02-17 05:00:00,1,5.0,24.0,0.3922029481538395,0.15110809739460532,0.3593225606618238,0.8385386611070558,8.814814814814815,1.571675732793981,3.533333333333333,
t2,rolling,2026-02-16,2026-02-16 18:00:00,2026-02-17,2026-02-17 00:00:00,2026-02-17 06:00:00,1,6.0,24.0,0.3117765117773952,0.030841619835270534,0.26216393805518096,0.7350608813690804,7.787037037037038,1.367144601766733,3.3666666666666667,
t2,rolling,2026-02-16,2026-02-16 18:00:00,2026-02-17,2026-02-17 01:00:00,2026-02-17 07:00:00,1,7.0,24.0,0.29648366904208695,0.03073684132174312,0.24248406000902328,0.6807058503805321,7.2592592592592595,1.2239045660635777,3.3000000000000003,
t2,rolling,2026-02-16,2026-02-16 18:00:00,2026-02-17,2026-02-17 02:00:00,2026-02-17 08:00:00,1,8.0,24.0,0.21743364461990633,0.03660447175826245,0.1821763681985383,0.5595262024849113,6.6944444444444455,1.227576655221353,3.4000000000000004,
t2,rolling,2026-02-16,2026-02-16 18:00:00,2026-02-17,2026-02-17 03:00:00,2026-02-17 09:00:00,1,9.0,24.0,0.133446258247264,0.0109451459023851,0.07750900697504488,0.4931985822759897,6.194444444444444,1.6146990699259582,3.733333333333334,
t2,rolling,2026-02-16,2026-02-16 18:00:00,2026-02-17,2026-02-17 04:00:00,2026-02-17 10:00:00,1,10.0,24.0,0.15702777615738756,0.012102893643990975,0.09701904875836558,0.5131570406287581,5.851851851851852,2.3134625679915253,4.166666666666667,
t2,rolling,2026-02-16,2026-02-16 18:00:00,2026-02-17,2026-02-17 05:00:00,2026-02-17 11:00:00,1,11.0,24.0,0.14889510176854456,0.014192949327735085,0.09468932134633289,0.4474885692139727,5.453703703703703,2.3772866401734825,4.733333333333333,
t2,rolling,2026-02-16,2026-02-16 18:00:00,2026-02-17,2026-02-17 06:00:00,2026-02-17 12:00:00,1,12.0,24.0,0.1521682204185459,0.013437538040821775,0.0908770566577829,0.3662098087666575,4.787037037037037,2.9523391716335947,6.3,
t2,rolling,2026-02-16,2026-02-16 18:00:00,2026-02-17,2026-02-17 07:00:00,2026-02-17 13:00:00,1,13.0,24.0,0.15642496586156096,0.014104225299220188,0.11602570459755747,0.4556310253523576,4.6759259259259265,2.485813659010889,7.0,
t2,rolling,2026-02-16,2026-02-16 18:00:00,2026-02-17,2026-02-17 08:00:00,2026-02-17 14:00:00,1,14.0,24.0,0.20002495819581037,0.013967641345918214,0.14764961511092295,0.5352530313477044,5.268518518518518,2.6244242950899603,7.400000000000001,
t2,rolling,2026-02-16,2026-02-16 18:00:00,2026-02-17,2026-02-17 09:00:00,2026-02-17 15:00:00,1,15.0,24.0,0.27852847135169523,0.029258436903291662,0.21402429369541764,0.6170448606355177,5.7407407407407405,2.8974676754091933,7.966666666666666,
t2,rolling,2026-02-16,2026-02-16 18:00:00,2026-02-17,2026-02-17 10:00:00,2026-02-17 16:00:00,1,16.0,24.0,0.37371529452350594,0.05533719306496332,0.26305595090859824,0.750366086939155,6.277777777777779,3.25616698846821,8.266666666666666,
t2,rolling,2026-02-16,2026-02-16 18:00:00,2026-02-17,2026-02-17 11:00:00,2026-02-17 17:00:00,1,17.0,24.0,0.52440678766159,0.07168335074895865,0.42769802931544715,0.881055213012971,6.916666666666667,3.6162356800721875,8.166666666666666,
t2,rolling,2026-02-16,2026-02-16 18:00:00,2026-02-17,2026-02-17 12:00:00,2026-02-17 18:00:00,1,18.0,24.0,0.6416657401167523,0.11065944483505435,0.5745987196749235,0.9880051369244309,8.537037037037036,1.9068454763776461,7.533333333333334,
t2,rolling,2026-02-16,2026-02-16 18:00:00,2026-02-17,2026-02-17 13:00:00,2026-02-17 19:00:00,1,19.0,24.0,0.6736264433649587,0.18836459011483414,0.6140048754578259,0.9805527914622754,9.36111111111111,2.677207177564885,6.599999999999999,
t2,rolling,2026-02-16,2026-02-16 18:00:00,2026-02-17,2026-02-17 14:00:00,2026-02-17 20:00:00,1,20.0,24.0,0.7140195940684277,0.2863716790081162,0.680707043655876,0.9824651833202453,10.055555555555557,3.4123730926522082,5.733333333333333,
t2,rolling,2026-02-16,2026-02-16 18:00:00,2026-02-17,2026-02-17 15:00:00,2026-02-17 21:00:00,1,21.0,24.0,0.6811765854757089,0.3420261056839059,0.7317399084555621,0.9832003215800482,10.712962962962962,3.54874927251517,5.266666666666667,
t2,rolling,2026-02-16,2026-02-16 18:00:00,2026-02-17,2026-02-17 16:00:00,2026-02-17 22:00:00,1,22.0,24.0,0.6753016706475728,0.3829527058931807,0.730337514649996,0.9795195958594868,11.14814814814815,3.516970907206927,4.766666666666667,
t2,rolling,2026-02-16,2026-02-16 18:00:00,2026-02-17,2026-02-17 17:00:00,2026-02-17 23:00:00,1,23.0,24.0,0.6528889057270301,0.3686787222437243,0.7222825481626037,0.9772411226354267,10.879629629629632,2.984700355813255,4.566666666666667,
t2,rolling,2026-02-16,2026-02-16 18:00:00,2026-02-17,2026-02-17 18:00:00,2026-02-18 00:00:00,2,24.0,48.0,0.7344951025430131,0.5227778771868146,0.8279860732676639,0.9767110276352585,11.472222222222223,2.1657761702800893,4.066666666666666,
t2,rolling,2026-02-16,2026-02-16 18:00:00,2026-02-17,2026-02-17 19:00:00,2026-02-18 01:00:00,2,25.0,48.0,0.7442593846880644,0.5175690553892995,0.8311759905093842,0.9777910299638168,11.5,2.0485993408324776,3.6666666666666665,
t2,rolling,2026-02-16,2026-02-16 18:00:00,2026-02-17,2026-02-17 20:00:00,2026-02-18 02:00:00,2,26.0,48.0,0.7407786747784474,0.5168402110724842,0.8302345863451654,0.9774778349140777,11.666666666666666,1.8055555555555556,3.3333333333333335,
t2,rolling,2026-02-16,2026-02-16 18:00:00,2026-02-17,2026-02-17 21:00:00,2026-02-18 03:00:00,2,27.0,48.0,0.770384977874883,0.5313264063129124,0.8650742276256315,0.9773992269881469,12.037037037037038,1.3089003646607527,3.1999999999999997,
t2,rolling,2026-02-16,2026-02-16 18:00:00,2026-02-17,2026-02-17 22:00:00,2026-02-18 04:00:00,2,28.0,48.0,0.7709366902633569,0.5277394960895614,0.8691220299102922,0.9772311790344975,11.916666666666666,0.9464847243000456,3.033333333333333,
t2,rolling,2026-02-16,2026-02-16 18:00:00,2026-02-17,2026-02-17 23:00:00,2026-02-18 05:00:00,2,29.0,48.0,0.8507765474727133,0.626053834127116,0.9118925146608946,0.976917869908986,12.101851851851853,0.8829372510549167,2.8333333333333335,
t2,rolling,2026-02-16,2026-02-16 18:00:00,2026-02-17,2026-02-18 00:00:00,2026-02-18 06:00:00,2,30.0,48.0,0.7630189895044477,0.5235857391919786,0.8657512610262131,0.9773695500339719,12.083333333333334,0.8475636834662423,2.6,
t2,rolling,2026-02-16,2026-02-16 18:00:00,2026-02-17,2026-02-18 01:00:00,2026-02-18 07:00:00,2,31.0,48.0,0.7924734809105992,0.5035072447647766,0.8800455032928812,0.9767363152872494,12.083333333333334,0.53214566835189,2.766666666666667,
t2,rolling,2026-02-16,2026-02-16 18:00:00,2026-02-17,2026-02-18 02:00:00,2026-02-18 08:00:00,2,32.0,48.0,0.7894998471447154,0.5523846097371053,0.8921350793528215,0.976873936132665,12.203703703703704,1.029777833724962,2.733333333333333,
t2,rolling,2026-02-16,2026-02-16 18:00:00,2026-02-17,2026-02-18 03:00:00,2026-02-18 09:00:00,2,33.0,48.0,0.8989324598115003,0.7223701301170955,0.9571856800185682,0.9767480628870088,12.324074074074076,0.3072344448710556,4.066666666666666,
t2,rolling,2026-02-16,2026-02-16 18:00:00,2026-02-17,2026-02-18 04:00:00,2026-02-18 10:00:00,2,34.0,48.0,0.9124219545230013,0.7443222554966127,0.9559521355150912,0.9743508284643443,12.75925925925926,0.6176002276167517,6.033333333333334,
t2,rolling,2026-02-16,2026-02-16 18:00:00,2026-02-17,2026-02-18 05:00:00,2026-02-18 11:00:00,2,35.0,48.0,0.9181627673095308,0.7343442850866345,0.9560818654860507,0.9732052786663291,12.462962962962964,1.0230119735088081,8.4,
t2,rolling,2026-02-16,2026-02-16 18:00:00,2026-02-17,2026-02-18 06:00:00,2026-02-18 12:00:00,2,36.0,48.0,0.9219461172054385,0.7421297152908496,0.9560818654860507,0.9732921205782165,12.75925925925926,1.0527496820251792,10.566666666666668,
t2,rolling,2026-02-16,2026-02-16 18:00:00,2026-02-17,2026-02-18 07:00:00,2026-02-18 13:00:00,2,37.0,48.0,0.9216108931332977,0.7525686399227767,0.9562277058685577,0.9733890802243622,13.037037037037038,0.9230975319531206,11.833333333333334,
t2,rolling,2026-02-16,2026-02-16 18:00:00,2026-02-17,2026-02-18 08:00:00,2026-02-18 14:00:00,2,38.0,48.0,0.9308112476382817,0.7993275653195593,0.9560103204864708,0.9733847211628548,13.203703703703704,0.7105538904796175,12.766666666666666,
t2,rolling,2026-02-16,2026-02-16 18:00:00,2026-02-17,2026-02-18 09:00:00,2026-02-18 15:00:00,2,39.0,48.0,0.9265871802799535,0.7982166601173493,0.9560103204864708,0.9731978678832388,12.935185185185185,0.6194714327288043,13.1,
t2,rolling,2026-02-16,2026-02-16 18:00:00,2026-02-17,2026-02-18 10:00:00,2026-02-18 16:00:00,2,40.0,48.0,0.9182178554797216,0.7014023730798962,0.955697850394922,0.9730965733493538,12.388888888888891,1.1183790077331885,13.0,
t2,rolling,2026-02-16,2026-02-16 18:00:00,2026-02-17,2026-02-18 11:00:00,2026-02-18 17:00:00,2,41.0,48.0,0.918092452916046,0.6954925852915815,0.9494455602348774,0.9728096304404302,12.00925925925926,1.506757754266144,12.333333333333334,
t2,rolling,2026-02-16,2026-02-16 18:00:00,2026-02-17,2026-02-18 12:00:00,2026-02-18 18:00:00,2,42.0,48.0,0.8452236301008124,0.6173381478820523,0.8712690895681002,0.9731489312415056,11.953703703703702,1.7700206922600663,10.966666666666667,
t2,rolling,2026-02-16,2026-02-16 18:00:00,2026-02-17,2026-02-18 13:00:00,2026-02-18 19:00:00,2,43.0,48.0,0.8229751419468511,0.5476991283888653,0.8245582735297413,0.9741068355147229,11.185185185185185,0.7501714481677442,9.566666666666666,
t2,rolling,2026-02-16,2026-02-16 18:00:00,2026-02-17,2026-02-18 14:00:00,2026-02-18 20:00:00,2,44.0,48.0,0.6961468866170166,0.4496593753456528,0.7126887913101693,0.973830636493261,10.814814814814817,1.3948022264926336,8.533333333333333,
t2,rolling,2026-02-16,2026-02-16 18:00:00,2026-02-17,2026-02-18 15:00:00,2026-02-18 21:00:00,2,45.0,48.0,0.6971265910801503,0.45011879294977053,0.7023046769040516,0.9727536327420985,10.481481481481483,1.5139101255731,7.733333333333333,
t2,rolling,2026-02-16,2026-02-16 18:00:00,2026-02-17,2026-02-18 16:00:00,2026-02-18 22:00:00,2,46.0,48.0,0.663988656039527,0.38447553857660516,0.6822687915578477,0.9722406497346019,10.333333333333334,1.8081178400360944,7.166666666666667,
t2,rolling,2026-02-16,2026-02-16 18:00:00,2026-02-17,2026-02-18 17:00:00,2026-02-18 23:00:00,2,47.0,48.0,0.6663355571976547,0.3974219811924383,0.67766016459017,0.9724105757898582,10.425925925925926,1.5217896114112415,6.7,
t2,rolling,2026-02-17,2026-02-17 18:00:00,2026-02-18,2026-02-17 18:00:00,2026-02-18 00:00:00,1,0.0,24.0,0.758173342650282,0.5486831813566974,0.7997124898450364,0.9756280644727435,11.203703703703704,2.1228353777795075,4.033333333333333,
t2,rolling,2026-02-17,2026-02-17 18:00:00,2026-02-18,2026-02-17 19:00:00,2026-02-18 01:00:00,1,1.0,24.0,0.7865979627528674,0.554429334416612,0.8293538770520962,0.9760321774675449,11.685185185185185,1.260246073038537,3.933333333333333,
t2,rolling,2026-02-17,2026-02-17 18:00:00,2026-02-18,2026-02-17 20:00:00,2026-02-18 02:00:00,1,2.0,24.0,0.7698225578469506,0.5615362107547204,0.7980096106612226,0.975753546149,11.416666666666666,1.0974859036188007,3.6999999999999997,
t2,rolling,2026-02-17,2026-02-17 18:00:00,2026-02-18,2026-02-17 21:00:00,2026-02-18 03:00:00,1,3.0,24.0,0.7059081548109258,0.490526366399007,0.7681748434301232,0.9759096050987776,11.435185185185185,1.2793870703271009,3.5666666666666664,
t2,rolling,2026-02-17,2026-02-17 18:00:00,2026-02-18,2026-02-17 22:00:00,2026-02-18 04:00:00,1,4.0,24.0,0.7152979050786084,0.5110682012086594,0.7864144278635816,0.9759953375630194,11.333333333333334,1.1121522899537561,3.366666666666667,
t2,rolling,2026-02-17,2026-02-17 18:00:00,2026-02-18,2026-02-17 23:00:00,2026-02-18 05:00:00,1,5.0,24.0,0.7588328645508449,0.4935480768418464,0.8465837039749017,0.9760812045212685,11.24074074074074,0.5169453648965878,3.233333333333333,
t2,rolling,2026-02-17,2026-02-17 18:00:00,2026-02-18,2026-02-18 00:00:00,2026-02-18 06:00:00,1,6.0,24.0,0.816960860656195,0.56195331044801,0.8905995767773139,0.9755076559414333,11.814814814814815,0.6176002276167517,3.4333333333333336,
t2,rolling,2026-02-17,2026-02-17 18:00:00,2026-02-18,2026-02-18 01:00:00,2026-02-18 07:00:00,1,7.0,24.0,0.8463060196123948,0.6910135529383635,0.8988835317568785,0.9766468431460028,12.638888888888888,0.8875858504816921,3.4333333333333336,
t2,rolling,2026-02-17,2026-02-17 18:00:00,2026-02-18,2026-02-18 02:00:00,2026-02-18 08:00:00,1,8.0,24.0,0.8751179569057951,0.7163563974057954,0.9183372290973538,0.9769365539708877,13.00925925925926,1.1112268458243157,3.4333333333333336,
t2,rolling,2026-02-17,2026-02-17 18:00:00,2026-02-18,2026-02-18 03:00:00,2026-02-18 09:00:00,1,9.0,24.0,0.9035169537112114,0.741593847345865,0.955022306391726,0.976541061584727,12.953703703703704,0.7061968505803086,4.3999999999999995,
t2,rolling,2026-02-17,2026-02-17 18:00:00,2026-02-18,2026-02-18 04:00:00,2026-02-18 10:00:00,1,10.0,24.0,0.9073655858120561,0.745282741877764,0.9560214967462899,0.9738112824304036,12.962962962962962,0.5835537502440268,6.400000000000001,
t2,rolling,2026-02-17,2026-02-17 18:00:00,2026-02-18,2026-02-18 05:00:00,2026-02-18 11:00:00,1,11.0,24.0,0.9176338490291052,0.7412296477393886,0.9560103204864708,0.973163788795914,12.962962962962964,0.7926812861416469,8.5,
t2,rolling,2026-02-17,2026-02-17 18:00:00,2026-02-18,2026-02-18 06:00:00,2026-02-18 12:00:00,1,12.0,24.0,0.9184938126647573,0.7405180684478124,0.9560103204864708,0.9731665655684003,12.981481481481483,0.9363762125997399,9.933333333333334,
t2,rolling,2026-02-17,2026-02-17 18:00:00,2026-02-18,2026-02-18 07:00:00,2026-02-18 13:00:00,1,13.0,24.0,0.9207576864360564,0.7445312530468808,0.9560103204864708,0.9732430562451766,13.0,0.9765775461803854,11.233333333333334,
t2,rolling,2026-02-17,2026-02-17 18:00:00,2026-02-18,2026-02-18 08:00:00,2026-02-18 14:00:00,1,14.0,24.0,0.9365010554930036,0.7876991572464003,0.9561630392635619,0.9730318110420602,12.99074074074074,1.6066349056847382,12.333333333333334,
t2,rolling,2026-02-17,2026-02-17 18:00:00,2026-02-18,2026-02-18 09:00:00,2026-02-18 15:00:00,1,15.0,24.0,0.918294946766174,0.7438003740710796,0.956017198881055,0.9731001689521499,12.833333333333334,1.3653561919382784,12.9,
t2,rolling,2026-02-17,2026-02-17 18:00:00,2026-02-18,2026-02-18 10:00:00,2026-02-18 16:00:00,1,16.0,24.0,0.9289066330405463,0.7290191047506076,0.9534046495092019,0.9728792843905637,12.731481481481483,1.122969131713732,12.666666666666666,
t2,rolling,2026-02-17,2026-02-17 18:00:00,2026-02-18,2026-02-18 11:00:00,2026-02-18 17:00:00,1,17.0,24.0,0.916351823806987,0.6897251533180827,0.9545271205299628,0.9727768121506224,12.425925925925926,1.1032126673041838,11.766666666666666,
t2,rolling,2026-02-17,2026-02-17 18:00:00,2026-02-18,2026-02-18 12:00:00,2026-02-18 18:00:00,1,18.0,24.0,0.8679016651539442,0.6205931617881594,0.8976102567490961,0.9722227587890564,11.555555555555557,1.2549285553418346,10.233333333333333,
t2,rolling,2026-02-17,2026-02-17 18:00:00,2026-02-18,2026-02-18 13:00:00,2026-02-18 19:00:00,1,19.0,24.0,0.8141514134465752,0.5225027171481075,0.8391219686488907,0.9736746851023076,10.537037037037038,1.073794663529238,8.933333333333335,
t2,rolling,2026-02-17,2026-02-17 18:00:00,2026-02-18,2026-02-18 14:00:00,2026-02-18 20:00:00,1,20.0,24.0,0.6931799222289062,0.44641948424690653,0.7013821029095368,0.9737756966667696,10.444444444444445,1.6501496378087943,8.066666666666666,
t2,rolling,2026-02-17,2026-02-17 18:00:00,2026-02-18,2026-02-18 15:00:00,2026-02-18 21:00:00,1,21.0,24.0,0.6883998077123283,0.39412715183984065,0.6832817830253337,0.9697587892198957,10.314814814814817,1.7946966913636877,7.433333333333334,
t2,rolling,2026-02-17,2026-02-17 18:00:00,2026-02-18,2026-02-18 16:00:00,2026-02-18 22:00:00,1,22.0,24.0,0.6955546828151146,0.4416900459676159,0.7231474986668958,0.9726846191326941,10.314814814814817,1.8258122945635524,6.933333333333334,
t2,rolling,2026-02-17,2026-02-17 18:00:00,2026-02-18,2026-02-18 17:00:00,2026-02-18 23:00:00,1,23.0,24.0,0.66764874731499,0.3888803351242822,0.7037275173994767,0.9653893308269207,10.555555555555555,1.3214166546962545,6.666666666666667,
t2,rolling,2026-02-17,2026-02-17 18:00:00,2026-02-18,2026-02-18 18:00:00,2026-02-19 00:00:00,2,24.0,48.0,0.6782381721799069,0.42063084706421994,0.7173624696231384,0.965484339566981,10.620370370370372,1.4594131804515547,6.533333333333332,
t2,rolling,2026-02-17,2026-02-17 18:00:00,2026-02-18,2026-02-18 19:00:00,2026-02-19 01:00:00,2,25.0,48.0,0.6567564359105771,0.35350034299678734,0.6966265783761121,0.9634618204047299,10.787037037037038,1.7981328908076055,6.099999999999999,
t2,rolling,2026-02-17,2026-02-17 18:00:00,2026-02-18,2026-02-18 20:00:00,2026-02-19 02:00:00,2,26.0,48.0,0.661666660994707,0.3609874735074733,0.7021341556902574,0.9642739182059862,10.962962962962964,1.7735047025709159,5.566666666666666,
t2,rolling,2026-02-17,2026-02-17 18:00:00,2026-02-18,2026-02-18 21:00:00,2026-02-19 03:00:00,2,27.0,48.0,0.6462207508265476,0.4020244722549085,0.6730290420847858,0.9643623564443591,10.851851851851853,1.5556382253164922,5.266666666666667,
t2,rolling,2026-02-17,2026-02-17 18:00:00,2026-02-18,2026-02-18 22:00:00,2026-02-19 04:00:00,2,28.0,48.0,0.6844195044119046,0.36521217582676935,0.6909338779812321,0.9632444133273494,10.916666666666666,2.1806882479088805,5.1000000000000005,
t2,rolling,2026-02-17,2026-02-17 18:00:00,2026-02-18,2026-02-18 23:00:00,2026-02-19 05:00:00,2,29.0,48.0,0.6507390609103961,0.33182131066906456,0.703156046145992,0.9573517866753456,10.5,1.9592688860647054,5.133333333333334,
t2,rolling,2026-02-17,2026-02-17 18:00:00,2026-02-18,2026-02-19 00:00:00,2026-02-19 06:00:00,2,30.0,48.0,0.6441308626809308,0.33785555086842567,0.6923856828627573,0.9635178222950872,11.25925925925926,1.9453040427989758,5.1000000000000005,
t2,rolling,2026-02-17,2026-02-17 18:00:00,2026-02-18,2026-02-19 01:00:00,2026-02-19 07:00:00,2,31.0,48.0,0.6099730632029725,0.33971396292557504,0.6580092430692152,0.9613615045772927,10.796296296296298,1.409385792732849,5.0,
t2,rolling,2026-02-17,2026-02-17 18:00:00,2026-02-18,2026-02-19 02:00:00,2026-02-19 08:00:00,2,32.0,48.0,0.5946640059963585,0.33061493990587193,0.6338835703238489,0.9611258505972802,10.75,1.2677748563604467,4.933333333333334,
t2,rolling,2026-02-17,2026-02-17 18:00:00,2026-02-18,2026-02-19 03:00:00,2026-02-19 09:00:00,2,33.0,48.0,0.5946364848043315,0.35920802535430196,0.6539392638434464,0.9554725110272242,10.370370370370372,0.9703686033345513,6.066666666666667,
t2,rolling,2026-02-17,2026-02-17 18:00:00,2026-02-18,2026-02-19 04:00:00,2026-02-19 10:00:00,2,34.0,48.0,0.669624341150477,0.39829765997054767,0.683393832169764,0.9589343467505375,10.425925925925926,1.2179006088364164,7.933333333333333,
t2,rolling,2026-02-17,2026-02-17 18:00:00,2026-02-18,2026-02-19 05:00:00,2026-02-19 11:00:00,2,35.0,48.0,0.6997878183888904,0.33091665298218803,0.6901417688279184,0.9566634958830862,9.879629629629632,1.1332289349156424,9.966666666666667,
t2,rolling,2026-02-17,2026-02-17 18:00:00,2026-02-18,2026-02-19 06:00:00,2026-02-19 12:00:00,2,36.0,48.0,0.49115773353305,0.17301751167428636,0.5040407275997439,0.8534009098055043,8.740740740740742,2.452060945543246,11.366666666666667,
t2,rolling,2026-02-17,2026-02-17 18:00:00,2026-02-18,2026-02-19 07:00:00,2026-02-19 13:00:00,2,37.0,48.0,0.3665788927265344,0.07358733576205044,0.3541399930059828,0.7804841102632905,7.7592592592592595,2.4064813033502848,12.799999999999999,
t2,rolling,2026-02-17,2026-02-17 18:00:00,2026-02-18,2026-02-19 08:00:00,2026-02-19 14:00:00,2,38.0,48.0,0.3007673708742506,0.06470838318230121,0.23191946342646155,0.6987952075060249,6.851851851851852,1.9847670925130316,14.0,
t2,rolling,2026-02-17,2026-02-17 18:00:00,2026-02-18,2026-02-19 09:00:00,2026-02-19 15:00:00,2,39.0,48.0,0.2871239664742276,0.047721244055891496,0.23053930669647724,0.6604072944270643,6.166666666666667,1.7751717009633838,14.600000000000001,
t2,rolling,2026-02-17,2026-02-17 18:00:00,2026-02-18,2026-02-19 10:00:00,2026-02-19 16:00:00,2,40.0,48.0,0.2692532978345443,0.034502104015911625,0.21805816937927722,0.6215366059757941,5.842592592592593,1.5960341797344628,14.466666666666667,
t2,rolling,2026-02-17,2026-02-17 18:00:00,2026-02-18,2026-02-19 11:00:00,2026-02-19 17:00:00,2,41.0,48.0,0.23946654211302285,0.019496658092967398,0.13243215899922692,0.5294970921696922,5.592592592592593,1.6235946756447228,13.799999999999999,
t2,rolling,2026-02-17,2026-02-17 18:00:00,2026-02-18,2026-02-19 12:00:00,2026-02-19 18:00:00,2,42.0,48.0,0.19526308708371953,0.01344371312896155,0.1045965292081946,0.4940391352907834,5.962962962962963,2.1119028729692966,11.766666666666666,
t2,rolling,2026-02-17,2026-02-17 18:00:00,2026-02-18,2026-02-19 13:00:00,2026-02-19 19:00:00,2,43.0,48.0,0.16064436295522025,0.010551389385493383,0.09163785192208002,0.4426214726718476,5.953703703703705,2.696782109265776,9.933333333333334,
t2,rolling,2026-02-17,2026-02-17 18:00:00,2026-02-18,2026-02-19 14:00:00,2026-02-19 20:00:00,2,44.0,48.0,0.12784959947192398,0.008841717552152285,0.06034276582414844,0.37725788108122693,5.268518518518519,3.7567155232508287,8.466666666666667,
t2,rolling,2026-02-17,2026-02-17 18:00:00,2026-02-18,2026-02-19 15:00:00,2026-02-19 21:00:00,2,45.0,48.0,0.0812141996986855,0.0076406849647886925,0.041160908443570156,0.27764599876425505,4.592592592592593,3.6667017394506654,7.666666666666667,
t2,rolling,2026-02-17,2026-02-17 18:00:00,2026-02-18,2026-02-19 16:00:00,2026-02-19 22:00:00,2,46.0,48.0,0.07863309228811018,0.00778329635530652,0.037364052592652734,0.24384602523221552,3.6203703703703702,3.2373130020513967,6.833333333333333,
t2,rolling,2026-02-17,2026-02-17 18:00:00,2026-02-18,2026-02-19 17:00:00,2026-02-19 23:00:00,2,47.0,48.0,0.08272756962436081,0.00885674323505266,0.03249720070702215,0.24401335893072612,4.055555555555555,2.852197549995009,6.7,
t2,rolling,2026-02-18,2026-02-18 18:00:00,2026-02-19,2026-02-18 18:00:00,2026-02-19 00:00:00,1,0.0,24.0,0.7151843738697364,0.4418416931789557,0.7406461451584435,0.9722803705788687,11.00925925925926,1.2833012662339642,6.366666666666666,
t2,rolling,2026-02-18,2026-02-18 18:00:00,2026-02-19,2026-02-18 19:00:00,2026-02-19 01:00:00,1,1.0,24.0,0.7245553734288452,0.4097551076381727,0.7734210129810569,0.9714637191385547,11.305555555555555,1.002696980432225,6.166666666666667,
t2,rolling,2026-02-18,2026-02-18 18:00:00,2026-02-19,2026-02-18 20:00:00,2026-02-19 02:00:00,1,2.0,24.0,0.7053743412156729,0.41751798790038586,0.7391785927853494,0.9669714033564273,11.24074074074074,0.9786822416091714,5.866666666666667,
t2,rolling,2026-02-18,2026-02-18 18:00:00,2026-02-19,2026-02-18 21:00:00,2026-02-19 03:00:00,1,3.0,24.0,0.6606996457520823,0.33805160994111216,0.7270991903476913,0.9641955475063543,11.425925925925926,1.4300385617408518,5.633333333333333,
t2,rolling,2026-02-18,2026-02-18 18:00:00,2026-02-19,2026-02-18 22:00:00,2026-02-19 04:00:00,1,4.0,24.0,0.6423859135815194,0.3206349738222645,0.7032397968411858,0.9639435574109385,11.231481481481481,1.3337190800022842,5.233333333333333,
t2,rolling,2026-02-18,2026-02-18 18:00:00,2026-02-19,2026-02-18 23:00:00,2026-02-19 05:00:00,1,5.0,24.0,0.6087180799667532,0.3057559481763216,0.6637664923942906,0.9438823197149315,10.953703703703704,1.3153689494780652,5.1,
t2,rolling,2026-02-18,2026-02-18 18:00:00,2026-02-19,2026-02-19 00:00:00,2026-02-19 06:00:00,1,6.0,24.0,0.49792980335151116,0.27327432241730637,0.5676987600753371,0.8879246458675835,9.925925925925927,0.7936541005222116,4.833333333333333,
t2,rolling,2026-02-18,2026-02-18 18:00:00,2026-02-19,2026-02-19 01:00:00,2026-02-19 07:00:00,1,7.0,24.0,0.42152151897727663,0.2566863551117312,0.4902334109869281,0.8681625849940998,9.314814814814815,0.9301754336943968,4.7,
t2,rolling,2026-02-18,2026-02-18 18:00:00,2026-02-19,2026-02-19 02:00:00,2026-02-19 08:00:00,1,8.0,24.0,0.40910595259023724,0.17396654973908335,0.41921063630614835,0.8301743429644834,9.231481481481481,2.1376860494681007,4.566666666666666,
t2,rolling,2026-02-18,2026-02-18 18:00:00,2026-02-19,2026-02-19 03:00:00,2026-02-19 09:00:00,1,9.0,24.0,0.3384026579820769,0.08341223239650428,0.29348914464541814,0.766805059313431,8.435185185185185,2.0713234074948828,5.566666666666666,
t2,rolling,2026-02-18,2026-02-18 18:00:00,2026-02-19,2026-02-19 04:00:00,2026-02-19 10:00:00,1,10.0,24.0,0.46457554694125525,0.10387903509738,0.3938521000436378,0.8383664641209602,8.277777777777779,2.2640166971421105,7.3,
t2,rolling,2026-02-18,2026-02-18 18:00:00,2026-02-19,2026-02-19 05:00:00,2026-02-19 11:00:00,1,11.0,24.0,0.548508707044911,0.1351795516452686,0.4842734875269115,0.8466434485657625,8.185185185185185,1.8899778995811956,9.4,
t2,rolling,2026-02-18,2026-02-18 18:00:00,2026-02-19,2026-02-19 06:00:00,2026-02-19 12:00:00,1,12.0,24.0,0.380936675285159,0.08458215668986656,0.38661046764419205,0.7900401865702353,7.666666666666668,2.661598192491047,11.5,
t2,rolling,2026-02-18,2026-02-18 18:00:00,2026-02-19,2026-02-19 07:00:00,2026-02-19 13:00:00,1,13.0,24.0,0.35353681008222554,0.06793071987832626,0.307302435001017,0.7602159609855706,7.2592592592592595,1.861180208778109,13.200000000000001,
t2,rolling,2026-02-18,2026-02-18 18:00:00,2026-02-19,2026-02-19 08:00:00,2026-02-19 14:00:00,1,14.0,24.0,0.335732921664158,0.046842527821677825,0.2952581371704606,0.7488996953718308,6.870370370370371,1.4153952173860056,14.166666666666666,
t2,rolling,2026-02-18,2026-02-18 18:00:00,2026-02-19,2026-02-19 09:00:00,2026-02-19 15:00:00,1,15.0,24.0,0.2718133821971788,0.037779766363696905,0.20128860634363704,0.6576296609268333,6.435185185185186,1.4490666784807138,14.4,
t2,rolling,2026-02-18,2026-02-18 18:00:00,2026-02-19,2026-02-19 10:00:00,2026-02-19 16:00:00,1,16.0,24.0,0.2538176941287867,0.02856542509154914,0.1688617127816966,0.6293930256198058,5.953703703703703,1.0944350441408666,14.299999999999999,
t2,rolling,2026-02-18,2026-02-18 18:00:00,2026-02-19,2026-02-19 11:00:00,2026-02-19 17:00:00,1,17.0,24.0,0.22055839888472994,0.023396478542847692,0.14156891796166962,0.5694523184965193,6.0092592592592595,0.8251137843968225,13.5,
t2,rolling,2026-02-18,2026-02-18 18:00:00,2026-02-19,2026-02-19 12:00:00,2026-02-19 18:00:00,1,18.0,24.0,0.15480537804061797,0.014464774140450434,0.0869151093011969,0.4354692527407564,5.787037037037037,1.070916495305631,11.466666666666667,
t2,rolling,2026-02-18,2026-02-18 18:00:00,2026-02-19,2026-02-19 13:00:00,2026-02-19 19:00:00,1,19.0,24.0,0.13448594731014282,0.010394402967811764,0.06994552812336065,0.3512922371518641,5.25,1.6944444444444444,9.700000000000001,
t2,rolling,2026-02-18,2026-02-18 18:00:00,2026-02-19,2026-02-19 14:00:00,2026-02-19 20:00:00,1,20.0,24.0,0.08405588018785039,0.008490294182411172,0.03099186901628463,0.24820636332428184,3.9629629629629632,3.031258617568677,8.5,
t2,rolling,2026-02-18,2026-02-18 18:00:00,2026-02-19,2026-02-19 15:00:00,2026-02-19 21:00:00,1,21.0,24.0,0.0953898514234878,0.008891051453146748,0.027741899943549017,0.2669112467988632,2.5462962962962963,3.3743235871477846,7.833333333333333,
t2,rolling,2026-02-18,2026-02-18 18:00:00,2026-02-19,2026-02-19 16:00:00,2026-02-19 22:00:00,1,22.0,24.0,0.11494749957904693,0.008903537974118709,0.04582900049231665,0.3480014550304431,3.1944444444444446,1.7587962353640814,7.766666666666667,
t2,rolling,2026-02-18,2026-02-18 18:00:00,2026-02-19,2026-02-19 17:00:00,2026-02-19 23:00:00,1,23.0,24.0,0.18821162117983328,0.01316320983768559,0.08159542535257393,0.48974904066374675,5.5555555555555545,0.7206178761707135,7.666666666666667,
t2,rolling,2026-02-18,2026-02-18 18:00:00,2026-02-19,2026-02-19 18:00:00,2026-02-20 00:00:00,2,24.0,48.0,0.12303132369853005,0.009678145154563937,0.07119809495168032,0.4305404840497052,4.722222222222222,1.2586123065787993,6.6000000000000005,
t2,rolling,2026-02-18,2026-02-18 18:00:00,2026-02-19,2026-02-19 19:00:00,2026-02-20 01:00:00,2,25.0,48.0,0.22366449105566832,0.011332556518724552,0.1242292816377393,0.6564320065877823,5.518518518518519,1.0658609997471025,6.366666666666667,
t2,rolling,2026-02-18,2026-02-18 18:00:00,2026-02-19,2026-02-19 20:00:00,2026-02-20 02:00:00,2,26.0,48.0,0.27535425844368033,0.011482030485213388,0.1368160469896608,0.7719828536087774,5.685185185185186,2.806288866393852,6.133333333333333,
t2,rolling,2026-02-18,2026-02-18 18:00:00,2026-02-19,2026-02-19 21:00:00,2026-02-20 03:00:00,2,27.0,48.0,0.2561223045075149,0.013961237817878787,0.16134811675928437,0.8100297180052438,5.916666666666667,3.9642499640887654,6.233333333333334,
t2,rolling,2026-02-18,2026-02-18 18:00:00,2026-02-19,2026-02-19 22:00:00,2026-02-20 04:00:00,2,28.0,48.0,0.3001796100079495,0.033019729855040376,0.22039204091400702,0.8207972217961673,6.037037037037037,5.016510805174869,6.433333333333334,
t2,rolling,2026-02-18,2026-02-18 18:00:00,2026-02-19,2026-02-19 23:00:00,2026-02-20 05:00:00,2,29.0,48.0,0.3862917064316227,0.04097507431316201,0.30478834147690026,0.87556391044707,6.935185185185186,4.645149910979543,6.966666666666666,
t2,rolling,2026-02-18,2026-02-18 18:00:00,2026-02-19,2026-02-20 00:00:00,2026-02-20 06:00:00,2,30.0,48.0,0.4369250477022847,0.03553124085304076,0.3769172932645701,0.8822892687580127,7.064814814814814,3.0085184273279792,6.733333333333333,
t2,rolling,2026-02-18,2026-02-18 18:00:00,2026-02-19,2026-02-20 01:00:00,2026-02-20 07:00:00,2,31.0,48.0,0.42353777615785765,0.04871147149108628,0.35949989386391557,0.8956315839273034,7.657407407407408,2.9318827080890824,6.633333333333333,
t2,rolling,2026-02-18,2026-02-18 18:00:00,2026-02-19,2026-02-20 02:00:00,2026-02-20 08:00:00,2,32.0,48.0,0.3759431422939105,0.03317701336947082,0.29187037215956163,0.8621304078669546,7.6759259259259265,2.9350391364529176,6.466666666666666,
t2,rolling,2026-02-18,2026-02-18 18:00:00,2026-02-19,2026-02-20 03:00:00,2026-02-20 09:00:00,2,33.0,48.0,0.3215233286708963,0.017018251629507004,0.23619723657924097,0.8049030032980218,7.092592592592593,3.238147110280651,7.433333333333334,
t2,rolling,2026-02-18,2026-02-18 18:00:00,2026-02-19,2026-02-20 04:00:00,2026-02-20 10:00:00,2,34.0,48.0,0.29031457845963654,0.010860087109289656,0.1956368020466492,0.7794249704894907,6.111111111111112,3.3902547338649685,9.333333333333334,
t2,rolling,2026-02-18,2026-02-18 18:00:00,2026-02-19,2026-02-20 05:00:00,2026-02-20 11:00:00,2,35.0,48.0,0.19792049253724087,0.009754043551381998,0.17705699876464834,0.5721653499020097,4.4907407407407405,2.7499064705381926,11.133333333333333,
t2,rolling,2026-02-18,2026-02-18 18:00:00,2026-02-19,2026-02-20 06:00:00,2026-02-20 12:00:00,2,36.0,48.0,0.15237988158331847,0.010009713555242994,0.08921512505049607,0.3930533329542236,5.1759259259259265,0.30723444487105644,12.633333333333333,
t2,rolling,2026-02-18,2026-02-18 18:00:00,2026-02-19,2026-02-20 07:00:00,2026-02-20 13:00:00,2,37.0,48.0,0.08771196024096091,0.008283294417006865,0.04002765773825754,0.2434565376614084,4.212962962962963,0.451620311046563,13.5,
t2,rolling,2026-02-18,2026-02-18 18:00:00,2026-02-19,2026-02-20 08:00:00,2026-02-20 14:00:00,2,38.0,48.0,0.08108773565984527,0.008002579998553564,0.03831655601716511,0.21790863763097237,3.4907407407407405,0.8297763593790574,14.133333333333335,
t2,rolling,2026-02-18,2026-02-18 18:00:00,2026-02-19,2026-02-20 09:00:00,2026-02-20 15:00:00,2,39.0,48.0,0.07987773943848354,0.008526777126056774,0.023276723662583616,0.1993322432623953,2.7314814814814814,1.379225643064106,14.4,
t2,rolling,2026-02-18,2026-02-18 18:00:00,2026-02-19,2026-02-20 10:00:00,2026-02-20 16:00:00,2,40.0,48.0,0.09565218214165261,0.009550593728272992,0.036865835678081674,0.2703453250234851,2.4722222222222223,0.9477067838462211,14.066666666666668,
t2,rolling,2026-02-18,2026-02-18 18:00:00,2026-02-19,2026-02-20 11:00:00,2026-02-20 17:00:00,2,41.0,48.0,0.14194265909294437,0.013469036283460877,0.056044839707322346,0.32781906657118975,3.2870370370370368,1.836347130009194,13.0,
t2,rolling,2026-02-18,2026-02-18 18:00:00,2026-02-19,2026-02-20 12:00:00,2026-02-20 18:00:00,2,42.0,48.0,0.2017931895954536,0.0226506871609679,0.13742409407297485,0.5692444198593049,2.527777777777778,0.847563683466242,11.666666666666666,
t2,rolling,2026-02-18,2026-02-18 18:00:00,2026-02-19,2026-02-20 13:00:00,2026-02-20 19:00:00,2,43.0,48.0,0.3724683127285127,0.030734791576826924,0.2666748193069805,0.8429901873271501,5.703703703703705,4.667107562946801,10.299999999999999,
t2,rolling,2026-02-18,2026-02-18 18:00:00,2026-02-19,2026-02-20 14:00:00,2026-02-20 20:00:00,2,44.0,48.0,0.5281067697295292,0.09651692488977608,0.45418020713824925,0.9585778861140276,8.222222222222223,5.819295277854889,9.633333333333333,
t2,rolling,2026-02-18,2026-02-18 18:00:00,2026-02-19,2026-02-20 15:00:00,2026-02-20 21:00:00,2,45.0,48.0,0.6464995962899839,0.18618495345910355,0.6019191463127695,0.9618229355192424,9.981481481481481,5.53832977600819,9.1,
t2,rolling,2026-02-18,2026-02-18 18:00:00,2026-02-19,2026-02-20 16:00:00,2026-02-20 22:00:00,2,46.0,48.0,0.716031247416989,0.30047029986559803,0.7627192894946855,0.9736075210756618,11.435185185185185,4.095063775462219,8.166666666666666,
t2,rolling,2026-02-18,2026-02-18 18:00:00,2026-02-19,2026-02-20 17:00:00,2026-02-20 23:00:00,2,47.0,48.0,0.721234992221656,0.3770342819697165,0.792152975197748,0.9741939683912021,11.712962962962962,2.9587354099914793,7.566666666666666,
t2,rolling,2026-02-19,2026-02-19 18:00:00,2026-02-20,2026-02-19 18:00:00,2026-02-20 00:00:00,1,0.0,24.0,0.2794564299300325,0.022897543181104207,0.2558796075042896,0.7611789050235108,6.787037037037038,2.0454581826463074,7.666666666666667,
t2,rolling,2026-02-19,2026-02-19 18:00:00,2026-02-20,2026-02-19 19:00:00,2026-02-20 01:00:00,1,1.0,24.0,0.2926445598297466,0.01770942208309754,0.21629117732499134,0.7869530208060466,6.7407407407407405,3.43999862426999,7.599999999999999,
t2,rolling,2026-02-19,2026-02-19 18:00:00,2026-02-20,2026-02-19 20:00:00,2026-02-20 02:00:00,1,2.0,24.0,0.2722468489393068,0.020739339241329615,0.2213464080981736,0.7208742906453268,5.87037037037037,4.339412876787174,7.966666666666666,
t2,rolling,2026-02-19,2026-02-19 18:00:00,2026-02-20,2026-02-19 21:00:00,2026-02-20 03:00:00,1,3.0,24.0,0.3370049775723398,0.028642176581120223,0.2940518900722607,0.7500699824097491,5.962962962962963,3.831454182456496,8.299999999999999,
t2,rolling,2026-02-19,2026-02-19 18:00:00,2026-02-20,2026-02-19 22:00:00,2026-02-20 04:00:00,1,4.0,24.0,0.3672736687836903,0.03560481765118259,0.31310539171580853,0.7958279679935989,6.287037037037037,3.3196865710547363,8.1,
t2,rolling,2026-02-19,2026-02-19 18:00:00,2026-02-20,2026-02-19 23:00:00,2026-02-20 05:00:00,1,5.0,24.0,0.40321441725973206,0.052125285791618195,0.34454666111716525,0.8159646142442151,6.407407407407407,2.9247682895103164,7.633333333333334,
t2,rolling,2026-02-19,2026-02-19 18:00:00,2026-02-20,2026-02-20 00:00:00,2026-02-20 06:00:00,1,6.0,24.0,0.4821640022103063,0.08745018117691793,0.4679462155753154,0.8834554178355798,7.601851851851852,1.6560619409500883,7.533333333333334,
t2,rolling,2026-02-19,2026-02-19 18:00:00,2026-02-20,2026-02-20 01:00:00,2026-02-20 07:00:00,1,7.0,24.0,0.5317913362979009,0.08981395772030284,0.5477596278785177,0.9354335892210293,8.194444444444445,1.5002571795989756,7.566666666666667,
t2,rolling,2026-02-19,2026-02-19 18:00:00,2026-02-20,2026-02-20 02:00:00,2026-02-20 08:00:00,1,8.0,24.0,0.5258200760051621,0.08424443740586209,0.5514524111528992,0.9378174342489383,8.666666666666666,1.6729049916570606,7.633333333333333,
t2,rolling,2026-02-19,2026-02-19 18:00:00,2026-02-20,2026-02-20 03:00:00,2026-02-20 09:00:00,1,9.0,24.0,0.49537794819099373,0.08146747395072844,0.5250783139109786,0.9138301642795718,8.574074074074074,1.545686284643484,8.433333333333334,
t2,rolling,2026-02-19,2026-02-19 18:00:00,2026-02-20,2026-02-20 04:00:00,2026-02-20 10:00:00,1,10.0,24.0,0.4124765979007358,0.047174615668783476,0.4412153013572897,0.859567866327999,7.935185185185186,1.2501028764250135,10.1,
t2,rolling,2026-02-19,2026-02-19 18:00:00,2026-02-20,2026-02-20 05:00:00,2026-02-20 11:00:00,1,11.0,24.0,0.3061582686436797,0.043966404306969534,0.29305154221146273,0.7214545280713583,6.712962962962963,1.0039787104459965,11.700000000000001,
t2,rolling,2026-02-19,2026-02-19 18:00:00,2026-02-20,2026-02-20 06:00:00,2026-02-20 12:00:00,1,12.0,24.0,0.2485151910979938,0.02557387111853809,0.23159017931946513,0.6944372667023376,6.981481481481481,0.9062256098605237,12.133333333333333,
t2,rolling,2026-02-19,2026-02-19 18:00:00,2026-02-20,2026-02-20 07:00:00,2026-02-20 13:00:00,1,13.0,24.0,0.23030768038736213,0.01649345934604091,0.19611849449889035,0.6032408132880531,6.398148148148149,0.8581190551183452,13.200000000000001,
t2,rolling,2026-02-19,2026-02-19 18:00:00,2026-02-20,2026-02-20 08:00:00,2026-02-20 14:00:00,1,14.0,24.0,0.18693239652964416,0.011809164404954975,0.13908880858026343,0.4941072201910953,5.6944444444444455,0.7949493345141216,13.866666666666667,
t2,rolling,2026-02-19,2026-02-19 18:00:00,2026-02-20,2026-02-20 09:00:00,2026-02-20 15:00:00,1,15.0,24.0,0.14552030267385715,0.009790935522766095,0.10086998429645036,0.4131137927544595,5.157407407407407,0.42157601621600804,13.933333333333335,
t2,rolling,2026-02-19,2026-02-19 18:00:00,2026-02-20,2026-02-20 10:00:00,2026-02-20 16:00:00,1,16.0,24.0,0.1060568280745819,0.010413396115571735,0.06524149034892728,0.3135701693093339,4.833333333333334,0.16896562584161742,13.466666666666667,
t2,rolling,2026-02-19,2026-02-19 18:00:00,2026-02-20,2026-02-20 11:00:00,2026-02-20 17:00:00,1,17.0,24.0,0.09258507909078724,0.009296714861945221,0.05740659605608423,0.27143783884989375,4.481481481481482,0.6213370025854678,12.4,
t2,rolling,2026-02-19,2026-02-19 18:00:00,2026-02-20,2026-02-20 12:00:00,2026-02-20 18:00:00,1,18.0,24.0,0.12386544724211994,0.009221132865274094,0.0674883647317964,0.3153542700470563,3.611111111111112,1.167658308721317,11.033333333333333,
t2,rolling,2026-02-19,2026-02-19 18:00:00,2026-02-20,2026-02-20 13:00:00,2026-02-20 19:00:00,1,19.0,24.0,0.2082751839621399,0.011935874169113288,0.1172929367073184,0.5390646019307583,2.8518518518518525,1.3755844249947242,9.299999999999999,
t2,rolling,2026-02-19,2026-02-19 18:00:00,2026-02-20,2026-02-20 14:00:00,2026-02-20 20:00:00,1,20.0,24.0,0.2595806167101482,0.02142845168257752,0.15425437833929656,0.6525491497129908,5.5740740740740735,2.685312896068955,8.466666666666667,
t2,rolling,2026-02-19,2026-02-19 18:00:00,2026-02-20,2026-02-20 15:00:00,2026-02-20 21:00:00,1,21.0,24.0,0.3739196740552411,0.02790876762338654,0.3060221187914672,0.8087129796664563,7.092592592592593,4.824091846132046,7.566666666666667,
t2,rolling,2026-02-19,2026-02-19 18:00:00,2026-02-20,2026-02-20 16:00:00,2026-02-20 22:00:00,1,22.0,24.0,0.504897126327005,0.07269571000546819,0.44206066096059404,0.9055128199544908,7.990740740740741,6.308328644582956,7.266666666666667,
t2,rolling,2026-02-19,2026-02-19 18:00:00,2026-02-20,2026-02-20 17:00:00,2026-02-20 23:00:00,1,23.0,24.0,0.587559093550977,0.15304579387641243,0.538130119847672,0.9480248097598718,9.222222222222223,5.966211445494174,7.133333333333333,
t2,rolling,2026-02-19,2026-02-19 18:00:00,2026-02-20,2026-02-20 18:00:00,2026-02-21 00:00:00,2,24.0,48.0,0.6703044049665744,0.28758606498699135,0.6902685444390679,0.9652345331933689,10.74074074074074,2.8404503931971767,6.766666666666666,
t2,rolling,2026-02-19,2026-02-19 18:00:00,2026-02-20,2026-02-20 19:00:00,2026-02-21 01:00:00,2,25.0,48.0,0.6638981831347888,0.3936192264905832,0.7128805644290945,0.9681610299280475,10.907407407407407,1.922562055166771,6.333333333333333,
t2,rolling,2026-02-19,2026-02-19 18:00:00,2026-02-20,2026-02-20 20:00:00,2026-02-21 02:00:00,2,26.0,48.0,0.6561628934756182,0.4139725016505196,0.6879098071640888,0.965863294234805,10.91666666666667,1.6168480234283615,5.933333333333333,
t2,rolling,2026-02-19,2026-02-19 18:00:00,2026-02-20,2026-02-20 21:00:00,2026-02-21 03:00:00,2,27.0,48.0,0.619103317245456,0.36183680043764194,0.6512982601403259,0.9590740578503668,10.518518518518519,1.1534748004297009,5.633333333333333,
t2,rolling,2026-02-19,2026-02-19 18:00:00,2026-02-20,2026-02-20 22:00:00,2026-02-21 04:00:00,2,28.0,48.0,0.5548028771132546,0.3464834147484585,0.6044420407536467,0.9511792027096004,10.166666666666666,0.7489704868173758,5.366666666666667,
t2,rolling,2026-02-19,2026-02-19 18:00:00,2026-02-20,2026-02-20 23:00:00,2026-02-21 05:00:00,2,29.0,48.0,0.5390918743201889,0.3362948874113159,0.5812846453339978,0.9477356194443605,9.824074074074074,0.5228817742035365,5.166666666666667,
t2,rolling,2026-02-19,2026-02-19 18:00:00,2026-02-20,2026-02-21 00:00:00,2026-02-21 06:00:00,2,30.0,48.0,0.5336548343793088,0.2981009577570619,0.5693611437483782,0.9459158638148745,9.935185185185185,0.3394500514782111,5.066666666666666,
t2,rolling,2026-02-19,2026-02-19 18:00:00,2026-02-20,2026-02-21 01:00:00,2026-02-21 07:00:00,2,31.0,48.0,0.5259824934663191,0.23229902292592441,0.5320053306403235,0.9483349233188948,9.814814814814815,0.5888190035401717,5.366666666666667,
t2,rolling,2026-02-19,2026-02-19 18:00:00,2026-02-20,2026-02-21 02:00:00,2026-02-21 08:00:00,2,32.0,48.0,0.4653341780375113,0.20012998734776055,0.44325148315646645,0.9137704277750274,9.694444444444445,1.473008175951428,5.633333333333333,
t2,rolling,2026-02-19,2026-02-19 18:00:00,2026-02-20,2026-02-21 03:00:00,2026-02-21 09:00:00,2,33.0,48.0,0.4097208994683377,0.13610947067146845,0.38656804487057167,0.7884990324355894,8.870370370370372,1.5962758871256963,6.366666666666667,
t2,rolling,2026-02-19,2026-02-19 18:00:00,2026-02-20,2026-02-21 04:00:00,2026-02-21 10:00:00,2,34.0,48.0,0.32646305781044815,0.02905873980319028,0.24723586926261282,0.6361202574684423,6.287037037037038,2.5528870931335894,7.633333333333333,
t2,rolling,2026-02-19,2026-02-19 18:00:00,2026-02-20,2026-02-21 05:00:00,2026-02-21 11:00:00,2,35.0,48.0,0.4234195669928595,0.03761319450771687,0.37538811466051497,0.8724194865676221,6.027777777777779,3.3642088571561524,8.5,
t2,rolling,2026-02-19,2026-02-19 18:00:00,2026-02-20,2026-02-21 06:00:00,2026-02-21 12:00:00,2,36.0,48.0,0.5673247395531951,0.12761148949399076,0.5364746309458492,0.9506679994426217,8.824074074074074,3.8036626814478027,9.1,
t2,rolling,2026-02-19,2026-02-19 18:00:00,2026-02-20,2026-02-21 07:00:00,2026-02-21 13:00:00,2,37.0,48.0,0.7082261128524359,0.24185706051329717,0.7703834152403045,0.9536838349820328,10.194444444444445,3.909864068869535,9.433333333333332,
t2,rolling,2026-02-19,2026-02-19 18:00:00,2026-02-20,2026-02-21 08:00:00,2026-02-21 14:00:00,2,38.0,48.0,0.7061934537900154,0.33216024096204855,0.7493984844488989,0.9592149992083913,12.361111111111112,3.1550713634784824,8.9,
t2,rolling,2026-02-19,2026-02-19 18:00:00,2026-02-20,2026-02-21 09:00:00,2026-02-21 15:00:00,2,39.0,48.0,0.6046722386546657,0.24828334104964295,0.6880704868073626,0.9354783869034347,11.925925925925926,4.045872509377912,8.533333333333333,
t2,rolling,2026-02-19,2026-02-19 18:00:00,2026-02-20,2026-02-21 10:00:00,2026-02-21 16:00:00,2,40.0,48.0,0.5567886365653018,0.14746830141628722,0.5821638904391248,0.8996809942959544,9.75925925925926,2.425643183975557,8.233333333333334,
t2,rolling,2026-02-19,2026-02-19 18:00:00,2026-02-20,2026-02-21 11:00:00,2026-02-21 17:00:00,2,41.0,48.0,0.4429095136966568,0.17265232248604437,0.44798456811841963,0.7944316547872186,8.907407407407407,2.0354370821094765,7.599999999999999,
t2,rolling,2026-02-19,2026-02-19 18:00:00,2026-02-20,2026-02-21 12:00:00,2026-02-21 18:00:00,2,42.0,48.0,0.3857226221023992,0.07621796459413296,0.33128253379980394,0.7357432982991399,7.5,2.4057864913527363,6.2,
t2,rolling,2026-02-19,2026-02-19 18:00:00,2026-02-20,2026-02-21 13:00:00,2026-02-21 19:00:00,2,43.0,48.0,0.4665669468923442,0.07783394896630404,0.3827520526507641,0.798689128358253,6.6759259259259265,2.5715581896262325,5.966666666666666,
t2,rolling,2026-02-19,2026-02-19 18:00:00,2026-02-20,2026-02-21 14:00:00,2026-02-21 20:00:00,2,44.0,48.0,0.5339691917036866,0.1104429062052905,0.5409210227745811,0.8447810399025458,6.8240740740740735,0.7769506183628956,5.866666666666667,
t2,rolling,2026-02-19,2026-02-19 18:00:00,2026-02-20,2026-02-21 15:00:00,2026-02-21 21:00:00,2,45.0,48.0,0.561653910454696,0.15558526579362042,0.5842004044586141,0.9676098072818378,8.555555555555555,1.500771406582233,5.666666666666667,
t2,rolling,2026-02-19,2026-02-19 18:00:00,2026-02-20,2026-02-21 16:00:00,2026-02-21 22:00:00,2,46.0,48.0,0.5261514283586268,0.1330620859768419,0.5483868322491825,0.9667057649347683,10.592592592592593,5.092079098690936,5.133333333333334,
t2,rolling,2026-02-19,2026-02-19 18:00:00,2026-02-20,2026-02-21 17:00:00,2026-02-21 23:00:00,2,47.0,48.0,0.6031429390435733,0.17429425371240706,0.615057808995204,0.9701033144508032,9.546296296296298,3.3855098515190463,4.8999999999999995,
t2,rolling,2026-02-20,2026-02-20 18:00:00,2026-02-21,2026-02-20 18:00:00,2026-02-21 00:00:00,1,0.0,24.0,0.6589559945615949,0.3407502296329184,0.6998076914243311,0.9666960044355035,10.62037037037037,3.5644780985757705,6.766666666666667,
t2,rolling,2026-02-20,2026-02-20 18:00:00,2026-02-21,2026-02-20 19:00:00,2026-02-21 01:00:00,1,1.0,24.0,0.6502336804381764,0.3453815433802982,0.6867279448157709,0.958164950595307,10.694444444444445,3.617195728499028,6.3,
t2,rolling,2026-02-20,2026-02-20 18:00:00,2026-02-21,2026-02-20 20:00:00,2026-02-21 02:00:00,1,2.0,24.0,0.6358058067323302,0.3477494921644368,0.6663332850498107,0.9616096418245784,10.666666666666666,3.338884266959271,5.8,
t2,rolling,2026-02-20,2026-02-20 18:00:00,2026-02-21,2026-02-20 21:00:00,2026-02-21 03:00:00,1,3.0,24.0,0.622010158148746,0.31702655634215854,0.6641725151743157,0.9526138721418742,10.305555555555555,3.2809542047744533,5.466666666666666,
t2,rolling,2026-02-20,2026-02-20 18:00:00,2026-02-21,2026-02-20 22:00:00,2026-02-21 04:00:00,1,4.0,24.0,0.6110911563589796,0.30814311587165966,0.6190432993268676,0.9428394066975702,9.972222222222223,3.030325126182069,5.066666666666666,
t2,rolling,2026-02-20,2026-02-20 18:00:00,2026-02-21,2026-02-20 23:00:00,2026-02-21 05:00:00,1,5.0,24.0,0.6097398982774314,0.3647464503339264,0.6145110280769164,0.9461997810915301,9.87037037037037,2.3953938136836177,4.7,
t2,rolling,2026-02-20,2026-02-20 18:00:00,2026-02-21,2026-02-21 00:00:00,2026-02-21 06:00:00,1,6.0,24.0,0.5991512106334728,0.35123787471127516,0.5965033945370444,0.9521314562768128,10.083333333333334,1.5338264102531691,4.433333333333334,
t2,rolling,2026-02-20,2026-02-20 18:00:00,2026-02-21,2026-02-21 01:00:00,2026-02-21 07:00:00,1,7.0,24.0,0.5092033456160964,0.25651848515804376,0.48626427444163806,0.9251908429017912,9.833333333333334,1.7329415511646908,4.433333333333334,
t2,rolling,2026-02-20,2026-02-20 18:00:00,2026-02-21,2026-02-21 02:00:00,2026-02-21 08:00:00,1,8.0,24.0,0.5664708357044417,0.2438742957056652,0.4874769316120989,0.9138693209477946,10.009259259259261,2.0679680291405202,4.8,
t2,rolling,2026-02-20,2026-02-20 18:00:00,2026-02-21,2026-02-21 03:00:00,2026-02-21 09:00:00,1,9.0,24.0,0.47305601803202235,0.17968952862930665,0.4513573213616981,0.8636111660182709,9.083333333333334,0.9308664488953354,5.800000000000001,
t2,rolling,2026-02-20,2026-02-20 18:00:00,2026-02-21,2026-02-21 04:00:00,2026-02-21 10:00:00,1,10.0,24.0,0.3045672861196047,0.025129731008118814,0.21879201515599042,0.6996118611135044,7.166666666666667,3.2156302302624566,7.166666666666667,
t2,rolling,2026-02-20,2026-02-20 18:00:00,2026-02-21,2026-02-21 05:00:00,2026-02-21 11:00:00,1,11.0,24.0,0.4232008512433,0.0698351523926982,0.30846608813822923,0.8209218475484316,4.4259259259259265,2.6789838992629815,8.233333333333334,
t2,rolling,2026-02-20,2026-02-20 18:00:00,2026-02-21,2026-02-21 06:00:00,2026-02-21 12:00:00,1,12.0,24.0,0.6498980152655405,0.21343956752033752,0.6254985420784358,0.9714298810823839,8.138888888888888,7.057031779074273,8.6,
t2,rolling,2026-02-20,2026-02-20 18:00:00,2026-02-21,2026-02-21 07:00:00,2026-02-21 13:00:00,1,13.0,24.0,0.8168543481305997,0.4187115014933307,0.8988588750427395,0.9772648312916691,15.231481481481483,2.9959248728266528,8.766666666666667,
t2,rolling,2026-02-20,2026-02-20 18:00:00,2026-02-21,2026-02-21 08:00:00,2026-02-21 14:00:00,1,14.0,24.0,0.8533596891717604,0.4761369172048677,0.9112238841258863,0.976966552408128,13.287037037037038,1.251645008114301,8.466666666666667,
t2,rolling,2026-02-20,2026-02-20 18:00:00,2026-02-21,2026-02-21 09:00:00,2026-02-21 15:00:00,1,15.0,24.0,0.8571554527499529,0.5739820193080376,0.9276540674977646,0.9761700803302257,14.00925925925926,2.5139016778884846,8.4,
t2,rolling,2026-02-20,2026-02-20 18:00:00,2026-02-21,2026-02-21 10:00:00,2026-02-21 16:00:00,1,16.0,24.0,0.7706591984700585,0.3601170450468743,0.8414423636620595,0.9715207753511907,12.111111111111112,1.3491538271756556,7.8,
t2,rolling,2026-02-20,2026-02-20 18:00:00,2026-02-21,2026-02-21 11:00:00,2026-02-21 17:00:00,1,17.0,24.0,0.7028689285806878,0.41357528125654924,0.7499183311601026,0.9603295640884867,11.120370370370372,1.4493328960668082,7.5,
t2,rolling,2026-02-20,2026-02-20 18:00:00,2026-02-21,2026-02-21 12:00:00,2026-02-21 18:00:00,1,18.0,24.0,0.6120946455399948,0.3035309872168547,0.6426345824830354,0.9332968597551836,9.99074074074074,2.03107291884021,7.1000000000000005,
t2,rolling,2026-02-20,2026-02-20 18:00:00,2026-02-21,2026-02-21 13:00:00,2026-02-21 19:00:00,1,19.0,24.0,0.4598184121685244,0.17578716547510273,0.43030696586806727,0.8305213808729496,9.472222222222221,2.456253043223698,6.133333333333333,
t2,rolling,2026-02-20,2026-02-20 18:00:00,2026-02-21,2026-02-21 14:00:00,2026-02-21 20:00:00,1,20.0,24.0,0.37467192655001197,0.05316409654987065,0.29087103663993735,0.8170715444958564,8.231481481481483,3.1429832359398895,5.266666666666667,
t2,rolling,2026-02-20,2026-02-20 18:00:00,2026-02-21,2026-02-21 15:00:00,2026-02-21 21:00:00,1,21.0,24.0,0.3325830063334767,0.04238555255630233,0.25435681035370056,0.6309290851492191,6.787037037037037,3.0059525992281686,4.966666666666666,
t2,rolling,2026-02-20,2026-02-20 18:00:00,2026-02-21,2026-02-21 16:00:00,2026-02-21 22:00:00,1,22.0,24.0,0.29498092609293136,0.041738011236795505,0.22136617841886627,0.5940369686436661,5.592592592592593,1.847657286554969,4.666666666666667,
t2,rolling,2026-02-20,2026-02-20 18:00:00,2026-02-21,2026-02-21 17:00:00,2026-02-21 23:00:00,1,23.0,24.0,0.4900834907585922,0.06249714183326186,0.4213564336371362,0.8455898665945273,5.212962962962963,0.8630503850171145,4.466666666666667,
t2,rolling,2026-02-20,2026-02-20 18:00:00,2026-02-21,2026-02-21 18:00:00,2026-02-22 00:00:00,2,24.0,48.0,0.6077156566274985,0.10435900081998463,0.5613905490367351,0.9613983312083324,9.370370370370372,2.9041176245039964,4.866666666666666,
t2,rolling,2026-02-20,2026-02-20 18:00:00,2026-02-21,2026-02-21 19:00:00,2026-02-22 01:00:00,2,25.0,48.0,0.5750652214272477,0.12093549413956393,0.5070786838368836,0.9431702699789095,9.379629629629632,2.736686816665416,4.1000000000000005,
t2,rolling,2026-02-20,2026-02-20 18:00:00,2026-02-21,2026-02-21 20:00:00,2026-02-22 02:00:00,2,26.0,48.0,0.4292100378047537,0.07143441919624752,0.34601904350535667,0.895909950374432,8.620370370370372,2.8672175037816316,3.266666666666667,
t2,rolling,2026-02-20,2026-02-20 18:00:00,2026-02-21,2026-02-21 21:00:00,2026-02-22 03:00:00,2,27.0,48.0,0.3048477570211507,0.029746932647719618,0.22178799792720014,0.7877644392383598,7.333333333333333,2.759383541819476,2.433333333333333,
t2,rolling,2026-02-20,2026-02-20 18:00:00,2026-02-21,2026-02-21 22:00:00,2026-02-22 04:00:00,2,28.0,48.0,0.21834839420840002,0.01745631602310653,0.13729774173429213,0.6168797484863372,5.62962962962963,2.660921666495716,1.5999999999999999,
t2,rolling,2026-02-20,2026-02-20 18:00:00,2026-02-21,2026-02-21 23:00:00,2026-02-22 05:00:00,2,29.0,48.0,0.11872396126998433,0.009064984261737094,0.06959366881829562,0.35771568375692964,3.7129629629629632,2.8138399871440862,0.8666666666666666,
t2,rolling,2026-02-20,2026-02-20 18:00:00,2026-02-21,2026-02-22 00:00:00,2026-02-22 06:00:00,2,30.0,48.0,0.07559651596497739,0.008455691460311995,0.023524060840479918,0.28338549335599317,3.175925925925926,2.6768228664661793,1.1,
t2,rolling,2026-02-20,2026-02-20 18:00:00,2026-02-21,2026-02-22 01:00:00,2026-02-22 07:00:00,2,31.0,48.0,0.05283920499822168,0.007906998795106177,0.018461035100812824,0.19262627264478058,2.611111111111111,1.2098489855768093,1.0,
t2,rolling,2026-02-20,2026-02-20 18:00:00,2026-02-21,2026-02-22 02:00:00,2026-02-22 08:00:00,2,32.0,48.0,0.0538302844335995,0.008390089974115009,0.022173243983026884,0.2074189508462428,2.1481481481481484,0.5139514476436265,1.0,
t2,rolling,2026-02-20,2026-02-20 18:00:00,2026-02-21,2026-02-22 03:00:00,2026-02-22 09:00:00,2,33.0,48.0,0.10070132390893835,0.00944226994535003,0.04670307665407261,0.3068046731229065,1.9907407407407407,1.9183433353452075,1.7999999999999998,
t2,rolling,2026-02-20,2026-02-20 18:00:00,2026-02-21,2026-02-22 04:00:00,2026-02-22 10:00:00,2,34.0,48.0,0.18485397801586836,0.01845716905362638,0.16555647405633914,0.5192132015828774,3.6018518518518516,3.942520396673846,3.8666666666666667,
t2,rolling,2026-02-20,2026-02-20 18:00:00,2026-02-21,2026-02-22 05:00:00,2026-02-22 11:00:00,2,35.0,48.0,0.4018846781175929,0.03227302515911349,0.29833191230960165,0.8445481712880363,5.351851851851852,4.551855995537999,5.5,
t2,rolling,2026-02-20,2026-02-20 18:00:00,2026-02-21,2026-02-22 06:00:00,2026-02-22 12:00:00,2,36.0,48.0,0.5729524592664943,0.07397649439358349,0.4592155828675667,0.9347519985811509,8.611111111111112,5.003316801117603,8.066666666666666,
t2,rolling,2026-02-20,2026-02-20 18:00:00,2026-02-21,2026-02-22 07:00:00,2026-02-22 13:00:00,2,37.0,48.0,0.6340163425564993,0.1588617288081248,0.6197249501091292,0.9720902318494352,9.666666666666666,3.6433390938926378,9.166666666666666,
t2,rolling,2026-02-20,2026-02-20 18:00:00,2026-02-21,2026-02-22 08:00:00,2026-02-22 14:00:00,2,38.0,48.0,0.8107161724211585,0.36141409975416233,0.7415700463353994,0.9756245985190931,10.018518518518519,2.3974866812625417,9.799999999999999,
t2,rolling,2026-02-20,2026-02-20 18:00:00,2026-02-21,2026-02-22 09:00:00,2026-02-22 15:00:00,2,39.0,48.0,0.8759538878192393,0.5468851181598002,0.9111473249667622,0.9745582093603912,10.361111111111112,1.8322808426711645,10.0,
t2,rolling,2026-02-20,2026-02-20 18:00:00,2026-02-21,2026-02-22 10:00:00,2026-02-22 16:00:00,2,40.0,48.0,0.9039944202037656,0.566466651974978,0.9395760392572363,0.9728874468811511,10.518518518518519,1.8893654083026223,9.799999999999999,
t2,rolling,2026-02-20,2026-02-20 18:00:00,2026-02-21,2026-02-22 11:00:00,2026-02-22 17:00:00,2,41.0,48.0,0.8219145109570747,0.5324300754302961,0.8638397160825964,0.9762468665794908,10.416666666666666,1.9041458990682072,9.333333333333334,
t2,rolling,2026-02-20,2026-02-20 18:00:00,2026-02-21,2026-02-22 12:00:00,2026-02-22 18:00:00,2,42.0,48.0,0.7706637228963116,0.503022354419518,0.8188477445674626,0.9692301144383628,10.805555555555557,1.5833333333333337,8.0,
t2,rolling,2026-02-20,2026-02-20 18:00:00,2026-02-21,2026-02-22 13:00:00,2026-02-22 19:00:00,2,43.0,48.0,0.6908608847808119,0.37537056299592636,0.7045299529626923,0.9739794648510814,10.296296296296298,1.3328509930023407,6.7,
t2,rolling,2026-02-20,2026-02-20 18:00:00,2026-02-21,2026-02-22 14:00:00,2026-02-22 20:00:00,2,44.0,48.0,0.5969044155961787,0.2393539153571784,0.5209665204022793,0.9116391666442835,9.129629629629632,1.3472460860811235,5.666666666666667,
t2,rolling,2026-02-20,2026-02-20 18:00:00,2026-02-21,2026-02-22 15:00:00,2026-02-22 21:00:00,2,45.0,48.0,0.38961873346336434,0.10403496602799937,0.32798646393868786,0.7888811554987762,8.379629629629628,1.403900357572349,5.033333333333334,
t2,rolling,2026-02-20,2026-02-20 18:00:00,2026-02-21,2026-02-22 16:00:00,2026-02-22 22:00:00,2,46.0,48.0,0.3206376457051045,0.06643165812925952,0.3010743146928356,0.7457142096696346,7.916666666666667,1.3888888888888888,4.633333333333334,
t2,rolling,2026-02-20,2026-02-20 18:00:00,2026-02-21,2026-02-22 17:00:00,2026-02-22 23:00:00,2,47.0,48.0,0.27944652305050566,0.034512471004688836,0.2582394251445214,0.7015006902109517,7.555555555555557,1.76536464949285,4.233333333333333,
t2,rolling,2026-02-21,2026-02-21 18:00:00,2026-02-22,2026-02-21 18:00:00,2026-02-22 00:00:00,1,0.0,24.0,0.10476908549098872,0.009350803291847898,0.06798987197009798,0.3028601619646718,4.185185185185185,1.78737283354384,4.266666666666667,
t2,rolling,2026-02-21,2026-02-21 18:00:00,2026-02-22,2026-02-21 19:00:00,2026-02-22 01:00:00,1,1.0,24.0,0.09993303090055476,0.008550233508822575,0.06731500414810936,0.2889173414177485,4.0,1.8208751796191545,3.733333333333333,
t2,rolling,2026-02-21,2026-02-21 18:00:00,2026-02-22,2026-02-21 20:00:00,2026-02-22 02:00:00,1,2.0,24.0,0.07620279895859716,0.007990386853714051,0.0399432429194872,0.26132076025169215,3.6203703703703702,1.40554823596396,3.1999999999999997,
t2,rolling,2026-02-21,2026-02-21 18:00:00,2026-02-22,2026-02-21 21:00:00,2026-02-22 03:00:00,1,3.0,24.0,0.05531142241139192,0.0077067930646907805,0.017402441476882243,0.19926096461229914,3.1296296296296298,1.1707380458567411,2.6666666666666665,
t2,rolling,2026-02-21,2026-02-21 18:00:00,2026-02-22,2026-02-21 22:00:00,2026-02-22 04:00:00,1,4.0,24.0,0.05478764358262847,0.008029091822635446,0.017298464012291744,0.17324192619945744,2.564814814814815,1.207401726866892,2.3000000000000003,
t2,rolling,2026-02-21,2026-02-21 18:00:00,2026-02-22,2026-02-21 23:00:00,2026-02-22 05:00:00,1,5.0,24.0,0.05584746938070702,0.008299822437439715,0.021296756482900685,0.19633419073869018,2.222222222222222,0.829621362392671,2.066666666666667,
t2,rolling,2026-02-21,2026-02-21 18:00:00,2026-02-22,2026-02-22 00:00:00,2026-02-22 06:00:00,1,6.0,24.0,0.09966796365628808,0.008718901083960806,0.03766170931837461,0.2778499618804685,1.5185185185185184,1.2223274365487824,2.1333333333333333,
t2,rolling,2026-02-21,2026-02-21 18:00:00,2026-02-22,2026-02-22 01:00:00,2026-02-22 07:00:00,1,7.0,24.0,0.16913262858819456,0.015991397376770924,0.11275410772171837,0.45955666082779906,2.824074074074074,2.3665514665059364,2.1,
t2,rolling,2026-02-21,2026-02-21 18:00:00,2026-02-22,2026-02-22 02:00:00,2026-02-22 08:00:00,1,8.0,24.0,0.26220174322858114,0.03984476548702933,0.19385840560329562,0.6578750547448166,5.935185185185186,3.867434204366363,1.9666666666666668,
t2,rolling,2026-02-21,2026-02-21 18:00:00,2026-02-22,2026-02-22 03:00:00,2026-02-22 09:00:00,1,9.0,24.0,0.4268461746459296,0.07538526763852768,0.34760105324453394,0.8742837547224318,7.787037037037038,4.208524320320903,2.4333333333333336,
t2,rolling,2026-02-21,2026-02-21 18:00:00,2026-02-22,2026-02-22 04:00:00,2026-02-22 10:00:00,1,10.0,24.0,0.5832826025767348,0.13692985293649815,0.46993351575285214,0.9591478775237487,8.935185185185185,4.412763241311311,4.233333333333333,
t2,rolling,2026-02-21,2026-02-21 18:00:00,2026-02-22,2026-02-22 05:00:00,2026-02-22 11:00:00,1,11.0,24.0,0.7212125252139656,0.2243639781965232,0.6580706289319227,0.9776305681136057,9.481481481481481,4.99245830405177,6.166666666666667,
t2,rolling,2026-02-21,2026-02-21 18:00:00,2026-02-22,2026-02-22 06:00:00,2026-02-22 12:00:00,1,12.0,24.0,0.8836253918000195,0.5289192438637865,0.9318663666362962,0.9769149824568317,11.064814814814815,2.0378996490072487,7.6000000000000005,
t2,rolling,2026-02-21,2026-02-21 18:00:00,2026-02-22,2026-02-22 07:00:00,2026-02-22 13:00:00,1,13.0,24.0,0.8917711974686467,0.5973909799417023,0.9409954253642695,0.9761612845371813,11.472222222222221,1.5666765169115073,8.6,
t2,rolling,2026-02-21,2026-02-21 18:00:00,2026-02-22,2026-02-22 08:00:00,2026-02-22 14:00:00,1,14.0,24.0,0.8924462665386768,0.6177824171022057,0.9425598042337026,0.973490897165661,11.203703703703704,1.2216960146711506,9.133333333333333,
t2,rolling,2026-02-21,2026-02-21 18:00:00,2026-02-22,2026-02-22 09:00:00,2026-02-22 15:00:00,1,15.0,24.0,0.8934247530600058,0.6161539917391131,0.9451824045258037,0.9750388736983011,10.925925925925926,1.3501066868376075,9.4,
t2,rolling,2026-02-21,2026-02-21 18:00:00,2026-02-22,2026-02-22 10:00:00,2026-02-22 16:00:00,1,16.0,24.0,0.8902271793202813,0.604750993802558,0.9434446751002415,0.9746484973625738,10.537037037037038,1.4725715867791618,9.466666666666667,
t2,rolling,2026-02-21,2026-02-21 18:00:00,2026-02-22,2026-02-22 11:00:00,2026-02-22 17:00:00,1,17.0,24.0,0.8011611325815671,0.5294451518549639,0.8587964883514877,0.9730622303170791,10.527777777777777,2.181749496206549,9.1,
t2,rolling,2026-02-21,2026-02-21 18:00:00,2026-02-22,2026-02-22 12:00:00,2026-02-22 18:00:00,1,18.0,24.0,0.6599337997325989,0.3119088841908113,0.6629164174046036,0.9761999015316107,10.083333333333334,2.403861348479993,8.3,
t2,rolling,2026-02-21,2026-02-21 18:00:00,2026-02-22,2026-02-22 13:00:00,2026-02-22 19:00:00,1,19.0,24.0,0.5277286182780502,0.16757075583892447,0.49321756388893484,0.9461220273086779,9.592592592592593,2.894270272715151,6.8999999999999995,
t2,rolling,2026-02-21,2026-02-21 18:00:00,2026-02-22,2026-02-22 14:00:00,2026-02-22 20:00:00,1,20.0,24.0,0.32743011121121857,0.05543690398517097,0.2518611254187112,0.7551467614332669,8.407407407407408,2.875011182658517,5.833333333333333,
t2,rolling,2026-02-21,2026-02-21 18:00:00,2026-02-22,2026-02-22 15:00:00,2026-02-22 21:00:00,1,21.0,24.0,0.2525206545833864,0.014756395891076081,0.21228289555845142,0.6634652995652821,7.314814814814814,2.8340594567007984,5.066666666666666,
t2,rolling,2026-02-21,2026-02-21 18:00:00,2026-02-22,2026-02-22 16:00:00,2026-02-22 22:00:00,1,22.0,24.0,0.2212957852302153,0.018299453136006817,0.11993658461822035,0.6085016712969203,6.537037037037037,2.7234029941073277,4.366666666666666,
t2,rolling,2026-02-21,2026-02-21 18:00:00,2026-02-22,2026-02-22 17:00:00,2026-02-22 23:00:00,1,23.0,24.0,0.31422873166824694,0.02076673378387126,0.2517310824705572,0.7858082122809591,5.518518518518519,2.987930109197429,3.6666666666666665,
t2,rolling,2026-02-21,2026-02-21 18:00:00,2026-02-22,2026-02-22 18:00:00,2026-02-23 00:00:00,2,24.0,48.0,0.4284428923419845,0.07430278296138268,0.3301238622927237,0.8911261720990192,9.018518518518519,2.03410984970292,4.566666666666666,
t2,rolling,2026-02-21,2026-02-21 18:00:00,2026-02-22,2026-02-22 19:00:00,2026-02-23 01:00:00,2,25.0,48.0,0.35383708976481937,0.027900183060598348,0.2798098844585343,0.8627446609026599,8.574074074074074,2.076160491588084,4.266666666666667,
t2,rolling,2026-02-21,2026-02-21 18:00:00,2026-02-22,2026-02-22 20:00:00,2026-02-23 02:00:00,2,26.0,48.0,0.3235946668680173,0.012376607473911241,0.23642160512025326,0.7994670856097582,7.75,1.3333333333333335,3.9333333333333336,
t2,rolling,2026-02-21,2026-02-21 18:00:00,2026-02-22,2026-02-22 21:00:00,2026-02-23 03:00:00,2,27.0,48.0,0.22167061192878365,0.01221310781542142,0.11272468421228639,0.5620244565573751,6.472222222222222,0.600925212577332,3.6333333333333333,
t2,rolling,2026-02-21,2026-02-21 18:00:00,2026-02-22,2026-02-22 22:00:00,2026-02-23 04:00:00,2,28.0,48.0,0.10931376256786567,0.007673232677751193,0.05424666984369429,0.35188183452011945,4.935185185185186,0.992383546256516,3.1666666666666665,
t2,rolling,2026-02-21,2026-02-21 18:00:00,2026-02-22,2026-02-22 23:00:00,2026-02-23 05:00:00,2,29.0,48.0,0.06867656476914676,0.007839239327830094,0.03609497405272713,0.25107252110952916,3.3703703703703707,1.6245448872022525,2.7999999999999994,
t2,rolling,2026-02-21,2026-02-21 18:00:00,2026-02-22,2026-02-23 00:00:00,2026-02-23 06:00:00,2,30.0,48.0,0.0573611032156629,0.007583227977220609,0.01752383048570592,0.2010698756913678,2.240740740740741,0.8133404168888054,2.4,
t2,rolling,2026-02-21,2026-02-21 18:00:00,2026-02-22,2026-02-23 01:00:00,2026-02-23 07:00:00,2,31.0,48.0,0.05830320864580985,0.008307929249066507,0.018022009662350503,0.2084094354999832,1.5370370370370372,0.9322469426819902,2.2666666666666666,
t2,rolling,2026-02-21,2026-02-21 18:00:00,2026-02-22,2026-02-23 02:00:00,2026-02-23 08:00:00,2,32.0,48.0,0.05948091087004799,0.008096062332695886,0.017838945663067558,0.1994962509065987,1.1574074074074074,0.38322596456620145,2.2666666666666666,
t2,rolling,2026-02-21,2026-02-21 18:00:00,2026-02-22,2026-02-23 03:00:00,2026-02-23 09:00:00,2,33.0,48.0,0.07261265365926008,0.00818392801677959,0.022190118570697012,0.2355153629224162,1.1944444444444444,1.3746492257398468,3.3333333333333335,
t2,rolling,2026-02-21,2026-02-21 18:00:00,2026-02-22,2026-02-23 04:00:00,2026-02-23 10:00:00,2,34.0,48.0,0.09040663640118313,0.009109262050403433,0.04193067381303955,0.2771191528657198,1.7685185185185184,1.8636660185791298,5.066666666666666,
t2,rolling,2026-02-21,2026-02-21 18:00:00,2026-02-22,2026-02-23 05:00:00,2026-02-23 11:00:00,2,35.0,48.0,0.1411578819137052,0.012164077003751932,0.08578018697547654,0.3683136190843233,3.203703703703704,1.781318811391978,6.8999999999999995,
t2,rolling,2026-02-21,2026-02-21 18:00:00,2026-02-22,2026-02-23 06:00:00,2026-02-23 12:00:00,2,36.0,48.0,0.24153291497440368,0.016580124508909024,0.1799886639814972,0.5203080615819616,3.9722222222222228,2.6199613605670216,8.266666666666667,
t2,rolling,2026-02-21,2026-02-21 18:00:00,2026-02-22,2026-02-23 07:00:00,2026-02-23 13:00:00,2,37.0,48.0,0.3545587659537365,0.041454794988104345,0.29259030761579213,0.7423000288462748,6.0092592592592595,3.4384281388221014,9.1,
t2,rolling,2026-02-21,2026-02-21 18:00:00,2026-02-22,2026-02-23 08:00:00,2026-02-23 14:00:00,2,38.0,48.0,0.3913576854113742,0.06430421497337112,0.35800778094068086,0.8309888657897532,7.564814814814814,3.78943598743674,8.9,
t2,rolling,2026-02-21,2026-02-21 18:00:00,2026-02-22,2026-02-23 09:00:00,2026-02-23 15:00:00,2,39.0,48.0,0.48308559208808155,0.08287399945547051,0.4237278718123785,0.8652391586483519,8.148148148148149,3.1703600943066412,8.466666666666667,
t2,rolling,2026-02-21,2026-02-21 18:00:00,2026-02-22,2026-02-23 10:00:00,2026-02-23 16:00:00,2,40.0,48.0,0.5091724572904415,0.09338015408441402,0.471388391359506,0.9366264196465561,8.314814814814817,2.8404503931971763,8.1,
t2,rolling,2026-02-21,2026-02-21 18:00:00,2026-02-22,2026-02-23 11:00:00,2026-02-23 17:00:00,2,41.0,48.0,0.5635079563277315,0.2163392450016565,0.5500232104012281,0.9547399880535968,9.046296296296296,1.6851597474677575,7.333333333333333,
t2,rolling,2026-02-21,2026-02-21 18:00:00,2026-02-22,2026-02-23 12:00:00,2026-02-23 18:00:00,2,42.0,48.0,0.7001192631130488,0.31111057332299297,0.6845708437726692,0.9707426480296376,10.185185185185185,0.18495355884664966,6.033333333333334,
t2,rolling,2026-02-21,2026-02-21 18:00:00,2026-02-22,2026-02-23 13:00:00,2026-02-23 19:00:00,2,43.0,48.0,0.7362061377631814,0.4304836058607949,0.7691767147809364,0.9692940899685194,10.25925925925926,1.7234165512299973,5.0,
t2,rolling,2026-02-21,2026-02-21 18:00:00,2026-02-22,2026-02-23 14:00:00,2026-02-23 20:00:00,2,44.0,48.0,0.7876917213581506,0.4388270723130583,0.8306405927633811,0.9769597426826453,10.00925925925926,2.058243987664534,3.866666666666667,
t2,rolling,2026-02-21,2026-02-21 18:00:00,2026-02-22,2026-02-23 15:00:00,2026-02-23 21:00:00,2,45.0,48.0,0.8128401717397488,0.5062986297853636,0.8727186527954481,0.9808792288410932,10.888888888888891,1.8788540636762059,2.4666666666666663,
t2,rolling,2026-02-21,2026-02-21 18:00:00,2026-02-22,2026-02-23 16:00:00,2026-02-23 22:00:00,2,46.0,48.0,0.8424976392394821,0.54089045469249,0.8985715913436224,0.9805248437985358,11.138888888888891,2.458451032963944,1.2333333333333334,
t2,rolling,2026-02-21,2026-02-21 18:00:00,2026-02-22,2026-02-23 17:00:00,2026-02-23 23:00:00,2,47.0,48.0,0.8480510287257165,0.5866638751483911,0.9103191634086703,0.9843964640772004,12.148148148148147,2.058243987664534,0.06666666666666665,
t2,rolling,2026-02-22,2026-02-22 18:00:00,2026-02-23,2026-02-22 18:00:00,2026-02-23 00:00:00,1,0.0,24.0,0.07748571017102163,0.009217277945105923,0.032066197241785575,0.28910793632594955,4.62037037037037,1.821581301016782,3.266666666666667,
t2,rolling,2026-02-22,2026-02-22 18:00:00,2026-02-23,2026-02-22 19:00:00,2026-02-23 01:00:00,1,1.0,24.0,0.07522634528625548,0.009230700645121513,0.03303260917136901,0.2612073391720737,4.555555555555556,1.5949863577728434,2.9,
t2,rolling,2026-02-22,2026-02-22 18:00:00,2026-02-23,2026-02-22 20:00:00,2026-02-23 02:00:00,1,2.0,24.0,0.07110088709722309,0.009140113809997043,0.030990900100980236,0.23909047529932953,4.231481481481482,1.6796561719492114,2.766666666666667,
t2,rolling,2026-02-22,2026-02-22 18:00:00,2026-02-23,2026-02-22 21:00:00,2026-02-23 03:00:00,1,3.0,24.0,0.07155709385806484,0.009029520201117172,0.034274366153352914,0.2338712013597731,3.9444444444444446,2.108368101016214,2.6666666666666665,
t2,rolling,2026-02-22,2026-02-22 18:00:00,2026-02-23,2026-02-22 22:00:00,2026-02-23 04:00:00,1,4.0,24.0,0.07188977058997746,0.008498606011679467,0.036524732751606136,0.23844386977883317,3.898148148148149,2.0729990600288897,2.6333333333333333,
t2,rolling,2026-02-22,2026-02-22 18:00:00,2026-02-23,2026-02-22 23:00:00,2026-02-23 05:00:00,1,5.0,24.0,0.07524544473801978,0.009002533437555351,0.03191314167850561,0.22338488560119102,3.5462962962962963,2.6845944433196762,2.466666666666667,
t2,rolling,2026-02-22,2026-02-22 18:00:00,2026-02-23,2026-02-23 00:00:00,2026-02-23 06:00:00,1,6.0,24.0,0.06075513733193147,0.008930805785013412,0.02099023482407155,0.2057737257831866,3.1111111111111107,1.7429310491167769,2.3000000000000003,
t2,rolling,2026-02-22,2026-02-22 18:00:00,2026-02-23,2026-02-23 01:00:00,2026-02-23 07:00:00,1,7.0,24.0,0.05965768829647264,0.008881501010316734,0.01838689640172441,0.18173866632812463,2.722222222222222,0.5534683012547578,2.1666666666666665,
t2,rolling,2026-02-22,2026-02-22 18:00:00,2026-02-23,2026-02-23 02:00:00,2026-02-23 08:00:00,1,8.0,24.0,0.05558160936465251,0.00812821460584354,0.020220276320063006,0.19568450083686975,2.064814814814815,1.4793677049957399,2.4333333333333336,
t2,rolling,2026-02-22,2026-02-22 18:00:00,2026-02-23,2026-02-23 03:00:00,2026-02-23 09:00:00,1,9.0,24.0,0.06256837930066488,0.007630992779974412,0.024311890999417902,0.20758062095454105,2.351851851851852,1.4088382103281623,3.5666666666666664,
t2,rolling,2026-02-22,2026-02-22 18:00:00,2026-02-23,2026-02-23 04:00:00,2026-02-23 10:00:00,1,10.0,24.0,0.07301090809107807,0.008608243083398918,0.04266305425818083,0.25340849341789085,2.8888888888888893,2.1247730452514597,5.3999999999999995,
t2,rolling,2026-02-22,2026-02-22 18:00:00,2026-02-23,2026-02-23 05:00:00,2026-02-23 11:00:00,1,11.0,24.0,0.14721384206559734,0.013749515737541053,0.09736158514360739,0.34956135452117554,3.6018518518518525,1.908867653915433,7.1000000000000005,
t2,rolling,2026-02-22,2026-02-22 18:00:00,2026-02-23,2026-02-23 06:00:00,2026-02-23 12:00:00,1,12.0,24.0,0.21700890491782648,0.022754838095449575,0.1596681169511898,0.501620143318641,3.7129629629629632,1.4995712693198504,8.5,
t2,rolling,2026-02-22,2026-02-22 18:00:00,2026-02-23,2026-02-23 07:00:00,2026-02-23 13:00:00,1,13.0,24.0,0.32299891850351714,0.03522526990958964,0.2861388710711872,0.6575523372477319,5.305555555555555,0.728074579004509,8.933333333333334,
t2,rolling,2026-02-22,2026-02-22 18:00:00,2026-02-23,2026-02-23 08:00:00,2026-02-23 14:00:00,1,14.0,24.0,0.40731397885432175,0.05440023926596514,0.4210630429491647,0.7904870655800366,7.805555555555556,1.5282827448309904,8.866666666666667,
t2,rolling,2026-02-22,2026-02-22 18:00:00,2026-02-23,2026-02-23 09:00:00,2026-02-23 15:00:00,1,15.0,24.0,0.48916443852321706,0.11201962456502852,0.45650762691741037,0.8704369318773564,8.703703703703704,1.9771716715879881,8.6,
t2,rolling,2026-02-22,2026-02-22 18:00:00,2026-02-23,2026-02-23 10:00:00,2026-02-23 16:00:00,1,16.0,24.0,0.5465144289101662,0.15936648498026124,0.539538299608756,0.9290254509511356,8.574074074074074,0.920167277689248,7.833333333333333,
t2,rolling,2026-02-22,2026-02-22 18:00:00,2026-02-23,2026-02-23 11:00:00,2026-02-23 17:00:00,1,17.0,24.0,0.6409860509387413,0.24275837493660826,0.6331444718918818,0.9686489309253037,9.370370370370372,0.9923835462565163,7.0,
t2,rolling,2026-02-22,2026-02-22 18:00:00,2026-02-23,2026-02-23 12:00:00,2026-02-23 18:00:00,1,18.0,24.0,0.7237146046133469,0.35010692137213134,0.731079355814513,0.9705662587918309,10.222222222222221,1.309096851994242,6.266666666666666,
t2,rolling,2026-02-22,2026-02-22 18:00:00,2026-02-23,2026-02-23 13:00:00,2026-02-23 19:00:00,1,19.0,24.0,0.7751901302713706,0.49166505457342863,0.7879146027991193,0.9682020843619387,10.657407407407407,1.2904962837746623,5.433333333333333,
t2,rolling,2026-02-22,2026-02-22 18:00:00,2026-02-23,2026-02-23 14:00:00,2026-02-23 20:00:00,1,20.0,24.0,0.7702023533744964,0.4985163593995635,0.7777638872586605,0.9740812863819154,10.50925925925926,1.3912017778996966,4.7,
t2,rolling,2026-02-22,2026-02-22 18:00:00,2026-02-23,2026-02-23 15:00:00,2026-02-23 21:00:00,1,21.0,24.0,0.7606045242151955,0.46361161038773296,0.7763142832219169,0.9807551993251993,10.083333333333334,1.0911399634112422,4.033333333333334,
t2,rolling,2026-02-22,2026-02-22 18:00:00,2026-02-23,2026-02-23 16:00:00,2026-02-23 22:00:00,1,22.0,24.0,0.7940610318884755,0.4800397084185669,0.8256794722482661,0.983543139989444,9.546296296296296,1.5812201622943252,3.1666666666666665,
t2,rolling,2026-02-22,2026-02-22 18:00:00,2026-02-23,2026-02-23 17:00:00,2026-02-23 23:00:00,1,23.0,24.0,0.8589623492070235,0.5550436285706272,0.9127384538811465,0.9819291675070456,10.63888888888889,0.7876359377087683,2.1,
t2,rolling,2026-02-22,2026-02-22 18:00:00,2026-02-23,2026-02-23 18:00:00,2026-02-24 00:00:00,2,24.0,48.0,0.8990569961120285,0.6678666042465913,0.9367810841493469,0.9788660846085129,12.370370370370372,1.460470215728075,-0.26666666666666666,
t2,rolling,2026-02-22,2026-02-22 18:00:00,2026-02-23,2026-02-23 19:00:00,2026-02-24 01:00:00,2,25.0,48.0,0.9026566436898587,0.6623124381880661,0.9374798026676487,0.9787495148200703,12.444444444444443,1.3802509165338717,-0.8666666666666667,
t2,rolling,2026-02-22,2026-02-22 18:00:00,2026-02-23,2026-02-23 20:00:00,2026-02-24 02:00:00,2,26.0,48.0,0.8777087843590629,0.6188059916640868,0.901909238629061,0.9781058776214262,11.648148148148147,1.1226255234242728,-1.3,
t2,rolling,2026-02-22,2026-02-22 18:00:00,2026-02-23,2026-02-23 21:00:00,2026-02-24 03:00:00,2,27.0,48.0,0.8777271626654551,0.6070915608250608,0.910838109241358,0.9751036726212239,11.231481481481483,1.0719967139560225,-1.5333333333333332,
t2,rolling,2026-02-22,2026-02-22 18:00:00,2026-02-23,2026-02-23 22:00:00,2026-02-24 04:00:00,2,28.0,48.0,0.8656574286738197,0.6115005024974467,0.9077172322194896,0.9748223171227609,11.379629629629632,1.1063555638875122,-1.8333333333333333,
t2,rolling,2026-02-22,2026-02-22 18:00:00,2026-02-23,2026-02-23 23:00:00,2026-02-24 05:00:00,2,29.0,48.0,0.8588945220853071,0.6221525016303349,0.8846361821806611,0.9715983482152896,11.592592592592595,1.2454650246281578,-2.033333333333333,
t2,rolling,2026-02-22,2026-02-22 18:00:00,2026-02-23,2026-02-24 00:00:00,2026-02-24 06:00:00,2,30.0,48.0,0.8360773870418283,0.6184455521226406,0.8562284572156456,0.9695943756747788,10.787037037037038,0.23129622216290383,-2.1,
t2,rolling,2026-02-22,2026-02-22 18:00:00,2026-02-23,2026-02-24 01:00:00,2026-02-24 07:00:00,2,31.0,48.0,0.8093618922996707,0.4931027989157366,0.8449277509612864,0.9686230805646583,10.444444444444443,0.409192218407118,-2.1,
t2,rolling,2026-02-22,2026-02-22 18:00:00,2026-02-23,2026-02-24 02:00:00,2026-02-24 08:00:00,2,32.0,48.0,0.7738415150344419,0.45290519959488545,0.7911190912800701,0.9647566596796394,9.990740740740742,0.6668595400011421,-1.9666666666666668,
t2,rolling,2026-02-22,2026-02-22 18:00:00,2026-02-23,2026-02-24 03:00:00,2026-02-24 09:00:00,2,33.0,48.0,0.7213319930045513,0.4186513542555717,0.7533018846985616,0.9484027340811534,9.5,0.8296213623926711,-1.5999999999999999,
t2,rolling,2026-02-22,2026-02-22 18:00:00,2026-02-23,2026-02-24 04:00:00,2026-02-24 10:00:00,2,34.0,48.0,0.61708790120625,0.30183614243052126,0.5777851797474635,0.9278717657136825,9.351851851851853,1.032397027019731,-1.1333333333333335,
t2,rolling,2026-02-22,2026-02-22 18:00:00,2026-02-23,2026-02-24 05:00:00,2026-02-24 11:00:00,2,35.0,48.0,0.5892693939419208,0.27739744076217215,0.546953373743931,0.9337082083485253,9.055555555555555,1.2813958438523105,-0.5666666666666667,
t2,rolling,2026-02-22,2026-02-22 18:00:00,2026-02-23,2026-02-24 06:00:00,2026-02-24 12:00:00,2,36.0,48.0,0.5060943522292493,0.22758916256106085,0.5093747981263672,0.9236434478235568,9.296296296296296,2.099811376988429,-0.8000000000000002,
t2,rolling,2026-02-22,2026-02-22 18:00:00,2026-02-23,2026-02-24 07:00:00,2026-02-24 13:00:00,2,37.0,48.0,0.5040973131450367,0.228739223398955,0.4933132149444394,0.896687652600959,8.870370370370372,2.3164623766396106,-0.3666666666666667,
t2,rolling,2026-02-22,2026-02-22 18:00:00,2026-02-23,2026-02-24 08:00:00,2026-02-24 14:00:00,2,38.0,48.0,0.5023642740788599,0.19138639105149308,0.46235267264305074,0.8831268785876337,8.787037037037038,2.504984742402792,0.0,
t2,rolling,2026-02-22,2026-02-22 18:00:00,2026-02-23,2026-02-24 09:00:00,2026-02-24 15:00:00,2,39.0,48.0,0.48539398764637753,0.13058940221247758,0.458615683373664,0.8842863806745327,8.888888888888891,2.6356705521098913,0.16666666666666674,
t2,rolling,2026-02-22,2026-02-22 18:00:00,2026-02-23,2026-02-24 10:00:00,2026-02-24 16:00:00,2,40.0,48.0,0.43130279696470236,0.08922272366509568,0.41514582824730967,0.8667054798283276,8.888888888888891,2.8285635232284028,0.20000000000000004,
t2,rolling,2026-02-22,2026-02-22 18:00:00,2026-02-23,2026-02-24 11:00:00,2026-02-24 17:00:00,2,41.0,48.0,0.3738001010190087,0.025870940286542913,0.34655343975609637,0.8478520685309758,8.629629629629632,2.7896044529852664,0.0,
t2,rolling,2026-02-22,2026-02-22 18:00:00,2026-02-23,2026-02-24 12:00:00,2026-02-24 18:00:00,2,42.0,48.0,0.2810209435529426,0.032738584998672146,0.2702185273189911,0.7854352105092743,8.24074074074074,2.4200699748411347,-0.23333333333333336,
t2,rolling,2026-02-22,2026-02-22 18:00:00,2026-02-23,2026-02-24 13:00:00,2026-02-24 19:00:00,2,43.0,48.0,0.21296284310085564,0.012609381737448747,0.18717626277148203,0.7459979382532598,7.740740740740741,2.658020319045907,-0.7999999999999999,
t2,rolling,2026-02-22,2026-02-22 18:00:00,2026-02-23,2026-02-24 14:00:00,2026-02-24 20:00:00,2,44.0,48.0,0.17769367769245215,0.010168973579169476,0.15168768950947964,0.6264265084935401,6.953703703703705,2.5625407755463034,-1.2,
t2,rolling,2026-02-22,2026-02-22 18:00:00,2026-02-23,2026-02-24 15:00:00,2026-02-24 21:00:00,2,45.0,48.0,0.16776035591667943,0.009523551971761515,0.08358146362649738,0.5004355928896029,6.157407407407407,2.5178886739658677,-1.5333333333333332,
t2,rolling,2026-02-22,2026-02-22 18:00:00,2026-02-23,2026-02-24 16:00:00,2026-02-24 22:00:00,2,46.0,48.0,0.15418806284958597,0.008090485561683129,0.06938108673226834,0.4166407137318782,5.472222222222222,2.550114981673001,-1.9333333333333336,
t2,rolling,2026-02-22,2026-02-22 18:00:00,2026-02-23,2026-02-24 17:00:00,2026-02-24 23:00:00,2,47.0,48.0,0.11308336445197166,0.009116763900643973,0.06740493925024776,0.34391073395158944,4.37962962962963,2.336032389566309,-2.266666666666667,
t2,rolling,2026-02-23,2026-02-23 18:00:00,2026-02-24,2026-02-23 18:00:00,2026-02-24 00:00:00,1,0.0,24.0,0.9111733114566632,0.6876272538130226,0.9355357828792639,0.9780658733656091,11.592592592592595,0.48934112080458647,1.0999999999999999,
t2,rolling,2026-02-23,2026-02-23 18:00:00,2026-02-24,2026-02-23 19:00:00,2026-02-24 01:00:00,1,1.0,24.0,0.9031010683971659,0.6857252722675446,0.9390449346991192,0.9784943601432293,11.620370370370372,0.2625453125695884,0.13333333333333333,
t2,rolling,2026-02-23,2026-02-23 18:00:00,2026-02-24,2026-02-23 20:00:00,2026-02-24 02:00:00,1,2.0,24.0,0.901270544369453,0.6907424555377126,0.9376834787785491,0.9783287158562353,11.740740740740742,0.7664519291324018,-0.6666666666666666,
t2,rolling,2026-02-23,2026-02-23 18:00:00,2026-02-24,2026-02-23 21:00:00,2026-02-24 03:00:00,1,3.0,24.0,0.8678476923884949,0.6526726650581187,0.9056393069548193,0.9757618201409155,11.629629629629632,1.1406941428674109,-1.0999999999999999,
t2,rolling,2026-02-23,2026-02-23 18:00:00,2026-02-24,2026-02-23 22:00:00,2026-02-24 04:00:00,1,4.0,24.0,0.8310971378867013,0.608781337885327,0.8516865830336804,0.9750477698590888,11.379629629629628,1.2289377794842276,-1.6333333333333335,
t2,rolling,2026-02-23,2026-02-23 18:00:00,2026-02-24,2026-02-23 23:00:00,2026-02-24 05:00:00,1,5.0,24.0,0.8030887620393623,0.5101476245162067,0.8250927019903408,0.9698923436763469,11.222222222222223,1.2288331311441492,-1.8333333333333333,
t2,rolling,2026-02-23,2026-02-23 18:00:00,2026-02-24,2026-02-24 00:00:00,2026-02-24 06:00:00,1,6.0,24.0,0.7778855212497582,0.45369210099255475,0.8128041808835079,0.9694110479888115,10.046296296296298,1.4804104925112656,-2.1,
t2,rolling,2026-02-23,2026-02-23 18:00:00,2026-02-24,2026-02-24 01:00:00,2026-02-24 07:00:00,1,7.0,24.0,0.7582893230751422,0.4306094431988051,0.7543130801767203,0.9702517728903225,9.907407407407408,1.6190735551403261,-2.2666666666666666,
t2,rolling,2026-02-23,2026-02-23 18:00:00,2026-02-24,2026-02-24 02:00:00,2026-02-24 08:00:00,1,8.0,24.0,0.7104190210579914,0.3642456819698969,0.7042870759046976,0.9641548460842284,9.703703703703704,1.7341284975717723,-2.433333333333333,
t2,rolling,2026-02-23,2026-02-23 18:00:00,2026-02-24,2026-02-24 03:00:00,2026-02-24 09:00:00,1,9.0,24.0,0.6860556772938308,0.30711147023328295,0.6803315988886383,0.9436717459673497,9.5,1.682104428578076,-2.1333333333333333,
t2,rolling,2026-02-23,2026-02-23 18:00:00,2026-02-24,2026-02-24 04:00:00,2026-02-24 10:00:00,1,10.0,24.0,0.5831626263015219,0.2869565796019317,0.5642587267179415,0.9155231175310801,9.222222222222223,1.543354931454345,-1.5666666666666664,
t2,rolling,2026-02-23,2026-02-23 18:00:00,2026-02-24,2026-02-24 05:00:00,2026-02-24 11:00:00,1,11.0,24.0,0.5376957602174252,0.26554973631078743,0.5332478518265118,0.9233655110024631,9.111111111111112,1.2729376930432887,-1.0999999999999999,
t2,rolling,2026-02-23,2026-02-23 18:00:00,2026-02-24,2026-02-24 06:00:00,2026-02-24 12:00:00,1,12.0,24.0,0.5066114567986457,0.2426447800348255,0.48083245258036056,0.9000783355781687,9.018518518518519,1.2697007197349592,-0.5666666666666667,
t2,rolling,2026-02-23,2026-02-23 18:00:00,2026-02-24,2026-02-24 07:00:00,2026-02-24 13:00:00,1,13.0,24.0,0.5004904846112788,0.2288453555682719,0.4944694110757091,0.8784326039904442,8.962962962962964,1.5215360713637074,-0.06666666666666665,
t2,rolling,2026-02-23,2026-02-23 18:00:00,2026-02-24,2026-02-24 08:00:00,2026-02-24 14:00:00,1,14.0,24.0,0.5072434477384661,0.20935600883344047,0.4988662166759115,0.8921016317726975,8.861111111111112,1.5840641588203617,0.2333333333333333,
t2,rolling,2026-02-23,2026-02-23 18:00:00,2026-02-24,2026-02-24 09:00:00,2026-02-24 15:00:00,1,15.0,24.0,0.5098405144234459,0.1507101427578359,0.47855619876886174,0.9010406570715246,8.851851851851853,1.4892447059629534,0.19999999999999996,
t2,rolling,2026-02-23,2026-02-23 18:00:00,2026-02-24,2026-02-24 10:00:00,2026-02-24 16:00:00,1,16.0,24.0,0.46334056261129664,0.13328692596453376,0.46318959051976916,0.8811621119781987,8.86111111111111,1.5413538221116756,0.03333333333333329,
t2,rolling,2026-02-23,2026-02-23 18:00:00,2026-02-24,2026-02-24 11:00:00,2026-02-24 17:00:00,1,17.0,24.0,0.3859957309806362,0.07431083940136977,0.37525000569256484,0.8403206163567748,8.592592592592593,1.4764962418724181,-0.16666666666666666,
t2,rolling,2026-02-23,2026-02-23 18:00:00,2026-02-24,2026-02-24 12:00:00,2026-02-24 18:00:00,1,18.0,24.0,0.29453811069052127,0.055845723349116874,0.3323234867084016,0.794106669257,7.620370370370371,0.6817355605259245,-0.26666666666666666,
t2,rolling,2026-02-23,2026-02-23 18:00:00,2026-02-24,2026-02-24 13:00:00,2026-02-24 19:00:00,1,19.0,24.0,0.2980094146968656,0.03555568286274397,0.3042419226896753,0.7586157845822045,7.268518518518519,0.8634972912617968,-0.5666666666666668,
t2,rolling,2026-02-23,2026-02-23 18:00:00,2026-02-24,2026-02-24 14:00:00,2026-02-24 20:00:00,1,20.0,24.0,0.2345626211763852,0.020142447950855527,0.16380035047460184,0.6604868232587412,6.703703703703703,0.7034599967860212,-0.8333333333333334,
t2,rolling,2026-02-23,2026-02-23 18:00:00,2026-02-24,2026-02-24 15:00:00,2026-02-24 21:00:00,1,21.0,24.0,0.1739493366637832,0.014321286029910481,0.11382992189836062,0.4584763947093011,5.8240740740740735,0.45247376751372625,-0.9,
t2,rolling,2026-02-23,2026-02-23 18:00:00,2026-02-24,2026-02-24 16:00:00,2026-02-24 22:00:00,1,22.0,24.0,0.11155603506141933,0.008587996176580166,0.07541192020893799,0.26090642033399153,4.796296296296297,0.4169751944147296,-1.0,
t2,rolling,2026-02-23,2026-02-23 18:00:00,2026-02-24,2026-02-24 17:00:00,2026-02-24 23:00:00,1,23.0,24.0,0.0718762823428152,0.006895060180369155,0.035653974152910876,0.19129295150586337,4.018518518518518,0.6062517235137351,-1.1666666666666665,
t2,rolling,2026-02-23,2026-02-23 18:00:00,2026-02-24,2026-02-24 18:00:00,2026-02-25 00:00:00,2,24.0,48.0,0.05023477497293548,0.00798394834723974,0.017078971191251617,0.16576237131459254,2.175925925925926,1.2436050409765904,-2.533333333333333,
t2,rolling,2026-02-23,2026-02-23 18:00:00,2026-02-24,2026-02-24 19:00:00,2026-02-25 01:00:00,2,25.0,48.0,0.053659307950684965,0.008305674019998174,0.017806551073400064,0.16453385033802687,1.0648148148148149,0.7138042174891865,-2.733333333333333,
t2,rolling,2026-02-23,2026-02-23 18:00:00,2026-02-24,2026-02-24 20:00:00,2026-02-25 02:00:00,2,26.0,48.0,0.06082067710352461,0.008497494755785266,0.022336939224752543,0.193980667727015,1.027777777777778,0.5739993977714395,-3.0,
t2,rolling,2026-02-23,2026-02-23 18:00:00,2026-02-24,2026-02-24 21:00:00,2026-02-25 03:00:00,2,27.0,48.0,0.06843641608751765,0.008420978514221755,0.034201035874400085,0.21608181937936324,2.2222222222222228,1.233220715579062,-3.133333333333333,
t2,rolling,2026-02-23,2026-02-23 18:00:00,2026-02-24,2026-02-24 22:00:00,2026-02-25 04:00:00,2,28.0,48.0,0.09272483185424932,0.009627938717069755,0.062372134375371716,0.31819661702060853,3.435185185185185,1.910887691505528,-3.033333333333333,
t2,rolling,2026-02-23,2026-02-23 18:00:00,2026-02-24,2026-02-24 23:00:00,2026-02-25 05:00:00,2,29.0,48.0,0.17648745375939257,0.019019083115793946,0.12350790362196536,0.4556000983289611,4.5092592592592595,2.423097021779098,-2.6666666666666665,
t2,rolling,2026-02-23,2026-02-23 18:00:00,2026-02-24,2026-02-25 00:00:00,2026-02-25 06:00:00,2,30.0,48.0,0.27467060387638265,0.02510450872114003,0.21749948786363404,0.6210620593771305,4.935185185185186,3.414332234720795,-2.266666666666667,
t2,rolling,2026-02-23,2026-02-23 18:00:00,2026-02-24,2026-02-25 01:00:00,2026-02-25 07:00:00,2,31.0,48.0,0.35107368950179346,0.04347230031346741,0.2951164387187236,0.750485600078988,6.064814814814814,3.8172299977820403,-2.1999999999999997,
t2,rolling,2026-02-23,2026-02-23 18:00:00,2026-02-24,2026-02-25 02:00:00,2026-02-25 08:00:00,2,32.0,48.0,0.396009261355473,0.049953384811957345,0.3010393667559498,0.8049829739324893,7.296296296296297,3.750034293396007,-2.0,
t2,rolling,2026-02-23,2026-02-23 18:00:00,2026-02-24,2026-02-25 03:00:00,2026-02-25 09:00:00,2,33.0,48.0,0.4690570853995006,0.09985040800610712,0.36856193789933683,0.9059678071482974,8.564814814814815,3.169873295231046,-1.2666666666666666,
t2,rolling,2026-02-23,2026-02-23 18:00:00,2026-02-24,2026-02-25 04:00:00,2026-02-25 10:00:00,2,34.0,48.0,0.5739387672501067,0.13384067821405268,0.5339193758900396,0.9203683391944425,8.916666666666666,2.9566048680334363,-0.033333333333333326,
t2,rolling,2026-02-23,2026-02-23 18:00:00,2026-02-24,2026-02-25 05:00:00,2026-02-25 11:00:00,2,35.0,48.0,0.6539648812676898,0.16658788529271723,0.570305860444029,0.9302090647264115,8.620370370370372,2.8948034184164775,1.2333333333333334,
t2,rolling,2026-02-23,2026-02-23 18:00:00,2026-02-24,2026-02-25 06:00:00,2026-02-25 12:00:00,2,36.0,48.0,0.7490887709390449,0.23540979100561557,0.7333286715272788,0.9422047532003748,8.925925925925926,1.7392379249748389,2.5333333333333337,
t2,rolling,2026-02-23,2026-02-23 18:00:00,2026-02-24,2026-02-25 07:00:00,2026-02-25 13:00:00,2,37.0,48.0,0.6905832738758533,0.19371211071312397,0.7082317716818219,0.9041767778005874,8.851851851851853,1.6162115943450825,3.4333333333333336,
t2,rolling,2026-02-23,2026-02-23 18:00:00,2026-02-24,2026-02-25 08:00:00,2026-02-25 14:00:00,2,38.0,48.0,0.6408692820606275,0.1704995606138421,0.686026815654725,0.8644886916000818,8.148148148148147,1.5062455710024873,4.133333333333333,
t2,rolling,2026-02-23,2026-02-23 18:00:00,2026-02-24,2026-02-25 09:00:00,2026-02-25 15:00:00,2,39.0,48.0,0.46707008961818625,0.10697698688914176,0.49584334077358266,0.8359376435901213,7.814814814814816,1.5318968042691525,4.533333333333333,
t2,rolling,2026-02-23,2026-02-23 18:00:00,2026-02-24,2026-02-25 10:00:00,2026-02-25 16:00:00,2,40.0,48.0,0.3445142897689091,0.08497369277296087,0.3057363869182112,0.7528796090326193,7.111111111111112,1.736722114704509,4.533333333333332,
t2,rolling,2026-02-23,2026-02-23 18:00:00,2026-02-24,2026-02-25 11:00:00,2026-02-25 17:00:00,2,41.0,48.0,0.27259535530031104,0.046322450133599445,0.21572353799605248,0.6595521923512976,6.916666666666667,2.5043172599076984,4.266666666666667,
t2,rolling,2026-02-23,2026-02-23 18:00:00,2026-02-24,2026-02-25 12:00:00,2026-02-25 18:00:00,2,42.0,48.0,0.22719947855330472,0.02032919737366839,0.14528004957211132,0.5731457288470226,5.814814814814816,2.1100752819445208,3.266666666666667,
t2,rolling,2026-02-23,2026-02-23 18:00:00,2026-02-24,2026-02-25 13:00:00,2026-02-25 19:00:00,2,43.0,48.0,0.26041065268662056,0.026644111543969673,0.16257617787755527,0.6260329814606317,6.305555555555556,1.529292178722312,2.8333333333333335,
t2,rolling,2026-02-23,2026-02-23 18:00:00,2026-02-24,2026-02-25 14:00:00,2026-02-25 20:00:00,2,44.0,48.0,0.3018840964840515,0.04617139404727901,0.19455241581223764,0.7190985736377266,6.0740740740740735,0.5048631807487249,2.4,
t2,rolling,2026-02-23,2026-02-23 18:00:00,2026-02-24,2026-02-25 15:00:00,2026-02-25 21:00:00,2,45.0,48.0,0.5469909985592999,0.12932581499067328,0.48717404069171294,0.8841148072119251,6.7407407407407405,0.3699071176932996,1.7666666666666666,
t2,rolling,2026-02-23,2026-02-23 18:00:00,2026-02-24,2026-02-25 16:00:00,2026-02-25 22:00:00,2,46.0,48.0,0.7183492954671061,0.22879159287524903,0.6483201786394075,0.9763825363105487,8.777777777777779,1.5275252316519468,1.6666666666666667,
t2,rolling,2026-02-23,2026-02-23 18:00:00,2026-02-24,2026-02-25 17:00:00,2026-02-25 23:00:00,2,47.0,48.0,0.6877956209641616,0.23705307564946745,0.6630657763114439,0.9832850719143672,10.555555555555555,2.592873662012958,1.8,
t2,rolling,2026-02-24,2026-02-24 18:00:00,2026-02-25,2026-02-24 18:00:00,2026-02-25 00:00:00,1,0.0,24.0,0.04827064361875411,0.008063886614595735,0.017680684377743415,0.15713094333853933,1.8796296296296298,0.5280213862734537,-1.4000000000000001,
t2,rolling,2026-02-24,2026-02-24 18:00:00,2026-02-25,2026-02-24 19:00:00,2026-02-25 01:00:00,1,1.0,24.0,0.04924787909550217,0.00803663498175677,0.017879208451370737,0.15858028398005933,0.9629629629629629,0.5619996631664266,-1.5333333333333332,
t2,rolling,2026-02-24,2026-02-24 18:00:00,2026-02-25,2026-02-24 20:00:00,2026-02-25 02:00:00,1,2.0,24.0,0.051930340779522584,0.008059099983751997,0.0182774513512399,0.1643070757644162,0.6481481481481481,0.1849535588466498,-1.5666666666666667,
t2,rolling,2026-02-24,2026-02-24 18:00:00,2026-02-25,2026-02-24 21:00:00,2026-02-25 03:00:00,1,3.0,24.0,0.05778489693779952,0.008398004613088131,0.02256180975989204,0.1988106472213283,1.0555555555555556,0.7997877804937761,-1.6000000000000003,
t2,rolling,2026-02-24,2026-02-24 18:00:00,2026-02-25,2026-02-24 22:00:00,2026-02-25 04:00:00,1,4.0,24.0,0.06485082555114986,0.008400070126537481,0.029614686740669152,0.2223950243717924,1.8333333333333333,0.9464847243000455,-1.5,
t2,rolling,2026-02-24,2026-02-24 18:00:00,2026-02-25,2026-02-24 23:00:00,2026-02-25 05:00:00,1,5.0,24.0,0.07349950716749071,0.009212505885223179,0.038589350797616426,0.26254574611296394,2.8518518518518516,1.4148499607812246,-1.2333333333333334,
t2,rolling,2026-02-24,2026-02-24 18:00:00,2026-02-25,2026-02-25 00:00:00,2026-02-25 06:00:00,1,6.0,24.0,0.12028172463054196,0.008752462533153203,0.07322132132912267,0.3613542052299706,3.2129629629629632,2.521716379361959,-1.0666666666666667,
t2,rolling,2026-02-24,2026-02-24 18:00:00,2026-02-25,2026-02-25 01:00:00,2026-02-25 07:00:00,1,7.0,24.0,0.15916412056367368,0.011550943969999908,0.08929345644620461,0.460319552455315,4.1759259259259265,2.5477436963687756,-0.8333333333333334,
t2,rolling,2026-02-24,2026-02-24 18:00:00,2026-02-25,2026-02-25 02:00:00,2026-02-25 08:00:00,1,8.0,24.0,0.18946693290695232,0.010447182905279335,0.1552338183933848,0.5220600510339628,5.009259259259259,2.32809155491485,-0.3333333333333333,
t2,rolling,2026-02-24,2026-02-24 18:00:00,2026-02-25,2026-02-25 03:00:00,2026-02-25 09:00:00,1,9.0,24.0,0.16472941176414072,0.009476748980349054,0.13756324700610706,0.4825611782855313,5.453703703703703,1.98418386161863,-0.03333333333333333,
t2,rolling,2026-02-24,2026-02-24 18:00:00,2026-02-25,2026-02-25 04:00:00,2026-02-25 10:00:00,1,10.0,24.0,0.14761228103806706,0.007871537354531602,0.1209658192786298,0.391644531987827,5.037037037037037,1.3235559721910646,0.5,
t2,rolling,2026-02-24,2026-02-24 18:00:00,2026-02-25,2026-02-25 05:00:00,2026-02-25 11:00:00,1,11.0,24.0,0.08107383999949212,0.008038319981683716,0.038660498829854714,0.26491102673151373,4.287037037037037,1.3626219883473083,1.1666666666666667,
t2,rolling,2026-02-24,2026-02-24 18:00:00,2026-02-25,2026-02-25 06:00:00,2026-02-25 12:00:00,1,12.0,24.0,0.08381449419582103,0.0078023260333346355,0.04208442754322149,0.27022935311068536,3.3796296296296298,2.0039184864688293,1.5666666666666667,
t2,rolling,2026-02-24,2026-02-24 18:00:00,2026-02-25,2026-02-25 07:00:00,2026-02-25 13:00:00,1,13.0,24.0,0.07288884504300569,0.00890490903084593,0.02926783329575261,0.23699068086903857,3.175925925925926,1.6502275687936454,2.1666666666666665,
t2,rolling,2026-02-24,2026-02-24 18:00:00,2026-02-25,2026-02-25 08:00:00,2026-02-25 14:00:00,1,14.0,24.0,0.062351999352315834,0.009092948786860877,0.01864994586719956,0.1858454588467458,3.018518518518519,1.614061793504521,2.6999999999999997,
t2,rolling,2026-02-24,2026-02-24 18:00:00,2026-02-25,2026-02-25 09:00:00,2026-02-25 15:00:00,1,15.0,24.0,0.05800263637444528,0.008364540663070118,0.017550160149390964,0.1910137473701361,2.5,2.2116065888181162,3.1333333333333333,
t2,rolling,2026-02-24,2026-02-24 18:00:00,2026-02-25,2026-02-25 10:00:00,2026-02-25 16:00:00,1,16.0,24.0,0.06070273905690041,0.008506486368293055,0.019690213524831923,0.21315743539958787,2.0185185185185186,2.485813659010889,2.766666666666667,
t2,rolling,2026-02-24,2026-02-24 18:00:00,2026-02-25,2026-02-25 11:00:00,2026-02-25 17:00:00,1,17.0,24.0,0.06746201338766604,0.008268341540286528,0.025396548657095164,0.2331102112515758,2.8981481481481484,2.0299328984024227,2.1333333333333333,
t2,rolling,2026-02-24,2026-02-24 18:00:00,2026-02-25,2026-02-25 12:00:00,2026-02-25 18:00:00,1,18.0,24.0,0.09374668557077297,0.009208809078211611,0.0379591125590772,0.25962291957205014,2.944444444444444,2.2194427061597977,1.4333333333333333,
t2,rolling,2026-02-24,2026-02-24 18:00:00,2026-02-25,2026-02-25 13:00:00,2026-02-25 19:00:00,1,19.0,24.0,0.13708594648920308,0.008582258502148919,0.07200190453333802,0.35928319025363303,3.425925925925926,1.8403345553784956,0.7333333333333334,
t2,rolling,2026-02-24,2026-02-24 18:00:00,2026-02-25,2026-02-25 14:00:00,2026-02-25 20:00:00,1,20.0,24.0,0.18083664332086652,0.008578843125797608,0.12269490440639352,0.4478591337408388,3.7962962962962963,3.035455776246349,0.6,
t2,rolling,2026-02-24,2026-02-24 18:00:00,2026-02-25,2026-02-25 15:00:00,2026-02-25 21:00:00,1,21.0,24.0,0.22893620371062023,0.021525169766435627,0.1874784073899085,0.6143060430140457,4.583333333333333,4.123479892003002,0.3333333333333333,
t2,rolling,2026-02-24,2026-02-24 18:00:00,2026-02-25,2026-02-25 16:00:00,2026-02-25 22:00:00,1,22.0,24.0,0.3339789226578189,0.0357451911079758,0.26004807472259994,0.7716956726276945,5.268518518518518,3.3271161155106284,0.3333333333333333,
t2,rolling,2026-02-24,2026-02-24 18:00:00,2026-02-25,2026-02-25 17:00:00,2026-02-25 23:00:00,1,23.0,24.0,0.5357521380464725,0.09831463270270924,0.4917086863493399,0.9439045939357977,7.490740740740741,2.414643682870485,0.43333333333333335,
t2,rolling,2026-02-24,2026-02-24 18:00:00,2026-02-25,2026-02-25 18:00:00,2026-02-26 00:00:00,2,24.0,48.0,0.7759564233268353,0.2996003302108307,0.7658309611986074,0.9783121811803549,11.064814814814815,0.6163496015052827,1.5666666666666667,
t2,rolling,2026-02-24,2026-02-24 18:00:00,2026-02-25,2026-02-25 19:00:00,2026-02-26 01:00:00,2,25.0,48.0,0.7991717766493516,0.47425322978652473,0.8404519875432225,0.9803604102600267,11.824074074074074,1.2128215919877785,1.5333333333333334,
t2,rolling,2026-02-24,2026-02-24 18:00:00,2026-02-25,2026-02-25 20:00:00,2026-02-26 02:00:00,2,26.0,48.0,0.7960133565331016,0.48459919268055435,0.84822621471287,0.9777512635811191,11.972222222222223,1.1097213530798995,1.4333333333333333,
t2,rolling,2026-02-24,2026-02-24 18:00:00,2026-02-25,2026-02-25 21:00:00,2026-02-26 03:00:00,2,27.0,48.0,0.8019520075930693,0.4877445236492449,0.8631520434755376,0.9757194529554722,12.037037037037038,1.438645768106428,1.3333333333333333,
t2,rolling,2026-02-24,2026-02-24 18:00:00,2026-02-25,2026-02-25 22:00:00,2026-02-26 04:00:00,2,28.0,48.0,0.8216993558699015,0.47801962128049147,0.8651911512069504,0.9742316438381234,12.15740740740741,1.9385492645349012,1.3333333333333333,
t2,rolling,2026-02-24,2026-02-24 18:00:00,2026-02-25,2026-02-25 23:00:00,2026-02-26 05:00:00,2,29.0,48.0,0.7701455340197735,0.5411507844888309,0.857118804979156,0.9730073142066049,11.638888888888891,1.7166127283867085,1.3,
t2,rolling,2026-02-24,2026-02-24 18:00:00,2026-02-25,2026-02-26 00:00:00,2026-02-26 06:00:00,2,30.0,48.0,0.7553025312294448,0.5136128282986556,0.8182010933768188,0.9753309207418016,11.055555555555557,0.8731240914167623,1.1666666666666667,
t2,rolling,2026-02-24,2026-02-24 18:00:00,2026-02-25,2026-02-26 01:00:00,2026-02-26 07:00:00,2,31.0,48.0,0.7244647484996084,0.38776097098041684,0.7832467339589277,0.9716332537603465,10.712962962962962,0.46175769036265546,1.3,
t2,rolling,2026-02-24,2026-02-24 18:00:00,2026-02-25,2026-02-26 02:00:00,2026-02-26 08:00:00,2,32.0,48.0,0.5762653710367731,0.1997059660811211,0.6110610307618772,0.9663823462863473,10.305555555555555,3.192874010111337,1.5999999999999999,
t2,rolling,2026-02-24,2026-02-24 18:00:00,2026-02-25,2026-02-26 03:00:00,2026-02-26 09:00:00,2,33.0,48.0,0.6847624746754091,0.3145057698706769,0.7364681304140218,0.9768472616433818,11.416666666666666,1.3752104216096181,1.5333333333333332,
t2,rolling,2026-02-24,2026-02-24 18:00:00,2026-02-25,2026-02-26 04:00:00,2026-02-26 10:00:00,2,34.0,48.0,0.4374978543667522,0.0924286096996267,0.358217414616448,0.8870305325043646,9.398148148148147,4.002057084219289,1.366666666666667,
t2,rolling,2026-02-24,2026-02-24 18:00:00,2026-02-25,2026-02-26 05:00:00,2026-02-26 11:00:00,2,35.0,48.0,0.320522486941271,0.013785005826186102,0.27087593493030904,0.7284708966938569,6.203703703703705,2.414643682870485,2.266666666666667,
t2,rolling,2026-02-24,2026-02-24 18:00:00,2026-02-25,2026-02-26 06:00:00,2026-02-26 12:00:00,2,36.0,48.0,0.38182245027815326,0.043340655604052196,0.3604057247254065,0.720527363882048,8.101851851851853,1.3056540545979491,2.566666666666667,
t2,rolling,2026-02-24,2026-02-24 18:00:00,2026-02-25,2026-02-26 07:00:00,2026-02-26 13:00:00,2,37.0,48.0,0.5183060574010694,0.05667938226553699,0.40195599194996706,0.8998520835850896,5.9444444444444455,4.44157893735889,2.5,
t2,rolling,2026-02-24,2026-02-24 18:00:00,2026-02-25,2026-02-26 08:00:00,2026-02-26 14:00:00,2,38.0,48.0,0.4949788442614634,0.041433040729002384,0.42926709747843955,0.8571474630982577,7.324074074074073,2.8819807003520412,1.8333333333333333,
t2,rolling,2026-02-24,2026-02-24 18:00:00,2026-02-25,2026-02-26 09:00:00,2026-02-26 15:00:00,2,39.0,48.0,0.6071967579016985,0.08857194577986582,0.5139194473413158,0.9245432097895089,8.074074074074074,2.3515055154730997,1.2666666666666666,
t2,rolling,2026-02-24,2026-02-24 18:00:00,2026-02-25,2026-02-26 10:00:00,2026-02-26 16:00:00,2,40.0,48.0,0.533182939863373,0.10138256711996986,0.5219096693752063,0.907946284532605,8.907407407407407,1.5610847500080893,1.2,
t2,rolling,2026-02-24,2026-02-24 18:00:00,2026-02-25,2026-02-26 11:00:00,2026-02-26 17:00:00,2,41.0,48.0,0.5685807711273513,0.0998891573237843,0.5664767821704221,0.8991996443566626,8.212962962962962,0.8981004187394177,0.5333333333333333,
t2,rolling,2026-02-24,2026-02-24 18:00:00,2026-02-25,2026-02-26 12:00:00,2026-02-26 18:00:00,2,42.0,48.0,0.6559140162199603,0.11656184831435885,0.636488049529105,0.9501591532661378,8.675925925925926,0.6188483263521087,0.5666666666666668,
t2,rolling,2026-02-24,2026-02-24 18:00:00,2026-02-25,2026-02-26 13:00:00,2026-02-26 19:00:00,2,43.0,48.0,0.6942481373245603,0.23387012347463773,0.6510752470575399,0.978098704685554,8.425925925925926,1.7687124190775554,0.8333333333333334,
t2,rolling,2026-02-24,2026-02-24 18:00:00,2026-02-25,2026-02-26 14:00:00,2026-02-26 20:00:00,2,44.0,48.0,0.6634394227065149,0.30266102706529313,0.6662649104587639,0.9705173798972258,8.925925925925927,1.777850114269081,0.9333333333333332,
t2,rolling,2026-02-24,2026-02-24 18:00:00,2026-02-25,2026-02-26 15:00:00,2026-02-26 21:00:00,2,45.0,48.0,0.7908839728313168,0.3993580820599597,0.8298838460598144,0.9827674730345433,11.472222222222223,0.33793125168323424,0.9666666666666668,
t2,rolling,2026-02-24,2026-02-24 18:00:00,2026-02-25,2026-02-26 16:00:00,2026-02-26 22:00:00,2,46.0,48.0,0.8086932014172459,0.49370875178190654,0.852784258422492,0.9799084347086313,11.833333333333334,1.1650120541950435,1.2333333333333334,
t2,rolling,2026-02-24,2026-02-24 18:00:00,2026-02-25,2026-02-26 17:00:00,2026-02-26 23:00:00,2,47.0,48.0,0.7953248347093458,0.458882311213952,0.8417334675102127,0.9802257660568333,11.25,1.0555555555555545,1.0999999999999999,
t2,rolling,2026-02-25,2026-02-25 18:00:00,2026-02-26,2026-02-25 18:00:00,2026-02-26 00:00:00,1,0.0,24.0,0.6752027618417282,0.38490622596771684,0.6881109492051083,0.974332189214803,9.601851851851853,2.487054962567429,0.8000000000000002,
t2,rolling,2026-02-25,2026-02-25 18:00:00,2026-02-26,2026-02-25 19:00:00,2026-02-26 01:00:00,1,1.0,24.0,0.6946973388864554,0.43456001920017484,0.749346491007877,0.9780004844446524,10.666666666666666,2.307562713993348,0.8666666666666667,
t2,rolling,2026-02-25,2026-02-25 18:00:00,2026-02-26,2026-02-25 20:00:00,2026-02-26 02:00:00,1,2.0,24.0,0.7155039937655737,0.45094205833164536,0.7968254513774694,0.9773328884724507,11.101851851851853,2.1953818907175426,0.8666666666666666,
t2,rolling,2026-02-25,2026-02-25 18:00:00,2026-02-26,2026-02-25 21:00:00,2026-02-26 03:00:00,1,3.0,24.0,0.732304868555107,0.5051328803512987,0.7829380411744363,0.9773323355408311,10.916666666666666,2.1204108034314113,0.7999999999999999,
t2,rolling,2026-02-25,2026-02-25 18:00:00,2026-02-26,2026-02-25 22:00:00,2026-02-26 04:00:00,1,4.0,24.0,0.7879115143314515,0.5228480891949783,0.8587232243012721,0.9737917017529464,11.731481481481481,0.35825078003987165,0.7999999999999999,
t2,rolling,2026-02-25,2026-02-25 18:00:00,2026-02-26,2026-02-25 23:00:00,2026-02-26 05:00:00,1,5.0,24.0,0.7779801208545517,0.4227371119536159,0.8493225356515198,0.9732694974364215,11.277777777777779,0.37371177908538034,0.5666666666666668,
t2,rolling,2026-02-25,2026-02-25 18:00:00,2026-02-26,2026-02-26 00:00:00,2026-02-26 06:00:00,1,6.0,24.0,0.7405464225859871,0.4294659796267411,0.8370546864991074,0.9707397178634085,11.685185185185185,1.2392542228318553,0.5,
t2,rolling,2026-02-25,2026-02-25 18:00:00,2026-02-26,2026-02-26 01:00:00,2026-02-26 07:00:00,1,7.0,24.0,0.682039512680729,0.3471251429224736,0.774485313095283,0.9637274522886112,11.462962962962964,0.9579642338057447,0.6666666666666666,
t2,rolling,2026-02-25,2026-02-25 18:00:00,2026-02-26,2026-02-26 02:00:00,2026-02-26 08:00:00,1,8.0,24.0,0.6194962400299662,0.25932504262077494,0.6796684690320904,0.9495719634649102,10.851851851851853,1.3032880229565118,0.8333333333333334,
t2,rolling,2026-02-25,2026-02-25 18:00:00,2026-02-26,2026-02-26 03:00:00,2026-02-26 09:00:00,1,9.0,24.0,0.46070345462378415,0.09493328134137265,0.44979479679254564,0.7792367492301572,8.24074074074074,0.603700863433446,1.4333333333333333,
t2,rolling,2026-02-25,2026-02-25 18:00:00,2026-02-26,2026-02-26 04:00:00,2026-02-26 10:00:00,1,10.0,24.0,0.3062501394624019,0.02691711825590801,0.20066081477863015,0.6788499050534232,4.25,2.7705461421759296,2.6333333333333333,
t2,rolling,2026-02-25,2026-02-25 18:00:00,2026-02-26,2026-02-26 05:00:00,2026-02-26 11:00:00,1,11.0,24.0,0.34591998673589586,0.02019722544804809,0.2546302331626243,0.8876418868130077,6.916666666666667,5.240290845759246,2.9,
t2,rolling,2026-02-25,2026-02-25 18:00:00,2026-02-26,2026-02-26 06:00:00,2026-02-26 12:00:00,1,12.0,24.0,0.3514935332702314,0.018798615993418723,0.35199978086370065,0.8412853828578316,7.453703703703703,3.806704341341317,3.033333333333333,
t2,rolling,2026-02-25,2026-02-25 18:00:00,2026-02-26,2026-02-26 07:00:00,2026-02-26 13:00:00,1,13.0,24.0,0.48575944738505533,0.06896732339618045,0.5103382913680609,0.8897925453890371,8.212962962962964,1.3811823228862654,2.6666666666666665,
t2,rolling,2026-02-25,2026-02-25 18:00:00,2026-02-26,2026-02-26 08:00:00,2026-02-26 14:00:00,1,14.0,24.0,0.414568706944694,0.05072619946112275,0.4378403016170455,0.7889132449396669,8.00925925925926,0.57890737156817,2.0666666666666664,
t2,rolling,2026-02-25,2026-02-25 18:00:00,2026-02-26,2026-02-26 09:00:00,2026-02-26 15:00:00,1,15.0,24.0,0.3968542711562313,0.045256448284314736,0.4472975214383645,0.8339995505292268,7.842592592592593,1.430038561740851,0.9666666666666667,
t2,rolling,2026-02-25,2026-02-25 18:00:00,2026-02-26,2026-02-26 10:00:00,2026-02-26 16:00:00,1,16.0,24.0,0.49992357172189394,0.09121240560661031,0.500792564804356,0.9463038738510208,8.092592592592593,1.0070482066589361,0.1333333333333334,
t2,rolling,2026-02-25,2026-02-25 18:00:00,2026-02-26,2026-02-26 11:00:00,2026-02-26 17:00:00,1,17.0,24.0,0.6104277768632839,0.2246432923154699,0.6929689824939468,0.9666314150957773,9.63888888888889,1.3611111111111118,0.2333333333333333,
t2,rolling,2026-02-25,2026-02-25 18:00:00,2026-02-26,2026-02-26 12:00:00,2026-02-26 18:00:00,1,18.0,24.0,0.7652788774186662,0.3406965388186116,0.8026816502821191,0.9722626211302786,10.879629629629628,2.158162322220806,0.6,
t2,rolling,2026-02-25,2026-02-25 18:00:00,2026-02-26,2026-02-26 13:00:00,2026-02-26 19:00:00,1,19.0,24.0,0.7684895865190395,0.41796608138642144,0.823054262482114,0.974072528337258,11.14814814814815,2.1010971071080804,1.0999999999999999,
t2,rolling,2026-02-25,2026-02-25 18:00:00,2026-02-26,2026-02-26 14:00:00,2026-02-26 20:00:00,1,20.0,24.0,0.767566918916949,0.41754598346274013,0.8461119292525983,0.9786140412167229,10.824074074074074,1.4343486211790315,1.4333333333333333,
t2,rolling,2026-02-25,2026-02-25 18:00:00,2026-02-26,2026-02-26 15:00:00,2026-02-26 21:00:00,1,21.0,24.0,0.7990936474580472,0.47729100632552157,0.8642216007456356,0.9784265633724857,10.888888888888891,0.4867059852204227,1.633333333333333,
t2,rolling,2026-02-25,2026-02-25 18:00:00,2026-02-26,2026-02-26 16:00:00,2026-02-26 22:00:00,1,22.0,24.0,0.8444979181641907,0.5490383491092767,0.8810564509371741,0.9779829084219399,11.555555555555555,1.0826208483280608,1.5666666666666667,
t2,rolling,2026-02-25,2026-02-25 18:00:00,2026-02-26,2026-02-26 17:00:00,2026-02-26 23:00:00,1,23.0,24.0,0.8381538823493925,0.5683568936999053,0.8931738721704033,0.9773458207056914,11.296296296296298,1.0005142710548216,1.5666666666666667,
t2,rolling,2026-02-25,2026-02-25 18:00:00,2026-02-26,2026-02-26 18:00:00,2026-02-27 00:00:00,2,24.0,48.0,0.8228836861164079,0.5532555258895892,0.8875853183400241,0.9784984456659003,11.694444444444445,2.328533422829607,0.06666666666666658,
t2,rolling,2026-02-25,2026-02-25 18:00:00,2026-02-26,2026-02-26 19:00:00,2026-02-27 01:00:00,2,25.0,48.0,0.843328043693003,0.5596285001699884,0.8992764312048909,0.9785844766304033,11.90740740740741,2.4199105516917983,-0.16666666666666666,
t2,rolling,2026-02-25,2026-02-25 18:00:00,2026-02-26,2026-02-26 20:00:00,2026-02-27 02:00:00,2,26.0,48.0,0.8503961971051069,0.5643456204361459,0.9054295228518161,0.9746724319255985,11.842592592592593,1.7036030566084335,-0.3999999999999999,
t2,rolling,2026-02-25,2026-02-25 18:00:00,2026-02-26,2026-02-26 21:00:00,2026-02-27 03:00:00,2,27.0,48.0,0.8136673122291906,0.5943124678624032,0.8519967122434381,0.9728309035772688,11.888888888888891,1.1824331474329306,-0.8333333333333334,
t2,rolling,2026-02-25,2026-02-25 18:00:00,2026-02-26,2026-02-26 22:00:00,2026-02-27 04:00:00,2,28.0,48.0,0.7969135932140012,0.5003968312094236,0.8482480437964113,0.9680933757924914,11.518518518518519,0.7506855577299745,-0.9666666666666668,
t2,rolling,2026-02-25,2026-02-25 18:00:00,2026-02-26,2026-02-26 23:00:00,2026-02-27 05:00:00,2,29.0,48.0,0.7007314165144364,0.3792383237927121,0.7542904640304366,0.9432382840343213,10.24074074074074,1.5640475875008022,-0.9333333333333332,
t2,rolling,2026-02-25,2026-02-25 18:00:00,2026-02-26,2026-02-27 00:00:00,2026-02-27 06:00:00,2,30.0,48.0,0.6926951028145558,0.3520755703784681,0.7439021752929623,0.9347553502128781,9.555555555555555,0.8664707755823451,-0.8000000000000002,
t2,rolling,2026-02-25,2026-02-25 18:00:00,2026-02-26,2026-02-27 01:00:00,2026-02-27 07:00:00,2,31.0,48.0,0.5708432222216893,0.21203704984754818,0.5898955655435557,0.9167042487695414,8.574074074074074,1.7396815138258288,-0.7000000000000001,
t2,rolling,2026-02-25,2026-02-25 18:00:00,2026-02-26,2026-02-27 02:00:00,2026-02-27 08:00:00,2,32.0,48.0,0.44517652423890064,0.0749945234999919,0.46836118537012417,0.8657333858236252,8.175925925925926,2.0184972815736377,-0.7333333333333334,
t2,rolling,2026-02-25,2026-02-25 18:00:00,2026-02-26,2026-02-27 03:00:00,2026-02-27 09:00:00,2,33.0,48.0,0.38444062615446,0.046920535551281874,0.3592631813611301,0.8312180478448713,7.87962962962963,1.8224282855484542,-0.4666666666666666,
t2,rolling,2026-02-25,2026-02-25 18:00:00,2026-02-26,2026-02-27 04:00:00,2026-02-27 10:00:00,2,34.0,48.0,0.31516741623147493,0.034334583643701094,0.2977741456029169,0.7251919623529504,6.9259259259259265,1.3657328938883178,-0.0333333333333334,
t2,rolling,2026-02-25,2026-02-25 18:00:00,2026-02-26,2026-02-27 05:00:00,2026-02-27 11:00:00,2,35.0,48.0,0.2627185781426735,0.04386229554979907,0.2545284383365043,0.674049973521581,6.185185185185186,0.7398142353865996,0.7000000000000001,
t2,rolling,2026-02-25,2026-02-25 18:00:00,2026-02-26,2026-02-27 06:00:00,2026-02-27 12:00:00,2,36.0,48.0,0.28772543310155685,0.034607036685031706,0.26915236005896326,0.724786598760575,6.5,1.709405715807271,0.4666666666666666,
t2,rolling,2026-02-25,2026-02-25 18:00:00,2026-02-26,2026-02-27 07:00:00,2026-02-27 13:00:00,2,37.0,48.0,0.38936049247790794,0.059563685554408385,0.4132474759610157,0.8558398804406853,7.361111111111112,2.3334986713908195,0.6,
t2,rolling,2026-02-25,2026-02-25 18:00:00,2026-02-26,2026-02-27 08:00:00,2026-02-27 14:00:00,2,38.0,48.0,0.5875009318920815,0.15725624358188775,0.5426356002756274,0.9644578306888375,8.685185185185185,2.6559874900543305,0.5333333333333333,
t2,rolling,2026-02-25,2026-02-25 18:00:00,2026-02-26,2026-02-27 09:00:00,2026-02-27 15:00:00,2,39.0,48.0,0.699631184798872,0.29026162242471754,0.7449130477534831,0.9704172185386755,9.861111111111112,2.647500568320857,0.20000000000000004,
t2,rolling,2026-02-25,2026-02-25 18:00:00,2026-02-26,2026-02-27 10:00:00,2026-02-27 16:00:00,2,40.0,48.0,0.8262214868040715,0.42541125792471546,0.8587226374857879,0.9766016071078684,10.833333333333334,2.5289984842489193,-0.4666666666666666,
t2,rolling,2026-02-25,2026-02-25 18:00:00,2026-02-26,2026-02-27 11:00:00,2026-02-27 17:00:00,2,41.0,48.0,0.8050038530858565,0.48361073924355585,0.8732843300342117,0.9733066355931614,11.740740740740742,2.4203887896377534,-1.6000000000000003,
t2,rolling,2026-02-25,2026-02-25 18:00:00,2026-02-26,2026-02-27 12:00:00,2026-02-27 18:00:00,2,42.0,48.0,0.8222483376246007,0.4898796705978301,0.8830859582226145,0.9752745772966658,11.796296296296296,2.0998113769884292,-2.6333333333333333,
t2,rolling,2026-02-25,2026-02-25 18:00:00,2026-02-26,2026-02-27 13:00:00,2026-02-27 19:00:00,2,43.0,48.0,0.8313409762128522,0.5085704714856457,0.8803957601148142,0.9774794297374515,11.870370370370372,1.9956227820071222,-3.5,
t2,rolling,2026-02-25,2026-02-25 18:00:00,2026-02-26,2026-02-27 14:00:00,2026-02-27 20:00:00,2,44.0,48.0,0.8181309166522475,0.5837331959012366,0.8596056822347805,0.9756866496169572,11.444444444444445,2.032908273725776,-4.1,
t2,rolling,2026-02-25,2026-02-25 18:00:00,2026-02-26,2026-02-27 15:00:00,2026-02-27 21:00:00,2,45.0,48.0,0.8036208515741632,0.5720063756005814,0.8177650587622812,0.97626806950022,11.055555555555557,2.1886350670658015,-4.566666666666666,
t2,rolling,2026-02-25,2026-02-25 18:00:00,2026-02-26,2026-02-27 16:00:00,2026-02-27 22:00:00,2,46.0,48.0,0.7770911781713781,0.5333961665301098,0.7718795833422334,0.9781392913229597,10.481481481481483,2.5580201481202804,-4.8,
t2,rolling,2026-02-25,2026-02-25 18:00:00,2026-02-26,2026-02-27 17:00:00,2026-02-27 23:00:00,2,47.0,48.0,0.7180029029766752,0.45400505926908796,0.7199216856125646,0.9698013214981115,10.037037037037038,2.9518164178364916,-4.966666666666667,
t2,rolling,2026-02-26,2026-02-26 18:00:00,2026-02-27,2026-02-26 18:00:00,2026-02-27 00:00:00,1,0.0,24.0,0.7495005966282875,0.441727816199514,0.7994917432517299,0.9720740302301746,11.416666666666666,2.0053939608644487,1.7,
t2,rolling,2026-02-26,2026-02-26 18:00:00,2026-02-27,2026-02-26 19:00:00,2026-02-27 01:00:00,1,1.0,24.0,0.7293888236171466,0.4419693329086013,0.7504634518064836,0.9515090669985427,10.842592592592593,1.9453040427989758,1.5,
t2,rolling,2026-02-26,2026-02-26 18:00:00,2026-02-27,2026-02-26 20:00:00,2026-02-27 02:00:00,1,2.0,24.0,0.6716448552759092,0.42942901228226193,0.6728097679994008,0.94414645465669,10.305555555555555,1.6218511752216678,1.2000000000000002,
t2,rolling,2026-02-26,2026-02-26 18:00:00,2026-02-27,2026-02-26 21:00:00,2026-02-27 03:00:00,1,3.0,24.0,0.5886106117075611,0.33007917788318675,0.632610540772552,0.917428012765191,9.342592592592593,0.7501714481677433,0.8333333333333334,
t2,rolling,2026-02-26,2026-02-26 18:00:00,2026-02-27,2026-02-26 22:00:00,2026-02-27 04:00:00,1,4.0,24.0,0.5506254242351202,0.20155639839652068,0.5435946010359024,0.9295675617341542,9.287037037037038,1.1507959313971206,0.6,
t2,rolling,2026-02-26,2026-02-26 18:00:00,2026-02-27,2026-02-26 23:00:00,2026-02-27 05:00:00,1,5.0,24.0,0.497258442447253,0.12906326822079897,0.5274874144610798,0.8990601516905506,8.879629629629632,1.2565671113592767,0.4000000000000001,
t2,rolling,2026-02-26,2026-02-26 18:00:00,2026-02-27,2026-02-27 00:00:00,2026-02-27 06:00:00,1,6.0,24.0,0.38613156588663794,0.06546370367156196,0.4369881482371251,0.8338972184750397,7.879629629629631,1.2216960146711517,0.5,
t2,rolling,2026-02-26,2026-02-26 18:00:00,2026-02-27,2026-02-27 01:00:00,2026-02-27 07:00:00,1,7.0,24.0,0.3804605892523905,0.05379246127382629,0.40803999947464553,0.7935677811561892,7.453703703703705,0.7980170898672317,0.13333333333333333,
t2,rolling,2026-02-26,2026-02-26 18:00:00,2026-02-27,2026-02-27 02:00:00,2026-02-27 08:00:00,1,8.0,24.0,0.3755414459083151,0.0345327828142201,0.36912919705099817,0.7935043922371032,7.018518518518519,0.47898211690287285,0.2333333333333333,
t2,rolling,2026-02-26,2026-02-26 18:00:00,2026-02-27,2026-02-27 03:00:00,2026-02-27 09:00:00,1,9.0,24.0,0.3191420591438242,0.03162234548384594,0.29268985655135077,0.7614317531331741,6.814814814814814,0.610058015186264,0.5333333333333333,
t2,rolling,2026-02-26,2026-02-26 18:00:00,2026-02-27,2026-02-27 04:00:00,2026-02-27 10:00:00,1,10.0,24.0,0.23048562219191954,0.024983786619371676,0.23024499081178842,0.6730387999456037,6.666666666666667,0.20971762320196546,0.8333333333333334,
t2,rolling,2026-02-26,2026-02-26 18:00:00,2026-02-27,2026-02-27 05:00:00,2026-02-27 11:00:00,1,11.0,24.0,0.22370771860499067,0.02315349531490133,0.1890339900593823,0.6433852923817578,6.342592592592593,0.7455285086444692,1.4333333333333333,
t2,rolling,2026-02-26,2026-02-26 18:00:00,2026-02-27,2026-02-27 06:00:00,2026-02-27 12:00:00,1,12.0,24.0,0.24837292730033214,0.024493315635139144,0.2131198211455116,0.6654948775102724,6.0740740740740735,0.9036676525899598,2.1333333333333333,
t2,rolling,2026-02-26,2026-02-26 18:00:00,2026-02-27,2026-02-27 07:00:00,2026-02-27 13:00:00,1,13.0,24.0,0.32168031334155556,0.03464816547468039,0.356381129977857,0.745193493156028,6.666666666666667,1.370151383904281,2.433333333333333,
t2,rolling,2026-02-26,2026-02-26 18:00:00,2026-02-27,2026-02-27 08:00:00,2026-02-27 14:00:00,1,14.0,24.0,0.4180373498321628,0.0411503358810925,0.4202963547441729,0.8811812273853389,7.685185185185186,1.6066349056847395,2.5,
t2,rolling,2026-02-26,2026-02-26 18:00:00,2026-02-27,2026-02-27 09:00:00,2026-02-27 15:00:00,1,15.0,24.0,0.5307029583493075,0.1289826344298808,0.5389912145019746,0.940958939494023,8.722222222222223,1.7653646494928503,2.1,
t2,rolling,2026-02-26,2026-02-26 18:00:00,2026-02-27,2026-02-27 10:00:00,2026-02-27 16:00:00,1,16.0,24.0,0.6987384506268198,0.27649079221292205,0.727513253723432,0.9609385183168463,9.898148148148149,1.748309000760425,1.3,
t2,rolling,2026-02-26,2026-02-26 18:00:00,2026-02-27,2026-02-27 11:00:00,2026-02-27 17:00:00,1,17.0,24.0,0.7870182771055889,0.43033467342286497,0.8403947432324255,0.9735687850493896,10.898148148148147,1.4985418152378875,0.06666666666666665,
t2,rolling,2026-02-26,2026-02-26 18:00:00,2026-02-27,2026-02-27 12:00:00,2026-02-27 18:00:00,1,18.0,24.0,0.7866615221340285,0.4534252601031161,0.8412973648555889,0.9747356035513982,11.046296296296298,2.4610128732170247,-0.3666666666666667,
t2,rolling,2026-02-26,2026-02-26 18:00:00,2026-02-27,2026-02-27 13:00:00,2026-02-27 19:00:00,1,19.0,24.0,0.8122532007747172,0.4695863152475902,0.8608315560200872,0.9754111333104435,11.157407407407407,2.415602149538695,-1.3666666666666665,
t2,rolling,2026-02-26,2026-02-26 18:00:00,2026-02-27,2026-02-27 14:00:00,2026-02-27 20:00:00,1,20.0,24.0,0.8161825087220996,0.48693602984914214,0.8586314512459824,0.975491988526398,11.194444444444445,2.430674600259295,-2.1666666666666665,
t2,rolling,2026-02-26,2026-02-26 18:00:00,2026-02-27,2026-02-27 15:00:00,2026-02-27 21:00:00,1,21.0,24.0,0.7908782527510251,0.499060469744021,0.8104591813182813,0.9690652374645737,10.981481481481483,2.2452510468485447,-2.9000000000000004,
t2,rolling,2026-02-26,2026-02-26 18:00:00,2026-02-27,2026-02-27 16:00:00,2026-02-27 22:00:00,1,22.0,24.0,0.7695317941923299,0.4893112236864359,0.7543930678622784,0.96329229107638,10.62962962962963,2.07541705858803,-3.466666666666667,
t2,rolling,2026-02-26,2026-02-26 18:00:00,2026-02-27,2026-02-27 17:00:00,2026-02-27 23:00:00,1,23.0,24.0,0.7305736927181,0.4254402771475147,0.7002346622074374,0.96261955829582,10.305555555555557,2.2102105927258457,-4.1,
t2,rolling,2026-02-26,2026-02-26 18:00:00,2026-02-27,2026-02-27 18:00:00,2026-02-28 00:00:00,2,24.0,48.0,0.6518453172665747,0.3491774324276069,0.6243033082798768,0.9510168339131903,9.75925925925926,2.6974973159481226,-4.733333333333333,
t2,rolling,2026-02-26,2026-02-26 18:00:00,2026-02-27,2026-02-27 19:00:00,2026-02-28 01:00:00,2,25.0,48.0,0.6919464563312057,0.27253230258436656,0.6259889531356969,0.9631920148679796,9.935185185185185,3.1389298587952252,-5.2,
t2,rolling,2026-02-26,2026-02-26 18:00:00,2026-02-27,2026-02-27 20:00:00,2026-02-28 02:00:00,2,26.0,48.0,0.739267068649156,0.3337992882963868,0.7312332194252569,0.9617837441972451,10.185185185185185,3.439549987313215,-5.666666666666667,
t2,rolling,2026-02-26,2026-02-26 18:00:00,2026-02-27,2026-02-27 21:00:00,2026-02-28 03:00:00,2,27.0,48.0,0.8034161849466203,0.34226845344049517,0.8189811609423745,0.9619666477598501,10.370370370370372,3.4401107743672577,-6.2,
t2,rolling,2026-02-26,2026-02-26 18:00:00,2026-02-27,2026-02-27 22:00:00,2026-02-28 04:00:00,2,28.0,48.0,0.810168980316221,0.3932380807282104,0.8517202976454895,0.9685901559482523,10.648148148148149,2.913402053035891,-6.733333333333333,
t2,rolling,2026-02-26,2026-02-26 18:00:00,2026-02-27,2026-02-27 23:00:00,2026-02-28 05:00:00,2,29.0,48.0,0.8322159693903701,0.4759201021062768,0.8707218921214267,0.9731870105079123,11.092592592592593,2.4422865054054563,-7.366666666666667,
t2,rolling,2026-02-26,2026-02-26 18:00:00,2026-02-27,2026-02-28 00:00:00,2026-02-28 06:00:00,2,30.0,48.0,0.8322548733973154,0.49162463083913455,0.8635807165957684,0.973412521190897,11.759259259259261,2.27647885276323,-7.866666666666667,
t2,rolling,2026-02-26,2026-02-26 18:00:00,2026-02-27,2026-02-28 01:00:00,2026-02-28 07:00:00,2,31.0,48.0,0.8180673509172088,0.5510663125683953,0.8530109733927266,0.9729611091935151,11.555555555555557,2.025493386014904,-8.133333333333333,
t2,rolling,2026-02-26,2026-02-26 18:00:00,2026-02-27,2026-02-28 02:00:00,2026-02-28 08:00:00,2,32.0,48.0,0.8183825467628947,0.5604008357421724,0.8527204698257128,0.9730453989071745,11.157407407407407,1.8954814149019463,-8.200000000000001,
t2,rolling,2026-02-26,2026-02-26 18:00:00,2026-02-27,2026-02-28 03:00:00,2026-02-28 09:00:00,2,33.0,48.0,0.8168203499391219,0.5528509259252264,0.851328708868837,0.9740038945470976,10.925925925925926,1.8262348547916742,-8.166666666666666,
t2,rolling,2026-02-26,2026-02-26 18:00:00,2026-02-27,2026-02-28 04:00:00,2026-02-28 10:00:00,2,34.0,48.0,0.7969769424901689,0.5491683775541583,0.8184668814765602,0.9719573757606711,10.64814814814815,1.486132744736965,-7.966666666666666,
t2,rolling,2026-02-26,2026-02-26 18:00:00,2026-02-27,2026-02-28 05:00:00,2026-02-28 11:00:00,2,35.0,48.0,0.8097310428512661,0.5574530532222322,0.8314183648610809,0.9700906576248859,10.731481481481483,1.2793870703271026,-7.666666666666667,
t2,rolling,2026-02-26,2026-02-26 18:00:00,2026-02-27,2026-02-28 06:00:00,2026-02-28 12:00:00,2,36.0,48.0,0.8430613319469199,0.5997429320769895,0.8732421747497078,0.9711527254860239,10.314814814814815,0.8608123735093686,-6.466666666666666,
t2,rolling,2026-02-26,2026-02-26 18:00:00,2026-02-27,2026-02-28 07:00:00,2026-02-28 13:00:00,2,37.0,48.0,0.8595429667387507,0.5485191176767134,0.8914726414807871,0.9681635538446018,10.620370370370372,0.6528270272989757,-6.266666666666667,
t2,rolling,2026-02-26,2026-02-26 18:00:00,2026-02-27,2026-02-28 08:00:00,2026-02-28 14:00:00,2,38.0,48.0,0.828443784728779,0.5156026616039541,0.8671395224384959,0.9617387192009222,10.805555555555557,0.8069910581296647,-6.133333333333333,
t2,rolling,2026-02-26,2026-02-26 18:00:00,2026-02-27,2026-02-28 09:00:00,2026-02-28 15:00:00,2,39.0,48.0,0.7708526333261962,0.4702052711854335,0.7947104647870364,0.9605882397677784,10.888888888888891,1.1097213530798995,-6.166666666666667,
t2,rolling,2026-02-26,2026-02-26 18:00:00,2026-02-27,2026-02-28 10:00:00,2026-02-28 16:00:00,2,40.0,48.0,0.7347003121354789,0.4485824510420953,0.7423236495554358,0.959317699538663,10.592592592592593,1.5189983433428058,-6.2,
t2,rolling,2026-02-26,2026-02-26 18:00:00,2026-02-27,2026-02-28 11:00:00,2026-02-28 17:00:00,2,41.0,48.0,0.7006353148079558,0.3796322086090189,0.6930923390014507,0.9527960010793887,10.157407407407407,1.8975157031290675,-6.333333333333333,
t2,rolling,2026-02-26,2026-02-26 18:00:00,2026-02-27,2026-02-28 12:00:00,2026-02-28 18:00:00,2,42.0,48.0,0.6697922865202495,0.2336521498918265,0.6294270204159579,0.9291181383246626,9.944444444444445,2.466441431158123,-6.866666666666667,
t2,rolling,2026-02-26,2026-02-26 18:00:00,2026-02-27,2026-02-28 13:00:00,2026-02-28 19:00:00,2,43.0,48.0,0.5526903574381696,0.14308012220622834,0.5547041560473973,0.9006539627403825,9.444444444444445,2.4584510329639446,-7.233333333333333,
t2,rolling,2026-02-26,2026-02-26 18:00:00,2026-02-27,2026-02-28 14:00:00,2026-02-28 20:00:00,2,44.0,48.0,0.43456560607403216,0.09739090612579697,0.4500423501874968,0.850262068940917,8.675925925925926,2.0796881690913276,-7.2,
t2,rolling,2026-02-26,2026-02-26 18:00:00,2026-02-27,2026-02-28 15:00:00,2026-02-28 21:00:00,2,45.0,48.0,0.297563413793849,0.05255366390362731,0.3023180639643713,0.7903661793383472,7.842592592592593,1.680115491817042,-7.366666666666666,
t2,rolling,2026-02-26,2026-02-26 18:00:00,2026-02-27,2026-02-28 16:00:00,2026-02-28 22:00:00,2,46.0,48.0,0.23703394369878905,0.03212638727392852,0.2318151237316995,0.7572926809326093,7.240740740740741,1.428689001628586,-7.633333333333333,
t2,rolling,2026-02-26,2026-02-26 18:00:00,2026-02-27,2026-02-28 17:00:00,2026-02-28 23:00:00,2,47.0,48.0,0.22823574380516892,0.019551714837319628,0.1995270184446787,0.6473415612637459,6.518518518518518,1.0323970270197302,-7.966666666666666,
t2,rolling,2026-02-27,2026-02-27 18:00:00,2026-02-28,2026-02-27 18:00:00,2026-02-28 00:00:00,1,0.0,24.0,0.6183783497203076,0.30302261714357176,0.5693984494715265,0.9602296420722414,9.435185185185185,2.2562213941508187,-3.8666666666666667,
t2,rolling,2026-02-27,2026-02-27 18:00:00,2026-02-28,2026-02-27 19:00:00,2026-02-28 01:00:00,1,1.0,24.0,0.6093218453553122,0.30904959564548723,0.5876931607468104,0.9569950224269677,9.472222222222221,2.3552214123590516,-4.266666666666667,
t2,rolling,2026-02-27,2026-02-27 18:00:00,2026-02-28,2026-02-27 20:00:00,2026-02-28 02:00:00,1,2.0,24.0,0.7329045770941714,0.3633523518250865,0.7416512540862118,0.9683095232306848,9.805555555555557,2.436856911051257,-4.7,
t2,rolling,2026-02-27,2026-02-27 18:00:00,2026-02-28,2026-02-27 21:00:00,2026-02-28 03:00:00,1,3.0,24.0,0.7743976472711517,0.418376692634555,0.8169676057062991,0.9730237346924034,10.425925925925926,2.424847795486496,-5.233333333333333,
t2,rolling,2026-02-27,2026-02-27 18:00:00,2026-02-28,2026-02-27 22:00:00,2026-02-28 04:00:00,1,4.0,24.0,0.8381758643405794,0.4985219396469669,0.8546523102765781,0.9735721161903838,10.694444444444445,2.18174949620655,-5.633333333333333,
t2,rolling,2026-02-27,2026-02-27 18:00:00,2026-02-28,2026-02-27 23:00:00,2026-02-28 05:00:00,1,5.0,24.0,0.8542627197185516,0.5693847101527247,0.8758137080476329,0.9738561694077338,10.879629629629632,2.1266484770304577,-5.866666666666667,
t2,rolling,2026-02-27,2026-02-27 18:00:00,2026-02-28,2026-02-28 00:00:00,2026-02-28 06:00:00,1,6.0,24.0,0.848984289282579,0.5793074123820289,0.892721044658422,0.9755017030554739,11.314814814814815,1.8860954289426057,-6.900000000000001,
t2,rolling,2026-02-27,2026-02-27 18:00:00,2026-02-28,2026-02-28 01:00:00,2026-02-28 07:00:00,1,7.0,24.0,0.8554062259760797,0.5879451389178676,0.9018692756240546,0.978500413828258,11.092592592592593,1.5139101255730982,-7.099999999999999,
t2,rolling,2026-02-27,2026-02-27 18:00:00,2026-02-28,2026-02-28 02:00:00,2026-02-28 08:00:00,1,8.0,24.0,0.8567034413617525,0.591147314311282,0.8929949149508991,0.9789201734190639,11.879629629629632,2.026508989155383,-7.566666666666667,
t2,rolling,2026-02-27,2026-02-27 18:00:00,2026-02-28,2026-02-28 03:00:00,2026-02-28 09:00:00,1,9.0,24.0,0.8640670696401458,0.6626573889716755,0.9075484130417565,0.9799790551613375,12.481481481481481,2.4384923325627006,-7.766666666666667,
t2,rolling,2026-02-27,2026-02-27 18:00:00,2026-02-28,2026-02-28 04:00:00,2026-02-28 10:00:00,1,10.0,24.0,0.8561479827187548,0.6418497226765418,0.9003920914784738,0.9802492809847224,12.666666666666666,2.5426910503987266,-7.866666666666667,
t2,rolling,2026-02-27,2026-02-27 18:00:00,2026-02-28,2026-02-28 05:00:00,2026-02-28 11:00:00,1,11.0,24.0,0.8672644289972211,0.6719749871083124,0.9064908026331128,0.9802532254153233,12.444444444444445,2.1523745142011688,-7.733333333333333,
t2,rolling,2026-02-27,2026-02-27 18:00:00,2026-02-28,2026-02-28 06:00:00,2026-02-28 12:00:00,1,12.0,24.0,0.8522142059756577,0.6152961249861607,0.902260938563563,0.9798429761011479,12.083333333333336,2.000578620003427,-6.866666666666667,
t2,rolling,2026-02-27,2026-02-27 18:00:00,2026-02-28,2026-02-28 07:00:00,2026-02-28 13:00:00,1,13.0,24.0,0.8513883041023598,0.6202360535752095,0.9014273080980959,0.9797276587054836,12.064814814814817,2.0976054346970936,-6.599999999999999,
t2,rolling,2026-02-27,2026-02-27 18:00:00,2026-02-28,2026-02-28 08:00:00,2026-02-28 14:00:00,1,14.0,24.0,0.8381042603992038,0.5884378406098756,0.8930826667995015,0.9791634623226835,12.175925925925926,2.7082027508880673,-6.366666666666667,
t2,rolling,2026-02-27,2026-02-27 18:00:00,2026-02-28,2026-02-28 09:00:00,2026-02-28 15:00:00,1,15.0,24.0,0.8420442842902607,0.5744726338754246,0.87870128583357,0.978942796699511,11.888888888888891,2.737485554389982,-6.433333333333333,
t2,rolling,2026-02-27,2026-02-27 18:00:00,2026-02-28,2026-02-28 10:00:00,2026-02-28 16:00:00,1,16.0,24.0,0.7864807858147017,0.5366113741380348,0.8236326774792511,0.977748515824526,11.648148148148147,2.639083813463603,-6.3999999999999995,
t2,rolling,2026-02-27,2026-02-27 18:00:00,2026-02-28,2026-02-28 11:00:00,2026-02-28 17:00:00,1,17.0,24.0,0.7753379066084728,0.5343492897478037,0.7872777119116088,0.9695646294046234,11.351851851851853,2.6141137188308057,-6.533333333333334,
t2,rolling,2026-02-27,2026-02-27 18:00:00,2026-02-28,2026-02-28 12:00:00,2026-02-28 18:00:00,1,18.0,24.0,0.7491285143256252,0.3644586339540922,0.7595720912070543,0.9656852887337879,10.212962962962964,2.2369879808209627,-6.466666666666666,
t2,rolling,2026-02-27,2026-02-27 18:00:00,2026-02-28,2026-02-28 13:00:00,2026-02-28 19:00:00,1,19.0,24.0,0.6848470374087658,0.2951639560827208,0.6660132257849929,0.9624140997282089,9.731481481481481,2.1113547617681765,-6.833333333333333,
t2,rolling,2026-02-27,2026-02-27 18:00:00,2026-02-28,2026-02-28 14:00:00,2026-02-28 20:00:00,1,20.0,24.0,0.6293805345471666,0.2168464164026846,0.5577358641073162,0.9374113720459474,9.074074074074074,1.9309718442728487,-6.833333333333333,
t2,rolling,2026-02-27,2026-02-27 18:00:00,2026-02-28,2026-02-28 15:00:00,2026-02-28 21:00:00,1,21.0,24.0,0.4337686858783562,0.06767166494571739,0.39448228648568695,0.8445946756080919,8.444444444444445,1.9657562236615702,-6.866666666666667,
t2,rolling,2026-02-27,2026-02-27 18:00:00,2026-02-28,2026-02-28 16:00:00,2026-02-28 22:00:00,1,22.0,24.0,0.2844707305442584,0.04943982926604954,0.2533584773343831,0.7672588835088061,7.981481481481481,2.1157356754943826,-6.8999999999999995,
t2,rolling,2026-02-27,2026-02-27 18:00:00,2026-02-28,2026-02-28 17:00:00,2026-02-28 23:00:00,1,23.0,24.0,0.19651869761384366,0.02068986494130978,0.17204264794808866,0.6725341055048009,7.4259259259259265,2.143093510381356,-7.233333333333334,
t2,rolling,2026-02-27,2026-02-27 18:00:00,2026-02-28,2026-02-28 18:00:00,2026-03-01 00:00:00,2,24.0,48.0,0.1407409630609612,0.0023273627476666963,0.10596193737947669,0.4861574510354387,6.351851851851852,1.8678016831484054,-8.866666666666667,
t2,rolling,2026-02-27,2026-02-27 18:00:00,2026-02-28,2026-02-28 19:00:00,2026-03-01 01:00:00,2,25.0,48.0,0.10968838503544658,0.005494216920785033,0.05048911243015024,0.3904779941771201,5.6759259259259265,2.294036373002494,-9.333333333333334,
t2,rolling,2026-02-27,2026-02-27 18:00:00,2026-02-28,2026-02-28 20:00:00,2026-03-01 02:00:00,2,26.0,48.0,0.11106174509655896,0.006167285310143743,0.046457002284359915,0.34703396444536017,5.185185185185185,2.5762048202191075,-9.566666666666666,
t2,rolling,2026-02-27,2026-02-27 18:00:00,2026-02-28,2026-02-28 21:00:00,2026-03-01 03:00:00,2,27.0,48.0,0.10517245732434208,0.0040623466144626185,0.060756981329942665,0.2983015440130138,4.888888888888889,3.113590282044901,-9.799999999999999,
t2,rolling,2026-02-27,2026-02-27 18:00:00,2026-02-28,2026-02-28 22:00:00,2026-03-01 04:00:00,2,28.0,48.0,0.10528680204605277,0.005585200218274218,0.04094461902978446,0.2674600393842953,4.703703703703704,3.0676947417900933,-9.9,
t2,rolling,2026-02-27,2026-02-27 18:00:00,2026-02-28,2026-02-28 23:00:00,2026-03-01 05:00:00,2,29.0,48.0,0.08796398772300756,0.006708062637271807,0.03795198717197962,0.27364084776859604,4.5,2.8203679385218474,-9.866666666666665,
t2,rolling,2026-02-27,2026-02-27 18:00:00,2026-02-28,2026-03-01 00:00:00,2026-03-01 06:00:00,2,30.0,48.0,0.09693127303949675,0.0060174753965200264,0.0427391085096941,0.25207336016177156,5.083333333333333,3.467552415333677,-8.766666666666667,
t2,rolling,2026-02-27,2026-02-27 18:00:00,2026-02-28,2026-03-01 01:00:00,2026-03-01 07:00:00,2,31.0,48.0,0.07927299541263354,0.0061204963028125255,0.031040316867820605,0.2548932960927332,4.638888888888888,3.3333333333333335,-8.633333333333333,
t2,rolling,2026-02-27,2026-02-27 18:00:00,2026-02-28,2026-03-01 02:00:00,2026-03-01 08:00:00,2,32.0,48.0,0.07243016274376937,0.006753868599492046,0.02875993685461684,0.21547622408195252,4.083333333333334,3.1381513391104154,-8.466666666666667,
t2,rolling,2026-02-27,2026-02-27 18:00:00,2026-02-28,2026-03-01 03:00:00,2026-03-01 09:00:00,2,33.0,48.0,0.06867781796563413,0.006638583346260599,0.028815690241941593,0.2129720334465126,3.8796296296296298,2.8981333569614267,-7.766666666666667,
t2,rolling,2026-02-27,2026-02-27 18:00:00,2026-02-28,2026-03-01 04:00:00,2026-03-01 10:00:00,2,34.0,48.0,0.06565733830754736,0.006454341842483684,0.026900904416215288,0.19025838558114455,3.657407407407408,2.9410794888392227,-6.933333333333334,
t2,rolling,2026-02-27,2026-02-27 18:00:00,2026-02-28,2026-03-01 05:00:00,2026-03-01 11:00:00,2,35.0,48.0,0.0652828231906449,0.006057391925971232,0.023672270157010095,0.18833366346070357,3.5462962962962963,2.541982878528593,-5.866666666666667,
t2,rolling,2026-02-27,2026-02-27 18:00:00,2026-02-28,2026-03-01 06:00:00,2026-03-01 12:00:00,2,36.0,48.0,0.07323331058365472,0.005912119697882909,0.031174856781724887,0.19414588282095202,3.5462962962962963,1.2547235853845118,-4.7,
t2,rolling,2026-02-27,2026-02-27 18:00:00,2026-02-28,2026-03-01 07:00:00,2026-03-01 13:00:00,2,37.0,48.0,0.07563343283563038,0.008757231238678201,0.03185930274750374,0.1943462399018954,3.592592592592593,1.4762349228104255,-3.9,
t2,rolling,2026-02-27,2026-02-27 18:00:00,2026-02-28,2026-03-01 08:00:00,2026-03-01 14:00:00,2,38.0,48.0,0.07395218328662968,0.008538083203774922,0.03399941422553004,0.19368819010427044,3.6296296296296298,1.4995712693198506,-3.1666666666666665,
t2,rolling,2026-02-27,2026-02-27 18:00:00,2026-02-28,2026-03-01 09:00:00,2026-03-01 15:00:00,2,39.0,48.0,0.07243164271309341,0.008651750882163484,0.03480884093254257,0.19368819010427044,3.675925925925926,1.5116148397883349,-2.7000000000000006,
t2,rolling,2026-02-27,2026-02-27 18:00:00,2026-02-28,2026-03-01 10:00:00,2026-03-01 16:00:00,2,40.0,48.0,0.07508429656945896,0.00833643662501889,0.03410215301304322,0.20379176679482067,3.7314814814814814,1.6632681399431046,-2.6,
t2,rolling,2026-02-27,2026-02-27 18:00:00,2026-02-28,2026-03-01 11:00:00,2026-03-01 17:00:00,2,41.0,48.0,0.07418933615998254,0.007768582332598937,0.030089622396224657,0.19390318520688649,3.6203703703703702,1.4806710746400502,-3.0666666666666664,
t2,rolling,2026-02-27,2026-02-27 18:00:00,2026-02-28,2026-03-01 12:00:00,2026-03-01 18:00:00,2,42.0,48.0,0.058622491938053765,0.007429084162498651,0.018283415638821972,0.16979044293220016,3.1018518518518516,0.965985285610739,-4.2,
t2,rolling,2026-02-27,2026-02-27 18:00:00,2026-02-28,2026-03-01 13:00:00,2026-03-01 19:00:00,2,43.0,48.0,0.07113428070297766,0.005914549691294275,0.018536445040310597,0.18055924566829973,2.0092592592592595,1.0279028952872533,-5.733333333333333,
t2,rolling,2026-02-27,2026-02-27 18:00:00,2026-02-28,2026-03-01 14:00:00,2026-03-01 20:00:00,2,44.0,48.0,0.14308891392830453,0.009199085814341906,0.03997530127389027,0.27888766925984215,1.8148148148148149,0.8109652329499076,-6.5,
t2,rolling,2026-02-27,2026-02-27 18:00:00,2026-02-28,2026-03-01 15:00:00,2026-03-01 21:00:00,2,45.0,48.0,0.2353963787554462,0.01723551353379237,0.12930668680388033,0.5100366062853945,3.453703703703704,1.7323477729902743,-6.6000000000000005,
t2,rolling,2026-02-27,2026-02-27 18:00:00,2026-02-28,2026-03-01 16:00:00,2026-03-01 22:00:00,2,46.0,48.0,0.3777908193484382,0.04471044249002135,0.28334725018284773,0.7920540307753345,5.7407407407407405,2.0529888880570186,-6.366666666666667,
t2,rolling,2026-02-27,2026-02-27 18:00:00,2026-02-28,2026-03-01 17:00:00,2026-03-01 23:00:00,2,47.0,48.0,0.5195206663825416,0.1223288681933483,0.45564661074426577,0.9363496535364847,8.981481481481483,1.70925524657448,-5.566666666666666,
